# Args: ["/opt/benchmarker/benchmark", "-a", "34.51.190.70", "-c", "etc", "-r", "100000", "-t", "32", "-o", "acdis_one_node"]
thread,cmd,latency,count
0,SET,130,1
0,SET,142,1
0,SET,159,1
0,SET,179,1
0,SET,181,1
0,SET,187,1
0,SET,190,1
0,SET,210,2
0,SET,214,1
0,SET,216,1
0,SET,217,1
0,SET,219,3
0,SET,221,1
0,SET,222,1
0,SET,225,2
0,SET,230,1
0,SET,235,1
0,SET,236,1
0,SET,238,2
0,SET,243,1
0,SET,244,1
0,SET,245,1
0,SET,250,1
0,SET,251,1
0,SET,252,1
0,SET,253,1
0,SET,257,1
0,SET,261,2
0,SET,265,3
0,SET,267,1
0,SET,269,1
0,SET,273,4
0,SET,279,1
0,SET,283,3
0,SET,289,1
0,SET,291,1
0,SET,293,2
0,SET,295,1
0,SET,299,1
0,SET,301,1
0,SET,305,2
0,SET,309,2
0,SET,311,1
0,SET,313,1
0,SET,315,1
0,SET,317,1
0,SET,319,1
0,SET,321,2
0,SET,323,1
0,SET,331,1
0,SET,333,3
0,SET,335,1
0,SET,337,1
0,SET,341,2
0,SET,343,1
0,SET,345,2
0,SET,349,3
0,SET,353,2
0,SET,355,1
0,SET,357,1
0,SET,359,3
0,SET,361,1
0,SET,367,2
0,SET,369,1
0,SET,371,3
0,SET,373,1
0,SET,377,1
0,SET,381,1
0,SET,385,1
0,SET,391,2
0,SET,395,1
0,SET,401,1
0,SET,407,1
0,SET,409,1
0,SET,415,4
0,SET,417,1
0,SET,419,1
0,SET,425,2
0,SET,439,1
0,SET,443,3
0,SET,447,2
0,SET,449,1
0,SET,451,2
0,SET,457,1
0,SET,463,1
0,SET,467,1
0,SET,473,2
0,SET,475,2
0,SET,477,1
0,SET,479,2
0,SET,481,3
0,SET,485,2
0,SET,487,1
0,SET,489,1
0,SET,491,1
0,SET,495,1
0,SET,499,1
0,SET,501,3
0,SET,507,1
0,SET,511,1
0,SET,515,1
0,SET,519,3
0,SET,531,2
0,SET,535,1
0,SET,547,1
0,SET,551,1
0,SET,559,1
0,SET,563,2
0,SET,567,1
0,SET,571,1
0,SET,595,1
0,SET,599,2
0,SET,615,1
0,SET,623,1
0,SET,627,1
0,SET,651,1
0,SET,663,1
0,SET,671,1
0,SET,695,1
0,DEL,107,1
0,DEL,108,1
0,DEL,112,1
0,DEL,119,2
0,DEL,120,1
0,DEL,122,1
0,DEL,127,1
0,DEL,128,2
0,DEL,130,2
0,DEL,133,1
0,DEL,134,1
0,DEL,138,2
0,DEL,139,1
0,DEL,141,2
0,DEL,144,2
0,DEL,152,1
0,DEL,153,1
0,DEL,154,1
0,DEL,155,2
0,DEL,160,1
0,DEL,167,2
0,DEL,168,2
0,DEL,170,1
0,DEL,176,2
0,DEL,177,1
0,DEL,178,1
0,DEL,179,2
0,DEL,186,1
0,DEL,187,1
0,DEL,190,1
0,DEL,191,1
0,DEL,193,1
0,DEL,194,2
0,DEL,196,2
0,DEL,198,1
0,DEL,199,1
0,DEL,200,1
0,DEL,202,2
0,DEL,203,1
0,DEL,204,3
0,DEL,207,1
0,DEL,208,1
0,DEL,209,1
0,DEL,211,3
0,DEL,213,1
0,DEL,214,1
0,DEL,216,2
0,DEL,219,1
0,DEL,220,1
0,DEL,221,1
0,DEL,222,3
0,DEL,223,1
0,DEL,224,1
0,DEL,227,1
0,DEL,228,1
0,DEL,231,1
0,DEL,232,3
0,DEL,233,1
0,DEL,234,2
0,DEL,235,1
0,DEL,236,3
0,DEL,238,1
0,DEL,239,2
0,DEL,240,1
0,DEL,241,2
0,DEL,242,1
0,DEL,243,2
0,DEL,244,1
0,DEL,245,2
0,DEL,248,5
0,DEL,249,1
0,DEL,250,1
0,DEL,254,1
0,DEL,257,4
0,DEL,259,6
0,DEL,261,8
0,DEL,263,7
0,DEL,265,6
0,DEL,267,5
0,DEL,269,6
0,DEL,271,5
0,DEL,275,3
0,DEL,277,4
0,DEL,279,3
0,DEL,281,6
0,DEL,283,4
0,DEL,285,5
0,DEL,287,3
0,DEL,289,3
0,DEL,291,4
0,DEL,293,8
0,DEL,295,7
0,DEL,297,4
0,DEL,299,7
0,DEL,301,4
0,DEL,303,3
0,DEL,305,1
0,DEL,307,4
0,DEL,309,5
0,DEL,311,1
0,DEL,313,11
0,DEL,315,3
0,DEL,317,1
0,DEL,321,5
0,DEL,323,8
0,DEL,325,3
0,DEL,327,7
0,DEL,329,5
0,DEL,331,4
0,DEL,333,7
0,DEL,335,4
0,DEL,337,5
0,DEL,339,6
0,DEL,341,9
0,DEL,343,3
0,DEL,345,5
0,DEL,347,6
0,DEL,349,7
0,DEL,353,3
0,DEL,355,4
0,DEL,357,4
0,DEL,359,10
0,DEL,361,4
0,DEL,363,1
0,DEL,365,9
0,DEL,367,6
0,DEL,369,10
0,DEL,371,2
0,DEL,373,3
0,DEL,375,3
0,DEL,377,4
0,DEL,379,6
0,DEL,381,4
0,DEL,383,1
0,DEL,385,8
0,DEL,387,6
0,DEL,389,2
0,DEL,391,3
0,DEL,393,5
0,DEL,395,3
0,DEL,397,10
0,DEL,399,5
0,DEL,401,3
0,DEL,403,4
0,DEL,405,6
0,DEL,407,3
0,DEL,409,2
0,DEL,411,3
0,DEL,413,3
0,DEL,415,6
0,DEL,417,3
0,DEL,419,3
0,DEL,421,6
0,DEL,423,5
0,DEL,425,7
0,DEL,427,3
0,DEL,429,6
0,DEL,431,9
0,DEL,433,5
0,DEL,435,3
0,DEL,437,9
0,DEL,439,2
0,DEL,441,2
0,DEL,443,5
0,DEL,445,4
0,DEL,447,5
0,DEL,449,7
0,DEL,451,3
0,DEL,453,2
0,DEL,455,7
0,DEL,457,5
0,DEL,459,6
0,DEL,461,2
0,DEL,463,5
0,DEL,465,4
0,DEL,467,2
0,DEL,469,4
0,DEL,471,3
0,DEL,473,4
0,DEL,475,4
0,DEL,477,4
0,DEL,479,4
0,DEL,481,7
0,DEL,483,5
0,DEL,485,3
0,DEL,487,2
0,DEL,489,5
0,DEL,491,7
0,DEL,493,3
0,DEL,495,3
0,DEL,497,2
0,DEL,499,7
0,DEL,501,1
0,DEL,503,1
0,DEL,505,3
0,DEL,507,1
0,DEL,509,3
0,DEL,511,1
0,DEL,515,4
0,DEL,519,6
0,DEL,523,5
0,DEL,527,6
0,DEL,531,8
0,DEL,535,1
0,DEL,543,4
0,DEL,547,5
0,DEL,555,5
0,DEL,559,4
0,DEL,563,4
0,DEL,567,3
0,DEL,571,3
0,DEL,575,3
0,DEL,579,3
0,DEL,583,2
0,DEL,587,3
0,DEL,591,3
0,DEL,595,1
0,DEL,599,2
0,DEL,603,2
0,DEL,615,1
0,DEL,623,2
0,DEL,627,2
0,DEL,635,1
0,DEL,639,3
0,DEL,647,2
0,DEL,655,1
0,DEL,659,3
0,DEL,663,2
0,DEL,671,2
0,DEL,687,1
0,DEL,723,1
0,DEL,727,2
0,DEL,735,1
0,DEL,747,1
0,DEL,883,1
0,DEL,899,1
0,DEL,1503,1
0,GET,101,1
0,GET,102,1
0,GET,103,1
0,GET,106,2
0,GET,108,1
0,GET,113,2
0,GET,116,1
0,GET,118,1
0,GET,119,2
0,GET,120,1
0,GET,121,1
0,GET,123,1
0,GET,125,1
0,GET,126,1
0,GET,127,3
0,GET,129,2
0,GET,131,1
0,GET,133,3
0,GET,135,2
0,GET,136,2
0,GET,138,1
0,GET,139,2
0,GET,141,2
0,GET,142,1
0,GET,144,1
0,GET,145,1
0,GET,146,3
0,GET,147,3
0,GET,148,1
0,GET,149,1
0,GET,150,3
0,GET,152,1
0,GET,153,1
0,GET,154,1
0,GET,155,1
0,GET,156,1
0,GET,158,2
0,GET,161,1
0,GET,164,1
0,GET,166,1
0,GET,167,5
0,GET,168,2
0,GET,170,2
0,GET,171,2
0,GET,172,1
0,GET,174,3
0,GET,175,2
0,GET,177,2
0,GET,179,2
0,GET,180,2
0,GET,181,4
0,GET,183,2
0,GET,184,3
0,GET,185,1
0,GET,189,2
0,GET,191,1
0,GET,192,2
0,GET,193,2
0,GET,194,4
0,GET,195,4
0,GET,196,1
0,GET,197,3
0,GET,198,4
0,GET,199,4
0,GET,200,1
0,GET,201,3
0,GET,202,2
0,GET,203,3
0,GET,204,4
0,GET,205,9
0,GET,206,4
0,GET,208,3
0,GET,209,2
0,GET,210,2
0,GET,211,5
0,GET,212,3
0,GET,213,3
0,GET,214,5
0,GET,215,2
0,GET,216,3
0,GET,217,2
0,GET,218,2
0,GET,219,3
0,GET,220,1
0,GET,221,1
0,GET,222,4
0,GET,223,4
0,GET,224,5
0,GET,225,7
0,GET,226,6
0,GET,228,1
0,GET,229,5
0,GET,230,4
0,GET,231,3
0,GET,232,6
0,GET,234,5
0,GET,235,5
0,GET,236,2
0,GET,237,1
0,GET,238,6
0,GET,239,3
0,GET,240,4
0,GET,241,8
0,GET,242,3
0,GET,243,3
0,GET,244,5
0,GET,245,5
0,GET,246,4
0,GET,247,5
0,GET,248,3
0,GET,249,2
0,GET,250,6
0,GET,251,6
0,GET,252,7
0,GET,253,2
0,GET,254,5
0,GET,255,8
0,GET,257,7
0,GET,259,6
0,GET,261,15
0,GET,263,11
0,GET,265,13
0,GET,267,10
0,GET,269,13
0,GET,271,10
0,GET,273,7
0,GET,275,10
0,GET,277,14
0,GET,279,10
0,GET,281,19
0,GET,283,10
0,GET,285,11
0,GET,287,14
0,GET,289,15
0,GET,291,12
0,GET,293,12
0,GET,295,8
0,GET,297,8
0,GET,299,10
0,GET,301,8
0,GET,303,17
0,GET,305,12
0,GET,307,16
0,GET,309,10
0,GET,311,13
0,GET,313,17
0,GET,315,14
0,GET,317,17
0,GET,319,13
0,GET,321,7
0,GET,323,13
0,GET,325,18
0,GET,327,18
0,GET,329,13
0,GET,331,14
0,GET,333,5
0,GET,335,18
0,GET,337,14
0,GET,339,10
0,GET,341,19
0,GET,343,9
0,GET,345,21
0,GET,347,16
0,GET,349,17
0,GET,351,11
0,GET,353,16
0,GET,355,18
0,GET,357,12
0,GET,359,22
0,GET,361,11
0,GET,363,15
0,GET,365,17
0,GET,367,9
0,GET,369,15
0,GET,371,8
0,GET,373,19
0,GET,375,9
0,GET,377,15
0,GET,379,13
0,GET,381,8
0,GET,383,14
0,GET,385,15
0,GET,387,22
0,GET,389,10
0,GET,391,11
0,GET,393,14
0,GET,395,14
0,GET,397,7
0,GET,399,13
0,GET,401,12
0,GET,403,14
0,GET,405,11
0,GET,407,16
0,GET,409,8
0,GET,411,10
0,GET,413,9
0,GET,415,14
0,GET,417,17
0,GET,419,15
0,GET,421,10
0,GET,423,11
0,GET,425,18
0,GET,427,12
0,GET,429,13
0,GET,431,13
0,GET,433,13
0,GET,435,14
0,GET,437,11
0,GET,439,14
0,GET,441,9
0,GET,443,10
0,GET,445,16
0,GET,447,7
0,GET,449,3
0,GET,451,9
0,GET,453,17
0,GET,455,10
0,GET,457,15
0,GET,459,9
0,GET,461,13
0,GET,463,14
0,GET,465,5
0,GET,467,15
0,GET,469,8
0,GET,471,8
0,GET,473,13
0,GET,475,14
0,GET,477,13
0,GET,479,6
0,GET,481,16
0,GET,483,14
0,GET,485,6
0,GET,487,6
0,GET,489,7
0,GET,491,3
0,GET,493,10
0,GET,495,16
0,GET,497,9
0,GET,499,5
0,GET,501,10
0,GET,503,6
0,GET,505,7
0,GET,507,8
0,GET,509,10
0,GET,511,5
0,GET,515,13
0,GET,519,10
0,GET,523,8
0,GET,527,11
0,GET,531,14
0,GET,535,13
0,GET,539,18
0,GET,543,13
0,GET,547,8
0,GET,551,11
0,GET,555,8
0,GET,559,6
0,GET,563,7
0,GET,567,9
0,GET,571,7
0,GET,575,11
0,GET,579,4
0,GET,583,4
0,GET,587,12
0,GET,591,6
0,GET,595,4
0,GET,599,6
0,GET,603,7
0,GET,607,7
0,GET,611,7
0,GET,615,4
0,GET,619,2
0,GET,623,7
0,GET,627,1
0,GET,631,3
0,GET,635,6
0,GET,639,4
0,GET,643,1
0,GET,647,4
0,GET,651,1
0,GET,655,2
0,GET,659,1
0,GET,663,3
0,GET,667,2
0,GET,671,3
0,GET,675,4
0,GET,679,3
0,GET,683,3
0,GET,687,3
0,GET,691,5
0,GET,695,4
0,GET,699,2
0,GET,703,3
0,GET,707,2
0,GET,723,1
0,GET,735,1
0,GET,763,1
0,GET,771,1
0,GET,791,1
0,GET,799,1
0,GET,803,2
0,GET,843,1
0,GET,923,1
0,GET,1003,1
0,GET,1007,1
0,GET,1191,1
0,GET,1335,1
1,GET,100,1
1,GET,103,1
1,GET,110,2
1,GET,111,1
1,GET,115,3
1,GET,120,2
1,GET,122,1
1,GET,123,2
1,GET,126,1
1,GET,127,1
1,GET,128,1
1,GET,130,1
1,GET,131,1
1,GET,132,2
1,GET,133,2
1,GET,134,1
1,GET,135,1
1,GET,139,1
1,GET,140,2
1,GET,141,2
1,GET,142,3
1,GET,143,2
1,GET,144,2
1,GET,145,4
1,GET,147,1
1,GET,148,3
1,GET,150,1
1,GET,151,1
1,GET,152,1
1,GET,154,1
1,GET,155,2
1,GET,156,1
1,GET,159,3
1,GET,164,2
1,GET,165,1
1,GET,166,1
1,GET,167,1
1,GET,168,1
1,GET,169,2
1,GET,170,1
1,GET,171,2
1,GET,173,2
1,GET,174,3
1,GET,175,1
1,GET,176,4
1,GET,177,2
1,GET,179,2
1,GET,180,2
1,GET,181,6
1,GET,182,1
1,GET,183,1
1,GET,184,1
1,GET,185,1
1,GET,186,5
1,GET,187,1
1,GET,188,3
1,GET,190,2
1,GET,191,1
1,GET,192,3
1,GET,193,1
1,GET,194,1
1,GET,195,3
1,GET,196,3
1,GET,197,4
1,GET,198,2
1,GET,199,1
1,GET,200,2
1,GET,201,6
1,GET,202,6
1,GET,203,1
1,GET,204,1
1,GET,205,1
1,GET,206,3
1,GET,207,1
1,GET,210,4
1,GET,212,3
1,GET,213,3
1,GET,214,2
1,GET,215,5
1,GET,216,1
1,GET,217,2
1,GET,218,2
1,GET,219,6
1,GET,220,4
1,GET,221,3
1,GET,222,2
1,GET,224,5
1,GET,225,4
1,GET,226,3
1,GET,227,6
1,GET,228,2
1,GET,229,2
1,GET,230,2
1,GET,231,4
1,GET,232,4
1,GET,233,8
1,GET,234,8
1,GET,235,5
1,GET,236,7
1,GET,237,7
1,GET,238,3
1,GET,239,5
1,GET,240,5
1,GET,241,3
1,GET,242,5
1,GET,243,7
1,GET,244,3
1,GET,245,1
1,GET,246,4
1,GET,247,4
1,GET,248,3
1,GET,249,3
1,GET,250,2
1,GET,251,1
1,GET,252,7
1,GET,253,6
1,GET,254,6
1,GET,255,2
1,GET,257,14
1,GET,259,8
1,GET,261,14
1,GET,263,9
1,GET,265,12
1,GET,267,8
1,GET,269,13
1,GET,271,11
1,GET,273,14
1,GET,275,13
1,GET,277,7
1,GET,279,16
1,GET,281,19
1,GET,283,20
1,GET,285,13
1,GET,287,16
1,GET,289,6
1,GET,291,11
1,GET,293,9
1,GET,295,9
1,GET,297,10
1,GET,299,12
1,GET,301,18
1,GET,303,23
1,GET,305,10
1,GET,307,16
1,GET,309,10
1,GET,311,18
1,GET,313,18
1,GET,315,23
1,GET,317,7
1,GET,319,13
1,GET,321,11
1,GET,323,15
1,GET,325,15
1,GET,327,12
1,GET,329,15
1,GET,331,16
1,GET,333,19
1,GET,335,17
1,GET,337,19
1,GET,339,11
1,GET,341,14
1,GET,343,16
1,GET,345,20
1,GET,347,16
1,GET,349,18
1,GET,351,5
1,GET,353,7
1,GET,355,10
1,GET,357,12
1,GET,359,20
1,GET,361,12
1,GET,363,11
1,GET,365,9
1,GET,367,14
1,GET,369,13
1,GET,371,9
1,GET,373,11
1,GET,375,12
1,GET,377,17
1,GET,379,11
1,GET,381,17
1,GET,383,11
1,GET,385,14
1,GET,387,12
1,GET,389,8
1,GET,391,16
1,GET,393,15
1,GET,395,18
1,GET,397,20
1,GET,399,7
1,GET,401,17
1,GET,403,19
1,GET,405,12
1,GET,407,10
1,GET,409,13
1,GET,411,10
1,GET,413,8
1,GET,415,15
1,GET,417,13
1,GET,419,10
1,GET,421,13
1,GET,423,9
1,GET,425,14
1,GET,427,12
1,GET,429,10
1,GET,431,11
1,GET,433,17
1,GET,435,16
1,GET,437,16
1,GET,439,12
1,GET,441,8
1,GET,443,9
1,GET,445,9
1,GET,447,13
1,GET,449,12
1,GET,451,19
1,GET,453,14
1,GET,455,7
1,GET,457,11
1,GET,459,8
1,GET,461,9
1,GET,463,11
1,GET,465,6
1,GET,467,12
1,GET,469,10
1,GET,471,11
1,GET,473,11
1,GET,475,10
1,GET,477,8
1,GET,479,12
1,GET,481,4
1,GET,483,5
1,GET,485,8
1,GET,487,12
1,GET,489,10
1,GET,491,7
1,GET,493,8
1,GET,495,15
1,GET,497,13
1,GET,499,9
1,GET,501,10
1,GET,503,5
1,GET,505,4
1,GET,507,7
1,GET,509,2
1,GET,511,7
1,GET,515,12
1,GET,519,11
1,GET,523,19
1,GET,527,6
1,GET,531,14
1,GET,535,14
1,GET,539,14
1,GET,543,5
1,GET,547,14
1,GET,551,9
1,GET,555,10
1,GET,559,4
1,GET,563,8
1,GET,567,3
1,GET,571,4
1,GET,575,9
1,GET,579,12
1,GET,583,6
1,GET,587,8
1,GET,591,5
1,GET,595,7
1,GET,599,2
1,GET,603,5
1,GET,607,6
1,GET,611,4
1,GET,615,5
1,GET,619,3
1,GET,623,3
1,GET,627,5
1,GET,631,6
1,GET,635,2
1,GET,639,5
1,GET,643,3
1,GET,647,4
1,GET,651,5
1,GET,655,3
1,GET,659,4
1,GET,663,5
1,GET,667,3
1,GET,671,4
1,GET,675,1
1,GET,683,2
1,GET,687,1
1,GET,691,3
1,GET,695,1
1,GET,699,2
1,GET,703,2
1,GET,707,1
1,GET,715,3
1,GET,719,1
1,GET,727,2
1,GET,731,1
1,GET,739,1
1,GET,747,1
1,GET,751,1
1,GET,763,1
1,GET,771,1
1,GET,775,1
1,GET,779,1
1,GET,783,1
1,GET,791,1
1,GET,795,1
1,GET,815,1
1,GET,819,1
1,GET,839,1
1,GET,867,1
1,GET,911,1
1,GET,927,1
1,GET,987,1
1,GET,995,1
1,GET,1567,1
1,DEL,102,1
1,DEL,108,1
1,DEL,112,1
1,DEL,113,1
1,DEL,114,1
1,DEL,115,2
1,DEL,117,1
1,DEL,123,1
1,DEL,130,1
1,DEL,132,1
1,DEL,133,1
1,DEL,138,1
1,DEL,141,1
1,DEL,145,1
1,DEL,148,1
1,DEL,151,2
1,DEL,159,1
1,DEL,160,1
1,DEL,163,1
1,DEL,165,1
1,DEL,167,2
1,DEL,171,1
1,DEL,172,2
1,DEL,175,1
1,DEL,177,1
1,DEL,179,1
1,DEL,180,1
1,DEL,183,1
1,DEL,184,1
1,DEL,187,1
1,DEL,189,2
1,DEL,191,3
1,DEL,192,1
1,DEL,193,1
1,DEL,194,1
1,DEL,195,1
1,DEL,197,1
1,DEL,199,1
1,DEL,200,2
1,DEL,203,3
1,DEL,204,1
1,DEL,206,2
1,DEL,209,1
1,DEL,211,2
1,DEL,212,2
1,DEL,213,3
1,DEL,215,1
1,DEL,217,2
1,DEL,219,1
1,DEL,220,1
1,DEL,221,3
1,DEL,224,1
1,DEL,225,3
1,DEL,228,1
1,DEL,229,1
1,DEL,230,3
1,DEL,231,1
1,DEL,233,3
1,DEL,236,2
1,DEL,237,1
1,DEL,238,3
1,DEL,239,3
1,DEL,240,2
1,DEL,241,2
1,DEL,243,1
1,DEL,244,1
1,DEL,245,1
1,DEL,246,1
1,DEL,248,2
1,DEL,249,2
1,DEL,250,1
1,DEL,252,2
1,DEL,253,1
1,DEL,254,3
1,DEL,255,2
1,DEL,257,3
1,DEL,259,4
1,DEL,261,8
1,DEL,263,1
1,DEL,265,4
1,DEL,267,4
1,DEL,269,5
1,DEL,271,8
1,DEL,273,6
1,DEL,275,2
1,DEL,277,3
1,DEL,279,7
1,DEL,281,5
1,DEL,283,3
1,DEL,285,4
1,DEL,287,4
1,DEL,289,4
1,DEL,291,5
1,DEL,293,4
1,DEL,295,9
1,DEL,297,7
1,DEL,299,4
1,DEL,301,3
1,DEL,303,5
1,DEL,305,6
1,DEL,307,8
1,DEL,309,7
1,DEL,311,3
1,DEL,313,5
1,DEL,315,2
1,DEL,317,7
1,DEL,319,7
1,DEL,321,1
1,DEL,323,4
1,DEL,325,4
1,DEL,327,5
1,DEL,329,2
1,DEL,331,5
1,DEL,333,4
1,DEL,335,5
1,DEL,337,7
1,DEL,339,8
1,DEL,341,7
1,DEL,343,2
1,DEL,345,8
1,DEL,347,4
1,DEL,349,8
1,DEL,351,11
1,DEL,353,6
1,DEL,355,6
1,DEL,357,9
1,DEL,359,3
1,DEL,361,5
1,DEL,363,2
1,DEL,365,2
1,DEL,367,4
1,DEL,369,7
1,DEL,371,2
1,DEL,373,2
1,DEL,375,6
1,DEL,377,4
1,DEL,379,4
1,DEL,381,7
1,DEL,383,9
1,DEL,385,7
1,DEL,387,6
1,DEL,389,4
1,DEL,391,6
1,DEL,393,7
1,DEL,395,4
1,DEL,397,4
1,DEL,399,2
1,DEL,401,1
1,DEL,403,5
1,DEL,405,6
1,DEL,407,3
1,DEL,409,3
1,DEL,411,6
1,DEL,413,3
1,DEL,415,5
1,DEL,417,11
1,DEL,419,5
1,DEL,421,6
1,DEL,423,3
1,DEL,425,7
1,DEL,427,6
1,DEL,429,3
1,DEL,431,5
1,DEL,433,6
1,DEL,435,5
1,DEL,437,4
1,DEL,439,3
1,DEL,441,4
1,DEL,443,5
1,DEL,445,7
1,DEL,447,6
1,DEL,449,2
1,DEL,451,5
1,DEL,453,3
1,DEL,455,7
1,DEL,457,2
1,DEL,459,1
1,DEL,461,2
1,DEL,463,6
1,DEL,465,1
1,DEL,467,2
1,DEL,469,2
1,DEL,471,4
1,DEL,473,3
1,DEL,475,3
1,DEL,477,3
1,DEL,479,3
1,DEL,481,2
1,DEL,483,6
1,DEL,485,4
1,DEL,487,5
1,DEL,489,3
1,DEL,491,2
1,DEL,495,2
1,DEL,497,2
1,DEL,499,2
1,DEL,501,1
1,DEL,503,3
1,DEL,505,3
1,DEL,507,3
1,DEL,509,1
1,DEL,511,4
1,DEL,515,2
1,DEL,519,6
1,DEL,523,7
1,DEL,527,6
1,DEL,531,5
1,DEL,535,6
1,DEL,539,2
1,DEL,543,2
1,DEL,547,4
1,DEL,551,3
1,DEL,555,4
1,DEL,559,6
1,DEL,563,3
1,DEL,567,2
1,DEL,571,3
1,DEL,575,3
1,DEL,579,6
1,DEL,587,6
1,DEL,591,2
1,DEL,595,3
1,DEL,599,1
1,DEL,603,3
1,DEL,607,1
1,DEL,611,2
1,DEL,619,2
1,DEL,623,1
1,DEL,627,1
1,DEL,635,4
1,DEL,639,2
1,DEL,651,1
1,DEL,655,2
1,DEL,659,1
1,DEL,675,2
1,DEL,683,1
1,DEL,687,2
1,DEL,695,2
1,DEL,699,1
1,DEL,703,1
1,DEL,715,1
1,DEL,719,1
1,DEL,751,1
1,DEL,779,1
1,DEL,995,1
1,SET,114,1
1,SET,132,1
1,SET,160,1
1,SET,177,1
1,SET,178,1
1,SET,191,1
1,SET,204,1
1,SET,207,1
1,SET,212,1
1,SET,215,1
1,SET,222,1
1,SET,229,1
1,SET,230,1
1,SET,233,1
1,SET,235,2
1,SET,243,2
1,SET,249,1
1,SET,250,1
1,SET,251,1
1,SET,257,1
1,SET,259,1
1,SET,261,1
1,SET,269,2
1,SET,273,1
1,SET,279,1
1,SET,281,1
1,SET,283,1
1,SET,285,2
1,SET,291,1
1,SET,293,1
1,SET,295,2
1,SET,297,1
1,SET,299,1
1,SET,301,1
1,SET,303,1
1,SET,307,1
1,SET,313,1
1,SET,315,1
1,SET,319,1
1,SET,321,1
1,SET,323,1
1,SET,325,1
1,SET,327,2
1,SET,335,1
1,SET,339,2
1,SET,341,2
1,SET,345,1
1,SET,347,1
1,SET,349,3
1,SET,351,2
1,SET,353,1
1,SET,355,3
1,SET,357,1
1,SET,363,1
1,SET,365,2
1,SET,371,1
1,SET,375,1
1,SET,385,2
1,SET,387,1
1,SET,389,1
1,SET,391,1
1,SET,395,2
1,SET,397,1
1,SET,399,1
1,SET,409,1
1,SET,413,3
1,SET,419,1
1,SET,423,1
1,SET,433,2
1,SET,435,2
1,SET,437,1
1,SET,439,1
1,SET,441,1
1,SET,443,3
1,SET,449,2
1,SET,451,1
1,SET,455,1
1,SET,461,1
1,SET,463,1
1,SET,467,2
1,SET,477,1
1,SET,481,2
1,SET,485,1
1,SET,487,2
1,SET,489,1
1,SET,491,4
1,SET,499,1
1,SET,503,1
1,SET,505,1
1,SET,509,1
1,SET,511,1
1,SET,515,1
1,SET,523,1
1,SET,527,2
1,SET,531,2
1,SET,539,1
1,SET,551,1
1,SET,559,1
1,SET,563,1
1,SET,571,1
1,SET,579,1
1,SET,583,1
1,SET,587,1
1,SET,603,1
1,SET,607,1
1,SET,623,2
1,SET,631,1
1,SET,647,1
1,SET,651,1
1,SET,703,1
1,SET,711,1
2,DEL,93,1
2,DEL,116,1
2,DEL,119,1
2,DEL,121,2
2,DEL,124,1
2,DEL,129,1
2,DEL,131,2
2,DEL,136,1
2,DEL,144,1
2,DEL,146,2
2,DEL,147,1
2,DEL,148,1
2,DEL,149,1
2,DEL,150,1
2,DEL,155,1
2,DEL,157,1
2,DEL,160,1
2,DEL,161,1
2,DEL,162,2
2,DEL,163,1
2,DEL,172,1
2,DEL,174,1
2,DEL,177,1
2,DEL,178,2
2,DEL,179,1
2,DEL,182,1
2,DEL,185,1
2,DEL,188,2
2,DEL,190,3
2,DEL,191,1
2,DEL,192,1
2,DEL,194,1
2,DEL,196,2
2,DEL,198,1
2,DEL,199,1
2,DEL,200,2
2,DEL,201,2
2,DEL,202,1
2,DEL,203,1
2,DEL,206,1
2,DEL,207,1
2,DEL,208,1
2,DEL,210,1
2,DEL,211,2
2,DEL,212,1
2,DEL,213,3
2,DEL,215,3
2,DEL,216,2
2,DEL,218,1
2,DEL,219,2
2,DEL,220,1
2,DEL,222,2
2,DEL,223,2
2,DEL,224,2
2,DEL,225,2
2,DEL,226,2
2,DEL,227,1
2,DEL,229,2
2,DEL,230,1
2,DEL,231,1
2,DEL,232,5
2,DEL,233,2
2,DEL,234,2
2,DEL,235,1
2,DEL,237,1
2,DEL,238,5
2,DEL,239,1
2,DEL,242,3
2,DEL,243,5
2,DEL,244,1
2,DEL,246,1
2,DEL,247,2
2,DEL,249,1
2,DEL,250,1
2,DEL,251,3
2,DEL,252,1
2,DEL,253,3
2,DEL,254,1
2,DEL,257,6
2,DEL,259,4
2,DEL,261,3
2,DEL,263,5
2,DEL,265,2
2,DEL,267,3
2,DEL,269,6
2,DEL,271,5
2,DEL,273,2
2,DEL,275,6
2,DEL,277,3
2,DEL,279,8
2,DEL,281,8
2,DEL,283,4
2,DEL,285,4
2,DEL,287,6
2,DEL,289,2
2,DEL,291,4
2,DEL,293,2
2,DEL,295,4
2,DEL,297,6
2,DEL,299,6
2,DEL,301,1
2,DEL,303,8
2,DEL,305,8
2,DEL,307,4
2,DEL,309,7
2,DEL,311,4
2,DEL,313,9
2,DEL,315,6
2,DEL,317,4
2,DEL,319,3
2,DEL,321,5
2,DEL,323,5
2,DEL,325,4
2,DEL,327,4
2,DEL,329,5
2,DEL,331,7
2,DEL,333,4
2,DEL,335,4
2,DEL,337,3
2,DEL,339,7
2,DEL,341,2
2,DEL,343,4
2,DEL,345,1
2,DEL,347,5
2,DEL,349,5
2,DEL,351,6
2,DEL,353,5
2,DEL,355,6
2,DEL,357,5
2,DEL,359,6
2,DEL,361,7
2,DEL,363,8
2,DEL,365,5
2,DEL,367,4
2,DEL,369,5
2,DEL,371,6
2,DEL,373,5
2,DEL,375,4
2,DEL,379,7
2,DEL,381,7
2,DEL,383,5
2,DEL,385,6
2,DEL,387,5
2,DEL,389,4
2,DEL,391,1
2,DEL,393,1
2,DEL,395,10
2,DEL,397,2
2,DEL,399,3
2,DEL,401,6
2,DEL,403,5
2,DEL,405,6
2,DEL,407,9
2,DEL,409,4
2,DEL,411,6
2,DEL,413,4
2,DEL,415,4
2,DEL,417,8
2,DEL,419,5
2,DEL,421,5
2,DEL,423,8
2,DEL,425,2
2,DEL,427,2
2,DEL,429,2
2,DEL,431,11
2,DEL,433,3
2,DEL,435,6
2,DEL,437,3
2,DEL,439,5
2,DEL,441,4
2,DEL,443,1
2,DEL,447,3
2,DEL,449,2
2,DEL,451,5
2,DEL,453,2
2,DEL,455,4
2,DEL,457,4
2,DEL,459,6
2,DEL,461,2
2,DEL,463,5
2,DEL,465,3
2,DEL,467,6
2,DEL,469,1
2,DEL,471,2
2,DEL,473,6
2,DEL,475,3
2,DEL,477,4
2,DEL,479,5
2,DEL,481,4
2,DEL,485,3
2,DEL,487,6
2,DEL,489,4
2,DEL,491,5
2,DEL,493,6
2,DEL,495,1
2,DEL,497,2
2,DEL,499,3
2,DEL,501,2
2,DEL,503,4
2,DEL,505,3
2,DEL,507,4
2,DEL,509,2
2,DEL,511,1
2,DEL,515,3
2,DEL,519,1
2,DEL,523,7
2,DEL,527,6
2,DEL,531,5
2,DEL,535,2
2,DEL,539,4
2,DEL,543,3
2,DEL,547,1
2,DEL,551,2
2,DEL,555,1
2,DEL,559,4
2,DEL,563,6
2,DEL,567,2
2,DEL,571,2
2,DEL,575,3
2,DEL,579,2
2,DEL,583,1
2,DEL,587,2
2,DEL,591,2
2,DEL,599,1
2,DEL,603,2
2,DEL,607,2
2,DEL,611,2
2,DEL,615,1
2,DEL,619,1
2,DEL,623,1
2,DEL,627,1
2,DEL,631,1
2,DEL,635,1
2,DEL,639,1
2,DEL,643,1
2,DEL,647,2
2,DEL,651,1
2,DEL,655,1
2,DEL,659,1
2,DEL,663,2
2,DEL,671,2
2,DEL,675,1
2,DEL,679,1
2,DEL,683,1
2,DEL,691,1
2,DEL,695,1
2,DEL,719,1
2,DEL,735,1
2,DEL,739,1
2,DEL,751,2
2,DEL,763,2
2,DEL,783,1
2,DEL,939,1
2,SET,138,1
2,SET,150,1
2,SET,156,1
2,SET,158,1
2,SET,168,2
2,SET,184,1
2,SET,187,1
2,SET,188,1
2,SET,190,1
2,SET,202,1
2,SET,203,2
2,SET,213,1
2,SET,214,1
2,SET,215,1
2,SET,228,1
2,SET,231,1
2,SET,236,1
2,SET,247,1
2,SET,255,1
2,SET,257,1
2,SET,259,2
2,SET,263,3
2,SET,265,1
2,SET,271,1
2,SET,275,1
2,SET,277,4
2,SET,279,1
2,SET,283,2
2,SET,285,1
2,SET,289,1
2,SET,291,3
2,SET,293,1
2,SET,297,2
2,SET,303,2
2,SET,305,1
2,SET,309,1
2,SET,311,2
2,SET,313,3
2,SET,317,1
2,SET,323,1
2,SET,327,1
2,SET,329,3
2,SET,333,1
2,SET,335,3
2,SET,337,1
2,SET,341,1
2,SET,343,1
2,SET,347,2
2,SET,349,2
2,SET,351,1
2,SET,355,2
2,SET,359,2
2,SET,361,1
2,SET,365,3
2,SET,367,1
2,SET,369,1
2,SET,371,1
2,SET,379,2
2,SET,381,1
2,SET,389,1
2,SET,391,2
2,SET,395,2
2,SET,401,4
2,SET,403,1
2,SET,405,1
2,SET,407,1
2,SET,409,2
2,SET,417,1
2,SET,419,1
2,SET,425,1
2,SET,429,1
2,SET,431,2
2,SET,433,1
2,SET,435,1
2,SET,437,1
2,SET,445,1
2,SET,447,1
2,SET,449,2
2,SET,451,1
2,SET,453,1
2,SET,455,2
2,SET,457,1
2,SET,459,1
2,SET,461,1
2,SET,463,2
2,SET,465,1
2,SET,467,2
2,SET,469,3
2,SET,471,1
2,SET,477,2
2,SET,491,1
2,SET,495,2
2,SET,501,1
2,SET,503,1
2,SET,509,2
2,SET,515,1
2,SET,519,2
2,SET,523,1
2,SET,527,1
2,SET,531,1
2,SET,535,3
2,SET,539,2
2,SET,543,2
2,SET,547,1
2,SET,555,1
2,SET,559,1
2,SET,563,1
2,SET,571,1
2,SET,575,1
2,SET,579,2
2,SET,591,1
2,SET,603,1
2,SET,623,1
2,SET,627,2
2,SET,639,1
2,SET,643,1
2,SET,683,1
2,SET,723,1
2,SET,731,1
2,SET,775,1
2,SET,1447,1
2,GET,115,1
2,GET,116,1
2,GET,117,2
2,GET,118,1
2,GET,123,1
2,GET,125,1
2,GET,127,1
2,GET,129,1
2,GET,130,1
2,GET,131,1
2,GET,133,1
2,GET,134,1
2,GET,136,1
2,GET,138,1
2,GET,139,2
2,GET,141,1
2,GET,142,2
2,GET,143,1
2,GET,146,1
2,GET,147,1
2,GET,148,1
2,GET,149,1
2,GET,150,1
2,GET,151,1
2,GET,154,1
2,GET,155,2
2,GET,156,1
2,GET,157,3
2,GET,158,1
2,GET,159,5
2,GET,160,3
2,GET,162,2
2,GET,164,2
2,GET,165,1
2,GET,167,1
2,GET,169,1
2,GET,170,1
2,GET,175,1
2,GET,176,3
2,GET,177,2
2,GET,178,3
2,GET,180,3
2,GET,182,1
2,GET,183,1
2,GET,184,5
2,GET,185,3
2,GET,186,4
2,GET,188,2
2,GET,189,2
2,GET,190,1
2,GET,191,2
2,GET,192,2
2,GET,193,1
2,GET,194,1
2,GET,195,2
2,GET,196,2
2,GET,197,2
2,GET,198,3
2,GET,200,1
2,GET,201,3
2,GET,202,1
2,GET,203,8
2,GET,204,2
2,GET,205,4
2,GET,206,4
2,GET,207,1
2,GET,208,2
2,GET,209,2
2,GET,210,2
2,GET,211,8
2,GET,212,3
2,GET,213,1
2,GET,214,2
2,GET,215,1
2,GET,216,3
2,GET,217,3
2,GET,218,4
2,GET,219,4
2,GET,220,4
2,GET,221,2
2,GET,222,6
2,GET,223,3
2,GET,224,3
2,GET,226,4
2,GET,227,2
2,GET,228,1
2,GET,229,2
2,GET,230,4
2,GET,231,7
2,GET,232,6
2,GET,233,7
2,GET,234,9
2,GET,235,7
2,GET,236,2
2,GET,237,6
2,GET,238,3
2,GET,239,4
2,GET,240,6
2,GET,241,5
2,GET,242,3
2,GET,243,5
2,GET,244,7
2,GET,245,4
2,GET,246,6
2,GET,247,5
2,GET,248,5
2,GET,249,3
2,GET,250,4
2,GET,251,6
2,GET,252,4
2,GET,253,3
2,GET,254,4
2,GET,255,7
2,GET,257,10
2,GET,259,10
2,GET,261,18
2,GET,263,8
2,GET,265,11
2,GET,267,14
2,GET,269,10
2,GET,271,12
2,GET,273,12
2,GET,275,14
2,GET,277,10
2,GET,279,8
2,GET,281,15
2,GET,283,8
2,GET,285,12
2,GET,287,15
2,GET,289,14
2,GET,291,17
2,GET,293,14
2,GET,295,11
2,GET,297,13
2,GET,299,13
2,GET,301,14
2,GET,303,12
2,GET,305,15
2,GET,307,13
2,GET,309,14
2,GET,311,16
2,GET,313,19
2,GET,315,14
2,GET,317,18
2,GET,319,21
2,GET,321,14
2,GET,323,8
2,GET,325,17
2,GET,327,15
2,GET,329,13
2,GET,331,10
2,GET,333,14
2,GET,335,18
2,GET,337,14
2,GET,339,20
2,GET,341,14
2,GET,343,14
2,GET,345,18
2,GET,347,11
2,GET,349,10
2,GET,351,18
2,GET,353,11
2,GET,355,11
2,GET,357,17
2,GET,359,20
2,GET,361,8
2,GET,363,16
2,GET,365,16
2,GET,367,11
2,GET,369,13
2,GET,371,12
2,GET,373,12
2,GET,375,10
2,GET,377,19
2,GET,379,11
2,GET,381,16
2,GET,383,10
2,GET,385,8
2,GET,387,19
2,GET,389,14
2,GET,391,9
2,GET,393,10
2,GET,395,11
2,GET,397,9
2,GET,399,19
2,GET,401,15
2,GET,403,15
2,GET,405,23
2,GET,407,18
2,GET,409,13
2,GET,411,7
2,GET,413,18
2,GET,415,16
2,GET,417,13
2,GET,419,8
2,GET,421,9
2,GET,423,11
2,GET,425,10
2,GET,427,10
2,GET,429,13
2,GET,431,13
2,GET,433,13
2,GET,435,12
2,GET,437,6
2,GET,439,15
2,GET,441,9
2,GET,443,12
2,GET,445,12
2,GET,447,6
2,GET,449,10
2,GET,451,8
2,GET,453,11
2,GET,455,7
2,GET,457,14
2,GET,459,8
2,GET,461,14
2,GET,463,13
2,GET,465,14
2,GET,467,6
2,GET,469,12
2,GET,471,8
2,GET,473,11
2,GET,475,10
2,GET,477,7
2,GET,479,8
2,GET,481,12
2,GET,483,7
2,GET,485,12
2,GET,487,7
2,GET,489,8
2,GET,491,7
2,GET,493,4
2,GET,495,6
2,GET,497,6
2,GET,499,10
2,GET,501,9
2,GET,503,5
2,GET,505,13
2,GET,507,11
2,GET,509,5
2,GET,511,4
2,GET,515,10
2,GET,519,7
2,GET,523,5
2,GET,527,12
2,GET,531,13
2,GET,535,17
2,GET,539,10
2,GET,543,9
2,GET,547,11
2,GET,551,8
2,GET,555,12
2,GET,559,17
2,GET,563,7
2,GET,567,8
2,GET,571,13
2,GET,575,8
2,GET,579,5
2,GET,583,4
2,GET,587,5
2,GET,591,5
2,GET,595,6
2,GET,599,4
2,GET,603,8
2,GET,607,4
2,GET,611,11
2,GET,615,3
2,GET,619,2
2,GET,623,3
2,GET,631,4
2,GET,635,2
2,GET,639,6
2,GET,643,6
2,GET,647,5
2,GET,651,1
2,GET,655,4
2,GET,659,2
2,GET,663,8
2,GET,667,1
2,GET,671,2
2,GET,675,1
2,GET,679,2
2,GET,683,5
2,GET,687,6
2,GET,691,1
2,GET,699,1
2,GET,707,1
2,GET,711,4
2,GET,715,1
2,GET,719,1
2,GET,727,2
2,GET,739,1
2,GET,743,1
2,GET,747,1
2,GET,751,3
2,GET,755,1
2,GET,771,2
2,GET,775,1
2,GET,843,1
2,GET,951,1
2,GET,1055,1
2,GET,1175,1
3,GET,91,1
3,GET,103,1
3,GET,106,1
3,GET,108,1
3,GET,109,1
3,GET,110,1
3,GET,112,1
3,GET,118,1
3,GET,119,2
3,GET,120,2
3,GET,121,4
3,GET,122,1
3,GET,124,1
3,GET,127,2
3,GET,129,1
3,GET,130,1
3,GET,131,1
3,GET,132,2
3,GET,133,2
3,GET,135,2
3,GET,139,1
3,GET,141,1
3,GET,142,2
3,GET,143,2
3,GET,144,1
3,GET,146,3
3,GET,147,1
3,GET,149,1
3,GET,150,3
3,GET,151,1
3,GET,153,3
3,GET,154,2
3,GET,155,3
3,GET,157,1
3,GET,158,1
3,GET,159,1
3,GET,160,1
3,GET,161,1
3,GET,163,1
3,GET,165,1
3,GET,166,2
3,GET,167,2
3,GET,169,1
3,GET,170,2
3,GET,173,2
3,GET,174,3
3,GET,177,1
3,GET,178,1
3,GET,179,1
3,GET,180,2
3,GET,182,2
3,GET,183,3
3,GET,184,1
3,GET,185,1
3,GET,186,1
3,GET,187,1
3,GET,188,2
3,GET,189,3
3,GET,190,4
3,GET,191,1
3,GET,192,1
3,GET,193,1
3,GET,194,2
3,GET,195,1
3,GET,196,4
3,GET,197,3
3,GET,198,2
3,GET,199,1
3,GET,200,7
3,GET,201,2
3,GET,202,3
3,GET,203,2
3,GET,204,5
3,GET,205,2
3,GET,206,2
3,GET,207,3
3,GET,208,3
3,GET,209,4
3,GET,210,1
3,GET,211,2
3,GET,212,1
3,GET,213,1
3,GET,214,2
3,GET,215,3
3,GET,216,1
3,GET,217,6
3,GET,218,4
3,GET,219,5
3,GET,220,2
3,GET,221,3
3,GET,222,2
3,GET,223,1
3,GET,224,7
3,GET,225,2
3,GET,226,1
3,GET,227,1
3,GET,228,7
3,GET,229,5
3,GET,230,5
3,GET,231,5
3,GET,232,5
3,GET,233,6
3,GET,234,8
3,GET,235,4
3,GET,236,7
3,GET,237,4
3,GET,238,5
3,GET,239,4
3,GET,240,3
3,GET,241,6
3,GET,242,5
3,GET,243,10
3,GET,244,7
3,GET,246,6
3,GET,247,7
3,GET,248,6
3,GET,249,2
3,GET,250,5
3,GET,251,3
3,GET,252,5
3,GET,253,5
3,GET,254,9
3,GET,255,6
3,GET,257,9
3,GET,259,6
3,GET,261,15
3,GET,263,5
3,GET,265,18
3,GET,267,15
3,GET,269,13
3,GET,271,10
3,GET,273,13
3,GET,275,14
3,GET,277,15
3,GET,279,15
3,GET,281,15
3,GET,283,14
3,GET,285,12
3,GET,287,13
3,GET,289,14
3,GET,291,8
3,GET,293,11
3,GET,295,17
3,GET,297,15
3,GET,299,14
3,GET,301,14
3,GET,303,20
3,GET,305,15
3,GET,307,15
3,GET,309,12
3,GET,311,8
3,GET,313,18
3,GET,315,15
3,GET,317,17
3,GET,319,16
3,GET,321,15
3,GET,323,17
3,GET,325,12
3,GET,327,11
3,GET,329,13
3,GET,331,11
3,GET,333,11
3,GET,335,14
3,GET,337,16
3,GET,339,12
3,GET,341,16
3,GET,343,14
3,GET,345,21
3,GET,347,10
3,GET,349,12
3,GET,351,13
3,GET,353,16
3,GET,355,13
3,GET,357,14
3,GET,359,17
3,GET,361,16
3,GET,363,10
3,GET,365,9
3,GET,367,12
3,GET,369,9
3,GET,371,10
3,GET,373,13
3,GET,375,12
3,GET,377,18
3,GET,379,8
3,GET,381,15
3,GET,383,9
3,GET,385,13
3,GET,387,10
3,GET,389,12
3,GET,391,12
3,GET,393,17
3,GET,395,16
3,GET,397,14
3,GET,399,20
3,GET,401,16
3,GET,403,10
3,GET,405,12
3,GET,407,9
3,GET,409,15
3,GET,411,11
3,GET,413,11
3,GET,415,14
3,GET,417,12
3,GET,419,18
3,GET,421,14
3,GET,423,16
3,GET,425,15
3,GET,427,13
3,GET,429,7
3,GET,431,23
3,GET,433,10
3,GET,435,9
3,GET,437,11
3,GET,439,11
3,GET,441,7
3,GET,443,14
3,GET,445,6
3,GET,447,8
3,GET,449,7
3,GET,451,16
3,GET,453,8
3,GET,455,10
3,GET,457,13
3,GET,459,10
3,GET,461,15
3,GET,463,12
3,GET,465,9
3,GET,467,10
3,GET,469,11
3,GET,471,10
3,GET,473,9
3,GET,475,3
3,GET,477,8
3,GET,479,12
3,GET,481,8
3,GET,483,5
3,GET,485,12
3,GET,487,6
3,GET,489,11
3,GET,491,5
3,GET,493,10
3,GET,495,5
3,GET,497,11
3,GET,499,4
3,GET,501,11
3,GET,503,7
3,GET,505,7
3,GET,507,7
3,GET,509,9
3,GET,511,5
3,GET,515,17
3,GET,519,10
3,GET,523,11
3,GET,527,7
3,GET,531,11
3,GET,535,14
3,GET,539,7
3,GET,543,5
3,GET,547,10
3,GET,551,11
3,GET,555,7
3,GET,559,7
3,GET,563,8
3,GET,567,8
3,GET,571,11
3,GET,575,7
3,GET,579,6
3,GET,583,8
3,GET,587,2
3,GET,591,3
3,GET,595,8
3,GET,599,6
3,GET,603,4
3,GET,607,5
3,GET,611,8
3,GET,615,6
3,GET,619,3
3,GET,623,7
3,GET,627,5
3,GET,631,5
3,GET,635,3
3,GET,639,2
3,GET,643,3
3,GET,647,3
3,GET,651,4
3,GET,655,2
3,GET,659,3
3,GET,663,4
3,GET,667,3
3,GET,671,8
3,GET,675,5
3,GET,679,4
3,GET,683,3
3,GET,687,2
3,GET,695,2
3,GET,699,1
3,GET,703,2
3,GET,707,2
3,GET,711,1
3,GET,735,1
3,GET,747,1
3,GET,759,1
3,GET,771,1
3,GET,799,1
3,GET,855,2
3,GET,875,1
3,GET,927,1
3,GET,4959,1
3,DEL,116,1
3,DEL,118,1
3,DEL,120,1
3,DEL,129,1
3,DEL,132,1
3,DEL,136,1
3,DEL,139,1
3,DEL,145,1
3,DEL,150,1
3,DEL,151,1
3,DEL,152,1
3,DEL,153,1
3,DEL,155,1
3,DEL,159,1
3,DEL,168,1
3,DEL,169,1
3,DEL,172,1
3,DEL,173,1
3,DEL,175,1
3,DEL,179,1
3,DEL,180,1
3,DEL,182,2
3,DEL,186,1
3,DEL,189,1
3,DEL,190,3
3,DEL,191,1
3,DEL,193,2
3,DEL,194,1
3,DEL,196,1
3,DEL,197,2
3,DEL,200,1
3,DEL,201,1
3,DEL,202,1
3,DEL,204,1
3,DEL,205,2
3,DEL,206,1
3,DEL,207,2
3,DEL,208,2
3,DEL,209,1
3,DEL,210,1
3,DEL,211,2
3,DEL,212,1
3,DEL,214,1
3,DEL,215,1
3,DEL,216,2
3,DEL,218,1
3,DEL,219,2
3,DEL,221,2
3,DEL,223,3
3,DEL,225,1
3,DEL,226,3
3,DEL,227,1
3,DEL,229,1
3,DEL,230,1
3,DEL,231,3
3,DEL,232,1
3,DEL,233,1
3,DEL,234,3
3,DEL,235,1
3,DEL,236,1
3,DEL,237,1
3,DEL,238,2
3,DEL,239,1
3,DEL,242,1
3,DEL,244,1
3,DEL,245,2
3,DEL,246,2
3,DEL,248,2
3,DEL,249,4
3,DEL,250,2
3,DEL,251,1
3,DEL,252,1
3,DEL,254,1
3,DEL,255,3
3,DEL,257,2
3,DEL,259,5
3,DEL,261,3
3,DEL,263,6
3,DEL,267,1
3,DEL,269,7
3,DEL,271,5
3,DEL,273,2
3,DEL,275,5
3,DEL,277,6
3,DEL,279,5
3,DEL,281,4
3,DEL,283,6
3,DEL,285,5
3,DEL,287,5
3,DEL,289,4
3,DEL,291,5
3,DEL,293,12
3,DEL,295,2
3,DEL,297,3
3,DEL,299,6
3,DEL,301,6
3,DEL,303,2
3,DEL,305,2
3,DEL,307,6
3,DEL,309,5
3,DEL,311,5
3,DEL,313,10
3,DEL,315,2
3,DEL,317,3
3,DEL,319,7
3,DEL,321,7
3,DEL,323,5
3,DEL,325,5
3,DEL,327,8
3,DEL,329,5
3,DEL,331,7
3,DEL,333,4
3,DEL,335,3
3,DEL,337,7
3,DEL,339,7
3,DEL,341,3
3,DEL,343,5
3,DEL,345,10
3,DEL,347,6
3,DEL,349,4
3,DEL,351,7
3,DEL,353,5
3,DEL,355,6
3,DEL,357,7
3,DEL,361,12
3,DEL,363,4
3,DEL,365,7
3,DEL,367,3
3,DEL,369,10
3,DEL,371,6
3,DEL,373,9
3,DEL,375,4
3,DEL,377,3
3,DEL,379,7
3,DEL,381,1
3,DEL,383,3
3,DEL,385,4
3,DEL,387,6
3,DEL,389,5
3,DEL,391,7
3,DEL,393,1
3,DEL,395,6
3,DEL,397,7
3,DEL,399,4
3,DEL,401,4
3,DEL,403,6
3,DEL,405,6
3,DEL,407,4
3,DEL,409,6
3,DEL,411,5
3,DEL,413,4
3,DEL,415,5
3,DEL,417,1
3,DEL,419,7
3,DEL,421,4
3,DEL,423,2
3,DEL,425,1
3,DEL,427,4
3,DEL,429,3
3,DEL,431,7
3,DEL,433,7
3,DEL,435,3
3,DEL,437,1
3,DEL,439,3
3,DEL,441,3
3,DEL,443,5
3,DEL,445,5
3,DEL,447,4
3,DEL,449,4
3,DEL,451,6
3,DEL,455,3
3,DEL,457,6
3,DEL,459,9
3,DEL,461,2
3,DEL,463,2
3,DEL,467,4
3,DEL,469,3
3,DEL,473,8
3,DEL,475,4
3,DEL,477,8
3,DEL,479,1
3,DEL,481,4
3,DEL,483,3
3,DEL,485,5
3,DEL,487,1
3,DEL,489,1
3,DEL,491,1
3,DEL,493,4
3,DEL,495,4
3,DEL,497,3
3,DEL,499,7
3,DEL,501,4
3,DEL,503,1
3,DEL,505,2
3,DEL,507,1
3,DEL,509,1
3,DEL,511,4
3,DEL,515,7
3,DEL,519,4
3,DEL,523,4
3,DEL,527,5
3,DEL,531,5
3,DEL,535,6
3,DEL,539,2
3,DEL,543,5
3,DEL,547,2
3,DEL,551,7
3,DEL,555,3
3,DEL,559,3
3,DEL,563,3
3,DEL,567,5
3,DEL,571,4
3,DEL,575,2
3,DEL,579,3
3,DEL,583,2
3,DEL,587,3
3,DEL,591,4
3,DEL,595,3
3,DEL,607,2
3,DEL,611,2
3,DEL,615,2
3,DEL,619,2
3,DEL,627,2
3,DEL,631,2
3,DEL,635,2
3,DEL,639,1
3,DEL,643,2
3,DEL,647,2
3,DEL,651,3
3,DEL,659,2
3,DEL,663,1
3,DEL,675,2
3,DEL,683,1
3,DEL,707,1
3,DEL,727,1
3,DEL,735,1
3,DEL,803,1
3,DEL,863,1
3,DEL,963,1
3,DEL,1407,1
3,SET,109,1
3,SET,125,1
3,SET,149,1
3,SET,164,1
3,SET,170,1
3,SET,172,1
3,SET,182,1
3,SET,189,1
3,SET,195,1
3,SET,210,1
3,SET,231,1
3,SET,237,1
3,SET,242,1
3,SET,244,1
3,SET,252,1
3,SET,257,1
3,SET,263,1
3,SET,271,1
3,SET,273,1
3,SET,275,3
3,SET,279,2
3,SET,281,3
3,SET,283,1
3,SET,287,1
3,SET,289,1
3,SET,293,2
3,SET,297,1
3,SET,299,1
3,SET,301,1
3,SET,303,1
3,SET,307,2
3,SET,311,1
3,SET,313,1
3,SET,315,1
3,SET,317,1
3,SET,321,3
3,SET,323,1
3,SET,327,1
3,SET,329,2
3,SET,335,4
3,SET,337,1
3,SET,339,3
3,SET,343,2
3,SET,345,2
3,SET,347,1
3,SET,351,1
3,SET,353,1
3,SET,355,1
3,SET,367,3
3,SET,369,1
3,SET,375,1
3,SET,381,2
3,SET,387,1
3,SET,389,2
3,SET,399,1
3,SET,403,2
3,SET,405,1
3,SET,407,1
3,SET,411,1
3,SET,413,1
3,SET,417,1
3,SET,419,2
3,SET,421,1
3,SET,423,2
3,SET,425,4
3,SET,429,2
3,SET,431,1
3,SET,433,3
3,SET,435,1
3,SET,437,1
3,SET,439,1
3,SET,441,2
3,SET,443,1
3,SET,445,1
3,SET,447,1
3,SET,449,1
3,SET,451,1
3,SET,453,1
3,SET,457,2
3,SET,459,2
3,SET,461,4
3,SET,465,2
3,SET,471,1
3,SET,473,1
3,SET,477,1
3,SET,479,3
3,SET,483,2
3,SET,485,1
3,SET,487,2
3,SET,489,1
3,SET,491,2
3,SET,499,1
3,SET,501,1
3,SET,509,1
3,SET,511,1
3,SET,515,2
3,SET,531,3
3,SET,539,3
3,SET,547,1
3,SET,555,1
3,SET,559,1
3,SET,571,2
3,SET,647,1
3,SET,651,1
3,SET,659,1
3,SET,679,1
3,SET,931,1
3,SET,1095,1
4,DEL,133,1
4,DEL,136,2
4,DEL,149,1
4,DEL,150,1
4,DEL,154,1
4,DEL,159,3
4,DEL,160,1
4,DEL,161,2
4,DEL,164,1
4,DEL,166,2
4,DEL,167,1
4,DEL,168,2
4,DEL,175,2
4,DEL,177,1
4,DEL,179,1
4,DEL,180,1
4,DEL,181,1
4,DEL,182,1
4,DEL,187,1
4,DEL,189,1
4,DEL,191,1
4,DEL,193,1
4,DEL,196,1
4,DEL,197,2
4,DEL,199,2
4,DEL,200,3
4,DEL,201,1
4,DEL,202,1
4,DEL,203,3
4,DEL,204,1
4,DEL,206,1
4,DEL,207,1
4,DEL,208,3
4,DEL,209,2
4,DEL,210,1
4,DEL,211,1
4,DEL,212,1
4,DEL,214,3
4,DEL,215,1
4,DEL,216,1
4,DEL,217,3
4,DEL,219,1
4,DEL,220,2
4,DEL,221,1
4,DEL,222,2
4,DEL,223,2
4,DEL,224,1
4,DEL,225,2
4,DEL,226,2
4,DEL,228,2
4,DEL,229,2
4,DEL,230,1
4,DEL,231,1
4,DEL,232,1
4,DEL,233,4
4,DEL,234,2
4,DEL,235,4
4,DEL,237,2
4,DEL,239,1
4,DEL,240,1
4,DEL,241,5
4,DEL,242,1
4,DEL,243,2
4,DEL,244,2
4,DEL,245,7
4,DEL,246,1
4,DEL,247,2
4,DEL,248,3
4,DEL,249,2
4,DEL,250,1
4,DEL,251,1
4,DEL,252,2
4,DEL,253,2
4,DEL,254,1
4,DEL,255,1
4,DEL,257,5
4,DEL,259,1
4,DEL,261,4
4,DEL,263,5
4,DEL,265,1
4,DEL,267,1
4,DEL,269,5
4,DEL,271,5
4,DEL,273,6
4,DEL,275,8
4,DEL,277,10
4,DEL,279,9
4,DEL,281,4
4,DEL,283,6
4,DEL,285,2
4,DEL,287,8
4,DEL,289,3
4,DEL,291,7
4,DEL,293,5
4,DEL,295,4
4,DEL,297,6
4,DEL,299,3
4,DEL,301,3
4,DEL,303,7
4,DEL,305,12
4,DEL,307,4
4,DEL,309,5
4,DEL,311,2
4,DEL,313,9
4,DEL,315,2
4,DEL,317,4
4,DEL,319,1
4,DEL,321,6
4,DEL,323,7
4,DEL,325,5
4,DEL,327,5
4,DEL,329,10
4,DEL,331,12
4,DEL,333,7
4,DEL,335,3
4,DEL,337,4
4,DEL,339,8
4,DEL,341,8
4,DEL,343,6
4,DEL,345,1
4,DEL,347,5
4,DEL,349,7
4,DEL,351,5
4,DEL,353,5
4,DEL,355,6
4,DEL,357,9
4,DEL,359,7
4,DEL,361,5
4,DEL,363,2
4,DEL,365,10
4,DEL,367,5
4,DEL,369,1
4,DEL,371,9
4,DEL,373,3
4,DEL,375,5
4,DEL,377,6
4,DEL,379,6
4,DEL,381,6
4,DEL,383,6
4,DEL,385,5
4,DEL,387,10
4,DEL,389,6
4,DEL,391,2
4,DEL,393,10
4,DEL,395,6
4,DEL,397,5
4,DEL,399,2
4,DEL,401,1
4,DEL,403,2
4,DEL,405,4
4,DEL,407,4
4,DEL,409,6
4,DEL,411,5
4,DEL,413,6
4,DEL,415,3
4,DEL,417,5
4,DEL,419,3
4,DEL,421,2
4,DEL,423,3
4,DEL,425,3
4,DEL,427,4
4,DEL,429,6
4,DEL,431,2
4,DEL,433,3
4,DEL,435,6
4,DEL,437,6
4,DEL,439,3
4,DEL,441,5
4,DEL,443,7
4,DEL,445,2
4,DEL,447,8
4,DEL,449,2
4,DEL,451,2
4,DEL,453,3
4,DEL,455,3
4,DEL,457,5
4,DEL,459,3
4,DEL,461,4
4,DEL,463,3
4,DEL,465,2
4,DEL,467,3
4,DEL,469,5
4,DEL,471,3
4,DEL,473,2
4,DEL,475,4
4,DEL,477,4
4,DEL,479,3
4,DEL,481,5
4,DEL,483,5
4,DEL,485,3
4,DEL,487,2
4,DEL,489,4
4,DEL,491,5
4,DEL,493,3
4,DEL,495,3
4,DEL,497,3
4,DEL,499,1
4,DEL,501,5
4,DEL,503,3
4,DEL,505,5
4,DEL,507,2
4,DEL,509,3
4,DEL,511,4
4,DEL,515,8
4,DEL,519,5
4,DEL,523,5
4,DEL,527,6
4,DEL,531,2
4,DEL,535,3
4,DEL,539,2
4,DEL,543,2
4,DEL,547,4
4,DEL,551,3
4,DEL,555,4
4,DEL,559,4
4,DEL,563,7
4,DEL,567,4
4,DEL,571,1
4,DEL,575,2
4,DEL,579,4
4,DEL,583,1
4,DEL,587,2
4,DEL,591,1
4,DEL,595,2
4,DEL,599,1
4,DEL,603,4
4,DEL,607,2
4,DEL,611,4
4,DEL,615,2
4,DEL,619,1
4,DEL,623,1
4,DEL,627,2
4,DEL,631,1
4,DEL,639,1
4,DEL,647,3
4,DEL,651,1
4,DEL,655,2
4,DEL,663,1
4,DEL,667,1
4,DEL,671,2
4,DEL,683,1
4,DEL,687,1
4,DEL,691,2
4,DEL,695,1
4,DEL,703,1
4,DEL,707,1
4,DEL,711,1
4,DEL,731,1
4,DEL,751,1
4,DEL,763,1
4,DEL,767,1
4,DEL,803,1
4,DEL,811,1
4,DEL,1335,1
4,GET,103,1
4,GET,110,1
4,GET,112,1
4,GET,114,1
4,GET,119,1
4,GET,122,1
4,GET,123,1
4,GET,124,1
4,GET,128,2
4,GET,129,1
4,GET,130,1
4,GET,131,2
4,GET,132,1
4,GET,133,2
4,GET,134,2
4,GET,137,1
4,GET,139,1
4,GET,141,1
4,GET,145,2
4,GET,146,1
4,GET,147,2
4,GET,148,2
4,GET,150,1
4,GET,151,2
4,GET,153,1
4,GET,154,1
4,GET,157,1
4,GET,159,1
4,GET,160,2
4,GET,161,1
4,GET,163,1
4,GET,164,3
4,GET,166,6
4,GET,167,1
4,GET,168,3
4,GET,171,1
4,GET,172,1
4,GET,173,1
4,GET,174,1
4,GET,175,2
4,GET,176,2
4,GET,177,1
4,GET,178,1
4,GET,179,2
4,GET,180,1
4,GET,181,3
4,GET,182,2
4,GET,183,1
4,GET,184,1
4,GET,186,2
4,GET,187,3
4,GET,189,3
4,GET,190,5
4,GET,191,3
4,GET,193,3
4,GET,195,3
4,GET,196,2
4,GET,197,3
4,GET,198,1
4,GET,199,3
4,GET,200,1
4,GET,201,4
4,GET,202,2
4,GET,203,2
4,GET,205,4
4,GET,206,5
4,GET,207,2
4,GET,208,2
4,GET,209,1
4,GET,210,4
4,GET,211,2
4,GET,212,3
4,GET,213,2
4,GET,214,3
4,GET,215,3
4,GET,216,2
4,GET,217,4
4,GET,218,3
4,GET,219,5
4,GET,220,5
4,GET,221,4
4,GET,222,5
4,GET,223,4
4,GET,224,1
4,GET,225,1
4,GET,226,4
4,GET,227,2
4,GET,228,6
4,GET,229,2
4,GET,230,2
4,GET,231,4
4,GET,232,4
4,GET,233,3
4,GET,234,2
4,GET,235,3
4,GET,236,8
4,GET,237,5
4,GET,238,2
4,GET,239,2
4,GET,240,2
4,GET,241,6
4,GET,242,3
4,GET,243,7
4,GET,244,4
4,GET,245,7
4,GET,246,6
4,GET,247,3
4,GET,248,6
4,GET,249,8
4,GET,250,4
4,GET,251,4
4,GET,252,3
4,GET,253,7
4,GET,254,5
4,GET,255,7
4,GET,257,8
4,GET,259,8
4,GET,261,14
4,GET,263,8
4,GET,265,8
4,GET,267,6
4,GET,269,18
4,GET,271,12
4,GET,273,13
4,GET,275,12
4,GET,277,17
4,GET,279,8
4,GET,281,13
4,GET,283,10
4,GET,285,16
4,GET,287,23
4,GET,289,12
4,GET,291,13
4,GET,293,14
4,GET,295,12
4,GET,297,17
4,GET,299,17
4,GET,301,10
4,GET,303,8
4,GET,305,14
4,GET,307,7
4,GET,309,12
4,GET,311,15
4,GET,313,17
4,GET,315,11
4,GET,317,21
4,GET,319,10
4,GET,321,15
4,GET,323,14
4,GET,325,8
4,GET,327,21
4,GET,329,13
4,GET,331,14
4,GET,333,16
4,GET,335,13
4,GET,337,11
4,GET,339,6
4,GET,341,11
4,GET,343,16
4,GET,345,16
4,GET,347,18
4,GET,349,18
4,GET,351,9
4,GET,353,13
4,GET,355,10
4,GET,357,18
4,GET,359,16
4,GET,361,16
4,GET,363,21
4,GET,365,16
4,GET,367,14
4,GET,369,11
4,GET,371,12
4,GET,373,15
4,GET,375,7
4,GET,377,12
4,GET,379,15
4,GET,381,15
4,GET,383,15
4,GET,385,13
4,GET,387,12
4,GET,389,7
4,GET,391,23
4,GET,393,12
4,GET,395,9
4,GET,397,12
4,GET,399,14
4,GET,401,15
4,GET,403,16
4,GET,405,14
4,GET,407,15
4,GET,409,11
4,GET,411,10
4,GET,413,11
4,GET,415,19
4,GET,417,13
4,GET,419,16
4,GET,421,12
4,GET,423,7
4,GET,425,11
4,GET,427,9
4,GET,429,11
4,GET,431,11
4,GET,433,9
4,GET,435,10
4,GET,437,20
4,GET,439,15
4,GET,441,9
4,GET,443,19
4,GET,445,15
4,GET,447,15
4,GET,449,9
4,GET,451,13
4,GET,453,11
4,GET,455,9
4,GET,457,10
4,GET,459,6
4,GET,461,12
4,GET,463,14
4,GET,465,5
4,GET,467,10
4,GET,469,9
4,GET,471,4
4,GET,473,9
4,GET,475,13
4,GET,477,10
4,GET,479,11
4,GET,481,6
4,GET,483,8
4,GET,485,7
4,GET,487,8
4,GET,489,7
4,GET,491,6
4,GET,493,3
4,GET,495,7
4,GET,497,8
4,GET,499,6
4,GET,501,6
4,GET,503,7
4,GET,505,8
4,GET,507,13
4,GET,509,6
4,GET,511,5
4,GET,515,15
4,GET,519,13
4,GET,523,15
4,GET,527,10
4,GET,531,10
4,GET,535,9
4,GET,539,11
4,GET,543,16
4,GET,547,5
4,GET,551,9
4,GET,555,10
4,GET,559,7
4,GET,563,13
4,GET,567,8
4,GET,571,7
4,GET,575,9
4,GET,579,4
4,GET,583,9
4,GET,587,3
4,GET,591,5
4,GET,595,5
4,GET,599,3
4,GET,603,3
4,GET,607,7
4,GET,611,4
4,GET,615,6
4,GET,619,4
4,GET,623,5
4,GET,627,3
4,GET,631,2
4,GET,635,6
4,GET,639,2
4,GET,643,2
4,GET,647,1
4,GET,651,5
4,GET,655,2
4,GET,659,1
4,GET,663,1
4,GET,667,4
4,GET,671,2
4,GET,675,1
4,GET,679,4
4,GET,683,2
4,GET,687,2
4,GET,691,4
4,GET,695,1
4,GET,703,2
4,GET,719,3
4,GET,723,2
4,GET,735,1
4,GET,739,2
4,GET,763,1
4,GET,775,1
4,GET,791,1
4,GET,795,1
4,GET,799,1
4,GET,863,1
4,GET,875,1
4,GET,891,1
4,GET,1047,1
4,GET,1119,1
4,GET,1415,1
4,GET,1575,1
4,SET,163,1
4,SET,167,1
4,SET,171,1
4,SET,177,1
4,SET,179,1
4,SET,193,1
4,SET,194,1
4,SET,196,1
4,SET,200,1
4,SET,208,1
4,SET,220,1
4,SET,230,2
4,SET,234,3
4,SET,235,1
4,SET,236,1
4,SET,239,1
4,SET,244,1
4,SET,249,1
4,SET,250,1
4,SET,253,2
4,SET,259,1
4,SET,261,1
4,SET,267,1
4,SET,269,1
4,SET,271,3
4,SET,273,1
4,SET,275,1
4,SET,277,2
4,SET,287,1
4,SET,289,4
4,SET,291,1
4,SET,293,1
4,SET,297,1
4,SET,301,1
4,SET,305,1
4,SET,307,1
4,SET,309,1
4,SET,311,3
4,SET,315,2
4,SET,319,5
4,SET,321,2
4,SET,325,3
4,SET,329,2
4,SET,331,1
4,SET,333,1
4,SET,335,1
4,SET,337,2
4,SET,345,1
4,SET,353,1
4,SET,355,1
4,SET,357,1
4,SET,363,1
4,SET,365,1
4,SET,367,2
4,SET,369,1
4,SET,371,3
4,SET,373,1
4,SET,375,1
4,SET,377,1
4,SET,379,2
4,SET,383,1
4,SET,387,1
4,SET,391,1
4,SET,395,1
4,SET,397,2
4,SET,401,1
4,SET,405,1
4,SET,407,3
4,SET,409,2
4,SET,413,2
4,SET,415,1
4,SET,425,1
4,SET,427,1
4,SET,429,1
4,SET,433,1
4,SET,437,2
4,SET,441,1
4,SET,445,2
4,SET,447,1
4,SET,451,1
4,SET,453,1
4,SET,457,2
4,SET,461,2
4,SET,463,1
4,SET,475,2
4,SET,483,1
4,SET,485,1
4,SET,487,1
4,SET,491,1
4,SET,495,1
4,SET,499,1
4,SET,509,1
4,SET,511,1
4,SET,515,1
4,SET,519,1
4,SET,539,1
4,SET,543,1
4,SET,547,1
4,SET,551,2
4,SET,555,1
4,SET,571,2
4,SET,583,1
4,SET,587,1
4,SET,591,1
4,SET,595,1
4,SET,603,1
4,SET,607,1
4,SET,627,2
4,SET,651,1
4,SET,711,1
4,SET,715,1
4,SET,743,1
5,GET,106,1
5,GET,108,2
5,GET,110,2
5,GET,111,1
5,GET,120,2
5,GET,121,1
5,GET,122,2
5,GET,126,1
5,GET,127,1
5,GET,129,1
5,GET,130,1
5,GET,131,2
5,GET,132,3
5,GET,133,1
5,GET,134,1
5,GET,135,1
5,GET,136,1
5,GET,137,2
5,GET,140,1
5,GET,142,2
5,GET,143,2
5,GET,144,2
5,GET,146,2
5,GET,148,2
5,GET,150,1
5,GET,152,2
5,GET,155,2
5,GET,156,1
5,GET,160,1
5,GET,161,2
5,GET,162,1
5,GET,164,2
5,GET,165,5
5,GET,166,1
5,GET,167,1
5,GET,169,1
5,GET,170,2
5,GET,171,1
5,GET,173,2
5,GET,174,3
5,GET,175,1
5,GET,176,1
5,GET,178,1
5,GET,179,2
5,GET,180,1
5,GET,182,1
5,GET,183,1
5,GET,184,2
5,GET,185,2
5,GET,187,1
5,GET,188,2
5,GET,189,1
5,GET,190,1
5,GET,191,2
5,GET,192,2
5,GET,193,3
5,GET,194,2
5,GET,195,3
5,GET,196,2
5,GET,198,1
5,GET,199,3
5,GET,200,2
5,GET,201,5
5,GET,202,2
5,GET,203,6
5,GET,204,3
5,GET,205,1
5,GET,206,1
5,GET,207,1
5,GET,208,6
5,GET,209,2
5,GET,210,1
5,GET,211,3
5,GET,212,4
5,GET,213,6
5,GET,214,4
5,GET,215,4
5,GET,216,1
5,GET,217,1
5,GET,218,6
5,GET,219,3
5,GET,220,1
5,GET,221,4
5,GET,222,4
5,GET,223,2
5,GET,224,2
5,GET,225,5
5,GET,226,1
5,GET,227,3
5,GET,228,2
5,GET,229,7
5,GET,230,2
5,GET,231,5
5,GET,232,2
5,GET,233,5
5,GET,234,7
5,GET,235,5
5,GET,236,1
5,GET,237,10
5,GET,238,7
5,GET,239,5
5,GET,240,7
5,GET,241,8
5,GET,242,3
5,GET,243,6
5,GET,244,4
5,GET,245,4
5,GET,246,4
5,GET,247,7
5,GET,248,9
5,GET,249,8
5,GET,250,5
5,GET,251,3
5,GET,252,5
5,GET,253,3
5,GET,254,5
5,GET,255,4
5,GET,257,7
5,GET,259,7
5,GET,261,7
5,GET,263,8
5,GET,265,14
5,GET,267,10
5,GET,269,11
5,GET,271,18
5,GET,273,9
5,GET,275,12
5,GET,277,7
5,GET,279,13
5,GET,281,9
5,GET,283,13
5,GET,285,8
5,GET,287,6
5,GET,289,11
5,GET,291,18
5,GET,293,4
5,GET,295,13
5,GET,297,13
5,GET,299,16
5,GET,301,15
5,GET,303,17
5,GET,305,14
5,GET,307,11
5,GET,309,17
5,GET,311,10
5,GET,313,15
5,GET,315,20
5,GET,317,13
5,GET,319,9
5,GET,321,17
5,GET,323,17
5,GET,325,10
5,GET,327,13
5,GET,329,21
5,GET,331,19
5,GET,333,18
5,GET,335,18
5,GET,337,16
5,GET,339,11
5,GET,341,20
5,GET,343,20
5,GET,345,16
5,GET,347,14
5,GET,349,14
5,GET,351,15
5,GET,353,20
5,GET,355,14
5,GET,357,12
5,GET,359,17
5,GET,361,21
5,GET,363,16
5,GET,365,19
5,GET,367,12
5,GET,369,10
5,GET,371,15
5,GET,373,10
5,GET,375,17
5,GET,377,11
5,GET,379,19
5,GET,381,13
5,GET,383,14
5,GET,385,10
5,GET,387,11
5,GET,389,9
5,GET,391,16
5,GET,393,8
5,GET,395,10
5,GET,397,14
5,GET,399,15
5,GET,401,13
5,GET,403,9
5,GET,405,6
5,GET,407,14
5,GET,409,14
5,GET,411,9
5,GET,413,9
5,GET,415,17
5,GET,417,13
5,GET,419,10
5,GET,421,14
5,GET,423,9
5,GET,425,17
5,GET,427,13
5,GET,429,15
5,GET,431,7
5,GET,433,14
5,GET,435,14
5,GET,437,16
5,GET,439,13
5,GET,441,10
5,GET,443,12
5,GET,445,16
5,GET,447,14
5,GET,449,20
5,GET,451,8
5,GET,453,10
5,GET,455,11
5,GET,457,14
5,GET,459,6
5,GET,461,9
5,GET,463,10
5,GET,465,6
5,GET,467,15
5,GET,469,9
5,GET,471,11
5,GET,473,15
5,GET,475,9
5,GET,477,10
5,GET,479,11
5,GET,481,12
5,GET,483,2
5,GET,485,12
5,GET,487,11
5,GET,489,11
5,GET,491,13
5,GET,493,9
5,GET,495,7
5,GET,497,7
5,GET,499,8
5,GET,501,8
5,GET,503,10
5,GET,505,6
5,GET,507,3
5,GET,509,4
5,GET,511,11
5,GET,515,19
5,GET,519,9
5,GET,523,19
5,GET,527,9
5,GET,531,10
5,GET,535,9
5,GET,539,11
5,GET,543,11
5,GET,547,14
5,GET,551,13
5,GET,555,9
5,GET,559,6
5,GET,563,8
5,GET,567,7
5,GET,571,9
5,GET,575,10
5,GET,579,5
5,GET,583,6
5,GET,587,5
5,GET,591,8
5,GET,595,10
5,GET,599,3
5,GET,603,7
5,GET,607,4
5,GET,611,5
5,GET,615,5
5,GET,619,5
5,GET,623,2
5,GET,627,3
5,GET,631,2
5,GET,635,1
5,GET,639,6
5,GET,647,1
5,GET,651,2
5,GET,655,3
5,GET,659,1
5,GET,663,1
5,GET,667,2
5,GET,671,1
5,GET,675,2
5,GET,683,1
5,GET,695,2
5,GET,711,1
5,GET,723,1
5,GET,727,1
5,GET,731,1
5,GET,739,2
5,GET,767,1
5,GET,775,2
5,GET,779,1
5,GET,787,1
5,GET,799,2
5,GET,867,1
5,GET,879,1
5,GET,951,1
5,GET,963,1
5,GET,1495,1
5,GET,4639,1
5,DEL,116,1
5,DEL,117,1
5,DEL,125,1
5,DEL,127,1
5,DEL,128,1
5,DEL,132,1
5,DEL,136,1
5,DEL,137,1
5,DEL,140,1
5,DEL,142,1
5,DEL,143,1
5,DEL,147,1
5,DEL,157,1
5,DEL,159,1
5,DEL,160,1
5,DEL,161,1
5,DEL,165,2
5,DEL,167,1
5,DEL,172,1
5,DEL,173,1
5,DEL,175,1
5,DEL,178,1
5,DEL,182,1
5,DEL,185,1
5,DEL,186,1
5,DEL,192,1
5,DEL,194,3
5,DEL,196,1
5,DEL,197,1
5,DEL,198,1
5,DEL,199,1
5,DEL,200,1
5,DEL,201,1
5,DEL,202,1
5,DEL,205,2
5,DEL,206,3
5,DEL,208,3
5,DEL,210,2
5,DEL,211,1
5,DEL,212,2
5,DEL,215,2
5,DEL,216,2
5,DEL,217,3
5,DEL,219,2
5,DEL,220,1
5,DEL,222,1
5,DEL,224,1
5,DEL,227,1
5,DEL,229,2
5,DEL,230,2
5,DEL,231,2
5,DEL,232,2
5,DEL,233,2
5,DEL,234,1
5,DEL,235,1
5,DEL,236,2
5,DEL,237,1
5,DEL,238,4
5,DEL,239,4
5,DEL,240,1
5,DEL,241,1
5,DEL,242,1
5,DEL,243,1
5,DEL,244,2
5,DEL,245,4
5,DEL,246,1
5,DEL,247,2
5,DEL,248,3
5,DEL,249,1
5,DEL,250,1
5,DEL,251,6
5,DEL,252,4
5,DEL,253,1
5,DEL,254,1
5,DEL,255,3
5,DEL,257,3
5,DEL,259,1
5,DEL,261,5
5,DEL,263,2
5,DEL,265,1
5,DEL,267,6
5,DEL,269,4
5,DEL,271,2
5,DEL,273,6
5,DEL,275,6
5,DEL,277,5
5,DEL,279,5
5,DEL,281,3
5,DEL,283,8
5,DEL,285,6
5,DEL,287,5
5,DEL,289,3
5,DEL,291,5
5,DEL,293,6
5,DEL,295,9
5,DEL,297,5
5,DEL,299,9
5,DEL,301,5
5,DEL,303,4
5,DEL,305,6
5,DEL,307,3
5,DEL,309,6
5,DEL,311,4
5,DEL,313,11
5,DEL,315,9
5,DEL,317,5
5,DEL,319,6
5,DEL,321,7
5,DEL,323,7
5,DEL,325,6
5,DEL,327,7
5,DEL,329,7
5,DEL,331,2
5,DEL,333,6
5,DEL,335,8
5,DEL,337,7
5,DEL,339,7
5,DEL,341,10
5,DEL,343,3
5,DEL,345,7
5,DEL,347,4
5,DEL,349,10
5,DEL,351,4
5,DEL,353,4
5,DEL,355,3
5,DEL,357,5
5,DEL,359,1
5,DEL,361,2
5,DEL,363,4
5,DEL,365,6
5,DEL,367,4
5,DEL,369,6
5,DEL,371,3
5,DEL,373,2
5,DEL,375,4
5,DEL,377,2
5,DEL,379,7
5,DEL,381,3
5,DEL,383,4
5,DEL,385,4
5,DEL,387,6
5,DEL,389,3
5,DEL,391,4
5,DEL,393,2
5,DEL,395,5
5,DEL,397,3
5,DEL,399,1
5,DEL,401,6
5,DEL,403,3
5,DEL,405,8
5,DEL,407,7
5,DEL,409,5
5,DEL,411,5
5,DEL,413,5
5,DEL,415,3
5,DEL,417,2
5,DEL,419,7
5,DEL,421,5
5,DEL,423,9
5,DEL,425,5
5,DEL,427,1
5,DEL,429,1
5,DEL,431,1
5,DEL,433,5
5,DEL,435,3
5,DEL,437,4
5,DEL,439,2
5,DEL,441,10
5,DEL,443,2
5,DEL,445,3
5,DEL,447,8
5,DEL,449,6
5,DEL,451,3
5,DEL,453,4
5,DEL,457,3
5,DEL,459,5
5,DEL,461,3
5,DEL,463,4
5,DEL,465,3
5,DEL,467,5
5,DEL,469,3
5,DEL,471,1
5,DEL,473,2
5,DEL,475,3
5,DEL,477,3
5,DEL,479,2
5,DEL,481,2
5,DEL,485,2
5,DEL,487,2
5,DEL,489,2
5,DEL,491,5
5,DEL,493,3
5,DEL,495,3
5,DEL,497,3
5,DEL,499,2
5,DEL,501,4
5,DEL,503,5
5,DEL,505,4
5,DEL,507,2
5,DEL,509,3
5,DEL,511,5
5,DEL,515,2
5,DEL,519,6
5,DEL,523,2
5,DEL,527,1
5,DEL,531,5
5,DEL,535,4
5,DEL,539,3
5,DEL,543,1
5,DEL,547,6
5,DEL,551,2
5,DEL,555,2
5,DEL,559,2
5,DEL,563,4
5,DEL,567,2
5,DEL,571,1
5,DEL,575,2
5,DEL,579,4
5,DEL,583,1
5,DEL,587,4
5,DEL,591,3
5,DEL,595,2
5,DEL,599,1
5,DEL,603,3
5,DEL,607,2
5,DEL,611,4
5,DEL,615,2
5,DEL,619,2
5,DEL,623,3
5,DEL,627,2
5,DEL,631,2
5,DEL,635,1
5,DEL,639,2
5,DEL,643,2
5,DEL,647,3
5,DEL,651,4
5,DEL,655,2
5,DEL,659,1
5,DEL,671,2
5,DEL,675,1
5,DEL,679,1
5,DEL,691,1
5,DEL,703,1
5,DEL,731,1
5,DEL,739,1
5,DEL,747,1
5,DEL,771,1
5,DEL,783,1
5,DEL,787,1
5,DEL,899,1
5,DEL,959,1
5,SET,120,1
5,SET,143,1
5,SET,167,1
5,SET,170,1
5,SET,181,1
5,SET,187,1
5,SET,197,1
5,SET,198,1
5,SET,201,2
5,SET,202,1
5,SET,211,1
5,SET,218,1
5,SET,220,1
5,SET,230,1
5,SET,231,1
5,SET,238,1
5,SET,242,1
5,SET,247,1
5,SET,251,1
5,SET,259,1
5,SET,263,2
5,SET,265,1
5,SET,269,1
5,SET,273,1
5,SET,275,2
5,SET,285,1
5,SET,295,1
5,SET,299,1
5,SET,301,1
5,SET,305,1
5,SET,307,2
5,SET,311,3
5,SET,313,2
5,SET,319,2
5,SET,321,1
5,SET,323,1
5,SET,325,5
5,SET,327,1
5,SET,333,2
5,SET,335,2
5,SET,337,1
5,SET,339,1
5,SET,343,1
5,SET,349,2
5,SET,355,2
5,SET,359,1
5,SET,363,1
5,SET,365,1
5,SET,369,1
5,SET,375,1
5,SET,377,2
5,SET,379,1
5,SET,381,3
5,SET,385,1
5,SET,391,1
5,SET,393,1
5,SET,395,1
5,SET,399,1
5,SET,401,2
5,SET,407,3
5,SET,415,1
5,SET,417,1
5,SET,419,2
5,SET,421,2
5,SET,423,1
5,SET,425,2
5,SET,427,2
5,SET,429,2
5,SET,431,3
5,SET,439,2
5,SET,443,1
5,SET,445,2
5,SET,449,1
5,SET,457,1
5,SET,459,4
5,SET,463,1
5,SET,465,3
5,SET,467,1
5,SET,475,1
5,SET,477,1
5,SET,479,1
5,SET,481,1
5,SET,483,1
5,SET,487,2
5,SET,489,1
5,SET,491,1
5,SET,503,2
5,SET,505,1
5,SET,507,1
5,SET,509,1
5,SET,515,1
5,SET,519,1
5,SET,531,2
5,SET,535,2
5,SET,543,2
5,SET,547,2
5,SET,555,1
5,SET,563,1
5,SET,575,1
5,SET,587,1
5,SET,591,1
5,SET,603,1
5,SET,611,3
5,SET,651,1
5,SET,675,1
5,SET,679,1
5,SET,691,1
6,GET,95,1
6,GET,99,1
6,GET,101,2
6,GET,102,3
6,GET,104,2
6,GET,105,1
6,GET,106,4
6,GET,109,3
6,GET,110,2
6,GET,111,6
6,GET,112,1
6,GET,113,4
6,GET,114,3
6,GET,115,2
6,GET,116,3
6,GET,118,1
6,GET,119,1
6,GET,120,4
6,GET,121,3
6,GET,122,1
6,GET,123,3
6,GET,125,2
6,GET,126,1
6,GET,128,2
6,GET,129,1
6,GET,131,2
6,GET,132,2
6,GET,133,1
6,GET,135,2
6,GET,137,2
6,GET,138,1
6,GET,139,2
6,GET,141,2
6,GET,142,2
6,GET,143,5
6,GET,144,2
6,GET,145,3
6,GET,147,2
6,GET,148,2
6,GET,149,3
6,GET,150,2
6,GET,151,2
6,GET,152,3
6,GET,153,2
6,GET,154,2
6,GET,157,1
6,GET,158,3
6,GET,159,3
6,GET,160,1
6,GET,161,2
6,GET,162,1
6,GET,164,1
6,GET,165,1
6,GET,168,2
6,GET,169,2
6,GET,170,2
6,GET,171,1
6,GET,172,4
6,GET,173,2
6,GET,175,2
6,GET,176,1
6,GET,178,1
6,GET,179,2
6,GET,180,2
6,GET,182,1
6,GET,183,4
6,GET,184,2
6,GET,185,1
6,GET,186,4
6,GET,187,2
6,GET,189,2
6,GET,190,2
6,GET,191,2
6,GET,192,1
6,GET,193,1
6,GET,196,3
6,GET,197,5
6,GET,199,1
6,GET,200,3
6,GET,201,1
6,GET,203,2
6,GET,204,5
6,GET,205,3
6,GET,206,7
6,GET,207,3
6,GET,208,2
6,GET,209,1
6,GET,210,3
6,GET,211,4
6,GET,212,2
6,GET,213,1
6,GET,214,3
6,GET,215,7
6,GET,216,2
6,GET,217,1
6,GET,218,4
6,GET,219,5
6,GET,220,1
6,GET,221,1
6,GET,222,3
6,GET,223,3
6,GET,224,6
6,GET,225,3
6,GET,226,2
6,GET,227,4
6,GET,228,5
6,GET,229,5
6,GET,230,3
6,GET,232,5
6,GET,233,4
6,GET,235,7
6,GET,236,4
6,GET,237,1
6,GET,238,8
6,GET,239,2
6,GET,240,4
6,GET,241,5
6,GET,242,4
6,GET,243,1
6,GET,244,3
6,GET,246,3
6,GET,247,5
6,GET,248,5
6,GET,249,5
6,GET,250,2
6,GET,251,2
6,GET,252,1
6,GET,253,5
6,GET,254,4
6,GET,255,7
6,GET,257,14
6,GET,259,4
6,GET,261,18
6,GET,263,17
6,GET,265,10
6,GET,267,4
6,GET,269,2
6,GET,271,16
6,GET,273,8
6,GET,275,12
6,GET,277,10
6,GET,279,5
6,GET,281,9
6,GET,283,14
6,GET,285,16
6,GET,287,11
6,GET,289,9
6,GET,291,13
6,GET,293,8
6,GET,295,10
6,GET,297,14
6,GET,299,12
6,GET,301,8
6,GET,303,14
6,GET,305,8
6,GET,307,6
6,GET,309,14
6,GET,311,9
6,GET,313,12
6,GET,315,13
6,GET,317,14
6,GET,319,12
6,GET,321,14
6,GET,323,18
6,GET,325,17
6,GET,327,14
6,GET,329,14
6,GET,331,7
6,GET,333,16
6,GET,335,12
6,GET,337,13
6,GET,339,10
6,GET,341,11
6,GET,343,13
6,GET,345,23
6,GET,347,10
6,GET,349,8
6,GET,351,19
6,GET,353,17
6,GET,355,9
6,GET,357,16
6,GET,359,15
6,GET,361,11
6,GET,363,18
6,GET,365,18
6,GET,367,16
6,GET,369,9
6,GET,371,13
6,GET,373,15
6,GET,375,19
6,GET,377,16
6,GET,379,15
6,GET,381,9
6,GET,383,21
6,GET,385,14
6,GET,387,8
6,GET,389,19
6,GET,391,13
6,GET,393,14
6,GET,395,12
6,GET,397,18
6,GET,399,16
6,GET,401,12
6,GET,403,15
6,GET,405,15
6,GET,407,14
6,GET,409,10
6,GET,411,9
6,GET,413,3
6,GET,415,10
6,GET,417,10
6,GET,419,11
6,GET,421,12
6,GET,423,12
6,GET,425,12
6,GET,427,21
6,GET,429,14
6,GET,431,11
6,GET,433,9
6,GET,435,6
6,GET,437,10
6,GET,439,14
6,GET,441,22
6,GET,443,9
6,GET,445,11
6,GET,447,11
6,GET,449,16
6,GET,451,8
6,GET,453,6
6,GET,455,17
6,GET,457,16
6,GET,459,9
6,GET,461,15
6,GET,463,9
6,GET,465,17
6,GET,467,13
6,GET,469,4
6,GET,471,10
6,GET,473,15
6,GET,475,9
6,GET,477,13
6,GET,479,3
6,GET,481,13
6,GET,483,7
6,GET,485,17
6,GET,487,13
6,GET,489,6
6,GET,491,13
6,GET,493,10
6,GET,495,10
6,GET,497,8
6,GET,499,8
6,GET,501,13
6,GET,503,12
6,GET,505,9
6,GET,507,4
6,GET,509,6
6,GET,511,5
6,GET,515,11
6,GET,519,19
6,GET,523,16
6,GET,527,13
6,GET,531,17
6,GET,535,13
6,GET,539,5
6,GET,543,6
6,GET,547,13
6,GET,551,11
6,GET,555,6
6,GET,559,10
6,GET,563,6
6,GET,567,10
6,GET,571,4
6,GET,575,12
6,GET,579,5
6,GET,583,8
6,GET,587,8
6,GET,591,7
6,GET,595,8
6,GET,599,11
6,GET,603,11
6,GET,607,5
6,GET,611,5
6,GET,615,2
6,GET,619,7
6,GET,623,7
6,GET,627,1
6,GET,631,4
6,GET,635,4
6,GET,639,4
6,GET,643,1
6,GET,647,1
6,GET,651,3
6,GET,655,6
6,GET,659,2
6,GET,663,3
6,GET,667,4
6,GET,671,3
6,GET,675,3
6,GET,679,4
6,GET,683,3
6,GET,687,3
6,GET,691,1
6,GET,695,2
6,GET,703,1
6,GET,707,1
6,GET,711,3
6,GET,715,2
6,GET,719,1
6,GET,727,2
6,GET,739,2
6,GET,747,1
6,GET,771,2
6,GET,779,1
6,GET,811,1
6,GET,827,1
6,GET,855,1
6,GET,1023,1
6,GET,1279,1
6,GET,1367,1
6,GET,1551,1
6,DEL,99,1
6,DEL,102,1
6,DEL,106,1
6,DEL,107,1
6,DEL,108,1
6,DEL,114,1
6,DEL,116,1
6,DEL,117,1
6,DEL,119,3
6,DEL,124,1
6,DEL,128,1
6,DEL,134,1
6,DEL,136,1
6,DEL,140,1
6,DEL,141,2
6,DEL,144,2
6,DEL,146,1
6,DEL,148,2
6,DEL,149,2
6,DEL,150,1
6,DEL,151,1
6,DEL,160,1
6,DEL,164,2
6,DEL,166,1
6,DEL,168,1
6,DEL,170,1
6,DEL,173,1
6,DEL,179,1
6,DEL,183,1
6,DEL,184,1
6,DEL,185,1
6,DEL,186,1
6,DEL,187,1
6,DEL,193,2
6,DEL,196,1
6,DEL,198,1
6,DEL,199,2
6,DEL,201,1
6,DEL,205,1
6,DEL,206,1
6,DEL,207,1
6,DEL,210,2
6,DEL,211,3
6,DEL,212,1
6,DEL,213,1
6,DEL,214,2
6,DEL,217,1
6,DEL,222,1
6,DEL,223,2
6,DEL,225,2
6,DEL,228,1
6,DEL,230,2
6,DEL,231,3
6,DEL,232,2
6,DEL,236,1
6,DEL,237,1
6,DEL,238,2
6,DEL,239,2
6,DEL,240,3
6,DEL,242,3
6,DEL,244,1
6,DEL,246,1
6,DEL,247,1
6,DEL,248,1
6,DEL,250,1
6,DEL,251,2
6,DEL,252,3
6,DEL,253,1
6,DEL,254,2
6,DEL,257,4
6,DEL,259,6
6,DEL,261,6
6,DEL,263,3
6,DEL,265,5
6,DEL,267,5
6,DEL,269,3
6,DEL,271,1
6,DEL,273,1
6,DEL,275,3
6,DEL,277,3
6,DEL,279,7
6,DEL,281,2
6,DEL,283,3
6,DEL,285,5
6,DEL,287,4
6,DEL,289,5
6,DEL,291,3
6,DEL,293,7
6,DEL,295,3
6,DEL,299,9
6,DEL,301,5
6,DEL,303,3
6,DEL,305,5
6,DEL,307,5
6,DEL,309,7
6,DEL,311,3
6,DEL,313,8
6,DEL,315,4
6,DEL,317,7
6,DEL,319,7
6,DEL,321,6
6,DEL,323,4
6,DEL,325,5
6,DEL,327,10
6,DEL,329,8
6,DEL,331,7
6,DEL,333,11
6,DEL,335,4
6,DEL,337,4
6,DEL,339,4
6,DEL,341,5
6,DEL,343,6
6,DEL,345,5
6,DEL,347,2
6,DEL,349,7
6,DEL,351,2
6,DEL,353,6
6,DEL,355,7
6,DEL,357,6
6,DEL,359,6
6,DEL,361,6
6,DEL,363,4
6,DEL,365,4
6,DEL,367,3
6,DEL,369,2
6,DEL,371,3
6,DEL,373,3
6,DEL,375,5
6,DEL,377,1
6,DEL,379,3
6,DEL,381,3
6,DEL,383,5
6,DEL,385,4
6,DEL,387,3
6,DEL,389,2
6,DEL,391,2
6,DEL,393,4
6,DEL,395,4
6,DEL,397,5
6,DEL,399,5
6,DEL,401,3
6,DEL,403,4
6,DEL,405,5
6,DEL,407,7
6,DEL,409,4
6,DEL,411,4
6,DEL,413,2
6,DEL,415,5
6,DEL,417,4
6,DEL,419,5
6,DEL,421,3
6,DEL,423,2
6,DEL,427,3
6,DEL,429,5
6,DEL,431,5
6,DEL,435,6
6,DEL,437,8
6,DEL,439,3
6,DEL,441,6
6,DEL,443,5
6,DEL,445,8
6,DEL,447,2
6,DEL,449,3
6,DEL,451,4
6,DEL,453,6
6,DEL,455,7
6,DEL,457,9
6,DEL,459,3
6,DEL,461,6
6,DEL,463,3
6,DEL,465,3
6,DEL,467,6
6,DEL,469,3
6,DEL,471,6
6,DEL,473,5
6,DEL,475,2
6,DEL,477,7
6,DEL,479,2
6,DEL,481,5
6,DEL,483,5
6,DEL,485,2
6,DEL,487,2
6,DEL,489,6
6,DEL,491,4
6,DEL,493,2
6,DEL,495,2
6,DEL,497,3
6,DEL,499,5
6,DEL,501,3
6,DEL,503,3
6,DEL,505,1
6,DEL,507,2
6,DEL,509,4
6,DEL,515,10
6,DEL,519,5
6,DEL,523,5
6,DEL,527,4
6,DEL,531,6
6,DEL,535,2
6,DEL,539,4
6,DEL,547,1
6,DEL,551,2
6,DEL,555,4
6,DEL,559,1
6,DEL,563,3
6,DEL,567,9
6,DEL,571,1
6,DEL,575,3
6,DEL,579,2
6,DEL,583,4
6,DEL,595,5
6,DEL,599,2
6,DEL,607,2
6,DEL,619,1
6,DEL,627,2
6,DEL,631,4
6,DEL,635,3
6,DEL,639,2
6,DEL,647,1
6,DEL,651,1
6,DEL,659,4
6,DEL,663,1
6,DEL,667,1
6,DEL,671,1
6,DEL,675,2
6,DEL,679,1
6,DEL,683,2
6,DEL,687,1
6,DEL,691,1
6,DEL,695,1
6,DEL,711,1
6,DEL,719,1
6,DEL,727,1
6,DEL,735,1
6,DEL,751,1
6,DEL,759,1
6,DEL,795,1
6,DEL,891,1
6,DEL,915,1
6,DEL,927,1
6,DEL,1023,1
6,DEL,4863,1
6,SET,113,1
6,SET,116,3
6,SET,119,1
6,SET,121,1
6,SET,126,1
6,SET,133,1
6,SET,142,1
6,SET,148,1
6,SET,174,1
6,SET,176,1
6,SET,182,1
6,SET,183,1
6,SET,197,1
6,SET,199,1
6,SET,206,1
6,SET,218,1
6,SET,240,1
6,SET,244,2
6,SET,245,2
6,SET,247,1
6,SET,255,1
6,SET,259,1
6,SET,263,1
6,SET,265,1
6,SET,275,2
6,SET,279,1
6,SET,281,1
6,SET,283,1
6,SET,285,1
6,SET,291,2
6,SET,293,1
6,SET,297,2
6,SET,305,1
6,SET,307,2
6,SET,309,1
6,SET,315,1
6,SET,317,2
6,SET,319,2
6,SET,321,1
6,SET,323,1
6,SET,327,2
6,SET,329,1
6,SET,333,1
6,SET,337,1
6,SET,339,3
6,SET,343,1
6,SET,347,2
6,SET,349,1
6,SET,351,1
6,SET,353,1
6,SET,355,1
6,SET,357,1
6,SET,359,2
6,SET,361,1
6,SET,365,1
6,SET,369,1
6,SET,375,1
6,SET,377,1
6,SET,381,1
6,SET,383,1
6,SET,385,2
6,SET,391,2
6,SET,393,2
6,SET,395,2
6,SET,401,4
6,SET,407,2
6,SET,409,1
6,SET,411,1
6,SET,415,2
6,SET,417,1
6,SET,421,2
6,SET,427,1
6,SET,429,2
6,SET,431,2
6,SET,433,1
6,SET,439,1
6,SET,445,2
6,SET,447,1
6,SET,451,2
6,SET,467,2
6,SET,469,1
6,SET,473,1
6,SET,479,1
6,SET,483,1
6,SET,485,1
6,SET,487,1
6,SET,497,1
6,SET,499,1
6,SET,501,1
6,SET,503,1
6,SET,505,1
6,SET,507,1
6,SET,509,1
6,SET,515,2
6,SET,523,1
6,SET,527,1
6,SET,531,3
6,SET,539,3
6,SET,543,1
6,SET,547,1
6,SET,563,2
6,SET,571,1
6,SET,583,1
6,SET,591,1
6,SET,599,1
6,SET,611,2
6,SET,615,1
6,SET,655,1
6,SET,671,1
6,SET,695,1
6,SET,783,1
7,GET,100,1
7,GET,101,1
7,GET,103,1
7,GET,104,2
7,GET,105,1
7,GET,106,1
7,GET,107,4
7,GET,108,1
7,GET,109,4
7,GET,110,1
7,GET,111,3
7,GET,112,1
7,GET,113,2
7,GET,114,1
7,GET,115,1
7,GET,116,4
7,GET,117,1
7,GET,118,2
7,GET,119,1
7,GET,120,3
7,GET,122,3
7,GET,123,2
7,GET,124,1
7,GET,125,4
7,GET,127,2
7,GET,130,1
7,GET,131,3
7,GET,132,1
7,GET,133,2
7,GET,134,2
7,GET,135,1
7,GET,136,2
7,GET,138,2
7,GET,139,1
7,GET,140,3
7,GET,141,2
7,GET,143,2
7,GET,144,2
7,GET,145,2
7,GET,146,3
7,GET,147,3
7,GET,148,1
7,GET,149,3
7,GET,151,2
7,GET,152,1
7,GET,154,1
7,GET,155,2
7,GET,156,1
7,GET,162,2
7,GET,163,1
7,GET,164,1
7,GET,165,3
7,GET,166,2
7,GET,167,1
7,GET,168,1
7,GET,169,3
7,GET,170,1
7,GET,173,2
7,GET,174,1
7,GET,177,1
7,GET,178,1
7,GET,179,2
7,GET,180,1
7,GET,181,2
7,GET,183,2
7,GET,184,4
7,GET,185,4
7,GET,186,2
7,GET,187,1
7,GET,188,2
7,GET,190,2
7,GET,191,3
7,GET,194,3
7,GET,195,2
7,GET,196,6
7,GET,198,5
7,GET,199,2
7,GET,200,1
7,GET,202,2
7,GET,203,1
7,GET,205,2
7,GET,206,3
7,GET,207,1
7,GET,208,1
7,GET,209,5
7,GET,210,3
7,GET,212,4
7,GET,213,3
7,GET,214,4
7,GET,215,2
7,GET,216,3
7,GET,217,2
7,GET,218,3
7,GET,219,2
7,GET,220,3
7,GET,221,3
7,GET,222,2
7,GET,223,1
7,GET,224,1
7,GET,225,4
7,GET,226,4
7,GET,227,6
7,GET,228,1
7,GET,229,5
7,GET,230,2
7,GET,231,5
7,GET,232,3
7,GET,233,8
7,GET,234,6
7,GET,235,3
7,GET,236,3
7,GET,237,6
7,GET,238,5
7,GET,239,5
7,GET,240,6
7,GET,241,5
7,GET,242,3
7,GET,243,2
7,GET,244,3
7,GET,245,5
7,GET,246,6
7,GET,247,2
7,GET,248,3
7,GET,249,5
7,GET,250,7
7,GET,251,2
7,GET,252,4
7,GET,253,1
7,GET,254,6
7,GET,255,1
7,GET,257,12
7,GET,259,14
7,GET,261,11
7,GET,263,9
7,GET,265,13
7,GET,267,8
7,GET,269,10
7,GET,271,11
7,GET,273,6
7,GET,275,9
7,GET,277,10
7,GET,279,9
7,GET,281,17
7,GET,283,17
7,GET,285,7
7,GET,287,7
7,GET,289,12
7,GET,291,8
7,GET,293,11
7,GET,295,8
7,GET,297,9
7,GET,299,17
7,GET,301,17
7,GET,303,7
7,GET,305,15
7,GET,307,10
7,GET,309,18
7,GET,311,15
7,GET,313,22
7,GET,315,12
7,GET,317,21
7,GET,319,13
7,GET,321,18
7,GET,323,19
7,GET,325,15
7,GET,327,9
7,GET,329,13
7,GET,331,8
7,GET,333,16
7,GET,335,17
7,GET,337,8
7,GET,339,13
7,GET,341,16
7,GET,343,16
7,GET,345,17
7,GET,347,20
7,GET,349,18
7,GET,351,11
7,GET,353,11
7,GET,355,13
7,GET,357,16
7,GET,359,10
7,GET,361,10
7,GET,363,13
7,GET,365,14
7,GET,367,11
7,GET,369,9
7,GET,371,9
7,GET,373,12
7,GET,375,18
7,GET,377,10
7,GET,379,10
7,GET,381,8
7,GET,383,6
7,GET,385,16
7,GET,387,11
7,GET,389,15
7,GET,391,16
7,GET,393,15
7,GET,395,15
7,GET,397,10
7,GET,399,14
7,GET,401,16
7,GET,403,20
7,GET,405,7
7,GET,407,16
7,GET,409,13
7,GET,411,16
7,GET,413,11
7,GET,415,13
7,GET,417,6
7,GET,419,10
7,GET,421,15
7,GET,423,13
7,GET,425,17
7,GET,427,15
7,GET,429,9
7,GET,431,16
7,GET,433,10
7,GET,435,18
7,GET,437,12
7,GET,439,8
7,GET,441,9
7,GET,443,21
7,GET,445,9
7,GET,447,9
7,GET,449,13
7,GET,451,12
7,GET,453,10
7,GET,455,6
7,GET,457,14
7,GET,459,9
7,GET,461,9
7,GET,463,14
7,GET,465,11
7,GET,467,10
7,GET,469,8
7,GET,471,11
7,GET,473,6
7,GET,475,10
7,GET,477,7
7,GET,479,9
7,GET,481,16
7,GET,483,8
7,GET,485,8
7,GET,487,10
7,GET,489,12
7,GET,491,9
7,GET,493,3
7,GET,495,8
7,GET,497,7
7,GET,499,7
7,GET,501,2
7,GET,503,8
7,GET,505,10
7,GET,507,7
7,GET,509,9
7,GET,511,10
7,GET,515,13
7,GET,519,13
7,GET,523,11
7,GET,527,16
7,GET,531,8
7,GET,535,12
7,GET,539,13
7,GET,543,12
7,GET,547,14
7,GET,551,8
7,GET,555,10
7,GET,559,8
7,GET,563,5
7,GET,567,12
7,GET,571,6
7,GET,575,6
7,GET,579,10
7,GET,583,5
7,GET,587,10
7,GET,591,5
7,GET,595,5
7,GET,599,2
7,GET,603,4
7,GET,607,4
7,GET,611,6
7,GET,615,6
7,GET,619,4
7,GET,623,5
7,GET,627,7
7,GET,631,4
7,GET,635,4
7,GET,639,2
7,GET,643,2
7,GET,647,4
7,GET,651,2
7,GET,655,3
7,GET,659,2
7,GET,663,5
7,GET,667,1
7,GET,671,2
7,GET,675,3
7,GET,679,3
7,GET,683,1
7,GET,687,3
7,GET,691,2
7,GET,695,1
7,GET,699,3
7,GET,703,4
7,GET,707,1
7,GET,711,2
7,GET,715,2
7,GET,719,2
7,GET,727,1
7,GET,731,2
7,GET,735,1
7,GET,739,3
7,GET,743,1
7,GET,747,1
7,GET,751,3
7,GET,771,1
7,GET,775,2
7,GET,795,1
7,GET,831,1
7,GET,867,1
7,GET,875,1
7,GET,915,1
7,GET,967,1
7,GET,999,1
7,GET,1111,1
7,GET,1231,1
7,GET,1407,1
7,GET,1543,1
7,SET,116,1
7,SET,118,1
7,SET,120,1
7,SET,138,1
7,SET,147,1
7,SET,156,1
7,SET,165,1
7,SET,168,1
7,SET,169,1
7,SET,178,1
7,SET,184,1
7,SET,190,1
7,SET,191,1
7,SET,192,1
7,SET,213,1
7,SET,214,1
7,SET,226,3
7,SET,232,1
7,SET,233,1
7,SET,239,1
7,SET,245,1
7,SET,246,1
7,SET,247,1
7,SET,253,1
7,SET,254,1
7,SET,257,2
7,SET,259,1
7,SET,263,2
7,SET,265,1
7,SET,269,1
7,SET,271,2
7,SET,275,3
7,SET,277,2
7,SET,279,1
7,SET,283,2
7,SET,295,1
7,SET,297,2
7,SET,301,1
7,SET,303,1
7,SET,305,2
7,SET,307,1
7,SET,311,1
7,SET,313,2
7,SET,317,2
7,SET,319,1
7,SET,321,1
7,SET,325,4
7,SET,327,1
7,SET,329,4
7,SET,331,1
7,SET,333,1
7,SET,335,2
7,SET,337,1
7,SET,339,1
7,SET,341,1
7,SET,343,1
7,SET,347,3
7,SET,349,1
7,SET,351,1
7,SET,359,3
7,SET,365,2
7,SET,367,1
7,SET,375,1
7,SET,377,4
7,SET,385,1
7,SET,391,1
7,SET,393,2
7,SET,395,2
7,SET,397,1
7,SET,399,2
7,SET,403,1
7,SET,405,1
7,SET,407,1
7,SET,413,1
7,SET,415,3
7,SET,417,2
7,SET,427,1
7,SET,433,1
7,SET,437,1
7,SET,443,1
7,SET,445,1
7,SET,447,1
7,SET,449,2
7,SET,451,3
7,SET,453,1
7,SET,455,1
7,SET,457,1
7,SET,459,1
7,SET,461,1
7,SET,463,2
7,SET,465,2
7,SET,469,2
7,SET,471,2
7,SET,473,1
7,SET,475,1
7,SET,477,1
7,SET,479,1
7,SET,489,1
7,SET,493,1
7,SET,499,1
7,SET,501,1
7,SET,509,2
7,SET,515,1
7,SET,519,3
7,SET,523,1
7,SET,527,1
7,SET,531,1
7,SET,543,1
7,SET,547,1
7,SET,551,1
7,SET,555,2
7,SET,559,1
7,SET,563,1
7,SET,575,2
7,SET,579,3
7,SET,583,2
7,SET,587,2
7,SET,591,1
7,SET,595,2
7,SET,607,1
7,SET,627,1
7,SET,655,1
7,SET,663,2
7,SET,671,1
7,SET,699,1
7,SET,719,1
7,SET,775,1
7,SET,891,1
7,DEL,100,1
7,DEL,104,1
7,DEL,112,1
7,DEL,124,1
7,DEL,128,2
7,DEL,135,1
7,DEL,137,1
7,DEL,140,1
7,DEL,141,1
7,DEL,142,2
7,DEL,144,1
7,DEL,145,2
7,DEL,150,1
7,DEL,160,1
7,DEL,164,1
7,DEL,165,3
7,DEL,171,1
7,DEL,172,1
7,DEL,174,1
7,DEL,176,2
7,DEL,178,1
7,DEL,179,2
7,DEL,180,1
7,DEL,185,1
7,DEL,190,1
7,DEL,193,2
7,DEL,194,1
7,DEL,197,2
7,DEL,198,1
7,DEL,199,1
7,DEL,200,1
7,DEL,201,2
7,DEL,203,1
7,DEL,204,2
7,DEL,207,1
7,DEL,208,1
7,DEL,209,2
7,DEL,210,1
7,DEL,211,1
7,DEL,212,1
7,DEL,213,2
7,DEL,214,2
7,DEL,215,1
7,DEL,222,2
7,DEL,225,1
7,DEL,227,2
7,DEL,229,2
7,DEL,230,5
7,DEL,231,1
7,DEL,232,1
7,DEL,234,4
7,DEL,235,1
7,DEL,237,4
7,DEL,238,5
7,DEL,241,3
7,DEL,242,1
7,DEL,244,1
7,DEL,246,4
7,DEL,248,1
7,DEL,249,1
7,DEL,250,1
7,DEL,253,3
7,DEL,254,4
7,DEL,255,1
7,DEL,257,4
7,DEL,259,4
7,DEL,261,1
7,DEL,263,2
7,DEL,265,3
7,DEL,267,6
7,DEL,269,6
7,DEL,271,1
7,DEL,273,2
7,DEL,275,2
7,DEL,277,1
7,DEL,279,6
7,DEL,281,8
7,DEL,283,2
7,DEL,285,3
7,DEL,287,4
7,DEL,289,5
7,DEL,291,6
7,DEL,293,1
7,DEL,295,3
7,DEL,297,5
7,DEL,299,6
7,DEL,301,3
7,DEL,303,5
7,DEL,305,3
7,DEL,307,11
7,DEL,309,3
7,DEL,311,5
7,DEL,313,7
7,DEL,315,4
7,DEL,317,4
7,DEL,319,5
7,DEL,321,5
7,DEL,323,1
7,DEL,325,2
7,DEL,327,7
7,DEL,329,2
7,DEL,331,4
7,DEL,333,7
7,DEL,335,9
7,DEL,337,7
7,DEL,339,4
7,DEL,341,2
7,DEL,343,8
7,DEL,345,8
7,DEL,347,6
7,DEL,349,2
7,DEL,351,5
7,DEL,353,5
7,DEL,355,4
7,DEL,357,5
7,DEL,359,12
7,DEL,361,5
7,DEL,363,4
7,DEL,365,6
7,DEL,367,2
7,DEL,369,5
7,DEL,371,4
7,DEL,373,7
7,DEL,375,2
7,DEL,377,6
7,DEL,379,5
7,DEL,381,7
7,DEL,383,4
7,DEL,385,7
7,DEL,387,9
7,DEL,389,3
7,DEL,391,6
7,DEL,393,6
7,DEL,395,5
7,DEL,397,2
7,DEL,399,4
7,DEL,401,10
7,DEL,403,4
7,DEL,405,7
7,DEL,407,6
7,DEL,409,4
7,DEL,411,10
7,DEL,413,4
7,DEL,415,3
7,DEL,417,7
7,DEL,419,3
7,DEL,421,4
7,DEL,423,6
7,DEL,425,8
7,DEL,427,6
7,DEL,429,4
7,DEL,431,4
7,DEL,433,3
7,DEL,435,4
7,DEL,437,3
7,DEL,439,7
7,DEL,441,4
7,DEL,445,1
7,DEL,447,5
7,DEL,449,3
7,DEL,451,4
7,DEL,453,8
7,DEL,455,7
7,DEL,457,2
7,DEL,459,2
7,DEL,461,4
7,DEL,463,2
7,DEL,465,5
7,DEL,467,3
7,DEL,469,3
7,DEL,471,6
7,DEL,473,7
7,DEL,475,4
7,DEL,477,7
7,DEL,479,2
7,DEL,481,3
7,DEL,483,5
7,DEL,485,6
7,DEL,487,2
7,DEL,489,1
7,DEL,491,5
7,DEL,493,1
7,DEL,495,1
7,DEL,497,3
7,DEL,499,6
7,DEL,501,2
7,DEL,503,3
7,DEL,505,3
7,DEL,507,1
7,DEL,509,2
7,DEL,511,2
7,DEL,515,2
7,DEL,519,4
7,DEL,523,4
7,DEL,527,1
7,DEL,531,8
7,DEL,535,4
7,DEL,539,2
7,DEL,543,1
7,DEL,547,2
7,DEL,551,1
7,DEL,555,2
7,DEL,559,1
7,DEL,563,7
7,DEL,567,3
7,DEL,571,1
7,DEL,575,2
7,DEL,579,4
7,DEL,583,1
7,DEL,587,1
7,DEL,591,3
7,DEL,595,2
7,DEL,599,2
7,DEL,603,1
7,DEL,607,2
7,DEL,611,4
7,DEL,615,1
7,DEL,623,2
7,DEL,631,3
7,DEL,635,2
7,DEL,639,1
7,DEL,643,1
7,DEL,647,1
7,DEL,651,3
7,DEL,655,3
7,DEL,667,2
7,DEL,671,1
7,DEL,675,2
7,DEL,683,1
7,DEL,687,3
7,DEL,699,1
7,DEL,711,1
7,DEL,719,1
7,DEL,727,1
7,DEL,751,2
7,DEL,779,1
7,DEL,795,1
7,DEL,803,1
7,DEL,823,1
7,DEL,915,1
7,DEL,979,1
8,DEL,112,1
8,DEL,114,1
8,DEL,115,1
8,DEL,118,2
8,DEL,119,2
8,DEL,122,1
8,DEL,125,1
8,DEL,128,1
8,DEL,130,1
8,DEL,132,1
8,DEL,133,2
8,DEL,135,1
8,DEL,136,1
8,DEL,137,1
8,DEL,138,1
8,DEL,139,2
8,DEL,140,1
8,DEL,141,1
8,DEL,142,1
8,DEL,144,1
8,DEL,145,2
8,DEL,149,1
8,DEL,154,1
8,DEL,157,1
8,DEL,158,1
8,DEL,159,1
8,DEL,163,1
8,DEL,165,2
8,DEL,167,1
8,DEL,169,1
8,DEL,171,2
8,DEL,172,1
8,DEL,177,1
8,DEL,180,1
8,DEL,182,2
8,DEL,186,1
8,DEL,189,1
8,DEL,192,2
8,DEL,195,1
8,DEL,196,1
8,DEL,197,1
8,DEL,199,1
8,DEL,200,1
8,DEL,204,1
8,DEL,205,3
8,DEL,208,1
8,DEL,209,2
8,DEL,211,1
8,DEL,212,2
8,DEL,215,2
8,DEL,216,3
8,DEL,217,1
8,DEL,218,1
8,DEL,219,2
8,DEL,220,1
8,DEL,221,2
8,DEL,224,3
8,DEL,226,1
8,DEL,227,1
8,DEL,228,1
8,DEL,229,3
8,DEL,233,1
8,DEL,235,1
8,DEL,236,1
8,DEL,237,1
8,DEL,239,1
8,DEL,240,1
8,DEL,244,2
8,DEL,248,2
8,DEL,249,3
8,DEL,250,1
8,DEL,251,1
8,DEL,252,3
8,DEL,253,1
8,DEL,254,2
8,DEL,255,4
8,DEL,257,3
8,DEL,259,4
8,DEL,261,5
8,DEL,263,2
8,DEL,265,3
8,DEL,267,6
8,DEL,269,3
8,DEL,271,2
8,DEL,273,1
8,DEL,275,4
8,DEL,277,5
8,DEL,279,5
8,DEL,281,3
8,DEL,283,6
8,DEL,285,2
8,DEL,287,7
8,DEL,289,8
8,DEL,291,5
8,DEL,293,4
8,DEL,295,3
8,DEL,297,6
8,DEL,299,4
8,DEL,301,4
8,DEL,303,3
8,DEL,305,5
8,DEL,307,4
8,DEL,309,5
8,DEL,311,4
8,DEL,313,3
8,DEL,315,4
8,DEL,317,3
8,DEL,319,7
8,DEL,321,4
8,DEL,323,4
8,DEL,325,5
8,DEL,327,1
8,DEL,329,4
8,DEL,331,4
8,DEL,333,1
8,DEL,335,5
8,DEL,337,5
8,DEL,339,9
8,DEL,341,2
8,DEL,343,7
8,DEL,345,3
8,DEL,347,3
8,DEL,349,4
8,DEL,351,5
8,DEL,353,4
8,DEL,355,3
8,DEL,357,6
8,DEL,359,2
8,DEL,361,2
8,DEL,363,4
8,DEL,365,4
8,DEL,367,6
8,DEL,369,5
8,DEL,371,8
8,DEL,373,2
8,DEL,375,6
8,DEL,377,3
8,DEL,379,8
8,DEL,381,5
8,DEL,383,2
8,DEL,385,2
8,DEL,387,9
8,DEL,389,9
8,DEL,391,2
8,DEL,393,6
8,DEL,395,4
8,DEL,397,9
8,DEL,399,2
8,DEL,401,5
8,DEL,403,3
8,DEL,405,8
8,DEL,407,5
8,DEL,409,2
8,DEL,411,3
8,DEL,413,5
8,DEL,415,8
8,DEL,417,3
8,DEL,419,6
8,DEL,421,4
8,DEL,423,5
8,DEL,425,6
8,DEL,427,3
8,DEL,429,7
8,DEL,431,3
8,DEL,433,5
8,DEL,435,3
8,DEL,437,3
8,DEL,441,5
8,DEL,443,3
8,DEL,445,3
8,DEL,447,3
8,DEL,449,5
8,DEL,451,4
8,DEL,453,8
8,DEL,455,4
8,DEL,457,3
8,DEL,459,4
8,DEL,461,4
8,DEL,463,6
8,DEL,465,6
8,DEL,467,3
8,DEL,469,2
8,DEL,471,5
8,DEL,473,2
8,DEL,475,4
8,DEL,477,1
8,DEL,479,2
8,DEL,481,5
8,DEL,483,3
8,DEL,485,5
8,DEL,487,3
8,DEL,489,1
8,DEL,491,6
8,DEL,493,3
8,DEL,495,2
8,DEL,497,3
8,DEL,499,1
8,DEL,501,2
8,DEL,503,3
8,DEL,507,4
8,DEL,509,4
8,DEL,511,4
8,DEL,515,6
8,DEL,519,5
8,DEL,523,8
8,DEL,527,6
8,DEL,531,6
8,DEL,535,3
8,DEL,539,4
8,DEL,543,4
8,DEL,547,4
8,DEL,551,5
8,DEL,555,1
8,DEL,563,2
8,DEL,567,3
8,DEL,571,1
8,DEL,575,1
8,DEL,579,3
8,DEL,583,4
8,DEL,587,3
8,DEL,591,3
8,DEL,595,1
8,DEL,599,2
8,DEL,603,1
8,DEL,607,1
8,DEL,611,2
8,DEL,615,1
8,DEL,619,4
8,DEL,623,4
8,DEL,631,2
8,DEL,635,1
8,DEL,639,2
8,DEL,643,1
8,DEL,647,2
8,DEL,655,3
8,DEL,659,1
8,DEL,663,2
8,DEL,675,2
8,DEL,687,1
8,DEL,695,1
8,DEL,699,1
8,DEL,715,3
8,DEL,763,1
8,DEL,787,1
8,DEL,795,1
8,DEL,811,1
8,DEL,863,1
8,DEL,887,1
8,SET,117,1
8,SET,128,1
8,SET,139,1
8,SET,141,1
8,SET,145,1
8,SET,164,1
8,SET,169,1
8,SET,178,1
8,SET,179,1
8,SET,196,1
8,SET,210,1
8,SET,214,1
8,SET,216,1
8,SET,219,1
8,SET,220,1
8,SET,221,1
8,SET,229,2
8,SET,232,2
8,SET,239,1
8,SET,244,1
8,SET,246,1
8,SET,247,1
8,SET,249,1
8,SET,252,1
8,SET,253,1
8,SET,257,1
8,SET,261,1
8,SET,269,1
8,SET,275,1
8,SET,277,1
8,SET,279,1
8,SET,283,2
8,SET,285,1
8,SET,287,1
8,SET,289,1
8,SET,293,1
8,SET,299,1
8,SET,301,1
8,SET,303,3
8,SET,307,1
8,SET,309,1
8,SET,311,2
8,SET,313,2
8,SET,315,1
8,SET,317,1
8,SET,319,1
8,SET,321,1
8,SET,323,1
8,SET,327,1
8,SET,329,1
8,SET,331,1
8,SET,335,3
8,SET,339,1
8,SET,341,1
8,SET,347,2
8,SET,349,2
8,SET,351,1
8,SET,353,1
8,SET,359,2
8,SET,363,1
8,SET,367,1
8,SET,369,1
8,SET,373,3
8,SET,375,2
8,SET,377,1
8,SET,379,2
8,SET,381,1
8,SET,383,1
8,SET,385,1
8,SET,393,5
8,SET,395,2
8,SET,399,1
8,SET,401,1
8,SET,403,1
8,SET,405,2
8,SET,409,1
8,SET,411,1
8,SET,413,2
8,SET,415,2
8,SET,417,1
8,SET,421,1
8,SET,423,4
8,SET,425,1
8,SET,429,2
8,SET,431,2
8,SET,435,1
8,SET,437,1
8,SET,439,1
8,SET,445,1
8,SET,447,1
8,SET,451,1
8,SET,453,1
8,SET,455,1
8,SET,457,1
8,SET,461,1
8,SET,463,1
8,SET,465,2
8,SET,467,1
8,SET,469,2
8,SET,473,1
8,SET,475,1
8,SET,477,1
8,SET,479,2
8,SET,481,1
8,SET,483,1
8,SET,487,2
8,SET,489,1
8,SET,493,1
8,SET,495,1
8,SET,499,1
8,SET,501,1
8,SET,505,1
8,SET,515,3
8,SET,519,3
8,SET,531,2
8,SET,535,1
8,SET,547,1
8,SET,551,2
8,SET,555,2
8,SET,559,1
8,SET,567,1
8,SET,575,1
8,SET,579,3
8,SET,591,1
8,SET,603,1
8,SET,615,2
8,SET,647,1
8,SET,655,1
8,SET,1407,1
8,GET,95,1
8,GET,97,1
8,GET,101,1
8,GET,109,2
8,GET,110,1
8,GET,111,3
8,GET,112,1
8,GET,113,5
8,GET,115,2
8,GET,116,2
8,GET,118,2
8,GET,119,2
8,GET,120,1
8,GET,121,2
8,GET,122,3
8,GET,123,3
8,GET,124,1
8,GET,126,2
8,GET,128,2
8,GET,129,2
8,GET,130,2
8,GET,131,1
8,GET,132,1
8,GET,133,1
8,GET,134,1
8,GET,135,1
8,GET,136,3
8,GET,137,2
8,GET,138,2
8,GET,139,4
8,GET,140,1
8,GET,141,1
8,GET,143,1
8,GET,145,1
8,GET,146,1
8,GET,147,1
8,GET,149,1
8,GET,150,4
8,GET,152,1
8,GET,153,1
8,GET,154,2
8,GET,155,1
8,GET,157,3
8,GET,158,1
8,GET,159,1
8,GET,161,1
8,GET,162,4
8,GET,163,2
8,GET,164,2
8,GET,165,3
8,GET,166,2
8,GET,167,2
8,GET,169,1
8,GET,171,1
8,GET,173,3
8,GET,174,1
8,GET,176,2
8,GET,177,3
8,GET,178,1
8,GET,179,3
8,GET,180,1
8,GET,182,1
8,GET,183,2
8,GET,185,2
8,GET,186,2
8,GET,187,1
8,GET,188,2
8,GET,189,1
8,GET,190,2
8,GET,191,1
8,GET,193,2
8,GET,194,1
8,GET,196,3
8,GET,197,2
8,GET,198,2
8,GET,199,2
8,GET,200,2
8,GET,201,1
8,GET,202,2
8,GET,203,2
8,GET,204,3
8,GET,205,1
8,GET,206,1
8,GET,207,2
8,GET,208,2
8,GET,209,2
8,GET,210,3
8,GET,211,3
8,GET,212,1
8,GET,213,2
8,GET,214,3
8,GET,215,4
8,GET,216,5
8,GET,217,4
8,GET,218,6
8,GET,219,2
8,GET,220,4
8,GET,221,4
8,GET,222,5
8,GET,223,6
8,GET,224,4
8,GET,225,2
8,GET,226,3
8,GET,227,3
8,GET,228,3
8,GET,229,5
8,GET,230,7
8,GET,231,3
8,GET,232,3
8,GET,233,3
8,GET,234,4
8,GET,235,4
8,GET,236,1
8,GET,237,4
8,GET,238,2
8,GET,239,3
8,GET,240,4
8,GET,241,5
8,GET,242,7
8,GET,243,6
8,GET,244,6
8,GET,245,2
8,GET,246,2
8,GET,247,7
8,GET,248,5
8,GET,249,2
8,GET,250,4
8,GET,251,7
8,GET,252,7
8,GET,253,8
8,GET,254,7
8,GET,255,3
8,GET,257,6
8,GET,259,11
8,GET,261,6
8,GET,263,12
8,GET,265,13
8,GET,267,7
8,GET,269,11
8,GET,271,5
8,GET,273,15
8,GET,275,8
8,GET,277,8
8,GET,279,8
8,GET,281,12
8,GET,283,13
8,GET,285,14
8,GET,287,12
8,GET,289,19
8,GET,291,16
8,GET,293,11
8,GET,295,11
8,GET,297,13
8,GET,299,11
8,GET,301,12
8,GET,303,17
8,GET,305,9
8,GET,307,7
8,GET,309,7
8,GET,311,8
8,GET,313,12
8,GET,315,7
8,GET,317,13
8,GET,319,16
8,GET,321,22
8,GET,323,13
8,GET,325,22
8,GET,327,14
8,GET,329,16
8,GET,331,19
8,GET,333,13
8,GET,335,18
8,GET,337,12
8,GET,339,11
8,GET,341,7
8,GET,343,15
8,GET,345,18
8,GET,347,11
8,GET,349,13
8,GET,351,12
8,GET,353,11
8,GET,355,17
8,GET,357,7
8,GET,359,16
8,GET,361,19
8,GET,363,16
8,GET,365,11
8,GET,367,14
8,GET,369,14
8,GET,371,14
8,GET,373,10
8,GET,375,10
8,GET,377,17
8,GET,379,10
8,GET,381,9
8,GET,383,12
8,GET,385,16
8,GET,387,18
8,GET,389,16
8,GET,391,12
8,GET,393,9
8,GET,395,10
8,GET,397,7
8,GET,399,9
8,GET,401,18
8,GET,403,13
8,GET,405,16
8,GET,407,12
8,GET,409,7
8,GET,411,10
8,GET,413,23
8,GET,415,10
8,GET,417,13
8,GET,419,10
8,GET,421,19
8,GET,423,13
8,GET,425,13
8,GET,427,11
8,GET,429,14
8,GET,431,17
8,GET,433,22
8,GET,435,10
8,GET,437,14
8,GET,439,9
8,GET,441,9
8,GET,443,10
8,GET,445,13
8,GET,447,15
8,GET,449,6
8,GET,451,15
8,GET,453,19
8,GET,455,14
8,GET,457,15
8,GET,459,19
8,GET,461,8
8,GET,463,12
8,GET,465,15
8,GET,467,13
8,GET,469,14
8,GET,471,11
8,GET,473,9
8,GET,475,9
8,GET,477,15
8,GET,479,4
8,GET,481,13
8,GET,483,14
8,GET,485,10
8,GET,487,9
8,GET,489,9
8,GET,491,8
8,GET,493,12
8,GET,495,6
8,GET,497,5
8,GET,499,9
8,GET,501,10
8,GET,503,5
8,GET,505,8
8,GET,507,5
8,GET,509,5
8,GET,511,7
8,GET,515,10
8,GET,519,13
8,GET,523,15
8,GET,527,13
8,GET,531,15
8,GET,535,15
8,GET,539,8
8,GET,543,10
8,GET,547,14
8,GET,551,5
8,GET,555,6
8,GET,559,7
8,GET,563,17
8,GET,567,4
8,GET,571,11
8,GET,575,6
8,GET,579,9
8,GET,583,5
8,GET,587,12
8,GET,591,7
8,GET,595,4
8,GET,599,9
8,GET,603,6
8,GET,607,6
8,GET,611,2
8,GET,615,4
8,GET,619,3
8,GET,623,5
8,GET,627,6
8,GET,631,3
8,GET,635,5
8,GET,639,1
8,GET,643,5
8,GET,647,2
8,GET,651,1
8,GET,655,5
8,GET,659,3
8,GET,663,4
8,GET,667,2
8,GET,671,2
8,GET,679,1
8,GET,683,4
8,GET,687,1
8,GET,691,2
8,GET,695,2
8,GET,699,2
8,GET,703,4
8,GET,715,3
8,GET,723,1
8,GET,731,1
8,GET,743,1
8,GET,751,3
8,GET,755,1
8,GET,771,1
8,GET,791,2
8,GET,799,1
8,GET,803,2
8,GET,815,1
8,GET,831,1
8,GET,947,1
8,GET,1055,1
8,GET,1359,1
8,GET,1559,1
9,SET,115,1
9,SET,119,1
9,SET,137,1
9,SET,161,1
9,SET,183,1
9,SET,204,1
9,SET,212,1
9,SET,217,1
9,SET,221,1
9,SET,223,1
9,SET,225,1
9,SET,227,1
9,SET,229,1
9,SET,233,1
9,SET,237,1
9,SET,239,2
9,SET,240,1
9,SET,241,1
9,SET,243,1
9,SET,246,1
9,SET,251,1
9,SET,263,1
9,SET,281,1
9,SET,287,1
9,SET,289,2
9,SET,295,1
9,SET,297,1
9,SET,299,1
9,SET,303,2
9,SET,307,1
9,SET,311,1
9,SET,313,1
9,SET,315,1
9,SET,317,1
9,SET,319,2
9,SET,321,2
9,SET,325,1
9,SET,327,2
9,SET,329,3
9,SET,331,1
9,SET,335,1
9,SET,339,3
9,SET,341,2
9,SET,343,2
9,SET,345,1
9,SET,349,1
9,SET,355,2
9,SET,357,1
9,SET,361,1
9,SET,363,1
9,SET,367,3
9,SET,369,2
9,SET,371,2
9,SET,373,1
9,SET,375,1
9,SET,379,1
9,SET,381,1
9,SET,383,1
9,SET,385,1
9,SET,387,1
9,SET,391,1
9,SET,393,1
9,SET,395,2
9,SET,401,2
9,SET,403,2
9,SET,407,1
9,SET,411,1
9,SET,413,2
9,SET,415,1
9,SET,417,1
9,SET,421,1
9,SET,425,1
9,SET,429,2
9,SET,431,1
9,SET,435,3
9,SET,441,2
9,SET,443,1
9,SET,445,1
9,SET,449,1
9,SET,453,1
9,SET,459,1
9,SET,463,2
9,SET,467,1
9,SET,473,3
9,SET,477,1
9,SET,481,1
9,SET,485,1
9,SET,489,3
9,SET,493,2
9,SET,501,2
9,SET,505,2
9,SET,519,1
9,SET,523,2
9,SET,527,1
9,SET,531,1
9,SET,535,2
9,SET,547,1
9,SET,559,1
9,SET,563,1
9,SET,567,1
9,SET,571,1
9,SET,579,2
9,SET,587,1
9,SET,591,1
9,SET,595,1
9,SET,599,2
9,SET,607,1
9,SET,647,1
9,SET,651,2
9,SET,655,1
9,SET,679,1
9,SET,687,1
9,SET,827,1
9,DEL,107,1
9,DEL,108,1
9,DEL,109,1
9,DEL,114,1
9,DEL,115,1
9,DEL,116,1
9,DEL,117,1
9,DEL,118,1
9,DEL,119,1
9,DEL,131,1
9,DEL,133,2
9,DEL,136,1
9,DEL,137,1
9,DEL,143,1
9,DEL,145,2
9,DEL,147,1
9,DEL,152,1
9,DEL,156,2
9,DEL,157,1
9,DEL,158,1
9,DEL,161,1
9,DEL,162,2
9,DEL,164,1
9,DEL,168,1
9,DEL,169,1
9,DEL,174,1
9,DEL,179,3
9,DEL,180,1
9,DEL,181,1
9,DEL,184,1
9,DEL,187,1
9,DEL,188,1
9,DEL,190,1
9,DEL,191,1
9,DEL,192,2
9,DEL,194,2
9,DEL,195,2
9,DEL,197,1
9,DEL,198,1
9,DEL,200,1
9,DEL,202,3
9,DEL,207,2
9,DEL,208,1
9,DEL,209,1
9,DEL,211,2
9,DEL,214,2
9,DEL,216,1
9,DEL,217,1
9,DEL,221,1
9,DEL,222,1
9,DEL,225,1
9,DEL,226,1
9,DEL,227,1
9,DEL,230,1
9,DEL,231,2
9,DEL,232,1
9,DEL,233,1
9,DEL,235,1
9,DEL,237,2
9,DEL,238,2
9,DEL,239,1
9,DEL,240,2
9,DEL,241,2
9,DEL,242,4
9,DEL,243,2
9,DEL,245,1
9,DEL,246,3
9,DEL,247,2
9,DEL,249,5
9,DEL,250,1
9,DEL,251,1
9,DEL,253,1
9,DEL,254,2
9,DEL,255,4
9,DEL,257,4
9,DEL,259,2
9,DEL,261,5
9,DEL,263,4
9,DEL,265,4
9,DEL,267,5
9,DEL,269,9
9,DEL,271,7
9,DEL,273,4
9,DEL,275,3
9,DEL,277,7
9,DEL,279,4
9,DEL,281,6
9,DEL,283,8
9,DEL,285,2
9,DEL,287,6
9,DEL,289,9
9,DEL,291,5
9,DEL,293,2
9,DEL,295,2
9,DEL,297,4
9,DEL,299,3
9,DEL,301,3
9,DEL,303,5
9,DEL,305,7
9,DEL,307,4
9,DEL,309,6
9,DEL,311,4
9,DEL,313,2
9,DEL,315,3
9,DEL,317,8
9,DEL,319,4
9,DEL,321,1
9,DEL,323,7
9,DEL,325,3
9,DEL,327,3
9,DEL,329,13
9,DEL,331,3
9,DEL,333,4
9,DEL,335,10
9,DEL,337,6
9,DEL,339,5
9,DEL,341,5
9,DEL,343,3
9,DEL,345,7
9,DEL,347,7
9,DEL,349,8
9,DEL,351,2
9,DEL,353,9
9,DEL,355,3
9,DEL,357,6
9,DEL,359,6
9,DEL,361,8
9,DEL,363,7
9,DEL,365,5
9,DEL,367,5
9,DEL,369,3
9,DEL,371,1
9,DEL,373,4
9,DEL,375,3
9,DEL,377,3
9,DEL,379,4
9,DEL,381,5
9,DEL,383,6
9,DEL,385,6
9,DEL,387,4
9,DEL,389,8
9,DEL,391,7
9,DEL,393,4
9,DEL,395,5
9,DEL,397,4
9,DEL,399,4
9,DEL,401,8
9,DEL,403,6
9,DEL,405,9
9,DEL,407,8
9,DEL,409,2
9,DEL,413,6
9,DEL,415,12
9,DEL,417,2
9,DEL,419,7
9,DEL,421,5
9,DEL,423,2
9,DEL,425,5
9,DEL,427,3
9,DEL,429,5
9,DEL,431,8
9,DEL,433,8
9,DEL,435,2
9,DEL,437,8
9,DEL,439,6
9,DEL,441,6
9,DEL,443,4
9,DEL,445,3
9,DEL,447,9
9,DEL,449,7
9,DEL,451,4
9,DEL,453,8
9,DEL,455,2
9,DEL,457,3
9,DEL,459,4
9,DEL,461,5
9,DEL,463,5
9,DEL,465,3
9,DEL,467,4
9,DEL,469,5
9,DEL,471,2
9,DEL,473,5
9,DEL,475,2
9,DEL,477,3
9,DEL,481,4
9,DEL,483,6
9,DEL,485,1
9,DEL,487,3
9,DEL,489,3
9,DEL,491,5
9,DEL,493,1
9,DEL,495,2
9,DEL,497,2
9,DEL,499,3
9,DEL,501,6
9,DEL,503,1
9,DEL,505,1
9,DEL,507,2
9,DEL,509,1
9,DEL,511,1
9,DEL,515,6
9,DEL,519,10
9,DEL,523,4
9,DEL,527,8
9,DEL,531,8
9,DEL,535,9
9,DEL,539,3
9,DEL,543,3
9,DEL,547,6
9,DEL,551,4
9,DEL,555,8
9,DEL,559,3
9,DEL,563,2
9,DEL,567,2
9,DEL,571,2
9,DEL,579,4
9,DEL,583,2
9,DEL,587,1
9,DEL,591,1
9,DEL,595,5
9,DEL,599,3
9,DEL,603,1
9,DEL,607,1
9,DEL,611,3
9,DEL,615,2
9,DEL,619,2
9,DEL,627,1
9,DEL,631,2
9,DEL,639,1
9,DEL,643,2
9,DEL,655,1
9,DEL,659,3
9,DEL,671,2
9,DEL,699,1
9,DEL,703,1
9,DEL,715,1
9,DEL,731,1
9,DEL,771,1
9,DEL,895,1
9,DEL,1215,1
9,GET,98,2
9,GET,99,2
9,GET,102,1
9,GET,105,1
9,GET,107,1
9,GET,109,4
9,GET,110,3
9,GET,111,3
9,GET,112,1
9,GET,113,1
9,GET,114,2
9,GET,115,2
9,GET,116,2
9,GET,117,1
9,GET,118,1
9,GET,119,1
9,GET,121,2
9,GET,122,1
9,GET,124,2
9,GET,125,3
9,GET,126,2
9,GET,127,2
9,GET,130,1
9,GET,132,2
9,GET,134,1
9,GET,135,1
9,GET,136,1
9,GET,137,3
9,GET,138,2
9,GET,139,1
9,GET,140,3
9,GET,141,3
9,GET,142,3
9,GET,144,3
9,GET,146,1
9,GET,147,1
9,GET,149,1
9,GET,150,2
9,GET,151,2
9,GET,152,2
9,GET,153,1
9,GET,154,1
9,GET,156,1
9,GET,157,2
9,GET,159,1
9,GET,160,1
9,GET,161,1
9,GET,162,1
9,GET,163,1
9,GET,164,1
9,GET,166,2
9,GET,167,2
9,GET,168,1
9,GET,172,3
9,GET,173,3
9,GET,176,1
9,GET,177,2
9,GET,178,4
9,GET,180,2
9,GET,181,1
9,GET,183,5
9,GET,185,2
9,GET,186,1
9,GET,187,1
9,GET,189,4
9,GET,190,2
9,GET,191,1
9,GET,194,1
9,GET,195,1
9,GET,196,1
9,GET,197,5
9,GET,198,1
9,GET,199,5
9,GET,200,1
9,GET,201,5
9,GET,202,1
9,GET,203,3
9,GET,204,2
9,GET,205,1
9,GET,207,5
9,GET,208,2
9,GET,209,4
9,GET,210,2
9,GET,211,4
9,GET,212,2
9,GET,213,4
9,GET,214,1
9,GET,216,4
9,GET,217,2
9,GET,218,6
9,GET,219,3
9,GET,220,1
9,GET,221,1
9,GET,222,2
9,GET,223,3
9,GET,224,1
9,GET,225,2
9,GET,226,3
9,GET,227,2
9,GET,228,6
9,GET,229,3
9,GET,230,4
9,GET,232,4
9,GET,233,5
9,GET,234,3
9,GET,235,3
9,GET,236,1
9,GET,237,6
9,GET,238,7
9,GET,239,5
9,GET,240,6
9,GET,241,3
9,GET,242,4
9,GET,243,5
9,GET,244,4
9,GET,245,3
9,GET,246,4
9,GET,247,10
9,GET,248,8
9,GET,249,2
9,GET,250,5
9,GET,251,3
9,GET,252,7
9,GET,253,2
9,GET,254,3
9,GET,255,4
9,GET,257,12
9,GET,259,7
9,GET,261,5
9,GET,263,13
9,GET,265,7
9,GET,267,8
9,GET,269,11
9,GET,271,21
9,GET,273,11
9,GET,275,17
9,GET,277,10
9,GET,279,8
9,GET,281,12
9,GET,283,11
9,GET,285,17
9,GET,287,5
9,GET,289,12
9,GET,291,17
9,GET,293,16
9,GET,295,11
9,GET,297,12
9,GET,299,13
9,GET,301,10
9,GET,303,8
9,GET,305,13
9,GET,307,10
9,GET,309,17
9,GET,311,12
9,GET,313,13
9,GET,315,8
9,GET,317,10
9,GET,319,15
9,GET,321,11
9,GET,323,12
9,GET,325,18
9,GET,327,9
9,GET,329,15
9,GET,331,12
9,GET,333,11
9,GET,335,8
9,GET,337,13
9,GET,339,18
9,GET,341,13
9,GET,343,14
9,GET,345,18
9,GET,347,13
9,GET,349,14
9,GET,351,12
9,GET,353,16
9,GET,355,11
9,GET,357,12
9,GET,359,12
9,GET,361,7
9,GET,363,11
9,GET,365,13
9,GET,367,16
9,GET,369,12
9,GET,371,16
9,GET,373,9
9,GET,375,10
9,GET,377,13
9,GET,379,16
9,GET,381,11
9,GET,383,14
9,GET,385,14
9,GET,387,15
9,GET,389,13
9,GET,391,11
9,GET,393,14
9,GET,395,7
9,GET,397,15
9,GET,399,20
9,GET,401,12
9,GET,403,12
9,GET,405,14
9,GET,407,16
9,GET,409,18
9,GET,411,23
9,GET,413,14
9,GET,415,13
9,GET,417,10
9,GET,419,11
9,GET,421,11
9,GET,423,17
9,GET,425,9
9,GET,427,16
9,GET,429,15
9,GET,431,17
9,GET,433,15
9,GET,435,13
9,GET,437,13
9,GET,439,8
9,GET,441,9
9,GET,443,11
9,GET,445,13
9,GET,447,6
9,GET,449,9
9,GET,451,10
9,GET,453,9
9,GET,455,11
9,GET,457,3
9,GET,459,14
9,GET,461,9
9,GET,463,10
9,GET,465,9
9,GET,467,7
9,GET,469,20
9,GET,471,8
9,GET,473,10
9,GET,475,14
9,GET,477,11
9,GET,479,7
9,GET,481,7
9,GET,483,6
9,GET,485,10
9,GET,487,10
9,GET,489,11
9,GET,491,12
9,GET,493,4
9,GET,495,10
9,GET,497,8
9,GET,499,12
9,GET,501,5
9,GET,503,7
9,GET,505,5
9,GET,507,10
9,GET,509,3
9,GET,511,8
9,GET,515,19
9,GET,519,23
9,GET,523,11
9,GET,527,11
9,GET,531,8
9,GET,535,14
9,GET,539,11
9,GET,543,14
9,GET,547,10
9,GET,551,7
9,GET,555,6
9,GET,559,10
9,GET,563,12
9,GET,567,9
9,GET,571,10
9,GET,575,16
9,GET,579,9
9,GET,583,9
9,GET,587,8
9,GET,591,3
9,GET,595,6
9,GET,599,10
9,GET,603,3
9,GET,607,6
9,GET,611,1
9,GET,615,9
9,GET,619,2
9,GET,623,2
9,GET,627,2
9,GET,631,4
9,GET,635,1
9,GET,639,2
9,GET,643,2
9,GET,647,3
9,GET,651,2
9,GET,655,4
9,GET,659,2
9,GET,663,5
9,GET,671,2
9,GET,675,4
9,GET,679,1
9,GET,683,3
9,GET,687,4
9,GET,691,2
9,GET,695,3
9,GET,699,2
9,GET,703,1
9,GET,707,1
9,GET,711,1
9,GET,719,1
9,GET,723,1
9,GET,731,1
9,GET,735,1
9,GET,739,1
9,GET,743,1
9,GET,751,1
9,GET,775,1
9,GET,783,1
9,GET,795,2
9,GET,823,1
9,GET,871,1
9,GET,899,1
9,GET,903,1
9,GET,1007,1
9,GET,1031,1
9,GET,1143,1
9,GET,1415,1
9,GET,1543,1
10,DEL,101,1
10,DEL,102,1
10,DEL,146,1
10,DEL,147,1
10,DEL,153,1
10,DEL,157,1
10,DEL,158,1
10,DEL,160,1
10,DEL,161,1
10,DEL,164,1
10,DEL,167,1
10,DEL,171,1
10,DEL,172,1
10,DEL,175,1
10,DEL,177,1
10,DEL,178,1
10,DEL,180,3
10,DEL,181,3
10,DEL,182,1
10,DEL,183,1
10,DEL,184,1
10,DEL,185,1
10,DEL,186,1
10,DEL,191,1
10,DEL,192,2
10,DEL,193,1
10,DEL,194,1
10,DEL,195,2
10,DEL,196,3
10,DEL,197,2
10,DEL,199,1
10,DEL,201,2
10,DEL,202,1
10,DEL,203,4
10,DEL,205,3
10,DEL,206,1
10,DEL,207,1
10,DEL,208,2
10,DEL,209,3
10,DEL,210,2
10,DEL,212,1
10,DEL,213,2
10,DEL,214,2
10,DEL,215,3
10,DEL,216,2
10,DEL,217,1
10,DEL,218,1
10,DEL,219,1
10,DEL,220,2
10,DEL,224,1
10,DEL,225,1
10,DEL,227,2
10,DEL,228,1
10,DEL,229,2
10,DEL,232,1
10,DEL,233,2
10,DEL,235,5
10,DEL,236,1
10,DEL,238,2
10,DEL,240,2
10,DEL,241,2
10,DEL,242,3
10,DEL,244,4
10,DEL,245,3
10,DEL,246,1
10,DEL,247,1
10,DEL,248,2
10,DEL,249,2
10,DEL,250,2
10,DEL,251,2
10,DEL,253,3
10,DEL,254,3
10,DEL,255,2
10,DEL,257,6
10,DEL,259,4
10,DEL,261,4
10,DEL,263,6
10,DEL,265,9
10,DEL,267,8
10,DEL,269,3
10,DEL,271,4
10,DEL,273,2
10,DEL,275,5
10,DEL,277,3
10,DEL,279,1
10,DEL,281,7
10,DEL,283,8
10,DEL,285,8
10,DEL,287,3
10,DEL,289,2
10,DEL,291,6
10,DEL,293,2
10,DEL,295,4
10,DEL,297,3
10,DEL,299,6
10,DEL,301,6
10,DEL,303,3
10,DEL,305,4
10,DEL,307,12
10,DEL,309,3
10,DEL,311,7
10,DEL,313,7
10,DEL,315,4
10,DEL,317,10
10,DEL,319,3
10,DEL,321,2
10,DEL,323,5
10,DEL,325,3
10,DEL,327,6
10,DEL,329,5
10,DEL,331,7
10,DEL,333,5
10,DEL,335,6
10,DEL,337,5
10,DEL,339,4
10,DEL,341,5
10,DEL,343,4
10,DEL,345,5
10,DEL,347,7
10,DEL,349,4
10,DEL,351,2
10,DEL,353,7
10,DEL,355,4
10,DEL,357,4
10,DEL,359,4
10,DEL,361,2
10,DEL,363,3
10,DEL,365,6
10,DEL,367,4
10,DEL,369,6
10,DEL,371,5
10,DEL,373,5
10,DEL,375,2
10,DEL,377,6
10,DEL,379,4
10,DEL,381,4
10,DEL,383,7
10,DEL,385,6
10,DEL,387,2
10,DEL,389,7
10,DEL,391,5
10,DEL,393,2
10,DEL,395,5
10,DEL,397,6
10,DEL,399,5
10,DEL,401,8
10,DEL,403,8
10,DEL,405,5
10,DEL,407,6
10,DEL,409,3
10,DEL,411,2
10,DEL,413,6
10,DEL,415,2
10,DEL,417,5
10,DEL,419,2
10,DEL,421,5
10,DEL,423,4
10,DEL,425,2
10,DEL,427,4
10,DEL,429,2
10,DEL,431,4
10,DEL,433,2
10,DEL,435,2
10,DEL,437,6
10,DEL,439,3
10,DEL,441,4
10,DEL,443,4
10,DEL,445,4
10,DEL,447,6
10,DEL,449,2
10,DEL,451,6
10,DEL,453,3
10,DEL,455,4
10,DEL,457,2
10,DEL,459,3
10,DEL,461,2
10,DEL,463,2
10,DEL,465,5
10,DEL,467,1
10,DEL,469,3
10,DEL,471,5
10,DEL,473,3
10,DEL,475,2
10,DEL,477,1
10,DEL,479,1
10,DEL,481,4
10,DEL,483,1
10,DEL,485,5
10,DEL,487,4
10,DEL,489,4
10,DEL,491,4
10,DEL,493,2
10,DEL,495,2
10,DEL,497,2
10,DEL,499,3
10,DEL,501,1
10,DEL,503,1
10,DEL,505,3
10,DEL,507,1
10,DEL,509,7
10,DEL,511,5
10,DEL,515,2
10,DEL,519,8
10,DEL,523,5
10,DEL,527,2
10,DEL,531,6
10,DEL,535,2
10,DEL,539,2
10,DEL,543,5
10,DEL,547,2
10,DEL,551,1
10,DEL,555,3
10,DEL,559,1
10,DEL,563,3
10,DEL,567,1
10,DEL,571,5
10,DEL,575,2
10,DEL,579,5
10,DEL,583,3
10,DEL,587,2
10,DEL,591,2
10,DEL,595,4
10,DEL,599,4
10,DEL,603,3
10,DEL,607,2
10,DEL,611,3
10,DEL,615,1
10,DEL,619,3
10,DEL,623,3
10,DEL,627,1
10,DEL,631,1
10,DEL,635,1
10,DEL,639,2
10,DEL,647,1
10,DEL,651,1
10,DEL,659,1
10,DEL,663,2
10,DEL,687,1
10,DEL,711,2
10,DEL,743,1
10,DEL,759,1
10,DEL,855,1
10,DEL,1095,1
10,DEL,1487,1
10,GET,124,1
10,GET,125,2
10,GET,127,1
10,GET,129,1
10,GET,136,1
10,GET,137,1
10,GET,140,2
10,GET,141,1
10,GET,142,2
10,GET,151,1
10,GET,153,2
10,GET,154,1
10,GET,155,1
10,GET,156,2
10,GET,157,1
10,GET,158,1
10,GET,159,1
10,GET,160,1
10,GET,162,1
10,GET,163,3
10,GET,164,1
10,GET,165,2
10,GET,166,1
10,GET,169,2
10,GET,171,1
10,GET,173,4
10,GET,174,2
10,GET,175,2
10,GET,176,2
10,GET,177,1
10,GET,178,2
10,GET,179,2
10,GET,182,1
10,GET,184,1
10,GET,185,3
10,GET,186,3
10,GET,187,3
10,GET,188,2
10,GET,189,1
10,GET,190,3
10,GET,192,2
10,GET,193,2
10,GET,194,1
10,GET,195,4
10,GET,196,3
10,GET,197,1
10,GET,198,3
10,GET,199,1
10,GET,200,1
10,GET,201,6
10,GET,202,2
10,GET,204,3
10,GET,205,4
10,GET,206,8
10,GET,207,5
10,GET,208,1
10,GET,209,3
10,GET,210,4
10,GET,211,5
10,GET,212,4
10,GET,213,6
10,GET,214,3
10,GET,215,1
10,GET,216,1
10,GET,217,3
10,GET,218,3
10,GET,219,5
10,GET,220,5
10,GET,221,6
10,GET,222,7
10,GET,223,6
10,GET,224,3
10,GET,225,7
10,GET,226,5
10,GET,227,3
10,GET,228,8
10,GET,229,2
10,GET,230,2
10,GET,231,3
10,GET,232,2
10,GET,233,4
10,GET,234,5
10,GET,235,4
10,GET,236,4
10,GET,237,7
10,GET,238,1
10,GET,239,2
10,GET,240,6
10,GET,241,8
10,GET,242,6
10,GET,243,10
10,GET,244,6
10,GET,245,8
10,GET,246,1
10,GET,247,4
10,GET,248,2
10,GET,249,2
10,GET,250,2
10,GET,251,1
10,GET,252,9
10,GET,253,7
10,GET,254,4
10,GET,255,5
10,GET,257,7
10,GET,259,6
10,GET,261,12
10,GET,263,12
10,GET,265,12
10,GET,267,10
10,GET,269,13
10,GET,271,17
10,GET,273,14
10,GET,275,9
10,GET,277,15
10,GET,279,11
10,GET,281,17
10,GET,283,9
10,GET,285,18
10,GET,287,13
10,GET,289,15
10,GET,291,15
10,GET,293,15
10,GET,295,15
10,GET,297,17
10,GET,299,16
10,GET,301,14
10,GET,303,12
10,GET,305,14
10,GET,307,14
10,GET,309,19
10,GET,311,17
10,GET,313,19
10,GET,315,17
10,GET,317,16
10,GET,319,15
10,GET,321,16
10,GET,323,19
10,GET,325,19
10,GET,327,22
10,GET,329,17
10,GET,331,16
10,GET,333,15
10,GET,335,10
10,GET,337,16
10,GET,339,14
10,GET,341,19
10,GET,343,11
10,GET,345,14
10,GET,347,10
10,GET,349,10
10,GET,351,19
10,GET,353,11
10,GET,355,19
10,GET,357,14
10,GET,359,15
10,GET,361,16
10,GET,363,18
10,GET,365,12
10,GET,367,15
10,GET,369,13
10,GET,371,9
10,GET,373,14
10,GET,375,18
10,GET,377,9
10,GET,379,18
10,GET,381,16
10,GET,383,10
10,GET,385,5
10,GET,387,9
10,GET,389,11
10,GET,391,13
10,GET,393,12
10,GET,395,16
10,GET,397,9
10,GET,399,14
10,GET,401,11
10,GET,403,17
10,GET,405,13
10,GET,407,12
10,GET,409,8
10,GET,411,13
10,GET,413,13
10,GET,415,19
10,GET,417,12
10,GET,419,21
10,GET,421,12
10,GET,423,9
10,GET,425,12
10,GET,427,13
10,GET,429,11
10,GET,431,16
10,GET,433,13
10,GET,435,16
10,GET,437,15
10,GET,439,10
10,GET,441,10
10,GET,443,11
10,GET,445,19
10,GET,447,9
10,GET,449,14
10,GET,451,13
10,GET,453,12
10,GET,455,15
10,GET,457,11
10,GET,459,7
10,GET,461,12
10,GET,463,13
10,GET,465,8
10,GET,467,7
10,GET,469,7
10,GET,471,9
10,GET,473,8
10,GET,475,6
10,GET,477,7
10,GET,479,8
10,GET,481,12
10,GET,483,4
10,GET,485,9
10,GET,487,9
10,GET,489,5
10,GET,491,8
10,GET,493,7
10,GET,495,7
10,GET,497,4
10,GET,499,7
10,GET,501,13
10,GET,503,7
10,GET,505,3
10,GET,507,10
10,GET,509,12
10,GET,511,7
10,GET,515,10
10,GET,519,10
10,GET,523,7
10,GET,527,9
10,GET,531,15
10,GET,535,10
10,GET,539,9
10,GET,543,13
10,GET,547,12
10,GET,551,6
10,GET,555,7
10,GET,559,3
10,GET,563,8
10,GET,567,4
10,GET,571,5
10,GET,575,8
10,GET,579,7
10,GET,583,6
10,GET,587,2
10,GET,591,4
10,GET,595,8
10,GET,599,9
10,GET,603,7
10,GET,607,3
10,GET,611,4
10,GET,615,5
10,GET,619,3
10,GET,623,4
10,GET,627,8
10,GET,631,3
10,GET,635,4
10,GET,639,2
10,GET,647,4
10,GET,651,2
10,GET,655,2
10,GET,659,2
10,GET,663,3
10,GET,667,1
10,GET,671,6
10,GET,675,1
10,GET,679,1
10,GET,687,1
10,GET,691,1
10,GET,695,2
10,GET,699,5
10,GET,703,2
10,GET,707,2
10,GET,711,1
10,GET,715,1
10,GET,723,1
10,GET,727,1
10,GET,739,1
10,GET,743,2
10,GET,747,1
10,GET,751,1
10,GET,763,1
10,GET,771,1
10,GET,783,1
10,GET,807,1
10,GET,819,1
10,GET,867,1
10,GET,879,1
10,GET,987,1
10,GET,1031,1
10,GET,1103,1
10,GET,1919,1
10,SET,118,1
10,SET,134,1
10,SET,170,1
10,SET,190,1
10,SET,193,1
10,SET,205,1
10,SET,210,1
10,SET,219,1
10,SET,221,1
10,SET,226,1
10,SET,227,1
10,SET,238,1
10,SET,241,1
10,SET,247,1
10,SET,249,1
10,SET,250,1
10,SET,257,3
10,SET,259,1
10,SET,261,1
10,SET,263,2
10,SET,269,1
10,SET,273,2
10,SET,279,1
10,SET,281,1
10,SET,287,1
10,SET,289,1
10,SET,291,1
10,SET,297,1
10,SET,299,2
10,SET,301,1
10,SET,303,2
10,SET,307,1
10,SET,309,3
10,SET,313,1
10,SET,315,1
10,SET,319,1
10,SET,321,1
10,SET,323,2
10,SET,325,1
10,SET,329,2
10,SET,331,3
10,SET,333,1
10,SET,335,1
10,SET,339,2
10,SET,345,1
10,SET,347,1
10,SET,351,1
10,SET,355,1
10,SET,359,2
10,SET,361,1
10,SET,363,1
10,SET,365,1
10,SET,369,3
10,SET,371,3
10,SET,375,3
10,SET,377,1
10,SET,381,1
10,SET,383,3
10,SET,385,1
10,SET,391,1
10,SET,395,2
10,SET,397,3
10,SET,399,1
10,SET,401,1
10,SET,403,1
10,SET,405,1
10,SET,407,1
10,SET,413,2
10,SET,415,2
10,SET,419,1
10,SET,421,2
10,SET,423,2
10,SET,425,1
10,SET,427,1
10,SET,431,1
10,SET,433,4
10,SET,437,1
10,SET,439,2
10,SET,441,1
10,SET,449,1
10,SET,453,1
10,SET,455,2
10,SET,457,1
10,SET,459,1
10,SET,461,1
10,SET,467,1
10,SET,471,2
10,SET,473,1
10,SET,475,1
10,SET,481,1
10,SET,483,1
10,SET,485,1
10,SET,487,2
10,SET,489,1
10,SET,491,1
10,SET,493,1
10,SET,495,2
10,SET,499,2
10,SET,511,1
10,SET,515,2
10,SET,519,1
10,SET,523,2
10,SET,527,2
10,SET,535,2
10,SET,547,1
10,SET,559,2
10,SET,579,2
10,SET,587,1
10,SET,603,1
10,SET,607,1
10,SET,611,1
10,SET,623,1
10,SET,627,1
10,SET,643,1
10,SET,651,1
10,SET,727,1
10,SET,743,1
10,SET,791,1
10,SET,839,1
10,SET,2239,1
11,DEL,101,1
11,DEL,102,1
11,DEL,103,1
11,DEL,104,1
11,DEL,105,1
11,DEL,106,1
11,DEL,109,1
11,DEL,112,2
11,DEL,116,1
11,DEL,117,2
11,DEL,126,2
11,DEL,129,1
11,DEL,130,1
11,DEL,131,2
11,DEL,132,1
11,DEL,133,1
11,DEL,137,1
11,DEL,139,1
11,DEL,142,1
11,DEL,143,1
11,DEL,144,1
11,DEL,145,1
11,DEL,146,1
11,DEL,147,2
11,DEL,150,1
11,DEL,153,1
11,DEL,162,1
11,DEL,164,1
11,DEL,165,1
11,DEL,167,1
11,DEL,172,1
11,DEL,173,1
11,DEL,177,1
11,DEL,178,2
11,DEL,179,1
11,DEL,181,1
11,DEL,182,2
11,DEL,186,1
11,DEL,190,2
11,DEL,195,1
11,DEL,196,1
11,DEL,197,1
11,DEL,198,1
11,DEL,199,1
11,DEL,200,1
11,DEL,203,2
11,DEL,205,1
11,DEL,207,1
11,DEL,208,2
11,DEL,210,2
11,DEL,211,1
11,DEL,212,1
11,DEL,213,1
11,DEL,214,1
11,DEL,216,1
11,DEL,217,2
11,DEL,218,1
11,DEL,219,2
11,DEL,220,2
11,DEL,223,2
11,DEL,224,1
11,DEL,225,2
11,DEL,226,5
11,DEL,227,1
11,DEL,228,2
11,DEL,229,1
11,DEL,231,1
11,DEL,232,1
11,DEL,233,1
11,DEL,234,1
11,DEL,236,1
11,DEL,237,1
11,DEL,238,2
11,DEL,239,1
11,DEL,240,1
11,DEL,241,1
11,DEL,242,1
11,DEL,244,6
11,DEL,245,2
11,DEL,246,2
11,DEL,247,2
11,DEL,248,1
11,DEL,249,1
11,DEL,251,1
11,DEL,252,1
11,DEL,253,1
11,DEL,254,1
11,DEL,255,2
11,DEL,257,2
11,DEL,259,6
11,DEL,261,3
11,DEL,263,5
11,DEL,265,6
11,DEL,267,2
11,DEL,269,2
11,DEL,271,2
11,DEL,273,2
11,DEL,277,2
11,DEL,279,3
11,DEL,281,1
11,DEL,283,2
11,DEL,285,1
11,DEL,287,4
11,DEL,289,2
11,DEL,291,3
11,DEL,293,1
11,DEL,295,9
11,DEL,297,3
11,DEL,299,7
11,DEL,301,7
11,DEL,303,4
11,DEL,305,2
11,DEL,307,4
11,DEL,309,5
11,DEL,311,5
11,DEL,313,4
11,DEL,315,3
11,DEL,317,5
11,DEL,319,6
11,DEL,321,2
11,DEL,323,5
11,DEL,325,4
11,DEL,327,4
11,DEL,329,1
11,DEL,331,5
11,DEL,333,7
11,DEL,335,5
11,DEL,337,6
11,DEL,339,6
11,DEL,341,6
11,DEL,343,6
11,DEL,345,8
11,DEL,347,4
11,DEL,349,2
11,DEL,351,2
11,DEL,353,4
11,DEL,355,6
11,DEL,357,6
11,DEL,359,5
11,DEL,361,8
11,DEL,363,5
11,DEL,365,2
11,DEL,367,2
11,DEL,369,2
11,DEL,371,5
11,DEL,373,4
11,DEL,375,6
11,DEL,377,5
11,DEL,379,9
11,DEL,381,4
11,DEL,383,3
11,DEL,385,4
11,DEL,387,6
11,DEL,389,1
11,DEL,391,3
11,DEL,393,6
11,DEL,395,4
11,DEL,397,2
11,DEL,399,3
11,DEL,401,5
11,DEL,403,5
11,DEL,405,5
11,DEL,407,6
11,DEL,409,3
11,DEL,411,7
11,DEL,413,4
11,DEL,415,4
11,DEL,417,1
11,DEL,419,2
11,DEL,421,2
11,DEL,423,11
11,DEL,425,5
11,DEL,427,5
11,DEL,429,2
11,DEL,431,4
11,DEL,433,11
11,DEL,435,11
11,DEL,437,7
11,DEL,439,6
11,DEL,441,2
11,DEL,443,6
11,DEL,445,6
11,DEL,447,2
11,DEL,449,3
11,DEL,451,2
11,DEL,453,6
11,DEL,455,6
11,DEL,457,1
11,DEL,459,5
11,DEL,461,2
11,DEL,463,7
11,DEL,465,4
11,DEL,467,6
11,DEL,469,8
11,DEL,471,2
11,DEL,473,5
11,DEL,475,2
11,DEL,477,4
11,DEL,479,4
11,DEL,481,2
11,DEL,483,1
11,DEL,485,6
11,DEL,489,4
11,DEL,491,6
11,DEL,493,3
11,DEL,495,1
11,DEL,497,5
11,DEL,499,5
11,DEL,501,4
11,DEL,503,4
11,DEL,505,3
11,DEL,509,1
11,DEL,511,1
11,DEL,515,7
11,DEL,519,4
11,DEL,523,6
11,DEL,527,7
11,DEL,531,7
11,DEL,535,4
11,DEL,539,3
11,DEL,543,2
11,DEL,547,2
11,DEL,551,4
11,DEL,555,3
11,DEL,559,2
11,DEL,563,4
11,DEL,567,3
11,DEL,571,1
11,DEL,575,4
11,DEL,579,1
11,DEL,583,1
11,DEL,587,3
11,DEL,591,1
11,DEL,595,5
11,DEL,599,3
11,DEL,603,1
11,DEL,611,2
11,DEL,615,3
11,DEL,619,1
11,DEL,623,1
11,DEL,627,1
11,DEL,631,4
11,DEL,643,2
11,DEL,647,1
11,DEL,651,3
11,DEL,655,3
11,DEL,659,1
11,DEL,667,2
11,DEL,679,2
11,DEL,683,2
11,DEL,691,2
11,DEL,695,1
11,DEL,707,1
11,DEL,711,1
11,DEL,727,1
11,DEL,739,1
11,DEL,747,1
11,DEL,755,1
11,DEL,823,1
11,DEL,835,1
11,DEL,943,1
11,SET,106,1
11,SET,120,1
11,SET,123,1
11,SET,126,1
11,SET,143,1
11,SET,160,1
11,SET,167,1
11,SET,168,1
11,SET,169,1
11,SET,172,1
11,SET,189,1
11,SET,194,1
11,SET,195,1
11,SET,201,1
11,SET,209,1
11,SET,213,1
11,SET,221,1
11,SET,228,1
11,SET,229,1
11,SET,235,1
11,SET,238,2
11,SET,239,1
11,SET,240,1
11,SET,246,1
11,SET,249,1
11,SET,251,1
11,SET,255,1
11,SET,261,1
11,SET,269,2
11,SET,271,1
11,SET,273,1
11,SET,277,2
11,SET,279,4
11,SET,283,1
11,SET,287,2
11,SET,289,2
11,SET,291,2
11,SET,293,1
11,SET,295,1
11,SET,301,1
11,SET,307,1
11,SET,311,3
11,SET,317,1
11,SET,319,1
11,SET,327,1
11,SET,329,4
11,SET,333,1
11,SET,335,1
11,SET,337,1
11,SET,341,2
11,SET,343,1
11,SET,345,1
11,SET,347,1
11,SET,349,1
11,SET,351,1
11,SET,355,2
11,SET,359,1
11,SET,363,1
11,SET,371,2
11,SET,379,1
11,SET,381,1
11,SET,383,2
11,SET,385,1
11,SET,387,1
11,SET,389,1
11,SET,395,1
11,SET,397,2
11,SET,399,1
11,SET,405,1
11,SET,411,1
11,SET,413,1
11,SET,415,1
11,SET,417,1
11,SET,419,1
11,SET,421,2
11,SET,425,2
11,SET,431,2
11,SET,437,2
11,SET,439,1
11,SET,441,4
11,SET,447,2
11,SET,449,1
11,SET,455,2
11,SET,457,1
11,SET,465,1
11,SET,467,1
11,SET,475,1
11,SET,477,1
11,SET,481,1
11,SET,497,1
11,SET,499,1
11,SET,501,1
11,SET,507,1
11,SET,523,1
11,SET,527,3
11,SET,535,1
11,SET,539,3
11,SET,551,1
11,SET,555,1
11,SET,559,1
11,SET,563,1
11,SET,571,1
11,SET,575,2
11,SET,579,1
11,SET,591,1
11,SET,595,1
11,SET,615,1
11,SET,643,1
11,SET,659,1
11,SET,663,2
11,SET,667,1
11,SET,699,1
11,SET,703,1
11,SET,743,1
11,GET,91,1
11,GET,101,3
11,GET,102,1
11,GET,104,3
11,GET,106,4
11,GET,108,1
11,GET,109,1
11,GET,110,3
11,GET,112,4
11,GET,113,4
11,GET,114,1
11,GET,115,1
11,GET,116,1
11,GET,117,5
11,GET,118,1
11,GET,119,1
11,GET,120,2
11,GET,121,3
11,GET,123,1
11,GET,124,1
11,GET,125,2
11,GET,126,3
11,GET,127,3
11,GET,128,1
11,GET,129,2
11,GET,131,2
11,GET,132,3
11,GET,134,2
11,GET,135,2
11,GET,136,1
11,GET,137,2
11,GET,138,1
11,GET,139,1
11,GET,141,2
11,GET,142,1
11,GET,143,1
11,GET,144,3
11,GET,146,1
11,GET,148,1
11,GET,149,1
11,GET,150,2
11,GET,152,3
11,GET,153,2
11,GET,154,1
11,GET,155,4
11,GET,156,2
11,GET,158,1
11,GET,160,1
11,GET,161,2
11,GET,162,3
11,GET,163,2
11,GET,165,1
11,GET,167,1
11,GET,168,3
11,GET,169,1
11,GET,172,2
11,GET,173,3
11,GET,174,4
11,GET,175,1
11,GET,176,1
11,GET,178,1
11,GET,179,2
11,GET,181,1
11,GET,182,2
11,GET,183,1
11,GET,184,1
11,GET,185,1
11,GET,186,5
11,GET,187,2
11,GET,188,2
11,GET,189,3
11,GET,190,1
11,GET,194,5
11,GET,195,2
11,GET,196,4
11,GET,197,3
11,GET,198,3
11,GET,200,3
11,GET,201,1
11,GET,203,2
11,GET,204,1
11,GET,205,2
11,GET,206,1
11,GET,207,4
11,GET,208,3
11,GET,209,1
11,GET,210,2
11,GET,211,1
11,GET,212,1
11,GET,213,4
11,GET,214,2
11,GET,215,1
11,GET,216,6
11,GET,217,2
11,GET,218,5
11,GET,219,4
11,GET,220,8
11,GET,221,3
11,GET,222,2
11,GET,223,4
11,GET,224,6
11,GET,225,3
11,GET,226,3
11,GET,227,2
11,GET,228,3
11,GET,229,4
11,GET,230,1
11,GET,231,6
11,GET,232,3
11,GET,233,2
11,GET,234,6
11,GET,235,1
11,GET,236,3
11,GET,237,5
11,GET,238,3
11,GET,239,3
11,GET,240,5
11,GET,241,4
11,GET,242,5
11,GET,243,3
11,GET,244,4
11,GET,245,2
11,GET,246,2
11,GET,247,1
11,GET,248,1
11,GET,249,5
11,GET,250,6
11,GET,251,1
11,GET,252,4
11,GET,253,2
11,GET,254,1
11,GET,255,2
11,GET,257,10
11,GET,259,6
11,GET,261,7
11,GET,263,20
11,GET,265,8
11,GET,267,11
11,GET,269,9
11,GET,271,5
11,GET,273,19
11,GET,275,6
11,GET,277,10
11,GET,279,20
11,GET,281,12
11,GET,283,15
11,GET,285,16
11,GET,287,8
11,GET,289,9
11,GET,291,15
11,GET,293,11
11,GET,295,12
11,GET,297,10
11,GET,299,14
11,GET,301,12
11,GET,303,18
11,GET,305,19
11,GET,307,11
11,GET,309,13
11,GET,311,14
11,GET,313,12
11,GET,315,13
11,GET,317,14
11,GET,319,20
11,GET,321,12
11,GET,323,14
11,GET,325,10
11,GET,327,14
11,GET,329,13
11,GET,331,15
11,GET,333,12
11,GET,335,13
11,GET,337,13
11,GET,339,8
11,GET,341,15
11,GET,343,11
11,GET,345,13
11,GET,347,16
11,GET,349,10
11,GET,351,12
11,GET,353,16
11,GET,355,7
11,GET,357,11
11,GET,359,12
11,GET,361,16
11,GET,363,15
11,GET,365,19
11,GET,367,14
11,GET,369,9
11,GET,371,14
11,GET,373,16
11,GET,375,13
11,GET,377,19
11,GET,379,9
11,GET,381,6
11,GET,383,13
11,GET,385,14
11,GET,387,8
11,GET,389,23
11,GET,391,16
11,GET,393,10
11,GET,395,15
11,GET,397,12
11,GET,399,16
11,GET,401,13
11,GET,403,9
11,GET,405,11
11,GET,407,11
11,GET,409,14
11,GET,411,8
11,GET,413,15
11,GET,415,16
11,GET,417,13
11,GET,419,14
11,GET,421,11
11,GET,423,12
11,GET,425,14
11,GET,427,8
11,GET,429,12
11,GET,431,18
11,GET,433,9
11,GET,435,12
11,GET,437,15
11,GET,439,14
11,GET,441,11
11,GET,443,8
11,GET,445,11
11,GET,447,16
11,GET,449,17
11,GET,451,14
11,GET,453,13
11,GET,455,8
11,GET,457,11
11,GET,459,12
11,GET,461,15
11,GET,463,5
11,GET,465,12
11,GET,467,15
11,GET,469,11
11,GET,471,14
11,GET,473,12
11,GET,475,14
11,GET,477,7
11,GET,479,12
11,GET,481,7
11,GET,483,8
11,GET,485,12
11,GET,487,12
11,GET,489,8
11,GET,491,8
11,GET,493,15
11,GET,495,10
11,GET,497,8
11,GET,499,11
11,GET,501,7
11,GET,503,9
11,GET,505,8
11,GET,507,13
11,GET,509,2
11,GET,511,7
11,GET,515,17
11,GET,519,13
11,GET,523,19
11,GET,527,14
11,GET,531,7
11,GET,535,9
11,GET,539,15
11,GET,543,10
11,GET,547,15
11,GET,551,8
11,GET,555,10
11,GET,559,7
11,GET,563,10
11,GET,567,10
11,GET,571,16
11,GET,575,9
11,GET,579,11
11,GET,583,9
11,GET,587,6
11,GET,591,4
11,GET,595,7
11,GET,599,7
11,GET,603,5
11,GET,607,2
11,GET,611,4
11,GET,615,5
11,GET,619,7
11,GET,623,4
11,GET,627,6
11,GET,631,7
11,GET,635,3
11,GET,639,3
11,GET,643,3
11,GET,647,3
11,GET,651,5
11,GET,655,2
11,GET,659,2
11,GET,663,6
11,GET,667,2
11,GET,675,6
11,GET,679,3
11,GET,683,2
11,GET,687,3
11,GET,699,1
11,GET,711,1
11,GET,723,2
11,GET,727,1
11,GET,731,1
11,GET,735,1
11,GET,739,1
11,GET,743,1
11,GET,747,3
11,GET,763,2
11,GET,767,1
11,GET,811,1
11,GET,847,1
11,GET,951,1
11,GET,1055,1
11,GET,1367,1
11,GET,1463,1
11,GET,1583,1
12,GET,112,1
12,GET,117,1
12,GET,118,1
12,GET,124,1
12,GET,130,1
12,GET,136,1
12,GET,137,1
12,GET,140,2
12,GET,145,2
12,GET,146,2
12,GET,147,2
12,GET,148,1
12,GET,149,3
12,GET,150,1
12,GET,155,2
12,GET,156,1
12,GET,158,1
12,GET,159,1
12,GET,160,1
12,GET,161,2
12,GET,162,2
12,GET,163,1
12,GET,164,1
12,GET,165,1
12,GET,166,1
12,GET,167,2
12,GET,168,2
12,GET,169,1
12,GET,170,1
12,GET,171,2
12,GET,172,1
12,GET,173,1
12,GET,174,1
12,GET,175,3
12,GET,176,1
12,GET,177,6
12,GET,178,3
12,GET,179,2
12,GET,180,3
12,GET,182,3
12,GET,185,3
12,GET,186,1
12,GET,187,2
12,GET,188,1
12,GET,189,6
12,GET,190,4
12,GET,191,4
12,GET,192,2
12,GET,193,4
12,GET,195,5
12,GET,196,3
12,GET,197,4
12,GET,198,3
12,GET,199,2
12,GET,200,2
12,GET,201,2
12,GET,202,2
12,GET,203,4
12,GET,204,5
12,GET,205,1
12,GET,206,1
12,GET,207,3
12,GET,208,1
12,GET,209,2
12,GET,210,5
12,GET,211,1
12,GET,212,4
12,GET,213,1
12,GET,214,4
12,GET,215,4
12,GET,216,1
12,GET,217,4
12,GET,218,2
12,GET,219,2
12,GET,220,3
12,GET,221,8
12,GET,222,3
12,GET,223,5
12,GET,224,3
12,GET,225,3
12,GET,226,5
12,GET,227,4
12,GET,228,6
12,GET,229,9
12,GET,230,1
12,GET,231,2
12,GET,232,3
12,GET,233,7
12,GET,234,3
12,GET,235,6
12,GET,236,3
12,GET,237,6
12,GET,238,9
12,GET,239,5
12,GET,240,2
12,GET,241,7
12,GET,242,9
12,GET,243,4
12,GET,244,5
12,GET,245,5
12,GET,246,3
12,GET,247,2
12,GET,248,4
12,GET,249,7
12,GET,250,3
12,GET,251,4
12,GET,252,6
12,GET,253,5
12,GET,254,4
12,GET,255,6
12,GET,257,10
12,GET,259,7
12,GET,261,12
12,GET,263,13
12,GET,265,11
12,GET,267,9
12,GET,269,11
12,GET,271,12
12,GET,273,14
12,GET,275,12
12,GET,277,12
12,GET,279,12
12,GET,281,12
12,GET,283,13
12,GET,285,12
12,GET,287,17
12,GET,289,14
12,GET,291,12
12,GET,293,11
12,GET,295,12
12,GET,297,15
12,GET,299,15
12,GET,301,13
12,GET,303,8
12,GET,305,14
12,GET,307,16
12,GET,309,18
12,GET,311,8
12,GET,313,20
12,GET,315,11
12,GET,317,12
12,GET,319,14
12,GET,321,12
12,GET,323,18
12,GET,325,28
12,GET,327,16
12,GET,329,18
12,GET,331,11
12,GET,333,15
12,GET,335,21
12,GET,337,12
12,GET,339,13
12,GET,341,10
12,GET,343,16
12,GET,345,13
12,GET,347,16
12,GET,349,19
12,GET,351,15
12,GET,353,15
12,GET,355,21
12,GET,357,12
12,GET,359,15
12,GET,361,15
12,GET,363,12
12,GET,365,14
12,GET,367,9
12,GET,369,18
12,GET,371,15
12,GET,373,15
12,GET,375,17
12,GET,377,10
12,GET,379,15
12,GET,381,10
12,GET,383,13
12,GET,385,9
12,GET,387,11
12,GET,389,14
12,GET,391,5
12,GET,393,9
12,GET,395,12
12,GET,397,11
12,GET,399,11
12,GET,401,12
12,GET,403,16
12,GET,405,7
12,GET,407,13
12,GET,409,10
12,GET,411,6
12,GET,413,18
12,GET,415,10
12,GET,417,15
12,GET,419,12
12,GET,421,12
12,GET,423,10
12,GET,425,13
12,GET,427,10
12,GET,429,17
12,GET,431,9
12,GET,433,9
12,GET,435,9
12,GET,437,12
12,GET,439,12
12,GET,441,16
12,GET,443,15
12,GET,445,16
12,GET,447,8
12,GET,449,10
12,GET,451,7
12,GET,453,10
12,GET,455,7
12,GET,457,15
12,GET,459,7
12,GET,461,12
12,GET,463,5
12,GET,465,6
12,GET,467,12
12,GET,469,8
12,GET,471,9
12,GET,473,7
12,GET,475,7
12,GET,477,6
12,GET,479,9
12,GET,481,14
12,GET,483,4
12,GET,485,5
12,GET,487,10
12,GET,489,13
12,GET,491,9
12,GET,493,8
12,GET,495,11
12,GET,497,7
12,GET,499,8
12,GET,501,4
12,GET,503,8
12,GET,505,11
12,GET,507,9
12,GET,509,6
12,GET,511,10
12,GET,515,14
12,GET,519,16
12,GET,523,7
12,GET,527,4
12,GET,531,15
12,GET,535,13
12,GET,539,13
12,GET,543,12
12,GET,547,8
12,GET,551,11
12,GET,555,9
12,GET,559,8
12,GET,563,2
12,GET,567,6
12,GET,571,7
12,GET,575,15
12,GET,579,6
12,GET,583,8
12,GET,587,10
12,GET,591,5
12,GET,595,5
12,GET,599,1
12,GET,603,6
12,GET,607,7
12,GET,611,6
12,GET,615,6
12,GET,619,1
12,GET,623,5
12,GET,627,2
12,GET,631,5
12,GET,635,6
12,GET,639,6
12,GET,643,2
12,GET,647,6
12,GET,651,1
12,GET,655,3
12,GET,659,4
12,GET,663,1
12,GET,667,2
12,GET,675,4
12,GET,679,2
12,GET,683,2
12,GET,687,1
12,GET,699,3
12,GET,703,1
12,GET,707,4
12,GET,715,1
12,GET,719,1
12,GET,727,1
12,GET,735,1
12,GET,747,1
12,GET,755,1
12,GET,763,1
12,GET,787,1
12,GET,791,1
12,GET,795,1
12,GET,807,1
12,GET,843,1
12,GET,975,1
12,GET,1055,1
12,GET,1071,1
12,GET,1439,1
12,SET,137,1
12,SET,158,1
12,SET,160,1
12,SET,175,1
12,SET,184,1
12,SET,196,1
12,SET,200,1
12,SET,201,1
12,SET,207,1
12,SET,210,1
12,SET,226,1
12,SET,228,1
12,SET,229,1
12,SET,234,1
12,SET,238,1
12,SET,242,1
12,SET,245,1
12,SET,246,1
12,SET,250,1
12,SET,253,1
12,SET,254,1
12,SET,255,1
12,SET,257,2
12,SET,259,2
12,SET,261,1
12,SET,263,1
12,SET,271,1
12,SET,273,2
12,SET,275,2
12,SET,277,2
12,SET,279,2
12,SET,281,1
12,SET,283,1
12,SET,285,2
12,SET,287,4
12,SET,289,2
12,SET,293,3
12,SET,299,2
12,SET,301,2
12,SET,309,3
12,SET,311,2
12,SET,313,1
12,SET,315,2
12,SET,317,1
12,SET,319,1
12,SET,327,1
12,SET,333,1
12,SET,335,2
12,SET,337,1
12,SET,339,2
12,SET,343,2
12,SET,345,4
12,SET,347,3
12,SET,349,1
12,SET,351,2
12,SET,353,3
12,SET,355,1
12,SET,357,1
12,SET,359,1
12,SET,363,1
12,SET,365,1
12,SET,377,1
12,SET,379,2
12,SET,381,1
12,SET,385,2
12,SET,387,2
12,SET,391,1
12,SET,393,1
12,SET,397,2
12,SET,403,1
12,SET,407,2
12,SET,409,1
12,SET,415,1
12,SET,417,1
12,SET,419,1
12,SET,421,2
12,SET,425,2
12,SET,427,1
12,SET,429,2
12,SET,435,1
12,SET,437,1
12,SET,439,1
12,SET,445,2
12,SET,447,1
12,SET,461,1
12,SET,467,1
12,SET,471,1
12,SET,477,1
12,SET,485,2
12,SET,487,1
12,SET,489,1
12,SET,495,1
12,SET,497,2
12,SET,501,1
12,SET,505,1
12,SET,507,1
12,SET,511,1
12,SET,519,1
12,SET,523,1
12,SET,527,3
12,SET,543,1
12,SET,547,2
12,SET,551,1
12,SET,559,1
12,SET,575,1
12,SET,583,1
12,SET,599,2
12,SET,603,1
12,SET,611,1
12,SET,623,1
12,SET,627,2
12,SET,639,1
12,SET,651,1
12,SET,663,1
12,SET,679,1
12,SET,687,1
12,SET,707,1
12,SET,715,1
12,SET,767,1
12,SET,1423,1
12,DEL,115,1
12,DEL,125,1
12,DEL,130,1
12,DEL,139,1
12,DEL,146,1
12,DEL,147,1
12,DEL,148,2
12,DEL,157,1
12,DEL,159,1
12,DEL,162,1
12,DEL,166,1
12,DEL,168,1
12,DEL,170,1
12,DEL,173,1
12,DEL,174,3
12,DEL,176,1
12,DEL,177,1
12,DEL,178,1
12,DEL,180,1
12,DEL,183,1
12,DEL,184,1
12,DEL,186,3
12,DEL,187,1
12,DEL,188,1
12,DEL,189,2
12,DEL,191,1
12,DEL,193,1
12,DEL,196,2
12,DEL,199,1
12,DEL,200,1
12,DEL,201,2
12,DEL,203,3
12,DEL,205,1
12,DEL,206,1
12,DEL,207,1
12,DEL,208,1
12,DEL,210,2
12,DEL,211,3
12,DEL,213,2
12,DEL,214,1
12,DEL,215,1
12,DEL,217,6
12,DEL,219,2
12,DEL,220,4
12,DEL,222,1
12,DEL,227,3
12,DEL,228,1
12,DEL,229,5
12,DEL,230,1
12,DEL,231,1
12,DEL,232,1
12,DEL,233,1
12,DEL,234,2
12,DEL,235,1
12,DEL,236,1
12,DEL,237,3
12,DEL,238,2
12,DEL,240,3
12,DEL,242,1
12,DEL,243,2
12,DEL,244,3
12,DEL,246,3
12,DEL,247,2
12,DEL,248,1
12,DEL,249,3
12,DEL,250,3
12,DEL,251,3
12,DEL,253,2
12,DEL,255,5
12,DEL,257,3
12,DEL,259,3
12,DEL,261,3
12,DEL,263,6
12,DEL,265,5
12,DEL,267,3
12,DEL,269,5
12,DEL,271,5
12,DEL,273,5
12,DEL,275,2
12,DEL,277,4
12,DEL,279,4
12,DEL,281,3
12,DEL,283,7
12,DEL,285,8
12,DEL,287,6
12,DEL,289,4
12,DEL,291,5
12,DEL,293,5
12,DEL,295,4
12,DEL,297,4
12,DEL,299,4
12,DEL,301,4
12,DEL,303,6
12,DEL,305,7
12,DEL,307,5
12,DEL,309,7
12,DEL,311,5
12,DEL,313,2
12,DEL,315,6
12,DEL,317,3
12,DEL,319,9
12,DEL,321,2
12,DEL,323,4
12,DEL,325,6
12,DEL,327,3
12,DEL,329,3
12,DEL,331,8
12,DEL,333,8
12,DEL,335,3
12,DEL,337,2
12,DEL,339,8
12,DEL,341,3
12,DEL,343,10
12,DEL,345,4
12,DEL,347,3
12,DEL,349,4
12,DEL,351,7
12,DEL,353,4
12,DEL,355,5
12,DEL,357,3
12,DEL,359,9
12,DEL,361,5
12,DEL,363,5
12,DEL,365,3
12,DEL,367,4
12,DEL,369,4
12,DEL,371,8
12,DEL,373,5
12,DEL,375,6
12,DEL,377,4
12,DEL,379,5
12,DEL,381,10
12,DEL,383,8
12,DEL,385,3
12,DEL,387,3
12,DEL,389,5
12,DEL,391,7
12,DEL,393,4
12,DEL,395,6
12,DEL,397,4
12,DEL,399,6
12,DEL,401,5
12,DEL,403,10
12,DEL,405,4
12,DEL,407,3
12,DEL,409,7
12,DEL,411,2
12,DEL,413,5
12,DEL,415,3
12,DEL,417,8
12,DEL,419,3
12,DEL,421,7
12,DEL,423,9
12,DEL,425,3
12,DEL,427,4
12,DEL,429,5
12,DEL,431,6
12,DEL,433,7
12,DEL,435,3
12,DEL,437,3
12,DEL,439,11
12,DEL,441,1
12,DEL,443,5
12,DEL,445,3
12,DEL,447,3
12,DEL,449,2
12,DEL,451,9
12,DEL,453,2
12,DEL,455,5
12,DEL,457,6
12,DEL,459,1
12,DEL,461,5
12,DEL,463,2
12,DEL,465,2
12,DEL,469,1
12,DEL,471,5
12,DEL,473,6
12,DEL,475,4
12,DEL,477,2
12,DEL,479,6
12,DEL,481,6
12,DEL,483,2
12,DEL,485,3
12,DEL,487,1
12,DEL,489,8
12,DEL,495,2
12,DEL,497,4
12,DEL,499,7
12,DEL,501,4
12,DEL,503,3
12,DEL,505,3
12,DEL,507,2
12,DEL,509,2
12,DEL,511,1
12,DEL,519,8
12,DEL,523,2
12,DEL,527,3
12,DEL,531,5
12,DEL,535,5
12,DEL,539,4
12,DEL,543,2
12,DEL,547,3
12,DEL,551,5
12,DEL,555,4
12,DEL,559,3
12,DEL,563,5
12,DEL,567,3
12,DEL,571,2
12,DEL,575,3
12,DEL,579,5
12,DEL,583,1
12,DEL,587,3
12,DEL,591,3
12,DEL,595,1
12,DEL,599,3
12,DEL,603,1
12,DEL,607,1
12,DEL,611,1
12,DEL,615,2
12,DEL,619,1
12,DEL,623,4
12,DEL,631,2
12,DEL,643,1
12,DEL,651,2
12,DEL,655,2
12,DEL,663,1
12,DEL,667,1
12,DEL,675,1
12,DEL,679,1
12,DEL,687,1
12,DEL,699,1
12,DEL,703,1
12,DEL,727,1
12,DEL,731,2
12,DEL,739,1
12,DEL,851,1
12,DEL,931,1
12,DEL,2399,1
13,DEL,100,1
13,DEL,101,1
13,DEL,102,2
13,DEL,109,1
13,DEL,112,1
13,DEL,114,2
13,DEL,115,2
13,DEL,120,1
13,DEL,125,2
13,DEL,133,1
13,DEL,139,1
13,DEL,140,1
13,DEL,144,1
13,DEL,146,1
13,DEL,149,1
13,DEL,150,2
13,DEL,152,1
13,DEL,154,1
13,DEL,155,1
13,DEL,161,2
13,DEL,162,1
13,DEL,168,1
13,DEL,169,1
13,DEL,172,1
13,DEL,173,1
13,DEL,175,2
13,DEL,179,2
13,DEL,180,1
13,DEL,183,1
13,DEL,184,1
13,DEL,185,1
13,DEL,188,2
13,DEL,190,1
13,DEL,191,3
13,DEL,192,1
13,DEL,195,1
13,DEL,196,1
13,DEL,198,1
13,DEL,200,1
13,DEL,201,1
13,DEL,204,1
13,DEL,205,1
13,DEL,206,2
13,DEL,210,1
13,DEL,213,1
13,DEL,214,2
13,DEL,215,1
13,DEL,217,1
13,DEL,218,1
13,DEL,219,2
13,DEL,220,1
13,DEL,221,4
13,DEL,222,2
13,DEL,223,1
13,DEL,224,1
13,DEL,225,1
13,DEL,227,1
13,DEL,228,3
13,DEL,229,5
13,DEL,230,2
13,DEL,231,2
13,DEL,232,1
13,DEL,233,1
13,DEL,234,1
13,DEL,235,2
13,DEL,237,1
13,DEL,238,1
13,DEL,240,2
13,DEL,241,2
13,DEL,242,1
13,DEL,244,1
13,DEL,246,1
13,DEL,247,1
13,DEL,248,5
13,DEL,249,2
13,DEL,250,1
13,DEL,251,1
13,DEL,253,1
13,DEL,254,2
13,DEL,255,2
13,DEL,257,4
13,DEL,259,6
13,DEL,261,3
13,DEL,263,5
13,DEL,265,4
13,DEL,267,4
13,DEL,271,4
13,DEL,273,5
13,DEL,275,4
13,DEL,277,5
13,DEL,279,3
13,DEL,281,3
13,DEL,283,2
13,DEL,285,3
13,DEL,287,5
13,DEL,289,5
13,DEL,291,5
13,DEL,293,4
13,DEL,295,5
13,DEL,297,1
13,DEL,299,6
13,DEL,301,8
13,DEL,303,2
13,DEL,305,6
13,DEL,307,6
13,DEL,309,5
13,DEL,311,4
13,DEL,313,4
13,DEL,315,6
13,DEL,317,4
13,DEL,319,3
13,DEL,321,6
13,DEL,323,2
13,DEL,325,1
13,DEL,327,1
13,DEL,329,3
13,DEL,331,4
13,DEL,333,7
13,DEL,335,1
13,DEL,337,10
13,DEL,339,7
13,DEL,341,4
13,DEL,343,5
13,DEL,345,4
13,DEL,347,7
13,DEL,349,6
13,DEL,351,8
13,DEL,353,3
13,DEL,355,2
13,DEL,357,10
13,DEL,359,3
13,DEL,361,2
13,DEL,363,2
13,DEL,365,4
13,DEL,367,5
13,DEL,369,7
13,DEL,371,6
13,DEL,373,4
13,DEL,375,1
13,DEL,379,3
13,DEL,381,1
13,DEL,383,6
13,DEL,385,8
13,DEL,387,8
13,DEL,389,2
13,DEL,391,3
13,DEL,393,6
13,DEL,395,5
13,DEL,397,6
13,DEL,399,6
13,DEL,401,5
13,DEL,403,2
13,DEL,405,4
13,DEL,407,8
13,DEL,409,7
13,DEL,411,3
13,DEL,413,7
13,DEL,415,3
13,DEL,417,8
13,DEL,419,4
13,DEL,421,7
13,DEL,423,5
13,DEL,425,4
13,DEL,427,4
13,DEL,429,3
13,DEL,431,3
13,DEL,433,4
13,DEL,435,1
13,DEL,437,5
13,DEL,439,9
13,DEL,441,2
13,DEL,443,5
13,DEL,445,6
13,DEL,447,7
13,DEL,449,7
13,DEL,451,2
13,DEL,453,2
13,DEL,455,2
13,DEL,457,6
13,DEL,459,3
13,DEL,461,3
13,DEL,463,1
13,DEL,465,8
13,DEL,469,5
13,DEL,471,7
13,DEL,473,3
13,DEL,475,7
13,DEL,477,8
13,DEL,479,3
13,DEL,481,4
13,DEL,483,5
13,DEL,485,1
13,DEL,487,4
13,DEL,489,1
13,DEL,491,3
13,DEL,493,2
13,DEL,495,1
13,DEL,499,1
13,DEL,503,3
13,DEL,507,4
13,DEL,509,2
13,DEL,511,5
13,DEL,515,6
13,DEL,519,2
13,DEL,523,6
13,DEL,527,4
13,DEL,531,4
13,DEL,535,3
13,DEL,539,3
13,DEL,543,7
13,DEL,547,4
13,DEL,551,3
13,DEL,555,2
13,DEL,563,3
13,DEL,567,1
13,DEL,571,4
13,DEL,575,2
13,DEL,579,1
13,DEL,583,3
13,DEL,587,2
13,DEL,591,1
13,DEL,595,3
13,DEL,599,3
13,DEL,603,3
13,DEL,611,3
13,DEL,615,3
13,DEL,619,2
13,DEL,623,2
13,DEL,627,1
13,DEL,631,5
13,DEL,635,2
13,DEL,639,2
13,DEL,643,1
13,DEL,647,2
13,DEL,659,1
13,DEL,667,1
13,DEL,675,3
13,DEL,687,2
13,DEL,695,2
13,DEL,703,1
13,DEL,739,3
13,DEL,783,1
13,DEL,831,1
13,DEL,879,1
13,DEL,927,1
13,DEL,4863,1
13,SET,131,1
13,SET,135,1
13,SET,152,1
13,SET,158,1
13,SET,173,1
13,SET,174,1
13,SET,179,1
13,SET,182,1
13,SET,193,1
13,SET,200,1
13,SET,202,1
13,SET,216,1
13,SET,223,1
13,SET,228,1
13,SET,234,1
13,SET,235,1
13,SET,238,2
13,SET,239,1
13,SET,245,1
13,SET,250,1
13,SET,257,3
13,SET,261,2
13,SET,269,1
13,SET,273,1
13,SET,275,1
13,SET,277,2
13,SET,279,3
13,SET,283,2
13,SET,287,1
13,SET,289,1
13,SET,291,4
13,SET,295,1
13,SET,297,1
13,SET,299,1
13,SET,301,1
13,SET,305,2
13,SET,307,2
13,SET,309,1
13,SET,311,1
13,SET,317,1
13,SET,321,1
13,SET,325,1
13,SET,329,1
13,SET,331,1
13,SET,333,1
13,SET,335,1
13,SET,337,1
13,SET,339,2
13,SET,341,1
13,SET,343,1
13,SET,347,1
13,SET,349,2
13,SET,351,1
13,SET,355,1
13,SET,361,2
13,SET,363,2
13,SET,367,2
13,SET,371,1
13,SET,373,3
13,SET,377,2
13,SET,381,1
13,SET,383,2
13,SET,389,1
13,SET,391,2
13,SET,397,1
13,SET,401,2
13,SET,405,2
13,SET,409,1
13,SET,411,1
13,SET,413,1
13,SET,417,1
13,SET,419,2
13,SET,423,1
13,SET,429,1
13,SET,431,1
13,SET,433,1
13,SET,441,1
13,SET,443,1
13,SET,449,1
13,SET,451,1
13,SET,455,2
13,SET,457,1
13,SET,461,2
13,SET,463,1
13,SET,469,1
13,SET,471,2
13,SET,475,2
13,SET,477,1
13,SET,479,1
13,SET,483,2
13,SET,495,2
13,SET,497,1
13,SET,499,1
13,SET,515,2
13,SET,527,2
13,SET,547,1
13,SET,551,1
13,SET,555,1
13,SET,571,1
13,SET,575,1
13,SET,583,1
13,SET,587,1
13,SET,603,1
13,SET,607,1
13,SET,623,1
13,SET,631,2
13,SET,639,1
13,SET,675,1
13,SET,755,3
13,SET,855,1
13,SET,971,1
13,SET,975,1
13,GET,99,1
13,GET,100,1
13,GET,105,1
13,GET,107,1
13,GET,109,1
13,GET,111,1
13,GET,114,3
13,GET,115,1
13,GET,116,3
13,GET,119,1
13,GET,120,1
13,GET,121,2
13,GET,122,1
13,GET,123,1
13,GET,125,1
13,GET,126,2
13,GET,127,2
13,GET,129,2
13,GET,130,1
13,GET,132,4
13,GET,135,2
13,GET,136,4
13,GET,137,1
13,GET,139,2
13,GET,140,1
13,GET,141,2
13,GET,145,1
13,GET,146,2
13,GET,147,1
13,GET,149,3
13,GET,151,2
13,GET,152,2
13,GET,154,1
13,GET,155,1
13,GET,156,1
13,GET,157,2
13,GET,158,2
13,GET,159,1
13,GET,160,1
13,GET,162,1
13,GET,163,1
13,GET,164,3
13,GET,165,1
13,GET,166,2
13,GET,167,3
13,GET,168,1
13,GET,169,2
13,GET,170,2
13,GET,171,2
13,GET,172,1
13,GET,173,1
13,GET,174,1
13,GET,177,3
13,GET,178,2
13,GET,179,2
13,GET,180,1
13,GET,182,2
13,GET,183,1
13,GET,184,1
13,GET,185,2
13,GET,186,1
13,GET,187,2
13,GET,188,2
13,GET,191,2
13,GET,192,1
13,GET,194,2
13,GET,195,1
13,GET,197,3
13,GET,199,1
13,GET,200,2
13,GET,201,4
13,GET,202,1
13,GET,204,1
13,GET,205,6
13,GET,206,1
13,GET,207,2
13,GET,208,2
13,GET,210,3
13,GET,211,1
13,GET,212,4
13,GET,213,1
13,GET,214,2
13,GET,215,1
13,GET,216,2
13,GET,217,3
13,GET,218,4
13,GET,219,2
13,GET,220,2
13,GET,221,3
13,GET,222,3
13,GET,223,7
13,GET,224,3
13,GET,225,2
13,GET,226,4
13,GET,227,2
13,GET,228,2
13,GET,229,5
13,GET,230,6
13,GET,231,2
13,GET,232,6
13,GET,233,5
13,GET,234,4
13,GET,235,5
13,GET,236,4
13,GET,237,2
13,GET,238,3
13,GET,239,1
13,GET,240,4
13,GET,241,6
13,GET,242,8
13,GET,243,4
13,GET,244,4
13,GET,245,6
13,GET,246,8
13,GET,247,6
13,GET,248,4
13,GET,249,2
13,GET,250,5
13,GET,251,5
13,GET,252,7
13,GET,253,3
13,GET,254,7
13,GET,255,5
13,GET,257,11
13,GET,259,9
13,GET,261,15
13,GET,263,9
13,GET,265,8
13,GET,267,10
13,GET,269,8
13,GET,271,11
13,GET,273,19
13,GET,275,18
13,GET,277,10
13,GET,279,17
13,GET,281,6
13,GET,283,7
13,GET,285,12
13,GET,287,9
13,GET,289,16
13,GET,291,13
13,GET,293,12
13,GET,295,13
13,GET,297,19
13,GET,299,17
13,GET,301,12
13,GET,303,18
13,GET,305,14
13,GET,307,20
13,GET,309,15
13,GET,311,17
13,GET,313,14
13,GET,315,14
13,GET,317,9
13,GET,319,7
13,GET,321,20
13,GET,323,12
13,GET,325,13
13,GET,327,18
13,GET,329,16
13,GET,331,18
13,GET,333,16
13,GET,335,15
13,GET,337,16
13,GET,339,13
13,GET,341,18
13,GET,343,15
13,GET,345,10
13,GET,347,17
13,GET,349,22
13,GET,351,16
13,GET,353,16
13,GET,355,16
13,GET,357,23
13,GET,359,16
13,GET,361,20
13,GET,363,20
13,GET,365,12
13,GET,367,25
13,GET,369,13
13,GET,371,14
13,GET,373,12
13,GET,375,12
13,GET,377,17
13,GET,379,10
13,GET,381,15
13,GET,383,8
13,GET,385,14
13,GET,387,20
13,GET,389,15
13,GET,391,12
13,GET,393,12
13,GET,395,14
13,GET,397,16
13,GET,399,16
13,GET,401,7
13,GET,403,9
13,GET,405,13
13,GET,407,18
13,GET,409,14
13,GET,411,9
13,GET,413,13
13,GET,415,13
13,GET,417,18
13,GET,419,15
13,GET,421,9
13,GET,423,14
13,GET,425,8
13,GET,427,14
13,GET,429,10
13,GET,431,7
13,GET,433,11
13,GET,435,9
13,GET,437,7
13,GET,439,11
13,GET,441,10
13,GET,443,18
13,GET,445,10
13,GET,447,17
13,GET,449,10
13,GET,451,15
13,GET,453,10
13,GET,455,8
13,GET,457,7
13,GET,459,6
13,GET,461,9
13,GET,463,13
13,GET,465,12
13,GET,467,8
13,GET,469,3
13,GET,471,12
13,GET,473,13
13,GET,475,8
13,GET,477,8
13,GET,479,12
13,GET,481,3
13,GET,483,8
13,GET,485,8
13,GET,487,7
13,GET,489,9
13,GET,491,9
13,GET,493,12
13,GET,495,12
13,GET,497,10
13,GET,499,4
13,GET,501,9
13,GET,503,6
13,GET,505,4
13,GET,507,12
13,GET,509,3
13,GET,511,6
13,GET,515,18
13,GET,519,18
13,GET,523,12
13,GET,527,16
13,GET,531,19
13,GET,535,14
13,GET,539,11
13,GET,543,9
13,GET,547,11
13,GET,551,12
13,GET,555,7
13,GET,559,6
13,GET,563,3
13,GET,567,4
13,GET,571,10
13,GET,575,5
13,GET,579,5
13,GET,583,7
13,GET,587,6
13,GET,591,11
13,GET,595,3
13,GET,599,6
13,GET,603,8
13,GET,607,5
13,GET,611,5
13,GET,615,3
13,GET,619,5
13,GET,623,5
13,GET,627,5
13,GET,631,3
13,GET,635,3
13,GET,639,4
13,GET,643,4
13,GET,647,3
13,GET,651,2
13,GET,655,2
13,GET,659,2
13,GET,663,3
13,GET,667,3
13,GET,671,3
13,GET,675,3
13,GET,679,4
13,GET,687,2
13,GET,691,1
13,GET,699,1
13,GET,703,1
13,GET,707,3
13,GET,715,3
13,GET,719,1
13,GET,723,1
13,GET,727,2
13,GET,735,1
13,GET,739,2
13,GET,763,1
13,GET,775,1
13,GET,787,2
13,GET,823,1
13,GET,895,1
13,GET,919,1
13,GET,1239,1
13,GET,1551,1
14,GET,108,1
14,GET,112,1
14,GET,113,1
14,GET,117,1
14,GET,119,1
14,GET,122,1
14,GET,124,1
14,GET,125,1
14,GET,126,1
14,GET,130,1
14,GET,131,2
14,GET,133,1
14,GET,134,1
14,GET,135,2
14,GET,136,2
14,GET,137,2
14,GET,139,3
14,GET,140,2
14,GET,141,1
14,GET,144,2
14,GET,146,1
14,GET,147,2
14,GET,149,1
14,GET,150,1
14,GET,151,1
14,GET,152,1
14,GET,154,4
14,GET,155,2
14,GET,157,1
14,GET,158,1
14,GET,159,1
14,GET,160,2
14,GET,161,1
14,GET,162,1
14,GET,163,3
14,GET,167,3
14,GET,168,1
14,GET,169,1
14,GET,170,1
14,GET,172,4
14,GET,173,2
14,GET,174,1
14,GET,175,1
14,GET,176,3
14,GET,177,2
14,GET,178,3
14,GET,179,2
14,GET,180,2
14,GET,181,4
14,GET,182,3
14,GET,183,1
14,GET,184,3
14,GET,185,1
14,GET,186,3
14,GET,187,1
14,GET,192,3
14,GET,193,4
14,GET,194,1
14,GET,195,3
14,GET,196,1
14,GET,197,3
14,GET,198,6
14,GET,199,2
14,GET,200,1
14,GET,201,2
14,GET,202,1
14,GET,203,2
14,GET,204,2
14,GET,205,4
14,GET,206,2
14,GET,207,5
14,GET,208,1
14,GET,209,4
14,GET,210,1
14,GET,211,3
14,GET,212,3
14,GET,213,6
14,GET,214,1
14,GET,215,5
14,GET,216,3
14,GET,217,1
14,GET,218,4
14,GET,219,5
14,GET,220,3
14,GET,221,4
14,GET,222,3
14,GET,223,2
14,GET,224,2
14,GET,225,7
14,GET,226,4
14,GET,227,6
14,GET,228,2
14,GET,229,2
14,GET,230,6
14,GET,231,7
14,GET,232,5
14,GET,233,5
14,GET,234,5
14,GET,235,7
14,GET,236,3
14,GET,237,6
14,GET,238,6
14,GET,239,7
14,GET,240,6
14,GET,241,4
14,GET,242,5
14,GET,243,4
14,GET,244,2
14,GET,245,2
14,GET,246,3
14,GET,247,4
14,GET,248,8
14,GET,249,2
14,GET,250,3
14,GET,251,6
14,GET,252,6
14,GET,253,10
14,GET,254,6
14,GET,255,3
14,GET,257,18
14,GET,259,13
14,GET,261,12
14,GET,263,16
14,GET,265,11
14,GET,267,12
14,GET,269,15
14,GET,271,19
14,GET,273,10
14,GET,275,14
14,GET,277,18
14,GET,279,14
14,GET,281,9
14,GET,283,14
14,GET,285,15
14,GET,287,15
14,GET,289,9
14,GET,291,15
14,GET,293,21
14,GET,295,16
14,GET,297,13
14,GET,299,12
14,GET,301,8
14,GET,303,12
14,GET,305,11
14,GET,307,8
14,GET,309,18
14,GET,311,21
14,GET,313,9
14,GET,315,12
14,GET,317,13
14,GET,319,16
14,GET,321,11
14,GET,323,10
14,GET,325,13
14,GET,327,10
14,GET,329,15
14,GET,331,20
14,GET,333,12
14,GET,335,15
14,GET,337,13
14,GET,339,14
14,GET,341,13
14,GET,343,12
14,GET,345,18
14,GET,347,16
14,GET,349,13
14,GET,351,14
14,GET,353,10
14,GET,355,12
14,GET,357,14
14,GET,359,7
14,GET,361,15
14,GET,363,17
14,GET,365,18
14,GET,367,15
14,GET,369,18
14,GET,371,12
14,GET,373,14
14,GET,375,22
14,GET,377,12
14,GET,379,14
14,GET,381,10
14,GET,383,14
14,GET,385,13
14,GET,387,12
14,GET,389,12
14,GET,391,12
14,GET,393,11
14,GET,395,21
14,GET,397,8
14,GET,399,6
14,GET,401,13
14,GET,403,12
14,GET,405,9
14,GET,407,19
14,GET,409,14
14,GET,411,12
14,GET,413,8
14,GET,415,14
14,GET,417,18
14,GET,419,12
14,GET,421,13
14,GET,423,12
14,GET,425,13
14,GET,427,16
14,GET,429,16
14,GET,431,11
14,GET,433,10
14,GET,435,8
14,GET,437,7
14,GET,439,12
14,GET,441,12
14,GET,443,11
14,GET,445,15
14,GET,447,12
14,GET,449,7
14,GET,451,9
14,GET,453,4
14,GET,455,11
14,GET,457,8
14,GET,459,13
14,GET,461,6
14,GET,463,10
14,GET,465,10
14,GET,467,6
14,GET,469,5
14,GET,471,13
14,GET,473,5
14,GET,475,7
14,GET,477,10
14,GET,479,10
14,GET,481,11
14,GET,483,12
14,GET,485,7
14,GET,487,9
14,GET,489,8
14,GET,491,9
14,GET,493,9
14,GET,495,6
14,GET,497,4
14,GET,499,11
14,GET,501,7
14,GET,503,4
14,GET,505,6
14,GET,507,5
14,GET,509,8
14,GET,511,4
14,GET,515,14
14,GET,519,24
14,GET,523,13
14,GET,527,12
14,GET,531,17
14,GET,535,12
14,GET,539,11
14,GET,543,10
14,GET,547,7
14,GET,551,8
14,GET,555,7
14,GET,559,8
14,GET,563,18
14,GET,567,3
14,GET,571,6
14,GET,575,7
14,GET,579,4
14,GET,583,8
14,GET,587,8
14,GET,591,4
14,GET,595,12
14,GET,599,1
14,GET,603,12
14,GET,607,6
14,GET,611,6
14,GET,615,2
14,GET,619,4
14,GET,623,4
14,GET,627,7
14,GET,631,3
14,GET,635,2
14,GET,639,4
14,GET,643,1
14,GET,647,5
14,GET,651,4
14,GET,655,1
14,GET,659,2
14,GET,663,1
14,GET,667,1
14,GET,671,2
14,GET,675,2
14,GET,679,2
14,GET,683,1
14,GET,691,2
14,GET,695,3
14,GET,707,2
14,GET,715,1
14,GET,719,1
14,GET,723,2
14,GET,727,1
14,GET,731,1
14,GET,739,1
14,GET,743,2
14,GET,747,1
14,GET,751,1
14,GET,767,1
14,GET,771,1
14,GET,783,1
14,GET,787,2
14,GET,799,1
14,GET,803,1
14,GET,855,1
14,GET,883,1
14,GET,987,1
14,GET,1015,1
14,GET,1135,1
14,GET,1375,1
14,GET,1527,1
14,GET,1671,1
14,GET,2015,1
14,SET,140,1
14,SET,150,1
14,SET,159,1
14,SET,178,1
14,SET,183,1
14,SET,184,1
14,SET,199,2
14,SET,208,1
14,SET,213,1
14,SET,219,1
14,SET,225,1
14,SET,226,1
14,SET,228,2
14,SET,229,1
14,SET,245,1
14,SET,246,1
14,SET,253,1
14,SET,255,1
14,SET,257,2
14,SET,259,1
14,SET,269,1
14,SET,275,2
14,SET,283,2
14,SET,289,2
14,SET,291,2
14,SET,297,1
14,SET,299,2
14,SET,301,2
14,SET,307,1
14,SET,311,2
14,SET,313,3
14,SET,319,1
14,SET,321,1
14,SET,323,1
14,SET,325,1
14,SET,327,1
14,SET,333,1
14,SET,339,1
14,SET,341,3
14,SET,347,3
14,SET,353,2
14,SET,357,3
14,SET,363,1
14,SET,365,2
14,SET,367,1
14,SET,369,1
14,SET,371,3
14,SET,373,1
14,SET,375,3
14,SET,377,2
14,SET,379,2
14,SET,381,2
14,SET,389,1
14,SET,391,1
14,SET,395,1
14,SET,397,1
14,SET,401,1
14,SET,403,1
14,SET,407,1
14,SET,409,1
14,SET,411,2
14,SET,415,1
14,SET,417,1
14,SET,423,2
14,SET,425,1
14,SET,431,2
14,SET,435,1
14,SET,439,1
14,SET,441,1
14,SET,445,5
14,SET,449,2
14,SET,451,1
14,SET,455,1
14,SET,459,2
14,SET,465,1
14,SET,467,1
14,SET,469,2
14,SET,471,1
14,SET,475,4
14,SET,483,1
14,SET,485,2
14,SET,491,1
14,SET,499,1
14,SET,501,1
14,SET,505,1
14,SET,507,1
14,SET,509,1
14,SET,511,2
14,SET,523,2
14,SET,535,1
14,SET,539,2
14,SET,543,1
14,SET,563,1
14,SET,567,1
14,SET,583,2
14,SET,595,1
14,SET,599,1
14,SET,607,2
14,SET,615,1
14,SET,623,1
14,SET,643,1
14,SET,683,1
14,SET,751,1
14,SET,783,1
14,DEL,113,1
14,DEL,116,1
14,DEL,118,1
14,DEL,123,1
14,DEL,125,1
14,DEL,132,1
14,DEL,137,1
14,DEL,139,1
14,DEL,147,1
14,DEL,148,1
14,DEL,152,2
14,DEL,159,1
14,DEL,166,1
14,DEL,170,2
14,DEL,171,1
14,DEL,172,1
14,DEL,174,1
14,DEL,175,1
14,DEL,176,1
14,DEL,182,1
14,DEL,185,1
14,DEL,186,2
14,DEL,187,1
14,DEL,188,1
14,DEL,195,2
14,DEL,197,2
14,DEL,199,1
14,DEL,201,2
14,DEL,202,1
14,DEL,205,3
14,DEL,206,4
14,DEL,208,2
14,DEL,209,1
14,DEL,210,2
14,DEL,213,1
14,DEL,214,1
14,DEL,215,3
14,DEL,216,3
14,DEL,217,1
14,DEL,219,1
14,DEL,220,1
14,DEL,221,2
14,DEL,222,1
14,DEL,223,1
14,DEL,224,2
14,DEL,226,1
14,DEL,228,1
14,DEL,229,2
14,DEL,230,1
14,DEL,231,2
14,DEL,232,1
14,DEL,234,2
14,DEL,236,2
14,DEL,239,3
14,DEL,240,2
14,DEL,241,3
14,DEL,242,2
14,DEL,243,2
14,DEL,244,2
14,DEL,245,1
14,DEL,246,6
14,DEL,247,1
14,DEL,248,2
14,DEL,249,1
14,DEL,250,3
14,DEL,251,2
14,DEL,252,4
14,DEL,253,3
14,DEL,254,2
14,DEL,255,4
14,DEL,257,6
14,DEL,259,2
14,DEL,261,4
14,DEL,263,2
14,DEL,265,5
14,DEL,267,3
14,DEL,269,6
14,DEL,271,3
14,DEL,275,12
14,DEL,277,3
14,DEL,279,4
14,DEL,281,2
14,DEL,283,9
14,DEL,285,2
14,DEL,287,5
14,DEL,289,2
14,DEL,291,1
14,DEL,293,9
14,DEL,295,5
14,DEL,297,6
14,DEL,299,6
14,DEL,301,2
14,DEL,303,5
14,DEL,305,3
14,DEL,307,7
14,DEL,309,2
14,DEL,311,4
14,DEL,313,5
14,DEL,315,7
14,DEL,317,5
14,DEL,319,8
14,DEL,321,4
14,DEL,323,5
14,DEL,325,5
14,DEL,327,4
14,DEL,329,6
14,DEL,331,8
14,DEL,333,7
14,DEL,335,3
14,DEL,337,5
14,DEL,339,2
14,DEL,341,6
14,DEL,343,8
14,DEL,345,5
14,DEL,347,4
14,DEL,349,6
14,DEL,351,7
14,DEL,353,7
14,DEL,355,6
14,DEL,357,4
14,DEL,359,3
14,DEL,361,6
14,DEL,363,4
14,DEL,365,2
14,DEL,367,1
14,DEL,369,8
14,DEL,371,1
14,DEL,375,6
14,DEL,377,1
14,DEL,379,4
14,DEL,381,5
14,DEL,383,8
14,DEL,385,4
14,DEL,387,7
14,DEL,389,2
14,DEL,391,4
14,DEL,393,4
14,DEL,395,4
14,DEL,399,4
14,DEL,401,10
14,DEL,403,6
14,DEL,405,7
14,DEL,407,7
14,DEL,409,5
14,DEL,411,5
14,DEL,413,8
14,DEL,415,5
14,DEL,417,4
14,DEL,419,2
14,DEL,421,8
14,DEL,423,6
14,DEL,425,8
14,DEL,427,5
14,DEL,429,4
14,DEL,431,4
14,DEL,433,6
14,DEL,435,6
14,DEL,437,5
14,DEL,439,2
14,DEL,441,2
14,DEL,443,1
14,DEL,445,5
14,DEL,447,2
14,DEL,449,8
14,DEL,451,2
14,DEL,453,2
14,DEL,455,5
14,DEL,457,5
14,DEL,459,3
14,DEL,461,4
14,DEL,463,1
14,DEL,465,3
14,DEL,467,3
14,DEL,469,3
14,DEL,471,2
14,DEL,473,3
14,DEL,475,1
14,DEL,477,3
14,DEL,479,5
14,DEL,481,2
14,DEL,483,5
14,DEL,485,8
14,DEL,487,2
14,DEL,489,3
14,DEL,491,6
14,DEL,493,1
14,DEL,495,3
14,DEL,497,2
14,DEL,499,6
14,DEL,501,2
14,DEL,503,5
14,DEL,505,4
14,DEL,507,5
14,DEL,509,3
14,DEL,511,4
14,DEL,515,2
14,DEL,519,6
14,DEL,523,3
14,DEL,527,5
14,DEL,531,6
14,DEL,535,5
14,DEL,539,7
14,DEL,543,6
14,DEL,547,4
14,DEL,551,7
14,DEL,555,3
14,DEL,559,7
14,DEL,567,1
14,DEL,571,3
14,DEL,575,2
14,DEL,579,1
14,DEL,583,2
14,DEL,591,1
14,DEL,599,1
14,DEL,603,3
14,DEL,607,2
14,DEL,611,1
14,DEL,615,1
14,DEL,619,2
14,DEL,631,2
14,DEL,635,1
14,DEL,639,1
14,DEL,643,1
14,DEL,655,2
14,DEL,659,1
14,DEL,663,6
14,DEL,671,1
14,DEL,691,2
14,DEL,695,1
14,DEL,699,1
14,DEL,707,1
14,DEL,711,2
14,DEL,723,1
14,DEL,763,1
14,DEL,859,1
15,GET,101,1
15,GET,104,1
15,GET,106,1
15,GET,111,1
15,GET,112,2
15,GET,113,1
15,GET,122,1
15,GET,123,2
15,GET,125,1
15,GET,126,1
15,GET,127,1
15,GET,132,4
15,GET,133,1
15,GET,134,1
15,GET,135,1
15,GET,136,1
15,GET,137,1
15,GET,139,2
15,GET,141,1
15,GET,142,1
15,GET,143,1
15,GET,145,2
15,GET,146,1
15,GET,147,1
15,GET,148,1
15,GET,149,1
15,GET,152,1
15,GET,154,3
15,GET,156,2
15,GET,159,3
15,GET,160,1
15,GET,161,2
15,GET,162,1
15,GET,164,1
15,GET,165,1
15,GET,167,2
15,GET,168,2
15,GET,169,1
15,GET,170,3
15,GET,171,2
15,GET,172,1
15,GET,173,1
15,GET,174,1
15,GET,175,3
15,GET,176,2
15,GET,177,2
15,GET,179,1
15,GET,180,1
15,GET,181,1
15,GET,182,1
15,GET,183,4
15,GET,184,1
15,GET,186,1
15,GET,187,3
15,GET,189,4
15,GET,190,3
15,GET,191,1
15,GET,192,2
15,GET,193,2
15,GET,194,5
15,GET,195,4
15,GET,196,1
15,GET,197,2
15,GET,198,3
15,GET,199,5
15,GET,200,3
15,GET,201,3
15,GET,202,2
15,GET,203,6
15,GET,204,2
15,GET,205,2
15,GET,206,3
15,GET,207,3
15,GET,208,3
15,GET,209,3
15,GET,210,3
15,GET,211,4
15,GET,212,3
15,GET,213,2
15,GET,214,3
15,GET,215,3
15,GET,216,1
15,GET,217,6
15,GET,218,5
15,GET,219,3
15,GET,220,4
15,GET,221,2
15,GET,222,5
15,GET,223,5
15,GET,224,3
15,GET,225,8
15,GET,226,8
15,GET,227,2
15,GET,228,3
15,GET,229,6
15,GET,230,12
15,GET,231,1
15,GET,232,4
15,GET,233,5
15,GET,234,6
15,GET,235,1
15,GET,236,2
15,GET,237,6
15,GET,238,6
15,GET,239,5
15,GET,240,3
15,GET,241,3
15,GET,242,8
15,GET,243,5
15,GET,244,1
15,GET,245,4
15,GET,246,4
15,GET,247,2
15,GET,248,7
15,GET,249,5
15,GET,250,4
15,GET,251,7
15,GET,252,9
15,GET,253,7
15,GET,254,3
15,GET,255,3
15,GET,257,11
15,GET,259,3
15,GET,261,12
15,GET,263,13
15,GET,265,10
15,GET,267,9
15,GET,269,3
15,GET,271,10
15,GET,273,14
15,GET,275,15
15,GET,277,14
15,GET,279,14
15,GET,281,9
15,GET,283,9
15,GET,285,15
15,GET,287,9
15,GET,289,18
15,GET,291,7
15,GET,293,21
15,GET,295,14
15,GET,297,18
15,GET,299,14
15,GET,301,10
15,GET,303,15
15,GET,305,16
15,GET,307,16
15,GET,309,20
15,GET,311,18
15,GET,313,11
15,GET,315,21
15,GET,317,22
15,GET,319,9
15,GET,321,16
15,GET,323,14
15,GET,325,20
15,GET,327,11
15,GET,329,15
15,GET,331,11
15,GET,333,10
15,GET,335,12
15,GET,337,13
15,GET,339,10
15,GET,341,18
15,GET,343,16
15,GET,345,22
15,GET,347,13
15,GET,349,15
15,GET,351,13
15,GET,353,9
15,GET,355,17
15,GET,357,17
15,GET,359,11
15,GET,361,18
15,GET,363,13
15,GET,365,9
15,GET,367,15
15,GET,369,22
15,GET,371,8
15,GET,373,14
15,GET,375,10
15,GET,377,9
15,GET,379,6
15,GET,381,17
15,GET,383,15
15,GET,385,9
15,GET,387,11
15,GET,389,12
15,GET,391,14
15,GET,393,13
15,GET,395,9
15,GET,397,10
15,GET,399,20
15,GET,401,19
15,GET,403,9
15,GET,405,20
15,GET,407,22
15,GET,409,10
15,GET,411,11
15,GET,413,16
15,GET,415,11
15,GET,417,7
15,GET,419,9
15,GET,421,13
15,GET,423,17
15,GET,425,6
15,GET,427,10
15,GET,429,12
15,GET,431,17
15,GET,433,13
15,GET,435,13
15,GET,437,15
15,GET,439,11
15,GET,441,12
15,GET,443,11
15,GET,445,6
15,GET,447,12
15,GET,449,18
15,GET,451,12
15,GET,453,13
15,GET,455,16
15,GET,457,5
15,GET,459,7
15,GET,461,14
15,GET,463,12
15,GET,465,11
15,GET,467,13
15,GET,469,15
15,GET,471,9
15,GET,473,10
15,GET,475,11
15,GET,477,14
15,GET,479,7
15,GET,481,7
15,GET,483,9
15,GET,485,5
15,GET,487,11
15,GET,489,8
15,GET,491,13
15,GET,493,11
15,GET,495,4
15,GET,497,1
15,GET,499,11
15,GET,501,5
15,GET,503,3
15,GET,505,7
15,GET,507,10
15,GET,509,6
15,GET,511,4
15,GET,515,20
15,GET,519,8
15,GET,523,13
15,GET,527,8
15,GET,531,9
15,GET,535,12
15,GET,539,8
15,GET,543,9
15,GET,547,4
15,GET,551,11
15,GET,555,8
15,GET,559,10
15,GET,563,6
15,GET,567,8
15,GET,571,7
15,GET,575,6
15,GET,579,7
15,GET,583,7
15,GET,587,5
15,GET,591,4
15,GET,595,3
15,GET,599,6
15,GET,603,5
15,GET,607,5
15,GET,611,7
15,GET,615,6
15,GET,619,2
15,GET,623,4
15,GET,627,4
15,GET,631,1
15,GET,635,3
15,GET,639,3
15,GET,643,4
15,GET,647,2
15,GET,651,3
15,GET,655,3
15,GET,659,4
15,GET,663,3
15,GET,667,3
15,GET,671,2
15,GET,675,3
15,GET,679,2
15,GET,683,1
15,GET,687,2
15,GET,691,2
15,GET,695,1
15,GET,703,1
15,GET,707,1
15,GET,711,1
15,GET,719,4
15,GET,723,2
15,GET,731,1
15,GET,759,1
15,GET,763,1
15,GET,803,1
15,GET,831,1
15,GET,843,1
15,GET,847,1
15,GET,855,1
15,GET,887,1
15,GET,967,1
15,GET,1055,3
15,GET,1079,1
15,GET,1151,1
15,GET,1311,1
15,GET,1527,1
15,GET,1879,1
15,GET,4863,1
15,SET,143,1
15,SET,165,1
15,SET,176,1
15,SET,178,1
15,SET,181,1
15,SET,185,1
15,SET,191,1
15,SET,197,1
15,SET,203,1
15,SET,215,1
15,SET,218,1
15,SET,221,1
15,SET,222,3
15,SET,224,1
15,SET,225,1
15,SET,227,1
15,SET,231,1
15,SET,233,1
15,SET,236,1
15,SET,239,1
15,SET,240,1
15,SET,244,1
15,SET,249,1
15,SET,251,1
15,SET,252,1
15,SET,253,1
15,SET,254,2
15,SET,257,2
15,SET,259,2
15,SET,261,1
15,SET,265,1
15,SET,269,1
15,SET,273,2
15,SET,275,1
15,SET,279,2
15,SET,285,1
15,SET,287,2
15,SET,291,3
15,SET,293,1
15,SET,295,1
15,SET,297,1
15,SET,301,2
15,SET,309,2
15,SET,311,1
15,SET,313,4
15,SET,315,1
15,SET,319,1
15,SET,321,2
15,SET,327,1
15,SET,329,1
15,SET,331,4
15,SET,333,2
15,SET,335,1
15,SET,339,1
15,SET,341,1
15,SET,343,2
15,SET,345,1
15,SET,347,1
15,SET,351,1
15,SET,353,2
15,SET,357,2
15,SET,359,1
15,SET,363,2
15,SET,369,2
15,SET,371,1
15,SET,381,1
15,SET,383,1
15,SET,385,2
15,SET,387,2
15,SET,391,4
15,SET,395,2
15,SET,397,1
15,SET,403,1
15,SET,407,2
15,SET,413,3
15,SET,421,2
15,SET,425,2
15,SET,427,1
15,SET,429,1
15,SET,435,3
15,SET,439,2
15,SET,443,2
15,SET,445,2
15,SET,447,2
15,SET,451,2
15,SET,455,1
15,SET,459,3
15,SET,461,1
15,SET,465,1
15,SET,471,1
15,SET,477,1
15,SET,479,1
15,SET,487,1
15,SET,489,1
15,SET,497,1
15,SET,499,1
15,SET,501,1
15,SET,503,1
15,SET,511,1
15,SET,519,1
15,SET,523,2
15,SET,531,1
15,SET,539,1
15,SET,543,2
15,SET,551,1
15,SET,559,1
15,SET,563,1
15,SET,567,2
15,SET,583,1
15,SET,587,1
15,SET,591,1
15,SET,603,2
15,SET,611,1
15,SET,655,1
15,SET,679,1
15,SET,767,1
15,SET,1935,1
15,DEL,105,1
15,DEL,110,1
15,DEL,127,1
15,DEL,130,2
15,DEL,133,1
15,DEL,142,1
15,DEL,144,1
15,DEL,145,1
15,DEL,147,1
15,DEL,154,1
15,DEL,157,1
15,DEL,160,1
15,DEL,163,1
15,DEL,165,1
15,DEL,167,1
15,DEL,168,1
15,DEL,169,2
15,DEL,170,2
15,DEL,174,1
15,DEL,180,2
15,DEL,183,1
15,DEL,188,1
15,DEL,190,1
15,DEL,192,1
15,DEL,195,1
15,DEL,197,1
15,DEL,198,1
15,DEL,199,1
15,DEL,200,1
15,DEL,202,3
15,DEL,203,1
15,DEL,204,1
15,DEL,205,2
15,DEL,207,1
15,DEL,210,1
15,DEL,211,1
15,DEL,215,2
15,DEL,216,3
15,DEL,217,2
15,DEL,219,4
15,DEL,220,2
15,DEL,221,1
15,DEL,222,1
15,DEL,223,2
15,DEL,224,6
15,DEL,225,1
15,DEL,227,4
15,DEL,228,1
15,DEL,230,1
15,DEL,231,1
15,DEL,232,2
15,DEL,233,4
15,DEL,234,1
15,DEL,236,3
15,DEL,237,2
15,DEL,239,1
15,DEL,241,3
15,DEL,242,1
15,DEL,243,2
15,DEL,244,2
15,DEL,245,1
15,DEL,247,3
15,DEL,248,4
15,DEL,249,2
15,DEL,250,3
15,DEL,251,3
15,DEL,252,1
15,DEL,253,7
15,DEL,254,1
15,DEL,255,3
15,DEL,257,4
15,DEL,259,5
15,DEL,261,4
15,DEL,265,1
15,DEL,267,5
15,DEL,269,5
15,DEL,271,8
15,DEL,273,4
15,DEL,275,7
15,DEL,277,11
15,DEL,279,4
15,DEL,281,2
15,DEL,283,6
15,DEL,285,9
15,DEL,289,8
15,DEL,291,3
15,DEL,295,7
15,DEL,297,8
15,DEL,299,2
15,DEL,301,5
15,DEL,303,4
15,DEL,305,6
15,DEL,307,4
15,DEL,311,6
15,DEL,313,8
15,DEL,315,6
15,DEL,317,5
15,DEL,319,5
15,DEL,321,4
15,DEL,323,1
15,DEL,325,7
15,DEL,327,5
15,DEL,329,3
15,DEL,331,5
15,DEL,333,8
15,DEL,335,6
15,DEL,337,4
15,DEL,339,2
15,DEL,341,5
15,DEL,343,4
15,DEL,345,7
15,DEL,347,11
15,DEL,349,5
15,DEL,351,6
15,DEL,353,5
15,DEL,355,3
15,DEL,357,8
15,DEL,359,1
15,DEL,361,4
15,DEL,363,5
15,DEL,365,5
15,DEL,367,1
15,DEL,369,3
15,DEL,371,9
15,DEL,373,4
15,DEL,375,2
15,DEL,377,6
15,DEL,379,5
15,DEL,381,4
15,DEL,383,3
15,DEL,385,3
15,DEL,387,5
15,DEL,389,6
15,DEL,391,3
15,DEL,393,3
15,DEL,395,11
15,DEL,397,4
15,DEL,399,6
15,DEL,401,2
15,DEL,403,4
15,DEL,405,4
15,DEL,407,7
15,DEL,409,7
15,DEL,411,5
15,DEL,413,5
15,DEL,415,4
15,DEL,417,3
15,DEL,419,7
15,DEL,421,4
15,DEL,423,4
15,DEL,425,4
15,DEL,427,6
15,DEL,429,2
15,DEL,431,4
15,DEL,433,5
15,DEL,435,3
15,DEL,437,4
15,DEL,439,5
15,DEL,441,5
15,DEL,443,2
15,DEL,445,4
15,DEL,447,1
15,DEL,449,5
15,DEL,451,5
15,DEL,453,1
15,DEL,455,4
15,DEL,457,3
15,DEL,459,5
15,DEL,461,2
15,DEL,463,10
15,DEL,465,5
15,DEL,467,5
15,DEL,469,1
15,DEL,471,4
15,DEL,473,4
15,DEL,477,1
15,DEL,479,5
15,DEL,481,2
15,DEL,483,4
15,DEL,485,1
15,DEL,487,2
15,DEL,489,4
15,DEL,491,5
15,DEL,493,1
15,DEL,495,2
15,DEL,497,2
15,DEL,499,4
15,DEL,501,1
15,DEL,503,3
15,DEL,505,1
15,DEL,507,2
15,DEL,509,1
15,DEL,511,2
15,DEL,515,4
15,DEL,519,3
15,DEL,523,2
15,DEL,527,7
15,DEL,531,4
15,DEL,535,4
15,DEL,539,4
15,DEL,543,5
15,DEL,547,2
15,DEL,551,2
15,DEL,555,3
15,DEL,559,2
15,DEL,563,6
15,DEL,567,4
15,DEL,571,4
15,DEL,579,3
15,DEL,583,7
15,DEL,599,2
15,DEL,603,2
15,DEL,607,1
15,DEL,611,2
15,DEL,615,3
15,DEL,619,2
15,DEL,627,2
15,DEL,631,1
15,DEL,635,3
15,DEL,639,1
15,DEL,643,2
15,DEL,647,1
15,DEL,651,1
15,DEL,663,1
15,DEL,667,1
15,DEL,671,1
15,DEL,687,1
15,DEL,691,1
15,DEL,695,1
15,DEL,707,1
15,DEL,719,1
15,DEL,723,1
15,DEL,727,1
15,DEL,739,1
15,DEL,763,1
15,DEL,771,1
15,DEL,779,1
15,DEL,851,1
15,DEL,907,1
15,DEL,975,1
16,DEL,88,1
16,DEL,107,1
16,DEL,110,1
16,DEL,117,1
16,DEL,120,1
16,DEL,121,2
16,DEL,125,1
16,DEL,126,1
16,DEL,130,1
16,DEL,131,1
16,DEL,132,1
16,DEL,134,1
16,DEL,142,2
16,DEL,143,1
16,DEL,150,3
16,DEL,151,2
16,DEL,154,1
16,DEL,156,1
16,DEL,157,2
16,DEL,158,1
16,DEL,161,1
16,DEL,164,1
16,DEL,167,1
16,DEL,170,1
16,DEL,171,1
16,DEL,172,1
16,DEL,181,1
16,DEL,182,1
16,DEL,183,2
16,DEL,185,3
16,DEL,188,1
16,DEL,195,3
16,DEL,199,2
16,DEL,200,1
16,DEL,201,3
16,DEL,203,2
16,DEL,204,1
16,DEL,205,1
16,DEL,206,2
16,DEL,207,1
16,DEL,209,1
16,DEL,210,2
16,DEL,211,1
16,DEL,212,3
16,DEL,213,1
16,DEL,214,1
16,DEL,215,3
16,DEL,216,1
16,DEL,217,4
16,DEL,218,2
16,DEL,220,1
16,DEL,221,1
16,DEL,222,2
16,DEL,226,1
16,DEL,227,1
16,DEL,229,1
16,DEL,230,2
16,DEL,231,1
16,DEL,232,1
16,DEL,233,1
16,DEL,235,1
16,DEL,236,2
16,DEL,239,1
16,DEL,240,1
16,DEL,242,1
16,DEL,243,3
16,DEL,244,1
16,DEL,245,2
16,DEL,246,1
16,DEL,247,1
16,DEL,248,1
16,DEL,249,2
16,DEL,250,7
16,DEL,251,4
16,DEL,252,4
16,DEL,253,2
16,DEL,254,2
16,DEL,255,1
16,DEL,257,2
16,DEL,259,3
16,DEL,261,6
16,DEL,263,6
16,DEL,265,2
16,DEL,267,4
16,DEL,269,3
16,DEL,271,5
16,DEL,273,5
16,DEL,275,4
16,DEL,277,4
16,DEL,279,4
16,DEL,281,5
16,DEL,283,1
16,DEL,285,4
16,DEL,287,9
16,DEL,289,6
16,DEL,291,4
16,DEL,293,5
16,DEL,295,3
16,DEL,297,3
16,DEL,299,3
16,DEL,301,5
16,DEL,303,9
16,DEL,305,11
16,DEL,307,5
16,DEL,309,7
16,DEL,311,4
16,DEL,313,5
16,DEL,315,10
16,DEL,317,5
16,DEL,319,7
16,DEL,321,10
16,DEL,323,3
16,DEL,325,2
16,DEL,327,1
16,DEL,329,5
16,DEL,331,9
16,DEL,333,5
16,DEL,335,1
16,DEL,337,1
16,DEL,339,6
16,DEL,341,6
16,DEL,343,3
16,DEL,345,6
16,DEL,347,7
16,DEL,349,9
16,DEL,351,8
16,DEL,353,4
16,DEL,355,8
16,DEL,357,2
16,DEL,359,6
16,DEL,361,1
16,DEL,363,3
16,DEL,365,5
16,DEL,367,5
16,DEL,369,3
16,DEL,371,4
16,DEL,373,2
16,DEL,375,8
16,DEL,377,8
16,DEL,379,8
16,DEL,381,3
16,DEL,383,9
16,DEL,385,3
16,DEL,387,6
16,DEL,389,3
16,DEL,391,1
16,DEL,393,7
16,DEL,395,6
16,DEL,397,2
16,DEL,399,6
16,DEL,401,5
16,DEL,403,4
16,DEL,405,5
16,DEL,407,4
16,DEL,409,7
16,DEL,411,2
16,DEL,413,6
16,DEL,415,3
16,DEL,417,2
16,DEL,419,4
16,DEL,421,4
16,DEL,423,3
16,DEL,425,6
16,DEL,427,6
16,DEL,429,4
16,DEL,431,4
16,DEL,433,5
16,DEL,435,7
16,DEL,437,5
16,DEL,439,5
16,DEL,441,4
16,DEL,443,14
16,DEL,445,3
16,DEL,447,3
16,DEL,449,5
16,DEL,451,3
16,DEL,453,3
16,DEL,455,7
16,DEL,457,1
16,DEL,459,2
16,DEL,461,5
16,DEL,463,1
16,DEL,465,5
16,DEL,467,4
16,DEL,469,3
16,DEL,471,2
16,DEL,475,2
16,DEL,477,4
16,DEL,479,5
16,DEL,481,3
16,DEL,483,4
16,DEL,485,8
16,DEL,489,2
16,DEL,491,3
16,DEL,493,2
16,DEL,495,3
16,DEL,497,4
16,DEL,499,1
16,DEL,503,4
16,DEL,505,3
16,DEL,507,2
16,DEL,509,1
16,DEL,511,3
16,DEL,515,6
16,DEL,519,5
16,DEL,523,10
16,DEL,527,1
16,DEL,531,2
16,DEL,535,8
16,DEL,539,5
16,DEL,543,9
16,DEL,547,6
16,DEL,551,6
16,DEL,555,4
16,DEL,559,1
16,DEL,563,3
16,DEL,567,3
16,DEL,571,2
16,DEL,575,1
16,DEL,583,1
16,DEL,595,1
16,DEL,599,2
16,DEL,603,6
16,DEL,611,5
16,DEL,619,2
16,DEL,623,2
16,DEL,627,1
16,DEL,631,1
16,DEL,639,1
16,DEL,643,2
16,DEL,647,3
16,DEL,651,3
16,DEL,655,1
16,DEL,659,4
16,DEL,667,1
16,DEL,671,1
16,DEL,675,1
16,DEL,679,1
16,DEL,687,1
16,DEL,691,1
16,DEL,695,1
16,DEL,711,1
16,DEL,723,1
16,DEL,731,1
16,DEL,735,1
16,DEL,795,1
16,DEL,819,1
16,DEL,835,1
16,DEL,887,1
16,GET,97,1
16,GET,104,1
16,GET,108,1
16,GET,109,4
16,GET,111,1
16,GET,114,1
16,GET,117,3
16,GET,121,2
16,GET,122,1
16,GET,123,2
16,GET,124,1
16,GET,126,2
16,GET,127,2
16,GET,128,1
16,GET,129,1
16,GET,130,3
16,GET,131,2
16,GET,132,2
16,GET,135,1
16,GET,136,1
16,GET,137,2
16,GET,138,2
16,GET,139,1
16,GET,141,1
16,GET,142,1
16,GET,143,1
16,GET,146,2
16,GET,147,3
16,GET,150,2
16,GET,151,2
16,GET,152,1
16,GET,153,3
16,GET,154,1
16,GET,157,2
16,GET,158,1
16,GET,159,1
16,GET,160,1
16,GET,161,1
16,GET,163,2
16,GET,164,1
16,GET,165,1
16,GET,167,1
16,GET,168,2
16,GET,171,1
16,GET,172,2
16,GET,174,1
16,GET,175,5
16,GET,177,3
16,GET,178,2
16,GET,179,2
16,GET,180,1
16,GET,181,1
16,GET,182,1
16,GET,183,1
16,GET,184,6
16,GET,185,4
16,GET,186,2
16,GET,187,1
16,GET,188,2
16,GET,189,3
16,GET,190,3
16,GET,191,1
16,GET,192,3
16,GET,193,5
16,GET,194,5
16,GET,195,1
16,GET,196,1
16,GET,197,2
16,GET,199,1
16,GET,200,1
16,GET,201,3
16,GET,202,2
16,GET,205,4
16,GET,206,3
16,GET,207,3
16,GET,208,3
16,GET,209,2
16,GET,210,2
16,GET,211,4
16,GET,212,1
16,GET,213,5
16,GET,214,1
16,GET,215,2
16,GET,216,2
16,GET,217,2
16,GET,219,1
16,GET,220,1
16,GET,221,4
16,GET,222,5
16,GET,223,4
16,GET,224,4
16,GET,225,2
16,GET,226,4
16,GET,227,3
16,GET,228,1
16,GET,230,4
16,GET,231,3
16,GET,232,7
16,GET,233,9
16,GET,234,2
16,GET,235,4
16,GET,236,6
16,GET,237,2
16,GET,238,1
16,GET,239,5
16,GET,240,3
16,GET,241,3
16,GET,242,3
16,GET,243,5
16,GET,244,4
16,GET,245,12
16,GET,246,8
16,GET,247,4
16,GET,248,5
16,GET,249,7
16,GET,250,4
16,GET,251,3
16,GET,252,4
16,GET,253,5
16,GET,254,3
16,GET,255,7
16,GET,257,8
16,GET,259,10
16,GET,261,9
16,GET,263,11
16,GET,265,8
16,GET,267,11
16,GET,269,7
16,GET,271,14
16,GET,273,11
16,GET,275,17
16,GET,277,10
16,GET,279,16
16,GET,281,13
16,GET,283,15
16,GET,285,15
16,GET,287,9
16,GET,289,12
16,GET,291,10
16,GET,293,13
16,GET,295,16
16,GET,297,14
16,GET,299,15
16,GET,301,18
16,GET,303,14
16,GET,305,18
16,GET,307,10
16,GET,309,13
16,GET,311,14
16,GET,313,8
16,GET,315,12
16,GET,317,18
16,GET,319,12
16,GET,321,13
16,GET,323,7
16,GET,325,13
16,GET,327,10
16,GET,329,20
16,GET,331,11
16,GET,333,10
16,GET,335,6
16,GET,337,9
16,GET,339,12
16,GET,341,16
16,GET,343,17
16,GET,345,13
16,GET,347,14
16,GET,349,17
16,GET,351,13
16,GET,353,12
16,GET,355,11
16,GET,357,12
16,GET,359,16
16,GET,361,17
16,GET,363,12
16,GET,365,15
16,GET,367,12
16,GET,369,13
16,GET,371,10
16,GET,373,9
16,GET,375,8
16,GET,377,9
16,GET,379,15
16,GET,381,12
16,GET,383,9
16,GET,385,13
16,GET,387,14
16,GET,389,10
16,GET,391,15
16,GET,393,15
16,GET,395,13
16,GET,397,11
16,GET,399,10
16,GET,401,10
16,GET,403,17
16,GET,405,14
16,GET,407,11
16,GET,409,11
16,GET,411,11
16,GET,413,12
16,GET,415,20
16,GET,417,9
16,GET,419,6
16,GET,421,14
16,GET,423,13
16,GET,425,13
16,GET,427,15
16,GET,429,13
16,GET,431,12
16,GET,433,12
16,GET,435,9
16,GET,437,10
16,GET,439,13
16,GET,441,15
16,GET,443,11
16,GET,445,11
16,GET,447,11
16,GET,449,11
16,GET,451,19
16,GET,453,16
16,GET,455,8
16,GET,457,10
16,GET,459,6
16,GET,461,6
16,GET,463,14
16,GET,465,7
16,GET,467,17
16,GET,469,8
16,GET,471,12
16,GET,473,8
16,GET,475,14
16,GET,477,14
16,GET,479,8
16,GET,481,6
16,GET,483,11
16,GET,485,9
16,GET,487,4
16,GET,489,10
16,GET,491,10
16,GET,493,10
16,GET,495,7
16,GET,497,5
16,GET,499,4
16,GET,501,6
16,GET,503,9
16,GET,505,7
16,GET,507,7
16,GET,509,4
16,GET,511,5
16,GET,515,17
16,GET,519,14
16,GET,523,14
16,GET,527,8
16,GET,531,14
16,GET,535,11
16,GET,539,16
16,GET,543,14
16,GET,547,16
16,GET,551,11
16,GET,555,7
16,GET,559,14
16,GET,563,11
16,GET,567,9
16,GET,571,4
16,GET,575,8
16,GET,579,7
16,GET,583,11
16,GET,587,12
16,GET,591,7
16,GET,595,6
16,GET,599,2
16,GET,603,5
16,GET,607,10
16,GET,611,3
16,GET,615,7
16,GET,619,2
16,GET,623,3
16,GET,627,3
16,GET,631,2
16,GET,635,5
16,GET,639,2
16,GET,643,1
16,GET,647,5
16,GET,651,5
16,GET,655,2
16,GET,659,2
16,GET,663,4
16,GET,667,4
16,GET,671,4
16,GET,675,4
16,GET,679,3
16,GET,683,2
16,GET,687,1
16,GET,691,2
16,GET,695,1
16,GET,703,1
16,GET,707,1
16,GET,711,3
16,GET,719,1
16,GET,723,2
16,GET,735,1
16,GET,739,1
16,GET,747,1
16,GET,759,2
16,GET,763,1
16,GET,767,1
16,GET,787,1
16,GET,807,1
16,GET,959,1
16,GET,995,1
16,GET,1063,1
16,GET,1119,1
16,GET,1463,1
16,SET,102,1
16,SET,117,1
16,SET,121,1
16,SET,129,1
16,SET,149,1
16,SET,168,1
16,SET,173,1
16,SET,183,2
16,SET,185,1
16,SET,214,1
16,SET,215,1
16,SET,216,1
16,SET,231,1
16,SET,240,1
16,SET,241,1
16,SET,242,1
16,SET,245,1
16,SET,255,1
16,SET,259,2
16,SET,267,1
16,SET,271,1
16,SET,273,2
16,SET,281,2
16,SET,283,2
16,SET,285,1
16,SET,289,3
16,SET,291,3
16,SET,295,1
16,SET,297,1
16,SET,301,3
16,SET,303,1
16,SET,305,2
16,SET,307,3
16,SET,309,1
16,SET,315,5
16,SET,317,2
16,SET,319,3
16,SET,321,3
16,SET,323,2
16,SET,327,2
16,SET,331,3
16,SET,333,1
16,SET,335,1
16,SET,337,3
16,SET,341,2
16,SET,343,1
16,SET,347,1
16,SET,351,1
16,SET,355,2
16,SET,357,2
16,SET,359,1
16,SET,361,2
16,SET,363,1
16,SET,369,1
16,SET,371,6
16,SET,373,1
16,SET,375,2
16,SET,377,2
16,SET,383,2
16,SET,385,1
16,SET,387,2
16,SET,389,4
16,SET,391,1
16,SET,393,1
16,SET,395,1
16,SET,399,2
16,SET,403,1
16,SET,405,1
16,SET,409,2
16,SET,413,1
16,SET,415,1
16,SET,417,4
16,SET,421,1
16,SET,423,1
16,SET,425,1
16,SET,431,1
16,SET,435,2
16,SET,439,2
16,SET,441,1
16,SET,445,1
16,SET,449,1
16,SET,451,1
16,SET,453,1
16,SET,455,1
16,SET,461,2
16,SET,463,1
16,SET,465,1
16,SET,467,1
16,SET,471,1
16,SET,473,2
16,SET,477,1
16,SET,479,1
16,SET,481,2
16,SET,493,2
16,SET,495,2
16,SET,503,1
16,SET,505,2
16,SET,507,1
16,SET,509,1
16,SET,515,2
16,SET,519,2
16,SET,535,1
16,SET,539,3
16,SET,543,1
16,SET,551,1
16,SET,559,1
16,SET,575,1
16,SET,591,1
16,SET,595,1
16,SET,611,1
16,SET,615,1
16,SET,619,1
16,SET,647,1
16,SET,679,1
16,SET,695,1
16,SET,747,1
17,SET,144,1
17,SET,146,1
17,SET,166,1
17,SET,187,2
17,SET,189,1
17,SET,196,1
17,SET,215,1
17,SET,218,1
17,SET,219,2
17,SET,223,1
17,SET,224,1
17,SET,231,2
17,SET,232,1
17,SET,243,1
17,SET,244,1
17,SET,245,1
17,SET,248,1
17,SET,250,1
17,SET,255,1
17,SET,257,2
17,SET,263,2
17,SET,265,1
17,SET,267,2
17,SET,269,3
17,SET,271,1
17,SET,273,2
17,SET,279,3
17,SET,281,2
17,SET,283,1
17,SET,289,1
17,SET,291,1
17,SET,293,1
17,SET,295,1
17,SET,297,1
17,SET,299,1
17,SET,301,2
17,SET,303,1
17,SET,307,1
17,SET,313,5
17,SET,319,1
17,SET,327,1
17,SET,333,2
17,SET,339,2
17,SET,341,1
17,SET,343,2
17,SET,345,1
17,SET,347,1
17,SET,349,2
17,SET,351,1
17,SET,353,1
17,SET,357,1
17,SET,359,1
17,SET,361,2
17,SET,363,1
17,SET,367,1
17,SET,375,1
17,SET,377,1
17,SET,379,1
17,SET,383,1
17,SET,385,1
17,SET,389,1
17,SET,391,1
17,SET,393,1
17,SET,395,1
17,SET,397,1
17,SET,399,1
17,SET,407,3
17,SET,409,1
17,SET,413,1
17,SET,415,1
17,SET,417,1
17,SET,419,1
17,SET,421,1
17,SET,423,2
17,SET,425,2
17,SET,427,2
17,SET,433,2
17,SET,435,3
17,SET,437,1
17,SET,441,1
17,SET,449,1
17,SET,453,1
17,SET,455,1
17,SET,457,1
17,SET,461,2
17,SET,465,2
17,SET,467,2
17,SET,469,1
17,SET,471,1
17,SET,491,1
17,SET,499,1
17,SET,509,2
17,SET,511,2
17,SET,515,1
17,SET,519,2
17,SET,523,1
17,SET,527,1
17,SET,535,1
17,SET,539,1
17,SET,547,1
17,SET,551,1
17,SET,555,2
17,SET,559,1
17,SET,563,1
17,SET,575,1
17,SET,587,1
17,SET,591,1
17,SET,619,1
17,SET,627,1
17,SET,643,1
17,SET,675,1
17,SET,695,1
17,SET,747,1
17,SET,1143,1
17,DEL,106,1
17,DEL,120,1
17,DEL,123,1
17,DEL,127,1
17,DEL,131,1
17,DEL,132,1
17,DEL,139,1
17,DEL,144,1
17,DEL,146,1
17,DEL,147,2
17,DEL,150,1
17,DEL,155,2
17,DEL,157,1
17,DEL,160,1
17,DEL,164,1
17,DEL,165,3
17,DEL,168,1
17,DEL,171,2
17,DEL,174,2
17,DEL,175,1
17,DEL,177,1
17,DEL,179,1
17,DEL,180,1
17,DEL,181,1
17,DEL,182,2
17,DEL,183,2
17,DEL,184,1
17,DEL,192,1
17,DEL,194,1
17,DEL,195,2
17,DEL,196,1
17,DEL,200,1
17,DEL,202,2
17,DEL,203,1
17,DEL,204,2
17,DEL,205,2
17,DEL,206,2
17,DEL,207,1
17,DEL,209,2
17,DEL,210,1
17,DEL,211,1
17,DEL,212,1
17,DEL,213,1
17,DEL,215,3
17,DEL,216,2
17,DEL,217,3
17,DEL,219,2
17,DEL,223,3
17,DEL,224,1
17,DEL,225,1
17,DEL,226,2
17,DEL,227,2
17,DEL,229,2
17,DEL,230,3
17,DEL,231,4
17,DEL,232,2
17,DEL,233,1
17,DEL,235,1
17,DEL,236,5
17,DEL,237,2
17,DEL,238,3
17,DEL,239,1
17,DEL,240,1
17,DEL,241,2
17,DEL,242,1
17,DEL,243,1
17,DEL,244,1
17,DEL,245,5
17,DEL,246,2
17,DEL,247,3
17,DEL,248,4
17,DEL,249,1
17,DEL,250,2
17,DEL,251,1
17,DEL,252,1
17,DEL,253,2
17,DEL,254,2
17,DEL,257,4
17,DEL,259,6
17,DEL,261,2
17,DEL,263,5
17,DEL,265,2
17,DEL,267,6
17,DEL,269,3
17,DEL,271,3
17,DEL,273,4
17,DEL,275,6
17,DEL,277,2
17,DEL,279,4
17,DEL,281,2
17,DEL,283,5
17,DEL,285,5
17,DEL,287,3
17,DEL,289,5
17,DEL,291,5
17,DEL,293,6
17,DEL,295,4
17,DEL,297,4
17,DEL,299,5
17,DEL,301,5
17,DEL,303,6
17,DEL,305,8
17,DEL,307,3
17,DEL,309,7
17,DEL,311,2
17,DEL,313,3
17,DEL,315,7
17,DEL,317,6
17,DEL,319,6
17,DEL,321,5
17,DEL,323,4
17,DEL,325,7
17,DEL,327,5
17,DEL,329,11
17,DEL,331,9
17,DEL,333,7
17,DEL,335,7
17,DEL,337,5
17,DEL,339,7
17,DEL,341,7
17,DEL,343,8
17,DEL,345,3
17,DEL,347,4
17,DEL,349,3
17,DEL,351,7
17,DEL,353,5
17,DEL,355,3
17,DEL,357,3
17,DEL,359,4
17,DEL,361,3
17,DEL,363,4
17,DEL,365,4
17,DEL,367,8
17,DEL,369,5
17,DEL,371,3
17,DEL,373,2
17,DEL,375,7
17,DEL,377,3
17,DEL,379,4
17,DEL,381,3
17,DEL,383,2
17,DEL,385,3
17,DEL,387,3
17,DEL,389,4
17,DEL,391,3
17,DEL,393,6
17,DEL,395,8
17,DEL,397,5
17,DEL,399,2
17,DEL,401,5
17,DEL,403,8
17,DEL,405,10
17,DEL,407,3
17,DEL,409,2
17,DEL,411,6
17,DEL,413,7
17,DEL,415,4
17,DEL,417,4
17,DEL,419,5
17,DEL,421,3
17,DEL,423,3
17,DEL,425,5
17,DEL,427,1
17,DEL,429,7
17,DEL,431,3
17,DEL,433,2
17,DEL,435,2
17,DEL,437,4
17,DEL,439,4
17,DEL,441,3
17,DEL,443,7
17,DEL,445,6
17,DEL,447,4
17,DEL,449,4
17,DEL,451,7
17,DEL,453,5
17,DEL,457,4
17,DEL,459,4
17,DEL,461,4
17,DEL,463,3
17,DEL,465,5
17,DEL,467,2
17,DEL,469,4
17,DEL,471,4
17,DEL,473,1
17,DEL,475,1
17,DEL,477,4
17,DEL,479,4
17,DEL,481,2
17,DEL,483,3
17,DEL,487,2
17,DEL,489,4
17,DEL,491,4
17,DEL,493,2
17,DEL,495,3
17,DEL,497,3
17,DEL,499,5
17,DEL,501,4
17,DEL,503,1
17,DEL,505,4
17,DEL,507,2
17,DEL,509,2
17,DEL,511,2
17,DEL,515,5
17,DEL,519,9
17,DEL,523,4
17,DEL,527,7
17,DEL,531,4
17,DEL,535,2
17,DEL,539,3
17,DEL,543,5
17,DEL,547,3
17,DEL,551,1
17,DEL,555,4
17,DEL,559,1
17,DEL,563,3
17,DEL,567,3
17,DEL,571,1
17,DEL,575,3
17,DEL,579,1
17,DEL,583,2
17,DEL,587,4
17,DEL,591,1
17,DEL,595,3
17,DEL,599,1
17,DEL,603,4
17,DEL,611,2
17,DEL,615,3
17,DEL,619,2
17,DEL,623,1
17,DEL,627,3
17,DEL,631,2
17,DEL,635,2
17,DEL,639,1
17,DEL,643,1
17,DEL,651,1
17,DEL,655,1
17,DEL,659,1
17,DEL,671,1
17,DEL,675,1
17,DEL,679,1
17,DEL,683,2
17,DEL,687,1
17,DEL,691,1
17,DEL,699,2
17,DEL,711,1
17,DEL,715,1
17,DEL,719,2
17,DEL,739,1
17,DEL,747,1
17,DEL,751,1
17,DEL,759,1
17,DEL,763,1
17,DEL,783,1
17,DEL,791,1
17,DEL,823,1
17,DEL,827,1
17,DEL,1479,1
17,DEL,1487,1
17,DEL,1911,1
17,GET,101,1
17,GET,103,2
17,GET,112,1
17,GET,119,2
17,GET,122,1
17,GET,123,1
17,GET,124,2
17,GET,125,2
17,GET,126,1
17,GET,128,2
17,GET,132,1
17,GET,134,2
17,GET,138,1
17,GET,139,1
17,GET,140,2
17,GET,142,3
17,GET,144,1
17,GET,146,1
17,GET,147,1
17,GET,148,1
17,GET,149,1
17,GET,150,2
17,GET,151,1
17,GET,152,1
17,GET,158,1
17,GET,159,1
17,GET,160,1
17,GET,161,2
17,GET,162,2
17,GET,163,4
17,GET,165,1
17,GET,166,1
17,GET,167,1
17,GET,168,1
17,GET,169,1
17,GET,171,1
17,GET,172,1
17,GET,173,1
17,GET,174,2
17,GET,178,1
17,GET,179,2
17,GET,180,2
17,GET,181,3
17,GET,182,1
17,GET,183,4
17,GET,184,2
17,GET,185,2
17,GET,186,3
17,GET,188,3
17,GET,190,4
17,GET,191,6
17,GET,192,4
17,GET,193,5
17,GET,194,6
17,GET,195,1
17,GET,196,5
17,GET,197,6
17,GET,198,3
17,GET,199,2
17,GET,200,3
17,GET,201,4
17,GET,202,1
17,GET,203,4
17,GET,205,2
17,GET,206,2
17,GET,207,6
17,GET,208,2
17,GET,209,3
17,GET,210,2
17,GET,211,3
17,GET,212,6
17,GET,213,6
17,GET,214,2
17,GET,215,1
17,GET,216,3
17,GET,217,2
17,GET,218,6
17,GET,219,3
17,GET,220,3
17,GET,221,1
17,GET,222,4
17,GET,223,4
17,GET,224,4
17,GET,225,1
17,GET,226,2
17,GET,227,6
17,GET,228,4
17,GET,229,9
17,GET,230,3
17,GET,231,6
17,GET,232,2
17,GET,233,4
17,GET,234,4
17,GET,235,6
17,GET,236,7
17,GET,237,3
17,GET,238,3
17,GET,239,4
17,GET,240,6
17,GET,241,7
17,GET,242,5
17,GET,243,3
17,GET,244,5
17,GET,245,6
17,GET,246,2
17,GET,247,6
17,GET,248,1
17,GET,249,5
17,GET,250,6
17,GET,251,5
17,GET,252,6
17,GET,253,6
17,GET,254,6
17,GET,255,5
17,GET,257,10
17,GET,259,13
17,GET,261,11
17,GET,263,11
17,GET,265,12
17,GET,267,7
17,GET,269,12
17,GET,271,10
17,GET,273,14
17,GET,275,15
17,GET,277,23
17,GET,279,16
17,GET,281,6
17,GET,283,15
17,GET,285,11
17,GET,287,8
17,GET,289,9
17,GET,291,11
17,GET,293,14
17,GET,295,18
17,GET,297,12
17,GET,299,15
17,GET,301,19
17,GET,303,12
17,GET,305,18
17,GET,307,13
17,GET,309,8
17,GET,311,11
17,GET,313,17
17,GET,315,21
17,GET,317,15
17,GET,319,12
17,GET,321,12
17,GET,323,17
17,GET,325,19
17,GET,327,13
17,GET,329,10
17,GET,331,9
17,GET,333,15
17,GET,335,8
17,GET,337,11
17,GET,339,23
17,GET,341,14
17,GET,343,22
17,GET,345,18
17,GET,347,18
17,GET,349,19
17,GET,351,10
17,GET,353,11
17,GET,355,10
17,GET,357,21
17,GET,359,18
17,GET,361,15
17,GET,363,12
17,GET,365,15
17,GET,367,19
17,GET,369,13
17,GET,371,7
17,GET,373,11
17,GET,375,11
17,GET,377,11
17,GET,379,19
17,GET,381,18
17,GET,383,9
17,GET,385,9
17,GET,387,16
17,GET,389,12
17,GET,391,11
17,GET,393,15
17,GET,395,9
17,GET,397,15
17,GET,399,10
17,GET,401,15
17,GET,403,14
17,GET,405,10
17,GET,407,20
17,GET,409,9
17,GET,411,10
17,GET,413,11
17,GET,415,17
17,GET,417,16
17,GET,419,12
17,GET,421,10
17,GET,423,20
17,GET,425,10
17,GET,427,12
17,GET,429,16
17,GET,431,7
17,GET,433,10
17,GET,435,9
17,GET,437,11
17,GET,439,6
17,GET,441,17
17,GET,443,10
17,GET,445,7
17,GET,447,10
17,GET,449,9
17,GET,451,9
17,GET,453,10
17,GET,455,9
17,GET,457,13
17,GET,459,11
17,GET,461,12
17,GET,463,6
17,GET,465,12
17,GET,467,19
17,GET,469,8
17,GET,471,5
17,GET,473,10
17,GET,475,8
17,GET,477,8
17,GET,479,7
17,GET,481,12
17,GET,483,13
17,GET,485,10
17,GET,487,5
17,GET,489,4
17,GET,491,6
17,GET,493,10
17,GET,495,7
17,GET,497,3
17,GET,499,7
17,GET,501,8
17,GET,503,6
17,GET,505,7
17,GET,507,8
17,GET,509,7
17,GET,511,7
17,GET,515,12
17,GET,519,10
17,GET,523,11
17,GET,527,18
17,GET,531,15
17,GET,535,12
17,GET,539,7
17,GET,543,12
17,GET,547,8
17,GET,551,8
17,GET,555,8
17,GET,559,5
17,GET,563,7
17,GET,567,7
17,GET,571,9
17,GET,575,4
17,GET,579,8
17,GET,583,11
17,GET,587,8
17,GET,591,4
17,GET,595,5
17,GET,599,4
17,GET,603,6
17,GET,607,8
17,GET,611,7
17,GET,615,3
17,GET,619,3
17,GET,623,6
17,GET,627,2
17,GET,631,2
17,GET,635,7
17,GET,639,6
17,GET,643,8
17,GET,647,2
17,GET,651,4
17,GET,655,1
17,GET,663,3
17,GET,667,3
17,GET,671,1
17,GET,675,1
17,GET,679,1
17,GET,683,1
17,GET,695,2
17,GET,699,2
17,GET,703,1
17,GET,707,1
17,GET,711,2
17,GET,715,1
17,GET,723,1
17,GET,727,3
17,GET,731,3
17,GET,735,1
17,GET,739,3
17,GET,743,1
17,GET,759,1
17,GET,763,1
17,GET,783,1
17,GET,787,1
17,GET,791,1
17,GET,799,1
17,GET,815,1
17,GET,835,1
17,GET,911,1
17,GET,4831,1
18,GET,93,1
18,GET,112,1
18,GET,116,6
18,GET,117,2
18,GET,121,1
18,GET,123,2
18,GET,125,1
18,GET,129,1
18,GET,131,2
18,GET,133,2
18,GET,134,1
18,GET,136,2
18,GET,137,1
18,GET,138,1
18,GET,139,1
18,GET,140,1
18,GET,144,2
18,GET,148,3
18,GET,149,1
18,GET,150,1
18,GET,152,1
18,GET,153,3
18,GET,154,1
18,GET,155,3
18,GET,156,1
18,GET,157,1
18,GET,158,1
18,GET,162,3
18,GET,163,5
18,GET,164,2
18,GET,165,1
18,GET,166,3
18,GET,167,1
18,GET,168,1
18,GET,169,3
18,GET,171,3
18,GET,172,2
18,GET,174,3
18,GET,175,2
18,GET,176,2
18,GET,178,1
18,GET,179,1
18,GET,180,3
18,GET,181,2
18,GET,183,2
18,GET,184,4
18,GET,185,3
18,GET,186,2
18,GET,187,3
18,GET,188,5
18,GET,189,3
18,GET,190,2
18,GET,191,1
18,GET,193,2
18,GET,194,1
18,GET,195,1
18,GET,197,4
18,GET,198,6
18,GET,199,4
18,GET,200,1
18,GET,201,2
18,GET,202,1
18,GET,203,4
18,GET,204,4
18,GET,205,4
18,GET,206,1
18,GET,207,1
18,GET,208,5
18,GET,210,3
18,GET,211,1
18,GET,212,1
18,GET,213,3
18,GET,214,3
18,GET,215,4
18,GET,216,3
18,GET,217,2
18,GET,218,3
18,GET,219,3
18,GET,220,5
18,GET,221,2
18,GET,222,1
18,GET,223,1
18,GET,224,3
18,GET,225,8
18,GET,227,3
18,GET,228,3
18,GET,229,4
18,GET,230,1
18,GET,231,3
18,GET,232,3
18,GET,233,4
18,GET,234,4
18,GET,235,4
18,GET,236,3
18,GET,237,3
18,GET,238,4
18,GET,239,4
18,GET,240,2
18,GET,241,7
18,GET,242,5
18,GET,243,2
18,GET,244,5
18,GET,245,8
18,GET,246,2
18,GET,247,2
18,GET,248,9
18,GET,249,9
18,GET,250,6
18,GET,251,4
18,GET,252,7
18,GET,253,11
18,GET,254,5
18,GET,255,6
18,GET,257,14
18,GET,259,16
18,GET,261,11
18,GET,263,11
18,GET,265,17
18,GET,267,9
18,GET,269,13
18,GET,271,13
18,GET,273,10
18,GET,275,12
18,GET,277,14
18,GET,279,10
18,GET,281,14
18,GET,283,13
18,GET,285,8
18,GET,287,9
18,GET,289,4
18,GET,291,17
18,GET,293,14
18,GET,295,13
18,GET,297,11
18,GET,299,15
18,GET,301,24
18,GET,303,14
18,GET,305,13
18,GET,307,10
18,GET,309,10
18,GET,311,9
18,GET,313,17
18,GET,315,8
18,GET,317,9
18,GET,319,20
18,GET,321,14
18,GET,323,9
18,GET,325,19
18,GET,327,12
18,GET,329,18
18,GET,331,21
18,GET,333,10
18,GET,335,18
18,GET,337,12
18,GET,339,11
18,GET,341,17
18,GET,343,12
18,GET,345,9
18,GET,347,15
18,GET,349,15
18,GET,351,18
18,GET,353,13
18,GET,355,9
18,GET,357,14
18,GET,359,18
18,GET,361,19
18,GET,363,16
18,GET,365,12
18,GET,367,8
18,GET,369,9
18,GET,371,11
18,GET,373,14
18,GET,375,12
18,GET,377,13
18,GET,379,14
18,GET,381,11
18,GET,383,16
18,GET,385,15
18,GET,387,13
18,GET,389,13
18,GET,391,17
18,GET,393,10
18,GET,395,18
18,GET,397,13
18,GET,399,26
18,GET,401,11
18,GET,403,14
18,GET,405,12
18,GET,407,9
18,GET,409,15
18,GET,411,8
18,GET,413,17
18,GET,415,12
18,GET,417,18
18,GET,419,16
18,GET,421,18
18,GET,423,9
18,GET,425,6
18,GET,427,14
18,GET,429,19
18,GET,431,8
18,GET,433,14
18,GET,435,10
18,GET,437,11
18,GET,439,13
18,GET,441,14
18,GET,443,14
18,GET,445,16
18,GET,447,12
18,GET,449,11
18,GET,451,11
18,GET,453,14
18,GET,455,8
18,GET,457,6
18,GET,459,10
18,GET,461,17
18,GET,463,13
18,GET,465,11
18,GET,467,11
18,GET,469,11
18,GET,471,9
18,GET,473,8
18,GET,475,6
18,GET,477,14
18,GET,479,9
18,GET,481,11
18,GET,483,7
18,GET,485,4
18,GET,487,8
18,GET,489,10
18,GET,491,6
18,GET,493,3
18,GET,495,6
18,GET,497,9
18,GET,499,12
18,GET,501,4
18,GET,503,8
18,GET,505,6
18,GET,507,6
18,GET,509,5
18,GET,511,11
18,GET,515,17
18,GET,519,16
18,GET,523,9
18,GET,527,11
18,GET,531,15
18,GET,535,10
18,GET,539,11
18,GET,543,14
18,GET,547,9
18,GET,551,5
18,GET,555,8
18,GET,559,6
18,GET,563,8
18,GET,567,5
18,GET,571,9
18,GET,575,7
18,GET,579,6
18,GET,583,7
18,GET,587,10
18,GET,591,7
18,GET,595,4
18,GET,599,2
18,GET,603,9
18,GET,607,7
18,GET,611,3
18,GET,615,7
18,GET,619,4
18,GET,623,4
18,GET,627,2
18,GET,631,3
18,GET,635,1
18,GET,639,5
18,GET,643,7
18,GET,647,4
18,GET,651,4
18,GET,655,3
18,GET,659,3
18,GET,663,5
18,GET,667,2
18,GET,671,3
18,GET,675,3
18,GET,679,2
18,GET,687,3
18,GET,691,1
18,GET,699,3
18,GET,703,1
18,GET,707,1
18,GET,711,1
18,GET,719,2
18,GET,723,1
18,GET,727,2
18,GET,735,1
18,GET,751,1
18,GET,755,1
18,GET,783,1
18,GET,795,1
18,GET,811,1
18,GET,819,1
18,GET,823,1
18,GET,831,1
18,GET,891,1
18,GET,911,1
18,GET,999,1
18,GET,1143,1
18,GET,1511,1
18,SET,114,1
18,SET,131,1
18,SET,182,1
18,SET,187,1
18,SET,189,2
18,SET,198,1
18,SET,199,1
18,SET,200,1
18,SET,205,1
18,SET,210,1
18,SET,213,1
18,SET,218,1
18,SET,220,1
18,SET,222,1
18,SET,229,1
18,SET,234,1
18,SET,240,1
18,SET,246,1
18,SET,247,1
18,SET,254,1
18,SET,257,1
18,SET,259,1
18,SET,261,1
18,SET,265,1
18,SET,267,3
18,SET,269,2
18,SET,273,1
18,SET,275,2
18,SET,277,4
18,SET,279,2
18,SET,283,1
18,SET,287,1
18,SET,289,2
18,SET,291,1
18,SET,295,1
18,SET,301,2
18,SET,305,1
18,SET,307,1
18,SET,309,1
18,SET,311,2
18,SET,313,2
18,SET,315,1
18,SET,317,2
18,SET,321,2
18,SET,323,1
18,SET,325,1
18,SET,327,2
18,SET,329,2
18,SET,335,1
18,SET,337,2
18,SET,339,1
18,SET,341,1
18,SET,345,1
18,SET,351,1
18,SET,353,1
18,SET,355,1
18,SET,357,1
18,SET,359,2
18,SET,367,1
18,SET,369,1
18,SET,371,1
18,SET,375,2
18,SET,377,2
18,SET,383,3
18,SET,385,2
18,SET,387,2
18,SET,391,1
18,SET,395,3
18,SET,397,1
18,SET,399,1
18,SET,403,1
18,SET,405,1
18,SET,409,1
18,SET,413,3
18,SET,415,2
18,SET,417,2
18,SET,421,1
18,SET,425,1
18,SET,429,1
18,SET,435,1
18,SET,437,4
18,SET,439,1
18,SET,447,2
18,SET,449,2
18,SET,451,1
18,SET,453,1
18,SET,457,1
18,SET,461,1
18,SET,463,1
18,SET,465,2
18,SET,469,2
18,SET,473,1
18,SET,475,1
18,SET,477,1
18,SET,479,1
18,SET,481,1
18,SET,491,1
18,SET,497,1
18,SET,501,1
18,SET,507,1
18,SET,511,1
18,SET,519,1
18,SET,523,1
18,SET,543,1
18,SET,547,1
18,SET,559,1
18,SET,563,1
18,SET,575,1
18,SET,603,1
18,SET,607,2
18,SET,619,1
18,SET,623,1
18,SET,651,1
18,SET,655,1
18,SET,683,1
18,SET,691,1
18,SET,723,1
18,SET,743,1
18,DEL,112,1
18,DEL,120,1
18,DEL,125,1
18,DEL,133,1
18,DEL,134,1
18,DEL,136,1
18,DEL,138,1
18,DEL,140,1
18,DEL,141,2
18,DEL,142,1
18,DEL,156,1
18,DEL,167,1
18,DEL,168,1
18,DEL,169,1
18,DEL,174,1
18,DEL,176,1
18,DEL,177,1
18,DEL,180,1
18,DEL,182,2
18,DEL,184,1
18,DEL,185,2
18,DEL,188,2
18,DEL,189,1
18,DEL,190,1
18,DEL,192,1
18,DEL,193,1
18,DEL,195,1
18,DEL,198,1
18,DEL,199,1
18,DEL,200,1
18,DEL,201,2
18,DEL,202,1
18,DEL,203,2
18,DEL,205,1
18,DEL,206,3
18,DEL,208,1
18,DEL,209,4
18,DEL,211,1
18,DEL,212,2
18,DEL,216,2
18,DEL,217,2
18,DEL,218,1
18,DEL,219,1
18,DEL,220,2
18,DEL,222,2
18,DEL,224,2
18,DEL,225,2
18,DEL,226,1
18,DEL,227,1
18,DEL,228,1
18,DEL,229,4
18,DEL,230,3
18,DEL,231,1
18,DEL,232,4
18,DEL,233,1
18,DEL,234,2
18,DEL,235,4
18,DEL,236,2
18,DEL,237,1
18,DEL,238,1
18,DEL,239,3
18,DEL,241,1
18,DEL,242,1
18,DEL,243,2
18,DEL,245,6
18,DEL,248,1
18,DEL,249,2
18,DEL,250,2
18,DEL,252,1
18,DEL,253,2
18,DEL,255,1
18,DEL,257,2
18,DEL,259,6
18,DEL,261,3
18,DEL,263,6
18,DEL,265,5
18,DEL,267,3
18,DEL,269,2
18,DEL,271,7
18,DEL,273,6
18,DEL,275,2
18,DEL,277,10
18,DEL,279,9
18,DEL,281,4
18,DEL,283,7
18,DEL,285,3
18,DEL,287,4
18,DEL,289,2
18,DEL,291,4
18,DEL,293,3
18,DEL,295,8
18,DEL,297,6
18,DEL,299,2
18,DEL,301,11
18,DEL,303,3
18,DEL,305,8
18,DEL,307,3
18,DEL,309,2
18,DEL,311,3
18,DEL,313,8
18,DEL,315,6
18,DEL,317,3
18,DEL,319,7
18,DEL,321,8
18,DEL,323,5
18,DEL,325,6
18,DEL,327,8
18,DEL,329,8
18,DEL,331,2
18,DEL,333,2
18,DEL,335,6
18,DEL,337,8
18,DEL,339,9
18,DEL,341,9
18,DEL,343,2
18,DEL,345,3
18,DEL,347,5
18,DEL,349,5
18,DEL,351,8
18,DEL,353,5
18,DEL,355,9
18,DEL,357,6
18,DEL,359,4
18,DEL,361,3
18,DEL,363,6
18,DEL,365,4
18,DEL,367,3
18,DEL,369,4
18,DEL,371,3
18,DEL,373,5
18,DEL,375,6
18,DEL,377,6
18,DEL,379,2
18,DEL,383,4
18,DEL,385,5
18,DEL,387,6
18,DEL,389,3
18,DEL,391,5
18,DEL,393,3
18,DEL,395,3
18,DEL,397,4
18,DEL,399,6
18,DEL,401,3
18,DEL,403,6
18,DEL,405,3
18,DEL,407,1
18,DEL,409,4
18,DEL,411,3
18,DEL,413,5
18,DEL,415,2
18,DEL,417,2
18,DEL,419,3
18,DEL,421,3
18,DEL,423,5
18,DEL,425,3
18,DEL,427,4
18,DEL,429,2
18,DEL,431,1
18,DEL,433,2
18,DEL,435,2
18,DEL,437,6
18,DEL,439,2
18,DEL,441,3
18,DEL,443,5
18,DEL,445,4
18,DEL,447,4
18,DEL,449,5
18,DEL,451,4
18,DEL,453,5
18,DEL,455,6
18,DEL,457,5
18,DEL,459,4
18,DEL,461,3
18,DEL,463,3
18,DEL,465,2
18,DEL,467,4
18,DEL,469,5
18,DEL,471,3
18,DEL,473,5
18,DEL,475,5
18,DEL,477,2
18,DEL,479,5
18,DEL,481,6
18,DEL,483,8
18,DEL,485,4
18,DEL,487,3
18,DEL,491,2
18,DEL,493,1
18,DEL,495,1
18,DEL,497,3
18,DEL,499,3
18,DEL,501,4
18,DEL,503,2
18,DEL,505,1
18,DEL,507,1
18,DEL,509,1
18,DEL,511,4
18,DEL,515,6
18,DEL,519,7
18,DEL,523,5
18,DEL,527,4
18,DEL,531,8
18,DEL,535,4
18,DEL,539,7
18,DEL,543,5
18,DEL,547,2
18,DEL,551,2
18,DEL,555,6
18,DEL,563,4
18,DEL,567,1
18,DEL,571,2
18,DEL,579,2
18,DEL,583,4
18,DEL,587,3
18,DEL,591,1
18,DEL,595,1
18,DEL,599,1
18,DEL,603,1
18,DEL,607,1
18,DEL,615,1
18,DEL,619,2
18,DEL,623,3
18,DEL,627,3
18,DEL,631,2
18,DEL,635,3
18,DEL,639,1
18,DEL,643,2
18,DEL,647,1
18,DEL,651,1
18,DEL,655,1
18,DEL,663,3
18,DEL,667,2
18,DEL,671,2
18,DEL,675,1
18,DEL,679,1
18,DEL,687,1
18,DEL,695,2
18,DEL,735,1
18,DEL,747,1
18,DEL,775,1
18,DEL,779,1
18,DEL,803,1
18,DEL,951,1
18,DEL,975,1
19,GET,107,1
19,GET,111,1
19,GET,118,1
19,GET,119,1
19,GET,124,1
19,GET,125,1
19,GET,127,1
19,GET,128,1
19,GET,129,1
19,GET,131,2
19,GET,134,1
19,GET,137,3
19,GET,139,2
19,GET,140,1
19,GET,141,1
19,GET,144,1
19,GET,148,1
19,GET,150,1
19,GET,151,1
19,GET,155,3
19,GET,156,2
19,GET,158,1
19,GET,163,1
19,GET,164,1
19,GET,165,1
19,GET,166,6
19,GET,167,2
19,GET,168,3
19,GET,169,3
19,GET,170,1
19,GET,171,1
19,GET,173,3
19,GET,174,1
19,GET,175,3
19,GET,176,1
19,GET,177,4
19,GET,180,2
19,GET,181,1
19,GET,182,2
19,GET,183,4
19,GET,184,2
19,GET,185,2
19,GET,186,2
19,GET,187,5
19,GET,189,3
19,GET,190,5
19,GET,191,1
19,GET,192,2
19,GET,193,1
19,GET,194,2
19,GET,195,3
19,GET,196,2
19,GET,197,1
19,GET,198,1
19,GET,199,3
19,GET,200,2
19,GET,201,4
19,GET,202,7
19,GET,203,2
19,GET,204,5
19,GET,205,5
19,GET,206,2
19,GET,207,4
19,GET,208,5
19,GET,209,3
19,GET,210,4
19,GET,212,4
19,GET,213,2
19,GET,214,4
19,GET,215,2
19,GET,216,6
19,GET,217,5
19,GET,218,6
19,GET,219,2
19,GET,220,2
19,GET,221,2
19,GET,222,5
19,GET,223,2
19,GET,224,3
19,GET,225,5
19,GET,226,6
19,GET,227,3
19,GET,228,6
19,GET,229,4
19,GET,230,7
19,GET,231,4
19,GET,232,3
19,GET,233,2
19,GET,234,2
19,GET,235,2
19,GET,236,9
19,GET,237,4
19,GET,238,2
19,GET,239,3
19,GET,240,4
19,GET,241,6
19,GET,242,5
19,GET,243,2
19,GET,244,5
19,GET,245,2
19,GET,246,5
19,GET,247,4
19,GET,248,5
19,GET,249,10
19,GET,250,4
19,GET,251,5
19,GET,252,5
19,GET,253,7
19,GET,254,7
19,GET,255,7
19,GET,257,10
19,GET,259,14
19,GET,261,15
19,GET,263,11
19,GET,265,14
19,GET,267,13
19,GET,269,5
19,GET,271,20
19,GET,273,10
19,GET,275,17
19,GET,277,14
19,GET,279,8
19,GET,281,17
19,GET,283,14
19,GET,285,14
19,GET,287,14
19,GET,289,8
19,GET,291,13
19,GET,293,17
19,GET,295,21
19,GET,297,18
19,GET,299,16
19,GET,301,15
19,GET,303,12
19,GET,305,17
19,GET,307,12
19,GET,309,11
19,GET,311,10
19,GET,313,14
19,GET,315,8
19,GET,317,18
19,GET,319,14
19,GET,321,18
19,GET,323,15
19,GET,325,15
19,GET,327,13
19,GET,329,14
19,GET,331,13
19,GET,333,22
19,GET,335,21
19,GET,337,18
19,GET,339,9
19,GET,341,12
19,GET,343,12
19,GET,345,18
19,GET,347,19
19,GET,349,11
19,GET,351,19
19,GET,353,13
19,GET,355,8
19,GET,357,10
19,GET,359,16
19,GET,361,19
19,GET,363,12
19,GET,365,10
19,GET,367,10
19,GET,369,12
19,GET,371,21
19,GET,373,16
19,GET,375,14
19,GET,377,9
19,GET,379,12
19,GET,381,13
19,GET,383,13
19,GET,385,14
19,GET,387,14
19,GET,389,10
19,GET,391,9
19,GET,393,11
19,GET,395,9
19,GET,397,13
19,GET,399,14
19,GET,401,8
19,GET,403,13
19,GET,405,11
19,GET,407,14
19,GET,409,8
19,GET,411,17
19,GET,413,11
19,GET,415,16
19,GET,417,12
19,GET,419,9
19,GET,421,16
19,GET,423,9
19,GET,425,14
19,GET,427,8
19,GET,429,9
19,GET,431,11
19,GET,433,17
19,GET,435,9
19,GET,437,11
19,GET,439,15
19,GET,441,15
19,GET,443,6
19,GET,445,8
19,GET,447,8
19,GET,449,8
19,GET,451,13
19,GET,453,16
19,GET,455,18
19,GET,457,13
19,GET,459,7
19,GET,461,12
19,GET,463,14
19,GET,465,11
19,GET,467,8
19,GET,469,14
19,GET,471,7
19,GET,473,15
19,GET,475,10
19,GET,477,6
19,GET,479,7
19,GET,481,7
19,GET,483,7
19,GET,485,7
19,GET,487,5
19,GET,489,4
19,GET,491,6
19,GET,493,5
19,GET,495,9
19,GET,497,7
19,GET,499,16
19,GET,501,11
19,GET,503,8
19,GET,505,10
19,GET,507,7
19,GET,509,10
19,GET,511,5
19,GET,515,11
19,GET,519,15
19,GET,523,14
19,GET,527,17
19,GET,531,10
19,GET,535,8
19,GET,539,16
19,GET,543,9
19,GET,547,12
19,GET,551,6
19,GET,555,10
19,GET,559,9
19,GET,563,8
19,GET,567,9
19,GET,571,12
19,GET,575,5
19,GET,579,8
19,GET,583,8
19,GET,587,5
19,GET,591,8
19,GET,595,5
19,GET,599,3
19,GET,603,7
19,GET,607,6
19,GET,611,6
19,GET,615,4
19,GET,619,4
19,GET,623,3
19,GET,627,2
19,GET,631,4
19,GET,635,3
19,GET,639,1
19,GET,643,3
19,GET,647,2
19,GET,655,2
19,GET,659,3
19,GET,667,3
19,GET,671,3
19,GET,675,1
19,GET,679,4
19,GET,683,2
19,GET,687,2
19,GET,695,1
19,GET,699,1
19,GET,703,1
19,GET,707,1
19,GET,715,5
19,GET,719,1
19,GET,731,4
19,GET,739,1
19,GET,743,1
19,GET,751,1
19,GET,759,1
19,GET,775,2
19,GET,795,1
19,GET,815,1
19,GET,819,1
19,GET,931,1
19,GET,951,1
19,GET,1011,1
19,GET,1095,1
19,GET,1495,1
19,GET,2023,1
19,DEL,113,1
19,DEL,119,1
19,DEL,121,1
19,DEL,136,1
19,DEL,137,1
19,DEL,143,1
19,DEL,144,1
19,DEL,148,1
19,DEL,151,1
19,DEL,155,1
19,DEL,160,1
19,DEL,163,1
19,DEL,164,1
19,DEL,169,2
19,DEL,171,1
19,DEL,172,2
19,DEL,178,1
19,DEL,183,1
19,DEL,184,1
19,DEL,185,2
19,DEL,189,1
19,DEL,191,2
19,DEL,194,1
19,DEL,195,1
19,DEL,196,1
19,DEL,198,2
19,DEL,200,1
19,DEL,201,2
19,DEL,202,1
19,DEL,203,1
19,DEL,204,1
19,DEL,205,2
19,DEL,206,2
19,DEL,209,1
19,DEL,211,1
19,DEL,212,1
19,DEL,214,1
19,DEL,215,1
19,DEL,216,1
19,DEL,217,2
19,DEL,218,2
19,DEL,219,1
19,DEL,221,1
19,DEL,223,1
19,DEL,224,2
19,DEL,225,1
19,DEL,226,2
19,DEL,229,1
19,DEL,230,1
19,DEL,231,1
19,DEL,234,4
19,DEL,236,4
19,DEL,239,1
19,DEL,240,2
19,DEL,241,2
19,DEL,242,2
19,DEL,243,1
19,DEL,244,1
19,DEL,245,1
19,DEL,246,2
19,DEL,247,4
19,DEL,248,2
19,DEL,249,2
19,DEL,250,1
19,DEL,251,3
19,DEL,252,2
19,DEL,253,4
19,DEL,254,2
19,DEL,255,2
19,DEL,257,3
19,DEL,259,4
19,DEL,261,3
19,DEL,263,1
19,DEL,265,3
19,DEL,267,4
19,DEL,269,3
19,DEL,271,3
19,DEL,273,6
19,DEL,275,3
19,DEL,277,5
19,DEL,279,6
19,DEL,281,1
19,DEL,283,6
19,DEL,285,2
19,DEL,287,3
19,DEL,289,6
19,DEL,291,6
19,DEL,293,12
19,DEL,295,7
19,DEL,297,3
19,DEL,299,8
19,DEL,301,7
19,DEL,303,4
19,DEL,305,7
19,DEL,307,4
19,DEL,309,5
19,DEL,311,3
19,DEL,313,5
19,DEL,315,6
19,DEL,317,3
19,DEL,319,5
19,DEL,321,6
19,DEL,323,9
19,DEL,325,2
19,DEL,327,8
19,DEL,329,4
19,DEL,331,3
19,DEL,333,6
19,DEL,335,6
19,DEL,337,5
19,DEL,339,2
19,DEL,341,9
19,DEL,343,2
19,DEL,345,6
19,DEL,347,7
19,DEL,349,6
19,DEL,351,7
19,DEL,353,4
19,DEL,355,5
19,DEL,357,4
19,DEL,359,8
19,DEL,361,6
19,DEL,363,6
19,DEL,365,3
19,DEL,367,6
19,DEL,369,3
19,DEL,371,7
19,DEL,373,3
19,DEL,375,6
19,DEL,377,3
19,DEL,379,5
19,DEL,381,5
19,DEL,383,12
19,DEL,385,3
19,DEL,387,2
19,DEL,389,5
19,DEL,391,3
19,DEL,393,2
19,DEL,395,5
19,DEL,397,7
19,DEL,399,4
19,DEL,401,4
19,DEL,403,5
19,DEL,405,2
19,DEL,407,4
19,DEL,409,5
19,DEL,411,8
19,DEL,413,6
19,DEL,415,3
19,DEL,417,4
19,DEL,419,4
19,DEL,421,1
19,DEL,423,7
19,DEL,425,3
19,DEL,427,9
19,DEL,429,6
19,DEL,431,6
19,DEL,433,4
19,DEL,435,5
19,DEL,437,5
19,DEL,439,4
19,DEL,441,2
19,DEL,443,7
19,DEL,445,5
19,DEL,447,1
19,DEL,449,2
19,DEL,451,4
19,DEL,453,3
19,DEL,455,4
19,DEL,457,5
19,DEL,459,2
19,DEL,461,4
19,DEL,463,3
19,DEL,465,1
19,DEL,467,3
19,DEL,471,4
19,DEL,473,4
19,DEL,475,4
19,DEL,477,4
19,DEL,479,5
19,DEL,481,2
19,DEL,483,1
19,DEL,485,1
19,DEL,487,2
19,DEL,489,3
19,DEL,491,3
19,DEL,493,2
19,DEL,495,1
19,DEL,497,1
19,DEL,499,2
19,DEL,501,4
19,DEL,503,1
19,DEL,505,4
19,DEL,507,3
19,DEL,509,2
19,DEL,511,3
19,DEL,515,5
19,DEL,519,3
19,DEL,523,3
19,DEL,527,7
19,DEL,531,3
19,DEL,535,4
19,DEL,539,4
19,DEL,543,7
19,DEL,547,4
19,DEL,551,4
19,DEL,555,2
19,DEL,563,1
19,DEL,567,3
19,DEL,571,3
19,DEL,575,2
19,DEL,579,1
19,DEL,583,4
19,DEL,587,2
19,DEL,599,4
19,DEL,603,3
19,DEL,615,2
19,DEL,619,1
19,DEL,623,1
19,DEL,627,2
19,DEL,631,1
19,DEL,635,1
19,DEL,643,2
19,DEL,647,2
19,DEL,651,2
19,DEL,655,3
19,DEL,659,1
19,DEL,663,1
19,DEL,667,1
19,DEL,683,1
19,DEL,691,1
19,DEL,703,1
19,DEL,719,1
19,DEL,723,1
19,DEL,735,2
19,DEL,743,1
19,DEL,787,1
19,DEL,847,1
19,SET,154,1
19,SET,162,1
19,SET,169,1
19,SET,172,1
19,SET,188,1
19,SET,192,1
19,SET,203,1
19,SET,206,1
19,SET,209,1
19,SET,212,2
19,SET,223,1
19,SET,224,1
19,SET,228,1
19,SET,232,1
19,SET,238,1
19,SET,241,2
19,SET,242,1
19,SET,243,1
19,SET,244,1
19,SET,247,1
19,SET,248,1
19,SET,249,2
19,SET,252,1
19,SET,257,1
19,SET,261,1
19,SET,263,1
19,SET,267,1
19,SET,269,1
19,SET,273,1
19,SET,277,1
19,SET,281,2
19,SET,283,1
19,SET,285,1
19,SET,287,1
19,SET,289,2
19,SET,291,1
19,SET,293,2
19,SET,295,2
19,SET,297,1
19,SET,301,1
19,SET,303,1
19,SET,305,2
19,SET,307,4
19,SET,309,1
19,SET,311,1
19,SET,317,1
19,SET,319,1
19,SET,321,1
19,SET,323,2
19,SET,325,1
19,SET,327,2
19,SET,331,2
19,SET,333,1
19,SET,335,2
19,SET,337,1
19,SET,339,2
19,SET,345,2
19,SET,347,1
19,SET,355,2
19,SET,361,2
19,SET,363,2
19,SET,371,3
19,SET,379,1
19,SET,383,2
19,SET,385,1
19,SET,387,2
19,SET,393,2
19,SET,395,2
19,SET,397,1
19,SET,399,1
19,SET,401,3
19,SET,409,2
19,SET,411,3
19,SET,419,2
19,SET,421,1
19,SET,427,1
19,SET,429,2
19,SET,435,1
19,SET,443,3
19,SET,445,1
19,SET,447,1
19,SET,449,1
19,SET,453,2
19,SET,455,1
19,SET,459,3
19,SET,461,2
19,SET,465,1
19,SET,467,4
19,SET,469,2
19,SET,473,2
19,SET,475,2
19,SET,479,1
19,SET,481,2
19,SET,483,1
19,SET,487,1
19,SET,489,1
19,SET,493,1
19,SET,499,1
19,SET,501,1
19,SET,505,1
19,SET,507,2
19,SET,515,1
19,SET,519,2
19,SET,523,1
19,SET,527,1
19,SET,535,1
19,SET,539,2
19,SET,543,1
19,SET,547,1
19,SET,555,2
19,SET,559,1
19,SET,567,1
19,SET,571,1
19,SET,595,1
19,SET,607,1
19,SET,615,1
19,SET,651,1
19,SET,703,1
19,SET,735,1
19,SET,795,1
19,SET,871,1
20,GET,99,1
20,GET,101,2
20,GET,102,3
20,GET,104,1
20,GET,106,2
20,GET,108,1
20,GET,110,1
20,GET,111,1
20,GET,112,1
20,GET,113,2
20,GET,114,4
20,GET,116,3
20,GET,117,1
20,GET,118,2
20,GET,119,3
20,GET,120,2
20,GET,124,2
20,GET,125,1
20,GET,127,2
20,GET,129,3
20,GET,130,2
20,GET,132,4
20,GET,133,2
20,GET,135,1
20,GET,136,2
20,GET,137,1
20,GET,138,2
20,GET,139,2
20,GET,142,2
20,GET,143,1
20,GET,146,2
20,GET,147,4
20,GET,148,1
20,GET,150,2
20,GET,151,1
20,GET,152,3
20,GET,153,2
20,GET,154,1
20,GET,155,4
20,GET,157,2
20,GET,162,1
20,GET,163,1
20,GET,164,2
20,GET,165,2
20,GET,169,2
20,GET,173,1
20,GET,174,2
20,GET,175,3
20,GET,177,1
20,GET,178,1
20,GET,179,3
20,GET,180,1
20,GET,181,1
20,GET,183,1
20,GET,184,4
20,GET,185,1
20,GET,187,2
20,GET,188,2
20,GET,189,4
20,GET,190,4
20,GET,191,2
20,GET,192,2
20,GET,194,1
20,GET,196,3
20,GET,198,2
20,GET,199,4
20,GET,200,2
20,GET,201,4
20,GET,202,2
20,GET,203,3
20,GET,204,6
20,GET,205,4
20,GET,207,2
20,GET,208,2
20,GET,209,4
20,GET,210,3
20,GET,211,3
20,GET,212,2
20,GET,213,2
20,GET,214,7
20,GET,215,2
20,GET,217,5
20,GET,218,3
20,GET,219,3
20,GET,220,4
20,GET,221,1
20,GET,222,4
20,GET,223,4
20,GET,224,1
20,GET,225,5
20,GET,226,3
20,GET,227,2
20,GET,228,2
20,GET,229,3
20,GET,230,7
20,GET,231,2
20,GET,232,2
20,GET,233,3
20,GET,234,3
20,GET,235,4
20,GET,236,3
20,GET,237,1
20,GET,238,1
20,GET,239,4
20,GET,240,9
20,GET,241,2
20,GET,242,6
20,GET,243,4
20,GET,244,9
20,GET,245,6
20,GET,246,5
20,GET,247,3
20,GET,248,4
20,GET,249,3
20,GET,250,6
20,GET,251,4
20,GET,252,5
20,GET,253,7
20,GET,254,5
20,GET,255,3
20,GET,257,8
20,GET,259,13
20,GET,261,10
20,GET,263,14
20,GET,265,13
20,GET,267,8
20,GET,269,9
20,GET,271,10
20,GET,273,14
20,GET,275,11
20,GET,277,14
20,GET,279,12
20,GET,281,17
20,GET,283,10
20,GET,285,8
20,GET,287,14
20,GET,289,12
20,GET,291,10
20,GET,293,11
20,GET,295,12
20,GET,297,16
20,GET,299,11
20,GET,301,7
20,GET,303,9
20,GET,305,10
20,GET,307,8
20,GET,309,11
20,GET,311,10
20,GET,313,11
20,GET,315,9
20,GET,317,9
20,GET,319,12
20,GET,321,9
20,GET,323,12
20,GET,325,15
20,GET,327,21
20,GET,329,8
20,GET,331,16
20,GET,333,18
20,GET,335,16
20,GET,337,14
20,GET,339,9
20,GET,341,12
20,GET,343,21
20,GET,345,13
20,GET,347,16
20,GET,349,14
20,GET,351,12
20,GET,353,11
20,GET,355,11
20,GET,357,16
20,GET,359,22
20,GET,361,18
20,GET,363,16
20,GET,365,14
20,GET,367,19
20,GET,369,10
20,GET,371,15
20,GET,373,14
20,GET,375,9
20,GET,377,10
20,GET,379,15
20,GET,381,23
20,GET,383,13
20,GET,385,13
20,GET,387,12
20,GET,389,9
20,GET,391,8
20,GET,393,15
20,GET,395,13
20,GET,397,15
20,GET,399,14
20,GET,401,14
20,GET,403,6
20,GET,405,22
20,GET,407,8
20,GET,409,14
20,GET,411,9
20,GET,413,8
20,GET,415,9
20,GET,417,15
20,GET,419,14
20,GET,421,11
20,GET,423,9
20,GET,425,15
20,GET,427,9
20,GET,429,12
20,GET,431,12
20,GET,433,19
20,GET,435,15
20,GET,437,10
20,GET,439,17
20,GET,441,11
20,GET,443,8
20,GET,445,12
20,GET,447,15
20,GET,449,10
20,GET,451,9
20,GET,453,16
20,GET,455,13
20,GET,457,9
20,GET,459,10
20,GET,461,10
20,GET,463,12
20,GET,465,14
20,GET,467,16
20,GET,469,10
20,GET,471,6
20,GET,473,8
20,GET,475,6
20,GET,477,14
20,GET,479,10
20,GET,481,6
20,GET,483,7
20,GET,485,6
20,GET,487,12
20,GET,489,9
20,GET,491,10
20,GET,493,11
20,GET,495,7
20,GET,497,4
20,GET,499,5
20,GET,501,10
20,GET,503,4
20,GET,505,11
20,GET,507,10
20,GET,509,11
20,GET,511,3
20,GET,515,14
20,GET,519,11
20,GET,523,10
20,GET,527,15
20,GET,531,11
20,GET,535,16
20,GET,539,10
20,GET,543,18
20,GET,547,12
20,GET,551,9
20,GET,555,10
20,GET,559,11
20,GET,563,15
20,GET,567,11
20,GET,571,8
20,GET,575,6
20,GET,579,5
20,GET,583,7
20,GET,587,12
20,GET,591,13
20,GET,595,11
20,GET,599,3
20,GET,603,3
20,GET,607,2
20,GET,611,6
20,GET,615,4
20,GET,619,2
20,GET,623,4
20,GET,627,3
20,GET,631,6
20,GET,635,3
20,GET,639,4
20,GET,643,1
20,GET,647,4
20,GET,651,3
20,GET,655,3
20,GET,659,2
20,GET,663,4
20,GET,667,3
20,GET,671,1
20,GET,675,2
20,GET,679,2
20,GET,683,5
20,GET,687,3
20,GET,691,1
20,GET,695,1
20,GET,707,1
20,GET,711,1
20,GET,715,3
20,GET,723,1
20,GET,727,3
20,GET,731,1
20,GET,735,1
20,GET,759,1
20,GET,775,1
20,GET,903,1
20,GET,1023,1
20,GET,1295,1
20,GET,1383,1
20,GET,1575,1
20,SET,124,1
20,SET,127,1
20,SET,130,1
20,SET,132,1
20,SET,170,1
20,SET,176,1
20,SET,188,1
20,SET,189,1
20,SET,198,1
20,SET,208,1
20,SET,216,1
20,SET,217,2
20,SET,221,1
20,SET,222,1
20,SET,226,1
20,SET,229,1
20,SET,231,1
20,SET,240,1
20,SET,248,1
20,SET,251,1
20,SET,252,1
20,SET,254,1
20,SET,257,1
20,SET,259,2
20,SET,261,1
20,SET,267,1
20,SET,271,1
20,SET,273,2
20,SET,281,1
20,SET,283,4
20,SET,295,3
20,SET,297,3
20,SET,299,1
20,SET,303,1
20,SET,307,2
20,SET,309,1
20,SET,311,3
20,SET,313,1
20,SET,317,2
20,SET,319,1
20,SET,321,2
20,SET,325,1
20,SET,329,1
20,SET,333,1
20,SET,335,1
20,SET,337,1
20,SET,339,1
20,SET,341,1
20,SET,343,2
20,SET,345,3
20,SET,353,1
20,SET,355,1
20,SET,357,3
20,SET,359,1
20,SET,361,2
20,SET,363,1
20,SET,367,1
20,SET,373,1
20,SET,377,2
20,SET,379,1
20,SET,381,1
20,SET,387,1
20,SET,395,1
20,SET,397,2
20,SET,405,1
20,SET,407,1
20,SET,409,2
20,SET,413,2
20,SET,419,2
20,SET,421,1
20,SET,423,2
20,SET,425,2
20,SET,427,3
20,SET,429,1
20,SET,433,1
20,SET,437,2
20,SET,443,1
20,SET,445,1
20,SET,453,2
20,SET,457,1
20,SET,463,1
20,SET,471,1
20,SET,475,3
20,SET,483,3
20,SET,485,2
20,SET,489,1
20,SET,493,1
20,SET,497,2
20,SET,505,1
20,SET,507,1
20,SET,511,1
20,SET,515,1
20,SET,519,2
20,SET,523,1
20,SET,527,1
20,SET,535,1
20,SET,563,1
20,SET,571,2
20,SET,575,1
20,SET,579,1
20,SET,591,1
20,SET,599,3
20,SET,603,1
20,SET,635,1
20,SET,639,1
20,SET,643,1
20,SET,679,1
20,SET,707,1
20,SET,751,1
20,DEL,97,1
20,DEL,103,1
20,DEL,110,1
20,DEL,112,1
20,DEL,113,2
20,DEL,117,1
20,DEL,118,1
20,DEL,120,1
20,DEL,123,1
20,DEL,124,2
20,DEL,125,1
20,DEL,136,2
20,DEL,137,2
20,DEL,138,1
20,DEL,139,1
20,DEL,140,2
20,DEL,141,1
20,DEL,144,1
20,DEL,147,1
20,DEL,159,1
20,DEL,165,2
20,DEL,167,2
20,DEL,168,1
20,DEL,169,1
20,DEL,170,1
20,DEL,173,2
20,DEL,182,1
20,DEL,184,1
20,DEL,187,2
20,DEL,188,2
20,DEL,189,2
20,DEL,190,3
20,DEL,191,1
20,DEL,194,2
20,DEL,196,2
20,DEL,197,1
20,DEL,198,2
20,DEL,199,3
20,DEL,200,1
20,DEL,202,2
20,DEL,203,1
20,DEL,204,1
20,DEL,205,1
20,DEL,208,2
20,DEL,210,2
20,DEL,211,1
20,DEL,214,1
20,DEL,215,3
20,DEL,216,1
20,DEL,218,1
20,DEL,220,2
20,DEL,221,3
20,DEL,222,1
20,DEL,226,3
20,DEL,227,2
20,DEL,229,2
20,DEL,231,1
20,DEL,233,1
20,DEL,235,1
20,DEL,236,2
20,DEL,237,1
20,DEL,238,1
20,DEL,240,1
20,DEL,241,1
20,DEL,242,4
20,DEL,243,1
20,DEL,244,4
20,DEL,245,1
20,DEL,247,3
20,DEL,248,2
20,DEL,249,1
20,DEL,250,1
20,DEL,251,1
20,DEL,252,2
20,DEL,253,1
20,DEL,255,1
20,DEL,257,3
20,DEL,259,1
20,DEL,261,2
20,DEL,263,6
20,DEL,265,4
20,DEL,267,4
20,DEL,269,5
20,DEL,271,5
20,DEL,273,5
20,DEL,275,10
20,DEL,277,5
20,DEL,279,5
20,DEL,281,5
20,DEL,283,3
20,DEL,285,4
20,DEL,287,5
20,DEL,289,3
20,DEL,291,7
20,DEL,293,6
20,DEL,295,7
20,DEL,297,2
20,DEL,299,2
20,DEL,301,4
20,DEL,303,5
20,DEL,305,5
20,DEL,307,5
20,DEL,309,4
20,DEL,311,6
20,DEL,313,7
20,DEL,315,3
20,DEL,317,6
20,DEL,321,3
20,DEL,323,4
20,DEL,325,8
20,DEL,327,7
20,DEL,329,10
20,DEL,331,4
20,DEL,333,6
20,DEL,335,4
20,DEL,337,4
20,DEL,339,4
20,DEL,341,6
20,DEL,343,4
20,DEL,345,9
20,DEL,347,7
20,DEL,349,4
20,DEL,351,2
20,DEL,353,2
20,DEL,355,8
20,DEL,357,5
20,DEL,359,6
20,DEL,361,6
20,DEL,363,7
20,DEL,365,3
20,DEL,367,2
20,DEL,369,3
20,DEL,371,4
20,DEL,373,3
20,DEL,375,6
20,DEL,377,5
20,DEL,379,3
20,DEL,381,3
20,DEL,383,3
20,DEL,385,6
20,DEL,387,8
20,DEL,389,4
20,DEL,391,6
20,DEL,393,2
20,DEL,395,7
20,DEL,397,4
20,DEL,399,4
20,DEL,401,8
20,DEL,403,3
20,DEL,405,3
20,DEL,407,8
20,DEL,409,4
20,DEL,411,4
20,DEL,413,4
20,DEL,415,2
20,DEL,417,2
20,DEL,419,3
20,DEL,421,5
20,DEL,423,4
20,DEL,425,4
20,DEL,427,10
20,DEL,429,2
20,DEL,431,5
20,DEL,433,4
20,DEL,435,5
20,DEL,437,3
20,DEL,439,3
20,DEL,441,9
20,DEL,443,2
20,DEL,445,6
20,DEL,447,4
20,DEL,449,2
20,DEL,451,6
20,DEL,453,5
20,DEL,455,7
20,DEL,457,3
20,DEL,459,4
20,DEL,461,3
20,DEL,463,4
20,DEL,465,13
20,DEL,467,2
20,DEL,469,2
20,DEL,471,4
20,DEL,473,6
20,DEL,475,4
20,DEL,477,4
20,DEL,479,2
20,DEL,481,6
20,DEL,483,4
20,DEL,485,3
20,DEL,487,4
20,DEL,489,2
20,DEL,491,4
20,DEL,493,4
20,DEL,495,7
20,DEL,499,4
20,DEL,501,3
20,DEL,503,1
20,DEL,505,4
20,DEL,507,1
20,DEL,509,3
20,DEL,511,2
20,DEL,515,9
20,DEL,519,1
20,DEL,523,5
20,DEL,527,6
20,DEL,531,8
20,DEL,535,5
20,DEL,539,6
20,DEL,543,3
20,DEL,547,3
20,DEL,551,4
20,DEL,555,3
20,DEL,559,3
20,DEL,563,3
20,DEL,567,2
20,DEL,571,3
20,DEL,575,1
20,DEL,587,4
20,DEL,591,1
20,DEL,595,2
20,DEL,599,1
20,DEL,603,1
20,DEL,607,4
20,DEL,611,4
20,DEL,615,1
20,DEL,619,7
20,DEL,623,1
20,DEL,627,1
20,DEL,631,1
20,DEL,635,2
20,DEL,639,1
20,DEL,659,1
20,DEL,663,1
20,DEL,671,2
20,DEL,675,2
20,DEL,683,1
20,DEL,687,1
20,DEL,691,2
20,DEL,695,1
20,DEL,711,2
20,DEL,723,1
20,DEL,731,1
20,DEL,735,1
20,DEL,739,1
20,DEL,747,1
20,DEL,751,1
20,DEL,763,1
20,DEL,775,1
20,DEL,815,1
20,DEL,907,1
20,DEL,1207,1
20,DEL,1455,1
21,GET,97,1
21,GET,100,1
21,GET,101,2
21,GET,105,3
21,GET,107,1
21,GET,109,2
21,GET,110,1
21,GET,111,1
21,GET,112,2
21,GET,113,1
21,GET,114,3
21,GET,117,1
21,GET,119,2
21,GET,120,2
21,GET,121,3
21,GET,122,1
21,GET,123,3
21,GET,124,1
21,GET,125,2
21,GET,129,3
21,GET,131,2
21,GET,132,2
21,GET,133,1
21,GET,134,3
21,GET,135,3
21,GET,136,3
21,GET,138,2
21,GET,139,3
21,GET,140,2
21,GET,141,4
21,GET,142,2
21,GET,143,3
21,GET,146,3
21,GET,147,3
21,GET,148,1
21,GET,151,1
21,GET,152,2
21,GET,153,2
21,GET,154,1
21,GET,156,1
21,GET,158,6
21,GET,159,1
21,GET,160,2
21,GET,162,2
21,GET,163,3
21,GET,164,1
21,GET,165,1
21,GET,166,1
21,GET,168,4
21,GET,169,1
21,GET,170,3
21,GET,172,2
21,GET,173,1
21,GET,174,2
21,GET,175,1
21,GET,176,2
21,GET,177,1
21,GET,178,1
21,GET,179,1
21,GET,180,1
21,GET,181,1
21,GET,182,1
21,GET,183,1
21,GET,184,2
21,GET,185,1
21,GET,186,1
21,GET,187,3
21,GET,188,1
21,GET,189,2
21,GET,191,1
21,GET,192,2
21,GET,195,4
21,GET,196,2
21,GET,197,8
21,GET,198,5
21,GET,199,3
21,GET,200,2
21,GET,201,2
21,GET,203,3
21,GET,204,3
21,GET,206,1
21,GET,208,3
21,GET,209,1
21,GET,210,2
21,GET,212,1
21,GET,213,1
21,GET,214,2
21,GET,215,3
21,GET,217,7
21,GET,218,1
21,GET,219,4
21,GET,220,2
21,GET,221,4
21,GET,222,2
21,GET,223,6
21,GET,224,2
21,GET,226,4
21,GET,227,3
21,GET,228,2
21,GET,229,5
21,GET,230,4
21,GET,231,4
21,GET,232,6
21,GET,233,7
21,GET,234,6
21,GET,235,8
21,GET,236,1
21,GET,237,5
21,GET,238,4
21,GET,239,5
21,GET,240,3
21,GET,241,2
21,GET,242,5
21,GET,243,3
21,GET,244,1
21,GET,245,2
21,GET,246,3
21,GET,248,3
21,GET,249,2
21,GET,250,6
21,GET,251,3
21,GET,252,4
21,GET,253,2
21,GET,254,6
21,GET,255,6
21,GET,257,7
21,GET,259,8
21,GET,261,6
21,GET,263,16
21,GET,265,11
21,GET,267,11
21,GET,269,7
21,GET,271,9
21,GET,273,8
21,GET,275,9
21,GET,277,12
21,GET,279,16
21,GET,281,15
21,GET,283,17
21,GET,285,6
21,GET,287,13
21,GET,289,14
21,GET,291,11
21,GET,293,11
21,GET,295,7
21,GET,297,12
21,GET,299,11
21,GET,301,15
21,GET,303,17
21,GET,305,10
21,GET,307,16
21,GET,309,13
21,GET,311,16
21,GET,313,14
21,GET,315,11
21,GET,317,8
21,GET,319,11
21,GET,321,21
21,GET,323,17
21,GET,325,20
21,GET,327,9
21,GET,329,16
21,GET,331,12
21,GET,333,15
21,GET,335,14
21,GET,337,16
21,GET,339,16
21,GET,341,15
21,GET,343,11
21,GET,345,16
21,GET,347,20
21,GET,349,15
21,GET,351,22
21,GET,353,13
21,GET,355,11
21,GET,357,10
21,GET,359,19
21,GET,361,19
21,GET,363,19
21,GET,365,17
21,GET,367,9
21,GET,369,12
21,GET,371,12
21,GET,373,19
21,GET,375,12
21,GET,377,18
21,GET,379,11
21,GET,381,16
21,GET,383,11
21,GET,385,15
21,GET,387,15
21,GET,389,17
21,GET,391,17
21,GET,393,17
21,GET,395,6
21,GET,397,16
21,GET,399,12
21,GET,401,12
21,GET,403,10
21,GET,405,7
21,GET,407,13
21,GET,409,23
21,GET,411,8
21,GET,413,8
21,GET,415,10
21,GET,417,10
21,GET,419,14
21,GET,421,12
21,GET,423,12
21,GET,425,7
21,GET,427,16
21,GET,429,18
21,GET,431,9
21,GET,433,13
21,GET,435,16
21,GET,437,15
21,GET,439,9
21,GET,441,14
21,GET,443,14
21,GET,445,6
21,GET,447,16
21,GET,449,11
21,GET,451,7
21,GET,453,11
21,GET,455,15
21,GET,457,13
21,GET,459,10
21,GET,461,15
21,GET,463,15
21,GET,465,12
21,GET,467,4
21,GET,469,9
21,GET,471,14
21,GET,473,15
21,GET,475,9
21,GET,477,7
21,GET,479,8
21,GET,481,7
21,GET,483,8
21,GET,485,11
21,GET,487,12
21,GET,489,6
21,GET,491,11
21,GET,493,11
21,GET,495,15
21,GET,497,9
21,GET,499,11
21,GET,501,8
21,GET,503,9
21,GET,505,9
21,GET,507,7
21,GET,509,8
21,GET,511,5
21,GET,515,13
21,GET,519,6
21,GET,523,8
21,GET,527,12
21,GET,531,9
21,GET,535,17
21,GET,539,8
21,GET,543,16
21,GET,547,6
21,GET,551,12
21,GET,555,10
21,GET,559,8
21,GET,563,8
21,GET,567,3
21,GET,571,13
21,GET,575,7
21,GET,579,13
21,GET,583,8
21,GET,587,7
21,GET,591,3
21,GET,595,10
21,GET,599,9
21,GET,603,9
21,GET,607,9
21,GET,611,5
21,GET,615,2
21,GET,619,6
21,GET,623,3
21,GET,627,3
21,GET,631,1
21,GET,635,5
21,GET,639,4
21,GET,647,2
21,GET,651,5
21,GET,655,3
21,GET,659,4
21,GET,663,1
21,GET,667,2
21,GET,671,1
21,GET,675,2
21,GET,679,3
21,GET,683,1
21,GET,687,3
21,GET,691,1
21,GET,695,3
21,GET,699,3
21,GET,703,1
21,GET,715,2
21,GET,719,3
21,GET,723,2
21,GET,731,1
21,GET,735,1
21,GET,739,1
21,GET,751,1
21,GET,755,1
21,GET,783,1
21,GET,791,1
21,GET,795,2
21,GET,799,1
21,GET,819,1
21,GET,851,1
21,GET,859,1
21,GET,867,1
21,GET,891,1
21,GET,895,1
21,GET,903,1
21,GET,919,2
21,GET,1007,1
21,GET,1063,1
21,GET,1367,1
21,GET,1375,1
21,GET,1415,1
21,DEL,105,1
21,DEL,108,1
21,DEL,109,1
21,DEL,113,1
21,DEL,115,1
21,DEL,116,1
21,DEL,118,4
21,DEL,125,1
21,DEL,128,1
21,DEL,129,2
21,DEL,133,1
21,DEL,136,2
21,DEL,142,1
21,DEL,143,1
21,DEL,146,1
21,DEL,147,1
21,DEL,148,1
21,DEL,149,1
21,DEL,150,1
21,DEL,155,2
21,DEL,156,2
21,DEL,157,1
21,DEL,158,1
21,DEL,160,1
21,DEL,161,1
21,DEL,163,1
21,DEL,168,3
21,DEL,173,1
21,DEL,177,1
21,DEL,183,1
21,DEL,184,1
21,DEL,195,1
21,DEL,197,1
21,DEL,200,1
21,DEL,201,1
21,DEL,203,1
21,DEL,204,2
21,DEL,205,1
21,DEL,208,2
21,DEL,210,1
21,DEL,212,1
21,DEL,213,1
21,DEL,216,1
21,DEL,217,1
21,DEL,218,2
21,DEL,219,1
21,DEL,220,1
21,DEL,222,3
21,DEL,225,2
21,DEL,229,1
21,DEL,231,1
21,DEL,232,3
21,DEL,233,2
21,DEL,234,1
21,DEL,235,3
21,DEL,236,3
21,DEL,237,4
21,DEL,238,2
21,DEL,239,1
21,DEL,240,2
21,DEL,241,2
21,DEL,242,3
21,DEL,244,1
21,DEL,245,2
21,DEL,246,2
21,DEL,247,1
21,DEL,248,3
21,DEL,249,1
21,DEL,250,2
21,DEL,251,3
21,DEL,252,1
21,DEL,253,2
21,DEL,255,3
21,DEL,257,3
21,DEL,259,3
21,DEL,263,3
21,DEL,265,7
21,DEL,267,2
21,DEL,269,7
21,DEL,271,7
21,DEL,273,2
21,DEL,275,6
21,DEL,277,5
21,DEL,279,2
21,DEL,281,5
21,DEL,283,7
21,DEL,285,9
21,DEL,287,1
21,DEL,289,6
21,DEL,291,3
21,DEL,293,7
21,DEL,295,3
21,DEL,297,7
21,DEL,299,6
21,DEL,301,2
21,DEL,303,3
21,DEL,305,3
21,DEL,307,3
21,DEL,309,1
21,DEL,311,3
21,DEL,313,3
21,DEL,315,5
21,DEL,317,5
21,DEL,319,8
21,DEL,321,4
21,DEL,323,5
21,DEL,325,4
21,DEL,327,4
21,DEL,329,5
21,DEL,331,9
21,DEL,333,5
21,DEL,335,3
21,DEL,337,5
21,DEL,339,7
21,DEL,341,2
21,DEL,343,4
21,DEL,345,4
21,DEL,347,3
21,DEL,349,10
21,DEL,351,6
21,DEL,353,5
21,DEL,355,5
21,DEL,357,3
21,DEL,359,8
21,DEL,361,7
21,DEL,363,5
21,DEL,365,8
21,DEL,367,3
21,DEL,369,4
21,DEL,371,2
21,DEL,373,7
21,DEL,375,5
21,DEL,377,9
21,DEL,379,6
21,DEL,381,1
21,DEL,383,3
21,DEL,385,4
21,DEL,387,2
21,DEL,389,5
21,DEL,391,6
21,DEL,393,1
21,DEL,395,4
21,DEL,397,6
21,DEL,399,3
21,DEL,401,5
21,DEL,403,5
21,DEL,405,2
21,DEL,407,7
21,DEL,409,7
21,DEL,411,3
21,DEL,413,1
21,DEL,415,6
21,DEL,417,5
21,DEL,419,6
21,DEL,421,3
21,DEL,423,2
21,DEL,425,5
21,DEL,427,5
21,DEL,429,7
21,DEL,431,6
21,DEL,433,2
21,DEL,435,3
21,DEL,437,3
21,DEL,439,6
21,DEL,441,5
21,DEL,443,2
21,DEL,445,4
21,DEL,447,3
21,DEL,449,1
21,DEL,451,5
21,DEL,453,5
21,DEL,455,5
21,DEL,457,2
21,DEL,459,3
21,DEL,461,2
21,DEL,463,3
21,DEL,465,2
21,DEL,467,2
21,DEL,469,7
21,DEL,471,1
21,DEL,473,1
21,DEL,475,4
21,DEL,477,1
21,DEL,479,4
21,DEL,481,3
21,DEL,483,2
21,DEL,485,2
21,DEL,489,2
21,DEL,491,2
21,DEL,493,4
21,DEL,495,2
21,DEL,497,4
21,DEL,499,4
21,DEL,501,2
21,DEL,503,4
21,DEL,505,4
21,DEL,507,3
21,DEL,509,2
21,DEL,511,3
21,DEL,515,5
21,DEL,519,5
21,DEL,523,5
21,DEL,527,6
21,DEL,531,5
21,DEL,535,1
21,DEL,539,3
21,DEL,547,10
21,DEL,551,1
21,DEL,555,4
21,DEL,559,4
21,DEL,563,1
21,DEL,567,4
21,DEL,571,2
21,DEL,575,3
21,DEL,579,4
21,DEL,583,4
21,DEL,587,3
21,DEL,591,2
21,DEL,595,2
21,DEL,599,3
21,DEL,607,3
21,DEL,611,4
21,DEL,615,1
21,DEL,619,1
21,DEL,627,1
21,DEL,639,1
21,DEL,643,2
21,DEL,647,2
21,DEL,667,1
21,DEL,671,4
21,DEL,679,1
21,DEL,687,2
21,DEL,695,1
21,DEL,699,2
21,DEL,703,1
21,DEL,715,1
21,DEL,723,1
21,DEL,735,1
21,DEL,739,3
21,DEL,747,1
21,DEL,755,1
21,DEL,759,1
21,DEL,799,1
21,DEL,1191,1
21,SET,112,1
21,SET,149,1
21,SET,153,1
21,SET,160,1
21,SET,163,1
21,SET,194,1
21,SET,198,1
21,SET,200,1
21,SET,201,1
21,SET,209,1
21,SET,212,1
21,SET,215,1
21,SET,234,1
21,SET,238,1
21,SET,244,2
21,SET,245,1
21,SET,249,1
21,SET,252,1
21,SET,257,2
21,SET,261,1
21,SET,273,1
21,SET,279,2
21,SET,281,1
21,SET,287,1
21,SET,289,2
21,SET,297,2
21,SET,303,1
21,SET,305,1
21,SET,309,1
21,SET,315,1
21,SET,317,2
21,SET,319,1
21,SET,321,3
21,SET,323,2
21,SET,325,1
21,SET,327,2
21,SET,329,1
21,SET,331,4
21,SET,333,2
21,SET,335,1
21,SET,337,2
21,SET,339,1
21,SET,341,1
21,SET,345,1
21,SET,349,1
21,SET,351,2
21,SET,355,2
21,SET,357,2
21,SET,359,1
21,SET,363,3
21,SET,365,1
21,SET,367,3
21,SET,369,1
21,SET,371,2
21,SET,373,2
21,SET,375,2
21,SET,377,2
21,SET,383,1
21,SET,385,3
21,SET,395,1
21,SET,399,1
21,SET,401,1
21,SET,405,1
21,SET,411,1
21,SET,417,1
21,SET,419,1
21,SET,423,1
21,SET,425,3
21,SET,429,1
21,SET,431,1
21,SET,433,1
21,SET,435,1
21,SET,437,1
21,SET,439,3
21,SET,443,2
21,SET,447,2
21,SET,451,1
21,SET,461,1
21,SET,465,2
21,SET,471,1
21,SET,473,1
21,SET,475,1
21,SET,477,3
21,SET,479,1
21,SET,481,2
21,SET,491,3
21,SET,501,1
21,SET,505,1
21,SET,515,2
21,SET,519,3
21,SET,523,2
21,SET,531,1
21,SET,539,3
21,SET,547,2
21,SET,551,1
21,SET,559,1
21,SET,563,1
21,SET,567,1
21,SET,575,1
21,SET,579,1
21,SET,643,1
21,SET,647,1
21,SET,663,1
21,SET,691,1
21,SET,699,1
21,SET,743,1
22,GET,106,1
22,GET,107,2
22,GET,114,2
22,GET,117,1
22,GET,118,1
22,GET,121,1
22,GET,122,1
22,GET,123,2
22,GET,125,1
22,GET,127,1
22,GET,128,1
22,GET,129,2
22,GET,131,2
22,GET,133,2
22,GET,134,2
22,GET,135,1
22,GET,136,1
22,GET,137,1
22,GET,138,3
22,GET,140,1
22,GET,142,1
22,GET,143,2
22,GET,144,3
22,GET,148,1
22,GET,152,1
22,GET,153,1
22,GET,155,1
22,GET,156,2
22,GET,157,1
22,GET,158,2
22,GET,159,1
22,GET,160,2
22,GET,162,2
22,GET,164,2
22,GET,165,1
22,GET,166,2
22,GET,167,1
22,GET,168,1
22,GET,169,1
22,GET,171,2
22,GET,172,1
22,GET,174,1
22,GET,176,2
22,GET,177,1
22,GET,178,1
22,GET,182,4
22,GET,183,1
22,GET,184,3
22,GET,185,1
22,GET,186,2
22,GET,187,3
22,GET,188,3
22,GET,190,2
22,GET,191,3
22,GET,193,3
22,GET,194,1
22,GET,195,1
22,GET,197,3
22,GET,198,2
22,GET,199,5
22,GET,200,1
22,GET,201,2
22,GET,202,4
22,GET,203,2
22,GET,204,2
22,GET,205,4
22,GET,206,2
22,GET,207,5
22,GET,208,3
22,GET,209,3
22,GET,210,3
22,GET,212,1
22,GET,213,9
22,GET,214,5
22,GET,215,3
22,GET,217,7
22,GET,218,6
22,GET,219,1
22,GET,220,6
22,GET,221,2
22,GET,222,6
22,GET,223,6
22,GET,224,3
22,GET,225,4
22,GET,226,4
22,GET,227,2
22,GET,228,4
22,GET,229,5
22,GET,230,3
22,GET,231,8
22,GET,232,6
22,GET,233,4
22,GET,234,4
22,GET,235,4
22,GET,236,2
22,GET,237,4
22,GET,238,2
22,GET,239,3
22,GET,240,7
22,GET,241,1
22,GET,242,7
22,GET,243,7
22,GET,244,1
22,GET,245,8
22,GET,246,5
22,GET,247,3
22,GET,248,5
22,GET,249,2
22,GET,250,2
22,GET,251,6
22,GET,252,7
22,GET,253,6
22,GET,254,10
22,GET,255,8
22,GET,257,8
22,GET,259,8
22,GET,261,7
22,GET,263,10
22,GET,265,10
22,GET,267,11
22,GET,269,10
22,GET,271,9
22,GET,273,7
22,GET,275,6
22,GET,277,11
22,GET,279,13
22,GET,281,9
22,GET,283,14
22,GET,285,13
22,GET,287,15
22,GET,289,16
22,GET,291,12
22,GET,293,8
22,GET,295,9
22,GET,297,18
22,GET,299,19
22,GET,301,17
22,GET,303,14
22,GET,305,16
22,GET,307,16
22,GET,309,7
22,GET,311,12
22,GET,313,29
22,GET,315,13
22,GET,317,11
22,GET,319,14
22,GET,321,20
22,GET,323,19
22,GET,325,12
22,GET,327,15
22,GET,329,17
22,GET,331,14
22,GET,333,19
22,GET,335,25
22,GET,337,15
22,GET,339,10
22,GET,341,15
22,GET,343,21
22,GET,345,14
22,GET,347,12
22,GET,349,16
22,GET,351,12
22,GET,353,12
22,GET,355,14
22,GET,357,11
22,GET,359,13
22,GET,361,19
22,GET,363,20
22,GET,365,14
22,GET,367,17
22,GET,369,10
22,GET,371,11
22,GET,373,12
22,GET,375,7
22,GET,377,11
22,GET,379,15
22,GET,381,18
22,GET,383,12
22,GET,385,12
22,GET,387,9
22,GET,389,13
22,GET,391,12
22,GET,393,10
22,GET,395,11
22,GET,397,20
22,GET,399,15
22,GET,401,13
22,GET,403,9
22,GET,405,21
22,GET,407,12
22,GET,409,17
22,GET,411,13
22,GET,413,11
22,GET,415,11
22,GET,417,15
22,GET,419,15
22,GET,421,17
22,GET,423,13
22,GET,425,9
22,GET,427,20
22,GET,429,10
22,GET,431,13
22,GET,433,11
22,GET,435,13
22,GET,437,10
22,GET,439,11
22,GET,441,14
22,GET,443,11
22,GET,445,9
22,GET,447,12
22,GET,449,11
22,GET,451,10
22,GET,453,13
22,GET,455,10
22,GET,457,14
22,GET,459,10
22,GET,461,14
22,GET,463,6
22,GET,465,11
22,GET,467,11
22,GET,469,7
22,GET,471,9
22,GET,473,12
22,GET,475,9
22,GET,477,7
22,GET,479,8
22,GET,481,11
22,GET,483,8
22,GET,485,7
22,GET,487,12
22,GET,489,7
22,GET,491,5
22,GET,493,8
22,GET,495,12
22,GET,497,6
22,GET,499,9
22,GET,501,5
22,GET,503,8
22,GET,505,7
22,GET,507,7
22,GET,509,5
22,GET,511,7
22,GET,515,9
22,GET,519,19
22,GET,523,13
22,GET,527,11
22,GET,531,5
22,GET,535,9
22,GET,539,17
22,GET,543,11
22,GET,547,4
22,GET,551,5
22,GET,555,9
22,GET,559,7
22,GET,563,5
22,GET,567,10
22,GET,571,4
22,GET,575,10
22,GET,579,9
22,GET,583,6
22,GET,587,8
22,GET,591,5
22,GET,595,10
22,GET,599,1
22,GET,603,6
22,GET,607,6
22,GET,611,6
22,GET,615,3
22,GET,619,3
22,GET,623,4
22,GET,627,7
22,GET,631,4
22,GET,635,3
22,GET,639,3
22,GET,643,4
22,GET,647,3
22,GET,651,1
22,GET,655,5
22,GET,659,2
22,GET,663,4
22,GET,667,2
22,GET,671,2
22,GET,679,1
22,GET,683,1
22,GET,687,2
22,GET,695,1
22,GET,707,2
22,GET,711,1
22,GET,715,1
22,GET,719,1
22,GET,723,1
22,GET,731,1
22,GET,739,1
22,GET,755,1
22,GET,767,1
22,GET,771,1
22,GET,775,1
22,GET,779,1
22,GET,787,1
22,GET,799,1
22,GET,807,1
22,GET,819,1
22,GET,823,1
22,GET,1071,1
22,GET,1351,1
22,GET,1391,1
22,GET,1575,1
22,GET,1959,1
22,DEL,99,1
22,DEL,108,1
22,DEL,112,1
22,DEL,117,1
22,DEL,119,1
22,DEL,120,1
22,DEL,121,1
22,DEL,122,1
22,DEL,125,3
22,DEL,130,2
22,DEL,134,1
22,DEL,135,2
22,DEL,140,1
22,DEL,141,1
22,DEL,143,1
22,DEL,152,2
22,DEL,153,1
22,DEL,155,1
22,DEL,157,1
22,DEL,170,1
22,DEL,171,1
22,DEL,174,1
22,DEL,176,2
22,DEL,178,1
22,DEL,179,1
22,DEL,180,1
22,DEL,182,1
22,DEL,184,1
22,DEL,186,2
22,DEL,187,1
22,DEL,188,2
22,DEL,191,1
22,DEL,193,1
22,DEL,198,4
22,DEL,199,3
22,DEL,200,1
22,DEL,202,1
22,DEL,205,2
22,DEL,206,1
22,DEL,207,1
22,DEL,208,1
22,DEL,209,1
22,DEL,211,1
22,DEL,213,1
22,DEL,214,1
22,DEL,215,1
22,DEL,216,1
22,DEL,219,1
22,DEL,220,1
22,DEL,221,1
22,DEL,222,1
22,DEL,223,1
22,DEL,224,2
22,DEL,226,1
22,DEL,227,1
22,DEL,228,2
22,DEL,229,1
22,DEL,230,2
22,DEL,231,1
22,DEL,232,3
22,DEL,233,3
22,DEL,234,1
22,DEL,236,2
22,DEL,237,1
22,DEL,238,1
22,DEL,239,1
22,DEL,240,2
22,DEL,241,1
22,DEL,243,1
22,DEL,244,2
22,DEL,246,2
22,DEL,248,2
22,DEL,249,6
22,DEL,251,1
22,DEL,252,4
22,DEL,254,2
22,DEL,255,1
22,DEL,257,6
22,DEL,259,3
22,DEL,261,3
22,DEL,263,4
22,DEL,265,11
22,DEL,267,2
22,DEL,269,1
22,DEL,271,3
22,DEL,273,6
22,DEL,275,5
22,DEL,277,5
22,DEL,279,6
22,DEL,281,4
22,DEL,283,6
22,DEL,285,5
22,DEL,287,4
22,DEL,289,4
22,DEL,291,8
22,DEL,293,6
22,DEL,295,4
22,DEL,297,7
22,DEL,299,4
22,DEL,301,8
22,DEL,303,7
22,DEL,305,5
22,DEL,307,11
22,DEL,309,3
22,DEL,311,6
22,DEL,313,5
22,DEL,315,6
22,DEL,317,7
22,DEL,319,1
22,DEL,321,2
22,DEL,323,3
22,DEL,325,5
22,DEL,327,8
22,DEL,329,3
22,DEL,331,5
22,DEL,333,9
22,DEL,335,7
22,DEL,337,3
22,DEL,339,4
22,DEL,341,9
22,DEL,343,1
22,DEL,345,2
22,DEL,347,5
22,DEL,349,4
22,DEL,351,7
22,DEL,353,2
22,DEL,355,7
22,DEL,357,6
22,DEL,359,3
22,DEL,361,4
22,DEL,363,4
22,DEL,365,7
22,DEL,367,5
22,DEL,369,3
22,DEL,371,5
22,DEL,373,8
22,DEL,375,5
22,DEL,377,3
22,DEL,379,11
22,DEL,381,8
22,DEL,383,6
22,DEL,385,7
22,DEL,387,6
22,DEL,389,7
22,DEL,391,4
22,DEL,393,3
22,DEL,395,4
22,DEL,397,5
22,DEL,399,8
22,DEL,401,3
22,DEL,403,3
22,DEL,405,7
22,DEL,407,4
22,DEL,409,7
22,DEL,411,2
22,DEL,413,4
22,DEL,415,3
22,DEL,417,4
22,DEL,419,6
22,DEL,421,5
22,DEL,423,5
22,DEL,425,6
22,DEL,427,5
22,DEL,429,1
22,DEL,431,4
22,DEL,433,4
22,DEL,435,7
22,DEL,437,3
22,DEL,439,3
22,DEL,441,5
22,DEL,443,5
22,DEL,445,3
22,DEL,447,7
22,DEL,449,10
22,DEL,451,5
22,DEL,453,3
22,DEL,455,3
22,DEL,457,5
22,DEL,459,6
22,DEL,461,6
22,DEL,463,5
22,DEL,465,1
22,DEL,467,4
22,DEL,469,2
22,DEL,471,4
22,DEL,473,1
22,DEL,475,2
22,DEL,477,8
22,DEL,479,1
22,DEL,481,6
22,DEL,483,2
22,DEL,485,2
22,DEL,487,2
22,DEL,489,3
22,DEL,491,3
22,DEL,493,2
22,DEL,495,3
22,DEL,497,1
22,DEL,499,2
22,DEL,501,2
22,DEL,505,3
22,DEL,507,3
22,DEL,509,2
22,DEL,511,3
22,DEL,515,5
22,DEL,519,4
22,DEL,523,5
22,DEL,527,6
22,DEL,531,7
22,DEL,535,3
22,DEL,539,5
22,DEL,543,7
22,DEL,547,6
22,DEL,551,3
22,DEL,555,4
22,DEL,559,3
22,DEL,563,4
22,DEL,567,2
22,DEL,571,2
22,DEL,575,3
22,DEL,579,1
22,DEL,583,1
22,DEL,587,2
22,DEL,595,2
22,DEL,599,1
22,DEL,603,1
22,DEL,611,2
22,DEL,615,1
22,DEL,619,4
22,DEL,623,3
22,DEL,627,1
22,DEL,635,2
22,DEL,643,1
22,DEL,651,1
22,DEL,655,1
22,DEL,659,1
22,DEL,667,1
22,DEL,675,1
22,DEL,679,1
22,DEL,683,3
22,DEL,699,1
22,DEL,707,1
22,DEL,711,1
22,DEL,715,1
22,DEL,731,1
22,DEL,743,1
22,DEL,799,1
22,DEL,1223,1
22,DEL,4927,1
22,SET,114,1
22,SET,128,1
22,SET,148,1
22,SET,196,1
22,SET,197,1
22,SET,205,1
22,SET,208,1
22,SET,221,1
22,SET,223,2
22,SET,227,1
22,SET,229,2
22,SET,232,1
22,SET,238,1
22,SET,239,1
22,SET,241,1
22,SET,242,2
22,SET,247,1
22,SET,253,1
22,SET,255,1
22,SET,263,1
22,SET,267,1
22,SET,269,1
22,SET,271,1
22,SET,275,4
22,SET,279,1
22,SET,281,3
22,SET,283,3
22,SET,285,3
22,SET,287,1
22,SET,291,1
22,SET,293,1
22,SET,295,2
22,SET,303,3
22,SET,307,1
22,SET,309,1
22,SET,311,1
22,SET,315,1
22,SET,317,1
22,SET,319,1
22,SET,323,1
22,SET,325,1
22,SET,327,2
22,SET,331,1
22,SET,333,1
22,SET,335,1
22,SET,339,1
22,SET,347,1
22,SET,353,1
22,SET,359,1
22,SET,371,2
22,SET,375,1
22,SET,377,1
22,SET,381,1
22,SET,383,2
22,SET,387,1
22,SET,389,1
22,SET,391,1
22,SET,395,1
22,SET,399,1
22,SET,401,1
22,SET,403,1
22,SET,411,3
22,SET,415,2
22,SET,417,1
22,SET,423,1
22,SET,429,1
22,SET,431,1
22,SET,433,1
22,SET,435,2
22,SET,439,1
22,SET,441,3
22,SET,447,2
22,SET,461,1
22,SET,463,2
22,SET,465,1
22,SET,473,1
22,SET,475,2
22,SET,479,2
22,SET,481,1
22,SET,483,1
22,SET,485,1
22,SET,489,2
22,SET,493,1
22,SET,495,4
22,SET,505,1
22,SET,511,1
22,SET,519,1
22,SET,523,2
22,SET,527,2
22,SET,535,1
22,SET,543,2
22,SET,547,1
22,SET,563,2
22,SET,567,1
22,SET,571,1
22,SET,575,2
22,SET,599,1
22,SET,607,1
22,SET,615,1
22,SET,619,1
22,SET,667,1
22,SET,739,1
22,SET,747,1
22,SET,751,1
22,SET,783,1
23,DEL,109,1
23,DEL,117,1
23,DEL,144,1
23,DEL,149,2
23,DEL,150,1
23,DEL,153,1
23,DEL,156,1
23,DEL,158,1
23,DEL,159,1
23,DEL,162,1
23,DEL,164,1
23,DEL,166,1
23,DEL,167,1
23,DEL,168,1
23,DEL,176,1
23,DEL,178,1
23,DEL,179,1
23,DEL,180,1
23,DEL,181,1
23,DEL,184,1
23,DEL,185,2
23,DEL,187,1
23,DEL,188,1
23,DEL,190,1
23,DEL,191,2
23,DEL,194,1
23,DEL,195,1
23,DEL,197,2
23,DEL,198,1
23,DEL,199,1
23,DEL,200,1
23,DEL,202,1
23,DEL,203,2
23,DEL,204,2
23,DEL,205,1
23,DEL,206,1
23,DEL,207,2
23,DEL,208,2
23,DEL,209,1
23,DEL,210,1
23,DEL,211,1
23,DEL,212,2
23,DEL,213,3
23,DEL,215,1
23,DEL,216,5
23,DEL,218,1
23,DEL,220,3
23,DEL,221,2
23,DEL,224,3
23,DEL,226,1
23,DEL,227,1
23,DEL,230,1
23,DEL,231,1
23,DEL,232,2
23,DEL,233,3
23,DEL,234,2
23,DEL,235,1
23,DEL,236,3
23,DEL,238,1
23,DEL,240,1
23,DEL,241,1
23,DEL,242,1
23,DEL,243,2
23,DEL,245,4
23,DEL,246,1
23,DEL,248,2
23,DEL,249,1
23,DEL,250,4
23,DEL,251,2
23,DEL,252,1
23,DEL,253,2
23,DEL,254,2
23,DEL,257,5
23,DEL,259,4
23,DEL,261,10
23,DEL,263,1
23,DEL,265,5
23,DEL,267,5
23,DEL,269,2
23,DEL,271,4
23,DEL,273,6
23,DEL,275,7
23,DEL,277,5
23,DEL,279,3
23,DEL,281,1
23,DEL,283,4
23,DEL,285,4
23,DEL,287,3
23,DEL,289,2
23,DEL,291,11
23,DEL,293,5
23,DEL,295,6
23,DEL,297,5
23,DEL,299,3
23,DEL,301,8
23,DEL,303,2
23,DEL,305,8
23,DEL,307,4
23,DEL,309,5
23,DEL,311,4
23,DEL,313,6
23,DEL,315,5
23,DEL,317,6
23,DEL,319,6
23,DEL,321,5
23,DEL,323,6
23,DEL,325,1
23,DEL,327,7
23,DEL,329,4
23,DEL,331,6
23,DEL,333,7
23,DEL,335,6
23,DEL,337,2
23,DEL,339,3
23,DEL,341,2
23,DEL,343,4
23,DEL,345,3
23,DEL,347,6
23,DEL,349,6
23,DEL,351,8
23,DEL,353,2
23,DEL,355,5
23,DEL,357,3
23,DEL,359,3
23,DEL,361,5
23,DEL,363,6
23,DEL,365,6
23,DEL,367,5
23,DEL,369,7
23,DEL,371,9
23,DEL,373,6
23,DEL,375,1
23,DEL,377,1
23,DEL,379,3
23,DEL,381,5
23,DEL,383,7
23,DEL,385,4
23,DEL,387,4
23,DEL,389,7
23,DEL,391,4
23,DEL,393,7
23,DEL,395,5
23,DEL,397,3
23,DEL,399,4
23,DEL,401,4
23,DEL,403,7
23,DEL,405,4
23,DEL,407,7
23,DEL,409,3
23,DEL,411,5
23,DEL,413,2
23,DEL,415,4
23,DEL,417,2
23,DEL,419,5
23,DEL,421,7
23,DEL,423,3
23,DEL,425,3
23,DEL,427,6
23,DEL,429,3
23,DEL,431,4
23,DEL,433,2
23,DEL,435,4
23,DEL,437,7
23,DEL,439,5
23,DEL,441,6
23,DEL,443,7
23,DEL,445,7
23,DEL,447,3
23,DEL,449,5
23,DEL,451,5
23,DEL,453,4
23,DEL,455,5
23,DEL,457,1
23,DEL,459,5
23,DEL,461,4
23,DEL,463,4
23,DEL,465,6
23,DEL,467,4
23,DEL,469,4
23,DEL,471,3
23,DEL,473,3
23,DEL,475,9
23,DEL,477,2
23,DEL,479,3
23,DEL,481,4
23,DEL,483,2
23,DEL,485,2
23,DEL,487,4
23,DEL,489,4
23,DEL,491,5
23,DEL,493,2
23,DEL,495,3
23,DEL,497,1
23,DEL,499,3
23,DEL,501,4
23,DEL,503,4
23,DEL,505,2
23,DEL,507,5
23,DEL,509,2
23,DEL,511,1
23,DEL,515,4
23,DEL,519,7
23,DEL,523,2
23,DEL,527,3
23,DEL,531,1
23,DEL,535,3
23,DEL,539,3
23,DEL,543,3
23,DEL,547,3
23,DEL,551,2
23,DEL,555,3
23,DEL,559,5
23,DEL,563,4
23,DEL,567,2
23,DEL,579,5
23,DEL,583,2
23,DEL,587,4
23,DEL,591,2
23,DEL,595,2
23,DEL,599,1
23,DEL,607,3
23,DEL,615,2
23,DEL,619,5
23,DEL,623,2
23,DEL,627,2
23,DEL,631,1
23,DEL,643,1
23,DEL,647,2
23,DEL,655,2
23,DEL,703,1
23,DEL,715,2
23,DEL,723,1
23,DEL,747,2
23,DEL,803,1
23,DEL,819,2
23,DEL,1071,1
23,DEL,1943,1
23,SET,138,1
23,SET,159,1
23,SET,167,1
23,SET,190,1
23,SET,191,1
23,SET,192,2
23,SET,194,1
23,SET,206,1
23,SET,219,1
23,SET,221,1
23,SET,224,3
23,SET,228,1
23,SET,233,2
23,SET,234,1
23,SET,237,2
23,SET,238,1
23,SET,240,1
23,SET,243,1
23,SET,244,1
23,SET,246,2
23,SET,247,1
23,SET,253,1
23,SET,263,2
23,SET,269,1
23,SET,271,1
23,SET,279,1
23,SET,281,1
23,SET,283,2
23,SET,287,1
23,SET,291,2
23,SET,293,1
23,SET,297,3
23,SET,301,1
23,SET,303,1
23,SET,307,1
23,SET,309,1
23,SET,311,1
23,SET,315,3
23,SET,317,2
23,SET,319,1
23,SET,321,1
23,SET,323,1
23,SET,329,1
23,SET,331,1
23,SET,333,3
23,SET,337,1
23,SET,341,1
23,SET,347,4
23,SET,351,1
23,SET,353,1
23,SET,355,1
23,SET,357,2
23,SET,359,3
23,SET,361,1
23,SET,363,1
23,SET,367,1
23,SET,369,1
23,SET,373,1
23,SET,375,3
23,SET,377,2
23,SET,381,2
23,SET,383,3
23,SET,387,1
23,SET,389,1
23,SET,393,1
23,SET,397,2
23,SET,401,1
23,SET,403,1
23,SET,405,3
23,SET,407,2
23,SET,411,1
23,SET,413,2
23,SET,415,1
23,SET,417,1
23,SET,419,1
23,SET,421,2
23,SET,425,2
23,SET,427,1
23,SET,433,1
23,SET,445,2
23,SET,449,1
23,SET,451,1
23,SET,453,1
23,SET,455,1
23,SET,457,1
23,SET,463,3
23,SET,469,1
23,SET,471,2
23,SET,475,2
23,SET,491,1
23,SET,495,1
23,SET,499,2
23,SET,505,2
23,SET,519,3
23,SET,523,1
23,SET,527,2
23,SET,531,1
23,SET,547,1
23,SET,563,4
23,SET,571,2
23,SET,603,2
23,SET,607,1
23,SET,611,1
23,SET,619,1
23,SET,627,1
23,SET,631,2
23,SET,659,1
23,SET,671,1
23,SET,719,1
23,SET,851,1
23,GET,110,1
23,GET,113,1
23,GET,118,1
23,GET,121,1
23,GET,122,1
23,GET,128,1
23,GET,130,2
23,GET,131,2
23,GET,135,2
23,GET,137,1
23,GET,138,1
23,GET,139,3
23,GET,140,1
23,GET,142,2
23,GET,143,1
23,GET,145,3
23,GET,146,1
23,GET,147,1
23,GET,150,1
23,GET,151,1
23,GET,152,1
23,GET,153,2
23,GET,155,2
23,GET,156,1
23,GET,157,1
23,GET,158,1
23,GET,161,4
23,GET,162,1
23,GET,164,2
23,GET,165,4
23,GET,171,2
23,GET,172,5
23,GET,173,1
23,GET,174,2
23,GET,175,4
23,GET,176,3
23,GET,178,3
23,GET,179,4
23,GET,180,2
23,GET,181,1
23,GET,183,2
23,GET,184,1
23,GET,185,1
23,GET,186,2
23,GET,187,4
23,GET,188,2
23,GET,189,1
23,GET,190,4
23,GET,191,2
23,GET,192,1
23,GET,193,1
23,GET,194,4
23,GET,195,4
23,GET,196,8
23,GET,198,3
23,GET,199,1
23,GET,200,3
23,GET,201,2
23,GET,202,2
23,GET,203,4
23,GET,204,7
23,GET,205,3
23,GET,206,5
23,GET,207,1
23,GET,208,2
23,GET,209,7
23,GET,210,2
23,GET,211,1
23,GET,212,4
23,GET,213,1
23,GET,214,2
23,GET,215,3
23,GET,216,3
23,GET,217,6
23,GET,218,8
23,GET,219,7
23,GET,220,5
23,GET,221,3
23,GET,222,3
23,GET,223,2
23,GET,224,5
23,GET,225,5
23,GET,226,1
23,GET,227,1
23,GET,228,2
23,GET,229,5
23,GET,230,4
23,GET,231,1
23,GET,232,3
23,GET,233,3
23,GET,234,4
23,GET,235,4
23,GET,236,3
23,GET,237,9
23,GET,238,4
23,GET,239,4
23,GET,240,5
23,GET,241,4
23,GET,242,6
23,GET,243,1
23,GET,244,6
23,GET,245,6
23,GET,246,1
23,GET,247,4
23,GET,248,6
23,GET,249,8
23,GET,250,9
23,GET,251,5
23,GET,252,6
23,GET,253,3
23,GET,254,6
23,GET,255,9
23,GET,257,6
23,GET,259,9
23,GET,261,8
23,GET,263,11
23,GET,265,12
23,GET,267,18
23,GET,269,17
23,GET,271,13
23,GET,273,16
23,GET,275,9
23,GET,277,12
23,GET,279,13
23,GET,281,11
23,GET,283,18
23,GET,285,10
23,GET,287,10
23,GET,289,13
23,GET,291,13
23,GET,293,11
23,GET,295,11
23,GET,297,15
23,GET,299,17
23,GET,301,15
23,GET,303,16
23,GET,305,14
23,GET,307,15
23,GET,309,11
23,GET,311,14
23,GET,313,12
23,GET,315,16
23,GET,317,9
23,GET,319,21
23,GET,321,21
23,GET,323,14
23,GET,325,15
23,GET,327,18
23,GET,329,13
23,GET,331,12
23,GET,333,11
23,GET,335,21
23,GET,337,17
23,GET,339,12
23,GET,341,12
23,GET,343,12
23,GET,345,12
23,GET,347,16
23,GET,349,16
23,GET,351,18
23,GET,353,9
23,GET,355,11
23,GET,357,17
23,GET,359,11
23,GET,361,22
23,GET,363,11
23,GET,365,9
23,GET,367,17
23,GET,369,7
23,GET,371,16
23,GET,373,17
23,GET,375,14
23,GET,377,12
23,GET,379,11
23,GET,381,11
23,GET,383,11
23,GET,385,8
23,GET,387,11
23,GET,389,12
23,GET,391,21
23,GET,393,14
23,GET,395,13
23,GET,397,17
23,GET,399,12
23,GET,401,10
23,GET,403,12
23,GET,405,13
23,GET,407,12
23,GET,409,9
23,GET,411,11
23,GET,413,15
23,GET,415,13
23,GET,417,7
23,GET,419,15
23,GET,421,6
23,GET,423,16
23,GET,425,9
23,GET,427,13
23,GET,429,12
23,GET,431,14
23,GET,433,12
23,GET,435,8
23,GET,437,16
23,GET,439,13
23,GET,441,11
23,GET,443,9
23,GET,445,12
23,GET,447,14
23,GET,449,12
23,GET,451,19
23,GET,453,10
23,GET,455,11
23,GET,457,7
23,GET,459,9
23,GET,461,14
23,GET,463,19
23,GET,465,11
23,GET,467,9
23,GET,469,3
23,GET,471,14
23,GET,473,6
23,GET,475,15
23,GET,477,6
23,GET,479,11
23,GET,481,8
23,GET,483,10
23,GET,485,12
23,GET,487,9
23,GET,489,14
23,GET,491,7
23,GET,493,4
23,GET,495,10
23,GET,497,8
23,GET,499,13
23,GET,501,6
23,GET,503,9
23,GET,505,4
23,GET,507,7
23,GET,509,4
23,GET,511,15
23,GET,515,10
23,GET,519,15
23,GET,523,10
23,GET,527,11
23,GET,531,12
23,GET,535,11
23,GET,539,11
23,GET,543,17
23,GET,547,8
23,GET,551,3
23,GET,555,3
23,GET,559,6
23,GET,563,10
23,GET,567,6
23,GET,571,7
23,GET,575,7
23,GET,579,6
23,GET,583,9
23,GET,587,7
23,GET,591,4
23,GET,595,2
23,GET,599,2
23,GET,603,6
23,GET,607,10
23,GET,611,4
23,GET,615,5
23,GET,619,1
23,GET,623,1
23,GET,627,6
23,GET,631,2
23,GET,635,1
23,GET,639,5
23,GET,643,3
23,GET,647,5
23,GET,651,6
23,GET,655,3
23,GET,659,5
23,GET,663,1
23,GET,671,2
23,GET,675,2
23,GET,679,3
23,GET,683,1
23,GET,687,3
23,GET,691,2
23,GET,695,1
23,GET,699,1
23,GET,703,3
23,GET,707,1
23,GET,711,1
23,GET,715,4
23,GET,719,2
23,GET,727,1
23,GET,731,2
23,GET,743,1
23,GET,751,3
23,GET,755,1
23,GET,767,1
23,GET,783,2
23,GET,791,1
23,GET,867,1
23,GET,871,1
23,GET,1383,1
23,GET,1535,1
24,GET,96,1
24,GET,107,1
24,GET,110,1
24,GET,115,1
24,GET,116,1
24,GET,117,1
24,GET,118,1
24,GET,120,1
24,GET,121,3
24,GET,123,2
24,GET,125,1
24,GET,126,2
24,GET,127,1
24,GET,128,1
24,GET,131,2
24,GET,133,3
24,GET,135,1
24,GET,137,1
24,GET,138,2
24,GET,139,1
24,GET,140,1
24,GET,141,2
24,GET,146,1
24,GET,147,3
24,GET,148,1
24,GET,149,1
24,GET,150,3
24,GET,152,1
24,GET,154,2
24,GET,155,1
24,GET,156,2
24,GET,158,1
24,GET,159,1
24,GET,160,2
24,GET,162,1
24,GET,167,1
24,GET,169,2
24,GET,173,1
24,GET,175,3
24,GET,176,1
24,GET,177,2
24,GET,178,1
24,GET,180,2
24,GET,181,1
24,GET,182,3
24,GET,184,3
24,GET,185,4
24,GET,186,1
24,GET,188,2
24,GET,189,6
24,GET,190,2
24,GET,191,1
24,GET,192,2
24,GET,193,6
24,GET,194,1
24,GET,195,3
24,GET,196,1
24,GET,197,3
24,GET,198,3
24,GET,199,4
24,GET,200,4
24,GET,201,2
24,GET,202,3
24,GET,203,5
24,GET,204,4
24,GET,205,2
24,GET,206,2
24,GET,207,5
24,GET,208,3
24,GET,209,4
24,GET,210,4
24,GET,211,2
24,GET,212,1
24,GET,213,1
24,GET,214,2
24,GET,215,8
24,GET,216,1
24,GET,217,4
24,GET,218,2
24,GET,219,4
24,GET,220,3
24,GET,221,2
24,GET,222,8
24,GET,223,7
24,GET,224,5
24,GET,225,2
24,GET,226,3
24,GET,227,3
24,GET,228,6
24,GET,229,3
24,GET,230,2
24,GET,231,5
24,GET,232,2
24,GET,233,5
24,GET,234,6
24,GET,235,3
24,GET,236,5
24,GET,237,6
24,GET,238,3
24,GET,239,2
24,GET,240,2
24,GET,241,4
24,GET,242,3
24,GET,243,4
24,GET,244,7
24,GET,245,5
24,GET,246,7
24,GET,247,7
24,GET,248,5
24,GET,249,4
24,GET,250,2
24,GET,251,3
24,GET,252,6
24,GET,253,6
24,GET,254,2
24,GET,255,2
24,GET,257,14
24,GET,259,16
24,GET,261,17
24,GET,263,15
24,GET,265,11
24,GET,267,11
24,GET,269,11
24,GET,271,18
24,GET,273,13
24,GET,275,16
24,GET,277,10
24,GET,279,9
24,GET,281,15
24,GET,283,8
24,GET,285,20
24,GET,287,11
24,GET,289,12
24,GET,291,11
24,GET,293,19
24,GET,295,20
24,GET,297,9
24,GET,299,9
24,GET,301,18
24,GET,303,15
24,GET,305,16
24,GET,307,17
24,GET,309,13
24,GET,311,14
24,GET,313,18
24,GET,315,18
24,GET,317,21
24,GET,319,15
24,GET,321,18
24,GET,323,21
24,GET,325,15
24,GET,327,13
24,GET,329,19
24,GET,331,10
24,GET,333,16
24,GET,335,13
24,GET,337,17
24,GET,339,11
24,GET,341,19
24,GET,343,9
24,GET,345,14
24,GET,347,21
24,GET,349,19
24,GET,351,7
24,GET,353,15
24,GET,355,13
24,GET,357,9
24,GET,359,19
24,GET,361,6
24,GET,363,10
24,GET,365,8
24,GET,367,18
24,GET,369,12
24,GET,371,10
24,GET,373,8
24,GET,375,13
24,GET,377,9
24,GET,379,11
24,GET,381,18
24,GET,383,17
24,GET,385,8
24,GET,387,13
24,GET,389,8
24,GET,391,9
24,GET,393,24
24,GET,395,13
24,GET,397,11
24,GET,399,7
24,GET,401,12
24,GET,403,9
24,GET,405,16
24,GET,407,8
24,GET,409,11
24,GET,411,9
24,GET,413,5
24,GET,415,11
24,GET,417,14
24,GET,419,5
24,GET,421,20
24,GET,423,11
24,GET,425,12
24,GET,427,15
24,GET,429,9
24,GET,431,6
24,GET,433,12
24,GET,435,16
24,GET,437,15
24,GET,439,8
24,GET,441,12
24,GET,443,10
24,GET,445,11
24,GET,447,7
24,GET,449,10
24,GET,451,11
24,GET,453,9
24,GET,455,5
24,GET,457,9
24,GET,459,9
24,GET,461,6
24,GET,463,10
24,GET,465,13
24,GET,467,10
24,GET,469,13
24,GET,471,12
24,GET,473,14
24,GET,475,8
24,GET,477,11
24,GET,479,11
24,GET,481,8
24,GET,483,7
24,GET,485,6
24,GET,487,8
24,GET,489,10
24,GET,491,11
24,GET,493,10
24,GET,495,9
24,GET,497,9
24,GET,499,11
24,GET,501,7
24,GET,503,10
24,GET,505,11
24,GET,507,9
24,GET,509,8
24,GET,511,6
24,GET,515,14
24,GET,519,15
24,GET,523,7
24,GET,527,16
24,GET,531,13
24,GET,535,14
24,GET,539,8
24,GET,543,11
24,GET,547,6
24,GET,551,13
24,GET,555,9
24,GET,559,14
24,GET,563,15
24,GET,567,6
24,GET,571,9
24,GET,575,7
24,GET,579,5
24,GET,583,6
24,GET,587,7
24,GET,591,11
24,GET,595,6
24,GET,599,3
24,GET,603,2
24,GET,607,9
24,GET,611,3
24,GET,615,2
24,GET,619,7
24,GET,623,4
24,GET,627,1
24,GET,631,2
24,GET,635,3
24,GET,639,2
24,GET,643,1
24,GET,647,4
24,GET,651,1
24,GET,655,4
24,GET,659,3
24,GET,663,5
24,GET,667,5
24,GET,671,2
24,GET,675,2
24,GET,679,3
24,GET,683,1
24,GET,691,2
24,GET,699,1
24,GET,703,1
24,GET,707,2
24,GET,715,1
24,GET,719,1
24,GET,723,2
24,GET,727,1
24,GET,731,1
24,GET,755,1
24,GET,763,1
24,GET,787,1
24,GET,799,1
24,GET,815,1
24,GET,843,1
24,GET,1039,1
24,GET,1095,1
24,DEL,98,1
24,DEL,124,1
24,DEL,135,1
24,DEL,142,1
24,DEL,150,3
24,DEL,153,2
24,DEL,154,1
24,DEL,156,1
24,DEL,159,1
24,DEL,161,1
24,DEL,166,1
24,DEL,167,1
24,DEL,171,1
24,DEL,174,2
24,DEL,179,1
24,DEL,182,1
24,DEL,184,2
24,DEL,185,2
24,DEL,186,1
24,DEL,188,1
24,DEL,190,1
24,DEL,191,1
24,DEL,200,1
24,DEL,201,3
24,DEL,204,1
24,DEL,205,1
24,DEL,207,1
24,DEL,209,1
24,DEL,210,1
24,DEL,211,2
24,DEL,212,4
24,DEL,213,3
24,DEL,216,4
24,DEL,217,1
24,DEL,218,1
24,DEL,219,1
24,DEL,221,2
24,DEL,224,3
24,DEL,225,1
24,DEL,226,1
24,DEL,227,1
24,DEL,228,1
24,DEL,230,1
24,DEL,231,1
24,DEL,232,2
24,DEL,233,2
24,DEL,234,3
24,DEL,235,2
24,DEL,236,1
24,DEL,237,3
24,DEL,238,1
24,DEL,240,1
24,DEL,241,3
24,DEL,242,1
24,DEL,243,2
24,DEL,244,1
24,DEL,245,1
24,DEL,246,2
24,DEL,248,2
24,DEL,249,5
24,DEL,250,1
24,DEL,251,1
24,DEL,252,2
24,DEL,254,4
24,DEL,255,4
24,DEL,257,3
24,DEL,259,2
24,DEL,261,9
24,DEL,263,5
24,DEL,265,3
24,DEL,267,5
24,DEL,269,7
24,DEL,271,1
24,DEL,273,4
24,DEL,275,4
24,DEL,277,4
24,DEL,279,5
24,DEL,281,7
24,DEL,283,7
24,DEL,285,2
24,DEL,287,2
24,DEL,289,8
24,DEL,291,5
24,DEL,293,9
24,DEL,295,4
24,DEL,297,3
24,DEL,299,8
24,DEL,301,5
24,DEL,303,8
24,DEL,305,1
24,DEL,307,5
24,DEL,309,1
24,DEL,311,3
24,DEL,313,5
24,DEL,315,6
24,DEL,317,7
24,DEL,319,4
24,DEL,321,4
24,DEL,323,5
24,DEL,325,7
24,DEL,327,9
24,DEL,329,1
24,DEL,331,3
24,DEL,333,6
24,DEL,335,4
24,DEL,337,3
24,DEL,339,7
24,DEL,341,5
24,DEL,343,6
24,DEL,345,6
24,DEL,347,7
24,DEL,349,5
24,DEL,351,3
24,DEL,353,5
24,DEL,355,6
24,DEL,357,7
24,DEL,359,4
24,DEL,361,4
24,DEL,363,6
24,DEL,365,5
24,DEL,367,3
24,DEL,369,2
24,DEL,371,7
24,DEL,373,6
24,DEL,375,7
24,DEL,377,4
24,DEL,379,7
24,DEL,381,6
24,DEL,383,5
24,DEL,385,10
24,DEL,387,9
24,DEL,389,4
24,DEL,391,5
24,DEL,393,2
24,DEL,395,9
24,DEL,397,5
24,DEL,399,4
24,DEL,401,6
24,DEL,403,1
24,DEL,405,4
24,DEL,407,1
24,DEL,409,7
24,DEL,411,3
24,DEL,413,3
24,DEL,415,2
24,DEL,419,5
24,DEL,421,5
24,DEL,423,4
24,DEL,425,3
24,DEL,427,2
24,DEL,429,4
24,DEL,431,5
24,DEL,433,4
24,DEL,435,6
24,DEL,437,5
24,DEL,439,4
24,DEL,441,3
24,DEL,443,4
24,DEL,445,4
24,DEL,447,2
24,DEL,449,1
24,DEL,451,6
24,DEL,453,3
24,DEL,455,3
24,DEL,457,5
24,DEL,459,2
24,DEL,461,6
24,DEL,463,3
24,DEL,465,5
24,DEL,467,1
24,DEL,469,7
24,DEL,471,3
24,DEL,473,5
24,DEL,475,3
24,DEL,477,3
24,DEL,479,5
24,DEL,481,7
24,DEL,483,3
24,DEL,485,3
24,DEL,487,2
24,DEL,489,7
24,DEL,491,4
24,DEL,493,1
24,DEL,495,4
24,DEL,497,4
24,DEL,499,3
24,DEL,501,4
24,DEL,503,3
24,DEL,505,4
24,DEL,507,4
24,DEL,509,3
24,DEL,511,2
24,DEL,515,7
24,DEL,519,6
24,DEL,523,2
24,DEL,527,3
24,DEL,531,3
24,DEL,535,3
24,DEL,539,5
24,DEL,543,2
24,DEL,547,6
24,DEL,551,6
24,DEL,555,6
24,DEL,563,7
24,DEL,567,3
24,DEL,571,5
24,DEL,575,1
24,DEL,579,6
24,DEL,583,3
24,DEL,587,3
24,DEL,591,1
24,DEL,595,2
24,DEL,599,6
24,DEL,603,3
24,DEL,607,3
24,DEL,611,1
24,DEL,615,2
24,DEL,619,2
24,DEL,623,1
24,DEL,631,1
24,DEL,635,1
24,DEL,639,4
24,DEL,651,1
24,DEL,655,1
24,DEL,659,1
24,DEL,663,1
24,DEL,667,1
24,DEL,671,1
24,DEL,679,1
24,DEL,683,1
24,DEL,691,2
24,DEL,703,2
24,DEL,727,2
24,DEL,739,1
24,DEL,779,1
24,DEL,783,1
24,DEL,787,1
24,DEL,795,1
24,DEL,803,1
24,DEL,819,1
24,DEL,1519,1
24,SET,120,1
24,SET,132,1
24,SET,154,1
24,SET,159,1
24,SET,165,1
24,SET,175,1
24,SET,182,1
24,SET,183,1
24,SET,201,1
24,SET,216,1
24,SET,231,1
24,SET,235,1
24,SET,237,1
24,SET,246,1
24,SET,248,1
24,SET,249,1
24,SET,251,1
24,SET,255,1
24,SET,257,2
24,SET,263,1
24,SET,265,1
24,SET,267,1
24,SET,271,1
24,SET,275,4
24,SET,281,1
24,SET,283,2
24,SET,289,1
24,SET,291,2
24,SET,299,2
24,SET,301,1
24,SET,305,1
24,SET,307,1
24,SET,309,2
24,SET,311,1
24,SET,317,2
24,SET,323,3
24,SET,325,1
24,SET,327,2
24,SET,329,2
24,SET,331,2
24,SET,335,2
24,SET,341,2
24,SET,349,2
24,SET,355,1
24,SET,357,2
24,SET,359,1
24,SET,365,2
24,SET,371,1
24,SET,375,1
24,SET,377,1
24,SET,389,1
24,SET,395,1
24,SET,403,2
24,SET,405,1
24,SET,407,1
24,SET,409,2
24,SET,419,3
24,SET,421,3
24,SET,425,2
24,SET,427,2
24,SET,431,1
24,SET,435,1
24,SET,437,1
24,SET,443,2
24,SET,445,1
24,SET,447,2
24,SET,449,3
24,SET,453,2
24,SET,455,2
24,SET,457,1
24,SET,459,1
24,SET,461,2
24,SET,475,1
24,SET,477,1
24,SET,479,1
24,SET,483,1
24,SET,485,1
24,SET,489,1
24,SET,495,3
24,SET,507,1
24,SET,509,1
24,SET,515,1
24,SET,519,2
24,SET,523,1
24,SET,527,1
24,SET,531,3
24,SET,535,1
24,SET,539,2
24,SET,571,1
24,SET,575,1
24,SET,587,2
24,SET,607,1
24,SET,627,1
24,SET,635,2
24,SET,643,3
24,SET,883,1
25,DEL,102,1
25,DEL,103,2
25,DEL,106,1
25,DEL,107,1
25,DEL,108,1
25,DEL,109,1
25,DEL,111,1
25,DEL,115,1
25,DEL,120,2
25,DEL,121,3
25,DEL,122,1
25,DEL,123,1
25,DEL,128,2
25,DEL,132,2
25,DEL,134,1
25,DEL,137,1
25,DEL,147,2
25,DEL,150,1
25,DEL,151,1
25,DEL,152,1
25,DEL,161,1
25,DEL,175,1
25,DEL,178,1
25,DEL,179,1
25,DEL,180,1
25,DEL,181,1
25,DEL,182,1
25,DEL,184,1
25,DEL,185,2
25,DEL,189,1
25,DEL,190,3
25,DEL,194,1
25,DEL,195,1
25,DEL,197,1
25,DEL,198,1
25,DEL,200,2
25,DEL,201,2
25,DEL,203,1
25,DEL,205,1
25,DEL,208,1
25,DEL,209,1
25,DEL,210,3
25,DEL,211,2
25,DEL,212,1
25,DEL,214,4
25,DEL,216,1
25,DEL,221,3
25,DEL,222,2
25,DEL,223,3
25,DEL,224,2
25,DEL,226,2
25,DEL,227,1
25,DEL,228,1
25,DEL,229,1
25,DEL,230,2
25,DEL,231,1
25,DEL,232,2
25,DEL,233,1
25,DEL,234,1
25,DEL,237,2
25,DEL,238,2
25,DEL,239,1
25,DEL,240,1
25,DEL,241,1
25,DEL,242,4
25,DEL,244,2
25,DEL,245,2
25,DEL,246,3
25,DEL,247,1
25,DEL,248,1
25,DEL,249,3
25,DEL,251,3
25,DEL,252,2
25,DEL,253,3
25,DEL,254,1
25,DEL,255,1
25,DEL,257,4
25,DEL,259,5
25,DEL,261,1
25,DEL,263,5
25,DEL,265,5
25,DEL,267,2
25,DEL,269,4
25,DEL,271,4
25,DEL,275,8
25,DEL,277,3
25,DEL,279,6
25,DEL,281,5
25,DEL,283,1
25,DEL,285,5
25,DEL,287,5
25,DEL,289,3
25,DEL,291,2
25,DEL,293,6
25,DEL,295,4
25,DEL,297,5
25,DEL,299,6
25,DEL,301,2
25,DEL,303,4
25,DEL,305,4
25,DEL,307,2
25,DEL,309,3
25,DEL,311,7
25,DEL,313,8
25,DEL,315,5
25,DEL,317,5
25,DEL,319,6
25,DEL,321,5
25,DEL,323,8
25,DEL,325,11
25,DEL,327,6
25,DEL,329,3
25,DEL,331,3
25,DEL,333,6
25,DEL,335,1
25,DEL,337,6
25,DEL,339,6
25,DEL,341,3
25,DEL,343,7
25,DEL,345,4
25,DEL,347,6
25,DEL,349,1
25,DEL,351,2
25,DEL,353,7
25,DEL,355,8
25,DEL,357,7
25,DEL,359,7
25,DEL,361,3
25,DEL,363,5
25,DEL,365,8
25,DEL,367,2
25,DEL,369,5
25,DEL,371,2
25,DEL,373,4
25,DEL,375,8
25,DEL,377,4
25,DEL,379,8
25,DEL,381,2
25,DEL,383,4
25,DEL,385,5
25,DEL,387,4
25,DEL,389,6
25,DEL,391,2
25,DEL,393,6
25,DEL,395,4
25,DEL,397,3
25,DEL,399,4
25,DEL,401,2
25,DEL,403,4
25,DEL,405,5
25,DEL,407,5
25,DEL,409,2
25,DEL,411,6
25,DEL,413,8
25,DEL,415,7
25,DEL,417,2
25,DEL,419,4
25,DEL,421,4
25,DEL,423,6
25,DEL,425,7
25,DEL,427,4
25,DEL,429,7
25,DEL,431,4
25,DEL,433,2
25,DEL,435,7
25,DEL,437,4
25,DEL,439,5
25,DEL,441,3
25,DEL,443,2
25,DEL,445,7
25,DEL,447,2
25,DEL,449,5
25,DEL,451,4
25,DEL,453,3
25,DEL,455,3
25,DEL,457,3
25,DEL,459,5
25,DEL,461,6
25,DEL,463,2
25,DEL,465,6
25,DEL,467,9
25,DEL,469,2
25,DEL,471,4
25,DEL,473,3
25,DEL,475,3
25,DEL,477,1
25,DEL,479,2
25,DEL,481,2
25,DEL,483,5
25,DEL,485,3
25,DEL,487,1
25,DEL,489,6
25,DEL,491,2
25,DEL,493,4
25,DEL,495,1
25,DEL,497,2
25,DEL,499,4
25,DEL,501,2
25,DEL,503,3
25,DEL,505,2
25,DEL,507,7
25,DEL,511,2
25,DEL,515,6
25,DEL,519,4
25,DEL,523,5
25,DEL,531,6
25,DEL,535,4
25,DEL,539,5
25,DEL,543,1
25,DEL,547,3
25,DEL,551,3
25,DEL,555,4
25,DEL,559,3
25,DEL,567,3
25,DEL,571,3
25,DEL,575,1
25,DEL,579,4
25,DEL,583,1
25,DEL,587,3
25,DEL,591,5
25,DEL,595,3
25,DEL,599,3
25,DEL,603,1
25,DEL,607,3
25,DEL,611,2
25,DEL,619,3
25,DEL,623,3
25,DEL,627,1
25,DEL,631,4
25,DEL,635,2
25,DEL,639,1
25,DEL,643,1
25,DEL,647,1
25,DEL,651,2
25,DEL,655,1
25,DEL,659,1
25,DEL,663,1
25,DEL,667,1
25,DEL,671,1
25,DEL,679,1
25,DEL,687,1
25,DEL,695,1
25,DEL,735,1
25,DEL,743,1
25,DEL,755,1
25,DEL,771,2
25,DEL,791,1
25,DEL,795,1
25,DEL,867,1
25,DEL,1039,1
25,SET,175,1
25,SET,190,1
25,SET,192,1
25,SET,193,1
25,SET,201,1
25,SET,202,1
25,SET,204,1
25,SET,206,1
25,SET,219,1
25,SET,221,2
25,SET,223,1
25,SET,224,1
25,SET,229,1
25,SET,238,2
25,SET,241,1
25,SET,242,1
25,SET,244,1
25,SET,248,1
25,SET,259,1
25,SET,267,2
25,SET,269,1
25,SET,271,1
25,SET,275,1
25,SET,277,2
25,SET,281,1
25,SET,283,1
25,SET,285,1
25,SET,287,1
25,SET,289,1
25,SET,291,3
25,SET,293,3
25,SET,297,1
25,SET,299,1
25,SET,301,1
25,SET,303,1
25,SET,305,3
25,SET,307,1
25,SET,309,1
25,SET,313,1
25,SET,319,2
25,SET,321,1
25,SET,325,2
25,SET,329,1
25,SET,333,1
25,SET,335,1
25,SET,337,1
25,SET,339,2
25,SET,341,1
25,SET,345,1
25,SET,347,2
25,SET,349,5
25,SET,351,1
25,SET,353,1
25,SET,357,1
25,SET,359,1
25,SET,361,2
25,SET,363,3
25,SET,365,1
25,SET,367,2
25,SET,373,2
25,SET,381,1
25,SET,383,1
25,SET,385,1
25,SET,387,4
25,SET,393,1
25,SET,395,1
25,SET,397,1
25,SET,399,2
25,SET,405,1
25,SET,407,1
25,SET,411,1
25,SET,413,1
25,SET,415,1
25,SET,419,1
25,SET,421,1
25,SET,429,1
25,SET,437,2
25,SET,439,2
25,SET,443,1
25,SET,445,1
25,SET,447,2
25,SET,449,2
25,SET,451,1
25,SET,453,1
25,SET,459,5
25,SET,461,1
25,SET,473,3
25,SET,475,1
25,SET,477,1
25,SET,479,2
25,SET,483,1
25,SET,487,1
25,SET,493,1
25,SET,495,1
25,SET,501,2
25,SET,503,2
25,SET,523,2
25,SET,527,1
25,SET,539,1
25,SET,543,2
25,SET,547,1
25,SET,551,1
25,SET,555,1
25,SET,559,2
25,SET,563,1
25,SET,567,1
25,SET,571,1
25,SET,575,2
25,SET,579,1
25,SET,587,2
25,SET,607,2
25,SET,615,1
25,SET,619,1
25,SET,639,1
25,SET,655,1
25,SET,659,1
25,GET,96,1
25,GET,105,1
25,GET,106,2
25,GET,107,1
25,GET,110,1
25,GET,112,2
25,GET,113,1
25,GET,114,1
25,GET,115,2
25,GET,118,1
25,GET,119,1
25,GET,120,1
25,GET,121,2
25,GET,122,2
25,GET,123,3
25,GET,124,1
25,GET,125,2
25,GET,127,3
25,GET,129,4
25,GET,130,1
25,GET,131,1
25,GET,132,1
25,GET,133,7
25,GET,134,1
25,GET,135,1
25,GET,136,3
25,GET,137,2
25,GET,138,1
25,GET,139,2
25,GET,143,2
25,GET,144,2
25,GET,145,1
25,GET,146,1
25,GET,147,4
25,GET,148,2
25,GET,151,2
25,GET,152,1
25,GET,155,2
25,GET,156,1
25,GET,157,1
25,GET,158,1
25,GET,160,1
25,GET,162,1
25,GET,163,1
25,GET,165,1
25,GET,166,5
25,GET,167,1
25,GET,169,1
25,GET,170,5
25,GET,171,1
25,GET,172,1
25,GET,173,4
25,GET,174,1
25,GET,175,1
25,GET,176,1
25,GET,178,2
25,GET,179,2
25,GET,181,3
25,GET,182,1
25,GET,183,1
25,GET,184,2
25,GET,185,1
25,GET,187,2
25,GET,188,1
25,GET,189,1
25,GET,190,2
25,GET,191,5
25,GET,192,1
25,GET,193,2
25,GET,194,1
25,GET,195,1
25,GET,197,4
25,GET,198,1
25,GET,199,1
25,GET,200,1
25,GET,201,4
25,GET,202,3
25,GET,203,5
25,GET,204,3
25,GET,205,1
25,GET,206,4
25,GET,207,1
25,GET,208,3
25,GET,210,3
25,GET,211,10
25,GET,212,2
25,GET,213,5
25,GET,214,2
25,GET,215,3
25,GET,216,3
25,GET,217,4
25,GET,218,1
25,GET,219,3
25,GET,220,5
25,GET,221,2
25,GET,222,4
25,GET,223,4
25,GET,224,3
25,GET,225,7
25,GET,226,1
25,GET,227,1
25,GET,228,3
25,GET,229,7
25,GET,230,3
25,GET,231,8
25,GET,232,1
25,GET,233,6
25,GET,234,2
25,GET,235,3
25,GET,236,5
25,GET,237,2
25,GET,238,5
25,GET,239,3
25,GET,240,6
25,GET,241,4
25,GET,242,1
25,GET,243,3
25,GET,244,4
25,GET,245,4
25,GET,246,5
25,GET,247,7
25,GET,248,4
25,GET,249,4
25,GET,250,6
25,GET,251,12
25,GET,252,3
25,GET,253,1
25,GET,254,4
25,GET,255,7
25,GET,257,11
25,GET,259,7
25,GET,261,12
25,GET,263,11
25,GET,265,11
25,GET,267,11
25,GET,269,11
25,GET,271,12
25,GET,273,17
25,GET,275,5
25,GET,277,17
25,GET,279,12
25,GET,281,11
25,GET,283,11
25,GET,285,17
25,GET,287,11
25,GET,289,15
25,GET,291,14
25,GET,293,7
25,GET,295,13
25,GET,297,16
25,GET,299,9
25,GET,301,14
25,GET,303,11
25,GET,305,9
25,GET,307,14
25,GET,309,9
25,GET,311,24
25,GET,313,16
25,GET,315,11
25,GET,317,8
25,GET,319,13
25,GET,321,18
25,GET,323,18
25,GET,325,11
25,GET,327,21
25,GET,329,11
25,GET,331,11
25,GET,333,11
25,GET,335,8
25,GET,337,13
25,GET,339,16
25,GET,341,14
25,GET,343,11
25,GET,345,22
25,GET,347,14
25,GET,349,10
25,GET,351,11
25,GET,353,12
25,GET,355,18
25,GET,357,13
25,GET,359,16
25,GET,361,17
25,GET,363,15
25,GET,365,19
25,GET,367,16
25,GET,369,11
25,GET,371,12
25,GET,373,12
25,GET,375,12
25,GET,377,11
25,GET,379,10
25,GET,381,16
25,GET,383,13
25,GET,385,16
25,GET,387,18
25,GET,389,6
25,GET,391,14
25,GET,393,14
25,GET,395,9
25,GET,397,13
25,GET,399,19
25,GET,401,6
25,GET,403,9
25,GET,405,9
25,GET,407,6
25,GET,409,20
25,GET,411,9
25,GET,413,15
25,GET,415,13
25,GET,417,9
25,GET,419,9
25,GET,421,11
25,GET,423,8
25,GET,425,13
25,GET,427,14
25,GET,429,10
25,GET,431,7
25,GET,433,9
25,GET,435,11
25,GET,437,16
25,GET,439,11
25,GET,441,11
25,GET,443,8
25,GET,445,16
25,GET,447,12
25,GET,449,11
25,GET,451,13
25,GET,453,8
25,GET,455,13
25,GET,457,11
25,GET,459,13
25,GET,461,7
25,GET,463,4
25,GET,465,4
25,GET,467,4
25,GET,469,16
25,GET,471,9
25,GET,473,8
25,GET,475,8
25,GET,477,10
25,GET,479,15
25,GET,481,14
25,GET,483,9
25,GET,485,9
25,GET,487,14
25,GET,489,8
25,GET,491,10
25,GET,493,6
25,GET,495,11
25,GET,497,13
25,GET,499,8
25,GET,501,9
25,GET,503,7
25,GET,505,8
25,GET,507,7
25,GET,509,4
25,GET,511,12
25,GET,515,25
25,GET,519,14
25,GET,523,14
25,GET,527,12
25,GET,531,23
25,GET,535,9
25,GET,539,6
25,GET,543,14
25,GET,547,5
25,GET,551,3
25,GET,555,9
25,GET,559,5
25,GET,563,8
25,GET,567,8
25,GET,571,9
25,GET,575,7
25,GET,579,6
25,GET,583,6
25,GET,587,7
25,GET,591,9
25,GET,595,9
25,GET,599,4
25,GET,603,4
25,GET,607,6
25,GET,611,7
25,GET,615,5
25,GET,619,4
25,GET,623,6
25,GET,627,8
25,GET,631,3
25,GET,635,5
25,GET,639,4
25,GET,643,4
25,GET,647,7
25,GET,651,1
25,GET,655,5
25,GET,659,1
25,GET,663,4
25,GET,667,3
25,GET,671,5
25,GET,675,2
25,GET,679,3
25,GET,683,2
25,GET,687,4
25,GET,691,1
25,GET,695,2
25,GET,699,3
25,GET,707,4
25,GET,711,3
25,GET,715,1
25,GET,727,1
25,GET,731,2
25,GET,739,2
25,GET,747,2
25,GET,755,1
25,GET,759,1
25,GET,763,1
25,GET,767,1
25,GET,775,1
25,GET,779,1
25,GET,783,1
25,GET,807,1
25,GET,891,1
25,GET,907,1
25,GET,1543,1
26,SET,113,1
26,SET,114,1
26,SET,118,1
26,SET,121,1
26,SET,123,1
26,SET,124,1
26,SET,141,1
26,SET,147,2
26,SET,171,1
26,SET,174,1
26,SET,181,1
26,SET,183,2
26,SET,184,1
26,SET,206,1
26,SET,216,1
26,SET,230,1
26,SET,232,1
26,SET,236,1
26,SET,237,1
26,SET,240,1
26,SET,242,1
26,SET,243,1
26,SET,248,2
26,SET,249,1
26,SET,259,1
26,SET,261,1
26,SET,263,1
26,SET,265,1
26,SET,269,1
26,SET,273,2
26,SET,275,1
26,SET,277,1
26,SET,281,1
26,SET,283,1
26,SET,285,1
26,SET,287,1
26,SET,289,2
26,SET,291,1
26,SET,293,1
26,SET,295,1
26,SET,299,1
26,SET,301,1
26,SET,305,1
26,SET,309,3
26,SET,311,3
26,SET,313,1
26,SET,315,2
26,SET,317,2
26,SET,319,2
26,SET,323,1
26,SET,325,2
26,SET,329,2
26,SET,331,1
26,SET,333,2
26,SET,335,2
26,SET,337,1
26,SET,339,1
26,SET,341,1
26,SET,343,1
26,SET,347,3
26,SET,349,4
26,SET,351,2
26,SET,353,1
26,SET,355,1
26,SET,359,1
26,SET,363,1
26,SET,365,1
26,SET,369,2
26,SET,371,1
26,SET,373,1
26,SET,379,1
26,SET,381,1
26,SET,383,2
26,SET,385,1
26,SET,391,1
26,SET,393,1
26,SET,401,1
26,SET,409,1
26,SET,415,1
26,SET,421,2
26,SET,425,1
26,SET,429,1
26,SET,435,1
26,SET,439,1
26,SET,441,2
26,SET,443,2
26,SET,447,1
26,SET,449,1
26,SET,451,1
26,SET,453,1
26,SET,455,2
26,SET,457,1
26,SET,463,1
26,SET,465,1
26,SET,469,1
26,SET,473,1
26,SET,477,1
26,SET,479,1
26,SET,487,2
26,SET,491,1
26,SET,493,1
26,SET,499,1
26,SET,509,1
26,SET,515,2
26,SET,523,1
26,SET,527,1
26,SET,531,1
26,SET,535,1
26,SET,547,1
26,SET,555,3
26,SET,559,1
26,SET,571,1
26,SET,575,1
26,SET,583,2
26,SET,587,1
26,SET,591,1
26,SET,603,1
26,SET,607,1
26,SET,631,1
26,SET,639,1
26,SET,643,1
26,SET,647,1
26,SET,655,1
26,SET,675,1
26,SET,691,2
26,SET,707,1
26,SET,731,1
26,DEL,102,1
26,DEL,106,1
26,DEL,113,1
26,DEL,114,1
26,DEL,120,2
26,DEL,122,2
26,DEL,123,2
26,DEL,124,1
26,DEL,125,1
26,DEL,126,1
26,DEL,130,1
26,DEL,135,1
26,DEL,136,1
26,DEL,144,1
26,DEL,145,3
26,DEL,146,2
26,DEL,150,1
26,DEL,152,2
26,DEL,154,1
26,DEL,156,2
26,DEL,158,1
26,DEL,162,1
26,DEL,164,1
26,DEL,165,1
26,DEL,167,1
26,DEL,169,1
26,DEL,175,1
26,DEL,177,1
26,DEL,182,1
26,DEL,186,1
26,DEL,188,1
26,DEL,189,1
26,DEL,190,1
26,DEL,191,1
26,DEL,196,1
26,DEL,199,1
26,DEL,201,1
26,DEL,202,2
26,DEL,204,1
26,DEL,206,1
26,DEL,207,1
26,DEL,209,1
26,DEL,210,2
26,DEL,211,1
26,DEL,212,2
26,DEL,213,1
26,DEL,214,2
26,DEL,216,1
26,DEL,218,1
26,DEL,219,1
26,DEL,221,1
26,DEL,222,1
26,DEL,223,1
26,DEL,225,2
26,DEL,228,2
26,DEL,229,2
26,DEL,230,1
26,DEL,231,2
26,DEL,232,1
26,DEL,233,2
26,DEL,234,1
26,DEL,238,3
26,DEL,239,3
26,DEL,240,4
26,DEL,242,1
26,DEL,244,3
26,DEL,245,3
26,DEL,246,3
26,DEL,247,2
26,DEL,248,1
26,DEL,249,1
26,DEL,250,5
26,DEL,251,3
26,DEL,253,5
26,DEL,254,2
26,DEL,255,2
26,DEL,257,3
26,DEL,259,4
26,DEL,261,10
26,DEL,263,5
26,DEL,265,3
26,DEL,267,6
26,DEL,269,3
26,DEL,271,3
26,DEL,273,4
26,DEL,275,5
26,DEL,277,7
26,DEL,279,5
26,DEL,281,5
26,DEL,283,8
26,DEL,285,7
26,DEL,287,5
26,DEL,289,7
26,DEL,291,4
26,DEL,293,3
26,DEL,295,4
26,DEL,297,4
26,DEL,299,4
26,DEL,301,6
26,DEL,303,7
26,DEL,305,4
26,DEL,307,7
26,DEL,309,5
26,DEL,311,6
26,DEL,313,5
26,DEL,315,5
26,DEL,317,7
26,DEL,319,10
26,DEL,321,5
26,DEL,323,8
26,DEL,325,5
26,DEL,327,8
26,DEL,329,6
26,DEL,331,4
26,DEL,333,6
26,DEL,335,1
26,DEL,337,5
26,DEL,339,6
26,DEL,341,8
26,DEL,343,5
26,DEL,345,8
26,DEL,347,7
26,DEL,351,7
26,DEL,353,6
26,DEL,355,4
26,DEL,357,6
26,DEL,359,6
26,DEL,361,4
26,DEL,363,5
26,DEL,365,6
26,DEL,367,4
26,DEL,369,3
26,DEL,371,4
26,DEL,373,4
26,DEL,375,3
26,DEL,377,2
26,DEL,379,4
26,DEL,381,6
26,DEL,383,6
26,DEL,385,3
26,DEL,387,4
26,DEL,389,4
26,DEL,391,6
26,DEL,393,3
26,DEL,395,3
26,DEL,397,5
26,DEL,399,7
26,DEL,401,6
26,DEL,405,5
26,DEL,407,1
26,DEL,409,4
26,DEL,411,5
26,DEL,413,8
26,DEL,415,7
26,DEL,417,5
26,DEL,419,5
26,DEL,421,4
26,DEL,423,5
26,DEL,425,3
26,DEL,427,4
26,DEL,429,4
26,DEL,431,2
26,DEL,433,1
26,DEL,435,5
26,DEL,437,4
26,DEL,439,4
26,DEL,441,5
26,DEL,443,5
26,DEL,445,4
26,DEL,447,5
26,DEL,449,2
26,DEL,451,4
26,DEL,453,6
26,DEL,455,5
26,DEL,457,2
26,DEL,459,3
26,DEL,461,1
26,DEL,463,5
26,DEL,465,6
26,DEL,467,4
26,DEL,469,5
26,DEL,471,3
26,DEL,473,3
26,DEL,477,2
26,DEL,479,3
26,DEL,481,1
26,DEL,483,4
26,DEL,485,3
26,DEL,487,3
26,DEL,489,2
26,DEL,491,5
26,DEL,493,4
26,DEL,497,1
26,DEL,499,1
26,DEL,501,3
26,DEL,503,2
26,DEL,505,4
26,DEL,507,5
26,DEL,511,2
26,DEL,515,6
26,DEL,519,8
26,DEL,523,4
26,DEL,527,7
26,DEL,531,8
26,DEL,535,2
26,DEL,539,4
26,DEL,543,5
26,DEL,547,6
26,DEL,551,5
26,DEL,555,5
26,DEL,559,3
26,DEL,563,1
26,DEL,567,1
26,DEL,571,5
26,DEL,575,2
26,DEL,579,1
26,DEL,583,4
26,DEL,591,3
26,DEL,595,3
26,DEL,599,4
26,DEL,603,4
26,DEL,607,3
26,DEL,615,3
26,DEL,627,2
26,DEL,631,1
26,DEL,635,2
26,DEL,643,2
26,DEL,647,1
26,DEL,655,3
26,DEL,659,1
26,DEL,663,2
26,DEL,671,1
26,DEL,679,1
26,DEL,683,2
26,DEL,691,3
26,DEL,699,1
26,DEL,703,1
26,DEL,711,1
26,DEL,715,1
26,DEL,723,1
26,DEL,743,2
26,DEL,755,1
26,DEL,779,1
26,DEL,1615,1
26,GET,97,1
26,GET,98,1
26,GET,100,2
26,GET,108,1
26,GET,109,1
26,GET,111,2
26,GET,113,1
26,GET,114,1
26,GET,116,2
26,GET,117,1
26,GET,118,3
26,GET,119,1
26,GET,120,1
26,GET,121,2
26,GET,122,2
26,GET,123,1
26,GET,124,2
26,GET,125,3
26,GET,126,2
26,GET,128,2
26,GET,130,2
26,GET,131,1
26,GET,132,2
26,GET,133,1
26,GET,134,1
26,GET,138,1
26,GET,139,1
26,GET,140,2
26,GET,141,1
26,GET,142,2
26,GET,143,2
26,GET,145,2
26,GET,147,3
26,GET,150,2
26,GET,152,2
26,GET,153,3
26,GET,154,1
26,GET,155,1
26,GET,157,1
26,GET,158,2
26,GET,163,3
26,GET,164,1
26,GET,165,3
26,GET,166,4
26,GET,169,2
26,GET,170,2
26,GET,171,1
26,GET,172,1
26,GET,173,1
26,GET,174,2
26,GET,175,3
26,GET,176,1
26,GET,177,2
26,GET,178,1
26,GET,179,3
26,GET,180,1
26,GET,181,1
26,GET,183,3
26,GET,184,3
26,GET,185,1
26,GET,186,1
26,GET,187,1
26,GET,188,1
26,GET,189,2
26,GET,190,1
26,GET,191,2
26,GET,193,2
26,GET,194,2
26,GET,195,1
26,GET,196,1
26,GET,197,3
26,GET,199,2
26,GET,200,1
26,GET,201,3
26,GET,202,1
26,GET,203,2
26,GET,204,4
26,GET,205,1
26,GET,206,1
26,GET,207,2
26,GET,208,2
26,GET,209,2
26,GET,210,3
26,GET,211,6
26,GET,212,1
26,GET,213,3
26,GET,214,1
26,GET,215,4
26,GET,216,6
26,GET,217,2
26,GET,218,4
26,GET,219,1
26,GET,220,2
26,GET,221,2
26,GET,222,7
26,GET,223,2
26,GET,224,4
26,GET,225,3
26,GET,226,2
26,GET,227,5
26,GET,228,3
26,GET,229,4
26,GET,230,4
26,GET,231,4
26,GET,232,6
26,GET,233,4
26,GET,234,13
26,GET,235,6
26,GET,236,5
26,GET,237,1
26,GET,238,2
26,GET,239,3
26,GET,240,7
26,GET,241,2
26,GET,242,3
26,GET,243,4
26,GET,244,7
26,GET,245,3
26,GET,246,4
26,GET,247,5
26,GET,248,3
26,GET,249,3
26,GET,250,4
26,GET,251,7
26,GET,252,5
26,GET,253,5
26,GET,254,6
26,GET,255,5
26,GET,257,5
26,GET,259,6
26,GET,261,4
26,GET,263,8
26,GET,265,5
26,GET,267,15
26,GET,269,11
26,GET,271,9
26,GET,273,17
26,GET,275,11
26,GET,277,7
26,GET,279,9
26,GET,281,4
26,GET,283,15
26,GET,285,14
26,GET,287,15
26,GET,289,12
26,GET,291,10
26,GET,293,13
26,GET,295,6
26,GET,297,12
26,GET,299,8
26,GET,301,10
26,GET,303,10
26,GET,305,15
26,GET,307,17
26,GET,309,12
26,GET,311,16
26,GET,313,13
26,GET,315,12
26,GET,317,11
26,GET,319,17
26,GET,321,10
26,GET,323,14
26,GET,325,15
26,GET,327,15
26,GET,329,13
26,GET,331,18
26,GET,333,7
26,GET,335,14
26,GET,337,11
26,GET,339,22
26,GET,341,9
26,GET,343,15
26,GET,345,12
26,GET,347,17
26,GET,349,14
26,GET,351,10
26,GET,353,9
26,GET,355,27
26,GET,357,19
26,GET,359,21
26,GET,361,18
26,GET,363,17
26,GET,365,12
26,GET,367,16
26,GET,369,19
26,GET,371,10
26,GET,373,16
26,GET,375,18
26,GET,377,16
26,GET,379,13
26,GET,381,18
26,GET,383,17
26,GET,385,10
26,GET,387,15
26,GET,389,11
26,GET,391,12
26,GET,393,8
26,GET,395,17
26,GET,397,18
26,GET,399,10
26,GET,401,10
26,GET,403,17
26,GET,405,15
26,GET,407,13
26,GET,409,13
26,GET,411,12
26,GET,413,14
26,GET,415,8
26,GET,417,10
26,GET,419,11
26,GET,421,9
26,GET,423,6
26,GET,425,17
26,GET,427,15
26,GET,429,17
26,GET,431,11
26,GET,433,18
26,GET,435,6
26,GET,437,12
26,GET,439,11
26,GET,441,3
26,GET,443,8
26,GET,445,13
26,GET,447,11
26,GET,449,9
26,GET,451,13
26,GET,453,14
26,GET,455,11
26,GET,457,12
26,GET,459,10
26,GET,461,7
26,GET,463,8
26,GET,465,9
26,GET,467,19
26,GET,469,11
26,GET,471,8
26,GET,473,8
26,GET,475,9
26,GET,477,9
26,GET,479,16
26,GET,481,6
26,GET,483,11
26,GET,485,8
26,GET,487,6
26,GET,489,8
26,GET,491,4
26,GET,493,8
26,GET,495,9
26,GET,497,10
26,GET,499,8
26,GET,501,5
26,GET,503,8
26,GET,505,3
26,GET,507,8
26,GET,509,12
26,GET,511,10
26,GET,515,27
26,GET,519,18
26,GET,523,12
26,GET,527,8
26,GET,531,13
26,GET,535,10
26,GET,539,10
26,GET,543,14
26,GET,547,7
26,GET,551,10
26,GET,555,8
26,GET,559,8
26,GET,563,8
26,GET,567,8
26,GET,571,5
26,GET,575,5
26,GET,579,11
26,GET,583,7
26,GET,587,6
26,GET,591,7
26,GET,595,6
26,GET,599,4
26,GET,603,5
26,GET,607,6
26,GET,611,2
26,GET,615,5
26,GET,619,3
26,GET,623,6
26,GET,627,4
26,GET,631,3
26,GET,635,1
26,GET,639,2
26,GET,643,5
26,GET,647,1
26,GET,651,5
26,GET,655,3
26,GET,659,1
26,GET,663,2
26,GET,667,3
26,GET,675,4
26,GET,679,4
26,GET,683,1
26,GET,687,1
26,GET,691,4
26,GET,695,4
26,GET,699,2
26,GET,703,1
26,GET,707,1
26,GET,711,2
26,GET,715,2
26,GET,727,1
26,GET,735,1
26,GET,739,2
26,GET,743,1
26,GET,747,1
26,GET,763,2
26,GET,767,1
26,GET,771,1
26,GET,779,1
26,GET,791,2
26,GET,795,1
26,GET,819,1
26,GET,851,1
26,GET,855,1
26,GET,907,1
26,GET,923,1
26,GET,927,1
26,GET,1271,1
26,GET,1647,1
27,GET,103,1
27,GET,106,1
27,GET,107,1
27,GET,108,1
27,GET,109,1
27,GET,117,2
27,GET,118,1
27,GET,119,1
27,GET,120,1
27,GET,121,1
27,GET,122,2
27,GET,123,2
27,GET,126,1
27,GET,129,1
27,GET,131,1
27,GET,133,1
27,GET,134,1
27,GET,135,1
27,GET,138,1
27,GET,139,2
27,GET,140,2
27,GET,141,2
27,GET,144,3
27,GET,145,2
27,GET,146,2
27,GET,147,2
27,GET,149,3
27,GET,150,3
27,GET,151,1
27,GET,153,3
27,GET,155,2
27,GET,157,1
27,GET,158,1
27,GET,160,2
27,GET,161,1
27,GET,165,1
27,GET,167,1
27,GET,168,1
27,GET,169,2
27,GET,170,2
27,GET,172,2
27,GET,173,2
27,GET,174,2
27,GET,175,1
27,GET,177,1
27,GET,178,1
27,GET,179,1
27,GET,181,1
27,GET,182,2
27,GET,183,1
27,GET,184,2
27,GET,186,1
27,GET,187,3
27,GET,188,3
27,GET,189,2
27,GET,190,4
27,GET,191,1
27,GET,192,2
27,GET,193,4
27,GET,194,4
27,GET,195,1
27,GET,196,3
27,GET,197,3
27,GET,198,3
27,GET,199,2
27,GET,200,1
27,GET,201,2
27,GET,202,4
27,GET,203,4
27,GET,204,2
27,GET,205,2
27,GET,206,5
27,GET,207,2
27,GET,208,4
27,GET,209,2
27,GET,210,2
27,GET,211,1
27,GET,212,4
27,GET,213,2
27,GET,214,1
27,GET,215,3
27,GET,216,3
27,GET,217,5
27,GET,218,3
27,GET,219,3
27,GET,220,7
27,GET,221,4
27,GET,222,5
27,GET,223,4
27,GET,224,3
27,GET,225,2
27,GET,226,2
27,GET,227,4
27,GET,228,2
27,GET,229,7
27,GET,230,5
27,GET,231,6
27,GET,232,5
27,GET,233,5
27,GET,234,4
27,GET,235,4
27,GET,236,3
27,GET,237,5
27,GET,238,1
27,GET,239,6
27,GET,240,8
27,GET,241,3
27,GET,242,7
27,GET,243,3
27,GET,244,6
27,GET,245,1
27,GET,246,9
27,GET,247,3
27,GET,248,6
27,GET,249,5
27,GET,250,9
27,GET,251,1
27,GET,252,3
27,GET,253,7
27,GET,254,4
27,GET,255,3
27,GET,257,17
27,GET,259,7
27,GET,261,13
27,GET,263,11
27,GET,265,10
27,GET,267,12
27,GET,269,4
27,GET,271,17
27,GET,273,13
27,GET,275,12
27,GET,277,16
27,GET,279,17
27,GET,281,11
27,GET,283,10
27,GET,285,13
27,GET,287,11
27,GET,289,24
27,GET,291,15
27,GET,293,10
27,GET,295,8
27,GET,297,15
27,GET,299,18
27,GET,301,12
27,GET,303,18
27,GET,305,9
27,GET,307,11
27,GET,309,20
27,GET,311,8
27,GET,313,13
27,GET,315,17
27,GET,317,12
27,GET,319,8
27,GET,321,13
27,GET,323,16
27,GET,325,12
27,GET,327,16
27,GET,329,10
27,GET,331,11
27,GET,333,6
27,GET,335,18
27,GET,337,14
27,GET,339,14
27,GET,341,9
27,GET,343,11
27,GET,345,23
27,GET,347,11
27,GET,349,20
27,GET,351,12
27,GET,353,10
27,GET,355,9
27,GET,357,16
27,GET,359,21
27,GET,361,20
27,GET,363,14
27,GET,365,16
27,GET,367,14
27,GET,369,15
27,GET,371,11
27,GET,373,12
27,GET,375,9
27,GET,377,18
27,GET,379,16
27,GET,381,15
27,GET,383,13
27,GET,385,18
27,GET,387,7
27,GET,389,14
27,GET,391,14
27,GET,393,16
27,GET,395,14
27,GET,397,12
27,GET,399,19
27,GET,401,11
27,GET,403,7
27,GET,405,11
27,GET,407,7
27,GET,409,6
27,GET,411,10
27,GET,413,10
27,GET,415,13
27,GET,417,12
27,GET,419,16
27,GET,421,14
27,GET,423,6
27,GET,425,14
27,GET,427,16
27,GET,429,9
27,GET,431,11
27,GET,433,13
27,GET,435,11
27,GET,437,18
27,GET,439,7
27,GET,441,13
27,GET,443,11
27,GET,445,13
27,GET,447,11
27,GET,449,12
27,GET,451,6
27,GET,453,14
27,GET,455,7
27,GET,457,9
27,GET,459,17
27,GET,461,7
27,GET,463,12
27,GET,465,9
27,GET,467,8
27,GET,469,8
27,GET,471,11
27,GET,473,12
27,GET,475,7
27,GET,477,11
27,GET,479,10
27,GET,481,5
27,GET,483,12
27,GET,485,17
27,GET,487,4
27,GET,489,3
27,GET,491,6
27,GET,493,9
27,GET,495,9
27,GET,497,9
27,GET,499,11
27,GET,501,7
27,GET,503,6
27,GET,505,9
27,GET,507,8
27,GET,509,5
27,GET,511,8
27,GET,515,13
27,GET,519,11
27,GET,523,14
27,GET,527,11
27,GET,531,12
27,GET,535,12
27,GET,539,8
27,GET,543,6
27,GET,547,11
27,GET,551,11
27,GET,555,14
27,GET,559,4
27,GET,563,4
27,GET,567,12
27,GET,571,8
27,GET,575,10
27,GET,579,6
27,GET,583,8
27,GET,587,6
27,GET,591,6
27,GET,595,9
27,GET,599,4
27,GET,603,7
27,GET,607,4
27,GET,611,9
27,GET,615,4
27,GET,619,2
27,GET,623,3
27,GET,627,5
27,GET,631,4
27,GET,635,2
27,GET,639,4
27,GET,643,2
27,GET,647,4
27,GET,651,4
27,GET,655,1
27,GET,659,4
27,GET,663,2
27,GET,667,4
27,GET,671,1
27,GET,675,1
27,GET,679,2
27,GET,683,4
27,GET,687,1
27,GET,691,2
27,GET,695,2
27,GET,699,2
27,GET,707,1
27,GET,711,4
27,GET,715,1
27,GET,719,3
27,GET,723,2
27,GET,735,1
27,GET,739,1
27,GET,743,1
27,GET,747,1
27,GET,751,1
27,GET,763,1
27,GET,767,1
27,GET,771,2
27,GET,775,1
27,GET,795,1
27,GET,803,1
27,GET,891,1
27,GET,931,1
27,GET,1031,1
27,GET,1207,1
27,SET,126,1
27,SET,168,1
27,SET,172,1
27,SET,173,1
27,SET,187,1
27,SET,202,1
27,SET,204,2
27,SET,209,1
27,SET,210,1
27,SET,217,2
27,SET,221,1
27,SET,222,1
27,SET,234,1
27,SET,236,1
27,SET,237,1
27,SET,243,1
27,SET,245,1
27,SET,250,2
27,SET,255,1
27,SET,257,2
27,SET,259,1
27,SET,263,3
27,SET,265,2
27,SET,269,3
27,SET,271,1
27,SET,273,1
27,SET,275,2
27,SET,277,1
27,SET,279,1
27,SET,281,1
27,SET,285,1
27,SET,287,1
27,SET,289,2
27,SET,293,1
27,SET,299,3
27,SET,301,2
27,SET,307,1
27,SET,315,1
27,SET,317,3
27,SET,319,2
27,SET,321,3
27,SET,325,3
27,SET,329,1
27,SET,331,1
27,SET,335,1
27,SET,337,1
27,SET,341,1
27,SET,345,2
27,SET,349,2
27,SET,353,1
27,SET,355,1
27,SET,357,3
27,SET,359,1
27,SET,369,1
27,SET,373,1
27,SET,377,3
27,SET,379,1
27,SET,381,1
27,SET,383,1
27,SET,387,1
27,SET,391,1
27,SET,393,2
27,SET,395,2
27,SET,397,1
27,SET,399,2
27,SET,401,2
27,SET,405,1
27,SET,407,1
27,SET,409,2
27,SET,411,1
27,SET,415,2
27,SET,417,1
27,SET,419,2
27,SET,421,2
27,SET,425,1
27,SET,427,1
27,SET,429,1
27,SET,439,1
27,SET,443,1
27,SET,447,1
27,SET,455,1
27,SET,457,1
27,SET,461,1
27,SET,463,1
27,SET,465,1
27,SET,467,2
27,SET,471,1
27,SET,473,1
27,SET,477,1
27,SET,481,2
27,SET,483,2
27,SET,489,1
27,SET,493,1
27,SET,495,2
27,SET,499,1
27,SET,501,1
27,SET,505,2
27,SET,511,3
27,SET,515,1
27,SET,519,1
27,SET,543,4
27,SET,555,1
27,SET,559,1
27,SET,563,1
27,SET,575,1
27,SET,579,1
27,SET,583,1
27,SET,591,2
27,SET,595,1
27,SET,599,1
27,SET,603,1
27,SET,627,1
27,DEL,99,1
27,DEL,114,1
27,DEL,119,2
27,DEL,122,1
27,DEL,124,1
27,DEL,126,1
27,DEL,130,1
27,DEL,134,1
27,DEL,135,2
27,DEL,137,1
27,DEL,148,1
27,DEL,158,1
27,DEL,160,1
27,DEL,162,1
27,DEL,166,1
27,DEL,167,1
27,DEL,174,1
27,DEL,176,1
27,DEL,178,1
27,DEL,181,2
27,DEL,184,2
27,DEL,191,3
27,DEL,194,1
27,DEL,195,2
27,DEL,196,1
27,DEL,198,2
27,DEL,200,1
27,DEL,201,4
27,DEL,203,1
27,DEL,206,1
27,DEL,208,1
27,DEL,209,2
27,DEL,210,1
27,DEL,213,1
27,DEL,215,3
27,DEL,217,3
27,DEL,218,2
27,DEL,219,3
27,DEL,221,4
27,DEL,222,1
27,DEL,223,3
27,DEL,224,2
27,DEL,225,4
27,DEL,226,3
27,DEL,228,3
27,DEL,230,1
27,DEL,231,1
27,DEL,232,2
27,DEL,233,3
27,DEL,234,4
27,DEL,235,1
27,DEL,236,1
27,DEL,239,2
27,DEL,240,1
27,DEL,241,1
27,DEL,243,2
27,DEL,244,1
27,DEL,245,1
27,DEL,246,1
27,DEL,247,3
27,DEL,248,1
27,DEL,249,1
27,DEL,250,2
27,DEL,251,1
27,DEL,252,1
27,DEL,253,4
27,DEL,254,1
27,DEL,255,3
27,DEL,257,6
27,DEL,259,6
27,DEL,261,5
27,DEL,263,6
27,DEL,265,7
27,DEL,267,4
27,DEL,269,3
27,DEL,271,2
27,DEL,273,6
27,DEL,275,4
27,DEL,277,3
27,DEL,281,2
27,DEL,283,6
27,DEL,285,3
27,DEL,287,2
27,DEL,289,7
27,DEL,291,4
27,DEL,293,3
27,DEL,295,6
27,DEL,297,5
27,DEL,299,3
27,DEL,301,8
27,DEL,303,7
27,DEL,305,6
27,DEL,307,4
27,DEL,309,8
27,DEL,311,7
27,DEL,313,6
27,DEL,315,8
27,DEL,317,3
27,DEL,319,3
27,DEL,321,3
27,DEL,323,5
27,DEL,325,6
27,DEL,327,4
27,DEL,329,9
27,DEL,331,5
27,DEL,333,7
27,DEL,335,4
27,DEL,337,6
27,DEL,339,6
27,DEL,341,6
27,DEL,343,3
27,DEL,345,2
27,DEL,347,3
27,DEL,351,3
27,DEL,353,7
27,DEL,355,6
27,DEL,357,9
27,DEL,359,3
27,DEL,361,7
27,DEL,363,8
27,DEL,365,5
27,DEL,367,7
27,DEL,369,6
27,DEL,371,1
27,DEL,373,6
27,DEL,375,2
27,DEL,377,3
27,DEL,379,7
27,DEL,381,5
27,DEL,383,12
27,DEL,385,6
27,DEL,387,7
27,DEL,389,5
27,DEL,391,4
27,DEL,393,11
27,DEL,395,3
27,DEL,397,6
27,DEL,399,3
27,DEL,401,7
27,DEL,403,5
27,DEL,405,4
27,DEL,407,6
27,DEL,409,5
27,DEL,411,2
27,DEL,413,4
27,DEL,415,2
27,DEL,417,4
27,DEL,419,5
27,DEL,421,7
27,DEL,423,3
27,DEL,425,3
27,DEL,427,2
27,DEL,429,3
27,DEL,431,6
27,DEL,433,6
27,DEL,435,3
27,DEL,437,9
27,DEL,441,6
27,DEL,443,1
27,DEL,445,2
27,DEL,447,11
27,DEL,449,2
27,DEL,451,2
27,DEL,453,4
27,DEL,455,2
27,DEL,457,5
27,DEL,459,3
27,DEL,461,4
27,DEL,463,4
27,DEL,465,5
27,DEL,467,5
27,DEL,469,5
27,DEL,471,5
27,DEL,473,8
27,DEL,475,1
27,DEL,477,1
27,DEL,479,4
27,DEL,481,1
27,DEL,483,3
27,DEL,485,2
27,DEL,487,3
27,DEL,489,2
27,DEL,491,6
27,DEL,493,4
27,DEL,495,2
27,DEL,497,5
27,DEL,499,5
27,DEL,501,3
27,DEL,503,1
27,DEL,505,2
27,DEL,507,4
27,DEL,509,1
27,DEL,511,3
27,DEL,515,1
27,DEL,519,7
27,DEL,523,4
27,DEL,527,4
27,DEL,531,5
27,DEL,535,5
27,DEL,539,5
27,DEL,543,1
27,DEL,547,2
27,DEL,551,4
27,DEL,555,1
27,DEL,559,2
27,DEL,563,4
27,DEL,567,4
27,DEL,571,5
27,DEL,579,4
27,DEL,583,2
27,DEL,587,7
27,DEL,591,1
27,DEL,595,2
27,DEL,599,4
27,DEL,603,1
27,DEL,615,3
27,DEL,619,2
27,DEL,623,1
27,DEL,627,2
27,DEL,635,2
27,DEL,639,1
27,DEL,647,2
27,DEL,675,2
27,DEL,687,1
27,DEL,703,2
27,DEL,711,2
27,DEL,719,1
27,DEL,743,1
27,DEL,751,1
27,DEL,775,1
27,DEL,779,1
27,DEL,795,2
27,DEL,811,1
27,DEL,819,2
27,DEL,999,1
27,DEL,1399,1
27,DEL,1671,1
28,GET,98,1
28,GET,101,2
28,GET,104,1
28,GET,105,1
28,GET,107,1
28,GET,109,1
28,GET,111,2
28,GET,112,1
28,GET,113,4
28,GET,114,1
28,GET,115,1
28,GET,116,1
28,GET,120,1
28,GET,121,1
28,GET,122,3
28,GET,124,2
28,GET,125,2
28,GET,126,2
28,GET,128,2
28,GET,129,1
28,GET,130,2
28,GET,131,1
28,GET,133,1
28,GET,134,1
28,GET,135,2
28,GET,136,2
28,GET,138,2
28,GET,140,1
28,GET,141,1
28,GET,142,2
28,GET,143,1
28,GET,144,1
28,GET,145,3
28,GET,146,1
28,GET,147,2
28,GET,148,2
28,GET,150,1
28,GET,151,1
28,GET,152,1
28,GET,153,2
28,GET,158,3
28,GET,159,3
28,GET,160,1
28,GET,161,1
28,GET,163,3
28,GET,164,2
28,GET,166,1
28,GET,168,2
28,GET,169,1
28,GET,170,2
28,GET,171,3
28,GET,172,1
28,GET,173,1
28,GET,177,1
28,GET,178,2
28,GET,179,1
28,GET,181,1
28,GET,182,1
28,GET,183,1
28,GET,184,2
28,GET,185,1
28,GET,187,1
28,GET,188,2
28,GET,189,3
28,GET,191,3
28,GET,192,1
28,GET,195,3
28,GET,196,3
28,GET,198,2
28,GET,199,3
28,GET,201,1
28,GET,203,4
28,GET,204,2
28,GET,205,5
28,GET,206,1
28,GET,207,2
28,GET,208,3
28,GET,209,2
28,GET,210,1
28,GET,211,2
28,GET,212,2
28,GET,213,1
28,GET,214,1
28,GET,215,3
28,GET,216,2
28,GET,217,4
28,GET,218,4
28,GET,219,6
28,GET,220,3
28,GET,221,3
28,GET,222,2
28,GET,223,10
28,GET,224,1
28,GET,225,2
28,GET,226,2
28,GET,227,4
28,GET,228,3
28,GET,229,3
28,GET,230,2
28,GET,231,5
28,GET,232,1
28,GET,233,3
28,GET,234,4
28,GET,235,9
28,GET,236,5
28,GET,237,6
28,GET,238,6
28,GET,239,3
28,GET,240,5
28,GET,241,1
28,GET,242,6
28,GET,243,5
28,GET,244,2
28,GET,245,5
28,GET,246,1
28,GET,247,6
28,GET,248,6
28,GET,249,4
28,GET,250,8
28,GET,251,5
28,GET,252,1
28,GET,253,4
28,GET,254,5
28,GET,255,3
28,GET,257,9
28,GET,259,14
28,GET,261,11
28,GET,263,9
28,GET,265,14
28,GET,267,12
28,GET,269,7
28,GET,271,10
28,GET,273,15
28,GET,275,10
28,GET,277,9
28,GET,279,10
28,GET,281,12
28,GET,283,13
28,GET,285,12
28,GET,287,11
28,GET,289,18
28,GET,291,11
28,GET,293,6
28,GET,295,7
28,GET,297,13
28,GET,299,10
28,GET,301,13
28,GET,303,15
28,GET,305,14
28,GET,307,15
28,GET,309,13
28,GET,311,18
28,GET,313,18
28,GET,315,13
28,GET,317,16
28,GET,319,14
28,GET,321,15
28,GET,323,10
28,GET,325,12
28,GET,327,15
28,GET,329,13
28,GET,331,10
28,GET,333,13
28,GET,335,15
28,GET,337,14
28,GET,339,13
28,GET,341,11
28,GET,343,17
28,GET,345,10
28,GET,347,18
28,GET,349,9
28,GET,351,15
28,GET,353,19
28,GET,355,15
28,GET,357,17
28,GET,359,13
28,GET,361,12
28,GET,363,9
28,GET,365,13
28,GET,367,10
28,GET,369,12
28,GET,371,11
28,GET,373,15
28,GET,375,15
28,GET,377,14
28,GET,379,13
28,GET,381,13
28,GET,383,12
28,GET,385,16
28,GET,387,13
28,GET,389,14
28,GET,391,13
28,GET,393,14
28,GET,395,12
28,GET,397,27
28,GET,399,14
28,GET,401,15
28,GET,403,15
28,GET,405,11
28,GET,407,12
28,GET,409,12
28,GET,411,13
28,GET,413,8
28,GET,415,9
28,GET,417,11
28,GET,419,16
28,GET,421,13
28,GET,423,15
28,GET,425,6
28,GET,427,8
28,GET,429,19
28,GET,431,13
28,GET,433,14
28,GET,435,13
28,GET,437,12
28,GET,439,14
28,GET,441,14
28,GET,443,11
28,GET,445,8
28,GET,447,9
28,GET,449,14
28,GET,451,10
28,GET,453,16
28,GET,455,8
28,GET,457,12
28,GET,459,4
28,GET,461,14
28,GET,463,13
28,GET,465,11
28,GET,467,12
28,GET,469,12
28,GET,471,10
28,GET,473,14
28,GET,475,15
28,GET,477,12
28,GET,479,14
28,GET,481,12
28,GET,483,7
28,GET,485,9
28,GET,487,9
28,GET,489,14
28,GET,491,5
28,GET,493,7
28,GET,495,3
28,GET,497,6
28,GET,499,8
28,GET,501,16
28,GET,503,10
28,GET,505,9
28,GET,507,3
28,GET,509,6
28,GET,511,3
28,GET,515,11
28,GET,519,15
28,GET,523,20
28,GET,527,15
28,GET,531,9
28,GET,535,8
28,GET,539,6
28,GET,543,8
28,GET,547,12
28,GET,551,6
28,GET,555,11
28,GET,559,8
28,GET,563,10
28,GET,567,5
28,GET,571,5
28,GET,575,10
28,GET,579,5
28,GET,583,4
28,GET,587,7
28,GET,591,10
28,GET,595,6
28,GET,599,9
28,GET,603,6
28,GET,607,3
28,GET,611,10
28,GET,615,6
28,GET,619,3
28,GET,623,4
28,GET,627,2
28,GET,631,2
28,GET,635,3
28,GET,639,5
28,GET,643,1
28,GET,647,1
28,GET,651,5
28,GET,655,7
28,GET,659,1
28,GET,663,4
28,GET,667,5
28,GET,675,1
28,GET,679,1
28,GET,683,2
28,GET,687,1
28,GET,691,4
28,GET,699,3
28,GET,703,2
28,GET,707,1
28,GET,715,1
28,GET,719,1
28,GET,727,1
28,GET,735,2
28,GET,755,1
28,GET,759,1
28,GET,779,1
28,GET,787,1
28,GET,791,1
28,GET,807,1
28,GET,815,1
28,GET,831,2
28,GET,851,1
28,GET,955,1
28,GET,983,1
28,GET,999,1
28,GET,1391,1
28,GET,1575,1
28,DEL,102,1
28,DEL,104,1
28,DEL,105,1
28,DEL,106,1
28,DEL,107,1
28,DEL,109,1
28,DEL,110,1
28,DEL,111,2
28,DEL,114,2
28,DEL,117,1
28,DEL,126,1
28,DEL,127,1
28,DEL,129,2
28,DEL,131,2
28,DEL,136,1
28,DEL,142,1
28,DEL,144,2
28,DEL,146,1
28,DEL,150,2
28,DEL,153,1
28,DEL,158,1
28,DEL,163,2
28,DEL,172,2
28,DEL,173,3
28,DEL,182,1
28,DEL,184,1
28,DEL,185,2
28,DEL,187,1
28,DEL,188,4
28,DEL,190,1
28,DEL,191,1
28,DEL,192,1
28,DEL,194,2
28,DEL,197,1
28,DEL,198,1
28,DEL,199,1
28,DEL,200,2
28,DEL,202,1
28,DEL,204,1
28,DEL,205,1
28,DEL,209,1
28,DEL,210,1
28,DEL,213,1
28,DEL,214,2
28,DEL,215,1
28,DEL,216,2
28,DEL,217,1
28,DEL,218,3
28,DEL,220,2
28,DEL,222,2
28,DEL,224,1
28,DEL,225,2
28,DEL,227,3
28,DEL,229,1
28,DEL,230,2
28,DEL,232,3
28,DEL,235,2
28,DEL,236,1
28,DEL,238,2
28,DEL,239,1
28,DEL,240,1
28,DEL,241,3
28,DEL,242,1
28,DEL,243,4
28,DEL,244,1
28,DEL,247,3
28,DEL,248,2
28,DEL,249,1
28,DEL,250,2
28,DEL,251,3
28,DEL,252,1
28,DEL,254,2
28,DEL,255,3
28,DEL,257,3
28,DEL,259,3
28,DEL,261,2
28,DEL,263,5
28,DEL,265,3
28,DEL,267,2
28,DEL,269,8
28,DEL,271,2
28,DEL,273,4
28,DEL,275,2
28,DEL,277,3
28,DEL,279,3
28,DEL,281,5
28,DEL,283,1
28,DEL,285,3
28,DEL,287,8
28,DEL,289,6
28,DEL,291,6
28,DEL,293,2
28,DEL,295,6
28,DEL,297,9
28,DEL,299,1
28,DEL,301,7
28,DEL,303,5
28,DEL,305,8
28,DEL,307,6
28,DEL,309,6
28,DEL,311,5
28,DEL,313,10
28,DEL,315,4
28,DEL,319,4
28,DEL,321,4
28,DEL,323,4
28,DEL,325,10
28,DEL,327,5
28,DEL,329,12
28,DEL,331,4
28,DEL,333,2
28,DEL,335,3
28,DEL,337,6
28,DEL,339,6
28,DEL,341,4
28,DEL,343,2
28,DEL,345,4
28,DEL,347,5
28,DEL,349,4
28,DEL,351,5
28,DEL,353,4
28,DEL,355,5
28,DEL,357,4
28,DEL,359,5
28,DEL,361,7
28,DEL,363,6
28,DEL,365,7
28,DEL,367,6
28,DEL,369,10
28,DEL,371,5
28,DEL,373,10
28,DEL,375,3
28,DEL,377,3
28,DEL,379,3
28,DEL,381,6
28,DEL,383,6
28,DEL,385,9
28,DEL,387,6
28,DEL,389,2
28,DEL,391,8
28,DEL,393,5
28,DEL,395,8
28,DEL,397,5
28,DEL,399,5
28,DEL,401,3
28,DEL,403,6
28,DEL,405,4
28,DEL,407,7
28,DEL,409,3
28,DEL,411,3
28,DEL,413,6
28,DEL,415,7
28,DEL,417,3
28,DEL,419,5
28,DEL,421,6
28,DEL,425,5
28,DEL,427,4
28,DEL,429,7
28,DEL,431,3
28,DEL,433,6
28,DEL,435,7
28,DEL,437,2
28,DEL,439,4
28,DEL,441,4
28,DEL,443,2
28,DEL,445,4
28,DEL,447,5
28,DEL,449,4
28,DEL,451,5
28,DEL,453,4
28,DEL,455,2
28,DEL,457,4
28,DEL,459,3
28,DEL,461,5
28,DEL,463,3
28,DEL,465,3
28,DEL,467,8
28,DEL,469,3
28,DEL,471,4
28,DEL,473,4
28,DEL,475,6
28,DEL,477,8
28,DEL,479,3
28,DEL,481,2
28,DEL,483,8
28,DEL,485,4
28,DEL,487,5
28,DEL,489,2
28,DEL,491,1
28,DEL,493,1
28,DEL,495,3
28,DEL,497,5
28,DEL,501,2
28,DEL,503,4
28,DEL,505,1
28,DEL,507,2
28,DEL,509,3
28,DEL,511,4
28,DEL,515,5
28,DEL,519,5
28,DEL,523,4
28,DEL,527,3
28,DEL,531,1
28,DEL,535,5
28,DEL,539,5
28,DEL,543,5
28,DEL,547,4
28,DEL,551,1
28,DEL,555,2
28,DEL,559,3
28,DEL,563,4
28,DEL,567,2
28,DEL,571,5
28,DEL,575,1
28,DEL,579,1
28,DEL,587,5
28,DEL,591,3
28,DEL,595,2
28,DEL,599,3
28,DEL,603,5
28,DEL,611,2
28,DEL,615,2
28,DEL,619,1
28,DEL,623,2
28,DEL,627,2
28,DEL,631,3
28,DEL,635,1
28,DEL,639,3
28,DEL,643,2
28,DEL,647,2
28,DEL,651,1
28,DEL,655,1
28,DEL,659,1
28,DEL,663,1
28,DEL,667,1
28,DEL,675,3
28,DEL,679,1
28,DEL,683,1
28,DEL,687,1
28,DEL,755,1
28,DEL,767,1
28,DEL,787,1
28,DEL,939,1
28,SET,113,1
28,SET,120,1
28,SET,122,1
28,SET,129,1
28,SET,137,1
28,SET,140,1
28,SET,153,1
28,SET,154,1
28,SET,160,1
28,SET,169,1
28,SET,170,1
28,SET,196,1
28,SET,199,1
28,SET,201,1
28,SET,214,1
28,SET,220,1
28,SET,223,1
28,SET,231,1
28,SET,235,2
28,SET,237,2
28,SET,255,1
28,SET,259,1
28,SET,261,1
28,SET,269,2
28,SET,271,1
28,SET,277,1
28,SET,279,2
28,SET,281,1
28,SET,283,2
28,SET,287,1
28,SET,289,1
28,SET,293,1
28,SET,297,1
28,SET,299,1
28,SET,301,2
28,SET,303,2
28,SET,305,1
28,SET,309,1
28,SET,311,1
28,SET,313,1
28,SET,315,2
28,SET,317,1
28,SET,319,1
28,SET,321,1
28,SET,325,2
28,SET,327,1
28,SET,331,2
28,SET,333,1
28,SET,335,1
28,SET,339,1
28,SET,341,2
28,SET,349,1
28,SET,353,1
28,SET,355,1
28,SET,357,1
28,SET,359,3
28,SET,361,1
28,SET,365,1
28,SET,367,2
28,SET,371,1
28,SET,375,1
28,SET,377,1
28,SET,381,2
28,SET,385,1
28,SET,391,2
28,SET,393,3
28,SET,395,1
28,SET,397,2
28,SET,399,1
28,SET,403,2
28,SET,405,1
28,SET,407,1
28,SET,415,2
28,SET,417,3
28,SET,419,1
28,SET,421,2
28,SET,423,2
28,SET,425,1
28,SET,429,1
28,SET,431,3
28,SET,435,1
28,SET,437,1
28,SET,443,1
28,SET,445,2
28,SET,449,1
28,SET,455,2
28,SET,457,2
28,SET,467,2
28,SET,469,1
28,SET,471,4
28,SET,473,1
28,SET,475,2
28,SET,477,2
28,SET,479,1
28,SET,487,2
28,SET,491,1
28,SET,493,1
28,SET,499,1
28,SET,501,1
28,SET,503,1
28,SET,509,1
28,SET,515,4
28,SET,519,1
28,SET,523,1
28,SET,535,2
28,SET,539,1
28,SET,543,1
28,SET,563,1
28,SET,567,3
28,SET,583,1
28,SET,619,2
28,SET,635,1
28,SET,655,1
28,SET,659,1
28,SET,687,1
28,SET,739,1
28,SET,743,1
29,SET,105,1
29,SET,121,1
29,SET,125,1
29,SET,136,1
29,SET,151,1
29,SET,164,1
29,SET,167,1
29,SET,168,1
29,SET,170,1
29,SET,172,1
29,SET,174,1
29,SET,178,1
29,SET,188,1
29,SET,196,1
29,SET,199,1
29,SET,210,1
29,SET,229,1
29,SET,232,1
29,SET,236,1
29,SET,242,1
29,SET,243,1
29,SET,253,1
29,SET,265,2
29,SET,267,1
29,SET,271,1
29,SET,273,1
29,SET,275,1
29,SET,277,1
29,SET,279,1
29,SET,283,1
29,SET,287,1
29,SET,289,2
29,SET,291,1
29,SET,295,2
29,SET,299,1
29,SET,301,1
29,SET,303,1
29,SET,311,1
29,SET,313,1
29,SET,319,1
29,SET,323,1
29,SET,325,2
29,SET,327,1
29,SET,329,2
29,SET,331,1
29,SET,333,2
29,SET,335,2
29,SET,337,1
29,SET,339,2
29,SET,341,1
29,SET,347,3
29,SET,353,2
29,SET,355,2
29,SET,357,1
29,SET,359,2
29,SET,361,1
29,SET,363,1
29,SET,369,1
29,SET,371,1
29,SET,373,2
29,SET,375,3
29,SET,377,1
29,SET,379,2
29,SET,381,1
29,SET,383,2
29,SET,387,1
29,SET,389,2
29,SET,393,1
29,SET,395,3
29,SET,397,1
29,SET,399,1
29,SET,401,3
29,SET,405,1
29,SET,409,1
29,SET,411,4
29,SET,415,1
29,SET,423,2
29,SET,427,1
29,SET,429,1
29,SET,431,2
29,SET,437,2
29,SET,449,2
29,SET,453,1
29,SET,455,1
29,SET,461,2
29,SET,463,1
29,SET,465,1
29,SET,467,2
29,SET,473,1
29,SET,475,2
29,SET,483,1
29,SET,485,1
29,SET,487,1
29,SET,491,2
29,SET,497,1
29,SET,501,1
29,SET,505,1
29,SET,507,2
29,SET,515,1
29,SET,523,1
29,SET,527,3
29,SET,531,1
29,SET,539,3
29,SET,543,1
29,SET,555,2
29,SET,575,2
29,SET,583,2
29,SET,587,2
29,SET,607,2
29,SET,643,1
29,SET,663,1
29,SET,667,1
29,SET,671,1
29,SET,675,1
29,SET,683,1
29,SET,727,1
29,SET,891,1
29,DEL,107,2
29,DEL,111,1
29,DEL,113,1
29,DEL,119,3
29,DEL,121,2
29,DEL,122,1
29,DEL,123,1
29,DEL,126,2
29,DEL,130,1
29,DEL,132,1
29,DEL,133,1
29,DEL,134,1
29,DEL,136,1
29,DEL,137,1
29,DEL,141,1
29,DEL,143,1
29,DEL,144,1
29,DEL,155,1
29,DEL,156,1
29,DEL,157,1
29,DEL,158,1
29,DEL,162,1
29,DEL,163,1
29,DEL,164,1
29,DEL,167,1
29,DEL,171,1
29,DEL,174,2
29,DEL,177,1
29,DEL,178,2
29,DEL,181,2
29,DEL,182,1
29,DEL,184,1
29,DEL,186,1
29,DEL,187,4
29,DEL,195,1
29,DEL,197,3
29,DEL,201,1
29,DEL,204,1
29,DEL,205,1
29,DEL,207,1
29,DEL,208,1
29,DEL,209,1
29,DEL,210,1
29,DEL,211,3
29,DEL,212,1
29,DEL,213,1
29,DEL,215,2
29,DEL,216,1
29,DEL,218,2
29,DEL,222,1
29,DEL,223,2
29,DEL,224,1
29,DEL,226,1
29,DEL,227,2
29,DEL,229,2
29,DEL,234,1
29,DEL,235,1
29,DEL,238,1
29,DEL,239,2
29,DEL,240,1
29,DEL,241,2
29,DEL,242,1
29,DEL,243,3
29,DEL,244,3
29,DEL,245,2
29,DEL,246,1
29,DEL,247,2
29,DEL,248,1
29,DEL,249,1
29,DEL,251,3
29,DEL,252,2
29,DEL,253,1
29,DEL,254,1
29,DEL,255,1
29,DEL,257,6
29,DEL,259,4
29,DEL,261,5
29,DEL,263,2
29,DEL,265,5
29,DEL,267,6
29,DEL,269,5
29,DEL,271,5
29,DEL,273,7
29,DEL,275,4
29,DEL,277,8
29,DEL,279,3
29,DEL,281,3
29,DEL,283,4
29,DEL,285,6
29,DEL,287,5
29,DEL,289,3
29,DEL,291,3
29,DEL,293,4
29,DEL,295,4
29,DEL,297,5
29,DEL,299,4
29,DEL,301,4
29,DEL,303,4
29,DEL,305,6
29,DEL,307,3
29,DEL,309,5
29,DEL,311,7
29,DEL,313,2
29,DEL,315,6
29,DEL,317,10
29,DEL,319,3
29,DEL,321,8
29,DEL,323,6
29,DEL,325,8
29,DEL,327,6
29,DEL,329,6
29,DEL,331,5
29,DEL,333,5
29,DEL,335,8
29,DEL,337,4
29,DEL,339,8
29,DEL,341,9
29,DEL,343,6
29,DEL,345,6
29,DEL,347,3
29,DEL,349,3
29,DEL,351,2
29,DEL,353,3
29,DEL,355,6
29,DEL,357,7
29,DEL,359,7
29,DEL,361,2
29,DEL,363,6
29,DEL,365,6
29,DEL,367,9
29,DEL,369,5
29,DEL,371,6
29,DEL,373,2
29,DEL,375,6
29,DEL,377,3
29,DEL,379,4
29,DEL,381,7
29,DEL,383,1
29,DEL,385,6
29,DEL,387,1
29,DEL,389,8
29,DEL,391,3
29,DEL,393,3
29,DEL,395,5
29,DEL,397,1
29,DEL,399,4
29,DEL,401,3
29,DEL,403,1
29,DEL,405,4
29,DEL,407,5
29,DEL,409,6
29,DEL,411,4
29,DEL,413,2
29,DEL,415,5
29,DEL,417,3
29,DEL,419,2
29,DEL,421,4
29,DEL,423,9
29,DEL,425,4
29,DEL,427,5
29,DEL,429,3
29,DEL,431,1
29,DEL,433,2
29,DEL,435,7
29,DEL,437,3
29,DEL,439,3
29,DEL,441,1
29,DEL,443,6
29,DEL,445,2
29,DEL,447,4
29,DEL,449,3
29,DEL,451,5
29,DEL,453,3
29,DEL,455,6
29,DEL,457,5
29,DEL,459,4
29,DEL,461,7
29,DEL,463,5
29,DEL,465,6
29,DEL,467,1
29,DEL,469,7
29,DEL,471,5
29,DEL,473,2
29,DEL,475,6
29,DEL,477,3
29,DEL,479,2
29,DEL,481,4
29,DEL,483,6
29,DEL,485,1
29,DEL,487,3
29,DEL,489,2
29,DEL,491,1
29,DEL,493,4
29,DEL,495,4
29,DEL,497,4
29,DEL,499,2
29,DEL,501,3
29,DEL,503,3
29,DEL,505,3
29,DEL,511,3
29,DEL,515,4
29,DEL,519,7
29,DEL,523,8
29,DEL,527,7
29,DEL,531,3
29,DEL,535,3
29,DEL,539,1
29,DEL,543,3
29,DEL,547,2
29,DEL,551,2
29,DEL,555,6
29,DEL,559,4
29,DEL,563,2
29,DEL,567,5
29,DEL,571,3
29,DEL,575,6
29,DEL,579,3
29,DEL,583,3
29,DEL,591,3
29,DEL,595,3
29,DEL,599,2
29,DEL,603,3
29,DEL,607,1
29,DEL,611,3
29,DEL,615,2
29,DEL,619,2
29,DEL,623,1
29,DEL,627,2
29,DEL,631,5
29,DEL,635,1
29,DEL,639,1
29,DEL,651,1
29,DEL,655,1
29,DEL,659,4
29,DEL,671,1
29,DEL,679,2
29,DEL,687,4
29,DEL,691,1
29,DEL,703,1
29,DEL,711,1
29,DEL,727,1
29,DEL,743,1
29,DEL,747,1
29,DEL,755,1
29,DEL,795,1
29,DEL,947,1
29,DEL,1215,1
29,DEL,1471,1
29,GET,100,1
29,GET,102,1
29,GET,103,1
29,GET,106,1
29,GET,107,1
29,GET,108,1
29,GET,109,1
29,GET,111,1
29,GET,112,2
29,GET,113,1
29,GET,114,2
29,GET,115,1
29,GET,116,2
29,GET,117,1
29,GET,118,2
29,GET,119,2
29,GET,121,2
29,GET,122,2
29,GET,123,2
29,GET,124,2
29,GET,125,1
29,GET,126,2
29,GET,127,2
29,GET,129,2
29,GET,130,1
29,GET,131,4
29,GET,132,1
29,GET,133,5
29,GET,134,4
29,GET,135,1
29,GET,138,3
29,GET,139,3
29,GET,140,2
29,GET,141,1
29,GET,142,2
29,GET,144,2
29,GET,145,1
29,GET,147,2
29,GET,149,3
29,GET,150,1
29,GET,151,1
29,GET,152,1
29,GET,153,1
29,GET,154,1
29,GET,155,1
29,GET,157,1
29,GET,158,1
29,GET,160,2
29,GET,161,1
29,GET,162,1
29,GET,163,2
29,GET,164,1
29,GET,165,5
29,GET,167,1
29,GET,169,2
29,GET,170,1
29,GET,171,2
29,GET,172,2
29,GET,173,2
29,GET,174,1
29,GET,175,1
29,GET,176,2
29,GET,177,1
29,GET,179,1
29,GET,180,2
29,GET,181,2
29,GET,182,1
29,GET,183,1
29,GET,184,4
29,GET,185,1
29,GET,187,1
29,GET,189,1
29,GET,191,2
29,GET,192,1
29,GET,193,5
29,GET,194,4
29,GET,195,2
29,GET,196,3
29,GET,197,3
29,GET,199,2
29,GET,200,2
29,GET,201,1
29,GET,202,3
29,GET,203,3
29,GET,204,2
29,GET,205,3
29,GET,206,2
29,GET,207,1
29,GET,208,3
29,GET,209,3
29,GET,210,2
29,GET,212,4
29,GET,213,4
29,GET,214,1
29,GET,215,2
29,GET,216,4
29,GET,217,2
29,GET,219,4
29,GET,220,5
29,GET,221,4
29,GET,222,2
29,GET,223,6
29,GET,224,2
29,GET,225,6
29,GET,226,2
29,GET,227,2
29,GET,228,1
29,GET,229,3
29,GET,230,3
29,GET,231,3
29,GET,232,5
29,GET,233,3
29,GET,234,3
29,GET,235,4
29,GET,236,5
29,GET,237,4
29,GET,238,9
29,GET,239,5
29,GET,240,7
29,GET,241,5
29,GET,242,2
29,GET,243,4
29,GET,244,3
29,GET,245,8
29,GET,246,3
29,GET,247,6
29,GET,248,6
29,GET,249,1
29,GET,250,5
29,GET,251,5
29,GET,252,7
29,GET,253,9
29,GET,254,3
29,GET,255,1
29,GET,257,11
29,GET,259,8
29,GET,261,9
29,GET,263,11
29,GET,265,8
29,GET,267,16
29,GET,269,6
29,GET,271,10
29,GET,273,13
29,GET,275,8
29,GET,277,8
29,GET,279,15
29,GET,281,16
29,GET,283,9
29,GET,285,4
29,GET,287,15
29,GET,289,15
29,GET,291,14
29,GET,293,12
29,GET,295,11
29,GET,297,6
29,GET,299,22
29,GET,301,10
29,GET,303,13
29,GET,305,14
29,GET,307,13
29,GET,309,10
29,GET,311,7
29,GET,313,10
29,GET,315,16
29,GET,317,12
29,GET,319,14
29,GET,321,12
29,GET,323,10
29,GET,325,10
29,GET,327,13
29,GET,329,10
29,GET,331,10
29,GET,333,11
29,GET,335,13
29,GET,337,14
29,GET,339,15
29,GET,341,27
29,GET,343,16
29,GET,345,13
29,GET,347,17
29,GET,349,9
29,GET,351,10
29,GET,353,13
29,GET,355,11
29,GET,357,14
29,GET,359,13
29,GET,361,9
29,GET,363,11
29,GET,365,11
29,GET,367,11
29,GET,369,11
29,GET,371,19
29,GET,373,14
29,GET,375,13
29,GET,377,11
29,GET,379,23
29,GET,381,7
29,GET,383,20
29,GET,385,18
29,GET,387,16
29,GET,389,15
29,GET,391,14
29,GET,393,10
29,GET,395,14
29,GET,397,18
29,GET,399,5
29,GET,401,18
29,GET,403,12
29,GET,405,12
29,GET,407,9
29,GET,409,15
29,GET,411,6
29,GET,413,14
29,GET,415,14
29,GET,417,16
29,GET,419,9
29,GET,421,7
29,GET,423,17
29,GET,425,19
29,GET,427,19
29,GET,429,9
29,GET,431,9
29,GET,433,12
29,GET,435,20
29,GET,437,12
29,GET,439,11
29,GET,441,18
29,GET,443,11
29,GET,445,14
29,GET,447,10
29,GET,449,14
29,GET,451,11
29,GET,453,13
29,GET,455,8
29,GET,457,6
29,GET,459,5
29,GET,461,8
29,GET,463,9
29,GET,465,14
29,GET,467,12
29,GET,469,12
29,GET,471,9
29,GET,473,12
29,GET,475,11
29,GET,477,9
29,GET,479,11
29,GET,481,9
29,GET,483,8
29,GET,485,7
29,GET,487,6
29,GET,489,10
29,GET,491,8
29,GET,493,12
29,GET,495,4
29,GET,497,9
29,GET,499,13
29,GET,501,12
29,GET,503,9
29,GET,505,8
29,GET,507,9
29,GET,509,10
29,GET,511,10
29,GET,515,10
29,GET,519,12
29,GET,523,8
29,GET,527,12
29,GET,531,13
29,GET,535,13
29,GET,539,16
29,GET,543,11
29,GET,547,6
29,GET,551,4
29,GET,555,13
29,GET,559,10
29,GET,563,9
29,GET,567,11
29,GET,571,10
29,GET,575,10
29,GET,579,4
29,GET,583,8
29,GET,587,7
29,GET,591,6
29,GET,595,3
29,GET,599,6
29,GET,603,5
29,GET,607,7
29,GET,611,2
29,GET,615,4
29,GET,619,6
29,GET,623,5
29,GET,627,5
29,GET,631,9
29,GET,635,2
29,GET,639,4
29,GET,643,5
29,GET,647,2
29,GET,651,2
29,GET,659,5
29,GET,663,9
29,GET,667,3
29,GET,671,3
29,GET,675,3
29,GET,679,3
29,GET,683,2
29,GET,687,1
29,GET,691,1
29,GET,699,1
29,GET,703,3
29,GET,707,5
29,GET,711,3
29,GET,719,1
29,GET,727,1
29,GET,731,2
29,GET,735,1
29,GET,751,1
29,GET,755,1
29,GET,775,1
29,GET,779,1
29,GET,803,1
29,GET,835,1
29,GET,839,1
29,GET,851,1
29,GET,867,1
29,GET,987,1
29,GET,1159,1
29,GET,1351,1
30,GET,101,2
30,GET,105,1
30,GET,106,2
30,GET,108,1
30,GET,110,2
30,GET,111,1
30,GET,112,1
30,GET,113,1
30,GET,115,5
30,GET,116,2
30,GET,117,1
30,GET,120,2
30,GET,121,2
30,GET,123,3
30,GET,124,3
30,GET,125,1
30,GET,126,1
30,GET,127,1
30,GET,129,1
30,GET,130,2
30,GET,131,2
30,GET,133,4
30,GET,134,2
30,GET,137,2
30,GET,138,1
30,GET,139,4
30,GET,141,1
30,GET,142,1
30,GET,143,3
30,GET,144,2
30,GET,145,4
30,GET,146,1
30,GET,147,1
30,GET,153,1
30,GET,154,5
30,GET,155,2
30,GET,156,2
30,GET,157,2
30,GET,161,5
30,GET,165,2
30,GET,168,3
30,GET,169,4
30,GET,170,1
30,GET,171,1
30,GET,172,2
30,GET,174,1
30,GET,176,2
30,GET,177,1
30,GET,178,3
30,GET,180,1
30,GET,181,1
30,GET,182,2
30,GET,183,1
30,GET,184,2
30,GET,186,1
30,GET,187,1
30,GET,188,2
30,GET,189,1
30,GET,190,3
30,GET,191,3
30,GET,192,4
30,GET,193,3
30,GET,194,1
30,GET,195,2
30,GET,196,1
30,GET,197,6
30,GET,198,4
30,GET,199,1
30,GET,200,2
30,GET,201,2
30,GET,203,1
30,GET,204,3
30,GET,207,1
30,GET,210,5
30,GET,211,4
30,GET,212,2
30,GET,213,4
30,GET,215,1
30,GET,216,2
30,GET,217,4
30,GET,218,3
30,GET,219,3
30,GET,220,4
30,GET,221,5
30,GET,222,2
30,GET,223,2
30,GET,224,2
30,GET,225,6
30,GET,226,4
30,GET,227,3
30,GET,228,4
30,GET,229,2
30,GET,230,1
30,GET,231,3
30,GET,232,3
30,GET,233,4
30,GET,234,5
30,GET,235,1
30,GET,236,10
30,GET,237,4
30,GET,238,4
30,GET,239,4
30,GET,240,2
30,GET,241,4
30,GET,242,1
30,GET,243,8
30,GET,244,5
30,GET,245,3
30,GET,246,2
30,GET,247,6
30,GET,248,5
30,GET,249,3
30,GET,250,1
30,GET,251,7
30,GET,252,6
30,GET,253,5
30,GET,254,5
30,GET,255,7
30,GET,257,13
30,GET,259,7
30,GET,261,12
30,GET,263,14
30,GET,265,12
30,GET,267,10
30,GET,269,16
30,GET,271,9
30,GET,273,13
30,GET,275,13
30,GET,277,15
30,GET,279,19
30,GET,281,19
30,GET,283,11
30,GET,285,13
30,GET,287,16
30,GET,289,10
30,GET,291,6
30,GET,293,15
30,GET,295,11
30,GET,297,17
30,GET,299,10
30,GET,301,11
30,GET,303,23
30,GET,305,13
30,GET,307,10
30,GET,309,10
30,GET,311,10
30,GET,313,9
30,GET,315,20
30,GET,317,17
30,GET,319,13
30,GET,321,19
30,GET,323,10
30,GET,325,9
30,GET,327,18
30,GET,329,11
30,GET,331,15
30,GET,333,18
30,GET,335,18
30,GET,337,13
30,GET,339,14
30,GET,341,13
30,GET,343,22
30,GET,345,12
30,GET,347,11
30,GET,349,23
30,GET,351,14
30,GET,353,13
30,GET,355,12
30,GET,357,14
30,GET,359,16
30,GET,361,10
30,GET,363,9
30,GET,365,14
30,GET,367,14
30,GET,369,11
30,GET,371,16
30,GET,373,18
30,GET,375,13
30,GET,377,18
30,GET,379,16
30,GET,381,12
30,GET,383,15
30,GET,385,16
30,GET,387,9
30,GET,389,12
30,GET,391,9
30,GET,393,18
30,GET,395,10
30,GET,397,12
30,GET,399,7
30,GET,401,11
30,GET,403,8
30,GET,405,7
30,GET,407,13
30,GET,409,15
30,GET,411,13
30,GET,413,14
30,GET,415,10
30,GET,417,12
30,GET,419,15
30,GET,421,12
30,GET,423,13
30,GET,425,11
30,GET,427,13
30,GET,429,13
30,GET,431,8
30,GET,433,14
30,GET,435,14
30,GET,437,10
30,GET,439,7
30,GET,441,14
30,GET,443,11
30,GET,445,16
30,GET,447,6
30,GET,449,3
30,GET,451,10
30,GET,453,12
30,GET,455,7
30,GET,457,8
30,GET,459,13
30,GET,461,5
30,GET,463,5
30,GET,465,4
30,GET,467,12
30,GET,469,14
30,GET,471,11
30,GET,473,11
30,GET,475,10
30,GET,477,12
30,GET,479,11
30,GET,481,11
30,GET,483,7
30,GET,485,11
30,GET,487,13
30,GET,489,7
30,GET,491,2
30,GET,493,11
30,GET,495,10
30,GET,497,12
30,GET,499,15
30,GET,501,11
30,GET,503,8
30,GET,505,11
30,GET,507,12
30,GET,509,10
30,GET,511,8
30,GET,515,17
30,GET,519,18
30,GET,523,13
30,GET,527,12
30,GET,531,17
30,GET,535,18
30,GET,539,12
30,GET,543,6
30,GET,547,7
30,GET,551,12
30,GET,555,9
30,GET,559,9
30,GET,563,6
30,GET,567,10
30,GET,571,7
30,GET,575,4
30,GET,579,11
30,GET,583,5
30,GET,587,8
30,GET,591,8
30,GET,595,8
30,GET,599,3
30,GET,603,8
30,GET,607,3
30,GET,611,3
30,GET,615,9
30,GET,619,5
30,GET,623,4
30,GET,627,6
30,GET,631,2
30,GET,635,4
30,GET,639,4
30,GET,643,1
30,GET,647,3
30,GET,651,4
30,GET,655,2
30,GET,659,3
30,GET,663,1
30,GET,667,5
30,GET,671,1
30,GET,675,3
30,GET,679,1
30,GET,687,2
30,GET,695,2
30,GET,703,3
30,GET,707,1
30,GET,711,1
30,GET,719,1
30,GET,723,2
30,GET,727,2
30,GET,731,2
30,GET,739,2
30,GET,743,1
30,GET,747,1
30,GET,751,3
30,GET,767,1
30,GET,771,1
30,GET,775,1
30,GET,787,1
30,GET,795,1
30,GET,799,2
30,GET,819,1
30,GET,827,1
30,GET,907,1
30,GET,1127,1
30,GET,1375,1
30,GET,1463,1
30,GET,4863,1
30,SET,99,1
30,SET,106,1
30,SET,123,1
30,SET,130,1
30,SET,173,1
30,SET,180,1
30,SET,183,1
30,SET,184,1
30,SET,194,1
30,SET,207,1
30,SET,218,1
30,SET,223,1
30,SET,224,1
30,SET,226,1
30,SET,229,2
30,SET,230,1
30,SET,235,1
30,SET,240,1
30,SET,243,1
30,SET,245,1
30,SET,250,1
30,SET,252,1
30,SET,259,2
30,SET,265,1
30,SET,267,1
30,SET,273,1
30,SET,277,1
30,SET,283,1
30,SET,285,1
30,SET,287,2
30,SET,291,4
30,SET,293,2
30,SET,295,2
30,SET,297,2
30,SET,309,3
30,SET,313,1
30,SET,315,1
30,SET,317,1
30,SET,319,2
30,SET,321,1
30,SET,323,2
30,SET,331,1
30,SET,337,1
30,SET,339,1
30,SET,341,1
30,SET,345,1
30,SET,347,3
30,SET,349,2
30,SET,353,1
30,SET,355,1
30,SET,357,1
30,SET,359,1
30,SET,363,2
30,SET,365,2
30,SET,369,1
30,SET,371,1
30,SET,373,1
30,SET,379,1
30,SET,381,2
30,SET,383,1
30,SET,385,1
30,SET,387,1
30,SET,389,1
30,SET,393,3
30,SET,397,2
30,SET,399,2
30,SET,401,3
30,SET,403,1
30,SET,407,1
30,SET,411,1
30,SET,413,1
30,SET,421,2
30,SET,423,2
30,SET,425,2
30,SET,427,1
30,SET,429,1
30,SET,431,1
30,SET,435,2
30,SET,437,1
30,SET,439,2
30,SET,447,3
30,SET,453,1
30,SET,455,3
30,SET,457,2
30,SET,459,2
30,SET,461,1
30,SET,463,1
30,SET,465,2
30,SET,469,1
30,SET,475,1
30,SET,479,2
30,SET,481,1
30,SET,483,1
30,SET,485,1
30,SET,501,1
30,SET,507,2
30,SET,509,1
30,SET,519,2
30,SET,527,1
30,SET,535,1
30,SET,543,1
30,SET,547,2
30,SET,555,2
30,SET,559,2
30,SET,563,1
30,SET,571,1
30,SET,575,1
30,SET,595,2
30,SET,615,1
30,SET,643,1
30,SET,655,1
30,SET,683,1
30,SET,787,1
30,SET,807,1
30,DEL,99,1
30,DEL,109,1
30,DEL,112,1
30,DEL,115,2
30,DEL,117,1
30,DEL,119,1
30,DEL,120,1
30,DEL,123,3
30,DEL,124,2
30,DEL,126,1
30,DEL,138,1
30,DEL,139,1
30,DEL,141,2
30,DEL,146,1
30,DEL,148,1
30,DEL,150,1
30,DEL,152,1
30,DEL,154,1
30,DEL,156,2
30,DEL,158,2
30,DEL,160,1
30,DEL,165,1
30,DEL,167,1
30,DEL,169,1
30,DEL,174,1
30,DEL,176,1
30,DEL,178,1
30,DEL,181,1
30,DEL,182,2
30,DEL,184,1
30,DEL,186,1
30,DEL,187,1
30,DEL,188,1
30,DEL,192,1
30,DEL,193,1
30,DEL,194,2
30,DEL,196,1
30,DEL,198,1
30,DEL,203,1
30,DEL,206,1
30,DEL,207,1
30,DEL,212,1
30,DEL,213,1
30,DEL,215,2
30,DEL,216,1
30,DEL,218,1
30,DEL,221,2
30,DEL,222,2
30,DEL,223,1
30,DEL,225,1
30,DEL,226,2
30,DEL,227,1
30,DEL,228,1
30,DEL,229,1
30,DEL,231,4
30,DEL,232,1
30,DEL,233,1
30,DEL,234,1
30,DEL,235,2
30,DEL,236,4
30,DEL,238,1
30,DEL,239,2
30,DEL,240,1
30,DEL,241,1
30,DEL,242,1
30,DEL,243,2
30,DEL,244,2
30,DEL,245,2
30,DEL,246,2
30,DEL,247,2
30,DEL,248,2
30,DEL,249,1
30,DEL,250,3
30,DEL,251,1
30,DEL,252,3
30,DEL,253,1
30,DEL,254,1
30,DEL,255,1
30,DEL,257,2
30,DEL,259,7
30,DEL,261,4
30,DEL,263,6
30,DEL,265,4
30,DEL,267,6
30,DEL,269,8
30,DEL,271,3
30,DEL,273,1
30,DEL,275,1
30,DEL,277,5
30,DEL,279,2
30,DEL,281,5
30,DEL,283,4
30,DEL,285,4
30,DEL,287,5
30,DEL,289,4
30,DEL,291,3
30,DEL,293,2
30,DEL,295,4
30,DEL,297,5
30,DEL,299,4
30,DEL,301,4
30,DEL,303,8
30,DEL,305,4
30,DEL,307,4
30,DEL,309,2
30,DEL,311,3
30,DEL,313,4
30,DEL,315,6
30,DEL,317,2
30,DEL,319,6
30,DEL,321,4
30,DEL,323,4
30,DEL,325,6
30,DEL,327,4
30,DEL,329,4
30,DEL,331,5
30,DEL,333,2
30,DEL,335,5
30,DEL,337,7
30,DEL,339,5
30,DEL,341,8
30,DEL,343,5
30,DEL,345,3
30,DEL,347,3
30,DEL,349,4
30,DEL,351,5
30,DEL,353,3
30,DEL,355,3
30,DEL,357,4
30,DEL,359,6
30,DEL,361,6
30,DEL,363,10
30,DEL,365,7
30,DEL,367,6
30,DEL,369,3
30,DEL,371,4
30,DEL,373,5
30,DEL,375,2
30,DEL,377,1
30,DEL,379,6
30,DEL,381,7
30,DEL,383,9
30,DEL,385,6
30,DEL,387,4
30,DEL,389,6
30,DEL,391,6
30,DEL,393,5
30,DEL,395,6
30,DEL,397,3
30,DEL,399,1
30,DEL,401,5
30,DEL,403,2
30,DEL,405,9
30,DEL,407,5
30,DEL,409,3
30,DEL,411,6
30,DEL,413,5
30,DEL,415,5
30,DEL,417,6
30,DEL,419,3
30,DEL,421,4
30,DEL,423,7
30,DEL,425,3
30,DEL,427,2
30,DEL,429,7
30,DEL,431,2
30,DEL,433,5
30,DEL,435,3
30,DEL,437,4
30,DEL,439,7
30,DEL,441,4
30,DEL,443,6
30,DEL,445,11
30,DEL,447,3
30,DEL,449,7
30,DEL,451,6
30,DEL,453,3
30,DEL,455,9
30,DEL,457,9
30,DEL,459,1
30,DEL,461,1
30,DEL,463,2
30,DEL,465,4
30,DEL,467,5
30,DEL,469,5
30,DEL,471,3
30,DEL,473,4
30,DEL,475,6
30,DEL,477,1
30,DEL,479,3
30,DEL,481,4
30,DEL,483,4
30,DEL,485,3
30,DEL,487,3
30,DEL,489,1
30,DEL,491,2
30,DEL,493,5
30,DEL,495,4
30,DEL,497,4
30,DEL,499,3
30,DEL,501,3
30,DEL,503,1
30,DEL,505,2
30,DEL,507,3
30,DEL,509,1
30,DEL,511,3
30,DEL,515,1
30,DEL,519,1
30,DEL,523,6
30,DEL,527,7
30,DEL,531,1
30,DEL,535,2
30,DEL,539,3
30,DEL,543,5
30,DEL,547,1
30,DEL,551,6
30,DEL,555,3
30,DEL,563,3
30,DEL,567,3
30,DEL,571,4
30,DEL,575,1
30,DEL,579,1
30,DEL,583,2
30,DEL,587,1
30,DEL,591,2
30,DEL,595,5
30,DEL,599,4
30,DEL,603,1
30,DEL,607,1
30,DEL,611,1
30,DEL,615,1
30,DEL,619,2
30,DEL,623,1
30,DEL,631,2
30,DEL,635,2
30,DEL,643,1
30,DEL,655,1
30,DEL,663,1
30,DEL,667,1
30,DEL,671,3
30,DEL,679,2
30,DEL,687,1
30,DEL,691,1
30,DEL,699,1
30,DEL,711,1
30,DEL,715,1
30,DEL,731,2
30,DEL,799,1
30,DEL,811,1
30,DEL,839,1
30,DEL,851,1
30,DEL,915,1
31,GET,99,1
31,GET,104,1
31,GET,106,1
31,GET,108,1
31,GET,109,1
31,GET,113,2
31,GET,117,1
31,GET,119,1
31,GET,120,1
31,GET,123,1
31,GET,124,3
31,GET,125,2
31,GET,126,2
31,GET,129,1
31,GET,130,3
31,GET,131,1
31,GET,134,2
31,GET,135,1
31,GET,136,1
31,GET,137,2
31,GET,138,2
31,GET,139,1
31,GET,141,3
31,GET,144,2
31,GET,145,1
31,GET,146,1
31,GET,148,2
31,GET,149,3
31,GET,151,1
31,GET,153,1
31,GET,154,1
31,GET,156,1
31,GET,157,1
31,GET,158,1
31,GET,159,1
31,GET,160,2
31,GET,162,4
31,GET,163,1
31,GET,165,2
31,GET,166,3
31,GET,167,1
31,GET,169,2
31,GET,170,1
31,GET,171,1
31,GET,172,1
31,GET,173,2
31,GET,174,2
31,GET,175,3
31,GET,176,2
31,GET,177,2
31,GET,182,2
31,GET,183,1
31,GET,184,3
31,GET,186,1
31,GET,187,5
31,GET,188,3
31,GET,190,2
31,GET,191,2
31,GET,192,3
31,GET,193,1
31,GET,194,3
31,GET,195,1
31,GET,196,1
31,GET,197,1
31,GET,198,2
31,GET,199,1
31,GET,200,3
31,GET,201,2
31,GET,202,2
31,GET,203,2
31,GET,204,3
31,GET,205,1
31,GET,206,2
31,GET,208,1
31,GET,209,4
31,GET,210,2
31,GET,211,1
31,GET,213,2
31,GET,214,8
31,GET,215,5
31,GET,216,1
31,GET,218,3
31,GET,219,2
31,GET,220,6
31,GET,221,2
31,GET,222,6
31,GET,223,3
31,GET,224,3
31,GET,225,3
31,GET,226,1
31,GET,227,2
31,GET,228,5
31,GET,229,4
31,GET,230,3
31,GET,231,5
31,GET,232,6
31,GET,233,5
31,GET,234,2
31,GET,235,4
31,GET,237,5
31,GET,238,6
31,GET,239,2
31,GET,240,5
31,GET,241,4
31,GET,242,4
31,GET,243,6
31,GET,244,4
31,GET,245,10
31,GET,246,1
31,GET,247,4
31,GET,248,4
31,GET,249,6
31,GET,250,4
31,GET,251,2
31,GET,252,6
31,GET,253,5
31,GET,254,3
31,GET,255,4
31,GET,257,4
31,GET,259,11
31,GET,261,13
31,GET,263,9
31,GET,265,16
31,GET,267,6
31,GET,269,9
31,GET,271,13
31,GET,273,7
31,GET,275,13
31,GET,277,16
31,GET,279,11
31,GET,281,5
31,GET,283,10
31,GET,285,14
31,GET,287,11
31,GET,289,9
31,GET,291,9
31,GET,293,20
31,GET,295,10
31,GET,297,12
31,GET,299,16
31,GET,301,21
31,GET,303,21
31,GET,305,11
31,GET,307,12
31,GET,309,24
31,GET,311,19
31,GET,313,19
31,GET,315,12
31,GET,317,18
31,GET,319,20
31,GET,321,11
31,GET,323,25
31,GET,325,9
31,GET,327,12
31,GET,329,11
31,GET,331,16
31,GET,333,17
31,GET,335,11
31,GET,337,16
31,GET,339,10
31,GET,341,17
31,GET,343,14
31,GET,345,12
31,GET,347,16
31,GET,349,19
31,GET,351,17
31,GET,353,9
31,GET,355,12
31,GET,357,19
31,GET,359,8
31,GET,361,14
31,GET,363,12
31,GET,365,14
31,GET,367,18
31,GET,369,19
31,GET,371,15
31,GET,373,16
31,GET,375,11
31,GET,377,14
31,GET,379,13
31,GET,381,12
31,GET,383,18
31,GET,385,12
31,GET,387,16
31,GET,389,12
31,GET,391,15
31,GET,393,15
31,GET,395,14
31,GET,397,17
31,GET,399,12
31,GET,401,17
31,GET,403,12
31,GET,405,14
31,GET,407,14
31,GET,409,8
31,GET,411,13
31,GET,413,14
31,GET,415,16
31,GET,417,17
31,GET,419,10
31,GET,421,14
31,GET,423,10
31,GET,425,11
31,GET,427,11
31,GET,429,10
31,GET,431,11
31,GET,433,8
31,GET,435,8
31,GET,437,12
31,GET,439,17
31,GET,441,9
31,GET,443,13
31,GET,445,10
31,GET,447,11
31,GET,449,14
31,GET,451,15
31,GET,453,12
31,GET,455,9
31,GET,457,13
31,GET,459,8
31,GET,461,10
31,GET,463,11
31,GET,465,9
31,GET,467,13
31,GET,469,13
31,GET,471,17
31,GET,473,6
31,GET,475,8
31,GET,477,8
31,GET,479,12
31,GET,481,14
31,GET,483,7
31,GET,485,10
31,GET,487,9
31,GET,489,10
31,GET,491,5
31,GET,493,4
31,GET,495,5
31,GET,497,8
31,GET,499,10
31,GET,501,6
31,GET,503,5
31,GET,505,5
31,GET,507,9
31,GET,509,9
31,GET,511,7
31,GET,515,22
31,GET,519,13
31,GET,523,12
31,GET,527,12
31,GET,531,9
31,GET,535,19
31,GET,539,10
31,GET,543,6
31,GET,547,11
31,GET,551,10
31,GET,555,12
31,GET,559,8
31,GET,563,6
31,GET,567,8
31,GET,571,13
31,GET,575,8
31,GET,579,7
31,GET,583,10
31,GET,587,4
31,GET,591,5
31,GET,595,4
31,GET,599,6
31,GET,603,4
31,GET,607,7
31,GET,611,3
31,GET,615,2
31,GET,619,7
31,GET,623,4
31,GET,627,2
31,GET,631,9
31,GET,635,1
31,GET,639,1
31,GET,643,4
31,GET,647,2
31,GET,651,1
31,GET,655,4
31,GET,659,7
31,GET,663,1
31,GET,667,2
31,GET,671,3
31,GET,675,4
31,GET,679,3
31,GET,683,1
31,GET,687,2
31,GET,691,4
31,GET,695,1
31,GET,699,1
31,GET,703,3
31,GET,711,1
31,GET,715,2
31,GET,723,3
31,GET,727,2
31,GET,739,1
31,GET,743,2
31,GET,751,1
31,GET,807,1
31,GET,823,1
31,GET,855,1
31,GET,883,1
31,GET,927,1
31,GET,1071,1
31,GET,1247,1
31,GET,1575,1
31,SET,98,1
31,SET,104,1
31,SET,109,1
31,SET,147,1
31,SET,171,1
31,SET,182,1
31,SET,189,1
31,SET,209,1
31,SET,216,1
31,SET,218,1
31,SET,224,1
31,SET,228,1
31,SET,230,1
31,SET,233,1
31,SET,236,1
31,SET,242,1
31,SET,245,2
31,SET,247,1
31,SET,248,1
31,SET,252,1
31,SET,257,1
31,SET,263,1
31,SET,267,1
31,SET,269,2
31,SET,273,2
31,SET,275,1
31,SET,277,2
31,SET,281,1
31,SET,283,1
31,SET,289,2
31,SET,293,1
31,SET,297,1
31,SET,299,1
31,SET,303,1
31,SET,305,5
31,SET,311,1
31,SET,317,1
31,SET,319,1
31,SET,321,1
31,SET,323,3
31,SET,327,1
31,SET,341,1
31,SET,343,1
31,SET,345,1
31,SET,349,2
31,SET,351,1
31,SET,353,1
31,SET,355,1
31,SET,359,3
31,SET,365,2
31,SET,367,1
31,SET,369,1
31,SET,373,1
31,SET,375,1
31,SET,379,3
31,SET,383,3
31,SET,385,1
31,SET,387,2
31,SET,389,2
31,SET,393,1
31,SET,395,2
31,SET,397,1
31,SET,401,2
31,SET,407,1
31,SET,409,1
31,SET,411,1
31,SET,413,1
31,SET,415,1
31,SET,423,1
31,SET,427,1
31,SET,433,1
31,SET,435,1
31,SET,439,1
31,SET,441,4
31,SET,443,1
31,SET,447,1
31,SET,453,1
31,SET,455,2
31,SET,457,1
31,SET,463,1
31,SET,469,2
31,SET,471,3
31,SET,473,1
31,SET,479,1
31,SET,481,2
31,SET,485,2
31,SET,491,2
31,SET,495,1
31,SET,497,2
31,SET,501,1
31,SET,509,1
31,SET,519,2
31,SET,527,3
31,SET,535,2
31,SET,555,2
31,SET,563,2
31,SET,575,1
31,SET,595,1
31,SET,603,1
31,SET,627,1
31,SET,675,1
31,SET,799,1
31,SET,879,1
31,DEL,107,1
31,DEL,113,1
31,DEL,115,1
31,DEL,119,1
31,DEL,123,2
31,DEL,126,1
31,DEL,129,2
31,DEL,130,1
31,DEL,132,1
31,DEL,133,1
31,DEL,134,1
31,DEL,135,2
31,DEL,136,3
31,DEL,137,1
31,DEL,138,2
31,DEL,140,2
31,DEL,141,1
31,DEL,143,1
31,DEL,144,1
31,DEL,145,2
31,DEL,146,1
31,DEL,151,1
31,DEL,153,1
31,DEL,155,1
31,DEL,157,1
31,DEL,158,1
31,DEL,160,1
31,DEL,167,2
31,DEL,170,1
31,DEL,179,1
31,DEL,181,2
31,DEL,182,2
31,DEL,184,2
31,DEL,189,1
31,DEL,190,1
31,DEL,191,2
31,DEL,192,1
31,DEL,194,1
31,DEL,195,2
31,DEL,197,1
31,DEL,198,1
31,DEL,199,1
31,DEL,200,2
31,DEL,201,1
31,DEL,202,1
31,DEL,206,1
31,DEL,209,1
31,DEL,212,1
31,DEL,214,2
31,DEL,215,1
31,DEL,216,1
31,DEL,217,2
31,DEL,218,1
31,DEL,219,2
31,DEL,220,3
31,DEL,222,1
31,DEL,225,2
31,DEL,226,2
31,DEL,228,1
31,DEL,229,1
31,DEL,230,4
31,DEL,231,1
31,DEL,232,3
31,DEL,233,3
31,DEL,235,1
31,DEL,236,1
31,DEL,237,3
31,DEL,238,2
31,DEL,239,4
31,DEL,240,2
31,DEL,242,3
31,DEL,243,2
31,DEL,244,1
31,DEL,246,2
31,DEL,247,1
31,DEL,248,1
31,DEL,249,1
31,DEL,250,1
31,DEL,251,2
31,DEL,252,1
31,DEL,253,4
31,DEL,254,1
31,DEL,255,1
31,DEL,257,3
31,DEL,259,1
31,DEL,261,2
31,DEL,263,4
31,DEL,265,3
31,DEL,267,5
31,DEL,269,2
31,DEL,271,6
31,DEL,273,7
31,DEL,275,4
31,DEL,277,5
31,DEL,279,3
31,DEL,281,4
31,DEL,283,6
31,DEL,285,7
31,DEL,287,4
31,DEL,289,3
31,DEL,291,3
31,DEL,293,4
31,DEL,295,2
31,DEL,297,7
31,DEL,299,3
31,DEL,301,5
31,DEL,303,4
31,DEL,305,8
31,DEL,307,6
31,DEL,309,4
31,DEL,311,4
31,DEL,313,2
31,DEL,315,2
31,DEL,317,3
31,DEL,319,11
31,DEL,321,3
31,DEL,323,10
31,DEL,325,5
31,DEL,327,3
31,DEL,329,8
31,DEL,331,8
31,DEL,333,3
31,DEL,335,3
31,DEL,337,4
31,DEL,339,7
31,DEL,341,5
31,DEL,343,3
31,DEL,345,5
31,DEL,347,4
31,DEL,349,3
31,DEL,351,3
31,DEL,353,5
31,DEL,355,5
31,DEL,357,3
31,DEL,359,3
31,DEL,361,5
31,DEL,363,4
31,DEL,365,7
31,DEL,367,5
31,DEL,369,5
31,DEL,371,6
31,DEL,373,5
31,DEL,375,7
31,DEL,377,5
31,DEL,379,4
31,DEL,381,7
31,DEL,383,6
31,DEL,385,13
31,DEL,387,1
31,DEL,389,8
31,DEL,391,5
31,DEL,393,3
31,DEL,397,1
31,DEL,399,1
31,DEL,401,6
31,DEL,403,3
31,DEL,405,2
31,DEL,407,7
31,DEL,409,5
31,DEL,411,5
31,DEL,413,8
31,DEL,415,4
31,DEL,417,4
31,DEL,419,10
31,DEL,421,5
31,DEL,423,4
31,DEL,425,5
31,DEL,427,6
31,DEL,429,3
31,DEL,431,4
31,DEL,433,5
31,DEL,435,6
31,DEL,437,3
31,DEL,439,6
31,DEL,441,4
31,DEL,443,4
31,DEL,445,9
31,DEL,447,3
31,DEL,449,4
31,DEL,451,2
31,DEL,453,6
31,DEL,455,4
31,DEL,457,6
31,DEL,459,4
31,DEL,461,4
31,DEL,463,4
31,DEL,465,4
31,DEL,469,3
31,DEL,471,3
31,DEL,473,5
31,DEL,475,2
31,DEL,477,4
31,DEL,479,2
31,DEL,481,4
31,DEL,483,3
31,DEL,485,1
31,DEL,487,1
31,DEL,489,3
31,DEL,491,3
31,DEL,493,3
31,DEL,495,5
31,DEL,497,4
31,DEL,499,1
31,DEL,501,4
31,DEL,503,4
31,DEL,505,3
31,DEL,507,3
31,DEL,509,2
31,DEL,511,2
31,DEL,515,3
31,DEL,519,2
31,DEL,523,3
31,DEL,527,6
31,DEL,531,6
31,DEL,535,4
31,DEL,539,4
31,DEL,543,5
31,DEL,547,3
31,DEL,551,5
31,DEL,555,3
31,DEL,563,4
31,DEL,567,2
31,DEL,571,1
31,DEL,579,2
31,DEL,583,2
31,DEL,587,3
31,DEL,591,1
31,DEL,595,2
31,DEL,599,2
31,DEL,603,1
31,DEL,607,2
31,DEL,615,1
31,DEL,619,2
31,DEL,623,4
31,DEL,627,5
31,DEL,631,2
31,DEL,635,1
31,DEL,639,1
31,DEL,647,2
31,DEL,651,1
31,DEL,655,1
31,DEL,667,1
31,DEL,675,2
31,DEL,683,2
31,DEL,687,1
31,DEL,695,2
31,DEL,707,2
31,DEL,715,1
31,DEL,723,1
31,DEL,735,1
31,DEL,771,1
31,DEL,831,1
31,DEL,867,1
