# Args: ["/opt/benchmarker/benchmark", "-a", "34.51.237.100,34.51.140.188,34.51.177.123,34.51.206.35", "--port", "7000", "-c", "etc", "-r", "20000000", "-t", "32", "--cluster", "-o", "valkey_four_nodes"]
thread,cmd,latency,count
0,GET,74,1
0,GET,75,7
0,GET,76,8
0,GET,77,24
0,GET,78,34
0,GET,79,61
0,GET,80,82
0,GET,81,108
0,GET,82,183
0,GET,83,208
0,GET,84,259
0,GET,85,322
0,GET,86,392
0,GET,87,512
0,GET,88,597
0,GET,89,753
0,GET,90,821
0,GET,91,975
0,GET,92,1007
0,GET,93,1201
0,GET,94,1390
0,GET,95,1446
0,GET,96,1673
0,GET,97,1810
0,GET,98,2080
0,GET,99,2244
0,GET,100,2413
0,GET,101,2623
0,GET,102,2776
0,GET,103,3063
0,GET,104,3266
0,GET,105,3434
0,GET,106,3577
0,GET,107,3639
0,GET,108,3862
0,GET,109,3945
0,GET,110,4265
0,GET,111,4328
0,GET,112,4429
0,GET,113,4534
0,GET,114,4856
0,GET,115,5083
0,GET,116,5094
0,GET,117,5320
0,GET,118,5298
0,GET,119,5556
0,GET,120,5754
0,GET,121,5687
0,GET,122,5823
0,GET,123,5868
0,GET,124,6063
0,GET,125,6124
0,GET,126,6022
0,GET,127,6172
0,GET,128,6167
0,GET,129,6162
0,GET,130,6110
0,GET,131,6122
0,GET,132,6388
0,GET,133,6151
0,GET,134,6221
0,GET,135,6113
0,GET,136,6049
0,GET,137,6311
0,GET,138,6265
0,GET,139,6152
0,GET,140,6159
0,GET,141,5941
0,GET,142,5982
0,GET,143,5992
0,GET,144,5739
0,GET,145,5789
0,GET,146,5499
0,GET,147,5502
0,GET,148,5431
0,GET,149,5388
0,GET,150,5305
0,GET,151,5062
0,GET,152,4909
0,GET,153,4915
0,GET,154,4792
0,GET,155,4557
0,GET,156,4690
0,GET,157,4492
0,GET,158,4365
0,GET,159,4252
0,GET,160,4086
0,GET,161,4062
0,GET,162,3839
0,GET,163,3811
0,GET,164,3698
0,GET,165,3569
0,GET,166,3390
0,GET,167,3378
0,GET,168,3301
0,GET,169,3018
0,GET,170,3113
0,GET,171,2850
0,GET,172,2746
0,GET,173,2633
0,GET,174,2673
0,GET,175,2473
0,GET,176,2469
0,GET,177,2321
0,GET,178,2299
0,GET,179,2159
0,GET,180,2103
0,GET,181,2045
0,GET,182,1940
0,GET,183,1917
0,GET,184,1813
0,GET,185,1743
0,GET,186,1632
0,GET,187,1638
0,GET,188,1501
0,GET,189,1371
0,GET,190,1372
0,GET,191,1323
0,GET,192,1264
0,GET,193,1198
0,GET,194,1205
0,GET,195,1130
0,GET,196,1011
0,GET,197,1007
0,GET,198,928
0,GET,199,949
0,GET,200,915
0,GET,201,813
0,GET,202,797
0,GET,203,798
0,GET,204,756
0,GET,205,701
0,GET,206,684
0,GET,207,585
0,GET,208,663
0,GET,209,544
0,GET,210,543
0,GET,211,559
0,GET,212,516
0,GET,213,461
0,GET,214,471
0,GET,215,423
0,GET,216,408
0,GET,217,400
0,GET,218,346
0,GET,219,321
0,GET,220,339
0,GET,221,308
0,GET,222,290
0,GET,223,286
0,GET,224,240
0,GET,225,281
0,GET,226,264
0,GET,227,259
0,GET,228,224
0,GET,229,253
0,GET,230,210
0,GET,231,194
0,GET,232,206
0,GET,233,177
0,GET,234,173
0,GET,235,151
0,GET,236,174
0,GET,237,146
0,GET,238,136
0,GET,239,115
0,GET,240,143
0,GET,241,103
0,GET,242,120
0,GET,243,110
0,GET,244,105
0,GET,245,113
0,GET,246,80
0,GET,247,104
0,GET,248,90
0,GET,249,93
0,GET,250,78
0,GET,251,82
0,GET,252,73
0,GET,253,83
0,GET,254,63
0,GET,255,46
0,GET,257,108
0,GET,259,114
0,GET,261,84
0,GET,263,79
0,GET,265,82
0,GET,267,80
0,GET,269,69
0,GET,271,75
0,GET,273,64
0,GET,275,61
0,GET,277,70
0,GET,279,51
0,GET,281,51
0,GET,283,50
0,GET,285,49
0,GET,287,53
0,GET,289,45
0,GET,291,31
0,GET,293,44
0,GET,295,29
0,GET,297,33
0,GET,299,28
0,GET,301,28
0,GET,303,37
0,GET,305,30
0,GET,307,21
0,GET,309,34
0,GET,311,23
0,GET,313,16
0,GET,315,30
0,GET,317,14
0,GET,319,16
0,GET,321,21
0,GET,323,19
0,GET,325,15
0,GET,327,20
0,GET,329,15
0,GET,331,19
0,GET,333,14
0,GET,335,14
0,GET,337,16
0,GET,339,23
0,GET,341,22
0,GET,343,16
0,GET,345,16
0,GET,347,14
0,GET,349,12
0,GET,351,13
0,GET,353,14
0,GET,355,10
0,GET,357,20
0,GET,359,8
0,GET,361,12
0,GET,363,12
0,GET,365,9
0,GET,367,11
0,GET,369,8
0,GET,371,16
0,GET,373,10
0,GET,375,14
0,GET,377,5
0,GET,379,10
0,GET,381,10
0,GET,383,15
0,GET,385,10
0,GET,387,9
0,GET,389,11
0,GET,391,8
0,GET,393,11
0,GET,395,9
0,GET,397,14
0,GET,399,6
0,GET,401,5
0,GET,403,4
0,GET,405,6
0,GET,407,3
0,GET,409,5
0,GET,411,2
0,GET,413,4
0,GET,415,9
0,GET,417,11
0,GET,419,4
0,GET,421,7
0,GET,425,5
0,GET,427,9
0,GET,429,7
0,GET,431,5
0,GET,433,6
0,GET,435,3
0,GET,437,6
0,GET,439,3
0,GET,441,4
0,GET,443,6
0,GET,445,1
0,GET,447,2
0,GET,449,4
0,GET,451,3
0,GET,453,2
0,GET,455,2
0,GET,457,7
0,GET,459,5
0,GET,461,1
0,GET,463,5
0,GET,465,6
0,GET,467,1
0,GET,469,2
0,GET,471,2
0,GET,473,1
0,GET,475,4
0,GET,477,3
0,GET,479,6
0,GET,481,1
0,GET,483,5
0,GET,485,4
0,GET,487,1
0,GET,489,3
0,GET,491,1
0,GET,493,3
0,GET,495,4
0,GET,497,6
0,GET,499,1
0,GET,501,2
0,GET,503,2
0,GET,505,3
0,GET,507,2
0,GET,509,3
0,GET,511,2
0,GET,515,10
0,GET,519,4
0,GET,523,2
0,GET,527,4
0,GET,531,4
0,GET,535,3
0,GET,539,8
0,GET,543,3
0,GET,547,3
0,GET,551,2
0,GET,555,4
0,GET,559,2
0,GET,563,4
0,GET,567,1
0,GET,571,1
0,GET,575,6
0,GET,579,3
0,GET,583,3
0,GET,587,3
0,GET,591,5
0,GET,595,4
0,GET,599,4
0,GET,603,4
0,GET,607,1
0,GET,611,6
0,GET,615,4
0,GET,619,1
0,GET,623,3
0,GET,627,1
0,GET,631,4
0,GET,635,3
0,GET,639,5
0,GET,643,1
0,GET,647,4
0,GET,651,2
0,GET,655,3
0,GET,659,3
0,GET,663,5
0,GET,667,2
0,GET,671,5
0,GET,675,3
0,GET,683,2
0,GET,687,1
0,GET,695,1
0,GET,699,2
0,GET,703,1
0,GET,707,3
0,GET,711,2
0,GET,715,3
0,GET,719,2
0,GET,723,1
0,GET,727,1
0,GET,731,1
0,GET,735,1
0,GET,739,3
0,GET,743,1
0,GET,747,1
0,GET,751,3
0,GET,755,2
0,GET,759,2
0,GET,767,4
0,GET,771,4
0,GET,783,1
0,GET,787,1
0,GET,791,2
0,GET,795,1
0,GET,799,2
0,GET,803,1
0,GET,807,1
0,GET,811,1
0,GET,823,3
0,GET,831,1
0,GET,863,1
0,GET,875,1
0,GET,879,1
0,GET,887,2
0,GET,891,1
0,GET,895,1
0,GET,899,1
0,GET,903,1
0,GET,915,2
0,GET,927,2
0,GET,943,1
0,GET,947,1
0,GET,959,2
0,GET,967,1
0,GET,971,1
0,GET,979,1
0,GET,991,1
0,GET,1023,2
0,GET,1031,1
0,GET,1047,2
0,GET,1087,2
0,GET,1095,1
0,GET,1119,1
0,GET,1127,1
0,GET,1159,1
0,GET,1175,1
0,GET,1191,1
0,GET,1207,1
0,GET,1215,3
0,GET,1231,2
0,GET,1247,1
0,GET,1255,1
0,GET,1279,1
0,GET,1287,1
0,GET,1319,2
0,GET,1343,1
0,GET,1351,1
0,GET,1359,2
0,GET,1367,1
0,GET,1375,1
0,GET,1383,1
0,GET,1391,1
0,GET,1415,1
0,GET,1431,2
0,GET,1447,1
0,GET,1455,1
0,GET,1463,1
0,GET,1487,2
0,GET,1495,2
0,GET,1511,1
0,GET,1519,2
0,GET,1551,1
0,GET,1559,2
0,GET,1575,1
0,GET,1583,1
0,GET,1591,3
0,GET,1599,2
0,GET,1607,1
0,GET,1639,1
0,GET,1647,1
0,GET,1703,1
0,GET,1751,1
0,GET,1759,1
0,GET,1783,2
0,GET,1791,1
0,GET,1815,1
0,GET,1823,1
0,GET,1831,1
0,GET,1839,1
0,GET,1855,1
0,GET,1863,1
0,GET,1871,1
0,GET,1911,1
0,GET,1919,1
0,GET,1967,1
0,GET,1975,2
0,GET,1999,1
0,GET,2023,1
0,GET,2031,1
0,GET,2063,1
0,GET,2175,3
0,GET,2191,1
0,GET,2223,1
0,GET,2287,1
0,GET,2303,1
0,GET,2511,1
0,GET,2543,1
0,GET,2751,1
0,GET,3055,1
0,GET,3071,1
0,GET,3103,1
0,GET,3135,1
0,GET,3311,1
0,GET,3327,1
0,GET,3775,1
0,GET,3807,1
0,GET,3823,1
0,GET,3871,1
0,GET,4959,1
0,GET,6047,1
0,GET,7583,1
0,DEL,76,4
0,DEL,77,3
0,DEL,78,4
0,DEL,79,15
0,DEL,80,23
0,DEL,81,26
0,DEL,82,52
0,DEL,83,56
0,DEL,84,78
0,DEL,85,108
0,DEL,86,137
0,DEL,87,148
0,DEL,88,157
0,DEL,89,216
0,DEL,90,252
0,DEL,91,314
0,DEL,92,333
0,DEL,93,381
0,DEL,94,480
0,DEL,95,487
0,DEL,96,530
0,DEL,97,626
0,DEL,98,689
0,DEL,99,795
0,DEL,100,809
0,DEL,101,873
0,DEL,102,1016
0,DEL,103,1042
0,DEL,104,1109
0,DEL,105,1161
0,DEL,106,1187
0,DEL,107,1283
0,DEL,108,1294
0,DEL,109,1366
0,DEL,110,1542
0,DEL,111,1468
0,DEL,112,1515
0,DEL,113,1615
0,DEL,114,1745
0,DEL,115,1758
0,DEL,116,1763
0,DEL,117,1883
0,DEL,118,1893
0,DEL,119,1869
0,DEL,120,1996
0,DEL,121,2030
0,DEL,122,2020
0,DEL,123,2078
0,DEL,124,2165
0,DEL,125,2147
0,DEL,126,2162
0,DEL,127,2196
0,DEL,128,2204
0,DEL,129,2198
0,DEL,130,2175
0,DEL,131,2235
0,DEL,132,2246
0,DEL,133,2183
0,DEL,134,2174
0,DEL,135,2091
0,DEL,136,2252
0,DEL,137,2237
0,DEL,138,2191
0,DEL,139,2218
0,DEL,140,2192
0,DEL,141,2154
0,DEL,142,2124
0,DEL,143,2071
0,DEL,144,2134
0,DEL,145,2046
0,DEL,146,2097
0,DEL,147,2043
0,DEL,148,1921
0,DEL,149,1980
0,DEL,150,1949
0,DEL,151,1915
0,DEL,152,1846
0,DEL,153,1708
0,DEL,154,1692
0,DEL,155,1717
0,DEL,156,1696
0,DEL,157,1668
0,DEL,158,1644
0,DEL,159,1519
0,DEL,160,1511
0,DEL,161,1462
0,DEL,162,1342
0,DEL,163,1420
0,DEL,164,1294
0,DEL,165,1234
0,DEL,166,1197
0,DEL,167,1241
0,DEL,168,1167
0,DEL,169,1136
0,DEL,170,1077
0,DEL,171,1053
0,DEL,172,1043
0,DEL,173,959
0,DEL,174,979
0,DEL,175,878
0,DEL,176,911
0,DEL,177,859
0,DEL,178,825
0,DEL,179,790
0,DEL,180,771
0,DEL,181,775
0,DEL,182,709
0,DEL,183,707
0,DEL,184,681
0,DEL,185,580
0,DEL,186,634
0,DEL,187,567
0,DEL,188,567
0,DEL,189,521
0,DEL,190,538
0,DEL,191,491
0,DEL,192,459
0,DEL,193,467
0,DEL,194,431
0,DEL,195,418
0,DEL,196,369
0,DEL,197,385
0,DEL,198,367
0,DEL,199,332
0,DEL,200,304
0,DEL,201,303
0,DEL,202,314
0,DEL,203,301
0,DEL,204,282
0,DEL,205,286
0,DEL,206,234
0,DEL,207,220
0,DEL,208,221
0,DEL,209,205
0,DEL,210,211
0,DEL,211,189
0,DEL,212,191
0,DEL,213,178
0,DEL,214,180
0,DEL,215,151
0,DEL,216,145
0,DEL,217,158
0,DEL,218,154
0,DEL,219,151
0,DEL,220,148
0,DEL,221,115
0,DEL,222,116
0,DEL,223,98
0,DEL,224,111
0,DEL,225,113
0,DEL,226,94
0,DEL,227,84
0,DEL,228,88
0,DEL,229,86
0,DEL,230,67
0,DEL,231,67
0,DEL,232,75
0,DEL,233,60
0,DEL,234,69
0,DEL,235,61
0,DEL,236,60
0,DEL,237,51
0,DEL,238,51
0,DEL,239,56
0,DEL,240,50
0,DEL,241,40
0,DEL,242,45
0,DEL,243,44
0,DEL,244,42
0,DEL,245,42
0,DEL,246,38
0,DEL,247,30
0,DEL,248,32
0,DEL,249,39
0,DEL,250,41
0,DEL,251,40
0,DEL,252,36
0,DEL,253,33
0,DEL,254,18
0,DEL,255,23
0,DEL,257,50
0,DEL,259,44
0,DEL,261,42
0,DEL,263,27
0,DEL,265,39
0,DEL,267,33
0,DEL,269,18
0,DEL,271,28
0,DEL,273,24
0,DEL,275,28
0,DEL,277,29
0,DEL,279,17
0,DEL,281,20
0,DEL,283,11
0,DEL,285,11
0,DEL,287,13
0,DEL,289,14
0,DEL,291,12
0,DEL,293,12
0,DEL,295,17
0,DEL,297,14
0,DEL,299,8
0,DEL,301,10
0,DEL,303,15
0,DEL,305,4
0,DEL,307,11
0,DEL,309,9
0,DEL,311,6
0,DEL,313,8
0,DEL,315,8
0,DEL,317,3
0,DEL,319,4
0,DEL,321,8
0,DEL,323,8
0,DEL,325,6
0,DEL,327,5
0,DEL,329,5
0,DEL,331,5
0,DEL,333,9
0,DEL,335,14
0,DEL,337,3
0,DEL,339,9
0,DEL,341,2
0,DEL,343,10
0,DEL,345,7
0,DEL,347,5
0,DEL,349,4
0,DEL,351,7
0,DEL,353,10
0,DEL,355,3
0,DEL,357,8
0,DEL,359,2
0,DEL,361,5
0,DEL,363,5
0,DEL,365,7
0,DEL,367,6
0,DEL,369,1
0,DEL,371,5
0,DEL,373,1
0,DEL,375,1
0,DEL,377,3
0,DEL,379,4
0,DEL,381,1
0,DEL,383,4
0,DEL,385,6
0,DEL,387,2
0,DEL,391,4
0,DEL,393,6
0,DEL,395,1
0,DEL,397,4
0,DEL,399,1
0,DEL,401,3
0,DEL,403,3
0,DEL,405,3
0,DEL,407,3
0,DEL,409,2
0,DEL,411,2
0,DEL,413,3
0,DEL,415,2
0,DEL,417,1
0,DEL,419,3
0,DEL,421,1
0,DEL,423,4
0,DEL,425,2
0,DEL,429,1
0,DEL,431,1
0,DEL,433,2
0,DEL,435,1
0,DEL,437,1
0,DEL,439,1
0,DEL,441,1
0,DEL,445,4
0,DEL,449,2
0,DEL,451,1
0,DEL,453,1
0,DEL,455,1
0,DEL,457,2
0,DEL,461,1
0,DEL,463,2
0,DEL,465,5
0,DEL,467,2
0,DEL,473,1
0,DEL,481,1
0,DEL,483,1
0,DEL,487,1
0,DEL,489,1
0,DEL,491,1
0,DEL,495,2
0,DEL,497,3
0,DEL,503,1
0,DEL,505,1
0,DEL,507,2
0,DEL,515,1
0,DEL,519,2
0,DEL,523,1
0,DEL,527,1
0,DEL,531,2
0,DEL,535,1
0,DEL,539,1
0,DEL,543,2
0,DEL,547,3
0,DEL,551,2
0,DEL,555,1
0,DEL,559,3
0,DEL,563,4
0,DEL,567,1
0,DEL,571,1
0,DEL,575,1
0,DEL,579,2
0,DEL,583,3
0,DEL,587,1
0,DEL,591,1
0,DEL,595,1
0,DEL,603,2
0,DEL,607,4
0,DEL,611,1
0,DEL,615,1
0,DEL,619,2
0,DEL,623,2
0,DEL,627,2
0,DEL,643,1
0,DEL,655,2
0,DEL,659,3
0,DEL,663,1
0,DEL,667,1
0,DEL,671,1
0,DEL,675,1
0,DEL,679,1
0,DEL,683,2
0,DEL,687,3
0,DEL,707,2
0,DEL,743,1
0,DEL,751,2
0,DEL,755,2
0,DEL,771,1
0,DEL,795,1
0,DEL,803,1
0,DEL,807,2
0,DEL,811,1
0,DEL,887,1
0,DEL,891,1
0,DEL,923,1
0,DEL,931,1
0,DEL,939,1
0,DEL,963,1
0,DEL,979,1
0,DEL,995,1
0,DEL,1063,1
0,DEL,1079,1
0,DEL,1095,1
0,DEL,1127,1
0,DEL,1167,1
0,DEL,1199,1
0,DEL,1319,2
0,DEL,1327,1
0,DEL,1343,1
0,DEL,1399,1
0,DEL,1439,1
0,DEL,1447,1
0,DEL,1455,2
0,DEL,1479,1
0,DEL,1487,1
0,DEL,1527,1
0,DEL,1575,1
0,DEL,1623,1
0,DEL,1631,1
0,DEL,1671,1
0,DEL,1799,1
0,DEL,1823,2
0,DEL,1831,1
0,DEL,1863,1
0,DEL,1951,1
0,DEL,2191,1
0,DEL,2207,1
0,DEL,2319,1
0,DEL,2431,1
0,DEL,2479,1
0,DEL,2719,1
0,DEL,3295,1
0,DEL,3359,1
0,DEL,4255,1
0,SET,77,1
0,SET,78,1
0,SET,79,5
0,SET,80,1
0,SET,81,1
0,SET,82,4
0,SET,83,9
0,SET,84,8
0,SET,85,7
0,SET,86,8
0,SET,87,11
0,SET,88,17
0,SET,89,30
0,SET,90,43
0,SET,91,31
0,SET,92,43
0,SET,93,55
0,SET,94,48
0,SET,95,61
0,SET,96,74
0,SET,97,82
0,SET,98,101
0,SET,99,85
0,SET,100,131
0,SET,101,120
0,SET,102,127
0,SET,103,142
0,SET,104,185
0,SET,105,162
0,SET,106,202
0,SET,107,211
0,SET,108,244
0,SET,109,243
0,SET,110,266
0,SET,111,250
0,SET,112,284
0,SET,113,286
0,SET,114,299
0,SET,115,304
0,SET,116,305
0,SET,117,336
0,SET,118,332
0,SET,119,372
0,SET,120,363
0,SET,121,406
0,SET,122,388
0,SET,123,395
0,SET,124,397
0,SET,125,407
0,SET,126,378
0,SET,127,413
0,SET,128,420
0,SET,129,403
0,SET,130,419
0,SET,131,394
0,SET,132,439
0,SET,133,407
0,SET,134,422
0,SET,135,442
0,SET,136,462
0,SET,137,430
0,SET,138,415
0,SET,139,436
0,SET,140,468
0,SET,141,452
0,SET,142,433
0,SET,143,447
0,SET,144,414
0,SET,145,463
0,SET,146,431
0,SET,147,446
0,SET,148,402
0,SET,149,416
0,SET,150,398
0,SET,151,402
0,SET,152,364
0,SET,153,391
0,SET,154,402
0,SET,155,390
0,SET,156,374
0,SET,157,391
0,SET,158,344
0,SET,159,324
0,SET,160,349
0,SET,161,291
0,SET,162,296
0,SET,163,313
0,SET,164,292
0,SET,165,288
0,SET,166,298
0,SET,167,296
0,SET,168,276
0,SET,169,262
0,SET,170,273
0,SET,171,228
0,SET,172,256
0,SET,173,210
0,SET,174,241
0,SET,175,214
0,SET,176,217
0,SET,177,187
0,SET,178,173
0,SET,179,165
0,SET,180,172
0,SET,181,177
0,SET,182,157
0,SET,183,146
0,SET,184,170
0,SET,185,162
0,SET,186,141
0,SET,187,169
0,SET,188,142
0,SET,189,111
0,SET,190,122
0,SET,191,133
0,SET,192,117
0,SET,193,129
0,SET,194,107
0,SET,195,105
0,SET,196,98
0,SET,197,85
0,SET,198,83
0,SET,199,86
0,SET,200,82
0,SET,201,82
0,SET,202,66
0,SET,203,81
0,SET,204,51
0,SET,205,74
0,SET,206,51
0,SET,207,58
0,SET,208,53
0,SET,209,51
0,SET,210,58
0,SET,211,67
0,SET,212,58
0,SET,213,35
0,SET,214,41
0,SET,215,39
0,SET,216,33
0,SET,217,41
0,SET,218,43
0,SET,219,25
0,SET,220,28
0,SET,221,20
0,SET,222,23
0,SET,223,34
0,SET,224,18
0,SET,225,23
0,SET,226,24
0,SET,227,22
0,SET,228,21
0,SET,229,19
0,SET,230,21
0,SET,231,19
0,SET,232,10
0,SET,233,15
0,SET,234,17
0,SET,235,16
0,SET,236,15
0,SET,237,15
0,SET,238,14
0,SET,239,18
0,SET,240,17
0,SET,241,11
0,SET,242,9
0,SET,243,16
0,SET,244,11
0,SET,245,11
0,SET,246,10
0,SET,247,9
0,SET,248,8
0,SET,249,13
0,SET,250,8
0,SET,251,6
0,SET,252,8
0,SET,253,8
0,SET,254,9
0,SET,255,3
0,SET,257,9
0,SET,259,12
0,SET,261,3
0,SET,263,11
0,SET,265,8
0,SET,267,7
0,SET,269,6
0,SET,271,5
0,SET,273,2
0,SET,275,4
0,SET,277,1
0,SET,279,6
0,SET,281,4
0,SET,283,4
0,SET,285,5
0,SET,287,3
0,SET,289,2
0,SET,291,2
0,SET,293,5
0,SET,295,6
0,SET,297,4
0,SET,299,4
0,SET,301,5
0,SET,303,4
0,SET,305,5
0,SET,307,3
0,SET,309,1
0,SET,315,1
0,SET,317,1
0,SET,319,1
0,SET,321,3
0,SET,323,2
0,SET,325,3
0,SET,327,1
0,SET,329,2
0,SET,331,5
0,SET,333,1
0,SET,335,1
0,SET,337,1
0,SET,343,1
0,SET,345,1
0,SET,347,1
0,SET,349,2
0,SET,351,2
0,SET,363,1
0,SET,367,2
0,SET,371,3
0,SET,373,3
0,SET,379,1
0,SET,391,1
0,SET,399,1
0,SET,407,2
0,SET,409,1
0,SET,417,1
0,SET,427,1
0,SET,439,1
0,SET,443,1
0,SET,457,1
0,SET,459,1
0,SET,483,1
0,SET,505,1
0,SET,507,1
0,SET,523,2
0,SET,543,1
0,SET,587,1
0,SET,591,1
0,SET,595,1
0,SET,615,1
0,SET,631,1
0,SET,655,1
0,SET,675,1
0,SET,695,1
0,SET,727,2
0,SET,739,1
0,SET,1015,1
0,SET,1191,2
0,SET,1255,1
0,SET,1287,1
0,SET,1335,1
0,SET,1351,1
0,SET,1399,1
0,SET,1415,1
0,SET,1623,1
0,SET,1631,1
0,SET,1647,1
0,SET,1727,1
0,SET,1951,1
0,SET,2959,1
1,DEL,75,1
1,DEL,77,4
1,DEL,78,11
1,DEL,79,14
1,DEL,80,25
1,DEL,81,36
1,DEL,82,45
1,DEL,83,83
1,DEL,84,109
1,DEL,85,127
1,DEL,86,151
1,DEL,87,193
1,DEL,88,214
1,DEL,89,268
1,DEL,90,299
1,DEL,91,347
1,DEL,92,422
1,DEL,93,447
1,DEL,94,538
1,DEL,95,551
1,DEL,96,596
1,DEL,97,713
1,DEL,98,770
1,DEL,99,792
1,DEL,100,898
1,DEL,101,1059
1,DEL,102,1100
1,DEL,103,1136
1,DEL,104,1220
1,DEL,105,1288
1,DEL,106,1289
1,DEL,107,1403
1,DEL,108,1366
1,DEL,109,1538
1,DEL,110,1646
1,DEL,111,1617
1,DEL,112,1686
1,DEL,113,1715
1,DEL,114,1763
1,DEL,115,1819
1,DEL,116,1927
1,DEL,117,1942
1,DEL,118,1990
1,DEL,119,2156
1,DEL,120,2117
1,DEL,121,2152
1,DEL,122,2208
1,DEL,123,2259
1,DEL,124,2223
1,DEL,125,2162
1,DEL,126,2170
1,DEL,127,2216
1,DEL,128,2186
1,DEL,129,2191
1,DEL,130,2252
1,DEL,131,2214
1,DEL,132,2265
1,DEL,133,2271
1,DEL,134,2206
1,DEL,135,2201
1,DEL,136,2289
1,DEL,137,2217
1,DEL,138,2160
1,DEL,139,2174
1,DEL,140,2211
1,DEL,141,2133
1,DEL,142,2066
1,DEL,143,2166
1,DEL,144,2015
1,DEL,145,2041
1,DEL,146,2069
1,DEL,147,1976
1,DEL,148,1918
1,DEL,149,2001
1,DEL,150,1914
1,DEL,151,1867
1,DEL,152,1774
1,DEL,153,1767
1,DEL,154,1683
1,DEL,155,1627
1,DEL,156,1560
1,DEL,157,1573
1,DEL,158,1556
1,DEL,159,1476
1,DEL,160,1422
1,DEL,161,1396
1,DEL,162,1285
1,DEL,163,1282
1,DEL,164,1276
1,DEL,165,1226
1,DEL,166,1236
1,DEL,167,1123
1,DEL,168,1098
1,DEL,169,1000
1,DEL,170,1063
1,DEL,171,954
1,DEL,172,944
1,DEL,173,880
1,DEL,174,867
1,DEL,175,824
1,DEL,176,859
1,DEL,177,780
1,DEL,178,776
1,DEL,179,753
1,DEL,180,714
1,DEL,181,659
1,DEL,182,626
1,DEL,183,615
1,DEL,184,614
1,DEL,185,538
1,DEL,186,568
1,DEL,187,468
1,DEL,188,512
1,DEL,189,410
1,DEL,190,456
1,DEL,191,417
1,DEL,192,436
1,DEL,193,409
1,DEL,194,364
1,DEL,195,341
1,DEL,196,358
1,DEL,197,330
1,DEL,198,327
1,DEL,199,293
1,DEL,200,270
1,DEL,201,251
1,DEL,202,257
1,DEL,203,227
1,DEL,204,245
1,DEL,205,207
1,DEL,206,224
1,DEL,207,223
1,DEL,208,209
1,DEL,209,179
1,DEL,210,177
1,DEL,211,152
1,DEL,212,133
1,DEL,213,125
1,DEL,214,141
1,DEL,215,113
1,DEL,216,140
1,DEL,217,124
1,DEL,218,118
1,DEL,219,120
1,DEL,220,96
1,DEL,221,117
1,DEL,222,96
1,DEL,223,93
1,DEL,224,78
1,DEL,225,88
1,DEL,226,64
1,DEL,227,75
1,DEL,228,73
1,DEL,229,46
1,DEL,230,57
1,DEL,231,64
1,DEL,232,58
1,DEL,233,59
1,DEL,234,57
1,DEL,235,57
1,DEL,236,43
1,DEL,237,55
1,DEL,238,34
1,DEL,239,42
1,DEL,240,36
1,DEL,241,42
1,DEL,242,36
1,DEL,243,36
1,DEL,244,24
1,DEL,245,28
1,DEL,246,30
1,DEL,247,13
1,DEL,248,33
1,DEL,249,27
1,DEL,250,30
1,DEL,251,32
1,DEL,252,22
1,DEL,253,12
1,DEL,254,34
1,DEL,255,19
1,DEL,257,38
1,DEL,259,32
1,DEL,261,33
1,DEL,263,30
1,DEL,265,20
1,DEL,267,33
1,DEL,269,15
1,DEL,271,19
1,DEL,273,16
1,DEL,275,23
1,DEL,277,19
1,DEL,279,16
1,DEL,281,12
1,DEL,283,15
1,DEL,285,14
1,DEL,287,19
1,DEL,289,13
1,DEL,291,20
1,DEL,293,12
1,DEL,295,13
1,DEL,297,12
1,DEL,299,11
1,DEL,301,9
1,DEL,303,9
1,DEL,305,13
1,DEL,307,4
1,DEL,309,11
1,DEL,311,15
1,DEL,313,10
1,DEL,315,6
1,DEL,317,6
1,DEL,319,4
1,DEL,321,12
1,DEL,323,11
1,DEL,325,6
1,DEL,327,7
1,DEL,329,4
1,DEL,331,6
1,DEL,333,8
1,DEL,335,4
1,DEL,337,7
1,DEL,339,5
1,DEL,341,3
1,DEL,343,8
1,DEL,345,8
1,DEL,347,4
1,DEL,349,7
1,DEL,351,7
1,DEL,353,7
1,DEL,355,4
1,DEL,357,5
1,DEL,359,8
1,DEL,361,8
1,DEL,363,3
1,DEL,365,3
1,DEL,367,8
1,DEL,369,7
1,DEL,371,3
1,DEL,373,2
1,DEL,375,2
1,DEL,379,4
1,DEL,381,1
1,DEL,383,2
1,DEL,385,6
1,DEL,387,3
1,DEL,389,1
1,DEL,391,5
1,DEL,393,1
1,DEL,395,3
1,DEL,397,2
1,DEL,399,3
1,DEL,401,2
1,DEL,403,3
1,DEL,405,2
1,DEL,407,4
1,DEL,409,1
1,DEL,411,1
1,DEL,413,1
1,DEL,415,3
1,DEL,417,2
1,DEL,421,3
1,DEL,423,1
1,DEL,425,3
1,DEL,427,2
1,DEL,429,3
1,DEL,431,2
1,DEL,433,1
1,DEL,435,1
1,DEL,439,2
1,DEL,441,1
1,DEL,443,1
1,DEL,453,1
1,DEL,457,2
1,DEL,459,1
1,DEL,461,2
1,DEL,463,4
1,DEL,465,1
1,DEL,469,1
1,DEL,471,1
1,DEL,473,2
1,DEL,483,2
1,DEL,485,1
1,DEL,487,1
1,DEL,497,1
1,DEL,501,1
1,DEL,503,1
1,DEL,507,1
1,DEL,509,1
1,DEL,519,1
1,DEL,527,2
1,DEL,535,1
1,DEL,539,1
1,DEL,543,1
1,DEL,551,2
1,DEL,555,1
1,DEL,559,1
1,DEL,563,1
1,DEL,567,1
1,DEL,571,1
1,DEL,579,1
1,DEL,583,3
1,DEL,587,1
1,DEL,595,1
1,DEL,603,1
1,DEL,607,1
1,DEL,619,1
1,DEL,623,1
1,DEL,627,1
1,DEL,639,2
1,DEL,643,2
1,DEL,651,1
1,DEL,671,1
1,DEL,675,1
1,DEL,687,1
1,DEL,691,1
1,DEL,699,2
1,DEL,711,4
1,DEL,715,1
1,DEL,723,1
1,DEL,739,1
1,DEL,751,1
1,DEL,763,1
1,DEL,767,1
1,DEL,775,2
1,DEL,779,1
1,DEL,803,1
1,DEL,811,1
1,DEL,823,1
1,DEL,843,2
1,DEL,851,1
1,DEL,859,1
1,DEL,863,1
1,DEL,883,1
1,DEL,887,1
1,DEL,891,1
1,DEL,907,1
1,DEL,923,1
1,DEL,987,1
1,DEL,1019,1
1,DEL,1023,1
1,DEL,1047,2
1,DEL,1079,1
1,DEL,1127,1
1,DEL,1159,1
1,DEL,1223,1
1,DEL,1239,1
1,DEL,1287,1
1,DEL,1311,1
1,DEL,1327,1
1,DEL,1367,1
1,DEL,1423,1
1,DEL,1455,1
1,DEL,1487,1
1,DEL,1511,1
1,DEL,1535,1
1,DEL,1567,1
1,DEL,1647,1
1,DEL,1687,1
1,DEL,1751,1
1,DEL,1783,1
1,DEL,1791,1
1,DEL,1799,1
1,DEL,1879,1
1,DEL,1983,1
1,DEL,2079,1
1,DEL,2127,1
1,DEL,2303,1
1,DEL,2367,1
1,DEL,3087,1
1,DEL,3199,1
1,DEL,5887,1
1,GET,73,2
1,GET,74,3
1,GET,75,8
1,GET,76,10
1,GET,77,29
1,GET,78,39
1,GET,79,55
1,GET,80,79
1,GET,81,133
1,GET,82,190
1,GET,83,256
1,GET,84,315
1,GET,85,405
1,GET,86,495
1,GET,87,638
1,GET,88,729
1,GET,89,888
1,GET,90,943
1,GET,91,1081
1,GET,92,1231
1,GET,93,1403
1,GET,94,1569
1,GET,95,1727
1,GET,96,1909
1,GET,97,2116
1,GET,98,2322
1,GET,99,2554
1,GET,100,2832
1,GET,101,2991
1,GET,102,3258
1,GET,103,3373
1,GET,104,3690
1,GET,105,3749
1,GET,106,3866
1,GET,107,4063
1,GET,108,4159
1,GET,109,4327
1,GET,110,4608
1,GET,111,4693
1,GET,112,4726
1,GET,113,4906
1,GET,114,5096
1,GET,115,5289
1,GET,116,5384
1,GET,117,5617
1,GET,118,5687
1,GET,119,5839
1,GET,120,6040
1,GET,121,5977
1,GET,122,6140
1,GET,123,6193
1,GET,124,6273
1,GET,125,6423
1,GET,126,6335
1,GET,127,6336
1,GET,128,6394
1,GET,129,6467
1,GET,130,6227
1,GET,131,6300
1,GET,132,6279
1,GET,133,6344
1,GET,134,6341
1,GET,135,6262
1,GET,136,6264
1,GET,137,6193
1,GET,138,6246
1,GET,139,6085
1,GET,140,6194
1,GET,141,6033
1,GET,142,6112
1,GET,143,5884
1,GET,144,5805
1,GET,145,5717
1,GET,146,5522
1,GET,147,5450
1,GET,148,5490
1,GET,149,5184
1,GET,150,5158
1,GET,151,5082
1,GET,152,4875
1,GET,153,4769
1,GET,154,4632
1,GET,155,4609
1,GET,156,4383
1,GET,157,4248
1,GET,158,4234
1,GET,159,4104
1,GET,160,3907
1,GET,161,3882
1,GET,162,3623
1,GET,163,3583
1,GET,164,3490
1,GET,165,3388
1,GET,166,3198
1,GET,167,3220
1,GET,168,2966
1,GET,169,2809
1,GET,170,2696
1,GET,171,2597
1,GET,172,2649
1,GET,173,2417
1,GET,174,2401
1,GET,175,2324
1,GET,176,2196
1,GET,177,2130
1,GET,178,2085
1,GET,179,2061
1,GET,180,1952
1,GET,181,1819
1,GET,182,1735
1,GET,183,1637
1,GET,184,1574
1,GET,185,1472
1,GET,186,1465
1,GET,187,1409
1,GET,188,1349
1,GET,189,1257
1,GET,190,1141
1,GET,191,1102
1,GET,192,1131
1,GET,193,1005
1,GET,194,1037
1,GET,195,968
1,GET,196,914
1,GET,197,854
1,GET,198,776
1,GET,199,816
1,GET,200,800
1,GET,201,746
1,GET,202,661
1,GET,203,659
1,GET,204,594
1,GET,205,601
1,GET,206,579
1,GET,207,490
1,GET,208,488
1,GET,209,451
1,GET,210,445
1,GET,211,426
1,GET,212,383
1,GET,213,374
1,GET,214,361
1,GET,215,357
1,GET,216,342
1,GET,217,345
1,GET,218,286
1,GET,219,325
1,GET,220,272
1,GET,221,278
1,GET,222,254
1,GET,223,251
1,GET,224,246
1,GET,225,225
1,GET,226,202
1,GET,227,209
1,GET,228,179
1,GET,229,197
1,GET,230,162
1,GET,231,169
1,GET,232,160
1,GET,233,141
1,GET,234,150
1,GET,235,141
1,GET,236,124
1,GET,237,114
1,GET,238,110
1,GET,239,97
1,GET,240,111
1,GET,241,91
1,GET,242,85
1,GET,243,86
1,GET,244,95
1,GET,245,87
1,GET,246,72
1,GET,247,92
1,GET,248,70
1,GET,249,71
1,GET,250,59
1,GET,251,69
1,GET,252,62
1,GET,253,51
1,GET,254,45
1,GET,255,60
1,GET,257,101
1,GET,259,97
1,GET,261,88
1,GET,263,73
1,GET,265,71
1,GET,267,64
1,GET,269,96
1,GET,271,59
1,GET,273,43
1,GET,275,60
1,GET,277,40
1,GET,279,49
1,GET,281,50
1,GET,283,43
1,GET,285,36
1,GET,287,40
1,GET,289,27
1,GET,291,39
1,GET,293,25
1,GET,295,43
1,GET,297,28
1,GET,299,26
1,GET,301,29
1,GET,303,33
1,GET,305,13
1,GET,307,23
1,GET,309,24
1,GET,311,20
1,GET,313,19
1,GET,315,22
1,GET,317,20
1,GET,319,12
1,GET,321,22
1,GET,323,15
1,GET,325,22
1,GET,327,11
1,GET,329,15
1,GET,331,21
1,GET,333,14
1,GET,335,15
1,GET,337,10
1,GET,339,13
1,GET,341,14
1,GET,343,9
1,GET,345,10
1,GET,347,6
1,GET,349,10
1,GET,351,11
1,GET,353,8
1,GET,355,8
1,GET,357,10
1,GET,359,12
1,GET,361,9
1,GET,363,4
1,GET,365,5
1,GET,367,10
1,GET,369,13
1,GET,371,8
1,GET,373,12
1,GET,375,12
1,GET,377,5
1,GET,379,9
1,GET,381,11
1,GET,383,9
1,GET,385,2
1,GET,387,10
1,GET,389,10
1,GET,391,2
1,GET,393,9
1,GET,395,7
1,GET,397,4
1,GET,399,4
1,GET,401,2
1,GET,403,4
1,GET,407,7
1,GET,409,1
1,GET,411,7
1,GET,413,4
1,GET,415,2
1,GET,417,2
1,GET,419,6
1,GET,421,2
1,GET,423,7
1,GET,425,3
1,GET,427,3
1,GET,429,2
1,GET,431,6
1,GET,435,1
1,GET,437,4
1,GET,439,5
1,GET,441,4
1,GET,443,5
1,GET,445,2
1,GET,447,4
1,GET,449,3
1,GET,451,5
1,GET,453,4
1,GET,455,7
1,GET,457,3
1,GET,459,2
1,GET,461,3
1,GET,463,2
1,GET,465,4
1,GET,467,1
1,GET,469,2
1,GET,471,1
1,GET,473,2
1,GET,475,3
1,GET,477,3
1,GET,479,2
1,GET,481,4
1,GET,483,3
1,GET,485,2
1,GET,487,3
1,GET,489,2
1,GET,491,2
1,GET,493,1
1,GET,495,2
1,GET,497,7
1,GET,499,2
1,GET,503,1
1,GET,505,1
1,GET,507,5
1,GET,509,2
1,GET,511,5
1,GET,515,3
1,GET,519,4
1,GET,523,5
1,GET,527,4
1,GET,531,3
1,GET,535,1
1,GET,539,1
1,GET,543,2
1,GET,547,1
1,GET,551,3
1,GET,555,2
1,GET,559,1
1,GET,563,2
1,GET,567,7
1,GET,571,3
1,GET,575,5
1,GET,579,4
1,GET,583,6
1,GET,587,7
1,GET,591,2
1,GET,595,5
1,GET,599,8
1,GET,607,1
1,GET,611,3
1,GET,615,7
1,GET,619,1
1,GET,623,3
1,GET,627,1
1,GET,631,3
1,GET,635,2
1,GET,643,3
1,GET,647,2
1,GET,651,4
1,GET,655,1
1,GET,659,2
1,GET,663,3
1,GET,667,2
1,GET,671,3
1,GET,675,1
1,GET,679,1
1,GET,683,3
1,GET,687,2
1,GET,691,6
1,GET,695,2
1,GET,703,2
1,GET,707,4
1,GET,711,4
1,GET,715,1
1,GET,719,3
1,GET,727,1
1,GET,731,2
1,GET,735,2
1,GET,739,1
1,GET,743,1
1,GET,747,2
1,GET,751,2
1,GET,763,2
1,GET,767,3
1,GET,771,3
1,GET,775,2
1,GET,779,1
1,GET,783,1
1,GET,787,2
1,GET,795,1
1,GET,823,1
1,GET,831,4
1,GET,839,1
1,GET,843,1
1,GET,847,2
1,GET,859,2
1,GET,875,3
1,GET,879,1
1,GET,883,2
1,GET,887,2
1,GET,891,1
1,GET,903,2
1,GET,915,3
1,GET,923,1
1,GET,927,2
1,GET,947,1
1,GET,951,1
1,GET,963,2
1,GET,967,2
1,GET,999,1
1,GET,1015,1
1,GET,1019,1
1,GET,1023,1
1,GET,1055,1
1,GET,1063,1
1,GET,1071,2
1,GET,1079,1
1,GET,1095,1
1,GET,1111,3
1,GET,1119,1
1,GET,1127,1
1,GET,1143,1
1,GET,1167,2
1,GET,1175,1
1,GET,1199,1
1,GET,1207,3
1,GET,1223,2
1,GET,1247,1
1,GET,1255,1
1,GET,1263,1
1,GET,1295,1
1,GET,1327,1
1,GET,1335,2
1,GET,1351,1
1,GET,1383,1
1,GET,1399,2
1,GET,1407,1
1,GET,1415,1
1,GET,1431,3
1,GET,1463,1
1,GET,1479,1
1,GET,1487,1
1,GET,1511,1
1,GET,1519,1
1,GET,1535,1
1,GET,1543,1
1,GET,1551,2
1,GET,1559,1
1,GET,1575,1
1,GET,1583,2
1,GET,1615,2
1,GET,1631,2
1,GET,1639,1
1,GET,1663,1
1,GET,1751,1
1,GET,1759,1
1,GET,1775,1
1,GET,1783,1
1,GET,1799,1
1,GET,1807,1
1,GET,1839,1
1,GET,1871,1
1,GET,1887,2
1,GET,1903,1
1,GET,1927,1
1,GET,1967,1
1,GET,1975,1
1,GET,2047,1
1,GET,2175,1
1,GET,2191,1
1,GET,2207,1
1,GET,2223,1
1,GET,2239,1
1,GET,2271,1
1,GET,2399,1
1,GET,2799,1
1,GET,2991,1
1,GET,3119,1
1,GET,3487,1
1,GET,3695,1
1,GET,3855,1
1,GET,4575,1
1,GET,4799,1
1,GET,5311,1
1,GET,6367,1
1,GET,7327,1
1,GET,7615,1
1,SET,79,3
1,SET,80,3
1,SET,81,3
1,SET,82,5
1,SET,83,4
1,SET,84,5
1,SET,85,17
1,SET,86,18
1,SET,87,22
1,SET,88,23
1,SET,89,36
1,SET,90,31
1,SET,91,46
1,SET,92,48
1,SET,93,75
1,SET,94,61
1,SET,95,65
1,SET,96,80
1,SET,97,93
1,SET,98,111
1,SET,99,131
1,SET,100,128
1,SET,101,173
1,SET,102,171
1,SET,103,175
1,SET,104,182
1,SET,105,200
1,SET,106,220
1,SET,107,237
1,SET,108,248
1,SET,109,237
1,SET,110,259
1,SET,111,269
1,SET,112,288
1,SET,113,303
1,SET,114,319
1,SET,115,308
1,SET,116,326
1,SET,117,343
1,SET,118,366
1,SET,119,401
1,SET,120,392
1,SET,121,408
1,SET,122,377
1,SET,123,424
1,SET,124,408
1,SET,125,455
1,SET,126,445
1,SET,127,436
1,SET,128,404
1,SET,129,407
1,SET,130,443
1,SET,131,432
1,SET,132,450
1,SET,133,437
1,SET,134,465
1,SET,135,427
1,SET,136,448
1,SET,137,488
1,SET,138,455
1,SET,139,440
1,SET,140,462
1,SET,141,463
1,SET,142,430
1,SET,143,441
1,SET,144,420
1,SET,145,456
1,SET,146,449
1,SET,147,406
1,SET,148,410
1,SET,149,401
1,SET,150,430
1,SET,151,398
1,SET,152,358
1,SET,153,377
1,SET,154,348
1,SET,155,396
1,SET,156,335
1,SET,157,364
1,SET,158,345
1,SET,159,315
1,SET,160,307
1,SET,161,343
1,SET,162,301
1,SET,163,305
1,SET,164,287
1,SET,165,279
1,SET,166,289
1,SET,167,282
1,SET,168,235
1,SET,169,242
1,SET,170,231
1,SET,171,252
1,SET,172,212
1,SET,173,229
1,SET,174,202
1,SET,175,209
1,SET,176,174
1,SET,177,165
1,SET,178,197
1,SET,179,164
1,SET,180,158
1,SET,181,168
1,SET,182,152
1,SET,183,158
1,SET,184,128
1,SET,185,120
1,SET,186,134
1,SET,187,115
1,SET,188,121
1,SET,189,118
1,SET,190,139
1,SET,191,108
1,SET,192,101
1,SET,193,101
1,SET,194,99
1,SET,195,87
1,SET,196,66
1,SET,197,80
1,SET,198,75
1,SET,199,76
1,SET,200,71
1,SET,201,70
1,SET,202,60
1,SET,203,67
1,SET,204,73
1,SET,205,48
1,SET,206,53
1,SET,207,64
1,SET,208,46
1,SET,209,52
1,SET,210,32
1,SET,211,33
1,SET,212,39
1,SET,213,46
1,SET,214,29
1,SET,215,35
1,SET,216,27
1,SET,217,25
1,SET,218,28
1,SET,219,36
1,SET,220,28
1,SET,221,23
1,SET,222,33
1,SET,223,25
1,SET,224,24
1,SET,225,16
1,SET,226,27
1,SET,227,22
1,SET,228,18
1,SET,229,10
1,SET,230,13
1,SET,231,18
1,SET,232,18
1,SET,233,9
1,SET,234,11
1,SET,235,18
1,SET,236,11
1,SET,237,11
1,SET,238,6
1,SET,239,10
1,SET,240,7
1,SET,241,14
1,SET,242,9
1,SET,243,5
1,SET,244,9
1,SET,245,12
1,SET,246,9
1,SET,247,6
1,SET,248,5
1,SET,249,9
1,SET,250,6
1,SET,251,9
1,SET,252,7
1,SET,253,7
1,SET,254,8
1,SET,255,10
1,SET,257,10
1,SET,259,11
1,SET,261,16
1,SET,263,14
1,SET,265,7
1,SET,267,9
1,SET,269,9
1,SET,271,7
1,SET,273,6
1,SET,275,5
1,SET,277,3
1,SET,279,4
1,SET,281,5
1,SET,283,3
1,SET,285,5
1,SET,287,2
1,SET,289,1
1,SET,291,1
1,SET,293,2
1,SET,295,3
1,SET,297,4
1,SET,301,2
1,SET,307,1
1,SET,309,1
1,SET,311,3
1,SET,313,2
1,SET,315,1
1,SET,319,1
1,SET,321,1
1,SET,323,3
1,SET,325,4
1,SET,331,1
1,SET,333,4
1,SET,335,1
1,SET,339,1
1,SET,341,2
1,SET,343,1
1,SET,345,1
1,SET,351,1
1,SET,353,1
1,SET,355,3
1,SET,359,1
1,SET,365,1
1,SET,371,1
1,SET,373,3
1,SET,377,1
1,SET,379,1
1,SET,381,2
1,SET,385,2
1,SET,387,1
1,SET,391,2
1,SET,395,1
1,SET,397,2
1,SET,399,1
1,SET,401,1
1,SET,403,1
1,SET,407,1
1,SET,409,1
1,SET,411,1
1,SET,435,1
1,SET,439,1
1,SET,475,1
1,SET,481,1
1,SET,495,1
1,SET,505,1
1,SET,567,1
1,SET,583,1
1,SET,603,1
1,SET,611,1
1,SET,615,1
1,SET,651,1
1,SET,671,1
1,SET,683,2
1,SET,719,1
1,SET,755,1
1,SET,819,1
1,SET,867,1
1,SET,947,1
1,SET,1207,1
1,SET,1343,1
1,SET,1351,1
1,SET,1463,1
1,SET,1519,1
1,SET,1695,1
1,SET,1743,1
1,SET,1799,1
1,SET,1863,1
1,SET,1943,1
1,SET,1983,1
2,GET,74,1
2,GET,76,7
2,GET,77,13
2,GET,78,17
2,GET,79,38
2,GET,80,66
2,GET,81,79
2,GET,82,127
2,GET,83,178
2,GET,84,207
2,GET,85,286
2,GET,86,339
2,GET,87,406
2,GET,88,531
2,GET,89,577
2,GET,90,719
2,GET,91,766
2,GET,92,927
2,GET,93,1058
2,GET,94,1194
2,GET,95,1338
2,GET,96,1591
2,GET,97,1721
2,GET,98,1872
2,GET,99,2113
2,GET,100,2268
2,GET,101,2443
2,GET,102,2633
2,GET,103,2935
2,GET,104,3066
2,GET,105,3295
2,GET,106,3436
2,GET,107,3620
2,GET,108,3600
2,GET,109,3906
2,GET,110,4044
2,GET,111,4130
2,GET,112,4420
2,GET,113,4569
2,GET,114,4863
2,GET,115,4826
2,GET,116,4985
2,GET,117,5138
2,GET,118,5247
2,GET,119,5498
2,GET,120,5691
2,GET,121,5762
2,GET,122,6035
2,GET,123,5994
2,GET,124,6096
2,GET,125,6060
2,GET,126,6359
2,GET,127,6490
2,GET,128,6238
2,GET,129,6317
2,GET,130,6434
2,GET,131,6263
2,GET,132,6431
2,GET,133,6371
2,GET,134,6391
2,GET,135,6408
2,GET,136,6446
2,GET,137,6316
2,GET,138,6385
2,GET,139,6433
2,GET,140,6279
2,GET,141,6169
2,GET,142,6306
2,GET,143,6261
2,GET,144,6159
2,GET,145,5924
2,GET,146,5929
2,GET,147,5683
2,GET,148,5738
2,GET,149,5589
2,GET,150,5550
2,GET,151,5419
2,GET,152,5231
2,GET,153,5171
2,GET,154,4953
2,GET,155,4937
2,GET,156,4706
2,GET,157,4678
2,GET,158,4541
2,GET,159,4404
2,GET,160,4273
2,GET,161,4088
2,GET,162,3931
2,GET,163,3836
2,GET,164,3712
2,GET,165,3571
2,GET,166,3517
2,GET,167,3422
2,GET,168,3275
2,GET,169,3185
2,GET,170,3075
2,GET,171,3012
2,GET,172,2809
2,GET,173,2741
2,GET,174,2586
2,GET,175,2503
2,GET,176,2468
2,GET,177,2387
2,GET,178,2180
2,GET,179,2123
2,GET,180,2032
2,GET,181,1937
2,GET,182,1929
2,GET,183,1776
2,GET,184,1760
2,GET,185,1660
2,GET,186,1506
2,GET,187,1503
2,GET,188,1443
2,GET,189,1355
2,GET,190,1370
2,GET,191,1279
2,GET,192,1179
2,GET,193,1163
2,GET,194,1138
2,GET,195,1046
2,GET,196,941
2,GET,197,959
2,GET,198,935
2,GET,199,865
2,GET,200,813
2,GET,201,796
2,GET,202,753
2,GET,203,695
2,GET,204,672
2,GET,205,639
2,GET,206,600
2,GET,207,530
2,GET,208,547
2,GET,209,519
2,GET,210,475
2,GET,211,435
2,GET,212,432
2,GET,213,386
2,GET,214,362
2,GET,215,347
2,GET,216,388
2,GET,217,341
2,GET,218,297
2,GET,219,295
2,GET,220,294
2,GET,221,251
2,GET,222,260
2,GET,223,242
2,GET,224,237
2,GET,225,234
2,GET,226,216
2,GET,227,222
2,GET,228,183
2,GET,229,171
2,GET,230,167
2,GET,231,175
2,GET,232,142
2,GET,233,143
2,GET,234,157
2,GET,235,147
2,GET,236,133
2,GET,237,116
2,GET,238,114
2,GET,239,92
2,GET,240,111
2,GET,241,92
2,GET,242,92
2,GET,243,84
2,GET,244,88
2,GET,245,68
2,GET,246,65
2,GET,247,88
2,GET,248,58
2,GET,249,71
2,GET,250,67
2,GET,251,57
2,GET,252,49
2,GET,253,67
2,GET,254,48
2,GET,255,42
2,GET,257,97
2,GET,259,77
2,GET,261,66
2,GET,263,54
2,GET,265,74
2,GET,267,65
2,GET,269,62
2,GET,271,45
2,GET,273,49
2,GET,275,41
2,GET,277,56
2,GET,279,43
2,GET,281,44
2,GET,283,41
2,GET,285,41
2,GET,287,38
2,GET,289,39
2,GET,291,39
2,GET,293,29
2,GET,295,25
2,GET,297,16
2,GET,299,29
2,GET,301,16
2,GET,303,23
2,GET,305,19
2,GET,307,20
2,GET,309,24
2,GET,311,17
2,GET,313,19
2,GET,315,22
2,GET,317,21
2,GET,319,18
2,GET,321,18
2,GET,323,23
2,GET,325,9
2,GET,327,20
2,GET,329,16
2,GET,331,26
2,GET,333,11
2,GET,335,11
2,GET,337,14
2,GET,339,11
2,GET,341,13
2,GET,343,14
2,GET,345,13
2,GET,347,15
2,GET,349,16
2,GET,351,14
2,GET,353,7
2,GET,355,9
2,GET,357,11
2,GET,359,8
2,GET,361,9
2,GET,363,5
2,GET,365,9
2,GET,367,9
2,GET,369,7
2,GET,371,9
2,GET,373,9
2,GET,375,5
2,GET,377,10
2,GET,379,6
2,GET,381,1
2,GET,383,12
2,GET,385,3
2,GET,387,7
2,GET,389,6
2,GET,391,3
2,GET,393,9
2,GET,395,4
2,GET,397,7
2,GET,399,8
2,GET,401,9
2,GET,403,4
2,GET,405,7
2,GET,407,8
2,GET,409,8
2,GET,411,6
2,GET,413,6
2,GET,415,3
2,GET,417,2
2,GET,419,5
2,GET,421,2
2,GET,423,2
2,GET,425,2
2,GET,427,3
2,GET,429,2
2,GET,431,3
2,GET,433,5
2,GET,435,4
2,GET,437,5
2,GET,439,4
2,GET,441,2
2,GET,443,2
2,GET,445,4
2,GET,447,2
2,GET,449,2
2,GET,451,2
2,GET,453,3
2,GET,455,4
2,GET,457,1
2,GET,459,2
2,GET,461,2
2,GET,463,2
2,GET,465,3
2,GET,467,2
2,GET,469,2
2,GET,471,4
2,GET,473,2
2,GET,475,3
2,GET,477,2
2,GET,481,4
2,GET,483,1
2,GET,485,2
2,GET,487,1
2,GET,489,2
2,GET,493,3
2,GET,495,2
2,GET,497,1
2,GET,499,2
2,GET,501,4
2,GET,503,2
2,GET,505,1
2,GET,507,3
2,GET,509,2
2,GET,515,2
2,GET,523,3
2,GET,527,1
2,GET,531,5
2,GET,535,4
2,GET,543,5
2,GET,551,4
2,GET,555,3
2,GET,559,3
2,GET,563,3
2,GET,567,3
2,GET,579,5
2,GET,583,3
2,GET,587,1
2,GET,591,3
2,GET,599,5
2,GET,603,5
2,GET,607,4
2,GET,611,1
2,GET,615,2
2,GET,619,4
2,GET,623,1
2,GET,627,5
2,GET,631,3
2,GET,635,3
2,GET,647,2
2,GET,651,2
2,GET,655,3
2,GET,659,4
2,GET,667,1
2,GET,671,3
2,GET,683,2
2,GET,687,1
2,GET,695,2
2,GET,703,3
2,GET,707,3
2,GET,711,1
2,GET,715,2
2,GET,719,2
2,GET,723,2
2,GET,731,2
2,GET,735,2
2,GET,739,4
2,GET,743,2
2,GET,747,2
2,GET,751,2
2,GET,759,1
2,GET,779,1
2,GET,787,1
2,GET,791,1
2,GET,803,1
2,GET,811,1
2,GET,827,1
2,GET,863,1
2,GET,875,1
2,GET,887,1
2,GET,891,2
2,GET,895,1
2,GET,947,1
2,GET,959,1
2,GET,967,1
2,GET,983,1
2,GET,1007,1
2,GET,1015,1
2,GET,1039,1
2,GET,1055,2
2,GET,1071,2
2,GET,1119,1
2,GET,1135,2
2,GET,1143,1
2,GET,1151,2
2,GET,1199,1
2,GET,1207,1
2,GET,1215,1
2,GET,1247,2
2,GET,1263,2
2,GET,1271,1
2,GET,1287,1
2,GET,1319,1
2,GET,1335,1
2,GET,1343,1
2,GET,1367,1
2,GET,1383,1
2,GET,1391,1
2,GET,1399,1
2,GET,1407,1
2,GET,1455,1
2,GET,1487,1
2,GET,1511,1
2,GET,1519,1
2,GET,1535,1
2,GET,1543,2
2,GET,1559,2
2,GET,1567,2
2,GET,1575,1
2,GET,1583,2
2,GET,1623,1
2,GET,1631,1
2,GET,1647,1
2,GET,1663,1
2,GET,1679,1
2,GET,1687,1
2,GET,1695,1
2,GET,1703,1
2,GET,1711,1
2,GET,1719,2
2,GET,1727,1
2,GET,1751,2
2,GET,1775,1
2,GET,1807,1
2,GET,1815,1
2,GET,1839,1
2,GET,1847,1
2,GET,1879,3
2,GET,1911,1
2,GET,1919,2
2,GET,1927,2
2,GET,1943,1
2,GET,1975,1
2,GET,1991,1
2,GET,2007,1
2,GET,2111,1
2,GET,2159,2
2,GET,2175,1
2,GET,2191,1
2,GET,2207,1
2,GET,2223,1
2,GET,2271,2
2,GET,2319,1
2,GET,2335,1
2,GET,2351,1
2,GET,2367,1
2,GET,2463,1
2,GET,2607,1
2,GET,2623,1
2,GET,2719,1
2,GET,2879,1
2,GET,2927,1
2,GET,3023,1
2,GET,3199,1
2,GET,3247,1
2,GET,3311,1
2,GET,3455,1
2,GET,3567,1
2,GET,3599,1
2,GET,3807,1
2,GET,4063,1
2,GET,4575,1
2,GET,4735,1
2,GET,6687,1
2,GET,6847,1
2,GET,7647,1
2,DEL,76,2
2,DEL,78,7
2,DEL,79,11
2,DEL,80,13
2,DEL,81,30
2,DEL,82,36
2,DEL,83,48
2,DEL,84,53
2,DEL,85,87
2,DEL,86,102
2,DEL,87,132
2,DEL,88,129
2,DEL,89,198
2,DEL,90,206
2,DEL,91,255
2,DEL,92,300
2,DEL,93,318
2,DEL,94,392
2,DEL,95,460
2,DEL,96,485
2,DEL,97,576
2,DEL,98,630
2,DEL,99,728
2,DEL,100,839
2,DEL,101,815
2,DEL,102,962
2,DEL,103,889
2,DEL,104,1059
2,DEL,105,1150
2,DEL,106,1208
2,DEL,107,1244
2,DEL,108,1315
2,DEL,109,1286
2,DEL,110,1374
2,DEL,111,1422
2,DEL,112,1504
2,DEL,113,1579
2,DEL,114,1622
2,DEL,115,1796
2,DEL,116,1750
2,DEL,117,1859
2,DEL,118,1877
2,DEL,119,1992
2,DEL,120,1989
2,DEL,121,1947
2,DEL,122,2031
2,DEL,123,2139
2,DEL,124,2130
2,DEL,125,2299
2,DEL,126,2214
2,DEL,127,2222
2,DEL,128,2236
2,DEL,129,2240
2,DEL,130,2275
2,DEL,131,2227
2,DEL,132,2231
2,DEL,133,2203
2,DEL,134,2348
2,DEL,135,2248
2,DEL,136,2303
2,DEL,137,2258
2,DEL,138,2335
2,DEL,139,2225
2,DEL,140,2354
2,DEL,141,2307
2,DEL,142,2227
2,DEL,143,2214
2,DEL,144,2175
2,DEL,145,2166
2,DEL,146,2125
2,DEL,147,2123
2,DEL,148,2062
2,DEL,149,2101
2,DEL,150,1993
2,DEL,151,1900
2,DEL,152,1910
2,DEL,153,1832
2,DEL,154,1718
2,DEL,155,1709
2,DEL,156,1715
2,DEL,157,1759
2,DEL,158,1577
2,DEL,159,1573
2,DEL,160,1515
2,DEL,161,1476
2,DEL,162,1453
2,DEL,163,1449
2,DEL,164,1381
2,DEL,165,1370
2,DEL,166,1285
2,DEL,167,1287
2,DEL,168,1224
2,DEL,169,1142
2,DEL,170,1095
2,DEL,171,1041
2,DEL,172,1079
2,DEL,173,1037
2,DEL,174,948
2,DEL,175,941
2,DEL,176,872
2,DEL,177,851
2,DEL,178,843
2,DEL,179,808
2,DEL,180,764
2,DEL,181,743
2,DEL,182,702
2,DEL,183,696
2,DEL,184,651
2,DEL,185,575
2,DEL,186,603
2,DEL,187,572
2,DEL,188,559
2,DEL,189,500
2,DEL,190,473
2,DEL,191,459
2,DEL,192,451
2,DEL,193,438
2,DEL,194,405
2,DEL,195,344
2,DEL,196,379
2,DEL,197,346
2,DEL,198,349
2,DEL,199,325
2,DEL,200,304
2,DEL,201,307
2,DEL,202,269
2,DEL,203,255
2,DEL,204,243
2,DEL,205,231
2,DEL,206,231
2,DEL,207,223
2,DEL,208,170
2,DEL,209,215
2,DEL,210,206
2,DEL,211,174
2,DEL,212,157
2,DEL,213,166
2,DEL,214,136
2,DEL,215,144
2,DEL,216,126
2,DEL,217,115
2,DEL,218,106
2,DEL,219,122
2,DEL,220,117
2,DEL,221,97
2,DEL,222,113
2,DEL,223,92
2,DEL,224,76
2,DEL,225,91
2,DEL,226,68
2,DEL,227,66
2,DEL,228,72
2,DEL,229,57
2,DEL,230,71
2,DEL,231,61
2,DEL,232,70
2,DEL,233,53
2,DEL,234,69
2,DEL,235,55
2,DEL,236,51
2,DEL,237,40
2,DEL,238,44
2,DEL,239,17
2,DEL,240,45
2,DEL,241,31
2,DEL,242,36
2,DEL,243,35
2,DEL,244,40
2,DEL,245,33
2,DEL,246,28
2,DEL,247,21
2,DEL,248,20
2,DEL,249,26
2,DEL,250,29
2,DEL,251,19
2,DEL,252,21
2,DEL,253,22
2,DEL,254,22
2,DEL,255,17
2,DEL,257,44
2,DEL,259,32
2,DEL,261,22
2,DEL,263,29
2,DEL,265,22
2,DEL,267,21
2,DEL,269,21
2,DEL,271,15
2,DEL,273,17
2,DEL,275,14
2,DEL,277,15
2,DEL,279,18
2,DEL,281,12
2,DEL,283,14
2,DEL,285,11
2,DEL,287,13
2,DEL,289,9
2,DEL,291,14
2,DEL,293,13
2,DEL,295,7
2,DEL,297,7
2,DEL,299,10
2,DEL,301,9
2,DEL,303,12
2,DEL,305,8
2,DEL,307,14
2,DEL,309,4
2,DEL,311,11
2,DEL,313,7
2,DEL,315,6
2,DEL,317,10
2,DEL,319,12
2,DEL,321,9
2,DEL,323,4
2,DEL,325,6
2,DEL,327,2
2,DEL,329,2
2,DEL,331,8
2,DEL,333,7
2,DEL,335,3
2,DEL,337,4
2,DEL,339,4
2,DEL,341,2
2,DEL,343,5
2,DEL,345,7
2,DEL,347,2
2,DEL,349,4
2,DEL,351,2
2,DEL,353,7
2,DEL,355,2
2,DEL,357,1
2,DEL,359,5
2,DEL,361,5
2,DEL,363,2
2,DEL,365,5
2,DEL,367,7
2,DEL,369,6
2,DEL,371,1
2,DEL,373,3
2,DEL,375,2
2,DEL,377,2
2,DEL,381,2
2,DEL,383,1
2,DEL,385,2
2,DEL,387,2
2,DEL,389,2
2,DEL,391,1
2,DEL,393,1
2,DEL,395,6
2,DEL,397,3
2,DEL,399,2
2,DEL,401,1
2,DEL,403,2
2,DEL,405,2
2,DEL,409,3
2,DEL,413,4
2,DEL,417,1
2,DEL,421,1
2,DEL,423,1
2,DEL,425,2
2,DEL,427,2
2,DEL,431,1
2,DEL,435,1
2,DEL,437,2
2,DEL,441,1
2,DEL,443,1
2,DEL,447,1
2,DEL,449,2
2,DEL,453,1
2,DEL,455,1
2,DEL,459,1
2,DEL,461,3
2,DEL,463,1
2,DEL,465,1
2,DEL,471,2
2,DEL,477,1
2,DEL,479,1
2,DEL,481,2
2,DEL,483,1
2,DEL,487,1
2,DEL,491,1
2,DEL,503,1
2,DEL,505,1
2,DEL,509,2
2,DEL,515,1
2,DEL,519,2
2,DEL,523,1
2,DEL,527,1
2,DEL,535,1
2,DEL,539,1
2,DEL,543,1
2,DEL,547,2
2,DEL,575,1
2,DEL,579,1
2,DEL,587,2
2,DEL,591,2
2,DEL,595,1
2,DEL,599,2
2,DEL,607,1
2,DEL,611,1
2,DEL,615,1
2,DEL,619,1
2,DEL,623,1
2,DEL,639,1
2,DEL,643,2
2,DEL,651,1
2,DEL,667,1
2,DEL,691,1
2,DEL,695,2
2,DEL,723,1
2,DEL,727,1
2,DEL,731,1
2,DEL,739,1
2,DEL,747,1
2,DEL,751,1
2,DEL,755,2
2,DEL,803,1
2,DEL,823,1
2,DEL,871,1
2,DEL,903,1
2,DEL,1007,1
2,DEL,1011,1
2,DEL,1031,1
2,DEL,1047,1
2,DEL,1087,1
2,DEL,1151,1
2,DEL,1167,1
2,DEL,1191,1
2,DEL,1287,1
2,DEL,1295,1
2,DEL,1327,1
2,DEL,1351,1
2,DEL,1423,1
2,DEL,1431,1
2,DEL,1471,1
2,DEL,1487,1
2,DEL,1623,1
2,DEL,1751,1
2,DEL,1847,1
2,DEL,1911,1
2,DEL,1919,1
2,DEL,1959,2
2,DEL,2447,1
2,DEL,3535,1
2,SET,78,1
2,SET,79,2
2,SET,80,1
2,SET,81,3
2,SET,82,5
2,SET,83,4
2,SET,84,5
2,SET,85,5
2,SET,86,10
2,SET,87,13
2,SET,88,21
2,SET,89,25
2,SET,90,29
2,SET,91,30
2,SET,92,38
2,SET,93,39
2,SET,94,58
2,SET,95,63
2,SET,96,85
2,SET,97,66
2,SET,98,79
2,SET,99,107
2,SET,100,99
2,SET,101,123
2,SET,102,115
2,SET,103,140
2,SET,104,152
2,SET,105,186
2,SET,106,188
2,SET,107,223
2,SET,108,197
2,SET,109,189
2,SET,110,224
2,SET,111,254
2,SET,112,187
2,SET,113,258
2,SET,114,264
2,SET,115,278
2,SET,116,304
2,SET,117,311
2,SET,118,327
2,SET,119,338
2,SET,120,343
2,SET,121,382
2,SET,122,396
2,SET,123,396
2,SET,124,414
2,SET,125,386
2,SET,126,424
2,SET,127,426
2,SET,128,412
2,SET,129,415
2,SET,130,414
2,SET,131,427
2,SET,132,484
2,SET,133,429
2,SET,134,417
2,SET,135,417
2,SET,136,435
2,SET,137,459
2,SET,138,452
2,SET,139,451
2,SET,140,468
2,SET,141,471
2,SET,142,443
2,SET,143,453
2,SET,144,435
2,SET,145,442
2,SET,146,491
2,SET,147,463
2,SET,148,421
2,SET,149,460
2,SET,150,420
2,SET,151,419
2,SET,152,418
2,SET,153,397
2,SET,154,393
2,SET,155,372
2,SET,156,400
2,SET,157,375
2,SET,158,366
2,SET,159,342
2,SET,160,330
2,SET,161,325
2,SET,162,326
2,SET,163,319
2,SET,164,326
2,SET,165,309
2,SET,166,272
2,SET,167,287
2,SET,168,282
2,SET,169,255
2,SET,170,276
2,SET,171,270
2,SET,172,243
2,SET,173,237
2,SET,174,209
2,SET,175,223
2,SET,176,210
2,SET,177,187
2,SET,178,198
2,SET,179,178
2,SET,180,210
2,SET,181,156
2,SET,182,193
2,SET,183,166
2,SET,184,160
2,SET,185,137
2,SET,186,132
2,SET,187,148
2,SET,188,131
2,SET,189,131
2,SET,190,124
2,SET,191,136
2,SET,192,106
2,SET,193,111
2,SET,194,95
2,SET,195,84
2,SET,196,89
2,SET,197,88
2,SET,198,81
2,SET,199,86
2,SET,200,68
2,SET,201,70
2,SET,202,66
2,SET,203,55
2,SET,204,67
2,SET,205,67
2,SET,206,59
2,SET,207,51
2,SET,208,46
2,SET,209,41
2,SET,210,50
2,SET,211,40
2,SET,212,45
2,SET,213,40
2,SET,214,39
2,SET,215,39
2,SET,216,35
2,SET,217,34
2,SET,218,29
2,SET,219,36
2,SET,220,31
2,SET,221,27
2,SET,222,19
2,SET,223,28
2,SET,224,22
2,SET,225,19
2,SET,226,25
2,SET,227,22
2,SET,228,16
2,SET,229,9
2,SET,230,16
2,SET,231,20
2,SET,232,20
2,SET,233,17
2,SET,234,11
2,SET,235,12
2,SET,236,9
2,SET,237,11
2,SET,238,14
2,SET,239,10
2,SET,240,8
2,SET,241,8
2,SET,242,11
2,SET,243,10
2,SET,244,8
2,SET,245,4
2,SET,246,5
2,SET,247,9
2,SET,248,9
2,SET,249,8
2,SET,250,8
2,SET,251,1
2,SET,252,7
2,SET,253,6
2,SET,254,3
2,SET,255,7
2,SET,257,5
2,SET,259,14
2,SET,261,9
2,SET,263,6
2,SET,265,10
2,SET,267,10
2,SET,269,4
2,SET,271,4
2,SET,273,2
2,SET,275,5
2,SET,277,4
2,SET,279,1
2,SET,281,5
2,SET,283,2
2,SET,285,3
2,SET,287,2
2,SET,289,3
2,SET,291,7
2,SET,293,1
2,SET,297,2
2,SET,299,3
2,SET,301,3
2,SET,303,2
2,SET,305,2
2,SET,309,3
2,SET,311,4
2,SET,313,2
2,SET,317,1
2,SET,319,3
2,SET,321,1
2,SET,323,3
2,SET,325,3
2,SET,327,1
2,SET,329,3
2,SET,331,1
2,SET,335,2
2,SET,337,2
2,SET,339,1
2,SET,341,1
2,SET,343,2
2,SET,345,1
2,SET,349,2
2,SET,355,3
2,SET,357,1
2,SET,361,1
2,SET,363,2
2,SET,365,3
2,SET,367,1
2,SET,369,1
2,SET,371,2
2,SET,375,2
2,SET,379,1
2,SET,381,1
2,SET,389,1
2,SET,391,1
2,SET,397,1
2,SET,401,2
2,SET,419,1
2,SET,421,2
2,SET,429,1
2,SET,439,1
2,SET,445,1
2,SET,451,1
2,SET,471,1
2,SET,473,1
2,SET,479,1
2,SET,501,1
2,SET,503,1
2,SET,505,1
2,SET,523,1
2,SET,527,1
2,SET,531,1
2,SET,551,1
2,SET,555,1
2,SET,563,1
2,SET,575,2
2,SET,599,2
2,SET,607,1
2,SET,611,1
2,SET,615,1
2,SET,675,1
2,SET,679,1
2,SET,711,1
2,SET,735,1
2,SET,947,1
2,SET,1447,1
2,SET,1535,1
2,SET,1591,1
2,SET,1615,1
2,SET,1775,1
2,SET,1823,1
3,SET,80,1
3,SET,81,2
3,SET,82,2
3,SET,83,9
3,SET,84,3
3,SET,85,14
3,SET,86,12
3,SET,87,20
3,SET,88,19
3,SET,89,25
3,SET,90,32
3,SET,91,38
3,SET,92,43
3,SET,93,52
3,SET,94,49
3,SET,95,68
3,SET,96,61
3,SET,97,75
3,SET,98,115
3,SET,99,96
3,SET,100,119
3,SET,101,120
3,SET,102,148
3,SET,103,150
3,SET,104,157
3,SET,105,163
3,SET,106,196
3,SET,107,209
3,SET,108,192
3,SET,109,225
3,SET,110,230
3,SET,111,239
3,SET,112,243
3,SET,113,247
3,SET,114,281
3,SET,115,306
3,SET,116,298
3,SET,117,314
3,SET,118,331
3,SET,119,338
3,SET,120,412
3,SET,121,384
3,SET,122,387
3,SET,123,374
3,SET,124,403
3,SET,125,394
3,SET,126,419
3,SET,127,411
3,SET,128,401
3,SET,129,449
3,SET,130,405
3,SET,131,428
3,SET,132,417
3,SET,133,457
3,SET,134,440
3,SET,135,464
3,SET,136,471
3,SET,137,452
3,SET,138,437
3,SET,139,434
3,SET,140,436
3,SET,141,429
3,SET,142,454
3,SET,143,442
3,SET,144,410
3,SET,145,434
3,SET,146,442
3,SET,147,442
3,SET,148,402
3,SET,149,389
3,SET,150,370
3,SET,151,417
3,SET,152,374
3,SET,153,341
3,SET,154,370
3,SET,155,365
3,SET,156,385
3,SET,157,378
3,SET,158,347
3,SET,159,330
3,SET,160,313
3,SET,161,330
3,SET,162,318
3,SET,163,316
3,SET,164,296
3,SET,165,318
3,SET,166,290
3,SET,167,269
3,SET,168,284
3,SET,169,259
3,SET,170,248
3,SET,171,233
3,SET,172,219
3,SET,173,222
3,SET,174,211
3,SET,175,227
3,SET,176,221
3,SET,177,215
3,SET,178,214
3,SET,179,194
3,SET,180,185
3,SET,181,162
3,SET,182,140
3,SET,183,167
3,SET,184,169
3,SET,185,166
3,SET,186,137
3,SET,187,126
3,SET,188,147
3,SET,189,129
3,SET,190,124
3,SET,191,102
3,SET,192,107
3,SET,193,93
3,SET,194,83
3,SET,195,90
3,SET,196,96
3,SET,197,75
3,SET,198,84
3,SET,199,80
3,SET,200,89
3,SET,201,81
3,SET,202,69
3,SET,203,62
3,SET,204,59
3,SET,205,52
3,SET,206,53
3,SET,207,47
3,SET,208,56
3,SET,209,47
3,SET,210,58
3,SET,211,42
3,SET,212,45
3,SET,213,45
3,SET,214,38
3,SET,215,37
3,SET,216,33
3,SET,217,39
3,SET,218,27
3,SET,219,28
3,SET,220,27
3,SET,221,43
3,SET,222,31
3,SET,223,32
3,SET,224,22
3,SET,225,14
3,SET,226,22
3,SET,227,15
3,SET,228,19
3,SET,229,21
3,SET,230,20
3,SET,231,17
3,SET,232,16
3,SET,233,14
3,SET,234,13
3,SET,235,8
3,SET,236,13
3,SET,237,8
3,SET,238,17
3,SET,239,9
3,SET,240,16
3,SET,241,7
3,SET,242,14
3,SET,243,4
3,SET,244,11
3,SET,245,5
3,SET,246,7
3,SET,247,11
3,SET,248,12
3,SET,249,10
3,SET,250,7
3,SET,251,5
3,SET,252,8
3,SET,253,14
3,SET,254,11
3,SET,255,8
3,SET,257,7
3,SET,259,10
3,SET,261,10
3,SET,263,7
3,SET,265,9
3,SET,267,11
3,SET,269,10
3,SET,271,5
3,SET,273,4
3,SET,275,8
3,SET,277,7
3,SET,279,3
3,SET,281,3
3,SET,283,3
3,SET,285,4
3,SET,287,10
3,SET,289,4
3,SET,291,2
3,SET,293,1
3,SET,295,1
3,SET,297,5
3,SET,299,4
3,SET,301,6
3,SET,305,2
3,SET,307,2
3,SET,309,1
3,SET,311,2
3,SET,313,2
3,SET,315,2
3,SET,317,1
3,SET,321,1
3,SET,323,1
3,SET,325,2
3,SET,327,1
3,SET,329,3
3,SET,331,2
3,SET,333,1
3,SET,337,1
3,SET,339,2
3,SET,341,1
3,SET,343,4
3,SET,345,3
3,SET,347,3
3,SET,351,2
3,SET,355,2
3,SET,357,2
3,SET,359,1
3,SET,361,2
3,SET,363,1
3,SET,365,1
3,SET,371,1
3,SET,373,1
3,SET,375,1
3,SET,377,1
3,SET,381,1
3,SET,383,2
3,SET,387,1
3,SET,395,1
3,SET,401,2
3,SET,403,1
3,SET,411,1
3,SET,417,1
3,SET,423,1
3,SET,431,1
3,SET,441,1
3,SET,445,1
3,SET,447,1
3,SET,451,1
3,SET,469,1
3,SET,471,2
3,SET,473,1
3,SET,475,1
3,SET,483,1
3,SET,485,2
3,SET,493,1
3,SET,567,1
3,SET,603,1
3,SET,611,1
3,SET,639,1
3,SET,655,2
3,SET,671,1
3,SET,699,1
3,SET,739,1
3,SET,747,1
3,SET,767,1
3,SET,771,1
3,SET,811,1
3,SET,971,1
3,SET,1375,1
3,SET,1559,1
3,SET,1935,1
3,SET,1951,1
3,DEL,75,2
3,DEL,77,7
3,DEL,78,11
3,DEL,79,22
3,DEL,80,17
3,DEL,81,34
3,DEL,82,45
3,DEL,83,62
3,DEL,84,82
3,DEL,85,101
3,DEL,86,142
3,DEL,87,160
3,DEL,88,177
3,DEL,89,214
3,DEL,90,241
3,DEL,91,295
3,DEL,92,324
3,DEL,93,355
3,DEL,94,445
3,DEL,95,495
3,DEL,96,536
3,DEL,97,656
3,DEL,98,677
3,DEL,99,738
3,DEL,100,790
3,DEL,101,877
3,DEL,102,949
3,DEL,103,1050
3,DEL,104,1082
3,DEL,105,1166
3,DEL,106,1218
3,DEL,107,1233
3,DEL,108,1320
3,DEL,109,1408
3,DEL,110,1500
3,DEL,111,1522
3,DEL,112,1534
3,DEL,113,1680
3,DEL,114,1683
3,DEL,115,1727
3,DEL,116,1817
3,DEL,117,1775
3,DEL,118,1845
3,DEL,119,1993
3,DEL,120,2032
3,DEL,121,1996
3,DEL,122,2066
3,DEL,123,2169
3,DEL,124,2157
3,DEL,125,2215
3,DEL,126,2245
3,DEL,127,2233
3,DEL,128,2250
3,DEL,129,2222
3,DEL,130,2193
3,DEL,131,2244
3,DEL,132,2258
3,DEL,133,2223
3,DEL,134,2307
3,DEL,135,2262
3,DEL,136,2211
3,DEL,137,2199
3,DEL,138,2256
3,DEL,139,2229
3,DEL,140,2152
3,DEL,141,2226
3,DEL,142,2260
3,DEL,143,2189
3,DEL,144,2146
3,DEL,145,2095
3,DEL,146,2086
3,DEL,147,2062
3,DEL,148,1989
3,DEL,149,1981
3,DEL,150,2012
3,DEL,151,1899
3,DEL,152,1780
3,DEL,153,1785
3,DEL,154,1793
3,DEL,155,1793
3,DEL,156,1743
3,DEL,157,1657
3,DEL,158,1620
3,DEL,159,1553
3,DEL,160,1488
3,DEL,161,1501
3,DEL,162,1436
3,DEL,163,1397
3,DEL,164,1379
3,DEL,165,1375
3,DEL,166,1316
3,DEL,167,1285
3,DEL,168,1233
3,DEL,169,1098
3,DEL,170,1130
3,DEL,171,1062
3,DEL,172,1006
3,DEL,173,996
3,DEL,174,956
3,DEL,175,907
3,DEL,176,889
3,DEL,177,803
3,DEL,178,746
3,DEL,179,768
3,DEL,180,756
3,DEL,181,708
3,DEL,182,691
3,DEL,183,690
3,DEL,184,641
3,DEL,185,609
3,DEL,186,589
3,DEL,187,601
3,DEL,188,560
3,DEL,189,516
3,DEL,190,513
3,DEL,191,473
3,DEL,192,450
3,DEL,193,466
3,DEL,194,417
3,DEL,195,371
3,DEL,196,377
3,DEL,197,357
3,DEL,198,314
3,DEL,199,371
3,DEL,200,346
3,DEL,201,320
3,DEL,202,293
3,DEL,203,283
3,DEL,204,252
3,DEL,205,243
3,DEL,206,228
3,DEL,207,257
3,DEL,208,214
3,DEL,209,195
3,DEL,210,196
3,DEL,211,156
3,DEL,212,154
3,DEL,213,141
3,DEL,214,157
3,DEL,215,152
3,DEL,216,139
3,DEL,217,127
3,DEL,218,130
3,DEL,219,156
3,DEL,220,115
3,DEL,221,130
3,DEL,222,106
3,DEL,223,111
3,DEL,224,101
3,DEL,225,94
3,DEL,226,77
3,DEL,227,79
3,DEL,228,83
3,DEL,229,77
3,DEL,230,68
3,DEL,231,62
3,DEL,232,54
3,DEL,233,51
3,DEL,234,59
3,DEL,235,46
3,DEL,236,55
3,DEL,237,56
3,DEL,238,52
3,DEL,239,47
3,DEL,240,36
3,DEL,241,35
3,DEL,242,31
3,DEL,243,36
3,DEL,244,35
3,DEL,245,32
3,DEL,246,32
3,DEL,247,24
3,DEL,248,29
3,DEL,249,21
3,DEL,250,26
3,DEL,251,17
3,DEL,252,17
3,DEL,253,26
3,DEL,254,30
3,DEL,255,26
3,DEL,257,31
3,DEL,259,45
3,DEL,261,35
3,DEL,263,30
3,DEL,265,23
3,DEL,267,24
3,DEL,269,20
3,DEL,271,31
3,DEL,273,23
3,DEL,275,18
3,DEL,277,15
3,DEL,279,23
3,DEL,281,14
3,DEL,283,19
3,DEL,285,17
3,DEL,287,11
3,DEL,289,6
3,DEL,291,10
3,DEL,293,11
3,DEL,295,16
3,DEL,297,10
3,DEL,299,8
3,DEL,301,9
3,DEL,303,8
3,DEL,305,8
3,DEL,307,7
3,DEL,309,3
3,DEL,311,9
3,DEL,313,9
3,DEL,315,5
3,DEL,317,8
3,DEL,319,13
3,DEL,321,6
3,DEL,323,7
3,DEL,325,11
3,DEL,327,6
3,DEL,329,4
3,DEL,331,7
3,DEL,333,5
3,DEL,335,7
3,DEL,337,4
3,DEL,339,7
3,DEL,341,5
3,DEL,343,7
3,DEL,345,6
3,DEL,347,3
3,DEL,349,4
3,DEL,351,3
3,DEL,353,6
3,DEL,355,5
3,DEL,357,4
3,DEL,359,3
3,DEL,361,4
3,DEL,363,4
3,DEL,365,4
3,DEL,367,7
3,DEL,369,3
3,DEL,371,1
3,DEL,373,2
3,DEL,375,1
3,DEL,377,4
3,DEL,379,5
3,DEL,381,1
3,DEL,383,3
3,DEL,385,2
3,DEL,387,3
3,DEL,389,5
3,DEL,391,5
3,DEL,393,2
3,DEL,395,2
3,DEL,397,4
3,DEL,399,3
3,DEL,401,1
3,DEL,403,3
3,DEL,405,3
3,DEL,407,1
3,DEL,409,1
3,DEL,413,1
3,DEL,415,5
3,DEL,417,3
3,DEL,419,1
3,DEL,425,1
3,DEL,429,2
3,DEL,431,2
3,DEL,433,2
3,DEL,435,3
3,DEL,439,2
3,DEL,441,2
3,DEL,443,1
3,DEL,445,1
3,DEL,449,3
3,DEL,451,2
3,DEL,453,2
3,DEL,455,3
3,DEL,457,2
3,DEL,459,1
3,DEL,461,1
3,DEL,465,1
3,DEL,467,1
3,DEL,471,3
3,DEL,473,1
3,DEL,477,1
3,DEL,479,1
3,DEL,483,1
3,DEL,485,1
3,DEL,489,1
3,DEL,495,2
3,DEL,499,2
3,DEL,505,1
3,DEL,507,4
3,DEL,509,2
3,DEL,519,2
3,DEL,527,2
3,DEL,531,3
3,DEL,539,2
3,DEL,543,1
3,DEL,551,1
3,DEL,559,1
3,DEL,563,2
3,DEL,567,2
3,DEL,571,3
3,DEL,583,1
3,DEL,591,2
3,DEL,595,2
3,DEL,603,1
3,DEL,607,1
3,DEL,611,4
3,DEL,615,1
3,DEL,619,1
3,DEL,623,2
3,DEL,639,2
3,DEL,643,1
3,DEL,655,1
3,DEL,659,1
3,DEL,663,1
3,DEL,671,1
3,DEL,675,1
3,DEL,691,1
3,DEL,695,2
3,DEL,703,3
3,DEL,715,2
3,DEL,739,2
3,DEL,755,1
3,DEL,779,1
3,DEL,795,1
3,DEL,803,1
3,DEL,807,1
3,DEL,811,2
3,DEL,823,1
3,DEL,863,3
3,DEL,867,1
3,DEL,891,1
3,DEL,915,1
3,DEL,943,1
3,DEL,959,1
3,DEL,1031,1
3,DEL,1039,1
3,DEL,1063,1
3,DEL,1095,1
3,DEL,1111,1
3,DEL,1191,1
3,DEL,1215,1
3,DEL,1231,1
3,DEL,1255,1
3,DEL,1263,1
3,DEL,1287,1
3,DEL,1311,1
3,DEL,1335,1
3,DEL,1351,1
3,DEL,1367,1
3,DEL,1391,1
3,DEL,1399,1
3,DEL,1407,1
3,DEL,1431,1
3,DEL,1463,1
3,DEL,1479,1
3,DEL,1495,1
3,DEL,1535,1
3,DEL,1567,1
3,DEL,1583,2
3,DEL,1615,2
3,DEL,1743,1
3,DEL,1871,1
3,DEL,2191,1
3,DEL,2207,1
3,DEL,2255,1
3,DEL,2943,1
3,DEL,6815,1
3,GET,72,1
3,GET,73,1
3,GET,75,3
3,GET,76,10
3,GET,77,25
3,GET,78,30
3,GET,79,66
3,GET,80,101
3,GET,81,115
3,GET,82,155
3,GET,83,222
3,GET,84,275
3,GET,85,294
3,GET,86,399
3,GET,87,504
3,GET,88,613
3,GET,89,711
3,GET,90,766
3,GET,91,877
3,GET,92,1049
3,GET,93,1163
3,GET,94,1366
3,GET,95,1497
3,GET,96,1719
3,GET,97,1782
3,GET,98,2055
3,GET,99,2200
3,GET,100,2470
3,GET,101,2600
3,GET,102,2719
3,GET,103,3039
3,GET,104,3153
3,GET,105,3381
3,GET,106,3603
3,GET,107,3803
3,GET,108,3842
3,GET,109,3869
3,GET,110,4025
3,GET,111,4258
3,GET,112,4466
3,GET,113,4506
3,GET,114,4744
3,GET,115,4946
3,GET,116,5098
3,GET,117,5194
3,GET,118,5234
3,GET,119,5655
3,GET,120,5778
3,GET,121,5719
3,GET,122,6077
3,GET,123,5941
3,GET,124,6246
3,GET,125,6060
3,GET,126,6207
3,GET,127,6117
3,GET,128,6202
3,GET,129,6255
3,GET,130,6274
3,GET,131,6307
3,GET,132,6450
3,GET,133,6177
3,GET,134,6343
3,GET,135,6222
3,GET,136,6203
3,GET,137,6294
3,GET,138,6175
3,GET,139,6249
3,GET,140,6234
3,GET,141,6098
3,GET,142,6144
3,GET,143,5987
3,GET,144,5890
3,GET,145,5960
3,GET,146,5697
3,GET,147,5723
3,GET,148,5515
3,GET,149,5610
3,GET,150,5341
3,GET,151,5178
3,GET,152,5056
3,GET,153,5152
3,GET,154,4831
3,GET,155,4661
3,GET,156,4730
3,GET,157,4477
3,GET,158,4336
3,GET,159,4318
3,GET,160,4219
3,GET,161,3966
3,GET,162,4015
3,GET,163,3766
3,GET,164,3798
3,GET,165,3545
3,GET,166,3498
3,GET,167,3430
3,GET,168,3223
3,GET,169,3089
3,GET,170,2951
3,GET,171,2865
3,GET,172,2732
3,GET,173,2662
3,GET,174,2522
3,GET,175,2440
3,GET,176,2462
3,GET,177,2239
3,GET,178,2203
3,GET,179,2188
3,GET,180,2089
3,GET,181,1948
3,GET,182,1871
3,GET,183,1772
3,GET,184,1768
3,GET,185,1668
3,GET,186,1607
3,GET,187,1467
3,GET,188,1412
3,GET,189,1394
3,GET,190,1282
3,GET,191,1240
3,GET,192,1224
3,GET,193,1164
3,GET,194,1112
3,GET,195,1054
3,GET,196,1026
3,GET,197,889
3,GET,198,913
3,GET,199,904
3,GET,200,911
3,GET,201,774
3,GET,202,803
3,GET,203,690
3,GET,204,680
3,GET,205,612
3,GET,206,617
3,GET,207,550
3,GET,208,579
3,GET,209,520
3,GET,210,469
3,GET,211,494
3,GET,212,496
3,GET,213,434
3,GET,214,407
3,GET,215,393
3,GET,216,371
3,GET,217,371
3,GET,218,357
3,GET,219,303
3,GET,220,338
3,GET,221,304
3,GET,222,286
3,GET,223,262
3,GET,224,228
3,GET,225,226
3,GET,226,227
3,GET,227,219
3,GET,228,203
3,GET,229,180
3,GET,230,163
3,GET,231,184
3,GET,232,164
3,GET,233,140
3,GET,234,155
3,GET,235,144
3,GET,236,133
3,GET,237,137
3,GET,238,121
3,GET,239,123
3,GET,240,115
3,GET,241,96
3,GET,242,99
3,GET,243,116
3,GET,244,97
3,GET,245,84
3,GET,246,73
3,GET,247,73
3,GET,248,74
3,GET,249,70
3,GET,250,70
3,GET,251,70
3,GET,252,65
3,GET,253,77
3,GET,254,68
3,GET,255,50
3,GET,257,107
3,GET,259,79
3,GET,261,76
3,GET,263,72
3,GET,265,80
3,GET,267,69
3,GET,269,76
3,GET,271,70
3,GET,273,55
3,GET,275,51
3,GET,277,50
3,GET,279,52
3,GET,281,48
3,GET,283,44
3,GET,285,41
3,GET,287,46
3,GET,289,49
3,GET,291,25
3,GET,293,28
3,GET,295,38
3,GET,297,36
3,GET,299,32
3,GET,301,25
3,GET,303,25
3,GET,305,22
3,GET,307,25
3,GET,309,22
3,GET,311,22
3,GET,313,21
3,GET,315,19
3,GET,317,20
3,GET,319,16
3,GET,321,18
3,GET,323,16
3,GET,325,16
3,GET,327,13
3,GET,329,13
3,GET,331,15
3,GET,333,16
3,GET,335,12
3,GET,337,19
3,GET,339,15
3,GET,341,15
3,GET,343,14
3,GET,345,12
3,GET,347,13
3,GET,349,14
3,GET,351,14
3,GET,353,13
3,GET,355,9
3,GET,357,11
3,GET,359,12
3,GET,361,3
3,GET,363,19
3,GET,365,9
3,GET,367,7
3,GET,369,14
3,GET,371,10
3,GET,373,8
3,GET,375,8
3,GET,377,14
3,GET,379,6
3,GET,381,10
3,GET,383,5
3,GET,385,11
3,GET,387,13
3,GET,389,7
3,GET,391,12
3,GET,393,11
3,GET,395,5
3,GET,397,3
3,GET,399,1
3,GET,401,6
3,GET,403,6
3,GET,405,10
3,GET,407,4
3,GET,409,8
3,GET,411,5
3,GET,413,12
3,GET,415,6
3,GET,417,3
3,GET,419,5
3,GET,421,4
3,GET,423,8
3,GET,425,7
3,GET,427,3
3,GET,429,3
3,GET,431,1
3,GET,433,5
3,GET,435,5
3,GET,437,3
3,GET,439,2
3,GET,441,5
3,GET,443,3
3,GET,445,6
3,GET,447,4
3,GET,449,3
3,GET,451,4
3,GET,453,3
3,GET,455,2
3,GET,457,5
3,GET,459,3
3,GET,461,2
3,GET,463,5
3,GET,465,4
3,GET,467,2
3,GET,469,3
3,GET,471,5
3,GET,473,3
3,GET,475,3
3,GET,477,2
3,GET,479,1
3,GET,481,1
3,GET,483,6
3,GET,485,2
3,GET,487,2
3,GET,489,1
3,GET,491,1
3,GET,493,2
3,GET,495,2
3,GET,497,3
3,GET,499,2
3,GET,501,2
3,GET,503,1
3,GET,505,3
3,GET,507,3
3,GET,509,2
3,GET,511,1
3,GET,515,2
3,GET,519,1
3,GET,523,4
3,GET,527,6
3,GET,531,4
3,GET,535,6
3,GET,539,4
3,GET,543,3
3,GET,547,1
3,GET,551,4
3,GET,555,3
3,GET,559,6
3,GET,563,4
3,GET,567,5
3,GET,571,2
3,GET,575,5
3,GET,579,3
3,GET,583,2
3,GET,587,4
3,GET,591,1
3,GET,595,1
3,GET,599,2
3,GET,603,2
3,GET,607,5
3,GET,611,1
3,GET,615,2
3,GET,619,4
3,GET,623,3
3,GET,627,3
3,GET,631,3
3,GET,635,1
3,GET,639,1
3,GET,643,1
3,GET,647,1
3,GET,651,1
3,GET,655,2
3,GET,659,3
3,GET,663,3
3,GET,671,2
3,GET,675,4
3,GET,679,2
3,GET,683,1
3,GET,691,2
3,GET,695,1
3,GET,699,2
3,GET,707,3
3,GET,711,3
3,GET,715,3
3,GET,719,2
3,GET,723,2
3,GET,727,2
3,GET,731,1
3,GET,735,3
3,GET,743,1
3,GET,751,1
3,GET,755,3
3,GET,759,1
3,GET,763,3
3,GET,771,2
3,GET,783,2
3,GET,791,2
3,GET,795,1
3,GET,811,1
3,GET,815,1
3,GET,819,3
3,GET,823,1
3,GET,827,2
3,GET,831,1
3,GET,855,2
3,GET,867,2
3,GET,875,1
3,GET,879,2
3,GET,899,3
3,GET,903,1
3,GET,939,2
3,GET,951,1
3,GET,959,1
3,GET,1015,1
3,GET,1019,1
3,GET,1023,1
3,GET,1055,1
3,GET,1063,1
3,GET,1079,1
3,GET,1087,1
3,GET,1103,4
3,GET,1111,1
3,GET,1119,1
3,GET,1127,2
3,GET,1143,1
3,GET,1167,2
3,GET,1199,1
3,GET,1207,1
3,GET,1231,2
3,GET,1247,2
3,GET,1263,2
3,GET,1271,1
3,GET,1279,3
3,GET,1287,1
3,GET,1303,1
3,GET,1311,2
3,GET,1319,1
3,GET,1327,1
3,GET,1335,1
3,GET,1351,2
3,GET,1367,3
3,GET,1383,1
3,GET,1415,1
3,GET,1423,1
3,GET,1431,3
3,GET,1463,3
3,GET,1471,1
3,GET,1487,1
3,GET,1503,1
3,GET,1519,1
3,GET,1527,1
3,GET,1535,1
3,GET,1559,1
3,GET,1583,1
3,GET,1591,1
3,GET,1599,3
3,GET,1607,1
3,GET,1615,1
3,GET,1655,1
3,GET,1663,1
3,GET,1671,1
3,GET,1687,3
3,GET,1695,1
3,GET,1703,1
3,GET,1775,1
3,GET,1783,1
3,GET,1807,1
3,GET,1855,1
3,GET,1871,1
3,GET,1895,1
3,GET,1911,1
3,GET,1935,1
3,GET,1943,1
3,GET,1975,1
3,GET,2031,1
3,GET,2047,1
3,GET,2063,1
3,GET,2095,1
3,GET,2127,1
3,GET,2143,1
3,GET,2159,1
3,GET,2191,1
3,GET,2207,1
3,GET,2335,1
3,GET,2399,1
3,GET,2591,1
3,GET,2799,1
3,GET,2847,1
3,GET,2879,2
3,GET,3039,1
3,GET,3455,1
3,GET,3535,1
3,GET,3551,1
3,GET,3663,1
3,GET,3775,1
3,GET,4351,1
3,GET,5087,1
3,GET,6399,1
3,GET,7103,1
3,GET,7967,1
4,GET,73,1
4,GET,74,3
4,GET,75,6
4,GET,76,18
4,GET,77,25
4,GET,78,42
4,GET,79,51
4,GET,80,89
4,GET,81,122
4,GET,82,157
4,GET,83,203
4,GET,84,254
4,GET,85,300
4,GET,86,434
4,GET,87,517
4,GET,88,564
4,GET,89,704
4,GET,90,791
4,GET,91,927
4,GET,92,1024
4,GET,93,1139
4,GET,94,1285
4,GET,95,1451
4,GET,96,1507
4,GET,97,1784
4,GET,98,2020
4,GET,99,2213
4,GET,100,2417
4,GET,101,2604
4,GET,102,2863
4,GET,103,2923
4,GET,104,3275
4,GET,105,3408
4,GET,106,3460
4,GET,107,3581
4,GET,108,3858
4,GET,109,4010
4,GET,110,4183
4,GET,111,4312
4,GET,112,4461
4,GET,113,4650
4,GET,114,4760
4,GET,115,4998
4,GET,116,5073
4,GET,117,5313
4,GET,118,5368
4,GET,119,5627
4,GET,120,5800
4,GET,121,5577
4,GET,122,5761
4,GET,123,6004
4,GET,124,5992
4,GET,125,6208
4,GET,126,6165
4,GET,127,6169
4,GET,128,6317
4,GET,129,6206
4,GET,130,6170
4,GET,131,6230
4,GET,132,6130
4,GET,133,6234
4,GET,134,6212
4,GET,135,6252
4,GET,136,6098
4,GET,137,6359
4,GET,138,6170
4,GET,139,6190
4,GET,140,6125
4,GET,141,6134
4,GET,142,6127
4,GET,143,6083
4,GET,144,5850
4,GET,145,5769
4,GET,146,5731
4,GET,147,5611
4,GET,148,5562
4,GET,149,5580
4,GET,150,5243
4,GET,151,5132
4,GET,152,5094
4,GET,153,4985
4,GET,154,4865
4,GET,155,4864
4,GET,156,4624
4,GET,157,4543
4,GET,158,4318
4,GET,159,4212
4,GET,160,4107
4,GET,161,4047
4,GET,162,3998
4,GET,163,3871
4,GET,164,3739
4,GET,165,3620
4,GET,166,3511
4,GET,167,3321
4,GET,168,3265
4,GET,169,3082
4,GET,170,3097
4,GET,171,2990
4,GET,172,2740
4,GET,173,2648
4,GET,174,2659
4,GET,175,2501
4,GET,176,2398
4,GET,177,2439
4,GET,178,2227
4,GET,179,2240
4,GET,180,2079
4,GET,181,1978
4,GET,182,1949
4,GET,183,1870
4,GET,184,1772
4,GET,185,1741
4,GET,186,1648
4,GET,187,1509
4,GET,188,1540
4,GET,189,1429
4,GET,190,1379
4,GET,191,1268
4,GET,192,1238
4,GET,193,1089
4,GET,194,1104
4,GET,195,1073
4,GET,196,1071
4,GET,197,991
4,GET,198,952
4,GET,199,923
4,GET,200,855
4,GET,201,771
4,GET,202,796
4,GET,203,765
4,GET,204,700
4,GET,205,706
4,GET,206,657
4,GET,207,552
4,GET,208,586
4,GET,209,542
4,GET,210,541
4,GET,211,515
4,GET,212,457
4,GET,213,446
4,GET,214,429
4,GET,215,430
4,GET,216,393
4,GET,217,406
4,GET,218,345
4,GET,219,307
4,GET,220,313
4,GET,221,299
4,GET,222,284
4,GET,223,274
4,GET,224,256
4,GET,225,250
4,GET,226,248
4,GET,227,226
4,GET,228,227
4,GET,229,197
4,GET,230,174
4,GET,231,155
4,GET,232,179
4,GET,233,162
4,GET,234,158
4,GET,235,146
4,GET,236,134
4,GET,237,124
4,GET,238,132
4,GET,239,129
4,GET,240,118
4,GET,241,119
4,GET,242,128
4,GET,243,112
4,GET,244,85
4,GET,245,83
4,GET,246,90
4,GET,247,76
4,GET,248,71
4,GET,249,64
4,GET,250,67
4,GET,251,71
4,GET,252,71
4,GET,253,68
4,GET,254,72
4,GET,255,64
4,GET,257,106
4,GET,259,106
4,GET,261,88
4,GET,263,83
4,GET,265,83
4,GET,267,77
4,GET,269,66
4,GET,271,62
4,GET,273,64
4,GET,275,64
4,GET,277,49
4,GET,279,42
4,GET,281,55
4,GET,283,48
4,GET,285,32
4,GET,287,34
4,GET,289,44
4,GET,291,37
4,GET,293,30
4,GET,295,27
4,GET,297,24
4,GET,299,23
4,GET,301,26
4,GET,303,24
4,GET,305,24
4,GET,307,29
4,GET,309,17
4,GET,311,18
4,GET,313,27
4,GET,315,29
4,GET,317,13
4,GET,319,23
4,GET,321,27
4,GET,323,16
4,GET,325,14
4,GET,327,13
4,GET,329,23
4,GET,331,14
4,GET,333,13
4,GET,335,16
4,GET,337,9
4,GET,339,14
4,GET,341,11
4,GET,343,18
4,GET,345,15
4,GET,347,10
4,GET,349,8
4,GET,351,9
4,GET,353,5
4,GET,355,8
4,GET,357,7
4,GET,359,14
4,GET,361,11
4,GET,363,13
4,GET,365,6
4,GET,367,9
4,GET,369,8
4,GET,371,4
4,GET,373,5
4,GET,375,7
4,GET,377,14
4,GET,379,7
4,GET,381,3
4,GET,383,5
4,GET,385,6
4,GET,387,9
4,GET,389,6
4,GET,391,10
4,GET,393,2
4,GET,395,6
4,GET,397,4
4,GET,399,8
4,GET,401,4
4,GET,403,3
4,GET,405,3
4,GET,407,5
4,GET,409,5
4,GET,411,3
4,GET,413,4
4,GET,415,2
4,GET,417,5
4,GET,419,2
4,GET,421,8
4,GET,423,3
4,GET,425,8
4,GET,427,3
4,GET,429,4
4,GET,431,4
4,GET,433,4
4,GET,435,4
4,GET,439,3
4,GET,441,1
4,GET,443,6
4,GET,445,2
4,GET,447,2
4,GET,449,3
4,GET,451,1
4,GET,455,4
4,GET,457,1
4,GET,459,1
4,GET,461,3
4,GET,463,1
4,GET,465,3
4,GET,467,2
4,GET,469,3
4,GET,471,3
4,GET,473,2
4,GET,477,3
4,GET,479,3
4,GET,481,2
4,GET,485,3
4,GET,487,1
4,GET,489,5
4,GET,491,2
4,GET,493,4
4,GET,495,2
4,GET,497,4
4,GET,499,1
4,GET,501,1
4,GET,503,3
4,GET,505,5
4,GET,509,2
4,GET,511,2
4,GET,515,4
4,GET,519,5
4,GET,523,3
4,GET,527,1
4,GET,531,3
4,GET,535,4
4,GET,539,3
4,GET,543,1
4,GET,547,3
4,GET,551,3
4,GET,555,3
4,GET,559,2
4,GET,563,4
4,GET,567,4
4,GET,571,5
4,GET,575,2
4,GET,579,2
4,GET,583,2
4,GET,587,2
4,GET,591,5
4,GET,595,6
4,GET,599,4
4,GET,603,5
4,GET,611,2
4,GET,615,4
4,GET,619,3
4,GET,623,3
4,GET,627,2
4,GET,631,1
4,GET,635,1
4,GET,639,2
4,GET,643,3
4,GET,647,1
4,GET,651,4
4,GET,655,1
4,GET,659,3
4,GET,663,4
4,GET,667,1
4,GET,671,2
4,GET,675,1
4,GET,679,1
4,GET,683,2
4,GET,687,1
4,GET,695,2
4,GET,703,4
4,GET,707,3
4,GET,711,2
4,GET,715,2
4,GET,723,2
4,GET,731,1
4,GET,739,2
4,GET,743,3
4,GET,747,2
4,GET,751,2
4,GET,755,2
4,GET,759,2
4,GET,763,1
4,GET,771,1
4,GET,775,1
4,GET,791,1
4,GET,799,1
4,GET,803,1
4,GET,819,1
4,GET,823,1
4,GET,827,1
4,GET,831,2
4,GET,835,1
4,GET,847,1
4,GET,851,1
4,GET,871,1
4,GET,879,1
4,GET,907,1
4,GET,923,1
4,GET,943,1
4,GET,947,1
4,GET,963,1
4,GET,967,2
4,GET,983,2
4,GET,1007,1
4,GET,1039,1
4,GET,1087,1
4,GET,1119,1
4,GET,1127,2
4,GET,1135,1
4,GET,1143,2
4,GET,1151,2
4,GET,1159,1
4,GET,1167,1
4,GET,1175,1
4,GET,1191,1
4,GET,1239,1
4,GET,1247,1
4,GET,1255,1
4,GET,1271,1
4,GET,1279,1
4,GET,1287,1
4,GET,1295,1
4,GET,1319,2
4,GET,1327,3
4,GET,1335,1
4,GET,1351,2
4,GET,1359,3
4,GET,1367,1
4,GET,1399,1
4,GET,1407,1
4,GET,1415,1
4,GET,1447,1
4,GET,1455,1
4,GET,1479,1
4,GET,1487,1
4,GET,1503,3
4,GET,1519,1
4,GET,1535,2
4,GET,1543,2
4,GET,1551,2
4,GET,1559,2
4,GET,1567,1
4,GET,1575,2
4,GET,1591,1
4,GET,1623,2
4,GET,1671,1
4,GET,1679,2
4,GET,1687,1
4,GET,1695,3
4,GET,1703,2
4,GET,1727,1
4,GET,1735,2
4,GET,1743,1
4,GET,1751,1
4,GET,1823,1
4,GET,1839,1
4,GET,1879,3
4,GET,1903,1
4,GET,1919,1
4,GET,1959,1
4,GET,2047,2
4,GET,2079,2
4,GET,2095,2
4,GET,2127,3
4,GET,2143,1
4,GET,2207,2
4,GET,2271,1
4,GET,2335,1
4,GET,2351,1
4,GET,2367,1
4,GET,2399,1
4,GET,2479,1
4,GET,2511,1
4,GET,2671,1
4,GET,3055,1
4,GET,3471,1
4,GET,3679,1
4,GET,3727,1
4,GET,3823,1
4,GET,4511,1
4,GET,5727,1
4,GET,6463,1
4,GET,7231,1
4,GET,7551,1
4,SET,76,1
4,SET,78,1
4,SET,79,2
4,SET,80,2
4,SET,81,1
4,SET,82,5
4,SET,83,5
4,SET,84,13
4,SET,85,9
4,SET,86,12
4,SET,87,23
4,SET,88,24
4,SET,89,24
4,SET,90,33
4,SET,91,32
4,SET,92,44
4,SET,93,60
4,SET,94,51
4,SET,95,65
4,SET,96,74
4,SET,97,72
4,SET,98,88
4,SET,99,95
4,SET,100,119
4,SET,101,111
4,SET,102,141
4,SET,103,152
4,SET,104,167
4,SET,105,181
4,SET,106,207
4,SET,107,169
4,SET,108,213
4,SET,109,232
4,SET,110,219
4,SET,111,214
4,SET,112,236
4,SET,113,290
4,SET,114,266
4,SET,115,299
4,SET,116,313
4,SET,117,298
4,SET,118,352
4,SET,119,347
4,SET,120,357
4,SET,121,381
4,SET,122,395
4,SET,123,378
4,SET,124,366
4,SET,125,424
4,SET,126,354
4,SET,127,358
4,SET,128,399
4,SET,129,416
4,SET,130,460
4,SET,131,418
4,SET,132,411
4,SET,133,415
4,SET,134,441
4,SET,135,421
4,SET,136,441
4,SET,137,437
4,SET,138,457
4,SET,139,480
4,SET,140,465
4,SET,141,436
4,SET,142,449
4,SET,143,409
4,SET,144,410
4,SET,145,445
4,SET,146,411
4,SET,147,425
4,SET,148,407
4,SET,149,414
4,SET,150,387
4,SET,151,410
4,SET,152,391
4,SET,153,375
4,SET,154,339
4,SET,155,370
4,SET,156,375
4,SET,157,363
4,SET,158,342
4,SET,159,347
4,SET,160,317
4,SET,161,306
4,SET,162,345
4,SET,163,311
4,SET,164,259
4,SET,165,322
4,SET,166,282
4,SET,167,238
4,SET,168,250
4,SET,169,290
4,SET,170,262
4,SET,171,245
4,SET,172,231
4,SET,173,234
4,SET,174,228
4,SET,175,237
4,SET,176,232
4,SET,177,198
4,SET,178,206
4,SET,179,184
4,SET,180,181
4,SET,181,170
4,SET,182,167
4,SET,183,162
4,SET,184,172
4,SET,185,130
4,SET,186,144
4,SET,187,158
4,SET,188,132
4,SET,189,143
4,SET,190,104
4,SET,191,107
4,SET,192,112
4,SET,193,113
4,SET,194,97
4,SET,195,102
4,SET,196,88
4,SET,197,90
4,SET,198,110
4,SET,199,85
4,SET,200,75
4,SET,201,98
4,SET,202,77
4,SET,203,68
4,SET,204,64
4,SET,205,58
4,SET,206,51
4,SET,207,48
4,SET,208,52
4,SET,209,62
4,SET,210,45
4,SET,211,40
4,SET,212,46
4,SET,213,51
4,SET,214,40
4,SET,215,45
4,SET,216,37
4,SET,217,35
4,SET,218,30
4,SET,219,37
4,SET,220,24
4,SET,221,30
4,SET,222,27
4,SET,223,25
4,SET,224,32
4,SET,225,30
4,SET,226,14
4,SET,227,25
4,SET,228,16
4,SET,229,26
4,SET,230,22
4,SET,231,21
4,SET,232,16
4,SET,233,20
4,SET,234,10
4,SET,235,20
4,SET,236,17
4,SET,237,11
4,SET,238,15
4,SET,239,10
4,SET,240,14
4,SET,241,17
4,SET,242,11
4,SET,243,16
4,SET,244,12
4,SET,245,8
4,SET,246,7
4,SET,247,8
4,SET,248,8
4,SET,249,4
4,SET,250,8
4,SET,251,9
4,SET,252,14
4,SET,253,9
4,SET,254,4
4,SET,255,7
4,SET,257,14
4,SET,259,9
4,SET,261,10
4,SET,263,11
4,SET,265,4
4,SET,267,6
4,SET,269,9
4,SET,271,6
4,SET,273,7
4,SET,275,6
4,SET,277,4
4,SET,279,11
4,SET,281,3
4,SET,283,7
4,SET,285,5
4,SET,287,4
4,SET,289,4
4,SET,291,5
4,SET,293,1
4,SET,295,3
4,SET,297,1
4,SET,299,2
4,SET,301,2
4,SET,303,3
4,SET,305,3
4,SET,309,6
4,SET,311,1
4,SET,313,1
4,SET,319,1
4,SET,321,1
4,SET,323,1
4,SET,325,2
4,SET,327,1
4,SET,329,1
4,SET,331,1
4,SET,333,1
4,SET,335,3
4,SET,341,3
4,SET,343,1
4,SET,345,3
4,SET,349,1
4,SET,351,1
4,SET,353,2
4,SET,355,3
4,SET,357,1
4,SET,361,1
4,SET,363,1
4,SET,365,1
4,SET,369,1
4,SET,371,1
4,SET,373,1
4,SET,375,1
4,SET,379,1
4,SET,385,1
4,SET,389,1
4,SET,393,1
4,SET,397,1
4,SET,399,1
4,SET,403,1
4,SET,405,1
4,SET,409,2
4,SET,415,2
4,SET,417,1
4,SET,423,2
4,SET,425,1
4,SET,431,2
4,SET,441,1
4,SET,443,1
4,SET,455,2
4,SET,535,1
4,SET,539,1
4,SET,571,1
4,SET,579,2
4,SET,583,1
4,SET,595,1
4,SET,599,1
4,SET,607,1
4,SET,631,1
4,SET,735,1
4,SET,827,1
4,SET,1391,1
4,SET,1415,1
4,SET,1439,1
4,SET,2351,1
4,SET,3919,1
4,DEL,74,2
4,DEL,75,2
4,DEL,76,5
4,DEL,77,9
4,DEL,78,15
4,DEL,79,24
4,DEL,80,22
4,DEL,81,28
4,DEL,82,38
4,DEL,83,52
4,DEL,84,77
4,DEL,85,105
4,DEL,86,121
4,DEL,87,135
4,DEL,88,165
4,DEL,89,230
4,DEL,90,260
4,DEL,91,268
4,DEL,92,358
4,DEL,93,353
4,DEL,94,420
4,DEL,95,504
4,DEL,96,506
4,DEL,97,617
4,DEL,98,643
4,DEL,99,712
4,DEL,100,787
4,DEL,101,836
4,DEL,102,925
4,DEL,103,994
4,DEL,104,1044
4,DEL,105,1134
4,DEL,106,1161
4,DEL,107,1252
4,DEL,108,1335
4,DEL,109,1374
4,DEL,110,1387
4,DEL,111,1466
4,DEL,112,1582
4,DEL,113,1711
4,DEL,114,1656
4,DEL,115,1691
4,DEL,116,1798
4,DEL,117,1867
4,DEL,118,1907
4,DEL,119,1936
4,DEL,120,1955
4,DEL,121,2102
4,DEL,122,2145
4,DEL,123,2083
4,DEL,124,2201
4,DEL,125,2146
4,DEL,126,2136
4,DEL,127,2177
4,DEL,128,2212
4,DEL,129,2234
4,DEL,130,2192
4,DEL,131,2216
4,DEL,132,2220
4,DEL,133,2290
4,DEL,134,2250
4,DEL,135,2203
4,DEL,136,2232
4,DEL,137,2128
4,DEL,138,2166
4,DEL,139,2238
4,DEL,140,2217
4,DEL,141,2221
4,DEL,142,2193
4,DEL,143,2117
4,DEL,144,2162
4,DEL,145,2094
4,DEL,146,2058
4,DEL,147,2010
4,DEL,148,1979
4,DEL,149,1967
4,DEL,150,1930
4,DEL,151,1921
4,DEL,152,1822
4,DEL,153,1800
4,DEL,154,1782
4,DEL,155,1716
4,DEL,156,1712
4,DEL,157,1704
4,DEL,158,1752
4,DEL,159,1608
4,DEL,160,1529
4,DEL,161,1462
4,DEL,162,1465
4,DEL,163,1407
4,DEL,164,1439
4,DEL,165,1260
4,DEL,166,1251
4,DEL,167,1239
4,DEL,168,1219
4,DEL,169,1123
4,DEL,170,1113
4,DEL,171,1059
4,DEL,172,1023
4,DEL,173,967
4,DEL,174,957
4,DEL,175,886
4,DEL,176,914
4,DEL,177,843
4,DEL,178,774
4,DEL,179,744
4,DEL,180,830
4,DEL,181,769
4,DEL,182,734
4,DEL,183,689
4,DEL,184,618
4,DEL,185,636
4,DEL,186,593
4,DEL,187,576
4,DEL,188,555
4,DEL,189,575
4,DEL,190,529
4,DEL,191,436
4,DEL,192,475
4,DEL,193,404
4,DEL,194,425
4,DEL,195,391
4,DEL,196,396
4,DEL,197,404
4,DEL,198,350
4,DEL,199,360
4,DEL,200,309
4,DEL,201,345
4,DEL,202,309
4,DEL,203,261
4,DEL,204,263
4,DEL,205,246
4,DEL,206,264
4,DEL,207,236
4,DEL,208,219
4,DEL,209,232
4,DEL,210,184
4,DEL,211,201
4,DEL,212,157
4,DEL,213,175
4,DEL,214,169
4,DEL,215,168
4,DEL,216,139
4,DEL,217,145
4,DEL,218,132
4,DEL,219,117
4,DEL,220,117
4,DEL,221,115
4,DEL,222,99
4,DEL,223,123
4,DEL,224,105
4,DEL,225,91
4,DEL,226,81
4,DEL,227,107
4,DEL,228,74
4,DEL,229,68
4,DEL,230,77
4,DEL,231,59
4,DEL,232,81
4,DEL,233,78
4,DEL,234,62
4,DEL,235,57
4,DEL,236,59
4,DEL,237,44
4,DEL,238,52
4,DEL,239,52
4,DEL,240,46
4,DEL,241,36
4,DEL,242,43
4,DEL,243,33
4,DEL,244,33
4,DEL,245,44
4,DEL,246,42
4,DEL,247,38
4,DEL,248,30
4,DEL,249,27
4,DEL,250,25
4,DEL,251,27
4,DEL,252,23
4,DEL,253,26
4,DEL,254,26
4,DEL,255,22
4,DEL,257,28
4,DEL,259,44
4,DEL,261,45
4,DEL,263,31
4,DEL,265,26
4,DEL,267,24
4,DEL,269,25
4,DEL,271,18
4,DEL,273,23
4,DEL,275,16
4,DEL,277,18
4,DEL,279,14
4,DEL,281,8
4,DEL,283,15
4,DEL,285,28
4,DEL,287,14
4,DEL,289,20
4,DEL,291,13
4,DEL,293,9
4,DEL,295,13
4,DEL,297,7
4,DEL,299,4
4,DEL,301,4
4,DEL,303,12
4,DEL,305,10
4,DEL,307,9
4,DEL,309,11
4,DEL,311,5
4,DEL,313,5
4,DEL,315,5
4,DEL,317,16
4,DEL,319,6
4,DEL,321,8
4,DEL,323,5
4,DEL,325,3
4,DEL,327,8
4,DEL,329,6
4,DEL,331,3
4,DEL,333,5
4,DEL,335,9
4,DEL,337,6
4,DEL,339,3
4,DEL,341,3
4,DEL,343,6
4,DEL,345,3
4,DEL,347,3
4,DEL,349,2
4,DEL,351,3
4,DEL,353,3
4,DEL,355,1
4,DEL,357,1
4,DEL,359,3
4,DEL,361,4
4,DEL,363,6
4,DEL,365,3
4,DEL,367,3
4,DEL,369,1
4,DEL,373,8
4,DEL,375,1
4,DEL,377,3
4,DEL,379,4
4,DEL,381,1
4,DEL,383,1
4,DEL,385,3
4,DEL,387,4
4,DEL,389,2
4,DEL,391,3
4,DEL,393,2
4,DEL,395,1
4,DEL,397,2
4,DEL,399,1
4,DEL,401,1
4,DEL,403,2
4,DEL,405,3
4,DEL,409,2
4,DEL,411,5
4,DEL,415,1
4,DEL,417,2
4,DEL,419,4
4,DEL,421,5
4,DEL,425,2
4,DEL,427,1
4,DEL,429,1
4,DEL,431,2
4,DEL,433,1
4,DEL,435,2
4,DEL,443,2
4,DEL,445,2
4,DEL,449,2
4,DEL,461,1
4,DEL,467,4
4,DEL,471,2
4,DEL,473,1
4,DEL,475,1
4,DEL,487,3
4,DEL,493,1
4,DEL,495,1
4,DEL,497,1
4,DEL,501,1
4,DEL,505,1
4,DEL,509,1
4,DEL,515,3
4,DEL,519,1
4,DEL,523,1
4,DEL,527,2
4,DEL,535,3
4,DEL,539,2
4,DEL,543,1
4,DEL,551,1
4,DEL,559,1
4,DEL,563,1
4,DEL,567,1
4,DEL,571,1
4,DEL,575,2
4,DEL,579,2
4,DEL,583,1
4,DEL,587,2
4,DEL,591,2
4,DEL,595,1
4,DEL,599,2
4,DEL,603,1
4,DEL,607,1
4,DEL,611,1
4,DEL,615,2
4,DEL,619,1
4,DEL,623,1
4,DEL,627,1
4,DEL,631,2
4,DEL,635,1
4,DEL,655,1
4,DEL,659,1
4,DEL,667,3
4,DEL,671,1
4,DEL,675,1
4,DEL,679,1
4,DEL,683,2
4,DEL,699,2
4,DEL,711,1
4,DEL,715,1
4,DEL,723,1
4,DEL,731,1
4,DEL,759,1
4,DEL,771,1
4,DEL,775,1
4,DEL,783,2
4,DEL,795,1
4,DEL,819,2
4,DEL,831,1
4,DEL,843,1
4,DEL,883,1
4,DEL,907,1
4,DEL,911,1
4,DEL,915,1
4,DEL,947,1
4,DEL,979,1
4,DEL,991,1
4,DEL,995,1
4,DEL,1047,1
4,DEL,1063,1
4,DEL,1119,1
4,DEL,1127,1
4,DEL,1143,1
4,DEL,1183,1
4,DEL,1215,1
4,DEL,1287,1
4,DEL,1295,2
4,DEL,1359,1
4,DEL,1383,1
4,DEL,1391,1
4,DEL,1407,1
4,DEL,1463,1
4,DEL,1471,1
4,DEL,1511,1
4,DEL,1591,1
4,DEL,1599,1
4,DEL,1615,1
4,DEL,1623,1
4,DEL,1671,1
4,DEL,1679,1
4,DEL,1695,1
4,DEL,1759,1
4,DEL,1903,1
4,DEL,1911,1
4,DEL,1919,1
4,DEL,1983,1
4,DEL,2023,1
4,DEL,2207,1
4,DEL,2431,1
4,DEL,3967,1
4,DEL,5119,1
5,GET,73,2
5,GET,74,3
5,GET,75,10
5,GET,76,23
5,GET,77,43
5,GET,78,77
5,GET,79,125
5,GET,80,157
5,GET,81,235
5,GET,82,305
5,GET,83,435
5,GET,84,556
5,GET,85,712
5,GET,86,789
5,GET,87,967
5,GET,88,1091
5,GET,89,1251
5,GET,90,1383
5,GET,91,1530
5,GET,92,1699
5,GET,93,1964
5,GET,94,2170
5,GET,95,2316
5,GET,96,2468
5,GET,97,2705
5,GET,98,2974
5,GET,99,3296
5,GET,100,3403
5,GET,101,3633
5,GET,102,3855
5,GET,103,4027
5,GET,104,4088
5,GET,105,4201
5,GET,106,4582
5,GET,107,4648
5,GET,108,4896
5,GET,109,5118
5,GET,110,5038
5,GET,111,5174
5,GET,112,5486
5,GET,113,5615
5,GET,114,5650
5,GET,115,5863
5,GET,116,5705
5,GET,117,6064
5,GET,118,5939
5,GET,119,6065
5,GET,120,6380
5,GET,121,6317
5,GET,122,6472
5,GET,123,6520
5,GET,124,6572
5,GET,125,6418
5,GET,126,6645
5,GET,127,6525
5,GET,128,6538
5,GET,129,6305
5,GET,130,6472
5,GET,131,6489
5,GET,132,6470
5,GET,133,6400
5,GET,134,6292
5,GET,135,6142
5,GET,136,6079
5,GET,137,6139
5,GET,138,6015
5,GET,139,6064
5,GET,140,5781
5,GET,141,5858
5,GET,142,5805
5,GET,143,5644
5,GET,144,5551
5,GET,145,5520
5,GET,146,5444
5,GET,147,5226
5,GET,148,5000
5,GET,149,5007
5,GET,150,4875
5,GET,151,4657
5,GET,152,4549
5,GET,153,4466
5,GET,154,4199
5,GET,155,4166
5,GET,156,4057
5,GET,157,3923
5,GET,158,3770
5,GET,159,3679
5,GET,160,3535
5,GET,161,3408
5,GET,162,3358
5,GET,163,3194
5,GET,164,3069
5,GET,165,2945
5,GET,166,2846
5,GET,167,2719
5,GET,168,2583
5,GET,169,2534
5,GET,170,2358
5,GET,171,2357
5,GET,172,2279
5,GET,173,2187
5,GET,174,2113
5,GET,175,1952
5,GET,176,1892
5,GET,177,1838
5,GET,178,1723
5,GET,179,1707
5,GET,180,1586
5,GET,181,1529
5,GET,182,1478
5,GET,183,1439
5,GET,184,1296
5,GET,185,1276
5,GET,186,1148
5,GET,187,1089
5,GET,188,1128
5,GET,189,1066
5,GET,190,994
5,GET,191,924
5,GET,192,878
5,GET,193,796
5,GET,194,812
5,GET,195,744
5,GET,196,691
5,GET,197,723
5,GET,198,672
5,GET,199,655
5,GET,200,594
5,GET,201,538
5,GET,202,517
5,GET,203,518
5,GET,204,471
5,GET,205,464
5,GET,206,413
5,GET,207,407
5,GET,208,379
5,GET,209,395
5,GET,210,346
5,GET,211,315
5,GET,212,316
5,GET,213,330
5,GET,214,281
5,GET,215,244
5,GET,216,256
5,GET,217,232
5,GET,218,228
5,GET,219,237
5,GET,220,188
5,GET,221,205
5,GET,222,202
5,GET,223,186
5,GET,224,169
5,GET,225,177
5,GET,226,158
5,GET,227,137
5,GET,228,137
5,GET,229,128
5,GET,230,124
5,GET,231,120
5,GET,232,112
5,GET,233,95
5,GET,234,100
5,GET,235,102
5,GET,236,100
5,GET,237,97
5,GET,238,66
5,GET,239,80
5,GET,240,82
5,GET,241,78
5,GET,242,65
5,GET,243,55
5,GET,244,78
5,GET,245,61
5,GET,246,63
5,GET,247,57
5,GET,248,54
5,GET,249,64
5,GET,250,55
5,GET,251,52
5,GET,252,36
5,GET,253,35
5,GET,254,47
5,GET,255,34
5,GET,257,72
5,GET,259,70
5,GET,261,68
5,GET,263,64
5,GET,265,76
5,GET,267,46
5,GET,269,51
5,GET,271,50
5,GET,273,53
5,GET,275,55
5,GET,277,34
5,GET,279,28
5,GET,281,29
5,GET,283,34
5,GET,285,40
5,GET,287,31
5,GET,289,27
5,GET,291,27
5,GET,293,25
5,GET,295,25
5,GET,297,24
5,GET,299,25
5,GET,301,29
5,GET,303,21
5,GET,305,13
5,GET,307,19
5,GET,309,15
5,GET,311,28
5,GET,313,22
5,GET,315,14
5,GET,317,12
5,GET,319,16
5,GET,321,26
5,GET,323,18
5,GET,325,16
5,GET,327,15
5,GET,329,18
5,GET,331,9
5,GET,333,12
5,GET,335,18
5,GET,337,14
5,GET,339,14
5,GET,341,18
5,GET,343,24
5,GET,345,8
5,GET,347,12
5,GET,349,13
5,GET,351,11
5,GET,353,14
5,GET,355,10
5,GET,357,14
5,GET,359,9
5,GET,361,6
5,GET,363,12
5,GET,365,8
5,GET,367,10
5,GET,369,6
5,GET,371,9
5,GET,373,13
5,GET,375,6
5,GET,377,6
5,GET,379,7
5,GET,381,9
5,GET,383,8
5,GET,385,6
5,GET,387,7
5,GET,389,4
5,GET,391,5
5,GET,393,5
5,GET,395,7
5,GET,397,4
5,GET,399,6
5,GET,401,5
5,GET,403,8
5,GET,405,9
5,GET,407,5
5,GET,409,10
5,GET,411,3
5,GET,413,5
5,GET,415,7
5,GET,417,5
5,GET,419,1
5,GET,421,3
5,GET,423,7
5,GET,425,7
5,GET,427,2
5,GET,429,5
5,GET,431,3
5,GET,433,1
5,GET,435,5
5,GET,437,8
5,GET,439,4
5,GET,441,3
5,GET,443,3
5,GET,445,4
5,GET,447,4
5,GET,449,1
5,GET,451,2
5,GET,453,2
5,GET,455,4
5,GET,457,1
5,GET,459,2
5,GET,461,3
5,GET,463,2
5,GET,465,1
5,GET,467,1
5,GET,469,1
5,GET,471,5
5,GET,473,2
5,GET,475,1
5,GET,477,2
5,GET,479,4
5,GET,483,2
5,GET,485,1
5,GET,489,2
5,GET,491,3
5,GET,497,2
5,GET,501,4
5,GET,503,5
5,GET,505,1
5,GET,507,3
5,GET,509,1
5,GET,511,2
5,GET,515,1
5,GET,519,1
5,GET,523,3
5,GET,531,5
5,GET,535,3
5,GET,539,3
5,GET,543,5
5,GET,547,2
5,GET,551,8
5,GET,555,7
5,GET,559,4
5,GET,563,3
5,GET,567,1
5,GET,571,3
5,GET,575,1
5,GET,579,5
5,GET,583,2
5,GET,587,3
5,GET,591,4
5,GET,595,2
5,GET,599,3
5,GET,603,2
5,GET,607,1
5,GET,611,3
5,GET,615,3
5,GET,619,4
5,GET,623,2
5,GET,627,2
5,GET,635,3
5,GET,639,3
5,GET,647,2
5,GET,651,2
5,GET,655,3
5,GET,659,3
5,GET,663,2
5,GET,667,1
5,GET,671,1
5,GET,675,2
5,GET,679,2
5,GET,683,3
5,GET,691,1
5,GET,695,1
5,GET,699,4
5,GET,715,4
5,GET,719,1
5,GET,723,1
5,GET,735,1
5,GET,739,1
5,GET,747,1
5,GET,755,2
5,GET,763,1
5,GET,767,1
5,GET,771,2
5,GET,779,1
5,GET,783,1
5,GET,791,1
5,GET,799,3
5,GET,807,2
5,GET,811,1
5,GET,827,1
5,GET,835,1
5,GET,855,2
5,GET,875,1
5,GET,883,2
5,GET,895,1
5,GET,903,2
5,GET,907,1
5,GET,919,1
5,GET,951,1
5,GET,955,1
5,GET,979,1
5,GET,1007,1
5,GET,1015,1
5,GET,1063,1
5,GET,1079,1
5,GET,1087,1
5,GET,1103,1
5,GET,1159,1
5,GET,1167,1
5,GET,1191,1
5,GET,1239,3
5,GET,1247,1
5,GET,1255,1
5,GET,1263,1
5,GET,1279,1
5,GET,1303,1
5,GET,1311,1
5,GET,1319,1
5,GET,1343,3
5,GET,1367,1
5,GET,1375,1
5,GET,1391,1
5,GET,1407,1
5,GET,1447,1
5,GET,1479,1
5,GET,1487,1
5,GET,1495,1
5,GET,1519,1
5,GET,1559,1
5,GET,1591,1
5,GET,1607,1
5,GET,1623,1
5,GET,1639,1
5,GET,1647,1
5,GET,1655,1
5,GET,1663,1
5,GET,1671,1
5,GET,1679,1
5,GET,1719,2
5,GET,1767,3
5,GET,1775,2
5,GET,1783,1
5,GET,1823,1
5,GET,1911,1
5,GET,1951,1
5,GET,1967,1
5,GET,1983,1
5,GET,1999,3
5,GET,2047,2
5,GET,2079,1
5,GET,2159,1
5,GET,2191,1
5,GET,2223,2
5,GET,2335,2
5,GET,2399,1
5,GET,2943,1
5,GET,3103,1
5,GET,3167,1
5,GET,3471,1
5,GET,3631,1
5,GET,3727,1
5,GET,5503,1
5,GET,7263,1
5,GET,8319,1
5,SET,77,2
5,SET,78,1
5,SET,79,3
5,SET,80,7
5,SET,81,6
5,SET,82,8
5,SET,83,15
5,SET,84,21
5,SET,85,24
5,SET,86,28
5,SET,87,32
5,SET,88,44
5,SET,89,53
5,SET,90,53
5,SET,91,64
5,SET,92,72
5,SET,93,77
5,SET,94,111
5,SET,95,109
5,SET,96,142
5,SET,97,130
5,SET,98,159
5,SET,99,163
5,SET,100,176
5,SET,101,169
5,SET,102,200
5,SET,103,239
5,SET,104,220
5,SET,105,261
5,SET,106,266
5,SET,107,251
5,SET,108,273
5,SET,109,274
5,SET,110,303
5,SET,111,311
5,SET,112,367
5,SET,113,347
5,SET,114,346
5,SET,115,341
5,SET,116,361
5,SET,117,387
5,SET,118,413
5,SET,119,430
5,SET,120,428
5,SET,121,416
5,SET,122,422
5,SET,123,434
5,SET,124,438
5,SET,125,408
5,SET,126,441
5,SET,127,408
5,SET,128,470
5,SET,129,483
5,SET,130,455
5,SET,131,444
5,SET,132,433
5,SET,133,431
5,SET,134,426
5,SET,135,421
5,SET,136,434
5,SET,137,446
5,SET,138,457
5,SET,139,440
5,SET,140,416
5,SET,141,448
5,SET,142,410
5,SET,143,467
5,SET,144,424
5,SET,145,401
5,SET,146,402
5,SET,147,374
5,SET,148,441
5,SET,149,384
5,SET,150,373
5,SET,151,365
5,SET,152,393
5,SET,153,358
5,SET,154,326
5,SET,155,351
5,SET,156,320
5,SET,157,296
5,SET,158,301
5,SET,159,301
5,SET,160,266
5,SET,161,278
5,SET,162,279
5,SET,163,268
5,SET,164,271
5,SET,165,258
5,SET,166,248
5,SET,167,248
5,SET,168,226
5,SET,169,225
5,SET,170,206
5,SET,171,202
5,SET,172,219
5,SET,173,174
5,SET,174,192
5,SET,175,173
5,SET,176,189
5,SET,177,152
5,SET,178,170
5,SET,179,133
5,SET,180,128
5,SET,181,152
5,SET,182,136
5,SET,183,121
5,SET,184,125
5,SET,185,110
5,SET,186,100
5,SET,187,96
5,SET,188,102
5,SET,189,99
5,SET,190,88
5,SET,191,79
5,SET,192,80
5,SET,193,82
5,SET,194,71
5,SET,195,81
5,SET,196,60
5,SET,197,62
5,SET,198,79
5,SET,199,65
5,SET,200,52
5,SET,201,61
5,SET,202,46
5,SET,203,42
5,SET,204,50
5,SET,205,39
5,SET,206,51
5,SET,207,33
5,SET,208,34
5,SET,209,36
5,SET,210,40
5,SET,211,32
5,SET,212,41
5,SET,213,24
5,SET,214,21
5,SET,215,26
5,SET,216,24
5,SET,217,20
5,SET,218,21
5,SET,219,17
5,SET,220,21
5,SET,221,27
5,SET,222,17
5,SET,223,21
5,SET,224,14
5,SET,225,14
5,SET,226,21
5,SET,227,9
5,SET,228,10
5,SET,229,11
5,SET,230,7
5,SET,231,17
5,SET,232,14
5,SET,233,10
5,SET,234,13
5,SET,235,12
5,SET,236,4
5,SET,237,9
5,SET,238,7
5,SET,239,11
5,SET,240,3
5,SET,241,8
5,SET,242,5
5,SET,243,7
5,SET,244,5
5,SET,245,7
5,SET,246,5
5,SET,247,5
5,SET,248,11
5,SET,249,6
5,SET,250,9
5,SET,251,3
5,SET,252,2
5,SET,253,4
5,SET,255,4
5,SET,257,7
5,SET,259,8
5,SET,261,5
5,SET,263,7
5,SET,265,5
5,SET,267,3
5,SET,269,7
5,SET,271,5
5,SET,273,5
5,SET,275,3
5,SET,277,2
5,SET,279,9
5,SET,281,2
5,SET,283,3
5,SET,285,2
5,SET,287,1
5,SET,289,4
5,SET,291,2
5,SET,293,3
5,SET,295,1
5,SET,297,2
5,SET,299,3
5,SET,301,2
5,SET,303,3
5,SET,305,1
5,SET,307,6
5,SET,309,3
5,SET,313,4
5,SET,315,1
5,SET,317,1
5,SET,319,1
5,SET,323,1
5,SET,327,1
5,SET,329,1
5,SET,331,1
5,SET,335,3
5,SET,339,1
5,SET,341,1
5,SET,345,1
5,SET,347,1
5,SET,353,3
5,SET,355,1
5,SET,357,2
5,SET,359,1
5,SET,363,1
5,SET,375,3
5,SET,379,2
5,SET,383,2
5,SET,385,1
5,SET,387,1
5,SET,395,1
5,SET,397,1
5,SET,407,1
5,SET,413,1
5,SET,419,1
5,SET,427,1
5,SET,429,1
5,SET,433,1
5,SET,439,1
5,SET,449,1
5,SET,463,1
5,SET,473,1
5,SET,507,1
5,SET,519,1
5,SET,555,1
5,SET,559,1
5,SET,575,1
5,SET,599,1
5,SET,631,1
5,SET,667,1
5,SET,771,1
5,SET,879,1
5,SET,1071,1
5,SET,1159,1
5,SET,1567,1
5,SET,1591,1
5,SET,1799,2
5,SET,1887,1
5,SET,2111,1
5,SET,4031,1
5,DEL,74,2
5,DEL,75,1
5,DEL,76,5
5,DEL,77,8
5,DEL,78,17
5,DEL,79,30
5,DEL,80,64
5,DEL,81,64
5,DEL,82,96
5,DEL,83,119
5,DEL,84,164
5,DEL,85,206
5,DEL,86,262
5,DEL,87,322
5,DEL,88,382
5,DEL,89,389
5,DEL,90,484
5,DEL,91,518
5,DEL,92,562
5,DEL,93,641
5,DEL,94,679
5,DEL,95,829
5,DEL,96,897
5,DEL,97,981
5,DEL,98,1042
5,DEL,99,1106
5,DEL,100,1151
5,DEL,101,1199
5,DEL,102,1361
5,DEL,103,1415
5,DEL,104,1391
5,DEL,105,1535
5,DEL,106,1663
5,DEL,107,1621
5,DEL,108,1683
5,DEL,109,1747
5,DEL,110,1772
5,DEL,111,1934
5,DEL,112,1867
5,DEL,113,1942
5,DEL,114,1954
5,DEL,115,1979
5,DEL,116,2098
5,DEL,117,2099
5,DEL,118,2132
5,DEL,119,2130
5,DEL,120,2223
5,DEL,121,2220
5,DEL,122,2273
5,DEL,123,2355
5,DEL,124,2334
5,DEL,125,2287
5,DEL,126,2342
5,DEL,127,2316
5,DEL,128,2206
5,DEL,129,2389
5,DEL,130,2345
5,DEL,131,2342
5,DEL,132,2320
5,DEL,133,2284
5,DEL,134,2302
5,DEL,135,2226
5,DEL,136,2293
5,DEL,137,2249
5,DEL,138,2174
5,DEL,139,2201
5,DEL,140,2096
5,DEL,141,2038
5,DEL,142,1993
5,DEL,143,2065
5,DEL,144,1960
5,DEL,145,1869
5,DEL,146,1931
5,DEL,147,1768
5,DEL,148,1790
5,DEL,149,1845
5,DEL,150,1702
5,DEL,151,1699
5,DEL,152,1638
5,DEL,153,1648
5,DEL,154,1544
5,DEL,155,1545
5,DEL,156,1453
5,DEL,157,1428
5,DEL,158,1404
5,DEL,159,1350
5,DEL,160,1307
5,DEL,161,1247
5,DEL,162,1255
5,DEL,163,1201
5,DEL,164,1168
5,DEL,165,1113
5,DEL,166,1056
5,DEL,167,993
5,DEL,168,978
5,DEL,169,980
5,DEL,170,924
5,DEL,171,863
5,DEL,172,763
5,DEL,173,795
5,DEL,174,737
5,DEL,175,726
5,DEL,176,698
5,DEL,177,668
5,DEL,178,608
5,DEL,179,627
5,DEL,180,601
5,DEL,181,598
5,DEL,182,532
5,DEL,183,536
5,DEL,184,481
5,DEL,185,473
5,DEL,186,479
5,DEL,187,452
5,DEL,188,433
5,DEL,189,362
5,DEL,190,355
5,DEL,191,360
5,DEL,192,325
5,DEL,193,300
5,DEL,194,304
5,DEL,195,279
5,DEL,196,278
5,DEL,197,244
5,DEL,198,250
5,DEL,199,245
5,DEL,200,216
5,DEL,201,221
5,DEL,202,192
5,DEL,203,220
5,DEL,204,193
5,DEL,205,155
5,DEL,206,160
5,DEL,207,163
5,DEL,208,154
5,DEL,209,139
5,DEL,210,135
5,DEL,211,147
5,DEL,212,128
5,DEL,213,116
5,DEL,214,105
5,DEL,215,101
5,DEL,216,93
5,DEL,217,86
5,DEL,218,91
5,DEL,219,96
5,DEL,220,98
5,DEL,221,70
5,DEL,222,76
5,DEL,223,78
5,DEL,224,69
5,DEL,225,61
5,DEL,226,60
5,DEL,227,53
5,DEL,228,51
5,DEL,229,55
5,DEL,230,45
5,DEL,231,48
5,DEL,232,41
5,DEL,233,44
5,DEL,234,43
5,DEL,235,34
5,DEL,236,33
5,DEL,237,30
5,DEL,238,29
5,DEL,239,30
5,DEL,240,20
5,DEL,241,22
5,DEL,242,25
5,DEL,243,22
5,DEL,244,21
5,DEL,245,23
5,DEL,246,26
5,DEL,247,25
5,DEL,248,21
5,DEL,249,23
5,DEL,250,21
5,DEL,251,12
5,DEL,252,11
5,DEL,253,21
5,DEL,254,17
5,DEL,255,9
5,DEL,257,35
5,DEL,259,24
5,DEL,261,22
5,DEL,263,27
5,DEL,265,17
5,DEL,267,23
5,DEL,269,18
5,DEL,271,20
5,DEL,273,11
5,DEL,275,17
5,DEL,277,23
5,DEL,279,8
5,DEL,281,17
5,DEL,283,21
5,DEL,285,8
5,DEL,287,9
5,DEL,289,13
5,DEL,291,12
5,DEL,293,8
5,DEL,295,6
5,DEL,297,7
5,DEL,299,11
5,DEL,301,8
5,DEL,303,10
5,DEL,305,5
5,DEL,307,8
5,DEL,309,10
5,DEL,311,4
5,DEL,313,8
5,DEL,315,8
5,DEL,317,6
5,DEL,319,9
5,DEL,321,2
5,DEL,323,7
5,DEL,325,6
5,DEL,327,2
5,DEL,329,8
5,DEL,331,4
5,DEL,333,5
5,DEL,335,2
5,DEL,337,4
5,DEL,339,5
5,DEL,341,4
5,DEL,343,5
5,DEL,345,8
5,DEL,347,4
5,DEL,349,1
5,DEL,351,2
5,DEL,353,1
5,DEL,355,3
5,DEL,357,3
5,DEL,359,3
5,DEL,361,3
5,DEL,363,3
5,DEL,365,5
5,DEL,367,5
5,DEL,369,4
5,DEL,371,3
5,DEL,373,2
5,DEL,375,2
5,DEL,377,1
5,DEL,379,3
5,DEL,381,1
5,DEL,383,5
5,DEL,385,2
5,DEL,387,2
5,DEL,389,1
5,DEL,391,4
5,DEL,393,4
5,DEL,397,4
5,DEL,399,2
5,DEL,403,2
5,DEL,405,2
5,DEL,407,2
5,DEL,409,3
5,DEL,411,2
5,DEL,415,1
5,DEL,417,1
5,DEL,419,2
5,DEL,423,1
5,DEL,425,1
5,DEL,427,4
5,DEL,429,3
5,DEL,431,2
5,DEL,435,1
5,DEL,439,2
5,DEL,441,1
5,DEL,443,2
5,DEL,445,1
5,DEL,447,1
5,DEL,449,1
5,DEL,451,1
5,DEL,453,2
5,DEL,455,2
5,DEL,457,2
5,DEL,461,1
5,DEL,465,1
5,DEL,475,1
5,DEL,483,1
5,DEL,485,1
5,DEL,489,1
5,DEL,495,1
5,DEL,497,1
5,DEL,505,1
5,DEL,519,1
5,DEL,523,2
5,DEL,535,2
5,DEL,539,2
5,DEL,547,4
5,DEL,555,1
5,DEL,563,1
5,DEL,567,2
5,DEL,571,2
5,DEL,579,1
5,DEL,587,1
5,DEL,591,2
5,DEL,599,2
5,DEL,603,1
5,DEL,615,2
5,DEL,655,3
5,DEL,659,2
5,DEL,667,4
5,DEL,691,2
5,DEL,699,1
5,DEL,703,2
5,DEL,723,1
5,DEL,727,1
5,DEL,739,1
5,DEL,743,1
5,DEL,751,1
5,DEL,779,3
5,DEL,795,1
5,DEL,803,1
5,DEL,827,1
5,DEL,851,1
5,DEL,911,1
5,DEL,983,1
5,DEL,1095,2
5,DEL,1135,1
5,DEL,1151,1
5,DEL,1207,1
5,DEL,1247,1
5,DEL,1295,1
5,DEL,1327,1
5,DEL,1359,1
5,DEL,1367,1
5,DEL,1391,1
5,DEL,1431,1
5,DEL,1471,2
5,DEL,1479,1
5,DEL,1503,1
5,DEL,1535,2
5,DEL,1583,1
5,DEL,1647,2
5,DEL,1687,1
5,DEL,1719,1
5,DEL,1783,1
5,DEL,1799,1
5,DEL,1951,1
5,DEL,1983,1
5,DEL,2015,1
5,DEL,2111,1
5,DEL,2143,1
5,DEL,2383,1
5,DEL,2575,1
5,DEL,3087,1
5,DEL,3631,1
5,DEL,5151,1
6,GET,72,2
6,GET,74,3
6,GET,75,8
6,GET,76,13
6,GET,77,15
6,GET,78,37
6,GET,79,63
6,GET,80,70
6,GET,81,110
6,GET,82,139
6,GET,83,198
6,GET,84,252
6,GET,85,327
6,GET,86,393
6,GET,87,481
6,GET,88,598
6,GET,89,678
6,GET,90,733
6,GET,91,956
6,GET,92,1064
6,GET,93,1188
6,GET,94,1317
6,GET,95,1461
6,GET,96,1712
6,GET,97,1852
6,GET,98,2073
6,GET,99,2310
6,GET,100,2395
6,GET,101,2665
6,GET,102,2901
6,GET,103,3075
6,GET,104,3228
6,GET,105,3369
6,GET,106,3643
6,GET,107,3687
6,GET,108,3806
6,GET,109,4140
6,GET,110,4209
6,GET,111,4586
6,GET,112,4576
6,GET,113,4726
6,GET,114,4975
6,GET,115,5133
6,GET,116,5164
6,GET,117,5402
6,GET,118,5540
6,GET,119,5732
6,GET,120,5797
6,GET,121,5839
6,GET,122,6047
6,GET,123,6128
6,GET,124,6373
6,GET,125,6391
6,GET,126,6332
6,GET,127,6413
6,GET,128,6463
6,GET,129,6315
6,GET,130,6406
6,GET,131,6252
6,GET,132,6375
6,GET,133,6235
6,GET,134,6308
6,GET,135,6367
6,GET,136,6393
6,GET,137,6339
6,GET,138,6560
6,GET,139,6302
6,GET,140,6204
6,GET,141,6236
6,GET,142,6273
6,GET,143,5981
6,GET,144,5881
6,GET,145,5929
6,GET,146,5777
6,GET,147,5554
6,GET,148,5547
6,GET,149,5403
6,GET,150,5387
6,GET,151,5158
6,GET,152,5050
6,GET,153,4957
6,GET,154,4908
6,GET,155,4692
6,GET,156,4578
6,GET,157,4444
6,GET,158,4279
6,GET,159,4252
6,GET,160,4059
6,GET,161,3987
6,GET,162,3859
6,GET,163,3693
6,GET,164,3614
6,GET,165,3470
6,GET,166,3372
6,GET,167,3305
6,GET,168,3195
6,GET,169,2951
6,GET,170,2942
6,GET,171,2875
6,GET,172,2778
6,GET,173,2564
6,GET,174,2457
6,GET,175,2407
6,GET,176,2365
6,GET,177,2191
6,GET,178,2113
6,GET,179,2112
6,GET,180,1956
6,GET,181,1858
6,GET,182,1818
6,GET,183,1736
6,GET,184,1729
6,GET,185,1554
6,GET,186,1517
6,GET,187,1471
6,GET,188,1421
6,GET,189,1334
6,GET,190,1269
6,GET,191,1190
6,GET,192,1108
6,GET,193,1111
6,GET,194,1039
6,GET,195,1001
6,GET,196,941
6,GET,197,969
6,GET,198,881
6,GET,199,884
6,GET,200,846
6,GET,201,786
6,GET,202,722
6,GET,203,701
6,GET,204,629
6,GET,205,608
6,GET,206,582
6,GET,207,538
6,GET,208,533
6,GET,209,540
6,GET,210,444
6,GET,211,451
6,GET,212,444
6,GET,213,403
6,GET,214,354
6,GET,215,378
6,GET,216,320
6,GET,217,325
6,GET,218,309
6,GET,219,318
6,GET,220,300
6,GET,221,278
6,GET,222,277
6,GET,223,233
6,GET,224,254
6,GET,225,212
6,GET,226,189
6,GET,227,217
6,GET,228,179
6,GET,229,199
6,GET,230,192
6,GET,231,174
6,GET,232,169
6,GET,233,143
6,GET,234,148
6,GET,235,132
6,GET,236,121
6,GET,237,125
6,GET,238,112
6,GET,239,107
6,GET,240,101
6,GET,241,116
6,GET,242,100
6,GET,243,95
6,GET,244,97
6,GET,245,96
6,GET,246,78
6,GET,247,62
6,GET,248,69
6,GET,249,68
6,GET,250,74
6,GET,251,63
6,GET,252,62
6,GET,253,55
6,GET,254,57
6,GET,255,48
6,GET,257,102
6,GET,259,80
6,GET,261,98
6,GET,263,72
6,GET,265,88
6,GET,267,72
6,GET,269,67
6,GET,271,61
6,GET,273,44
6,GET,275,52
6,GET,277,46
6,GET,279,47
6,GET,281,49
6,GET,283,44
6,GET,285,59
6,GET,287,35
6,GET,289,33
6,GET,291,30
6,GET,293,24
6,GET,295,32
6,GET,297,26
6,GET,299,29
6,GET,301,25
6,GET,303,38
6,GET,305,21
6,GET,307,26
6,GET,309,33
6,GET,311,14
6,GET,313,19
6,GET,315,18
6,GET,317,22
6,GET,319,20
6,GET,321,18
6,GET,323,25
6,GET,325,27
6,GET,327,16
6,GET,329,27
6,GET,331,22
6,GET,333,16
6,GET,335,8
6,GET,337,21
6,GET,339,6
6,GET,341,16
6,GET,343,20
6,GET,345,8
6,GET,347,17
6,GET,349,13
6,GET,351,7
6,GET,353,12
6,GET,355,12
6,GET,357,10
6,GET,359,12
6,GET,361,11
6,GET,363,14
6,GET,365,15
6,GET,367,13
6,GET,369,16
6,GET,371,12
6,GET,373,10
6,GET,375,9
6,GET,377,9
6,GET,379,9
6,GET,381,8
6,GET,383,9
6,GET,385,11
6,GET,387,8
6,GET,389,5
6,GET,391,9
6,GET,393,5
6,GET,395,5
6,GET,397,7
6,GET,399,7
6,GET,401,9
6,GET,403,6
6,GET,405,8
6,GET,407,8
6,GET,409,14
6,GET,411,5
6,GET,413,2
6,GET,415,7
6,GET,417,3
6,GET,419,4
6,GET,421,9
6,GET,423,3
6,GET,425,4
6,GET,427,2
6,GET,429,5
6,GET,431,6
6,GET,433,2
6,GET,435,2
6,GET,437,2
6,GET,439,4
6,GET,441,3
6,GET,443,1
6,GET,445,2
6,GET,447,2
6,GET,449,2
6,GET,451,5
6,GET,453,1
6,GET,455,6
6,GET,457,2
6,GET,459,6
6,GET,461,2
6,GET,463,1
6,GET,465,1
6,GET,467,2
6,GET,469,4
6,GET,471,4
6,GET,475,2
6,GET,479,2
6,GET,481,5
6,GET,485,4
6,GET,487,4
6,GET,489,1
6,GET,491,2
6,GET,493,3
6,GET,495,2
6,GET,497,2
6,GET,499,1
6,GET,501,3
6,GET,503,3
6,GET,505,3
6,GET,507,1
6,GET,509,2
6,GET,511,2
6,GET,515,7
6,GET,519,3
6,GET,523,4
6,GET,527,3
6,GET,531,7
6,GET,535,4
6,GET,539,5
6,GET,543,4
6,GET,547,6
6,GET,551,4
6,GET,555,2
6,GET,563,2
6,GET,567,3
6,GET,571,2
6,GET,575,6
6,GET,579,5
6,GET,583,3
6,GET,587,4
6,GET,591,2
6,GET,595,1
6,GET,599,5
6,GET,603,8
6,GET,607,5
6,GET,611,3
6,GET,619,2
6,GET,623,5
6,GET,627,3
6,GET,635,3
6,GET,639,4
6,GET,643,1
6,GET,647,2
6,GET,655,3
6,GET,659,4
6,GET,663,2
6,GET,667,2
6,GET,671,2
6,GET,675,3
6,GET,679,2
6,GET,683,2
6,GET,691,1
6,GET,695,2
6,GET,699,2
6,GET,707,1
6,GET,711,4
6,GET,715,1
6,GET,719,3
6,GET,723,1
6,GET,727,3
6,GET,735,1
6,GET,739,3
6,GET,747,3
6,GET,751,1
6,GET,755,2
6,GET,759,2
6,GET,763,1
6,GET,779,2
6,GET,791,1
6,GET,795,2
6,GET,799,1
6,GET,803,1
6,GET,811,1
6,GET,819,1
6,GET,831,2
6,GET,839,1
6,GET,843,2
6,GET,851,1
6,GET,883,1
6,GET,899,2
6,GET,927,1
6,GET,939,1
6,GET,959,1
6,GET,963,2
6,GET,967,1
6,GET,975,1
6,GET,983,1
6,GET,1011,1
6,GET,1019,1
6,GET,1031,1
6,GET,1055,1
6,GET,1063,1
6,GET,1111,1
6,GET,1119,3
6,GET,1143,2
6,GET,1151,4
6,GET,1159,1
6,GET,1167,2
6,GET,1175,2
6,GET,1199,1
6,GET,1207,1
6,GET,1247,2
6,GET,1255,2
6,GET,1287,1
6,GET,1295,1
6,GET,1303,1
6,GET,1311,2
6,GET,1319,2
6,GET,1327,1
6,GET,1335,2
6,GET,1343,2
6,GET,1359,1
6,GET,1367,1
6,GET,1375,2
6,GET,1399,1
6,GET,1407,1
6,GET,1423,1
6,GET,1447,1
6,GET,1463,1
6,GET,1487,1
6,GET,1495,2
6,GET,1527,1
6,GET,1535,1
6,GET,1543,3
6,GET,1567,1
6,GET,1583,1
6,GET,1591,1
6,GET,1615,1
6,GET,1623,1
6,GET,1655,2
6,GET,1663,1
6,GET,1679,1
6,GET,1703,1
6,GET,1711,2
6,GET,1719,1
6,GET,1759,1
6,GET,1791,1
6,GET,1807,1
6,GET,1831,2
6,GET,1847,1
6,GET,1895,1
6,GET,1903,1
6,GET,1927,1
6,GET,1951,1
6,GET,1959,1
6,GET,1967,1
6,GET,1975,1
6,GET,1999,1
6,GET,2007,1
6,GET,2015,1
6,GET,2079,1
6,GET,2175,1
6,GET,2207,2
6,GET,2223,1
6,GET,2255,1
6,GET,2271,1
6,GET,2383,1
6,GET,2431,1
6,GET,2687,1
6,GET,3119,1
6,GET,3167,1
6,GET,3263,1
6,GET,3311,1
6,GET,3487,1
6,GET,4095,1
6,GET,5279,1
6,GET,7231,1
6,GET,8319,1
6,SET,78,2
6,SET,80,1
6,SET,81,4
6,SET,82,6
6,SET,83,7
6,SET,84,9
6,SET,85,9
6,SET,86,13
6,SET,87,22
6,SET,88,17
6,SET,89,27
6,SET,90,24
6,SET,91,47
6,SET,92,42
6,SET,93,45
6,SET,94,45
6,SET,95,68
6,SET,96,87
6,SET,97,84
6,SET,98,86
6,SET,99,118
6,SET,100,95
6,SET,101,125
6,SET,102,165
6,SET,103,147
6,SET,104,177
6,SET,105,195
6,SET,106,190
6,SET,107,179
6,SET,108,217
6,SET,109,200
6,SET,110,238
6,SET,111,276
6,SET,112,272
6,SET,113,292
6,SET,114,291
6,SET,115,285
6,SET,116,303
6,SET,117,352
6,SET,118,346
6,SET,119,378
6,SET,120,389
6,SET,121,365
6,SET,122,400
6,SET,123,416
6,SET,124,371
6,SET,125,365
6,SET,126,426
6,SET,127,405
6,SET,128,433
6,SET,129,426
6,SET,130,433
6,SET,131,449
6,SET,132,477
6,SET,133,442
6,SET,134,419
6,SET,135,417
6,SET,136,469
6,SET,137,449
6,SET,138,426
6,SET,139,458
6,SET,140,437
6,SET,141,453
6,SET,142,499
6,SET,143,413
6,SET,144,487
6,SET,145,440
6,SET,146,422
6,SET,147,435
6,SET,148,426
6,SET,149,417
6,SET,150,427
6,SET,151,405
6,SET,152,380
6,SET,153,396
6,SET,154,374
6,SET,155,377
6,SET,156,393
6,SET,157,336
6,SET,158,328
6,SET,159,340
6,SET,160,316
6,SET,161,340
6,SET,162,326
6,SET,163,307
6,SET,164,286
6,SET,165,307
6,SET,166,270
6,SET,167,275
6,SET,168,300
6,SET,169,267
6,SET,170,283
6,SET,171,252
6,SET,172,249
6,SET,173,233
6,SET,174,215
6,SET,175,207
6,SET,176,206
6,SET,177,194
6,SET,178,186
6,SET,179,176
6,SET,180,176
6,SET,181,153
6,SET,182,168
6,SET,183,146
6,SET,184,129
6,SET,185,130
6,SET,186,136
6,SET,187,132
6,SET,188,120
6,SET,189,129
6,SET,190,109
6,SET,191,116
6,SET,192,101
6,SET,193,101
6,SET,194,102
6,SET,195,94
6,SET,196,92
6,SET,197,91
6,SET,198,86
6,SET,199,71
6,SET,200,83
6,SET,201,57
6,SET,202,83
6,SET,203,61
6,SET,204,67
6,SET,205,72
6,SET,206,46
6,SET,207,55
6,SET,208,46
6,SET,209,59
6,SET,210,51
6,SET,211,43
6,SET,212,43
6,SET,213,49
6,SET,214,49
6,SET,215,37
6,SET,216,32
6,SET,217,34
6,SET,218,24
6,SET,219,29
6,SET,220,26
6,SET,221,26
6,SET,222,26
6,SET,223,18
6,SET,224,14
6,SET,225,15
6,SET,226,26
6,SET,227,18
6,SET,228,23
6,SET,229,22
6,SET,230,24
6,SET,231,10
6,SET,232,17
6,SET,233,12
6,SET,234,17
6,SET,235,7
6,SET,236,10
6,SET,237,15
6,SET,238,8
6,SET,239,14
6,SET,240,6
6,SET,241,7
6,SET,242,15
6,SET,243,13
6,SET,244,7
6,SET,245,10
6,SET,246,4
6,SET,247,8
6,SET,248,5
6,SET,249,6
6,SET,250,7
6,SET,251,9
6,SET,252,8
6,SET,253,8
6,SET,254,6
6,SET,255,4
6,SET,257,4
6,SET,259,12
6,SET,261,9
6,SET,263,8
6,SET,265,5
6,SET,267,7
6,SET,269,8
6,SET,271,8
6,SET,273,6
6,SET,275,8
6,SET,277,6
6,SET,279,2
6,SET,281,8
6,SET,283,4
6,SET,285,3
6,SET,287,5
6,SET,289,2
6,SET,291,5
6,SET,293,2
6,SET,295,2
6,SET,297,1
6,SET,299,1
6,SET,301,2
6,SET,305,2
6,SET,307,1
6,SET,313,2
6,SET,317,2
6,SET,319,4
6,SET,321,1
6,SET,323,1
6,SET,325,1
6,SET,327,1
6,SET,329,3
6,SET,331,2
6,SET,333,1
6,SET,335,5
6,SET,339,2
6,SET,341,1
6,SET,343,1
6,SET,347,1
6,SET,349,1
6,SET,351,1
6,SET,353,2
6,SET,363,1
6,SET,369,2
6,SET,371,2
6,SET,373,2
6,SET,375,1
6,SET,377,1
6,SET,385,1
6,SET,399,1
6,SET,403,3
6,SET,411,1
6,SET,417,1
6,SET,419,1
6,SET,421,3
6,SET,427,2
6,SET,451,2
6,SET,455,1
6,SET,501,1
6,SET,515,1
6,SET,523,2
6,SET,527,1
6,SET,607,1
6,SET,615,1
6,SET,667,1
6,SET,671,1
6,SET,687,1
6,SET,731,1
6,SET,735,1
6,SET,1039,1
6,SET,1095,1
6,SET,1375,1
6,SET,1407,1
6,SET,1439,1
6,SET,1479,1
6,SET,1511,1
6,SET,1591,1
6,SET,1679,1
6,SET,1855,1
6,SET,2023,1
6,DEL,75,1
6,DEL,76,2
6,DEL,77,7
6,DEL,78,9
6,DEL,79,12
6,DEL,80,19
6,DEL,81,29
6,DEL,82,38
6,DEL,83,58
6,DEL,84,67
6,DEL,85,120
6,DEL,86,130
6,DEL,87,151
6,DEL,88,187
6,DEL,89,198
6,DEL,90,258
6,DEL,91,291
6,DEL,92,343
6,DEL,93,349
6,DEL,94,413
6,DEL,95,460
6,DEL,96,526
6,DEL,97,590
6,DEL,98,652
6,DEL,99,742
6,DEL,100,794
6,DEL,101,912
6,DEL,102,952
6,DEL,103,1101
6,DEL,104,1181
6,DEL,105,1175
6,DEL,106,1247
6,DEL,107,1255
6,DEL,108,1342
6,DEL,109,1447
6,DEL,110,1449
6,DEL,111,1466
6,DEL,112,1623
6,DEL,113,1667
6,DEL,114,1683
6,DEL,115,1836
6,DEL,116,1788
6,DEL,117,1829
6,DEL,118,1890
6,DEL,119,2041
6,DEL,120,1998
6,DEL,121,2067
6,DEL,122,2173
6,DEL,123,2113
6,DEL,124,2174
6,DEL,125,2188
6,DEL,126,2200
6,DEL,127,2289
6,DEL,128,2162
6,DEL,129,2198
6,DEL,130,2351
6,DEL,131,2319
6,DEL,132,2268
6,DEL,133,2296
6,DEL,134,2294
6,DEL,135,2259
6,DEL,136,2294
6,DEL,137,2292
6,DEL,138,2290
6,DEL,139,2163
6,DEL,140,2189
6,DEL,141,2180
6,DEL,142,2190
6,DEL,143,2090
6,DEL,144,2130
6,DEL,145,2109
6,DEL,146,2091
6,DEL,147,2031
6,DEL,148,2029
6,DEL,149,2051
6,DEL,150,1915
6,DEL,151,1891
6,DEL,152,1845
6,DEL,153,1835
6,DEL,154,1638
6,DEL,155,1696
6,DEL,156,1614
6,DEL,157,1598
6,DEL,158,1549
6,DEL,159,1504
6,DEL,160,1419
6,DEL,161,1528
6,DEL,162,1453
6,DEL,163,1377
6,DEL,164,1369
6,DEL,165,1287
6,DEL,166,1210
6,DEL,167,1230
6,DEL,168,1145
6,DEL,169,1155
6,DEL,170,1098
6,DEL,171,997
6,DEL,172,936
6,DEL,173,1010
6,DEL,174,886
6,DEL,175,920
6,DEL,176,809
6,DEL,177,800
6,DEL,178,779
6,DEL,179,773
6,DEL,180,741
6,DEL,181,745
6,DEL,182,708
6,DEL,183,651
6,DEL,184,597
6,DEL,185,588
6,DEL,186,599
6,DEL,187,520
6,DEL,188,523
6,DEL,189,452
6,DEL,190,432
6,DEL,191,445
6,DEL,192,421
6,DEL,193,442
6,DEL,194,393
6,DEL,195,391
6,DEL,196,400
6,DEL,197,364
6,DEL,198,314
6,DEL,199,318
6,DEL,200,278
6,DEL,201,264
6,DEL,202,271
6,DEL,203,238
6,DEL,204,247
6,DEL,205,246
6,DEL,206,216
6,DEL,207,218
6,DEL,208,186
6,DEL,209,187
6,DEL,210,191
6,DEL,211,167
6,DEL,212,157
6,DEL,213,159
6,DEL,214,163
6,DEL,215,149
6,DEL,216,139
6,DEL,217,115
6,DEL,218,118
6,DEL,219,113
6,DEL,220,117
6,DEL,221,115
6,DEL,222,95
6,DEL,223,91
6,DEL,224,95
6,DEL,225,92
6,DEL,226,73
6,DEL,227,91
6,DEL,228,76
6,DEL,229,72
6,DEL,230,57
6,DEL,231,67
6,DEL,232,60
6,DEL,233,59
6,DEL,234,44
6,DEL,235,50
6,DEL,236,58
6,DEL,237,57
6,DEL,238,47
6,DEL,239,45
6,DEL,240,33
6,DEL,241,41
6,DEL,242,44
6,DEL,243,34
6,DEL,244,36
6,DEL,245,34
6,DEL,246,40
6,DEL,247,27
6,DEL,248,35
6,DEL,249,31
6,DEL,250,22
6,DEL,251,27
6,DEL,252,15
6,DEL,253,18
6,DEL,254,25
6,DEL,255,17
6,DEL,257,36
6,DEL,259,29
6,DEL,261,40
6,DEL,263,33
6,DEL,265,35
6,DEL,267,27
6,DEL,269,23
6,DEL,271,23
6,DEL,273,15
6,DEL,275,18
6,DEL,277,16
6,DEL,279,17
6,DEL,281,19
6,DEL,283,17
6,DEL,285,14
6,DEL,287,12
6,DEL,289,9
6,DEL,291,12
6,DEL,293,11
6,DEL,295,11
6,DEL,297,14
6,DEL,299,6
6,DEL,301,14
6,DEL,303,6
6,DEL,305,15
6,DEL,307,5
6,DEL,309,5
6,DEL,311,11
6,DEL,313,11
6,DEL,315,5
6,DEL,317,10
6,DEL,319,6
6,DEL,321,5
6,DEL,323,13
6,DEL,325,9
6,DEL,327,6
6,DEL,329,5
6,DEL,331,5
6,DEL,333,2
6,DEL,335,8
6,DEL,337,3
6,DEL,339,4
6,DEL,341,7
6,DEL,343,7
6,DEL,345,8
6,DEL,347,7
6,DEL,349,6
6,DEL,351,3
6,DEL,353,4
6,DEL,355,5
6,DEL,357,4
6,DEL,359,6
6,DEL,361,3
6,DEL,363,2
6,DEL,365,2
6,DEL,367,5
6,DEL,369,7
6,DEL,371,2
6,DEL,373,2
6,DEL,375,2
6,DEL,377,3
6,DEL,379,4
6,DEL,381,2
6,DEL,383,3
6,DEL,385,2
6,DEL,387,3
6,DEL,389,2
6,DEL,393,2
6,DEL,395,3
6,DEL,397,5
6,DEL,399,4
6,DEL,401,1
6,DEL,403,1
6,DEL,405,4
6,DEL,407,1
6,DEL,409,1
6,DEL,411,1
6,DEL,413,1
6,DEL,415,2
6,DEL,417,2
6,DEL,419,2
6,DEL,421,3
6,DEL,425,1
6,DEL,427,1
6,DEL,437,1
6,DEL,439,2
6,DEL,441,2
6,DEL,443,2
6,DEL,445,1
6,DEL,447,2
6,DEL,449,2
6,DEL,455,3
6,DEL,457,1
6,DEL,459,2
6,DEL,461,1
6,DEL,463,1
6,DEL,465,1
6,DEL,467,1
6,DEL,469,1
6,DEL,477,2
6,DEL,479,2
6,DEL,481,1
6,DEL,483,1
6,DEL,491,2
6,DEL,501,1
6,DEL,503,3
6,DEL,505,1
6,DEL,507,1
6,DEL,511,1
6,DEL,515,2
6,DEL,519,3
6,DEL,523,3
6,DEL,531,4
6,DEL,535,2
6,DEL,539,3
6,DEL,551,1
6,DEL,555,5
6,DEL,559,1
6,DEL,563,2
6,DEL,567,2
6,DEL,571,1
6,DEL,575,2
6,DEL,579,1
6,DEL,583,1
6,DEL,587,2
6,DEL,595,3
6,DEL,627,2
6,DEL,647,1
6,DEL,655,1
6,DEL,667,2
6,DEL,671,2
6,DEL,675,1
6,DEL,683,1
6,DEL,699,1
6,DEL,703,1
6,DEL,723,1
6,DEL,731,1
6,DEL,735,1
6,DEL,739,1
6,DEL,755,1
6,DEL,759,3
6,DEL,763,2
6,DEL,775,1
6,DEL,787,1
6,DEL,799,1
6,DEL,811,1
6,DEL,827,1
6,DEL,907,1
6,DEL,979,1
6,DEL,995,1
6,DEL,1015,1
6,DEL,1019,1
6,DEL,1031,1
6,DEL,1183,1
6,DEL,1191,1
6,DEL,1239,1
6,DEL,1287,1
6,DEL,1311,1
6,DEL,1391,1
6,DEL,1431,1
6,DEL,1479,1
6,DEL,1487,2
6,DEL,1503,1
6,DEL,1511,1
6,DEL,1519,1
6,DEL,1527,1
6,DEL,1559,1
6,DEL,1567,1
6,DEL,1639,1
6,DEL,1647,2
6,DEL,1663,1
6,DEL,1719,1
6,DEL,1743,1
6,DEL,1799,1
6,DEL,1887,1
6,DEL,2023,1
6,DEL,2367,1
6,DEL,2415,1
6,DEL,2463,1
6,DEL,2511,1
6,DEL,2703,1
6,DEL,2751,1
6,DEL,2783,1
6,DEL,3439,1
6,DEL,3679,1
6,DEL,3903,1
6,DEL,6719,1
7,DEL,73,1
7,DEL,77,1
7,DEL,78,3
7,DEL,79,6
7,DEL,80,9
7,DEL,81,14
7,DEL,82,27
7,DEL,83,44
7,DEL,84,52
7,DEL,85,76
7,DEL,86,101
7,DEL,87,129
7,DEL,88,151
7,DEL,89,188
7,DEL,90,214
7,DEL,91,239
7,DEL,92,271
7,DEL,93,327
7,DEL,94,408
7,DEL,95,406
7,DEL,96,483
7,DEL,97,558
7,DEL,98,607
7,DEL,99,701
7,DEL,100,763
7,DEL,101,811
7,DEL,102,882
7,DEL,103,945
7,DEL,104,977
7,DEL,105,1057
7,DEL,106,1126
7,DEL,107,1145
7,DEL,108,1289
7,DEL,109,1307
7,DEL,110,1372
7,DEL,111,1402
7,DEL,112,1440
7,DEL,113,1558
7,DEL,114,1660
7,DEL,115,1678
7,DEL,116,1719
7,DEL,117,1743
7,DEL,118,1806
7,DEL,119,1835
7,DEL,120,1819
7,DEL,121,1977
7,DEL,122,2036
7,DEL,123,2020
7,DEL,124,2032
7,DEL,125,2043
7,DEL,126,2056
7,DEL,127,2128
7,DEL,128,2248
7,DEL,129,2114
7,DEL,130,2183
7,DEL,131,2161
7,DEL,132,2229
7,DEL,133,2154
7,DEL,134,2290
7,DEL,135,2176
7,DEL,136,2270
7,DEL,137,2209
7,DEL,138,2252
7,DEL,139,2132
7,DEL,140,2055
7,DEL,141,2163
7,DEL,142,2123
7,DEL,143,2117
7,DEL,144,2151
7,DEL,145,2123
7,DEL,146,1964
7,DEL,147,2175
7,DEL,148,1954
7,DEL,149,2059
7,DEL,150,1998
7,DEL,151,1955
7,DEL,152,1762
7,DEL,153,1808
7,DEL,154,1818
7,DEL,155,1753
7,DEL,156,1723
7,DEL,157,1667
7,DEL,158,1648
7,DEL,159,1581
7,DEL,160,1521
7,DEL,161,1536
7,DEL,162,1507
7,DEL,163,1396
7,DEL,164,1418
7,DEL,165,1374
7,DEL,166,1303
7,DEL,167,1297
7,DEL,168,1229
7,DEL,169,1193
7,DEL,170,1156
7,DEL,171,1072
7,DEL,172,1091
7,DEL,173,1061
7,DEL,174,960
7,DEL,175,1023
7,DEL,176,934
7,DEL,177,912
7,DEL,178,863
7,DEL,179,842
7,DEL,180,836
7,DEL,181,808
7,DEL,182,722
7,DEL,183,759
7,DEL,184,677
7,DEL,185,675
7,DEL,186,684
7,DEL,187,638
7,DEL,188,616
7,DEL,189,575
7,DEL,190,524
7,DEL,191,523
7,DEL,192,498
7,DEL,193,475
7,DEL,194,498
7,DEL,195,479
7,DEL,196,429
7,DEL,197,376
7,DEL,198,421
7,DEL,199,373
7,DEL,200,367
7,DEL,201,360
7,DEL,202,343
7,DEL,203,290
7,DEL,204,327
7,DEL,205,285
7,DEL,206,264
7,DEL,207,291
7,DEL,208,233
7,DEL,209,258
7,DEL,210,226
7,DEL,211,215
7,DEL,212,209
7,DEL,213,203
7,DEL,214,192
7,DEL,215,175
7,DEL,216,165
7,DEL,217,160
7,DEL,218,141
7,DEL,219,151
7,DEL,220,157
7,DEL,221,138
7,DEL,222,128
7,DEL,223,113
7,DEL,224,104
7,DEL,225,116
7,DEL,226,102
7,DEL,227,105
7,DEL,228,91
7,DEL,229,95
7,DEL,230,66
7,DEL,231,62
7,DEL,232,67
7,DEL,233,81
7,DEL,234,63
7,DEL,235,63
7,DEL,236,55
7,DEL,237,64
7,DEL,238,51
7,DEL,239,59
7,DEL,240,55
7,DEL,241,54
7,DEL,242,49
7,DEL,243,45
7,DEL,244,57
7,DEL,245,54
7,DEL,246,39
7,DEL,247,29
7,DEL,248,38
7,DEL,249,33
7,DEL,250,22
7,DEL,251,26
7,DEL,252,23
7,DEL,253,25
7,DEL,254,29
7,DEL,255,24
7,DEL,257,54
7,DEL,259,50
7,DEL,261,41
7,DEL,263,31
7,DEL,265,46
7,DEL,267,39
7,DEL,269,41
7,DEL,271,35
7,DEL,273,34
7,DEL,275,29
7,DEL,277,23
7,DEL,279,19
7,DEL,281,24
7,DEL,283,24
7,DEL,285,21
7,DEL,287,18
7,DEL,289,12
7,DEL,291,14
7,DEL,293,14
7,DEL,295,10
7,DEL,297,11
7,DEL,299,11
7,DEL,301,6
7,DEL,303,7
7,DEL,305,12
7,DEL,307,13
7,DEL,309,7
7,DEL,311,8
7,DEL,313,11
7,DEL,315,16
7,DEL,317,11
7,DEL,319,13
7,DEL,321,12
7,DEL,323,8
7,DEL,325,7
7,DEL,327,9
7,DEL,329,5
7,DEL,331,2
7,DEL,333,4
7,DEL,335,8
7,DEL,337,4
7,DEL,339,4
7,DEL,341,9
7,DEL,343,5
7,DEL,345,5
7,DEL,347,4
7,DEL,349,4
7,DEL,351,4
7,DEL,353,3
7,DEL,355,6
7,DEL,357,4
7,DEL,359,6
7,DEL,361,9
7,DEL,363,4
7,DEL,365,2
7,DEL,367,6
7,DEL,369,3
7,DEL,371,1
7,DEL,373,5
7,DEL,375,1
7,DEL,377,3
7,DEL,379,2
7,DEL,381,4
7,DEL,383,4
7,DEL,385,4
7,DEL,387,3
7,DEL,391,3
7,DEL,393,4
7,DEL,395,5
7,DEL,397,5
7,DEL,399,2
7,DEL,401,1
7,DEL,403,1
7,DEL,405,1
7,DEL,407,2
7,DEL,411,3
7,DEL,413,4
7,DEL,415,2
7,DEL,417,2
7,DEL,419,3
7,DEL,421,2
7,DEL,423,3
7,DEL,425,1
7,DEL,427,1
7,DEL,429,2
7,DEL,431,2
7,DEL,433,4
7,DEL,435,1
7,DEL,437,4
7,DEL,439,3
7,DEL,441,5
7,DEL,445,1
7,DEL,447,2
7,DEL,449,1
7,DEL,451,1
7,DEL,453,2
7,DEL,455,1
7,DEL,457,1
7,DEL,459,2
7,DEL,461,3
7,DEL,465,2
7,DEL,467,1
7,DEL,469,2
7,DEL,471,2
7,DEL,473,1
7,DEL,475,1
7,DEL,479,1
7,DEL,481,1
7,DEL,485,1
7,DEL,487,2
7,DEL,495,2
7,DEL,497,3
7,DEL,499,1
7,DEL,501,1
7,DEL,503,1
7,DEL,505,1
7,DEL,507,1
7,DEL,511,1
7,DEL,515,4
7,DEL,531,1
7,DEL,535,2
7,DEL,543,1
7,DEL,551,2
7,DEL,555,2
7,DEL,559,2
7,DEL,567,3
7,DEL,583,1
7,DEL,599,1
7,DEL,611,1
7,DEL,623,1
7,DEL,627,1
7,DEL,631,1
7,DEL,635,3
7,DEL,639,1
7,DEL,643,1
7,DEL,651,1
7,DEL,655,3
7,DEL,659,1
7,DEL,667,1
7,DEL,675,2
7,DEL,679,1
7,DEL,687,2
7,DEL,695,1
7,DEL,699,1
7,DEL,703,1
7,DEL,707,1
7,DEL,715,3
7,DEL,719,2
7,DEL,723,1
7,DEL,731,2
7,DEL,739,1
7,DEL,743,2
7,DEL,751,1
7,DEL,787,2
7,DEL,791,2
7,DEL,831,1
7,DEL,847,1
7,DEL,875,1
7,DEL,883,1
7,DEL,895,1
7,DEL,927,1
7,DEL,951,1
7,DEL,983,1
7,DEL,999,1
7,DEL,1055,1
7,DEL,1103,1
7,DEL,1111,1
7,DEL,1135,1
7,DEL,1191,1
7,DEL,1223,1
7,DEL,1231,1
7,DEL,1279,2
7,DEL,1303,1
7,DEL,1351,2
7,DEL,1367,1
7,DEL,1383,3
7,DEL,1423,1
7,DEL,1471,1
7,DEL,1503,1
7,DEL,1567,2
7,DEL,1575,1
7,DEL,1599,1
7,DEL,1679,1
7,DEL,1695,1
7,DEL,1855,1
7,DEL,1991,1
7,DEL,2063,2
7,DEL,2159,2
7,DEL,2287,1
7,DEL,2527,1
7,DEL,2639,1
7,DEL,3247,1
7,DEL,3503,2
7,DEL,6527,1
7,DEL,7903,1
7,SET,79,1
7,SET,80,3
7,SET,81,1
7,SET,82,4
7,SET,83,6
7,SET,84,4
7,SET,85,5
7,SET,86,4
7,SET,87,15
7,SET,88,16
7,SET,89,21
7,SET,90,23
7,SET,91,28
7,SET,92,28
7,SET,93,43
7,SET,94,41
7,SET,95,52
7,SET,96,75
7,SET,97,71
7,SET,98,83
7,SET,99,104
7,SET,100,91
7,SET,101,114
7,SET,102,125
7,SET,103,127
7,SET,104,144
7,SET,105,180
7,SET,106,172
7,SET,107,189
7,SET,108,184
7,SET,109,208
7,SET,110,231
7,SET,111,231
7,SET,112,239
7,SET,113,258
7,SET,114,241
7,SET,115,307
7,SET,116,298
7,SET,117,296
7,SET,118,327
7,SET,119,323
7,SET,120,345
7,SET,121,350
7,SET,122,367
7,SET,123,408
7,SET,124,366
7,SET,125,393
7,SET,126,383
7,SET,127,420
7,SET,128,390
7,SET,129,390
7,SET,130,382
7,SET,131,429
7,SET,132,399
7,SET,133,412
7,SET,134,390
7,SET,135,424
7,SET,136,440
7,SET,137,410
7,SET,138,430
7,SET,139,421
7,SET,140,448
7,SET,141,427
7,SET,142,447
7,SET,143,426
7,SET,144,414
7,SET,145,406
7,SET,146,407
7,SET,147,387
7,SET,148,404
7,SET,149,383
7,SET,150,401
7,SET,151,413
7,SET,152,415
7,SET,153,383
7,SET,154,362
7,SET,155,384
7,SET,156,362
7,SET,157,359
7,SET,158,367
7,SET,159,317
7,SET,160,335
7,SET,161,313
7,SET,162,319
7,SET,163,312
7,SET,164,316
7,SET,165,300
7,SET,166,334
7,SET,167,308
7,SET,168,295
7,SET,169,309
7,SET,170,270
7,SET,171,287
7,SET,172,254
7,SET,173,238
7,SET,174,257
7,SET,175,251
7,SET,176,245
7,SET,177,214
7,SET,178,208
7,SET,179,192
7,SET,180,180
7,SET,181,192
7,SET,182,185
7,SET,183,191
7,SET,184,155
7,SET,185,145
7,SET,186,153
7,SET,187,189
7,SET,188,141
7,SET,189,145
7,SET,190,133
7,SET,191,129
7,SET,192,112
7,SET,193,128
7,SET,194,105
7,SET,195,98
7,SET,196,106
7,SET,197,106
7,SET,198,101
7,SET,199,104
7,SET,200,78
7,SET,201,90
7,SET,202,72
7,SET,203,71
7,SET,204,77
7,SET,205,76
7,SET,206,60
7,SET,207,62
7,SET,208,65
7,SET,209,67
7,SET,210,58
7,SET,211,44
7,SET,212,62
7,SET,213,49
7,SET,214,51
7,SET,215,34
7,SET,216,42
7,SET,217,39
7,SET,218,46
7,SET,219,38
7,SET,220,42
7,SET,221,23
7,SET,222,25
7,SET,223,33
7,SET,224,19
7,SET,225,28
7,SET,226,33
7,SET,227,27
7,SET,228,15
7,SET,229,26
7,SET,230,23
7,SET,231,21
7,SET,232,32
7,SET,233,13
7,SET,234,15
7,SET,235,15
7,SET,236,11
7,SET,237,23
7,SET,238,21
7,SET,239,16
7,SET,240,18
7,SET,241,8
7,SET,242,11
7,SET,243,16
7,SET,244,10
7,SET,245,15
7,SET,246,6
7,SET,247,11
7,SET,248,2
7,SET,249,8
7,SET,250,11
7,SET,251,8
7,SET,252,7
7,SET,253,9
7,SET,254,10
7,SET,255,8
7,SET,257,14
7,SET,259,14
7,SET,261,5
7,SET,263,12
7,SET,265,6
7,SET,267,18
7,SET,269,9
7,SET,271,15
7,SET,273,4
7,SET,275,5
7,SET,277,6
7,SET,279,6
7,SET,281,3
7,SET,283,4
7,SET,285,7
7,SET,287,3
7,SET,289,3
7,SET,291,2
7,SET,293,4
7,SET,295,3
7,SET,297,2
7,SET,299,2
7,SET,301,2
7,SET,303,5
7,SET,305,5
7,SET,309,1
7,SET,311,3
7,SET,313,4
7,SET,315,1
7,SET,317,5
7,SET,319,4
7,SET,321,2
7,SET,323,2
7,SET,325,1
7,SET,329,1
7,SET,331,2
7,SET,333,2
7,SET,337,4
7,SET,341,1
7,SET,345,2
7,SET,347,1
7,SET,349,2
7,SET,353,1
7,SET,359,3
7,SET,363,1
7,SET,365,2
7,SET,371,1
7,SET,377,1
7,SET,381,1
7,SET,389,1
7,SET,393,1
7,SET,401,1
7,SET,411,1
7,SET,419,1
7,SET,425,1
7,SET,429,1
7,SET,435,2
7,SET,447,1
7,SET,449,1
7,SET,477,1
7,SET,495,1
7,SET,505,1
7,SET,519,1
7,SET,527,1
7,SET,531,1
7,SET,543,2
7,SET,555,1
7,SET,571,1
7,SET,595,1
7,SET,607,1
7,SET,655,1
7,SET,667,1
7,SET,675,1
7,SET,683,1
7,SET,687,1
7,SET,691,1
7,SET,723,1
7,SET,763,1
7,SET,847,1
7,SET,1167,1
7,SET,1239,1
7,SET,1287,1
7,SET,1343,1
7,SET,1375,1
7,SET,1719,1
7,SET,1895,1
7,SET,2383,1
7,GET,76,3
7,GET,77,9
7,GET,78,12
7,GET,79,24
7,GET,80,51
7,GET,81,69
7,GET,82,89
7,GET,83,149
7,GET,84,186
7,GET,85,213
7,GET,86,313
7,GET,87,361
7,GET,88,475
7,GET,89,565
7,GET,90,666
7,GET,91,795
7,GET,92,912
7,GET,93,983
7,GET,94,1129
7,GET,95,1273
7,GET,96,1442
7,GET,97,1645
7,GET,98,1843
7,GET,99,1946
7,GET,100,2273
7,GET,101,2401
7,GET,102,2601
7,GET,103,2780
7,GET,104,2981
7,GET,105,3091
7,GET,106,3251
7,GET,107,3485
7,GET,108,3572
7,GET,109,3670
7,GET,110,3903
7,GET,111,4101
7,GET,112,4314
7,GET,113,4371
7,GET,114,4609
7,GET,115,4674
7,GET,116,4845
7,GET,117,5089
7,GET,118,5118
7,GET,119,5372
7,GET,120,5428
7,GET,121,5431
7,GET,122,5739
7,GET,123,5699
7,GET,124,5887
7,GET,125,5987
7,GET,126,5968
7,GET,127,5884
7,GET,128,5933
7,GET,129,6177
7,GET,130,6044
7,GET,131,6103
7,GET,132,6051
7,GET,133,6065
7,GET,134,6159
7,GET,135,6009
7,GET,136,6204
7,GET,137,6209
7,GET,138,6172
7,GET,139,6195
7,GET,140,6111
7,GET,141,5957
7,GET,142,5940
7,GET,143,5950
7,GET,144,5841
7,GET,145,5934
7,GET,146,5767
7,GET,147,5690
7,GET,148,5727
7,GET,149,5568
7,GET,150,5236
7,GET,151,5169
7,GET,152,5145
7,GET,153,5016
7,GET,154,5020
7,GET,155,4803
7,GET,156,4822
7,GET,157,4484
7,GET,158,4469
7,GET,159,4398
7,GET,160,4244
7,GET,161,4224
7,GET,162,4008
7,GET,163,4034
7,GET,164,3796
7,GET,165,3821
7,GET,166,3770
7,GET,167,3563
7,GET,168,3417
7,GET,169,3290
7,GET,170,3248
7,GET,171,3088
7,GET,172,2977
7,GET,173,2844
7,GET,174,2816
7,GET,175,2612
7,GET,176,2590
7,GET,177,2499
7,GET,178,2422
7,GET,179,2336
7,GET,180,2225
7,GET,181,2173
7,GET,182,2114
7,GET,183,2075
7,GET,184,1975
7,GET,185,1897
7,GET,186,1728
7,GET,187,1739
7,GET,188,1694
7,GET,189,1566
7,GET,190,1519
7,GET,191,1513
7,GET,192,1379
7,GET,193,1245
7,GET,194,1245
7,GET,195,1146
7,GET,196,1234
7,GET,197,1041
7,GET,198,1109
7,GET,199,1086
7,GET,200,957
7,GET,201,890
7,GET,202,876
7,GET,203,864
7,GET,204,781
7,GET,205,783
7,GET,206,758
7,GET,207,702
7,GET,208,717
7,GET,209,658
7,GET,210,578
7,GET,211,596
7,GET,212,534
7,GET,213,545
7,GET,214,494
7,GET,215,508
7,GET,216,465
7,GET,217,414
7,GET,218,404
7,GET,219,386
7,GET,220,397
7,GET,221,348
7,GET,222,359
7,GET,223,295
7,GET,224,319
7,GET,225,269
7,GET,226,294
7,GET,227,263
7,GET,228,271
7,GET,229,221
7,GET,230,248
7,GET,231,218
7,GET,232,205
7,GET,233,207
7,GET,234,202
7,GET,235,172
7,GET,236,155
7,GET,237,166
7,GET,238,151
7,GET,239,153
7,GET,240,147
7,GET,241,153
7,GET,242,115
7,GET,243,109
7,GET,244,130
7,GET,245,134
7,GET,246,108
7,GET,247,105
7,GET,248,115
7,GET,249,97
7,GET,250,90
7,GET,251,82
7,GET,252,74
7,GET,253,76
7,GET,254,85
7,GET,255,69
7,GET,257,128
7,GET,259,115
7,GET,261,104
7,GET,263,93
7,GET,265,90
7,GET,267,87
7,GET,269,92
7,GET,271,78
7,GET,273,66
7,GET,275,59
7,GET,277,59
7,GET,279,65
7,GET,281,52
7,GET,283,42
7,GET,285,46
7,GET,287,50
7,GET,289,35
7,GET,291,41
7,GET,293,32
7,GET,295,30
7,GET,297,37
7,GET,299,38
7,GET,301,25
7,GET,303,34
7,GET,305,42
7,GET,307,32
7,GET,309,27
7,GET,311,17
7,GET,313,37
7,GET,315,19
7,GET,317,22
7,GET,319,22
7,GET,321,19
7,GET,323,17
7,GET,325,19
7,GET,327,21
7,GET,329,23
7,GET,331,20
7,GET,333,18
7,GET,335,17
7,GET,337,18
7,GET,339,16
7,GET,341,14
7,GET,343,19
7,GET,345,16
7,GET,347,19
7,GET,349,8
7,GET,351,12
7,GET,353,22
7,GET,355,12
7,GET,357,10
7,GET,359,10
7,GET,361,17
7,GET,363,9
7,GET,365,11
7,GET,367,13
7,GET,369,9
7,GET,371,11
7,GET,373,10
7,GET,375,11
7,GET,377,14
7,GET,379,12
7,GET,381,10
7,GET,383,4
7,GET,385,7
7,GET,387,10
7,GET,389,6
7,GET,391,9
7,GET,393,12
7,GET,395,8
7,GET,397,11
7,GET,399,6
7,GET,401,4
7,GET,403,7
7,GET,405,7
7,GET,407,3
7,GET,409,8
7,GET,411,4
7,GET,413,4
7,GET,415,7
7,GET,417,3
7,GET,419,7
7,GET,421,5
7,GET,423,7
7,GET,425,5
7,GET,427,4
7,GET,429,5
7,GET,431,4
7,GET,433,4
7,GET,435,5
7,GET,437,2
7,GET,439,4
7,GET,441,4
7,GET,443,5
7,GET,445,4
7,GET,447,5
7,GET,449,5
7,GET,451,4
7,GET,453,6
7,GET,455,5
7,GET,457,3
7,GET,459,3
7,GET,461,4
7,GET,463,4
7,GET,465,1
7,GET,467,2
7,GET,469,1
7,GET,471,1
7,GET,473,2
7,GET,475,3
7,GET,477,2
7,GET,479,4
7,GET,481,1
7,GET,483,1
7,GET,485,2
7,GET,487,2
7,GET,489,1
7,GET,491,3
7,GET,493,2
7,GET,497,2
7,GET,499,2
7,GET,501,1
7,GET,503,1
7,GET,505,3
7,GET,507,3
7,GET,509,3
7,GET,511,1
7,GET,515,2
7,GET,519,3
7,GET,523,2
7,GET,527,7
7,GET,531,5
7,GET,535,1
7,GET,539,3
7,GET,543,5
7,GET,547,5
7,GET,551,3
7,GET,555,4
7,GET,563,3
7,GET,567,4
7,GET,571,6
7,GET,575,2
7,GET,579,5
7,GET,583,3
7,GET,587,3
7,GET,591,3
7,GET,595,3
7,GET,599,2
7,GET,603,1
7,GET,607,3
7,GET,611,2
7,GET,615,3
7,GET,619,3
7,GET,623,1
7,GET,627,2
7,GET,631,4
7,GET,635,1
7,GET,639,4
7,GET,643,2
7,GET,647,5
7,GET,651,3
7,GET,655,1
7,GET,659,1
7,GET,663,1
7,GET,667,1
7,GET,671,3
7,GET,675,1
7,GET,679,1
7,GET,683,2
7,GET,687,2
7,GET,691,3
7,GET,695,4
7,GET,699,3
7,GET,703,3
7,GET,707,3
7,GET,711,3
7,GET,715,3
7,GET,719,4
7,GET,723,3
7,GET,727,1
7,GET,731,1
7,GET,735,2
7,GET,739,2
7,GET,743,2
7,GET,747,1
7,GET,759,1
7,GET,763,2
7,GET,767,1
7,GET,779,4
7,GET,783,3
7,GET,791,1
7,GET,799,1
7,GET,811,1
7,GET,815,1
7,GET,819,2
7,GET,827,1
7,GET,839,1
7,GET,855,1
7,GET,867,1
7,GET,879,1
7,GET,895,1
7,GET,903,1
7,GET,907,1
7,GET,919,1
7,GET,951,2
7,GET,999,1
7,GET,1015,1
7,GET,1047,1
7,GET,1087,1
7,GET,1111,1
7,GET,1127,1
7,GET,1151,1
7,GET,1159,2
7,GET,1175,2
7,GET,1183,1
7,GET,1191,3
7,GET,1199,1
7,GET,1223,2
7,GET,1231,1
7,GET,1247,1
7,GET,1255,3
7,GET,1279,1
7,GET,1319,1
7,GET,1359,2
7,GET,1367,1
7,GET,1383,2
7,GET,1391,2
7,GET,1439,1
7,GET,1447,1
7,GET,1455,1
7,GET,1471,2
7,GET,1479,1
7,GET,1511,2
7,GET,1527,2
7,GET,1535,1
7,GET,1575,2
7,GET,1623,2
7,GET,1631,2
7,GET,1639,1
7,GET,1663,1
7,GET,1671,1
7,GET,1679,1
7,GET,1687,1
7,GET,1703,1
7,GET,1719,1
7,GET,1759,1
7,GET,1775,2
7,GET,1783,1
7,GET,1823,2
7,GET,1935,1
7,GET,1959,1
7,GET,1983,1
7,GET,2031,1
7,GET,2079,1
7,GET,2095,1
7,GET,2143,1
7,GET,2175,1
7,GET,2239,1
7,GET,2367,1
7,GET,2383,1
7,GET,2431,1
7,GET,2479,1
7,GET,2527,1
7,GET,2703,1
7,GET,2831,1
7,GET,2911,1
7,GET,3023,1
7,GET,3167,1
7,GET,3375,1
7,GET,3423,1
7,GET,3951,1
7,GET,4319,1
7,GET,4703,1
7,GET,6207,1
7,GET,7583,1
8,GET,74,1
8,GET,76,4
8,GET,77,10
8,GET,78,19
8,GET,79,34
8,GET,80,56
8,GET,81,76
8,GET,82,105
8,GET,83,132
8,GET,84,208
8,GET,85,273
8,GET,86,319
8,GET,87,405
8,GET,88,531
8,GET,89,613
8,GET,90,670
8,GET,91,842
8,GET,92,917
8,GET,93,1092
8,GET,94,1206
8,GET,95,1408
8,GET,96,1500
8,GET,97,1647
8,GET,98,1838
8,GET,99,2124
8,GET,100,2318
8,GET,101,2621
8,GET,102,2821
8,GET,103,2914
8,GET,104,3124
8,GET,105,3368
8,GET,106,3547
8,GET,107,3736
8,GET,108,3754
8,GET,109,3919
8,GET,110,4273
8,GET,111,4344
8,GET,112,4437
8,GET,113,4637
8,GET,114,4748
8,GET,115,4964
8,GET,116,5115
8,GET,117,5379
8,GET,118,5538
8,GET,119,5671
8,GET,120,5793
8,GET,121,5845
8,GET,122,6116
8,GET,123,6143
8,GET,124,6115
8,GET,125,6121
8,GET,126,6429
8,GET,127,6380
8,GET,128,6313
8,GET,129,6414
8,GET,130,6345
8,GET,131,6555
8,GET,132,6266
8,GET,133,6381
8,GET,134,6496
8,GET,135,6489
8,GET,136,6412
8,GET,137,6240
8,GET,138,6330
8,GET,139,6403
8,GET,140,6397
8,GET,141,6245
8,GET,142,6173
8,GET,143,6121
8,GET,144,6120
8,GET,145,5958
8,GET,146,5804
8,GET,147,5614
8,GET,148,5596
8,GET,149,5425
8,GET,150,5554
8,GET,151,5339
8,GET,152,5059
8,GET,153,4973
8,GET,154,4924
8,GET,155,4705
8,GET,156,4806
8,GET,157,4643
8,GET,158,4465
8,GET,159,4338
8,GET,160,4115
8,GET,161,4136
8,GET,162,3947
8,GET,163,3865
8,GET,164,3738
8,GET,165,3660
8,GET,166,3506
8,GET,167,3348
8,GET,168,3289
8,GET,169,3028
8,GET,170,2934
8,GET,171,2912
8,GET,172,2701
8,GET,173,2692
8,GET,174,2630
8,GET,175,2428
8,GET,176,2434
8,GET,177,2362
8,GET,178,2203
8,GET,179,2195
8,GET,180,1989
8,GET,181,1922
8,GET,182,1827
8,GET,183,1666
8,GET,184,1716
8,GET,185,1657
8,GET,186,1631
8,GET,187,1489
8,GET,188,1379
8,GET,189,1318
8,GET,190,1301
8,GET,191,1143
8,GET,192,1164
8,GET,193,1155
8,GET,194,1019
8,GET,195,1010
8,GET,196,917
8,GET,197,888
8,GET,198,881
8,GET,199,829
8,GET,200,810
8,GET,201,797
8,GET,202,713
8,GET,203,665
8,GET,204,653
8,GET,205,585
8,GET,206,584
8,GET,207,559
8,GET,208,526
8,GET,209,512
8,GET,210,463
8,GET,211,497
8,GET,212,426
8,GET,213,455
8,GET,214,350
8,GET,215,390
8,GET,216,341
8,GET,217,334
8,GET,218,324
8,GET,219,292
8,GET,220,269
8,GET,221,306
8,GET,222,274
8,GET,223,241
8,GET,224,229
8,GET,225,220
8,GET,226,214
8,GET,227,208
8,GET,228,211
8,GET,229,207
8,GET,230,186
8,GET,231,173
8,GET,232,175
8,GET,233,161
8,GET,234,172
8,GET,235,153
8,GET,236,108
8,GET,237,131
8,GET,238,112
8,GET,239,96
8,GET,240,120
8,GET,241,120
8,GET,242,78
8,GET,243,77
8,GET,244,102
8,GET,245,90
8,GET,246,90
8,GET,247,77
8,GET,248,78
8,GET,249,76
8,GET,250,59
8,GET,251,68
8,GET,252,57
8,GET,253,57
8,GET,254,47
8,GET,255,73
8,GET,257,104
8,GET,259,78
8,GET,261,85
8,GET,263,71
8,GET,265,82
8,GET,267,68
8,GET,269,66
8,GET,271,61
8,GET,273,59
8,GET,275,53
8,GET,277,41
8,GET,279,46
8,GET,281,44
8,GET,283,40
8,GET,285,43
8,GET,287,35
8,GET,289,37
8,GET,291,44
8,GET,293,38
8,GET,295,35
8,GET,297,23
8,GET,299,30
8,GET,301,21
8,GET,303,26
8,GET,305,26
8,GET,307,22
8,GET,309,25
8,GET,311,19
8,GET,313,20
8,GET,315,16
8,GET,317,28
8,GET,319,16
8,GET,321,20
8,GET,323,17
8,GET,325,19
8,GET,327,20
8,GET,329,16
8,GET,331,12
8,GET,333,9
8,GET,335,14
8,GET,337,22
8,GET,339,12
8,GET,341,15
8,GET,343,9
8,GET,345,10
8,GET,347,19
8,GET,349,16
8,GET,351,13
8,GET,353,17
8,GET,355,17
8,GET,357,15
8,GET,359,14
8,GET,361,14
8,GET,363,10
8,GET,365,9
8,GET,367,10
8,GET,369,7
8,GET,371,9
8,GET,373,6
8,GET,375,8
8,GET,377,3
8,GET,379,12
8,GET,381,6
8,GET,383,7
8,GET,385,7
8,GET,387,8
8,GET,389,8
8,GET,391,3
8,GET,393,8
8,GET,395,9
8,GET,397,6
8,GET,399,7
8,GET,401,7
8,GET,403,4
8,GET,405,6
8,GET,407,11
8,GET,409,6
8,GET,411,4
8,GET,413,7
8,GET,415,3
8,GET,417,3
8,GET,419,3
8,GET,421,9
8,GET,423,2
8,GET,425,1
8,GET,427,5
8,GET,429,6
8,GET,431,5
8,GET,433,4
8,GET,435,2
8,GET,437,3
8,GET,439,1
8,GET,441,4
8,GET,443,2
8,GET,445,4
8,GET,447,3
8,GET,449,3
8,GET,451,4
8,GET,453,2
8,GET,455,4
8,GET,457,3
8,GET,459,3
8,GET,461,2
8,GET,463,1
8,GET,465,1
8,GET,467,3
8,GET,469,5
8,GET,473,3
8,GET,475,1
8,GET,477,2
8,GET,479,1
8,GET,481,4
8,GET,483,3
8,GET,485,1
8,GET,487,2
8,GET,489,5
8,GET,493,4
8,GET,495,1
8,GET,497,1
8,GET,499,4
8,GET,501,2
8,GET,503,3
8,GET,505,2
8,GET,507,6
8,GET,509,2
8,GET,511,1
8,GET,515,4
8,GET,519,4
8,GET,523,2
8,GET,527,2
8,GET,531,1
8,GET,535,3
8,GET,539,3
8,GET,543,2
8,GET,547,6
8,GET,551,3
8,GET,555,1
8,GET,559,3
8,GET,563,1
8,GET,567,2
8,GET,571,7
8,GET,575,4
8,GET,579,3
8,GET,583,2
8,GET,587,2
8,GET,591,4
8,GET,599,4
8,GET,603,1
8,GET,607,3
8,GET,611,2
8,GET,615,1
8,GET,619,3
8,GET,623,4
8,GET,627,4
8,GET,631,2
8,GET,635,5
8,GET,639,1
8,GET,643,3
8,GET,647,1
8,GET,651,2
8,GET,655,2
8,GET,659,1
8,GET,671,2
8,GET,679,4
8,GET,683,2
8,GET,691,2
8,GET,695,2
8,GET,699,1
8,GET,703,5
8,GET,707,1
8,GET,711,3
8,GET,715,3
8,GET,719,1
8,GET,723,2
8,GET,731,1
8,GET,735,2
8,GET,739,4
8,GET,743,2
8,GET,747,1
8,GET,755,2
8,GET,759,1
8,GET,767,3
8,GET,771,2
8,GET,783,1
8,GET,799,1
8,GET,815,1
8,GET,819,1
8,GET,823,2
8,GET,851,1
8,GET,875,1
8,GET,879,1
8,GET,891,1
8,GET,895,1
8,GET,899,1
8,GET,907,1
8,GET,911,1
8,GET,923,2
8,GET,927,2
8,GET,951,1
8,GET,955,1
8,GET,959,1
8,GET,971,1
8,GET,987,1
8,GET,995,1
8,GET,1011,1
8,GET,1019,1
8,GET,1079,3
8,GET,1103,1
8,GET,1111,3
8,GET,1127,1
8,GET,1135,2
8,GET,1143,1
8,GET,1159,1
8,GET,1175,1
8,GET,1183,1
8,GET,1191,1
8,GET,1207,2
8,GET,1223,2
8,GET,1231,1
8,GET,1239,2
8,GET,1247,1
8,GET,1263,1
8,GET,1271,1
8,GET,1279,1
8,GET,1295,1
8,GET,1303,1
8,GET,1319,3
8,GET,1327,2
8,GET,1351,1
8,GET,1375,1
8,GET,1383,1
8,GET,1391,1
8,GET,1399,1
8,GET,1407,1
8,GET,1415,1
8,GET,1423,2
8,GET,1439,1
8,GET,1447,1
8,GET,1471,1
8,GET,1487,1
8,GET,1511,2
8,GET,1551,1
8,GET,1559,3
8,GET,1575,1
8,GET,1615,1
8,GET,1623,1
8,GET,1631,2
8,GET,1679,2
8,GET,1695,1
8,GET,1703,1
8,GET,1719,1
8,GET,1735,1
8,GET,1743,1
8,GET,1751,1
8,GET,1759,3
8,GET,1783,1
8,GET,1791,2
8,GET,1807,2
8,GET,1823,1
8,GET,1831,1
8,GET,1847,1
8,GET,1863,1
8,GET,1879,2
8,GET,1919,1
8,GET,1927,1
8,GET,1943,2
8,GET,1975,1
8,GET,1983,1
8,GET,2007,1
8,GET,2015,1
8,GET,2111,1
8,GET,2127,1
8,GET,2143,1
8,GET,2159,1
8,GET,2223,1
8,GET,2271,1
8,GET,2351,3
8,GET,2431,1
8,GET,2543,1
8,GET,2559,1
8,GET,3103,1
8,GET,3231,1
8,GET,3487,2
8,GET,3535,1
8,GET,3599,1
8,GET,3983,1
8,GET,4991,1
8,GET,6111,1
8,GET,8319,1
8,DEL,75,1
8,DEL,77,1
8,DEL,78,9
8,DEL,79,8
8,DEL,80,17
8,DEL,81,19
8,DEL,82,28
8,DEL,83,45
8,DEL,84,68
8,DEL,85,67
8,DEL,86,104
8,DEL,87,152
8,DEL,88,163
8,DEL,89,190
8,DEL,90,213
8,DEL,91,238
8,DEL,92,283
8,DEL,93,335
8,DEL,94,374
8,DEL,95,441
8,DEL,96,498
8,DEL,97,573
8,DEL,98,633
8,DEL,99,691
8,DEL,100,787
8,DEL,101,823
8,DEL,102,974
8,DEL,103,966
8,DEL,104,1084
8,DEL,105,1232
8,DEL,106,1220
8,DEL,107,1306
8,DEL,108,1299
8,DEL,109,1453
8,DEL,110,1420
8,DEL,111,1548
8,DEL,112,1587
8,DEL,113,1665
8,DEL,114,1560
8,DEL,115,1732
8,DEL,116,1755
8,DEL,117,1875
8,DEL,118,1872
8,DEL,119,2008
8,DEL,120,1968
8,DEL,121,2172
8,DEL,122,2092
8,DEL,123,2092
8,DEL,124,2160
8,DEL,125,2210
8,DEL,126,2302
8,DEL,127,2254
8,DEL,128,2163
8,DEL,129,2266
8,DEL,130,2317
8,DEL,131,2333
8,DEL,132,2300
8,DEL,133,2257
8,DEL,134,2296
8,DEL,135,2258
8,DEL,136,2340
8,DEL,137,2258
8,DEL,138,2246
8,DEL,139,2240
8,DEL,140,2317
8,DEL,141,2221
8,DEL,142,2217
8,DEL,143,2189
8,DEL,144,2130
8,DEL,145,2081
8,DEL,146,2102
8,DEL,147,1995
8,DEL,148,2042
8,DEL,149,2011
8,DEL,150,1978
8,DEL,151,1921
8,DEL,152,1855
8,DEL,153,1843
8,DEL,154,1767
8,DEL,155,1661
8,DEL,156,1670
8,DEL,157,1636
8,DEL,158,1702
8,DEL,159,1534
8,DEL,160,1547
8,DEL,161,1425
8,DEL,162,1420
8,DEL,163,1429
8,DEL,164,1312
8,DEL,165,1298
8,DEL,166,1178
8,DEL,167,1196
8,DEL,168,1180
8,DEL,169,1138
8,DEL,170,1136
8,DEL,171,1056
8,DEL,172,972
8,DEL,173,980
8,DEL,174,915
8,DEL,175,934
8,DEL,176,903
8,DEL,177,819
8,DEL,178,797
8,DEL,179,763
8,DEL,180,744
8,DEL,181,747
8,DEL,182,686
8,DEL,183,692
8,DEL,184,602
8,DEL,185,656
8,DEL,186,582
8,DEL,187,541
8,DEL,188,508
8,DEL,189,521
8,DEL,190,494
8,DEL,191,466
8,DEL,192,423
8,DEL,193,423
8,DEL,194,365
8,DEL,195,359
8,DEL,196,344
8,DEL,197,339
8,DEL,198,353
8,DEL,199,292
8,DEL,200,324
8,DEL,201,300
8,DEL,202,269
8,DEL,203,260
8,DEL,204,246
8,DEL,205,256
8,DEL,206,260
8,DEL,207,216
8,DEL,208,187
8,DEL,209,191
8,DEL,210,181
8,DEL,211,167
8,DEL,212,155
8,DEL,213,157
8,DEL,214,143
8,DEL,215,151
8,DEL,216,154
8,DEL,217,122
8,DEL,218,120
8,DEL,219,105
8,DEL,220,95
8,DEL,221,98
8,DEL,222,82
8,DEL,223,92
8,DEL,224,87
8,DEL,225,91
8,DEL,226,84
8,DEL,227,84
8,DEL,228,80
8,DEL,229,73
8,DEL,230,67
8,DEL,231,73
8,DEL,232,54
8,DEL,233,64
8,DEL,234,51
8,DEL,235,61
8,DEL,236,41
8,DEL,237,34
8,DEL,238,38
8,DEL,239,31
8,DEL,240,34
8,DEL,241,35
8,DEL,242,47
8,DEL,243,35
8,DEL,244,37
8,DEL,245,24
8,DEL,246,32
8,DEL,247,24
8,DEL,248,29
8,DEL,249,25
8,DEL,250,22
8,DEL,251,38
8,DEL,252,20
8,DEL,253,17
8,DEL,254,26
8,DEL,255,24
8,DEL,257,34
8,DEL,259,37
8,DEL,261,33
8,DEL,263,28
8,DEL,265,20
8,DEL,267,18
8,DEL,269,29
8,DEL,271,24
8,DEL,273,16
8,DEL,275,17
8,DEL,277,18
8,DEL,279,23
8,DEL,281,13
8,DEL,283,12
8,DEL,285,10
8,DEL,287,12
8,DEL,289,12
8,DEL,291,11
8,DEL,293,12
8,DEL,295,12
8,DEL,297,12
8,DEL,299,13
8,DEL,301,4
8,DEL,303,5
8,DEL,305,6
8,DEL,307,9
8,DEL,309,10
8,DEL,311,9
8,DEL,313,10
8,DEL,315,12
8,DEL,317,9
8,DEL,319,4
8,DEL,321,4
8,DEL,323,7
8,DEL,325,3
8,DEL,327,8
8,DEL,329,5
8,DEL,331,8
8,DEL,333,4
8,DEL,335,6
8,DEL,337,2
8,DEL,339,2
8,DEL,341,4
8,DEL,343,4
8,DEL,345,4
8,DEL,347,2
8,DEL,349,9
8,DEL,351,5
8,DEL,353,2
8,DEL,357,4
8,DEL,359,3
8,DEL,361,7
8,DEL,363,3
8,DEL,365,6
8,DEL,367,4
8,DEL,369,4
8,DEL,371,1
8,DEL,373,7
8,DEL,375,4
8,DEL,377,2
8,DEL,379,2
8,DEL,381,4
8,DEL,383,4
8,DEL,385,5
8,DEL,387,3
8,DEL,389,5
8,DEL,391,2
8,DEL,393,3
8,DEL,395,2
8,DEL,397,8
8,DEL,399,1
8,DEL,401,3
8,DEL,403,1
8,DEL,405,2
8,DEL,407,1
8,DEL,409,1
8,DEL,411,1
8,DEL,413,2
8,DEL,415,4
8,DEL,417,4
8,DEL,419,1
8,DEL,421,2
8,DEL,423,4
8,DEL,427,1
8,DEL,429,1
8,DEL,431,3
8,DEL,433,1
8,DEL,435,2
8,DEL,439,1
8,DEL,441,1
8,DEL,443,1
8,DEL,445,1
8,DEL,449,2
8,DEL,451,2
8,DEL,453,1
8,DEL,455,1
8,DEL,457,1
8,DEL,459,1
8,DEL,461,1
8,DEL,467,1
8,DEL,469,2
8,DEL,473,1
8,DEL,479,2
8,DEL,481,1
8,DEL,489,1
8,DEL,497,1
8,DEL,511,2
8,DEL,515,2
8,DEL,519,1
8,DEL,523,2
8,DEL,539,1
8,DEL,547,2
8,DEL,551,2
8,DEL,555,2
8,DEL,559,1
8,DEL,571,1
8,DEL,579,1
8,DEL,583,2
8,DEL,595,2
8,DEL,603,2
8,DEL,607,4
8,DEL,615,1
8,DEL,631,1
8,DEL,635,1
8,DEL,651,1
8,DEL,659,1
8,DEL,663,1
8,DEL,667,1
8,DEL,675,2
8,DEL,683,1
8,DEL,687,1
8,DEL,691,2
8,DEL,695,1
8,DEL,699,2
8,DEL,715,1
8,DEL,723,1
8,DEL,731,1
8,DEL,755,1
8,DEL,771,1
8,DEL,779,3
8,DEL,787,1
8,DEL,811,1
8,DEL,847,1
8,DEL,871,1
8,DEL,875,1
8,DEL,951,1
8,DEL,1039,1
8,DEL,1063,1
8,DEL,1095,1
8,DEL,1111,3
8,DEL,1167,1
8,DEL,1255,1
8,DEL,1391,1
8,DEL,1463,1
8,DEL,1487,1
8,DEL,1503,1
8,DEL,1519,1
8,DEL,1527,1
8,DEL,1543,1
8,DEL,1583,1
8,DEL,1607,1
8,DEL,1703,1
8,DEL,1839,1
8,DEL,1895,1
8,DEL,1959,1
8,DEL,1999,1
8,DEL,2159,1
8,DEL,2191,1
8,DEL,2287,1
8,DEL,2351,1
8,DEL,2623,1
8,DEL,3471,1
8,DEL,6015,1
8,SET,76,1
8,SET,78,1
8,SET,79,1
8,SET,81,4
8,SET,82,3
8,SET,83,1
8,SET,84,9
8,SET,85,6
8,SET,86,10
8,SET,87,18
8,SET,88,14
8,SET,89,20
8,SET,90,20
8,SET,91,26
8,SET,92,34
8,SET,93,36
8,SET,94,57
8,SET,95,47
8,SET,96,69
8,SET,97,78
8,SET,98,93
8,SET,99,89
8,SET,100,102
8,SET,101,112
8,SET,102,158
8,SET,103,129
8,SET,104,174
8,SET,105,192
8,SET,106,172
8,SET,107,205
8,SET,108,189
8,SET,109,231
8,SET,110,221
8,SET,111,259
8,SET,112,252
8,SET,113,261
8,SET,114,271
8,SET,115,307
8,SET,116,322
8,SET,117,314
8,SET,118,345
8,SET,119,358
8,SET,120,357
8,SET,121,384
8,SET,122,404
8,SET,123,369
8,SET,124,384
8,SET,125,413
8,SET,126,410
8,SET,127,428
8,SET,128,418
8,SET,129,427
8,SET,130,428
8,SET,131,463
8,SET,132,431
8,SET,133,423
8,SET,134,432
8,SET,135,502
8,SET,136,459
8,SET,137,412
8,SET,138,471
8,SET,139,416
8,SET,140,482
8,SET,141,464
8,SET,142,463
8,SET,143,453
8,SET,144,464
8,SET,145,500
8,SET,146,420
8,SET,147,416
8,SET,148,435
8,SET,149,417
8,SET,150,405
8,SET,151,411
8,SET,152,395
8,SET,153,400
8,SET,154,401
8,SET,155,366
8,SET,156,369
8,SET,157,355
8,SET,158,347
8,SET,159,342
8,SET,160,328
8,SET,161,326
8,SET,162,332
8,SET,163,343
8,SET,164,289
8,SET,165,294
8,SET,166,262
8,SET,167,294
8,SET,168,265
8,SET,169,277
8,SET,170,267
8,SET,171,231
8,SET,172,254
8,SET,173,211
8,SET,174,207
8,SET,175,209
8,SET,176,203
8,SET,177,169
8,SET,178,194
8,SET,179,167
8,SET,180,163
8,SET,181,173
8,SET,182,169
8,SET,183,169
8,SET,184,157
8,SET,185,147
8,SET,186,135
8,SET,187,137
8,SET,188,146
8,SET,189,126
8,SET,190,125
8,SET,191,133
8,SET,192,113
8,SET,193,84
8,SET,194,103
8,SET,195,93
8,SET,196,94
8,SET,197,79
8,SET,198,83
8,SET,199,89
8,SET,200,78
8,SET,201,58
8,SET,202,72
8,SET,203,84
8,SET,204,58
8,SET,205,58
8,SET,206,53
8,SET,207,50
8,SET,208,53
8,SET,209,49
8,SET,210,41
8,SET,211,41
8,SET,212,54
8,SET,213,44
8,SET,214,38
8,SET,215,39
8,SET,216,29
8,SET,217,33
8,SET,218,29
8,SET,219,41
8,SET,220,22
8,SET,221,29
8,SET,222,21
8,SET,223,25
8,SET,224,23
8,SET,225,24
8,SET,226,25
8,SET,227,18
8,SET,228,22
8,SET,229,22
8,SET,230,24
8,SET,231,14
8,SET,232,16
8,SET,233,13
8,SET,234,17
8,SET,235,12
8,SET,236,8
8,SET,237,20
8,SET,238,10
8,SET,239,11
8,SET,240,16
8,SET,241,7
8,SET,242,7
8,SET,243,8
8,SET,244,9
8,SET,245,11
8,SET,246,7
8,SET,247,8
8,SET,248,7
8,SET,249,12
8,SET,250,8
8,SET,251,11
8,SET,252,6
8,SET,253,4
8,SET,254,4
8,SET,255,6
8,SET,257,10
8,SET,259,11
8,SET,261,4
8,SET,263,8
8,SET,265,9
8,SET,267,6
8,SET,269,5
8,SET,271,11
8,SET,273,6
8,SET,275,5
8,SET,277,2
8,SET,279,6
8,SET,281,3
8,SET,283,3
8,SET,285,3
8,SET,287,4
8,SET,289,6
8,SET,291,2
8,SET,293,2
8,SET,295,4
8,SET,297,4
8,SET,299,3
8,SET,301,2
8,SET,303,1
8,SET,305,3
8,SET,307,1
8,SET,309,1
8,SET,311,2
8,SET,315,5
8,SET,317,1
8,SET,323,1
8,SET,325,2
8,SET,335,4
8,SET,337,2
8,SET,343,1
8,SET,345,1
8,SET,347,3
8,SET,349,1
8,SET,351,2
8,SET,353,1
8,SET,361,1
8,SET,363,1
8,SET,367,1
8,SET,371,1
8,SET,375,2
8,SET,379,1
8,SET,393,1
8,SET,397,2
8,SET,399,1
8,SET,401,3
8,SET,407,1
8,SET,431,2
8,SET,447,1
8,SET,451,1
8,SET,455,1
8,SET,495,1
8,SET,503,1
8,SET,507,1
8,SET,531,2
8,SET,543,2
8,SET,571,1
8,SET,599,1
8,SET,607,1
8,SET,611,1
8,SET,619,1
8,SET,635,1
8,SET,647,1
8,SET,735,1
8,SET,759,1
8,SET,791,1
8,SET,807,1
8,SET,915,1
8,SET,1039,1
8,SET,1159,1
8,SET,1319,1
8,SET,1559,1
8,SET,2287,1
8,SET,2399,1
8,SET,3375,1
8,SET,4607,1
9,GET,73,1
9,GET,74,3
9,GET,75,13
9,GET,76,11
9,GET,77,33
9,GET,78,41
9,GET,79,63
9,GET,80,67
9,GET,81,130
9,GET,82,161
9,GET,83,223
9,GET,84,290
9,GET,85,389
9,GET,86,406
9,GET,87,539
9,GET,88,591
9,GET,89,753
9,GET,90,884
9,GET,91,923
9,GET,92,1004
9,GET,93,1242
9,GET,94,1391
9,GET,95,1497
9,GET,96,1735
9,GET,97,1857
9,GET,98,2088
9,GET,99,2261
9,GET,100,2547
9,GET,101,2697
9,GET,102,2888
9,GET,103,3126
9,GET,104,3370
9,GET,105,3424
9,GET,106,3605
9,GET,107,3855
9,GET,108,3956
9,GET,109,4079
9,GET,110,4358
9,GET,111,4359
9,GET,112,4641
9,GET,113,4812
9,GET,114,5036
9,GET,115,5044
9,GET,116,5273
9,GET,117,5371
9,GET,118,5633
9,GET,119,5632
9,GET,120,5834
9,GET,121,6036
9,GET,122,6103
9,GET,123,6223
9,GET,124,6141
9,GET,125,6320
9,GET,126,6382
9,GET,127,6470
9,GET,128,6490
9,GET,129,6432
9,GET,130,6505
9,GET,131,6459
9,GET,132,6352
9,GET,133,6483
9,GET,134,6346
9,GET,135,6374
9,GET,136,6342
9,GET,137,6367
9,GET,138,6162
9,GET,139,6291
9,GET,140,6272
9,GET,141,6197
9,GET,142,6243
9,GET,143,6106
9,GET,144,6032
9,GET,145,5934
9,GET,146,5771
9,GET,147,5608
9,GET,148,5531
9,GET,149,5548
9,GET,150,5475
9,GET,151,5292
9,GET,152,5043
9,GET,153,4875
9,GET,154,4776
9,GET,155,4780
9,GET,156,4501
9,GET,157,4445
9,GET,158,4249
9,GET,159,4207
9,GET,160,3966
9,GET,161,3868
9,GET,162,3880
9,GET,163,3565
9,GET,164,3562
9,GET,165,3551
9,GET,166,3366
9,GET,167,3240
9,GET,168,3035
9,GET,169,2959
9,GET,170,2900
9,GET,171,2855
9,GET,172,2720
9,GET,173,2581
9,GET,174,2326
9,GET,175,2351
9,GET,176,2351
9,GET,177,2244
9,GET,178,2189
9,GET,179,1957
9,GET,180,2007
9,GET,181,1846
9,GET,182,1854
9,GET,183,1695
9,GET,184,1606
9,GET,185,1559
9,GET,186,1507
9,GET,187,1426
9,GET,188,1341
9,GET,189,1280
9,GET,190,1228
9,GET,191,1180
9,GET,192,1125
9,GET,193,1104
9,GET,194,1032
9,GET,195,917
9,GET,196,890
9,GET,197,921
9,GET,198,823
9,GET,199,781
9,GET,200,764
9,GET,201,705
9,GET,202,712
9,GET,203,670
9,GET,204,604
9,GET,205,545
9,GET,206,580
9,GET,207,528
9,GET,208,532
9,GET,209,487
9,GET,210,443
9,GET,211,455
9,GET,212,401
9,GET,213,376
9,GET,214,381
9,GET,215,378
9,GET,216,347
9,GET,217,324
9,GET,218,303
9,GET,219,273
9,GET,220,268
9,GET,221,273
9,GET,222,227
9,GET,223,203
9,GET,224,215
9,GET,225,221
9,GET,226,221
9,GET,227,219
9,GET,228,150
9,GET,229,186
9,GET,230,174
9,GET,231,162
9,GET,232,170
9,GET,233,135
9,GET,234,144
9,GET,235,128
9,GET,236,114
9,GET,237,98
9,GET,238,108
9,GET,239,108
9,GET,240,84
9,GET,241,95
9,GET,242,78
9,GET,243,100
9,GET,244,103
9,GET,245,79
9,GET,246,69
9,GET,247,72
9,GET,248,75
9,GET,249,73
9,GET,250,59
9,GET,251,51
9,GET,252,73
9,GET,253,58
9,GET,254,56
9,GET,255,51
9,GET,257,88
9,GET,259,81
9,GET,261,70
9,GET,263,76
9,GET,265,76
9,GET,267,73
9,GET,269,66
9,GET,271,70
9,GET,273,54
9,GET,275,47
9,GET,277,56
9,GET,279,47
9,GET,281,41
9,GET,283,42
9,GET,285,45
9,GET,287,23
9,GET,289,33
9,GET,291,34
9,GET,293,33
9,GET,295,20
9,GET,297,23
9,GET,299,30
9,GET,301,33
9,GET,303,36
9,GET,305,21
9,GET,307,27
9,GET,309,24
9,GET,311,24
9,GET,313,26
9,GET,315,16
9,GET,317,19
9,GET,319,20
9,GET,321,8
9,GET,323,13
9,GET,325,20
9,GET,327,19
9,GET,329,18
9,GET,331,8
9,GET,333,13
9,GET,335,15
9,GET,337,10
9,GET,339,15
9,GET,341,14
9,GET,343,8
9,GET,345,8
9,GET,347,18
9,GET,349,12
9,GET,351,9
9,GET,353,10
9,GET,355,9
9,GET,357,9
9,GET,359,19
9,GET,361,7
9,GET,363,6
9,GET,365,9
9,GET,367,14
9,GET,369,15
9,GET,371,4
9,GET,373,7
9,GET,375,8
9,GET,377,4
9,GET,379,9
9,GET,381,12
9,GET,383,9
9,GET,385,9
9,GET,387,4
9,GET,389,5
9,GET,391,4
9,GET,393,10
9,GET,395,5
9,GET,397,5
9,GET,399,2
9,GET,401,4
9,GET,403,6
9,GET,405,11
9,GET,407,3
9,GET,409,11
9,GET,411,2
9,GET,413,5
9,GET,415,6
9,GET,417,5
9,GET,419,5
9,GET,421,2
9,GET,423,3
9,GET,425,3
9,GET,427,3
9,GET,429,2
9,GET,431,4
9,GET,433,3
9,GET,435,4
9,GET,437,1
9,GET,439,3
9,GET,441,1
9,GET,443,3
9,GET,445,3
9,GET,447,1
9,GET,449,5
9,GET,451,3
9,GET,453,3
9,GET,455,2
9,GET,457,1
9,GET,459,4
9,GET,461,2
9,GET,465,3
9,GET,467,1
9,GET,469,5
9,GET,471,5
9,GET,473,5
9,GET,475,3
9,GET,477,4
9,GET,479,6
9,GET,481,3
9,GET,483,1
9,GET,489,2
9,GET,491,3
9,GET,495,2
9,GET,497,1
9,GET,499,2
9,GET,501,1
9,GET,503,1
9,GET,505,2
9,GET,509,1
9,GET,511,2
9,GET,515,4
9,GET,519,3
9,GET,523,4
9,GET,527,2
9,GET,531,1
9,GET,535,4
9,GET,539,1
9,GET,543,7
9,GET,547,2
9,GET,551,3
9,GET,555,1
9,GET,559,2
9,GET,563,5
9,GET,567,1
9,GET,571,2
9,GET,575,6
9,GET,579,2
9,GET,583,3
9,GET,587,1
9,GET,591,2
9,GET,595,2
9,GET,599,3
9,GET,603,3
9,GET,607,2
9,GET,615,3
9,GET,619,5
9,GET,623,3
9,GET,627,6
9,GET,631,4
9,GET,635,1
9,GET,639,2
9,GET,643,3
9,GET,647,1
9,GET,655,2
9,GET,659,4
9,GET,671,3
9,GET,675,1
9,GET,679,2
9,GET,683,1
9,GET,687,1
9,GET,691,2
9,GET,695,3
9,GET,699,1
9,GET,703,1
9,GET,707,3
9,GET,715,2
9,GET,719,1
9,GET,723,2
9,GET,727,2
9,GET,731,1
9,GET,735,1
9,GET,739,2
9,GET,743,1
9,GET,751,2
9,GET,755,1
9,GET,759,1
9,GET,767,1
9,GET,771,1
9,GET,779,1
9,GET,783,1
9,GET,791,2
9,GET,799,2
9,GET,803,2
9,GET,815,2
9,GET,823,1
9,GET,835,1
9,GET,851,1
9,GET,855,1
9,GET,863,1
9,GET,867,2
9,GET,879,1
9,GET,883,1
9,GET,891,1
9,GET,911,1
9,GET,919,1
9,GET,943,1
9,GET,955,2
9,GET,971,1
9,GET,983,1
9,GET,987,1
9,GET,1031,1
9,GET,1047,1
9,GET,1063,1
9,GET,1071,1
9,GET,1079,1
9,GET,1095,1
9,GET,1103,1
9,GET,1111,2
9,GET,1127,1
9,GET,1135,2
9,GET,1151,3
9,GET,1167,1
9,GET,1175,2
9,GET,1199,1
9,GET,1215,1
9,GET,1223,1
9,GET,1239,1
9,GET,1279,2
9,GET,1287,1
9,GET,1311,1
9,GET,1319,1
9,GET,1335,1
9,GET,1351,2
9,GET,1367,2
9,GET,1399,3
9,GET,1407,1
9,GET,1415,3
9,GET,1439,1
9,GET,1455,1
9,GET,1487,1
9,GET,1527,2
9,GET,1535,1
9,GET,1551,1
9,GET,1567,1
9,GET,1599,2
9,GET,1607,2
9,GET,1623,1
9,GET,1631,1
9,GET,1647,1
9,GET,1671,1
9,GET,1703,1
9,GET,1727,2
9,GET,1743,1
9,GET,1759,1
9,GET,1807,1
9,GET,1831,1
9,GET,1871,1
9,GET,1895,1
9,GET,1903,1
9,GET,1919,2
9,GET,1927,1
9,GET,1943,1
9,GET,1951,1
9,GET,1999,1
9,GET,2023,1
9,GET,2063,1
9,GET,2095,1
9,GET,2111,1
9,GET,2159,2
9,GET,2175,1
9,GET,2191,1
9,GET,2207,1
9,GET,2239,1
9,GET,2335,1
9,GET,2415,1
9,GET,2447,1
9,GET,2719,1
9,GET,2863,1
9,GET,3119,1
9,GET,3135,2
9,GET,3183,1
9,GET,3615,1
9,GET,3791,1
9,GET,5119,1
9,GET,5247,1
9,GET,6367,1
9,GET,6783,1
9,GET,6815,1
9,DEL,71,1
9,DEL,74,1
9,DEL,76,7
9,DEL,77,11
9,DEL,78,10
9,DEL,79,16
9,DEL,80,18
9,DEL,81,26
9,DEL,82,48
9,DEL,83,55
9,DEL,84,99
9,DEL,85,120
9,DEL,86,131
9,DEL,87,156
9,DEL,88,188
9,DEL,89,220
9,DEL,90,289
9,DEL,91,319
9,DEL,92,376
9,DEL,93,427
9,DEL,94,424
9,DEL,95,534
9,DEL,96,549
9,DEL,97,621
9,DEL,98,651
9,DEL,99,774
9,DEL,100,849
9,DEL,101,877
9,DEL,102,994
9,DEL,103,1107
9,DEL,104,1152
9,DEL,105,1198
9,DEL,106,1224
9,DEL,107,1308
9,DEL,108,1353
9,DEL,109,1435
9,DEL,110,1441
9,DEL,111,1562
9,DEL,112,1640
9,DEL,113,1731
9,DEL,114,1695
9,DEL,115,1742
9,DEL,116,1871
9,DEL,117,1858
9,DEL,118,1999
9,DEL,119,2082
9,DEL,120,2091
9,DEL,121,2090
9,DEL,122,2210
9,DEL,123,2085
9,DEL,124,2177
9,DEL,125,2193
9,DEL,126,2261
9,DEL,127,2282
9,DEL,128,2254
9,DEL,129,2229
9,DEL,130,2251
9,DEL,131,2330
9,DEL,132,2216
9,DEL,133,2302
9,DEL,134,2395
9,DEL,135,2296
9,DEL,136,2304
9,DEL,137,2364
9,DEL,138,2180
9,DEL,139,2249
9,DEL,140,2255
9,DEL,141,2181
9,DEL,142,2216
9,DEL,143,2201
9,DEL,144,2132
9,DEL,145,2065
9,DEL,146,2087
9,DEL,147,2035
9,DEL,148,2064
9,DEL,149,2050
9,DEL,150,1918
9,DEL,151,1852
9,DEL,152,1835
9,DEL,153,1732
9,DEL,154,1694
9,DEL,155,1667
9,DEL,156,1636
9,DEL,157,1599
9,DEL,158,1562
9,DEL,159,1601
9,DEL,160,1449
9,DEL,161,1449
9,DEL,162,1409
9,DEL,163,1376
9,DEL,164,1286
9,DEL,165,1254
9,DEL,166,1231
9,DEL,167,1270
9,DEL,168,1125
9,DEL,169,1140
9,DEL,170,1072
9,DEL,171,1015
9,DEL,172,1021
9,DEL,173,938
9,DEL,174,938
9,DEL,175,892
9,DEL,176,808
9,DEL,177,834
9,DEL,178,792
9,DEL,179,745
9,DEL,180,726
9,DEL,181,689
9,DEL,182,684
9,DEL,183,696
9,DEL,184,643
9,DEL,185,590
9,DEL,186,562
9,DEL,187,502
9,DEL,188,500
9,DEL,189,514
9,DEL,190,452
9,DEL,191,387
9,DEL,192,423
9,DEL,193,384
9,DEL,194,356
9,DEL,195,349
9,DEL,196,326
9,DEL,197,316
9,DEL,198,324
9,DEL,199,311
9,DEL,200,287
9,DEL,201,265
9,DEL,202,280
9,DEL,203,261
9,DEL,204,255
9,DEL,205,206
9,DEL,206,202
9,DEL,207,213
9,DEL,208,189
9,DEL,209,183
9,DEL,210,169
9,DEL,211,162
9,DEL,212,167
9,DEL,213,150
9,DEL,214,130
9,DEL,215,119
9,DEL,216,113
9,DEL,217,119
9,DEL,218,116
9,DEL,219,127
9,DEL,220,97
9,DEL,221,103
9,DEL,222,86
9,DEL,223,80
9,DEL,224,63
9,DEL,225,88
9,DEL,226,82
9,DEL,227,74
9,DEL,228,74
9,DEL,229,48
9,DEL,230,66
9,DEL,231,71
9,DEL,232,64
9,DEL,233,44
9,DEL,234,46
9,DEL,235,49
9,DEL,236,47
9,DEL,237,43
9,DEL,238,35
9,DEL,239,29
9,DEL,240,53
9,DEL,241,46
9,DEL,242,33
9,DEL,243,26
9,DEL,244,31
9,DEL,245,33
9,DEL,246,31
9,DEL,247,28
9,DEL,248,24
9,DEL,249,25
9,DEL,250,19
9,DEL,251,27
9,DEL,252,24
9,DEL,253,28
9,DEL,254,21
9,DEL,255,20
9,DEL,257,32
9,DEL,259,32
9,DEL,261,35
9,DEL,263,27
9,DEL,265,26
9,DEL,267,33
9,DEL,269,25
9,DEL,271,22
9,DEL,273,21
9,DEL,275,18
9,DEL,277,17
9,DEL,279,17
9,DEL,281,15
9,DEL,283,19
9,DEL,285,9
9,DEL,287,11
9,DEL,289,7
9,DEL,291,11
9,DEL,293,10
9,DEL,295,13
9,DEL,297,8
9,DEL,299,11
9,DEL,301,10
9,DEL,303,12
9,DEL,305,10
9,DEL,307,10
9,DEL,309,7
9,DEL,311,7
9,DEL,313,7
9,DEL,315,8
9,DEL,317,8
9,DEL,319,3
9,DEL,321,8
9,DEL,323,4
9,DEL,325,7
9,DEL,327,5
9,DEL,329,6
9,DEL,331,14
9,DEL,333,6
9,DEL,335,5
9,DEL,337,4
9,DEL,339,1
9,DEL,341,6
9,DEL,343,2
9,DEL,345,1
9,DEL,347,2
9,DEL,349,6
9,DEL,351,3
9,DEL,353,7
9,DEL,355,8
9,DEL,357,4
9,DEL,359,3
9,DEL,361,5
9,DEL,363,5
9,DEL,365,2
9,DEL,367,1
9,DEL,369,3
9,DEL,371,5
9,DEL,375,3
9,DEL,377,3
9,DEL,379,1
9,DEL,381,1
9,DEL,383,6
9,DEL,385,2
9,DEL,387,3
9,DEL,389,3
9,DEL,391,2
9,DEL,395,5
9,DEL,397,3
9,DEL,399,1
9,DEL,401,2
9,DEL,403,2
9,DEL,407,4
9,DEL,411,3
9,DEL,413,3
9,DEL,417,1
9,DEL,419,4
9,DEL,421,3
9,DEL,423,1
9,DEL,425,1
9,DEL,427,4
9,DEL,435,1
9,DEL,437,1
9,DEL,439,2
9,DEL,443,1
9,DEL,445,1
9,DEL,447,1
9,DEL,449,1
9,DEL,451,2
9,DEL,459,2
9,DEL,461,1
9,DEL,463,1
9,DEL,467,1
9,DEL,471,1
9,DEL,473,1
9,DEL,475,1
9,DEL,483,2
9,DEL,487,1
9,DEL,489,1
9,DEL,491,1
9,DEL,493,2
9,DEL,495,1
9,DEL,505,1
9,DEL,507,1
9,DEL,509,2
9,DEL,515,1
9,DEL,519,2
9,DEL,531,1
9,DEL,539,2
9,DEL,543,1
9,DEL,547,1
9,DEL,551,1
9,DEL,555,2
9,DEL,563,1
9,DEL,567,3
9,DEL,575,1
9,DEL,579,1
9,DEL,583,2
9,DEL,587,2
9,DEL,595,1
9,DEL,603,2
9,DEL,607,1
9,DEL,615,1
9,DEL,619,2
9,DEL,627,3
9,DEL,635,1
9,DEL,643,1
9,DEL,651,3
9,DEL,655,1
9,DEL,659,1
9,DEL,667,1
9,DEL,675,1
9,DEL,679,1
9,DEL,683,3
9,DEL,695,1
9,DEL,699,1
9,DEL,719,1
9,DEL,723,1
9,DEL,727,1
9,DEL,739,1
9,DEL,747,3
9,DEL,751,1
9,DEL,755,1
9,DEL,775,2
9,DEL,779,1
9,DEL,787,2
9,DEL,803,1
9,DEL,859,1
9,DEL,891,1
9,DEL,931,1
9,DEL,939,1
9,DEL,963,1
9,DEL,967,1
9,DEL,1039,1
9,DEL,1055,1
9,DEL,1111,1
9,DEL,1183,1
9,DEL,1223,1
9,DEL,1399,2
9,DEL,1415,1
9,DEL,1447,2
9,DEL,1463,1
9,DEL,1567,1
9,DEL,1583,1
9,DEL,1591,2
9,DEL,1711,1
9,DEL,1719,1
9,DEL,1727,1
9,DEL,1751,1
9,DEL,1903,1
9,DEL,1943,1
9,DEL,2031,1
9,DEL,2039,1
9,DEL,2207,1
9,DEL,2335,1
9,DEL,2479,1
9,DEL,2783,1
9,DEL,3135,1
9,DEL,3231,1
9,DEL,3295,1
9,DEL,3711,1
9,DEL,4127,1
9,DEL,4351,1
9,DEL,8255,1
9,SET,76,1
9,SET,78,1
9,SET,80,3
9,SET,81,5
9,SET,82,3
9,SET,83,15
9,SET,84,11
9,SET,85,4
9,SET,86,12
9,SET,87,10
9,SET,88,27
9,SET,89,27
9,SET,90,23
9,SET,91,34
9,SET,92,37
9,SET,93,61
9,SET,94,56
9,SET,95,72
9,SET,96,78
9,SET,97,79
9,SET,98,99
9,SET,99,94
9,SET,100,118
9,SET,101,129
9,SET,102,130
9,SET,103,151
9,SET,104,177
9,SET,105,184
9,SET,106,226
9,SET,107,195
9,SET,108,247
9,SET,109,236
9,SET,110,240
9,SET,111,280
9,SET,112,265
9,SET,113,299
9,SET,114,293
9,SET,115,307
9,SET,116,302
9,SET,117,289
9,SET,118,343
9,SET,119,332
9,SET,120,349
9,SET,121,372
9,SET,122,388
9,SET,123,384
9,SET,124,389
9,SET,125,428
9,SET,126,428
9,SET,127,448
9,SET,128,429
9,SET,129,413
9,SET,130,443
9,SET,131,388
9,SET,132,462
9,SET,133,397
9,SET,134,427
9,SET,135,444
9,SET,136,478
9,SET,137,457
9,SET,138,452
9,SET,139,490
9,SET,140,470
9,SET,141,480
9,SET,142,406
9,SET,143,450
9,SET,144,419
9,SET,145,452
9,SET,146,439
9,SET,147,382
9,SET,148,422
9,SET,149,390
9,SET,150,394
9,SET,151,413
9,SET,152,412
9,SET,153,384
9,SET,154,334
9,SET,155,391
9,SET,156,395
9,SET,157,363
9,SET,158,340
9,SET,159,346
9,SET,160,310
9,SET,161,320
9,SET,162,341
9,SET,163,328
9,SET,164,296
9,SET,165,285
9,SET,166,283
9,SET,167,239
9,SET,168,278
9,SET,169,271
9,SET,170,244
9,SET,171,241
9,SET,172,243
9,SET,173,222
9,SET,174,191
9,SET,175,199
9,SET,176,194
9,SET,177,180
9,SET,178,206
9,SET,179,175
9,SET,180,156
9,SET,181,142
9,SET,182,161
9,SET,183,164
9,SET,184,135
9,SET,185,145
9,SET,186,137
9,SET,187,133
9,SET,188,120
9,SET,189,108
9,SET,190,113
9,SET,191,108
9,SET,192,116
9,SET,193,88
9,SET,194,104
9,SET,195,79
9,SET,196,95
9,SET,197,92
9,SET,198,59
9,SET,199,85
9,SET,200,70
9,SET,201,62
9,SET,202,63
9,SET,203,53
9,SET,204,64
9,SET,205,48
9,SET,206,64
9,SET,207,45
9,SET,208,44
9,SET,209,49
9,SET,210,45
9,SET,211,32
9,SET,212,40
9,SET,213,44
9,SET,214,43
9,SET,215,35
9,SET,216,24
9,SET,217,23
9,SET,218,30
9,SET,219,27
9,SET,220,29
9,SET,221,29
9,SET,222,18
9,SET,223,22
9,SET,224,24
9,SET,225,22
9,SET,226,24
9,SET,227,28
9,SET,228,17
9,SET,229,15
9,SET,230,13
9,SET,231,17
9,SET,232,16
9,SET,233,17
9,SET,234,11
9,SET,235,8
9,SET,236,11
9,SET,237,8
9,SET,238,17
9,SET,239,13
9,SET,240,11
9,SET,241,9
9,SET,242,9
9,SET,243,9
9,SET,244,11
9,SET,245,9
9,SET,246,7
9,SET,247,9
9,SET,248,7
9,SET,249,10
9,SET,250,6
9,SET,251,5
9,SET,252,6
9,SET,253,5
9,SET,254,4
9,SET,255,4
9,SET,257,10
9,SET,259,5
9,SET,261,7
9,SET,263,6
9,SET,265,11
9,SET,267,9
9,SET,269,3
9,SET,271,4
9,SET,273,2
9,SET,275,5
9,SET,277,6
9,SET,279,5
9,SET,281,1
9,SET,283,4
9,SET,285,4
9,SET,287,3
9,SET,289,3
9,SET,291,3
9,SET,295,1
9,SET,297,2
9,SET,299,3
9,SET,301,2
9,SET,303,4
9,SET,305,2
9,SET,307,3
9,SET,309,1
9,SET,311,3
9,SET,313,1
9,SET,315,2
9,SET,321,1
9,SET,323,2
9,SET,325,1
9,SET,329,1
9,SET,335,1
9,SET,339,1
9,SET,343,3
9,SET,345,1
9,SET,347,2
9,SET,349,2
9,SET,351,2
9,SET,353,1
9,SET,357,1
9,SET,359,2
9,SET,361,2
9,SET,365,1
9,SET,367,2
9,SET,373,1
9,SET,375,2
9,SET,377,2
9,SET,379,2
9,SET,389,2
9,SET,391,2
9,SET,401,1
9,SET,405,2
9,SET,413,1
9,SET,415,1
9,SET,417,1
9,SET,425,1
9,SET,433,2
9,SET,439,2
9,SET,487,1
9,SET,491,1
9,SET,507,1
9,SET,515,1
9,SET,519,1
9,SET,535,1
9,SET,539,3
9,SET,583,1
9,SET,591,1
9,SET,619,1
9,SET,635,1
9,SET,647,1
9,SET,651,1
9,SET,671,1
9,SET,719,1
9,SET,727,1
9,SET,747,1
9,SET,759,1
9,SET,895,2
9,SET,1015,1
9,SET,1103,1
9,SET,1527,1
9,SET,1679,1
9,SET,1799,1
9,SET,1919,1
10,DEL,75,1
10,DEL,76,1
10,DEL,77,5
10,DEL,78,9
10,DEL,79,9
10,DEL,80,18
10,DEL,81,24
10,DEL,82,36
10,DEL,83,60
10,DEL,84,79
10,DEL,85,102
10,DEL,86,116
10,DEL,87,127
10,DEL,88,176
10,DEL,89,162
10,DEL,90,255
10,DEL,91,292
10,DEL,92,299
10,DEL,93,357
10,DEL,94,399
10,DEL,95,473
10,DEL,96,548
10,DEL,97,533
10,DEL,98,670
10,DEL,99,709
10,DEL,100,808
10,DEL,101,862
10,DEL,102,919
10,DEL,103,999
10,DEL,104,1028
10,DEL,105,1164
10,DEL,106,1200
10,DEL,107,1338
10,DEL,108,1337
10,DEL,109,1409
10,DEL,110,1421
10,DEL,111,1534
10,DEL,112,1549
10,DEL,113,1645
10,DEL,114,1714
10,DEL,115,1740
10,DEL,116,1725
10,DEL,117,1836
10,DEL,118,1893
10,DEL,119,1950
10,DEL,120,1955
10,DEL,121,2037
10,DEL,122,2042
10,DEL,123,2094
10,DEL,124,2162
10,DEL,125,2187
10,DEL,126,2258
10,DEL,127,2277
10,DEL,128,2281
10,DEL,129,2262
10,DEL,130,2317
10,DEL,131,2366
10,DEL,132,2264
10,DEL,133,2268
10,DEL,134,2246
10,DEL,135,2248
10,DEL,136,2286
10,DEL,137,2255
10,DEL,138,2141
10,DEL,139,2249
10,DEL,140,2291
10,DEL,141,2229
10,DEL,142,2196
10,DEL,143,2152
10,DEL,144,2153
10,DEL,145,2145
10,DEL,146,2061
10,DEL,147,2121
10,DEL,148,1992
10,DEL,149,1969
10,DEL,150,1981
10,DEL,151,1972
10,DEL,152,1911
10,DEL,153,1795
10,DEL,154,1713
10,DEL,155,1729
10,DEL,156,1690
10,DEL,157,1621
10,DEL,158,1533
10,DEL,159,1624
10,DEL,160,1564
10,DEL,161,1436
10,DEL,162,1498
10,DEL,163,1437
10,DEL,164,1304
10,DEL,165,1309
10,DEL,166,1323
10,DEL,167,1209
10,DEL,168,1128
10,DEL,169,1128
10,DEL,170,1077
10,DEL,171,1062
10,DEL,172,1067
10,DEL,173,1054
10,DEL,174,951
10,DEL,175,897
10,DEL,176,879
10,DEL,177,857
10,DEL,178,783
10,DEL,179,691
10,DEL,180,766
10,DEL,181,699
10,DEL,182,725
10,DEL,183,614
10,DEL,184,671
10,DEL,185,630
10,DEL,186,572
10,DEL,187,551
10,DEL,188,523
10,DEL,189,494
10,DEL,190,507
10,DEL,191,484
10,DEL,192,498
10,DEL,193,420
10,DEL,194,385
10,DEL,195,400
10,DEL,196,364
10,DEL,197,353
10,DEL,198,344
10,DEL,199,361
10,DEL,200,331
10,DEL,201,286
10,DEL,202,272
10,DEL,203,284
10,DEL,204,222
10,DEL,205,224
10,DEL,206,240
10,DEL,207,203
10,DEL,208,220
10,DEL,209,194
10,DEL,210,196
10,DEL,211,159
10,DEL,212,148
10,DEL,213,167
10,DEL,214,137
10,DEL,215,142
10,DEL,216,137
10,DEL,217,150
10,DEL,218,122
10,DEL,219,118
10,DEL,220,108
10,DEL,221,108
10,DEL,222,81
10,DEL,223,105
10,DEL,224,88
10,DEL,225,86
10,DEL,226,92
10,DEL,227,76
10,DEL,228,80
10,DEL,229,75
10,DEL,230,75
10,DEL,231,62
10,DEL,232,87
10,DEL,233,56
10,DEL,234,59
10,DEL,235,54
10,DEL,236,49
10,DEL,237,30
10,DEL,238,58
10,DEL,239,37
10,DEL,240,29
10,DEL,241,48
10,DEL,242,38
10,DEL,243,41
10,DEL,244,28
10,DEL,245,36
10,DEL,246,38
10,DEL,247,31
10,DEL,248,30
10,DEL,249,26
10,DEL,250,30
10,DEL,251,25
10,DEL,252,28
10,DEL,253,16
10,DEL,254,18
10,DEL,255,15
10,DEL,257,45
10,DEL,259,40
10,DEL,261,23
10,DEL,263,24
10,DEL,265,24
10,DEL,267,24
10,DEL,269,32
10,DEL,271,20
10,DEL,273,32
10,DEL,275,12
10,DEL,277,18
10,DEL,279,21
10,DEL,281,15
10,DEL,283,21
10,DEL,285,15
10,DEL,287,21
10,DEL,289,16
10,DEL,291,17
10,DEL,293,13
10,DEL,295,9
10,DEL,297,16
10,DEL,299,13
10,DEL,301,10
10,DEL,303,7
10,DEL,305,11
10,DEL,307,12
10,DEL,309,7
10,DEL,311,7
10,DEL,313,4
10,DEL,315,8
10,DEL,317,7
10,DEL,319,8
10,DEL,321,8
10,DEL,323,6
10,DEL,325,8
10,DEL,327,3
10,DEL,329,1
10,DEL,331,6
10,DEL,333,8
10,DEL,335,6
10,DEL,337,8
10,DEL,339,2
10,DEL,341,3
10,DEL,343,3
10,DEL,345,6
10,DEL,347,5
10,DEL,349,2
10,DEL,351,1
10,DEL,353,5
10,DEL,355,4
10,DEL,359,3
10,DEL,361,2
10,DEL,365,7
10,DEL,367,4
10,DEL,369,3
10,DEL,371,2
10,DEL,373,2
10,DEL,375,4
10,DEL,377,3
10,DEL,379,2
10,DEL,381,3
10,DEL,383,1
10,DEL,385,1
10,DEL,387,3
10,DEL,389,3
10,DEL,391,2
10,DEL,393,2
10,DEL,395,1
10,DEL,397,1
10,DEL,399,2
10,DEL,401,2
10,DEL,405,1
10,DEL,407,1
10,DEL,411,3
10,DEL,413,3
10,DEL,417,1
10,DEL,419,1
10,DEL,421,1
10,DEL,423,5
10,DEL,425,1
10,DEL,427,3
10,DEL,429,2
10,DEL,431,1
10,DEL,433,4
10,DEL,435,3
10,DEL,445,3
10,DEL,455,1
10,DEL,459,1
10,DEL,461,1
10,DEL,463,1
10,DEL,467,1
10,DEL,469,3
10,DEL,473,1
10,DEL,475,1
10,DEL,477,1
10,DEL,479,1
10,DEL,485,3
10,DEL,487,3
10,DEL,489,2
10,DEL,491,1
10,DEL,503,1
10,DEL,505,1
10,DEL,515,4
10,DEL,519,1
10,DEL,535,1
10,DEL,539,1
10,DEL,551,1
10,DEL,555,1
10,DEL,559,1
10,DEL,563,1
10,DEL,567,2
10,DEL,575,2
10,DEL,579,2
10,DEL,583,1
10,DEL,587,3
10,DEL,599,2
10,DEL,603,2
10,DEL,607,1
10,DEL,615,1
10,DEL,619,3
10,DEL,627,2
10,DEL,631,2
10,DEL,635,1
10,DEL,643,2
10,DEL,647,2
10,DEL,659,1
10,DEL,663,1
10,DEL,667,2
10,DEL,671,3
10,DEL,675,1
10,DEL,683,2
10,DEL,695,1
10,DEL,699,2
10,DEL,719,2
10,DEL,727,1
10,DEL,731,1
10,DEL,739,1
10,DEL,743,1
10,DEL,747,1
10,DEL,751,1
10,DEL,787,2
10,DEL,795,1
10,DEL,819,1
10,DEL,823,1
10,DEL,827,1
10,DEL,831,1
10,DEL,855,1
10,DEL,867,1
10,DEL,955,1
10,DEL,963,1
10,DEL,1007,1
10,DEL,1055,1
10,DEL,1079,1
10,DEL,1095,1
10,DEL,1119,1
10,DEL,1143,1
10,DEL,1151,1
10,DEL,1271,2
10,DEL,1343,1
10,DEL,1375,1
10,DEL,1391,1
10,DEL,1415,1
10,DEL,1455,2
10,DEL,1487,1
10,DEL,1527,2
10,DEL,1615,1
10,DEL,1647,1
10,DEL,1711,1
10,DEL,1719,1
10,DEL,1743,1
10,DEL,1767,1
10,DEL,1775,1
10,DEL,1807,1
10,DEL,1823,1
10,DEL,1855,1
10,DEL,1935,1
10,DEL,2039,1
10,DEL,2175,1
10,DEL,2191,1
10,DEL,2239,1
10,DEL,3343,1
10,DEL,4047,1
10,GET,73,1
10,GET,74,1
10,GET,75,1
10,GET,76,6
10,GET,77,16
10,GET,78,20
10,GET,79,45
10,GET,80,62
10,GET,81,96
10,GET,82,107
10,GET,83,175
10,GET,84,229
10,GET,85,305
10,GET,86,387
10,GET,87,471
10,GET,88,512
10,GET,89,603
10,GET,90,778
10,GET,91,890
10,GET,92,1012
10,GET,93,1155
10,GET,94,1288
10,GET,95,1451
10,GET,96,1615
10,GET,97,1721
10,GET,98,1951
10,GET,99,2128
10,GET,100,2380
10,GET,101,2549
10,GET,102,2814
10,GET,103,2926
10,GET,104,3153
10,GET,105,3300
10,GET,106,3457
10,GET,107,3615
10,GET,108,3802
10,GET,109,3935
10,GET,110,4277
10,GET,111,4349
10,GET,112,4432
10,GET,113,4623
10,GET,114,4881
10,GET,115,4875
10,GET,116,5061
10,GET,117,5376
10,GET,118,5382
10,GET,119,5444
10,GET,120,5666
10,GET,121,5886
10,GET,122,5994
10,GET,123,6117
10,GET,124,6123
10,GET,125,6210
10,GET,126,6294
10,GET,127,6233
10,GET,128,6286
10,GET,129,6277
10,GET,130,6330
10,GET,131,6453
10,GET,132,6334
10,GET,133,6353
10,GET,134,6298
10,GET,135,6381
10,GET,136,6446
10,GET,137,6298
10,GET,138,6316
10,GET,139,6277
10,GET,140,6326
10,GET,141,6172
10,GET,142,6165
10,GET,143,6160
10,GET,144,5949
10,GET,145,5897
10,GET,146,5722
10,GET,147,5707
10,GET,148,5620
10,GET,149,5449
10,GET,150,5508
10,GET,151,5377
10,GET,152,5060
10,GET,153,4936
10,GET,154,4926
10,GET,155,4796
10,GET,156,4580
10,GET,157,4419
10,GET,158,4426
10,GET,159,4275
10,GET,160,4351
10,GET,161,3973
10,GET,162,3895
10,GET,163,3838
10,GET,164,3683
10,GET,165,3571
10,GET,166,3491
10,GET,167,3374
10,GET,168,3263
10,GET,169,3125
10,GET,170,3030
10,GET,171,2899
10,GET,172,2751
10,GET,173,2739
10,GET,174,2609
10,GET,175,2514
10,GET,176,2385
10,GET,177,2307
10,GET,178,2266
10,GET,179,2064
10,GET,180,2020
10,GET,181,1927
10,GET,182,1845
10,GET,183,1742
10,GET,184,1673
10,GET,185,1624
10,GET,186,1576
10,GET,187,1527
10,GET,188,1452
10,GET,189,1472
10,GET,190,1332
10,GET,191,1212
10,GET,192,1248
10,GET,193,1216
10,GET,194,1088
10,GET,195,1058
10,GET,196,1022
10,GET,197,955
10,GET,198,858
10,GET,199,837
10,GET,200,850
10,GET,201,760
10,GET,202,728
10,GET,203,720
10,GET,204,696
10,GET,205,644
10,GET,206,643
10,GET,207,600
10,GET,208,581
10,GET,209,541
10,GET,210,520
10,GET,211,463
10,GET,212,452
10,GET,213,401
10,GET,214,398
10,GET,215,388
10,GET,216,353
10,GET,217,347
10,GET,218,311
10,GET,219,291
10,GET,220,267
10,GET,221,276
10,GET,222,297
10,GET,223,267
10,GET,224,223
10,GET,225,249
10,GET,226,201
10,GET,227,197
10,GET,228,225
10,GET,229,203
10,GET,230,182
10,GET,231,177
10,GET,232,171
10,GET,233,156
10,GET,234,161
10,GET,235,140
10,GET,236,142
10,GET,237,132
10,GET,238,112
10,GET,239,136
10,GET,240,110
10,GET,241,95
10,GET,242,98
10,GET,243,99
10,GET,244,82
10,GET,245,86
10,GET,246,87
10,GET,247,67
10,GET,248,77
10,GET,249,86
10,GET,250,60
10,GET,251,44
10,GET,252,49
10,GET,253,46
10,GET,254,58
10,GET,255,62
10,GET,257,92
10,GET,259,98
10,GET,261,88
10,GET,263,77
10,GET,265,77
10,GET,267,76
10,GET,269,46
10,GET,271,57
10,GET,273,53
10,GET,275,52
10,GET,277,40
10,GET,279,38
10,GET,281,41
10,GET,283,35
10,GET,285,31
10,GET,287,30
10,GET,289,26
10,GET,291,38
10,GET,293,28
10,GET,295,37
10,GET,297,30
10,GET,299,34
10,GET,301,30
10,GET,303,28
10,GET,305,23
10,GET,307,18
10,GET,309,14
10,GET,311,26
10,GET,313,22
10,GET,315,19
10,GET,317,15
10,GET,319,19
10,GET,321,20
10,GET,323,18
10,GET,325,22
10,GET,327,12
10,GET,329,11
10,GET,331,15
10,GET,333,18
10,GET,335,11
10,GET,337,21
10,GET,339,13
10,GET,341,14
10,GET,343,11
10,GET,345,10
10,GET,347,12
10,GET,349,10
10,GET,351,13
10,GET,353,12
10,GET,355,10
10,GET,357,13
10,GET,359,13
10,GET,361,5
10,GET,363,13
10,GET,365,4
10,GET,367,7
10,GET,369,9
10,GET,371,5
10,GET,373,4
10,GET,375,9
10,GET,377,9
10,GET,379,9
10,GET,381,6
10,GET,383,5
10,GET,385,8
10,GET,387,8
10,GET,389,3
10,GET,391,5
10,GET,393,10
10,GET,395,6
10,GET,397,8
10,GET,399,6
10,GET,401,8
10,GET,403,6
10,GET,405,7
10,GET,407,5
10,GET,409,2
10,GET,411,2
10,GET,413,3
10,GET,415,5
10,GET,417,5
10,GET,419,3
10,GET,421,2
10,GET,423,5
10,GET,425,1
10,GET,427,3
10,GET,429,5
10,GET,431,9
10,GET,433,4
10,GET,435,1
10,GET,437,4
10,GET,439,5
10,GET,441,2
10,GET,443,4
10,GET,445,2
10,GET,447,5
10,GET,449,1
10,GET,451,4
10,GET,453,4
10,GET,455,3
10,GET,457,3
10,GET,459,2
10,GET,461,3
10,GET,465,1
10,GET,467,2
10,GET,469,2
10,GET,473,1
10,GET,475,3
10,GET,477,2
10,GET,483,2
10,GET,485,2
10,GET,487,1
10,GET,489,1
10,GET,491,4
10,GET,493,2
10,GET,495,2
10,GET,497,2
10,GET,501,3
10,GET,503,3
10,GET,505,2
10,GET,507,1
10,GET,509,1
10,GET,511,1
10,GET,515,1
10,GET,519,3
10,GET,523,3
10,GET,527,3
10,GET,531,5
10,GET,535,4
10,GET,539,4
10,GET,543,1
10,GET,547,4
10,GET,551,2
10,GET,555,1
10,GET,563,2
10,GET,567,3
10,GET,571,4
10,GET,575,1
10,GET,579,3
10,GET,583,2
10,GET,587,2
10,GET,591,3
10,GET,595,2
10,GET,599,2
10,GET,603,4
10,GET,611,2
10,GET,615,5
10,GET,619,7
10,GET,623,4
10,GET,627,4
10,GET,631,1
10,GET,635,1
10,GET,639,3
10,GET,643,2
10,GET,651,2
10,GET,655,3
10,GET,659,4
10,GET,663,1
10,GET,667,1
10,GET,671,2
10,GET,675,5
10,GET,679,1
10,GET,683,1
10,GET,687,4
10,GET,691,2
10,GET,695,1
10,GET,703,3
10,GET,707,2
10,GET,719,2
10,GET,723,2
10,GET,727,1
10,GET,743,3
10,GET,747,3
10,GET,751,1
10,GET,755,1
10,GET,771,1
10,GET,783,1
10,GET,787,1
10,GET,795,1
10,GET,799,1
10,GET,803,1
10,GET,807,1
10,GET,823,1
10,GET,831,1
10,GET,847,1
10,GET,859,1
10,GET,875,1
10,GET,879,1
10,GET,887,1
10,GET,891,1
10,GET,903,2
10,GET,907,1
10,GET,923,1
10,GET,935,1
10,GET,939,1
10,GET,943,1
10,GET,951,1
10,GET,959,1
10,GET,963,1
10,GET,975,1
10,GET,979,1
10,GET,1031,1
10,GET,1071,2
10,GET,1103,1
10,GET,1111,1
10,GET,1127,1
10,GET,1135,1
10,GET,1143,3
10,GET,1151,1
10,GET,1159,3
10,GET,1175,1
10,GET,1183,1
10,GET,1199,1
10,GET,1215,2
10,GET,1223,1
10,GET,1231,1
10,GET,1247,1
10,GET,1255,2
10,GET,1287,2
10,GET,1295,1
10,GET,1311,2
10,GET,1343,1
10,GET,1359,1
10,GET,1375,1
10,GET,1391,1
10,GET,1399,2
10,GET,1415,1
10,GET,1431,1
10,GET,1439,1
10,GET,1455,2
10,GET,1463,1
10,GET,1471,2
10,GET,1503,1
10,GET,1519,1
10,GET,1551,1
10,GET,1575,1
10,GET,1591,1
10,GET,1615,1
10,GET,1639,1
10,GET,1647,1
10,GET,1655,2
10,GET,1671,4
10,GET,1687,1
10,GET,1719,2
10,GET,1735,1
10,GET,1743,2
10,GET,1759,3
10,GET,1775,2
10,GET,1783,1
10,GET,1807,1
10,GET,1831,1
10,GET,1855,1
10,GET,1927,1
10,GET,1935,2
10,GET,1959,1
10,GET,1975,1
10,GET,1991,1
10,GET,1999,1
10,GET,2079,1
10,GET,2095,1
10,GET,2143,1
10,GET,2159,2
10,GET,2191,2
10,GET,2239,1
10,GET,2287,1
10,GET,2335,1
10,GET,2399,1
10,GET,2415,1
10,GET,2607,1
10,GET,2623,1
10,GET,3039,1
10,GET,3087,1
10,GET,3119,1
10,GET,3167,1
10,GET,3215,1
10,GET,3327,1
10,GET,3455,1
10,GET,3647,1
10,GET,4015,1
10,GET,4447,1
10,GET,5215,1
10,GET,5759,1
10,GET,5919,1
10,GET,7327,1
10,SET,78,2
10,SET,80,1
10,SET,81,1
10,SET,83,1
10,SET,84,7
10,SET,85,6
10,SET,86,14
10,SET,87,11
10,SET,88,20
10,SET,89,21
10,SET,90,29
10,SET,91,28
10,SET,92,48
10,SET,93,41
10,SET,94,48
10,SET,95,68
10,SET,96,61
10,SET,97,99
10,SET,98,85
10,SET,99,90
10,SET,100,104
10,SET,101,125
10,SET,102,129
10,SET,103,136
10,SET,104,159
10,SET,105,185
10,SET,106,196
10,SET,107,177
10,SET,108,210
10,SET,109,219
10,SET,110,241
10,SET,111,266
10,SET,112,280
10,SET,113,259
10,SET,114,297
10,SET,115,296
10,SET,116,318
10,SET,117,317
10,SET,118,298
10,SET,119,334
10,SET,120,376
10,SET,121,375
10,SET,122,357
10,SET,123,363
10,SET,124,380
10,SET,125,413
10,SET,126,432
10,SET,127,428
10,SET,128,447
10,SET,129,421
10,SET,130,424
10,SET,131,428
10,SET,132,446
10,SET,133,469
10,SET,134,466
10,SET,135,439
10,SET,136,454
10,SET,137,476
10,SET,138,453
10,SET,139,451
10,SET,140,462
10,SET,141,475
10,SET,142,435
10,SET,143,455
10,SET,144,428
10,SET,145,454
10,SET,146,413
10,SET,147,446
10,SET,148,429
10,SET,149,429
10,SET,150,406
10,SET,151,424
10,SET,152,394
10,SET,153,402
10,SET,154,360
10,SET,155,375
10,SET,156,396
10,SET,157,399
10,SET,158,347
10,SET,159,342
10,SET,160,358
10,SET,161,296
10,SET,162,274
10,SET,163,299
10,SET,164,325
10,SET,165,270
10,SET,166,314
10,SET,167,270
10,SET,168,268
10,SET,169,239
10,SET,170,218
10,SET,171,266
10,SET,172,244
10,SET,173,240
10,SET,174,212
10,SET,175,224
10,SET,176,201
10,SET,177,207
10,SET,178,166
10,SET,179,195
10,SET,180,175
10,SET,181,159
10,SET,182,165
10,SET,183,144
10,SET,184,152
10,SET,185,139
10,SET,186,125
10,SET,187,122
10,SET,188,135
10,SET,189,123
10,SET,190,119
10,SET,191,98
10,SET,192,101
10,SET,193,97
10,SET,194,113
10,SET,195,91
10,SET,196,90
10,SET,197,73
10,SET,198,82
10,SET,199,92
10,SET,200,88
10,SET,201,61
10,SET,202,78
10,SET,203,65
10,SET,204,53
10,SET,205,47
10,SET,206,54
10,SET,207,46
10,SET,208,67
10,SET,209,50
10,SET,210,46
10,SET,211,63
10,SET,212,37
10,SET,213,33
10,SET,214,31
10,SET,215,34
10,SET,216,30
10,SET,217,32
10,SET,218,30
10,SET,219,33
10,SET,220,24
10,SET,221,13
10,SET,222,35
10,SET,223,28
10,SET,224,20
10,SET,225,26
10,SET,226,29
10,SET,227,18
10,SET,228,24
10,SET,229,19
10,SET,230,21
10,SET,231,16
10,SET,232,15
10,SET,233,15
10,SET,234,16
10,SET,235,11
10,SET,236,9
10,SET,237,14
10,SET,238,11
10,SET,239,8
10,SET,240,10
10,SET,241,13
10,SET,242,7
10,SET,243,4
10,SET,244,6
10,SET,245,5
10,SET,246,7
10,SET,247,6
10,SET,248,10
10,SET,249,6
10,SET,250,13
10,SET,251,9
10,SET,252,5
10,SET,253,6
10,SET,254,4
10,SET,255,8
10,SET,257,18
10,SET,259,8
10,SET,261,8
10,SET,263,7
10,SET,265,7
10,SET,267,9
10,SET,269,3
10,SET,271,5
10,SET,273,7
10,SET,275,3
10,SET,277,2
10,SET,279,5
10,SET,281,2
10,SET,283,5
10,SET,285,3
10,SET,287,3
10,SET,289,4
10,SET,291,6
10,SET,293,2
10,SET,295,2
10,SET,297,2
10,SET,299,5
10,SET,301,2
10,SET,303,1
10,SET,305,3
10,SET,307,1
10,SET,311,2
10,SET,317,2
10,SET,325,3
10,SET,327,3
10,SET,335,1
10,SET,337,1
10,SET,339,1
10,SET,343,3
10,SET,345,1
10,SET,349,1
10,SET,351,1
10,SET,353,1
10,SET,359,2
10,SET,361,1
10,SET,365,1
10,SET,367,3
10,SET,373,1
10,SET,375,1
10,SET,377,1
10,SET,381,1
10,SET,385,1
10,SET,391,2
10,SET,393,2
10,SET,397,2
10,SET,403,1
10,SET,405,1
10,SET,409,1
10,SET,411,1
10,SET,413,1
10,SET,417,1
10,SET,427,1
10,SET,439,1
10,SET,443,1
10,SET,447,1
10,SET,463,1
10,SET,467,2
10,SET,481,1
10,SET,507,1
10,SET,531,1
10,SET,563,1
10,SET,619,1
10,SET,671,1
10,SET,723,1
10,SET,731,1
10,SET,763,1
10,SET,923,1
10,SET,1103,1
10,SET,1279,1
10,SET,1359,1
10,SET,1455,1
10,SET,1895,1
10,SET,3455,1
10,SET,8447,1
11,SET,77,1
11,SET,79,1
11,SET,81,2
11,SET,82,3
11,SET,83,6
11,SET,84,6
11,SET,85,6
11,SET,86,9
11,SET,87,14
11,SET,88,27
11,SET,89,21
11,SET,90,25
11,SET,91,33
11,SET,92,40
11,SET,93,51
11,SET,94,44
11,SET,95,71
11,SET,96,63
11,SET,97,77
11,SET,98,82
11,SET,99,103
11,SET,100,102
11,SET,101,127
11,SET,102,120
11,SET,103,143
11,SET,104,155
11,SET,105,177
11,SET,106,198
11,SET,107,231
11,SET,108,169
11,SET,109,221
11,SET,110,259
11,SET,111,256
11,SET,112,263
11,SET,113,303
11,SET,114,292
11,SET,115,282
11,SET,116,320
11,SET,117,315
11,SET,118,301
11,SET,119,325
11,SET,120,354
11,SET,121,354
11,SET,122,330
11,SET,123,366
11,SET,124,355
11,SET,125,417
11,SET,126,385
11,SET,127,407
11,SET,128,410
11,SET,129,419
11,SET,130,441
11,SET,131,424
11,SET,132,425
11,SET,133,428
11,SET,134,432
11,SET,135,440
11,SET,136,425
11,SET,137,422
11,SET,138,418
11,SET,139,474
11,SET,140,439
11,SET,141,408
11,SET,142,450
11,SET,143,462
11,SET,144,426
11,SET,145,437
11,SET,146,453
11,SET,147,419
11,SET,148,417
11,SET,149,432
11,SET,150,399
11,SET,151,382
11,SET,152,386
11,SET,153,392
11,SET,154,424
11,SET,155,370
11,SET,156,373
11,SET,157,356
11,SET,158,373
11,SET,159,321
11,SET,160,326
11,SET,161,355
11,SET,162,321
11,SET,163,317
11,SET,164,281
11,SET,165,301
11,SET,166,272
11,SET,167,294
11,SET,168,278
11,SET,169,279
11,SET,170,236
11,SET,171,241
11,SET,172,248
11,SET,173,248
11,SET,174,220
11,SET,175,229
11,SET,176,220
11,SET,177,196
11,SET,178,201
11,SET,179,195
11,SET,180,193
11,SET,181,175
11,SET,182,160
11,SET,183,178
11,SET,184,165
11,SET,185,154
11,SET,186,151
11,SET,187,140
11,SET,188,145
11,SET,189,155
11,SET,190,98
11,SET,191,123
11,SET,192,114
11,SET,193,121
11,SET,194,111
11,SET,195,118
11,SET,196,77
11,SET,197,104
11,SET,198,96
11,SET,199,88
11,SET,200,85
11,SET,201,91
11,SET,202,77
11,SET,203,69
11,SET,204,67
11,SET,205,70
11,SET,206,75
11,SET,207,70
11,SET,208,55
11,SET,209,55
11,SET,210,55
11,SET,211,51
11,SET,212,58
11,SET,213,58
11,SET,214,49
11,SET,215,44
11,SET,216,41
11,SET,217,46
11,SET,218,48
11,SET,219,30
11,SET,220,32
11,SET,221,33
11,SET,222,22
11,SET,223,33
11,SET,224,27
11,SET,225,21
11,SET,226,18
11,SET,227,16
11,SET,228,22
11,SET,229,14
11,SET,230,14
11,SET,231,20
11,SET,232,12
11,SET,233,17
11,SET,234,24
11,SET,235,16
11,SET,236,6
11,SET,237,17
11,SET,238,12
11,SET,239,13
11,SET,240,15
11,SET,241,13
11,SET,242,10
11,SET,243,9
11,SET,244,7
11,SET,245,12
11,SET,246,10
11,SET,247,7
11,SET,248,13
11,SET,249,14
11,SET,250,7
11,SET,251,6
11,SET,252,4
11,SET,253,8
11,SET,254,7
11,SET,255,5
11,SET,257,18
11,SET,259,10
11,SET,261,9
11,SET,263,11
11,SET,265,8
11,SET,267,11
11,SET,269,8
11,SET,271,5
11,SET,273,7
11,SET,275,2
11,SET,277,4
11,SET,279,5
11,SET,281,3
11,SET,283,4
11,SET,285,4
11,SET,287,3
11,SET,289,3
11,SET,291,6
11,SET,293,3
11,SET,295,3
11,SET,297,1
11,SET,299,2
11,SET,301,5
11,SET,303,4
11,SET,305,5
11,SET,307,2
11,SET,311,1
11,SET,313,4
11,SET,315,3
11,SET,317,1
11,SET,321,6
11,SET,323,2
11,SET,325,2
11,SET,327,1
11,SET,329,1
11,SET,333,1
11,SET,335,1
11,SET,337,1
11,SET,345,3
11,SET,347,2
11,SET,349,1
11,SET,359,1
11,SET,361,1
11,SET,363,2
11,SET,365,3
11,SET,369,1
11,SET,375,1
11,SET,377,1
11,SET,379,4
11,SET,381,1
11,SET,383,2
11,SET,385,1
11,SET,387,2
11,SET,391,1
11,SET,393,2
11,SET,399,1
11,SET,401,1
11,SET,403,1
11,SET,405,2
11,SET,415,1
11,SET,417,1
11,SET,419,1
11,SET,425,1
11,SET,439,1
11,SET,441,1
11,SET,449,1
11,SET,479,1
11,SET,481,1
11,SET,485,1
11,SET,493,1
11,SET,495,1
11,SET,503,1
11,SET,519,2
11,SET,523,1
11,SET,547,1
11,SET,559,2
11,SET,563,1
11,SET,567,1
11,SET,583,2
11,SET,591,1
11,SET,607,1
11,SET,611,1
11,SET,631,1
11,SET,695,1
11,SET,743,1
11,SET,759,1
11,SET,799,1
11,SET,907,1
11,SET,1087,1
11,SET,1311,1
11,SET,1391,1
11,SET,1439,1
11,SET,1495,1
11,SET,1559,1
11,SET,1743,1
11,SET,3439,1
11,GET,74,1
11,GET,75,4
11,GET,76,9
11,GET,77,10
11,GET,78,18
11,GET,79,30
11,GET,80,54
11,GET,81,81
11,GET,82,132
11,GET,83,184
11,GET,84,204
11,GET,85,275
11,GET,86,355
11,GET,87,454
11,GET,88,516
11,GET,89,630
11,GET,90,696
11,GET,91,879
11,GET,92,923
11,GET,93,1069
11,GET,94,1307
11,GET,95,1381
11,GET,96,1518
11,GET,97,1651
11,GET,98,1972
11,GET,99,2168
11,GET,100,2370
11,GET,101,2553
11,GET,102,2677
11,GET,103,2945
11,GET,104,3030
11,GET,105,3260
11,GET,106,3423
11,GET,107,3628
11,GET,108,3729
11,GET,109,3916
11,GET,110,3997
11,GET,111,4224
11,GET,112,4490
11,GET,113,4561
11,GET,114,4733
11,GET,115,4818
11,GET,116,4999
11,GET,117,5137
11,GET,118,5321
11,GET,119,5405
11,GET,120,5429
11,GET,121,5559
11,GET,122,5811
11,GET,123,5848
11,GET,124,6075
11,GET,125,6140
11,GET,126,6062
11,GET,127,6193
11,GET,128,6037
11,GET,129,6231
11,GET,130,6142
11,GET,131,6222
11,GET,132,6268
11,GET,133,6152
11,GET,134,6240
11,GET,135,6264
11,GET,136,6203
11,GET,137,6194
11,GET,138,6275
11,GET,139,6146
11,GET,140,6055
11,GET,141,6198
11,GET,142,6028
11,GET,143,5876
11,GET,144,5953
11,GET,145,5977
11,GET,146,5572
11,GET,147,5613
11,GET,148,5522
11,GET,149,5578
11,GET,150,5358
11,GET,151,5219
11,GET,152,4944
11,GET,153,5070
11,GET,154,4880
11,GET,155,4623
11,GET,156,4666
11,GET,157,4496
11,GET,158,4363
11,GET,159,4333
11,GET,160,4220
11,GET,161,4096
11,GET,162,3991
11,GET,163,3893
11,GET,164,3834
11,GET,165,3573
11,GET,166,3530
11,GET,167,3473
11,GET,168,3426
11,GET,169,3303
11,GET,170,3048
11,GET,171,3011
11,GET,172,2909
11,GET,173,2790
11,GET,174,2667
11,GET,175,2567
11,GET,176,2455
11,GET,177,2405
11,GET,178,2370
11,GET,179,2359
11,GET,180,2158
11,GET,181,2046
11,GET,182,1974
11,GET,183,1832
11,GET,184,1805
11,GET,185,1667
11,GET,186,1637
11,GET,187,1662
11,GET,188,1586
11,GET,189,1468
11,GET,190,1405
11,GET,191,1405
11,GET,192,1256
11,GET,193,1246
11,GET,194,1207
11,GET,195,1168
11,GET,196,1105
11,GET,197,1051
11,GET,198,1053
11,GET,199,1023
11,GET,200,883
11,GET,201,868
11,GET,202,801
11,GET,203,782
11,GET,204,748
11,GET,205,672
11,GET,206,691
11,GET,207,610
11,GET,208,608
11,GET,209,605
11,GET,210,576
11,GET,211,534
11,GET,212,467
11,GET,213,430
11,GET,214,429
11,GET,215,422
11,GET,216,429
11,GET,217,377
11,GET,218,376
11,GET,219,373
11,GET,220,322
11,GET,221,325
11,GET,222,312
11,GET,223,311
11,GET,224,289
11,GET,225,264
11,GET,226,252
11,GET,227,263
11,GET,228,261
11,GET,229,236
11,GET,230,188
11,GET,231,188
11,GET,232,192
11,GET,233,165
11,GET,234,181
11,GET,235,141
11,GET,236,162
11,GET,237,143
11,GET,238,137
11,GET,239,128
11,GET,240,135
11,GET,241,130
11,GET,242,98
11,GET,243,97
11,GET,244,114
11,GET,245,77
11,GET,246,96
11,GET,247,109
11,GET,248,77
11,GET,249,73
11,GET,250,82
11,GET,251,83
11,GET,252,70
11,GET,253,78
11,GET,254,63
11,GET,255,68
11,GET,257,119
11,GET,259,97
11,GET,261,121
11,GET,263,86
11,GET,265,78
11,GET,267,65
11,GET,269,72
11,GET,271,72
11,GET,273,66
11,GET,275,52
11,GET,277,53
11,GET,279,62
11,GET,281,51
11,GET,283,45
11,GET,285,31
11,GET,287,30
11,GET,289,52
11,GET,291,34
11,GET,293,30
11,GET,295,31
11,GET,297,40
11,GET,299,20
11,GET,301,29
11,GET,303,30
11,GET,305,19
11,GET,307,30
11,GET,309,18
11,GET,311,10
11,GET,313,32
11,GET,315,21
11,GET,317,22
11,GET,319,24
11,GET,321,21
11,GET,323,16
11,GET,325,15
11,GET,327,14
11,GET,329,11
11,GET,331,18
11,GET,333,16
11,GET,335,14
11,GET,337,14
11,GET,339,9
11,GET,341,11
11,GET,343,13
11,GET,345,6
11,GET,347,18
11,GET,349,9
11,GET,351,10
11,GET,353,11
11,GET,355,11
11,GET,357,10
11,GET,359,12
11,GET,361,10
11,GET,363,4
11,GET,365,14
11,GET,367,7
11,GET,369,5
11,GET,371,13
11,GET,373,6
11,GET,375,3
11,GET,377,7
11,GET,379,14
11,GET,381,3
11,GET,383,14
11,GET,385,5
11,GET,387,5
11,GET,389,5
11,GET,391,9
11,GET,393,7
11,GET,395,6
11,GET,397,8
11,GET,399,7
11,GET,401,5
11,GET,403,3
11,GET,405,6
11,GET,407,2
11,GET,409,13
11,GET,411,8
11,GET,413,1
11,GET,415,2
11,GET,417,1
11,GET,419,10
11,GET,421,3
11,GET,423,2
11,GET,425,6
11,GET,427,4
11,GET,429,5
11,GET,431,3
11,GET,433,8
11,GET,435,8
11,GET,437,4
11,GET,439,4
11,GET,441,4
11,GET,443,1
11,GET,445,2
11,GET,447,1
11,GET,449,3
11,GET,451,1
11,GET,453,6
11,GET,455,4
11,GET,457,4
11,GET,459,4
11,GET,461,7
11,GET,463,4
11,GET,465,2
11,GET,467,2
11,GET,469,1
11,GET,471,2
11,GET,473,2
11,GET,475,1
11,GET,477,1
11,GET,479,3
11,GET,481,5
11,GET,483,5
11,GET,485,2
11,GET,487,1
11,GET,489,1
11,GET,495,2
11,GET,497,2
11,GET,499,3
11,GET,501,4
11,GET,503,2
11,GET,505,1
11,GET,507,3
11,GET,509,3
11,GET,511,1
11,GET,515,6
11,GET,519,4
11,GET,527,4
11,GET,531,2
11,GET,535,3
11,GET,539,5
11,GET,543,2
11,GET,547,5
11,GET,551,3
11,GET,555,4
11,GET,559,2
11,GET,563,5
11,GET,567,4
11,GET,571,2
11,GET,575,2
11,GET,579,7
11,GET,583,2
11,GET,587,1
11,GET,591,1
11,GET,595,3
11,GET,599,2
11,GET,603,2
11,GET,607,4
11,GET,611,1
11,GET,615,3
11,GET,619,3
11,GET,623,3
11,GET,627,6
11,GET,631,3
11,GET,635,1
11,GET,639,4
11,GET,643,2
11,GET,647,5
11,GET,651,1
11,GET,655,3
11,GET,659,2
11,GET,663,1
11,GET,667,2
11,GET,675,4
11,GET,679,5
11,GET,683,4
11,GET,687,1
11,GET,691,4
11,GET,695,3
11,GET,699,1
11,GET,703,1
11,GET,707,2
11,GET,711,2
11,GET,719,3
11,GET,723,3
11,GET,727,4
11,GET,739,2
11,GET,743,4
11,GET,747,5
11,GET,755,1
11,GET,763,2
11,GET,767,3
11,GET,771,2
11,GET,775,1
11,GET,787,1
11,GET,791,1
11,GET,799,1
11,GET,811,1
11,GET,815,1
11,GET,823,1
11,GET,827,2
11,GET,831,1
11,GET,835,1
11,GET,839,2
11,GET,847,1
11,GET,867,1
11,GET,875,2
11,GET,879,1
11,GET,883,1
11,GET,939,1
11,GET,947,1
11,GET,959,1
11,GET,971,1
11,GET,975,1
11,GET,983,1
11,GET,991,1
11,GET,1019,2
11,GET,1047,1
11,GET,1087,1
11,GET,1095,1
11,GET,1111,1
11,GET,1119,1
11,GET,1143,1
11,GET,1151,1
11,GET,1159,1
11,GET,1167,1
11,GET,1175,1
11,GET,1183,1
11,GET,1191,2
11,GET,1199,1
11,GET,1215,2
11,GET,1271,2
11,GET,1279,1
11,GET,1295,1
11,GET,1303,1
11,GET,1311,2
11,GET,1327,1
11,GET,1335,2
11,GET,1343,2
11,GET,1351,1
11,GET,1359,1
11,GET,1367,1
11,GET,1375,1
11,GET,1399,3
11,GET,1415,3
11,GET,1423,1
11,GET,1447,2
11,GET,1463,1
11,GET,1471,4
11,GET,1487,1
11,GET,1519,2
11,GET,1527,1
11,GET,1535,3
11,GET,1543,1
11,GET,1551,1
11,GET,1567,1
11,GET,1583,1
11,GET,1599,1
11,GET,1615,1
11,GET,1639,1
11,GET,1655,1
11,GET,1671,1
11,GET,1695,1
11,GET,1703,2
11,GET,1711,1
11,GET,1719,1
11,GET,1735,1
11,GET,1743,1
11,GET,1767,1
11,GET,1799,1
11,GET,1815,1
11,GET,1823,1
11,GET,1863,1
11,GET,1903,2
11,GET,1935,1
11,GET,1951,3
11,GET,1991,2
11,GET,2063,3
11,GET,2079,1
11,GET,2111,4
11,GET,2239,1
11,GET,2255,1
11,GET,2335,1
11,GET,2351,3
11,GET,2383,1
11,GET,2479,1
11,GET,2959,1
11,GET,3055,1
11,GET,3103,1
11,GET,3839,1
11,GET,3855,1
11,GET,3903,1
11,GET,3983,1
11,GET,4671,1
11,GET,5311,1
11,GET,5695,1
11,GET,5919,1
11,GET,6463,1
11,GET,7647,1
11,DEL,77,3
11,DEL,78,4
11,DEL,79,5
11,DEL,80,14
11,DEL,81,16
11,DEL,82,37
11,DEL,83,46
11,DEL,84,66
11,DEL,85,90
11,DEL,86,101
11,DEL,87,133
11,DEL,88,170
11,DEL,89,225
11,DEL,90,222
11,DEL,91,285
11,DEL,92,299
11,DEL,93,346
11,DEL,94,422
11,DEL,95,470
11,DEL,96,513
11,DEL,97,607
11,DEL,98,622
11,DEL,99,744
11,DEL,100,806
11,DEL,101,866
11,DEL,102,885
11,DEL,103,982
11,DEL,104,1039
11,DEL,105,1126
11,DEL,106,1194
11,DEL,107,1291
11,DEL,108,1246
11,DEL,109,1330
11,DEL,110,1357
11,DEL,111,1406
11,DEL,112,1577
11,DEL,113,1573
11,DEL,114,1595
11,DEL,115,1646
11,DEL,116,1714
11,DEL,117,1842
11,DEL,118,1829
11,DEL,119,1842
11,DEL,120,1972
11,DEL,121,2031
11,DEL,122,2138
11,DEL,123,2037
11,DEL,124,2089
11,DEL,125,2106
11,DEL,126,2075
11,DEL,127,2257
11,DEL,128,2219
11,DEL,129,2164
11,DEL,130,2223
11,DEL,131,2175
11,DEL,132,2231
11,DEL,133,2209
11,DEL,134,2157
11,DEL,135,2300
11,DEL,136,2285
11,DEL,137,2263
11,DEL,138,2255
11,DEL,139,2302
11,DEL,140,2154
11,DEL,141,2250
11,DEL,142,2147
11,DEL,143,2123
11,DEL,144,2134
11,DEL,145,2094
11,DEL,146,2050
11,DEL,147,1990
11,DEL,148,1987
11,DEL,149,1897
11,DEL,150,1950
11,DEL,151,1908
11,DEL,152,1849
11,DEL,153,1807
11,DEL,154,1711
11,DEL,155,1690
11,DEL,156,1678
11,DEL,157,1674
11,DEL,158,1664
11,DEL,159,1559
11,DEL,160,1487
11,DEL,161,1518
11,DEL,162,1451
11,DEL,163,1419
11,DEL,164,1361
11,DEL,165,1332
11,DEL,166,1261
11,DEL,167,1308
11,DEL,168,1196
11,DEL,169,1185
11,DEL,170,1146
11,DEL,171,1085
11,DEL,172,1070
11,DEL,173,1063
11,DEL,174,1036
11,DEL,175,931
11,DEL,176,946
11,DEL,177,881
11,DEL,178,809
11,DEL,179,790
11,DEL,180,821
11,DEL,181,790
11,DEL,182,730
11,DEL,183,706
11,DEL,184,669
11,DEL,185,676
11,DEL,186,654
11,DEL,187,603
11,DEL,188,582
11,DEL,189,528
11,DEL,190,512
11,DEL,191,493
11,DEL,192,470
11,DEL,193,487
11,DEL,194,421
11,DEL,195,403
11,DEL,196,404
11,DEL,197,417
11,DEL,198,376
11,DEL,199,359
11,DEL,200,355
11,DEL,201,322
11,DEL,202,296
11,DEL,203,324
11,DEL,204,299
11,DEL,205,285
11,DEL,206,259
11,DEL,207,236
11,DEL,208,213
11,DEL,209,240
11,DEL,210,204
11,DEL,211,194
11,DEL,212,205
11,DEL,213,173
11,DEL,214,184
11,DEL,215,152
11,DEL,216,137
11,DEL,217,138
11,DEL,218,130
11,DEL,219,132
11,DEL,220,118
11,DEL,221,125
11,DEL,222,101
11,DEL,223,112
11,DEL,224,109
11,DEL,225,102
11,DEL,226,104
11,DEL,227,84
11,DEL,228,96
11,DEL,229,76
11,DEL,230,75
11,DEL,231,79
11,DEL,232,65
11,DEL,233,76
11,DEL,234,59
11,DEL,235,64
11,DEL,236,64
11,DEL,237,58
11,DEL,238,73
11,DEL,239,47
11,DEL,240,33
11,DEL,241,55
11,DEL,242,45
11,DEL,243,38
11,DEL,244,41
11,DEL,245,26
11,DEL,246,43
11,DEL,247,20
11,DEL,248,32
11,DEL,249,27
11,DEL,250,24
11,DEL,251,27
11,DEL,252,24
11,DEL,253,17
11,DEL,254,24
11,DEL,255,25
11,DEL,257,63
11,DEL,259,40
11,DEL,261,35
11,DEL,263,24
11,DEL,265,37
11,DEL,267,32
11,DEL,269,25
11,DEL,271,22
11,DEL,273,16
11,DEL,275,18
11,DEL,277,21
11,DEL,279,20
11,DEL,281,11
11,DEL,283,14
11,DEL,285,10
11,DEL,287,17
11,DEL,289,13
11,DEL,291,8
11,DEL,293,13
11,DEL,295,12
11,DEL,297,13
11,DEL,299,10
11,DEL,301,9
11,DEL,303,14
11,DEL,305,15
11,DEL,307,10
11,DEL,309,11
11,DEL,311,13
11,DEL,313,15
11,DEL,315,6
11,DEL,317,10
11,DEL,319,4
11,DEL,321,5
11,DEL,323,4
11,DEL,325,7
11,DEL,327,5
11,DEL,329,11
11,DEL,331,6
11,DEL,333,4
11,DEL,335,3
11,DEL,337,8
11,DEL,339,3
11,DEL,341,6
11,DEL,343,4
11,DEL,345,8
11,DEL,347,2
11,DEL,349,6
11,DEL,351,8
11,DEL,353,1
11,DEL,355,5
11,DEL,357,5
11,DEL,359,6
11,DEL,361,2
11,DEL,363,5
11,DEL,365,5
11,DEL,367,3
11,DEL,369,1
11,DEL,371,3
11,DEL,373,3
11,DEL,375,2
11,DEL,377,4
11,DEL,381,1
11,DEL,383,1
11,DEL,385,3
11,DEL,387,4
11,DEL,389,4
11,DEL,391,3
11,DEL,393,1
11,DEL,395,4
11,DEL,397,4
11,DEL,399,1
11,DEL,403,2
11,DEL,405,2
11,DEL,407,4
11,DEL,409,1
11,DEL,411,1
11,DEL,413,4
11,DEL,417,3
11,DEL,421,5
11,DEL,423,2
11,DEL,425,2
11,DEL,427,1
11,DEL,429,4
11,DEL,431,1
11,DEL,433,2
11,DEL,435,2
11,DEL,437,1
11,DEL,439,1
11,DEL,441,2
11,DEL,445,2
11,DEL,447,2
11,DEL,449,2
11,DEL,459,1
11,DEL,463,2
11,DEL,465,1
11,DEL,467,3
11,DEL,469,1
11,DEL,471,1
11,DEL,475,1
11,DEL,477,1
11,DEL,479,1
11,DEL,483,2
11,DEL,485,1
11,DEL,491,3
11,DEL,501,1
11,DEL,505,2
11,DEL,515,1
11,DEL,519,4
11,DEL,523,1
11,DEL,527,1
11,DEL,531,1
11,DEL,535,2
11,DEL,543,3
11,DEL,551,1
11,DEL,559,1
11,DEL,571,1
11,DEL,575,2
11,DEL,583,2
11,DEL,587,2
11,DEL,591,2
11,DEL,595,3
11,DEL,603,1
11,DEL,619,1
11,DEL,623,2
11,DEL,627,2
11,DEL,631,2
11,DEL,639,1
11,DEL,643,2
11,DEL,647,1
11,DEL,651,1
11,DEL,659,1
11,DEL,663,2
11,DEL,675,1
11,DEL,683,2
11,DEL,687,1
11,DEL,691,2
11,DEL,699,1
11,DEL,703,1
11,DEL,711,3
11,DEL,719,2
11,DEL,723,1
11,DEL,735,1
11,DEL,739,2
11,DEL,747,2
11,DEL,767,1
11,DEL,799,1
11,DEL,823,1
11,DEL,831,1
11,DEL,867,1
11,DEL,883,1
11,DEL,919,1
11,DEL,923,1
11,DEL,959,1
11,DEL,987,1
11,DEL,1019,1
11,DEL,1031,1
11,DEL,1047,1
11,DEL,1055,2
11,DEL,1175,1
11,DEL,1183,1
11,DEL,1223,1
11,DEL,1263,1
11,DEL,1287,1
11,DEL,1327,1
11,DEL,1447,1
11,DEL,1455,1
11,DEL,1551,1
11,DEL,1559,1
11,DEL,1607,2
11,DEL,1671,1
11,DEL,1679,1
11,DEL,1759,1
11,DEL,1775,1
11,DEL,1823,1
11,DEL,1879,2
11,DEL,1911,1
11,DEL,1943,1
11,DEL,2207,1
11,DEL,2223,1
11,DEL,2239,1
11,DEL,2719,1
11,DEL,3583,1
11,DEL,5631,1
12,SET,76,2
12,SET,78,4
12,SET,79,1
12,SET,80,5
12,SET,81,4
12,SET,82,6
12,SET,83,8
12,SET,84,20
12,SET,85,23
12,SET,86,33
12,SET,87,39
12,SET,88,36
12,SET,89,38
12,SET,90,58
12,SET,91,65
12,SET,92,97
12,SET,93,94
12,SET,94,109
12,SET,95,117
12,SET,96,126
12,SET,97,159
12,SET,98,139
12,SET,99,164
12,SET,100,191
12,SET,101,212
12,SET,102,202
12,SET,103,236
12,SET,104,236
12,SET,105,264
12,SET,106,295
12,SET,107,274
12,SET,108,326
12,SET,109,315
12,SET,110,320
12,SET,111,304
12,SET,112,352
12,SET,113,343
12,SET,114,375
12,SET,115,371
12,SET,116,348
12,SET,117,395
12,SET,118,411
12,SET,119,420
12,SET,120,443
12,SET,121,450
12,SET,122,378
12,SET,123,414
12,SET,124,471
12,SET,125,495
12,SET,126,493
12,SET,127,474
12,SET,128,422
12,SET,129,463
12,SET,130,460
12,SET,131,442
12,SET,132,435
12,SET,133,472
12,SET,134,478
12,SET,135,420
12,SET,136,461
12,SET,137,429
12,SET,138,419
12,SET,139,466
12,SET,140,457
12,SET,141,438
12,SET,142,435
12,SET,143,404
12,SET,144,446
12,SET,145,461
12,SET,146,401
12,SET,147,380
12,SET,148,381
12,SET,149,397
12,SET,150,393
12,SET,151,375
12,SET,152,343
12,SET,153,375
12,SET,154,360
12,SET,155,334
12,SET,156,304
12,SET,157,333
12,SET,158,323
12,SET,159,295
12,SET,160,273
12,SET,161,283
12,SET,162,249
12,SET,163,271
12,SET,164,252
12,SET,165,236
12,SET,166,248
12,SET,167,200
12,SET,168,226
12,SET,169,216
12,SET,170,204
12,SET,171,201
12,SET,172,196
12,SET,173,192
12,SET,174,168
12,SET,175,179
12,SET,176,182
12,SET,177,171
12,SET,178,146
12,SET,179,129
12,SET,180,122
12,SET,181,146
12,SET,182,143
12,SET,183,111
12,SET,184,120
12,SET,185,118
12,SET,186,103
12,SET,187,105
12,SET,188,92
12,SET,189,89
12,SET,190,95
12,SET,191,86
12,SET,192,80
12,SET,193,81
12,SET,194,83
12,SET,195,74
12,SET,196,67
12,SET,197,59
12,SET,198,56
12,SET,199,54
12,SET,200,65
12,SET,201,52
12,SET,202,54
12,SET,203,56
12,SET,204,36
12,SET,205,32
12,SET,206,35
12,SET,207,34
12,SET,208,37
12,SET,209,28
12,SET,210,42
12,SET,211,36
12,SET,212,28
12,SET,213,26
12,SET,214,30
12,SET,215,18
12,SET,216,20
12,SET,217,29
12,SET,218,25
12,SET,219,22
12,SET,220,20
12,SET,221,14
12,SET,222,16
12,SET,223,13
12,SET,224,17
12,SET,225,20
12,SET,226,11
12,SET,227,13
12,SET,228,11
12,SET,229,10
12,SET,230,13
12,SET,231,15
12,SET,232,7
12,SET,233,12
12,SET,234,12
12,SET,235,9
12,SET,236,4
12,SET,237,5
12,SET,238,7
12,SET,239,7
12,SET,240,8
12,SET,241,6
12,SET,242,6
12,SET,243,7
12,SET,244,7
12,SET,245,7
12,SET,246,6
12,SET,247,2
12,SET,248,5
12,SET,249,2
12,SET,250,3
12,SET,251,5
12,SET,252,2
12,SET,253,2
12,SET,254,4
12,SET,255,3
12,SET,257,6
12,SET,259,3
12,SET,261,2
12,SET,263,4
12,SET,265,4
12,SET,267,4
12,SET,269,4
12,SET,271,3
12,SET,273,4
12,SET,275,6
12,SET,277,2
12,SET,279,4
12,SET,281,4
12,SET,283,2
12,SET,285,2
12,SET,287,2
12,SET,289,4
12,SET,291,2
12,SET,293,1
12,SET,295,5
12,SET,297,2
12,SET,299,1
12,SET,301,3
12,SET,303,7
12,SET,305,1
12,SET,307,2
12,SET,309,1
12,SET,311,1
12,SET,313,4
12,SET,315,2
12,SET,319,1
12,SET,325,2
12,SET,329,1
12,SET,333,1
12,SET,335,2
12,SET,339,4
12,SET,343,1
12,SET,347,2
12,SET,353,2
12,SET,355,3
12,SET,357,1
12,SET,359,2
12,SET,361,1
12,SET,363,2
12,SET,365,1
12,SET,367,1
12,SET,373,1
12,SET,377,1
12,SET,379,2
12,SET,381,5
12,SET,385,1
12,SET,389,1
12,SET,391,2
12,SET,397,1
12,SET,403,1
12,SET,411,1
12,SET,455,1
12,SET,469,1
12,SET,483,1
12,SET,499,1
12,SET,511,1
12,SET,539,1
12,SET,563,1
12,SET,571,2
12,SET,575,1
12,SET,579,1
12,SET,619,1
12,SET,679,1
12,SET,723,1
12,SET,791,1
12,SET,839,1
12,SET,1279,1
12,SET,1407,1
12,SET,1967,1
12,SET,2023,1
12,SET,3759,1
12,SET,4031,1
12,GET,72,5
12,GET,73,6
12,GET,74,10
12,GET,75,18
12,GET,76,39
12,GET,77,61
12,GET,78,114
12,GET,79,161
12,GET,80,215
12,GET,81,304
12,GET,82,361
12,GET,83,544
12,GET,84,605
12,GET,85,699
12,GET,86,841
12,GET,87,972
12,GET,88,1093
12,GET,89,1257
12,GET,90,1438
12,GET,91,1620
12,GET,92,1814
12,GET,93,1966
12,GET,94,2253
12,GET,95,2457
12,GET,96,2646
12,GET,97,2805
12,GET,98,2979
12,GET,99,3267
12,GET,100,3501
12,GET,101,3623
12,GET,102,3958
12,GET,103,4056
12,GET,104,4348
12,GET,105,4516
12,GET,106,4601
12,GET,107,4873
12,GET,108,4942
12,GET,109,5001
12,GET,110,5246
12,GET,111,5436
12,GET,112,5576
12,GET,113,5570
12,GET,114,5708
12,GET,115,5881
12,GET,116,5849
12,GET,117,6076
12,GET,118,6095
12,GET,119,6329
12,GET,120,6363
12,GET,121,6411
12,GET,122,6403
12,GET,123,6523
12,GET,124,6518
12,GET,125,6654
12,GET,126,6422
12,GET,127,6630
12,GET,128,6693
12,GET,129,6532
12,GET,130,6520
12,GET,131,6501
12,GET,132,6590
12,GET,133,6408
12,GET,134,6333
12,GET,135,6216
12,GET,136,6115
12,GET,137,6060
12,GET,138,6064
12,GET,139,5925
12,GET,140,5932
12,GET,141,5801
12,GET,142,5756
12,GET,143,5631
12,GET,144,5426
12,GET,145,5321
12,GET,146,5254
12,GET,147,5255
12,GET,148,5086
12,GET,149,5100
12,GET,150,4768
12,GET,151,4769
12,GET,152,4433
12,GET,153,4440
12,GET,154,4151
12,GET,155,4066
12,GET,156,4010
12,GET,157,3828
12,GET,158,3692
12,GET,159,3491
12,GET,160,3486
12,GET,161,3316
12,GET,162,3129
12,GET,163,3034
12,GET,164,2925
12,GET,165,2852
12,GET,166,2829
12,GET,167,2659
12,GET,168,2613
12,GET,169,2490
12,GET,170,2347
12,GET,171,2138
12,GET,172,2137
12,GET,173,2115
12,GET,174,1950
12,GET,175,1929
12,GET,176,1849
12,GET,177,1715
12,GET,178,1579
12,GET,179,1550
12,GET,180,1554
12,GET,181,1453
12,GET,182,1416
12,GET,183,1282
12,GET,184,1325
12,GET,185,1198
12,GET,186,1157
12,GET,187,1039
12,GET,188,1033
12,GET,189,989
12,GET,190,921
12,GET,191,890
12,GET,192,869
12,GET,193,804
12,GET,194,767
12,GET,195,790
12,GET,196,688
12,GET,197,674
12,GET,198,624
12,GET,199,608
12,GET,200,581
12,GET,201,538
12,GET,202,499
12,GET,203,479
12,GET,204,461
12,GET,205,414
12,GET,206,406
12,GET,207,388
12,GET,208,373
12,GET,209,348
12,GET,210,301
12,GET,211,329
12,GET,212,298
12,GET,213,290
12,GET,214,252
12,GET,215,238
12,GET,216,241
12,GET,217,216
12,GET,218,213
12,GET,219,206
12,GET,220,178
12,GET,221,173
12,GET,222,185
12,GET,223,181
12,GET,224,152
12,GET,225,152
12,GET,226,104
12,GET,227,139
12,GET,228,140
12,GET,229,117
12,GET,230,128
12,GET,231,131
12,GET,232,124
12,GET,233,89
12,GET,234,95
12,GET,235,98
12,GET,236,65
12,GET,237,86
12,GET,238,75
12,GET,239,73
12,GET,240,69
12,GET,241,74
12,GET,242,64
12,GET,243,61
12,GET,244,61
12,GET,245,61
12,GET,246,66
12,GET,247,70
12,GET,248,46
12,GET,249,46
12,GET,250,41
12,GET,251,44
12,GET,252,44
12,GET,253,43
12,GET,254,39
12,GET,255,39
12,GET,257,62
12,GET,259,59
12,GET,261,56
12,GET,263,71
12,GET,265,51
12,GET,267,52
12,GET,269,47
12,GET,271,35
12,GET,273,31
12,GET,275,29
12,GET,277,39
12,GET,279,31
12,GET,281,41
12,GET,283,36
12,GET,285,30
12,GET,287,37
12,GET,289,28
12,GET,291,33
12,GET,293,29
12,GET,295,19
12,GET,297,31
12,GET,299,28
12,GET,301,25
12,GET,303,25
12,GET,305,22
12,GET,307,19
12,GET,309,29
12,GET,311,24
12,GET,313,9
12,GET,315,16
12,GET,317,23
12,GET,319,13
12,GET,321,14
12,GET,323,15
12,GET,325,12
12,GET,327,13
12,GET,329,19
12,GET,331,15
12,GET,333,13
12,GET,335,11
12,GET,337,17
12,GET,339,14
12,GET,341,7
12,GET,343,12
12,GET,345,16
12,GET,347,12
12,GET,349,7
12,GET,351,11
12,GET,353,14
12,GET,355,11
12,GET,357,7
12,GET,359,10
12,GET,361,13
12,GET,363,16
12,GET,365,9
12,GET,367,7
12,GET,369,7
12,GET,371,7
12,GET,373,7
12,GET,375,6
12,GET,377,5
12,GET,379,5
12,GET,381,7
12,GET,383,6
12,GET,385,6
12,GET,387,9
12,GET,389,4
12,GET,391,5
12,GET,393,2
12,GET,395,3
12,GET,397,7
12,GET,399,1
12,GET,401,1
12,GET,403,7
12,GET,405,3
12,GET,407,1
12,GET,409,1
12,GET,411,1
12,GET,413,7
12,GET,415,5
12,GET,417,3
12,GET,419,6
12,GET,421,3
12,GET,423,3
12,GET,425,4
12,GET,427,1
12,GET,429,2
12,GET,431,3
12,GET,433,4
12,GET,437,4
12,GET,439,6
12,GET,441,1
12,GET,443,1
12,GET,445,2
12,GET,447,2
12,GET,449,2
12,GET,453,7
12,GET,455,4
12,GET,457,1
12,GET,461,1
12,GET,463,1
12,GET,465,2
12,GET,467,1
12,GET,469,1
12,GET,471,4
12,GET,473,1
12,GET,475,1
12,GET,477,1
12,GET,481,1
12,GET,483,1
12,GET,485,1
12,GET,487,1
12,GET,489,2
12,GET,491,2
12,GET,495,1
12,GET,497,1
12,GET,501,2
12,GET,503,1
12,GET,509,3
12,GET,515,6
12,GET,523,3
12,GET,527,2
12,GET,531,6
12,GET,535,1
12,GET,539,3
12,GET,543,5
12,GET,547,2
12,GET,551,2
12,GET,555,2
12,GET,559,2
12,GET,563,2
12,GET,567,4
12,GET,571,1
12,GET,575,2
12,GET,579,3
12,GET,587,3
12,GET,591,3
12,GET,595,4
12,GET,599,3
12,GET,603,2
12,GET,611,1
12,GET,615,1
12,GET,619,2
12,GET,623,1
12,GET,627,3
12,GET,631,5
12,GET,635,2
12,GET,639,2
12,GET,647,3
12,GET,651,2
12,GET,655,2
12,GET,659,3
12,GET,663,2
12,GET,667,3
12,GET,671,4
12,GET,675,1
12,GET,679,2
12,GET,683,1
12,GET,687,3
12,GET,691,2
12,GET,699,3
12,GET,703,1
12,GET,707,1
12,GET,711,1
12,GET,719,3
12,GET,723,2
12,GET,727,2
12,GET,731,1
12,GET,735,1
12,GET,739,1
12,GET,743,1
12,GET,751,1
12,GET,755,1
12,GET,763,1
12,GET,775,2
12,GET,779,1
12,GET,791,2
12,GET,795,2
12,GET,811,1
12,GET,831,1
12,GET,875,1
12,GET,891,1
12,GET,895,1
12,GET,911,1
12,GET,915,1
12,GET,951,1
12,GET,979,1
12,GET,983,1
12,GET,1031,1
12,GET,1055,1
12,GET,1063,2
12,GET,1103,1
12,GET,1111,1
12,GET,1127,1
12,GET,1151,1
12,GET,1191,1
12,GET,1199,1
12,GET,1207,1
12,GET,1215,1
12,GET,1239,1
12,GET,1263,1
12,GET,1271,2
12,GET,1279,2
12,GET,1287,1
12,GET,1295,1
12,GET,1303,1
12,GET,1311,2
12,GET,1319,1
12,GET,1359,1
12,GET,1375,1
12,GET,1383,1
12,GET,1391,1
12,GET,1407,1
12,GET,1423,1
12,GET,1431,1
12,GET,1439,1
12,GET,1447,1
12,GET,1511,2
12,GET,1551,1
12,GET,1567,2
12,GET,1599,1
12,GET,1607,1
12,GET,1639,1
12,GET,1663,2
12,GET,1671,1
12,GET,1679,1
12,GET,1687,1
12,GET,1711,1
12,GET,1735,1
12,GET,1783,1
12,GET,1799,1
12,GET,1807,1
12,GET,1847,1
12,GET,1855,1
12,GET,1863,1
12,GET,1911,1
12,GET,1943,1
12,GET,1951,1
12,GET,1991,1
12,GET,2047,1
12,GET,2079,1
12,GET,2111,1
12,GET,2143,1
12,GET,2191,1
12,GET,2239,1
12,GET,2319,2
12,GET,2527,1
12,GET,2575,1
12,GET,2703,1
12,GET,2783,1
12,GET,3167,1
12,GET,3215,1
12,GET,3471,1
12,GET,3727,1
12,GET,4543,1
12,GET,6495,1
12,GET,7135,1
12,GET,7871,1
12,DEL,74,1
12,DEL,75,5
12,DEL,76,7
12,DEL,77,18
12,DEL,78,18
12,DEL,79,36
12,DEL,80,76
12,DEL,81,82
12,DEL,82,105
12,DEL,83,158
12,DEL,84,187
12,DEL,85,222
12,DEL,86,271
12,DEL,87,324
12,DEL,88,378
12,DEL,89,426
12,DEL,90,498
12,DEL,91,556
12,DEL,92,580
12,DEL,93,674
12,DEL,94,806
12,DEL,95,853
12,DEL,96,907
12,DEL,97,958
12,DEL,98,984
12,DEL,99,1145
12,DEL,100,1160
12,DEL,101,1281
12,DEL,102,1357
12,DEL,103,1344
12,DEL,104,1563
12,DEL,105,1644
12,DEL,106,1615
12,DEL,107,1707
12,DEL,108,1742
12,DEL,109,1827
12,DEL,110,1818
12,DEL,111,1881
12,DEL,112,1932
12,DEL,113,2039
12,DEL,114,2035
12,DEL,115,2050
12,DEL,116,2103
12,DEL,117,2225
12,DEL,118,2120
12,DEL,119,2222
12,DEL,120,2350
12,DEL,121,2287
12,DEL,122,2270
12,DEL,123,2314
12,DEL,124,2293
12,DEL,125,2310
12,DEL,126,2365
12,DEL,127,2388
12,DEL,128,2351
12,DEL,129,2341
12,DEL,130,2307
12,DEL,131,2344
12,DEL,132,2316
12,DEL,133,2298
12,DEL,134,2313
12,DEL,135,2234
12,DEL,136,2207
12,DEL,137,2171
12,DEL,138,2161
12,DEL,139,2138
12,DEL,140,2111
12,DEL,141,2066
12,DEL,142,2031
12,DEL,143,2028
12,DEL,144,1903
12,DEL,145,1875
12,DEL,146,1942
12,DEL,147,1863
12,DEL,148,1840
12,DEL,149,1790
12,DEL,150,1766
12,DEL,151,1715
12,DEL,152,1607
12,DEL,153,1647
12,DEL,154,1536
12,DEL,155,1511
12,DEL,156,1491
12,DEL,157,1468
12,DEL,158,1324
12,DEL,159,1312
12,DEL,160,1287
12,DEL,161,1237
12,DEL,162,1169
12,DEL,163,1153
12,DEL,164,1135
12,DEL,165,1098
12,DEL,166,1024
12,DEL,167,953
12,DEL,168,940
12,DEL,169,935
12,DEL,170,890
12,DEL,171,816
12,DEL,172,835
12,DEL,173,792
12,DEL,174,753
12,DEL,175,700
12,DEL,176,659
12,DEL,177,669
12,DEL,178,618
12,DEL,179,557
12,DEL,180,579
12,DEL,181,515
12,DEL,182,549
12,DEL,183,499
12,DEL,184,438
12,DEL,185,444
12,DEL,186,406
12,DEL,187,424
12,DEL,188,362
12,DEL,189,378
12,DEL,190,357
12,DEL,191,341
12,DEL,192,340
12,DEL,193,286
12,DEL,194,257
12,DEL,195,257
12,DEL,196,267
12,DEL,197,239
12,DEL,198,266
12,DEL,199,204
12,DEL,200,217
12,DEL,201,206
12,DEL,202,173
12,DEL,203,170
12,DEL,204,178
12,DEL,205,157
12,DEL,206,174
12,DEL,207,141
12,DEL,208,143
12,DEL,209,135
12,DEL,210,137
12,DEL,211,96
12,DEL,212,124
12,DEL,213,108
12,DEL,214,95
12,DEL,215,95
12,DEL,216,83
12,DEL,217,85
12,DEL,218,80
12,DEL,219,79
12,DEL,220,66
12,DEL,221,63
12,DEL,222,70
12,DEL,223,76
12,DEL,224,74
12,DEL,225,63
12,DEL,226,55
12,DEL,227,53
12,DEL,228,47
12,DEL,229,41
12,DEL,230,35
12,DEL,231,37
12,DEL,232,47
12,DEL,233,31
12,DEL,234,37
12,DEL,235,36
12,DEL,236,30
12,DEL,237,27
12,DEL,238,19
12,DEL,239,30
12,DEL,240,22
12,DEL,241,33
12,DEL,242,30
12,DEL,243,30
12,DEL,244,18
12,DEL,245,31
12,DEL,246,23
12,DEL,247,18
12,DEL,248,24
12,DEL,249,18
12,DEL,250,19
12,DEL,251,21
12,DEL,252,26
12,DEL,253,7
12,DEL,254,7
12,DEL,255,15
12,DEL,257,26
12,DEL,259,22
12,DEL,261,29
12,DEL,263,14
12,DEL,265,19
12,DEL,267,32
12,DEL,269,19
12,DEL,271,16
12,DEL,273,14
12,DEL,275,12
12,DEL,277,13
12,DEL,279,12
12,DEL,281,12
12,DEL,283,12
12,DEL,285,10
12,DEL,287,12
12,DEL,289,10
12,DEL,291,9
12,DEL,293,11
12,DEL,295,18
12,DEL,297,3
12,DEL,299,9
12,DEL,301,12
12,DEL,303,7
12,DEL,305,8
12,DEL,307,3
12,DEL,309,9
12,DEL,311,7
12,DEL,313,9
12,DEL,315,7
12,DEL,317,4
12,DEL,319,10
12,DEL,321,5
12,DEL,323,8
12,DEL,325,5
12,DEL,327,4
12,DEL,329,5
12,DEL,331,3
12,DEL,333,4
12,DEL,335,1
12,DEL,337,1
12,DEL,339,5
12,DEL,341,4
12,DEL,343,5
12,DEL,345,6
12,DEL,347,5
12,DEL,349,5
12,DEL,351,2
12,DEL,353,3
12,DEL,355,6
12,DEL,357,4
12,DEL,359,4
12,DEL,361,3
12,DEL,363,4
12,DEL,365,1
12,DEL,367,4
12,DEL,369,3
12,DEL,371,1
12,DEL,373,2
12,DEL,375,2
12,DEL,377,2
12,DEL,379,2
12,DEL,381,3
12,DEL,383,3
12,DEL,385,2
12,DEL,387,4
12,DEL,389,4
12,DEL,391,4
12,DEL,395,1
12,DEL,397,1
12,DEL,399,3
12,DEL,401,3
12,DEL,403,3
12,DEL,405,2
12,DEL,409,2
12,DEL,413,1
12,DEL,415,3
12,DEL,419,1
12,DEL,423,1
12,DEL,425,1
12,DEL,429,1
12,DEL,431,2
12,DEL,433,1
12,DEL,435,1
12,DEL,437,1
12,DEL,439,3
12,DEL,441,2
12,DEL,443,1
12,DEL,445,1
12,DEL,447,2
12,DEL,453,2
12,DEL,455,2
12,DEL,457,1
12,DEL,459,2
12,DEL,461,2
12,DEL,463,1
12,DEL,467,1
12,DEL,475,1
12,DEL,481,3
12,DEL,483,1
12,DEL,489,1
12,DEL,491,1
12,DEL,499,1
12,DEL,501,2
12,DEL,511,1
12,DEL,519,5
12,DEL,523,1
12,DEL,527,1
12,DEL,535,1
12,DEL,539,4
12,DEL,555,1
12,DEL,559,1
12,DEL,579,2
12,DEL,583,1
12,DEL,587,1
12,DEL,595,1
12,DEL,599,1
12,DEL,607,1
12,DEL,611,1
12,DEL,619,1
12,DEL,623,2
12,DEL,627,1
12,DEL,631,1
12,DEL,635,2
12,DEL,643,2
12,DEL,651,1
12,DEL,655,3
12,DEL,659,3
12,DEL,663,1
12,DEL,671,2
12,DEL,679,2
12,DEL,683,1
12,DEL,687,1
12,DEL,703,2
12,DEL,707,1
12,DEL,727,1
12,DEL,735,2
12,DEL,759,1
12,DEL,763,2
12,DEL,791,1
12,DEL,811,1
12,DEL,819,1
12,DEL,827,1
12,DEL,835,1
12,DEL,931,1
12,DEL,971,1
12,DEL,987,1
12,DEL,995,1
12,DEL,999,1
12,DEL,1047,1
12,DEL,1071,1
12,DEL,1111,3
12,DEL,1319,1
12,DEL,1367,1
12,DEL,1415,2
12,DEL,1431,1
12,DEL,1439,2
12,DEL,1503,1
12,DEL,1559,1
12,DEL,1615,1
12,DEL,1775,1
12,DEL,1911,1
12,DEL,1927,1
12,DEL,1943,1
12,DEL,2063,1
12,DEL,2271,1
12,DEL,2335,1
12,DEL,2511,1
12,DEL,4415,1
12,DEL,6495,1
13,SET,73,1
13,SET,79,1
13,SET,80,5
13,SET,81,2
13,SET,82,3
13,SET,83,6
13,SET,84,9
13,SET,85,8
13,SET,86,18
13,SET,87,18
13,SET,88,31
13,SET,89,16
13,SET,90,39
13,SET,91,24
13,SET,92,42
13,SET,93,47
13,SET,94,39
13,SET,95,62
13,SET,96,70
13,SET,97,84
13,SET,98,96
13,SET,99,107
13,SET,100,121
13,SET,101,133
13,SET,102,144
13,SET,103,156
13,SET,104,196
13,SET,105,187
13,SET,106,179
13,SET,107,211
13,SET,108,249
13,SET,109,204
13,SET,110,251
13,SET,111,209
13,SET,112,242
13,SET,113,268
13,SET,114,252
13,SET,115,295
13,SET,116,292
13,SET,117,325
13,SET,118,305
13,SET,119,361
13,SET,120,367
13,SET,121,382
13,SET,122,359
13,SET,123,375
13,SET,124,411
13,SET,125,394
13,SET,126,401
13,SET,127,404
13,SET,128,404
13,SET,129,420
13,SET,130,449
13,SET,131,387
13,SET,132,411
13,SET,133,435
13,SET,134,443
13,SET,135,470
13,SET,136,418
13,SET,137,480
13,SET,138,403
13,SET,139,420
13,SET,140,457
13,SET,141,441
13,SET,142,467
13,SET,143,437
13,SET,144,432
13,SET,145,436
13,SET,146,411
13,SET,147,420
13,SET,148,424
13,SET,149,405
13,SET,150,432
13,SET,151,407
13,SET,152,387
13,SET,153,373
13,SET,154,379
13,SET,155,376
13,SET,156,393
13,SET,157,385
13,SET,158,370
13,SET,159,350
13,SET,160,403
13,SET,161,301
13,SET,162,329
13,SET,163,315
13,SET,164,294
13,SET,165,334
13,SET,166,272
13,SET,167,267
13,SET,168,288
13,SET,169,263
13,SET,170,272
13,SET,171,240
13,SET,172,225
13,SET,173,226
13,SET,174,235
13,SET,175,175
13,SET,176,212
13,SET,177,217
13,SET,178,180
13,SET,179,199
13,SET,180,210
13,SET,181,182
13,SET,182,160
13,SET,183,174
13,SET,184,139
13,SET,185,166
13,SET,186,146
13,SET,187,142
13,SET,188,136
13,SET,189,133
13,SET,190,129
13,SET,191,133
13,SET,192,109
13,SET,193,118
13,SET,194,98
13,SET,195,90
13,SET,196,88
13,SET,197,90
13,SET,198,84
13,SET,199,89
13,SET,200,72
13,SET,201,78
13,SET,202,79
13,SET,203,75
13,SET,204,62
13,SET,205,62
13,SET,206,64
13,SET,207,63
13,SET,208,68
13,SET,209,42
13,SET,210,47
13,SET,211,45
13,SET,212,51
13,SET,213,36
13,SET,214,36
13,SET,215,35
13,SET,216,42
13,SET,217,37
13,SET,218,33
13,SET,219,38
13,SET,220,33
13,SET,221,22
13,SET,222,29
13,SET,223,26
13,SET,224,19
13,SET,225,26
13,SET,226,24
13,SET,227,17
13,SET,228,20
13,SET,229,17
13,SET,230,19
13,SET,231,24
13,SET,232,19
13,SET,233,12
13,SET,234,8
13,SET,235,10
13,SET,236,14
13,SET,237,16
13,SET,238,11
13,SET,239,19
13,SET,240,12
13,SET,241,15
13,SET,242,9
13,SET,243,5
13,SET,244,6
13,SET,245,5
13,SET,246,11
13,SET,247,6
13,SET,248,1
13,SET,249,5
13,SET,250,7
13,SET,251,10
13,SET,252,6
13,SET,253,12
13,SET,254,4
13,SET,255,7
13,SET,257,9
13,SET,259,11
13,SET,261,13
13,SET,263,14
13,SET,265,4
13,SET,267,6
13,SET,269,8
13,SET,271,3
13,SET,273,3
13,SET,275,5
13,SET,277,4
13,SET,279,3
13,SET,281,4
13,SET,283,4
13,SET,285,3
13,SET,287,2
13,SET,289,3
13,SET,291,2
13,SET,293,3
13,SET,295,4
13,SET,297,2
13,SET,299,3
13,SET,301,2
13,SET,303,3
13,SET,305,1
13,SET,307,1
13,SET,309,1
13,SET,311,3
13,SET,313,2
13,SET,315,2
13,SET,317,1
13,SET,319,4
13,SET,321,2
13,SET,323,1
13,SET,331,2
13,SET,333,2
13,SET,337,2
13,SET,339,1
13,SET,343,3
13,SET,347,1
13,SET,349,2
13,SET,351,1
13,SET,355,2
13,SET,357,1
13,SET,359,2
13,SET,365,1
13,SET,371,2
13,SET,375,1
13,SET,377,2
13,SET,379,1
13,SET,381,2
13,SET,383,1
13,SET,387,1
13,SET,393,2
13,SET,397,2
13,SET,425,1
13,SET,431,1
13,SET,437,1
13,SET,439,1
13,SET,445,1
13,SET,447,1
13,SET,453,1
13,SET,467,2
13,SET,475,1
13,SET,493,1
13,SET,495,1
13,SET,503,2
13,SET,535,1
13,SET,539,2
13,SET,563,2
13,SET,575,1
13,SET,603,1
13,SET,619,1
13,SET,631,1
13,SET,675,1
13,SET,707,1
13,SET,711,1
13,SET,715,1
13,SET,731,1
13,SET,739,1
13,SET,867,1
13,SET,919,1
13,SET,1183,1
13,SET,1487,1
13,SET,1495,1
13,SET,1559,1
13,SET,1695,1
13,SET,1775,1
13,SET,1839,1
13,SET,2063,1
13,SET,2175,1
13,SET,2559,1
13,SET,3519,1
13,DEL,74,2
13,DEL,75,1
13,DEL,76,7
13,DEL,77,8
13,DEL,78,8
13,DEL,79,19
13,DEL,80,23
13,DEL,81,40
13,DEL,82,44
13,DEL,83,66
13,DEL,84,94
13,DEL,85,98
13,DEL,86,122
13,DEL,87,143
13,DEL,88,202
13,DEL,89,215
13,DEL,90,267
13,DEL,91,277
13,DEL,92,350
13,DEL,93,419
13,DEL,94,460
13,DEL,95,520
13,DEL,96,518
13,DEL,97,607
13,DEL,98,641
13,DEL,99,729
13,DEL,100,808
13,DEL,101,863
13,DEL,102,955
13,DEL,103,1013
13,DEL,104,1111
13,DEL,105,1191
13,DEL,106,1243
13,DEL,107,1255
13,DEL,108,1397
13,DEL,109,1415
13,DEL,110,1362
13,DEL,111,1468
13,DEL,112,1535
13,DEL,113,1576
13,DEL,114,1630
13,DEL,115,1690
13,DEL,116,1810
13,DEL,117,1729
13,DEL,118,1905
13,DEL,119,1936
13,DEL,120,2010
13,DEL,121,1941
13,DEL,122,2158
13,DEL,123,2168
13,DEL,124,2161
13,DEL,125,2202
13,DEL,126,2133
13,DEL,127,2149
13,DEL,128,2290
13,DEL,129,2275
13,DEL,130,2214
13,DEL,131,2294
13,DEL,132,2182
13,DEL,133,2192
13,DEL,134,2270
13,DEL,135,2264
13,DEL,136,2223
13,DEL,137,2214
13,DEL,138,2198
13,DEL,139,2227
13,DEL,140,2249
13,DEL,141,2260
13,DEL,142,2183
13,DEL,143,2205
13,DEL,144,2112
13,DEL,145,2143
13,DEL,146,2091
13,DEL,147,1984
13,DEL,148,2026
13,DEL,149,1988
13,DEL,150,1991
13,DEL,151,1954
13,DEL,152,1882
13,DEL,153,1770
13,DEL,154,1791
13,DEL,155,1715
13,DEL,156,1662
13,DEL,157,1698
13,DEL,158,1620
13,DEL,159,1492
13,DEL,160,1522
13,DEL,161,1437
13,DEL,162,1465
13,DEL,163,1420
13,DEL,164,1330
13,DEL,165,1285
13,DEL,166,1264
13,DEL,167,1243
13,DEL,168,1193
13,DEL,169,1193
13,DEL,170,1073
13,DEL,171,1063
13,DEL,172,1004
13,DEL,173,981
13,DEL,174,962
13,DEL,175,977
13,DEL,176,890
13,DEL,177,873
13,DEL,178,824
13,DEL,179,765
13,DEL,180,803
13,DEL,181,709
13,DEL,182,727
13,DEL,183,642
13,DEL,184,649
13,DEL,185,559
13,DEL,186,603
13,DEL,187,548
13,DEL,188,528
13,DEL,189,524
13,DEL,190,478
13,DEL,191,439
13,DEL,192,456
13,DEL,193,437
13,DEL,194,411
13,DEL,195,386
13,DEL,196,361
13,DEL,197,369
13,DEL,198,320
13,DEL,199,339
13,DEL,200,303
13,DEL,201,269
13,DEL,202,276
13,DEL,203,248
13,DEL,204,250
13,DEL,205,272
13,DEL,206,220
13,DEL,207,234
13,DEL,208,209
13,DEL,209,203
13,DEL,210,176
13,DEL,211,172
13,DEL,212,182
13,DEL,213,170
13,DEL,214,158
13,DEL,215,150
13,DEL,216,128
13,DEL,217,131
13,DEL,218,126
13,DEL,219,104
13,DEL,220,131
13,DEL,221,112
13,DEL,222,117
13,DEL,223,109
13,DEL,224,87
13,DEL,225,64
13,DEL,226,92
13,DEL,227,78
13,DEL,228,81
13,DEL,229,80
13,DEL,230,76
13,DEL,231,62
13,DEL,232,69
13,DEL,233,70
13,DEL,234,51
13,DEL,235,53
13,DEL,236,48
13,DEL,237,56
13,DEL,238,43
13,DEL,239,41
13,DEL,240,37
13,DEL,241,46
13,DEL,242,27
13,DEL,243,40
13,DEL,244,39
13,DEL,245,40
13,DEL,246,31
13,DEL,247,25
13,DEL,248,37
13,DEL,249,41
13,DEL,250,22
13,DEL,251,24
13,DEL,252,27
13,DEL,253,24
13,DEL,254,23
13,DEL,255,27
13,DEL,257,41
13,DEL,259,39
13,DEL,261,38
13,DEL,263,25
13,DEL,265,22
13,DEL,267,25
13,DEL,269,32
13,DEL,271,21
13,DEL,273,19
13,DEL,275,17
13,DEL,277,19
13,DEL,279,8
13,DEL,281,22
13,DEL,283,15
13,DEL,285,13
13,DEL,287,12
13,DEL,289,11
13,DEL,291,11
13,DEL,293,14
13,DEL,295,8
13,DEL,297,7
13,DEL,299,12
13,DEL,301,9
13,DEL,303,6
13,DEL,305,10
13,DEL,307,10
13,DEL,309,8
13,DEL,311,8
13,DEL,313,5
13,DEL,315,6
13,DEL,317,5
13,DEL,319,13
13,DEL,321,7
13,DEL,323,7
13,DEL,325,4
13,DEL,327,2
13,DEL,329,3
13,DEL,331,5
13,DEL,333,3
13,DEL,335,4
13,DEL,337,5
13,DEL,339,4
13,DEL,341,4
13,DEL,343,6
13,DEL,345,6
13,DEL,347,6
13,DEL,349,4
13,DEL,351,1
13,DEL,353,8
13,DEL,355,4
13,DEL,357,4
13,DEL,359,5
13,DEL,361,2
13,DEL,363,3
13,DEL,365,2
13,DEL,367,5
13,DEL,369,2
13,DEL,371,5
13,DEL,373,7
13,DEL,375,1
13,DEL,377,2
13,DEL,379,6
13,DEL,381,3
13,DEL,383,4
13,DEL,385,4
13,DEL,387,4
13,DEL,389,5
13,DEL,391,1
13,DEL,393,1
13,DEL,395,3
13,DEL,397,1
13,DEL,399,3
13,DEL,401,2
13,DEL,403,1
13,DEL,405,1
13,DEL,407,6
13,DEL,409,1
13,DEL,413,1
13,DEL,415,3
13,DEL,417,1
13,DEL,423,1
13,DEL,425,4
13,DEL,427,2
13,DEL,433,3
13,DEL,435,1
13,DEL,437,2
13,DEL,439,3
13,DEL,443,2
13,DEL,445,1
13,DEL,447,1
13,DEL,449,3
13,DEL,451,1
13,DEL,453,1
13,DEL,455,1
13,DEL,457,2
13,DEL,465,1
13,DEL,467,1
13,DEL,469,1
13,DEL,479,1
13,DEL,483,1
13,DEL,489,3
13,DEL,491,1
13,DEL,493,1
13,DEL,499,1
13,DEL,507,1
13,DEL,509,1
13,DEL,511,1
13,DEL,515,1
13,DEL,527,1
13,DEL,531,3
13,DEL,535,2
13,DEL,539,1
13,DEL,543,1
13,DEL,547,5
13,DEL,551,1
13,DEL,555,1
13,DEL,559,2
13,DEL,567,1
13,DEL,575,3
13,DEL,587,3
13,DEL,599,1
13,DEL,603,4
13,DEL,619,1
13,DEL,627,1
13,DEL,631,1
13,DEL,635,1
13,DEL,639,1
13,DEL,647,2
13,DEL,651,2
13,DEL,663,1
13,DEL,683,2
13,DEL,687,1
13,DEL,691,3
13,DEL,695,1
13,DEL,699,1
13,DEL,703,1
13,DEL,723,2
13,DEL,727,2
13,DEL,735,1
13,DEL,743,1
13,DEL,779,1
13,DEL,795,1
13,DEL,831,1
13,DEL,851,1
13,DEL,855,1
13,DEL,903,2
13,DEL,907,1
13,DEL,959,1
13,DEL,963,1
13,DEL,979,1
13,DEL,1007,1
13,DEL,1011,1
13,DEL,1019,1
13,DEL,1031,1
13,DEL,1039,2
13,DEL,1063,1
13,DEL,1071,1
13,DEL,1079,1
13,DEL,1159,1
13,DEL,1279,1
13,DEL,1287,1
13,DEL,1327,1
13,DEL,1431,1
13,DEL,1495,1
13,DEL,1527,1
13,DEL,1551,1
13,DEL,1559,2
13,DEL,1607,1
13,DEL,1623,1
13,DEL,1671,1
13,DEL,1879,1
13,DEL,1895,1
13,DEL,1935,1
13,DEL,1951,1
13,DEL,1959,1
13,DEL,2063,2
13,DEL,2079,1
13,DEL,2095,1
13,DEL,2111,1
13,DEL,2159,2
13,DEL,2335,1
13,DEL,2671,1
13,DEL,3087,1
13,DEL,3647,1
13,DEL,4079,1
13,DEL,5375,1
13,GET,74,3
13,GET,75,7
13,GET,76,10
13,GET,77,21
13,GET,78,41
13,GET,79,67
13,GET,80,90
13,GET,81,118
13,GET,82,152
13,GET,83,202
13,GET,84,280
13,GET,85,361
13,GET,86,422
13,GET,87,500
13,GET,88,542
13,GET,89,687
13,GET,90,769
13,GET,91,852
13,GET,92,1047
13,GET,93,1124
13,GET,94,1322
13,GET,95,1456
13,GET,96,1595
13,GET,97,1778
13,GET,98,2049
13,GET,99,2204
13,GET,100,2507
13,GET,101,2738
13,GET,102,2774
13,GET,103,3106
13,GET,104,3209
13,GET,105,3367
13,GET,106,3427
13,GET,107,3598
13,GET,108,3975
13,GET,109,3924
13,GET,110,4137
13,GET,111,4248
13,GET,112,4401
13,GET,113,4623
13,GET,114,4807
13,GET,115,4892
13,GET,116,5021
13,GET,117,5162
13,GET,118,5354
13,GET,119,5370
13,GET,120,5798
13,GET,121,5728
13,GET,122,5827
13,GET,123,6067
13,GET,124,6062
13,GET,125,6032
13,GET,126,6417
13,GET,127,6372
13,GET,128,6266
13,GET,129,6046
13,GET,130,6311
13,GET,131,6260
13,GET,132,6143
13,GET,133,6243
13,GET,134,6246
13,GET,135,6156
13,GET,136,6208
13,GET,137,6259
13,GET,138,6053
13,GET,139,6260
13,GET,140,6199
13,GET,141,6157
13,GET,142,6185
13,GET,143,6032
13,GET,144,6055
13,GET,145,5818
13,GET,146,5783
13,GET,147,5699
13,GET,148,5686
13,GET,149,5616
13,GET,150,5508
13,GET,151,5282
13,GET,152,5079
13,GET,153,5031
13,GET,154,4871
13,GET,155,4680
13,GET,156,4633
13,GET,157,4480
13,GET,158,4402
13,GET,159,4390
13,GET,160,4212
13,GET,161,4167
13,GET,162,4020
13,GET,163,3807
13,GET,164,3759
13,GET,165,3661
13,GET,166,3535
13,GET,167,3291
13,GET,168,3287
13,GET,169,3112
13,GET,170,2970
13,GET,171,2794
13,GET,172,2853
13,GET,173,2731
13,GET,174,2534
13,GET,175,2531
13,GET,176,2417
13,GET,177,2246
13,GET,178,2276
13,GET,179,2215
13,GET,180,1984
13,GET,181,2009
13,GET,182,1839
13,GET,183,1854
13,GET,184,1753
13,GET,185,1690
13,GET,186,1592
13,GET,187,1484
13,GET,188,1526
13,GET,189,1454
13,GET,190,1337
13,GET,191,1283
13,GET,192,1224
13,GET,193,1095
13,GET,194,1131
13,GET,195,1003
13,GET,196,993
13,GET,197,966
13,GET,198,918
13,GET,199,909
13,GET,200,862
13,GET,201,798
13,GET,202,678
13,GET,203,702
13,GET,204,671
13,GET,205,661
13,GET,206,651
13,GET,207,577
13,GET,208,588
13,GET,209,511
13,GET,210,483
13,GET,211,508
13,GET,212,491
13,GET,213,428
13,GET,214,382
13,GET,215,402
13,GET,216,318
13,GET,217,369
13,GET,218,345
13,GET,219,318
13,GET,220,310
13,GET,221,307
13,GET,222,298
13,GET,223,242
13,GET,224,221
13,GET,225,229
13,GET,226,203
13,GET,227,225
13,GET,228,210
13,GET,229,173
13,GET,230,185
13,GET,231,183
13,GET,232,175
13,GET,233,171
13,GET,234,145
13,GET,235,135
13,GET,236,137
13,GET,237,131
13,GET,238,127
13,GET,239,92
13,GET,240,111
13,GET,241,104
13,GET,242,108
13,GET,243,89
13,GET,244,101
13,GET,245,81
13,GET,246,88
13,GET,247,84
13,GET,248,93
13,GET,249,68
13,GET,250,71
13,GET,251,66
13,GET,252,56
13,GET,253,55
13,GET,254,59
13,GET,255,62
13,GET,257,116
13,GET,259,104
13,GET,261,79
13,GET,263,96
13,GET,265,78
13,GET,267,66
13,GET,269,59
13,GET,271,54
13,GET,273,43
13,GET,275,54
13,GET,277,45
13,GET,279,51
13,GET,281,38
13,GET,283,28
13,GET,285,38
13,GET,287,45
13,GET,289,32
13,GET,291,30
13,GET,293,41
13,GET,295,21
13,GET,297,29
13,GET,299,35
13,GET,301,33
13,GET,303,36
13,GET,305,23
13,GET,307,22
13,GET,309,20
13,GET,311,20
13,GET,313,26
13,GET,315,15
13,GET,317,18
13,GET,319,15
13,GET,321,21
13,GET,323,28
13,GET,325,19
13,GET,327,18
13,GET,329,14
13,GET,331,10
13,GET,333,23
13,GET,335,12
13,GET,337,17
13,GET,339,14
13,GET,341,14
13,GET,343,13
13,GET,345,8
13,GET,347,9
13,GET,349,10
13,GET,351,12
13,GET,353,14
13,GET,355,13
13,GET,357,6
13,GET,359,10
13,GET,361,8
13,GET,363,10
13,GET,365,15
13,GET,367,11
13,GET,369,9
13,GET,371,8
13,GET,373,5
13,GET,375,6
13,GET,377,12
13,GET,379,10
13,GET,381,11
13,GET,383,5
13,GET,385,7
13,GET,387,3
13,GET,389,8
13,GET,391,5
13,GET,393,9
13,GET,395,9
13,GET,397,5
13,GET,399,11
13,GET,401,8
13,GET,403,5
13,GET,405,3
13,GET,407,4
13,GET,409,5
13,GET,411,7
13,GET,413,5
13,GET,415,5
13,GET,417,7
13,GET,419,5
13,GET,421,1
13,GET,423,4
13,GET,425,7
13,GET,427,6
13,GET,429,5
13,GET,431,9
13,GET,433,4
13,GET,435,8
13,GET,437,3
13,GET,441,2
13,GET,443,4
13,GET,445,3
13,GET,447,2
13,GET,449,5
13,GET,451,6
13,GET,453,4
13,GET,455,3
13,GET,457,3
13,GET,459,1
13,GET,461,3
13,GET,463,2
13,GET,465,1
13,GET,467,2
13,GET,469,1
13,GET,471,2
13,GET,473,1
13,GET,475,4
13,GET,477,3
13,GET,479,3
13,GET,481,2
13,GET,483,3
13,GET,487,2
13,GET,489,2
13,GET,491,2
13,GET,493,1
13,GET,495,2
13,GET,497,1
13,GET,501,3
13,GET,503,3
13,GET,507,1
13,GET,509,3
13,GET,515,3
13,GET,519,4
13,GET,523,6
13,GET,527,2
13,GET,531,2
13,GET,535,2
13,GET,539,3
13,GET,543,4
13,GET,547,2
13,GET,551,2
13,GET,555,4
13,GET,559,3
13,GET,563,6
13,GET,567,4
13,GET,571,1
13,GET,575,2
13,GET,579,2
13,GET,583,3
13,GET,587,3
13,GET,591,3
13,GET,595,4
13,GET,603,2
13,GET,607,2
13,GET,611,3
13,GET,615,9
13,GET,619,4
13,GET,623,5
13,GET,627,2
13,GET,631,2
13,GET,635,1
13,GET,639,3
13,GET,643,3
13,GET,647,7
13,GET,659,1
13,GET,663,4
13,GET,667,1
13,GET,671,1
13,GET,675,1
13,GET,679,1
13,GET,683,2
13,GET,691,3
13,GET,699,2
13,GET,703,2
13,GET,707,2
13,GET,711,1
13,GET,715,1
13,GET,719,3
13,GET,723,3
13,GET,727,1
13,GET,731,1
13,GET,743,2
13,GET,751,1
13,GET,755,2
13,GET,759,2
13,GET,763,2
13,GET,767,2
13,GET,771,1
13,GET,791,1
13,GET,795,1
13,GET,799,1
13,GET,811,1
13,GET,815,2
13,GET,831,1
13,GET,891,1
13,GET,895,1
13,GET,923,1
13,GET,931,2
13,GET,943,1
13,GET,971,2
13,GET,975,1
13,GET,991,1
13,GET,995,1
13,GET,1011,1
13,GET,1071,1
13,GET,1079,1
13,GET,1087,1
13,GET,1111,2
13,GET,1191,3
13,GET,1199,1
13,GET,1215,2
13,GET,1223,1
13,GET,1247,1
13,GET,1255,1
13,GET,1271,1
13,GET,1279,1
13,GET,1311,1
13,GET,1327,1
13,GET,1351,1
13,GET,1367,2
13,GET,1391,1
13,GET,1407,2
13,GET,1423,1
13,GET,1431,1
13,GET,1447,2
13,GET,1463,1
13,GET,1471,1
13,GET,1479,2
13,GET,1487,1
13,GET,1495,2
13,GET,1503,2
13,GET,1527,1
13,GET,1559,2
13,GET,1575,1
13,GET,1583,1
13,GET,1591,3
13,GET,1599,1
13,GET,1615,1
13,GET,1623,1
13,GET,1631,1
13,GET,1639,1
13,GET,1663,2
13,GET,1679,1
13,GET,1735,1
13,GET,1751,1
13,GET,1759,1
13,GET,1791,3
13,GET,1799,1
13,GET,1815,2
13,GET,1839,1
13,GET,1855,1
13,GET,1879,1
13,GET,1943,1
13,GET,1959,1
13,GET,1967,1
13,GET,1991,1
13,GET,2007,1
13,GET,2015,1
13,GET,2039,1
13,GET,2047,1
13,GET,2063,1
13,GET,2079,1
13,GET,2111,1
13,GET,2191,1
13,GET,2223,1
13,GET,2255,1
13,GET,2303,1
13,GET,2319,1
13,GET,2383,1
13,GET,2447,1
13,GET,2879,1
13,GET,3151,1
13,GET,3327,1
13,GET,3455,1
13,GET,3487,1
13,GET,3855,1
13,GET,5343,1
13,GET,5951,1
13,GET,6783,1
13,GET,8319,1
14,GET,73,1
14,GET,74,2
14,GET,75,5
14,GET,76,11
14,GET,77,20
14,GET,78,39
14,GET,79,49
14,GET,80,64
14,GET,81,132
14,GET,82,146
14,GET,83,214
14,GET,84,267
14,GET,85,341
14,GET,86,427
14,GET,87,529
14,GET,88,627
14,GET,89,746
14,GET,90,876
14,GET,91,1028
14,GET,92,1155
14,GET,93,1307
14,GET,94,1447
14,GET,95,1610
14,GET,96,1726
14,GET,97,2015
14,GET,98,2232
14,GET,99,2468
14,GET,100,2541
14,GET,101,2886
14,GET,102,3047
14,GET,103,3272
14,GET,104,3541
14,GET,105,3738
14,GET,106,3842
14,GET,107,4033
14,GET,108,4220
14,GET,109,4343
14,GET,110,4548
14,GET,111,4824
14,GET,112,4881
14,GET,113,4927
14,GET,114,5194
14,GET,115,5418
14,GET,116,5544
14,GET,117,5630
14,GET,118,5683
14,GET,119,5926
14,GET,120,6105
14,GET,121,6112
14,GET,122,6238
14,GET,123,6339
14,GET,124,6348
14,GET,125,6398
14,GET,126,6512
14,GET,127,6502
14,GET,128,6582
14,GET,129,6502
14,GET,130,6505
14,GET,131,6435
14,GET,132,6375
14,GET,133,6476
14,GET,134,6541
14,GET,135,6472
14,GET,136,6310
14,GET,137,6322
14,GET,138,6220
14,GET,139,6208
14,GET,140,6213
14,GET,141,5969
14,GET,142,6034
14,GET,143,5970
14,GET,144,5993
14,GET,145,5616
14,GET,146,5671
14,GET,147,5487
14,GET,148,5466
14,GET,149,5452
14,GET,150,5321
14,GET,151,5101
14,GET,152,4950
14,GET,153,4726
14,GET,154,4720
14,GET,155,4692
14,GET,156,4459
14,GET,157,4320
14,GET,158,4251
14,GET,159,4025
14,GET,160,3894
14,GET,161,3760
14,GET,162,3720
14,GET,163,3579
14,GET,164,3478
14,GET,165,3236
14,GET,166,3240
14,GET,167,3062
14,GET,168,2975
14,GET,169,2834
14,GET,170,2718
14,GET,171,2757
14,GET,172,2667
14,GET,173,2528
14,GET,174,2441
14,GET,175,2254
14,GET,176,2170
14,GET,177,2183
14,GET,178,2044
14,GET,179,1967
14,GET,180,1898
14,GET,181,1666
14,GET,182,1635
14,GET,183,1644
14,GET,184,1534
14,GET,185,1440
14,GET,186,1485
14,GET,187,1333
14,GET,188,1258
14,GET,189,1232
14,GET,190,1186
14,GET,191,1150
14,GET,192,1094
14,GET,193,1033
14,GET,194,958
14,GET,195,938
14,GET,196,889
14,GET,197,846
14,GET,198,897
14,GET,199,760
14,GET,200,699
14,GET,201,684
14,GET,202,645
14,GET,203,666
14,GET,204,609
14,GET,205,535
14,GET,206,535
14,GET,207,508
14,GET,208,519
14,GET,209,510
14,GET,210,431
14,GET,211,435
14,GET,212,387
14,GET,213,361
14,GET,214,383
14,GET,215,337
14,GET,216,307
14,GET,217,282
14,GET,218,296
14,GET,219,270
14,GET,220,254
14,GET,221,251
14,GET,222,261
14,GET,223,230
14,GET,224,249
14,GET,225,179
14,GET,226,198
14,GET,227,208
14,GET,228,198
14,GET,229,146
14,GET,230,147
14,GET,231,139
14,GET,232,126
14,GET,233,138
14,GET,234,132
14,GET,235,114
14,GET,236,112
14,GET,237,112
14,GET,238,115
14,GET,239,113
14,GET,240,95
14,GET,241,78
14,GET,242,83
14,GET,243,82
14,GET,244,77
14,GET,245,73
14,GET,246,90
14,GET,247,62
14,GET,248,68
14,GET,249,61
14,GET,250,67
14,GET,251,55
14,GET,252,47
14,GET,253,52
14,GET,254,49
14,GET,255,43
14,GET,257,106
14,GET,259,94
14,GET,261,78
14,GET,263,71
14,GET,265,61
14,GET,267,63
14,GET,269,54
14,GET,271,58
14,GET,273,52
14,GET,275,43
14,GET,277,37
14,GET,279,44
14,GET,281,40
14,GET,283,27
14,GET,285,40
14,GET,287,36
14,GET,289,17
14,GET,291,27
14,GET,293,34
14,GET,295,32
14,GET,297,39
14,GET,299,31
14,GET,301,23
14,GET,303,31
14,GET,305,24
14,GET,307,15
14,GET,309,22
14,GET,311,24
14,GET,313,12
14,GET,315,19
14,GET,317,19
14,GET,319,25
14,GET,321,12
14,GET,323,17
14,GET,325,13
14,GET,327,16
14,GET,329,17
14,GET,331,15
14,GET,333,15
14,GET,335,13
14,GET,337,11
14,GET,339,20
14,GET,341,12
14,GET,343,15
14,GET,345,9
14,GET,347,14
14,GET,349,14
14,GET,351,26
14,GET,353,11
14,GET,355,8
14,GET,357,5
14,GET,359,11
14,GET,361,13
14,GET,363,14
14,GET,365,13
14,GET,367,5
14,GET,369,12
14,GET,371,5
14,GET,373,3
14,GET,375,13
14,GET,377,7
14,GET,379,5
14,GET,381,4
14,GET,383,5
14,GET,385,12
14,GET,387,8
14,GET,389,11
14,GET,391,9
14,GET,393,7
14,GET,395,8
14,GET,397,5
14,GET,399,1
14,GET,401,5
14,GET,403,5
14,GET,405,6
14,GET,407,6
14,GET,409,5
14,GET,411,2
14,GET,413,7
14,GET,415,3
14,GET,417,4
14,GET,419,3
14,GET,421,4
14,GET,423,3
14,GET,425,5
14,GET,427,2
14,GET,429,2
14,GET,431,3
14,GET,433,4
14,GET,435,2
14,GET,437,4
14,GET,439,3
14,GET,441,4
14,GET,443,3
14,GET,445,2
14,GET,447,3
14,GET,449,2
14,GET,451,6
14,GET,453,3
14,GET,455,5
14,GET,457,3
14,GET,459,2
14,GET,461,1
14,GET,463,5
14,GET,465,4
14,GET,467,1
14,GET,469,3
14,GET,471,3
14,GET,473,1
14,GET,475,1
14,GET,477,2
14,GET,479,5
14,GET,481,1
14,GET,483,2
14,GET,485,4
14,GET,487,3
14,GET,489,2
14,GET,491,2
14,GET,495,2
14,GET,497,1
14,GET,499,2
14,GET,501,2
14,GET,503,1
14,GET,505,2
14,GET,507,4
14,GET,509,1
14,GET,511,2
14,GET,515,4
14,GET,519,2
14,GET,523,2
14,GET,527,2
14,GET,531,1
14,GET,535,3
14,GET,539,4
14,GET,543,4
14,GET,547,5
14,GET,551,3
14,GET,555,3
14,GET,559,2
14,GET,563,3
14,GET,567,5
14,GET,571,5
14,GET,575,1
14,GET,579,1
14,GET,583,3
14,GET,587,3
14,GET,591,1
14,GET,599,2
14,GET,603,2
14,GET,607,2
14,GET,611,2
14,GET,615,1
14,GET,619,2
14,GET,623,4
14,GET,627,2
14,GET,631,3
14,GET,635,1
14,GET,639,2
14,GET,643,1
14,GET,651,1
14,GET,655,1
14,GET,659,2
14,GET,663,1
14,GET,667,2
14,GET,671,4
14,GET,679,5
14,GET,683,2
14,GET,687,3
14,GET,695,2
14,GET,699,3
14,GET,703,1
14,GET,707,5
14,GET,715,1
14,GET,719,4
14,GET,723,1
14,GET,727,4
14,GET,731,3
14,GET,735,2
14,GET,739,4
14,GET,751,1
14,GET,759,2
14,GET,763,4
14,GET,767,1
14,GET,775,1
14,GET,779,1
14,GET,783,2
14,GET,787,2
14,GET,803,1
14,GET,811,1
14,GET,823,1
14,GET,847,1
14,GET,851,2
14,GET,883,2
14,GET,887,1
14,GET,891,1
14,GET,895,1
14,GET,907,1
14,GET,947,1
14,GET,951,1
14,GET,955,1
14,GET,963,1
14,GET,971,1
14,GET,987,1
14,GET,991,1
14,GET,995,1
14,GET,1007,1
14,GET,1019,1
14,GET,1023,1
14,GET,1039,1
14,GET,1047,1
14,GET,1055,1
14,GET,1119,1
14,GET,1135,1
14,GET,1143,2
14,GET,1151,1
14,GET,1175,1
14,GET,1191,1
14,GET,1199,1
14,GET,1215,1
14,GET,1239,1
14,GET,1247,1
14,GET,1263,2
14,GET,1271,1
14,GET,1279,2
14,GET,1295,1
14,GET,1303,1
14,GET,1327,1
14,GET,1335,2
14,GET,1359,1
14,GET,1367,1
14,GET,1375,2
14,GET,1383,2
14,GET,1399,1
14,GET,1407,1
14,GET,1447,1
14,GET,1463,1
14,GET,1479,1
14,GET,1495,3
14,GET,1511,1
14,GET,1519,1
14,GET,1527,3
14,GET,1535,1
14,GET,1567,1
14,GET,1583,1
14,GET,1615,2
14,GET,1623,1
14,GET,1639,1
14,GET,1647,2
14,GET,1655,3
14,GET,1695,1
14,GET,1703,1
14,GET,1719,1
14,GET,1727,1
14,GET,1767,1
14,GET,1775,2
14,GET,1791,1
14,GET,1799,1
14,GET,1815,1
14,GET,1839,1
14,GET,1855,1
14,GET,1911,1
14,GET,1927,1
14,GET,1967,1
14,GET,2031,1
14,GET,2063,1
14,GET,2079,2
14,GET,2143,1
14,GET,2191,1
14,GET,2223,1
14,GET,2239,4
14,GET,2575,1
14,GET,2623,1
14,GET,2847,1
14,GET,3039,1
14,GET,3087,1
14,GET,3343,2
14,GET,3535,1
14,GET,3615,1
14,GET,3967,1
14,GET,4319,1
14,GET,4479,1
14,GET,5119,1
14,GET,7327,1
14,GET,7487,1
14,DEL,73,1
14,DEL,74,2
14,DEL,75,1
14,DEL,76,3
14,DEL,77,2
14,DEL,78,4
14,DEL,79,12
14,DEL,80,17
14,DEL,81,35
14,DEL,82,39
14,DEL,83,70
14,DEL,84,81
14,DEL,85,97
14,DEL,86,114
14,DEL,87,143
14,DEL,88,170
14,DEL,89,230
14,DEL,90,260
14,DEL,91,339
14,DEL,92,383
14,DEL,93,450
14,DEL,94,452
14,DEL,95,508
14,DEL,96,621
14,DEL,97,672
14,DEL,98,683
14,DEL,99,841
14,DEL,100,904
14,DEL,101,966
14,DEL,102,1051
14,DEL,103,1100
14,DEL,104,1142
14,DEL,105,1252
14,DEL,106,1343
14,DEL,107,1387
14,DEL,108,1454
14,DEL,109,1523
14,DEL,110,1507
14,DEL,111,1640
14,DEL,112,1653
14,DEL,113,1762
14,DEL,114,1799
14,DEL,115,1942
14,DEL,116,1874
14,DEL,117,1981
14,DEL,118,1998
14,DEL,119,2102
14,DEL,120,2208
14,DEL,121,2171
14,DEL,122,2226
14,DEL,123,2252
14,DEL,124,2282
14,DEL,125,2217
14,DEL,126,2265
14,DEL,127,2340
14,DEL,128,2336
14,DEL,129,2243
14,DEL,130,2358
14,DEL,131,2316
14,DEL,132,2371
14,DEL,133,2286
14,DEL,134,2292
14,DEL,135,2330
14,DEL,136,2229
14,DEL,137,2190
14,DEL,138,2218
14,DEL,139,2186
14,DEL,140,2321
14,DEL,141,2125
14,DEL,142,2136
14,DEL,143,2094
14,DEL,144,2162
14,DEL,145,2033
14,DEL,146,2004
14,DEL,147,2010
14,DEL,148,2048
14,DEL,149,1897
14,DEL,150,1894
14,DEL,151,1823
14,DEL,152,1760
14,DEL,153,1718
14,DEL,154,1683
14,DEL,155,1651
14,DEL,156,1613
14,DEL,157,1540
14,DEL,158,1518
14,DEL,159,1554
14,DEL,160,1408
14,DEL,161,1375
14,DEL,162,1330
14,DEL,163,1298
14,DEL,164,1324
14,DEL,165,1227
14,DEL,166,1215
14,DEL,167,1138
14,DEL,168,1117
14,DEL,169,1126
14,DEL,170,1032
14,DEL,171,952
14,DEL,172,931
14,DEL,173,886
14,DEL,174,898
14,DEL,175,882
14,DEL,176,750
14,DEL,177,788
14,DEL,178,720
14,DEL,179,765
14,DEL,180,680
14,DEL,181,656
14,DEL,182,619
14,DEL,183,616
14,DEL,184,565
14,DEL,185,531
14,DEL,186,543
14,DEL,187,516
14,DEL,188,510
14,DEL,189,456
14,DEL,190,443
14,DEL,191,411
14,DEL,192,407
14,DEL,193,385
14,DEL,194,393
14,DEL,195,356
14,DEL,196,363
14,DEL,197,318
14,DEL,198,310
14,DEL,199,311
14,DEL,200,305
14,DEL,201,283
14,DEL,202,246
14,DEL,203,246
14,DEL,204,208
14,DEL,205,192
14,DEL,206,200
14,DEL,207,206
14,DEL,208,179
14,DEL,209,172
14,DEL,210,147
14,DEL,211,161
14,DEL,212,161
14,DEL,213,140
14,DEL,214,142
14,DEL,215,129
14,DEL,216,116
14,DEL,217,133
14,DEL,218,107
14,DEL,219,104
14,DEL,220,101
14,DEL,221,81
14,DEL,222,66
14,DEL,223,92
14,DEL,224,89
14,DEL,225,81
14,DEL,226,63
14,DEL,227,76
14,DEL,228,79
14,DEL,229,66
14,DEL,230,54
14,DEL,231,50
14,DEL,232,55
14,DEL,233,47
14,DEL,234,44
14,DEL,235,42
14,DEL,236,41
14,DEL,237,36
14,DEL,238,29
14,DEL,239,35
14,DEL,240,34
14,DEL,241,34
14,DEL,242,29
14,DEL,243,30
14,DEL,244,33
14,DEL,245,21
14,DEL,246,35
14,DEL,247,32
14,DEL,248,25
14,DEL,249,20
14,DEL,250,28
14,DEL,251,30
14,DEL,252,21
14,DEL,253,19
14,DEL,254,12
14,DEL,255,19
14,DEL,257,35
14,DEL,259,29
14,DEL,261,26
14,DEL,263,21
14,DEL,265,23
14,DEL,267,25
14,DEL,269,26
14,DEL,271,21
14,DEL,273,15
14,DEL,275,18
14,DEL,277,17
14,DEL,279,18
14,DEL,281,14
14,DEL,283,15
14,DEL,285,16
14,DEL,287,9
14,DEL,289,22
14,DEL,291,9
14,DEL,293,14
14,DEL,295,10
14,DEL,297,15
14,DEL,299,18
14,DEL,301,8
14,DEL,303,13
14,DEL,305,7
14,DEL,307,13
14,DEL,309,8
14,DEL,311,5
14,DEL,313,7
14,DEL,315,8
14,DEL,317,5
14,DEL,319,6
14,DEL,321,2
14,DEL,323,5
14,DEL,325,4
14,DEL,327,7
14,DEL,329,8
14,DEL,331,3
14,DEL,333,14
14,DEL,335,5
14,DEL,337,5
14,DEL,339,5
14,DEL,341,4
14,DEL,343,3
14,DEL,345,6
14,DEL,347,4
14,DEL,349,9
14,DEL,351,2
14,DEL,353,3
14,DEL,355,8
14,DEL,359,5
14,DEL,361,6
14,DEL,363,6
14,DEL,365,3
14,DEL,367,4
14,DEL,369,5
14,DEL,371,2
14,DEL,373,2
14,DEL,377,4
14,DEL,379,3
14,DEL,381,3
14,DEL,383,2
14,DEL,385,3
14,DEL,387,2
14,DEL,389,3
14,DEL,391,3
14,DEL,393,2
14,DEL,395,2
14,DEL,397,1
14,DEL,401,1
14,DEL,403,2
14,DEL,405,2
14,DEL,407,1
14,DEL,409,1
14,DEL,411,2
14,DEL,413,1
14,DEL,415,1
14,DEL,419,2
14,DEL,421,2
14,DEL,425,1
14,DEL,427,2
14,DEL,429,1
14,DEL,431,1
14,DEL,433,1
14,DEL,435,1
14,DEL,439,2
14,DEL,441,2
14,DEL,445,4
14,DEL,449,2
14,DEL,453,1
14,DEL,457,2
14,DEL,461,3
14,DEL,463,1
14,DEL,467,3
14,DEL,469,2
14,DEL,473,1
14,DEL,477,1
14,DEL,479,1
14,DEL,481,1
14,DEL,485,1
14,DEL,493,3
14,DEL,499,1
14,DEL,511,1
14,DEL,523,1
14,DEL,527,2
14,DEL,531,1
14,DEL,535,2
14,DEL,539,1
14,DEL,543,1
14,DEL,555,1
14,DEL,563,4
14,DEL,571,3
14,DEL,579,1
14,DEL,591,1
14,DEL,599,2
14,DEL,607,1
14,DEL,611,2
14,DEL,615,1
14,DEL,619,1
14,DEL,623,1
14,DEL,627,2
14,DEL,631,1
14,DEL,639,1
14,DEL,655,2
14,DEL,663,1
14,DEL,667,2
14,DEL,683,1
14,DEL,687,1
14,DEL,691,3
14,DEL,699,1
14,DEL,707,1
14,DEL,715,2
14,DEL,719,1
14,DEL,723,1
14,DEL,727,2
14,DEL,731,1
14,DEL,739,2
14,DEL,763,2
14,DEL,771,1
14,DEL,791,1
14,DEL,843,1
14,DEL,847,1
14,DEL,875,1
14,DEL,883,1
14,DEL,911,1
14,DEL,919,1
14,DEL,923,1
14,DEL,975,1
14,DEL,1015,1
14,DEL,1039,1
14,DEL,1047,1
14,DEL,1055,1
14,DEL,1079,1
14,DEL,1103,3
14,DEL,1143,1
14,DEL,1247,1
14,DEL,1279,1
14,DEL,1319,1
14,DEL,1399,1
14,DEL,1431,1
14,DEL,1463,1
14,DEL,1479,1
14,DEL,1503,1
14,DEL,1511,1
14,DEL,1567,1
14,DEL,1647,2
14,DEL,1703,1
14,DEL,1759,1
14,DEL,1767,1
14,DEL,1823,1
14,DEL,1863,1
14,DEL,1991,1
14,DEL,2079,1
14,DEL,2159,1
14,DEL,2287,1
14,DEL,2367,1
14,DEL,3343,1
14,SET,75,1
14,SET,79,1
14,SET,80,2
14,SET,81,1
14,SET,82,2
14,SET,83,10
14,SET,84,10
14,SET,85,11
14,SET,86,8
14,SET,87,19
14,SET,88,16
14,SET,89,22
14,SET,90,43
14,SET,91,35
14,SET,92,39
14,SET,93,42
14,SET,94,47
14,SET,95,76
14,SET,96,81
14,SET,97,94
14,SET,98,91
14,SET,99,110
14,SET,100,141
14,SET,101,139
14,SET,102,122
14,SET,103,159
14,SET,104,172
14,SET,105,177
14,SET,106,194
14,SET,107,200
14,SET,108,234
14,SET,109,222
14,SET,110,274
14,SET,111,274
14,SET,112,304
14,SET,113,323
14,SET,114,301
14,SET,115,317
14,SET,116,342
14,SET,117,368
14,SET,118,317
14,SET,119,388
14,SET,120,341
14,SET,121,390
14,SET,122,397
14,SET,123,393
14,SET,124,400
14,SET,125,433
14,SET,126,423
14,SET,127,434
14,SET,128,403
14,SET,129,496
14,SET,130,412
14,SET,131,471
14,SET,132,470
14,SET,133,455
14,SET,134,444
14,SET,135,449
14,SET,136,412
14,SET,137,491
14,SET,138,493
14,SET,139,469
14,SET,140,437
14,SET,141,441
14,SET,142,408
14,SET,143,398
14,SET,144,416
14,SET,145,419
14,SET,146,447
14,SET,147,414
14,SET,148,413
14,SET,149,399
14,SET,150,426
14,SET,151,369
14,SET,152,363
14,SET,153,373
14,SET,154,363
14,SET,155,343
14,SET,156,325
14,SET,157,351
14,SET,158,336
14,SET,159,318
14,SET,160,326
14,SET,161,318
14,SET,162,304
14,SET,163,307
14,SET,164,292
14,SET,165,302
14,SET,166,273
14,SET,167,266
14,SET,168,260
14,SET,169,265
14,SET,170,219
14,SET,171,248
14,SET,172,202
14,SET,173,213
14,SET,174,202
14,SET,175,199
14,SET,176,166
14,SET,177,170
14,SET,178,179
14,SET,179,196
14,SET,180,158
14,SET,181,154
14,SET,182,148
14,SET,183,157
14,SET,184,164
14,SET,185,142
14,SET,186,138
14,SET,187,124
14,SET,188,116
14,SET,189,102
14,SET,190,115
14,SET,191,106
14,SET,192,97
14,SET,193,94
14,SET,194,73
14,SET,195,84
14,SET,196,89
14,SET,197,93
14,SET,198,79
14,SET,199,87
14,SET,200,80
14,SET,201,85
14,SET,202,68
14,SET,203,55
14,SET,204,59
14,SET,205,54
14,SET,206,65
14,SET,207,60
14,SET,208,68
14,SET,209,43
14,SET,210,38
14,SET,211,28
14,SET,212,34
14,SET,213,43
14,SET,214,32
14,SET,215,44
14,SET,216,30
14,SET,217,31
14,SET,218,37
14,SET,219,25
14,SET,220,32
14,SET,221,24
14,SET,222,20
14,SET,223,28
14,SET,224,18
14,SET,225,15
14,SET,226,22
14,SET,227,19
14,SET,228,16
14,SET,229,17
14,SET,230,20
14,SET,231,19
14,SET,232,13
14,SET,233,13
14,SET,234,12
14,SET,235,13
14,SET,236,9
14,SET,237,8
14,SET,238,13
14,SET,239,14
14,SET,240,11
14,SET,241,6
14,SET,242,8
14,SET,243,10
14,SET,244,10
14,SET,245,1
14,SET,246,5
14,SET,247,8
14,SET,248,2
14,SET,249,5
14,SET,250,3
14,SET,251,7
14,SET,252,6
14,SET,253,8
14,SET,254,8
14,SET,255,1
14,SET,257,9
14,SET,259,7
14,SET,261,5
14,SET,263,6
14,SET,265,9
14,SET,267,7
14,SET,269,3
14,SET,271,5
14,SET,273,4
14,SET,275,2
14,SET,277,2
14,SET,279,3
14,SET,281,3
14,SET,283,3
14,SET,285,5
14,SET,287,2
14,SET,291,5
14,SET,295,8
14,SET,297,2
14,SET,301,2
14,SET,303,5
14,SET,305,2
14,SET,307,2
14,SET,309,1
14,SET,313,2
14,SET,315,3
14,SET,317,1
14,SET,319,2
14,SET,321,2
14,SET,323,1
14,SET,325,3
14,SET,327,1
14,SET,329,1
14,SET,333,3
14,SET,335,3
14,SET,337,2
14,SET,339,1
14,SET,341,3
14,SET,343,1
14,SET,345,1
14,SET,347,1
14,SET,349,2
14,SET,351,1
14,SET,355,1
14,SET,359,1
14,SET,361,1
14,SET,373,1
14,SET,383,2
14,SET,385,1
14,SET,389,2
14,SET,391,2
14,SET,393,1
14,SET,403,1
14,SET,405,2
14,SET,413,2
14,SET,417,1
14,SET,435,1
14,SET,445,1
14,SET,479,2
14,SET,481,1
14,SET,485,1
14,SET,487,1
14,SET,499,1
14,SET,505,1
14,SET,515,2
14,SET,535,1
14,SET,571,1
14,SET,587,1
14,SET,619,1
14,SET,631,1
14,SET,651,1
14,SET,671,1
14,SET,687,1
14,SET,743,1
14,SET,751,1
14,SET,843,1
14,SET,919,1
14,SET,927,1
14,SET,1103,1
14,SET,1271,1
14,SET,1343,1
14,SET,1367,1
14,SET,1455,1
14,SET,1463,1
14,SET,2495,1
15,SET,82,2
15,SET,83,9
15,SET,84,6
15,SET,85,5
15,SET,86,15
15,SET,87,8
15,SET,88,19
15,SET,89,15
15,SET,90,16
15,SET,91,34
15,SET,92,39
15,SET,93,43
15,SET,94,60
15,SET,95,55
15,SET,96,67
15,SET,97,69
15,SET,98,97
15,SET,99,104
15,SET,100,84
15,SET,101,144
15,SET,102,142
15,SET,103,121
15,SET,104,154
15,SET,105,172
15,SET,106,203
15,SET,107,208
15,SET,108,224
15,SET,109,214
15,SET,110,231
15,SET,111,257
15,SET,112,249
15,SET,113,254
15,SET,114,304
15,SET,115,286
15,SET,116,287
15,SET,117,326
15,SET,118,354
15,SET,119,356
15,SET,120,361
15,SET,121,367
15,SET,122,386
15,SET,123,405
15,SET,124,398
15,SET,125,418
15,SET,126,404
15,SET,127,406
15,SET,128,395
15,SET,129,428
15,SET,130,432
15,SET,131,429
15,SET,132,411
15,SET,133,433
15,SET,134,449
15,SET,135,448
15,SET,136,415
15,SET,137,438
15,SET,138,429
15,SET,139,478
15,SET,140,443
15,SET,141,437
15,SET,142,449
15,SET,143,405
15,SET,144,462
15,SET,145,457
15,SET,146,450
15,SET,147,378
15,SET,148,399
15,SET,149,421
15,SET,150,438
15,SET,151,378
15,SET,152,383
15,SET,153,361
15,SET,154,384
15,SET,155,353
15,SET,156,383
15,SET,157,322
15,SET,158,359
15,SET,159,336
15,SET,160,324
15,SET,161,343
15,SET,162,353
15,SET,163,301
15,SET,164,280
15,SET,165,282
15,SET,166,276
15,SET,167,255
15,SET,168,259
15,SET,169,272
15,SET,170,251
15,SET,171,243
15,SET,172,254
15,SET,173,234
15,SET,174,204
15,SET,175,244
15,SET,176,215
15,SET,177,207
15,SET,178,189
15,SET,179,191
15,SET,180,179
15,SET,181,183
15,SET,182,175
15,SET,183,167
15,SET,184,153
15,SET,185,144
15,SET,186,151
15,SET,187,144
15,SET,188,139
15,SET,189,117
15,SET,190,134
15,SET,191,123
15,SET,192,99
15,SET,193,113
15,SET,194,94
15,SET,195,108
15,SET,196,105
15,SET,197,81
15,SET,198,88
15,SET,199,72
15,SET,200,83
15,SET,201,74
15,SET,202,68
15,SET,203,62
15,SET,204,75
15,SET,205,54
15,SET,206,70
15,SET,207,50
15,SET,208,50
15,SET,209,49
15,SET,210,56
15,SET,211,44
15,SET,212,40
15,SET,213,49
15,SET,214,36
15,SET,215,37
15,SET,216,39
15,SET,217,28
15,SET,218,34
15,SET,219,33
15,SET,220,32
15,SET,221,21
15,SET,222,20
15,SET,223,20
15,SET,224,32
15,SET,225,29
15,SET,226,24
15,SET,227,21
15,SET,228,22
15,SET,229,17
15,SET,230,21
15,SET,231,14
15,SET,232,20
15,SET,233,13
15,SET,234,16
15,SET,235,17
15,SET,236,9
15,SET,237,14
15,SET,238,24
15,SET,239,7
15,SET,240,10
15,SET,241,10
15,SET,242,5
15,SET,243,9
15,SET,244,12
15,SET,245,9
15,SET,246,12
15,SET,247,7
15,SET,248,8
15,SET,249,4
15,SET,250,6
15,SET,251,5
15,SET,252,4
15,SET,253,5
15,SET,254,2
15,SET,255,3
15,SET,257,10
15,SET,259,16
15,SET,261,11
15,SET,263,9
15,SET,265,12
15,SET,267,13
15,SET,269,6
15,SET,271,5
15,SET,273,3
15,SET,275,2
15,SET,277,6
15,SET,279,5
15,SET,281,6
15,SET,283,6
15,SET,285,5
15,SET,287,2
15,SET,289,4
15,SET,291,1
15,SET,293,2
15,SET,297,4
15,SET,299,4
15,SET,303,2
15,SET,305,2
15,SET,307,1
15,SET,309,1
15,SET,311,3
15,SET,313,4
15,SET,315,3
15,SET,317,2
15,SET,319,3
15,SET,321,1
15,SET,325,5
15,SET,329,1
15,SET,333,2
15,SET,335,3
15,SET,337,1
15,SET,339,1
15,SET,341,1
15,SET,343,3
15,SET,345,1
15,SET,347,2
15,SET,351,2
15,SET,361,1
15,SET,365,1
15,SET,379,1
15,SET,385,1
15,SET,389,1
15,SET,393,1
15,SET,395,1
15,SET,397,1
15,SET,407,1
15,SET,415,1
15,SET,425,1
15,SET,437,1
15,SET,443,1
15,SET,449,1
15,SET,451,2
15,SET,455,1
15,SET,459,1
15,SET,469,1
15,SET,471,1
15,SET,483,1
15,SET,493,1
15,SET,535,1
15,SET,555,1
15,SET,583,1
15,SET,595,1
15,SET,603,1
15,SET,615,1
15,SET,627,1
15,SET,639,1
15,SET,655,1
15,SET,671,1
15,SET,683,1
15,SET,703,2
15,SET,719,1
15,SET,1039,1
15,SET,1127,1
15,SET,1319,1
15,SET,1407,1
15,SET,1527,1
15,SET,1623,1
15,SET,1767,1
15,SET,2159,1
15,SET,3135,1
15,GET,73,1
15,GET,74,1
15,GET,75,1
15,GET,76,3
15,GET,77,11
15,GET,78,16
15,GET,79,29
15,GET,80,54
15,GET,81,92
15,GET,82,100
15,GET,83,154
15,GET,84,180
15,GET,85,300
15,GET,86,329
15,GET,87,434
15,GET,88,502
15,GET,89,591
15,GET,90,725
15,GET,91,811
15,GET,92,865
15,GET,93,1119
15,GET,94,1286
15,GET,95,1406
15,GET,96,1548
15,GET,97,1776
15,GET,98,1935
15,GET,99,2163
15,GET,100,2314
15,GET,101,2554
15,GET,102,2673
15,GET,103,2978
15,GET,104,3062
15,GET,105,3328
15,GET,106,3446
15,GET,107,3706
15,GET,108,3938
15,GET,109,3946
15,GET,110,4144
15,GET,111,4282
15,GET,112,4568
15,GET,113,4693
15,GET,114,4680
15,GET,115,4892
15,GET,116,5112
15,GET,117,5230
15,GET,118,5389
15,GET,119,5625
15,GET,120,5699
15,GET,121,5742
15,GET,122,5841
15,GET,123,6110
15,GET,124,6121
15,GET,125,6302
15,GET,126,6215
15,GET,127,6308
15,GET,128,6304
15,GET,129,6174
15,GET,130,6296
15,GET,131,6183
15,GET,132,6411
15,GET,133,6174
15,GET,134,6468
15,GET,135,6309
15,GET,136,6250
15,GET,137,6318
15,GET,138,6339
15,GET,139,6147
15,GET,140,6280
15,GET,141,6223
15,GET,142,6192
15,GET,143,6145
15,GET,144,6059
15,GET,145,5929
15,GET,146,5744
15,GET,147,5552
15,GET,148,5530
15,GET,149,5515
15,GET,150,5350
15,GET,151,5187
15,GET,152,5056
15,GET,153,4907
15,GET,154,4776
15,GET,155,4745
15,GET,156,4646
15,GET,157,4450
15,GET,158,4518
15,GET,159,4176
15,GET,160,4291
15,GET,161,4076
15,GET,162,3942
15,GET,163,3759
15,GET,164,3749
15,GET,165,3584
15,GET,166,3521
15,GET,167,3319
15,GET,168,3217
15,GET,169,3082
15,GET,170,3061
15,GET,171,2864
15,GET,172,2861
15,GET,173,2684
15,GET,174,2592
15,GET,175,2541
15,GET,176,2412
15,GET,177,2338
15,GET,178,2237
15,GET,179,2097
15,GET,180,2091
15,GET,181,2041
15,GET,182,1945
15,GET,183,1861
15,GET,184,1747
15,GET,185,1714
15,GET,186,1574
15,GET,187,1592
15,GET,188,1468
15,GET,189,1421
15,GET,190,1406
15,GET,191,1221
15,GET,192,1210
15,GET,193,1144
15,GET,194,1136
15,GET,195,1053
15,GET,196,1066
15,GET,197,967
15,GET,198,926
15,GET,199,878
15,GET,200,873
15,GET,201,815
15,GET,202,763
15,GET,203,752
15,GET,204,702
15,GET,205,668
15,GET,206,593
15,GET,207,619
15,GET,208,511
15,GET,209,508
15,GET,210,520
15,GET,211,519
15,GET,212,471
15,GET,213,448
15,GET,214,451
15,GET,215,423
15,GET,216,394
15,GET,217,386
15,GET,218,371
15,GET,219,349
15,GET,220,332
15,GET,221,329
15,GET,222,295
15,GET,223,283
15,GET,224,287
15,GET,225,259
15,GET,226,237
15,GET,227,224
15,GET,228,249
15,GET,229,195
15,GET,230,173
15,GET,231,208
15,GET,232,183
15,GET,233,159
15,GET,234,142
15,GET,235,127
15,GET,236,160
15,GET,237,115
15,GET,238,132
15,GET,239,115
15,GET,240,127
15,GET,241,125
15,GET,242,119
15,GET,243,92
15,GET,244,118
15,GET,245,111
15,GET,246,87
15,GET,247,78
15,GET,248,83
15,GET,249,64
15,GET,250,77
15,GET,251,77
15,GET,252,69
15,GET,253,62
15,GET,254,61
15,GET,255,63
15,GET,257,94
15,GET,259,115
15,GET,261,96
15,GET,263,87
15,GET,265,80
15,GET,267,93
15,GET,269,65
15,GET,271,69
15,GET,273,53
15,GET,275,63
15,GET,277,54
15,GET,279,40
15,GET,281,45
15,GET,283,54
15,GET,285,34
15,GET,287,37
15,GET,289,40
15,GET,291,35
15,GET,293,32
15,GET,295,32
15,GET,297,33
15,GET,299,33
15,GET,301,39
15,GET,303,23
15,GET,305,33
15,GET,307,31
15,GET,309,23
15,GET,311,23
15,GET,313,27
15,GET,315,30
15,GET,317,24
15,GET,319,28
15,GET,321,19
15,GET,323,19
15,GET,325,14
15,GET,327,13
15,GET,329,19
15,GET,331,20
15,GET,333,12
15,GET,335,16
15,GET,337,21
15,GET,339,18
15,GET,341,17
15,GET,343,15
15,GET,345,14
15,GET,347,15
15,GET,349,17
15,GET,351,19
15,GET,353,15
15,GET,355,15
15,GET,357,12
15,GET,359,9
15,GET,361,15
15,GET,363,14
15,GET,365,13
15,GET,367,11
15,GET,369,18
15,GET,371,10
15,GET,373,11
15,GET,375,10
15,GET,377,5
15,GET,379,12
15,GET,381,13
15,GET,383,8
15,GET,385,10
15,GET,387,7
15,GET,389,9
15,GET,391,5
15,GET,393,4
15,GET,395,3
15,GET,397,5
15,GET,399,5
15,GET,401,4
15,GET,403,6
15,GET,405,6
15,GET,407,9
15,GET,409,4
15,GET,411,5
15,GET,413,4
15,GET,415,6
15,GET,417,7
15,GET,419,6
15,GET,421,6
15,GET,423,7
15,GET,425,6
15,GET,427,7
15,GET,429,5
15,GET,431,5
15,GET,433,4
15,GET,435,4
15,GET,437,3
15,GET,439,6
15,GET,441,5
15,GET,443,4
15,GET,445,6
15,GET,447,4
15,GET,449,7
15,GET,451,5
15,GET,453,4
15,GET,455,2
15,GET,457,5
15,GET,459,8
15,GET,461,2
15,GET,463,1
15,GET,465,2
15,GET,467,1
15,GET,469,4
15,GET,471,5
15,GET,473,4
15,GET,475,5
15,GET,477,1
15,GET,479,3
15,GET,481,3
15,GET,485,2
15,GET,487,2
15,GET,489,3
15,GET,491,2
15,GET,493,4
15,GET,495,3
15,GET,497,1
15,GET,499,1
15,GET,501,1
15,GET,503,2
15,GET,505,4
15,GET,507,4
15,GET,509,9
15,GET,511,1
15,GET,515,3
15,GET,519,6
15,GET,523,4
15,GET,527,4
15,GET,531,5
15,GET,535,7
15,GET,539,5
15,GET,543,7
15,GET,547,5
15,GET,551,4
15,GET,555,4
15,GET,559,3
15,GET,563,8
15,GET,567,4
15,GET,571,4
15,GET,575,1
15,GET,579,3
15,GET,583,4
15,GET,587,4
15,GET,591,4
15,GET,595,4
15,GET,599,5
15,GET,603,3
15,GET,607,2
15,GET,611,5
15,GET,615,3
15,GET,619,1
15,GET,623,3
15,GET,627,3
15,GET,631,2
15,GET,635,3
15,GET,639,1
15,GET,643,5
15,GET,651,3
15,GET,655,2
15,GET,659,6
15,GET,663,1
15,GET,667,4
15,GET,671,3
15,GET,675,1
15,GET,679,6
15,GET,683,4
15,GET,687,1
15,GET,691,2
15,GET,695,1
15,GET,699,2
15,GET,703,1
15,GET,707,2
15,GET,715,1
15,GET,719,1
15,GET,723,2
15,GET,731,1
15,GET,735,4
15,GET,743,2
15,GET,751,1
15,GET,759,2
15,GET,763,2
15,GET,767,1
15,GET,771,1
15,GET,775,1
15,GET,779,1
15,GET,783,2
15,GET,807,1
15,GET,811,1
15,GET,831,1
15,GET,839,1
15,GET,859,2
15,GET,879,2
15,GET,883,1
15,GET,891,2
15,GET,907,1
15,GET,911,1
15,GET,923,1
15,GET,951,1
15,GET,959,1
15,GET,971,2
15,GET,1007,2
15,GET,1011,1
15,GET,1015,3
15,GET,1039,3
15,GET,1047,1
15,GET,1071,1
15,GET,1079,1
15,GET,1095,1
15,GET,1103,3
15,GET,1119,1
15,GET,1135,1
15,GET,1143,1
15,GET,1151,1
15,GET,1167,1
15,GET,1183,1
15,GET,1191,3
15,GET,1199,1
15,GET,1215,2
15,GET,1223,1
15,GET,1231,1
15,GET,1239,2
15,GET,1255,1
15,GET,1271,1
15,GET,1295,1
15,GET,1303,1
15,GET,1311,2
15,GET,1319,2
15,GET,1335,1
15,GET,1351,1
15,GET,1359,2
15,GET,1367,1
15,GET,1375,2
15,GET,1383,1
15,GET,1415,2
15,GET,1423,2
15,GET,1439,1
15,GET,1479,2
15,GET,1487,1
15,GET,1495,1
15,GET,1503,1
15,GET,1527,1
15,GET,1535,2
15,GET,1559,1
15,GET,1583,3
15,GET,1607,2
15,GET,1679,1
15,GET,1687,2
15,GET,1703,1
15,GET,1711,3
15,GET,1751,2
15,GET,1759,1
15,GET,1767,1
15,GET,1807,1
15,GET,1815,1
15,GET,1823,1
15,GET,1847,1
15,GET,1855,1
15,GET,1903,1
15,GET,1911,1
15,GET,1943,1
15,GET,1959,1
15,GET,1983,1
15,GET,2063,2
15,GET,2111,1
15,GET,2159,2
15,GET,2207,1
15,GET,2271,1
15,GET,2431,1
15,GET,2447,1
15,GET,2543,1
15,GET,2607,1
15,GET,2623,1
15,GET,2959,1
15,GET,3855,1
15,GET,4287,1
15,GET,4511,1
15,GET,5727,1
15,GET,6399,1
15,GET,6975,1
15,GET,7327,1
15,DEL,74,1
15,DEL,77,2
15,DEL,78,4
15,DEL,79,10
15,DEL,80,10
15,DEL,81,21
15,DEL,82,34
15,DEL,83,50
15,DEL,84,72
15,DEL,85,87
15,DEL,86,96
15,DEL,87,126
15,DEL,88,155
15,DEL,89,173
15,DEL,90,237
15,DEL,91,274
15,DEL,92,258
15,DEL,93,329
15,DEL,94,434
15,DEL,95,435
15,DEL,96,509
15,DEL,97,542
15,DEL,98,624
15,DEL,99,725
15,DEL,100,813
15,DEL,101,816
15,DEL,102,946
15,DEL,103,1022
15,DEL,104,992
15,DEL,105,1118
15,DEL,106,1167
15,DEL,107,1266
15,DEL,108,1248
15,DEL,109,1371
15,DEL,110,1370
15,DEL,111,1466
15,DEL,112,1518
15,DEL,113,1624
15,DEL,114,1640
15,DEL,115,1693
15,DEL,116,1694
15,DEL,117,1768
15,DEL,118,1880
15,DEL,119,2074
15,DEL,120,1977
15,DEL,121,2100
15,DEL,122,2106
15,DEL,123,2174
15,DEL,124,2190
15,DEL,125,2139
15,DEL,126,2182
15,DEL,127,2233
15,DEL,128,2189
15,DEL,129,2228
15,DEL,130,2287
15,DEL,131,2248
15,DEL,132,2217
15,DEL,133,2229
15,DEL,134,2222
15,DEL,135,2278
15,DEL,136,2310
15,DEL,137,2203
15,DEL,138,2311
15,DEL,139,2165
15,DEL,140,2269
15,DEL,141,2178
15,DEL,142,2200
15,DEL,143,2201
15,DEL,144,2183
15,DEL,145,2173
15,DEL,146,2171
15,DEL,147,1960
15,DEL,148,2096
15,DEL,149,2018
15,DEL,150,1977
15,DEL,151,1874
15,DEL,152,1798
15,DEL,153,1823
15,DEL,154,1758
15,DEL,155,1713
15,DEL,156,1634
15,DEL,157,1633
15,DEL,158,1603
15,DEL,159,1517
15,DEL,160,1534
15,DEL,161,1519
15,DEL,162,1488
15,DEL,163,1420
15,DEL,164,1405
15,DEL,165,1339
15,DEL,166,1275
15,DEL,167,1278
15,DEL,168,1159
15,DEL,169,1191
15,DEL,170,1113
15,DEL,171,1081
15,DEL,172,1063
15,DEL,173,1002
15,DEL,174,941
15,DEL,175,890
15,DEL,176,906
15,DEL,177,868
15,DEL,178,855
15,DEL,179,811
15,DEL,180,762
15,DEL,181,766
15,DEL,182,695
15,DEL,183,661
15,DEL,184,664
15,DEL,185,607
15,DEL,186,609
15,DEL,187,588
15,DEL,188,548
15,DEL,189,526
15,DEL,190,465
15,DEL,191,471
15,DEL,192,431
15,DEL,193,430
15,DEL,194,453
15,DEL,195,390
15,DEL,196,383
15,DEL,197,363
15,DEL,198,352
15,DEL,199,335
15,DEL,200,283
15,DEL,201,280
15,DEL,202,300
15,DEL,203,281
15,DEL,204,252
15,DEL,205,237
15,DEL,206,251
15,DEL,207,238
15,DEL,208,210
15,DEL,209,190
15,DEL,210,164
15,DEL,211,174
15,DEL,212,189
15,DEL,213,150
15,DEL,214,166
15,DEL,215,155
15,DEL,216,148
15,DEL,217,115
15,DEL,218,126
15,DEL,219,120
15,DEL,220,126
15,DEL,221,117
15,DEL,222,123
15,DEL,223,109
15,DEL,224,110
15,DEL,225,90
15,DEL,226,83
15,DEL,227,85
15,DEL,228,79
15,DEL,229,82
15,DEL,230,71
15,DEL,231,76
15,DEL,232,71
15,DEL,233,69
15,DEL,234,57
15,DEL,235,51
15,DEL,236,55
15,DEL,237,60
15,DEL,238,52
15,DEL,239,57
15,DEL,240,43
15,DEL,241,55
15,DEL,242,28
15,DEL,243,32
15,DEL,244,35
15,DEL,245,40
15,DEL,246,37
15,DEL,247,31
15,DEL,248,28
15,DEL,249,29
15,DEL,250,24
15,DEL,251,29
15,DEL,252,23
15,DEL,253,19
15,DEL,254,22
15,DEL,255,16
15,DEL,257,39
15,DEL,259,42
15,DEL,261,43
15,DEL,263,34
15,DEL,265,30
15,DEL,267,33
15,DEL,269,22
15,DEL,271,32
15,DEL,273,20
15,DEL,275,16
15,DEL,277,17
15,DEL,279,18
15,DEL,281,11
15,DEL,283,21
15,DEL,285,20
15,DEL,287,13
15,DEL,289,11
15,DEL,291,19
15,DEL,293,18
15,DEL,295,13
15,DEL,297,10
15,DEL,299,10
15,DEL,301,14
15,DEL,303,11
15,DEL,305,5
15,DEL,307,8
15,DEL,309,13
15,DEL,311,16
15,DEL,313,9
15,DEL,315,11
15,DEL,317,6
15,DEL,319,9
15,DEL,321,9
15,DEL,323,8
15,DEL,325,11
15,DEL,327,8
15,DEL,329,7
15,DEL,331,3
15,DEL,333,6
15,DEL,335,3
15,DEL,337,7
15,DEL,339,7
15,DEL,341,4
15,DEL,343,5
15,DEL,345,7
15,DEL,347,10
15,DEL,349,4
15,DEL,351,4
15,DEL,353,4
15,DEL,355,10
15,DEL,357,6
15,DEL,359,6
15,DEL,361,5
15,DEL,363,4
15,DEL,365,3
15,DEL,367,4
15,DEL,371,3
15,DEL,373,2
15,DEL,375,2
15,DEL,377,2
15,DEL,379,3
15,DEL,383,2
15,DEL,385,2
15,DEL,387,5
15,DEL,389,3
15,DEL,391,4
15,DEL,393,4
15,DEL,395,3
15,DEL,397,3
15,DEL,399,1
15,DEL,401,2
15,DEL,403,1
15,DEL,405,1
15,DEL,407,1
15,DEL,409,2
15,DEL,411,2
15,DEL,413,4
15,DEL,415,3
15,DEL,417,1
15,DEL,419,2
15,DEL,423,1
15,DEL,425,1
15,DEL,429,4
15,DEL,431,1
15,DEL,433,1
15,DEL,435,2
15,DEL,437,4
15,DEL,441,4
15,DEL,443,1
15,DEL,449,1
15,DEL,451,1
15,DEL,455,2
15,DEL,457,1
15,DEL,461,1
15,DEL,463,2
15,DEL,467,3
15,DEL,469,1
15,DEL,479,1
15,DEL,481,1
15,DEL,485,1
15,DEL,489,1
15,DEL,491,3
15,DEL,495,1
15,DEL,499,1
15,DEL,501,1
15,DEL,503,3
15,DEL,505,2
15,DEL,515,2
15,DEL,519,1
15,DEL,527,1
15,DEL,531,2
15,DEL,535,2
15,DEL,539,2
15,DEL,543,3
15,DEL,551,3
15,DEL,555,3
15,DEL,559,2
15,DEL,563,3
15,DEL,571,3
15,DEL,583,1
15,DEL,587,1
15,DEL,595,2
15,DEL,599,2
15,DEL,603,1
15,DEL,619,1
15,DEL,627,1
15,DEL,635,1
15,DEL,639,1
15,DEL,643,1
15,DEL,647,3
15,DEL,651,1
15,DEL,671,3
15,DEL,675,2
15,DEL,683,1
15,DEL,691,1
15,DEL,699,1
15,DEL,707,2
15,DEL,711,1
15,DEL,719,3
15,DEL,723,1
15,DEL,731,2
15,DEL,735,2
15,DEL,747,1
15,DEL,751,1
15,DEL,759,1
15,DEL,779,1
15,DEL,787,1
15,DEL,795,2
15,DEL,823,1
15,DEL,971,1
15,DEL,991,1
15,DEL,1003,1
15,DEL,1031,1
15,DEL,1135,1
15,DEL,1151,1
15,DEL,1191,1
15,DEL,1215,1
15,DEL,1231,1
15,DEL,1383,1
15,DEL,1399,2
15,DEL,1423,1
15,DEL,1431,1
15,DEL,1455,1
15,DEL,1535,1
15,DEL,1583,1
15,DEL,1599,1
15,DEL,1639,1
15,DEL,1671,1
15,DEL,1703,1
15,DEL,1751,1
15,DEL,1903,1
15,DEL,1919,2
15,DEL,1943,1
15,DEL,1975,1
15,DEL,2063,1
15,DEL,2095,1
15,DEL,2111,1
15,DEL,2175,1
15,DEL,2207,1
15,DEL,2303,1
15,DEL,2319,1
15,DEL,2431,1
15,DEL,2447,1
15,DEL,2623,1
15,DEL,2815,1
15,DEL,3631,1
15,DEL,4703,1
15,DEL,5855,1
16,GET,73,1
16,GET,75,4
16,GET,76,8
16,GET,77,16
16,GET,78,19
16,GET,79,33
16,GET,80,52
16,GET,81,95
16,GET,82,109
16,GET,83,179
16,GET,84,206
16,GET,85,290
16,GET,86,395
16,GET,87,468
16,GET,88,561
16,GET,89,650
16,GET,90,756
16,GET,91,826
16,GET,92,900
16,GET,93,1145
16,GET,94,1276
16,GET,95,1419
16,GET,96,1612
16,GET,97,1829
16,GET,98,1923
16,GET,99,2226
16,GET,100,2391
16,GET,101,2513
16,GET,102,2857
16,GET,103,2998
16,GET,104,3130
16,GET,105,3451
16,GET,106,3593
16,GET,107,3675
16,GET,108,3930
16,GET,109,4080
16,GET,110,4174
16,GET,111,4339
16,GET,112,4531
16,GET,113,4617
16,GET,114,4955
16,GET,115,5052
16,GET,116,5208
16,GET,117,5352
16,GET,118,5499
16,GET,119,5518
16,GET,120,5841
16,GET,121,5972
16,GET,122,6063
16,GET,123,6161
16,GET,124,6218
16,GET,125,6232
16,GET,126,6448
16,GET,127,6448
16,GET,128,6393
16,GET,129,6485
16,GET,130,6363
16,GET,131,6533
16,GET,132,6260
16,GET,133,6395
16,GET,134,6323
16,GET,135,6346
16,GET,136,6484
16,GET,137,6389
16,GET,138,6402
16,GET,139,6143
16,GET,140,6486
16,GET,141,6266
16,GET,142,6215
16,GET,143,6142
16,GET,144,5983
16,GET,145,5968
16,GET,146,5848
16,GET,147,5844
16,GET,148,5676
16,GET,149,5418
16,GET,150,5505
16,GET,151,5214
16,GET,152,5136
16,GET,153,5042
16,GET,154,4935
16,GET,155,4878
16,GET,156,4669
16,GET,157,4578
16,GET,158,4401
16,GET,159,4223
16,GET,160,4138
16,GET,161,4018
16,GET,162,3940
16,GET,163,3672
16,GET,164,3644
16,GET,165,3520
16,GET,166,3488
16,GET,167,3310
16,GET,168,3222
16,GET,169,3029
16,GET,170,2856
16,GET,171,2849
16,GET,172,2789
16,GET,173,2637
16,GET,174,2578
16,GET,175,2367
16,GET,176,2302
16,GET,177,2280
16,GET,178,2195
16,GET,179,2056
16,GET,180,2090
16,GET,181,1920
16,GET,182,1778
16,GET,183,1762
16,GET,184,1744
16,GET,185,1635
16,GET,186,1544
16,GET,187,1486
16,GET,188,1389
16,GET,189,1291
16,GET,190,1248
16,GET,191,1217
16,GET,192,1123
16,GET,193,1160
16,GET,194,1049
16,GET,195,1009
16,GET,196,954
16,GET,197,943
16,GET,198,883
16,GET,199,825
16,GET,200,780
16,GET,201,713
16,GET,202,735
16,GET,203,669
16,GET,204,600
16,GET,205,642
16,GET,206,535
16,GET,207,549
16,GET,208,526
16,GET,209,540
16,GET,210,461
16,GET,211,466
16,GET,212,444
16,GET,213,395
16,GET,214,391
16,GET,215,349
16,GET,216,328
16,GET,217,347
16,GET,218,339
16,GET,219,321
16,GET,220,320
16,GET,221,310
16,GET,222,252
16,GET,223,247
16,GET,224,240
16,GET,225,205
16,GET,226,201
16,GET,227,209
16,GET,228,190
16,GET,229,170
16,GET,230,159
16,GET,231,168
16,GET,232,137
16,GET,233,128
16,GET,234,147
16,GET,235,155
16,GET,236,127
16,GET,237,119
16,GET,238,99
16,GET,239,102
16,GET,240,119
16,GET,241,102
16,GET,242,85
16,GET,243,106
16,GET,244,96
16,GET,245,96
16,GET,246,87
16,GET,247,63
16,GET,248,70
16,GET,249,74
16,GET,250,60
16,GET,251,63
16,GET,252,53
16,GET,253,62
16,GET,254,49
16,GET,255,50
16,GET,257,105
16,GET,259,88
16,GET,261,91
16,GET,263,68
16,GET,265,79
16,GET,267,71
16,GET,269,61
16,GET,271,64
16,GET,273,58
16,GET,275,47
16,GET,277,44
16,GET,279,47
16,GET,281,46
16,GET,283,43
16,GET,285,33
16,GET,287,38
16,GET,289,34
16,GET,291,28
16,GET,293,39
16,GET,295,33
16,GET,297,35
16,GET,299,26
16,GET,301,22
16,GET,303,11
16,GET,305,21
16,GET,307,23
16,GET,309,21
16,GET,311,13
16,GET,313,14
16,GET,315,19
16,GET,317,23
16,GET,319,19
16,GET,321,15
16,GET,323,25
16,GET,325,16
16,GET,327,13
16,GET,329,16
16,GET,331,15
16,GET,333,19
16,GET,335,11
16,GET,337,16
16,GET,339,10
16,GET,341,12
16,GET,343,10
16,GET,345,15
16,GET,347,10
16,GET,349,8
16,GET,351,11
16,GET,353,14
16,GET,355,5
16,GET,357,10
16,GET,359,14
16,GET,361,10
16,GET,363,8
16,GET,365,9
16,GET,367,9
16,GET,369,3
16,GET,371,9
16,GET,373,6
16,GET,375,4
16,GET,377,11
16,GET,379,9
16,GET,381,10
16,GET,383,6
16,GET,385,5
16,GET,387,8
16,GET,389,6
16,GET,391,6
16,GET,393,10
16,GET,395,5
16,GET,397,5
16,GET,399,9
16,GET,401,4
16,GET,403,4
16,GET,405,5
16,GET,407,4
16,GET,409,4
16,GET,411,7
16,GET,413,7
16,GET,415,5
16,GET,417,9
16,GET,419,2
16,GET,421,6
16,GET,423,5
16,GET,425,3
16,GET,427,2
16,GET,429,4
16,GET,431,2
16,GET,433,5
16,GET,435,1
16,GET,439,3
16,GET,443,2
16,GET,445,4
16,GET,447,4
16,GET,449,5
16,GET,451,3
16,GET,453,2
16,GET,455,5
16,GET,457,2
16,GET,459,2
16,GET,461,5
16,GET,463,2
16,GET,465,1
16,GET,467,1
16,GET,469,6
16,GET,471,4
16,GET,473,5
16,GET,477,2
16,GET,479,2
16,GET,481,2
16,GET,483,4
16,GET,485,1
16,GET,487,1
16,GET,489,1
16,GET,491,1
16,GET,493,1
16,GET,495,2
16,GET,497,1
16,GET,499,1
16,GET,501,1
16,GET,503,3
16,GET,505,3
16,GET,507,2
16,GET,509,1
16,GET,511,1
16,GET,515,3
16,GET,519,2
16,GET,523,2
16,GET,527,3
16,GET,531,1
16,GET,535,7
16,GET,539,1
16,GET,543,4
16,GET,547,5
16,GET,551,3
16,GET,555,3
16,GET,559,5
16,GET,563,3
16,GET,567,4
16,GET,571,3
16,GET,575,1
16,GET,579,3
16,GET,583,5
16,GET,587,2
16,GET,591,2
16,GET,595,3
16,GET,599,4
16,GET,603,1
16,GET,607,4
16,GET,611,1
16,GET,615,2
16,GET,619,3
16,GET,627,2
16,GET,631,1
16,GET,635,1
16,GET,639,1
16,GET,643,1
16,GET,647,4
16,GET,651,2
16,GET,655,8
16,GET,659,3
16,GET,663,3
16,GET,667,1
16,GET,671,2
16,GET,675,2
16,GET,679,1
16,GET,683,4
16,GET,687,1
16,GET,691,1
16,GET,695,3
16,GET,699,2
16,GET,703,1
16,GET,707,1
16,GET,711,5
16,GET,715,2
16,GET,719,3
16,GET,727,2
16,GET,731,1
16,GET,735,1
16,GET,739,2
16,GET,743,1
16,GET,759,2
16,GET,763,3
16,GET,767,1
16,GET,771,1
16,GET,775,2
16,GET,783,1
16,GET,787,2
16,GET,791,1
16,GET,803,2
16,GET,807,1
16,GET,811,3
16,GET,815,1
16,GET,843,1
16,GET,871,1
16,GET,875,2
16,GET,911,1
16,GET,919,1
16,GET,927,1
16,GET,931,1
16,GET,963,1
16,GET,975,1
16,GET,979,1
16,GET,995,1
16,GET,1019,1
16,GET,1023,1
16,GET,1071,1
16,GET,1079,1
16,GET,1087,1
16,GET,1095,1
16,GET,1103,1
16,GET,1119,1
16,GET,1143,1
16,GET,1151,1
16,GET,1159,1
16,GET,1167,2
16,GET,1183,1
16,GET,1191,1
16,GET,1199,3
16,GET,1223,2
16,GET,1231,2
16,GET,1239,1
16,GET,1255,1
16,GET,1279,1
16,GET,1287,1
16,GET,1295,2
16,GET,1319,2
16,GET,1351,1
16,GET,1399,1
16,GET,1439,1
16,GET,1455,2
16,GET,1463,2
16,GET,1479,1
16,GET,1487,1
16,GET,1503,2
16,GET,1511,1
16,GET,1527,2
16,GET,1535,1
16,GET,1543,1
16,GET,1567,1
16,GET,1599,1
16,GET,1615,1
16,GET,1647,3
16,GET,1663,1
16,GET,1687,1
16,GET,1695,1
16,GET,1703,2
16,GET,1727,1
16,GET,1735,1
16,GET,1791,1
16,GET,1799,1
16,GET,1807,1
16,GET,1823,1
16,GET,1831,1
16,GET,1839,1
16,GET,1847,1
16,GET,1911,1
16,GET,1919,1
16,GET,1927,2
16,GET,1951,1
16,GET,1983,1
16,GET,2007,1
16,GET,2095,1
16,GET,2111,1
16,GET,2223,1
16,GET,2239,1
16,GET,2255,1
16,GET,2287,2
16,GET,2415,3
16,GET,2655,1
16,GET,2815,2
16,GET,2847,1
16,GET,3055,1
16,GET,3471,1
16,GET,3919,1
16,GET,4607,1
16,GET,5183,1
16,GET,6495,1
16,GET,7007,1
16,GET,7679,1
16,DEL,73,1
16,DEL,76,3
16,DEL,77,5
16,DEL,78,4
16,DEL,79,16
16,DEL,80,15
16,DEL,81,18
16,DEL,82,32
16,DEL,83,41
16,DEL,84,55
16,DEL,85,92
16,DEL,86,111
16,DEL,87,126
16,DEL,88,159
16,DEL,89,198
16,DEL,90,248
16,DEL,91,302
16,DEL,92,344
16,DEL,93,370
16,DEL,94,421
16,DEL,95,510
16,DEL,96,528
16,DEL,97,585
16,DEL,98,688
16,DEL,99,720
16,DEL,100,775
16,DEL,101,826
16,DEL,102,974
16,DEL,103,1028
16,DEL,104,1101
16,DEL,105,1084
16,DEL,106,1187
16,DEL,107,1341
16,DEL,108,1302
16,DEL,109,1464
16,DEL,110,1394
16,DEL,111,1492
16,DEL,112,1571
16,DEL,113,1574
16,DEL,114,1648
16,DEL,115,1752
16,DEL,116,1767
16,DEL,117,1833
16,DEL,118,1889
16,DEL,119,2032
16,DEL,120,2018
16,DEL,121,2097
16,DEL,122,2110
16,DEL,123,2116
16,DEL,124,2155
16,DEL,125,2233
16,DEL,126,2195
16,DEL,127,2157
16,DEL,128,2207
16,DEL,129,2285
16,DEL,130,2330
16,DEL,131,2325
16,DEL,132,2245
16,DEL,133,2214
16,DEL,134,2272
16,DEL,135,2162
16,DEL,136,2286
16,DEL,137,2329
16,DEL,138,2263
16,DEL,139,2226
16,DEL,140,2268
16,DEL,141,2215
16,DEL,142,2223
16,DEL,143,2247
16,DEL,144,2151
16,DEL,145,2042
16,DEL,146,2072
16,DEL,147,1977
16,DEL,148,1992
16,DEL,149,2074
16,DEL,150,1966
16,DEL,151,1968
16,DEL,152,1858
16,DEL,153,1803
16,DEL,154,1815
16,DEL,155,1700
16,DEL,156,1697
16,DEL,157,1662
16,DEL,158,1573
16,DEL,159,1549
16,DEL,160,1547
16,DEL,161,1450
16,DEL,162,1421
16,DEL,163,1449
16,DEL,164,1261
16,DEL,165,1249
16,DEL,166,1252
16,DEL,167,1233
16,DEL,168,1119
16,DEL,169,1086
16,DEL,170,1110
16,DEL,171,1048
16,DEL,172,1031
16,DEL,173,973
16,DEL,174,928
16,DEL,175,935
16,DEL,176,810
16,DEL,177,822
16,DEL,178,789
16,DEL,179,798
16,DEL,180,730
16,DEL,181,730
16,DEL,182,609
16,DEL,183,670
16,DEL,184,658
16,DEL,185,624
16,DEL,186,581
16,DEL,187,501
16,DEL,188,499
16,DEL,189,503
16,DEL,190,463
16,DEL,191,467
16,DEL,192,453
16,DEL,193,410
16,DEL,194,391
16,DEL,195,356
16,DEL,196,379
16,DEL,197,296
16,DEL,198,334
16,DEL,199,350
16,DEL,200,298
16,DEL,201,279
16,DEL,202,273
16,DEL,203,283
16,DEL,204,236
16,DEL,205,179
16,DEL,206,232
16,DEL,207,187
16,DEL,208,212
16,DEL,209,186
16,DEL,210,170
16,DEL,211,194
16,DEL,212,165
16,DEL,213,140
16,DEL,214,151
16,DEL,215,145
16,DEL,216,125
16,DEL,217,121
16,DEL,218,131
16,DEL,219,129
16,DEL,220,99
16,DEL,221,108
16,DEL,222,99
16,DEL,223,73
16,DEL,224,100
16,DEL,225,91
16,DEL,226,86
16,DEL,227,75
16,DEL,228,70
16,DEL,229,62
16,DEL,230,64
16,DEL,231,66
16,DEL,232,68
16,DEL,233,62
16,DEL,234,59
16,DEL,235,49
16,DEL,236,45
16,DEL,237,42
16,DEL,238,47
16,DEL,239,43
16,DEL,240,39
16,DEL,241,33
16,DEL,242,36
16,DEL,243,39
16,DEL,244,31
16,DEL,245,32
16,DEL,246,28
16,DEL,247,23
16,DEL,248,30
16,DEL,249,26
16,DEL,250,20
16,DEL,251,24
16,DEL,252,28
16,DEL,253,27
16,DEL,254,18
16,DEL,255,19
16,DEL,257,49
16,DEL,259,27
16,DEL,261,31
16,DEL,263,19
16,DEL,265,23
16,DEL,267,28
16,DEL,269,19
16,DEL,271,27
16,DEL,273,21
16,DEL,275,18
16,DEL,277,16
16,DEL,279,19
16,DEL,281,10
16,DEL,283,9
16,DEL,285,11
16,DEL,287,14
16,DEL,289,10
16,DEL,291,11
16,DEL,293,12
16,DEL,295,13
16,DEL,297,5
16,DEL,299,8
16,DEL,301,7
16,DEL,303,12
16,DEL,305,14
16,DEL,307,8
16,DEL,309,5
16,DEL,311,6
16,DEL,313,8
16,DEL,315,6
16,DEL,317,6
16,DEL,319,3
16,DEL,321,7
16,DEL,323,3
16,DEL,325,4
16,DEL,327,6
16,DEL,329,3
16,DEL,331,5
16,DEL,333,3
16,DEL,335,3
16,DEL,337,4
16,DEL,339,3
16,DEL,341,6
16,DEL,343,1
16,DEL,345,5
16,DEL,347,4
16,DEL,349,3
16,DEL,351,2
16,DEL,353,6
16,DEL,355,8
16,DEL,357,5
16,DEL,361,4
16,DEL,363,1
16,DEL,365,2
16,DEL,367,5
16,DEL,369,2
16,DEL,371,5
16,DEL,373,1
16,DEL,375,4
16,DEL,377,3
16,DEL,379,1
16,DEL,381,6
16,DEL,383,2
16,DEL,385,1
16,DEL,387,3
16,DEL,389,2
16,DEL,391,4
16,DEL,393,2
16,DEL,395,5
16,DEL,397,1
16,DEL,399,1
16,DEL,401,1
16,DEL,403,2
16,DEL,405,1
16,DEL,407,4
16,DEL,409,2
16,DEL,411,4
16,DEL,413,1
16,DEL,415,2
16,DEL,417,3
16,DEL,423,3
16,DEL,425,1
16,DEL,427,2
16,DEL,429,2
16,DEL,431,1
16,DEL,433,1
16,DEL,439,1
16,DEL,441,1
16,DEL,443,1
16,DEL,445,2
16,DEL,447,1
16,DEL,453,3
16,DEL,461,2
16,DEL,465,1
16,DEL,467,1
16,DEL,473,1
16,DEL,475,1
16,DEL,485,1
16,DEL,487,1
16,DEL,489,1
16,DEL,495,1
16,DEL,503,1
16,DEL,505,3
16,DEL,507,2
16,DEL,511,1
16,DEL,515,1
16,DEL,519,1
16,DEL,523,2
16,DEL,527,1
16,DEL,535,1
16,DEL,539,2
16,DEL,543,2
16,DEL,547,1
16,DEL,551,1
16,DEL,555,2
16,DEL,567,1
16,DEL,579,3
16,DEL,583,3
16,DEL,587,1
16,DEL,591,2
16,DEL,595,1
16,DEL,603,1
16,DEL,611,3
16,DEL,615,2
16,DEL,619,3
16,DEL,623,3
16,DEL,627,3
16,DEL,631,1
16,DEL,635,3
16,DEL,651,1
16,DEL,659,2
16,DEL,663,1
16,DEL,671,1
16,DEL,675,2
16,DEL,683,2
16,DEL,687,1
16,DEL,691,1
16,DEL,695,1
16,DEL,699,2
16,DEL,707,1
16,DEL,711,1
16,DEL,719,1
16,DEL,723,1
16,DEL,727,1
16,DEL,735,1
16,DEL,743,2
16,DEL,747,1
16,DEL,751,2
16,DEL,759,3
16,DEL,771,1
16,DEL,775,2
16,DEL,787,1
16,DEL,803,1
16,DEL,843,1
16,DEL,855,1
16,DEL,867,1
16,DEL,871,2
16,DEL,939,1
16,DEL,947,1
16,DEL,1011,1
16,DEL,1055,1
16,DEL,1071,1
16,DEL,1111,1
16,DEL,1175,1
16,DEL,1199,1
16,DEL,1247,1
16,DEL,1295,1
16,DEL,1319,1
16,DEL,1343,1
16,DEL,1423,1
16,DEL,1455,1
16,DEL,1463,1
16,DEL,1591,1
16,DEL,1607,1
16,DEL,1615,2
16,DEL,1623,2
16,DEL,1647,1
16,DEL,1655,1
16,DEL,1727,1
16,DEL,1855,1
16,DEL,1919,1
16,DEL,1959,1
16,DEL,2015,1
16,DEL,2287,1
16,DEL,2495,1
16,DEL,3167,1
16,DEL,3215,1
16,DEL,3871,1
16,DEL,4191,1
16,SET,80,1
16,SET,82,1
16,SET,83,6
16,SET,84,5
16,SET,85,6
16,SET,86,12
16,SET,87,8
16,SET,88,15
16,SET,89,20
16,SET,90,25
16,SET,91,32
16,SET,92,46
16,SET,93,49
16,SET,94,55
16,SET,95,64
16,SET,96,58
16,SET,97,82
16,SET,98,92
16,SET,99,108
16,SET,100,125
16,SET,101,137
16,SET,102,145
16,SET,103,164
16,SET,104,177
16,SET,105,188
16,SET,106,204
16,SET,107,207
16,SET,108,192
16,SET,109,247
16,SET,110,232
16,SET,111,250
16,SET,112,262
16,SET,113,259
16,SET,114,299
16,SET,115,314
16,SET,116,304
16,SET,117,318
16,SET,118,356
16,SET,119,354
16,SET,120,354
16,SET,121,379
16,SET,122,368
16,SET,123,408
16,SET,124,386
16,SET,125,394
16,SET,126,410
16,SET,127,416
16,SET,128,453
16,SET,129,448
16,SET,130,446
16,SET,131,418
16,SET,132,432
16,SET,133,460
16,SET,134,426
16,SET,135,452
16,SET,136,497
16,SET,137,459
16,SET,138,424
16,SET,139,454
16,SET,140,473
16,SET,141,482
16,SET,142,453
16,SET,143,469
16,SET,144,435
16,SET,145,458
16,SET,146,446
16,SET,147,387
16,SET,148,419
16,SET,149,404
16,SET,150,402
16,SET,151,413
16,SET,152,416
16,SET,153,370
16,SET,154,389
16,SET,155,353
16,SET,156,358
16,SET,157,345
16,SET,158,335
16,SET,159,352
16,SET,160,355
16,SET,161,324
16,SET,162,306
16,SET,163,295
16,SET,164,315
16,SET,165,270
16,SET,166,290
16,SET,167,258
16,SET,168,268
16,SET,169,258
16,SET,170,248
16,SET,171,239
16,SET,172,221
16,SET,173,193
16,SET,174,200
16,SET,175,218
16,SET,176,199
16,SET,177,211
16,SET,178,198
16,SET,179,179
16,SET,180,173
16,SET,181,151
16,SET,182,173
16,SET,183,144
16,SET,184,140
16,SET,185,149
16,SET,186,136
16,SET,187,137
16,SET,188,129
16,SET,189,121
16,SET,190,112
16,SET,191,115
16,SET,192,95
16,SET,193,117
16,SET,194,99
16,SET,195,89
16,SET,196,67
16,SET,197,82
16,SET,198,86
16,SET,199,74
16,SET,200,83
16,SET,201,70
16,SET,202,59
16,SET,203,61
16,SET,204,59
16,SET,205,58
16,SET,206,59
16,SET,207,38
16,SET,208,45
16,SET,209,41
16,SET,210,44
16,SET,211,43
16,SET,212,43
16,SET,213,28
16,SET,214,36
16,SET,215,40
16,SET,216,36
16,SET,217,33
16,SET,218,26
16,SET,219,31
16,SET,220,21
16,SET,221,24
16,SET,222,16
16,SET,223,22
16,SET,224,27
16,SET,225,23
16,SET,226,16
16,SET,227,15
16,SET,228,18
16,SET,229,18
16,SET,230,31
16,SET,231,18
16,SET,232,16
16,SET,233,19
16,SET,234,19
16,SET,235,15
16,SET,236,19
16,SET,237,9
16,SET,238,13
16,SET,239,9
16,SET,240,14
16,SET,241,11
16,SET,242,14
16,SET,243,10
16,SET,244,7
16,SET,245,11
16,SET,246,4
16,SET,247,9
16,SET,248,7
16,SET,249,6
16,SET,250,4
16,SET,251,7
16,SET,252,8
16,SET,253,4
16,SET,254,4
16,SET,255,2
16,SET,257,4
16,SET,259,5
16,SET,261,9
16,SET,263,14
16,SET,265,11
16,SET,267,5
16,SET,269,6
16,SET,271,6
16,SET,273,6
16,SET,275,6
16,SET,277,2
16,SET,279,3
16,SET,281,5
16,SET,283,3
16,SET,285,6
16,SET,287,2
16,SET,289,5
16,SET,291,1
16,SET,293,7
16,SET,295,3
16,SET,297,1
16,SET,299,2
16,SET,301,1
16,SET,303,2
16,SET,305,3
16,SET,307,3
16,SET,309,5
16,SET,311,1
16,SET,313,3
16,SET,315,1
16,SET,317,1
16,SET,323,2
16,SET,325,2
16,SET,327,1
16,SET,337,4
16,SET,339,2
16,SET,345,2
16,SET,347,3
16,SET,349,1
16,SET,353,3
16,SET,355,1
16,SET,363,1
16,SET,365,1
16,SET,367,1
16,SET,373,1
16,SET,377,1
16,SET,379,1
16,SET,381,1
16,SET,391,2
16,SET,399,1
16,SET,407,1
16,SET,409,1
16,SET,421,1
16,SET,423,1
16,SET,425,2
16,SET,441,2
16,SET,443,1
16,SET,447,1
16,SET,451,1
16,SET,461,1
16,SET,463,1
16,SET,479,1
16,SET,503,1
16,SET,539,1
16,SET,559,1
16,SET,591,1
16,SET,595,1
16,SET,639,1
16,SET,655,1
16,SET,783,1
16,SET,847,1
16,SET,875,1
16,SET,907,1
16,SET,1015,1
16,SET,1047,2
16,SET,1287,1
16,SET,1607,1
16,SET,1935,1
16,SET,1943,1
17,DEL,75,2
17,DEL,76,5
17,DEL,77,3
17,DEL,78,11
17,DEL,79,11
17,DEL,80,22
17,DEL,81,49
17,DEL,82,57
17,DEL,83,62
17,DEL,84,96
17,DEL,85,114
17,DEL,86,174
17,DEL,87,170
17,DEL,88,182
17,DEL,89,182
17,DEL,90,270
17,DEL,91,318
17,DEL,92,364
17,DEL,93,421
17,DEL,94,466
17,DEL,95,485
17,DEL,96,580
17,DEL,97,659
17,DEL,98,712
17,DEL,99,774
17,DEL,100,900
17,DEL,101,957
17,DEL,102,991
17,DEL,103,1088
17,DEL,104,1168
17,DEL,105,1176
17,DEL,106,1189
17,DEL,107,1269
17,DEL,108,1349
17,DEL,109,1329
17,DEL,110,1331
17,DEL,111,1484
17,DEL,112,1497
17,DEL,113,1599
17,DEL,114,1612
17,DEL,115,1699
17,DEL,116,1833
17,DEL,117,1775
17,DEL,118,1847
17,DEL,119,2005
17,DEL,120,2037
17,DEL,121,2056
17,DEL,122,2035
17,DEL,123,2107
17,DEL,124,2035
17,DEL,125,2266
17,DEL,126,2178
17,DEL,127,2247
17,DEL,128,2218
17,DEL,129,2175
17,DEL,130,2182
17,DEL,131,2182
17,DEL,132,2230
17,DEL,133,2303
17,DEL,134,2296
17,DEL,135,2158
17,DEL,136,2296
17,DEL,137,2213
17,DEL,138,2284
17,DEL,139,2275
17,DEL,140,2279
17,DEL,141,2220
17,DEL,142,2128
17,DEL,143,2161
17,DEL,144,2206
17,DEL,145,2181
17,DEL,146,2107
17,DEL,147,2076
17,DEL,148,2041
17,DEL,149,1921
17,DEL,150,1973
17,DEL,151,1842
17,DEL,152,1825
17,DEL,153,1774
17,DEL,154,1803
17,DEL,155,1726
17,DEL,156,1701
17,DEL,157,1638
17,DEL,158,1553
17,DEL,159,1551
17,DEL,160,1529
17,DEL,161,1474
17,DEL,162,1399
17,DEL,163,1300
17,DEL,164,1329
17,DEL,165,1277
17,DEL,166,1218
17,DEL,167,1179
17,DEL,168,1151
17,DEL,169,1091
17,DEL,170,1048
17,DEL,171,1049
17,DEL,172,1003
17,DEL,173,1013
17,DEL,174,931
17,DEL,175,945
17,DEL,176,866
17,DEL,177,838
17,DEL,178,817
17,DEL,179,801
17,DEL,180,698
17,DEL,181,700
17,DEL,182,642
17,DEL,183,647
17,DEL,184,610
17,DEL,185,648
17,DEL,186,590
17,DEL,187,563
17,DEL,188,561
17,DEL,189,533
17,DEL,190,461
17,DEL,191,435
17,DEL,192,456
17,DEL,193,413
17,DEL,194,415
17,DEL,195,380
17,DEL,196,348
17,DEL,197,341
17,DEL,198,318
17,DEL,199,329
17,DEL,200,311
17,DEL,201,287
17,DEL,202,258
17,DEL,203,248
17,DEL,204,263
17,DEL,205,264
17,DEL,206,231
17,DEL,207,218
17,DEL,208,200
17,DEL,209,178
17,DEL,210,171
17,DEL,211,151
17,DEL,212,166
17,DEL,213,167
17,DEL,214,133
17,DEL,215,155
17,DEL,216,138
17,DEL,217,143
17,DEL,218,123
17,DEL,219,125
17,DEL,220,109
17,DEL,221,97
17,DEL,222,77
17,DEL,223,96
17,DEL,224,82
17,DEL,225,94
17,DEL,226,75
17,DEL,227,84
17,DEL,228,79
17,DEL,229,63
17,DEL,230,68
17,DEL,231,56
17,DEL,232,47
17,DEL,233,59
17,DEL,234,59
17,DEL,235,46
17,DEL,236,62
17,DEL,237,33
17,DEL,238,35
17,DEL,239,40
17,DEL,240,47
17,DEL,241,37
17,DEL,242,36
17,DEL,243,39
17,DEL,244,27
17,DEL,245,45
17,DEL,246,39
17,DEL,247,16
17,DEL,248,19
17,DEL,249,19
17,DEL,250,25
17,DEL,251,23
17,DEL,252,31
17,DEL,253,25
17,DEL,254,18
17,DEL,255,20
17,DEL,257,43
17,DEL,259,38
17,DEL,261,47
17,DEL,263,32
17,DEL,265,30
17,DEL,267,26
17,DEL,269,20
17,DEL,271,16
17,DEL,273,22
17,DEL,275,25
17,DEL,277,23
17,DEL,279,17
17,DEL,281,19
17,DEL,283,16
17,DEL,285,12
17,DEL,287,14
17,DEL,289,16
17,DEL,291,12
17,DEL,293,17
17,DEL,295,9
17,DEL,297,16
17,DEL,299,7
17,DEL,301,17
17,DEL,303,10
17,DEL,305,14
17,DEL,307,8
17,DEL,309,13
17,DEL,311,5
17,DEL,313,12
17,DEL,315,11
17,DEL,317,6
17,DEL,319,5
17,DEL,321,6
17,DEL,323,7
17,DEL,325,7
17,DEL,327,9
17,DEL,329,8
17,DEL,331,4
17,DEL,333,6
17,DEL,335,7
17,DEL,337,3
17,DEL,339,4
17,DEL,341,7
17,DEL,343,7
17,DEL,345,4
17,DEL,347,5
17,DEL,349,6
17,DEL,351,4
17,DEL,353,6
17,DEL,355,1
17,DEL,357,3
17,DEL,359,5
17,DEL,361,3
17,DEL,363,4
17,DEL,365,5
17,DEL,367,5
17,DEL,369,5
17,DEL,371,4
17,DEL,373,6
17,DEL,375,4
17,DEL,377,5
17,DEL,381,4
17,DEL,383,2
17,DEL,385,8
17,DEL,387,2
17,DEL,389,1
17,DEL,391,2
17,DEL,393,2
17,DEL,395,1
17,DEL,399,2
17,DEL,401,3
17,DEL,403,3
17,DEL,405,2
17,DEL,407,3
17,DEL,409,2
17,DEL,411,3
17,DEL,413,3
17,DEL,415,2
17,DEL,417,1
17,DEL,419,3
17,DEL,423,1
17,DEL,427,4
17,DEL,429,1
17,DEL,433,1
17,DEL,435,1
17,DEL,437,2
17,DEL,439,2
17,DEL,441,2
17,DEL,443,1
17,DEL,445,3
17,DEL,449,3
17,DEL,451,1
17,DEL,453,1
17,DEL,459,1
17,DEL,461,1
17,DEL,463,1
17,DEL,465,1
17,DEL,471,1
17,DEL,473,3
17,DEL,475,2
17,DEL,477,1
17,DEL,481,1
17,DEL,483,1
17,DEL,485,1
17,DEL,495,2
17,DEL,499,2
17,DEL,503,3
17,DEL,505,1
17,DEL,507,3
17,DEL,509,1
17,DEL,515,2
17,DEL,519,1
17,DEL,523,2
17,DEL,527,4
17,DEL,531,2
17,DEL,539,1
17,DEL,543,1
17,DEL,547,2
17,DEL,551,2
17,DEL,555,2
17,DEL,559,2
17,DEL,563,1
17,DEL,567,1
17,DEL,571,1
17,DEL,575,2
17,DEL,579,1
17,DEL,583,1
17,DEL,587,1
17,DEL,591,2
17,DEL,595,1
17,DEL,599,1
17,DEL,603,1
17,DEL,607,2
17,DEL,611,1
17,DEL,615,1
17,DEL,619,1
17,DEL,623,2
17,DEL,627,2
17,DEL,635,2
17,DEL,643,1
17,DEL,647,1
17,DEL,651,1
17,DEL,655,1
17,DEL,679,1
17,DEL,687,2
17,DEL,691,2
17,DEL,695,1
17,DEL,707,1
17,DEL,711,1
17,DEL,727,1
17,DEL,739,1
17,DEL,743,2
17,DEL,759,1
17,DEL,779,2
17,DEL,795,1
17,DEL,799,1
17,DEL,839,1
17,DEL,863,1
17,DEL,899,1
17,DEL,923,1
17,DEL,975,2
17,DEL,983,1
17,DEL,1103,1
17,DEL,1151,2
17,DEL,1167,1
17,DEL,1295,1
17,DEL,1303,1
17,DEL,1391,1
17,DEL,1407,1
17,DEL,1463,1
17,DEL,1495,1
17,DEL,1519,2
17,DEL,1527,1
17,DEL,1543,1
17,DEL,1567,1
17,DEL,1583,2
17,DEL,1615,1
17,DEL,1623,2
17,DEL,1783,1
17,DEL,1863,1
17,DEL,1879,1
17,DEL,1959,1
17,DEL,2007,1
17,DEL,2047,1
17,DEL,2239,1
17,DEL,2447,1
17,DEL,2479,1
17,DEL,2783,1
17,DEL,3023,1
17,DEL,3727,1
17,DEL,4159,1
17,DEL,5375,1
17,DEL,6207,1
17,DEL,8319,1
17,GET,73,2
17,GET,74,2
17,GET,75,1
17,GET,76,16
17,GET,77,26
17,GET,78,46
17,GET,79,60
17,GET,80,101
17,GET,81,167
17,GET,82,158
17,GET,83,251
17,GET,84,307
17,GET,85,373
17,GET,86,472
17,GET,87,568
17,GET,88,658
17,GET,89,740
17,GET,90,831
17,GET,91,965
17,GET,92,1084
17,GET,93,1268
17,GET,94,1379
17,GET,95,1578
17,GET,96,1808
17,GET,97,1935
17,GET,98,2181
17,GET,99,2371
17,GET,100,2716
17,GET,101,2750
17,GET,102,2931
17,GET,103,3085
17,GET,104,3273
17,GET,105,3509
17,GET,106,3570
17,GET,107,3585
17,GET,108,3867
17,GET,109,4065
17,GET,110,4058
17,GET,111,4383
17,GET,112,4399
17,GET,113,4546
17,GET,114,4713
17,GET,115,4917
17,GET,116,5046
17,GET,117,5185
17,GET,118,5501
17,GET,119,5545
17,GET,120,5667
17,GET,121,5903
17,GET,122,5901
17,GET,123,6103
17,GET,124,6104
17,GET,125,6153
17,GET,126,6206
17,GET,127,6231
17,GET,128,6266
17,GET,129,6282
17,GET,130,6250
17,GET,131,6154
17,GET,132,6370
17,GET,133,6330
17,GET,134,6465
17,GET,135,6297
17,GET,136,6132
17,GET,137,6255
17,GET,138,6273
17,GET,139,6273
17,GET,140,6267
17,GET,141,6106
17,GET,142,6172
17,GET,143,6104
17,GET,144,6183
17,GET,145,5910
17,GET,146,5759
17,GET,147,5664
17,GET,148,5604
17,GET,149,5503
17,GET,150,5450
17,GET,151,5279
17,GET,152,5064
17,GET,153,5078
17,GET,154,4807
17,GET,155,4774
17,GET,156,4520
17,GET,157,4526
17,GET,158,4380
17,GET,159,4204
17,GET,160,4090
17,GET,161,3991
17,GET,162,4064
17,GET,163,3832
17,GET,164,3671
17,GET,165,3408
17,GET,166,3361
17,GET,167,3240
17,GET,168,3282
17,GET,169,3077
17,GET,170,2938
17,GET,171,2897
17,GET,172,2703
17,GET,173,2654
17,GET,174,2559
17,GET,175,2417
17,GET,176,2398
17,GET,177,2270
17,GET,178,2237
17,GET,179,2094
17,GET,180,1994
17,GET,181,1926
17,GET,182,1886
17,GET,183,1814
17,GET,184,1738
17,GET,185,1745
17,GET,186,1525
17,GET,187,1468
17,GET,188,1439
17,GET,189,1368
17,GET,190,1307
17,GET,191,1171
17,GET,192,1206
17,GET,193,1069
17,GET,194,1037
17,GET,195,1029
17,GET,196,1001
17,GET,197,910
17,GET,198,915
17,GET,199,838
17,GET,200,800
17,GET,201,747
17,GET,202,738
17,GET,203,717
17,GET,204,628
17,GET,205,615
17,GET,206,547
17,GET,207,540
17,GET,208,591
17,GET,209,542
17,GET,210,471
17,GET,211,459
17,GET,212,477
17,GET,213,394
17,GET,214,377
17,GET,215,388
17,GET,216,352
17,GET,217,322
17,GET,218,296
17,GET,219,287
17,GET,220,293
17,GET,221,253
17,GET,222,264
17,GET,223,256
17,GET,224,219
17,GET,225,233
17,GET,226,203
17,GET,227,210
17,GET,228,195
17,GET,229,188
17,GET,230,172
17,GET,231,158
17,GET,232,138
17,GET,233,118
17,GET,234,147
17,GET,235,140
17,GET,236,110
17,GET,237,104
17,GET,238,100
17,GET,239,129
17,GET,240,115
17,GET,241,97
17,GET,242,88
17,GET,243,85
17,GET,244,101
17,GET,245,103
17,GET,246,79
17,GET,247,87
17,GET,248,79
17,GET,249,66
17,GET,250,64
17,GET,251,76
17,GET,252,59
17,GET,253,51
17,GET,254,54
17,GET,255,69
17,GET,257,110
17,GET,259,90
17,GET,261,79
17,GET,263,83
17,GET,265,69
17,GET,267,55
17,GET,269,70
17,GET,271,55
17,GET,273,55
17,GET,275,51
17,GET,277,56
17,GET,279,62
17,GET,281,38
17,GET,283,37
17,GET,285,43
17,GET,287,37
17,GET,289,35
17,GET,291,41
17,GET,293,24
17,GET,295,37
17,GET,297,29
17,GET,299,35
17,GET,301,26
17,GET,303,25
17,GET,305,23
17,GET,307,27
17,GET,309,24
17,GET,311,15
17,GET,313,18
17,GET,315,21
17,GET,317,17
17,GET,319,17
17,GET,321,20
17,GET,323,24
17,GET,325,18
17,GET,327,13
17,GET,329,14
17,GET,331,17
17,GET,333,18
17,GET,335,16
17,GET,337,12
17,GET,339,16
17,GET,341,13
17,GET,343,14
17,GET,345,11
17,GET,347,11
17,GET,349,14
17,GET,351,16
17,GET,353,20
17,GET,355,11
17,GET,357,16
17,GET,359,11
17,GET,361,14
17,GET,363,9
17,GET,365,9
17,GET,367,14
17,GET,369,8
17,GET,371,9
17,GET,373,11
17,GET,375,6
17,GET,377,9
17,GET,379,9
17,GET,381,14
17,GET,383,6
17,GET,385,10
17,GET,387,10
17,GET,389,3
17,GET,391,6
17,GET,393,10
17,GET,395,8
17,GET,397,12
17,GET,399,4
17,GET,401,8
17,GET,403,8
17,GET,405,7
17,GET,407,7
17,GET,409,6
17,GET,411,5
17,GET,413,6
17,GET,415,5
17,GET,417,7
17,GET,419,4
17,GET,421,5
17,GET,423,2
17,GET,425,3
17,GET,427,2
17,GET,429,8
17,GET,431,3
17,GET,433,6
17,GET,435,3
17,GET,437,4
17,GET,439,6
17,GET,441,3
17,GET,443,2
17,GET,445,3
17,GET,447,2
17,GET,449,7
17,GET,451,3
17,GET,455,6
17,GET,457,2
17,GET,459,4
17,GET,461,3
17,GET,463,2
17,GET,465,3
17,GET,467,2
17,GET,469,6
17,GET,471,1
17,GET,473,2
17,GET,475,1
17,GET,477,3
17,GET,479,2
17,GET,481,2
17,GET,483,3
17,GET,485,1
17,GET,487,4
17,GET,489,2
17,GET,491,2
17,GET,493,3
17,GET,497,1
17,GET,499,1
17,GET,501,2
17,GET,503,3
17,GET,505,3
17,GET,507,1
17,GET,509,1
17,GET,511,2
17,GET,515,4
17,GET,519,3
17,GET,523,4
17,GET,527,2
17,GET,531,4
17,GET,535,4
17,GET,539,5
17,GET,543,2
17,GET,547,6
17,GET,551,2
17,GET,555,6
17,GET,559,4
17,GET,563,3
17,GET,567,4
17,GET,571,2
17,GET,575,7
17,GET,579,2
17,GET,583,2
17,GET,587,2
17,GET,591,4
17,GET,599,4
17,GET,611,3
17,GET,615,3
17,GET,623,2
17,GET,627,2
17,GET,631,4
17,GET,635,3
17,GET,639,1
17,GET,643,2
17,GET,647,1
17,GET,651,3
17,GET,655,3
17,GET,659,2
17,GET,663,2
17,GET,667,1
17,GET,671,1
17,GET,675,2
17,GET,679,3
17,GET,683,2
17,GET,687,3
17,GET,699,1
17,GET,703,2
17,GET,707,2
17,GET,711,1
17,GET,715,3
17,GET,719,5
17,GET,723,1
17,GET,731,1
17,GET,739,1
17,GET,743,3
17,GET,747,2
17,GET,755,2
17,GET,759,1
17,GET,767,1
17,GET,771,1
17,GET,775,3
17,GET,791,2
17,GET,799,1
17,GET,815,2
17,GET,827,2
17,GET,831,1
17,GET,835,2
17,GET,843,1
17,GET,851,2
17,GET,863,1
17,GET,871,2
17,GET,891,1
17,GET,895,1
17,GET,903,1
17,GET,911,1
17,GET,923,1
17,GET,935,1
17,GET,939,1
17,GET,979,1
17,GET,987,1
17,GET,999,1
17,GET,1003,1
17,GET,1007,1
17,GET,1011,2
17,GET,1015,2
17,GET,1063,1
17,GET,1071,2
17,GET,1079,1
17,GET,1095,2
17,GET,1103,1
17,GET,1111,1
17,GET,1127,1
17,GET,1167,1
17,GET,1175,1
17,GET,1215,2
17,GET,1231,1
17,GET,1279,1
17,GET,1295,1
17,GET,1319,1
17,GET,1327,2
17,GET,1335,1
17,GET,1343,1
17,GET,1351,2
17,GET,1359,1
17,GET,1367,1
17,GET,1383,2
17,GET,1391,1
17,GET,1415,1
17,GET,1423,1
17,GET,1439,1
17,GET,1447,1
17,GET,1463,2
17,GET,1471,1
17,GET,1479,1
17,GET,1503,1
17,GET,1511,1
17,GET,1527,1
17,GET,1535,2
17,GET,1543,1
17,GET,1583,1
17,GET,1591,1
17,GET,1599,1
17,GET,1607,1
17,GET,1615,1
17,GET,1639,2
17,GET,1647,1
17,GET,1663,1
17,GET,1679,2
17,GET,1703,1
17,GET,1735,1
17,GET,1759,1
17,GET,1839,1
17,GET,1855,1
17,GET,1863,1
17,GET,1887,1
17,GET,1895,1
17,GET,1919,1
17,GET,1999,2
17,GET,2079,2
17,GET,2159,2
17,GET,2303,1
17,GET,2335,1
17,GET,2351,1
17,GET,2447,1
17,GET,2927,1
17,GET,2959,1
17,GET,3311,1
17,GET,3327,1
17,GET,3375,3
17,GET,3407,1
17,GET,3615,1
17,GET,4015,1
17,GET,4047,1
17,GET,7167,1
17,SET,76,2
17,SET,78,1
17,SET,79,1
17,SET,80,1
17,SET,81,1
17,SET,82,3
17,SET,83,7
17,SET,84,4
17,SET,85,9
17,SET,86,19
17,SET,87,12
17,SET,88,26
17,SET,89,22
17,SET,90,29
17,SET,91,43
17,SET,92,47
17,SET,93,52
17,SET,94,52
17,SET,95,64
17,SET,96,90
17,SET,97,96
17,SET,98,116
17,SET,99,78
17,SET,100,117
17,SET,101,158
17,SET,102,138
17,SET,103,152
17,SET,104,160
17,SET,105,202
17,SET,106,170
17,SET,107,184
17,SET,108,232
17,SET,109,198
17,SET,110,263
17,SET,111,245
17,SET,112,269
17,SET,113,291
17,SET,114,275
17,SET,115,330
17,SET,116,323
17,SET,117,318
17,SET,118,310
17,SET,119,344
17,SET,120,388
17,SET,121,380
17,SET,122,372
17,SET,123,367
17,SET,124,369
17,SET,125,406
17,SET,126,406
17,SET,127,461
17,SET,128,366
17,SET,129,423
17,SET,130,404
17,SET,131,434
17,SET,132,457
17,SET,133,446
17,SET,134,414
17,SET,135,425
17,SET,136,433
17,SET,137,444
17,SET,138,418
17,SET,139,432
17,SET,140,437
17,SET,141,423
17,SET,142,388
17,SET,143,454
17,SET,144,450
17,SET,145,399
17,SET,146,446
17,SET,147,425
17,SET,148,413
17,SET,149,417
17,SET,150,436
17,SET,151,407
17,SET,152,384
17,SET,153,379
17,SET,154,376
17,SET,155,388
17,SET,156,405
17,SET,157,333
17,SET,158,345
17,SET,159,342
17,SET,160,336
17,SET,161,336
17,SET,162,342
17,SET,163,302
17,SET,164,313
17,SET,165,270
17,SET,166,302
17,SET,167,272
17,SET,168,278
17,SET,169,281
17,SET,170,232
17,SET,171,222
17,SET,172,277
17,SET,173,195
17,SET,174,218
17,SET,175,204
17,SET,176,202
17,SET,177,208
17,SET,178,220
17,SET,179,196
17,SET,180,180
17,SET,181,160
17,SET,182,169
17,SET,183,155
17,SET,184,158
17,SET,185,141
17,SET,186,136
17,SET,187,136
17,SET,188,113
17,SET,189,120
17,SET,190,125
17,SET,191,90
17,SET,192,110
17,SET,193,120
17,SET,194,97
17,SET,195,108
17,SET,196,83
17,SET,197,82
17,SET,198,85
17,SET,199,88
17,SET,200,75
17,SET,201,85
17,SET,202,59
17,SET,203,72
17,SET,204,70
17,SET,205,65
17,SET,206,50
17,SET,207,63
17,SET,208,49
17,SET,209,45
17,SET,210,36
17,SET,211,37
17,SET,212,47
17,SET,213,41
17,SET,214,41
17,SET,215,39
17,SET,216,25
17,SET,217,23
17,SET,218,38
17,SET,219,34
17,SET,220,34
17,SET,221,34
17,SET,222,34
17,SET,223,25
17,SET,224,36
17,SET,225,19
17,SET,226,18
17,SET,227,22
17,SET,228,20
17,SET,229,19
17,SET,230,18
17,SET,231,10
17,SET,232,16
17,SET,233,16
17,SET,234,24
17,SET,235,12
17,SET,236,8
17,SET,237,10
17,SET,238,21
17,SET,239,8
17,SET,240,12
17,SET,241,14
17,SET,242,16
17,SET,243,13
17,SET,244,9
17,SET,245,4
17,SET,246,7
17,SET,247,5
17,SET,248,11
17,SET,249,6
17,SET,250,8
17,SET,251,6
17,SET,252,4
17,SET,253,8
17,SET,254,4
17,SET,255,9
17,SET,257,10
17,SET,259,8
17,SET,261,13
17,SET,263,3
17,SET,265,7
17,SET,267,2
17,SET,269,3
17,SET,271,7
17,SET,273,8
17,SET,275,5
17,SET,277,3
17,SET,279,2
17,SET,281,2
17,SET,283,3
17,SET,285,3
17,SET,287,6
17,SET,289,2
17,SET,291,2
17,SET,293,1
17,SET,295,3
17,SET,297,2
17,SET,299,3
17,SET,301,1
17,SET,305,4
17,SET,307,1
17,SET,309,2
17,SET,311,1
17,SET,313,1
17,SET,317,2
17,SET,319,1
17,SET,321,2
17,SET,327,3
17,SET,329,1
17,SET,331,1
17,SET,333,1
17,SET,335,2
17,SET,339,1
17,SET,341,4
17,SET,347,1
17,SET,351,1
17,SET,353,1
17,SET,355,1
17,SET,359,2
17,SET,361,1
17,SET,363,1
17,SET,365,1
17,SET,371,1
17,SET,383,1
17,SET,385,1
17,SET,393,1
17,SET,395,5
17,SET,401,2
17,SET,405,1
17,SET,407,1
17,SET,409,1
17,SET,411,1
17,SET,413,1
17,SET,421,2
17,SET,425,1
17,SET,427,1
17,SET,429,1
17,SET,431,1
17,SET,449,1
17,SET,467,1
17,SET,475,1
17,SET,493,1
17,SET,509,1
17,SET,523,1
17,SET,563,3
17,SET,575,1
17,SET,583,1
17,SET,611,2
17,SET,627,1
17,SET,675,1
17,SET,707,1
17,SET,711,1
17,SET,823,1
17,SET,835,1
17,SET,1231,1
17,SET,1279,1
17,SET,1431,1
17,SET,1639,1
17,SET,1735,1
17,SET,1791,1
17,SET,1887,1
17,SET,1999,1
17,SET,2007,1
18,GET,73,1
18,GET,74,1
18,GET,75,7
18,GET,76,8
18,GET,77,19
18,GET,78,40
18,GET,79,46
18,GET,80,85
18,GET,81,130
18,GET,82,196
18,GET,83,272
18,GET,84,317
18,GET,85,399
18,GET,86,490
18,GET,87,605
18,GET,88,641
18,GET,89,813
18,GET,90,946
18,GET,91,1053
18,GET,92,1202
18,GET,93,1390
18,GET,94,1569
18,GET,95,1823
18,GET,96,1883
18,GET,97,2103
18,GET,98,2318
18,GET,99,2532
18,GET,100,2747
18,GET,101,3021
18,GET,102,3088
18,GET,103,3249
18,GET,104,3557
18,GET,105,3730
18,GET,106,3900
18,GET,107,4028
18,GET,108,4190
18,GET,109,4496
18,GET,110,4613
18,GET,111,4748
18,GET,112,4859
18,GET,113,4956
18,GET,114,5064
18,GET,115,5317
18,GET,116,5523
18,GET,117,5593
18,GET,118,5934
18,GET,119,6068
18,GET,120,5941
18,GET,121,6155
18,GET,122,6350
18,GET,123,6414
18,GET,124,6326
18,GET,125,6517
18,GET,126,6534
18,GET,127,6359
18,GET,128,6414
18,GET,129,6607
18,GET,130,6366
18,GET,131,6490
18,GET,132,6337
18,GET,133,6576
18,GET,134,6415
18,GET,135,6414
18,GET,136,6293
18,GET,137,6263
18,GET,138,6231
18,GET,139,6189
18,GET,140,6206
18,GET,141,6140
18,GET,142,5916
18,GET,143,5821
18,GET,144,5864
18,GET,145,5764
18,GET,146,5580
18,GET,147,5488
18,GET,148,5560
18,GET,149,5360
18,GET,150,5145
18,GET,151,5081
18,GET,152,4813
18,GET,153,4875
18,GET,154,4524
18,GET,155,4485
18,GET,156,4502
18,GET,157,4299
18,GET,158,4070
18,GET,159,3970
18,GET,160,3962
18,GET,161,3827
18,GET,162,3552
18,GET,163,3611
18,GET,164,3447
18,GET,165,3288
18,GET,166,3207
18,GET,167,3174
18,GET,168,2899
18,GET,169,2851
18,GET,170,2760
18,GET,171,2607
18,GET,172,2506
18,GET,173,2444
18,GET,174,2361
18,GET,175,2153
18,GET,176,2093
18,GET,177,2024
18,GET,178,2049
18,GET,179,1906
18,GET,180,1822
18,GET,181,1719
18,GET,182,1644
18,GET,183,1724
18,GET,184,1565
18,GET,185,1487
18,GET,186,1398
18,GET,187,1394
18,GET,188,1290
18,GET,189,1202
18,GET,190,1210
18,GET,191,1100
18,GET,192,1094
18,GET,193,1010
18,GET,194,913
18,GET,195,921
18,GET,196,853
18,GET,197,855
18,GET,198,825
18,GET,199,750
18,GET,200,736
18,GET,201,688
18,GET,202,647
18,GET,203,615
18,GET,204,604
18,GET,205,543
18,GET,206,555
18,GET,207,482
18,GET,208,448
18,GET,209,467
18,GET,210,432
18,GET,211,416
18,GET,212,378
18,GET,213,367
18,GET,214,336
18,GET,215,351
18,GET,216,290
18,GET,217,306
18,GET,218,263
18,GET,219,306
18,GET,220,256
18,GET,221,247
18,GET,222,254
18,GET,223,232
18,GET,224,201
18,GET,225,190
18,GET,226,185
18,GET,227,179
18,GET,228,177
18,GET,229,172
18,GET,230,159
18,GET,231,158
18,GET,232,140
18,GET,233,127
18,GET,234,150
18,GET,235,122
18,GET,236,126
18,GET,237,94
18,GET,238,108
18,GET,239,112
18,GET,240,84
18,GET,241,101
18,GET,242,102
18,GET,243,72
18,GET,244,98
18,GET,245,90
18,GET,246,78
18,GET,247,53
18,GET,248,80
18,GET,249,64
18,GET,250,49
18,GET,251,74
18,GET,252,51
18,GET,253,52
18,GET,254,54
18,GET,255,44
18,GET,257,67
18,GET,259,105
18,GET,261,64
18,GET,263,62
18,GET,265,59
18,GET,267,57
18,GET,269,48
18,GET,271,60
18,GET,273,51
18,GET,275,53
18,GET,277,48
18,GET,279,35
18,GET,281,41
18,GET,283,46
18,GET,285,37
18,GET,287,39
18,GET,289,33
18,GET,291,33
18,GET,293,32
18,GET,295,36
18,GET,297,33
18,GET,299,24
18,GET,301,26
18,GET,303,20
18,GET,305,35
18,GET,307,29
18,GET,309,10
18,GET,311,26
18,GET,313,19
18,GET,315,20
18,GET,317,25
18,GET,319,29
18,GET,321,17
18,GET,323,20
18,GET,325,22
18,GET,327,21
18,GET,329,15
18,GET,331,18
18,GET,333,18
18,GET,335,10
18,GET,337,18
18,GET,339,12
18,GET,341,11
18,GET,343,13
18,GET,345,14
18,GET,347,8
18,GET,349,16
18,GET,351,13
18,GET,353,6
18,GET,355,6
18,GET,357,7
18,GET,359,6
18,GET,361,13
18,GET,363,7
18,GET,365,11
18,GET,367,8
18,GET,369,13
18,GET,371,12
18,GET,373,9
18,GET,375,14
18,GET,377,5
18,GET,379,9
18,GET,381,6
18,GET,383,7
18,GET,385,12
18,GET,387,7
18,GET,389,6
18,GET,391,8
18,GET,393,9
18,GET,395,6
18,GET,397,5
18,GET,399,11
18,GET,401,6
18,GET,403,4
18,GET,405,2
18,GET,407,7
18,GET,409,8
18,GET,411,3
18,GET,413,7
18,GET,415,6
18,GET,417,4
18,GET,419,4
18,GET,421,4
18,GET,423,5
18,GET,425,5
18,GET,427,9
18,GET,429,3
18,GET,431,2
18,GET,433,1
18,GET,435,4
18,GET,437,3
18,GET,439,2
18,GET,441,3
18,GET,443,4
18,GET,445,3
18,GET,447,4
18,GET,451,3
18,GET,457,2
18,GET,459,3
18,GET,461,3
18,GET,463,5
18,GET,465,2
18,GET,467,4
18,GET,471,3
18,GET,473,4
18,GET,475,3
18,GET,477,3
18,GET,479,2
18,GET,483,1
18,GET,485,2
18,GET,487,1
18,GET,489,4
18,GET,493,2
18,GET,495,3
18,GET,497,2
18,GET,499,1
18,GET,501,1
18,GET,503,3
18,GET,505,2
18,GET,509,1
18,GET,515,2
18,GET,519,1
18,GET,523,2
18,GET,527,2
18,GET,531,3
18,GET,535,3
18,GET,539,2
18,GET,543,3
18,GET,547,2
18,GET,551,2
18,GET,559,3
18,GET,563,6
18,GET,567,3
18,GET,571,1
18,GET,575,1
18,GET,579,4
18,GET,583,3
18,GET,587,3
18,GET,591,4
18,GET,595,2
18,GET,599,1
18,GET,607,8
18,GET,611,1
18,GET,615,3
18,GET,619,1
18,GET,623,5
18,GET,627,4
18,GET,631,2
18,GET,635,3
18,GET,639,6
18,GET,643,3
18,GET,647,1
18,GET,651,4
18,GET,655,3
18,GET,659,4
18,GET,663,2
18,GET,667,2
18,GET,671,1
18,GET,675,1
18,GET,679,5
18,GET,691,1
18,GET,695,1
18,GET,699,2
18,GET,703,3
18,GET,707,1
18,GET,719,4
18,GET,723,1
18,GET,727,2
18,GET,731,1
18,GET,735,2
18,GET,747,2
18,GET,755,2
18,GET,771,1
18,GET,779,2
18,GET,787,2
18,GET,795,1
18,GET,799,2
18,GET,803,1
18,GET,807,2
18,GET,815,1
18,GET,823,1
18,GET,831,1
18,GET,839,1
18,GET,847,1
18,GET,863,1
18,GET,875,1
18,GET,883,1
18,GET,887,1
18,GET,891,1
18,GET,895,1
18,GET,915,1
18,GET,935,1
18,GET,963,1
18,GET,975,1
18,GET,1007,1
18,GET,1031,1
18,GET,1039,1
18,GET,1047,1
18,GET,1055,2
18,GET,1071,1
18,GET,1079,1
18,GET,1087,1
18,GET,1127,1
18,GET,1159,1
18,GET,1167,1
18,GET,1207,1
18,GET,1215,2
18,GET,1247,2
18,GET,1255,1
18,GET,1263,1
18,GET,1271,2
18,GET,1295,1
18,GET,1303,3
18,GET,1319,1
18,GET,1351,1
18,GET,1359,1
18,GET,1383,1
18,GET,1391,3
18,GET,1407,3
18,GET,1415,1
18,GET,1447,1
18,GET,1455,1
18,GET,1471,1
18,GET,1487,1
18,GET,1503,1
18,GET,1527,2
18,GET,1535,1
18,GET,1559,1
18,GET,1567,1
18,GET,1583,2
18,GET,1591,2
18,GET,1607,2
18,GET,1615,2
18,GET,1631,1
18,GET,1647,1
18,GET,1655,2
18,GET,1687,1
18,GET,1775,1
18,GET,1823,1
18,GET,1831,1
18,GET,1855,1
18,GET,1903,1
18,GET,1919,2
18,GET,1943,1
18,GET,1951,1
18,GET,1967,1
18,GET,2039,1
18,GET,2063,1
18,GET,2079,1
18,GET,2095,1
18,GET,2143,1
18,GET,2159,1
18,GET,2287,2
18,GET,2319,2
18,GET,2383,1
18,GET,2415,1
18,GET,2495,1
18,GET,2511,1
18,GET,2735,1
18,GET,2815,1
18,GET,3391,1
18,GET,3519,1
18,GET,4575,1
18,GET,4671,1
18,GET,5183,1
18,GET,6207,1
18,GET,8095,1
18,SET,80,3
18,SET,81,2
18,SET,82,7
18,SET,83,5
18,SET,84,7
18,SET,85,13
18,SET,86,19
18,SET,87,26
18,SET,88,26
18,SET,89,31
18,SET,90,35
18,SET,91,40
18,SET,92,58
18,SET,93,60
18,SET,94,70
18,SET,95,89
18,SET,96,68
18,SET,97,115
18,SET,98,107
18,SET,99,104
18,SET,100,107
18,SET,101,133
18,SET,102,165
18,SET,103,178
18,SET,104,182
18,SET,105,188
18,SET,106,223
18,SET,107,230
18,SET,108,252
18,SET,109,254
18,SET,110,234
18,SET,111,300
18,SET,112,245
18,SET,113,267
18,SET,114,331
18,SET,115,332
18,SET,116,340
18,SET,117,376
18,SET,118,383
18,SET,119,372
18,SET,120,372
18,SET,121,381
18,SET,122,393
18,SET,123,403
18,SET,124,432
18,SET,125,414
18,SET,126,436
18,SET,127,434
18,SET,128,452
18,SET,129,423
18,SET,130,465
18,SET,131,457
18,SET,132,479
18,SET,133,486
18,SET,134,442
18,SET,135,489
18,SET,136,460
18,SET,137,454
18,SET,138,466
18,SET,139,428
18,SET,140,443
18,SET,141,472
18,SET,142,461
18,SET,143,415
18,SET,144,440
18,SET,145,449
18,SET,146,397
18,SET,147,409
18,SET,148,472
18,SET,149,431
18,SET,150,410
18,SET,151,360
18,SET,152,397
18,SET,153,404
18,SET,154,385
18,SET,155,318
18,SET,156,380
18,SET,157,346
18,SET,158,362
18,SET,159,322
18,SET,160,299
18,SET,161,300
18,SET,162,299
18,SET,163,286
18,SET,164,271
18,SET,165,293
18,SET,166,253
18,SET,167,235
18,SET,168,246
18,SET,169,235
18,SET,170,253
18,SET,171,226
18,SET,172,238
18,SET,173,213
18,SET,174,199
18,SET,175,206
18,SET,176,167
18,SET,177,194
18,SET,178,178
18,SET,179,185
18,SET,180,166
18,SET,181,143
18,SET,182,151
18,SET,183,136
18,SET,184,146
18,SET,185,138
18,SET,186,109
18,SET,187,116
18,SET,188,108
18,SET,189,140
18,SET,190,120
18,SET,191,106
18,SET,192,103
18,SET,193,102
18,SET,194,109
18,SET,195,86
18,SET,196,97
18,SET,197,79
18,SET,198,80
18,SET,199,77
18,SET,200,83
18,SET,201,68
18,SET,202,56
18,SET,203,56
18,SET,204,44
18,SET,205,55
18,SET,206,45
18,SET,207,48
18,SET,208,52
18,SET,209,36
18,SET,210,37
18,SET,211,49
18,SET,212,31
18,SET,213,37
18,SET,214,39
18,SET,215,41
18,SET,216,25
18,SET,217,32
18,SET,218,30
18,SET,219,19
18,SET,220,21
18,SET,221,29
18,SET,222,18
18,SET,223,33
18,SET,224,21
18,SET,225,15
18,SET,226,12
18,SET,227,28
18,SET,228,9
18,SET,229,18
18,SET,230,10
18,SET,231,15
18,SET,232,7
18,SET,233,22
18,SET,234,14
18,SET,235,7
18,SET,236,8
18,SET,237,12
18,SET,238,10
18,SET,239,7
18,SET,240,10
18,SET,241,9
18,SET,242,7
18,SET,243,5
18,SET,244,11
18,SET,245,10
18,SET,246,4
18,SET,247,10
18,SET,248,6
18,SET,249,5
18,SET,250,6
18,SET,251,3
18,SET,252,5
18,SET,253,8
18,SET,254,4
18,SET,255,4
18,SET,257,7
18,SET,259,8
18,SET,261,7
18,SET,263,13
18,SET,265,8
18,SET,267,9
18,SET,269,5
18,SET,271,6
18,SET,273,6
18,SET,275,2
18,SET,277,3
18,SET,279,7
18,SET,281,1
18,SET,283,1
18,SET,285,3
18,SET,287,1
18,SET,289,5
18,SET,291,3
18,SET,295,2
18,SET,297,2
18,SET,299,1
18,SET,301,1
18,SET,305,5
18,SET,307,2
18,SET,309,2
18,SET,315,1
18,SET,317,1
18,SET,319,3
18,SET,321,1
18,SET,323,2
18,SET,325,3
18,SET,327,3
18,SET,329,4
18,SET,331,3
18,SET,333,4
18,SET,337,1
18,SET,341,2
18,SET,345,1
18,SET,347,1
18,SET,349,1
18,SET,351,1
18,SET,353,1
18,SET,355,3
18,SET,359,1
18,SET,361,2
18,SET,363,2
18,SET,365,1
18,SET,371,2
18,SET,375,1
18,SET,377,1
18,SET,381,1
18,SET,383,1
18,SET,385,1
18,SET,387,1
18,SET,397,4
18,SET,401,1
18,SET,413,1
18,SET,421,1
18,SET,423,1
18,SET,441,1
18,SET,443,1
18,SET,445,1
18,SET,447,1
18,SET,457,1
18,SET,463,1
18,SET,471,1
18,SET,477,1
18,SET,489,1
18,SET,515,1
18,SET,543,1
18,SET,551,1
18,SET,579,1
18,SET,591,1
18,SET,607,1
18,SET,611,1
18,SET,615,2
18,SET,627,1
18,SET,671,1
18,SET,691,1
18,SET,699,2
18,SET,1247,1
18,SET,1743,1
18,SET,1863,1
18,SET,4191,1
18,DEL,75,1
18,DEL,76,1
18,DEL,77,7
18,DEL,78,8
18,DEL,79,16
18,DEL,80,31
18,DEL,81,26
18,DEL,82,56
18,DEL,83,70
18,DEL,84,79
18,DEL,85,140
18,DEL,86,170
18,DEL,87,180
18,DEL,88,207
18,DEL,89,209
18,DEL,90,286
18,DEL,91,333
18,DEL,92,388
18,DEL,93,448
18,DEL,94,532
18,DEL,95,546
18,DEL,96,626
18,DEL,97,718
18,DEL,98,770
18,DEL,99,873
18,DEL,100,928
18,DEL,101,1035
18,DEL,102,1050
18,DEL,103,1134
18,DEL,104,1145
18,DEL,105,1305
18,DEL,106,1319
18,DEL,107,1391
18,DEL,108,1465
18,DEL,109,1530
18,DEL,110,1564
18,DEL,111,1652
18,DEL,112,1627
18,DEL,113,1742
18,DEL,114,1716
18,DEL,115,1889
18,DEL,116,1864
18,DEL,117,1907
18,DEL,118,1998
18,DEL,119,2082
18,DEL,120,2194
18,DEL,121,2243
18,DEL,122,2224
18,DEL,123,2134
18,DEL,124,2209
18,DEL,125,2232
18,DEL,126,2258
18,DEL,127,2302
18,DEL,128,2285
18,DEL,129,2357
18,DEL,130,2313
18,DEL,131,2330
18,DEL,132,2231
18,DEL,133,2320
18,DEL,134,2222
18,DEL,135,2335
18,DEL,136,2306
18,DEL,137,2229
18,DEL,138,2221
18,DEL,139,2133
18,DEL,140,2163
18,DEL,141,2233
18,DEL,142,2220
18,DEL,143,2143
18,DEL,144,2109
18,DEL,145,2072
18,DEL,146,2040
18,DEL,147,1950
18,DEL,148,1992
18,DEL,149,2011
18,DEL,150,1845
18,DEL,151,1882
18,DEL,152,1814
18,DEL,153,1808
18,DEL,154,1661
18,DEL,155,1678
18,DEL,156,1600
18,DEL,157,1565
18,DEL,158,1473
18,DEL,159,1446
18,DEL,160,1371
18,DEL,161,1374
18,DEL,162,1336
18,DEL,163,1308
18,DEL,164,1245
18,DEL,165,1169
18,DEL,166,1201
18,DEL,167,1140
18,DEL,168,1066
18,DEL,169,1071
18,DEL,170,1030
18,DEL,171,999
18,DEL,172,941
18,DEL,173,972
18,DEL,174,798
18,DEL,175,876
18,DEL,176,837
18,DEL,177,779
18,DEL,178,764
18,DEL,179,721
18,DEL,180,678
18,DEL,181,672
18,DEL,182,609
18,DEL,183,583
18,DEL,184,598
18,DEL,185,527
18,DEL,186,527
18,DEL,187,509
18,DEL,188,494
18,DEL,189,436
18,DEL,190,456
18,DEL,191,402
18,DEL,192,379
18,DEL,193,401
18,DEL,194,350
18,DEL,195,308
18,DEL,196,309
18,DEL,197,346
18,DEL,198,287
18,DEL,199,286
18,DEL,200,273
18,DEL,201,267
18,DEL,202,244
18,DEL,203,206
18,DEL,204,188
18,DEL,205,224
18,DEL,206,206
18,DEL,207,190
18,DEL,208,160
18,DEL,209,153
18,DEL,210,161
18,DEL,211,146
18,DEL,212,173
18,DEL,213,143
18,DEL,214,134
18,DEL,215,131
18,DEL,216,126
18,DEL,217,109
18,DEL,218,103
18,DEL,219,95
18,DEL,220,104
18,DEL,221,102
18,DEL,222,78
18,DEL,223,77
18,DEL,224,74
18,DEL,225,84
18,DEL,226,74
18,DEL,227,66
18,DEL,228,71
18,DEL,229,62
18,DEL,230,63
18,DEL,231,49
18,DEL,232,50
18,DEL,233,42
18,DEL,234,58
18,DEL,235,44
18,DEL,236,45
18,DEL,237,49
18,DEL,238,36
18,DEL,239,31
18,DEL,240,41
18,DEL,241,40
18,DEL,242,36
18,DEL,243,41
18,DEL,244,32
18,DEL,245,23
18,DEL,246,39
18,DEL,247,40
18,DEL,248,21
18,DEL,249,26
18,DEL,250,24
18,DEL,251,22
18,DEL,252,19
18,DEL,253,19
18,DEL,254,22
18,DEL,255,17
18,DEL,257,18
18,DEL,259,36
18,DEL,261,24
18,DEL,263,27
18,DEL,265,32
18,DEL,267,32
18,DEL,269,15
18,DEL,271,13
18,DEL,273,17
18,DEL,275,21
18,DEL,277,20
18,DEL,279,14
18,DEL,281,18
18,DEL,283,12
18,DEL,285,15
18,DEL,287,12
18,DEL,289,21
18,DEL,291,11
18,DEL,293,9
18,DEL,295,6
18,DEL,297,8
18,DEL,299,10
18,DEL,301,10
18,DEL,303,6
18,DEL,305,10
18,DEL,307,9
18,DEL,309,6
18,DEL,311,9
18,DEL,313,8
18,DEL,315,8
18,DEL,317,4
18,DEL,319,9
18,DEL,321,7
18,DEL,323,8
18,DEL,325,5
18,DEL,327,3
18,DEL,329,6
18,DEL,331,3
18,DEL,333,4
18,DEL,335,5
18,DEL,337,5
18,DEL,339,5
18,DEL,341,5
18,DEL,345,3
18,DEL,347,4
18,DEL,349,5
18,DEL,351,6
18,DEL,353,7
18,DEL,355,7
18,DEL,357,4
18,DEL,359,4
18,DEL,361,2
18,DEL,363,3
18,DEL,365,5
18,DEL,367,5
18,DEL,369,2
18,DEL,371,5
18,DEL,373,3
18,DEL,375,4
18,DEL,377,4
18,DEL,379,7
18,DEL,381,4
18,DEL,383,3
18,DEL,385,5
18,DEL,387,2
18,DEL,389,1
18,DEL,391,2
18,DEL,393,3
18,DEL,395,3
18,DEL,399,2
18,DEL,401,1
18,DEL,403,2
18,DEL,405,3
18,DEL,407,2
18,DEL,409,2
18,DEL,411,3
18,DEL,413,2
18,DEL,415,1
18,DEL,417,3
18,DEL,419,1
18,DEL,421,4
18,DEL,425,1
18,DEL,429,1
18,DEL,433,2
18,DEL,435,3
18,DEL,437,1
18,DEL,439,3
18,DEL,443,1
18,DEL,445,1
18,DEL,447,2
18,DEL,453,2
18,DEL,457,1
18,DEL,465,1
18,DEL,467,1
18,DEL,469,2
18,DEL,477,1
18,DEL,479,1
18,DEL,481,2
18,DEL,483,2
18,DEL,489,1
18,DEL,491,1
18,DEL,497,2
18,DEL,505,1
18,DEL,509,1
18,DEL,511,3
18,DEL,519,2
18,DEL,523,2
18,DEL,527,1
18,DEL,531,1
18,DEL,535,1
18,DEL,543,1
18,DEL,559,1
18,DEL,563,1
18,DEL,567,1
18,DEL,575,3
18,DEL,583,1
18,DEL,591,2
18,DEL,599,3
18,DEL,607,2
18,DEL,611,3
18,DEL,619,3
18,DEL,631,3
18,DEL,635,2
18,DEL,643,1
18,DEL,647,1
18,DEL,651,3
18,DEL,663,1
18,DEL,667,2
18,DEL,675,1
18,DEL,687,2
18,DEL,695,1
18,DEL,707,1
18,DEL,743,2
18,DEL,759,1
18,DEL,767,1
18,DEL,811,1
18,DEL,815,1
18,DEL,847,1
18,DEL,903,1
18,DEL,955,1
18,DEL,1031,1
18,DEL,1047,1
18,DEL,1095,2
18,DEL,1111,1
18,DEL,1135,1
18,DEL,1159,2
18,DEL,1207,1
18,DEL,1215,1
18,DEL,1271,1
18,DEL,1287,1
18,DEL,1319,1
18,DEL,1351,1
18,DEL,1359,1
18,DEL,1367,1
18,DEL,1375,1
18,DEL,1383,1
18,DEL,1423,1
18,DEL,1439,1
18,DEL,1463,1
18,DEL,1511,1
18,DEL,1519,1
18,DEL,1535,1
18,DEL,1543,1
18,DEL,1583,1
18,DEL,1655,1
18,DEL,1775,1
18,DEL,1815,1
18,DEL,1823,1
18,DEL,1911,1
18,DEL,1943,1
18,DEL,1975,1
18,DEL,2007,1
18,DEL,2223,2
18,DEL,2927,1
18,DEL,3135,1
18,DEL,3439,1
18,DEL,4191,1
18,DEL,7583,1
19,DEL,74,1
19,DEL,75,1
19,DEL,76,2
19,DEL,77,9
19,DEL,78,13
19,DEL,79,18
19,DEL,80,29
19,DEL,81,59
19,DEL,82,70
19,DEL,83,83
19,DEL,84,118
19,DEL,85,156
19,DEL,86,175
19,DEL,87,224
19,DEL,88,274
19,DEL,89,316
19,DEL,90,354
19,DEL,91,375
19,DEL,92,442
19,DEL,93,507
19,DEL,94,568
19,DEL,95,633
19,DEL,96,708
19,DEL,97,779
19,DEL,98,790
19,DEL,99,970
19,DEL,100,1054
19,DEL,101,1084
19,DEL,102,1195
19,DEL,103,1197
19,DEL,104,1261
19,DEL,105,1337
19,DEL,106,1436
19,DEL,107,1457
19,DEL,108,1564
19,DEL,109,1562
19,DEL,110,1742
19,DEL,111,1723
19,DEL,112,1818
19,DEL,113,1798
19,DEL,114,1858
19,DEL,115,1899
19,DEL,116,1933
19,DEL,117,1992
19,DEL,118,2042
19,DEL,119,2055
19,DEL,120,2025
19,DEL,121,2067
19,DEL,122,2253
19,DEL,123,2182
19,DEL,124,2179
19,DEL,125,2246
19,DEL,126,2218
19,DEL,127,2265
19,DEL,128,2229
19,DEL,129,2211
19,DEL,130,2282
19,DEL,131,2291
19,DEL,132,2291
19,DEL,133,2224
19,DEL,134,2286
19,DEL,135,2162
19,DEL,136,2231
19,DEL,137,2261
19,DEL,138,2102
19,DEL,139,2200
19,DEL,140,2146
19,DEL,141,2108
19,DEL,142,2107
19,DEL,143,2094
19,DEL,144,2056
19,DEL,145,2013
19,DEL,146,1990
19,DEL,147,1969
19,DEL,148,1945
19,DEL,149,1803
19,DEL,150,1863
19,DEL,151,1739
19,DEL,152,1727
19,DEL,153,1745
19,DEL,154,1664
19,DEL,155,1557
19,DEL,156,1549
19,DEL,157,1492
19,DEL,158,1438
19,DEL,159,1438
19,DEL,160,1408
19,DEL,161,1382
19,DEL,162,1290
19,DEL,163,1236
19,DEL,164,1206
19,DEL,165,1161
19,DEL,166,1097
19,DEL,167,1151
19,DEL,168,1127
19,DEL,169,1077
19,DEL,170,928
19,DEL,171,974
19,DEL,172,871
19,DEL,173,892
19,DEL,174,865
19,DEL,175,805
19,DEL,176,792
19,DEL,177,758
19,DEL,178,733
19,DEL,179,683
19,DEL,180,681
19,DEL,181,641
19,DEL,182,591
19,DEL,183,599
19,DEL,184,583
19,DEL,185,526
19,DEL,186,539
19,DEL,187,504
19,DEL,188,482
19,DEL,189,438
19,DEL,190,409
19,DEL,191,433
19,DEL,192,401
19,DEL,193,372
19,DEL,194,349
19,DEL,195,327
19,DEL,196,314
19,DEL,197,306
19,DEL,198,289
19,DEL,199,260
19,DEL,200,281
19,DEL,201,248
19,DEL,202,236
19,DEL,203,242
19,DEL,204,235
19,DEL,205,217
19,DEL,206,193
19,DEL,207,219
19,DEL,208,187
19,DEL,209,188
19,DEL,210,178
19,DEL,211,142
19,DEL,212,161
19,DEL,213,140
19,DEL,214,127
19,DEL,215,113
19,DEL,216,122
19,DEL,217,127
19,DEL,218,128
19,DEL,219,98
19,DEL,220,97
19,DEL,221,95
19,DEL,222,90
19,DEL,223,100
19,DEL,224,75
19,DEL,225,88
19,DEL,226,74
19,DEL,227,66
19,DEL,228,56
19,DEL,229,71
19,DEL,230,69
19,DEL,231,68
19,DEL,232,50
19,DEL,233,53
19,DEL,234,51
19,DEL,235,44
19,DEL,236,50
19,DEL,237,44
19,DEL,238,44
19,DEL,239,32
19,DEL,240,37
19,DEL,241,36
19,DEL,242,29
19,DEL,243,34
19,DEL,244,34
19,DEL,245,36
19,DEL,246,27
19,DEL,247,19
19,DEL,248,22
19,DEL,249,30
19,DEL,250,31
19,DEL,251,19
19,DEL,252,24
19,DEL,253,18
19,DEL,254,25
19,DEL,255,22
19,DEL,257,35
19,DEL,259,26
19,DEL,261,32
19,DEL,263,22
19,DEL,265,21
19,DEL,267,25
19,DEL,269,26
19,DEL,271,17
19,DEL,273,26
19,DEL,275,15
19,DEL,277,32
19,DEL,279,25
19,DEL,281,21
19,DEL,283,12
19,DEL,285,8
19,DEL,287,9
19,DEL,289,8
19,DEL,291,9
19,DEL,293,9
19,DEL,295,13
19,DEL,297,13
19,DEL,299,4
19,DEL,301,6
19,DEL,303,12
19,DEL,305,8
19,DEL,307,9
19,DEL,309,5
19,DEL,311,9
19,DEL,313,3
19,DEL,315,4
19,DEL,317,5
19,DEL,319,7
19,DEL,321,8
19,DEL,323,10
19,DEL,325,8
19,DEL,327,7
19,DEL,329,7
19,DEL,331,4
19,DEL,333,8
19,DEL,335,6
19,DEL,337,4
19,DEL,339,13
19,DEL,341,4
19,DEL,343,1
19,DEL,345,7
19,DEL,347,2
19,DEL,349,2
19,DEL,351,7
19,DEL,353,7
19,DEL,355,1
19,DEL,357,1
19,DEL,359,3
19,DEL,361,4
19,DEL,363,4
19,DEL,365,3
19,DEL,367,4
19,DEL,369,4
19,DEL,371,3
19,DEL,373,1
19,DEL,375,3
19,DEL,377,2
19,DEL,379,3
19,DEL,381,4
19,DEL,383,2
19,DEL,387,1
19,DEL,391,4
19,DEL,393,3
19,DEL,395,2
19,DEL,397,2
19,DEL,399,2
19,DEL,401,1
19,DEL,403,3
19,DEL,409,1
19,DEL,411,1
19,DEL,413,1
19,DEL,415,3
19,DEL,417,2
19,DEL,419,1
19,DEL,421,2
19,DEL,425,3
19,DEL,429,3
19,DEL,433,2
19,DEL,435,4
19,DEL,437,1
19,DEL,439,1
19,DEL,441,1
19,DEL,443,2
19,DEL,447,1
19,DEL,449,2
19,DEL,453,2
19,DEL,455,1
19,DEL,459,3
19,DEL,463,1
19,DEL,467,1
19,DEL,471,1
19,DEL,473,4
19,DEL,479,1
19,DEL,483,2
19,DEL,485,2
19,DEL,487,2
19,DEL,491,1
19,DEL,493,3
19,DEL,499,1
19,DEL,501,1
19,DEL,503,2
19,DEL,505,1
19,DEL,507,2
19,DEL,509,2
19,DEL,511,1
19,DEL,523,2
19,DEL,527,2
19,DEL,539,1
19,DEL,543,2
19,DEL,547,1
19,DEL,551,2
19,DEL,559,1
19,DEL,563,1
19,DEL,571,1
19,DEL,575,2
19,DEL,583,1
19,DEL,591,1
19,DEL,595,1
19,DEL,603,1
19,DEL,611,1
19,DEL,615,1
19,DEL,623,1
19,DEL,627,2
19,DEL,631,1
19,DEL,635,1
19,DEL,639,1
19,DEL,643,2
19,DEL,655,2
19,DEL,659,1
19,DEL,671,1
19,DEL,675,2
19,DEL,679,1
19,DEL,691,2
19,DEL,699,1
19,DEL,707,1
19,DEL,715,1
19,DEL,719,1
19,DEL,727,1
19,DEL,731,1
19,DEL,735,2
19,DEL,739,1
19,DEL,743,1
19,DEL,747,1
19,DEL,771,1
19,DEL,779,1
19,DEL,787,1
19,DEL,835,1
19,DEL,907,1
19,DEL,995,1
19,DEL,1039,1
19,DEL,1087,1
19,DEL,1159,1
19,DEL,1167,1
19,DEL,1191,1
19,DEL,1223,1
19,DEL,1239,1
19,DEL,1263,1
19,DEL,1311,1
19,DEL,1319,1
19,DEL,1327,1
19,DEL,1351,1
19,DEL,1367,1
19,DEL,1415,1
19,DEL,1455,1
19,DEL,1591,2
19,DEL,1639,1
19,DEL,1655,1
19,DEL,1695,1
19,DEL,1735,1
19,DEL,1799,1
19,DEL,2007,2
19,DEL,2031,1
19,DEL,2047,1
19,DEL,2127,1
19,DEL,2335,1
19,DEL,2815,1
19,DEL,3631,1
19,DEL,6431,1
19,SET,75,1
19,SET,76,1
19,SET,77,1
19,SET,78,1
19,SET,79,2
19,SET,80,3
19,SET,81,4
19,SET,82,3
19,SET,83,6
19,SET,84,12
19,SET,85,12
19,SET,86,8
19,SET,87,23
19,SET,88,29
19,SET,89,37
19,SET,90,47
19,SET,91,48
19,SET,92,62
19,SET,93,62
19,SET,94,84
19,SET,95,111
19,SET,96,95
19,SET,97,104
19,SET,98,110
19,SET,99,126
19,SET,100,141
19,SET,101,158
19,SET,102,176
19,SET,103,191
19,SET,104,214
19,SET,105,234
19,SET,106,230
19,SET,107,242
19,SET,108,263
19,SET,109,243
19,SET,110,310
19,SET,111,274
19,SET,112,297
19,SET,113,320
19,SET,114,318
19,SET,115,329
19,SET,116,341
19,SET,117,340
19,SET,118,358
19,SET,119,354
19,SET,120,396
19,SET,121,401
19,SET,122,382
19,SET,123,398
19,SET,124,430
19,SET,125,447
19,SET,126,475
19,SET,127,481
19,SET,128,456
19,SET,129,438
19,SET,130,457
19,SET,131,454
19,SET,132,451
19,SET,133,450
19,SET,134,430
19,SET,135,456
19,SET,136,428
19,SET,137,500
19,SET,138,474
19,SET,139,421
19,SET,140,462
19,SET,141,451
19,SET,142,425
19,SET,143,447
19,SET,144,436
19,SET,145,427
19,SET,146,430
19,SET,147,409
19,SET,148,408
19,SET,149,393
19,SET,150,401
19,SET,151,408
19,SET,152,382
19,SET,153,362
19,SET,154,318
19,SET,155,342
19,SET,156,333
19,SET,157,338
19,SET,158,325
19,SET,159,293
19,SET,160,320
19,SET,161,261
19,SET,162,311
19,SET,163,283
19,SET,164,279
19,SET,165,275
19,SET,166,280
19,SET,167,251
19,SET,168,233
19,SET,169,268
19,SET,170,253
19,SET,171,243
19,SET,172,213
19,SET,173,195
19,SET,174,206
19,SET,175,185
19,SET,176,167
19,SET,177,153
19,SET,178,178
19,SET,179,143
19,SET,180,163
19,SET,181,171
19,SET,182,167
19,SET,183,136
19,SET,184,155
19,SET,185,141
19,SET,186,115
19,SET,187,120
19,SET,188,114
19,SET,189,105
19,SET,190,98
19,SET,191,108
19,SET,192,86
19,SET,193,91
19,SET,194,95
19,SET,195,90
19,SET,196,93
19,SET,197,73
19,SET,198,75
19,SET,199,75
19,SET,200,61
19,SET,201,72
19,SET,202,62
19,SET,203,68
19,SET,204,66
19,SET,205,46
19,SET,206,42
19,SET,207,49
19,SET,208,56
19,SET,209,45
19,SET,210,41
19,SET,211,38
19,SET,212,48
19,SET,213,42
19,SET,214,40
19,SET,215,35
19,SET,216,37
19,SET,217,37
19,SET,218,23
19,SET,219,32
19,SET,220,29
19,SET,221,34
19,SET,222,28
19,SET,223,21
19,SET,224,21
19,SET,225,24
19,SET,226,18
19,SET,227,22
19,SET,228,16
19,SET,229,18
19,SET,230,16
19,SET,231,11
19,SET,232,14
19,SET,233,19
19,SET,234,12
19,SET,235,9
19,SET,236,9
19,SET,237,14
19,SET,238,11
19,SET,239,11
19,SET,240,9
19,SET,241,10
19,SET,242,6
19,SET,243,11
19,SET,244,6
19,SET,245,7
19,SET,246,12
19,SET,247,7
19,SET,248,5
19,SET,249,4
19,SET,250,6
19,SET,251,8
19,SET,252,2
19,SET,253,9
19,SET,254,2
19,SET,255,4
19,SET,257,16
19,SET,259,8
19,SET,261,6
19,SET,263,6
19,SET,265,8
19,SET,267,4
19,SET,269,4
19,SET,271,4
19,SET,273,4
19,SET,275,4
19,SET,279,3
19,SET,281,3
19,SET,283,2
19,SET,287,1
19,SET,289,4
19,SET,291,3
19,SET,293,1
19,SET,295,3
19,SET,297,2
19,SET,299,3
19,SET,301,3
19,SET,305,2
19,SET,307,2
19,SET,309,5
19,SET,313,1
19,SET,315,2
19,SET,317,3
19,SET,321,3
19,SET,323,1
19,SET,325,2
19,SET,327,3
19,SET,329,2
19,SET,333,4
19,SET,335,1
19,SET,337,2
19,SET,339,5
19,SET,341,5
19,SET,343,1
19,SET,345,2
19,SET,349,1
19,SET,351,2
19,SET,353,1
19,SET,357,1
19,SET,359,1
19,SET,365,2
19,SET,367,2
19,SET,371,2
19,SET,389,1
19,SET,391,1
19,SET,405,2
19,SET,411,1
19,SET,421,2
19,SET,423,1
19,SET,425,1
19,SET,453,1
19,SET,475,1
19,SET,483,1
19,SET,507,1
19,SET,539,1
19,SET,543,2
19,SET,551,1
19,SET,555,1
19,SET,559,1
19,SET,591,1
19,SET,627,2
19,SET,651,1
19,SET,723,1
19,SET,827,1
19,SET,891,1
19,SET,1063,1
19,SET,1167,1
19,SET,1471,1
19,GET,73,3
19,GET,74,5
19,GET,75,5
19,GET,76,17
19,GET,77,22
19,GET,78,51
19,GET,79,67
19,GET,80,112
19,GET,81,148
19,GET,82,168
19,GET,83,302
19,GET,84,367
19,GET,85,503
19,GET,86,565
19,GET,87,724
19,GET,88,846
19,GET,89,997
19,GET,90,1105
19,GET,91,1290
19,GET,92,1387
19,GET,93,1492
19,GET,94,1688
19,GET,95,1889
19,GET,96,2117
19,GET,97,2275
19,GET,98,2543
19,GET,99,2703
19,GET,100,3048
19,GET,101,3119
19,GET,102,3323
19,GET,103,3433
19,GET,104,3770
19,GET,105,4013
19,GET,106,4171
19,GET,107,4366
19,GET,108,4412
19,GET,109,4488
19,GET,110,4699
19,GET,111,4830
19,GET,112,4910
19,GET,113,5138
19,GET,114,5410
19,GET,115,5579
19,GET,116,5558
19,GET,117,5697
19,GET,118,5764
19,GET,119,5861
19,GET,120,6176
19,GET,121,6218
19,GET,122,6056
19,GET,123,6201
19,GET,124,6367
19,GET,125,6267
19,GET,126,6541
19,GET,127,6492
19,GET,128,6195
19,GET,129,6418
19,GET,130,6444
19,GET,131,6461
19,GET,132,6431
19,GET,133,6313
19,GET,134,6248
19,GET,135,6115
19,GET,136,6126
19,GET,137,6129
19,GET,138,6025
19,GET,139,6007
19,GET,140,5998
19,GET,141,5893
19,GET,142,5933
19,GET,143,5795
19,GET,144,5602
19,GET,145,5610
19,GET,146,5457
19,GET,147,5431
19,GET,148,5381
19,GET,149,5127
19,GET,150,5189
19,GET,151,4950
19,GET,152,4804
19,GET,153,4559
19,GET,154,4378
19,GET,155,4367
19,GET,156,4225
19,GET,157,4160
19,GET,158,4037
19,GET,159,3839
19,GET,160,3836
19,GET,161,3719
19,GET,162,3555
19,GET,163,3473
19,GET,164,3396
19,GET,165,3178
19,GET,166,3072
19,GET,167,3089
19,GET,168,2882
19,GET,169,2873
19,GET,170,2673
19,GET,171,2634
19,GET,172,2482
19,GET,173,2451
19,GET,174,2225
19,GET,175,2204
19,GET,176,2105
19,GET,177,2081
19,GET,178,1986
19,GET,179,1909
19,GET,180,1800
19,GET,181,1706
19,GET,182,1710
19,GET,183,1553
19,GET,184,1533
19,GET,185,1466
19,GET,186,1439
19,GET,187,1281
19,GET,188,1273
19,GET,189,1168
19,GET,190,1126
19,GET,191,1051
19,GET,192,1025
19,GET,193,1025
19,GET,194,1008
19,GET,195,945
19,GET,196,911
19,GET,197,801
19,GET,198,806
19,GET,199,824
19,GET,200,789
19,GET,201,739
19,GET,202,652
19,GET,203,622
19,GET,204,605
19,GET,205,562
19,GET,206,553
19,GET,207,503
19,GET,208,495
19,GET,209,455
19,GET,210,427
19,GET,211,405
19,GET,212,429
19,GET,213,370
19,GET,214,390
19,GET,215,383
19,GET,216,333
19,GET,217,340
19,GET,218,281
19,GET,219,277
19,GET,220,276
19,GET,221,247
19,GET,222,257
19,GET,223,241
19,GET,224,227
19,GET,225,218
19,GET,226,185
19,GET,227,184
19,GET,228,155
19,GET,229,166
19,GET,230,145
19,GET,231,173
19,GET,232,155
19,GET,233,147
19,GET,234,128
19,GET,235,131
19,GET,236,111
19,GET,237,103
19,GET,238,117
19,GET,239,101
19,GET,240,101
19,GET,241,87
19,GET,242,79
19,GET,243,84
19,GET,244,89
19,GET,245,80
19,GET,246,62
19,GET,247,69
19,GET,248,70
19,GET,249,73
19,GET,250,53
19,GET,251,51
19,GET,252,56
19,GET,253,56
19,GET,254,53
19,GET,255,63
19,GET,257,75
19,GET,259,84
19,GET,261,93
19,GET,263,81
19,GET,265,69
19,GET,267,68
19,GET,269,57
19,GET,271,68
19,GET,273,45
19,GET,275,46
19,GET,277,56
19,GET,279,46
19,GET,281,42
19,GET,283,48
19,GET,285,31
19,GET,287,43
19,GET,289,39
19,GET,291,31
19,GET,293,29
19,GET,295,26
19,GET,297,32
19,GET,299,24
19,GET,301,18
19,GET,303,20
19,GET,305,24
19,GET,307,21
19,GET,309,18
19,GET,311,18
19,GET,313,14
19,GET,315,14
19,GET,317,17
19,GET,319,12
19,GET,321,26
19,GET,323,17
19,GET,325,11
19,GET,327,16
19,GET,329,18
19,GET,331,15
19,GET,333,19
19,GET,335,10
19,GET,337,15
19,GET,339,15
19,GET,341,14
19,GET,343,5
19,GET,345,12
19,GET,347,7
19,GET,349,11
19,GET,351,16
19,GET,353,7
19,GET,355,14
19,GET,357,8
19,GET,359,7
19,GET,361,8
19,GET,363,11
19,GET,365,4
19,GET,367,12
19,GET,369,11
19,GET,371,9
19,GET,373,11
19,GET,375,6
19,GET,377,7
19,GET,379,7
19,GET,381,8
19,GET,383,7
19,GET,385,7
19,GET,387,11
19,GET,389,7
19,GET,391,8
19,GET,393,6
19,GET,395,7
19,GET,397,13
19,GET,399,6
19,GET,403,8
19,GET,405,4
19,GET,407,10
19,GET,409,5
19,GET,411,6
19,GET,413,3
19,GET,415,6
19,GET,417,5
19,GET,419,6
19,GET,421,9
19,GET,423,5
19,GET,425,1
19,GET,427,2
19,GET,429,6
19,GET,431,3
19,GET,433,2
19,GET,435,2
19,GET,437,2
19,GET,439,6
19,GET,441,3
19,GET,443,5
19,GET,445,3
19,GET,447,4
19,GET,449,2
19,GET,451,2
19,GET,453,2
19,GET,455,6
19,GET,457,5
19,GET,459,1
19,GET,461,2
19,GET,463,2
19,GET,465,1
19,GET,467,3
19,GET,469,2
19,GET,473,1
19,GET,475,1
19,GET,477,2
19,GET,481,1
19,GET,485,4
19,GET,487,1
19,GET,489,1
19,GET,491,2
19,GET,493,3
19,GET,495,1
19,GET,497,1
19,GET,501,2
19,GET,503,1
19,GET,505,2
19,GET,507,1
19,GET,509,2
19,GET,511,2
19,GET,515,4
19,GET,519,6
19,GET,523,1
19,GET,527,1
19,GET,531,3
19,GET,535,1
19,GET,539,3
19,GET,543,6
19,GET,547,2
19,GET,551,1
19,GET,555,5
19,GET,559,2
19,GET,563,5
19,GET,567,1
19,GET,571,1
19,GET,575,5
19,GET,583,2
19,GET,587,1
19,GET,591,2
19,GET,595,3
19,GET,603,1
19,GET,607,3
19,GET,611,1
19,GET,615,1
19,GET,619,3
19,GET,623,3
19,GET,627,2
19,GET,631,2
19,GET,635,4
19,GET,639,1
19,GET,643,1
19,GET,647,2
19,GET,651,2
19,GET,655,1
19,GET,659,5
19,GET,663,3
19,GET,667,1
19,GET,675,4
19,GET,679,1
19,GET,683,3
19,GET,687,4
19,GET,691,3
19,GET,695,3
19,GET,703,3
19,GET,711,2
19,GET,715,1
19,GET,727,1
19,GET,731,3
19,GET,739,1
19,GET,743,3
19,GET,755,1
19,GET,759,1
19,GET,767,1
19,GET,771,1
19,GET,775,2
19,GET,787,1
19,GET,791,2
19,GET,799,1
19,GET,807,1
19,GET,811,1
19,GET,815,1
19,GET,823,1
19,GET,827,1
19,GET,847,2
19,GET,871,1
19,GET,875,1
19,GET,895,2
19,GET,907,1
19,GET,915,1
19,GET,963,1
19,GET,995,1
19,GET,1003,1
19,GET,1007,1
19,GET,1011,1
19,GET,1015,1
19,GET,1039,1
19,GET,1047,1
19,GET,1071,1
19,GET,1079,2
19,GET,1095,1
19,GET,1135,1
19,GET,1143,2
19,GET,1159,1
19,GET,1191,2
19,GET,1215,1
19,GET,1223,1
19,GET,1231,1
19,GET,1239,1
19,GET,1263,1
19,GET,1279,1
19,GET,1287,2
19,GET,1303,1
19,GET,1319,2
19,GET,1327,1
19,GET,1367,1
19,GET,1383,1
19,GET,1391,1
19,GET,1407,2
19,GET,1415,1
19,GET,1423,1
19,GET,1447,1
19,GET,1455,3
19,GET,1471,1
19,GET,1495,1
19,GET,1527,1
19,GET,1535,1
19,GET,1543,1
19,GET,1551,3
19,GET,1559,1
19,GET,1567,1
19,GET,1591,1
19,GET,1615,1
19,GET,1623,1
19,GET,1639,2
19,GET,1671,1
19,GET,1687,2
19,GET,1711,1
19,GET,1719,2
19,GET,1751,1
19,GET,1767,2
19,GET,1775,2
19,GET,1791,2
19,GET,1823,1
19,GET,1839,1
19,GET,1943,1
19,GET,1959,1
19,GET,1975,1
19,GET,1999,1
19,GET,2007,1
19,GET,2039,1
19,GET,2079,1
19,GET,2191,1
19,GET,2207,1
19,GET,2351,2
19,GET,2415,1
19,GET,2511,1
19,GET,2527,1
19,GET,2559,1
19,GET,2607,1
19,GET,2703,1
19,GET,2719,1
19,GET,3199,1
19,GET,3391,1
19,GET,3567,1
19,GET,4255,1
19,GET,4959,1
19,GET,5407,1
19,GET,6911,1
19,GET,7103,1
20,SET,77,2
20,SET,80,1
20,SET,81,2
20,SET,82,6
20,SET,83,5
20,SET,84,9
20,SET,85,8
20,SET,86,13
20,SET,87,17
20,SET,88,20
20,SET,89,33
20,SET,90,35
20,SET,91,48
20,SET,92,42
20,SET,93,40
20,SET,94,59
20,SET,95,79
20,SET,96,95
20,SET,97,87
20,SET,98,105
20,SET,99,121
20,SET,100,125
20,SET,101,136
20,SET,102,144
20,SET,103,138
20,SET,104,151
20,SET,105,189
20,SET,106,195
20,SET,107,214
20,SET,108,226
20,SET,109,197
20,SET,110,262
20,SET,111,260
20,SET,112,252
20,SET,113,302
20,SET,114,270
20,SET,115,288
20,SET,116,332
20,SET,117,294
20,SET,118,300
20,SET,119,365
20,SET,120,390
20,SET,121,334
20,SET,122,360
20,SET,123,373
20,SET,124,379
20,SET,125,377
20,SET,126,415
20,SET,127,402
20,SET,128,443
20,SET,129,396
20,SET,130,400
20,SET,131,447
20,SET,132,428
20,SET,133,429
20,SET,134,456
20,SET,135,405
20,SET,136,449
20,SET,137,457
20,SET,138,441
20,SET,139,454
20,SET,140,456
20,SET,141,416
20,SET,142,453
20,SET,143,449
20,SET,144,445
20,SET,145,441
20,SET,146,421
20,SET,147,462
20,SET,148,394
20,SET,149,421
20,SET,150,381
20,SET,151,395
20,SET,152,385
20,SET,153,391
20,SET,154,372
20,SET,155,386
20,SET,156,399
20,SET,157,359
20,SET,158,319
20,SET,159,386
20,SET,160,307
20,SET,161,311
20,SET,162,310
20,SET,163,305
20,SET,164,333
20,SET,165,300
20,SET,166,299
20,SET,167,297
20,SET,168,261
20,SET,169,235
20,SET,170,253
20,SET,171,265
20,SET,172,219
20,SET,173,255
20,SET,174,235
20,SET,175,215
20,SET,176,217
20,SET,177,194
20,SET,178,194
20,SET,179,195
20,SET,180,187
20,SET,181,192
20,SET,182,184
20,SET,183,150
20,SET,184,153
20,SET,185,137
20,SET,186,125
20,SET,187,118
20,SET,188,145
20,SET,189,115
20,SET,190,108
20,SET,191,113
20,SET,192,120
20,SET,193,119
20,SET,194,94
20,SET,195,93
20,SET,196,75
20,SET,197,82
20,SET,198,75
20,SET,199,76
20,SET,200,74
20,SET,201,67
20,SET,202,78
20,SET,203,72
20,SET,204,67
20,SET,205,53
20,SET,206,60
20,SET,207,56
20,SET,208,56
20,SET,209,46
20,SET,210,53
20,SET,211,38
20,SET,212,38
20,SET,213,37
20,SET,214,43
20,SET,215,48
20,SET,216,45
20,SET,217,41
20,SET,218,45
20,SET,219,28
20,SET,220,31
20,SET,221,18
20,SET,222,21
20,SET,223,28
20,SET,224,20
20,SET,225,18
20,SET,226,21
20,SET,227,22
20,SET,228,20
20,SET,229,19
20,SET,230,14
20,SET,231,18
20,SET,232,15
20,SET,233,10
20,SET,234,16
20,SET,235,13
20,SET,236,9
20,SET,237,18
20,SET,238,20
20,SET,239,11
20,SET,240,12
20,SET,241,10
20,SET,242,4
20,SET,243,12
20,SET,244,10
20,SET,245,11
20,SET,246,10
20,SET,247,6
20,SET,248,2
20,SET,249,10
20,SET,250,7
20,SET,251,5
20,SET,252,15
20,SET,253,9
20,SET,254,4
20,SET,255,7
20,SET,257,14
20,SET,259,11
20,SET,261,5
20,SET,263,6
20,SET,265,4
20,SET,267,10
20,SET,269,11
20,SET,271,8
20,SET,273,8
20,SET,275,4
20,SET,277,2
20,SET,279,4
20,SET,281,6
20,SET,283,6
20,SET,285,2
20,SET,287,3
20,SET,289,1
20,SET,291,2
20,SET,293,5
20,SET,295,3
20,SET,297,1
20,SET,301,4
20,SET,303,3
20,SET,305,2
20,SET,307,4
20,SET,309,2
20,SET,311,4
20,SET,313,1
20,SET,315,2
20,SET,317,1
20,SET,319,2
20,SET,321,3
20,SET,323,1
20,SET,325,4
20,SET,331,2
20,SET,333,1
20,SET,335,1
20,SET,337,1
20,SET,341,4
20,SET,343,2
20,SET,345,1
20,SET,347,1
20,SET,349,1
20,SET,351,1
20,SET,353,1
20,SET,355,1
20,SET,357,1
20,SET,359,1
20,SET,363,3
20,SET,375,3
20,SET,379,1
20,SET,391,1
20,SET,393,1
20,SET,395,2
20,SET,399,2
20,SET,401,1
20,SET,407,2
20,SET,409,1
20,SET,413,1
20,SET,427,1
20,SET,429,1
20,SET,439,1
20,SET,469,1
20,SET,479,1
20,SET,481,1
20,SET,485,1
20,SET,495,1
20,SET,499,1
20,SET,527,2
20,SET,531,1
20,SET,535,1
20,SET,543,1
20,SET,567,1
20,SET,579,2
20,SET,583,1
20,SET,619,1
20,SET,627,1
20,SET,647,1
20,SET,703,2
20,SET,1479,1
20,SET,1551,1
20,SET,3503,1
20,DEL,74,1
20,DEL,75,1
20,DEL,76,4
20,DEL,77,7
20,DEL,78,18
20,DEL,79,17
20,DEL,80,30
20,DEL,81,38
20,DEL,82,58
20,DEL,83,61
20,DEL,84,98
20,DEL,85,109
20,DEL,86,151
20,DEL,87,201
20,DEL,88,224
20,DEL,89,228
20,DEL,90,321
20,DEL,91,309
20,DEL,92,354
20,DEL,93,405
20,DEL,94,471
20,DEL,95,500
20,DEL,96,550
20,DEL,97,625
20,DEL,98,709
20,DEL,99,780
20,DEL,100,785
20,DEL,101,902
20,DEL,102,996
20,DEL,103,1097
20,DEL,104,1133
20,DEL,105,1143
20,DEL,106,1219
20,DEL,107,1315
20,DEL,108,1312
20,DEL,109,1381
20,DEL,110,1449
20,DEL,111,1419
20,DEL,112,1588
20,DEL,113,1561
20,DEL,114,1655
20,DEL,115,1694
20,DEL,116,1772
20,DEL,117,1821
20,DEL,118,1850
20,DEL,119,1959
20,DEL,120,1970
20,DEL,121,2083
20,DEL,122,2111
20,DEL,123,2095
20,DEL,124,2122
20,DEL,125,2109
20,DEL,126,2145
20,DEL,127,2149
20,DEL,128,2146
20,DEL,129,2249
20,DEL,130,2148
20,DEL,131,2159
20,DEL,132,2137
20,DEL,133,2157
20,DEL,134,2202
20,DEL,135,2281
20,DEL,136,2273
20,DEL,137,2267
20,DEL,138,2228
20,DEL,139,2295
20,DEL,140,2184
20,DEL,141,2208
20,DEL,142,2121
20,DEL,143,2127
20,DEL,144,2084
20,DEL,145,2082
20,DEL,146,2079
20,DEL,147,1981
20,DEL,148,2040
20,DEL,149,2064
20,DEL,150,1955
20,DEL,151,1808
20,DEL,152,1797
20,DEL,153,1824
20,DEL,154,1758
20,DEL,155,1746
20,DEL,156,1666
20,DEL,157,1720
20,DEL,158,1576
20,DEL,159,1607
20,DEL,160,1515
20,DEL,161,1419
20,DEL,162,1397
20,DEL,163,1370
20,DEL,164,1345
20,DEL,165,1294
20,DEL,166,1316
20,DEL,167,1238
20,DEL,168,1182
20,DEL,169,1071
20,DEL,170,1070
20,DEL,171,1030
20,DEL,172,1013
20,DEL,173,989
20,DEL,174,928
20,DEL,175,970
20,DEL,176,862
20,DEL,177,822
20,DEL,178,825
20,DEL,179,791
20,DEL,180,747
20,DEL,181,722
20,DEL,182,713
20,DEL,183,687
20,DEL,184,587
20,DEL,185,607
20,DEL,186,597
20,DEL,187,588
20,DEL,188,557
20,DEL,189,520
20,DEL,190,488
20,DEL,191,493
20,DEL,192,448
20,DEL,193,406
20,DEL,194,447
20,DEL,195,395
20,DEL,196,398
20,DEL,197,362
20,DEL,198,351
20,DEL,199,319
20,DEL,200,301
20,DEL,201,305
20,DEL,202,298
20,DEL,203,286
20,DEL,204,262
20,DEL,205,229
20,DEL,206,246
20,DEL,207,210
20,DEL,208,234
20,DEL,209,185
20,DEL,210,226
20,DEL,211,186
20,DEL,212,176
20,DEL,213,161
20,DEL,214,159
20,DEL,215,175
20,DEL,216,160
20,DEL,217,146
20,DEL,218,129
20,DEL,219,107
20,DEL,220,111
20,DEL,221,105
20,DEL,222,106
20,DEL,223,105
20,DEL,224,101
20,DEL,225,85
20,DEL,226,88
20,DEL,227,81
20,DEL,228,87
20,DEL,229,79
20,DEL,230,75
20,DEL,231,73
20,DEL,232,64
20,DEL,233,48
20,DEL,234,57
20,DEL,235,48
20,DEL,236,57
20,DEL,237,46
20,DEL,238,53
20,DEL,239,37
20,DEL,240,27
20,DEL,241,41
20,DEL,242,44
20,DEL,243,40
20,DEL,244,34
20,DEL,245,27
20,DEL,246,25
20,DEL,247,27
20,DEL,248,28
20,DEL,249,27
20,DEL,250,31
20,DEL,251,36
20,DEL,252,27
20,DEL,253,21
20,DEL,254,28
20,DEL,255,34
20,DEL,257,47
20,DEL,259,26
20,DEL,261,30
20,DEL,263,33
20,DEL,265,27
20,DEL,267,30
20,DEL,269,24
20,DEL,271,24
20,DEL,273,26
20,DEL,275,16
20,DEL,277,22
20,DEL,279,16
20,DEL,281,10
20,DEL,283,10
20,DEL,285,13
20,DEL,287,17
20,DEL,289,11
20,DEL,291,9
20,DEL,293,7
20,DEL,295,13
20,DEL,297,9
20,DEL,299,9
20,DEL,301,10
20,DEL,303,12
20,DEL,305,17
20,DEL,307,10
20,DEL,309,7
20,DEL,311,9
20,DEL,313,7
20,DEL,315,9
20,DEL,317,6
20,DEL,319,6
20,DEL,321,5
20,DEL,323,8
20,DEL,325,7
20,DEL,327,10
20,DEL,329,11
20,DEL,331,4
20,DEL,333,5
20,DEL,335,8
20,DEL,337,9
20,DEL,339,3
20,DEL,341,3
20,DEL,343,8
20,DEL,345,7
20,DEL,347,3
20,DEL,349,3
20,DEL,351,7
20,DEL,353,1
20,DEL,355,1
20,DEL,357,3
20,DEL,359,1
20,DEL,361,5
20,DEL,363,3
20,DEL,365,2
20,DEL,367,1
20,DEL,369,1
20,DEL,371,1
20,DEL,373,2
20,DEL,375,4
20,DEL,377,4
20,DEL,379,3
20,DEL,381,1
20,DEL,383,2
20,DEL,385,4
20,DEL,387,2
20,DEL,389,2
20,DEL,391,3
20,DEL,393,2
20,DEL,395,3
20,DEL,397,3
20,DEL,399,1
20,DEL,405,1
20,DEL,407,4
20,DEL,409,2
20,DEL,411,2
20,DEL,413,2
20,DEL,415,2
20,DEL,419,2
20,DEL,421,2
20,DEL,423,2
20,DEL,427,3
20,DEL,431,2
20,DEL,435,1
20,DEL,437,1
20,DEL,439,2
20,DEL,441,4
20,DEL,443,2
20,DEL,445,1
20,DEL,447,1
20,DEL,449,1
20,DEL,453,1
20,DEL,455,2
20,DEL,461,1
20,DEL,465,1
20,DEL,469,1
20,DEL,471,2
20,DEL,473,1
20,DEL,477,1
20,DEL,481,2
20,DEL,483,3
20,DEL,493,1
20,DEL,495,3
20,DEL,497,1
20,DEL,503,1
20,DEL,507,2
20,DEL,515,1
20,DEL,519,1
20,DEL,523,3
20,DEL,527,3
20,DEL,531,2
20,DEL,535,2
20,DEL,539,2
20,DEL,543,2
20,DEL,547,1
20,DEL,551,1
20,DEL,555,1
20,DEL,567,3
20,DEL,571,1
20,DEL,583,2
20,DEL,587,1
20,DEL,599,4
20,DEL,603,1
20,DEL,611,3
20,DEL,615,2
20,DEL,619,1
20,DEL,639,1
20,DEL,643,1
20,DEL,647,1
20,DEL,651,1
20,DEL,659,2
20,DEL,667,2
20,DEL,679,1
20,DEL,683,1
20,DEL,703,1
20,DEL,707,1
20,DEL,723,2
20,DEL,727,1
20,DEL,735,2
20,DEL,751,2
20,DEL,759,1
20,DEL,771,2
20,DEL,779,3
20,DEL,799,1
20,DEL,807,1
20,DEL,815,1
20,DEL,827,1
20,DEL,879,1
20,DEL,915,1
20,DEL,935,1
20,DEL,939,1
20,DEL,951,1
20,DEL,975,1
20,DEL,987,1
20,DEL,1011,1
20,DEL,1015,1
20,DEL,1031,1
20,DEL,1039,1
20,DEL,1047,1
20,DEL,1135,1
20,DEL,1143,1
20,DEL,1183,1
20,DEL,1231,2
20,DEL,1239,1
20,DEL,1279,1
20,DEL,1319,1
20,DEL,1327,1
20,DEL,1351,1
20,DEL,1479,1
20,DEL,1511,2
20,DEL,1543,1
20,DEL,1551,2
20,DEL,1567,1
20,DEL,1647,1
20,DEL,1663,2
20,DEL,1671,1
20,DEL,1687,1
20,DEL,1775,1
20,DEL,1791,2
20,DEL,1831,1
20,DEL,1855,1
20,DEL,1863,1
20,DEL,1935,1
20,DEL,1999,1
20,DEL,2015,1
20,DEL,2079,2
20,DEL,2159,1
20,DEL,2239,1
20,DEL,3071,1
20,DEL,3279,1
20,DEL,5887,1
20,DEL,7519,1
20,GET,71,1
20,GET,72,1
20,GET,73,3
20,GET,74,8
20,GET,75,6
20,GET,76,18
20,GET,77,28
20,GET,78,53
20,GET,79,59
20,GET,80,104
20,GET,81,134
20,GET,82,200
20,GET,83,220
20,GET,84,314
20,GET,85,334
20,GET,86,485
20,GET,87,577
20,GET,88,647
20,GET,89,759
20,GET,90,878
20,GET,91,965
20,GET,92,1093
20,GET,93,1273
20,GET,94,1346
20,GET,95,1556
20,GET,96,1694
20,GET,97,1915
20,GET,98,2109
20,GET,99,2336
20,GET,100,2560
20,GET,101,2706
20,GET,102,2846
20,GET,103,3143
20,GET,104,3196
20,GET,105,3427
20,GET,106,3654
20,GET,107,3744
20,GET,108,3870
20,GET,109,3888
20,GET,110,4197
20,GET,111,4379
20,GET,112,4478
20,GET,113,4592
20,GET,114,4681
20,GET,115,4834
20,GET,116,5113
20,GET,117,5150
20,GET,118,5521
20,GET,119,5545
20,GET,120,5594
20,GET,121,5789
20,GET,122,5872
20,GET,123,5994
20,GET,124,6077
20,GET,125,6173
20,GET,126,6111
20,GET,127,6162
20,GET,128,6195
20,GET,129,6125
20,GET,130,6074
20,GET,131,6105
20,GET,132,6270
20,GET,133,6298
20,GET,134,6246
20,GET,135,6289
20,GET,136,6260
20,GET,137,6185
20,GET,138,6165
20,GET,139,6228
20,GET,140,6086
20,GET,141,6289
20,GET,142,6037
20,GET,143,5985
20,GET,144,5729
20,GET,145,5859
20,GET,146,5576
20,GET,147,5655
20,GET,148,5496
20,GET,149,5521
20,GET,150,5399
20,GET,151,5205
20,GET,152,5040
20,GET,153,4982
20,GET,154,4780
20,GET,155,4712
20,GET,156,4617
20,GET,157,4601
20,GET,158,4519
20,GET,159,4276
20,GET,160,4160
20,GET,161,4211
20,GET,162,4098
20,GET,163,3899
20,GET,164,3694
20,GET,165,3522
20,GET,166,3396
20,GET,167,3217
20,GET,168,3280
20,GET,169,3075
20,GET,170,3056
20,GET,171,2764
20,GET,172,2802
20,GET,173,2685
20,GET,174,2603
20,GET,175,2478
20,GET,176,2383
20,GET,177,2311
20,GET,178,2241
20,GET,179,2059
20,GET,180,2058
20,GET,181,1980
20,GET,182,2028
20,GET,183,1853
20,GET,184,1715
20,GET,185,1615
20,GET,186,1599
20,GET,187,1537
20,GET,188,1492
20,GET,189,1356
20,GET,190,1370
20,GET,191,1280
20,GET,192,1177
20,GET,193,1176
20,GET,194,1135
20,GET,195,1047
20,GET,196,1017
20,GET,197,938
20,GET,198,890
20,GET,199,922
20,GET,200,863
20,GET,201,784
20,GET,202,741
20,GET,203,706
20,GET,204,689
20,GET,205,631
20,GET,206,638
20,GET,207,561
20,GET,208,564
20,GET,209,498
20,GET,210,496
20,GET,211,493
20,GET,212,450
20,GET,213,472
20,GET,214,374
20,GET,215,391
20,GET,216,369
20,GET,217,370
20,GET,218,325
20,GET,219,302
20,GET,220,309
20,GET,221,279
20,GET,222,265
20,GET,223,265
20,GET,224,246
20,GET,225,245
20,GET,226,234
20,GET,227,223
20,GET,228,223
20,GET,229,170
20,GET,230,198
20,GET,231,164
20,GET,232,149
20,GET,233,141
20,GET,234,133
20,GET,235,166
20,GET,236,110
20,GET,237,154
20,GET,238,121
20,GET,239,131
20,GET,240,102
20,GET,241,112
20,GET,242,90
20,GET,243,111
20,GET,244,97
20,GET,245,90
20,GET,246,88
20,GET,247,78
20,GET,248,80
20,GET,249,82
20,GET,250,69
20,GET,251,71
20,GET,252,62
20,GET,253,65
20,GET,254,59
20,GET,255,62
20,GET,257,105
20,GET,259,108
20,GET,261,102
20,GET,263,84
20,GET,265,72
20,GET,267,74
20,GET,269,60
20,GET,271,59
20,GET,273,54
20,GET,275,38
20,GET,277,49
20,GET,279,59
20,GET,281,58
20,GET,283,47
20,GET,285,40
20,GET,287,44
20,GET,289,37
20,GET,291,36
20,GET,293,26
20,GET,295,24
20,GET,297,44
20,GET,299,28
20,GET,301,23
20,GET,303,18
20,GET,305,34
20,GET,307,34
20,GET,309,22
20,GET,311,30
20,GET,313,16
20,GET,315,19
20,GET,317,22
20,GET,319,19
20,GET,321,18
20,GET,323,23
20,GET,325,23
20,GET,327,13
20,GET,329,9
20,GET,331,14
20,GET,333,14
20,GET,335,19
20,GET,337,11
20,GET,339,16
20,GET,341,21
20,GET,343,10
20,GET,345,15
20,GET,347,15
20,GET,349,16
20,GET,351,18
20,GET,353,14
20,GET,355,14
20,GET,357,16
20,GET,359,8
20,GET,361,17
20,GET,363,14
20,GET,365,15
20,GET,367,8
20,GET,369,5
20,GET,371,10
20,GET,373,11
20,GET,375,5
20,GET,377,7
20,GET,379,6
20,GET,381,10
20,GET,383,12
20,GET,385,9
20,GET,387,6
20,GET,389,6
20,GET,391,4
20,GET,393,13
20,GET,395,4
20,GET,397,5
20,GET,399,6
20,GET,401,3
20,GET,403,5
20,GET,405,8
20,GET,407,8
20,GET,409,1
20,GET,411,8
20,GET,413,2
20,GET,415,2
20,GET,417,6
20,GET,419,8
20,GET,421,5
20,GET,423,3
20,GET,425,3
20,GET,427,4
20,GET,429,6
20,GET,431,2
20,GET,433,6
20,GET,435,6
20,GET,437,6
20,GET,439,2
20,GET,441,6
20,GET,443,3
20,GET,445,4
20,GET,447,6
20,GET,449,4
20,GET,451,3
20,GET,453,3
20,GET,455,1
20,GET,457,2
20,GET,459,1
20,GET,461,6
20,GET,465,2
20,GET,467,3
20,GET,469,1
20,GET,471,6
20,GET,473,5
20,GET,475,2
20,GET,477,3
20,GET,479,3
20,GET,481,5
20,GET,483,2
20,GET,485,6
20,GET,487,2
20,GET,489,1
20,GET,491,3
20,GET,493,4
20,GET,495,2
20,GET,497,2
20,GET,499,2
20,GET,501,3
20,GET,503,1
20,GET,505,2
20,GET,507,3
20,GET,509,1
20,GET,511,2
20,GET,515,3
20,GET,519,6
20,GET,523,5
20,GET,527,7
20,GET,531,5
20,GET,535,7
20,GET,539,2
20,GET,543,3
20,GET,547,4
20,GET,551,5
20,GET,555,3
20,GET,559,4
20,GET,563,4
20,GET,567,5
20,GET,571,3
20,GET,575,4
20,GET,579,2
20,GET,583,4
20,GET,587,3
20,GET,591,6
20,GET,595,2
20,GET,599,4
20,GET,607,1
20,GET,611,1
20,GET,615,4
20,GET,619,1
20,GET,623,2
20,GET,627,3
20,GET,631,3
20,GET,635,4
20,GET,639,2
20,GET,651,4
20,GET,655,2
20,GET,659,3
20,GET,663,2
20,GET,667,4
20,GET,671,3
20,GET,675,2
20,GET,679,5
20,GET,683,3
20,GET,687,1
20,GET,695,2
20,GET,699,1
20,GET,703,6
20,GET,707,2
20,GET,711,2
20,GET,715,3
20,GET,719,1
20,GET,723,2
20,GET,731,1
20,GET,735,7
20,GET,743,1
20,GET,747,1
20,GET,751,1
20,GET,759,4
20,GET,763,1
20,GET,771,3
20,GET,779,1
20,GET,795,2
20,GET,803,1
20,GET,811,1
20,GET,815,1
20,GET,819,2
20,GET,835,1
20,GET,839,1
20,GET,859,1
20,GET,871,1
20,GET,875,1
20,GET,883,1
20,GET,887,1
20,GET,899,1
20,GET,903,1
20,GET,911,2
20,GET,919,1
20,GET,927,1
20,GET,939,1
20,GET,943,1
20,GET,947,1
20,GET,951,3
20,GET,987,1
20,GET,991,1
20,GET,1007,2
20,GET,1011,1
20,GET,1019,1
20,GET,1039,1
20,GET,1055,1
20,GET,1063,1
20,GET,1071,1
20,GET,1095,1
20,GET,1103,1
20,GET,1119,2
20,GET,1127,1
20,GET,1151,1
20,GET,1167,2
20,GET,1231,1
20,GET,1239,1
20,GET,1255,4
20,GET,1279,1
20,GET,1287,1
20,GET,1303,1
20,GET,1311,1
20,GET,1327,1
20,GET,1343,3
20,GET,1383,1
20,GET,1399,1
20,GET,1431,2
20,GET,1455,1
20,GET,1479,1
20,GET,1503,1
20,GET,1511,1
20,GET,1519,3
20,GET,1535,1
20,GET,1551,1
20,GET,1559,1
20,GET,1583,2
20,GET,1647,1
20,GET,1655,1
20,GET,1687,1
20,GET,1703,3
20,GET,1727,1
20,GET,1743,1
20,GET,1751,1
20,GET,1775,2
20,GET,1783,1
20,GET,1799,2
20,GET,1807,1
20,GET,1823,1
20,GET,1831,1
20,GET,1847,1
20,GET,1879,1
20,GET,1903,1
20,GET,1951,2
20,GET,1959,1
20,GET,1983,1
20,GET,2023,1
20,GET,2047,1
20,GET,2063,1
20,GET,2095,1
20,GET,2127,1
20,GET,2143,3
20,GET,2175,1
20,GET,2271,1
20,GET,2303,1
20,GET,2831,1
20,GET,2847,1
20,GET,3535,1
20,GET,3599,1
20,GET,3663,1
20,GET,3743,1
20,GET,4159,1
20,GET,4447,1
20,GET,5183,1
20,GET,5759,1
20,GET,6495,2
21,SET,81,1
21,SET,83,2
21,SET,85,4
21,SET,86,11
21,SET,87,16
21,SET,88,27
21,SET,89,24
21,SET,90,24
21,SET,91,24
21,SET,92,38
21,SET,93,44
21,SET,94,66
21,SET,95,52
21,SET,96,73
21,SET,97,85
21,SET,98,78
21,SET,99,121
21,SET,100,95
21,SET,101,105
21,SET,102,129
21,SET,103,142
21,SET,104,149
21,SET,105,176
21,SET,106,192
21,SET,107,186
21,SET,108,208
21,SET,109,224
21,SET,110,214
21,SET,111,217
21,SET,112,229
21,SET,113,272
21,SET,114,294
21,SET,115,294
21,SET,116,286
21,SET,117,269
21,SET,118,353
21,SET,119,299
21,SET,120,330
21,SET,121,350
21,SET,122,378
21,SET,123,389
21,SET,124,391
21,SET,125,403
21,SET,126,419
21,SET,127,434
21,SET,128,397
21,SET,129,381
21,SET,130,393
21,SET,131,414
21,SET,132,400
21,SET,133,405
21,SET,134,448
21,SET,135,431
21,SET,136,384
21,SET,137,400
21,SET,138,429
21,SET,139,484
21,SET,140,428
21,SET,141,416
21,SET,142,442
21,SET,143,430
21,SET,144,426
21,SET,145,444
21,SET,146,441
21,SET,147,396
21,SET,148,398
21,SET,149,391
21,SET,150,420
21,SET,151,386
21,SET,152,399
21,SET,153,372
21,SET,154,348
21,SET,155,419
21,SET,156,386
21,SET,157,330
21,SET,158,362
21,SET,159,372
21,SET,160,355
21,SET,161,359
21,SET,162,324
21,SET,163,343
21,SET,164,342
21,SET,165,293
21,SET,166,290
21,SET,167,281
21,SET,168,281
21,SET,169,277
21,SET,170,231
21,SET,171,277
21,SET,172,231
21,SET,173,240
21,SET,174,262
21,SET,175,244
21,SET,176,246
21,SET,177,201
21,SET,178,193
21,SET,179,193
21,SET,180,182
21,SET,181,170
21,SET,182,197
21,SET,183,167
21,SET,184,159
21,SET,185,160
21,SET,186,146
21,SET,187,141
21,SET,188,155
21,SET,189,168
21,SET,190,124
21,SET,191,138
21,SET,192,119
21,SET,193,125
21,SET,194,123
21,SET,195,112
21,SET,196,130
21,SET,197,94
21,SET,198,114
21,SET,199,91
21,SET,200,66
21,SET,201,78
21,SET,202,75
21,SET,203,83
21,SET,204,77
21,SET,205,72
21,SET,206,67
21,SET,207,63
21,SET,208,78
21,SET,209,70
21,SET,210,67
21,SET,211,66
21,SET,212,41
21,SET,213,47
21,SET,214,44
21,SET,215,46
21,SET,216,28
21,SET,217,35
21,SET,218,40
21,SET,219,41
21,SET,220,36
21,SET,221,38
21,SET,222,34
21,SET,223,25
21,SET,224,38
21,SET,225,31
21,SET,226,30
21,SET,227,31
21,SET,228,20
21,SET,229,31
21,SET,230,18
21,SET,231,20
21,SET,232,20
21,SET,233,17
21,SET,234,9
21,SET,235,19
21,SET,236,17
21,SET,237,20
21,SET,238,8
21,SET,239,7
21,SET,240,12
21,SET,241,12
21,SET,242,9
21,SET,243,15
21,SET,244,11
21,SET,245,10
21,SET,246,10
21,SET,247,7
21,SET,248,11
21,SET,249,9
21,SET,250,10
21,SET,251,14
21,SET,252,6
21,SET,253,5
21,SET,254,5
21,SET,255,3
21,SET,257,15
21,SET,259,18
21,SET,261,8
21,SET,263,10
21,SET,265,12
21,SET,267,7
21,SET,269,6
21,SET,271,8
21,SET,273,4
21,SET,275,3
21,SET,277,5
21,SET,279,6
21,SET,281,2
21,SET,283,2
21,SET,285,9
21,SET,287,4
21,SET,289,2
21,SET,291,5
21,SET,293,3
21,SET,295,6
21,SET,297,1
21,SET,299,3
21,SET,301,2
21,SET,303,2
21,SET,305,1
21,SET,307,1
21,SET,311,1
21,SET,313,3
21,SET,325,1
21,SET,327,3
21,SET,329,3
21,SET,331,2
21,SET,335,1
21,SET,337,1
21,SET,339,2
21,SET,341,1
21,SET,343,1
21,SET,345,1
21,SET,349,1
21,SET,351,2
21,SET,353,2
21,SET,355,1
21,SET,359,2
21,SET,363,2
21,SET,365,1
21,SET,367,1
21,SET,369,2
21,SET,371,2
21,SET,373,3
21,SET,375,1
21,SET,377,1
21,SET,379,1
21,SET,381,1
21,SET,385,1
21,SET,393,1
21,SET,409,2
21,SET,433,2
21,SET,515,2
21,SET,519,1
21,SET,527,1
21,SET,543,1
21,SET,563,2
21,SET,583,1
21,SET,599,2
21,SET,627,1
21,SET,639,1
21,SET,703,1
21,SET,763,1
21,SET,791,1
21,SET,907,1
21,SET,979,1
21,SET,999,1
21,SET,1127,1
21,SET,1151,1
21,SET,1223,1
21,SET,1391,1
21,SET,1527,1
21,SET,1679,1
21,SET,1887,1
21,SET,1943,1
21,SET,2591,1
21,GET,73,1
21,GET,75,1
21,GET,76,3
21,GET,77,16
21,GET,78,15
21,GET,79,33
21,GET,80,51
21,GET,81,74
21,GET,82,108
21,GET,83,163
21,GET,84,185
21,GET,85,266
21,GET,86,294
21,GET,87,397
21,GET,88,489
21,GET,89,630
21,GET,90,647
21,GET,91,763
21,GET,92,889
21,GET,93,1040
21,GET,94,1220
21,GET,95,1362
21,GET,96,1534
21,GET,97,1652
21,GET,98,1793
21,GET,99,1988
21,GET,100,2354
21,GET,101,2373
21,GET,102,2576
21,GET,103,2669
21,GET,104,2902
21,GET,105,3035
21,GET,106,3326
21,GET,107,3449
21,GET,108,3582
21,GET,109,3762
21,GET,110,3944
21,GET,111,4038
21,GET,112,4193
21,GET,113,4306
21,GET,114,4563
21,GET,115,4691
21,GET,116,4861
21,GET,117,4996
21,GET,118,5213
21,GET,119,5291
21,GET,120,5471
21,GET,121,5556
21,GET,122,5714
21,GET,123,5712
21,GET,124,5779
21,GET,125,6036
21,GET,126,6044
21,GET,127,6098
21,GET,128,6119
21,GET,129,6154
21,GET,130,6165
21,GET,131,6280
21,GET,132,6294
21,GET,133,6074
21,GET,134,6249
21,GET,135,6194
21,GET,136,6112
21,GET,137,6209
21,GET,138,6172
21,GET,139,6130
21,GET,140,6139
21,GET,141,6140
21,GET,142,5922
21,GET,143,5945
21,GET,144,5847
21,GET,145,5890
21,GET,146,5611
21,GET,147,5588
21,GET,148,5622
21,GET,149,5555
21,GET,150,5583
21,GET,151,5216
21,GET,152,5068
21,GET,153,5147
21,GET,154,4973
21,GET,155,4863
21,GET,156,4749
21,GET,157,4715
21,GET,158,4547
21,GET,159,4322
21,GET,160,4293
21,GET,161,4214
21,GET,162,4113
21,GET,163,3863
21,GET,164,3884
21,GET,165,3729
21,GET,166,3681
21,GET,167,3606
21,GET,168,3273
21,GET,169,3362
21,GET,170,3183
21,GET,171,3005
21,GET,172,2995
21,GET,173,2894
21,GET,174,2770
21,GET,175,2551
21,GET,176,2495
21,GET,177,2503
21,GET,178,2407
21,GET,179,2285
21,GET,180,2132
21,GET,181,2132
21,GET,182,1994
21,GET,183,1945
21,GET,184,1935
21,GET,185,1845
21,GET,186,1770
21,GET,187,1698
21,GET,188,1595
21,GET,189,1551
21,GET,190,1483
21,GET,191,1369
21,GET,192,1321
21,GET,193,1368
21,GET,194,1222
21,GET,195,1148
21,GET,196,1140
21,GET,197,1045
21,GET,198,1124
21,GET,199,1013
21,GET,200,995
21,GET,201,913
21,GET,202,918
21,GET,203,825
21,GET,204,781
21,GET,205,740
21,GET,206,697
21,GET,207,671
21,GET,208,678
21,GET,209,584
21,GET,210,591
21,GET,211,574
21,GET,212,547
21,GET,213,547
21,GET,214,469
21,GET,215,502
21,GET,216,416
21,GET,217,425
21,GET,218,366
21,GET,219,388
21,GET,220,332
21,GET,221,352
21,GET,222,296
21,GET,223,334
21,GET,224,296
21,GET,225,289
21,GET,226,274
21,GET,227,261
21,GET,228,262
21,GET,229,229
21,GET,230,244
21,GET,231,202
21,GET,232,198
21,GET,233,178
21,GET,234,166
21,GET,235,183
21,GET,236,159
21,GET,237,161
21,GET,238,150
21,GET,239,136
21,GET,240,136
21,GET,241,118
21,GET,242,106
21,GET,243,119
21,GET,244,108
21,GET,245,113
21,GET,246,114
21,GET,247,107
21,GET,248,91
21,GET,249,107
21,GET,250,82
21,GET,251,72
21,GET,252,80
21,GET,253,72
21,GET,254,70
21,GET,255,66
21,GET,257,129
21,GET,259,106
21,GET,261,111
21,GET,263,103
21,GET,265,94
21,GET,267,100
21,GET,269,69
21,GET,271,69
21,GET,273,63
21,GET,275,60
21,GET,277,62
21,GET,279,61
21,GET,281,48
21,GET,283,54
21,GET,285,46
21,GET,287,45
21,GET,289,28
21,GET,291,28
21,GET,293,43
21,GET,295,26
21,GET,297,34
21,GET,299,23
21,GET,301,36
21,GET,303,25
21,GET,305,24
21,GET,307,23
21,GET,309,20
21,GET,311,26
21,GET,313,38
21,GET,315,23
21,GET,317,26
21,GET,319,17
21,GET,321,19
21,GET,323,13
21,GET,325,12
21,GET,327,18
21,GET,329,17
21,GET,331,20
21,GET,333,13
21,GET,335,12
21,GET,337,15
21,GET,339,14
21,GET,341,17
21,GET,343,17
21,GET,345,15
21,GET,347,10
21,GET,349,17
21,GET,351,15
21,GET,353,12
21,GET,355,13
21,GET,357,8
21,GET,359,8
21,GET,361,8
21,GET,363,5
21,GET,365,12
21,GET,367,5
21,GET,369,10
21,GET,371,13
21,GET,373,14
21,GET,375,2
21,GET,377,8
21,GET,379,7
21,GET,381,9
21,GET,383,12
21,GET,385,2
21,GET,387,8
21,GET,389,3
21,GET,391,10
21,GET,393,6
21,GET,395,5
21,GET,397,7
21,GET,399,6
21,GET,401,4
21,GET,403,7
21,GET,405,5
21,GET,407,10
21,GET,409,5
21,GET,411,5
21,GET,413,7
21,GET,415,3
21,GET,417,4
21,GET,419,3
21,GET,421,3
21,GET,423,5
21,GET,425,2
21,GET,427,7
21,GET,429,3
21,GET,431,3
21,GET,433,3
21,GET,435,4
21,GET,437,3
21,GET,439,4
21,GET,441,1
21,GET,443,3
21,GET,445,2
21,GET,447,5
21,GET,449,2
21,GET,451,5
21,GET,453,2
21,GET,455,5
21,GET,457,4
21,GET,459,2
21,GET,461,3
21,GET,463,6
21,GET,465,2
21,GET,467,1
21,GET,469,1
21,GET,471,3
21,GET,473,3
21,GET,475,3
21,GET,477,1
21,GET,479,3
21,GET,481,3
21,GET,483,1
21,GET,485,2
21,GET,487,4
21,GET,489,2
21,GET,491,1
21,GET,493,5
21,GET,495,1
21,GET,497,1
21,GET,499,4
21,GET,501,1
21,GET,503,1
21,GET,507,1
21,GET,509,1
21,GET,511,3
21,GET,515,3
21,GET,519,3
21,GET,523,3
21,GET,527,2
21,GET,531,5
21,GET,535,4
21,GET,539,3
21,GET,543,4
21,GET,547,1
21,GET,551,1
21,GET,555,1
21,GET,559,6
21,GET,563,2
21,GET,567,1
21,GET,571,1
21,GET,575,5
21,GET,579,7
21,GET,583,2
21,GET,587,4
21,GET,591,3
21,GET,599,4
21,GET,603,2
21,GET,607,2
21,GET,611,1
21,GET,615,1
21,GET,623,1
21,GET,627,2
21,GET,631,3
21,GET,635,3
21,GET,639,3
21,GET,643,2
21,GET,651,1
21,GET,655,1
21,GET,659,1
21,GET,663,1
21,GET,667,2
21,GET,671,2
21,GET,675,1
21,GET,679,4
21,GET,683,2
21,GET,687,1
21,GET,691,1
21,GET,699,1
21,GET,703,1
21,GET,707,2
21,GET,711,2
21,GET,719,1
21,GET,723,3
21,GET,727,4
21,GET,731,5
21,GET,743,4
21,GET,747,1
21,GET,751,1
21,GET,755,1
21,GET,763,3
21,GET,771,1
21,GET,775,2
21,GET,779,1
21,GET,783,1
21,GET,787,3
21,GET,795,1
21,GET,803,1
21,GET,807,1
21,GET,811,1
21,GET,815,1
21,GET,847,1
21,GET,859,1
21,GET,875,1
21,GET,891,1
21,GET,915,1
21,GET,931,1
21,GET,983,1
21,GET,1003,1
21,GET,1007,1
21,GET,1011,1
21,GET,1047,1
21,GET,1071,1
21,GET,1079,2
21,GET,1087,1
21,GET,1095,1
21,GET,1111,1
21,GET,1127,2
21,GET,1135,1
21,GET,1151,3
21,GET,1167,1
21,GET,1183,1
21,GET,1199,1
21,GET,1207,2
21,GET,1215,3
21,GET,1223,1
21,GET,1239,1
21,GET,1247,1
21,GET,1263,1
21,GET,1271,2
21,GET,1295,2
21,GET,1303,1
21,GET,1335,1
21,GET,1343,2
21,GET,1359,1
21,GET,1367,2
21,GET,1375,1
21,GET,1391,1
21,GET,1399,1
21,GET,1407,1
21,GET,1439,2
21,GET,1447,2
21,GET,1463,3
21,GET,1479,2
21,GET,1487,1
21,GET,1495,1
21,GET,1503,2
21,GET,1511,2
21,GET,1519,1
21,GET,1527,1
21,GET,1543,1
21,GET,1559,1
21,GET,1567,2
21,GET,1575,2
21,GET,1583,1
21,GET,1591,3
21,GET,1599,1
21,GET,1607,1
21,GET,1615,1
21,GET,1631,1
21,GET,1655,1
21,GET,1663,1
21,GET,1695,2
21,GET,1703,2
21,GET,1719,2
21,GET,1735,1
21,GET,1751,2
21,GET,1767,1
21,GET,1775,1
21,GET,1791,1
21,GET,1799,1
21,GET,1855,2
21,GET,1895,1
21,GET,1903,1
21,GET,1911,1
21,GET,1999,1
21,GET,2007,2
21,GET,2095,2
21,GET,2159,3
21,GET,2207,1
21,GET,2223,1
21,GET,2271,1
21,GET,2303,1
21,GET,2351,1
21,GET,2639,1
21,GET,2671,1
21,GET,2831,1
21,GET,3071,1
21,GET,3455,1
21,GET,3471,1
21,GET,3519,1
21,GET,3695,1
21,GET,3775,1
21,GET,4703,1
21,GET,5151,1
21,GET,5215,1
21,GET,6239,1
21,GET,7359,1
21,GET,7615,1
21,DEL,76,3
21,DEL,77,3
21,DEL,78,3
21,DEL,79,2
21,DEL,80,12
21,DEL,81,19
21,DEL,82,29
21,DEL,83,46
21,DEL,84,67
21,DEL,85,80
21,DEL,86,108
21,DEL,87,126
21,DEL,88,157
21,DEL,89,179
21,DEL,90,216
21,DEL,91,237
21,DEL,92,320
21,DEL,93,357
21,DEL,94,350
21,DEL,95,438
21,DEL,96,487
21,DEL,97,549
21,DEL,98,603
21,DEL,99,654
21,DEL,100,767
21,DEL,101,773
21,DEL,102,906
21,DEL,103,998
21,DEL,104,1033
21,DEL,105,1088
21,DEL,106,1128
21,DEL,107,1171
21,DEL,108,1276
21,DEL,109,1225
21,DEL,110,1328
21,DEL,111,1436
21,DEL,112,1462
21,DEL,113,1532
21,DEL,114,1589
21,DEL,115,1693
21,DEL,116,1650
21,DEL,117,1749
21,DEL,118,1806
21,DEL,119,1832
21,DEL,120,1878
21,DEL,121,1897
21,DEL,122,1954
21,DEL,123,2048
21,DEL,124,2051
21,DEL,125,2063
21,DEL,126,2116
21,DEL,127,2141
21,DEL,128,2248
21,DEL,129,2216
21,DEL,130,2223
21,DEL,131,2151
21,DEL,132,2106
21,DEL,133,2149
21,DEL,134,2198
21,DEL,135,2234
21,DEL,136,2162
21,DEL,137,2193
21,DEL,138,2215
21,DEL,139,2167
21,DEL,140,2212
21,DEL,141,2191
21,DEL,142,2098
21,DEL,143,2139
21,DEL,144,2156
21,DEL,145,2041
21,DEL,146,2089
21,DEL,147,1993
21,DEL,148,2043
21,DEL,149,1997
21,DEL,150,1875
21,DEL,151,1923
21,DEL,152,1851
21,DEL,153,1833
21,DEL,154,1763
21,DEL,155,1781
21,DEL,156,1711
21,DEL,157,1712
21,DEL,158,1695
21,DEL,159,1687
21,DEL,160,1573
21,DEL,161,1435
21,DEL,162,1548
21,DEL,163,1473
21,DEL,164,1433
21,DEL,165,1387
21,DEL,166,1360
21,DEL,167,1314
21,DEL,168,1286
21,DEL,169,1166
21,DEL,170,1172
21,DEL,171,1124
21,DEL,172,1035
21,DEL,173,1045
21,DEL,174,1045
21,DEL,175,989
21,DEL,176,947
21,DEL,177,899
21,DEL,178,925
21,DEL,179,856
21,DEL,180,806
21,DEL,181,825
21,DEL,182,780
21,DEL,183,746
21,DEL,184,731
21,DEL,185,662
21,DEL,186,649
21,DEL,187,614
21,DEL,188,571
21,DEL,189,576
21,DEL,190,551
21,DEL,191,510
21,DEL,192,515
21,DEL,193,515
21,DEL,194,508
21,DEL,195,468
21,DEL,196,415
21,DEL,197,412
21,DEL,198,364
21,DEL,199,403
21,DEL,200,384
21,DEL,201,341
21,DEL,202,344
21,DEL,203,333
21,DEL,204,267
21,DEL,205,278
21,DEL,206,285
21,DEL,207,261
21,DEL,208,246
21,DEL,209,194
21,DEL,210,254
21,DEL,211,213
21,DEL,212,232
21,DEL,213,180
21,DEL,214,182
21,DEL,215,158
21,DEL,216,157
21,DEL,217,161
21,DEL,218,140
21,DEL,219,144
21,DEL,220,144
21,DEL,221,135
21,DEL,222,131
21,DEL,223,129
21,DEL,224,138
21,DEL,225,102
21,DEL,226,122
21,DEL,227,88
21,DEL,228,85
21,DEL,229,93
21,DEL,230,85
21,DEL,231,71
21,DEL,232,92
21,DEL,233,86
21,DEL,234,72
21,DEL,235,71
21,DEL,236,65
21,DEL,237,60
21,DEL,238,78
21,DEL,239,48
21,DEL,240,43
21,DEL,241,42
21,DEL,242,38
21,DEL,243,45
21,DEL,244,46
21,DEL,245,44
21,DEL,246,44
21,DEL,247,38
21,DEL,248,31
21,DEL,249,26
21,DEL,250,25
21,DEL,251,33
21,DEL,252,30
21,DEL,253,35
21,DEL,254,24
21,DEL,255,30
21,DEL,257,38
21,DEL,259,52
21,DEL,261,38
21,DEL,263,43
21,DEL,265,44
21,DEL,267,23
21,DEL,269,33
21,DEL,271,32
21,DEL,273,26
21,DEL,275,25
21,DEL,277,13
21,DEL,279,21
21,DEL,281,18
21,DEL,283,22
21,DEL,285,20
21,DEL,287,14
21,DEL,289,12
21,DEL,291,11
21,DEL,293,17
21,DEL,295,12
21,DEL,297,16
21,DEL,299,14
21,DEL,301,12
21,DEL,303,16
21,DEL,305,11
21,DEL,307,6
21,DEL,309,10
21,DEL,311,4
21,DEL,313,7
21,DEL,315,9
21,DEL,317,6
21,DEL,319,4
21,DEL,321,7
21,DEL,323,9
21,DEL,325,3
21,DEL,327,10
21,DEL,329,7
21,DEL,331,7
21,DEL,333,5
21,DEL,335,4
21,DEL,337,5
21,DEL,339,7
21,DEL,341,4
21,DEL,343,4
21,DEL,345,7
21,DEL,347,4
21,DEL,349,7
21,DEL,351,4
21,DEL,353,3
21,DEL,355,3
21,DEL,357,3
21,DEL,359,2
21,DEL,361,6
21,DEL,363,2
21,DEL,365,3
21,DEL,367,1
21,DEL,369,7
21,DEL,371,4
21,DEL,373,1
21,DEL,375,7
21,DEL,377,3
21,DEL,379,3
21,DEL,381,2
21,DEL,383,4
21,DEL,385,2
21,DEL,387,3
21,DEL,389,1
21,DEL,391,3
21,DEL,393,3
21,DEL,395,4
21,DEL,397,2
21,DEL,399,4
21,DEL,401,5
21,DEL,403,2
21,DEL,407,1
21,DEL,409,1
21,DEL,411,3
21,DEL,413,2
21,DEL,415,1
21,DEL,417,1
21,DEL,419,2
21,DEL,421,2
21,DEL,423,3
21,DEL,425,1
21,DEL,429,1
21,DEL,431,2
21,DEL,433,1
21,DEL,437,4
21,DEL,441,2
21,DEL,447,2
21,DEL,449,2
21,DEL,453,3
21,DEL,457,1
21,DEL,461,1
21,DEL,465,1
21,DEL,469,2
21,DEL,471,1
21,DEL,473,1
21,DEL,475,1
21,DEL,483,1
21,DEL,489,1
21,DEL,493,1
21,DEL,495,1
21,DEL,505,2
21,DEL,509,1
21,DEL,511,2
21,DEL,515,2
21,DEL,519,1
21,DEL,523,1
21,DEL,527,2
21,DEL,539,1
21,DEL,543,2
21,DEL,547,1
21,DEL,551,2
21,DEL,555,2
21,DEL,559,1
21,DEL,563,1
21,DEL,567,1
21,DEL,571,2
21,DEL,575,2
21,DEL,579,2
21,DEL,587,1
21,DEL,591,1
21,DEL,595,1
21,DEL,603,2
21,DEL,607,2
21,DEL,611,1
21,DEL,615,3
21,DEL,619,2
21,DEL,623,1
21,DEL,627,2
21,DEL,631,1
21,DEL,635,2
21,DEL,647,2
21,DEL,655,2
21,DEL,659,2
21,DEL,671,1
21,DEL,691,1
21,DEL,695,1
21,DEL,699,1
21,DEL,707,1
21,DEL,719,1
21,DEL,727,1
21,DEL,731,1
21,DEL,755,2
21,DEL,763,1
21,DEL,767,3
21,DEL,815,2
21,DEL,827,1
21,DEL,843,1
21,DEL,867,1
21,DEL,875,1
21,DEL,895,1
21,DEL,899,1
21,DEL,903,1
21,DEL,955,1
21,DEL,1003,1
21,DEL,1063,1
21,DEL,1135,1
21,DEL,1167,2
21,DEL,1231,1
21,DEL,1303,1
21,DEL,1383,1
21,DEL,1431,1
21,DEL,1615,1
21,DEL,1695,1
21,DEL,1703,1
21,DEL,1799,1
21,DEL,1807,1
21,DEL,1847,1
21,DEL,1887,1
21,DEL,1951,1
21,DEL,2207,1
21,DEL,2223,1
21,DEL,2335,1
21,DEL,3119,1
21,DEL,3279,1
22,GET,75,2
22,GET,76,3
22,GET,77,19
22,GET,78,33
22,GET,79,43
22,GET,80,88
22,GET,81,111
22,GET,82,137
22,GET,83,207
22,GET,84,256
22,GET,85,352
22,GET,86,421
22,GET,87,557
22,GET,88,648
22,GET,89,723
22,GET,90,863
22,GET,91,980
22,GET,92,1141
22,GET,93,1258
22,GET,94,1398
22,GET,95,1553
22,GET,96,1695
22,GET,97,1823
22,GET,98,2169
22,GET,99,2245
22,GET,100,2504
22,GET,101,2716
22,GET,102,2892
22,GET,103,3108
22,GET,104,3318
22,GET,105,3471
22,GET,106,3720
22,GET,107,3856
22,GET,108,3973
22,GET,109,4027
22,GET,110,4407
22,GET,111,4523
22,GET,112,4533
22,GET,113,4783
22,GET,114,4991
22,GET,115,5115
22,GET,116,5241
22,GET,117,5318
22,GET,118,5602
22,GET,119,5633
22,GET,120,5652
22,GET,121,5771
22,GET,122,5972
22,GET,123,6049
22,GET,124,6114
22,GET,125,6151
22,GET,126,6202
22,GET,127,6065
22,GET,128,6266
22,GET,129,6467
22,GET,130,6189
22,GET,131,6282
22,GET,132,6266
22,GET,133,6110
22,GET,134,6227
22,GET,135,6235
22,GET,136,6207
22,GET,137,6168
22,GET,138,5951
22,GET,139,6079
22,GET,140,6033
22,GET,141,6095
22,GET,142,5942
22,GET,143,5856
22,GET,144,5759
22,GET,145,5721
22,GET,146,5740
22,GET,147,5568
22,GET,148,5384
22,GET,149,5435
22,GET,150,5249
22,GET,151,5093
22,GET,152,4984
22,GET,153,4914
22,GET,154,4689
22,GET,155,4567
22,GET,156,4501
22,GET,157,4482
22,GET,158,4345
22,GET,159,4263
22,GET,160,4154
22,GET,161,3966
22,GET,162,3804
22,GET,163,3744
22,GET,164,3616
22,GET,165,3405
22,GET,166,3388
22,GET,167,3260
22,GET,168,3246
22,GET,169,3150
22,GET,170,2970
22,GET,171,2935
22,GET,172,2762
22,GET,173,2647
22,GET,174,2558
22,GET,175,2504
22,GET,176,2310
22,GET,177,2323
22,GET,178,2163
22,GET,179,2049
22,GET,180,1972
22,GET,181,2006
22,GET,182,1862
22,GET,183,1874
22,GET,184,1719
22,GET,185,1617
22,GET,186,1586
22,GET,187,1428
22,GET,188,1417
22,GET,189,1375
22,GET,190,1370
22,GET,191,1271
22,GET,192,1216
22,GET,193,1233
22,GET,194,1088
22,GET,195,1067
22,GET,196,1005
22,GET,197,924
22,GET,198,931
22,GET,199,912
22,GET,200,843
22,GET,201,753
22,GET,202,809
22,GET,203,766
22,GET,204,679
22,GET,205,646
22,GET,206,674
22,GET,207,589
22,GET,208,579
22,GET,209,546
22,GET,210,512
22,GET,211,533
22,GET,212,463
22,GET,213,414
22,GET,214,419
22,GET,215,419
22,GET,216,394
22,GET,217,340
22,GET,218,352
22,GET,219,325
22,GET,220,338
22,GET,221,309
22,GET,222,299
22,GET,223,269
22,GET,224,245
22,GET,225,249
22,GET,226,219
22,GET,227,215
22,GET,228,198
22,GET,229,197
22,GET,230,179
22,GET,231,180
22,GET,232,170
22,GET,233,162
22,GET,234,162
22,GET,235,149
22,GET,236,153
22,GET,237,134
22,GET,238,135
22,GET,239,108
22,GET,240,108
22,GET,241,119
22,GET,242,88
22,GET,243,99
22,GET,244,76
22,GET,245,94
22,GET,246,83
22,GET,247,78
22,GET,248,76
22,GET,249,74
22,GET,250,88
22,GET,251,67
22,GET,252,53
22,GET,253,56
22,GET,254,59
22,GET,255,62
22,GET,257,127
22,GET,259,106
22,GET,261,74
22,GET,263,87
22,GET,265,80
22,GET,267,78
22,GET,269,66
22,GET,271,50
22,GET,273,46
22,GET,275,47
22,GET,277,48
22,GET,279,54
22,GET,281,37
22,GET,283,53
22,GET,285,53
22,GET,287,43
22,GET,289,44
22,GET,291,34
22,GET,293,41
22,GET,295,17
22,GET,297,36
22,GET,299,33
22,GET,301,30
22,GET,303,30
22,GET,305,18
22,GET,307,23
22,GET,309,19
22,GET,311,27
22,GET,313,24
22,GET,315,26
22,GET,317,20
22,GET,319,28
22,GET,321,19
22,GET,323,14
22,GET,325,21
22,GET,327,16
22,GET,329,14
22,GET,331,13
22,GET,333,13
22,GET,335,17
22,GET,337,14
22,GET,339,10
22,GET,341,12
22,GET,343,14
22,GET,345,7
22,GET,347,15
22,GET,349,8
22,GET,351,9
22,GET,353,13
22,GET,355,8
22,GET,357,9
22,GET,359,10
22,GET,361,15
22,GET,363,13
22,GET,365,11
22,GET,367,16
22,GET,369,11
22,GET,371,4
22,GET,373,8
22,GET,375,9
22,GET,377,10
22,GET,379,12
22,GET,381,5
22,GET,383,5
22,GET,385,8
22,GET,387,11
22,GET,389,3
22,GET,391,4
22,GET,393,11
22,GET,395,4
22,GET,397,6
22,GET,399,3
22,GET,401,6
22,GET,403,9
22,GET,405,6
22,GET,407,3
22,GET,409,7
22,GET,411,9
22,GET,413,1
22,GET,415,6
22,GET,417,1
22,GET,419,5
22,GET,421,3
22,GET,423,6
22,GET,425,2
22,GET,427,2
22,GET,429,7
22,GET,431,2
22,GET,433,5
22,GET,435,4
22,GET,437,2
22,GET,439,5
22,GET,441,6
22,GET,443,2
22,GET,445,4
22,GET,447,4
22,GET,449,4
22,GET,451,3
22,GET,453,6
22,GET,455,1
22,GET,457,2
22,GET,459,2
22,GET,461,1
22,GET,463,2
22,GET,465,2
22,GET,467,3
22,GET,469,2
22,GET,471,2
22,GET,473,1
22,GET,475,2
22,GET,477,3
22,GET,479,5
22,GET,483,2
22,GET,485,1
22,GET,489,2
22,GET,491,1
22,GET,493,1
22,GET,495,1
22,GET,497,3
22,GET,499,5
22,GET,501,4
22,GET,503,4
22,GET,505,2
22,GET,507,2
22,GET,509,1
22,GET,515,4
22,GET,519,4
22,GET,523,4
22,GET,527,3
22,GET,535,3
22,GET,539,1
22,GET,543,3
22,GET,547,4
22,GET,551,2
22,GET,555,3
22,GET,559,1
22,GET,563,3
22,GET,567,3
22,GET,571,4
22,GET,575,2
22,GET,579,1
22,GET,583,2
22,GET,587,3
22,GET,591,3
22,GET,599,6
22,GET,607,2
22,GET,611,2
22,GET,619,4
22,GET,623,5
22,GET,627,1
22,GET,631,2
22,GET,635,2
22,GET,639,1
22,GET,647,1
22,GET,655,5
22,GET,663,2
22,GET,667,2
22,GET,671,1
22,GET,675,2
22,GET,679,4
22,GET,683,3
22,GET,687,3
22,GET,691,2
22,GET,695,1
22,GET,699,2
22,GET,703,1
22,GET,707,2
22,GET,711,3
22,GET,715,2
22,GET,723,2
22,GET,727,2
22,GET,731,4
22,GET,739,3
22,GET,751,1
22,GET,755,1
22,GET,759,3
22,GET,763,2
22,GET,767,1
22,GET,771,1
22,GET,775,1
22,GET,787,2
22,GET,795,1
22,GET,803,1
22,GET,807,1
22,GET,811,1
22,GET,815,1
22,GET,823,1
22,GET,847,3
22,GET,859,2
22,GET,867,1
22,GET,875,1
22,GET,887,1
22,GET,891,3
22,GET,899,1
22,GET,907,1
22,GET,915,1
22,GET,919,1
22,GET,923,1
22,GET,935,1
22,GET,947,2
22,GET,951,1
22,GET,1015,2
22,GET,1031,1
22,GET,1079,1
22,GET,1087,2
22,GET,1103,1
22,GET,1119,1
22,GET,1135,1
22,GET,1143,1
22,GET,1159,1
22,GET,1167,2
22,GET,1183,1
22,GET,1207,2
22,GET,1231,1
22,GET,1239,1
22,GET,1271,2
22,GET,1295,1
22,GET,1303,1
22,GET,1319,1
22,GET,1335,1
22,GET,1343,1
22,GET,1367,1
22,GET,1399,1
22,GET,1407,2
22,GET,1415,1
22,GET,1423,2
22,GET,1447,1
22,GET,1455,1
22,GET,1463,1
22,GET,1487,1
22,GET,1503,1
22,GET,1527,2
22,GET,1543,1
22,GET,1559,1
22,GET,1575,1
22,GET,1583,1
22,GET,1607,1
22,GET,1615,2
22,GET,1631,2
22,GET,1655,1
22,GET,1679,1
22,GET,1687,1
22,GET,1703,2
22,GET,1735,1
22,GET,1743,2
22,GET,1751,1
22,GET,1759,1
22,GET,1807,2
22,GET,1815,1
22,GET,1823,1
22,GET,1879,3
22,GET,1927,2
22,GET,1943,2
22,GET,1951,1
22,GET,1999,1
22,GET,2063,1
22,GET,2095,1
22,GET,2159,1
22,GET,2303,1
22,GET,2319,1
22,GET,2575,1
22,GET,2655,1
22,GET,2703,1
22,GET,2799,1
22,GET,3359,1
22,GET,4015,1
22,GET,5247,1
22,GET,5791,1
22,GET,6463,1
22,GET,6623,1
22,GET,8159,1
22,DEL,74,1
22,DEL,75,1
22,DEL,76,1
22,DEL,77,5
22,DEL,78,6
22,DEL,79,12
22,DEL,80,18
22,DEL,81,28
22,DEL,82,49
22,DEL,83,65
22,DEL,84,72
22,DEL,85,107
22,DEL,86,129
22,DEL,87,186
22,DEL,88,212
22,DEL,89,219
22,DEL,90,292
22,DEL,91,295
22,DEL,92,380
22,DEL,93,437
22,DEL,94,504
22,DEL,95,512
22,DEL,96,603
22,DEL,97,659
22,DEL,98,726
22,DEL,99,800
22,DEL,100,886
22,DEL,101,910
22,DEL,102,1017
22,DEL,103,1055
22,DEL,104,1154
22,DEL,105,1203
22,DEL,106,1307
22,DEL,107,1289
22,DEL,108,1356
22,DEL,109,1442
22,DEL,110,1526
22,DEL,111,1535
22,DEL,112,1604
22,DEL,113,1627
22,DEL,114,1694
22,DEL,115,1752
22,DEL,116,1873
22,DEL,117,1837
22,DEL,118,1946
22,DEL,119,1996
22,DEL,120,2082
22,DEL,121,2144
22,DEL,122,2173
22,DEL,123,2125
22,DEL,124,2106
22,DEL,125,2148
22,DEL,126,2187
22,DEL,127,2194
22,DEL,128,2259
22,DEL,129,2312
22,DEL,130,2241
22,DEL,131,2274
22,DEL,132,2234
22,DEL,133,2207
22,DEL,134,2255
22,DEL,135,2275
22,DEL,136,2285
22,DEL,137,2211
22,DEL,138,2129
22,DEL,139,2134
22,DEL,140,2214
22,DEL,141,2163
22,DEL,142,2077
22,DEL,143,2031
22,DEL,144,2087
22,DEL,145,2066
22,DEL,146,1984
22,DEL,147,1956
22,DEL,148,2049
22,DEL,149,1936
22,DEL,150,1942
22,DEL,151,1901
22,DEL,152,1771
22,DEL,153,1718
22,DEL,154,1698
22,DEL,155,1724
22,DEL,156,1689
22,DEL,157,1527
22,DEL,158,1582
22,DEL,159,1523
22,DEL,160,1536
22,DEL,161,1387
22,DEL,162,1378
22,DEL,163,1320
22,DEL,164,1286
22,DEL,165,1272
22,DEL,166,1216
22,DEL,167,1217
22,DEL,168,1243
22,DEL,169,1155
22,DEL,170,1090
22,DEL,171,1045
22,DEL,172,985
22,DEL,173,997
22,DEL,174,911
22,DEL,175,976
22,DEL,176,866
22,DEL,177,864
22,DEL,178,803
22,DEL,179,799
22,DEL,180,802
22,DEL,181,761
22,DEL,182,717
22,DEL,183,647
22,DEL,184,609
22,DEL,185,647
22,DEL,186,593
22,DEL,187,556
22,DEL,188,528
22,DEL,189,542
22,DEL,190,502
22,DEL,191,468
22,DEL,192,456
22,DEL,193,417
22,DEL,194,384
22,DEL,195,404
22,DEL,196,416
22,DEL,197,354
22,DEL,198,322
22,DEL,199,318
22,DEL,200,329
22,DEL,201,284
22,DEL,202,286
22,DEL,203,253
22,DEL,204,274
22,DEL,205,235
22,DEL,206,252
22,DEL,207,206
22,DEL,208,218
22,DEL,209,215
22,DEL,210,182
22,DEL,211,199
22,DEL,212,189
22,DEL,213,180
22,DEL,214,167
22,DEL,215,134
22,DEL,216,141
22,DEL,217,122
22,DEL,218,123
22,DEL,219,109
22,DEL,220,139
22,DEL,221,107
22,DEL,222,110
22,DEL,223,93
22,DEL,224,81
22,DEL,225,89
22,DEL,226,100
22,DEL,227,90
22,DEL,228,99
22,DEL,229,85
22,DEL,230,76
22,DEL,231,63
22,DEL,232,68
22,DEL,233,58
22,DEL,234,64
22,DEL,235,69
22,DEL,236,43
22,DEL,237,51
22,DEL,238,38
22,DEL,239,46
22,DEL,240,41
22,DEL,241,49
22,DEL,242,40
22,DEL,243,37
22,DEL,244,42
22,DEL,245,37
22,DEL,246,35
22,DEL,247,32
22,DEL,248,21
22,DEL,249,30
22,DEL,250,21
22,DEL,251,33
22,DEL,252,30
22,DEL,253,23
22,DEL,254,28
22,DEL,255,19
22,DEL,257,41
22,DEL,259,41
22,DEL,261,30
22,DEL,263,35
22,DEL,265,41
22,DEL,267,30
22,DEL,269,29
22,DEL,271,26
22,DEL,273,22
22,DEL,275,20
22,DEL,277,16
22,DEL,279,15
22,DEL,281,21
22,DEL,283,18
22,DEL,285,14
22,DEL,287,16
22,DEL,289,10
22,DEL,291,11
22,DEL,293,11
22,DEL,295,6
22,DEL,297,13
22,DEL,299,10
22,DEL,301,12
22,DEL,303,11
22,DEL,305,6
22,DEL,307,12
22,DEL,309,5
22,DEL,311,12
22,DEL,313,6
22,DEL,315,6
22,DEL,317,6
22,DEL,319,8
22,DEL,321,6
22,DEL,323,4
22,DEL,325,8
22,DEL,327,5
22,DEL,329,4
22,DEL,331,8
22,DEL,333,6
22,DEL,335,2
22,DEL,337,5
22,DEL,339,3
22,DEL,341,1
22,DEL,343,3
22,DEL,345,6
22,DEL,347,3
22,DEL,349,5
22,DEL,351,4
22,DEL,353,8
22,DEL,355,3
22,DEL,357,6
22,DEL,359,3
22,DEL,361,3
22,DEL,363,4
22,DEL,365,3
22,DEL,367,1
22,DEL,369,5
22,DEL,371,2
22,DEL,373,2
22,DEL,375,5
22,DEL,377,5
22,DEL,379,2
22,DEL,381,2
22,DEL,383,4
22,DEL,385,2
22,DEL,387,4
22,DEL,389,4
22,DEL,391,1
22,DEL,393,2
22,DEL,395,2
22,DEL,397,2
22,DEL,399,1
22,DEL,401,1
22,DEL,403,6
22,DEL,407,3
22,DEL,411,1
22,DEL,413,2
22,DEL,415,1
22,DEL,417,2
22,DEL,419,2
22,DEL,421,1
22,DEL,423,1
22,DEL,425,2
22,DEL,427,5
22,DEL,429,1
22,DEL,431,2
22,DEL,433,2
22,DEL,437,1
22,DEL,439,1
22,DEL,441,1
22,DEL,443,1
22,DEL,447,1
22,DEL,449,1
22,DEL,453,2
22,DEL,461,1
22,DEL,463,1
22,DEL,467,2
22,DEL,469,1
22,DEL,471,1
22,DEL,475,1
22,DEL,481,3
22,DEL,483,1
22,DEL,485,1
22,DEL,491,2
22,DEL,497,2
22,DEL,501,2
22,DEL,503,1
22,DEL,505,1
22,DEL,509,1
22,DEL,511,1
22,DEL,519,2
22,DEL,523,3
22,DEL,527,4
22,DEL,535,1
22,DEL,539,1
22,DEL,559,2
22,DEL,563,1
22,DEL,571,2
22,DEL,575,3
22,DEL,579,1
22,DEL,587,1
22,DEL,591,1
22,DEL,607,1
22,DEL,611,3
22,DEL,619,1
22,DEL,623,1
22,DEL,627,1
22,DEL,631,3
22,DEL,643,2
22,DEL,659,1
22,DEL,667,2
22,DEL,675,1
22,DEL,687,1
22,DEL,699,3
22,DEL,703,1
22,DEL,707,1
22,DEL,711,2
22,DEL,715,1
22,DEL,723,1
22,DEL,731,1
22,DEL,735,1
22,DEL,763,2
22,DEL,787,1
22,DEL,799,3
22,DEL,811,1
22,DEL,839,1
22,DEL,867,1
22,DEL,883,1
22,DEL,935,1
22,DEL,955,1
22,DEL,1031,2
22,DEL,1103,1
22,DEL,1135,1
22,DEL,1159,1
22,DEL,1223,1
22,DEL,1255,2
22,DEL,1327,1
22,DEL,1335,1
22,DEL,1359,1
22,DEL,1415,1
22,DEL,1423,1
22,DEL,1447,1
22,DEL,1519,1
22,DEL,1527,2
22,DEL,1543,1
22,DEL,1551,1
22,DEL,1567,1
22,DEL,1599,1
22,DEL,1695,1
22,DEL,1711,1
22,DEL,1743,1
22,DEL,1751,1
22,DEL,1775,1
22,DEL,1823,1
22,DEL,1871,1
22,DEL,1879,1
22,DEL,1927,1
22,DEL,1943,1
22,DEL,2015,1
22,DEL,2159,2
22,DEL,2335,1
22,DEL,2431,1
22,DEL,2607,1
22,DEL,2623,1
22,DEL,2735,1
22,DEL,3343,1
22,DEL,6207,1
22,SET,78,4
22,SET,81,4
22,SET,82,3
22,SET,83,4
22,SET,84,5
22,SET,85,12
22,SET,86,15
22,SET,87,9
22,SET,88,24
22,SET,89,32
22,SET,90,28
22,SET,91,40
22,SET,92,42
22,SET,93,45
22,SET,94,58
22,SET,95,73
22,SET,96,77
22,SET,97,89
22,SET,98,101
22,SET,99,118
22,SET,100,124
22,SET,101,133
22,SET,102,158
22,SET,103,169
22,SET,104,186
22,SET,105,184
22,SET,106,199
22,SET,107,213
22,SET,108,220
22,SET,109,210
22,SET,110,265
22,SET,111,254
22,SET,112,295
22,SET,113,303
22,SET,114,289
22,SET,115,336
22,SET,116,346
22,SET,117,281
22,SET,118,317
22,SET,119,336
22,SET,120,364
22,SET,121,402
22,SET,122,402
22,SET,123,357
22,SET,124,374
22,SET,125,391
22,SET,126,437
22,SET,127,402
22,SET,128,443
22,SET,129,441
22,SET,130,447
22,SET,131,411
22,SET,132,425
22,SET,133,442
22,SET,134,474
22,SET,135,466
22,SET,136,426
22,SET,137,459
22,SET,138,428
22,SET,139,455
22,SET,140,397
22,SET,141,454
22,SET,142,449
22,SET,143,391
22,SET,144,454
22,SET,145,423
22,SET,146,406
22,SET,147,434
22,SET,148,430
22,SET,149,406
22,SET,150,404
22,SET,151,389
22,SET,152,365
22,SET,153,389
22,SET,154,375
22,SET,155,367
22,SET,156,364
22,SET,157,359
22,SET,158,386
22,SET,159,312
22,SET,160,303
22,SET,161,311
22,SET,162,280
22,SET,163,281
22,SET,164,309
22,SET,165,306
22,SET,166,269
22,SET,167,272
22,SET,168,236
22,SET,169,258
22,SET,170,254
22,SET,171,225
22,SET,172,212
22,SET,173,209
22,SET,174,212
22,SET,175,186
22,SET,176,185
22,SET,177,185
22,SET,178,197
22,SET,179,192
22,SET,180,168
22,SET,181,179
22,SET,182,136
22,SET,183,126
22,SET,184,164
22,SET,185,131
22,SET,186,137
22,SET,187,148
22,SET,188,111
22,SET,189,134
22,SET,190,119
22,SET,191,109
22,SET,192,115
22,SET,193,92
22,SET,194,83
22,SET,195,103
22,SET,196,93
22,SET,197,82
22,SET,198,100
22,SET,199,82
22,SET,200,73
22,SET,201,82
22,SET,202,81
22,SET,203,75
22,SET,204,64
22,SET,205,71
22,SET,206,63
22,SET,207,55
22,SET,208,44
22,SET,209,52
22,SET,210,49
22,SET,211,38
22,SET,212,47
22,SET,213,33
22,SET,214,40
22,SET,215,54
22,SET,216,37
22,SET,217,36
22,SET,218,34
22,SET,219,42
22,SET,220,32
22,SET,221,32
22,SET,222,32
22,SET,223,24
22,SET,224,21
22,SET,225,27
22,SET,226,22
22,SET,227,14
22,SET,228,21
22,SET,229,19
22,SET,230,20
22,SET,231,17
22,SET,232,19
22,SET,233,16
22,SET,234,9
22,SET,235,19
22,SET,236,16
22,SET,237,16
22,SET,238,15
22,SET,239,12
22,SET,240,8
22,SET,241,18
22,SET,242,10
22,SET,243,15
22,SET,244,9
22,SET,245,6
22,SET,246,9
22,SET,247,4
22,SET,248,8
22,SET,249,6
22,SET,250,10
22,SET,251,9
22,SET,252,8
22,SET,253,4
22,SET,254,5
22,SET,255,7
22,SET,257,11
22,SET,259,10
22,SET,261,15
22,SET,263,9
22,SET,265,8
22,SET,267,9
22,SET,269,3
22,SET,271,5
22,SET,273,4
22,SET,275,4
22,SET,277,7
22,SET,279,5
22,SET,281,4
22,SET,283,3
22,SET,285,6
22,SET,287,3
22,SET,289,5
22,SET,291,3
22,SET,293,4
22,SET,295,1
22,SET,297,1
22,SET,299,2
22,SET,303,4
22,SET,305,3
22,SET,307,1
22,SET,309,3
22,SET,311,6
22,SET,313,2
22,SET,315,4
22,SET,317,2
22,SET,319,3
22,SET,321,3
22,SET,323,2
22,SET,329,1
22,SET,331,3
22,SET,333,2
22,SET,337,1
22,SET,343,2
22,SET,345,1
22,SET,349,1
22,SET,353,3
22,SET,355,1
22,SET,363,1
22,SET,365,1
22,SET,367,2
22,SET,375,1
22,SET,379,1
22,SET,381,1
22,SET,383,1
22,SET,393,1
22,SET,395,1
22,SET,397,1
22,SET,399,1
22,SET,403,2
22,SET,409,1
22,SET,411,1
22,SET,419,1
22,SET,421,1
22,SET,425,2
22,SET,431,1
22,SET,433,1
22,SET,435,2
22,SET,439,2
22,SET,441,1
22,SET,443,1
22,SET,465,1
22,SET,483,1
22,SET,499,1
22,SET,501,1
22,SET,503,1
22,SET,527,1
22,SET,539,1
22,SET,543,1
22,SET,547,1
22,SET,575,1
22,SET,579,1
22,SET,587,3
22,SET,635,1
22,SET,655,1
22,SET,719,1
22,SET,727,1
22,SET,839,1
22,SET,1003,1
22,SET,1079,1
22,SET,1127,1
22,SET,1223,1
22,SET,1343,1
22,SET,1447,1
22,SET,1879,1
22,SET,3455,1
23,GET,73,1
23,GET,75,3
23,GET,76,4
23,GET,77,9
23,GET,78,16
23,GET,79,31
23,GET,80,55
23,GET,81,69
23,GET,82,94
23,GET,83,165
23,GET,84,204
23,GET,85,261
23,GET,86,345
23,GET,87,448
23,GET,88,495
23,GET,89,637
23,GET,90,744
23,GET,91,875
23,GET,92,944
23,GET,93,1151
23,GET,94,1269
23,GET,95,1431
23,GET,96,1526
23,GET,97,1723
23,GET,98,1892
23,GET,99,2147
23,GET,100,2321
23,GET,101,2574
23,GET,102,2794
23,GET,103,2917
23,GET,104,3159
23,GET,105,3310
23,GET,106,3456
23,GET,107,3623
23,GET,108,3849
23,GET,109,3991
23,GET,110,4123
23,GET,111,4394
23,GET,112,4405
23,GET,113,4766
23,GET,114,4716
23,GET,115,5021
23,GET,116,4989
23,GET,117,5270
23,GET,118,5368
23,GET,119,5745
23,GET,120,5710
23,GET,121,5775
23,GET,122,5970
23,GET,123,6058
23,GET,124,6220
23,GET,125,6079
23,GET,126,6389
23,GET,127,6256
23,GET,128,6395
23,GET,129,6225
23,GET,130,6387
23,GET,131,6288
23,GET,132,6456
23,GET,133,6354
23,GET,134,6421
23,GET,135,6385
23,GET,136,6372
23,GET,137,6377
23,GET,138,6313
23,GET,139,6302
23,GET,140,6313
23,GET,141,6289
23,GET,142,6163
23,GET,143,6017
23,GET,144,6073
23,GET,145,5965
23,GET,146,5793
23,GET,147,5710
23,GET,148,5721
23,GET,149,5530
23,GET,150,5340
23,GET,151,5275
23,GET,152,5225
23,GET,153,5102
23,GET,154,4868
23,GET,155,4859
23,GET,156,4612
23,GET,157,4521
23,GET,158,4274
23,GET,159,4283
23,GET,160,4290
23,GET,161,4095
23,GET,162,3979
23,GET,163,3794
23,GET,164,3620
23,GET,165,3562
23,GET,166,3457
23,GET,167,3344
23,GET,168,3218
23,GET,169,3197
23,GET,170,2917
23,GET,171,2886
23,GET,172,2763
23,GET,173,2650
23,GET,174,2618
23,GET,175,2540
23,GET,176,2338
23,GET,177,2235
23,GET,178,2238
23,GET,179,2080
23,GET,180,2054
23,GET,181,1903
23,GET,182,1824
23,GET,183,1780
23,GET,184,1662
23,GET,185,1667
23,GET,186,1517
23,GET,187,1502
23,GET,188,1442
23,GET,189,1400
23,GET,190,1327
23,GET,191,1259
23,GET,192,1168
23,GET,193,1158
23,GET,194,1080
23,GET,195,1037
23,GET,196,1005
23,GET,197,968
23,GET,198,871
23,GET,199,896
23,GET,200,832
23,GET,201,821
23,GET,202,762
23,GET,203,704
23,GET,204,678
23,GET,205,606
23,GET,206,623
23,GET,207,542
23,GET,208,533
23,GET,209,486
23,GET,210,528
23,GET,211,488
23,GET,212,446
23,GET,213,436
23,GET,214,382
23,GET,215,361
23,GET,216,374
23,GET,217,321
23,GET,218,315
23,GET,219,317
23,GET,220,273
23,GET,221,250
23,GET,222,279
23,GET,223,228
23,GET,224,233
23,GET,225,232
23,GET,226,206
23,GET,227,197
23,GET,228,184
23,GET,229,205
23,GET,230,185
23,GET,231,172
23,GET,232,157
23,GET,233,147
23,GET,234,152
23,GET,235,145
23,GET,236,152
23,GET,237,127
23,GET,238,124
23,GET,239,129
23,GET,240,104
23,GET,241,106
23,GET,242,80
23,GET,243,96
23,GET,244,92
23,GET,245,98
23,GET,246,72
23,GET,247,81
23,GET,248,67
23,GET,249,77
23,GET,250,62
23,GET,251,70
23,GET,252,67
23,GET,253,56
23,GET,254,44
23,GET,255,63
23,GET,257,87
23,GET,259,103
23,GET,261,80
23,GET,263,85
23,GET,265,72
23,GET,267,67
23,GET,269,71
23,GET,271,69
23,GET,273,61
23,GET,275,58
23,GET,277,53
23,GET,279,38
23,GET,281,47
23,GET,283,37
23,GET,285,41
23,GET,287,37
23,GET,289,29
23,GET,291,26
23,GET,293,39
23,GET,295,25
23,GET,297,38
23,GET,299,33
23,GET,301,32
23,GET,303,31
23,GET,305,32
23,GET,307,16
23,GET,309,34
23,GET,311,24
23,GET,313,19
23,GET,315,11
23,GET,317,24
23,GET,319,19
23,GET,321,29
23,GET,323,9
23,GET,325,15
23,GET,327,13
23,GET,329,15
23,GET,331,22
23,GET,333,19
23,GET,335,15
23,GET,337,14
23,GET,339,11
23,GET,341,9
23,GET,343,12
23,GET,345,14
23,GET,347,14
23,GET,349,8
23,GET,351,12
23,GET,353,18
23,GET,355,21
23,GET,357,7
23,GET,359,12
23,GET,361,10
23,GET,363,9
23,GET,365,8
23,GET,367,6
23,GET,369,9
23,GET,371,6
23,GET,373,7
23,GET,375,9
23,GET,377,8
23,GET,379,4
23,GET,381,3
23,GET,383,10
23,GET,385,4
23,GET,387,1
23,GET,389,9
23,GET,391,7
23,GET,393,8
23,GET,395,3
23,GET,397,6
23,GET,399,7
23,GET,401,2
23,GET,403,4
23,GET,405,6
23,GET,407,5
23,GET,409,7
23,GET,411,5
23,GET,413,7
23,GET,415,7
23,GET,417,3
23,GET,419,1
23,GET,421,5
23,GET,423,3
23,GET,425,3
23,GET,427,1
23,GET,429,2
23,GET,431,6
23,GET,433,6
23,GET,435,8
23,GET,437,3
23,GET,439,5
23,GET,441,5
23,GET,443,3
23,GET,445,3
23,GET,447,4
23,GET,449,3
23,GET,451,5
23,GET,453,4
23,GET,455,3
23,GET,457,2
23,GET,459,5
23,GET,461,1
23,GET,463,5
23,GET,465,2
23,GET,469,1
23,GET,471,2
23,GET,475,1
23,GET,477,1
23,GET,479,3
23,GET,481,1
23,GET,483,2
23,GET,485,3
23,GET,487,2
23,GET,489,2
23,GET,491,5
23,GET,493,1
23,GET,495,2
23,GET,497,5
23,GET,499,3
23,GET,501,2
23,GET,503,4
23,GET,507,2
23,GET,511,1
23,GET,515,1
23,GET,519,2
23,GET,523,3
23,GET,527,1
23,GET,531,3
23,GET,535,3
23,GET,539,4
23,GET,543,2
23,GET,547,5
23,GET,551,5
23,GET,555,1
23,GET,559,6
23,GET,563,2
23,GET,567,4
23,GET,571,3
23,GET,575,1
23,GET,579,3
23,GET,583,3
23,GET,587,1
23,GET,591,1
23,GET,595,6
23,GET,603,1
23,GET,607,2
23,GET,611,3
23,GET,619,2
23,GET,623,2
23,GET,627,1
23,GET,631,2
23,GET,635,3
23,GET,639,1
23,GET,643,2
23,GET,647,4
23,GET,651,1
23,GET,655,3
23,GET,659,1
23,GET,663,2
23,GET,667,1
23,GET,671,1
23,GET,675,4
23,GET,683,1
23,GET,687,3
23,GET,691,2
23,GET,695,2
23,GET,699,3
23,GET,707,3
23,GET,711,2
23,GET,715,1
23,GET,723,3
23,GET,727,1
23,GET,731,3
23,GET,735,1
23,GET,739,2
23,GET,743,3
23,GET,751,2
23,GET,759,1
23,GET,767,1
23,GET,775,2
23,GET,779,2
23,GET,787,2
23,GET,791,2
23,GET,795,1
23,GET,799,1
23,GET,823,2
23,GET,851,1
23,GET,855,1
23,GET,923,2
23,GET,931,1
23,GET,951,1
23,GET,959,2
23,GET,987,1
23,GET,995,1
23,GET,1003,1
23,GET,1007,1
23,GET,1031,1
23,GET,1039,2
23,GET,1063,1
23,GET,1079,1
23,GET,1087,1
23,GET,1103,1
23,GET,1119,2
23,GET,1127,1
23,GET,1151,3
23,GET,1159,1
23,GET,1175,2
23,GET,1191,2
23,GET,1199,2
23,GET,1207,2
23,GET,1223,1
23,GET,1231,1
23,GET,1247,1
23,GET,1255,1
23,GET,1271,1
23,GET,1279,3
23,GET,1287,2
23,GET,1311,2
23,GET,1327,2
23,GET,1335,3
23,GET,1351,3
23,GET,1375,1
23,GET,1391,1
23,GET,1415,1
23,GET,1423,1
23,GET,1447,1
23,GET,1463,1
23,GET,1495,1
23,GET,1519,3
23,GET,1527,1
23,GET,1543,1
23,GET,1599,1
23,GET,1615,1
23,GET,1623,1
23,GET,1647,2
23,GET,1655,2
23,GET,1679,1
23,GET,1695,1
23,GET,1719,1
23,GET,1751,2
23,GET,1791,1
23,GET,1823,1
23,GET,1831,1
23,GET,1847,2
23,GET,1855,3
23,GET,1863,1
23,GET,1887,1
23,GET,1911,1
23,GET,1951,1
23,GET,1967,1
23,GET,1975,1
23,GET,1983,1
23,GET,1999,2
23,GET,2007,1
23,GET,2063,1
23,GET,2079,1
23,GET,2175,1
23,GET,2207,2
23,GET,2223,2
23,GET,2287,1
23,GET,2335,3
23,GET,2351,1
23,GET,2543,1
23,GET,2639,1
23,GET,2687,1
23,GET,2719,1
23,GET,2927,1
23,GET,2959,1
23,GET,3055,1
23,GET,3087,1
23,GET,3199,1
23,GET,3215,1
23,GET,3311,1
23,GET,3599,1
23,GET,3615,1
23,GET,3647,1
23,GET,3951,1
23,GET,4543,1
23,GET,4991,1
23,GET,5663,1
23,GET,8319,1
23,SET,79,1
23,SET,80,2
23,SET,82,2
23,SET,83,1
23,SET,84,5
23,SET,85,10
23,SET,86,14
23,SET,87,11
23,SET,88,17
23,SET,89,24
23,SET,90,24
23,SET,91,36
23,SET,92,32
23,SET,93,44
23,SET,94,55
23,SET,95,61
23,SET,96,65
23,SET,97,74
23,SET,98,91
23,SET,99,117
23,SET,100,127
23,SET,101,114
23,SET,102,112
23,SET,103,151
23,SET,104,169
23,SET,105,190
23,SET,106,172
23,SET,107,198
23,SET,108,205
23,SET,109,241
23,SET,110,220
23,SET,111,253
23,SET,112,223
23,SET,113,272
23,SET,114,253
23,SET,115,287
23,SET,116,285
23,SET,117,344
23,SET,118,328
23,SET,119,350
23,SET,120,354
23,SET,121,350
23,SET,122,366
23,SET,123,376
23,SET,124,403
23,SET,125,411
23,SET,126,385
23,SET,127,429
23,SET,128,407
23,SET,129,433
23,SET,130,384
23,SET,131,399
23,SET,132,428
23,SET,133,446
23,SET,134,440
23,SET,135,447
23,SET,136,459
23,SET,137,480
23,SET,138,476
23,SET,139,446
23,SET,140,461
23,SET,141,483
23,SET,142,467
23,SET,143,456
23,SET,144,478
23,SET,145,483
23,SET,146,470
23,SET,147,450
23,SET,148,419
23,SET,149,464
23,SET,150,437
23,SET,151,410
23,SET,152,391
23,SET,153,368
23,SET,154,405
23,SET,155,392
23,SET,156,385
23,SET,157,357
23,SET,158,368
23,SET,159,333
23,SET,160,337
23,SET,161,329
23,SET,162,317
23,SET,163,335
23,SET,164,288
23,SET,165,295
23,SET,166,274
23,SET,167,276
23,SET,168,255
23,SET,169,258
23,SET,170,247
23,SET,171,245
23,SET,172,246
23,SET,173,218
23,SET,174,240
23,SET,175,232
23,SET,176,201
23,SET,177,220
23,SET,178,180
23,SET,179,171
23,SET,180,181
23,SET,181,165
23,SET,182,171
23,SET,183,157
23,SET,184,138
23,SET,185,132
23,SET,186,138
23,SET,187,133
23,SET,188,136
23,SET,189,122
23,SET,190,110
23,SET,191,96
23,SET,192,101
23,SET,193,102
23,SET,194,90
23,SET,195,96
23,SET,196,86
23,SET,197,88
23,SET,198,73
23,SET,199,73
23,SET,200,78
23,SET,201,76
23,SET,202,59
23,SET,203,62
23,SET,204,70
23,SET,205,68
23,SET,206,46
23,SET,207,57
23,SET,208,43
23,SET,209,42
23,SET,210,47
23,SET,211,57
23,SET,212,48
23,SET,213,40
23,SET,214,30
23,SET,215,46
23,SET,216,42
23,SET,217,41
23,SET,218,37
23,SET,219,30
23,SET,220,26
23,SET,221,21
23,SET,222,28
23,SET,223,33
23,SET,224,30
23,SET,225,21
23,SET,226,19
23,SET,227,17
23,SET,228,21
23,SET,229,19
23,SET,230,16
23,SET,231,17
23,SET,232,25
23,SET,233,16
23,SET,234,9
23,SET,235,15
23,SET,236,17
23,SET,237,15
23,SET,238,15
23,SET,239,11
23,SET,240,11
23,SET,241,9
23,SET,242,14
23,SET,243,14
23,SET,244,13
23,SET,245,13
23,SET,246,12
23,SET,247,8
23,SET,248,13
23,SET,249,6
23,SET,250,10
23,SET,251,5
23,SET,252,8
23,SET,253,4
23,SET,254,8
23,SET,255,4
23,SET,257,8
23,SET,259,11
23,SET,261,9
23,SET,263,8
23,SET,267,2
23,SET,269,11
23,SET,271,6
23,SET,273,6
23,SET,275,3
23,SET,277,4
23,SET,279,3
23,SET,281,3
23,SET,283,2
23,SET,285,3
23,SET,287,8
23,SET,289,2
23,SET,291,2
23,SET,293,2
23,SET,295,3
23,SET,297,4
23,SET,299,5
23,SET,301,1
23,SET,303,5
23,SET,305,3
23,SET,307,3
23,SET,309,2
23,SET,311,3
23,SET,313,1
23,SET,315,3
23,SET,317,2
23,SET,319,3
23,SET,321,1
23,SET,323,1
23,SET,329,1
23,SET,331,1
23,SET,333,1
23,SET,335,1
23,SET,337,2
23,SET,341,2
23,SET,343,1
23,SET,345,1
23,SET,349,2
23,SET,351,2
23,SET,355,2
23,SET,359,4
23,SET,363,3
23,SET,365,1
23,SET,369,2
23,SET,371,3
23,SET,373,1
23,SET,381,2
23,SET,383,2
23,SET,387,1
23,SET,389,1
23,SET,397,1
23,SET,401,1
23,SET,403,1
23,SET,407,1
23,SET,437,1
23,SET,445,1
23,SET,455,1
23,SET,463,1
23,SET,469,1
23,SET,497,1
23,SET,499,1
23,SET,519,1
23,SET,523,1
23,SET,531,1
23,SET,535,1
23,SET,555,2
23,SET,559,1
23,SET,611,1
23,SET,675,1
23,SET,683,1
23,SET,759,1
23,SET,779,1
23,SET,931,1
23,SET,971,1
23,SET,999,1
23,SET,1383,1
23,SET,1463,1
23,SET,1735,1
23,SET,1807,1
23,SET,2575,1
23,SET,7071,1
23,DEL,76,2
23,DEL,77,3
23,DEL,78,9
23,DEL,79,12
23,DEL,80,11
23,DEL,81,19
23,DEL,82,30
23,DEL,83,54
23,DEL,84,53
23,DEL,85,61
23,DEL,86,94
23,DEL,87,151
23,DEL,88,167
23,DEL,89,212
23,DEL,90,224
23,DEL,91,273
23,DEL,92,314
23,DEL,93,356
23,DEL,94,403
23,DEL,95,439
23,DEL,96,521
23,DEL,97,572
23,DEL,98,616
23,DEL,99,670
23,DEL,100,809
23,DEL,101,894
23,DEL,102,928
23,DEL,103,972
23,DEL,104,1047
23,DEL,105,1171
23,DEL,106,1189
23,DEL,107,1226
23,DEL,108,1279
23,DEL,109,1322
23,DEL,110,1498
23,DEL,111,1441
23,DEL,112,1577
23,DEL,113,1630
23,DEL,114,1703
23,DEL,115,1685
23,DEL,116,1751
23,DEL,117,1835
23,DEL,118,1883
23,DEL,119,2039
23,DEL,120,2068
23,DEL,121,2088
23,DEL,122,2152
23,DEL,123,2125
23,DEL,124,2191
23,DEL,125,2193
23,DEL,126,2273
23,DEL,127,2221
23,DEL,128,2291
23,DEL,129,2337
23,DEL,130,2315
23,DEL,131,2268
23,DEL,132,2323
23,DEL,133,2290
23,DEL,134,2301
23,DEL,135,2243
23,DEL,136,2267
23,DEL,137,2337
23,DEL,138,2345
23,DEL,139,2311
23,DEL,140,2247
23,DEL,141,2123
23,DEL,142,2224
23,DEL,143,2118
23,DEL,144,2115
23,DEL,145,2209
23,DEL,146,2126
23,DEL,147,2042
23,DEL,148,1960
23,DEL,149,2025
23,DEL,150,1994
23,DEL,151,1858
23,DEL,152,1811
23,DEL,153,1800
23,DEL,154,1847
23,DEL,155,1744
23,DEL,156,1701
23,DEL,157,1593
23,DEL,158,1572
23,DEL,159,1498
23,DEL,160,1621
23,DEL,161,1512
23,DEL,162,1427
23,DEL,163,1436
23,DEL,164,1397
23,DEL,165,1385
23,DEL,166,1275
23,DEL,167,1285
23,DEL,168,1151
23,DEL,169,1173
23,DEL,170,1123
23,DEL,171,1063
23,DEL,172,1040
23,DEL,173,1087
23,DEL,174,924
23,DEL,175,859
23,DEL,176,872
23,DEL,177,886
23,DEL,178,799
23,DEL,179,755
23,DEL,180,759
23,DEL,181,715
23,DEL,182,714
23,DEL,183,627
23,DEL,184,624
23,DEL,185,568
23,DEL,186,576
23,DEL,187,624
23,DEL,188,545
23,DEL,189,485
23,DEL,190,415
23,DEL,191,456
23,DEL,192,450
23,DEL,193,445
23,DEL,194,398
23,DEL,195,358
23,DEL,196,385
23,DEL,197,316
23,DEL,198,335
23,DEL,199,273
23,DEL,200,296
23,DEL,201,287
23,DEL,202,303
23,DEL,203,288
23,DEL,204,266
23,DEL,205,249
23,DEL,206,201
23,DEL,207,213
23,DEL,208,206
23,DEL,209,187
23,DEL,210,162
23,DEL,211,195
23,DEL,212,170
23,DEL,213,170
23,DEL,214,149
23,DEL,215,130
23,DEL,216,136
23,DEL,217,124
23,DEL,218,122
23,DEL,219,109
23,DEL,220,114
23,DEL,221,94
23,DEL,222,98
23,DEL,223,100
23,DEL,224,96
23,DEL,225,96
23,DEL,226,76
23,DEL,227,77
23,DEL,228,82
23,DEL,229,74
23,DEL,230,62
23,DEL,231,46
23,DEL,232,58
23,DEL,233,59
23,DEL,234,35
23,DEL,235,57
23,DEL,236,69
23,DEL,237,33
23,DEL,238,50
23,DEL,239,45
23,DEL,240,43
23,DEL,241,41
23,DEL,242,36
23,DEL,243,28
23,DEL,244,22
23,DEL,245,31
23,DEL,246,37
23,DEL,247,27
23,DEL,248,31
23,DEL,249,21
23,DEL,250,25
23,DEL,251,26
23,DEL,252,17
23,DEL,253,33
23,DEL,254,15
23,DEL,255,20
23,DEL,257,31
23,DEL,259,28
23,DEL,261,32
23,DEL,263,27
23,DEL,265,27
23,DEL,267,28
23,DEL,269,23
23,DEL,271,21
23,DEL,273,22
23,DEL,275,24
23,DEL,277,10
23,DEL,279,18
23,DEL,281,15
23,DEL,283,15
23,DEL,285,14
23,DEL,287,13
23,DEL,289,10
23,DEL,291,13
23,DEL,293,13
23,DEL,295,11
23,DEL,297,13
23,DEL,299,9
23,DEL,301,10
23,DEL,303,10
23,DEL,305,10
23,DEL,307,7
23,DEL,309,12
23,DEL,311,7
23,DEL,313,4
23,DEL,315,5
23,DEL,317,10
23,DEL,319,15
23,DEL,321,6
23,DEL,323,5
23,DEL,325,4
23,DEL,327,7
23,DEL,329,12
23,DEL,331,6
23,DEL,333,10
23,DEL,335,4
23,DEL,337,6
23,DEL,339,3
23,DEL,341,6
23,DEL,343,2
23,DEL,345,4
23,DEL,347,2
23,DEL,351,3
23,DEL,353,2
23,DEL,355,7
23,DEL,357,7
23,DEL,359,4
23,DEL,361,3
23,DEL,363,3
23,DEL,365,4
23,DEL,367,2
23,DEL,369,6
23,DEL,371,6
23,DEL,373,2
23,DEL,375,1
23,DEL,377,3
23,DEL,379,5
23,DEL,381,1
23,DEL,383,2
23,DEL,385,5
23,DEL,387,5
23,DEL,389,7
23,DEL,391,2
23,DEL,395,2
23,DEL,401,2
23,DEL,403,3
23,DEL,407,3
23,DEL,409,3
23,DEL,411,2
23,DEL,413,2
23,DEL,415,2
23,DEL,417,1
23,DEL,419,2
23,DEL,421,1
23,DEL,423,3
23,DEL,425,3
23,DEL,427,1
23,DEL,429,1
23,DEL,431,1
23,DEL,433,2
23,DEL,435,1
23,DEL,437,1
23,DEL,439,1
23,DEL,443,2
23,DEL,447,1
23,DEL,449,2
23,DEL,451,2
23,DEL,453,1
23,DEL,457,2
23,DEL,459,1
23,DEL,461,1
23,DEL,465,1
23,DEL,467,2
23,DEL,471,2
23,DEL,477,1
23,DEL,479,1
23,DEL,481,2
23,DEL,485,1
23,DEL,487,2
23,DEL,491,1
23,DEL,495,2
23,DEL,497,1
23,DEL,507,1
23,DEL,509,1
23,DEL,511,1
23,DEL,515,1
23,DEL,519,2
23,DEL,523,1
23,DEL,527,1
23,DEL,535,1
23,DEL,539,2
23,DEL,547,1
23,DEL,551,1
23,DEL,555,4
23,DEL,559,2
23,DEL,567,2
23,DEL,571,3
23,DEL,575,1
23,DEL,579,2
23,DEL,583,1
23,DEL,607,1
23,DEL,611,2
23,DEL,615,1
23,DEL,619,2
23,DEL,623,1
23,DEL,627,1
23,DEL,631,1
23,DEL,639,1
23,DEL,643,1
23,DEL,651,2
23,DEL,655,1
23,DEL,659,2
23,DEL,663,1
23,DEL,667,1
23,DEL,679,2
23,DEL,695,1
23,DEL,699,1
23,DEL,707,1
23,DEL,715,2
23,DEL,719,3
23,DEL,723,2
23,DEL,743,1
23,DEL,751,1
23,DEL,759,1
23,DEL,763,2
23,DEL,767,1
23,DEL,779,1
23,DEL,815,1
23,DEL,831,1
23,DEL,855,1
23,DEL,859,1
23,DEL,863,1
23,DEL,983,1
23,DEL,1007,1
23,DEL,1063,1
23,DEL,1079,1
23,DEL,1095,1
23,DEL,1103,3
23,DEL,1207,1
23,DEL,1215,1
23,DEL,1231,1
23,DEL,1247,1
23,DEL,1255,1
23,DEL,1287,1
23,DEL,1327,1
23,DEL,1351,1
23,DEL,1359,1
23,DEL,1383,1
23,DEL,1431,1
23,DEL,1591,1
23,DEL,1599,1
23,DEL,1607,1
23,DEL,1631,1
23,DEL,1655,2
23,DEL,1695,1
23,DEL,1855,1
23,DEL,1967,1
23,DEL,2047,1
23,DEL,2111,1
23,DEL,2287,1
23,DEL,2319,1
23,DEL,2719,1
23,DEL,2927,1
24,DEL,75,2
24,DEL,76,6
24,DEL,77,7
24,DEL,78,14
24,DEL,79,14
24,DEL,80,42
24,DEL,81,51
24,DEL,82,78
24,DEL,83,67
24,DEL,84,97
24,DEL,85,106
24,DEL,86,160
24,DEL,87,175
24,DEL,88,230
24,DEL,89,260
24,DEL,90,294
24,DEL,91,353
24,DEL,92,388
24,DEL,93,406
24,DEL,94,505
24,DEL,95,553
24,DEL,96,583
24,DEL,97,703
24,DEL,98,751
24,DEL,99,815
24,DEL,100,954
24,DEL,101,1007
24,DEL,102,1022
24,DEL,103,1149
24,DEL,104,1245
24,DEL,105,1290
24,DEL,106,1272
24,DEL,107,1357
24,DEL,108,1386
24,DEL,109,1520
24,DEL,110,1570
24,DEL,111,1612
24,DEL,112,1667
24,DEL,113,1717
24,DEL,114,1724
24,DEL,115,1857
24,DEL,116,1906
24,DEL,117,1903
24,DEL,118,1991
24,DEL,119,2075
24,DEL,120,2031
24,DEL,121,2129
24,DEL,122,2120
24,DEL,123,2207
24,DEL,124,2231
24,DEL,125,2223
24,DEL,126,2282
24,DEL,127,2326
24,DEL,128,2196
24,DEL,129,2300
24,DEL,130,2281
24,DEL,131,2296
24,DEL,132,2336
24,DEL,133,2340
24,DEL,134,2252
24,DEL,135,2389
24,DEL,136,2292
24,DEL,137,2171
24,DEL,138,2211
24,DEL,139,2323
24,DEL,140,2218
24,DEL,141,2192
24,DEL,142,2192
24,DEL,143,2125
24,DEL,144,2093
24,DEL,145,2077
24,DEL,146,2018
24,DEL,147,1973
24,DEL,148,2030
24,DEL,149,1870
24,DEL,150,1992
24,DEL,151,1853
24,DEL,152,1744
24,DEL,153,1706
24,DEL,154,1648
24,DEL,155,1700
24,DEL,156,1576
24,DEL,157,1612
24,DEL,158,1521
24,DEL,159,1448
24,DEL,160,1480
24,DEL,161,1393
24,DEL,162,1414
24,DEL,163,1298
24,DEL,164,1276
24,DEL,165,1222
24,DEL,166,1208
24,DEL,167,1122
24,DEL,168,1148
24,DEL,169,1039
24,DEL,170,1001
24,DEL,171,983
24,DEL,172,976
24,DEL,173,861
24,DEL,174,824
24,DEL,175,830
24,DEL,176,790
24,DEL,177,805
24,DEL,178,715
24,DEL,179,745
24,DEL,180,685
24,DEL,181,718
24,DEL,182,609
24,DEL,183,644
24,DEL,184,604
24,DEL,185,536
24,DEL,186,543
24,DEL,187,530
24,DEL,188,480
24,DEL,189,471
24,DEL,190,435
24,DEL,191,416
24,DEL,192,375
24,DEL,193,361
24,DEL,194,338
24,DEL,195,342
24,DEL,196,331
24,DEL,197,320
24,DEL,198,275
24,DEL,199,320
24,DEL,200,269
24,DEL,201,280
24,DEL,202,242
24,DEL,203,227
24,DEL,204,231
24,DEL,205,200
24,DEL,206,207
24,DEL,207,198
24,DEL,208,190
24,DEL,209,173
24,DEL,210,154
24,DEL,211,148
24,DEL,212,153
24,DEL,213,138
24,DEL,214,128
24,DEL,215,129
24,DEL,216,152
24,DEL,217,116
24,DEL,218,106
24,DEL,219,96
24,DEL,220,113
24,DEL,221,95
24,DEL,222,91
24,DEL,223,96
24,DEL,224,77
24,DEL,225,69
24,DEL,226,63
24,DEL,227,77
24,DEL,228,76
24,DEL,229,49
24,DEL,230,60
24,DEL,231,50
24,DEL,232,44
24,DEL,233,49
24,DEL,234,43
24,DEL,235,54
24,DEL,236,45
24,DEL,237,44
24,DEL,238,32
24,DEL,239,40
24,DEL,240,28
24,DEL,241,42
24,DEL,242,38
24,DEL,243,29
24,DEL,244,37
24,DEL,245,20
24,DEL,246,20
24,DEL,247,27
24,DEL,248,27
24,DEL,249,28
24,DEL,250,23
24,DEL,251,24
24,DEL,252,20
24,DEL,253,17
24,DEL,254,22
24,DEL,255,21
24,DEL,257,41
24,DEL,259,26
24,DEL,261,27
24,DEL,263,22
24,DEL,265,24
24,DEL,267,22
24,DEL,269,22
24,DEL,271,24
24,DEL,273,15
24,DEL,275,18
24,DEL,277,24
24,DEL,279,9
24,DEL,281,13
24,DEL,283,10
24,DEL,285,16
24,DEL,287,8
24,DEL,289,11
24,DEL,291,9
24,DEL,293,8
24,DEL,295,21
24,DEL,297,12
24,DEL,299,3
24,DEL,301,4
24,DEL,303,8
24,DEL,305,4
24,DEL,307,11
24,DEL,309,8
24,DEL,311,9
24,DEL,313,9
24,DEL,315,9
24,DEL,317,8
24,DEL,319,6
24,DEL,321,5
24,DEL,323,6
24,DEL,325,8
24,DEL,327,9
24,DEL,329,6
24,DEL,331,4
24,DEL,333,10
24,DEL,335,3
24,DEL,339,7
24,DEL,341,7
24,DEL,343,4
24,DEL,345,6
24,DEL,347,4
24,DEL,349,2
24,DEL,351,3
24,DEL,353,4
24,DEL,355,1
24,DEL,357,4
24,DEL,359,3
24,DEL,361,1
24,DEL,363,4
24,DEL,365,1
24,DEL,367,2
24,DEL,369,2
24,DEL,371,5
24,DEL,373,2
24,DEL,375,1
24,DEL,377,4
24,DEL,379,3
24,DEL,381,1
24,DEL,383,4
24,DEL,385,1
24,DEL,387,3
24,DEL,389,4
24,DEL,391,3
24,DEL,397,2
24,DEL,399,4
24,DEL,401,2
24,DEL,403,1
24,DEL,405,1
24,DEL,407,1
24,DEL,409,1
24,DEL,411,1
24,DEL,413,1
24,DEL,415,2
24,DEL,417,1
24,DEL,425,2
24,DEL,427,3
24,DEL,429,4
24,DEL,431,1
24,DEL,433,1
24,DEL,435,2
24,DEL,439,1
24,DEL,441,2
24,DEL,443,2
24,DEL,445,1
24,DEL,447,1
24,DEL,453,1
24,DEL,455,2
24,DEL,459,1
24,DEL,463,1
24,DEL,465,1
24,DEL,467,3
24,DEL,469,2
24,DEL,471,1
24,DEL,473,1
24,DEL,475,1
24,DEL,477,1
24,DEL,479,1
24,DEL,485,1
24,DEL,487,1
24,DEL,491,1
24,DEL,497,1
24,DEL,499,1
24,DEL,519,1
24,DEL,523,2
24,DEL,527,2
24,DEL,535,1
24,DEL,539,2
24,DEL,547,2
24,DEL,551,3
24,DEL,559,1
24,DEL,563,1
24,DEL,567,2
24,DEL,575,2
24,DEL,587,1
24,DEL,595,2
24,DEL,599,1
24,DEL,607,2
24,DEL,611,4
24,DEL,615,2
24,DEL,627,2
24,DEL,635,2
24,DEL,639,1
24,DEL,651,1
24,DEL,659,1
24,DEL,679,1
24,DEL,687,2
24,DEL,691,1
24,DEL,695,1
24,DEL,699,1
24,DEL,707,1
24,DEL,711,1
24,DEL,715,1
24,DEL,719,1
24,DEL,723,1
24,DEL,727,1
24,DEL,743,1
24,DEL,751,4
24,DEL,763,1
24,DEL,775,2
24,DEL,779,1
24,DEL,787,1
24,DEL,891,1
24,DEL,947,1
24,DEL,963,1
24,DEL,1011,1
24,DEL,1031,1
24,DEL,1063,1
24,DEL,1111,1
24,DEL,1207,1
24,DEL,1271,1
24,DEL,1279,2
24,DEL,1295,1
24,DEL,1327,1
24,DEL,1391,1
24,DEL,1399,1
24,DEL,1415,1
24,DEL,1455,1
24,DEL,1463,1
24,DEL,1527,1
24,DEL,1543,1
24,DEL,1551,1
24,DEL,1567,1
24,DEL,1591,1
24,DEL,1607,1
24,DEL,1695,1
24,DEL,1727,3
24,DEL,1751,1
24,DEL,1791,1
24,DEL,1831,1
24,DEL,1839,1
24,DEL,1855,1
24,DEL,1991,1
24,DEL,1999,1
24,DEL,2111,1
24,DEL,2127,1
24,DEL,2191,1
24,DEL,2239,2
24,DEL,2271,1
24,DEL,2607,1
24,DEL,3039,1
24,DEL,3359,1
24,DEL,3615,1
24,DEL,5215,1
24,DEL,5823,1
24,DEL,7935,1
24,SET,78,1
24,SET,79,1
24,SET,80,1
24,SET,81,6
24,SET,82,8
24,SET,83,8
24,SET,84,12
24,SET,85,12
24,SET,86,11
24,SET,87,20
24,SET,88,29
24,SET,89,25
24,SET,90,34
24,SET,91,48
24,SET,92,48
24,SET,93,53
24,SET,94,60
24,SET,95,63
24,SET,96,85
24,SET,97,108
24,SET,98,117
24,SET,99,129
24,SET,100,136
24,SET,101,133
24,SET,102,170
24,SET,103,161
24,SET,104,194
24,SET,105,177
24,SET,106,211
24,SET,107,197
24,SET,108,268
24,SET,109,235
24,SET,110,263
24,SET,111,286
24,SET,112,281
24,SET,113,294
24,SET,114,330
24,SET,115,301
24,SET,116,339
24,SET,117,354
24,SET,118,333
24,SET,119,397
24,SET,120,359
24,SET,121,363
24,SET,122,384
24,SET,123,424
24,SET,124,413
24,SET,125,361
24,SET,126,454
24,SET,127,463
24,SET,128,446
24,SET,129,463
24,SET,130,425
24,SET,131,455
24,SET,132,434
24,SET,133,498
24,SET,134,446
24,SET,135,447
24,SET,136,421
24,SET,137,449
24,SET,138,449
24,SET,139,454
24,SET,140,490
24,SET,141,463
24,SET,142,467
24,SET,143,453
24,SET,144,428
24,SET,145,425
24,SET,146,389
24,SET,147,394
24,SET,148,379
24,SET,149,405
24,SET,150,412
24,SET,151,380
24,SET,152,337
24,SET,153,392
24,SET,154,372
24,SET,155,361
24,SET,156,358
24,SET,157,355
24,SET,158,338
24,SET,159,324
24,SET,160,322
24,SET,161,274
24,SET,162,309
24,SET,163,300
24,SET,164,290
24,SET,165,286
24,SET,166,278
24,SET,167,256
24,SET,168,242
24,SET,169,254
24,SET,170,250
24,SET,171,220
24,SET,172,208
24,SET,173,205
24,SET,174,241
24,SET,175,205
24,SET,176,192
24,SET,177,200
24,SET,178,186
24,SET,179,195
24,SET,180,173
24,SET,181,153
24,SET,182,153
24,SET,183,148
24,SET,184,145
24,SET,185,146
24,SET,186,143
24,SET,187,118
24,SET,188,125
24,SET,189,126
24,SET,190,113
24,SET,191,96
24,SET,192,114
24,SET,193,104
24,SET,194,85
24,SET,195,72
24,SET,196,85
24,SET,197,81
24,SET,198,77
24,SET,199,66
24,SET,200,62
24,SET,201,66
24,SET,202,58
24,SET,203,62
24,SET,204,60
24,SET,205,55
24,SET,206,47
24,SET,207,57
24,SET,208,54
24,SET,209,52
24,SET,210,40
24,SET,211,44
24,SET,212,34
24,SET,213,38
24,SET,214,40
24,SET,215,31
24,SET,216,37
24,SET,217,26
24,SET,218,34
24,SET,219,21
24,SET,220,37
24,SET,221,23
24,SET,222,22
24,SET,223,16
24,SET,224,20
24,SET,225,18
24,SET,226,28
24,SET,227,14
24,SET,228,12
24,SET,229,14
24,SET,230,15
24,SET,231,11
24,SET,232,14
24,SET,233,14
24,SET,234,18
24,SET,235,11
24,SET,236,11
24,SET,237,10
24,SET,238,12
24,SET,239,9
24,SET,240,7
24,SET,241,12
24,SET,242,6
24,SET,243,15
24,SET,244,4
24,SET,245,10
24,SET,246,10
24,SET,247,9
24,SET,248,8
24,SET,249,5
24,SET,250,7
24,SET,251,7
24,SET,252,12
24,SET,253,5
24,SET,254,4
24,SET,255,8
24,SET,257,11
24,SET,259,5
24,SET,261,6
24,SET,263,10
24,SET,265,8
24,SET,267,3
24,SET,269,5
24,SET,271,7
24,SET,273,6
24,SET,275,3
24,SET,277,8
24,SET,279,5
24,SET,281,7
24,SET,283,6
24,SET,285,2
24,SET,287,1
24,SET,289,4
24,SET,291,4
24,SET,293,2
24,SET,295,3
24,SET,297,1
24,SET,299,2
24,SET,301,1
24,SET,303,3
24,SET,305,2
24,SET,307,3
24,SET,309,4
24,SET,311,2
24,SET,313,3
24,SET,315,2
24,SET,317,1
24,SET,319,1
24,SET,321,1
24,SET,323,2
24,SET,325,4
24,SET,327,3
24,SET,329,1
24,SET,331,1
24,SET,333,1
24,SET,335,1
24,SET,339,1
24,SET,341,1
24,SET,345,1
24,SET,349,1
24,SET,351,1
24,SET,353,2
24,SET,355,2
24,SET,357,1
24,SET,359,1
24,SET,361,1
24,SET,363,1
24,SET,365,1
24,SET,367,1
24,SET,369,1
24,SET,371,2
24,SET,373,1
24,SET,377,1
24,SET,381,1
24,SET,385,2
24,SET,389,1
24,SET,393,2
24,SET,397,1
24,SET,399,1
24,SET,401,1
24,SET,411,1
24,SET,413,1
24,SET,457,1
24,SET,469,1
24,SET,483,1
24,SET,495,1
24,SET,503,1
24,SET,509,1
24,SET,535,1
24,SET,547,1
24,SET,559,1
24,SET,627,1
24,SET,635,1
24,SET,639,1
24,SET,643,1
24,SET,651,1
24,SET,671,1
24,SET,743,1
24,SET,763,1
24,SET,791,1
24,SET,847,1
24,SET,943,1
24,SET,1011,1
24,SET,1119,1
24,SET,1239,1
24,SET,1335,1
24,SET,1487,1
24,SET,1511,1
24,SET,1751,1
24,SET,1839,1
24,SET,2063,1
24,SET,2303,1
24,SET,2511,1
24,GET,72,1
24,GET,73,2
24,GET,74,6
24,GET,75,7
24,GET,76,13
24,GET,77,34
24,GET,78,47
24,GET,79,63
24,GET,80,114
24,GET,81,159
24,GET,82,196
24,GET,83,259
24,GET,84,333
24,GET,85,400
24,GET,86,504
24,GET,87,591
24,GET,88,681
24,GET,89,813
24,GET,90,966
24,GET,91,1068
24,GET,92,1197
24,GET,93,1336
24,GET,94,1522
24,GET,95,1691
24,GET,96,1825
24,GET,97,2087
24,GET,98,2271
24,GET,99,2541
24,GET,100,2731
24,GET,101,2859
24,GET,102,3051
24,GET,103,3240
24,GET,104,3575
24,GET,105,3679
24,GET,106,3840
24,GET,107,3987
24,GET,108,4243
24,GET,109,4361
24,GET,110,4503
24,GET,111,4586
24,GET,112,4817
24,GET,113,4988
24,GET,114,5029
24,GET,115,5266
24,GET,116,5421
24,GET,117,5467
24,GET,118,5681
24,GET,119,5833
24,GET,120,5864
24,GET,121,6149
24,GET,122,6101
24,GET,123,6163
24,GET,124,6340
24,GET,125,6270
24,GET,126,6539
24,GET,127,6532
24,GET,128,6527
24,GET,129,6385
24,GET,130,6624
24,GET,131,6287
24,GET,132,6539
24,GET,133,6434
24,GET,134,6464
24,GET,135,6311
24,GET,136,6250
24,GET,137,6255
24,GET,138,6219
24,GET,139,6228
24,GET,140,6289
24,GET,141,6121
24,GET,142,5992
24,GET,143,5977
24,GET,144,5945
24,GET,145,5852
24,GET,146,5578
24,GET,147,5566
24,GET,148,5636
24,GET,149,5339
24,GET,150,5117
24,GET,151,5128
24,GET,152,4842
24,GET,153,4685
24,GET,154,4649
24,GET,155,4608
24,GET,156,4464
24,GET,157,4417
24,GET,158,4209
24,GET,159,4161
24,GET,160,4004
24,GET,161,3780
24,GET,162,3695
24,GET,163,3807
24,GET,164,3515
24,GET,165,3330
24,GET,166,3235
24,GET,167,3119
24,GET,168,2961
24,GET,169,2912
24,GET,170,2821
24,GET,171,2718
24,GET,172,2560
24,GET,173,2508
24,GET,174,2366
24,GET,175,2295
24,GET,176,2137
24,GET,177,2113
24,GET,178,2023
24,GET,179,1992
24,GET,180,1787
24,GET,181,1786
24,GET,182,1765
24,GET,183,1724
24,GET,184,1578
24,GET,185,1520
24,GET,186,1513
24,GET,187,1368
24,GET,188,1290
24,GET,189,1239
24,GET,190,1162
24,GET,191,1106
24,GET,192,1061
24,GET,193,1008
24,GET,194,996
24,GET,195,912
24,GET,196,932
24,GET,197,868
24,GET,198,790
24,GET,199,785
24,GET,200,709
24,GET,201,689
24,GET,202,655
24,GET,203,597
24,GET,204,592
24,GET,205,583
24,GET,206,594
24,GET,207,506
24,GET,208,496
24,GET,209,514
24,GET,210,421
24,GET,211,406
24,GET,212,381
24,GET,213,367
24,GET,214,338
24,GET,215,355
24,GET,216,303
24,GET,217,306
24,GET,218,297
24,GET,219,275
24,GET,220,267
24,GET,221,245
24,GET,222,244
24,GET,223,229
24,GET,224,199
24,GET,225,193
24,GET,226,180
24,GET,227,187
24,GET,228,170
24,GET,229,154
24,GET,230,148
24,GET,231,162
24,GET,232,133
24,GET,233,146
24,GET,234,118
24,GET,235,107
24,GET,236,103
24,GET,237,95
24,GET,238,110
24,GET,239,74
24,GET,240,101
24,GET,241,80
24,GET,242,99
24,GET,243,82
24,GET,244,83
24,GET,245,74
24,GET,246,67
24,GET,247,76
24,GET,248,83
24,GET,249,49
24,GET,250,66
24,GET,251,61
24,GET,252,71
24,GET,253,37
24,GET,254,51
24,GET,255,56
24,GET,257,89
24,GET,259,80
24,GET,261,94
24,GET,263,64
24,GET,265,56
24,GET,267,44
24,GET,269,63
24,GET,271,40
24,GET,273,40
24,GET,275,46
24,GET,277,43
24,GET,279,42
24,GET,281,33
24,GET,283,36
24,GET,285,35
24,GET,287,30
24,GET,289,34
24,GET,291,26
24,GET,293,31
24,GET,295,28
24,GET,297,24
24,GET,299,20
24,GET,301,23
24,GET,303,20
24,GET,305,23
24,GET,307,24
24,GET,309,19
24,GET,311,17
24,GET,313,19
24,GET,315,19
24,GET,317,13
24,GET,319,20
24,GET,321,10
24,GET,323,17
24,GET,325,16
24,GET,327,21
24,GET,329,15
24,GET,331,22
24,GET,333,16
24,GET,335,13
24,GET,337,19
24,GET,339,11
24,GET,341,12
24,GET,343,13
24,GET,345,18
24,GET,347,11
24,GET,349,10
24,GET,351,11
24,GET,353,10
24,GET,355,10
24,GET,357,9
24,GET,359,10
24,GET,361,13
24,GET,363,11
24,GET,365,10
24,GET,367,5
24,GET,369,11
24,GET,371,4
24,GET,373,9
24,GET,375,5
24,GET,377,5
24,GET,379,8
24,GET,381,8
24,GET,383,4
24,GET,385,7
24,GET,387,12
24,GET,389,8
24,GET,391,6
24,GET,393,1
24,GET,395,6
24,GET,397,8
24,GET,399,2
24,GET,401,5
24,GET,403,5
24,GET,407,8
24,GET,409,4
24,GET,411,5
24,GET,413,1
24,GET,415,4
24,GET,417,5
24,GET,419,6
24,GET,421,2
24,GET,423,7
24,GET,425,3
24,GET,427,5
24,GET,429,7
24,GET,431,7
24,GET,433,4
24,GET,435,5
24,GET,437,6
24,GET,439,6
24,GET,441,6
24,GET,443,5
24,GET,445,2
24,GET,447,2
24,GET,449,3
24,GET,453,2
24,GET,455,1
24,GET,457,4
24,GET,459,3
24,GET,461,2
24,GET,463,3
24,GET,465,2
24,GET,467,1
24,GET,469,4
24,GET,471,2
24,GET,473,3
24,GET,475,1
24,GET,477,1
24,GET,479,3
24,GET,483,4
24,GET,485,1
24,GET,487,2
24,GET,489,2
24,GET,491,4
24,GET,493,2
24,GET,495,1
24,GET,497,2
24,GET,501,1
24,GET,503,1
24,GET,505,1
24,GET,509,1
24,GET,511,2
24,GET,515,1
24,GET,519,3
24,GET,523,1
24,GET,527,4
24,GET,531,5
24,GET,535,5
24,GET,539,2
24,GET,543,7
24,GET,547,2
24,GET,551,3
24,GET,555,2
24,GET,559,1
24,GET,563,4
24,GET,567,5
24,GET,571,2
24,GET,575,3
24,GET,579,3
24,GET,583,1
24,GET,587,3
24,GET,591,2
24,GET,595,1
24,GET,599,5
24,GET,603,2
24,GET,607,3
24,GET,611,1
24,GET,615,6
24,GET,619,1
24,GET,623,2
24,GET,627,1
24,GET,631,1
24,GET,635,1
24,GET,639,1
24,GET,643,4
24,GET,651,4
24,GET,655,1
24,GET,659,1
24,GET,663,1
24,GET,667,1
24,GET,671,5
24,GET,675,3
24,GET,679,2
24,GET,683,4
24,GET,687,1
24,GET,691,1
24,GET,695,3
24,GET,699,3
24,GET,707,4
24,GET,711,1
24,GET,719,3
24,GET,723,1
24,GET,727,3
24,GET,743,3
24,GET,747,2
24,GET,751,1
24,GET,755,2
24,GET,759,2
24,GET,763,1
24,GET,767,3
24,GET,771,1
24,GET,775,1
24,GET,779,1
24,GET,783,1
24,GET,803,3
24,GET,807,1
24,GET,819,2
24,GET,823,2
24,GET,827,2
24,GET,855,1
24,GET,871,1
24,GET,875,1
24,GET,887,1
24,GET,911,1
24,GET,939,1
24,GET,943,2
24,GET,955,1
24,GET,967,1
24,GET,971,1
24,GET,983,1
24,GET,995,2
24,GET,1047,2
24,GET,1055,2
24,GET,1071,1
24,GET,1095,1
24,GET,1103,3
24,GET,1111,1
24,GET,1135,2
24,GET,1151,2
24,GET,1183,1
24,GET,1191,1
24,GET,1199,2
24,GET,1231,1
24,GET,1239,2
24,GET,1255,1
24,GET,1263,1
24,GET,1279,1
24,GET,1295,1
24,GET,1303,1
24,GET,1311,1
24,GET,1319,1
24,GET,1343,1
24,GET,1351,1
24,GET,1359,1
24,GET,1383,1
24,GET,1391,1
24,GET,1407,1
24,GET,1423,1
24,GET,1431,2
24,GET,1439,2
24,GET,1455,1
24,GET,1471,1
24,GET,1487,3
24,GET,1495,2
24,GET,1511,1
24,GET,1519,1
24,GET,1527,1
24,GET,1535,1
24,GET,1543,1
24,GET,1575,2
24,GET,1583,1
24,GET,1591,1
24,GET,1599,1
24,GET,1623,1
24,GET,1631,1
24,GET,1655,1
24,GET,1663,1
24,GET,1671,1
24,GET,1695,1
24,GET,1703,1
24,GET,1711,1
24,GET,1759,2
24,GET,1791,2
24,GET,1815,1
24,GET,1855,1
24,GET,1871,1
24,GET,1879,2
24,GET,1903,1
24,GET,1967,1
24,GET,1975,1
24,GET,2159,1
24,GET,2383,1
24,GET,2415,1
24,GET,2447,1
24,GET,2463,1
24,GET,2751,1
24,GET,2879,1
24,GET,2911,2
24,GET,3103,1
24,GET,3327,1
24,GET,3423,1
24,GET,4191,1
24,GET,4511,1
24,GET,6367,1
24,GET,6815,1
25,DEL,75,1
25,DEL,77,2
25,DEL,78,2
25,DEL,79,2
25,DEL,80,9
25,DEL,81,14
25,DEL,82,31
25,DEL,83,41
25,DEL,84,63
25,DEL,85,78
25,DEL,86,95
25,DEL,87,104
25,DEL,88,134
25,DEL,89,188
25,DEL,90,207
25,DEL,91,253
25,DEL,92,309
25,DEL,93,323
25,DEL,94,401
25,DEL,95,468
25,DEL,96,539
25,DEL,97,569
25,DEL,98,622
25,DEL,99,733
25,DEL,100,710
25,DEL,101,826
25,DEL,102,928
25,DEL,103,999
25,DEL,104,985
25,DEL,105,1126
25,DEL,106,1233
25,DEL,107,1249
25,DEL,108,1315
25,DEL,109,1379
25,DEL,110,1430
25,DEL,111,1448
25,DEL,112,1531
25,DEL,113,1574
25,DEL,114,1622
25,DEL,115,1736
25,DEL,116,1823
25,DEL,117,1793
25,DEL,118,1854
25,DEL,119,2029
25,DEL,120,2014
25,DEL,121,1947
25,DEL,122,2008
25,DEL,123,1964
25,DEL,124,2119
25,DEL,125,2057
25,DEL,126,2195
25,DEL,127,2198
25,DEL,128,2203
25,DEL,129,2099
25,DEL,130,2249
25,DEL,131,2135
25,DEL,132,2204
25,DEL,133,2190
25,DEL,134,2203
25,DEL,135,2123
25,DEL,136,2175
25,DEL,137,2272
25,DEL,138,2308
25,DEL,139,2181
25,DEL,140,2276
25,DEL,141,2141
25,DEL,142,2196
25,DEL,143,2154
25,DEL,144,2075
25,DEL,145,2137
25,DEL,146,2098
25,DEL,147,1992
25,DEL,148,1994
25,DEL,149,1898
25,DEL,150,1927
25,DEL,151,1964
25,DEL,152,1869
25,DEL,153,1881
25,DEL,154,1846
25,DEL,155,1710
25,DEL,156,1688
25,DEL,157,1617
25,DEL,158,1609
25,DEL,159,1567
25,DEL,160,1505
25,DEL,161,1527
25,DEL,162,1480
25,DEL,163,1416
25,DEL,164,1334
25,DEL,165,1332
25,DEL,166,1332
25,DEL,167,1288
25,DEL,168,1214
25,DEL,169,1136
25,DEL,170,1080
25,DEL,171,1146
25,DEL,172,1016
25,DEL,173,1023
25,DEL,174,993
25,DEL,175,959
25,DEL,176,885
25,DEL,177,873
25,DEL,178,836
25,DEL,179,834
25,DEL,180,764
25,DEL,181,747
25,DEL,182,680
25,DEL,183,689
25,DEL,184,650
25,DEL,185,594
25,DEL,186,592
25,DEL,187,622
25,DEL,188,590
25,DEL,189,529
25,DEL,190,549
25,DEL,191,468
25,DEL,192,488
25,DEL,193,471
25,DEL,194,455
25,DEL,195,376
25,DEL,196,411
25,DEL,197,387
25,DEL,198,385
25,DEL,199,333
25,DEL,200,351
25,DEL,201,309
25,DEL,202,292
25,DEL,203,311
25,DEL,204,255
25,DEL,205,273
25,DEL,206,226
25,DEL,207,219
25,DEL,208,195
25,DEL,209,219
25,DEL,210,180
25,DEL,211,179
25,DEL,212,203
25,DEL,213,182
25,DEL,214,172
25,DEL,215,165
25,DEL,216,141
25,DEL,217,163
25,DEL,218,143
25,DEL,219,147
25,DEL,220,125
25,DEL,221,112
25,DEL,222,128
25,DEL,223,111
25,DEL,224,92
25,DEL,225,98
25,DEL,226,105
25,DEL,227,72
25,DEL,228,76
25,DEL,229,93
25,DEL,230,76
25,DEL,231,72
25,DEL,232,78
25,DEL,233,57
25,DEL,234,63
25,DEL,235,64
25,DEL,236,68
25,DEL,237,56
25,DEL,238,54
25,DEL,239,54
25,DEL,240,48
25,DEL,241,42
25,DEL,242,45
25,DEL,243,39
25,DEL,244,37
25,DEL,245,34
25,DEL,246,38
25,DEL,247,36
25,DEL,248,31
25,DEL,249,32
25,DEL,250,29
25,DEL,251,26
25,DEL,252,31
25,DEL,253,28
25,DEL,254,24
25,DEL,255,22
25,DEL,257,55
25,DEL,259,50
25,DEL,261,46
25,DEL,263,30
25,DEL,265,24
25,DEL,267,34
25,DEL,269,24
25,DEL,271,31
25,DEL,273,26
25,DEL,275,31
25,DEL,277,27
25,DEL,279,19
25,DEL,281,17
25,DEL,283,26
25,DEL,285,18
25,DEL,287,15
25,DEL,289,7
25,DEL,291,15
25,DEL,293,18
25,DEL,295,11
25,DEL,297,13
25,DEL,299,14
25,DEL,301,9
25,DEL,303,6
25,DEL,305,12
25,DEL,307,9
25,DEL,309,5
25,DEL,311,7
25,DEL,313,8
25,DEL,315,4
25,DEL,317,11
25,DEL,319,14
25,DEL,321,10
25,DEL,323,3
25,DEL,325,10
25,DEL,327,10
25,DEL,329,5
25,DEL,331,3
25,DEL,333,11
25,DEL,335,2
25,DEL,337,3
25,DEL,339,7
25,DEL,341,8
25,DEL,343,8
25,DEL,345,7
25,DEL,347,5
25,DEL,349,6
25,DEL,351,3
25,DEL,353,6
25,DEL,355,3
25,DEL,357,4
25,DEL,359,6
25,DEL,361,6
25,DEL,363,4
25,DEL,365,4
25,DEL,367,4
25,DEL,369,3
25,DEL,371,3
25,DEL,373,4
25,DEL,375,4
25,DEL,377,2
25,DEL,379,1
25,DEL,381,1
25,DEL,383,2
25,DEL,385,4
25,DEL,387,3
25,DEL,389,2
25,DEL,391,3
25,DEL,393,3
25,DEL,395,2
25,DEL,397,3
25,DEL,399,3
25,DEL,403,3
25,DEL,405,7
25,DEL,407,2
25,DEL,409,1
25,DEL,411,3
25,DEL,413,1
25,DEL,415,1
25,DEL,417,2
25,DEL,419,2
25,DEL,421,3
25,DEL,423,2
25,DEL,425,1
25,DEL,427,2
25,DEL,429,2
25,DEL,431,1
25,DEL,435,1
25,DEL,437,1
25,DEL,439,4
25,DEL,441,1
25,DEL,443,3
25,DEL,449,1
25,DEL,451,1
25,DEL,455,1
25,DEL,457,1
25,DEL,465,3
25,DEL,469,1
25,DEL,473,2
25,DEL,477,1
25,DEL,479,1
25,DEL,491,1
25,DEL,495,1
25,DEL,497,1
25,DEL,511,2
25,DEL,519,2
25,DEL,523,1
25,DEL,531,1
25,DEL,535,1
25,DEL,539,1
25,DEL,543,1
25,DEL,547,4
25,DEL,551,1
25,DEL,555,2
25,DEL,563,2
25,DEL,567,3
25,DEL,571,2
25,DEL,575,1
25,DEL,579,1
25,DEL,587,1
25,DEL,591,2
25,DEL,595,3
25,DEL,599,1
25,DEL,603,1
25,DEL,607,1
25,DEL,611,1
25,DEL,615,1
25,DEL,619,2
25,DEL,623,2
25,DEL,627,2
25,DEL,631,3
25,DEL,635,1
25,DEL,643,2
25,DEL,647,2
25,DEL,659,2
25,DEL,663,1
25,DEL,675,1
25,DEL,683,1
25,DEL,687,1
25,DEL,695,1
25,DEL,699,1
25,DEL,703,1
25,DEL,707,1
25,DEL,727,1
25,DEL,743,1
25,DEL,747,1
25,DEL,751,2
25,DEL,755,1
25,DEL,763,2
25,DEL,779,1
25,DEL,787,1
25,DEL,799,1
25,DEL,803,1
25,DEL,819,1
25,DEL,839,1
25,DEL,871,1
25,DEL,899,1
25,DEL,923,1
25,DEL,955,1
25,DEL,975,1
25,DEL,987,1
25,DEL,1015,1
25,DEL,1023,1
25,DEL,1087,2
25,DEL,1095,1
25,DEL,1135,1
25,DEL,1175,1
25,DEL,1207,1
25,DEL,1223,1
25,DEL,1239,1
25,DEL,1247,2
25,DEL,1279,1
25,DEL,1303,1
25,DEL,1327,1
25,DEL,1343,1
25,DEL,1359,1
25,DEL,1367,1
25,DEL,1375,1
25,DEL,1383,2
25,DEL,1447,1
25,DEL,1487,1
25,DEL,1535,1
25,DEL,1551,1
25,DEL,1615,1
25,DEL,1647,2
25,DEL,1671,1
25,DEL,1679,1
25,DEL,1687,1
25,DEL,1695,2
25,DEL,1735,1
25,DEL,1783,1
25,DEL,1879,1
25,DEL,2047,1
25,DEL,2063,1
25,DEL,2079,1
25,DEL,2095,1
25,DEL,2127,1
25,DEL,2175,1
25,DEL,2191,1
25,DEL,2255,1
25,DEL,2319,1
25,DEL,2335,1
25,DEL,2767,1
25,DEL,3023,1
25,DEL,3791,1
25,DEL,5247,1
25,DEL,6271,1
25,DEL,7071,1
25,GET,74,1
25,GET,76,2
25,GET,77,7
25,GET,78,9
25,GET,79,27
25,GET,80,39
25,GET,81,68
25,GET,82,125
25,GET,83,151
25,GET,84,192
25,GET,85,255
25,GET,86,298
25,GET,87,428
25,GET,88,476
25,GET,89,612
25,GET,90,685
25,GET,91,766
25,GET,92,956
25,GET,93,1109
25,GET,94,1269
25,GET,95,1388
25,GET,96,1577
25,GET,97,1712
25,GET,98,1954
25,GET,99,2109
25,GET,100,2369
25,GET,101,2495
25,GET,102,2700
25,GET,103,2836
25,GET,104,3030
25,GET,105,3261
25,GET,106,3442
25,GET,107,3604
25,GET,108,3723
25,GET,109,3978
25,GET,110,4076
25,GET,111,4323
25,GET,112,4531
25,GET,113,4635
25,GET,114,4710
25,GET,115,4865
25,GET,116,5072
25,GET,117,5113
25,GET,118,5284
25,GET,119,5557
25,GET,120,5669
25,GET,121,5758
25,GET,122,5787
25,GET,123,5893
25,GET,124,5963
25,GET,125,6220
25,GET,126,6036
25,GET,127,6273
25,GET,128,6215
25,GET,129,6214
25,GET,130,6211
25,GET,131,6255
25,GET,132,6329
25,GET,133,6180
25,GET,134,6267
25,GET,135,6213
25,GET,136,6168
25,GET,137,6178
25,GET,138,6128
25,GET,139,6189
25,GET,140,6140
25,GET,141,6135
25,GET,142,5998
25,GET,143,5923
25,GET,144,5880
25,GET,145,5945
25,GET,146,5808
25,GET,147,5616
25,GET,148,5467
25,GET,149,5455
25,GET,150,5310
25,GET,151,5034
25,GET,152,5045
25,GET,153,4997
25,GET,154,4883
25,GET,155,4862
25,GET,156,4660
25,GET,157,4590
25,GET,158,4445
25,GET,159,4421
25,GET,160,4256
25,GET,161,4268
25,GET,162,3941
25,GET,163,3856
25,GET,164,3765
25,GET,165,3631
25,GET,166,3371
25,GET,167,3470
25,GET,168,3285
25,GET,169,3192
25,GET,170,3138
25,GET,171,2990
25,GET,172,2864
25,GET,173,2764
25,GET,174,2735
25,GET,175,2540
25,GET,176,2458
25,GET,177,2421
25,GET,178,2375
25,GET,179,2205
25,GET,180,2148
25,GET,181,2082
25,GET,182,1980
25,GET,183,1959
25,GET,184,1818
25,GET,185,1764
25,GET,186,1694
25,GET,187,1667
25,GET,188,1472
25,GET,189,1501
25,GET,190,1369
25,GET,191,1320
25,GET,192,1262
25,GET,193,1215
25,GET,194,1198
25,GET,195,1164
25,GET,196,1047
25,GET,197,1062
25,GET,198,986
25,GET,199,926
25,GET,200,921
25,GET,201,846
25,GET,202,853
25,GET,203,752
25,GET,204,744
25,GET,205,682
25,GET,206,663
25,GET,207,658
25,GET,208,607
25,GET,209,595
25,GET,210,563
25,GET,211,525
25,GET,212,515
25,GET,213,468
25,GET,214,458
25,GET,215,433
25,GET,216,403
25,GET,217,334
25,GET,218,371
25,GET,219,323
25,GET,220,351
25,GET,221,348
25,GET,222,282
25,GET,223,297
25,GET,224,287
25,GET,225,266
25,GET,226,289
25,GET,227,253
25,GET,228,236
25,GET,229,216
25,GET,230,215
25,GET,231,189
25,GET,232,192
25,GET,233,182
25,GET,234,175
25,GET,235,167
25,GET,236,136
25,GET,237,152
25,GET,238,154
25,GET,239,131
25,GET,240,124
25,GET,241,108
25,GET,242,122
25,GET,243,89
25,GET,244,94
25,GET,245,121
25,GET,246,97
25,GET,247,96
25,GET,248,91
25,GET,249,83
25,GET,250,91
25,GET,251,76
25,GET,252,70
25,GET,253,62
25,GET,254,64
25,GET,255,55
25,GET,257,131
25,GET,259,114
25,GET,261,126
25,GET,263,98
25,GET,265,88
25,GET,267,67
25,GET,269,69
25,GET,271,75
25,GET,273,56
25,GET,275,44
25,GET,277,60
25,GET,279,49
25,GET,281,51
25,GET,283,52
25,GET,285,41
25,GET,287,39
25,GET,289,51
25,GET,291,26
25,GET,293,47
25,GET,295,26
25,GET,297,28
25,GET,299,20
25,GET,301,34
25,GET,303,30
25,GET,305,35
25,GET,307,31
25,GET,309,32
25,GET,311,31
25,GET,313,31
25,GET,315,31
25,GET,317,21
25,GET,319,12
25,GET,321,18
25,GET,323,23
25,GET,325,12
25,GET,327,22
25,GET,329,20
25,GET,331,17
25,GET,333,13
25,GET,335,27
25,GET,337,16
25,GET,339,15
25,GET,341,26
25,GET,343,16
25,GET,345,19
25,GET,347,17
25,GET,349,10
25,GET,351,10
25,GET,353,16
25,GET,355,10
25,GET,357,9
25,GET,359,13
25,GET,361,8
25,GET,363,19
25,GET,365,8
25,GET,367,12
25,GET,369,10
25,GET,371,6
25,GET,373,12
25,GET,375,11
25,GET,377,17
25,GET,379,12
25,GET,381,9
25,GET,383,6
25,GET,385,15
25,GET,387,11
25,GET,389,7
25,GET,391,6
25,GET,393,11
25,GET,395,6
25,GET,397,4
25,GET,399,6
25,GET,401,6
25,GET,403,4
25,GET,405,8
25,GET,407,7
25,GET,409,3
25,GET,411,3
25,GET,413,4
25,GET,415,5
25,GET,417,3
25,GET,419,12
25,GET,421,10
25,GET,423,6
25,GET,425,2
25,GET,427,8
25,GET,429,3
25,GET,431,7
25,GET,433,7
25,GET,435,3
25,GET,437,5
25,GET,439,3
25,GET,441,4
25,GET,443,4
25,GET,445,2
25,GET,447,2
25,GET,449,8
25,GET,451,3
25,GET,453,3
25,GET,455,2
25,GET,457,1
25,GET,459,4
25,GET,461,3
25,GET,463,3
25,GET,465,2
25,GET,467,4
25,GET,469,1
25,GET,471,6
25,GET,473,5
25,GET,475,2
25,GET,477,5
25,GET,479,2
25,GET,481,4
25,GET,483,3
25,GET,485,2
25,GET,487,4
25,GET,489,2
25,GET,491,1
25,GET,493,2
25,GET,495,1
25,GET,499,1
25,GET,501,4
25,GET,505,1
25,GET,507,3
25,GET,509,2
25,GET,511,3
25,GET,515,5
25,GET,519,3
25,GET,523,1
25,GET,527,5
25,GET,531,5
25,GET,535,2
25,GET,539,4
25,GET,543,2
25,GET,547,3
25,GET,551,2
25,GET,555,3
25,GET,559,2
25,GET,563,6
25,GET,571,1
25,GET,575,3
25,GET,579,5
25,GET,583,1
25,GET,587,3
25,GET,591,2
25,GET,595,4
25,GET,599,1
25,GET,603,5
25,GET,607,3
25,GET,611,4
25,GET,615,2
25,GET,619,3
25,GET,623,4
25,GET,631,2
25,GET,639,1
25,GET,643,3
25,GET,647,5
25,GET,651,1
25,GET,655,2
25,GET,659,3
25,GET,663,2
25,GET,667,1
25,GET,671,4
25,GET,675,2
25,GET,679,2
25,GET,683,2
25,GET,691,1
25,GET,695,4
25,GET,711,2
25,GET,715,4
25,GET,719,3
25,GET,723,2
25,GET,731,1
25,GET,735,3
25,GET,739,2
25,GET,743,4
25,GET,751,1
25,GET,755,1
25,GET,759,2
25,GET,763,1
25,GET,767,4
25,GET,771,1
25,GET,775,1
25,GET,783,2
25,GET,787,1
25,GET,791,2
25,GET,795,3
25,GET,811,3
25,GET,831,1
25,GET,835,2
25,GET,843,1
25,GET,851,1
25,GET,879,1
25,GET,895,2
25,GET,907,1
25,GET,911,2
25,GET,919,1
25,GET,927,1
25,GET,935,1
25,GET,951,1
25,GET,955,1
25,GET,959,1
25,GET,967,1
25,GET,983,1
25,GET,1023,2
25,GET,1031,1
25,GET,1039,1
25,GET,1055,1
25,GET,1087,1
25,GET,1103,3
25,GET,1127,1
25,GET,1135,1
25,GET,1143,1
25,GET,1167,1
25,GET,1183,2
25,GET,1191,1
25,GET,1223,2
25,GET,1239,1
25,GET,1247,1
25,GET,1255,1
25,GET,1271,1
25,GET,1311,1
25,GET,1327,1
25,GET,1335,1
25,GET,1383,1
25,GET,1399,1
25,GET,1407,1
25,GET,1447,1
25,GET,1463,1
25,GET,1471,1
25,GET,1487,1
25,GET,1495,1
25,GET,1503,2
25,GET,1511,1
25,GET,1519,1
25,GET,1559,1
25,GET,1591,3
25,GET,1599,1
25,GET,1607,2
25,GET,1631,1
25,GET,1647,2
25,GET,1679,1
25,GET,1695,1
25,GET,1727,2
25,GET,1735,1
25,GET,1759,1
25,GET,1783,2
25,GET,1799,1
25,GET,1823,1
25,GET,1831,1
25,GET,1847,1
25,GET,1863,1
25,GET,1871,2
25,GET,1879,1
25,GET,1887,1
25,GET,1903,1
25,GET,1935,1
25,GET,2007,2
25,GET,2023,2
25,GET,2039,1
25,GET,2063,2
25,GET,2079,1
25,GET,2095,2
25,GET,2239,1
25,GET,2255,1
25,GET,2271,2
25,GET,2671,1
25,GET,2703,1
25,GET,2783,1
25,GET,3359,1
25,GET,3423,1
25,GET,3487,1
25,GET,3503,1
25,GET,3535,1
25,GET,3791,1
25,GET,3807,1
25,GET,3999,1
25,GET,4095,1
25,GET,4223,1
25,GET,6815,1
25,SET,79,1
25,SET,81,2
25,SET,83,1
25,SET,84,5
25,SET,85,6
25,SET,86,7
25,SET,87,18
25,SET,88,15
25,SET,89,17
25,SET,90,26
25,SET,91,31
25,SET,92,43
25,SET,93,46
25,SET,94,63
25,SET,95,66
25,SET,96,76
25,SET,97,91
25,SET,98,71
25,SET,99,106
25,SET,100,102
25,SET,101,108
25,SET,102,132
25,SET,103,119
25,SET,104,152
25,SET,105,183
25,SET,106,195
25,SET,107,167
25,SET,108,203
25,SET,109,215
25,SET,110,233
25,SET,111,244
25,SET,112,250
25,SET,113,277
25,SET,114,277
25,SET,115,280
25,SET,116,311
25,SET,117,331
25,SET,118,327
25,SET,119,360
25,SET,120,357
25,SET,121,389
25,SET,122,380
25,SET,123,379
25,SET,124,418
25,SET,125,419
25,SET,126,415
25,SET,127,406
25,SET,128,420
25,SET,129,424
25,SET,130,409
25,SET,131,424
25,SET,132,401
25,SET,133,400
25,SET,134,385
25,SET,135,416
25,SET,136,431
25,SET,137,471
25,SET,138,440
25,SET,139,411
25,SET,140,438
25,SET,141,449
25,SET,142,421
25,SET,143,418
25,SET,144,447
25,SET,145,408
25,SET,146,415
25,SET,147,416
25,SET,148,437
25,SET,149,435
25,SET,150,388
25,SET,151,420
25,SET,152,363
25,SET,153,414
25,SET,154,372
25,SET,155,388
25,SET,156,356
25,SET,157,355
25,SET,158,357
25,SET,159,371
25,SET,160,319
25,SET,161,329
25,SET,162,344
25,SET,163,310
25,SET,164,309
25,SET,165,275
25,SET,166,304
25,SET,167,256
25,SET,168,253
25,SET,169,274
25,SET,170,246
25,SET,171,246
25,SET,172,231
25,SET,173,223
25,SET,174,224
25,SET,175,223
25,SET,176,226
25,SET,177,194
25,SET,178,199
25,SET,179,201
25,SET,180,198
25,SET,181,170
25,SET,182,190
25,SET,183,165
25,SET,184,193
25,SET,185,134
25,SET,186,144
25,SET,187,166
25,SET,188,133
25,SET,189,129
25,SET,190,111
25,SET,191,111
25,SET,192,109
25,SET,193,113
25,SET,194,110
25,SET,195,100
25,SET,196,98
25,SET,197,85
25,SET,198,92
25,SET,199,67
25,SET,200,76
25,SET,201,79
25,SET,202,71
25,SET,203,85
25,SET,204,70
25,SET,205,49
25,SET,206,68
25,SET,207,57
25,SET,208,62
25,SET,209,62
25,SET,210,56
25,SET,211,50
25,SET,212,46
25,SET,213,53
25,SET,214,30
25,SET,215,32
25,SET,216,28
25,SET,217,45
25,SET,218,29
25,SET,219,34
25,SET,220,45
25,SET,221,29
25,SET,222,28
25,SET,223,26
25,SET,224,30
25,SET,225,29
25,SET,226,25
25,SET,227,21
25,SET,228,22
25,SET,229,28
25,SET,230,27
25,SET,231,24
25,SET,232,25
25,SET,233,12
25,SET,234,15
25,SET,235,22
25,SET,236,15
25,SET,237,18
25,SET,238,14
25,SET,239,16
25,SET,240,15
25,SET,241,14
25,SET,242,10
25,SET,243,11
25,SET,244,6
25,SET,245,14
25,SET,246,4
25,SET,247,6
25,SET,248,12
25,SET,249,7
25,SET,250,11
25,SET,251,7
25,SET,252,7
25,SET,253,8
25,SET,254,10
25,SET,255,4
25,SET,257,12
25,SET,259,9
25,SET,261,10
25,SET,263,9
25,SET,265,6
25,SET,267,7
25,SET,269,8
25,SET,271,5
25,SET,273,6
25,SET,275,8
25,SET,277,8
25,SET,279,6
25,SET,281,5
25,SET,283,5
25,SET,285,2
25,SET,287,7
25,SET,289,4
25,SET,291,5
25,SET,293,3
25,SET,295,1
25,SET,297,2
25,SET,299,4
25,SET,301,4
25,SET,303,5
25,SET,305,1
25,SET,309,2
25,SET,311,2
25,SET,313,1
25,SET,315,3
25,SET,317,2
25,SET,319,1
25,SET,321,1
25,SET,323,1
25,SET,325,4
25,SET,327,1
25,SET,331,1
25,SET,333,2
25,SET,335,1
25,SET,337,3
25,SET,339,1
25,SET,345,2
25,SET,347,1
25,SET,349,3
25,SET,351,1
25,SET,353,2
25,SET,355,1
25,SET,359,2
25,SET,361,2
25,SET,369,1
25,SET,371,1
25,SET,373,1
25,SET,377,2
25,SET,379,3
25,SET,385,1
25,SET,391,1
25,SET,393,2
25,SET,395,1
25,SET,405,1
25,SET,413,1
25,SET,417,1
25,SET,423,1
25,SET,427,2
25,SET,429,1
25,SET,439,2
25,SET,451,2
25,SET,459,1
25,SET,465,1
25,SET,469,1
25,SET,477,1
25,SET,507,1
25,SET,515,1
25,SET,527,1
25,SET,551,1
25,SET,555,1
25,SET,583,1
25,SET,591,2
25,SET,603,1
25,SET,611,1
25,SET,675,1
25,SET,687,1
25,SET,711,1
25,SET,751,1
25,SET,779,1
25,SET,791,2
25,SET,1063,1
25,SET,1247,2
25,SET,1287,1
25,SET,1703,1
26,DEL,76,1
26,DEL,77,5
26,DEL,78,10
26,DEL,79,9
26,DEL,80,15
26,DEL,81,35
26,DEL,82,43
26,DEL,83,53
26,DEL,84,96
26,DEL,85,94
26,DEL,86,142
26,DEL,87,172
26,DEL,88,177
26,DEL,89,202
26,DEL,90,267
26,DEL,91,299
26,DEL,92,355
26,DEL,93,423
26,DEL,94,447
26,DEL,95,486
26,DEL,96,589
26,DEL,97,571
26,DEL,98,736
26,DEL,99,757
26,DEL,100,829
26,DEL,101,899
26,DEL,102,954
26,DEL,103,1051
26,DEL,104,1051
26,DEL,105,1202
26,DEL,106,1163
26,DEL,107,1306
26,DEL,108,1301
26,DEL,109,1388
26,DEL,110,1434
26,DEL,111,1473
26,DEL,112,1596
26,DEL,113,1762
26,DEL,114,1661
26,DEL,115,1738
26,DEL,116,1809
26,DEL,117,1916
26,DEL,118,1826
26,DEL,119,2029
26,DEL,120,1940
26,DEL,121,2036
26,DEL,122,2085
26,DEL,123,2083
26,DEL,124,2136
26,DEL,125,2244
26,DEL,126,2268
26,DEL,127,2182
26,DEL,128,2132
26,DEL,129,2222
26,DEL,130,2167
26,DEL,131,2181
26,DEL,132,2195
26,DEL,133,2193
26,DEL,134,2157
26,DEL,135,2155
26,DEL,136,2153
26,DEL,137,2179
26,DEL,138,2169
26,DEL,139,2185
26,DEL,140,2236
26,DEL,141,2153
26,DEL,142,2119
26,DEL,143,2070
26,DEL,144,2056
26,DEL,145,2081
26,DEL,146,1983
26,DEL,147,1962
26,DEL,148,1951
26,DEL,149,1953
26,DEL,150,1883
26,DEL,151,1919
26,DEL,152,1790
26,DEL,153,1779
26,DEL,154,1706
26,DEL,155,1704
26,DEL,156,1632
26,DEL,157,1679
26,DEL,158,1579
26,DEL,159,1598
26,DEL,160,1507
26,DEL,161,1438
26,DEL,162,1421
26,DEL,163,1395
26,DEL,164,1361
26,DEL,165,1294
26,DEL,166,1248
26,DEL,167,1243
26,DEL,168,1163
26,DEL,169,1113
26,DEL,170,1092
26,DEL,171,1002
26,DEL,172,1061
26,DEL,173,1044
26,DEL,174,960
26,DEL,175,891
26,DEL,176,889
26,DEL,177,897
26,DEL,178,830
26,DEL,179,793
26,DEL,180,837
26,DEL,181,715
26,DEL,182,736
26,DEL,183,748
26,DEL,184,655
26,DEL,185,607
26,DEL,186,592
26,DEL,187,563
26,DEL,188,536
26,DEL,189,526
26,DEL,190,524
26,DEL,191,529
26,DEL,192,442
26,DEL,193,453
26,DEL,194,439
26,DEL,195,384
26,DEL,196,358
26,DEL,197,350
26,DEL,198,352
26,DEL,199,320
26,DEL,200,311
26,DEL,201,298
26,DEL,202,293
26,DEL,203,273
26,DEL,204,266
26,DEL,205,261
26,DEL,206,237
26,DEL,207,246
26,DEL,208,234
26,DEL,209,203
26,DEL,210,199
26,DEL,211,203
26,DEL,212,183
26,DEL,213,177
26,DEL,214,167
26,DEL,215,173
26,DEL,216,184
26,DEL,217,136
26,DEL,218,136
26,DEL,219,136
26,DEL,220,121
26,DEL,221,112
26,DEL,222,118
26,DEL,223,119
26,DEL,224,117
26,DEL,225,80
26,DEL,226,87
26,DEL,227,102
26,DEL,228,79
26,DEL,229,68
26,DEL,230,87
26,DEL,231,81
26,DEL,232,82
26,DEL,233,59
26,DEL,234,71
26,DEL,235,60
26,DEL,236,56
26,DEL,237,52
26,DEL,238,52
26,DEL,239,59
26,DEL,240,55
26,DEL,241,47
26,DEL,242,39
26,DEL,243,42
26,DEL,244,43
26,DEL,245,41
26,DEL,246,32
26,DEL,247,23
26,DEL,248,28
26,DEL,249,38
26,DEL,250,31
26,DEL,251,34
26,DEL,252,31
26,DEL,253,28
26,DEL,254,28
26,DEL,255,11
26,DEL,257,42
26,DEL,259,30
26,DEL,261,34
26,DEL,263,18
26,DEL,265,34
26,DEL,267,20
26,DEL,269,39
26,DEL,271,33
26,DEL,273,19
26,DEL,275,25
26,DEL,277,19
26,DEL,279,14
26,DEL,281,15
26,DEL,283,9
26,DEL,285,14
26,DEL,287,18
26,DEL,289,14
26,DEL,291,16
26,DEL,293,13
26,DEL,295,13
26,DEL,297,9
26,DEL,299,13
26,DEL,301,7
26,DEL,303,9
26,DEL,305,10
26,DEL,307,9
26,DEL,309,7
26,DEL,311,12
26,DEL,313,14
26,DEL,315,7
26,DEL,317,12
26,DEL,319,10
26,DEL,321,4
26,DEL,323,6
26,DEL,325,10
26,DEL,327,6
26,DEL,329,6
26,DEL,331,6
26,DEL,333,6
26,DEL,335,5
26,DEL,337,6
26,DEL,339,4
26,DEL,341,1
26,DEL,343,8
26,DEL,345,2
26,DEL,347,9
26,DEL,349,5
26,DEL,351,4
26,DEL,353,6
26,DEL,355,1
26,DEL,357,6
26,DEL,359,7
26,DEL,361,2
26,DEL,363,6
26,DEL,365,2
26,DEL,367,7
26,DEL,369,9
26,DEL,371,2
26,DEL,373,2
26,DEL,375,4
26,DEL,377,1
26,DEL,379,6
26,DEL,381,3
26,DEL,383,4
26,DEL,385,1
26,DEL,387,5
26,DEL,389,7
26,DEL,391,1
26,DEL,393,3
26,DEL,395,3
26,DEL,397,3
26,DEL,399,2
26,DEL,401,2
26,DEL,403,1
26,DEL,405,2
26,DEL,407,2
26,DEL,409,1
26,DEL,413,1
26,DEL,417,2
26,DEL,419,2
26,DEL,421,3
26,DEL,423,1
26,DEL,425,1
26,DEL,429,1
26,DEL,433,1
26,DEL,435,1
26,DEL,437,1
26,DEL,439,1
26,DEL,441,1
26,DEL,445,2
26,DEL,449,2
26,DEL,453,2
26,DEL,455,1
26,DEL,457,1
26,DEL,461,3
26,DEL,463,1
26,DEL,467,1
26,DEL,469,2
26,DEL,471,4
26,DEL,473,2
26,DEL,481,2
26,DEL,483,2
26,DEL,489,1
26,DEL,493,1
26,DEL,499,2
26,DEL,505,2
26,DEL,515,2
26,DEL,523,4
26,DEL,527,1
26,DEL,531,1
26,DEL,539,2
26,DEL,555,1
26,DEL,559,2
26,DEL,567,2
26,DEL,571,1
26,DEL,575,1
26,DEL,579,2
26,DEL,587,1
26,DEL,595,1
26,DEL,599,2
26,DEL,603,4
26,DEL,611,2
26,DEL,615,2
26,DEL,627,1
26,DEL,631,1
26,DEL,635,1
26,DEL,643,2
26,DEL,647,1
26,DEL,651,2
26,DEL,655,2
26,DEL,663,2
26,DEL,675,2
26,DEL,679,1
26,DEL,683,1
26,DEL,687,1
26,DEL,699,1
26,DEL,707,1
26,DEL,711,2
26,DEL,719,2
26,DEL,723,3
26,DEL,727,1
26,DEL,755,2
26,DEL,759,1
26,DEL,763,1
26,DEL,767,1
26,DEL,775,1
26,DEL,779,1
26,DEL,791,1
26,DEL,795,1
26,DEL,815,1
26,DEL,819,1
26,DEL,835,1
26,DEL,843,1
26,DEL,879,1
26,DEL,951,2
26,DEL,963,1
26,DEL,975,1
26,DEL,979,1
26,DEL,1011,1
26,DEL,1055,1
26,DEL,1087,1
26,DEL,1143,1
26,DEL,1183,1
26,DEL,1239,1
26,DEL,1255,1
26,DEL,1295,2
26,DEL,1343,1
26,DEL,1407,1
26,DEL,1455,2
26,DEL,1591,1
26,DEL,1647,2
26,DEL,1663,1
26,DEL,1679,2
26,DEL,1703,2
26,DEL,1719,1
26,DEL,1727,1
26,DEL,1759,1
26,DEL,1807,1
26,DEL,1815,1
26,DEL,1903,1
26,DEL,1911,1
26,DEL,2047,1
26,DEL,2127,1
26,DEL,2207,1
26,DEL,2607,1
26,DEL,4575,1
26,DEL,4735,1
26,DEL,6303,1
26,DEL,6399,1
26,DEL,7359,1
26,SET,78,1
26,SET,79,1
26,SET,80,4
26,SET,83,5
26,SET,84,3
26,SET,85,10
26,SET,86,12
26,SET,87,23
26,SET,88,23
26,SET,89,38
26,SET,90,27
26,SET,91,41
26,SET,92,35
26,SET,93,42
26,SET,94,46
26,SET,95,68
26,SET,96,85
26,SET,97,70
26,SET,98,107
26,SET,99,92
26,SET,100,125
26,SET,101,135
26,SET,102,131
26,SET,103,177
26,SET,104,161
26,SET,105,176
26,SET,106,205
26,SET,107,201
26,SET,108,229
26,SET,109,219
26,SET,110,221
26,SET,111,243
26,SET,112,284
26,SET,113,250
26,SET,114,272
26,SET,115,276
26,SET,116,307
26,SET,117,341
26,SET,118,320
26,SET,119,351
26,SET,120,338
26,SET,121,373
26,SET,122,419
26,SET,123,408
26,SET,124,416
26,SET,125,430
26,SET,126,417
26,SET,127,427
26,SET,128,418
26,SET,129,403
26,SET,130,432
26,SET,131,436
26,SET,132,431
26,SET,133,443
26,SET,134,436
26,SET,135,464
26,SET,136,461
26,SET,137,415
26,SET,138,463
26,SET,139,425
26,SET,140,438
26,SET,141,423
26,SET,142,468
26,SET,143,444
26,SET,144,444
26,SET,145,389
26,SET,146,410
26,SET,147,403
26,SET,148,416
26,SET,149,411
26,SET,150,470
26,SET,151,413
26,SET,152,385
26,SET,153,375
26,SET,154,353
26,SET,155,375
26,SET,156,386
26,SET,157,347
26,SET,158,335
26,SET,159,324
26,SET,160,340
26,SET,161,323
26,SET,162,294
26,SET,163,303
26,SET,164,309
26,SET,165,290
26,SET,166,316
26,SET,167,270
26,SET,168,252
26,SET,169,283
26,SET,170,242
26,SET,171,262
26,SET,172,215
26,SET,173,196
26,SET,174,198
26,SET,175,233
26,SET,176,199
26,SET,177,199
26,SET,178,190
26,SET,179,202
26,SET,180,178
26,SET,181,181
26,SET,182,157
26,SET,183,170
26,SET,184,162
26,SET,185,170
26,SET,186,138
26,SET,187,140
26,SET,188,150
26,SET,189,129
26,SET,190,113
26,SET,191,98
26,SET,192,113
26,SET,193,111
26,SET,194,103
26,SET,195,101
26,SET,196,104
26,SET,197,75
26,SET,198,74
26,SET,199,81
26,SET,200,95
26,SET,201,87
26,SET,202,84
26,SET,203,75
26,SET,204,74
26,SET,205,61
26,SET,206,69
26,SET,207,64
26,SET,208,69
26,SET,209,59
26,SET,210,48
26,SET,211,60
26,SET,212,51
26,SET,213,42
26,SET,214,35
26,SET,215,46
26,SET,216,36
26,SET,217,39
26,SET,218,36
26,SET,219,25
26,SET,220,35
26,SET,221,36
26,SET,222,18
26,SET,223,25
26,SET,224,27
26,SET,225,34
26,SET,226,21
26,SET,227,21
26,SET,228,24
26,SET,229,19
26,SET,230,20
26,SET,231,18
26,SET,232,19
26,SET,233,19
26,SET,234,14
26,SET,235,17
26,SET,236,14
26,SET,237,12
26,SET,238,12
26,SET,239,7
26,SET,240,14
26,SET,241,15
26,SET,242,16
26,SET,243,12
26,SET,244,6
26,SET,245,8
26,SET,246,8
26,SET,247,12
26,SET,248,16
26,SET,249,6
26,SET,250,10
26,SET,251,7
26,SET,252,12
26,SET,253,12
26,SET,254,6
26,SET,255,11
26,SET,257,7
26,SET,259,20
26,SET,261,11
26,SET,263,6
26,SET,265,9
26,SET,267,5
26,SET,269,4
26,SET,271,5
26,SET,273,5
26,SET,275,3
26,SET,277,4
26,SET,279,5
26,SET,281,4
26,SET,283,5
26,SET,285,5
26,SET,287,2
26,SET,289,1
26,SET,291,4
26,SET,293,2
26,SET,295,5
26,SET,297,3
26,SET,301,5
26,SET,303,1
26,SET,305,3
26,SET,307,1
26,SET,309,5
26,SET,311,2
26,SET,313,2
26,SET,315,3
26,SET,317,2
26,SET,319,1
26,SET,321,2
26,SET,323,2
26,SET,325,1
26,SET,327,2
26,SET,329,3
26,SET,331,1
26,SET,333,1
26,SET,335,1
26,SET,337,1
26,SET,339,1
26,SET,341,1
26,SET,349,1
26,SET,351,2
26,SET,353,2
26,SET,355,2
26,SET,357,1
26,SET,361,1
26,SET,363,1
26,SET,365,1
26,SET,367,1
26,SET,369,1
26,SET,383,1
26,SET,389,1
26,SET,393,3
26,SET,399,2
26,SET,403,1
26,SET,413,2
26,SET,431,1
26,SET,443,1
26,SET,445,1
26,SET,449,1
26,SET,455,1
26,SET,479,1
26,SET,503,1
26,SET,519,1
26,SET,531,1
26,SET,539,1
26,SET,547,1
26,SET,555,2
26,SET,559,1
26,SET,587,1
26,SET,599,1
26,SET,611,1
26,SET,615,1
26,SET,627,1
26,SET,655,1
26,SET,671,1
26,SET,675,1
26,SET,695,1
26,SET,711,1
26,SET,795,1
26,SET,799,1
26,SET,1047,1
26,SET,1111,1
26,SET,1783,1
26,GET,74,2
26,GET,75,9
26,GET,76,10
26,GET,77,29
26,GET,78,37
26,GET,79,65
26,GET,80,76
26,GET,81,102
26,GET,82,145
26,GET,83,216
26,GET,84,254
26,GET,85,335
26,GET,86,375
26,GET,87,471
26,GET,88,593
26,GET,89,672
26,GET,90,818
26,GET,91,942
26,GET,92,1032
26,GET,93,1218
26,GET,94,1364
26,GET,95,1485
26,GET,96,1649
26,GET,97,1896
26,GET,98,1968
26,GET,99,2375
26,GET,100,2508
26,GET,101,2685
26,GET,102,2888
26,GET,103,3033
26,GET,104,3286
26,GET,105,3375
26,GET,106,3614
26,GET,107,3695
26,GET,108,3911
26,GET,109,4021
26,GET,110,4259
26,GET,111,4399
26,GET,112,4573
26,GET,113,4671
26,GET,114,4652
26,GET,115,4957
26,GET,116,5054
26,GET,117,5310
26,GET,118,5454
26,GET,119,5586
26,GET,120,5620
26,GET,121,5830
26,GET,122,5946
26,GET,123,6052
26,GET,124,6089
26,GET,125,6155
26,GET,126,6138
26,GET,127,6167
26,GET,128,6136
26,GET,129,6229
26,GET,130,6108
26,GET,131,6115
26,GET,132,6231
26,GET,133,6225
26,GET,134,6093
26,GET,135,6126
26,GET,136,6117
26,GET,137,6251
26,GET,138,6049
26,GET,139,6149
26,GET,140,6080
26,GET,141,6021
26,GET,142,5871
26,GET,143,5969
26,GET,144,5874
26,GET,145,5777
26,GET,146,5489
26,GET,147,5543
26,GET,148,5493
26,GET,149,5462
26,GET,150,5232
26,GET,151,5164
26,GET,152,4979
26,GET,153,4860
26,GET,154,4752
26,GET,155,4551
26,GET,156,4496
26,GET,157,4475
26,GET,158,4315
26,GET,159,4398
26,GET,160,4157
26,GET,161,4008
26,GET,162,3909
26,GET,163,3854
26,GET,164,3550
26,GET,165,3548
26,GET,166,3577
26,GET,167,3412
26,GET,168,3220
26,GET,169,3185
26,GET,170,3045
26,GET,171,2940
26,GET,172,2843
26,GET,173,2706
26,GET,174,2596
26,GET,175,2571
26,GET,176,2447
26,GET,177,2332
26,GET,178,2254
26,GET,179,2211
26,GET,180,2058
26,GET,181,2045
26,GET,182,1852
26,GET,183,1854
26,GET,184,1770
26,GET,185,1698
26,GET,186,1611
26,GET,187,1532
26,GET,188,1548
26,GET,189,1391
26,GET,190,1377
26,GET,191,1338
26,GET,192,1223
26,GET,193,1270
26,GET,194,1103
26,GET,195,1084
26,GET,196,1018
26,GET,197,1019
26,GET,198,943
26,GET,199,929
26,GET,200,927
26,GET,201,830
26,GET,202,757
26,GET,203,741
26,GET,204,706
26,GET,205,671
26,GET,206,702
26,GET,207,621
26,GET,208,578
26,GET,209,540
26,GET,210,549
26,GET,211,546
26,GET,212,506
26,GET,213,450
26,GET,214,442
26,GET,215,429
26,GET,216,395
26,GET,217,382
26,GET,218,380
26,GET,219,350
26,GET,220,337
26,GET,221,308
26,GET,222,325
26,GET,223,291
26,GET,224,269
26,GET,225,267
26,GET,226,237
26,GET,227,266
26,GET,228,211
26,GET,229,214
26,GET,230,201
26,GET,231,223
26,GET,232,193
26,GET,233,163
26,GET,234,199
26,GET,235,174
26,GET,236,158
26,GET,237,127
26,GET,238,131
26,GET,239,121
26,GET,240,129
26,GET,241,128
26,GET,242,122
26,GET,243,112
26,GET,244,114
26,GET,245,94
26,GET,246,85
26,GET,247,90
26,GET,248,101
26,GET,249,83
26,GET,250,66
26,GET,251,64
26,GET,252,69
26,GET,253,77
26,GET,254,44
26,GET,255,51
26,GET,257,96
26,GET,259,92
26,GET,261,118
26,GET,263,92
26,GET,265,74
26,GET,267,87
26,GET,269,79
26,GET,271,65
26,GET,273,63
26,GET,275,67
26,GET,277,64
26,GET,279,61
26,GET,281,45
26,GET,283,34
26,GET,285,42
26,GET,287,53
26,GET,289,43
26,GET,291,41
26,GET,293,25
26,GET,295,34
26,GET,297,35
26,GET,299,34
26,GET,301,33
26,GET,303,32
26,GET,305,25
26,GET,307,20
26,GET,309,24
26,GET,311,19
26,GET,313,27
26,GET,315,13
26,GET,317,23
26,GET,319,18
26,GET,321,15
26,GET,323,15
26,GET,325,19
26,GET,327,19
26,GET,329,14
26,GET,331,9
26,GET,333,7
26,GET,335,16
26,GET,337,14
26,GET,339,17
26,GET,341,8
26,GET,343,19
26,GET,345,10
26,GET,347,7
26,GET,349,19
26,GET,351,12
26,GET,353,10
26,GET,355,12
26,GET,357,12
26,GET,359,11
26,GET,361,8
26,GET,363,13
26,GET,365,5
26,GET,367,9
26,GET,369,8
26,GET,371,9
26,GET,373,8
26,GET,375,12
26,GET,377,11
26,GET,379,10
26,GET,381,7
26,GET,383,8
26,GET,385,9
26,GET,387,6
26,GET,389,9
26,GET,391,8
26,GET,393,11
26,GET,395,5
26,GET,397,9
26,GET,399,11
26,GET,401,5
26,GET,403,11
26,GET,405,5
26,GET,407,8
26,GET,409,5
26,GET,411,6
26,GET,413,6
26,GET,415,5
26,GET,417,4
26,GET,419,5
26,GET,421,3
26,GET,423,4
26,GET,425,5
26,GET,427,4
26,GET,429,6
26,GET,431,3
26,GET,433,3
26,GET,435,4
26,GET,437,5
26,GET,439,1
26,GET,441,9
26,GET,443,2
26,GET,445,2
26,GET,447,3
26,GET,449,3
26,GET,451,5
26,GET,453,4
26,GET,455,1
26,GET,457,3
26,GET,459,3
26,GET,461,1
26,GET,463,3
26,GET,467,1
26,GET,469,3
26,GET,477,1
26,GET,479,1
26,GET,481,1
26,GET,483,4
26,GET,485,2
26,GET,487,3
26,GET,489,3
26,GET,491,4
26,GET,495,1
26,GET,497,1
26,GET,501,3
26,GET,503,5
26,GET,507,3
26,GET,509,3
26,GET,515,4
26,GET,519,3
26,GET,523,3
26,GET,527,3
26,GET,531,6
26,GET,535,1
26,GET,539,5
26,GET,543,1
26,GET,547,5
26,GET,551,6
26,GET,555,3
26,GET,559,3
26,GET,563,4
26,GET,567,4
26,GET,571,4
26,GET,575,6
26,GET,579,2
26,GET,583,7
26,GET,587,3
26,GET,591,3
26,GET,595,2
26,GET,599,2
26,GET,603,7
26,GET,607,1
26,GET,611,1
26,GET,615,4
26,GET,619,3
26,GET,623,4
26,GET,627,8
26,GET,631,4
26,GET,635,2
26,GET,639,3
26,GET,643,1
26,GET,647,4
26,GET,651,2
26,GET,655,3
26,GET,659,2
26,GET,663,3
26,GET,667,3
26,GET,671,2
26,GET,675,1
26,GET,679,1
26,GET,687,2
26,GET,695,1
26,GET,699,3
26,GET,703,1
26,GET,707,6
26,GET,711,3
26,GET,719,1
26,GET,731,1
26,GET,735,1
26,GET,743,1
26,GET,747,2
26,GET,751,3
26,GET,763,2
26,GET,767,2
26,GET,771,1
26,GET,775,1
26,GET,779,1
26,GET,783,2
26,GET,787,1
26,GET,795,1
26,GET,807,2
26,GET,811,1
26,GET,847,1
26,GET,851,2
26,GET,855,1
26,GET,871,1
26,GET,887,1
26,GET,903,1
26,GET,907,1
26,GET,935,1
26,GET,939,1
26,GET,943,2
26,GET,947,2
26,GET,967,1
26,GET,975,1
26,GET,979,1
26,GET,983,1
26,GET,987,1
26,GET,1011,1
26,GET,1055,2
26,GET,1063,1
26,GET,1079,1
26,GET,1095,1
26,GET,1111,2
26,GET,1119,1
26,GET,1127,1
26,GET,1159,3
26,GET,1167,1
26,GET,1199,1
26,GET,1231,1
26,GET,1263,3
26,GET,1279,1
26,GET,1311,1
26,GET,1367,1
26,GET,1383,1
26,GET,1391,1
26,GET,1407,1
26,GET,1415,2
26,GET,1423,1
26,GET,1431,1
26,GET,1447,1
26,GET,1463,2
26,GET,1503,1
26,GET,1511,2
26,GET,1527,1
26,GET,1535,1
26,GET,1543,1
26,GET,1567,1
26,GET,1575,1
26,GET,1607,1
26,GET,1615,1
26,GET,1647,2
26,GET,1655,1
26,GET,1663,1
26,GET,1679,2
26,GET,1687,3
26,GET,1703,1
26,GET,1711,1
26,GET,1727,2
26,GET,1759,1
26,GET,1783,3
26,GET,1791,1
26,GET,1807,1
26,GET,1815,1
26,GET,1839,1
26,GET,1855,2
26,GET,1863,1
26,GET,1895,1
26,GET,1919,2
26,GET,1943,1
26,GET,1967,1
26,GET,1975,1
26,GET,1983,1
26,GET,1999,1
26,GET,2063,1
26,GET,2079,1
26,GET,2159,1
26,GET,2207,3
26,GET,2239,1
26,GET,2255,1
26,GET,2287,1
26,GET,2655,2
26,GET,2735,1
26,GET,2751,1
26,GET,3151,1
26,GET,3295,1
26,GET,3359,1
26,GET,3615,1
26,GET,3647,1
26,GET,3775,1
26,GET,5535,1
26,GET,6239,1
27,GET,74,1
27,GET,75,4
27,GET,77,13
27,GET,78,23
27,GET,79,33
27,GET,80,48
27,GET,81,74
27,GET,82,120
27,GET,83,170
27,GET,84,204
27,GET,85,246
27,GET,86,342
27,GET,87,436
27,GET,88,533
27,GET,89,604
27,GET,90,699
27,GET,91,795
27,GET,92,936
27,GET,93,1150
27,GET,94,1220
27,GET,95,1411
27,GET,96,1560
27,GET,97,1783
27,GET,98,1897
27,GET,99,2237
27,GET,100,2334
27,GET,101,2559
27,GET,102,2689
27,GET,103,2908
27,GET,104,3145
27,GET,105,3293
27,GET,106,3472
27,GET,107,3575
27,GET,108,3769
27,GET,109,3923
27,GET,110,4108
27,GET,111,4208
27,GET,112,4342
27,GET,113,4572
27,GET,114,4586
27,GET,115,4970
27,GET,116,5001
27,GET,117,5168
27,GET,118,5484
27,GET,119,5455
27,GET,120,5657
27,GET,121,5814
27,GET,122,6029
27,GET,123,6081
27,GET,124,6049
27,GET,125,6229
27,GET,126,6204
27,GET,127,6067
27,GET,128,6298
27,GET,129,6136
27,GET,130,6343
27,GET,131,6262
27,GET,132,6254
27,GET,133,6220
27,GET,134,6198
27,GET,135,6205
27,GET,136,6246
27,GET,137,6221
27,GET,138,6208
27,GET,139,6185
27,GET,140,6220
27,GET,141,6106
27,GET,142,6068
27,GET,143,6136
27,GET,144,5906
27,GET,145,5883
27,GET,146,5816
27,GET,147,5566
27,GET,148,5472
27,GET,149,5533
27,GET,150,5334
27,GET,151,5213
27,GET,152,5020
27,GET,153,4917
27,GET,154,5066
27,GET,155,4735
27,GET,156,4600
27,GET,157,4487
27,GET,158,4496
27,GET,159,4282
27,GET,160,4210
27,GET,161,4055
27,GET,162,3925
27,GET,163,3898
27,GET,164,3682
27,GET,165,3585
27,GET,166,3466
27,GET,167,3318
27,GET,168,3292
27,GET,169,3151
27,GET,170,3106
27,GET,171,2899
27,GET,172,2812
27,GET,173,2747
27,GET,174,2668
27,GET,175,2537
27,GET,176,2473
27,GET,177,2455
27,GET,178,2276
27,GET,179,2160
27,GET,180,2136
27,GET,181,2024
27,GET,182,1896
27,GET,183,1939
27,GET,184,1799
27,GET,185,1727
27,GET,186,1642
27,GET,187,1601
27,GET,188,1524
27,GET,189,1432
27,GET,190,1384
27,GET,191,1313
27,GET,192,1231
27,GET,193,1181
27,GET,194,1109
27,GET,195,1161
27,GET,196,1084
27,GET,197,999
27,GET,198,966
27,GET,199,922
27,GET,200,901
27,GET,201,862
27,GET,202,820
27,GET,203,728
27,GET,204,731
27,GET,205,684
27,GET,206,696
27,GET,207,615
27,GET,208,605
27,GET,209,558
27,GET,210,507
27,GET,211,530
27,GET,212,478
27,GET,213,458
27,GET,214,451
27,GET,215,441
27,GET,216,400
27,GET,217,334
27,GET,218,358
27,GET,219,333
27,GET,220,336
27,GET,221,308
27,GET,222,273
27,GET,223,291
27,GET,224,243
27,GET,225,246
27,GET,226,250
27,GET,227,250
27,GET,228,208
27,GET,229,219
27,GET,230,199
27,GET,231,210
27,GET,232,173
27,GET,233,165
27,GET,234,177
27,GET,235,142
27,GET,236,168
27,GET,237,125
27,GET,238,126
27,GET,239,129
27,GET,240,122
27,GET,241,118
27,GET,242,119
27,GET,243,100
27,GET,244,91
27,GET,245,107
27,GET,246,109
27,GET,247,84
27,GET,248,98
27,GET,249,83
27,GET,250,88
27,GET,251,69
27,GET,252,68
27,GET,253,65
27,GET,254,68
27,GET,255,67
27,GET,257,111
27,GET,259,107
27,GET,261,88
27,GET,263,96
27,GET,265,89
27,GET,267,80
27,GET,269,80
27,GET,271,69
27,GET,273,64
27,GET,275,42
27,GET,277,56
27,GET,279,53
27,GET,281,47
27,GET,283,45
27,GET,285,41
27,GET,287,37
27,GET,289,49
27,GET,291,26
27,GET,293,36
27,GET,295,40
27,GET,297,31
27,GET,299,26
27,GET,301,30
27,GET,303,32
27,GET,305,25
27,GET,307,24
27,GET,309,20
27,GET,311,25
27,GET,313,19
27,GET,315,24
27,GET,317,18
27,GET,319,33
27,GET,321,23
27,GET,323,12
27,GET,325,20
27,GET,327,17
27,GET,329,20
27,GET,331,20
27,GET,333,20
27,GET,335,17
27,GET,337,14
27,GET,339,13
27,GET,341,11
27,GET,343,20
27,GET,345,16
27,GET,347,13
27,GET,349,13
27,GET,351,19
27,GET,353,16
27,GET,355,8
27,GET,357,14
27,GET,359,8
27,GET,361,10
27,GET,363,6
27,GET,365,11
27,GET,367,4
27,GET,369,11
27,GET,371,7
27,GET,373,8
27,GET,375,8
27,GET,377,11
27,GET,379,8
27,GET,381,7
27,GET,383,13
27,GET,385,11
27,GET,387,9
27,GET,389,4
27,GET,391,3
27,GET,393,13
27,GET,395,7
27,GET,397,4
27,GET,399,9
27,GET,401,9
27,GET,403,8
27,GET,405,7
27,GET,407,4
27,GET,409,5
27,GET,411,9
27,GET,413,3
27,GET,415,6
27,GET,417,2
27,GET,419,3
27,GET,421,5
27,GET,423,2
27,GET,425,2
27,GET,427,3
27,GET,429,5
27,GET,431,1
27,GET,433,5
27,GET,435,2
27,GET,437,2
27,GET,439,3
27,GET,443,6
27,GET,445,3
27,GET,447,1
27,GET,449,5
27,GET,451,1
27,GET,453,2
27,GET,455,2
27,GET,457,3
27,GET,459,4
27,GET,461,3
27,GET,463,2
27,GET,465,2
27,GET,469,2
27,GET,471,4
27,GET,473,1
27,GET,475,1
27,GET,477,4
27,GET,479,2
27,GET,481,2
27,GET,483,4
27,GET,485,2
27,GET,487,3
27,GET,489,3
27,GET,491,4
27,GET,493,2
27,GET,495,2
27,GET,497,4
27,GET,501,3
27,GET,503,6
27,GET,507,1
27,GET,509,3
27,GET,511,1
27,GET,515,4
27,GET,519,6
27,GET,523,6
27,GET,527,2
27,GET,531,3
27,GET,535,5
27,GET,539,2
27,GET,543,5
27,GET,547,7
27,GET,551,8
27,GET,555,3
27,GET,559,4
27,GET,567,5
27,GET,571,2
27,GET,575,2
27,GET,583,2
27,GET,587,2
27,GET,591,7
27,GET,595,1
27,GET,599,5
27,GET,603,2
27,GET,607,3
27,GET,611,5
27,GET,615,5
27,GET,619,3
27,GET,623,3
27,GET,627,2
27,GET,631,6
27,GET,635,1
27,GET,639,3
27,GET,643,3
27,GET,647,3
27,GET,651,3
27,GET,659,2
27,GET,663,1
27,GET,667,1
27,GET,671,2
27,GET,675,3
27,GET,679,3
27,GET,683,4
27,GET,687,2
27,GET,691,1
27,GET,699,2
27,GET,703,2
27,GET,707,2
27,GET,711,1
27,GET,715,2
27,GET,719,2
27,GET,723,1
27,GET,739,5
27,GET,751,1
27,GET,755,3
27,GET,763,3
27,GET,771,1
27,GET,775,2
27,GET,783,1
27,GET,787,2
27,GET,791,1
27,GET,795,2
27,GET,807,1
27,GET,815,2
27,GET,819,1
27,GET,835,1
27,GET,843,1
27,GET,863,1
27,GET,871,1
27,GET,875,1
27,GET,887,2
27,GET,895,1
27,GET,907,1
27,GET,915,2
27,GET,923,1
27,GET,927,1
27,GET,935,1
27,GET,943,1
27,GET,947,1
27,GET,951,1
27,GET,975,1
27,GET,979,1
27,GET,991,1
27,GET,1015,1
27,GET,1039,1
27,GET,1047,2
27,GET,1055,2
27,GET,1063,1
27,GET,1071,1
27,GET,1119,1
27,GET,1127,1
27,GET,1143,1
27,GET,1167,1
27,GET,1175,1
27,GET,1183,1
27,GET,1191,2
27,GET,1207,1
27,GET,1223,3
27,GET,1247,2
27,GET,1255,1
27,GET,1263,1
27,GET,1287,2
27,GET,1311,1
27,GET,1319,2
27,GET,1327,1
27,GET,1335,1
27,GET,1351,2
27,GET,1359,2
27,GET,1375,2
27,GET,1399,1
27,GET,1423,1
27,GET,1431,2
27,GET,1439,1
27,GET,1471,1
27,GET,1535,3
27,GET,1551,1
27,GET,1567,1
27,GET,1575,2
27,GET,1679,1
27,GET,1687,4
27,GET,1703,1
27,GET,1711,3
27,GET,1743,2
27,GET,1767,1
27,GET,1775,1
27,GET,1783,1
27,GET,1791,1
27,GET,1799,1
27,GET,1831,1
27,GET,1855,1
27,GET,1871,1
27,GET,1879,1
27,GET,1887,1
27,GET,1951,1
27,GET,1967,2
27,GET,1975,1
27,GET,1983,1
27,GET,2031,1
27,GET,2079,1
27,GET,2175,1
27,GET,2191,1
27,GET,2223,1
27,GET,2239,1
27,GET,2399,2
27,GET,2415,1
27,GET,2495,1
27,GET,2511,1
27,GET,2623,1
27,GET,2879,1
27,GET,3231,1
27,GET,3727,1
27,GET,3983,1
27,GET,6431,1
27,GET,7327,1
27,DEL,75,1
27,DEL,77,3
27,DEL,78,4
27,DEL,79,10
27,DEL,80,14
27,DEL,81,22
27,DEL,82,33
27,DEL,83,47
27,DEL,84,41
27,DEL,85,90
27,DEL,86,111
27,DEL,87,127
27,DEL,88,192
27,DEL,89,190
27,DEL,90,235
27,DEL,91,294
27,DEL,92,303
27,DEL,93,351
27,DEL,94,439
27,DEL,95,464
27,DEL,96,474
27,DEL,97,616
27,DEL,98,619
27,DEL,99,742
27,DEL,100,801
27,DEL,101,877
27,DEL,102,917
27,DEL,103,1013
27,DEL,104,1081
27,DEL,105,1094
27,DEL,106,1196
27,DEL,107,1310
27,DEL,108,1280
27,DEL,109,1367
27,DEL,110,1401
27,DEL,111,1507
27,DEL,112,1576
27,DEL,113,1612
27,DEL,114,1704
27,DEL,115,1655
27,DEL,116,1690
27,DEL,117,1868
27,DEL,118,1819
27,DEL,119,1931
27,DEL,120,1970
27,DEL,121,2002
27,DEL,122,2137
27,DEL,123,2155
27,DEL,124,2075
27,DEL,125,2166
27,DEL,126,2203
27,DEL,127,2220
27,DEL,128,2186
27,DEL,129,2178
27,DEL,130,2188
27,DEL,131,2211
27,DEL,132,2249
27,DEL,133,2226
27,DEL,134,2192
27,DEL,135,2217
27,DEL,136,2210
27,DEL,137,2191
27,DEL,138,2246
27,DEL,139,2259
27,DEL,140,2231
27,DEL,141,2127
27,DEL,142,2128
27,DEL,143,2197
27,DEL,144,2154
27,DEL,145,2117
27,DEL,146,2019
27,DEL,147,2157
27,DEL,148,1955
27,DEL,149,1971
27,DEL,150,1945
27,DEL,151,1883
27,DEL,152,1799
27,DEL,153,1768
27,DEL,154,1764
27,DEL,155,1784
27,DEL,156,1638
27,DEL,157,1764
27,DEL,158,1650
27,DEL,159,1570
27,DEL,160,1504
27,DEL,161,1470
27,DEL,162,1395
27,DEL,163,1418
27,DEL,164,1357
27,DEL,165,1324
27,DEL,166,1330
27,DEL,167,1290
27,DEL,168,1186
27,DEL,169,1140
27,DEL,170,1109
27,DEL,171,1076
27,DEL,172,1081
27,DEL,173,970
27,DEL,174,908
27,DEL,175,918
27,DEL,176,953
27,DEL,177,869
27,DEL,178,825
27,DEL,179,834
27,DEL,180,800
27,DEL,181,722
27,DEL,182,725
27,DEL,183,681
27,DEL,184,674
27,DEL,185,648
27,DEL,186,607
27,DEL,187,551
27,DEL,188,582
27,DEL,189,547
27,DEL,190,511
27,DEL,191,448
27,DEL,192,487
27,DEL,193,451
27,DEL,194,462
27,DEL,195,401
27,DEL,196,414
27,DEL,197,368
27,DEL,198,312
27,DEL,199,358
27,DEL,200,330
27,DEL,201,321
27,DEL,202,304
27,DEL,203,300
27,DEL,204,271
27,DEL,205,231
27,DEL,206,250
27,DEL,207,230
27,DEL,208,211
27,DEL,209,226
27,DEL,210,183
27,DEL,211,204
27,DEL,212,167
27,DEL,213,169
27,DEL,214,141
27,DEL,215,167
27,DEL,216,159
27,DEL,217,128
27,DEL,218,132
27,DEL,219,121
27,DEL,220,124
27,DEL,221,126
27,DEL,222,121
27,DEL,223,125
27,DEL,224,94
27,DEL,225,100
27,DEL,226,96
27,DEL,227,81
27,DEL,228,62
27,DEL,229,66
27,DEL,230,77
27,DEL,231,66
27,DEL,232,68
27,DEL,233,67
27,DEL,234,63
27,DEL,235,50
27,DEL,236,47
27,DEL,237,64
27,DEL,238,49
27,DEL,239,46
27,DEL,240,48
27,DEL,241,42
27,DEL,242,46
27,DEL,243,46
27,DEL,244,43
27,DEL,245,42
27,DEL,246,37
27,DEL,247,34
27,DEL,248,28
27,DEL,249,42
27,DEL,250,35
27,DEL,251,37
27,DEL,252,29
27,DEL,253,25
27,DEL,254,20
27,DEL,255,26
27,DEL,257,44
27,DEL,259,33
27,DEL,261,43
27,DEL,263,31
27,DEL,265,24
27,DEL,267,28
27,DEL,269,26
27,DEL,271,23
27,DEL,273,21
27,DEL,275,25
27,DEL,277,24
27,DEL,279,13
27,DEL,281,17
27,DEL,283,19
27,DEL,285,15
27,DEL,287,15
27,DEL,289,12
27,DEL,291,13
27,DEL,293,17
27,DEL,295,9
27,DEL,297,12
27,DEL,299,12
27,DEL,301,14
27,DEL,303,11
27,DEL,305,10
27,DEL,307,9
27,DEL,309,12
27,DEL,311,8
27,DEL,313,5
27,DEL,315,4
27,DEL,317,7
27,DEL,319,10
27,DEL,321,2
27,DEL,323,4
27,DEL,325,8
27,DEL,327,9
27,DEL,329,11
27,DEL,331,7
27,DEL,333,6
27,DEL,335,13
27,DEL,337,6
27,DEL,339,5
27,DEL,341,8
27,DEL,343,5
27,DEL,345,3
27,DEL,347,6
27,DEL,349,3
27,DEL,351,4
27,DEL,353,7
27,DEL,355,3
27,DEL,357,2
27,DEL,359,4
27,DEL,361,4
27,DEL,365,3
27,DEL,367,4
27,DEL,369,1
27,DEL,371,2
27,DEL,373,3
27,DEL,375,4
27,DEL,377,2
27,DEL,379,4
27,DEL,381,5
27,DEL,383,3
27,DEL,385,2
27,DEL,387,1
27,DEL,389,6
27,DEL,391,4
27,DEL,393,2
27,DEL,395,4
27,DEL,397,2
27,DEL,399,2
27,DEL,401,2
27,DEL,403,1
27,DEL,405,1
27,DEL,407,2
27,DEL,409,2
27,DEL,411,2
27,DEL,413,3
27,DEL,415,1
27,DEL,417,2
27,DEL,419,2
27,DEL,421,2
27,DEL,423,1
27,DEL,425,1
27,DEL,429,1
27,DEL,431,1
27,DEL,433,3
27,DEL,435,2
27,DEL,437,2
27,DEL,439,2
27,DEL,441,3
27,DEL,443,2
27,DEL,445,2
27,DEL,447,4
27,DEL,449,3
27,DEL,453,1
27,DEL,455,1
27,DEL,457,1
27,DEL,459,3
27,DEL,461,3
27,DEL,463,2
27,DEL,465,2
27,DEL,467,1
27,DEL,469,1
27,DEL,471,1
27,DEL,477,1
27,DEL,481,1
27,DEL,483,1
27,DEL,485,1
27,DEL,493,3
27,DEL,495,1
27,DEL,501,1
27,DEL,507,2
27,DEL,519,2
27,DEL,527,3
27,DEL,531,1
27,DEL,539,2
27,DEL,547,3
27,DEL,551,2
27,DEL,555,2
27,DEL,559,3
27,DEL,563,1
27,DEL,571,1
27,DEL,575,1
27,DEL,583,3
27,DEL,591,1
27,DEL,595,2
27,DEL,599,1
27,DEL,603,1
27,DEL,619,1
27,DEL,631,2
27,DEL,635,1
27,DEL,639,2
27,DEL,643,2
27,DEL,655,1
27,DEL,659,2
27,DEL,663,1
27,DEL,675,1
27,DEL,679,1
27,DEL,687,1
27,DEL,695,1
27,DEL,703,1
27,DEL,707,1
27,DEL,711,1
27,DEL,739,1
27,DEL,743,1
27,DEL,751,1
27,DEL,759,1
27,DEL,795,1
27,DEL,815,1
27,DEL,851,1
27,DEL,863,1
27,DEL,955,1
27,DEL,959,1
27,DEL,963,1
27,DEL,979,1
27,DEL,987,1
27,DEL,1047,1
27,DEL,1119,1
27,DEL,1135,1
27,DEL,1167,1
27,DEL,1191,1
27,DEL,1223,1
27,DEL,1231,1
27,DEL,1263,1
27,DEL,1279,1
27,DEL,1327,1
27,DEL,1343,1
27,DEL,1399,1
27,DEL,1455,1
27,DEL,1495,2
27,DEL,1503,1
27,DEL,1535,1
27,DEL,1703,1
27,DEL,1727,1
27,DEL,1775,1
27,DEL,1831,1
27,DEL,1887,1
27,DEL,2063,1
27,DEL,2223,1
27,DEL,2367,1
27,DEL,2399,1
27,DEL,3231,1
27,DEL,3535,1
27,DEL,3727,1
27,DEL,5087,1
27,DEL,5791,1
27,DEL,5855,1
27,DEL,8127,1
27,SET,79,1
27,SET,80,1
27,SET,82,3
27,SET,83,4
27,SET,84,5
27,SET,85,3
27,SET,86,14
27,SET,87,13
27,SET,88,13
27,SET,89,24
27,SET,90,23
27,SET,91,29
27,SET,92,46
27,SET,93,55
27,SET,94,56
27,SET,95,61
27,SET,96,64
27,SET,97,79
27,SET,98,91
27,SET,99,123
27,SET,100,117
27,SET,101,119
27,SET,102,150
27,SET,103,136
27,SET,104,181
27,SET,105,173
27,SET,106,171
27,SET,107,204
27,SET,108,217
27,SET,109,214
27,SET,110,191
27,SET,111,253
27,SET,112,245
27,SET,113,272
27,SET,114,283
27,SET,115,294
27,SET,116,333
27,SET,117,319
27,SET,118,363
27,SET,119,335
27,SET,120,366
27,SET,121,350
27,SET,122,389
27,SET,123,382
27,SET,124,419
27,SET,125,401
27,SET,126,417
27,SET,127,399
27,SET,128,422
27,SET,129,415
27,SET,130,427
27,SET,131,435
27,SET,132,446
27,SET,133,405
27,SET,134,460
27,SET,135,432
27,SET,136,416
27,SET,137,442
27,SET,138,447
27,SET,139,464
27,SET,140,434
27,SET,141,435
27,SET,142,455
27,SET,143,498
27,SET,144,434
27,SET,145,450
27,SET,146,405
27,SET,147,434
27,SET,148,419
27,SET,149,426
27,SET,150,437
27,SET,151,367
27,SET,152,386
27,SET,153,405
27,SET,154,378
27,SET,155,421
27,SET,156,353
27,SET,157,371
27,SET,158,367
27,SET,159,375
27,SET,160,339
27,SET,161,354
27,SET,162,336
27,SET,163,299
27,SET,164,279
27,SET,165,288
27,SET,166,257
27,SET,167,306
27,SET,168,256
27,SET,169,265
27,SET,170,260
27,SET,171,214
27,SET,172,248
27,SET,173,222
27,SET,174,250
27,SET,175,219
27,SET,176,231
27,SET,177,181
27,SET,178,194
27,SET,179,185
27,SET,180,186
27,SET,181,158
27,SET,182,155
27,SET,183,166
27,SET,184,142
27,SET,185,127
27,SET,186,127
27,SET,187,127
27,SET,188,126
27,SET,189,125
27,SET,190,110
27,SET,191,125
27,SET,192,118
27,SET,193,120
27,SET,194,113
27,SET,195,91
27,SET,196,87
27,SET,197,95
27,SET,198,92
27,SET,199,79
27,SET,200,99
27,SET,201,73
27,SET,202,74
27,SET,203,85
27,SET,204,78
27,SET,205,63
27,SET,206,59
27,SET,207,62
27,SET,208,63
27,SET,209,32
27,SET,210,46
27,SET,211,62
27,SET,212,49
27,SET,213,40
27,SET,214,57
27,SET,215,47
27,SET,216,41
27,SET,217,34
27,SET,218,25
27,SET,219,38
27,SET,220,39
27,SET,221,39
27,SET,222,30
27,SET,223,31
27,SET,224,29
27,SET,225,11
27,SET,226,24
27,SET,227,15
27,SET,228,28
27,SET,229,18
27,SET,230,21
27,SET,231,15
27,SET,232,20
27,SET,233,9
27,SET,234,19
27,SET,235,12
27,SET,236,13
27,SET,237,10
27,SET,238,13
27,SET,239,13
27,SET,240,11
27,SET,241,13
27,SET,242,15
27,SET,243,8
27,SET,244,11
27,SET,245,11
27,SET,246,7
27,SET,247,8
27,SET,248,6
27,SET,249,7
27,SET,250,4
27,SET,251,8
27,SET,252,5
27,SET,253,2
27,SET,254,8
27,SET,255,12
27,SET,257,13
27,SET,259,4
27,SET,261,8
27,SET,263,10
27,SET,265,9
27,SET,267,6
27,SET,269,7
27,SET,271,2
27,SET,273,10
27,SET,275,2
27,SET,277,3
27,SET,279,5
27,SET,281,5
27,SET,283,4
27,SET,285,7
27,SET,287,6
27,SET,289,3
27,SET,291,3
27,SET,293,1
27,SET,295,2
27,SET,299,1
27,SET,301,3
27,SET,303,3
27,SET,305,2
27,SET,307,1
27,SET,309,3
27,SET,313,2
27,SET,315,3
27,SET,317,3
27,SET,319,4
27,SET,321,3
27,SET,323,3
27,SET,325,1
27,SET,327,2
27,SET,331,2
27,SET,333,1
27,SET,337,1
27,SET,339,3
27,SET,345,1
27,SET,347,2
27,SET,349,2
27,SET,351,4
27,SET,353,2
27,SET,359,3
27,SET,361,1
27,SET,363,1
27,SET,367,2
27,SET,369,1
27,SET,371,2
27,SET,373,1
27,SET,377,3
27,SET,385,1
27,SET,387,3
27,SET,389,1
27,SET,397,2
27,SET,399,1
27,SET,407,2
27,SET,417,2
27,SET,421,1
27,SET,423,2
27,SET,425,1
27,SET,427,1
27,SET,429,1
27,SET,443,1
27,SET,457,1
27,SET,467,1
27,SET,477,1
27,SET,487,1
27,SET,493,1
27,SET,509,1
27,SET,523,2
27,SET,543,1
27,SET,591,1
27,SET,595,1
27,SET,619,2
27,SET,659,1
27,SET,1031,1
27,SET,1047,1
27,SET,1071,1
27,SET,1263,1
27,SET,1311,1
27,SET,1575,1
27,SET,1583,1
27,SET,1639,1
27,SET,1655,1
27,SET,1863,1
27,SET,2367,1
27,SET,3807,1
28,GET,75,1
28,GET,76,6
28,GET,77,14
28,GET,78,26
28,GET,79,45
28,GET,80,53
28,GET,81,87
28,GET,82,137
28,GET,83,180
28,GET,84,217
28,GET,85,305
28,GET,86,353
28,GET,87,477
28,GET,88,552
28,GET,89,628
28,GET,90,749
28,GET,91,879
28,GET,92,1020
28,GET,93,1096
28,GET,94,1266
28,GET,95,1399
28,GET,96,1635
28,GET,97,1698
28,GET,98,1986
28,GET,99,2135
28,GET,100,2323
28,GET,101,2438
28,GET,102,2582
28,GET,103,2791
28,GET,104,3065
28,GET,105,3190
28,GET,106,3392
28,GET,107,3585
28,GET,108,3809
28,GET,109,3964
28,GET,110,4048
28,GET,111,4297
28,GET,112,4364
28,GET,113,4533
28,GET,114,4810
28,GET,115,4694
28,GET,116,4875
28,GET,117,5200
28,GET,118,5290
28,GET,119,5392
28,GET,120,5610
28,GET,121,5849
28,GET,122,5976
28,GET,123,5959
28,GET,124,5972
28,GET,125,6076
28,GET,126,6035
28,GET,127,6189
28,GET,128,6191
28,GET,129,6264
28,GET,130,6213
28,GET,131,6324
28,GET,132,6224
28,GET,133,6232
28,GET,134,6198
28,GET,135,6263
28,GET,136,6284
28,GET,137,6135
28,GET,138,6230
28,GET,139,6223
28,GET,140,6118
28,GET,141,6165
28,GET,142,6021
28,GET,143,5942
28,GET,144,5944
28,GET,145,5931
28,GET,146,5789
28,GET,147,5629
28,GET,148,5542
28,GET,149,5618
28,GET,150,5501
28,GET,151,5309
28,GET,152,5073
28,GET,153,5002
28,GET,154,4902
28,GET,155,4794
28,GET,156,4642
28,GET,157,4495
28,GET,158,4402
28,GET,159,4430
28,GET,160,4244
28,GET,161,4166
28,GET,162,3980
28,GET,163,3836
28,GET,164,3754
28,GET,165,3674
28,GET,166,3573
28,GET,167,3395
28,GET,168,3367
28,GET,169,3198
28,GET,170,2966
28,GET,171,2994
28,GET,172,2790
28,GET,173,2712
28,GET,174,2733
28,GET,175,2610
28,GET,176,2422
28,GET,177,2365
28,GET,178,2362
28,GET,179,2268
28,GET,180,2153
28,GET,181,2072
28,GET,182,1939
28,GET,183,1948
28,GET,184,1792
28,GET,185,1774
28,GET,186,1689
28,GET,187,1608
28,GET,188,1541
28,GET,189,1517
28,GET,190,1442
28,GET,191,1338
28,GET,192,1206
28,GET,193,1257
28,GET,194,1177
28,GET,195,1052
28,GET,196,994
28,GET,197,1003
28,GET,198,956
28,GET,199,933
28,GET,200,896
28,GET,201,822
28,GET,202,805
28,GET,203,771
28,GET,204,710
28,GET,205,736
28,GET,206,652
28,GET,207,618
28,GET,208,583
28,GET,209,584
28,GET,210,571
28,GET,211,511
28,GET,212,449
28,GET,213,436
28,GET,214,413
28,GET,215,440
28,GET,216,407
28,GET,217,389
28,GET,218,383
28,GET,219,330
28,GET,220,357
28,GET,221,304
28,GET,222,283
28,GET,223,291
28,GET,224,259
28,GET,225,274
28,GET,226,245
28,GET,227,257
28,GET,228,209
28,GET,229,206
28,GET,230,203
28,GET,231,181
28,GET,232,194
28,GET,233,149
28,GET,234,161
28,GET,235,139
28,GET,236,136
28,GET,237,159
28,GET,238,117
28,GET,239,109
28,GET,240,109
28,GET,241,127
28,GET,242,106
28,GET,243,102
28,GET,244,117
28,GET,245,85
28,GET,246,86
28,GET,247,89
28,GET,248,90
28,GET,249,79
28,GET,250,78
28,GET,251,84
28,GET,252,70
28,GET,253,74
28,GET,254,57
28,GET,255,59
28,GET,257,133
28,GET,259,103
28,GET,261,109
28,GET,263,100
28,GET,265,99
28,GET,267,79
28,GET,269,72
28,GET,271,64
28,GET,273,69
28,GET,275,63
28,GET,277,61
28,GET,279,63
28,GET,281,37
28,GET,283,50
28,GET,285,52
28,GET,287,42
28,GET,289,38
28,GET,291,39
28,GET,293,44
28,GET,295,28
28,GET,297,30
28,GET,299,23
28,GET,301,18
28,GET,303,32
28,GET,305,33
28,GET,307,18
28,GET,309,28
28,GET,311,16
28,GET,313,23
28,GET,315,21
28,GET,317,22
28,GET,319,19
28,GET,321,21
28,GET,323,4
28,GET,325,17
28,GET,327,20
28,GET,329,14
28,GET,331,13
28,GET,333,17
28,GET,335,15
28,GET,337,18
28,GET,339,14
28,GET,341,11
28,GET,343,14
28,GET,345,10
28,GET,347,14
28,GET,349,15
28,GET,351,10
28,GET,353,10
28,GET,355,12
28,GET,357,10
28,GET,359,8
28,GET,361,12
28,GET,363,10
28,GET,365,9
28,GET,367,5
28,GET,369,10
28,GET,371,11
28,GET,373,9
28,GET,375,12
28,GET,377,6
28,GET,379,5
28,GET,381,5
28,GET,383,5
28,GET,385,10
28,GET,387,7
28,GET,389,13
28,GET,391,5
28,GET,393,7
28,GET,395,5
28,GET,397,5
28,GET,399,8
28,GET,401,5
28,GET,403,6
28,GET,405,4
28,GET,407,4
28,GET,409,5
28,GET,411,5
28,GET,413,4
28,GET,415,5
28,GET,417,5
28,GET,419,2
28,GET,421,3
28,GET,423,8
28,GET,425,2
28,GET,427,5
28,GET,429,5
28,GET,431,5
28,GET,433,3
28,GET,435,7
28,GET,437,3
28,GET,439,3
28,GET,441,5
28,GET,443,3
28,GET,445,6
28,GET,447,6
28,GET,449,4
28,GET,451,8
28,GET,453,4
28,GET,455,3
28,GET,457,2
28,GET,459,3
28,GET,463,4
28,GET,465,3
28,GET,467,3
28,GET,469,2
28,GET,471,3
28,GET,475,4
28,GET,477,3
28,GET,479,2
28,GET,481,2
28,GET,483,5
28,GET,485,2
28,GET,487,1
28,GET,489,1
28,GET,491,3
28,GET,493,5
28,GET,499,2
28,GET,501,2
28,GET,503,1
28,GET,505,3
28,GET,507,2
28,GET,509,3
28,GET,511,1
28,GET,515,2
28,GET,519,3
28,GET,523,4
28,GET,527,2
28,GET,531,2
28,GET,535,6
28,GET,539,1
28,GET,543,3
28,GET,547,7
28,GET,551,3
28,GET,555,4
28,GET,559,3
28,GET,563,4
28,GET,567,2
28,GET,571,2
28,GET,575,2
28,GET,579,3
28,GET,587,2
28,GET,591,2
28,GET,595,5
28,GET,599,3
28,GET,603,1
28,GET,607,2
28,GET,611,4
28,GET,615,2
28,GET,623,2
28,GET,627,3
28,GET,631,1
28,GET,635,3
28,GET,639,7
28,GET,643,3
28,GET,647,4
28,GET,651,2
28,GET,655,3
28,GET,659,1
28,GET,667,2
28,GET,671,4
28,GET,675,1
28,GET,679,1
28,GET,683,2
28,GET,687,1
28,GET,691,2
28,GET,695,3
28,GET,699,1
28,GET,703,1
28,GET,707,1
28,GET,711,2
28,GET,715,3
28,GET,723,3
28,GET,727,2
28,GET,731,1
28,GET,739,3
28,GET,743,1
28,GET,755,1
28,GET,759,1
28,GET,763,4
28,GET,767,2
28,GET,795,1
28,GET,799,1
28,GET,807,1
28,GET,811,1
28,GET,819,1
28,GET,835,1
28,GET,847,2
28,GET,855,1
28,GET,867,1
28,GET,871,2
28,GET,923,3
28,GET,951,1
28,GET,955,1
28,GET,967,1
28,GET,971,1
28,GET,975,1
28,GET,987,1
28,GET,991,1
28,GET,995,1
28,GET,1015,1
28,GET,1019,1
28,GET,1031,1
28,GET,1039,1
28,GET,1063,1
28,GET,1095,1
28,GET,1135,3
28,GET,1143,2
28,GET,1151,2
28,GET,1159,1
28,GET,1175,2
28,GET,1191,2
28,GET,1199,1
28,GET,1207,4
28,GET,1215,1
28,GET,1223,2
28,GET,1231,2
28,GET,1255,3
28,GET,1287,4
28,GET,1295,1
28,GET,1303,3
28,GET,1311,3
28,GET,1319,2
28,GET,1327,1
28,GET,1343,1
28,GET,1351,2
28,GET,1375,1
28,GET,1399,1
28,GET,1407,1
28,GET,1439,1
28,GET,1455,4
28,GET,1471,1
28,GET,1479,2
28,GET,1503,2
28,GET,1511,1
28,GET,1527,2
28,GET,1559,1
28,GET,1575,2
28,GET,1591,1
28,GET,1599,2
28,GET,1615,2
28,GET,1655,1
28,GET,1663,1
28,GET,1687,1
28,GET,1735,1
28,GET,1743,1
28,GET,1783,1
28,GET,1823,1
28,GET,1839,2
28,GET,1879,1
28,GET,1887,1
28,GET,1903,2
28,GET,1935,1
28,GET,1951,1
28,GET,1975,1
28,GET,1983,1
28,GET,1999,1
28,GET,2007,1
28,GET,2079,1
28,GET,2111,1
28,GET,2175,2
28,GET,2191,1
28,GET,2207,1
28,GET,2287,1
28,GET,2303,1
28,GET,2335,1
28,GET,2367,1
28,GET,2399,1
28,GET,2447,2
28,GET,2511,1
28,GET,2799,1
28,GET,2943,1
28,GET,3103,1
28,GET,3311,1
28,GET,3375,1
28,GET,3471,2
28,GET,3839,1
28,GET,4447,1
28,GET,5343,1
28,GET,6143,1
28,GET,6591,1
28,GET,7935,1
28,SET,81,1
28,SET,82,3
28,SET,83,1
28,SET,84,5
28,SET,85,9
28,SET,86,11
28,SET,87,19
28,SET,88,19
28,SET,89,19
28,SET,90,25
28,SET,91,26
28,SET,92,51
28,SET,93,53
28,SET,94,57
28,SET,95,68
28,SET,96,65
28,SET,97,79
28,SET,98,99
28,SET,99,101
28,SET,100,106
28,SET,101,116
28,SET,102,130
28,SET,103,132
28,SET,104,140
28,SET,105,169
28,SET,106,199
28,SET,107,231
28,SET,108,209
28,SET,109,188
28,SET,110,249
28,SET,111,209
28,SET,112,238
28,SET,113,277
28,SET,114,290
28,SET,115,304
28,SET,116,291
28,SET,117,296
28,SET,118,325
28,SET,119,339
28,SET,120,336
28,SET,121,341
28,SET,122,404
28,SET,123,383
28,SET,124,426
28,SET,125,376
28,SET,126,356
28,SET,127,401
28,SET,128,413
28,SET,129,429
28,SET,130,397
28,SET,131,411
28,SET,132,449
28,SET,133,458
28,SET,134,461
28,SET,135,409
28,SET,136,427
28,SET,137,437
28,SET,138,429
28,SET,139,432
28,SET,140,418
28,SET,141,453
28,SET,142,471
28,SET,143,466
28,SET,144,453
28,SET,145,434
28,SET,146,395
28,SET,147,428
28,SET,148,387
28,SET,149,422
28,SET,150,364
28,SET,151,375
28,SET,152,403
28,SET,153,370
28,SET,154,372
28,SET,155,428
28,SET,156,382
28,SET,157,361
28,SET,158,352
28,SET,159,376
28,SET,160,327
28,SET,161,332
28,SET,162,339
28,SET,163,322
28,SET,164,258
28,SET,165,301
28,SET,166,291
28,SET,167,293
28,SET,168,272
28,SET,169,258
28,SET,170,248
28,SET,171,234
28,SET,172,234
28,SET,173,227
28,SET,174,226
28,SET,175,211
28,SET,176,209
28,SET,177,202
28,SET,178,210
28,SET,179,189
28,SET,180,196
28,SET,181,185
28,SET,182,193
28,SET,183,163
28,SET,184,165
28,SET,185,150
28,SET,186,167
28,SET,187,165
28,SET,188,131
28,SET,189,138
28,SET,190,130
28,SET,191,113
28,SET,192,105
28,SET,193,121
28,SET,194,91
28,SET,195,117
28,SET,196,94
28,SET,197,97
28,SET,198,95
28,SET,199,83
28,SET,200,83
28,SET,201,83
28,SET,202,86
28,SET,203,62
28,SET,204,57
28,SET,205,71
28,SET,206,49
28,SET,207,67
28,SET,208,49
28,SET,209,64
28,SET,210,58
28,SET,211,52
28,SET,212,35
28,SET,213,40
28,SET,214,49
28,SET,215,29
28,SET,216,41
28,SET,217,41
28,SET,218,40
28,SET,219,37
28,SET,220,36
28,SET,221,24
28,SET,222,30
28,SET,223,25
28,SET,224,27
28,SET,225,30
28,SET,226,21
28,SET,227,19
28,SET,228,21
28,SET,229,26
28,SET,230,20
28,SET,231,15
28,SET,232,17
28,SET,233,23
28,SET,234,23
28,SET,235,15
28,SET,236,11
28,SET,237,16
28,SET,238,13
28,SET,239,11
28,SET,240,10
28,SET,241,16
28,SET,242,9
28,SET,243,7
28,SET,244,10
28,SET,245,11
28,SET,246,7
28,SET,247,12
28,SET,248,11
28,SET,249,10
28,SET,250,3
28,SET,251,2
28,SET,252,3
28,SET,253,5
28,SET,254,8
28,SET,255,4
28,SET,257,12
28,SET,259,9
28,SET,261,7
28,SET,263,7
28,SET,265,5
28,SET,267,6
28,SET,269,9
28,SET,271,7
28,SET,273,10
28,SET,275,7
28,SET,277,1
28,SET,279,4
28,SET,281,5
28,SET,283,6
28,SET,285,4
28,SET,287,1
28,SET,289,3
28,SET,291,3
28,SET,293,8
28,SET,295,3
28,SET,297,1
28,SET,299,5
28,SET,301,1
28,SET,303,4
28,SET,305,1
28,SET,307,2
28,SET,309,2
28,SET,313,3
28,SET,317,6
28,SET,319,1
28,SET,321,1
28,SET,323,1
28,SET,325,3
28,SET,331,2
28,SET,333,1
28,SET,335,1
28,SET,341,1
28,SET,343,2
28,SET,345,1
28,SET,353,2
28,SET,363,1
28,SET,367,1
28,SET,375,2
28,SET,377,2
28,SET,381,1
28,SET,385,1
28,SET,397,2
28,SET,399,1
28,SET,409,1
28,SET,411,1
28,SET,421,2
28,SET,427,1
28,SET,439,2
28,SET,441,1
28,SET,469,1
28,SET,509,1
28,SET,519,1
28,SET,527,1
28,SET,547,3
28,SET,555,2
28,SET,567,1
28,SET,583,1
28,SET,603,3
28,SET,635,1
28,SET,663,1
28,SET,723,1
28,SET,767,1
28,SET,1191,1
28,SET,1311,1
28,SET,1455,1
28,SET,1719,1
28,SET,1815,1
28,SET,1903,1
28,SET,2767,1
28,SET,3839,1
28,DEL,76,4
28,DEL,77,6
28,DEL,78,8
28,DEL,79,8
28,DEL,80,16
28,DEL,81,28
28,DEL,82,33
28,DEL,83,42
28,DEL,84,79
28,DEL,85,111
28,DEL,86,113
28,DEL,87,130
28,DEL,88,170
28,DEL,89,241
28,DEL,90,266
28,DEL,91,282
28,DEL,92,360
28,DEL,93,345
28,DEL,94,415
28,DEL,95,477
28,DEL,96,505
28,DEL,97,588
28,DEL,98,618
28,DEL,99,762
28,DEL,100,753
28,DEL,101,835
28,DEL,102,880
28,DEL,103,962
28,DEL,104,992
28,DEL,105,1093
28,DEL,106,1190
28,DEL,107,1160
28,DEL,108,1212
28,DEL,109,1351
28,DEL,110,1416
28,DEL,111,1446
28,DEL,112,1463
28,DEL,113,1552
28,DEL,114,1634
28,DEL,115,1709
28,DEL,116,1768
28,DEL,117,1753
28,DEL,118,1808
28,DEL,119,1849
28,DEL,120,1985
28,DEL,121,1995
28,DEL,122,2063
28,DEL,123,2041
28,DEL,124,2051
28,DEL,125,2122
28,DEL,126,2221
28,DEL,127,2162
28,DEL,128,2179
28,DEL,129,2204
28,DEL,130,2221
28,DEL,131,2229
28,DEL,132,2277
28,DEL,133,2205
28,DEL,134,2096
28,DEL,135,2187
28,DEL,136,2286
28,DEL,137,2143
28,DEL,138,2254
28,DEL,139,2156
28,DEL,140,2178
28,DEL,141,2179
28,DEL,142,2153
28,DEL,143,2116
28,DEL,144,2123
28,DEL,145,2175
28,DEL,146,2136
28,DEL,147,2066
28,DEL,148,2020
28,DEL,149,2021
28,DEL,150,2004
28,DEL,151,1961
28,DEL,152,1889
28,DEL,153,1793
28,DEL,154,1855
28,DEL,155,1768
28,DEL,156,1691
28,DEL,157,1687
28,DEL,158,1588
28,DEL,159,1547
28,DEL,160,1494
28,DEL,161,1589
28,DEL,162,1534
28,DEL,163,1390
28,DEL,164,1379
28,DEL,165,1348
28,DEL,166,1336
28,DEL,167,1236
28,DEL,168,1207
28,DEL,169,1125
28,DEL,170,1064
28,DEL,171,1086
28,DEL,172,1019
28,DEL,173,1015
28,DEL,174,946
28,DEL,175,994
28,DEL,176,912
28,DEL,177,915
28,DEL,178,845
28,DEL,179,786
28,DEL,180,812
28,DEL,181,749
28,DEL,182,754
28,DEL,183,751
28,DEL,184,615
28,DEL,185,642
28,DEL,186,653
28,DEL,187,614
28,DEL,188,543
28,DEL,189,569
28,DEL,190,504
28,DEL,191,530
28,DEL,192,477
28,DEL,193,443
28,DEL,194,446
28,DEL,195,431
28,DEL,196,383
28,DEL,197,405
28,DEL,198,350
28,DEL,199,354
28,DEL,200,351
28,DEL,201,338
28,DEL,202,312
28,DEL,203,268
28,DEL,204,265
28,DEL,205,264
28,DEL,206,267
28,DEL,207,230
28,DEL,208,217
28,DEL,209,263
28,DEL,210,197
28,DEL,211,200
28,DEL,212,166
28,DEL,213,147
28,DEL,214,186
28,DEL,215,162
28,DEL,216,145
28,DEL,217,125
28,DEL,218,141
28,DEL,219,129
28,DEL,220,100
28,DEL,221,128
28,DEL,222,109
28,DEL,223,104
28,DEL,224,99
28,DEL,225,93
28,DEL,226,97
28,DEL,227,77
28,DEL,228,75
28,DEL,229,80
28,DEL,230,70
28,DEL,231,69
28,DEL,232,74
28,DEL,233,58
28,DEL,234,77
28,DEL,235,57
28,DEL,236,66
28,DEL,237,59
28,DEL,238,47
28,DEL,239,50
28,DEL,240,48
28,DEL,241,47
28,DEL,242,30
28,DEL,243,28
28,DEL,244,30
28,DEL,245,32
28,DEL,246,26
28,DEL,247,37
28,DEL,248,41
28,DEL,249,29
28,DEL,250,25
28,DEL,251,28
28,DEL,252,28
28,DEL,253,29
28,DEL,254,24
28,DEL,255,33
28,DEL,257,50
28,DEL,259,36
28,DEL,261,31
28,DEL,263,43
28,DEL,265,27
28,DEL,267,24
28,DEL,269,31
28,DEL,271,37
28,DEL,273,24
28,DEL,275,15
28,DEL,277,11
28,DEL,279,14
28,DEL,281,17
28,DEL,283,24
28,DEL,285,8
28,DEL,287,10
28,DEL,289,8
28,DEL,291,16
28,DEL,293,14
28,DEL,295,9
28,DEL,297,15
28,DEL,299,15
28,DEL,301,11
28,DEL,303,17
28,DEL,305,11
28,DEL,307,9
28,DEL,309,5
28,DEL,311,10
28,DEL,313,18
28,DEL,315,3
28,DEL,317,4
28,DEL,319,9
28,DEL,321,6
28,DEL,323,8
28,DEL,325,7
28,DEL,327,1
28,DEL,329,5
28,DEL,331,5
28,DEL,333,8
28,DEL,335,6
28,DEL,337,8
28,DEL,339,4
28,DEL,341,2
28,DEL,343,3
28,DEL,345,3
28,DEL,347,2
28,DEL,349,6
28,DEL,351,6
28,DEL,353,2
28,DEL,355,3
28,DEL,357,4
28,DEL,359,2
28,DEL,361,5
28,DEL,363,5
28,DEL,365,6
28,DEL,369,4
28,DEL,371,4
28,DEL,373,7
28,DEL,375,2
28,DEL,377,3
28,DEL,379,3
28,DEL,381,4
28,DEL,383,2
28,DEL,385,3
28,DEL,387,2
28,DEL,389,4
28,DEL,391,4
28,DEL,393,2
28,DEL,395,2
28,DEL,397,4
28,DEL,399,1
28,DEL,401,1
28,DEL,403,5
28,DEL,405,4
28,DEL,407,1
28,DEL,409,2
28,DEL,411,3
28,DEL,413,2
28,DEL,415,1
28,DEL,417,2
28,DEL,419,1
28,DEL,427,2
28,DEL,429,3
28,DEL,433,1
28,DEL,435,1
28,DEL,437,1
28,DEL,439,1
28,DEL,441,1
28,DEL,443,1
28,DEL,445,2
28,DEL,453,2
28,DEL,455,1
28,DEL,457,1
28,DEL,461,3
28,DEL,465,1
28,DEL,471,1
28,DEL,473,1
28,DEL,479,1
28,DEL,483,1
28,DEL,485,1
28,DEL,487,2
28,DEL,491,2
28,DEL,493,1
28,DEL,495,1
28,DEL,497,2
28,DEL,503,1
28,DEL,505,5
28,DEL,507,1
28,DEL,509,1
28,DEL,515,2
28,DEL,519,3
28,DEL,523,2
28,DEL,527,1
28,DEL,531,1
28,DEL,535,1
28,DEL,539,1
28,DEL,543,2
28,DEL,547,2
28,DEL,551,3
28,DEL,559,2
28,DEL,563,2
28,DEL,571,1
28,DEL,575,1
28,DEL,579,1
28,DEL,583,2
28,DEL,587,2
28,DEL,599,2
28,DEL,607,3
28,DEL,611,2
28,DEL,619,1
28,DEL,631,1
28,DEL,639,1
28,DEL,643,1
28,DEL,651,2
28,DEL,659,2
28,DEL,663,1
28,DEL,671,1
28,DEL,687,1
28,DEL,691,1
28,DEL,695,1
28,DEL,711,2
28,DEL,719,1
28,DEL,723,1
28,DEL,731,3
28,DEL,739,1
28,DEL,743,2
28,DEL,775,1
28,DEL,787,1
28,DEL,795,1
28,DEL,799,1
28,DEL,835,1
28,DEL,859,1
28,DEL,863,1
28,DEL,871,1
28,DEL,931,1
28,DEL,979,1
28,DEL,983,1
28,DEL,1047,1
28,DEL,1191,1
28,DEL,1239,1
28,DEL,1255,1
28,DEL,1263,1
28,DEL,1311,1
28,DEL,1319,1
28,DEL,1367,1
28,DEL,1375,1
28,DEL,1383,1
28,DEL,1407,1
28,DEL,1463,1
28,DEL,1511,1
28,DEL,1599,1
28,DEL,1711,1
28,DEL,1751,1
28,DEL,1783,1
28,DEL,1815,1
28,DEL,1927,1
28,DEL,1943,1
28,DEL,1951,1
28,DEL,1975,1
28,DEL,2175,1
28,DEL,2911,1
29,GET,74,1
29,GET,75,13
29,GET,76,19
29,GET,77,33
29,GET,78,36
29,GET,79,68
29,GET,80,98
29,GET,81,140
29,GET,82,198
29,GET,83,278
29,GET,84,327
29,GET,85,385
29,GET,86,489
29,GET,87,603
29,GET,88,650
29,GET,89,837
29,GET,90,957
29,GET,91,1038
29,GET,92,1220
29,GET,93,1406
29,GET,94,1500
29,GET,95,1641
29,GET,96,1868
29,GET,97,2054
29,GET,98,2281
29,GET,99,2504
29,GET,100,2807
29,GET,101,2857
29,GET,102,3046
29,GET,103,3323
29,GET,104,3477
29,GET,105,3673
29,GET,106,3817
29,GET,107,4038
29,GET,108,4134
29,GET,109,4242
29,GET,110,4446
29,GET,111,4611
29,GET,112,4736
29,GET,113,4951
29,GET,114,5086
29,GET,115,5251
29,GET,116,5349
29,GET,117,5462
29,GET,118,5741
29,GET,119,5870
29,GET,120,5961
29,GET,121,5926
29,GET,122,6310
29,GET,123,6305
29,GET,124,6334
29,GET,125,6208
29,GET,126,6317
29,GET,127,6593
29,GET,128,6330
29,GET,129,6377
29,GET,130,6389
29,GET,131,6273
29,GET,132,6265
29,GET,133,6385
29,GET,134,6362
29,GET,135,6211
29,GET,136,6274
29,GET,137,6227
29,GET,138,6334
29,GET,139,6324
29,GET,140,6148
29,GET,141,6106
29,GET,142,5959
29,GET,143,5953
29,GET,144,5744
29,GET,145,5693
29,GET,146,5733
29,GET,147,5597
29,GET,148,5382
29,GET,149,5318
29,GET,150,5333
29,GET,151,5045
29,GET,152,4787
29,GET,153,4829
29,GET,154,4608
29,GET,155,4666
29,GET,156,4356
29,GET,157,4277
29,GET,158,4263
29,GET,159,4088
29,GET,160,3983
29,GET,161,3804
29,GET,162,3809
29,GET,163,3607
29,GET,164,3505
29,GET,165,3266
29,GET,166,3258
29,GET,167,3073
29,GET,168,2971
29,GET,169,2938
29,GET,170,2667
29,GET,171,2701
29,GET,172,2559
29,GET,173,2597
29,GET,174,2386
29,GET,175,2235
29,GET,176,2180
29,GET,177,2065
29,GET,178,1937
29,GET,179,1993
29,GET,180,1941
29,GET,181,1865
29,GET,182,1784
29,GET,183,1564
29,GET,184,1562
29,GET,185,1510
29,GET,186,1406
29,GET,187,1291
29,GET,188,1330
29,GET,189,1207
29,GET,190,1187
29,GET,191,1237
29,GET,192,1050
29,GET,193,1057
29,GET,194,1037
29,GET,195,1037
29,GET,196,927
29,GET,197,862
29,GET,198,786
29,GET,199,830
29,GET,200,793
29,GET,201,724
29,GET,202,683
29,GET,203,640
29,GET,204,615
29,GET,205,562
29,GET,206,575
29,GET,207,583
29,GET,208,492
29,GET,209,460
29,GET,210,427
29,GET,211,452
29,GET,212,413
29,GET,213,401
29,GET,214,362
29,GET,215,353
29,GET,216,336
29,GET,217,322
29,GET,218,312
29,GET,219,277
29,GET,220,250
29,GET,221,263
29,GET,222,271
29,GET,223,241
29,GET,224,227
29,GET,225,217
29,GET,226,175
29,GET,227,164
29,GET,228,176
29,GET,229,176
29,GET,230,169
29,GET,231,151
29,GET,232,145
29,GET,233,124
29,GET,234,137
29,GET,235,128
29,GET,236,145
29,GET,237,107
29,GET,238,115
29,GET,239,103
29,GET,240,90
29,GET,241,95
29,GET,242,101
29,GET,243,76
29,GET,244,77
29,GET,245,76
29,GET,246,80
29,GET,247,65
29,GET,248,78
29,GET,249,68
29,GET,250,70
29,GET,251,72
29,GET,252,64
29,GET,253,43
29,GET,254,60
29,GET,255,43
29,GET,257,99
29,GET,259,87
29,GET,261,79
29,GET,263,79
29,GET,265,80
29,GET,267,63
29,GET,269,53
29,GET,271,54
29,GET,273,57
29,GET,275,53
29,GET,277,53
29,GET,279,45
29,GET,281,41
29,GET,283,43
29,GET,285,44
29,GET,287,40
29,GET,289,38
29,GET,291,33
29,GET,293,32
29,GET,295,24
29,GET,297,33
29,GET,299,21
29,GET,301,21
29,GET,303,30
29,GET,305,20
29,GET,307,33
29,GET,309,19
29,GET,311,23
29,GET,313,16
29,GET,315,22
29,GET,317,27
29,GET,319,20
29,GET,321,15
29,GET,323,9
29,GET,325,20
29,GET,327,16
29,GET,329,11
29,GET,331,16
29,GET,333,13
29,GET,335,16
29,GET,337,15
29,GET,339,11
29,GET,341,16
29,GET,343,9
29,GET,345,18
29,GET,347,10
29,GET,349,15
29,GET,351,15
29,GET,353,9
29,GET,355,9
29,GET,357,9
29,GET,359,16
29,GET,361,10
29,GET,363,11
29,GET,365,9
29,GET,367,13
29,GET,369,8
29,GET,371,7
29,GET,373,6
29,GET,375,8
29,GET,377,7
29,GET,379,6
29,GET,381,5
29,GET,383,11
29,GET,385,8
29,GET,387,6
29,GET,389,6
29,GET,391,8
29,GET,393,8
29,GET,395,4
29,GET,397,5
29,GET,399,8
29,GET,401,5
29,GET,403,6
29,GET,405,3
29,GET,407,6
29,GET,409,10
29,GET,411,5
29,GET,413,4
29,GET,415,5
29,GET,417,6
29,GET,419,6
29,GET,421,4
29,GET,423,5
29,GET,425,6
29,GET,427,1
29,GET,429,6
29,GET,431,3
29,GET,435,1
29,GET,437,3
29,GET,439,4
29,GET,441,1
29,GET,443,3
29,GET,445,5
29,GET,447,3
29,GET,449,3
29,GET,453,4
29,GET,455,2
29,GET,457,2
29,GET,459,2
29,GET,461,4
29,GET,463,3
29,GET,465,4
29,GET,467,1
29,GET,469,2
29,GET,471,1
29,GET,473,4
29,GET,475,2
29,GET,477,2
29,GET,481,3
29,GET,483,1
29,GET,485,1
29,GET,487,1
29,GET,489,1
29,GET,491,4
29,GET,493,2
29,GET,497,4
29,GET,499,2
29,GET,503,2
29,GET,507,1
29,GET,511,1
29,GET,515,4
29,GET,519,3
29,GET,523,5
29,GET,527,2
29,GET,531,3
29,GET,535,4
29,GET,539,3
29,GET,543,6
29,GET,547,5
29,GET,551,1
29,GET,555,4
29,GET,559,5
29,GET,563,6
29,GET,567,2
29,GET,571,3
29,GET,579,1
29,GET,583,2
29,GET,587,1
29,GET,591,1
29,GET,595,1
29,GET,599,3
29,GET,603,4
29,GET,607,4
29,GET,611,2
29,GET,615,1
29,GET,619,3
29,GET,623,1
29,GET,627,2
29,GET,635,3
29,GET,639,5
29,GET,643,4
29,GET,647,4
29,GET,651,1
29,GET,655,1
29,GET,659,4
29,GET,663,1
29,GET,667,1
29,GET,671,3
29,GET,675,2
29,GET,683,4
29,GET,687,2
29,GET,691,3
29,GET,703,3
29,GET,711,3
29,GET,715,1
29,GET,719,3
29,GET,723,1
29,GET,727,2
29,GET,735,3
29,GET,739,2
29,GET,743,2
29,GET,747,1
29,GET,751,2
29,GET,755,4
29,GET,763,1
29,GET,767,1
29,GET,771,1
29,GET,775,1
29,GET,783,1
29,GET,787,2
29,GET,799,1
29,GET,803,1
29,GET,811,1
29,GET,815,1
29,GET,827,1
29,GET,839,1
29,GET,843,1
29,GET,847,1
29,GET,891,1
29,GET,903,2
29,GET,911,1
29,GET,935,1
29,GET,939,1
29,GET,971,3
29,GET,987,1
29,GET,1015,1
29,GET,1031,2
29,GET,1047,2
29,GET,1063,4
29,GET,1095,1
29,GET,1103,2
29,GET,1111,1
29,GET,1119,1
29,GET,1143,1
29,GET,1175,1
29,GET,1183,3
29,GET,1191,1
29,GET,1199,1
29,GET,1207,2
29,GET,1215,1
29,GET,1231,1
29,GET,1239,2
29,GET,1247,3
29,GET,1279,3
29,GET,1287,2
29,GET,1303,1
29,GET,1311,1
29,GET,1319,1
29,GET,1327,1
29,GET,1335,2
29,GET,1343,1
29,GET,1351,1
29,GET,1367,1
29,GET,1375,1
29,GET,1383,1
29,GET,1399,1
29,GET,1407,1
29,GET,1415,2
29,GET,1423,1
29,GET,1519,1
29,GET,1527,1
29,GET,1543,1
29,GET,1567,1
29,GET,1607,2
29,GET,1615,2
29,GET,1631,1
29,GET,1655,1
29,GET,1695,1
29,GET,1703,4
29,GET,1711,1
29,GET,1719,1
29,GET,1727,1
29,GET,1735,1
29,GET,1751,2
29,GET,1759,3
29,GET,1775,1
29,GET,1815,1
29,GET,1823,1
29,GET,1855,1
29,GET,1863,1
29,GET,1951,1
29,GET,1967,1
29,GET,2007,1
29,GET,2015,1
29,GET,2031,2
29,GET,2039,1
29,GET,2063,1
29,GET,2095,2
29,GET,2175,1
29,GET,2191,1
29,GET,2223,1
29,GET,2255,1
29,GET,2271,1
29,GET,2319,2
29,GET,2351,1
29,GET,2383,1
29,GET,2415,1
29,GET,2815,1
29,GET,2863,1
29,GET,2959,1
29,GET,3391,1
29,GET,3775,1
29,GET,3855,1
29,GET,3983,1
29,GET,4159,1
29,GET,5279,1
29,GET,6079,1
29,GET,6367,1
29,GET,7071,1
29,GET,8255,1
29,SET,74,1
29,SET,78,1
29,SET,80,3
29,SET,81,4
29,SET,82,4
29,SET,83,10
29,SET,84,10
29,SET,85,13
29,SET,86,14
29,SET,87,15
29,SET,88,22
29,SET,89,28
29,SET,90,23
29,SET,91,42
29,SET,92,54
29,SET,93,52
29,SET,94,53
29,SET,95,60
29,SET,96,72
29,SET,97,110
29,SET,98,98
29,SET,99,139
29,SET,100,139
29,SET,101,146
29,SET,102,184
29,SET,103,191
29,SET,104,190
29,SET,105,205
29,SET,106,218
29,SET,107,224
29,SET,108,223
29,SET,109,233
29,SET,110,241
29,SET,111,275
29,SET,112,282
29,SET,113,296
29,SET,114,312
29,SET,115,305
29,SET,116,345
29,SET,117,342
29,SET,118,361
29,SET,119,370
29,SET,120,363
29,SET,121,406
29,SET,122,396
29,SET,123,432
29,SET,124,397
29,SET,125,442
29,SET,126,410
29,SET,127,443
29,SET,128,443
29,SET,129,436
29,SET,130,480
29,SET,131,450
29,SET,132,469
29,SET,133,449
29,SET,134,435
29,SET,135,412
29,SET,136,459
29,SET,137,472
29,SET,138,448
29,SET,139,426
29,SET,140,445
29,SET,141,463
29,SET,142,434
29,SET,143,407
29,SET,144,403
29,SET,145,426
29,SET,146,424
29,SET,147,447
29,SET,148,387
29,SET,149,406
29,SET,150,392
29,SET,151,407
29,SET,152,388
29,SET,153,383
29,SET,154,357
29,SET,155,331
29,SET,156,362
29,SET,157,357
29,SET,158,364
29,SET,159,345
29,SET,160,324
29,SET,161,316
29,SET,162,304
29,SET,163,322
29,SET,164,272
29,SET,165,273
29,SET,166,278
29,SET,167,242
29,SET,168,251
29,SET,169,260
29,SET,170,225
29,SET,171,244
29,SET,172,224
29,SET,173,245
29,SET,174,218
29,SET,175,188
29,SET,176,177
29,SET,177,188
29,SET,178,168
29,SET,179,180
29,SET,180,159
29,SET,181,180
29,SET,182,169
29,SET,183,134
29,SET,184,133
29,SET,185,160
29,SET,186,130
29,SET,187,153
29,SET,188,113
29,SET,189,115
29,SET,190,112
29,SET,191,110
29,SET,192,91
29,SET,193,77
29,SET,194,72
29,SET,195,95
29,SET,196,80
29,SET,197,70
29,SET,198,91
29,SET,199,83
29,SET,200,71
29,SET,201,66
29,SET,202,55
29,SET,203,62
29,SET,204,54
29,SET,205,53
29,SET,206,47
29,SET,207,62
29,SET,208,44
29,SET,209,47
29,SET,210,41
29,SET,211,38
29,SET,212,36
29,SET,213,31
29,SET,214,36
29,SET,215,39
29,SET,216,31
29,SET,217,32
29,SET,218,34
29,SET,219,34
29,SET,220,22
29,SET,221,25
29,SET,222,23
29,SET,223,26
29,SET,224,16
29,SET,225,17
29,SET,226,15
29,SET,227,22
29,SET,228,12
29,SET,229,15
29,SET,230,18
29,SET,231,14
29,SET,232,16
29,SET,233,15
29,SET,234,14
29,SET,235,14
29,SET,236,8
29,SET,237,15
29,SET,238,13
29,SET,239,11
29,SET,240,11
29,SET,241,7
29,SET,242,10
29,SET,243,6
29,SET,244,5
29,SET,245,8
29,SET,246,7
29,SET,247,9
29,SET,248,6
29,SET,249,14
29,SET,250,6
29,SET,251,7
29,SET,252,8
29,SET,253,11
29,SET,254,2
29,SET,255,4
29,SET,257,12
29,SET,259,12
29,SET,261,12
29,SET,263,11
29,SET,265,7
29,SET,267,6
29,SET,269,5
29,SET,271,2
29,SET,273,5
29,SET,275,6
29,SET,277,2
29,SET,279,5
29,SET,281,5
29,SET,283,9
29,SET,285,8
29,SET,289,2
29,SET,291,3
29,SET,293,2
29,SET,295,4
29,SET,297,2
29,SET,299,1
29,SET,301,2
29,SET,303,4
29,SET,305,1
29,SET,307,3
29,SET,309,4
29,SET,311,1
29,SET,313,1
29,SET,315,2
29,SET,317,5
29,SET,319,1
29,SET,325,1
29,SET,327,1
29,SET,329,1
29,SET,333,1
29,SET,345,1
29,SET,347,1
29,SET,351,3
29,SET,355,1
29,SET,357,1
29,SET,359,2
29,SET,361,3
29,SET,365,2
29,SET,369,3
29,SET,373,2
29,SET,383,1
29,SET,385,1
29,SET,387,1
29,SET,399,1
29,SET,405,2
29,SET,407,2
29,SET,409,2
29,SET,411,1
29,SET,415,1
29,SET,417,1
29,SET,421,1
29,SET,435,1
29,SET,439,1
29,SET,441,1
29,SET,449,1
29,SET,451,1
29,SET,453,1
29,SET,459,1
29,SET,487,1
29,SET,495,1
29,SET,523,1
29,SET,531,1
29,SET,535,1
29,SET,555,1
29,SET,571,1
29,SET,607,1
29,SET,639,2
29,SET,663,1
29,SET,675,2
29,SET,767,1
29,SET,883,1
29,SET,1011,1
29,SET,1319,1
29,SET,1423,1
29,SET,1495,1
29,SET,2063,1
29,DEL,73,1
29,DEL,75,1
29,DEL,76,8
29,DEL,77,12
29,DEL,78,6
29,DEL,79,23
29,DEL,80,27
29,DEL,81,30
29,DEL,82,50
29,DEL,83,80
29,DEL,84,97
29,DEL,85,139
29,DEL,86,146
29,DEL,87,168
29,DEL,88,204
29,DEL,89,272
29,DEL,90,304
29,DEL,91,353
29,DEL,92,390
29,DEL,93,441
29,DEL,94,475
29,DEL,95,540
29,DEL,96,625
29,DEL,97,716
29,DEL,98,742
29,DEL,99,864
29,DEL,100,935
29,DEL,101,1041
29,DEL,102,1067
29,DEL,103,1139
29,DEL,104,1179
29,DEL,105,1229
29,DEL,106,1309
29,DEL,107,1338
29,DEL,108,1364
29,DEL,109,1514
29,DEL,110,1556
29,DEL,111,1600
29,DEL,112,1698
29,DEL,113,1650
29,DEL,114,1736
29,DEL,115,1846
29,DEL,116,1941
29,DEL,117,1961
29,DEL,118,1972
29,DEL,119,2095
29,DEL,120,2051
29,DEL,121,2167
29,DEL,122,2207
29,DEL,123,2205
29,DEL,124,2263
29,DEL,125,2295
29,DEL,126,2242
29,DEL,127,2316
29,DEL,128,2272
29,DEL,129,2226
29,DEL,130,2334
29,DEL,131,2219
29,DEL,132,2285
29,DEL,133,2312
29,DEL,134,2295
29,DEL,135,2216
29,DEL,136,2285
29,DEL,137,2238
29,DEL,138,2226
29,DEL,139,2174
29,DEL,140,2161
29,DEL,141,2227
29,DEL,142,2154
29,DEL,143,2131
29,DEL,144,2166
29,DEL,145,1971
29,DEL,146,2030
29,DEL,147,1937
29,DEL,148,1927
29,DEL,149,1949
29,DEL,150,1916
29,DEL,151,1837
29,DEL,152,1816
29,DEL,153,1746
29,DEL,154,1754
29,DEL,155,1712
29,DEL,156,1687
29,DEL,157,1623
29,DEL,158,1482
29,DEL,159,1466
29,DEL,160,1461
29,DEL,161,1444
29,DEL,162,1420
29,DEL,163,1271
29,DEL,164,1255
29,DEL,165,1314
29,DEL,166,1184
29,DEL,167,1254
29,DEL,168,1136
29,DEL,169,1082
29,DEL,170,1049
29,DEL,171,1002
29,DEL,172,941
29,DEL,173,900
29,DEL,174,877
29,DEL,175,841
29,DEL,176,890
29,DEL,177,847
29,DEL,178,763
29,DEL,179,767
29,DEL,180,718
29,DEL,181,662
29,DEL,182,682
29,DEL,183,621
29,DEL,184,584
29,DEL,185,549
29,DEL,186,504
29,DEL,187,535
29,DEL,188,466
29,DEL,189,454
29,DEL,190,448
29,DEL,191,438
29,DEL,192,402
29,DEL,193,395
29,DEL,194,407
29,DEL,195,351
29,DEL,196,382
29,DEL,197,340
29,DEL,198,321
29,DEL,199,305
29,DEL,200,289
29,DEL,201,253
29,DEL,202,245
29,DEL,203,239
29,DEL,204,246
29,DEL,205,198
29,DEL,206,186
29,DEL,207,212
29,DEL,208,187
29,DEL,209,178
29,DEL,210,163
29,DEL,211,169
29,DEL,212,138
29,DEL,213,164
29,DEL,214,138
29,DEL,215,127
29,DEL,216,130
29,DEL,217,118
29,DEL,218,120
29,DEL,219,97
29,DEL,220,108
29,DEL,221,107
29,DEL,222,98
29,DEL,223,95
29,DEL,224,97
29,DEL,225,76
29,DEL,226,73
29,DEL,227,62
29,DEL,228,59
29,DEL,229,57
29,DEL,230,54
29,DEL,231,46
29,DEL,232,47
29,DEL,233,61
29,DEL,234,39
29,DEL,235,53
29,DEL,236,46
29,DEL,237,39
29,DEL,238,41
29,DEL,239,40
29,DEL,240,46
29,DEL,241,32
29,DEL,242,34
29,DEL,243,37
29,DEL,244,27
29,DEL,245,35
29,DEL,246,31
29,DEL,247,20
29,DEL,248,37
29,DEL,249,24
29,DEL,250,32
29,DEL,251,34
29,DEL,252,22
29,DEL,253,19
29,DEL,254,16
29,DEL,255,17
29,DEL,257,32
29,DEL,259,36
29,DEL,261,25
29,DEL,263,31
29,DEL,265,34
29,DEL,267,16
29,DEL,269,17
29,DEL,271,23
29,DEL,273,16
29,DEL,275,15
29,DEL,277,17
29,DEL,279,20
29,DEL,281,23
29,DEL,283,19
29,DEL,285,6
29,DEL,287,12
29,DEL,289,18
29,DEL,291,16
29,DEL,293,11
29,DEL,295,10
29,DEL,297,14
29,DEL,299,14
29,DEL,301,12
29,DEL,303,11
29,DEL,305,10
29,DEL,307,4
29,DEL,309,9
29,DEL,311,13
29,DEL,313,11
29,DEL,315,8
29,DEL,317,11
29,DEL,319,3
29,DEL,321,13
29,DEL,323,8
29,DEL,325,2
29,DEL,327,7
29,DEL,329,6
29,DEL,331,2
29,DEL,333,10
29,DEL,335,10
29,DEL,337,5
29,DEL,339,10
29,DEL,341,6
29,DEL,343,5
29,DEL,345,5
29,DEL,347,9
29,DEL,349,1
29,DEL,351,4
29,DEL,353,4
29,DEL,355,5
29,DEL,357,1
29,DEL,359,7
29,DEL,361,1
29,DEL,363,2
29,DEL,365,5
29,DEL,367,4
29,DEL,369,3
29,DEL,371,3
29,DEL,373,2
29,DEL,375,5
29,DEL,377,3
29,DEL,379,2
29,DEL,381,6
29,DEL,383,1
29,DEL,385,2
29,DEL,387,4
29,DEL,389,3
29,DEL,391,2
29,DEL,393,1
29,DEL,395,4
29,DEL,397,2
29,DEL,399,4
29,DEL,401,3
29,DEL,405,3
29,DEL,409,2
29,DEL,413,1
29,DEL,415,3
29,DEL,419,4
29,DEL,421,5
29,DEL,423,4
29,DEL,425,2
29,DEL,433,3
29,DEL,435,2
29,DEL,437,1
29,DEL,439,2
29,DEL,441,2
29,DEL,443,2
29,DEL,445,1
29,DEL,449,1
29,DEL,451,1
29,DEL,455,1
29,DEL,457,1
29,DEL,459,2
29,DEL,463,1
29,DEL,467,4
29,DEL,479,2
29,DEL,481,1
29,DEL,483,1
29,DEL,487,1
29,DEL,489,2
29,DEL,501,1
29,DEL,503,2
29,DEL,505,2
29,DEL,507,2
29,DEL,511,2
29,DEL,515,2
29,DEL,523,1
29,DEL,527,1
29,DEL,535,2
29,DEL,547,1
29,DEL,551,1
29,DEL,571,2
29,DEL,575,2
29,DEL,591,2
29,DEL,599,1
29,DEL,603,2
29,DEL,607,1
29,DEL,615,2
29,DEL,619,1
29,DEL,623,1
29,DEL,627,2
29,DEL,655,2
29,DEL,659,2
29,DEL,663,1
29,DEL,667,3
29,DEL,671,1
29,DEL,675,2
29,DEL,683,1
29,DEL,691,1
29,DEL,699,1
29,DEL,711,1
29,DEL,723,1
29,DEL,735,1
29,DEL,771,1
29,DEL,799,1
29,DEL,803,1
29,DEL,807,1
29,DEL,811,1
29,DEL,815,1
29,DEL,819,1
29,DEL,847,1
29,DEL,867,1
29,DEL,879,1
29,DEL,955,1
29,DEL,967,1
29,DEL,987,1
29,DEL,1055,1
29,DEL,1079,1
29,DEL,1111,1
29,DEL,1135,1
29,DEL,1159,1
29,DEL,1199,1
29,DEL,1215,1
29,DEL,1303,1
29,DEL,1327,1
29,DEL,1343,1
29,DEL,1447,1
29,DEL,1495,2
29,DEL,1527,1
29,DEL,1535,1
29,DEL,1559,1
29,DEL,1567,1
29,DEL,1583,1
29,DEL,1655,2
29,DEL,1687,1
29,DEL,1903,1
29,DEL,2127,1
29,DEL,2351,1
29,DEL,2415,1
30,SET,77,1
30,SET,79,2
30,SET,80,2
30,SET,81,4
30,SET,82,1
30,SET,83,11
30,SET,84,14
30,SET,85,12
30,SET,86,17
30,SET,87,15
30,SET,88,24
30,SET,89,27
30,SET,90,45
30,SET,91,43
30,SET,92,53
30,SET,93,57
30,SET,94,62
30,SET,95,84
30,SET,96,84
30,SET,97,108
30,SET,98,115
30,SET,99,134
30,SET,100,148
30,SET,101,158
30,SET,102,168
30,SET,103,199
30,SET,104,224
30,SET,105,228
30,SET,106,204
30,SET,107,244
30,SET,108,224
30,SET,109,268
30,SET,110,270
30,SET,111,312
30,SET,112,289
30,SET,113,296
30,SET,114,317
30,SET,115,359
30,SET,116,374
30,SET,117,376
30,SET,118,346
30,SET,119,337
30,SET,120,380
30,SET,121,381
30,SET,122,428
30,SET,123,372
30,SET,124,386
30,SET,125,425
30,SET,126,443
30,SET,127,430
30,SET,128,462
30,SET,129,418
30,SET,130,452
30,SET,131,453
30,SET,132,429
30,SET,133,478
30,SET,134,431
30,SET,135,452
30,SET,136,449
30,SET,137,471
30,SET,138,466
30,SET,139,457
30,SET,140,442
30,SET,141,447
30,SET,142,451
30,SET,143,402
30,SET,144,429
30,SET,145,438
30,SET,146,452
30,SET,147,404
30,SET,148,429
30,SET,149,395
30,SET,150,440
30,SET,151,407
30,SET,152,399
30,SET,153,373
30,SET,154,339
30,SET,155,365
30,SET,156,357
30,SET,157,330
30,SET,158,315
30,SET,159,325
30,SET,160,292
30,SET,161,336
30,SET,162,314
30,SET,163,290
30,SET,164,282
30,SET,165,270
30,SET,166,263
30,SET,167,256
30,SET,168,227
30,SET,169,243
30,SET,170,210
30,SET,171,242
30,SET,172,207
30,SET,173,221
30,SET,174,206
30,SET,175,184
30,SET,176,192
30,SET,177,170
30,SET,178,174
30,SET,179,161
30,SET,180,161
30,SET,181,134
30,SET,182,151
30,SET,183,138
30,SET,184,134
30,SET,185,120
30,SET,186,132
30,SET,187,111
30,SET,188,121
30,SET,189,115
30,SET,190,105
30,SET,191,101
30,SET,192,87
30,SET,193,90
30,SET,194,85
30,SET,195,89
30,SET,196,80
30,SET,197,75
30,SET,198,55
30,SET,199,77
30,SET,200,70
30,SET,201,57
30,SET,202,57
30,SET,203,65
30,SET,204,52
30,SET,205,40
30,SET,206,62
30,SET,207,57
30,SET,208,40
30,SET,209,35
30,SET,210,30
30,SET,211,39
30,SET,212,40
30,SET,213,25
30,SET,214,23
30,SET,215,34
30,SET,216,29
30,SET,217,30
30,SET,218,25
30,SET,219,34
30,SET,220,20
30,SET,221,30
30,SET,222,21
30,SET,223,25
30,SET,224,18
30,SET,225,18
30,SET,226,20
30,SET,227,10
30,SET,228,14
30,SET,229,17
30,SET,230,14
30,SET,231,12
30,SET,232,12
30,SET,233,14
30,SET,234,10
30,SET,235,10
30,SET,236,12
30,SET,237,6
30,SET,238,7
30,SET,239,11
30,SET,240,11
30,SET,241,11
30,SET,242,15
30,SET,243,8
30,SET,244,8
30,SET,245,5
30,SET,246,6
30,SET,247,8
30,SET,248,6
30,SET,249,9
30,SET,250,3
30,SET,251,5
30,SET,252,7
30,SET,253,7
30,SET,254,3
30,SET,255,2
30,SET,257,12
30,SET,259,8
30,SET,261,6
30,SET,263,6
30,SET,265,9
30,SET,267,7
30,SET,269,6
30,SET,271,7
30,SET,273,6
30,SET,275,2
30,SET,277,3
30,SET,279,5
30,SET,281,6
30,SET,283,4
30,SET,285,1
30,SET,289,3
30,SET,291,1
30,SET,293,5
30,SET,295,4
30,SET,297,2
30,SET,299,4
30,SET,303,1
30,SET,305,1
30,SET,307,3
30,SET,309,1
30,SET,311,1
30,SET,313,3
30,SET,315,4
30,SET,317,5
30,SET,319,1
30,SET,325,1
30,SET,327,1
30,SET,329,3
30,SET,335,2
30,SET,337,1
30,SET,339,1
30,SET,343,1
30,SET,345,1
30,SET,347,2
30,SET,349,1
30,SET,351,1
30,SET,353,1
30,SET,355,2
30,SET,357,1
30,SET,361,1
30,SET,363,2
30,SET,377,1
30,SET,387,1
30,SET,389,2
30,SET,391,2
30,SET,403,1
30,SET,413,2
30,SET,417,1
30,SET,419,1
30,SET,421,1
30,SET,435,1
30,SET,443,1
30,SET,445,1
30,SET,463,1
30,SET,465,1
30,SET,485,1
30,SET,505,1
30,SET,535,1
30,SET,551,1
30,SET,559,1
30,SET,575,1
30,SET,635,1
30,SET,655,1
30,SET,659,1
30,SET,675,1
30,SET,811,1
30,SET,847,1
30,SET,1207,1
30,SET,1247,1
30,SET,1671,1
30,SET,1839,1
30,DEL,74,1
30,DEL,75,1
30,DEL,76,5
30,DEL,77,4
30,DEL,78,12
30,DEL,79,16
30,DEL,80,28
30,DEL,81,58
30,DEL,82,64
30,DEL,83,83
30,DEL,84,102
30,DEL,85,140
30,DEL,86,162
30,DEL,87,219
30,DEL,88,256
30,DEL,89,291
30,DEL,90,343
30,DEL,91,326
30,DEL,92,419
30,DEL,93,448
30,DEL,94,524
30,DEL,95,593
30,DEL,96,649
30,DEL,97,723
30,DEL,98,812
30,DEL,99,940
30,DEL,100,915
30,DEL,101,1069
30,DEL,102,1169
30,DEL,103,1147
30,DEL,104,1238
30,DEL,105,1365
30,DEL,106,1384
30,DEL,107,1486
30,DEL,108,1601
30,DEL,109,1557
30,DEL,110,1594
30,DEL,111,1641
30,DEL,112,1661
30,DEL,113,1828
30,DEL,114,1859
30,DEL,115,1803
30,DEL,116,1954
30,DEL,117,2004
30,DEL,118,2100
30,DEL,119,2129
30,DEL,120,2101
30,DEL,121,2149
30,DEL,122,2188
30,DEL,123,2237
30,DEL,124,2245
30,DEL,125,2285
30,DEL,126,2317
30,DEL,127,2286
30,DEL,128,2394
30,DEL,129,2334
30,DEL,130,2435
30,DEL,131,2404
30,DEL,132,2213
30,DEL,133,2373
30,DEL,134,2241
30,DEL,135,2276
30,DEL,136,2275
30,DEL,137,2235
30,DEL,138,2267
30,DEL,139,2208
30,DEL,140,2243
30,DEL,141,2140
30,DEL,142,2118
30,DEL,143,2085
30,DEL,144,2073
30,DEL,145,2167
30,DEL,146,1951
30,DEL,147,2034
30,DEL,148,1934
30,DEL,149,1887
30,DEL,150,1873
30,DEL,151,1821
30,DEL,152,1769
30,DEL,153,1691
30,DEL,154,1720
30,DEL,155,1689
30,DEL,156,1596
30,DEL,157,1500
30,DEL,158,1465
30,DEL,159,1431
30,DEL,160,1404
30,DEL,161,1330
30,DEL,162,1331
30,DEL,163,1278
30,DEL,164,1196
30,DEL,165,1157
30,DEL,166,1105
30,DEL,167,1081
30,DEL,168,1091
30,DEL,169,1010
30,DEL,170,970
30,DEL,171,912
30,DEL,172,906
30,DEL,173,851
30,DEL,174,856
30,DEL,175,891
30,DEL,176,754
30,DEL,177,764
30,DEL,178,705
30,DEL,179,708
30,DEL,180,615
30,DEL,181,632
30,DEL,182,631
30,DEL,183,627
30,DEL,184,556
30,DEL,185,478
30,DEL,186,462
30,DEL,187,472
30,DEL,188,420
30,DEL,189,464
30,DEL,190,401
30,DEL,191,356
30,DEL,192,387
30,DEL,193,391
30,DEL,194,401
30,DEL,195,311
30,DEL,196,306
30,DEL,197,296
30,DEL,198,291
30,DEL,199,270
30,DEL,200,266
30,DEL,201,245
30,DEL,202,245
30,DEL,203,217
30,DEL,204,215
30,DEL,205,183
30,DEL,206,186
30,DEL,207,185
30,DEL,208,158
30,DEL,209,185
30,DEL,210,160
30,DEL,211,139
30,DEL,212,136
30,DEL,213,124
30,DEL,214,125
30,DEL,215,112
30,DEL,216,125
30,DEL,217,107
30,DEL,218,121
30,DEL,219,95
30,DEL,220,96
30,DEL,221,103
30,DEL,222,78
30,DEL,223,88
30,DEL,224,68
30,DEL,225,65
30,DEL,226,58
30,DEL,227,53
30,DEL,228,54
30,DEL,229,66
30,DEL,230,57
30,DEL,231,46
30,DEL,232,42
30,DEL,233,55
30,DEL,234,38
30,DEL,235,34
30,DEL,236,41
30,DEL,237,37
30,DEL,238,34
30,DEL,239,32
30,DEL,240,28
30,DEL,241,31
30,DEL,242,32
30,DEL,243,23
30,DEL,244,27
30,DEL,245,35
30,DEL,246,27
30,DEL,247,20
30,DEL,248,23
30,DEL,249,17
30,DEL,250,23
30,DEL,251,11
30,DEL,252,19
30,DEL,253,13
30,DEL,254,19
30,DEL,255,16
30,DEL,257,39
30,DEL,259,27
30,DEL,261,24
30,DEL,263,28
30,DEL,265,27
30,DEL,267,19
30,DEL,269,29
30,DEL,271,18
30,DEL,273,27
30,DEL,275,10
30,DEL,277,11
30,DEL,279,15
30,DEL,281,13
30,DEL,283,19
30,DEL,285,14
30,DEL,287,15
30,DEL,289,11
30,DEL,291,7
30,DEL,293,8
30,DEL,295,11
30,DEL,297,10
30,DEL,299,7
30,DEL,301,12
30,DEL,303,12
30,DEL,305,10
30,DEL,307,10
30,DEL,309,12
30,DEL,311,2
30,DEL,313,9
30,DEL,315,6
30,DEL,317,8
30,DEL,319,7
30,DEL,321,7
30,DEL,323,5
30,DEL,325,8
30,DEL,327,5
30,DEL,329,8
30,DEL,331,4
30,DEL,333,2
30,DEL,335,5
30,DEL,337,5
30,DEL,339,6
30,DEL,341,4
30,DEL,343,5
30,DEL,345,4
30,DEL,347,6
30,DEL,349,5
30,DEL,351,4
30,DEL,353,6
30,DEL,355,7
30,DEL,357,2
30,DEL,359,4
30,DEL,361,2
30,DEL,363,5
30,DEL,365,2
30,DEL,367,2
30,DEL,369,3
30,DEL,371,6
30,DEL,373,1
30,DEL,375,2
30,DEL,377,2
30,DEL,379,5
30,DEL,381,3
30,DEL,383,1
30,DEL,385,1
30,DEL,387,5
30,DEL,389,1
30,DEL,391,2
30,DEL,393,1
30,DEL,395,3
30,DEL,397,2
30,DEL,399,3
30,DEL,401,2
30,DEL,403,2
30,DEL,405,2
30,DEL,407,1
30,DEL,409,6
30,DEL,411,3
30,DEL,415,4
30,DEL,417,1
30,DEL,419,1
30,DEL,421,2
30,DEL,423,2
30,DEL,425,5
30,DEL,427,3
30,DEL,429,2
30,DEL,431,2
30,DEL,433,1
30,DEL,437,2
30,DEL,439,2
30,DEL,441,1
30,DEL,443,2
30,DEL,447,1
30,DEL,453,1
30,DEL,459,1
30,DEL,461,2
30,DEL,463,2
30,DEL,465,1
30,DEL,467,2
30,DEL,471,3
30,DEL,477,1
30,DEL,479,1
30,DEL,491,3
30,DEL,495,1
30,DEL,499,1
30,DEL,501,2
30,DEL,507,1
30,DEL,509,1
30,DEL,511,1
30,DEL,515,1
30,DEL,543,2
30,DEL,551,1
30,DEL,559,1
30,DEL,575,1
30,DEL,579,1
30,DEL,583,1
30,DEL,587,2
30,DEL,591,4
30,DEL,599,3
30,DEL,607,2
30,DEL,611,2
30,DEL,615,2
30,DEL,619,1
30,DEL,623,1
30,DEL,635,2
30,DEL,639,1
30,DEL,643,2
30,DEL,647,2
30,DEL,651,1
30,DEL,655,1
30,DEL,659,1
30,DEL,675,2
30,DEL,683,1
30,DEL,687,1
30,DEL,695,1
30,DEL,699,2
30,DEL,715,1
30,DEL,731,1
30,DEL,739,1
30,DEL,747,1
30,DEL,775,1
30,DEL,791,2
30,DEL,823,1
30,DEL,835,1
30,DEL,851,1
30,DEL,907,1
30,DEL,955,1
30,DEL,983,1
30,DEL,991,1
30,DEL,1011,2
30,DEL,1023,1
30,DEL,1031,1
30,DEL,1063,1
30,DEL,1071,1
30,DEL,1079,1
30,DEL,1127,1
30,DEL,1135,1
30,DEL,1175,1
30,DEL,1183,2
30,DEL,1199,1
30,DEL,1207,1
30,DEL,1247,1
30,DEL,1327,1
30,DEL,1375,1
30,DEL,1423,1
30,DEL,1439,1
30,DEL,1463,1
30,DEL,1471,1
30,DEL,1527,1
30,DEL,1575,1
30,DEL,1583,1
30,DEL,1631,1
30,DEL,1655,1
30,DEL,1759,1
30,DEL,1943,1
30,DEL,2095,1
30,DEL,2111,1
30,DEL,2479,1
30,DEL,2591,1
30,DEL,2607,1
30,DEL,2623,1
30,DEL,3151,1
30,DEL,3407,1
30,DEL,3503,1
30,DEL,4095,1
30,GET,73,3
30,GET,74,3
30,GET,75,6
30,GET,76,15
30,GET,77,20
30,GET,78,40
30,GET,79,56
30,GET,80,97
30,GET,81,172
30,GET,82,235
30,GET,83,302
30,GET,84,318
30,GET,85,447
30,GET,86,576
30,GET,87,668
30,GET,88,743
30,GET,89,889
30,GET,90,1019
30,GET,91,1191
30,GET,92,1345
30,GET,93,1500
30,GET,94,1634
30,GET,95,1808
30,GET,96,2023
30,GET,97,2264
30,GET,98,2403
30,GET,99,2784
30,GET,100,2887
30,GET,101,3012
30,GET,102,3266
30,GET,103,3611
30,GET,104,3675
30,GET,105,3920
30,GET,106,4055
30,GET,107,4118
30,GET,108,4402
30,GET,109,4711
30,GET,110,4780
30,GET,111,4884
30,GET,112,4912
30,GET,113,5205
30,GET,114,5355
30,GET,115,5453
30,GET,116,5616
30,GET,117,5779
30,GET,118,5874
30,GET,119,5906
30,GET,120,6021
30,GET,121,6205
30,GET,122,6114
30,GET,123,6288
30,GET,124,6458
30,GET,125,6461
30,GET,126,6402
30,GET,127,6465
30,GET,128,6382
30,GET,129,6587
30,GET,130,6472
30,GET,131,6459
30,GET,132,6468
30,GET,133,6468
30,GET,134,6409
30,GET,135,6359
30,GET,136,6308
30,GET,137,6311
30,GET,138,6243
30,GET,139,6231
30,GET,140,6131
30,GET,141,6162
30,GET,142,5897
30,GET,143,5839
30,GET,144,5909
30,GET,145,5632
30,GET,146,5443
30,GET,147,5405
30,GET,148,5295
30,GET,149,5358
30,GET,150,5093
30,GET,151,4957
30,GET,152,4911
30,GET,153,4801
30,GET,154,4516
30,GET,155,4453
30,GET,156,4404
30,GET,157,4324
30,GET,158,4095
30,GET,159,4024
30,GET,160,3763
30,GET,161,3735
30,GET,162,3732
30,GET,163,3491
30,GET,164,3356
30,GET,165,3256
30,GET,166,3176
30,GET,167,3122
30,GET,168,2809
30,GET,169,2742
30,GET,170,2724
30,GET,171,2544
30,GET,172,2430
30,GET,173,2353
30,GET,174,2234
30,GET,175,2196
30,GET,176,2165
30,GET,177,2024
30,GET,178,1918
30,GET,179,1789
30,GET,180,1804
30,GET,181,1661
30,GET,182,1623
30,GET,183,1576
30,GET,184,1488
30,GET,185,1412
30,GET,186,1381
30,GET,187,1219
30,GET,188,1213
30,GET,189,1129
30,GET,190,1120
30,GET,191,1063
30,GET,192,1041
30,GET,193,946
30,GET,194,930
30,GET,195,919
30,GET,196,786
30,GET,197,788
30,GET,198,750
30,GET,199,735
30,GET,200,688
30,GET,201,659
30,GET,202,594
30,GET,203,543
30,GET,204,554
30,GET,205,533
30,GET,206,501
30,GET,207,465
30,GET,208,429
30,GET,209,405
30,GET,210,392
30,GET,211,391
30,GET,212,360
30,GET,213,351
30,GET,214,317
30,GET,215,311
30,GET,216,287
30,GET,217,303
30,GET,218,253
30,GET,219,248
30,GET,220,218
30,GET,221,207
30,GET,222,195
30,GET,223,193
30,GET,224,180
30,GET,225,188
30,GET,226,165
30,GET,227,153
30,GET,228,185
30,GET,229,152
30,GET,230,153
30,GET,231,107
30,GET,232,126
30,GET,233,132
30,GET,234,125
30,GET,235,116
30,GET,236,120
30,GET,237,86
30,GET,238,100
30,GET,239,101
30,GET,240,101
30,GET,241,87
30,GET,242,94
30,GET,243,76
30,GET,244,84
30,GET,245,77
30,GET,246,68
30,GET,247,56
30,GET,248,58
30,GET,249,53
30,GET,250,62
30,GET,251,55
30,GET,252,57
30,GET,253,47
30,GET,254,44
30,GET,255,43
30,GET,257,85
30,GET,259,78
30,GET,261,68
30,GET,263,66
30,GET,265,66
30,GET,267,73
30,GET,269,64
30,GET,271,48
30,GET,273,51
30,GET,275,49
30,GET,277,41
30,GET,279,36
30,GET,281,44
30,GET,283,28
30,GET,285,48
30,GET,287,28
30,GET,289,28
30,GET,291,34
30,GET,293,44
30,GET,295,31
30,GET,297,30
30,GET,299,32
30,GET,301,27
30,GET,303,29
30,GET,305,24
30,GET,307,19
30,GET,309,20
30,GET,311,27
30,GET,313,19
30,GET,315,23
30,GET,317,10
30,GET,319,16
30,GET,321,18
30,GET,323,25
30,GET,325,15
30,GET,327,18
30,GET,329,13
30,GET,331,16
30,GET,333,18
30,GET,335,23
30,GET,337,23
30,GET,339,14
30,GET,341,15
30,GET,343,14
30,GET,345,14
30,GET,347,18
30,GET,349,6
30,GET,351,16
30,GET,353,21
30,GET,355,6
30,GET,357,12
30,GET,359,11
30,GET,361,9
30,GET,363,3
30,GET,365,14
30,GET,367,11
30,GET,369,13
30,GET,371,12
30,GET,373,12
30,GET,375,8
30,GET,377,13
30,GET,379,9
30,GET,381,7
30,GET,383,7
30,GET,385,8
30,GET,387,6
30,GET,389,13
30,GET,391,8
30,GET,393,6
30,GET,395,7
30,GET,397,2
30,GET,399,6
30,GET,401,7
30,GET,403,5
30,GET,405,8
30,GET,407,5
30,GET,409,5
30,GET,411,5
30,GET,413,4
30,GET,415,4
30,GET,417,2
30,GET,421,3
30,GET,423,5
30,GET,425,4
30,GET,427,3
30,GET,429,4
30,GET,431,2
30,GET,433,4
30,GET,435,6
30,GET,439,3
30,GET,441,5
30,GET,443,2
30,GET,445,3
30,GET,447,4
30,GET,449,6
30,GET,451,4
30,GET,453,2
30,GET,455,1
30,GET,457,7
30,GET,459,2
30,GET,461,4
30,GET,463,3
30,GET,465,3
30,GET,467,2
30,GET,469,5
30,GET,471,1
30,GET,473,3
30,GET,477,2
30,GET,479,2
30,GET,481,2
30,GET,483,1
30,GET,485,3
30,GET,491,3
30,GET,493,2
30,GET,497,1
30,GET,499,3
30,GET,501,2
30,GET,503,2
30,GET,505,3
30,GET,507,2
30,GET,509,2
30,GET,511,2
30,GET,515,1
30,GET,519,2
30,GET,523,4
30,GET,527,3
30,GET,531,2
30,GET,535,6
30,GET,539,6
30,GET,543,4
30,GET,547,1
30,GET,551,3
30,GET,555,2
30,GET,559,2
30,GET,563,1
30,GET,567,2
30,GET,571,2
30,GET,575,4
30,GET,579,3
30,GET,583,3
30,GET,587,1
30,GET,591,2
30,GET,595,3
30,GET,607,3
30,GET,611,6
30,GET,615,3
30,GET,619,1
30,GET,623,5
30,GET,627,2
30,GET,631,3
30,GET,635,1
30,GET,639,1
30,GET,643,2
30,GET,647,1
30,GET,651,2
30,GET,667,1
30,GET,671,6
30,GET,675,4
30,GET,679,1
30,GET,683,1
30,GET,687,3
30,GET,691,1
30,GET,695,2
30,GET,699,1
30,GET,703,5
30,GET,707,2
30,GET,711,2
30,GET,715,2
30,GET,719,2
30,GET,723,1
30,GET,727,1
30,GET,731,4
30,GET,735,1
30,GET,739,2
30,GET,743,1
30,GET,751,1
30,GET,755,1
30,GET,759,1
30,GET,763,2
30,GET,767,1
30,GET,771,3
30,GET,779,1
30,GET,783,1
30,GET,787,1
30,GET,807,2
30,GET,811,1
30,GET,823,4
30,GET,831,2
30,GET,835,1
30,GET,855,2
30,GET,863,2
30,GET,875,1
30,GET,907,1
30,GET,923,1
30,GET,963,1
30,GET,991,2
30,GET,995,1
30,GET,1039,1
30,GET,1047,1
30,GET,1055,1
30,GET,1063,1
30,GET,1071,1
30,GET,1103,1
30,GET,1119,1
30,GET,1127,1
30,GET,1143,1
30,GET,1215,1
30,GET,1255,2
30,GET,1287,1
30,GET,1303,1
30,GET,1319,1
30,GET,1351,1
30,GET,1359,3
30,GET,1383,1
30,GET,1391,1
30,GET,1399,1
30,GET,1439,1
30,GET,1447,2
30,GET,1463,1
30,GET,1471,1
30,GET,1479,1
30,GET,1495,1
30,GET,1519,1
30,GET,1527,2
30,GET,1543,3
30,GET,1583,1
30,GET,1591,1
30,GET,1599,1
30,GET,1607,1
30,GET,1639,1
30,GET,1647,1
30,GET,1655,1
30,GET,1679,1
30,GET,1687,1
30,GET,1695,1
30,GET,1703,2
30,GET,1711,1
30,GET,1727,3
30,GET,1743,1
30,GET,1775,2
30,GET,1799,2
30,GET,1807,1
30,GET,1815,1
30,GET,1855,2
30,GET,1871,1
30,GET,1895,1
30,GET,1959,1
30,GET,1967,1
30,GET,2023,1
30,GET,2079,1
30,GET,2095,1
30,GET,2143,1
30,GET,2159,1
30,GET,2175,1
30,GET,2255,1
30,GET,2287,1
30,GET,2319,1
30,GET,2415,1
30,GET,2431,1
30,GET,2447,1
30,GET,2687,1
30,GET,3439,1
30,GET,3519,1
30,GET,3983,1
30,GET,4575,1
30,GET,4831,1
30,GET,5727,1
30,GET,6079,1
30,GET,6303,1
30,GET,7583,1
31,SET,77,1
31,SET,79,1
31,SET,80,2
31,SET,81,2
31,SET,82,5
31,SET,83,2
31,SET,84,7
31,SET,85,2
31,SET,86,10
31,SET,87,15
31,SET,88,14
31,SET,89,23
31,SET,90,45
31,SET,91,23
31,SET,92,44
31,SET,93,61
31,SET,94,54
31,SET,95,52
31,SET,96,53
31,SET,97,92
31,SET,98,94
31,SET,99,98
31,SET,100,119
31,SET,101,128
31,SET,102,129
31,SET,103,144
31,SET,104,167
31,SET,105,203
31,SET,106,194
31,SET,107,186
31,SET,108,227
31,SET,109,254
31,SET,110,237
31,SET,111,254
31,SET,112,224
31,SET,113,260
31,SET,114,304
31,SET,115,281
31,SET,116,309
31,SET,117,366
31,SET,118,321
31,SET,119,343
31,SET,120,366
31,SET,121,371
31,SET,122,383
31,SET,123,427
31,SET,124,416
31,SET,125,377
31,SET,126,388
31,SET,127,391
31,SET,128,410
31,SET,129,428
31,SET,130,454
31,SET,131,395
31,SET,132,464
31,SET,133,456
31,SET,134,439
31,SET,135,429
31,SET,136,431
31,SET,137,474
31,SET,138,439
31,SET,139,402
31,SET,140,454
31,SET,141,440
31,SET,142,427
31,SET,143,423
31,SET,144,457
31,SET,145,434
31,SET,146,460
31,SET,147,412
31,SET,148,427
31,SET,149,452
31,SET,150,408
31,SET,151,423
31,SET,152,377
31,SET,153,380
31,SET,154,382
31,SET,155,372
31,SET,156,350
31,SET,157,386
31,SET,158,360
31,SET,159,275
31,SET,160,334
31,SET,161,314
31,SET,162,322
31,SET,163,340
31,SET,164,316
31,SET,165,288
31,SET,166,326
31,SET,167,279
31,SET,168,286
31,SET,169,276
31,SET,170,256
31,SET,171,222
31,SET,172,249
31,SET,173,222
31,SET,174,207
31,SET,175,224
31,SET,176,195
31,SET,177,191
31,SET,178,208
31,SET,179,155
31,SET,180,172
31,SET,181,158
31,SET,182,185
31,SET,183,158
31,SET,184,148
31,SET,185,169
31,SET,186,135
31,SET,187,125
31,SET,188,128
31,SET,189,130
31,SET,190,127
31,SET,191,103
31,SET,192,101
31,SET,193,113
31,SET,194,121
31,SET,195,93
31,SET,196,79
31,SET,197,87
31,SET,198,82
31,SET,199,94
31,SET,200,72
31,SET,201,89
31,SET,202,64
31,SET,203,68
31,SET,204,60
31,SET,205,69
31,SET,206,53
31,SET,207,65
31,SET,208,65
31,SET,209,42
31,SET,210,49
31,SET,211,35
31,SET,212,38
31,SET,213,32
31,SET,214,40
31,SET,215,36
31,SET,216,35
31,SET,217,22
31,SET,218,30
31,SET,219,30
31,SET,220,21
31,SET,221,28
31,SET,222,26
31,SET,223,21
31,SET,224,22
31,SET,225,20
31,SET,226,24
31,SET,227,19
31,SET,228,26
31,SET,229,15
31,SET,230,19
31,SET,231,16
31,SET,232,13
31,SET,233,12
31,SET,234,12
31,SET,235,14
31,SET,236,13
31,SET,237,13
31,SET,238,10
31,SET,239,13
31,SET,240,13
31,SET,241,14
31,SET,242,9
31,SET,243,14
31,SET,244,8
31,SET,245,11
31,SET,246,7
31,SET,247,9
31,SET,248,6
31,SET,249,7
31,SET,250,12
31,SET,251,4
31,SET,252,7
31,SET,253,1
31,SET,254,8
31,SET,255,6
31,SET,257,8
31,SET,259,13
31,SET,261,12
31,SET,263,12
31,SET,265,8
31,SET,267,13
31,SET,269,9
31,SET,271,9
31,SET,273,10
31,SET,275,4
31,SET,277,2
31,SET,281,3
31,SET,283,8
31,SET,287,4
31,SET,289,3
31,SET,291,2
31,SET,293,1
31,SET,295,3
31,SET,297,6
31,SET,299,3
31,SET,301,3
31,SET,303,2
31,SET,305,2
31,SET,307,6
31,SET,309,3
31,SET,311,3
31,SET,313,4
31,SET,315,3
31,SET,319,1
31,SET,321,2
31,SET,323,1
31,SET,327,1
31,SET,329,1
31,SET,331,1
31,SET,333,2
31,SET,335,3
31,SET,337,1
31,SET,339,2
31,SET,341,1
31,SET,343,2
31,SET,347,1
31,SET,351,1
31,SET,353,2
31,SET,355,1
31,SET,357,1
31,SET,359,1
31,SET,361,1
31,SET,363,1
31,SET,367,2
31,SET,369,1
31,SET,371,2
31,SET,375,1
31,SET,379,1
31,SET,381,1
31,SET,387,1
31,SET,395,1
31,SET,419,1
31,SET,421,1
31,SET,443,1
31,SET,449,1
31,SET,451,1
31,SET,469,1
31,SET,479,1
31,SET,481,1
31,SET,483,1
31,SET,497,1
31,SET,503,1
31,SET,555,1
31,SET,563,1
31,SET,571,1
31,SET,603,1
31,SET,695,1
31,SET,711,1
31,SET,727,1
31,SET,795,1
31,SET,875,1
31,SET,927,1
31,SET,967,1
31,SET,1087,1
31,SET,1111,1
31,SET,1295,1
31,SET,1479,1
31,SET,1607,1
31,SET,1815,1
31,SET,2015,1
31,SET,2095,1
31,SET,2623,1
31,SET,3359,1
31,SET,6527,1
31,DEL,77,7
31,DEL,78,7
31,DEL,79,13
31,DEL,80,14
31,DEL,81,25
31,DEL,82,44
31,DEL,83,68
31,DEL,84,74
31,DEL,85,90
31,DEL,86,142
31,DEL,87,163
31,DEL,88,211
31,DEL,89,202
31,DEL,90,268
31,DEL,91,314
31,DEL,92,367
31,DEL,93,367
31,DEL,94,425
31,DEL,95,545
31,DEL,96,560
31,DEL,97,656
31,DEL,98,690
31,DEL,99,766
31,DEL,100,827
31,DEL,101,870
31,DEL,102,984
31,DEL,103,1076
31,DEL,104,1072
31,DEL,105,1110
31,DEL,106,1237
31,DEL,107,1300
31,DEL,108,1278
31,DEL,109,1430
31,DEL,110,1404
31,DEL,111,1488
31,DEL,112,1550
31,DEL,113,1697
31,DEL,114,1703
31,DEL,115,1755
31,DEL,116,1835
31,DEL,117,1896
31,DEL,118,1918
31,DEL,119,2050
31,DEL,120,2019
31,DEL,121,2066
31,DEL,122,2126
31,DEL,123,2191
31,DEL,124,2155
31,DEL,125,2134
31,DEL,126,2242
31,DEL,127,2259
31,DEL,128,2220
31,DEL,129,2226
31,DEL,130,2238
31,DEL,131,2208
31,DEL,132,2221
31,DEL,133,2196
31,DEL,134,2314
31,DEL,135,2210
31,DEL,136,2239
31,DEL,137,2222
31,DEL,138,2260
31,DEL,139,2286
31,DEL,140,2265
31,DEL,141,2221
31,DEL,142,2167
31,DEL,143,2124
31,DEL,144,2145
31,DEL,145,2184
31,DEL,146,2041
31,DEL,147,2067
31,DEL,148,2030
31,DEL,149,1914
31,DEL,150,2023
31,DEL,151,1862
31,DEL,152,1879
31,DEL,153,1779
31,DEL,154,1697
31,DEL,155,1726
31,DEL,156,1668
31,DEL,157,1613
31,DEL,158,1532
31,DEL,159,1617
31,DEL,160,1496
31,DEL,161,1448
31,DEL,162,1425
31,DEL,163,1392
31,DEL,164,1397
31,DEL,165,1290
31,DEL,166,1290
31,DEL,167,1193
31,DEL,168,1173
31,DEL,169,1173
31,DEL,170,1051
31,DEL,171,1020
31,DEL,172,1024
31,DEL,173,972
31,DEL,174,931
31,DEL,175,892
31,DEL,176,886
31,DEL,177,859
31,DEL,178,782
31,DEL,179,790
31,DEL,180,694
31,DEL,181,740
31,DEL,182,698
31,DEL,183,701
31,DEL,184,627
31,DEL,185,603
31,DEL,186,589
31,DEL,187,582
31,DEL,188,524
31,DEL,189,521
31,DEL,190,473
31,DEL,191,446
31,DEL,192,448
31,DEL,193,454
31,DEL,194,405
31,DEL,195,344
31,DEL,196,357
31,DEL,197,344
31,DEL,198,308
31,DEL,199,309
31,DEL,200,288
31,DEL,201,294
31,DEL,202,273
31,DEL,203,271
31,DEL,204,267
31,DEL,205,225
31,DEL,206,231
31,DEL,207,193
31,DEL,208,228
31,DEL,209,228
31,DEL,210,200
31,DEL,211,158
31,DEL,212,181
31,DEL,213,156
31,DEL,214,140
31,DEL,215,137
31,DEL,216,131
31,DEL,217,119
31,DEL,218,116
31,DEL,219,130
31,DEL,220,111
31,DEL,221,98
31,DEL,222,85
31,DEL,223,92
31,DEL,224,94
31,DEL,225,77
31,DEL,226,85
31,DEL,227,80
31,DEL,228,88
31,DEL,229,67
31,DEL,230,68
31,DEL,231,54
31,DEL,232,53
31,DEL,233,62
31,DEL,234,47
31,DEL,235,47
31,DEL,236,37
31,DEL,237,35
31,DEL,238,59
31,DEL,239,37
31,DEL,240,43
31,DEL,241,38
31,DEL,242,34
31,DEL,243,36
31,DEL,244,26
31,DEL,245,23
31,DEL,246,32
31,DEL,247,30
31,DEL,248,35
31,DEL,249,27
31,DEL,250,16
31,DEL,251,18
31,DEL,252,28
31,DEL,253,23
31,DEL,254,14
31,DEL,255,21
31,DEL,257,38
31,DEL,259,38
31,DEL,261,35
31,DEL,263,34
31,DEL,265,28
31,DEL,267,28
31,DEL,269,27
31,DEL,271,20
31,DEL,273,11
31,DEL,275,24
31,DEL,277,15
31,DEL,279,16
31,DEL,281,14
31,DEL,283,12
31,DEL,285,17
31,DEL,287,15
31,DEL,289,13
31,DEL,291,13
31,DEL,293,9
31,DEL,295,15
31,DEL,297,9
31,DEL,299,9
31,DEL,301,9
31,DEL,303,3
31,DEL,305,7
31,DEL,307,11
31,DEL,309,8
31,DEL,311,12
31,DEL,313,7
31,DEL,315,2
31,DEL,317,8
31,DEL,319,12
31,DEL,321,5
31,DEL,323,8
31,DEL,325,9
31,DEL,327,5
31,DEL,329,2
31,DEL,331,7
31,DEL,333,4
31,DEL,335,4
31,DEL,337,5
31,DEL,339,5
31,DEL,341,2
31,DEL,343,5
31,DEL,345,1
31,DEL,347,2
31,DEL,349,5
31,DEL,351,4
31,DEL,353,5
31,DEL,355,7
31,DEL,357,3
31,DEL,359,2
31,DEL,361,4
31,DEL,363,2
31,DEL,367,2
31,DEL,369,5
31,DEL,373,1
31,DEL,375,4
31,DEL,377,2
31,DEL,379,6
31,DEL,381,3
31,DEL,383,6
31,DEL,385,2
31,DEL,387,1
31,DEL,391,4
31,DEL,393,2
31,DEL,395,1
31,DEL,397,1
31,DEL,399,2
31,DEL,401,1
31,DEL,405,2
31,DEL,409,3
31,DEL,411,3
31,DEL,413,2
31,DEL,419,2
31,DEL,421,1
31,DEL,427,1
31,DEL,429,2
31,DEL,433,2
31,DEL,435,2
31,DEL,437,1
31,DEL,439,2
31,DEL,445,1
31,DEL,447,1
31,DEL,449,3
31,DEL,457,1
31,DEL,465,1
31,DEL,467,1
31,DEL,471,1
31,DEL,473,1
31,DEL,477,1
31,DEL,479,1
31,DEL,485,2
31,DEL,487,1
31,DEL,491,2
31,DEL,499,1
31,DEL,503,1
31,DEL,507,2
31,DEL,527,1
31,DEL,535,1
31,DEL,539,2
31,DEL,555,2
31,DEL,559,1
31,DEL,567,2
31,DEL,571,1
31,DEL,575,2
31,DEL,587,1
31,DEL,595,2
31,DEL,599,1
31,DEL,607,1
31,DEL,611,2
31,DEL,615,1
31,DEL,619,2
31,DEL,631,1
31,DEL,643,1
31,DEL,647,1
31,DEL,651,3
31,DEL,655,2
31,DEL,663,1
31,DEL,675,1
31,DEL,683,1
31,DEL,691,2
31,DEL,695,1
31,DEL,703,1
31,DEL,707,1
31,DEL,739,3
31,DEL,779,1
31,DEL,783,1
31,DEL,787,2
31,DEL,799,1
31,DEL,823,1
31,DEL,831,1
31,DEL,887,1
31,DEL,903,1
31,DEL,1023,1
31,DEL,1127,1
31,DEL,1135,2
31,DEL,1183,2
31,DEL,1279,1
31,DEL,1287,1
31,DEL,1303,2
31,DEL,1519,1
31,DEL,1527,1
31,DEL,1551,1
31,DEL,1575,1
31,DEL,1599,1
31,DEL,1623,1
31,DEL,1679,1
31,DEL,1735,1
31,DEL,1759,1
31,DEL,1791,2
31,DEL,1807,1
31,DEL,1823,2
31,DEL,2039,1
31,DEL,2095,1
31,DEL,2319,1
31,DEL,2447,1
31,DEL,2687,1
31,DEL,2751,1
31,DEL,3199,1
31,DEL,3279,1
31,DEL,3503,1
31,DEL,3999,1
31,GET,73,1
31,GET,75,5
31,GET,76,12
31,GET,77,17
31,GET,78,20
31,GET,79,52
31,GET,80,81
31,GET,81,106
31,GET,82,158
31,GET,83,190
31,GET,84,241
31,GET,85,303
31,GET,86,399
31,GET,87,512
31,GET,88,613
31,GET,89,682
31,GET,90,797
31,GET,91,929
31,GET,92,1085
31,GET,93,1180
31,GET,94,1453
31,GET,95,1451
31,GET,96,1657
31,GET,97,1827
31,GET,98,2010
31,GET,99,2324
31,GET,100,2362
31,GET,101,2635
31,GET,102,2849
31,GET,103,3091
31,GET,104,3297
31,GET,105,3509
31,GET,106,3586
31,GET,107,3706
31,GET,108,3912
31,GET,109,4199
31,GET,110,4214
31,GET,111,4502
31,GET,112,4551
31,GET,113,4797
31,GET,114,4943
31,GET,115,5140
31,GET,116,5133
31,GET,117,5423
31,GET,118,5422
31,GET,119,5780
31,GET,120,5768
31,GET,121,5868
31,GET,122,6044
31,GET,123,6111
31,GET,124,6122
31,GET,125,6221
31,GET,126,6101
31,GET,127,6327
31,GET,128,6357
31,GET,129,6409
31,GET,130,6333
31,GET,131,6404
31,GET,132,6423
31,GET,133,6496
31,GET,134,6337
31,GET,135,6338
31,GET,136,6275
31,GET,137,6478
31,GET,138,6324
31,GET,139,6214
31,GET,140,6211
31,GET,141,6070
31,GET,142,6169
31,GET,143,5913
31,GET,144,5872
31,GET,145,5889
31,GET,146,5724
31,GET,147,5464
31,GET,148,5598
31,GET,149,5497
31,GET,150,5306
31,GET,151,5189
31,GET,152,5065
31,GET,153,4818
31,GET,154,4954
31,GET,155,4625
31,GET,156,4598
31,GET,157,4505
31,GET,158,4281
31,GET,159,4241
31,GET,160,4136
31,GET,161,4043
31,GET,162,4015
31,GET,163,3901
31,GET,164,3788
31,GET,165,3511
31,GET,166,3450
31,GET,167,3296
31,GET,168,3168
31,GET,169,3019
31,GET,170,2890
31,GET,171,2838
31,GET,172,2856
31,GET,173,2637
31,GET,174,2451
31,GET,175,2327
31,GET,176,2339
31,GET,177,2324
31,GET,178,2197
31,GET,179,2019
31,GET,180,2008
31,GET,181,1912
31,GET,182,1889
31,GET,183,1767
31,GET,184,1726
31,GET,185,1629
31,GET,186,1516
31,GET,187,1455
31,GET,188,1360
31,GET,189,1389
31,GET,190,1325
31,GET,191,1221
31,GET,192,1133
31,GET,193,1108
31,GET,194,1107
31,GET,195,990
31,GET,196,919
31,GET,197,929
31,GET,198,886
31,GET,199,808
31,GET,200,790
31,GET,201,704
31,GET,202,698
31,GET,203,676
31,GET,204,666
31,GET,205,597
31,GET,206,557
31,GET,207,557
31,GET,208,512
31,GET,209,513
31,GET,210,483
31,GET,211,449
31,GET,212,454
31,GET,213,394
31,GET,214,394
31,GET,215,381
31,GET,216,346
31,GET,217,327
31,GET,218,321
31,GET,219,324
31,GET,220,265
31,GET,221,261
31,GET,222,263
31,GET,223,230
31,GET,224,252
31,GET,225,209
31,GET,226,200
31,GET,227,197
31,GET,228,197
31,GET,229,178
31,GET,230,158
31,GET,231,167
31,GET,232,173
31,GET,233,142
31,GET,234,134
31,GET,235,149
31,GET,236,153
31,GET,237,106
31,GET,238,125
31,GET,239,128
31,GET,240,97
31,GET,241,83
31,GET,242,103
31,GET,243,94
31,GET,244,82
31,GET,245,74
31,GET,246,73
31,GET,247,78
31,GET,248,57
31,GET,249,66
31,GET,250,54
31,GET,251,61
31,GET,252,61
31,GET,253,46
31,GET,254,51
31,GET,255,47
31,GET,257,101
31,GET,259,86
31,GET,261,90
31,GET,263,72
31,GET,265,52
31,GET,267,53
31,GET,269,66
31,GET,271,51
31,GET,273,50
31,GET,275,54
31,GET,277,56
31,GET,279,53
31,GET,281,47
31,GET,283,36
31,GET,285,32
31,GET,287,27
31,GET,289,38
31,GET,291,35
31,GET,293,26
31,GET,295,21
31,GET,297,23
31,GET,299,29
31,GET,301,28
31,GET,303,21
31,GET,305,16
31,GET,307,18
31,GET,309,24
31,GET,311,21
31,GET,313,13
31,GET,315,24
31,GET,317,29
31,GET,319,19
31,GET,321,18
31,GET,323,10
31,GET,325,13
31,GET,327,22
31,GET,329,18
31,GET,331,9
31,GET,333,20
31,GET,335,18
31,GET,337,19
31,GET,339,12
31,GET,341,20
31,GET,343,11
31,GET,345,13
31,GET,347,12
31,GET,349,11
31,GET,351,13
31,GET,353,10
31,GET,355,14
31,GET,357,8
31,GET,359,14
31,GET,361,8
31,GET,363,10
31,GET,365,8
31,GET,367,13
31,GET,369,8
31,GET,371,7
31,GET,373,12
31,GET,375,7
31,GET,377,5
31,GET,379,5
31,GET,381,5
31,GET,383,7
31,GET,385,7
31,GET,387,4
31,GET,389,4
31,GET,391,2
31,GET,393,4
31,GET,395,6
31,GET,397,5
31,GET,399,3
31,GET,401,7
31,GET,403,7
31,GET,405,6
31,GET,407,6
31,GET,409,4
31,GET,411,5
31,GET,413,10
31,GET,415,4
31,GET,417,5
31,GET,419,4
31,GET,421,11
31,GET,423,5
31,GET,425,2
31,GET,427,2
31,GET,429,3
31,GET,431,1
31,GET,433,3
31,GET,435,1
31,GET,437,3
31,GET,439,4
31,GET,441,2
31,GET,443,2
31,GET,445,7
31,GET,447,2
31,GET,449,3
31,GET,451,3
31,GET,455,3
31,GET,457,2
31,GET,461,6
31,GET,463,3
31,GET,467,4
31,GET,469,3
31,GET,471,3
31,GET,473,1
31,GET,475,1
31,GET,477,2
31,GET,479,1
31,GET,483,2
31,GET,485,3
31,GET,487,2
31,GET,489,3
31,GET,493,1
31,GET,495,3
31,GET,499,2
31,GET,501,1
31,GET,505,2
31,GET,507,2
31,GET,509,2
31,GET,511,3
31,GET,515,5
31,GET,519,2
31,GET,523,2
31,GET,527,4
31,GET,531,2
31,GET,535,1
31,GET,539,6
31,GET,543,5
31,GET,547,1
31,GET,551,2
31,GET,555,4
31,GET,559,4
31,GET,563,5
31,GET,567,3
31,GET,571,2
31,GET,575,3
31,GET,579,3
31,GET,583,3
31,GET,587,1
31,GET,591,4
31,GET,595,2
31,GET,599,3
31,GET,607,2
31,GET,611,2
31,GET,615,1
31,GET,619,3
31,GET,623,2
31,GET,627,2
31,GET,631,4
31,GET,635,5
31,GET,639,1
31,GET,651,2
31,GET,655,1
31,GET,659,2
31,GET,663,2
31,GET,667,1
31,GET,671,2
31,GET,675,1
31,GET,679,3
31,GET,683,4
31,GET,687,5
31,GET,691,1
31,GET,699,1
31,GET,707,2
31,GET,711,1
31,GET,715,2
31,GET,719,1
31,GET,723,1
31,GET,727,3
31,GET,731,1
31,GET,735,1
31,GET,739,1
31,GET,743,4
31,GET,747,1
31,GET,751,1
31,GET,759,2
31,GET,767,2
31,GET,771,4
31,GET,775,1
31,GET,783,1
31,GET,787,1
31,GET,791,1
31,GET,799,2
31,GET,807,1
31,GET,811,1
31,GET,815,1
31,GET,839,1
31,GET,851,1
31,GET,871,1
31,GET,911,1
31,GET,963,1
31,GET,975,1
31,GET,979,1
31,GET,987,1
31,GET,1039,1
31,GET,1055,1
31,GET,1071,2
31,GET,1079,1
31,GET,1103,1
31,GET,1111,1
31,GET,1127,1
31,GET,1143,2
31,GET,1167,1
31,GET,1175,2
31,GET,1191,1
31,GET,1199,1
31,GET,1255,1
31,GET,1263,1
31,GET,1311,2
31,GET,1319,1
31,GET,1327,1
31,GET,1343,1
31,GET,1351,3
31,GET,1359,3
31,GET,1375,1
31,GET,1399,1
31,GET,1407,1
31,GET,1423,1
31,GET,1431,1
31,GET,1439,1
31,GET,1487,1
31,GET,1527,2
31,GET,1543,1
31,GET,1575,1
31,GET,1583,1
31,GET,1623,1
31,GET,1639,1
31,GET,1671,1
31,GET,1695,1
31,GET,1711,1
31,GET,1783,1
31,GET,1807,1
31,GET,1823,2
31,GET,1839,1
31,GET,1847,1
31,GET,1855,2
31,GET,1871,2
31,GET,1879,1
31,GET,1887,3
31,GET,1911,1
31,GET,1919,1
31,GET,1935,2
31,GET,1999,1
31,GET,2039,1
31,GET,2047,1
31,GET,2079,1
31,GET,2095,1
31,GET,2143,1
31,GET,2159,2
31,GET,2175,1
31,GET,2223,1
31,GET,2495,2
31,GET,2671,1
31,GET,2783,1
31,GET,3455,1
31,GET,3471,1
31,GET,3503,1
31,GET,3567,1
31,GET,3855,1
31,GET,3887,1
31,GET,4447,1
31,GET,7423,1
