# Args: ["/opt/benchmarker/benchmark", "-a", "34.51.190.70,34.51.233.141,34.51.143.68,34.51.239.75", "-c", "etc", "-r", "100000", "-t", "32", "--cluster", "-o", "acdis_four_nodes"]
thread,cmd,latency,count
0,SET,114,1
0,SET,162,1
0,SET,166,1
0,SET,182,1
0,SET,192,1
0,SET,193,1
0,SET,196,2
0,SET,198,1
0,SET,199,1
0,SET,212,1
0,SET,230,1
0,SET,235,1
0,SET,236,1
0,SET,237,1
0,SET,241,1
0,SET,287,1
0,SET,337,1
0,SET,515,1
0,SET,519,1
0,SET,551,1
0,SET,555,1
0,SET,643,2
0,SET,659,1
0,SET,707,1
0,SET,723,1
0,SET,771,1
0,SET,791,1
0,SET,851,1
0,SET,879,1
0,SET,887,1
0,SET,923,1
0,SET,931,1
0,SET,951,1
0,SET,955,1
0,SET,1011,1
0,SET,1063,3
0,SET,1119,1
0,SET,1175,1
0,SET,1183,1
0,SET,1287,2
0,SET,1319,1
0,SET,1343,1
0,SET,1367,1
0,SET,1375,1
0,SET,1383,1
0,SET,1391,1
0,SET,1399,1
0,SET,1415,1
0,SET,1431,2
0,SET,1447,1
0,SET,1463,1
0,SET,1567,2
0,SET,1583,1
0,SET,1591,1
0,SET,1727,2
0,SET,1807,2
0,SET,1815,1
0,SET,1823,1
0,SET,1831,1
0,SET,1879,2
0,SET,1935,1
0,SET,1943,1
0,SET,2007,1
0,SET,2079,1
0,SET,2095,1
0,SET,2175,1
0,SET,2351,1
0,SET,2415,1
0,SET,2431,1
0,SET,2479,1
0,SET,2559,1
0,SET,2575,1
0,SET,2607,1
0,SET,2783,1
0,SET,2799,1
0,SET,2815,3
0,SET,2847,1
0,SET,2879,1
0,SET,2895,1
0,SET,3087,1
0,SET,3215,1
0,SET,3359,1
0,SET,3375,1
0,SET,3519,1
0,SET,3567,1
0,SET,3599,1
0,SET,3647,2
0,SET,3695,1
0,SET,3759,1
0,SET,3775,1
0,SET,3807,2
0,SET,3823,1
0,SET,3839,1
0,SET,3855,1
0,SET,3871,2
0,SET,3919,1
0,SET,3951,1
0,SET,3999,1
0,SET,4031,1
0,SET,4063,1
0,SET,4127,1
0,SET,4159,1
0,SET,4191,1
0,SET,4319,1
0,SET,4351,1
0,SET,4415,1
0,SET,4447,1
0,SET,4575,2
0,SET,4991,1
0,SET,5055,2
0,SET,5119,1
0,SET,5151,2
0,SET,5215,1
0,SET,5311,1
0,SET,5343,2
0,SET,5407,1
0,SET,5439,1
0,SET,5471,1
0,SET,5503,1
0,SET,5535,1
0,SET,5567,2
0,SET,5791,1
0,SET,6047,2
0,SET,6175,1
0,SET,6207,1
0,SET,6431,1
0,SET,6527,2
0,SET,8127,1
0,SET,9343,1
0,GET,96,1
0,GET,97,1
0,GET,106,1
0,GET,124,1
0,GET,127,1
0,GET,129,1
0,GET,130,2
0,GET,132,2
0,GET,134,1
0,GET,144,2
0,GET,149,1
0,GET,151,3
0,GET,152,1
0,GET,153,2
0,GET,154,1
0,GET,155,1
0,GET,157,1
0,GET,158,1
0,GET,160,3
0,GET,161,3
0,GET,162,4
0,GET,163,2
0,GET,164,4
0,GET,165,2
0,GET,166,1
0,GET,167,1
0,GET,168,1
0,GET,169,3
0,GET,170,2
0,GET,171,3
0,GET,172,1
0,GET,173,4
0,GET,174,3
0,GET,175,2
0,GET,176,1
0,GET,177,5
0,GET,178,7
0,GET,179,5
0,GET,180,3
0,GET,181,8
0,GET,182,4
0,GET,183,11
0,GET,184,4
0,GET,185,6
0,GET,186,4
0,GET,187,1
0,GET,188,4
0,GET,189,5
0,GET,190,2
0,GET,191,2
0,GET,192,5
0,GET,193,2
0,GET,194,5
0,GET,195,4
0,GET,196,4
0,GET,197,4
0,GET,198,3
0,GET,199,2
0,GET,200,4
0,GET,201,8
0,GET,202,3
0,GET,203,2
0,GET,204,4
0,GET,205,5
0,GET,206,6
0,GET,207,3
0,GET,209,4
0,GET,210,7
0,GET,211,5
0,GET,212,1
0,GET,213,2
0,GET,214,1
0,GET,215,3
0,GET,216,4
0,GET,217,3
0,GET,218,3
0,GET,220,4
0,GET,221,4
0,GET,222,2
0,GET,223,4
0,GET,224,2
0,GET,225,2
0,GET,226,4
0,GET,227,3
0,GET,229,2
0,GET,230,2
0,GET,231,1
0,GET,232,3
0,GET,233,3
0,GET,234,1
0,GET,235,4
0,GET,236,1
0,GET,237,2
0,GET,239,2
0,GET,240,3
0,GET,242,1
0,GET,244,4
0,GET,245,1
0,GET,246,1
0,GET,248,2
0,GET,250,2
0,GET,251,2
0,GET,253,1
0,GET,254,1
0,GET,255,2
0,GET,257,2
0,GET,259,1
0,GET,263,3
0,GET,265,1
0,GET,267,1
0,GET,269,2
0,GET,271,1
0,GET,273,3
0,GET,275,3
0,GET,277,2
0,GET,279,4
0,GET,281,3
0,GET,283,1
0,GET,285,3
0,GET,287,1
0,GET,289,2
0,GET,297,2
0,GET,299,2
0,GET,301,1
0,GET,303,2
0,GET,307,2
0,GET,311,2
0,GET,319,1
0,GET,321,1
0,GET,323,1
0,GET,325,1
0,GET,331,1
0,GET,335,2
0,GET,337,1
0,GET,341,1
0,GET,343,2
0,GET,345,1
0,GET,347,1
0,GET,349,2
0,GET,353,2
0,GET,355,1
0,GET,359,2
0,GET,363,2
0,GET,365,2
0,GET,373,1
0,GET,375,3
0,GET,377,1
0,GET,383,1
0,GET,389,1
0,GET,391,2
0,GET,397,1
0,GET,401,2
0,GET,405,2
0,GET,413,2
0,GET,415,1
0,GET,417,2
0,GET,421,1
0,GET,423,1
0,GET,425,1
0,GET,429,1
0,GET,435,2
0,GET,437,2
0,GET,439,1
0,GET,445,1
0,GET,447,1
0,GET,449,1
0,GET,451,1
0,GET,459,3
0,GET,461,1
0,GET,465,3
0,GET,467,1
0,GET,471,1
0,GET,483,3
0,GET,485,2
0,GET,489,1
0,GET,497,2
0,GET,499,2
0,GET,503,2
0,GET,505,1
0,GET,509,1
0,GET,515,1
0,GET,519,1
0,GET,523,3
0,GET,527,5
0,GET,531,1
0,GET,535,2
0,GET,543,2
0,GET,551,2
0,GET,559,1
0,GET,563,1
0,GET,567,4
0,GET,571,2
0,GET,575,1
0,GET,579,1
0,GET,583,1
0,GET,587,1
0,GET,591,1
0,GET,595,2
0,GET,599,1
0,GET,607,2
0,GET,615,2
0,GET,619,2
0,GET,623,3
0,GET,631,2
0,GET,635,1
0,GET,639,1
0,GET,647,4
0,GET,651,1
0,GET,655,5
0,GET,659,1
0,GET,667,2
0,GET,671,4
0,GET,679,2
0,GET,683,1
0,GET,687,1
0,GET,691,1
0,GET,695,3
0,GET,699,2
0,GET,703,4
0,GET,711,4
0,GET,715,3
0,GET,723,9
0,GET,735,1
0,GET,739,2
0,GET,743,2
0,GET,747,3
0,GET,751,2
0,GET,755,3
0,GET,759,2
0,GET,763,1
0,GET,767,3
0,GET,771,1
0,GET,775,5
0,GET,783,1
0,GET,787,3
0,GET,791,1
0,GET,795,3
0,GET,799,2
0,GET,803,3
0,GET,807,1
0,GET,811,4
0,GET,815,2
0,GET,819,1
0,GET,827,2
0,GET,831,4
0,GET,839,1
0,GET,843,1
0,GET,847,1
0,GET,851,1
0,GET,859,3
0,GET,867,1
0,GET,875,3
0,GET,879,3
0,GET,883,3
0,GET,887,3
0,GET,907,3
0,GET,915,4
0,GET,919,5
0,GET,923,2
0,GET,927,2
0,GET,931,2
0,GET,935,3
0,GET,939,1
0,GET,943,3
0,GET,947,4
0,GET,951,2
0,GET,955,1
0,GET,959,3
0,GET,967,3
0,GET,971,2
0,GET,983,2
0,GET,987,3
0,GET,991,1
0,GET,995,2
0,GET,999,2
0,GET,1007,3
0,GET,1015,1
0,GET,1019,2
0,GET,1031,4
0,GET,1039,3
0,GET,1047,5
0,GET,1055,3
0,GET,1063,4
0,GET,1071,2
0,GET,1079,1
0,GET,1087,1
0,GET,1095,1
0,GET,1103,3
0,GET,1111,2
0,GET,1119,2
0,GET,1127,1
0,GET,1135,8
0,GET,1143,4
0,GET,1151,3
0,GET,1159,3
0,GET,1167,1
0,GET,1175,3
0,GET,1183,4
0,GET,1191,3
0,GET,1199,3
0,GET,1207,1
0,GET,1231,1
0,GET,1239,4
0,GET,1247,5
0,GET,1255,6
0,GET,1263,3
0,GET,1271,2
0,GET,1279,2
0,GET,1287,4
0,GET,1295,3
0,GET,1303,2
0,GET,1311,2
0,GET,1319,1
0,GET,1327,3
0,GET,1335,1
0,GET,1343,6
0,GET,1351,1
0,GET,1359,4
0,GET,1367,1
0,GET,1375,1
0,GET,1383,6
0,GET,1391,6
0,GET,1399,7
0,GET,1407,5
0,GET,1415,6
0,GET,1423,2
0,GET,1431,4
0,GET,1439,6
0,GET,1447,6
0,GET,1455,8
0,GET,1463,4
0,GET,1471,5
0,GET,1479,6
0,GET,1487,3
0,GET,1495,3
0,GET,1503,3
0,GET,1511,5
0,GET,1519,4
0,GET,1527,4
0,GET,1535,3
0,GET,1543,4
0,GET,1551,4
0,GET,1559,4
0,GET,1567,2
0,GET,1575,3
0,GET,1583,5
0,GET,1591,6
0,GET,1607,3
0,GET,1615,5
0,GET,1623,8
0,GET,1631,4
0,GET,1639,4
0,GET,1647,5
0,GET,1655,2
0,GET,1663,1
0,GET,1671,3
0,GET,1679,2
0,GET,1687,5
0,GET,1695,3
0,GET,1703,4
0,GET,1711,1
0,GET,1719,2
0,GET,1727,2
0,GET,1735,5
0,GET,1743,3
0,GET,1751,3
0,GET,1759,2
0,GET,1767,3
0,GET,1775,5
0,GET,1783,1
0,GET,1791,4
0,GET,1799,1
0,GET,1807,3
0,GET,1815,6
0,GET,1823,4
0,GET,1839,1
0,GET,1847,3
0,GET,1855,4
0,GET,1879,3
0,GET,1887,5
0,GET,1895,1
0,GET,1903,4
0,GET,1911,4
0,GET,1919,2
0,GET,1927,1
0,GET,1935,1
0,GET,1951,1
0,GET,1959,5
0,GET,1967,2
0,GET,1975,3
0,GET,1983,4
0,GET,1991,4
0,GET,1999,1
0,GET,2007,3
0,GET,2015,1
0,GET,2023,3
0,GET,2031,4
0,GET,2039,1
0,GET,2047,1
0,GET,2063,4
0,GET,2079,1
0,GET,2095,4
0,GET,2111,3
0,GET,2127,5
0,GET,2143,3
0,GET,2159,6
0,GET,2175,5
0,GET,2191,7
0,GET,2207,6
0,GET,2223,6
0,GET,2239,9
0,GET,2255,2
0,GET,2271,4
0,GET,2287,7
0,GET,2303,5
0,GET,2319,2
0,GET,2335,2
0,GET,2351,9
0,GET,2367,3
0,GET,2383,6
0,GET,2399,4
0,GET,2415,7
0,GET,2431,7
0,GET,2447,7
0,GET,2463,5
0,GET,2479,3
0,GET,2495,3
0,GET,2511,7
0,GET,2527,5
0,GET,2543,3
0,GET,2559,6
0,GET,2575,7
0,GET,2591,2
0,GET,2607,7
0,GET,2623,1
0,GET,2639,6
0,GET,2655,7
0,GET,2671,5
0,GET,2687,10
0,GET,2703,10
0,GET,2719,6
0,GET,2735,4
0,GET,2751,6
0,GET,2767,3
0,GET,2783,3
0,GET,2799,5
0,GET,2815,5
0,GET,2831,6
0,GET,2847,4
0,GET,2863,5
0,GET,2879,7
0,GET,2895,3
0,GET,2911,2
0,GET,2927,4
0,GET,2943,10
0,GET,2959,6
0,GET,2975,3
0,GET,2991,6
0,GET,3007,5
0,GET,3023,8
0,GET,3039,6
0,GET,3055,3
0,GET,3071,5
0,GET,3087,5
0,GET,3103,6
0,GET,3119,5
0,GET,3135,6
0,GET,3151,3
0,GET,3167,4
0,GET,3183,6
0,GET,3199,6
0,GET,3215,3
0,GET,3231,9
0,GET,3247,5
0,GET,3263,5
0,GET,3279,5
0,GET,3295,9
0,GET,3311,7
0,GET,3327,7
0,GET,3343,6
0,GET,3359,8
0,GET,3375,4
0,GET,3391,3
0,GET,3407,8
0,GET,3423,7
0,GET,3439,6
0,GET,3455,10
0,GET,3471,6
0,GET,3487,2
0,GET,3503,5
0,GET,3519,8
0,GET,3535,9
0,GET,3551,6
0,GET,3567,5
0,GET,3583,8
0,GET,3599,10
0,GET,3615,5
0,GET,3631,6
0,GET,3647,6
0,GET,3663,4
0,GET,3679,7
0,GET,3695,6
0,GET,3711,7
0,GET,3727,5
0,GET,3743,5
0,GET,3759,8
0,GET,3775,6
0,GET,3791,5
0,GET,3807,9
0,GET,3823,6
0,GET,3839,4
0,GET,3855,3
0,GET,3871,8
0,GET,3887,4
0,GET,3903,4
0,GET,3919,5
0,GET,3935,4
0,GET,3951,3
0,GET,3967,7
0,GET,3983,9
0,GET,3999,8
0,GET,4015,8
0,GET,4031,7
0,GET,4047,4
0,GET,4063,1
0,GET,4079,6
0,GET,4095,5
0,GET,4127,15
0,GET,4159,9
0,GET,4191,14
0,GET,4223,11
0,GET,4255,6
0,GET,4287,13
0,GET,4319,5
0,GET,4351,5
0,GET,4383,12
0,GET,4415,12
0,GET,4447,2
0,GET,4479,10
0,GET,4511,10
0,GET,4543,7
0,GET,4575,4
0,GET,4607,10
0,GET,4639,11
0,GET,4671,10
0,GET,4703,8
0,GET,4735,8
0,GET,4767,4
0,GET,4799,1
0,GET,4831,6
0,GET,4863,4
0,GET,4895,2
0,GET,4927,13
0,GET,4959,6
0,GET,4991,2
0,GET,5023,7
0,GET,5055,10
0,GET,5087,4
0,GET,5119,5
0,GET,5151,3
0,GET,5183,5
0,GET,5215,5
0,GET,5247,3
0,GET,5279,7
0,GET,5311,6
0,GET,5343,4
0,GET,5375,3
0,GET,5407,1
0,GET,5439,6
0,GET,5471,7
0,GET,5503,1
0,GET,5535,4
0,GET,5567,7
0,GET,5599,7
0,GET,5631,2
0,GET,5663,6
0,GET,5695,3
0,GET,5727,3
0,GET,5759,1
0,GET,5791,6
0,GET,5823,2
0,GET,5855,4
0,GET,5887,3
0,GET,5919,2
0,GET,5951,4
0,GET,5983,1
0,GET,6015,3
0,GET,6047,2
0,GET,6079,3
0,GET,6111,2
0,GET,6143,2
0,GET,6175,2
0,GET,6207,2
0,GET,6239,1
0,GET,6271,1
0,GET,6303,3
0,GET,6367,2
0,GET,6399,3
0,GET,6431,4
0,GET,6463,1
0,GET,6495,2
0,GET,6527,2
0,GET,6623,1
0,GET,6655,2
0,GET,6687,1
0,GET,6719,1
0,GET,6751,2
0,GET,6783,4
0,GET,6847,1
0,GET,6879,2
0,GET,6943,5
0,GET,6975,1
0,GET,7007,1
0,GET,7039,1
0,GET,7103,1
0,GET,7135,1
0,GET,7167,1
0,GET,7199,1
0,GET,7263,2
0,GET,7295,2
0,GET,7359,1
0,GET,7423,1
0,GET,7519,1
0,GET,7711,1
0,GET,7775,1
0,GET,7839,1
0,GET,7935,1
0,GET,8031,1
0,GET,8095,1
0,GET,8191,1
0,GET,8255,2
0,GET,8319,1
0,GET,8383,1
0,GET,8511,1
0,GET,8575,2
0,GET,8639,1
0,GET,8895,1
0,GET,8959,1
0,GET,9343,1
0,GET,10431,1
0,DEL,115,1
0,DEL,116,1
0,DEL,156,2
0,DEL,162,2
0,DEL,164,1
0,DEL,168,1
0,DEL,169,1
0,DEL,170,1
0,DEL,173,1
0,DEL,175,2
0,DEL,176,1
0,DEL,177,1
0,DEL,178,4
0,DEL,181,2
0,DEL,182,3
0,DEL,184,2
0,DEL,186,1
0,DEL,187,1
0,DEL,188,1
0,DEL,189,2
0,DEL,190,1
0,DEL,193,2
0,DEL,196,4
0,DEL,197,2
0,DEL,198,2
0,DEL,199,2
0,DEL,204,1
0,DEL,205,4
0,DEL,206,3
0,DEL,209,1
0,DEL,210,2
0,DEL,212,1
0,DEL,213,2
0,DEL,214,1
0,DEL,215,1
0,DEL,216,1
0,DEL,217,1
0,DEL,218,1
0,DEL,219,1
0,DEL,221,1
0,DEL,222,1
0,DEL,224,2
0,DEL,225,2
0,DEL,227,1
0,DEL,230,1
0,DEL,237,1
0,DEL,238,2
0,DEL,239,1
0,DEL,240,1
0,DEL,241,1
0,DEL,242,1
0,DEL,244,1
0,DEL,246,1
0,DEL,247,2
0,DEL,248,1
0,DEL,251,1
0,DEL,253,1
0,DEL,254,1
0,DEL,259,1
0,DEL,261,1
0,DEL,263,1
0,DEL,267,2
0,DEL,269,1
0,DEL,271,1
0,DEL,275,1
0,DEL,277,1
0,DEL,279,1
0,DEL,283,1
0,DEL,291,1
0,DEL,295,1
0,DEL,303,3
0,DEL,305,1
0,DEL,315,2
0,DEL,317,1
0,DEL,323,2
0,DEL,327,1
0,DEL,329,1
0,DEL,335,1
0,DEL,339,1
0,DEL,341,1
0,DEL,349,1
0,DEL,353,1
0,DEL,365,1
0,DEL,373,2
0,DEL,389,1
0,DEL,395,1
0,DEL,417,1
0,DEL,427,1
0,DEL,435,1
0,DEL,457,1
0,DEL,471,1
0,DEL,477,1
0,DEL,487,1
0,DEL,489,1
0,DEL,519,1
0,DEL,523,1
0,DEL,531,1
0,DEL,543,1
0,DEL,563,1
0,DEL,579,2
0,DEL,587,2
0,DEL,591,2
0,DEL,599,1
0,DEL,607,2
0,DEL,619,1
0,DEL,627,1
0,DEL,635,2
0,DEL,643,1
0,DEL,671,1
0,DEL,675,1
0,DEL,699,1
0,DEL,711,1
0,DEL,715,1
0,DEL,747,1
0,DEL,751,1
0,DEL,755,1
0,DEL,763,2
0,DEL,767,1
0,DEL,787,1
0,DEL,791,2
0,DEL,803,1
0,DEL,807,1
0,DEL,819,1
0,DEL,827,1
0,DEL,831,1
0,DEL,835,1
0,DEL,839,1
0,DEL,847,1
0,DEL,851,1
0,DEL,863,1
0,DEL,887,1
0,DEL,899,1
0,DEL,911,1
0,DEL,919,1
0,DEL,923,2
0,DEL,927,1
0,DEL,931,3
0,DEL,935,1
0,DEL,947,1
0,DEL,951,1
0,DEL,955,1
0,DEL,959,1
0,DEL,963,2
0,DEL,967,2
0,DEL,971,1
0,DEL,983,1
0,DEL,987,1
0,DEL,999,1
0,DEL,1011,1
0,DEL,1019,2
0,DEL,1047,1
0,DEL,1055,1
0,DEL,1079,1
0,DEL,1087,1
0,DEL,1095,1
0,DEL,1135,2
0,DEL,1143,1
0,DEL,1151,2
0,DEL,1159,1
0,DEL,1175,2
0,DEL,1183,1
0,DEL,1215,2
0,DEL,1231,1
0,DEL,1247,1
0,DEL,1255,1
0,DEL,1263,1
0,DEL,1271,1
0,DEL,1287,1
0,DEL,1295,1
0,DEL,1311,1
0,DEL,1335,1
0,DEL,1359,1
0,DEL,1375,1
0,DEL,1399,1
0,DEL,1407,1
0,DEL,1415,1
0,DEL,1423,2
0,DEL,1447,2
0,DEL,1463,2
0,DEL,1495,2
0,DEL,1503,1
0,DEL,1527,1
0,DEL,1543,1
0,DEL,1551,2
0,DEL,1567,1
0,DEL,1575,2
0,DEL,1583,1
0,DEL,1591,1
0,DEL,1655,2
0,DEL,1679,1
0,DEL,1703,1
0,DEL,1767,1
0,DEL,1775,1
0,DEL,1855,1
0,DEL,1975,1
0,DEL,2095,1
0,DEL,2287,1
0,DEL,2335,1
0,DEL,2351,1
0,DEL,2383,1
0,DEL,2415,1
0,DEL,2431,1
0,DEL,2447,4
0,DEL,2479,1
0,DEL,2495,2
0,DEL,2527,1
0,DEL,2543,1
0,DEL,2559,1
0,DEL,2623,1
0,DEL,2687,2
0,DEL,2703,2
0,DEL,2751,1
0,DEL,2847,1
0,DEL,2879,2
0,DEL,2895,1
0,DEL,3023,1
0,DEL,3055,1
0,DEL,3071,2
0,DEL,3087,1
0,DEL,3247,1
0,DEL,3263,1
0,DEL,3279,1
0,DEL,3343,1
0,DEL,3359,1
0,DEL,3375,1
0,DEL,3391,1
0,DEL,3455,1
0,DEL,3471,1
0,DEL,3487,3
0,DEL,3519,1
0,DEL,3535,3
0,DEL,3567,2
0,DEL,3583,1
0,DEL,3599,1
0,DEL,3615,1
0,DEL,3647,1
0,DEL,3679,2
0,DEL,3695,1
0,DEL,3775,1
0,DEL,3839,1
0,DEL,3855,1
0,DEL,3871,1
0,DEL,3935,1
0,DEL,3951,1
0,DEL,3983,2
0,DEL,4015,2
0,DEL,4047,1
0,DEL,4095,2
0,DEL,4127,3
0,DEL,4159,1
0,DEL,4191,2
0,DEL,4255,1
0,DEL,4319,2
0,DEL,4383,1
0,DEL,4415,4
0,DEL,4447,2
0,DEL,4543,3
0,DEL,4575,5
0,DEL,4607,2
0,DEL,4639,2
0,DEL,4671,1
0,DEL,4735,1
0,DEL,4799,2
0,DEL,4863,2
0,DEL,4927,4
0,DEL,4959,1
0,DEL,5023,2
0,DEL,5055,2
0,DEL,5087,1
0,DEL,5119,1
0,DEL,5151,4
0,DEL,5215,1
0,DEL,5247,1
0,DEL,5279,2
0,DEL,5311,3
0,DEL,5375,1
0,DEL,5407,2
0,DEL,5439,2
0,DEL,5503,2
0,DEL,5535,1
0,DEL,5567,3
0,DEL,5599,1
0,DEL,5631,1
0,DEL,5663,1
0,DEL,5759,3
0,DEL,5791,2
0,DEL,5823,3
0,DEL,5855,2
0,DEL,5887,3
0,DEL,5951,1
0,DEL,6015,1
0,DEL,6047,2
0,DEL,6143,2
0,DEL,6175,1
0,DEL,6239,2
0,DEL,6271,1
0,DEL,6303,3
0,DEL,6335,4
0,DEL,6367,1
0,DEL,6399,1
0,DEL,6463,2
0,DEL,6495,2
0,DEL,6527,2
0,DEL,6591,1
0,DEL,6655,1
0,DEL,6687,2
0,DEL,6719,1
0,DEL,6751,1
0,DEL,6783,1
0,DEL,6815,1
0,DEL,6847,1
0,DEL,6879,1
0,DEL,6911,1
0,DEL,6943,1
0,DEL,6975,1
0,DEL,7103,1
0,DEL,7167,2
0,DEL,7263,1
0,DEL,7295,2
0,DEL,7327,1
0,DEL,7359,1
0,DEL,7391,1
0,DEL,7423,1
0,DEL,7455,1
0,DEL,7487,2
0,DEL,7551,1
0,DEL,7583,1
0,DEL,7711,2
0,DEL,7775,1
0,DEL,7967,1
0,DEL,8255,3
0,DEL,8447,2
0,DEL,8575,2
0,DEL,8703,1
0,DEL,8767,1
0,DEL,8831,2
0,DEL,8895,1
0,DEL,8959,1
0,DEL,9087,2
0,DEL,9471,1
0,DEL,9599,2
0,DEL,10111,2
0,DEL,10303,1
0,DEL,10431,1
0,DEL,11711,1
0,DEL,11839,1
0,DEL,12031,1
0,DEL,12735,1
0,DEL,13631,1
0,DEL,19967,1
0,DEL,20991,1
0,DEL,23039,1
0,DEL,23679,1
0,DEL,23935,1
0,DEL,24703,1
0,DEL,24831,1
0,DEL,25471,1
0,DEL,26751,1
0,DEL,27135,1
0,DEL,29567,1
0,DEL,30847,1
0,DEL,33279,1
0,DEL,33535,2
0,DEL,36095,1
0,DEL,38143,1
0,DEL,39935,1
0,DEL,41215,1
0,DEL,41727,1
0,DEL,42751,1
0,DEL,44543,1
0,DEL,45823,1
0,DEL,47615,1
0,DEL,49151,1
0,DEL,51455,1
0,DEL,51711,1
0,DEL,55551,1
0,DEL,55807,1
0,DEL,56063,1
0,DEL,56831,2
0,DEL,57343,1
0,DEL,58111,1
0,DEL,58367,1
0,DEL,58623,2
0,DEL,58879,1
0,DEL,59391,1
0,DEL,59647,2
0,DEL,59903,4
0,DEL,60159,2
0,DEL,60415,1
0,DEL,60671,1
0,DEL,60927,3
0,DEL,61439,2
0,DEL,61695,1
0,DEL,62463,1
0,DEL,62719,6
0,DEL,62975,1
0,DEL,63231,3
0,DEL,63487,2
0,DEL,63743,2
0,DEL,63999,3
0,DEL,64255,6
0,DEL,64511,5
0,DEL,64767,3
0,DEL,65023,4
0,DEL,65279,4
0,DEL,65535,4
0,DEL,66047,10
0,DEL,66559,7
0,DEL,67071,10
0,DEL,67583,14
0,DEL,68095,3
0,DEL,68607,9
0,DEL,69119,8
0,DEL,69631,11
0,DEL,70143,12
0,DEL,70655,12
0,DEL,71167,10
0,DEL,71679,17
0,DEL,72191,6
0,DEL,72703,10
0,DEL,73215,3
0,DEL,73727,5
0,DEL,74239,5
0,DEL,74751,5
0,DEL,75263,6
0,DEL,75775,2
0,DEL,76287,4
0,DEL,76799,4
0,DEL,77311,1
0,DEL,77823,3
0,DEL,78335,4
0,DEL,78847,5
0,DEL,79359,4
0,DEL,79871,3
0,DEL,80383,2
0,DEL,80895,1
0,DEL,81407,1
0,DEL,81919,1
0,DEL,82943,1
0,DEL,83455,1
0,DEL,84991,1
0,DEL,87039,1
0,DEL,87551,1
1,SET,159,1
1,SET,161,1
1,SET,163,1
1,SET,175,1
1,SET,179,1
1,SET,186,1
1,SET,187,1
1,SET,188,1
1,SET,190,1
1,SET,191,1
1,SET,194,1
1,SET,200,1
1,SET,213,1
1,SET,214,1
1,SET,236,2
1,SET,252,1
1,SET,253,1
1,SET,259,1
1,SET,263,2
1,SET,265,1
1,SET,267,1
1,SET,277,1
1,SET,303,1
1,SET,315,1
1,SET,337,1
1,SET,361,1
1,SET,363,1
1,SET,421,1
1,SET,465,1
1,SET,567,1
1,SET,583,1
1,SET,611,1
1,SET,619,1
1,SET,671,1
1,SET,711,2
1,SET,727,1
1,SET,731,1
1,SET,763,2
1,SET,783,1
1,SET,791,1
1,SET,795,1
1,SET,851,1
1,SET,867,1
1,SET,887,1
1,SET,895,1
1,SET,907,1
1,SET,931,1
1,SET,943,1
1,SET,951,2
1,SET,971,1
1,SET,1019,1
1,SET,1031,1
1,SET,1047,1
1,SET,1071,1
1,SET,1095,1
1,SET,1175,1
1,SET,1231,1
1,SET,1247,1
1,SET,1303,1
1,SET,1319,1
1,SET,1367,1
1,SET,1407,1
1,SET,1431,3
1,SET,1447,1
1,SET,1455,1
1,SET,1487,1
1,SET,1495,1
1,SET,1511,1
1,SET,1543,1
1,SET,1551,1
1,SET,1559,1
1,SET,1583,1
1,SET,1591,1
1,SET,1599,3
1,SET,1703,1
1,SET,1743,1
1,SET,1751,1
1,SET,1767,1
1,SET,1807,1
1,SET,1847,1
1,SET,1895,2
1,SET,1935,1
1,SET,1975,1
1,SET,2023,2
1,SET,2063,1
1,SET,2223,1
1,SET,2303,1
1,SET,2383,1
1,SET,2479,1
1,SET,2511,1
1,SET,2543,2
1,SET,2607,1
1,SET,2687,1
1,SET,2703,1
1,SET,2799,1
1,SET,2815,1
1,SET,2863,1
1,SET,2879,1
1,SET,3039,1
1,SET,3055,1
1,SET,3071,3
1,SET,3087,1
1,SET,3119,1
1,SET,3135,1
1,SET,3151,1
1,SET,3199,1
1,SET,3247,1
1,SET,3311,1
1,SET,3391,1
1,SET,3423,1
1,SET,3439,1
1,SET,3455,1
1,SET,3519,1
1,SET,3535,1
1,SET,3567,1
1,SET,3647,1
1,SET,3711,1
1,SET,3727,1
1,SET,3759,1
1,SET,3807,2
1,SET,4015,1
1,SET,4095,1
1,SET,4127,2
1,SET,4191,1
1,SET,4223,2
1,SET,4255,1
1,SET,4287,1
1,SET,4319,1
1,SET,4383,1
1,SET,4479,2
1,SET,4511,1
1,SET,4575,2
1,SET,4639,1
1,SET,4735,1
1,SET,4799,1
1,SET,4895,2
1,SET,4959,1
1,SET,5023,4
1,SET,5343,1
1,SET,5407,1
1,SET,5439,1
1,SET,5503,1
1,SET,5631,2
1,SET,5855,1
1,SET,6399,1
1,SET,6591,1
1,SET,6751,1
1,SET,6847,1
1,SET,6975,1
1,SET,7103,1
1,SET,7647,1
1,SET,8127,1
1,DEL,147,1
1,DEL,155,2
1,DEL,156,1
1,DEL,158,1
1,DEL,159,1
1,DEL,161,3
1,DEL,165,1
1,DEL,168,2
1,DEL,169,2
1,DEL,172,1
1,DEL,175,1
1,DEL,177,1
1,DEL,178,1
1,DEL,179,3
1,DEL,180,1
1,DEL,181,3
1,DEL,182,1
1,DEL,185,1
1,DEL,188,2
1,DEL,189,2
1,DEL,190,1
1,DEL,191,3
1,DEL,192,2
1,DEL,193,3
1,DEL,196,1
1,DEL,197,2
1,DEL,198,4
1,DEL,199,1
1,DEL,200,4
1,DEL,201,2
1,DEL,202,1
1,DEL,203,3
1,DEL,204,1
1,DEL,205,1
1,DEL,206,1
1,DEL,207,1
1,DEL,209,2
1,DEL,211,2
1,DEL,212,1
1,DEL,213,1
1,DEL,214,1
1,DEL,215,1
1,DEL,216,3
1,DEL,217,3
1,DEL,220,2
1,DEL,223,1
1,DEL,225,1
1,DEL,226,1
1,DEL,231,2
1,DEL,232,1
1,DEL,234,1
1,DEL,235,1
1,DEL,237,1
1,DEL,238,1
1,DEL,241,1
1,DEL,243,1
1,DEL,244,2
1,DEL,245,1
1,DEL,246,1
1,DEL,250,2
1,DEL,261,1
1,DEL,263,1
1,DEL,269,1
1,DEL,275,2
1,DEL,279,3
1,DEL,283,1
1,DEL,303,1
1,DEL,313,1
1,DEL,317,1
1,DEL,327,1
1,DEL,335,1
1,DEL,343,1
1,DEL,347,1
1,DEL,349,1
1,DEL,351,1
1,DEL,365,1
1,DEL,371,1
1,DEL,381,1
1,DEL,383,1
1,DEL,389,1
1,DEL,413,1
1,DEL,415,1
1,DEL,421,1
1,DEL,433,1
1,DEL,435,1
1,DEL,455,1
1,DEL,457,3
1,DEL,463,1
1,DEL,475,1
1,DEL,481,1
1,DEL,487,1
1,DEL,493,1
1,DEL,501,1
1,DEL,509,1
1,DEL,515,1
1,DEL,519,2
1,DEL,531,1
1,DEL,539,1
1,DEL,543,1
1,DEL,551,2
1,DEL,567,1
1,DEL,571,1
1,DEL,575,2
1,DEL,579,1
1,DEL,591,1
1,DEL,595,1
1,DEL,603,2
1,DEL,611,1
1,DEL,615,2
1,DEL,619,1
1,DEL,639,1
1,DEL,647,1
1,DEL,655,1
1,DEL,659,2
1,DEL,667,1
1,DEL,671,1
1,DEL,679,1
1,DEL,683,1
1,DEL,687,2
1,DEL,691,1
1,DEL,699,1
1,DEL,727,1
1,DEL,735,2
1,DEL,747,1
1,DEL,751,1
1,DEL,771,1
1,DEL,779,2
1,DEL,787,2
1,DEL,791,2
1,DEL,803,1
1,DEL,811,1
1,DEL,819,1
1,DEL,823,1
1,DEL,843,1
1,DEL,847,2
1,DEL,859,1
1,DEL,863,1
1,DEL,867,2
1,DEL,879,2
1,DEL,895,3
1,DEL,899,2
1,DEL,919,1
1,DEL,923,1
1,DEL,927,1
1,DEL,935,2
1,DEL,943,1
1,DEL,951,2
1,DEL,963,1
1,DEL,971,1
1,DEL,975,1
1,DEL,979,1
1,DEL,991,3
1,DEL,1003,1
1,DEL,1031,1
1,DEL,1039,1
1,DEL,1047,1
1,DEL,1063,2
1,DEL,1071,3
1,DEL,1079,2
1,DEL,1111,1
1,DEL,1119,1
1,DEL,1143,1
1,DEL,1151,3
1,DEL,1159,1
1,DEL,1167,1
1,DEL,1175,1
1,DEL,1183,1
1,DEL,1191,1
1,DEL,1199,1
1,DEL,1215,1
1,DEL,1223,2
1,DEL,1231,1
1,DEL,1255,2
1,DEL,1287,2
1,DEL,1303,1
1,DEL,1319,1
1,DEL,1327,1
1,DEL,1351,1
1,DEL,1383,2
1,DEL,1407,1
1,DEL,1423,2
1,DEL,1439,2
1,DEL,1447,2
1,DEL,1471,2
1,DEL,1479,1
1,DEL,1487,2
1,DEL,1503,1
1,DEL,1511,1
1,DEL,1519,1
1,DEL,1575,2
1,DEL,1583,1
1,DEL,1599,1
1,DEL,1615,1
1,DEL,1743,1
1,DEL,1751,1
1,DEL,1767,1
1,DEL,1823,1
1,DEL,1839,1
1,DEL,1863,1
1,DEL,1903,2
1,DEL,1919,1
1,DEL,1951,1
1,DEL,1967,1
1,DEL,2095,1
1,DEL,2191,1
1,DEL,2239,1
1,DEL,2271,1
1,DEL,2319,1
1,DEL,2351,1
1,DEL,2367,1
1,DEL,2399,2
1,DEL,2463,1
1,DEL,2527,1
1,DEL,2591,1
1,DEL,2607,3
1,DEL,2671,2
1,DEL,2703,1
1,DEL,2767,1
1,DEL,2799,1
1,DEL,2831,3
1,DEL,2863,1
1,DEL,2959,1
1,DEL,3039,2
1,DEL,3055,3
1,DEL,3119,3
1,DEL,3199,1
1,DEL,3231,1
1,DEL,3279,1
1,DEL,3295,1
1,DEL,3327,2
1,DEL,3407,1
1,DEL,3439,1
1,DEL,3455,1
1,DEL,3471,1
1,DEL,3519,1
1,DEL,3535,1
1,DEL,3583,1
1,DEL,3599,2
1,DEL,3679,1
1,DEL,3695,1
1,DEL,3711,1
1,DEL,3743,1
1,DEL,3759,1
1,DEL,3807,2
1,DEL,3855,3
1,DEL,3871,2
1,DEL,3887,1
1,DEL,3919,2
1,DEL,3967,2
1,DEL,3983,1
1,DEL,3999,1
1,DEL,4031,1
1,DEL,4047,1
1,DEL,4063,1
1,DEL,4159,1
1,DEL,4191,1
1,DEL,4223,2
1,DEL,4255,2
1,DEL,4319,4
1,DEL,4351,2
1,DEL,4415,2
1,DEL,4447,1
1,DEL,4511,1
1,DEL,4543,2
1,DEL,4575,2
1,DEL,4607,2
1,DEL,4639,3
1,DEL,4671,2
1,DEL,4735,2
1,DEL,4767,1
1,DEL,4799,1
1,DEL,4863,1
1,DEL,4927,2
1,DEL,4959,2
1,DEL,4991,2
1,DEL,5023,1
1,DEL,5087,1
1,DEL,5151,1
1,DEL,5215,2
1,DEL,5311,1
1,DEL,5375,2
1,DEL,5407,1
1,DEL,5439,2
1,DEL,5503,1
1,DEL,5535,2
1,DEL,5567,1
1,DEL,5599,2
1,DEL,5663,3
1,DEL,5695,1
1,DEL,5727,2
1,DEL,5823,1
1,DEL,5887,1
1,DEL,5919,2
1,DEL,5951,1
1,DEL,5983,1
1,DEL,6015,2
1,DEL,6047,1
1,DEL,6175,1
1,DEL,6239,2
1,DEL,6271,1
1,DEL,6303,1
1,DEL,6463,1
1,DEL,6495,3
1,DEL,6623,1
1,DEL,6719,2
1,DEL,6783,1
1,DEL,6815,1
1,DEL,6879,1
1,DEL,6911,2
1,DEL,6975,1
1,DEL,7071,1
1,DEL,7135,1
1,DEL,7231,2
1,DEL,7263,2
1,DEL,7327,1
1,DEL,7391,1
1,DEL,7423,1
1,DEL,7519,3
1,DEL,7551,1
1,DEL,7615,2
1,DEL,7647,1
1,DEL,7679,1
1,DEL,7743,1
1,DEL,7807,1
1,DEL,7839,1
1,DEL,7903,1
1,DEL,8031,1
1,DEL,8095,1
1,DEL,8191,1
1,DEL,8255,1
1,DEL,8383,1
1,DEL,8511,1
1,DEL,8575,1
1,DEL,8639,1
1,DEL,8767,1
1,DEL,8831,1
1,DEL,8895,1
1,DEL,9023,1
1,DEL,9087,1
1,DEL,9151,1
1,DEL,9215,1
1,DEL,9407,1
1,DEL,9471,1
1,DEL,9535,1
1,DEL,9599,1
1,DEL,9727,1
1,DEL,9791,1
1,DEL,9855,1
1,DEL,10175,1
1,DEL,10303,1
1,DEL,10431,1
1,DEL,10815,2
1,DEL,11391,1
1,DEL,11711,1
1,DEL,12095,2
1,DEL,22655,1
1,DEL,23295,1
1,DEL,23423,1
1,DEL,23551,1
1,DEL,24831,1
1,DEL,24959,1
1,DEL,25727,1
1,DEL,25855,1
1,DEL,26367,1
1,DEL,26623,1
1,DEL,27647,1
1,DEL,30207,1
1,DEL,33279,1
1,DEL,33791,1
1,DEL,34047,1
1,DEL,35327,1
1,DEL,37631,1
1,DEL,38143,1
1,DEL,39423,1
1,DEL,40191,1
1,DEL,41471,1
1,DEL,41983,1
1,DEL,42495,1
1,DEL,44287,1
1,DEL,45055,1
1,DEL,46079,2
1,DEL,49151,1
1,DEL,49407,1
1,DEL,50687,1
1,DEL,51455,1
1,DEL,51711,1
1,DEL,51967,1
1,DEL,53759,1
1,DEL,54783,2
1,DEL,56063,1
1,DEL,56831,1
1,DEL,57087,1
1,DEL,57343,1
1,DEL,58111,1
1,DEL,58367,1
1,DEL,58623,2
1,DEL,58879,2
1,DEL,59135,1
1,DEL,59391,1
1,DEL,59647,2
1,DEL,60415,1
1,DEL,60671,1
1,DEL,60927,2
1,DEL,61183,1
1,DEL,61439,3
1,DEL,61695,2
1,DEL,61951,2
1,DEL,62207,2
1,DEL,62463,3
1,DEL,62719,3
1,DEL,62975,1
1,DEL,63231,2
1,DEL,63487,1
1,DEL,63743,6
1,DEL,63999,3
1,DEL,64255,1
1,DEL,64511,1
1,DEL,64767,3
1,DEL,65023,5
1,DEL,65279,3
1,DEL,65535,2
1,DEL,66047,11
1,DEL,66559,8
1,DEL,67071,8
1,DEL,67583,7
1,DEL,68095,13
1,DEL,68607,15
1,DEL,69119,10
1,DEL,69631,11
1,DEL,70143,10
1,DEL,70655,11
1,DEL,71167,5
1,DEL,71679,3
1,DEL,72191,9
1,DEL,72703,10
1,DEL,73215,13
1,DEL,73727,2
1,DEL,74239,4
1,DEL,74751,6
1,DEL,75263,8
1,DEL,75775,5
1,DEL,76287,5
1,DEL,76799,5
1,DEL,77311,3
1,DEL,77823,1
1,DEL,78335,5
1,DEL,78847,1
1,DEL,79359,2
1,DEL,79871,1
1,DEL,80383,2
1,DEL,81407,1
1,DEL,81919,1
1,DEL,82431,1
1,DEL,83455,2
1,DEL,83967,1
1,DEL,84991,1
1,DEL,85503,1
1,DEL,88063,1
1,DEL,90111,1
1,DEL,95231,1
1,GET,107,1
1,GET,128,1
1,GET,135,1
1,GET,136,1
1,GET,137,1
1,GET,142,1
1,GET,144,1
1,GET,146,1
1,GET,152,3
1,GET,153,1
1,GET,154,1
1,GET,155,1
1,GET,156,1
1,GET,158,1
1,GET,160,1
1,GET,162,1
1,GET,164,1
1,GET,165,2
1,GET,166,1
1,GET,167,1
1,GET,168,2
1,GET,169,5
1,GET,170,3
1,GET,171,3
1,GET,172,6
1,GET,173,1
1,GET,174,2
1,GET,175,4
1,GET,176,9
1,GET,177,2
1,GET,178,4
1,GET,179,1
1,GET,180,3
1,GET,181,3
1,GET,182,4
1,GET,183,2
1,GET,184,4
1,GET,185,4
1,GET,186,3
1,GET,187,5
1,GET,188,3
1,GET,189,4
1,GET,190,1
1,GET,191,2
1,GET,192,4
1,GET,193,4
1,GET,194,7
1,GET,195,4
1,GET,196,6
1,GET,197,5
1,GET,198,4
1,GET,199,3
1,GET,200,3
1,GET,201,5
1,GET,202,1
1,GET,203,5
1,GET,204,3
1,GET,205,1
1,GET,206,6
1,GET,207,3
1,GET,208,4
1,GET,209,3
1,GET,210,4
1,GET,211,5
1,GET,213,2
1,GET,214,1
1,GET,215,5
1,GET,217,4
1,GET,218,1
1,GET,219,2
1,GET,220,3
1,GET,221,5
1,GET,222,3
1,GET,223,3
1,GET,225,3
1,GET,226,2
1,GET,227,5
1,GET,228,1
1,GET,229,2
1,GET,230,3
1,GET,231,2
1,GET,232,1
1,GET,233,3
1,GET,234,1
1,GET,236,1
1,GET,237,2
1,GET,238,2
1,GET,239,1
1,GET,240,1
1,GET,241,3
1,GET,243,2
1,GET,244,1
1,GET,245,1
1,GET,246,2
1,GET,247,2
1,GET,248,2
1,GET,249,1
1,GET,250,1
1,GET,251,1
1,GET,253,1
1,GET,254,1
1,GET,257,2
1,GET,259,3
1,GET,261,2
1,GET,263,2
1,GET,265,1
1,GET,267,2
1,GET,269,3
1,GET,271,1
1,GET,275,2
1,GET,277,3
1,GET,287,2
1,GET,289,1
1,GET,293,3
1,GET,297,1
1,GET,305,1
1,GET,307,1
1,GET,309,1
1,GET,311,3
1,GET,319,1
1,GET,321,1
1,GET,325,1
1,GET,327,1
1,GET,329,1
1,GET,337,1
1,GET,339,1
1,GET,341,1
1,GET,345,1
1,GET,347,2
1,GET,351,2
1,GET,353,1
1,GET,355,3
1,GET,357,1
1,GET,359,1
1,GET,361,1
1,GET,365,1
1,GET,369,1
1,GET,379,1
1,GET,381,3
1,GET,383,1
1,GET,387,1
1,GET,391,1
1,GET,397,2
1,GET,399,4
1,GET,403,1
1,GET,405,3
1,GET,413,3
1,GET,415,1
1,GET,425,1
1,GET,427,1
1,GET,435,1
1,GET,437,1
1,GET,439,1
1,GET,441,1
1,GET,449,1
1,GET,451,1
1,GET,455,1
1,GET,459,1
1,GET,461,1
1,GET,463,1
1,GET,467,1
1,GET,479,2
1,GET,481,1
1,GET,483,1
1,GET,485,2
1,GET,487,3
1,GET,491,3
1,GET,495,1
1,GET,497,1
1,GET,499,1
1,GET,503,1
1,GET,505,1
1,GET,511,1
1,GET,515,2
1,GET,519,1
1,GET,523,3
1,GET,527,1
1,GET,531,3
1,GET,535,3
1,GET,539,1
1,GET,543,2
1,GET,555,4
1,GET,559,1
1,GET,567,1
1,GET,571,1
1,GET,575,2
1,GET,579,1
1,GET,583,2
1,GET,587,2
1,GET,595,1
1,GET,599,1
1,GET,603,1
1,GET,607,3
1,GET,615,3
1,GET,619,1
1,GET,623,4
1,GET,627,3
1,GET,631,1
1,GET,635,1
1,GET,639,1
1,GET,643,3
1,GET,647,1
1,GET,651,1
1,GET,655,2
1,GET,659,2
1,GET,667,3
1,GET,671,5
1,GET,675,1
1,GET,679,2
1,GET,683,2
1,GET,687,1
1,GET,691,1
1,GET,695,1
1,GET,699,1
1,GET,707,1
1,GET,711,1
1,GET,719,2
1,GET,723,2
1,GET,727,1
1,GET,731,2
1,GET,739,2
1,GET,743,3
1,GET,747,4
1,GET,751,1
1,GET,755,3
1,GET,759,3
1,GET,763,2
1,GET,767,3
1,GET,771,2
1,GET,775,2
1,GET,779,2
1,GET,783,3
1,GET,795,3
1,GET,799,1
1,GET,807,2
1,GET,811,3
1,GET,815,3
1,GET,823,2
1,GET,827,3
1,GET,831,3
1,GET,835,5
1,GET,839,1
1,GET,843,4
1,GET,847,6
1,GET,851,2
1,GET,855,1
1,GET,859,2
1,GET,863,1
1,GET,871,2
1,GET,875,1
1,GET,879,1
1,GET,883,3
1,GET,887,1
1,GET,891,1
1,GET,895,1
1,GET,899,2
1,GET,903,7
1,GET,907,1
1,GET,915,2
1,GET,919,2
1,GET,923,1
1,GET,927,3
1,GET,931,2
1,GET,943,2
1,GET,947,2
1,GET,951,2
1,GET,955,1
1,GET,959,2
1,GET,967,2
1,GET,975,1
1,GET,979,2
1,GET,987,2
1,GET,991,2
1,GET,995,1
1,GET,999,5
1,GET,1003,3
1,GET,1007,3
1,GET,1011,2
1,GET,1019,2
1,GET,1023,3
1,GET,1031,1
1,GET,1039,4
1,GET,1047,6
1,GET,1055,4
1,GET,1063,2
1,GET,1071,2
1,GET,1079,1
1,GET,1087,3
1,GET,1095,7
1,GET,1103,4
1,GET,1111,2
1,GET,1119,1
1,GET,1127,3
1,GET,1135,4
1,GET,1143,4
1,GET,1151,2
1,GET,1159,2
1,GET,1167,3
1,GET,1175,1
1,GET,1183,6
1,GET,1191,1
1,GET,1199,4
1,GET,1207,4
1,GET,1215,3
1,GET,1223,1
1,GET,1231,2
1,GET,1239,2
1,GET,1247,1
1,GET,1255,2
1,GET,1263,3
1,GET,1271,5
1,GET,1279,6
1,GET,1287,3
1,GET,1295,5
1,GET,1303,1
1,GET,1311,1
1,GET,1319,3
1,GET,1327,4
1,GET,1335,3
1,GET,1343,3
1,GET,1351,2
1,GET,1359,7
1,GET,1367,5
1,GET,1375,1
1,GET,1383,1
1,GET,1391,8
1,GET,1399,7
1,GET,1407,5
1,GET,1415,3
1,GET,1423,4
1,GET,1431,1
1,GET,1439,1
1,GET,1447,7
1,GET,1455,8
1,GET,1463,5
1,GET,1471,4
1,GET,1479,4
1,GET,1487,3
1,GET,1495,8
1,GET,1503,8
1,GET,1511,6
1,GET,1519,4
1,GET,1527,2
1,GET,1535,7
1,GET,1543,4
1,GET,1551,2
1,GET,1559,8
1,GET,1567,4
1,GET,1575,8
1,GET,1583,4
1,GET,1591,5
1,GET,1599,3
1,GET,1607,3
1,GET,1615,3
1,GET,1623,6
1,GET,1631,4
1,GET,1639,2
1,GET,1647,8
1,GET,1655,5
1,GET,1663,4
1,GET,1671,5
1,GET,1679,1
1,GET,1687,5
1,GET,1695,5
1,GET,1703,2
1,GET,1711,2
1,GET,1719,1
1,GET,1727,3
1,GET,1735,3
1,GET,1743,3
1,GET,1751,1
1,GET,1759,4
1,GET,1767,7
1,GET,1775,3
1,GET,1791,2
1,GET,1799,4
1,GET,1807,3
1,GET,1815,4
1,GET,1823,6
1,GET,1831,3
1,GET,1839,2
1,GET,1847,4
1,GET,1855,3
1,GET,1863,6
1,GET,1871,2
1,GET,1879,1
1,GET,1887,1
1,GET,1895,4
1,GET,1903,1
1,GET,1911,1
1,GET,1919,3
1,GET,1927,3
1,GET,1935,1
1,GET,1943,2
1,GET,1951,2
1,GET,1959,1
1,GET,1975,4
1,GET,1983,1
1,GET,1991,1
1,GET,1999,1
1,GET,2015,2
1,GET,2023,1
1,GET,2031,1
1,GET,2047,2
1,GET,2063,1
1,GET,2079,4
1,GET,2095,8
1,GET,2111,7
1,GET,2127,4
1,GET,2143,3
1,GET,2159,6
1,GET,2175,8
1,GET,2191,10
1,GET,2207,10
1,GET,2223,6
1,GET,2239,6
1,GET,2255,4
1,GET,2271,3
1,GET,2287,5
1,GET,2303,3
1,GET,2319,3
1,GET,2335,4
1,GET,2351,5
1,GET,2367,2
1,GET,2383,4
1,GET,2399,2
1,GET,2415,6
1,GET,2431,3
1,GET,2447,6
1,GET,2463,11
1,GET,2479,2
1,GET,2495,1
1,GET,2511,1
1,GET,2527,8
1,GET,2543,5
1,GET,2559,5
1,GET,2575,6
1,GET,2591,3
1,GET,2607,4
1,GET,2623,3
1,GET,2639,4
1,GET,2655,5
1,GET,2671,3
1,GET,2687,3
1,GET,2703,5
1,GET,2719,6
1,GET,2735,7
1,GET,2751,8
1,GET,2767,3
1,GET,2783,3
1,GET,2799,3
1,GET,2815,4
1,GET,2831,5
1,GET,2847,7
1,GET,2863,10
1,GET,2879,5
1,GET,2895,2
1,GET,2911,6
1,GET,2927,3
1,GET,2943,5
1,GET,2959,8
1,GET,2975,1
1,GET,2991,3
1,GET,3007,3
1,GET,3023,5
1,GET,3039,5
1,GET,3055,5
1,GET,3071,4
1,GET,3087,7
1,GET,3103,6
1,GET,3119,4
1,GET,3135,4
1,GET,3151,6
1,GET,3167,6
1,GET,3183,4
1,GET,3199,5
1,GET,3215,9
1,GET,3231,9
1,GET,3247,12
1,GET,3263,4
1,GET,3279,9
1,GET,3295,6
1,GET,3311,3
1,GET,3327,5
1,GET,3343,3
1,GET,3359,8
1,GET,3375,6
1,GET,3391,10
1,GET,3407,2
1,GET,3423,13
1,GET,3439,3
1,GET,3455,8
1,GET,3471,1
1,GET,3487,4
1,GET,3503,5
1,GET,3519,7
1,GET,3535,7
1,GET,3551,5
1,GET,3567,4
1,GET,3583,3
1,GET,3599,7
1,GET,3615,3
1,GET,3631,9
1,GET,3647,10
1,GET,3663,8
1,GET,3679,3
1,GET,3695,5
1,GET,3711,6
1,GET,3727,7
1,GET,3743,9
1,GET,3759,6
1,GET,3775,4
1,GET,3791,4
1,GET,3807,2
1,GET,3823,7
1,GET,3839,8
1,GET,3855,5
1,GET,3871,8
1,GET,3887,9
1,GET,3903,6
1,GET,3919,2
1,GET,3935,6
1,GET,3951,6
1,GET,3967,6
1,GET,3983,6
1,GET,3999,7
1,GET,4015,7
1,GET,4031,2
1,GET,4047,4
1,GET,4063,5
1,GET,4079,3
1,GET,4095,5
1,GET,4127,7
1,GET,4159,15
1,GET,4191,6
1,GET,4223,8
1,GET,4255,10
1,GET,4287,10
1,GET,4319,14
1,GET,4351,12
1,GET,4383,5
1,GET,4415,8
1,GET,4447,8
1,GET,4479,7
1,GET,4511,12
1,GET,4543,3
1,GET,4575,3
1,GET,4607,9
1,GET,4639,6
1,GET,4671,9
1,GET,4703,10
1,GET,4735,6
1,GET,4767,8
1,GET,4799,10
1,GET,4831,6
1,GET,4863,6
1,GET,4895,4
1,GET,4927,5
1,GET,4959,10
1,GET,4991,6
1,GET,5023,8
1,GET,5055,3
1,GET,5087,12
1,GET,5119,10
1,GET,5151,3
1,GET,5183,3
1,GET,5215,6
1,GET,5247,2
1,GET,5279,3
1,GET,5311,4
1,GET,5343,6
1,GET,5375,7
1,GET,5407,2
1,GET,5439,5
1,GET,5471,5
1,GET,5535,4
1,GET,5567,7
1,GET,5599,2
1,GET,5663,1
1,GET,5695,5
1,GET,5727,3
1,GET,5759,4
1,GET,5791,5
1,GET,5823,2
1,GET,5855,2
1,GET,5887,4
1,GET,5919,1
1,GET,5951,3
1,GET,5983,6
1,GET,6015,4
1,GET,6047,2
1,GET,6079,2
1,GET,6111,8
1,GET,6175,1
1,GET,6207,1
1,GET,6239,4
1,GET,6271,2
1,GET,6303,2
1,GET,6335,1
1,GET,6367,1
1,GET,6399,3
1,GET,6431,4
1,GET,6463,4
1,GET,6495,3
1,GET,6527,1
1,GET,6559,2
1,GET,6591,3
1,GET,6623,3
1,GET,6655,6
1,GET,6687,2
1,GET,6719,3
1,GET,6783,5
1,GET,6879,2
1,GET,6911,2
1,GET,6975,3
1,GET,7007,2
1,GET,7039,1
1,GET,7071,1
1,GET,7103,1
1,GET,7135,1
1,GET,7231,2
1,GET,7263,3
1,GET,7327,2
1,GET,7359,1
1,GET,7391,1
1,GET,7455,1
1,GET,7519,1
1,GET,7647,2
1,GET,7679,3
1,GET,7743,2
1,GET,7775,1
1,GET,7807,2
1,GET,7839,2
1,GET,7935,1
1,GET,7967,1
1,GET,8063,1
1,GET,8191,1
1,GET,8383,1
1,GET,9087,3
1,GET,9279,1
1,GET,9471,1
1,GET,9599,1
1,GET,11519,1
2,SET,156,1
2,SET,171,1
2,SET,177,1
2,SET,182,2
2,SET,185,1
2,SET,187,1
2,SET,190,1
2,SET,191,1
2,SET,195,1
2,SET,198,1
2,SET,200,1
2,SET,215,1
2,SET,238,1
2,SET,245,1
2,SET,261,1
2,SET,473,1
2,SET,575,1
2,SET,587,1
2,SET,615,1
2,SET,675,1
2,SET,731,1
2,SET,739,1
2,SET,747,1
2,SET,763,1
2,SET,791,1
2,SET,863,1
2,SET,871,1
2,SET,935,1
2,SET,963,1
2,SET,995,1
2,SET,1039,1
2,SET,1159,1
2,SET,1199,1
2,SET,1215,1
2,SET,1295,1
2,SET,1327,1
2,SET,1335,1
2,SET,1351,1
2,SET,1423,2
2,SET,1439,1
2,SET,1447,2
2,SET,1479,1
2,SET,1487,1
2,SET,1527,1
2,SET,1535,2
2,SET,1567,1
2,SET,1607,1
2,SET,1711,1
2,SET,1887,1
2,SET,1911,1
2,SET,2007,1
2,SET,2015,1
2,SET,2023,2
2,SET,2031,1
2,SET,2047,1
2,SET,2079,1
2,SET,2223,1
2,SET,2495,2
2,SET,2543,2
2,SET,2687,1
2,SET,2767,1
2,SET,2783,1
2,SET,2879,2
2,SET,2927,1
2,SET,2943,1
2,SET,2991,1
2,SET,3007,1
2,SET,3087,1
2,SET,3119,1
2,SET,3151,1
2,SET,3167,1
2,SET,3183,1
2,SET,3199,1
2,SET,3215,1
2,SET,3279,1
2,SET,3311,1
2,SET,3391,1
2,SET,3407,1
2,SET,3439,1
2,SET,3455,1
2,SET,3519,2
2,SET,3535,1
2,SET,3567,1
2,SET,3631,2
2,SET,3711,1
2,SET,3743,1
2,SET,3759,2
2,SET,3775,1
2,SET,3791,1
2,SET,3823,1
2,SET,3935,1
2,SET,3999,1
2,SET,4031,1
2,SET,4047,1
2,SET,4127,1
2,SET,4159,2
2,SET,4191,1
2,SET,4319,1
2,SET,4351,2
2,SET,4415,2
2,SET,4447,1
2,SET,4479,1
2,SET,4511,3
2,SET,4543,2
2,SET,4607,1
2,SET,4703,1
2,SET,4767,1
2,SET,4831,2
2,SET,4959,1
2,SET,4991,1
2,SET,5023,1
2,SET,5215,1
2,SET,5247,1
2,SET,5279,1
2,SET,5311,1
2,SET,5471,1
2,SET,5503,1
2,SET,5631,1
2,SET,5759,1
2,SET,5887,1
2,SET,5951,1
2,SET,6303,1
2,SET,6463,2
2,SET,6527,1
2,SET,6655,1
2,SET,6879,1
2,SET,7007,1
2,SET,7039,1
2,SET,7359,1
2,SET,7391,1
2,SET,7455,1
2,SET,7487,1
2,SET,8159,1
2,SET,10303,1
2,GET,126,1
2,GET,127,1
2,GET,132,1
2,GET,136,1
2,GET,143,1
2,GET,144,1
2,GET,149,2
2,GET,150,1
2,GET,151,1
2,GET,152,2
2,GET,154,2
2,GET,157,4
2,GET,158,1
2,GET,159,1
2,GET,160,4
2,GET,161,1
2,GET,162,4
2,GET,163,1
2,GET,164,1
2,GET,165,2
2,GET,167,3
2,GET,168,1
2,GET,169,4
2,GET,171,3
2,GET,172,5
2,GET,173,4
2,GET,174,3
2,GET,175,3
2,GET,176,3
2,GET,177,1
2,GET,178,3
2,GET,179,2
2,GET,181,4
2,GET,182,3
2,GET,183,9
2,GET,184,3
2,GET,185,5
2,GET,186,3
2,GET,187,4
2,GET,188,3
2,GET,189,4
2,GET,190,4
2,GET,191,2
2,GET,192,5
2,GET,193,4
2,GET,195,3
2,GET,196,2
2,GET,197,3
2,GET,198,4
2,GET,199,5
2,GET,200,5
2,GET,201,6
2,GET,202,3
2,GET,203,1
2,GET,204,3
2,GET,205,4
2,GET,206,5
2,GET,207,2
2,GET,208,6
2,GET,209,5
2,GET,210,6
2,GET,211,5
2,GET,212,5
2,GET,213,3
2,GET,214,3
2,GET,215,4
2,GET,216,2
2,GET,217,3
2,GET,218,2
2,GET,219,1
2,GET,220,4
2,GET,221,3
2,GET,222,2
2,GET,223,5
2,GET,224,3
2,GET,225,4
2,GET,227,2
2,GET,228,2
2,GET,229,4
2,GET,230,6
2,GET,231,2
2,GET,232,1
2,GET,233,2
2,GET,234,1
2,GET,235,2
2,GET,236,3
2,GET,237,1
2,GET,239,2
2,GET,240,1
2,GET,243,1
2,GET,245,4
2,GET,246,1
2,GET,247,1
2,GET,248,1
2,GET,249,1
2,GET,250,2
2,GET,253,2
2,GET,254,1
2,GET,257,3
2,GET,259,1
2,GET,261,1
2,GET,263,1
2,GET,265,3
2,GET,267,4
2,GET,269,1
2,GET,271,1
2,GET,273,1
2,GET,275,3
2,GET,277,1
2,GET,279,2
2,GET,281,1
2,GET,283,2
2,GET,285,1
2,GET,287,2
2,GET,289,1
2,GET,291,2
2,GET,293,2
2,GET,295,2
2,GET,297,2
2,GET,299,2
2,GET,303,2
2,GET,305,2
2,GET,307,2
2,GET,311,2
2,GET,313,1
2,GET,317,1
2,GET,319,2
2,GET,323,1
2,GET,331,1
2,GET,337,1
2,GET,339,1
2,GET,341,1
2,GET,343,2
2,GET,349,1
2,GET,351,1
2,GET,355,2
2,GET,357,1
2,GET,359,1
2,GET,363,1
2,GET,365,1
2,GET,369,1
2,GET,375,1
2,GET,383,1
2,GET,385,1
2,GET,387,1
2,GET,389,1
2,GET,391,1
2,GET,393,1
2,GET,395,1
2,GET,399,1
2,GET,401,1
2,GET,409,1
2,GET,411,2
2,GET,431,1
2,GET,433,2
2,GET,437,1
2,GET,439,1
2,GET,447,1
2,GET,449,1
2,GET,451,1
2,GET,457,1
2,GET,461,1
2,GET,467,1
2,GET,471,2
2,GET,479,2
2,GET,481,2
2,GET,483,2
2,GET,485,1
2,GET,487,3
2,GET,493,1
2,GET,495,1
2,GET,497,1
2,GET,503,1
2,GET,505,2
2,GET,507,1
2,GET,515,2
2,GET,523,1
2,GET,531,1
2,GET,535,1
2,GET,539,1
2,GET,543,3
2,GET,547,1
2,GET,551,2
2,GET,555,2
2,GET,559,1
2,GET,567,3
2,GET,571,1
2,GET,575,2
2,GET,579,1
2,GET,583,2
2,GET,587,3
2,GET,591,2
2,GET,595,3
2,GET,599,4
2,GET,603,2
2,GET,607,1
2,GET,619,1
2,GET,627,2
2,GET,635,4
2,GET,639,4
2,GET,643,1
2,GET,647,2
2,GET,651,2
2,GET,655,2
2,GET,659,1
2,GET,663,2
2,GET,667,3
2,GET,671,2
2,GET,675,1
2,GET,679,3
2,GET,683,3
2,GET,687,2
2,GET,695,2
2,GET,699,2
2,GET,703,6
2,GET,707,3
2,GET,715,2
2,GET,719,5
2,GET,723,2
2,GET,735,2
2,GET,739,1
2,GET,743,1
2,GET,755,2
2,GET,759,4
2,GET,763,3
2,GET,767,1
2,GET,775,1
2,GET,783,1
2,GET,787,1
2,GET,791,1
2,GET,795,2
2,GET,799,2
2,GET,803,2
2,GET,807,1
2,GET,811,1
2,GET,815,4
2,GET,819,5
2,GET,823,3
2,GET,827,1
2,GET,831,1
2,GET,835,4
2,GET,839,1
2,GET,843,2
2,GET,847,3
2,GET,855,6
2,GET,859,2
2,GET,863,2
2,GET,867,2
2,GET,871,2
2,GET,875,4
2,GET,879,3
2,GET,883,3
2,GET,887,3
2,GET,891,1
2,GET,895,3
2,GET,907,3
2,GET,911,2
2,GET,915,1
2,GET,919,3
2,GET,923,5
2,GET,927,1
2,GET,931,1
2,GET,935,1
2,GET,939,3
2,GET,943,3
2,GET,951,1
2,GET,955,3
2,GET,959,1
2,GET,963,1
2,GET,967,1
2,GET,971,1
2,GET,975,3
2,GET,979,2
2,GET,983,2
2,GET,987,2
2,GET,991,5
2,GET,995,3
2,GET,999,1
2,GET,1011,2
2,GET,1015,1
2,GET,1019,1
2,GET,1023,2
2,GET,1031,4
2,GET,1039,2
2,GET,1047,4
2,GET,1055,5
2,GET,1063,5
2,GET,1071,2
2,GET,1079,1
2,GET,1087,8
2,GET,1095,7
2,GET,1103,3
2,GET,1111,2
2,GET,1119,4
2,GET,1127,3
2,GET,1135,3
2,GET,1143,5
2,GET,1151,2
2,GET,1159,6
2,GET,1167,5
2,GET,1175,1
2,GET,1183,4
2,GET,1191,2
2,GET,1199,5
2,GET,1207,1
2,GET,1215,4
2,GET,1223,4
2,GET,1231,4
2,GET,1239,4
2,GET,1247,2
2,GET,1255,2
2,GET,1263,7
2,GET,1271,3
2,GET,1279,1
2,GET,1287,2
2,GET,1303,3
2,GET,1311,3
2,GET,1319,2
2,GET,1327,4
2,GET,1335,2
2,GET,1343,4
2,GET,1351,4
2,GET,1359,3
2,GET,1367,3
2,GET,1375,3
2,GET,1383,7
2,GET,1391,5
2,GET,1399,5
2,GET,1407,7
2,GET,1415,5
2,GET,1423,7
2,GET,1431,3
2,GET,1439,3
2,GET,1447,7
2,GET,1455,4
2,GET,1463,4
2,GET,1471,6
2,GET,1479,4
2,GET,1487,7
2,GET,1495,3
2,GET,1503,3
2,GET,1511,3
2,GET,1519,1
2,GET,1527,7
2,GET,1535,1
2,GET,1543,2
2,GET,1551,2
2,GET,1559,5
2,GET,1567,1
2,GET,1575,3
2,GET,1583,3
2,GET,1591,3
2,GET,1599,2
2,GET,1607,1
2,GET,1615,6
2,GET,1623,1
2,GET,1631,4
2,GET,1639,3
2,GET,1647,2
2,GET,1655,4
2,GET,1663,3
2,GET,1671,5
2,GET,1679,4
2,GET,1687,5
2,GET,1695,3
2,GET,1703,3
2,GET,1711,2
2,GET,1719,3
2,GET,1727,1
2,GET,1735,4
2,GET,1743,2
2,GET,1751,7
2,GET,1767,5
2,GET,1783,5
2,GET,1791,5
2,GET,1799,1
2,GET,1807,4
2,GET,1815,2
2,GET,1823,2
2,GET,1831,1
2,GET,1839,1
2,GET,1847,1
2,GET,1855,4
2,GET,1863,3
2,GET,1871,2
2,GET,1887,6
2,GET,1895,3
2,GET,1903,4
2,GET,1911,2
2,GET,1919,6
2,GET,1927,1
2,GET,1935,2
2,GET,1951,1
2,GET,1959,3
2,GET,1967,3
2,GET,1975,1
2,GET,1983,2
2,GET,1991,5
2,GET,1999,3
2,GET,2007,1
2,GET,2015,3
2,GET,2023,1
2,GET,2031,4
2,GET,2039,2
2,GET,2047,1
2,GET,2063,5
2,GET,2079,6
2,GET,2095,6
2,GET,2111,8
2,GET,2127,4
2,GET,2143,3
2,GET,2159,5
2,GET,2175,5
2,GET,2191,3
2,GET,2207,3
2,GET,2223,1
2,GET,2239,3
2,GET,2255,4
2,GET,2271,2
2,GET,2287,4
2,GET,2303,7
2,GET,2319,4
2,GET,2335,10
2,GET,2351,6
2,GET,2367,4
2,GET,2383,8
2,GET,2399,3
2,GET,2415,7
2,GET,2431,6
2,GET,2447,2
2,GET,2463,3
2,GET,2479,2
2,GET,2495,6
2,GET,2511,7
2,GET,2527,2
2,GET,2543,6
2,GET,2559,3
2,GET,2575,5
2,GET,2591,3
2,GET,2607,4
2,GET,2623,5
2,GET,2639,6
2,GET,2655,7
2,GET,2687,7
2,GET,2703,4
2,GET,2719,5
2,GET,2735,3
2,GET,2767,4
2,GET,2783,7
2,GET,2799,10
2,GET,2815,6
2,GET,2831,6
2,GET,2847,5
2,GET,2863,3
2,GET,2879,4
2,GET,2895,8
2,GET,2911,4
2,GET,2927,7
2,GET,2943,6
2,GET,2959,6
2,GET,2975,4
2,GET,2991,4
2,GET,3007,8
2,GET,3023,6
2,GET,3039,6
2,GET,3055,4
2,GET,3071,7
2,GET,3087,5
2,GET,3103,3
2,GET,3119,4
2,GET,3135,4
2,GET,3151,7
2,GET,3167,9
2,GET,3183,8
2,GET,3199,7
2,GET,3215,7
2,GET,3231,6
2,GET,3247,5
2,GET,3263,7
2,GET,3279,4
2,GET,3295,2
2,GET,3311,6
2,GET,3327,5
2,GET,3343,6
2,GET,3359,8
2,GET,3375,7
2,GET,3391,7
2,GET,3407,2
2,GET,3423,6
2,GET,3439,9
2,GET,3455,10
2,GET,3471,9
2,GET,3487,4
2,GET,3503,5
2,GET,3519,6
2,GET,3535,5
2,GET,3551,2
2,GET,3567,2
2,GET,3583,7
2,GET,3599,2
2,GET,3615,4
2,GET,3631,4
2,GET,3647,1
2,GET,3663,9
2,GET,3679,5
2,GET,3695,6
2,GET,3711,5
2,GET,3727,1
2,GET,3743,5
2,GET,3759,6
2,GET,3775,6
2,GET,3791,6
2,GET,3807,7
2,GET,3823,5
2,GET,3839,6
2,GET,3871,5
2,GET,3887,3
2,GET,3919,8
2,GET,3935,10
2,GET,3951,6
2,GET,3967,9
2,GET,3983,9
2,GET,3999,2
2,GET,4015,5
2,GET,4031,5
2,GET,4047,7
2,GET,4063,1
2,GET,4079,6
2,GET,4095,4
2,GET,4127,10
2,GET,4159,13
2,GET,4191,13
2,GET,4223,13
2,GET,4255,10
2,GET,4287,10
2,GET,4319,13
2,GET,4351,9
2,GET,4383,12
2,GET,4415,9
2,GET,4447,5
2,GET,4479,9
2,GET,4511,6
2,GET,4543,6
2,GET,4575,8
2,GET,4607,6
2,GET,4639,9
2,GET,4671,10
2,GET,4703,12
2,GET,4735,1
2,GET,4767,5
2,GET,4799,9
2,GET,4831,6
2,GET,4863,8
2,GET,4895,5
2,GET,4927,8
2,GET,4959,8
2,GET,4991,9
2,GET,5023,6
2,GET,5055,7
2,GET,5087,5
2,GET,5119,6
2,GET,5151,7
2,GET,5183,7
2,GET,5215,5
2,GET,5247,9
2,GET,5279,9
2,GET,5311,3
2,GET,5343,5
2,GET,5375,8
2,GET,5407,4
2,GET,5439,4
2,GET,5471,3
2,GET,5503,5
2,GET,5535,4
2,GET,5567,4
2,GET,5599,7
2,GET,5631,5
2,GET,5663,4
2,GET,5695,8
2,GET,5727,4
2,GET,5759,3
2,GET,5823,5
2,GET,5855,5
2,GET,5887,3
2,GET,5919,2
2,GET,5951,3
2,GET,5983,4
2,GET,6015,2
2,GET,6047,2
2,GET,6079,2
2,GET,6111,2
2,GET,6143,3
2,GET,6175,2
2,GET,6207,3
2,GET,6239,1
2,GET,6271,3
2,GET,6303,3
2,GET,6335,4
2,GET,6367,2
2,GET,6399,2
2,GET,6431,3
2,GET,6463,3
2,GET,6495,2
2,GET,6527,1
2,GET,6559,2
2,GET,6591,3
2,GET,6623,4
2,GET,6655,3
2,GET,6719,5
2,GET,6751,1
2,GET,6783,1
2,GET,6815,2
2,GET,6847,1
2,GET,6879,2
2,GET,6911,1
2,GET,6943,3
2,GET,7007,1
2,GET,7039,1
2,GET,7103,2
2,GET,7199,4
2,GET,7263,2
2,GET,7327,1
2,GET,7519,1
2,GET,7647,2
2,GET,7711,2
2,GET,7775,1
2,GET,7839,2
2,GET,7935,1
2,GET,7967,1
2,GET,8031,2
2,GET,8095,1
2,GET,8127,1
2,GET,8255,1
2,GET,8383,1
2,GET,8575,2
2,GET,8703,1
2,GET,9343,1
2,GET,9535,1
2,GET,9663,1
2,GET,9855,1
2,GET,11583,1
2,DEL,159,1
2,DEL,162,1
2,DEL,167,2
2,DEL,168,1
2,DEL,172,2
2,DEL,173,2
2,DEL,174,1
2,DEL,176,3
2,DEL,178,1
2,DEL,179,3
2,DEL,184,1
2,DEL,186,1
2,DEL,187,2
2,DEL,188,2
2,DEL,189,1
2,DEL,190,1
2,DEL,191,1
2,DEL,192,1
2,DEL,193,2
2,DEL,194,2
2,DEL,195,3
2,DEL,198,1
2,DEL,199,2
2,DEL,200,2
2,DEL,202,2
2,DEL,204,1
2,DEL,205,1
2,DEL,206,1
2,DEL,208,1
2,DEL,209,2
2,DEL,210,1
2,DEL,211,1
2,DEL,212,2
2,DEL,214,3
2,DEL,216,1
2,DEL,217,1
2,DEL,218,2
2,DEL,220,1
2,DEL,223,2
2,DEL,226,2
2,DEL,228,2
2,DEL,230,1
2,DEL,233,2
2,DEL,236,1
2,DEL,238,3
2,DEL,244,1
2,DEL,246,1
2,DEL,250,1
2,DEL,257,2
2,DEL,263,1
2,DEL,265,2
2,DEL,267,1
2,DEL,269,1
2,DEL,277,1
2,DEL,279,1
2,DEL,283,1
2,DEL,285,1
2,DEL,287,1
2,DEL,297,1
2,DEL,301,1
2,DEL,317,1
2,DEL,321,1
2,DEL,325,1
2,DEL,331,1
2,DEL,335,1
2,DEL,339,1
2,DEL,345,1
2,DEL,353,1
2,DEL,355,1
2,DEL,373,2
2,DEL,381,1
2,DEL,401,1
2,DEL,421,1
2,DEL,445,1
2,DEL,459,1
2,DEL,461,1
2,DEL,479,1
2,DEL,481,1
2,DEL,489,1
2,DEL,491,1
2,DEL,497,1
2,DEL,499,2
2,DEL,511,1
2,DEL,519,2
2,DEL,523,1
2,DEL,527,1
2,DEL,531,1
2,DEL,551,1
2,DEL,555,3
2,DEL,563,1
2,DEL,575,1
2,DEL,587,1
2,DEL,595,1
2,DEL,599,1
2,DEL,611,2
2,DEL,615,2
2,DEL,623,2
2,DEL,631,1
2,DEL,647,1
2,DEL,651,1
2,DEL,671,1
2,DEL,679,1
2,DEL,695,1
2,DEL,703,2
2,DEL,707,1
2,DEL,735,3
2,DEL,743,1
2,DEL,751,1
2,DEL,755,1
2,DEL,767,3
2,DEL,771,1
2,DEL,775,2
2,DEL,779,1
2,DEL,791,1
2,DEL,803,1
2,DEL,811,1
2,DEL,819,1
2,DEL,823,1
2,DEL,827,1
2,DEL,831,1
2,DEL,835,1
2,DEL,843,1
2,DEL,847,1
2,DEL,851,1
2,DEL,859,2
2,DEL,863,1
2,DEL,879,2
2,DEL,903,2
2,DEL,907,2
2,DEL,911,1
2,DEL,915,1
2,DEL,931,1
2,DEL,939,1
2,DEL,947,1
2,DEL,955,1
2,DEL,959,1
2,DEL,971,2
2,DEL,991,1
2,DEL,999,1
2,DEL,1007,2
2,DEL,1031,2
2,DEL,1039,1
2,DEL,1047,1
2,DEL,1063,2
2,DEL,1095,1
2,DEL,1111,1
2,DEL,1119,1
2,DEL,1135,1
2,DEL,1143,1
2,DEL,1151,1
2,DEL,1167,2
2,DEL,1175,3
2,DEL,1183,2
2,DEL,1191,2
2,DEL,1207,1
2,DEL,1215,1
2,DEL,1239,1
2,DEL,1263,1
2,DEL,1271,1
2,DEL,1279,2
2,DEL,1287,2
2,DEL,1295,1
2,DEL,1303,1
2,DEL,1311,1
2,DEL,1335,1
2,DEL,1343,1
2,DEL,1367,3
2,DEL,1375,1
2,DEL,1399,1
2,DEL,1407,1
2,DEL,1455,1
2,DEL,1463,1
2,DEL,1503,2
2,DEL,1519,1
2,DEL,1527,1
2,DEL,1575,1
2,DEL,1599,2
2,DEL,1623,1
2,DEL,1631,1
2,DEL,1639,3
2,DEL,1647,1
2,DEL,1663,1
2,DEL,1671,1
2,DEL,1679,1
2,DEL,1703,1
2,DEL,1719,1
2,DEL,1727,1
2,DEL,1759,1
2,DEL,1799,1
2,DEL,1815,1
2,DEL,1823,1
2,DEL,1831,1
2,DEL,1839,1
2,DEL,1863,1
2,DEL,1871,1
2,DEL,1887,2
2,DEL,1895,1
2,DEL,1903,1
2,DEL,1951,2
2,DEL,1959,1
2,DEL,2007,1
2,DEL,2047,2
2,DEL,2111,1
2,DEL,2127,2
2,DEL,2159,1
2,DEL,2223,1
2,DEL,2239,2
2,DEL,2271,3
2,DEL,2287,1
2,DEL,2335,1
2,DEL,2415,5
2,DEL,2447,1
2,DEL,2527,1
2,DEL,2559,1
2,DEL,2639,1
2,DEL,2671,1
2,DEL,2735,3
2,DEL,2751,1
2,DEL,2767,1
2,DEL,2991,1
2,DEL,3151,1
2,DEL,3183,1
2,DEL,3231,2
2,DEL,3247,1
2,DEL,3263,1
2,DEL,3295,1
2,DEL,3311,1
2,DEL,3343,2
2,DEL,3375,3
2,DEL,3391,2
2,DEL,3407,1
2,DEL,3439,1
2,DEL,3567,1
2,DEL,3599,1
2,DEL,3631,1
2,DEL,3695,1
2,DEL,3727,2
2,DEL,3775,1
2,DEL,3839,1
2,DEL,3855,1
2,DEL,3871,1
2,DEL,3903,1
2,DEL,3919,1
2,DEL,3999,1
2,DEL,4015,1
2,DEL,4031,1
2,DEL,4079,1
2,DEL,4255,3
2,DEL,4287,1
2,DEL,4319,1
2,DEL,4351,1
2,DEL,4383,1
2,DEL,4415,1
2,DEL,4447,3
2,DEL,4479,4
2,DEL,4511,4
2,DEL,4543,1
2,DEL,4575,1
2,DEL,4607,2
2,DEL,4639,2
2,DEL,4671,1
2,DEL,4703,2
2,DEL,4735,2
2,DEL,4831,2
2,DEL,4895,2
2,DEL,4927,2
2,DEL,4959,2
2,DEL,4991,2
2,DEL,5023,1
2,DEL,5055,1
2,DEL,5119,1
2,DEL,5151,1
2,DEL,5183,2
2,DEL,5215,2
2,DEL,5247,1
2,DEL,5279,2
2,DEL,5343,1
2,DEL,5375,1
2,DEL,5407,2
2,DEL,5439,3
2,DEL,5503,2
2,DEL,5535,1
2,DEL,5567,1
2,DEL,5631,1
2,DEL,5663,2
2,DEL,5695,3
2,DEL,5727,2
2,DEL,5759,1
2,DEL,5791,2
2,DEL,5823,1
2,DEL,5887,3
2,DEL,5951,1
2,DEL,6015,1
2,DEL,6111,1
2,DEL,6143,1
2,DEL,6175,3
2,DEL,6207,1
2,DEL,6335,2
2,DEL,6367,1
2,DEL,6399,1
2,DEL,6431,4
2,DEL,6463,2
2,DEL,6559,1
2,DEL,6623,3
2,DEL,6719,1
2,DEL,6751,2
2,DEL,6783,1
2,DEL,6815,2
2,DEL,6847,1
2,DEL,7039,1
2,DEL,7071,2
2,DEL,7103,1
2,DEL,7135,2
2,DEL,7199,1
2,DEL,7263,1
2,DEL,7295,1
2,DEL,7327,2
2,DEL,7359,2
2,DEL,7455,3
2,DEL,7487,2
2,DEL,7615,1
2,DEL,7647,1
2,DEL,7711,2
2,DEL,7807,1
2,DEL,7839,1
2,DEL,7871,1
2,DEL,7935,1
2,DEL,7967,1
2,DEL,7999,1
2,DEL,8159,1
2,DEL,8191,2
2,DEL,8255,2
2,DEL,8447,1
2,DEL,8639,1
2,DEL,8831,1
2,DEL,8895,1
2,DEL,9215,2
2,DEL,9535,1
2,DEL,9663,2
2,DEL,9791,1
2,DEL,9855,1
2,DEL,10111,1
2,DEL,10175,1
2,DEL,10239,1
2,DEL,10367,1
2,DEL,10623,1
2,DEL,10815,1
2,DEL,11135,1
2,DEL,11391,1
2,DEL,12479,1
2,DEL,12543,1
2,DEL,17023,1
2,DEL,23423,1
2,DEL,24063,1
2,DEL,25087,1
2,DEL,25215,2
2,DEL,27007,1
2,DEL,27263,1
2,DEL,27391,1
2,DEL,28543,1
2,DEL,29183,1
2,DEL,35583,1
2,DEL,37119,1
2,DEL,37375,1
2,DEL,38399,2
2,DEL,38655,1
2,DEL,39679,2
2,DEL,40959,1
2,DEL,43007,1
2,DEL,46079,1
2,DEL,47103,1
2,DEL,48895,1
2,DEL,49663,1
2,DEL,51455,1
2,DEL,52735,1
2,DEL,52991,1
2,DEL,54015,1
2,DEL,55551,1
2,DEL,56063,1
2,DEL,57343,2
2,DEL,57855,2
2,DEL,59647,3
2,DEL,59903,4
2,DEL,60415,1
2,DEL,60671,2
2,DEL,60927,2
2,DEL,61183,3
2,DEL,61439,2
2,DEL,62207,2
2,DEL,62463,1
2,DEL,62719,4
2,DEL,62975,3
2,DEL,63231,5
2,DEL,63487,3
2,DEL,63743,2
2,DEL,63999,3
2,DEL,64511,4
2,DEL,64767,6
2,DEL,65023,4
2,DEL,65279,6
2,DEL,65535,1
2,DEL,66047,6
2,DEL,66559,10
2,DEL,67071,10
2,DEL,67583,14
2,DEL,68095,10
2,DEL,68607,8
2,DEL,69119,9
2,DEL,69631,11
2,DEL,70143,7
2,DEL,70655,7
2,DEL,71167,10
2,DEL,71679,7
2,DEL,72191,10
2,DEL,72703,10
2,DEL,73215,8
2,DEL,73727,6
2,DEL,74239,3
2,DEL,74751,7
2,DEL,75263,7
2,DEL,75775,7
2,DEL,76287,6
2,DEL,76799,5
2,DEL,77311,3
2,DEL,77823,3
2,DEL,78335,3
2,DEL,78847,2
2,DEL,79359,2
2,DEL,79871,1
2,DEL,80383,3
2,DEL,80895,1
2,DEL,81919,1
2,DEL,82431,1
2,DEL,82943,1
2,DEL,83455,1
2,DEL,84479,1
3,DEL,120,1
3,DEL,130,1
3,DEL,136,1
3,DEL,141,1
3,DEL,142,1
3,DEL,144,2
3,DEL,152,1
3,DEL,157,4
3,DEL,160,1
3,DEL,164,1
3,DEL,165,2
3,DEL,166,1
3,DEL,168,3
3,DEL,169,1
3,DEL,170,2
3,DEL,171,1
3,DEL,174,1
3,DEL,175,1
3,DEL,176,1
3,DEL,177,2
3,DEL,178,1
3,DEL,179,2
3,DEL,183,1
3,DEL,184,2
3,DEL,186,2
3,DEL,187,1
3,DEL,189,3
3,DEL,190,1
3,DEL,191,3
3,DEL,192,3
3,DEL,194,2
3,DEL,195,1
3,DEL,196,2
3,DEL,198,1
3,DEL,200,2
3,DEL,201,1
3,DEL,202,1
3,DEL,204,2
3,DEL,205,1
3,DEL,207,1
3,DEL,208,4
3,DEL,209,4
3,DEL,210,2
3,DEL,211,2
3,DEL,212,2
3,DEL,213,2
3,DEL,216,1
3,DEL,218,1
3,DEL,219,2
3,DEL,222,2
3,DEL,224,1
3,DEL,227,1
3,DEL,228,1
3,DEL,229,2
3,DEL,230,1
3,DEL,231,2
3,DEL,232,1
3,DEL,233,1
3,DEL,234,1
3,DEL,237,1
3,DEL,240,1
3,DEL,241,1
3,DEL,243,2
3,DEL,244,1
3,DEL,245,1
3,DEL,246,1
3,DEL,252,1
3,DEL,257,2
3,DEL,261,2
3,DEL,265,2
3,DEL,273,1
3,DEL,283,1
3,DEL,291,1
3,DEL,295,1
3,DEL,297,1
3,DEL,301,1
3,DEL,303,2
3,DEL,311,1
3,DEL,315,2
3,DEL,319,3
3,DEL,333,1
3,DEL,347,1
3,DEL,361,1
3,DEL,381,1
3,DEL,383,1
3,DEL,389,2
3,DEL,395,1
3,DEL,411,1
3,DEL,415,1
3,DEL,419,1
3,DEL,439,1
3,DEL,445,1
3,DEL,447,1
3,DEL,453,1
3,DEL,455,2
3,DEL,457,1
3,DEL,469,1
3,DEL,471,2
3,DEL,475,1
3,DEL,481,1
3,DEL,489,1
3,DEL,499,1
3,DEL,503,1
3,DEL,519,1
3,DEL,531,1
3,DEL,559,1
3,DEL,563,2
3,DEL,567,1
3,DEL,575,1
3,DEL,583,1
3,DEL,595,1
3,DEL,599,2
3,DEL,611,2
3,DEL,615,1
3,DEL,619,1
3,DEL,639,1
3,DEL,643,1
3,DEL,647,2
3,DEL,655,2
3,DEL,663,1
3,DEL,671,1
3,DEL,675,1
3,DEL,679,1
3,DEL,695,1
3,DEL,703,1
3,DEL,715,1
3,DEL,719,1
3,DEL,723,1
3,DEL,727,1
3,DEL,747,1
3,DEL,755,1
3,DEL,759,1
3,DEL,767,1
3,DEL,775,1
3,DEL,779,1
3,DEL,783,2
3,DEL,787,1
3,DEL,807,3
3,DEL,819,1
3,DEL,835,1
3,DEL,839,1
3,DEL,847,2
3,DEL,871,1
3,DEL,875,1
3,DEL,879,1
3,DEL,887,3
3,DEL,891,3
3,DEL,899,3
3,DEL,907,1
3,DEL,911,2
3,DEL,919,1
3,DEL,951,1
3,DEL,959,1
3,DEL,967,1
3,DEL,975,1
3,DEL,979,2
3,DEL,983,2
3,DEL,987,1
3,DEL,1003,1
3,DEL,1007,1
3,DEL,1031,1
3,DEL,1047,1
3,DEL,1055,1
3,DEL,1071,2
3,DEL,1079,2
3,DEL,1087,2
3,DEL,1095,1
3,DEL,1143,1
3,DEL,1159,1
3,DEL,1175,1
3,DEL,1183,1
3,DEL,1207,1
3,DEL,1223,1
3,DEL,1231,2
3,DEL,1239,2
3,DEL,1247,1
3,DEL,1255,1
3,DEL,1263,1
3,DEL,1271,2
3,DEL,1279,1
3,DEL,1295,2
3,DEL,1303,3
3,DEL,1311,1
3,DEL,1319,1
3,DEL,1327,1
3,DEL,1335,1
3,DEL,1351,1
3,DEL,1367,1
3,DEL,1375,1
3,DEL,1399,1
3,DEL,1407,1
3,DEL,1415,1
3,DEL,1431,2
3,DEL,1447,1
3,DEL,1463,1
3,DEL,1503,1
3,DEL,1519,3
3,DEL,1527,1
3,DEL,1535,4
3,DEL,1543,1
3,DEL,1559,2
3,DEL,1583,1
3,DEL,1591,1
3,DEL,1607,1
3,DEL,1615,1
3,DEL,1623,2
3,DEL,1647,1
3,DEL,1703,1
3,DEL,1743,1
3,DEL,1759,1
3,DEL,1855,1
3,DEL,1863,1
3,DEL,1879,1
3,DEL,1959,1
3,DEL,2063,1
3,DEL,2095,1
3,DEL,2143,1
3,DEL,2159,1
3,DEL,2175,1
3,DEL,2207,1
3,DEL,2303,1
3,DEL,2447,2
3,DEL,2495,1
3,DEL,2543,1
3,DEL,2591,1
3,DEL,2671,2
3,DEL,2703,1
3,DEL,2719,1
3,DEL,2767,1
3,DEL,2783,1
3,DEL,2799,1
3,DEL,2863,1
3,DEL,2879,1
3,DEL,2943,2
3,DEL,2959,1
3,DEL,2975,1
3,DEL,2991,1
3,DEL,3007,1
3,DEL,3071,1
3,DEL,3103,1
3,DEL,3135,1
3,DEL,3167,1
3,DEL,3199,1
3,DEL,3247,2
3,DEL,3263,1
3,DEL,3279,1
3,DEL,3423,2
3,DEL,3455,1
3,DEL,3519,1
3,DEL,3535,1
3,DEL,3567,1
3,DEL,3583,1
3,DEL,3615,1
3,DEL,3647,1
3,DEL,3679,1
3,DEL,3711,3
3,DEL,3743,2
3,DEL,3791,1
3,DEL,3823,2
3,DEL,3855,1
3,DEL,3871,1
3,DEL,3887,1
3,DEL,3903,1
3,DEL,3935,1
3,DEL,3951,1
3,DEL,3967,1
3,DEL,3983,2
3,DEL,3999,2
3,DEL,4095,1
3,DEL,4127,2
3,DEL,4191,2
3,DEL,4255,3
3,DEL,4287,2
3,DEL,4319,1
3,DEL,4351,1
3,DEL,4383,1
3,DEL,4415,3
3,DEL,4479,3
3,DEL,4511,1
3,DEL,4543,3
3,DEL,4575,1
3,DEL,4607,2
3,DEL,4735,1
3,DEL,4767,2
3,DEL,4799,3
3,DEL,4831,2
3,DEL,4863,2
3,DEL,4895,3
3,DEL,5055,1
3,DEL,5087,3
3,DEL,5119,1
3,DEL,5183,1
3,DEL,5215,1
3,DEL,5247,3
3,DEL,5279,1
3,DEL,5311,2
3,DEL,5343,1
3,DEL,5375,1
3,DEL,5439,2
3,DEL,5471,1
3,DEL,5503,1
3,DEL,5599,1
3,DEL,5695,1
3,DEL,5791,2
3,DEL,5823,1
3,DEL,5855,1
3,DEL,5919,1
3,DEL,6015,2
3,DEL,6047,1
3,DEL,6079,2
3,DEL,6111,1
3,DEL,6143,3
3,DEL,6271,2
3,DEL,6367,2
3,DEL,6399,1
3,DEL,6463,3
3,DEL,6527,1
3,DEL,6559,1
3,DEL,6623,4
3,DEL,6655,2
3,DEL,6687,1
3,DEL,6751,2
3,DEL,6783,2
3,DEL,6847,2
3,DEL,6911,1
3,DEL,6975,1
3,DEL,7007,1
3,DEL,7071,1
3,DEL,7135,2
3,DEL,7295,2
3,DEL,7327,1
3,DEL,7423,1
3,DEL,7455,1
3,DEL,7679,1
3,DEL,7711,3
3,DEL,7743,1
3,DEL,7903,1
3,DEL,8095,1
3,DEL,8383,2
3,DEL,8447,2
3,DEL,8575,2
3,DEL,8639,1
3,DEL,8703,1
3,DEL,8831,2
3,DEL,8959,1
3,DEL,9087,1
3,DEL,9407,1
3,DEL,9599,1
3,DEL,9983,1
3,DEL,10431,1
3,DEL,10495,1
3,DEL,11327,1
3,DEL,11711,1
3,DEL,12223,1
3,DEL,14015,1
3,DEL,14207,1
3,DEL,15295,1
3,DEL,15871,1
3,DEL,18047,1
3,DEL,19455,1
3,DEL,20863,1
3,DEL,21759,1
3,DEL,24319,1
3,DEL,24575,1
3,DEL,24703,1
3,DEL,25215,2
3,DEL,26751,1
3,DEL,27135,1
3,DEL,27647,1
3,DEL,30975,1
3,DEL,32383,1
3,DEL,33535,1
3,DEL,34303,1
3,DEL,34559,1
3,DEL,37119,1
3,DEL,37887,1
3,DEL,39167,1
3,DEL,41727,1
3,DEL,42239,2
3,DEL,43263,1
3,DEL,45311,1
3,DEL,45567,1
3,DEL,47103,1
3,DEL,47871,1
3,DEL,51455,1
3,DEL,52223,1
3,DEL,55295,1
3,DEL,55551,1
3,DEL,56831,1
3,DEL,57087,1
3,DEL,57343,1
3,DEL,57855,1
3,DEL,58367,1
3,DEL,58623,1
3,DEL,58879,1
3,DEL,59391,1
3,DEL,59647,2
3,DEL,60159,1
3,DEL,60415,1
3,DEL,60671,4
3,DEL,61183,1
3,DEL,61439,1
3,DEL,61695,2
3,DEL,62207,1
3,DEL,62463,1
3,DEL,62719,1
3,DEL,62975,5
3,DEL,63231,2
3,DEL,63487,4
3,DEL,63743,2
3,DEL,63999,4
3,DEL,64255,4
3,DEL,64511,1
3,DEL,64767,3
3,DEL,65023,6
3,DEL,65279,3
3,DEL,65535,3
3,DEL,66047,8
3,DEL,66559,14
3,DEL,67071,8
3,DEL,67583,10
3,DEL,68095,16
3,DEL,68607,4
3,DEL,69119,16
3,DEL,69631,8
3,DEL,70143,5
3,DEL,70655,8
3,DEL,71167,12
3,DEL,71679,7
3,DEL,72191,5
3,DEL,72703,3
3,DEL,73215,8
3,DEL,73727,8
3,DEL,74239,5
3,DEL,74751,8
3,DEL,75263,8
3,DEL,75775,9
3,DEL,76287,2
3,DEL,76799,9
3,DEL,77311,4
3,DEL,77823,5
3,DEL,78335,2
3,DEL,78847,3
3,DEL,79359,3
3,DEL,79871,4
3,DEL,80383,1
3,DEL,80895,3
3,DEL,81407,1
3,DEL,81919,2
3,DEL,83455,3
3,DEL,84479,1
3,DEL,86015,1
3,GET,123,1
3,GET,136,1
3,GET,138,1
3,GET,139,1
3,GET,147,1
3,GET,148,1
3,GET,150,3
3,GET,154,1
3,GET,156,1
3,GET,157,3
3,GET,158,1
3,GET,159,2
3,GET,160,2
3,GET,161,4
3,GET,162,1
3,GET,163,1
3,GET,164,2
3,GET,165,3
3,GET,167,1
3,GET,168,2
3,GET,169,4
3,GET,170,4
3,GET,171,5
3,GET,172,2
3,GET,173,3
3,GET,174,6
3,GET,175,2
3,GET,177,2
3,GET,178,6
3,GET,179,1
3,GET,180,3
3,GET,181,4
3,GET,182,4
3,GET,183,4
3,GET,184,4
3,GET,185,7
3,GET,186,4
3,GET,187,2
3,GET,188,6
3,GET,189,6
3,GET,190,3
3,GET,191,6
3,GET,192,1
3,GET,193,2
3,GET,194,9
3,GET,195,6
3,GET,196,3
3,GET,197,3
3,GET,198,4
3,GET,199,2
3,GET,200,3
3,GET,201,1
3,GET,202,5
3,GET,203,2
3,GET,204,5
3,GET,205,2
3,GET,206,1
3,GET,207,2
3,GET,208,3
3,GET,209,4
3,GET,210,1
3,GET,211,8
3,GET,212,3
3,GET,213,2
3,GET,214,2
3,GET,215,6
3,GET,217,3
3,GET,218,3
3,GET,219,1
3,GET,220,4
3,GET,221,2
3,GET,222,2
3,GET,223,3
3,GET,224,4
3,GET,225,1
3,GET,226,1
3,GET,228,3
3,GET,229,1
3,GET,230,1
3,GET,231,2
3,GET,232,3
3,GET,233,2
3,GET,234,1
3,GET,235,5
3,GET,236,1
3,GET,238,2
3,GET,239,6
3,GET,240,4
3,GET,241,1
3,GET,242,2
3,GET,243,3
3,GET,244,1
3,GET,245,1
3,GET,246,2
3,GET,247,1
3,GET,249,2
3,GET,250,1
3,GET,252,4
3,GET,253,1
3,GET,254,1
3,GET,255,2
3,GET,257,3
3,GET,259,2
3,GET,263,1
3,GET,265,2
3,GET,267,2
3,GET,269,1
3,GET,273,1
3,GET,277,2
3,GET,281,1
3,GET,285,1
3,GET,287,4
3,GET,289,1
3,GET,291,4
3,GET,293,1
3,GET,295,1
3,GET,301,1
3,GET,303,3
3,GET,305,2
3,GET,309,1
3,GET,313,4
3,GET,319,1
3,GET,321,2
3,GET,325,1
3,GET,329,1
3,GET,331,1
3,GET,333,1
3,GET,339,1
3,GET,341,1
3,GET,351,2
3,GET,353,1
3,GET,355,3
3,GET,359,2
3,GET,361,2
3,GET,363,1
3,GET,367,1
3,GET,371,1
3,GET,389,2
3,GET,391,2
3,GET,397,1
3,GET,401,1
3,GET,405,1
3,GET,407,1
3,GET,415,1
3,GET,417,2
3,GET,419,1
3,GET,421,1
3,GET,425,1
3,GET,437,1
3,GET,441,2
3,GET,447,1
3,GET,449,1
3,GET,451,1
3,GET,453,1
3,GET,455,1
3,GET,457,2
3,GET,461,2
3,GET,463,1
3,GET,465,1
3,GET,469,1
3,GET,481,1
3,GET,485,2
3,GET,489,1
3,GET,491,1
3,GET,493,1
3,GET,495,1
3,GET,499,3
3,GET,501,1
3,GET,505,2
3,GET,507,1
3,GET,509,1
3,GET,511,2
3,GET,515,1
3,GET,519,2
3,GET,523,1
3,GET,527,1
3,GET,531,5
3,GET,535,3
3,GET,539,2
3,GET,543,2
3,GET,551,2
3,GET,555,2
3,GET,559,3
3,GET,563,1
3,GET,567,1
3,GET,571,2
3,GET,575,1
3,GET,583,5
3,GET,587,1
3,GET,595,2
3,GET,599,1
3,GET,603,3
3,GET,607,1
3,GET,615,3
3,GET,619,1
3,GET,623,1
3,GET,627,2
3,GET,631,2
3,GET,635,4
3,GET,639,1
3,GET,643,3
3,GET,651,1
3,GET,655,2
3,GET,659,4
3,GET,663,2
3,GET,667,5
3,GET,671,3
3,GET,675,2
3,GET,683,1
3,GET,687,2
3,GET,695,4
3,GET,699,1
3,GET,703,1
3,GET,707,1
3,GET,715,2
3,GET,719,1
3,GET,723,1
3,GET,727,2
3,GET,731,2
3,GET,739,2
3,GET,743,1
3,GET,747,4
3,GET,755,2
3,GET,763,4
3,GET,767,5
3,GET,771,4
3,GET,779,2
3,GET,783,1
3,GET,787,2
3,GET,791,1
3,GET,795,2
3,GET,803,2
3,GET,807,2
3,GET,811,3
3,GET,815,5
3,GET,823,1
3,GET,827,1
3,GET,831,2
3,GET,839,3
3,GET,847,3
3,GET,851,3
3,GET,855,1
3,GET,859,1
3,GET,867,2
3,GET,871,2
3,GET,875,1
3,GET,879,7
3,GET,883,1
3,GET,887,3
3,GET,891,1
3,GET,903,4
3,GET,907,2
3,GET,911,2
3,GET,915,1
3,GET,919,1
3,GET,923,4
3,GET,927,1
3,GET,935,2
3,GET,939,2
3,GET,943,1
3,GET,947,1
3,GET,951,2
3,GET,955,1
3,GET,963,6
3,GET,967,1
3,GET,971,3
3,GET,975,1
3,GET,983,1
3,GET,987,1
3,GET,991,1
3,GET,999,2
3,GET,1003,1
3,GET,1007,2
3,GET,1015,2
3,GET,1019,4
3,GET,1023,2
3,GET,1031,5
3,GET,1039,6
3,GET,1047,4
3,GET,1055,4
3,GET,1063,4
3,GET,1071,2
3,GET,1079,2
3,GET,1087,3
3,GET,1095,3
3,GET,1111,3
3,GET,1119,4
3,GET,1127,7
3,GET,1135,3
3,GET,1143,1
3,GET,1151,4
3,GET,1159,2
3,GET,1167,3
3,GET,1175,4
3,GET,1183,5
3,GET,1191,2
3,GET,1199,2
3,GET,1207,2
3,GET,1215,2
3,GET,1223,2
3,GET,1231,5
3,GET,1239,4
3,GET,1247,2
3,GET,1255,3
3,GET,1263,8
3,GET,1271,4
3,GET,1279,6
3,GET,1287,3
3,GET,1295,2
3,GET,1303,5
3,GET,1311,2
3,GET,1319,8
3,GET,1327,4
3,GET,1335,3
3,GET,1343,3
3,GET,1351,2
3,GET,1359,6
3,GET,1367,4
3,GET,1375,4
3,GET,1383,3
3,GET,1391,4
3,GET,1399,7
3,GET,1407,7
3,GET,1415,9
3,GET,1423,5
3,GET,1431,11
3,GET,1439,2
3,GET,1447,3
3,GET,1455,4
3,GET,1463,7
3,GET,1471,3
3,GET,1479,8
3,GET,1487,7
3,GET,1495,8
3,GET,1503,4
3,GET,1511,6
3,GET,1519,8
3,GET,1527,6
3,GET,1535,5
3,GET,1543,6
3,GET,1551,3
3,GET,1559,6
3,GET,1567,5
3,GET,1575,2
3,GET,1583,3
3,GET,1591,5
3,GET,1599,6
3,GET,1607,3
3,GET,1615,6
3,GET,1623,4
3,GET,1631,6
3,GET,1639,4
3,GET,1647,2
3,GET,1655,3
3,GET,1663,6
3,GET,1671,3
3,GET,1679,2
3,GET,1687,2
3,GET,1695,4
3,GET,1703,3
3,GET,1711,3
3,GET,1719,4
3,GET,1727,3
3,GET,1735,4
3,GET,1743,5
3,GET,1751,4
3,GET,1759,5
3,GET,1767,3
3,GET,1775,2
3,GET,1783,5
3,GET,1791,2
3,GET,1799,5
3,GET,1807,2
3,GET,1815,4
3,GET,1823,2
3,GET,1831,2
3,GET,1839,1
3,GET,1847,6
3,GET,1855,3
3,GET,1863,1
3,GET,1879,3
3,GET,1887,2
3,GET,1895,2
3,GET,1903,2
3,GET,1911,2
3,GET,1919,1
3,GET,1927,5
3,GET,1935,4
3,GET,1943,6
3,GET,1951,1
3,GET,1959,1
3,GET,1967,2
3,GET,1975,2
3,GET,1983,4
3,GET,1991,1
3,GET,1999,2
3,GET,2007,2
3,GET,2023,2
3,GET,2039,6
3,GET,2047,3
3,GET,2063,4
3,GET,2079,5
3,GET,2111,5
3,GET,2127,5
3,GET,2143,4
3,GET,2159,5
3,GET,2175,4
3,GET,2191,4
3,GET,2207,1
3,GET,2223,2
3,GET,2239,7
3,GET,2255,3
3,GET,2271,4
3,GET,2287,2
3,GET,2303,9
3,GET,2319,9
3,GET,2335,6
3,GET,2351,3
3,GET,2367,4
3,GET,2383,6
3,GET,2399,6
3,GET,2415,4
3,GET,2431,3
3,GET,2447,3
3,GET,2463,4
3,GET,2479,4
3,GET,2495,7
3,GET,2511,4
3,GET,2527,5
3,GET,2543,7
3,GET,2559,6
3,GET,2575,4
3,GET,2591,6
3,GET,2607,2
3,GET,2623,3
3,GET,2639,4
3,GET,2655,5
3,GET,2671,3
3,GET,2687,4
3,GET,2703,3
3,GET,2719,4
3,GET,2735,3
3,GET,2751,3
3,GET,2767,5
3,GET,2783,4
3,GET,2799,4
3,GET,2815,4
3,GET,2831,4
3,GET,2847,7
3,GET,2863,5
3,GET,2879,7
3,GET,2895,2
3,GET,2911,5
3,GET,2927,6
3,GET,2943,5
3,GET,2959,6
3,GET,2975,3
3,GET,2991,4
3,GET,3007,2
3,GET,3023,3
3,GET,3039,3
3,GET,3055,3
3,GET,3071,3
3,GET,3087,5
3,GET,3103,6
3,GET,3119,4
3,GET,3135,3
3,GET,3151,4
3,GET,3167,7
3,GET,3183,8
3,GET,3199,4
3,GET,3215,4
3,GET,3231,7
3,GET,3247,6
3,GET,3263,6
3,GET,3279,6
3,GET,3295,6
3,GET,3311,3
3,GET,3327,9
3,GET,3343,11
3,GET,3359,7
3,GET,3375,4
3,GET,3391,7
3,GET,3407,2
3,GET,3423,8
3,GET,3439,7
3,GET,3455,8
3,GET,3471,4
3,GET,3487,5
3,GET,3503,3
3,GET,3519,9
3,GET,3535,2
3,GET,3551,6
3,GET,3567,5
3,GET,3583,6
3,GET,3599,4
3,GET,3615,2
3,GET,3631,6
3,GET,3647,4
3,GET,3663,6
3,GET,3679,8
3,GET,3695,10
3,GET,3711,5
3,GET,3727,6
3,GET,3743,7
3,GET,3759,5
3,GET,3775,4
3,GET,3791,6
3,GET,3807,7
3,GET,3823,3
3,GET,3839,4
3,GET,3855,11
3,GET,3871,4
3,GET,3887,6
3,GET,3903,9
3,GET,3919,4
3,GET,3935,5
3,GET,3951,5
3,GET,3967,6
3,GET,3983,12
3,GET,3999,4
3,GET,4015,1
3,GET,4031,7
3,GET,4047,1
3,GET,4063,3
3,GET,4079,9
3,GET,4095,10
3,GET,4127,5
3,GET,4159,7
3,GET,4191,14
3,GET,4223,14
3,GET,4255,11
3,GET,4287,13
3,GET,4319,12
3,GET,4351,6
3,GET,4383,6
3,GET,4415,9
3,GET,4447,8
3,GET,4479,11
3,GET,4511,4
3,GET,4543,7
3,GET,4575,6
3,GET,4607,8
3,GET,4639,3
3,GET,4671,9
3,GET,4703,8
3,GET,4735,5
3,GET,4767,7
3,GET,4799,5
3,GET,4831,8
3,GET,4863,4
3,GET,4895,4
3,GET,4927,5
3,GET,4959,5
3,GET,4991,3
3,GET,5023,11
3,GET,5055,7
3,GET,5087,4
3,GET,5119,7
3,GET,5151,3
3,GET,5183,2
3,GET,5215,5
3,GET,5247,4
3,GET,5279,4
3,GET,5311,5
3,GET,5343,7
3,GET,5375,3
3,GET,5407,6
3,GET,5439,5
3,GET,5471,2
3,GET,5503,4
3,GET,5535,6
3,GET,5567,1
3,GET,5599,1
3,GET,5631,4
3,GET,5663,2
3,GET,5695,1
3,GET,5727,4
3,GET,5791,4
3,GET,5823,4
3,GET,5855,7
3,GET,5887,7
3,GET,5919,8
3,GET,5951,3
3,GET,5983,3
3,GET,6015,5
3,GET,6047,1
3,GET,6111,3
3,GET,6143,3
3,GET,6207,2
3,GET,6239,4
3,GET,6271,5
3,GET,6303,2
3,GET,6335,3
3,GET,6399,1
3,GET,6431,4
3,GET,6463,1
3,GET,6527,2
3,GET,6559,2
3,GET,6623,4
3,GET,6655,3
3,GET,6687,6
3,GET,6751,2
3,GET,6783,1
3,GET,6815,2
3,GET,6879,4
3,GET,6943,3
3,GET,6975,1
3,GET,7007,3
3,GET,7039,3
3,GET,7167,1
3,GET,7199,2
3,GET,7231,1
3,GET,7423,1
3,GET,7455,2
3,GET,7583,2
3,GET,7615,1
3,GET,7711,1
3,GET,7743,1
3,GET,7807,1
3,GET,7903,1
3,GET,7935,1
3,GET,8127,1
3,GET,8191,1
3,GET,8319,2
3,GET,8575,1
3,GET,9087,1
3,GET,9279,2
3,GET,9343,1
3,GET,9791,1
3,GET,9919,1
3,GET,11327,1
3,SET,152,1
3,SET,162,1
3,SET,163,1
3,SET,173,1
3,SET,174,1
3,SET,175,1
3,SET,181,1
3,SET,184,1
3,SET,189,1
3,SET,195,1
3,SET,197,1
3,SET,201,1
3,SET,202,1
3,SET,204,1
3,SET,207,1
3,SET,211,2
3,SET,212,2
3,SET,216,1
3,SET,218,1
3,SET,222,1
3,SET,224,1
3,SET,237,1
3,SET,238,1
3,SET,246,1
3,SET,254,1
3,SET,259,1
3,SET,263,1
3,SET,287,1
3,SET,453,1
3,SET,455,1
3,SET,579,1
3,SET,623,1
3,SET,683,1
3,SET,743,1
3,SET,863,1
3,SET,943,1
3,SET,947,1
3,SET,991,1
3,SET,1023,1
3,SET,1095,1
3,SET,1111,1
3,SET,1175,1
3,SET,1191,1
3,SET,1207,1
3,SET,1415,1
3,SET,1423,1
3,SET,1447,3
3,SET,1463,1
3,SET,1471,1
3,SET,1503,1
3,SET,1519,2
3,SET,1623,1
3,SET,1631,1
3,SET,1639,1
3,SET,1695,1
3,SET,1719,1
3,SET,1735,1
3,SET,1775,1
3,SET,1799,1
3,SET,1935,1
3,SET,1951,1
3,SET,2063,1
3,SET,2079,2
3,SET,2159,1
3,SET,2191,3
3,SET,2239,1
3,SET,2335,1
3,SET,2367,1
3,SET,2383,1
3,SET,2399,1
3,SET,2415,1
3,SET,2543,1
3,SET,2591,1
3,SET,2607,1
3,SET,2623,1
3,SET,2655,1
3,SET,2671,1
3,SET,2751,1
3,SET,2783,1
3,SET,2799,1
3,SET,2863,2
3,SET,2911,3
3,SET,2959,2
3,SET,3023,1
3,SET,3071,1
3,SET,3087,1
3,SET,3103,1
3,SET,3247,1
3,SET,3263,1
3,SET,3327,1
3,SET,3599,1
3,SET,3615,2
3,SET,3631,2
3,SET,3647,1
3,SET,3663,1
3,SET,3679,1
3,SET,3839,1
3,SET,3903,1
3,SET,3919,1
3,SET,3935,1
3,SET,3951,1
3,SET,3967,2
3,SET,4079,1
3,SET,4095,1
3,SET,4191,1
3,SET,4255,3
3,SET,4287,2
3,SET,4383,1
3,SET,4447,1
3,SET,4479,1
3,SET,4543,1
3,SET,4575,1
3,SET,4607,1
3,SET,4639,1
3,SET,4671,3
3,SET,4703,1
3,SET,4735,1
3,SET,4959,1
3,SET,5023,1
3,SET,5087,1
3,SET,5151,1
3,SET,5311,1
3,SET,5343,1
3,SET,5407,1
3,SET,5599,1
3,SET,5631,1
3,SET,5759,1
3,SET,5919,1
3,SET,5951,1
3,SET,6079,1
3,SET,6111,1
3,SET,6207,1
3,SET,6271,1
3,SET,6847,1
3,SET,7103,1
3,SET,7263,1
3,SET,8159,1
3,SET,8447,1
3,SET,8895,1
4,GET,105,1
4,GET,151,1
4,GET,153,2
4,GET,155,1
4,GET,156,3
4,GET,157,1
4,GET,158,2
4,GET,159,2
4,GET,160,1
4,GET,161,3
4,GET,162,2
4,GET,163,3
4,GET,164,3
4,GET,165,2
4,GET,166,2
4,GET,167,1
4,GET,168,1
4,GET,169,2
4,GET,170,2
4,GET,171,4
4,GET,172,4
4,GET,173,2
4,GET,174,2
4,GET,175,2
4,GET,176,2
4,GET,177,3
4,GET,179,3
4,GET,180,8
4,GET,181,7
4,GET,182,3
4,GET,183,1
4,GET,184,5
4,GET,185,3
4,GET,186,6
4,GET,187,1
4,GET,188,2
4,GET,190,5
4,GET,191,4
4,GET,192,7
4,GET,193,7
4,GET,194,8
4,GET,195,2
4,GET,196,7
4,GET,197,2
4,GET,198,4
4,GET,199,4
4,GET,200,5
4,GET,201,5
4,GET,202,2
4,GET,203,4
4,GET,204,4
4,GET,205,3
4,GET,206,7
4,GET,207,4
4,GET,208,6
4,GET,209,5
4,GET,210,2
4,GET,212,5
4,GET,213,5
4,GET,214,7
4,GET,215,5
4,GET,216,2
4,GET,217,4
4,GET,218,1
4,GET,219,4
4,GET,221,4
4,GET,222,2
4,GET,223,2
4,GET,224,1
4,GET,225,1
4,GET,226,1
4,GET,227,1
4,GET,228,1
4,GET,229,3
4,GET,230,1
4,GET,231,2
4,GET,232,5
4,GET,233,1
4,GET,234,1
4,GET,235,2
4,GET,236,3
4,GET,237,2
4,GET,239,2
4,GET,240,2
4,GET,241,2
4,GET,242,2
4,GET,243,2
4,GET,244,2
4,GET,245,1
4,GET,246,1
4,GET,248,3
4,GET,249,3
4,GET,251,1
4,GET,253,1
4,GET,254,4
4,GET,255,1
4,GET,257,1
4,GET,259,1
4,GET,261,2
4,GET,263,3
4,GET,265,1
4,GET,267,2
4,GET,269,1
4,GET,271,2
4,GET,273,2
4,GET,275,1
4,GET,279,2
4,GET,281,2
4,GET,283,4
4,GET,285,3
4,GET,289,1
4,GET,291,2
4,GET,293,1
4,GET,295,1
4,GET,301,2
4,GET,303,1
4,GET,305,2
4,GET,309,1
4,GET,311,1
4,GET,313,1
4,GET,315,1
4,GET,317,1
4,GET,321,1
4,GET,325,2
4,GET,327,1
4,GET,331,2
4,GET,333,1
4,GET,335,2
4,GET,337,2
4,GET,339,1
4,GET,341,1
4,GET,345,1
4,GET,351,2
4,GET,355,2
4,GET,359,1
4,GET,363,1
4,GET,365,1
4,GET,369,3
4,GET,371,3
4,GET,373,1
4,GET,383,2
4,GET,385,2
4,GET,387,1
4,GET,395,1
4,GET,401,2
4,GET,403,1
4,GET,405,1
4,GET,407,1
4,GET,411,1
4,GET,417,2
4,GET,419,1
4,GET,421,1
4,GET,423,3
4,GET,427,2
4,GET,429,1
4,GET,431,1
4,GET,433,1
4,GET,435,1
4,GET,437,1
4,GET,439,2
4,GET,445,1
4,GET,465,1
4,GET,469,2
4,GET,471,2
4,GET,473,1
4,GET,481,1
4,GET,485,1
4,GET,493,2
4,GET,499,1
4,GET,501,2
4,GET,507,1
4,GET,515,3
4,GET,519,2
4,GET,523,2
4,GET,527,2
4,GET,531,1
4,GET,535,4
4,GET,539,1
4,GET,543,1
4,GET,551,1
4,GET,555,1
4,GET,559,1
4,GET,567,2
4,GET,571,3
4,GET,575,1
4,GET,579,1
4,GET,583,3
4,GET,587,1
4,GET,591,2
4,GET,595,3
4,GET,599,1
4,GET,603,2
4,GET,611,1
4,GET,615,3
4,GET,619,1
4,GET,623,2
4,GET,627,1
4,GET,635,3
4,GET,639,2
4,GET,647,1
4,GET,651,2
4,GET,655,1
4,GET,659,2
4,GET,663,2
4,GET,667,3
4,GET,671,6
4,GET,675,2
4,GET,679,1
4,GET,683,2
4,GET,687,4
4,GET,691,2
4,GET,695,2
4,GET,699,1
4,GET,703,5
4,GET,707,2
4,GET,711,2
4,GET,715,2
4,GET,719,1
4,GET,723,3
4,GET,727,1
4,GET,731,1
4,GET,735,2
4,GET,739,1
4,GET,747,1
4,GET,751,2
4,GET,755,1
4,GET,759,1
4,GET,763,1
4,GET,767,1
4,GET,771,1
4,GET,775,1
4,GET,787,1
4,GET,803,2
4,GET,807,2
4,GET,811,2
4,GET,815,3
4,GET,823,2
4,GET,827,3
4,GET,831,1
4,GET,835,2
4,GET,839,2
4,GET,847,1
4,GET,851,3
4,GET,859,1
4,GET,863,1
4,GET,867,1
4,GET,871,5
4,GET,875,2
4,GET,879,1
4,GET,883,2
4,GET,891,3
4,GET,895,3
4,GET,899,3
4,GET,903,2
4,GET,911,2
4,GET,919,3
4,GET,923,5
4,GET,931,2
4,GET,935,1
4,GET,939,1
4,GET,951,1
4,GET,955,2
4,GET,963,1
4,GET,967,1
4,GET,971,3
4,GET,975,3
4,GET,979,4
4,GET,987,2
4,GET,991,3
4,GET,1003,3
4,GET,1007,4
4,GET,1011,1
4,GET,1023,1
4,GET,1031,5
4,GET,1039,3
4,GET,1047,1
4,GET,1055,2
4,GET,1063,3
4,GET,1071,3
4,GET,1079,2
4,GET,1087,4
4,GET,1095,1
4,GET,1103,1
4,GET,1111,4
4,GET,1119,2
4,GET,1127,3
4,GET,1135,5
4,GET,1143,4
4,GET,1151,4
4,GET,1159,2
4,GET,1167,1
4,GET,1175,3
4,GET,1191,3
4,GET,1199,1
4,GET,1207,5
4,GET,1223,3
4,GET,1231,2
4,GET,1239,4
4,GET,1247,2
4,GET,1255,3
4,GET,1271,3
4,GET,1279,2
4,GET,1287,5
4,GET,1295,1
4,GET,1303,3
4,GET,1311,4
4,GET,1319,3
4,GET,1327,1
4,GET,1335,7
4,GET,1343,3
4,GET,1351,6
4,GET,1359,3
4,GET,1367,4
4,GET,1375,5
4,GET,1383,2
4,GET,1391,5
4,GET,1399,3
4,GET,1407,4
4,GET,1415,4
4,GET,1423,4
4,GET,1431,7
4,GET,1439,9
4,GET,1447,5
4,GET,1455,6
4,GET,1463,7
4,GET,1471,3
4,GET,1479,7
4,GET,1487,8
4,GET,1495,9
4,GET,1503,7
4,GET,1511,6
4,GET,1519,8
4,GET,1527,8
4,GET,1535,2
4,GET,1543,5
4,GET,1551,6
4,GET,1559,8
4,GET,1567,3
4,GET,1575,4
4,GET,1583,6
4,GET,1591,5
4,GET,1599,9
4,GET,1607,6
4,GET,1615,3
4,GET,1623,4
4,GET,1631,3
4,GET,1639,4
4,GET,1647,3
4,GET,1655,2
4,GET,1663,1
4,GET,1671,5
4,GET,1679,5
4,GET,1687,3
4,GET,1695,4
4,GET,1703,2
4,GET,1711,5
4,GET,1719,2
4,GET,1727,2
4,GET,1735,1
4,GET,1743,1
4,GET,1751,3
4,GET,1759,2
4,GET,1767,1
4,GET,1775,1
4,GET,1783,4
4,GET,1791,2
4,GET,1799,1
4,GET,1807,4
4,GET,1815,2
4,GET,1823,5
4,GET,1831,1
4,GET,1839,7
4,GET,1847,4
4,GET,1855,1
4,GET,1863,4
4,GET,1871,1
4,GET,1879,2
4,GET,1887,7
4,GET,1895,3
4,GET,1903,2
4,GET,1911,2
4,GET,1919,3
4,GET,1927,1
4,GET,1935,3
4,GET,1943,2
4,GET,1951,2
4,GET,1959,2
4,GET,1967,3
4,GET,1975,2
4,GET,1983,2
4,GET,1991,5
4,GET,1999,3
4,GET,2007,1
4,GET,2015,1
4,GET,2023,2
4,GET,2031,3
4,GET,2039,1
4,GET,2047,3
4,GET,2063,2
4,GET,2079,6
4,GET,2095,6
4,GET,2111,7
4,GET,2127,6
4,GET,2143,2
4,GET,2159,5
4,GET,2175,5
4,GET,2191,8
4,GET,2207,3
4,GET,2223,4
4,GET,2239,4
4,GET,2255,2
4,GET,2271,3
4,GET,2287,5
4,GET,2303,2
4,GET,2319,4
4,GET,2335,2
4,GET,2351,7
4,GET,2367,4
4,GET,2383,3
4,GET,2399,1
4,GET,2415,8
4,GET,2431,3
4,GET,2447,2
4,GET,2463,6
4,GET,2479,3
4,GET,2495,8
4,GET,2511,4
4,GET,2527,8
4,GET,2543,2
4,GET,2559,3
4,GET,2575,7
4,GET,2591,10
4,GET,2607,4
4,GET,2623,7
4,GET,2639,4
4,GET,2655,4
4,GET,2671,3
4,GET,2687,3
4,GET,2703,7
4,GET,2719,5
4,GET,2735,2
4,GET,2751,7
4,GET,2767,6
4,GET,2783,6
4,GET,2799,6
4,GET,2815,6
4,GET,2831,6
4,GET,2847,4
4,GET,2863,6
4,GET,2879,6
4,GET,2895,5
4,GET,2911,6
4,GET,2927,5
4,GET,2943,2
4,GET,2959,7
4,GET,2975,7
4,GET,2991,5
4,GET,3007,5
4,GET,3023,10
4,GET,3039,2
4,GET,3055,4
4,GET,3071,7
4,GET,3087,9
4,GET,3103,7
4,GET,3119,7
4,GET,3135,10
4,GET,3151,6
4,GET,3167,5
4,GET,3183,3
4,GET,3199,11
4,GET,3215,6
4,GET,3231,7
4,GET,3247,4
4,GET,3263,8
4,GET,3279,9
4,GET,3295,5
4,GET,3311,5
4,GET,3327,7
4,GET,3343,5
4,GET,3359,6
4,GET,3375,6
4,GET,3391,1
4,GET,3407,7
4,GET,3423,7
4,GET,3439,4
4,GET,3455,6
4,GET,3471,4
4,GET,3487,2
4,GET,3503,4
4,GET,3519,3
4,GET,3535,4
4,GET,3551,4
4,GET,3567,8
4,GET,3583,6
4,GET,3599,3
4,GET,3615,10
4,GET,3631,6
4,GET,3647,5
4,GET,3663,3
4,GET,3679,9
4,GET,3695,5
4,GET,3711,3
4,GET,3727,8
4,GET,3743,8
4,GET,3759,4
4,GET,3775,4
4,GET,3791,10
4,GET,3807,4
4,GET,3823,6
4,GET,3839,4
4,GET,3855,4
4,GET,3871,4
4,GET,3887,6
4,GET,3903,4
4,GET,3919,4
4,GET,3935,4
4,GET,3951,5
4,GET,3967,4
4,GET,3983,9
4,GET,3999,7
4,GET,4015,6
4,GET,4031,5
4,GET,4047,4
4,GET,4063,4
4,GET,4079,6
4,GET,4095,2
4,GET,4127,5
4,GET,4159,13
4,GET,4191,7
4,GET,4223,11
4,GET,4255,7
4,GET,4287,8
4,GET,4319,7
4,GET,4351,6
4,GET,4383,8
4,GET,4415,6
4,GET,4447,4
4,GET,4479,9
4,GET,4511,9
4,GET,4543,8
4,GET,4575,5
4,GET,4607,5
4,GET,4639,7
4,GET,4671,14
4,GET,4703,8
4,GET,4735,8
4,GET,4767,10
4,GET,4799,10
4,GET,4831,9
4,GET,4863,7
4,GET,4895,4
4,GET,4927,9
4,GET,4959,14
4,GET,4991,7
4,GET,5023,3
4,GET,5055,12
4,GET,5087,6
4,GET,5119,7
4,GET,5151,3
4,GET,5183,6
4,GET,5215,7
4,GET,5247,11
4,GET,5279,4
4,GET,5311,6
4,GET,5343,4
4,GET,5375,6
4,GET,5407,6
4,GET,5439,7
4,GET,5471,4
4,GET,5503,4
4,GET,5535,3
4,GET,5567,5
4,GET,5599,2
4,GET,5631,4
4,GET,5663,7
4,GET,5695,3
4,GET,5727,6
4,GET,5759,2
4,GET,5791,5
4,GET,5823,9
4,GET,5855,6
4,GET,5887,2
4,GET,5919,4
4,GET,5951,1
4,GET,6015,3
4,GET,6047,3
4,GET,6079,1
4,GET,6111,3
4,GET,6143,5
4,GET,6175,2
4,GET,6207,2
4,GET,6239,4
4,GET,6271,3
4,GET,6303,4
4,GET,6367,2
4,GET,6399,4
4,GET,6431,4
4,GET,6463,1
4,GET,6527,3
4,GET,6559,3
4,GET,6591,3
4,GET,6623,5
4,GET,6655,3
4,GET,6687,3
4,GET,6847,3
4,GET,6879,2
4,GET,6943,2
4,GET,6975,2
4,GET,7007,1
4,GET,7039,2
4,GET,7071,4
4,GET,7199,1
4,GET,7231,2
4,GET,7263,1
4,GET,7295,1
4,GET,7423,2
4,GET,7519,1
4,GET,7551,1
4,GET,7647,2
4,GET,7711,1
4,GET,7839,1
4,GET,7903,1
4,GET,7967,1
4,GET,8031,1
4,GET,8127,1
4,GET,8159,1
4,GET,8383,2
4,GET,8703,3
4,GET,8831,1
4,GET,8959,1
4,GET,9087,2
4,GET,9279,1
4,GET,9343,1
4,GET,9727,1
4,GET,9983,1
4,SET,174,1
4,SET,176,1
4,SET,178,1
4,SET,179,1
4,SET,181,1
4,SET,192,2
4,SET,217,1
4,SET,218,1
4,SET,221,1
4,SET,225,1
4,SET,231,1
4,SET,235,1
4,SET,237,1
4,SET,240,1
4,SET,255,1
4,SET,261,1
4,SET,273,1
4,SET,279,1
4,SET,313,1
4,SET,399,1
4,SET,487,1
4,SET,493,1
4,SET,559,2
4,SET,659,1
4,SET,763,1
4,SET,811,1
4,SET,863,1
4,SET,919,1
4,SET,951,1
4,SET,955,1
4,SET,987,1
4,SET,1007,1
4,SET,1019,1
4,SET,1151,2
4,SET,1215,1
4,SET,1231,1
4,SET,1239,1
4,SET,1271,1
4,SET,1295,1
4,SET,1407,2
4,SET,1463,2
4,SET,1495,1
4,SET,1527,1
4,SET,1551,1
4,SET,1559,1
4,SET,1599,1
4,SET,1663,1
4,SET,1687,1
4,SET,1743,2
4,SET,1759,1
4,SET,1767,1
4,SET,1807,1
4,SET,1839,1
4,SET,1919,1
4,SET,1983,1
4,SET,2031,1
4,SET,2063,1
4,SET,2367,1
4,SET,2415,2
4,SET,2431,1
4,SET,2447,1
4,SET,2463,1
4,SET,2479,1
4,SET,2607,1
4,SET,2655,2
4,SET,2687,1
4,SET,2719,1
4,SET,2863,1
4,SET,2927,1
4,SET,2975,1
4,SET,3023,1
4,SET,3055,1
4,SET,3135,1
4,SET,3167,1
4,SET,3183,1
4,SET,3215,1
4,SET,3247,1
4,SET,3295,2
4,SET,3311,1
4,SET,3343,1
4,SET,3647,1
4,SET,3663,1
4,SET,3695,1
4,SET,3711,2
4,SET,3727,2
4,SET,3759,2
4,SET,3775,1
4,SET,3823,1
4,SET,3871,2
4,SET,3935,1
4,SET,3967,1
4,SET,3999,1
4,SET,4047,1
4,SET,4063,1
4,SET,4079,1
4,SET,4127,1
4,SET,4159,1
4,SET,4191,3
4,SET,4223,2
4,SET,4255,2
4,SET,4319,1
4,SET,4415,1
4,SET,4447,2
4,SET,4479,1
4,SET,4511,2
4,SET,4543,1
4,SET,4607,1
4,SET,4639,4
4,SET,4671,1
4,SET,4703,2
4,SET,4831,1
4,SET,4927,1
4,SET,5087,1
4,SET,5215,1
4,SET,5375,1
4,SET,5567,1
4,SET,5631,1
4,SET,5695,1
4,SET,5791,1
4,SET,5855,2
4,SET,5951,1
4,SET,6143,1
4,SET,6175,1
4,SET,6367,1
4,SET,6559,1
4,SET,7039,1
4,DEL,141,1
4,DEL,155,1
4,DEL,159,1
4,DEL,160,1
4,DEL,165,1
4,DEL,166,1
4,DEL,167,2
4,DEL,169,1
4,DEL,170,2
4,DEL,172,2
4,DEL,174,1
4,DEL,175,1
4,DEL,177,1
4,DEL,178,1
4,DEL,180,1
4,DEL,181,2
4,DEL,182,2
4,DEL,184,2
4,DEL,186,3
4,DEL,188,1
4,DEL,189,1
4,DEL,191,4
4,DEL,194,3
4,DEL,195,1
4,DEL,197,1
4,DEL,199,1
4,DEL,201,1
4,DEL,203,3
4,DEL,204,1
4,DEL,205,3
4,DEL,206,3
4,DEL,207,3
4,DEL,208,1
4,DEL,209,1
4,DEL,210,1
4,DEL,212,1
4,DEL,213,1
4,DEL,216,1
4,DEL,217,2
4,DEL,223,2
4,DEL,225,1
4,DEL,226,3
4,DEL,230,2
4,DEL,234,2
4,DEL,240,1
4,DEL,244,1
4,DEL,245,1
4,DEL,247,2
4,DEL,248,1
4,DEL,254,1
4,DEL,255,1
4,DEL,257,1
4,DEL,259,1
4,DEL,263,1
4,DEL,265,1
4,DEL,269,2
4,DEL,275,1
4,DEL,279,1
4,DEL,289,1
4,DEL,291,1
4,DEL,293,2
4,DEL,295,1
4,DEL,297,1
4,DEL,301,3
4,DEL,305,1
4,DEL,307,1
4,DEL,311,1
4,DEL,323,1
4,DEL,331,1
4,DEL,345,1
4,DEL,347,1
4,DEL,369,1
4,DEL,383,1
4,DEL,385,1
4,DEL,387,1
4,DEL,405,1
4,DEL,409,1
4,DEL,417,1
4,DEL,421,1
4,DEL,427,2
4,DEL,455,1
4,DEL,459,2
4,DEL,467,1
4,DEL,473,1
4,DEL,485,1
4,DEL,491,1
4,DEL,497,1
4,DEL,503,1
4,DEL,509,1
4,DEL,515,2
4,DEL,523,1
4,DEL,527,2
4,DEL,531,1
4,DEL,535,1
4,DEL,543,2
4,DEL,551,1
4,DEL,559,4
4,DEL,567,1
4,DEL,623,1
4,DEL,627,1
4,DEL,631,1
4,DEL,639,1
4,DEL,651,2
4,DEL,667,2
4,DEL,675,1
4,DEL,687,1
4,DEL,695,1
4,DEL,699,1
4,DEL,711,1
4,DEL,715,1
4,DEL,719,1
4,DEL,723,2
4,DEL,731,2
4,DEL,735,1
4,DEL,739,1
4,DEL,755,1
4,DEL,779,1
4,DEL,783,2
4,DEL,799,1
4,DEL,811,2
4,DEL,815,1
4,DEL,819,1
4,DEL,827,2
4,DEL,831,1
4,DEL,839,1
4,DEL,847,3
4,DEL,851,1
4,DEL,855,1
4,DEL,859,1
4,DEL,867,1
4,DEL,879,2
4,DEL,891,1
4,DEL,907,1
4,DEL,919,1
4,DEL,943,1
4,DEL,987,2
4,DEL,991,2
4,DEL,995,1
4,DEL,999,1
4,DEL,1003,1
4,DEL,1011,1
4,DEL,1023,2
4,DEL,1031,3
4,DEL,1039,1
4,DEL,1047,1
4,DEL,1055,3
4,DEL,1063,1
4,DEL,1071,2
4,DEL,1079,2
4,DEL,1087,1
4,DEL,1103,2
4,DEL,1111,1
4,DEL,1119,1
4,DEL,1135,1
4,DEL,1143,1
4,DEL,1159,1
4,DEL,1167,2
4,DEL,1231,1
4,DEL,1247,2
4,DEL,1271,1
4,DEL,1287,2
4,DEL,1295,3
4,DEL,1303,2
4,DEL,1319,1
4,DEL,1335,1
4,DEL,1351,1
4,DEL,1359,1
4,DEL,1439,2
4,DEL,1455,1
4,DEL,1463,1
4,DEL,1487,1
4,DEL,1511,1
4,DEL,1519,1
4,DEL,1527,2
4,DEL,1551,1
4,DEL,1583,1
4,DEL,1591,1
4,DEL,1607,3
4,DEL,1623,1
4,DEL,1631,1
4,DEL,1647,3
4,DEL,1663,1
4,DEL,1671,1
4,DEL,1687,1
4,DEL,1719,1
4,DEL,1767,1
4,DEL,1775,1
4,DEL,1783,1
4,DEL,1831,1
4,DEL,1863,2
4,DEL,1967,1
4,DEL,1983,1
4,DEL,2023,1
4,DEL,2031,1
4,DEL,2063,1
4,DEL,2095,1
4,DEL,2111,1
4,DEL,2127,1
4,DEL,2175,1
4,DEL,2191,1
4,DEL,2207,1
4,DEL,2319,1
4,DEL,2415,2
4,DEL,2447,1
4,DEL,2479,1
4,DEL,2511,1
4,DEL,2607,1
4,DEL,2639,1
4,DEL,2655,2
4,DEL,2703,1
4,DEL,2783,4
4,DEL,2799,1
4,DEL,2815,1
4,DEL,2863,1
4,DEL,2911,1
4,DEL,2927,1
4,DEL,2943,2
4,DEL,3007,1
4,DEL,3023,1
4,DEL,3071,2
4,DEL,3087,1
4,DEL,3119,1
4,DEL,3135,2
4,DEL,3167,1
4,DEL,3183,1
4,DEL,3263,1
4,DEL,3359,1
4,DEL,3407,2
4,DEL,3423,1
4,DEL,3487,2
4,DEL,3503,1
4,DEL,3519,2
4,DEL,3535,2
4,DEL,3551,1
4,DEL,3567,2
4,DEL,3631,1
4,DEL,3647,1
4,DEL,3775,1
4,DEL,3791,2
4,DEL,3839,2
4,DEL,3855,2
4,DEL,3903,1
4,DEL,3919,1
4,DEL,3967,2
4,DEL,3983,2
4,DEL,3999,1
4,DEL,4015,1
4,DEL,4031,1
4,DEL,4079,1
4,DEL,4095,1
4,DEL,4191,3
4,DEL,4287,2
4,DEL,4319,1
4,DEL,4351,4
4,DEL,4415,1
4,DEL,4447,1
4,DEL,4479,1
4,DEL,4575,1
4,DEL,4607,1
4,DEL,4639,1
4,DEL,4703,1
4,DEL,4735,1
4,DEL,4767,2
4,DEL,4799,1
4,DEL,4831,1
4,DEL,4863,1
4,DEL,4895,1
4,DEL,4927,1
4,DEL,4991,1
4,DEL,5023,3
4,DEL,5087,2
4,DEL,5183,1
4,DEL,5215,2
4,DEL,5247,2
4,DEL,5311,2
4,DEL,5343,1
4,DEL,5375,1
4,DEL,5407,1
4,DEL,5439,4
4,DEL,5471,1
4,DEL,5503,1
4,DEL,5535,1
4,DEL,5567,1
4,DEL,5599,1
4,DEL,5631,1
4,DEL,5663,1
4,DEL,5695,2
4,DEL,5727,1
4,DEL,5759,2
4,DEL,5791,1
4,DEL,5823,2
4,DEL,5855,1
4,DEL,5887,1
4,DEL,5919,1
4,DEL,5983,2
4,DEL,6079,2
4,DEL,6175,1
4,DEL,6239,1
4,DEL,6271,1
4,DEL,6367,2
4,DEL,6399,1
4,DEL,6431,1
4,DEL,6463,1
4,DEL,6495,4
4,DEL,6527,1
4,DEL,6591,1
4,DEL,6623,1
4,DEL,6655,2
4,DEL,6687,2
4,DEL,6751,1
4,DEL,6783,1
4,DEL,6847,1
4,DEL,6879,3
4,DEL,6975,1
4,DEL,7039,1
4,DEL,7071,2
4,DEL,7327,3
4,DEL,7487,3
4,DEL,7519,3
4,DEL,7583,3
4,DEL,7679,1
4,DEL,7743,1
4,DEL,7807,1
4,DEL,7871,1
4,DEL,7935,1
4,DEL,8095,1
4,DEL,8255,1
4,DEL,8319,1
4,DEL,8383,1
4,DEL,8575,2
4,DEL,8639,1
4,DEL,8703,1
4,DEL,8767,1
4,DEL,8895,1
4,DEL,9151,1
4,DEL,9215,1
4,DEL,9407,1
4,DEL,9663,1
4,DEL,9791,1
4,DEL,10175,2
4,DEL,10239,1
4,DEL,10367,1
4,DEL,10623,1
4,DEL,11775,1
4,DEL,12479,1
4,DEL,14207,1
4,DEL,19327,1
4,DEL,19455,1
4,DEL,21375,1
4,DEL,22015,1
4,DEL,23679,1
4,DEL,23935,1
4,DEL,24063,1
4,DEL,25343,1
4,DEL,27007,1
4,DEL,27647,1
4,DEL,27903,1
4,DEL,28159,1
4,DEL,30335,1
4,DEL,30975,1
4,DEL,32383,1
4,DEL,33535,2
4,DEL,37375,1
4,DEL,38143,1
4,DEL,39423,1
4,DEL,39935,1
4,DEL,40703,1
4,DEL,41727,1
4,DEL,41983,1
4,DEL,42495,1
4,DEL,43007,2
4,DEL,43775,1
4,DEL,44031,1
4,DEL,45823,1
4,DEL,46591,1
4,DEL,50175,2
4,DEL,51711,1
4,DEL,52223,1
4,DEL,54783,1
4,DEL,55807,1
4,DEL,57087,1
4,DEL,57599,2
4,DEL,57855,1
4,DEL,58111,2
4,DEL,58367,1
4,DEL,59135,2
4,DEL,59391,1
4,DEL,59647,1
4,DEL,59903,2
4,DEL,60159,1
4,DEL,60415,1
4,DEL,60671,1
4,DEL,60927,1
4,DEL,61695,1
4,DEL,61951,3
4,DEL,62207,4
4,DEL,62463,2
4,DEL,62719,3
4,DEL,62975,3
4,DEL,63231,3
4,DEL,63487,1
4,DEL,63743,1
4,DEL,63999,2
4,DEL,64255,4
4,DEL,64511,7
4,DEL,64767,4
4,DEL,65023,3
4,DEL,65279,1
4,DEL,65535,5
4,DEL,66047,10
4,DEL,66559,8
4,DEL,67071,8
4,DEL,67583,11
4,DEL,68095,7
4,DEL,68607,7
4,DEL,69119,12
4,DEL,69631,12
4,DEL,70143,11
4,DEL,70655,9
4,DEL,71167,5
4,DEL,71679,6
4,DEL,72191,4
4,DEL,72703,11
4,DEL,73215,7
4,DEL,73727,8
4,DEL,74239,9
4,DEL,74751,8
4,DEL,75263,4
4,DEL,75775,7
4,DEL,76287,6
4,DEL,76799,8
4,DEL,77823,8
4,DEL,78335,3
4,DEL,78847,3
4,DEL,79871,1
4,DEL,80383,1
4,DEL,80895,3
4,DEL,81407,1
4,DEL,81919,1
4,DEL,82943,1
4,DEL,84479,2
4,DEL,86015,1
5,DEL,125,1
5,DEL,131,1
5,DEL,151,1
5,DEL,152,1
5,DEL,153,1
5,DEL,154,1
5,DEL,156,1
5,DEL,159,1
5,DEL,160,1
5,DEL,162,4
5,DEL,163,1
5,DEL,165,1
5,DEL,167,1
5,DEL,170,1
5,DEL,171,2
5,DEL,172,1
5,DEL,178,2
5,DEL,179,2
5,DEL,181,3
5,DEL,182,1
5,DEL,183,1
5,DEL,185,2
5,DEL,186,1
5,DEL,187,2
5,DEL,188,3
5,DEL,189,1
5,DEL,190,2
5,DEL,192,4
5,DEL,193,1
5,DEL,194,2
5,DEL,195,7
5,DEL,196,2
5,DEL,198,1
5,DEL,199,1
5,DEL,200,1
5,DEL,201,1
5,DEL,202,3
5,DEL,204,1
5,DEL,205,1
5,DEL,206,2
5,DEL,208,3
5,DEL,209,2
5,DEL,210,2
5,DEL,212,2
5,DEL,213,2
5,DEL,214,1
5,DEL,215,2
5,DEL,218,1
5,DEL,219,3
5,DEL,221,1
5,DEL,223,2
5,DEL,226,1
5,DEL,227,1
5,DEL,229,2
5,DEL,231,1
5,DEL,238,1
5,DEL,241,1
5,DEL,246,1
5,DEL,265,2
5,DEL,267,2
5,DEL,269,1
5,DEL,271,1
5,DEL,279,1
5,DEL,297,1
5,DEL,301,2
5,DEL,311,1
5,DEL,341,1
5,DEL,351,2
5,DEL,353,1
5,DEL,357,1
5,DEL,363,1
5,DEL,379,1
5,DEL,389,1
5,DEL,397,1
5,DEL,401,1
5,DEL,403,1
5,DEL,405,1
5,DEL,415,2
5,DEL,423,1
5,DEL,425,1
5,DEL,427,2
5,DEL,431,2
5,DEL,433,1
5,DEL,445,1
5,DEL,447,1
5,DEL,453,1
5,DEL,471,1
5,DEL,483,1
5,DEL,487,1
5,DEL,507,2
5,DEL,511,1
5,DEL,519,2
5,DEL,523,1
5,DEL,527,1
5,DEL,531,1
5,DEL,535,1
5,DEL,539,1
5,DEL,547,1
5,DEL,551,1
5,DEL,555,3
5,DEL,559,2
5,DEL,563,1
5,DEL,575,2
5,DEL,579,1
5,DEL,583,1
5,DEL,587,1
5,DEL,595,1
5,DEL,599,1
5,DEL,611,1
5,DEL,623,1
5,DEL,631,1
5,DEL,639,2
5,DEL,643,2
5,DEL,647,1
5,DEL,651,2
5,DEL,659,1
5,DEL,667,1
5,DEL,671,1
5,DEL,679,1
5,DEL,683,1
5,DEL,691,1
5,DEL,695,1
5,DEL,699,1
5,DEL,703,1
5,DEL,707,1
5,DEL,719,2
5,DEL,723,1
5,DEL,727,1
5,DEL,731,1
5,DEL,739,1
5,DEL,747,1
5,DEL,755,2
5,DEL,759,1
5,DEL,763,2
5,DEL,775,1
5,DEL,787,1
5,DEL,795,1
5,DEL,811,2
5,DEL,815,1
5,DEL,823,1
5,DEL,827,2
5,DEL,831,1
5,DEL,835,1
5,DEL,839,1
5,DEL,843,1
5,DEL,847,2
5,DEL,851,2
5,DEL,855,1
5,DEL,867,2
5,DEL,879,1
5,DEL,891,1
5,DEL,895,1
5,DEL,899,2
5,DEL,903,2
5,DEL,919,1
5,DEL,923,1
5,DEL,927,1
5,DEL,931,1
5,DEL,935,1
5,DEL,943,1
5,DEL,951,1
5,DEL,963,1
5,DEL,967,1
5,DEL,979,2
5,DEL,995,2
5,DEL,1003,1
5,DEL,1015,2
5,DEL,1019,1
5,DEL,1023,1
5,DEL,1039,2
5,DEL,1055,3
5,DEL,1063,2
5,DEL,1071,2
5,DEL,1079,1
5,DEL,1087,1
5,DEL,1095,1
5,DEL,1111,1
5,DEL,1119,1
5,DEL,1135,1
5,DEL,1143,1
5,DEL,1159,1
5,DEL,1167,1
5,DEL,1175,3
5,DEL,1191,1
5,DEL,1223,3
5,DEL,1239,4
5,DEL,1255,2
5,DEL,1263,2
5,DEL,1279,1
5,DEL,1287,1
5,DEL,1303,3
5,DEL,1319,2
5,DEL,1343,2
5,DEL,1367,1
5,DEL,1375,1
5,DEL,1383,3
5,DEL,1399,1
5,DEL,1407,1
5,DEL,1415,1
5,DEL,1423,2
5,DEL,1455,1
5,DEL,1479,1
5,DEL,1503,1
5,DEL,1527,1
5,DEL,1551,1
5,DEL,1567,1
5,DEL,1591,2
5,DEL,1607,2
5,DEL,1647,2
5,DEL,1655,2
5,DEL,1663,2
5,DEL,1679,1
5,DEL,1703,1
5,DEL,1719,1
5,DEL,1775,1
5,DEL,1783,1
5,DEL,1791,1
5,DEL,1863,1
5,DEL,1935,1
5,DEL,1983,1
5,DEL,1999,1
5,DEL,2023,1
5,DEL,2063,1
5,DEL,2127,1
5,DEL,2143,2
5,DEL,2239,1
5,DEL,2303,1
5,DEL,2335,1
5,DEL,2351,1
5,DEL,2463,1
5,DEL,2607,2
5,DEL,2623,1
5,DEL,2719,1
5,DEL,2751,1
5,DEL,2767,2
5,DEL,2863,1
5,DEL,2911,1
5,DEL,2927,1
5,DEL,2943,1
5,DEL,3087,1
5,DEL,3167,1
5,DEL,3183,1
5,DEL,3199,1
5,DEL,3247,1
5,DEL,3295,1
5,DEL,3343,1
5,DEL,3375,1
5,DEL,3423,1
5,DEL,3439,1
5,DEL,3455,1
5,DEL,3471,1
5,DEL,3567,1
5,DEL,3647,2
5,DEL,3695,2
5,DEL,3727,1
5,DEL,3743,1
5,DEL,3759,1
5,DEL,3791,3
5,DEL,3903,1
5,DEL,3919,2
5,DEL,3935,1
5,DEL,3951,1
5,DEL,3999,1
5,DEL,4031,1
5,DEL,4063,1
5,DEL,4095,1
5,DEL,4159,2
5,DEL,4191,1
5,DEL,4255,3
5,DEL,4287,2
5,DEL,4319,1
5,DEL,4351,3
5,DEL,4415,2
5,DEL,4447,2
5,DEL,4479,2
5,DEL,4511,1
5,DEL,4543,1
5,DEL,4607,2
5,DEL,4639,1
5,DEL,4671,2
5,DEL,4703,2
5,DEL,4831,1
5,DEL,4863,3
5,DEL,4895,2
5,DEL,4927,1
5,DEL,4959,3
5,DEL,4991,2
5,DEL,5023,1
5,DEL,5055,2
5,DEL,5151,1
5,DEL,5183,2
5,DEL,5215,2
5,DEL,5247,1
5,DEL,5279,1
5,DEL,5311,3
5,DEL,5343,1
5,DEL,5375,1
5,DEL,5407,3
5,DEL,5439,1
5,DEL,5471,2
5,DEL,5599,2
5,DEL,5631,3
5,DEL,5663,2
5,DEL,5727,2
5,DEL,5791,1
5,DEL,5919,1
5,DEL,5951,1
5,DEL,6015,3
5,DEL,6047,1
5,DEL,6111,1
5,DEL,6175,2
5,DEL,6239,1
5,DEL,6271,3
5,DEL,6303,1
5,DEL,6335,3
5,DEL,6399,1
5,DEL,6527,2
5,DEL,6591,1
5,DEL,6623,2
5,DEL,6687,2
5,DEL,6847,1
5,DEL,6911,2
5,DEL,6943,1
5,DEL,6975,1
5,DEL,7039,1
5,DEL,7071,2
5,DEL,7135,1
5,DEL,7167,2
5,DEL,7231,1
5,DEL,7391,2
5,DEL,7455,1
5,DEL,7519,1
5,DEL,7551,1
5,DEL,7583,1
5,DEL,7679,1
5,DEL,7711,2
5,DEL,7743,1
5,DEL,7775,1
5,DEL,7839,2
5,DEL,7903,1
5,DEL,7935,2
5,DEL,7967,1
5,DEL,7999,1
5,DEL,8063,1
5,DEL,8127,1
5,DEL,8159,1
5,DEL,8191,1
5,DEL,8255,2
5,DEL,8319,2
5,DEL,8447,1
5,DEL,8575,1
5,DEL,8767,2
5,DEL,8895,3
5,DEL,9023,2
5,DEL,9087,1
5,DEL,9343,1
5,DEL,9407,1
5,DEL,9535,1
5,DEL,9727,1
5,DEL,10047,1
5,DEL,10239,1
5,DEL,10623,1
5,DEL,10879,1
5,DEL,11007,1
5,DEL,11071,1
5,DEL,12351,1
5,DEL,13887,1
5,DEL,14207,2
5,DEL,14463,1
5,DEL,15359,1
5,DEL,16191,1
5,DEL,16255,1
5,DEL,17023,1
5,DEL,17151,1
5,DEL,17791,1
5,DEL,19967,1
5,DEL,20479,1
5,DEL,21631,1
5,DEL,23167,1
5,DEL,23807,2
5,DEL,23935,1
5,DEL,24191,1
5,DEL,25087,2
5,DEL,25343,1
5,DEL,25855,1
5,DEL,26367,1
5,DEL,29823,1
5,DEL,31487,1
5,DEL,31999,1
5,DEL,33023,1
5,DEL,35839,1
5,DEL,37119,1
5,DEL,38655,1
5,DEL,38911,1
5,DEL,39679,1
5,DEL,39935,1
5,DEL,40447,2
5,DEL,43007,1
5,DEL,44543,1
5,DEL,45567,1
5,DEL,48895,1
5,DEL,50175,1
5,DEL,50943,1
5,DEL,52991,1
5,DEL,53503,1
5,DEL,53759,2
5,DEL,56063,1
5,DEL,56319,1
5,DEL,56575,1
5,DEL,56831,1
5,DEL,57087,1
5,DEL,57343,3
5,DEL,57599,1
5,DEL,57855,2
5,DEL,60159,3
5,DEL,60415,2
5,DEL,60671,2
5,DEL,60927,3
5,DEL,61183,1
5,DEL,61439,1
5,DEL,62207,3
5,DEL,62463,1
5,DEL,62719,1
5,DEL,63231,3
5,DEL,63487,2
5,DEL,63999,3
5,DEL,64255,4
5,DEL,64511,1
5,DEL,64767,5
5,DEL,65023,2
5,DEL,65279,1
5,DEL,65535,5
5,DEL,66047,8
5,DEL,66559,6
5,DEL,67071,10
5,DEL,67583,8
5,DEL,68095,22
5,DEL,68607,7
5,DEL,69119,11
5,DEL,69631,15
5,DEL,70143,10
5,DEL,70655,15
5,DEL,71167,7
5,DEL,71679,7
5,DEL,72191,10
5,DEL,72703,6
5,DEL,73215,9
5,DEL,73727,8
5,DEL,74239,5
5,DEL,74751,7
5,DEL,75263,3
5,DEL,75775,8
5,DEL,76287,2
5,DEL,76799,7
5,DEL,77311,4
5,DEL,77823,2
5,DEL,78335,3
5,DEL,78847,2
5,DEL,79359,3
5,DEL,79871,4
5,DEL,80383,1
5,DEL,80895,1
5,DEL,81919,2
5,DEL,83455,2
5,DEL,84479,1
5,DEL,90623,1
5,GET,105,1
5,GET,112,1
5,GET,117,1
5,GET,120,1
5,GET,121,1
5,GET,134,1
5,GET,135,2
5,GET,137,2
5,GET,142,1
5,GET,146,1
5,GET,148,1
5,GET,151,1
5,GET,152,2
5,GET,153,2
5,GET,155,1
5,GET,156,1
5,GET,158,1
5,GET,159,2
5,GET,160,1
5,GET,162,1
5,GET,163,4
5,GET,164,4
5,GET,165,4
5,GET,166,3
5,GET,167,2
5,GET,168,4
5,GET,169,1
5,GET,170,3
5,GET,171,5
5,GET,175,5
5,GET,176,2
5,GET,177,8
5,GET,178,5
5,GET,179,2
5,GET,180,2
5,GET,181,5
5,GET,182,3
5,GET,183,1
5,GET,184,3
5,GET,185,3
5,GET,186,1
5,GET,187,2
5,GET,188,2
5,GET,189,4
5,GET,190,4
5,GET,191,3
5,GET,192,2
5,GET,193,3
5,GET,194,5
5,GET,195,1
5,GET,196,7
5,GET,197,5
5,GET,198,6
5,GET,199,1
5,GET,200,1
5,GET,201,6
5,GET,202,2
5,GET,203,2
5,GET,204,5
5,GET,205,2
5,GET,206,4
5,GET,207,3
5,GET,208,3
5,GET,209,2
5,GET,210,4
5,GET,211,7
5,GET,212,1
5,GET,213,4
5,GET,214,4
5,GET,215,6
5,GET,216,7
5,GET,217,7
5,GET,218,3
5,GET,219,5
5,GET,220,4
5,GET,221,2
5,GET,222,1
5,GET,223,2
5,GET,224,3
5,GET,225,4
5,GET,226,3
5,GET,227,2
5,GET,228,1
5,GET,229,2
5,GET,230,1
5,GET,231,3
5,GET,232,1
5,GET,233,2
5,GET,234,2
5,GET,235,2
5,GET,236,2
5,GET,238,2
5,GET,240,1
5,GET,241,1
5,GET,242,2
5,GET,243,1
5,GET,244,1
5,GET,245,4
5,GET,246,2
5,GET,247,1
5,GET,248,3
5,GET,250,1
5,GET,252,1
5,GET,253,1
5,GET,255,1
5,GET,259,1
5,GET,265,1
5,GET,267,2
5,GET,269,1
5,GET,271,1
5,GET,277,1
5,GET,279,2
5,GET,281,1
5,GET,283,1
5,GET,291,2
5,GET,293,1
5,GET,295,3
5,GET,297,1
5,GET,299,3
5,GET,303,2
5,GET,309,1
5,GET,311,2
5,GET,313,3
5,GET,317,1
5,GET,319,2
5,GET,321,1
5,GET,325,1
5,GET,329,1
5,GET,333,4
5,GET,337,1
5,GET,339,1
5,GET,341,1
5,GET,343,1
5,GET,347,1
5,GET,349,1
5,GET,355,1
5,GET,359,2
5,GET,363,1
5,GET,367,1
5,GET,369,1
5,GET,373,1
5,GET,377,1
5,GET,383,2
5,GET,391,1
5,GET,395,2
5,GET,397,1
5,GET,399,1
5,GET,407,1
5,GET,413,1
5,GET,419,1
5,GET,421,1
5,GET,425,1
5,GET,435,1
5,GET,437,1
5,GET,443,1
5,GET,445,1
5,GET,451,2
5,GET,461,1
5,GET,471,1
5,GET,475,2
5,GET,479,1
5,GET,481,1
5,GET,491,1
5,GET,493,1
5,GET,497,1
5,GET,503,1
5,GET,509,1
5,GET,511,2
5,GET,515,2
5,GET,519,1
5,GET,523,1
5,GET,527,2
5,GET,531,3
5,GET,535,1
5,GET,539,1
5,GET,547,2
5,GET,551,1
5,GET,555,4
5,GET,559,2
5,GET,563,1
5,GET,567,3
5,GET,575,1
5,GET,579,1
5,GET,583,2
5,GET,587,1
5,GET,591,3
5,GET,599,2
5,GET,603,3
5,GET,607,2
5,GET,611,1
5,GET,615,1
5,GET,619,1
5,GET,631,3
5,GET,635,1
5,GET,639,1
5,GET,643,1
5,GET,647,1
5,GET,655,2
5,GET,659,2
5,GET,663,2
5,GET,667,3
5,GET,671,4
5,GET,675,1
5,GET,679,5
5,GET,683,2
5,GET,687,1
5,GET,691,1
5,GET,695,1
5,GET,699,3
5,GET,703,3
5,GET,707,2
5,GET,711,4
5,GET,715,1
5,GET,719,1
5,GET,727,2
5,GET,731,2
5,GET,735,2
5,GET,743,2
5,GET,747,2
5,GET,751,2
5,GET,755,2
5,GET,763,1
5,GET,767,2
5,GET,771,6
5,GET,775,4
5,GET,779,1
5,GET,783,4
5,GET,787,2
5,GET,791,1
5,GET,795,3
5,GET,799,2
5,GET,803,2
5,GET,811,3
5,GET,815,1
5,GET,819,2
5,GET,827,2
5,GET,831,2
5,GET,835,1
5,GET,843,4
5,GET,847,2
5,GET,851,3
5,GET,855,5
5,GET,859,1
5,GET,863,1
5,GET,867,3
5,GET,871,2
5,GET,875,3
5,GET,879,1
5,GET,883,3
5,GET,887,2
5,GET,891,1
5,GET,895,1
5,GET,899,1
5,GET,903,3
5,GET,907,1
5,GET,911,1
5,GET,915,1
5,GET,919,1
5,GET,923,3
5,GET,927,3
5,GET,931,3
5,GET,939,2
5,GET,943,3
5,GET,955,4
5,GET,959,1
5,GET,963,5
5,GET,971,2
5,GET,975,1
5,GET,979,1
5,GET,987,2
5,GET,991,4
5,GET,995,4
5,GET,999,1
5,GET,1003,4
5,GET,1007,2
5,GET,1011,2
5,GET,1015,2
5,GET,1019,3
5,GET,1031,4
5,GET,1039,3
5,GET,1055,1
5,GET,1063,4
5,GET,1071,1
5,GET,1079,3
5,GET,1087,4
5,GET,1095,1
5,GET,1103,4
5,GET,1111,1
5,GET,1119,5
5,GET,1127,4
5,GET,1135,1
5,GET,1143,1
5,GET,1151,3
5,GET,1159,3
5,GET,1167,2
5,GET,1175,4
5,GET,1183,7
5,GET,1191,3
5,GET,1199,5
5,GET,1207,6
5,GET,1215,6
5,GET,1231,6
5,GET,1239,3
5,GET,1247,6
5,GET,1255,3
5,GET,1263,7
5,GET,1271,3
5,GET,1279,1
5,GET,1287,2
5,GET,1295,1
5,GET,1303,5
5,GET,1311,5
5,GET,1319,2
5,GET,1327,4
5,GET,1335,7
5,GET,1343,1
5,GET,1351,9
5,GET,1359,3
5,GET,1367,8
5,GET,1375,1
5,GET,1383,7
5,GET,1391,5
5,GET,1399,6
5,GET,1407,5
5,GET,1415,6
5,GET,1423,3
5,GET,1431,5
5,GET,1439,5
5,GET,1447,4
5,GET,1455,4
5,GET,1463,10
5,GET,1471,9
5,GET,1479,6
5,GET,1487,7
5,GET,1495,4
5,GET,1503,5
5,GET,1511,5
5,GET,1519,4
5,GET,1527,8
5,GET,1535,4
5,GET,1543,2
5,GET,1551,5
5,GET,1559,6
5,GET,1567,4
5,GET,1575,1
5,GET,1583,5
5,GET,1591,6
5,GET,1599,6
5,GET,1607,3
5,GET,1615,8
5,GET,1623,5
5,GET,1631,2
5,GET,1639,4
5,GET,1647,4
5,GET,1655,3
5,GET,1663,7
5,GET,1671,4
5,GET,1679,5
5,GET,1687,3
5,GET,1695,3
5,GET,1703,4
5,GET,1711,2
5,GET,1719,4
5,GET,1727,1
5,GET,1735,3
5,GET,1743,2
5,GET,1751,2
5,GET,1759,2
5,GET,1767,2
5,GET,1775,2
5,GET,1783,1
5,GET,1791,3
5,GET,1799,1
5,GET,1815,3
5,GET,1823,2
5,GET,1831,3
5,GET,1839,5
5,GET,1847,3
5,GET,1855,1
5,GET,1863,3
5,GET,1871,1
5,GET,1879,3
5,GET,1887,3
5,GET,1895,2
5,GET,1903,1
5,GET,1911,2
5,GET,1919,5
5,GET,1927,1
5,GET,1935,1
5,GET,1951,2
5,GET,1959,2
5,GET,1967,4
5,GET,1975,5
5,GET,1983,3
5,GET,1991,5
5,GET,1999,1
5,GET,2007,1
5,GET,2015,4
5,GET,2023,3
5,GET,2031,1
5,GET,2047,2
5,GET,2063,9
5,GET,2079,7
5,GET,2095,6
5,GET,2111,3
5,GET,2127,1
5,GET,2143,1
5,GET,2159,3
5,GET,2175,4
5,GET,2191,6
5,GET,2207,4
5,GET,2223,3
5,GET,2239,4
5,GET,2255,4
5,GET,2271,3
5,GET,2287,2
5,GET,2303,4
5,GET,2319,6
5,GET,2335,5
5,GET,2351,1
5,GET,2367,4
5,GET,2383,4
5,GET,2399,5
5,GET,2415,2
5,GET,2431,4
5,GET,2447,4
5,GET,2463,6
5,GET,2479,5
5,GET,2495,2
5,GET,2511,3
5,GET,2527,4
5,GET,2543,5
5,GET,2559,5
5,GET,2575,4
5,GET,2591,2
5,GET,2607,3
5,GET,2623,2
5,GET,2639,6
5,GET,2655,10
5,GET,2671,3
5,GET,2687,8
5,GET,2703,2
5,GET,2719,4
5,GET,2735,2
5,GET,2751,3
5,GET,2767,5
5,GET,2783,7
5,GET,2799,6
5,GET,2815,4
5,GET,2831,8
5,GET,2847,8
5,GET,2863,3
5,GET,2879,7
5,GET,2895,9
5,GET,2911,7
5,GET,2927,2
5,GET,2943,3
5,GET,2959,8
5,GET,2975,5
5,GET,2991,5
5,GET,3007,3
5,GET,3023,9
5,GET,3039,6
5,GET,3055,3
5,GET,3071,3
5,GET,3087,7
5,GET,3103,8
5,GET,3119,9
5,GET,3135,4
5,GET,3151,5
5,GET,3167,3
5,GET,3183,5
5,GET,3199,2
5,GET,3215,10
5,GET,3231,5
5,GET,3247,2
5,GET,3263,5
5,GET,3279,5
5,GET,3295,6
5,GET,3311,5
5,GET,3327,8
5,GET,3343,1
5,GET,3359,10
5,GET,3375,5
5,GET,3391,6
5,GET,3407,3
5,GET,3423,4
5,GET,3439,7
5,GET,3455,8
5,GET,3471,5
5,GET,3487,5
5,GET,3503,7
5,GET,3519,5
5,GET,3535,3
5,GET,3551,7
5,GET,3567,5
5,GET,3583,6
5,GET,3599,5
5,GET,3615,8
5,GET,3631,8
5,GET,3647,5
5,GET,3663,5
5,GET,3679,3
5,GET,3695,7
5,GET,3711,3
5,GET,3727,6
5,GET,3743,7
5,GET,3759,3
5,GET,3775,7
5,GET,3791,3
5,GET,3807,13
5,GET,3823,4
5,GET,3839,4
5,GET,3855,6
5,GET,3871,5
5,GET,3887,3
5,GET,3903,4
5,GET,3919,1
5,GET,3935,7
5,GET,3951,8
5,GET,3967,7
5,GET,3983,4
5,GET,3999,6
5,GET,4015,5
5,GET,4031,2
5,GET,4047,4
5,GET,4063,2
5,GET,4079,9
5,GET,4095,4
5,GET,4127,8
5,GET,4159,12
5,GET,4191,6
5,GET,4223,7
5,GET,4255,11
5,GET,4287,11
5,GET,4319,12
5,GET,4351,13
5,GET,4383,9
5,GET,4415,9
5,GET,4447,6
5,GET,4479,4
5,GET,4511,6
5,GET,4543,8
5,GET,4575,9
5,GET,4607,7
5,GET,4639,4
5,GET,4671,2
5,GET,4703,2
5,GET,4735,11
5,GET,4767,7
5,GET,4799,10
5,GET,4831,6
5,GET,4863,9
5,GET,4895,6
5,GET,4927,6
5,GET,4959,7
5,GET,4991,8
5,GET,5023,6
5,GET,5055,13
5,GET,5087,5
5,GET,5119,6
5,GET,5151,5
5,GET,5183,11
5,GET,5215,4
5,GET,5247,7
5,GET,5279,2
5,GET,5311,6
5,GET,5343,3
5,GET,5375,4
5,GET,5407,5
5,GET,5439,3
5,GET,5471,6
5,GET,5503,5
5,GET,5535,3
5,GET,5567,3
5,GET,5599,4
5,GET,5631,2
5,GET,5663,1
5,GET,5695,1
5,GET,5727,6
5,GET,5759,4
5,GET,5791,4
5,GET,5823,2
5,GET,5855,6
5,GET,5887,5
5,GET,5919,3
5,GET,5951,3
5,GET,5983,5
5,GET,6015,2
5,GET,6047,4
5,GET,6079,3
5,GET,6111,3
5,GET,6175,3
5,GET,6207,6
5,GET,6239,4
5,GET,6271,4
5,GET,6335,6
5,GET,6367,3
5,GET,6399,3
5,GET,6431,5
5,GET,6463,1
5,GET,6495,2
5,GET,6559,2
5,GET,6591,4
5,GET,6623,2
5,GET,6719,1
5,GET,6751,2
5,GET,6783,1
5,GET,6815,2
5,GET,6847,1
5,GET,6879,1
5,GET,6911,2
5,GET,6975,1
5,GET,7007,1
5,GET,7039,1
5,GET,7103,2
5,GET,7135,3
5,GET,7199,3
5,GET,7231,1
5,GET,7295,1
5,GET,7327,1
5,GET,7359,3
5,GET,7391,1
5,GET,7455,1
5,GET,7487,1
5,GET,7519,1
5,GET,7647,1
5,GET,7679,1
5,GET,7775,1
5,GET,7807,1
5,GET,8063,1
5,GET,8127,2
5,GET,8159,2
5,GET,8191,2
5,GET,8319,1
5,GET,8447,1
5,GET,8639,1
5,GET,8767,2
5,GET,9087,1
5,GET,9279,1
5,GET,9471,2
5,GET,9663,1
5,GET,10431,1
5,SET,179,2
5,SET,192,1
5,SET,194,1
5,SET,197,1
5,SET,200,1
5,SET,205,1
5,SET,206,1
5,SET,207,1
5,SET,208,1
5,SET,211,1
5,SET,221,1
5,SET,234,1
5,SET,243,1
5,SET,255,1
5,SET,257,1
5,SET,277,1
5,SET,325,1
5,SET,379,1
5,SET,427,1
5,SET,447,1
5,SET,519,1
5,SET,599,2
5,SET,623,1
5,SET,635,1
5,SET,659,1
5,SET,699,1
5,SET,707,1
5,SET,735,1
5,SET,839,1
5,SET,895,1
5,SET,927,1
5,SET,959,1
5,SET,963,1
5,SET,1023,1
5,SET,1039,1
5,SET,1151,1
5,SET,1159,1
5,SET,1191,2
5,SET,1207,1
5,SET,1231,1
5,SET,1263,1
5,SET,1271,2
5,SET,1279,1
5,SET,1343,1
5,SET,1375,2
5,SET,1383,3
5,SET,1415,2
5,SET,1447,1
5,SET,1463,1
5,SET,1495,1
5,SET,1551,1
5,SET,1607,2
5,SET,1631,1
5,SET,1671,1
5,SET,1751,1
5,SET,2023,1
5,SET,2063,1
5,SET,2079,1
5,SET,2127,2
5,SET,2191,1
5,SET,2223,1
5,SET,2287,1
5,SET,2335,1
5,SET,2415,1
5,SET,2463,1
5,SET,2543,1
5,SET,2591,3
5,SET,2623,1
5,SET,2703,1
5,SET,2767,1
5,SET,2847,1
5,SET,2879,2
5,SET,2895,1
5,SET,2927,1
5,SET,2943,1
5,SET,3071,1
5,SET,3087,1
5,SET,3151,1
5,SET,3183,1
5,SET,3247,1
5,SET,3263,1
5,SET,3327,1
5,SET,3343,1
5,SET,3359,1
5,SET,3471,1
5,SET,3503,1
5,SET,3535,1
5,SET,3567,1
5,SET,3647,1
5,SET,3695,1
5,SET,3727,1
5,SET,3791,1
5,SET,3807,1
5,SET,3951,1
5,SET,3967,2
5,SET,4127,1
5,SET,4255,1
5,SET,4319,1
5,SET,4351,2
5,SET,4447,1
5,SET,4575,2
5,SET,4639,1
5,SET,4671,1
5,SET,4831,1
5,SET,4991,1
5,SET,5087,1
5,SET,5151,2
5,SET,5247,1
5,SET,5279,1
5,SET,5727,1
5,SET,5791,3
5,SET,5951,1
5,SET,6015,1
5,SET,6047,1
5,SET,6079,1
5,SET,6431,1
5,SET,6655,1
5,SET,6751,1
5,SET,7231,1
5,SET,7967,1
5,SET,8095,1
5,SET,9343,1
6,SET,146,1
6,SET,162,1
6,SET,167,1
6,SET,180,1
6,SET,181,2
6,SET,200,1
6,SET,201,1
6,SET,208,1
6,SET,209,1
6,SET,213,1
6,SET,218,1
6,SET,222,1
6,SET,226,1
6,SET,229,1
6,SET,244,1
6,SET,257,1
6,SET,263,1
6,SET,283,1
6,SET,289,1
6,SET,291,1
6,SET,303,1
6,SET,307,1
6,SET,367,2
6,SET,405,1
6,SET,407,1
6,SET,421,1
6,SET,427,1
6,SET,443,1
6,SET,477,1
6,SET,543,1
6,SET,551,1
6,SET,607,1
6,SET,611,1
6,SET,639,1
6,SET,671,1
6,SET,679,1
6,SET,695,1
6,SET,703,1
6,SET,735,1
6,SET,755,2
6,SET,883,1
6,SET,935,1
6,SET,963,1
6,SET,983,1
6,SET,987,1
6,SET,999,1
6,SET,1071,2
6,SET,1119,1
6,SET,1143,1
6,SET,1159,1
6,SET,1255,1
6,SET,1287,1
6,SET,1463,1
6,SET,1511,1
6,SET,1519,2
6,SET,1527,1
6,SET,1567,1
6,SET,1575,1
6,SET,1591,1
6,SET,1599,1
6,SET,1623,1
6,SET,1679,1
6,SET,1719,1
6,SET,1743,1
6,SET,1751,1
6,SET,1831,1
6,SET,1855,1
6,SET,1983,1
6,SET,2095,1
6,SET,2127,1
6,SET,2143,1
6,SET,2255,1
6,SET,2335,1
6,SET,2351,1
6,SET,2367,1
6,SET,2543,1
6,SET,2607,1
6,SET,2687,1
6,SET,2815,1
6,SET,2863,1
6,SET,2879,1
6,SET,2911,1
6,SET,2927,2
6,SET,2975,2
6,SET,2991,1
6,SET,3087,2
6,SET,3103,1
6,SET,3151,1
6,SET,3167,1
6,SET,3183,2
6,SET,3199,1
6,SET,3215,1
6,SET,3247,1
6,SET,3343,1
6,SET,3359,1
6,SET,3391,1
6,SET,3471,1
6,SET,3551,1
6,SET,3679,1
6,SET,3711,1
6,SET,3743,2
6,SET,3791,1
6,SET,3807,1
6,SET,3871,1
6,SET,3919,1
6,SET,3951,1
6,SET,4031,1
6,SET,4079,3
6,SET,4127,1
6,SET,4159,1
6,SET,4223,2
6,SET,4255,1
6,SET,4383,1
6,SET,4447,1
6,SET,4511,3
6,SET,4575,2
6,SET,4607,1
6,SET,4671,1
6,SET,4703,1
6,SET,4735,2
6,SET,4799,2
6,SET,4831,1
6,SET,4863,1
6,SET,5119,1
6,SET,5279,1
6,SET,5311,1
6,SET,5343,2
6,SET,5375,1
6,SET,5471,1
6,SET,5503,1
6,SET,5695,2
6,SET,5759,1
6,SET,6015,1
6,SET,6047,1
6,SET,6207,1
6,SET,6367,1
6,SET,6495,1
6,SET,6911,1
6,SET,7391,1
6,SET,7615,1
6,SET,8159,1
6,DEL,143,1
6,DEL,148,2
6,DEL,153,1
6,DEL,154,1
6,DEL,156,3
6,DEL,158,1
6,DEL,160,2
6,DEL,161,1
6,DEL,162,1
6,DEL,170,2
6,DEL,171,1
6,DEL,175,2
6,DEL,178,1
6,DEL,179,1
6,DEL,180,1
6,DEL,182,1
6,DEL,183,1
6,DEL,184,1
6,DEL,185,3
6,DEL,186,1
6,DEL,187,1
6,DEL,188,3
6,DEL,189,1
6,DEL,190,1
6,DEL,192,2
6,DEL,193,1
6,DEL,194,2
6,DEL,195,3
6,DEL,197,1
6,DEL,198,4
6,DEL,199,2
6,DEL,200,4
6,DEL,201,1
6,DEL,202,4
6,DEL,203,1
6,DEL,204,2
6,DEL,205,2
6,DEL,206,2
6,DEL,207,2
6,DEL,208,4
6,DEL,211,1
6,DEL,212,2
6,DEL,213,2
6,DEL,214,2
6,DEL,215,3
6,DEL,216,2
6,DEL,217,1
6,DEL,218,1
6,DEL,219,1
6,DEL,220,2
6,DEL,221,1
6,DEL,224,3
6,DEL,225,1
6,DEL,226,2
6,DEL,228,1
6,DEL,229,1
6,DEL,230,1
6,DEL,232,2
6,DEL,238,1
6,DEL,239,1
6,DEL,243,2
6,DEL,248,1
6,DEL,249,1
6,DEL,254,2
6,DEL,255,1
6,DEL,265,1
6,DEL,269,1
6,DEL,271,2
6,DEL,273,2
6,DEL,277,2
6,DEL,279,1
6,DEL,281,1
6,DEL,283,1
6,DEL,289,1
6,DEL,291,1
6,DEL,297,1
6,DEL,301,1
6,DEL,307,1
6,DEL,309,1
6,DEL,311,2
6,DEL,315,1
6,DEL,319,1
6,DEL,321,1
6,DEL,325,1
6,DEL,329,1
6,DEL,337,1
6,DEL,351,1
6,DEL,359,1
6,DEL,361,1
6,DEL,365,1
6,DEL,377,1
6,DEL,379,1
6,DEL,389,1
6,DEL,393,1
6,DEL,417,1
6,DEL,423,1
6,DEL,439,1
6,DEL,467,1
6,DEL,471,1
6,DEL,509,1
6,DEL,515,1
6,DEL,519,1
6,DEL,527,2
6,DEL,535,1
6,DEL,543,1
6,DEL,599,1
6,DEL,607,2
6,DEL,615,1
6,DEL,619,1
6,DEL,627,3
6,DEL,631,1
6,DEL,659,1
6,DEL,667,1
6,DEL,695,1
6,DEL,699,1
6,DEL,703,1
6,DEL,707,1
6,DEL,711,1
6,DEL,719,1
6,DEL,723,1
6,DEL,727,1
6,DEL,731,1
6,DEL,739,2
6,DEL,747,1
6,DEL,755,1
6,DEL,759,1
6,DEL,763,3
6,DEL,767,1
6,DEL,771,1
6,DEL,775,3
6,DEL,791,3
6,DEL,795,1
6,DEL,799,1
6,DEL,803,1
6,DEL,807,2
6,DEL,815,1
6,DEL,831,2
6,DEL,839,1
6,DEL,843,1
6,DEL,855,2
6,DEL,863,1
6,DEL,883,1
6,DEL,891,2
6,DEL,899,2
6,DEL,903,1
6,DEL,923,1
6,DEL,931,1
6,DEL,943,1
6,DEL,947,1
6,DEL,955,1
6,DEL,959,1
6,DEL,967,1
6,DEL,975,2
6,DEL,983,1
6,DEL,987,1
6,DEL,995,1
6,DEL,999,3
6,DEL,1003,2
6,DEL,1015,2
6,DEL,1023,1
6,DEL,1031,1
6,DEL,1039,2
6,DEL,1047,2
6,DEL,1055,1
6,DEL,1063,1
6,DEL,1071,2
6,DEL,1087,2
6,DEL,1095,1
6,DEL,1103,2
6,DEL,1111,2
6,DEL,1119,1
6,DEL,1127,1
6,DEL,1135,6
6,DEL,1143,1
6,DEL,1151,2
6,DEL,1159,2
6,DEL,1183,2
6,DEL,1191,2
6,DEL,1207,1
6,DEL,1223,1
6,DEL,1231,2
6,DEL,1239,1
6,DEL,1255,1
6,DEL,1271,1
6,DEL,1287,2
6,DEL,1303,1
6,DEL,1327,1
6,DEL,1335,1
6,DEL,1343,1
6,DEL,1367,1
6,DEL,1375,1
6,DEL,1383,1
6,DEL,1399,1
6,DEL,1415,1
6,DEL,1423,1
6,DEL,1431,1
6,DEL,1447,2
6,DEL,1543,1
6,DEL,1551,1
6,DEL,1559,2
6,DEL,1631,1
6,DEL,1655,1
6,DEL,1695,1
6,DEL,1711,1
6,DEL,1727,2
6,DEL,1751,1
6,DEL,1831,1
6,DEL,1839,1
6,DEL,1871,1
6,DEL,1879,1
6,DEL,1911,2
6,DEL,1999,3
6,DEL,2047,1
6,DEL,2079,1
6,DEL,2191,1
6,DEL,2223,1
6,DEL,2335,2
6,DEL,2367,2
6,DEL,2383,1
6,DEL,2399,1
6,DEL,2479,1
6,DEL,2495,1
6,DEL,2527,1
6,DEL,2543,1
6,DEL,2591,1
6,DEL,2623,1
6,DEL,2639,2
6,DEL,2671,1
6,DEL,2687,1
6,DEL,2719,2
6,DEL,2783,1
6,DEL,2815,1
6,DEL,2879,1
6,DEL,2911,1
6,DEL,3039,1
6,DEL,3055,1
6,DEL,3087,1
6,DEL,3103,1
6,DEL,3167,1
6,DEL,3183,1
6,DEL,3247,2
6,DEL,3263,1
6,DEL,3279,1
6,DEL,3295,1
6,DEL,3327,1
6,DEL,3343,1
6,DEL,3471,1
6,DEL,3535,2
6,DEL,3551,1
6,DEL,3615,1
6,DEL,3631,1
6,DEL,3647,1
6,DEL,3679,1
6,DEL,3887,1
6,DEL,3935,1
6,DEL,3967,1
6,DEL,3999,1
6,DEL,4031,1
6,DEL,4047,1
6,DEL,4063,2
6,DEL,4095,1
6,DEL,4127,1
6,DEL,4159,1
6,DEL,4191,1
6,DEL,4255,1
6,DEL,4287,2
6,DEL,4319,1
6,DEL,4383,1
6,DEL,4415,2
6,DEL,4447,4
6,DEL,4479,1
6,DEL,4575,1
6,DEL,4607,1
6,DEL,4671,2
6,DEL,4703,3
6,DEL,4767,1
6,DEL,4799,1
6,DEL,4863,1
6,DEL,4895,1
6,DEL,4927,3
6,DEL,4959,4
6,DEL,4991,3
6,DEL,5119,2
6,DEL,5151,3
6,DEL,5247,2
6,DEL,5279,1
6,DEL,5311,1
6,DEL,5343,1
6,DEL,5407,1
6,DEL,5439,4
6,DEL,5503,3
6,DEL,5535,4
6,DEL,5567,1
6,DEL,5599,1
6,DEL,5663,3
6,DEL,5695,4
6,DEL,5727,1
6,DEL,5759,1
6,DEL,5791,1
6,DEL,5823,2
6,DEL,5855,2
6,DEL,5887,2
6,DEL,5919,3
6,DEL,5983,1
6,DEL,6015,1
6,DEL,6047,2
6,DEL,6079,3
6,DEL,6143,1
6,DEL,6207,1
6,DEL,6239,2
6,DEL,6271,1
6,DEL,6335,1
6,DEL,6367,1
6,DEL,6399,1
6,DEL,6527,2
6,DEL,6559,1
6,DEL,6591,2
6,DEL,6623,4
6,DEL,6687,2
6,DEL,6783,3
6,DEL,6847,2
6,DEL,6879,2
6,DEL,6911,1
6,DEL,6943,3
6,DEL,7007,1
6,DEL,7039,2
6,DEL,7071,1
6,DEL,7103,2
6,DEL,7135,1
6,DEL,7167,1
6,DEL,7199,1
6,DEL,7231,1
6,DEL,7327,1
6,DEL,7391,1
6,DEL,7455,1
6,DEL,7487,1
6,DEL,7583,1
6,DEL,7615,1
6,DEL,7679,2
6,DEL,7711,2
6,DEL,7743,1
6,DEL,7775,3
6,DEL,7935,1
6,DEL,8319,1
6,DEL,8383,2
6,DEL,8511,1
6,DEL,8639,1
6,DEL,8703,1
6,DEL,8767,1
6,DEL,8831,2
6,DEL,8895,1
6,DEL,8959,1
6,DEL,9023,1
6,DEL,9151,2
6,DEL,9535,2
6,DEL,9663,2
6,DEL,9791,2
6,DEL,9855,1
6,DEL,9919,1
6,DEL,10175,1
6,DEL,10367,1
6,DEL,10559,1
6,DEL,10623,1
6,DEL,10751,1
6,DEL,11391,1
6,DEL,11519,1
6,DEL,12287,1
6,DEL,55295,1
6,DEL,55551,1
6,DEL,57599,1
6,DEL,58879,2
6,DEL,59647,1
6,DEL,60671,3
6,DEL,60927,1
6,DEL,61183,3
6,DEL,61439,1
6,DEL,61695,2
6,DEL,62207,2
6,DEL,62463,3
6,DEL,62719,2
6,DEL,62975,2
6,DEL,63231,1
6,DEL,63487,3
6,DEL,63743,3
6,DEL,64255,3
6,DEL,64511,4
6,DEL,64767,7
6,DEL,65023,3
6,DEL,65279,5
6,DEL,65535,3
6,DEL,66047,4
6,DEL,66559,8
6,DEL,67071,10
6,DEL,67583,12
6,DEL,68095,7
6,DEL,68607,10
6,DEL,69119,12
6,DEL,69631,10
6,DEL,70143,10
6,DEL,70655,5
6,DEL,71167,15
6,DEL,71679,9
6,DEL,72191,3
6,DEL,72703,7
6,DEL,73215,5
6,DEL,73727,6
6,DEL,74239,6
6,DEL,74751,7
6,DEL,75263,3
6,DEL,75775,9
6,DEL,76287,4
6,DEL,76799,3
6,DEL,77311,5
6,DEL,77823,5
6,DEL,78335,3
6,DEL,78847,1
6,DEL,79359,2
6,DEL,79871,1
6,DEL,80383,2
6,DEL,80895,1
6,DEL,81407,2
6,DEL,81919,2
6,DEL,82943,1
6,DEL,83967,2
6,DEL,84479,1
6,DEL,86015,1
6,DEL,87039,1
6,GET,133,1
6,GET,139,1
6,GET,140,1
6,GET,147,2
6,GET,150,1
6,GET,151,1
6,GET,152,1
6,GET,155,1
6,GET,157,3
6,GET,159,2
6,GET,160,1
6,GET,162,2
6,GET,163,2
6,GET,164,1
6,GET,165,2
6,GET,166,1
6,GET,167,1
6,GET,168,1
6,GET,169,1
6,GET,170,2
6,GET,171,3
6,GET,172,4
6,GET,173,4
6,GET,174,5
6,GET,175,1
6,GET,176,3
6,GET,177,4
6,GET,178,1
6,GET,179,5
6,GET,180,6
6,GET,181,1
6,GET,182,3
6,GET,183,5
6,GET,184,2
6,GET,185,6
6,GET,186,3
6,GET,187,3
6,GET,188,5
6,GET,189,5
6,GET,190,5
6,GET,191,4
6,GET,192,5
6,GET,193,5
6,GET,194,4
6,GET,195,3
6,GET,196,7
6,GET,197,4
6,GET,198,4
6,GET,199,4
6,GET,200,3
6,GET,201,1
6,GET,202,3
6,GET,203,3
6,GET,204,6
6,GET,205,2
6,GET,206,1
6,GET,207,2
6,GET,208,6
6,GET,209,6
6,GET,210,3
6,GET,211,2
6,GET,212,1
6,GET,214,2
6,GET,215,3
6,GET,216,5
6,GET,217,8
6,GET,218,4
6,GET,221,3
6,GET,222,2
6,GET,223,3
6,GET,224,4
6,GET,225,2
6,GET,226,2
6,GET,227,2
6,GET,228,2
6,GET,230,2
6,GET,231,3
6,GET,233,4
6,GET,234,2
6,GET,235,1
6,GET,236,4
6,GET,237,4
6,GET,238,1
6,GET,241,3
6,GET,242,1
6,GET,243,2
6,GET,244,1
6,GET,245,1
6,GET,247,3
6,GET,249,1
6,GET,250,2
6,GET,251,2
6,GET,252,2
6,GET,255,3
6,GET,257,2
6,GET,259,4
6,GET,261,4
6,GET,265,2
6,GET,267,5
6,GET,269,2
6,GET,271,3
6,GET,273,1
6,GET,277,2
6,GET,283,1
6,GET,285,3
6,GET,287,2
6,GET,289,1
6,GET,291,1
6,GET,299,2
6,GET,303,5
6,GET,313,2
6,GET,315,2
6,GET,317,1
6,GET,319,3
6,GET,321,1
6,GET,323,2
6,GET,325,2
6,GET,327,2
6,GET,333,1
6,GET,335,2
6,GET,337,1
6,GET,339,1
6,GET,343,1
6,GET,345,2
6,GET,347,1
6,GET,349,2
6,GET,355,1
6,GET,357,1
6,GET,359,1
6,GET,363,1
6,GET,367,1
6,GET,369,2
6,GET,371,1
6,GET,377,1
6,GET,381,1
6,GET,383,1
6,GET,385,1
6,GET,387,1
6,GET,393,1
6,GET,407,3
6,GET,413,1
6,GET,417,1
6,GET,419,1
6,GET,421,1
6,GET,423,1
6,GET,427,2
6,GET,429,2
6,GET,435,1
6,GET,437,1
6,GET,439,1
6,GET,441,1
6,GET,445,2
6,GET,449,1
6,GET,451,1
6,GET,455,1
6,GET,457,2
6,GET,461,2
6,GET,465,1
6,GET,469,2
6,GET,471,1
6,GET,473,2
6,GET,475,1
6,GET,479,3
6,GET,481,1
6,GET,485,2
6,GET,489,2
6,GET,493,1
6,GET,501,1
6,GET,503,1
6,GET,505,1
6,GET,509,1
6,GET,515,2
6,GET,523,1
6,GET,531,1
6,GET,535,1
6,GET,539,2
6,GET,543,1
6,GET,547,5
6,GET,551,1
6,GET,555,2
6,GET,559,1
6,GET,563,2
6,GET,567,4
6,GET,571,1
6,GET,575,2
6,GET,579,3
6,GET,587,2
6,GET,595,3
6,GET,599,2
6,GET,603,2
6,GET,607,3
6,GET,611,3
6,GET,615,3
6,GET,619,1
6,GET,623,4
6,GET,627,4
6,GET,631,1
6,GET,635,3
6,GET,639,4
6,GET,643,1
6,GET,647,3
6,GET,651,2
6,GET,659,2
6,GET,667,2
6,GET,671,4
6,GET,679,5
6,GET,683,1
6,GET,687,1
6,GET,695,4
6,GET,703,2
6,GET,707,3
6,GET,711,1
6,GET,715,4
6,GET,719,4
6,GET,723,2
6,GET,727,1
6,GET,731,2
6,GET,735,1
6,GET,739,5
6,GET,743,1
6,GET,747,1
6,GET,751,4
6,GET,755,1
6,GET,759,1
6,GET,763,1
6,GET,771,2
6,GET,775,2
6,GET,779,1
6,GET,783,2
6,GET,787,2
6,GET,791,4
6,GET,795,1
6,GET,799,2
6,GET,803,1
6,GET,807,1
6,GET,811,2
6,GET,815,5
6,GET,819,3
6,GET,823,4
6,GET,827,4
6,GET,831,3
6,GET,835,1
6,GET,839,2
6,GET,843,2
6,GET,847,2
6,GET,851,6
6,GET,855,4
6,GET,859,2
6,GET,863,2
6,GET,867,3
6,GET,871,2
6,GET,875,2
6,GET,883,3
6,GET,899,3
6,GET,903,2
6,GET,907,4
6,GET,911,5
6,GET,915,2
6,GET,923,6
6,GET,927,4
6,GET,935,2
6,GET,939,3
6,GET,947,2
6,GET,951,4
6,GET,955,3
6,GET,959,4
6,GET,967,1
6,GET,971,2
6,GET,975,4
6,GET,979,1
6,GET,983,2
6,GET,987,2
6,GET,995,1
6,GET,999,3
6,GET,1003,3
6,GET,1011,1
6,GET,1019,2
6,GET,1023,1
6,GET,1031,2
6,GET,1039,6
6,GET,1047,1
6,GET,1055,2
6,GET,1063,3
6,GET,1071,3
6,GET,1087,3
6,GET,1095,3
6,GET,1103,3
6,GET,1111,5
6,GET,1119,2
6,GET,1127,3
6,GET,1135,3
6,GET,1143,5
6,GET,1151,3
6,GET,1159,4
6,GET,1167,5
6,GET,1175,3
6,GET,1183,1
6,GET,1191,4
6,GET,1199,3
6,GET,1207,5
6,GET,1215,3
6,GET,1223,2
6,GET,1231,5
6,GET,1239,2
6,GET,1247,1
6,GET,1255,3
6,GET,1263,3
6,GET,1271,2
6,GET,1279,1
6,GET,1287,4
6,GET,1295,1
6,GET,1303,1
6,GET,1311,3
6,GET,1319,2
6,GET,1327,5
6,GET,1335,6
6,GET,1343,3
6,GET,1359,6
6,GET,1375,3
6,GET,1383,3
6,GET,1391,7
6,GET,1399,3
6,GET,1407,4
6,GET,1415,4
6,GET,1423,5
6,GET,1439,1
6,GET,1447,8
6,GET,1455,4
6,GET,1463,1
6,GET,1471,5
6,GET,1479,5
6,GET,1487,4
6,GET,1495,7
6,GET,1503,5
6,GET,1511,5
6,GET,1519,4
6,GET,1527,4
6,GET,1535,3
6,GET,1543,4
6,GET,1551,1
6,GET,1559,5
6,GET,1567,3
6,GET,1575,4
6,GET,1583,3
6,GET,1591,4
6,GET,1599,5
6,GET,1607,3
6,GET,1615,5
6,GET,1623,1
6,GET,1639,4
6,GET,1647,2
6,GET,1655,2
6,GET,1663,2
6,GET,1671,3
6,GET,1679,2
6,GET,1687,3
6,GET,1695,2
6,GET,1703,2
6,GET,1711,1
6,GET,1719,1
6,GET,1735,2
6,GET,1751,4
6,GET,1767,2
6,GET,1775,1
6,GET,1783,2
6,GET,1791,3
6,GET,1799,2
6,GET,1807,1
6,GET,1815,3
6,GET,1823,2
6,GET,1831,2
6,GET,1839,4
6,GET,1847,3
6,GET,1855,3
6,GET,1863,2
6,GET,1871,1
6,GET,1879,2
6,GET,1887,1
6,GET,1895,2
6,GET,1903,3
6,GET,1911,2
6,GET,1927,2
6,GET,1935,6
6,GET,1951,1
6,GET,1959,5
6,GET,1967,1
6,GET,1975,3
6,GET,1983,7
6,GET,1991,4
6,GET,1999,2
6,GET,2015,1
6,GET,2031,3
6,GET,2039,1
6,GET,2047,1
6,GET,2063,5
6,GET,2079,5
6,GET,2095,4
6,GET,2111,2
6,GET,2127,2
6,GET,2143,4
6,GET,2159,5
6,GET,2175,6
6,GET,2191,2
6,GET,2207,4
6,GET,2223,5
6,GET,2239,5
6,GET,2255,4
6,GET,2271,1
6,GET,2287,1
6,GET,2303,3
6,GET,2319,7
6,GET,2335,5
6,GET,2351,4
6,GET,2367,3
6,GET,2383,1
6,GET,2399,4
6,GET,2415,1
6,GET,2431,2
6,GET,2447,6
6,GET,2463,1
6,GET,2479,2
6,GET,2495,2
6,GET,2511,7
6,GET,2527,2
6,GET,2543,11
6,GET,2559,6
6,GET,2575,4
6,GET,2591,6
6,GET,2607,6
6,GET,2623,3
6,GET,2639,9
6,GET,2655,4
6,GET,2671,7
6,GET,2687,5
6,GET,2703,3
6,GET,2719,8
6,GET,2735,3
6,GET,2751,5
6,GET,2767,6
6,GET,2783,9
6,GET,2799,9
6,GET,2815,3
6,GET,2831,2
6,GET,2847,4
6,GET,2863,7
6,GET,2879,8
6,GET,2895,12
6,GET,2911,10
6,GET,2927,2
6,GET,2943,5
6,GET,2959,7
6,GET,2975,4
6,GET,2991,7
6,GET,3007,8
6,GET,3023,2
6,GET,3039,5
6,GET,3055,4
6,GET,3071,2
6,GET,3087,6
6,GET,3103,11
6,GET,3119,6
6,GET,3135,4
6,GET,3151,5
6,GET,3167,7
6,GET,3183,9
6,GET,3199,3
6,GET,3215,10
6,GET,3231,4
6,GET,3247,7
6,GET,3263,7
6,GET,3279,6
6,GET,3295,6
6,GET,3311,3
6,GET,3327,11
6,GET,3343,10
6,GET,3359,5
6,GET,3375,6
6,GET,3391,4
6,GET,3407,8
6,GET,3423,1
6,GET,3439,5
6,GET,3455,6
6,GET,3471,5
6,GET,3487,7
6,GET,3503,6
6,GET,3519,4
6,GET,3535,7
6,GET,3551,9
6,GET,3567,9
6,GET,3583,12
6,GET,3599,7
6,GET,3615,5
6,GET,3631,5
6,GET,3647,5
6,GET,3663,9
6,GET,3679,7
6,GET,3695,4
6,GET,3711,7
6,GET,3727,11
6,GET,3743,3
6,GET,3759,6
6,GET,3775,7
6,GET,3791,4
6,GET,3807,6
6,GET,3823,6
6,GET,3839,3
6,GET,3855,5
6,GET,3871,4
6,GET,3887,5
6,GET,3903,4
6,GET,3919,3
6,GET,3935,8
6,GET,3951,8
6,GET,3967,10
6,GET,3983,4
6,GET,3999,8
6,GET,4015,2
6,GET,4031,1
6,GET,4047,5
6,GET,4063,3
6,GET,4079,6
6,GET,4095,9
6,GET,4127,7
6,GET,4159,12
6,GET,4191,8
6,GET,4223,9
6,GET,4255,3
6,GET,4287,8
6,GET,4319,8
6,GET,4351,6
6,GET,4383,7
6,GET,4415,10
6,GET,4447,6
6,GET,4479,10
6,GET,4511,6
6,GET,4543,8
6,GET,4575,1
6,GET,4607,12
6,GET,4639,5
6,GET,4671,6
6,GET,4703,8
6,GET,4735,10
6,GET,4767,3
6,GET,4799,10
6,GET,4831,11
6,GET,4863,10
6,GET,4895,14
6,GET,4927,11
6,GET,4959,6
6,GET,4991,5
6,GET,5023,5
6,GET,5055,6
6,GET,5087,5
6,GET,5119,10
6,GET,5151,4
6,GET,5183,9
6,GET,5215,10
6,GET,5247,5
6,GET,5279,10
6,GET,5311,9
6,GET,5343,4
6,GET,5375,5
6,GET,5407,3
6,GET,5439,2
6,GET,5471,5
6,GET,5503,5
6,GET,5535,8
6,GET,5567,4
6,GET,5599,5
6,GET,5631,1
6,GET,5663,6
6,GET,5695,9
6,GET,5727,6
6,GET,5759,3
6,GET,5791,3
6,GET,5823,2
6,GET,5855,3
6,GET,5919,1
6,GET,5951,3
6,GET,5983,2
6,GET,6015,4
6,GET,6047,1
6,GET,6079,2
6,GET,6111,5
6,GET,6143,1
6,GET,6175,4
6,GET,6207,3
6,GET,6239,1
6,GET,6271,3
6,GET,6303,3
6,GET,6335,3
6,GET,6367,1
6,GET,6399,4
6,GET,6431,2
6,GET,6463,2
6,GET,6495,3
6,GET,6559,1
6,GET,6591,6
6,GET,6623,4
6,GET,6655,2
6,GET,6687,1
6,GET,6719,1
6,GET,6783,2
6,GET,6815,1
6,GET,6847,7
6,GET,6879,1
6,GET,7007,1
6,GET,7167,1
6,GET,7263,1
6,GET,7327,1
6,GET,7391,3
6,GET,7455,1
6,GET,7487,2
6,GET,7519,1
6,GET,7583,1
6,GET,7615,2
6,GET,7679,1
6,GET,7711,1
6,GET,7743,1
6,GET,7775,2
6,GET,7903,2
6,GET,7935,1
6,GET,7999,1
6,GET,8063,2
6,GET,8095,1
6,GET,8159,2
6,GET,8255,2
6,GET,8319,2
6,GET,8447,2
6,GET,8511,2
6,GET,8639,2
6,GET,8703,2
6,GET,8895,1
6,GET,9151,1
6,GET,9215,1
6,GET,9343,1
7,DEL,121,1
7,DEL,151,1
7,DEL,152,1
7,DEL,156,1
7,DEL,157,1
7,DEL,158,1
7,DEL,164,1
7,DEL,166,1
7,DEL,167,1
7,DEL,169,1
7,DEL,171,1
7,DEL,172,2
7,DEL,175,2
7,DEL,178,1
7,DEL,179,1
7,DEL,181,1
7,DEL,182,2
7,DEL,183,3
7,DEL,184,2
7,DEL,185,2
7,DEL,186,3
7,DEL,187,4
7,DEL,188,1
7,DEL,189,1
7,DEL,190,1
7,DEL,191,2
7,DEL,192,1
7,DEL,193,1
7,DEL,196,2
7,DEL,199,2
7,DEL,200,1
7,DEL,201,1
7,DEL,203,1
7,DEL,204,3
7,DEL,206,1
7,DEL,208,1
7,DEL,209,1
7,DEL,210,2
7,DEL,211,1
7,DEL,214,2
7,DEL,215,3
7,DEL,217,3
7,DEL,218,1
7,DEL,220,3
7,DEL,222,1
7,DEL,224,2
7,DEL,225,2
7,DEL,231,1
7,DEL,234,1
7,DEL,236,2
7,DEL,241,3
7,DEL,246,1
7,DEL,248,1
7,DEL,252,1
7,DEL,257,1
7,DEL,259,1
7,DEL,261,1
7,DEL,263,3
7,DEL,265,1
7,DEL,269,1
7,DEL,271,1
7,DEL,273,1
7,DEL,279,1
7,DEL,281,1
7,DEL,283,1
7,DEL,285,1
7,DEL,287,1
7,DEL,289,1
7,DEL,295,1
7,DEL,299,1
7,DEL,305,2
7,DEL,311,1
7,DEL,313,1
7,DEL,329,1
7,DEL,335,1
7,DEL,341,1
7,DEL,343,1
7,DEL,345,1
7,DEL,353,1
7,DEL,359,1
7,DEL,369,1
7,DEL,371,1
7,DEL,379,1
7,DEL,389,1
7,DEL,391,2
7,DEL,395,1
7,DEL,403,2
7,DEL,421,1
7,DEL,437,1
7,DEL,441,1
7,DEL,461,2
7,DEL,465,1
7,DEL,467,1
7,DEL,469,2
7,DEL,483,1
7,DEL,485,2
7,DEL,489,1
7,DEL,491,1
7,DEL,493,1
7,DEL,501,2
7,DEL,507,1
7,DEL,511,1
7,DEL,515,1
7,DEL,523,1
7,DEL,527,1
7,DEL,531,2
7,DEL,543,1
7,DEL,559,1
7,DEL,563,1
7,DEL,571,1
7,DEL,579,2
7,DEL,595,1
7,DEL,603,1
7,DEL,611,1
7,DEL,627,1
7,DEL,631,1
7,DEL,635,1
7,DEL,639,1
7,DEL,659,1
7,DEL,667,1
7,DEL,671,1
7,DEL,675,1
7,DEL,679,2
7,DEL,687,2
7,DEL,695,1
7,DEL,699,1
7,DEL,707,1
7,DEL,711,1
7,DEL,715,1
7,DEL,719,1
7,DEL,735,1
7,DEL,743,1
7,DEL,763,2
7,DEL,771,1
7,DEL,775,1
7,DEL,779,1
7,DEL,795,2
7,DEL,799,1
7,DEL,803,2
7,DEL,815,2
7,DEL,827,1
7,DEL,831,1
7,DEL,851,1
7,DEL,855,1
7,DEL,875,1
7,DEL,883,1
7,DEL,887,3
7,DEL,891,2
7,DEL,895,2
7,DEL,899,3
7,DEL,903,1
7,DEL,911,1
7,DEL,919,1
7,DEL,927,1
7,DEL,935,1
7,DEL,947,1
7,DEL,951,1
7,DEL,963,1
7,DEL,971,1
7,DEL,975,1
7,DEL,987,1
7,DEL,991,1
7,DEL,999,1
7,DEL,1015,1
7,DEL,1019,1
7,DEL,1031,1
7,DEL,1039,1
7,DEL,1063,1
7,DEL,1079,1
7,DEL,1087,1
7,DEL,1095,2
7,DEL,1103,2
7,DEL,1111,1
7,DEL,1119,4
7,DEL,1135,1
7,DEL,1159,1
7,DEL,1167,1
7,DEL,1183,2
7,DEL,1191,1
7,DEL,1199,2
7,DEL,1215,1
7,DEL,1223,2
7,DEL,1239,1
7,DEL,1255,1
7,DEL,1271,1
7,DEL,1287,1
7,DEL,1295,1
7,DEL,1311,2
7,DEL,1319,1
7,DEL,1327,1
7,DEL,1351,1
7,DEL,1359,2
7,DEL,1383,2
7,DEL,1391,1
7,DEL,1399,1
7,DEL,1407,1
7,DEL,1423,1
7,DEL,1431,1
7,DEL,1447,1
7,DEL,1455,1
7,DEL,1463,1
7,DEL,1471,1
7,DEL,1479,2
7,DEL,1511,2
7,DEL,1527,1
7,DEL,1543,1
7,DEL,1551,1
7,DEL,1567,1
7,DEL,1607,1
7,DEL,1615,2
7,DEL,1639,3
7,DEL,1663,1
7,DEL,1687,1
7,DEL,1767,1
7,DEL,1791,1
7,DEL,1839,1
7,DEL,1871,1
7,DEL,1879,2
7,DEL,2063,1
7,DEL,2079,1
7,DEL,2127,1
7,DEL,2143,2
7,DEL,2175,1
7,DEL,2207,1
7,DEL,2239,2
7,DEL,2319,1
7,DEL,2399,1
7,DEL,2415,1
7,DEL,2447,1
7,DEL,2527,1
7,DEL,2559,1
7,DEL,2591,2
7,DEL,2607,1
7,DEL,2655,1
7,DEL,2671,1
7,DEL,2735,1
7,DEL,2751,1
7,DEL,2831,1
7,DEL,2879,1
7,DEL,3039,1
7,DEL,3183,1
7,DEL,3199,2
7,DEL,3215,1
7,DEL,3263,2
7,DEL,3279,1
7,DEL,3343,3
7,DEL,3359,1
7,DEL,3423,1
7,DEL,3455,1
7,DEL,3487,1
7,DEL,3519,2
7,DEL,3615,2
7,DEL,3663,1
7,DEL,3679,1
7,DEL,3711,1
7,DEL,3759,1
7,DEL,3791,2
7,DEL,3887,1
7,DEL,3903,1
7,DEL,3935,2
7,DEL,3967,1
7,DEL,3983,1
7,DEL,4015,2
7,DEL,4047,2
7,DEL,4095,1
7,DEL,4191,3
7,DEL,4255,1
7,DEL,4415,3
7,DEL,4447,2
7,DEL,4479,2
7,DEL,4511,1
7,DEL,4575,2
7,DEL,4671,1
7,DEL,4767,2
7,DEL,4799,2
7,DEL,4831,1
7,DEL,4863,3
7,DEL,4895,4
7,DEL,4927,3
7,DEL,4959,1
7,DEL,4991,2
7,DEL,5023,2
7,DEL,5055,1
7,DEL,5087,4
7,DEL,5151,2
7,DEL,5183,1
7,DEL,5215,4
7,DEL,5279,1
7,DEL,5311,1
7,DEL,5343,1
7,DEL,5375,2
7,DEL,5407,1
7,DEL,5439,1
7,DEL,5503,2
7,DEL,5599,2
7,DEL,5631,2
7,DEL,5663,3
7,DEL,5695,1
7,DEL,5727,2
7,DEL,5791,2
7,DEL,5855,1
7,DEL,5951,1
7,DEL,5983,1
7,DEL,6015,1
7,DEL,6047,2
7,DEL,6079,3
7,DEL,6111,1
7,DEL,6175,2
7,DEL,6207,2
7,DEL,6239,1
7,DEL,6271,1
7,DEL,6303,1
7,DEL,6335,1
7,DEL,6399,2
7,DEL,6495,1
7,DEL,6559,1
7,DEL,6655,1
7,DEL,6687,1
7,DEL,6783,1
7,DEL,6847,2
7,DEL,6879,1
7,DEL,6911,1
7,DEL,6943,1
7,DEL,6975,2
7,DEL,7039,1
7,DEL,7071,2
7,DEL,7135,2
7,DEL,7199,3
7,DEL,7263,1
7,DEL,7359,1
7,DEL,7391,1
7,DEL,7583,1
7,DEL,7711,1
7,DEL,7743,3
7,DEL,7775,1
7,DEL,7839,1
7,DEL,7903,1
7,DEL,7999,1
7,DEL,8031,2
7,DEL,8255,1
7,DEL,8383,1
7,DEL,8447,2
7,DEL,8511,2
7,DEL,8703,1
7,DEL,8767,1
7,DEL,8959,2
7,DEL,9087,1
7,DEL,9215,1
7,DEL,9279,1
7,DEL,9535,1
7,DEL,9599,1
7,DEL,9791,1
7,DEL,10687,2
7,DEL,10879,3
7,DEL,11071,1
7,DEL,11391,1
7,DEL,13823,1
7,DEL,15359,1
7,DEL,15743,1
7,DEL,15935,1
7,DEL,16511,1
7,DEL,18815,1
7,DEL,19711,1
7,DEL,21247,1
7,DEL,21887,1
7,DEL,22911,1
7,DEL,23039,1
7,DEL,23295,1
7,DEL,24319,1
7,DEL,24575,1
7,DEL,26367,1
7,DEL,26495,2
7,DEL,27391,1
7,DEL,29311,1
7,DEL,31615,1
7,DEL,33535,1
7,DEL,34815,1
7,DEL,35839,1
7,DEL,37631,1
7,DEL,38399,1
7,DEL,40959,1
7,DEL,41215,1
7,DEL,42495,1
7,DEL,43519,1
7,DEL,45055,2
7,DEL,46079,1
7,DEL,47615,1
7,DEL,50175,1
7,DEL,51199,1
7,DEL,52223,1
7,DEL,52479,1
7,DEL,53759,1
7,DEL,54015,1
7,DEL,56063,2
7,DEL,56319,1
7,DEL,57343,1
7,DEL,57599,1
7,DEL,58367,1
7,DEL,58623,1
7,DEL,59135,1
7,DEL,59391,2
7,DEL,59647,1
7,DEL,60415,1
7,DEL,60671,1
7,DEL,60927,2
7,DEL,61183,1
7,DEL,61439,2
7,DEL,61695,1
7,DEL,62207,3
7,DEL,62463,3
7,DEL,62719,1
7,DEL,62975,4
7,DEL,63231,6
7,DEL,63487,5
7,DEL,63743,3
7,DEL,63999,4
7,DEL,64255,3
7,DEL,64511,2
7,DEL,64767,6
7,DEL,65023,4
7,DEL,65279,2
7,DEL,65535,2
7,DEL,66047,6
7,DEL,66559,9
7,DEL,67071,10
7,DEL,67583,8
7,DEL,68095,11
7,DEL,68607,9
7,DEL,69119,11
7,DEL,69631,8
7,DEL,70143,9
7,DEL,70655,9
7,DEL,71167,7
7,DEL,71679,14
7,DEL,72191,8
7,DEL,72703,11
7,DEL,73215,10
7,DEL,73727,9
7,DEL,74239,3
7,DEL,74751,8
7,DEL,75263,5
7,DEL,75775,5
7,DEL,76287,4
7,DEL,76799,6
7,DEL,77311,1
7,DEL,77823,4
7,DEL,78335,4
7,DEL,78847,3
7,DEL,79359,2
7,DEL,79871,2
7,DEL,80383,1
7,DEL,80895,1
7,DEL,82431,1
7,DEL,82943,1
7,DEL,83967,1
7,DEL,84479,1
7,DEL,88063,1
7,DEL,89087,1
7,GET,100,1
7,GET,107,1
7,GET,112,1
7,GET,114,1
7,GET,121,1
7,GET,122,1
7,GET,123,1
7,GET,127,1
7,GET,129,1
7,GET,131,1
7,GET,132,1
7,GET,136,1
7,GET,146,1
7,GET,148,2
7,GET,149,1
7,GET,150,1
7,GET,151,4
7,GET,152,1
7,GET,153,1
7,GET,154,1
7,GET,155,1
7,GET,156,2
7,GET,157,1
7,GET,159,3
7,GET,160,1
7,GET,161,1
7,GET,162,2
7,GET,163,2
7,GET,164,1
7,GET,165,3
7,GET,167,6
7,GET,168,5
7,GET,170,2
7,GET,171,4
7,GET,172,6
7,GET,173,1
7,GET,174,3
7,GET,175,2
7,GET,176,4
7,GET,177,5
7,GET,178,2
7,GET,179,3
7,GET,180,2
7,GET,181,5
7,GET,182,6
7,GET,183,5
7,GET,185,1
7,GET,186,1
7,GET,187,5
7,GET,188,6
7,GET,189,3
7,GET,190,7
7,GET,191,6
7,GET,192,6
7,GET,193,6
7,GET,194,6
7,GET,195,5
7,GET,196,8
7,GET,197,4
7,GET,198,1
7,GET,199,5
7,GET,200,1
7,GET,202,5
7,GET,203,4
7,GET,204,1
7,GET,205,4
7,GET,206,1
7,GET,207,3
7,GET,208,3
7,GET,209,1
7,GET,210,2
7,GET,211,6
7,GET,212,1
7,GET,213,5
7,GET,214,8
7,GET,215,2
7,GET,216,2
7,GET,217,2
7,GET,218,3
7,GET,219,1
7,GET,220,1
7,GET,221,5
7,GET,222,6
7,GET,223,2
7,GET,224,1
7,GET,225,1
7,GET,228,1
7,GET,229,1
7,GET,231,1
7,GET,232,2
7,GET,234,2
7,GET,235,1
7,GET,236,3
7,GET,237,2
7,GET,238,2
7,GET,239,1
7,GET,240,3
7,GET,242,1
7,GET,244,2
7,GET,245,1
7,GET,246,2
7,GET,248,1
7,GET,253,1
7,GET,255,1
7,GET,257,1
7,GET,259,2
7,GET,261,3
7,GET,263,1
7,GET,265,1
7,GET,269,1
7,GET,273,1
7,GET,279,1
7,GET,283,3
7,GET,287,2
7,GET,289,2
7,GET,293,3
7,GET,295,4
7,GET,297,2
7,GET,299,1
7,GET,301,1
7,GET,303,1
7,GET,305,4
7,GET,307,1
7,GET,313,1
7,GET,315,1
7,GET,327,1
7,GET,331,1
7,GET,335,1
7,GET,337,3
7,GET,343,2
7,GET,345,3
7,GET,353,1
7,GET,355,1
7,GET,361,2
7,GET,369,2
7,GET,373,1
7,GET,377,2
7,GET,381,4
7,GET,383,1
7,GET,387,1
7,GET,393,1
7,GET,401,1
7,GET,405,1
7,GET,411,2
7,GET,415,1
7,GET,419,1
7,GET,425,2
7,GET,429,1
7,GET,435,1
7,GET,437,2
7,GET,439,1
7,GET,441,2
7,GET,445,1
7,GET,447,1
7,GET,449,2
7,GET,451,1
7,GET,453,1
7,GET,455,2
7,GET,457,1
7,GET,461,1
7,GET,463,1
7,GET,465,2
7,GET,469,1
7,GET,471,1
7,GET,473,1
7,GET,481,1
7,GET,483,1
7,GET,489,1
7,GET,491,3
7,GET,493,4
7,GET,499,1
7,GET,509,1
7,GET,519,2
7,GET,523,2
7,GET,531,1
7,GET,535,2
7,GET,539,3
7,GET,543,1
7,GET,547,3
7,GET,551,2
7,GET,555,4
7,GET,559,1
7,GET,563,1
7,GET,567,1
7,GET,571,2
7,GET,575,1
7,GET,579,1
7,GET,583,1
7,GET,587,1
7,GET,591,1
7,GET,595,1
7,GET,599,2
7,GET,603,2
7,GET,607,2
7,GET,611,3
7,GET,615,2
7,GET,619,1
7,GET,623,5
7,GET,627,1
7,GET,631,1
7,GET,635,1
7,GET,639,2
7,GET,643,3
7,GET,647,2
7,GET,651,3
7,GET,659,1
7,GET,671,1
7,GET,675,3
7,GET,679,3
7,GET,683,2
7,GET,687,1
7,GET,691,3
7,GET,695,4
7,GET,699,3
7,GET,703,1
7,GET,707,3
7,GET,711,2
7,GET,715,1
7,GET,719,3
7,GET,723,2
7,GET,727,2
7,GET,731,1
7,GET,735,2
7,GET,743,1
7,GET,755,2
7,GET,759,2
7,GET,763,2
7,GET,767,4
7,GET,771,3
7,GET,775,1
7,GET,779,2
7,GET,783,5
7,GET,787,1
7,GET,795,1
7,GET,799,2
7,GET,803,3
7,GET,807,2
7,GET,811,2
7,GET,819,3
7,GET,823,2
7,GET,827,3
7,GET,831,2
7,GET,835,1
7,GET,839,2
7,GET,843,2
7,GET,847,3
7,GET,851,3
7,GET,855,2
7,GET,859,2
7,GET,863,2
7,GET,867,1
7,GET,871,3
7,GET,875,2
7,GET,883,1
7,GET,887,2
7,GET,891,4
7,GET,899,4
7,GET,903,2
7,GET,907,4
7,GET,911,2
7,GET,915,2
7,GET,919,4
7,GET,923,3
7,GET,927,1
7,GET,935,2
7,GET,939,1
7,GET,943,4
7,GET,951,4
7,GET,955,5
7,GET,959,3
7,GET,963,6
7,GET,971,1
7,GET,975,5
7,GET,979,3
7,GET,983,3
7,GET,987,1
7,GET,991,5
7,GET,999,3
7,GET,1003,1
7,GET,1011,1
7,GET,1015,3
7,GET,1019,4
7,GET,1023,2
7,GET,1031,2
7,GET,1047,5
7,GET,1055,2
7,GET,1063,3
7,GET,1071,4
7,GET,1079,2
7,GET,1087,3
7,GET,1095,1
7,GET,1103,4
7,GET,1111,1
7,GET,1119,4
7,GET,1127,3
7,GET,1135,1
7,GET,1143,3
7,GET,1151,3
7,GET,1159,4
7,GET,1167,5
7,GET,1175,4
7,GET,1183,2
7,GET,1191,6
7,GET,1199,5
7,GET,1207,1
7,GET,1215,3
7,GET,1223,4
7,GET,1231,3
7,GET,1239,2
7,GET,1247,1
7,GET,1255,4
7,GET,1263,3
7,GET,1271,2
7,GET,1279,1
7,GET,1287,2
7,GET,1295,2
7,GET,1303,5
7,GET,1311,4
7,GET,1319,3
7,GET,1327,4
7,GET,1335,3
7,GET,1343,1
7,GET,1351,8
7,GET,1359,5
7,GET,1367,4
7,GET,1375,4
7,GET,1383,3
7,GET,1391,3
7,GET,1399,3
7,GET,1407,3
7,GET,1415,6
7,GET,1423,2
7,GET,1431,4
7,GET,1439,4
7,GET,1447,3
7,GET,1455,5
7,GET,1463,3
7,GET,1471,5
7,GET,1479,7
7,GET,1487,4
7,GET,1495,8
7,GET,1503,5
7,GET,1511,6
7,GET,1519,8
7,GET,1527,5
7,GET,1535,8
7,GET,1543,5
7,GET,1551,5
7,GET,1559,6
7,GET,1567,3
7,GET,1575,4
7,GET,1583,5
7,GET,1591,2
7,GET,1599,3
7,GET,1607,2
7,GET,1615,4
7,GET,1623,1
7,GET,1631,8
7,GET,1639,1
7,GET,1647,4
7,GET,1655,1
7,GET,1663,4
7,GET,1671,3
7,GET,1679,1
7,GET,1687,4
7,GET,1695,5
7,GET,1703,2
7,GET,1711,2
7,GET,1719,2
7,GET,1727,7
7,GET,1735,2
7,GET,1743,2
7,GET,1751,1
7,GET,1759,2
7,GET,1767,2
7,GET,1775,3
7,GET,1783,3
7,GET,1791,1
7,GET,1799,6
7,GET,1807,1
7,GET,1815,4
7,GET,1823,1
7,GET,1831,5
7,GET,1839,1
7,GET,1847,5
7,GET,1855,4
7,GET,1863,1
7,GET,1871,2
7,GET,1879,2
7,GET,1887,1
7,GET,1895,3
7,GET,1903,2
7,GET,1919,2
7,GET,1935,3
7,GET,1943,2
7,GET,1951,4
7,GET,1959,4
7,GET,1967,1
7,GET,1975,3
7,GET,1983,2
7,GET,1991,7
7,GET,1999,4
7,GET,2007,2
7,GET,2015,2
7,GET,2023,1
7,GET,2031,1
7,GET,2039,1
7,GET,2047,3
7,GET,2063,4
7,GET,2079,5
7,GET,2095,7
7,GET,2111,4
7,GET,2127,4
7,GET,2143,7
7,GET,2159,3
7,GET,2175,11
7,GET,2191,3
7,GET,2207,3
7,GET,2223,3
7,GET,2239,4
7,GET,2255,2
7,GET,2271,1
7,GET,2287,2
7,GET,2303,11
7,GET,2319,6
7,GET,2335,2
7,GET,2351,6
7,GET,2367,6
7,GET,2383,4
7,GET,2399,8
7,GET,2415,1
7,GET,2431,4
7,GET,2447,2
7,GET,2463,5
7,GET,2479,4
7,GET,2495,4
7,GET,2511,5
7,GET,2527,2
7,GET,2543,3
7,GET,2559,4
7,GET,2575,8
7,GET,2591,2
7,GET,2607,5
7,GET,2623,5
7,GET,2639,5
7,GET,2655,7
7,GET,2671,6
7,GET,2687,2
7,GET,2703,4
7,GET,2719,2
7,GET,2735,3
7,GET,2751,6
7,GET,2767,1
7,GET,2783,3
7,GET,2799,6
7,GET,2815,6
7,GET,2831,4
7,GET,2847,2
7,GET,2863,4
7,GET,2879,4
7,GET,2895,6
7,GET,2911,8
7,GET,2927,4
7,GET,2943,4
7,GET,2959,7
7,GET,2975,7
7,GET,2991,3
7,GET,3007,5
7,GET,3023,4
7,GET,3039,7
7,GET,3055,5
7,GET,3071,5
7,GET,3087,3
7,GET,3103,3
7,GET,3119,2
7,GET,3135,3
7,GET,3151,8
7,GET,3167,4
7,GET,3183,6
7,GET,3199,8
7,GET,3215,7
7,GET,3231,3
7,GET,3247,5
7,GET,3263,6
7,GET,3279,4
7,GET,3295,9
7,GET,3311,7
7,GET,3327,3
7,GET,3343,7
7,GET,3359,13
7,GET,3375,5
7,GET,3391,7
7,GET,3407,5
7,GET,3423,4
7,GET,3439,7
7,GET,3455,6
7,GET,3471,6
7,GET,3487,12
7,GET,3503,6
7,GET,3519,6
7,GET,3535,2
7,GET,3551,7
7,GET,3567,1
7,GET,3583,12
7,GET,3599,3
7,GET,3615,7
7,GET,3631,4
7,GET,3647,5
7,GET,3663,8
7,GET,3679,8
7,GET,3695,8
7,GET,3711,4
7,GET,3727,4
7,GET,3743,6
7,GET,3759,4
7,GET,3775,11
7,GET,3791,2
7,GET,3807,5
7,GET,3823,4
7,GET,3839,4
7,GET,3855,7
7,GET,3871,3
7,GET,3887,7
7,GET,3903,4
7,GET,3919,5
7,GET,3935,2
7,GET,3951,1
7,GET,3967,10
7,GET,3983,3
7,GET,3999,5
7,GET,4015,4
7,GET,4031,4
7,GET,4047,7
7,GET,4063,4
7,GET,4079,5
7,GET,4095,7
7,GET,4127,10
7,GET,4159,6
7,GET,4191,9
7,GET,4223,8
7,GET,4255,13
7,GET,4287,10
7,GET,4319,6
7,GET,4351,13
7,GET,4383,6
7,GET,4415,3
7,GET,4447,10
7,GET,4479,8
7,GET,4511,4
7,GET,4543,6
7,GET,4575,5
7,GET,4607,12
7,GET,4639,5
7,GET,4671,10
7,GET,4703,11
7,GET,4735,11
7,GET,4767,12
7,GET,4799,5
7,GET,4831,6
7,GET,4863,9
7,GET,4895,12
7,GET,4927,5
7,GET,4959,5
7,GET,4991,1
7,GET,5023,8
7,GET,5055,5
7,GET,5087,7
7,GET,5119,12
7,GET,5151,6
7,GET,5183,7
7,GET,5215,6
7,GET,5247,8
7,GET,5279,12
7,GET,5311,2
7,GET,5343,8
7,GET,5375,5
7,GET,5407,2
7,GET,5439,7
7,GET,5471,2
7,GET,5503,2
7,GET,5535,3
7,GET,5567,6
7,GET,5599,7
7,GET,5631,2
7,GET,5663,7
7,GET,5695,2
7,GET,5727,9
7,GET,5759,3
7,GET,5791,3
7,GET,5823,5
7,GET,5855,2
7,GET,5887,3
7,GET,5919,3
7,GET,5951,5
7,GET,5983,6
7,GET,6015,2
7,GET,6047,5
7,GET,6079,3
7,GET,6111,2
7,GET,6143,2
7,GET,6175,4
7,GET,6207,4
7,GET,6239,5
7,GET,6303,3
7,GET,6335,2
7,GET,6367,3
7,GET,6399,2
7,GET,6431,5
7,GET,6463,1
7,GET,6495,5
7,GET,6527,4
7,GET,6559,1
7,GET,6591,2
7,GET,6623,3
7,GET,6655,2
7,GET,6687,5
7,GET,6719,1
7,GET,6751,1
7,GET,6783,3
7,GET,6815,1
7,GET,6847,1
7,GET,6911,2
7,GET,6975,2
7,GET,7007,2
7,GET,7039,1
7,GET,7071,1
7,GET,7135,1
7,GET,7231,1
7,GET,7263,1
7,GET,7295,2
7,GET,7359,2
7,GET,7423,4
7,GET,7455,3
7,GET,7487,2
7,GET,7583,2
7,GET,7615,1
7,GET,7775,1
7,GET,7903,1
7,GET,7935,1
7,GET,7967,1
7,GET,8127,1
7,GET,8255,1
7,GET,8319,1
7,GET,8447,1
7,GET,9023,1
7,GET,10751,1
7,SET,167,1
7,SET,172,1
7,SET,179,1
7,SET,184,1
7,SET,198,1
7,SET,201,1
7,SET,213,1
7,SET,215,1
7,SET,217,2
7,SET,225,1
7,SET,231,1
7,SET,234,1
7,SET,235,1
7,SET,236,1
7,SET,251,2
7,SET,261,1
7,SET,263,1
7,SET,269,1
7,SET,315,2
7,SET,395,1
7,SET,445,1
7,SET,535,1
7,SET,659,1
7,SET,675,2
7,SET,699,1
7,SET,711,1
7,SET,755,1
7,SET,779,1
7,SET,783,1
7,SET,787,1
7,SET,847,1
7,SET,875,1
7,SET,879,1
7,SET,967,1
7,SET,975,1
7,SET,1011,1
7,SET,1039,1
7,SET,1047,1
7,SET,1055,1
7,SET,1159,1
7,SET,1175,1
7,SET,1223,1
7,SET,1287,1
7,SET,1311,1
7,SET,1319,1
7,SET,1383,1
7,SET,1479,1
7,SET,1503,1
7,SET,1527,1
7,SET,1535,1
7,SET,1559,1
7,SET,1703,1
7,SET,1815,1
7,SET,1887,1
7,SET,1951,1
7,SET,1975,1
7,SET,1983,2
7,SET,2015,1
7,SET,2095,1
7,SET,2127,1
7,SET,2159,1
7,SET,2303,1
7,SET,2319,1
7,SET,2367,2
7,SET,2575,1
7,SET,2735,1
7,SET,2751,1
7,SET,2767,1
7,SET,3007,1
7,SET,3023,1
7,SET,3103,1
7,SET,3151,1
7,SET,3167,1
7,SET,3183,1
7,SET,3215,2
7,SET,3231,1
7,SET,3247,1
7,SET,3343,1
7,SET,3407,1
7,SET,3487,1
7,SET,3503,1
7,SET,3519,2
7,SET,3551,1
7,SET,3631,1
7,SET,3711,1
7,SET,3775,1
7,SET,3807,2
7,SET,3839,1
7,SET,3871,3
7,SET,3967,1
7,SET,3983,1
7,SET,3999,1
7,SET,4031,1
7,SET,4063,1
7,SET,4079,1
7,SET,4159,2
7,SET,4191,3
7,SET,4223,1
7,SET,4287,1
7,SET,4319,1
7,SET,4351,1
7,SET,4383,1
7,SET,4415,2
7,SET,4511,1
7,SET,4671,1
7,SET,4703,1
7,SET,4767,1
7,SET,4799,1
7,SET,4831,2
7,SET,4863,1
7,SET,4927,1
7,SET,4959,1
7,SET,5055,2
7,SET,5087,1
7,SET,5119,1
7,SET,5439,1
7,SET,5791,1
7,SET,5919,1
7,SET,6143,2
7,SET,6207,1
7,SET,6463,1
7,SET,6719,1
7,SET,7039,1
7,SET,7295,1
7,SET,7775,1
7,SET,8095,1
7,SET,9151,1
8,DEL,125,1
8,DEL,148,1
8,DEL,151,1
8,DEL,153,1
8,DEL,159,1
8,DEL,160,2
8,DEL,163,1
8,DEL,165,1
8,DEL,166,1
8,DEL,168,2
8,DEL,172,1
8,DEL,173,2
8,DEL,175,1
8,DEL,176,1
8,DEL,178,1
8,DEL,181,1
8,DEL,183,3
8,DEL,185,2
8,DEL,187,4
8,DEL,188,1
8,DEL,192,2
8,DEL,193,1
8,DEL,194,1
8,DEL,195,2
8,DEL,197,1
8,DEL,198,2
8,DEL,200,1
8,DEL,203,2
8,DEL,205,1
8,DEL,206,6
8,DEL,208,1
8,DEL,209,1
8,DEL,210,1
8,DEL,211,1
8,DEL,212,1
8,DEL,213,1
8,DEL,215,1
8,DEL,218,1
8,DEL,219,1
8,DEL,220,1
8,DEL,222,2
8,DEL,223,1
8,DEL,227,1
8,DEL,228,1
8,DEL,229,1
8,DEL,230,1
8,DEL,234,3
8,DEL,236,2
8,DEL,237,1
8,DEL,238,1
8,DEL,239,1
8,DEL,241,2
8,DEL,246,1
8,DEL,247,2
8,DEL,250,1
8,DEL,257,1
8,DEL,261,2
8,DEL,265,1
8,DEL,271,2
8,DEL,273,1
8,DEL,275,1
8,DEL,281,1
8,DEL,283,1
8,DEL,287,1
8,DEL,289,1
8,DEL,295,1
8,DEL,297,1
8,DEL,299,1
8,DEL,307,1
8,DEL,313,2
8,DEL,317,1
8,DEL,323,1
8,DEL,327,2
8,DEL,329,1
8,DEL,343,1
8,DEL,345,1
8,DEL,349,1
8,DEL,355,1
8,DEL,369,1
8,DEL,373,1
8,DEL,377,1
8,DEL,383,1
8,DEL,387,1
8,DEL,389,1
8,DEL,403,1
8,DEL,419,1
8,DEL,431,1
8,DEL,433,1
8,DEL,435,2
8,DEL,437,1
8,DEL,445,1
8,DEL,457,1
8,DEL,477,1
8,DEL,489,2
8,DEL,511,1
8,DEL,523,3
8,DEL,527,1
8,DEL,535,1
8,DEL,555,1
8,DEL,559,1
8,DEL,563,2
8,DEL,567,1
8,DEL,579,2
8,DEL,595,1
8,DEL,607,1
8,DEL,623,1
8,DEL,627,1
8,DEL,643,2
8,DEL,647,2
8,DEL,651,1
8,DEL,663,1
8,DEL,679,1
8,DEL,683,1
8,DEL,691,1
8,DEL,695,1
8,DEL,699,1
8,DEL,703,1
8,DEL,707,1
8,DEL,711,1
8,DEL,719,1
8,DEL,735,1
8,DEL,739,1
8,DEL,747,1
8,DEL,759,1
8,DEL,783,2
8,DEL,787,1
8,DEL,791,1
8,DEL,795,1
8,DEL,799,2
8,DEL,811,2
8,DEL,815,3
8,DEL,819,2
8,DEL,823,1
8,DEL,839,1
8,DEL,851,1
8,DEL,855,1
8,DEL,859,1
8,DEL,863,1
8,DEL,867,1
8,DEL,875,1
8,DEL,911,2
8,DEL,915,1
8,DEL,927,1
8,DEL,931,1
8,DEL,935,1
8,DEL,939,1
8,DEL,947,1
8,DEL,951,1
8,DEL,971,1
8,DEL,979,1
8,DEL,983,1
8,DEL,995,1
8,DEL,999,2
8,DEL,1007,1
8,DEL,1011,1
8,DEL,1019,1
8,DEL,1023,2
8,DEL,1039,1
8,DEL,1047,2
8,DEL,1063,2
8,DEL,1071,1
8,DEL,1079,3
8,DEL,1095,1
8,DEL,1111,2
8,DEL,1143,1
8,DEL,1151,2
8,DEL,1159,1
8,DEL,1175,2
8,DEL,1231,2
8,DEL,1239,1
8,DEL,1247,1
8,DEL,1287,3
8,DEL,1303,2
8,DEL,1311,2
8,DEL,1319,2
8,DEL,1327,1
8,DEL,1335,1
8,DEL,1343,1
8,DEL,1375,1
8,DEL,1431,1
8,DEL,1447,4
8,DEL,1479,1
8,DEL,1487,1
8,DEL,1503,2
8,DEL,1519,2
8,DEL,1559,1
8,DEL,1599,1
8,DEL,1647,1
8,DEL,1655,1
8,DEL,1711,1
8,DEL,1743,1
8,DEL,1775,1
8,DEL,1791,1
8,DEL,1799,1
8,DEL,1855,1
8,DEL,1871,1
8,DEL,1903,1
8,DEL,1911,1
8,DEL,2039,1
8,DEL,2143,2
8,DEL,2191,1
8,DEL,2207,1
8,DEL,2223,1
8,DEL,2239,1
8,DEL,2303,1
8,DEL,2367,2
8,DEL,2463,2
8,DEL,2479,2
8,DEL,2495,1
8,DEL,2511,1
8,DEL,2591,1
8,DEL,2655,1
8,DEL,2671,1
8,DEL,2703,1
8,DEL,2719,1
8,DEL,2751,1
8,DEL,2767,1
8,DEL,2799,1
8,DEL,2895,2
8,DEL,2959,1
8,DEL,2975,1
8,DEL,3087,1
8,DEL,3167,1
8,DEL,3199,1
8,DEL,3215,1
8,DEL,3231,2
8,DEL,3247,1
8,DEL,3343,1
8,DEL,3375,1
8,DEL,3407,1
8,DEL,3439,1
8,DEL,3471,2
8,DEL,3519,1
8,DEL,3551,1
8,DEL,3567,1
8,DEL,3615,2
8,DEL,3663,1
8,DEL,3727,2
8,DEL,3743,1
8,DEL,3791,1
8,DEL,3807,2
8,DEL,3823,3
8,DEL,3871,1
8,DEL,3887,1
8,DEL,3903,1
8,DEL,3919,2
8,DEL,3999,1
8,DEL,4015,1
8,DEL,4047,3
8,DEL,4063,1
8,DEL,4079,2
8,DEL,4127,3
8,DEL,4159,1
8,DEL,4223,1
8,DEL,4255,1
8,DEL,4287,1
8,DEL,4319,1
8,DEL,4383,1
8,DEL,4415,2
8,DEL,4511,1
8,DEL,4543,2
8,DEL,4575,1
8,DEL,4607,1
8,DEL,4639,1
8,DEL,4671,2
8,DEL,4703,2
8,DEL,4735,3
8,DEL,4767,4
8,DEL,4799,1
8,DEL,4831,3
8,DEL,4863,2
8,DEL,4895,1
8,DEL,4959,2
8,DEL,5055,1
8,DEL,5087,1
8,DEL,5119,2
8,DEL,5151,1
8,DEL,5215,2
8,DEL,5247,1
8,DEL,5311,1
8,DEL,5343,4
8,DEL,5375,1
8,DEL,5439,2
8,DEL,5471,1
8,DEL,5503,1
8,DEL,5535,1
8,DEL,5567,1
8,DEL,5631,3
8,DEL,5663,2
8,DEL,5695,1
8,DEL,5823,1
8,DEL,5855,2
8,DEL,5919,1
8,DEL,5951,2
8,DEL,5983,2
8,DEL,6015,2
8,DEL,6047,1
8,DEL,6111,1
8,DEL,6175,1
8,DEL,6207,1
8,DEL,6239,1
8,DEL,6303,1
8,DEL,6367,1
8,DEL,6431,3
8,DEL,6463,1
8,DEL,6591,3
8,DEL,6687,2
8,DEL,6719,1
8,DEL,6751,1
8,DEL,6783,2
8,DEL,6815,2
8,DEL,6847,1
8,DEL,6879,1
8,DEL,6943,2
8,DEL,7039,1
8,DEL,7071,1
8,DEL,7103,2
8,DEL,7135,1
8,DEL,7199,1
8,DEL,7231,2
8,DEL,7263,1
8,DEL,7359,2
8,DEL,7551,1
8,DEL,7615,1
8,DEL,7647,1
8,DEL,7679,2
8,DEL,7807,1
8,DEL,7839,1
8,DEL,7903,1
8,DEL,7967,1
8,DEL,7999,1
8,DEL,8127,1
8,DEL,8159,1
8,DEL,8191,2
8,DEL,8255,1
8,DEL,8319,1
8,DEL,8383,1
8,DEL,8447,4
8,DEL,9087,1
8,DEL,9215,1
8,DEL,9279,2
8,DEL,9407,1
8,DEL,9535,1
8,DEL,9663,1
8,DEL,9855,1
8,DEL,10943,1
8,DEL,11007,1
8,DEL,12863,1
8,DEL,12991,1
8,DEL,13183,1
8,DEL,14335,1
8,DEL,16063,1
8,DEL,17151,1
8,DEL,17663,1
8,DEL,19839,2
8,DEL,21503,1
8,DEL,21631,1
8,DEL,22271,2
8,DEL,23935,1
8,DEL,24063,1
8,DEL,25599,1
8,DEL,26111,1
8,DEL,26751,1
8,DEL,27135,1
8,DEL,27263,1
8,DEL,28927,1
8,DEL,29183,1
8,DEL,33279,1
8,DEL,33791,1
8,DEL,36863,2
8,DEL,37119,1
8,DEL,37375,1
8,DEL,39167,1
8,DEL,41215,1
8,DEL,41727,1
8,DEL,43519,1
8,DEL,45311,2
8,DEL,46591,1
8,DEL,49663,1
8,DEL,50687,1
8,DEL,50943,1
8,DEL,51199,1
8,DEL,52223,1
8,DEL,55807,1
8,DEL,56063,2
8,DEL,56319,2
8,DEL,56831,1
8,DEL,57599,3
8,DEL,58367,1
8,DEL,58879,1
8,DEL,59135,1
8,DEL,59391,4
8,DEL,59647,1
8,DEL,59903,1
8,DEL,60415,1
8,DEL,60927,2
8,DEL,61183,1
8,DEL,61439,1
8,DEL,61695,4
8,DEL,61951,3
8,DEL,62207,1
8,DEL,62463,3
8,DEL,62975,4
8,DEL,63231,4
8,DEL,63487,2
8,DEL,63743,4
8,DEL,63999,3
8,DEL,64255,2
8,DEL,64511,4
8,DEL,64767,5
8,DEL,65279,4
8,DEL,65535,2
8,DEL,66047,7
8,DEL,66559,7
8,DEL,67071,8
8,DEL,67583,12
8,DEL,68095,6
8,DEL,68607,11
8,DEL,69119,12
8,DEL,69631,9
8,DEL,70143,7
8,DEL,70655,13
8,DEL,71167,6
8,DEL,71679,14
8,DEL,72191,9
8,DEL,72703,10
8,DEL,73215,9
8,DEL,73727,5
8,DEL,74239,7
8,DEL,74751,5
8,DEL,75263,2
8,DEL,75775,2
8,DEL,76287,4
8,DEL,76799,4
8,DEL,77311,3
8,DEL,77823,4
8,DEL,78335,3
8,DEL,78847,8
8,DEL,79871,3
8,DEL,80383,4
8,DEL,80895,2
8,DEL,81407,2
8,DEL,81919,2
8,DEL,82431,1
8,DEL,86527,1
8,DEL,87551,2
8,GET,100,1
8,GET,102,1
8,GET,105,2
8,GET,119,1
8,GET,120,1
8,GET,123,1
8,GET,126,1
8,GET,146,1
8,GET,148,1
8,GET,151,2
8,GET,152,1
8,GET,154,1
8,GET,155,2
8,GET,156,4
8,GET,157,3
8,GET,158,4
8,GET,159,1
8,GET,160,1
8,GET,162,3
8,GET,163,2
8,GET,165,1
8,GET,166,3
8,GET,167,4
8,GET,169,1
8,GET,170,1
8,GET,171,1
8,GET,172,3
8,GET,174,3
8,GET,175,1
8,GET,176,5
8,GET,178,4
8,GET,179,1
8,GET,180,4
8,GET,181,5
8,GET,182,3
8,GET,183,3
8,GET,185,6
8,GET,186,2
8,GET,187,7
8,GET,188,4
8,GET,189,4
8,GET,190,3
8,GET,191,6
8,GET,192,5
8,GET,193,7
8,GET,194,2
8,GET,195,4
8,GET,196,2
8,GET,197,3
8,GET,199,5
8,GET,200,3
8,GET,201,5
8,GET,202,7
8,GET,203,3
8,GET,204,6
8,GET,205,6
8,GET,206,4
8,GET,207,4
8,GET,208,6
8,GET,209,2
8,GET,210,2
8,GET,211,2
8,GET,212,3
8,GET,213,4
8,GET,214,6
8,GET,215,2
8,GET,216,3
8,GET,218,2
8,GET,219,3
8,GET,220,1
8,GET,221,2
8,GET,222,1
8,GET,223,1
8,GET,224,1
8,GET,225,3
8,GET,226,3
8,GET,227,3
8,GET,228,3
8,GET,229,3
8,GET,230,1
8,GET,233,3
8,GET,234,2
8,GET,235,1
8,GET,236,1
8,GET,237,1
8,GET,239,2
8,GET,240,3
8,GET,241,3
8,GET,242,2
8,GET,243,2
8,GET,244,2
8,GET,245,3
8,GET,246,1
8,GET,247,2
8,GET,248,2
8,GET,249,1
8,GET,250,1
8,GET,251,1
8,GET,254,1
8,GET,257,6
8,GET,259,1
8,GET,261,1
8,GET,273,1
8,GET,275,4
8,GET,277,1
8,GET,279,1
8,GET,287,2
8,GET,289,1
8,GET,293,1
8,GET,295,1
8,GET,297,2
8,GET,299,2
8,GET,301,1
8,GET,303,1
8,GET,305,2
8,GET,307,2
8,GET,309,2
8,GET,311,2
8,GET,313,2
8,GET,317,1
8,GET,321,1
8,GET,325,1
8,GET,327,1
8,GET,333,2
8,GET,335,1
8,GET,349,1
8,GET,351,2
8,GET,355,2
8,GET,357,1
8,GET,367,1
8,GET,369,1
8,GET,371,2
8,GET,373,1
8,GET,377,1
8,GET,379,2
8,GET,381,2
8,GET,385,1
8,GET,387,1
8,GET,389,1
8,GET,391,3
8,GET,395,1
8,GET,401,3
8,GET,403,1
8,GET,413,1
8,GET,415,1
8,GET,419,1
8,GET,423,1
8,GET,425,1
8,GET,427,1
8,GET,437,1
8,GET,439,2
8,GET,441,1
8,GET,443,1
8,GET,445,1
8,GET,449,1
8,GET,451,2
8,GET,453,1
8,GET,457,1
8,GET,461,1
8,GET,463,3
8,GET,467,2
8,GET,471,2
8,GET,473,1
8,GET,479,1
8,GET,481,1
8,GET,483,1
8,GET,487,1
8,GET,489,1
8,GET,493,2
8,GET,501,1
8,GET,503,1
8,GET,505,2
8,GET,507,1
8,GET,509,2
8,GET,511,1
8,GET,515,2
8,GET,519,2
8,GET,527,3
8,GET,531,2
8,GET,535,4
8,GET,539,1
8,GET,543,3
8,GET,547,2
8,GET,551,3
8,GET,567,2
8,GET,571,5
8,GET,575,5
8,GET,579,2
8,GET,583,1
8,GET,587,2
8,GET,591,4
8,GET,595,1
8,GET,599,2
8,GET,603,1
8,GET,607,2
8,GET,615,2
8,GET,619,2
8,GET,623,2
8,GET,627,2
8,GET,631,1
8,GET,639,1
8,GET,643,3
8,GET,647,3
8,GET,651,2
8,GET,655,5
8,GET,659,1
8,GET,663,1
8,GET,675,2
8,GET,687,3
8,GET,691,4
8,GET,695,6
8,GET,703,2
8,GET,707,1
8,GET,711,2
8,GET,719,2
8,GET,723,3
8,GET,731,5
8,GET,735,2
8,GET,739,3
8,GET,743,3
8,GET,747,3
8,GET,759,5
8,GET,763,1
8,GET,767,2
8,GET,771,1
8,GET,775,2
8,GET,783,3
8,GET,787,1
8,GET,795,6
8,GET,799,1
8,GET,803,1
8,GET,807,1
8,GET,811,3
8,GET,815,3
8,GET,819,1
8,GET,823,2
8,GET,827,1
8,GET,831,1
8,GET,835,2
8,GET,839,2
8,GET,843,4
8,GET,847,3
8,GET,851,3
8,GET,855,2
8,GET,859,2
8,GET,863,2
8,GET,867,2
8,GET,871,1
8,GET,875,1
8,GET,883,1
8,GET,887,2
8,GET,891,1
8,GET,903,1
8,GET,907,2
8,GET,915,1
8,GET,919,2
8,GET,923,5
8,GET,927,2
8,GET,931,3
8,GET,935,1
8,GET,939,1
8,GET,943,2
8,GET,947,3
8,GET,951,2
8,GET,955,5
8,GET,959,1
8,GET,967,3
8,GET,971,2
8,GET,975,1
8,GET,983,1
8,GET,999,1
8,GET,1007,1
8,GET,1011,1
8,GET,1015,1
8,GET,1019,1
8,GET,1039,3
8,GET,1047,1
8,GET,1055,1
8,GET,1063,4
8,GET,1071,6
8,GET,1079,1
8,GET,1087,4
8,GET,1095,4
8,GET,1103,4
8,GET,1111,1
8,GET,1119,2
8,GET,1127,3
8,GET,1135,4
8,GET,1143,1
8,GET,1151,2
8,GET,1159,3
8,GET,1167,2
8,GET,1175,1
8,GET,1183,4
8,GET,1191,3
8,GET,1199,5
8,GET,1207,4
8,GET,1215,4
8,GET,1223,4
8,GET,1231,5
8,GET,1239,4
8,GET,1247,2
8,GET,1255,4
8,GET,1263,7
8,GET,1271,4
8,GET,1279,5
8,GET,1287,5
8,GET,1295,4
8,GET,1303,2
8,GET,1311,3
8,GET,1319,2
8,GET,1327,3
8,GET,1335,5
8,GET,1343,5
8,GET,1351,4
8,GET,1359,1
8,GET,1367,4
8,GET,1375,5
8,GET,1383,1
8,GET,1391,5
8,GET,1399,6
8,GET,1407,5
8,GET,1415,4
8,GET,1423,4
8,GET,1431,8
8,GET,1439,12
8,GET,1447,8
8,GET,1455,3
8,GET,1463,9
8,GET,1471,2
8,GET,1479,6
8,GET,1487,5
8,GET,1495,6
8,GET,1503,6
8,GET,1511,5
8,GET,1519,8
8,GET,1527,6
8,GET,1535,8
8,GET,1543,3
8,GET,1551,7
8,GET,1559,4
8,GET,1567,5
8,GET,1575,6
8,GET,1583,6
8,GET,1591,5
8,GET,1599,4
8,GET,1607,2
8,GET,1615,4
8,GET,1623,2
8,GET,1631,3
8,GET,1639,3
8,GET,1647,1
8,GET,1655,4
8,GET,1663,1
8,GET,1671,5
8,GET,1679,1
8,GET,1687,3
8,GET,1695,1
8,GET,1703,5
8,GET,1711,4
8,GET,1727,2
8,GET,1735,1
8,GET,1743,3
8,GET,1751,1
8,GET,1759,2
8,GET,1767,5
8,GET,1775,5
8,GET,1783,1
8,GET,1791,1
8,GET,1799,2
8,GET,1807,1
8,GET,1815,2
8,GET,1823,1
8,GET,1831,3
8,GET,1847,2
8,GET,1855,3
8,GET,1863,4
8,GET,1871,4
8,GET,1879,5
8,GET,1887,1
8,GET,1895,3
8,GET,1903,4
8,GET,1911,3
8,GET,1919,2
8,GET,1927,2
8,GET,1935,1
8,GET,1943,4
8,GET,1951,3
8,GET,1959,5
8,GET,1967,3
8,GET,1975,3
8,GET,1983,2
8,GET,1991,5
8,GET,1999,6
8,GET,2007,4
8,GET,2015,4
8,GET,2023,1
8,GET,2031,2
8,GET,2039,1
8,GET,2047,1
8,GET,2063,3
8,GET,2079,2
8,GET,2095,7
8,GET,2111,7
8,GET,2127,2
8,GET,2143,2
8,GET,2159,3
8,GET,2175,7
8,GET,2191,4
8,GET,2207,5
8,GET,2223,4
8,GET,2239,9
8,GET,2255,4
8,GET,2271,3
8,GET,2287,4
8,GET,2303,4
8,GET,2319,4
8,GET,2335,2
8,GET,2351,3
8,GET,2367,5
8,GET,2383,7
8,GET,2399,4
8,GET,2415,4
8,GET,2431,4
8,GET,2447,6
8,GET,2463,8
8,GET,2479,7
8,GET,2495,8
8,GET,2511,6
8,GET,2527,2
8,GET,2543,3
8,GET,2559,8
8,GET,2575,6
8,GET,2591,7
8,GET,2607,5
8,GET,2623,4
8,GET,2639,5
8,GET,2655,4
8,GET,2671,8
8,GET,2687,3
8,GET,2703,4
8,GET,2719,2
8,GET,2735,7
8,GET,2751,7
8,GET,2767,3
8,GET,2783,5
8,GET,2799,2
8,GET,2815,7
8,GET,2831,4
8,GET,2847,4
8,GET,2863,4
8,GET,2879,4
8,GET,2911,6
8,GET,2927,5
8,GET,2943,4
8,GET,2959,4
8,GET,2975,5
8,GET,2991,6
8,GET,3007,2
8,GET,3023,7
8,GET,3055,5
8,GET,3071,5
8,GET,3087,6
8,GET,3103,6
8,GET,3119,3
8,GET,3135,3
8,GET,3151,11
8,GET,3167,2
8,GET,3183,3
8,GET,3199,8
8,GET,3215,5
8,GET,3231,8
8,GET,3247,7
8,GET,3263,5
8,GET,3279,3
8,GET,3295,4
8,GET,3311,4
8,GET,3327,3
8,GET,3343,12
8,GET,3359,3
8,GET,3375,8
8,GET,3391,5
8,GET,3407,3
8,GET,3423,7
8,GET,3439,6
8,GET,3455,5
8,GET,3471,14
8,GET,3487,6
8,GET,3503,12
8,GET,3519,3
8,GET,3535,4
8,GET,3551,5
8,GET,3567,6
8,GET,3583,3
8,GET,3599,4
8,GET,3615,7
8,GET,3631,7
8,GET,3647,7
8,GET,3663,6
8,GET,3679,5
8,GET,3695,2
8,GET,3711,6
8,GET,3727,8
8,GET,3743,4
8,GET,3759,6
8,GET,3775,4
8,GET,3791,5
8,GET,3807,4
8,GET,3823,5
8,GET,3839,2
8,GET,3855,3
8,GET,3871,3
8,GET,3887,8
8,GET,3903,5
8,GET,3919,3
8,GET,3935,5
8,GET,3951,10
8,GET,3967,6
8,GET,3983,7
8,GET,3999,5
8,GET,4015,4
8,GET,4031,3
8,GET,4047,5
8,GET,4063,6
8,GET,4079,2
8,GET,4095,3
8,GET,4127,12
8,GET,4159,19
8,GET,4191,8
8,GET,4223,9
8,GET,4255,6
8,GET,4287,6
8,GET,4319,7
8,GET,4351,7
8,GET,4383,8
8,GET,4415,8
8,GET,4447,3
8,GET,4479,9
8,GET,4511,10
8,GET,4543,6
8,GET,4575,7
8,GET,4607,7
8,GET,4639,8
8,GET,4671,6
8,GET,4703,5
8,GET,4735,7
8,GET,4767,10
8,GET,4799,13
8,GET,4831,9
8,GET,4863,5
8,GET,4895,4
8,GET,4927,6
8,GET,4959,7
8,GET,4991,6
8,GET,5023,12
8,GET,5055,4
8,GET,5087,8
8,GET,5119,7
8,GET,5151,4
8,GET,5183,7
8,GET,5215,8
8,GET,5247,9
8,GET,5279,12
8,GET,5311,6
8,GET,5343,9
8,GET,5375,4
8,GET,5407,4
8,GET,5439,4
8,GET,5471,1
8,GET,5503,8
8,GET,5535,6
8,GET,5599,3
8,GET,5631,2
8,GET,5663,1
8,GET,5695,3
8,GET,5727,6
8,GET,5759,1
8,GET,5791,6
8,GET,5823,6
8,GET,5855,3
8,GET,5887,4
8,GET,5919,2
8,GET,5951,4
8,GET,5983,3
8,GET,6015,3
8,GET,6047,4
8,GET,6079,6
8,GET,6111,4
8,GET,6143,3
8,GET,6175,2
8,GET,6207,7
8,GET,6239,4
8,GET,6271,4
8,GET,6303,1
8,GET,6335,1
8,GET,6367,2
8,GET,6399,1
8,GET,6431,4
8,GET,6495,2
8,GET,6559,3
8,GET,6591,1
8,GET,6623,3
8,GET,6655,3
8,GET,6687,1
8,GET,6719,1
8,GET,6815,2
8,GET,6847,2
8,GET,6879,2
8,GET,6911,3
8,GET,6943,1
8,GET,6975,2
8,GET,7103,1
8,GET,7135,3
8,GET,7167,3
8,GET,7231,2
8,GET,7295,1
8,GET,7359,1
8,GET,7391,1
8,GET,7423,1
8,GET,7487,3
8,GET,7551,3
8,GET,7583,2
8,GET,7615,2
8,GET,7711,4
8,GET,7743,1
8,GET,7775,2
8,GET,7807,1
8,GET,7839,1
8,GET,7871,2
8,GET,7903,1
8,GET,7999,1
8,GET,8031,4
8,GET,8095,1
8,GET,8159,1
8,GET,8191,1
8,GET,8255,2
8,GET,8447,1
8,GET,8703,1
8,GET,8767,2
8,GET,8831,1
8,GET,9663,1
8,GET,9855,1
8,GET,10111,1
8,GET,10303,1
8,GET,12095,1
8,SET,122,1
8,SET,151,1
8,SET,163,1
8,SET,169,1
8,SET,172,1
8,SET,174,2
8,SET,176,1
8,SET,178,1
8,SET,182,1
8,SET,187,1
8,SET,191,1
8,SET,192,1
8,SET,193,1
8,SET,199,1
8,SET,202,1
8,SET,210,1
8,SET,213,2
8,SET,222,1
8,SET,228,1
8,SET,229,1
8,SET,238,1
8,SET,259,1
8,SET,289,1
8,SET,297,1
8,SET,305,1
8,SET,307,1
8,SET,315,1
8,SET,445,1
8,SET,495,1
8,SET,551,1
8,SET,603,1
8,SET,607,1
8,SET,611,1
8,SET,651,1
8,SET,675,1
8,SET,683,1
8,SET,767,1
8,SET,807,1
8,SET,847,1
8,SET,907,1
8,SET,963,1
8,SET,967,1
8,SET,1095,1
8,SET,1103,1
8,SET,1119,1
8,SET,1127,1
8,SET,1223,2
8,SET,1239,1
8,SET,1311,1
8,SET,1367,1
8,SET,1391,1
8,SET,1399,1
8,SET,1519,1
8,SET,1527,1
8,SET,1551,2
8,SET,1559,2
8,SET,1583,1
8,SET,1623,2
8,SET,1631,1
8,SET,1639,2
8,SET,1655,1
8,SET,1679,1
8,SET,1687,1
8,SET,1703,1
8,SET,1711,1
8,SET,1719,1
8,SET,1775,1
8,SET,1783,1
8,SET,1847,1
8,SET,1927,1
8,SET,1967,1
8,SET,2127,1
8,SET,2159,2
8,SET,2207,1
8,SET,2367,1
8,SET,2383,1
8,SET,2431,1
8,SET,2511,1
8,SET,2607,1
8,SET,2655,1
8,SET,2671,1
8,SET,2703,1
8,SET,2799,1
8,SET,2815,1
8,SET,2831,1
8,SET,2847,1
8,SET,2863,1
8,SET,2975,1
8,SET,2991,1
8,SET,3039,2
8,SET,3151,1
8,SET,3167,3
8,SET,3183,1
8,SET,3231,3
8,SET,3263,1
8,SET,3311,1
8,SET,3375,1
8,SET,3407,1
8,SET,3423,1
8,SET,3455,1
8,SET,3519,2
8,SET,3679,1
8,SET,3695,1
8,SET,3775,1
8,SET,3807,1
8,SET,3887,1
8,SET,3967,3
8,SET,4015,1
8,SET,4047,1
8,SET,4079,1
8,SET,4287,1
8,SET,4319,1
8,SET,4351,1
8,SET,4383,1
8,SET,4447,2
8,SET,4479,1
8,SET,4511,1
8,SET,4543,1
8,SET,4671,1
8,SET,4767,1
8,SET,4831,1
8,SET,5023,1
8,SET,5087,1
8,SET,5407,1
8,SET,5503,2
8,SET,5567,1
8,SET,5887,1
8,SET,5919,1
8,SET,6111,1
8,SET,6143,1
8,SET,6335,1
8,SET,6367,1
8,SET,6399,2
8,SET,6655,1
8,SET,6783,1
8,SET,8831,1
9,DEL,152,1
9,DEL,154,1
9,DEL,155,1
9,DEL,162,2
9,DEL,166,1
9,DEL,171,3
9,DEL,174,1
9,DEL,176,1
9,DEL,178,2
9,DEL,179,1
9,DEL,180,1
9,DEL,183,1
9,DEL,184,1
9,DEL,187,2
9,DEL,188,1
9,DEL,190,1
9,DEL,191,1
9,DEL,192,4
9,DEL,193,1
9,DEL,196,2
9,DEL,197,1
9,DEL,198,2
9,DEL,199,1
9,DEL,200,4
9,DEL,202,2
9,DEL,203,4
9,DEL,204,1
9,DEL,205,3
9,DEL,206,2
9,DEL,211,1
9,DEL,212,1
9,DEL,214,1
9,DEL,215,1
9,DEL,216,3
9,DEL,217,1
9,DEL,219,1
9,DEL,220,1
9,DEL,221,2
9,DEL,223,3
9,DEL,224,2
9,DEL,225,1
9,DEL,226,1
9,DEL,227,1
9,DEL,229,2
9,DEL,233,2
9,DEL,234,1
9,DEL,236,2
9,DEL,238,1
9,DEL,243,1
9,DEL,245,2
9,DEL,246,2
9,DEL,247,2
9,DEL,249,1
9,DEL,253,2
9,DEL,255,1
9,DEL,257,1
9,DEL,259,1
9,DEL,261,1
9,DEL,279,1
9,DEL,283,1
9,DEL,287,1
9,DEL,289,1
9,DEL,291,1
9,DEL,293,2
9,DEL,295,1
9,DEL,303,1
9,DEL,307,1
9,DEL,309,1
9,DEL,315,2
9,DEL,317,1
9,DEL,323,2
9,DEL,325,1
9,DEL,329,2
9,DEL,333,1
9,DEL,339,1
9,DEL,341,1
9,DEL,353,1
9,DEL,365,1
9,DEL,391,1
9,DEL,393,1
9,DEL,395,1
9,DEL,397,1
9,DEL,415,2
9,DEL,421,1
9,DEL,427,1
9,DEL,435,1
9,DEL,437,1
9,DEL,449,1
9,DEL,453,1
9,DEL,467,1
9,DEL,475,1
9,DEL,477,1
9,DEL,481,1
9,DEL,483,1
9,DEL,487,2
9,DEL,489,1
9,DEL,497,1
9,DEL,515,1
9,DEL,519,1
9,DEL,531,1
9,DEL,543,1
9,DEL,583,1
9,DEL,591,2
9,DEL,603,2
9,DEL,611,1
9,DEL,615,1
9,DEL,623,2
9,DEL,627,1
9,DEL,631,1
9,DEL,635,2
9,DEL,643,3
9,DEL,655,2
9,DEL,659,1
9,DEL,663,1
9,DEL,675,1
9,DEL,679,1
9,DEL,687,1
9,DEL,695,1
9,DEL,699,1
9,DEL,719,1
9,DEL,723,1
9,DEL,739,1
9,DEL,751,1
9,DEL,763,1
9,DEL,767,1
9,DEL,771,1
9,DEL,791,2
9,DEL,795,2
9,DEL,803,1
9,DEL,819,1
9,DEL,827,1
9,DEL,831,1
9,DEL,835,3
9,DEL,839,2
9,DEL,843,1
9,DEL,847,1
9,DEL,851,2
9,DEL,855,2
9,DEL,859,1
9,DEL,871,1
9,DEL,883,1
9,DEL,891,1
9,DEL,899,1
9,DEL,915,1
9,DEL,939,1
9,DEL,951,1
9,DEL,959,2
9,DEL,979,1
9,DEL,987,1
9,DEL,1011,1
9,DEL,1019,1
9,DEL,1031,1
9,DEL,1047,4
9,DEL,1055,1
9,DEL,1063,2
9,DEL,1071,1
9,DEL,1079,2
9,DEL,1095,1
9,DEL,1103,2
9,DEL,1111,2
9,DEL,1143,1
9,DEL,1151,1
9,DEL,1159,4
9,DEL,1167,1
9,DEL,1175,1
9,DEL,1183,2
9,DEL,1191,2
9,DEL,1199,1
9,DEL,1223,2
9,DEL,1231,1
9,DEL,1239,2
9,DEL,1247,2
9,DEL,1279,2
9,DEL,1287,1
9,DEL,1303,1
9,DEL,1311,1
9,DEL,1343,1
9,DEL,1367,1
9,DEL,1383,1
9,DEL,1431,2
9,DEL,1447,1
9,DEL,1471,1
9,DEL,1519,1
9,DEL,1591,1
9,DEL,1599,1
9,DEL,1631,2
9,DEL,1639,1
9,DEL,1655,1
9,DEL,1671,2
9,DEL,1679,1
9,DEL,1695,1
9,DEL,1703,1
9,DEL,1767,1
9,DEL,1783,1
9,DEL,1855,1
9,DEL,1983,1
9,DEL,1991,1
9,DEL,1999,1
9,DEL,2039,1
9,DEL,2063,1
9,DEL,2239,1
9,DEL,2271,1
9,DEL,2367,1
9,DEL,2463,1
9,DEL,2479,2
9,DEL,2511,2
9,DEL,2527,3
9,DEL,2559,1
9,DEL,2575,1
9,DEL,2655,1
9,DEL,2671,1
9,DEL,2735,1
9,DEL,2751,2
9,DEL,2767,2
9,DEL,2799,1
9,DEL,2831,1
9,DEL,2863,2
9,DEL,2959,2
9,DEL,2991,1
9,DEL,3007,2
9,DEL,3039,1
9,DEL,3055,1
9,DEL,3071,1
9,DEL,3087,1
9,DEL,3103,1
9,DEL,3135,1
9,DEL,3199,1
9,DEL,3231,1
9,DEL,3391,3
9,DEL,3407,2
9,DEL,3423,2
9,DEL,3487,1
9,DEL,3519,2
9,DEL,3535,1
9,DEL,3551,1
9,DEL,3567,2
9,DEL,3583,1
9,DEL,3599,2
9,DEL,3743,3
9,DEL,3759,2
9,DEL,3775,1
9,DEL,3791,1
9,DEL,3823,1
9,DEL,3855,2
9,DEL,3887,1
9,DEL,3951,1
9,DEL,4095,1
9,DEL,4127,1
9,DEL,4191,2
9,DEL,4223,1
9,DEL,4319,2
9,DEL,4351,4
9,DEL,4383,1
9,DEL,4415,2
9,DEL,4447,1
9,DEL,4511,1
9,DEL,4543,1
9,DEL,4607,2
9,DEL,4639,1
9,DEL,4703,2
9,DEL,4735,1
9,DEL,4767,2
9,DEL,4831,2
9,DEL,4895,2
9,DEL,4927,2
9,DEL,4959,3
9,DEL,4991,1
9,DEL,5023,2
9,DEL,5119,1
9,DEL,5183,3
9,DEL,5247,1
9,DEL,5279,1
9,DEL,5311,1
9,DEL,5343,4
9,DEL,5375,1
9,DEL,5407,1
9,DEL,5439,1
9,DEL,5471,1
9,DEL,5503,1
9,DEL,5535,3
9,DEL,5567,1
9,DEL,5599,2
9,DEL,5663,1
9,DEL,5727,1
9,DEL,5791,1
9,DEL,5887,1
9,DEL,5919,5
9,DEL,5951,2
9,DEL,5983,1
9,DEL,6015,1
9,DEL,6047,2
9,DEL,6079,1
9,DEL,6111,1
9,DEL,6175,2
9,DEL,6207,1
9,DEL,6367,1
9,DEL,6399,3
9,DEL,6431,3
9,DEL,6591,2
9,DEL,6623,1
9,DEL,6719,1
9,DEL,6815,2
9,DEL,6847,1
9,DEL,6879,1
9,DEL,6943,1
9,DEL,7071,1
9,DEL,7103,1
9,DEL,7135,1
9,DEL,7199,1
9,DEL,7231,3
9,DEL,7391,1
9,DEL,7423,1
9,DEL,7487,1
9,DEL,7551,2
9,DEL,7583,2
9,DEL,7615,3
9,DEL,7743,1
9,DEL,7839,2
9,DEL,7871,2
9,DEL,7903,1
9,DEL,7935,1
9,DEL,7967,1
9,DEL,8063,1
9,DEL,8127,1
9,DEL,8255,2
9,DEL,8383,2
9,DEL,8511,1
9,DEL,8575,2
9,DEL,8639,2
9,DEL,8831,1
9,DEL,8895,1
9,DEL,9087,1
9,DEL,9279,2
9,DEL,9343,1
9,DEL,9983,1
9,DEL,10175,1
9,DEL,10495,1
9,DEL,10751,1
9,DEL,10815,1
9,DEL,11007,2
9,DEL,11135,1
9,DEL,11263,2
9,DEL,11903,1
9,DEL,38399,1
9,DEL,38911,1
9,DEL,39935,1
9,DEL,40191,1
9,DEL,40703,1
9,DEL,41215,1
9,DEL,41727,1
9,DEL,42239,1
9,DEL,44031,1
9,DEL,44543,1
9,DEL,45823,1
9,DEL,46079,1
9,DEL,48895,1
9,DEL,49407,1
9,DEL,54271,1
9,DEL,54783,1
9,DEL,55039,1
9,DEL,55295,1
9,DEL,55807,1
9,DEL,56831,1
9,DEL,57087,1
9,DEL,57599,1
9,DEL,58367,1
9,DEL,58623,1
9,DEL,58879,2
9,DEL,59647,1
9,DEL,59903,2
9,DEL,60159,3
9,DEL,60415,2
9,DEL,61183,2
9,DEL,61439,2
9,DEL,61695,1
9,DEL,62207,1
9,DEL,62463,3
9,DEL,62719,3
9,DEL,62975,4
9,DEL,63231,6
9,DEL,63487,6
9,DEL,63743,4
9,DEL,63999,1
9,DEL,64255,4
9,DEL,64511,2
9,DEL,64767,4
9,DEL,65023,3
9,DEL,65279,5
9,DEL,65535,4
9,DEL,66047,9
9,DEL,66559,6
9,DEL,67071,11
9,DEL,67583,8
9,DEL,68095,11
9,DEL,68607,7
9,DEL,69119,6
9,DEL,69631,7
9,DEL,70143,11
9,DEL,70655,16
9,DEL,71167,12
9,DEL,71679,8
9,DEL,72191,6
9,DEL,72703,11
9,DEL,73215,4
9,DEL,73727,8
9,DEL,74239,6
9,DEL,74751,5
9,DEL,75263,5
9,DEL,75775,3
9,DEL,76287,2
9,DEL,76799,10
9,DEL,77311,1
9,DEL,77823,2
9,DEL,78335,3
9,DEL,78847,4
9,DEL,79359,3
9,DEL,79871,3
9,DEL,80383,2
9,DEL,80895,1
9,DEL,81407,1
9,DEL,82431,1
9,DEL,82943,1
9,DEL,84991,1
9,GET,121,1
9,GET,123,1
9,GET,127,1
9,GET,132,1
9,GET,142,1
9,GET,145,1
9,GET,147,1
9,GET,153,1
9,GET,154,1
9,GET,155,1
9,GET,157,1
9,GET,158,3
9,GET,159,2
9,GET,160,1
9,GET,161,3
9,GET,162,2
9,GET,163,3
9,GET,164,3
9,GET,165,1
9,GET,166,2
9,GET,167,5
9,GET,170,1
9,GET,171,1
9,GET,172,2
9,GET,173,3
9,GET,174,3
9,GET,175,4
9,GET,176,1
9,GET,177,3
9,GET,178,4
9,GET,179,4
9,GET,180,5
9,GET,181,6
9,GET,182,1
9,GET,183,6
9,GET,184,2
9,GET,185,2
9,GET,186,2
9,GET,187,8
9,GET,188,2
9,GET,189,9
9,GET,190,5
9,GET,191,1
9,GET,192,5
9,GET,193,3
9,GET,194,2
9,GET,195,5
9,GET,196,2
9,GET,197,5
9,GET,198,4
9,GET,199,4
9,GET,200,9
9,GET,201,6
9,GET,202,7
9,GET,203,8
9,GET,204,1
9,GET,205,2
9,GET,206,5
9,GET,207,2
9,GET,208,4
9,GET,209,5
9,GET,210,1
9,GET,211,4
9,GET,212,2
9,GET,213,4
9,GET,214,2
9,GET,215,3
9,GET,216,3
9,GET,217,3
9,GET,218,3
9,GET,219,2
9,GET,220,2
9,GET,221,7
9,GET,222,3
9,GET,223,1
9,GET,224,1
9,GET,226,2
9,GET,227,1
9,GET,228,2
9,GET,229,3
9,GET,230,1
9,GET,231,1
9,GET,232,3
9,GET,234,1
9,GET,235,1
9,GET,236,2
9,GET,237,3
9,GET,238,1
9,GET,239,1
9,GET,241,1
9,GET,242,2
9,GET,243,1
9,GET,245,2
9,GET,246,5
9,GET,248,2
9,GET,249,1
9,GET,251,1
9,GET,253,3
9,GET,257,1
9,GET,259,1
9,GET,261,1
9,GET,263,1
9,GET,267,1
9,GET,271,3
9,GET,275,4
9,GET,277,3
9,GET,279,2
9,GET,283,1
9,GET,287,4
9,GET,289,1
9,GET,293,1
9,GET,295,2
9,GET,297,1
9,GET,299,1
9,GET,301,1
9,GET,303,1
9,GET,305,2
9,GET,307,2
9,GET,311,2
9,GET,313,1
9,GET,317,2
9,GET,319,1
9,GET,323,1
9,GET,327,1
9,GET,329,2
9,GET,331,1
9,GET,333,1
9,GET,335,2
9,GET,337,1
9,GET,343,1
9,GET,345,1
9,GET,349,1
9,GET,351,2
9,GET,355,1
9,GET,357,1
9,GET,359,1
9,GET,367,1
9,GET,369,1
9,GET,375,1
9,GET,377,2
9,GET,379,1
9,GET,381,2
9,GET,385,1
9,GET,389,1
9,GET,403,2
9,GET,407,2
9,GET,411,1
9,GET,419,1
9,GET,425,2
9,GET,427,1
9,GET,433,2
9,GET,437,1
9,GET,439,1
9,GET,451,3
9,GET,455,1
9,GET,459,1
9,GET,465,1
9,GET,469,2
9,GET,471,1
9,GET,473,2
9,GET,477,2
9,GET,479,1
9,GET,483,1
9,GET,487,2
9,GET,489,2
9,GET,495,1
9,GET,497,2
9,GET,501,1
9,GET,503,2
9,GET,505,1
9,GET,515,1
9,GET,519,1
9,GET,523,1
9,GET,527,2
9,GET,531,1
9,GET,535,6
9,GET,539,4
9,GET,543,2
9,GET,547,1
9,GET,551,1
9,GET,555,1
9,GET,559,1
9,GET,563,3
9,GET,567,2
9,GET,571,1
9,GET,575,2
9,GET,579,4
9,GET,587,2
9,GET,591,1
9,GET,595,1
9,GET,599,2
9,GET,603,1
9,GET,607,2
9,GET,611,1
9,GET,615,3
9,GET,619,4
9,GET,623,1
9,GET,627,1
9,GET,635,1
9,GET,639,4
9,GET,643,1
9,GET,647,1
9,GET,651,1
9,GET,655,2
9,GET,659,2
9,GET,663,1
9,GET,667,2
9,GET,675,1
9,GET,679,4
9,GET,683,1
9,GET,687,1
9,GET,691,3
9,GET,695,3
9,GET,699,1
9,GET,703,3
9,GET,707,1
9,GET,711,1
9,GET,715,1
9,GET,723,2
9,GET,731,2
9,GET,735,2
9,GET,743,1
9,GET,747,3
9,GET,751,2
9,GET,755,2
9,GET,759,1
9,GET,767,5
9,GET,775,2
9,GET,779,5
9,GET,783,3
9,GET,787,2
9,GET,791,4
9,GET,795,6
9,GET,799,3
9,GET,803,4
9,GET,807,1
9,GET,811,4
9,GET,815,3
9,GET,819,1
9,GET,823,1
9,GET,827,3
9,GET,831,1
9,GET,835,5
9,GET,839,2
9,GET,843,2
9,GET,847,4
9,GET,855,2
9,GET,859,2
9,GET,863,1
9,GET,867,3
9,GET,871,2
9,GET,875,1
9,GET,879,2
9,GET,883,1
9,GET,887,3
9,GET,891,4
9,GET,895,4
9,GET,899,3
9,GET,903,1
9,GET,907,2
9,GET,915,4
9,GET,919,1
9,GET,923,1
9,GET,927,1
9,GET,931,1
9,GET,935,2
9,GET,939,1
9,GET,943,2
9,GET,955,4
9,GET,959,3
9,GET,963,1
9,GET,967,4
9,GET,971,1
9,GET,975,4
9,GET,983,1
9,GET,987,2
9,GET,991,2
9,GET,999,5
9,GET,1003,2
9,GET,1011,2
9,GET,1015,2
9,GET,1019,2
9,GET,1023,1
9,GET,1031,2
9,GET,1039,4
9,GET,1047,4
9,GET,1055,3
9,GET,1063,6
9,GET,1071,1
9,GET,1087,5
9,GET,1095,3
9,GET,1103,6
9,GET,1111,3
9,GET,1119,1
9,GET,1127,4
9,GET,1135,2
9,GET,1143,4
9,GET,1151,4
9,GET,1159,4
9,GET,1167,1
9,GET,1175,1
9,GET,1183,6
9,GET,1191,2
9,GET,1199,3
9,GET,1207,1
9,GET,1215,4
9,GET,1223,1
9,GET,1231,1
9,GET,1239,2
9,GET,1247,4
9,GET,1255,1
9,GET,1263,4
9,GET,1271,5
9,GET,1279,4
9,GET,1287,3
9,GET,1295,3
9,GET,1303,1
9,GET,1311,4
9,GET,1319,1
9,GET,1327,4
9,GET,1335,2
9,GET,1343,2
9,GET,1351,3
9,GET,1359,3
9,GET,1367,2
9,GET,1375,7
9,GET,1383,4
9,GET,1391,4
9,GET,1399,8
9,GET,1407,6
9,GET,1415,5
9,GET,1423,2
9,GET,1431,3
9,GET,1439,5
9,GET,1447,5
9,GET,1455,9
9,GET,1463,4
9,GET,1471,1
9,GET,1479,7
9,GET,1487,3
9,GET,1495,4
9,GET,1503,5
9,GET,1511,6
9,GET,1519,3
9,GET,1527,3
9,GET,1535,3
9,GET,1543,4
9,GET,1551,4
9,GET,1559,5
9,GET,1567,3
9,GET,1575,4
9,GET,1583,3
9,GET,1591,5
9,GET,1599,2
9,GET,1607,5
9,GET,1615,4
9,GET,1623,3
9,GET,1631,2
9,GET,1639,6
9,GET,1647,4
9,GET,1655,6
9,GET,1663,2
9,GET,1679,4
9,GET,1687,4
9,GET,1695,3
9,GET,1703,2
9,GET,1711,1
9,GET,1719,5
9,GET,1727,1
9,GET,1735,3
9,GET,1743,4
9,GET,1751,2
9,GET,1759,5
9,GET,1767,1
9,GET,1775,4
9,GET,1791,2
9,GET,1799,1
9,GET,1807,4
9,GET,1815,3
9,GET,1823,2
9,GET,1831,1
9,GET,1839,1
9,GET,1847,2
9,GET,1855,4
9,GET,1863,5
9,GET,1871,1
9,GET,1879,2
9,GET,1887,5
9,GET,1895,3
9,GET,1903,1
9,GET,1919,1
9,GET,1927,5
9,GET,1935,4
9,GET,1943,4
9,GET,1951,2
9,GET,1959,2
9,GET,1967,2
9,GET,1983,3
9,GET,1991,1
9,GET,1999,2
9,GET,2007,2
9,GET,2015,5
9,GET,2023,1
9,GET,2047,2
9,GET,2063,2
9,GET,2079,7
9,GET,2095,3
9,GET,2111,3
9,GET,2127,3
9,GET,2143,3
9,GET,2159,7
9,GET,2175,3
9,GET,2191,5
9,GET,2207,3
9,GET,2223,4
9,GET,2239,5
9,GET,2255,7
9,GET,2271,1
9,GET,2287,5
9,GET,2303,8
9,GET,2319,3
9,GET,2335,8
9,GET,2351,4
9,GET,2367,5
9,GET,2383,5
9,GET,2399,7
9,GET,2415,3
9,GET,2431,5
9,GET,2447,5
9,GET,2463,4
9,GET,2479,3
9,GET,2495,3
9,GET,2511,6
9,GET,2527,4
9,GET,2543,1
9,GET,2559,4
9,GET,2575,6
9,GET,2591,2
9,GET,2607,5
9,GET,2623,7
9,GET,2639,7
9,GET,2655,2
9,GET,2671,2
9,GET,2687,4
9,GET,2703,9
9,GET,2719,2
9,GET,2735,5
9,GET,2751,7
9,GET,2767,8
9,GET,2783,7
9,GET,2799,6
9,GET,2815,5
9,GET,2831,5
9,GET,2847,2
9,GET,2863,7
9,GET,2879,7
9,GET,2895,4
9,GET,2911,4
9,GET,2927,4
9,GET,2943,5
9,GET,2959,3
9,GET,2975,5
9,GET,2991,4
9,GET,3007,4
9,GET,3023,5
9,GET,3039,6
9,GET,3055,6
9,GET,3071,4
9,GET,3087,7
9,GET,3103,5
9,GET,3135,4
9,GET,3151,11
9,GET,3167,10
9,GET,3183,12
9,GET,3199,4
9,GET,3215,5
9,GET,3231,4
9,GET,3247,7
9,GET,3263,5
9,GET,3279,11
9,GET,3295,3
9,GET,3311,8
9,GET,3327,3
9,GET,3343,1
9,GET,3359,10
9,GET,3375,7
9,GET,3391,5
9,GET,3407,5
9,GET,3423,11
9,GET,3439,10
9,GET,3455,7
9,GET,3471,1
9,GET,3487,3
9,GET,3503,4
9,GET,3519,2
9,GET,3535,4
9,GET,3551,10
9,GET,3567,8
9,GET,3583,9
9,GET,3599,3
9,GET,3615,8
9,GET,3631,5
9,GET,3647,5
9,GET,3663,4
9,GET,3679,4
9,GET,3695,8
9,GET,3711,5
9,GET,3727,7
9,GET,3743,7
9,GET,3759,7
9,GET,3775,2
9,GET,3791,8
9,GET,3807,7
9,GET,3823,1
9,GET,3839,8
9,GET,3855,7
9,GET,3871,9
9,GET,3887,5
9,GET,3903,7
9,GET,3919,5
9,GET,3935,11
9,GET,3951,8
9,GET,3967,2
9,GET,3983,7
9,GET,3999,5
9,GET,4015,6
9,GET,4031,6
9,GET,4047,5
9,GET,4063,9
9,GET,4079,5
9,GET,4095,5
9,GET,4127,9
9,GET,4159,16
9,GET,4191,8
9,GET,4223,11
9,GET,4255,14
9,GET,4287,7
9,GET,4319,8
9,GET,4351,8
9,GET,4383,7
9,GET,4415,5
9,GET,4447,8
9,GET,4479,13
9,GET,4511,7
9,GET,4543,9
9,GET,4575,7
9,GET,4607,3
9,GET,4639,4
9,GET,4671,8
9,GET,4703,9
9,GET,4735,11
9,GET,4767,4
9,GET,4799,8
9,GET,4831,6
9,GET,4863,10
9,GET,4895,3
9,GET,4927,5
9,GET,4959,13
9,GET,4991,10
9,GET,5023,9
9,GET,5055,6
9,GET,5087,10
9,GET,5119,8
9,GET,5151,1
9,GET,5183,4
9,GET,5215,7
9,GET,5247,2
9,GET,5279,6
9,GET,5311,3
9,GET,5343,8
9,GET,5375,7
9,GET,5407,4
9,GET,5439,6
9,GET,5471,6
9,GET,5503,7
9,GET,5535,6
9,GET,5567,3
9,GET,5599,2
9,GET,5631,1
9,GET,5663,1
9,GET,5695,2
9,GET,5727,2
9,GET,5759,6
9,GET,5791,3
9,GET,5823,3
9,GET,5855,4
9,GET,5887,8
9,GET,5919,1
9,GET,5983,3
9,GET,6015,11
9,GET,6047,3
9,GET,6079,4
9,GET,6111,5
9,GET,6143,7
9,GET,6175,3
9,GET,6207,1
9,GET,6239,2
9,GET,6303,4
9,GET,6335,2
9,GET,6367,4
9,GET,6399,4
9,GET,6431,1
9,GET,6463,3
9,GET,6495,2
9,GET,6559,1
9,GET,6591,2
9,GET,6623,1
9,GET,6655,2
9,GET,6687,2
9,GET,6751,2
9,GET,6783,2
9,GET,6815,2
9,GET,6879,1
9,GET,6911,1
9,GET,6975,2
9,GET,7007,2
9,GET,7039,1
9,GET,7071,1
9,GET,7167,2
9,GET,7199,3
9,GET,7263,1
9,GET,7295,1
9,GET,7327,2
9,GET,7359,1
9,GET,7391,1
9,GET,7423,1
9,GET,7583,1
9,GET,7615,1
9,GET,7679,2
9,GET,7711,2
9,GET,7903,2
9,GET,7935,2
9,GET,7967,1
9,GET,7999,1
9,GET,8159,1
9,GET,8255,1
9,GET,8319,2
9,GET,8511,1
9,GET,8575,1
9,GET,8767,1
9,GET,9023,1
9,GET,9215,1
9,GET,10175,1
9,GET,10431,1
9,SET,149,1
9,SET,160,2
9,SET,169,1
9,SET,170,1
9,SET,181,1
9,SET,187,1
9,SET,188,1
9,SET,189,1
9,SET,192,1
9,SET,194,1
9,SET,196,1
9,SET,199,1
9,SET,209,1
9,SET,216,1
9,SET,219,1
9,SET,223,2
9,SET,227,1
9,SET,231,1
9,SET,234,1
9,SET,247,1
9,SET,349,1
9,SET,383,1
9,SET,387,1
9,SET,461,1
9,SET,499,1
9,SET,515,1
9,SET,527,1
9,SET,551,1
9,SET,567,1
9,SET,575,1
9,SET,587,1
9,SET,619,1
9,SET,667,1
9,SET,675,1
9,SET,691,1
9,SET,703,1
9,SET,707,1
9,SET,735,1
9,SET,739,1
9,SET,799,1
9,SET,819,1
9,SET,963,1
9,SET,1003,1
9,SET,1011,1
9,SET,1191,1
9,SET,1199,1
9,SET,1207,1
9,SET,1271,1
9,SET,1303,1
9,SET,1319,1
9,SET,1351,1
9,SET,1431,1
9,SET,1447,1
9,SET,1463,1
9,SET,1471,2
9,SET,1503,1
9,SET,1527,1
9,SET,1535,1
9,SET,1575,1
9,SET,1591,2
9,SET,1599,1
9,SET,1623,2
9,SET,1639,1
9,SET,1655,1
9,SET,1687,1
9,SET,1727,1
9,SET,1759,1
9,SET,1767,2
9,SET,1791,1
9,SET,1855,2
9,SET,1983,1
9,SET,2023,1
9,SET,2255,2
9,SET,2303,1
9,SET,2351,1
9,SET,2367,1
9,SET,2399,1
9,SET,2447,1
9,SET,2463,1
9,SET,2687,1
9,SET,2735,1
9,SET,2911,1
9,SET,2927,1
9,SET,2943,1
9,SET,2959,2
9,SET,2991,2
9,SET,3023,1
9,SET,3071,2
9,SET,3087,1
9,SET,3135,2
9,SET,3151,2
9,SET,3167,1
9,SET,3183,1
9,SET,3215,2
9,SET,3247,1
9,SET,3311,2
9,SET,3359,3
9,SET,3391,1
9,SET,3407,1
9,SET,3423,1
9,SET,3455,3
9,SET,3551,1
9,SET,3567,1
9,SET,3615,1
9,SET,3679,1
9,SET,3727,1
9,SET,3743,1
9,SET,3855,1
9,SET,3903,1
9,SET,3935,1
9,SET,3951,1
9,SET,4047,2
9,SET,4095,1
9,SET,4159,1
9,SET,4223,1
9,SET,4319,1
9,SET,4479,1
9,SET,4511,2
9,SET,4607,1
9,SET,4703,1
9,SET,4735,1
9,SET,4799,1
9,SET,4863,1
9,SET,4927,1
9,SET,4959,1
9,SET,5023,1
9,SET,5055,1
9,SET,5087,1
9,SET,5119,1
9,SET,5151,1
9,SET,5183,1
9,SET,5247,1
9,SET,5471,1
9,SET,5567,1
9,SET,5599,1
9,SET,5663,1
9,SET,5695,1
9,SET,5855,1
9,SET,5983,1
9,SET,6015,1
9,SET,6079,2
9,SET,6527,1
9,SET,6943,1
9,SET,6975,1
9,SET,7071,1
9,SET,7199,1
9,SET,7487,1
9,SET,8895,1
10,GET,107,1
10,GET,115,1
10,GET,121,1
10,GET,135,1
10,GET,136,2
10,GET,137,1
10,GET,138,1
10,GET,139,1
10,GET,141,2
10,GET,146,3
10,GET,149,3
10,GET,151,3
10,GET,155,2
10,GET,156,1
10,GET,157,2
10,GET,158,1
10,GET,159,1
10,GET,160,3
10,GET,161,3
10,GET,162,2
10,GET,163,2
10,GET,164,3
10,GET,165,2
10,GET,166,2
10,GET,167,2
10,GET,168,3
10,GET,169,2
10,GET,170,1
10,GET,171,4
10,GET,172,2
10,GET,173,4
10,GET,174,3
10,GET,175,1
10,GET,176,2
10,GET,177,3
10,GET,178,5
10,GET,179,2
10,GET,180,4
10,GET,181,6
10,GET,182,3
10,GET,183,1
10,GET,184,5
10,GET,185,6
10,GET,186,7
10,GET,187,5
10,GET,188,2
10,GET,189,5
10,GET,190,3
10,GET,191,1
10,GET,192,6
10,GET,193,6
10,GET,194,2
10,GET,195,1
10,GET,196,5
10,GET,197,3
10,GET,198,2
10,GET,199,3
10,GET,200,3
10,GET,201,6
10,GET,202,3
10,GET,203,5
10,GET,204,2
10,GET,205,5
10,GET,206,2
10,GET,207,5
10,GET,208,5
10,GET,209,5
10,GET,210,4
10,GET,211,3
10,GET,212,3
10,GET,213,2
10,GET,214,6
10,GET,215,4
10,GET,217,1
10,GET,218,1
10,GET,219,2
10,GET,220,1
10,GET,221,1
10,GET,222,2
10,GET,223,2
10,GET,226,2
10,GET,227,1
10,GET,229,4
10,GET,230,5
10,GET,231,1
10,GET,232,3
10,GET,235,1
10,GET,236,1
10,GET,237,2
10,GET,239,1
10,GET,240,1
10,GET,241,2
10,GET,242,1
10,GET,243,1
10,GET,244,2
10,GET,246,1
10,GET,247,2
10,GET,249,1
10,GET,250,3
10,GET,252,4
10,GET,253,2
10,GET,254,1
10,GET,255,2
10,GET,257,1
10,GET,261,2
10,GET,263,3
10,GET,265,1
10,GET,267,1
10,GET,269,2
10,GET,271,4
10,GET,275,2
10,GET,277,1
10,GET,279,3
10,GET,281,3
10,GET,285,2
10,GET,287,1
10,GET,289,2
10,GET,291,2
10,GET,293,1
10,GET,295,1
10,GET,297,1
10,GET,299,1
10,GET,301,1
10,GET,305,2
10,GET,307,1
10,GET,313,1
10,GET,315,1
10,GET,317,1
10,GET,319,4
10,GET,321,1
10,GET,323,2
10,GET,327,1
10,GET,329,3
10,GET,337,1
10,GET,339,1
10,GET,341,3
10,GET,345,1
10,GET,347,1
10,GET,349,1
10,GET,353,1
10,GET,355,2
10,GET,357,2
10,GET,359,2
10,GET,369,1
10,GET,371,1
10,GET,375,2
10,GET,379,1
10,GET,387,2
10,GET,391,1
10,GET,399,2
10,GET,403,1
10,GET,405,1
10,GET,407,1
10,GET,409,1
10,GET,413,2
10,GET,415,1
10,GET,417,1
10,GET,419,3
10,GET,421,2
10,GET,423,1
10,GET,427,3
10,GET,431,3
10,GET,433,1
10,GET,435,2
10,GET,437,1
10,GET,439,1
10,GET,441,1
10,GET,449,1
10,GET,453,2
10,GET,461,1
10,GET,463,2
10,GET,467,1
10,GET,469,1
10,GET,473,1
10,GET,475,2
10,GET,477,4
10,GET,481,1
10,GET,485,2
10,GET,487,1
10,GET,489,1
10,GET,491,1
10,GET,495,1
10,GET,501,1
10,GET,519,2
10,GET,523,1
10,GET,527,2
10,GET,535,1
10,GET,539,1
10,GET,543,1
10,GET,551,2
10,GET,555,2
10,GET,559,3
10,GET,563,2
10,GET,567,1
10,GET,575,2
10,GET,579,2
10,GET,583,2
10,GET,587,4
10,GET,591,1
10,GET,595,2
10,GET,599,1
10,GET,607,1
10,GET,611,2
10,GET,615,1
10,GET,623,2
10,GET,631,1
10,GET,635,1
10,GET,647,2
10,GET,651,2
10,GET,655,2
10,GET,659,2
10,GET,663,4
10,GET,667,5
10,GET,671,1
10,GET,675,3
10,GET,679,1
10,GET,683,5
10,GET,687,1
10,GET,691,3
10,GET,695,1
10,GET,699,1
10,GET,703,3
10,GET,707,1
10,GET,715,1
10,GET,719,1
10,GET,727,2
10,GET,735,3
10,GET,739,3
10,GET,743,2
10,GET,747,1
10,GET,751,2
10,GET,755,2
10,GET,759,2
10,GET,763,5
10,GET,767,1
10,GET,771,1
10,GET,775,2
10,GET,779,2
10,GET,783,2
10,GET,791,1
10,GET,795,2
10,GET,799,1
10,GET,807,1
10,GET,811,3
10,GET,815,1
10,GET,819,3
10,GET,823,2
10,GET,827,1
10,GET,831,2
10,GET,835,5
10,GET,843,2
10,GET,847,1
10,GET,855,3
10,GET,859,1
10,GET,863,3
10,GET,867,5
10,GET,871,2
10,GET,875,2
10,GET,879,3
10,GET,883,1
10,GET,887,1
10,GET,891,3
10,GET,895,3
10,GET,899,2
10,GET,903,1
10,GET,907,6
10,GET,911,1
10,GET,915,1
10,GET,919,2
10,GET,923,2
10,GET,927,2
10,GET,931,2
10,GET,935,2
10,GET,939,4
10,GET,943,1
10,GET,947,2
10,GET,951,1
10,GET,955,1
10,GET,959,5
10,GET,963,3
10,GET,967,2
10,GET,971,3
10,GET,975,1
10,GET,983,1
10,GET,987,1
10,GET,1011,4
10,GET,1015,2
10,GET,1019,1
10,GET,1023,1
10,GET,1031,1
10,GET,1039,4
10,GET,1047,6
10,GET,1055,4
10,GET,1063,1
10,GET,1071,5
10,GET,1079,1
10,GET,1087,3
10,GET,1095,7
10,GET,1103,5
10,GET,1119,1
10,GET,1127,2
10,GET,1135,5
10,GET,1143,5
10,GET,1151,4
10,GET,1167,1
10,GET,1175,2
10,GET,1183,1
10,GET,1191,3
10,GET,1199,3
10,GET,1207,4
10,GET,1215,4
10,GET,1223,2
10,GET,1231,3
10,GET,1239,1
10,GET,1255,2
10,GET,1263,5
10,GET,1271,2
10,GET,1279,4
10,GET,1287,5
10,GET,1295,4
10,GET,1303,1
10,GET,1311,5
10,GET,1319,4
10,GET,1327,3
10,GET,1335,2
10,GET,1343,5
10,GET,1351,6
10,GET,1359,2
10,GET,1367,4
10,GET,1375,2
10,GET,1383,4
10,GET,1391,3
10,GET,1399,5
10,GET,1407,6
10,GET,1415,4
10,GET,1423,7
10,GET,1431,4
10,GET,1439,9
10,GET,1447,4
10,GET,1455,6
10,GET,1463,7
10,GET,1471,8
10,GET,1479,4
10,GET,1487,7
10,GET,1495,6
10,GET,1503,6
10,GET,1511,6
10,GET,1519,3
10,GET,1527,4
10,GET,1535,7
10,GET,1543,5
10,GET,1551,5
10,GET,1559,5
10,GET,1567,4
10,GET,1575,4
10,GET,1583,5
10,GET,1591,3
10,GET,1599,3
10,GET,1607,8
10,GET,1615,3
10,GET,1623,3
10,GET,1631,7
10,GET,1639,3
10,GET,1647,7
10,GET,1655,3
10,GET,1663,1
10,GET,1671,3
10,GET,1679,1
10,GET,1687,6
10,GET,1695,6
10,GET,1703,1
10,GET,1711,3
10,GET,1719,2
10,GET,1735,2
10,GET,1743,3
10,GET,1751,1
10,GET,1759,2
10,GET,1767,4
10,GET,1775,7
10,GET,1783,5
10,GET,1791,3
10,GET,1799,2
10,GET,1807,3
10,GET,1815,4
10,GET,1823,4
10,GET,1831,1
10,GET,1839,3
10,GET,1847,4
10,GET,1855,3
10,GET,1863,1
10,GET,1871,3
10,GET,1879,2
10,GET,1887,3
10,GET,1895,1
10,GET,1903,3
10,GET,1911,1
10,GET,1919,1
10,GET,1927,4
10,GET,1935,2
10,GET,1943,3
10,GET,1951,2
10,GET,1959,4
10,GET,1967,4
10,GET,1975,1
10,GET,1999,2
10,GET,2007,3
10,GET,2015,2
10,GET,2023,3
10,GET,2031,1
10,GET,2039,2
10,GET,2047,2
10,GET,2063,2
10,GET,2079,4
10,GET,2095,3
10,GET,2111,4
10,GET,2127,5
10,GET,2143,5
10,GET,2159,1
10,GET,2175,6
10,GET,2191,6
10,GET,2207,7
10,GET,2223,5
10,GET,2239,2
10,GET,2255,6
10,GET,2271,6
10,GET,2287,7
10,GET,2319,9
10,GET,2335,5
10,GET,2351,9
10,GET,2367,3
10,GET,2383,3
10,GET,2399,2
10,GET,2415,3
10,GET,2431,4
10,GET,2447,8
10,GET,2463,7
10,GET,2479,3
10,GET,2495,8
10,GET,2511,3
10,GET,2527,4
10,GET,2543,7
10,GET,2559,7
10,GET,2575,4
10,GET,2591,9
10,GET,2607,7
10,GET,2623,3
10,GET,2639,3
10,GET,2655,3
10,GET,2671,3
10,GET,2687,3
10,GET,2703,3
10,GET,2719,5
10,GET,2735,6
10,GET,2751,4
10,GET,2767,4
10,GET,2783,4
10,GET,2799,2
10,GET,2815,3
10,GET,2831,8
10,GET,2847,5
10,GET,2863,2
10,GET,2879,5
10,GET,2895,8
10,GET,2911,5
10,GET,2927,5
10,GET,2943,6
10,GET,2959,2
10,GET,2975,5
10,GET,2991,8
10,GET,3007,8
10,GET,3023,6
10,GET,3039,8
10,GET,3055,5
10,GET,3071,8
10,GET,3087,6
10,GET,3103,4
10,GET,3119,4
10,GET,3135,5
10,GET,3151,4
10,GET,3167,6
10,GET,3183,3
10,GET,3199,11
10,GET,3215,6
10,GET,3231,5
10,GET,3247,7
10,GET,3263,4
10,GET,3279,7
10,GET,3295,4
10,GET,3311,5
10,GET,3327,6
10,GET,3343,3
10,GET,3359,5
10,GET,3375,2
10,GET,3391,6
10,GET,3407,3
10,GET,3423,4
10,GET,3439,2
10,GET,3455,11
10,GET,3471,7
10,GET,3487,5
10,GET,3503,5
10,GET,3519,3
10,GET,3535,7
10,GET,3551,3
10,GET,3567,6
10,GET,3583,8
10,GET,3599,5
10,GET,3615,2
10,GET,3631,5
10,GET,3647,5
10,GET,3663,5
10,GET,3679,9
10,GET,3695,7
10,GET,3711,6
10,GET,3727,6
10,GET,3743,10
10,GET,3775,5
10,GET,3791,7
10,GET,3807,5
10,GET,3823,3
10,GET,3839,6
10,GET,3855,1
10,GET,3871,3
10,GET,3887,2
10,GET,3903,3
10,GET,3919,4
10,GET,3935,2
10,GET,3951,10
10,GET,3967,3
10,GET,3983,1
10,GET,3999,5
10,GET,4015,6
10,GET,4031,7
10,GET,4047,4
10,GET,4063,5
10,GET,4079,5
10,GET,4095,5
10,GET,4127,12
10,GET,4159,9
10,GET,4191,7
10,GET,4223,7
10,GET,4255,10
10,GET,4287,6
10,GET,4319,6
10,GET,4351,8
10,GET,4383,7
10,GET,4415,8
10,GET,4447,8
10,GET,4479,13
10,GET,4511,4
10,GET,4543,7
10,GET,4575,6
10,GET,4607,6
10,GET,4639,10
10,GET,4671,11
10,GET,4703,6
10,GET,4735,8
10,GET,4767,6
10,GET,4799,5
10,GET,4831,5
10,GET,4863,2
10,GET,4895,9
10,GET,4927,8
10,GET,4959,6
10,GET,4991,4
10,GET,5023,8
10,GET,5055,5
10,GET,5087,2
10,GET,5119,10
10,GET,5151,6
10,GET,5183,9
10,GET,5215,6
10,GET,5247,8
10,GET,5279,5
10,GET,5311,8
10,GET,5343,10
10,GET,5375,6
10,GET,5407,5
10,GET,5439,2
10,GET,5471,1
10,GET,5503,2
10,GET,5535,5
10,GET,5567,2
10,GET,5599,4
10,GET,5631,3
10,GET,5663,6
10,GET,5695,6
10,GET,5727,3
10,GET,5791,8
10,GET,5823,2
10,GET,5855,2
10,GET,5887,1
10,GET,5919,2
10,GET,5951,1
10,GET,5983,2
10,GET,6015,3
10,GET,6047,2
10,GET,6079,2
10,GET,6111,1
10,GET,6143,5
10,GET,6175,2
10,GET,6207,4
10,GET,6239,3
10,GET,6271,3
10,GET,6335,1
10,GET,6367,1
10,GET,6399,1
10,GET,6431,2
10,GET,6463,5
10,GET,6495,4
10,GET,6527,2
10,GET,6559,3
10,GET,6591,2
10,GET,6623,2
10,GET,6687,1
10,GET,6719,1
10,GET,6751,2
10,GET,6783,3
10,GET,6815,1
10,GET,6847,1
10,GET,6879,2
10,GET,6975,1
10,GET,7007,1
10,GET,7039,1
10,GET,7071,3
10,GET,7103,2
10,GET,7167,1
10,GET,7231,2
10,GET,7295,2
10,GET,7327,1
10,GET,7487,1
10,GET,7551,1
10,GET,7583,2
10,GET,7775,1
10,GET,7807,1
10,GET,7903,1
10,GET,7967,1
10,GET,8063,3
10,GET,8127,2
10,GET,8159,1
10,GET,8191,1
10,GET,8255,1
10,GET,8383,1
10,GET,8703,1
10,GET,9215,3
10,GET,9407,1
10,GET,9471,1
10,GET,9791,1
10,GET,10111,1
10,GET,10303,1
10,GET,10495,1
10,DEL,123,1
10,DEL,125,1
10,DEL,134,1
10,DEL,136,1
10,DEL,142,1
10,DEL,148,1
10,DEL,149,1
10,DEL,154,1
10,DEL,155,1
10,DEL,159,2
10,DEL,160,1
10,DEL,162,1
10,DEL,163,1
10,DEL,166,3
10,DEL,169,3
10,DEL,172,2
10,DEL,173,1
10,DEL,174,1
10,DEL,176,2
10,DEL,177,2
10,DEL,178,2
10,DEL,179,1
10,DEL,181,3
10,DEL,184,3
10,DEL,185,2
10,DEL,188,2
10,DEL,189,5
10,DEL,190,1
10,DEL,191,4
10,DEL,192,3
10,DEL,194,2
10,DEL,195,1
10,DEL,196,1
10,DEL,198,2
10,DEL,200,3
10,DEL,202,1
10,DEL,204,2
10,DEL,206,1
10,DEL,209,1
10,DEL,210,4
10,DEL,211,1
10,DEL,212,1
10,DEL,213,4
10,DEL,214,1
10,DEL,215,4
10,DEL,216,1
10,DEL,217,2
10,DEL,218,1
10,DEL,219,1
10,DEL,222,1
10,DEL,223,1
10,DEL,224,3
10,DEL,225,1
10,DEL,230,1
10,DEL,231,1
10,DEL,236,1
10,DEL,237,1
10,DEL,240,1
10,DEL,241,1
10,DEL,244,2
10,DEL,245,1
10,DEL,248,2
10,DEL,252,1
10,DEL,253,1
10,DEL,254,2
10,DEL,255,1
10,DEL,257,2
10,DEL,261,2
10,DEL,263,1
10,DEL,271,2
10,DEL,273,2
10,DEL,277,3
10,DEL,281,1
10,DEL,283,2
10,DEL,289,2
10,DEL,291,1
10,DEL,293,1
10,DEL,299,1
10,DEL,311,1
10,DEL,315,1
10,DEL,321,1
10,DEL,325,1
10,DEL,343,1
10,DEL,349,1
10,DEL,351,1
10,DEL,355,1
10,DEL,357,1
10,DEL,369,1
10,DEL,371,1
10,DEL,377,1
10,DEL,387,1
10,DEL,397,1
10,DEL,399,1
10,DEL,405,1
10,DEL,417,1
10,DEL,419,2
10,DEL,421,2
10,DEL,431,1
10,DEL,433,1
10,DEL,443,1
10,DEL,457,1
10,DEL,459,1
10,DEL,461,1
10,DEL,463,1
10,DEL,471,1
10,DEL,487,1
10,DEL,489,1
10,DEL,495,1
10,DEL,515,1
10,DEL,519,1
10,DEL,531,1
10,DEL,535,1
10,DEL,539,1
10,DEL,547,2
10,DEL,559,2
10,DEL,579,1
10,DEL,583,1
10,DEL,599,2
10,DEL,611,2
10,DEL,619,2
10,DEL,623,1
10,DEL,631,2
10,DEL,651,1
10,DEL,655,1
10,DEL,659,1
10,DEL,667,2
10,DEL,671,1
10,DEL,687,2
10,DEL,699,2
10,DEL,703,1
10,DEL,707,1
10,DEL,715,1
10,DEL,719,1
10,DEL,723,1
10,DEL,727,2
10,DEL,731,2
10,DEL,735,1
10,DEL,739,2
10,DEL,755,1
10,DEL,759,1
10,DEL,775,1
10,DEL,779,1
10,DEL,787,3
10,DEL,791,1
10,DEL,795,1
10,DEL,799,2
10,DEL,803,1
10,DEL,807,1
10,DEL,823,1
10,DEL,827,1
10,DEL,839,2
10,DEL,847,1
10,DEL,855,1
10,DEL,859,2
10,DEL,863,2
10,DEL,871,1
10,DEL,875,1
10,DEL,879,1
10,DEL,883,1
10,DEL,887,2
10,DEL,895,1
10,DEL,899,1
10,DEL,911,2
10,DEL,919,2
10,DEL,935,1
10,DEL,943,2
10,DEL,963,1
10,DEL,967,1
10,DEL,975,1
10,DEL,983,1
10,DEL,987,1
10,DEL,991,1
10,DEL,1007,3
10,DEL,1039,4
10,DEL,1063,1
10,DEL,1079,1
10,DEL,1103,1
10,DEL,1111,1
10,DEL,1127,1
10,DEL,1135,1
10,DEL,1143,2
10,DEL,1159,1
10,DEL,1167,2
10,DEL,1175,2
10,DEL,1215,1
10,DEL,1223,1
10,DEL,1231,2
10,DEL,1239,1
10,DEL,1247,4
10,DEL,1255,2
10,DEL,1271,1
10,DEL,1295,2
10,DEL,1311,1
10,DEL,1327,2
10,DEL,1359,1
10,DEL,1383,1
10,DEL,1391,1
10,DEL,1415,1
10,DEL,1455,1
10,DEL,1463,1
10,DEL,1487,3
10,DEL,1503,1
10,DEL,1519,2
10,DEL,1567,1
10,DEL,1615,1
10,DEL,1623,1
10,DEL,1631,2
10,DEL,1647,1
10,DEL,1671,1
10,DEL,1679,2
10,DEL,1687,1
10,DEL,1703,1
10,DEL,1711,1
10,DEL,1727,2
10,DEL,1759,1
10,DEL,1791,1
10,DEL,1807,1
10,DEL,1823,1
10,DEL,1863,1
10,DEL,1871,1
10,DEL,1975,1
10,DEL,2023,2
10,DEL,2031,1
10,DEL,2095,1
10,DEL,2159,1
10,DEL,2175,1
10,DEL,2239,3
10,DEL,2319,1
10,DEL,2351,1
10,DEL,2367,2
10,DEL,2463,1
10,DEL,2479,1
10,DEL,2495,1
10,DEL,2527,1
10,DEL,2559,2
10,DEL,2591,1
10,DEL,2639,2
10,DEL,2655,2
10,DEL,2671,2
10,DEL,2687,1
10,DEL,2719,1
10,DEL,2751,2
10,DEL,2767,1
10,DEL,2799,1
10,DEL,2863,1
10,DEL,2879,1
10,DEL,2911,1
10,DEL,2927,1
10,DEL,2943,1
10,DEL,2959,1
10,DEL,2991,1
10,DEL,3055,2
10,DEL,3087,1
10,DEL,3103,1
10,DEL,3135,1
10,DEL,3199,1
10,DEL,3215,1
10,DEL,3343,1
10,DEL,3423,1
10,DEL,3455,3
10,DEL,3471,1
10,DEL,3503,1
10,DEL,3519,2
10,DEL,3535,1
10,DEL,3551,2
10,DEL,3583,1
10,DEL,3615,2
10,DEL,3663,3
10,DEL,3695,1
10,DEL,3759,2
10,DEL,3823,1
10,DEL,3855,1
10,DEL,3871,2
10,DEL,3903,1
10,DEL,3935,2
10,DEL,3983,1
10,DEL,3999,1
10,DEL,4015,1
10,DEL,4031,1
10,DEL,4047,1
10,DEL,4079,1
10,DEL,4127,1
10,DEL,4191,1
10,DEL,4223,2
10,DEL,4287,2
10,DEL,4383,2
10,DEL,4415,3
10,DEL,4447,1
10,DEL,4511,2
10,DEL,4543,2
10,DEL,4607,1
10,DEL,4639,1
10,DEL,4671,1
10,DEL,4703,1
10,DEL,4799,1
10,DEL,4863,1
10,DEL,4895,1
10,DEL,4927,1
10,DEL,4959,1
10,DEL,4991,1
10,DEL,5023,1
10,DEL,5055,2
10,DEL,5087,2
10,DEL,5247,1
10,DEL,5311,1
10,DEL,5343,1
10,DEL,5439,3
10,DEL,5503,1
10,DEL,5535,1
10,DEL,5631,1
10,DEL,5695,2
10,DEL,5759,1
10,DEL,5823,1
10,DEL,5855,2
10,DEL,5887,1
10,DEL,5983,1
10,DEL,6047,1
10,DEL,6079,1
10,DEL,6111,1
10,DEL,6175,1
10,DEL,6239,2
10,DEL,6399,1
10,DEL,6431,1
10,DEL,6463,1
10,DEL,6591,2
10,DEL,6623,1
10,DEL,6655,3
10,DEL,6719,1
10,DEL,6751,1
10,DEL,6783,1
10,DEL,6847,1
10,DEL,6879,1
10,DEL,6943,1
10,DEL,7007,1
10,DEL,7039,1
10,DEL,7071,1
10,DEL,7103,3
10,DEL,7199,2
10,DEL,7263,1
10,DEL,7391,2
10,DEL,7519,1
10,DEL,7615,2
10,DEL,7711,2
10,DEL,7775,2
10,DEL,7807,1
10,DEL,7839,1
10,DEL,7871,1
10,DEL,8191,1
10,DEL,8255,2
10,DEL,8447,3
10,DEL,8511,1
10,DEL,8575,1
10,DEL,8703,2
10,DEL,8767,2
10,DEL,9023,1
10,DEL,9087,1
10,DEL,9279,1
10,DEL,9407,1
10,DEL,9471,1
10,DEL,9535,1
10,DEL,9599,1
10,DEL,9663,1
10,DEL,10111,1
10,DEL,10495,1
10,DEL,10559,1
10,DEL,10815,1
10,DEL,11199,1
10,DEL,11455,1
10,DEL,12607,1
10,DEL,13119,1
10,DEL,13375,1
10,DEL,13631,1
10,DEL,14335,1
10,DEL,14399,1
10,DEL,14975,2
10,DEL,15295,1
10,DEL,15551,1
10,DEL,17407,1
10,DEL,18815,1
10,DEL,20479,1
10,DEL,21247,1
10,DEL,21631,1
10,DEL,22143,1
10,DEL,23295,1
10,DEL,23423,1
10,DEL,24703,1
10,DEL,25471,1
10,DEL,26239,1
10,DEL,26495,1
10,DEL,27519,1
10,DEL,28543,1
10,DEL,29183,1
10,DEL,34047,1
10,DEL,34815,1
10,DEL,36863,1
10,DEL,37375,1
10,DEL,38143,1
10,DEL,39423,1
10,DEL,40447,1
10,DEL,41727,1
10,DEL,41983,1
10,DEL,42239,1
10,DEL,44543,1
10,DEL,45567,1
10,DEL,45823,1
10,DEL,47359,1
10,DEL,47871,1
10,DEL,51455,1
10,DEL,52223,1
10,DEL,52735,1
10,DEL,54527,1
10,DEL,55039,2
10,DEL,55807,1
10,DEL,56319,1
10,DEL,56831,1
10,DEL,57087,2
10,DEL,57855,2
10,DEL,58367,2
10,DEL,58623,1
10,DEL,58879,1
10,DEL,59903,1
10,DEL,60159,2
10,DEL,60415,2
10,DEL,60671,1
10,DEL,60927,1
10,DEL,61183,2
10,DEL,61439,1
10,DEL,61695,1
10,DEL,61951,3
10,DEL,62207,1
10,DEL,62463,1
10,DEL,62719,5
10,DEL,62975,1
10,DEL,63231,1
10,DEL,63487,2
10,DEL,63743,4
10,DEL,63999,4
10,DEL,64511,1
10,DEL,64767,4
10,DEL,65023,5
10,DEL,65279,3
10,DEL,65535,4
10,DEL,66047,6
10,DEL,66559,18
10,DEL,67071,6
10,DEL,67583,13
10,DEL,68095,12
10,DEL,68607,5
10,DEL,69119,13
10,DEL,69631,12
10,DEL,70143,6
10,DEL,70655,16
10,DEL,71167,13
10,DEL,71679,5
10,DEL,72191,11
10,DEL,72703,8
10,DEL,73215,5
10,DEL,73727,6
10,DEL,74239,8
10,DEL,74751,8
10,DEL,75263,8
10,DEL,75775,6
10,DEL,76287,4
10,DEL,76799,3
10,DEL,77311,3
10,DEL,77823,2
10,DEL,78335,4
10,DEL,78847,1
10,DEL,79359,5
10,DEL,80383,3
10,DEL,81407,2
10,DEL,81919,2
10,DEL,84479,1
10,SET,161,1
10,SET,166,1
10,SET,173,1
10,SET,176,1
10,SET,189,1
10,SET,190,1
10,SET,195,1
10,SET,198,1
10,SET,199,1
10,SET,204,1
10,SET,206,1
10,SET,222,1
10,SET,228,1
10,SET,237,1
10,SET,240,1
10,SET,243,1
10,SET,251,1
10,SET,252,1
10,SET,279,1
10,SET,287,1
10,SET,291,1
10,SET,295,1
10,SET,313,1
10,SET,325,1
10,SET,329,1
10,SET,349,1
10,SET,353,1
10,SET,359,1
10,SET,371,1
10,SET,395,1
10,SET,531,1
10,SET,699,1
10,SET,715,1
10,SET,767,1
10,SET,779,1
10,SET,787,1
10,SET,827,1
10,SET,847,1
10,SET,851,1
10,SET,927,1
10,SET,1103,1
10,SET,1119,1
10,SET,1127,1
10,SET,1135,1
10,SET,1175,1
10,SET,1183,1
10,SET,1207,1
10,SET,1247,1
10,SET,1311,1
10,SET,1319,1
10,SET,1327,1
10,SET,1343,3
10,SET,1375,1
10,SET,1383,1
10,SET,1407,1
10,SET,1431,2
10,SET,1439,1
10,SET,1447,1
10,SET,1487,1
10,SET,1503,1
10,SET,1511,1
10,SET,1519,1
10,SET,1543,1
10,SET,1567,1
10,SET,1671,1
10,SET,1679,1
10,SET,1703,1
10,SET,1759,1
10,SET,1791,1
10,SET,1799,1
10,SET,1831,1
10,SET,1863,2
10,SET,1911,1
10,SET,1951,1
10,SET,2063,1
10,SET,2159,1
10,SET,2223,1
10,SET,2271,1
10,SET,2415,2
10,SET,2463,1
10,SET,2495,1
10,SET,2511,1
10,SET,2639,1
10,SET,2687,1
10,SET,2703,2
10,SET,2751,1
10,SET,2783,1
10,SET,2847,2
10,SET,3023,1
10,SET,3039,1
10,SET,3071,1
10,SET,3199,1
10,SET,3215,1
10,SET,3311,1
10,SET,3327,1
10,SET,3407,3
10,SET,3439,1
10,SET,3471,1
10,SET,3535,1
10,SET,3551,1
10,SET,3583,1
10,SET,3599,1
10,SET,3631,1
10,SET,3695,1
10,SET,3791,1
10,SET,3807,1
10,SET,3823,1
10,SET,3871,1
10,SET,3887,1
10,SET,3935,2
10,SET,3967,1
10,SET,4063,2
10,SET,4223,1
10,SET,4255,1
10,SET,4319,1
10,SET,4479,1
10,SET,4511,2
10,SET,4607,3
10,SET,4639,3
10,SET,4703,1
10,SET,4767,1
10,SET,4863,1
10,SET,4895,1
10,SET,4959,1
10,SET,4991,1
10,SET,5023,1
10,SET,5087,1
10,SET,5119,2
10,SET,5151,1
10,SET,5279,1
10,SET,5439,1
10,SET,5471,1
10,SET,5503,1
10,SET,5599,1
10,SET,5791,1
10,SET,5823,1
10,SET,5855,2
10,SET,6015,1
10,SET,6143,1
10,SET,6175,1
10,SET,6527,1
10,SET,6719,1
10,SET,6847,1
10,SET,6879,1
10,SET,8511,1
10,SET,10175,1
11,GET,104,1
11,GET,126,2
11,GET,139,1
11,GET,145,1
11,GET,151,1
11,GET,152,1
11,GET,153,1
11,GET,154,2
11,GET,155,1
11,GET,156,1
11,GET,159,3
11,GET,161,2
11,GET,162,1
11,GET,164,4
11,GET,165,2
11,GET,167,1
11,GET,168,2
11,GET,169,1
11,GET,170,1
11,GET,171,1
11,GET,172,2
11,GET,173,6
11,GET,174,3
11,GET,175,2
11,GET,176,2
11,GET,177,1
11,GET,178,1
11,GET,179,2
11,GET,180,3
11,GET,181,7
11,GET,182,2
11,GET,183,5
11,GET,184,4
11,GET,185,2
11,GET,186,3
11,GET,187,5
11,GET,188,8
11,GET,189,7
11,GET,190,4
11,GET,191,3
11,GET,192,2
11,GET,193,5
11,GET,195,4
11,GET,196,7
11,GET,197,3
11,GET,198,8
11,GET,199,3
11,GET,200,1
11,GET,201,1
11,GET,202,3
11,GET,203,4
11,GET,204,1
11,GET,205,3
11,GET,206,2
11,GET,207,2
11,GET,208,4
11,GET,209,4
11,GET,210,3
11,GET,211,2
11,GET,212,1
11,GET,213,7
11,GET,214,5
11,GET,215,4
11,GET,216,3
11,GET,217,3
11,GET,218,2
11,GET,219,1
11,GET,220,2
11,GET,221,3
11,GET,222,2
11,GET,223,2
11,GET,224,1
11,GET,228,3
11,GET,229,1
11,GET,230,2
11,GET,231,5
11,GET,232,1
11,GET,233,1
11,GET,234,1
11,GET,235,2
11,GET,236,2
11,GET,237,3
11,GET,239,3
11,GET,241,1
11,GET,242,1
11,GET,243,1
11,GET,244,1
11,GET,246,4
11,GET,247,1
11,GET,248,3
11,GET,249,1
11,GET,250,1
11,GET,251,1
11,GET,252,2
11,GET,253,1
11,GET,254,1
11,GET,255,1
11,GET,257,3
11,GET,259,2
11,GET,261,3
11,GET,263,1
11,GET,265,2
11,GET,271,2
11,GET,273,4
11,GET,275,2
11,GET,277,1
11,GET,279,3
11,GET,281,1
11,GET,283,3
11,GET,285,1
11,GET,287,1
11,GET,289,2
11,GET,291,3
11,GET,293,2
11,GET,295,1
11,GET,297,2
11,GET,299,2
11,GET,301,2
11,GET,309,1
11,GET,313,3
11,GET,319,3
11,GET,321,1
11,GET,325,1
11,GET,329,4
11,GET,331,1
11,GET,335,1
11,GET,339,3
11,GET,345,2
11,GET,353,1
11,GET,355,1
11,GET,357,1
11,GET,371,2
11,GET,373,1
11,GET,377,1
11,GET,381,1
11,GET,383,1
11,GET,391,1
11,GET,393,2
11,GET,401,1
11,GET,403,2
11,GET,405,1
11,GET,407,1
11,GET,409,1
11,GET,413,1
11,GET,419,1
11,GET,421,1
11,GET,423,1
11,GET,425,1
11,GET,431,1
11,GET,435,1
11,GET,439,1
11,GET,445,1
11,GET,453,2
11,GET,461,1
11,GET,463,3
11,GET,471,1
11,GET,477,1
11,GET,479,1
11,GET,481,3
11,GET,483,2
11,GET,485,3
11,GET,487,1
11,GET,491,2
11,GET,499,1
11,GET,503,2
11,GET,505,1
11,GET,511,2
11,GET,519,1
11,GET,527,4
11,GET,531,3
11,GET,535,4
11,GET,539,1
11,GET,543,3
11,GET,547,1
11,GET,555,5
11,GET,559,5
11,GET,563,1
11,GET,567,1
11,GET,571,2
11,GET,583,1
11,GET,587,1
11,GET,591,2
11,GET,595,6
11,GET,603,2
11,GET,607,3
11,GET,611,4
11,GET,615,1
11,GET,623,1
11,GET,627,1
11,GET,635,1
11,GET,639,3
11,GET,647,4
11,GET,651,6
11,GET,655,1
11,GET,659,3
11,GET,663,4
11,GET,667,2
11,GET,671,1
11,GET,675,3
11,GET,679,1
11,GET,683,2
11,GET,687,1
11,GET,691,1
11,GET,699,3
11,GET,703,3
11,GET,707,2
11,GET,711,2
11,GET,715,2
11,GET,719,1
11,GET,723,1
11,GET,727,2
11,GET,731,3
11,GET,735,5
11,GET,739,1
11,GET,747,2
11,GET,751,1
11,GET,755,3
11,GET,759,1
11,GET,763,1
11,GET,771,1
11,GET,775,2
11,GET,779,5
11,GET,783,2
11,GET,787,2
11,GET,791,1
11,GET,799,1
11,GET,803,2
11,GET,811,3
11,GET,815,1
11,GET,819,1
11,GET,823,2
11,GET,831,4
11,GET,835,3
11,GET,839,1
11,GET,843,1
11,GET,847,1
11,GET,851,4
11,GET,855,3
11,GET,863,1
11,GET,867,5
11,GET,875,5
11,GET,879,1
11,GET,883,1
11,GET,887,3
11,GET,891,2
11,GET,895,2
11,GET,899,5
11,GET,903,2
11,GET,907,1
11,GET,911,4
11,GET,915,3
11,GET,919,3
11,GET,923,2
11,GET,927,2
11,GET,931,4
11,GET,935,4
11,GET,939,3
11,GET,943,3
11,GET,947,2
11,GET,955,2
11,GET,959,4
11,GET,963,1
11,GET,971,2
11,GET,975,1
11,GET,979,2
11,GET,983,1
11,GET,987,2
11,GET,991,2
11,GET,995,2
11,GET,999,3
11,GET,1003,1
11,GET,1007,5
11,GET,1011,2
11,GET,1015,1
11,GET,1019,1
11,GET,1023,2
11,GET,1031,5
11,GET,1039,2
11,GET,1047,2
11,GET,1055,5
11,GET,1063,2
11,GET,1071,8
11,GET,1079,4
11,GET,1087,2
11,GET,1095,3
11,GET,1103,3
11,GET,1111,2
11,GET,1119,7
11,GET,1127,5
11,GET,1135,2
11,GET,1143,3
11,GET,1151,1
11,GET,1159,7
11,GET,1167,4
11,GET,1175,6
11,GET,1183,3
11,GET,1191,3
11,GET,1199,2
11,GET,1207,4
11,GET,1215,2
11,GET,1223,4
11,GET,1231,2
11,GET,1239,4
11,GET,1247,1
11,GET,1255,1
11,GET,1263,1
11,GET,1271,2
11,GET,1279,2
11,GET,1287,3
11,GET,1295,3
11,GET,1303,3
11,GET,1311,2
11,GET,1319,2
11,GET,1327,5
11,GET,1335,3
11,GET,1343,3
11,GET,1351,5
11,GET,1359,1
11,GET,1367,3
11,GET,1375,2
11,GET,1383,8
11,GET,1391,4
11,GET,1399,8
11,GET,1407,2
11,GET,1415,3
11,GET,1423,3
11,GET,1431,8
11,GET,1439,3
11,GET,1447,4
11,GET,1455,3
11,GET,1463,5
11,GET,1471,2
11,GET,1479,5
11,GET,1487,7
11,GET,1495,1
11,GET,1503,3
11,GET,1511,4
11,GET,1519,5
11,GET,1527,2
11,GET,1535,7
11,GET,1543,8
11,GET,1551,6
11,GET,1559,4
11,GET,1567,6
11,GET,1575,3
11,GET,1583,4
11,GET,1591,3
11,GET,1599,3
11,GET,1607,5
11,GET,1615,1
11,GET,1623,4
11,GET,1631,2
11,GET,1639,5
11,GET,1647,2
11,GET,1655,4
11,GET,1663,3
11,GET,1671,3
11,GET,1679,3
11,GET,1687,3
11,GET,1695,5
11,GET,1703,2
11,GET,1711,3
11,GET,1719,4
11,GET,1727,4
11,GET,1735,2
11,GET,1743,2
11,GET,1751,3
11,GET,1759,1
11,GET,1767,2
11,GET,1775,3
11,GET,1783,6
11,GET,1791,1
11,GET,1799,2
11,GET,1815,4
11,GET,1823,1
11,GET,1831,2
11,GET,1839,4
11,GET,1855,2
11,GET,1863,2
11,GET,1871,3
11,GET,1887,4
11,GET,1895,3
11,GET,1903,1
11,GET,1911,3
11,GET,1919,1
11,GET,1935,2
11,GET,1943,4
11,GET,1959,1
11,GET,1967,2
11,GET,1975,1
11,GET,1983,2
11,GET,1991,2
11,GET,1999,3
11,GET,2007,4
11,GET,2015,5
11,GET,2023,2
11,GET,2031,1
11,GET,2039,2
11,GET,2047,3
11,GET,2063,4
11,GET,2079,2
11,GET,2095,9
11,GET,2111,6
11,GET,2127,4
11,GET,2143,2
11,GET,2159,2
11,GET,2175,5
11,GET,2191,6
11,GET,2207,3
11,GET,2223,4
11,GET,2239,3
11,GET,2255,4
11,GET,2271,5
11,GET,2287,4
11,GET,2303,3
11,GET,2319,4
11,GET,2335,2
11,GET,2351,4
11,GET,2367,8
11,GET,2383,5
11,GET,2399,2
11,GET,2415,7
11,GET,2431,4
11,GET,2447,1
11,GET,2463,6
11,GET,2479,6
11,GET,2495,5
11,GET,2511,3
11,GET,2527,2
11,GET,2543,11
11,GET,2559,5
11,GET,2575,4
11,GET,2591,3
11,GET,2607,6
11,GET,2623,6
11,GET,2639,4
11,GET,2655,6
11,GET,2671,5
11,GET,2687,4
11,GET,2703,7
11,GET,2719,6
11,GET,2735,4
11,GET,2751,10
11,GET,2767,3
11,GET,2783,8
11,GET,2799,4
11,GET,2815,3
11,GET,2831,13
11,GET,2847,4
11,GET,2863,4
11,GET,2879,5
11,GET,2895,2
11,GET,2911,7
11,GET,2927,5
11,GET,2943,8
11,GET,2959,2
11,GET,2975,8
11,GET,2991,5
11,GET,3007,5
11,GET,3023,9
11,GET,3039,7
11,GET,3055,4
11,GET,3071,6
11,GET,3087,8
11,GET,3103,5
11,GET,3119,8
11,GET,3135,7
11,GET,3151,3
11,GET,3167,5
11,GET,3183,1
11,GET,3199,6
11,GET,3215,7
11,GET,3231,3
11,GET,3247,2
11,GET,3263,5
11,GET,3279,4
11,GET,3295,2
11,GET,3311,8
11,GET,3327,7
11,GET,3343,6
11,GET,3359,8
11,GET,3375,7
11,GET,3391,7
11,GET,3407,8
11,GET,3423,4
11,GET,3439,9
11,GET,3455,6
11,GET,3471,5
11,GET,3487,7
11,GET,3503,7
11,GET,3519,5
11,GET,3535,10
11,GET,3551,5
11,GET,3567,13
11,GET,3583,3
11,GET,3599,6
11,GET,3615,6
11,GET,3631,5
11,GET,3647,5
11,GET,3663,6
11,GET,3679,4
11,GET,3695,7
11,GET,3711,9
11,GET,3727,5
11,GET,3743,4
11,GET,3759,6
11,GET,3775,5
11,GET,3791,4
11,GET,3807,9
11,GET,3823,5
11,GET,3839,3
11,GET,3855,11
11,GET,3871,7
11,GET,3887,4
11,GET,3903,4
11,GET,3919,3
11,GET,3935,7
11,GET,3951,6
11,GET,3967,9
11,GET,3983,5
11,GET,3999,5
11,GET,4015,3
11,GET,4031,5
11,GET,4047,3
11,GET,4063,7
11,GET,4079,9
11,GET,4095,5
11,GET,4127,7
11,GET,4159,11
11,GET,4191,6
11,GET,4223,10
11,GET,4255,12
11,GET,4287,9
11,GET,4319,10
11,GET,4351,6
11,GET,4383,4
11,GET,4415,8
11,GET,4447,11
11,GET,4479,4
11,GET,4511,13
11,GET,4543,5
11,GET,4575,11
11,GET,4607,6
11,GET,4639,5
11,GET,4671,14
11,GET,4703,7
11,GET,4735,10
11,GET,4767,8
11,GET,4799,7
11,GET,4831,12
11,GET,4863,6
11,GET,4895,8
11,GET,4927,10
11,GET,4959,10
11,GET,4991,9
11,GET,5023,10
11,GET,5055,9
11,GET,5087,4
11,GET,5119,11
11,GET,5151,6
11,GET,5183,7
11,GET,5215,7
11,GET,5247,4
11,GET,5279,7
11,GET,5311,6
11,GET,5343,7
11,GET,5375,3
11,GET,5407,3
11,GET,5439,5
11,GET,5471,7
11,GET,5503,5
11,GET,5535,2
11,GET,5567,6
11,GET,5599,6
11,GET,5631,6
11,GET,5663,2
11,GET,5695,5
11,GET,5727,6
11,GET,5759,4
11,GET,5791,7
11,GET,5823,3
11,GET,5855,7
11,GET,5887,6
11,GET,5919,4
11,GET,5951,3
11,GET,6015,3
11,GET,6047,1
11,GET,6079,2
11,GET,6111,2
11,GET,6143,1
11,GET,6175,4
11,GET,6207,4
11,GET,6239,3
11,GET,6271,5
11,GET,6303,2
11,GET,6335,2
11,GET,6367,4
11,GET,6399,3
11,GET,6431,3
11,GET,6463,2
11,GET,6495,2
11,GET,6559,1
11,GET,6591,3
11,GET,6623,4
11,GET,6655,2
11,GET,6687,1
11,GET,6719,4
11,GET,6751,2
11,GET,6783,1
11,GET,6815,2
11,GET,6847,2
11,GET,6879,1
11,GET,6911,1
11,GET,6943,2
11,GET,7007,1
11,GET,7071,2
11,GET,7103,1
11,GET,7135,3
11,GET,7167,1
11,GET,7263,1
11,GET,7327,1
11,GET,7391,3
11,GET,7455,1
11,GET,7519,1
11,GET,7551,1
11,GET,7583,2
11,GET,7647,1
11,GET,7679,1
11,GET,7743,1
11,GET,7839,3
11,GET,8127,2
11,GET,8255,3
11,GET,8319,1
11,GET,8703,1
11,GET,8767,1
11,GET,8959,1
11,GET,9087,1
11,GET,9151,1
11,GET,9343,1
11,GET,9535,1
11,GET,10623,1
11,GET,10879,1
11,SET,173,1
11,SET,178,1
11,SET,186,1
11,SET,189,1
11,SET,192,1
11,SET,197,1
11,SET,201,1
11,SET,207,1
11,SET,218,1
11,SET,224,1
11,SET,234,1
11,SET,261,1
11,SET,273,1
11,SET,281,1
11,SET,303,1
11,SET,313,1
11,SET,325,1
11,SET,345,1
11,SET,361,1
11,SET,505,1
11,SET,527,1
11,SET,599,1
11,SET,643,1
11,SET,655,1
11,SET,707,1
11,SET,791,1
11,SET,815,1
11,SET,855,1
11,SET,891,1
11,SET,907,2
11,SET,919,1
11,SET,923,1
11,SET,955,1
11,SET,1003,1
11,SET,1015,1
11,SET,1019,2
11,SET,1031,1
11,SET,1071,1
11,SET,1087,1
11,SET,1167,2
11,SET,1247,1
11,SET,1279,1
11,SET,1359,1
11,SET,1399,1
11,SET,1415,2
11,SET,1479,1
11,SET,1519,1
11,SET,1527,1
11,SET,1583,1
11,SET,1591,1
11,SET,1631,1
11,SET,1751,1
11,SET,1767,1
11,SET,1839,1
11,SET,2207,1
11,SET,2271,1
11,SET,2335,1
11,SET,2367,2
11,SET,2383,1
11,SET,2399,1
11,SET,2479,1
11,SET,2511,1
11,SET,2591,1
11,SET,2623,1
11,SET,2703,1
11,SET,2719,1
11,SET,2735,1
11,SET,2751,1
11,SET,2767,2
11,SET,2815,1
11,SET,2847,1
11,SET,2911,1
11,SET,3183,1
11,SET,3215,1
11,SET,3231,1
11,SET,3263,1
11,SET,3295,1
11,SET,3311,1
11,SET,3327,1
11,SET,3375,2
11,SET,3391,1
11,SET,3423,1
11,SET,3455,1
11,SET,3471,3
11,SET,3503,1
11,SET,3519,1
11,SET,3615,1
11,SET,3679,1
11,SET,3695,3
11,SET,3711,2
11,SET,3727,1
11,SET,3759,2
11,SET,3807,1
11,SET,3887,1
11,SET,3983,1
11,SET,3999,1
11,SET,4095,3
11,SET,4127,1
11,SET,4159,1
11,SET,4191,3
11,SET,4255,1
11,SET,4287,2
11,SET,4319,1
11,SET,4415,1
11,SET,4447,1
11,SET,4575,3
11,SET,4767,1
11,SET,4831,1
11,SET,4863,1
11,SET,5055,2
11,SET,5119,1
11,SET,5151,1
11,SET,5247,1
11,SET,5375,1
11,SET,5407,1
11,SET,5631,1
11,SET,6239,1
11,SET,6367,1
11,SET,6591,1
11,SET,6655,1
11,SET,7199,1
11,SET,7359,1
11,SET,7391,1
11,SET,7583,1
11,SET,7743,1
11,SET,7999,1
11,SET,8383,1
11,SET,8575,1
11,DEL,148,1
11,DEL,159,1
11,DEL,165,2
11,DEL,166,1
11,DEL,171,1
11,DEL,173,2
11,DEL,174,1
11,DEL,175,1
11,DEL,176,2
11,DEL,178,2
11,DEL,179,2
11,DEL,184,1
11,DEL,185,1
11,DEL,186,3
11,DEL,187,2
11,DEL,188,2
11,DEL,190,2
11,DEL,191,3
11,DEL,192,2
11,DEL,193,4
11,DEL,194,2
11,DEL,195,1
11,DEL,198,3
11,DEL,199,1
11,DEL,200,1
11,DEL,201,1
11,DEL,202,1
11,DEL,203,2
11,DEL,204,4
11,DEL,205,1
11,DEL,206,3
11,DEL,208,3
11,DEL,209,2
11,DEL,210,1
11,DEL,211,1
11,DEL,212,2
11,DEL,213,2
11,DEL,214,1
11,DEL,215,1
11,DEL,217,1
11,DEL,218,1
11,DEL,219,2
11,DEL,226,1
11,DEL,228,1
11,DEL,229,1
11,DEL,230,1
11,DEL,231,1
11,DEL,233,1
11,DEL,234,1
11,DEL,236,1
11,DEL,238,1
11,DEL,239,1
11,DEL,241,1
11,DEL,242,1
11,DEL,245,1
11,DEL,246,1
11,DEL,253,1
11,DEL,259,2
11,DEL,261,1
11,DEL,265,1
11,DEL,267,1
11,DEL,271,2
11,DEL,273,1
11,DEL,275,1
11,DEL,277,1
11,DEL,279,1
11,DEL,281,1
11,DEL,287,1
11,DEL,289,3
11,DEL,297,1
11,DEL,321,1
11,DEL,329,1
11,DEL,331,1
11,DEL,335,1
11,DEL,339,1
11,DEL,355,2
11,DEL,375,1
11,DEL,387,1
11,DEL,403,1
11,DEL,453,1
11,DEL,455,1
11,DEL,461,1
11,DEL,473,1
11,DEL,475,1
11,DEL,477,1
11,DEL,479,1
11,DEL,483,1
11,DEL,487,1
11,DEL,501,1
11,DEL,509,1
11,DEL,515,1
11,DEL,519,1
11,DEL,523,2
11,DEL,527,1
11,DEL,531,1
11,DEL,539,1
11,DEL,543,1
11,DEL,547,1
11,DEL,563,2
11,DEL,583,1
11,DEL,587,3
11,DEL,595,1
11,DEL,599,1
11,DEL,603,1
11,DEL,607,1
11,DEL,615,1
11,DEL,619,1
11,DEL,647,1
11,DEL,651,2
11,DEL,659,1
11,DEL,667,1
11,DEL,679,1
11,DEL,683,1
11,DEL,691,1
11,DEL,699,1
11,DEL,711,1
11,DEL,723,1
11,DEL,739,1
11,DEL,743,1
11,DEL,751,1
11,DEL,759,1
11,DEL,775,2
11,DEL,779,1
11,DEL,795,2
11,DEL,815,1
11,DEL,839,1
11,DEL,843,1
11,DEL,855,1
11,DEL,859,1
11,DEL,863,1
11,DEL,871,2
11,DEL,875,1
11,DEL,879,1
11,DEL,887,1
11,DEL,891,2
11,DEL,895,2
11,DEL,911,1
11,DEL,915,1
11,DEL,927,1
11,DEL,931,1
11,DEL,951,1
11,DEL,971,1
11,DEL,1003,2
11,DEL,1007,1
11,DEL,1011,1
11,DEL,1039,1
11,DEL,1047,2
11,DEL,1079,3
11,DEL,1087,3
11,DEL,1103,3
11,DEL,1111,1
11,DEL,1119,1
11,DEL,1127,2
11,DEL,1135,1
11,DEL,1167,1
11,DEL,1183,1
11,DEL,1199,2
11,DEL,1207,2
11,DEL,1231,1
11,DEL,1239,1
11,DEL,1255,1
11,DEL,1263,1
11,DEL,1271,1
11,DEL,1279,1
11,DEL,1287,1
11,DEL,1295,1
11,DEL,1303,1
11,DEL,1319,1
11,DEL,1327,1
11,DEL,1343,3
11,DEL,1375,1
11,DEL,1383,1
11,DEL,1391,3
11,DEL,1407,1
11,DEL,1423,2
11,DEL,1431,1
11,DEL,1463,1
11,DEL,1495,2
11,DEL,1519,2
11,DEL,1575,1
11,DEL,1583,1
11,DEL,1591,2
11,DEL,1631,1
11,DEL,1671,1
11,DEL,1695,1
11,DEL,1703,1
11,DEL,1727,1
11,DEL,1751,1
11,DEL,1759,1
11,DEL,1767,1
11,DEL,1791,1
11,DEL,1831,1
11,DEL,1847,1
11,DEL,1911,1
11,DEL,1943,1
11,DEL,1983,1
11,DEL,2039,1
11,DEL,2079,1
11,DEL,2111,1
11,DEL,2127,1
11,DEL,2143,1
11,DEL,2159,1
11,DEL,2207,2
11,DEL,2287,1
11,DEL,2399,1
11,DEL,2447,1
11,DEL,2495,1
11,DEL,2543,1
11,DEL,2607,2
11,DEL,2639,1
11,DEL,2671,1
11,DEL,2687,1
11,DEL,2751,1
11,DEL,2767,2
11,DEL,2927,1
11,DEL,2943,1
11,DEL,2959,2
11,DEL,2991,1
11,DEL,3055,1
11,DEL,3087,2
11,DEL,3215,1
11,DEL,3231,2
11,DEL,3247,1
11,DEL,3279,1
11,DEL,3359,1
11,DEL,3391,2
11,DEL,3407,1
11,DEL,3487,1
11,DEL,3599,1
11,DEL,3631,1
11,DEL,3663,2
11,DEL,3775,1
11,DEL,3791,4
11,DEL,3807,1
11,DEL,3855,1
11,DEL,3871,1
11,DEL,3887,1
11,DEL,3967,2
11,DEL,3983,1
11,DEL,4031,1
11,DEL,4063,1
11,DEL,4127,1
11,DEL,4159,6
11,DEL,4191,2
11,DEL,4223,1
11,DEL,4255,3
11,DEL,4287,3
11,DEL,4351,1
11,DEL,4383,1
11,DEL,4415,3
11,DEL,4447,4
11,DEL,4479,1
11,DEL,4607,1
11,DEL,4639,1
11,DEL,4703,3
11,DEL,4735,1
11,DEL,4767,1
11,DEL,4831,1
11,DEL,4863,2
11,DEL,4895,1
11,DEL,4927,1
11,DEL,4959,1
11,DEL,4991,1
11,DEL,5023,3
11,DEL,5055,3
11,DEL,5119,1
11,DEL,5151,1
11,DEL,5183,3
11,DEL,5247,2
11,DEL,5279,1
11,DEL,5311,3
11,DEL,5343,2
11,DEL,5407,1
11,DEL,5503,3
11,DEL,5535,1
11,DEL,5567,1
11,DEL,5599,2
11,DEL,5663,1
11,DEL,5759,4
11,DEL,5791,1
11,DEL,5855,1
11,DEL,5887,2
11,DEL,5919,1
11,DEL,5951,3
11,DEL,6015,2
11,DEL,6047,2
11,DEL,6143,1
11,DEL,6175,1
11,DEL,6207,1
11,DEL,6271,4
11,DEL,6303,3
11,DEL,6335,1
11,DEL,6367,2
11,DEL,6399,1
11,DEL,6431,1
11,DEL,6463,2
11,DEL,6495,2
11,DEL,6527,1
11,DEL,6591,2
11,DEL,6655,1
11,DEL,6783,2
11,DEL,6815,2
11,DEL,6879,1
11,DEL,6911,1
11,DEL,6943,1
11,DEL,7039,1
11,DEL,7103,1
11,DEL,7135,2
11,DEL,7167,2
11,DEL,7199,1
11,DEL,7231,2
11,DEL,7295,1
11,DEL,7359,1
11,DEL,7455,1
11,DEL,7519,1
11,DEL,7551,1
11,DEL,7711,2
11,DEL,7775,2
11,DEL,7903,2
11,DEL,7967,1
11,DEL,7999,1
11,DEL,8063,2
11,DEL,8095,1
11,DEL,8127,1
11,DEL,8159,1
11,DEL,8319,1
11,DEL,8447,2
11,DEL,8639,1
11,DEL,8767,1
11,DEL,9023,1
11,DEL,9087,1
11,DEL,9279,1
11,DEL,9343,1
11,DEL,9471,2
11,DEL,9727,2
11,DEL,9791,1
11,DEL,9919,1
11,DEL,10047,1
11,DEL,10111,2
11,DEL,11455,2
11,DEL,11519,1
11,DEL,11647,2
11,DEL,12223,1
11,DEL,12735,1
11,DEL,38399,1
11,DEL,40191,1
11,DEL,41471,1
11,DEL,42239,1
11,DEL,45823,1
11,DEL,47103,1
11,DEL,50943,1
11,DEL,51967,1
11,DEL,52223,1
11,DEL,52479,1
11,DEL,53503,1
11,DEL,53759,1
11,DEL,54783,1
11,DEL,55295,1
11,DEL,55551,1
11,DEL,56063,2
11,DEL,56319,1
11,DEL,57599,1
11,DEL,58111,1
11,DEL,59391,2
11,DEL,59903,1
11,DEL,60159,1
11,DEL,60671,2
11,DEL,60927,3
11,DEL,61695,2
11,DEL,61951,2
11,DEL,62463,2
11,DEL,62719,2
11,DEL,62975,2
11,DEL,63487,5
11,DEL,63743,4
11,DEL,63999,2
11,DEL,64511,2
11,DEL,64767,1
11,DEL,65023,4
11,DEL,65279,7
11,DEL,65535,4
11,DEL,66047,17
11,DEL,66559,7
11,DEL,67071,7
11,DEL,67583,8
11,DEL,68095,15
11,DEL,68607,8
11,DEL,69119,7
11,DEL,69631,8
11,DEL,70143,6
11,DEL,70655,14
11,DEL,71167,5
11,DEL,71679,11
11,DEL,72191,8
11,DEL,72703,12
11,DEL,73215,10
11,DEL,73727,8
11,DEL,74239,3
11,DEL,74751,5
11,DEL,75263,9
11,DEL,75775,4
11,DEL,76287,3
11,DEL,76799,3
11,DEL,77311,5
11,DEL,78335,2
11,DEL,78847,5
11,DEL,79359,2
11,DEL,79871,1
11,DEL,80383,4
11,DEL,80895,2
11,DEL,81407,2
11,DEL,82943,3
11,DEL,88063,1
12,SET,135,1
12,SET,185,1
12,SET,193,1
12,SET,198,1
12,SET,204,1
12,SET,210,1
12,SET,213,1
12,SET,216,1
12,SET,219,1
12,SET,223,1
12,SET,227,1
12,SET,235,2
12,SET,241,1
12,SET,243,1
12,SET,247,1
12,SET,251,1
12,SET,252,1
12,SET,279,2
12,SET,307,1
12,SET,325,1
12,SET,341,1
12,SET,351,1
12,SET,367,1
12,SET,387,2
12,SET,431,1
12,SET,451,1
12,SET,467,1
12,SET,523,1
12,SET,531,1
12,SET,539,1
12,SET,559,1
12,SET,563,1
12,SET,567,2
12,SET,591,1
12,SET,607,1
12,SET,619,1
12,SET,639,1
12,SET,691,1
12,SET,743,1
12,SET,759,1
12,SET,771,1
12,SET,799,1
12,SET,835,1
12,SET,851,1
12,SET,875,1
12,SET,883,1
12,SET,895,1
12,SET,919,1
12,SET,943,1
12,SET,963,1
12,SET,979,2
12,SET,1007,1
12,SET,1111,1
12,SET,1143,1
12,SET,1159,1
12,SET,1167,1
12,SET,1191,1
12,SET,1199,1
12,SET,1231,2
12,SET,1311,1
12,SET,1335,2
12,SET,1359,1
12,SET,1447,1
12,SET,1519,1
12,SET,1527,1
12,SET,1559,1
12,SET,1583,1
12,SET,1791,1
12,SET,1831,1
12,SET,1975,1
12,SET,2031,1
12,SET,2039,1
12,SET,2095,1
12,SET,2175,1
12,SET,2287,1
12,SET,2303,1
12,SET,2431,1
12,SET,2575,2
12,SET,2591,1
12,SET,2655,1
12,SET,2751,1
12,SET,2767,1
12,SET,2927,1
12,SET,2943,1
12,SET,3023,2
12,SET,3071,1
12,SET,3119,2
12,SET,3167,1
12,SET,3183,1
12,SET,3199,2
12,SET,3215,2
12,SET,3279,1
12,SET,3343,1
12,SET,3359,1
12,SET,3391,1
12,SET,3503,1
12,SET,3679,1
12,SET,3711,1
12,SET,3743,2
12,SET,3775,2
12,SET,3807,1
12,SET,3951,1
12,SET,3967,1
12,SET,3983,1
12,SET,4255,1
12,SET,4287,1
12,SET,4319,3
12,SET,4383,2
12,SET,4447,1
12,SET,4511,2
12,SET,4767,1
12,SET,4831,3
12,SET,4959,1
12,SET,5023,1
12,SET,5087,2
12,SET,5119,1
12,SET,5151,1
12,SET,5183,1
12,SET,5279,2
12,SET,5311,1
12,SET,5503,1
12,SET,5631,1
12,SET,5823,3
12,SET,6015,1
12,SET,6207,1
12,SET,6399,2
12,SET,6495,1
12,SET,6527,1
12,SET,6815,1
12,SET,6879,1
12,SET,7103,1
12,SET,7167,1
12,GET,127,1
12,GET,129,1
12,GET,132,1
12,GET,138,1
12,GET,141,1
12,GET,142,1
12,GET,144,1
12,GET,146,1
12,GET,147,1
12,GET,149,1
12,GET,150,1
12,GET,152,1
12,GET,153,2
12,GET,154,2
12,GET,155,1
12,GET,157,2
12,GET,159,2
12,GET,160,4
12,GET,161,5
12,GET,162,1
12,GET,163,1
12,GET,164,3
12,GET,165,1
12,GET,167,4
12,GET,168,1
12,GET,170,5
12,GET,171,2
12,GET,172,3
12,GET,173,3
12,GET,174,1
12,GET,175,5
12,GET,176,2
12,GET,177,3
12,GET,178,4
12,GET,179,3
12,GET,180,3
12,GET,181,1
12,GET,182,3
12,GET,183,3
12,GET,184,6
12,GET,185,1
12,GET,186,2
12,GET,187,6
12,GET,188,6
12,GET,189,2
12,GET,190,3
12,GET,191,3
12,GET,192,5
12,GET,193,5
12,GET,194,4
12,GET,195,7
12,GET,196,5
12,GET,197,5
12,GET,198,7
12,GET,200,3
12,GET,201,1
12,GET,202,2
12,GET,203,6
12,GET,204,3
12,GET,205,3
12,GET,206,2
12,GET,207,4
12,GET,208,2
12,GET,209,6
12,GET,210,2
12,GET,211,2
12,GET,212,2
12,GET,213,3
12,GET,214,1
12,GET,215,4
12,GET,216,2
12,GET,217,3
12,GET,218,1
12,GET,219,3
12,GET,220,2
12,GET,221,6
12,GET,223,4
12,GET,224,2
12,GET,225,3
12,GET,226,2
12,GET,227,4
12,GET,228,1
12,GET,230,2
12,GET,232,2
12,GET,233,1
12,GET,235,7
12,GET,236,4
12,GET,237,2
12,GET,239,2
12,GET,240,1
12,GET,244,3
12,GET,246,3
12,GET,247,1
12,GET,248,2
12,GET,250,1
12,GET,252,2
12,GET,255,1
12,GET,259,4
12,GET,261,2
12,GET,263,1
12,GET,271,2
12,GET,273,1
12,GET,275,1
12,GET,279,2
12,GET,283,4
12,GET,285,1
12,GET,289,1
12,GET,293,1
12,GET,295,4
12,GET,301,4
12,GET,305,3
12,GET,307,1
12,GET,309,1
12,GET,315,2
12,GET,317,1
12,GET,319,2
12,GET,323,2
12,GET,329,2
12,GET,331,1
12,GET,335,3
12,GET,337,1
12,GET,339,2
12,GET,341,2
12,GET,343,1
12,GET,345,1
12,GET,349,2
12,GET,351,1
12,GET,355,1
12,GET,359,1
12,GET,361,2
12,GET,363,1
12,GET,365,1
12,GET,367,1
12,GET,373,1
12,GET,377,1
12,GET,381,1
12,GET,385,3
12,GET,387,2
12,GET,389,1
12,GET,397,1
12,GET,399,1
12,GET,401,1
12,GET,403,1
12,GET,409,1
12,GET,411,2
12,GET,417,2
12,GET,419,1
12,GET,421,1
12,GET,423,1
12,GET,425,1
12,GET,427,1
12,GET,429,2
12,GET,433,1
12,GET,437,2
12,GET,439,1
12,GET,441,3
12,GET,443,1
12,GET,449,1
12,GET,457,2
12,GET,461,1
12,GET,465,1
12,GET,467,2
12,GET,469,1
12,GET,475,1
12,GET,477,1
12,GET,485,1
12,GET,493,4
12,GET,497,2
12,GET,505,1
12,GET,507,2
12,GET,515,1
12,GET,519,1
12,GET,523,3
12,GET,527,1
12,GET,531,3
12,GET,535,1
12,GET,539,1
12,GET,543,3
12,GET,547,1
12,GET,551,1
12,GET,555,5
12,GET,559,1
12,GET,563,3
12,GET,567,2
12,GET,571,3
12,GET,575,2
12,GET,579,2
12,GET,583,2
12,GET,587,1
12,GET,591,4
12,GET,599,2
12,GET,603,3
12,GET,607,1
12,GET,611,1
12,GET,615,3
12,GET,619,2
12,GET,623,1
12,GET,627,1
12,GET,631,2
12,GET,635,3
12,GET,639,2
12,GET,643,2
12,GET,647,8
12,GET,651,1
12,GET,655,3
12,GET,659,3
12,GET,663,1
12,GET,667,1
12,GET,671,2
12,GET,683,2
12,GET,695,2
12,GET,699,1
12,GET,703,4
12,GET,707,1
12,GET,711,1
12,GET,715,2
12,GET,719,3
12,GET,723,2
12,GET,727,5
12,GET,731,3
12,GET,735,2
12,GET,739,3
12,GET,743,1
12,GET,747,1
12,GET,751,1
12,GET,755,3
12,GET,763,1
12,GET,767,2
12,GET,771,2
12,GET,775,3
12,GET,779,3
12,GET,791,5
12,GET,795,3
12,GET,799,1
12,GET,807,1
12,GET,811,3
12,GET,815,1
12,GET,819,2
12,GET,823,2
12,GET,827,1
12,GET,831,1
12,GET,835,2
12,GET,839,4
12,GET,843,1
12,GET,847,2
12,GET,851,2
12,GET,855,3
12,GET,859,2
12,GET,863,3
12,GET,867,1
12,GET,871,1
12,GET,879,2
12,GET,883,1
12,GET,887,2
12,GET,891,1
12,GET,895,2
12,GET,899,4
12,GET,903,1
12,GET,907,1
12,GET,911,1
12,GET,915,1
12,GET,923,4
12,GET,931,1
12,GET,939,3
12,GET,947,4
12,GET,955,1
12,GET,959,6
12,GET,963,2
12,GET,967,3
12,GET,971,2
12,GET,975,1
12,GET,979,2
12,GET,983,1
12,GET,987,1
12,GET,991,6
12,GET,995,2
12,GET,999,1
12,GET,1003,3
12,GET,1007,1
12,GET,1015,1
12,GET,1019,1
12,GET,1031,5
12,GET,1039,4
12,GET,1047,1
12,GET,1055,3
12,GET,1063,1
12,GET,1071,7
12,GET,1079,1
12,GET,1087,5
12,GET,1103,2
12,GET,1111,8
12,GET,1119,2
12,GET,1127,3
12,GET,1135,1
12,GET,1143,4
12,GET,1151,1
12,GET,1159,3
12,GET,1167,2
12,GET,1175,4
12,GET,1183,2
12,GET,1191,1
12,GET,1199,1
12,GET,1207,2
12,GET,1215,1
12,GET,1223,2
12,GET,1231,5
12,GET,1239,1
12,GET,1247,3
12,GET,1255,2
12,GET,1263,6
12,GET,1271,3
12,GET,1279,2
12,GET,1287,1
12,GET,1295,1
12,GET,1303,4
12,GET,1311,6
12,GET,1319,3
12,GET,1327,1
12,GET,1335,3
12,GET,1343,1
12,GET,1351,5
12,GET,1359,1
12,GET,1367,2
12,GET,1375,7
12,GET,1383,8
12,GET,1391,5
12,GET,1399,1
12,GET,1407,7
12,GET,1415,2
12,GET,1423,2
12,GET,1431,6
12,GET,1439,6
12,GET,1447,3
12,GET,1455,10
12,GET,1463,3
12,GET,1471,4
12,GET,1479,6
12,GET,1487,2
12,GET,1495,3
12,GET,1503,5
12,GET,1511,3
12,GET,1519,2
12,GET,1527,1
12,GET,1535,7
12,GET,1543,7
12,GET,1551,6
12,GET,1559,2
12,GET,1567,6
12,GET,1575,3
12,GET,1583,3
12,GET,1591,3
12,GET,1599,5
12,GET,1607,1
12,GET,1615,5
12,GET,1623,2
12,GET,1639,2
12,GET,1647,3
12,GET,1655,2
12,GET,1663,7
12,GET,1671,5
12,GET,1679,4
12,GET,1687,4
12,GET,1695,2
12,GET,1703,2
12,GET,1711,2
12,GET,1719,2
12,GET,1727,5
12,GET,1735,3
12,GET,1743,2
12,GET,1751,1
12,GET,1759,1
12,GET,1767,4
12,GET,1775,2
12,GET,1783,5
12,GET,1791,3
12,GET,1799,1
12,GET,1807,4
12,GET,1815,2
12,GET,1823,2
12,GET,1831,5
12,GET,1839,2
12,GET,1847,1
12,GET,1855,2
12,GET,1863,3
12,GET,1871,4
12,GET,1879,2
12,GET,1887,5
12,GET,1895,3
12,GET,1903,4
12,GET,1911,1
12,GET,1919,5
12,GET,1927,3
12,GET,1935,1
12,GET,1943,1
12,GET,1951,4
12,GET,1959,1
12,GET,1967,2
12,GET,1975,2
12,GET,1991,3
12,GET,1999,2
12,GET,2007,3
12,GET,2015,2
12,GET,2023,2
12,GET,2031,5
12,GET,2039,3
12,GET,2047,2
12,GET,2063,2
12,GET,2079,10
12,GET,2095,7
12,GET,2111,1
12,GET,2127,3
12,GET,2143,3
12,GET,2159,5
12,GET,2175,1
12,GET,2191,9
12,GET,2207,3
12,GET,2223,2
12,GET,2239,8
12,GET,2255,4
12,GET,2271,4
12,GET,2287,5
12,GET,2303,5
12,GET,2319,3
12,GET,2335,1
12,GET,2351,2
12,GET,2367,2
12,GET,2383,1
12,GET,2399,7
12,GET,2415,2
12,GET,2431,3
12,GET,2447,3
12,GET,2463,5
12,GET,2479,4
12,GET,2495,2
12,GET,2511,7
12,GET,2527,5
12,GET,2543,8
12,GET,2559,3
12,GET,2575,2
12,GET,2591,4
12,GET,2607,4
12,GET,2623,3
12,GET,2639,4
12,GET,2655,8
12,GET,2671,6
12,GET,2687,3
12,GET,2703,4
12,GET,2719,3
12,GET,2735,5
12,GET,2751,4
12,GET,2767,7
12,GET,2783,3
12,GET,2799,8
12,GET,2815,10
12,GET,2831,3
12,GET,2847,3
12,GET,2863,11
12,GET,2879,6
12,GET,2895,3
12,GET,2911,6
12,GET,2927,4
12,GET,2943,3
12,GET,2959,9
12,GET,2975,6
12,GET,2991,8
12,GET,3007,7
12,GET,3023,6
12,GET,3039,2
12,GET,3055,6
12,GET,3071,4
12,GET,3087,5
12,GET,3103,4
12,GET,3119,4
12,GET,3135,5
12,GET,3151,9
12,GET,3167,7
12,GET,3183,2
12,GET,3199,10
12,GET,3215,6
12,GET,3231,9
12,GET,3247,5
12,GET,3263,3
12,GET,3279,3
12,GET,3295,4
12,GET,3311,5
12,GET,3327,10
12,GET,3343,4
12,GET,3359,6
12,GET,3375,9
12,GET,3391,8
12,GET,3407,2
12,GET,3423,9
12,GET,3439,1
12,GET,3455,9
12,GET,3471,6
12,GET,3487,7
12,GET,3503,7
12,GET,3519,5
12,GET,3535,6
12,GET,3551,4
12,GET,3567,5
12,GET,3583,3
12,GET,3599,8
12,GET,3615,11
12,GET,3631,9
12,GET,3647,8
12,GET,3663,5
12,GET,3679,3
12,GET,3695,7
12,GET,3711,5
12,GET,3727,8
12,GET,3743,6
12,GET,3759,9
12,GET,3775,6
12,GET,3791,5
12,GET,3807,9
12,GET,3823,10
12,GET,3839,3
12,GET,3855,6
12,GET,3871,7
12,GET,3887,4
12,GET,3903,4
12,GET,3919,2
12,GET,3935,9
12,GET,3951,2
12,GET,3967,1
12,GET,3983,8
12,GET,3999,6
12,GET,4015,7
12,GET,4031,7
12,GET,4047,2
12,GET,4063,6
12,GET,4079,6
12,GET,4095,2
12,GET,4127,9
12,GET,4159,7
12,GET,4191,9
12,GET,4223,8
12,GET,4255,11
12,GET,4287,8
12,GET,4319,10
12,GET,4351,8
12,GET,4383,11
12,GET,4415,7
12,GET,4447,12
12,GET,4479,9
12,GET,4511,10
12,GET,4543,7
12,GET,4575,7
12,GET,4607,16
12,GET,4639,7
12,GET,4671,9
12,GET,4703,7
12,GET,4735,8
12,GET,4767,8
12,GET,4799,8
12,GET,4831,9
12,GET,4863,4
12,GET,4895,11
12,GET,4927,4
12,GET,4959,5
12,GET,4991,4
12,GET,5023,8
12,GET,5055,4
12,GET,5087,5
12,GET,5119,6
12,GET,5151,7
12,GET,5183,9
12,GET,5215,3
12,GET,5247,8
12,GET,5279,1
12,GET,5311,2
12,GET,5343,7
12,GET,5375,2
12,GET,5407,5
12,GET,5439,3
12,GET,5471,4
12,GET,5503,4
12,GET,5535,5
12,GET,5567,2
12,GET,5599,6
12,GET,5631,6
12,GET,5663,4
12,GET,5695,12
12,GET,5727,2
12,GET,5759,4
12,GET,5791,7
12,GET,5823,5
12,GET,5855,1
12,GET,5887,5
12,GET,5919,3
12,GET,5951,8
12,GET,5983,5
12,GET,6015,2
12,GET,6047,2
12,GET,6079,8
12,GET,6111,4
12,GET,6143,2
12,GET,6175,7
12,GET,6207,1
12,GET,6239,3
12,GET,6271,2
12,GET,6303,5
12,GET,6335,1
12,GET,6399,1
12,GET,6463,4
12,GET,6495,4
12,GET,6527,3
12,GET,6559,2
12,GET,6591,4
12,GET,6655,2
12,GET,6687,2
12,GET,6719,1
12,GET,6751,3
12,GET,6783,2
12,GET,6815,2
12,GET,6847,2
12,GET,6911,2
12,GET,7007,3
12,GET,7135,1
12,GET,7167,3
12,GET,7231,2
12,GET,7263,5
12,GET,7295,1
12,GET,7327,1
12,GET,7359,2
12,GET,7423,1
12,GET,7487,2
12,GET,7519,1
12,GET,7679,1
12,GET,7743,1
12,GET,7775,1
12,GET,7903,1
12,GET,7935,1
12,GET,8127,1
12,GET,8191,1
12,GET,8255,1
12,GET,8319,2
12,GET,8639,1
12,GET,8767,1
12,GET,8831,1
12,GET,8895,1
12,GET,8959,1
12,GET,12415,1
12,GET,15359,1
12,DEL,113,1
12,DEL,142,1
12,DEL,146,1
12,DEL,148,1
12,DEL,150,1
12,DEL,151,1
12,DEL,154,1
12,DEL,155,2
12,DEL,158,1
12,DEL,160,1
12,DEL,161,1
12,DEL,163,2
12,DEL,165,1
12,DEL,167,3
12,DEL,168,2
12,DEL,169,3
12,DEL,172,1
12,DEL,176,2
12,DEL,178,1
12,DEL,179,2
12,DEL,180,1
12,DEL,181,2
12,DEL,182,1
12,DEL,183,1
12,DEL,184,3
12,DEL,185,3
12,DEL,186,1
12,DEL,190,1
12,DEL,191,2
12,DEL,193,1
12,DEL,194,1
12,DEL,196,4
12,DEL,197,4
12,DEL,198,1
12,DEL,199,1
12,DEL,201,1
12,DEL,202,1
12,DEL,203,1
12,DEL,204,1
12,DEL,205,2
12,DEL,209,4
12,DEL,210,2
12,DEL,212,1
12,DEL,213,1
12,DEL,214,1
12,DEL,215,1
12,DEL,216,2
12,DEL,217,2
12,DEL,220,1
12,DEL,221,2
12,DEL,224,1
12,DEL,225,1
12,DEL,228,2
12,DEL,229,1
12,DEL,231,2
12,DEL,232,1
12,DEL,235,1
12,DEL,238,2
12,DEL,242,2
12,DEL,251,1
12,DEL,257,2
12,DEL,269,1
12,DEL,273,2
12,DEL,275,2
12,DEL,279,2
12,DEL,293,1
12,DEL,295,1
12,DEL,307,1
12,DEL,309,2
12,DEL,313,2
12,DEL,323,1
12,DEL,327,1
12,DEL,341,1
12,DEL,343,1
12,DEL,359,2
12,DEL,365,2
12,DEL,369,1
12,DEL,383,1
12,DEL,393,1
12,DEL,397,1
12,DEL,421,1
12,DEL,433,1
12,DEL,439,1
12,DEL,443,1
12,DEL,447,1
12,DEL,449,1
12,DEL,457,1
12,DEL,459,1
12,DEL,465,1
12,DEL,467,1
12,DEL,469,1
12,DEL,481,1
12,DEL,497,1
12,DEL,499,1
12,DEL,503,1
12,DEL,519,1
12,DEL,523,2
12,DEL,527,2
12,DEL,559,2
12,DEL,571,1
12,DEL,583,2
12,DEL,587,1
12,DEL,607,2
12,DEL,627,1
12,DEL,635,2
12,DEL,643,1
12,DEL,647,1
12,DEL,651,1
12,DEL,655,1
12,DEL,671,3
12,DEL,695,1
12,DEL,707,2
12,DEL,715,1
12,DEL,723,1
12,DEL,731,1
12,DEL,743,1
12,DEL,755,1
12,DEL,759,1
12,DEL,771,2
12,DEL,779,2
12,DEL,787,1
12,DEL,791,1
12,DEL,799,2
12,DEL,803,1
12,DEL,815,2
12,DEL,819,2
12,DEL,827,1
12,DEL,835,1
12,DEL,839,2
12,DEL,843,1
12,DEL,851,2
12,DEL,859,1
12,DEL,863,1
12,DEL,871,1
12,DEL,875,1
12,DEL,879,1
12,DEL,907,4
12,DEL,919,1
12,DEL,923,2
12,DEL,931,2
12,DEL,939,2
12,DEL,943,1
12,DEL,947,2
12,DEL,955,1
12,DEL,963,1
12,DEL,967,2
12,DEL,971,1
12,DEL,979,1
12,DEL,987,3
12,DEL,995,1
12,DEL,1011,1
12,DEL,1019,3
12,DEL,1023,2
12,DEL,1031,3
12,DEL,1039,2
12,DEL,1047,2
12,DEL,1063,2
12,DEL,1071,1
12,DEL,1079,1
12,DEL,1087,1
12,DEL,1095,1
12,DEL,1111,2
12,DEL,1119,1
12,DEL,1127,2
12,DEL,1143,1
12,DEL,1167,1
12,DEL,1191,2
12,DEL,1207,1
12,DEL,1223,1
12,DEL,1247,1
12,DEL,1287,1
12,DEL,1295,1
12,DEL,1303,1
12,DEL,1311,2
12,DEL,1319,2
12,DEL,1335,2
12,DEL,1351,1
12,DEL,1359,1
12,DEL,1383,1
12,DEL,1399,1
12,DEL,1439,2
12,DEL,1487,1
12,DEL,1503,1
12,DEL,1527,2
12,DEL,1543,2
12,DEL,1559,1
12,DEL,1575,1
12,DEL,1631,2
12,DEL,1647,3
12,DEL,1655,1
12,DEL,1663,1
12,DEL,1695,1
12,DEL,1703,1
12,DEL,1711,1
12,DEL,1719,3
12,DEL,1775,2
12,DEL,1783,1
12,DEL,1791,1
12,DEL,1863,1
12,DEL,1943,1
12,DEL,1975,1
12,DEL,1991,1
12,DEL,2015,1
12,DEL,2031,1
12,DEL,2039,1
12,DEL,2063,2
12,DEL,2111,1
12,DEL,2127,1
12,DEL,2159,1
12,DEL,2255,3
12,DEL,2319,1
12,DEL,2351,1
12,DEL,2383,1
12,DEL,2415,2
12,DEL,2479,1
12,DEL,2559,1
12,DEL,2623,1
12,DEL,2655,1
12,DEL,2671,1
12,DEL,2719,2
12,DEL,2751,1
12,DEL,2783,1
12,DEL,2815,1
12,DEL,2863,2
12,DEL,2991,1
12,DEL,3039,1
12,DEL,3055,1
12,DEL,3087,1
12,DEL,3135,1
12,DEL,3151,1
12,DEL,3247,1
12,DEL,3311,1
12,DEL,3343,2
12,DEL,3359,1
12,DEL,3391,1
12,DEL,3519,2
12,DEL,3535,1
12,DEL,3567,1
12,DEL,3615,1
12,DEL,3647,1
12,DEL,3663,1
12,DEL,3695,1
12,DEL,3711,1
12,DEL,3743,1
12,DEL,3807,3
12,DEL,3887,1
12,DEL,3951,1
12,DEL,3967,2
12,DEL,4031,1
12,DEL,4079,1
12,DEL,4191,1
12,DEL,4223,1
12,DEL,4287,1
12,DEL,4415,1
12,DEL,4447,1
12,DEL,4479,3
12,DEL,4511,1
12,DEL,4543,3
12,DEL,4575,3
12,DEL,4607,1
12,DEL,4639,1
12,DEL,4703,2
12,DEL,4735,1
12,DEL,4799,2
12,DEL,4831,2
12,DEL,4863,3
12,DEL,4895,2
12,DEL,4927,1
12,DEL,4959,3
12,DEL,5023,2
12,DEL,5055,1
12,DEL,5119,1
12,DEL,5151,3
12,DEL,5183,1
12,DEL,5215,1
12,DEL,5247,1
12,DEL,5279,2
12,DEL,5311,2
12,DEL,5407,2
12,DEL,5439,3
12,DEL,5471,1
12,DEL,5599,1
12,DEL,5695,1
12,DEL,5727,4
12,DEL,5759,1
12,DEL,5823,1
12,DEL,5855,1
12,DEL,5887,1
12,DEL,5919,1
12,DEL,6015,2
12,DEL,6079,2
12,DEL,6111,1
12,DEL,6175,1
12,DEL,6271,1
12,DEL,6303,3
12,DEL,6367,1
12,DEL,6399,3
12,DEL,6463,1
12,DEL,6495,1
12,DEL,6559,1
12,DEL,6591,2
12,DEL,6655,1
12,DEL,6751,2
12,DEL,6783,1
12,DEL,6815,2
12,DEL,6879,2
12,DEL,6911,1
12,DEL,6943,1
12,DEL,6975,1
12,DEL,7007,1
12,DEL,7039,1
12,DEL,7103,3
12,DEL,7135,1
12,DEL,7167,1
12,DEL,7199,2
12,DEL,7231,3
12,DEL,7263,1
12,DEL,7295,1
12,DEL,7327,1
12,DEL,7359,2
12,DEL,7423,1
12,DEL,7455,1
12,DEL,7487,2
12,DEL,7615,1
12,DEL,7679,1
12,DEL,7711,2
12,DEL,7743,1
12,DEL,7775,1
12,DEL,7807,1
12,DEL,7871,1
12,DEL,7999,1
12,DEL,8031,1
12,DEL,8063,2
12,DEL,8095,2
12,DEL,8159,1
12,DEL,8255,1
12,DEL,8447,1
12,DEL,8511,1
12,DEL,8703,1
12,DEL,8767,1
12,DEL,8831,1
12,DEL,8959,1
12,DEL,9023,1
12,DEL,9343,1
12,DEL,9535,1
12,DEL,9983,1
12,DEL,10047,1
12,DEL,10367,1
12,DEL,11327,1
12,DEL,12799,1
12,DEL,12863,1
12,DEL,21631,1
12,DEL,24063,2
12,DEL,24575,1
12,DEL,24703,1
12,DEL,24959,1
12,DEL,25727,1
12,DEL,28031,1
12,DEL,30207,1
12,DEL,31999,1
12,DEL,34047,1
12,DEL,37119,1
12,DEL,37375,1
12,DEL,37887,1
12,DEL,39679,1
12,DEL,40703,2
12,DEL,40959,1
12,DEL,41471,1
12,DEL,43007,1
12,DEL,43519,1
12,DEL,44543,1
12,DEL,46847,1
12,DEL,49919,1
12,DEL,50175,2
12,DEL,51455,1
12,DEL,52223,1
12,DEL,53503,1
12,DEL,54015,1
12,DEL,57343,3
12,DEL,57855,2
12,DEL,58111,1
12,DEL,58367,1
12,DEL,58623,1
12,DEL,58879,1
12,DEL,59135,5
12,DEL,59391,1
12,DEL,60159,2
12,DEL,60415,2
12,DEL,60927,1
12,DEL,61183,2
12,DEL,61439,2
12,DEL,61695,2
12,DEL,61951,3
12,DEL,62207,1
12,DEL,62719,3
12,DEL,62975,4
12,DEL,63231,2
12,DEL,63487,6
12,DEL,63743,1
12,DEL,63999,4
12,DEL,64255,4
12,DEL,64511,2
12,DEL,64767,3
12,DEL,65023,2
12,DEL,65279,4
12,DEL,65535,6
12,DEL,66047,3
12,DEL,66559,4
12,DEL,67071,11
12,DEL,67583,12
12,DEL,68095,12
12,DEL,68607,11
12,DEL,69119,14
12,DEL,69631,12
12,DEL,70143,13
12,DEL,70655,7
12,DEL,71167,10
12,DEL,71679,5
12,DEL,72191,6
12,DEL,72703,12
12,DEL,73215,8
12,DEL,73727,6
12,DEL,74239,11
12,DEL,74751,2
12,DEL,75263,3
12,DEL,75775,4
12,DEL,76287,7
12,DEL,76799,4
12,DEL,77311,4
12,DEL,77823,2
12,DEL,78847,1
12,DEL,79359,1
12,DEL,79871,2
12,DEL,80383,4
12,DEL,80895,1
12,DEL,81407,1
12,DEL,82431,1
12,DEL,82943,1
12,DEL,83455,1
12,DEL,83967,1
12,DEL,84479,1
12,DEL,88575,1
13,DEL,116,1
13,DEL,124,1
13,DEL,138,1
13,DEL,141,1
13,DEL,149,1
13,DEL,155,1
13,DEL,163,1
13,DEL,165,1
13,DEL,169,2
13,DEL,173,1
13,DEL,174,2
13,DEL,175,2
13,DEL,178,1
13,DEL,180,3
13,DEL,181,3
13,DEL,183,2
13,DEL,184,1
13,DEL,185,1
13,DEL,186,2
13,DEL,188,2
13,DEL,189,2
13,DEL,190,2
13,DEL,191,2
13,DEL,192,4
13,DEL,193,2
13,DEL,194,1
13,DEL,195,1
13,DEL,196,1
13,DEL,197,2
13,DEL,198,1
13,DEL,199,1
13,DEL,200,4
13,DEL,201,1
13,DEL,202,2
13,DEL,203,2
13,DEL,204,1
13,DEL,205,1
13,DEL,206,1
13,DEL,207,2
13,DEL,208,1
13,DEL,211,1
13,DEL,212,1
13,DEL,214,2
13,DEL,215,1
13,DEL,217,1
13,DEL,218,2
13,DEL,219,1
13,DEL,220,1
13,DEL,223,1
13,DEL,224,3
13,DEL,225,1
13,DEL,226,1
13,DEL,227,2
13,DEL,228,2
13,DEL,231,1
13,DEL,233,2
13,DEL,242,1
13,DEL,243,1
13,DEL,246,1
13,DEL,247,2
13,DEL,249,1
13,DEL,257,1
13,DEL,263,3
13,DEL,265,1
13,DEL,267,1
13,DEL,277,1
13,DEL,281,2
13,DEL,283,1
13,DEL,285,1
13,DEL,299,1
13,DEL,301,1
13,DEL,307,1
13,DEL,315,1
13,DEL,319,1
13,DEL,333,1
13,DEL,345,2
13,DEL,353,2
13,DEL,357,1
13,DEL,363,1
13,DEL,373,1
13,DEL,375,1
13,DEL,395,1
13,DEL,401,2
13,DEL,411,1
13,DEL,425,1
13,DEL,429,1
13,DEL,431,1
13,DEL,437,1
13,DEL,441,1
13,DEL,445,1
13,DEL,453,1
13,DEL,455,1
13,DEL,457,1
13,DEL,461,1
13,DEL,463,1
13,DEL,473,1
13,DEL,479,1
13,DEL,481,2
13,DEL,487,1
13,DEL,497,1
13,DEL,499,1
13,DEL,515,1
13,DEL,519,1
13,DEL,523,3
13,DEL,531,2
13,DEL,547,1
13,DEL,567,1
13,DEL,571,1
13,DEL,583,1
13,DEL,587,2
13,DEL,599,1
13,DEL,603,1
13,DEL,619,2
13,DEL,623,1
13,DEL,635,1
13,DEL,647,2
13,DEL,651,3
13,DEL,655,2
13,DEL,663,3
13,DEL,667,4
13,DEL,671,1
13,DEL,675,1
13,DEL,691,1
13,DEL,695,2
13,DEL,707,1
13,DEL,711,1
13,DEL,715,1
13,DEL,719,2
13,DEL,739,1
13,DEL,743,1
13,DEL,767,1
13,DEL,775,2
13,DEL,823,1
13,DEL,827,1
13,DEL,839,1
13,DEL,847,2
13,DEL,855,1
13,DEL,859,1
13,DEL,863,1
13,DEL,867,1
13,DEL,871,1
13,DEL,875,1
13,DEL,887,1
13,DEL,891,1
13,DEL,919,2
13,DEL,927,2
13,DEL,931,1
13,DEL,943,1
13,DEL,947,3
13,DEL,951,2
13,DEL,955,1
13,DEL,959,1
13,DEL,963,1
13,DEL,979,1
13,DEL,995,1
13,DEL,999,1
13,DEL,1007,1
13,DEL,1011,1
13,DEL,1015,2
13,DEL,1023,2
13,DEL,1031,1
13,DEL,1047,1
13,DEL,1063,1
13,DEL,1095,2
13,DEL,1103,2
13,DEL,1111,1
13,DEL,1151,4
13,DEL,1199,1
13,DEL,1207,1
13,DEL,1223,3
13,DEL,1231,1
13,DEL,1239,2
13,DEL,1247,2
13,DEL,1255,1
13,DEL,1263,1
13,DEL,1271,2
13,DEL,1279,1
13,DEL,1287,3
13,DEL,1295,2
13,DEL,1303,2
13,DEL,1327,1
13,DEL,1335,1
13,DEL,1351,1
13,DEL,1367,1
13,DEL,1375,1
13,DEL,1383,2
13,DEL,1391,1
13,DEL,1415,1
13,DEL,1423,1
13,DEL,1447,1
13,DEL,1455,1
13,DEL,1471,1
13,DEL,1495,1
13,DEL,1519,1
13,DEL,1535,1
13,DEL,1543,1
13,DEL,1655,2
13,DEL,1695,1
13,DEL,1711,2
13,DEL,1719,1
13,DEL,1743,1
13,DEL,1767,1
13,DEL,1807,1
13,DEL,1855,1
13,DEL,1935,1
13,DEL,1943,1
13,DEL,1959,1
13,DEL,1983,1
13,DEL,2015,1
13,DEL,2127,1
13,DEL,2207,1
13,DEL,2223,1
13,DEL,2239,1
13,DEL,2255,1
13,DEL,2351,1
13,DEL,2367,1
13,DEL,2399,1
13,DEL,2415,1
13,DEL,2447,1
13,DEL,2527,1
13,DEL,2623,1
13,DEL,2671,1
13,DEL,2703,1
13,DEL,2719,1
13,DEL,2735,2
13,DEL,2799,2
13,DEL,2815,1
13,DEL,2831,1
13,DEL,2847,1
13,DEL,2895,1
13,DEL,3039,1
13,DEL,3071,2
13,DEL,3183,1
13,DEL,3231,1
13,DEL,3247,1
13,DEL,3279,1
13,DEL,3295,2
13,DEL,3327,1
13,DEL,3391,2
13,DEL,3455,1
13,DEL,3487,2
13,DEL,3503,1
13,DEL,3519,3
13,DEL,3551,1
13,DEL,3583,1
13,DEL,3711,1
13,DEL,3727,1
13,DEL,3759,1
13,DEL,3791,1
13,DEL,3823,1
13,DEL,3855,1
13,DEL,3903,1
13,DEL,3935,1
13,DEL,3967,1
13,DEL,3983,1
13,DEL,4015,1
13,DEL,4079,1
13,DEL,4159,1
13,DEL,4191,2
13,DEL,4223,2
13,DEL,4255,1
13,DEL,4287,3
13,DEL,4319,4
13,DEL,4351,3
13,DEL,4383,1
13,DEL,4479,2
13,DEL,4511,2
13,DEL,4607,1
13,DEL,4703,1
13,DEL,4767,2
13,DEL,4799,1
13,DEL,4831,2
13,DEL,4863,2
13,DEL,4927,1
13,DEL,4959,2
13,DEL,5023,1
13,DEL,5055,1
13,DEL,5087,1
13,DEL,5151,3
13,DEL,5183,3
13,DEL,5247,3
13,DEL,5343,1
13,DEL,5439,2
13,DEL,5471,2
13,DEL,5503,1
13,DEL,5567,1
13,DEL,5599,1
13,DEL,5631,1
13,DEL,5663,2
13,DEL,5695,1
13,DEL,5727,1
13,DEL,5759,3
13,DEL,5823,2
13,DEL,5919,1
13,DEL,5951,1
13,DEL,5983,3
13,DEL,6047,2
13,DEL,6079,1
13,DEL,6175,2
13,DEL,6207,3
13,DEL,6303,3
13,DEL,6335,2
13,DEL,6367,2
13,DEL,6431,1
13,DEL,6559,1
13,DEL,6623,1
13,DEL,6687,1
13,DEL,6719,1
13,DEL,6751,2
13,DEL,6783,1
13,DEL,6847,1
13,DEL,6879,2
13,DEL,6911,3
13,DEL,6943,1
13,DEL,6975,2
13,DEL,7007,2
13,DEL,7039,2
13,DEL,7071,3
13,DEL,7167,1
13,DEL,7199,1
13,DEL,7231,1
13,DEL,7423,1
13,DEL,7455,2
13,DEL,7487,1
13,DEL,7583,1
13,DEL,7647,1
13,DEL,7743,1
13,DEL,7935,2
13,DEL,8031,1
13,DEL,8127,1
13,DEL,8319,1
13,DEL,8383,2
13,DEL,8447,4
13,DEL,8511,1
13,DEL,9023,1
13,DEL,9279,2
13,DEL,9471,1
13,DEL,9599,1
13,DEL,9663,1
13,DEL,10047,1
13,DEL,10175,1
13,DEL,10303,1
13,DEL,10367,1
13,DEL,10431,1
13,DEL,10495,2
13,DEL,10943,1
13,DEL,11135,1
13,DEL,11455,1
13,DEL,17791,1
13,DEL,19327,1
13,DEL,22783,1
13,DEL,23295,2
13,DEL,23679,1
13,DEL,23807,1
13,DEL,24959,1
13,DEL,25343,1
13,DEL,25855,1
13,DEL,27135,1
13,DEL,27263,1
13,DEL,27519,1
13,DEL,27647,1
13,DEL,30719,1
13,DEL,31743,1
13,DEL,31999,1
13,DEL,32511,1
13,DEL,35327,1
13,DEL,39167,1
13,DEL,39423,1
13,DEL,42495,1
13,DEL,44799,1
13,DEL,46591,1
13,DEL,46847,1
13,DEL,47871,1
13,DEL,48639,1
13,DEL,50943,1
13,DEL,52991,1
13,DEL,53247,1
13,DEL,54271,2
13,DEL,54783,1
13,DEL,55295,1
13,DEL,55807,1
13,DEL,57343,1
13,DEL,57599,2
13,DEL,58111,1
13,DEL,58367,1
13,DEL,58623,2
13,DEL,58879,3
13,DEL,59135,1
13,DEL,59647,1
13,DEL,59903,1
13,DEL,60415,1
13,DEL,60671,1
13,DEL,60927,4
13,DEL,61183,1
13,DEL,61439,2
13,DEL,61695,1
13,DEL,61951,2
13,DEL,62207,2
13,DEL,62463,5
13,DEL,62975,1
13,DEL,63231,2
13,DEL,63487,2
13,DEL,63743,2
13,DEL,63999,1
13,DEL,64255,6
13,DEL,64511,4
13,DEL,64767,3
13,DEL,65023,6
13,DEL,65279,4
13,DEL,65535,3
13,DEL,66047,5
13,DEL,66559,6
13,DEL,67071,4
13,DEL,67583,11
13,DEL,68095,13
13,DEL,68607,10
13,DEL,69119,12
13,DEL,69631,9
13,DEL,70143,6
13,DEL,70655,15
13,DEL,71167,12
13,DEL,71679,9
13,DEL,72191,16
13,DEL,72703,7
13,DEL,73215,8
13,DEL,73727,6
13,DEL,74239,7
13,DEL,74751,9
13,DEL,75263,5
13,DEL,75775,5
13,DEL,76287,4
13,DEL,76799,3
13,DEL,77311,2
13,DEL,77823,2
13,DEL,78335,3
13,DEL,78847,2
13,DEL,79359,3
13,DEL,79871,3
13,DEL,80383,2
13,DEL,80895,2
13,DEL,81407,1
13,DEL,81919,1
13,DEL,84479,1
13,DEL,85503,1
13,GET,103,1
13,GET,116,1
13,GET,127,1
13,GET,142,1
13,GET,143,1
13,GET,144,1
13,GET,145,1
13,GET,147,2
13,GET,149,1
13,GET,153,1
13,GET,154,1
13,GET,156,3
13,GET,157,1
13,GET,158,3
13,GET,159,1
13,GET,160,1
13,GET,161,4
13,GET,162,3
13,GET,163,2
13,GET,164,2
13,GET,165,3
13,GET,167,2
13,GET,169,1
13,GET,170,3
13,GET,171,3
13,GET,172,5
13,GET,173,3
13,GET,174,2
13,GET,175,3
13,GET,176,3
13,GET,177,1
13,GET,178,2
13,GET,179,3
13,GET,180,3
13,GET,181,8
13,GET,182,4
13,GET,183,2
13,GET,184,5
13,GET,185,2
13,GET,186,3
13,GET,187,3
13,GET,188,3
13,GET,189,1
13,GET,190,4
13,GET,191,3
13,GET,192,4
13,GET,193,1
13,GET,194,6
13,GET,195,5
13,GET,196,5
13,GET,197,2
13,GET,198,4
13,GET,199,4
13,GET,200,6
13,GET,201,5
13,GET,202,3
13,GET,203,3
13,GET,204,3
13,GET,205,6
13,GET,206,3
13,GET,207,4
13,GET,208,7
13,GET,209,2
13,GET,210,3
13,GET,211,6
13,GET,212,5
13,GET,213,1
13,GET,214,4
13,GET,215,6
13,GET,216,3
13,GET,217,2
13,GET,218,1
13,GET,219,1
13,GET,220,1
13,GET,221,2
13,GET,222,5
13,GET,223,3
13,GET,224,4
13,GET,225,2
13,GET,226,3
13,GET,227,1
13,GET,228,2
13,GET,229,1
13,GET,231,1
13,GET,232,4
13,GET,233,2
13,GET,235,1
13,GET,237,1
13,GET,238,2
13,GET,239,1
13,GET,240,1
13,GET,242,3
13,GET,243,4
13,GET,245,1
13,GET,246,2
13,GET,248,1
13,GET,249,2
13,GET,250,3
13,GET,251,1
13,GET,254,1
13,GET,257,3
13,GET,259,4
13,GET,261,3
13,GET,263,2
13,GET,265,2
13,GET,267,2
13,GET,269,3
13,GET,271,2
13,GET,275,2
13,GET,279,3
13,GET,285,1
13,GET,287,1
13,GET,289,2
13,GET,291,1
13,GET,295,4
13,GET,297,1
13,GET,299,2
13,GET,305,1
13,GET,307,1
13,GET,313,2
13,GET,317,1
13,GET,321,2
13,GET,325,1
13,GET,331,1
13,GET,333,2
13,GET,335,1
13,GET,343,2
13,GET,345,1
13,GET,351,2
13,GET,355,2
13,GET,357,1
13,GET,361,1
13,GET,363,1
13,GET,369,1
13,GET,373,2
13,GET,379,1
13,GET,383,1
13,GET,385,1
13,GET,393,1
13,GET,397,1
13,GET,399,2
13,GET,403,2
13,GET,405,1
13,GET,413,1
13,GET,417,1
13,GET,423,2
13,GET,429,2
13,GET,431,1
13,GET,437,2
13,GET,439,3
13,GET,443,1
13,GET,447,1
13,GET,451,1
13,GET,455,1
13,GET,457,2
13,GET,461,1
13,GET,465,1
13,GET,469,1
13,GET,473,1
13,GET,475,2
13,GET,477,1
13,GET,479,1
13,GET,481,1
13,GET,483,1
13,GET,487,1
13,GET,491,2
13,GET,495,2
13,GET,497,2
13,GET,499,2
13,GET,501,1
13,GET,509,1
13,GET,511,2
13,GET,515,1
13,GET,519,2
13,GET,523,2
13,GET,527,3
13,GET,531,1
13,GET,535,1
13,GET,539,1
13,GET,543,1
13,GET,551,3
13,GET,555,1
13,GET,559,1
13,GET,563,4
13,GET,575,1
13,GET,579,5
13,GET,583,2
13,GET,587,2
13,GET,591,1
13,GET,595,2
13,GET,599,2
13,GET,603,1
13,GET,611,2
13,GET,615,2
13,GET,619,3
13,GET,623,1
13,GET,627,1
13,GET,631,3
13,GET,635,1
13,GET,639,2
13,GET,647,4
13,GET,651,2
13,GET,655,1
13,GET,659,2
13,GET,663,3
13,GET,667,4
13,GET,671,2
13,GET,675,2
13,GET,679,4
13,GET,683,2
13,GET,687,1
13,GET,691,3
13,GET,695,3
13,GET,699,1
13,GET,703,1
13,GET,711,2
13,GET,715,2
13,GET,723,3
13,GET,727,2
13,GET,731,2
13,GET,735,2
13,GET,743,2
13,GET,747,1
13,GET,751,3
13,GET,755,2
13,GET,767,1
13,GET,771,3
13,GET,775,3
13,GET,779,2
13,GET,783,3
13,GET,787,4
13,GET,791,4
13,GET,795,2
13,GET,807,3
13,GET,811,2
13,GET,815,4
13,GET,819,1
13,GET,827,3
13,GET,831,4
13,GET,835,1
13,GET,839,1
13,GET,843,1
13,GET,847,4
13,GET,851,2
13,GET,859,3
13,GET,863,2
13,GET,867,2
13,GET,871,2
13,GET,879,1
13,GET,883,1
13,GET,887,4
13,GET,891,1
13,GET,895,1
13,GET,899,7
13,GET,903,2
13,GET,907,3
13,GET,911,2
13,GET,915,3
13,GET,919,4
13,GET,923,1
13,GET,927,2
13,GET,931,2
13,GET,935,1
13,GET,939,2
13,GET,943,4
13,GET,947,2
13,GET,951,1
13,GET,955,4
13,GET,959,3
13,GET,963,2
13,GET,967,1
13,GET,975,2
13,GET,979,1
13,GET,983,1
13,GET,987,2
13,GET,995,1
13,GET,999,5
13,GET,1007,4
13,GET,1015,3
13,GET,1019,1
13,GET,1031,6
13,GET,1039,3
13,GET,1047,1
13,GET,1055,2
13,GET,1063,1
13,GET,1079,4
13,GET,1087,3
13,GET,1095,1
13,GET,1103,1
13,GET,1111,1
13,GET,1119,2
13,GET,1127,4
13,GET,1135,2
13,GET,1143,4
13,GET,1151,3
13,GET,1159,4
13,GET,1167,5
13,GET,1175,7
13,GET,1183,4
13,GET,1191,1
13,GET,1199,4
13,GET,1207,3
13,GET,1215,4
13,GET,1223,2
13,GET,1231,2
13,GET,1239,6
13,GET,1247,1
13,GET,1255,6
13,GET,1263,5
13,GET,1271,4
13,GET,1279,2
13,GET,1287,3
13,GET,1295,1
13,GET,1303,3
13,GET,1311,5
13,GET,1319,6
13,GET,1327,4
13,GET,1335,8
13,GET,1343,4
13,GET,1351,2
13,GET,1359,2
13,GET,1367,1
13,GET,1375,3
13,GET,1383,3
13,GET,1391,4
13,GET,1399,10
13,GET,1407,4
13,GET,1415,4
13,GET,1423,5
13,GET,1431,4
13,GET,1439,1
13,GET,1447,6
13,GET,1455,5
13,GET,1463,5
13,GET,1471,6
13,GET,1479,2
13,GET,1487,7
13,GET,1495,2
13,GET,1503,5
13,GET,1511,4
13,GET,1519,4
13,GET,1527,3
13,GET,1535,3
13,GET,1543,4
13,GET,1551,4
13,GET,1559,4
13,GET,1567,3
13,GET,1575,6
13,GET,1583,4
13,GET,1591,4
13,GET,1599,3
13,GET,1607,6
13,GET,1615,3
13,GET,1623,5
13,GET,1631,2
13,GET,1639,5
13,GET,1647,4
13,GET,1655,3
13,GET,1663,1
13,GET,1671,3
13,GET,1679,4
13,GET,1687,1
13,GET,1695,3
13,GET,1703,2
13,GET,1711,3
13,GET,1719,5
13,GET,1727,3
13,GET,1735,4
13,GET,1743,2
13,GET,1751,4
13,GET,1759,3
13,GET,1767,6
13,GET,1775,2
13,GET,1783,1
13,GET,1791,5
13,GET,1799,2
13,GET,1807,7
13,GET,1815,2
13,GET,1823,4
13,GET,1831,3
13,GET,1839,5
13,GET,1855,1
13,GET,1863,4
13,GET,1871,5
13,GET,1879,2
13,GET,1887,4
13,GET,1895,2
13,GET,1903,4
13,GET,1911,4
13,GET,1919,1
13,GET,1927,1
13,GET,1935,2
13,GET,1943,3
13,GET,1959,1
13,GET,1967,2
13,GET,1975,3
13,GET,1983,2
13,GET,1991,2
13,GET,1999,4
13,GET,2007,2
13,GET,2015,3
13,GET,2023,2
13,GET,2031,6
13,GET,2047,2
13,GET,2063,5
13,GET,2095,1
13,GET,2111,4
13,GET,2127,3
13,GET,2143,5
13,GET,2159,2
13,GET,2175,4
13,GET,2191,8
13,GET,2207,6
13,GET,2223,8
13,GET,2239,2
13,GET,2255,3
13,GET,2271,10
13,GET,2287,5
13,GET,2303,5
13,GET,2319,8
13,GET,2335,4
13,GET,2351,6
13,GET,2367,2
13,GET,2383,4
13,GET,2399,6
13,GET,2415,7
13,GET,2431,8
13,GET,2447,7
13,GET,2463,6
13,GET,2479,5
13,GET,2495,4
13,GET,2511,3
13,GET,2527,5
13,GET,2543,5
13,GET,2559,2
13,GET,2575,9
13,GET,2591,3
13,GET,2607,3
13,GET,2623,2
13,GET,2639,5
13,GET,2655,6
13,GET,2671,6
13,GET,2687,6
13,GET,2703,3
13,GET,2719,8
13,GET,2735,5
13,GET,2751,6
13,GET,2767,4
13,GET,2783,3
13,GET,2799,4
13,GET,2815,4
13,GET,2831,2
13,GET,2847,7
13,GET,2863,7
13,GET,2879,6
13,GET,2895,8
13,GET,2911,8
13,GET,2927,6
13,GET,2943,6
13,GET,2959,5
13,GET,2975,9
13,GET,2991,18
13,GET,3007,8
13,GET,3023,8
13,GET,3039,6
13,GET,3055,3
13,GET,3071,4
13,GET,3087,4
13,GET,3103,5
13,GET,3119,9
13,GET,3135,2
13,GET,3151,5
13,GET,3167,8
13,GET,3183,7
13,GET,3199,3
13,GET,3215,6
13,GET,3231,4
13,GET,3247,3
13,GET,3263,7
13,GET,3279,4
13,GET,3295,5
13,GET,3311,8
13,GET,3327,5
13,GET,3343,5
13,GET,3359,5
13,GET,3375,3
13,GET,3391,10
13,GET,3407,6
13,GET,3423,8
13,GET,3439,9
13,GET,3455,2
13,GET,3471,5
13,GET,3487,4
13,GET,3503,5
13,GET,3519,4
13,GET,3535,4
13,GET,3551,9
13,GET,3567,3
13,GET,3583,8
13,GET,3599,7
13,GET,3615,3
13,GET,3631,5
13,GET,3647,4
13,GET,3663,9
13,GET,3679,5
13,GET,3695,4
13,GET,3711,6
13,GET,3727,2
13,GET,3743,7
13,GET,3759,6
13,GET,3775,3
13,GET,3791,5
13,GET,3807,7
13,GET,3823,3
13,GET,3839,3
13,GET,3855,7
13,GET,3871,5
13,GET,3887,4
13,GET,3903,5
13,GET,3919,8
13,GET,3935,3
13,GET,3951,5
13,GET,3967,7
13,GET,3983,5
13,GET,3999,9
13,GET,4015,7
13,GET,4031,5
13,GET,4047,3
13,GET,4063,3
13,GET,4079,2
13,GET,4095,5
13,GET,4127,10
13,GET,4159,9
13,GET,4191,12
13,GET,4223,13
13,GET,4255,8
13,GET,4287,8
13,GET,4319,9
13,GET,4351,6
13,GET,4383,5
13,GET,4415,10
13,GET,4447,7
13,GET,4479,8
13,GET,4511,16
13,GET,4543,9
13,GET,4575,9
13,GET,4607,7
13,GET,4639,6
13,GET,4671,9
13,GET,4703,13
13,GET,4735,7
13,GET,4767,4
13,GET,4799,7
13,GET,4831,7
13,GET,4863,2
13,GET,4895,6
13,GET,4927,9
13,GET,4959,6
13,GET,4991,9
13,GET,5023,6
13,GET,5055,6
13,GET,5087,4
13,GET,5119,9
13,GET,5151,6
13,GET,5183,3
13,GET,5215,7
13,GET,5247,4
13,GET,5279,5
13,GET,5311,5
13,GET,5343,3
13,GET,5375,6
13,GET,5407,2
13,GET,5439,3
13,GET,5471,6
13,GET,5503,4
13,GET,5535,5
13,GET,5567,3
13,GET,5599,1
13,GET,5631,5
13,GET,5663,2
13,GET,5695,4
13,GET,5727,3
13,GET,5759,3
13,GET,5791,1
13,GET,5823,1
13,GET,5855,2
13,GET,5887,8
13,GET,5919,2
13,GET,5951,2
13,GET,5983,3
13,GET,6015,4
13,GET,6047,3
13,GET,6079,1
13,GET,6111,3
13,GET,6143,3
13,GET,6175,2
13,GET,6207,3
13,GET,6239,3
13,GET,6271,3
13,GET,6303,1
13,GET,6335,5
13,GET,6367,4
13,GET,6399,3
13,GET,6463,4
13,GET,6495,1
13,GET,6527,2
13,GET,6559,1
13,GET,6591,3
13,GET,6623,1
13,GET,6655,1
13,GET,6687,1
13,GET,6751,2
13,GET,6783,5
13,GET,6847,1
13,GET,6911,2
13,GET,6943,1
13,GET,6975,1
13,GET,7071,1
13,GET,7103,1
13,GET,7135,1
13,GET,7167,2
13,GET,7199,2
13,GET,7231,1
13,GET,7295,1
13,GET,7327,1
13,GET,7359,2
13,GET,7455,2
13,GET,7487,3
13,GET,7519,2
13,GET,7551,2
13,GET,7679,1
13,GET,7711,1
13,GET,7743,1
13,GET,7839,1
13,GET,7903,1
13,GET,7935,1
13,GET,7967,1
13,GET,8095,1
13,GET,8191,1
13,GET,8319,1
13,GET,8383,1
13,GET,8639,1
13,GET,8831,1
13,GET,9663,1
13,GET,9727,1
13,GET,10239,1
13,GET,10751,1
13,SET,154,1
13,SET,155,2
13,SET,167,1
13,SET,173,1
13,SET,181,1
13,SET,183,1
13,SET,186,2
13,SET,200,1
13,SET,212,1
13,SET,213,1
13,SET,214,1
13,SET,217,1
13,SET,218,1
13,SET,223,1
13,SET,225,1
13,SET,236,1
13,SET,277,2
13,SET,313,1
13,SET,327,1
13,SET,407,1
13,SET,443,1
13,SET,607,1
13,SET,611,1
13,SET,655,1
13,SET,659,1
13,SET,735,1
13,SET,759,1
13,SET,823,1
13,SET,859,1
13,SET,863,1
13,SET,871,1
13,SET,891,1
13,SET,899,1
13,SET,903,1
13,SET,919,1
13,SET,1071,1
13,SET,1087,1
13,SET,1119,1
13,SET,1175,2
13,SET,1199,1
13,SET,1223,1
13,SET,1231,1
13,SET,1239,1
13,SET,1271,1
13,SET,1279,1
13,SET,1343,1
13,SET,1399,1
13,SET,1415,2
13,SET,1431,1
13,SET,1519,1
13,SET,1527,2
13,SET,1535,2
13,SET,1543,1
13,SET,1591,1
13,SET,1647,1
13,SET,1703,1
13,SET,1711,1
13,SET,1735,2
13,SET,1783,1
13,SET,1815,2
13,SET,1887,1
13,SET,1903,1
13,SET,2207,1
13,SET,2351,1
13,SET,2367,1
13,SET,2623,2
13,SET,2639,1
13,SET,2751,1
13,SET,2767,1
13,SET,2831,2
13,SET,2863,1
13,SET,2895,1
13,SET,2911,1
13,SET,2943,1
13,SET,2959,3
13,SET,2991,1
13,SET,3119,1
13,SET,3151,1
13,SET,3247,1
13,SET,3327,1
13,SET,3359,1
13,SET,3375,2
13,SET,3503,1
13,SET,3519,1
13,SET,3535,2
13,SET,3567,2
13,SET,3631,1
13,SET,3679,1
13,SET,3775,1
13,SET,3791,1
13,SET,3807,1
13,SET,4063,2
13,SET,4159,2
13,SET,4191,2
13,SET,4223,3
13,SET,4287,1
13,SET,4319,1
13,SET,4383,1
13,SET,4415,2
13,SET,4479,1
13,SET,4543,1
13,SET,4575,1
13,SET,4639,1
13,SET,4671,1
13,SET,4831,2
13,SET,4959,3
13,SET,5183,1
13,SET,5343,1
13,SET,5439,1
13,SET,5471,2
13,SET,5567,1
13,SET,5695,1
13,SET,5727,1
13,SET,5855,1
13,SET,6047,1
13,SET,6111,1
13,SET,6271,1
13,SET,6367,1
13,SET,6431,1
13,SET,6655,1
13,SET,6943,1
13,SET,7103,1
13,SET,9535,1
14,DEL,126,1
14,DEL,151,1
14,DEL,155,2
14,DEL,156,1
14,DEL,161,1
14,DEL,162,2
14,DEL,164,1
14,DEL,166,2
14,DEL,167,1
14,DEL,168,1
14,DEL,169,2
14,DEL,170,2
14,DEL,172,1
14,DEL,173,2
14,DEL,174,1
14,DEL,176,1
14,DEL,178,2
14,DEL,179,1
14,DEL,180,1
14,DEL,181,1
14,DEL,182,1
14,DEL,183,1
14,DEL,184,2
14,DEL,185,1
14,DEL,186,1
14,DEL,187,1
14,DEL,189,1
14,DEL,191,4
14,DEL,192,1
14,DEL,193,2
14,DEL,194,1
14,DEL,195,1
14,DEL,196,3
14,DEL,199,3
14,DEL,200,1
14,DEL,203,1
14,DEL,205,2
14,DEL,208,1
14,DEL,209,1
14,DEL,210,1
14,DEL,211,1
14,DEL,212,1
14,DEL,213,1
14,DEL,214,1
14,DEL,216,1
14,DEL,217,1
14,DEL,219,1
14,DEL,220,1
14,DEL,223,2
14,DEL,224,1
14,DEL,228,1
14,DEL,229,2
14,DEL,232,1
14,DEL,234,1
14,DEL,235,1
14,DEL,237,1
14,DEL,238,1
14,DEL,240,1
14,DEL,241,1
14,DEL,242,1
14,DEL,247,1
14,DEL,251,1
14,DEL,252,1
14,DEL,253,2
14,DEL,255,1
14,DEL,257,3
14,DEL,259,1
14,DEL,261,1
14,DEL,265,1
14,DEL,267,1
14,DEL,269,1
14,DEL,275,1
14,DEL,283,1
14,DEL,287,2
14,DEL,289,1
14,DEL,291,1
14,DEL,293,3
14,DEL,301,1
14,DEL,311,1
14,DEL,313,1
14,DEL,331,1
14,DEL,335,1
14,DEL,353,1
14,DEL,363,1
14,DEL,373,1
14,DEL,387,1
14,DEL,395,1
14,DEL,397,1
14,DEL,401,1
14,DEL,405,1
14,DEL,407,1
14,DEL,415,1
14,DEL,417,1
14,DEL,419,1
14,DEL,423,1
14,DEL,427,2
14,DEL,443,1
14,DEL,445,1
14,DEL,451,1
14,DEL,463,1
14,DEL,475,1
14,DEL,483,1
14,DEL,493,3
14,DEL,503,2
14,DEL,523,1
14,DEL,551,1
14,DEL,555,1
14,DEL,563,1
14,DEL,575,1
14,DEL,579,1
14,DEL,583,1
14,DEL,587,2
14,DEL,591,1
14,DEL,599,1
14,DEL,607,1
14,DEL,631,1
14,DEL,635,1
14,DEL,643,3
14,DEL,659,1
14,DEL,675,3
14,DEL,679,1
14,DEL,683,1
14,DEL,695,2
14,DEL,699,2
14,DEL,703,1
14,DEL,707,2
14,DEL,719,1
14,DEL,723,1
14,DEL,735,1
14,DEL,751,1
14,DEL,755,1
14,DEL,767,1
14,DEL,779,2
14,DEL,795,1
14,DEL,799,1
14,DEL,811,2
14,DEL,815,1
14,DEL,823,2
14,DEL,839,1
14,DEL,843,1
14,DEL,847,2
14,DEL,851,1
14,DEL,875,2
14,DEL,879,1
14,DEL,887,1
14,DEL,891,1
14,DEL,903,1
14,DEL,919,1
14,DEL,935,1
14,DEL,939,1
14,DEL,943,1
14,DEL,947,1
14,DEL,975,1
14,DEL,987,3
14,DEL,995,1
14,DEL,1011,1
14,DEL,1015,1
14,DEL,1019,1
14,DEL,1039,1
14,DEL,1063,3
14,DEL,1071,1
14,DEL,1079,2
14,DEL,1103,4
14,DEL,1111,2
14,DEL,1119,1
14,DEL,1127,1
14,DEL,1151,2
14,DEL,1167,1
14,DEL,1191,1
14,DEL,1199,1
14,DEL,1223,1
14,DEL,1231,3
14,DEL,1255,1
14,DEL,1319,3
14,DEL,1351,1
14,DEL,1375,1
14,DEL,1391,1
14,DEL,1399,1
14,DEL,1415,2
14,DEL,1431,2
14,DEL,1447,1
14,DEL,1479,1
14,DEL,1487,3
14,DEL,1519,1
14,DEL,1527,1
14,DEL,1583,2
14,DEL,1607,1
14,DEL,1615,1
14,DEL,1679,1
14,DEL,1719,2
14,DEL,1751,1
14,DEL,1839,1
14,DEL,1863,1
14,DEL,1903,1
14,DEL,1959,1
14,DEL,2007,1
14,DEL,2023,1
14,DEL,2095,1
14,DEL,2111,1
14,DEL,2127,1
14,DEL,2239,1
14,DEL,2303,1
14,DEL,2319,1
14,DEL,2383,1
14,DEL,2415,1
14,DEL,2447,1
14,DEL,2527,1
14,DEL,2607,1
14,DEL,2687,2
14,DEL,2703,3
14,DEL,2719,2
14,DEL,2799,1
14,DEL,2815,1
14,DEL,2863,1
14,DEL,2927,1
14,DEL,2943,1
14,DEL,2975,2
14,DEL,3023,3
14,DEL,3119,1
14,DEL,3135,1
14,DEL,3151,1
14,DEL,3327,1
14,DEL,3343,1
14,DEL,3375,1
14,DEL,3407,1
14,DEL,3503,1
14,DEL,3519,3
14,DEL,3551,1
14,DEL,3631,2
14,DEL,3663,1
14,DEL,3759,1
14,DEL,3807,1
14,DEL,3839,2
14,DEL,3855,1
14,DEL,3887,1
14,DEL,3903,1
14,DEL,3951,1
14,DEL,3983,1
14,DEL,4079,1
14,DEL,4159,1
14,DEL,4191,1
14,DEL,4223,1
14,DEL,4255,2
14,DEL,4287,1
14,DEL,4319,1
14,DEL,4383,1
14,DEL,4415,1
14,DEL,4447,2
14,DEL,4511,2
14,DEL,4543,3
14,DEL,4575,2
14,DEL,4607,1
14,DEL,4671,1
14,DEL,4703,2
14,DEL,4735,4
14,DEL,4767,3
14,DEL,4799,1
14,DEL,4831,3
14,DEL,4895,2
14,DEL,4927,1
14,DEL,4959,1
14,DEL,4991,2
14,DEL,5055,1
14,DEL,5087,1
14,DEL,5151,2
14,DEL,5183,1
14,DEL,5215,4
14,DEL,5247,1
14,DEL,5279,1
14,DEL,5311,1
14,DEL,5343,1
14,DEL,5375,1
14,DEL,5407,1
14,DEL,5439,2
14,DEL,5503,3
14,DEL,5535,1
14,DEL,5567,4
14,DEL,5599,1
14,DEL,5631,3
14,DEL,5727,1
14,DEL,5759,1
14,DEL,5791,1
14,DEL,5823,1
14,DEL,5855,1
14,DEL,5887,1
14,DEL,5919,4
14,DEL,5951,2
14,DEL,5983,3
14,DEL,6047,4
14,DEL,6079,2
14,DEL,6143,1
14,DEL,6175,1
14,DEL,6239,1
14,DEL,6271,2
14,DEL,6335,2
14,DEL,6367,3
14,DEL,6431,2
14,DEL,6463,2
14,DEL,6495,3
14,DEL,6527,2
14,DEL,6591,1
14,DEL,6623,3
14,DEL,6655,1
14,DEL,6687,2
14,DEL,6719,2
14,DEL,6847,2
14,DEL,6943,1
14,DEL,6975,1
14,DEL,7007,1
14,DEL,7039,1
14,DEL,7135,2
14,DEL,7167,1
14,DEL,7199,1
14,DEL,7327,2
14,DEL,7519,1
14,DEL,7551,1
14,DEL,7647,2
14,DEL,7679,2
14,DEL,7711,1
14,DEL,7775,2
14,DEL,7807,1
14,DEL,7839,3
14,DEL,7967,1
14,DEL,8095,1
14,DEL,8159,1
14,DEL,8191,1
14,DEL,8319,2
14,DEL,8383,1
14,DEL,8511,2
14,DEL,8575,1
14,DEL,8767,1
14,DEL,8831,2
14,DEL,8895,1
14,DEL,8959,1
14,DEL,9023,1
14,DEL,9087,1
14,DEL,9215,1
14,DEL,9343,2
14,DEL,9663,1
14,DEL,9983,2
14,DEL,10047,1
14,DEL,10431,1
14,DEL,10559,1
14,DEL,10751,1
14,DEL,11199,1
14,DEL,11519,1
14,DEL,11647,1
14,DEL,11839,2
14,DEL,12863,1
14,DEL,14399,1
14,DEL,14655,1
14,DEL,32383,1
14,DEL,38399,1
14,DEL,44031,1
14,DEL,44287,2
14,DEL,44799,1
14,DEL,45567,1
14,DEL,45823,1
14,DEL,46335,1
14,DEL,49151,1
14,DEL,50175,1
14,DEL,50431,1
14,DEL,50943,1
14,DEL,51455,1
14,DEL,54527,1
14,DEL,56319,3
14,DEL,56575,1
14,DEL,57087,2
14,DEL,57599,1
14,DEL,58623,1
14,DEL,59135,1
14,DEL,59391,3
14,DEL,59903,3
14,DEL,60415,3
14,DEL,60671,2
14,DEL,60927,2
14,DEL,61183,2
14,DEL,61439,2
14,DEL,61695,1
14,DEL,61951,6
14,DEL,62463,1
14,DEL,62719,1
14,DEL,62975,3
14,DEL,63231,3
14,DEL,63487,1
14,DEL,63743,3
14,DEL,63999,3
14,DEL,64511,7
14,DEL,64767,8
14,DEL,65279,2
14,DEL,65535,4
14,DEL,66047,6
14,DEL,66559,8
14,DEL,67071,5
14,DEL,67583,11
14,DEL,68095,9
14,DEL,68607,15
14,DEL,69119,8
14,DEL,69631,12
14,DEL,70143,9
14,DEL,70655,8
14,DEL,71167,9
14,DEL,71679,12
14,DEL,72191,12
14,DEL,72703,7
14,DEL,73215,9
14,DEL,73727,5
14,DEL,74239,7
14,DEL,74751,2
14,DEL,75263,7
14,DEL,75775,7
14,DEL,76287,2
14,DEL,76799,4
14,DEL,77311,1
14,DEL,77823,1
14,DEL,78335,2
14,DEL,78847,2
14,DEL,79359,2
14,DEL,79871,3
14,DEL,80895,1
14,DEL,84479,1
14,DEL,86015,1
14,DEL,89599,2
14,DEL,90623,1
14,DEL,95231,1
14,GET,140,1
14,GET,145,1
14,GET,149,1
14,GET,150,1
14,GET,157,1
14,GET,159,2
14,GET,160,2
14,GET,162,1
14,GET,164,2
14,GET,165,1
14,GET,167,1
14,GET,168,1
14,GET,169,3
14,GET,171,1
14,GET,172,4
14,GET,173,3
14,GET,174,4
14,GET,176,3
14,GET,177,3
14,GET,178,2
14,GET,179,5
14,GET,180,5
14,GET,181,5
14,GET,182,3
14,GET,183,4
14,GET,184,3
14,GET,185,3
14,GET,186,3
14,GET,187,1
14,GET,189,2
14,GET,190,1
14,GET,191,5
14,GET,192,4
14,GET,193,6
14,GET,194,5
14,GET,195,6
14,GET,196,4
14,GET,197,2
14,GET,198,2
14,GET,200,7
14,GET,201,7
14,GET,202,5
14,GET,203,3
14,GET,204,1
14,GET,205,1
14,GET,206,2
14,GET,207,4
14,GET,208,1
14,GET,209,4
14,GET,210,2
14,GET,211,3
14,GET,212,2
14,GET,213,4
14,GET,214,1
14,GET,215,6
14,GET,216,3
14,GET,217,3
14,GET,218,5
14,GET,219,3
14,GET,220,4
14,GET,221,3
14,GET,222,6
14,GET,224,2
14,GET,225,1
14,GET,226,4
14,GET,227,1
14,GET,228,2
14,GET,229,3
14,GET,231,1
14,GET,232,2
14,GET,233,1
14,GET,234,2
14,GET,235,3
14,GET,236,3
14,GET,237,4
14,GET,238,4
14,GET,241,1
14,GET,242,2
14,GET,244,2
14,GET,245,1
14,GET,246,2
14,GET,247,1
14,GET,248,1
14,GET,252,1
14,GET,253,2
14,GET,255,1
14,GET,257,2
14,GET,259,1
14,GET,261,1
14,GET,263,1
14,GET,267,1
14,GET,269,1
14,GET,271,1
14,GET,273,1
14,GET,275,1
14,GET,277,1
14,GET,279,3
14,GET,283,1
14,GET,287,1
14,GET,289,3
14,GET,291,1
14,GET,295,1
14,GET,297,1
14,GET,301,1
14,GET,303,2
14,GET,307,1
14,GET,309,2
14,GET,317,2
14,GET,319,2
14,GET,323,2
14,GET,327,1
14,GET,339,1
14,GET,343,1
14,GET,345,2
14,GET,347,4
14,GET,353,1
14,GET,355,2
14,GET,357,1
14,GET,359,1
14,GET,363,1
14,GET,373,1
14,GET,377,1
14,GET,383,1
14,GET,385,1
14,GET,393,1
14,GET,397,1
14,GET,401,2
14,GET,403,1
14,GET,407,1
14,GET,409,1
14,GET,411,3
14,GET,413,3
14,GET,417,1
14,GET,419,1
14,GET,425,1
14,GET,429,1
14,GET,457,2
14,GET,459,1
14,GET,463,2
14,GET,465,1
14,GET,467,1
14,GET,469,1
14,GET,471,1
14,GET,475,3
14,GET,477,1
14,GET,483,1
14,GET,491,2
14,GET,493,1
14,GET,497,1
14,GET,499,1
14,GET,503,1
14,GET,505,1
14,GET,507,1
14,GET,509,2
14,GET,515,1
14,GET,519,2
14,GET,523,4
14,GET,527,1
14,GET,535,1
14,GET,543,2
14,GET,547,3
14,GET,551,1
14,GET,559,3
14,GET,563,2
14,GET,567,2
14,GET,571,3
14,GET,575,1
14,GET,579,3
14,GET,583,3
14,GET,587,5
14,GET,595,3
14,GET,599,2
14,GET,607,5
14,GET,611,4
14,GET,619,1
14,GET,627,1
14,GET,631,3
14,GET,635,5
14,GET,639,4
14,GET,643,2
14,GET,647,2
14,GET,651,2
14,GET,655,3
14,GET,663,4
14,GET,667,3
14,GET,671,3
14,GET,675,3
14,GET,679,5
14,GET,683,2
14,GET,687,2
14,GET,691,3
14,GET,695,2
14,GET,699,1
14,GET,703,3
14,GET,707,1
14,GET,711,2
14,GET,715,2
14,GET,719,2
14,GET,723,3
14,GET,727,1
14,GET,731,4
14,GET,735,4
14,GET,739,1
14,GET,747,1
14,GET,751,5
14,GET,755,3
14,GET,759,4
14,GET,763,3
14,GET,767,3
14,GET,771,2
14,GET,775,3
14,GET,779,2
14,GET,783,3
14,GET,787,2
14,GET,791,3
14,GET,795,1
14,GET,799,1
14,GET,803,2
14,GET,807,1
14,GET,811,5
14,GET,815,3
14,GET,819,2
14,GET,827,1
14,GET,831,4
14,GET,839,2
14,GET,843,1
14,GET,847,1
14,GET,851,2
14,GET,859,1
14,GET,863,3
14,GET,867,2
14,GET,875,2
14,GET,879,7
14,GET,883,3
14,GET,887,2
14,GET,891,1
14,GET,895,1
14,GET,899,1
14,GET,903,3
14,GET,907,3
14,GET,911,1
14,GET,915,1
14,GET,919,3
14,GET,923,4
14,GET,927,3
14,GET,931,4
14,GET,939,3
14,GET,943,4
14,GET,947,4
14,GET,951,4
14,GET,955,3
14,GET,959,1
14,GET,963,1
14,GET,967,2
14,GET,971,2
14,GET,975,1
14,GET,995,2
14,GET,999,5
14,GET,1003,1
14,GET,1007,1
14,GET,1011,2
14,GET,1015,2
14,GET,1019,2
14,GET,1023,1
14,GET,1031,4
14,GET,1039,3
14,GET,1047,4
14,GET,1055,8
14,GET,1063,3
14,GET,1071,2
14,GET,1079,12
14,GET,1087,2
14,GET,1095,2
14,GET,1103,2
14,GET,1111,8
14,GET,1119,2
14,GET,1127,1
14,GET,1135,3
14,GET,1143,2
14,GET,1151,1
14,GET,1159,6
14,GET,1167,6
14,GET,1175,2
14,GET,1183,2
14,GET,1191,2
14,GET,1199,3
14,GET,1207,5
14,GET,1215,4
14,GET,1223,1
14,GET,1231,1
14,GET,1239,2
14,GET,1247,3
14,GET,1263,2
14,GET,1271,2
14,GET,1279,4
14,GET,1295,5
14,GET,1303,2
14,GET,1311,3
14,GET,1319,2
14,GET,1327,3
14,GET,1335,1
14,GET,1343,5
14,GET,1351,8
14,GET,1359,5
14,GET,1367,3
14,GET,1375,2
14,GET,1383,4
14,GET,1391,3
14,GET,1399,3
14,GET,1407,8
14,GET,1415,4
14,GET,1423,4
14,GET,1431,4
14,GET,1439,5
14,GET,1447,7
14,GET,1455,4
14,GET,1463,4
14,GET,1471,4
14,GET,1479,4
14,GET,1487,5
14,GET,1495,3
14,GET,1503,5
14,GET,1511,5
14,GET,1519,5
14,GET,1527,2
14,GET,1535,6
14,GET,1543,4
14,GET,1551,3
14,GET,1559,4
14,GET,1567,4
14,GET,1575,4
14,GET,1583,1
14,GET,1591,4
14,GET,1599,4
14,GET,1607,5
14,GET,1615,1
14,GET,1623,3
14,GET,1631,4
14,GET,1639,4
14,GET,1647,3
14,GET,1655,5
14,GET,1663,3
14,GET,1671,3
14,GET,1679,2
14,GET,1687,4
14,GET,1695,1
14,GET,1703,4
14,GET,1711,4
14,GET,1719,4
14,GET,1727,1
14,GET,1751,4
14,GET,1759,4
14,GET,1767,1
14,GET,1775,2
14,GET,1783,4
14,GET,1791,4
14,GET,1799,3
14,GET,1807,2
14,GET,1823,1
14,GET,1831,1
14,GET,1855,3
14,GET,1863,5
14,GET,1871,4
14,GET,1879,3
14,GET,1887,4
14,GET,1895,3
14,GET,1903,2
14,GET,1911,2
14,GET,1919,1
14,GET,1927,1
14,GET,1935,3
14,GET,1943,2
14,GET,1951,1
14,GET,1959,4
14,GET,1967,3
14,GET,1975,2
14,GET,1983,2
14,GET,1991,4
14,GET,2015,1
14,GET,2031,2
14,GET,2039,2
14,GET,2047,4
14,GET,2063,3
14,GET,2079,8
14,GET,2095,6
14,GET,2111,2
14,GET,2127,6
14,GET,2143,8
14,GET,2159,3
14,GET,2175,5
14,GET,2191,3
14,GET,2207,6
14,GET,2223,5
14,GET,2239,6
14,GET,2255,4
14,GET,2271,9
14,GET,2287,4
14,GET,2303,4
14,GET,2319,5
14,GET,2335,4
14,GET,2351,2
14,GET,2367,5
14,GET,2383,3
14,GET,2399,2
14,GET,2415,6
14,GET,2431,7
14,GET,2447,4
14,GET,2463,7
14,GET,2479,4
14,GET,2495,2
14,GET,2511,2
14,GET,2527,4
14,GET,2543,4
14,GET,2559,7
14,GET,2575,4
14,GET,2591,5
14,GET,2607,4
14,GET,2623,2
14,GET,2639,5
14,GET,2655,6
14,GET,2671,4
14,GET,2687,3
14,GET,2703,8
14,GET,2719,8
14,GET,2735,5
14,GET,2751,5
14,GET,2767,5
14,GET,2783,4
14,GET,2799,2
14,GET,2815,3
14,GET,2831,10
14,GET,2847,3
14,GET,2863,7
14,GET,2879,8
14,GET,2895,7
14,GET,2911,9
14,GET,2927,7
14,GET,2943,6
14,GET,2959,9
14,GET,2975,2
14,GET,2991,10
14,GET,3023,10
14,GET,3039,8
14,GET,3055,7
14,GET,3071,6
14,GET,3087,6
14,GET,3103,8
14,GET,3119,3
14,GET,3135,5
14,GET,3151,7
14,GET,3167,5
14,GET,3183,3
14,GET,3199,5
14,GET,3215,8
14,GET,3231,9
14,GET,3247,4
14,GET,3263,6
14,GET,3279,5
14,GET,3295,6
14,GET,3311,6
14,GET,3327,11
14,GET,3343,2
14,GET,3359,3
14,GET,3375,4
14,GET,3391,8
14,GET,3407,7
14,GET,3423,3
14,GET,3439,6
14,GET,3455,6
14,GET,3471,4
14,GET,3487,6
14,GET,3503,1
14,GET,3519,5
14,GET,3535,9
14,GET,3551,10
14,GET,3567,8
14,GET,3583,9
14,GET,3599,4
14,GET,3615,5
14,GET,3631,2
14,GET,3647,4
14,GET,3663,8
14,GET,3679,8
14,GET,3695,4
14,GET,3711,11
14,GET,3727,6
14,GET,3743,3
14,GET,3759,6
14,GET,3775,4
14,GET,3791,7
14,GET,3807,6
14,GET,3823,6
14,GET,3839,7
14,GET,3855,3
14,GET,3871,3
14,GET,3887,2
14,GET,3903,4
14,GET,3919,4
14,GET,3935,2
14,GET,3951,10
14,GET,3967,4
14,GET,3983,7
14,GET,3999,6
14,GET,4015,6
14,GET,4031,2
14,GET,4047,5
14,GET,4063,3
14,GET,4079,3
14,GET,4095,7
14,GET,4127,17
14,GET,4159,12
14,GET,4191,11
14,GET,4223,13
14,GET,4255,6
14,GET,4287,11
14,GET,4319,8
14,GET,4351,7
14,GET,4383,3
14,GET,4415,16
14,GET,4447,11
14,GET,4479,5
14,GET,4511,16
14,GET,4543,12
14,GET,4575,10
14,GET,4607,12
14,GET,4639,5
14,GET,4671,12
14,GET,4703,3
14,GET,4735,8
14,GET,4767,7
14,GET,4799,5
14,GET,4831,7
14,GET,4863,8
14,GET,4895,7
14,GET,4927,8
14,GET,4959,3
14,GET,4991,6
14,GET,5023,12
14,GET,5055,10
14,GET,5087,6
14,GET,5119,9
14,GET,5151,10
14,GET,5183,8
14,GET,5215,4
14,GET,5247,6
14,GET,5279,9
14,GET,5311,8
14,GET,5343,5
14,GET,5375,5
14,GET,5407,4
14,GET,5439,7
14,GET,5471,1
14,GET,5503,4
14,GET,5535,5
14,GET,5567,4
14,GET,5599,1
14,GET,5631,2
14,GET,5663,2
14,GET,5695,7
14,GET,5727,1
14,GET,5759,4
14,GET,5791,3
14,GET,5823,3
14,GET,5855,5
14,GET,5887,4
14,GET,5919,4
14,GET,5983,8
14,GET,6015,3
14,GET,6079,3
14,GET,6111,7
14,GET,6143,2
14,GET,6175,3
14,GET,6207,3
14,GET,6239,2
14,GET,6271,5
14,GET,6303,2
14,GET,6335,6
14,GET,6367,3
14,GET,6399,2
14,GET,6431,4
14,GET,6463,1
14,GET,6495,5
14,GET,6527,5
14,GET,6559,2
14,GET,6591,1
14,GET,6623,2
14,GET,6655,2
14,GET,6687,2
14,GET,6719,3
14,GET,6751,1
14,GET,6783,2
14,GET,6815,1
14,GET,6847,2
14,GET,6879,5
14,GET,6911,3
14,GET,6943,3
14,GET,6975,2
14,GET,7007,2
14,GET,7039,1
14,GET,7071,4
14,GET,7103,3
14,GET,7167,3
14,GET,7199,2
14,GET,7231,1
14,GET,7263,1
14,GET,7327,2
14,GET,7359,1
14,GET,7487,1
14,GET,7551,1
14,GET,7583,1
14,GET,7615,2
14,GET,7647,1
14,GET,7743,1
14,GET,7775,1
14,GET,7871,1
14,GET,7935,2
14,GET,8095,1
14,GET,8255,1
14,GET,8383,1
14,GET,8511,3
14,GET,8639,2
14,GET,8703,1
14,GET,8767,3
14,GET,8895,2
14,GET,9023,1
14,GET,9343,2
14,GET,9535,1
14,GET,9919,1
14,SET,159,1
14,SET,161,1
14,SET,182,1
14,SET,186,1
14,SET,188,1
14,SET,189,1
14,SET,191,1
14,SET,193,2
14,SET,194,1
14,SET,200,1
14,SET,205,1
14,SET,208,1
14,SET,209,1
14,SET,218,1
14,SET,219,1
14,SET,248,1
14,SET,267,1
14,SET,341,1
14,SET,343,1
14,SET,353,1
14,SET,367,1
14,SET,373,1
14,SET,379,1
14,SET,415,1
14,SET,453,1
14,SET,455,1
14,SET,481,1
14,SET,583,1
14,SET,603,1
14,SET,775,1
14,SET,791,1
14,SET,847,1
14,SET,867,1
14,SET,891,1
14,SET,959,1
14,SET,1055,1
14,SET,1063,1
14,SET,1095,1
14,SET,1175,1
14,SET,1183,1
14,SET,1319,1
14,SET,1327,1
14,SET,1335,2
14,SET,1359,1
14,SET,1367,2
14,SET,1383,1
14,SET,1399,1
14,SET,1407,1
14,SET,1431,1
14,SET,1495,1
14,SET,1631,1
14,SET,1775,1
14,SET,1911,2
14,SET,1935,1
14,SET,1959,1
14,SET,1991,1
14,SET,2007,1
14,SET,2015,1
14,SET,2031,1
14,SET,2111,2
14,SET,2143,1
14,SET,2159,1
14,SET,2239,1
14,SET,2319,1
14,SET,2367,1
14,SET,2463,2
14,SET,2479,1
14,SET,2527,1
14,SET,2543,1
14,SET,2639,1
14,SET,2735,1
14,SET,2767,2
14,SET,2831,3
14,SET,2943,1
14,SET,2975,1
14,SET,3039,1
14,SET,3119,2
14,SET,3135,3
14,SET,3167,1
14,SET,3231,1
14,SET,3279,1
14,SET,3375,1
14,SET,3439,2
14,SET,3455,1
14,SET,3503,1
14,SET,3519,1
14,SET,3599,1
14,SET,3615,1
14,SET,3823,2
14,SET,3887,1
14,SET,3935,1
14,SET,3983,1
14,SET,4015,1
14,SET,4063,2
14,SET,4159,1
14,SET,4319,1
14,SET,4447,1
14,SET,4479,1
14,SET,4543,1
14,SET,4607,2
14,SET,4767,1
14,SET,4831,1
14,SET,4927,1
14,SET,4959,1
14,SET,4991,1
14,SET,5119,1
14,SET,5215,1
14,SET,5247,1
14,SET,5343,1
14,SET,5503,1
14,SET,5791,1
14,SET,5855,1
14,SET,5919,2
14,SET,5983,1
14,SET,6111,1
14,SET,6143,1
14,SET,6463,1
14,SET,7135,1
14,SET,7359,1
14,SET,8031,1
15,GET,133,1
15,GET,136,1
15,GET,143,1
15,GET,144,1
15,GET,146,1
15,GET,147,1
15,GET,150,2
15,GET,153,1
15,GET,154,1
15,GET,159,1
15,GET,160,2
15,GET,161,4
15,GET,162,1
15,GET,163,1
15,GET,164,1
15,GET,165,4
15,GET,166,2
15,GET,167,2
15,GET,168,3
15,GET,170,4
15,GET,171,2
15,GET,172,2
15,GET,173,2
15,GET,174,2
15,GET,175,5
15,GET,176,3
15,GET,177,5
15,GET,178,4
15,GET,179,5
15,GET,180,6
15,GET,181,4
15,GET,182,7
15,GET,183,4
15,GET,184,5
15,GET,185,4
15,GET,186,8
15,GET,187,8
15,GET,188,3
15,GET,189,4
15,GET,190,4
15,GET,191,3
15,GET,192,4
15,GET,193,1
15,GET,194,5
15,GET,195,2
15,GET,197,7
15,GET,198,2
15,GET,199,6
15,GET,200,3
15,GET,201,4
15,GET,202,2
15,GET,203,3
15,GET,204,4
15,GET,205,7
15,GET,206,3
15,GET,207,4
15,GET,208,5
15,GET,209,4
15,GET,210,5
15,GET,211,5
15,GET,212,3
15,GET,213,1
15,GET,214,2
15,GET,215,1
15,GET,216,2
15,GET,217,3
15,GET,219,5
15,GET,220,5
15,GET,221,4
15,GET,222,4
15,GET,223,2
15,GET,224,2
15,GET,226,1
15,GET,227,3
15,GET,228,3
15,GET,231,3
15,GET,232,1
15,GET,233,2
15,GET,234,3
15,GET,235,1
15,GET,236,6
15,GET,238,2
15,GET,240,2
15,GET,241,1
15,GET,242,1
15,GET,243,1
15,GET,246,1
15,GET,247,5
15,GET,248,1
15,GET,249,1
15,GET,250,1
15,GET,252,1
15,GET,254,2
15,GET,255,3
15,GET,257,1
15,GET,259,3
15,GET,261,3
15,GET,263,4
15,GET,265,4
15,GET,267,3
15,GET,269,1
15,GET,271,1
15,GET,275,4
15,GET,277,1
15,GET,279,1
15,GET,281,3
15,GET,287,1
15,GET,291,1
15,GET,301,3
15,GET,303,1
15,GET,307,2
15,GET,309,1
15,GET,313,1
15,GET,317,1
15,GET,319,1
15,GET,321,2
15,GET,323,2
15,GET,325,3
15,GET,329,2
15,GET,335,2
15,GET,337,1
15,GET,339,3
15,GET,345,1
15,GET,347,1
15,GET,353,1
15,GET,355,1
15,GET,365,1
15,GET,367,1
15,GET,373,1
15,GET,377,3
15,GET,379,1
15,GET,383,1
15,GET,387,1
15,GET,389,1
15,GET,391,1
15,GET,395,1
15,GET,401,3
15,GET,403,2
15,GET,405,1
15,GET,407,2
15,GET,411,1
15,GET,413,3
15,GET,419,1
15,GET,435,2
15,GET,437,1
15,GET,441,2
15,GET,445,1
15,GET,447,4
15,GET,449,3
15,GET,455,1
15,GET,459,1
15,GET,463,1
15,GET,465,1
15,GET,473,1
15,GET,475,1
15,GET,479,1
15,GET,485,1
15,GET,495,2
15,GET,499,2
15,GET,501,1
15,GET,503,1
15,GET,505,3
15,GET,507,1
15,GET,519,3
15,GET,523,2
15,GET,527,1
15,GET,531,2
15,GET,539,2
15,GET,543,3
15,GET,547,1
15,GET,551,3
15,GET,555,4
15,GET,559,1
15,GET,563,3
15,GET,567,1
15,GET,571,3
15,GET,575,1
15,GET,579,1
15,GET,587,1
15,GET,591,7
15,GET,595,3
15,GET,599,1
15,GET,603,1
15,GET,607,2
15,GET,619,1
15,GET,623,7
15,GET,627,1
15,GET,631,2
15,GET,635,3
15,GET,639,2
15,GET,643,3
15,GET,647,2
15,GET,651,2
15,GET,655,1
15,GET,663,2
15,GET,667,1
15,GET,671,1
15,GET,679,1
15,GET,683,5
15,GET,687,1
15,GET,691,2
15,GET,695,3
15,GET,699,1
15,GET,703,4
15,GET,707,2
15,GET,711,2
15,GET,715,2
15,GET,719,3
15,GET,723,1
15,GET,731,1
15,GET,735,6
15,GET,743,3
15,GET,747,3
15,GET,751,1
15,GET,759,3
15,GET,767,3
15,GET,775,2
15,GET,779,2
15,GET,783,1
15,GET,787,3
15,GET,791,5
15,GET,795,5
15,GET,799,1
15,GET,803,2
15,GET,807,2
15,GET,811,2
15,GET,819,1
15,GET,823,3
15,GET,827,1
15,GET,831,1
15,GET,835,2
15,GET,839,4
15,GET,847,4
15,GET,851,3
15,GET,855,2
15,GET,859,2
15,GET,867,1
15,GET,871,1
15,GET,875,5
15,GET,883,3
15,GET,891,1
15,GET,895,2
15,GET,899,1
15,GET,903,4
15,GET,911,2
15,GET,915,1
15,GET,923,3
15,GET,927,2
15,GET,931,3
15,GET,935,1
15,GET,939,6
15,GET,943,6
15,GET,947,2
15,GET,951,2
15,GET,955,1
15,GET,959,1
15,GET,963,1
15,GET,967,1
15,GET,971,1
15,GET,975,2
15,GET,979,1
15,GET,983,2
15,GET,987,1
15,GET,995,5
15,GET,999,1
15,GET,1003,5
15,GET,1007,2
15,GET,1011,2
15,GET,1015,2
15,GET,1019,1
15,GET,1023,2
15,GET,1031,6
15,GET,1047,1
15,GET,1055,4
15,GET,1063,3
15,GET,1079,3
15,GET,1087,2
15,GET,1095,4
15,GET,1103,2
15,GET,1111,2
15,GET,1119,6
15,GET,1127,3
15,GET,1135,3
15,GET,1143,2
15,GET,1151,1
15,GET,1167,3
15,GET,1175,4
15,GET,1191,2
15,GET,1199,1
15,GET,1207,1
15,GET,1215,1
15,GET,1223,2
15,GET,1231,1
15,GET,1239,3
15,GET,1247,6
15,GET,1255,3
15,GET,1271,2
15,GET,1279,3
15,GET,1287,3
15,GET,1295,5
15,GET,1303,5
15,GET,1311,2
15,GET,1319,1
15,GET,1327,6
15,GET,1335,3
15,GET,1343,5
15,GET,1351,2
15,GET,1359,5
15,GET,1367,9
15,GET,1375,1
15,GET,1383,5
15,GET,1391,3
15,GET,1399,3
15,GET,1407,3
15,GET,1415,4
15,GET,1423,3
15,GET,1431,4
15,GET,1439,3
15,GET,1447,5
15,GET,1455,4
15,GET,1463,2
15,GET,1471,7
15,GET,1479,4
15,GET,1487,2
15,GET,1495,6
15,GET,1503,6
15,GET,1511,5
15,GET,1519,3
15,GET,1527,7
15,GET,1535,4
15,GET,1543,5
15,GET,1551,8
15,GET,1559,1
15,GET,1567,3
15,GET,1575,5
15,GET,1583,7
15,GET,1591,2
15,GET,1599,3
15,GET,1607,5
15,GET,1615,1
15,GET,1623,5
15,GET,1631,1
15,GET,1639,4
15,GET,1647,5
15,GET,1655,2
15,GET,1663,2
15,GET,1671,3
15,GET,1679,3
15,GET,1687,3
15,GET,1695,2
15,GET,1711,2
15,GET,1719,2
15,GET,1727,2
15,GET,1735,2
15,GET,1743,3
15,GET,1751,3
15,GET,1759,3
15,GET,1767,3
15,GET,1775,1
15,GET,1783,4
15,GET,1791,1
15,GET,1799,2
15,GET,1807,4
15,GET,1815,1
15,GET,1823,2
15,GET,1831,4
15,GET,1839,2
15,GET,1847,5
15,GET,1855,1
15,GET,1863,3
15,GET,1871,1
15,GET,1879,2
15,GET,1895,2
15,GET,1903,3
15,GET,1911,1
15,GET,1919,2
15,GET,1935,1
15,GET,1943,3
15,GET,1975,3
15,GET,1991,4
15,GET,1999,2
15,GET,2007,2
15,GET,2015,5
15,GET,2023,5
15,GET,2031,2
15,GET,2039,2
15,GET,2047,2
15,GET,2063,3
15,GET,2079,6
15,GET,2095,9
15,GET,2111,6
15,GET,2127,7
15,GET,2143,6
15,GET,2159,5
15,GET,2175,3
15,GET,2207,2
15,GET,2223,3
15,GET,2239,8
15,GET,2255,5
15,GET,2271,6
15,GET,2287,4
15,GET,2303,3
15,GET,2319,2
15,GET,2335,3
15,GET,2351,4
15,GET,2367,6
15,GET,2383,8
15,GET,2399,4
15,GET,2415,7
15,GET,2431,1
15,GET,2447,9
15,GET,2463,4
15,GET,2479,6
15,GET,2495,2
15,GET,2511,6
15,GET,2527,3
15,GET,2543,6
15,GET,2559,4
15,GET,2575,4
15,GET,2591,3
15,GET,2607,3
15,GET,2623,4
15,GET,2639,8
15,GET,2655,5
15,GET,2671,5
15,GET,2687,1
15,GET,2703,3
15,GET,2719,5
15,GET,2735,6
15,GET,2751,3
15,GET,2767,4
15,GET,2783,8
15,GET,2799,8
15,GET,2815,5
15,GET,2831,6
15,GET,2847,4
15,GET,2863,2
15,GET,2879,4
15,GET,2895,7
15,GET,2911,2
15,GET,2927,8
15,GET,2943,4
15,GET,2959,8
15,GET,2975,3
15,GET,2991,7
15,GET,3007,11
15,GET,3023,2
15,GET,3039,5
15,GET,3055,11
15,GET,3071,10
15,GET,3087,5
15,GET,3103,5
15,GET,3119,4
15,GET,3135,3
15,GET,3151,5
15,GET,3167,4
15,GET,3183,9
15,GET,3199,10
15,GET,3215,8
15,GET,3231,7
15,GET,3247,1
15,GET,3263,7
15,GET,3279,5
15,GET,3295,10
15,GET,3311,9
15,GET,3327,5
15,GET,3343,7
15,GET,3359,5
15,GET,3375,9
15,GET,3391,2
15,GET,3407,5
15,GET,3423,6
15,GET,3439,6
15,GET,3455,7
15,GET,3471,4
15,GET,3487,12
15,GET,3503,10
15,GET,3519,4
15,GET,3535,10
15,GET,3551,11
15,GET,3567,10
15,GET,3583,8
15,GET,3599,4
15,GET,3615,7
15,GET,3631,7
15,GET,3647,5
15,GET,3663,4
15,GET,3679,5
15,GET,3695,5
15,GET,3711,4
15,GET,3727,2
15,GET,3743,6
15,GET,3759,7
15,GET,3775,8
15,GET,3791,5
15,GET,3807,6
15,GET,3823,7
15,GET,3839,4
15,GET,3855,8
15,GET,3871,5
15,GET,3887,5
15,GET,3903,8
15,GET,3919,6
15,GET,3935,2
15,GET,3951,3
15,GET,3967,1
15,GET,3983,2
15,GET,3999,5
15,GET,4015,7
15,GET,4031,6
15,GET,4063,6
15,GET,4079,6
15,GET,4095,3
15,GET,4127,7
15,GET,4159,13
15,GET,4191,5
15,GET,4223,4
15,GET,4255,7
15,GET,4287,14
15,GET,4319,8
15,GET,4351,15
15,GET,4383,10
15,GET,4415,10
15,GET,4447,8
15,GET,4479,11
15,GET,4511,14
15,GET,4543,8
15,GET,4575,13
15,GET,4607,13
15,GET,4639,12
15,GET,4671,7
15,GET,4703,9
15,GET,4735,5
15,GET,4767,8
15,GET,4799,5
15,GET,4831,12
15,GET,4863,5
15,GET,4895,10
15,GET,4927,7
15,GET,4959,6
15,GET,4991,3
15,GET,5023,7
15,GET,5055,5
15,GET,5087,7
15,GET,5119,6
15,GET,5151,4
15,GET,5183,5
15,GET,5215,7
15,GET,5247,8
15,GET,5279,10
15,GET,5311,5
15,GET,5343,5
15,GET,5375,5
15,GET,5407,7
15,GET,5471,4
15,GET,5503,2
15,GET,5535,4
15,GET,5567,2
15,GET,5599,2
15,GET,5631,6
15,GET,5663,6
15,GET,5695,3
15,GET,5727,3
15,GET,5759,2
15,GET,5791,3
15,GET,5823,4
15,GET,5855,1
15,GET,5887,3
15,GET,5919,3
15,GET,5951,1
15,GET,5983,5
15,GET,6015,4
15,GET,6047,4
15,GET,6079,4
15,GET,6111,7
15,GET,6175,3
15,GET,6207,2
15,GET,6239,1
15,GET,6271,4
15,GET,6303,7
15,GET,6335,3
15,GET,6367,4
15,GET,6399,5
15,GET,6431,5
15,GET,6463,2
15,GET,6495,1
15,GET,6527,1
15,GET,6559,2
15,GET,6591,2
15,GET,6719,2
15,GET,6751,1
15,GET,6783,2
15,GET,6815,2
15,GET,6847,2
15,GET,6879,3
15,GET,6911,1
15,GET,6943,2
15,GET,6975,1
15,GET,7007,2
15,GET,7071,1
15,GET,7103,1
15,GET,7135,2
15,GET,7167,2
15,GET,7199,1
15,GET,7231,3
15,GET,7263,1
15,GET,7327,1
15,GET,7359,1
15,GET,7391,1
15,GET,7455,1
15,GET,7487,2
15,GET,7551,3
15,GET,7647,1
15,GET,7679,1
15,GET,7775,1
15,GET,7839,4
15,GET,7871,1
15,GET,7903,2
15,GET,7999,1
15,GET,8031,1
15,GET,8127,1
15,GET,8191,3
15,GET,8255,1
15,GET,8319,1
15,GET,8383,3
15,GET,8447,2
15,GET,8511,2
15,GET,8575,1
15,GET,8639,1
15,GET,8767,1
15,GET,8831,1
15,GET,9023,1
15,GET,10239,1
15,GET,10879,1
15,SET,157,1
15,SET,180,1
15,SET,197,1
15,SET,200,1
15,SET,201,1
15,SET,206,1
15,SET,207,2
15,SET,225,1
15,SET,232,1
15,SET,241,1
15,SET,385,1
15,SET,443,1
15,SET,453,1
15,SET,595,1
15,SET,603,1
15,SET,611,1
15,SET,659,1
15,SET,747,1
15,SET,799,1
15,SET,807,1
15,SET,815,1
15,SET,847,1
15,SET,911,2
15,SET,923,1
15,SET,927,1
15,SET,979,1
15,SET,999,1
15,SET,1003,1
15,SET,1071,1
15,SET,1095,1
15,SET,1199,1
15,SET,1231,1
15,SET,1239,1
15,SET,1263,1
15,SET,1327,1
15,SET,1375,2
15,SET,1399,1
15,SET,1407,2
15,SET,1431,1
15,SET,1495,1
15,SET,1503,1
15,SET,1511,1
15,SET,1519,1
15,SET,1527,1
15,SET,1583,1
15,SET,1615,1
15,SET,1719,1
15,SET,1735,2
15,SET,1751,1
15,SET,1775,1
15,SET,1791,1
15,SET,1831,1
15,SET,1895,1
15,SET,1911,1
15,SET,1919,1
15,SET,1943,1
15,SET,2031,1
15,SET,2047,1
15,SET,2095,1
15,SET,2287,1
15,SET,2351,1
15,SET,2431,3
15,SET,2447,1
15,SET,2479,1
15,SET,2575,1
15,SET,2607,1
15,SET,2639,1
15,SET,2687,1
15,SET,2703,1
15,SET,2815,1
15,SET,2831,1
15,SET,2863,1
15,SET,2991,1
15,SET,3007,1
15,SET,3023,1
15,SET,3087,1
15,SET,3167,1
15,SET,3215,1
15,SET,3231,1
15,SET,3263,2
15,SET,3375,1
15,SET,3391,1
15,SET,3439,1
15,SET,3503,1
15,SET,3567,2
15,SET,3583,1
15,SET,3599,1
15,SET,3663,2
15,SET,3695,1
15,SET,3743,1
15,SET,3759,1
15,SET,3823,1
15,SET,3855,1
15,SET,3887,1
15,SET,3967,1
15,SET,4015,1
15,SET,4031,2
15,SET,4079,1
15,SET,4191,2
15,SET,4287,1
15,SET,4351,1
15,SET,4415,1
15,SET,4479,2
15,SET,4511,1
15,SET,4543,1
15,SET,4607,2
15,SET,4671,1
15,SET,4735,4
15,SET,4767,1
15,SET,4799,2
15,SET,4959,1
15,SET,4991,1
15,SET,5023,1
15,SET,5119,1
15,SET,5183,2
15,SET,5215,1
15,SET,5343,1
15,SET,5407,2
15,SET,5503,1
15,SET,5695,1
15,SET,5823,1
15,SET,5855,1
15,SET,5951,1
15,SET,6015,1
15,SET,6175,1
15,SET,6239,1
15,SET,6271,1
15,SET,6431,2
15,SET,6463,1
15,SET,6943,1
15,SET,7103,1
15,SET,7935,1
15,DEL,146,1
15,DEL,152,1
15,DEL,156,1
15,DEL,157,1
15,DEL,159,2
15,DEL,160,1
15,DEL,166,1
15,DEL,169,1
15,DEL,170,1
15,DEL,171,2
15,DEL,175,1
15,DEL,176,2
15,DEL,179,1
15,DEL,181,2
15,DEL,183,1
15,DEL,184,1
15,DEL,185,2
15,DEL,186,1
15,DEL,187,1
15,DEL,188,4
15,DEL,189,1
15,DEL,190,1
15,DEL,191,1
15,DEL,192,1
15,DEL,193,1
15,DEL,194,3
15,DEL,195,3
15,DEL,196,1
15,DEL,197,2
15,DEL,199,1
15,DEL,200,2
15,DEL,201,2
15,DEL,202,1
15,DEL,204,2
15,DEL,205,2
15,DEL,207,1
15,DEL,209,4
15,DEL,210,1
15,DEL,211,2
15,DEL,212,1
15,DEL,213,1
15,DEL,214,1
15,DEL,216,1
15,DEL,217,1
15,DEL,218,1
15,DEL,219,1
15,DEL,223,2
15,DEL,226,1
15,DEL,227,2
15,DEL,228,1
15,DEL,229,1
15,DEL,230,1
15,DEL,232,2
15,DEL,233,1
15,DEL,236,1
15,DEL,239,3
15,DEL,242,1
15,DEL,243,1
15,DEL,247,1
15,DEL,248,2
15,DEL,249,1
15,DEL,252,1
15,DEL,254,1
15,DEL,257,1
15,DEL,259,1
15,DEL,263,1
15,DEL,267,1
15,DEL,277,2
15,DEL,283,1
15,DEL,287,1
15,DEL,291,1
15,DEL,295,1
15,DEL,307,1
15,DEL,311,1
15,DEL,315,1
15,DEL,317,1
15,DEL,323,1
15,DEL,325,1
15,DEL,347,1
15,DEL,349,1
15,DEL,359,1
15,DEL,363,2
15,DEL,395,2
15,DEL,399,1
15,DEL,407,1
15,DEL,417,1
15,DEL,433,1
15,DEL,445,1
15,DEL,451,1
15,DEL,457,1
15,DEL,465,1
15,DEL,469,1
15,DEL,475,1
15,DEL,487,1
15,DEL,493,1
15,DEL,499,1
15,DEL,503,1
15,DEL,505,1
15,DEL,511,1
15,DEL,527,2
15,DEL,551,1
15,DEL,559,1
15,DEL,563,2
15,DEL,567,1
15,DEL,583,2
15,DEL,587,1
15,DEL,607,1
15,DEL,623,2
15,DEL,647,1
15,DEL,651,2
15,DEL,663,2
15,DEL,695,1
15,DEL,707,1
15,DEL,715,1
15,DEL,719,2
15,DEL,727,2
15,DEL,735,1
15,DEL,739,1
15,DEL,755,1
15,DEL,759,1
15,DEL,767,1
15,DEL,771,1
15,DEL,775,2
15,DEL,787,1
15,DEL,791,3
15,DEL,795,1
15,DEL,799,2
15,DEL,819,1
15,DEL,823,2
15,DEL,835,2
15,DEL,839,1
15,DEL,843,2
15,DEL,851,1
15,DEL,855,1
15,DEL,859,1
15,DEL,863,2
15,DEL,887,1
15,DEL,899,1
15,DEL,907,1
15,DEL,911,1
15,DEL,915,3
15,DEL,919,1
15,DEL,923,1
15,DEL,931,2
15,DEL,943,1
15,DEL,955,2
15,DEL,959,1
15,DEL,967,1
15,DEL,987,1
15,DEL,995,1
15,DEL,999,1
15,DEL,1007,1
15,DEL,1011,1
15,DEL,1031,1
15,DEL,1055,1
15,DEL,1063,2
15,DEL,1071,2
15,DEL,1095,1
15,DEL,1103,2
15,DEL,1119,1
15,DEL,1127,2
15,DEL,1135,3
15,DEL,1151,4
15,DEL,1167,1
15,DEL,1175,1
15,DEL,1215,1
15,DEL,1231,1
15,DEL,1255,4
15,DEL,1263,1
15,DEL,1271,1
15,DEL,1279,3
15,DEL,1287,1
15,DEL,1295,2
15,DEL,1311,2
15,DEL,1327,2
15,DEL,1335,1
15,DEL,1343,2
15,DEL,1375,1
15,DEL,1383,3
15,DEL,1399,1
15,DEL,1423,1
15,DEL,1431,1
15,DEL,1439,1
15,DEL,1447,2
15,DEL,1455,1
15,DEL,1463,2
15,DEL,1471,3
15,DEL,1479,2
15,DEL,1487,1
15,DEL,1503,1
15,DEL,1527,2
15,DEL,1543,1
15,DEL,1551,1
15,DEL,1591,1
15,DEL,1615,1
15,DEL,1639,1
15,DEL,1671,1
15,DEL,1679,1
15,DEL,1687,1
15,DEL,1703,1
15,DEL,1719,2
15,DEL,1791,1
15,DEL,1815,1
15,DEL,1831,1
15,DEL,1839,2
15,DEL,1847,1
15,DEL,1855,2
15,DEL,1863,1
15,DEL,1903,1
15,DEL,1911,1
15,DEL,1943,1
15,DEL,1999,1
15,DEL,2031,1
15,DEL,2079,1
15,DEL,2095,1
15,DEL,2143,1
15,DEL,2175,1
15,DEL,2287,2
15,DEL,2303,1
15,DEL,2319,1
15,DEL,2367,2
15,DEL,2543,2
15,DEL,2575,1
15,DEL,2735,1
15,DEL,2751,1
15,DEL,2767,1
15,DEL,2815,1
15,DEL,2863,1
15,DEL,2911,1
15,DEL,3071,1
15,DEL,3087,1
15,DEL,3183,1
15,DEL,3215,1
15,DEL,3311,1
15,DEL,3343,1
15,DEL,3455,1
15,DEL,3487,1
15,DEL,3503,1
15,DEL,3519,1
15,DEL,3551,1
15,DEL,3583,1
15,DEL,3599,2
15,DEL,3631,1
15,DEL,3695,1
15,DEL,3743,2
15,DEL,3759,2
15,DEL,3775,1
15,DEL,3791,1
15,DEL,3807,2
15,DEL,3855,2
15,DEL,3871,2
15,DEL,3887,1
15,DEL,3951,1
15,DEL,3967,1
15,DEL,3999,1
15,DEL,4031,2
15,DEL,4063,1
15,DEL,4079,1
15,DEL,4095,1
15,DEL,4127,2
15,DEL,4223,2
15,DEL,4255,1
15,DEL,4287,2
15,DEL,4319,2
15,DEL,4351,1
15,DEL,4383,2
15,DEL,4447,1
15,DEL,4479,2
15,DEL,4511,2
15,DEL,4607,1
15,DEL,4639,1
15,DEL,4671,2
15,DEL,4703,1
15,DEL,4735,1
15,DEL,4767,1
15,DEL,4799,1
15,DEL,4863,1
15,DEL,4895,1
15,DEL,4927,2
15,DEL,4959,2
15,DEL,5023,1
15,DEL,5055,3
15,DEL,5119,1
15,DEL,5183,2
15,DEL,5247,2
15,DEL,5279,2
15,DEL,5343,1
15,DEL,5375,2
15,DEL,5439,1
15,DEL,5471,1
15,DEL,5503,1
15,DEL,5535,2
15,DEL,5631,4
15,DEL,5663,2
15,DEL,5727,1
15,DEL,5791,1
15,DEL,5823,1
15,DEL,5855,2
15,DEL,5951,2
15,DEL,5983,1
15,DEL,6079,1
15,DEL,6111,1
15,DEL,6175,2
15,DEL,6239,1
15,DEL,6335,2
15,DEL,6399,1
15,DEL,6431,1
15,DEL,6463,1
15,DEL,6495,1
15,DEL,6591,1
15,DEL,6623,1
15,DEL,6655,1
15,DEL,6719,1
15,DEL,6751,2
15,DEL,6783,1
15,DEL,6815,2
15,DEL,6879,2
15,DEL,6943,2
15,DEL,6975,1
15,DEL,7007,1
15,DEL,7039,1
15,DEL,7103,1
15,DEL,7135,2
15,DEL,7167,1
15,DEL,7199,1
15,DEL,7231,1
15,DEL,7295,1
15,DEL,7359,1
15,DEL,7391,2
15,DEL,7423,1
15,DEL,7519,1
15,DEL,7551,2
15,DEL,7679,1
15,DEL,7871,2
15,DEL,7967,2
15,DEL,7999,1
15,DEL,8255,1
15,DEL,8319,1
15,DEL,8383,1
15,DEL,8447,2
15,DEL,8767,1
15,DEL,8895,2
15,DEL,8959,1
15,DEL,9023,1
15,DEL,9151,1
15,DEL,9343,3
15,DEL,9407,2
15,DEL,9535,1
15,DEL,9727,1
15,DEL,9791,1
15,DEL,10175,1
15,DEL,10367,1
15,DEL,10687,1
15,DEL,10815,1
15,DEL,11135,1
15,DEL,11519,1
15,DEL,12223,1
15,DEL,12287,1
15,DEL,13439,1
15,DEL,13631,1
15,DEL,46591,1
15,DEL,48127,1
15,DEL,51967,1
15,DEL,52991,2
15,DEL,53247,1
15,DEL,54271,1
15,DEL,54783,1
15,DEL,55551,3
15,DEL,56063,1
15,DEL,56319,1
15,DEL,57087,1
15,DEL,57855,1
15,DEL,58111,1
15,DEL,58367,1
15,DEL,58623,2
15,DEL,58879,1
15,DEL,59135,2
15,DEL,59391,2
15,DEL,59647,3
15,DEL,59903,2
15,DEL,60159,1
15,DEL,60415,1
15,DEL,60671,2
15,DEL,60927,3
15,DEL,61183,3
15,DEL,61439,2
15,DEL,61695,2
15,DEL,61951,2
15,DEL,62207,3
15,DEL,62463,4
15,DEL,62719,3
15,DEL,63231,3
15,DEL,63487,2
15,DEL,63743,2
15,DEL,63999,2
15,DEL,64511,1
15,DEL,64767,5
15,DEL,65023,8
15,DEL,65279,5
15,DEL,65535,3
15,DEL,66047,5
15,DEL,66559,1
15,DEL,67071,13
15,DEL,67583,10
15,DEL,68095,12
15,DEL,68607,5
15,DEL,69119,6
15,DEL,69631,10
15,DEL,70143,14
15,DEL,70655,8
15,DEL,71167,8
15,DEL,71679,4
15,DEL,72191,10
15,DEL,72703,7
15,DEL,73215,3
15,DEL,73727,7
15,DEL,74239,17
15,DEL,74751,2
15,DEL,75263,6
15,DEL,75775,5
15,DEL,76287,3
15,DEL,76799,3
15,DEL,77311,4
15,DEL,77823,2
15,DEL,78335,3
15,DEL,78847,3
15,DEL,79359,2
15,DEL,79871,1
15,DEL,80383,2
15,DEL,80895,1
15,DEL,81407,1
15,DEL,83455,1
15,DEL,83967,1
15,DEL,84479,1
15,DEL,85503,1
15,DEL,91647,1
16,GET,111,1
16,GET,136,1
16,GET,138,1
16,GET,140,2
16,GET,143,1
16,GET,145,1
16,GET,147,2
16,GET,148,1
16,GET,152,1
16,GET,154,3
16,GET,156,1
16,GET,157,2
16,GET,158,1
16,GET,159,5
16,GET,160,1
16,GET,161,2
16,GET,162,3
16,GET,163,3
16,GET,164,2
16,GET,165,1
16,GET,166,2
16,GET,168,1
16,GET,169,1
16,GET,170,3
16,GET,171,3
16,GET,172,5
16,GET,173,5
16,GET,174,5
16,GET,175,3
16,GET,176,4
16,GET,177,3
16,GET,178,5
16,GET,179,6
16,GET,180,4
16,GET,181,5
16,GET,182,3
16,GET,183,2
16,GET,184,4
16,GET,185,3
16,GET,186,4
16,GET,187,3
16,GET,188,6
16,GET,189,2
16,GET,190,6
16,GET,191,4
16,GET,192,7
16,GET,193,2
16,GET,194,4
16,GET,195,2
16,GET,196,3
16,GET,197,1
16,GET,198,5
16,GET,199,2
16,GET,200,3
16,GET,201,4
16,GET,202,8
16,GET,203,8
16,GET,204,3
16,GET,205,3
16,GET,206,6
16,GET,207,4
16,GET,208,6
16,GET,209,3
16,GET,210,3
16,GET,211,4
16,GET,212,1
16,GET,213,4
16,GET,214,1
16,GET,215,3
16,GET,216,5
16,GET,217,3
16,GET,218,1
16,GET,219,2
16,GET,220,3
16,GET,221,2
16,GET,222,3
16,GET,223,1
16,GET,224,5
16,GET,225,1
16,GET,226,1
16,GET,227,2
16,GET,228,4
16,GET,229,2
16,GET,230,3
16,GET,232,4
16,GET,234,2
16,GET,238,1
16,GET,239,1
16,GET,242,1
16,GET,243,1
16,GET,244,2
16,GET,249,2
16,GET,251,1
16,GET,252,1
16,GET,255,2
16,GET,259,1
16,GET,261,1
16,GET,263,2
16,GET,265,2
16,GET,267,3
16,GET,269,3
16,GET,271,3
16,GET,279,1
16,GET,281,2
16,GET,283,2
16,GET,287,1
16,GET,289,1
16,GET,291,2
16,GET,293,1
16,GET,295,2
16,GET,297,1
16,GET,299,2
16,GET,301,1
16,GET,303,1
16,GET,305,1
16,GET,307,1
16,GET,311,1
16,GET,315,1
16,GET,317,1
16,GET,319,1
16,GET,321,2
16,GET,323,1
16,GET,325,1
16,GET,327,1
16,GET,329,2
16,GET,333,1
16,GET,335,3
16,GET,337,1
16,GET,339,1
16,GET,341,2
16,GET,343,2
16,GET,347,2
16,GET,359,2
16,GET,361,1
16,GET,363,1
16,GET,365,2
16,GET,369,2
16,GET,373,1
16,GET,375,1
16,GET,377,1
16,GET,379,1
16,GET,381,2
16,GET,385,1
16,GET,389,1
16,GET,393,1
16,GET,395,1
16,GET,399,2
16,GET,403,1
16,GET,405,1
16,GET,407,1
16,GET,411,2
16,GET,415,1
16,GET,419,1
16,GET,421,1
16,GET,423,2
16,GET,429,1
16,GET,435,2
16,GET,439,1
16,GET,441,1
16,GET,445,1
16,GET,449,1
16,GET,471,1
16,GET,473,2
16,GET,475,1
16,GET,477,1
16,GET,479,1
16,GET,485,1
16,GET,489,2
16,GET,491,1
16,GET,499,1
16,GET,501,2
16,GET,507,2
16,GET,509,3
16,GET,511,1
16,GET,515,2
16,GET,519,2
16,GET,523,2
16,GET,531,2
16,GET,535,1
16,GET,551,2
16,GET,575,5
16,GET,583,2
16,GET,587,1
16,GET,591,4
16,GET,599,1
16,GET,603,3
16,GET,607,3
16,GET,611,2
16,GET,615,2
16,GET,619,1
16,GET,623,1
16,GET,627,3
16,GET,635,3
16,GET,639,3
16,GET,643,1
16,GET,647,3
16,GET,659,3
16,GET,663,5
16,GET,667,2
16,GET,671,1
16,GET,675,1
16,GET,691,2
16,GET,699,2
16,GET,703,2
16,GET,707,1
16,GET,711,1
16,GET,715,1
16,GET,719,1
16,GET,723,2
16,GET,727,2
16,GET,731,3
16,GET,735,4
16,GET,739,3
16,GET,743,2
16,GET,747,7
16,GET,751,1
16,GET,755,4
16,GET,759,3
16,GET,763,2
16,GET,767,1
16,GET,779,2
16,GET,783,4
16,GET,787,1
16,GET,791,3
16,GET,795,2
16,GET,799,3
16,GET,803,1
16,GET,807,2
16,GET,811,1
16,GET,815,5
16,GET,823,6
16,GET,831,1
16,GET,835,1
16,GET,839,2
16,GET,843,4
16,GET,851,2
16,GET,855,1
16,GET,859,1
16,GET,863,1
16,GET,867,2
16,GET,871,1
16,GET,875,1
16,GET,883,3
16,GET,887,3
16,GET,891,2
16,GET,895,1
16,GET,899,3
16,GET,903,1
16,GET,907,2
16,GET,911,2
16,GET,915,3
16,GET,919,2
16,GET,923,2
16,GET,927,1
16,GET,931,2
16,GET,943,1
16,GET,947,1
16,GET,955,2
16,GET,959,1
16,GET,963,2
16,GET,967,3
16,GET,975,1
16,GET,979,1
16,GET,983,2
16,GET,987,3
16,GET,991,1
16,GET,995,1
16,GET,1003,1
16,GET,1007,2
16,GET,1011,1
16,GET,1015,1
16,GET,1019,2
16,GET,1031,4
16,GET,1039,5
16,GET,1047,5
16,GET,1055,2
16,GET,1071,2
16,GET,1079,2
16,GET,1087,1
16,GET,1095,2
16,GET,1103,1
16,GET,1111,2
16,GET,1119,3
16,GET,1127,5
16,GET,1135,3
16,GET,1143,2
16,GET,1159,1
16,GET,1175,2
16,GET,1183,3
16,GET,1191,3
16,GET,1199,1
16,GET,1207,2
16,GET,1215,2
16,GET,1223,2
16,GET,1231,2
16,GET,1239,3
16,GET,1247,2
16,GET,1255,1
16,GET,1263,4
16,GET,1271,6
16,GET,1279,2
16,GET,1287,4
16,GET,1295,3
16,GET,1303,1
16,GET,1311,2
16,GET,1319,3
16,GET,1327,4
16,GET,1335,3
16,GET,1343,4
16,GET,1351,6
16,GET,1359,8
16,GET,1367,2
16,GET,1375,1
16,GET,1383,4
16,GET,1391,4
16,GET,1399,7
16,GET,1407,6
16,GET,1415,4
16,GET,1423,4
16,GET,1431,2
16,GET,1439,8
16,GET,1447,4
16,GET,1455,4
16,GET,1463,7
16,GET,1471,5
16,GET,1479,5
16,GET,1487,4
16,GET,1495,3
16,GET,1503,4
16,GET,1511,2
16,GET,1519,6
16,GET,1527,5
16,GET,1535,5
16,GET,1543,6
16,GET,1551,4
16,GET,1559,5
16,GET,1567,2
16,GET,1575,3
16,GET,1583,4
16,GET,1591,8
16,GET,1599,3
16,GET,1607,2
16,GET,1615,7
16,GET,1623,1
16,GET,1631,3
16,GET,1639,4
16,GET,1647,5
16,GET,1655,8
16,GET,1663,6
16,GET,1671,6
16,GET,1679,3
16,GET,1687,2
16,GET,1695,4
16,GET,1703,6
16,GET,1711,2
16,GET,1719,5
16,GET,1727,1
16,GET,1735,3
16,GET,1743,4
16,GET,1751,2
16,GET,1759,3
16,GET,1767,3
16,GET,1775,1
16,GET,1783,5
16,GET,1791,2
16,GET,1807,3
16,GET,1815,2
16,GET,1823,4
16,GET,1831,1
16,GET,1839,3
16,GET,1847,3
16,GET,1855,2
16,GET,1863,1
16,GET,1871,2
16,GET,1879,5
16,GET,1887,4
16,GET,1895,2
16,GET,1903,2
16,GET,1911,3
16,GET,1919,3
16,GET,1927,1
16,GET,1935,3
16,GET,1943,4
16,GET,1951,2
16,GET,1967,3
16,GET,1975,1
16,GET,1983,6
16,GET,1991,1
16,GET,1999,1
16,GET,2007,1
16,GET,2015,2
16,GET,2023,2
16,GET,2031,3
16,GET,2039,2
16,GET,2063,5
16,GET,2079,3
16,GET,2095,9
16,GET,2111,5
16,GET,2127,8
16,GET,2143,3
16,GET,2159,5
16,GET,2175,6
16,GET,2191,5
16,GET,2207,6
16,GET,2223,6
16,GET,2239,4
16,GET,2255,9
16,GET,2271,1
16,GET,2287,6
16,GET,2303,3
16,GET,2319,11
16,GET,2335,2
16,GET,2351,3
16,GET,2367,5
16,GET,2383,4
16,GET,2399,5
16,GET,2415,4
16,GET,2431,6
16,GET,2447,4
16,GET,2463,6
16,GET,2479,5
16,GET,2495,3
16,GET,2511,6
16,GET,2527,5
16,GET,2543,5
16,GET,2559,5
16,GET,2575,6
16,GET,2591,7
16,GET,2607,3
16,GET,2623,9
16,GET,2639,4
16,GET,2655,4
16,GET,2671,3
16,GET,2687,6
16,GET,2703,3
16,GET,2719,5
16,GET,2735,4
16,GET,2751,5
16,GET,2767,4
16,GET,2783,6
16,GET,2799,6
16,GET,2815,1
16,GET,2831,2
16,GET,2847,6
16,GET,2863,4
16,GET,2879,6
16,GET,2895,8
16,GET,2911,5
16,GET,2927,5
16,GET,2943,5
16,GET,2959,2
16,GET,2975,4
16,GET,2991,9
16,GET,3007,9
16,GET,3023,7
16,GET,3039,5
16,GET,3055,7
16,GET,3071,6
16,GET,3087,5
16,GET,3103,5
16,GET,3119,4
16,GET,3135,6
16,GET,3151,7
16,GET,3167,9
16,GET,3183,7
16,GET,3199,6
16,GET,3215,2
16,GET,3231,6
16,GET,3247,3
16,GET,3263,9
16,GET,3279,8
16,GET,3295,10
16,GET,3311,5
16,GET,3327,5
16,GET,3343,6
16,GET,3359,4
16,GET,3375,3
16,GET,3391,6
16,GET,3407,8
16,GET,3423,7
16,GET,3439,7
16,GET,3455,7
16,GET,3471,4
16,GET,3487,11
16,GET,3503,6
16,GET,3519,5
16,GET,3535,3
16,GET,3551,6
16,GET,3567,3
16,GET,3583,6
16,GET,3599,7
16,GET,3615,7
16,GET,3631,8
16,GET,3647,4
16,GET,3663,6
16,GET,3679,7
16,GET,3695,2
16,GET,3711,3
16,GET,3727,6
16,GET,3743,8
16,GET,3759,6
16,GET,3775,8
16,GET,3791,3
16,GET,3807,9
16,GET,3823,4
16,GET,3839,7
16,GET,3855,6
16,GET,3871,6
16,GET,3887,6
16,GET,3903,4
16,GET,3919,6
16,GET,3935,2
16,GET,3951,3
16,GET,3967,4
16,GET,3983,7
16,GET,3999,13
16,GET,4015,3
16,GET,4031,6
16,GET,4047,6
16,GET,4063,3
16,GET,4079,3
16,GET,4127,12
16,GET,4159,8
16,GET,4191,15
16,GET,4223,10
16,GET,4255,9
16,GET,4287,12
16,GET,4319,11
16,GET,4351,10
16,GET,4383,4
16,GET,4415,11
16,GET,4447,10
16,GET,4479,4
16,GET,4511,10
16,GET,4543,13
16,GET,4575,6
16,GET,4607,7
16,GET,4639,6
16,GET,4671,6
16,GET,4703,7
16,GET,4735,4
16,GET,4767,6
16,GET,4799,3
16,GET,4831,7
16,GET,4863,10
16,GET,4895,4
16,GET,4927,4
16,GET,4959,6
16,GET,4991,5
16,GET,5023,8
16,GET,5055,7
16,GET,5087,7
16,GET,5119,8
16,GET,5151,7
16,GET,5183,2
16,GET,5215,7
16,GET,5247,5
16,GET,5279,7
16,GET,5311,6
16,GET,5343,3
16,GET,5375,5
16,GET,5407,8
16,GET,5439,4
16,GET,5471,8
16,GET,5503,3
16,GET,5535,5
16,GET,5567,5
16,GET,5599,7
16,GET,5631,5
16,GET,5663,3
16,GET,5695,5
16,GET,5727,4
16,GET,5759,2
16,GET,5791,6
16,GET,5823,3
16,GET,5855,5
16,GET,5887,4
16,GET,5919,5
16,GET,5951,3
16,GET,5983,6
16,GET,6015,2
16,GET,6047,2
16,GET,6079,3
16,GET,6111,3
16,GET,6143,5
16,GET,6175,3
16,GET,6239,2
16,GET,6271,2
16,GET,6303,1
16,GET,6335,1
16,GET,6367,2
16,GET,6399,1
16,GET,6431,2
16,GET,6463,3
16,GET,6495,2
16,GET,6527,1
16,GET,6559,3
16,GET,6623,2
16,GET,6655,3
16,GET,6687,2
16,GET,6719,3
16,GET,6751,3
16,GET,6815,2
16,GET,6879,3
16,GET,6943,2
16,GET,6975,2
16,GET,7007,1
16,GET,7039,2
16,GET,7103,2
16,GET,7199,2
16,GET,7231,3
16,GET,7295,2
16,GET,7519,1
16,GET,7615,1
16,GET,7679,1
16,GET,7743,1
16,GET,8095,1
16,GET,8319,1
16,GET,8447,1
16,GET,8575,2
16,GET,8639,1
16,GET,8703,1
16,GET,8959,1
16,GET,9023,1
16,GET,9407,1
16,GET,9663,1
16,GET,9727,1
16,GET,10623,1
16,GET,11327,1
16,GET,12351,1
16,DEL,104,1
16,DEL,131,1
16,DEL,149,1
16,DEL,150,1
16,DEL,152,1
16,DEL,156,2
16,DEL,157,1
16,DEL,159,2
16,DEL,160,1
16,DEL,163,1
16,DEL,167,1
16,DEL,169,1
16,DEL,170,1
16,DEL,171,1
16,DEL,172,2
16,DEL,175,3
16,DEL,176,1
16,DEL,177,1
16,DEL,178,2
16,DEL,180,1
16,DEL,182,1
16,DEL,183,3
16,DEL,186,2
16,DEL,187,1
16,DEL,188,1
16,DEL,189,2
16,DEL,191,1
16,DEL,192,3
16,DEL,194,3
16,DEL,195,1
16,DEL,197,1
16,DEL,198,1
16,DEL,199,1
16,DEL,200,1
16,DEL,201,2
16,DEL,204,2
16,DEL,205,1
16,DEL,206,1
16,DEL,207,3
16,DEL,208,2
16,DEL,209,3
16,DEL,210,1
16,DEL,211,3
16,DEL,212,1
16,DEL,213,2
16,DEL,215,1
16,DEL,216,1
16,DEL,217,1
16,DEL,220,2
16,DEL,221,3
16,DEL,222,4
16,DEL,225,2
16,DEL,228,1
16,DEL,230,2
16,DEL,231,1
16,DEL,232,1
16,DEL,233,2
16,DEL,234,2
16,DEL,236,1
16,DEL,237,1
16,DEL,240,2
16,DEL,242,1
16,DEL,244,1
16,DEL,246,1
16,DEL,247,1
16,DEL,259,1
16,DEL,263,1
16,DEL,283,2
16,DEL,287,1
16,DEL,313,1
16,DEL,315,1
16,DEL,333,1
16,DEL,335,1
16,DEL,337,1
16,DEL,341,1
16,DEL,365,1
16,DEL,369,1
16,DEL,371,1
16,DEL,373,1
16,DEL,423,1
16,DEL,435,1
16,DEL,437,1
16,DEL,443,1
16,DEL,449,1
16,DEL,455,1
16,DEL,485,1
16,DEL,491,1
16,DEL,495,2
16,DEL,499,1
16,DEL,501,1
16,DEL,503,1
16,DEL,505,1
16,DEL,527,1
16,DEL,535,2
16,DEL,555,2
16,DEL,559,1
16,DEL,571,1
16,DEL,575,1
16,DEL,583,1
16,DEL,595,1
16,DEL,607,1
16,DEL,611,1
16,DEL,615,1
16,DEL,627,1
16,DEL,631,1
16,DEL,635,2
16,DEL,639,2
16,DEL,643,2
16,DEL,647,2
16,DEL,651,1
16,DEL,659,1
16,DEL,667,1
16,DEL,679,3
16,DEL,683,2
16,DEL,687,2
16,DEL,703,1
16,DEL,711,2
16,DEL,719,1
16,DEL,723,1
16,DEL,727,1
16,DEL,731,2
16,DEL,735,1
16,DEL,739,1
16,DEL,743,1
16,DEL,747,1
16,DEL,759,1
16,DEL,763,1
16,DEL,775,2
16,DEL,783,1
16,DEL,787,2
16,DEL,791,1
16,DEL,795,1
16,DEL,803,1
16,DEL,807,2
16,DEL,811,1
16,DEL,819,1
16,DEL,831,2
16,DEL,835,1
16,DEL,863,1
16,DEL,871,2
16,DEL,879,1
16,DEL,883,1
16,DEL,887,1
16,DEL,899,1
16,DEL,907,1
16,DEL,919,2
16,DEL,923,1
16,DEL,939,1
16,DEL,987,2
16,DEL,991,2
16,DEL,995,1
16,DEL,999,1
16,DEL,1007,2
16,DEL,1011,1
16,DEL,1019,1
16,DEL,1023,1
16,DEL,1039,2
16,DEL,1047,2
16,DEL,1055,1
16,DEL,1071,1
16,DEL,1079,2
16,DEL,1087,2
16,DEL,1111,1
16,DEL,1119,3
16,DEL,1127,2
16,DEL,1135,1
16,DEL,1143,1
16,DEL,1151,1
16,DEL,1167,3
16,DEL,1175,1
16,DEL,1191,1
16,DEL,1199,1
16,DEL,1223,1
16,DEL,1247,1
16,DEL,1279,1
16,DEL,1295,1
16,DEL,1327,1
16,DEL,1335,1
16,DEL,1351,1
16,DEL,1367,1
16,DEL,1399,1
16,DEL,1439,2
16,DEL,1455,4
16,DEL,1471,1
16,DEL,1479,2
16,DEL,1487,1
16,DEL,1495,1
16,DEL,1527,1
16,DEL,1551,1
16,DEL,1583,2
16,DEL,1591,1
16,DEL,1607,2
16,DEL,1647,1
16,DEL,1679,1
16,DEL,1687,1
16,DEL,1743,1
16,DEL,1751,1
16,DEL,1831,1
16,DEL,1935,1
16,DEL,1951,1
16,DEL,1959,1
16,DEL,1999,1
16,DEL,2015,1
16,DEL,2023,1
16,DEL,2047,1
16,DEL,2063,2
16,DEL,2095,1
16,DEL,2159,1
16,DEL,2175,2
16,DEL,2223,1
16,DEL,2255,1
16,DEL,2287,2
16,DEL,2367,2
16,DEL,2383,1
16,DEL,2415,5
16,DEL,2447,2
16,DEL,2495,1
16,DEL,2527,1
16,DEL,2559,1
16,DEL,2575,2
16,DEL,2607,1
16,DEL,2751,2
16,DEL,2847,1
16,DEL,2895,1
16,DEL,2911,1
16,DEL,2943,1
16,DEL,2975,1
16,DEL,2991,1
16,DEL,3023,1
16,DEL,3039,1
16,DEL,3087,1
16,DEL,3119,1
16,DEL,3135,1
16,DEL,3151,1
16,DEL,3247,1
16,DEL,3311,1
16,DEL,3343,1
16,DEL,3391,2
16,DEL,3423,1
16,DEL,3439,1
16,DEL,3455,1
16,DEL,3503,1
16,DEL,3551,1
16,DEL,3583,2
16,DEL,3631,1
16,DEL,3647,1
16,DEL,3679,2
16,DEL,3711,1
16,DEL,3743,2
16,DEL,3775,1
16,DEL,3839,1
16,DEL,3951,1
16,DEL,3967,1
16,DEL,3983,3
16,DEL,3999,1
16,DEL,4015,1
16,DEL,4031,4
16,DEL,4047,1
16,DEL,4063,1
16,DEL,4079,1
16,DEL,4095,2
16,DEL,4127,1
16,DEL,4159,2
16,DEL,4319,1
16,DEL,4415,1
16,DEL,4447,3
16,DEL,4479,3
16,DEL,4543,2
16,DEL,4575,3
16,DEL,4639,1
16,DEL,4671,4
16,DEL,4703,1
16,DEL,4767,1
16,DEL,4799,1
16,DEL,4863,1
16,DEL,4895,2
16,DEL,4927,1
16,DEL,4959,2
16,DEL,4991,1
16,DEL,5023,1
16,DEL,5055,1
16,DEL,5087,2
16,DEL,5151,1
16,DEL,5183,2
16,DEL,5215,3
16,DEL,5247,3
16,DEL,5311,3
16,DEL,5343,3
16,DEL,5375,2
16,DEL,5407,2
16,DEL,5471,1
16,DEL,5503,1
16,DEL,5567,1
16,DEL,5599,2
16,DEL,5631,2
16,DEL,5663,1
16,DEL,5695,1
16,DEL,5759,1
16,DEL,5791,2
16,DEL,5823,1
16,DEL,5951,1
16,DEL,6079,2
16,DEL,6111,1
16,DEL,6143,3
16,DEL,6175,1
16,DEL,6207,1
16,DEL,6239,1
16,DEL,6271,1
16,DEL,6303,2
16,DEL,6335,2
16,DEL,6367,1
16,DEL,6399,1
16,DEL,6463,2
16,DEL,6559,4
16,DEL,6623,2
16,DEL,6719,1
16,DEL,6751,2
16,DEL,6783,1
16,DEL,6815,1
16,DEL,6879,1
16,DEL,6911,1
16,DEL,6975,2
16,DEL,7039,1
16,DEL,7071,1
16,DEL,7103,1
16,DEL,7135,1
16,DEL,7167,1
16,DEL,7199,1
16,DEL,7231,2
16,DEL,7263,1
16,DEL,7295,2
16,DEL,7327,1
16,DEL,7391,1
16,DEL,7455,1
16,DEL,7551,1
16,DEL,7647,2
16,DEL,7807,3
16,DEL,7839,1
16,DEL,7935,2
16,DEL,7967,1
16,DEL,8063,1
16,DEL,8127,1
16,DEL,8255,2
16,DEL,8319,1
16,DEL,8383,1
16,DEL,8447,2
16,DEL,8511,4
16,DEL,8575,1
16,DEL,8831,1
16,DEL,8959,2
16,DEL,9279,1
16,DEL,9727,1
16,DEL,10047,2
16,DEL,10367,1
16,DEL,11903,1
16,DEL,12479,1
16,DEL,21503,1
16,DEL,22271,1
16,DEL,24191,1
16,DEL,24575,1
16,DEL,24959,1
16,DEL,25215,1
16,DEL,25855,1
16,DEL,26751,1
16,DEL,27519,1
16,DEL,28415,1
16,DEL,28927,1
16,DEL,34303,1
16,DEL,38399,2
16,DEL,41727,1
16,DEL,42751,1
16,DEL,43007,1
16,DEL,43263,1
16,DEL,43775,1
16,DEL,45567,1
16,DEL,46335,1
16,DEL,47871,1
16,DEL,49919,2
16,DEL,50687,2
16,DEL,51967,1
16,DEL,52223,1
16,DEL,52479,1
16,DEL,54271,1
16,DEL,56575,2
16,DEL,57599,1
16,DEL,57855,1
16,DEL,58111,1
16,DEL,58623,1
16,DEL,59135,1
16,DEL,59647,2
16,DEL,60159,1
16,DEL,60415,3
16,DEL,60671,2
16,DEL,61183,2
16,DEL,61439,2
16,DEL,61695,4
16,DEL,62207,2
16,DEL,62463,1
16,DEL,62719,2
16,DEL,62975,5
16,DEL,63231,2
16,DEL,63743,7
16,DEL,63999,4
16,DEL,64255,4
16,DEL,64511,5
16,DEL,64767,3
16,DEL,65023,4
16,DEL,65279,5
16,DEL,65535,4
16,DEL,66047,12
16,DEL,66559,9
16,DEL,67071,12
16,DEL,67583,6
16,DEL,68095,8
16,DEL,68607,6
16,DEL,69119,11
16,DEL,69631,12
16,DEL,70143,11
16,DEL,70655,8
16,DEL,71167,11
16,DEL,71679,9
16,DEL,72191,9
16,DEL,72703,7
16,DEL,73215,2
16,DEL,73727,9
16,DEL,74239,5
16,DEL,74751,5
16,DEL,75263,3
16,DEL,75775,6
16,DEL,76287,6
16,DEL,76799,6
16,DEL,77311,3
16,DEL,77823,2
16,DEL,78335,3
16,DEL,78847,2
16,DEL,79359,2
16,DEL,79871,2
16,DEL,80383,1
16,DEL,80895,2
16,DEL,81407,3
16,DEL,81919,1
16,DEL,85503,1
16,DEL,89087,1
16,DEL,90623,1
16,DEL,98303,1
16,SET,174,1
16,SET,176,1
16,SET,185,1
16,SET,192,2
16,SET,206,1
16,SET,210,1
16,SET,211,1
16,SET,218,1
16,SET,226,1
16,SET,232,1
16,SET,248,1
16,SET,259,1
16,SET,273,1
16,SET,309,1
16,SET,325,1
16,SET,339,1
16,SET,409,1
16,SET,449,1
16,SET,483,1
16,SET,487,1
16,SET,555,1
16,SET,591,1
16,SET,643,1
16,SET,671,1
16,SET,699,1
16,SET,727,2
16,SET,763,1
16,SET,775,1
16,SET,831,1
16,SET,847,1
16,SET,939,1
16,SET,951,1
16,SET,959,1
16,SET,1003,1
16,SET,1015,1
16,SET,1031,1
16,SET,1039,1
16,SET,1159,1
16,SET,1183,1
16,SET,1215,1
16,SET,1255,1
16,SET,1295,1
16,SET,1311,1
16,SET,1327,1
16,SET,1335,1
16,SET,1343,1
16,SET,1439,1
16,SET,1471,1
16,SET,1511,1
16,SET,1535,1
16,SET,1599,1
16,SET,1639,1
16,SET,1679,1
16,SET,1703,1
16,SET,1759,1
16,SET,1823,2
16,SET,1871,1
16,SET,1919,1
16,SET,2079,1
16,SET,2127,1
16,SET,2159,1
16,SET,2175,1
16,SET,2207,1
16,SET,2255,1
16,SET,2303,1
16,SET,2399,1
16,SET,2415,1
16,SET,2431,3
16,SET,2495,1
16,SET,2543,1
16,SET,2559,1
16,SET,2607,1
16,SET,2623,1
16,SET,2655,1
16,SET,2671,1
16,SET,2687,1
16,SET,2703,1
16,SET,2767,1
16,SET,2783,2
16,SET,2799,1
16,SET,2815,1
16,SET,2831,1
16,SET,2879,1
16,SET,2943,1
16,SET,2959,2
16,SET,2975,1
16,SET,2991,1
16,SET,3007,1
16,SET,3071,1
16,SET,3087,1
16,SET,3119,1
16,SET,3135,1
16,SET,3167,1
16,SET,3215,1
16,SET,3231,1
16,SET,3279,3
16,SET,3295,2
16,SET,3327,1
16,SET,3375,1
16,SET,3391,2
16,SET,3519,1
16,SET,3599,1
16,SET,3615,2
16,SET,3647,2
16,SET,3663,1
16,SET,3727,1
16,SET,3743,1
16,SET,3759,1
16,SET,3791,1
16,SET,3839,1
16,SET,3903,2
16,SET,3999,1
16,SET,4031,1
16,SET,4191,1
16,SET,4223,1
16,SET,4287,1
16,SET,4319,1
16,SET,4415,1
16,SET,4479,1
16,SET,4511,1
16,SET,4671,2
16,SET,4703,2
16,SET,4735,1
16,SET,4799,2
16,SET,4831,1
16,SET,5023,2
16,SET,5087,1
16,SET,5215,1
16,SET,5311,1
16,SET,5471,2
16,SET,5567,1
16,SET,5599,1
16,SET,5631,1
16,SET,5695,1
16,SET,5855,1
16,SET,6111,1
16,SET,6175,1
16,SET,6303,1
16,SET,6975,1
16,SET,7391,1
16,SET,7583,1
16,SET,7647,1
16,SET,7679,1
17,DEL,134,1
17,DEL,144,2
17,DEL,148,1
17,DEL,151,1
17,DEL,156,1
17,DEL,157,1
17,DEL,158,1
17,DEL,167,2
17,DEL,168,1
17,DEL,169,1
17,DEL,170,2
17,DEL,175,1
17,DEL,176,1
17,DEL,178,1
17,DEL,179,1
17,DEL,180,1
17,DEL,181,1
17,DEL,184,1
17,DEL,185,3
17,DEL,187,1
17,DEL,188,1
17,DEL,189,2
17,DEL,190,4
17,DEL,191,1
17,DEL,192,1
17,DEL,193,1
17,DEL,194,1
17,DEL,195,1
17,DEL,196,2
17,DEL,197,2
17,DEL,198,1
17,DEL,199,2
17,DEL,200,3
17,DEL,202,1
17,DEL,203,2
17,DEL,205,1
17,DEL,206,2
17,DEL,208,2
17,DEL,209,2
17,DEL,210,1
17,DEL,211,2
17,DEL,216,1
17,DEL,217,1
17,DEL,218,2
17,DEL,219,4
17,DEL,220,3
17,DEL,221,1
17,DEL,224,1
17,DEL,225,3
17,DEL,227,1
17,DEL,231,1
17,DEL,232,1
17,DEL,233,1
17,DEL,240,1
17,DEL,246,2
17,DEL,250,1
17,DEL,252,1
17,DEL,253,1
17,DEL,259,1
17,DEL,261,3
17,DEL,267,2
17,DEL,273,1
17,DEL,277,1
17,DEL,281,1
17,DEL,283,1
17,DEL,285,1
17,DEL,291,1
17,DEL,297,1
17,DEL,301,1
17,DEL,305,1
17,DEL,313,1
17,DEL,323,2
17,DEL,339,1
17,DEL,341,1
17,DEL,343,1
17,DEL,361,1
17,DEL,379,1
17,DEL,385,1
17,DEL,387,2
17,DEL,393,2
17,DEL,403,1
17,DEL,407,1
17,DEL,415,1
17,DEL,417,1
17,DEL,421,2
17,DEL,431,2
17,DEL,439,1
17,DEL,441,1
17,DEL,449,2
17,DEL,455,1
17,DEL,457,1
17,DEL,459,1
17,DEL,469,1
17,DEL,473,1
17,DEL,483,1
17,DEL,487,1
17,DEL,491,1
17,DEL,493,1
17,DEL,495,1
17,DEL,501,1
17,DEL,519,1
17,DEL,523,1
17,DEL,535,2
17,DEL,539,1
17,DEL,555,1
17,DEL,563,1
17,DEL,567,1
17,DEL,587,1
17,DEL,603,1
17,DEL,615,3
17,DEL,635,1
17,DEL,639,1
17,DEL,643,2
17,DEL,647,4
17,DEL,655,3
17,DEL,683,1
17,DEL,691,2
17,DEL,699,1
17,DEL,703,1
17,DEL,719,2
17,DEL,735,2
17,DEL,739,1
17,DEL,743,1
17,DEL,755,1
17,DEL,759,1
17,DEL,775,1
17,DEL,787,1
17,DEL,791,1
17,DEL,799,1
17,DEL,803,1
17,DEL,827,1
17,DEL,835,1
17,DEL,855,1
17,DEL,863,1
17,DEL,879,1
17,DEL,883,1
17,DEL,887,2
17,DEL,895,2
17,DEL,907,2
17,DEL,919,2
17,DEL,931,1
17,DEL,935,1
17,DEL,939,1
17,DEL,959,3
17,DEL,963,1
17,DEL,967,1
17,DEL,971,1
17,DEL,983,3
17,DEL,995,2
17,DEL,1019,1
17,DEL,1039,1
17,DEL,1047,2
17,DEL,1055,2
17,DEL,1063,1
17,DEL,1079,2
17,DEL,1087,2
17,DEL,1103,2
17,DEL,1127,1
17,DEL,1151,1
17,DEL,1191,1
17,DEL,1199,2
17,DEL,1207,2
17,DEL,1215,1
17,DEL,1239,1
17,DEL,1247,1
17,DEL,1279,1
17,DEL,1295,1
17,DEL,1303,1
17,DEL,1311,1
17,DEL,1327,1
17,DEL,1351,1
17,DEL,1359,1
17,DEL,1375,1
17,DEL,1391,1
17,DEL,1399,2
17,DEL,1407,1
17,DEL,1431,2
17,DEL,1447,1
17,DEL,1455,1
17,DEL,1463,1
17,DEL,1471,1
17,DEL,1479,2
17,DEL,1487,1
17,DEL,1503,2
17,DEL,1567,2
17,DEL,1583,1
17,DEL,1615,2
17,DEL,1639,1
17,DEL,1655,1
17,DEL,1671,1
17,DEL,1703,1
17,DEL,1807,1
17,DEL,1863,1
17,DEL,1871,1
17,DEL,1887,1
17,DEL,1895,1
17,DEL,1943,1
17,DEL,1959,1
17,DEL,1991,1
17,DEL,2063,2
17,DEL,2127,1
17,DEL,2239,2
17,DEL,2271,1
17,DEL,2319,1
17,DEL,2351,1
17,DEL,2367,1
17,DEL,2399,1
17,DEL,2463,1
17,DEL,2527,1
17,DEL,2559,1
17,DEL,2607,1
17,DEL,2623,1
17,DEL,2639,1
17,DEL,2831,1
17,DEL,2927,2
17,DEL,2975,1
17,DEL,2991,1
17,DEL,3023,1
17,DEL,3071,1
17,DEL,3103,1
17,DEL,3119,1
17,DEL,3151,2
17,DEL,3183,1
17,DEL,3199,3
17,DEL,3215,2
17,DEL,3231,1
17,DEL,3263,1
17,DEL,3295,1
17,DEL,3327,4
17,DEL,3359,1
17,DEL,3423,1
17,DEL,3455,1
17,DEL,3471,1
17,DEL,3487,1
17,DEL,3535,1
17,DEL,3567,1
17,DEL,3599,1
17,DEL,3615,2
17,DEL,3631,1
17,DEL,3647,1
17,DEL,3679,1
17,DEL,3695,1
17,DEL,3775,1
17,DEL,3807,1
17,DEL,3871,1
17,DEL,3887,1
17,DEL,3903,1
17,DEL,3951,1
17,DEL,3983,1
17,DEL,3999,1
17,DEL,4031,1
17,DEL,4047,2
17,DEL,4063,1
17,DEL,4095,1
17,DEL,4255,2
17,DEL,4287,1
17,DEL,4319,2
17,DEL,4351,1
17,DEL,4383,2
17,DEL,4415,1
17,DEL,4479,1
17,DEL,4511,1
17,DEL,4543,2
17,DEL,4639,1
17,DEL,4671,2
17,DEL,4735,1
17,DEL,4799,2
17,DEL,4863,1
17,DEL,4927,1
17,DEL,4959,3
17,DEL,5023,2
17,DEL,5055,1
17,DEL,5087,2
17,DEL,5119,1
17,DEL,5183,2
17,DEL,5311,3
17,DEL,5343,3
17,DEL,5375,3
17,DEL,5407,1
17,DEL,5439,3
17,DEL,5471,1
17,DEL,5503,5
17,DEL,5535,1
17,DEL,5567,2
17,DEL,5599,1
17,DEL,5631,1
17,DEL,5663,1
17,DEL,5695,1
17,DEL,5727,1
17,DEL,5759,2
17,DEL,5791,2
17,DEL,5887,2
17,DEL,5951,1
17,DEL,6047,1
17,DEL,6079,2
17,DEL,6143,2
17,DEL,6207,1
17,DEL,6239,1
17,DEL,6271,1
17,DEL,6303,2
17,DEL,6335,1
17,DEL,6399,3
17,DEL,6527,1
17,DEL,6559,1
17,DEL,6591,1
17,DEL,6623,2
17,DEL,6687,1
17,DEL,6751,1
17,DEL,6783,1
17,DEL,6847,3
17,DEL,6943,1
17,DEL,7007,2
17,DEL,7039,2
17,DEL,7071,1
17,DEL,7103,1
17,DEL,7167,1
17,DEL,7199,2
17,DEL,7231,1
17,DEL,7295,1
17,DEL,7359,1
17,DEL,7391,3
17,DEL,7423,2
17,DEL,7455,2
17,DEL,7487,1
17,DEL,7519,1
17,DEL,7647,1
17,DEL,7839,2
17,DEL,7903,1
17,DEL,7967,1
17,DEL,7999,1
17,DEL,8063,1
17,DEL,8127,1
17,DEL,8255,2
17,DEL,8639,1
17,DEL,8831,1
17,DEL,8895,2
17,DEL,9215,1
17,DEL,9279,1
17,DEL,9407,1
17,DEL,9471,1
17,DEL,9535,1
17,DEL,9727,1
17,DEL,9855,1
17,DEL,9919,1
17,DEL,9983,2
17,DEL,10239,1
17,DEL,10815,1
17,DEL,11327,1
17,DEL,11583,1
17,DEL,11967,1
17,DEL,39679,1
17,DEL,43775,1
17,DEL,44543,1
17,DEL,45567,1
17,DEL,47359,1
17,DEL,50943,1
17,DEL,54783,1
17,DEL,56575,1
17,DEL,57343,1
17,DEL,57855,1
17,DEL,58111,1
17,DEL,58367,2
17,DEL,58879,1
17,DEL,59391,1
17,DEL,59903,1
17,DEL,60159,1
17,DEL,60415,1
17,DEL,61439,3
17,DEL,61951,1
17,DEL,62207,1
17,DEL,62463,2
17,DEL,62719,3
17,DEL,62975,4
17,DEL,63231,2
17,DEL,63487,7
17,DEL,63743,6
17,DEL,64255,4
17,DEL,64511,1
17,DEL,64767,1
17,DEL,65023,8
17,DEL,65279,5
17,DEL,65535,4
17,DEL,66047,7
17,DEL,66559,6
17,DEL,67071,11
17,DEL,67583,12
17,DEL,68095,8
17,DEL,68607,4
17,DEL,69119,11
17,DEL,69631,9
17,DEL,70143,5
17,DEL,70655,11
17,DEL,71167,8
17,DEL,71679,7
17,DEL,72191,13
17,DEL,72703,5
17,DEL,73215,12
17,DEL,73727,10
17,DEL,74239,5
17,DEL,74751,6
17,DEL,75263,5
17,DEL,75775,7
17,DEL,76287,5
17,DEL,76799,2
17,DEL,77311,2
17,DEL,77823,3
17,DEL,78335,6
17,DEL,79359,3
17,DEL,79871,5
17,DEL,80383,3
17,DEL,82431,1
17,DEL,83455,1
17,DEL,83967,1
17,DEL,84991,1
17,DEL,85503,1
17,SET,171,1
17,SET,175,1
17,SET,184,1
17,SET,203,1
17,SET,205,1
17,SET,209,1
17,SET,210,1
17,SET,211,1
17,SET,217,1
17,SET,218,1
17,SET,222,1
17,SET,224,1
17,SET,228,1
17,SET,231,1
17,SET,232,1
17,SET,234,1
17,SET,237,1
17,SET,244,1
17,SET,248,1
17,SET,257,1
17,SET,299,1
17,SET,309,1
17,SET,369,1
17,SET,445,1
17,SET,453,1
17,SET,473,1
17,SET,487,1
17,SET,503,1
17,SET,555,1
17,SET,563,1
17,SET,587,1
17,SET,603,1
17,SET,619,1
17,SET,631,1
17,SET,651,1
17,SET,659,1
17,SET,703,1
17,SET,707,1
17,SET,715,1
17,SET,751,1
17,SET,803,1
17,SET,815,1
17,SET,847,1
17,SET,867,1
17,SET,871,1
17,SET,875,1
17,SET,899,1
17,SET,911,1
17,SET,943,1
17,SET,955,1
17,SET,975,1
17,SET,1003,1
17,SET,1039,1
17,SET,1095,1
17,SET,1103,1
17,SET,1183,1
17,SET,1239,2
17,SET,1343,1
17,SET,1367,1
17,SET,1415,1
17,SET,1511,1
17,SET,1535,1
17,SET,1607,1
17,SET,1695,1
17,SET,1711,1
17,SET,1735,1
17,SET,1751,1
17,SET,1863,1
17,SET,1935,1
17,SET,2127,2
17,SET,2159,1
17,SET,2175,1
17,SET,2303,1
17,SET,2335,1
17,SET,2351,1
17,SET,2399,1
17,SET,2415,1
17,SET,2431,1
17,SET,2479,2
17,SET,2495,1
17,SET,2671,1
17,SET,2687,1
17,SET,2751,2
17,SET,2767,1
17,SET,2831,1
17,SET,2863,1
17,SET,2991,2
17,SET,3023,1
17,SET,3071,2
17,SET,3087,2
17,SET,3167,1
17,SET,3199,1
17,SET,3263,1
17,SET,3279,1
17,SET,3295,2
17,SET,3343,1
17,SET,3375,1
17,SET,3423,2
17,SET,3439,1
17,SET,3455,1
17,SET,3503,2
17,SET,3583,1
17,SET,3631,1
17,SET,3663,1
17,SET,3695,1
17,SET,3775,2
17,SET,3823,3
17,SET,3855,1
17,SET,3951,1
17,SET,3983,1
17,SET,4015,2
17,SET,4079,1
17,SET,4127,3
17,SET,4223,1
17,SET,4255,1
17,SET,4543,1
17,SET,4575,1
17,SET,4607,1
17,SET,4639,1
17,SET,4671,1
17,SET,4703,1
17,SET,4735,1
17,SET,4767,2
17,SET,4799,3
17,SET,4831,1
17,SET,4927,2
17,SET,4991,2
17,SET,5087,1
17,SET,5247,1
17,SET,5279,1
17,SET,5407,1
17,SET,5503,1
17,SET,5567,1
17,SET,5759,1
17,SET,5855,1
17,SET,6015,1
17,SET,6079,1
17,SET,6207,1
17,SET,6527,1
17,SET,6559,1
17,SET,6623,1
17,SET,7071,1
17,SET,7167,1
17,SET,9407,1
17,GET,143,1
17,GET,145,1
17,GET,150,1
17,GET,154,3
17,GET,155,1
17,GET,156,1
17,GET,157,2
17,GET,159,1
17,GET,160,1
17,GET,162,5
17,GET,163,3
17,GET,164,2
17,GET,165,1
17,GET,167,2
17,GET,168,1
17,GET,169,2
17,GET,171,2
17,GET,172,4
17,GET,174,2
17,GET,175,2
17,GET,176,1
17,GET,177,3
17,GET,178,1
17,GET,179,4
17,GET,180,5
17,GET,181,1
17,GET,182,3
17,GET,183,3
17,GET,184,2
17,GET,185,7
17,GET,186,4
17,GET,187,1
17,GET,189,6
17,GET,190,2
17,GET,191,2
17,GET,192,5
17,GET,193,4
17,GET,194,1
17,GET,195,4
17,GET,196,6
17,GET,197,2
17,GET,198,2
17,GET,199,4
17,GET,200,4
17,GET,201,3
17,GET,202,3
17,GET,203,8
17,GET,204,4
17,GET,205,4
17,GET,206,2
17,GET,207,3
17,GET,208,3
17,GET,209,3
17,GET,210,6
17,GET,211,2
17,GET,212,8
17,GET,213,3
17,GET,214,1
17,GET,215,3
17,GET,216,3
17,GET,217,4
17,GET,219,3
17,GET,220,3
17,GET,221,3
17,GET,222,2
17,GET,223,3
17,GET,225,2
17,GET,226,2
17,GET,227,1
17,GET,228,3
17,GET,229,2
17,GET,230,1
17,GET,231,3
17,GET,232,2
17,GET,233,1
17,GET,234,2
17,GET,235,1
17,GET,236,9
17,GET,238,2
17,GET,239,5
17,GET,241,1
17,GET,242,1
17,GET,243,1
17,GET,244,2
17,GET,245,2
17,GET,246,2
17,GET,247,4
17,GET,248,3
17,GET,249,2
17,GET,250,1
17,GET,251,3
17,GET,252,1
17,GET,255,2
17,GET,257,3
17,GET,259,1
17,GET,261,3
17,GET,263,2
17,GET,265,4
17,GET,267,2
17,GET,269,2
17,GET,271,1
17,GET,273,1
17,GET,277,2
17,GET,283,1
17,GET,285,1
17,GET,289,1
17,GET,291,1
17,GET,293,2
17,GET,295,2
17,GET,297,3
17,GET,303,2
17,GET,305,1
17,GET,309,1
17,GET,315,1
17,GET,323,2
17,GET,325,2
17,GET,339,2
17,GET,343,1
17,GET,345,1
17,GET,349,1
17,GET,353,2
17,GET,359,1
17,GET,363,2
17,GET,365,1
17,GET,369,1
17,GET,383,1
17,GET,385,1
17,GET,389,1
17,GET,391,1
17,GET,393,2
17,GET,401,2
17,GET,407,1
17,GET,409,1
17,GET,413,1
17,GET,415,1
17,GET,419,1
17,GET,421,2
17,GET,427,1
17,GET,439,2
17,GET,441,2
17,GET,451,1
17,GET,453,1
17,GET,455,1
17,GET,465,1
17,GET,467,1
17,GET,469,1
17,GET,477,1
17,GET,479,1
17,GET,481,2
17,GET,491,2
17,GET,501,2
17,GET,503,1
17,GET,519,1
17,GET,523,3
17,GET,527,2
17,GET,531,4
17,GET,539,3
17,GET,543,2
17,GET,547,1
17,GET,551,2
17,GET,555,3
17,GET,559,2
17,GET,563,4
17,GET,567,1
17,GET,571,1
17,GET,579,3
17,GET,583,2
17,GET,587,3
17,GET,591,1
17,GET,595,2
17,GET,599,4
17,GET,603,3
17,GET,607,2
17,GET,611,2
17,GET,615,2
17,GET,619,2
17,GET,623,2
17,GET,627,3
17,GET,631,1
17,GET,635,2
17,GET,639,1
17,GET,643,2
17,GET,647,1
17,GET,651,2
17,GET,655,3
17,GET,659,1
17,GET,663,1
17,GET,667,1
17,GET,671,2
17,GET,675,3
17,GET,679,1
17,GET,683,3
17,GET,691,3
17,GET,695,2
17,GET,699,2
17,GET,703,1
17,GET,707,1
17,GET,711,1
17,GET,715,1
17,GET,719,2
17,GET,731,2
17,GET,735,2
17,GET,739,2
17,GET,751,2
17,GET,755,2
17,GET,759,3
17,GET,763,2
17,GET,771,2
17,GET,775,5
17,GET,783,3
17,GET,787,5
17,GET,791,2
17,GET,795,3
17,GET,799,2
17,GET,807,1
17,GET,811,2
17,GET,815,2
17,GET,819,4
17,GET,827,1
17,GET,831,2
17,GET,839,1
17,GET,843,4
17,GET,847,3
17,GET,851,1
17,GET,859,2
17,GET,863,1
17,GET,867,1
17,GET,875,2
17,GET,879,1
17,GET,883,2
17,GET,887,3
17,GET,891,1
17,GET,895,7
17,GET,899,2
17,GET,903,3
17,GET,907,2
17,GET,911,2
17,GET,915,1
17,GET,919,4
17,GET,923,1
17,GET,927,3
17,GET,935,1
17,GET,939,3
17,GET,951,2
17,GET,955,8
17,GET,959,2
17,GET,963,1
17,GET,967,2
17,GET,971,2
17,GET,975,1
17,GET,983,1
17,GET,991,1
17,GET,995,2
17,GET,1003,3
17,GET,1007,1
17,GET,1011,4
17,GET,1015,4
17,GET,1019,2
17,GET,1023,3
17,GET,1031,4
17,GET,1039,1
17,GET,1047,4
17,GET,1055,7
17,GET,1063,5
17,GET,1071,3
17,GET,1079,2
17,GET,1087,4
17,GET,1095,4
17,GET,1103,5
17,GET,1111,1
17,GET,1119,2
17,GET,1127,1
17,GET,1135,1
17,GET,1143,3
17,GET,1151,3
17,GET,1159,5
17,GET,1167,4
17,GET,1175,2
17,GET,1183,2
17,GET,1191,3
17,GET,1199,1
17,GET,1207,4
17,GET,1215,5
17,GET,1223,3
17,GET,1231,4
17,GET,1239,2
17,GET,1247,1
17,GET,1255,3
17,GET,1263,1
17,GET,1271,2
17,GET,1279,1
17,GET,1287,1
17,GET,1295,3
17,GET,1303,4
17,GET,1311,3
17,GET,1319,3
17,GET,1327,3
17,GET,1335,1
17,GET,1343,2
17,GET,1351,2
17,GET,1359,2
17,GET,1367,3
17,GET,1375,3
17,GET,1383,1
17,GET,1391,4
17,GET,1399,6
17,GET,1407,5
17,GET,1415,2
17,GET,1423,4
17,GET,1431,3
17,GET,1439,3
17,GET,1447,3
17,GET,1455,2
17,GET,1463,4
17,GET,1471,8
17,GET,1479,3
17,GET,1487,3
17,GET,1495,7
17,GET,1503,1
17,GET,1511,4
17,GET,1519,7
17,GET,1527,3
17,GET,1535,4
17,GET,1543,6
17,GET,1551,5
17,GET,1559,6
17,GET,1567,7
17,GET,1575,1
17,GET,1583,2
17,GET,1591,3
17,GET,1599,5
17,GET,1607,4
17,GET,1615,2
17,GET,1623,6
17,GET,1631,4
17,GET,1639,3
17,GET,1647,5
17,GET,1655,3
17,GET,1663,3
17,GET,1671,2
17,GET,1679,1
17,GET,1695,2
17,GET,1703,1
17,GET,1711,2
17,GET,1719,1
17,GET,1727,3
17,GET,1735,2
17,GET,1743,4
17,GET,1751,4
17,GET,1759,7
17,GET,1775,1
17,GET,1783,4
17,GET,1791,4
17,GET,1799,2
17,GET,1807,2
17,GET,1815,3
17,GET,1823,3
17,GET,1831,7
17,GET,1839,1
17,GET,1847,3
17,GET,1855,1
17,GET,1863,4
17,GET,1871,1
17,GET,1879,1
17,GET,1903,5
17,GET,1911,1
17,GET,1919,3
17,GET,1927,4
17,GET,1935,2
17,GET,1951,4
17,GET,1959,1
17,GET,1967,1
17,GET,1975,2
17,GET,1983,3
17,GET,1991,2
17,GET,1999,3
17,GET,2007,4
17,GET,2015,1
17,GET,2039,2
17,GET,2047,4
17,GET,2063,5
17,GET,2079,3
17,GET,2095,3
17,GET,2111,2
17,GET,2127,5
17,GET,2143,6
17,GET,2159,1
17,GET,2175,5
17,GET,2191,6
17,GET,2207,3
17,GET,2223,6
17,GET,2239,3
17,GET,2255,5
17,GET,2271,3
17,GET,2287,2
17,GET,2303,5
17,GET,2319,4
17,GET,2335,4
17,GET,2351,3
17,GET,2367,5
17,GET,2383,5
17,GET,2399,3
17,GET,2415,6
17,GET,2431,5
17,GET,2447,7
17,GET,2463,3
17,GET,2479,8
17,GET,2495,2
17,GET,2511,2
17,GET,2527,5
17,GET,2543,3
17,GET,2559,2
17,GET,2575,8
17,GET,2591,7
17,GET,2607,5
17,GET,2623,3
17,GET,2639,3
17,GET,2655,1
17,GET,2671,5
17,GET,2687,4
17,GET,2703,4
17,GET,2719,5
17,GET,2735,5
17,GET,2751,5
17,GET,2767,3
17,GET,2783,2
17,GET,2799,6
17,GET,2815,9
17,GET,2831,7
17,GET,2847,6
17,GET,2863,2
17,GET,2879,5
17,GET,2895,8
17,GET,2911,9
17,GET,2927,4
17,GET,2943,1
17,GET,2959,4
17,GET,2975,7
17,GET,2991,7
17,GET,3007,12
17,GET,3023,3
17,GET,3039,7
17,GET,3055,6
17,GET,3071,7
17,GET,3087,11
17,GET,3103,4
17,GET,3119,6
17,GET,3135,9
17,GET,3151,3
17,GET,3167,3
17,GET,3183,12
17,GET,3199,8
17,GET,3215,4
17,GET,3231,7
17,GET,3247,7
17,GET,3263,7
17,GET,3279,5
17,GET,3295,5
17,GET,3311,8
17,GET,3327,11
17,GET,3343,7
17,GET,3359,7
17,GET,3375,7
17,GET,3391,6
17,GET,3407,2
17,GET,3423,10
17,GET,3439,4
17,GET,3455,5
17,GET,3471,9
17,GET,3487,8
17,GET,3503,9
17,GET,3519,6
17,GET,3535,9
17,GET,3551,3
17,GET,3567,6
17,GET,3583,7
17,GET,3599,9
17,GET,3615,2
17,GET,3631,7
17,GET,3647,6
17,GET,3663,7
17,GET,3679,7
17,GET,3695,4
17,GET,3711,8
17,GET,3727,6
17,GET,3743,3
17,GET,3759,9
17,GET,3775,9
17,GET,3791,4
17,GET,3807,5
17,GET,3823,4
17,GET,3839,9
17,GET,3855,7
17,GET,3871,9
17,GET,3887,6
17,GET,3903,5
17,GET,3919,2
17,GET,3935,6
17,GET,3951,3
17,GET,3967,7
17,GET,3983,6
17,GET,3999,10
17,GET,4015,3
17,GET,4031,6
17,GET,4047,7
17,GET,4063,4
17,GET,4079,7
17,GET,4095,2
17,GET,4127,10
17,GET,4159,11
17,GET,4191,8
17,GET,4223,14
17,GET,4255,6
17,GET,4287,13
17,GET,4319,10
17,GET,4351,8
17,GET,4383,15
17,GET,4415,14
17,GET,4447,4
17,GET,4479,6
17,GET,4511,11
17,GET,4543,11
17,GET,4575,7
17,GET,4607,9
17,GET,4639,6
17,GET,4671,12
17,GET,4703,7
17,GET,4735,3
17,GET,4767,10
17,GET,4799,9
17,GET,4831,11
17,GET,4863,12
17,GET,4895,12
17,GET,4927,9
17,GET,4959,4
17,GET,4991,11
17,GET,5023,11
17,GET,5055,6
17,GET,5087,11
17,GET,5119,1
17,GET,5151,8
17,GET,5183,11
17,GET,5215,9
17,GET,5247,9
17,GET,5279,9
17,GET,5311,8
17,GET,5343,9
17,GET,5375,7
17,GET,5407,6
17,GET,5439,4
17,GET,5471,3
17,GET,5503,8
17,GET,5535,6
17,GET,5567,4
17,GET,5599,4
17,GET,5631,5
17,GET,5663,5
17,GET,5695,4
17,GET,5727,1
17,GET,5759,6
17,GET,5791,5
17,GET,5823,3
17,GET,5855,3
17,GET,5887,3
17,GET,5919,5
17,GET,5951,1
17,GET,5983,3
17,GET,6015,4
17,GET,6047,1
17,GET,6079,2
17,GET,6111,2
17,GET,6143,3
17,GET,6175,1
17,GET,6207,4
17,GET,6239,4
17,GET,6271,5
17,GET,6303,3
17,GET,6335,4
17,GET,6399,2
17,GET,6463,1
17,GET,6495,2
17,GET,6527,2
17,GET,6559,3
17,GET,6591,2
17,GET,6623,5
17,GET,6655,4
17,GET,6687,1
17,GET,6751,3
17,GET,6783,3
17,GET,6815,3
17,GET,6847,2
17,GET,6879,1
17,GET,6911,4
17,GET,7039,1
17,GET,7071,1
17,GET,7103,1
17,GET,7135,1
17,GET,7167,4
17,GET,7199,2
17,GET,7231,2
17,GET,7263,2
17,GET,7295,1
17,GET,7423,1
17,GET,7487,3
17,GET,7519,1
17,GET,7551,1
17,GET,7583,2
17,GET,7615,2
17,GET,7743,1
17,GET,7839,1
17,GET,7871,2
17,GET,7935,2
17,GET,8031,1
17,GET,8127,1
17,GET,8159,2
17,GET,8191,1
17,GET,8255,1
17,GET,8319,1
17,GET,8511,2
17,GET,8575,1
17,GET,8639,2
17,GET,9407,2
17,GET,9599,1
17,GET,9919,1
17,GET,10175,1
17,GET,10751,1
18,DEL,135,1
18,DEL,157,1
18,DEL,158,1
18,DEL,162,1
18,DEL,163,1
18,DEL,165,1
18,DEL,169,1
18,DEL,172,1
18,DEL,173,2
18,DEL,174,1
18,DEL,176,1
18,DEL,177,1
18,DEL,178,1
18,DEL,180,1
18,DEL,183,1
18,DEL,184,4
18,DEL,185,3
18,DEL,186,1
18,DEL,187,3
18,DEL,188,2
18,DEL,189,1
18,DEL,190,1
18,DEL,193,2
18,DEL,194,1
18,DEL,195,2
18,DEL,197,1
18,DEL,198,6
18,DEL,199,2
18,DEL,200,1
18,DEL,201,2
18,DEL,203,1
18,DEL,205,3
18,DEL,206,1
18,DEL,209,2
18,DEL,210,2
18,DEL,212,2
18,DEL,216,2
18,DEL,218,3
18,DEL,219,1
18,DEL,221,1
18,DEL,222,1
18,DEL,223,2
18,DEL,224,3
18,DEL,225,1
18,DEL,226,1
18,DEL,229,2
18,DEL,232,1
18,DEL,233,1
18,DEL,234,1
18,DEL,237,1
18,DEL,239,1
18,DEL,243,2
18,DEL,244,1
18,DEL,246,1
18,DEL,249,1
18,DEL,252,3
18,DEL,253,1
18,DEL,261,1
18,DEL,265,2
18,DEL,271,1
18,DEL,277,1
18,DEL,285,1
18,DEL,289,2
18,DEL,295,1
18,DEL,297,1
18,DEL,301,2
18,DEL,313,2
18,DEL,317,2
18,DEL,323,1
18,DEL,327,2
18,DEL,335,1
18,DEL,355,1
18,DEL,359,1
18,DEL,363,1
18,DEL,367,1
18,DEL,373,1
18,DEL,377,1
18,DEL,387,1
18,DEL,417,1
18,DEL,425,1
18,DEL,429,1
18,DEL,451,1
18,DEL,457,1
18,DEL,479,1
18,DEL,511,1
18,DEL,515,1
18,DEL,523,1
18,DEL,543,1
18,DEL,547,1
18,DEL,555,1
18,DEL,559,1
18,DEL,563,1
18,DEL,567,1
18,DEL,571,1
18,DEL,583,1
18,DEL,591,1
18,DEL,599,2
18,DEL,611,2
18,DEL,615,2
18,DEL,623,1
18,DEL,627,1
18,DEL,639,2
18,DEL,647,2
18,DEL,651,1
18,DEL,659,2
18,DEL,675,1
18,DEL,687,2
18,DEL,691,1
18,DEL,699,1
18,DEL,703,1
18,DEL,711,2
18,DEL,715,1
18,DEL,719,1
18,DEL,731,1
18,DEL,775,1
18,DEL,779,2
18,DEL,791,2
18,DEL,795,1
18,DEL,799,2
18,DEL,803,1
18,DEL,807,1
18,DEL,815,1
18,DEL,819,1
18,DEL,823,1
18,DEL,827,1
18,DEL,843,1
18,DEL,851,3
18,DEL,859,1
18,DEL,863,1
18,DEL,867,1
18,DEL,875,1
18,DEL,879,1
18,DEL,887,1
18,DEL,891,1
18,DEL,903,1
18,DEL,907,2
18,DEL,915,1
18,DEL,919,1
18,DEL,927,2
18,DEL,939,1
18,DEL,951,1
18,DEL,959,1
18,DEL,963,1
18,DEL,971,1
18,DEL,983,2
18,DEL,995,1
18,DEL,1003,1
18,DEL,1007,1
18,DEL,1011,1
18,DEL,1023,1
18,DEL,1039,2
18,DEL,1055,2
18,DEL,1071,3
18,DEL,1087,2
18,DEL,1103,1
18,DEL,1135,1
18,DEL,1143,1
18,DEL,1151,1
18,DEL,1159,1
18,DEL,1191,2
18,DEL,1199,1
18,DEL,1207,1
18,DEL,1215,1
18,DEL,1255,1
18,DEL,1263,1
18,DEL,1271,1
18,DEL,1287,1
18,DEL,1311,1
18,DEL,1319,2
18,DEL,1327,1
18,DEL,1335,1
18,DEL,1343,1
18,DEL,1375,1
18,DEL,1383,2
18,DEL,1407,1
18,DEL,1431,1
18,DEL,1447,2
18,DEL,1479,2
18,DEL,1487,1
18,DEL,1495,1
18,DEL,1511,1
18,DEL,1519,1
18,DEL,1527,1
18,DEL,1535,1
18,DEL,1551,1
18,DEL,1559,2
18,DEL,1591,2
18,DEL,1607,2
18,DEL,1623,1
18,DEL,1655,1
18,DEL,1671,2
18,DEL,1687,2
18,DEL,1711,1
18,DEL,1719,1
18,DEL,1735,1
18,DEL,1743,2
18,DEL,1759,1
18,DEL,1831,1
18,DEL,1855,2
18,DEL,1871,1
18,DEL,1895,1
18,DEL,1935,1
18,DEL,1991,1
18,DEL,2127,1
18,DEL,2159,1
18,DEL,2175,1
18,DEL,2239,1
18,DEL,2319,2
18,DEL,2335,2
18,DEL,2367,1
18,DEL,2415,1
18,DEL,2447,1
18,DEL,2463,1
18,DEL,2511,1
18,DEL,2559,1
18,DEL,2623,1
18,DEL,2655,1
18,DEL,2767,1
18,DEL,2783,2
18,DEL,2799,1
18,DEL,2863,1
18,DEL,2895,1
18,DEL,2943,1
18,DEL,2959,1
18,DEL,2991,1
18,DEL,3007,1
18,DEL,3023,2
18,DEL,3055,1
18,DEL,3071,1
18,DEL,3151,1
18,DEL,3167,1
18,DEL,3199,1
18,DEL,3231,1
18,DEL,3247,1
18,DEL,3263,1
18,DEL,3311,1
18,DEL,3327,1
18,DEL,3343,1
18,DEL,3359,2
18,DEL,3391,1
18,DEL,3407,1
18,DEL,3423,1
18,DEL,3439,1
18,DEL,3455,1
18,DEL,3487,1
18,DEL,3551,2
18,DEL,3567,1
18,DEL,3583,1
18,DEL,3679,1
18,DEL,3695,2
18,DEL,3759,1
18,DEL,3807,1
18,DEL,3823,1
18,DEL,3855,1
18,DEL,3935,1
18,DEL,3951,1
18,DEL,3999,1
18,DEL,4015,1
18,DEL,4031,1
18,DEL,4095,1
18,DEL,4127,1
18,DEL,4191,2
18,DEL,4223,1
18,DEL,4255,1
18,DEL,4287,1
18,DEL,4351,3
18,DEL,4383,2
18,DEL,4479,1
18,DEL,4511,2
18,DEL,4575,1
18,DEL,4607,1
18,DEL,4639,1
18,DEL,4671,1
18,DEL,4703,1
18,DEL,4767,1
18,DEL,4831,2
18,DEL,4863,1
18,DEL,4895,2
18,DEL,4959,1
18,DEL,4991,1
18,DEL,5023,4
18,DEL,5055,1
18,DEL,5119,2
18,DEL,5151,2
18,DEL,5183,2
18,DEL,5215,1
18,DEL,5247,1
18,DEL,5279,4
18,DEL,5343,2
18,DEL,5375,3
18,DEL,5407,1
18,DEL,5439,1
18,DEL,5471,2
18,DEL,5567,2
18,DEL,5599,3
18,DEL,5663,1
18,DEL,5695,3
18,DEL,5727,1
18,DEL,5759,2
18,DEL,5791,1
18,DEL,5823,2
18,DEL,5855,1
18,DEL,5887,1
18,DEL,5919,4
18,DEL,5951,2
18,DEL,6047,2
18,DEL,6079,6
18,DEL,6111,1
18,DEL,6143,1
18,DEL,6175,2
18,DEL,6207,1
18,DEL,6239,2
18,DEL,6335,1
18,DEL,6399,3
18,DEL,6431,3
18,DEL,6495,2
18,DEL,6527,1
18,DEL,6559,1
18,DEL,6591,1
18,DEL,6623,2
18,DEL,6655,2
18,DEL,6687,2
18,DEL,6751,3
18,DEL,6783,2
18,DEL,6815,1
18,DEL,6847,1
18,DEL,6879,1
18,DEL,6943,3
18,DEL,6975,1
18,DEL,7007,1
18,DEL,7135,1
18,DEL,7231,1
18,DEL,7263,3
18,DEL,7295,1
18,DEL,7327,1
18,DEL,7359,1
18,DEL,7423,1
18,DEL,7551,1
18,DEL,7583,2
18,DEL,7615,1
18,DEL,7711,1
18,DEL,7775,2
18,DEL,7871,1
18,DEL,7935,3
18,DEL,7999,1
18,DEL,8127,1
18,DEL,8255,2
18,DEL,8319,1
18,DEL,8511,3
18,DEL,8575,3
18,DEL,8767,1
18,DEL,8895,1
18,DEL,8959,1
18,DEL,9023,1
18,DEL,9215,2
18,DEL,9407,1
18,DEL,9663,1
18,DEL,9791,1
18,DEL,10815,1
18,DEL,10943,1
18,DEL,11135,1
18,DEL,11327,1
18,DEL,37631,2
18,DEL,38911,1
18,DEL,40191,2
18,DEL,40703,1
18,DEL,43775,1
18,DEL,48127,2
18,DEL,48639,1
18,DEL,50687,1
18,DEL,52223,1
18,DEL,52479,1
18,DEL,52991,1
18,DEL,54015,1
18,DEL,55551,1
18,DEL,56063,1
18,DEL,57855,1
18,DEL,58111,1
18,DEL,58623,2
18,DEL,58879,1
18,DEL,59135,1
18,DEL,60415,1
18,DEL,60671,3
18,DEL,61183,3
18,DEL,61695,2
18,DEL,61951,4
18,DEL,62207,2
18,DEL,62463,2
18,DEL,62719,2
18,DEL,62975,1
18,DEL,63231,8
18,DEL,63487,4
18,DEL,63743,1
18,DEL,63999,1
18,DEL,64255,3
18,DEL,64511,3
18,DEL,64767,2
18,DEL,65023,4
18,DEL,65279,2
18,DEL,66047,9
18,DEL,66559,15
18,DEL,67071,9
18,DEL,67583,13
18,DEL,68095,9
18,DEL,68607,10
18,DEL,69119,12
18,DEL,69631,6
18,DEL,70143,10
18,DEL,70655,6
18,DEL,71167,8
18,DEL,71679,15
18,DEL,72191,7
18,DEL,72703,14
18,DEL,73215,4
18,DEL,73727,9
18,DEL,74239,3
18,DEL,74751,1
18,DEL,75263,7
18,DEL,75775,9
18,DEL,76287,3
18,DEL,76799,3
18,DEL,77311,3
18,DEL,77823,3
18,DEL,78335,5
18,DEL,78847,2
18,DEL,79359,1
18,DEL,81407,2
18,DEL,81919,2
18,DEL,82431,1
18,DEL,82943,1
18,DEL,84479,1
18,SET,139,1
18,SET,151,1
18,SET,168,1
18,SET,179,2
18,SET,181,1
18,SET,184,3
18,SET,187,1
18,SET,200,2
18,SET,204,1
18,SET,209,1
18,SET,213,1
18,SET,229,1
18,SET,236,1
18,SET,246,1
18,SET,257,1
18,SET,263,1
18,SET,265,1
18,SET,323,1
18,SET,367,1
18,SET,389,1
18,SET,401,1
18,SET,403,1
18,SET,419,1
18,SET,511,1
18,SET,603,1
18,SET,607,1
18,SET,619,2
18,SET,695,1
18,SET,707,1
18,SET,723,1
18,SET,763,1
18,SET,799,1
18,SET,811,1
18,SET,815,1
18,SET,855,1
18,SET,859,1
18,SET,983,1
18,SET,1007,1
18,SET,1079,1
18,SET,1095,2
18,SET,1143,1
18,SET,1167,2
18,SET,1303,1
18,SET,1311,1
18,SET,1319,1
18,SET,1383,1
18,SET,1455,1
18,SET,1535,1
18,SET,1599,1
18,SET,1615,1
18,SET,1647,1
18,SET,1671,1
18,SET,1703,1
18,SET,1719,1
18,SET,1735,2
18,SET,1871,1
18,SET,1903,1
18,SET,1975,1
18,SET,2063,1
18,SET,2111,2
18,SET,2271,2
18,SET,2383,1
18,SET,2431,1
18,SET,2479,1
18,SET,2543,1
18,SET,2559,2
18,SET,2623,1
18,SET,2639,2
18,SET,2735,1
18,SET,2991,1
18,SET,3055,1
18,SET,3087,1
18,SET,3135,1
18,SET,3151,1
18,SET,3167,1
18,SET,3311,1
18,SET,3359,2
18,SET,3423,1
18,SET,3471,1
18,SET,3535,1
18,SET,3583,1
18,SET,3599,1
18,SET,3631,1
18,SET,3647,2
18,SET,3679,2
18,SET,3695,2
18,SET,3743,1
18,SET,3807,1
18,SET,3839,1
18,SET,3855,1
18,SET,3887,1
18,SET,3919,1
18,SET,3951,1
18,SET,3999,1
18,SET,4063,2
18,SET,4079,1
18,SET,4095,1
18,SET,4127,2
18,SET,4159,1
18,SET,4255,1
18,SET,4383,1
18,SET,4415,1
18,SET,4479,1
18,SET,4543,2
18,SET,4575,3
18,SET,4703,1
18,SET,4927,1
18,SET,4959,1
18,SET,5055,1
18,SET,5119,3
18,SET,5311,1
18,SET,5567,1
18,SET,5663,1
18,SET,5983,1
18,SET,6047,3
18,SET,6175,1
18,SET,6271,1
18,SET,6399,1
18,SET,6687,1
18,SET,6943,1
18,SET,7007,1
18,SET,7135,1
18,SET,8447,1
18,SET,9279,1
18,GET,120,1
18,GET,130,1
18,GET,136,1
18,GET,144,1
18,GET,145,1
18,GET,147,4
18,GET,149,1
18,GET,150,1
18,GET,151,1
18,GET,152,1
18,GET,153,1
18,GET,154,2
18,GET,157,4
18,GET,158,3
18,GET,159,4
18,GET,161,1
18,GET,162,2
18,GET,164,1
18,GET,165,1
18,GET,166,3
18,GET,167,3
18,GET,168,2
18,GET,169,4
18,GET,171,4
18,GET,172,1
18,GET,173,2
18,GET,174,1
18,GET,175,4
18,GET,176,2
18,GET,177,3
18,GET,178,3
18,GET,179,3
18,GET,180,5
18,GET,182,2
18,GET,183,3
18,GET,184,1
18,GET,185,4
18,GET,186,4
18,GET,187,2
18,GET,188,4
18,GET,189,3
18,GET,190,2
18,GET,191,5
18,GET,192,2
18,GET,193,5
18,GET,194,4
18,GET,195,6
18,GET,196,2
18,GET,197,5
18,GET,198,2
18,GET,199,1
18,GET,200,3
18,GET,201,3
18,GET,203,7
18,GET,204,3
18,GET,205,2
18,GET,206,4
18,GET,207,2
18,GET,208,5
18,GET,209,3
18,GET,210,4
18,GET,211,1
18,GET,212,5
18,GET,213,4
18,GET,214,1
18,GET,215,2
18,GET,216,4
18,GET,217,2
18,GET,219,4
18,GET,220,3
18,GET,221,3
18,GET,222,1
18,GET,223,3
18,GET,224,2
18,GET,225,5
18,GET,226,1
18,GET,227,3
18,GET,229,3
18,GET,230,2
18,GET,231,2
18,GET,232,2
18,GET,233,1
18,GET,234,4
18,GET,235,1
18,GET,236,2
18,GET,237,1
18,GET,238,1
18,GET,239,1
18,GET,240,3
18,GET,241,2
18,GET,242,2
18,GET,243,2
18,GET,244,1
18,GET,246,1
18,GET,248,1
18,GET,252,2
18,GET,253,1
18,GET,254,2
18,GET,257,5
18,GET,259,1
18,GET,261,3
18,GET,263,1
18,GET,265,2
18,GET,267,1
18,GET,269,1
18,GET,271,1
18,GET,273,1
18,GET,279,2
18,GET,281,1
18,GET,283,1
18,GET,285,1
18,GET,287,1
18,GET,289,1
18,GET,295,1
18,GET,297,1
18,GET,299,1
18,GET,305,2
18,GET,309,1
18,GET,311,2
18,GET,313,1
18,GET,319,1
18,GET,321,1
18,GET,323,1
18,GET,325,1
18,GET,329,2
18,GET,331,1
18,GET,335,3
18,GET,337,1
18,GET,339,1
18,GET,343,1
18,GET,347,1
18,GET,351,2
18,GET,353,3
18,GET,357,1
18,GET,359,1
18,GET,365,1
18,GET,369,1
18,GET,373,1
18,GET,377,1
18,GET,379,3
18,GET,381,2
18,GET,385,1
18,GET,387,1
18,GET,391,2
18,GET,395,1
18,GET,401,2
18,GET,409,1
18,GET,413,1
18,GET,415,1
18,GET,421,1
18,GET,423,1
18,GET,429,2
18,GET,435,1
18,GET,441,1
18,GET,447,2
18,GET,449,1
18,GET,453,1
18,GET,455,1
18,GET,459,1
18,GET,461,1
18,GET,467,1
18,GET,469,1
18,GET,471,1
18,GET,473,2
18,GET,477,2
18,GET,479,1
18,GET,481,1
18,GET,485,1
18,GET,489,1
18,GET,491,1
18,GET,497,1
18,GET,501,2
18,GET,509,2
18,GET,515,1
18,GET,519,2
18,GET,523,1
18,GET,527,1
18,GET,531,1
18,GET,535,2
18,GET,539,2
18,GET,543,1
18,GET,551,4
18,GET,563,2
18,GET,571,2
18,GET,575,1
18,GET,579,2
18,GET,583,1
18,GET,587,4
18,GET,591,5
18,GET,595,1
18,GET,599,2
18,GET,603,1
18,GET,611,2
18,GET,619,1
18,GET,623,3
18,GET,631,5
18,GET,635,2
18,GET,639,1
18,GET,643,4
18,GET,647,2
18,GET,655,2
18,GET,663,1
18,GET,667,2
18,GET,671,2
18,GET,675,2
18,GET,683,3
18,GET,687,2
18,GET,691,3
18,GET,695,2
18,GET,699,2
18,GET,703,4
18,GET,707,5
18,GET,711,2
18,GET,715,2
18,GET,719,1
18,GET,723,3
18,GET,727,1
18,GET,743,2
18,GET,747,2
18,GET,751,4
18,GET,755,1
18,GET,759,2
18,GET,763,4
18,GET,767,1
18,GET,771,1
18,GET,775,3
18,GET,779,6
18,GET,783,1
18,GET,787,4
18,GET,795,4
18,GET,799,1
18,GET,803,2
18,GET,807,2
18,GET,815,1
18,GET,819,5
18,GET,823,3
18,GET,827,5
18,GET,831,2
18,GET,835,1
18,GET,847,2
18,GET,851,1
18,GET,855,1
18,GET,863,2
18,GET,867,2
18,GET,871,2
18,GET,875,2
18,GET,879,2
18,GET,883,3
18,GET,887,2
18,GET,891,1
18,GET,895,2
18,GET,899,1
18,GET,903,2
18,GET,907,1
18,GET,911,2
18,GET,915,3
18,GET,919,1
18,GET,923,1
18,GET,927,5
18,GET,935,1
18,GET,943,1
18,GET,947,2
18,GET,951,5
18,GET,955,1
18,GET,959,2
18,GET,963,1
18,GET,967,1
18,GET,971,2
18,GET,979,1
18,GET,983,2
18,GET,987,1
18,GET,991,2
18,GET,995,1
18,GET,999,1
18,GET,1003,2
18,GET,1007,5
18,GET,1015,1
18,GET,1019,1
18,GET,1031,4
18,GET,1039,5
18,GET,1047,3
18,GET,1055,3
18,GET,1063,1
18,GET,1071,3
18,GET,1079,2
18,GET,1087,2
18,GET,1095,3
18,GET,1103,3
18,GET,1111,3
18,GET,1119,3
18,GET,1127,2
18,GET,1135,2
18,GET,1143,2
18,GET,1151,5
18,GET,1159,2
18,GET,1167,6
18,GET,1175,7
18,GET,1183,4
18,GET,1191,4
18,GET,1199,1
18,GET,1207,4
18,GET,1215,3
18,GET,1223,1
18,GET,1231,4
18,GET,1239,1
18,GET,1247,3
18,GET,1255,2
18,GET,1263,1
18,GET,1271,4
18,GET,1279,1
18,GET,1287,2
18,GET,1295,2
18,GET,1303,3
18,GET,1311,6
18,GET,1319,3
18,GET,1327,7
18,GET,1335,4
18,GET,1343,2
18,GET,1351,3
18,GET,1359,5
18,GET,1367,7
18,GET,1375,2
18,GET,1383,5
18,GET,1391,3
18,GET,1399,3
18,GET,1407,5
18,GET,1415,5
18,GET,1423,2
18,GET,1431,4
18,GET,1439,4
18,GET,1447,4
18,GET,1455,3
18,GET,1463,3
18,GET,1471,6
18,GET,1479,3
18,GET,1487,4
18,GET,1495,6
18,GET,1503,1
18,GET,1511,3
18,GET,1519,2
18,GET,1535,2
18,GET,1543,3
18,GET,1551,8
18,GET,1559,2
18,GET,1567,2
18,GET,1575,9
18,GET,1583,5
18,GET,1591,5
18,GET,1599,2
18,GET,1607,2
18,GET,1615,5
18,GET,1623,2
18,GET,1631,3
18,GET,1639,3
18,GET,1647,3
18,GET,1655,5
18,GET,1663,4
18,GET,1671,2
18,GET,1679,2
18,GET,1687,3
18,GET,1695,3
18,GET,1703,3
18,GET,1711,1
18,GET,1719,2
18,GET,1727,5
18,GET,1735,1
18,GET,1743,3
18,GET,1751,2
18,GET,1759,4
18,GET,1767,1
18,GET,1775,1
18,GET,1783,3
18,GET,1791,1
18,GET,1799,1
18,GET,1807,5
18,GET,1815,2
18,GET,1823,2
18,GET,1831,1
18,GET,1839,5
18,GET,1847,2
18,GET,1855,2
18,GET,1863,3
18,GET,1871,2
18,GET,1879,2
18,GET,1887,2
18,GET,1895,1
18,GET,1903,1
18,GET,1911,2
18,GET,1919,3
18,GET,1927,1
18,GET,1935,2
18,GET,1943,2
18,GET,1951,5
18,GET,1959,1
18,GET,1967,1
18,GET,1975,1
18,GET,1983,3
18,GET,1991,2
18,GET,1999,1
18,GET,2007,1
18,GET,2015,5
18,GET,2031,2
18,GET,2039,5
18,GET,2047,1
18,GET,2063,2
18,GET,2079,5
18,GET,2095,2
18,GET,2111,2
18,GET,2127,3
18,GET,2143,8
18,GET,2159,2
18,GET,2175,2
18,GET,2191,5
18,GET,2207,7
18,GET,2223,7
18,GET,2239,5
18,GET,2255,4
18,GET,2271,3
18,GET,2287,6
18,GET,2303,3
18,GET,2319,3
18,GET,2335,6
18,GET,2351,5
18,GET,2367,4
18,GET,2383,3
18,GET,2399,3
18,GET,2415,3
18,GET,2431,3
18,GET,2447,6
18,GET,2463,1
18,GET,2479,9
18,GET,2495,3
18,GET,2511,4
18,GET,2527,6
18,GET,2543,4
18,GET,2559,8
18,GET,2575,4
18,GET,2591,5
18,GET,2607,3
18,GET,2623,2
18,GET,2639,9
18,GET,2655,4
18,GET,2671,6
18,GET,2687,7
18,GET,2703,4
18,GET,2719,9
18,GET,2735,5
18,GET,2751,4
18,GET,2767,5
18,GET,2783,1
18,GET,2799,5
18,GET,2815,4
18,GET,2831,2
18,GET,2847,2
18,GET,2863,10
18,GET,2879,9
18,GET,2895,12
18,GET,2911,7
18,GET,2927,9
18,GET,2943,4
18,GET,2959,8
18,GET,2975,8
18,GET,2991,7
18,GET,3007,6
18,GET,3023,7
18,GET,3039,4
18,GET,3055,3
18,GET,3071,3
18,GET,3087,4
18,GET,3103,5
18,GET,3119,3
18,GET,3135,11
18,GET,3151,9
18,GET,3167,8
18,GET,3183,6
18,GET,3199,13
18,GET,3215,6
18,GET,3231,7
18,GET,3247,4
18,GET,3263,5
18,GET,3279,4
18,GET,3295,4
18,GET,3311,4
18,GET,3327,8
18,GET,3343,5
18,GET,3359,2
18,GET,3375,2
18,GET,3391,4
18,GET,3407,7
18,GET,3423,12
18,GET,3439,7
18,GET,3455,7
18,GET,3471,5
18,GET,3487,5
18,GET,3503,5
18,GET,3519,4
18,GET,3535,1
18,GET,3551,6
18,GET,3567,6
18,GET,3583,9
18,GET,3599,10
18,GET,3615,2
18,GET,3631,8
18,GET,3647,9
18,GET,3663,3
18,GET,3679,5
18,GET,3695,3
18,GET,3711,6
18,GET,3727,7
18,GET,3743,2
18,GET,3759,8
18,GET,3775,7
18,GET,3791,6
18,GET,3807,8
18,GET,3823,4
18,GET,3839,6
18,GET,3855,11
18,GET,3871,5
18,GET,3887,7
18,GET,3903,5
18,GET,3919,7
18,GET,3935,8
18,GET,3951,4
18,GET,3967,4
18,GET,3983,7
18,GET,3999,5
18,GET,4015,4
18,GET,4031,4
18,GET,4047,11
18,GET,4063,8
18,GET,4079,5
18,GET,4095,3
18,GET,4127,8
18,GET,4159,13
18,GET,4191,11
18,GET,4223,8
18,GET,4255,7
18,GET,4287,12
18,GET,4319,14
18,GET,4351,16
18,GET,4383,11
18,GET,4415,9
18,GET,4447,15
18,GET,4479,9
18,GET,4511,9
18,GET,4543,12
18,GET,4575,10
18,GET,4607,6
18,GET,4639,8
18,GET,4671,10
18,GET,4703,7
18,GET,4735,11
18,GET,4767,8
18,GET,4799,9
18,GET,4831,7
18,GET,4863,7
18,GET,4895,6
18,GET,4927,10
18,GET,4959,8
18,GET,4991,6
18,GET,5023,6
18,GET,5055,14
18,GET,5087,10
18,GET,5119,4
18,GET,5151,6
18,GET,5183,9
18,GET,5215,11
18,GET,5247,4
18,GET,5279,8
18,GET,5311,2
18,GET,5343,6
18,GET,5375,4
18,GET,5407,4
18,GET,5439,4
18,GET,5471,4
18,GET,5503,10
18,GET,5535,2
18,GET,5567,6
18,GET,5599,3
18,GET,5631,4
18,GET,5663,5
18,GET,5695,5
18,GET,5727,6
18,GET,5759,4
18,GET,5823,9
18,GET,5855,3
18,GET,5887,3
18,GET,5919,4
18,GET,5951,4
18,GET,5983,2
18,GET,6015,3
18,GET,6047,2
18,GET,6079,7
18,GET,6111,4
18,GET,6143,3
18,GET,6175,3
18,GET,6207,2
18,GET,6239,2
18,GET,6271,3
18,GET,6303,4
18,GET,6399,1
18,GET,6431,3
18,GET,6463,3
18,GET,6495,4
18,GET,6527,1
18,GET,6559,2
18,GET,6591,2
18,GET,6655,2
18,GET,6687,3
18,GET,6719,5
18,GET,6751,1
18,GET,6783,3
18,GET,6815,1
18,GET,6847,1
18,GET,6879,2
18,GET,6911,3
18,GET,6943,2
18,GET,7007,1
18,GET,7039,3
18,GET,7071,2
18,GET,7103,2
18,GET,7135,2
18,GET,7167,2
18,GET,7295,1
18,GET,7327,2
18,GET,7359,1
18,GET,7391,1
18,GET,7519,2
18,GET,7551,1
18,GET,7615,1
18,GET,7647,2
18,GET,7679,1
18,GET,7711,1
18,GET,7743,3
18,GET,7807,1
18,GET,7871,2
18,GET,7903,2
18,GET,7935,1
18,GET,8063,1
18,GET,8127,1
18,GET,8159,1
18,GET,8319,2
18,GET,8383,1
18,GET,8767,1
18,GET,8831,1
18,GET,9023,2
18,GET,9151,1
18,GET,9343,1
18,GET,9407,1
18,GET,9663,1
18,GET,9983,1
19,DEL,119,1
19,DEL,150,2
19,DEL,157,1
19,DEL,159,1
19,DEL,165,3
19,DEL,166,1
19,DEL,169,1
19,DEL,172,1
19,DEL,174,4
19,DEL,176,1
19,DEL,177,1
19,DEL,178,2
19,DEL,183,1
19,DEL,185,1
19,DEL,186,1
19,DEL,187,3
19,DEL,188,1
19,DEL,191,1
19,DEL,193,2
19,DEL,194,4
19,DEL,195,1
19,DEL,196,3
19,DEL,197,2
19,DEL,198,3
19,DEL,199,1
19,DEL,200,1
19,DEL,201,1
19,DEL,202,2
19,DEL,203,4
19,DEL,204,1
19,DEL,205,3
19,DEL,206,1
19,DEL,207,1
19,DEL,209,1
19,DEL,212,2
19,DEL,215,1
19,DEL,216,2
19,DEL,217,2
19,DEL,218,1
19,DEL,219,1
19,DEL,220,1
19,DEL,222,2
19,DEL,223,1
19,DEL,224,1
19,DEL,226,1
19,DEL,227,2
19,DEL,229,1
19,DEL,230,1
19,DEL,232,1
19,DEL,233,3
19,DEL,236,1
19,DEL,239,1
19,DEL,240,1
19,DEL,241,1
19,DEL,243,1
19,DEL,245,1
19,DEL,246,1
19,DEL,250,1
19,DEL,252,1
19,DEL,253,1
19,DEL,257,1
19,DEL,259,1
19,DEL,265,1
19,DEL,271,1
19,DEL,273,1
19,DEL,275,1
19,DEL,283,3
19,DEL,287,1
19,DEL,291,1
19,DEL,297,1
19,DEL,299,1
19,DEL,303,1
19,DEL,315,2
19,DEL,317,1
19,DEL,319,1
19,DEL,321,1
19,DEL,327,2
19,DEL,329,1
19,DEL,353,1
19,DEL,359,1
19,DEL,367,1
19,DEL,369,1
19,DEL,371,1
19,DEL,379,1
19,DEL,381,1
19,DEL,407,1
19,DEL,433,2
19,DEL,437,1
19,DEL,453,1
19,DEL,455,1
19,DEL,457,1
19,DEL,483,1
19,DEL,485,1
19,DEL,489,1
19,DEL,493,2
19,DEL,503,1
19,DEL,507,1
19,DEL,515,1
19,DEL,531,2
19,DEL,551,1
19,DEL,567,1
19,DEL,571,1
19,DEL,579,1
19,DEL,583,1
19,DEL,591,1
19,DEL,599,1
19,DEL,615,1
19,DEL,619,2
19,DEL,635,1
19,DEL,643,1
19,DEL,647,2
19,DEL,655,1
19,DEL,679,1
19,DEL,683,1
19,DEL,699,2
19,DEL,715,1
19,DEL,723,1
19,DEL,731,2
19,DEL,735,1
19,DEL,739,2
19,DEL,743,1
19,DEL,759,1
19,DEL,763,2
19,DEL,767,1
19,DEL,771,1
19,DEL,811,2
19,DEL,815,3
19,DEL,819,1
19,DEL,831,1
19,DEL,835,1
19,DEL,839,1
19,DEL,843,1
19,DEL,851,2
19,DEL,867,2
19,DEL,879,3
19,DEL,883,1
19,DEL,895,1
19,DEL,899,2
19,DEL,923,1
19,DEL,935,2
19,DEL,939,2
19,DEL,951,2
19,DEL,963,1
19,DEL,967,1
19,DEL,971,1
19,DEL,987,1
19,DEL,991,1
19,DEL,995,1
19,DEL,999,1
19,DEL,1003,3
19,DEL,1007,2
19,DEL,1011,1
19,DEL,1039,1
19,DEL,1055,2
19,DEL,1063,2
19,DEL,1071,3
19,DEL,1087,3
19,DEL,1095,2
19,DEL,1103,2
19,DEL,1111,2
19,DEL,1127,2
19,DEL,1135,1
19,DEL,1143,2
19,DEL,1159,1
19,DEL,1183,1
19,DEL,1215,4
19,DEL,1231,1
19,DEL,1239,1
19,DEL,1255,1
19,DEL,1295,1
19,DEL,1327,1
19,DEL,1335,1
19,DEL,1367,1
19,DEL,1407,2
19,DEL,1415,1
19,DEL,1423,1
19,DEL,1447,2
19,DEL,1463,1
19,DEL,1479,1
19,DEL,1511,1
19,DEL,1543,1
19,DEL,1575,1
19,DEL,1607,1
19,DEL,1639,1
19,DEL,1679,1
19,DEL,1719,2
19,DEL,1727,1
19,DEL,1775,2
19,DEL,1783,1
19,DEL,1791,1
19,DEL,1823,1
19,DEL,1847,1
19,DEL,1863,1
19,DEL,1951,1
19,DEL,1959,1
19,DEL,1967,1
19,DEL,2015,1
19,DEL,2039,1
19,DEL,2063,1
19,DEL,2127,1
19,DEL,2159,1
19,DEL,2207,1
19,DEL,2303,2
19,DEL,2335,1
19,DEL,2351,1
19,DEL,2399,1
19,DEL,2431,1
19,DEL,2495,1
19,DEL,2543,1
19,DEL,2575,1
19,DEL,2639,1
19,DEL,2655,2
19,DEL,2687,1
19,DEL,2735,2
19,DEL,2815,2
19,DEL,2847,1
19,DEL,2927,1
19,DEL,2975,2
19,DEL,3039,1
19,DEL,3071,2
19,DEL,3119,1
19,DEL,3231,2
19,DEL,3247,1
19,DEL,3263,1
19,DEL,3311,2
19,DEL,3423,1
19,DEL,3455,1
19,DEL,3487,1
19,DEL,3551,1
19,DEL,3647,1
19,DEL,3663,1
19,DEL,3695,1
19,DEL,3807,1
19,DEL,3823,2
19,DEL,3839,1
19,DEL,3855,1
19,DEL,3887,1
19,DEL,3903,1
19,DEL,3919,1
19,DEL,3935,1
19,DEL,3951,1
19,DEL,3967,2
19,DEL,3983,1
19,DEL,4031,3
19,DEL,4079,1
19,DEL,4095,2
19,DEL,4191,1
19,DEL,4223,1
19,DEL,4255,2
19,DEL,4287,1
19,DEL,4319,1
19,DEL,4351,2
19,DEL,4383,2
19,DEL,4415,3
19,DEL,4447,1
19,DEL,4511,1
19,DEL,4543,1
19,DEL,4639,2
19,DEL,4671,1
19,DEL,4703,4
19,DEL,4735,2
19,DEL,4799,2
19,DEL,4863,1
19,DEL,4895,1
19,DEL,4927,2
19,DEL,4959,1
19,DEL,4991,1
19,DEL,5023,1
19,DEL,5055,1
19,DEL,5087,2
19,DEL,5119,4
19,DEL,5183,1
19,DEL,5247,1
19,DEL,5311,1
19,DEL,5343,1
19,DEL,5375,2
19,DEL,5407,1
19,DEL,5439,2
19,DEL,5471,1
19,DEL,5503,1
19,DEL,5535,1
19,DEL,5567,2
19,DEL,5599,3
19,DEL,5663,1
19,DEL,5695,1
19,DEL,5727,1
19,DEL,5759,1
19,DEL,5823,1
19,DEL,5855,2
19,DEL,5887,1
19,DEL,5919,3
19,DEL,5951,1
19,DEL,6047,3
19,DEL,6175,1
19,DEL,6207,1
19,DEL,6239,3
19,DEL,6335,2
19,DEL,6367,2
19,DEL,6399,2
19,DEL,6431,1
19,DEL,6463,1
19,DEL,6527,1
19,DEL,6559,1
19,DEL,6591,2
19,DEL,6623,1
19,DEL,6687,1
19,DEL,6719,2
19,DEL,6751,2
19,DEL,6783,1
19,DEL,6847,2
19,DEL,6879,2
19,DEL,6911,2
19,DEL,7007,2
19,DEL,7039,2
19,DEL,7071,3
19,DEL,7103,2
19,DEL,7199,1
19,DEL,7231,2
19,DEL,7295,1
19,DEL,7583,1
19,DEL,7615,2
19,DEL,7679,2
19,DEL,7711,2
19,DEL,7871,2
19,DEL,7935,1
19,DEL,7967,2
19,DEL,8063,3
19,DEL,8095,1
19,DEL,8191,1
19,DEL,8575,2
19,DEL,8639,1
19,DEL,8703,1
19,DEL,8895,1
19,DEL,8959,1
19,DEL,9023,1
19,DEL,9087,1
19,DEL,9407,2
19,DEL,9663,2
19,DEL,10111,2
19,DEL,10175,1
19,DEL,10239,1
19,DEL,10303,1
19,DEL,10495,1
19,DEL,10559,1
19,DEL,10687,2
19,DEL,11263,2
19,DEL,34815,1
19,DEL,36607,1
19,DEL,38399,1
19,DEL,38655,2
19,DEL,39935,2
19,DEL,41215,1
19,DEL,42495,1
19,DEL,43519,1
19,DEL,45055,1
19,DEL,46847,1
19,DEL,49663,1
19,DEL,50431,1
19,DEL,50687,1
19,DEL,51455,1
19,DEL,52991,1
19,DEL,53247,1
19,DEL,53503,1
19,DEL,54271,1
19,DEL,54527,1
19,DEL,56063,1
19,DEL,56831,1
19,DEL,57087,1
19,DEL,57343,4
19,DEL,57855,2
19,DEL,58111,1
19,DEL,58623,1
19,DEL,59135,1
19,DEL,59391,2
19,DEL,59647,2
19,DEL,59903,1
19,DEL,60159,3
19,DEL,60671,1
19,DEL,60927,2
19,DEL,61183,3
19,DEL,61695,2
19,DEL,61951,2
19,DEL,62207,2
19,DEL,62463,1
19,DEL,62975,2
19,DEL,63231,2
19,DEL,63487,1
19,DEL,63743,1
19,DEL,64255,1
19,DEL,64511,2
19,DEL,64767,1
19,DEL,65023,5
19,DEL,65279,3
19,DEL,65535,3
19,DEL,66047,5
19,DEL,66559,11
19,DEL,67071,9
19,DEL,67583,15
19,DEL,68095,4
19,DEL,68607,5
19,DEL,69119,15
19,DEL,69631,6
19,DEL,70143,8
19,DEL,70655,13
19,DEL,71167,14
19,DEL,71679,8
19,DEL,72191,6
19,DEL,72703,8
19,DEL,73215,8
19,DEL,73727,6
19,DEL,74239,9
19,DEL,74751,7
19,DEL,75263,6
19,DEL,75775,10
19,DEL,76287,4
19,DEL,76799,5
19,DEL,77311,9
19,DEL,77823,2
19,DEL,78847,3
19,DEL,80383,4
19,DEL,80895,2
19,DEL,81919,1
19,DEL,82431,4
19,DEL,82943,1
19,DEL,83967,1
19,DEL,86015,1
19,DEL,86527,1
19,GET,120,1
19,GET,146,1
19,GET,147,2
19,GET,151,1
19,GET,153,1
19,GET,155,3
19,GET,156,1
19,GET,157,2
19,GET,158,3
19,GET,159,3
19,GET,160,3
19,GET,162,3
19,GET,163,1
19,GET,164,1
19,GET,165,2
19,GET,166,2
19,GET,167,1
19,GET,168,3
19,GET,170,1
19,GET,171,1
19,GET,172,1
19,GET,173,3
19,GET,174,6
19,GET,175,2
19,GET,176,3
19,GET,177,2
19,GET,178,3
19,GET,179,1
19,GET,180,2
19,GET,182,1
19,GET,183,6
19,GET,184,2
19,GET,186,2
19,GET,187,1
19,GET,188,5
19,GET,189,3
19,GET,190,2
19,GET,191,5
19,GET,192,4
19,GET,193,2
19,GET,194,5
19,GET,195,5
19,GET,196,3
19,GET,197,6
19,GET,198,11
19,GET,199,1
19,GET,200,2
19,GET,201,4
19,GET,202,2
19,GET,203,2
19,GET,204,9
19,GET,205,5
19,GET,206,7
19,GET,207,6
19,GET,208,4
19,GET,210,9
19,GET,211,6
19,GET,212,4
19,GET,213,4
19,GET,214,1
19,GET,215,5
19,GET,216,1
19,GET,217,5
19,GET,218,2
19,GET,219,3
19,GET,220,2
19,GET,221,3
19,GET,223,2
19,GET,224,2
19,GET,225,5
19,GET,226,5
19,GET,227,1
19,GET,228,3
19,GET,229,2
19,GET,230,2
19,GET,231,3
19,GET,233,2
19,GET,234,2
19,GET,235,1
19,GET,236,2
19,GET,237,1
19,GET,238,3
19,GET,240,1
19,GET,241,1
19,GET,242,2
19,GET,244,2
19,GET,245,1
19,GET,246,1
19,GET,249,1
19,GET,250,1
19,GET,252,1
19,GET,253,1
19,GET,254,2
19,GET,257,3
19,GET,259,4
19,GET,261,2
19,GET,265,3
19,GET,269,2
19,GET,271,2
19,GET,273,3
19,GET,277,1
19,GET,279,3
19,GET,281,2
19,GET,285,1
19,GET,287,5
19,GET,289,3
19,GET,291,3
19,GET,293,2
19,GET,303,1
19,GET,305,1
19,GET,307,3
19,GET,311,1
19,GET,315,1
19,GET,317,1
19,GET,321,2
19,GET,323,1
19,GET,325,1
19,GET,327,1
19,GET,329,1
19,GET,331,5
19,GET,335,1
19,GET,337,1
19,GET,339,1
19,GET,341,1
19,GET,343,1
19,GET,355,2
19,GET,357,1
19,GET,361,1
19,GET,363,1
19,GET,365,3
19,GET,367,2
19,GET,371,4
19,GET,375,1
19,GET,377,1
19,GET,381,2
19,GET,387,1
19,GET,391,1
19,GET,393,1
19,GET,395,1
19,GET,401,1
19,GET,407,1
19,GET,411,1
19,GET,415,1
19,GET,417,2
19,GET,419,2
19,GET,427,1
19,GET,429,1
19,GET,433,1
19,GET,435,3
19,GET,439,1
19,GET,441,2
19,GET,443,1
19,GET,451,1
19,GET,457,2
19,GET,463,1
19,GET,465,1
19,GET,467,1
19,GET,469,1
19,GET,473,1
19,GET,475,2
19,GET,479,2
19,GET,481,3
19,GET,483,1
19,GET,485,1
19,GET,487,1
19,GET,491,2
19,GET,493,1
19,GET,495,1
19,GET,497,2
19,GET,499,1
19,GET,505,1
19,GET,509,1
19,GET,511,1
19,GET,519,1
19,GET,523,6
19,GET,527,2
19,GET,531,2
19,GET,535,3
19,GET,547,2
19,GET,551,2
19,GET,559,2
19,GET,563,1
19,GET,567,4
19,GET,571,5
19,GET,579,3
19,GET,591,3
19,GET,595,1
19,GET,599,1
19,GET,603,1
19,GET,607,3
19,GET,611,1
19,GET,615,1
19,GET,623,2
19,GET,631,3
19,GET,639,3
19,GET,643,4
19,GET,647,4
19,GET,655,3
19,GET,659,2
19,GET,663,1
19,GET,667,3
19,GET,675,2
19,GET,679,3
19,GET,683,1
19,GET,687,3
19,GET,691,3
19,GET,695,2
19,GET,699,2
19,GET,703,3
19,GET,707,1
19,GET,711,1
19,GET,715,2
19,GET,719,1
19,GET,723,3
19,GET,727,3
19,GET,731,1
19,GET,739,4
19,GET,743,2
19,GET,747,1
19,GET,751,3
19,GET,755,2
19,GET,763,1
19,GET,767,4
19,GET,775,1
19,GET,783,2
19,GET,791,2
19,GET,795,3
19,GET,799,1
19,GET,803,3
19,GET,807,2
19,GET,811,1
19,GET,815,3
19,GET,819,2
19,GET,823,4
19,GET,827,2
19,GET,831,1
19,GET,835,1
19,GET,839,3
19,GET,843,2
19,GET,847,1
19,GET,851,4
19,GET,855,2
19,GET,863,3
19,GET,867,2
19,GET,871,3
19,GET,875,5
19,GET,879,2
19,GET,883,1
19,GET,891,7
19,GET,895,4
19,GET,903,1
19,GET,907,5
19,GET,911,1
19,GET,915,3
19,GET,919,1
19,GET,923,2
19,GET,935,2
19,GET,943,4
19,GET,955,2
19,GET,959,2
19,GET,963,4
19,GET,967,1
19,GET,971,1
19,GET,975,5
19,GET,979,3
19,GET,983,4
19,GET,987,3
19,GET,991,1
19,GET,995,3
19,GET,999,3
19,GET,1007,1
19,GET,1011,2
19,GET,1015,3
19,GET,1019,2
19,GET,1031,1
19,GET,1039,2
19,GET,1047,5
19,GET,1055,8
19,GET,1063,3
19,GET,1071,7
19,GET,1079,4
19,GET,1087,4
19,GET,1095,4
19,GET,1103,2
19,GET,1111,4
19,GET,1119,1
19,GET,1127,4
19,GET,1135,3
19,GET,1143,1
19,GET,1151,3
19,GET,1159,3
19,GET,1167,1
19,GET,1183,4
19,GET,1191,1
19,GET,1199,2
19,GET,1207,1
19,GET,1215,3
19,GET,1223,3
19,GET,1231,1
19,GET,1239,3
19,GET,1247,3
19,GET,1255,3
19,GET,1271,3
19,GET,1279,4
19,GET,1287,6
19,GET,1295,3
19,GET,1303,4
19,GET,1311,4
19,GET,1319,3
19,GET,1327,3
19,GET,1335,8
19,GET,1343,1
19,GET,1351,3
19,GET,1359,2
19,GET,1367,3
19,GET,1375,3
19,GET,1383,7
19,GET,1391,1
19,GET,1399,2
19,GET,1407,5
19,GET,1415,8
19,GET,1423,5
19,GET,1431,8
19,GET,1439,7
19,GET,1447,8
19,GET,1455,5
19,GET,1463,2
19,GET,1471,4
19,GET,1479,3
19,GET,1487,4
19,GET,1495,4
19,GET,1503,6
19,GET,1511,2
19,GET,1519,7
19,GET,1527,4
19,GET,1535,1
19,GET,1543,4
19,GET,1551,5
19,GET,1559,2
19,GET,1567,6
19,GET,1575,4
19,GET,1583,2
19,GET,1591,4
19,GET,1599,4
19,GET,1607,3
19,GET,1615,6
19,GET,1623,3
19,GET,1631,5
19,GET,1639,5
19,GET,1647,2
19,GET,1663,6
19,GET,1671,1
19,GET,1679,5
19,GET,1687,3
19,GET,1695,1
19,GET,1703,4
19,GET,1711,4
19,GET,1719,1
19,GET,1727,5
19,GET,1735,3
19,GET,1743,5
19,GET,1751,4
19,GET,1759,2
19,GET,1767,1
19,GET,1775,1
19,GET,1783,4
19,GET,1791,5
19,GET,1799,4
19,GET,1807,1
19,GET,1815,2
19,GET,1823,1
19,GET,1831,2
19,GET,1839,1
19,GET,1847,3
19,GET,1855,3
19,GET,1863,1
19,GET,1871,3
19,GET,1879,2
19,GET,1887,2
19,GET,1895,3
19,GET,1903,6
19,GET,1919,4
19,GET,1927,3
19,GET,1935,2
19,GET,1943,3
19,GET,1951,2
19,GET,1959,1
19,GET,1967,3
19,GET,1983,2
19,GET,1991,3
19,GET,1999,3
19,GET,2007,2
19,GET,2015,2
19,GET,2023,2
19,GET,2031,2
19,GET,2047,5
19,GET,2063,7
19,GET,2079,2
19,GET,2095,4
19,GET,2111,3
19,GET,2127,3
19,GET,2143,4
19,GET,2159,6
19,GET,2175,7
19,GET,2191,6
19,GET,2207,3
19,GET,2223,4
19,GET,2239,5
19,GET,2255,3
19,GET,2271,1
19,GET,2287,5
19,GET,2303,4
19,GET,2319,6
19,GET,2335,2
19,GET,2351,2
19,GET,2367,2
19,GET,2383,6
19,GET,2399,4
19,GET,2415,3
19,GET,2431,5
19,GET,2447,6
19,GET,2463,9
19,GET,2479,6
19,GET,2495,7
19,GET,2511,3
19,GET,2527,5
19,GET,2543,4
19,GET,2559,5
19,GET,2575,4
19,GET,2591,3
19,GET,2607,6
19,GET,2623,9
19,GET,2639,5
19,GET,2655,9
19,GET,2671,4
19,GET,2687,5
19,GET,2703,3
19,GET,2719,6
19,GET,2735,6
19,GET,2751,6
19,GET,2767,6
19,GET,2783,4
19,GET,2799,5
19,GET,2815,1
19,GET,2831,8
19,GET,2847,5
19,GET,2863,4
19,GET,2879,3
19,GET,2895,4
19,GET,2911,6
19,GET,2927,4
19,GET,2943,4
19,GET,2959,7
19,GET,2975,6
19,GET,2991,7
19,GET,3007,8
19,GET,3023,4
19,GET,3039,4
19,GET,3055,6
19,GET,3071,4
19,GET,3087,8
19,GET,3103,4
19,GET,3119,4
19,GET,3135,1
19,GET,3151,6
19,GET,3167,3
19,GET,3183,6
19,GET,3199,2
19,GET,3215,13
19,GET,3231,3
19,GET,3247,2
19,GET,3263,8
19,GET,3279,6
19,GET,3295,5
19,GET,3311,6
19,GET,3327,4
19,GET,3343,5
19,GET,3359,5
19,GET,3375,7
19,GET,3391,3
19,GET,3407,9
19,GET,3423,7
19,GET,3439,5
19,GET,3455,10
19,GET,3471,6
19,GET,3487,7
19,GET,3503,10
19,GET,3519,7
19,GET,3535,3
19,GET,3551,5
19,GET,3567,7
19,GET,3583,5
19,GET,3599,4
19,GET,3615,6
19,GET,3631,5
19,GET,3647,2
19,GET,3663,7
19,GET,3679,5
19,GET,3695,9
19,GET,3711,3
19,GET,3727,5
19,GET,3743,6
19,GET,3759,11
19,GET,3775,6
19,GET,3791,3
19,GET,3807,11
19,GET,3823,5
19,GET,3839,11
19,GET,3855,5
19,GET,3871,1
19,GET,3887,10
19,GET,3903,5
19,GET,3919,4
19,GET,3935,6
19,GET,3951,4
19,GET,3967,10
19,GET,3983,8
19,GET,3999,3
19,GET,4015,9
19,GET,4031,6
19,GET,4047,1
19,GET,4063,3
19,GET,4079,6
19,GET,4095,4
19,GET,4127,11
19,GET,4159,13
19,GET,4191,8
19,GET,4223,11
19,GET,4255,5
19,GET,4287,9
19,GET,4319,6
19,GET,4351,9
19,GET,4383,8
19,GET,4415,7
19,GET,4447,9
19,GET,4479,10
19,GET,4511,5
19,GET,4543,12
19,GET,4575,4
19,GET,4607,11
19,GET,4639,8
19,GET,4671,10
19,GET,4703,11
19,GET,4735,11
19,GET,4767,6
19,GET,4799,12
19,GET,4831,8
19,GET,4863,12
19,GET,4895,6
19,GET,4927,4
19,GET,4959,7
19,GET,4991,2
19,GET,5023,5
19,GET,5055,6
19,GET,5087,9
19,GET,5119,4
19,GET,5151,11
19,GET,5183,4
19,GET,5215,6
19,GET,5247,5
19,GET,5279,3
19,GET,5311,4
19,GET,5343,4
19,GET,5375,3
19,GET,5407,9
19,GET,5439,2
19,GET,5471,5
19,GET,5503,4
19,GET,5535,5
19,GET,5567,3
19,GET,5599,6
19,GET,5631,3
19,GET,5663,3
19,GET,5695,6
19,GET,5727,2
19,GET,5759,3
19,GET,5791,2
19,GET,5823,1
19,GET,5855,5
19,GET,5887,1
19,GET,5919,5
19,GET,5951,4
19,GET,5983,3
19,GET,6015,2
19,GET,6047,5
19,GET,6079,4
19,GET,6111,5
19,GET,6143,2
19,GET,6175,5
19,GET,6207,3
19,GET,6239,2
19,GET,6271,3
19,GET,6303,2
19,GET,6335,3
19,GET,6367,3
19,GET,6399,4
19,GET,6431,2
19,GET,6463,1
19,GET,6495,4
19,GET,6527,4
19,GET,6559,3
19,GET,6591,1
19,GET,6623,2
19,GET,6655,1
19,GET,6751,2
19,GET,6783,4
19,GET,6815,2
19,GET,6879,2
19,GET,6911,1
19,GET,6975,3
19,GET,7039,2
19,GET,7071,1
19,GET,7135,4
19,GET,7167,1
19,GET,7199,1
19,GET,7231,2
19,GET,7295,1
19,GET,7423,1
19,GET,7519,1
19,GET,7551,1
19,GET,7679,2
19,GET,7743,1
19,GET,7839,1
19,GET,8031,1
19,GET,8255,1
19,GET,8319,1
19,GET,8511,1
19,GET,8575,1
19,GET,8703,1
19,GET,8767,2
19,GET,8831,2
19,SET,154,1
19,SET,169,1
19,SET,171,1
19,SET,176,1
19,SET,179,1
19,SET,180,1
19,SET,184,1
19,SET,193,1
19,SET,194,1
19,SET,195,1
19,SET,200,1
19,SET,205,1
19,SET,206,1
19,SET,215,1
19,SET,216,1
19,SET,219,1
19,SET,231,1
19,SET,232,1
19,SET,234,1
19,SET,240,1
19,SET,241,1
19,SET,271,1
19,SET,291,1
19,SET,335,1
19,SET,367,1
19,SET,479,1
19,SET,501,1
19,SET,503,1
19,SET,535,1
19,SET,539,1
19,SET,579,2
19,SET,639,1
19,SET,647,1
19,SET,651,1
19,SET,687,1
19,SET,787,1
19,SET,811,1
19,SET,819,1
19,SET,855,1
19,SET,859,1
19,SET,871,1
19,SET,891,1
19,SET,963,1
19,SET,1071,1
19,SET,1079,1
19,SET,1095,2
19,SET,1135,1
19,SET,1183,1
19,SET,1207,1
19,SET,1223,1
19,SET,1247,1
19,SET,1287,1
19,SET,1335,1
19,SET,1359,1
19,SET,1407,1
19,SET,1415,1
19,SET,1471,1
19,SET,1479,1
19,SET,1535,1
19,SET,1711,1
19,SET,1727,1
19,SET,1743,2
19,SET,1863,1
19,SET,1879,1
19,SET,1895,1
19,SET,1943,1
19,SET,1951,1
19,SET,1959,1
19,SET,1999,1
19,SET,2095,1
19,SET,2111,1
19,SET,2159,1
19,SET,2223,3
19,SET,2239,1
19,SET,2367,1
19,SET,2511,1
19,SET,2543,2
19,SET,2591,1
19,SET,2655,1
19,SET,2671,1
19,SET,2687,1
19,SET,2735,1
19,SET,2847,1
19,SET,2863,2
19,SET,2943,1
19,SET,2959,1
19,SET,3039,1
19,SET,3135,1
19,SET,3183,1
19,SET,3215,1
19,SET,3247,1
19,SET,3279,1
19,SET,3311,1
19,SET,3343,1
19,SET,3359,1
19,SET,3375,1
19,SET,3391,1
19,SET,3455,1
19,SET,3471,2
19,SET,3487,1
19,SET,3503,1
19,SET,3535,1
19,SET,3567,2
19,SET,3583,1
19,SET,3647,1
19,SET,3759,1
19,SET,3775,2
19,SET,3807,1
19,SET,3839,1
19,SET,3855,1
19,SET,3903,2
19,SET,3967,1
19,SET,4159,1
19,SET,4191,1
19,SET,4255,1
19,SET,4287,2
19,SET,4447,2
19,SET,4479,1
19,SET,4511,1
19,SET,4575,1
19,SET,4639,2
19,SET,4767,2
19,SET,4831,1
19,SET,4895,1
19,SET,4927,1
19,SET,4991,1
19,SET,5087,1
19,SET,5183,2
19,SET,5279,1
19,SET,5407,1
19,SET,5439,1
19,SET,5599,2
19,SET,5663,1
19,SET,5759,1
19,SET,5919,1
19,SET,6079,2
19,SET,6239,1
19,SET,6879,1
20,DEL,134,2
20,DEL,152,1
20,DEL,153,1
20,DEL,165,1
20,DEL,166,2
20,DEL,167,1
20,DEL,170,1
20,DEL,172,2
20,DEL,173,3
20,DEL,175,4
20,DEL,176,2
20,DEL,177,1
20,DEL,179,1
20,DEL,180,1
20,DEL,181,1
20,DEL,184,1
20,DEL,185,4
20,DEL,188,2
20,DEL,189,1
20,DEL,190,1
20,DEL,192,1
20,DEL,193,1
20,DEL,197,1
20,DEL,199,2
20,DEL,200,2
20,DEL,201,1
20,DEL,202,1
20,DEL,204,1
20,DEL,205,1
20,DEL,208,2
20,DEL,209,2
20,DEL,210,2
20,DEL,212,3
20,DEL,214,1
20,DEL,215,2
20,DEL,216,2
20,DEL,217,1
20,DEL,219,1
20,DEL,222,2
20,DEL,223,1
20,DEL,225,1
20,DEL,228,1
20,DEL,230,1
20,DEL,234,1
20,DEL,238,1
20,DEL,242,1
20,DEL,247,1
20,DEL,251,1
20,DEL,252,2
20,DEL,254,1
20,DEL,257,1
20,DEL,259,1
20,DEL,261,1
20,DEL,267,1
20,DEL,271,2
20,DEL,277,1
20,DEL,289,1
20,DEL,305,1
20,DEL,323,3
20,DEL,335,1
20,DEL,355,1
20,DEL,359,1
20,DEL,361,1
20,DEL,377,1
20,DEL,389,1
20,DEL,395,1
20,DEL,407,1
20,DEL,413,1
20,DEL,421,1
20,DEL,429,1
20,DEL,439,2
20,DEL,445,1
20,DEL,447,1
20,DEL,451,1
20,DEL,457,1
20,DEL,463,1
20,DEL,467,1
20,DEL,477,1
20,DEL,501,1
20,DEL,515,1
20,DEL,519,1
20,DEL,523,1
20,DEL,535,1
20,DEL,555,1
20,DEL,563,1
20,DEL,567,1
20,DEL,579,2
20,DEL,591,1
20,DEL,595,1
20,DEL,603,1
20,DEL,611,1
20,DEL,627,1
20,DEL,631,3
20,DEL,635,4
20,DEL,647,1
20,DEL,667,3
20,DEL,683,2
20,DEL,691,2
20,DEL,695,1
20,DEL,699,1
20,DEL,727,2
20,DEL,731,2
20,DEL,747,1
20,DEL,751,2
20,DEL,755,2
20,DEL,763,1
20,DEL,767,1
20,DEL,771,2
20,DEL,775,1
20,DEL,783,2
20,DEL,787,1
20,DEL,791,2
20,DEL,795,1
20,DEL,799,2
20,DEL,815,1
20,DEL,819,1
20,DEL,823,1
20,DEL,827,1
20,DEL,835,2
20,DEL,843,1
20,DEL,851,2
20,DEL,863,1
20,DEL,867,1
20,DEL,871,1
20,DEL,903,2
20,DEL,907,1
20,DEL,911,2
20,DEL,919,1
20,DEL,923,1
20,DEL,927,1
20,DEL,931,1
20,DEL,935,1
20,DEL,939,2
20,DEL,943,1
20,DEL,959,1
20,DEL,971,1
20,DEL,979,1
20,DEL,983,1
20,DEL,991,1
20,DEL,995,2
20,DEL,999,1
20,DEL,1031,2
20,DEL,1039,2
20,DEL,1047,1
20,DEL,1055,1
20,DEL,1071,1
20,DEL,1087,2
20,DEL,1103,2
20,DEL,1111,1
20,DEL,1135,2
20,DEL,1183,2
20,DEL,1191,2
20,DEL,1207,1
20,DEL,1223,3
20,DEL,1239,2
20,DEL,1271,2
20,DEL,1279,1
20,DEL,1295,1
20,DEL,1303,2
20,DEL,1327,1
20,DEL,1383,1
20,DEL,1391,1
20,DEL,1407,2
20,DEL,1423,1
20,DEL,1431,1
20,DEL,1455,2
20,DEL,1463,3
20,DEL,1519,2
20,DEL,1527,2
20,DEL,1543,1
20,DEL,1567,2
20,DEL,1583,2
20,DEL,1607,1
20,DEL,1655,1
20,DEL,1671,1
20,DEL,1687,1
20,DEL,1727,1
20,DEL,1791,2
20,DEL,1815,1
20,DEL,1823,2
20,DEL,1831,1
20,DEL,1855,1
20,DEL,1871,1
20,DEL,1911,1
20,DEL,1927,1
20,DEL,1943,1
20,DEL,2015,1
20,DEL,2039,1
20,DEL,2079,1
20,DEL,2095,1
20,DEL,2127,1
20,DEL,2143,2
20,DEL,2303,1
20,DEL,2319,1
20,DEL,2335,1
20,DEL,2351,1
20,DEL,2399,1
20,DEL,2415,1
20,DEL,2447,1
20,DEL,2463,1
20,DEL,2479,1
20,DEL,2527,1
20,DEL,2639,1
20,DEL,2671,1
20,DEL,2687,1
20,DEL,2751,1
20,DEL,2799,1
20,DEL,2815,1
20,DEL,2911,1
20,DEL,2959,2
20,DEL,3039,1
20,DEL,3071,2
20,DEL,3087,1
20,DEL,3103,1
20,DEL,3151,1
20,DEL,3199,1
20,DEL,3247,5
20,DEL,3263,1
20,DEL,3279,1
20,DEL,3311,1
20,DEL,3327,1
20,DEL,3359,2
20,DEL,3391,1
20,DEL,3423,1
20,DEL,3567,1
20,DEL,3663,1
20,DEL,3679,1
20,DEL,3695,1
20,DEL,3775,2
20,DEL,3791,1
20,DEL,3983,3
20,DEL,3999,1
20,DEL,4015,1
20,DEL,4031,2
20,DEL,4047,1
20,DEL,4095,2
20,DEL,4191,1
20,DEL,4223,1
20,DEL,4255,3
20,DEL,4319,3
20,DEL,4351,2
20,DEL,4383,1
20,DEL,4415,3
20,DEL,4447,1
20,DEL,4479,2
20,DEL,4511,1
20,DEL,4575,1
20,DEL,4639,2
20,DEL,4703,1
20,DEL,4735,3
20,DEL,4767,3
20,DEL,4831,1
20,DEL,4895,1
20,DEL,4927,2
20,DEL,4959,6
20,DEL,4991,2
20,DEL,5023,1
20,DEL,5055,1
20,DEL,5087,1
20,DEL,5119,3
20,DEL,5151,1
20,DEL,5215,2
20,DEL,5247,2
20,DEL,5279,1
20,DEL,5311,2
20,DEL,5343,1
20,DEL,5375,1
20,DEL,5439,1
20,DEL,5471,1
20,DEL,5503,2
20,DEL,5535,2
20,DEL,5567,1
20,DEL,5599,3
20,DEL,5631,1
20,DEL,5663,1
20,DEL,5791,1
20,DEL,5823,1
20,DEL,5887,1
20,DEL,5919,1
20,DEL,5951,2
20,DEL,5983,1
20,DEL,6015,3
20,DEL,6047,4
20,DEL,6143,2
20,DEL,6175,1
20,DEL,6207,1
20,DEL,6239,1
20,DEL,6271,1
20,DEL,6303,3
20,DEL,6335,1
20,DEL,6399,1
20,DEL,6431,2
20,DEL,6495,1
20,DEL,6527,1
20,DEL,6559,1
20,DEL,6591,1
20,DEL,6623,1
20,DEL,6655,1
20,DEL,6687,1
20,DEL,6719,1
20,DEL,6751,1
20,DEL,6847,3
20,DEL,6879,1
20,DEL,6943,1
20,DEL,7071,2
20,DEL,7135,1
20,DEL,7167,1
20,DEL,7199,1
20,DEL,7231,1
20,DEL,7263,4
20,DEL,7295,2
20,DEL,7359,1
20,DEL,7455,2
20,DEL,7487,1
20,DEL,7711,1
20,DEL,7743,1
20,DEL,7807,1
20,DEL,7999,1
20,DEL,8255,1
20,DEL,8447,1
20,DEL,8511,3
20,DEL,8575,2
20,DEL,8703,2
20,DEL,8767,1
20,DEL,8831,1
20,DEL,8895,3
20,DEL,9151,3
20,DEL,9407,1
20,DEL,9855,1
20,DEL,9919,3
20,DEL,9983,4
20,DEL,10047,1
20,DEL,10111,2
20,DEL,10239,1
20,DEL,10303,2
20,DEL,10367,1
20,DEL,10431,1
20,DEL,10879,2
20,DEL,11071,1
20,DEL,11263,1
20,DEL,11327,1
20,DEL,11583,1
20,DEL,12479,1
20,DEL,13759,1
20,DEL,41983,1
20,DEL,44031,2
20,DEL,45055,1
20,DEL,47615,1
20,DEL,49151,1
20,DEL,49407,1
20,DEL,51967,1
20,DEL,52223,1
20,DEL,53759,1
20,DEL,55551,2
20,DEL,55807,1
20,DEL,56063,1
20,DEL,57087,1
20,DEL,57343,2
20,DEL,57599,1
20,DEL,57855,1
20,DEL,58111,1
20,DEL,59647,1
20,DEL,60159,1
20,DEL,60671,1
20,DEL,60927,2
20,DEL,61183,2
20,DEL,61439,4
20,DEL,61695,1
20,DEL,61951,2
20,DEL,62207,4
20,DEL,62463,2
20,DEL,62719,2
20,DEL,62975,3
20,DEL,63231,1
20,DEL,63487,1
20,DEL,63743,4
20,DEL,63999,2
20,DEL,64255,1
20,DEL,64511,3
20,DEL,64767,1
20,DEL,65279,5
20,DEL,65535,3
20,DEL,66047,10
20,DEL,66559,15
20,DEL,67071,10
20,DEL,67583,10
20,DEL,68095,10
20,DEL,68607,13
20,DEL,69119,7
20,DEL,69631,6
20,DEL,70143,9
20,DEL,70655,10
20,DEL,71167,13
20,DEL,71679,8
20,DEL,72191,4
20,DEL,72703,8
20,DEL,73215,6
20,DEL,73727,7
20,DEL,74239,7
20,DEL,74751,4
20,DEL,75263,4
20,DEL,75775,6
20,DEL,76287,2
20,DEL,76799,5
20,DEL,77311,4
20,DEL,77823,5
20,DEL,78335,3
20,DEL,78847,1
20,DEL,79359,2
20,DEL,79871,1
20,DEL,80383,2
20,DEL,80895,2
20,DEL,81407,1
20,DEL,81919,1
20,DEL,84991,1
20,DEL,85503,1
20,DEL,86015,3
20,GET,129,1
20,GET,133,1
20,GET,135,1
20,GET,138,1
20,GET,144,1
20,GET,151,1
20,GET,152,1
20,GET,154,4
20,GET,156,2
20,GET,157,2
20,GET,158,2
20,GET,159,1
20,GET,160,1
20,GET,161,1
20,GET,162,3
20,GET,163,2
20,GET,164,3
20,GET,165,4
20,GET,166,2
20,GET,168,3
20,GET,169,2
20,GET,170,4
20,GET,171,3
20,GET,172,4
20,GET,175,2
20,GET,176,5
20,GET,177,3
20,GET,179,3
20,GET,180,2
20,GET,181,2
20,GET,182,5
20,GET,183,4
20,GET,184,1
20,GET,185,2
20,GET,186,6
20,GET,187,2
20,GET,188,4
20,GET,189,2
20,GET,190,4
20,GET,191,3
20,GET,192,2
20,GET,193,2
20,GET,194,2
20,GET,195,7
20,GET,196,8
20,GET,197,2
20,GET,198,4
20,GET,199,4
20,GET,200,6
20,GET,201,6
20,GET,202,2
20,GET,203,3
20,GET,204,4
20,GET,205,2
20,GET,206,4
20,GET,207,3
20,GET,208,4
20,GET,209,3
20,GET,210,2
20,GET,211,7
20,GET,212,1
20,GET,213,5
20,GET,214,3
20,GET,215,3
20,GET,216,1
20,GET,217,4
20,GET,218,5
20,GET,220,1
20,GET,221,3
20,GET,222,2
20,GET,224,1
20,GET,225,2
20,GET,226,5
20,GET,227,3
20,GET,228,2
20,GET,229,1
20,GET,231,3
20,GET,232,5
20,GET,233,2
20,GET,236,1
20,GET,237,1
20,GET,238,1
20,GET,240,2
20,GET,241,1
20,GET,242,3
20,GET,243,4
20,GET,244,1
20,GET,246,1
20,GET,248,1
20,GET,249,2
20,GET,251,1
20,GET,252,2
20,GET,253,1
20,GET,254,1
20,GET,255,1
20,GET,257,4
20,GET,261,3
20,GET,265,1
20,GET,267,2
20,GET,269,3
20,GET,271,2
20,GET,273,1
20,GET,275,1
20,GET,279,1
20,GET,281,1
20,GET,283,1
20,GET,285,2
20,GET,287,1
20,GET,291,3
20,GET,293,1
20,GET,295,3
20,GET,297,4
20,GET,299,2
20,GET,301,2
20,GET,303,1
20,GET,305,1
20,GET,307,4
20,GET,309,2
20,GET,311,1
20,GET,313,2
20,GET,315,1
20,GET,317,1
20,GET,321,2
20,GET,325,1
20,GET,335,1
20,GET,337,1
20,GET,339,1
20,GET,341,2
20,GET,343,1
20,GET,349,1
20,GET,353,1
20,GET,357,1
20,GET,361,1
20,GET,371,1
20,GET,375,2
20,GET,377,1
20,GET,379,2
20,GET,381,1
20,GET,383,1
20,GET,397,1
20,GET,401,1
20,GET,405,1
20,GET,409,1
20,GET,415,2
20,GET,419,1
20,GET,423,2
20,GET,425,1
20,GET,427,1
20,GET,429,1
20,GET,431,2
20,GET,433,1
20,GET,443,3
20,GET,445,1
20,GET,447,2
20,GET,451,1
20,GET,455,2
20,GET,459,1
20,GET,461,1
20,GET,463,1
20,GET,467,1
20,GET,469,3
20,GET,471,1
20,GET,475,1
20,GET,479,1
20,GET,483,1
20,GET,487,1
20,GET,489,2
20,GET,493,1
20,GET,495,1
20,GET,497,1
20,GET,501,1
20,GET,505,1
20,GET,509,1
20,GET,511,1
20,GET,515,1
20,GET,519,2
20,GET,523,2
20,GET,527,1
20,GET,535,2
20,GET,539,2
20,GET,543,2
20,GET,547,3
20,GET,551,1
20,GET,555,2
20,GET,559,2
20,GET,567,3
20,GET,571,1
20,GET,575,3
20,GET,579,2
20,GET,583,2
20,GET,591,2
20,GET,595,1
20,GET,599,2
20,GET,603,1
20,GET,607,2
20,GET,615,4
20,GET,623,3
20,GET,631,2
20,GET,635,2
20,GET,639,2
20,GET,643,2
20,GET,647,2
20,GET,651,1
20,GET,655,1
20,GET,663,1
20,GET,667,1
20,GET,675,2
20,GET,679,1
20,GET,687,1
20,GET,691,2
20,GET,695,2
20,GET,699,2
20,GET,703,4
20,GET,707,2
20,GET,711,5
20,GET,723,1
20,GET,727,3
20,GET,731,2
20,GET,735,2
20,GET,739,1
20,GET,743,7
20,GET,751,2
20,GET,755,2
20,GET,763,3
20,GET,767,3
20,GET,771,3
20,GET,775,1
20,GET,779,1
20,GET,783,1
20,GET,791,1
20,GET,795,1
20,GET,799,2
20,GET,803,1
20,GET,811,1
20,GET,815,1
20,GET,819,4
20,GET,823,2
20,GET,827,1
20,GET,831,5
20,GET,839,2
20,GET,843,3
20,GET,851,3
20,GET,855,3
20,GET,863,5
20,GET,867,3
20,GET,871,2
20,GET,879,5
20,GET,887,3
20,GET,891,1
20,GET,895,2
20,GET,899,1
20,GET,903,3
20,GET,907,1
20,GET,911,2
20,GET,915,5
20,GET,927,2
20,GET,931,3
20,GET,935,4
20,GET,939,1
20,GET,947,1
20,GET,951,4
20,GET,955,1
20,GET,959,3
20,GET,963,2
20,GET,971,4
20,GET,975,1
20,GET,979,1
20,GET,983,1
20,GET,987,1
20,GET,991,1
20,GET,995,2
20,GET,999,2
20,GET,1003,4
20,GET,1007,4
20,GET,1011,2
20,GET,1015,2
20,GET,1019,2
20,GET,1023,1
20,GET,1031,2
20,GET,1039,4
20,GET,1047,4
20,GET,1055,3
20,GET,1063,5
20,GET,1071,7
20,GET,1079,7
20,GET,1087,5
20,GET,1095,4
20,GET,1103,3
20,GET,1111,4
20,GET,1119,4
20,GET,1127,2
20,GET,1135,3
20,GET,1143,3
20,GET,1151,5
20,GET,1159,5
20,GET,1167,2
20,GET,1175,4
20,GET,1183,1
20,GET,1191,4
20,GET,1215,5
20,GET,1223,1
20,GET,1231,1
20,GET,1239,1
20,GET,1247,2
20,GET,1255,2
20,GET,1263,3
20,GET,1271,3
20,GET,1287,1
20,GET,1295,2
20,GET,1311,5
20,GET,1319,6
20,GET,1327,2
20,GET,1335,3
20,GET,1343,4
20,GET,1351,4
20,GET,1359,2
20,GET,1367,7
20,GET,1375,3
20,GET,1383,4
20,GET,1391,1
20,GET,1399,5
20,GET,1407,5
20,GET,1415,4
20,GET,1423,3
20,GET,1431,5
20,GET,1439,3
20,GET,1447,5
20,GET,1455,3
20,GET,1463,2
20,GET,1471,7
20,GET,1479,1
20,GET,1487,3
20,GET,1495,4
20,GET,1503,4
20,GET,1511,6
20,GET,1519,4
20,GET,1527,2
20,GET,1535,3
20,GET,1543,1
20,GET,1551,4
20,GET,1559,2
20,GET,1567,4
20,GET,1575,6
20,GET,1583,3
20,GET,1591,4
20,GET,1599,5
20,GET,1607,4
20,GET,1615,4
20,GET,1623,4
20,GET,1631,5
20,GET,1639,2
20,GET,1647,4
20,GET,1655,3
20,GET,1671,8
20,GET,1679,3
20,GET,1687,2
20,GET,1695,1
20,GET,1703,5
20,GET,1711,1
20,GET,1719,3
20,GET,1727,2
20,GET,1735,1
20,GET,1751,1
20,GET,1759,6
20,GET,1767,2
20,GET,1775,3
20,GET,1783,6
20,GET,1791,2
20,GET,1799,1
20,GET,1815,2
20,GET,1823,3
20,GET,1831,1
20,GET,1839,2
20,GET,1847,3
20,GET,1855,4
20,GET,1863,3
20,GET,1879,5
20,GET,1887,3
20,GET,1895,1
20,GET,1903,3
20,GET,1911,3
20,GET,1919,3
20,GET,1927,2
20,GET,1935,1
20,GET,1943,2
20,GET,1951,3
20,GET,1959,4
20,GET,1967,2
20,GET,1975,4
20,GET,1983,6
20,GET,1991,3
20,GET,1999,5
20,GET,2007,2
20,GET,2015,2
20,GET,2023,3
20,GET,2031,2
20,GET,2047,3
20,GET,2063,6
20,GET,2079,4
20,GET,2095,1
20,GET,2111,4
20,GET,2127,2
20,GET,2143,1
20,GET,2159,2
20,GET,2175,5
20,GET,2191,7
20,GET,2207,3
20,GET,2223,5
20,GET,2239,5
20,GET,2255,4
20,GET,2271,4
20,GET,2287,8
20,GET,2303,2
20,GET,2319,5
20,GET,2335,5
20,GET,2351,3
20,GET,2367,6
20,GET,2383,1
20,GET,2399,3
20,GET,2415,3
20,GET,2431,4
20,GET,2447,4
20,GET,2463,3
20,GET,2479,7
20,GET,2495,5
20,GET,2511,7
20,GET,2527,4
20,GET,2543,4
20,GET,2559,5
20,GET,2575,5
20,GET,2591,4
20,GET,2607,8
20,GET,2623,4
20,GET,2655,6
20,GET,2671,8
20,GET,2687,7
20,GET,2703,5
20,GET,2719,4
20,GET,2735,5
20,GET,2751,3
20,GET,2767,5
20,GET,2783,7
20,GET,2799,3
20,GET,2815,6
20,GET,2831,2
20,GET,2847,6
20,GET,2863,7
20,GET,2879,7
20,GET,2895,9
20,GET,2911,7
20,GET,2927,4
20,GET,2943,6
20,GET,2959,6
20,GET,2975,2
20,GET,2991,5
20,GET,3007,7
20,GET,3023,6
20,GET,3039,3
20,GET,3055,5
20,GET,3071,8
20,GET,3087,8
20,GET,3103,10
20,GET,3119,3
20,GET,3135,3
20,GET,3151,4
20,GET,3167,10
20,GET,3183,6
20,GET,3199,7
20,GET,3215,8
20,GET,3231,3
20,GET,3247,5
20,GET,3263,8
20,GET,3279,6
20,GET,3295,6
20,GET,3311,5
20,GET,3327,7
20,GET,3343,3
20,GET,3359,4
20,GET,3375,5
20,GET,3391,4
20,GET,3407,5
20,GET,3423,2
20,GET,3439,3
20,GET,3455,1
20,GET,3471,7
20,GET,3487,6
20,GET,3503,11
20,GET,3519,8
20,GET,3535,6
20,GET,3551,6
20,GET,3567,3
20,GET,3583,6
20,GET,3599,4
20,GET,3615,10
20,GET,3631,3
20,GET,3647,6
20,GET,3663,4
20,GET,3679,5
20,GET,3695,4
20,GET,3711,12
20,GET,3727,3
20,GET,3743,5
20,GET,3759,6
20,GET,3775,7
20,GET,3791,1
20,GET,3807,4
20,GET,3823,4
20,GET,3839,3
20,GET,3855,8
20,GET,3871,3
20,GET,3887,10
20,GET,3903,5
20,GET,3919,5
20,GET,3935,5
20,GET,3951,4
20,GET,3967,7
20,GET,3983,4
20,GET,3999,9
20,GET,4015,6
20,GET,4031,5
20,GET,4047,11
20,GET,4063,5
20,GET,4079,7
20,GET,4095,7
20,GET,4127,7
20,GET,4159,12
20,GET,4191,12
20,GET,4223,12
20,GET,4255,11
20,GET,4287,17
20,GET,4319,12
20,GET,4351,11
20,GET,4383,12
20,GET,4415,8
20,GET,4447,8
20,GET,4479,6
20,GET,4511,10
20,GET,4543,10
20,GET,4575,8
20,GET,4607,6
20,GET,4639,11
20,GET,4671,7
20,GET,4703,12
20,GET,4735,14
20,GET,4767,8
20,GET,4799,7
20,GET,4831,5
20,GET,4863,5
20,GET,4895,4
20,GET,4927,8
20,GET,4959,6
20,GET,4991,5
20,GET,5023,8
20,GET,5055,8
20,GET,5087,3
20,GET,5119,4
20,GET,5151,6
20,GET,5183,4
20,GET,5215,7
20,GET,5247,8
20,GET,5279,5
20,GET,5311,5
20,GET,5343,5
20,GET,5375,10
20,GET,5407,6
20,GET,5439,5
20,GET,5471,7
20,GET,5503,3
20,GET,5535,6
20,GET,5567,3
20,GET,5599,3
20,GET,5631,3
20,GET,5663,9
20,GET,5695,3
20,GET,5727,2
20,GET,5759,5
20,GET,5791,5
20,GET,5823,4
20,GET,5855,2
20,GET,5919,4
20,GET,5951,4
20,GET,5983,6
20,GET,6015,4
20,GET,6047,6
20,GET,6079,3
20,GET,6111,5
20,GET,6175,4
20,GET,6207,1
20,GET,6239,1
20,GET,6271,4
20,GET,6303,3
20,GET,6335,2
20,GET,6367,1
20,GET,6399,2
20,GET,6431,3
20,GET,6463,4
20,GET,6495,3
20,GET,6527,7
20,GET,6559,1
20,GET,6591,5
20,GET,6655,5
20,GET,6719,2
20,GET,6751,3
20,GET,6783,3
20,GET,6815,2
20,GET,6879,3
20,GET,6911,2
20,GET,6943,2
20,GET,6975,3
20,GET,7007,2
20,GET,7039,1
20,GET,7071,1
20,GET,7103,1
20,GET,7135,1
20,GET,7167,2
20,GET,7199,1
20,GET,7231,2
20,GET,7263,1
20,GET,7295,4
20,GET,7359,3
20,GET,7391,3
20,GET,7423,2
20,GET,7455,2
20,GET,7519,1
20,GET,7551,1
20,GET,7583,1
20,GET,7647,2
20,GET,7679,1
20,GET,7871,2
20,GET,7935,1
20,GET,8031,1
20,GET,8095,1
20,GET,8127,1
20,GET,8159,1
20,GET,8191,2
20,GET,8255,3
20,GET,8319,2
20,GET,8511,2
20,GET,8639,1
20,GET,8831,3
20,GET,9023,1
20,GET,9151,1
20,GET,9407,2
20,GET,9599,1
20,GET,10751,1
20,SET,185,1
20,SET,188,1
20,SET,193,1
20,SET,194,1
20,SET,197,1
20,SET,205,2
20,SET,207,1
20,SET,208,1
20,SET,209,3
20,SET,226,1
20,SET,231,1
20,SET,244,1
20,SET,267,1
20,SET,271,1
20,SET,279,1
20,SET,315,1
20,SET,443,1
20,SET,453,1
20,SET,463,1
20,SET,465,1
20,SET,515,1
20,SET,531,1
20,SET,567,1
20,SET,575,1
20,SET,587,1
20,SET,607,1
20,SET,611,1
20,SET,647,1
20,SET,699,1
20,SET,727,1
20,SET,775,1
20,SET,787,1
20,SET,819,2
20,SET,835,1
20,SET,875,1
20,SET,907,1
20,SET,915,1
20,SET,919,1
20,SET,923,1
20,SET,955,1
20,SET,995,1
20,SET,1015,1
20,SET,1023,1
20,SET,1071,1
20,SET,1111,1
20,SET,1127,1
20,SET,1143,1
20,SET,1167,1
20,SET,1183,1
20,SET,1255,1
20,SET,1303,1
20,SET,1311,1
20,SET,1335,1
20,SET,1359,1
20,SET,1391,1
20,SET,1407,1
20,SET,1415,1
20,SET,1423,1
20,SET,1503,1
20,SET,1511,1
20,SET,1551,1
20,SET,1591,1
20,SET,1615,1
20,SET,1623,1
20,SET,1655,1
20,SET,1695,1
20,SET,1743,1
20,SET,1751,1
20,SET,1783,1
20,SET,1967,1
20,SET,2023,1
20,SET,2079,1
20,SET,2159,1
20,SET,2223,1
20,SET,2239,2
20,SET,2287,2
20,SET,2447,1
20,SET,2479,1
20,SET,2495,2
20,SET,2607,1
20,SET,2623,1
20,SET,2767,1
20,SET,2815,1
20,SET,2831,1
20,SET,2847,1
20,SET,2863,1
20,SET,2895,1
20,SET,2975,4
20,SET,3039,1
20,SET,3055,1
20,SET,3087,2
20,SET,3151,1
20,SET,3183,1
20,SET,3247,1
20,SET,3263,1
20,SET,3279,1
20,SET,3311,1
20,SET,3327,1
20,SET,3359,1
20,SET,3423,2
20,SET,3439,1
20,SET,3455,1
20,SET,3487,1
20,SET,3551,1
20,SET,3567,1
20,SET,3631,2
20,SET,3647,1
20,SET,3679,1
20,SET,3727,3
20,SET,3791,1
20,SET,3839,1
20,SET,3871,2
20,SET,4095,1
20,SET,4127,3
20,SET,4191,2
20,SET,4287,1
20,SET,4479,1
20,SET,4575,3
20,SET,4639,1
20,SET,4703,1
20,SET,4767,1
20,SET,4831,2
20,SET,4895,1
20,SET,4959,1
20,SET,4991,1
20,SET,5119,1
20,SET,5215,1
20,SET,5247,1
20,SET,5311,2
20,SET,5503,1
20,SET,5535,1
20,SET,6111,1
20,SET,6143,1
20,SET,6175,1
20,SET,6335,1
20,SET,6367,1
20,SET,6527,1
20,SET,6591,1
20,SET,8127,1
20,SET,8383,1
21,DEL,141,1
21,DEL,154,2
21,DEL,163,1
21,DEL,165,2
21,DEL,167,1
21,DEL,169,1
21,DEL,170,1
21,DEL,173,1
21,DEL,174,1
21,DEL,175,4
21,DEL,176,2
21,DEL,177,1
21,DEL,178,1
21,DEL,180,1
21,DEL,181,1
21,DEL,182,2
21,DEL,183,1
21,DEL,184,1
21,DEL,185,2
21,DEL,186,1
21,DEL,187,1
21,DEL,188,2
21,DEL,189,2
21,DEL,190,2
21,DEL,191,1
21,DEL,192,3
21,DEL,193,4
21,DEL,194,3
21,DEL,195,5
21,DEL,196,1
21,DEL,197,1
21,DEL,198,2
21,DEL,199,3
21,DEL,200,2
21,DEL,201,1
21,DEL,202,1
21,DEL,203,2
21,DEL,204,1
21,DEL,205,2
21,DEL,207,1
21,DEL,210,1
21,DEL,211,1
21,DEL,215,1
21,DEL,216,1
21,DEL,217,1
21,DEL,219,1
21,DEL,222,1
21,DEL,224,4
21,DEL,227,2
21,DEL,229,2
21,DEL,231,1
21,DEL,232,1
21,DEL,235,1
21,DEL,238,2
21,DEL,240,1
21,DEL,241,3
21,DEL,246,1
21,DEL,248,2
21,DEL,253,1
21,DEL,261,2
21,DEL,269,1
21,DEL,271,1
21,DEL,273,1
21,DEL,275,1
21,DEL,281,1
21,DEL,283,1
21,DEL,285,1
21,DEL,289,1
21,DEL,299,1
21,DEL,301,1
21,DEL,303,1
21,DEL,311,1
21,DEL,319,1
21,DEL,323,1
21,DEL,325,1
21,DEL,329,1
21,DEL,331,1
21,DEL,337,2
21,DEL,343,1
21,DEL,359,1
21,DEL,371,1
21,DEL,393,1
21,DEL,409,1
21,DEL,415,2
21,DEL,427,1
21,DEL,435,1
21,DEL,439,2
21,DEL,445,1
21,DEL,447,2
21,DEL,453,1
21,DEL,455,2
21,DEL,461,1
21,DEL,469,1
21,DEL,481,1
21,DEL,491,1
21,DEL,507,2
21,DEL,509,1
21,DEL,523,2
21,DEL,531,1
21,DEL,535,1
21,DEL,551,2
21,DEL,559,2
21,DEL,563,1
21,DEL,567,1
21,DEL,575,1
21,DEL,595,2
21,DEL,603,1
21,DEL,611,1
21,DEL,619,1
21,DEL,623,1
21,DEL,647,1
21,DEL,655,2
21,DEL,659,1
21,DEL,667,1
21,DEL,671,2
21,DEL,679,1
21,DEL,699,1
21,DEL,707,1
21,DEL,719,1
21,DEL,723,1
21,DEL,727,1
21,DEL,731,1
21,DEL,735,1
21,DEL,751,2
21,DEL,755,3
21,DEL,759,1
21,DEL,763,2
21,DEL,767,1
21,DEL,771,1
21,DEL,779,2
21,DEL,787,1
21,DEL,795,2
21,DEL,799,1
21,DEL,819,2
21,DEL,827,1
21,DEL,835,1
21,DEL,847,1
21,DEL,859,1
21,DEL,863,1
21,DEL,867,3
21,DEL,871,1
21,DEL,875,1
21,DEL,879,1
21,DEL,883,1
21,DEL,895,1
21,DEL,899,1
21,DEL,915,2
21,DEL,919,1
21,DEL,923,1
21,DEL,927,2
21,DEL,931,1
21,DEL,935,3
21,DEL,947,1
21,DEL,955,1
21,DEL,959,1
21,DEL,967,1
21,DEL,983,3
21,DEL,1007,1
21,DEL,1019,1
21,DEL,1031,1
21,DEL,1039,1
21,DEL,1047,1
21,DEL,1055,2
21,DEL,1063,2
21,DEL,1087,1
21,DEL,1111,1
21,DEL,1119,2
21,DEL,1127,2
21,DEL,1143,2
21,DEL,1151,2
21,DEL,1159,1
21,DEL,1167,1
21,DEL,1183,1
21,DEL,1223,1
21,DEL,1239,1
21,DEL,1255,1
21,DEL,1263,1
21,DEL,1279,1
21,DEL,1303,1
21,DEL,1311,1
21,DEL,1319,1
21,DEL,1343,1
21,DEL,1351,1
21,DEL,1359,1
21,DEL,1383,2
21,DEL,1399,1
21,DEL,1415,1
21,DEL,1431,1
21,DEL,1439,1
21,DEL,1471,1
21,DEL,1543,2
21,DEL,1559,1
21,DEL,1567,1
21,DEL,1631,1
21,DEL,1639,1
21,DEL,1655,1
21,DEL,1663,1
21,DEL,1695,2
21,DEL,1735,1
21,DEL,1743,1
21,DEL,1799,1
21,DEL,1807,1
21,DEL,1831,2
21,DEL,1839,1
21,DEL,1847,1
21,DEL,1911,1
21,DEL,1935,1
21,DEL,2079,1
21,DEL,2095,1
21,DEL,2143,1
21,DEL,2159,1
21,DEL,2191,1
21,DEL,2223,1
21,DEL,2383,1
21,DEL,2399,1
21,DEL,2479,1
21,DEL,2495,1
21,DEL,2511,1
21,DEL,2591,1
21,DEL,2639,1
21,DEL,2703,1
21,DEL,2879,1
21,DEL,2975,1
21,DEL,3007,2
21,DEL,3055,1
21,DEL,3119,1
21,DEL,3151,2
21,DEL,3183,3
21,DEL,3215,2
21,DEL,3247,2
21,DEL,3311,1
21,DEL,3327,2
21,DEL,3359,2
21,DEL,3455,1
21,DEL,3487,1
21,DEL,3631,2
21,DEL,3663,1
21,DEL,3743,1
21,DEL,3759,1
21,DEL,3807,1
21,DEL,3823,1
21,DEL,3839,1
21,DEL,3871,1
21,DEL,3887,2
21,DEL,3903,1
21,DEL,3935,1
21,DEL,3967,3
21,DEL,3983,2
21,DEL,4015,2
21,DEL,4095,1
21,DEL,4127,1
21,DEL,4159,3
21,DEL,4191,2
21,DEL,4223,1
21,DEL,4255,1
21,DEL,4287,3
21,DEL,4351,1
21,DEL,4383,2
21,DEL,4415,3
21,DEL,4447,1
21,DEL,4479,1
21,DEL,4511,1
21,DEL,4543,1
21,DEL,4575,1
21,DEL,4639,1
21,DEL,4703,3
21,DEL,4735,1
21,DEL,4767,1
21,DEL,4831,2
21,DEL,4895,4
21,DEL,4959,1
21,DEL,4991,1
21,DEL,5023,2
21,DEL,5087,2
21,DEL,5119,2
21,DEL,5151,1
21,DEL,5247,1
21,DEL,5311,4
21,DEL,5343,1
21,DEL,5375,1
21,DEL,5407,2
21,DEL,5439,2
21,DEL,5471,1
21,DEL,5503,2
21,DEL,5535,3
21,DEL,5567,2
21,DEL,5599,1
21,DEL,5631,1
21,DEL,5663,2
21,DEL,5695,1
21,DEL,5727,3
21,DEL,5791,1
21,DEL,5823,1
21,DEL,5855,1
21,DEL,5887,3
21,DEL,5919,1
21,DEL,5951,1
21,DEL,6015,2
21,DEL,6079,1
21,DEL,6111,1
21,DEL,6271,1
21,DEL,6303,1
21,DEL,6367,1
21,DEL,6399,2
21,DEL,6463,1
21,DEL,6495,1
21,DEL,6559,1
21,DEL,6751,1
21,DEL,6815,2
21,DEL,6847,1
21,DEL,7007,1
21,DEL,7103,1
21,DEL,7135,1
21,DEL,7167,2
21,DEL,7199,1
21,DEL,7359,1
21,DEL,7519,2
21,DEL,7551,2
21,DEL,7583,2
21,DEL,7615,1
21,DEL,7647,1
21,DEL,7679,2
21,DEL,7711,1
21,DEL,7775,2
21,DEL,7903,3
21,DEL,7967,1
21,DEL,8031,1
21,DEL,8159,1
21,DEL,8255,1
21,DEL,8383,2
21,DEL,8511,2
21,DEL,8575,1
21,DEL,8639,1
21,DEL,8767,2
21,DEL,8895,1
21,DEL,9279,1
21,DEL,9471,1
21,DEL,9535,2
21,DEL,9599,1
21,DEL,9663,1
21,DEL,9727,1
21,DEL,9791,3
21,DEL,9983,1
21,DEL,10047,1
21,DEL,10431,2
21,DEL,11199,1
21,DEL,11391,1
21,DEL,11967,1
21,DEL,12287,2
21,DEL,12927,1
21,DEL,13311,1
21,DEL,37375,1
21,DEL,37887,1
21,DEL,38911,1
21,DEL,41727,1
21,DEL,42239,3
21,DEL,44799,1
21,DEL,45567,1
21,DEL,48895,1
21,DEL,49919,1
21,DEL,51455,1
21,DEL,52735,1
21,DEL,54015,2
21,DEL,56831,1
21,DEL,57343,1
21,DEL,57855,1
21,DEL,58111,3
21,DEL,58367,2
21,DEL,58623,2
21,DEL,58879,1
21,DEL,59391,1
21,DEL,59647,2
21,DEL,59903,2
21,DEL,60159,1
21,DEL,60415,1
21,DEL,60671,1
21,DEL,60927,1
21,DEL,61183,1
21,DEL,61439,2
21,DEL,61695,1
21,DEL,62207,2
21,DEL,62463,1
21,DEL,62719,3
21,DEL,62975,4
21,DEL,63231,2
21,DEL,63487,2
21,DEL,63743,3
21,DEL,63999,4
21,DEL,64255,1
21,DEL,64511,2
21,DEL,64767,5
21,DEL,65023,3
21,DEL,65279,5
21,DEL,65535,5
21,DEL,66047,5
21,DEL,66559,7
21,DEL,67071,2
21,DEL,67583,16
21,DEL,68095,4
21,DEL,68607,13
21,DEL,69119,11
21,DEL,69631,15
21,DEL,70143,11
21,DEL,70655,5
21,DEL,71167,9
21,DEL,71679,6
21,DEL,72191,6
21,DEL,72703,6
21,DEL,73215,10
21,DEL,73727,6
21,DEL,74239,9
21,DEL,74751,4
21,DEL,75263,7
21,DEL,75775,8
21,DEL,76287,4
21,DEL,76799,3
21,DEL,77311,3
21,DEL,77823,3
21,DEL,78335,1
21,DEL,78847,2
21,DEL,79359,5
21,DEL,79871,3
21,DEL,80383,3
21,DEL,81407,1
21,DEL,81919,2
21,DEL,82431,4
21,DEL,86527,1
21,DEL,87551,1
21,DEL,92671,1
21,SET,175,1
21,SET,177,1
21,SET,180,1
21,SET,186,2
21,SET,190,3
21,SET,191,1
21,SET,193,1
21,SET,200,1
21,SET,201,1
21,SET,203,1
21,SET,204,1
21,SET,206,1
21,SET,209,1
21,SET,221,1
21,SET,223,1
21,SET,233,1
21,SET,249,1
21,SET,251,1
21,SET,259,1
21,SET,291,1
21,SET,331,1
21,SET,389,1
21,SET,441,1
21,SET,447,1
21,SET,451,1
21,SET,527,1
21,SET,535,2
21,SET,551,1
21,SET,583,1
21,SET,611,1
21,SET,679,1
21,SET,691,1
21,SET,755,1
21,SET,787,2
21,SET,807,1
21,SET,815,1
21,SET,823,1
21,SET,863,1
21,SET,883,1
21,SET,923,1
21,SET,931,1
21,SET,947,1
21,SET,979,2
21,SET,991,1
21,SET,995,1
21,SET,1019,1
21,SET,1031,1
21,SET,1039,1
21,SET,1135,1
21,SET,1143,1
21,SET,1183,1
21,SET,1231,1
21,SET,1255,1
21,SET,1335,1
21,SET,1351,1
21,SET,1375,1
21,SET,1383,1
21,SET,1415,2
21,SET,1431,1
21,SET,1479,1
21,SET,1503,1
21,SET,1535,1
21,SET,1543,1
21,SET,1583,1
21,SET,1591,1
21,SET,1607,1
21,SET,1639,1
21,SET,1663,1
21,SET,1703,1
21,SET,1719,1
21,SET,1727,1
21,SET,1751,1
21,SET,1783,2
21,SET,1815,1
21,SET,1983,1
21,SET,2063,1
21,SET,2111,1
21,SET,2207,1
21,SET,2239,1
21,SET,2271,1
21,SET,2287,2
21,SET,2319,1
21,SET,2431,1
21,SET,2559,1
21,SET,2575,1
21,SET,2607,1
21,SET,2623,1
21,SET,2639,1
21,SET,2655,1
21,SET,2735,1
21,SET,2767,1
21,SET,2815,1
21,SET,2847,1
21,SET,2863,1
21,SET,2927,1
21,SET,2943,2
21,SET,2959,1
21,SET,3167,2
21,SET,3199,1
21,SET,3215,2
21,SET,3263,1
21,SET,3279,1
21,SET,3455,1
21,SET,3503,1
21,SET,3535,1
21,SET,3551,2
21,SET,3615,1
21,SET,3695,3
21,SET,3759,1
21,SET,3775,2
21,SET,3807,1
21,SET,3871,1
21,SET,3903,1
21,SET,3935,1
21,SET,4127,1
21,SET,4159,1
21,SET,4223,2
21,SET,4255,1
21,SET,4287,3
21,SET,4319,2
21,SET,4383,2
21,SET,4447,1
21,SET,4511,1
21,SET,4575,1
21,SET,4671,1
21,SET,4735,2
21,SET,4863,1
21,SET,4895,1
21,SET,4991,2
21,SET,5023,2
21,SET,5087,1
21,SET,5119,1
21,SET,5247,1
21,SET,5279,1
21,SET,5311,1
21,SET,5567,1
21,SET,5663,1
21,SET,5727,1
21,SET,5887,2
21,SET,6079,1
21,SET,6143,1
21,SET,6207,1
21,SET,6303,1
21,SET,6431,1
21,SET,6495,1
21,SET,6975,1
21,SET,7007,1
21,SET,7039,1
21,SET,7327,1
21,SET,9535,1
21,GET,118,1
21,GET,130,1
21,GET,132,1
21,GET,143,1
21,GET,147,1
21,GET,148,1
21,GET,149,2
21,GET,153,1
21,GET,154,1
21,GET,156,3
21,GET,158,4
21,GET,159,1
21,GET,160,2
21,GET,162,2
21,GET,163,2
21,GET,164,3
21,GET,165,2
21,GET,166,2
21,GET,167,1
21,GET,168,1
21,GET,169,1
21,GET,170,2
21,GET,171,4
21,GET,172,6
21,GET,173,6
21,GET,174,3
21,GET,175,1
21,GET,176,1
21,GET,177,5
21,GET,178,7
21,GET,179,4
21,GET,180,1
21,GET,181,3
21,GET,182,4
21,GET,183,5
21,GET,184,2
21,GET,185,4
21,GET,186,7
21,GET,187,2
21,GET,188,7
21,GET,189,1
21,GET,190,3
21,GET,191,5
21,GET,192,3
21,GET,193,6
21,GET,194,3
21,GET,195,5
21,GET,196,4
21,GET,197,3
21,GET,198,4
21,GET,199,3
21,GET,200,6
21,GET,201,3
21,GET,202,6
21,GET,203,4
21,GET,204,8
21,GET,205,5
21,GET,206,5
21,GET,207,3
21,GET,208,1
21,GET,209,4
21,GET,210,3
21,GET,211,3
21,GET,212,3
21,GET,213,2
21,GET,214,3
21,GET,215,2
21,GET,216,5
21,GET,217,3
21,GET,218,4
21,GET,219,2
21,GET,220,5
21,GET,221,4
21,GET,222,1
21,GET,223,2
21,GET,224,3
21,GET,225,3
21,GET,226,4
21,GET,227,2
21,GET,228,3
21,GET,229,1
21,GET,230,1
21,GET,231,2
21,GET,232,2
21,GET,234,3
21,GET,235,2
21,GET,236,2
21,GET,237,1
21,GET,241,2
21,GET,242,1
21,GET,243,2
21,GET,244,1
21,GET,245,1
21,GET,246,1
21,GET,247,1
21,GET,248,2
21,GET,249,1
21,GET,252,1
21,GET,254,1
21,GET,255,1
21,GET,257,5
21,GET,259,3
21,GET,261,2
21,GET,265,2
21,GET,269,3
21,GET,271,2
21,GET,273,2
21,GET,275,2
21,GET,279,1
21,GET,281,1
21,GET,283,1
21,GET,285,2
21,GET,287,1
21,GET,291,1
21,GET,293,4
21,GET,295,1
21,GET,297,1
21,GET,299,2
21,GET,301,3
21,GET,305,1
21,GET,307,2
21,GET,309,3
21,GET,311,1
21,GET,313,1
21,GET,317,1
21,GET,321,2
21,GET,323,1
21,GET,325,1
21,GET,327,1
21,GET,329,1
21,GET,331,1
21,GET,337,2
21,GET,341,1
21,GET,343,1
21,GET,353,1
21,GET,355,1
21,GET,361,1
21,GET,365,2
21,GET,367,2
21,GET,371,1
21,GET,383,1
21,GET,385,1
21,GET,387,1
21,GET,389,1
21,GET,403,1
21,GET,405,2
21,GET,409,1
21,GET,411,1
21,GET,413,2
21,GET,419,1
21,GET,421,1
21,GET,423,2
21,GET,431,1
21,GET,433,3
21,GET,435,2
21,GET,437,1
21,GET,443,1
21,GET,465,2
21,GET,473,1
21,GET,477,1
21,GET,483,1
21,GET,487,2
21,GET,493,3
21,GET,495,2
21,GET,497,1
21,GET,507,1
21,GET,509,1
21,GET,511,1
21,GET,515,2
21,GET,519,1
21,GET,523,1
21,GET,527,3
21,GET,531,2
21,GET,535,1
21,GET,543,1
21,GET,547,1
21,GET,555,2
21,GET,559,3
21,GET,563,1
21,GET,567,1
21,GET,571,2
21,GET,575,2
21,GET,579,3
21,GET,583,2
21,GET,587,2
21,GET,595,1
21,GET,599,1
21,GET,603,1
21,GET,607,3
21,GET,615,2
21,GET,619,1
21,GET,623,1
21,GET,627,1
21,GET,631,2
21,GET,635,1
21,GET,643,1
21,GET,647,1
21,GET,655,1
21,GET,659,1
21,GET,663,3
21,GET,667,1
21,GET,679,2
21,GET,683,1
21,GET,687,3
21,GET,691,2
21,GET,695,2
21,GET,699,3
21,GET,707,2
21,GET,711,2
21,GET,715,1
21,GET,719,4
21,GET,723,2
21,GET,731,1
21,GET,739,3
21,GET,743,3
21,GET,747,2
21,GET,751,1
21,GET,755,1
21,GET,759,3
21,GET,763,1
21,GET,767,2
21,GET,771,3
21,GET,775,2
21,GET,779,1
21,GET,787,1
21,GET,791,1
21,GET,799,3
21,GET,803,2
21,GET,807,1
21,GET,811,1
21,GET,815,5
21,GET,819,2
21,GET,823,3
21,GET,831,5
21,GET,835,2
21,GET,839,4
21,GET,843,3
21,GET,847,2
21,GET,851,3
21,GET,855,2
21,GET,859,3
21,GET,863,5
21,GET,867,1
21,GET,871,1
21,GET,875,1
21,GET,879,2
21,GET,883,4
21,GET,887,4
21,GET,891,2
21,GET,895,2
21,GET,899,1
21,GET,907,2
21,GET,911,2
21,GET,915,1
21,GET,919,3
21,GET,923,1
21,GET,927,1
21,GET,931,3
21,GET,935,3
21,GET,939,1
21,GET,943,2
21,GET,947,3
21,GET,951,1
21,GET,955,1
21,GET,959,1
21,GET,963,2
21,GET,967,2
21,GET,975,1
21,GET,979,1
21,GET,983,1
21,GET,987,1
21,GET,991,1
21,GET,995,2
21,GET,999,6
21,GET,1003,6
21,GET,1015,1
21,GET,1019,3
21,GET,1023,2
21,GET,1031,5
21,GET,1039,2
21,GET,1047,2
21,GET,1055,3
21,GET,1063,4
21,GET,1071,4
21,GET,1079,4
21,GET,1087,3
21,GET,1103,2
21,GET,1111,2
21,GET,1119,7
21,GET,1127,2
21,GET,1135,2
21,GET,1143,6
21,GET,1151,1
21,GET,1159,2
21,GET,1167,1
21,GET,1175,2
21,GET,1191,6
21,GET,1207,1
21,GET,1215,4
21,GET,1231,1
21,GET,1239,3
21,GET,1247,3
21,GET,1255,2
21,GET,1263,2
21,GET,1271,6
21,GET,1279,3
21,GET,1287,1
21,GET,1295,2
21,GET,1303,1
21,GET,1327,5
21,GET,1335,3
21,GET,1351,3
21,GET,1359,3
21,GET,1367,4
21,GET,1375,5
21,GET,1383,4
21,GET,1391,2
21,GET,1399,2
21,GET,1407,5
21,GET,1415,1
21,GET,1423,1
21,GET,1431,4
21,GET,1439,4
21,GET,1447,5
21,GET,1455,5
21,GET,1463,4
21,GET,1471,3
21,GET,1479,4
21,GET,1487,7
21,GET,1495,3
21,GET,1503,5
21,GET,1511,5
21,GET,1519,4
21,GET,1527,4
21,GET,1535,6
21,GET,1543,5
21,GET,1551,4
21,GET,1559,2
21,GET,1567,5
21,GET,1575,4
21,GET,1583,3
21,GET,1591,4
21,GET,1599,3
21,GET,1607,1
21,GET,1615,2
21,GET,1623,3
21,GET,1631,3
21,GET,1639,2
21,GET,1647,8
21,GET,1655,5
21,GET,1663,4
21,GET,1671,2
21,GET,1679,2
21,GET,1687,2
21,GET,1695,2
21,GET,1703,3
21,GET,1711,2
21,GET,1719,1
21,GET,1727,5
21,GET,1735,1
21,GET,1743,7
21,GET,1751,4
21,GET,1759,2
21,GET,1767,1
21,GET,1775,5
21,GET,1783,1
21,GET,1791,1
21,GET,1799,4
21,GET,1807,2
21,GET,1815,1
21,GET,1823,2
21,GET,1831,5
21,GET,1839,1
21,GET,1847,4
21,GET,1855,2
21,GET,1863,7
21,GET,1871,4
21,GET,1879,3
21,GET,1887,3
21,GET,1895,4
21,GET,1903,1
21,GET,1919,1
21,GET,1927,2
21,GET,1935,3
21,GET,1943,4
21,GET,1951,3
21,GET,1959,2
21,GET,1967,2
21,GET,1975,1
21,GET,1983,3
21,GET,1991,5
21,GET,1999,1
21,GET,2007,2
21,GET,2015,3
21,GET,2031,4
21,GET,2039,5
21,GET,2047,1
21,GET,2063,5
21,GET,2079,3
21,GET,2095,4
21,GET,2111,3
21,GET,2127,5
21,GET,2143,5
21,GET,2159,5
21,GET,2175,4
21,GET,2191,6
21,GET,2207,4
21,GET,2223,9
21,GET,2239,4
21,GET,2255,6
21,GET,2271,10
21,GET,2287,1
21,GET,2303,8
21,GET,2319,3
21,GET,2335,2
21,GET,2351,6
21,GET,2367,4
21,GET,2383,5
21,GET,2399,7
21,GET,2415,2
21,GET,2431,8
21,GET,2447,2
21,GET,2463,3
21,GET,2479,5
21,GET,2495,9
21,GET,2511,3
21,GET,2527,3
21,GET,2543,6
21,GET,2559,4
21,GET,2575,2
21,GET,2591,7
21,GET,2607,6
21,GET,2623,7
21,GET,2639,3
21,GET,2655,2
21,GET,2671,6
21,GET,2687,4
21,GET,2703,7
21,GET,2719,8
21,GET,2735,5
21,GET,2751,3
21,GET,2767,7
21,GET,2783,9
21,GET,2799,10
21,GET,2815,5
21,GET,2831,6
21,GET,2847,6
21,GET,2863,2
21,GET,2879,8
21,GET,2895,1
21,GET,2911,4
21,GET,2927,5
21,GET,2943,4
21,GET,2959,6
21,GET,2975,8
21,GET,2991,3
21,GET,3007,6
21,GET,3023,6
21,GET,3039,2
21,GET,3055,6
21,GET,3071,4
21,GET,3087,6
21,GET,3103,6
21,GET,3119,5
21,GET,3135,5
21,GET,3151,7
21,GET,3167,8
21,GET,3183,8
21,GET,3199,8
21,GET,3215,3
21,GET,3231,2
21,GET,3247,8
21,GET,3263,10
21,GET,3279,11
21,GET,3295,5
21,GET,3311,5
21,GET,3327,7
21,GET,3343,4
21,GET,3359,6
21,GET,3375,7
21,GET,3391,3
21,GET,3407,11
21,GET,3423,1
21,GET,3439,7
21,GET,3455,3
21,GET,3471,6
21,GET,3487,5
21,GET,3503,9
21,GET,3519,6
21,GET,3535,7
21,GET,3551,5
21,GET,3567,5
21,GET,3583,10
21,GET,3599,9
21,GET,3615,3
21,GET,3631,5
21,GET,3647,7
21,GET,3663,9
21,GET,3679,6
21,GET,3695,13
21,GET,3711,5
21,GET,3727,7
21,GET,3743,9
21,GET,3759,6
21,GET,3775,3
21,GET,3791,7
21,GET,3807,7
21,GET,3823,4
21,GET,3839,5
21,GET,3855,9
21,GET,3871,6
21,GET,3887,8
21,GET,3903,5
21,GET,3919,3
21,GET,3935,4
21,GET,3951,1
21,GET,3967,6
21,GET,3983,5
21,GET,3999,6
21,GET,4015,6
21,GET,4031,1
21,GET,4047,2
21,GET,4063,6
21,GET,4079,5
21,GET,4095,1
21,GET,4127,7
21,GET,4159,14
21,GET,4191,9
21,GET,4223,19
21,GET,4255,6
21,GET,4287,13
21,GET,4319,9
21,GET,4351,11
21,GET,4383,5
21,GET,4415,5
21,GET,4447,14
21,GET,4479,10
21,GET,4511,8
21,GET,4543,14
21,GET,4575,9
21,GET,4607,8
21,GET,4639,6
21,GET,4671,5
21,GET,4703,9
21,GET,4735,7
21,GET,4767,11
21,GET,4799,6
21,GET,4831,8
21,GET,4863,5
21,GET,4895,6
21,GET,4927,3
21,GET,4959,13
21,GET,4991,4
21,GET,5023,4
21,GET,5055,3
21,GET,5087,6
21,GET,5119,3
21,GET,5151,5
21,GET,5183,6
21,GET,5215,6
21,GET,5247,6
21,GET,5279,2
21,GET,5311,6
21,GET,5343,8
21,GET,5375,3
21,GET,5407,2
21,GET,5439,3
21,GET,5471,5
21,GET,5503,5
21,GET,5535,4
21,GET,5567,7
21,GET,5599,6
21,GET,5631,4
21,GET,5663,7
21,GET,5695,5
21,GET,5727,2
21,GET,5791,4
21,GET,5823,5
21,GET,5855,8
21,GET,5887,4
21,GET,5919,3
21,GET,5951,4
21,GET,5983,5
21,GET,6015,6
21,GET,6047,6
21,GET,6079,4
21,GET,6111,2
21,GET,6143,1
21,GET,6175,3
21,GET,6207,3
21,GET,6271,3
21,GET,6303,3
21,GET,6335,2
21,GET,6367,4
21,GET,6399,4
21,GET,6431,1
21,GET,6463,3
21,GET,6527,3
21,GET,6559,4
21,GET,6591,3
21,GET,6623,3
21,GET,6655,2
21,GET,6687,2
21,GET,6719,2
21,GET,6751,3
21,GET,6783,2
21,GET,6815,3
21,GET,6847,3
21,GET,6879,2
21,GET,6911,3
21,GET,6975,1
21,GET,7007,1
21,GET,7071,2
21,GET,7103,2
21,GET,7135,1
21,GET,7167,1
21,GET,7199,2
21,GET,7231,2
21,GET,7263,1
21,GET,7295,1
21,GET,7359,2
21,GET,7455,1
21,GET,7487,1
21,GET,7583,1
21,GET,7615,2
21,GET,7743,1
21,GET,7839,1
21,GET,7935,1
21,GET,8191,1
21,GET,8319,1
21,GET,8447,1
21,GET,8511,1
21,GET,8575,3
21,GET,8639,1
21,GET,8703,1
21,GET,8895,1
21,GET,8959,1
21,GET,9471,1
21,GET,9663,1
21,GET,10047,1
21,GET,12031,1
22,GET,112,1
22,GET,114,1
22,GET,127,1
22,GET,128,1
22,GET,135,1
22,GET,140,2
22,GET,141,1
22,GET,143,2
22,GET,145,1
22,GET,149,1
22,GET,150,1
22,GET,151,1
22,GET,152,3
22,GET,154,1
22,GET,155,3
22,GET,157,1
22,GET,158,3
22,GET,159,1
22,GET,160,1
22,GET,161,3
22,GET,163,2
22,GET,164,1
22,GET,165,1
22,GET,166,2
22,GET,167,1
22,GET,169,2
22,GET,170,3
22,GET,171,6
22,GET,172,1
22,GET,173,3
22,GET,174,6
22,GET,175,2
22,GET,176,1
22,GET,177,6
22,GET,178,3
22,GET,179,6
22,GET,180,1
22,GET,181,4
22,GET,182,9
22,GET,183,4
22,GET,184,5
22,GET,185,5
22,GET,186,5
22,GET,187,3
22,GET,188,6
22,GET,189,3
22,GET,190,3
22,GET,191,2
22,GET,192,5
22,GET,193,4
22,GET,194,3
22,GET,195,4
22,GET,196,6
22,GET,197,3
22,GET,198,3
22,GET,199,3
22,GET,200,7
22,GET,201,4
22,GET,202,1
22,GET,203,5
22,GET,204,4
22,GET,205,2
22,GET,206,2
22,GET,207,4
22,GET,208,2
22,GET,209,2
22,GET,210,1
22,GET,211,5
22,GET,212,4
22,GET,213,3
22,GET,214,2
22,GET,215,1
22,GET,216,3
22,GET,218,3
22,GET,219,3
22,GET,220,4
22,GET,221,3
22,GET,222,2
22,GET,223,3
22,GET,224,2
22,GET,225,2
22,GET,226,3
22,GET,228,5
22,GET,229,4
22,GET,230,4
22,GET,231,4
22,GET,232,3
22,GET,233,1
22,GET,234,3
22,GET,235,2
22,GET,236,2
22,GET,237,1
22,GET,238,1
22,GET,239,3
22,GET,240,2
22,GET,241,3
22,GET,242,1
22,GET,246,1
22,GET,247,2
22,GET,248,1
22,GET,249,1
22,GET,254,2
22,GET,255,3
22,GET,257,4
22,GET,259,2
22,GET,261,4
22,GET,263,2
22,GET,265,1
22,GET,267,1
22,GET,269,1
22,GET,271,1
22,GET,273,4
22,GET,275,4
22,GET,277,2
22,GET,279,2
22,GET,281,1
22,GET,283,3
22,GET,287,1
22,GET,291,4
22,GET,293,2
22,GET,297,2
22,GET,301,3
22,GET,303,3
22,GET,305,1
22,GET,311,3
22,GET,313,1
22,GET,315,1
22,GET,317,2
22,GET,319,2
22,GET,321,1
22,GET,323,2
22,GET,325,1
22,GET,327,3
22,GET,329,1
22,GET,331,2
22,GET,337,2
22,GET,339,1
22,GET,341,1
22,GET,345,1
22,GET,347,1
22,GET,351,1
22,GET,353,2
22,GET,359,1
22,GET,361,1
22,GET,369,2
22,GET,373,1
22,GET,385,3
22,GET,389,2
22,GET,395,2
22,GET,399,1
22,GET,401,3
22,GET,403,3
22,GET,405,1
22,GET,409,2
22,GET,411,1
22,GET,413,1
22,GET,415,1
22,GET,419,2
22,GET,425,1
22,GET,427,1
22,GET,433,2
22,GET,439,2
22,GET,441,1
22,GET,447,1
22,GET,453,1
22,GET,471,1
22,GET,473,1
22,GET,475,1
22,GET,479,1
22,GET,485,1
22,GET,487,1
22,GET,489,1
22,GET,495,1
22,GET,497,1
22,GET,499,2
22,GET,501,1
22,GET,507,1
22,GET,511,1
22,GET,515,1
22,GET,527,1
22,GET,531,2
22,GET,539,1
22,GET,543,2
22,GET,547,1
22,GET,551,2
22,GET,559,2
22,GET,563,2
22,GET,567,1
22,GET,571,4
22,GET,575,1
22,GET,583,2
22,GET,587,1
22,GET,591,1
22,GET,595,1
22,GET,599,1
22,GET,607,3
22,GET,611,2
22,GET,615,2
22,GET,619,1
22,GET,623,1
22,GET,627,3
22,GET,631,1
22,GET,635,1
22,GET,639,3
22,GET,643,3
22,GET,655,2
22,GET,659,1
22,GET,663,2
22,GET,671,2
22,GET,675,2
22,GET,679,1
22,GET,683,1
22,GET,687,1
22,GET,691,2
22,GET,695,2
22,GET,699,3
22,GET,703,4
22,GET,707,1
22,GET,711,1
22,GET,715,2
22,GET,719,2
22,GET,723,1
22,GET,727,1
22,GET,731,1
22,GET,735,1
22,GET,739,2
22,GET,747,2
22,GET,751,3
22,GET,755,3
22,GET,763,1
22,GET,767,1
22,GET,771,1
22,GET,775,3
22,GET,779,2
22,GET,783,3
22,GET,787,2
22,GET,791,2
22,GET,795,3
22,GET,799,2
22,GET,803,1
22,GET,811,4
22,GET,815,1
22,GET,819,2
22,GET,823,1
22,GET,827,3
22,GET,835,2
22,GET,847,2
22,GET,851,2
22,GET,855,1
22,GET,859,5
22,GET,863,2
22,GET,867,2
22,GET,871,2
22,GET,883,2
22,GET,891,4
22,GET,895,2
22,GET,899,3
22,GET,903,4
22,GET,907,1
22,GET,911,3
22,GET,919,1
22,GET,923,6
22,GET,927,3
22,GET,931,3
22,GET,935,2
22,GET,939,1
22,GET,955,4
22,GET,959,4
22,GET,963,1
22,GET,967,2
22,GET,975,1
22,GET,979,2
22,GET,983,2
22,GET,987,1
22,GET,991,1
22,GET,995,2
22,GET,999,5
22,GET,1003,2
22,GET,1007,1
22,GET,1011,2
22,GET,1019,4
22,GET,1023,1
22,GET,1031,4
22,GET,1039,2
22,GET,1047,2
22,GET,1055,4
22,GET,1063,1
22,GET,1071,3
22,GET,1079,2
22,GET,1087,1
22,GET,1095,7
22,GET,1103,4
22,GET,1111,4
22,GET,1119,1
22,GET,1127,3
22,GET,1135,7
22,GET,1143,3
22,GET,1151,4
22,GET,1159,3
22,GET,1167,1
22,GET,1175,4
22,GET,1183,7
22,GET,1191,2
22,GET,1199,3
22,GET,1207,7
22,GET,1223,2
22,GET,1231,4
22,GET,1239,4
22,GET,1247,1
22,GET,1255,2
22,GET,1263,2
22,GET,1271,3
22,GET,1279,1
22,GET,1287,1
22,GET,1303,3
22,GET,1311,6
22,GET,1319,4
22,GET,1327,3
22,GET,1335,4
22,GET,1343,6
22,GET,1351,1
22,GET,1359,4
22,GET,1367,2
22,GET,1375,2
22,GET,1383,5
22,GET,1391,5
22,GET,1399,1
22,GET,1407,1
22,GET,1415,6
22,GET,1423,7
22,GET,1431,2
22,GET,1439,5
22,GET,1447,3
22,GET,1455,3
22,GET,1463,2
22,GET,1471,3
22,GET,1479,2
22,GET,1487,6
22,GET,1495,2
22,GET,1503,1
22,GET,1511,6
22,GET,1519,3
22,GET,1527,6
22,GET,1535,5
22,GET,1543,5
22,GET,1551,4
22,GET,1559,4
22,GET,1567,5
22,GET,1575,2
22,GET,1583,6
22,GET,1591,1
22,GET,1599,6
22,GET,1607,2
22,GET,1615,6
22,GET,1623,4
22,GET,1631,6
22,GET,1639,2
22,GET,1647,3
22,GET,1655,5
22,GET,1663,2
22,GET,1671,2
22,GET,1679,2
22,GET,1687,4
22,GET,1703,4
22,GET,1711,2
22,GET,1719,3
22,GET,1727,2
22,GET,1735,4
22,GET,1743,1
22,GET,1751,5
22,GET,1759,7
22,GET,1767,4
22,GET,1775,1
22,GET,1783,5
22,GET,1791,4
22,GET,1799,3
22,GET,1807,5
22,GET,1815,1
22,GET,1823,2
22,GET,1831,1
22,GET,1847,2
22,GET,1855,1
22,GET,1863,1
22,GET,1871,3
22,GET,1879,2
22,GET,1887,5
22,GET,1895,3
22,GET,1903,3
22,GET,1919,2
22,GET,1927,1
22,GET,1935,2
22,GET,1943,2
22,GET,1951,2
22,GET,1959,2
22,GET,1967,6
22,GET,1975,5
22,GET,1983,7
22,GET,1991,1
22,GET,1999,2
22,GET,2007,4
22,GET,2015,3
22,GET,2023,1
22,GET,2031,2
22,GET,2039,3
22,GET,2047,1
22,GET,2063,6
22,GET,2079,6
22,GET,2095,8
22,GET,2111,7
22,GET,2127,2
22,GET,2143,6
22,GET,2159,4
22,GET,2175,8
22,GET,2191,5
22,GET,2207,5
22,GET,2223,4
22,GET,2239,5
22,GET,2255,6
22,GET,2271,6
22,GET,2287,6
22,GET,2303,1
22,GET,2319,2
22,GET,2335,3
22,GET,2351,5
22,GET,2367,4
22,GET,2383,3
22,GET,2399,6
22,GET,2415,4
22,GET,2431,4
22,GET,2447,6
22,GET,2463,1
22,GET,2479,6
22,GET,2495,2
22,GET,2511,3
22,GET,2527,1
22,GET,2543,5
22,GET,2559,2
22,GET,2575,5
22,GET,2591,3
22,GET,2607,5
22,GET,2623,2
22,GET,2639,3
22,GET,2655,5
22,GET,2671,7
22,GET,2687,1
22,GET,2703,4
22,GET,2719,3
22,GET,2735,7
22,GET,2751,9
22,GET,2767,4
22,GET,2783,6
22,GET,2799,6
22,GET,2815,8
22,GET,2831,3
22,GET,2847,8
22,GET,2863,5
22,GET,2879,8
22,GET,2895,4
22,GET,2911,5
22,GET,2927,5
22,GET,2943,7
22,GET,2959,6
22,GET,2975,4
22,GET,2991,8
22,GET,3007,6
22,GET,3023,7
22,GET,3039,4
22,GET,3055,2
22,GET,3071,6
22,GET,3087,3
22,GET,3103,3
22,GET,3119,6
22,GET,3135,3
22,GET,3151,8
22,GET,3167,4
22,GET,3183,9
22,GET,3199,8
22,GET,3215,8
22,GET,3231,5
22,GET,3247,6
22,GET,3263,3
22,GET,3279,8
22,GET,3295,3
22,GET,3311,8
22,GET,3327,6
22,GET,3343,8
22,GET,3359,9
22,GET,3375,5
22,GET,3391,6
22,GET,3407,7
22,GET,3423,6
22,GET,3439,8
22,GET,3455,11
22,GET,3471,6
22,GET,3487,11
22,GET,3503,3
22,GET,3519,4
22,GET,3535,8
22,GET,3551,8
22,GET,3567,4
22,GET,3583,3
22,GET,3599,4
22,GET,3615,6
22,GET,3631,4
22,GET,3647,8
22,GET,3663,6
22,GET,3679,4
22,GET,3695,8
22,GET,3711,3
22,GET,3727,4
22,GET,3743,8
22,GET,3759,6
22,GET,3775,6
22,GET,3791,4
22,GET,3807,10
22,GET,3823,3
22,GET,3839,7
22,GET,3855,8
22,GET,3871,5
22,GET,3887,1
22,GET,3903,6
22,GET,3919,4
22,GET,3935,4
22,GET,3951,8
22,GET,3967,5
22,GET,3983,6
22,GET,3999,8
22,GET,4015,4
22,GET,4031,5
22,GET,4047,6
22,GET,4063,2
22,GET,4079,3
22,GET,4095,3
22,GET,4127,13
22,GET,4159,8
22,GET,4191,6
22,GET,4223,5
22,GET,4255,6
22,GET,4287,8
22,GET,4319,9
22,GET,4351,10
22,GET,4383,10
22,GET,4415,6
22,GET,4447,9
22,GET,4479,12
22,GET,4511,10
22,GET,4543,4
22,GET,4575,4
22,GET,4639,7
22,GET,4671,12
22,GET,4703,7
22,GET,4735,5
22,GET,4767,7
22,GET,4799,13
22,GET,4831,8
22,GET,4863,10
22,GET,4895,10
22,GET,4927,6
22,GET,4959,6
22,GET,4991,7
22,GET,5023,14
22,GET,5055,4
22,GET,5087,3
22,GET,5119,4
22,GET,5151,6
22,GET,5183,6
22,GET,5215,3
22,GET,5247,6
22,GET,5279,9
22,GET,5311,3
22,GET,5343,5
22,GET,5375,6
22,GET,5407,3
22,GET,5439,5
22,GET,5471,2
22,GET,5503,1
22,GET,5535,3
22,GET,5567,8
22,GET,5631,1
22,GET,5663,5
22,GET,5695,3
22,GET,5727,3
22,GET,5759,4
22,GET,5791,8
22,GET,5823,2
22,GET,5855,5
22,GET,5887,1
22,GET,5919,2
22,GET,5951,2
22,GET,5983,2
22,GET,6015,4
22,GET,6047,3
22,GET,6079,2
22,GET,6111,2
22,GET,6143,3
22,GET,6175,3
22,GET,6207,1
22,GET,6239,2
22,GET,6271,2
22,GET,6335,3
22,GET,6367,1
22,GET,6399,4
22,GET,6431,4
22,GET,6495,2
22,GET,6559,5
22,GET,6591,2
22,GET,6623,3
22,GET,6655,4
22,GET,6687,3
22,GET,6719,1
22,GET,6751,2
22,GET,6783,1
22,GET,6879,2
22,GET,6911,1
22,GET,6943,3
22,GET,6975,1
22,GET,7007,1
22,GET,7039,3
22,GET,7103,1
22,GET,7167,2
22,GET,7199,2
22,GET,7231,1
22,GET,7263,1
22,GET,7295,2
22,GET,7359,4
22,GET,7391,1
22,GET,7551,1
22,GET,7583,1
22,GET,7615,1
22,GET,7647,1
22,GET,7711,1
22,GET,7743,1
22,GET,7903,1
22,GET,7999,1
22,GET,8095,2
22,GET,8127,1
22,GET,8191,2
22,GET,8255,1
22,GET,8767,1
22,GET,9343,2
22,GET,9471,1
22,GET,9791,1
22,GET,9919,1
22,GET,10879,1
22,GET,11391,1
22,GET,13887,1
22,DEL,115,1
22,DEL,138,1
22,DEL,148,1
22,DEL,152,1
22,DEL,154,2
22,DEL,156,1
22,DEL,159,1
22,DEL,163,1
22,DEL,164,2
22,DEL,167,1
22,DEL,168,2
22,DEL,169,2
22,DEL,170,2
22,DEL,171,1
22,DEL,172,1
22,DEL,174,3
22,DEL,175,1
22,DEL,176,3
22,DEL,177,1
22,DEL,179,2
22,DEL,180,2
22,DEL,181,1
22,DEL,182,1
22,DEL,183,1
22,DEL,184,2
22,DEL,186,1
22,DEL,187,1
22,DEL,189,4
22,DEL,190,3
22,DEL,191,3
22,DEL,192,2
22,DEL,193,1
22,DEL,194,1
22,DEL,195,1
22,DEL,196,2
22,DEL,197,4
22,DEL,198,3
22,DEL,199,2
22,DEL,200,2
22,DEL,201,2
22,DEL,203,1
22,DEL,204,1
22,DEL,206,1
22,DEL,210,1
22,DEL,211,1
22,DEL,214,1
22,DEL,215,1
22,DEL,216,1
22,DEL,217,3
22,DEL,219,2
22,DEL,220,2
22,DEL,221,3
22,DEL,222,1
22,DEL,223,1
22,DEL,224,1
22,DEL,225,3
22,DEL,226,1
22,DEL,229,1
22,DEL,231,2
22,DEL,232,1
22,DEL,233,1
22,DEL,237,1
22,DEL,239,1
22,DEL,245,1
22,DEL,247,2
22,DEL,250,1
22,DEL,251,1
22,DEL,257,1
22,DEL,263,2
22,DEL,267,1
22,DEL,269,1
22,DEL,273,1
22,DEL,275,1
22,DEL,281,1
22,DEL,283,1
22,DEL,287,1
22,DEL,289,1
22,DEL,291,1
22,DEL,295,1
22,DEL,297,1
22,DEL,305,1
22,DEL,311,1
22,DEL,315,1
22,DEL,317,1
22,DEL,323,2
22,DEL,327,2
22,DEL,331,2
22,DEL,337,1
22,DEL,339,1
22,DEL,343,1
22,DEL,373,1
22,DEL,375,1
22,DEL,377,1
22,DEL,379,1
22,DEL,383,1
22,DEL,439,1
22,DEL,443,1
22,DEL,447,1
22,DEL,473,1
22,DEL,479,1
22,DEL,485,1
22,DEL,501,1
22,DEL,519,1
22,DEL,539,2
22,DEL,543,1
22,DEL,547,1
22,DEL,555,1
22,DEL,559,1
22,DEL,571,1
22,DEL,575,1
22,DEL,579,1
22,DEL,583,2
22,DEL,587,1
22,DEL,591,2
22,DEL,603,1
22,DEL,607,1
22,DEL,623,1
22,DEL,631,1
22,DEL,635,1
22,DEL,639,1
22,DEL,647,1
22,DEL,655,1
22,DEL,659,2
22,DEL,663,2
22,DEL,667,1
22,DEL,671,1
22,DEL,679,1
22,DEL,687,1
22,DEL,695,1
22,DEL,703,2
22,DEL,707,2
22,DEL,715,2
22,DEL,719,2
22,DEL,723,1
22,DEL,739,1
22,DEL,751,2
22,DEL,755,1
22,DEL,759,1
22,DEL,771,2
22,DEL,775,1
22,DEL,779,1
22,DEL,783,1
22,DEL,791,1
22,DEL,803,1
22,DEL,811,1
22,DEL,827,2
22,DEL,847,4
22,DEL,863,1
22,DEL,867,1
22,DEL,871,1
22,DEL,875,1
22,DEL,883,1
22,DEL,903,1
22,DEL,915,1
22,DEL,923,2
22,DEL,927,2
22,DEL,931,1
22,DEL,939,1
22,DEL,991,1
22,DEL,995,1
22,DEL,1007,1
22,DEL,1031,1
22,DEL,1039,1
22,DEL,1047,1
22,DEL,1055,2
22,DEL,1063,2
22,DEL,1071,1
22,DEL,1079,2
22,DEL,1087,3
22,DEL,1095,2
22,DEL,1103,2
22,DEL,1127,1
22,DEL,1135,1
22,DEL,1167,2
22,DEL,1175,1
22,DEL,1191,1
22,DEL,1199,1
22,DEL,1215,1
22,DEL,1255,1
22,DEL,1271,1
22,DEL,1279,2
22,DEL,1287,2
22,DEL,1303,1
22,DEL,1311,1
22,DEL,1343,1
22,DEL,1351,1
22,DEL,1375,1
22,DEL,1383,3
22,DEL,1391,2
22,DEL,1415,1
22,DEL,1431,1
22,DEL,1439,1
22,DEL,1455,1
22,DEL,1479,1
22,DEL,1495,1
22,DEL,1503,1
22,DEL,1519,1
22,DEL,1551,1
22,DEL,1559,1
22,DEL,1575,1
22,DEL,1599,1
22,DEL,1623,1
22,DEL,1631,2
22,DEL,1647,1
22,DEL,1695,1
22,DEL,1735,1
22,DEL,1791,1
22,DEL,1855,1
22,DEL,1935,1
22,DEL,1951,1
22,DEL,1959,1
22,DEL,2127,1
22,DEL,2143,2
22,DEL,2175,1
22,DEL,2191,1
22,DEL,2223,1
22,DEL,2287,1
22,DEL,2383,1
22,DEL,2399,1
22,DEL,2431,1
22,DEL,2543,2
22,DEL,2607,1
22,DEL,2623,1
22,DEL,2639,1
22,DEL,2671,1
22,DEL,2687,1
22,DEL,2703,1
22,DEL,2767,1
22,DEL,2783,1
22,DEL,2799,1
22,DEL,2863,1
22,DEL,2879,1
22,DEL,2895,1
22,DEL,2943,3
22,DEL,3023,1
22,DEL,3039,1
22,DEL,3183,1
22,DEL,3215,1
22,DEL,3231,2
22,DEL,3295,1
22,DEL,3311,1
22,DEL,3327,1
22,DEL,3343,3
22,DEL,3439,2
22,DEL,3455,1
22,DEL,3471,1
22,DEL,3503,1
22,DEL,3567,2
22,DEL,3631,1
22,DEL,3647,1
22,DEL,3695,1
22,DEL,3711,1
22,DEL,3791,1
22,DEL,3807,1
22,DEL,3855,1
22,DEL,3887,1
22,DEL,3903,1
22,DEL,3919,2
22,DEL,3935,2
22,DEL,3951,1
22,DEL,3967,1
22,DEL,4015,1
22,DEL,4047,1
22,DEL,4063,1
22,DEL,4079,2
22,DEL,4127,1
22,DEL,4159,1
22,DEL,4191,3
22,DEL,4223,2
22,DEL,4255,4
22,DEL,4287,3
22,DEL,4479,2
22,DEL,4543,3
22,DEL,4575,2
22,DEL,4639,1
22,DEL,4671,3
22,DEL,4703,1
22,DEL,4735,3
22,DEL,4831,3
22,DEL,4863,1
22,DEL,4895,2
22,DEL,4927,3
22,DEL,4959,2
22,DEL,5023,1
22,DEL,5055,3
22,DEL,5087,2
22,DEL,5119,1
22,DEL,5151,1
22,DEL,5183,1
22,DEL,5215,1
22,DEL,5247,1
22,DEL,5279,1
22,DEL,5311,3
22,DEL,5439,2
22,DEL,5471,1
22,DEL,5503,1
22,DEL,5535,2
22,DEL,5599,2
22,DEL,5631,1
22,DEL,5663,2
22,DEL,5695,3
22,DEL,5727,2
22,DEL,5759,1
22,DEL,5791,1
22,DEL,5823,2
22,DEL,5855,1
22,DEL,5919,1
22,DEL,6015,4
22,DEL,6047,2
22,DEL,6111,1
22,DEL,6175,1
22,DEL,6207,2
22,DEL,6239,2
22,DEL,6335,4
22,DEL,6367,1
22,DEL,6399,2
22,DEL,6431,1
22,DEL,6463,1
22,DEL,6495,2
22,DEL,6527,2
22,DEL,6591,2
22,DEL,6655,3
22,DEL,6687,1
22,DEL,6719,1
22,DEL,6751,6
22,DEL,6879,1
22,DEL,7007,2
22,DEL,7039,1
22,DEL,7071,2
22,DEL,7199,4
22,DEL,7263,1
22,DEL,7327,1
22,DEL,7391,1
22,DEL,7551,1
22,DEL,7615,2
22,DEL,7679,1
22,DEL,7743,3
22,DEL,7839,1
22,DEL,7903,1
22,DEL,7999,2
22,DEL,8095,1
22,DEL,8319,1
22,DEL,8447,2
22,DEL,8511,1
22,DEL,9023,1
22,DEL,9471,1
22,DEL,9855,1
22,DEL,9919,2
22,DEL,10047,1
22,DEL,10111,1
22,DEL,10175,1
22,DEL,10431,2
22,DEL,10879,1
22,DEL,11967,1
22,DEL,13311,1
22,DEL,24319,1
22,DEL,25087,1
22,DEL,25215,1
22,DEL,25599,1
22,DEL,26111,1
22,DEL,26367,1
22,DEL,28159,1
22,DEL,31103,1
22,DEL,31231,1
22,DEL,32255,1
22,DEL,36607,1
22,DEL,40959,1
22,DEL,41471,1
22,DEL,41727,1
22,DEL,42751,1
22,DEL,43775,1
22,DEL,44543,1
22,DEL,45311,1
22,DEL,45823,1
22,DEL,46591,1
22,DEL,46847,2
22,DEL,47103,1
22,DEL,52991,1
22,DEL,53247,1
22,DEL,53503,1
22,DEL,54015,1
22,DEL,54271,1
22,DEL,54783,1
22,DEL,55295,1
22,DEL,55551,1
22,DEL,57599,1
22,DEL,58111,1
22,DEL,58367,1
22,DEL,58623,2
22,DEL,58879,2
22,DEL,59135,2
22,DEL,59391,3
22,DEL,59903,1
22,DEL,60159,4
22,DEL,60415,2
22,DEL,60927,1
22,DEL,61183,4
22,DEL,61695,3
22,DEL,62207,1
22,DEL,62463,1
22,DEL,62719,2
22,DEL,62975,2
22,DEL,63231,5
22,DEL,63487,5
22,DEL,63743,1
22,DEL,63999,3
22,DEL,64255,5
22,DEL,64511,2
22,DEL,64767,5
22,DEL,65023,2
22,DEL,65279,3
22,DEL,65535,3
22,DEL,66047,8
22,DEL,66559,11
22,DEL,67071,6
22,DEL,67583,6
22,DEL,68095,7
22,DEL,68607,7
22,DEL,69119,11
22,DEL,69631,7
22,DEL,70143,8
22,DEL,70655,9
22,DEL,71167,11
22,DEL,71679,19
22,DEL,72191,10
22,DEL,72703,5
22,DEL,73215,11
22,DEL,73727,11
22,DEL,74239,4
22,DEL,74751,5
22,DEL,75263,6
22,DEL,75775,5
22,DEL,76287,3
22,DEL,76799,8
22,DEL,77311,1
22,DEL,77823,3
22,DEL,78335,3
22,DEL,78847,4
22,DEL,79359,1
22,DEL,79871,3
22,DEL,80383,1
22,DEL,81919,1
22,DEL,83455,1
22,DEL,84479,2
22,DEL,87039,1
22,DEL,88063,1
22,SET,144,1
22,SET,156,1
22,SET,166,1
22,SET,173,1
22,SET,178,1
22,SET,181,1
22,SET,186,1
22,SET,187,1
22,SET,189,1
22,SET,190,2
22,SET,199,1
22,SET,200,2
22,SET,204,1
22,SET,213,1
22,SET,216,1
22,SET,237,1
22,SET,238,1
22,SET,273,1
22,SET,351,1
22,SET,379,1
22,SET,383,1
22,SET,439,1
22,SET,471,1
22,SET,501,1
22,SET,515,1
22,SET,571,1
22,SET,587,1
22,SET,619,1
22,SET,659,2
22,SET,675,1
22,SET,691,1
22,SET,695,1
22,SET,711,1
22,SET,743,1
22,SET,767,1
22,SET,827,2
22,SET,859,2
22,SET,871,1
22,SET,907,1
22,SET,935,1
22,SET,939,1
22,SET,943,1
22,SET,1007,1
22,SET,1031,1
22,SET,1039,1
22,SET,1071,1
22,SET,1103,2
22,SET,1135,1
22,SET,1151,2
22,SET,1183,1
22,SET,1255,1
22,SET,1295,1
22,SET,1375,1
22,SET,1423,1
22,SET,1431,1
22,SET,1447,1
22,SET,1455,1
22,SET,1471,2
22,SET,1479,1
22,SET,1527,1
22,SET,1551,1
22,SET,1567,1
22,SET,1591,1
22,SET,1623,1
22,SET,1663,2
22,SET,1687,1
22,SET,1743,1
22,SET,1767,1
22,SET,1775,1
22,SET,1791,1
22,SET,1959,1
22,SET,2143,1
22,SET,2175,2
22,SET,2223,1
22,SET,2255,1
22,SET,2303,1
22,SET,2351,1
22,SET,2399,1
22,SET,2511,2
22,SET,2575,1
22,SET,2671,1
22,SET,2687,1
22,SET,2783,1
22,SET,2799,1
22,SET,2831,1
22,SET,2847,1
22,SET,2863,1
22,SET,2991,1
22,SET,3055,1
22,SET,3151,1
22,SET,3199,1
22,SET,3295,2
22,SET,3359,2
22,SET,3407,1
22,SET,3487,3
22,SET,3503,3
22,SET,3631,1
22,SET,3647,1
22,SET,3743,1
22,SET,3759,1
22,SET,3775,1
22,SET,3823,2
22,SET,3855,1
22,SET,3871,1
22,SET,3967,2
22,SET,3999,1
22,SET,4031,1
22,SET,4095,1
22,SET,4159,2
22,SET,4191,1
22,SET,4223,1
22,SET,4255,1
22,SET,4319,1
22,SET,4351,2
22,SET,4415,3
22,SET,4543,1
22,SET,4703,1
22,SET,4735,2
22,SET,4799,1
22,SET,4863,1
22,SET,4895,1
22,SET,5023,1
22,SET,5055,1
22,SET,5119,1
22,SET,5215,1
22,SET,5247,1
22,SET,5343,2
22,SET,5375,1
22,SET,5407,2
22,SET,5439,1
22,SET,5471,1
22,SET,5567,1
22,SET,5663,1
22,SET,5727,1
22,SET,5759,1
22,SET,5823,1
22,SET,5887,1
22,SET,6271,1
22,SET,6367,1
22,SET,6431,1
22,SET,6751,1
22,SET,6783,2
22,SET,7071,1
22,SET,7487,1
22,SET,7743,1
22,SET,8383,1
22,SET,9343,1
22,SET,9663,1
23,SET,152,1
23,SET,171,1
23,SET,176,1
23,SET,180,1
23,SET,181,1
23,SET,186,2
23,SET,188,1
23,SET,189,1
23,SET,191,2
23,SET,193,1
23,SET,198,1
23,SET,200,1
23,SET,208,1
23,SET,209,2
23,SET,211,2
23,SET,214,2
23,SET,217,1
23,SET,218,1
23,SET,226,1
23,SET,228,1
23,SET,241,1
23,SET,283,1
23,SET,325,1
23,SET,353,1
23,SET,407,1
23,SET,435,1
23,SET,449,1
23,SET,475,1
23,SET,503,1
23,SET,511,1
23,SET,535,1
23,SET,591,1
23,SET,619,1
23,SET,675,2
23,SET,735,1
23,SET,791,1
23,SET,835,1
23,SET,851,1
23,SET,879,1
23,SET,899,1
23,SET,947,2
23,SET,951,1
23,SET,955,1
23,SET,1003,1
23,SET,1031,1
23,SET,1047,2
23,SET,1095,1
23,SET,1143,1
23,SET,1183,1
23,SET,1199,1
23,SET,1207,1
23,SET,1215,2
23,SET,1351,1
23,SET,1359,1
23,SET,1375,1
23,SET,1399,1
23,SET,1407,1
23,SET,1463,1
23,SET,1479,1
23,SET,1495,1
23,SET,1527,1
23,SET,1559,1
23,SET,1607,1
23,SET,1767,1
23,SET,1799,1
23,SET,1839,1
23,SET,1847,1
23,SET,1887,1
23,SET,1895,1
23,SET,1935,2
23,SET,1975,1
23,SET,2031,1
23,SET,2063,1
23,SET,2079,1
23,SET,2095,1
23,SET,2111,1
23,SET,2143,1
23,SET,2175,2
23,SET,2207,1
23,SET,2287,1
23,SET,2335,2
23,SET,2351,1
23,SET,2431,1
23,SET,2447,1
23,SET,2511,1
23,SET,2527,1
23,SET,2559,1
23,SET,2655,1
23,SET,2687,1
23,SET,2735,1
23,SET,2751,1
23,SET,2799,1
23,SET,2863,1
23,SET,2975,1
23,SET,2991,1
23,SET,3087,1
23,SET,3119,1
23,SET,3151,1
23,SET,3279,1
23,SET,3311,1
23,SET,3327,1
23,SET,3391,1
23,SET,3487,1
23,SET,3551,1
23,SET,3615,1
23,SET,3631,2
23,SET,3807,1
23,SET,3855,2
23,SET,3903,3
23,SET,3919,1
23,SET,3983,1
23,SET,4015,1
23,SET,4079,1
23,SET,4127,2
23,SET,4191,2
23,SET,4223,1
23,SET,4319,2
23,SET,4383,2
23,SET,4415,2
23,SET,4447,1
23,SET,4479,1
23,SET,4671,1
23,SET,4767,1
23,SET,4799,1
23,SET,4831,2
23,SET,4863,1
23,SET,4927,1
23,SET,4991,1
23,SET,5055,1
23,SET,5087,1
23,SET,5183,1
23,SET,5439,1
23,SET,5471,1
23,SET,5759,1
23,SET,5791,1
23,SET,5887,1
23,SET,5919,1
23,SET,6239,3
23,SET,6687,1
23,SET,6847,1
23,GET,120,1
23,GET,122,1
23,GET,137,1
23,GET,138,1
23,GET,140,1
23,GET,142,1
23,GET,145,1
23,GET,152,1
23,GET,153,1
23,GET,154,2
23,GET,155,2
23,GET,156,1
23,GET,159,2
23,GET,160,1
23,GET,161,1
23,GET,162,2
23,GET,164,1
23,GET,165,3
23,GET,166,4
23,GET,167,7
23,GET,168,2
23,GET,169,1
23,GET,170,2
23,GET,172,5
23,GET,173,2
23,GET,174,3
23,GET,175,6
23,GET,176,3
23,GET,177,3
23,GET,178,2
23,GET,179,1
23,GET,180,3
23,GET,181,4
23,GET,182,3
23,GET,183,1
23,GET,184,3
23,GET,185,2
23,GET,186,4
23,GET,187,8
23,GET,188,1
23,GET,189,7
23,GET,190,1
23,GET,191,3
23,GET,192,5
23,GET,193,5
23,GET,194,6
23,GET,195,4
23,GET,196,5
23,GET,197,8
23,GET,198,3
23,GET,199,4
23,GET,200,2
23,GET,201,5
23,GET,202,4
23,GET,203,9
23,GET,204,4
23,GET,205,5
23,GET,206,3
23,GET,207,6
23,GET,209,3
23,GET,210,8
23,GET,211,1
23,GET,212,5
23,GET,213,1
23,GET,214,3
23,GET,215,3
23,GET,216,3
23,GET,217,2
23,GET,218,6
23,GET,219,2
23,GET,220,2
23,GET,222,1
23,GET,223,2
23,GET,224,3
23,GET,225,2
23,GET,227,1
23,GET,228,2
23,GET,230,4
23,GET,231,2
23,GET,232,4
23,GET,233,3
23,GET,234,4
23,GET,235,3
23,GET,236,3
23,GET,237,1
23,GET,238,1
23,GET,239,3
23,GET,240,3
23,GET,241,1
23,GET,243,2
23,GET,244,1
23,GET,247,2
23,GET,248,1
23,GET,249,1
23,GET,250,5
23,GET,251,1
23,GET,253,3
23,GET,254,2
23,GET,255,4
23,GET,257,1
23,GET,259,1
23,GET,261,1
23,GET,263,3
23,GET,265,1
23,GET,267,3
23,GET,271,3
23,GET,273,1
23,GET,277,4
23,GET,281,2
23,GET,283,2
23,GET,285,1
23,GET,287,1
23,GET,289,2
23,GET,293,2
23,GET,299,2
23,GET,301,2
23,GET,303,1
23,GET,305,2
23,GET,307,1
23,GET,309,3
23,GET,313,1
23,GET,317,2
23,GET,321,4
23,GET,327,1
23,GET,329,1
23,GET,331,1
23,GET,333,2
23,GET,337,1
23,GET,343,2
23,GET,345,2
23,GET,351,1
23,GET,355,2
23,GET,361,1
23,GET,363,1
23,GET,365,2
23,GET,373,1
23,GET,375,3
23,GET,377,1
23,GET,379,2
23,GET,383,1
23,GET,387,1
23,GET,391,1
23,GET,395,1
23,GET,399,1
23,GET,401,4
23,GET,405,1
23,GET,407,1
23,GET,413,1
23,GET,415,1
23,GET,419,1
23,GET,425,1
23,GET,429,1
23,GET,431,2
23,GET,433,2
23,GET,437,1
23,GET,441,1
23,GET,443,1
23,GET,445,1
23,GET,447,1
23,GET,451,1
23,GET,457,1
23,GET,459,2
23,GET,465,1
23,GET,467,1
23,GET,469,2
23,GET,473,1
23,GET,475,1
23,GET,477,1
23,GET,479,1
23,GET,481,1
23,GET,483,1
23,GET,485,1
23,GET,489,1
23,GET,501,1
23,GET,503,2
23,GET,507,1
23,GET,509,1
23,GET,511,2
23,GET,515,1
23,GET,519,1
23,GET,523,1
23,GET,527,2
23,GET,531,1
23,GET,535,1
23,GET,551,2
23,GET,555,3
23,GET,559,1
23,GET,563,1
23,GET,571,3
23,GET,575,1
23,GET,579,1
23,GET,583,2
23,GET,591,5
23,GET,595,2
23,GET,603,3
23,GET,611,1
23,GET,615,1
23,GET,619,4
23,GET,623,1
23,GET,631,2
23,GET,635,3
23,GET,639,2
23,GET,643,1
23,GET,647,1
23,GET,651,2
23,GET,655,1
23,GET,659,1
23,GET,663,2
23,GET,667,2
23,GET,671,3
23,GET,679,3
23,GET,683,2
23,GET,687,2
23,GET,691,2
23,GET,695,1
23,GET,703,4
23,GET,711,1
23,GET,715,1
23,GET,719,5
23,GET,723,3
23,GET,727,2
23,GET,731,3
23,GET,735,1
23,GET,739,4
23,GET,743,1
23,GET,747,1
23,GET,751,6
23,GET,755,1
23,GET,759,3
23,GET,763,1
23,GET,767,4
23,GET,771,3
23,GET,775,3
23,GET,779,1
23,GET,783,2
23,GET,787,4
23,GET,791,1
23,GET,795,2
23,GET,799,3
23,GET,803,2
23,GET,807,1
23,GET,811,1
23,GET,815,1
23,GET,819,1
23,GET,823,1
23,GET,827,1
23,GET,831,2
23,GET,835,5
23,GET,839,2
23,GET,843,3
23,GET,847,5
23,GET,851,2
23,GET,855,1
23,GET,859,2
23,GET,863,2
23,GET,871,4
23,GET,875,5
23,GET,879,4
23,GET,883,1
23,GET,895,2
23,GET,903,1
23,GET,907,1
23,GET,911,1
23,GET,915,2
23,GET,919,3
23,GET,923,1
23,GET,927,2
23,GET,935,3
23,GET,939,1
23,GET,947,1
23,GET,951,3
23,GET,955,2
23,GET,959,3
23,GET,963,2
23,GET,971,2
23,GET,975,1
23,GET,979,2
23,GET,983,3
23,GET,987,1
23,GET,991,1
23,GET,995,2
23,GET,1003,3
23,GET,1011,1
23,GET,1015,4
23,GET,1023,2
23,GET,1031,2
23,GET,1039,4
23,GET,1047,1
23,GET,1055,3
23,GET,1063,2
23,GET,1071,4
23,GET,1079,4
23,GET,1087,5
23,GET,1095,3
23,GET,1103,4
23,GET,1111,1
23,GET,1119,3
23,GET,1127,1
23,GET,1135,2
23,GET,1143,3
23,GET,1159,3
23,GET,1167,2
23,GET,1175,4
23,GET,1183,3
23,GET,1191,6
23,GET,1199,4
23,GET,1207,1
23,GET,1215,5
23,GET,1223,3
23,GET,1231,1
23,GET,1239,2
23,GET,1247,2
23,GET,1255,3
23,GET,1263,2
23,GET,1271,3
23,GET,1279,4
23,GET,1287,1
23,GET,1295,3
23,GET,1303,1
23,GET,1311,3
23,GET,1319,4
23,GET,1327,3
23,GET,1335,3
23,GET,1343,1
23,GET,1351,2
23,GET,1359,4
23,GET,1375,1
23,GET,1383,4
23,GET,1391,2
23,GET,1399,5
23,GET,1407,5
23,GET,1415,1
23,GET,1423,5
23,GET,1431,4
23,GET,1439,4
23,GET,1447,2
23,GET,1455,3
23,GET,1463,4
23,GET,1471,8
23,GET,1479,5
23,GET,1487,8
23,GET,1495,4
23,GET,1503,8
23,GET,1511,6
23,GET,1519,2
23,GET,1527,2
23,GET,1535,7
23,GET,1543,3
23,GET,1551,4
23,GET,1559,3
23,GET,1567,3
23,GET,1575,4
23,GET,1583,6
23,GET,1591,3
23,GET,1599,2
23,GET,1607,2
23,GET,1615,3
23,GET,1623,3
23,GET,1631,2
23,GET,1639,4
23,GET,1647,3
23,GET,1655,6
23,GET,1663,1
23,GET,1671,5
23,GET,1679,2
23,GET,1687,5
23,GET,1695,2
23,GET,1703,4
23,GET,1711,3
23,GET,1719,3
23,GET,1727,1
23,GET,1735,2
23,GET,1743,5
23,GET,1751,1
23,GET,1767,4
23,GET,1775,6
23,GET,1783,1
23,GET,1791,4
23,GET,1799,6
23,GET,1807,2
23,GET,1815,2
23,GET,1823,3
23,GET,1831,3
23,GET,1839,1
23,GET,1847,2
23,GET,1855,1
23,GET,1863,3
23,GET,1871,2
23,GET,1879,3
23,GET,1887,3
23,GET,1895,1
23,GET,1903,2
23,GET,1911,4
23,GET,1919,1
23,GET,1927,2
23,GET,1935,1
23,GET,1943,2
23,GET,1951,4
23,GET,1959,3
23,GET,1967,5
23,GET,1975,5
23,GET,1983,1
23,GET,1991,3
23,GET,1999,1
23,GET,2007,3
23,GET,2015,1
23,GET,2031,4
23,GET,2039,3
23,GET,2047,3
23,GET,2063,4
23,GET,2079,3
23,GET,2095,8
23,GET,2111,7
23,GET,2127,8
23,GET,2143,7
23,GET,2159,4
23,GET,2175,2
23,GET,2191,2
23,GET,2207,2
23,GET,2223,4
23,GET,2239,9
23,GET,2255,3
23,GET,2271,5
23,GET,2287,5
23,GET,2303,4
23,GET,2319,8
23,GET,2335,4
23,GET,2351,9
23,GET,2367,7
23,GET,2383,4
23,GET,2399,4
23,GET,2415,5
23,GET,2431,6
23,GET,2447,4
23,GET,2463,4
23,GET,2479,3
23,GET,2495,6
23,GET,2511,4
23,GET,2527,4
23,GET,2543,5
23,GET,2559,5
23,GET,2575,6
23,GET,2591,5
23,GET,2607,4
23,GET,2623,1
23,GET,2639,8
23,GET,2655,6
23,GET,2671,4
23,GET,2687,5
23,GET,2703,4
23,GET,2719,7
23,GET,2735,2
23,GET,2751,4
23,GET,2767,8
23,GET,2783,5
23,GET,2799,6
23,GET,2815,6
23,GET,2831,5
23,GET,2847,4
23,GET,2863,4
23,GET,2879,3
23,GET,2895,6
23,GET,2911,3
23,GET,2927,5
23,GET,2943,4
23,GET,2959,5
23,GET,2975,7
23,GET,2991,6
23,GET,3007,10
23,GET,3023,4
23,GET,3039,3
23,GET,3055,3
23,GET,3071,4
23,GET,3087,2
23,GET,3103,13
23,GET,3119,6
23,GET,3135,11
23,GET,3151,5
23,GET,3167,2
23,GET,3183,8
23,GET,3199,5
23,GET,3215,6
23,GET,3231,7
23,GET,3247,5
23,GET,3263,7
23,GET,3279,10
23,GET,3295,6
23,GET,3311,3
23,GET,3327,10
23,GET,3343,8
23,GET,3359,7
23,GET,3375,5
23,GET,3391,7
23,GET,3407,6
23,GET,3423,2
23,GET,3439,9
23,GET,3455,9
23,GET,3471,7
23,GET,3487,7
23,GET,3503,4
23,GET,3519,11
23,GET,3535,8
23,GET,3551,3
23,GET,3567,3
23,GET,3583,4
23,GET,3599,2
23,GET,3615,4
23,GET,3631,5
23,GET,3647,4
23,GET,3663,5
23,GET,3679,7
23,GET,3695,5
23,GET,3711,5
23,GET,3727,6
23,GET,3743,9
23,GET,3759,5
23,GET,3775,5
23,GET,3791,10
23,GET,3807,11
23,GET,3823,10
23,GET,3839,7
23,GET,3855,2
23,GET,3871,2
23,GET,3887,9
23,GET,3903,3
23,GET,3935,13
23,GET,3951,6
23,GET,3967,3
23,GET,3983,5
23,GET,3999,3
23,GET,4015,4
23,GET,4031,5
23,GET,4047,11
23,GET,4063,8
23,GET,4079,9
23,GET,4095,6
23,GET,4127,11
23,GET,4159,9
23,GET,4191,10
23,GET,4223,12
23,GET,4255,5
23,GET,4287,8
23,GET,4319,7
23,GET,4351,10
23,GET,4383,9
23,GET,4415,9
23,GET,4447,11
23,GET,4479,5
23,GET,4511,7
23,GET,4543,7
23,GET,4575,5
23,GET,4607,14
23,GET,4639,6
23,GET,4671,11
23,GET,4703,8
23,GET,4735,6
23,GET,4767,12
23,GET,4799,4
23,GET,4831,6
23,GET,4863,4
23,GET,4895,6
23,GET,4927,9
23,GET,4959,4
23,GET,4991,10
23,GET,5023,5
23,GET,5055,10
23,GET,5087,2
23,GET,5119,3
23,GET,5151,1
23,GET,5183,6
23,GET,5215,5
23,GET,5247,5
23,GET,5279,6
23,GET,5311,5
23,GET,5343,4
23,GET,5375,3
23,GET,5407,8
23,GET,5439,1
23,GET,5471,6
23,GET,5503,3
23,GET,5535,3
23,GET,5567,6
23,GET,5599,4
23,GET,5631,4
23,GET,5663,3
23,GET,5695,2
23,GET,5727,3
23,GET,5759,3
23,GET,5791,2
23,GET,5823,5
23,GET,5855,4
23,GET,5887,1
23,GET,5919,2
23,GET,5951,3
23,GET,5983,3
23,GET,6015,4
23,GET,6047,3
23,GET,6079,3
23,GET,6111,2
23,GET,6207,2
23,GET,6239,4
23,GET,6271,5
23,GET,6303,1
23,GET,6335,3
23,GET,6367,2
23,GET,6399,2
23,GET,6431,1
23,GET,6463,3
23,GET,6495,2
23,GET,6527,1
23,GET,6559,3
23,GET,6591,8
23,GET,6623,1
23,GET,6655,3
23,GET,6687,1
23,GET,6719,1
23,GET,6783,4
23,GET,6879,3
23,GET,7007,1
23,GET,7071,1
23,GET,7103,2
23,GET,7199,2
23,GET,7263,1
23,GET,7295,2
23,GET,7327,1
23,GET,7359,2
23,GET,7391,1
23,GET,7455,1
23,GET,7487,2
23,GET,7519,1
23,GET,7551,2
23,GET,7615,1
23,GET,7711,1
23,GET,7743,3
23,GET,7775,2
23,GET,7903,2
23,GET,7935,1
23,GET,7999,1
23,GET,8063,1
23,GET,8255,1
23,GET,8383,1
23,GET,8447,2
23,GET,8511,3
23,GET,8639,2
23,GET,8703,1
23,GET,8831,1
23,GET,9087,1
23,GET,9535,1
23,GET,9663,1
23,GET,9855,1
23,GET,10111,1
23,GET,11519,1
23,DEL,136,1
23,DEL,142,1
23,DEL,150,1
23,DEL,154,1
23,DEL,155,1
23,DEL,160,1
23,DEL,165,1
23,DEL,170,3
23,DEL,171,3
23,DEL,172,1
23,DEL,173,1
23,DEL,174,2
23,DEL,177,1
23,DEL,179,2
23,DEL,181,3
23,DEL,182,2
23,DEL,183,2
23,DEL,185,1
23,DEL,187,4
23,DEL,189,1
23,DEL,190,4
23,DEL,192,2
23,DEL,193,2
23,DEL,194,4
23,DEL,196,1
23,DEL,197,2
23,DEL,199,2
23,DEL,200,1
23,DEL,201,5
23,DEL,202,2
23,DEL,203,3
23,DEL,205,2
23,DEL,206,2
23,DEL,207,1
23,DEL,208,1
23,DEL,210,1
23,DEL,214,4
23,DEL,216,2
23,DEL,218,1
23,DEL,219,3
23,DEL,220,1
23,DEL,221,1
23,DEL,222,1
23,DEL,223,1
23,DEL,224,1
23,DEL,225,1
23,DEL,227,1
23,DEL,228,1
23,DEL,231,2
23,DEL,234,1
23,DEL,236,2
23,DEL,237,1
23,DEL,238,1
23,DEL,241,1
23,DEL,243,2
23,DEL,245,1
23,DEL,246,1
23,DEL,248,1
23,DEL,250,1
23,DEL,255,3
23,DEL,261,1
23,DEL,263,1
23,DEL,267,2
23,DEL,283,1
23,DEL,285,1
23,DEL,289,2
23,DEL,303,2
23,DEL,315,1
23,DEL,323,1
23,DEL,325,1
23,DEL,329,1
23,DEL,343,1
23,DEL,347,1
23,DEL,363,1
23,DEL,367,1
23,DEL,385,2
23,DEL,399,1
23,DEL,431,1
23,DEL,435,1
23,DEL,437,1
23,DEL,441,1
23,DEL,449,1
23,DEL,467,1
23,DEL,471,1
23,DEL,475,1
23,DEL,477,1
23,DEL,481,1
23,DEL,495,5
23,DEL,499,1
23,DEL,519,1
23,DEL,523,1
23,DEL,535,1
23,DEL,539,2
23,DEL,547,2
23,DEL,555,1
23,DEL,559,1
23,DEL,595,2
23,DEL,611,1
23,DEL,615,3
23,DEL,619,3
23,DEL,635,2
23,DEL,643,1
23,DEL,647,1
23,DEL,651,2
23,DEL,655,1
23,DEL,659,1
23,DEL,663,1
23,DEL,671,1
23,DEL,675,1
23,DEL,679,1
23,DEL,691,1
23,DEL,699,1
23,DEL,703,2
23,DEL,727,3
23,DEL,735,2
23,DEL,743,1
23,DEL,747,1
23,DEL,751,1
23,DEL,791,2
23,DEL,795,1
23,DEL,811,1
23,DEL,819,1
23,DEL,823,2
23,DEL,827,1
23,DEL,831,1
23,DEL,839,1
23,DEL,843,1
23,DEL,855,1
23,DEL,867,1
23,DEL,879,2
23,DEL,907,3
23,DEL,911,1
23,DEL,915,1
23,DEL,923,1
23,DEL,931,1
23,DEL,935,1
23,DEL,943,3
23,DEL,947,1
23,DEL,967,2
23,DEL,979,1
23,DEL,991,1
23,DEL,995,1
23,DEL,999,2
23,DEL,1015,1
23,DEL,1031,2
23,DEL,1039,1
23,DEL,1055,1
23,DEL,1063,1
23,DEL,1079,1
23,DEL,1103,2
23,DEL,1119,1
23,DEL,1135,3
23,DEL,1151,2
23,DEL,1159,1
23,DEL,1167,1
23,DEL,1207,1
23,DEL,1215,1
23,DEL,1239,1
23,DEL,1247,1
23,DEL,1255,1
23,DEL,1271,1
23,DEL,1279,2
23,DEL,1287,1
23,DEL,1351,1
23,DEL,1375,1
23,DEL,1423,1
23,DEL,1447,1
23,DEL,1455,1
23,DEL,1463,1
23,DEL,1471,1
23,DEL,1479,1
23,DEL,1519,1
23,DEL,1543,1
23,DEL,1567,1
23,DEL,1575,1
23,DEL,1615,1
23,DEL,1647,1
23,DEL,1655,1
23,DEL,1671,1
23,DEL,1679,1
23,DEL,1687,1
23,DEL,1711,1
23,DEL,1719,1
23,DEL,1735,2
23,DEL,1767,1
23,DEL,1775,1
23,DEL,1799,1
23,DEL,1815,1
23,DEL,1911,1
23,DEL,1927,2
23,DEL,1935,1
23,DEL,1983,1
23,DEL,2023,1
23,DEL,2039,1
23,DEL,2159,1
23,DEL,2239,1
23,DEL,2287,1
23,DEL,2383,1
23,DEL,2399,2
23,DEL,2479,1
23,DEL,2511,1
23,DEL,2591,1
23,DEL,2639,2
23,DEL,2655,1
23,DEL,2671,1
23,DEL,2687,1
23,DEL,2751,2
23,DEL,2799,2
23,DEL,2895,1
23,DEL,2943,2
23,DEL,2959,2
23,DEL,3023,1
23,DEL,3071,2
23,DEL,3103,1
23,DEL,3119,2
23,DEL,3135,1
23,DEL,3215,1
23,DEL,3279,1
23,DEL,3295,1
23,DEL,3327,1
23,DEL,3343,1
23,DEL,3391,1
23,DEL,3423,1
23,DEL,3503,2
23,DEL,3535,1
23,DEL,3551,2
23,DEL,3583,1
23,DEL,3631,1
23,DEL,3647,1
23,DEL,3695,2
23,DEL,3727,2
23,DEL,3759,1
23,DEL,3823,3
23,DEL,3855,1
23,DEL,3871,1
23,DEL,3903,1
23,DEL,3951,1
23,DEL,4031,1
23,DEL,4063,2
23,DEL,4079,1
23,DEL,4191,1
23,DEL,4223,3
23,DEL,4319,3
23,DEL,4351,1
23,DEL,4383,3
23,DEL,4415,1
23,DEL,4447,2
23,DEL,4511,2
23,DEL,4543,1
23,DEL,4575,1
23,DEL,4607,1
23,DEL,4671,2
23,DEL,4703,3
23,DEL,4767,1
23,DEL,4799,4
23,DEL,4831,2
23,DEL,4863,1
23,DEL,4895,1
23,DEL,4927,1
23,DEL,4959,4
23,DEL,5023,1
23,DEL,5055,3
23,DEL,5119,1
23,DEL,5151,2
23,DEL,5183,1
23,DEL,5215,3
23,DEL,5247,3
23,DEL,5343,1
23,DEL,5375,2
23,DEL,5407,1
23,DEL,5439,1
23,DEL,5471,2
23,DEL,5503,2
23,DEL,5663,1
23,DEL,5695,4
23,DEL,5759,2
23,DEL,5791,2
23,DEL,5823,2
23,DEL,5855,1
23,DEL,5887,1
23,DEL,5919,1
23,DEL,5983,2
23,DEL,6047,3
23,DEL,6175,3
23,DEL,6207,2
23,DEL,6239,2
23,DEL,6271,2
23,DEL,6303,1
23,DEL,6335,1
23,DEL,6399,3
23,DEL,6431,4
23,DEL,6463,2
23,DEL,6559,1
23,DEL,6719,1
23,DEL,6783,1
23,DEL,6815,2
23,DEL,6879,2
23,DEL,7039,2
23,DEL,7071,1
23,DEL,7135,1
23,DEL,7231,1
23,DEL,7263,1
23,DEL,7295,2
23,DEL,7327,1
23,DEL,7391,1
23,DEL,7455,1
23,DEL,7551,1
23,DEL,7583,1
23,DEL,7711,1
23,DEL,7871,1
23,DEL,7999,1
23,DEL,8031,1
23,DEL,8063,1
23,DEL,8127,1
23,DEL,8255,1
23,DEL,8447,1
23,DEL,8511,1
23,DEL,8831,1
23,DEL,8959,1
23,DEL,9087,1
23,DEL,9279,1
23,DEL,9407,1
23,DEL,9535,1
23,DEL,9855,1
23,DEL,10367,1
23,DEL,10431,1
23,DEL,10495,1
23,DEL,10559,1
23,DEL,13887,1
23,DEL,19967,1
23,DEL,21119,1
23,DEL,21375,1
23,DEL,23807,1
23,DEL,24063,1
23,DEL,24447,1
23,DEL,24703,1
23,DEL,27135,1
23,DEL,27519,1
23,DEL,28159,1
23,DEL,30975,1
23,DEL,31103,1
23,DEL,32639,1
23,DEL,35583,1
23,DEL,36607,2
23,DEL,38143,1
23,DEL,39679,1
23,DEL,41471,1
23,DEL,42495,2
23,DEL,45311,1
23,DEL,45823,1
23,DEL,47615,1
23,DEL,48127,1
23,DEL,49407,3
23,DEL,51199,1
23,DEL,52991,1
23,DEL,53503,1
23,DEL,55039,1
23,DEL,55295,1
23,DEL,56575,1
23,DEL,56831,2
23,DEL,57343,1
23,DEL,57599,1
23,DEL,58111,2
23,DEL,58367,1
23,DEL,58879,3
23,DEL,59135,1
23,DEL,60159,2
23,DEL,60415,1
23,DEL,60927,3
23,DEL,61183,1
23,DEL,61695,4
23,DEL,61951,3
23,DEL,62207,2
23,DEL,62463,2
23,DEL,62719,4
23,DEL,62975,5
23,DEL,63231,1
23,DEL,63487,3
23,DEL,63743,2
23,DEL,63999,4
23,DEL,64255,3
23,DEL,64511,4
23,DEL,64767,3
23,DEL,65023,6
23,DEL,65279,6
23,DEL,65535,5
23,DEL,66047,4
23,DEL,66559,6
23,DEL,67071,3
23,DEL,67583,1
23,DEL,68095,7
23,DEL,68607,10
23,DEL,69119,12
23,DEL,69631,7
23,DEL,70143,15
23,DEL,70655,13
23,DEL,71167,13
23,DEL,71679,7
23,DEL,72191,12
23,DEL,72703,9
23,DEL,73215,7
23,DEL,73727,7
23,DEL,74239,7
23,DEL,74751,8
23,DEL,75263,6
23,DEL,75775,5
23,DEL,76287,6
23,DEL,76799,3
23,DEL,77311,3
23,DEL,77823,7
23,DEL,78335,4
23,DEL,79359,1
23,DEL,80383,3
23,DEL,80895,2
23,DEL,81407,2
23,DEL,82943,1
23,DEL,86015,2
23,DEL,86527,1
24,SET,153,1
24,SET,172,1
24,SET,173,1
24,SET,177,1
24,SET,179,3
24,SET,184,1
24,SET,185,1
24,SET,188,1
24,SET,189,1
24,SET,194,1
24,SET,200,2
24,SET,204,1
24,SET,212,1
24,SET,225,1
24,SET,243,2
24,SET,248,2
24,SET,259,1
24,SET,273,2
24,SET,287,1
24,SET,289,1
24,SET,309,1
24,SET,337,1
24,SET,347,1
24,SET,349,1
24,SET,363,1
24,SET,427,1
24,SET,461,1
24,SET,463,1
24,SET,475,1
24,SET,483,1
24,SET,515,1
24,SET,519,1
24,SET,527,1
24,SET,595,1
24,SET,635,1
24,SET,639,1
24,SET,647,1
24,SET,703,1
24,SET,731,1
24,SET,755,1
24,SET,787,1
24,SET,927,1
24,SET,935,1
24,SET,947,1
24,SET,955,1
24,SET,963,2
24,SET,971,1
24,SET,995,1
24,SET,1039,1
24,SET,1063,1
24,SET,1103,1
24,SET,1111,1
24,SET,1247,2
24,SET,1271,1
24,SET,1343,1
24,SET,1415,1
24,SET,1447,1
24,SET,1471,1
24,SET,1511,1
24,SET,1543,1
24,SET,1583,1
24,SET,1615,1
24,SET,1655,1
24,SET,1671,1
24,SET,1791,1
24,SET,1855,2
24,SET,1935,1
24,SET,1999,1
24,SET,2063,1
24,SET,2079,1
24,SET,2095,1
24,SET,2111,1
24,SET,2143,1
24,SET,2175,1
24,SET,2191,1
24,SET,2207,2
24,SET,2223,1
24,SET,2303,1
24,SET,2335,1
24,SET,2351,1
24,SET,2383,1
24,SET,2415,1
24,SET,2479,1
24,SET,2543,1
24,SET,2591,1
24,SET,2623,1
24,SET,2671,1
24,SET,2687,2
24,SET,2703,2
24,SET,2751,1
24,SET,2767,1
24,SET,2831,1
24,SET,2895,1
24,SET,2959,1
24,SET,2975,1
24,SET,2991,2
24,SET,3039,1
24,SET,3055,1
24,SET,3103,1
24,SET,3135,1
24,SET,3167,1
24,SET,3215,1
24,SET,3247,1
24,SET,3263,1
24,SET,3279,1
24,SET,3311,1
24,SET,3327,1
24,SET,3343,1
24,SET,3391,1
24,SET,3455,1
24,SET,3471,1
24,SET,3535,1
24,SET,3551,1
24,SET,3631,1
24,SET,3695,1
24,SET,3711,1
24,SET,3727,1
24,SET,3759,2
24,SET,3791,1
24,SET,3839,2
24,SET,3871,1
24,SET,3887,1
24,SET,3919,2
24,SET,4047,1
24,SET,4079,1
24,SET,4095,1
24,SET,4223,1
24,SET,4319,1
24,SET,4351,1
24,SET,4511,1
24,SET,4543,1
24,SET,4575,1
24,SET,4607,1
24,SET,4671,1
24,SET,4703,1
24,SET,4863,1
24,SET,4927,1
24,SET,4991,1
24,SET,5087,1
24,SET,5311,2
24,SET,5375,1
24,SET,5407,1
24,SET,5471,1
24,SET,5503,1
24,SET,5695,1
24,SET,5759,1
24,SET,5823,1
24,SET,5919,1
24,SET,5951,1
24,SET,6143,2
24,SET,6239,1
24,SET,6271,1
24,SET,6303,1
24,SET,6591,1
24,SET,6719,1
24,SET,6911,1
24,SET,7583,1
24,SET,8511,1
24,GET,127,1
24,GET,132,1
24,GET,140,1
24,GET,143,1
24,GET,146,1
24,GET,147,1
24,GET,148,1
24,GET,149,1
24,GET,150,1
24,GET,152,2
24,GET,153,1
24,GET,154,1
24,GET,156,1
24,GET,157,5
24,GET,158,1
24,GET,159,2
24,GET,160,1
24,GET,161,2
24,GET,162,1
24,GET,163,4
24,GET,164,1
24,GET,165,1
24,GET,166,1
24,GET,167,4
24,GET,168,4
24,GET,169,1
24,GET,170,2
24,GET,171,2
24,GET,172,3
24,GET,173,1
24,GET,174,2
24,GET,176,4
24,GET,177,8
24,GET,178,4
24,GET,179,6
24,GET,180,2
24,GET,181,4
24,GET,182,4
24,GET,183,3
24,GET,185,6
24,GET,186,7
24,GET,187,2
24,GET,188,3
24,GET,189,4
24,GET,190,2
24,GET,191,3
24,GET,192,1
24,GET,193,5
24,GET,194,4
24,GET,195,7
24,GET,196,8
24,GET,197,5
24,GET,198,5
24,GET,199,2
24,GET,200,2
24,GET,201,2
24,GET,202,3
24,GET,203,3
24,GET,204,1
24,GET,205,8
24,GET,206,4
24,GET,207,4
24,GET,208,5
24,GET,209,2
24,GET,210,2
24,GET,211,2
24,GET,213,1
24,GET,214,2
24,GET,215,3
24,GET,216,5
24,GET,217,2
24,GET,218,1
24,GET,220,1
24,GET,222,1
24,GET,223,3
24,GET,224,2
24,GET,225,1
24,GET,226,3
24,GET,227,2
24,GET,228,1
24,GET,229,2
24,GET,230,3
24,GET,232,3
24,GET,233,1
24,GET,234,1
24,GET,236,2
24,GET,237,1
24,GET,238,3
24,GET,239,3
24,GET,240,2
24,GET,241,3
24,GET,242,2
24,GET,243,2
24,GET,244,1
24,GET,245,1
24,GET,246,1
24,GET,247,1
24,GET,249,4
24,GET,250,2
24,GET,251,1
24,GET,252,3
24,GET,253,2
24,GET,254,1
24,GET,255,1
24,GET,257,2
24,GET,259,1
24,GET,261,2
24,GET,263,1
24,GET,269,1
24,GET,271,2
24,GET,273,1
24,GET,277,1
24,GET,279,1
24,GET,281,2
24,GET,283,1
24,GET,285,1
24,GET,289,2
24,GET,291,1
24,GET,293,2
24,GET,305,1
24,GET,307,1
24,GET,309,1
24,GET,315,1
24,GET,317,1
24,GET,325,4
24,GET,327,2
24,GET,329,2
24,GET,331,3
24,GET,333,2
24,GET,355,3
24,GET,357,1
24,GET,359,1
24,GET,361,1
24,GET,367,1
24,GET,371,1
24,GET,375,1
24,GET,383,3
24,GET,385,2
24,GET,389,1
24,GET,393,1
24,GET,395,2
24,GET,397,1
24,GET,401,1
24,GET,403,1
24,GET,405,2
24,GET,407,2
24,GET,413,1
24,GET,419,1
24,GET,437,2
24,GET,447,1
24,GET,455,1
24,GET,459,1
24,GET,461,1
24,GET,463,1
24,GET,467,3
24,GET,471,1
24,GET,473,1
24,GET,477,3
24,GET,479,1
24,GET,481,2
24,GET,483,1
24,GET,487,2
24,GET,491,1
24,GET,493,1
24,GET,499,1
24,GET,501,1
24,GET,507,2
24,GET,509,1
24,GET,515,2
24,GET,519,1
24,GET,527,2
24,GET,531,2
24,GET,539,4
24,GET,543,2
24,GET,547,1
24,GET,551,2
24,GET,555,2
24,GET,559,1
24,GET,563,1
24,GET,567,2
24,GET,571,2
24,GET,579,1
24,GET,583,2
24,GET,587,3
24,GET,591,1
24,GET,595,2
24,GET,599,1
24,GET,603,3
24,GET,607,1
24,GET,611,1
24,GET,615,2
24,GET,619,2
24,GET,623,2
24,GET,627,5
24,GET,631,3
24,GET,635,2
24,GET,639,1
24,GET,643,2
24,GET,647,2
24,GET,651,4
24,GET,655,1
24,GET,659,5
24,GET,667,3
24,GET,671,2
24,GET,675,2
24,GET,679,2
24,GET,683,1
24,GET,687,4
24,GET,691,4
24,GET,695,1
24,GET,699,4
24,GET,703,3
24,GET,707,4
24,GET,711,2
24,GET,715,2
24,GET,719,2
24,GET,723,2
24,GET,727,2
24,GET,731,1
24,GET,735,3
24,GET,739,4
24,GET,743,2
24,GET,747,1
24,GET,751,4
24,GET,755,2
24,GET,763,7
24,GET,767,1
24,GET,771,4
24,GET,775,3
24,GET,779,2
24,GET,783,2
24,GET,791,4
24,GET,795,4
24,GET,799,1
24,GET,803,2
24,GET,807,2
24,GET,811,1
24,GET,815,1
24,GET,823,4
24,GET,827,3
24,GET,831,1
24,GET,835,2
24,GET,843,2
24,GET,847,4
24,GET,851,4
24,GET,855,2
24,GET,859,6
24,GET,863,3
24,GET,867,1
24,GET,871,2
24,GET,875,2
24,GET,879,3
24,GET,883,4
24,GET,887,4
24,GET,891,3
24,GET,895,1
24,GET,899,3
24,GET,903,1
24,GET,907,1
24,GET,915,1
24,GET,923,2
24,GET,927,2
24,GET,931,2
24,GET,935,6
24,GET,939,3
24,GET,943,2
24,GET,947,1
24,GET,955,1
24,GET,959,5
24,GET,963,2
24,GET,967,5
24,GET,971,2
24,GET,975,1
24,GET,983,1
24,GET,991,1
24,GET,995,2
24,GET,999,3
24,GET,1003,2
24,GET,1015,1
24,GET,1019,1
24,GET,1023,1
24,GET,1031,2
24,GET,1039,3
24,GET,1047,5
24,GET,1055,1
24,GET,1063,3
24,GET,1071,5
24,GET,1079,1
24,GET,1087,4
24,GET,1095,2
24,GET,1103,1
24,GET,1111,7
24,GET,1119,5
24,GET,1127,5
24,GET,1135,2
24,GET,1143,2
24,GET,1151,2
24,GET,1159,2
24,GET,1167,2
24,GET,1175,3
24,GET,1183,2
24,GET,1191,3
24,GET,1199,2
24,GET,1207,5
24,GET,1223,3
24,GET,1231,4
24,GET,1239,1
24,GET,1247,1
24,GET,1255,4
24,GET,1263,1
24,GET,1271,3
24,GET,1279,2
24,GET,1287,4
24,GET,1303,5
24,GET,1311,2
24,GET,1319,4
24,GET,1327,5
24,GET,1335,2
24,GET,1343,5
24,GET,1351,1
24,GET,1359,1
24,GET,1367,7
24,GET,1375,2
24,GET,1383,3
24,GET,1391,1
24,GET,1399,4
24,GET,1407,5
24,GET,1415,3
24,GET,1423,3
24,GET,1431,7
24,GET,1439,3
24,GET,1447,3
24,GET,1455,5
24,GET,1463,3
24,GET,1471,3
24,GET,1479,6
24,GET,1487,2
24,GET,1495,2
24,GET,1503,6
24,GET,1511,4
24,GET,1519,6
24,GET,1527,5
24,GET,1535,2
24,GET,1543,6
24,GET,1551,4
24,GET,1559,5
24,GET,1567,4
24,GET,1575,5
24,GET,1591,7
24,GET,1599,2
24,GET,1607,9
24,GET,1615,1
24,GET,1623,4
24,GET,1631,4
24,GET,1639,2
24,GET,1647,3
24,GET,1655,4
24,GET,1663,6
24,GET,1671,1
24,GET,1679,2
24,GET,1687,2
24,GET,1695,5
24,GET,1703,3
24,GET,1711,3
24,GET,1719,3
24,GET,1727,5
24,GET,1735,6
24,GET,1743,1
24,GET,1751,3
24,GET,1759,7
24,GET,1767,4
24,GET,1775,1
24,GET,1783,2
24,GET,1791,2
24,GET,1807,5
24,GET,1815,3
24,GET,1823,6
24,GET,1839,1
24,GET,1847,3
24,GET,1855,3
24,GET,1863,1
24,GET,1871,3
24,GET,1895,3
24,GET,1903,2
24,GET,1911,8
24,GET,1919,1
24,GET,1927,1
24,GET,1935,3
24,GET,1943,2
24,GET,1951,2
24,GET,1959,1
24,GET,1967,4
24,GET,1975,1
24,GET,1983,3
24,GET,1999,2
24,GET,2007,3
24,GET,2015,4
24,GET,2023,1
24,GET,2031,1
24,GET,2063,4
24,GET,2079,2
24,GET,2095,4
24,GET,2111,5
24,GET,2127,7
24,GET,2143,5
24,GET,2159,4
24,GET,2175,4
24,GET,2191,2
24,GET,2207,7
24,GET,2223,4
24,GET,2239,4
24,GET,2255,3
24,GET,2271,9
24,GET,2287,1
24,GET,2303,2
24,GET,2319,3
24,GET,2335,3
24,GET,2351,5
24,GET,2367,7
24,GET,2383,6
24,GET,2399,8
24,GET,2415,6
24,GET,2431,6
24,GET,2447,5
24,GET,2463,7
24,GET,2479,2
24,GET,2495,4
24,GET,2511,7
24,GET,2527,10
24,GET,2543,4
24,GET,2559,6
24,GET,2575,6
24,GET,2591,4
24,GET,2607,5
24,GET,2623,6
24,GET,2639,1
24,GET,2655,6
24,GET,2671,9
24,GET,2687,4
24,GET,2703,1
24,GET,2719,7
24,GET,2735,4
24,GET,2751,6
24,GET,2767,4
24,GET,2783,9
24,GET,2799,10
24,GET,2815,3
24,GET,2831,4
24,GET,2847,5
24,GET,2863,3
24,GET,2879,6
24,GET,2895,5
24,GET,2911,5
24,GET,2927,8
24,GET,2943,2
24,GET,2959,5
24,GET,2975,3
24,GET,2991,6
24,GET,3007,10
24,GET,3023,13
24,GET,3039,3
24,GET,3055,2
24,GET,3071,7
24,GET,3087,5
24,GET,3103,3
24,GET,3119,11
24,GET,3135,8
24,GET,3151,6
24,GET,3167,5
24,GET,3183,5
24,GET,3199,7
24,GET,3215,7
24,GET,3231,6
24,GET,3247,7
24,GET,3263,3
24,GET,3279,8
24,GET,3295,7
24,GET,3311,11
24,GET,3327,6
24,GET,3343,6
24,GET,3359,5
24,GET,3375,5
24,GET,3391,2
24,GET,3407,6
24,GET,3423,9
24,GET,3439,3
24,GET,3455,11
24,GET,3471,7
24,GET,3487,10
24,GET,3503,8
24,GET,3519,7
24,GET,3535,5
24,GET,3551,6
24,GET,3567,4
24,GET,3583,5
24,GET,3599,5
24,GET,3615,7
24,GET,3631,4
24,GET,3647,7
24,GET,3663,8
24,GET,3679,7
24,GET,3695,1
24,GET,3711,5
24,GET,3727,6
24,GET,3743,3
24,GET,3759,1
24,GET,3775,6
24,GET,3791,4
24,GET,3807,6
24,GET,3823,6
24,GET,3839,7
24,GET,3855,4
24,GET,3871,6
24,GET,3887,6
24,GET,3903,5
24,GET,3919,3
24,GET,3935,5
24,GET,3951,7
24,GET,3967,2
24,GET,3983,4
24,GET,3999,5
24,GET,4015,6
24,GET,4047,4
24,GET,4063,5
24,GET,4079,6
24,GET,4095,4
24,GET,4127,10
24,GET,4159,12
24,GET,4191,13
24,GET,4223,10
24,GET,4255,10
24,GET,4287,6
24,GET,4319,7
24,GET,4351,8
24,GET,4383,5
24,GET,4415,10
24,GET,4447,7
24,GET,4479,12
24,GET,4511,4
24,GET,4543,9
24,GET,4575,10
24,GET,4607,9
24,GET,4639,11
24,GET,4671,9
24,GET,4703,6
24,GET,4735,5
24,GET,4767,5
24,GET,4799,14
24,GET,4831,10
24,GET,4863,4
24,GET,4895,11
24,GET,4927,8
24,GET,4959,7
24,GET,4991,4
24,GET,5023,8
24,GET,5055,5
24,GET,5087,4
24,GET,5119,10
24,GET,5151,4
24,GET,5183,9
24,GET,5215,5
24,GET,5247,5
24,GET,5279,4
24,GET,5311,1
24,GET,5343,7
24,GET,5375,4
24,GET,5407,6
24,GET,5439,2
24,GET,5471,3
24,GET,5503,6
24,GET,5535,6
24,GET,5567,4
24,GET,5599,7
24,GET,5631,6
24,GET,5663,3
24,GET,5695,8
24,GET,5727,5
24,GET,5759,6
24,GET,5791,2
24,GET,5823,6
24,GET,5855,3
24,GET,5887,3
24,GET,5919,7
24,GET,5951,1
24,GET,5983,2
24,GET,6015,2
24,GET,6047,4
24,GET,6079,3
24,GET,6111,4
24,GET,6143,3
24,GET,6175,3
24,GET,6207,2
24,GET,6239,3
24,GET,6271,4
24,GET,6303,2
24,GET,6335,3
24,GET,6367,2
24,GET,6399,1
24,GET,6431,3
24,GET,6463,3
24,GET,6495,4
24,GET,6527,3
24,GET,6559,3
24,GET,6591,2
24,GET,6623,2
24,GET,6655,4
24,GET,6687,2
24,GET,6719,1
24,GET,6783,3
24,GET,6815,1
24,GET,6911,3
24,GET,6943,2
24,GET,6975,1
24,GET,7007,1
24,GET,7039,1
24,GET,7135,1
24,GET,7199,2
24,GET,7327,2
24,GET,7391,2
24,GET,7423,1
24,GET,7487,1
24,GET,7551,2
24,GET,7647,1
24,GET,7679,1
24,GET,7743,1
24,GET,8031,1
24,GET,8127,1
24,GET,8191,1
24,GET,8383,1
24,GET,8447,2
24,GET,8511,1
24,GET,8575,1
24,GET,8703,1
24,GET,8767,1
24,GET,9087,1
24,GET,9663,1
24,GET,10047,1
24,GET,10111,1
24,DEL,123,1
24,DEL,139,1
24,DEL,141,1
24,DEL,144,1
24,DEL,157,1
24,DEL,159,1
24,DEL,163,1
24,DEL,165,1
24,DEL,170,1
24,DEL,171,1
24,DEL,173,3
24,DEL,174,2
24,DEL,176,3
24,DEL,177,1
24,DEL,180,1
24,DEL,181,2
24,DEL,184,1
24,DEL,186,1
24,DEL,187,1
24,DEL,188,1
24,DEL,189,2
24,DEL,190,1
24,DEL,192,2
24,DEL,193,3
24,DEL,196,2
24,DEL,197,1
24,DEL,198,2
24,DEL,199,2
24,DEL,201,4
24,DEL,202,2
24,DEL,203,2
24,DEL,205,1
24,DEL,206,1
24,DEL,207,2
24,DEL,208,2
24,DEL,210,1
24,DEL,212,1
24,DEL,213,2
24,DEL,214,1
24,DEL,215,2
24,DEL,217,1
24,DEL,218,2
24,DEL,219,1
24,DEL,220,1
24,DEL,222,2
24,DEL,223,1
24,DEL,226,1
24,DEL,227,1
24,DEL,228,1
24,DEL,231,2
24,DEL,234,1
24,DEL,239,1
24,DEL,245,1
24,DEL,250,1
24,DEL,255,1
24,DEL,257,1
24,DEL,259,2
24,DEL,261,1
24,DEL,265,1
24,DEL,277,1
24,DEL,279,1
24,DEL,285,1
24,DEL,287,1
24,DEL,295,1
24,DEL,301,3
24,DEL,307,1
24,DEL,311,1
24,DEL,317,2
24,DEL,329,1
24,DEL,335,1
24,DEL,347,1
24,DEL,353,2
24,DEL,367,1
24,DEL,371,1
24,DEL,387,1
24,DEL,393,1
24,DEL,397,1
24,DEL,419,1
24,DEL,421,1
24,DEL,423,1
24,DEL,427,1
24,DEL,439,1
24,DEL,443,1
24,DEL,447,1
24,DEL,453,1
24,DEL,455,1
24,DEL,473,2
24,DEL,475,1
24,DEL,481,1
24,DEL,487,1
24,DEL,499,1
24,DEL,503,2
24,DEL,511,1
24,DEL,519,1
24,DEL,543,2
24,DEL,547,2
24,DEL,559,1
24,DEL,563,1
24,DEL,571,1
24,DEL,575,1
24,DEL,583,1
24,DEL,587,1
24,DEL,591,2
24,DEL,599,1
24,DEL,607,1
24,DEL,611,1
24,DEL,619,1
24,DEL,623,1
24,DEL,631,1
24,DEL,635,1
24,DEL,643,2
24,DEL,651,1
24,DEL,659,2
24,DEL,671,2
24,DEL,707,1
24,DEL,727,1
24,DEL,731,1
24,DEL,739,2
24,DEL,759,1
24,DEL,771,1
24,DEL,783,1
24,DEL,787,1
24,DEL,791,1
24,DEL,795,1
24,DEL,807,3
24,DEL,811,1
24,DEL,815,2
24,DEL,819,1
24,DEL,823,1
24,DEL,827,1
24,DEL,839,1
24,DEL,843,1
24,DEL,847,1
24,DEL,851,1
24,DEL,859,1
24,DEL,863,1
24,DEL,867,2
24,DEL,871,1
24,DEL,879,1
24,DEL,883,1
24,DEL,891,2
24,DEL,895,3
24,DEL,899,1
24,DEL,903,2
24,DEL,911,2
24,DEL,915,2
24,DEL,919,1
24,DEL,935,2
24,DEL,939,1
24,DEL,947,2
24,DEL,951,2
24,DEL,955,1
24,DEL,967,1
24,DEL,979,1
24,DEL,983,1
24,DEL,991,3
24,DEL,1003,1
24,DEL,1015,2
24,DEL,1023,1
24,DEL,1039,3
24,DEL,1047,2
24,DEL,1063,2
24,DEL,1071,2
24,DEL,1103,1
24,DEL,1111,1
24,DEL,1127,1
24,DEL,1135,1
24,DEL,1151,1
24,DEL,1167,1
24,DEL,1175,1
24,DEL,1199,1
24,DEL,1207,4
24,DEL,1215,2
24,DEL,1231,1
24,DEL,1255,1
24,DEL,1263,2
24,DEL,1271,1
24,DEL,1287,2
24,DEL,1295,1
24,DEL,1303,1
24,DEL,1327,1
24,DEL,1367,4
24,DEL,1375,1
24,DEL,1391,1
24,DEL,1407,2
24,DEL,1439,1
24,DEL,1447,1
24,DEL,1463,1
24,DEL,1487,1
24,DEL,1503,1
24,DEL,1511,1
24,DEL,1527,1
24,DEL,1567,2
24,DEL,1575,1
24,DEL,1615,1
24,DEL,1623,1
24,DEL,1631,1
24,DEL,1663,1
24,DEL,1783,1
24,DEL,1799,2
24,DEL,1815,1
24,DEL,1823,1
24,DEL,1847,1
24,DEL,1903,1
24,DEL,1951,1
24,DEL,2063,1
24,DEL,2095,2
24,DEL,2111,1
24,DEL,2127,1
24,DEL,2175,1
24,DEL,2191,1
24,DEL,2319,1
24,DEL,2367,1
24,DEL,2399,1
24,DEL,2463,1
24,DEL,2479,2
24,DEL,2527,1
24,DEL,2559,2
24,DEL,2607,1
24,DEL,2671,1
24,DEL,2687,1
24,DEL,2735,1
24,DEL,2911,2
24,DEL,2927,1
24,DEL,2959,1
24,DEL,2991,1
24,DEL,3007,1
24,DEL,3103,1
24,DEL,3119,1
24,DEL,3167,1
24,DEL,3183,1
24,DEL,3199,1
24,DEL,3215,1
24,DEL,3279,1
24,DEL,3311,1
24,DEL,3343,2
24,DEL,3359,1
24,DEL,3375,1
24,DEL,3423,1
24,DEL,3439,1
24,DEL,3471,1
24,DEL,3487,1
24,DEL,3535,1
24,DEL,3551,2
24,DEL,3583,2
24,DEL,3599,1
24,DEL,3615,1
24,DEL,3647,1
24,DEL,3679,1
24,DEL,3695,1
24,DEL,3759,1
24,DEL,3775,2
24,DEL,3791,1
24,DEL,3807,1
24,DEL,3823,1
24,DEL,3839,1
24,DEL,3871,1
24,DEL,3887,2
24,DEL,3903,2
24,DEL,3967,1
24,DEL,3983,1
24,DEL,3999,2
24,DEL,4063,1
24,DEL,4127,3
24,DEL,4159,1
24,DEL,4191,3
24,DEL,4223,1
24,DEL,4255,1
24,DEL,4287,1
24,DEL,4319,1
24,DEL,4351,4
24,DEL,4383,4
24,DEL,4415,2
24,DEL,4447,1
24,DEL,4479,1
24,DEL,4543,1
24,DEL,4575,1
24,DEL,4607,1
24,DEL,4703,1
24,DEL,4767,1
24,DEL,4799,1
24,DEL,4863,2
24,DEL,4895,3
24,DEL,4927,1
24,DEL,4991,3
24,DEL,5087,2
24,DEL,5119,4
24,DEL,5151,1
24,DEL,5183,4
24,DEL,5215,1
24,DEL,5247,1
24,DEL,5279,1
24,DEL,5343,2
24,DEL,5375,1
24,DEL,5471,1
24,DEL,5599,1
24,DEL,5663,1
24,DEL,5695,1
24,DEL,5759,1
24,DEL,5823,1
24,DEL,5919,3
24,DEL,5983,1
24,DEL,6015,3
24,DEL,6079,1
24,DEL,6207,1
24,DEL,6271,1
24,DEL,6303,1
24,DEL,6399,3
24,DEL,6463,3
24,DEL,6527,3
24,DEL,6559,1
24,DEL,6591,2
24,DEL,6655,1
24,DEL,6751,1
24,DEL,6879,1
24,DEL,6911,3
24,DEL,6943,1
24,DEL,7007,1
24,DEL,7039,2
24,DEL,7103,1
24,DEL,7167,1
24,DEL,7231,1
24,DEL,7295,1
24,DEL,7359,2
24,DEL,7391,1
24,DEL,7423,1
24,DEL,7455,1
24,DEL,7519,1
24,DEL,7615,3
24,DEL,7647,2
24,DEL,7807,1
24,DEL,7839,1
24,DEL,7871,1
24,DEL,7935,2
24,DEL,8159,2
24,DEL,8255,1
24,DEL,8319,1
24,DEL,8447,1
24,DEL,8575,1
24,DEL,8639,1
24,DEL,8703,1
24,DEL,8895,1
24,DEL,9151,1
24,DEL,9471,1
24,DEL,9535,1
24,DEL,9599,1
24,DEL,9983,1
24,DEL,10815,1
24,DEL,11071,1
24,DEL,11327,1
24,DEL,12223,1
24,DEL,28031,1
24,DEL,35071,1
24,DEL,35583,1
24,DEL,38143,1
24,DEL,38399,1
24,DEL,39167,1
24,DEL,40703,1
24,DEL,43519,1
24,DEL,44287,1
24,DEL,44799,1
24,DEL,47103,1
24,DEL,49151,1
24,DEL,49663,1
24,DEL,50687,1
24,DEL,51711,1
24,DEL,51967,1
24,DEL,52991,1
24,DEL,54527,1
24,DEL,56063,1
24,DEL,58623,3
24,DEL,59135,1
24,DEL,59391,2
24,DEL,59647,1
24,DEL,60159,2
24,DEL,60671,2
24,DEL,60927,2
24,DEL,61439,2
24,DEL,61695,1
24,DEL,61951,2
24,DEL,62207,1
24,DEL,62463,2
24,DEL,62719,1
24,DEL,62975,4
24,DEL,63231,2
24,DEL,63487,2
24,DEL,63743,2
24,DEL,63999,5
24,DEL,64255,3
24,DEL,64511,2
24,DEL,64767,9
24,DEL,65023,6
24,DEL,65279,2
24,DEL,65535,2
24,DEL,66047,13
24,DEL,66559,14
24,DEL,67071,16
24,DEL,67583,10
24,DEL,68095,11
24,DEL,68607,8
24,DEL,69119,7
24,DEL,69631,12
24,DEL,70143,13
24,DEL,70655,8
24,DEL,71167,5
24,DEL,71679,3
24,DEL,72191,9
24,DEL,72703,6
24,DEL,73215,5
24,DEL,73727,8
24,DEL,74239,6
24,DEL,74751,6
24,DEL,75263,3
24,DEL,75775,3
24,DEL,76287,2
24,DEL,76799,8
24,DEL,77311,5
24,DEL,77823,6
24,DEL,78335,1
24,DEL,78847,2
24,DEL,79359,2
24,DEL,79871,3
24,DEL,80383,1
24,DEL,81407,2
24,DEL,81919,2
24,DEL,82943,1
24,DEL,83967,1
24,DEL,84991,3
24,DEL,89087,1
24,DEL,90111,1
25,DEL,108,1
25,DEL,147,1
25,DEL,149,1
25,DEL,150,3
25,DEL,152,2
25,DEL,158,1
25,DEL,159,2
25,DEL,161,1
25,DEL,162,1
25,DEL,169,2
25,DEL,171,1
25,DEL,172,1
25,DEL,173,2
25,DEL,175,2
25,DEL,176,2
25,DEL,178,1
25,DEL,180,1
25,DEL,181,1
25,DEL,183,1
25,DEL,185,1
25,DEL,186,2
25,DEL,188,2
25,DEL,189,3
25,DEL,192,1
25,DEL,193,2
25,DEL,194,3
25,DEL,195,1
25,DEL,196,1
25,DEL,197,2
25,DEL,198,2
25,DEL,199,1
25,DEL,200,1
25,DEL,201,1
25,DEL,202,5
25,DEL,203,3
25,DEL,204,1
25,DEL,205,2
25,DEL,206,2
25,DEL,207,1
25,DEL,210,3
25,DEL,214,1
25,DEL,216,4
25,DEL,218,1
25,DEL,219,1
25,DEL,220,1
25,DEL,225,1
25,DEL,228,1
25,DEL,231,1
25,DEL,232,1
25,DEL,233,1
25,DEL,234,1
25,DEL,240,3
25,DEL,241,1
25,DEL,244,2
25,DEL,245,1
25,DEL,248,1
25,DEL,252,1
25,DEL,257,2
25,DEL,261,2
25,DEL,263,1
25,DEL,265,1
25,DEL,267,1
25,DEL,273,2
25,DEL,279,4
25,DEL,285,1
25,DEL,289,1
25,DEL,291,1
25,DEL,295,1
25,DEL,301,1
25,DEL,313,1
25,DEL,319,1
25,DEL,339,1
25,DEL,341,1
25,DEL,345,1
25,DEL,363,1
25,DEL,371,1
25,DEL,373,2
25,DEL,389,1
25,DEL,397,1
25,DEL,399,1
25,DEL,407,1
25,DEL,419,1
25,DEL,443,1
25,DEL,455,1
25,DEL,463,1
25,DEL,467,1
25,DEL,481,1
25,DEL,487,1
25,DEL,497,1
25,DEL,507,1
25,DEL,519,1
25,DEL,535,1
25,DEL,539,1
25,DEL,547,2
25,DEL,555,2
25,DEL,559,1
25,DEL,563,1
25,DEL,575,1
25,DEL,583,1
25,DEL,595,1
25,DEL,615,1
25,DEL,623,3
25,DEL,639,1
25,DEL,643,1
25,DEL,655,1
25,DEL,659,1
25,DEL,671,1
25,DEL,679,1
25,DEL,683,1
25,DEL,715,2
25,DEL,723,1
25,DEL,731,1
25,DEL,739,1
25,DEL,751,1
25,DEL,755,2
25,DEL,759,3
25,DEL,763,1
25,DEL,775,1
25,DEL,779,1
25,DEL,783,1
25,DEL,787,1
25,DEL,795,1
25,DEL,803,1
25,DEL,815,1
25,DEL,827,2
25,DEL,839,2
25,DEL,843,2
25,DEL,847,1
25,DEL,851,2
25,DEL,855,1
25,DEL,859,2
25,DEL,867,1
25,DEL,875,1
25,DEL,879,1
25,DEL,883,1
25,DEL,887,1
25,DEL,915,2
25,DEL,919,1
25,DEL,923,1
25,DEL,927,1
25,DEL,939,1
25,DEL,951,1
25,DEL,963,1
25,DEL,967,1
25,DEL,975,3
25,DEL,983,1
25,DEL,995,1
25,DEL,999,1
25,DEL,1007,2
25,DEL,1011,1
25,DEL,1023,3
25,DEL,1031,2
25,DEL,1039,1
25,DEL,1047,1
25,DEL,1063,1
25,DEL,1079,1
25,DEL,1087,1
25,DEL,1103,2
25,DEL,1111,1
25,DEL,1119,1
25,DEL,1135,3
25,DEL,1143,1
25,DEL,1151,1
25,DEL,1167,1
25,DEL,1183,1
25,DEL,1215,1
25,DEL,1223,1
25,DEL,1231,2
25,DEL,1239,1
25,DEL,1263,2
25,DEL,1287,3
25,DEL,1303,1
25,DEL,1311,4
25,DEL,1327,1
25,DEL,1343,3
25,DEL,1367,1
25,DEL,1391,1
25,DEL,1399,2
25,DEL,1407,1
25,DEL,1415,1
25,DEL,1431,1
25,DEL,1479,1
25,DEL,1487,2
25,DEL,1503,1
25,DEL,1519,1
25,DEL,1527,1
25,DEL,1535,1
25,DEL,1551,2
25,DEL,1559,1
25,DEL,1583,1
25,DEL,1607,1
25,DEL,1615,1
25,DEL,1671,1
25,DEL,1679,2
25,DEL,1695,1
25,DEL,1711,1
25,DEL,1719,1
25,DEL,1727,2
25,DEL,1743,2
25,DEL,1759,1
25,DEL,1775,1
25,DEL,1815,1
25,DEL,1831,1
25,DEL,1943,1
25,DEL,1975,1
25,DEL,1999,1
25,DEL,2063,1
25,DEL,2095,2
25,DEL,2111,1
25,DEL,2143,1
25,DEL,2207,1
25,DEL,2287,1
25,DEL,2383,1
25,DEL,2431,2
25,DEL,2463,1
25,DEL,2495,1
25,DEL,2591,1
25,DEL,2639,1
25,DEL,2655,2
25,DEL,2687,2
25,DEL,2735,1
25,DEL,2783,1
25,DEL,2815,1
25,DEL,2847,1
25,DEL,2863,2
25,DEL,2959,1
25,DEL,3055,1
25,DEL,3119,1
25,DEL,3151,1
25,DEL,3167,1
25,DEL,3263,1
25,DEL,3311,2
25,DEL,3343,1
25,DEL,3375,1
25,DEL,3439,2
25,DEL,3471,2
25,DEL,3487,1
25,DEL,3535,1
25,DEL,3583,1
25,DEL,3615,1
25,DEL,3631,1
25,DEL,3759,1
25,DEL,3775,1
25,DEL,3791,2
25,DEL,3887,1
25,DEL,3919,1
25,DEL,3983,1
25,DEL,4031,1
25,DEL,4159,1
25,DEL,4191,2
25,DEL,4287,3
25,DEL,4319,1
25,DEL,4351,1
25,DEL,4383,2
25,DEL,4415,1
25,DEL,4447,2
25,DEL,4479,4
25,DEL,4511,1
25,DEL,4543,1
25,DEL,4639,1
25,DEL,4671,1
25,DEL,4735,2
25,DEL,4767,1
25,DEL,4799,1
25,DEL,4831,1
25,DEL,4863,1
25,DEL,4895,2
25,DEL,4959,1
25,DEL,4991,1
25,DEL,5023,3
25,DEL,5055,4
25,DEL,5087,4
25,DEL,5119,1
25,DEL,5151,2
25,DEL,5247,1
25,DEL,5279,1
25,DEL,5343,1
25,DEL,5375,2
25,DEL,5407,1
25,DEL,5439,2
25,DEL,5471,2
25,DEL,5567,2
25,DEL,5663,1
25,DEL,5727,1
25,DEL,5791,4
25,DEL,5823,1
25,DEL,5855,1
25,DEL,5887,1
25,DEL,5951,1
25,DEL,6015,1
25,DEL,6047,1
25,DEL,6079,1
25,DEL,6111,1
25,DEL,6143,1
25,DEL,6175,4
25,DEL,6207,1
25,DEL,6239,1
25,DEL,6271,1
25,DEL,6303,2
25,DEL,6335,2
25,DEL,6431,2
25,DEL,6463,2
25,DEL,6527,1
25,DEL,6559,3
25,DEL,6655,1
25,DEL,6719,2
25,DEL,6815,1
25,DEL,6943,1
25,DEL,6975,1
25,DEL,7039,3
25,DEL,7103,1
25,DEL,7135,2
25,DEL,7167,1
25,DEL,7199,1
25,DEL,7231,1
25,DEL,7359,1
25,DEL,7455,2
25,DEL,7487,1
25,DEL,7519,1
25,DEL,7551,1
25,DEL,7583,2
25,DEL,7647,1
25,DEL,7679,1
25,DEL,7775,1
25,DEL,7807,1
25,DEL,7935,1
25,DEL,8095,2
25,DEL,8127,2
25,DEL,8159,1
25,DEL,8191,1
25,DEL,8447,3
25,DEL,8575,1
25,DEL,8703,4
25,DEL,9023,1
25,DEL,9343,1
25,DEL,9407,1
25,DEL,9599,2
25,DEL,9663,1
25,DEL,9919,1
25,DEL,9983,1
25,DEL,10879,1
25,DEL,10943,1
25,DEL,11391,1
25,DEL,11647,1
25,DEL,11903,1
25,DEL,17023,1
25,DEL,19583,1
25,DEL,20735,1
25,DEL,21631,2
25,DEL,22783,1
25,DEL,23295,1
25,DEL,23807,1
25,DEL,24959,1
25,DEL,25215,1
25,DEL,25599,1
25,DEL,25727,1
25,DEL,26751,1
25,DEL,27263,1
25,DEL,29055,1
25,DEL,32639,1
25,DEL,33791,1
25,DEL,37119,1
25,DEL,38399,1
25,DEL,40447,1
25,DEL,40703,1
25,DEL,41471,1
25,DEL,42239,1
25,DEL,42495,2
25,DEL,43263,1
25,DEL,45567,2
25,DEL,46591,1
25,DEL,47615,2
25,DEL,49151,1
25,DEL,49919,1
25,DEL,50431,1
25,DEL,51199,1
25,DEL,51455,1
25,DEL,54015,1
25,DEL,54527,1
25,DEL,55551,2
25,DEL,56319,1
25,DEL,56575,1
25,DEL,57087,1
25,DEL,58623,1
25,DEL,59135,1
25,DEL,59391,1
25,DEL,59903,1
25,DEL,60159,1
25,DEL,60415,5
25,DEL,60671,1
25,DEL,60927,1
25,DEL,61439,1
25,DEL,61695,2
25,DEL,61951,1
25,DEL,62207,2
25,DEL,62463,3
25,DEL,62719,1
25,DEL,62975,4
25,DEL,63231,5
25,DEL,63487,2
25,DEL,63743,2
25,DEL,63999,2
25,DEL,64255,4
25,DEL,64511,5
25,DEL,64767,4
25,DEL,65023,2
25,DEL,65279,6
25,DEL,65535,7
25,DEL,66047,3
25,DEL,66559,8
25,DEL,67071,12
25,DEL,67583,3
25,DEL,68095,13
25,DEL,68607,9
25,DEL,69119,9
25,DEL,69631,5
25,DEL,70143,11
25,DEL,70655,11
25,DEL,71167,14
25,DEL,71679,7
25,DEL,72191,10
25,DEL,72703,7
25,DEL,73215,13
25,DEL,73727,6
25,DEL,74239,4
25,DEL,74751,9
25,DEL,75263,5
25,DEL,75775,5
25,DEL,76287,5
25,DEL,76799,5
25,DEL,77311,2
25,DEL,77823,1
25,DEL,78335,2
25,DEL,78847,7
25,DEL,79359,1
25,DEL,79871,3
25,DEL,80383,1
25,DEL,81407,1
25,DEL,82431,1
25,DEL,82943,2
25,DEL,83967,1
25,DEL,84479,1
25,DEL,84991,1
25,SET,173,1
25,SET,178,1
25,SET,180,1
25,SET,184,1
25,SET,188,2
25,SET,190,2
25,SET,199,1
25,SET,200,1
25,SET,203,1
25,SET,204,1
25,SET,205,1
25,SET,207,1
25,SET,208,2
25,SET,212,1
25,SET,220,1
25,SET,224,1
25,SET,228,1
25,SET,232,1
25,SET,252,1
25,SET,261,1
25,SET,263,1
25,SET,279,1
25,SET,287,1
25,SET,291,2
25,SET,297,1
25,SET,347,1
25,SET,401,1
25,SET,485,1
25,SET,507,1
25,SET,535,2
25,SET,583,1
25,SET,595,1
25,SET,651,1
25,SET,683,1
25,SET,687,1
25,SET,751,1
25,SET,767,1
25,SET,775,1
25,SET,811,1
25,SET,839,1
25,SET,851,2
25,SET,863,1
25,SET,883,1
25,SET,903,1
25,SET,939,1
25,SET,943,1
25,SET,955,1
25,SET,995,1
25,SET,1031,1
25,SET,1063,1
25,SET,1087,1
25,SET,1135,1
25,SET,1167,1
25,SET,1207,1
25,SET,1231,1
25,SET,1271,1
25,SET,1343,2
25,SET,1367,1
25,SET,1375,1
25,SET,1383,2
25,SET,1399,1
25,SET,1423,1
25,SET,1463,2
25,SET,1487,1
25,SET,1519,1
25,SET,1583,1
25,SET,1631,1
25,SET,1639,1
25,SET,1663,1
25,SET,1767,1
25,SET,1775,1
25,SET,1823,1
25,SET,1863,1
25,SET,1871,2
25,SET,1927,1
25,SET,2079,1
25,SET,2111,2
25,SET,2127,2
25,SET,2175,1
25,SET,2223,2
25,SET,2255,1
25,SET,2303,1
25,SET,2671,1
25,SET,2687,1
25,SET,2735,1
25,SET,2767,3
25,SET,2815,1
25,SET,2831,1
25,SET,2943,1
25,SET,2991,1
25,SET,3007,1
25,SET,3055,1
25,SET,3103,1
25,SET,3119,1
25,SET,3135,1
25,SET,3199,1
25,SET,3215,1
25,SET,3263,1
25,SET,3279,2
25,SET,3359,3
25,SET,3407,1
25,SET,3423,1
25,SET,3471,1
25,SET,3487,1
25,SET,3535,3
25,SET,3551,1
25,SET,3599,1
25,SET,3631,1
25,SET,3647,1
25,SET,3663,1
25,SET,3679,1
25,SET,3743,2
25,SET,3759,2
25,SET,3791,1
25,SET,3855,1
25,SET,3951,1
25,SET,4015,1
25,SET,4079,1
25,SET,4127,1
25,SET,4223,2
25,SET,4287,1
25,SET,4319,1
25,SET,4351,1
25,SET,4511,2
25,SET,4639,2
25,SET,4671,1
25,SET,4703,1
25,SET,4863,1
25,SET,5055,1
25,SET,5151,2
25,SET,5215,1
25,SET,5279,1
25,SET,5311,1
25,SET,5631,1
25,SET,5823,1
25,SET,6239,2
25,SET,6303,1
25,SET,6463,1
25,SET,6687,2
25,SET,6783,1
25,SET,7167,2
25,SET,7487,1
25,GET,101,1
25,GET,113,1
25,GET,118,1
25,GET,119,1
25,GET,120,1
25,GET,137,3
25,GET,142,1
25,GET,143,1
25,GET,144,1
25,GET,145,1
25,GET,148,1
25,GET,149,1
25,GET,150,2
25,GET,151,1
25,GET,152,3
25,GET,153,3
25,GET,154,2
25,GET,157,1
25,GET,159,3
25,GET,160,1
25,GET,161,4
25,GET,162,1
25,GET,163,3
25,GET,165,2
25,GET,166,1
25,GET,167,1
25,GET,168,3
25,GET,169,1
25,GET,170,1
25,GET,171,5
25,GET,172,3
25,GET,173,3
25,GET,174,3
25,GET,175,2
25,GET,176,3
25,GET,177,4
25,GET,178,4
25,GET,179,4
25,GET,180,3
25,GET,181,2
25,GET,182,4
25,GET,183,5
25,GET,184,4
25,GET,186,4
25,GET,187,3
25,GET,188,4
25,GET,189,7
25,GET,190,3
25,GET,191,5
25,GET,192,5
25,GET,193,6
25,GET,194,7
25,GET,196,5
25,GET,197,8
25,GET,198,2
25,GET,199,4
25,GET,200,3
25,GET,201,7
25,GET,202,5
25,GET,203,1
25,GET,204,1
25,GET,205,4
25,GET,206,4
25,GET,207,3
25,GET,208,1
25,GET,209,4
25,GET,210,3
25,GET,211,4
25,GET,213,3
25,GET,214,6
25,GET,215,1
25,GET,216,5
25,GET,217,2
25,GET,219,2
25,GET,220,1
25,GET,221,4
25,GET,222,2
25,GET,223,2
25,GET,224,3
25,GET,225,2
25,GET,226,2
25,GET,227,2
25,GET,228,2
25,GET,229,2
25,GET,230,2
25,GET,231,1
25,GET,232,2
25,GET,233,2
25,GET,237,3
25,GET,238,3
25,GET,240,4
25,GET,241,2
25,GET,243,4
25,GET,244,1
25,GET,246,2
25,GET,248,1
25,GET,255,1
25,GET,257,3
25,GET,259,4
25,GET,261,1
25,GET,263,1
25,GET,265,2
25,GET,267,1
25,GET,269,3
25,GET,271,1
25,GET,273,1
25,GET,275,2
25,GET,277,2
25,GET,279,1
25,GET,281,1
25,GET,283,1
25,GET,285,3
25,GET,293,1
25,GET,295,1
25,GET,297,1
25,GET,299,1
25,GET,303,4
25,GET,305,1
25,GET,307,1
25,GET,309,2
25,GET,313,1
25,GET,321,1
25,GET,323,1
25,GET,325,2
25,GET,327,2
25,GET,331,1
25,GET,335,2
25,GET,339,3
25,GET,341,1
25,GET,351,2
25,GET,357,2
25,GET,359,2
25,GET,363,1
25,GET,367,1
25,GET,371,2
25,GET,377,1
25,GET,379,1
25,GET,381,2
25,GET,387,2
25,GET,393,1
25,GET,395,1
25,GET,399,2
25,GET,401,1
25,GET,419,1
25,GET,425,1
25,GET,427,1
25,GET,441,1
25,GET,445,1
25,GET,447,2
25,GET,451,4
25,GET,453,2
25,GET,461,2
25,GET,465,1
25,GET,469,1
25,GET,471,1
25,GET,473,1
25,GET,479,2
25,GET,481,1
25,GET,483,1
25,GET,485,2
25,GET,487,2
25,GET,489,2
25,GET,497,1
25,GET,499,1
25,GET,503,2
25,GET,507,1
25,GET,509,1
25,GET,511,1
25,GET,515,2
25,GET,519,1
25,GET,523,1
25,GET,527,1
25,GET,531,5
25,GET,535,1
25,GET,539,2
25,GET,543,1
25,GET,551,2
25,GET,555,1
25,GET,563,1
25,GET,567,2
25,GET,571,1
25,GET,575,2
25,GET,579,1
25,GET,583,1
25,GET,587,2
25,GET,595,2
25,GET,599,1
25,GET,607,1
25,GET,611,1
25,GET,615,3
25,GET,619,1
25,GET,627,3
25,GET,631,2
25,GET,635,1
25,GET,639,2
25,GET,643,2
25,GET,647,1
25,GET,651,1
25,GET,655,3
25,GET,659,2
25,GET,663,2
25,GET,667,1
25,GET,671,1
25,GET,675,1
25,GET,679,3
25,GET,683,3
25,GET,687,1
25,GET,695,4
25,GET,699,2
25,GET,703,3
25,GET,707,3
25,GET,711,2
25,GET,715,1
25,GET,719,3
25,GET,723,3
25,GET,727,4
25,GET,731,2
25,GET,735,2
25,GET,739,1
25,GET,751,2
25,GET,755,6
25,GET,763,4
25,GET,767,1
25,GET,775,2
25,GET,779,4
25,GET,783,4
25,GET,787,2
25,GET,807,5
25,GET,811,3
25,GET,815,5
25,GET,819,3
25,GET,823,2
25,GET,827,1
25,GET,831,1
25,GET,835,2
25,GET,839,6
25,GET,843,3
25,GET,851,5
25,GET,855,2
25,GET,859,1
25,GET,863,1
25,GET,867,2
25,GET,871,3
25,GET,879,1
25,GET,883,1
25,GET,891,2
25,GET,895,3
25,GET,899,1
25,GET,903,1
25,GET,911,1
25,GET,915,2
25,GET,919,2
25,GET,923,1
25,GET,927,2
25,GET,931,1
25,GET,935,3
25,GET,939,3
25,GET,943,2
25,GET,947,2
25,GET,951,3
25,GET,955,4
25,GET,959,3
25,GET,963,1
25,GET,967,3
25,GET,971,3
25,GET,975,1
25,GET,979,2
25,GET,983,5
25,GET,987,3
25,GET,991,2
25,GET,995,4
25,GET,1003,1
25,GET,1007,3
25,GET,1023,5
25,GET,1031,4
25,GET,1047,3
25,GET,1055,3
25,GET,1063,2
25,GET,1071,2
25,GET,1079,5
25,GET,1087,3
25,GET,1095,8
25,GET,1103,4
25,GET,1111,2
25,GET,1119,5
25,GET,1127,2
25,GET,1135,3
25,GET,1143,5
25,GET,1151,3
25,GET,1159,3
25,GET,1175,6
25,GET,1183,4
25,GET,1191,6
25,GET,1199,1
25,GET,1207,5
25,GET,1215,4
25,GET,1223,3
25,GET,1231,2
25,GET,1239,2
25,GET,1247,1
25,GET,1255,2
25,GET,1263,4
25,GET,1271,4
25,GET,1279,3
25,GET,1287,3
25,GET,1295,1
25,GET,1311,2
25,GET,1319,2
25,GET,1327,2
25,GET,1343,4
25,GET,1351,4
25,GET,1359,5
25,GET,1367,1
25,GET,1383,6
25,GET,1391,4
25,GET,1399,3
25,GET,1407,6
25,GET,1415,4
25,GET,1423,9
25,GET,1431,4
25,GET,1439,2
25,GET,1447,5
25,GET,1455,3
25,GET,1463,2
25,GET,1471,3
25,GET,1479,5
25,GET,1487,4
25,GET,1495,4
25,GET,1503,3
25,GET,1511,4
25,GET,1519,8
25,GET,1527,6
25,GET,1535,3
25,GET,1543,8
25,GET,1551,4
25,GET,1559,5
25,GET,1567,2
25,GET,1575,3
25,GET,1583,8
25,GET,1591,6
25,GET,1599,3
25,GET,1607,2
25,GET,1615,2
25,GET,1623,2
25,GET,1631,3
25,GET,1639,4
25,GET,1647,3
25,GET,1655,3
25,GET,1663,5
25,GET,1671,2
25,GET,1679,2
25,GET,1687,2
25,GET,1695,5
25,GET,1703,1
25,GET,1711,3
25,GET,1719,3
25,GET,1727,4
25,GET,1735,4
25,GET,1743,1
25,GET,1751,5
25,GET,1759,2
25,GET,1767,1
25,GET,1775,5
25,GET,1783,3
25,GET,1791,2
25,GET,1799,6
25,GET,1807,3
25,GET,1815,6
25,GET,1823,6
25,GET,1831,3
25,GET,1839,2
25,GET,1855,3
25,GET,1863,10
25,GET,1871,4
25,GET,1879,1
25,GET,1887,5
25,GET,1895,1
25,GET,1903,1
25,GET,1911,3
25,GET,1919,3
25,GET,1927,1
25,GET,1935,1
25,GET,1943,1
25,GET,1951,1
25,GET,1959,5
25,GET,1967,2
25,GET,1975,1
25,GET,1983,4
25,GET,1991,2
25,GET,1999,3
25,GET,2007,5
25,GET,2015,4
25,GET,2023,2
25,GET,2031,3
25,GET,2039,2
25,GET,2047,3
25,GET,2063,2
25,GET,2079,9
25,GET,2095,2
25,GET,2111,1
25,GET,2127,4
25,GET,2143,2
25,GET,2159,9
25,GET,2175,5
25,GET,2191,5
25,GET,2207,5
25,GET,2223,2
25,GET,2239,2
25,GET,2255,6
25,GET,2287,6
25,GET,2303,6
25,GET,2319,5
25,GET,2335,1
25,GET,2351,3
25,GET,2367,3
25,GET,2383,4
25,GET,2399,4
25,GET,2415,2
25,GET,2431,2
25,GET,2447,4
25,GET,2463,11
25,GET,2479,3
25,GET,2495,4
25,GET,2511,6
25,GET,2527,4
25,GET,2543,3
25,GET,2559,4
25,GET,2575,7
25,GET,2591,4
25,GET,2607,5
25,GET,2623,3
25,GET,2639,2
25,GET,2655,1
25,GET,2671,7
25,GET,2687,9
25,GET,2703,7
25,GET,2719,3
25,GET,2735,2
25,GET,2751,5
25,GET,2767,5
25,GET,2783,5
25,GET,2799,4
25,GET,2815,4
25,GET,2831,7
25,GET,2847,6
25,GET,2863,5
25,GET,2879,4
25,GET,2895,6
25,GET,2911,2
25,GET,2927,5
25,GET,2943,4
25,GET,2959,8
25,GET,2975,4
25,GET,2991,7
25,GET,3007,3
25,GET,3023,4
25,GET,3039,10
25,GET,3055,6
25,GET,3071,5
25,GET,3087,4
25,GET,3103,7
25,GET,3119,3
25,GET,3135,3
25,GET,3151,2
25,GET,3167,8
25,GET,3183,2
25,GET,3199,6
25,GET,3215,11
25,GET,3231,9
25,GET,3247,5
25,GET,3263,6
25,GET,3279,7
25,GET,3295,10
25,GET,3311,7
25,GET,3327,4
25,GET,3343,2
25,GET,3359,5
25,GET,3375,1
25,GET,3391,6
25,GET,3407,4
25,GET,3423,5
25,GET,3439,7
25,GET,3455,5
25,GET,3471,6
25,GET,3487,6
25,GET,3503,3
25,GET,3519,6
25,GET,3535,4
25,GET,3551,8
25,GET,3567,3
25,GET,3583,8
25,GET,3599,5
25,GET,3615,3
25,GET,3631,7
25,GET,3647,3
25,GET,3663,7
25,GET,3679,6
25,GET,3695,5
25,GET,3711,5
25,GET,3727,9
25,GET,3743,7
25,GET,3759,9
25,GET,3775,3
25,GET,3791,3
25,GET,3807,8
25,GET,3823,7
25,GET,3839,9
25,GET,3855,7
25,GET,3871,4
25,GET,3887,4
25,GET,3903,7
25,GET,3919,5
25,GET,3935,6
25,GET,3951,7
25,GET,3967,4
25,GET,3983,8
25,GET,3999,9
25,GET,4015,2
25,GET,4031,7
25,GET,4047,7
25,GET,4063,4
25,GET,4079,4
25,GET,4095,3
25,GET,4127,8
25,GET,4159,12
25,GET,4191,8
25,GET,4223,8
25,GET,4255,9
25,GET,4287,7
25,GET,4319,13
25,GET,4351,3
25,GET,4383,13
25,GET,4415,11
25,GET,4447,9
25,GET,4479,13
25,GET,4511,7
25,GET,4543,11
25,GET,4575,8
25,GET,4607,9
25,GET,4639,13
25,GET,4671,10
25,GET,4703,5
25,GET,4735,3
25,GET,4767,5
25,GET,4799,5
25,GET,4831,12
25,GET,4863,7
25,GET,4895,2
25,GET,4927,11
25,GET,4959,8
25,GET,4991,4
25,GET,5023,2
25,GET,5055,7
25,GET,5087,7
25,GET,5119,5
25,GET,5151,5
25,GET,5183,12
25,GET,5215,3
25,GET,5247,5
25,GET,5279,3
25,GET,5311,7
25,GET,5343,7
25,GET,5375,10
25,GET,5407,6
25,GET,5439,5
25,GET,5471,6
25,GET,5503,2
25,GET,5535,4
25,GET,5567,4
25,GET,5599,4
25,GET,5631,5
25,GET,5663,5
25,GET,5695,3
25,GET,5727,8
25,GET,5759,5
25,GET,5791,2
25,GET,5823,4
25,GET,5855,2
25,GET,5887,2
25,GET,5919,3
25,GET,5951,3
25,GET,6015,4
25,GET,6047,1
25,GET,6079,2
25,GET,6111,4
25,GET,6143,2
25,GET,6175,4
25,GET,6207,4
25,GET,6271,3
25,GET,6303,4
25,GET,6335,2
25,GET,6367,1
25,GET,6399,2
25,GET,6431,1
25,GET,6463,1
25,GET,6495,1
25,GET,6527,2
25,GET,6559,1
25,GET,6591,1
25,GET,6623,1
25,GET,6655,1
25,GET,6687,2
25,GET,6719,3
25,GET,6751,1
25,GET,6783,2
25,GET,6815,2
25,GET,6847,1
25,GET,6879,1
25,GET,6911,1
25,GET,6943,2
25,GET,6975,1
25,GET,7039,2
25,GET,7103,2
25,GET,7135,1
25,GET,7167,2
25,GET,7231,2
25,GET,7263,3
25,GET,7327,1
25,GET,7359,1
25,GET,7391,3
25,GET,7423,3
25,GET,7455,1
25,GET,7551,1
25,GET,7615,2
25,GET,7679,1
25,GET,7711,1
25,GET,7775,3
25,GET,7999,1
25,GET,8031,2
25,GET,8063,2
25,GET,8095,1
25,GET,8255,1
25,GET,8319,1
25,GET,8383,1
25,GET,8511,1
25,GET,8703,1
25,GET,8895,2
25,GET,9023,1
25,GET,9087,1
25,GET,9343,1
25,GET,9535,1
25,GET,9663,1
25,GET,9727,1
25,GET,10687,1
26,DEL,111,1
26,DEL,113,1
26,DEL,115,1
26,DEL,121,2
26,DEL,135,1
26,DEL,141,1
26,DEL,144,1
26,DEL,146,1
26,DEL,150,1
26,DEL,153,1
26,DEL,155,1
26,DEL,157,1
26,DEL,159,4
26,DEL,161,2
26,DEL,162,1
26,DEL,163,1
26,DEL,173,2
26,DEL,175,3
26,DEL,176,1
26,DEL,178,3
26,DEL,179,1
26,DEL,180,2
26,DEL,182,1
26,DEL,183,2
26,DEL,184,1
26,DEL,187,2
26,DEL,188,1
26,DEL,189,2
26,DEL,190,1
26,DEL,192,2
26,DEL,193,2
26,DEL,194,2
26,DEL,195,1
26,DEL,196,1
26,DEL,197,3
26,DEL,198,3
26,DEL,199,1
26,DEL,200,2
26,DEL,201,1
26,DEL,202,2
26,DEL,205,2
26,DEL,206,2
26,DEL,207,1
26,DEL,208,1
26,DEL,209,2
26,DEL,211,3
26,DEL,212,1
26,DEL,213,1
26,DEL,214,2
26,DEL,215,1
26,DEL,218,1
26,DEL,219,1
26,DEL,220,1
26,DEL,222,1
26,DEL,223,1
26,DEL,224,2
26,DEL,226,1
26,DEL,227,1
26,DEL,229,1
26,DEL,230,2
26,DEL,231,1
26,DEL,232,3
26,DEL,233,2
26,DEL,235,2
26,DEL,236,1
26,DEL,238,1
26,DEL,253,1
26,DEL,257,1
26,DEL,267,2
26,DEL,273,3
26,DEL,281,2
26,DEL,285,1
26,DEL,287,1
26,DEL,291,1
26,DEL,295,1
26,DEL,299,1
26,DEL,323,1
26,DEL,331,1
26,DEL,397,2
26,DEL,401,2
26,DEL,403,1
26,DEL,405,1
26,DEL,415,3
26,DEL,429,1
26,DEL,451,1
26,DEL,457,1
26,DEL,463,1
26,DEL,467,1
26,DEL,469,1
26,DEL,477,1
26,DEL,483,1
26,DEL,491,1
26,DEL,495,1
26,DEL,497,1
26,DEL,499,1
26,DEL,511,1
26,DEL,515,1
26,DEL,523,1
26,DEL,527,1
26,DEL,535,2
26,DEL,563,3
26,DEL,567,2
26,DEL,571,2
26,DEL,583,1
26,DEL,595,2
26,DEL,599,1
26,DEL,607,1
26,DEL,611,1
26,DEL,627,1
26,DEL,631,1
26,DEL,639,1
26,DEL,643,1
26,DEL,659,1
26,DEL,663,1
26,DEL,699,1
26,DEL,715,1
26,DEL,719,1
26,DEL,727,2
26,DEL,731,1
26,DEL,743,2
26,DEL,747,1
26,DEL,763,1
26,DEL,767,1
26,DEL,771,2
26,DEL,795,1
26,DEL,803,1
26,DEL,807,1
26,DEL,811,1
26,DEL,823,1
26,DEL,831,2
26,DEL,843,1
26,DEL,847,1
26,DEL,855,2
26,DEL,863,2
26,DEL,867,1
26,DEL,883,1
26,DEL,891,3
26,DEL,895,1
26,DEL,899,2
26,DEL,907,1
26,DEL,915,2
26,DEL,927,1
26,DEL,939,1
26,DEL,951,1
26,DEL,955,1
26,DEL,959,1
26,DEL,963,1
26,DEL,971,1
26,DEL,975,1
26,DEL,991,1
26,DEL,995,1
26,DEL,1011,2
26,DEL,1019,1
26,DEL,1031,3
26,DEL,1039,1
26,DEL,1071,1
26,DEL,1079,3
26,DEL,1087,2
26,DEL,1095,1
26,DEL,1103,2
26,DEL,1111,1
26,DEL,1143,1
26,DEL,1151,1
26,DEL,1159,1
26,DEL,1183,1
26,DEL,1191,2
26,DEL,1199,1
26,DEL,1223,1
26,DEL,1231,1
26,DEL,1239,2
26,DEL,1247,2
26,DEL,1255,2
26,DEL,1263,3
26,DEL,1287,1
26,DEL,1351,2
26,DEL,1359,1
26,DEL,1431,1
26,DEL,1463,1
26,DEL,1487,1
26,DEL,1511,2
26,DEL,1519,1
26,DEL,1551,1
26,DEL,1575,1
26,DEL,1631,2
26,DEL,1663,1
26,DEL,1671,1
26,DEL,1679,2
26,DEL,1687,1
26,DEL,1711,1
26,DEL,1751,3
26,DEL,1767,1
26,DEL,1783,1
26,DEL,1815,1
26,DEL,1823,1
26,DEL,1831,1
26,DEL,1839,2
26,DEL,1855,1
26,DEL,1871,1
26,DEL,1943,1
26,DEL,1983,1
26,DEL,2007,1
26,DEL,2031,1
26,DEL,2047,1
26,DEL,2095,2
26,DEL,2127,1
26,DEL,2143,2
26,DEL,2191,1
26,DEL,2319,1
26,DEL,2351,1
26,DEL,2383,1
26,DEL,2399,1
26,DEL,2415,1
26,DEL,2511,1
26,DEL,2607,1
26,DEL,2655,1
26,DEL,2687,2
26,DEL,2703,1
26,DEL,2735,2
26,DEL,2847,2
26,DEL,2911,1
26,DEL,2927,1
26,DEL,3039,2
26,DEL,3103,1
26,DEL,3119,1
26,DEL,3183,1
26,DEL,3199,1
26,DEL,3231,2
26,DEL,3279,2
26,DEL,3311,2
26,DEL,3391,1
26,DEL,3407,1
26,DEL,3439,1
26,DEL,3471,1
26,DEL,3503,2
26,DEL,3519,2
26,DEL,3583,1
26,DEL,3615,1
26,DEL,3631,1
26,DEL,3663,1
26,DEL,3679,1
26,DEL,3711,1
26,DEL,3743,1
26,DEL,3775,1
26,DEL,3871,1
26,DEL,3903,2
26,DEL,3951,3
26,DEL,3983,1
26,DEL,3999,1
26,DEL,4015,1
26,DEL,4031,2
26,DEL,4047,2
26,DEL,4095,1
26,DEL,4159,3
26,DEL,4191,2
26,DEL,4223,1
26,DEL,4255,1
26,DEL,4287,2
26,DEL,4319,2
26,DEL,4351,2
26,DEL,4447,1
26,DEL,4511,3
26,DEL,4543,2
26,DEL,4639,1
26,DEL,4671,1
26,DEL,4703,1
26,DEL,4735,3
26,DEL,4767,2
26,DEL,4799,1
26,DEL,4831,2
26,DEL,4895,2
26,DEL,4991,4
26,DEL,5023,2
26,DEL,5055,3
26,DEL,5087,2
26,DEL,5183,1
26,DEL,5215,1
26,DEL,5279,1
26,DEL,5311,1
26,DEL,5343,2
26,DEL,5375,3
26,DEL,5439,2
26,DEL,5535,2
26,DEL,5599,1
26,DEL,5631,1
26,DEL,5695,1
26,DEL,5759,1
26,DEL,5823,5
26,DEL,5855,1
26,DEL,5887,2
26,DEL,5919,2
26,DEL,6175,2
26,DEL,6239,1
26,DEL,6271,1
26,DEL,6303,2
26,DEL,6335,1
26,DEL,6367,1
26,DEL,6431,1
26,DEL,6559,1
26,DEL,6591,1
26,DEL,6655,2
26,DEL,6719,1
26,DEL,6847,3
26,DEL,6879,1
26,DEL,7007,1
26,DEL,7039,1
26,DEL,7071,1
26,DEL,7199,1
26,DEL,7231,1
26,DEL,7359,1
26,DEL,7487,1
26,DEL,7551,1
26,DEL,7647,2
26,DEL,7743,1
26,DEL,7775,1
26,DEL,7839,1
26,DEL,7903,1
26,DEL,7999,1
26,DEL,8063,1
26,DEL,8255,1
26,DEL,8319,1
26,DEL,8383,3
26,DEL,8511,1
26,DEL,8639,1
26,DEL,8703,2
26,DEL,8767,1
26,DEL,9023,1
26,DEL,9151,1
26,DEL,9215,3
26,DEL,9343,1
26,DEL,9535,1
26,DEL,9599,1
26,DEL,9919,2
26,DEL,9983,1
26,DEL,10047,2
26,DEL,10175,1
26,DEL,10367,1
26,DEL,10623,1
26,DEL,10751,1
26,DEL,11199,1
26,DEL,11647,1
26,DEL,12159,1
26,DEL,12671,1
26,DEL,13439,1
26,DEL,14207,1
26,DEL,14783,1
26,DEL,15103,1
26,DEL,15231,1
26,DEL,15615,1
26,DEL,16255,1
26,DEL,16767,1
26,DEL,17407,1
26,DEL,17791,1
26,DEL,20351,1
26,DEL,21631,1
26,DEL,22399,2
26,DEL,22655,1
26,DEL,24191,1
26,DEL,24319,1
26,DEL,24959,1
26,DEL,25599,1
26,DEL,27775,1
26,DEL,30335,1
26,DEL,32511,1
26,DEL,32639,1
26,DEL,33023,1
26,DEL,34047,1
26,DEL,37375,1
26,DEL,37887,1
26,DEL,38911,1
26,DEL,39935,1
26,DEL,40447,1
26,DEL,41983,1
26,DEL,43263,1
26,DEL,46079,1
26,DEL,46335,1
26,DEL,46591,1
26,DEL,48127,1
26,DEL,48639,1
26,DEL,50943,1
26,DEL,51967,1
26,DEL,52479,1
26,DEL,52991,1
26,DEL,53503,2
26,DEL,53759,1
26,DEL,55807,1
26,DEL,56319,1
26,DEL,56575,2
26,DEL,57087,1
26,DEL,57343,2
26,DEL,58111,1
26,DEL,58623,1
26,DEL,59135,2
26,DEL,59647,1
26,DEL,59903,2
26,DEL,60159,2
26,DEL,60415,2
26,DEL,60671,1
26,DEL,60927,1
26,DEL,61439,1
26,DEL,61695,1
26,DEL,61951,5
26,DEL,62207,2
26,DEL,62463,1
26,DEL,62719,3
26,DEL,63231,3
26,DEL,63487,2
26,DEL,63743,1
26,DEL,63999,2
26,DEL,64255,1
26,DEL,64511,5
26,DEL,64767,3
26,DEL,65023,2
26,DEL,65279,3
26,DEL,65535,5
26,DEL,66047,8
26,DEL,66559,10
26,DEL,67071,8
26,DEL,67583,14
26,DEL,68095,7
26,DEL,68607,10
26,DEL,69119,6
26,DEL,69631,9
26,DEL,70143,8
26,DEL,70655,10
26,DEL,71167,11
26,DEL,71679,15
26,DEL,72191,11
26,DEL,72703,9
26,DEL,73215,10
26,DEL,73727,8
26,DEL,74239,8
26,DEL,74751,6
26,DEL,75263,5
26,DEL,75775,3
26,DEL,76287,3
26,DEL,76799,4
26,DEL,77311,2
26,DEL,77823,6
26,DEL,78335,4
26,DEL,78847,1
26,DEL,79359,4
26,DEL,79871,4
26,DEL,80383,1
26,DEL,81407,1
26,DEL,81919,2
26,DEL,82431,1
26,DEL,86015,2
26,DEL,88063,1
26,DEL,94719,1
26,GET,109,1
26,GET,112,1
26,GET,123,1
26,GET,126,1
26,GET,127,1
26,GET,132,1
26,GET,135,2
26,GET,136,1
26,GET,141,1
26,GET,142,1
26,GET,143,2
26,GET,145,1
26,GET,148,1
26,GET,150,1
26,GET,152,3
26,GET,153,1
26,GET,154,1
26,GET,155,2
26,GET,156,1
26,GET,158,1
26,GET,159,2
26,GET,160,1
26,GET,161,1
26,GET,162,1
26,GET,163,3
26,GET,165,1
26,GET,166,1
26,GET,167,1
26,GET,168,4
26,GET,169,3
26,GET,170,2
26,GET,171,5
26,GET,172,6
26,GET,173,1
26,GET,174,3
26,GET,175,3
26,GET,176,5
26,GET,177,2
26,GET,179,5
26,GET,180,5
26,GET,181,5
26,GET,182,3
26,GET,183,4
26,GET,184,3
26,GET,185,2
26,GET,186,4
26,GET,187,3
26,GET,188,6
26,GET,189,4
26,GET,190,5
26,GET,191,3
26,GET,192,4
26,GET,193,3
26,GET,194,2
26,GET,195,4
26,GET,196,2
26,GET,197,4
26,GET,198,2
26,GET,199,6
26,GET,200,8
26,GET,201,1
26,GET,202,4
26,GET,203,5
26,GET,204,3
26,GET,205,3
26,GET,206,3
26,GET,207,1
26,GET,208,4
26,GET,209,4
26,GET,210,7
26,GET,211,1
26,GET,212,2
26,GET,213,5
26,GET,214,1
26,GET,215,4
26,GET,216,2
26,GET,217,2
26,GET,218,2
26,GET,219,2
26,GET,220,1
26,GET,221,2
26,GET,222,1
26,GET,223,2
26,GET,224,1
26,GET,225,1
26,GET,226,3
26,GET,229,2
26,GET,230,2
26,GET,231,2
26,GET,233,1
26,GET,235,1
26,GET,236,2
26,GET,237,1
26,GET,238,1
26,GET,239,3
26,GET,241,2
26,GET,242,1
26,GET,244,2
26,GET,245,3
26,GET,247,4
26,GET,248,1
26,GET,250,2
26,GET,251,2
26,GET,252,2
26,GET,254,1
26,GET,255,2
26,GET,257,3
26,GET,261,2
26,GET,263,1
26,GET,265,2
26,GET,267,1
26,GET,269,2
26,GET,271,1
26,GET,273,3
26,GET,275,3
26,GET,281,2
26,GET,283,1
26,GET,287,1
26,GET,289,2
26,GET,291,1
26,GET,293,1
26,GET,295,1
26,GET,301,1
26,GET,303,2
26,GET,305,2
26,GET,307,2
26,GET,309,1
26,GET,317,2
26,GET,319,1
26,GET,321,2
26,GET,325,2
26,GET,327,1
26,GET,329,1
26,GET,337,1
26,GET,339,1
26,GET,341,2
26,GET,347,1
26,GET,351,1
26,GET,353,1
26,GET,355,2
26,GET,357,1
26,GET,359,1
26,GET,361,1
26,GET,363,1
26,GET,365,1
26,GET,367,1
26,GET,369,1
26,GET,373,1
26,GET,375,1
26,GET,377,2
26,GET,381,1
26,GET,383,2
26,GET,385,2
26,GET,387,1
26,GET,391,1
26,GET,393,1
26,GET,395,1
26,GET,403,2
26,GET,411,1
26,GET,417,1
26,GET,423,1
26,GET,425,1
26,GET,427,2
26,GET,429,1
26,GET,433,1
26,GET,437,1
26,GET,441,3
26,GET,445,2
26,GET,451,1
26,GET,455,2
26,GET,459,1
26,GET,463,2
26,GET,465,1
26,GET,471,1
26,GET,473,1
26,GET,483,1
26,GET,485,1
26,GET,489,1
26,GET,491,1
26,GET,493,1
26,GET,497,1
26,GET,503,1
26,GET,505,2
26,GET,507,1
26,GET,511,1
26,GET,515,2
26,GET,519,2
26,GET,523,2
26,GET,527,1
26,GET,535,3
26,GET,539,1
26,GET,547,6
26,GET,551,1
26,GET,555,3
26,GET,559,4
26,GET,575,1
26,GET,583,1
26,GET,587,1
26,GET,591,2
26,GET,595,1
26,GET,599,2
26,GET,611,2
26,GET,615,3
26,GET,623,4
26,GET,627,3
26,GET,631,3
26,GET,635,2
26,GET,643,1
26,GET,647,3
26,GET,651,2
26,GET,655,2
26,GET,659,4
26,GET,663,2
26,GET,667,2
26,GET,671,2
26,GET,679,3
26,GET,683,2
26,GET,687,2
26,GET,699,2
26,GET,703,2
26,GET,707,2
26,GET,711,3
26,GET,715,2
26,GET,719,3
26,GET,723,2
26,GET,727,4
26,GET,731,2
26,GET,735,1
26,GET,743,2
26,GET,747,1
26,GET,751,1
26,GET,755,1
26,GET,759,1
26,GET,763,4
26,GET,767,4
26,GET,771,5
26,GET,775,2
26,GET,779,2
26,GET,783,2
26,GET,787,5
26,GET,791,2
26,GET,799,1
26,GET,803,1
26,GET,807,3
26,GET,811,3
26,GET,815,3
26,GET,819,2
26,GET,823,2
26,GET,827,2
26,GET,831,3
26,GET,835,2
26,GET,839,3
26,GET,843,2
26,GET,847,3
26,GET,851,3
26,GET,859,2
26,GET,863,4
26,GET,867,1
26,GET,871,1
26,GET,875,2
26,GET,883,2
26,GET,887,2
26,GET,891,1
26,GET,895,2
26,GET,899,3
26,GET,903,1
26,GET,907,3
26,GET,915,3
26,GET,919,4
26,GET,927,1
26,GET,931,1
26,GET,935,1
26,GET,939,2
26,GET,943,1
26,GET,947,1
26,GET,955,2
26,GET,963,1
26,GET,967,1
26,GET,971,1
26,GET,979,3
26,GET,983,2
26,GET,987,3
26,GET,991,5
26,GET,995,1
26,GET,999,1
26,GET,1007,3
26,GET,1015,3
26,GET,1023,1
26,GET,1031,1
26,GET,1039,4
26,GET,1047,5
26,GET,1055,6
26,GET,1063,7
26,GET,1071,2
26,GET,1079,4
26,GET,1087,4
26,GET,1095,4
26,GET,1103,1
26,GET,1111,8
26,GET,1119,4
26,GET,1127,2
26,GET,1135,8
26,GET,1143,4
26,GET,1151,6
26,GET,1159,6
26,GET,1167,5
26,GET,1175,3
26,GET,1183,2
26,GET,1191,5
26,GET,1199,3
26,GET,1207,4
26,GET,1215,3
26,GET,1223,2
26,GET,1231,2
26,GET,1239,4
26,GET,1247,3
26,GET,1255,6
26,GET,1263,6
26,GET,1271,4
26,GET,1279,5
26,GET,1287,2
26,GET,1295,2
26,GET,1303,6
26,GET,1311,7
26,GET,1319,5
26,GET,1327,7
26,GET,1335,5
26,GET,1343,5
26,GET,1351,2
26,GET,1359,5
26,GET,1367,7
26,GET,1375,4
26,GET,1383,3
26,GET,1391,2
26,GET,1399,6
26,GET,1407,7
26,GET,1415,5
26,GET,1423,5
26,GET,1431,5
26,GET,1439,5
26,GET,1447,5
26,GET,1455,6
26,GET,1463,3
26,GET,1471,8
26,GET,1479,9
26,GET,1487,6
26,GET,1495,4
26,GET,1503,4
26,GET,1511,6
26,GET,1519,4
26,GET,1527,5
26,GET,1535,6
26,GET,1543,4
26,GET,1551,4
26,GET,1559,3
26,GET,1567,6
26,GET,1575,2
26,GET,1583,6
26,GET,1591,7
26,GET,1599,5
26,GET,1607,4
26,GET,1615,1
26,GET,1623,3
26,GET,1631,4
26,GET,1639,6
26,GET,1647,5
26,GET,1655,1
26,GET,1663,3
26,GET,1671,1
26,GET,1679,4
26,GET,1687,2
26,GET,1695,4
26,GET,1703,3
26,GET,1711,3
26,GET,1719,4
26,GET,1727,2
26,GET,1735,5
26,GET,1743,4
26,GET,1751,3
26,GET,1759,6
26,GET,1767,4
26,GET,1775,2
26,GET,1783,3
26,GET,1791,4
26,GET,1799,3
26,GET,1807,5
26,GET,1815,1
26,GET,1823,4
26,GET,1831,4
26,GET,1839,2
26,GET,1847,1
26,GET,1855,3
26,GET,1863,1
26,GET,1871,1
26,GET,1879,1
26,GET,1887,1
26,GET,1895,1
26,GET,1903,3
26,GET,1911,3
26,GET,1935,1
26,GET,1943,2
26,GET,1959,4
26,GET,1967,5
26,GET,1975,3
26,GET,1983,3
26,GET,1991,3
26,GET,1999,2
26,GET,2007,5
26,GET,2015,5
26,GET,2023,3
26,GET,2031,1
26,GET,2039,1
26,GET,2047,1
26,GET,2063,2
26,GET,2079,8
26,GET,2095,6
26,GET,2111,5
26,GET,2127,9
26,GET,2143,7
26,GET,2159,8
26,GET,2175,5
26,GET,2191,4
26,GET,2207,4
26,GET,2223,10
26,GET,2239,5
26,GET,2255,5
26,GET,2271,5
26,GET,2287,5
26,GET,2303,2
26,GET,2319,7
26,GET,2335,9
26,GET,2351,6
26,GET,2367,5
26,GET,2383,6
26,GET,2399,5
26,GET,2415,4
26,GET,2431,5
26,GET,2447,4
26,GET,2463,3
26,GET,2479,5
26,GET,2495,5
26,GET,2511,3
26,GET,2527,4
26,GET,2543,8
26,GET,2559,3
26,GET,2575,3
26,GET,2591,1
26,GET,2607,2
26,GET,2639,3
26,GET,2655,4
26,GET,2671,4
26,GET,2687,6
26,GET,2703,4
26,GET,2719,5
26,GET,2735,12
26,GET,2751,2
26,GET,2767,7
26,GET,2783,6
26,GET,2799,2
26,GET,2815,3
26,GET,2831,3
26,GET,2847,10
26,GET,2863,4
26,GET,2879,6
26,GET,2895,4
26,GET,2911,3
26,GET,2927,6
26,GET,2943,9
26,GET,2959,6
26,GET,2975,4
26,GET,2991,4
26,GET,3007,7
26,GET,3023,2
26,GET,3039,6
26,GET,3055,4
26,GET,3071,3
26,GET,3087,6
26,GET,3103,2
26,GET,3119,4
26,GET,3135,6
26,GET,3151,7
26,GET,3167,1
26,GET,3183,5
26,GET,3199,1
26,GET,3215,7
26,GET,3231,3
26,GET,3247,9
26,GET,3263,7
26,GET,3279,5
26,GET,3295,7
26,GET,3311,4
26,GET,3327,3
26,GET,3343,6
26,GET,3359,5
26,GET,3375,7
26,GET,3391,10
26,GET,3407,8
26,GET,3423,5
26,GET,3439,1
26,GET,3455,8
26,GET,3471,4
26,GET,3487,10
26,GET,3503,4
26,GET,3519,5
26,GET,3535,5
26,GET,3551,5
26,GET,3567,1
26,GET,3583,8
26,GET,3599,8
26,GET,3615,3
26,GET,3631,3
26,GET,3647,3
26,GET,3663,13
26,GET,3679,6
26,GET,3695,4
26,GET,3711,6
26,GET,3727,5
26,GET,3743,3
26,GET,3759,4
26,GET,3775,6
26,GET,3791,4
26,GET,3807,4
26,GET,3823,6
26,GET,3839,3
26,GET,3855,7
26,GET,3871,2
26,GET,3887,6
26,GET,3903,9
26,GET,3919,3
26,GET,3935,4
26,GET,3951,3
26,GET,3967,7
26,GET,3983,5
26,GET,3999,6
26,GET,4015,9
26,GET,4031,4
26,GET,4047,3
26,GET,4063,4
26,GET,4079,5
26,GET,4095,3
26,GET,4127,8
26,GET,4159,10
26,GET,4191,10
26,GET,4223,13
26,GET,4255,4
26,GET,4287,4
26,GET,4319,9
26,GET,4351,12
26,GET,4383,14
26,GET,4415,6
26,GET,4447,6
26,GET,4479,10
26,GET,4511,13
26,GET,4543,7
26,GET,4575,7
26,GET,4607,9
26,GET,4639,6
26,GET,4671,5
26,GET,4703,8
26,GET,4735,5
26,GET,4767,4
26,GET,4799,10
26,GET,4831,6
26,GET,4863,7
26,GET,4895,5
26,GET,4927,8
26,GET,4959,6
26,GET,4991,6
26,GET,5023,5
26,GET,5055,1
26,GET,5087,5
26,GET,5119,6
26,GET,5151,3
26,GET,5183,4
26,GET,5215,3
26,GET,5247,3
26,GET,5279,7
26,GET,5311,8
26,GET,5343,6
26,GET,5375,3
26,GET,5407,6
26,GET,5439,3
26,GET,5471,4
26,GET,5503,7
26,GET,5535,6
26,GET,5567,6
26,GET,5599,8
26,GET,5631,2
26,GET,5663,2
26,GET,5695,7
26,GET,5727,7
26,GET,5759,6
26,GET,5791,5
26,GET,5823,3
26,GET,5855,4
26,GET,5887,3
26,GET,5919,5
26,GET,5951,2
26,GET,5983,3
26,GET,6015,3
26,GET,6047,2
26,GET,6079,6
26,GET,6111,4
26,GET,6143,1
26,GET,6175,1
26,GET,6207,3
26,GET,6239,1
26,GET,6271,2
26,GET,6303,1
26,GET,6335,4
26,GET,6367,1
26,GET,6399,3
26,GET,6431,2
26,GET,6463,2
26,GET,6495,3
26,GET,6527,5
26,GET,6559,2
26,GET,6591,2
26,GET,6623,1
26,GET,6655,1
26,GET,6719,1
26,GET,6751,1
26,GET,6783,1
26,GET,6847,1
26,GET,6879,1
26,GET,6911,3
26,GET,6975,2
26,GET,7007,4
26,GET,7071,1
26,GET,7103,1
26,GET,7135,3
26,GET,7167,1
26,GET,7199,1
26,GET,7359,2
26,GET,7423,2
26,GET,7487,1
26,GET,7519,2
26,GET,7551,3
26,GET,7647,1
26,GET,7775,1
26,GET,7807,1
26,GET,7839,1
26,GET,7935,1
26,GET,7967,1
26,GET,8031,1
26,GET,8095,1
26,GET,8127,2
26,GET,8383,1
26,GET,8447,1
26,GET,8639,1
26,GET,8703,1
26,GET,8895,1
26,GET,9407,1
26,GET,9471,1
26,GET,9855,1
26,SET,160,1
26,SET,164,1
26,SET,165,1
26,SET,181,1
26,SET,186,1
26,SET,189,1
26,SET,190,1
26,SET,192,3
26,SET,203,1
26,SET,204,1
26,SET,210,1
26,SET,212,1
26,SET,216,1
26,SET,218,1
26,SET,222,1
26,SET,224,1
26,SET,226,1
26,SET,228,1
26,SET,255,1
26,SET,267,1
26,SET,279,1
26,SET,309,1
26,SET,339,1
26,SET,481,1
26,SET,489,1
26,SET,491,1
26,SET,495,1
26,SET,497,1
26,SET,527,1
26,SET,583,1
26,SET,615,1
26,SET,643,1
26,SET,651,1
26,SET,751,1
26,SET,803,1
26,SET,811,1
26,SET,823,1
26,SET,871,1
26,SET,931,1
26,SET,943,1
26,SET,951,1
26,SET,1039,1
26,SET,1111,1
26,SET,1151,1
26,SET,1223,2
26,SET,1239,1
26,SET,1287,2
26,SET,1319,1
26,SET,1359,1
26,SET,1375,1
26,SET,1383,1
26,SET,1399,2
26,SET,1415,1
26,SET,1447,1
26,SET,1455,3
26,SET,1479,1
26,SET,1535,1
26,SET,1551,1
26,SET,1591,1
26,SET,1663,1
26,SET,1671,1
26,SET,1687,1
26,SET,1711,1
26,SET,1807,1
26,SET,1839,1
26,SET,1855,1
26,SET,1879,1
26,SET,1935,1
26,SET,2023,1
26,SET,2095,1
26,SET,2255,2
26,SET,2335,1
26,SET,2367,1
26,SET,2415,1
26,SET,2431,1
26,SET,2559,1
26,SET,2719,1
26,SET,2735,1
26,SET,2783,1
26,SET,2879,1
26,SET,2911,1
26,SET,2943,1
26,SET,3039,2
26,SET,3071,1
26,SET,3231,1
26,SET,3279,1
26,SET,3343,1
26,SET,3375,1
26,SET,3455,1
26,SET,3503,1
26,SET,3791,1
26,SET,3839,1
26,SET,3855,1
26,SET,3871,1
26,SET,3887,1
26,SET,3919,1
26,SET,4127,3
26,SET,4191,2
26,SET,4223,3
26,SET,4255,1
26,SET,4351,1
26,SET,4447,1
26,SET,4511,1
26,SET,4671,1
26,SET,4767,1
26,SET,4799,1
26,SET,4863,1
26,SET,4959,1
26,SET,5023,2
26,SET,5055,1
26,SET,5119,2
26,SET,5183,1
26,SET,5279,1
26,SET,5311,1
26,SET,5535,1
26,SET,5727,1
26,SET,5791,1
26,SET,6047,1
26,SET,6463,1
26,SET,9407,1
27,GET,117,1
27,GET,125,1
27,GET,130,1
27,GET,133,1
27,GET,139,1
27,GET,141,1
27,GET,142,1
27,GET,144,1
27,GET,150,1
27,GET,152,1
27,GET,154,1
27,GET,155,1
27,GET,156,1
27,GET,157,2
27,GET,159,1
27,GET,160,2
27,GET,161,2
27,GET,164,2
27,GET,165,3
27,GET,166,4
27,GET,167,1
27,GET,168,1
27,GET,169,4
27,GET,170,3
27,GET,171,1
27,GET,172,2
27,GET,173,1
27,GET,174,1
27,GET,175,2
27,GET,176,2
27,GET,177,4
27,GET,178,1
27,GET,179,4
27,GET,180,4
27,GET,181,5
27,GET,182,4
27,GET,183,2
27,GET,184,3
27,GET,185,8
27,GET,186,3
27,GET,187,6
27,GET,188,4
27,GET,189,7
27,GET,190,1
27,GET,191,8
27,GET,192,7
27,GET,193,6
27,GET,194,2
27,GET,195,5
27,GET,196,4
27,GET,197,4
27,GET,198,1
27,GET,199,5
27,GET,200,6
27,GET,201,4
27,GET,202,7
27,GET,203,4
27,GET,204,3
27,GET,205,4
27,GET,206,4
27,GET,207,3
27,GET,208,1
27,GET,209,5
27,GET,210,3
27,GET,211,2
27,GET,212,1
27,GET,213,1
27,GET,214,2
27,GET,215,9
27,GET,216,2
27,GET,217,1
27,GET,218,4
27,GET,219,7
27,GET,220,2
27,GET,221,3
27,GET,222,1
27,GET,223,2
27,GET,224,4
27,GET,226,3
27,GET,227,3
27,GET,229,3
27,GET,230,3
27,GET,231,2
27,GET,232,1
27,GET,233,2
27,GET,234,2
27,GET,235,1
27,GET,236,1
27,GET,237,1
27,GET,239,2
27,GET,240,2
27,GET,241,2
27,GET,243,1
27,GET,244,1
27,GET,247,2
27,GET,248,1
27,GET,249,1
27,GET,250,1
27,GET,252,3
27,GET,253,1
27,GET,254,1
27,GET,257,2
27,GET,261,2
27,GET,263,1
27,GET,265,1
27,GET,267,4
27,GET,271,1
27,GET,273,3
27,GET,277,3
27,GET,279,1
27,GET,283,1
27,GET,285,2
27,GET,287,2
27,GET,289,2
27,GET,291,1
27,GET,293,1
27,GET,297,1
27,GET,299,2
27,GET,301,2
27,GET,303,1
27,GET,307,1
27,GET,309,1
27,GET,311,1
27,GET,315,1
27,GET,317,3
27,GET,319,1
27,GET,323,1
27,GET,325,1
27,GET,327,1
27,GET,329,1
27,GET,331,1
27,GET,335,2
27,GET,337,4
27,GET,341,1
27,GET,345,2
27,GET,355,3
27,GET,359,1
27,GET,361,1
27,GET,363,1
27,GET,365,1
27,GET,367,1
27,GET,371,3
27,GET,375,1
27,GET,381,2
27,GET,383,1
27,GET,397,2
27,GET,401,1
27,GET,403,1
27,GET,407,2
27,GET,409,1
27,GET,413,1
27,GET,415,1
27,GET,421,1
27,GET,431,1
27,GET,433,1
27,GET,435,1
27,GET,437,1
27,GET,441,2
27,GET,447,1
27,GET,453,2
27,GET,455,1
27,GET,459,2
27,GET,463,1
27,GET,465,1
27,GET,471,1
27,GET,477,2
27,GET,479,1
27,GET,481,1
27,GET,487,2
27,GET,499,1
27,GET,501,1
27,GET,503,2
27,GET,515,1
27,GET,519,3
27,GET,527,2
27,GET,531,3
27,GET,535,2
27,GET,539,1
27,GET,543,2
27,GET,547,4
27,GET,551,2
27,GET,555,5
27,GET,559,2
27,GET,567,3
27,GET,571,1
27,GET,575,2
27,GET,579,3
27,GET,583,1
27,GET,587,1
27,GET,591,1
27,GET,595,4
27,GET,603,1
27,GET,607,1
27,GET,611,1
27,GET,615,3
27,GET,619,2
27,GET,623,4
27,GET,627,1
27,GET,631,1
27,GET,635,2
27,GET,639,2
27,GET,647,1
27,GET,651,3
27,GET,655,2
27,GET,659,1
27,GET,663,2
27,GET,667,3
27,GET,671,3
27,GET,675,1
27,GET,679,4
27,GET,683,1
27,GET,687,5
27,GET,691,1
27,GET,695,1
27,GET,699,2
27,GET,703,2
27,GET,707,3
27,GET,711,1
27,GET,715,3
27,GET,727,3
27,GET,731,2
27,GET,735,2
27,GET,739,1
27,GET,743,4
27,GET,747,5
27,GET,751,3
27,GET,755,2
27,GET,759,2
27,GET,763,2
27,GET,767,1
27,GET,771,1
27,GET,775,2
27,GET,779,5
27,GET,783,1
27,GET,787,2
27,GET,791,2
27,GET,795,5
27,GET,799,1
27,GET,803,2
27,GET,807,1
27,GET,811,6
27,GET,819,1
27,GET,823,3
27,GET,827,2
27,GET,831,2
27,GET,835,1
27,GET,839,3
27,GET,843,4
27,GET,847,1
27,GET,851,4
27,GET,855,1
27,GET,859,2
27,GET,863,1
27,GET,867,3
27,GET,871,1
27,GET,875,2
27,GET,879,3
27,GET,883,2
27,GET,887,1
27,GET,895,1
27,GET,899,2
27,GET,903,6
27,GET,911,4
27,GET,915,2
27,GET,919,1
27,GET,923,1
27,GET,927,3
27,GET,931,1
27,GET,935,3
27,GET,943,1
27,GET,947,3
27,GET,951,2
27,GET,955,3
27,GET,959,3
27,GET,967,2
27,GET,971,2
27,GET,975,1
27,GET,979,4
27,GET,983,3
27,GET,991,4
27,GET,999,2
27,GET,1003,4
27,GET,1011,2
27,GET,1019,2
27,GET,1023,2
27,GET,1031,4
27,GET,1039,1
27,GET,1047,5
27,GET,1055,5
27,GET,1063,5
27,GET,1071,6
27,GET,1079,5
27,GET,1087,3
27,GET,1095,4
27,GET,1103,3
27,GET,1111,4
27,GET,1119,4
27,GET,1127,8
27,GET,1135,7
27,GET,1143,2
27,GET,1151,5
27,GET,1159,2
27,GET,1167,1
27,GET,1175,3
27,GET,1191,4
27,GET,1199,3
27,GET,1207,1
27,GET,1215,1
27,GET,1223,1
27,GET,1231,6
27,GET,1239,4
27,GET,1247,2
27,GET,1255,2
27,GET,1263,2
27,GET,1271,1
27,GET,1279,2
27,GET,1287,2
27,GET,1295,5
27,GET,1303,1
27,GET,1319,3
27,GET,1327,1
27,GET,1335,2
27,GET,1343,3
27,GET,1351,4
27,GET,1359,3
27,GET,1367,3
27,GET,1375,2
27,GET,1383,4
27,GET,1391,2
27,GET,1399,4
27,GET,1407,3
27,GET,1415,4
27,GET,1423,4
27,GET,1431,6
27,GET,1439,7
27,GET,1447,1
27,GET,1455,10
27,GET,1463,4
27,GET,1471,4
27,GET,1479,10
27,GET,1487,6
27,GET,1495,1
27,GET,1503,5
27,GET,1511,8
27,GET,1519,3
27,GET,1527,7
27,GET,1535,5
27,GET,1543,4
27,GET,1551,10
27,GET,1559,6
27,GET,1567,3
27,GET,1575,5
27,GET,1583,6
27,GET,1591,4
27,GET,1599,3
27,GET,1607,5
27,GET,1615,2
27,GET,1631,1
27,GET,1639,5
27,GET,1647,1
27,GET,1655,3
27,GET,1663,1
27,GET,1671,1
27,GET,1679,1
27,GET,1687,6
27,GET,1695,1
27,GET,1703,6
27,GET,1711,2
27,GET,1719,4
27,GET,1727,2
27,GET,1735,5
27,GET,1743,4
27,GET,1751,1
27,GET,1759,3
27,GET,1767,2
27,GET,1775,3
27,GET,1783,2
27,GET,1799,3
27,GET,1807,2
27,GET,1815,2
27,GET,1823,4
27,GET,1831,2
27,GET,1839,1
27,GET,1847,1
27,GET,1855,2
27,GET,1871,2
27,GET,1879,4
27,GET,1887,2
27,GET,1895,2
27,GET,1903,7
27,GET,1911,1
27,GET,1919,4
27,GET,1927,1
27,GET,1943,1
27,GET,1951,5
27,GET,1959,1
27,GET,1967,2
27,GET,1975,3
27,GET,1983,1
27,GET,1991,1
27,GET,1999,1
27,GET,2007,1
27,GET,2023,2
27,GET,2039,1
27,GET,2063,5
27,GET,2079,6
27,GET,2095,2
27,GET,2111,4
27,GET,2127,3
27,GET,2143,3
27,GET,2159,1
27,GET,2175,7
27,GET,2191,6
27,GET,2207,4
27,GET,2223,3
27,GET,2239,5
27,GET,2255,5
27,GET,2271,7
27,GET,2287,2
27,GET,2303,2
27,GET,2319,1
27,GET,2335,5
27,GET,2351,6
27,GET,2367,2
27,GET,2383,5
27,GET,2399,2
27,GET,2415,7
27,GET,2431,4
27,GET,2447,5
27,GET,2463,4
27,GET,2479,6
27,GET,2495,4
27,GET,2511,4
27,GET,2527,1
27,GET,2543,3
27,GET,2559,4
27,GET,2575,4
27,GET,2591,1
27,GET,2607,5
27,GET,2623,7
27,GET,2639,5
27,GET,2655,3
27,GET,2671,4
27,GET,2687,1
27,GET,2703,2
27,GET,2719,8
27,GET,2735,6
27,GET,2751,5
27,GET,2767,6
27,GET,2783,3
27,GET,2799,3
27,GET,2815,7
27,GET,2831,2
27,GET,2847,9
27,GET,2863,8
27,GET,2879,7
27,GET,2895,5
27,GET,2911,3
27,GET,2927,6
27,GET,2943,11
27,GET,2959,6
27,GET,2975,3
27,GET,2991,6
27,GET,3007,8
27,GET,3023,9
27,GET,3039,4
27,GET,3055,8
27,GET,3071,4
27,GET,3087,5
27,GET,3103,4
27,GET,3119,6
27,GET,3135,2
27,GET,3151,4
27,GET,3167,7
27,GET,3183,8
27,GET,3199,5
27,GET,3215,5
27,GET,3231,4
27,GET,3247,1
27,GET,3263,7
27,GET,3279,8
27,GET,3295,6
27,GET,3311,1
27,GET,3327,5
27,GET,3343,5
27,GET,3359,5
27,GET,3375,4
27,GET,3391,5
27,GET,3423,4
27,GET,3439,6
27,GET,3455,8
27,GET,3471,4
27,GET,3487,8
27,GET,3503,6
27,GET,3519,8
27,GET,3535,8
27,GET,3551,4
27,GET,3567,5
27,GET,3583,2
27,GET,3599,4
27,GET,3615,3
27,GET,3631,7
27,GET,3647,6
27,GET,3663,5
27,GET,3679,12
27,GET,3695,12
27,GET,3711,4
27,GET,3727,5
27,GET,3743,5
27,GET,3759,4
27,GET,3775,6
27,GET,3791,4
27,GET,3807,12
27,GET,3823,3
27,GET,3839,5
27,GET,3855,7
27,GET,3871,4
27,GET,3887,3
27,GET,3903,5
27,GET,3919,11
27,GET,3935,1
27,GET,3951,7
27,GET,3967,3
27,GET,3983,6
27,GET,3999,4
27,GET,4015,9
27,GET,4031,6
27,GET,4047,4
27,GET,4063,1
27,GET,4079,4
27,GET,4095,5
27,GET,4127,9
27,GET,4159,7
27,GET,4191,11
27,GET,4223,10
27,GET,4255,12
27,GET,4287,12
27,GET,4319,12
27,GET,4351,10
27,GET,4383,10
27,GET,4415,11
27,GET,4447,5
27,GET,4479,9
27,GET,4511,7
27,GET,4543,8
27,GET,4575,6
27,GET,4607,11
27,GET,4639,6
27,GET,4671,15
27,GET,4703,7
27,GET,4735,14
27,GET,4767,6
27,GET,4799,6
27,GET,4831,6
27,GET,4863,16
27,GET,4895,8
27,GET,4927,5
27,GET,4959,5
27,GET,4991,12
27,GET,5023,10
27,GET,5055,5
27,GET,5087,8
27,GET,5119,6
27,GET,5151,5
27,GET,5183,5
27,GET,5215,5
27,GET,5247,9
27,GET,5279,4
27,GET,5311,5
27,GET,5343,4
27,GET,5375,11
27,GET,5407,4
27,GET,5439,6
27,GET,5471,5
27,GET,5503,5
27,GET,5535,6
27,GET,5567,9
27,GET,5599,1
27,GET,5631,4
27,GET,5663,3
27,GET,5695,1
27,GET,5727,4
27,GET,5759,4
27,GET,5791,3
27,GET,5823,3
27,GET,5855,3
27,GET,5887,2
27,GET,5919,5
27,GET,5951,3
27,GET,5983,2
27,GET,6015,2
27,GET,6047,4
27,GET,6079,4
27,GET,6111,3
27,GET,6143,4
27,GET,6175,4
27,GET,6207,7
27,GET,6239,1
27,GET,6271,4
27,GET,6303,1
27,GET,6335,2
27,GET,6367,2
27,GET,6399,2
27,GET,6431,5
27,GET,6463,1
27,GET,6495,3
27,GET,6559,1
27,GET,6591,2
27,GET,6623,2
27,GET,6655,1
27,GET,6719,2
27,GET,6751,1
27,GET,6783,1
27,GET,6815,2
27,GET,6847,2
27,GET,6879,1
27,GET,6911,2
27,GET,6975,2
27,GET,7039,3
27,GET,7071,4
27,GET,7167,2
27,GET,7199,1
27,GET,7295,2
27,GET,7327,4
27,GET,7359,1
27,GET,7391,1
27,GET,7423,1
27,GET,7519,3
27,GET,7551,1
27,GET,7583,2
27,GET,7743,2
27,GET,7807,1
27,GET,7871,1
27,GET,7935,1
27,GET,8063,1
27,GET,8127,1
27,GET,8159,1
27,GET,8255,3
27,GET,8383,1
27,GET,8447,1
27,GET,8575,1
27,GET,8767,1
27,GET,8959,2
27,GET,9151,1
27,GET,9215,2
27,GET,9471,1
27,GET,9983,1
27,GET,10879,1
27,DEL,107,1
27,DEL,117,1
27,DEL,134,1
27,DEL,137,1
27,DEL,146,1
27,DEL,149,1
27,DEL,151,1
27,DEL,152,1
27,DEL,158,1
27,DEL,162,1
27,DEL,165,1
27,DEL,166,1
27,DEL,169,1
27,DEL,171,1
27,DEL,172,1
27,DEL,175,1
27,DEL,176,2
27,DEL,178,3
27,DEL,179,2
27,DEL,180,2
27,DEL,181,1
27,DEL,183,2
27,DEL,184,1
27,DEL,186,1
27,DEL,187,3
27,DEL,189,2
27,DEL,190,1
27,DEL,191,2
27,DEL,192,2
27,DEL,194,4
27,DEL,195,3
27,DEL,196,2
27,DEL,197,1
27,DEL,198,3
27,DEL,200,1
27,DEL,201,1
27,DEL,202,3
27,DEL,206,4
27,DEL,209,1
27,DEL,210,1
27,DEL,211,1
27,DEL,213,2
27,DEL,214,1
27,DEL,215,2
27,DEL,217,2
27,DEL,218,2
27,DEL,220,1
27,DEL,221,3
27,DEL,222,2
27,DEL,223,2
27,DEL,224,1
27,DEL,225,1
27,DEL,226,1
27,DEL,227,1
27,DEL,228,1
27,DEL,229,2
27,DEL,230,1
27,DEL,231,2
27,DEL,232,3
27,DEL,236,1
27,DEL,237,1
27,DEL,250,1
27,DEL,251,1
27,DEL,254,2
27,DEL,257,2
27,DEL,263,1
27,DEL,265,1
27,DEL,267,1
27,DEL,269,2
27,DEL,271,2
27,DEL,277,1
27,DEL,279,2
27,DEL,285,1
27,DEL,287,1
27,DEL,289,1
27,DEL,293,2
27,DEL,295,1
27,DEL,305,1
27,DEL,307,1
27,DEL,319,2
27,DEL,333,2
27,DEL,339,1
27,DEL,349,1
27,DEL,351,1
27,DEL,355,1
27,DEL,361,1
27,DEL,363,1
27,DEL,367,2
27,DEL,373,1
27,DEL,385,1
27,DEL,395,1
27,DEL,399,1
27,DEL,415,1
27,DEL,423,1
27,DEL,429,1
27,DEL,439,1
27,DEL,445,1
27,DEL,471,1
27,DEL,481,1
27,DEL,483,2
27,DEL,491,1
27,DEL,493,1
27,DEL,497,1
27,DEL,509,1
27,DEL,515,1
27,DEL,519,1
27,DEL,523,1
27,DEL,531,1
27,DEL,535,1
27,DEL,539,1
27,DEL,547,1
27,DEL,563,1
27,DEL,579,1
27,DEL,591,1
27,DEL,603,1
27,DEL,607,1
27,DEL,615,1
27,DEL,623,2
27,DEL,627,2
27,DEL,631,1
27,DEL,639,1
27,DEL,647,1
27,DEL,659,2
27,DEL,667,1
27,DEL,675,1
27,DEL,679,1
27,DEL,683,1
27,DEL,691,2
27,DEL,699,1
27,DEL,703,1
27,DEL,727,1
27,DEL,739,1
27,DEL,743,1
27,DEL,751,2
27,DEL,767,1
27,DEL,775,1
27,DEL,779,1
27,DEL,807,2
27,DEL,815,1
27,DEL,819,1
27,DEL,835,1
27,DEL,839,1
27,DEL,843,2
27,DEL,847,1
27,DEL,855,1
27,DEL,867,1
27,DEL,883,2
27,DEL,915,1
27,DEL,919,1
27,DEL,935,1
27,DEL,963,1
27,DEL,967,2
27,DEL,987,1
27,DEL,991,1
27,DEL,995,1
27,DEL,1007,1
27,DEL,1011,1
27,DEL,1023,2
27,DEL,1039,3
27,DEL,1047,2
27,DEL,1055,1
27,DEL,1063,1
27,DEL,1071,2
27,DEL,1079,1
27,DEL,1087,1
27,DEL,1119,1
27,DEL,1127,2
27,DEL,1135,2
27,DEL,1159,2
27,DEL,1183,1
27,DEL,1191,2
27,DEL,1199,1
27,DEL,1247,1
27,DEL,1255,2
27,DEL,1263,1
27,DEL,1271,1
27,DEL,1279,1
27,DEL,1287,2
27,DEL,1295,2
27,DEL,1311,1
27,DEL,1319,1
27,DEL,1335,1
27,DEL,1359,1
27,DEL,1367,1
27,DEL,1375,1
27,DEL,1399,2
27,DEL,1407,2
27,DEL,1415,2
27,DEL,1423,1
27,DEL,1431,1
27,DEL,1439,2
27,DEL,1447,1
27,DEL,1455,1
27,DEL,1471,3
27,DEL,1487,1
27,DEL,1511,2
27,DEL,1519,1
27,DEL,1543,1
27,DEL,1575,1
27,DEL,1599,1
27,DEL,1607,2
27,DEL,1639,1
27,DEL,1679,1
27,DEL,1759,1
27,DEL,1767,2
27,DEL,1783,1
27,DEL,1839,1
27,DEL,1911,1
27,DEL,1951,1
27,DEL,1959,1
27,DEL,2007,1
27,DEL,2023,1
27,DEL,2039,1
27,DEL,2079,1
27,DEL,2111,1
27,DEL,2127,1
27,DEL,2143,2
27,DEL,2191,1
27,DEL,2303,1
27,DEL,2319,1
27,DEL,2399,1
27,DEL,2415,1
27,DEL,2463,1
27,DEL,2511,1
27,DEL,2559,1
27,DEL,2575,1
27,DEL,2591,1
27,DEL,2703,1
27,DEL,2719,1
27,DEL,2799,1
27,DEL,2863,1
27,DEL,2879,1
27,DEL,2895,1
27,DEL,2975,2
27,DEL,3023,2
27,DEL,3039,1
27,DEL,3087,1
27,DEL,3103,1
27,DEL,3119,1
27,DEL,3151,1
27,DEL,3263,1
27,DEL,3295,2
27,DEL,3311,2
27,DEL,3343,1
27,DEL,3359,3
27,DEL,3423,2
27,DEL,3439,1
27,DEL,3471,2
27,DEL,3487,3
27,DEL,3519,1
27,DEL,3535,1
27,DEL,3583,1
27,DEL,3615,1
27,DEL,3663,1
27,DEL,3679,1
27,DEL,3711,2
27,DEL,3727,1
27,DEL,3759,1
27,DEL,3775,2
27,DEL,3807,1
27,DEL,3839,1
27,DEL,3871,3
27,DEL,3887,1
27,DEL,3903,1
27,DEL,3919,1
27,DEL,3935,1
27,DEL,3951,2
27,DEL,3983,2
27,DEL,3999,1
27,DEL,4031,1
27,DEL,4063,1
27,DEL,4127,2
27,DEL,4191,2
27,DEL,4223,1
27,DEL,4255,2
27,DEL,4287,1
27,DEL,4351,1
27,DEL,4383,2
27,DEL,4415,1
27,DEL,4447,1
27,DEL,4543,3
27,DEL,4575,1
27,DEL,4607,1
27,DEL,4639,1
27,DEL,4671,2
27,DEL,4735,2
27,DEL,4799,4
27,DEL,4831,2
27,DEL,4927,2
27,DEL,4959,1
27,DEL,4991,1
27,DEL,5023,1
27,DEL,5119,1
27,DEL,5151,2
27,DEL,5215,2
27,DEL,5279,2
27,DEL,5375,1
27,DEL,5407,1
27,DEL,5439,1
27,DEL,5503,1
27,DEL,5535,2
27,DEL,5567,1
27,DEL,5631,2
27,DEL,5695,3
27,DEL,5759,1
27,DEL,5791,2
27,DEL,5823,2
27,DEL,5855,1
27,DEL,5887,2
27,DEL,5919,1
27,DEL,5983,1
27,DEL,6047,1
27,DEL,6175,5
27,DEL,6239,1
27,DEL,6303,1
27,DEL,6367,1
27,DEL,6399,1
27,DEL,6495,1
27,DEL,6655,1
27,DEL,6719,2
27,DEL,6783,1
27,DEL,6847,2
27,DEL,6975,1
27,DEL,7039,2
27,DEL,7103,1
27,DEL,7199,1
27,DEL,7263,1
27,DEL,7295,2
27,DEL,7423,1
27,DEL,7487,1
27,DEL,7519,2
27,DEL,7583,1
27,DEL,7871,2
27,DEL,7903,1
27,DEL,8063,2
27,DEL,8095,1
27,DEL,8191,2
27,DEL,8255,1
27,DEL,8447,1
27,DEL,8511,1
27,DEL,8639,1
27,DEL,8767,1
27,DEL,8895,2
27,DEL,8959,1
27,DEL,9023,2
27,DEL,9087,2
27,DEL,9151,1
27,DEL,9279,2
27,DEL,9407,2
27,DEL,9599,1
27,DEL,9919,1
27,DEL,9983,1
27,DEL,10047,1
27,DEL,10175,1
27,DEL,10367,1
27,DEL,10559,1
27,DEL,10623,1
27,DEL,10751,1
27,DEL,10943,1
27,DEL,11071,1
27,DEL,11583,1
27,DEL,12415,1
27,DEL,13631,1
27,DEL,24191,1
27,DEL,25343,1
27,DEL,25599,1
27,DEL,25855,1
27,DEL,26623,1
27,DEL,27135,1
27,DEL,32639,1
27,DEL,33791,1
27,DEL,36351,1
27,DEL,36607,2
27,DEL,39679,1
27,DEL,41215,1
27,DEL,43519,1
27,DEL,44287,1
27,DEL,45055,1
27,DEL,45311,1
27,DEL,45567,1
27,DEL,46335,1
27,DEL,49663,1
27,DEL,50175,1
27,DEL,52735,3
27,DEL,53503,1
27,DEL,53759,1
27,DEL,54015,1
27,DEL,55295,1
27,DEL,56319,1
27,DEL,57855,1
27,DEL,58879,2
27,DEL,59135,1
27,DEL,59391,1
27,DEL,59647,1
27,DEL,60159,2
27,DEL,60415,1
27,DEL,60671,1
27,DEL,60927,2
27,DEL,61951,3
27,DEL,62207,1
27,DEL,62463,3
27,DEL,62719,3
27,DEL,62975,3
27,DEL,63487,5
27,DEL,63743,5
27,DEL,63999,4
27,DEL,64255,4
27,DEL,64511,3
27,DEL,64767,4
27,DEL,65023,5
27,DEL,65279,1
27,DEL,65535,1
27,DEL,66047,7
27,DEL,66559,13
27,DEL,67071,7
27,DEL,67583,7
27,DEL,68095,8
27,DEL,68607,8
27,DEL,69119,7
27,DEL,69631,10
27,DEL,70143,9
27,DEL,70655,16
27,DEL,71167,10
27,DEL,71679,6
27,DEL,72191,12
27,DEL,72703,10
27,DEL,73215,9
27,DEL,73727,5
27,DEL,74239,6
27,DEL,74751,4
27,DEL,75263,8
27,DEL,75775,1
27,DEL,76287,5
27,DEL,76799,6
27,DEL,77311,6
27,DEL,77823,4
27,DEL,78335,3
27,DEL,78847,4
27,DEL,79359,2
27,DEL,79871,1
27,DEL,80383,3
27,DEL,80895,3
27,DEL,81407,2
27,DEL,81919,1
27,DEL,82431,1
27,DEL,84479,1
27,DEL,87039,1
27,SET,153,1
27,SET,176,1
27,SET,186,1
27,SET,187,1
27,SET,189,1
27,SET,191,1
27,SET,192,2
27,SET,194,1
27,SET,209,1
27,SET,210,1
27,SET,211,1
27,SET,216,1
27,SET,218,2
27,SET,228,1
27,SET,265,1
27,SET,277,1
27,SET,287,1
27,SET,293,1
27,SET,315,1
27,SET,365,1
27,SET,405,1
27,SET,409,1
27,SET,447,1
27,SET,507,1
27,SET,531,1
27,SET,543,1
27,SET,579,1
27,SET,583,1
27,SET,587,1
27,SET,595,1
27,SET,659,1
27,SET,751,1
27,SET,767,1
27,SET,783,1
27,SET,811,1
27,SET,819,1
27,SET,859,1
27,SET,867,1
27,SET,871,1
27,SET,879,1
27,SET,943,1
27,SET,959,1
27,SET,995,1
27,SET,1231,1
27,SET,1247,1
27,SET,1319,1
27,SET,1335,1
27,SET,1367,1
27,SET,1447,2
27,SET,1503,2
27,SET,1519,1
27,SET,1527,1
27,SET,1535,1
27,SET,1543,3
27,SET,1567,1
27,SET,1607,1
27,SET,1623,1
27,SET,1639,1
27,SET,1647,1
27,SET,1655,1
27,SET,1663,1
27,SET,1735,1
27,SET,1815,1
27,SET,1823,1
27,SET,1831,2
27,SET,1879,1
27,SET,1887,1
27,SET,1967,1
27,SET,1975,1
27,SET,2023,1
27,SET,2047,1
27,SET,2079,2
27,SET,2143,1
27,SET,2223,1
27,SET,2255,1
27,SET,2303,2
27,SET,2335,2
27,SET,2415,2
27,SET,2655,1
27,SET,2687,2
27,SET,2719,1
27,SET,2735,1
27,SET,2767,1
27,SET,2863,1
27,SET,2879,1
27,SET,2895,1
27,SET,2911,2
27,SET,3007,3
27,SET,3023,1
27,SET,3071,1
27,SET,3311,1
27,SET,3327,1
27,SET,3487,1
27,SET,3599,1
27,SET,3631,1
27,SET,3695,2
27,SET,3743,1
27,SET,3775,1
27,SET,3807,1
27,SET,3823,2
27,SET,3983,1
27,SET,3999,1
27,SET,4031,1
27,SET,4127,1
27,SET,4223,2
27,SET,4255,1
27,SET,4383,1
27,SET,4415,3
27,SET,4607,1
27,SET,4671,1
27,SET,4735,1
27,SET,4831,1
27,SET,4863,1
27,SET,5087,1
27,SET,5247,1
27,SET,5375,1
27,SET,5407,2
27,SET,5439,2
27,SET,5599,1
27,SET,5695,1
27,SET,5887,1
27,SET,5951,2
27,SET,6111,1
27,SET,6207,1
27,SET,6303,2
27,SET,6463,1
27,SET,6559,2
27,SET,6687,1
27,SET,6719,1
27,SET,6783,1
27,SET,7647,1
28,GET,110,1
28,GET,124,1
28,GET,129,1
28,GET,135,1
28,GET,138,1
28,GET,140,1
28,GET,143,1
28,GET,146,1
28,GET,147,1
28,GET,148,2
28,GET,151,1
28,GET,152,2
28,GET,154,1
28,GET,155,1
28,GET,156,1
28,GET,158,3
28,GET,160,2
28,GET,161,4
28,GET,163,1
28,GET,164,1
28,GET,165,4
28,GET,166,3
28,GET,167,1
28,GET,168,2
28,GET,169,1
28,GET,170,3
28,GET,171,6
28,GET,172,1
28,GET,173,2
28,GET,174,4
28,GET,175,4
28,GET,176,6
28,GET,177,6
28,GET,178,3
28,GET,179,2
28,GET,180,3
28,GET,181,1
28,GET,182,4
28,GET,183,4
28,GET,184,5
28,GET,185,2
28,GET,186,5
28,GET,187,4
28,GET,188,4
28,GET,189,5
28,GET,190,4
28,GET,191,7
28,GET,192,3
28,GET,193,4
28,GET,194,1
28,GET,195,4
28,GET,196,6
28,GET,197,7
28,GET,198,3
28,GET,199,5
28,GET,200,6
28,GET,201,8
28,GET,202,3
28,GET,203,5
28,GET,204,4
28,GET,205,5
28,GET,206,1
28,GET,207,3
28,GET,208,5
28,GET,209,4
28,GET,210,2
28,GET,211,7
28,GET,212,3
28,GET,213,5
28,GET,214,2
28,GET,215,2
28,GET,216,1
28,GET,217,1
28,GET,218,3
28,GET,219,2
28,GET,220,1
28,GET,221,1
28,GET,222,4
28,GET,223,2
28,GET,224,4
28,GET,225,4
28,GET,226,1
28,GET,227,3
28,GET,228,2
28,GET,229,2
28,GET,230,2
28,GET,231,1
28,GET,232,1
28,GET,233,3
28,GET,235,1
28,GET,236,4
28,GET,237,3
28,GET,238,1
28,GET,239,1
28,GET,240,1
28,GET,241,2
28,GET,242,3
28,GET,245,1
28,GET,246,1
28,GET,247,1
28,GET,249,3
28,GET,250,2
28,GET,253,1
28,GET,254,3
28,GET,255,3
28,GET,257,3
28,GET,259,2
28,GET,261,1
28,GET,263,1
28,GET,267,1
28,GET,269,1
28,GET,271,3
28,GET,273,1
28,GET,275,1
28,GET,277,1
28,GET,279,3
28,GET,281,1
28,GET,283,2
28,GET,285,2
28,GET,291,2
28,GET,295,5
28,GET,297,1
28,GET,299,3
28,GET,301,1
28,GET,303,4
28,GET,305,3
28,GET,307,1
28,GET,315,1
28,GET,317,1
28,GET,321,1
28,GET,327,2
28,GET,329,1
28,GET,331,1
28,GET,333,1
28,GET,335,1
28,GET,341,2
28,GET,343,1
28,GET,345,3
28,GET,349,3
28,GET,351,1
28,GET,357,1
28,GET,359,1
28,GET,361,2
28,GET,363,1
28,GET,367,1
28,GET,371,1
28,GET,375,2
28,GET,377,2
28,GET,379,2
28,GET,389,1
28,GET,393,1
28,GET,395,1
28,GET,397,1
28,GET,399,2
28,GET,401,1
28,GET,403,1
28,GET,405,1
28,GET,407,1
28,GET,411,1
28,GET,413,2
28,GET,421,1
28,GET,429,1
28,GET,431,1
28,GET,433,1
28,GET,441,1
28,GET,449,2
28,GET,453,2
28,GET,455,2
28,GET,461,1
28,GET,465,1
28,GET,469,1
28,GET,481,3
28,GET,483,2
28,GET,485,1
28,GET,487,1
28,GET,491,2
28,GET,495,1
28,GET,497,2
28,GET,499,2
28,GET,501,1
28,GET,505,2
28,GET,507,3
28,GET,509,1
28,GET,511,1
28,GET,515,1
28,GET,519,2
28,GET,531,1
28,GET,535,1
28,GET,547,4
28,GET,551,1
28,GET,555,4
28,GET,559,2
28,GET,563,2
28,GET,567,2
28,GET,575,3
28,GET,579,2
28,GET,591,3
28,GET,595,2
28,GET,599,3
28,GET,603,3
28,GET,607,1
28,GET,615,1
28,GET,619,1
28,GET,623,3
28,GET,627,3
28,GET,631,1
28,GET,635,4
28,GET,639,3
28,GET,643,2
28,GET,647,1
28,GET,651,4
28,GET,655,5
28,GET,663,1
28,GET,671,2
28,GET,679,3
28,GET,683,3
28,GET,687,2
28,GET,691,1
28,GET,695,2
28,GET,699,2
28,GET,703,3
28,GET,711,5
28,GET,715,3
28,GET,719,2
28,GET,723,1
28,GET,727,1
28,GET,735,3
28,GET,739,5
28,GET,743,2
28,GET,747,1
28,GET,751,2
28,GET,755,1
28,GET,759,3
28,GET,767,3
28,GET,779,5
28,GET,791,2
28,GET,795,4
28,GET,803,2
28,GET,807,2
28,GET,811,1
28,GET,815,3
28,GET,819,3
28,GET,827,6
28,GET,831,1
28,GET,835,1
28,GET,839,5
28,GET,847,3
28,GET,851,2
28,GET,855,1
28,GET,859,4
28,GET,863,4
28,GET,867,1
28,GET,871,3
28,GET,875,1
28,GET,879,1
28,GET,883,1
28,GET,887,1
28,GET,891,2
28,GET,895,1
28,GET,899,2
28,GET,903,1
28,GET,907,2
28,GET,911,1
28,GET,915,4
28,GET,923,3
28,GET,927,2
28,GET,931,2
28,GET,935,2
28,GET,939,4
28,GET,943,2
28,GET,947,4
28,GET,971,2
28,GET,975,2
28,GET,979,2
28,GET,983,1
28,GET,987,1
28,GET,991,3
28,GET,1007,1
28,GET,1011,3
28,GET,1019,1
28,GET,1023,4
28,GET,1031,3
28,GET,1039,4
28,GET,1047,4
28,GET,1063,4
28,GET,1071,6
28,GET,1079,3
28,GET,1087,2
28,GET,1095,4
28,GET,1103,3
28,GET,1111,4
28,GET,1119,3
28,GET,1127,2
28,GET,1135,7
28,GET,1143,4
28,GET,1151,2
28,GET,1159,3
28,GET,1167,4
28,GET,1175,4
28,GET,1191,2
28,GET,1207,1
28,GET,1215,1
28,GET,1223,4
28,GET,1231,1
28,GET,1239,6
28,GET,1247,2
28,GET,1255,3
28,GET,1263,3
28,GET,1271,3
28,GET,1279,2
28,GET,1287,5
28,GET,1295,2
28,GET,1303,6
28,GET,1311,2
28,GET,1319,4
28,GET,1327,2
28,GET,1335,4
28,GET,1343,2
28,GET,1351,3
28,GET,1359,6
28,GET,1367,4
28,GET,1375,3
28,GET,1383,4
28,GET,1391,1
28,GET,1399,2
28,GET,1407,4
28,GET,1415,3
28,GET,1423,5
28,GET,1431,5
28,GET,1439,7
28,GET,1447,6
28,GET,1455,9
28,GET,1463,3
28,GET,1471,7
28,GET,1479,5
28,GET,1487,6
28,GET,1495,4
28,GET,1503,3
28,GET,1511,8
28,GET,1519,5
28,GET,1527,3
28,GET,1535,3
28,GET,1543,2
28,GET,1551,3
28,GET,1559,7
28,GET,1567,4
28,GET,1575,8
28,GET,1583,2
28,GET,1591,3
28,GET,1599,4
28,GET,1607,3
28,GET,1615,4
28,GET,1631,6
28,GET,1639,4
28,GET,1647,3
28,GET,1655,2
28,GET,1663,4
28,GET,1671,2
28,GET,1679,3
28,GET,1687,2
28,GET,1695,3
28,GET,1703,1
28,GET,1711,5
28,GET,1719,3
28,GET,1727,8
28,GET,1735,3
28,GET,1743,3
28,GET,1751,3
28,GET,1759,3
28,GET,1775,4
28,GET,1783,4
28,GET,1791,7
28,GET,1799,3
28,GET,1807,3
28,GET,1815,2
28,GET,1823,3
28,GET,1831,1
28,GET,1839,3
28,GET,1847,1
28,GET,1863,4
28,GET,1879,3
28,GET,1887,1
28,GET,1895,2
28,GET,1911,4
28,GET,1919,2
28,GET,1927,4
28,GET,1935,2
28,GET,1943,3
28,GET,1951,2
28,GET,1959,2
28,GET,1967,4
28,GET,1983,2
28,GET,1999,1
28,GET,2007,3
28,GET,2015,2
28,GET,2023,1
28,GET,2031,3
28,GET,2039,2
28,GET,2047,4
28,GET,2063,5
28,GET,2079,8
28,GET,2095,4
28,GET,2111,1
28,GET,2127,2
28,GET,2143,3
28,GET,2159,8
28,GET,2175,8
28,GET,2191,3
28,GET,2207,7
28,GET,2223,7
28,GET,2239,4
28,GET,2255,7
28,GET,2271,6
28,GET,2287,5
28,GET,2303,3
28,GET,2319,2
28,GET,2335,6
28,GET,2351,4
28,GET,2367,6
28,GET,2383,6
28,GET,2399,3
28,GET,2415,3
28,GET,2431,6
28,GET,2447,4
28,GET,2463,2
28,GET,2479,7
28,GET,2495,3
28,GET,2511,5
28,GET,2527,4
28,GET,2543,1
28,GET,2559,2
28,GET,2575,6
28,GET,2591,2
28,GET,2607,2
28,GET,2623,4
28,GET,2639,4
28,GET,2655,8
28,GET,2671,4
28,GET,2687,1
28,GET,2703,3
28,GET,2719,6
28,GET,2735,2
28,GET,2751,3
28,GET,2767,4
28,GET,2783,4
28,GET,2799,2
28,GET,2815,6
28,GET,2831,4
28,GET,2847,3
28,GET,2863,3
28,GET,2879,8
28,GET,2895,4
28,GET,2911,8
28,GET,2927,4
28,GET,2943,3
28,GET,2959,7
28,GET,2975,8
28,GET,2991,3
28,GET,3007,6
28,GET,3023,6
28,GET,3039,7
28,GET,3055,6
28,GET,3071,8
28,GET,3087,9
28,GET,3103,11
28,GET,3119,2
28,GET,3135,5
28,GET,3151,7
28,GET,3167,11
28,GET,3183,10
28,GET,3199,2
28,GET,3215,12
28,GET,3231,3
28,GET,3247,5
28,GET,3263,5
28,GET,3279,6
28,GET,3295,7
28,GET,3311,7
28,GET,3327,6
28,GET,3343,5
28,GET,3359,8
28,GET,3375,8
28,GET,3391,7
28,GET,3407,5
28,GET,3423,5
28,GET,3439,7
28,GET,3455,6
28,GET,3471,9
28,GET,3487,7
28,GET,3503,9
28,GET,3519,5
28,GET,3535,7
28,GET,3551,4
28,GET,3567,8
28,GET,3583,7
28,GET,3599,6
28,GET,3615,7
28,GET,3631,6
28,GET,3647,6
28,GET,3663,9
28,GET,3679,3
28,GET,3695,7
28,GET,3711,6
28,GET,3727,7
28,GET,3743,4
28,GET,3759,7
28,GET,3775,2
28,GET,3791,7
28,GET,3807,8
28,GET,3823,7
28,GET,3839,4
28,GET,3855,8
28,GET,3871,2
28,GET,3887,6
28,GET,3903,3
28,GET,3919,4
28,GET,3935,3
28,GET,3951,4
28,GET,3967,4
28,GET,3983,3
28,GET,3999,4
28,GET,4015,8
28,GET,4031,3
28,GET,4047,5
28,GET,4063,3
28,GET,4079,4
28,GET,4095,4
28,GET,4127,11
28,GET,4159,10
28,GET,4191,12
28,GET,4223,11
28,GET,4255,8
28,GET,4287,8
28,GET,4319,7
28,GET,4351,9
28,GET,4383,17
28,GET,4415,6
28,GET,4447,11
28,GET,4479,4
28,GET,4511,8
28,GET,4543,2
28,GET,4575,5
28,GET,4607,5
28,GET,4639,10
28,GET,4671,3
28,GET,4703,7
28,GET,4735,8
28,GET,4767,4
28,GET,4799,6
28,GET,4831,11
28,GET,4863,5
28,GET,4895,5
28,GET,4927,5
28,GET,4959,9
28,GET,4991,5
28,GET,5023,6
28,GET,5055,4
28,GET,5087,5
28,GET,5119,8
28,GET,5151,5
28,GET,5183,6
28,GET,5215,6
28,GET,5247,4
28,GET,5279,5
28,GET,5311,5
28,GET,5343,5
28,GET,5375,4
28,GET,5407,3
28,GET,5439,9
28,GET,5471,4
28,GET,5503,5
28,GET,5535,4
28,GET,5567,4
28,GET,5599,2
28,GET,5631,4
28,GET,5663,5
28,GET,5695,2
28,GET,5727,3
28,GET,5759,2
28,GET,5791,3
28,GET,5823,4
28,GET,5855,6
28,GET,5887,2
28,GET,5919,6
28,GET,5983,3
28,GET,6015,6
28,GET,6047,5
28,GET,6079,2
28,GET,6111,1
28,GET,6143,5
28,GET,6175,1
28,GET,6207,4
28,GET,6239,2
28,GET,6271,4
28,GET,6303,3
28,GET,6335,2
28,GET,6367,1
28,GET,6399,2
28,GET,6431,5
28,GET,6463,2
28,GET,6495,4
28,GET,6527,3
28,GET,6559,1
28,GET,6591,1
28,GET,6623,2
28,GET,6655,3
28,GET,6719,1
28,GET,6751,2
28,GET,6783,2
28,GET,6815,1
28,GET,6847,2
28,GET,6911,1
28,GET,7039,1
28,GET,7071,2
28,GET,7103,2
28,GET,7135,1
28,GET,7199,2
28,GET,7231,3
28,GET,7295,2
28,GET,7327,4
28,GET,7391,1
28,GET,7423,1
28,GET,7455,1
28,GET,7519,2
28,GET,7615,2
28,GET,7647,1
28,GET,7743,1
28,GET,7775,1
28,GET,7871,1
28,GET,8063,3
28,GET,8159,1
28,GET,8191,1
28,GET,8255,1
28,GET,8511,1
28,GET,8575,1
28,GET,8639,1
28,GET,9023,1
28,GET,9087,2
28,GET,9599,1
28,DEL,106,1
28,DEL,131,1
28,DEL,135,1
28,DEL,148,1
28,DEL,153,1
28,DEL,157,1
28,DEL,158,1
28,DEL,165,1
28,DEL,170,1
28,DEL,171,1
28,DEL,173,1
28,DEL,174,1
28,DEL,175,1
28,DEL,178,1
28,DEL,182,3
28,DEL,183,2
28,DEL,185,2
28,DEL,186,1
28,DEL,188,1
28,DEL,189,1
28,DEL,190,2
28,DEL,191,1
28,DEL,192,2
28,DEL,193,3
28,DEL,195,2
28,DEL,196,2
28,DEL,197,1
28,DEL,198,3
28,DEL,199,1
28,DEL,200,1
28,DEL,201,2
28,DEL,202,4
28,DEL,203,2
28,DEL,204,1
28,DEL,205,4
28,DEL,206,1
28,DEL,207,1
28,DEL,209,1
28,DEL,212,1
28,DEL,213,2
28,DEL,214,2
28,DEL,215,3
28,DEL,217,1
28,DEL,218,1
28,DEL,219,2
28,DEL,220,2
28,DEL,225,5
28,DEL,228,1
28,DEL,230,1
28,DEL,231,2
28,DEL,232,1
28,DEL,237,1
28,DEL,240,2
28,DEL,244,1
28,DEL,247,1
28,DEL,248,1
28,DEL,250,1
28,DEL,252,1
28,DEL,254,1
28,DEL,257,1
28,DEL,259,1
28,DEL,261,1
28,DEL,263,1
28,DEL,289,1
28,DEL,295,1
28,DEL,299,1
28,DEL,303,2
28,DEL,331,1
28,DEL,333,1
28,DEL,341,1
28,DEL,347,1
28,DEL,349,1
28,DEL,351,1
28,DEL,373,1
28,DEL,375,1
28,DEL,389,1
28,DEL,391,1
28,DEL,411,1
28,DEL,413,1
28,DEL,421,1
28,DEL,431,3
28,DEL,433,1
28,DEL,437,1
28,DEL,443,1
28,DEL,447,1
28,DEL,451,1
28,DEL,453,2
28,DEL,455,1
28,DEL,459,1
28,DEL,465,1
28,DEL,467,1
28,DEL,469,1
28,DEL,471,1
28,DEL,495,1
28,DEL,499,1
28,DEL,515,1
28,DEL,519,1
28,DEL,531,2
28,DEL,535,1
28,DEL,547,1
28,DEL,559,1
28,DEL,575,1
28,DEL,579,1
28,DEL,583,1
28,DEL,603,1
28,DEL,619,1
28,DEL,635,1
28,DEL,639,1
28,DEL,643,4
28,DEL,651,2
28,DEL,663,1
28,DEL,671,1
28,DEL,679,1
28,DEL,683,1
28,DEL,691,1
28,DEL,695,1
28,DEL,707,3
28,DEL,715,1
28,DEL,731,1
28,DEL,739,1
28,DEL,755,1
28,DEL,759,1
28,DEL,763,1
28,DEL,767,1
28,DEL,783,1
28,DEL,787,1
28,DEL,791,2
28,DEL,795,1
28,DEL,807,2
28,DEL,819,2
28,DEL,831,1
28,DEL,835,1
28,DEL,843,1
28,DEL,859,1
28,DEL,871,2
28,DEL,891,1
28,DEL,899,3
28,DEL,903,1
28,DEL,907,1
28,DEL,911,1
28,DEL,927,2
28,DEL,931,1
28,DEL,935,1
28,DEL,943,2
28,DEL,951,1
28,DEL,955,1
28,DEL,987,1
28,DEL,999,1
28,DEL,1003,1
28,DEL,1015,3
28,DEL,1031,1
28,DEL,1047,1
28,DEL,1063,1
28,DEL,1095,1
28,DEL,1111,4
28,DEL,1135,1
28,DEL,1143,1
28,DEL,1151,2
28,DEL,1159,1
28,DEL,1167,1
28,DEL,1175,1
28,DEL,1191,1
28,DEL,1207,3
28,DEL,1223,2
28,DEL,1247,1
28,DEL,1255,1
28,DEL,1263,1
28,DEL,1311,1
28,DEL,1319,1
28,DEL,1343,2
28,DEL,1351,2
28,DEL,1359,1
28,DEL,1367,1
28,DEL,1407,2
28,DEL,1415,1
28,DEL,1423,1
28,DEL,1431,2
28,DEL,1439,1
28,DEL,1463,2
28,DEL,1471,1
28,DEL,1511,2
28,DEL,1551,1
28,DEL,1567,1
28,DEL,1575,1
28,DEL,1591,2
28,DEL,1639,1
28,DEL,1655,1
28,DEL,1687,1
28,DEL,1695,1
28,DEL,1711,1
28,DEL,1727,1
28,DEL,1735,1
28,DEL,1799,1
28,DEL,1815,1
28,DEL,1847,1
28,DEL,1863,1
28,DEL,1895,1
28,DEL,1967,1
28,DEL,1983,1
28,DEL,1999,1
28,DEL,2063,1
28,DEL,2079,2
28,DEL,2095,1
28,DEL,2175,2
28,DEL,2255,1
28,DEL,2271,1
28,DEL,2335,1
28,DEL,2351,3
28,DEL,2367,1
28,DEL,2415,1
28,DEL,2431,1
28,DEL,2479,1
28,DEL,2527,1
28,DEL,2559,1
28,DEL,2591,1
28,DEL,2655,2
28,DEL,2671,1
28,DEL,2751,2
28,DEL,2815,1
28,DEL,2831,1
28,DEL,2847,1
28,DEL,2895,1
28,DEL,2927,2
28,DEL,2943,1
28,DEL,2959,1
28,DEL,2991,1
28,DEL,3039,1
28,DEL,3071,1
28,DEL,3087,1
28,DEL,3151,1
28,DEL,3167,1
28,DEL,3199,1
28,DEL,3247,1
28,DEL,3327,2
28,DEL,3343,1
28,DEL,3391,1
28,DEL,3439,1
28,DEL,3471,1
28,DEL,3503,1
28,DEL,3551,2
28,DEL,3567,1
28,DEL,3583,1
28,DEL,3599,1
28,DEL,3631,1
28,DEL,3663,1
28,DEL,3679,1
28,DEL,3743,1
28,DEL,3759,1
28,DEL,3807,2
28,DEL,3823,1
28,DEL,3839,1
28,DEL,3871,1
28,DEL,4047,1
28,DEL,4063,1
28,DEL,4127,3
28,DEL,4159,1
28,DEL,4191,2
28,DEL,4223,2
28,DEL,4255,2
28,DEL,4287,1
28,DEL,4319,2
28,DEL,4351,1
28,DEL,4415,1
28,DEL,4447,1
28,DEL,4479,2
28,DEL,4543,1
28,DEL,4575,1
28,DEL,4671,2
28,DEL,4703,1
28,DEL,4767,2
28,DEL,4799,1
28,DEL,4831,2
28,DEL,4863,1
28,DEL,4895,4
28,DEL,4927,2
28,DEL,4959,2
28,DEL,5023,1
28,DEL,5087,2
28,DEL,5119,1
28,DEL,5151,1
28,DEL,5215,1
28,DEL,5279,1
28,DEL,5311,5
28,DEL,5375,2
28,DEL,5407,1
28,DEL,5439,1
28,DEL,5471,3
28,DEL,5503,1
28,DEL,5535,3
28,DEL,5567,1
28,DEL,5599,3
28,DEL,5631,2
28,DEL,5727,3
28,DEL,5759,1
28,DEL,5791,1
28,DEL,5823,3
28,DEL,5855,1
28,DEL,5887,1
28,DEL,5919,3
28,DEL,5951,1
28,DEL,6015,1
28,DEL,6047,1
28,DEL,6079,1
28,DEL,6111,2
28,DEL,6143,2
28,DEL,6207,2
28,DEL,6239,2
28,DEL,6271,1
28,DEL,6303,3
28,DEL,6335,2
28,DEL,6367,1
28,DEL,6431,3
28,DEL,6463,1
28,DEL,6495,1
28,DEL,6527,4
28,DEL,6591,1
28,DEL,6623,1
28,DEL,6655,2
28,DEL,6847,1
28,DEL,6879,3
28,DEL,6943,1
28,DEL,7007,1
28,DEL,7039,1
28,DEL,7071,1
28,DEL,7135,1
28,DEL,7167,2
28,DEL,7295,1
28,DEL,7327,1
28,DEL,7391,1
28,DEL,7423,1
28,DEL,7455,2
28,DEL,7679,1
28,DEL,7711,1
28,DEL,7743,2
28,DEL,7871,1
28,DEL,7967,1
28,DEL,7999,1
28,DEL,8255,1
28,DEL,8383,1
28,DEL,8447,1
28,DEL,8511,1
28,DEL,8575,2
28,DEL,8639,1
28,DEL,8959,2
28,DEL,9087,1
28,DEL,9151,1
28,DEL,9535,2
28,DEL,9855,1
28,DEL,10111,2
28,DEL,10431,1
28,DEL,11071,1
28,DEL,11135,1
28,DEL,25599,1
28,DEL,29823,1
28,DEL,31359,1
28,DEL,34303,1
28,DEL,35071,1
28,DEL,38911,2
28,DEL,39167,1
28,DEL,40191,1
28,DEL,41471,1
28,DEL,41983,1
28,DEL,43007,1
28,DEL,44287,1
28,DEL,46335,1
28,DEL,48127,1
28,DEL,48383,1
28,DEL,49151,1
28,DEL,49663,1
28,DEL,50431,1
28,DEL,52479,1
28,DEL,52735,1
28,DEL,53247,1
28,DEL,53503,1
28,DEL,55039,1
28,DEL,55295,1
28,DEL,55807,1
28,DEL,56319,1
28,DEL,56831,1
28,DEL,57599,1
28,DEL,58367,1
28,DEL,58623,2
28,DEL,59135,1
28,DEL,59391,1
28,DEL,59647,2
28,DEL,59903,2
28,DEL,60159,1
28,DEL,60415,2
28,DEL,60671,1
28,DEL,60927,2
28,DEL,61439,3
28,DEL,61951,6
28,DEL,62207,1
28,DEL,62463,2
28,DEL,62719,1
28,DEL,62975,2
28,DEL,63231,3
28,DEL,63487,2
28,DEL,63743,1
28,DEL,63999,5
28,DEL,64255,3
28,DEL,64511,4
28,DEL,64767,3
28,DEL,65023,7
28,DEL,65279,3
28,DEL,65535,5
28,DEL,66047,12
28,DEL,66559,9
28,DEL,67071,13
28,DEL,67583,9
28,DEL,68095,7
28,DEL,68607,9
28,DEL,69119,8
28,DEL,69631,13
28,DEL,70143,5
28,DEL,70655,7
28,DEL,71167,9
28,DEL,71679,7
28,DEL,72191,13
28,DEL,72703,8
28,DEL,73215,9
28,DEL,73727,4
28,DEL,74239,2
28,DEL,74751,10
28,DEL,75263,4
28,DEL,75775,5
28,DEL,76287,7
28,DEL,76799,2
28,DEL,77823,5
28,DEL,78335,4
28,DEL,78847,4
28,DEL,79359,2
28,DEL,79871,2
28,DEL,80383,3
28,DEL,81407,2
28,DEL,82431,1
28,DEL,83967,1
28,DEL,84991,1
28,DEL,87039,1
28,DEL,92671,1
28,SET,149,1
28,SET,161,1
28,SET,179,1
28,SET,181,1
28,SET,182,2
28,SET,183,1
28,SET,185,1
28,SET,207,1
28,SET,208,1
28,SET,210,2
28,SET,215,1
28,SET,219,1
28,SET,226,1
28,SET,231,1
28,SET,239,1
28,SET,243,2
28,SET,257,2
28,SET,263,1
28,SET,313,1
28,SET,315,1
28,SET,325,1
28,SET,387,1
28,SET,391,1
28,SET,445,1
28,SET,461,1
28,SET,503,1
28,SET,527,1
28,SET,539,1
28,SET,543,1
28,SET,547,1
28,SET,563,1
28,SET,619,2
28,SET,655,1
28,SET,675,1
28,SET,731,1
28,SET,751,1
28,SET,823,1
28,SET,887,1
28,SET,899,1
28,SET,923,1
28,SET,955,1
28,SET,1039,2
28,SET,1103,2
28,SET,1111,1
28,SET,1119,1
28,SET,1183,1
28,SET,1199,1
28,SET,1231,3
28,SET,1239,1
28,SET,1279,1
28,SET,1287,1
28,SET,1359,1
28,SET,1367,1
28,SET,1423,2
28,SET,1431,1
28,SET,1439,1
28,SET,1463,2
28,SET,1471,1
28,SET,1479,1
28,SET,1511,2
28,SET,1559,1
28,SET,1583,1
28,SET,1655,1
28,SET,1679,1
28,SET,1775,1
28,SET,1839,1
28,SET,1887,1
28,SET,1935,1
28,SET,1943,1
28,SET,1999,1
28,SET,2007,1
28,SET,2015,1
28,SET,2223,1
28,SET,2335,1
28,SET,2351,1
28,SET,2367,1
28,SET,2447,1
28,SET,2495,1
28,SET,2575,1
28,SET,2687,1
28,SET,2751,2
28,SET,2815,2
28,SET,2847,1
28,SET,2863,1
28,SET,2879,1
28,SET,2927,1
28,SET,2959,1
28,SET,2991,2
28,SET,3007,2
28,SET,3055,1
28,SET,3071,1
28,SET,3135,1
28,SET,3183,1
28,SET,3199,2
28,SET,3215,1
28,SET,3311,1
28,SET,3327,1
28,SET,3423,1
28,SET,3439,1
28,SET,3551,1
28,SET,3567,1
28,SET,3599,1
28,SET,3711,1
28,SET,3791,1
28,SET,3807,2
28,SET,3839,2
28,SET,3855,1
28,SET,3871,1
28,SET,3935,1
28,SET,3951,1
28,SET,4015,1
28,SET,4063,1
28,SET,4079,1
28,SET,4127,3
28,SET,4255,1
28,SET,4319,1
28,SET,4351,1
28,SET,4383,2
28,SET,4543,1
28,SET,4575,2
28,SET,4703,2
28,SET,4767,2
28,SET,4831,3
28,SET,4895,1
28,SET,4927,2
28,SET,4959,1
28,SET,5279,1
28,SET,5343,1
28,SET,5375,1
28,SET,5759,1
28,SET,5983,3
28,SET,6047,1
28,SET,6143,1
28,SET,6239,1
28,SET,6271,1
28,SET,6655,1
28,SET,7807,1
28,SET,9599,1
29,SET,159,1
29,SET,170,1
29,SET,173,1
29,SET,174,1
29,SET,179,1
29,SET,191,1
29,SET,201,1
29,SET,212,1
29,SET,218,1
29,SET,224,1
29,SET,229,1
29,SET,232,1
29,SET,233,1
29,SET,271,1
29,SET,273,1
29,SET,275,1
29,SET,387,1
29,SET,425,1
29,SET,429,1
29,SET,453,1
29,SET,499,1
29,SET,523,1
29,SET,527,1
29,SET,647,1
29,SET,719,1
29,SET,723,1
29,SET,763,1
29,SET,791,1
29,SET,803,1
29,SET,823,1
29,SET,847,1
29,SET,895,1
29,SET,935,1
29,SET,947,1
29,SET,975,1
29,SET,1031,1
29,SET,1111,1
29,SET,1167,1
29,SET,1175,1
29,SET,1215,2
29,SET,1319,1
29,SET,1359,1
29,SET,1375,1
29,SET,1543,1
29,SET,1567,1
29,SET,1583,1
29,SET,1591,1
29,SET,1639,1
29,SET,1647,1
29,SET,1663,1
29,SET,1687,1
29,SET,1711,1
29,SET,1743,1
29,SET,1751,1
29,SET,1791,1
29,SET,1815,1
29,SET,1855,1
29,SET,1919,1
29,SET,2143,1
29,SET,2175,2
29,SET,2239,1
29,SET,2303,2
29,SET,2463,1
29,SET,2495,1
29,SET,2559,1
29,SET,2591,2
29,SET,2607,1
29,SET,2655,1
29,SET,2719,1
29,SET,2815,1
29,SET,2863,1
29,SET,2959,1
29,SET,3007,1
29,SET,3055,1
29,SET,3103,1
29,SET,3135,1
29,SET,3183,1
29,SET,3199,1
29,SET,3327,1
29,SET,3375,1
29,SET,3455,1
29,SET,3519,1
29,SET,3631,1
29,SET,3695,1
29,SET,3871,2
29,SET,3903,1
29,SET,3919,1
29,SET,3967,2
29,SET,3983,1
29,SET,4127,1
29,SET,4159,2
29,SET,4223,1
29,SET,4255,2
29,SET,4319,3
29,SET,4415,1
29,SET,4479,2
29,SET,4575,1
29,SET,4607,1
29,SET,4639,1
29,SET,4671,1
29,SET,4703,1
29,SET,4799,1
29,SET,4927,1
29,SET,5055,1
29,SET,5119,1
29,SET,5311,1
29,SET,5503,1
29,SET,5535,1
29,SET,5983,1
29,SET,6111,2
29,SET,6207,1
29,SET,6431,2
29,SET,6687,1
29,SET,6943,2
29,SET,7263,1
29,SET,7551,1
29,SET,7583,1
29,DEL,109,1
29,DEL,140,1
29,DEL,148,1
29,DEL,149,1
29,DEL,153,1
29,DEL,159,1
29,DEL,160,2
29,DEL,161,1
29,DEL,166,2
29,DEL,167,1
29,DEL,169,1
29,DEL,175,2
29,DEL,176,2
29,DEL,178,3
29,DEL,179,1
29,DEL,180,1
29,DEL,181,1
29,DEL,184,1
29,DEL,185,4
29,DEL,189,2
29,DEL,190,4
29,DEL,191,2
29,DEL,194,3
29,DEL,195,1
29,DEL,199,2
29,DEL,200,2
29,DEL,201,2
29,DEL,203,1
29,DEL,204,2
29,DEL,206,2
29,DEL,207,3
29,DEL,208,1
29,DEL,209,1
29,DEL,211,3
29,DEL,212,2
29,DEL,213,3
29,DEL,215,1
29,DEL,216,1
29,DEL,217,1
29,DEL,218,1
29,DEL,219,1
29,DEL,221,1
29,DEL,222,1
29,DEL,223,1
29,DEL,224,2
29,DEL,226,1
29,DEL,227,2
29,DEL,233,1
29,DEL,235,2
29,DEL,236,2
29,DEL,240,2
29,DEL,241,2
29,DEL,242,1
29,DEL,243,1
29,DEL,263,1
29,DEL,265,1
29,DEL,267,1
29,DEL,275,2
29,DEL,279,2
29,DEL,287,1
29,DEL,289,1
29,DEL,297,1
29,DEL,299,1
29,DEL,301,1
29,DEL,303,3
29,DEL,305,2
29,DEL,313,1
29,DEL,315,1
29,DEL,335,1
29,DEL,343,1
29,DEL,353,1
29,DEL,365,1
29,DEL,391,1
29,DEL,397,1
29,DEL,399,1
29,DEL,403,1
29,DEL,423,2
29,DEL,429,1
29,DEL,441,1
29,DEL,459,1
29,DEL,467,1
29,DEL,469,1
29,DEL,473,1
29,DEL,477,1
29,DEL,481,1
29,DEL,485,1
29,DEL,503,1
29,DEL,507,1
29,DEL,509,1
29,DEL,519,2
29,DEL,531,1
29,DEL,543,2
29,DEL,547,3
29,DEL,559,1
29,DEL,567,1
29,DEL,571,2
29,DEL,575,1
29,DEL,579,1
29,DEL,583,1
29,DEL,591,1
29,DEL,599,1
29,DEL,603,1
29,DEL,611,1
29,DEL,639,2
29,DEL,651,3
29,DEL,655,1
29,DEL,659,1
29,DEL,663,1
29,DEL,667,1
29,DEL,675,1
29,DEL,687,1
29,DEL,703,2
29,DEL,707,1
29,DEL,719,1
29,DEL,727,2
29,DEL,731,1
29,DEL,743,1
29,DEL,747,2
29,DEL,755,1
29,DEL,759,1
29,DEL,763,1
29,DEL,767,2
29,DEL,771,2
29,DEL,787,1
29,DEL,795,2
29,DEL,799,1
29,DEL,803,1
29,DEL,815,2
29,DEL,835,1
29,DEL,843,1
29,DEL,851,1
29,DEL,855,2
29,DEL,863,1
29,DEL,867,1
29,DEL,875,1
29,DEL,879,1
29,DEL,887,1
29,DEL,911,1
29,DEL,915,1
29,DEL,947,1
29,DEL,967,1
29,DEL,971,1
29,DEL,979,1
29,DEL,983,1
29,DEL,987,1
29,DEL,1007,1
29,DEL,1011,1
29,DEL,1031,2
29,DEL,1039,1
29,DEL,1047,2
29,DEL,1071,3
29,DEL,1079,2
29,DEL,1087,1
29,DEL,1095,1
29,DEL,1103,1
29,DEL,1119,1
29,DEL,1135,1
29,DEL,1143,1
29,DEL,1151,1
29,DEL,1167,1
29,DEL,1175,2
29,DEL,1183,1
29,DEL,1191,4
29,DEL,1207,2
29,DEL,1223,1
29,DEL,1231,2
29,DEL,1247,1
29,DEL,1255,2
29,DEL,1263,2
29,DEL,1271,1
29,DEL,1279,1
29,DEL,1303,1
29,DEL,1327,2
29,DEL,1343,1
29,DEL,1359,1
29,DEL,1367,1
29,DEL,1399,1
29,DEL,1423,1
29,DEL,1439,1
29,DEL,1447,1
29,DEL,1455,1
29,DEL,1471,2
29,DEL,1479,2
29,DEL,1495,2
29,DEL,1511,1
29,DEL,1551,1
29,DEL,1575,1
29,DEL,1591,1
29,DEL,1599,2
29,DEL,1615,1
29,DEL,1623,1
29,DEL,1639,1
29,DEL,1647,1
29,DEL,1655,1
29,DEL,1687,1
29,DEL,1703,2
29,DEL,1711,1
29,DEL,1727,1
29,DEL,1735,3
29,DEL,1759,1
29,DEL,1767,1
29,DEL,1783,2
29,DEL,1823,1
29,DEL,1831,1
29,DEL,1847,1
29,DEL,1855,1
29,DEL,1919,1
29,DEL,1983,1
29,DEL,2095,2
29,DEL,2127,2
29,DEL,2143,1
29,DEL,2159,1
29,DEL,2175,1
29,DEL,2319,1
29,DEL,2367,2
29,DEL,2383,1
29,DEL,2399,1
29,DEL,2431,1
29,DEL,2463,1
29,DEL,2495,2
29,DEL,2511,1
29,DEL,2543,1
29,DEL,2591,1
29,DEL,2639,2
29,DEL,2655,1
29,DEL,2703,1
29,DEL,2735,2
29,DEL,2767,1
29,DEL,2799,2
29,DEL,2847,1
29,DEL,2879,1
29,DEL,2927,1
29,DEL,2943,1
29,DEL,2975,1
29,DEL,3023,2
29,DEL,3071,1
29,DEL,3087,1
29,DEL,3135,1
29,DEL,3151,1
29,DEL,3183,1
29,DEL,3215,1
29,DEL,3263,1
29,DEL,3375,1
29,DEL,3391,2
29,DEL,3407,1
29,DEL,3423,2
29,DEL,3439,1
29,DEL,3471,1
29,DEL,3551,1
29,DEL,3567,1
29,DEL,3599,2
29,DEL,3615,1
29,DEL,3631,1
29,DEL,3663,2
29,DEL,3679,3
29,DEL,3711,2
29,DEL,3727,2
29,DEL,3743,1
29,DEL,3791,1
29,DEL,3839,1
29,DEL,3871,1
29,DEL,3919,1
29,DEL,3935,1
29,DEL,4047,1
29,DEL,4063,2
29,DEL,4095,1
29,DEL,4191,3
29,DEL,4223,2
29,DEL,4255,5
29,DEL,4287,2
29,DEL,4319,1
29,DEL,4351,1
29,DEL,4383,1
29,DEL,4415,4
29,DEL,4447,2
29,DEL,4511,1
29,DEL,4639,2
29,DEL,4671,1
29,DEL,4735,1
29,DEL,4767,1
29,DEL,4799,2
29,DEL,4831,2
29,DEL,4863,1
29,DEL,4895,1
29,DEL,4927,1
29,DEL,4959,2
29,DEL,4991,1
29,DEL,5055,2
29,DEL,5087,2
29,DEL,5119,2
29,DEL,5215,1
29,DEL,5279,2
29,DEL,5311,2
29,DEL,5343,2
29,DEL,5375,1
29,DEL,5439,2
29,DEL,5471,3
29,DEL,5503,2
29,DEL,5567,1
29,DEL,5599,2
29,DEL,5631,2
29,DEL,5695,1
29,DEL,5759,1
29,DEL,5791,2
29,DEL,5823,1
29,DEL,5855,3
29,DEL,5887,1
29,DEL,5919,1
29,DEL,5951,2
29,DEL,5983,1
29,DEL,6015,1
29,DEL,6047,2
29,DEL,6079,1
29,DEL,6111,2
29,DEL,6143,1
29,DEL,6239,2
29,DEL,6303,1
29,DEL,6335,2
29,DEL,6399,2
29,DEL,6431,1
29,DEL,6495,1
29,DEL,6527,1
29,DEL,6559,1
29,DEL,6591,2
29,DEL,6623,1
29,DEL,6655,2
29,DEL,6687,1
29,DEL,6719,1
29,DEL,6751,1
29,DEL,6879,1
29,DEL,7007,1
29,DEL,7039,1
29,DEL,7103,2
29,DEL,7167,1
29,DEL,7199,1
29,DEL,7231,1
29,DEL,7263,1
29,DEL,7327,1
29,DEL,7359,1
29,DEL,7391,1
29,DEL,7423,1
29,DEL,7455,1
29,DEL,7519,1
29,DEL,7743,1
29,DEL,7807,2
29,DEL,7839,1
29,DEL,7871,1
29,DEL,7967,1
29,DEL,8095,2
29,DEL,8127,1
29,DEL,8191,1
29,DEL,8511,1
29,DEL,8639,1
29,DEL,8703,1
29,DEL,8767,1
29,DEL,8831,1
29,DEL,9151,1
29,DEL,9215,1
29,DEL,9279,3
29,DEL,9535,1
29,DEL,9919,1
29,DEL,10111,2
29,DEL,10559,1
29,DEL,10815,1
29,DEL,11647,1
29,DEL,11775,1
29,DEL,12543,1
29,DEL,20351,1
29,DEL,20863,1
29,DEL,21247,1
29,DEL,24575,1
29,DEL,24831,1
29,DEL,25087,2
29,DEL,25599,1
29,DEL,26239,1
29,DEL,26495,1
29,DEL,27263,1
29,DEL,29823,1
29,DEL,31999,1
29,DEL,33023,1
29,DEL,33279,1
29,DEL,34559,1
29,DEL,35071,1
29,DEL,36095,1
29,DEL,36863,1
29,DEL,38911,1
29,DEL,39679,1
29,DEL,39935,1
29,DEL,40703,1
29,DEL,40959,1
29,DEL,43007,1
29,DEL,45055,2
29,DEL,46079,1
29,DEL,47615,1
29,DEL,51199,1
29,DEL,51455,1
29,DEL,53247,1
29,DEL,53503,1
29,DEL,54015,1
29,DEL,55039,1
29,DEL,55551,1
29,DEL,55807,1
29,DEL,57087,3
29,DEL,57343,1
29,DEL,57855,1
29,DEL,58623,1
29,DEL,58879,2
29,DEL,59135,1
29,DEL,59647,2
29,DEL,60159,2
29,DEL,60671,1
29,DEL,60927,1
29,DEL,61183,3
29,DEL,61439,3
29,DEL,61695,3
29,DEL,62207,2
29,DEL,62463,2
29,DEL,62719,2
29,DEL,62975,5
29,DEL,63231,3
29,DEL,63487,2
29,DEL,63743,4
29,DEL,63999,5
29,DEL,64255,3
29,DEL,64511,7
29,DEL,64767,5
29,DEL,65023,3
29,DEL,65279,3
29,DEL,65535,5
29,DEL,66047,10
29,DEL,66559,7
29,DEL,67071,12
29,DEL,67583,7
29,DEL,68095,10
29,DEL,68607,12
29,DEL,69119,4
29,DEL,69631,9
29,DEL,70143,6
29,DEL,70655,7
29,DEL,71167,9
29,DEL,71679,9
29,DEL,72191,14
29,DEL,72703,10
29,DEL,73215,7
29,DEL,73727,4
29,DEL,74239,4
29,DEL,74751,2
29,DEL,75263,4
29,DEL,75775,2
29,DEL,76287,7
29,DEL,76799,7
29,DEL,77311,5
29,DEL,78335,4
29,DEL,78847,1
29,DEL,79359,5
29,DEL,79871,1
29,DEL,80383,2
29,DEL,80895,2
29,DEL,81407,1
29,DEL,81919,1
29,DEL,82431,2
29,DEL,83455,2
29,DEL,84479,1
29,DEL,86015,2
29,DEL,86527,1
29,GET,100,1
29,GET,104,1
29,GET,139,1
29,GET,142,1
29,GET,151,1
29,GET,153,1
29,GET,155,2
29,GET,156,3
29,GET,157,1
29,GET,159,3
29,GET,160,1
29,GET,161,3
29,GET,162,1
29,GET,163,7
29,GET,164,1
29,GET,165,1
29,GET,166,4
29,GET,167,2
29,GET,168,4
29,GET,169,2
29,GET,170,2
29,GET,171,3
29,GET,173,6
29,GET,174,5
29,GET,176,4
29,GET,177,2
29,GET,178,7
29,GET,179,3
29,GET,180,6
29,GET,181,4
29,GET,182,8
29,GET,183,3
29,GET,184,3
29,GET,185,5
29,GET,186,5
29,GET,187,4
29,GET,188,6
29,GET,189,4
29,GET,190,6
29,GET,191,2
29,GET,192,2
29,GET,193,5
29,GET,194,7
29,GET,195,2
29,GET,196,8
29,GET,197,1
29,GET,198,3
29,GET,199,3
29,GET,200,2
29,GET,201,4
29,GET,202,5
29,GET,203,3
29,GET,204,7
29,GET,205,1
29,GET,206,3
29,GET,207,4
29,GET,208,2
29,GET,209,6
29,GET,210,4
29,GET,211,3
29,GET,212,3
29,GET,213,2
29,GET,216,1
29,GET,217,3
29,GET,218,1
29,GET,219,4
29,GET,220,3
29,GET,221,3
29,GET,222,2
29,GET,223,1
29,GET,224,5
29,GET,226,3
29,GET,227,1
29,GET,229,1
29,GET,231,2
29,GET,232,2
29,GET,233,4
29,GET,234,1
29,GET,235,1
29,GET,236,1
29,GET,237,5
29,GET,238,1
29,GET,239,2
29,GET,240,2
29,GET,242,2
29,GET,243,1
29,GET,244,2
29,GET,245,1
29,GET,249,1
29,GET,251,1
29,GET,253,3
29,GET,254,2
29,GET,257,3
29,GET,259,2
29,GET,261,1
29,GET,263,1
29,GET,267,2
29,GET,269,4
29,GET,271,4
29,GET,273,2
29,GET,275,1
29,GET,277,1
29,GET,283,3
29,GET,285,2
29,GET,291,2
29,GET,293,1
29,GET,295,1
29,GET,299,2
29,GET,301,1
29,GET,303,1
29,GET,307,1
29,GET,309,2
29,GET,311,1
29,GET,313,1
29,GET,317,1
29,GET,321,1
29,GET,327,1
29,GET,339,1
29,GET,341,2
29,GET,343,2
29,GET,351,1
29,GET,353,2
29,GET,357,2
29,GET,363,2
29,GET,373,1
29,GET,377,2
29,GET,381,4
29,GET,383,1
29,GET,389,1
29,GET,391,1
29,GET,393,3
29,GET,397,2
29,GET,401,1
29,GET,405,1
29,GET,409,1
29,GET,411,1
29,GET,413,2
29,GET,415,1
29,GET,419,1
29,GET,421,2
29,GET,423,1
29,GET,431,2
29,GET,433,1
29,GET,439,1
29,GET,449,1
29,GET,451,2
29,GET,453,1
29,GET,461,1
29,GET,467,1
29,GET,469,2
29,GET,473,2
29,GET,479,1
29,GET,481,1
29,GET,483,1
29,GET,489,2
29,GET,493,2
29,GET,495,1
29,GET,503,1
29,GET,509,4
29,GET,511,3
29,GET,515,3
29,GET,519,1
29,GET,523,2
29,GET,527,2
29,GET,531,3
29,GET,535,2
29,GET,539,2
29,GET,543,2
29,GET,547,2
29,GET,551,1
29,GET,555,1
29,GET,559,2
29,GET,563,2
29,GET,567,1
29,GET,571,1
29,GET,575,1
29,GET,579,2
29,GET,583,2
29,GET,591,2
29,GET,595,3
29,GET,599,3
29,GET,603,3
29,GET,607,3
29,GET,611,1
29,GET,615,1
29,GET,619,3
29,GET,623,3
29,GET,627,1
29,GET,631,1
29,GET,635,1
29,GET,651,2
29,GET,659,2
29,GET,663,3
29,GET,667,2
29,GET,675,3
29,GET,679,2
29,GET,687,2
29,GET,691,2
29,GET,695,2
29,GET,699,3
29,GET,703,3
29,GET,707,1
29,GET,711,3
29,GET,715,3
29,GET,719,1
29,GET,723,4
29,GET,727,1
29,GET,731,3
29,GET,735,2
29,GET,739,2
29,GET,743,2
29,GET,747,2
29,GET,751,1
29,GET,763,2
29,GET,767,1
29,GET,771,1
29,GET,775,2
29,GET,779,1
29,GET,783,1
29,GET,787,3
29,GET,795,3
29,GET,799,1
29,GET,803,2
29,GET,807,2
29,GET,811,3
29,GET,815,4
29,GET,819,5
29,GET,823,3
29,GET,827,4
29,GET,835,1
29,GET,839,1
29,GET,843,3
29,GET,847,1
29,GET,851,3
29,GET,855,1
29,GET,859,1
29,GET,863,1
29,GET,867,3
29,GET,871,1
29,GET,875,1
29,GET,879,2
29,GET,883,3
29,GET,887,2
29,GET,891,1
29,GET,895,2
29,GET,899,2
29,GET,903,3
29,GET,907,3
29,GET,911,2
29,GET,915,5
29,GET,919,2
29,GET,923,7
29,GET,927,1
29,GET,935,2
29,GET,939,2
29,GET,951,2
29,GET,955,1
29,GET,959,1
29,GET,967,2
29,GET,971,2
29,GET,975,1
29,GET,979,2
29,GET,983,2
29,GET,987,4
29,GET,991,2
29,GET,995,2
29,GET,999,1
29,GET,1003,1
29,GET,1007,1
29,GET,1011,1
29,GET,1015,1
29,GET,1023,3
29,GET,1031,2
29,GET,1039,2
29,GET,1055,1
29,GET,1063,7
29,GET,1071,2
29,GET,1079,1
29,GET,1087,5
29,GET,1095,2
29,GET,1103,5
29,GET,1111,2
29,GET,1119,2
29,GET,1127,2
29,GET,1135,1
29,GET,1143,4
29,GET,1151,2
29,GET,1167,3
29,GET,1175,1
29,GET,1183,1
29,GET,1191,2
29,GET,1207,2
29,GET,1215,4
29,GET,1223,1
29,GET,1231,3
29,GET,1239,4
29,GET,1247,2
29,GET,1255,3
29,GET,1263,2
29,GET,1271,4
29,GET,1279,6
29,GET,1287,3
29,GET,1295,3
29,GET,1311,3
29,GET,1319,7
29,GET,1327,3
29,GET,1335,4
29,GET,1343,3
29,GET,1351,3
29,GET,1359,3
29,GET,1367,3
29,GET,1375,4
29,GET,1383,5
29,GET,1399,7
29,GET,1407,6
29,GET,1415,5
29,GET,1423,6
29,GET,1431,3
29,GET,1439,6
29,GET,1447,4
29,GET,1455,7
29,GET,1463,5
29,GET,1471,3
29,GET,1479,6
29,GET,1487,5
29,GET,1495,6
29,GET,1503,6
29,GET,1511,9
29,GET,1519,2
29,GET,1527,10
29,GET,1535,5
29,GET,1543,3
29,GET,1551,4
29,GET,1559,3
29,GET,1567,6
29,GET,1575,1
29,GET,1583,3
29,GET,1591,6
29,GET,1599,4
29,GET,1607,2
29,GET,1615,4
29,GET,1623,1
29,GET,1631,4
29,GET,1639,2
29,GET,1647,5
29,GET,1655,4
29,GET,1663,3
29,GET,1671,6
29,GET,1679,1
29,GET,1687,2
29,GET,1703,5
29,GET,1711,3
29,GET,1719,4
29,GET,1727,4
29,GET,1735,3
29,GET,1743,6
29,GET,1751,3
29,GET,1759,1
29,GET,1767,4
29,GET,1775,1
29,GET,1783,2
29,GET,1791,4
29,GET,1799,2
29,GET,1807,6
29,GET,1815,7
29,GET,1823,3
29,GET,1831,4
29,GET,1839,4
29,GET,1847,5
29,GET,1855,1
29,GET,1863,2
29,GET,1871,2
29,GET,1879,2
29,GET,1887,3
29,GET,1895,2
29,GET,1903,1
29,GET,1911,2
29,GET,1919,1
29,GET,1935,3
29,GET,1943,3
29,GET,1951,4
29,GET,1959,1
29,GET,1967,1
29,GET,1975,1
29,GET,1983,1
29,GET,1991,2
29,GET,1999,2
29,GET,2007,1
29,GET,2023,3
29,GET,2031,3
29,GET,2039,1
29,GET,2047,5
29,GET,2063,3
29,GET,2079,7
29,GET,2095,8
29,GET,2111,5
29,GET,2127,5
29,GET,2143,6
29,GET,2159,3
29,GET,2175,5
29,GET,2191,2
29,GET,2207,2
29,GET,2223,5
29,GET,2239,2
29,GET,2255,5
29,GET,2271,4
29,GET,2287,10
29,GET,2303,3
29,GET,2319,7
29,GET,2335,7
29,GET,2351,7
29,GET,2367,5
29,GET,2383,3
29,GET,2399,5
29,GET,2415,5
29,GET,2431,5
29,GET,2447,3
29,GET,2463,4
29,GET,2479,6
29,GET,2495,4
29,GET,2511,4
29,GET,2527,4
29,GET,2543,4
29,GET,2559,9
29,GET,2591,7
29,GET,2607,5
29,GET,2623,3
29,GET,2639,2
29,GET,2655,8
29,GET,2671,7
29,GET,2687,3
29,GET,2703,3
29,GET,2719,8
29,GET,2735,5
29,GET,2751,5
29,GET,2767,6
29,GET,2783,3
29,GET,2799,5
29,GET,2815,5
29,GET,2831,7
29,GET,2847,5
29,GET,2863,1
29,GET,2879,3
29,GET,2895,5
29,GET,2911,13
29,GET,2927,4
29,GET,2943,8
29,GET,2959,3
29,GET,2975,7
29,GET,2991,2
29,GET,3007,5
29,GET,3023,11
29,GET,3039,5
29,GET,3055,4
29,GET,3071,13
29,GET,3087,4
29,GET,3103,5
29,GET,3119,9
29,GET,3135,8
29,GET,3151,3
29,GET,3167,6
29,GET,3183,4
29,GET,3199,6
29,GET,3215,7
29,GET,3231,8
29,GET,3247,5
29,GET,3263,5
29,GET,3279,10
29,GET,3295,9
29,GET,3311,4
29,GET,3327,3
29,GET,3343,5
29,GET,3359,2
29,GET,3375,6
29,GET,3391,7
29,GET,3407,3
29,GET,3423,4
29,GET,3439,4
29,GET,3455,7
29,GET,3471,9
29,GET,3487,6
29,GET,3503,7
29,GET,3519,4
29,GET,3535,7
29,GET,3551,5
29,GET,3567,7
29,GET,3583,6
29,GET,3599,7
29,GET,3615,7
29,GET,3631,7
29,GET,3647,4
29,GET,3663,7
29,GET,3679,5
29,GET,3695,2
29,GET,3711,3
29,GET,3727,5
29,GET,3743,4
29,GET,3759,7
29,GET,3775,4
29,GET,3791,12
29,GET,3807,9
29,GET,3823,5
29,GET,3839,6
29,GET,3855,2
29,GET,3871,4
29,GET,3887,7
29,GET,3903,5
29,GET,3919,5
29,GET,3935,2
29,GET,3951,4
29,GET,3967,5
29,GET,3983,6
29,GET,3999,5
29,GET,4015,8
29,GET,4031,6
29,GET,4047,1
29,GET,4063,3
29,GET,4079,4
29,GET,4095,6
29,GET,4127,11
29,GET,4159,8
29,GET,4191,12
29,GET,4223,8
29,GET,4255,12
29,GET,4287,6
29,GET,4319,14
29,GET,4351,8
29,GET,4383,8
29,GET,4415,6
29,GET,4447,8
29,GET,4479,11
29,GET,4511,10
29,GET,4543,11
29,GET,4575,4
29,GET,4607,11
29,GET,4639,8
29,GET,4671,9
29,GET,4703,5
29,GET,4735,11
29,GET,4767,7
29,GET,4799,16
29,GET,4831,5
29,GET,4863,8
29,GET,4895,9
29,GET,4927,6
29,GET,4959,8
29,GET,4991,5
29,GET,5023,14
29,GET,5055,5
29,GET,5087,2
29,GET,5119,5
29,GET,5151,7
29,GET,5183,3
29,GET,5215,7
29,GET,5247,4
29,GET,5279,5
29,GET,5311,3
29,GET,5343,7
29,GET,5375,5
29,GET,5407,6
29,GET,5439,4
29,GET,5471,5
29,GET,5503,4
29,GET,5535,7
29,GET,5567,4
29,GET,5599,6
29,GET,5631,4
29,GET,5663,6
29,GET,5695,3
29,GET,5727,4
29,GET,5759,5
29,GET,5791,4
29,GET,5823,6
29,GET,5855,1
29,GET,5919,3
29,GET,5951,5
29,GET,5983,5
29,GET,6015,1
29,GET,6047,1
29,GET,6079,2
29,GET,6111,2
29,GET,6143,4
29,GET,6175,1
29,GET,6207,2
29,GET,6239,3
29,GET,6303,3
29,GET,6335,3
29,GET,6367,2
29,GET,6399,1
29,GET,6431,3
29,GET,6495,4
29,GET,6527,2
29,GET,6559,2
29,GET,6591,1
29,GET,6623,3
29,GET,6687,1
29,GET,6783,2
29,GET,6815,4
29,GET,6847,1
29,GET,6879,2
29,GET,6943,3
29,GET,7007,4
29,GET,7039,1
29,GET,7071,1
29,GET,7135,3
29,GET,7199,1
29,GET,7263,1
29,GET,7295,1
29,GET,7359,2
29,GET,7391,1
29,GET,7487,2
29,GET,7519,1
29,GET,7551,1
29,GET,7743,1
29,GET,7775,1
29,GET,7839,1
29,GET,7999,1
29,GET,8031,1
29,GET,8063,1
29,GET,8095,1
29,GET,8159,2
29,GET,8255,2
29,GET,8575,1
29,GET,8831,1
29,GET,8959,1
29,GET,9023,1
29,GET,9535,1
29,GET,10367,1
29,GET,10495,1
29,GET,11199,1
30,DEL,121,1
30,DEL,145,1
30,DEL,155,1
30,DEL,159,2
30,DEL,163,2
30,DEL,164,1
30,DEL,165,1
30,DEL,167,1
30,DEL,170,1
30,DEL,171,2
30,DEL,172,1
30,DEL,174,1
30,DEL,176,1
30,DEL,177,3
30,DEL,178,2
30,DEL,179,1
30,DEL,181,2
30,DEL,182,3
30,DEL,184,1
30,DEL,185,2
30,DEL,186,2
30,DEL,188,1
30,DEL,190,1
30,DEL,191,2
30,DEL,192,1
30,DEL,193,2
30,DEL,194,2
30,DEL,197,1
30,DEL,198,1
30,DEL,199,1
30,DEL,200,2
30,DEL,201,2
30,DEL,202,2
30,DEL,203,5
30,DEL,204,1
30,DEL,205,1
30,DEL,206,1
30,DEL,207,1
30,DEL,208,1
30,DEL,209,2
30,DEL,212,1
30,DEL,213,1
30,DEL,215,3
30,DEL,216,2
30,DEL,222,2
30,DEL,223,3
30,DEL,225,2
30,DEL,226,1
30,DEL,227,1
30,DEL,229,1
30,DEL,232,1
30,DEL,233,1
30,DEL,237,1
30,DEL,240,1
30,DEL,242,2
30,DEL,243,1
30,DEL,244,1
30,DEL,247,2
30,DEL,249,1
30,DEL,250,1
30,DEL,254,2
30,DEL,255,1
30,DEL,257,2
30,DEL,259,1
30,DEL,267,2
30,DEL,269,1
30,DEL,271,1
30,DEL,275,1
30,DEL,279,1
30,DEL,305,2
30,DEL,313,1
30,DEL,315,2
30,DEL,319,1
30,DEL,321,1
30,DEL,327,1
30,DEL,331,1
30,DEL,337,1
30,DEL,349,1
30,DEL,357,1
30,DEL,365,1
30,DEL,409,1
30,DEL,413,1
30,DEL,415,1
30,DEL,417,1
30,DEL,423,1
30,DEL,429,1
30,DEL,433,2
30,DEL,441,1
30,DEL,443,1
30,DEL,455,1
30,DEL,459,1
30,DEL,461,1
30,DEL,463,1
30,DEL,469,1
30,DEL,481,1
30,DEL,485,1
30,DEL,515,1
30,DEL,535,1
30,DEL,547,1
30,DEL,559,1
30,DEL,563,1
30,DEL,567,1
30,DEL,579,1
30,DEL,587,1
30,DEL,591,1
30,DEL,607,1
30,DEL,611,1
30,DEL,623,1
30,DEL,627,2
30,DEL,639,2
30,DEL,651,2
30,DEL,659,1
30,DEL,675,1
30,DEL,679,1
30,DEL,687,3
30,DEL,699,1
30,DEL,703,1
30,DEL,711,1
30,DEL,719,1
30,DEL,731,1
30,DEL,739,1
30,DEL,747,2
30,DEL,763,1
30,DEL,775,1
30,DEL,787,1
30,DEL,799,1
30,DEL,803,1
30,DEL,807,2
30,DEL,815,1
30,DEL,819,1
30,DEL,827,3
30,DEL,839,1
30,DEL,843,1
30,DEL,847,1
30,DEL,863,1
30,DEL,867,1
30,DEL,871,3
30,DEL,875,2
30,DEL,879,1
30,DEL,887,1
30,DEL,907,1
30,DEL,911,2
30,DEL,919,1
30,DEL,931,2
30,DEL,935,1
30,DEL,943,1
30,DEL,947,2
30,DEL,959,1
30,DEL,963,1
30,DEL,983,3
30,DEL,987,1
30,DEL,991,1
30,DEL,999,1
30,DEL,1007,1
30,DEL,1015,1
30,DEL,1031,4
30,DEL,1039,3
30,DEL,1079,1
30,DEL,1087,1
30,DEL,1095,3
30,DEL,1111,1
30,DEL,1127,1
30,DEL,1143,1
30,DEL,1151,2
30,DEL,1167,3
30,DEL,1175,1
30,DEL,1191,1
30,DEL,1207,1
30,DEL,1215,2
30,DEL,1223,1
30,DEL,1231,2
30,DEL,1239,1
30,DEL,1247,1
30,DEL,1255,2
30,DEL,1263,1
30,DEL,1271,2
30,DEL,1279,2
30,DEL,1295,5
30,DEL,1303,1
30,DEL,1311,2
30,DEL,1319,1
30,DEL,1343,2
30,DEL,1359,2
30,DEL,1375,1
30,DEL,1383,2
30,DEL,1391,1
30,DEL,1399,1
30,DEL,1407,2
30,DEL,1415,1
30,DEL,1423,2
30,DEL,1431,1
30,DEL,1447,1
30,DEL,1463,1
30,DEL,1471,1
30,DEL,1551,1
30,DEL,1567,1
30,DEL,1583,2
30,DEL,1591,1
30,DEL,1599,1
30,DEL,1607,1
30,DEL,1639,2
30,DEL,1655,1
30,DEL,1671,1
30,DEL,1719,1
30,DEL,1727,1
30,DEL,1743,2
30,DEL,1791,1
30,DEL,1799,1
30,DEL,1855,1
30,DEL,1871,1
30,DEL,1879,2
30,DEL,1911,1
30,DEL,1967,1
30,DEL,1975,1
30,DEL,1991,2
30,DEL,2031,1
30,DEL,2047,1
30,DEL,2191,2
30,DEL,2223,1
30,DEL,2239,1
30,DEL,2383,1
30,DEL,2399,1
30,DEL,2415,1
30,DEL,2431,1
30,DEL,2527,1
30,DEL,2623,1
30,DEL,2639,1
30,DEL,2767,1
30,DEL,2831,1
30,DEL,2927,2
30,DEL,2943,1
30,DEL,3087,1
30,DEL,3199,2
30,DEL,3231,1
30,DEL,3279,2
30,DEL,3295,1
30,DEL,3455,2
30,DEL,3503,1
30,DEL,3519,1
30,DEL,3567,3
30,DEL,3599,2
30,DEL,3631,2
30,DEL,3663,1
30,DEL,3727,1
30,DEL,3839,2
30,DEL,3871,2
30,DEL,3903,1
30,DEL,3919,2
30,DEL,3983,2
30,DEL,4031,1
30,DEL,4047,1
30,DEL,4079,2
30,DEL,4127,1
30,DEL,4159,2
30,DEL,4223,1
30,DEL,4255,1
30,DEL,4287,2
30,DEL,4319,2
30,DEL,4351,2
30,DEL,4383,1
30,DEL,4415,1
30,DEL,4479,1
30,DEL,4511,3
30,DEL,4543,1
30,DEL,4575,2
30,DEL,4639,1
30,DEL,4671,1
30,DEL,4735,1
30,DEL,4767,1
30,DEL,4831,2
30,DEL,4863,1
30,DEL,4895,1
30,DEL,4927,2
30,DEL,5023,4
30,DEL,5055,1
30,DEL,5087,2
30,DEL,5183,1
30,DEL,5215,2
30,DEL,5247,3
30,DEL,5279,2
30,DEL,5311,2
30,DEL,5343,1
30,DEL,5375,1
30,DEL,5407,3
30,DEL,5471,2
30,DEL,5503,2
30,DEL,5535,2
30,DEL,5599,2
30,DEL,5631,2
30,DEL,5663,2
30,DEL,5759,4
30,DEL,5791,3
30,DEL,5823,1
30,DEL,5887,1
30,DEL,5951,3
30,DEL,6015,2
30,DEL,6047,1
30,DEL,6079,2
30,DEL,6111,1
30,DEL,6143,3
30,DEL,6175,4
30,DEL,6207,2
30,DEL,6239,1
30,DEL,6271,1
30,DEL,6367,1
30,DEL,6399,2
30,DEL,6463,1
30,DEL,6559,1
30,DEL,6623,1
30,DEL,6655,2
30,DEL,6815,2
30,DEL,6847,1
30,DEL,6879,2
30,DEL,7039,1
30,DEL,7071,1
30,DEL,7295,1
30,DEL,7391,1
30,DEL,7455,1
30,DEL,7487,1
30,DEL,7583,1
30,DEL,7615,4
30,DEL,7743,1
30,DEL,7775,1
30,DEL,7839,1
30,DEL,7999,1
30,DEL,8031,1
30,DEL,8063,1
30,DEL,8095,1
30,DEL,8255,3
30,DEL,8319,2
30,DEL,8383,1
30,DEL,8511,2
30,DEL,8575,3
30,DEL,8639,1
30,DEL,8767,4
30,DEL,8895,1
30,DEL,9023,1
30,DEL,9215,1
30,DEL,9343,1
30,DEL,9407,2
30,DEL,9471,1
30,DEL,9535,2
30,DEL,9599,2
30,DEL,9663,2
30,DEL,9919,1
30,DEL,10047,1
30,DEL,10175,2
30,DEL,10303,1
30,DEL,10367,1
30,DEL,10495,1
30,DEL,10623,1
30,DEL,10751,1
30,DEL,10879,1
30,DEL,11327,1
30,DEL,11455,1
30,DEL,13375,1
30,DEL,15359,1
30,DEL,15487,1
30,DEL,15615,1
30,DEL,15679,1
30,DEL,15935,1
30,DEL,17407,1
30,DEL,18687,1
30,DEL,19583,1
30,DEL,19967,1
30,DEL,20863,1
30,DEL,21247,1
30,DEL,24447,1
30,DEL,25087,1
30,DEL,25343,1
30,DEL,27135,1
30,DEL,27775,1
30,DEL,28159,1
30,DEL,28543,1
30,DEL,31871,1
30,DEL,34815,1
30,DEL,37119,1
30,DEL,38655,1
30,DEL,38911,1
30,DEL,40191,2
30,DEL,40703,1
30,DEL,41215,1
30,DEL,42751,1
30,DEL,43263,1
30,DEL,44031,2
30,DEL,44543,1
30,DEL,46079,1
30,DEL,48127,1
30,DEL,50431,1
30,DEL,51711,1
30,DEL,52479,2
30,DEL,52735,1
30,DEL,54527,1
30,DEL,56319,1
30,DEL,56575,1
30,DEL,56831,1
30,DEL,57343,2
30,DEL,57855,1
30,DEL,58367,1
30,DEL,58623,1
30,DEL,59391,1
30,DEL,59903,2
30,DEL,60159,3
30,DEL,60671,1
30,DEL,61439,1
30,DEL,61695,1
30,DEL,61951,2
30,DEL,62207,2
30,DEL,62463,2
30,DEL,62975,1
30,DEL,63231,2
30,DEL,63487,4
30,DEL,63743,6
30,DEL,63999,1
30,DEL,64255,4
30,DEL,64511,3
30,DEL,64767,3
30,DEL,65023,2
30,DEL,65279,3
30,DEL,65535,7
30,DEL,66047,8
30,DEL,66559,9
30,DEL,67071,12
30,DEL,67583,10
30,DEL,68095,6
30,DEL,68607,12
30,DEL,69119,10
30,DEL,69631,7
30,DEL,70143,9
30,DEL,70655,10
30,DEL,71167,12
30,DEL,71679,7
30,DEL,72191,7
30,DEL,72703,8
30,DEL,73215,9
30,DEL,73727,8
30,DEL,74239,7
30,DEL,74751,5
30,DEL,75263,10
30,DEL,75775,3
30,DEL,76287,3
30,DEL,76799,4
30,DEL,77311,4
30,DEL,77823,2
30,DEL,78335,5
30,DEL,78847,6
30,DEL,79359,2
30,DEL,79871,8
30,DEL,80895,1
30,DEL,81407,3
30,DEL,81919,1
30,DEL,83967,1
30,GET,101,1
30,GET,115,1
30,GET,125,1
30,GET,128,1
30,GET,135,2
30,GET,136,1
30,GET,137,1
30,GET,138,1
30,GET,146,1
30,GET,147,2
30,GET,148,2
30,GET,149,1
30,GET,150,3
30,GET,152,1
30,GET,155,1
30,GET,156,1
30,GET,157,2
30,GET,158,2
30,GET,159,2
30,GET,160,4
30,GET,161,1
30,GET,162,3
30,GET,163,1
30,GET,164,4
30,GET,165,1
30,GET,166,2
30,GET,167,1
30,GET,168,1
30,GET,169,2
30,GET,170,2
30,GET,172,1
30,GET,173,2
30,GET,174,2
30,GET,175,2
30,GET,176,2
30,GET,177,1
30,GET,178,2
30,GET,179,3
30,GET,180,3
30,GET,181,3
30,GET,182,1
30,GET,183,7
30,GET,184,1
30,GET,185,6
30,GET,186,4
30,GET,187,2
30,GET,188,3
30,GET,189,7
30,GET,190,3
30,GET,191,3
30,GET,192,5
30,GET,193,4
30,GET,195,3
30,GET,196,2
30,GET,197,3
30,GET,198,6
30,GET,199,2
30,GET,200,6
30,GET,201,6
30,GET,202,1
30,GET,203,2
30,GET,204,2
30,GET,205,2
30,GET,206,3
30,GET,207,2
30,GET,208,1
30,GET,209,2
30,GET,210,1
30,GET,211,4
30,GET,212,5
30,GET,213,5
30,GET,214,1
30,GET,215,4
30,GET,216,1
30,GET,217,3
30,GET,218,3
30,GET,219,2
30,GET,220,3
30,GET,221,4
30,GET,222,1
30,GET,223,1
30,GET,224,1
30,GET,226,1
30,GET,228,1
30,GET,229,1
30,GET,230,4
30,GET,231,1
30,GET,232,3
30,GET,233,5
30,GET,236,1
30,GET,237,2
30,GET,239,5
30,GET,241,2
30,GET,243,4
30,GET,246,1
30,GET,247,1
30,GET,248,1
30,GET,249,1
30,GET,251,3
30,GET,254,2
30,GET,255,1
30,GET,257,4
30,GET,259,2
30,GET,261,1
30,GET,263,3
30,GET,265,1
30,GET,267,4
30,GET,269,2
30,GET,271,1
30,GET,273,3
30,GET,275,2
30,GET,277,3
30,GET,279,2
30,GET,285,1
30,GET,287,2
30,GET,289,1
30,GET,291,1
30,GET,297,2
30,GET,299,1
30,GET,303,2
30,GET,307,1
30,GET,311,2
30,GET,313,4
30,GET,315,1
30,GET,317,2
30,GET,325,1
30,GET,329,1
30,GET,335,2
30,GET,337,1
30,GET,341,1
30,GET,345,2
30,GET,347,1
30,GET,349,2
30,GET,357,2
30,GET,359,1
30,GET,365,2
30,GET,369,1
30,GET,373,1
30,GET,375,1
30,GET,379,1
30,GET,389,4
30,GET,395,1
30,GET,397,1
30,GET,401,1
30,GET,405,2
30,GET,407,1
30,GET,409,1
30,GET,421,3
30,GET,423,3
30,GET,429,1
30,GET,431,2
30,GET,433,1
30,GET,435,1
30,GET,439,1
30,GET,443,1
30,GET,445,2
30,GET,447,1
30,GET,449,1
30,GET,451,1
30,GET,453,1
30,GET,457,2
30,GET,461,2
30,GET,463,2
30,GET,471,1
30,GET,475,1
30,GET,477,2
30,GET,487,2
30,GET,489,1
30,GET,491,1
30,GET,495,2
30,GET,501,2
30,GET,507,1
30,GET,531,2
30,GET,535,5
30,GET,539,1
30,GET,543,4
30,GET,547,2
30,GET,551,1
30,GET,555,1
30,GET,563,4
30,GET,567,1
30,GET,571,1
30,GET,575,3
30,GET,579,3
30,GET,583,2
30,GET,587,1
30,GET,595,1
30,GET,599,5
30,GET,603,3
30,GET,611,1
30,GET,615,1
30,GET,619,1
30,GET,623,3
30,GET,631,2
30,GET,635,4
30,GET,639,3
30,GET,643,1
30,GET,647,2
30,GET,651,1
30,GET,655,1
30,GET,659,2
30,GET,667,3
30,GET,671,4
30,GET,675,2
30,GET,679,3
30,GET,683,1
30,GET,687,2
30,GET,691,1
30,GET,695,1
30,GET,699,5
30,GET,703,2
30,GET,711,3
30,GET,715,2
30,GET,719,2
30,GET,723,2
30,GET,727,2
30,GET,731,2
30,GET,735,1
30,GET,739,1
30,GET,743,1
30,GET,747,5
30,GET,751,2
30,GET,759,2
30,GET,763,2
30,GET,767,1
30,GET,771,1
30,GET,775,2
30,GET,783,4
30,GET,787,2
30,GET,791,2
30,GET,795,3
30,GET,799,2
30,GET,803,1
30,GET,807,1
30,GET,811,1
30,GET,815,3
30,GET,819,3
30,GET,827,2
30,GET,831,2
30,GET,835,2
30,GET,839,1
30,GET,843,3
30,GET,847,1
30,GET,851,4
30,GET,855,2
30,GET,863,2
30,GET,867,5
30,GET,871,3
30,GET,875,3
30,GET,879,2
30,GET,883,1
30,GET,887,1
30,GET,891,2
30,GET,895,1
30,GET,899,1
30,GET,903,1
30,GET,907,2
30,GET,911,2
30,GET,915,2
30,GET,919,2
30,GET,923,1
30,GET,927,1
30,GET,931,1
30,GET,935,1
30,GET,939,1
30,GET,943,2
30,GET,947,4
30,GET,951,4
30,GET,955,1
30,GET,963,3
30,GET,967,2
30,GET,975,2
30,GET,979,3
30,GET,983,3
30,GET,987,2
30,GET,991,1
30,GET,995,2
30,GET,999,1
30,GET,1003,2
30,GET,1015,3
30,GET,1019,2
30,GET,1023,3
30,GET,1031,2
30,GET,1039,1
30,GET,1055,2
30,GET,1063,1
30,GET,1071,5
30,GET,1079,1
30,GET,1087,1
30,GET,1095,6
30,GET,1103,4
30,GET,1111,5
30,GET,1119,2
30,GET,1127,3
30,GET,1135,1
30,GET,1143,4
30,GET,1151,6
30,GET,1159,6
30,GET,1175,5
30,GET,1183,6
30,GET,1191,1
30,GET,1199,2
30,GET,1207,1
30,GET,1215,3
30,GET,1223,2
30,GET,1231,6
30,GET,1239,2
30,GET,1247,2
30,GET,1255,4
30,GET,1263,2
30,GET,1271,3
30,GET,1279,7
30,GET,1287,2
30,GET,1295,2
30,GET,1303,7
30,GET,1311,2
30,GET,1319,7
30,GET,1327,5
30,GET,1335,4
30,GET,1343,2
30,GET,1351,4
30,GET,1359,3
30,GET,1367,2
30,GET,1375,9
30,GET,1383,4
30,GET,1391,4
30,GET,1399,10
30,GET,1407,3
30,GET,1415,2
30,GET,1423,2
30,GET,1431,3
30,GET,1439,8
30,GET,1447,7
30,GET,1455,4
30,GET,1463,6
30,GET,1479,5
30,GET,1487,5
30,GET,1495,3
30,GET,1503,6
30,GET,1511,4
30,GET,1519,6
30,GET,1527,7
30,GET,1535,3
30,GET,1543,6
30,GET,1551,7
30,GET,1567,4
30,GET,1575,2
30,GET,1583,5
30,GET,1591,8
30,GET,1599,1
30,GET,1607,3
30,GET,1615,5
30,GET,1623,2
30,GET,1631,3
30,GET,1639,6
30,GET,1647,6
30,GET,1655,7
30,GET,1663,3
30,GET,1671,5
30,GET,1679,2
30,GET,1695,4
30,GET,1703,3
30,GET,1711,5
30,GET,1719,3
30,GET,1727,6
30,GET,1735,3
30,GET,1743,3
30,GET,1751,3
30,GET,1759,3
30,GET,1767,2
30,GET,1775,4
30,GET,1783,4
30,GET,1791,1
30,GET,1799,4
30,GET,1807,2
30,GET,1815,2
30,GET,1823,1
30,GET,1831,2
30,GET,1839,4
30,GET,1847,2
30,GET,1855,5
30,GET,1863,1
30,GET,1871,5
30,GET,1879,5
30,GET,1887,3
30,GET,1895,5
30,GET,1903,2
30,GET,1911,2
30,GET,1919,3
30,GET,1927,4
30,GET,1943,2
30,GET,1951,5
30,GET,1967,3
30,GET,1983,1
30,GET,1991,5
30,GET,1999,6
30,GET,2007,3
30,GET,2015,1
30,GET,2023,3
30,GET,2031,1
30,GET,2039,2
30,GET,2047,3
30,GET,2063,6
30,GET,2079,4
30,GET,2095,4
30,GET,2111,6
30,GET,2127,4
30,GET,2143,3
30,GET,2159,3
30,GET,2175,5
30,GET,2191,5
30,GET,2207,4
30,GET,2223,5
30,GET,2239,2
30,GET,2255,3
30,GET,2271,2
30,GET,2287,6
30,GET,2319,2
30,GET,2335,6
30,GET,2351,4
30,GET,2367,3
30,GET,2383,6
30,GET,2399,7
30,GET,2415,4
30,GET,2431,3
30,GET,2447,4
30,GET,2463,2
30,GET,2479,7
30,GET,2495,3
30,GET,2511,5
30,GET,2527,5
30,GET,2543,6
30,GET,2559,7
30,GET,2575,4
30,GET,2591,2
30,GET,2607,4
30,GET,2623,3
30,GET,2639,10
30,GET,2655,2
30,GET,2671,3
30,GET,2687,6
30,GET,2703,1
30,GET,2719,8
30,GET,2735,8
30,GET,2751,6
30,GET,2767,4
30,GET,2783,5
30,GET,2799,5
30,GET,2815,4
30,GET,2831,4
30,GET,2847,3
30,GET,2863,2
30,GET,2879,5
30,GET,2895,4
30,GET,2911,5
30,GET,2927,5
30,GET,2943,6
30,GET,2959,4
30,GET,2975,6
30,GET,2991,4
30,GET,3007,4
30,GET,3023,10
30,GET,3039,5
30,GET,3055,4
30,GET,3071,3
30,GET,3087,8
30,GET,3103,7
30,GET,3119,8
30,GET,3135,8
30,GET,3151,5
30,GET,3167,4
30,GET,3183,5
30,GET,3199,2
30,GET,3215,11
30,GET,3231,4
30,GET,3247,7
30,GET,3263,8
30,GET,3279,7
30,GET,3295,3
30,GET,3311,5
30,GET,3327,6
30,GET,3343,7
30,GET,3359,5
30,GET,3375,8
30,GET,3391,3
30,GET,3407,3
30,GET,3423,6
30,GET,3439,7
30,GET,3455,10
30,GET,3471,9
30,GET,3487,2
30,GET,3503,3
30,GET,3519,6
30,GET,3535,3
30,GET,3551,6
30,GET,3567,8
30,GET,3583,7
30,GET,3599,1
30,GET,3615,5
30,GET,3631,5
30,GET,3647,8
30,GET,3663,10
30,GET,3679,8
30,GET,3695,7
30,GET,3711,6
30,GET,3727,3
30,GET,3743,6
30,GET,3759,7
30,GET,3775,5
30,GET,3791,6
30,GET,3807,4
30,GET,3823,10
30,GET,3839,8
30,GET,3855,3
30,GET,3871,4
30,GET,3887,8
30,GET,3903,5
30,GET,3919,2
30,GET,3935,7
30,GET,3951,4
30,GET,3967,6
30,GET,3983,6
30,GET,3999,11
30,GET,4015,4
30,GET,4031,5
30,GET,4047,8
30,GET,4063,3
30,GET,4079,6
30,GET,4095,7
30,GET,4127,13
30,GET,4159,7
30,GET,4191,8
30,GET,4223,9
30,GET,4255,15
30,GET,4287,10
30,GET,4319,6
30,GET,4351,6
30,GET,4383,7
30,GET,4415,8
30,GET,4447,9
30,GET,4479,7
30,GET,4511,6
30,GET,4543,11
30,GET,4575,13
30,GET,4607,7
30,GET,4639,11
30,GET,4671,4
30,GET,4703,4
30,GET,4735,7
30,GET,4767,8
30,GET,4799,5
30,GET,4831,10
30,GET,4863,9
30,GET,4895,10
30,GET,4927,3
30,GET,4959,8
30,GET,4991,3
30,GET,5023,7
30,GET,5055,6
30,GET,5087,5
30,GET,5119,10
30,GET,5151,6
30,GET,5183,8
30,GET,5215,1
30,GET,5247,7
30,GET,5279,10
30,GET,5311,7
30,GET,5343,2
30,GET,5375,4
30,GET,5407,3
30,GET,5439,5
30,GET,5471,4
30,GET,5503,2
30,GET,5535,4
30,GET,5567,5
30,GET,5599,7
30,GET,5631,4
30,GET,5663,1
30,GET,5695,5
30,GET,5727,3
30,GET,5759,2
30,GET,5791,5
30,GET,5823,2
30,GET,5855,1
30,GET,5887,2
30,GET,5951,1
30,GET,5983,3
30,GET,6015,3
30,GET,6047,4
30,GET,6079,2
30,GET,6111,3
30,GET,6143,2
30,GET,6175,3
30,GET,6207,4
30,GET,6271,4
30,GET,6303,3
30,GET,6335,2
30,GET,6367,4
30,GET,6399,2
30,GET,6431,2
30,GET,6463,2
30,GET,6495,3
30,GET,6527,1
30,GET,6559,2
30,GET,6591,2
30,GET,6687,1
30,GET,6719,3
30,GET,6783,3
30,GET,6815,1
30,GET,6879,4
30,GET,6975,1
30,GET,7007,1
30,GET,7071,1
30,GET,7103,2
30,GET,7135,3
30,GET,7167,3
30,GET,7263,1
30,GET,7295,1
30,GET,7327,3
30,GET,7423,1
30,GET,7487,2
30,GET,7519,1
30,GET,7711,1
30,GET,7775,1
30,GET,7807,1
30,GET,7871,2
30,GET,7903,3
30,GET,7935,1
30,GET,7967,1
30,GET,7999,1
30,GET,8095,1
30,GET,8159,1
30,GET,8191,1
30,GET,8255,1
30,GET,8383,2
30,GET,8511,1
30,GET,8767,1
30,GET,9087,1
30,GET,10111,1
30,GET,11775,1
30,SET,154,1
30,SET,161,1
30,SET,165,1
30,SET,179,3
30,SET,188,1
30,SET,191,1
30,SET,193,1
30,SET,194,1
30,SET,203,1
30,SET,212,2
30,SET,216,1
30,SET,222,1
30,SET,225,1
30,SET,227,1
30,SET,232,1
30,SET,237,1
30,SET,239,1
30,SET,241,1
30,SET,261,1
30,SET,291,1
30,SET,303,1
30,SET,433,1
30,SET,457,1
30,SET,483,1
30,SET,499,1
30,SET,543,2
30,SET,599,1
30,SET,647,1
30,SET,659,1
30,SET,671,1
30,SET,703,1
30,SET,711,1
30,SET,815,1
30,SET,831,1
30,SET,899,1
30,SET,911,1
30,SET,959,1
30,SET,983,1
30,SET,1127,1
30,SET,1159,1
30,SET,1343,1
30,SET,1407,2
30,SET,1463,1
30,SET,1471,1
30,SET,1519,1
30,SET,1535,1
30,SET,1663,1
30,SET,1679,1
30,SET,1703,1
30,SET,1711,1
30,SET,1735,1
30,SET,1767,1
30,SET,1823,1
30,SET,1887,1
30,SET,1911,1
30,SET,1919,1
30,SET,1967,1
30,SET,1999,1
30,SET,2079,1
30,SET,2223,1
30,SET,2239,1
30,SET,2271,1
30,SET,2303,1
30,SET,2367,1
30,SET,2383,1
30,SET,2399,1
30,SET,2543,1
30,SET,2575,1
30,SET,2655,1
30,SET,2719,1
30,SET,2751,1
30,SET,2767,2
30,SET,2799,1
30,SET,2847,2
30,SET,2895,1
30,SET,2943,1
30,SET,2991,2
30,SET,3103,1
30,SET,3135,1
30,SET,3295,1
30,SET,3311,1
30,SET,3327,1
30,SET,3343,1
30,SET,3359,1
30,SET,3391,1
30,SET,3407,1
30,SET,3423,2
30,SET,3439,1
30,SET,3455,1
30,SET,3535,1
30,SET,3551,1
30,SET,3567,1
30,SET,3583,2
30,SET,3599,1
30,SET,3663,1
30,SET,3695,3
30,SET,3823,1
30,SET,3839,1
30,SET,3871,1
30,SET,3887,1
30,SET,3999,1
30,SET,4015,1
30,SET,4095,1
30,SET,4127,2
30,SET,4159,1
30,SET,4191,1
30,SET,4383,2
30,SET,4415,1
30,SET,4511,1
30,SET,4575,1
30,SET,4607,1
30,SET,4735,1
30,SET,4767,1
30,SET,4831,1
30,SET,4927,1
30,SET,5247,1
30,SET,5375,2
30,SET,5471,1
30,SET,5599,2
30,SET,5631,1
30,SET,5663,1
30,SET,5695,1
30,SET,5791,1
30,SET,5823,2
30,SET,5919,1
30,SET,5983,1
30,SET,6047,1
30,SET,6079,2
30,SET,6175,1
30,SET,6239,1
30,SET,6335,1
30,SET,6847,1
31,GET,102,1
31,GET,129,1
31,GET,148,2
31,GET,150,1
31,GET,151,1
31,GET,152,1
31,GET,154,1
31,GET,155,3
31,GET,157,2
31,GET,158,2
31,GET,160,3
31,GET,161,2
31,GET,162,1
31,GET,163,5
31,GET,164,2
31,GET,165,1
31,GET,166,1
31,GET,167,1
31,GET,168,2
31,GET,171,6
31,GET,172,1
31,GET,173,1
31,GET,174,3
31,GET,175,3
31,GET,176,4
31,GET,177,4
31,GET,178,4
31,GET,179,2
31,GET,180,4
31,GET,181,1
31,GET,182,2
31,GET,183,1
31,GET,184,1
31,GET,185,2
31,GET,186,2
31,GET,187,2
31,GET,188,7
31,GET,189,5
31,GET,190,4
31,GET,191,3
31,GET,192,2
31,GET,193,2
31,GET,194,6
31,GET,195,7
31,GET,196,2
31,GET,197,9
31,GET,198,4
31,GET,199,5
31,GET,200,5
31,GET,201,3
31,GET,202,6
31,GET,203,2
31,GET,204,3
31,GET,205,6
31,GET,206,3
31,GET,207,4
31,GET,208,4
31,GET,209,4
31,GET,210,1
31,GET,211,3
31,GET,212,2
31,GET,213,1
31,GET,214,2
31,GET,215,6
31,GET,216,3
31,GET,217,6
31,GET,218,1
31,GET,219,2
31,GET,220,2
31,GET,221,3
31,GET,222,2
31,GET,223,5
31,GET,224,1
31,GET,225,3
31,GET,226,2
31,GET,227,1
31,GET,228,2
31,GET,229,1
31,GET,231,1
31,GET,232,2
31,GET,233,3
31,GET,234,2
31,GET,236,1
31,GET,237,1
31,GET,238,2
31,GET,240,2
31,GET,241,2
31,GET,242,1
31,GET,244,1
31,GET,245,1
31,GET,247,1
31,GET,249,1
31,GET,250,2
31,GET,255,1
31,GET,257,2
31,GET,261,5
31,GET,263,3
31,GET,265,3
31,GET,267,3
31,GET,269,1
31,GET,271,1
31,GET,273,3
31,GET,275,1
31,GET,279,2
31,GET,283,3
31,GET,285,2
31,GET,287,2
31,GET,289,1
31,GET,291,2
31,GET,293,2
31,GET,295,2
31,GET,299,2
31,GET,301,1
31,GET,303,1
31,GET,305,3
31,GET,307,4
31,GET,311,1
31,GET,313,1
31,GET,317,2
31,GET,325,1
31,GET,329,1
31,GET,331,4
31,GET,333,1
31,GET,335,2
31,GET,341,1
31,GET,343,2
31,GET,349,2
31,GET,353,1
31,GET,355,2
31,GET,365,2
31,GET,369,1
31,GET,371,1
31,GET,375,1
31,GET,377,1
31,GET,385,1
31,GET,389,1
31,GET,395,2
31,GET,399,1
31,GET,401,1
31,GET,405,3
31,GET,409,2
31,GET,417,1
31,GET,423,1
31,GET,425,2
31,GET,427,2
31,GET,429,1
31,GET,431,2
31,GET,433,1
31,GET,437,1
31,GET,439,1
31,GET,447,1
31,GET,449,1
31,GET,451,5
31,GET,453,1
31,GET,457,1
31,GET,459,1
31,GET,461,1
31,GET,463,2
31,GET,465,2
31,GET,467,2
31,GET,469,2
31,GET,479,1
31,GET,481,1
31,GET,485,1
31,GET,489,2
31,GET,497,1
31,GET,499,2
31,GET,503,1
31,GET,505,2
31,GET,509,2
31,GET,515,1
31,GET,519,1
31,GET,523,2
31,GET,527,3
31,GET,531,1
31,GET,535,2
31,GET,543,4
31,GET,551,1
31,GET,555,2
31,GET,559,3
31,GET,563,5
31,GET,567,1
31,GET,571,1
31,GET,575,2
31,GET,579,2
31,GET,583,1
31,GET,587,1
31,GET,591,2
31,GET,595,1
31,GET,599,5
31,GET,603,1
31,GET,607,4
31,GET,611,3
31,GET,615,1
31,GET,619,3
31,GET,623,2
31,GET,627,2
31,GET,631,1
31,GET,635,1
31,GET,643,1
31,GET,647,3
31,GET,651,1
31,GET,659,2
31,GET,663,2
31,GET,667,3
31,GET,671,2
31,GET,675,1
31,GET,679,1
31,GET,683,1
31,GET,687,1
31,GET,691,1
31,GET,695,1
31,GET,699,3
31,GET,703,1
31,GET,707,1
31,GET,719,1
31,GET,723,2
31,GET,727,3
31,GET,735,1
31,GET,739,1
31,GET,743,1
31,GET,747,1
31,GET,751,3
31,GET,759,4
31,GET,767,1
31,GET,771,1
31,GET,775,1
31,GET,779,3
31,GET,783,1
31,GET,787,2
31,GET,791,2
31,GET,795,4
31,GET,803,2
31,GET,807,3
31,GET,811,2
31,GET,815,2
31,GET,819,7
31,GET,823,3
31,GET,827,3
31,GET,835,2
31,GET,839,2
31,GET,847,2
31,GET,851,1
31,GET,855,1
31,GET,863,2
31,GET,867,1
31,GET,871,1
31,GET,875,1
31,GET,883,1
31,GET,891,3
31,GET,895,3
31,GET,899,1
31,GET,903,1
31,GET,907,1
31,GET,911,2
31,GET,919,1
31,GET,923,1
31,GET,927,2
31,GET,931,1
31,GET,935,2
31,GET,939,2
31,GET,943,2
31,GET,947,1
31,GET,951,2
31,GET,955,3
31,GET,959,2
31,GET,963,1
31,GET,967,2
31,GET,971,1
31,GET,975,2
31,GET,979,1
31,GET,983,5
31,GET,987,1
31,GET,991,3
31,GET,995,2
31,GET,999,2
31,GET,1003,3
31,GET,1007,1
31,GET,1011,3
31,GET,1015,2
31,GET,1019,4
31,GET,1031,5
31,GET,1039,2
31,GET,1047,6
31,GET,1055,3
31,GET,1063,3
31,GET,1071,3
31,GET,1079,3
31,GET,1087,3
31,GET,1095,6
31,GET,1103,1
31,GET,1111,4
31,GET,1119,1
31,GET,1127,3
31,GET,1135,1
31,GET,1143,2
31,GET,1151,2
31,GET,1159,2
31,GET,1167,2
31,GET,1175,3
31,GET,1183,4
31,GET,1191,4
31,GET,1207,5
31,GET,1215,7
31,GET,1223,3
31,GET,1231,3
31,GET,1239,1
31,GET,1247,4
31,GET,1255,6
31,GET,1263,1
31,GET,1271,4
31,GET,1279,1
31,GET,1287,4
31,GET,1295,2
31,GET,1303,1
31,GET,1311,2
31,GET,1319,2
31,GET,1327,2
31,GET,1343,7
31,GET,1351,3
31,GET,1359,2
31,GET,1367,6
31,GET,1375,3
31,GET,1383,6
31,GET,1391,7
31,GET,1399,6
31,GET,1407,5
31,GET,1415,3
31,GET,1423,8
31,GET,1431,7
31,GET,1439,2
31,GET,1447,2
31,GET,1455,5
31,GET,1463,6
31,GET,1471,2
31,GET,1479,4
31,GET,1487,5
31,GET,1495,4
31,GET,1503,5
31,GET,1511,4
31,GET,1519,10
31,GET,1527,2
31,GET,1535,3
31,GET,1543,4
31,GET,1551,4
31,GET,1559,4
31,GET,1567,4
31,GET,1575,6
31,GET,1583,8
31,GET,1591,4
31,GET,1599,3
31,GET,1607,3
31,GET,1615,2
31,GET,1623,5
31,GET,1631,4
31,GET,1639,4
31,GET,1647,4
31,GET,1655,1
31,GET,1663,2
31,GET,1671,2
31,GET,1679,7
31,GET,1687,5
31,GET,1695,4
31,GET,1703,3
31,GET,1711,4
31,GET,1719,3
31,GET,1727,3
31,GET,1735,3
31,GET,1743,2
31,GET,1751,2
31,GET,1759,4
31,GET,1767,1
31,GET,1775,2
31,GET,1783,3
31,GET,1791,1
31,GET,1799,1
31,GET,1807,4
31,GET,1823,3
31,GET,1831,1
31,GET,1839,4
31,GET,1847,1
31,GET,1855,3
31,GET,1863,2
31,GET,1871,3
31,GET,1879,3
31,GET,1887,5
31,GET,1895,1
31,GET,1903,3
31,GET,1911,4
31,GET,1919,4
31,GET,1927,5
31,GET,1943,1
31,GET,1951,6
31,GET,1959,5
31,GET,1967,2
31,GET,1975,4
31,GET,1983,1
31,GET,1991,3
31,GET,1999,2
31,GET,2007,1
31,GET,2015,4
31,GET,2023,2
31,GET,2031,5
31,GET,2039,1
31,GET,2047,6
31,GET,2063,3
31,GET,2079,3
31,GET,2095,4
31,GET,2111,4
31,GET,2127,3
31,GET,2143,2
31,GET,2159,7
31,GET,2175,2
31,GET,2191,4
31,GET,2207,4
31,GET,2223,1
31,GET,2239,1
31,GET,2255,3
31,GET,2271,7
31,GET,2287,2
31,GET,2303,3
31,GET,2319,7
31,GET,2335,6
31,GET,2351,6
31,GET,2383,6
31,GET,2399,5
31,GET,2415,5
31,GET,2431,1
31,GET,2447,7
31,GET,2463,8
31,GET,2479,3
31,GET,2495,3
31,GET,2511,7
31,GET,2527,2
31,GET,2543,8
31,GET,2559,8
31,GET,2575,3
31,GET,2591,4
31,GET,2607,5
31,GET,2623,6
31,GET,2639,2
31,GET,2655,5
31,GET,2671,6
31,GET,2687,4
31,GET,2703,9
31,GET,2719,8
31,GET,2735,3
31,GET,2751,6
31,GET,2767,4
31,GET,2783,5
31,GET,2799,3
31,GET,2815,4
31,GET,2831,4
31,GET,2847,6
31,GET,2863,7
31,GET,2879,5
31,GET,2895,8
31,GET,2911,5
31,GET,2927,5
31,GET,2943,4
31,GET,2959,6
31,GET,2975,6
31,GET,2991,10
31,GET,3007,8
31,GET,3023,7
31,GET,3039,9
31,GET,3055,5
31,GET,3071,5
31,GET,3087,7
31,GET,3103,5
31,GET,3119,8
31,GET,3135,2
31,GET,3151,6
31,GET,3167,4
31,GET,3183,3
31,GET,3199,6
31,GET,3215,7
31,GET,3231,4
31,GET,3247,8
31,GET,3263,7
31,GET,3279,3
31,GET,3295,3
31,GET,3311,5
31,GET,3327,14
31,GET,3343,5
31,GET,3359,3
31,GET,3375,8
31,GET,3391,4
31,GET,3407,9
31,GET,3423,6
31,GET,3439,3
31,GET,3455,6
31,GET,3471,2
31,GET,3487,7
31,GET,3503,8
31,GET,3519,2
31,GET,3535,5
31,GET,3551,4
31,GET,3567,6
31,GET,3583,3
31,GET,3599,4
31,GET,3615,7
31,GET,3631,6
31,GET,3647,8
31,GET,3663,6
31,GET,3679,6
31,GET,3695,3
31,GET,3711,5
31,GET,3727,2
31,GET,3743,2
31,GET,3759,4
31,GET,3775,4
31,GET,3791,5
31,GET,3807,6
31,GET,3823,8
31,GET,3839,10
31,GET,3855,10
31,GET,3871,7
31,GET,3887,11
31,GET,3903,3
31,GET,3919,7
31,GET,3935,3
31,GET,3951,6
31,GET,3967,4
31,GET,3983,2
31,GET,3999,5
31,GET,4015,6
31,GET,4031,5
31,GET,4047,7
31,GET,4063,4
31,GET,4079,6
31,GET,4095,4
31,GET,4127,10
31,GET,4159,11
31,GET,4191,13
31,GET,4223,10
31,GET,4255,8
31,GET,4287,7
31,GET,4319,9
31,GET,4351,13
31,GET,4383,7
31,GET,4415,18
31,GET,4447,9
31,GET,4479,9
31,GET,4511,7
31,GET,4543,11
31,GET,4575,10
31,GET,4607,11
31,GET,4639,9
31,GET,4671,7
31,GET,4703,6
31,GET,4735,4
31,GET,4767,4
31,GET,4799,8
31,GET,4831,1
31,GET,4863,3
31,GET,4895,11
31,GET,4927,10
31,GET,4959,10
31,GET,4991,5
31,GET,5023,6
31,GET,5055,5
31,GET,5087,5
31,GET,5119,12
31,GET,5151,6
31,GET,5183,10
31,GET,5215,8
31,GET,5247,6
31,GET,5279,4
31,GET,5311,6
31,GET,5343,5
31,GET,5375,7
31,GET,5407,4
31,GET,5471,7
31,GET,5503,5
31,GET,5535,8
31,GET,5567,6
31,GET,5599,2
31,GET,5631,3
31,GET,5663,5
31,GET,5695,4
31,GET,5727,6
31,GET,5759,2
31,GET,5791,5
31,GET,5823,3
31,GET,5855,11
31,GET,5887,2
31,GET,5919,4
31,GET,5951,3
31,GET,5983,4
31,GET,6015,2
31,GET,6047,3
31,GET,6079,2
31,GET,6111,2
31,GET,6143,4
31,GET,6175,1
31,GET,6207,3
31,GET,6239,3
31,GET,6271,1
31,GET,6303,2
31,GET,6335,4
31,GET,6367,1
31,GET,6399,2
31,GET,6431,1
31,GET,6463,2
31,GET,6495,2
31,GET,6527,2
31,GET,6559,3
31,GET,6623,1
31,GET,6719,2
31,GET,6751,1
31,GET,6783,4
31,GET,6847,2
31,GET,6879,2
31,GET,6911,1
31,GET,6943,1
31,GET,6975,4
31,GET,7039,1
31,GET,7071,1
31,GET,7103,3
31,GET,7135,3
31,GET,7167,6
31,GET,7231,1
31,GET,7327,1
31,GET,7359,2
31,GET,7423,1
31,GET,7551,1
31,GET,7615,1
31,GET,7647,1
31,GET,7839,2
31,GET,7871,1
31,GET,7935,2
31,GET,7967,1
31,GET,7999,2
31,GET,8031,1
31,GET,8159,1
31,GET,8255,1
31,GET,8447,1
31,GET,8511,1
31,GET,8703,1
31,GET,8767,1
31,GET,9791,1
31,GET,13503,1
31,DEL,112,1
31,DEL,120,1
31,DEL,137,1
31,DEL,142,1
31,DEL,145,1
31,DEL,147,1
31,DEL,151,1
31,DEL,154,1
31,DEL,157,1
31,DEL,162,1
31,DEL,163,2
31,DEL,165,1
31,DEL,167,1
31,DEL,175,1
31,DEL,177,1
31,DEL,178,1
31,DEL,179,1
31,DEL,180,1
31,DEL,181,2
31,DEL,185,2
31,DEL,186,1
31,DEL,187,1
31,DEL,189,1
31,DEL,190,2
31,DEL,191,2
31,DEL,194,2
31,DEL,195,3
31,DEL,196,1
31,DEL,197,2
31,DEL,198,2
31,DEL,199,1
31,DEL,201,1
31,DEL,202,3
31,DEL,203,1
31,DEL,204,2
31,DEL,205,2
31,DEL,206,1
31,DEL,207,1
31,DEL,208,1
31,DEL,209,3
31,DEL,210,2
31,DEL,212,1
31,DEL,214,4
31,DEL,216,1
31,DEL,218,1
31,DEL,219,2
31,DEL,220,1
31,DEL,222,1
31,DEL,223,1
31,DEL,226,1
31,DEL,227,1
31,DEL,229,1
31,DEL,230,1
31,DEL,232,1
31,DEL,237,2
31,DEL,238,2
31,DEL,241,2
31,DEL,242,2
31,DEL,244,1
31,DEL,249,2
31,DEL,251,2
31,DEL,252,1
31,DEL,255,1
31,DEL,259,2
31,DEL,265,1
31,DEL,267,1
31,DEL,271,1
31,DEL,273,1
31,DEL,277,1
31,DEL,285,3
31,DEL,287,1
31,DEL,293,1
31,DEL,295,1
31,DEL,301,1
31,DEL,305,1
31,DEL,313,2
31,DEL,319,1
31,DEL,323,1
31,DEL,325,1
31,DEL,333,1
31,DEL,337,1
31,DEL,341,1
31,DEL,343,2
31,DEL,363,1
31,DEL,365,1
31,DEL,373,1
31,DEL,389,1
31,DEL,391,1
31,DEL,397,1
31,DEL,401,1
31,DEL,403,2
31,DEL,413,1
31,DEL,433,1
31,DEL,443,2
31,DEL,447,2
31,DEL,451,1
31,DEL,461,1
31,DEL,479,1
31,DEL,485,1
31,DEL,487,1
31,DEL,489,1
31,DEL,495,1
31,DEL,497,1
31,DEL,507,1
31,DEL,511,1
31,DEL,519,2
31,DEL,527,2
31,DEL,535,1
31,DEL,547,2
31,DEL,563,1
31,DEL,567,1
31,DEL,575,1
31,DEL,587,1
31,DEL,603,1
31,DEL,639,1
31,DEL,667,1
31,DEL,671,1
31,DEL,679,1
31,DEL,683,1
31,DEL,687,1
31,DEL,691,1
31,DEL,695,1
31,DEL,703,2
31,DEL,707,1
31,DEL,711,1
31,DEL,719,1
31,DEL,727,1
31,DEL,735,1
31,DEL,743,2
31,DEL,747,1
31,DEL,751,2
31,DEL,771,1
31,DEL,775,2
31,DEL,799,4
31,DEL,803,2
31,DEL,807,1
31,DEL,815,1
31,DEL,819,2
31,DEL,827,1
31,DEL,851,1
31,DEL,867,1
31,DEL,899,3
31,DEL,907,1
31,DEL,927,1
31,DEL,931,1
31,DEL,943,1
31,DEL,955,1
31,DEL,959,1
31,DEL,963,1
31,DEL,967,1
31,DEL,971,1
31,DEL,987,1
31,DEL,991,1
31,DEL,999,2
31,DEL,1007,1
31,DEL,1023,1
31,DEL,1031,1
31,DEL,1055,1
31,DEL,1071,2
31,DEL,1079,1
31,DEL,1087,1
31,DEL,1095,1
31,DEL,1103,1
31,DEL,1111,1
31,DEL,1135,1
31,DEL,1151,2
31,DEL,1167,1
31,DEL,1175,2
31,DEL,1183,2
31,DEL,1191,1
31,DEL,1231,2
31,DEL,1239,2
31,DEL,1255,2
31,DEL,1287,1
31,DEL,1311,1
31,DEL,1327,1
31,DEL,1335,2
31,DEL,1351,2
31,DEL,1359,1
31,DEL,1367,1
31,DEL,1383,1
31,DEL,1399,1
31,DEL,1407,3
31,DEL,1415,1
31,DEL,1431,1
31,DEL,1439,1
31,DEL,1447,1
31,DEL,1455,1
31,DEL,1479,1
31,DEL,1487,2
31,DEL,1511,1
31,DEL,1527,1
31,DEL,1575,2
31,DEL,1599,1
31,DEL,1607,1
31,DEL,1671,2
31,DEL,1695,1
31,DEL,1711,1
31,DEL,1719,1
31,DEL,1727,1
31,DEL,1735,1
31,DEL,1751,1
31,DEL,1783,1
31,DEL,1791,1
31,DEL,1831,1
31,DEL,1863,1
31,DEL,1879,1
31,DEL,1943,1
31,DEL,1951,1
31,DEL,1959,1
31,DEL,2039,1
31,DEL,2063,1
31,DEL,2095,2
31,DEL,2127,2
31,DEL,2175,1
31,DEL,2191,1
31,DEL,2271,1
31,DEL,2287,1
31,DEL,2303,1
31,DEL,2367,1
31,DEL,2431,1
31,DEL,2463,2
31,DEL,2479,1
31,DEL,2527,1
31,DEL,2543,1
31,DEL,2559,2
31,DEL,2687,1
31,DEL,2767,1
31,DEL,2783,1
31,DEL,2799,1
31,DEL,2815,2
31,DEL,2863,1
31,DEL,2879,1
31,DEL,2927,1
31,DEL,2943,1
31,DEL,2991,1
31,DEL,3023,1
31,DEL,3071,1
31,DEL,3119,1
31,DEL,3135,1
31,DEL,3151,2
31,DEL,3183,2
31,DEL,3231,1
31,DEL,3263,2
31,DEL,3279,1
31,DEL,3295,1
31,DEL,3359,1
31,DEL,3391,1
31,DEL,3423,1
31,DEL,3471,2
31,DEL,3487,1
31,DEL,3503,2
31,DEL,3519,1
31,DEL,3535,1
31,DEL,3583,1
31,DEL,3615,1
31,DEL,3631,1
31,DEL,3647,1
31,DEL,3663,1
31,DEL,3711,1
31,DEL,3759,2
31,DEL,3791,1
31,DEL,3807,1
31,DEL,3823,1
31,DEL,3871,3
31,DEL,3887,3
31,DEL,3903,1
31,DEL,3919,1
31,DEL,3935,1
31,DEL,3967,2
31,DEL,3999,1
31,DEL,4079,1
31,DEL,4127,1
31,DEL,4159,3
31,DEL,4223,1
31,DEL,4255,1
31,DEL,4287,1
31,DEL,4351,1
31,DEL,4383,1
31,DEL,4415,2
31,DEL,4447,1
31,DEL,4479,1
31,DEL,4511,4
31,DEL,4543,1
31,DEL,4607,1
31,DEL,4671,2
31,DEL,4703,2
31,DEL,4735,1
31,DEL,4767,1
31,DEL,4799,1
31,DEL,4831,2
31,DEL,4863,2
31,DEL,4895,1
31,DEL,4991,4
31,DEL,5023,1
31,DEL,5055,1
31,DEL,5087,1
31,DEL,5183,2
31,DEL,5215,3
31,DEL,5247,1
31,DEL,5311,1
31,DEL,5343,1
31,DEL,5375,3
31,DEL,5439,1
31,DEL,5471,1
31,DEL,5535,1
31,DEL,5567,1
31,DEL,5599,2
31,DEL,5663,2
31,DEL,5759,2
31,DEL,5823,1
31,DEL,5855,1
31,DEL,5887,1
31,DEL,5919,2
31,DEL,5983,2
31,DEL,6079,2
31,DEL,6111,3
31,DEL,6143,1
31,DEL,6175,1
31,DEL,6239,3
31,DEL,6271,1
31,DEL,6303,1
31,DEL,6335,5
31,DEL,6367,2
31,DEL,6399,1
31,DEL,6463,1
31,DEL,6495,1
31,DEL,6591,1
31,DEL,6655,2
31,DEL,6687,1
31,DEL,6751,1
31,DEL,6783,1
31,DEL,6911,1
31,DEL,6943,1
31,DEL,7039,1
31,DEL,7199,1
31,DEL,7295,1
31,DEL,7327,1
31,DEL,7423,3
31,DEL,7551,1
31,DEL,7679,1
31,DEL,7711,1
31,DEL,7807,1
31,DEL,7871,1
31,DEL,7903,1
31,DEL,7999,1
31,DEL,8063,1
31,DEL,8095,1
31,DEL,8255,3
31,DEL,8319,2
31,DEL,8383,1
31,DEL,8511,1
31,DEL,8575,1
31,DEL,8639,1
31,DEL,8703,2
31,DEL,8767,1
31,DEL,8831,2
31,DEL,8895,1
31,DEL,9151,1
31,DEL,9215,2
31,DEL,9279,1
31,DEL,9407,1
31,DEL,9599,1
31,DEL,10111,1
31,DEL,10239,1
31,DEL,10431,1
31,DEL,10495,1
31,DEL,10879,1
31,DEL,11007,1
31,DEL,11071,1
31,DEL,11135,1
31,DEL,18303,1
31,DEL,19839,1
31,DEL,20479,1
31,DEL,21759,1
31,DEL,22271,1
31,DEL,22655,1
31,DEL,24575,1
31,DEL,25599,1
31,DEL,27007,1
31,DEL,27647,1
31,DEL,29695,1
31,DEL,29951,2
31,DEL,30975,1
31,DEL,35327,1
31,DEL,36607,1
31,DEL,37631,1
31,DEL,37887,1
31,DEL,39679,1
31,DEL,40703,1
31,DEL,41983,1
31,DEL,42239,1
31,DEL,42751,1
31,DEL,44031,1
31,DEL,44543,1
31,DEL,46079,1
31,DEL,48639,1
31,DEL,49919,1
31,DEL,50175,1
31,DEL,51199,1
31,DEL,53247,1
31,DEL,54015,1
31,DEL,54783,2
31,DEL,55039,1
31,DEL,55807,2
31,DEL,57343,1
31,DEL,58623,2
31,DEL,58879,2
31,DEL,59135,1
31,DEL,59391,1
31,DEL,60415,1
31,DEL,60927,2
31,DEL,61183,2
31,DEL,61439,3
31,DEL,61695,1
31,DEL,61951,2
31,DEL,62207,2
31,DEL,62463,1
31,DEL,62719,2
31,DEL,62975,3
31,DEL,63231,1
31,DEL,63487,6
31,DEL,63743,3
31,DEL,63999,2
31,DEL,64255,2
31,DEL,64511,1
31,DEL,64767,4
31,DEL,65023,6
31,DEL,65279,7
31,DEL,65535,4
31,DEL,66047,14
31,DEL,66559,8
31,DEL,67071,5
31,DEL,67583,9
31,DEL,68095,9
31,DEL,68607,9
31,DEL,69119,7
31,DEL,69631,10
31,DEL,70143,15
31,DEL,70655,8
31,DEL,71167,8
31,DEL,71679,6
31,DEL,72191,6
31,DEL,72703,8
31,DEL,73215,8
31,DEL,73727,7
31,DEL,74239,6
31,DEL,74751,12
31,DEL,75263,4
31,DEL,75775,2
31,DEL,76287,4
31,DEL,76799,5
31,DEL,77311,5
31,DEL,77823,3
31,DEL,78335,2
31,DEL,78847,1
31,DEL,79359,5
31,DEL,80383,3
31,DEL,81407,2
31,DEL,81919,2
31,DEL,82431,1
31,DEL,82943,1
31,DEL,83967,2
31,DEL,84479,2
31,DEL,86527,1
31,DEL,87551,1
31,DEL,89599,1
31,SET,166,1
31,SET,180,2
31,SET,198,1
31,SET,209,1
31,SET,212,1
31,SET,214,1
31,SET,217,1
31,SET,221,1
31,SET,228,1
31,SET,234,1
31,SET,238,1
31,SET,253,1
31,SET,309,1
31,SET,315,1
31,SET,319,2
31,SET,327,1
31,SET,335,1
31,SET,369,1
31,SET,373,1
31,SET,407,1
31,SET,451,1
31,SET,485,1
31,SET,491,1
31,SET,515,1
31,SET,555,2
31,SET,599,1
31,SET,679,1
31,SET,683,1
31,SET,735,1
31,SET,763,1
31,SET,819,1
31,SET,859,1
31,SET,887,1
31,SET,903,2
31,SET,931,1
31,SET,939,1
31,SET,947,1
31,SET,975,1
31,SET,987,1
31,SET,1011,1
31,SET,1039,1
31,SET,1199,1
31,SET,1231,1
31,SET,1255,1
31,SET,1303,1
31,SET,1335,1
31,SET,1367,1
31,SET,1383,1
31,SET,1399,1
31,SET,1415,1
31,SET,1431,1
31,SET,1447,1
31,SET,1463,1
31,SET,1511,1
31,SET,1543,1
31,SET,1567,1
31,SET,1631,1
31,SET,1639,1
31,SET,1687,2
31,SET,1711,1
31,SET,1727,1
31,SET,1743,1
31,SET,1751,1
31,SET,1823,1
31,SET,1831,1
31,SET,1855,1
31,SET,1871,1
31,SET,1903,1
31,SET,1919,1
31,SET,1959,1
31,SET,1975,1
31,SET,2127,1
31,SET,2143,1
31,SET,2207,1
31,SET,2351,1
31,SET,2415,1
31,SET,2463,1
31,SET,2479,2
31,SET,2527,1
31,SET,2575,1
31,SET,2623,3
31,SET,2639,1
31,SET,2671,1
31,SET,2815,1
31,SET,2863,1
31,SET,2879,1
31,SET,2895,1
31,SET,2927,1
31,SET,2943,2
31,SET,3007,1
31,SET,3071,1
31,SET,3167,1
31,SET,3183,1
31,SET,3247,1
31,SET,3295,1
31,SET,3391,1
31,SET,3407,1
31,SET,3471,1
31,SET,3503,1
31,SET,3551,1
31,SET,3615,1
31,SET,3631,1
31,SET,3679,1
31,SET,3695,1
31,SET,3823,1
31,SET,3871,1
31,SET,3887,1
31,SET,3903,1
31,SET,3919,1
31,SET,4047,1
31,SET,4351,2
31,SET,4383,2
31,SET,4575,1
31,SET,4607,1
31,SET,4639,1
31,SET,4671,2
31,SET,4703,1
31,SET,4863,1
31,SET,5471,1
31,SET,5503,1
31,SET,5535,1
31,SET,5695,1
31,SET,5855,2
31,SET,5919,1
31,SET,5983,2
31,SET,6015,1
31,SET,6111,1
31,SET,6239,1
31,SET,6335,1
31,SET,6719,1
31,SET,6815,1
31,SET,7135,1
31,SET,7199,1
31,SET,7327,1
