# Args: ["/opt/benchmarker/benchmark", "-a", "34.51.233.141,34.51.141.155,34.51.239.75,34.51.237.100", "-c", "etc", "-r", "20000000", "-t", "32", "--cluster"]
thread,cmd,latency,count
0,GET,93,1
0,GET,94,2
0,GET,95,1
0,GET,96,4
0,GET,97,1
0,GET,98,3
0,GET,99,1
0,GET,100,7
0,GET,101,7
0,GET,102,4
0,GET,103,8
0,GET,104,7
0,GET,105,4
0,GET,106,10
0,GET,107,6
0,GET,108,11
0,GET,109,14
0,GET,110,15
0,GET,111,20
0,GET,112,22
0,GET,113,19
0,GET,114,15
0,GET,115,18
0,GET,116,20
0,GET,117,18
0,GET,118,21
0,GET,119,29
0,GET,120,32
0,GET,121,33
0,GET,122,31
0,GET,123,37
0,GET,124,35
0,GET,125,36
0,GET,126,39
0,GET,127,38
0,GET,128,34
0,GET,129,55
0,GET,130,48
0,GET,131,52
0,GET,132,46
0,GET,133,52
0,GET,134,49
0,GET,135,45
0,GET,136,54
0,GET,137,55
0,GET,138,58
0,GET,139,58
0,GET,140,59
0,GET,141,55
0,GET,142,63
0,GET,143,68
0,GET,144,78
0,GET,145,74
0,GET,146,73
0,GET,147,72
0,GET,148,90
0,GET,149,82
0,GET,150,91
0,GET,151,100
0,GET,152,87
0,GET,153,90
0,GET,154,97
0,GET,155,87
0,GET,156,105
0,GET,157,99
0,GET,158,111
0,GET,159,88
0,GET,160,99
0,GET,161,124
0,GET,162,94
0,GET,163,112
0,GET,164,132
0,GET,165,134
0,GET,166,134
0,GET,167,151
0,GET,168,132
0,GET,169,153
0,GET,170,156
0,GET,171,145
0,GET,172,143
0,GET,173,148
0,GET,174,155
0,GET,175,170
0,GET,176,171
0,GET,177,156
0,GET,178,174
0,GET,179,185
0,GET,180,187
0,GET,181,178
0,GET,182,191
0,GET,183,221
0,GET,184,195
0,GET,185,183
0,GET,186,246
0,GET,187,238
0,GET,188,212
0,GET,189,235
0,GET,190,266
0,GET,191,265
0,GET,192,260
0,GET,193,266
0,GET,194,273
0,GET,195,277
0,GET,196,301
0,GET,197,337
0,GET,198,309
0,GET,199,310
0,GET,200,292
0,GET,201,337
0,GET,202,370
0,GET,203,337
0,GET,204,379
0,GET,205,344
0,GET,206,365
0,GET,207,381
0,GET,208,367
0,GET,209,400
0,GET,210,403
0,GET,211,421
0,GET,212,447
0,GET,213,455
0,GET,214,443
0,GET,215,465
0,GET,216,477
0,GET,217,494
0,GET,218,524
0,GET,219,529
0,GET,220,515
0,GET,221,532
0,GET,222,530
0,GET,223,506
0,GET,224,586
0,GET,225,532
0,GET,226,580
0,GET,227,601
0,GET,228,583
0,GET,229,611
0,GET,230,581
0,GET,231,611
0,GET,232,674
0,GET,233,644
0,GET,234,684
0,GET,235,682
0,GET,236,676
0,GET,237,713
0,GET,238,728
0,GET,239,684
0,GET,240,686
0,GET,241,790
0,GET,242,751
0,GET,243,723
0,GET,244,793
0,GET,245,820
0,GET,246,817
0,GET,247,828
0,GET,248,824
0,GET,249,846
0,GET,250,844
0,GET,251,866
0,GET,252,909
0,GET,253,943
0,GET,254,946
0,GET,255,877
0,GET,257,1924
0,GET,259,1927
0,GET,261,1961
0,GET,263,2065
0,GET,265,2049
0,GET,267,2183
0,GET,269,2179
0,GET,271,2213
0,GET,273,2293
0,GET,275,2337
0,GET,277,2423
0,GET,279,2432
0,GET,281,2486
0,GET,283,2541
0,GET,285,2515
0,GET,287,2593
0,GET,289,2697
0,GET,291,2720
0,GET,293,2699
0,GET,295,2788
0,GET,297,2893
0,GET,299,2912
0,GET,301,2907
0,GET,303,2944
0,GET,305,2840
0,GET,307,2917
0,GET,309,3054
0,GET,311,3017
0,GET,313,3077
0,GET,315,3026
0,GET,317,2965
0,GET,319,3112
0,GET,321,3168
0,GET,323,3131
0,GET,325,3191
0,GET,327,3125
0,GET,329,3215
0,GET,331,3268
0,GET,333,3167
0,GET,335,3244
0,GET,337,3296
0,GET,339,3458
0,GET,341,3259
0,GET,343,3255
0,GET,345,3341
0,GET,347,3300
0,GET,349,3383
0,GET,351,3372
0,GET,353,3318
0,GET,355,3433
0,GET,357,3389
0,GET,359,3421
0,GET,361,3452
0,GET,363,3449
0,GET,365,3421
0,GET,367,3319
0,GET,369,3421
0,GET,371,3469
0,GET,373,3389
0,GET,375,3391
0,GET,377,3472
0,GET,379,3350
0,GET,381,3415
0,GET,383,3390
0,GET,385,3414
0,GET,387,3370
0,GET,389,3397
0,GET,391,3445
0,GET,393,3397
0,GET,395,3451
0,GET,397,3414
0,GET,399,3342
0,GET,401,3387
0,GET,403,3342
0,GET,405,3248
0,GET,407,3312
0,GET,409,3240
0,GET,411,3284
0,GET,413,3192
0,GET,415,3200
0,GET,417,3242
0,GET,419,3064
0,GET,421,3014
0,GET,423,3061
0,GET,425,2996
0,GET,427,2981
0,GET,429,2861
0,GET,431,2867
0,GET,433,2949
0,GET,435,2864
0,GET,437,2798
0,GET,439,2708
0,GET,441,2637
0,GET,443,2594
0,GET,445,2579
0,GET,447,2607
0,GET,449,2609
0,GET,451,2497
0,GET,453,2379
0,GET,455,2375
0,GET,457,2342
0,GET,459,2329
0,GET,461,2218
0,GET,463,2263
0,GET,465,2275
0,GET,467,2123
0,GET,469,2034
0,GET,471,2069
0,GET,473,1959
0,GET,475,1902
0,GET,477,1935
0,GET,479,1927
0,GET,481,1858
0,GET,483,1797
0,GET,485,1775
0,GET,487,1682
0,GET,489,1737
0,GET,491,1631
0,GET,493,1692
0,GET,495,1596
0,GET,497,1604
0,GET,499,1562
0,GET,501,1404
0,GET,503,1406
0,GET,505,1444
0,GET,507,1326
0,GET,509,1332
0,GET,511,1275
0,GET,515,2444
0,GET,519,2405
0,GET,523,2262
0,GET,527,2111
0,GET,531,2013
0,GET,535,1902
0,GET,539,1822
0,GET,543,1742
0,GET,547,1684
0,GET,551,1623
0,GET,555,1512
0,GET,559,1487
0,GET,563,1333
0,GET,567,1291
0,GET,571,1266
0,GET,575,1128
0,GET,579,1045
0,GET,583,1102
0,GET,587,949
0,GET,591,1013
0,GET,595,831
0,GET,599,799
0,GET,603,779
0,GET,607,706
0,GET,611,683
0,GET,615,641
0,GET,619,578
0,GET,623,511
0,GET,627,489
0,GET,631,502
0,GET,635,437
0,GET,639,407
0,GET,643,335
0,GET,647,355
0,GET,651,306
0,GET,655,287
0,GET,659,288
0,GET,663,225
0,GET,667,216
0,GET,671,169
0,GET,675,179
0,GET,679,155
0,GET,683,145
0,GET,687,121
0,GET,691,127
0,GET,695,101
0,GET,699,82
0,GET,703,87
0,GET,707,84
0,GET,711,58
0,GET,715,63
0,GET,719,55
0,GET,723,54
0,GET,727,48
0,GET,731,47
0,GET,735,33
0,GET,739,35
0,GET,743,30
0,GET,747,30
0,GET,751,21
0,GET,755,21
0,GET,759,20
0,GET,763,23
0,GET,767,11
0,GET,771,16
0,GET,775,14
0,GET,779,6
0,GET,783,13
0,GET,787,12
0,GET,791,8
0,GET,795,8
0,GET,799,11
0,GET,803,5
0,GET,807,5
0,GET,811,8
0,GET,815,6
0,GET,819,3
0,GET,823,4
0,GET,827,1
0,GET,831,4
0,GET,835,5
0,GET,839,2
0,GET,843,2
0,GET,847,1
0,GET,851,3
0,GET,863,1
0,GET,871,2
0,GET,875,1
0,GET,879,1
0,GET,883,1
0,GET,887,1
0,GET,891,2
0,GET,903,1
0,GET,907,1
0,GET,911,1
0,GET,919,1
0,GET,927,1
0,GET,935,1
0,GET,947,1
0,GET,951,3
0,GET,959,2
0,GET,967,1
0,GET,975,1
0,GET,983,1
0,GET,991,1
0,GET,995,1
0,GET,999,1
0,GET,1007,1
0,GET,1031,1
0,GET,1039,2
0,GET,1063,1
0,GET,1071,1
0,GET,1079,1
0,GET,1087,1
0,GET,1103,1
0,GET,1111,1
0,GET,1135,1
0,GET,1159,1
0,GET,1167,1
0,GET,1199,1
0,GET,1247,2
0,GET,1279,1
0,GET,1287,1
0,GET,1303,2
0,GET,1335,1
0,GET,1359,1
0,GET,1375,2
0,GET,1383,1
0,GET,1407,3
0,GET,1415,2
0,GET,1447,2
0,GET,1463,1
0,GET,1479,1
0,GET,1487,1
0,GET,1495,2
0,GET,1519,1
0,GET,1535,1
0,GET,1551,1
0,GET,1559,2
0,GET,1567,3
0,GET,1575,1
0,GET,1591,1
0,GET,1607,3
0,GET,1623,2
0,GET,1631,1
0,GET,1655,2
0,GET,1679,1
0,GET,1687,3
0,GET,1703,2
0,GET,1711,2
0,GET,1727,2
0,GET,1743,3
0,GET,1751,1
0,GET,1759,1
0,GET,1767,2
0,GET,1783,2
0,GET,1791,1
0,GET,1815,1
0,GET,1831,1
0,GET,1839,1
0,GET,1847,1
0,GET,1855,1
0,GET,1863,1
0,GET,1879,1
0,GET,1895,3
0,GET,1903,2
0,GET,1911,1
0,GET,1919,1
0,GET,1943,2
0,GET,1959,1
0,GET,1975,2
0,GET,2063,1
0,GET,2095,1
0,GET,2127,2
0,GET,2191,2
0,GET,2207,1
0,GET,2223,1
0,GET,2255,1
0,GET,2271,1
0,GET,2399,1
0,GET,2415,1
0,GET,2463,1
0,GET,2479,1
0,GET,2511,1
0,GET,2559,1
0,GET,2639,1
0,GET,3039,1
0,GET,3727,1
0,GET,3823,1
0,GET,5055,1
0,GET,54783,1
0,GET,56319,1
0,GET,59903,1
0,GET,60159,1
0,GET,60927,1
0,GET,62719,1
0,SET,97,1
0,SET,105,1
0,SET,108,2
0,SET,110,2
0,SET,111,2
0,SET,113,1
0,SET,116,1
0,SET,117,1
0,SET,118,1
0,SET,119,7
0,SET,121,5
0,SET,122,1
0,SET,123,5
0,SET,124,3
0,SET,127,3
0,SET,128,5
0,SET,129,2
0,SET,130,4
0,SET,131,4
0,SET,132,5
0,SET,133,1
0,SET,134,3
0,SET,135,2
0,SET,136,3
0,SET,137,6
0,SET,138,4
0,SET,139,4
0,SET,140,3
0,SET,141,5
0,SET,142,6
0,SET,143,10
0,SET,144,7
0,SET,145,5
0,SET,146,4
0,SET,147,5
0,SET,148,7
0,SET,149,8
0,SET,150,5
0,SET,151,6
0,SET,152,10
0,SET,153,6
0,SET,154,2
0,SET,155,6
0,SET,156,6
0,SET,157,12
0,SET,158,6
0,SET,159,7
0,SET,160,5
0,SET,161,7
0,SET,162,10
0,SET,163,5
0,SET,164,5
0,SET,165,8
0,SET,166,9
0,SET,167,11
0,SET,168,6
0,SET,169,9
0,SET,170,9
0,SET,171,10
0,SET,172,7
0,SET,173,8
0,SET,174,11
0,SET,175,7
0,SET,176,10
0,SET,177,13
0,SET,178,8
0,SET,179,16
0,SET,180,12
0,SET,181,15
0,SET,182,12
0,SET,183,9
0,SET,184,8
0,SET,185,16
0,SET,186,15
0,SET,187,18
0,SET,188,16
0,SET,189,19
0,SET,190,13
0,SET,191,23
0,SET,192,16
0,SET,193,16
0,SET,194,14
0,SET,195,24
0,SET,196,22
0,SET,197,15
0,SET,198,24
0,SET,199,25
0,SET,200,25
0,SET,201,25
0,SET,202,20
0,SET,203,34
0,SET,204,25
0,SET,205,18
0,SET,206,26
0,SET,207,26
0,SET,208,22
0,SET,209,27
0,SET,210,38
0,SET,211,22
0,SET,212,28
0,SET,213,33
0,SET,214,27
0,SET,215,27
0,SET,216,38
0,SET,217,33
0,SET,218,32
0,SET,219,25
0,SET,220,37
0,SET,221,29
0,SET,222,38
0,SET,223,46
0,SET,224,42
0,SET,225,33
0,SET,226,36
0,SET,227,30
0,SET,228,38
0,SET,229,42
0,SET,230,47
0,SET,231,39
0,SET,232,47
0,SET,233,42
0,SET,234,37
0,SET,235,38
0,SET,236,49
0,SET,237,62
0,SET,238,54
0,SET,239,55
0,SET,240,47
0,SET,241,67
0,SET,242,66
0,SET,243,51
0,SET,244,59
0,SET,245,48
0,SET,246,43
0,SET,247,55
0,SET,248,63
0,SET,249,57
0,SET,250,62
0,SET,251,63
0,SET,252,68
0,SET,253,68
0,SET,254,73
0,SET,255,63
0,SET,257,136
0,SET,259,120
0,SET,261,142
0,SET,263,144
0,SET,265,156
0,SET,267,135
0,SET,269,154
0,SET,271,151
0,SET,273,161
0,SET,275,169
0,SET,277,156
0,SET,279,161
0,SET,281,176
0,SET,283,199
0,SET,285,160
0,SET,287,172
0,SET,289,188
0,SET,291,172
0,SET,293,202
0,SET,295,195
0,SET,297,204
0,SET,299,190
0,SET,301,175
0,SET,303,251
0,SET,305,174
0,SET,307,214
0,SET,309,215
0,SET,311,198
0,SET,313,217
0,SET,315,216
0,SET,317,207
0,SET,319,225
0,SET,321,218
0,SET,323,211
0,SET,325,233
0,SET,327,225
0,SET,329,233
0,SET,331,230
0,SET,333,207
0,SET,335,211
0,SET,337,223
0,SET,339,213
0,SET,341,250
0,SET,343,224
0,SET,345,231
0,SET,347,230
0,SET,349,222
0,SET,351,243
0,SET,353,237
0,SET,355,220
0,SET,357,257
0,SET,359,254
0,SET,361,250
0,SET,363,244
0,SET,365,227
0,SET,367,232
0,SET,369,228
0,SET,371,282
0,SET,373,244
0,SET,375,246
0,SET,377,262
0,SET,379,265
0,SET,381,278
0,SET,383,246
0,SET,385,257
0,SET,387,233
0,SET,389,260
0,SET,391,240
0,SET,393,239
0,SET,395,242
0,SET,397,239
0,SET,399,248
0,SET,401,252
0,SET,403,253
0,SET,405,246
0,SET,407,245
0,SET,409,241
0,SET,411,188
0,SET,413,251
0,SET,415,230
0,SET,417,243
0,SET,419,218
0,SET,421,210
0,SET,423,234
0,SET,425,242
0,SET,427,214
0,SET,429,195
0,SET,431,219
0,SET,433,205
0,SET,435,207
0,SET,437,206
0,SET,439,211
0,SET,441,179
0,SET,443,198
0,SET,445,171
0,SET,447,206
0,SET,449,178
0,SET,451,181
0,SET,453,179
0,SET,455,159
0,SET,457,172
0,SET,459,193
0,SET,461,171
0,SET,463,174
0,SET,465,161
0,SET,467,173
0,SET,469,139
0,SET,471,139
0,SET,473,128
0,SET,475,120
0,SET,477,156
0,SET,479,141
0,SET,481,151
0,SET,483,115
0,SET,485,130
0,SET,487,126
0,SET,489,131
0,SET,491,137
0,SET,493,145
0,SET,495,106
0,SET,497,113
0,SET,499,110
0,SET,501,108
0,SET,503,106
0,SET,505,112
0,SET,507,107
0,SET,509,104
0,SET,511,85
0,SET,515,214
0,SET,519,159
0,SET,523,161
0,SET,527,175
0,SET,531,132
0,SET,535,167
0,SET,539,145
0,SET,543,134
0,SET,547,100
0,SET,551,127
0,SET,555,98
0,SET,559,106
0,SET,563,98
0,SET,567,118
0,SET,571,87
0,SET,575,83
0,SET,579,89
0,SET,583,79
0,SET,587,67
0,SET,591,73
0,SET,595,69
0,SET,599,69
0,SET,603,42
0,SET,607,56
0,SET,611,56
0,SET,615,47
0,SET,619,43
0,SET,623,37
0,SET,627,32
0,SET,631,36
0,SET,635,29
0,SET,639,37
0,SET,643,27
0,SET,647,33
0,SET,651,33
0,SET,655,21
0,SET,659,16
0,SET,663,16
0,SET,667,13
0,SET,671,15
0,SET,675,14
0,SET,679,13
0,SET,683,7
0,SET,687,7
0,SET,691,11
0,SET,695,7
0,SET,699,10
0,SET,703,10
0,SET,707,6
0,SET,711,3
0,SET,715,10
0,SET,719,4
0,SET,723,3
0,SET,727,1
0,SET,731,1
0,SET,735,2
0,SET,739,2
0,SET,743,3
0,SET,747,1
0,SET,751,2
0,SET,755,1
0,SET,759,3
0,SET,775,2
0,SET,779,2
0,SET,783,2
0,SET,787,1
0,SET,791,1
0,SET,815,1
0,SET,843,2
0,SET,847,1
0,SET,855,2
0,SET,859,1
0,SET,887,1
0,SET,907,2
0,SET,955,1
0,SET,1055,1
0,SET,1271,1
0,SET,1447,1
0,SET,1535,1
0,SET,1743,1
0,SET,1847,1
0,SET,55039,1
0,SET,57855,1
0,SET,59135,1
0,DEL,97,1
0,DEL,98,2
0,DEL,100,1
0,DEL,101,1
0,DEL,102,5
0,DEL,103,4
0,DEL,104,2
0,DEL,105,6
0,DEL,106,3
0,DEL,107,2
0,DEL,108,4
0,DEL,109,3
0,DEL,110,4
0,DEL,111,6
0,DEL,112,8
0,DEL,113,9
0,DEL,114,11
0,DEL,115,6
0,DEL,116,8
0,DEL,117,6
0,DEL,118,7
0,DEL,119,7
0,DEL,120,10
0,DEL,121,7
0,DEL,122,14
0,DEL,123,10
0,DEL,124,14
0,DEL,125,15
0,DEL,126,13
0,DEL,127,14
0,DEL,128,26
0,DEL,129,17
0,DEL,130,17
0,DEL,131,17
0,DEL,132,21
0,DEL,133,20
0,DEL,134,7
0,DEL,135,27
0,DEL,136,20
0,DEL,137,26
0,DEL,138,19
0,DEL,139,14
0,DEL,140,18
0,DEL,141,31
0,DEL,142,29
0,DEL,143,29
0,DEL,144,20
0,DEL,145,22
0,DEL,146,27
0,DEL,147,20
0,DEL,148,21
0,DEL,149,29
0,DEL,150,22
0,DEL,151,20
0,DEL,152,25
0,DEL,153,27
0,DEL,154,31
0,DEL,155,37
0,DEL,156,32
0,DEL,157,31
0,DEL,158,31
0,DEL,159,44
0,DEL,160,46
0,DEL,161,39
0,DEL,162,32
0,DEL,163,37
0,DEL,164,49
0,DEL,165,47
0,DEL,166,52
0,DEL,167,33
0,DEL,168,49
0,DEL,169,46
0,DEL,170,52
0,DEL,171,46
0,DEL,172,60
0,DEL,173,47
0,DEL,174,52
0,DEL,175,55
0,DEL,176,58
0,DEL,177,51
0,DEL,178,68
0,DEL,179,62
0,DEL,180,65
0,DEL,181,67
0,DEL,182,78
0,DEL,183,61
0,DEL,184,69
0,DEL,185,91
0,DEL,186,75
0,DEL,187,69
0,DEL,188,79
0,DEL,189,97
0,DEL,190,58
0,DEL,191,88
0,DEL,192,88
0,DEL,193,98
0,DEL,194,94
0,DEL,195,105
0,DEL,196,109
0,DEL,197,101
0,DEL,198,91
0,DEL,199,116
0,DEL,200,90
0,DEL,201,139
0,DEL,202,108
0,DEL,203,146
0,DEL,204,123
0,DEL,205,137
0,DEL,206,145
0,DEL,207,143
0,DEL,208,137
0,DEL,209,139
0,DEL,210,139
0,DEL,211,145
0,DEL,212,139
0,DEL,213,133
0,DEL,214,171
0,DEL,215,159
0,DEL,216,166
0,DEL,217,149
0,DEL,218,164
0,DEL,219,158
0,DEL,220,188
0,DEL,221,185
0,DEL,222,193
0,DEL,223,161
0,DEL,224,195
0,DEL,225,167
0,DEL,226,176
0,DEL,227,187
0,DEL,228,202
0,DEL,229,213
0,DEL,230,180
0,DEL,231,218
0,DEL,232,219
0,DEL,233,200
0,DEL,234,217
0,DEL,235,235
0,DEL,236,258
0,DEL,237,229
0,DEL,238,251
0,DEL,239,281
0,DEL,240,270
0,DEL,241,253
0,DEL,242,292
0,DEL,243,238
0,DEL,244,252
0,DEL,245,295
0,DEL,246,309
0,DEL,247,290
0,DEL,248,324
0,DEL,249,321
0,DEL,250,311
0,DEL,251,297
0,DEL,252,325
0,DEL,253,340
0,DEL,254,313
0,DEL,255,323
0,DEL,257,681
0,DEL,259,687
0,DEL,261,730
0,DEL,263,785
0,DEL,265,723
0,DEL,267,723
0,DEL,269,775
0,DEL,271,788
0,DEL,273,827
0,DEL,275,827
0,DEL,277,842
0,DEL,279,825
0,DEL,281,894
0,DEL,283,896
0,DEL,285,899
0,DEL,287,910
0,DEL,289,917
0,DEL,291,947
0,DEL,293,980
0,DEL,295,979
0,DEL,297,968
0,DEL,299,1000
0,DEL,301,1080
0,DEL,303,1015
0,DEL,305,1035
0,DEL,307,1057
0,DEL,309,1071
0,DEL,311,1056
0,DEL,313,1059
0,DEL,315,1126
0,DEL,317,1103
0,DEL,319,1149
0,DEL,321,1099
0,DEL,323,1128
0,DEL,325,1099
0,DEL,327,1154
0,DEL,329,1200
0,DEL,331,1093
0,DEL,333,1156
0,DEL,335,1168
0,DEL,337,1174
0,DEL,339,1198
0,DEL,341,1184
0,DEL,343,1197
0,DEL,345,1182
0,DEL,347,1181
0,DEL,349,1173
0,DEL,351,1133
0,DEL,353,1212
0,DEL,355,1245
0,DEL,357,1189
0,DEL,359,1226
0,DEL,361,1220
0,DEL,363,1275
0,DEL,365,1226
0,DEL,367,1182
0,DEL,369,1259
0,DEL,371,1219
0,DEL,373,1184
0,DEL,375,1267
0,DEL,377,1273
0,DEL,379,1246
0,DEL,381,1266
0,DEL,383,1234
0,DEL,385,1240
0,DEL,387,1233
0,DEL,389,1204
0,DEL,391,1233
0,DEL,393,1235
0,DEL,395,1259
0,DEL,397,1242
0,DEL,399,1185
0,DEL,401,1203
0,DEL,403,1255
0,DEL,405,1210
0,DEL,407,1170
0,DEL,409,1127
0,DEL,411,1116
0,DEL,413,1113
0,DEL,415,1117
0,DEL,417,1137
0,DEL,419,1131
0,DEL,421,1095
0,DEL,423,1082
0,DEL,425,1080
0,DEL,427,1036
0,DEL,429,1108
0,DEL,431,1056
0,DEL,433,1063
0,DEL,435,1048
0,DEL,437,956
0,DEL,439,953
0,DEL,441,959
0,DEL,443,917
0,DEL,445,906
0,DEL,447,962
0,DEL,449,893
0,DEL,451,926
0,DEL,453,872
0,DEL,455,889
0,DEL,457,825
0,DEL,459,887
0,DEL,461,813
0,DEL,463,792
0,DEL,465,789
0,DEL,467,819
0,DEL,469,781
0,DEL,471,749
0,DEL,473,730
0,DEL,475,664
0,DEL,477,694
0,DEL,479,668
0,DEL,481,707
0,DEL,483,665
0,DEL,485,653
0,DEL,487,638
0,DEL,489,616
0,DEL,491,603
0,DEL,493,600
0,DEL,495,578
0,DEL,497,601
0,DEL,499,565
0,DEL,501,569
0,DEL,503,501
0,DEL,505,523
0,DEL,507,457
0,DEL,509,482
0,DEL,511,468
0,DEL,515,906
0,DEL,519,866
0,DEL,523,800
0,DEL,527,795
0,DEL,531,807
0,DEL,535,683
0,DEL,539,677
0,DEL,543,660
0,DEL,547,605
0,DEL,551,603
0,DEL,555,632
0,DEL,559,474
0,DEL,563,528
0,DEL,567,427
0,DEL,571,438
0,DEL,575,438
0,DEL,579,395
0,DEL,583,371
0,DEL,587,365
0,DEL,591,339
0,DEL,595,328
0,DEL,599,310
0,DEL,603,271
0,DEL,607,259
0,DEL,611,252
0,DEL,615,238
0,DEL,619,235
0,DEL,623,207
0,DEL,627,169
0,DEL,631,178
0,DEL,635,144
0,DEL,639,142
0,DEL,643,125
0,DEL,647,122
0,DEL,651,115
0,DEL,655,98
0,DEL,659,85
0,DEL,663,89
0,DEL,667,87
0,DEL,671,54
0,DEL,675,57
0,DEL,679,76
0,DEL,683,61
0,DEL,687,44
0,DEL,691,41
0,DEL,695,45
0,DEL,699,37
0,DEL,703,28
0,DEL,707,26
0,DEL,711,19
0,DEL,715,33
0,DEL,719,20
0,DEL,723,26
0,DEL,727,16
0,DEL,731,9
0,DEL,735,10
0,DEL,739,21
0,DEL,743,12
0,DEL,747,8
0,DEL,751,7
0,DEL,755,12
0,DEL,759,7
0,DEL,763,8
0,DEL,767,7
0,DEL,771,2
0,DEL,775,3
0,DEL,779,7
0,DEL,783,5
0,DEL,787,7
0,DEL,791,7
0,DEL,795,3
0,DEL,799,1
0,DEL,807,2
0,DEL,811,2
0,DEL,815,4
0,DEL,819,2
0,DEL,827,1
0,DEL,835,2
0,DEL,839,2
0,DEL,843,1
0,DEL,847,1
0,DEL,859,1
0,DEL,863,1
0,DEL,867,2
0,DEL,879,1
0,DEL,883,1
0,DEL,891,1
0,DEL,895,1
0,DEL,899,1
0,DEL,911,1
0,DEL,919,1
0,DEL,923,1
0,DEL,935,1
0,DEL,967,1
0,DEL,1007,1
0,DEL,1063,2
0,DEL,1119,1
0,DEL,1239,1
0,DEL,1335,1
0,DEL,1367,1
0,DEL,1407,1
0,DEL,1447,1
0,DEL,1463,1
0,DEL,1487,1
0,DEL,1503,2
0,DEL,1511,1
0,DEL,1551,1
0,DEL,1591,1
0,DEL,1607,1
0,DEL,1615,1
0,DEL,1639,1
0,DEL,1679,1
0,DEL,1735,1
0,DEL,1783,1
0,DEL,1799,1
0,DEL,1831,2
0,DEL,1919,1
0,DEL,1927,1
0,DEL,1935,1
0,DEL,1975,1
0,DEL,2023,1
0,DEL,2111,2
0,DEL,2479,1
0,DEL,2511,1
0,DEL,4831,1
0,DEL,53759,1
0,DEL,57343,1
0,DEL,58111,1
0,DEL,58623,1
0,DEL,58879,1
0,DEL,59391,1
0,DEL,64767,1
1,GET,88,1
1,GET,91,4
1,GET,92,2
1,GET,94,3
1,GET,95,2
1,GET,96,2
1,GET,97,2
1,GET,98,3
1,GET,99,6
1,GET,100,6
1,GET,101,4
1,GET,102,6
1,GET,103,8
1,GET,104,12
1,GET,105,14
1,GET,106,11
1,GET,107,15
1,GET,108,18
1,GET,109,13
1,GET,110,18
1,GET,111,13
1,GET,112,16
1,GET,113,16
1,GET,114,23
1,GET,115,20
1,GET,116,23
1,GET,117,24
1,GET,118,16
1,GET,119,36
1,GET,120,29
1,GET,121,38
1,GET,122,25
1,GET,123,34
1,GET,124,42
1,GET,125,42
1,GET,126,42
1,GET,127,44
1,GET,128,43
1,GET,129,48
1,GET,130,48
1,GET,131,53
1,GET,132,53
1,GET,133,69
1,GET,134,70
1,GET,135,46
1,GET,136,63
1,GET,137,65
1,GET,138,71
1,GET,139,76
1,GET,140,81
1,GET,141,62
1,GET,142,59
1,GET,143,91
1,GET,144,73
1,GET,145,83
1,GET,146,72
1,GET,147,92
1,GET,148,89
1,GET,149,72
1,GET,150,89
1,GET,151,78
1,GET,152,101
1,GET,153,73
1,GET,154,102
1,GET,155,98
1,GET,156,82
1,GET,157,104
1,GET,158,103
1,GET,159,122
1,GET,160,116
1,GET,161,110
1,GET,162,122
1,GET,163,122
1,GET,164,126
1,GET,165,130
1,GET,166,118
1,GET,167,137
1,GET,168,144
1,GET,169,158
1,GET,170,154
1,GET,171,125
1,GET,172,154
1,GET,173,150
1,GET,174,187
1,GET,175,152
1,GET,176,158
1,GET,177,178
1,GET,178,194
1,GET,179,204
1,GET,180,174
1,GET,181,186
1,GET,182,204
1,GET,183,244
1,GET,184,201
1,GET,185,195
1,GET,186,219
1,GET,187,232
1,GET,188,239
1,GET,189,258
1,GET,190,259
1,GET,191,257
1,GET,192,264
1,GET,193,301
1,GET,194,282
1,GET,195,295
1,GET,196,314
1,GET,197,310
1,GET,198,309
1,GET,199,315
1,GET,200,300
1,GET,201,335
1,GET,202,331
1,GET,203,371
1,GET,204,373
1,GET,205,385
1,GET,206,383
1,GET,207,350
1,GET,208,405
1,GET,209,389
1,GET,210,406
1,GET,211,419
1,GET,212,426
1,GET,213,444
1,GET,214,442
1,GET,215,435
1,GET,216,470
1,GET,217,478
1,GET,218,493
1,GET,219,517
1,GET,220,536
1,GET,221,531
1,GET,222,529
1,GET,223,545
1,GET,224,559
1,GET,225,527
1,GET,226,560
1,GET,227,610
1,GET,228,609
1,GET,229,611
1,GET,230,616
1,GET,231,623
1,GET,232,654
1,GET,233,663
1,GET,234,672
1,GET,235,716
1,GET,236,688
1,GET,237,672
1,GET,238,760
1,GET,239,749
1,GET,240,705
1,GET,241,763
1,GET,242,759
1,GET,243,780
1,GET,244,766
1,GET,245,775
1,GET,246,815
1,GET,247,822
1,GET,248,813
1,GET,249,840
1,GET,250,895
1,GET,251,871
1,GET,252,885
1,GET,253,879
1,GET,254,927
1,GET,255,858
1,GET,257,1851
1,GET,259,1867
1,GET,261,2006
1,GET,263,2055
1,GET,265,2084
1,GET,267,2150
1,GET,269,2178
1,GET,271,2172
1,GET,273,2385
1,GET,275,2348
1,GET,277,2382
1,GET,279,2324
1,GET,281,2490
1,GET,283,2521
1,GET,285,2573
1,GET,287,2629
1,GET,289,2680
1,GET,291,2671
1,GET,293,2677
1,GET,295,2686
1,GET,297,2762
1,GET,299,2810
1,GET,301,2885
1,GET,303,2882
1,GET,305,3025
1,GET,307,2959
1,GET,309,2956
1,GET,311,3095
1,GET,313,3029
1,GET,315,3035
1,GET,317,3174
1,GET,319,3064
1,GET,321,3103
1,GET,323,3148
1,GET,325,3138
1,GET,327,3144
1,GET,329,3208
1,GET,331,3195
1,GET,333,3287
1,GET,335,3199
1,GET,337,3291
1,GET,339,3240
1,GET,341,3220
1,GET,343,3220
1,GET,345,3207
1,GET,347,3400
1,GET,349,3393
1,GET,351,3349
1,GET,353,3357
1,GET,355,3389
1,GET,357,3442
1,GET,359,3240
1,GET,361,3343
1,GET,363,3464
1,GET,365,3431
1,GET,367,3499
1,GET,369,3553
1,GET,371,3494
1,GET,373,3450
1,GET,375,3396
1,GET,377,3344
1,GET,379,3391
1,GET,381,3423
1,GET,383,3465
1,GET,385,3381
1,GET,387,3314
1,GET,389,3426
1,GET,391,3312
1,GET,393,3346
1,GET,395,3321
1,GET,397,3332
1,GET,399,3388
1,GET,401,3370
1,GET,403,3224
1,GET,405,3289
1,GET,407,3248
1,GET,409,3307
1,GET,411,3225
1,GET,413,3167
1,GET,415,3121
1,GET,417,3116
1,GET,419,3085
1,GET,421,3061
1,GET,423,2973
1,GET,425,2923
1,GET,427,2937
1,GET,429,2898
1,GET,431,2925
1,GET,433,2945
1,GET,435,2769
1,GET,437,2736
1,GET,439,2692
1,GET,441,2713
1,GET,443,2682
1,GET,445,2617
1,GET,447,2502
1,GET,449,2620
1,GET,451,2463
1,GET,453,2430
1,GET,455,2354
1,GET,457,2396
1,GET,459,2315
1,GET,461,2278
1,GET,463,2280
1,GET,465,2245
1,GET,467,2149
1,GET,469,2159
1,GET,471,2093
1,GET,473,2051
1,GET,475,1965
1,GET,477,1887
1,GET,479,1888
1,GET,481,1843
1,GET,483,1726
1,GET,485,1848
1,GET,487,1714
1,GET,489,1756
1,GET,491,1689
1,GET,493,1704
1,GET,495,1660
1,GET,497,1474
1,GET,499,1547
1,GET,501,1431
1,GET,503,1466
1,GET,505,1411
1,GET,507,1340
1,GET,509,1387
1,GET,511,1268
1,GET,515,2510
1,GET,519,2362
1,GET,523,2369
1,GET,527,2169
1,GET,531,2135
1,GET,535,2011
1,GET,539,1895
1,GET,543,1774
1,GET,547,1694
1,GET,551,1557
1,GET,555,1460
1,GET,559,1566
1,GET,563,1452
1,GET,567,1265
1,GET,571,1229
1,GET,575,1222
1,GET,579,1131
1,GET,583,1106
1,GET,587,1040
1,GET,591,930
1,GET,595,888
1,GET,599,839
1,GET,603,734
1,GET,607,717
1,GET,611,692
1,GET,615,645
1,GET,619,567
1,GET,623,571
1,GET,627,534
1,GET,631,492
1,GET,635,434
1,GET,639,395
1,GET,643,374
1,GET,647,366
1,GET,651,272
1,GET,655,260
1,GET,659,287
1,GET,663,247
1,GET,667,229
1,GET,671,184
1,GET,675,169
1,GET,679,178
1,GET,683,131
1,GET,687,149
1,GET,691,111
1,GET,695,112
1,GET,699,95
1,GET,703,98
1,GET,707,92
1,GET,711,76
1,GET,715,57
1,GET,719,63
1,GET,723,60
1,GET,727,46
1,GET,731,43
1,GET,735,42
1,GET,739,31
1,GET,743,33
1,GET,747,37
1,GET,751,24
1,GET,755,22
1,GET,759,25
1,GET,763,21
1,GET,767,18
1,GET,771,19
1,GET,775,10
1,GET,779,11
1,GET,783,12
1,GET,787,12
1,GET,791,7
1,GET,795,14
1,GET,799,11
1,GET,803,6
1,GET,807,6
1,GET,811,6
1,GET,815,6
1,GET,819,5
1,GET,823,6
1,GET,827,6
1,GET,831,3
1,GET,835,3
1,GET,839,2
1,GET,843,6
1,GET,847,4
1,GET,851,3
1,GET,855,2
1,GET,859,2
1,GET,863,3
1,GET,867,1
1,GET,871,5
1,GET,875,3
1,GET,879,1
1,GET,883,1
1,GET,887,1
1,GET,891,2
1,GET,895,2
1,GET,907,3
1,GET,911,1
1,GET,915,1
1,GET,919,1
1,GET,939,2
1,GET,943,2
1,GET,947,2
1,GET,951,1
1,GET,955,1
1,GET,959,2
1,GET,967,3
1,GET,991,1
1,GET,1023,1
1,GET,1031,1
1,GET,1039,1
1,GET,1047,1
1,GET,1071,1
1,GET,1087,2
1,GET,1103,1
1,GET,1111,1
1,GET,1135,1
1,GET,1143,2
1,GET,1199,1
1,GET,1223,1
1,GET,1231,1
1,GET,1295,1
1,GET,1303,2
1,GET,1327,1
1,GET,1343,1
1,GET,1391,1
1,GET,1399,1
1,GET,1415,1
1,GET,1423,1
1,GET,1455,1
1,GET,1463,1
1,GET,1479,1
1,GET,1487,1
1,GET,1495,1
1,GET,1527,1
1,GET,1535,3
1,GET,1559,1
1,GET,1567,1
1,GET,1583,2
1,GET,1591,1
1,GET,1607,2
1,GET,1615,1
1,GET,1639,1
1,GET,1663,2
1,GET,1671,1
1,GET,1679,1
1,GET,1687,1
1,GET,1703,2
1,GET,1711,1
1,GET,1735,1
1,GET,1751,2
1,GET,1783,1
1,GET,1799,2
1,GET,1823,1
1,GET,1847,1
1,GET,1863,2
1,GET,1871,1
1,GET,1943,2
1,GET,1951,1
1,GET,1967,1
1,GET,1991,1
1,GET,2031,1
1,GET,2039,1
1,GET,2047,1
1,GET,2095,1
1,GET,2127,1
1,GET,2207,1
1,GET,2239,2
1,GET,2431,1
1,GET,2575,1
1,GET,2687,1
1,GET,54015,1
1,GET,54527,1
1,GET,56575,1
1,GET,56831,1
1,GET,57343,1
1,GET,57599,1
1,GET,58111,1
1,GET,59391,1
1,GET,60159,2
1,GET,62207,1
1,GET,63231,1
1,DEL,94,1
1,DEL,96,1
1,DEL,97,1
1,DEL,98,3
1,DEL,100,4
1,DEL,102,2
1,DEL,103,7
1,DEL,104,1
1,DEL,105,1
1,DEL,106,2
1,DEL,107,5
1,DEL,108,3
1,DEL,109,9
1,DEL,110,4
1,DEL,111,4
1,DEL,112,4
1,DEL,113,8
1,DEL,114,7
1,DEL,115,8
1,DEL,116,4
1,DEL,117,8
1,DEL,118,3
1,DEL,119,8
1,DEL,120,7
1,DEL,121,11
1,DEL,122,13
1,DEL,123,12
1,DEL,124,8
1,DEL,125,11
1,DEL,126,8
1,DEL,127,10
1,DEL,128,12
1,DEL,129,22
1,DEL,130,25
1,DEL,131,22
1,DEL,132,19
1,DEL,133,23
1,DEL,134,18
1,DEL,135,22
1,DEL,136,16
1,DEL,137,21
1,DEL,138,18
1,DEL,139,25
1,DEL,140,18
1,DEL,141,22
1,DEL,142,28
1,DEL,143,26
1,DEL,144,28
1,DEL,145,40
1,DEL,146,25
1,DEL,147,32
1,DEL,148,29
1,DEL,149,31
1,DEL,150,29
1,DEL,151,39
1,DEL,152,33
1,DEL,153,37
1,DEL,154,38
1,DEL,155,34
1,DEL,156,42
1,DEL,157,41
1,DEL,158,42
1,DEL,159,30
1,DEL,160,40
1,DEL,161,36
1,DEL,162,39
1,DEL,163,48
1,DEL,164,38
1,DEL,165,46
1,DEL,166,39
1,DEL,167,61
1,DEL,168,48
1,DEL,169,57
1,DEL,170,55
1,DEL,171,51
1,DEL,172,57
1,DEL,173,46
1,DEL,174,59
1,DEL,175,62
1,DEL,176,55
1,DEL,177,67
1,DEL,178,50
1,DEL,179,57
1,DEL,180,75
1,DEL,181,74
1,DEL,182,76
1,DEL,183,66
1,DEL,184,74
1,DEL,185,61
1,DEL,186,70
1,DEL,187,77
1,DEL,188,92
1,DEL,189,89
1,DEL,190,83
1,DEL,191,96
1,DEL,192,89
1,DEL,193,115
1,DEL,194,98
1,DEL,195,94
1,DEL,196,98
1,DEL,197,104
1,DEL,198,124
1,DEL,199,118
1,DEL,200,103
1,DEL,201,129
1,DEL,202,124
1,DEL,203,120
1,DEL,204,117
1,DEL,205,123
1,DEL,206,153
1,DEL,207,142
1,DEL,208,133
1,DEL,209,157
1,DEL,210,130
1,DEL,211,133
1,DEL,212,144
1,DEL,213,133
1,DEL,214,160
1,DEL,215,166
1,DEL,216,158
1,DEL,217,162
1,DEL,218,198
1,DEL,219,188
1,DEL,220,187
1,DEL,221,195
1,DEL,222,177
1,DEL,223,186
1,DEL,224,214
1,DEL,225,195
1,DEL,226,193
1,DEL,227,186
1,DEL,228,204
1,DEL,229,211
1,DEL,230,199
1,DEL,231,220
1,DEL,232,232
1,DEL,233,229
1,DEL,234,228
1,DEL,235,237
1,DEL,236,250
1,DEL,237,220
1,DEL,238,258
1,DEL,239,226
1,DEL,240,245
1,DEL,241,257
1,DEL,242,257
1,DEL,243,293
1,DEL,244,262
1,DEL,245,271
1,DEL,246,277
1,DEL,247,281
1,DEL,248,288
1,DEL,249,300
1,DEL,250,315
1,DEL,251,309
1,DEL,252,335
1,DEL,253,311
1,DEL,254,286
1,DEL,255,343
1,DEL,257,671
1,DEL,259,699
1,DEL,261,689
1,DEL,263,706
1,DEL,265,709
1,DEL,267,748
1,DEL,269,758
1,DEL,271,786
1,DEL,273,843
1,DEL,275,851
1,DEL,277,854
1,DEL,279,875
1,DEL,281,877
1,DEL,283,896
1,DEL,285,920
1,DEL,287,929
1,DEL,289,926
1,DEL,291,948
1,DEL,293,970
1,DEL,295,999
1,DEL,297,954
1,DEL,299,1028
1,DEL,301,968
1,DEL,303,1076
1,DEL,305,1018
1,DEL,307,1065
1,DEL,309,1045
1,DEL,311,1010
1,DEL,313,1043
1,DEL,315,1084
1,DEL,317,1080
1,DEL,319,1078
1,DEL,321,1074
1,DEL,323,1154
1,DEL,325,1115
1,DEL,327,1163
1,DEL,329,1125
1,DEL,331,1138
1,DEL,333,1176
1,DEL,335,1090
1,DEL,337,1169
1,DEL,339,1169
1,DEL,341,1131
1,DEL,343,1199
1,DEL,345,1172
1,DEL,347,1227
1,DEL,349,1195
1,DEL,351,1216
1,DEL,353,1158
1,DEL,355,1235
1,DEL,357,1225
1,DEL,359,1199
1,DEL,361,1212
1,DEL,363,1192
1,DEL,365,1265
1,DEL,367,1222
1,DEL,369,1164
1,DEL,371,1252
1,DEL,373,1238
1,DEL,375,1233
1,DEL,377,1190
1,DEL,379,1153
1,DEL,381,1229
1,DEL,383,1254
1,DEL,385,1287
1,DEL,387,1241
1,DEL,389,1182
1,DEL,391,1221
1,DEL,393,1224
1,DEL,395,1247
1,DEL,397,1250
1,DEL,399,1181
1,DEL,401,1241
1,DEL,403,1220
1,DEL,405,1145
1,DEL,407,1194
1,DEL,409,1164
1,DEL,411,1166
1,DEL,413,1096
1,DEL,415,1142
1,DEL,417,1124
1,DEL,419,1114
1,DEL,421,1112
1,DEL,423,1066
1,DEL,425,1149
1,DEL,427,1035
1,DEL,429,1024
1,DEL,431,1011
1,DEL,433,1065
1,DEL,435,963
1,DEL,437,986
1,DEL,439,982
1,DEL,441,977
1,DEL,443,970
1,DEL,445,931
1,DEL,447,965
1,DEL,449,924
1,DEL,451,875
1,DEL,453,843
1,DEL,455,866
1,DEL,457,818
1,DEL,459,855
1,DEL,461,883
1,DEL,463,817
1,DEL,465,805
1,DEL,467,803
1,DEL,469,803
1,DEL,471,684
1,DEL,473,708
1,DEL,475,722
1,DEL,477,710
1,DEL,479,656
1,DEL,481,690
1,DEL,483,637
1,DEL,485,624
1,DEL,487,610
1,DEL,489,609
1,DEL,491,579
1,DEL,493,567
1,DEL,495,577
1,DEL,497,548
1,DEL,499,573
1,DEL,501,578
1,DEL,503,535
1,DEL,505,538
1,DEL,507,520
1,DEL,509,464
1,DEL,511,460
1,DEL,515,906
1,DEL,519,840
1,DEL,523,827
1,DEL,527,770
1,DEL,531,749
1,DEL,535,694
1,DEL,539,679
1,DEL,543,684
1,DEL,547,609
1,DEL,551,601
1,DEL,555,579
1,DEL,559,565
1,DEL,563,493
1,DEL,567,483
1,DEL,571,425
1,DEL,575,408
1,DEL,579,409
1,DEL,583,378
1,DEL,587,390
1,DEL,591,350
1,DEL,595,312
1,DEL,599,300
1,DEL,603,273
1,DEL,607,274
1,DEL,611,232
1,DEL,615,224
1,DEL,619,217
1,DEL,623,227
1,DEL,627,185
1,DEL,631,150
1,DEL,635,152
1,DEL,639,142
1,DEL,643,142
1,DEL,647,156
1,DEL,651,101
1,DEL,655,102
1,DEL,659,106
1,DEL,663,83
1,DEL,667,87
1,DEL,671,58
1,DEL,675,71
1,DEL,679,63
1,DEL,683,73
1,DEL,687,60
1,DEL,691,41
1,DEL,695,43
1,DEL,699,32
1,DEL,703,32
1,DEL,707,27
1,DEL,711,36
1,DEL,715,25
1,DEL,719,21
1,DEL,723,26
1,DEL,727,15
1,DEL,731,12
1,DEL,735,12
1,DEL,739,11
1,DEL,743,12
1,DEL,747,9
1,DEL,751,10
1,DEL,755,12
1,DEL,759,11
1,DEL,763,8
1,DEL,767,8
1,DEL,771,4
1,DEL,775,4
1,DEL,779,6
1,DEL,783,3
1,DEL,787,6
1,DEL,791,4
1,DEL,795,5
1,DEL,803,2
1,DEL,811,3
1,DEL,819,3
1,DEL,827,1
1,DEL,831,1
1,DEL,835,1
1,DEL,839,1
1,DEL,843,3
1,DEL,847,2
1,DEL,859,1
1,DEL,867,1
1,DEL,871,2
1,DEL,887,1
1,DEL,891,1
1,DEL,911,1
1,DEL,939,1
1,DEL,1047,1
1,DEL,1063,1
1,DEL,1215,1
1,DEL,1263,1
1,DEL,1343,2
1,DEL,1399,1
1,DEL,1415,1
1,DEL,1423,1
1,DEL,1431,1
1,DEL,1495,1
1,DEL,1511,1
1,DEL,1567,1
1,DEL,1575,1
1,DEL,1599,1
1,DEL,1607,1
1,DEL,1623,1
1,DEL,1655,1
1,DEL,1671,1
1,DEL,1687,1
1,DEL,1703,1
1,DEL,1719,1
1,DEL,1791,1
1,DEL,1815,2
1,DEL,1831,1
1,DEL,1839,1
1,DEL,1895,1
1,DEL,1903,1
1,DEL,1927,1
1,DEL,1935,1
1,DEL,1951,1
1,DEL,1959,1
1,DEL,2159,1
1,DEL,2207,1
1,DEL,2303,2
1,DEL,2399,1
1,DEL,60671,1
1,DEL,64255,1
1,SET,95,1
1,SET,97,1
1,SET,106,2
1,SET,110,1
1,SET,111,1
1,SET,112,1
1,SET,113,1
1,SET,114,1
1,SET,115,4
1,SET,116,1
1,SET,117,1
1,SET,118,4
1,SET,119,1
1,SET,120,5
1,SET,121,3
1,SET,122,1
1,SET,123,1
1,SET,124,1
1,SET,126,2
1,SET,127,4
1,SET,128,1
1,SET,129,3
1,SET,130,2
1,SET,131,2
1,SET,132,5
1,SET,133,4
1,SET,134,2
1,SET,135,3
1,SET,136,5
1,SET,137,2
1,SET,138,4
1,SET,139,2
1,SET,140,7
1,SET,141,3
1,SET,142,3
1,SET,143,6
1,SET,144,7
1,SET,145,8
1,SET,146,3
1,SET,147,7
1,SET,148,4
1,SET,149,3
1,SET,150,5
1,SET,151,5
1,SET,152,8
1,SET,153,4
1,SET,154,5
1,SET,155,7
1,SET,156,9
1,SET,157,3
1,SET,158,4
1,SET,159,4
1,SET,160,4
1,SET,161,6
1,SET,162,11
1,SET,163,7
1,SET,164,11
1,SET,165,6
1,SET,166,9
1,SET,167,6
1,SET,168,9
1,SET,169,14
1,SET,170,8
1,SET,171,11
1,SET,172,10
1,SET,173,10
1,SET,174,5
1,SET,175,10
1,SET,176,10
1,SET,177,11
1,SET,178,12
1,SET,179,9
1,SET,180,14
1,SET,181,17
1,SET,182,19
1,SET,183,14
1,SET,184,20
1,SET,185,11
1,SET,186,12
1,SET,187,15
1,SET,188,21
1,SET,189,13
1,SET,190,15
1,SET,191,19
1,SET,192,25
1,SET,193,19
1,SET,194,16
1,SET,195,13
1,SET,196,21
1,SET,197,23
1,SET,198,22
1,SET,199,16
1,SET,200,26
1,SET,201,21
1,SET,202,23
1,SET,203,19
1,SET,204,30
1,SET,205,27
1,SET,206,29
1,SET,207,28
1,SET,208,26
1,SET,209,32
1,SET,210,18
1,SET,211,27
1,SET,212,34
1,SET,213,29
1,SET,214,27
1,SET,215,26
1,SET,216,22
1,SET,217,29
1,SET,218,21
1,SET,219,39
1,SET,220,48
1,SET,221,34
1,SET,222,34
1,SET,223,47
1,SET,224,34
1,SET,225,44
1,SET,226,42
1,SET,227,37
1,SET,228,37
1,SET,229,46
1,SET,230,41
1,SET,231,43
1,SET,232,46
1,SET,233,48
1,SET,234,42
1,SET,235,57
1,SET,236,30
1,SET,237,52
1,SET,238,57
1,SET,239,42
1,SET,240,59
1,SET,241,52
1,SET,242,61
1,SET,243,57
1,SET,244,49
1,SET,245,60
1,SET,246,44
1,SET,247,63
1,SET,248,73
1,SET,249,61
1,SET,250,71
1,SET,251,70
1,SET,252,63
1,SET,253,58
1,SET,254,58
1,SET,255,70
1,SET,257,124
1,SET,259,139
1,SET,261,144
1,SET,263,160
1,SET,265,164
1,SET,267,154
1,SET,269,161
1,SET,271,175
1,SET,273,191
1,SET,275,172
1,SET,277,179
1,SET,279,186
1,SET,281,164
1,SET,283,172
1,SET,285,212
1,SET,287,191
1,SET,289,164
1,SET,291,192
1,SET,293,208
1,SET,295,189
1,SET,297,194
1,SET,299,186
1,SET,301,219
1,SET,303,217
1,SET,305,195
1,SET,307,206
1,SET,309,239
1,SET,311,232
1,SET,313,182
1,SET,315,214
1,SET,317,206
1,SET,319,222
1,SET,321,214
1,SET,323,223
1,SET,325,232
1,SET,327,234
1,SET,329,254
1,SET,331,230
1,SET,333,206
1,SET,335,243
1,SET,337,219
1,SET,339,240
1,SET,341,219
1,SET,343,240
1,SET,345,245
1,SET,347,238
1,SET,349,224
1,SET,351,252
1,SET,353,246
1,SET,355,240
1,SET,357,252
1,SET,359,227
1,SET,361,245
1,SET,363,237
1,SET,365,227
1,SET,367,230
1,SET,369,252
1,SET,371,225
1,SET,373,232
1,SET,375,267
1,SET,377,234
1,SET,379,235
1,SET,381,236
1,SET,383,222
1,SET,385,241
1,SET,387,241
1,SET,389,244
1,SET,391,236
1,SET,393,201
1,SET,395,244
1,SET,397,244
1,SET,399,217
1,SET,401,259
1,SET,403,262
1,SET,405,227
1,SET,407,245
1,SET,409,230
1,SET,411,236
1,SET,413,207
1,SET,415,216
1,SET,417,200
1,SET,419,209
1,SET,421,227
1,SET,423,238
1,SET,425,217
1,SET,427,216
1,SET,429,212
1,SET,431,217
1,SET,433,218
1,SET,435,204
1,SET,437,190
1,SET,439,204
1,SET,441,189
1,SET,443,211
1,SET,445,195
1,SET,447,190
1,SET,449,178
1,SET,451,170
1,SET,453,175
1,SET,455,169
1,SET,457,167
1,SET,459,149
1,SET,461,175
1,SET,463,160
1,SET,465,166
1,SET,467,156
1,SET,469,132
1,SET,471,167
1,SET,473,146
1,SET,475,146
1,SET,477,147
1,SET,479,124
1,SET,481,140
1,SET,483,119
1,SET,485,136
1,SET,487,129
1,SET,489,116
1,SET,491,132
1,SET,493,108
1,SET,495,97
1,SET,497,115
1,SET,499,119
1,SET,501,105
1,SET,503,115
1,SET,505,96
1,SET,507,109
1,SET,509,100
1,SET,511,92
1,SET,515,172
1,SET,519,189
1,SET,523,180
1,SET,527,160
1,SET,531,166
1,SET,535,147
1,SET,539,150
1,SET,543,132
1,SET,547,114
1,SET,551,119
1,SET,555,123
1,SET,559,125
1,SET,563,90
1,SET,567,90
1,SET,571,84
1,SET,575,85
1,SET,579,83
1,SET,583,78
1,SET,587,64
1,SET,591,68
1,SET,595,59
1,SET,599,53
1,SET,603,49
1,SET,607,47
1,SET,611,53
1,SET,615,48
1,SET,619,39
1,SET,623,42
1,SET,627,42
1,SET,631,38
1,SET,635,33
1,SET,639,34
1,SET,643,26
1,SET,647,19
1,SET,651,19
1,SET,655,19
1,SET,659,30
1,SET,663,22
1,SET,667,17
1,SET,671,12
1,SET,675,11
1,SET,679,12
1,SET,683,15
1,SET,687,7
1,SET,691,7
1,SET,695,6
1,SET,699,2
1,SET,703,4
1,SET,707,7
1,SET,711,4
1,SET,715,6
1,SET,719,5
1,SET,723,6
1,SET,727,1
1,SET,731,6
1,SET,735,4
1,SET,739,6
1,SET,743,3
1,SET,747,4
1,SET,751,1
1,SET,759,2
1,SET,763,4
1,SET,771,2
1,SET,775,1
1,SET,783,1
1,SET,787,2
1,SET,791,1
1,SET,799,1
1,SET,803,1
1,SET,807,1
1,SET,811,1
1,SET,823,1
1,SET,847,2
1,SET,887,1
1,SET,935,1
1,SET,987,1
1,SET,1095,1
1,SET,1623,1
1,SET,1735,1
1,SET,1919,1
1,SET,2447,1
1,SET,52223,1
1,SET,56319,1
2,DEL,86,1
2,DEL,88,1
2,DEL,89,1
2,DEL,91,1
2,DEL,93,2
2,DEL,95,2
2,DEL,96,2
2,DEL,97,1
2,DEL,99,2
2,DEL,100,4
2,DEL,101,3
2,DEL,102,4
2,DEL,103,3
2,DEL,104,4
2,DEL,105,3
2,DEL,106,6
2,DEL,107,4
2,DEL,108,7
2,DEL,109,13
2,DEL,110,3
2,DEL,111,9
2,DEL,112,9
2,DEL,113,8
2,DEL,114,14
2,DEL,115,12
2,DEL,116,8
2,DEL,117,9
2,DEL,118,7
2,DEL,119,12
2,DEL,120,18
2,DEL,121,13
2,DEL,122,9
2,DEL,123,13
2,DEL,124,15
2,DEL,125,14
2,DEL,126,15
2,DEL,127,12
2,DEL,128,19
2,DEL,129,30
2,DEL,130,25
2,DEL,131,19
2,DEL,132,33
2,DEL,133,26
2,DEL,134,30
2,DEL,135,28
2,DEL,136,23
2,DEL,137,36
2,DEL,138,26
2,DEL,139,32
2,DEL,140,36
2,DEL,141,33
2,DEL,142,42
2,DEL,143,42
2,DEL,144,38
2,DEL,145,32
2,DEL,146,34
2,DEL,147,45
2,DEL,148,27
2,DEL,149,47
2,DEL,150,44
2,DEL,151,36
2,DEL,152,52
2,DEL,153,51
2,DEL,154,45
2,DEL,155,49
2,DEL,156,62
2,DEL,157,69
2,DEL,158,43
2,DEL,159,48
2,DEL,160,45
2,DEL,161,45
2,DEL,162,59
2,DEL,163,70
2,DEL,164,60
2,DEL,165,55
2,DEL,166,65
2,DEL,167,57
2,DEL,168,71
2,DEL,169,93
2,DEL,170,70
2,DEL,171,59
2,DEL,172,73
2,DEL,173,78
2,DEL,174,60
2,DEL,175,78
2,DEL,176,76
2,DEL,177,93
2,DEL,178,79
2,DEL,179,58
2,DEL,180,85
2,DEL,181,95
2,DEL,182,79
2,DEL,183,82
2,DEL,184,89
2,DEL,185,95
2,DEL,186,90
2,DEL,187,97
2,DEL,188,100
2,DEL,189,116
2,DEL,190,107
2,DEL,191,92
2,DEL,192,99
2,DEL,193,105
2,DEL,194,98
2,DEL,195,114
2,DEL,196,123
2,DEL,197,134
2,DEL,198,119
2,DEL,199,120
2,DEL,200,140
2,DEL,201,118
2,DEL,202,121
2,DEL,203,113
2,DEL,204,109
2,DEL,205,119
2,DEL,206,145
2,DEL,207,159
2,DEL,208,137
2,DEL,209,145
2,DEL,210,118
2,DEL,211,131
2,DEL,212,133
2,DEL,213,148
2,DEL,214,156
2,DEL,215,130
2,DEL,216,146
2,DEL,217,147
2,DEL,218,171
2,DEL,219,209
2,DEL,220,149
2,DEL,221,170
2,DEL,222,195
2,DEL,223,179
2,DEL,224,153
2,DEL,225,200
2,DEL,226,186
2,DEL,227,201
2,DEL,228,173
2,DEL,229,204
2,DEL,230,214
2,DEL,231,199
2,DEL,232,199
2,DEL,233,216
2,DEL,234,201
2,DEL,235,231
2,DEL,236,211
2,DEL,237,233
2,DEL,238,243
2,DEL,239,245
2,DEL,240,261
2,DEL,241,254
2,DEL,242,244
2,DEL,243,239
2,DEL,244,273
2,DEL,245,258
2,DEL,246,294
2,DEL,247,252
2,DEL,248,296
2,DEL,249,269
2,DEL,250,323
2,DEL,251,268
2,DEL,252,298
2,DEL,253,304
2,DEL,254,267
2,DEL,255,348
2,DEL,257,655
2,DEL,259,598
2,DEL,261,640
2,DEL,263,668
2,DEL,265,659
2,DEL,267,726
2,DEL,269,779
2,DEL,271,717
2,DEL,273,733
2,DEL,275,768
2,DEL,277,811
2,DEL,279,762
2,DEL,281,847
2,DEL,283,883
2,DEL,285,843
2,DEL,287,871
2,DEL,289,934
2,DEL,291,899
2,DEL,293,912
2,DEL,295,854
2,DEL,297,981
2,DEL,299,960
2,DEL,301,986
2,DEL,303,1029
2,DEL,305,1036
2,DEL,307,1016
2,DEL,309,979
2,DEL,311,1051
2,DEL,313,1043
2,DEL,315,1084
2,DEL,317,1024
2,DEL,319,1008
2,DEL,321,1054
2,DEL,323,1091
2,DEL,325,1081
2,DEL,327,1155
2,DEL,329,1120
2,DEL,331,1119
2,DEL,333,1156
2,DEL,335,1120
2,DEL,337,1176
2,DEL,339,1160
2,DEL,341,1167
2,DEL,343,1074
2,DEL,345,1147
2,DEL,347,1177
2,DEL,349,1208
2,DEL,351,1169
2,DEL,353,1203
2,DEL,355,1170
2,DEL,357,1162
2,DEL,359,1235
2,DEL,361,1196
2,DEL,363,1174
2,DEL,365,1153
2,DEL,367,1209
2,DEL,369,1258
2,DEL,371,1207
2,DEL,373,1225
2,DEL,375,1198
2,DEL,377,1202
2,DEL,379,1201
2,DEL,381,1255
2,DEL,383,1220
2,DEL,385,1167
2,DEL,387,1205
2,DEL,389,1288
2,DEL,391,1234
2,DEL,393,1186
2,DEL,395,1177
2,DEL,397,1253
2,DEL,399,1213
2,DEL,401,1198
2,DEL,403,1146
2,DEL,405,1173
2,DEL,407,1269
2,DEL,409,1227
2,DEL,411,1144
2,DEL,413,1138
2,DEL,415,1115
2,DEL,417,1144
2,DEL,419,1150
2,DEL,421,1109
2,DEL,423,1093
2,DEL,425,1103
2,DEL,427,1034
2,DEL,429,1057
2,DEL,431,1028
2,DEL,433,996
2,DEL,435,987
2,DEL,437,1020
2,DEL,439,963
2,DEL,441,981
2,DEL,443,951
2,DEL,445,995
2,DEL,447,940
2,DEL,449,1029
2,DEL,451,927
2,DEL,453,942
2,DEL,455,891
2,DEL,457,860
2,DEL,459,892
2,DEL,461,872
2,DEL,463,803
2,DEL,465,846
2,DEL,467,796
2,DEL,469,814
2,DEL,471,816
2,DEL,473,705
2,DEL,475,745
2,DEL,477,755
2,DEL,479,711
2,DEL,481,699
2,DEL,483,697
2,DEL,485,687
2,DEL,487,608
2,DEL,489,680
2,DEL,491,629
2,DEL,493,615
2,DEL,495,609
2,DEL,497,577
2,DEL,499,575
2,DEL,501,586
2,DEL,503,527
2,DEL,505,537
2,DEL,507,534
2,DEL,509,555
2,DEL,511,536
2,DEL,515,1000
2,DEL,519,938
2,DEL,523,908
2,DEL,527,787
2,DEL,531,749
2,DEL,535,785
2,DEL,539,721
2,DEL,543,703
2,DEL,547,624
2,DEL,551,611
2,DEL,555,563
2,DEL,559,532
2,DEL,563,536
2,DEL,567,501
2,DEL,571,485
2,DEL,575,455
2,DEL,579,432
2,DEL,583,398
2,DEL,587,400
2,DEL,591,358
2,DEL,595,357
2,DEL,599,343
2,DEL,603,312
2,DEL,607,273
2,DEL,611,266
2,DEL,615,232
2,DEL,619,227
2,DEL,623,210
2,DEL,627,198
2,DEL,631,195
2,DEL,635,201
2,DEL,639,148
2,DEL,643,160
2,DEL,647,128
2,DEL,651,107
2,DEL,655,116
2,DEL,659,96
2,DEL,663,86
2,DEL,667,98
2,DEL,671,82
2,DEL,675,60
2,DEL,679,70
2,DEL,683,63
2,DEL,687,58
2,DEL,691,43
2,DEL,695,47
2,DEL,699,41
2,DEL,703,39
2,DEL,707,28
2,DEL,711,35
2,DEL,715,35
2,DEL,719,30
2,DEL,723,24
2,DEL,727,19
2,DEL,731,11
2,DEL,735,15
2,DEL,739,13
2,DEL,743,15
2,DEL,747,17
2,DEL,751,8
2,DEL,755,8
2,DEL,759,7
2,DEL,763,9
2,DEL,767,10
2,DEL,771,8
2,DEL,775,7
2,DEL,779,3
2,DEL,783,4
2,DEL,787,5
2,DEL,791,4
2,DEL,795,2
2,DEL,803,2
2,DEL,807,2
2,DEL,811,2
2,DEL,819,6
2,DEL,823,2
2,DEL,831,3
2,DEL,835,3
2,DEL,839,1
2,DEL,843,1
2,DEL,847,1
2,DEL,859,2
2,DEL,863,1
2,DEL,875,1
2,DEL,879,2
2,DEL,883,1
2,DEL,895,1
2,DEL,903,1
2,DEL,915,1
2,DEL,923,1
2,DEL,979,1
2,DEL,1055,1
2,DEL,1079,1
2,DEL,1127,2
2,DEL,1223,1
2,DEL,1255,1
2,DEL,1351,1
2,DEL,1383,1
2,DEL,1471,1
2,DEL,1479,2
2,DEL,1487,1
2,DEL,1495,1
2,DEL,1567,1
2,DEL,1575,1
2,DEL,1583,1
2,DEL,1591,1
2,DEL,1663,1
2,DEL,1735,1
2,DEL,1751,3
2,DEL,1783,1
2,DEL,1847,1
2,DEL,1863,1
2,DEL,1943,1
2,DEL,2023,1
2,DEL,2031,1
2,DEL,2127,1
2,DEL,2303,1
2,DEL,2351,1
2,DEL,2415,1
2,DEL,54015,1
2,DEL,55807,1
2,DEL,57855,1
2,DEL,60927,1
2,DEL,61695,1
2,SET,97,1
2,SET,107,1
2,SET,108,1
2,SET,110,2
2,SET,111,2
2,SET,112,1
2,SET,113,1
2,SET,114,1
2,SET,115,3
2,SET,116,1
2,SET,117,4
2,SET,118,1
2,SET,119,2
2,SET,121,1
2,SET,123,3
2,SET,124,4
2,SET,125,6
2,SET,126,6
2,SET,127,5
2,SET,128,2
2,SET,129,2
2,SET,130,4
2,SET,131,5
2,SET,132,5
2,SET,133,3
2,SET,134,5
2,SET,135,5
2,SET,136,2
2,SET,137,5
2,SET,138,8
2,SET,139,10
2,SET,140,8
2,SET,141,6
2,SET,142,12
2,SET,143,4
2,SET,144,5
2,SET,145,11
2,SET,146,5
2,SET,147,10
2,SET,148,5
2,SET,149,7
2,SET,150,9
2,SET,151,7
2,SET,152,7
2,SET,153,14
2,SET,154,10
2,SET,155,9
2,SET,156,7
2,SET,157,5
2,SET,158,9
2,SET,159,9
2,SET,160,11
2,SET,161,14
2,SET,162,9
2,SET,163,4
2,SET,164,9
2,SET,165,6
2,SET,166,14
2,SET,167,9
2,SET,168,17
2,SET,169,9
2,SET,170,8
2,SET,171,20
2,SET,172,12
2,SET,173,15
2,SET,174,12
2,SET,175,19
2,SET,176,18
2,SET,177,12
2,SET,178,18
2,SET,179,17
2,SET,180,24
2,SET,181,16
2,SET,182,11
2,SET,183,16
2,SET,184,15
2,SET,185,15
2,SET,186,16
2,SET,187,19
2,SET,188,17
2,SET,189,21
2,SET,190,14
2,SET,191,20
2,SET,192,20
2,SET,193,29
2,SET,194,20
2,SET,195,25
2,SET,196,25
2,SET,197,27
2,SET,198,15
2,SET,199,25
2,SET,200,20
2,SET,201,23
2,SET,202,28
2,SET,203,27
2,SET,204,26
2,SET,205,28
2,SET,206,17
2,SET,207,21
2,SET,208,25
2,SET,209,33
2,SET,210,24
2,SET,211,25
2,SET,212,20
2,SET,213,28
2,SET,214,27
2,SET,215,41
2,SET,216,35
2,SET,217,33
2,SET,218,29
2,SET,219,31
2,SET,220,27
2,SET,221,28
2,SET,222,38
2,SET,223,41
2,SET,224,39
2,SET,225,43
2,SET,226,32
2,SET,227,28
2,SET,228,41
2,SET,229,35
2,SET,230,33
2,SET,231,40
2,SET,232,38
2,SET,233,49
2,SET,234,31
2,SET,235,39
2,SET,236,46
2,SET,237,37
2,SET,238,45
2,SET,239,38
2,SET,240,50
2,SET,241,47
2,SET,242,44
2,SET,243,52
2,SET,244,50
2,SET,245,36
2,SET,246,57
2,SET,247,43
2,SET,248,52
2,SET,249,53
2,SET,250,52
2,SET,251,48
2,SET,252,46
2,SET,253,55
2,SET,254,58
2,SET,255,49
2,SET,257,101
2,SET,259,125
2,SET,261,135
2,SET,263,103
2,SET,265,141
2,SET,267,145
2,SET,269,147
2,SET,271,145
2,SET,273,148
2,SET,275,155
2,SET,277,170
2,SET,279,158
2,SET,281,153
2,SET,283,176
2,SET,285,176
2,SET,287,158
2,SET,289,170
2,SET,291,158
2,SET,293,186
2,SET,295,191
2,SET,297,189
2,SET,299,172
2,SET,301,188
2,SET,303,192
2,SET,305,223
2,SET,307,192
2,SET,309,175
2,SET,311,194
2,SET,313,185
2,SET,315,203
2,SET,317,197
2,SET,319,208
2,SET,321,215
2,SET,323,230
2,SET,325,204
2,SET,327,212
2,SET,329,221
2,SET,331,234
2,SET,333,203
2,SET,335,225
2,SET,337,249
2,SET,339,235
2,SET,341,221
2,SET,343,232
2,SET,345,247
2,SET,347,206
2,SET,349,213
2,SET,351,208
2,SET,353,236
2,SET,355,225
2,SET,357,243
2,SET,359,233
2,SET,361,236
2,SET,363,246
2,SET,365,232
2,SET,367,227
2,SET,369,241
2,SET,371,216
2,SET,373,247
2,SET,375,250
2,SET,377,254
2,SET,379,214
2,SET,381,277
2,SET,383,247
2,SET,385,271
2,SET,387,255
2,SET,389,242
2,SET,391,246
2,SET,393,263
2,SET,395,264
2,SET,397,227
2,SET,399,250
2,SET,401,224
2,SET,403,242
2,SET,405,229
2,SET,407,220
2,SET,409,210
2,SET,411,238
2,SET,413,232
2,SET,415,237
2,SET,417,232
2,SET,419,227
2,SET,421,216
2,SET,423,233
2,SET,425,216
2,SET,427,255
2,SET,429,230
2,SET,431,216
2,SET,433,201
2,SET,435,193
2,SET,437,216
2,SET,439,192
2,SET,441,198
2,SET,443,188
2,SET,445,208
2,SET,447,179
2,SET,449,177
2,SET,451,156
2,SET,453,184
2,SET,455,188
2,SET,457,189
2,SET,459,164
2,SET,461,156
2,SET,463,177
2,SET,465,176
2,SET,467,164
2,SET,469,156
2,SET,471,152
2,SET,473,138
2,SET,475,144
2,SET,477,149
2,SET,479,155
2,SET,481,148
2,SET,483,127
2,SET,485,139
2,SET,487,130
2,SET,489,140
2,SET,491,122
2,SET,493,126
2,SET,495,119
2,SET,497,100
2,SET,499,106
2,SET,501,118
2,SET,503,121
2,SET,505,123
2,SET,507,92
2,SET,509,82
2,SET,511,107
2,SET,515,192
2,SET,519,185
2,SET,523,180
2,SET,527,174
2,SET,531,164
2,SET,535,161
2,SET,539,155
2,SET,543,131
2,SET,547,124
2,SET,551,124
2,SET,555,107
2,SET,559,125
2,SET,563,102
2,SET,567,89
2,SET,571,98
2,SET,575,82
2,SET,579,80
2,SET,583,77
2,SET,587,70
2,SET,591,65
2,SET,595,75
2,SET,599,66
2,SET,603,43
2,SET,607,53
2,SET,611,57
2,SET,615,48
2,SET,619,52
2,SET,623,42
2,SET,627,38
2,SET,631,36
2,SET,635,25
2,SET,639,29
2,SET,643,32
2,SET,647,18
2,SET,651,18
2,SET,655,19
2,SET,659,30
2,SET,663,24
2,SET,667,17
2,SET,671,28
2,SET,675,15
2,SET,679,16
2,SET,683,15
2,SET,687,16
2,SET,691,11
2,SET,695,7
2,SET,699,4
2,SET,703,9
2,SET,707,10
2,SET,711,8
2,SET,715,5
2,SET,719,2
2,SET,723,5
2,SET,727,5
2,SET,731,3
2,SET,735,5
2,SET,739,6
2,SET,743,2
2,SET,747,2
2,SET,751,2
2,SET,755,1
2,SET,759,3
2,SET,763,1
2,SET,767,1
2,SET,771,5
2,SET,775,1
2,SET,791,1
2,SET,795,1
2,SET,803,1
2,SET,807,2
2,SET,811,2
2,SET,815,1
2,SET,827,1
2,SET,835,1
2,SET,851,2
2,SET,971,1
2,SET,1031,1
2,SET,1407,1
2,SET,1423,1
2,SET,1479,1
2,SET,1487,1
2,SET,1495,1
2,SET,1567,1
2,SET,1655,1
2,SET,2031,1
2,SET,2039,1
2,SET,2479,1
2,SET,3439,1
2,SET,3743,1
2,SET,65535,1
2,GET,90,2
2,GET,91,1
2,GET,92,2
2,GET,94,4
2,GET,95,2
2,GET,96,3
2,GET,97,1
2,GET,98,2
2,GET,99,4
2,GET,100,5
2,GET,101,6
2,GET,102,11
2,GET,103,9
2,GET,104,12
2,GET,105,9
2,GET,106,14
2,GET,107,10
2,GET,108,13
2,GET,109,12
2,GET,110,11
2,GET,111,29
2,GET,112,26
2,GET,113,20
2,GET,114,26
2,GET,115,28
2,GET,116,33
2,GET,117,31
2,GET,118,35
2,GET,119,34
2,GET,120,43
2,GET,121,28
2,GET,122,45
2,GET,123,57
2,GET,124,45
2,GET,125,54
2,GET,126,58
2,GET,127,51
2,GET,128,51
2,GET,129,70
2,GET,130,66
2,GET,131,64
2,GET,132,65
2,GET,133,95
2,GET,134,71
2,GET,135,86
2,GET,136,77
2,GET,137,80
2,GET,138,78
2,GET,139,89
2,GET,140,99
2,GET,141,96
2,GET,142,95
2,GET,143,87
2,GET,144,121
2,GET,145,126
2,GET,146,108
2,GET,147,109
2,GET,148,127
2,GET,149,127
2,GET,150,135
2,GET,151,135
2,GET,152,122
2,GET,153,117
2,GET,154,142
2,GET,155,134
2,GET,156,145
2,GET,157,146
2,GET,158,153
2,GET,159,155
2,GET,160,164
2,GET,161,156
2,GET,162,141
2,GET,163,159
2,GET,164,162
2,GET,165,177
2,GET,166,177
2,GET,167,205
2,GET,168,161
2,GET,169,184
2,GET,170,196
2,GET,171,202
2,GET,172,197
2,GET,173,194
2,GET,174,199
2,GET,175,244
2,GET,176,235
2,GET,177,240
2,GET,178,256
2,GET,179,211
2,GET,180,228
2,GET,181,242
2,GET,182,212
2,GET,183,241
2,GET,184,260
2,GET,185,250
2,GET,186,252
2,GET,187,275
2,GET,188,249
2,GET,189,260
2,GET,190,293
2,GET,191,276
2,GET,192,283
2,GET,193,290
2,GET,194,331
2,GET,195,346
2,GET,196,299
2,GET,197,310
2,GET,198,332
2,GET,199,313
2,GET,200,339
2,GET,201,377
2,GET,202,351
2,GET,203,363
2,GET,204,326
2,GET,205,350
2,GET,206,400
2,GET,207,402
2,GET,208,346
2,GET,209,367
2,GET,210,410
2,GET,211,414
2,GET,212,424
2,GET,213,396
2,GET,214,398
2,GET,215,479
2,GET,216,465
2,GET,217,490
2,GET,218,431
2,GET,219,470
2,GET,220,507
2,GET,221,498
2,GET,222,500
2,GET,223,538
2,GET,224,476
2,GET,225,556
2,GET,226,580
2,GET,227,572
2,GET,228,573
2,GET,229,591
2,GET,230,582
2,GET,231,623
2,GET,232,637
2,GET,233,638
2,GET,234,623
2,GET,235,632
2,GET,236,615
2,GET,237,654
2,GET,238,646
2,GET,239,704
2,GET,240,661
2,GET,241,691
2,GET,242,685
2,GET,243,690
2,GET,244,744
2,GET,245,753
2,GET,246,748
2,GET,247,751
2,GET,248,755
2,GET,249,782
2,GET,250,856
2,GET,251,816
2,GET,252,881
2,GET,253,783
2,GET,254,802
2,GET,255,897
2,GET,257,1783
2,GET,259,1771
2,GET,261,1768
2,GET,263,1849
2,GET,265,1953
2,GET,267,1959
2,GET,269,1999
2,GET,271,2046
2,GET,273,2083
2,GET,275,2118
2,GET,277,2297
2,GET,279,2247
2,GET,281,2310
2,GET,283,2254
2,GET,285,2346
2,GET,287,2427
2,GET,289,2528
2,GET,291,2490
2,GET,293,2557
2,GET,295,2643
2,GET,297,2696
2,GET,299,2651
2,GET,301,2755
2,GET,303,2720
2,GET,305,2775
2,GET,307,2731
2,GET,309,2739
2,GET,311,2822
2,GET,313,2925
2,GET,315,2878
2,GET,317,2909
2,GET,319,2975
2,GET,321,2921
2,GET,323,3047
2,GET,325,3021
2,GET,327,3183
2,GET,329,3102
2,GET,331,3110
2,GET,333,3127
2,GET,335,2998
2,GET,337,3212
2,GET,339,3149
2,GET,341,3194
2,GET,343,3342
2,GET,345,3319
2,GET,347,3246
2,GET,349,3236
2,GET,351,3317
2,GET,353,3269
2,GET,355,3221
2,GET,357,3288
2,GET,359,3433
2,GET,361,3357
2,GET,363,3327
2,GET,365,3417
2,GET,367,3374
2,GET,369,3405
2,GET,371,3376
2,GET,373,3489
2,GET,375,3428
2,GET,377,3417
2,GET,379,3343
2,GET,381,3414
2,GET,383,3377
2,GET,385,3480
2,GET,387,3421
2,GET,389,3363
2,GET,391,3342
2,GET,393,3416
2,GET,395,3413
2,GET,397,3255
2,GET,399,3320
2,GET,401,3365
2,GET,403,3392
2,GET,405,3287
2,GET,407,3386
2,GET,409,3185
2,GET,411,3196
2,GET,413,3182
2,GET,415,3216
2,GET,417,3164
2,GET,419,3124
2,GET,421,3106
2,GET,423,3108
2,GET,425,3038
2,GET,427,2989
2,GET,429,2982
2,GET,431,3007
2,GET,433,2875
2,GET,435,2880
2,GET,437,2780
2,GET,439,2769
2,GET,441,2791
2,GET,443,2785
2,GET,445,2580
2,GET,447,2677
2,GET,449,2564
2,GET,451,2633
2,GET,453,2512
2,GET,455,2497
2,GET,457,2465
2,GET,459,2348
2,GET,461,2350
2,GET,463,2251
2,GET,465,2159
2,GET,467,2358
2,GET,469,2090
2,GET,471,2079
2,GET,473,2034
2,GET,475,2013
2,GET,477,2047
2,GET,479,2006
2,GET,481,1936
2,GET,483,1885
2,GET,485,1856
2,GET,487,1810
2,GET,489,1751
2,GET,491,1736
2,GET,493,1730
2,GET,495,1595
2,GET,497,1660
2,GET,499,1587
2,GET,501,1606
2,GET,503,1396
2,GET,505,1450
2,GET,507,1447
2,GET,509,1416
2,GET,511,1389
2,GET,515,2621
2,GET,519,2602
2,GET,523,2443
2,GET,527,2349
2,GET,531,2182
2,GET,535,2120
2,GET,539,1963
2,GET,543,1967
2,GET,547,1837
2,GET,551,1684
2,GET,555,1616
2,GET,559,1509
2,GET,563,1452
2,GET,567,1400
2,GET,571,1303
2,GET,575,1303
2,GET,579,1150
2,GET,583,1131
2,GET,587,1097
2,GET,591,985
2,GET,595,938
2,GET,599,827
2,GET,603,836
2,GET,607,757
2,GET,611,691
2,GET,615,704
2,GET,619,597
2,GET,623,612
2,GET,627,604
2,GET,631,470
2,GET,635,432
2,GET,639,440
2,GET,643,387
2,GET,647,374
2,GET,651,349
2,GET,655,352
2,GET,659,280
2,GET,663,236
2,GET,667,254
2,GET,671,217
2,GET,675,205
2,GET,679,197
2,GET,683,183
2,GET,687,158
2,GET,691,134
2,GET,695,145
2,GET,699,115
2,GET,703,99
2,GET,707,97
2,GET,711,63
2,GET,715,78
2,GET,719,85
2,GET,723,59
2,GET,727,51
2,GET,731,61
2,GET,735,39
2,GET,739,39
2,GET,743,28
2,GET,747,31
2,GET,751,33
2,GET,755,22
2,GET,759,21
2,GET,763,32
2,GET,767,16
2,GET,771,15
2,GET,775,10
2,GET,779,10
2,GET,783,13
2,GET,787,12
2,GET,791,8
2,GET,795,4
2,GET,799,7
2,GET,803,6
2,GET,807,5
2,GET,811,5
2,GET,815,6
2,GET,819,5
2,GET,823,4
2,GET,827,2
2,GET,831,2
2,GET,835,4
2,GET,839,2
2,GET,843,5
2,GET,847,3
2,GET,851,4
2,GET,855,1
2,GET,859,2
2,GET,863,1
2,GET,867,2
2,GET,871,1
2,GET,875,3
2,GET,879,2
2,GET,883,2
2,GET,891,3
2,GET,899,2
2,GET,903,1
2,GET,907,1
2,GET,911,1
2,GET,919,2
2,GET,927,1
2,GET,931,1
2,GET,935,1
2,GET,939,1
2,GET,951,1
2,GET,963,1
2,GET,971,1
2,GET,975,1
2,GET,979,1
2,GET,983,1
2,GET,1003,1
2,GET,1055,1
2,GET,1063,1
2,GET,1079,1
2,GET,1095,1
2,GET,1111,1
2,GET,1135,1
2,GET,1143,2
2,GET,1151,1
2,GET,1159,1
2,GET,1207,2
2,GET,1231,1
2,GET,1279,1
2,GET,1327,1
2,GET,1335,1
2,GET,1375,1
2,GET,1383,1
2,GET,1391,2
2,GET,1431,2
2,GET,1455,1
2,GET,1479,1
2,GET,1487,2
2,GET,1503,1
2,GET,1519,3
2,GET,1527,1
2,GET,1535,1
2,GET,1543,2
2,GET,1559,2
2,GET,1575,1
2,GET,1583,1
2,GET,1591,3
2,GET,1607,3
2,GET,1623,2
2,GET,1631,2
2,GET,1655,1
2,GET,1671,1
2,GET,1679,1
2,GET,1687,3
2,GET,1695,1
2,GET,1711,1
2,GET,1735,1
2,GET,1743,1
2,GET,1751,2
2,GET,1759,1
2,GET,1783,1
2,GET,1791,1
2,GET,1807,1
2,GET,1815,1
2,GET,1823,1
2,GET,1831,1
2,GET,1855,3
2,GET,1871,2
2,GET,1879,2
2,GET,1895,2
2,GET,1927,3
2,GET,1935,1
2,GET,1983,1
2,GET,2007,1
2,GET,2015,1
2,GET,2023,1
2,GET,2079,1
2,GET,2095,1
2,GET,2111,2
2,GET,2175,2
2,GET,2191,1
2,GET,2239,1
2,GET,2255,1
2,GET,2335,1
2,GET,2479,1
2,GET,2671,1
2,GET,4127,1
2,GET,4511,1
2,GET,4831,1
2,GET,50943,1
2,GET,54015,1
2,GET,54783,1
2,GET,56063,1
2,GET,56319,1
2,GET,58623,1
2,GET,60415,1
2,GET,60671,1
2,GET,61183,1
2,GET,61695,1
3,DEL,92,1
3,DEL,98,2
3,DEL,101,2
3,DEL,102,3
3,DEL,103,1
3,DEL,104,3
3,DEL,105,7
3,DEL,106,6
3,DEL,107,6
3,DEL,108,3
3,DEL,109,7
3,DEL,110,2
3,DEL,111,2
3,DEL,112,6
3,DEL,113,10
3,DEL,114,9
3,DEL,115,5
3,DEL,116,6
3,DEL,117,9
3,DEL,118,6
3,DEL,119,10
3,DEL,120,10
3,DEL,121,14
3,DEL,122,13
3,DEL,123,8
3,DEL,124,14
3,DEL,125,27
3,DEL,126,13
3,DEL,127,13
3,DEL,128,17
3,DEL,129,19
3,DEL,130,15
3,DEL,131,21
3,DEL,132,10
3,DEL,133,17
3,DEL,134,16
3,DEL,135,17
3,DEL,136,19
3,DEL,137,26
3,DEL,138,26
3,DEL,139,27
3,DEL,140,16
3,DEL,141,23
3,DEL,142,22
3,DEL,143,34
3,DEL,144,25
3,DEL,145,22
3,DEL,146,27
3,DEL,147,32
3,DEL,148,32
3,DEL,149,22
3,DEL,150,45
3,DEL,151,43
3,DEL,152,32
3,DEL,153,29
3,DEL,154,28
3,DEL,155,28
3,DEL,156,40
3,DEL,157,33
3,DEL,158,31
3,DEL,159,25
3,DEL,160,25
3,DEL,161,40
3,DEL,162,38
3,DEL,163,37
3,DEL,164,38
3,DEL,165,44
3,DEL,166,40
3,DEL,167,39
3,DEL,168,52
3,DEL,169,67
3,DEL,170,62
3,DEL,171,48
3,DEL,172,66
3,DEL,173,41
3,DEL,174,63
3,DEL,175,57
3,DEL,176,53
3,DEL,177,88
3,DEL,178,66
3,DEL,179,66
3,DEL,180,77
3,DEL,181,71
3,DEL,182,73
3,DEL,183,95
3,DEL,184,63
3,DEL,185,78
3,DEL,186,76
3,DEL,187,79
3,DEL,188,63
3,DEL,189,78
3,DEL,190,81
3,DEL,191,94
3,DEL,192,86
3,DEL,193,95
3,DEL,194,86
3,DEL,195,104
3,DEL,196,101
3,DEL,197,120
3,DEL,198,102
3,DEL,199,116
3,DEL,200,115
3,DEL,201,111
3,DEL,202,117
3,DEL,203,121
3,DEL,204,116
3,DEL,205,157
3,DEL,206,143
3,DEL,207,115
3,DEL,208,133
3,DEL,209,152
3,DEL,210,141
3,DEL,211,139
3,DEL,212,179
3,DEL,213,148
3,DEL,214,154
3,DEL,215,142
3,DEL,216,177
3,DEL,217,171
3,DEL,218,188
3,DEL,219,205
3,DEL,220,188
3,DEL,221,201
3,DEL,222,193
3,DEL,223,194
3,DEL,224,201
3,DEL,225,207
3,DEL,226,200
3,DEL,227,217
3,DEL,228,221
3,DEL,229,218
3,DEL,230,228
3,DEL,231,219
3,DEL,232,195
3,DEL,233,249
3,DEL,234,241
3,DEL,235,247
3,DEL,236,245
3,DEL,237,224
3,DEL,238,242
3,DEL,239,244
3,DEL,240,270
3,DEL,241,244
3,DEL,242,289
3,DEL,243,295
3,DEL,244,262
3,DEL,245,280
3,DEL,246,273
3,DEL,247,290
3,DEL,248,282
3,DEL,249,284
3,DEL,250,298
3,DEL,251,332
3,DEL,252,313
3,DEL,253,308
3,DEL,254,352
3,DEL,255,324
3,DEL,257,657
3,DEL,259,681
3,DEL,261,681
3,DEL,263,716
3,DEL,265,730
3,DEL,267,781
3,DEL,269,794
3,DEL,271,820
3,DEL,273,799
3,DEL,275,863
3,DEL,277,802
3,DEL,279,847
3,DEL,281,889
3,DEL,283,920
3,DEL,285,897
3,DEL,287,918
3,DEL,289,943
3,DEL,291,1011
3,DEL,293,992
3,DEL,295,996
3,DEL,297,979
3,DEL,299,999
3,DEL,301,1039
3,DEL,303,1020
3,DEL,305,1090
3,DEL,307,1053
3,DEL,309,1082
3,DEL,311,1076
3,DEL,313,1025
3,DEL,315,1108
3,DEL,317,1106
3,DEL,319,1146
3,DEL,321,1053
3,DEL,323,1141
3,DEL,325,1118
3,DEL,327,1104
3,DEL,329,1166
3,DEL,331,1175
3,DEL,333,1223
3,DEL,335,1114
3,DEL,337,1196
3,DEL,339,1181
3,DEL,341,1142
3,DEL,343,1142
3,DEL,345,1173
3,DEL,347,1137
3,DEL,349,1172
3,DEL,351,1208
3,DEL,353,1217
3,DEL,355,1258
3,DEL,357,1212
3,DEL,359,1222
3,DEL,361,1176
3,DEL,363,1253
3,DEL,365,1250
3,DEL,367,1269
3,DEL,369,1274
3,DEL,371,1268
3,DEL,373,1206
3,DEL,375,1251
3,DEL,377,1256
3,DEL,379,1212
3,DEL,381,1223
3,DEL,383,1223
3,DEL,385,1226
3,DEL,387,1208
3,DEL,389,1178
3,DEL,391,1208
3,DEL,393,1163
3,DEL,395,1205
3,DEL,397,1148
3,DEL,399,1198
3,DEL,401,1199
3,DEL,403,1202
3,DEL,405,1142
3,DEL,407,1180
3,DEL,409,1144
3,DEL,411,1093
3,DEL,413,1170
3,DEL,415,1165
3,DEL,417,1073
3,DEL,419,1124
3,DEL,421,1181
3,DEL,423,1094
3,DEL,425,1097
3,DEL,427,1116
3,DEL,429,1016
3,DEL,431,1036
3,DEL,433,1056
3,DEL,435,995
3,DEL,437,982
3,DEL,439,950
3,DEL,441,965
3,DEL,443,974
3,DEL,445,950
3,DEL,447,868
3,DEL,449,867
3,DEL,451,970
3,DEL,453,865
3,DEL,455,854
3,DEL,457,864
3,DEL,459,782
3,DEL,461,809
3,DEL,463,797
3,DEL,465,838
3,DEL,467,763
3,DEL,469,756
3,DEL,471,721
3,DEL,473,737
3,DEL,475,674
3,DEL,477,725
3,DEL,479,670
3,DEL,481,688
3,DEL,483,642
3,DEL,485,634
3,DEL,487,608
3,DEL,489,590
3,DEL,491,573
3,DEL,493,613
3,DEL,495,550
3,DEL,497,554
3,DEL,499,534
3,DEL,501,572
3,DEL,503,483
3,DEL,505,528
3,DEL,507,519
3,DEL,509,406
3,DEL,511,484
3,DEL,515,940
3,DEL,519,875
3,DEL,523,823
3,DEL,527,799
3,DEL,531,778
3,DEL,535,698
3,DEL,539,701
3,DEL,543,640
3,DEL,547,600
3,DEL,551,612
3,DEL,555,607
3,DEL,559,509
3,DEL,563,491
3,DEL,567,435
3,DEL,571,482
3,DEL,575,400
3,DEL,579,385
3,DEL,583,350
3,DEL,587,363
3,DEL,591,362
3,DEL,595,303
3,DEL,599,330
3,DEL,603,293
3,DEL,607,269
3,DEL,611,256
3,DEL,615,204
3,DEL,619,230
3,DEL,623,185
3,DEL,627,190
3,DEL,631,177
3,DEL,635,176
3,DEL,639,144
3,DEL,643,141
3,DEL,647,103
3,DEL,651,118
3,DEL,655,101
3,DEL,659,108
3,DEL,663,105
3,DEL,667,75
3,DEL,671,68
3,DEL,675,59
3,DEL,679,58
3,DEL,683,53
3,DEL,687,53
3,DEL,691,51
3,DEL,695,60
3,DEL,699,33
3,DEL,703,32
3,DEL,707,23
3,DEL,711,33
3,DEL,715,24
3,DEL,719,29
3,DEL,723,19
3,DEL,727,14
3,DEL,731,18
3,DEL,735,12
3,DEL,739,19
3,DEL,743,12
3,DEL,747,13
3,DEL,751,7
3,DEL,755,6
3,DEL,759,7
3,DEL,763,4
3,DEL,767,4
3,DEL,771,7
3,DEL,775,3
3,DEL,779,5
3,DEL,783,1
3,DEL,787,6
3,DEL,791,6
3,DEL,795,2
3,DEL,799,1
3,DEL,803,4
3,DEL,815,2
3,DEL,819,5
3,DEL,823,3
3,DEL,835,2
3,DEL,839,3
3,DEL,843,2
3,DEL,847,4
3,DEL,851,2
3,DEL,855,1
3,DEL,859,2
3,DEL,863,1
3,DEL,871,3
3,DEL,875,1
3,DEL,883,1
3,DEL,891,2
3,DEL,895,1
3,DEL,907,1
3,DEL,911,1
3,DEL,915,2
3,DEL,931,1
3,DEL,935,2
3,DEL,939,1
3,DEL,947,1
3,DEL,951,1
3,DEL,955,1
3,DEL,991,1
3,DEL,1019,1
3,DEL,1047,1
3,DEL,1055,2
3,DEL,1071,2
3,DEL,1103,1
3,DEL,1223,2
3,DEL,1231,1
3,DEL,1247,1
3,DEL,1255,2
3,DEL,1263,1
3,DEL,1311,1
3,DEL,1471,1
3,DEL,1495,1
3,DEL,1503,1
3,DEL,1511,1
3,DEL,1527,1
3,DEL,1559,1
3,DEL,1591,1
3,DEL,1639,1
3,DEL,1679,1
3,DEL,1735,2
3,DEL,1743,1
3,DEL,1759,1
3,DEL,1767,1
3,DEL,1783,1
3,DEL,1863,1
3,DEL,1895,1
3,DEL,1935,1
3,DEL,1951,1
3,DEL,1991,1
3,DEL,2047,1
3,DEL,2079,1
3,DEL,2127,1
3,DEL,2351,2
3,DEL,2399,1
3,DEL,2479,1
3,DEL,2623,1
3,DEL,55551,1
3,DEL,56319,1
3,DEL,58111,1
3,DEL,59647,1
3,DEL,60159,1
3,GET,88,1
3,GET,90,1
3,GET,92,1
3,GET,94,4
3,GET,96,2
3,GET,97,1
3,GET,98,5
3,GET,99,6
3,GET,100,6
3,GET,101,4
3,GET,102,10
3,GET,103,7
3,GET,104,6
3,GET,105,13
3,GET,106,14
3,GET,107,15
3,GET,108,17
3,GET,109,11
3,GET,110,12
3,GET,111,19
3,GET,112,17
3,GET,113,15
3,GET,114,18
3,GET,115,18
3,GET,116,32
3,GET,117,30
3,GET,118,36
3,GET,119,31
3,GET,120,28
3,GET,121,33
3,GET,122,33
3,GET,123,41
3,GET,124,44
3,GET,125,40
3,GET,126,44
3,GET,127,49
3,GET,128,46
3,GET,129,51
3,GET,130,43
3,GET,131,53
3,GET,132,47
3,GET,133,52
3,GET,134,51
3,GET,135,46
3,GET,136,56
3,GET,137,70
3,GET,138,50
3,GET,139,66
3,GET,140,60
3,GET,141,74
3,GET,142,80
3,GET,143,76
3,GET,144,81
3,GET,145,94
3,GET,146,91
3,GET,147,104
3,GET,148,80
3,GET,149,82
3,GET,150,101
3,GET,151,99
3,GET,152,85
3,GET,153,93
3,GET,154,91
3,GET,155,102
3,GET,156,100
3,GET,157,116
3,GET,158,95
3,GET,159,90
3,GET,160,110
3,GET,161,100
3,GET,162,119
3,GET,163,99
3,GET,164,125
3,GET,165,123
3,GET,166,135
3,GET,167,136
3,GET,168,157
3,GET,169,151
3,GET,170,152
3,GET,171,138
3,GET,172,157
3,GET,173,141
3,GET,174,171
3,GET,175,152
3,GET,176,181
3,GET,177,166
3,GET,178,182
3,GET,179,201
3,GET,180,183
3,GET,181,178
3,GET,182,192
3,GET,183,220
3,GET,184,191
3,GET,185,217
3,GET,186,222
3,GET,187,243
3,GET,188,221
3,GET,189,252
3,GET,190,258
3,GET,191,272
3,GET,192,279
3,GET,193,290
3,GET,194,249
3,GET,195,311
3,GET,196,295
3,GET,197,305
3,GET,198,305
3,GET,199,355
3,GET,200,345
3,GET,201,314
3,GET,202,350
3,GET,203,366
3,GET,204,379
3,GET,205,390
3,GET,206,365
3,GET,207,364
3,GET,208,372
3,GET,209,383
3,GET,210,375
3,GET,211,420
3,GET,212,426
3,GET,213,433
3,GET,214,415
3,GET,215,504
3,GET,216,442
3,GET,217,448
3,GET,218,558
3,GET,219,505
3,GET,220,473
3,GET,221,538
3,GET,222,513
3,GET,223,541
3,GET,224,573
3,GET,225,589
3,GET,226,601
3,GET,227,610
3,GET,228,600
3,GET,229,665
3,GET,230,625
3,GET,231,623
3,GET,232,679
3,GET,233,674
3,GET,234,669
3,GET,235,656
3,GET,236,712
3,GET,237,678
3,GET,238,708
3,GET,239,725
3,GET,240,770
3,GET,241,741
3,GET,242,751
3,GET,243,777
3,GET,244,773
3,GET,245,819
3,GET,246,857
3,GET,247,808
3,GET,248,828
3,GET,249,851
3,GET,250,859
3,GET,251,845
3,GET,252,860
3,GET,253,861
3,GET,254,910
3,GET,255,934
3,GET,257,1940
3,GET,259,2017
3,GET,261,2043
3,GET,263,1983
3,GET,265,2073
3,GET,267,2085
3,GET,269,2166
3,GET,271,2301
3,GET,273,2252
3,GET,275,2381
3,GET,277,2364
3,GET,279,2488
3,GET,281,2473
3,GET,283,2537
3,GET,285,2582
3,GET,287,2670
3,GET,289,2665
3,GET,291,2660
3,GET,293,2797
3,GET,295,2733
3,GET,297,2770
3,GET,299,2864
3,GET,301,2918
3,GET,303,3053
3,GET,305,2946
3,GET,307,3022
3,GET,309,2975
3,GET,311,2879
3,GET,313,2995
3,GET,315,2943
3,GET,317,3047
3,GET,319,3038
3,GET,321,3195
3,GET,323,3119
3,GET,325,3222
3,GET,327,3058
3,GET,329,3316
3,GET,331,3188
3,GET,333,3173
3,GET,335,3234
3,GET,337,3316
3,GET,339,3304
3,GET,341,3222
3,GET,343,3210
3,GET,345,3296
3,GET,347,3291
3,GET,349,3240
3,GET,351,3257
3,GET,353,3310
3,GET,355,3320
3,GET,357,3378
3,GET,359,3362
3,GET,361,3306
3,GET,363,3432
3,GET,365,3412
3,GET,367,3386
3,GET,369,3533
3,GET,371,3424
3,GET,373,3457
3,GET,375,3416
3,GET,377,3434
3,GET,379,3476
3,GET,381,3398
3,GET,383,3419
3,GET,385,3362
3,GET,387,3491
3,GET,389,3418
3,GET,391,3353
3,GET,393,3397
3,GET,395,3306
3,GET,397,3295
3,GET,399,3288
3,GET,401,3355
3,GET,403,3390
3,GET,405,3328
3,GET,407,3233
3,GET,409,3209
3,GET,411,3215
3,GET,413,3241
3,GET,415,3138
3,GET,417,3122
3,GET,419,3048
3,GET,421,3031
3,GET,423,3051
3,GET,425,2929
3,GET,427,2925
3,GET,429,3018
3,GET,431,2874
3,GET,433,2864
3,GET,435,2813
3,GET,437,2846
3,GET,439,2691
3,GET,441,2689
3,GET,443,2617
3,GET,445,2612
3,GET,447,2620
3,GET,449,2554
3,GET,451,2464
3,GET,453,2508
3,GET,455,2436
3,GET,457,2347
3,GET,459,2317
3,GET,461,2266
3,GET,463,2142
3,GET,465,2227
3,GET,467,2102
3,GET,469,2134
3,GET,471,2079
3,GET,473,2043
3,GET,475,1884
3,GET,477,1942
3,GET,479,1896
3,GET,481,1817
3,GET,483,1824
3,GET,485,1726
3,GET,487,1806
3,GET,489,1648
3,GET,491,1639
3,GET,493,1635
3,GET,495,1542
3,GET,497,1522
3,GET,499,1455
3,GET,501,1568
3,GET,503,1439
3,GET,505,1392
3,GET,507,1374
3,GET,509,1279
3,GET,511,1322
3,GET,515,2463
3,GET,519,2369
3,GET,523,2300
3,GET,527,2157
3,GET,531,2068
3,GET,535,2005
3,GET,539,1851
3,GET,543,1778
3,GET,547,1735
3,GET,551,1641
3,GET,555,1557
3,GET,559,1463
3,GET,563,1385
3,GET,567,1344
3,GET,571,1215
3,GET,575,1194
3,GET,579,1167
3,GET,583,1027
3,GET,587,1040
3,GET,591,908
3,GET,595,871
3,GET,599,797
3,GET,603,795
3,GET,607,759
3,GET,611,662
3,GET,615,597
3,GET,619,634
3,GET,623,539
3,GET,627,539
3,GET,631,443
3,GET,635,422
3,GET,639,409
3,GET,643,374
3,GET,647,353
3,GET,651,308
3,GET,655,287
3,GET,659,258
3,GET,663,218
3,GET,667,228
3,GET,671,195
3,GET,675,183
3,GET,679,188
3,GET,683,151
3,GET,687,135
3,GET,691,131
3,GET,695,98
3,GET,699,97
3,GET,703,89
3,GET,707,81
3,GET,711,70
3,GET,715,67
3,GET,719,77
3,GET,723,50
3,GET,727,54
3,GET,731,43
3,GET,735,41
3,GET,739,38
3,GET,743,40
3,GET,747,29
3,GET,751,22
3,GET,755,26
3,GET,759,18
3,GET,763,12
3,GET,767,16
3,GET,771,20
3,GET,775,14
3,GET,779,14
3,GET,783,16
3,GET,787,8
3,GET,791,11
3,GET,795,6
3,GET,799,9
3,GET,803,14
3,GET,807,7
3,GET,811,3
3,GET,815,11
3,GET,819,8
3,GET,823,6
3,GET,827,6
3,GET,831,8
3,GET,835,6
3,GET,839,7
3,GET,843,3
3,GET,847,7
3,GET,851,4
3,GET,855,7
3,GET,859,5
3,GET,863,3
3,GET,867,3
3,GET,871,11
3,GET,875,2
3,GET,879,1
3,GET,883,3
3,GET,887,5
3,GET,891,3
3,GET,895,5
3,GET,899,3
3,GET,903,6
3,GET,907,6
3,GET,911,5
3,GET,919,2
3,GET,923,4
3,GET,927,2
3,GET,931,3
3,GET,935,1
3,GET,943,3
3,GET,955,1
3,GET,963,1
3,GET,967,2
3,GET,971,1
3,GET,975,3
3,GET,979,4
3,GET,987,3
3,GET,991,2
3,GET,995,1
3,GET,999,1
3,GET,1003,3
3,GET,1007,1
3,GET,1011,3
3,GET,1019,2
3,GET,1023,1
3,GET,1039,3
3,GET,1047,2
3,GET,1055,2
3,GET,1063,1
3,GET,1071,2
3,GET,1079,3
3,GET,1095,1
3,GET,1103,2
3,GET,1111,4
3,GET,1119,2
3,GET,1127,1
3,GET,1143,1
3,GET,1159,1
3,GET,1167,2
3,GET,1175,1
3,GET,1191,2
3,GET,1215,1
3,GET,1231,1
3,GET,1239,2
3,GET,1263,1
3,GET,1287,2
3,GET,1311,1
3,GET,1335,1
3,GET,1375,2
3,GET,1391,2
3,GET,1407,2
3,GET,1423,1
3,GET,1447,2
3,GET,1455,1
3,GET,1463,2
3,GET,1479,1
3,GET,1495,1
3,GET,1519,1
3,GET,1543,1
3,GET,1551,1
3,GET,1559,1
3,GET,1567,4
3,GET,1575,2
3,GET,1599,2
3,GET,1615,2
3,GET,1623,1
3,GET,1631,1
3,GET,1647,1
3,GET,1663,1
3,GET,1671,3
3,GET,1679,2
3,GET,1687,2
3,GET,1695,2
3,GET,1711,2
3,GET,1727,2
3,GET,1735,2
3,GET,1751,1
3,GET,1775,1
3,GET,1783,1
3,GET,1791,2
3,GET,1799,2
3,GET,1815,2
3,GET,1823,2
3,GET,1831,1
3,GET,1903,1
3,GET,1911,1
3,GET,1935,1
3,GET,1943,1
3,GET,1959,1
3,GET,1999,1
3,GET,2007,2
3,GET,2015,1
3,GET,2023,1
3,GET,2031,2
3,GET,2063,2
3,GET,2095,1
3,GET,2127,1
3,GET,2143,3
3,GET,2159,1
3,GET,2223,1
3,GET,2239,1
3,GET,2255,2
3,GET,2303,1
3,GET,2335,1
3,GET,2463,1
3,GET,2543,1
3,GET,2623,1
3,GET,3183,1
3,GET,4287,1
3,GET,51967,1
3,GET,55295,1
3,GET,56063,1
3,GET,58111,1
3,GET,59391,1
3,GET,59903,1
3,GET,61439,1
3,GET,62463,1
3,GET,63231,1
3,GET,63999,1
3,GET,65535,1
3,SET,94,1
3,SET,99,1
3,SET,100,1
3,SET,101,1
3,SET,103,1
3,SET,104,1
3,SET,106,1
3,SET,107,2
3,SET,108,1
3,SET,109,1
3,SET,111,2
3,SET,112,1
3,SET,113,2
3,SET,114,1
3,SET,115,2
3,SET,116,1
3,SET,117,1
3,SET,118,1
3,SET,119,3
3,SET,120,2
3,SET,121,1
3,SET,122,3
3,SET,124,5
3,SET,125,1
3,SET,126,6
3,SET,127,2
3,SET,128,2
3,SET,129,2
3,SET,130,6
3,SET,131,6
3,SET,132,7
3,SET,133,6
3,SET,134,5
3,SET,135,4
3,SET,136,3
3,SET,137,5
3,SET,138,5
3,SET,139,1
3,SET,140,5
3,SET,141,2
3,SET,142,8
3,SET,143,6
3,SET,144,2
3,SET,145,2
3,SET,146,5
3,SET,147,7
3,SET,148,6
3,SET,149,3
3,SET,150,3
3,SET,151,5
3,SET,152,10
3,SET,153,7
3,SET,154,4
3,SET,155,5
3,SET,156,4
3,SET,157,5
3,SET,158,10
3,SET,159,5
3,SET,160,8
3,SET,161,4
3,SET,162,11
3,SET,163,5
3,SET,164,10
3,SET,165,3
3,SET,166,6
3,SET,167,8
3,SET,168,5
3,SET,169,6
3,SET,170,11
3,SET,171,11
3,SET,172,8
3,SET,173,12
3,SET,174,8
3,SET,175,11
3,SET,176,14
3,SET,177,15
3,SET,178,9
3,SET,179,16
3,SET,180,10
3,SET,181,19
3,SET,182,14
3,SET,183,16
3,SET,184,15
3,SET,185,16
3,SET,186,20
3,SET,187,14
3,SET,188,21
3,SET,189,12
3,SET,190,14
3,SET,191,14
3,SET,192,20
3,SET,193,25
3,SET,194,28
3,SET,195,26
3,SET,196,29
3,SET,197,15
3,SET,198,24
3,SET,199,21
3,SET,200,22
3,SET,201,24
3,SET,202,24
3,SET,203,24
3,SET,204,24
3,SET,205,16
3,SET,206,22
3,SET,207,20
3,SET,208,25
3,SET,209,32
3,SET,210,31
3,SET,211,39
3,SET,212,33
3,SET,213,38
3,SET,214,28
3,SET,215,39
3,SET,216,30
3,SET,217,36
3,SET,218,30
3,SET,219,35
3,SET,220,27
3,SET,221,33
3,SET,222,37
3,SET,223,37
3,SET,224,37
3,SET,225,45
3,SET,226,40
3,SET,227,39
3,SET,228,46
3,SET,229,47
3,SET,230,44
3,SET,231,50
3,SET,232,39
3,SET,233,43
3,SET,234,45
3,SET,235,51
3,SET,236,46
3,SET,237,49
3,SET,238,50
3,SET,239,37
3,SET,240,55
3,SET,241,57
3,SET,242,56
3,SET,243,51
3,SET,244,65
3,SET,245,58
3,SET,246,41
3,SET,247,49
3,SET,248,64
3,SET,249,67
3,SET,250,50
3,SET,251,70
3,SET,252,66
3,SET,253,62
3,SET,254,58
3,SET,255,53
3,SET,257,142
3,SET,259,148
3,SET,261,135
3,SET,263,131
3,SET,265,159
3,SET,267,157
3,SET,269,148
3,SET,271,148
3,SET,273,152
3,SET,275,197
3,SET,277,133
3,SET,279,165
3,SET,281,188
3,SET,283,194
3,SET,285,181
3,SET,287,197
3,SET,289,177
3,SET,291,195
3,SET,293,178
3,SET,295,209
3,SET,297,215
3,SET,299,193
3,SET,301,215
3,SET,303,180
3,SET,305,183
3,SET,307,204
3,SET,309,215
3,SET,311,221
3,SET,313,238
3,SET,315,190
3,SET,317,224
3,SET,319,235
3,SET,321,219
3,SET,323,210
3,SET,325,216
3,SET,327,245
3,SET,329,218
3,SET,331,214
3,SET,333,231
3,SET,335,227
3,SET,337,252
3,SET,339,238
3,SET,341,222
3,SET,343,256
3,SET,345,222
3,SET,347,225
3,SET,349,236
3,SET,351,252
3,SET,353,248
3,SET,355,240
3,SET,357,225
3,SET,359,244
3,SET,361,244
3,SET,363,211
3,SET,365,218
3,SET,367,257
3,SET,369,231
3,SET,371,232
3,SET,373,259
3,SET,375,256
3,SET,377,245
3,SET,379,229
3,SET,381,252
3,SET,383,254
3,SET,385,245
3,SET,387,254
3,SET,389,231
3,SET,391,228
3,SET,393,252
3,SET,395,243
3,SET,397,241
3,SET,399,215
3,SET,401,227
3,SET,403,261
3,SET,405,200
3,SET,407,246
3,SET,409,257
3,SET,411,237
3,SET,413,262
3,SET,415,225
3,SET,417,223
3,SET,419,216
3,SET,421,220
3,SET,423,220
3,SET,425,188
3,SET,427,214
3,SET,429,207
3,SET,431,201
3,SET,433,192
3,SET,435,186
3,SET,437,196
3,SET,439,230
3,SET,441,194
3,SET,443,204
3,SET,445,167
3,SET,447,212
3,SET,449,201
3,SET,451,193
3,SET,453,156
3,SET,455,171
3,SET,457,163
3,SET,459,183
3,SET,461,151
3,SET,463,192
3,SET,465,151
3,SET,467,168
3,SET,469,158
3,SET,471,150
3,SET,473,145
3,SET,475,141
3,SET,477,147
3,SET,479,133
3,SET,481,120
3,SET,483,139
3,SET,485,126
3,SET,487,106
3,SET,489,122
3,SET,491,119
3,SET,493,117
3,SET,495,107
3,SET,497,102
3,SET,499,102
3,SET,501,98
3,SET,503,99
3,SET,505,104
3,SET,507,101
3,SET,509,87
3,SET,511,97
3,SET,515,192
3,SET,519,184
3,SET,523,156
3,SET,527,147
3,SET,531,127
3,SET,535,149
3,SET,539,149
3,SET,543,118
3,SET,547,118
3,SET,551,127
3,SET,555,112
3,SET,559,103
3,SET,563,102
3,SET,567,92
3,SET,571,82
3,SET,575,100
3,SET,579,68
3,SET,583,72
3,SET,587,77
3,SET,591,50
3,SET,595,61
3,SET,599,41
3,SET,603,66
3,SET,607,46
3,SET,611,56
3,SET,615,43
3,SET,619,35
3,SET,623,29
3,SET,627,40
3,SET,631,42
3,SET,635,29
3,SET,639,30
3,SET,643,29
3,SET,647,19
3,SET,651,26
3,SET,655,26
3,SET,659,25
3,SET,663,9
3,SET,667,22
3,SET,671,11
3,SET,675,9
3,SET,679,11
3,SET,683,15
3,SET,687,7
3,SET,691,8
3,SET,695,7
3,SET,699,12
3,SET,703,7
3,SET,707,5
3,SET,711,6
3,SET,715,5
3,SET,719,4
3,SET,723,3
3,SET,727,2
3,SET,731,3
3,SET,735,4
3,SET,739,2
3,SET,743,1
3,SET,747,2
3,SET,755,3
3,SET,759,1
3,SET,763,1
3,SET,767,1
3,SET,771,2
3,SET,779,2
3,SET,783,1
3,SET,795,1
3,SET,799,3
3,SET,811,2
3,SET,843,1
3,SET,847,1
3,SET,851,1
3,SET,863,1
3,SET,875,2
3,SET,931,1
3,SET,1167,1
3,SET,1207,1
3,SET,1487,1
3,SET,1639,1
3,SET,1791,1
3,SET,1799,1
3,SET,1911,1
3,SET,2175,1
3,SET,2191,1
4,SET,92,1
4,SET,100,1
4,SET,105,1
4,SET,106,2
4,SET,107,1
4,SET,108,3
4,SET,110,1
4,SET,111,2
4,SET,112,2
4,SET,114,1
4,SET,116,2
4,SET,117,2
4,SET,118,2
4,SET,119,4
4,SET,120,2
4,SET,121,1
4,SET,122,4
4,SET,123,2
4,SET,124,2
4,SET,125,3
4,SET,126,1
4,SET,127,3
4,SET,128,1
4,SET,129,5
4,SET,130,4
4,SET,131,5
4,SET,132,6
4,SET,133,2
4,SET,134,2
4,SET,135,9
4,SET,136,2
4,SET,137,3
4,SET,138,6
4,SET,139,6
4,SET,140,3
4,SET,141,5
4,SET,142,10
4,SET,143,2
4,SET,144,4
4,SET,145,3
4,SET,146,10
4,SET,147,5
4,SET,148,10
4,SET,149,8
4,SET,150,5
4,SET,151,9
4,SET,152,6
4,SET,153,4
4,SET,154,9
4,SET,155,4
4,SET,156,5
4,SET,157,9
4,SET,158,6
4,SET,159,7
4,SET,160,13
4,SET,161,7
4,SET,162,6
4,SET,163,4
4,SET,164,10
4,SET,165,9
4,SET,166,7
4,SET,167,9
4,SET,168,16
4,SET,169,16
4,SET,170,10
4,SET,171,12
4,SET,172,9
4,SET,173,14
4,SET,174,11
4,SET,175,7
4,SET,176,9
4,SET,177,11
4,SET,178,15
4,SET,179,9
4,SET,180,20
4,SET,181,15
4,SET,182,17
4,SET,183,13
4,SET,184,16
4,SET,185,16
4,SET,186,16
4,SET,187,17
4,SET,188,15
4,SET,189,22
4,SET,190,11
4,SET,191,12
4,SET,192,16
4,SET,193,21
4,SET,194,17
4,SET,195,18
4,SET,196,15
4,SET,197,20
4,SET,198,22
4,SET,199,29
4,SET,200,28
4,SET,201,17
4,SET,202,21
4,SET,203,25
4,SET,204,25
4,SET,205,19
4,SET,206,19
4,SET,207,9
4,SET,208,20
4,SET,209,32
4,SET,210,20
4,SET,211,27
4,SET,212,32
4,SET,213,25
4,SET,214,27
4,SET,215,25
4,SET,216,39
4,SET,217,36
4,SET,218,31
4,SET,219,36
4,SET,220,33
4,SET,221,35
4,SET,222,40
4,SET,223,33
4,SET,224,33
4,SET,225,37
4,SET,226,57
4,SET,227,49
4,SET,228,48
4,SET,229,46
4,SET,230,46
4,SET,231,32
4,SET,232,46
4,SET,233,55
4,SET,234,39
4,SET,235,44
4,SET,236,39
4,SET,237,50
4,SET,238,48
4,SET,239,46
4,SET,240,54
4,SET,241,41
4,SET,242,48
4,SET,243,61
4,SET,244,62
4,SET,245,59
4,SET,246,48
4,SET,247,58
4,SET,248,62
4,SET,249,59
4,SET,250,48
4,SET,251,58
4,SET,252,78
4,SET,253,62
4,SET,254,64
4,SET,255,65
4,SET,257,119
4,SET,259,124
4,SET,261,136
4,SET,263,121
4,SET,265,129
4,SET,267,131
4,SET,269,149
4,SET,271,152
4,SET,273,169
4,SET,275,165
4,SET,277,175
4,SET,279,144
4,SET,281,187
4,SET,283,180
4,SET,285,205
4,SET,287,164
4,SET,289,192
4,SET,291,158
4,SET,293,186
4,SET,295,197
4,SET,297,213
4,SET,299,198
4,SET,301,203
4,SET,303,191
4,SET,305,196
4,SET,307,208
4,SET,309,199
4,SET,311,218
4,SET,313,224
4,SET,315,230
4,SET,317,224
4,SET,319,205
4,SET,321,224
4,SET,323,245
4,SET,325,250
4,SET,327,201
4,SET,329,248
4,SET,331,221
4,SET,333,235
4,SET,335,226
4,SET,337,228
4,SET,339,256
4,SET,341,246
4,SET,343,240
4,SET,345,234
4,SET,347,241
4,SET,349,231
4,SET,351,239
4,SET,353,258
4,SET,355,271
4,SET,357,241
4,SET,359,228
4,SET,361,269
4,SET,363,229
4,SET,365,256
4,SET,367,226
4,SET,369,229
4,SET,371,233
4,SET,373,247
4,SET,375,219
4,SET,377,245
4,SET,379,217
4,SET,381,248
4,SET,383,238
4,SET,385,229
4,SET,387,222
4,SET,389,229
4,SET,391,249
4,SET,393,273
4,SET,395,245
4,SET,397,218
4,SET,399,241
4,SET,401,246
4,SET,403,215
4,SET,405,273
4,SET,407,228
4,SET,409,236
4,SET,411,207
4,SET,413,225
4,SET,415,265
4,SET,417,188
4,SET,419,214
4,SET,421,204
4,SET,423,224
4,SET,425,209
4,SET,427,208
4,SET,429,212
4,SET,431,233
4,SET,433,209
4,SET,435,222
4,SET,437,230
4,SET,439,200
4,SET,441,167
4,SET,443,184
4,SET,445,189
4,SET,447,180
4,SET,449,174
4,SET,451,172
4,SET,453,166
4,SET,455,165
4,SET,457,184
4,SET,459,186
4,SET,461,171
4,SET,463,180
4,SET,465,161
4,SET,467,167
4,SET,469,164
4,SET,471,143
4,SET,473,131
4,SET,475,157
4,SET,477,158
4,SET,479,133
4,SET,481,128
4,SET,483,131
4,SET,485,138
4,SET,487,142
4,SET,489,122
4,SET,491,141
4,SET,493,124
4,SET,495,111
4,SET,497,91
4,SET,499,100
4,SET,501,113
4,SET,503,104
4,SET,505,102
4,SET,507,97
4,SET,509,86
4,SET,511,94
4,SET,515,166
4,SET,519,156
4,SET,523,179
4,SET,527,137
4,SET,531,128
4,SET,535,137
4,SET,539,138
4,SET,543,137
4,SET,547,127
4,SET,551,119
4,SET,555,123
4,SET,559,96
4,SET,563,103
4,SET,567,104
4,SET,571,80
4,SET,575,85
4,SET,579,75
4,SET,583,69
4,SET,587,74
4,SET,591,73
4,SET,595,75
4,SET,599,61
4,SET,603,56
4,SET,607,53
4,SET,611,55
4,SET,615,33
4,SET,619,36
4,SET,623,42
4,SET,627,43
4,SET,631,38
4,SET,635,37
4,SET,639,25
4,SET,643,17
4,SET,647,25
4,SET,651,33
4,SET,655,18
4,SET,659,16
4,SET,663,19
4,SET,667,18
4,SET,671,13
4,SET,675,18
4,SET,679,12
4,SET,683,13
4,SET,687,14
4,SET,691,16
4,SET,695,11
4,SET,699,6
4,SET,703,7
4,SET,707,3
4,SET,711,10
4,SET,715,4
4,SET,719,7
4,SET,723,8
4,SET,727,3
4,SET,731,7
4,SET,735,3
4,SET,739,1
4,SET,747,6
4,SET,751,1
4,SET,755,3
4,SET,759,1
4,SET,767,1
4,SET,771,3
4,SET,775,3
4,SET,787,2
4,SET,795,2
4,SET,803,1
4,SET,815,2
4,SET,831,1
4,SET,835,1
4,SET,947,1
4,SET,999,1
4,SET,1003,1
4,SET,1039,1
4,SET,1063,1
4,SET,1735,1
4,SET,2063,1
4,SET,62719,1
4,DEL,91,2
4,DEL,92,1
4,DEL,94,1
4,DEL,97,1
4,DEL,98,2
4,DEL,101,4
4,DEL,102,2
4,DEL,103,3
4,DEL,104,5
4,DEL,105,4
4,DEL,106,5
4,DEL,107,2
4,DEL,108,8
4,DEL,109,3
4,DEL,110,7
4,DEL,111,6
4,DEL,112,4
4,DEL,113,6
4,DEL,114,9
4,DEL,115,6
4,DEL,116,7
4,DEL,117,10
4,DEL,118,13
4,DEL,119,11
4,DEL,120,10
4,DEL,121,16
4,DEL,122,14
4,DEL,123,11
4,DEL,124,16
4,DEL,125,13
4,DEL,126,14
4,DEL,127,18
4,DEL,128,17
4,DEL,129,16
4,DEL,130,15
4,DEL,131,14
4,DEL,132,24
4,DEL,133,20
4,DEL,134,26
4,DEL,135,17
4,DEL,136,17
4,DEL,137,20
4,DEL,138,20
4,DEL,139,28
4,DEL,140,17
4,DEL,141,27
4,DEL,142,27
4,DEL,143,23
4,DEL,144,21
4,DEL,145,30
4,DEL,146,25
4,DEL,147,29
4,DEL,148,22
4,DEL,149,40
4,DEL,150,31
4,DEL,151,36
4,DEL,152,17
4,DEL,153,33
4,DEL,154,33
4,DEL,155,38
4,DEL,156,31
4,DEL,157,31
4,DEL,158,35
4,DEL,159,33
4,DEL,160,44
4,DEL,161,41
4,DEL,162,44
4,DEL,163,33
4,DEL,164,34
4,DEL,165,54
4,DEL,166,44
4,DEL,167,47
4,DEL,168,48
4,DEL,169,48
4,DEL,170,49
4,DEL,171,47
4,DEL,172,57
4,DEL,173,53
4,DEL,174,48
4,DEL,175,49
4,DEL,176,68
4,DEL,177,66
4,DEL,178,68
4,DEL,179,58
4,DEL,180,63
4,DEL,181,69
4,DEL,182,65
4,DEL,183,64
4,DEL,184,72
4,DEL,185,75
4,DEL,186,93
4,DEL,187,88
4,DEL,188,86
4,DEL,189,73
4,DEL,190,99
4,DEL,191,102
4,DEL,192,95
4,DEL,193,84
4,DEL,194,85
4,DEL,195,106
4,DEL,196,130
4,DEL,197,107
4,DEL,198,100
4,DEL,199,123
4,DEL,200,106
4,DEL,201,115
4,DEL,202,117
4,DEL,203,112
4,DEL,204,119
4,DEL,205,136
4,DEL,206,136
4,DEL,207,151
4,DEL,208,122
4,DEL,209,139
4,DEL,210,139
4,DEL,211,161
4,DEL,212,138
4,DEL,213,158
4,DEL,214,150
4,DEL,215,160
4,DEL,216,165
4,DEL,217,159
4,DEL,218,171
4,DEL,219,167
4,DEL,220,188
4,DEL,221,180
4,DEL,222,200
4,DEL,223,173
4,DEL,224,177
4,DEL,225,224
4,DEL,226,189
4,DEL,227,219
4,DEL,228,204
4,DEL,229,193
4,DEL,230,194
4,DEL,231,202
4,DEL,232,226
4,DEL,233,240
4,DEL,234,253
4,DEL,235,235
4,DEL,236,238
4,DEL,237,196
4,DEL,238,235
4,DEL,239,212
4,DEL,240,243
4,DEL,241,266
4,DEL,242,246
4,DEL,243,243
4,DEL,244,283
4,DEL,245,264
4,DEL,246,277
4,DEL,247,291
4,DEL,248,293
4,DEL,249,317
4,DEL,250,292
4,DEL,251,319
4,DEL,252,336
4,DEL,253,315
4,DEL,254,361
4,DEL,255,334
4,DEL,257,671
4,DEL,259,656
4,DEL,261,656
4,DEL,263,738
4,DEL,265,701
4,DEL,267,755
4,DEL,269,734
4,DEL,271,805
4,DEL,273,793
4,DEL,275,821
4,DEL,277,785
4,DEL,279,804
4,DEL,281,857
4,DEL,283,833
4,DEL,285,907
4,DEL,287,937
4,DEL,289,966
4,DEL,291,987
4,DEL,293,944
4,DEL,295,1001
4,DEL,297,1003
4,DEL,299,1035
4,DEL,301,1065
4,DEL,303,1022
4,DEL,305,1040
4,DEL,307,1110
4,DEL,309,1061
4,DEL,311,1039
4,DEL,313,988
4,DEL,315,1124
4,DEL,317,1092
4,DEL,319,1105
4,DEL,321,1055
4,DEL,323,1110
4,DEL,325,1159
4,DEL,327,1083
4,DEL,329,1096
4,DEL,331,1073
4,DEL,333,1096
4,DEL,335,1148
4,DEL,337,1203
4,DEL,339,1151
4,DEL,341,1164
4,DEL,343,1119
4,DEL,345,1156
4,DEL,347,1161
4,DEL,349,1228
4,DEL,351,1215
4,DEL,353,1171
4,DEL,355,1235
4,DEL,357,1207
4,DEL,359,1224
4,DEL,361,1219
4,DEL,363,1178
4,DEL,365,1221
4,DEL,367,1223
4,DEL,369,1187
4,DEL,371,1278
4,DEL,373,1217
4,DEL,375,1239
4,DEL,377,1172
4,DEL,379,1213
4,DEL,381,1181
4,DEL,383,1214
4,DEL,385,1205
4,DEL,387,1176
4,DEL,389,1208
4,DEL,391,1230
4,DEL,393,1214
4,DEL,395,1205
4,DEL,397,1230
4,DEL,399,1214
4,DEL,401,1159
4,DEL,403,1190
4,DEL,405,1169
4,DEL,407,1184
4,DEL,409,1203
4,DEL,411,1179
4,DEL,413,1184
4,DEL,415,1098
4,DEL,417,1127
4,DEL,419,1120
4,DEL,421,1104
4,DEL,423,1043
4,DEL,425,1064
4,DEL,427,1065
4,DEL,429,1036
4,DEL,431,1082
4,DEL,433,1027
4,DEL,435,1070
4,DEL,437,1018
4,DEL,439,1033
4,DEL,441,1025
4,DEL,443,929
4,DEL,445,948
4,DEL,447,972
4,DEL,449,928
4,DEL,451,854
4,DEL,453,851
4,DEL,455,896
4,DEL,457,875
4,DEL,459,822
4,DEL,461,798
4,DEL,463,860
4,DEL,465,794
4,DEL,467,789
4,DEL,469,783
4,DEL,471,722
4,DEL,473,735
4,DEL,475,711
4,DEL,477,704
4,DEL,479,748
4,DEL,481,659
4,DEL,483,690
4,DEL,485,665
4,DEL,487,649
4,DEL,489,651
4,DEL,491,612
4,DEL,493,638
4,DEL,495,615
4,DEL,497,561
4,DEL,499,576
4,DEL,501,543
4,DEL,503,483
4,DEL,505,508
4,DEL,507,461
4,DEL,509,505
4,DEL,511,439
4,DEL,515,956
4,DEL,519,844
4,DEL,523,802
4,DEL,527,813
4,DEL,531,739
4,DEL,535,682
4,DEL,539,676
4,DEL,543,631
4,DEL,547,634
4,DEL,551,590
4,DEL,555,526
4,DEL,559,500
4,DEL,563,497
4,DEL,567,477
4,DEL,571,446
4,DEL,575,448
4,DEL,579,422
4,DEL,583,357
4,DEL,587,346
4,DEL,591,373
4,DEL,595,335
4,DEL,599,282
4,DEL,603,244
4,DEL,607,249
4,DEL,611,261
4,DEL,615,200
4,DEL,619,210
4,DEL,623,183
4,DEL,627,180
4,DEL,631,179
4,DEL,635,165
4,DEL,639,153
4,DEL,643,116
4,DEL,647,134
4,DEL,651,112
4,DEL,655,93
4,DEL,659,94
4,DEL,663,80
4,DEL,667,97
4,DEL,671,72
4,DEL,675,67
4,DEL,679,58
4,DEL,683,48
4,DEL,687,67
4,DEL,691,54
4,DEL,695,41
4,DEL,699,46
4,DEL,703,45
4,DEL,707,39
4,DEL,711,24
4,DEL,715,21
4,DEL,719,14
4,DEL,723,21
4,DEL,727,17
4,DEL,731,27
4,DEL,735,11
4,DEL,739,12
4,DEL,743,15
4,DEL,747,17
4,DEL,751,6
4,DEL,755,8
4,DEL,759,6
4,DEL,763,7
4,DEL,767,2
4,DEL,771,5
4,DEL,775,5
4,DEL,779,4
4,DEL,783,4
4,DEL,787,4
4,DEL,791,2
4,DEL,795,2
4,DEL,803,3
4,DEL,807,6
4,DEL,811,3
4,DEL,815,1
4,DEL,819,4
4,DEL,823,1
4,DEL,827,3
4,DEL,831,3
4,DEL,835,1
4,DEL,843,3
4,DEL,847,2
4,DEL,851,1
4,DEL,863,2
4,DEL,867,1
4,DEL,879,1
4,DEL,883,1
4,DEL,899,1
4,DEL,903,1
4,DEL,911,1
4,DEL,915,1
4,DEL,931,1
4,DEL,971,1
4,DEL,979,1
4,DEL,987,1
4,DEL,1019,1
4,DEL,1039,1
4,DEL,1103,1
4,DEL,1127,1
4,DEL,1151,1
4,DEL,1303,1
4,DEL,1407,1
4,DEL,1455,1
4,DEL,1471,2
4,DEL,1479,1
4,DEL,1495,1
4,DEL,1511,1
4,DEL,1543,1
4,DEL,1591,1
4,DEL,1607,1
4,DEL,1647,1
4,DEL,1663,1
4,DEL,1671,2
4,DEL,1695,2
4,DEL,1719,1
4,DEL,1735,1
4,DEL,1767,1
4,DEL,1903,1
4,DEL,1911,1
4,DEL,1927,1
4,DEL,1943,1
4,DEL,1951,1
4,DEL,2015,1
4,DEL,2095,1
4,DEL,2207,1
4,DEL,2255,1
4,DEL,2287,1
4,DEL,50687,1
4,GET,87,1
4,GET,90,1
4,GET,93,1
4,GET,94,4
4,GET,95,3
4,GET,96,2
4,GET,97,4
4,GET,99,6
4,GET,100,7
4,GET,101,4
4,GET,102,9
4,GET,103,5
4,GET,104,12
4,GET,105,4
4,GET,106,15
4,GET,107,14
4,GET,108,19
4,GET,109,12
4,GET,110,15
4,GET,111,15
4,GET,112,17
4,GET,113,15
4,GET,114,18
4,GET,115,21
4,GET,116,28
4,GET,117,21
4,GET,118,26
4,GET,119,45
4,GET,120,37
4,GET,121,33
4,GET,122,38
4,GET,123,40
4,GET,124,39
4,GET,125,42
4,GET,126,47
4,GET,127,39
4,GET,128,40
4,GET,129,59
4,GET,130,58
4,GET,131,58
4,GET,132,49
4,GET,133,72
4,GET,134,55
4,GET,135,51
4,GET,136,47
4,GET,137,59
4,GET,138,66
4,GET,139,61
4,GET,140,58
4,GET,141,85
4,GET,142,87
4,GET,143,61
4,GET,144,81
4,GET,145,76
4,GET,146,84
4,GET,147,88
4,GET,148,109
4,GET,149,90
4,GET,150,105
4,GET,151,95
4,GET,152,99
4,GET,153,82
4,GET,154,101
4,GET,155,105
4,GET,156,101
4,GET,157,105
4,GET,158,110
4,GET,159,123
4,GET,160,108
4,GET,161,105
4,GET,162,112
4,GET,163,107
4,GET,164,121
4,GET,165,117
4,GET,166,121
4,GET,167,144
4,GET,168,123
4,GET,169,170
4,GET,170,163
4,GET,171,159
4,GET,172,173
4,GET,173,150
4,GET,174,163
4,GET,175,171
4,GET,176,172
4,GET,177,190
4,GET,178,180
4,GET,179,177
4,GET,180,186
4,GET,181,206
4,GET,182,217
4,GET,183,220
4,GET,184,211
4,GET,185,238
4,GET,186,238
4,GET,187,226
4,GET,188,265
4,GET,189,255
4,GET,190,256
4,GET,191,265
4,GET,192,290
4,GET,193,260
4,GET,194,283
4,GET,195,279
4,GET,196,306
4,GET,197,281
4,GET,198,304
4,GET,199,346
4,GET,200,340
4,GET,201,342
4,GET,202,357
4,GET,203,356
4,GET,204,359
4,GET,205,383
4,GET,206,377
4,GET,207,407
4,GET,208,392
4,GET,209,387
4,GET,210,398
4,GET,211,393
4,GET,212,419
4,GET,213,432
4,GET,214,429
4,GET,215,419
4,GET,216,464
4,GET,217,472
4,GET,218,521
4,GET,219,523
4,GET,220,491
4,GET,221,532
4,GET,222,545
4,GET,223,531
4,GET,224,557
4,GET,225,551
4,GET,226,593
4,GET,227,556
4,GET,228,588
4,GET,229,588
4,GET,230,588
4,GET,231,613
4,GET,232,606
4,GET,233,614
4,GET,234,673
4,GET,235,678
4,GET,236,652
4,GET,237,695
4,GET,238,695
4,GET,239,713
4,GET,240,721
4,GET,241,713
4,GET,242,741
4,GET,243,790
4,GET,244,775
4,GET,245,815
4,GET,246,821
4,GET,247,825
4,GET,248,759
4,GET,249,797
4,GET,250,843
4,GET,251,829
4,GET,252,869
4,GET,253,910
4,GET,254,885
4,GET,255,932
4,GET,257,1848
4,GET,259,1836
4,GET,261,1949
4,GET,263,2047
4,GET,265,2002
4,GET,267,2162
4,GET,269,2150
4,GET,271,2271
4,GET,273,2302
4,GET,275,2321
4,GET,277,2384
4,GET,279,2418
4,GET,281,2414
4,GET,283,2495
4,GET,285,2558
4,GET,287,2592
4,GET,289,2669
4,GET,291,2650
4,GET,293,2733
4,GET,295,2741
4,GET,297,2777
4,GET,299,2725
4,GET,301,2885
4,GET,303,2786
4,GET,305,2891
4,GET,307,2934
4,GET,309,2988
4,GET,311,3011
4,GET,313,3017
4,GET,315,2952
4,GET,317,3125
4,GET,319,2990
4,GET,321,3035
4,GET,323,3135
4,GET,325,3211
4,GET,327,3171
4,GET,329,3333
4,GET,331,3189
4,GET,333,3240
4,GET,335,3227
4,GET,337,3213
4,GET,339,3344
4,GET,341,3333
4,GET,343,3205
4,GET,345,3315
4,GET,347,3268
4,GET,349,3324
4,GET,351,3416
4,GET,353,3474
4,GET,355,3441
4,GET,357,3384
4,GET,359,3415
4,GET,361,3399
4,GET,363,3474
4,GET,365,3419
4,GET,367,3361
4,GET,369,3363
4,GET,371,3458
4,GET,373,3413
4,GET,375,3396
4,GET,377,3539
4,GET,379,3383
4,GET,381,3410
4,GET,383,3392
4,GET,385,3434
4,GET,387,3384
4,GET,389,3290
4,GET,391,3356
4,GET,393,3417
4,GET,395,3327
4,GET,397,3420
4,GET,399,3393
4,GET,401,3293
4,GET,403,3469
4,GET,405,3233
4,GET,407,3183
4,GET,409,3169
4,GET,411,3268
4,GET,413,3262
4,GET,415,3127
4,GET,417,3190
4,GET,419,3179
4,GET,421,2960
4,GET,423,3095
4,GET,425,2994
4,GET,427,2893
4,GET,429,2861
4,GET,431,2918
4,GET,433,2848
4,GET,435,2873
4,GET,437,2891
4,GET,439,2750
4,GET,441,2735
4,GET,443,2661
4,GET,445,2603
4,GET,447,2532
4,GET,449,2532
4,GET,451,2549
4,GET,453,2495
4,GET,455,2398
4,GET,457,2322
4,GET,459,2349
4,GET,461,2332
4,GET,463,2235
4,GET,465,2156
4,GET,467,2108
4,GET,469,2119
4,GET,471,2108
4,GET,473,1909
4,GET,475,2047
4,GET,477,1977
4,GET,479,1815
4,GET,481,1878
4,GET,483,1803
4,GET,485,1846
4,GET,487,1835
4,GET,489,1726
4,GET,491,1682
4,GET,493,1578
4,GET,495,1641
4,GET,497,1548
4,GET,499,1542
4,GET,501,1489
4,GET,503,1460
4,GET,505,1407
4,GET,507,1367
4,GET,509,1348
4,GET,511,1319
4,GET,515,2554
4,GET,519,2395
4,GET,523,2278
4,GET,527,2247
4,GET,531,2145
4,GET,535,2022
4,GET,539,1877
4,GET,543,1796
4,GET,547,1761
4,GET,551,1642
4,GET,555,1562
4,GET,559,1517
4,GET,563,1452
4,GET,567,1329
4,GET,571,1313
4,GET,575,1254
4,GET,579,1108
4,GET,583,1117
4,GET,587,1013
4,GET,591,953
4,GET,595,895
4,GET,599,811
4,GET,603,786
4,GET,607,740
4,GET,611,683
4,GET,615,634
4,GET,619,564
4,GET,623,553
4,GET,627,537
4,GET,631,464
4,GET,635,485
4,GET,639,438
4,GET,643,350
4,GET,647,389
4,GET,651,319
4,GET,655,243
4,GET,659,264
4,GET,663,259
4,GET,667,235
4,GET,671,203
4,GET,675,175
4,GET,679,161
4,GET,683,163
4,GET,687,143
4,GET,691,147
4,GET,695,106
4,GET,699,101
4,GET,703,109
4,GET,707,79
4,GET,711,66
4,GET,715,67
4,GET,719,67
4,GET,723,53
4,GET,727,49
4,GET,731,41
4,GET,735,28
4,GET,739,31
4,GET,743,26
4,GET,747,31
4,GET,751,22
4,GET,755,19
4,GET,759,17
4,GET,763,20
4,GET,767,26
4,GET,771,10
4,GET,775,22
4,GET,779,13
4,GET,783,7
4,GET,787,18
4,GET,791,15
4,GET,795,9
4,GET,799,9
4,GET,803,6
4,GET,807,7
4,GET,811,7
4,GET,815,3
4,GET,819,4
4,GET,823,9
4,GET,827,1
4,GET,831,1
4,GET,835,5
4,GET,839,4
4,GET,843,3
4,GET,847,3
4,GET,851,2
4,GET,855,2
4,GET,859,1
4,GET,863,3
4,GET,871,1
4,GET,875,1
4,GET,879,1
4,GET,883,3
4,GET,887,2
4,GET,891,3
4,GET,895,1
4,GET,899,3
4,GET,903,1
4,GET,915,1
4,GET,923,1
4,GET,927,2
4,GET,939,2
4,GET,943,2
4,GET,951,2
4,GET,955,1
4,GET,963,2
4,GET,967,1
4,GET,975,1
4,GET,987,1
4,GET,991,1
4,GET,995,1
4,GET,1003,1
4,GET,1007,1
4,GET,1011,1
4,GET,1019,1
4,GET,1031,1
4,GET,1055,2
4,GET,1079,1
4,GET,1087,1
4,GET,1103,2
4,GET,1111,1
4,GET,1127,1
4,GET,1183,1
4,GET,1207,1
4,GET,1255,1
4,GET,1279,1
4,GET,1287,1
4,GET,1303,1
4,GET,1311,1
4,GET,1327,1
4,GET,1367,4
4,GET,1399,1
4,GET,1407,2
4,GET,1431,2
4,GET,1439,1
4,GET,1455,1
4,GET,1463,1
4,GET,1487,1
4,GET,1503,2
4,GET,1511,1
4,GET,1543,1
4,GET,1551,1
4,GET,1559,2
4,GET,1575,2
4,GET,1591,4
4,GET,1599,2
4,GET,1607,1
4,GET,1615,3
4,GET,1623,1
4,GET,1639,1
4,GET,1655,3
4,GET,1671,1
4,GET,1679,1
4,GET,1687,1
4,GET,1695,1
4,GET,1735,1
4,GET,1743,1
4,GET,1759,1
4,GET,1767,1
4,GET,1799,2
4,GET,1807,1
4,GET,1823,1
4,GET,1839,2
4,GET,1863,1
4,GET,1871,1
4,GET,1879,1
4,GET,1919,1
4,GET,1935,2
4,GET,1991,2
4,GET,2031,1
4,GET,2063,1
4,GET,2079,1
4,GET,2095,1
4,GET,2127,1
4,GET,2143,1
4,GET,2207,1
4,GET,2239,2
4,GET,2255,2
4,GET,2319,1
4,GET,2335,2
4,GET,2431,2
4,GET,2527,1
4,GET,2575,1
4,GET,2815,1
4,GET,50943,1
4,GET,51455,1
4,GET,54015,1
4,GET,55039,1
4,GET,56575,1
4,GET,58111,1
4,GET,58623,1
4,GET,58879,1
4,GET,60159,2
4,GET,61183,1
4,GET,61439,1
4,GET,63487,1
4,GET,64767,1
5,DEL,87,1
5,DEL,88,1
5,DEL,94,1
5,DEL,96,3
5,DEL,97,1
5,DEL,99,1
5,DEL,100,1
5,DEL,101,1
5,DEL,102,3
5,DEL,103,3
5,DEL,104,4
5,DEL,105,3
5,DEL,106,4
5,DEL,107,2
5,DEL,108,6
5,DEL,109,3
5,DEL,110,2
5,DEL,111,5
5,DEL,112,5
5,DEL,113,2
5,DEL,114,8
5,DEL,115,3
5,DEL,116,10
5,DEL,117,12
5,DEL,118,14
5,DEL,119,11
5,DEL,120,16
5,DEL,121,10
5,DEL,122,13
5,DEL,123,13
5,DEL,124,16
5,DEL,125,14
5,DEL,126,10
5,DEL,127,19
5,DEL,128,15
5,DEL,129,16
5,DEL,130,15
5,DEL,131,23
5,DEL,132,13
5,DEL,133,28
5,DEL,134,25
5,DEL,135,23
5,DEL,136,19
5,DEL,137,19
5,DEL,138,18
5,DEL,139,12
5,DEL,140,21
5,DEL,141,19
5,DEL,142,26
5,DEL,143,23
5,DEL,144,26
5,DEL,145,31
5,DEL,146,25
5,DEL,147,23
5,DEL,148,40
5,DEL,149,28
5,DEL,150,31
5,DEL,151,34
5,DEL,152,30
5,DEL,153,35
5,DEL,154,39
5,DEL,155,35
5,DEL,156,35
5,DEL,157,30
5,DEL,158,32
5,DEL,159,30
5,DEL,160,26
5,DEL,161,31
5,DEL,162,40
5,DEL,163,38
5,DEL,164,31
5,DEL,165,61
5,DEL,166,36
5,DEL,167,54
5,DEL,168,46
5,DEL,169,57
5,DEL,170,54
5,DEL,171,56
5,DEL,172,51
5,DEL,173,62
5,DEL,174,56
5,DEL,175,73
5,DEL,176,59
5,DEL,177,68
5,DEL,178,65
5,DEL,179,73
5,DEL,180,59
5,DEL,181,62
5,DEL,182,77
5,DEL,183,85
5,DEL,184,57
5,DEL,185,76
5,DEL,186,80
5,DEL,187,86
5,DEL,188,94
5,DEL,189,85
5,DEL,190,94
5,DEL,191,95
5,DEL,192,90
5,DEL,193,84
5,DEL,194,108
5,DEL,195,94
5,DEL,196,98
5,DEL,197,98
5,DEL,198,98
5,DEL,199,99
5,DEL,200,103
5,DEL,201,122
5,DEL,202,117
5,DEL,203,108
5,DEL,204,128
5,DEL,205,127
5,DEL,206,134
5,DEL,207,130
5,DEL,208,124
5,DEL,209,143
5,DEL,210,129
5,DEL,211,130
5,DEL,212,152
5,DEL,213,142
5,DEL,214,133
5,DEL,215,157
5,DEL,216,159
5,DEL,217,173
5,DEL,218,182
5,DEL,219,175
5,DEL,220,180
5,DEL,221,167
5,DEL,222,190
5,DEL,223,188
5,DEL,224,197
5,DEL,225,214
5,DEL,226,195
5,DEL,227,214
5,DEL,228,205
5,DEL,229,213
5,DEL,230,209
5,DEL,231,225
5,DEL,232,242
5,DEL,233,214
5,DEL,234,231
5,DEL,235,240
5,DEL,236,236
5,DEL,237,240
5,DEL,238,221
5,DEL,239,236
5,DEL,240,266
5,DEL,241,286
5,DEL,242,271
5,DEL,243,273
5,DEL,244,263
5,DEL,245,280
5,DEL,246,282
5,DEL,247,264
5,DEL,248,256
5,DEL,249,309
5,DEL,250,312
5,DEL,251,272
5,DEL,252,319
5,DEL,253,302
5,DEL,254,337
5,DEL,255,328
5,DEL,257,631
5,DEL,259,665
5,DEL,261,709
5,DEL,263,731
5,DEL,265,733
5,DEL,267,729
5,DEL,269,761
5,DEL,271,767
5,DEL,273,852
5,DEL,275,846
5,DEL,277,869
5,DEL,279,883
5,DEL,281,839
5,DEL,283,892
5,DEL,285,975
5,DEL,287,948
5,DEL,289,851
5,DEL,291,968
5,DEL,293,1005
5,DEL,295,954
5,DEL,297,978
5,DEL,299,984
5,DEL,301,992
5,DEL,303,963
5,DEL,305,1006
5,DEL,307,1002
5,DEL,309,1039
5,DEL,311,1045
5,DEL,313,1072
5,DEL,315,1057
5,DEL,317,1132
5,DEL,319,1100
5,DEL,321,1090
5,DEL,323,1112
5,DEL,325,1128
5,DEL,327,1095
5,DEL,329,1105
5,DEL,331,1149
5,DEL,333,1192
5,DEL,335,1173
5,DEL,337,1147
5,DEL,339,1149
5,DEL,341,1221
5,DEL,343,1195
5,DEL,345,1182
5,DEL,347,1238
5,DEL,349,1157
5,DEL,351,1208
5,DEL,353,1239
5,DEL,355,1241
5,DEL,357,1223
5,DEL,359,1191
5,DEL,361,1160
5,DEL,363,1212
5,DEL,365,1184
5,DEL,367,1226
5,DEL,369,1174
5,DEL,371,1197
5,DEL,373,1246
5,DEL,375,1210
5,DEL,377,1270
5,DEL,379,1218
5,DEL,381,1197
5,DEL,383,1273
5,DEL,385,1271
5,DEL,387,1209
5,DEL,389,1242
5,DEL,391,1184
5,DEL,393,1179
5,DEL,395,1234
5,DEL,397,1112
5,DEL,399,1199
5,DEL,401,1176
5,DEL,403,1158
5,DEL,405,1207
5,DEL,407,1138
5,DEL,409,1141
5,DEL,411,1179
5,DEL,413,1148
5,DEL,415,1116
5,DEL,417,1105
5,DEL,419,1080
5,DEL,421,1092
5,DEL,423,1103
5,DEL,425,1023
5,DEL,427,1049
5,DEL,429,1048
5,DEL,431,1009
5,DEL,433,1017
5,DEL,435,988
5,DEL,437,1035
5,DEL,439,958
5,DEL,441,994
5,DEL,443,980
5,DEL,445,946
5,DEL,447,909
5,DEL,449,894
5,DEL,451,904
5,DEL,453,906
5,DEL,455,886
5,DEL,457,893
5,DEL,459,858
5,DEL,461,812
5,DEL,463,817
5,DEL,465,801
5,DEL,467,766
5,DEL,469,749
5,DEL,471,747
5,DEL,473,724
5,DEL,475,697
5,DEL,477,739
5,DEL,479,681
5,DEL,481,694
5,DEL,483,620
5,DEL,485,665
5,DEL,487,625
5,DEL,489,619
5,DEL,491,635
5,DEL,493,627
5,DEL,495,551
5,DEL,497,585
5,DEL,499,523
5,DEL,501,530
5,DEL,503,553
5,DEL,505,506
5,DEL,507,533
5,DEL,509,480
5,DEL,511,493
5,DEL,515,897
5,DEL,519,866
5,DEL,523,830
5,DEL,527,819
5,DEL,531,758
5,DEL,535,737
5,DEL,539,690
5,DEL,543,653
5,DEL,547,624
5,DEL,551,587
5,DEL,555,562
5,DEL,559,508
5,DEL,563,478
5,DEL,567,453
5,DEL,571,431
5,DEL,575,415
5,DEL,579,434
5,DEL,583,405
5,DEL,587,359
5,DEL,591,357
5,DEL,595,328
5,DEL,599,294
5,DEL,603,298
5,DEL,607,282
5,DEL,611,231
5,DEL,615,243
5,DEL,619,218
5,DEL,623,165
5,DEL,627,176
5,DEL,631,174
5,DEL,635,134
5,DEL,639,157
5,DEL,643,131
5,DEL,647,133
5,DEL,651,107
5,DEL,655,110
5,DEL,659,109
5,DEL,663,89
5,DEL,667,87
5,DEL,671,70
5,DEL,675,70
5,DEL,679,63
5,DEL,683,58
5,DEL,687,63
5,DEL,691,40
5,DEL,695,44
5,DEL,699,39
5,DEL,703,24
5,DEL,707,25
5,DEL,711,26
5,DEL,715,28
5,DEL,719,15
5,DEL,723,12
5,DEL,727,18
5,DEL,731,14
5,DEL,735,24
5,DEL,739,11
5,DEL,743,11
5,DEL,747,13
5,DEL,751,7
5,DEL,755,12
5,DEL,759,6
5,DEL,763,5
5,DEL,767,5
5,DEL,771,3
5,DEL,775,7
5,DEL,779,5
5,DEL,783,4
5,DEL,787,2
5,DEL,791,5
5,DEL,795,3
5,DEL,799,2
5,DEL,803,2
5,DEL,807,1
5,DEL,811,1
5,DEL,819,3
5,DEL,827,1
5,DEL,831,2
5,DEL,835,5
5,DEL,839,1
5,DEL,843,2
5,DEL,847,1
5,DEL,855,2
5,DEL,867,2
5,DEL,879,2
5,DEL,883,1
5,DEL,887,2
5,DEL,891,1
5,DEL,895,1
5,DEL,907,1
5,DEL,911,1
5,DEL,915,1
5,DEL,923,1
5,DEL,939,1
5,DEL,955,1
5,DEL,967,1
5,DEL,975,1
5,DEL,1003,1
5,DEL,1047,1
5,DEL,1111,1
5,DEL,1231,1
5,DEL,1279,1
5,DEL,1287,1
5,DEL,1375,1
5,DEL,1431,1
5,DEL,1487,1
5,DEL,1495,1
5,DEL,1527,1
5,DEL,1543,1
5,DEL,1551,3
5,DEL,1559,1
5,DEL,1583,1
5,DEL,1599,1
5,DEL,1671,1
5,DEL,1695,1
5,DEL,1743,1
5,DEL,1751,1
5,DEL,1759,1
5,DEL,1775,1
5,DEL,1815,1
5,DEL,1823,1
5,DEL,1847,1
5,DEL,1887,1
5,DEL,1927,1
5,DEL,1951,1
5,DEL,2095,1
5,DEL,2255,1
5,DEL,2287,1
5,DEL,2367,1
5,DEL,2495,1
5,DEL,2511,1
5,DEL,2543,1
5,DEL,2639,1
5,DEL,53503,1
5,DEL,54783,1
5,DEL,56831,1
5,DEL,59391,1
5,DEL,61951,1
5,GET,88,1
5,GET,89,1
5,GET,91,2
5,GET,92,2
5,GET,93,3
5,GET,94,5
5,GET,95,5
5,GET,96,2
5,GET,97,9
5,GET,98,4
5,GET,99,5
5,GET,100,7
5,GET,101,5
5,GET,102,8
5,GET,103,9
5,GET,104,11
5,GET,105,11
5,GET,106,16
5,GET,107,8
5,GET,108,10
5,GET,109,12
5,GET,110,16
5,GET,111,16
5,GET,112,24
5,GET,113,19
5,GET,114,9
5,GET,115,24
5,GET,116,24
5,GET,117,24
5,GET,118,28
5,GET,119,39
5,GET,120,24
5,GET,121,37
5,GET,122,40
5,GET,123,37
5,GET,124,40
5,GET,125,33
5,GET,126,34
5,GET,127,35
5,GET,128,38
5,GET,129,67
5,GET,130,52
5,GET,131,47
5,GET,132,56
5,GET,133,52
5,GET,134,49
5,GET,135,55
5,GET,136,55
5,GET,137,71
5,GET,138,64
5,GET,139,62
5,GET,140,62
5,GET,141,72
5,GET,142,87
5,GET,143,74
5,GET,144,72
5,GET,145,68
5,GET,146,91
5,GET,147,92
5,GET,148,94
5,GET,149,79
5,GET,150,90
5,GET,151,85
5,GET,152,102
5,GET,153,93
5,GET,154,80
5,GET,155,72
5,GET,156,104
5,GET,157,101
5,GET,158,99
5,GET,159,100
5,GET,160,90
5,GET,161,99
5,GET,162,110
5,GET,163,131
5,GET,164,101
5,GET,165,136
5,GET,166,130
5,GET,167,136
5,GET,168,153
5,GET,169,152
5,GET,170,155
5,GET,171,160
5,GET,172,150
5,GET,173,142
5,GET,174,174
5,GET,175,177
5,GET,176,174
5,GET,177,179
5,GET,178,212
5,GET,179,190
5,GET,180,210
5,GET,181,171
5,GET,182,203
5,GET,183,196
5,GET,184,198
5,GET,185,227
5,GET,186,218
5,GET,187,224
5,GET,188,242
5,GET,189,275
5,GET,190,261
5,GET,191,240
5,GET,192,264
5,GET,193,265
5,GET,194,283
5,GET,195,306
5,GET,196,298
5,GET,197,315
5,GET,198,300
5,GET,199,276
5,GET,200,336
5,GET,201,376
5,GET,202,331
5,GET,203,340
5,GET,204,340
5,GET,205,376
5,GET,206,395
5,GET,207,392
5,GET,208,392
5,GET,209,416
5,GET,210,416
5,GET,211,394
5,GET,212,411
5,GET,213,408
5,GET,214,425
5,GET,215,454
5,GET,216,452
5,GET,217,486
5,GET,218,487
5,GET,219,499
5,GET,220,482
5,GET,221,528
5,GET,222,541
5,GET,223,527
5,GET,224,557
5,GET,225,546
5,GET,226,556
5,GET,227,573
5,GET,228,624
5,GET,229,591
5,GET,230,667
5,GET,231,595
5,GET,232,691
5,GET,233,647
5,GET,234,678
5,GET,235,699
5,GET,236,680
5,GET,237,657
5,GET,238,681
5,GET,239,707
5,GET,240,741
5,GET,241,739
5,GET,242,770
5,GET,243,806
5,GET,244,762
5,GET,245,839
5,GET,246,802
5,GET,247,853
5,GET,248,853
5,GET,249,818
5,GET,250,887
5,GET,251,899
5,GET,252,842
5,GET,253,885
5,GET,254,901
5,GET,255,895
5,GET,257,1857
5,GET,259,2011
5,GET,261,2031
5,GET,263,2065
5,GET,265,2057
5,GET,267,2137
5,GET,269,2260
5,GET,271,2204
5,GET,273,2362
5,GET,275,2373
5,GET,277,2369
5,GET,279,2539
5,GET,281,2465
5,GET,283,2469
5,GET,285,2628
5,GET,287,2638
5,GET,289,2674
5,GET,291,2730
5,GET,293,2616
5,GET,295,2710
5,GET,297,2841
5,GET,299,2776
5,GET,301,2809
5,GET,303,2894
5,GET,305,2950
5,GET,307,2939
5,GET,309,3009
5,GET,311,3039
5,GET,313,3035
5,GET,315,2984
5,GET,317,3015
5,GET,319,3073
5,GET,321,3110
5,GET,323,3126
5,GET,325,3185
5,GET,327,3154
5,GET,329,3075
5,GET,331,3273
5,GET,333,3356
5,GET,335,3213
5,GET,337,3222
5,GET,339,3281
5,GET,341,3201
5,GET,343,3431
5,GET,345,3404
5,GET,347,3388
5,GET,349,3329
5,GET,351,3355
5,GET,353,3380
5,GET,355,3381
5,GET,357,3375
5,GET,359,3411
5,GET,361,3325
5,GET,363,3454
5,GET,365,3436
5,GET,367,3368
5,GET,369,3415
5,GET,371,3435
5,GET,373,3335
5,GET,375,3360
5,GET,377,3383
5,GET,379,3386
5,GET,381,3510
5,GET,383,3418
5,GET,385,3360
5,GET,387,3448
5,GET,389,3394
5,GET,391,3423
5,GET,393,3348
5,GET,395,3362
5,GET,397,3434
5,GET,399,3386
5,GET,401,3324
5,GET,403,3262
5,GET,405,3294
5,GET,407,3277
5,GET,409,3279
5,GET,411,3167
5,GET,413,3217
5,GET,415,3257
5,GET,417,3134
5,GET,419,3163
5,GET,421,3049
5,GET,423,3041
5,GET,425,2966
5,GET,427,2991
5,GET,429,2957
5,GET,431,2836
5,GET,433,2781
5,GET,435,2835
5,GET,437,2859
5,GET,439,2786
5,GET,441,2755
5,GET,443,2678
5,GET,445,2684
5,GET,447,2574
5,GET,449,2551
5,GET,451,2473
5,GET,453,2555
5,GET,455,2407
5,GET,457,2301
5,GET,459,2266
5,GET,461,2311
5,GET,463,2219
5,GET,465,2230
5,GET,467,2174
5,GET,469,2219
5,GET,471,2031
5,GET,473,2016
5,GET,475,2034
5,GET,477,1955
5,GET,479,1847
5,GET,481,1799
5,GET,483,1784
5,GET,485,1789
5,GET,487,1700
5,GET,489,1660
5,GET,491,1644
5,GET,493,1596
5,GET,495,1617
5,GET,497,1488
5,GET,499,1474
5,GET,501,1466
5,GET,503,1390
5,GET,505,1445
5,GET,507,1403
5,GET,509,1365
5,GET,511,1277
5,GET,515,2574
5,GET,519,2456
5,GET,523,2406
5,GET,527,2217
5,GET,531,2042
5,GET,535,2031
5,GET,539,1924
5,GET,543,1763
5,GET,547,1698
5,GET,551,1634
5,GET,555,1589
5,GET,559,1455
5,GET,563,1376
5,GET,567,1369
5,GET,571,1204
5,GET,575,1181
5,GET,579,1115
5,GET,583,1085
5,GET,587,1025
5,GET,591,909
5,GET,595,894
5,GET,599,831
5,GET,603,779
5,GET,607,674
5,GET,611,690
5,GET,615,618
5,GET,619,573
5,GET,623,488
5,GET,627,502
5,GET,631,467
5,GET,635,434
5,GET,639,391
5,GET,643,379
5,GET,647,319
5,GET,651,290
5,GET,655,275
5,GET,659,266
5,GET,663,243
5,GET,667,219
5,GET,671,188
5,GET,675,189
5,GET,679,176
5,GET,683,148
5,GET,687,116
5,GET,691,108
5,GET,695,114
5,GET,699,100
5,GET,703,91
5,GET,707,73
5,GET,711,85
5,GET,715,72
5,GET,719,60
5,GET,723,63
5,GET,727,49
5,GET,731,47
5,GET,735,34
5,GET,739,34
5,GET,743,28
5,GET,747,24
5,GET,751,23
5,GET,755,26
5,GET,759,21
5,GET,763,15
5,GET,767,24
5,GET,771,13
5,GET,775,19
5,GET,779,10
5,GET,783,6
5,GET,787,15
5,GET,791,8
5,GET,795,12
5,GET,799,4
5,GET,803,4
5,GET,807,4
5,GET,811,2
5,GET,815,3
5,GET,819,1
5,GET,823,5
5,GET,827,1
5,GET,835,5
5,GET,839,2
5,GET,843,4
5,GET,847,2
5,GET,851,4
5,GET,855,3
5,GET,859,1
5,GET,863,1
5,GET,867,4
5,GET,871,1
5,GET,875,1
5,GET,879,2
5,GET,883,1
5,GET,887,2
5,GET,891,2
5,GET,895,1
5,GET,899,1
5,GET,903,1
5,GET,907,2
5,GET,911,2
5,GET,915,3
5,GET,919,1
5,GET,927,1
5,GET,931,3
5,GET,947,1
5,GET,971,1
5,GET,979,2
5,GET,983,1
5,GET,995,1
5,GET,999,1
5,GET,1015,2
5,GET,1063,1
5,GET,1079,2
5,GET,1087,1
5,GET,1103,1
5,GET,1127,1
5,GET,1135,2
5,GET,1167,1
5,GET,1255,2
5,GET,1295,2
5,GET,1367,1
5,GET,1407,2
5,GET,1415,1
5,GET,1431,1
5,GET,1439,4
5,GET,1463,4
5,GET,1471,1
5,GET,1479,1
5,GET,1495,3
5,GET,1503,2
5,GET,1511,1
5,GET,1543,3
5,GET,1567,1
5,GET,1599,2
5,GET,1607,2
5,GET,1615,2
5,GET,1631,2
5,GET,1639,1
5,GET,1647,2
5,GET,1687,2
5,GET,1695,1
5,GET,1703,2
5,GET,1719,1
5,GET,1735,1
5,GET,1743,2
5,GET,1751,1
5,GET,1807,1
5,GET,1815,2
5,GET,1871,1
5,GET,1895,1
5,GET,1967,1
5,GET,1991,1
5,GET,2023,2
5,GET,2063,1
5,GET,2111,1
5,GET,2127,1
5,GET,2239,1
5,GET,2303,1
5,GET,2367,1
5,GET,2383,4
5,GET,2399,1
5,GET,2415,1
5,GET,2431,1
5,GET,2447,1
5,GET,2463,1
5,GET,2479,2
5,GET,2495,1
5,GET,2607,1
5,GET,2655,1
5,GET,2815,1
5,GET,4447,1
5,GET,50943,1
5,GET,51711,1
5,GET,54783,1
5,GET,57343,1
5,GET,57855,1
5,GET,62463,1
5,GET,62975,1
5,GET,63231,1
5,GET,64255,1
5,GET,66047,1
5,SET,90,1
5,SET,95,1
5,SET,101,1
5,SET,104,1
5,SET,107,2
5,SET,109,1
5,SET,111,1
5,SET,113,1
5,SET,114,1
5,SET,115,2
5,SET,116,1
5,SET,118,3
5,SET,119,1
5,SET,121,3
5,SET,122,1
5,SET,123,3
5,SET,124,3
5,SET,125,2
5,SET,126,4
5,SET,127,3
5,SET,128,4
5,SET,129,1
5,SET,130,2
5,SET,131,4
5,SET,132,3
5,SET,133,5
5,SET,134,2
5,SET,135,3
5,SET,136,2
5,SET,137,5
5,SET,138,4
5,SET,139,5
5,SET,140,1
5,SET,141,3
5,SET,142,7
5,SET,143,2
5,SET,144,3
5,SET,145,3
5,SET,146,6
5,SET,147,6
5,SET,148,10
5,SET,149,4
5,SET,150,3
5,SET,151,7
5,SET,152,3
5,SET,153,11
5,SET,154,9
5,SET,155,6
5,SET,156,4
5,SET,157,9
5,SET,158,7
5,SET,159,5
5,SET,160,6
5,SET,161,8
5,SET,162,6
5,SET,163,2
5,SET,164,16
5,SET,165,7
5,SET,166,3
5,SET,167,12
5,SET,168,14
5,SET,169,6
5,SET,170,7
5,SET,171,13
5,SET,172,10
5,SET,173,9
5,SET,174,10
5,SET,175,16
5,SET,176,7
5,SET,177,7
5,SET,178,18
5,SET,179,15
5,SET,180,17
5,SET,181,19
5,SET,182,14
5,SET,183,16
5,SET,184,17
5,SET,185,11
5,SET,186,17
5,SET,187,16
5,SET,188,12
5,SET,189,13
5,SET,190,19
5,SET,191,23
5,SET,192,22
5,SET,193,24
5,SET,194,25
5,SET,195,20
5,SET,196,19
5,SET,197,23
5,SET,198,20
5,SET,199,14
5,SET,200,23
5,SET,201,24
5,SET,202,17
5,SET,203,27
5,SET,204,25
5,SET,205,27
5,SET,206,37
5,SET,207,19
5,SET,208,38
5,SET,209,34
5,SET,210,20
5,SET,211,31
5,SET,212,19
5,SET,213,25
5,SET,214,32
5,SET,215,26
5,SET,216,33
5,SET,217,20
5,SET,218,24
5,SET,219,38
5,SET,220,27
5,SET,221,35
5,SET,222,27
5,SET,223,40
5,SET,224,43
5,SET,225,37
5,SET,226,36
5,SET,227,37
5,SET,228,47
5,SET,229,48
5,SET,230,33
5,SET,231,45
5,SET,232,45
5,SET,233,35
5,SET,234,45
5,SET,235,48
5,SET,236,53
5,SET,237,37
5,SET,238,51
5,SET,239,43
5,SET,240,43
5,SET,241,50
5,SET,242,52
5,SET,243,55
5,SET,244,58
5,SET,245,58
5,SET,246,57
5,SET,247,49
5,SET,248,63
5,SET,249,59
5,SET,250,70
5,SET,251,76
5,SET,252,59
5,SET,253,69
5,SET,254,69
5,SET,255,62
5,SET,257,134
5,SET,259,144
5,SET,261,102
5,SET,263,149
5,SET,265,164
5,SET,267,147
5,SET,269,142
5,SET,271,149
5,SET,273,141
5,SET,275,146
5,SET,277,173
5,SET,279,149
5,SET,281,172
5,SET,283,179
5,SET,285,169
5,SET,287,178
5,SET,289,168
5,SET,291,177
5,SET,293,181
5,SET,295,203
5,SET,297,202
5,SET,299,193
5,SET,301,178
5,SET,303,195
5,SET,305,191
5,SET,307,240
5,SET,309,229
5,SET,311,198
5,SET,313,204
5,SET,315,217
5,SET,317,224
5,SET,319,247
5,SET,321,193
5,SET,323,227
5,SET,325,228
5,SET,327,238
5,SET,329,212
5,SET,331,200
5,SET,333,238
5,SET,335,208
5,SET,337,197
5,SET,339,222
5,SET,341,239
5,SET,343,255
5,SET,345,241
5,SET,347,232
5,SET,349,243
5,SET,351,229
5,SET,353,250
5,SET,355,259
5,SET,357,259
5,SET,359,246
5,SET,361,244
5,SET,363,260
5,SET,365,222
5,SET,367,250
5,SET,369,239
5,SET,371,263
5,SET,373,259
5,SET,375,235
5,SET,377,254
5,SET,379,271
5,SET,381,282
5,SET,383,264
5,SET,385,240
5,SET,387,252
5,SET,389,256
5,SET,391,258
5,SET,393,251
5,SET,395,255
5,SET,397,246
5,SET,399,249
5,SET,401,244
5,SET,403,230
5,SET,405,225
5,SET,407,251
5,SET,409,212
5,SET,411,263
5,SET,413,241
5,SET,415,224
5,SET,417,220
5,SET,419,211
5,SET,421,229
5,SET,423,207
5,SET,425,188
5,SET,427,222
5,SET,429,227
5,SET,431,198
5,SET,433,196
5,SET,435,175
5,SET,437,227
5,SET,439,181
5,SET,441,185
5,SET,443,191
5,SET,445,187
5,SET,447,187
5,SET,449,182
5,SET,451,180
5,SET,453,154
5,SET,455,151
5,SET,457,190
5,SET,459,151
5,SET,461,160
5,SET,463,175
5,SET,465,143
5,SET,467,156
5,SET,469,151
5,SET,471,153
5,SET,473,143
5,SET,475,131
5,SET,477,129
5,SET,479,151
5,SET,481,132
5,SET,483,121
5,SET,485,111
5,SET,487,121
5,SET,489,117
5,SET,491,146
5,SET,493,110
5,SET,495,125
5,SET,497,114
5,SET,499,105
5,SET,501,96
5,SET,503,97
5,SET,505,94
5,SET,507,120
5,SET,509,98
5,SET,511,107
5,SET,515,199
5,SET,519,207
5,SET,523,183
5,SET,527,180
5,SET,531,134
5,SET,535,146
5,SET,539,138
5,SET,543,146
5,SET,547,114
5,SET,551,117
5,SET,555,113
5,SET,559,93
5,SET,563,103
5,SET,567,103
5,SET,571,91
5,SET,575,97
5,SET,579,86
5,SET,583,85
5,SET,587,74
5,SET,591,71
5,SET,595,64
5,SET,599,57
5,SET,603,52
5,SET,607,47
5,SET,611,42
5,SET,615,42
5,SET,619,45
5,SET,623,38
5,SET,627,29
5,SET,631,32
5,SET,635,33
5,SET,639,31
5,SET,643,29
5,SET,647,25
5,SET,651,23
5,SET,655,16
5,SET,659,17
5,SET,663,17
5,SET,667,10
5,SET,671,16
5,SET,675,16
5,SET,679,6
5,SET,683,11
5,SET,687,12
5,SET,691,8
5,SET,695,4
5,SET,699,3
5,SET,703,4
5,SET,707,8
5,SET,711,3
5,SET,715,2
5,SET,719,3
5,SET,723,7
5,SET,727,4
5,SET,731,5
5,SET,735,4
5,SET,739,3
5,SET,743,1
5,SET,747,1
5,SET,751,1
5,SET,755,3
5,SET,759,1
5,SET,763,1
5,SET,767,1
5,SET,771,2
5,SET,779,2
5,SET,783,1
5,SET,787,2
5,SET,795,1
5,SET,799,1
5,SET,807,1
5,SET,811,1
5,SET,823,1
5,SET,851,2
5,SET,863,1
5,SET,1127,1
5,SET,1359,1
5,SET,1999,1
5,SET,2431,1
5,SET,51967,1
6,SET,92,1
6,SET,95,1
6,SET,100,1
6,SET,101,2
6,SET,106,2
6,SET,107,1
6,SET,110,2
6,SET,112,1
6,SET,114,2
6,SET,115,2
6,SET,116,1
6,SET,117,1
6,SET,119,2
6,SET,120,2
6,SET,121,4
6,SET,122,2
6,SET,123,4
6,SET,124,2
6,SET,125,3
6,SET,126,8
6,SET,127,1
6,SET,128,4
6,SET,129,2
6,SET,130,3
6,SET,131,8
6,SET,132,3
6,SET,133,3
6,SET,134,3
6,SET,135,9
6,SET,136,6
6,SET,137,4
6,SET,138,2
6,SET,139,4
6,SET,140,5
6,SET,141,8
6,SET,142,6
6,SET,143,3
6,SET,144,6
6,SET,145,7
6,SET,146,7
6,SET,147,5
6,SET,148,9
6,SET,149,8
6,SET,150,4
6,SET,151,8
6,SET,152,5
6,SET,153,11
6,SET,154,6
6,SET,155,9
6,SET,156,7
6,SET,157,9
6,SET,158,3
6,SET,159,9
6,SET,160,6
6,SET,161,8
6,SET,162,9
6,SET,163,9
6,SET,164,10
6,SET,165,7
6,SET,166,10
6,SET,167,11
6,SET,168,12
6,SET,169,7
6,SET,170,10
6,SET,171,15
6,SET,172,5
6,SET,173,12
6,SET,174,10
6,SET,175,14
6,SET,176,14
6,SET,177,13
6,SET,178,13
6,SET,179,12
6,SET,180,11
6,SET,181,15
6,SET,182,20
6,SET,183,22
6,SET,184,13
6,SET,185,13
6,SET,186,14
6,SET,187,13
6,SET,188,17
6,SET,189,16
6,SET,190,20
6,SET,191,10
6,SET,192,22
6,SET,193,12
6,SET,194,19
6,SET,195,24
6,SET,196,21
6,SET,197,16
6,SET,198,20
6,SET,199,21
6,SET,200,21
6,SET,201,15
6,SET,202,29
6,SET,203,20
6,SET,204,31
6,SET,205,29
6,SET,206,25
6,SET,207,23
6,SET,208,36
6,SET,209,26
6,SET,210,26
6,SET,211,41
6,SET,212,35
6,SET,213,27
6,SET,214,28
6,SET,215,25
6,SET,216,38
6,SET,217,21
6,SET,218,39
6,SET,219,29
6,SET,220,28
6,SET,221,39
6,SET,222,26
6,SET,223,41
6,SET,224,45
6,SET,225,29
6,SET,226,36
6,SET,227,41
6,SET,228,41
6,SET,229,40
6,SET,230,36
6,SET,231,42
6,SET,232,46
6,SET,233,48
6,SET,234,37
6,SET,235,36
6,SET,236,34
6,SET,237,42
6,SET,238,56
6,SET,239,44
6,SET,240,64
6,SET,241,57
6,SET,242,46
6,SET,243,57
6,SET,244,49
6,SET,245,44
6,SET,246,57
6,SET,247,59
6,SET,248,49
6,SET,249,65
6,SET,250,59
6,SET,251,63
6,SET,252,57
6,SET,253,70
6,SET,254,53
6,SET,255,65
6,SET,257,130
6,SET,259,150
6,SET,261,152
6,SET,263,111
6,SET,265,130
6,SET,267,131
6,SET,269,140
6,SET,271,139
6,SET,273,141
6,SET,275,169
6,SET,277,168
6,SET,279,180
6,SET,281,171
6,SET,283,190
6,SET,285,161
6,SET,287,184
6,SET,289,181
6,SET,291,167
6,SET,293,193
6,SET,295,180
6,SET,297,194
6,SET,299,180
6,SET,301,195
6,SET,303,204
6,SET,305,195
6,SET,307,217
6,SET,309,207
6,SET,311,202
6,SET,313,213
6,SET,315,182
6,SET,317,220
6,SET,319,195
6,SET,321,219
6,SET,323,231
6,SET,325,237
6,SET,327,235
6,SET,329,236
6,SET,331,221
6,SET,333,223
6,SET,335,223
6,SET,337,218
6,SET,339,224
6,SET,341,252
6,SET,343,228
6,SET,345,212
6,SET,347,229
6,SET,349,240
6,SET,351,257
6,SET,353,232
6,SET,355,239
6,SET,357,234
6,SET,359,227
6,SET,361,257
6,SET,363,246
6,SET,365,260
6,SET,367,247
6,SET,369,252
6,SET,371,248
6,SET,373,254
6,SET,375,229
6,SET,377,217
6,SET,379,283
6,SET,381,238
6,SET,383,240
6,SET,385,252
6,SET,387,237
6,SET,389,239
6,SET,391,241
6,SET,393,248
6,SET,395,221
6,SET,397,267
6,SET,399,236
6,SET,401,259
6,SET,403,236
6,SET,405,274
6,SET,407,207
6,SET,409,230
6,SET,411,219
6,SET,413,212
6,SET,415,238
6,SET,417,215
6,SET,419,229
6,SET,421,249
6,SET,423,229
6,SET,425,231
6,SET,427,203
6,SET,429,206
6,SET,431,196
6,SET,433,194
6,SET,435,201
6,SET,437,179
6,SET,439,208
6,SET,441,189
6,SET,443,195
6,SET,445,186
6,SET,447,180
6,SET,449,204
6,SET,451,173
6,SET,453,176
6,SET,455,184
6,SET,457,165
6,SET,459,178
6,SET,461,182
6,SET,463,164
6,SET,465,154
6,SET,467,143
6,SET,469,152
6,SET,471,174
6,SET,473,135
6,SET,475,125
6,SET,477,149
6,SET,479,159
6,SET,481,118
6,SET,483,141
6,SET,485,120
6,SET,487,123
6,SET,489,122
6,SET,491,117
6,SET,493,116
6,SET,495,105
6,SET,497,107
6,SET,499,78
6,SET,501,127
6,SET,503,115
6,SET,505,112
6,SET,507,97
6,SET,509,90
6,SET,511,93
6,SET,515,191
6,SET,519,176
6,SET,523,163
6,SET,527,164
6,SET,531,163
6,SET,535,142
6,SET,539,155
6,SET,543,122
6,SET,547,108
6,SET,551,130
6,SET,555,107
6,SET,559,105
6,SET,563,95
6,SET,567,78
6,SET,571,87
6,SET,575,93
6,SET,579,83
6,SET,583,85
6,SET,587,75
6,SET,591,67
6,SET,595,78
6,SET,599,60
6,SET,603,55
6,SET,607,41
6,SET,611,51
6,SET,615,50
6,SET,619,46
6,SET,623,32
6,SET,627,43
6,SET,631,46
6,SET,635,37
6,SET,639,30
6,SET,643,26
6,SET,647,25
6,SET,651,31
6,SET,655,24
6,SET,659,16
6,SET,663,24
6,SET,667,13
6,SET,671,10
6,SET,675,16
6,SET,679,12
6,SET,683,13
6,SET,687,13
6,SET,691,10
6,SET,695,6
6,SET,699,11
6,SET,703,8
6,SET,707,4
6,SET,711,6
6,SET,715,3
6,SET,719,6
6,SET,723,3
6,SET,727,5
6,SET,731,5
6,SET,735,3
6,SET,739,4
6,SET,743,4
6,SET,747,2
6,SET,751,3
6,SET,755,4
6,SET,763,3
6,SET,767,1
6,SET,771,1
6,SET,775,1
6,SET,779,1
6,SET,783,3
6,SET,787,3
6,SET,791,2
6,SET,795,1
6,SET,799,2
6,SET,807,1
6,SET,811,1
6,SET,815,1
6,SET,831,1
6,SET,847,1
6,SET,859,1
6,SET,871,1
6,SET,879,1
6,SET,883,2
6,SET,903,2
6,SET,907,1
6,SET,911,1
6,SET,931,1
6,SET,935,1
6,SET,979,1
6,SET,1015,1
6,SET,1503,1
6,SET,1519,1
6,SET,1695,1
6,SET,1791,1
6,SET,2031,1
6,SET,52479,1
6,SET,63231,1
6,GET,89,3
6,GET,90,3
6,GET,91,5
6,GET,92,2
6,GET,93,2
6,GET,94,5
6,GET,95,2
6,GET,96,3
6,GET,97,5
6,GET,98,6
6,GET,99,11
6,GET,100,3
6,GET,101,7
6,GET,102,6
6,GET,103,12
6,GET,104,12
6,GET,105,14
6,GET,106,16
6,GET,107,15
6,GET,108,12
6,GET,109,9
6,GET,110,15
6,GET,111,18
6,GET,112,16
6,GET,113,17
6,GET,114,20
6,GET,115,23
6,GET,116,28
6,GET,117,30
6,GET,118,31
6,GET,119,20
6,GET,120,36
6,GET,121,38
6,GET,122,43
6,GET,123,40
6,GET,124,54
6,GET,125,52
6,GET,126,49
6,GET,127,42
6,GET,128,60
6,GET,129,63
6,GET,130,56
6,GET,131,48
6,GET,132,55
6,GET,133,54
6,GET,134,69
6,GET,135,50
6,GET,136,47
6,GET,137,71
6,GET,138,77
6,GET,139,83
6,GET,140,78
6,GET,141,62
6,GET,142,70
6,GET,143,81
6,GET,144,97
6,GET,145,97
6,GET,146,93
6,GET,147,93
6,GET,148,79
6,GET,149,81
6,GET,150,106
6,GET,151,113
6,GET,152,82
6,GET,153,94
6,GET,154,103
6,GET,155,123
6,GET,156,99
6,GET,157,117
6,GET,158,119
6,GET,159,110
6,GET,160,113
6,GET,161,139
6,GET,162,122
6,GET,163,116
6,GET,164,131
6,GET,165,125
6,GET,166,161
6,GET,167,143
6,GET,168,136
6,GET,169,159
6,GET,170,143
6,GET,171,147
6,GET,172,194
6,GET,173,174
6,GET,174,189
6,GET,175,193
6,GET,176,177
6,GET,177,168
6,GET,178,191
6,GET,179,184
6,GET,180,178
6,GET,181,219
6,GET,182,241
6,GET,183,229
6,GET,184,232
6,GET,185,236
6,GET,186,220
6,GET,187,256
6,GET,188,249
6,GET,189,274
6,GET,190,281
6,GET,191,266
6,GET,192,276
6,GET,193,266
6,GET,194,281
6,GET,195,290
6,GET,196,302
6,GET,197,312
6,GET,198,345
6,GET,199,311
6,GET,200,345
6,GET,201,334
6,GET,202,355
6,GET,203,360
6,GET,204,370
6,GET,205,377
6,GET,206,370
6,GET,207,365
6,GET,208,391
6,GET,209,382
6,GET,210,378
6,GET,211,384
6,GET,212,407
6,GET,213,436
6,GET,214,443
6,GET,215,426
6,GET,216,452
6,GET,217,465
6,GET,218,452
6,GET,219,538
6,GET,220,497
6,GET,221,538
6,GET,222,530
6,GET,223,523
6,GET,224,568
6,GET,225,527
6,GET,226,580
6,GET,227,545
6,GET,228,613
6,GET,229,622
6,GET,230,577
6,GET,231,639
6,GET,232,658
6,GET,233,618
6,GET,234,613
6,GET,235,705
6,GET,236,687
6,GET,237,688
6,GET,238,671
6,GET,239,733
6,GET,240,791
6,GET,241,722
6,GET,242,726
6,GET,243,772
6,GET,244,839
6,GET,245,761
6,GET,246,790
6,GET,247,840
6,GET,248,796
6,GET,249,897
6,GET,250,839
6,GET,251,876
6,GET,252,884
6,GET,253,915
6,GET,254,855
6,GET,255,858
6,GET,257,1853
6,GET,259,1898
6,GET,261,1880
6,GET,263,1961
6,GET,265,2042
6,GET,267,2067
6,GET,269,2154
6,GET,271,2151
6,GET,273,2266
6,GET,275,2403
6,GET,277,2419
6,GET,279,2383
6,GET,281,2518
6,GET,283,2427
6,GET,285,2406
6,GET,287,2501
6,GET,289,2567
6,GET,291,2682
6,GET,293,2727
6,GET,295,2742
6,GET,297,2765
6,GET,299,2844
6,GET,301,2830
6,GET,303,2862
6,GET,305,2897
6,GET,307,2971
6,GET,309,2897
6,GET,311,2938
6,GET,313,3005
6,GET,315,3126
6,GET,317,3018
6,GET,319,3146
6,GET,321,3140
6,GET,323,3149
6,GET,325,3072
6,GET,327,3163
6,GET,329,3194
6,GET,331,3200
6,GET,333,3200
6,GET,335,3205
6,GET,337,3227
6,GET,339,3420
6,GET,341,3198
6,GET,343,3310
6,GET,345,3289
6,GET,347,3257
6,GET,349,3274
6,GET,351,3341
6,GET,353,3345
6,GET,355,3468
6,GET,357,3449
6,GET,359,3329
6,GET,361,3369
6,GET,363,3432
6,GET,365,3382
6,GET,367,3365
6,GET,369,3439
6,GET,371,3467
6,GET,373,3344
6,GET,375,3370
6,GET,377,3437
6,GET,379,3436
6,GET,381,3269
6,GET,383,3384
6,GET,385,3456
6,GET,387,3345
6,GET,389,3486
6,GET,391,3284
6,GET,393,3326
6,GET,395,3378
6,GET,397,3335
6,GET,399,3378
6,GET,401,3339
6,GET,403,3352
6,GET,405,3297
6,GET,407,3323
6,GET,409,3260
6,GET,411,3195
6,GET,413,3175
6,GET,415,3166
6,GET,417,3150
6,GET,419,3154
6,GET,421,3059
6,GET,423,3061
6,GET,425,3071
6,GET,427,2937
6,GET,429,2925
6,GET,431,2919
6,GET,433,2848
6,GET,435,2839
6,GET,437,2875
6,GET,439,2835
6,GET,441,2618
6,GET,443,2731
6,GET,445,2603
6,GET,447,2554
6,GET,449,2513
6,GET,451,2422
6,GET,453,2392
6,GET,455,2423
6,GET,457,2380
6,GET,459,2343
6,GET,461,2328
6,GET,463,2323
6,GET,465,2182
6,GET,467,2208
6,GET,469,2121
6,GET,471,2117
6,GET,473,2059
6,GET,475,1942
6,GET,477,2010
6,GET,479,1949
6,GET,481,1938
6,GET,483,1847
6,GET,485,1878
6,GET,487,1787
6,GET,489,1683
6,GET,491,1687
6,GET,493,1604
6,GET,495,1630
6,GET,497,1535
6,GET,499,1530
6,GET,501,1453
6,GET,503,1424
6,GET,505,1431
6,GET,507,1441
6,GET,509,1386
6,GET,511,1298
6,GET,515,2589
6,GET,519,2432
6,GET,523,2285
6,GET,527,2220
6,GET,531,2170
6,GET,535,2054
6,GET,539,1921
6,GET,543,1756
6,GET,547,1778
6,GET,551,1591
6,GET,555,1558
6,GET,559,1414
6,GET,563,1446
6,GET,567,1339
6,GET,571,1188
6,GET,575,1261
6,GET,579,1182
6,GET,583,1069
6,GET,587,1027
6,GET,591,982
6,GET,595,934
6,GET,599,850
6,GET,603,760
6,GET,607,726
6,GET,611,658
6,GET,615,664
6,GET,619,627
6,GET,623,526
6,GET,627,502
6,GET,631,490
6,GET,635,449
6,GET,639,425
6,GET,643,353
6,GET,647,349
6,GET,651,356
6,GET,655,294
6,GET,659,266
6,GET,663,270
6,GET,667,209
6,GET,671,214
6,GET,675,184
6,GET,679,180
6,GET,683,164
6,GET,687,135
6,GET,691,137
6,GET,695,130
6,GET,699,112
6,GET,703,90
6,GET,707,89
6,GET,711,80
6,GET,715,78
6,GET,719,79
6,GET,723,57
6,GET,727,47
6,GET,731,62
6,GET,735,43
6,GET,739,42
6,GET,743,36
6,GET,747,26
6,GET,751,37
6,GET,755,25
6,GET,759,26
6,GET,763,24
6,GET,767,14
6,GET,771,21
6,GET,775,21
6,GET,779,17
6,GET,783,10
6,GET,787,11
6,GET,791,12
6,GET,795,11
6,GET,799,10
6,GET,803,14
6,GET,807,6
6,GET,811,8
6,GET,815,7
6,GET,819,10
6,GET,823,3
6,GET,827,9
6,GET,831,6
6,GET,835,6
6,GET,839,5
6,GET,843,6
6,GET,847,4
6,GET,851,2
6,GET,855,7
6,GET,859,4
6,GET,863,3
6,GET,867,4
6,GET,871,3
6,GET,875,2
6,GET,879,3
6,GET,883,6
6,GET,887,2
6,GET,891,3
6,GET,895,2
6,GET,899,2
6,GET,903,2
6,GET,911,1
6,GET,915,1
6,GET,919,2
6,GET,923,5
6,GET,927,1
6,GET,931,4
6,GET,935,6
6,GET,939,4
6,GET,943,2
6,GET,947,2
6,GET,951,3
6,GET,955,2
6,GET,959,1
6,GET,963,2
6,GET,967,3
6,GET,971,1
6,GET,975,3
6,GET,979,1
6,GET,987,1
6,GET,991,1
6,GET,995,2
6,GET,999,1
6,GET,1007,2
6,GET,1015,3
6,GET,1031,3
6,GET,1039,3
6,GET,1055,1
6,GET,1063,1
6,GET,1079,1
6,GET,1087,3
6,GET,1095,1
6,GET,1103,2
6,GET,1119,1
6,GET,1127,3
6,GET,1135,2
6,GET,1143,1
6,GET,1151,1
6,GET,1159,1
6,GET,1167,1
6,GET,1183,1
6,GET,1191,1
6,GET,1199,1
6,GET,1231,1
6,GET,1239,1
6,GET,1247,1
6,GET,1263,1
6,GET,1287,1
6,GET,1295,1
6,GET,1311,1
6,GET,1335,1
6,GET,1343,1
6,GET,1375,2
6,GET,1391,1
6,GET,1399,1
6,GET,1407,1
6,GET,1415,2
6,GET,1439,1
6,GET,1447,2
6,GET,1455,1
6,GET,1463,1
6,GET,1471,2
6,GET,1487,1
6,GET,1511,1
6,GET,1527,1
6,GET,1535,1
6,GET,1543,2
6,GET,1551,1
6,GET,1567,1
6,GET,1575,1
6,GET,1583,1
6,GET,1591,1
6,GET,1615,1
6,GET,1631,1
6,GET,1671,1
6,GET,1679,3
6,GET,1687,1
6,GET,1695,1
6,GET,1711,1
6,GET,1719,3
6,GET,1727,1
6,GET,1735,1
6,GET,1743,1
6,GET,1759,1
6,GET,1767,1
6,GET,1775,3
6,GET,1783,1
6,GET,1799,1
6,GET,1807,1
6,GET,1839,2
6,GET,1927,1
6,GET,1935,3
6,GET,1967,1
6,GET,2007,1
6,GET,2031,1
6,GET,2039,1
6,GET,2063,1
6,GET,2079,1
6,GET,2127,1
6,GET,2143,1
6,GET,2191,1
6,GET,2255,1
6,GET,2351,1
6,GET,2383,1
6,GET,2399,1
6,GET,2495,1
6,GET,2639,1
6,GET,2767,1
6,GET,49407,1
6,GET,51199,1
6,GET,53247,1
6,GET,56319,1
6,GET,56831,1
6,GET,57087,1
6,GET,58111,2
6,GET,59135,1
6,GET,59391,1
6,GET,60159,1
6,GET,64255,1
6,DEL,89,1
6,DEL,90,2
6,DEL,91,3
6,DEL,92,2
6,DEL,94,3
6,DEL,95,1
6,DEL,96,2
6,DEL,97,2
6,DEL,98,2
6,DEL,99,5
6,DEL,100,5
6,DEL,101,3
6,DEL,102,3
6,DEL,103,3
6,DEL,104,7
6,DEL,105,5
6,DEL,106,11
6,DEL,107,2
6,DEL,108,4
6,DEL,109,5
6,DEL,110,5
6,DEL,111,4
6,DEL,112,7
6,DEL,113,3
6,DEL,114,5
6,DEL,115,4
6,DEL,116,10
6,DEL,117,14
6,DEL,118,8
6,DEL,119,11
6,DEL,120,10
6,DEL,121,11
6,DEL,122,12
6,DEL,123,12
6,DEL,124,14
6,DEL,125,22
6,DEL,126,19
6,DEL,127,17
6,DEL,128,14
6,DEL,129,25
6,DEL,130,24
6,DEL,131,18
6,DEL,132,23
6,DEL,133,17
6,DEL,134,19
6,DEL,135,15
6,DEL,136,20
6,DEL,137,26
6,DEL,138,28
6,DEL,139,28
6,DEL,140,26
6,DEL,141,32
6,DEL,142,25
6,DEL,143,30
6,DEL,144,40
6,DEL,145,24
6,DEL,146,34
6,DEL,147,25
6,DEL,148,27
6,DEL,149,38
6,DEL,150,30
6,DEL,151,32
6,DEL,152,36
6,DEL,153,32
6,DEL,154,36
6,DEL,155,38
6,DEL,156,35
6,DEL,157,45
6,DEL,158,33
6,DEL,159,43
6,DEL,160,35
6,DEL,161,40
6,DEL,162,37
6,DEL,163,50
6,DEL,164,42
6,DEL,165,38
6,DEL,166,39
6,DEL,167,42
6,DEL,168,44
6,DEL,169,54
6,DEL,170,57
6,DEL,171,54
6,DEL,172,71
6,DEL,173,52
6,DEL,174,54
6,DEL,175,45
6,DEL,176,73
6,DEL,177,62
6,DEL,178,68
6,DEL,179,60
6,DEL,180,62
6,DEL,181,86
6,DEL,182,74
6,DEL,183,75
6,DEL,184,93
6,DEL,185,67
6,DEL,186,71
6,DEL,187,83
6,DEL,188,85
6,DEL,189,100
6,DEL,190,81
6,DEL,191,84
6,DEL,192,79
6,DEL,193,91
6,DEL,194,87
6,DEL,195,105
6,DEL,196,102
6,DEL,197,107
6,DEL,198,106
6,DEL,199,113
6,DEL,200,127
6,DEL,201,130
6,DEL,202,113
6,DEL,203,119
6,DEL,204,116
6,DEL,205,145
6,DEL,206,124
6,DEL,207,130
6,DEL,208,134
6,DEL,209,109
6,DEL,210,120
6,DEL,211,126
6,DEL,212,155
6,DEL,213,141
6,DEL,214,156
6,DEL,215,164
6,DEL,216,134
6,DEL,217,168
6,DEL,218,164
6,DEL,219,163
6,DEL,220,185
6,DEL,221,190
6,DEL,222,181
6,DEL,223,169
6,DEL,224,192
6,DEL,225,189
6,DEL,226,184
6,DEL,227,199
6,DEL,228,204
6,DEL,229,228
6,DEL,230,238
6,DEL,231,214
6,DEL,232,246
6,DEL,233,218
6,DEL,234,222
6,DEL,235,209
6,DEL,236,226
6,DEL,237,238
6,DEL,238,241
6,DEL,239,275
6,DEL,240,252
6,DEL,241,241
6,DEL,242,279
6,DEL,243,247
6,DEL,244,271
6,DEL,245,286
6,DEL,246,268
6,DEL,247,278
6,DEL,248,284
6,DEL,249,277
6,DEL,250,324
6,DEL,251,294
6,DEL,252,325
6,DEL,253,322
6,DEL,254,316
6,DEL,255,352
6,DEL,257,637
6,DEL,259,653
6,DEL,261,718
6,DEL,263,718
6,DEL,265,712
6,DEL,267,749
6,DEL,269,751
6,DEL,271,814
6,DEL,273,804
6,DEL,275,851
6,DEL,277,828
6,DEL,279,793
6,DEL,281,896
6,DEL,283,887
6,DEL,285,928
6,DEL,287,888
6,DEL,289,968
6,DEL,291,943
6,DEL,293,967
6,DEL,295,973
6,DEL,297,984
6,DEL,299,993
6,DEL,301,1018
6,DEL,303,1005
6,DEL,305,1037
6,DEL,307,1057
6,DEL,309,1020
6,DEL,311,1044
6,DEL,313,1104
6,DEL,315,1007
6,DEL,317,1123
6,DEL,319,1113
6,DEL,321,1034
6,DEL,323,1079
6,DEL,325,1138
6,DEL,327,1125
6,DEL,329,1107
6,DEL,331,1065
6,DEL,333,1121
6,DEL,335,1164
6,DEL,337,1103
6,DEL,339,1125
6,DEL,341,1154
6,DEL,343,1129
6,DEL,345,1200
6,DEL,347,1196
6,DEL,349,1129
6,DEL,351,1130
6,DEL,353,1285
6,DEL,355,1202
6,DEL,357,1153
6,DEL,359,1264
6,DEL,361,1155
6,DEL,363,1189
6,DEL,365,1134
6,DEL,367,1253
6,DEL,369,1171
6,DEL,371,1178
6,DEL,373,1215
6,DEL,375,1180
6,DEL,377,1191
6,DEL,379,1200
6,DEL,381,1187
6,DEL,383,1176
6,DEL,385,1276
6,DEL,387,1244
6,DEL,389,1185
6,DEL,391,1183
6,DEL,393,1246
6,DEL,395,1243
6,DEL,397,1205
6,DEL,399,1183
6,DEL,401,1246
6,DEL,403,1172
6,DEL,405,1158
6,DEL,407,1167
6,DEL,409,1142
6,DEL,411,1147
6,DEL,413,1141
6,DEL,415,1100
6,DEL,417,1163
6,DEL,419,1136
6,DEL,421,1055
6,DEL,423,1102
6,DEL,425,1058
6,DEL,427,1032
6,DEL,429,1051
6,DEL,431,1036
6,DEL,433,1024
6,DEL,435,1027
6,DEL,437,1004
6,DEL,439,1022
6,DEL,441,974
6,DEL,443,1010
6,DEL,445,977
6,DEL,447,921
6,DEL,449,878
6,DEL,451,852
6,DEL,453,929
6,DEL,455,842
6,DEL,457,830
6,DEL,459,831
6,DEL,461,877
6,DEL,463,807
6,DEL,465,756
6,DEL,467,759
6,DEL,469,750
6,DEL,471,784
6,DEL,473,767
6,DEL,475,687
6,DEL,477,698
6,DEL,479,625
6,DEL,481,659
6,DEL,483,649
6,DEL,485,649
6,DEL,487,649
6,DEL,489,611
6,DEL,491,618
6,DEL,493,608
6,DEL,495,585
6,DEL,497,549
6,DEL,499,552
6,DEL,501,550
6,DEL,503,551
6,DEL,505,518
6,DEL,507,496
6,DEL,509,454
6,DEL,511,524
6,DEL,515,859
6,DEL,519,899
6,DEL,523,865
6,DEL,527,805
6,DEL,531,749
6,DEL,535,705
6,DEL,539,702
6,DEL,543,667
6,DEL,547,633
6,DEL,551,608
6,DEL,555,569
6,DEL,559,553
6,DEL,563,515
6,DEL,567,482
6,DEL,571,451
6,DEL,575,429
6,DEL,579,403
6,DEL,583,384
6,DEL,587,354
6,DEL,591,310
6,DEL,595,311
6,DEL,599,320
6,DEL,603,300
6,DEL,607,288
6,DEL,611,261
6,DEL,615,261
6,DEL,619,215
6,DEL,623,187
6,DEL,627,199
6,DEL,631,164
6,DEL,635,172
6,DEL,639,155
6,DEL,643,121
6,DEL,647,136
6,DEL,651,105
6,DEL,655,105
6,DEL,659,103
6,DEL,663,98
6,DEL,667,71
6,DEL,671,76
6,DEL,675,66
6,DEL,679,69
6,DEL,683,70
6,DEL,687,51
6,DEL,691,54
6,DEL,695,39
6,DEL,699,37
6,DEL,703,36
6,DEL,707,34
6,DEL,711,26
6,DEL,715,29
6,DEL,719,21
6,DEL,723,21
6,DEL,727,25
6,DEL,731,19
6,DEL,735,22
6,DEL,739,14
6,DEL,743,9
6,DEL,747,12
6,DEL,751,9
6,DEL,755,6
6,DEL,759,7
6,DEL,763,8
6,DEL,767,11
6,DEL,771,7
6,DEL,775,5
6,DEL,779,10
6,DEL,783,6
6,DEL,787,3
6,DEL,791,4
6,DEL,795,5
6,DEL,799,2
6,DEL,803,4
6,DEL,807,3
6,DEL,811,2
6,DEL,815,4
6,DEL,819,6
6,DEL,823,4
6,DEL,827,1
6,DEL,831,2
6,DEL,835,2
6,DEL,839,1
6,DEL,843,2
6,DEL,847,2
6,DEL,855,2
6,DEL,859,5
6,DEL,863,1
6,DEL,867,2
6,DEL,871,2
6,DEL,875,1
6,DEL,879,1
6,DEL,883,1
6,DEL,891,1
6,DEL,895,1
6,DEL,899,2
6,DEL,907,1
6,DEL,915,1
6,DEL,919,3
6,DEL,923,1
6,DEL,931,1
6,DEL,935,1
6,DEL,943,1
6,DEL,951,3
6,DEL,967,1
6,DEL,975,1
6,DEL,995,1
6,DEL,999,1
6,DEL,1015,1
6,DEL,1031,2
6,DEL,1039,2
6,DEL,1055,1
6,DEL,1063,1
6,DEL,1087,2
6,DEL,1119,1
6,DEL,1207,4
6,DEL,1231,1
6,DEL,1335,1
6,DEL,1399,1
6,DEL,1423,2
6,DEL,1447,1
6,DEL,1511,2
6,DEL,1519,1
6,DEL,1527,2
6,DEL,1543,1
6,DEL,1591,2
6,DEL,1631,1
6,DEL,1711,1
6,DEL,1719,1
6,DEL,1759,1
6,DEL,1767,1
6,DEL,1783,1
6,DEL,1791,1
6,DEL,1823,1
6,DEL,1847,1
6,DEL,1887,1
6,DEL,1903,1
6,DEL,1935,1
6,DEL,2047,1
6,DEL,2111,1
6,DEL,2143,1
6,DEL,2175,1
6,DEL,2303,1
6,DEL,2383,1
6,DEL,2431,1
6,DEL,2527,1
6,DEL,2655,1
6,DEL,54015,1
6,DEL,64767,1
7,GET,92,3
7,GET,93,1
7,GET,94,2
7,GET,95,1
7,GET,96,5
7,GET,97,1
7,GET,98,1
7,GET,99,4
7,GET,100,8
7,GET,101,7
7,GET,102,8
7,GET,103,7
7,GET,104,8
7,GET,105,8
7,GET,106,12
7,GET,107,6
7,GET,108,8
7,GET,109,15
7,GET,110,18
7,GET,111,19
7,GET,112,20
7,GET,113,14
7,GET,114,20
7,GET,115,29
7,GET,116,26
7,GET,117,24
7,GET,118,38
7,GET,119,31
7,GET,120,40
7,GET,121,38
7,GET,122,37
7,GET,123,48
7,GET,124,31
7,GET,125,36
7,GET,126,42
7,GET,127,41
7,GET,128,45
7,GET,129,45
7,GET,130,52
7,GET,131,38
7,GET,132,53
7,GET,133,42
7,GET,134,47
7,GET,135,53
7,GET,136,57
7,GET,137,54
7,GET,138,61
7,GET,139,69
7,GET,140,60
7,GET,141,58
7,GET,142,80
7,GET,143,85
7,GET,144,62
7,GET,145,66
7,GET,146,80
7,GET,147,96
7,GET,148,83
7,GET,149,74
7,GET,150,98
7,GET,151,96
7,GET,152,91
7,GET,153,91
7,GET,154,86
7,GET,155,98
7,GET,156,104
7,GET,157,103
7,GET,158,111
7,GET,159,94
7,GET,160,114
7,GET,161,92
7,GET,162,107
7,GET,163,124
7,GET,164,113
7,GET,165,130
7,GET,166,141
7,GET,167,132
7,GET,168,138
7,GET,169,147
7,GET,170,130
7,GET,171,160
7,GET,172,157
7,GET,173,165
7,GET,174,156
7,GET,175,180
7,GET,176,148
7,GET,177,179
7,GET,178,174
7,GET,179,205
7,GET,180,187
7,GET,181,216
7,GET,182,199
7,GET,183,212
7,GET,184,221
7,GET,185,206
7,GET,186,224
7,GET,187,239
7,GET,188,252
7,GET,189,252
7,GET,190,280
7,GET,191,243
7,GET,192,233
7,GET,193,251
7,GET,194,293
7,GET,195,257
7,GET,196,281
7,GET,197,296
7,GET,198,343
7,GET,199,306
7,GET,200,359
7,GET,201,319
7,GET,202,336
7,GET,203,371
7,GET,204,355
7,GET,205,402
7,GET,206,393
7,GET,207,364
7,GET,208,398
7,GET,209,379
7,GET,210,425
7,GET,211,437
7,GET,212,427
7,GET,213,475
7,GET,214,436
7,GET,215,433
7,GET,216,452
7,GET,217,467
7,GET,218,474
7,GET,219,485
7,GET,220,516
7,GET,221,525
7,GET,222,507
7,GET,223,555
7,GET,224,521
7,GET,225,508
7,GET,226,585
7,GET,227,574
7,GET,228,610
7,GET,229,626
7,GET,230,639
7,GET,231,609
7,GET,232,637
7,GET,233,654
7,GET,234,690
7,GET,235,654
7,GET,236,695
7,GET,237,643
7,GET,238,739
7,GET,239,729
7,GET,240,723
7,GET,241,740
7,GET,242,761
7,GET,243,806
7,GET,244,782
7,GET,245,792
7,GET,246,814
7,GET,247,818
7,GET,248,834
7,GET,249,853
7,GET,250,892
7,GET,251,877
7,GET,252,865
7,GET,253,872
7,GET,254,898
7,GET,255,967
7,GET,257,1980
7,GET,259,1943
7,GET,261,1944
7,GET,263,2085
7,GET,265,2163
7,GET,267,2145
7,GET,269,2203
7,GET,271,2207
7,GET,273,2332
7,GET,275,2384
7,GET,277,2423
7,GET,279,2457
7,GET,281,2429
7,GET,283,2584
7,GET,285,2534
7,GET,287,2518
7,GET,289,2591
7,GET,291,2727
7,GET,293,2798
7,GET,295,2824
7,GET,297,2878
7,GET,299,2759
7,GET,301,2901
7,GET,303,2925
7,GET,305,2922
7,GET,307,2879
7,GET,309,3030
7,GET,311,2948
7,GET,313,2981
7,GET,315,3032
7,GET,317,2984
7,GET,319,3078
7,GET,321,3121
7,GET,323,3224
7,GET,325,3150
7,GET,327,3179
7,GET,329,3285
7,GET,331,3181
7,GET,333,3168
7,GET,335,3374
7,GET,337,3288
7,GET,339,3115
7,GET,341,3208
7,GET,343,3324
7,GET,345,3371
7,GET,347,3345
7,GET,349,3325
7,GET,351,3331
7,GET,353,3357
7,GET,355,3382
7,GET,357,3435
7,GET,359,3350
7,GET,361,3403
7,GET,363,3470
7,GET,365,3400
7,GET,367,3390
7,GET,369,3267
7,GET,371,3504
7,GET,373,3546
7,GET,375,3446
7,GET,377,3388
7,GET,379,3461
7,GET,381,3475
7,GET,383,3448
7,GET,385,3442
7,GET,387,3297
7,GET,389,3458
7,GET,391,3382
7,GET,393,3391
7,GET,395,3354
7,GET,397,3345
7,GET,399,3331
7,GET,401,3293
7,GET,403,3299
7,GET,405,3261
7,GET,407,3240
7,GET,409,3208
7,GET,411,3273
7,GET,413,3142
7,GET,415,3211
7,GET,417,3129
7,GET,419,3135
7,GET,421,3051
7,GET,423,3058
7,GET,425,3081
7,GET,427,3038
7,GET,429,2953
7,GET,431,2839
7,GET,433,2850
7,GET,435,2779
7,GET,437,2796
7,GET,439,2799
7,GET,441,2660
7,GET,443,2672
7,GET,445,2636
7,GET,447,2503
7,GET,449,2542
7,GET,451,2452
7,GET,453,2438
7,GET,455,2407
7,GET,457,2366
7,GET,459,2269
7,GET,461,2305
7,GET,463,2187
7,GET,465,2143
7,GET,467,2141
7,GET,469,2003
7,GET,471,2020
7,GET,473,2004
7,GET,475,2010
7,GET,477,1964
7,GET,479,1806
7,GET,481,1783
7,GET,483,1825
7,GET,485,1713
7,GET,487,1807
7,GET,489,1659
7,GET,491,1696
7,GET,493,1608
7,GET,495,1559
7,GET,497,1477
7,GET,499,1500
7,GET,501,1492
7,GET,503,1481
7,GET,505,1447
7,GET,507,1400
7,GET,509,1302
7,GET,511,1263
7,GET,515,2593
7,GET,519,2428
7,GET,523,2338
7,GET,527,2172
7,GET,531,2137
7,GET,535,1875
7,GET,539,1885
7,GET,543,1729
7,GET,547,1756
7,GET,551,1676
7,GET,555,1576
7,GET,559,1471
7,GET,563,1423
7,GET,567,1312
7,GET,571,1217
7,GET,575,1168
7,GET,579,1116
7,GET,583,1016
7,GET,587,1031
7,GET,591,1015
7,GET,595,879
7,GET,599,823
7,GET,603,773
7,GET,607,755
7,GET,611,698
7,GET,615,666
7,GET,619,589
7,GET,623,557
7,GET,627,535
7,GET,631,492
7,GET,635,464
7,GET,639,388
7,GET,643,355
7,GET,647,327
7,GET,651,320
7,GET,655,288
7,GET,659,285
7,GET,663,262
7,GET,667,203
7,GET,671,227
7,GET,675,179
7,GET,679,159
7,GET,683,134
7,GET,687,144
7,GET,691,111
7,GET,695,128
7,GET,699,103
7,GET,703,87
7,GET,707,81
7,GET,711,79
7,GET,715,64
7,GET,719,62
7,GET,723,45
7,GET,727,30
7,GET,731,41
7,GET,735,26
7,GET,739,42
7,GET,743,38
7,GET,747,27
7,GET,751,34
7,GET,755,21
7,GET,759,15
7,GET,763,15
7,GET,767,15
7,GET,771,20
7,GET,775,12
7,GET,779,13
7,GET,783,5
7,GET,787,6
7,GET,791,9
7,GET,795,10
7,GET,799,6
7,GET,803,7
7,GET,807,4
7,GET,811,4
7,GET,815,3
7,GET,819,6
7,GET,823,3
7,GET,827,2
7,GET,831,4
7,GET,835,6
7,GET,839,3
7,GET,843,4
7,GET,847,4
7,GET,851,1
7,GET,855,2
7,GET,859,3
7,GET,863,3
7,GET,871,1
7,GET,875,6
7,GET,879,1
7,GET,883,3
7,GET,887,2
7,GET,891,3
7,GET,895,1
7,GET,907,2
7,GET,911,3
7,GET,915,2
7,GET,919,1
7,GET,923,1
7,GET,927,2
7,GET,931,3
7,GET,935,1
7,GET,943,1
7,GET,947,1
7,GET,951,2
7,GET,955,1
7,GET,963,1
7,GET,987,1
7,GET,995,1
7,GET,1019,1
7,GET,1039,1
7,GET,1055,1
7,GET,1063,1
7,GET,1079,2
7,GET,1095,1
7,GET,1111,3
7,GET,1119,2
7,GET,1127,1
7,GET,1143,3
7,GET,1159,3
7,GET,1175,1
7,GET,1183,1
7,GET,1199,2
7,GET,1239,1
7,GET,1255,1
7,GET,1271,1
7,GET,1319,1
7,GET,1335,1
7,GET,1343,1
7,GET,1359,1
7,GET,1383,1
7,GET,1399,1
7,GET,1407,3
7,GET,1415,1
7,GET,1423,2
7,GET,1463,1
7,GET,1471,1
7,GET,1495,1
7,GET,1503,1
7,GET,1519,1
7,GET,1527,1
7,GET,1551,2
7,GET,1575,4
7,GET,1583,1
7,GET,1615,3
7,GET,1623,1
7,GET,1639,1
7,GET,1647,2
7,GET,1671,1
7,GET,1679,1
7,GET,1687,1
7,GET,1727,1
7,GET,1735,1
7,GET,1759,1
7,GET,1767,1
7,GET,1791,2
7,GET,1799,1
7,GET,1807,1
7,GET,1815,1
7,GET,1831,1
7,GET,1847,2
7,GET,1855,2
7,GET,1879,2
7,GET,1935,1
7,GET,1943,1
7,GET,1959,2
7,GET,1975,1
7,GET,1983,1
7,GET,1991,1
7,GET,2007,1
7,GET,2015,3
7,GET,2023,1
7,GET,2047,1
7,GET,2079,2
7,GET,2127,1
7,GET,2159,1
7,GET,2191,1
7,GET,2207,1
7,GET,2223,1
7,GET,2255,1
7,GET,2351,1
7,GET,2383,1
7,GET,2431,2
7,GET,3247,1
7,GET,3903,1
7,GET,52223,1
7,GET,54015,1
7,GET,54783,1
7,GET,56831,1
7,GET,57087,1
7,GET,59391,1
7,GET,61183,1
7,GET,66047,1
7,GET,67583,1
7,DEL,92,1
7,DEL,94,2
7,DEL,95,1
7,DEL,97,3
7,DEL,98,2
7,DEL,99,1
7,DEL,100,1
7,DEL,101,1
7,DEL,102,2
7,DEL,103,4
7,DEL,104,3
7,DEL,105,3
7,DEL,106,2
7,DEL,107,2
7,DEL,108,4
7,DEL,109,1
7,DEL,110,7
7,DEL,111,4
7,DEL,112,7
7,DEL,113,7
7,DEL,114,7
7,DEL,115,6
7,DEL,116,8
7,DEL,117,10
7,DEL,118,3
7,DEL,119,10
7,DEL,120,10
7,DEL,121,10
7,DEL,122,9
7,DEL,123,10
7,DEL,124,11
7,DEL,125,11
7,DEL,126,13
7,DEL,127,11
7,DEL,128,22
7,DEL,129,18
7,DEL,130,12
7,DEL,131,17
7,DEL,132,18
7,DEL,133,17
7,DEL,134,12
7,DEL,135,14
7,DEL,136,24
7,DEL,137,16
7,DEL,138,26
7,DEL,139,14
7,DEL,140,24
7,DEL,141,24
7,DEL,142,20
7,DEL,143,33
7,DEL,144,22
7,DEL,145,27
7,DEL,146,33
7,DEL,147,26
7,DEL,148,29
7,DEL,149,33
7,DEL,150,27
7,DEL,151,32
7,DEL,152,38
7,DEL,153,36
7,DEL,154,42
7,DEL,155,34
7,DEL,156,32
7,DEL,157,41
7,DEL,158,42
7,DEL,159,27
7,DEL,160,25
7,DEL,161,40
7,DEL,162,31
7,DEL,163,49
7,DEL,164,43
7,DEL,165,44
7,DEL,166,43
7,DEL,167,48
7,DEL,168,36
7,DEL,169,54
7,DEL,170,41
7,DEL,171,50
7,DEL,172,56
7,DEL,173,35
7,DEL,174,63
7,DEL,175,57
7,DEL,176,72
7,DEL,177,68
7,DEL,178,54
7,DEL,179,69
7,DEL,180,64
7,DEL,181,71
7,DEL,182,73
7,DEL,183,55
7,DEL,184,76
7,DEL,185,80
7,DEL,186,74
7,DEL,187,67
7,DEL,188,78
7,DEL,189,68
7,DEL,190,88
7,DEL,191,97
7,DEL,192,73
7,DEL,193,91
7,DEL,194,89
7,DEL,195,109
7,DEL,196,89
7,DEL,197,91
7,DEL,198,131
7,DEL,199,103
7,DEL,200,115
7,DEL,201,117
7,DEL,202,114
7,DEL,203,104
7,DEL,204,124
7,DEL,205,144
7,DEL,206,109
7,DEL,207,130
7,DEL,208,119
7,DEL,209,120
7,DEL,210,127
7,DEL,211,163
7,DEL,212,163
7,DEL,213,158
7,DEL,214,162
7,DEL,215,138
7,DEL,216,148
7,DEL,217,158
7,DEL,218,173
7,DEL,219,156
7,DEL,220,193
7,DEL,221,167
7,DEL,222,165
7,DEL,223,206
7,DEL,224,190
7,DEL,225,224
7,DEL,226,208
7,DEL,227,184
7,DEL,228,218
7,DEL,229,223
7,DEL,230,211
7,DEL,231,210
7,DEL,232,230
7,DEL,233,250
7,DEL,234,242
7,DEL,235,246
7,DEL,236,252
7,DEL,237,249
7,DEL,238,249
7,DEL,239,258
7,DEL,240,270
7,DEL,241,266
7,DEL,242,267
7,DEL,243,260
7,DEL,244,303
7,DEL,245,291
7,DEL,246,279
7,DEL,247,263
7,DEL,248,286
7,DEL,249,299
7,DEL,250,288
7,DEL,251,291
7,DEL,252,337
7,DEL,253,341
7,DEL,254,336
7,DEL,255,322
7,DEL,257,684
7,DEL,259,671
7,DEL,261,653
7,DEL,263,710
7,DEL,265,735
7,DEL,267,769
7,DEL,269,775
7,DEL,271,820
7,DEL,273,828
7,DEL,275,817
7,DEL,277,845
7,DEL,279,873
7,DEL,281,888
7,DEL,283,930
7,DEL,285,851
7,DEL,287,855
7,DEL,289,948
7,DEL,291,970
7,DEL,293,925
7,DEL,295,970
7,DEL,297,1007
7,DEL,299,1013
7,DEL,301,966
7,DEL,303,1036
7,DEL,305,1035
7,DEL,307,1022
7,DEL,309,1017
7,DEL,311,1044
7,DEL,313,1062
7,DEL,315,1032
7,DEL,317,1115
7,DEL,319,1107
7,DEL,321,1115
7,DEL,323,1121
7,DEL,325,1187
7,DEL,327,1117
7,DEL,329,1127
7,DEL,331,1127
7,DEL,333,1135
7,DEL,335,1079
7,DEL,337,1187
7,DEL,339,1169
7,DEL,341,1151
7,DEL,343,1249
7,DEL,345,1181
7,DEL,347,1183
7,DEL,349,1160
7,DEL,351,1220
7,DEL,353,1206
7,DEL,355,1237
7,DEL,357,1220
7,DEL,359,1269
7,DEL,361,1196
7,DEL,363,1180
7,DEL,365,1235
7,DEL,367,1255
7,DEL,369,1223
7,DEL,371,1221
7,DEL,373,1194
7,DEL,375,1290
7,DEL,377,1243
7,DEL,379,1218
7,DEL,381,1270
7,DEL,383,1222
7,DEL,385,1183
7,DEL,387,1227
7,DEL,389,1241
7,DEL,391,1259
7,DEL,393,1168
7,DEL,395,1140
7,DEL,397,1192
7,DEL,399,1199
7,DEL,401,1207
7,DEL,403,1186
7,DEL,405,1138
7,DEL,407,1193
7,DEL,409,1182
7,DEL,411,1102
7,DEL,413,1130
7,DEL,415,1086
7,DEL,417,1128
7,DEL,419,1137
7,DEL,421,1067
7,DEL,423,1033
7,DEL,425,1085
7,DEL,427,1046
7,DEL,429,1026
7,DEL,431,1009
7,DEL,433,1064
7,DEL,435,1051
7,DEL,437,993
7,DEL,439,983
7,DEL,441,978
7,DEL,443,992
7,DEL,445,973
7,DEL,447,915
7,DEL,449,966
7,DEL,451,903
7,DEL,453,875
7,DEL,455,881
7,DEL,457,904
7,DEL,459,856
7,DEL,461,797
7,DEL,463,819
7,DEL,465,753
7,DEL,467,758
7,DEL,469,740
7,DEL,471,732
7,DEL,473,774
7,DEL,475,712
7,DEL,477,712
7,DEL,479,671
7,DEL,481,647
7,DEL,483,637
7,DEL,485,594
7,DEL,487,575
7,DEL,489,603
7,DEL,491,576
7,DEL,493,585
7,DEL,495,569
7,DEL,497,592
7,DEL,499,526
7,DEL,501,561
7,DEL,503,536
7,DEL,505,485
7,DEL,507,486
7,DEL,509,481
7,DEL,511,488
7,DEL,515,925
7,DEL,519,884
7,DEL,523,847
7,DEL,527,768
7,DEL,531,753
7,DEL,535,726
7,DEL,539,687
7,DEL,543,621
7,DEL,547,687
7,DEL,551,589
7,DEL,555,534
7,DEL,559,537
7,DEL,563,490
7,DEL,567,490
7,DEL,571,437
7,DEL,575,482
7,DEL,579,395
7,DEL,583,395
7,DEL,587,356
7,DEL,591,345
7,DEL,595,281
7,DEL,599,299
7,DEL,603,272
7,DEL,607,273
7,DEL,611,257
7,DEL,615,243
7,DEL,619,192
7,DEL,623,188
7,DEL,627,187
7,DEL,631,159
7,DEL,635,161
7,DEL,639,154
7,DEL,643,132
7,DEL,647,127
7,DEL,651,122
7,DEL,655,100
7,DEL,659,86
7,DEL,663,96
7,DEL,667,67
7,DEL,671,91
7,DEL,675,60
7,DEL,679,46
7,DEL,683,49
7,DEL,687,51
7,DEL,691,46
7,DEL,695,37
7,DEL,699,30
7,DEL,703,34
7,DEL,707,32
7,DEL,711,14
7,DEL,715,33
7,DEL,719,23
7,DEL,723,23
7,DEL,727,25
7,DEL,731,20
7,DEL,735,12
7,DEL,739,7
7,DEL,743,6
7,DEL,747,12
7,DEL,751,9
7,DEL,755,11
7,DEL,759,8
7,DEL,763,8
7,DEL,767,4
7,DEL,771,8
7,DEL,775,5
7,DEL,779,8
7,DEL,783,5
7,DEL,787,3
7,DEL,791,3
7,DEL,795,2
7,DEL,799,2
7,DEL,803,1
7,DEL,807,2
7,DEL,811,1
7,DEL,815,2
7,DEL,819,4
7,DEL,823,1
7,DEL,827,2
7,DEL,831,1
7,DEL,835,2
7,DEL,839,2
7,DEL,843,2
7,DEL,847,1
7,DEL,859,1
7,DEL,875,1
7,DEL,879,2
7,DEL,883,3
7,DEL,891,1
7,DEL,903,1
7,DEL,911,1
7,DEL,931,1
7,DEL,947,1
7,DEL,955,1
7,DEL,975,1
7,DEL,995,1
7,DEL,1039,2
7,DEL,1063,1
7,DEL,1223,1
7,DEL,1271,1
7,DEL,1303,1
7,DEL,1335,1
7,DEL,1359,1
7,DEL,1383,1
7,DEL,1415,1
7,DEL,1463,1
7,DEL,1495,1
7,DEL,1583,1
7,DEL,1599,1
7,DEL,1623,1
7,DEL,1639,1
7,DEL,1647,1
7,DEL,1671,1
7,DEL,1679,2
7,DEL,1687,1
7,DEL,1799,1
7,DEL,1823,1
7,DEL,1863,1
7,DEL,1911,1
7,DEL,1927,1
7,DEL,1975,1
7,DEL,1999,1
7,DEL,2023,1
7,DEL,2047,1
7,DEL,2079,1
7,DEL,2111,2
7,DEL,2159,1
7,DEL,2207,1
7,DEL,2399,2
7,DEL,2415,1
7,DEL,2559,1
7,DEL,2719,1
7,DEL,4383,1
7,DEL,56831,1
7,DEL,59391,1
7,DEL,60671,1
7,DEL,60927,1
7,DEL,62207,1
7,DEL,63487,1
7,SET,95,1
7,SET,104,1
7,SET,105,1
7,SET,106,2
7,SET,108,2
7,SET,109,2
7,SET,110,1
7,SET,111,1
7,SET,112,1
7,SET,113,2
7,SET,114,3
7,SET,115,1
7,SET,116,1
7,SET,117,3
7,SET,119,4
7,SET,120,3
7,SET,121,4
7,SET,122,1
7,SET,123,2
7,SET,124,2
7,SET,125,2
7,SET,126,3
7,SET,127,5
7,SET,128,6
7,SET,129,4
7,SET,130,5
7,SET,131,3
7,SET,132,3
7,SET,133,2
7,SET,134,5
7,SET,135,2
7,SET,136,5
7,SET,137,3
7,SET,138,3
7,SET,139,2
7,SET,140,5
7,SET,141,3
7,SET,142,7
7,SET,143,1
7,SET,144,8
7,SET,145,7
7,SET,146,2
7,SET,147,9
7,SET,148,2
7,SET,149,5
7,SET,150,13
7,SET,151,8
7,SET,152,1
7,SET,153,7
7,SET,154,7
7,SET,155,11
7,SET,156,7
7,SET,157,7
7,SET,158,4
7,SET,159,9
7,SET,160,11
7,SET,161,11
7,SET,162,7
7,SET,163,7
7,SET,164,11
7,SET,165,8
7,SET,166,3
7,SET,167,12
7,SET,168,15
7,SET,169,6
7,SET,170,5
7,SET,171,14
7,SET,172,12
7,SET,173,14
7,SET,174,15
7,SET,175,9
7,SET,176,7
7,SET,177,9
7,SET,178,14
7,SET,179,10
7,SET,180,7
7,SET,181,15
7,SET,182,17
7,SET,183,10
7,SET,184,10
7,SET,185,12
7,SET,186,12
7,SET,187,19
7,SET,188,13
7,SET,189,30
7,SET,190,13
7,SET,191,18
7,SET,192,16
7,SET,193,23
7,SET,194,28
7,SET,195,21
7,SET,196,18
7,SET,197,21
7,SET,198,30
7,SET,199,17
7,SET,200,28
7,SET,201,30
7,SET,202,27
7,SET,203,26
7,SET,204,22
7,SET,205,30
7,SET,206,30
7,SET,207,35
7,SET,208,29
7,SET,209,21
7,SET,210,18
7,SET,211,30
7,SET,212,27
7,SET,213,28
7,SET,214,29
7,SET,215,31
7,SET,216,30
7,SET,217,28
7,SET,218,33
7,SET,219,35
7,SET,220,38
7,SET,221,38
7,SET,222,40
7,SET,223,42
7,SET,224,28
7,SET,225,43
7,SET,226,47
7,SET,227,49
7,SET,228,43
7,SET,229,48
7,SET,230,36
7,SET,231,47
7,SET,232,46
7,SET,233,44
7,SET,234,51
7,SET,235,43
7,SET,236,53
7,SET,237,45
7,SET,238,58
7,SET,239,38
7,SET,240,59
7,SET,241,49
7,SET,242,54
7,SET,243,44
7,SET,244,55
7,SET,245,53
7,SET,246,58
7,SET,247,50
7,SET,248,56
7,SET,249,70
7,SET,250,65
7,SET,251,51
7,SET,252,81
7,SET,253,71
7,SET,254,68
7,SET,255,60
7,SET,257,133
7,SET,259,133
7,SET,261,144
7,SET,263,149
7,SET,265,137
7,SET,267,150
7,SET,269,167
7,SET,271,163
7,SET,273,163
7,SET,275,154
7,SET,277,145
7,SET,279,142
7,SET,281,174
7,SET,283,186
7,SET,285,179
7,SET,287,169
7,SET,289,204
7,SET,291,203
7,SET,293,205
7,SET,295,189
7,SET,297,197
7,SET,299,187
7,SET,301,194
7,SET,303,213
7,SET,305,203
7,SET,307,222
7,SET,309,226
7,SET,311,215
7,SET,313,226
7,SET,315,238
7,SET,317,242
7,SET,319,205
7,SET,321,209
7,SET,323,227
7,SET,325,251
7,SET,327,239
7,SET,329,237
7,SET,331,226
7,SET,333,236
7,SET,335,229
7,SET,337,243
7,SET,339,216
7,SET,341,221
7,SET,343,248
7,SET,345,221
7,SET,347,226
7,SET,349,233
7,SET,351,253
7,SET,353,228
7,SET,355,265
7,SET,357,246
7,SET,359,243
7,SET,361,246
7,SET,363,218
7,SET,365,239
7,SET,367,242
7,SET,369,247
7,SET,371,242
7,SET,373,258
7,SET,375,257
7,SET,377,262
7,SET,379,235
7,SET,381,246
7,SET,383,237
7,SET,385,248
7,SET,387,235
7,SET,389,233
7,SET,391,217
7,SET,393,267
7,SET,395,259
7,SET,397,223
7,SET,399,240
7,SET,401,252
7,SET,403,226
7,SET,405,247
7,SET,407,241
7,SET,409,263
7,SET,411,220
7,SET,413,214
7,SET,415,236
7,SET,417,234
7,SET,419,215
7,SET,421,208
7,SET,423,257
7,SET,425,227
7,SET,427,178
7,SET,429,214
7,SET,431,194
7,SET,433,215
7,SET,435,207
7,SET,437,232
7,SET,439,205
7,SET,441,192
7,SET,443,188
7,SET,445,205
7,SET,447,173
7,SET,449,189
7,SET,451,185
7,SET,453,188
7,SET,455,177
7,SET,457,153
7,SET,459,175
7,SET,461,166
7,SET,463,177
7,SET,465,186
7,SET,467,161
7,SET,469,131
7,SET,471,133
7,SET,473,158
7,SET,475,152
7,SET,477,133
7,SET,479,135
7,SET,481,143
7,SET,483,135
7,SET,485,137
7,SET,487,120
7,SET,489,107
7,SET,491,114
7,SET,493,113
7,SET,495,105
7,SET,497,119
7,SET,499,123
7,SET,501,115
7,SET,503,116
7,SET,505,98
7,SET,507,90
7,SET,509,86
7,SET,511,89
7,SET,515,163
7,SET,519,188
7,SET,523,169
7,SET,527,155
7,SET,531,149
7,SET,535,136
7,SET,539,155
7,SET,543,136
7,SET,547,141
7,SET,551,116
7,SET,555,113
7,SET,559,102
7,SET,563,99
7,SET,567,81
7,SET,571,87
7,SET,575,82
7,SET,579,75
7,SET,583,81
7,SET,587,78
7,SET,591,60
7,SET,595,61
7,SET,599,67
7,SET,603,56
7,SET,607,59
7,SET,611,48
7,SET,615,55
7,SET,619,48
7,SET,623,39
7,SET,627,42
7,SET,631,36
7,SET,635,34
7,SET,639,36
7,SET,643,28
7,SET,647,30
7,SET,651,16
7,SET,655,26
7,SET,659,16
7,SET,663,24
7,SET,667,18
7,SET,671,13
7,SET,675,19
7,SET,679,9
7,SET,683,8
7,SET,687,7
7,SET,691,4
7,SET,695,5
7,SET,699,6
7,SET,703,11
7,SET,707,10
7,SET,711,4
7,SET,715,3
7,SET,719,3
7,SET,723,9
7,SET,727,1
7,SET,731,3
7,SET,735,1
7,SET,739,2
7,SET,743,2
7,SET,747,2
7,SET,751,2
7,SET,759,2
7,SET,763,3
7,SET,775,2
7,SET,779,3
7,SET,791,2
7,SET,807,1
7,SET,815,1
7,SET,839,1
7,SET,887,1
7,SET,919,1
7,SET,931,1
7,SET,1011,1
7,SET,1063,1
7,SET,1095,1
7,SET,1407,1
7,SET,1911,1
7,SET,1919,1
7,SET,60159,1
8,SET,90,1
8,SET,93,1
8,SET,101,1
8,SET,103,1
8,SET,105,1
8,SET,106,1
8,SET,109,4
8,SET,111,2
8,SET,113,1
8,SET,115,1
8,SET,117,2
8,SET,118,1
8,SET,119,1
8,SET,120,2
8,SET,121,4
8,SET,122,4
8,SET,123,1
8,SET,124,1
8,SET,125,4
8,SET,126,3
8,SET,127,3
8,SET,128,7
8,SET,129,5
8,SET,130,5
8,SET,131,4
8,SET,132,8
8,SET,133,2
8,SET,134,4
8,SET,135,4
8,SET,136,1
8,SET,137,4
8,SET,138,2
8,SET,139,3
8,SET,140,2
8,SET,141,4
8,SET,142,6
8,SET,143,9
8,SET,144,5
8,SET,145,6
8,SET,146,3
8,SET,147,5
8,SET,148,4
8,SET,149,6
8,SET,150,4
8,SET,151,7
8,SET,152,4
8,SET,153,8
8,SET,154,6
8,SET,155,8
8,SET,156,5
8,SET,157,13
8,SET,158,6
8,SET,159,11
8,SET,160,5
8,SET,161,6
8,SET,162,5
8,SET,163,9
8,SET,164,9
8,SET,165,3
8,SET,166,7
8,SET,167,8
8,SET,168,6
8,SET,169,3
8,SET,170,13
8,SET,171,8
8,SET,172,11
8,SET,173,10
8,SET,174,10
8,SET,175,15
8,SET,176,16
8,SET,177,12
8,SET,178,11
8,SET,179,12
8,SET,180,13
8,SET,181,12
8,SET,182,15
8,SET,183,16
8,SET,184,17
8,SET,185,10
8,SET,186,13
8,SET,187,11
8,SET,188,18
8,SET,189,13
8,SET,190,15
8,SET,191,12
8,SET,192,21
8,SET,193,14
8,SET,194,14
8,SET,195,24
8,SET,196,22
8,SET,197,17
8,SET,198,22
8,SET,199,26
8,SET,200,20
8,SET,201,28
8,SET,202,18
8,SET,203,23
8,SET,204,28
8,SET,205,24
8,SET,206,18
8,SET,207,23
8,SET,208,16
8,SET,209,30
8,SET,210,25
8,SET,211,37
8,SET,212,22
8,SET,213,31
8,SET,214,31
8,SET,215,43
8,SET,216,36
8,SET,217,22
8,SET,218,26
8,SET,219,46
8,SET,220,39
8,SET,221,22
8,SET,222,44
8,SET,223,38
8,SET,224,37
8,SET,225,44
8,SET,226,34
8,SET,227,45
8,SET,228,51
8,SET,229,37
8,SET,230,38
8,SET,231,41
8,SET,232,49
8,SET,233,47
8,SET,234,31
8,SET,235,45
8,SET,236,48
8,SET,237,47
8,SET,238,48
8,SET,239,57
8,SET,240,53
8,SET,241,49
8,SET,242,61
8,SET,243,62
8,SET,244,57
8,SET,245,67
8,SET,246,56
8,SET,247,60
8,SET,248,61
8,SET,249,52
8,SET,250,70
8,SET,251,58
8,SET,252,65
8,SET,253,59
8,SET,254,72
8,SET,255,68
8,SET,257,122
8,SET,259,147
8,SET,261,147
8,SET,263,135
8,SET,265,164
8,SET,267,155
8,SET,269,152
8,SET,271,157
8,SET,273,160
8,SET,275,172
8,SET,277,175
8,SET,279,185
8,SET,281,168
8,SET,283,172
8,SET,285,189
8,SET,287,175
8,SET,289,177
8,SET,291,187
8,SET,293,205
8,SET,295,184
8,SET,297,195
8,SET,299,202
8,SET,301,222
8,SET,303,230
8,SET,305,228
8,SET,307,225
8,SET,309,193
8,SET,311,227
8,SET,313,189
8,SET,315,215
8,SET,317,225
8,SET,319,211
8,SET,321,241
8,SET,323,238
8,SET,325,205
8,SET,327,214
8,SET,329,229
8,SET,331,236
8,SET,333,241
8,SET,335,227
8,SET,337,217
8,SET,339,257
8,SET,341,227
8,SET,343,239
8,SET,345,219
8,SET,347,268
8,SET,349,228
8,SET,351,243
8,SET,353,239
8,SET,355,263
8,SET,357,242
8,SET,359,253
8,SET,361,235
8,SET,363,237
8,SET,365,239
8,SET,367,229
8,SET,369,237
8,SET,371,241
8,SET,373,251
8,SET,375,230
8,SET,377,248
8,SET,379,272
8,SET,381,235
8,SET,383,253
8,SET,385,225
8,SET,387,257
8,SET,389,223
8,SET,391,220
8,SET,393,252
8,SET,395,233
8,SET,397,255
8,SET,399,241
8,SET,401,229
8,SET,403,235
8,SET,405,234
8,SET,407,231
8,SET,409,234
8,SET,411,206
8,SET,413,243
8,SET,415,227
8,SET,417,203
8,SET,419,223
8,SET,421,238
8,SET,423,206
8,SET,425,207
8,SET,427,218
8,SET,429,221
8,SET,431,200
8,SET,433,220
8,SET,435,216
8,SET,437,187
8,SET,439,202
8,SET,441,196
8,SET,443,186
8,SET,445,185
8,SET,447,183
8,SET,449,183
8,SET,451,166
8,SET,453,178
8,SET,455,151
8,SET,457,173
8,SET,459,161
8,SET,461,163
8,SET,463,139
8,SET,465,156
8,SET,467,158
8,SET,469,130
8,SET,471,149
8,SET,473,162
8,SET,475,142
8,SET,477,124
8,SET,479,134
8,SET,481,138
8,SET,483,128
8,SET,485,132
8,SET,487,121
8,SET,489,134
8,SET,491,116
8,SET,493,116
8,SET,495,99
8,SET,497,111
8,SET,499,105
8,SET,501,114
8,SET,503,103
8,SET,505,105
8,SET,507,113
8,SET,509,94
8,SET,511,95
8,SET,515,179
8,SET,519,187
8,SET,523,163
8,SET,527,164
8,SET,531,156
8,SET,535,134
8,SET,539,138
8,SET,543,117
8,SET,547,121
8,SET,551,115
8,SET,555,100
8,SET,559,107
8,SET,563,100
8,SET,567,95
8,SET,571,94
8,SET,575,90
8,SET,579,87
8,SET,583,75
8,SET,587,56
8,SET,591,65
8,SET,595,59
8,SET,599,71
8,SET,603,55
8,SET,607,37
8,SET,611,35
8,SET,615,46
8,SET,619,40
8,SET,623,36
8,SET,627,43
8,SET,631,39
8,SET,635,28
8,SET,639,29
8,SET,643,22
8,SET,647,21
8,SET,651,19
8,SET,655,20
8,SET,659,14
8,SET,663,25
8,SET,667,21
8,SET,671,14
8,SET,675,18
8,SET,679,8
8,SET,683,11
8,SET,687,10
8,SET,691,8
8,SET,695,7
8,SET,699,6
8,SET,703,6
8,SET,707,9
8,SET,711,5
8,SET,715,3
8,SET,719,2
8,SET,727,4
8,SET,731,2
8,SET,735,4
8,SET,739,4
8,SET,743,3
8,SET,747,3
8,SET,751,1
8,SET,755,1
8,SET,759,2
8,SET,763,2
8,SET,767,2
8,SET,771,1
8,SET,779,2
8,SET,787,2
8,SET,795,1
8,SET,883,1
8,SET,911,1
8,SET,1127,1
8,SET,1183,1
8,SET,1351,1
8,SET,1407,1
8,SET,1503,1
8,SET,54783,1
8,DEL,88,1
8,DEL,93,1
8,DEL,94,1
8,DEL,96,1
8,DEL,97,1
8,DEL,99,1
8,DEL,100,1
8,DEL,101,3
8,DEL,102,4
8,DEL,103,4
8,DEL,104,3
8,DEL,105,3
8,DEL,106,4
8,DEL,107,5
8,DEL,108,6
8,DEL,109,6
8,DEL,110,2
8,DEL,111,2
8,DEL,112,9
8,DEL,113,10
8,DEL,114,5
8,DEL,115,6
8,DEL,116,10
8,DEL,117,9
8,DEL,118,12
8,DEL,119,5
8,DEL,120,15
8,DEL,121,10
8,DEL,122,13
8,DEL,123,10
8,DEL,124,11
8,DEL,125,19
8,DEL,126,13
8,DEL,127,13
8,DEL,128,19
8,DEL,129,24
8,DEL,130,18
8,DEL,131,18
8,DEL,132,17
8,DEL,133,20
8,DEL,134,21
8,DEL,135,12
8,DEL,136,23
8,DEL,137,16
8,DEL,138,18
8,DEL,139,23
8,DEL,140,20
8,DEL,141,17
8,DEL,142,31
8,DEL,143,25
8,DEL,144,29
8,DEL,145,28
8,DEL,146,28
8,DEL,147,38
8,DEL,148,36
8,DEL,149,24
8,DEL,150,33
8,DEL,151,31
8,DEL,152,30
8,DEL,153,19
8,DEL,154,20
8,DEL,155,49
8,DEL,156,19
8,DEL,157,33
8,DEL,158,34
8,DEL,159,28
8,DEL,160,38
8,DEL,161,38
8,DEL,162,47
8,DEL,163,33
8,DEL,164,39
8,DEL,165,45
8,DEL,166,48
8,DEL,167,62
8,DEL,168,44
8,DEL,169,44
8,DEL,170,48
8,DEL,171,59
8,DEL,172,54
8,DEL,173,59
8,DEL,174,62
8,DEL,175,67
8,DEL,176,54
8,DEL,177,59
8,DEL,178,71
8,DEL,179,82
8,DEL,180,80
8,DEL,181,61
8,DEL,182,76
8,DEL,183,66
8,DEL,184,59
8,DEL,185,80
8,DEL,186,86
8,DEL,187,90
8,DEL,188,82
8,DEL,189,92
8,DEL,190,98
8,DEL,191,84
8,DEL,192,87
8,DEL,193,101
8,DEL,194,89
8,DEL,195,96
8,DEL,196,100
8,DEL,197,93
8,DEL,198,108
8,DEL,199,138
8,DEL,200,135
8,DEL,201,124
8,DEL,202,114
8,DEL,203,112
8,DEL,204,125
8,DEL,205,132
8,DEL,206,146
8,DEL,207,123
8,DEL,208,122
8,DEL,209,143
8,DEL,210,159
8,DEL,211,144
8,DEL,212,163
8,DEL,213,161
8,DEL,214,171
8,DEL,215,142
8,DEL,216,165
8,DEL,217,158
8,DEL,218,180
8,DEL,219,173
8,DEL,220,172
8,DEL,221,200
8,DEL,222,157
8,DEL,223,202
8,DEL,224,196
8,DEL,225,189
8,DEL,226,169
8,DEL,227,208
8,DEL,228,180
8,DEL,229,207
8,DEL,230,219
8,DEL,231,245
8,DEL,232,247
8,DEL,233,223
8,DEL,234,250
8,DEL,235,217
8,DEL,236,224
8,DEL,237,247
8,DEL,238,243
8,DEL,239,283
8,DEL,240,241
8,DEL,241,267
8,DEL,242,264
8,DEL,243,282
8,DEL,244,270
8,DEL,245,256
8,DEL,246,300
8,DEL,247,291
8,DEL,248,322
8,DEL,249,290
8,DEL,250,297
8,DEL,251,300
8,DEL,252,341
8,DEL,253,345
8,DEL,254,318
8,DEL,255,317
8,DEL,257,640
8,DEL,259,690
8,DEL,261,655
8,DEL,263,651
8,DEL,265,726
8,DEL,267,804
8,DEL,269,807
8,DEL,271,798
8,DEL,273,785
8,DEL,275,878
8,DEL,277,849
8,DEL,279,826
8,DEL,281,887
8,DEL,283,958
8,DEL,285,945
8,DEL,287,915
8,DEL,289,945
8,DEL,291,972
8,DEL,293,988
8,DEL,295,974
8,DEL,297,977
8,DEL,299,989
8,DEL,301,1015
8,DEL,303,1042
8,DEL,305,1013
8,DEL,307,1058
8,DEL,309,1082
8,DEL,311,1057
8,DEL,313,1103
8,DEL,315,1112
8,DEL,317,1090
8,DEL,319,1126
8,DEL,321,1127
8,DEL,323,1119
8,DEL,325,1150
8,DEL,327,1083
8,DEL,329,1162
8,DEL,331,1143
8,DEL,333,1145
8,DEL,335,1130
8,DEL,337,1255
8,DEL,339,1192
8,DEL,341,1136
8,DEL,343,1163
8,DEL,345,1233
8,DEL,347,1243
8,DEL,349,1201
8,DEL,351,1226
8,DEL,353,1142
8,DEL,355,1234
8,DEL,357,1261
8,DEL,359,1179
8,DEL,361,1208
8,DEL,363,1218
8,DEL,365,1226
8,DEL,367,1289
8,DEL,369,1210
8,DEL,371,1239
8,DEL,373,1197
8,DEL,375,1251
8,DEL,377,1260
8,DEL,379,1137
8,DEL,381,1221
8,DEL,383,1210
8,DEL,385,1191
8,DEL,387,1194
8,DEL,389,1185
8,DEL,391,1148
8,DEL,393,1172
8,DEL,395,1176
8,DEL,397,1251
8,DEL,399,1137
8,DEL,401,1134
8,DEL,403,1167
8,DEL,405,1116
8,DEL,407,1122
8,DEL,409,1227
8,DEL,411,1213
8,DEL,413,1177
8,DEL,415,1086
8,DEL,417,1096
8,DEL,419,1098
8,DEL,421,1068
8,DEL,423,1139
8,DEL,425,1076
8,DEL,427,1127
8,DEL,429,1038
8,DEL,431,1048
8,DEL,433,976
8,DEL,435,1058
8,DEL,437,999
8,DEL,439,1007
8,DEL,441,1027
8,DEL,443,931
8,DEL,445,950
8,DEL,447,897
8,DEL,449,857
8,DEL,451,906
8,DEL,453,885
8,DEL,455,867
8,DEL,457,886
8,DEL,459,859
8,DEL,461,752
8,DEL,463,795
8,DEL,465,788
8,DEL,467,760
8,DEL,469,725
8,DEL,471,754
8,DEL,473,756
8,DEL,475,669
8,DEL,477,691
8,DEL,479,736
8,DEL,481,691
8,DEL,483,677
8,DEL,485,676
8,DEL,487,618
8,DEL,489,628
8,DEL,491,600
8,DEL,493,587
8,DEL,495,554
8,DEL,497,566
8,DEL,499,537
8,DEL,501,507
8,DEL,503,536
8,DEL,505,547
8,DEL,507,510
8,DEL,509,485
8,DEL,511,459
8,DEL,515,908
8,DEL,519,854
8,DEL,523,790
8,DEL,527,814
8,DEL,531,780
8,DEL,535,707
8,DEL,539,626
8,DEL,543,661
8,DEL,547,591
8,DEL,551,606
8,DEL,555,529
8,DEL,559,505
8,DEL,563,503
8,DEL,567,498
8,DEL,571,418
8,DEL,575,409
8,DEL,579,391
8,DEL,583,367
8,DEL,587,341
8,DEL,591,338
8,DEL,595,339
8,DEL,599,281
8,DEL,603,286
8,DEL,607,234
8,DEL,611,228
8,DEL,615,201
8,DEL,619,214
8,DEL,623,191
8,DEL,627,181
8,DEL,631,178
8,DEL,635,160
8,DEL,639,138
8,DEL,643,150
8,DEL,647,122
8,DEL,651,102
8,DEL,655,92
8,DEL,659,102
8,DEL,663,95
8,DEL,667,86
8,DEL,671,68
8,DEL,675,59
8,DEL,679,58
8,DEL,683,47
8,DEL,687,54
8,DEL,691,34
8,DEL,695,31
8,DEL,699,31
8,DEL,703,31
8,DEL,707,35
8,DEL,711,25
8,DEL,715,33
8,DEL,719,21
8,DEL,723,12
8,DEL,727,17
8,DEL,731,16
8,DEL,735,12
8,DEL,739,6
8,DEL,743,10
8,DEL,747,14
8,DEL,751,12
8,DEL,755,15
8,DEL,759,8
8,DEL,763,4
8,DEL,767,4
8,DEL,771,3
8,DEL,775,6
8,DEL,779,6
8,DEL,783,6
8,DEL,787,2
8,DEL,791,5
8,DEL,795,2
8,DEL,799,2
8,DEL,803,1
8,DEL,815,1
8,DEL,823,2
8,DEL,827,1
8,DEL,835,2
8,DEL,839,3
8,DEL,847,2
8,DEL,851,1
8,DEL,855,3
8,DEL,859,2
8,DEL,867,1
8,DEL,871,1
8,DEL,879,2
8,DEL,883,1
8,DEL,887,1
8,DEL,891,1
8,DEL,895,1
8,DEL,899,1
8,DEL,903,1
8,DEL,931,1
8,DEL,939,1
8,DEL,1063,1
8,DEL,1079,1
8,DEL,1103,1
8,DEL,1247,1
8,DEL,1311,1
8,DEL,1415,1
8,DEL,1423,1
8,DEL,1463,1
8,DEL,1519,1
8,DEL,1527,1
8,DEL,1535,1
8,DEL,1551,2
8,DEL,1559,2
8,DEL,1567,1
8,DEL,1583,1
8,DEL,1703,1
8,DEL,1719,1
8,DEL,1735,1
8,DEL,1783,1
8,DEL,1855,1
8,DEL,1887,1
8,DEL,1959,1
8,DEL,2063,1
8,DEL,2111,1
8,DEL,2127,1
8,DEL,2143,1
8,DEL,2207,1
8,DEL,2415,1
8,DEL,2527,1
8,DEL,2655,1
8,DEL,3567,1
8,DEL,54271,1
8,DEL,59647,1
8,DEL,60415,1
8,DEL,61183,1
8,DEL,64255,1
8,GET,89,1
8,GET,93,1
8,GET,94,3
8,GET,95,4
8,GET,96,5
8,GET,97,3
8,GET,98,5
8,GET,99,7
8,GET,100,5
8,GET,101,3
8,GET,102,10
8,GET,103,12
8,GET,104,13
8,GET,105,9
8,GET,106,10
8,GET,107,13
8,GET,108,15
8,GET,109,16
8,GET,110,21
8,GET,111,18
8,GET,112,15
8,GET,113,15
8,GET,114,20
8,GET,115,20
8,GET,116,21
8,GET,117,26
8,GET,118,37
8,GET,119,37
8,GET,120,28
8,GET,121,38
8,GET,122,31
8,GET,123,50
8,GET,124,36
8,GET,125,32
8,GET,126,50
8,GET,127,52
8,GET,128,50
8,GET,129,46
8,GET,130,34
8,GET,131,47
8,GET,132,64
8,GET,133,56
8,GET,134,59
8,GET,135,60
8,GET,136,53
8,GET,137,41
8,GET,138,61
8,GET,139,81
8,GET,140,60
8,GET,141,60
8,GET,142,65
8,GET,143,67
8,GET,144,75
8,GET,145,80
8,GET,146,87
8,GET,147,85
8,GET,148,69
8,GET,149,78
8,GET,150,79
8,GET,151,84
8,GET,152,94
8,GET,153,91
8,GET,154,89
8,GET,155,105
8,GET,156,101
8,GET,157,100
8,GET,158,100
8,GET,159,101
8,GET,160,105
8,GET,161,118
8,GET,162,126
8,GET,163,93
8,GET,164,115
8,GET,165,121
8,GET,166,138
8,GET,167,118
8,GET,168,129
8,GET,169,139
8,GET,170,144
8,GET,171,160
8,GET,172,171
8,GET,173,189
8,GET,174,170
8,GET,175,189
8,GET,176,169
8,GET,177,167
8,GET,178,194
8,GET,179,186
8,GET,180,205
8,GET,181,198
8,GET,182,203
8,GET,183,257
8,GET,184,214
8,GET,185,227
8,GET,186,208
8,GET,187,225
8,GET,188,234
8,GET,189,253
8,GET,190,261
8,GET,191,262
8,GET,192,306
8,GET,193,250
8,GET,194,284
8,GET,195,276
8,GET,196,325
8,GET,197,322
8,GET,198,326
8,GET,199,359
8,GET,200,367
8,GET,201,335
8,GET,202,363
8,GET,203,376
8,GET,204,338
8,GET,205,363
8,GET,206,388
8,GET,207,389
8,GET,208,373
8,GET,209,438
8,GET,210,399
8,GET,211,413
8,GET,212,423
8,GET,213,466
8,GET,214,435
8,GET,215,461
8,GET,216,442
8,GET,217,523
8,GET,218,539
8,GET,219,498
8,GET,220,507
8,GET,221,520
8,GET,222,553
8,GET,223,574
8,GET,224,557
8,GET,225,567
8,GET,226,627
8,GET,227,552
8,GET,228,607
8,GET,229,601
8,GET,230,624
8,GET,231,616
8,GET,232,667
8,GET,233,661
8,GET,234,659
8,GET,235,629
8,GET,236,685
8,GET,237,705
8,GET,238,722
8,GET,239,752
8,GET,240,709
8,GET,241,752
8,GET,242,794
8,GET,243,794
8,GET,244,760
8,GET,245,812
8,GET,246,830
8,GET,247,817
8,GET,248,875
8,GET,249,826
8,GET,250,879
8,GET,251,882
8,GET,252,871
8,GET,253,933
8,GET,254,935
8,GET,255,907
8,GET,257,1906
8,GET,259,1878
8,GET,261,1925
8,GET,263,2061
8,GET,265,1979
8,GET,267,2166
8,GET,269,2245
8,GET,271,2268
8,GET,273,2321
8,GET,275,2295
8,GET,277,2359
8,GET,279,2405
8,GET,281,2487
8,GET,283,2616
8,GET,285,2560
8,GET,287,2692
8,GET,289,2665
8,GET,291,2770
8,GET,293,2681
8,GET,295,2805
8,GET,297,2669
8,GET,299,2888
8,GET,301,2850
8,GET,303,2994
8,GET,305,2904
8,GET,307,3000
8,GET,309,2954
8,GET,311,2920
8,GET,313,3059
8,GET,315,3087
8,GET,317,3230
8,GET,319,3062
8,GET,321,3165
8,GET,323,3118
8,GET,325,3314
8,GET,327,3239
8,GET,329,3152
8,GET,331,3258
8,GET,333,3296
8,GET,335,3207
8,GET,337,3181
8,GET,339,3323
8,GET,341,3303
8,GET,343,3333
8,GET,345,3364
8,GET,347,3372
8,GET,349,3348
8,GET,351,3387
8,GET,353,3360
8,GET,355,3331
8,GET,357,3437
8,GET,359,3347
8,GET,361,3351
8,GET,363,3482
8,GET,365,3373
8,GET,367,3540
8,GET,369,3495
8,GET,371,3420
8,GET,373,3368
8,GET,375,3467
8,GET,377,3466
8,GET,379,3383
8,GET,381,3439
8,GET,383,3445
8,GET,385,3420
8,GET,387,3349
8,GET,389,3426
8,GET,391,3349
8,GET,393,3327
8,GET,395,3404
8,GET,397,3342
8,GET,399,3321
8,GET,401,3297
8,GET,403,3257
8,GET,405,3204
8,GET,407,3251
8,GET,409,3251
8,GET,411,3333
8,GET,413,3153
8,GET,415,3142
8,GET,417,3156
8,GET,419,3142
8,GET,421,3044
8,GET,423,3084
8,GET,425,3119
8,GET,427,2940
8,GET,429,2944
8,GET,431,2924
8,GET,433,2793
8,GET,435,2865
8,GET,437,2779
8,GET,439,2755
8,GET,441,2733
8,GET,443,2649
8,GET,445,2619
8,GET,447,2562
8,GET,449,2522
8,GET,451,2465
8,GET,453,2334
8,GET,455,2491
8,GET,457,2288
8,GET,459,2314
8,GET,461,2315
8,GET,463,2286
8,GET,465,2205
8,GET,467,2200
8,GET,469,2035
8,GET,471,2053
8,GET,473,1927
8,GET,475,1925
8,GET,477,1822
8,GET,479,1851
8,GET,481,1818
8,GET,483,1802
8,GET,485,1749
8,GET,487,1788
8,GET,489,1698
8,GET,491,1619
8,GET,493,1605
8,GET,495,1479
8,GET,497,1501
8,GET,499,1469
8,GET,501,1467
8,GET,503,1445
8,GET,505,1397
8,GET,507,1305
8,GET,509,1352
8,GET,511,1310
8,GET,515,2523
8,GET,519,2390
8,GET,523,2327
8,GET,527,2250
8,GET,531,2056
8,GET,535,2022
8,GET,539,1905
8,GET,543,1781
8,GET,547,1648
8,GET,551,1628
8,GET,555,1571
8,GET,559,1501
8,GET,563,1368
8,GET,567,1255
8,GET,571,1177
8,GET,575,1150
8,GET,579,1098
8,GET,583,1003
8,GET,587,988
8,GET,591,950
8,GET,595,819
8,GET,599,742
8,GET,603,786
8,GET,607,710
8,GET,611,657
8,GET,615,582
8,GET,619,571
8,GET,623,562
8,GET,627,553
8,GET,631,486
8,GET,635,440
8,GET,639,407
8,GET,643,379
8,GET,647,340
8,GET,651,295
8,GET,655,269
8,GET,659,261
8,GET,663,237
8,GET,667,215
8,GET,671,196
8,GET,675,180
8,GET,679,162
8,GET,683,152
8,GET,687,138
8,GET,691,119
8,GET,695,110
8,GET,699,91
8,GET,703,84
8,GET,707,84
8,GET,711,75
8,GET,715,61
8,GET,719,49
8,GET,723,50
8,GET,727,42
8,GET,731,42
8,GET,735,45
8,GET,739,35
8,GET,743,34
8,GET,747,24
8,GET,751,21
8,GET,755,19
8,GET,759,14
8,GET,763,24
8,GET,767,12
8,GET,771,11
8,GET,775,8
8,GET,779,13
8,GET,783,12
8,GET,787,9
8,GET,791,6
8,GET,795,8
8,GET,799,8
8,GET,803,8
8,GET,807,2
8,GET,811,4
8,GET,815,3
8,GET,819,3
8,GET,823,5
8,GET,827,4
8,GET,831,2
8,GET,835,4
8,GET,839,3
8,GET,843,5
8,GET,847,4
8,GET,851,3
8,GET,855,3
8,GET,859,1
8,GET,863,1
8,GET,867,3
8,GET,871,1
8,GET,875,2
8,GET,879,2
8,GET,883,1
8,GET,891,1
8,GET,895,1
8,GET,903,3
8,GET,907,1
8,GET,927,4
8,GET,931,3
8,GET,935,1
8,GET,939,2
8,GET,943,1
8,GET,959,2
8,GET,963,2
8,GET,971,2
8,GET,991,1
8,GET,1039,1
8,GET,1047,2
8,GET,1055,1
8,GET,1063,1
8,GET,1079,2
8,GET,1111,1
8,GET,1167,1
8,GET,1207,1
8,GET,1215,1
8,GET,1279,1
8,GET,1287,1
8,GET,1319,1
8,GET,1327,1
8,GET,1359,2
8,GET,1399,2
8,GET,1407,1
8,GET,1415,2
8,GET,1439,1
8,GET,1455,2
8,GET,1471,1
8,GET,1479,1
8,GET,1527,1
8,GET,1535,2
8,GET,1551,2
8,GET,1583,2
8,GET,1591,1
8,GET,1599,1
8,GET,1607,2
8,GET,1615,2
8,GET,1623,1
8,GET,1631,1
8,GET,1647,1
8,GET,1655,2
8,GET,1663,1
8,GET,1671,1
8,GET,1711,2
8,GET,1719,2
8,GET,1727,2
8,GET,1743,3
8,GET,1751,1
8,GET,1767,1
8,GET,1783,1
8,GET,1791,1
8,GET,1799,1
8,GET,1807,2
8,GET,1815,2
8,GET,1839,1
8,GET,1855,1
8,GET,1871,1
8,GET,1879,1
8,GET,1903,1
8,GET,1919,1
8,GET,1927,2
8,GET,1935,1
8,GET,1951,1
8,GET,1959,1
8,GET,1975,1
8,GET,1983,1
8,GET,2007,1
8,GET,2031,1
8,GET,2047,1
8,GET,2079,1
8,GET,2111,1
8,GET,2127,1
8,GET,2191,1
8,GET,2239,1
8,GET,2255,1
8,GET,2287,1
8,GET,2431,1
8,GET,2559,1
8,GET,2751,1
8,GET,4287,1
8,GET,4927,1
8,GET,49919,1
8,GET,53247,1
8,GET,54527,1
8,GET,56319,1
8,GET,57087,2
8,GET,57343,1
8,GET,58623,1
8,GET,59647,1
8,GET,59903,1
9,DEL,91,1
9,DEL,98,1
9,DEL,99,1
9,DEL,100,5
9,DEL,101,3
9,DEL,103,4
9,DEL,104,4
9,DEL,105,2
9,DEL,106,5
9,DEL,108,2
9,DEL,109,2
9,DEL,110,7
9,DEL,111,7
9,DEL,112,5
9,DEL,113,4
9,DEL,114,7
9,DEL,115,5
9,DEL,116,7
9,DEL,117,6
9,DEL,118,11
9,DEL,119,10
9,DEL,120,14
9,DEL,121,10
9,DEL,122,14
9,DEL,123,8
9,DEL,124,19
9,DEL,125,12
9,DEL,126,13
9,DEL,127,17
9,DEL,128,14
9,DEL,129,14
9,DEL,130,11
9,DEL,131,17
9,DEL,132,13
9,DEL,133,18
9,DEL,134,21
9,DEL,135,15
9,DEL,136,14
9,DEL,137,26
9,DEL,138,29
9,DEL,139,21
9,DEL,140,25
9,DEL,141,30
9,DEL,142,24
9,DEL,143,23
9,DEL,144,32
9,DEL,145,22
9,DEL,146,22
9,DEL,147,31
9,DEL,148,38
9,DEL,149,31
9,DEL,150,26
9,DEL,151,29
9,DEL,152,27
9,DEL,153,39
9,DEL,154,37
9,DEL,155,33
9,DEL,156,30
9,DEL,157,46
9,DEL,158,43
9,DEL,159,41
9,DEL,160,40
9,DEL,161,29
9,DEL,162,34
9,DEL,163,48
9,DEL,164,43
9,DEL,165,43
9,DEL,166,39
9,DEL,167,43
9,DEL,168,46
9,DEL,169,41
9,DEL,170,51
9,DEL,171,49
9,DEL,172,55
9,DEL,173,61
9,DEL,174,55
9,DEL,175,44
9,DEL,176,70
9,DEL,177,67
9,DEL,178,63
9,DEL,179,59
9,DEL,180,68
9,DEL,181,67
9,DEL,182,67
9,DEL,183,78
9,DEL,184,65
9,DEL,185,74
9,DEL,186,78
9,DEL,187,74
9,DEL,188,81
9,DEL,189,79
9,DEL,190,84
9,DEL,191,82
9,DEL,192,85
9,DEL,193,93
9,DEL,194,89
9,DEL,195,106
9,DEL,196,83
9,DEL,197,91
9,DEL,198,101
9,DEL,199,135
9,DEL,200,108
9,DEL,201,115
9,DEL,202,108
9,DEL,203,143
9,DEL,204,128
9,DEL,205,150
9,DEL,206,131
9,DEL,207,139
9,DEL,208,140
9,DEL,209,141
9,DEL,210,136
9,DEL,211,152
9,DEL,212,172
9,DEL,213,168
9,DEL,214,166
9,DEL,215,150
9,DEL,216,148
9,DEL,217,140
9,DEL,218,168
9,DEL,219,176
9,DEL,220,191
9,DEL,221,186
9,DEL,222,166
9,DEL,223,176
9,DEL,224,183
9,DEL,225,197
9,DEL,226,194
9,DEL,227,201
9,DEL,228,184
9,DEL,229,186
9,DEL,230,213
9,DEL,231,214
9,DEL,232,209
9,DEL,233,230
9,DEL,234,229
9,DEL,235,234
9,DEL,236,230
9,DEL,237,248
9,DEL,238,241
9,DEL,239,250
9,DEL,240,273
9,DEL,241,279
9,DEL,242,278
9,DEL,243,269
9,DEL,244,282
9,DEL,245,285
9,DEL,246,314
9,DEL,247,257
9,DEL,248,266
9,DEL,249,281
9,DEL,250,298
9,DEL,251,296
9,DEL,252,281
9,DEL,253,312
9,DEL,254,326
9,DEL,255,348
9,DEL,257,693
9,DEL,259,643
9,DEL,261,671
9,DEL,263,742
9,DEL,265,736
9,DEL,267,779
9,DEL,269,771
9,DEL,271,822
9,DEL,273,802
9,DEL,275,844
9,DEL,277,820
9,DEL,279,877
9,DEL,281,843
9,DEL,283,866
9,DEL,285,915
9,DEL,287,901
9,DEL,289,902
9,DEL,291,987
9,DEL,293,960
9,DEL,295,956
9,DEL,297,994
9,DEL,299,992
9,DEL,301,1014
9,DEL,303,1065
9,DEL,305,1005
9,DEL,307,1036
9,DEL,309,1052
9,DEL,311,1069
9,DEL,313,1026
9,DEL,315,1051
9,DEL,317,1073
9,DEL,319,1111
9,DEL,321,1105
9,DEL,323,1146
9,DEL,325,1127
9,DEL,327,1154
9,DEL,329,1128
9,DEL,331,1105
9,DEL,333,1115
9,DEL,335,1147
9,DEL,337,1134
9,DEL,339,1180
9,DEL,341,1146
9,DEL,343,1170
9,DEL,345,1124
9,DEL,347,1153
9,DEL,349,1167
9,DEL,351,1197
9,DEL,353,1205
9,DEL,355,1237
9,DEL,357,1209
9,DEL,359,1184
9,DEL,361,1189
9,DEL,363,1193
9,DEL,365,1221
9,DEL,367,1231
9,DEL,369,1254
9,DEL,371,1194
9,DEL,373,1228
9,DEL,375,1226
9,DEL,377,1214
9,DEL,379,1263
9,DEL,381,1182
9,DEL,383,1222
9,DEL,385,1229
9,DEL,387,1184
9,DEL,389,1254
9,DEL,391,1261
9,DEL,393,1195
9,DEL,395,1216
9,DEL,397,1295
9,DEL,399,1145
9,DEL,401,1216
9,DEL,403,1212
9,DEL,405,1199
9,DEL,407,1182
9,DEL,409,1187
9,DEL,411,1165
9,DEL,413,1128
9,DEL,415,1176
9,DEL,417,1156
9,DEL,419,1095
9,DEL,421,1089
9,DEL,423,1122
9,DEL,425,1061
9,DEL,427,1006
9,DEL,429,1042
9,DEL,431,1045
9,DEL,433,1066
9,DEL,435,987
9,DEL,437,1007
9,DEL,439,1002
9,DEL,441,956
9,DEL,443,990
9,DEL,445,920
9,DEL,447,943
9,DEL,449,932
9,DEL,451,898
9,DEL,453,853
9,DEL,455,854
9,DEL,457,866
9,DEL,459,810
9,DEL,461,810
9,DEL,463,857
9,DEL,465,808
9,DEL,467,766
9,DEL,469,733
9,DEL,471,749
9,DEL,473,766
9,DEL,475,708
9,DEL,477,722
9,DEL,479,703
9,DEL,481,677
9,DEL,483,647
9,DEL,485,586
9,DEL,487,650
9,DEL,489,590
9,DEL,491,579
9,DEL,493,623
9,DEL,495,561
9,DEL,497,568
9,DEL,499,525
9,DEL,501,567
9,DEL,503,553
9,DEL,505,516
9,DEL,507,500
9,DEL,509,473
9,DEL,511,464
9,DEL,515,878
9,DEL,519,894
9,DEL,523,797
9,DEL,527,818
9,DEL,531,777
9,DEL,535,726
9,DEL,539,652
9,DEL,543,659
9,DEL,547,628
9,DEL,551,572
9,DEL,555,529
9,DEL,559,545
9,DEL,563,550
9,DEL,567,488
9,DEL,571,448
9,DEL,575,381
9,DEL,579,395
9,DEL,583,341
9,DEL,587,359
9,DEL,591,326
9,DEL,595,301
9,DEL,599,321
9,DEL,603,315
9,DEL,607,310
9,DEL,611,273
9,DEL,615,219
9,DEL,619,220
9,DEL,623,213
9,DEL,627,200
9,DEL,631,187
9,DEL,635,168
9,DEL,639,137
9,DEL,643,130
9,DEL,647,130
9,DEL,651,130
9,DEL,655,101
9,DEL,659,103
9,DEL,663,90
9,DEL,667,93
9,DEL,671,69
9,DEL,675,56
9,DEL,679,73
9,DEL,683,58
9,DEL,687,47
9,DEL,691,49
9,DEL,695,49
9,DEL,699,36
9,DEL,703,24
9,DEL,707,24
9,DEL,711,33
9,DEL,715,27
9,DEL,719,11
9,DEL,723,13
9,DEL,727,15
9,DEL,731,22
9,DEL,735,17
9,DEL,739,12
9,DEL,743,12
9,DEL,747,16
9,DEL,751,10
9,DEL,755,14
9,DEL,759,9
9,DEL,763,4
9,DEL,767,6
9,DEL,771,6
9,DEL,775,2
9,DEL,779,6
9,DEL,783,4
9,DEL,787,2
9,DEL,791,4
9,DEL,795,4
9,DEL,799,5
9,DEL,803,2
9,DEL,807,3
9,DEL,811,4
9,DEL,815,4
9,DEL,819,3
9,DEL,823,2
9,DEL,827,3
9,DEL,831,1
9,DEL,835,2
9,DEL,839,4
9,DEL,843,2
9,DEL,847,1
9,DEL,851,1
9,DEL,871,1
9,DEL,875,2
9,DEL,879,1
9,DEL,887,1
9,DEL,895,2
9,DEL,915,1
9,DEL,919,2
9,DEL,923,1
9,DEL,955,1
9,DEL,1003,1
9,DEL,1007,1
9,DEL,1039,1
9,DEL,1047,1
9,DEL,1063,1
9,DEL,1071,1
9,DEL,1143,1
9,DEL,1151,1
9,DEL,1287,1
9,DEL,1303,1
9,DEL,1359,1
9,DEL,1367,1
9,DEL,1399,1
9,DEL,1431,1
9,DEL,1479,1
9,DEL,1487,1
9,DEL,1511,1
9,DEL,1583,1
9,DEL,1599,1
9,DEL,1607,1
9,DEL,1623,1
9,DEL,1631,3
9,DEL,1639,2
9,DEL,1655,1
9,DEL,1671,1
9,DEL,1703,1
9,DEL,1735,1
9,DEL,1783,2
9,DEL,1855,1
9,DEL,1863,1
9,DEL,1943,1
9,DEL,1975,1
9,DEL,1999,1
9,DEL,2095,1
9,DEL,2111,1
9,DEL,2127,1
9,DEL,2159,2
9,DEL,2351,1
9,DEL,2367,2
9,DEL,2543,1
9,DEL,2591,1
9,DEL,2639,1
9,DEL,4607,1
9,DEL,64511,1
9,GET,93,2
9,GET,94,1
9,GET,96,3
9,GET,97,1
9,GET,98,3
9,GET,99,7
9,GET,100,5
9,GET,101,3
9,GET,102,7
9,GET,103,4
9,GET,104,8
9,GET,105,8
9,GET,106,9
9,GET,107,13
9,GET,108,12
9,GET,109,13
9,GET,110,22
9,GET,111,17
9,GET,112,26
9,GET,113,15
9,GET,114,20
9,GET,115,21
9,GET,116,24
9,GET,117,25
9,GET,118,32
9,GET,119,18
9,GET,120,37
9,GET,121,34
9,GET,122,41
9,GET,123,38
9,GET,124,38
9,GET,125,40
9,GET,126,38
9,GET,127,51
9,GET,128,55
9,GET,129,62
9,GET,130,43
9,GET,131,52
9,GET,132,69
9,GET,133,52
9,GET,134,61
9,GET,135,53
9,GET,136,51
9,GET,137,64
9,GET,138,53
9,GET,139,62
9,GET,140,75
9,GET,141,71
9,GET,142,69
9,GET,143,68
9,GET,144,69
9,GET,145,73
9,GET,146,94
9,GET,147,112
9,GET,148,65
9,GET,149,101
9,GET,150,89
9,GET,151,92
9,GET,152,97
9,GET,153,86
9,GET,154,74
9,GET,155,87
9,GET,156,92
9,GET,157,108
9,GET,158,106
9,GET,159,102
9,GET,160,100
9,GET,161,109
9,GET,162,97
9,GET,163,129
9,GET,164,131
9,GET,165,136
9,GET,166,120
9,GET,167,135
9,GET,168,162
9,GET,169,147
9,GET,170,148
9,GET,171,141
9,GET,172,149
9,GET,173,150
9,GET,174,169
9,GET,175,165
9,GET,176,182
9,GET,177,188
9,GET,178,190
9,GET,179,182
9,GET,180,189
9,GET,181,216
9,GET,182,215
9,GET,183,239
9,GET,184,186
9,GET,185,233
9,GET,186,221
9,GET,187,223
9,GET,188,263
9,GET,189,236
9,GET,190,292
9,GET,191,258
9,GET,192,273
9,GET,193,252
9,GET,194,287
9,GET,195,291
9,GET,196,320
9,GET,197,307
9,GET,198,321
9,GET,199,329
9,GET,200,339
9,GET,201,359
9,GET,202,331
9,GET,203,360
9,GET,204,353
9,GET,205,357
9,GET,206,378
9,GET,207,381
9,GET,208,409
9,GET,209,375
9,GET,210,391
9,GET,211,414
9,GET,212,439
9,GET,213,447
9,GET,214,424
9,GET,215,473
9,GET,216,472
9,GET,217,473
9,GET,218,503
9,GET,219,490
9,GET,220,521
9,GET,221,552
9,GET,222,508
9,GET,223,511
9,GET,224,556
9,GET,225,595
9,GET,226,595
9,GET,227,600
9,GET,228,584
9,GET,229,582
9,GET,230,583
9,GET,231,607
9,GET,232,627
9,GET,233,646
9,GET,234,628
9,GET,235,670
9,GET,236,672
9,GET,237,693
9,GET,238,686
9,GET,239,737
9,GET,240,738
9,GET,241,717
9,GET,242,753
9,GET,243,792
9,GET,244,767
9,GET,245,776
9,GET,246,799
9,GET,247,780
9,GET,248,828
9,GET,249,873
9,GET,250,833
9,GET,251,809
9,GET,252,843
9,GET,253,895
9,GET,254,879
9,GET,255,942
9,GET,257,1869
9,GET,259,1957
9,GET,261,2001
9,GET,263,1888
9,GET,265,2086
9,GET,267,2128
9,GET,269,2174
9,GET,271,2182
9,GET,273,2297
9,GET,275,2323
9,GET,277,2365
9,GET,279,2460
9,GET,281,2450
9,GET,283,2562
9,GET,285,2543
9,GET,287,2584
9,GET,289,2585
9,GET,291,2599
9,GET,293,2710
9,GET,295,2739
9,GET,297,2796
9,GET,299,2778
9,GET,301,2846
9,GET,303,2930
9,GET,305,2781
9,GET,307,2990
9,GET,309,2929
9,GET,311,2988
9,GET,313,2990
9,GET,315,2975
9,GET,317,3091
9,GET,319,3079
9,GET,321,3092
9,GET,323,3182
9,GET,325,3223
9,GET,327,3270
9,GET,329,3193
9,GET,331,3205
9,GET,333,3215
9,GET,335,3194
9,GET,337,3306
9,GET,339,3341
9,GET,341,3353
9,GET,343,3251
9,GET,345,3336
9,GET,347,3294
9,GET,349,3342
9,GET,351,3251
9,GET,353,3312
9,GET,355,3274
9,GET,357,3422
9,GET,359,3372
9,GET,361,3466
9,GET,363,3346
9,GET,365,3463
9,GET,367,3460
9,GET,369,3398
9,GET,371,3490
9,GET,373,3469
9,GET,375,3511
9,GET,377,3498
9,GET,379,3374
9,GET,381,3369
9,GET,383,3583
9,GET,385,3351
9,GET,387,3402
9,GET,389,3415
9,GET,391,3457
9,GET,393,3365
9,GET,395,3358
9,GET,397,3352
9,GET,399,3435
9,GET,401,3276
9,GET,403,3271
9,GET,405,3372
9,GET,407,3197
9,GET,409,3348
9,GET,411,3108
9,GET,413,3131
9,GET,415,3099
9,GET,417,3087
9,GET,419,3169
9,GET,421,3131
9,GET,423,3076
9,GET,425,2953
9,GET,427,2993
9,GET,429,2881
9,GET,431,2871
9,GET,433,2786
9,GET,435,2877
9,GET,437,2725
9,GET,439,2696
9,GET,441,2775
9,GET,443,2667
9,GET,445,2754
9,GET,447,2583
9,GET,449,2622
9,GET,451,2546
9,GET,453,2427
9,GET,455,2466
9,GET,457,2394
9,GET,459,2382
9,GET,461,2332
9,GET,463,2267
9,GET,465,2212
9,GET,467,2211
9,GET,469,2095
9,GET,471,2110
9,GET,473,2027
9,GET,475,1992
9,GET,477,1912
9,GET,479,1890
9,GET,481,1852
9,GET,483,1812
9,GET,485,1826
9,GET,487,1709
9,GET,489,1688
9,GET,491,1704
9,GET,493,1635
9,GET,495,1578
9,GET,497,1574
9,GET,499,1467
9,GET,501,1523
9,GET,503,1453
9,GET,505,1460
9,GET,507,1364
9,GET,509,1374
9,GET,511,1323
9,GET,515,2454
9,GET,519,2399
9,GET,523,2336
9,GET,527,2121
9,GET,531,2082
9,GET,535,2034
9,GET,539,1929
9,GET,543,1811
9,GET,547,1718
9,GET,551,1647
9,GET,555,1510
9,GET,559,1440
9,GET,563,1397
9,GET,567,1328
9,GET,571,1307
9,GET,575,1240
9,GET,579,1078
9,GET,583,1029
9,GET,587,956
9,GET,591,895
9,GET,595,893
9,GET,599,855
9,GET,603,797
9,GET,607,685
9,GET,611,635
9,GET,615,638
9,GET,619,588
9,GET,623,561
9,GET,627,522
9,GET,631,471
9,GET,635,516
9,GET,639,407
9,GET,643,372
9,GET,647,335
9,GET,651,307
9,GET,655,306
9,GET,659,275
9,GET,663,227
9,GET,667,218
9,GET,671,196
9,GET,675,172
9,GET,679,157
9,GET,683,146
9,GET,687,149
9,GET,691,128
9,GET,695,115
9,GET,699,107
9,GET,703,88
9,GET,707,88
9,GET,711,78
9,GET,715,63
9,GET,719,57
9,GET,723,66
9,GET,727,56
9,GET,731,49
9,GET,735,37
9,GET,739,40
9,GET,743,36
9,GET,747,35
9,GET,751,23
9,GET,755,30
9,GET,759,26
9,GET,763,29
9,GET,767,18
9,GET,771,16
9,GET,775,12
9,GET,779,11
9,GET,783,5
9,GET,787,7
9,GET,791,7
9,GET,795,11
9,GET,799,5
9,GET,803,3
9,GET,807,7
9,GET,811,7
9,GET,815,8
9,GET,819,5
9,GET,823,4
9,GET,827,1
9,GET,831,6
9,GET,835,3
9,GET,839,5
9,GET,843,3
9,GET,847,3
9,GET,851,4
9,GET,855,1
9,GET,859,2
9,GET,863,5
9,GET,867,2
9,GET,871,2
9,GET,875,2
9,GET,879,2
9,GET,883,3
9,GET,887,2
9,GET,891,3
9,GET,895,2
9,GET,899,2
9,GET,903,2
9,GET,907,1
9,GET,915,2
9,GET,919,1
9,GET,923,1
9,GET,927,1
9,GET,931,2
9,GET,935,2
9,GET,939,1
9,GET,943,1
9,GET,951,1
9,GET,955,1
9,GET,959,2
9,GET,967,3
9,GET,979,1
9,GET,995,1
9,GET,999,5
9,GET,1015,1
9,GET,1019,1
9,GET,1039,3
9,GET,1047,1
9,GET,1055,1
9,GET,1063,2
9,GET,1079,1
9,GET,1087,1
9,GET,1119,1
9,GET,1127,1
9,GET,1135,2
9,GET,1199,2
9,GET,1207,1
9,GET,1215,1
9,GET,1223,1
9,GET,1247,1
9,GET,1255,2
9,GET,1263,1
9,GET,1311,1
9,GET,1327,2
9,GET,1367,1
9,GET,1391,1
9,GET,1399,2
9,GET,1423,2
9,GET,1431,1
9,GET,1439,1
9,GET,1471,1
9,GET,1495,2
9,GET,1527,1
9,GET,1543,2
9,GET,1559,2
9,GET,1575,1
9,GET,1583,1
9,GET,1607,1
9,GET,1615,1
9,GET,1655,1
9,GET,1663,3
9,GET,1671,2
9,GET,1679,1
9,GET,1719,2
9,GET,1735,5
9,GET,1759,1
9,GET,1775,2
9,GET,1783,1
9,GET,1799,2
9,GET,1807,2
9,GET,1855,1
9,GET,1879,2
9,GET,1887,1
9,GET,1903,1
9,GET,1935,1
9,GET,1951,2
9,GET,2007,1
9,GET,2063,3
9,GET,2079,1
9,GET,2127,1
9,GET,2175,1
9,GET,2191,2
9,GET,2207,1
9,GET,2223,1
9,GET,2303,1
9,GET,2415,1
9,GET,2447,1
9,GET,52223,1
9,GET,53247,1
9,GET,54783,1
9,GET,55295,1
9,GET,56575,2
9,GET,56831,1
9,GET,58623,1
9,GET,59391,2
9,GET,60671,1
9,GET,61183,1
9,GET,61695,1
9,GET,62207,1
9,SET,102,1
9,SET,103,2
9,SET,106,1
9,SET,107,1
9,SET,110,1
9,SET,112,1
9,SET,113,1
9,SET,114,2
9,SET,115,4
9,SET,116,1
9,SET,117,1
9,SET,118,1
9,SET,119,1
9,SET,120,3
9,SET,121,2
9,SET,122,4
9,SET,125,2
9,SET,126,5
9,SET,127,3
9,SET,128,2
9,SET,129,3
9,SET,130,3
9,SET,131,2
9,SET,132,3
9,SET,133,2
9,SET,134,4
9,SET,135,4
9,SET,136,4
9,SET,137,5
9,SET,138,3
9,SET,139,4
9,SET,140,5
9,SET,141,6
9,SET,142,7
9,SET,143,3
9,SET,144,6
9,SET,145,3
9,SET,146,5
9,SET,147,6
9,SET,148,6
9,SET,149,3
9,SET,150,10
9,SET,151,13
9,SET,152,5
9,SET,153,5
9,SET,154,3
9,SET,155,6
9,SET,156,2
9,SET,157,8
9,SET,158,6
9,SET,159,10
9,SET,160,7
9,SET,161,10
9,SET,162,8
9,SET,163,4
9,SET,164,12
9,SET,165,9
9,SET,166,4
9,SET,167,3
9,SET,168,10
9,SET,169,12
9,SET,170,13
9,SET,171,6
9,SET,172,9
9,SET,173,8
9,SET,174,8
9,SET,175,7
9,SET,176,13
9,SET,177,10
9,SET,178,7
9,SET,179,14
9,SET,180,17
9,SET,181,19
9,SET,182,20
9,SET,183,8
9,SET,184,16
9,SET,185,14
9,SET,186,17
9,SET,187,10
9,SET,188,15
9,SET,189,13
9,SET,190,17
9,SET,191,21
9,SET,192,19
9,SET,193,18
9,SET,194,20
9,SET,195,16
9,SET,196,19
9,SET,197,29
9,SET,198,26
9,SET,199,24
9,SET,200,20
9,SET,201,21
9,SET,202,24
9,SET,203,27
9,SET,204,29
9,SET,205,27
9,SET,206,23
9,SET,207,28
9,SET,208,26
9,SET,209,23
9,SET,210,28
9,SET,211,29
9,SET,212,34
9,SET,213,27
9,SET,214,23
9,SET,215,25
9,SET,216,37
9,SET,217,22
9,SET,218,35
9,SET,219,39
9,SET,220,50
9,SET,221,31
9,SET,222,26
9,SET,223,44
9,SET,224,33
9,SET,225,27
9,SET,226,34
9,SET,227,42
9,SET,228,39
9,SET,229,44
9,SET,230,29
9,SET,231,38
9,SET,232,46
9,SET,233,45
9,SET,234,47
9,SET,235,41
9,SET,236,47
9,SET,237,64
9,SET,238,57
9,SET,239,53
9,SET,240,54
9,SET,241,47
9,SET,242,57
9,SET,243,59
9,SET,244,47
9,SET,245,59
9,SET,246,62
9,SET,247,63
9,SET,248,68
9,SET,249,62
9,SET,250,65
9,SET,251,69
9,SET,252,64
9,SET,253,50
9,SET,254,69
9,SET,255,58
9,SET,257,136
9,SET,259,130
9,SET,261,143
9,SET,263,150
9,SET,265,137
9,SET,267,149
9,SET,269,138
9,SET,271,139
9,SET,273,138
9,SET,275,138
9,SET,277,169
9,SET,279,184
9,SET,281,152
9,SET,283,163
9,SET,285,159
9,SET,287,193
9,SET,289,211
9,SET,291,220
9,SET,293,195
9,SET,295,184
9,SET,297,224
9,SET,299,217
9,SET,301,190
9,SET,303,214
9,SET,305,203
9,SET,307,210
9,SET,309,200
9,SET,311,204
9,SET,313,212
9,SET,315,214
9,SET,317,233
9,SET,319,215
9,SET,321,218
9,SET,323,240
9,SET,325,196
9,SET,327,206
9,SET,329,239
9,SET,331,219
9,SET,333,248
9,SET,335,233
9,SET,337,240
9,SET,339,235
9,SET,341,247
9,SET,343,250
9,SET,345,250
9,SET,347,220
9,SET,349,204
9,SET,351,251
9,SET,353,256
9,SET,355,259
9,SET,357,229
9,SET,359,249
9,SET,361,253
9,SET,363,228
9,SET,365,233
9,SET,367,236
9,SET,369,232
9,SET,371,231
9,SET,373,264
9,SET,375,224
9,SET,377,239
9,SET,379,260
9,SET,381,253
9,SET,383,236
9,SET,385,249
9,SET,387,220
9,SET,389,225
9,SET,391,223
9,SET,393,227
9,SET,395,231
9,SET,397,247
9,SET,399,251
9,SET,401,255
9,SET,403,229
9,SET,405,246
9,SET,407,219
9,SET,409,229
9,SET,411,186
9,SET,413,211
9,SET,415,226
9,SET,417,243
9,SET,419,214
9,SET,421,223
9,SET,423,248
9,SET,425,228
9,SET,427,232
9,SET,429,186
9,SET,431,190
9,SET,433,200
9,SET,435,231
9,SET,437,208
9,SET,439,197
9,SET,441,203
9,SET,443,187
9,SET,445,199
9,SET,447,164
9,SET,449,186
9,SET,451,192
9,SET,453,183
9,SET,455,182
9,SET,457,160
9,SET,459,186
9,SET,461,174
9,SET,463,150
9,SET,465,163
9,SET,467,170
9,SET,469,154
9,SET,471,152
9,SET,473,146
9,SET,475,153
9,SET,477,140
9,SET,479,153
9,SET,481,145
9,SET,483,143
9,SET,485,126
9,SET,487,139
9,SET,489,121
9,SET,491,112
9,SET,493,120
9,SET,495,114
9,SET,497,112
9,SET,499,113
9,SET,501,103
9,SET,503,108
9,SET,505,102
9,SET,507,92
9,SET,509,94
9,SET,511,89
9,SET,515,200
9,SET,519,167
9,SET,523,156
9,SET,527,153
9,SET,531,165
9,SET,535,154
9,SET,539,142
9,SET,543,117
9,SET,547,111
9,SET,551,114
9,SET,555,107
9,SET,559,108
9,SET,563,105
9,SET,567,104
9,SET,571,99
9,SET,575,100
9,SET,579,100
9,SET,583,72
9,SET,587,80
9,SET,591,64
9,SET,595,60
9,SET,599,58
9,SET,603,56
9,SET,607,50
9,SET,611,55
9,SET,615,48
9,SET,619,36
9,SET,623,30
9,SET,627,33
9,SET,631,39
9,SET,635,40
9,SET,639,24
9,SET,643,24
9,SET,647,26
9,SET,651,30
9,SET,655,12
9,SET,659,19
9,SET,663,20
9,SET,667,19
9,SET,671,11
9,SET,675,11
9,SET,679,9
9,SET,683,11
9,SET,687,13
9,SET,691,13
9,SET,695,11
9,SET,699,6
9,SET,703,5
9,SET,707,4
9,SET,711,6
9,SET,715,8
9,SET,719,3
9,SET,723,3
9,SET,727,6
9,SET,731,2
9,SET,735,5
9,SET,743,3
9,SET,751,4
9,SET,755,1
9,SET,759,2
9,SET,763,2
9,SET,767,1
9,SET,771,1
9,SET,775,1
9,SET,787,2
9,SET,795,1
9,SET,803,1
9,SET,819,1
9,SET,867,1
9,SET,919,1
9,SET,931,1
9,SET,1287,1
9,SET,1455,2
9,SET,1479,1
9,SET,1487,1
9,SET,1519,1
9,SET,1703,1
9,SET,1791,1
9,SET,1879,1
9,SET,2303,1
9,SET,55807,1
10,DEL,90,1
10,DEL,96,1
10,DEL,97,1
10,DEL,98,2
10,DEL,99,1
10,DEL,100,2
10,DEL,101,3
10,DEL,102,3
10,DEL,103,1
10,DEL,104,2
10,DEL,105,7
10,DEL,106,6
10,DEL,107,3
10,DEL,108,7
10,DEL,109,3
10,DEL,110,5
10,DEL,111,6
10,DEL,112,7
10,DEL,113,5
10,DEL,114,1
10,DEL,115,9
10,DEL,116,11
10,DEL,117,11
10,DEL,118,15
10,DEL,119,12
10,DEL,120,12
10,DEL,121,14
10,DEL,122,13
10,DEL,123,15
10,DEL,124,21
10,DEL,125,19
10,DEL,126,13
10,DEL,127,21
10,DEL,128,21
10,DEL,129,15
10,DEL,130,22
10,DEL,131,28
10,DEL,132,20
10,DEL,133,27
10,DEL,134,37
10,DEL,135,27
10,DEL,136,35
10,DEL,137,33
10,DEL,138,39
10,DEL,139,34
10,DEL,140,30
10,DEL,141,33
10,DEL,142,39
10,DEL,143,37
10,DEL,144,42
10,DEL,145,43
10,DEL,146,36
10,DEL,147,39
10,DEL,148,41
10,DEL,149,50
10,DEL,150,53
10,DEL,151,45
10,DEL,152,39
10,DEL,153,54
10,DEL,154,58
10,DEL,155,62
10,DEL,156,60
10,DEL,157,64
10,DEL,158,59
10,DEL,159,52
10,DEL,160,44
10,DEL,161,52
10,DEL,162,77
10,DEL,163,67
10,DEL,164,65
10,DEL,165,57
10,DEL,166,66
10,DEL,167,67
10,DEL,168,64
10,DEL,169,73
10,DEL,170,83
10,DEL,171,90
10,DEL,172,90
10,DEL,173,90
10,DEL,174,83
10,DEL,175,71
10,DEL,176,78
10,DEL,177,93
10,DEL,178,86
10,DEL,179,83
10,DEL,180,83
10,DEL,181,106
10,DEL,182,92
10,DEL,183,104
10,DEL,184,99
10,DEL,185,90
10,DEL,186,80
10,DEL,187,105
10,DEL,188,93
10,DEL,189,90
10,DEL,190,125
10,DEL,191,98
10,DEL,192,107
10,DEL,193,107
10,DEL,194,122
10,DEL,195,111
10,DEL,196,112
10,DEL,197,126
10,DEL,198,120
10,DEL,199,128
10,DEL,200,127
10,DEL,201,130
10,DEL,202,150
10,DEL,203,127
10,DEL,204,132
10,DEL,205,146
10,DEL,206,143
10,DEL,207,141
10,DEL,208,133
10,DEL,209,124
10,DEL,210,162
10,DEL,211,124
10,DEL,212,147
10,DEL,213,134
10,DEL,214,157
10,DEL,215,139
10,DEL,216,169
10,DEL,217,142
10,DEL,218,133
10,DEL,219,158
10,DEL,220,170
10,DEL,221,158
10,DEL,222,160
10,DEL,223,179
10,DEL,224,161
10,DEL,225,214
10,DEL,226,163
10,DEL,227,175
10,DEL,228,212
10,DEL,229,180
10,DEL,230,210
10,DEL,231,214
10,DEL,232,181
10,DEL,233,211
10,DEL,234,194
10,DEL,235,221
10,DEL,236,210
10,DEL,237,222
10,DEL,238,228
10,DEL,239,226
10,DEL,240,226
10,DEL,241,238
10,DEL,242,213
10,DEL,243,250
10,DEL,244,244
10,DEL,245,250
10,DEL,246,224
10,DEL,247,272
10,DEL,248,268
10,DEL,249,253
10,DEL,250,287
10,DEL,251,287
10,DEL,252,271
10,DEL,253,286
10,DEL,254,298
10,DEL,255,264
10,DEL,257,608
10,DEL,259,601
10,DEL,261,603
10,DEL,263,590
10,DEL,265,661
10,DEL,267,721
10,DEL,269,678
10,DEL,271,686
10,DEL,273,742
10,DEL,275,762
10,DEL,277,759
10,DEL,279,801
10,DEL,281,776
10,DEL,283,835
10,DEL,285,816
10,DEL,287,833
10,DEL,289,898
10,DEL,291,857
10,DEL,293,937
10,DEL,295,857
10,DEL,297,928
10,DEL,299,915
10,DEL,301,996
10,DEL,303,972
10,DEL,305,950
10,DEL,307,1012
10,DEL,309,974
10,DEL,311,957
10,DEL,313,1022
10,DEL,315,1032
10,DEL,317,986
10,DEL,319,1031
10,DEL,321,1037
10,DEL,323,1100
10,DEL,325,1116
10,DEL,327,1090
10,DEL,329,1122
10,DEL,331,1074
10,DEL,333,1087
10,DEL,335,1061
10,DEL,337,1116
10,DEL,339,1098
10,DEL,341,1169
10,DEL,343,1133
10,DEL,345,1150
10,DEL,347,1172
10,DEL,349,1143
10,DEL,351,1060
10,DEL,353,1182
10,DEL,355,1166
10,DEL,357,1210
10,DEL,359,1127
10,DEL,361,1158
10,DEL,363,1227
10,DEL,365,1183
10,DEL,367,1172
10,DEL,369,1200
10,DEL,371,1220
10,DEL,373,1204
10,DEL,375,1243
10,DEL,377,1248
10,DEL,379,1231
10,DEL,381,1200
10,DEL,383,1227
10,DEL,385,1214
10,DEL,387,1176
10,DEL,389,1215
10,DEL,391,1191
10,DEL,393,1175
10,DEL,395,1172
10,DEL,397,1179
10,DEL,399,1246
10,DEL,401,1233
10,DEL,403,1212
10,DEL,405,1209
10,DEL,407,1135
10,DEL,409,1220
10,DEL,411,1195
10,DEL,413,1192
10,DEL,415,1153
10,DEL,417,1134
10,DEL,419,1101
10,DEL,421,1089
10,DEL,423,1070
10,DEL,425,1143
10,DEL,427,1114
10,DEL,429,1076
10,DEL,431,1087
10,DEL,433,1038
10,DEL,435,1022
10,DEL,437,1012
10,DEL,439,1060
10,DEL,441,1077
10,DEL,443,1027
10,DEL,445,1030
10,DEL,447,921
10,DEL,449,931
10,DEL,451,925
10,DEL,453,937
10,DEL,455,889
10,DEL,457,841
10,DEL,459,896
10,DEL,461,814
10,DEL,463,784
10,DEL,465,809
10,DEL,467,806
10,DEL,469,825
10,DEL,471,771
10,DEL,473,694
10,DEL,475,765
10,DEL,477,685
10,DEL,479,675
10,DEL,481,736
10,DEL,483,671
10,DEL,485,714
10,DEL,487,630
10,DEL,489,634
10,DEL,491,638
10,DEL,493,652
10,DEL,495,620
10,DEL,497,551
10,DEL,499,567
10,DEL,501,571
10,DEL,503,550
10,DEL,505,498
10,DEL,507,521
10,DEL,509,526
10,DEL,511,556
10,DEL,515,1001
10,DEL,519,896
10,DEL,523,860
10,DEL,527,898
10,DEL,531,823
10,DEL,535,803
10,DEL,539,775
10,DEL,543,677
10,DEL,547,674
10,DEL,551,681
10,DEL,555,568
10,DEL,559,530
10,DEL,563,527
10,DEL,567,488
10,DEL,571,443
10,DEL,575,453
10,DEL,579,454
10,DEL,583,391
10,DEL,587,364
10,DEL,591,360
10,DEL,595,311
10,DEL,599,314
10,DEL,603,324
10,DEL,607,292
10,DEL,611,300
10,DEL,615,248
10,DEL,619,231
10,DEL,623,208
10,DEL,627,196
10,DEL,631,187
10,DEL,635,180
10,DEL,639,171
10,DEL,643,162
10,DEL,647,148
10,DEL,651,140
10,DEL,655,137
10,DEL,659,108
10,DEL,663,93
10,DEL,667,93
10,DEL,671,87
10,DEL,675,87
10,DEL,679,57
10,DEL,683,66
10,DEL,687,60
10,DEL,691,50
10,DEL,695,51
10,DEL,699,37
10,DEL,703,44
10,DEL,707,32
10,DEL,711,44
10,DEL,715,29
10,DEL,719,32
10,DEL,723,26
10,DEL,727,21
10,DEL,731,14
10,DEL,735,15
10,DEL,739,21
10,DEL,743,14
10,DEL,747,9
10,DEL,751,12
10,DEL,755,10
10,DEL,759,10
10,DEL,763,8
10,DEL,767,8
10,DEL,771,10
10,DEL,775,8
10,DEL,779,3
10,DEL,783,2
10,DEL,787,4
10,DEL,791,4
10,DEL,795,4
10,DEL,799,1
10,DEL,803,3
10,DEL,811,1
10,DEL,815,2
10,DEL,823,3
10,DEL,831,2
10,DEL,835,2
10,DEL,839,2
10,DEL,851,1
10,DEL,855,2
10,DEL,863,1
10,DEL,867,2
10,DEL,871,4
10,DEL,879,1
10,DEL,887,2
10,DEL,891,1
10,DEL,899,3
10,DEL,907,2
10,DEL,911,1
10,DEL,939,1
10,DEL,979,1
10,DEL,983,1
10,DEL,999,1
10,DEL,1079,2
10,DEL,1119,1
10,DEL,1183,1
10,DEL,1223,1
10,DEL,1391,1
10,DEL,1455,2
10,DEL,1463,1
10,DEL,1511,2
10,DEL,1527,2
10,DEL,1559,2
10,DEL,1591,1
10,DEL,1615,1
10,DEL,1623,1
10,DEL,1655,1
10,DEL,1671,1
10,DEL,1687,1
10,DEL,1703,2
10,DEL,1711,1
10,DEL,1719,1
10,DEL,1735,1
10,DEL,1743,1
10,DEL,1783,1
10,DEL,1823,1
10,DEL,1871,1
10,DEL,1927,1
10,DEL,1959,2
10,DEL,1991,1
10,DEL,1999,1
10,DEL,2079,3
10,DEL,2095,1
10,DEL,2127,1
10,DEL,2287,1
10,DEL,2303,1
10,DEL,2367,1
10,DEL,52991,2
10,DEL,64767,1
10,GET,93,1
10,GET,94,4
10,GET,96,3
10,GET,97,2
10,GET,98,4
10,GET,99,4
10,GET,100,6
10,GET,101,7
10,GET,102,5
10,GET,103,8
10,GET,104,9
10,GET,105,10
10,GET,106,15
10,GET,107,11
10,GET,108,14
10,GET,109,7
10,GET,110,15
10,GET,111,26
10,GET,112,21
10,GET,113,25
10,GET,114,27
10,GET,115,23
10,GET,116,37
10,GET,117,30
10,GET,118,35
10,GET,119,46
10,GET,120,46
10,GET,121,45
10,GET,122,52
10,GET,123,37
10,GET,124,44
10,GET,125,62
10,GET,126,49
10,GET,127,59
10,GET,128,69
10,GET,129,63
10,GET,130,73
10,GET,131,75
10,GET,132,68
10,GET,133,92
10,GET,134,101
10,GET,135,87
10,GET,136,71
10,GET,137,84
10,GET,138,93
10,GET,139,75
10,GET,140,116
10,GET,141,110
10,GET,142,91
10,GET,143,106
10,GET,144,118
10,GET,145,123
10,GET,146,123
10,GET,147,121
10,GET,148,135
10,GET,149,136
10,GET,150,150
10,GET,151,160
10,GET,152,145
10,GET,153,133
10,GET,154,159
10,GET,155,148
10,GET,156,137
10,GET,157,167
10,GET,158,189
10,GET,159,160
10,GET,160,167
10,GET,161,165
10,GET,162,172
10,GET,163,164
10,GET,164,208
10,GET,165,207
10,GET,166,210
10,GET,167,226
10,GET,168,195
10,GET,169,194
10,GET,170,204
10,GET,171,221
10,GET,172,214
10,GET,173,216
10,GET,174,210
10,GET,175,234
10,GET,176,220
10,GET,177,261
10,GET,178,230
10,GET,179,237
10,GET,180,272
10,GET,181,234
10,GET,182,273
10,GET,183,255
10,GET,184,249
10,GET,185,272
10,GET,186,276
10,GET,187,268
10,GET,188,278
10,GET,189,302
10,GET,190,264
10,GET,191,280
10,GET,192,287
10,GET,193,317
10,GET,194,313
10,GET,195,349
10,GET,196,324
10,GET,197,341
10,GET,198,338
10,GET,199,306
10,GET,200,341
10,GET,201,347
10,GET,202,354
10,GET,203,332
10,GET,204,381
10,GET,205,314
10,GET,206,370
10,GET,207,402
10,GET,208,394
10,GET,209,363
10,GET,210,426
10,GET,211,396
10,GET,212,418
10,GET,213,395
10,GET,214,385
10,GET,215,402
10,GET,216,488
10,GET,217,438
10,GET,218,451
10,GET,219,508
10,GET,220,493
10,GET,221,440
10,GET,222,492
10,GET,223,488
10,GET,224,515
10,GET,225,518
10,GET,226,525
10,GET,227,530
10,GET,228,504
10,GET,229,533
10,GET,230,506
10,GET,231,535
10,GET,232,572
10,GET,233,598
10,GET,234,592
10,GET,235,592
10,GET,236,623
10,GET,237,610
10,GET,238,629
10,GET,239,641
10,GET,240,667
10,GET,241,680
10,GET,242,716
10,GET,243,685
10,GET,244,723
10,GET,245,708
10,GET,246,745
10,GET,247,794
10,GET,248,764
10,GET,249,767
10,GET,250,786
10,GET,251,798
10,GET,252,785
10,GET,253,805
10,GET,254,865
10,GET,255,787
10,GET,257,1703
10,GET,259,1749
10,GET,261,1773
10,GET,263,1900
10,GET,265,1854
10,GET,267,1990
10,GET,269,2024
10,GET,271,1987
10,GET,273,2110
10,GET,275,2151
10,GET,277,2162
10,GET,279,2274
10,GET,281,2270
10,GET,283,2246
10,GET,285,2421
10,GET,287,2412
10,GET,289,2462
10,GET,291,2437
10,GET,293,2578
10,GET,295,2504
10,GET,297,2659
10,GET,299,2719
10,GET,301,2694
10,GET,303,2661
10,GET,305,2717
10,GET,307,2820
10,GET,309,2776
10,GET,311,2826
10,GET,313,2988
10,GET,315,2965
10,GET,317,2905
10,GET,319,2996
10,GET,321,2957
10,GET,323,3069
10,GET,325,2939
10,GET,327,2944
10,GET,329,3106
10,GET,331,3090
10,GET,333,3165
10,GET,335,3155
10,GET,337,3066
10,GET,339,3132
10,GET,341,3180
10,GET,343,3311
10,GET,345,3170
10,GET,347,3232
10,GET,349,3253
10,GET,351,3273
10,GET,353,3287
10,GET,355,3359
10,GET,357,3357
10,GET,359,3300
10,GET,361,3329
10,GET,363,3368
10,GET,365,3351
10,GET,367,3451
10,GET,369,3340
10,GET,371,3345
10,GET,373,3395
10,GET,375,3360
10,GET,377,3321
10,GET,379,3408
10,GET,381,3381
10,GET,383,3326
10,GET,385,3366
10,GET,387,3474
10,GET,389,3502
10,GET,391,3464
10,GET,393,3386
10,GET,395,3302
10,GET,397,3356
10,GET,399,3343
10,GET,401,3297
10,GET,403,3330
10,GET,405,3243
10,GET,407,3257
10,GET,409,3296
10,GET,411,3238
10,GET,413,3214
10,GET,415,3154
10,GET,417,3187
10,GET,419,3063
10,GET,421,3123
10,GET,423,3128
10,GET,425,3006
10,GET,427,2953
10,GET,429,2960
10,GET,431,3031
10,GET,433,2930
10,GET,435,2836
10,GET,437,2841
10,GET,439,2831
10,GET,441,2724
10,GET,443,2953
10,GET,445,2723
10,GET,447,2681
10,GET,449,2571
10,GET,451,2525
10,GET,453,2556
10,GET,455,2537
10,GET,457,2401
10,GET,459,2366
10,GET,461,2361
10,GET,463,2448
10,GET,465,2288
10,GET,467,2272
10,GET,469,2281
10,GET,471,2185
10,GET,473,2104
10,GET,475,2072
10,GET,477,2066
10,GET,479,2054
10,GET,481,1897
10,GET,483,1919
10,GET,485,1892
10,GET,487,1827
10,GET,489,1871
10,GET,491,1754
10,GET,493,1680
10,GET,495,1652
10,GET,497,1695
10,GET,499,1645
10,GET,501,1549
10,GET,503,1553
10,GET,505,1503
10,GET,507,1482
10,GET,509,1389
10,GET,511,1375
10,GET,515,2636
10,GET,519,2457
10,GET,523,2424
10,GET,527,2332
10,GET,531,2273
10,GET,535,2213
10,GET,539,1981
10,GET,543,1936
10,GET,547,1869
10,GET,551,1737
10,GET,555,1714
10,GET,559,1593
10,GET,563,1446
10,GET,567,1365
10,GET,571,1314
10,GET,575,1256
10,GET,579,1290
10,GET,583,1098
10,GET,587,1053
10,GET,591,1005
10,GET,595,913
10,GET,599,910
10,GET,603,890
10,GET,607,798
10,GET,611,708
10,GET,615,644
10,GET,619,667
10,GET,623,628
10,GET,627,560
10,GET,631,523
10,GET,635,487
10,GET,639,452
10,GET,643,401
10,GET,647,391
10,GET,651,335
10,GET,655,293
10,GET,659,291
10,GET,663,268
10,GET,667,239
10,GET,671,250
10,GET,675,187
10,GET,679,172
10,GET,683,156
10,GET,687,150
10,GET,691,129
10,GET,695,131
10,GET,699,127
10,GET,703,104
10,GET,707,102
10,GET,711,91
10,GET,715,79
10,GET,719,78
10,GET,723,60
10,GET,727,62
10,GET,731,49
10,GET,735,54
10,GET,739,45
10,GET,743,37
10,GET,747,35
10,GET,751,30
10,GET,755,29
10,GET,759,18
10,GET,763,20
10,GET,767,22
10,GET,771,22
10,GET,775,17
10,GET,779,10
10,GET,783,10
10,GET,787,10
10,GET,791,13
10,GET,795,6
10,GET,799,9
10,GET,803,5
10,GET,807,4
10,GET,811,8
10,GET,815,2
10,GET,819,5
10,GET,823,7
10,GET,827,2
10,GET,831,8
10,GET,835,3
10,GET,839,1
10,GET,843,2
10,GET,847,3
10,GET,851,1
10,GET,855,2
10,GET,859,4
10,GET,863,2
10,GET,867,1
10,GET,875,2
10,GET,879,1
10,GET,895,1
10,GET,899,3
10,GET,903,1
10,GET,907,1
10,GET,911,1
10,GET,915,3
10,GET,919,2
10,GET,923,1
10,GET,927,2
10,GET,931,1
10,GET,935,1
10,GET,939,2
10,GET,943,2
10,GET,947,1
10,GET,951,1
10,GET,955,1
10,GET,959,1
10,GET,971,1
10,GET,979,1
10,GET,983,1
10,GET,1007,1
10,GET,1015,1
10,GET,1019,1
10,GET,1039,1
10,GET,1047,2
10,GET,1055,1
10,GET,1063,2
10,GET,1103,1
10,GET,1119,1
10,GET,1135,1
10,GET,1143,1
10,GET,1159,1
10,GET,1175,1
10,GET,1191,1
10,GET,1207,1
10,GET,1239,1
10,GET,1295,1
10,GET,1359,1
10,GET,1375,1
10,GET,1407,2
10,GET,1463,1
10,GET,1471,1
10,GET,1479,1
10,GET,1503,1
10,GET,1511,2
10,GET,1519,1
10,GET,1527,2
10,GET,1543,1
10,GET,1551,1
10,GET,1559,3
10,GET,1567,1
10,GET,1591,1
10,GET,1599,3
10,GET,1607,1
10,GET,1623,1
10,GET,1639,3
10,GET,1655,2
10,GET,1671,3
10,GET,1679,2
10,GET,1695,5
10,GET,1703,1
10,GET,1711,1
10,GET,1719,2
10,GET,1727,2
10,GET,1743,1
10,GET,1759,1
10,GET,1791,1
10,GET,1807,2
10,GET,1815,1
10,GET,1831,1
10,GET,1855,1
10,GET,1927,1
10,GET,1975,1
10,GET,1983,1
10,GET,1991,1
10,GET,1999,1
10,GET,2047,1
10,GET,2095,1
10,GET,2111,1
10,GET,2127,1
10,GET,2159,1
10,GET,2191,2
10,GET,2319,1
10,GET,2351,1
10,GET,2367,1
10,GET,2383,1
10,GET,2495,2
10,GET,2527,1
10,GET,2623,1
10,GET,3423,1
10,GET,4159,1
10,GET,54527,1
10,GET,55551,1
10,GET,55807,1
10,GET,56063,1
10,GET,57343,1
10,GET,57599,1
10,GET,57855,1
10,GET,58111,1
10,GET,58623,1
10,GET,60671,1
10,GET,61951,1
10,GET,63743,1
10,SET,95,1
10,SET,105,1
10,SET,106,1
10,SET,107,3
10,SET,109,2
10,SET,112,1
10,SET,113,1
10,SET,115,1
10,SET,116,1
10,SET,117,3
10,SET,118,1
10,SET,119,5
10,SET,120,5
10,SET,121,1
10,SET,122,5
10,SET,123,4
10,SET,124,2
10,SET,125,3
10,SET,126,4
10,SET,128,4
10,SET,129,3
10,SET,130,6
10,SET,131,3
10,SET,132,3
10,SET,133,5
10,SET,134,2
10,SET,135,6
10,SET,136,5
10,SET,137,4
10,SET,138,6
10,SET,139,5
10,SET,140,6
10,SET,141,8
10,SET,142,5
10,SET,143,8
10,SET,144,9
10,SET,145,7
10,SET,146,5
10,SET,147,10
10,SET,148,10
10,SET,149,8
10,SET,150,7
10,SET,151,8
10,SET,152,7
10,SET,153,17
10,SET,154,4
10,SET,155,16
10,SET,156,14
10,SET,157,11
10,SET,158,13
10,SET,159,9
10,SET,160,7
10,SET,161,5
10,SET,162,11
10,SET,163,13
10,SET,164,9
10,SET,165,23
10,SET,166,15
10,SET,167,12
10,SET,168,12
10,SET,169,17
10,SET,170,16
10,SET,171,18
10,SET,172,12
10,SET,173,14
10,SET,174,10
10,SET,175,20
10,SET,176,22
10,SET,177,16
10,SET,178,24
10,SET,179,13
10,SET,180,12
10,SET,181,16
10,SET,182,12
10,SET,183,18
10,SET,184,20
10,SET,185,21
10,SET,186,29
10,SET,187,22
10,SET,188,10
10,SET,189,17
10,SET,190,23
10,SET,191,26
10,SET,192,21
10,SET,193,21
10,SET,194,21
10,SET,195,16
10,SET,196,30
10,SET,197,18
10,SET,198,19
10,SET,199,29
10,SET,200,18
10,SET,201,19
10,SET,202,30
10,SET,203,30
10,SET,204,28
10,SET,205,30
10,SET,206,21
10,SET,207,29
10,SET,208,23
10,SET,209,25
10,SET,210,30
10,SET,211,26
10,SET,212,23
10,SET,213,33
10,SET,214,36
10,SET,215,24
10,SET,216,26
10,SET,217,31
10,SET,218,31
10,SET,219,32
10,SET,220,35
10,SET,221,44
10,SET,222,28
10,SET,223,27
10,SET,224,32
10,SET,225,37
10,SET,226,41
10,SET,227,28
10,SET,228,54
10,SET,229,39
10,SET,230,42
10,SET,231,38
10,SET,232,43
10,SET,233,45
10,SET,234,42
10,SET,235,48
10,SET,236,44
10,SET,237,62
10,SET,238,28
10,SET,239,39
10,SET,240,40
10,SET,241,54
10,SET,242,36
10,SET,243,54
10,SET,244,46
10,SET,245,45
10,SET,246,49
10,SET,247,46
10,SET,248,41
10,SET,249,44
10,SET,250,59
10,SET,251,59
10,SET,252,49
10,SET,253,54
10,SET,254,58
10,SET,255,63
10,SET,257,140
10,SET,259,128
10,SET,261,122
10,SET,263,129
10,SET,265,135
10,SET,267,149
10,SET,269,114
10,SET,271,127
10,SET,273,157
10,SET,275,157
10,SET,277,155
10,SET,279,167
10,SET,281,143
10,SET,283,178
10,SET,285,183
10,SET,287,173
10,SET,289,169
10,SET,291,181
10,SET,293,186
10,SET,295,185
10,SET,297,192
10,SET,299,190
10,SET,301,186
10,SET,303,203
10,SET,305,181
10,SET,307,225
10,SET,309,218
10,SET,311,176
10,SET,313,213
10,SET,315,207
10,SET,317,231
10,SET,319,214
10,SET,321,209
10,SET,323,226
10,SET,325,192
10,SET,327,238
10,SET,329,226
10,SET,331,218
10,SET,333,233
10,SET,335,203
10,SET,337,218
10,SET,339,213
10,SET,341,220
10,SET,343,205
10,SET,345,233
10,SET,347,232
10,SET,349,243
10,SET,351,249
10,SET,353,251
10,SET,355,219
10,SET,357,236
10,SET,359,242
10,SET,361,227
10,SET,363,242
10,SET,365,225
10,SET,367,251
10,SET,369,255
10,SET,371,265
10,SET,373,238
10,SET,375,236
10,SET,377,243
10,SET,379,262
10,SET,381,256
10,SET,383,250
10,SET,385,244
10,SET,387,238
10,SET,389,245
10,SET,391,261
10,SET,393,249
10,SET,395,236
10,SET,397,227
10,SET,399,266
10,SET,401,247
10,SET,403,230
10,SET,405,209
10,SET,407,232
10,SET,409,245
10,SET,411,235
10,SET,413,219
10,SET,415,240
10,SET,417,208
10,SET,419,250
10,SET,421,248
10,SET,423,214
10,SET,425,208
10,SET,427,220
10,SET,429,195
10,SET,431,212
10,SET,433,226
10,SET,435,220
10,SET,437,192
10,SET,439,231
10,SET,441,222
10,SET,443,209
10,SET,445,157
10,SET,447,186
10,SET,449,183
10,SET,451,200
10,SET,453,164
10,SET,455,190
10,SET,457,189
10,SET,459,174
10,SET,461,183
10,SET,463,154
10,SET,465,169
10,SET,467,185
10,SET,469,167
10,SET,471,180
10,SET,473,145
10,SET,475,134
10,SET,477,159
10,SET,479,129
10,SET,481,148
10,SET,483,155
10,SET,485,140
10,SET,487,136
10,SET,489,128
10,SET,491,109
10,SET,493,124
10,SET,495,112
10,SET,497,120
10,SET,499,105
10,SET,501,100
10,SET,503,127
10,SET,505,105
10,SET,507,86
10,SET,509,114
10,SET,511,97
10,SET,515,205
10,SET,519,198
10,SET,523,157
10,SET,527,192
10,SET,531,150
10,SET,535,131
10,SET,539,144
10,SET,543,145
10,SET,547,131
10,SET,551,121
10,SET,555,142
10,SET,559,117
10,SET,563,101
10,SET,567,84
10,SET,571,93
10,SET,575,95
10,SET,579,82
10,SET,583,85
10,SET,587,81
10,SET,591,75
10,SET,595,72
10,SET,599,60
10,SET,603,67
10,SET,607,57
10,SET,611,51
10,SET,615,55
10,SET,619,49
10,SET,623,54
10,SET,627,54
10,SET,631,40
10,SET,635,36
10,SET,639,28
10,SET,643,36
10,SET,647,39
10,SET,651,24
10,SET,655,19
10,SET,659,20
10,SET,663,18
10,SET,667,14
10,SET,671,13
10,SET,675,13
10,SET,679,10
10,SET,683,11
10,SET,687,11
10,SET,691,8
10,SET,695,12
10,SET,699,6
10,SET,703,7
10,SET,707,10
10,SET,711,8
10,SET,715,4
10,SET,719,3
10,SET,723,8
10,SET,727,6
10,SET,731,8
10,SET,735,2
10,SET,739,2
10,SET,743,3
10,SET,747,6
10,SET,751,4
10,SET,755,1
10,SET,759,1
10,SET,779,2
10,SET,787,1
10,SET,791,1
10,SET,803,1
10,SET,811,1
10,SET,815,1
10,SET,831,1
10,SET,839,1
10,SET,859,1
10,SET,1003,1
10,SET,1007,1
10,SET,1039,1
10,SET,1103,1
10,SET,1311,1
10,SET,1415,1
10,SET,1495,1
10,SET,1511,1
10,SET,1831,1
10,SET,1839,1
10,SET,50687,1
11,SET,102,1
11,SET,104,1
11,SET,105,2
11,SET,107,2
11,SET,108,2
11,SET,109,1
11,SET,112,2
11,SET,114,1
11,SET,116,1
11,SET,117,1
11,SET,118,1
11,SET,119,1
11,SET,121,2
11,SET,122,2
11,SET,123,1
11,SET,124,3
11,SET,125,2
11,SET,126,1
11,SET,127,4
11,SET,128,1
11,SET,129,1
11,SET,131,1
11,SET,132,2
11,SET,133,5
11,SET,134,2
11,SET,135,2
11,SET,136,5
11,SET,137,3
11,SET,138,5
11,SET,139,3
11,SET,140,5
11,SET,141,2
11,SET,142,6
11,SET,143,4
11,SET,144,7
11,SET,145,2
11,SET,146,9
11,SET,147,6
11,SET,148,6
11,SET,149,8
11,SET,150,4
11,SET,151,7
11,SET,152,5
11,SET,153,5
11,SET,154,8
11,SET,155,5
11,SET,156,4
11,SET,157,8
11,SET,158,8
11,SET,159,5
11,SET,160,8
11,SET,161,5
11,SET,162,5
11,SET,163,8
11,SET,164,6
11,SET,165,7
11,SET,166,10
11,SET,167,6
11,SET,168,14
11,SET,169,9
11,SET,170,11
11,SET,171,10
11,SET,172,11
11,SET,173,11
11,SET,174,15
11,SET,175,13
11,SET,176,10
11,SET,177,13
11,SET,178,9
11,SET,179,16
11,SET,180,14
11,SET,181,21
11,SET,182,12
11,SET,183,17
11,SET,184,7
11,SET,185,8
11,SET,186,15
11,SET,187,10
11,SET,188,16
11,SET,189,22
11,SET,190,22
11,SET,191,6
11,SET,192,18
11,SET,193,15
11,SET,194,19
11,SET,195,22
11,SET,196,22
11,SET,197,15
11,SET,198,20
11,SET,199,22
11,SET,200,24
11,SET,201,28
11,SET,202,19
11,SET,203,26
11,SET,204,31
11,SET,205,21
11,SET,206,23
11,SET,207,28
11,SET,208,40
11,SET,209,26
11,SET,210,35
11,SET,211,44
11,SET,212,29
11,SET,213,46
11,SET,214,37
11,SET,215,43
11,SET,216,31
11,SET,217,37
11,SET,218,32
11,SET,219,46
11,SET,220,43
11,SET,221,28
11,SET,222,26
11,SET,223,39
11,SET,224,46
11,SET,225,45
11,SET,226,46
11,SET,227,43
11,SET,228,27
11,SET,229,42
11,SET,230,44
11,SET,231,40
11,SET,232,42
11,SET,233,47
11,SET,234,41
11,SET,235,42
11,SET,236,52
11,SET,237,55
11,SET,238,49
11,SET,239,50
11,SET,240,62
11,SET,241,51
11,SET,242,55
11,SET,243,49
11,SET,244,55
11,SET,245,63
11,SET,246,63
11,SET,247,50
11,SET,248,53
11,SET,249,58
11,SET,250,65
11,SET,251,49
11,SET,252,67
11,SET,253,54
11,SET,254,57
11,SET,255,69
11,SET,257,123
11,SET,259,151
11,SET,261,129
11,SET,263,145
11,SET,265,144
11,SET,267,172
11,SET,269,154
11,SET,271,164
11,SET,273,168
11,SET,275,131
11,SET,277,183
11,SET,279,182
11,SET,281,167
11,SET,283,168
11,SET,285,178
11,SET,287,186
11,SET,289,190
11,SET,291,196
11,SET,293,185
11,SET,295,215
11,SET,297,203
11,SET,299,199
11,SET,301,237
11,SET,303,202
11,SET,305,203
11,SET,307,197
11,SET,309,224
11,SET,311,200
11,SET,313,216
11,SET,315,209
11,SET,317,195
11,SET,319,252
11,SET,321,231
11,SET,323,238
11,SET,325,240
11,SET,327,250
11,SET,329,212
11,SET,331,240
11,SET,333,240
11,SET,335,222
11,SET,337,206
11,SET,339,246
11,SET,341,215
11,SET,343,220
11,SET,345,246
11,SET,347,241
11,SET,349,242
11,SET,351,230
11,SET,353,247
11,SET,355,251
11,SET,357,232
11,SET,359,247
11,SET,361,255
11,SET,363,237
11,SET,365,271
11,SET,367,250
11,SET,369,277
11,SET,371,265
11,SET,373,256
11,SET,375,271
11,SET,377,240
11,SET,379,261
11,SET,381,241
11,SET,383,254
11,SET,385,247
11,SET,387,237
11,SET,389,245
11,SET,391,227
11,SET,393,260
11,SET,395,221
11,SET,397,262
11,SET,399,233
11,SET,401,228
11,SET,403,233
11,SET,405,207
11,SET,407,232
11,SET,409,265
11,SET,411,223
11,SET,413,241
11,SET,415,249
11,SET,417,212
11,SET,419,227
11,SET,421,227
11,SET,423,204
11,SET,425,202
11,SET,427,250
11,SET,429,199
11,SET,431,206
11,SET,433,202
11,SET,435,180
11,SET,437,190
11,SET,439,201
11,SET,441,176
11,SET,443,196
11,SET,445,205
11,SET,447,188
11,SET,449,183
11,SET,451,180
11,SET,453,191
11,SET,455,165
11,SET,457,179
11,SET,459,182
11,SET,461,167
11,SET,463,172
11,SET,465,166
11,SET,467,147
11,SET,469,154
11,SET,471,135
11,SET,473,140
11,SET,475,126
11,SET,477,154
11,SET,479,138
11,SET,481,132
11,SET,483,148
11,SET,485,98
11,SET,487,132
11,SET,489,129
11,SET,491,126
11,SET,493,121
11,SET,495,114
11,SET,497,111
11,SET,499,104
11,SET,501,104
11,SET,503,106
11,SET,505,106
11,SET,507,113
11,SET,509,108
11,SET,511,111
11,SET,515,184
11,SET,519,171
11,SET,523,171
11,SET,527,147
11,SET,531,166
11,SET,535,146
11,SET,539,150
11,SET,543,132
11,SET,547,135
11,SET,551,126
11,SET,555,104
11,SET,559,116
11,SET,563,92
11,SET,567,105
11,SET,571,106
11,SET,575,100
11,SET,579,79
11,SET,583,72
11,SET,587,75
11,SET,591,68
11,SET,595,63
11,SET,599,55
11,SET,603,61
11,SET,607,45
11,SET,611,43
11,SET,615,49
11,SET,619,50
11,SET,623,34
11,SET,627,42
11,SET,631,23
11,SET,635,31
11,SET,639,27
11,SET,643,31
11,SET,647,24
11,SET,651,23
11,SET,655,16
11,SET,659,11
11,SET,663,13
11,SET,667,9
11,SET,671,14
11,SET,675,10
11,SET,679,14
11,SET,683,12
11,SET,687,11
11,SET,691,11
11,SET,695,4
11,SET,699,6
11,SET,703,5
11,SET,707,8
11,SET,711,2
11,SET,715,4
11,SET,719,9
11,SET,723,6
11,SET,727,10
11,SET,731,3
11,SET,735,3
11,SET,739,3
11,SET,743,2
11,SET,747,2
11,SET,751,2
11,SET,755,4
11,SET,759,5
11,SET,763,2
11,SET,767,3
11,SET,771,1
11,SET,779,1
11,SET,787,1
11,SET,791,2
11,SET,795,1
11,SET,799,2
11,SET,827,1
11,SET,883,1
11,SET,919,1
11,SET,923,1
11,SET,1199,1
11,SET,1223,1
11,SET,1663,1
11,SET,1727,1
11,SET,1751,1
11,SET,1823,1
11,SET,52991,1
11,GET,87,1
11,GET,89,1
11,GET,91,2
11,GET,94,2
11,GET,96,1
11,GET,97,2
11,GET,98,2
11,GET,99,7
11,GET,100,8
11,GET,101,8
11,GET,102,10
11,GET,103,8
11,GET,104,12
11,GET,105,9
11,GET,106,4
11,GET,107,11
11,GET,108,18
11,GET,109,12
11,GET,110,18
11,GET,111,16
11,GET,112,19
11,GET,113,18
11,GET,114,17
11,GET,115,14
11,GET,116,23
11,GET,117,33
11,GET,118,23
11,GET,119,29
11,GET,120,32
11,GET,121,41
11,GET,122,27
11,GET,123,31
11,GET,124,31
11,GET,125,47
11,GET,126,55
11,GET,127,38
11,GET,128,47
11,GET,129,42
11,GET,130,56
11,GET,131,47
11,GET,132,47
11,GET,133,57
11,GET,134,52
11,GET,135,54
11,GET,136,60
11,GET,137,71
11,GET,138,66
11,GET,139,61
11,GET,140,57
11,GET,141,63
11,GET,142,72
11,GET,143,87
11,GET,144,58
11,GET,145,68
11,GET,146,76
11,GET,147,66
11,GET,148,88
11,GET,149,91
11,GET,150,91
11,GET,151,98
11,GET,152,115
11,GET,153,102
11,GET,154,92
11,GET,155,80
11,GET,156,119
11,GET,157,106
11,GET,158,103
11,GET,159,94
11,GET,160,111
11,GET,161,113
11,GET,162,112
11,GET,163,133
11,GET,164,124
11,GET,165,111
11,GET,166,142
11,GET,167,131
11,GET,168,147
11,GET,169,131
11,GET,170,150
11,GET,171,151
11,GET,172,141
11,GET,173,177
11,GET,174,170
11,GET,175,149
11,GET,176,182
11,GET,177,160
11,GET,178,187
11,GET,179,162
11,GET,180,183
11,GET,181,215
11,GET,182,223
11,GET,183,204
11,GET,184,218
11,GET,185,205
11,GET,186,217
11,GET,187,224
11,GET,188,235
11,GET,189,248
11,GET,190,253
11,GET,191,281
11,GET,192,280
11,GET,193,268
11,GET,194,256
11,GET,195,325
11,GET,196,294
11,GET,197,292
11,GET,198,311
11,GET,199,361
11,GET,200,350
11,GET,201,325
11,GET,202,359
11,GET,203,358
11,GET,204,381
11,GET,205,356
11,GET,206,377
11,GET,207,389
11,GET,208,367
11,GET,209,389
11,GET,210,386
11,GET,211,396
11,GET,212,415
11,GET,213,453
11,GET,214,440
11,GET,215,464
11,GET,216,487
11,GET,217,456
11,GET,218,466
11,GET,219,481
11,GET,220,520
11,GET,221,489
11,GET,222,528
11,GET,223,524
11,GET,224,553
11,GET,225,601
11,GET,226,567
11,GET,227,639
11,GET,228,596
11,GET,229,625
11,GET,230,631
11,GET,231,642
11,GET,232,607
11,GET,233,681
11,GET,234,694
11,GET,235,649
11,GET,236,717
11,GET,237,698
11,GET,238,720
11,GET,239,663
11,GET,240,732
11,GET,241,751
11,GET,242,763
11,GET,243,795
11,GET,244,784
11,GET,245,832
11,GET,246,816
11,GET,247,878
11,GET,248,824
11,GET,249,792
11,GET,250,883
11,GET,251,849
11,GET,252,862
11,GET,253,870
11,GET,254,905
11,GET,255,910
11,GET,257,1885
11,GET,259,1974
11,GET,261,2075
11,GET,263,2043
11,GET,265,2046
11,GET,267,2242
11,GET,269,2251
11,GET,271,2260
11,GET,273,2274
11,GET,275,2407
11,GET,277,2409
11,GET,279,2413
11,GET,281,2486
11,GET,283,2520
11,GET,285,2616
11,GET,287,2775
11,GET,289,2750
11,GET,291,2684
11,GET,293,2744
11,GET,295,2717
11,GET,297,2834
11,GET,299,2776
11,GET,301,2929
11,GET,303,2903
11,GET,305,2950
11,GET,307,2965
11,GET,309,2910
11,GET,311,2960
11,GET,313,3027
11,GET,315,3077
11,GET,317,3066
11,GET,319,3191
11,GET,321,3152
11,GET,323,3155
11,GET,325,3210
11,GET,327,3209
11,GET,329,3107
11,GET,331,3226
11,GET,333,3219
11,GET,335,3233
11,GET,337,3192
11,GET,339,3346
11,GET,341,3272
11,GET,343,3435
11,GET,345,3445
11,GET,347,3294
11,GET,349,3355
11,GET,351,3421
11,GET,353,3479
11,GET,355,3438
11,GET,357,3482
11,GET,359,3363
11,GET,361,3343
11,GET,363,3403
11,GET,365,3393
11,GET,367,3429
11,GET,369,3406
11,GET,371,3375
11,GET,373,3439
11,GET,375,3502
11,GET,377,3354
11,GET,379,3606
11,GET,381,3496
11,GET,383,3441
11,GET,385,3400
11,GET,387,3330
11,GET,389,3390
11,GET,391,3302
11,GET,393,3374
11,GET,395,3286
11,GET,397,3288
11,GET,399,3371
11,GET,401,3314
11,GET,403,3296
11,GET,405,3189
11,GET,407,3245
11,GET,409,3209
11,GET,411,3251
11,GET,413,3126
11,GET,415,3129
11,GET,417,3133
11,GET,419,3032
11,GET,421,3035
11,GET,423,3056
11,GET,425,2915
11,GET,427,3101
11,GET,429,2918
11,GET,431,2890
11,GET,433,2870
11,GET,435,2792
11,GET,437,2798
11,GET,439,2713
11,GET,441,2761
11,GET,443,2697
11,GET,445,2665
11,GET,447,2666
11,GET,449,2495
11,GET,451,2420
11,GET,453,2423
11,GET,455,2438
11,GET,457,2394
11,GET,459,2277
11,GET,461,2214
11,GET,463,2197
11,GET,465,2231
11,GET,467,2143
11,GET,469,2106
11,GET,471,2001
11,GET,473,1976
11,GET,475,1930
11,GET,477,1881
11,GET,479,1863
11,GET,481,1817
11,GET,483,1863
11,GET,485,1799
11,GET,487,1677
11,GET,489,1698
11,GET,491,1624
11,GET,493,1651
11,GET,495,1500
11,GET,497,1442
11,GET,499,1478
11,GET,501,1443
11,GET,503,1388
11,GET,505,1502
11,GET,507,1381
11,GET,509,1374
11,GET,511,1259
11,GET,515,2447
11,GET,519,2345
11,GET,523,2315
11,GET,527,2173
11,GET,531,1957
11,GET,535,1998
11,GET,539,1855
11,GET,543,1782
11,GET,547,1715
11,GET,551,1616
11,GET,555,1521
11,GET,559,1404
11,GET,563,1428
11,GET,567,1366
11,GET,571,1252
11,GET,575,1124
11,GET,579,1073
11,GET,583,1020
11,GET,587,971
11,GET,591,919
11,GET,595,785
11,GET,599,771
11,GET,603,814
11,GET,607,668
11,GET,611,658
11,GET,615,624
11,GET,619,585
11,GET,623,557
11,GET,627,519
11,GET,631,481
11,GET,635,419
11,GET,639,407
11,GET,643,343
11,GET,647,347
11,GET,651,300
11,GET,655,283
11,GET,659,261
11,GET,663,215
11,GET,667,214
11,GET,671,193
11,GET,675,186
11,GET,679,151
11,GET,683,139
11,GET,687,140
11,GET,691,108
11,GET,695,96
11,GET,699,109
11,GET,703,84
11,GET,707,91
11,GET,711,55
11,GET,715,69
11,GET,719,54
11,GET,723,68
11,GET,727,38
11,GET,731,50
11,GET,735,38
11,GET,739,29
11,GET,743,29
11,GET,747,33
11,GET,751,27
11,GET,755,25
11,GET,759,21
11,GET,763,16
11,GET,767,15
11,GET,771,16
11,GET,775,8
11,GET,779,12
11,GET,783,11
11,GET,787,14
11,GET,791,9
11,GET,795,8
11,GET,799,6
11,GET,803,5
11,GET,807,7
11,GET,811,4
11,GET,815,4
11,GET,819,7
11,GET,823,2
11,GET,827,4
11,GET,831,8
11,GET,835,1
11,GET,839,2
11,GET,843,4
11,GET,851,1
11,GET,855,1
11,GET,859,1
11,GET,863,3
11,GET,871,4
11,GET,875,3
11,GET,879,3
11,GET,883,2
11,GET,887,1
11,GET,891,3
11,GET,895,1
11,GET,899,3
11,GET,903,2
11,GET,907,2
11,GET,911,2
11,GET,915,1
11,GET,919,3
11,GET,923,2
11,GET,927,2
11,GET,935,4
11,GET,943,1
11,GET,955,1
11,GET,959,1
11,GET,963,2
11,GET,975,2
11,GET,979,1
11,GET,991,1
11,GET,995,1
11,GET,1023,1
11,GET,1047,2
11,GET,1055,1
11,GET,1063,1
11,GET,1071,1
11,GET,1087,1
11,GET,1135,1
11,GET,1175,1
11,GET,1263,2
11,GET,1343,1
11,GET,1367,1
11,GET,1407,2
11,GET,1423,1
11,GET,1439,1
11,GET,1455,1
11,GET,1479,3
11,GET,1487,1
11,GET,1503,1
11,GET,1535,2
11,GET,1543,2
11,GET,1551,2
11,GET,1559,3
11,GET,1583,1
11,GET,1599,8
11,GET,1607,2
11,GET,1615,2
11,GET,1631,4
11,GET,1639,2
11,GET,1671,2
11,GET,1695,2
11,GET,1711,1
11,GET,1727,1
11,GET,1735,1
11,GET,1751,1
11,GET,1759,1
11,GET,1767,2
11,GET,1799,1
11,GET,1807,1
11,GET,1815,1
11,GET,1839,2
11,GET,1855,1
11,GET,1879,1
11,GET,1895,1
11,GET,1903,1
11,GET,1911,1
11,GET,1927,1
11,GET,1967,2
11,GET,1983,1
11,GET,1991,1
11,GET,1999,1
11,GET,2023,1
11,GET,2031,1
11,GET,2063,1
11,GET,2079,1
11,GET,2111,1
11,GET,2175,1
11,GET,2191,1
11,GET,2223,1
11,GET,2255,1
11,GET,2303,1
11,GET,2399,3
11,GET,2431,1
11,GET,2479,1
11,GET,2511,1
11,GET,2719,1
11,GET,52223,2
11,GET,54015,1
11,GET,58111,1
11,GET,58879,3
11,GET,61183,1
11,GET,62207,1
11,DEL,95,1
11,DEL,96,1
11,DEL,99,2
11,DEL,100,3
11,DEL,101,3
11,DEL,102,1
11,DEL,103,2
11,DEL,104,2
11,DEL,105,4
11,DEL,106,1
11,DEL,107,4
11,DEL,108,2
11,DEL,109,2
11,DEL,110,2
11,DEL,111,2
11,DEL,112,6
11,DEL,113,5
11,DEL,114,3
11,DEL,115,6
11,DEL,116,8
11,DEL,117,11
11,DEL,118,7
11,DEL,119,9
11,DEL,120,8
11,DEL,121,15
11,DEL,122,11
11,DEL,123,14
11,DEL,124,10
11,DEL,125,11
11,DEL,126,18
11,DEL,127,15
11,DEL,128,20
11,DEL,129,14
11,DEL,130,19
11,DEL,131,13
11,DEL,132,23
11,DEL,133,21
11,DEL,134,18
11,DEL,135,25
11,DEL,136,14
11,DEL,137,25
11,DEL,138,22
11,DEL,139,28
11,DEL,140,25
11,DEL,141,24
11,DEL,142,22
11,DEL,143,23
11,DEL,144,32
11,DEL,145,18
11,DEL,146,30
11,DEL,147,25
11,DEL,148,24
11,DEL,149,36
11,DEL,150,20
11,DEL,151,34
11,DEL,152,28
11,DEL,153,33
11,DEL,154,24
11,DEL,155,42
11,DEL,156,45
11,DEL,157,33
11,DEL,158,32
11,DEL,159,30
11,DEL,160,26
11,DEL,161,34
11,DEL,162,43
11,DEL,163,41
11,DEL,164,49
11,DEL,165,54
11,DEL,166,45
11,DEL,167,47
11,DEL,168,59
11,DEL,169,47
11,DEL,170,54
11,DEL,171,40
11,DEL,172,65
11,DEL,173,57
11,DEL,174,56
11,DEL,175,54
11,DEL,176,65
11,DEL,177,51
11,DEL,178,73
11,DEL,179,59
11,DEL,180,63
11,DEL,181,67
11,DEL,182,69
11,DEL,183,68
11,DEL,184,85
11,DEL,185,68
11,DEL,186,86
11,DEL,187,95
11,DEL,188,68
11,DEL,189,78
11,DEL,190,93
11,DEL,191,87
11,DEL,192,92
11,DEL,193,97
11,DEL,194,98
11,DEL,195,103
11,DEL,196,95
11,DEL,197,104
11,DEL,198,105
11,DEL,199,102
11,DEL,200,111
11,DEL,201,96
11,DEL,202,111
11,DEL,203,114
11,DEL,204,116
11,DEL,205,117
11,DEL,206,119
11,DEL,207,139
11,DEL,208,125
11,DEL,209,129
11,DEL,210,135
11,DEL,211,145
11,DEL,212,145
11,DEL,213,157
11,DEL,214,163
11,DEL,215,160
11,DEL,216,152
11,DEL,217,163
11,DEL,218,160
11,DEL,219,173
11,DEL,220,181
11,DEL,221,178
11,DEL,222,196
11,DEL,223,183
11,DEL,224,208
11,DEL,225,204
11,DEL,226,219
11,DEL,227,208
11,DEL,228,189
11,DEL,229,224
11,DEL,230,230
11,DEL,231,228
11,DEL,232,226
11,DEL,233,220
11,DEL,234,255
11,DEL,235,248
11,DEL,236,247
11,DEL,237,220
11,DEL,238,229
11,DEL,239,252
11,DEL,240,251
11,DEL,241,267
11,DEL,242,294
11,DEL,243,233
11,DEL,244,279
11,DEL,245,268
11,DEL,246,265
11,DEL,247,292
11,DEL,248,310
11,DEL,249,282
11,DEL,250,329
11,DEL,251,310
11,DEL,252,319
11,DEL,253,314
11,DEL,254,326
11,DEL,255,322
11,DEL,257,680
11,DEL,259,661
11,DEL,261,704
11,DEL,263,715
11,DEL,265,756
11,DEL,267,745
11,DEL,269,800
11,DEL,271,796
11,DEL,273,879
11,DEL,275,858
11,DEL,277,841
11,DEL,279,942
11,DEL,281,880
11,DEL,283,892
11,DEL,285,887
11,DEL,287,927
11,DEL,289,905
11,DEL,291,950
11,DEL,293,991
11,DEL,295,999
11,DEL,297,989
11,DEL,299,1022
11,DEL,301,1049
11,DEL,303,993
11,DEL,305,1077
11,DEL,307,1055
11,DEL,309,1083
11,DEL,311,1105
11,DEL,313,1027
11,DEL,315,1122
11,DEL,317,1105
11,DEL,319,1111
11,DEL,321,1088
11,DEL,323,1159
11,DEL,325,1094
11,DEL,327,1186
11,DEL,329,1142
11,DEL,331,1091
11,DEL,333,1160
11,DEL,335,1194
11,DEL,337,1175
11,DEL,339,1158
11,DEL,341,1116
11,DEL,343,1220
11,DEL,345,1188
11,DEL,347,1210
11,DEL,349,1251
11,DEL,351,1167
11,DEL,353,1204
11,DEL,355,1196
11,DEL,357,1187
11,DEL,359,1215
11,DEL,361,1166
11,DEL,363,1208
11,DEL,365,1252
11,DEL,367,1173
11,DEL,369,1208
11,DEL,371,1200
11,DEL,373,1166
11,DEL,375,1192
11,DEL,377,1184
11,DEL,379,1219
11,DEL,381,1219
11,DEL,383,1165
11,DEL,385,1227
11,DEL,387,1215
11,DEL,389,1227
11,DEL,391,1158
11,DEL,393,1306
11,DEL,395,1223
11,DEL,397,1202
11,DEL,399,1243
11,DEL,401,1182
11,DEL,403,1179
11,DEL,405,1174
11,DEL,407,1162
11,DEL,409,1129
11,DEL,411,1141
11,DEL,413,1125
11,DEL,415,1114
11,DEL,417,1108
11,DEL,419,1116
11,DEL,421,1101
11,DEL,423,1076
11,DEL,425,1120
11,DEL,427,1066
11,DEL,429,1058
11,DEL,431,1039
11,DEL,433,1009
11,DEL,435,965
11,DEL,437,1039
11,DEL,439,1016
11,DEL,441,934
11,DEL,443,975
11,DEL,445,961
11,DEL,447,903
11,DEL,449,889
11,DEL,451,960
11,DEL,453,897
11,DEL,455,853
11,DEL,457,863
11,DEL,459,816
11,DEL,461,819
11,DEL,463,821
11,DEL,465,741
11,DEL,467,752
11,DEL,469,816
11,DEL,471,730
11,DEL,473,733
11,DEL,475,726
11,DEL,477,725
11,DEL,479,685
11,DEL,481,676
11,DEL,483,653
11,DEL,485,662
11,DEL,487,635
11,DEL,489,607
11,DEL,491,570
11,DEL,493,559
11,DEL,495,569
11,DEL,497,527
11,DEL,499,587
11,DEL,501,551
11,DEL,503,483
11,DEL,505,492
11,DEL,507,534
11,DEL,509,502
11,DEL,511,471
11,DEL,515,924
11,DEL,519,881
11,DEL,523,863
11,DEL,527,770
11,DEL,531,797
11,DEL,535,672
11,DEL,539,672
11,DEL,543,641
11,DEL,547,618
11,DEL,551,603
11,DEL,555,500
11,DEL,559,502
11,DEL,563,520
11,DEL,567,484
11,DEL,571,473
11,DEL,575,441
11,DEL,579,405
11,DEL,583,375
11,DEL,587,356
11,DEL,591,341
11,DEL,595,306
11,DEL,599,283
11,DEL,603,266
11,DEL,607,268
11,DEL,611,246
11,DEL,615,209
11,DEL,619,243
11,DEL,623,196
11,DEL,627,186
11,DEL,631,174
11,DEL,635,174
11,DEL,639,143
11,DEL,643,126
11,DEL,647,134
11,DEL,651,126
11,DEL,655,100
11,DEL,659,107
11,DEL,663,93
11,DEL,667,73
11,DEL,671,65
11,DEL,675,66
11,DEL,679,57
11,DEL,683,60
11,DEL,687,51
11,DEL,691,53
11,DEL,695,33
11,DEL,699,35
11,DEL,703,32
11,DEL,707,30
11,DEL,711,27
11,DEL,715,25
11,DEL,719,12
11,DEL,723,10
11,DEL,727,20
11,DEL,731,29
11,DEL,735,12
11,DEL,739,14
11,DEL,743,14
11,DEL,747,12
11,DEL,751,8
11,DEL,755,7
11,DEL,759,9
11,DEL,763,10
11,DEL,767,9
11,DEL,771,11
11,DEL,775,5
11,DEL,779,8
11,DEL,783,4
11,DEL,787,4
11,DEL,791,1
11,DEL,795,1
11,DEL,799,4
11,DEL,803,1
11,DEL,807,2
11,DEL,811,1
11,DEL,815,4
11,DEL,819,2
11,DEL,823,4
11,DEL,827,1
11,DEL,831,1
11,DEL,835,2
11,DEL,839,1
11,DEL,843,2
11,DEL,851,1
11,DEL,859,1
11,DEL,863,1
11,DEL,867,2
11,DEL,883,1
11,DEL,887,1
11,DEL,899,1
11,DEL,903,1
11,DEL,907,2
11,DEL,919,1
11,DEL,939,1
11,DEL,943,1
11,DEL,955,1
11,DEL,967,1
11,DEL,987,1
11,DEL,1015,1
11,DEL,1039,1
11,DEL,1055,1
11,DEL,1063,1
11,DEL,1071,1
11,DEL,1095,1
11,DEL,1119,1
11,DEL,1191,1
11,DEL,1199,1
11,DEL,1375,1
11,DEL,1407,1
11,DEL,1479,1
11,DEL,1503,1
11,DEL,1527,1
11,DEL,1535,1
11,DEL,1543,1
11,DEL,1583,1
11,DEL,1695,1
11,DEL,1711,1
11,DEL,1727,1
11,DEL,1759,1
11,DEL,1791,1
11,DEL,1823,2
11,DEL,1895,3
11,DEL,1935,1
11,DEL,1975,1
11,DEL,2063,1
11,DEL,2079,1
11,DEL,2095,1
11,DEL,2127,1
11,DEL,2351,1
11,DEL,2447,1
11,DEL,2463,1
11,DEL,55295,1
11,DEL,56831,1
11,DEL,57343,1
11,DEL,58111,1
11,DEL,63487,1
11,DEL,63999,1
12,GET,88,1
12,GET,93,1
12,GET,94,2
12,GET,95,2
12,GET,97,3
12,GET,98,4
12,GET,99,2
12,GET,101,5
12,GET,102,8
12,GET,103,6
12,GET,104,14
12,GET,105,13
12,GET,106,6
12,GET,107,10
12,GET,108,11
12,GET,109,13
12,GET,110,14
12,GET,111,17
12,GET,112,17
12,GET,113,24
12,GET,114,28
12,GET,115,25
12,GET,116,19
12,GET,117,27
12,GET,118,29
12,GET,119,40
12,GET,120,25
12,GET,121,36
12,GET,122,37
12,GET,123,50
12,GET,124,38
12,GET,125,43
12,GET,126,46
12,GET,127,39
12,GET,128,51
12,GET,129,52
12,GET,130,53
12,GET,131,66
12,GET,132,57
12,GET,133,58
12,GET,134,80
12,GET,135,65
12,GET,136,64
12,GET,137,86
12,GET,138,86
12,GET,139,79
12,GET,140,76
12,GET,141,84
12,GET,142,75
12,GET,143,100
12,GET,144,105
12,GET,145,88
12,GET,146,107
12,GET,147,86
12,GET,148,110
12,GET,149,107
12,GET,150,98
12,GET,151,106
12,GET,152,99
12,GET,153,108
12,GET,154,117
12,GET,155,116
12,GET,156,122
12,GET,157,118
12,GET,158,125
12,GET,159,104
12,GET,160,137
12,GET,161,114
12,GET,162,121
12,GET,163,146
12,GET,164,125
12,GET,165,145
12,GET,166,142
12,GET,167,130
12,GET,168,164
12,GET,169,165
12,GET,170,161
12,GET,171,174
12,GET,172,184
12,GET,173,189
12,GET,174,196
12,GET,175,174
12,GET,176,199
12,GET,177,206
12,GET,178,199
12,GET,179,210
12,GET,180,213
12,GET,181,208
12,GET,182,205
12,GET,183,190
12,GET,184,236
12,GET,185,234
12,GET,186,264
12,GET,187,258
12,GET,188,261
12,GET,189,252
12,GET,190,263
12,GET,191,275
12,GET,192,280
12,GET,193,255
12,GET,194,280
12,GET,195,288
12,GET,196,324
12,GET,197,284
12,GET,198,298
12,GET,199,348
12,GET,200,321
12,GET,201,337
12,GET,202,336
12,GET,203,358
12,GET,204,327
12,GET,205,347
12,GET,206,372
12,GET,207,382
12,GET,208,367
12,GET,209,409
12,GET,210,355
12,GET,211,446
12,GET,212,421
12,GET,213,415
12,GET,214,459
12,GET,215,452
12,GET,216,475
12,GET,217,469
12,GET,218,435
12,GET,219,517
12,GET,220,492
12,GET,221,465
12,GET,222,481
12,GET,223,495
12,GET,224,539
12,GET,225,517
12,GET,226,529
12,GET,227,547
12,GET,228,568
12,GET,229,551
12,GET,230,557
12,GET,231,635
12,GET,232,636
12,GET,233,650
12,GET,234,623
12,GET,235,631
12,GET,236,658
12,GET,237,668
12,GET,238,649
12,GET,239,708
12,GET,240,735
12,GET,241,724
12,GET,242,770
12,GET,243,713
12,GET,244,755
12,GET,245,771
12,GET,246,792
12,GET,247,755
12,GET,248,813
12,GET,249,742
12,GET,250,837
12,GET,251,793
12,GET,252,857
12,GET,253,855
12,GET,254,851
12,GET,255,871
12,GET,257,1812
12,GET,259,1823
12,GET,261,1935
12,GET,263,1931
12,GET,265,1945
12,GET,267,2110
12,GET,269,2018
12,GET,271,2133
12,GET,273,2238
12,GET,275,2324
12,GET,277,2333
12,GET,279,2375
12,GET,281,2375
12,GET,283,2426
12,GET,285,2461
12,GET,287,2487
12,GET,289,2569
12,GET,291,2670
12,GET,293,2615
12,GET,295,2688
12,GET,297,2737
12,GET,299,2777
12,GET,301,2888
12,GET,303,2795
12,GET,305,2939
12,GET,307,2851
12,GET,309,2766
12,GET,311,2891
12,GET,313,2955
12,GET,315,3018
12,GET,317,3026
12,GET,319,3161
12,GET,321,3012
12,GET,323,3203
12,GET,325,3140
12,GET,327,3132
12,GET,329,3189
12,GET,331,3131
12,GET,333,3236
12,GET,335,3290
12,GET,337,3327
12,GET,339,3238
12,GET,341,3267
12,GET,343,3343
12,GET,345,3346
12,GET,347,3311
12,GET,349,3360
12,GET,351,3302
12,GET,353,3344
12,GET,355,3301
12,GET,357,3371
12,GET,359,3385
12,GET,361,3307
12,GET,363,3427
12,GET,365,3488
12,GET,367,3418
12,GET,369,3398
12,GET,371,3380
12,GET,373,3430
12,GET,375,3497
12,GET,377,3490
12,GET,379,3326
12,GET,381,3447
12,GET,383,3429
12,GET,385,3465
12,GET,387,3374
12,GET,389,3372
12,GET,391,3397
12,GET,393,3417
12,GET,395,3351
12,GET,397,3259
12,GET,399,3366
12,GET,401,3268
12,GET,403,3310
12,GET,405,3276
12,GET,407,3314
12,GET,409,3206
12,GET,411,3061
12,GET,413,3230
12,GET,415,3174
12,GET,417,3097
12,GET,419,3224
12,GET,421,3109
12,GET,423,3020
12,GET,425,3062
12,GET,427,2918
12,GET,429,3002
12,GET,431,3018
12,GET,433,2932
12,GET,435,2815
12,GET,437,2869
12,GET,439,2742
12,GET,441,2713
12,GET,443,2634
12,GET,445,2628
12,GET,447,2601
12,GET,449,2614
12,GET,451,2582
12,GET,453,2572
12,GET,455,2448
12,GET,457,2374
12,GET,459,2330
12,GET,461,2323
12,GET,463,2339
12,GET,465,2226
12,GET,467,2169
12,GET,469,2165
12,GET,471,2038
12,GET,473,2034
12,GET,475,2058
12,GET,477,2088
12,GET,479,1978
12,GET,481,1929
12,GET,483,1891
12,GET,485,1797
12,GET,487,1779
12,GET,489,1713
12,GET,491,1633
12,GET,493,1645
12,GET,495,1646
12,GET,497,1629
12,GET,499,1555
12,GET,501,1513
12,GET,503,1434
12,GET,505,1407
12,GET,507,1424
12,GET,509,1316
12,GET,511,1318
12,GET,515,2656
12,GET,519,2557
12,GET,523,2281
12,GET,527,2284
12,GET,531,2109
12,GET,535,1979
12,GET,539,1959
12,GET,543,1854
12,GET,547,1713
12,GET,551,1684
12,GET,555,1590
12,GET,559,1505
12,GET,563,1396
12,GET,567,1394
12,GET,571,1212
12,GET,575,1236
12,GET,579,1190
12,GET,583,1065
12,GET,587,1001
12,GET,591,947
12,GET,595,940
12,GET,599,827
12,GET,603,747
12,GET,607,785
12,GET,611,692
12,GET,615,671
12,GET,619,603
12,GET,623,569
12,GET,627,541
12,GET,631,502
12,GET,635,443
12,GET,639,416
12,GET,643,360
12,GET,647,336
12,GET,651,298
12,GET,655,320
12,GET,659,285
12,GET,663,275
12,GET,667,221
12,GET,671,212
12,GET,675,181
12,GET,679,179
12,GET,683,160
12,GET,687,158
12,GET,691,142
12,GET,695,94
12,GET,699,91
12,GET,703,91
12,GET,707,96
12,GET,711,70
12,GET,715,66
12,GET,719,47
12,GET,723,49
12,GET,727,52
12,GET,731,51
12,GET,735,47
12,GET,739,31
12,GET,743,29
12,GET,747,32
12,GET,751,22
12,GET,755,35
12,GET,759,24
12,GET,763,21
12,GET,767,26
12,GET,771,15
12,GET,775,12
12,GET,779,14
12,GET,783,7
12,GET,787,8
12,GET,791,7
12,GET,795,8
12,GET,799,7
12,GET,803,6
12,GET,807,6
12,GET,811,5
12,GET,815,5
12,GET,819,4
12,GET,823,7
12,GET,827,5
12,GET,831,4
12,GET,835,2
12,GET,839,4
12,GET,843,4
12,GET,847,2
12,GET,851,2
12,GET,855,3
12,GET,859,5
12,GET,863,2
12,GET,867,1
12,GET,871,3
12,GET,875,4
12,GET,883,4
12,GET,887,1
12,GET,891,2
12,GET,899,1
12,GET,907,1
12,GET,911,2
12,GET,919,1
12,GET,923,2
12,GET,927,2
12,GET,939,1
12,GET,947,2
12,GET,951,2
12,GET,959,2
12,GET,967,1
12,GET,971,1
12,GET,1011,1
12,GET,1015,1
12,GET,1023,1
12,GET,1031,2
12,GET,1039,1
12,GET,1055,1
12,GET,1071,1
12,GET,1087,1
12,GET,1103,1
12,GET,1111,1
12,GET,1135,1
12,GET,1167,1
12,GET,1175,1
12,GET,1199,2
12,GET,1255,1
12,GET,1271,1
12,GET,1279,1
12,GET,1359,1
12,GET,1399,1
12,GET,1423,2
12,GET,1447,2
12,GET,1455,5
12,GET,1463,2
12,GET,1479,1
12,GET,1519,1
12,GET,1527,2
12,GET,1551,1
12,GET,1567,1
12,GET,1591,1
12,GET,1599,1
12,GET,1607,1
12,GET,1623,1
12,GET,1631,2
12,GET,1639,2
12,GET,1647,1
12,GET,1655,1
12,GET,1663,4
12,GET,1679,1
12,GET,1695,1
12,GET,1703,1
12,GET,1743,1
12,GET,1751,1
12,GET,1767,1
12,GET,1783,2
12,GET,1791,2
12,GET,1799,1
12,GET,1839,2
12,GET,1895,1
12,GET,1927,1
12,GET,1943,1
12,GET,1959,2
12,GET,1967,1
12,GET,2015,1
12,GET,2031,1
12,GET,2039,2
12,GET,2047,1
12,GET,2079,1
12,GET,2143,1
12,GET,2159,1
12,GET,2207,2
12,GET,2223,1
12,GET,2239,1
12,GET,2303,1
12,GET,2367,1
12,GET,2383,1
12,GET,2415,1
12,GET,2463,1
12,GET,2527,1
12,GET,55295,1
12,GET,55551,1
12,GET,55807,1
12,GET,56575,1
12,GET,58111,3
12,GET,58879,1
12,GET,59903,1
12,GET,60415,1
12,GET,61695,1
12,DEL,91,1
12,DEL,98,2
12,DEL,100,1
12,DEL,102,1
12,DEL,103,3
12,DEL,104,2
12,DEL,105,2
12,DEL,107,6
12,DEL,108,5
12,DEL,109,3
12,DEL,110,2
12,DEL,111,7
12,DEL,112,9
12,DEL,113,9
12,DEL,114,6
12,DEL,115,4
12,DEL,116,8
12,DEL,117,12
12,DEL,118,9
12,DEL,119,13
12,DEL,120,11
12,DEL,121,19
12,DEL,122,11
12,DEL,123,14
12,DEL,124,18
12,DEL,125,14
12,DEL,126,18
12,DEL,127,18
12,DEL,128,15
12,DEL,129,14
12,DEL,130,21
12,DEL,131,24
12,DEL,132,22
12,DEL,133,19
12,DEL,134,19
12,DEL,135,17
12,DEL,136,23
12,DEL,137,30
12,DEL,138,16
12,DEL,139,19
12,DEL,140,32
12,DEL,141,24
12,DEL,142,39
12,DEL,143,18
12,DEL,144,38
12,DEL,145,17
12,DEL,146,29
12,DEL,147,40
12,DEL,148,34
12,DEL,149,40
12,DEL,150,42
12,DEL,151,40
12,DEL,152,29
12,DEL,153,34
12,DEL,154,32
12,DEL,155,38
12,DEL,156,41
12,DEL,157,44
12,DEL,158,42
12,DEL,159,38
12,DEL,160,43
12,DEL,161,49
12,DEL,162,42
12,DEL,163,44
12,DEL,164,52
12,DEL,165,47
12,DEL,166,51
12,DEL,167,54
12,DEL,168,50
12,DEL,169,65
12,DEL,170,70
12,DEL,171,56
12,DEL,172,57
12,DEL,173,69
12,DEL,174,60
12,DEL,175,66
12,DEL,176,69
12,DEL,177,66
12,DEL,178,86
12,DEL,179,79
12,DEL,180,55
12,DEL,181,78
12,DEL,182,79
12,DEL,183,81
12,DEL,184,72
12,DEL,185,83
12,DEL,186,92
12,DEL,187,91
12,DEL,188,89
12,DEL,189,94
12,DEL,190,80
12,DEL,191,82
12,DEL,192,96
12,DEL,193,85
12,DEL,194,96
12,DEL,195,102
12,DEL,196,90
12,DEL,197,116
12,DEL,198,98
12,DEL,199,115
12,DEL,200,113
12,DEL,201,103
12,DEL,202,111
12,DEL,203,114
12,DEL,204,99
12,DEL,205,102
12,DEL,206,143
12,DEL,207,129
12,DEL,208,119
12,DEL,209,125
12,DEL,210,151
12,DEL,211,153
12,DEL,212,141
12,DEL,213,141
12,DEL,214,170
12,DEL,215,159
12,DEL,216,156
12,DEL,217,169
12,DEL,218,173
12,DEL,219,194
12,DEL,220,190
12,DEL,221,170
12,DEL,222,186
12,DEL,223,177
12,DEL,224,184
12,DEL,225,182
12,DEL,226,200
12,DEL,227,205
12,DEL,228,227
12,DEL,229,192
12,DEL,230,167
12,DEL,231,198
12,DEL,232,207
12,DEL,233,216
12,DEL,234,213
12,DEL,235,215
12,DEL,236,238
12,DEL,237,261
12,DEL,238,242
12,DEL,239,247
12,DEL,240,260
12,DEL,241,240
12,DEL,242,263
12,DEL,243,238
12,DEL,244,266
12,DEL,245,262
12,DEL,246,289
12,DEL,247,289
12,DEL,248,295
12,DEL,249,261
12,DEL,250,275
12,DEL,251,276
12,DEL,252,287
12,DEL,253,319
12,DEL,254,307
12,DEL,255,365
12,DEL,257,674
12,DEL,259,616
12,DEL,261,696
12,DEL,263,684
12,DEL,265,707
12,DEL,267,696
12,DEL,269,780
12,DEL,271,740
12,DEL,273,810
12,DEL,275,805
12,DEL,277,845
12,DEL,279,858
12,DEL,281,859
12,DEL,283,815
12,DEL,285,867
12,DEL,287,861
12,DEL,289,900
12,DEL,291,903
12,DEL,293,867
12,DEL,295,960
12,DEL,297,1073
12,DEL,299,996
12,DEL,301,1024
12,DEL,303,976
12,DEL,305,982
12,DEL,307,1046
12,DEL,309,1055
12,DEL,311,1033
12,DEL,313,1066
12,DEL,315,1054
12,DEL,317,1053
12,DEL,319,1123
12,DEL,321,1094
12,DEL,323,1111
12,DEL,325,1101
12,DEL,327,1064
12,DEL,329,1134
12,DEL,331,1164
12,DEL,333,1124
12,DEL,335,1161
12,DEL,337,1168
12,DEL,339,1183
12,DEL,341,1143
12,DEL,343,1090
12,DEL,345,1169
12,DEL,347,1232
12,DEL,349,1223
12,DEL,351,1166
12,DEL,353,1230
12,DEL,355,1206
12,DEL,357,1134
12,DEL,359,1175
12,DEL,361,1155
12,DEL,363,1210
12,DEL,365,1184
12,DEL,367,1222
12,DEL,369,1244
12,DEL,371,1224
12,DEL,373,1202
12,DEL,375,1291
12,DEL,377,1239
12,DEL,379,1233
12,DEL,381,1241
12,DEL,383,1188
12,DEL,385,1295
12,DEL,387,1250
12,DEL,389,1226
12,DEL,391,1173
12,DEL,393,1206
12,DEL,395,1103
12,DEL,397,1208
12,DEL,399,1206
12,DEL,401,1194
12,DEL,403,1210
12,DEL,405,1273
12,DEL,407,1137
12,DEL,409,1143
12,DEL,411,1089
12,DEL,413,1146
12,DEL,415,1134
12,DEL,417,1145
12,DEL,419,1151
12,DEL,421,1101
12,DEL,423,1123
12,DEL,425,1129
12,DEL,427,1015
12,DEL,429,1147
12,DEL,431,1117
12,DEL,433,1041
12,DEL,435,993
12,DEL,437,1004
12,DEL,439,1012
12,DEL,441,981
12,DEL,443,986
12,DEL,445,979
12,DEL,447,948
12,DEL,449,1008
12,DEL,451,900
12,DEL,453,894
12,DEL,455,875
12,DEL,457,859
12,DEL,459,864
12,DEL,461,850
12,DEL,463,846
12,DEL,465,836
12,DEL,467,820
12,DEL,469,798
12,DEL,471,756
12,DEL,473,723
12,DEL,475,764
12,DEL,477,690
12,DEL,479,674
12,DEL,481,666
12,DEL,483,637
12,DEL,485,675
12,DEL,487,629
12,DEL,489,603
12,DEL,491,589
12,DEL,493,600
12,DEL,495,589
12,DEL,497,531
12,DEL,499,565
12,DEL,501,570
12,DEL,503,546
12,DEL,505,492
12,DEL,507,478
12,DEL,509,495
12,DEL,511,478
12,DEL,515,933
12,DEL,519,918
12,DEL,523,836
12,DEL,527,793
12,DEL,531,752
12,DEL,535,782
12,DEL,539,714
12,DEL,543,701
12,DEL,547,609
12,DEL,551,567
12,DEL,555,614
12,DEL,559,500
12,DEL,563,523
12,DEL,567,514
12,DEL,571,445
12,DEL,575,463
12,DEL,579,426
12,DEL,583,375
12,DEL,587,353
12,DEL,591,362
12,DEL,595,333
12,DEL,599,300
12,DEL,603,271
12,DEL,607,280
12,DEL,611,281
12,DEL,615,223
12,DEL,619,211
12,DEL,623,219
12,DEL,627,222
12,DEL,631,179
12,DEL,635,179
12,DEL,639,130
12,DEL,643,138
12,DEL,647,117
12,DEL,651,107
12,DEL,655,130
12,DEL,659,103
12,DEL,663,106
12,DEL,667,94
12,DEL,671,80
12,DEL,675,60
12,DEL,679,62
12,DEL,683,63
12,DEL,687,50
12,DEL,691,44
12,DEL,695,39
12,DEL,699,36
12,DEL,703,32
12,DEL,707,41
12,DEL,711,30
12,DEL,715,25
12,DEL,719,21
12,DEL,723,15
12,DEL,727,24
12,DEL,731,13
12,DEL,735,21
12,DEL,739,12
12,DEL,743,11
12,DEL,747,4
12,DEL,751,8
12,DEL,755,12
12,DEL,759,7
12,DEL,763,9
12,DEL,767,5
12,DEL,771,8
12,DEL,775,8
12,DEL,779,7
12,DEL,783,3
12,DEL,787,3
12,DEL,791,5
12,DEL,799,2
12,DEL,803,1
12,DEL,807,3
12,DEL,815,2
12,DEL,819,4
12,DEL,827,1
12,DEL,831,2
12,DEL,839,2
12,DEL,843,3
12,DEL,851,1
12,DEL,859,2
12,DEL,863,1
12,DEL,887,1
12,DEL,903,1
12,DEL,915,1
12,DEL,955,2
12,DEL,959,1
12,DEL,967,1
12,DEL,971,1
12,DEL,995,1
12,DEL,1003,1
12,DEL,1031,1
12,DEL,1143,1
12,DEL,1167,1
12,DEL,1215,1
12,DEL,1287,1
12,DEL,1295,1
12,DEL,1327,1
12,DEL,1391,1
12,DEL,1447,1
12,DEL,1471,1
12,DEL,1535,1
12,DEL,1583,2
12,DEL,1655,1
12,DEL,1703,1
12,DEL,1735,1
12,DEL,1799,1
12,DEL,1823,1
12,DEL,1863,1
12,DEL,1871,1
12,DEL,1911,1
12,DEL,2063,1
12,DEL,2079,1
12,DEL,2095,1
12,DEL,2207,1
12,DEL,2303,1
12,DEL,2383,1
12,DEL,2479,1
12,DEL,55295,1
12,DEL,61439,1
12,DEL,61951,1
12,SET,97,1
12,SET,99,1
12,SET,100,1
12,SET,102,1
12,SET,106,1
12,SET,107,1
12,SET,108,1
12,SET,110,2
12,SET,113,3
12,SET,115,1
12,SET,117,3
12,SET,118,2
12,SET,119,3
12,SET,120,7
12,SET,121,4
12,SET,122,4
12,SET,123,5
12,SET,125,3
12,SET,126,3
12,SET,127,2
12,SET,128,3
12,SET,129,4
12,SET,130,8
12,SET,131,4
12,SET,132,7
12,SET,133,2
12,SET,134,4
12,SET,135,2
12,SET,136,2
12,SET,137,4
12,SET,138,7
12,SET,139,5
12,SET,140,5
12,SET,141,8
12,SET,142,6
12,SET,143,7
12,SET,144,7
12,SET,145,3
12,SET,146,6
12,SET,147,6
12,SET,148,10
12,SET,149,9
12,SET,150,10
12,SET,151,7
12,SET,152,7
12,SET,153,8
12,SET,154,9
12,SET,155,11
12,SET,156,8
12,SET,157,5
12,SET,158,8
12,SET,159,8
12,SET,160,8
12,SET,161,9
12,SET,162,7
12,SET,163,6
12,SET,164,7
12,SET,165,6
12,SET,166,9
12,SET,167,13
12,SET,168,14
12,SET,169,12
12,SET,170,8
12,SET,171,12
12,SET,172,8
12,SET,173,16
12,SET,174,10
12,SET,175,13
12,SET,176,15
12,SET,177,14
12,SET,178,12
12,SET,179,11
12,SET,180,13
12,SET,181,17
12,SET,182,20
12,SET,183,13
12,SET,184,13
12,SET,185,16
12,SET,186,27
12,SET,187,18
12,SET,188,16
12,SET,189,14
12,SET,190,16
12,SET,191,18
12,SET,192,26
12,SET,193,21
12,SET,194,15
12,SET,195,26
12,SET,196,26
12,SET,197,21
12,SET,198,25
12,SET,199,25
12,SET,200,23
12,SET,201,17
12,SET,202,20
12,SET,203,22
12,SET,204,21
12,SET,205,31
12,SET,206,29
12,SET,207,24
12,SET,208,23
12,SET,209,18
12,SET,210,23
12,SET,211,22
12,SET,212,26
12,SET,213,26
12,SET,214,19
12,SET,215,32
12,SET,216,29
12,SET,217,37
12,SET,218,37
12,SET,219,34
12,SET,220,34
12,SET,221,24
12,SET,222,44
12,SET,223,33
12,SET,224,37
12,SET,225,29
12,SET,226,43
12,SET,227,46
12,SET,228,43
12,SET,229,34
12,SET,230,40
12,SET,231,54
12,SET,232,36
12,SET,233,53
12,SET,234,48
12,SET,235,37
12,SET,236,48
12,SET,237,58
12,SET,238,42
12,SET,239,38
12,SET,240,46
12,SET,241,37
12,SET,242,51
12,SET,243,49
12,SET,244,44
12,SET,245,56
12,SET,246,48
12,SET,247,64
12,SET,248,56
12,SET,249,63
12,SET,250,56
12,SET,251,60
12,SET,252,54
12,SET,253,59
12,SET,254,83
12,SET,255,56
12,SET,257,121
12,SET,259,130
12,SET,261,133
12,SET,263,132
12,SET,265,144
12,SET,267,143
12,SET,269,152
12,SET,271,169
12,SET,273,150
12,SET,275,172
12,SET,277,160
12,SET,279,141
12,SET,281,160
12,SET,283,174
12,SET,285,193
12,SET,287,171
12,SET,289,171
12,SET,291,169
12,SET,293,182
12,SET,295,179
12,SET,297,210
12,SET,299,185
12,SET,301,189
12,SET,303,220
12,SET,305,212
12,SET,307,181
12,SET,309,188
12,SET,311,214
12,SET,313,195
12,SET,315,217
12,SET,317,215
12,SET,319,223
12,SET,321,214
12,SET,323,209
12,SET,325,223
12,SET,327,209
12,SET,329,245
12,SET,331,239
12,SET,333,238
12,SET,335,231
12,SET,337,241
12,SET,339,262
12,SET,341,215
12,SET,343,226
12,SET,345,234
12,SET,347,216
12,SET,349,221
12,SET,351,236
12,SET,353,236
12,SET,355,225
12,SET,357,252
12,SET,359,240
12,SET,361,255
12,SET,363,253
12,SET,365,233
12,SET,367,252
12,SET,369,242
12,SET,371,271
12,SET,373,258
12,SET,375,248
12,SET,377,265
12,SET,379,247
12,SET,381,250
12,SET,383,253
12,SET,385,234
12,SET,387,248
12,SET,389,242
12,SET,391,233
12,SET,393,243
12,SET,395,228
12,SET,397,234
12,SET,399,240
12,SET,401,216
12,SET,403,253
12,SET,405,221
12,SET,407,215
12,SET,409,253
12,SET,411,222
12,SET,413,235
12,SET,415,206
12,SET,417,219
12,SET,419,211
12,SET,421,235
12,SET,423,216
12,SET,425,249
12,SET,427,239
12,SET,429,183
12,SET,431,214
12,SET,433,193
12,SET,435,214
12,SET,437,202
12,SET,439,224
12,SET,441,197
12,SET,443,202
12,SET,445,164
12,SET,447,181
12,SET,449,176
12,SET,451,188
12,SET,453,197
12,SET,455,194
12,SET,457,161
12,SET,459,162
12,SET,461,172
12,SET,463,154
12,SET,465,149
12,SET,467,161
12,SET,469,152
12,SET,471,143
12,SET,473,145
12,SET,475,137
12,SET,477,131
12,SET,479,162
12,SET,481,119
12,SET,483,116
12,SET,485,106
12,SET,487,139
12,SET,489,142
12,SET,491,135
12,SET,493,126
12,SET,495,124
12,SET,497,134
12,SET,499,100
12,SET,501,104
12,SET,503,114
12,SET,505,114
12,SET,507,116
12,SET,509,93
12,SET,511,88
12,SET,515,172
12,SET,519,195
12,SET,523,152
12,SET,527,181
12,SET,531,156
12,SET,535,157
12,SET,539,137
12,SET,543,112
12,SET,547,131
12,SET,551,108
12,SET,555,118
12,SET,559,110
12,SET,563,93
12,SET,567,90
12,SET,571,96
12,SET,575,103
12,SET,579,81
12,SET,583,73
12,SET,587,73
12,SET,591,59
12,SET,595,63
12,SET,599,70
12,SET,603,56
12,SET,607,57
12,SET,611,45
12,SET,615,41
12,SET,619,45
12,SET,623,35
12,SET,627,36
12,SET,631,45
12,SET,635,40
12,SET,639,28
12,SET,643,33
12,SET,647,23
12,SET,651,28
12,SET,655,23
12,SET,659,12
12,SET,663,13
12,SET,667,16
12,SET,671,25
12,SET,675,17
12,SET,679,17
12,SET,683,10
12,SET,687,10
12,SET,691,7
12,SET,695,11
12,SET,699,6
12,SET,703,5
12,SET,707,8
12,SET,711,4
12,SET,715,8
12,SET,719,5
12,SET,723,7
12,SET,727,2
12,SET,731,3
12,SET,735,3
12,SET,739,6
12,SET,743,4
12,SET,747,1
12,SET,751,4
12,SET,755,1
12,SET,763,1
12,SET,767,1
12,SET,771,2
12,SET,779,2
12,SET,791,1
12,SET,795,2
12,SET,799,1
12,SET,807,1
12,SET,831,1
12,SET,851,1
12,SET,855,1
12,SET,867,1
12,SET,907,1
12,SET,935,1
12,SET,1019,1
12,SET,1063,1
12,SET,1375,1
12,SET,1647,1
12,SET,1671,1
12,SET,1679,1
12,SET,1935,1
12,SET,2383,1
12,SET,64255,1
12,SET,66047,1
13,SET,105,1
13,SET,106,1
13,SET,108,1
13,SET,110,2
13,SET,112,4
13,SET,113,4
13,SET,114,1
13,SET,115,2
13,SET,116,4
13,SET,117,1
13,SET,118,2
13,SET,119,3
13,SET,120,1
13,SET,121,4
13,SET,122,3
13,SET,123,1
13,SET,124,5
13,SET,125,6
13,SET,126,2
13,SET,127,2
13,SET,128,5
13,SET,129,4
13,SET,130,8
13,SET,131,9
13,SET,132,5
13,SET,133,2
13,SET,134,1
13,SET,135,5
13,SET,136,2
13,SET,137,2
13,SET,138,6
13,SET,139,4
13,SET,140,5
13,SET,141,14
13,SET,142,8
13,SET,143,6
13,SET,144,7
13,SET,145,11
13,SET,146,16
13,SET,147,13
13,SET,148,16
13,SET,149,13
13,SET,150,12
13,SET,151,11
13,SET,152,11
13,SET,153,10
13,SET,154,13
13,SET,155,7
13,SET,156,18
13,SET,157,12
13,SET,158,13
13,SET,159,7
13,SET,160,10
13,SET,161,7
13,SET,162,15
13,SET,163,18
13,SET,164,13
13,SET,165,13
13,SET,166,13
13,SET,167,7
13,SET,168,15
13,SET,169,15
13,SET,170,19
13,SET,171,20
13,SET,172,18
13,SET,173,23
13,SET,174,12
13,SET,175,11
13,SET,176,13
13,SET,177,20
13,SET,178,20
13,SET,179,15
13,SET,180,17
13,SET,181,16
13,SET,182,16
13,SET,183,19
13,SET,184,29
13,SET,185,19
13,SET,186,23
13,SET,187,24
13,SET,188,20
13,SET,189,17
13,SET,190,19
13,SET,191,21
13,SET,192,16
13,SET,193,17
13,SET,194,23
13,SET,195,28
13,SET,196,21
13,SET,197,24
13,SET,198,24
13,SET,199,13
13,SET,200,22
13,SET,201,21
13,SET,202,15
13,SET,203,27
13,SET,204,22
13,SET,205,19
13,SET,206,27
13,SET,207,24
13,SET,208,17
13,SET,209,24
13,SET,210,28
13,SET,211,27
13,SET,212,39
13,SET,213,25
13,SET,214,29
13,SET,215,32
13,SET,216,37
13,SET,217,30
13,SET,218,36
13,SET,219,35
13,SET,220,27
13,SET,221,28
13,SET,222,37
13,SET,223,25
13,SET,224,30
13,SET,225,27
13,SET,226,27
13,SET,227,36
13,SET,228,34
13,SET,229,41
13,SET,230,39
13,SET,231,29
13,SET,232,48
13,SET,233,47
13,SET,234,40
13,SET,235,41
13,SET,236,44
13,SET,237,40
13,SET,238,43
13,SET,239,50
13,SET,240,44
13,SET,241,51
13,SET,242,53
13,SET,243,46
13,SET,244,43
13,SET,245,43
13,SET,246,47
13,SET,247,58
13,SET,248,63
13,SET,249,57
13,SET,250,41
13,SET,251,56
13,SET,252,59
13,SET,253,62
13,SET,254,54
13,SET,255,85
13,SET,257,134
13,SET,259,130
13,SET,261,127
13,SET,263,157
13,SET,265,128
13,SET,267,150
13,SET,269,139
13,SET,271,145
13,SET,273,135
13,SET,275,160
13,SET,277,150
13,SET,279,167
13,SET,281,167
13,SET,283,165
13,SET,285,174
13,SET,287,169
13,SET,289,177
13,SET,291,177
13,SET,293,190
13,SET,295,165
13,SET,297,176
13,SET,299,182
13,SET,301,185
13,SET,303,206
13,SET,305,204
13,SET,307,198
13,SET,309,190
13,SET,311,195
13,SET,313,224
13,SET,315,214
13,SET,317,214
13,SET,319,205
13,SET,321,217
13,SET,323,220
13,SET,325,228
13,SET,327,219
13,SET,329,211
13,SET,331,228
13,SET,333,222
13,SET,335,225
13,SET,337,240
13,SET,339,228
13,SET,341,228
13,SET,343,208
13,SET,345,208
13,SET,347,218
13,SET,349,196
13,SET,351,262
13,SET,353,240
13,SET,355,238
13,SET,357,246
13,SET,359,245
13,SET,361,243
13,SET,363,278
13,SET,365,250
13,SET,367,233
13,SET,369,231
13,SET,371,283
13,SET,373,241
13,SET,375,248
13,SET,377,240
13,SET,379,270
13,SET,381,264
13,SET,383,236
13,SET,385,239
13,SET,387,234
13,SET,389,232
13,SET,391,254
13,SET,393,261
13,SET,395,274
13,SET,397,262
13,SET,399,245
13,SET,401,211
13,SET,403,198
13,SET,405,223
13,SET,407,215
13,SET,409,262
13,SET,411,229
13,SET,413,222
13,SET,415,228
13,SET,417,202
13,SET,419,225
13,SET,421,198
13,SET,423,186
13,SET,425,215
13,SET,427,217
13,SET,429,202
13,SET,431,212
13,SET,433,217
13,SET,435,215
13,SET,437,195
13,SET,439,179
13,SET,441,184
13,SET,443,201
13,SET,445,207
13,SET,447,200
13,SET,449,174
13,SET,451,194
13,SET,453,173
13,SET,455,200
13,SET,457,185
13,SET,459,183
13,SET,461,177
13,SET,463,161
13,SET,465,170
13,SET,467,158
13,SET,469,152
13,SET,471,156
13,SET,473,145
13,SET,475,153
13,SET,477,138
13,SET,479,128
13,SET,481,154
13,SET,483,149
13,SET,485,129
13,SET,487,125
13,SET,489,127
13,SET,491,142
13,SET,493,157
13,SET,495,99
13,SET,497,105
13,SET,499,115
13,SET,501,105
13,SET,503,122
13,SET,505,112
13,SET,507,109
13,SET,509,106
13,SET,511,113
13,SET,515,207
13,SET,519,181
13,SET,523,190
13,SET,527,164
13,SET,531,155
13,SET,535,145
13,SET,539,160
13,SET,543,145
13,SET,547,138
13,SET,551,113
13,SET,555,125
13,SET,559,118
13,SET,563,98
13,SET,567,110
13,SET,571,80
13,SET,575,94
13,SET,579,83
13,SET,583,80
13,SET,587,57
13,SET,591,82
13,SET,595,70
13,SET,599,70
13,SET,603,58
13,SET,607,55
13,SET,611,53
13,SET,615,55
13,SET,619,51
13,SET,623,41
13,SET,627,42
13,SET,631,35
13,SET,635,32
13,SET,639,28
13,SET,643,32
13,SET,647,28
13,SET,651,33
13,SET,655,23
13,SET,659,25
13,SET,663,10
13,SET,667,22
13,SET,671,23
13,SET,675,20
13,SET,679,20
13,SET,683,18
13,SET,687,10
13,SET,691,12
13,SET,695,12
13,SET,699,13
13,SET,703,11
13,SET,707,8
13,SET,711,8
13,SET,715,5
13,SET,719,5
13,SET,723,3
13,SET,727,2
13,SET,731,3
13,SET,735,5
13,SET,739,4
13,SET,743,4
13,SET,751,1
13,SET,755,3
13,SET,763,1
13,SET,771,2
13,SET,779,1
13,SET,787,1
13,SET,795,1
13,SET,799,1
13,SET,803,1
13,SET,811,1
13,SET,815,1
13,SET,819,1
13,SET,827,2
13,SET,835,1
13,SET,839,2
13,SET,851,1
13,SET,887,1
13,SET,911,1
13,SET,1599,1
13,SET,1615,1
13,SET,1623,1
13,SET,1655,1
13,SET,1903,1
13,SET,2479,1
13,SET,56063,1
13,SET,58623,1
13,DEL,87,1
13,DEL,90,1
13,DEL,94,2
13,DEL,95,1
13,DEL,96,1
13,DEL,98,1
13,DEL,99,1
13,DEL,100,3
13,DEL,101,1
13,DEL,102,1
13,DEL,103,3
13,DEL,104,4
13,DEL,105,2
13,DEL,106,2
13,DEL,107,4
13,DEL,108,4
13,DEL,109,6
13,DEL,110,4
13,DEL,111,8
13,DEL,112,12
13,DEL,113,13
13,DEL,114,10
13,DEL,115,9
13,DEL,116,12
13,DEL,117,13
13,DEL,118,13
13,DEL,119,17
13,DEL,120,14
13,DEL,121,15
13,DEL,122,13
13,DEL,123,21
13,DEL,124,19
13,DEL,125,22
13,DEL,126,22
13,DEL,127,27
13,DEL,128,17
13,DEL,129,17
13,DEL,130,28
13,DEL,131,30
13,DEL,132,28
13,DEL,133,30
13,DEL,134,23
13,DEL,135,25
13,DEL,136,34
13,DEL,137,29
13,DEL,138,32
13,DEL,139,44
13,DEL,140,29
13,DEL,141,28
13,DEL,142,44
13,DEL,143,37
13,DEL,144,42
13,DEL,145,35
13,DEL,146,36
13,DEL,147,46
13,DEL,148,45
13,DEL,149,42
13,DEL,150,63
13,DEL,151,54
13,DEL,152,67
13,DEL,153,54
13,DEL,154,47
13,DEL,155,51
13,DEL,156,62
13,DEL,157,57
13,DEL,158,55
13,DEL,159,55
13,DEL,160,60
13,DEL,161,68
13,DEL,162,59
13,DEL,163,50
13,DEL,164,67
13,DEL,165,69
13,DEL,166,66
13,DEL,167,63
13,DEL,168,74
13,DEL,169,58
13,DEL,170,64
13,DEL,171,73
13,DEL,172,91
13,DEL,173,73
13,DEL,174,78
13,DEL,175,91
13,DEL,176,93
13,DEL,177,74
13,DEL,178,86
13,DEL,179,88
13,DEL,180,86
13,DEL,181,91
13,DEL,182,93
13,DEL,183,95
13,DEL,184,91
13,DEL,185,93
13,DEL,186,112
13,DEL,187,110
13,DEL,188,95
13,DEL,189,80
13,DEL,190,87
13,DEL,191,123
13,DEL,192,91
13,DEL,193,120
13,DEL,194,95
13,DEL,195,132
13,DEL,196,114
13,DEL,197,116
13,DEL,198,129
13,DEL,199,138
13,DEL,200,131
13,DEL,201,127
13,DEL,202,115
13,DEL,203,117
13,DEL,204,155
13,DEL,205,129
13,DEL,206,132
13,DEL,207,139
13,DEL,208,136
13,DEL,209,108
13,DEL,210,131
13,DEL,211,126
13,DEL,212,130
13,DEL,213,151
13,DEL,214,150
13,DEL,215,151
13,DEL,216,145
13,DEL,217,153
13,DEL,218,166
13,DEL,219,171
13,DEL,220,173
13,DEL,221,167
13,DEL,222,190
13,DEL,223,179
13,DEL,224,175
13,DEL,225,188
13,DEL,226,189
13,DEL,227,176
13,DEL,228,182
13,DEL,229,201
13,DEL,230,212
13,DEL,231,198
13,DEL,232,201
13,DEL,233,198
13,DEL,234,219
13,DEL,235,210
13,DEL,236,213
13,DEL,237,198
13,DEL,238,233
13,DEL,239,211
13,DEL,240,211
13,DEL,241,245
13,DEL,242,232
13,DEL,243,227
13,DEL,244,261
13,DEL,245,270
13,DEL,246,268
13,DEL,247,271
13,DEL,248,242
13,DEL,249,274
13,DEL,250,275
13,DEL,251,269
13,DEL,252,291
13,DEL,253,293
13,DEL,254,314
13,DEL,255,292
13,DEL,257,635
13,DEL,259,623
13,DEL,261,639
13,DEL,263,667
13,DEL,265,714
13,DEL,267,701
13,DEL,269,678
13,DEL,271,708
13,DEL,273,721
13,DEL,275,734
13,DEL,277,834
13,DEL,279,789
13,DEL,281,819
13,DEL,283,806
13,DEL,285,792
13,DEL,287,845
13,DEL,289,889
13,DEL,291,859
13,DEL,293,972
13,DEL,295,897
13,DEL,297,1035
13,DEL,299,933
13,DEL,301,930
13,DEL,303,948
13,DEL,305,973
13,DEL,307,1022
13,DEL,309,1034
13,DEL,311,1010
13,DEL,313,1039
13,DEL,315,950
13,DEL,317,1032
13,DEL,319,1075
13,DEL,321,1057
13,DEL,323,1074
13,DEL,325,1063
13,DEL,327,1071
13,DEL,329,1065
13,DEL,331,1086
13,DEL,333,1119
13,DEL,335,1148
13,DEL,337,1156
13,DEL,339,1120
13,DEL,341,1144
13,DEL,343,1156
13,DEL,345,1165
13,DEL,347,1137
13,DEL,349,1166
13,DEL,351,1198
13,DEL,353,1160
13,DEL,355,1184
13,DEL,357,1203
13,DEL,359,1231
13,DEL,361,1126
13,DEL,363,1203
13,DEL,365,1202
13,DEL,367,1236
13,DEL,369,1130
13,DEL,371,1194
13,DEL,373,1190
13,DEL,375,1178
13,DEL,377,1212
13,DEL,379,1173
13,DEL,381,1146
13,DEL,383,1227
13,DEL,385,1223
13,DEL,387,1335
13,DEL,389,1247
13,DEL,391,1221
13,DEL,393,1202
13,DEL,395,1214
13,DEL,397,1193
13,DEL,399,1241
13,DEL,401,1165
13,DEL,403,1139
13,DEL,405,1174
13,DEL,407,1135
13,DEL,409,1194
13,DEL,411,1223
13,DEL,413,1190
13,DEL,415,1191
13,DEL,417,1191
13,DEL,419,1089
13,DEL,421,1092
13,DEL,423,1113
13,DEL,425,1075
13,DEL,427,1080
13,DEL,429,1044
13,DEL,431,1090
13,DEL,433,1070
13,DEL,435,1023
13,DEL,437,980
13,DEL,439,1059
13,DEL,441,969
13,DEL,443,1016
13,DEL,445,932
13,DEL,447,913
13,DEL,449,940
13,DEL,451,949
13,DEL,453,875
13,DEL,455,880
13,DEL,457,922
13,DEL,459,875
13,DEL,461,933
13,DEL,463,853
13,DEL,465,869
13,DEL,467,822
13,DEL,469,754
13,DEL,471,793
13,DEL,473,813
13,DEL,475,787
13,DEL,477,734
13,DEL,479,723
13,DEL,481,717
13,DEL,483,691
13,DEL,485,650
13,DEL,487,635
13,DEL,489,588
13,DEL,491,618
13,DEL,493,583
13,DEL,495,601
13,DEL,497,613
13,DEL,499,588
13,DEL,501,565
13,DEL,503,584
13,DEL,505,536
13,DEL,507,536
13,DEL,509,526
13,DEL,511,462
13,DEL,515,899
13,DEL,519,926
13,DEL,523,904
13,DEL,527,791
13,DEL,531,811
13,DEL,535,724
13,DEL,539,746
13,DEL,543,695
13,DEL,547,656
13,DEL,551,630
13,DEL,555,604
13,DEL,559,571
13,DEL,563,499
13,DEL,567,500
13,DEL,571,463
13,DEL,575,431
13,DEL,579,428
13,DEL,583,459
13,DEL,587,413
13,DEL,591,374
13,DEL,595,338
13,DEL,599,312
13,DEL,603,297
13,DEL,607,298
13,DEL,611,257
13,DEL,615,261
13,DEL,619,229
13,DEL,623,225
13,DEL,627,208
13,DEL,631,189
13,DEL,635,171
13,DEL,639,168
13,DEL,643,163
13,DEL,647,138
13,DEL,651,118
13,DEL,655,119
13,DEL,659,103
13,DEL,663,119
13,DEL,667,88
13,DEL,671,90
13,DEL,675,81
13,DEL,679,73
13,DEL,683,70
13,DEL,687,55
13,DEL,691,61
13,DEL,695,51
13,DEL,699,49
13,DEL,703,34
13,DEL,707,39
13,DEL,711,32
13,DEL,715,34
13,DEL,719,28
13,DEL,723,20
13,DEL,727,22
13,DEL,731,23
13,DEL,735,17
13,DEL,739,10
13,DEL,743,12
13,DEL,747,12
13,DEL,751,20
13,DEL,755,9
13,DEL,759,13
13,DEL,763,12
13,DEL,767,5
13,DEL,771,5
13,DEL,775,10
13,DEL,779,8
13,DEL,783,4
13,DEL,787,13
13,DEL,791,3
13,DEL,795,5
13,DEL,799,4
13,DEL,803,2
13,DEL,807,3
13,DEL,811,4
13,DEL,819,2
13,DEL,823,3
13,DEL,827,3
13,DEL,831,3
13,DEL,835,3
13,DEL,839,1
13,DEL,843,1
13,DEL,851,3
13,DEL,855,1
13,DEL,879,1
13,DEL,887,1
13,DEL,899,1
13,DEL,907,1
13,DEL,911,2
13,DEL,919,1
13,DEL,931,1
13,DEL,935,1
13,DEL,951,1
13,DEL,963,1
13,DEL,979,2
13,DEL,1011,1
13,DEL,1039,1
13,DEL,1047,2
13,DEL,1079,1
13,DEL,1087,1
13,DEL,1159,1
13,DEL,1207,1
13,DEL,1215,1
13,DEL,1295,1
13,DEL,1303,1
13,DEL,1327,1
13,DEL,1367,1
13,DEL,1383,1
13,DEL,1399,1
13,DEL,1415,1
13,DEL,1455,2
13,DEL,1487,1
13,DEL,1543,1
13,DEL,1623,1
13,DEL,1671,1
13,DEL,1687,1
13,DEL,1695,1
13,DEL,1863,1
13,DEL,1919,1
13,DEL,1943,1
13,DEL,1983,1
13,DEL,2127,1
13,DEL,2143,1
13,DEL,2175,2
13,DEL,2239,1
13,DEL,2335,1
13,DEL,2367,1
13,DEL,2479,1
13,DEL,2639,1
13,DEL,55295,1
13,DEL,56575,1
13,DEL,58367,1
13,DEL,65023,1
13,GET,88,1
13,GET,89,2
13,GET,91,2
13,GET,92,1
13,GET,93,2
13,GET,94,4
13,GET,95,2
13,GET,96,4
13,GET,97,2
13,GET,98,6
13,GET,99,4
13,GET,100,3
13,GET,101,12
13,GET,102,6
13,GET,103,7
13,GET,104,5
13,GET,105,18
13,GET,106,12
13,GET,107,17
13,GET,108,18
13,GET,109,19
13,GET,110,18
13,GET,111,17
13,GET,112,16
13,GET,113,24
13,GET,114,36
13,GET,115,26
13,GET,116,33
13,GET,117,26
13,GET,118,41
13,GET,119,34
13,GET,120,36
13,GET,121,56
13,GET,122,46
13,GET,123,63
13,GET,124,61
13,GET,125,55
13,GET,126,64
13,GET,127,49
13,GET,128,55
13,GET,129,57
13,GET,130,73
13,GET,131,80
13,GET,132,76
13,GET,133,86
13,GET,134,70
13,GET,135,90
13,GET,136,89
13,GET,137,100
13,GET,138,76
13,GET,139,95
13,GET,140,95
13,GET,141,115
13,GET,142,114
13,GET,143,121
13,GET,144,129
13,GET,145,116
13,GET,146,122
13,GET,147,120
13,GET,148,129
13,GET,149,143
13,GET,150,143
13,GET,151,143
13,GET,152,122
13,GET,153,150
13,GET,154,144
13,GET,155,145
13,GET,156,161
13,GET,157,179
13,GET,158,140
13,GET,159,162
13,GET,160,154
13,GET,161,170
13,GET,162,172
13,GET,163,207
13,GET,164,181
13,GET,165,187
13,GET,166,191
13,GET,167,199
13,GET,168,210
13,GET,169,244
13,GET,170,181
13,GET,171,202
13,GET,172,203
13,GET,173,240
13,GET,174,241
13,GET,175,231
13,GET,176,217
13,GET,177,235
13,GET,178,244
13,GET,179,253
13,GET,180,267
13,GET,181,248
13,GET,182,250
13,GET,183,251
13,GET,184,291
13,GET,185,273
13,GET,186,279
13,GET,187,285
13,GET,188,254
13,GET,189,300
13,GET,190,298
13,GET,191,282
13,GET,192,302
13,GET,193,330
13,GET,194,315
13,GET,195,319
13,GET,196,305
13,GET,197,333
13,GET,198,344
13,GET,199,337
13,GET,200,378
13,GET,201,388
13,GET,202,337
13,GET,203,355
13,GET,204,366
13,GET,205,333
13,GET,206,334
13,GET,207,379
13,GET,208,396
13,GET,209,401
13,GET,210,387
13,GET,211,383
13,GET,212,431
13,GET,213,444
13,GET,214,418
13,GET,215,408
13,GET,216,445
13,GET,217,426
13,GET,218,476
13,GET,219,471
13,GET,220,545
13,GET,221,482
13,GET,222,512
13,GET,223,526
13,GET,224,484
13,GET,225,552
13,GET,226,538
13,GET,227,505
13,GET,228,528
13,GET,229,571
13,GET,230,600
13,GET,231,576
13,GET,232,545
13,GET,233,604
13,GET,234,579
13,GET,235,595
13,GET,236,660
13,GET,237,661
13,GET,238,656
13,GET,239,666
13,GET,240,692
13,GET,241,644
13,GET,242,680
13,GET,243,732
13,GET,244,723
13,GET,245,766
13,GET,246,740
13,GET,247,776
13,GET,248,766
13,GET,249,717
13,GET,250,743
13,GET,251,794
13,GET,252,758
13,GET,253,781
13,GET,254,837
13,GET,255,838
13,GET,257,1776
13,GET,259,1721
13,GET,261,1826
13,GET,263,1850
13,GET,265,1816
13,GET,267,1933
13,GET,269,1920
13,GET,271,2017
13,GET,273,2134
13,GET,275,2128
13,GET,277,2239
13,GET,279,2270
13,GET,281,2279
13,GET,283,2403
13,GET,285,2383
13,GET,287,2400
13,GET,289,2536
13,GET,291,2479
13,GET,293,2519
13,GET,295,2539
13,GET,297,2585
13,GET,299,2616
13,GET,301,2639
13,GET,303,2677
13,GET,305,2648
13,GET,307,2882
13,GET,309,2777
13,GET,311,2895
13,GET,313,2888
13,GET,315,2829
13,GET,317,2953
13,GET,319,3067
13,GET,321,2938
13,GET,323,3010
13,GET,325,3023
13,GET,327,3024
13,GET,329,2982
13,GET,331,3163
13,GET,333,3068
13,GET,335,3136
13,GET,337,3132
13,GET,339,3189
13,GET,341,3126
13,GET,343,3233
13,GET,345,3317
13,GET,347,3290
13,GET,349,3196
13,GET,351,3239
13,GET,353,3211
13,GET,355,3256
13,GET,357,3299
13,GET,359,3291
13,GET,361,3350
13,GET,363,3331
13,GET,365,3319
13,GET,367,3344
13,GET,369,3408
13,GET,371,3392
13,GET,373,3301
13,GET,375,3378
13,GET,377,3391
13,GET,379,3418
13,GET,381,3284
13,GET,383,3472
13,GET,385,3409
13,GET,387,3416
13,GET,389,3381
13,GET,391,3368
13,GET,393,3349
13,GET,395,3249
13,GET,397,3404
13,GET,399,3400
13,GET,401,3228
13,GET,403,3218
13,GET,405,3319
13,GET,407,3285
13,GET,409,3238
13,GET,411,3238
13,GET,413,3155
13,GET,415,3195
13,GET,417,3178
13,GET,419,3110
13,GET,421,3056
13,GET,423,3030
13,GET,425,3146
13,GET,427,3010
13,GET,429,2971
13,GET,431,2975
13,GET,433,2824
13,GET,435,2763
13,GET,437,2843
13,GET,439,2818
13,GET,441,2705
13,GET,443,2762
13,GET,445,2742
13,GET,447,2724
13,GET,449,2560
13,GET,451,2550
13,GET,453,2578
13,GET,455,2482
13,GET,457,2473
13,GET,459,2442
13,GET,461,2309
13,GET,463,2300
13,GET,465,2263
13,GET,467,2152
13,GET,469,2287
13,GET,471,2136
13,GET,473,2080
13,GET,475,2032
13,GET,477,1996
13,GET,479,2031
13,GET,481,1964
13,GET,483,1920
13,GET,485,1925
13,GET,487,1784
13,GET,489,1795
13,GET,491,1719
13,GET,493,1745
13,GET,495,1680
13,GET,497,1611
13,GET,499,1634
13,GET,501,1524
13,GET,503,1572
13,GET,505,1513
13,GET,507,1504
13,GET,509,1366
13,GET,511,1391
13,GET,515,2654
13,GET,519,2619
13,GET,523,2443
13,GET,527,2306
13,GET,531,2193
13,GET,535,2127
13,GET,539,2061
13,GET,543,1972
13,GET,547,1954
13,GET,551,1816
13,GET,555,1660
13,GET,559,1551
13,GET,563,1544
13,GET,567,1425
13,GET,571,1333
13,GET,575,1225
13,GET,579,1172
13,GET,583,1047
13,GET,587,1067
13,GET,591,935
13,GET,595,957
13,GET,599,953
13,GET,603,842
13,GET,607,746
13,GET,611,719
13,GET,615,714
13,GET,619,674
13,GET,623,551
13,GET,627,528
13,GET,631,505
13,GET,635,482
13,GET,639,438
13,GET,643,414
13,GET,647,348
13,GET,651,346
13,GET,655,346
13,GET,659,291
13,GET,663,292
13,GET,667,252
13,GET,671,229
13,GET,675,201
13,GET,679,192
13,GET,683,163
13,GET,687,172
13,GET,691,163
13,GET,695,137
13,GET,699,123
13,GET,703,113
13,GET,707,96
13,GET,711,104
13,GET,715,82
13,GET,719,71
13,GET,723,71
13,GET,727,53
13,GET,731,59
13,GET,735,59
13,GET,739,44
13,GET,743,47
13,GET,747,37
13,GET,751,38
13,GET,755,23
13,GET,759,23
13,GET,763,29
13,GET,767,20
13,GET,771,19
13,GET,775,20
13,GET,779,21
13,GET,783,12
13,GET,787,10
13,GET,791,9
13,GET,795,8
13,GET,799,15
13,GET,803,5
13,GET,807,11
13,GET,811,3
13,GET,815,6
13,GET,819,5
13,GET,823,6
13,GET,827,5
13,GET,831,4
13,GET,835,7
13,GET,839,5
13,GET,843,3
13,GET,847,4
13,GET,851,2
13,GET,855,4
13,GET,859,4
13,GET,863,3
13,GET,867,1
13,GET,871,1
13,GET,875,4
13,GET,879,1
13,GET,883,4
13,GET,887,2
13,GET,891,4
13,GET,895,1
13,GET,899,1
13,GET,911,3
13,GET,919,1
13,GET,927,3
13,GET,931,3
13,GET,943,1
13,GET,951,1
13,GET,955,1
13,GET,963,1
13,GET,975,1
13,GET,979,4
13,GET,983,1
13,GET,1003,2
13,GET,1023,1
13,GET,1055,1
13,GET,1071,1
13,GET,1087,1
13,GET,1103,2
13,GET,1127,1
13,GET,1143,1
13,GET,1151,1
13,GET,1191,1
13,GET,1207,1
13,GET,1215,1
13,GET,1327,1
13,GET,1335,1
13,GET,1343,2
13,GET,1351,2
13,GET,1359,1
13,GET,1367,1
13,GET,1383,1
13,GET,1407,2
13,GET,1423,1
13,GET,1431,1
13,GET,1439,1
13,GET,1463,1
13,GET,1471,1
13,GET,1479,1
13,GET,1511,1
13,GET,1519,1
13,GET,1535,3
13,GET,1543,1
13,GET,1559,2
13,GET,1567,1
13,GET,1615,3
13,GET,1647,3
13,GET,1655,2
13,GET,1663,2
13,GET,1671,2
13,GET,1679,1
13,GET,1695,1
13,GET,1703,5
13,GET,1711,2
13,GET,1719,1
13,GET,1727,1
13,GET,1735,2
13,GET,1751,2
13,GET,1767,1
13,GET,1775,1
13,GET,1783,1
13,GET,1799,2
13,GET,1807,1
13,GET,1815,2
13,GET,1847,2
13,GET,1855,2
13,GET,1895,1
13,GET,1903,1
13,GET,1975,1
13,GET,1983,1
13,GET,1999,1
13,GET,2007,1
13,GET,2015,1
13,GET,2023,1
13,GET,2079,1
13,GET,2127,1
13,GET,2175,1
13,GET,2191,1
13,GET,2207,1
13,GET,2255,2
13,GET,2271,1
13,GET,2303,1
13,GET,2335,1
13,GET,2367,1
13,GET,2383,1
13,GET,2399,1
13,GET,2431,1
13,GET,2463,2
13,GET,2495,1
13,GET,2559,1
13,GET,2671,1
13,GET,2687,1
13,GET,2879,1
13,GET,4095,1
13,GET,4479,1
13,GET,56319,1
13,GET,57343,1
13,GET,58111,1
13,GET,58623,1
13,GET,59135,2
13,GET,60415,1
13,GET,60927,1
13,GET,61695,1
13,GET,62463,1
14,SET,103,1
14,SET,104,3
14,SET,105,1
14,SET,110,2
14,SET,112,1
14,SET,115,2
14,SET,116,2
14,SET,117,3
14,SET,118,2
14,SET,121,4
14,SET,122,3
14,SET,123,4
14,SET,124,1
14,SET,125,2
14,SET,126,2
14,SET,127,3
14,SET,128,4
14,SET,129,4
14,SET,130,2
14,SET,131,5
14,SET,132,5
14,SET,133,5
14,SET,134,3
14,SET,135,3
14,SET,136,1
14,SET,137,2
14,SET,138,3
14,SET,139,5
14,SET,140,5
14,SET,142,5
14,SET,143,2
14,SET,144,4
14,SET,145,8
14,SET,146,3
14,SET,147,5
14,SET,148,9
14,SET,149,5
14,SET,150,5
14,SET,151,7
14,SET,152,11
14,SET,153,9
14,SET,154,4
14,SET,155,7
14,SET,156,5
14,SET,157,9
14,SET,158,9
14,SET,159,4
14,SET,160,7
14,SET,161,8
14,SET,162,5
14,SET,163,12
14,SET,164,7
14,SET,165,8
14,SET,166,9
14,SET,167,5
14,SET,168,7
14,SET,169,11
14,SET,170,13
14,SET,171,14
14,SET,172,14
14,SET,173,8
14,SET,174,11
14,SET,175,8
14,SET,176,14
14,SET,177,11
14,SET,178,12
14,SET,179,13
14,SET,180,18
14,SET,181,21
14,SET,182,14
14,SET,183,12
14,SET,184,12
14,SET,185,21
14,SET,186,16
14,SET,187,18
14,SET,188,23
14,SET,189,26
14,SET,190,20
14,SET,191,18
14,SET,192,14
14,SET,193,21
14,SET,194,25
14,SET,195,23
14,SET,196,17
14,SET,197,21
14,SET,198,21
14,SET,199,23
14,SET,200,22
14,SET,201,24
14,SET,202,10
14,SET,203,25
14,SET,204,16
14,SET,205,30
14,SET,206,24
14,SET,207,33
14,SET,208,26
14,SET,209,23
14,SET,210,32
14,SET,211,30
14,SET,212,28
14,SET,213,26
14,SET,214,37
14,SET,215,30
14,SET,216,28
14,SET,217,24
14,SET,218,36
14,SET,219,40
14,SET,220,44
14,SET,221,42
14,SET,222,42
14,SET,223,31
14,SET,224,49
14,SET,225,30
14,SET,226,47
14,SET,227,35
14,SET,228,47
14,SET,229,46
14,SET,230,44
14,SET,231,54
14,SET,232,53
14,SET,233,49
14,SET,234,43
14,SET,235,40
14,SET,236,51
14,SET,237,51
14,SET,238,69
14,SET,239,40
14,SET,240,48
14,SET,241,49
14,SET,242,69
14,SET,243,52
14,SET,244,61
14,SET,245,64
14,SET,246,66
14,SET,247,58
14,SET,248,52
14,SET,249,66
14,SET,250,66
14,SET,251,63
14,SET,252,62
14,SET,253,67
14,SET,254,68
14,SET,255,47
14,SET,257,136
14,SET,259,132
14,SET,261,118
14,SET,263,137
14,SET,265,127
14,SET,267,162
14,SET,269,160
14,SET,271,154
14,SET,273,152
14,SET,275,165
14,SET,277,182
14,SET,279,163
14,SET,281,186
14,SET,283,170
14,SET,285,189
14,SET,287,166
14,SET,289,198
14,SET,291,182
14,SET,293,186
14,SET,295,190
14,SET,297,225
14,SET,299,218
14,SET,301,198
14,SET,303,216
14,SET,305,193
14,SET,307,223
14,SET,309,201
14,SET,311,199
14,SET,313,214
14,SET,315,212
14,SET,317,220
14,SET,319,198
14,SET,321,252
14,SET,323,212
14,SET,325,234
14,SET,327,227
14,SET,329,212
14,SET,331,255
14,SET,333,265
14,SET,335,251
14,SET,337,259
14,SET,339,239
14,SET,341,250
14,SET,343,242
14,SET,345,226
14,SET,347,222
14,SET,349,228
14,SET,351,236
14,SET,353,243
14,SET,355,240
14,SET,357,229
14,SET,359,235
14,SET,361,255
14,SET,363,246
14,SET,365,255
14,SET,367,236
14,SET,369,236
14,SET,371,246
14,SET,373,243
14,SET,375,238
14,SET,377,244
14,SET,379,293
14,SET,381,248
14,SET,383,229
14,SET,385,248
14,SET,387,214
14,SET,389,222
14,SET,391,233
14,SET,393,239
14,SET,395,237
14,SET,397,272
14,SET,399,224
14,SET,401,225
14,SET,403,264
14,SET,405,238
14,SET,407,211
14,SET,409,215
14,SET,411,233
14,SET,413,212
14,SET,415,237
14,SET,417,226
14,SET,419,227
14,SET,421,225
14,SET,423,251
14,SET,425,217
14,SET,427,231
14,SET,429,209
14,SET,431,217
14,SET,433,214
14,SET,435,204
14,SET,437,221
14,SET,439,178
14,SET,441,192
14,SET,443,192
14,SET,445,181
14,SET,447,185
14,SET,449,176
14,SET,451,175
14,SET,453,186
14,SET,455,180
14,SET,457,154
14,SET,459,188
14,SET,461,156
14,SET,463,151
14,SET,465,132
14,SET,467,179
14,SET,469,136
14,SET,471,146
14,SET,473,172
14,SET,475,134
14,SET,477,144
14,SET,479,153
14,SET,481,136
14,SET,483,118
14,SET,485,137
14,SET,487,143
14,SET,489,137
14,SET,491,112
14,SET,493,128
14,SET,495,106
14,SET,497,114
14,SET,499,86
14,SET,501,107
14,SET,503,111
14,SET,505,113
14,SET,507,91
14,SET,509,108
14,SET,511,89
14,SET,515,174
14,SET,519,149
14,SET,523,185
14,SET,527,176
14,SET,531,156
14,SET,535,142
14,SET,539,117
14,SET,543,134
14,SET,547,134
14,SET,551,131
14,SET,555,127
14,SET,559,121
14,SET,563,103
14,SET,567,120
14,SET,571,79
14,SET,575,91
14,SET,579,88
14,SET,583,77
14,SET,587,81
14,SET,591,65
14,SET,595,68
14,SET,599,60
14,SET,603,49
14,SET,607,49
14,SET,611,62
14,SET,615,52
14,SET,619,51
14,SET,623,43
14,SET,627,43
14,SET,631,38
14,SET,635,29
14,SET,639,21
14,SET,643,29
14,SET,647,25
14,SET,651,21
14,SET,655,21
14,SET,659,23
14,SET,663,24
14,SET,667,21
14,SET,671,21
14,SET,675,14
14,SET,679,20
14,SET,683,8
14,SET,687,8
14,SET,691,5
14,SET,695,6
14,SET,699,2
14,SET,703,9
14,SET,707,10
14,SET,711,5
14,SET,715,5
14,SET,719,7
14,SET,723,4
14,SET,727,4
14,SET,731,3
14,SET,735,1
14,SET,739,2
14,SET,743,2
14,SET,747,1
14,SET,751,3
14,SET,755,2
14,SET,759,1
14,SET,767,1
14,SET,771,1
14,SET,775,1
14,SET,779,1
14,SET,783,1
14,SET,787,2
14,SET,799,1
14,SET,807,1
14,SET,811,1
14,SET,819,1
14,SET,827,1
14,SET,847,1
14,SET,855,1
14,SET,859,1
14,SET,1511,1
14,SET,1607,1
14,SET,1623,1
14,SET,2031,1
14,DEL,94,1
14,DEL,95,2
14,DEL,96,1
14,DEL,97,1
14,DEL,100,2
14,DEL,101,1
14,DEL,102,4
14,DEL,103,4
14,DEL,104,2
14,DEL,105,6
14,DEL,106,4
14,DEL,107,5
14,DEL,108,1
14,DEL,109,4
14,DEL,110,3
14,DEL,111,2
14,DEL,112,5
14,DEL,113,6
14,DEL,114,11
14,DEL,115,6
14,DEL,116,5
14,DEL,117,7
14,DEL,118,6
14,DEL,119,11
14,DEL,120,9
14,DEL,121,8
14,DEL,122,7
14,DEL,123,17
14,DEL,124,11
14,DEL,125,10
14,DEL,126,16
14,DEL,127,10
14,DEL,128,10
14,DEL,129,18
14,DEL,130,19
14,DEL,131,14
14,DEL,132,19
14,DEL,133,19
14,DEL,134,20
14,DEL,135,21
14,DEL,136,28
14,DEL,137,19
14,DEL,138,20
14,DEL,139,27
14,DEL,140,23
14,DEL,141,22
14,DEL,142,35
14,DEL,143,38
14,DEL,144,32
14,DEL,145,31
14,DEL,146,31
14,DEL,147,29
14,DEL,148,29
14,DEL,149,35
14,DEL,150,28
14,DEL,151,36
14,DEL,152,36
14,DEL,153,24
14,DEL,154,50
14,DEL,155,31
14,DEL,156,40
14,DEL,157,26
14,DEL,158,26
14,DEL,159,25
14,DEL,160,35
14,DEL,161,35
14,DEL,162,37
14,DEL,163,44
14,DEL,164,45
14,DEL,165,44
14,DEL,166,41
14,DEL,167,54
14,DEL,168,47
14,DEL,169,58
14,DEL,170,51
14,DEL,171,51
14,DEL,172,52
14,DEL,173,55
14,DEL,174,58
14,DEL,175,59
14,DEL,176,53
14,DEL,177,65
14,DEL,178,60
14,DEL,179,61
14,DEL,180,55
14,DEL,181,64
14,DEL,182,71
14,DEL,183,68
14,DEL,184,72
14,DEL,185,57
14,DEL,186,75
14,DEL,187,69
14,DEL,188,95
14,DEL,189,78
14,DEL,190,76
14,DEL,191,93
14,DEL,192,94
14,DEL,193,93
14,DEL,194,79
14,DEL,195,96
14,DEL,196,110
14,DEL,197,108
14,DEL,198,107
14,DEL,199,120
14,DEL,200,115
14,DEL,201,126
14,DEL,202,103
14,DEL,203,112
14,DEL,204,154
14,DEL,205,126
14,DEL,206,147
14,DEL,207,137
14,DEL,208,125
14,DEL,209,134
14,DEL,210,129
14,DEL,211,132
14,DEL,212,148
14,DEL,213,183
14,DEL,214,156
14,DEL,215,141
14,DEL,216,181
14,DEL,217,185
14,DEL,218,170
14,DEL,219,162
14,DEL,220,172
14,DEL,221,192
14,DEL,222,175
14,DEL,223,200
14,DEL,224,207
14,DEL,225,190
14,DEL,226,217
14,DEL,227,181
14,DEL,228,219
14,DEL,229,223
14,DEL,230,189
14,DEL,231,196
14,DEL,232,219
14,DEL,233,217
14,DEL,234,239
14,DEL,235,237
14,DEL,236,215
14,DEL,237,251
14,DEL,238,263
14,DEL,239,232
14,DEL,240,232
14,DEL,241,292
14,DEL,242,281
14,DEL,243,261
14,DEL,244,278
14,DEL,245,285
14,DEL,246,287
14,DEL,247,291
14,DEL,248,301
14,DEL,249,290
14,DEL,250,289
14,DEL,251,287
14,DEL,252,300
14,DEL,253,301
14,DEL,254,302
14,DEL,255,329
14,DEL,257,635
14,DEL,259,633
14,DEL,261,671
14,DEL,263,710
14,DEL,265,726
14,DEL,267,777
14,DEL,269,755
14,DEL,271,775
14,DEL,273,805
14,DEL,275,797
14,DEL,277,831
14,DEL,279,855
14,DEL,281,920
14,DEL,283,914
14,DEL,285,887
14,DEL,287,907
14,DEL,289,935
14,DEL,291,932
14,DEL,293,1006
14,DEL,295,961
14,DEL,297,987
14,DEL,299,1032
14,DEL,301,1041
14,DEL,303,1039
14,DEL,305,1100
14,DEL,307,1030
14,DEL,309,1033
14,DEL,311,1020
14,DEL,313,1063
14,DEL,315,1169
14,DEL,317,1105
14,DEL,319,1167
14,DEL,321,1137
14,DEL,323,1118
14,DEL,325,1143
14,DEL,327,1118
14,DEL,329,1159
14,DEL,331,1188
14,DEL,333,1224
14,DEL,335,1094
14,DEL,337,1159
14,DEL,339,1149
14,DEL,341,1149
14,DEL,343,1202
14,DEL,345,1245
14,DEL,347,1150
14,DEL,349,1196
14,DEL,351,1210
14,DEL,353,1188
14,DEL,355,1124
14,DEL,357,1245
14,DEL,359,1272
14,DEL,361,1220
14,DEL,363,1186
14,DEL,365,1190
14,DEL,367,1207
14,DEL,369,1229
14,DEL,371,1210
14,DEL,373,1252
14,DEL,375,1235
14,DEL,377,1223
14,DEL,379,1277
14,DEL,381,1247
14,DEL,383,1199
14,DEL,385,1236
14,DEL,387,1215
14,DEL,389,1259
14,DEL,391,1278
14,DEL,393,1167
14,DEL,395,1131
14,DEL,397,1169
14,DEL,399,1242
14,DEL,401,1168
14,DEL,403,1221
14,DEL,405,1210
14,DEL,407,1169
14,DEL,409,1168
14,DEL,411,1163
14,DEL,413,1150
14,DEL,415,1136
14,DEL,417,1096
14,DEL,419,1101
14,DEL,421,1083
14,DEL,423,1104
14,DEL,425,1049
14,DEL,427,1063
14,DEL,429,1073
14,DEL,431,1052
14,DEL,433,1032
14,DEL,435,1021
14,DEL,437,1006
14,DEL,439,960
14,DEL,441,993
14,DEL,443,977
14,DEL,445,911
14,DEL,447,934
14,DEL,449,968
14,DEL,451,885
14,DEL,453,896
14,DEL,455,892
14,DEL,457,830
14,DEL,459,801
14,DEL,461,860
14,DEL,463,812
14,DEL,465,792
14,DEL,467,767
14,DEL,469,750
14,DEL,471,781
14,DEL,473,756
14,DEL,475,733
14,DEL,477,655
14,DEL,479,688
14,DEL,481,616
14,DEL,483,664
14,DEL,485,676
14,DEL,487,578
14,DEL,489,653
14,DEL,491,631
14,DEL,493,605
14,DEL,495,580
14,DEL,497,536
14,DEL,499,575
14,DEL,501,550
14,DEL,503,540
14,DEL,505,511
14,DEL,507,566
14,DEL,509,518
14,DEL,511,502
14,DEL,515,913
14,DEL,519,871
14,DEL,523,799
14,DEL,527,776
14,DEL,531,726
14,DEL,535,732
14,DEL,539,667
14,DEL,543,625
14,DEL,547,677
14,DEL,551,611
14,DEL,555,550
14,DEL,559,554
14,DEL,563,475
14,DEL,567,492
14,DEL,571,454
14,DEL,575,391
14,DEL,579,399
14,DEL,583,405
14,DEL,587,388
14,DEL,591,331
14,DEL,595,294
14,DEL,599,282
14,DEL,603,282
14,DEL,607,263
14,DEL,611,250
14,DEL,615,246
14,DEL,619,234
14,DEL,623,188
14,DEL,627,177
14,DEL,631,179
14,DEL,635,134
14,DEL,639,133
14,DEL,643,124
14,DEL,647,120
14,DEL,651,127
14,DEL,655,108
14,DEL,659,92
14,DEL,663,80
14,DEL,667,92
14,DEL,671,76
14,DEL,675,61
14,DEL,679,48
14,DEL,683,51
14,DEL,687,60
14,DEL,691,49
14,DEL,695,45
14,DEL,699,35
14,DEL,703,43
14,DEL,707,30
14,DEL,711,42
14,DEL,715,34
14,DEL,719,22
14,DEL,723,20
14,DEL,727,25
14,DEL,731,8
14,DEL,735,11
14,DEL,739,11
14,DEL,743,8
14,DEL,747,11
14,DEL,751,6
14,DEL,755,8
14,DEL,759,8
14,DEL,763,8
14,DEL,767,2
14,DEL,771,5
14,DEL,775,4
14,DEL,779,9
14,DEL,783,3
14,DEL,787,6
14,DEL,791,2
14,DEL,795,3
14,DEL,799,5
14,DEL,803,2
14,DEL,807,2
14,DEL,811,4
14,DEL,815,3
14,DEL,819,1
14,DEL,823,1
14,DEL,831,1
14,DEL,835,4
14,DEL,839,1
14,DEL,843,1
14,DEL,847,1
14,DEL,855,1
14,DEL,859,1
14,DEL,863,1
14,DEL,871,1
14,DEL,879,1
14,DEL,883,1
14,DEL,887,2
14,DEL,891,1
14,DEL,903,3
14,DEL,927,2
14,DEL,931,1
14,DEL,959,1
14,DEL,991,1
14,DEL,1011,1
14,DEL,1023,1
14,DEL,1047,2
14,DEL,1079,1
14,DEL,1103,1
14,DEL,1295,2
14,DEL,1311,1
14,DEL,1327,1
14,DEL,1335,1
14,DEL,1359,1
14,DEL,1423,1
14,DEL,1479,1
14,DEL,1519,1
14,DEL,1543,1
14,DEL,1615,1
14,DEL,1623,2
14,DEL,1647,1
14,DEL,1687,1
14,DEL,1735,1
14,DEL,1751,2
14,DEL,1815,1
14,DEL,1855,1
14,DEL,1871,2
14,DEL,1887,1
14,DEL,2031,1
14,DEL,2063,1
14,DEL,2079,1
14,DEL,2127,1
14,DEL,2143,1
14,DEL,2159,1
14,DEL,2415,1
14,DEL,2543,1
14,DEL,2607,1
14,DEL,3311,1
14,DEL,53247,1
14,DEL,53759,1
14,DEL,57599,1
14,GET,88,1
14,GET,90,1
14,GET,93,2
14,GET,95,2
14,GET,96,2
14,GET,97,1
14,GET,98,5
14,GET,99,4
14,GET,100,5
14,GET,101,8
14,GET,102,2
14,GET,103,4
14,GET,104,7
14,GET,105,7
14,GET,106,11
14,GET,107,14
14,GET,108,12
14,GET,109,12
14,GET,110,15
14,GET,111,17
14,GET,112,20
14,GET,113,17
14,GET,114,24
14,GET,115,21
14,GET,116,26
14,GET,117,37
14,GET,118,19
14,GET,119,25
14,GET,120,26
14,GET,121,35
14,GET,122,39
14,GET,123,25
14,GET,124,40
14,GET,125,42
14,GET,126,41
14,GET,127,43
14,GET,128,47
14,GET,129,46
14,GET,130,58
14,GET,131,54
14,GET,132,47
14,GET,133,46
14,GET,134,42
14,GET,135,66
14,GET,136,58
14,GET,137,44
14,GET,138,52
14,GET,139,60
14,GET,140,59
14,GET,141,51
14,GET,142,70
14,GET,143,71
14,GET,144,71
14,GET,145,70
14,GET,146,71
14,GET,147,82
14,GET,148,88
14,GET,149,78
14,GET,150,90
14,GET,151,82
14,GET,152,74
14,GET,153,96
14,GET,154,95
14,GET,155,84
14,GET,156,94
14,GET,157,103
14,GET,158,88
14,GET,159,108
14,GET,160,97
14,GET,161,104
14,GET,162,107
14,GET,163,113
14,GET,164,123
14,GET,165,115
14,GET,166,116
14,GET,167,139
14,GET,168,137
14,GET,169,148
14,GET,170,147
14,GET,171,150
14,GET,172,151
14,GET,173,161
14,GET,174,163
14,GET,175,169
14,GET,176,154
14,GET,177,175
14,GET,178,171
14,GET,179,181
14,GET,180,186
14,GET,181,210
14,GET,182,201
14,GET,183,201
14,GET,184,216
14,GET,185,213
14,GET,186,235
14,GET,187,225
14,GET,188,267
14,GET,189,239
14,GET,190,244
14,GET,191,264
14,GET,192,262
14,GET,193,269
14,GET,194,303
14,GET,195,287
14,GET,196,317
14,GET,197,275
14,GET,198,322
14,GET,199,339
14,GET,200,303
14,GET,201,306
14,GET,202,346
14,GET,203,383
14,GET,204,360
14,GET,205,385
14,GET,206,371
14,GET,207,391
14,GET,208,422
14,GET,209,398
14,GET,210,370
14,GET,211,371
14,GET,212,445
14,GET,213,475
14,GET,214,458
14,GET,215,448
14,GET,216,476
14,GET,217,488
14,GET,218,480
14,GET,219,476
14,GET,220,474
14,GET,221,575
14,GET,222,524
14,GET,223,515
14,GET,224,535
14,GET,225,609
14,GET,226,536
14,GET,227,586
14,GET,228,616
14,GET,229,601
14,GET,230,627
14,GET,231,638
14,GET,232,641
14,GET,233,633
14,GET,234,676
14,GET,235,695
14,GET,236,682
14,GET,237,661
14,GET,238,669
14,GET,239,705
14,GET,240,740
14,GET,241,765
14,GET,242,753
14,GET,243,738
14,GET,244,778
14,GET,245,760
14,GET,246,839
14,GET,247,792
14,GET,248,847
14,GET,249,820
14,GET,250,858
14,GET,251,870
14,GET,252,837
14,GET,253,881
14,GET,254,884
14,GET,255,888
14,GET,257,1913
14,GET,259,1924
14,GET,261,1887
14,GET,263,2057
14,GET,265,2038
14,GET,267,2125
14,GET,269,2201
14,GET,271,2207
14,GET,273,2317
14,GET,275,2411
14,GET,277,2389
14,GET,279,2411
14,GET,281,2438
14,GET,283,2594
14,GET,285,2590
14,GET,287,2668
14,GET,289,2651
14,GET,291,2669
14,GET,293,2626
14,GET,295,2740
14,GET,297,2703
14,GET,299,2742
14,GET,301,2866
14,GET,303,2829
14,GET,305,2912
14,GET,307,2991
14,GET,309,2985
14,GET,311,2908
14,GET,313,3060
14,GET,315,3104
14,GET,317,3131
14,GET,319,3111
14,GET,321,3149
14,GET,323,3182
14,GET,325,3217
14,GET,327,3173
14,GET,329,3244
14,GET,331,3198
14,GET,333,3165
14,GET,335,3227
14,GET,337,3214
14,GET,339,3220
14,GET,341,3352
14,GET,343,3303
14,GET,345,3388
14,GET,347,3293
14,GET,349,3247
14,GET,351,3298
14,GET,353,3417
14,GET,355,3313
14,GET,357,3379
14,GET,359,3460
14,GET,361,3292
14,GET,363,3398
14,GET,365,3431
14,GET,367,3494
14,GET,369,3456
14,GET,371,3356
14,GET,373,3355
14,GET,375,3447
14,GET,377,3409
14,GET,379,3416
14,GET,381,3374
14,GET,383,3462
14,GET,385,3459
14,GET,387,3443
14,GET,389,3281
14,GET,391,3349
14,GET,393,3390
14,GET,395,3309
14,GET,397,3377
14,GET,399,3378
14,GET,401,3386
14,GET,403,3247
14,GET,405,3262
14,GET,407,3282
14,GET,409,3286
14,GET,411,3299
14,GET,413,3153
14,GET,415,3100
14,GET,417,3228
14,GET,419,3237
14,GET,421,3100
14,GET,423,2927
14,GET,425,3003
14,GET,427,3058
14,GET,429,3045
14,GET,431,3011
14,GET,433,2752
14,GET,435,2906
14,GET,437,2790
14,GET,439,2817
14,GET,441,2651
14,GET,443,2692
14,GET,445,2695
14,GET,447,2556
14,GET,449,2563
14,GET,451,2476
14,GET,453,2509
14,GET,455,2346
14,GET,457,2305
14,GET,459,2366
14,GET,461,2287
14,GET,463,2215
14,GET,465,2181
14,GET,467,2247
14,GET,469,2048
14,GET,471,2064
14,GET,473,2056
14,GET,475,1994
14,GET,477,1956
14,GET,479,1944
14,GET,481,1851
14,GET,483,1775
14,GET,485,1806
14,GET,487,1669
14,GET,489,1693
14,GET,491,1723
14,GET,493,1640
14,GET,495,1487
14,GET,497,1577
14,GET,499,1440
14,GET,501,1506
14,GET,503,1404
14,GET,505,1418
14,GET,507,1365
14,GET,509,1391
14,GET,511,1326
14,GET,515,2526
14,GET,519,2375
14,GET,523,2249
14,GET,527,2217
14,GET,531,2110
14,GET,535,1972
14,GET,539,1859
14,GET,543,1785
14,GET,547,1636
14,GET,551,1624
14,GET,555,1574
14,GET,559,1463
14,GET,563,1375
14,GET,567,1273
14,GET,571,1250
14,GET,575,1199
14,GET,579,1090
14,GET,583,1047
14,GET,587,987
14,GET,591,935
14,GET,595,888
14,GET,599,837
14,GET,603,778
14,GET,607,705
14,GET,611,651
14,GET,615,599
14,GET,619,552
14,GET,623,515
14,GET,627,525
14,GET,631,471
14,GET,635,452
14,GET,639,409
14,GET,643,367
14,GET,647,344
14,GET,651,299
14,GET,655,311
14,GET,659,239
14,GET,663,256
14,GET,667,213
14,GET,671,193
14,GET,675,174
14,GET,679,174
14,GET,683,133
14,GET,687,137
14,GET,691,123
14,GET,695,102
14,GET,699,106
14,GET,703,90
14,GET,707,91
14,GET,711,83
14,GET,715,61
14,GET,719,64
14,GET,723,56
14,GET,727,51
14,GET,731,32
14,GET,735,34
14,GET,739,34
14,GET,743,28
14,GET,747,23
14,GET,751,24
14,GET,755,12
14,GET,759,16
14,GET,763,13
14,GET,767,15
14,GET,771,9
14,GET,775,12
14,GET,779,7
14,GET,783,13
14,GET,787,12
14,GET,791,8
14,GET,795,7
14,GET,799,6
14,GET,803,11
14,GET,807,3
14,GET,811,3
14,GET,815,8
14,GET,819,6
14,GET,823,5
14,GET,831,5
14,GET,835,5
14,GET,839,5
14,GET,843,5
14,GET,847,4
14,GET,851,1
14,GET,855,5
14,GET,859,3
14,GET,863,2
14,GET,867,1
14,GET,871,2
14,GET,875,2
14,GET,879,5
14,GET,883,2
14,GET,887,1
14,GET,891,1
14,GET,895,2
14,GET,903,2
14,GET,907,2
14,GET,915,2
14,GET,935,2
14,GET,939,1
14,GET,943,1
14,GET,955,2
14,GET,963,2
14,GET,979,1
14,GET,987,1
14,GET,1003,2
14,GET,1011,1
14,GET,1023,1
14,GET,1039,2
14,GET,1047,1
14,GET,1143,1
14,GET,1199,1
14,GET,1215,1
14,GET,1239,2
14,GET,1263,1
14,GET,1383,2
14,GET,1391,1
14,GET,1399,4
14,GET,1407,1
14,GET,1455,1
14,GET,1463,1
14,GET,1471,1
14,GET,1487,1
14,GET,1519,1
14,GET,1527,1
14,GET,1535,2
14,GET,1559,1
14,GET,1567,1
14,GET,1575,1
14,GET,1591,1
14,GET,1599,2
14,GET,1607,1
14,GET,1615,2
14,GET,1631,1
14,GET,1647,2
14,GET,1655,4
14,GET,1663,1
14,GET,1671,3
14,GET,1679,3
14,GET,1687,2
14,GET,1695,3
14,GET,1711,1
14,GET,1719,1
14,GET,1727,3
14,GET,1735,1
14,GET,1743,2
14,GET,1751,1
14,GET,1759,1
14,GET,1767,1
14,GET,1783,1
14,GET,1791,2
14,GET,1799,1
14,GET,1807,1
14,GET,1815,1
14,GET,1823,1
14,GET,1831,1
14,GET,1839,1
14,GET,1871,1
14,GET,1879,1
14,GET,1887,2
14,GET,1903,2
14,GET,1911,1
14,GET,1967,1
14,GET,2015,1
14,GET,2023,1
14,GET,2031,1
14,GET,2063,1
14,GET,2095,2
14,GET,2111,2
14,GET,2143,2
14,GET,2175,2
14,GET,2207,1
14,GET,2287,1
14,GET,2495,1
14,GET,2511,1
14,GET,2527,1
14,GET,2639,1
14,GET,2655,1
14,GET,3887,1
14,GET,49663,1
14,GET,52991,1
14,GET,53759,1
14,GET,55807,1
14,GET,56575,1
14,GET,57087,1
14,GET,57855,1
14,GET,59391,1
14,GET,59903,1
14,GET,60415,1
14,GET,60927,1
14,GET,62463,1
14,GET,62975,1
15,GET,93,1
15,GET,94,3
15,GET,95,1
15,GET,96,2
15,GET,97,1
15,GET,98,6
15,GET,99,6
15,GET,100,6
15,GET,101,8
15,GET,102,9
15,GET,103,5
15,GET,104,9
15,GET,105,11
15,GET,106,16
15,GET,107,9
15,GET,108,9
15,GET,109,17
15,GET,110,14
15,GET,111,22
15,GET,112,13
15,GET,113,14
15,GET,114,21
15,GET,115,28
15,GET,116,33
15,GET,117,30
15,GET,118,36
15,GET,119,38
15,GET,120,27
15,GET,121,36
15,GET,122,36
15,GET,123,49
15,GET,124,41
15,GET,125,47
15,GET,126,49
15,GET,127,58
15,GET,128,43
15,GET,129,40
15,GET,130,52
15,GET,131,60
15,GET,132,43
15,GET,133,58
15,GET,134,53
15,GET,135,57
15,GET,136,59
15,GET,137,57
15,GET,138,62
15,GET,139,68
15,GET,140,68
15,GET,141,65
15,GET,142,66
15,GET,143,73
15,GET,144,68
15,GET,145,70
15,GET,146,66
15,GET,147,77
15,GET,148,73
15,GET,149,88
15,GET,150,80
15,GET,151,74
15,GET,152,68
15,GET,153,71
15,GET,154,86
15,GET,155,99
15,GET,156,107
15,GET,157,104
15,GET,158,107
15,GET,159,112
15,GET,160,105
15,GET,161,97
15,GET,162,105
15,GET,163,120
15,GET,164,117
15,GET,165,124
15,GET,166,142
15,GET,167,127
15,GET,168,141
15,GET,169,145
15,GET,170,157
15,GET,171,138
15,GET,172,190
15,GET,173,145
15,GET,174,140
15,GET,175,170
15,GET,176,161
15,GET,177,178
15,GET,178,162
15,GET,179,179
15,GET,180,200
15,GET,181,195
15,GET,182,219
15,GET,183,219
15,GET,184,184
15,GET,185,252
15,GET,186,213
15,GET,187,222
15,GET,188,235
15,GET,189,225
15,GET,190,232
15,GET,191,291
15,GET,192,281
15,GET,193,277
15,GET,194,283
15,GET,195,264
15,GET,196,302
15,GET,197,267
15,GET,198,335
15,GET,199,327
15,GET,200,308
15,GET,201,340
15,GET,202,339
15,GET,203,349
15,GET,204,367
15,GET,205,341
15,GET,206,373
15,GET,207,404
15,GET,208,398
15,GET,209,382
15,GET,210,405
15,GET,211,405
15,GET,212,444
15,GET,213,422
15,GET,214,431
15,GET,215,455
15,GET,216,432
15,GET,217,462
15,GET,218,485
15,GET,219,516
15,GET,220,566
15,GET,221,464
15,GET,222,518
15,GET,223,514
15,GET,224,525
15,GET,225,540
15,GET,226,575
15,GET,227,652
15,GET,228,629
15,GET,229,621
15,GET,230,609
15,GET,231,633
15,GET,232,583
15,GET,233,618
15,GET,234,681
15,GET,235,668
15,GET,236,690
15,GET,237,697
15,GET,238,711
15,GET,239,747
15,GET,240,742
15,GET,241,741
15,GET,242,805
15,GET,243,717
15,GET,244,821
15,GET,245,734
15,GET,246,840
15,GET,247,793
15,GET,248,809
15,GET,249,879
15,GET,250,878
15,GET,251,923
15,GET,252,861
15,GET,253,910
15,GET,254,945
15,GET,255,876
15,GET,257,1969
15,GET,259,1872
15,GET,261,1998
15,GET,263,1997
15,GET,265,2146
15,GET,267,2154
15,GET,269,2285
15,GET,271,2205
15,GET,273,2335
15,GET,275,2339
15,GET,277,2361
15,GET,279,2600
15,GET,281,2610
15,GET,283,2587
15,GET,285,2559
15,GET,287,2646
15,GET,289,2605
15,GET,291,2692
15,GET,293,2778
15,GET,295,2785
15,GET,297,2842
15,GET,299,2864
15,GET,301,2802
15,GET,303,2907
15,GET,305,3022
15,GET,307,3041
15,GET,309,2964
15,GET,311,2981
15,GET,313,3081
15,GET,315,3027
15,GET,317,3106
15,GET,319,3189
15,GET,321,3151
15,GET,323,3157
15,GET,325,3241
15,GET,327,3190
15,GET,329,3219
15,GET,331,3299
15,GET,333,3395
15,GET,335,3315
15,GET,337,3304
15,GET,339,3370
15,GET,341,3242
15,GET,343,3320
15,GET,345,3456
15,GET,347,3265
15,GET,349,3375
15,GET,351,3321
15,GET,353,3311
15,GET,355,3297
15,GET,357,3353
15,GET,359,3375
15,GET,361,3433
15,GET,363,3448
15,GET,365,3446
15,GET,367,3386
15,GET,369,3456
15,GET,371,3373
15,GET,373,3474
15,GET,375,3462
15,GET,377,3417
15,GET,379,3451
15,GET,381,3401
15,GET,383,3422
15,GET,385,3432
15,GET,387,3388
15,GET,389,3433
15,GET,391,3339
15,GET,393,3388
15,GET,395,3335
15,GET,397,3392
15,GET,399,3335
15,GET,401,3403
15,GET,403,3337
15,GET,405,3231
15,GET,407,3242
15,GET,409,3200
15,GET,411,3206
15,GET,413,3144
15,GET,415,3190
15,GET,417,3075
15,GET,419,3184
15,GET,421,3022
15,GET,423,3036
15,GET,425,3056
15,GET,427,3016
15,GET,429,2829
15,GET,431,2965
15,GET,433,2747
15,GET,435,2801
15,GET,437,2747
15,GET,439,2822
15,GET,441,2723
15,GET,443,2670
15,GET,445,2636
15,GET,447,2622
15,GET,449,2566
15,GET,451,2494
15,GET,453,2440
15,GET,455,2372
15,GET,457,2261
15,GET,459,2304
15,GET,461,2299
15,GET,463,2170
15,GET,465,2114
15,GET,467,2104
15,GET,469,2058
15,GET,471,2086
15,GET,473,2044
15,GET,475,1934
15,GET,477,1935
15,GET,479,1812
15,GET,481,1826
15,GET,483,1779
15,GET,485,1749
15,GET,487,1665
15,GET,489,1680
15,GET,491,1572
15,GET,493,1615
15,GET,495,1582
15,GET,497,1546
15,GET,499,1497
15,GET,501,1466
15,GET,503,1428
15,GET,505,1345
15,GET,507,1316
15,GET,509,1286
15,GET,511,1318
15,GET,515,2468
15,GET,519,2300
15,GET,523,2299
15,GET,527,2221
15,GET,531,2123
15,GET,535,1945
15,GET,539,1860
15,GET,543,1844
15,GET,547,1722
15,GET,551,1630
15,GET,555,1506
15,GET,559,1438
15,GET,563,1436
15,GET,567,1277
15,GET,571,1222
15,GET,575,1126
15,GET,579,1071
15,GET,583,1069
15,GET,587,975
15,GET,591,931
15,GET,595,845
15,GET,599,780
15,GET,603,700
15,GET,607,718
15,GET,611,659
15,GET,615,639
15,GET,619,550
15,GET,623,539
15,GET,627,505
15,GET,631,487
15,GET,635,403
15,GET,639,371
15,GET,643,370
15,GET,647,341
15,GET,651,297
15,GET,655,282
15,GET,659,291
15,GET,663,228
15,GET,667,211
15,GET,671,200
15,GET,675,190
15,GET,679,146
15,GET,683,148
15,GET,687,133
15,GET,691,136
15,GET,695,114
15,GET,699,97
15,GET,703,75
15,GET,707,61
15,GET,711,63
15,GET,715,69
15,GET,719,47
15,GET,723,51
15,GET,727,54
15,GET,731,42
15,GET,735,51
15,GET,739,33
15,GET,743,29
15,GET,747,25
15,GET,751,24
15,GET,755,17
15,GET,759,20
15,GET,763,18
15,GET,767,9
15,GET,771,12
15,GET,775,14
15,GET,779,11
15,GET,783,9
15,GET,787,4
15,GET,791,14
15,GET,795,5
15,GET,799,6
15,GET,803,7
15,GET,807,3
15,GET,811,4
15,GET,815,4
15,GET,819,8
15,GET,823,2
15,GET,827,2
15,GET,835,2
15,GET,839,2
15,GET,843,2
15,GET,847,5
15,GET,859,2
15,GET,863,3
15,GET,867,4
15,GET,871,1
15,GET,879,4
15,GET,883,3
15,GET,887,3
15,GET,891,2
15,GET,895,1
15,GET,899,2
15,GET,907,1
15,GET,935,1
15,GET,939,1
15,GET,943,2
15,GET,947,1
15,GET,951,1
15,GET,955,1
15,GET,959,1
15,GET,967,1
15,GET,983,1
15,GET,987,1
15,GET,999,1
15,GET,1003,2
15,GET,1007,2
15,GET,1023,1
15,GET,1047,1
15,GET,1079,1
15,GET,1095,2
15,GET,1103,1
15,GET,1119,3
15,GET,1167,1
15,GET,1199,1
15,GET,1207,1
15,GET,1319,1
15,GET,1327,1
15,GET,1351,2
15,GET,1367,1
15,GET,1375,2
15,GET,1383,1
15,GET,1415,1
15,GET,1439,2
15,GET,1447,1
15,GET,1463,1
15,GET,1479,3
15,GET,1487,2
15,GET,1495,3
15,GET,1511,2
15,GET,1535,3
15,GET,1543,2
15,GET,1559,1
15,GET,1567,1
15,GET,1599,1
15,GET,1607,1
15,GET,1631,1
15,GET,1655,2
15,GET,1663,2
15,GET,1679,1
15,GET,1703,1
15,GET,1719,1
15,GET,1735,1
15,GET,1743,1
15,GET,1759,1
15,GET,1767,1
15,GET,1775,2
15,GET,1783,1
15,GET,1791,2
15,GET,1799,1
15,GET,1831,1
15,GET,1911,2
15,GET,1927,1
15,GET,1935,1
15,GET,1951,1
15,GET,1959,1
15,GET,1991,1
15,GET,2023,1
15,GET,2039,1
15,GET,2079,1
15,GET,2127,2
15,GET,2159,1
15,GET,2223,1
15,GET,2351,1
15,GET,2383,2
15,GET,2463,1
15,GET,2639,1
15,GET,3279,1
15,GET,3535,1
15,GET,4031,1
15,GET,4351,1
15,GET,4927,1
15,GET,49407,1
15,GET,51199,1
15,GET,56063,1
15,GET,56831,1
15,GET,57343,1
15,GET,57855,1
15,GET,60159,1
15,GET,60927,1
15,GET,61183,2
15,GET,63999,1
15,DEL,95,1
15,DEL,98,1
15,DEL,99,1
15,DEL,100,1
15,DEL,101,1
15,DEL,102,1
15,DEL,103,2
15,DEL,104,2
15,DEL,105,3
15,DEL,106,8
15,DEL,107,1
15,DEL,108,7
15,DEL,109,4
15,DEL,110,4
15,DEL,111,6
15,DEL,112,9
15,DEL,113,10
15,DEL,114,5
15,DEL,115,11
15,DEL,116,7
15,DEL,117,7
15,DEL,118,5
15,DEL,119,12
15,DEL,120,7
15,DEL,121,12
15,DEL,122,7
15,DEL,123,11
15,DEL,124,15
15,DEL,125,19
15,DEL,126,17
15,DEL,127,15
15,DEL,128,10
15,DEL,129,16
15,DEL,130,15
15,DEL,131,16
15,DEL,132,14
15,DEL,133,14
15,DEL,134,8
15,DEL,135,14
15,DEL,136,22
15,DEL,137,21
15,DEL,138,17
15,DEL,139,20
15,DEL,140,19
15,DEL,141,25
15,DEL,142,23
15,DEL,143,27
15,DEL,144,20
15,DEL,145,23
15,DEL,146,24
15,DEL,147,29
15,DEL,148,31
15,DEL,149,35
15,DEL,150,32
15,DEL,151,31
15,DEL,152,30
15,DEL,153,35
15,DEL,154,25
15,DEL,155,45
15,DEL,156,36
15,DEL,157,34
15,DEL,158,32
15,DEL,159,40
15,DEL,160,20
15,DEL,161,42
15,DEL,162,37
15,DEL,163,45
15,DEL,164,44
15,DEL,165,36
15,DEL,166,46
15,DEL,167,46
15,DEL,168,54
15,DEL,169,42
15,DEL,170,56
15,DEL,171,72
15,DEL,172,54
15,DEL,173,55
15,DEL,174,46
15,DEL,175,51
15,DEL,176,54
15,DEL,177,60
15,DEL,178,51
15,DEL,179,70
15,DEL,180,76
15,DEL,181,65
15,DEL,182,91
15,DEL,183,82
15,DEL,184,70
15,DEL,185,72
15,DEL,186,69
15,DEL,187,73
15,DEL,188,78
15,DEL,189,84
15,DEL,190,82
15,DEL,191,100
15,DEL,192,95
15,DEL,193,101
15,DEL,194,116
15,DEL,195,107
15,DEL,196,102
15,DEL,197,98
15,DEL,198,110
15,DEL,199,102
15,DEL,200,123
15,DEL,201,127
15,DEL,202,122
15,DEL,203,99
15,DEL,204,120
15,DEL,205,130
15,DEL,206,128
15,DEL,207,121
15,DEL,208,124
15,DEL,209,142
15,DEL,210,139
15,DEL,211,134
15,DEL,212,157
15,DEL,213,151
15,DEL,214,160
15,DEL,215,169
15,DEL,216,167
15,DEL,217,160
15,DEL,218,177
15,DEL,219,162
15,DEL,220,194
15,DEL,221,172
15,DEL,222,191
15,DEL,223,190
15,DEL,224,190
15,DEL,225,205
15,DEL,226,202
15,DEL,227,206
15,DEL,228,221
15,DEL,229,207
15,DEL,230,213
15,DEL,231,211
15,DEL,232,237
15,DEL,233,232
15,DEL,234,219
15,DEL,235,236
15,DEL,236,239
15,DEL,237,239
15,DEL,238,217
15,DEL,239,240
15,DEL,240,248
15,DEL,241,252
15,DEL,242,286
15,DEL,243,263
15,DEL,244,277
15,DEL,245,293
15,DEL,246,297
15,DEL,247,295
15,DEL,248,300
15,DEL,249,301
15,DEL,250,287
15,DEL,251,357
15,DEL,252,361
15,DEL,253,309
15,DEL,254,363
15,DEL,255,300
15,DEL,257,667
15,DEL,259,675
15,DEL,261,658
15,DEL,263,734
15,DEL,265,761
15,DEL,267,716
15,DEL,269,819
15,DEL,271,766
15,DEL,273,813
15,DEL,275,827
15,DEL,277,838
15,DEL,279,827
15,DEL,281,915
15,DEL,283,862
15,DEL,285,926
15,DEL,287,909
15,DEL,289,925
15,DEL,291,944
15,DEL,293,999
15,DEL,295,975
15,DEL,297,1044
15,DEL,299,1031
15,DEL,301,997
15,DEL,303,1078
15,DEL,305,1064
15,DEL,307,1039
15,DEL,309,1088
15,DEL,311,1069
15,DEL,313,1084
15,DEL,315,1106
15,DEL,317,1114
15,DEL,319,1100
15,DEL,321,1175
15,DEL,323,1124
15,DEL,325,1138
15,DEL,327,1171
15,DEL,329,1148
15,DEL,331,1070
15,DEL,333,1113
15,DEL,335,1149
15,DEL,337,1173
15,DEL,339,1189
15,DEL,341,1140
15,DEL,343,1165
15,DEL,345,1219
15,DEL,347,1198
15,DEL,349,1238
15,DEL,351,1162
15,DEL,353,1143
15,DEL,355,1164
15,DEL,357,1209
15,DEL,359,1183
15,DEL,361,1228
15,DEL,363,1182
15,DEL,365,1282
15,DEL,367,1178
15,DEL,369,1202
15,DEL,371,1252
15,DEL,373,1231
15,DEL,375,1232
15,DEL,377,1175
15,DEL,379,1227
15,DEL,381,1222
15,DEL,383,1259
15,DEL,385,1192
15,DEL,387,1267
15,DEL,389,1153
15,DEL,391,1271
15,DEL,393,1240
15,DEL,395,1190
15,DEL,397,1177
15,DEL,399,1224
15,DEL,401,1174
15,DEL,403,1173
15,DEL,405,1166
15,DEL,407,1151
15,DEL,409,1195
15,DEL,411,1148
15,DEL,413,1124
15,DEL,415,1115
15,DEL,417,1074
15,DEL,419,1113
15,DEL,421,1055
15,DEL,423,1096
15,DEL,425,1089
15,DEL,427,1073
15,DEL,429,1042
15,DEL,431,1059
15,DEL,433,1038
15,DEL,435,1018
15,DEL,437,1003
15,DEL,439,1000
15,DEL,441,974
15,DEL,443,917
15,DEL,445,908
15,DEL,447,905
15,DEL,449,956
15,DEL,451,908
15,DEL,453,919
15,DEL,455,860
15,DEL,457,869
15,DEL,459,823
15,DEL,461,753
15,DEL,463,824
15,DEL,465,778
15,DEL,467,730
15,DEL,469,770
15,DEL,471,741
15,DEL,473,735
15,DEL,475,671
15,DEL,477,682
15,DEL,479,708
15,DEL,481,736
15,DEL,483,628
15,DEL,485,612
15,DEL,487,634
15,DEL,489,625
15,DEL,491,573
15,DEL,493,604
15,DEL,495,585
15,DEL,497,565
15,DEL,499,531
15,DEL,501,546
15,DEL,503,526
15,DEL,505,535
15,DEL,507,495
15,DEL,509,503
15,DEL,511,455
15,DEL,515,959
15,DEL,519,875
15,DEL,523,824
15,DEL,527,762
15,DEL,531,774
15,DEL,535,735
15,DEL,539,682
15,DEL,543,630
15,DEL,547,578
15,DEL,551,596
15,DEL,555,562
15,DEL,559,531
15,DEL,563,522
15,DEL,567,470
15,DEL,571,439
15,DEL,575,418
15,DEL,579,396
15,DEL,583,410
15,DEL,587,376
15,DEL,591,346
15,DEL,595,333
15,DEL,599,304
15,DEL,603,269
15,DEL,607,261
15,DEL,611,251
15,DEL,615,242
15,DEL,619,211
15,DEL,623,185
15,DEL,627,201
15,DEL,631,146
15,DEL,635,181
15,DEL,639,168
15,DEL,643,166
15,DEL,647,119
15,DEL,651,102
15,DEL,655,88
15,DEL,659,86
15,DEL,663,67
15,DEL,667,89
15,DEL,671,68
15,DEL,675,71
15,DEL,679,54
15,DEL,683,46
15,DEL,687,43
15,DEL,691,42
15,DEL,695,49
15,DEL,699,33
15,DEL,703,42
15,DEL,707,31
15,DEL,711,22
15,DEL,715,27
15,DEL,719,22
15,DEL,723,16
15,DEL,727,14
15,DEL,731,14
15,DEL,735,14
15,DEL,739,18
15,DEL,743,12
15,DEL,747,12
15,DEL,751,9
15,DEL,755,7
15,DEL,759,8
15,DEL,763,8
15,DEL,767,4
15,DEL,771,3
15,DEL,775,5
15,DEL,779,3
15,DEL,783,5
15,DEL,787,2
15,DEL,791,2
15,DEL,795,5
15,DEL,799,3
15,DEL,803,3
15,DEL,807,2
15,DEL,811,3
15,DEL,815,1
15,DEL,819,1
15,DEL,823,1
15,DEL,827,2
15,DEL,831,1
15,DEL,835,2
15,DEL,839,1
15,DEL,843,1
15,DEL,847,2
15,DEL,851,1
15,DEL,855,1
15,DEL,867,1
15,DEL,879,1
15,DEL,883,1
15,DEL,887,1
15,DEL,891,1
15,DEL,907,2
15,DEL,919,1
15,DEL,967,1
15,DEL,1031,1
15,DEL,1039,1
15,DEL,1047,1
15,DEL,1063,1
15,DEL,1095,1
15,DEL,1207,1
15,DEL,1263,1
15,DEL,1303,2
15,DEL,1319,1
15,DEL,1343,1
15,DEL,1431,1
15,DEL,1455,1
15,DEL,1471,1
15,DEL,1567,1
15,DEL,1575,1
15,DEL,1599,1
15,DEL,1615,1
15,DEL,1631,1
15,DEL,1655,2
15,DEL,1703,1
15,DEL,1735,1
15,DEL,1751,2
15,DEL,1759,1
15,DEL,1767,1
15,DEL,1807,1
15,DEL,1839,1
15,DEL,1863,1
15,DEL,1871,1
15,DEL,1903,1
15,DEL,1975,1
15,DEL,2079,1
15,DEL,2127,1
15,DEL,2143,2
15,DEL,2207,1
15,DEL,2287,1
15,DEL,2415,1
15,DEL,2607,1
15,DEL,52735,1
15,DEL,57343,1
15,DEL,63487,1
15,SET,93,1
15,SET,100,1
15,SET,106,1
15,SET,108,2
15,SET,109,1
15,SET,110,1
15,SET,111,2
15,SET,112,2
15,SET,113,2
15,SET,114,2
15,SET,115,2
15,SET,117,2
15,SET,118,2
15,SET,119,1
15,SET,120,1
15,SET,121,3
15,SET,122,1
15,SET,123,3
15,SET,124,1
15,SET,125,7
15,SET,126,2
15,SET,127,2
15,SET,128,3
15,SET,129,3
15,SET,130,3
15,SET,131,6
15,SET,132,5
15,SET,133,4
15,SET,134,3
15,SET,135,3
15,SET,136,3
15,SET,137,5
15,SET,138,3
15,SET,139,5
15,SET,140,3
15,SET,141,4
15,SET,142,2
15,SET,143,9
15,SET,144,3
15,SET,145,2
15,SET,146,7
15,SET,147,3
15,SET,148,4
15,SET,149,9
15,SET,150,2
15,SET,151,6
15,SET,152,10
15,SET,153,9
15,SET,154,6
15,SET,155,9
15,SET,156,4
15,SET,157,9
15,SET,158,8
15,SET,159,6
15,SET,160,11
15,SET,161,8
15,SET,162,11
15,SET,163,14
15,SET,164,8
15,SET,165,7
15,SET,166,10
15,SET,167,10
15,SET,168,14
15,SET,169,11
15,SET,170,10
15,SET,171,17
15,SET,172,9
15,SET,173,8
15,SET,174,11
15,SET,175,6
15,SET,176,11
15,SET,177,10
15,SET,178,18
15,SET,179,10
15,SET,180,17
15,SET,181,16
15,SET,182,15
15,SET,183,20
15,SET,184,15
15,SET,185,17
15,SET,186,17
15,SET,187,15
15,SET,188,17
15,SET,189,25
15,SET,190,19
15,SET,191,17
15,SET,192,24
15,SET,193,23
15,SET,194,15
15,SET,195,29
15,SET,196,23
15,SET,197,23
15,SET,198,18
15,SET,199,18
15,SET,200,22
15,SET,201,19
15,SET,202,18
15,SET,203,21
15,SET,204,22
15,SET,205,23
15,SET,206,27
15,SET,207,34
15,SET,208,22
15,SET,209,32
15,SET,210,22
15,SET,211,28
15,SET,212,28
15,SET,213,34
15,SET,214,42
15,SET,215,31
15,SET,216,24
15,SET,217,37
15,SET,218,29
15,SET,219,45
15,SET,220,22
15,SET,221,30
15,SET,222,45
15,SET,223,38
15,SET,224,32
15,SET,225,41
15,SET,226,38
15,SET,227,34
15,SET,228,43
15,SET,229,53
15,SET,230,30
15,SET,231,43
15,SET,232,56
15,SET,233,37
15,SET,234,37
15,SET,235,37
15,SET,236,46
15,SET,237,43
15,SET,238,53
15,SET,239,55
15,SET,240,43
15,SET,241,64
15,SET,242,59
15,SET,243,65
15,SET,244,47
15,SET,245,54
15,SET,246,37
15,SET,247,54
15,SET,248,64
15,SET,249,61
15,SET,250,58
15,SET,251,69
15,SET,252,67
15,SET,253,66
15,SET,254,56
15,SET,255,81
15,SET,257,124
15,SET,259,159
15,SET,261,146
15,SET,263,154
15,SET,265,161
15,SET,267,157
15,SET,269,148
15,SET,271,173
15,SET,273,147
15,SET,275,151
15,SET,277,183
15,SET,279,156
15,SET,281,180
15,SET,283,178
15,SET,285,188
15,SET,287,204
15,SET,289,211
15,SET,291,212
15,SET,293,180
15,SET,295,204
15,SET,297,222
15,SET,299,198
15,SET,301,177
15,SET,303,214
15,SET,305,235
15,SET,307,202
15,SET,309,226
15,SET,311,198
15,SET,313,200
15,SET,315,217
15,SET,317,216
15,SET,319,210
15,SET,321,238
15,SET,323,221
15,SET,325,235
15,SET,327,236
15,SET,329,222
15,SET,331,275
15,SET,333,241
15,SET,335,195
15,SET,337,221
15,SET,339,190
15,SET,341,234
15,SET,343,260
15,SET,345,235
15,SET,347,232
15,SET,349,236
15,SET,351,255
15,SET,353,228
15,SET,355,240
15,SET,357,218
15,SET,359,246
15,SET,361,222
15,SET,363,251
15,SET,365,259
15,SET,367,252
15,SET,369,261
15,SET,371,258
15,SET,373,255
15,SET,375,248
15,SET,377,224
15,SET,379,239
15,SET,381,269
15,SET,383,221
15,SET,385,259
15,SET,387,257
15,SET,389,226
15,SET,391,251
15,SET,393,245
15,SET,395,243
15,SET,397,256
15,SET,399,255
15,SET,401,238
15,SET,403,226
15,SET,405,216
15,SET,407,242
15,SET,409,234
15,SET,411,239
15,SET,413,227
15,SET,415,235
15,SET,417,244
15,SET,419,239
15,SET,421,211
15,SET,423,203
15,SET,425,216
15,SET,427,210
15,SET,429,194
15,SET,431,236
15,SET,433,208
15,SET,435,207
15,SET,437,188
15,SET,439,202
15,SET,441,216
15,SET,443,193
15,SET,445,172
15,SET,447,190
15,SET,449,203
15,SET,451,190
15,SET,453,171
15,SET,455,177
15,SET,457,162
15,SET,459,169
15,SET,461,152
15,SET,463,171
15,SET,465,164
15,SET,467,153
15,SET,469,156
15,SET,471,157
15,SET,473,136
15,SET,475,142
15,SET,477,154
15,SET,479,133
15,SET,481,143
15,SET,483,135
15,SET,485,118
15,SET,487,118
15,SET,489,113
15,SET,491,124
15,SET,493,131
15,SET,495,109
15,SET,497,110
15,SET,499,92
15,SET,501,98
15,SET,503,94
15,SET,505,96
15,SET,507,94
15,SET,509,97
15,SET,511,98
15,SET,515,171
15,SET,519,188
15,SET,523,153
15,SET,527,160
15,SET,531,170
15,SET,535,133
15,SET,539,125
15,SET,543,131
15,SET,547,125
15,SET,551,115
15,SET,555,112
15,SET,559,128
15,SET,563,104
15,SET,567,112
15,SET,571,105
15,SET,575,81
15,SET,579,72
15,SET,583,81
15,SET,587,78
15,SET,591,65
15,SET,595,75
15,SET,599,66
15,SET,603,50
15,SET,607,56
15,SET,611,47
15,SET,615,34
15,SET,619,42
15,SET,623,37
15,SET,627,42
15,SET,631,33
15,SET,635,30
15,SET,639,25
15,SET,643,22
15,SET,647,21
15,SET,651,23
15,SET,655,21
15,SET,659,15
15,SET,663,16
15,SET,667,19
15,SET,671,10
15,SET,675,13
15,SET,679,9
15,SET,683,10
15,SET,687,12
15,SET,691,7
15,SET,695,5
15,SET,699,6
15,SET,703,7
15,SET,707,8
15,SET,711,7
15,SET,715,5
15,SET,719,3
15,SET,723,2
15,SET,727,2
15,SET,731,2
15,SET,735,4
15,SET,739,2
15,SET,743,2
15,SET,747,4
15,SET,755,1
15,SET,759,3
15,SET,763,1
15,SET,767,5
15,SET,799,1
15,SET,807,1
15,SET,815,1
15,SET,835,1
15,SET,859,1
15,SET,863,1
15,SET,915,1
15,SET,931,1
15,SET,1039,1
15,SET,1439,1
15,SET,1559,1
15,SET,1591,1
15,SET,1599,1
15,SET,1711,1
15,SET,1927,1
15,SET,2095,2
15,SET,2415,1
15,SET,56575,1
15,SET,58367,1
16,SET,92,1
16,SET,97,1
16,SET,102,1
16,SET,103,2
16,SET,106,1
16,SET,108,2
16,SET,109,1
16,SET,111,1
16,SET,112,2
16,SET,113,4
16,SET,114,4
16,SET,115,1
16,SET,116,3
16,SET,117,2
16,SET,118,1
16,SET,119,2
16,SET,120,3
16,SET,122,2
16,SET,123,7
16,SET,124,4
16,SET,125,3
16,SET,126,5
16,SET,127,3
16,SET,128,5
16,SET,129,3
16,SET,130,5
16,SET,131,5
16,SET,132,4
16,SET,133,9
16,SET,134,5
16,SET,135,3
16,SET,136,7
16,SET,137,6
16,SET,138,9
16,SET,139,11
16,SET,140,7
16,SET,141,9
16,SET,142,8
16,SET,143,11
16,SET,144,7
16,SET,145,9
16,SET,146,8
16,SET,147,7
16,SET,148,9
16,SET,149,5
16,SET,150,14
16,SET,151,8
16,SET,152,7
16,SET,153,16
16,SET,154,10
16,SET,155,8
16,SET,156,13
16,SET,157,8
16,SET,158,10
16,SET,159,11
16,SET,160,13
16,SET,161,17
16,SET,162,17
16,SET,163,13
16,SET,164,6
16,SET,165,8
16,SET,166,9
16,SET,167,18
16,SET,168,12
16,SET,169,10
16,SET,170,16
16,SET,171,13
16,SET,172,14
16,SET,173,9
16,SET,174,13
16,SET,175,14
16,SET,176,16
16,SET,177,25
16,SET,178,18
16,SET,179,18
16,SET,180,22
16,SET,181,15
16,SET,182,23
16,SET,183,17
16,SET,184,16
16,SET,185,13
16,SET,186,24
16,SET,187,22
16,SET,188,22
16,SET,189,20
16,SET,190,21
16,SET,191,24
16,SET,192,21
16,SET,193,16
16,SET,194,19
16,SET,195,18
16,SET,196,18
16,SET,197,16
16,SET,198,19
16,SET,199,13
16,SET,200,22
16,SET,201,26
16,SET,202,34
16,SET,203,22
16,SET,204,27
16,SET,205,23
16,SET,206,34
16,SET,207,33
16,SET,208,29
16,SET,209,27
16,SET,210,33
16,SET,211,22
16,SET,212,26
16,SET,213,23
16,SET,214,38
16,SET,215,28
16,SET,216,32
16,SET,217,34
16,SET,218,30
16,SET,219,32
16,SET,220,29
16,SET,221,35
16,SET,222,28
16,SET,223,32
16,SET,224,39
16,SET,225,33
16,SET,226,36
16,SET,227,33
16,SET,228,41
16,SET,229,30
16,SET,230,37
16,SET,231,48
16,SET,232,31
16,SET,233,34
16,SET,234,45
16,SET,235,39
16,SET,236,49
16,SET,237,38
16,SET,238,28
16,SET,239,41
16,SET,240,37
16,SET,241,39
16,SET,242,47
16,SET,243,44
16,SET,244,47
16,SET,245,48
16,SET,246,46
16,SET,247,52
16,SET,248,52
16,SET,249,60
16,SET,250,49
16,SET,251,74
16,SET,252,53
16,SET,253,50
16,SET,254,47
16,SET,255,55
16,SET,257,133
16,SET,259,133
16,SET,261,128
16,SET,263,121
16,SET,265,120
16,SET,267,163
16,SET,269,150
16,SET,271,134
16,SET,273,142
16,SET,275,147
16,SET,277,157
16,SET,279,141
16,SET,281,167
16,SET,283,167
16,SET,285,157
16,SET,287,181
16,SET,289,178
16,SET,291,168
16,SET,293,175
16,SET,295,170
16,SET,297,166
16,SET,299,178
16,SET,301,184
16,SET,303,171
16,SET,305,170
16,SET,307,176
16,SET,309,206
16,SET,311,213
16,SET,313,207
16,SET,315,176
16,SET,317,212
16,SET,319,206
16,SET,321,253
16,SET,323,217
16,SET,325,228
16,SET,327,199
16,SET,329,233
16,SET,331,202
16,SET,333,217
16,SET,335,236
16,SET,337,240
16,SET,339,217
16,SET,341,229
16,SET,343,243
16,SET,345,215
16,SET,347,206
16,SET,349,245
16,SET,351,232
16,SET,353,204
16,SET,355,237
16,SET,357,259
16,SET,359,240
16,SET,361,242
16,SET,363,237
16,SET,365,272
16,SET,367,226
16,SET,369,241
16,SET,371,246
16,SET,373,247
16,SET,375,247
16,SET,377,253
16,SET,379,235
16,SET,381,240
16,SET,383,258
16,SET,385,254
16,SET,387,260
16,SET,389,267
16,SET,391,256
16,SET,393,255
16,SET,395,241
16,SET,397,250
16,SET,399,253
16,SET,401,238
16,SET,403,239
16,SET,405,221
16,SET,407,247
16,SET,409,231
16,SET,411,243
16,SET,413,207
16,SET,415,258
16,SET,417,234
16,SET,419,216
16,SET,421,219
16,SET,423,228
16,SET,425,210
16,SET,427,211
16,SET,429,235
16,SET,431,219
16,SET,433,226
16,SET,435,195
16,SET,437,199
16,SET,439,182
16,SET,441,206
16,SET,443,208
16,SET,445,171
16,SET,447,173
16,SET,449,181
16,SET,451,199
16,SET,453,179
16,SET,455,176
16,SET,457,181
16,SET,459,165
16,SET,461,165
16,SET,463,161
16,SET,465,189
16,SET,467,156
16,SET,469,156
16,SET,471,168
16,SET,473,138
16,SET,475,172
16,SET,477,123
16,SET,479,154
16,SET,481,146
16,SET,483,123
16,SET,485,135
16,SET,487,135
16,SET,489,144
16,SET,491,144
16,SET,493,108
16,SET,495,139
16,SET,497,120
16,SET,499,114
16,SET,501,131
16,SET,503,107
16,SET,505,100
16,SET,507,102
16,SET,509,106
16,SET,511,97
16,SET,515,184
16,SET,519,188
16,SET,523,186
16,SET,527,165
16,SET,531,164
16,SET,535,158
16,SET,539,153
16,SET,543,131
16,SET,547,129
16,SET,551,124
16,SET,555,137
16,SET,559,128
16,SET,563,126
16,SET,567,119
16,SET,571,86
16,SET,575,88
16,SET,579,91
16,SET,583,85
16,SET,587,71
16,SET,591,59
16,SET,595,83
16,SET,599,56
16,SET,603,55
16,SET,607,54
16,SET,611,56
16,SET,615,51
16,SET,619,48
16,SET,623,49
16,SET,627,51
16,SET,631,41
16,SET,635,20
16,SET,639,31
16,SET,643,32
16,SET,647,32
16,SET,651,32
16,SET,655,19
16,SET,659,20
16,SET,663,22
16,SET,667,19
16,SET,671,19
16,SET,675,22
16,SET,679,14
16,SET,683,13
16,SET,687,7
16,SET,691,15
16,SET,695,13
16,SET,699,6
16,SET,703,10
16,SET,707,8
16,SET,711,5
16,SET,715,4
16,SET,719,2
16,SET,723,2
16,SET,727,5
16,SET,731,6
16,SET,735,3
16,SET,739,4
16,SET,743,3
16,SET,747,1
16,SET,751,5
16,SET,755,1
16,SET,759,5
16,SET,763,2
16,SET,767,2
16,SET,771,2
16,SET,775,3
16,SET,779,4
16,SET,783,3
16,SET,787,1
16,SET,815,3
16,SET,831,1
16,SET,847,1
16,SET,879,1
16,SET,991,1
16,SET,1271,1
16,SET,1407,1
16,SET,1543,1
16,SET,1567,1
16,SET,1775,1
16,SET,1799,1
16,SET,57087,1
16,GET,85,1
16,GET,91,1
16,GET,93,3
16,GET,94,2
16,GET,95,4
16,GET,97,3
16,GET,98,4
16,GET,99,3
16,GET,100,5
16,GET,101,3
16,GET,102,10
16,GET,103,9
16,GET,104,10
16,GET,105,11
16,GET,106,14
16,GET,107,18
16,GET,108,9
16,GET,109,11
16,GET,110,22
16,GET,111,17
16,GET,112,24
16,GET,113,24
16,GET,114,30
16,GET,115,21
16,GET,116,28
16,GET,117,35
16,GET,118,47
16,GET,119,43
16,GET,120,45
16,GET,121,64
16,GET,122,42
16,GET,123,67
16,GET,124,62
16,GET,125,61
16,GET,126,53
16,GET,127,53
16,GET,128,73
16,GET,129,84
16,GET,130,78
16,GET,131,60
16,GET,132,73
16,GET,133,81
16,GET,134,82
16,GET,135,86
16,GET,136,88
16,GET,137,107
16,GET,138,95
16,GET,139,98
16,GET,140,97
16,GET,141,101
16,GET,142,86
16,GET,143,116
16,GET,144,114
16,GET,145,115
16,GET,146,148
16,GET,147,121
16,GET,148,141
16,GET,149,136
16,GET,150,154
16,GET,151,164
16,GET,152,157
16,GET,153,136
16,GET,154,169
16,GET,155,155
16,GET,156,143
16,GET,157,167
16,GET,158,168
16,GET,159,186
16,GET,160,170
16,GET,161,186
16,GET,162,189
16,GET,163,188
16,GET,164,155
16,GET,165,179
16,GET,166,185
16,GET,167,200
16,GET,168,217
16,GET,169,217
16,GET,170,196
16,GET,171,223
16,GET,172,220
16,GET,173,252
16,GET,174,232
16,GET,175,213
16,GET,176,198
16,GET,177,233
16,GET,178,227
16,GET,179,253
16,GET,180,251
16,GET,181,255
16,GET,182,233
16,GET,183,231
16,GET,184,289
16,GET,185,298
16,GET,186,274
16,GET,187,303
16,GET,188,284
16,GET,189,306
16,GET,190,300
16,GET,191,293
16,GET,192,307
16,GET,193,294
16,GET,194,288
16,GET,195,318
16,GET,196,354
16,GET,197,315
16,GET,198,332
16,GET,199,347
16,GET,200,342
16,GET,201,350
16,GET,202,350
16,GET,203,371
16,GET,204,361
16,GET,205,359
16,GET,206,394
16,GET,207,379
16,GET,208,389
16,GET,209,390
16,GET,210,408
16,GET,211,375
16,GET,212,437
16,GET,213,427
16,GET,214,452
16,GET,215,416
16,GET,216,424
16,GET,217,445
16,GET,218,473
16,GET,219,452
16,GET,220,478
16,GET,221,501
16,GET,222,504
16,GET,223,510
16,GET,224,501
16,GET,225,510
16,GET,226,520
16,GET,227,526
16,GET,228,534
16,GET,229,511
16,GET,230,561
16,GET,231,576
16,GET,232,578
16,GET,233,554
16,GET,234,563
16,GET,235,653
16,GET,236,610
16,GET,237,586
16,GET,238,647
16,GET,239,641
16,GET,240,678
16,GET,241,667
16,GET,242,693
16,GET,243,687
16,GET,244,755
16,GET,245,677
16,GET,246,708
16,GET,247,727
16,GET,248,760
16,GET,249,806
16,GET,250,749
16,GET,251,747
16,GET,252,813
16,GET,253,817
16,GET,254,848
16,GET,255,791
16,GET,257,1709
16,GET,259,1749
16,GET,261,1690
16,GET,263,1830
16,GET,265,1896
16,GET,267,1958
16,GET,269,2001
16,GET,271,2000
16,GET,273,2125
16,GET,275,2119
16,GET,277,2209
16,GET,279,2204
16,GET,281,2324
16,GET,283,2276
16,GET,285,2254
16,GET,287,2431
16,GET,289,2400
16,GET,291,2459
16,GET,293,2503
16,GET,295,2554
16,GET,297,2609
16,GET,299,2641
16,GET,301,2748
16,GET,303,2754
16,GET,305,2695
16,GET,307,2715
16,GET,309,2711
16,GET,311,2791
16,GET,313,2878
16,GET,315,2883
16,GET,317,2964
16,GET,319,2968
16,GET,321,3040
16,GET,323,2896
16,GET,325,3024
16,GET,327,3051
16,GET,329,3162
16,GET,331,3112
16,GET,333,3162
16,GET,335,3050
16,GET,337,3174
16,GET,339,3132
16,GET,341,3316
16,GET,343,3085
16,GET,345,3232
16,GET,347,3353
16,GET,349,3322
16,GET,351,3276
16,GET,353,3238
16,GET,355,3263
16,GET,357,3277
16,GET,359,3295
16,GET,361,3423
16,GET,363,3275
16,GET,365,3389
16,GET,367,3331
16,GET,369,3372
16,GET,371,3449
16,GET,373,3384
16,GET,375,3402
16,GET,377,3368
16,GET,379,3503
16,GET,381,3356
16,GET,383,3389
16,GET,385,3355
16,GET,387,3330
16,GET,389,3287
16,GET,391,3367
16,GET,393,3459
16,GET,395,3421
16,GET,397,3213
16,GET,399,3394
16,GET,401,3327
16,GET,403,3349
16,GET,405,3269
16,GET,407,3347
16,GET,409,3263
16,GET,411,3222
16,GET,413,3302
16,GET,415,3253
16,GET,417,3163
16,GET,419,3235
16,GET,421,3018
16,GET,423,2972
16,GET,425,3078
16,GET,427,3102
16,GET,429,2932
16,GET,431,3017
16,GET,433,2935
16,GET,435,2916
16,GET,437,2827
16,GET,439,2854
16,GET,441,2780
16,GET,443,2705
16,GET,445,2678
16,GET,447,2674
16,GET,449,2622
16,GET,451,2649
16,GET,453,2573
16,GET,455,2444
16,GET,457,2556
16,GET,459,2352
16,GET,461,2424
16,GET,463,2292
16,GET,465,2361
16,GET,467,2263
16,GET,469,2247
16,GET,471,2148
16,GET,473,2131
16,GET,475,2041
16,GET,477,2057
16,GET,479,2078
16,GET,481,1977
16,GET,483,1951
16,GET,485,1808
16,GET,487,1766
16,GET,489,1785
16,GET,491,1764
16,GET,493,1774
16,GET,495,1741
16,GET,497,1681
16,GET,499,1620
16,GET,501,1609
16,GET,503,1595
16,GET,505,1495
16,GET,507,1496
16,GET,509,1440
16,GET,511,1438
16,GET,515,2627
16,GET,519,2478
16,GET,523,2354
16,GET,527,2276
16,GET,531,2224
16,GET,535,2134
16,GET,539,2013
16,GET,543,1945
16,GET,547,1799
16,GET,551,1745
16,GET,555,1693
16,GET,559,1612
16,GET,563,1510
16,GET,567,1432
16,GET,571,1300
16,GET,575,1292
16,GET,579,1184
16,GET,583,1147
16,GET,587,1045
16,GET,591,1035
16,GET,595,948
16,GET,599,906
16,GET,603,800
16,GET,607,764
16,GET,611,735
16,GET,615,697
16,GET,619,625
16,GET,623,636
16,GET,627,569
16,GET,631,524
16,GET,635,483
16,GET,639,446
16,GET,643,411
16,GET,647,356
16,GET,651,345
16,GET,655,307
16,GET,659,326
16,GET,663,273
16,GET,667,250
16,GET,671,224
16,GET,675,203
16,GET,679,188
16,GET,683,178
16,GET,687,150
16,GET,691,144
16,GET,695,134
16,GET,699,117
16,GET,703,123
16,GET,707,96
16,GET,711,91
16,GET,715,74
16,GET,719,72
16,GET,723,70
16,GET,727,61
16,GET,731,62
16,GET,735,43
16,GET,739,34
16,GET,743,35
16,GET,747,37
16,GET,751,38
16,GET,755,42
16,GET,759,24
16,GET,763,26
16,GET,767,26
16,GET,771,12
16,GET,775,14
16,GET,779,17
16,GET,783,9
16,GET,787,10
16,GET,791,11
16,GET,795,13
16,GET,799,9
16,GET,803,6
16,GET,807,6
16,GET,811,4
16,GET,815,8
16,GET,819,10
16,GET,823,4
16,GET,827,5
16,GET,831,6
16,GET,835,2
16,GET,839,3
16,GET,843,2
16,GET,847,4
16,GET,851,1
16,GET,855,3
16,GET,859,3
16,GET,863,3
16,GET,867,1
16,GET,875,2
16,GET,879,1
16,GET,883,1
16,GET,887,1
16,GET,891,1
16,GET,895,1
16,GET,899,2
16,GET,903,4
16,GET,907,4
16,GET,911,2
16,GET,915,1
16,GET,919,2
16,GET,923,1
16,GET,927,2
16,GET,935,1
16,GET,951,1
16,GET,955,3
16,GET,963,2
16,GET,979,1
16,GET,999,1
16,GET,1003,1
16,GET,1011,1
16,GET,1039,2
16,GET,1047,1
16,GET,1055,1
16,GET,1063,1
16,GET,1111,1
16,GET,1143,2
16,GET,1151,1
16,GET,1175,1
16,GET,1207,1
16,GET,1255,1
16,GET,1295,1
16,GET,1303,2
16,GET,1351,1
16,GET,1391,1
16,GET,1407,2
16,GET,1415,1
16,GET,1423,2
16,GET,1431,1
16,GET,1455,3
16,GET,1463,1
16,GET,1479,3
16,GET,1503,1
16,GET,1511,1
16,GET,1519,1
16,GET,1543,3
16,GET,1551,1
16,GET,1559,2
16,GET,1575,1
16,GET,1583,1
16,GET,1599,1
16,GET,1607,2
16,GET,1615,1
16,GET,1631,2
16,GET,1655,4
16,GET,1663,2
16,GET,1671,1
16,GET,1679,1
16,GET,1687,1
16,GET,1703,1
16,GET,1719,1
16,GET,1727,1
16,GET,1735,1
16,GET,1743,1
16,GET,1751,1
16,GET,1759,1
16,GET,1775,2
16,GET,1783,1
16,GET,1791,1
16,GET,1807,1
16,GET,1815,2
16,GET,1871,1
16,GET,1879,1
16,GET,1903,1
16,GET,1919,2
16,GET,1943,1
16,GET,1959,1
16,GET,1999,1
16,GET,2007,2
16,GET,2031,1
16,GET,2063,1
16,GET,2079,2
16,GET,2127,1
16,GET,2143,1
16,GET,2239,1
16,GET,2255,1
16,GET,2303,1
16,GET,2351,1
16,GET,2367,1
16,GET,2383,1
16,GET,2415,1
16,GET,2447,1
16,GET,2463,2
16,GET,2495,2
16,GET,2655,1
16,GET,2671,1
16,GET,2687,1
16,GET,3439,1
16,GET,4479,1
16,GET,54015,1
16,GET,57343,1
16,GET,57855,2
16,GET,59135,1
16,GET,59903,1
16,GET,60159,1
16,GET,60415,1
16,GET,60671,1
16,GET,65279,1
16,DEL,90,1
16,DEL,95,2
16,DEL,97,1
16,DEL,99,3
16,DEL,100,2
16,DEL,101,6
16,DEL,102,5
16,DEL,103,2
16,DEL,104,2
16,DEL,105,1
16,DEL,106,6
16,DEL,107,6
16,DEL,108,5
16,DEL,109,3
16,DEL,110,5
16,DEL,111,5
16,DEL,112,10
16,DEL,113,9
16,DEL,114,6
16,DEL,115,7
16,DEL,116,15
16,DEL,117,13
16,DEL,118,8
16,DEL,119,12
16,DEL,120,17
16,DEL,121,19
16,DEL,122,10
16,DEL,123,19
16,DEL,124,20
16,DEL,125,18
16,DEL,126,21
16,DEL,127,20
16,DEL,128,16
16,DEL,129,27
16,DEL,130,25
16,DEL,131,25
16,DEL,132,19
16,DEL,133,32
16,DEL,134,18
16,DEL,135,28
16,DEL,136,31
16,DEL,137,32
16,DEL,138,40
16,DEL,139,29
16,DEL,140,26
16,DEL,141,33
16,DEL,142,42
16,DEL,143,38
16,DEL,144,38
16,DEL,145,53
16,DEL,146,41
16,DEL,147,41
16,DEL,148,44
16,DEL,149,63
16,DEL,150,40
16,DEL,151,50
16,DEL,152,56
16,DEL,153,36
16,DEL,154,46
16,DEL,155,53
16,DEL,156,63
16,DEL,157,63
16,DEL,158,61
16,DEL,159,63
16,DEL,160,54
16,DEL,161,69
16,DEL,162,47
16,DEL,163,67
16,DEL,164,67
16,DEL,165,69
16,DEL,166,78
16,DEL,167,79
16,DEL,168,74
16,DEL,169,76
16,DEL,170,74
16,DEL,171,83
16,DEL,172,71
16,DEL,173,81
16,DEL,174,75
16,DEL,175,90
16,DEL,176,78
16,DEL,177,85
16,DEL,178,75
16,DEL,179,93
16,DEL,180,108
16,DEL,181,126
16,DEL,182,93
16,DEL,183,99
16,DEL,184,101
16,DEL,185,107
16,DEL,186,101
16,DEL,187,107
16,DEL,188,98
16,DEL,189,107
16,DEL,190,100
16,DEL,191,105
16,DEL,192,110
16,DEL,193,98
16,DEL,194,97
16,DEL,195,118
16,DEL,196,113
16,DEL,197,109
16,DEL,198,127
16,DEL,199,110
16,DEL,200,129
16,DEL,201,129
16,DEL,202,131
16,DEL,203,128
16,DEL,204,140
16,DEL,205,137
16,DEL,206,113
16,DEL,207,140
16,DEL,208,144
16,DEL,209,141
16,DEL,210,150
16,DEL,211,136
16,DEL,212,127
16,DEL,213,126
16,DEL,214,144
16,DEL,215,154
16,DEL,216,168
16,DEL,217,173
16,DEL,218,165
16,DEL,219,144
16,DEL,220,179
16,DEL,221,188
16,DEL,222,169
16,DEL,223,162
16,DEL,224,183
16,DEL,225,182
16,DEL,226,180
16,DEL,227,211
16,DEL,228,180
16,DEL,229,213
16,DEL,230,193
16,DEL,231,184
16,DEL,232,198
16,DEL,233,204
16,DEL,234,200
16,DEL,235,215
16,DEL,236,211
16,DEL,237,234
16,DEL,238,224
16,DEL,239,230
16,DEL,240,235
16,DEL,241,236
16,DEL,242,244
16,DEL,243,251
16,DEL,244,273
16,DEL,245,237
16,DEL,246,261
16,DEL,247,280
16,DEL,248,252
16,DEL,249,241
16,DEL,250,239
16,DEL,251,287
16,DEL,252,255
16,DEL,253,289
16,DEL,254,291
16,DEL,255,299
16,DEL,257,596
16,DEL,259,611
16,DEL,261,629
16,DEL,263,670
16,DEL,265,660
16,DEL,267,721
16,DEL,269,688
16,DEL,271,677
16,DEL,273,710
16,DEL,275,740
16,DEL,277,736
16,DEL,279,769
16,DEL,281,786
16,DEL,283,820
16,DEL,285,916
16,DEL,287,841
16,DEL,289,818
16,DEL,291,869
16,DEL,293,888
16,DEL,295,899
16,DEL,297,951
16,DEL,299,899
16,DEL,301,998
16,DEL,303,910
16,DEL,305,985
16,DEL,307,962
16,DEL,309,1004
16,DEL,311,1011
16,DEL,313,977
16,DEL,315,983
16,DEL,317,1077
16,DEL,319,997
16,DEL,321,1021
16,DEL,323,1039
16,DEL,325,1059
16,DEL,327,1108
16,DEL,329,1098
16,DEL,331,1040
16,DEL,333,1155
16,DEL,335,1123
16,DEL,337,1072
16,DEL,339,1073
16,DEL,341,1136
16,DEL,343,1101
16,DEL,345,1119
16,DEL,347,1170
16,DEL,349,1192
16,DEL,351,1174
16,DEL,353,1194
16,DEL,355,1186
16,DEL,357,1162
16,DEL,359,1169
16,DEL,361,1247
16,DEL,363,1237
16,DEL,365,1161
16,DEL,367,1143
16,DEL,369,1165
16,DEL,371,1194
16,DEL,373,1140
16,DEL,375,1262
16,DEL,377,1220
16,DEL,379,1234
16,DEL,381,1266
16,DEL,383,1217
16,DEL,385,1246
16,DEL,387,1197
16,DEL,389,1210
16,DEL,391,1215
16,DEL,393,1212
16,DEL,395,1224
16,DEL,397,1262
16,DEL,399,1165
16,DEL,401,1179
16,DEL,403,1138
16,DEL,405,1159
16,DEL,407,1169
16,DEL,409,1179
16,DEL,411,1201
16,DEL,413,1142
16,DEL,415,1127
16,DEL,417,1126
16,DEL,419,1162
16,DEL,421,1106
16,DEL,423,1140
16,DEL,425,1124
16,DEL,427,1076
16,DEL,429,1083
16,DEL,431,1026
16,DEL,433,1011
16,DEL,435,1004
16,DEL,437,1035
16,DEL,439,1010
16,DEL,441,1028
16,DEL,443,997
16,DEL,445,908
16,DEL,447,909
16,DEL,449,903
16,DEL,451,876
16,DEL,453,965
16,DEL,455,878
16,DEL,457,844
16,DEL,459,914
16,DEL,461,817
16,DEL,463,815
16,DEL,465,777
16,DEL,467,831
16,DEL,469,800
16,DEL,471,814
16,DEL,473,776
16,DEL,475,742
16,DEL,477,744
16,DEL,479,679
16,DEL,481,702
16,DEL,483,725
16,DEL,485,677
16,DEL,487,680
16,DEL,489,630
16,DEL,491,617
16,DEL,493,612
16,DEL,495,625
16,DEL,497,623
16,DEL,499,585
16,DEL,501,533
16,DEL,503,549
16,DEL,505,533
16,DEL,507,544
16,DEL,509,507
16,DEL,511,478
16,DEL,515,974
16,DEL,519,914
16,DEL,523,912
16,DEL,527,832
16,DEL,531,826
16,DEL,535,801
16,DEL,539,713
16,DEL,543,704
16,DEL,547,654
16,DEL,551,641
16,DEL,555,596
16,DEL,559,568
16,DEL,563,565
16,DEL,567,483
16,DEL,571,520
16,DEL,575,475
16,DEL,579,469
16,DEL,583,451
16,DEL,587,373
16,DEL,591,362
16,DEL,595,336
16,DEL,599,319
16,DEL,603,335
16,DEL,607,319
16,DEL,611,244
16,DEL,615,205
16,DEL,619,233
16,DEL,623,217
16,DEL,627,200
16,DEL,631,207
16,DEL,635,173
16,DEL,639,161
16,DEL,643,136
16,DEL,647,146
16,DEL,651,134
16,DEL,655,113
16,DEL,659,97
16,DEL,663,84
16,DEL,667,94
16,DEL,671,82
16,DEL,675,74
16,DEL,679,72
16,DEL,683,77
16,DEL,687,55
16,DEL,691,46
16,DEL,695,46
16,DEL,699,43
16,DEL,703,39
16,DEL,707,30
16,DEL,711,35
16,DEL,715,30
16,DEL,719,28
16,DEL,723,24
16,DEL,727,28
16,DEL,731,17
16,DEL,735,25
16,DEL,739,19
16,DEL,743,12
16,DEL,747,10
16,DEL,751,10
16,DEL,755,8
16,DEL,759,4
16,DEL,763,6
16,DEL,767,3
16,DEL,771,4
16,DEL,775,15
16,DEL,779,4
16,DEL,783,7
16,DEL,787,7
16,DEL,795,7
16,DEL,799,4
16,DEL,803,3
16,DEL,807,5
16,DEL,811,3
16,DEL,815,2
16,DEL,819,2
16,DEL,827,4
16,DEL,831,2
16,DEL,839,1
16,DEL,843,2
16,DEL,847,1
16,DEL,863,2
16,DEL,871,1
16,DEL,879,2
16,DEL,883,1
16,DEL,907,1
16,DEL,911,1
16,DEL,931,1
16,DEL,935,2
16,DEL,939,2
16,DEL,943,2
16,DEL,955,1
16,DEL,963,1
16,DEL,967,2
16,DEL,995,1
16,DEL,999,1
16,DEL,1003,1
16,DEL,1103,1
16,DEL,1127,1
16,DEL,1175,1
16,DEL,1359,1
16,DEL,1415,1
16,DEL,1431,2
16,DEL,1503,1
16,DEL,1631,1
16,DEL,1639,1
16,DEL,1647,2
16,DEL,1671,1
16,DEL,1703,1
16,DEL,1743,1
16,DEL,1783,1
16,DEL,1791,1
16,DEL,1823,1
16,DEL,1943,1
16,DEL,1975,1
16,DEL,1983,1
16,DEL,2007,1
16,DEL,2127,1
16,DEL,2159,1
16,DEL,2271,1
16,DEL,4415,1
16,DEL,52735,1
16,DEL,53759,1
16,DEL,56831,1
16,DEL,58879,1
16,DEL,66047,1
17,SET,101,1
17,SET,102,1
17,SET,104,1
17,SET,109,1
17,SET,110,4
17,SET,111,2
17,SET,113,3
17,SET,114,1
17,SET,115,1
17,SET,116,1
17,SET,117,1
17,SET,118,1
17,SET,119,1
17,SET,120,1
17,SET,121,3
17,SET,122,3
17,SET,123,1
17,SET,124,2
17,SET,125,2
17,SET,126,2
17,SET,127,2
17,SET,128,2
17,SET,129,3
17,SET,130,2
17,SET,131,1
17,SET,132,1
17,SET,133,3
17,SET,134,2
17,SET,135,7
17,SET,136,7
17,SET,137,4
17,SET,138,9
17,SET,139,3
17,SET,140,9
17,SET,141,7
17,SET,142,5
17,SET,143,10
17,SET,144,3
17,SET,145,7
17,SET,146,8
17,SET,147,2
17,SET,148,7
17,SET,149,6
17,SET,150,8
17,SET,151,9
17,SET,152,11
17,SET,153,4
17,SET,154,8
17,SET,155,7
17,SET,156,7
17,SET,157,9
17,SET,158,7
17,SET,159,14
17,SET,160,6
17,SET,161,5
17,SET,162,4
17,SET,163,11
17,SET,164,9
17,SET,165,11
17,SET,166,8
17,SET,167,7
17,SET,168,10
17,SET,169,12
17,SET,170,15
17,SET,171,9
17,SET,172,6
17,SET,173,9
17,SET,174,14
17,SET,175,18
17,SET,176,17
17,SET,177,8
17,SET,178,7
17,SET,179,10
17,SET,180,11
17,SET,181,13
17,SET,182,18
17,SET,183,15
17,SET,184,20
17,SET,185,10
17,SET,186,12
17,SET,187,12
17,SET,188,16
17,SET,189,17
17,SET,190,17
17,SET,191,14
17,SET,192,23
17,SET,193,13
17,SET,194,22
17,SET,195,16
17,SET,196,23
17,SET,197,25
17,SET,198,26
17,SET,199,30
17,SET,200,21
17,SET,201,20
17,SET,202,21
17,SET,203,26
17,SET,204,20
17,SET,205,31
17,SET,206,25
17,SET,207,27
17,SET,208,29
17,SET,209,32
17,SET,210,23
17,SET,211,33
17,SET,212,24
17,SET,213,29
17,SET,214,41
17,SET,215,26
17,SET,216,36
17,SET,217,26
17,SET,218,37
17,SET,219,29
17,SET,220,34
17,SET,221,33
17,SET,222,43
17,SET,223,35
17,SET,224,36
17,SET,225,46
17,SET,226,50
17,SET,227,40
17,SET,228,36
17,SET,229,47
17,SET,230,45
17,SET,231,46
17,SET,232,38
17,SET,233,44
17,SET,234,40
17,SET,235,48
17,SET,236,53
17,SET,237,43
17,SET,238,36
17,SET,239,56
17,SET,240,54
17,SET,241,52
17,SET,242,50
17,SET,243,51
17,SET,244,59
17,SET,245,60
17,SET,246,49
17,SET,247,56
17,SET,248,52
17,SET,249,56
17,SET,250,62
17,SET,251,51
17,SET,252,50
17,SET,253,63
17,SET,254,71
17,SET,255,58
17,SET,257,118
17,SET,259,161
17,SET,261,148
17,SET,263,170
17,SET,265,159
17,SET,267,180
17,SET,269,118
17,SET,271,172
17,SET,273,136
17,SET,275,204
17,SET,277,160
17,SET,279,182
17,SET,281,190
17,SET,283,193
17,SET,285,184
17,SET,287,186
17,SET,289,207
17,SET,291,214
17,SET,293,210
17,SET,295,195
17,SET,297,223
17,SET,299,186
17,SET,301,204
17,SET,303,200
17,SET,305,213
17,SET,307,203
17,SET,309,207
17,SET,311,209
17,SET,313,226
17,SET,315,226
17,SET,317,198
17,SET,319,223
17,SET,321,200
17,SET,323,235
17,SET,325,208
17,SET,327,238
17,SET,329,229
17,SET,331,232
17,SET,333,256
17,SET,335,240
17,SET,337,219
17,SET,339,231
17,SET,341,231
17,SET,343,219
17,SET,345,244
17,SET,347,246
17,SET,349,246
17,SET,351,232
17,SET,353,246
17,SET,355,210
17,SET,357,228
17,SET,359,218
17,SET,361,225
17,SET,363,246
17,SET,365,253
17,SET,367,286
17,SET,369,230
17,SET,371,248
17,SET,373,253
17,SET,375,247
17,SET,377,230
17,SET,379,247
17,SET,381,218
17,SET,383,274
17,SET,385,218
17,SET,387,258
17,SET,389,261
17,SET,391,258
17,SET,393,236
17,SET,395,238
17,SET,397,267
17,SET,399,251
17,SET,401,242
17,SET,403,233
17,SET,405,242
17,SET,407,221
17,SET,409,217
17,SET,411,231
17,SET,413,253
17,SET,415,267
17,SET,417,218
17,SET,419,195
17,SET,421,220
17,SET,423,196
17,SET,425,222
17,SET,427,198
17,SET,429,217
17,SET,431,209
17,SET,433,178
17,SET,435,183
17,SET,437,213
17,SET,439,206
17,SET,441,193
17,SET,443,193
17,SET,445,200
17,SET,447,182
17,SET,449,186
17,SET,451,190
17,SET,453,155
17,SET,455,177
17,SET,457,137
17,SET,459,187
17,SET,461,165
17,SET,463,150
17,SET,465,128
17,SET,467,148
17,SET,469,161
17,SET,471,129
17,SET,473,144
17,SET,475,150
17,SET,477,133
17,SET,479,152
17,SET,481,116
17,SET,483,149
17,SET,485,142
17,SET,487,113
17,SET,489,149
17,SET,491,113
17,SET,493,119
17,SET,495,107
17,SET,497,118
17,SET,499,107
17,SET,501,106
17,SET,503,105
17,SET,505,100
17,SET,507,94
17,SET,509,110
17,SET,511,95
17,SET,515,207
17,SET,519,182
17,SET,523,173
17,SET,527,166
17,SET,531,157
17,SET,535,164
17,SET,539,145
17,SET,543,132
17,SET,547,134
17,SET,551,133
17,SET,555,113
17,SET,559,107
17,SET,563,108
17,SET,567,83
17,SET,571,84
17,SET,575,77
17,SET,579,81
17,SET,583,86
17,SET,587,57
17,SET,591,68
17,SET,595,58
17,SET,599,63
17,SET,603,62
17,SET,607,57
17,SET,611,50
17,SET,615,50
17,SET,619,44
17,SET,623,39
17,SET,627,35
17,SET,631,33
17,SET,635,26
17,SET,639,25
17,SET,643,27
17,SET,647,23
17,SET,651,20
17,SET,655,22
17,SET,659,25
17,SET,663,17
17,SET,667,21
17,SET,671,14
17,SET,675,13
17,SET,679,10
17,SET,683,15
17,SET,687,10
17,SET,691,5
17,SET,695,7
17,SET,699,5
17,SET,703,8
17,SET,707,2
17,SET,711,6
17,SET,715,4
17,SET,719,6
17,SET,723,3
17,SET,727,4
17,SET,731,6
17,SET,735,3
17,SET,739,3
17,SET,743,2
17,SET,747,4
17,SET,751,1
17,SET,755,3
17,SET,767,2
17,SET,783,3
17,SET,795,1
17,SET,799,1
17,SET,831,1
17,SET,891,1
17,SET,963,1
17,SET,1019,1
17,SET,1423,1
17,SET,1487,1
17,SET,1647,1
17,SET,1719,1
17,SET,1967,1
17,SET,2063,1
17,SET,2079,1
17,SET,2175,1
17,SET,2591,1
17,SET,2687,1
17,SET,60415,1
17,DEL,95,1
17,DEL,96,1
17,DEL,98,2
17,DEL,100,1
17,DEL,101,6
17,DEL,102,5
17,DEL,103,2
17,DEL,104,6
17,DEL,105,2
17,DEL,106,3
17,DEL,107,9
17,DEL,108,11
17,DEL,109,7
17,DEL,110,5
17,DEL,111,10
17,DEL,112,5
17,DEL,113,9
17,DEL,114,11
17,DEL,115,8
17,DEL,116,6
17,DEL,117,13
17,DEL,118,10
17,DEL,119,9
17,DEL,120,19
17,DEL,121,13
17,DEL,122,14
17,DEL,123,11
17,DEL,124,16
17,DEL,125,9
17,DEL,126,8
17,DEL,127,19
17,DEL,128,15
17,DEL,129,15
17,DEL,130,21
17,DEL,131,18
17,DEL,132,14
17,DEL,133,17
17,DEL,134,17
17,DEL,135,22
17,DEL,136,28
17,DEL,137,21
17,DEL,138,25
17,DEL,139,25
17,DEL,140,22
17,DEL,141,32
17,DEL,142,22
17,DEL,143,14
17,DEL,144,27
17,DEL,145,32
17,DEL,146,21
17,DEL,147,22
17,DEL,148,26
17,DEL,149,30
17,DEL,150,50
17,DEL,151,30
17,DEL,152,25
17,DEL,153,34
17,DEL,154,26
17,DEL,155,39
17,DEL,156,25
17,DEL,157,29
17,DEL,158,36
17,DEL,159,38
17,DEL,160,48
17,DEL,161,31
17,DEL,162,40
17,DEL,163,30
17,DEL,164,45
17,DEL,165,45
17,DEL,166,43
17,DEL,167,49
17,DEL,168,49
17,DEL,169,49
17,DEL,170,48
17,DEL,171,59
17,DEL,172,60
17,DEL,173,53
17,DEL,174,54
17,DEL,175,62
17,DEL,176,56
17,DEL,177,50
17,DEL,178,55
17,DEL,179,70
17,DEL,180,60
17,DEL,181,62
17,DEL,182,87
17,DEL,183,75
17,DEL,184,65
17,DEL,185,74
17,DEL,186,78
17,DEL,187,77
17,DEL,188,90
17,DEL,189,96
17,DEL,190,82
17,DEL,191,85
17,DEL,192,89
17,DEL,193,90
17,DEL,194,103
17,DEL,195,104
17,DEL,196,107
17,DEL,197,107
17,DEL,198,119
17,DEL,199,107
17,DEL,200,103
17,DEL,201,111
17,DEL,202,139
17,DEL,203,103
17,DEL,204,110
17,DEL,205,150
17,DEL,206,116
17,DEL,207,140
17,DEL,208,130
17,DEL,209,148
17,DEL,210,147
17,DEL,211,144
17,DEL,212,157
17,DEL,213,165
17,DEL,214,143
17,DEL,215,164
17,DEL,216,167
17,DEL,217,176
17,DEL,218,172
17,DEL,219,176
17,DEL,220,194
17,DEL,221,202
17,DEL,222,198
17,DEL,223,214
17,DEL,224,202
17,DEL,225,185
17,DEL,226,189
17,DEL,227,203
17,DEL,228,218
17,DEL,229,213
17,DEL,230,204
17,DEL,231,236
17,DEL,232,242
17,DEL,233,231
17,DEL,234,220
17,DEL,235,240
17,DEL,236,213
17,DEL,237,254
17,DEL,238,259
17,DEL,239,238
17,DEL,240,258
17,DEL,241,276
17,DEL,242,273
17,DEL,243,316
17,DEL,244,292
17,DEL,245,277
17,DEL,246,326
17,DEL,247,305
17,DEL,248,297
17,DEL,249,266
17,DEL,250,310
17,DEL,251,311
17,DEL,252,307
17,DEL,253,338
17,DEL,254,318
17,DEL,255,359
17,DEL,257,659
17,DEL,259,654
17,DEL,261,716
17,DEL,263,741
17,DEL,265,730
17,DEL,267,716
17,DEL,269,775
17,DEL,271,779
17,DEL,273,784
17,DEL,275,787
17,DEL,277,813
17,DEL,279,866
17,DEL,281,859
17,DEL,283,834
17,DEL,285,905
17,DEL,287,962
17,DEL,289,938
17,DEL,291,994
17,DEL,293,1019
17,DEL,295,996
17,DEL,297,1019
17,DEL,299,1024
17,DEL,301,1021
17,DEL,303,1007
17,DEL,305,1036
17,DEL,307,1019
17,DEL,309,1077
17,DEL,311,1083
17,DEL,313,1078
17,DEL,315,1004
17,DEL,317,1109
17,DEL,319,1188
17,DEL,321,1175
17,DEL,323,1106
17,DEL,325,1156
17,DEL,327,1135
17,DEL,329,1132
17,DEL,331,1097
17,DEL,333,1146
17,DEL,335,1210
17,DEL,337,1120
17,DEL,339,1164
17,DEL,341,1133
17,DEL,343,1178
17,DEL,345,1155
17,DEL,347,1193
17,DEL,349,1201
17,DEL,351,1200
17,DEL,353,1249
17,DEL,355,1180
17,DEL,357,1227
17,DEL,359,1230
17,DEL,361,1251
17,DEL,363,1196
17,DEL,365,1216
17,DEL,367,1232
17,DEL,369,1190
17,DEL,371,1211
17,DEL,373,1242
17,DEL,375,1221
17,DEL,377,1244
17,DEL,379,1182
17,DEL,381,1212
17,DEL,383,1304
17,DEL,385,1243
17,DEL,387,1256
17,DEL,389,1222
17,DEL,391,1176
17,DEL,393,1214
17,DEL,395,1236
17,DEL,397,1173
17,DEL,399,1204
17,DEL,401,1213
17,DEL,403,1106
17,DEL,405,1228
17,DEL,407,1090
17,DEL,409,1179
17,DEL,411,1150
17,DEL,413,1106
17,DEL,415,1140
17,DEL,417,1179
17,DEL,419,1147
17,DEL,421,1104
17,DEL,423,1142
17,DEL,425,1021
17,DEL,427,1116
17,DEL,429,1023
17,DEL,431,1031
17,DEL,433,993
17,DEL,435,1074
17,DEL,437,1022
17,DEL,439,1041
17,DEL,441,956
17,DEL,443,941
17,DEL,445,995
17,DEL,447,911
17,DEL,449,915
17,DEL,451,927
17,DEL,453,873
17,DEL,455,864
17,DEL,457,834
17,DEL,459,820
17,DEL,461,839
17,DEL,463,773
17,DEL,465,770
17,DEL,467,779
17,DEL,469,751
17,DEL,471,718
17,DEL,473,746
17,DEL,475,701
17,DEL,477,668
17,DEL,479,653
17,DEL,481,611
17,DEL,483,681
17,DEL,485,621
17,DEL,487,585
17,DEL,489,572
17,DEL,491,571
17,DEL,493,561
17,DEL,495,572
17,DEL,497,591
17,DEL,499,564
17,DEL,501,494
17,DEL,503,513
17,DEL,505,494
17,DEL,507,504
17,DEL,509,462
17,DEL,511,451
17,DEL,515,924
17,DEL,519,836
17,DEL,523,795
17,DEL,527,790
17,DEL,531,746
17,DEL,535,713
17,DEL,539,657
17,DEL,543,650
17,DEL,547,606
17,DEL,551,546
17,DEL,555,525
17,DEL,559,547
17,DEL,563,485
17,DEL,567,433
17,DEL,571,448
17,DEL,575,456
17,DEL,579,399
17,DEL,583,391
17,DEL,587,329
17,DEL,591,296
17,DEL,595,351
17,DEL,599,274
17,DEL,603,289
17,DEL,607,279
17,DEL,611,264
17,DEL,615,234
17,DEL,619,208
17,DEL,623,177
17,DEL,627,173
17,DEL,631,171
17,DEL,635,139
17,DEL,639,141
17,DEL,643,118
17,DEL,647,118
17,DEL,651,123
17,DEL,655,116
17,DEL,659,102
17,DEL,663,82
17,DEL,667,81
17,DEL,671,68
17,DEL,675,52
17,DEL,679,66
17,DEL,683,58
17,DEL,687,32
17,DEL,691,45
17,DEL,695,36
17,DEL,699,31
17,DEL,703,37
17,DEL,707,21
17,DEL,711,26
17,DEL,715,28
17,DEL,719,12
17,DEL,723,24
17,DEL,727,25
17,DEL,731,9
17,DEL,735,20
17,DEL,739,8
17,DEL,743,9
17,DEL,747,8
17,DEL,751,14
17,DEL,755,11
17,DEL,759,8
17,DEL,763,6
17,DEL,767,5
17,DEL,771,5
17,DEL,775,2
17,DEL,779,6
17,DEL,783,4
17,DEL,787,1
17,DEL,791,7
17,DEL,795,5
17,DEL,799,2
17,DEL,803,2
17,DEL,815,1
17,DEL,819,2
17,DEL,823,1
17,DEL,831,2
17,DEL,835,1
17,DEL,843,2
17,DEL,847,1
17,DEL,851,1
17,DEL,863,2
17,DEL,867,1
17,DEL,871,1
17,DEL,875,1
17,DEL,879,1
17,DEL,883,1
17,DEL,887,1
17,DEL,891,1
17,DEL,899,1
17,DEL,911,3
17,DEL,943,1
17,DEL,987,1
17,DEL,1119,1
17,DEL,1183,1
17,DEL,1279,1
17,DEL,1391,1
17,DEL,1439,1
17,DEL,1455,1
17,DEL,1471,1
17,DEL,1551,1
17,DEL,1575,1
17,DEL,1615,1
17,DEL,1623,1
17,DEL,1655,1
17,DEL,1671,1
17,DEL,1703,1
17,DEL,1711,1
17,DEL,1735,1
17,DEL,1759,2
17,DEL,1791,1
17,DEL,1871,1
17,DEL,1935,1
17,DEL,1975,1
17,DEL,2039,1
17,DEL,2223,1
17,DEL,2271,1
17,DEL,2287,1
17,DEL,2319,1
17,DEL,4831,1
17,DEL,50431,1
17,DEL,54527,1
17,DEL,54783,1
17,DEL,55039,1
17,DEL,56831,1
17,DEL,61695,1
17,GET,88,1
17,GET,89,1
17,GET,90,1
17,GET,91,1
17,GET,93,1
17,GET,94,3
17,GET,95,4
17,GET,96,1
17,GET,97,6
17,GET,98,6
17,GET,99,5
17,GET,100,10
17,GET,101,13
17,GET,102,5
17,GET,103,13
17,GET,104,13
17,GET,105,14
17,GET,106,16
17,GET,107,13
17,GET,108,17
17,GET,109,18
17,GET,110,19
17,GET,111,13
17,GET,112,27
17,GET,113,21
17,GET,114,15
17,GET,115,32
17,GET,116,38
17,GET,117,32
17,GET,118,48
17,GET,119,29
17,GET,120,42
17,GET,121,21
17,GET,122,34
17,GET,123,40
17,GET,124,43
17,GET,125,48
17,GET,126,44
17,GET,127,43
17,GET,128,39
17,GET,129,47
17,GET,130,45
17,GET,131,43
17,GET,132,67
17,GET,133,46
17,GET,134,51
17,GET,135,62
17,GET,136,65
17,GET,137,62
17,GET,138,54
17,GET,139,76
17,GET,140,71
17,GET,141,73
17,GET,142,73
17,GET,143,99
17,GET,144,65
17,GET,145,72
17,GET,146,75
17,GET,147,76
17,GET,148,86
17,GET,149,85
17,GET,150,101
17,GET,151,80
17,GET,152,93
17,GET,153,96
17,GET,154,100
17,GET,155,100
17,GET,156,109
17,GET,157,71
17,GET,158,82
17,GET,159,83
17,GET,160,110
17,GET,161,109
17,GET,162,107
17,GET,163,116
17,GET,164,117
17,GET,165,113
17,GET,166,111
17,GET,167,129
17,GET,168,116
17,GET,169,134
17,GET,170,135
17,GET,171,128
17,GET,172,136
17,GET,173,155
17,GET,174,169
17,GET,175,155
17,GET,176,174
17,GET,177,190
17,GET,178,158
17,GET,179,226
17,GET,180,198
17,GET,181,208
17,GET,182,211
17,GET,183,207
17,GET,184,238
17,GET,185,232
17,GET,186,228
17,GET,187,235
17,GET,188,226
17,GET,189,227
17,GET,190,258
17,GET,191,270
17,GET,192,272
17,GET,193,298
17,GET,194,284
17,GET,195,299
17,GET,196,311
17,GET,197,297
17,GET,198,351
17,GET,199,324
17,GET,200,306
17,GET,201,365
17,GET,202,352
17,GET,203,377
17,GET,204,376
17,GET,205,394
17,GET,206,365
17,GET,207,373
17,GET,208,386
17,GET,209,388
17,GET,210,402
17,GET,211,419
17,GET,212,443
17,GET,213,421
17,GET,214,482
17,GET,215,461
17,GET,216,467
17,GET,217,495
17,GET,218,524
17,GET,219,514
17,GET,220,504
17,GET,221,530
17,GET,222,522
17,GET,223,515
17,GET,224,564
17,GET,225,574
17,GET,226,571
17,GET,227,614
17,GET,228,617
17,GET,229,628
17,GET,230,637
17,GET,231,628
17,GET,232,659
17,GET,233,653
17,GET,234,675
17,GET,235,695
17,GET,236,718
17,GET,237,714
17,GET,238,718
17,GET,239,771
17,GET,240,789
17,GET,241,746
17,GET,242,751
17,GET,243,758
17,GET,244,810
17,GET,245,833
17,GET,246,744
17,GET,247,857
17,GET,248,806
17,GET,249,804
17,GET,250,925
17,GET,251,872
17,GET,252,881
17,GET,253,871
17,GET,254,956
17,GET,255,911
17,GET,257,1889
17,GET,259,1910
17,GET,261,2026
17,GET,263,2050
17,GET,265,2151
17,GET,267,2177
17,GET,269,2325
17,GET,271,2338
17,GET,273,2295
17,GET,275,2325
17,GET,277,2497
17,GET,279,2454
17,GET,281,2481
17,GET,283,2638
17,GET,285,2651
17,GET,287,2630
17,GET,289,2653
17,GET,291,2738
17,GET,293,2833
17,GET,295,2752
17,GET,297,2915
17,GET,299,2759
17,GET,301,2808
17,GET,303,2974
17,GET,305,3022
17,GET,307,2959
17,GET,309,3041
17,GET,311,2967
17,GET,313,3068
17,GET,315,3150
17,GET,317,3042
17,GET,319,3179
17,GET,321,3158
17,GET,323,3164
17,GET,325,3126
17,GET,327,3245
17,GET,329,3161
17,GET,331,3186
17,GET,333,3131
17,GET,335,3348
17,GET,337,3300
17,GET,339,3279
17,GET,341,3353
17,GET,343,3425
17,GET,345,3333
17,GET,347,3391
17,GET,349,3394
17,GET,351,3388
17,GET,353,3316
17,GET,355,3369
17,GET,357,3527
17,GET,359,3425
17,GET,361,3446
17,GET,363,3399
17,GET,365,3413
17,GET,367,3444
17,GET,369,3451
17,GET,371,3405
17,GET,373,3541
17,GET,375,3510
17,GET,377,3446
17,GET,379,3378
17,GET,381,3434
17,GET,383,3450
17,GET,385,3427
17,GET,387,3338
17,GET,389,3309
17,GET,391,3356
17,GET,393,3341
17,GET,395,3308
17,GET,397,3362
17,GET,399,3236
17,GET,401,3274
17,GET,403,3350
17,GET,405,3214
17,GET,407,3212
17,GET,409,3164
17,GET,411,3292
17,GET,413,3204
17,GET,415,2973
17,GET,417,3061
17,GET,419,3015
17,GET,421,3085
17,GET,423,2949
17,GET,425,3091
17,GET,427,2987
17,GET,429,3058
17,GET,431,2912
17,GET,433,2892
17,GET,435,2815
17,GET,437,2736
17,GET,439,2751
17,GET,441,2664
17,GET,443,2611
17,GET,445,2677
17,GET,447,2515
17,GET,449,2483
17,GET,451,2400
17,GET,453,2463
17,GET,455,2452
17,GET,457,2297
17,GET,459,2290
17,GET,461,2312
17,GET,463,2187
17,GET,465,2242
17,GET,467,2080
17,GET,469,2072
17,GET,471,2010
17,GET,473,2006
17,GET,475,1909
17,GET,477,1903
17,GET,479,1901
17,GET,481,1798
17,GET,483,1801
17,GET,485,1662
17,GET,487,1703
17,GET,489,1619
17,GET,491,1658
17,GET,493,1607
17,GET,495,1587
17,GET,497,1517
17,GET,499,1426
17,GET,501,1433
17,GET,503,1391
17,GET,505,1313
17,GET,507,1405
17,GET,509,1356
17,GET,511,1271
17,GET,515,2479
17,GET,519,2431
17,GET,523,2220
17,GET,527,2007
17,GET,531,2011
17,GET,535,1996
17,GET,539,1903
17,GET,543,1724
17,GET,547,1736
17,GET,551,1680
17,GET,555,1505
17,GET,559,1374
17,GET,563,1387
17,GET,567,1311
17,GET,571,1140
17,GET,575,1149
17,GET,579,1106
17,GET,583,1003
17,GET,587,1004
17,GET,591,889
17,GET,595,867
17,GET,599,830
17,GET,603,810
17,GET,607,708
17,GET,611,687
17,GET,615,609
17,GET,619,612
17,GET,623,551
17,GET,627,490
17,GET,631,429
17,GET,635,405
17,GET,639,396
17,GET,643,362
17,GET,647,350
17,GET,651,317
17,GET,655,272
17,GET,659,232
17,GET,663,241
17,GET,667,217
17,GET,671,204
17,GET,675,187
17,GET,679,156
17,GET,683,154
17,GET,687,129
17,GET,691,109
17,GET,695,107
17,GET,699,108
17,GET,703,105
17,GET,707,75
17,GET,711,70
17,GET,715,74
17,GET,719,52
17,GET,723,43
17,GET,727,38
17,GET,731,42
17,GET,735,39
17,GET,739,27
17,GET,743,27
17,GET,747,14
17,GET,751,23
17,GET,755,22
17,GET,759,25
17,GET,763,16
17,GET,767,16
17,GET,771,14
17,GET,775,20
17,GET,779,11
17,GET,783,15
17,GET,787,10
17,GET,791,13
17,GET,795,10
17,GET,799,7
17,GET,803,3
17,GET,807,4
17,GET,811,7
17,GET,815,4
17,GET,819,4
17,GET,823,4
17,GET,827,5
17,GET,831,2
17,GET,835,7
17,GET,839,2
17,GET,843,2
17,GET,855,4
17,GET,859,1
17,GET,863,1
17,GET,867,5
17,GET,871,1
17,GET,875,3
17,GET,879,3
17,GET,883,1
17,GET,887,1
17,GET,891,4
17,GET,895,1
17,GET,899,1
17,GET,907,2
17,GET,911,1
17,GET,923,1
17,GET,931,1
17,GET,935,1
17,GET,939,1
17,GET,947,1
17,GET,955,1
17,GET,963,1
17,GET,967,1
17,GET,971,1
17,GET,983,2
17,GET,991,1
17,GET,995,2
17,GET,999,1
17,GET,1019,1
17,GET,1031,2
17,GET,1047,1
17,GET,1063,2
17,GET,1071,1
17,GET,1095,3
17,GET,1111,3
17,GET,1135,1
17,GET,1143,1
17,GET,1159,2
17,GET,1167,2
17,GET,1183,1
17,GET,1279,1
17,GET,1287,3
17,GET,1311,1
17,GET,1327,1
17,GET,1335,1
17,GET,1351,1
17,GET,1391,1
17,GET,1415,1
17,GET,1439,1
17,GET,1447,4
17,GET,1471,1
17,GET,1479,2
17,GET,1503,2
17,GET,1511,1
17,GET,1519,4
17,GET,1527,3
17,GET,1535,2
17,GET,1543,2
17,GET,1567,2
17,GET,1575,2
17,GET,1591,1
17,GET,1615,1
17,GET,1623,1
17,GET,1631,1
17,GET,1647,3
17,GET,1655,1
17,GET,1687,1
17,GET,1695,1
17,GET,1719,2
17,GET,1751,2
17,GET,1767,1
17,GET,1775,1
17,GET,1799,1
17,GET,1807,1
17,GET,1823,1
17,GET,1839,1
17,GET,1863,1
17,GET,1879,2
17,GET,1895,1
17,GET,1919,1
17,GET,1951,2
17,GET,1983,1
17,GET,2007,4
17,GET,2023,2
17,GET,2031,2
17,GET,2039,1
17,GET,2047,1
17,GET,2063,2
17,GET,2095,1
17,GET,2159,2
17,GET,2175,2
17,GET,2191,1
17,GET,2223,1
17,GET,2319,1
17,GET,2335,1
17,GET,2351,1
17,GET,2383,1
17,GET,2463,1
17,GET,2527,1
17,GET,2623,1
17,GET,2687,1
17,GET,2703,1
17,GET,2719,1
17,GET,2831,1
17,GET,3167,1
17,GET,3743,1
17,GET,52991,1
17,GET,53247,1
17,GET,55807,1
17,GET,57087,1
17,GET,58623,1
17,GET,59391,1
17,GET,60671,1
17,GET,61951,1
17,GET,66047,1
18,SET,97,1
18,SET,103,1
18,SET,106,2
18,SET,107,3
18,SET,108,2
18,SET,110,1
18,SET,111,1
18,SET,113,1
18,SET,114,1
18,SET,115,2
18,SET,118,1
18,SET,119,1
18,SET,120,2
18,SET,121,5
18,SET,122,5
18,SET,123,4
18,SET,124,1
18,SET,125,1
18,SET,126,6
18,SET,127,1
18,SET,128,4
18,SET,129,4
18,SET,130,4
18,SET,131,3
18,SET,132,1
18,SET,133,4
18,SET,134,1
18,SET,135,4
18,SET,136,3
18,SET,137,3
18,SET,138,6
18,SET,139,2
18,SET,140,5
18,SET,141,4
18,SET,142,3
18,SET,143,10
18,SET,144,8
18,SET,145,5
18,SET,146,3
18,SET,147,4
18,SET,148,7
18,SET,149,7
18,SET,150,6
18,SET,151,7
18,SET,152,6
18,SET,153,5
18,SET,154,9
18,SET,155,9
18,SET,156,9
18,SET,157,5
18,SET,158,7
18,SET,159,8
18,SET,160,9
18,SET,161,11
18,SET,162,10
18,SET,163,8
18,SET,164,8
18,SET,165,7
18,SET,166,12
18,SET,167,11
18,SET,168,11
18,SET,169,10
18,SET,170,11
18,SET,171,12
18,SET,172,13
18,SET,173,18
18,SET,174,11
18,SET,175,12
18,SET,176,11
18,SET,177,18
18,SET,178,15
18,SET,179,10
18,SET,180,13
18,SET,181,8
18,SET,182,9
18,SET,183,9
18,SET,184,15
18,SET,185,15
18,SET,186,13
18,SET,187,18
18,SET,188,23
18,SET,189,20
18,SET,190,17
18,SET,191,25
18,SET,192,20
18,SET,193,18
18,SET,194,15
18,SET,195,22
18,SET,196,15
18,SET,197,16
18,SET,198,18
18,SET,199,18
18,SET,200,17
18,SET,201,19
18,SET,202,20
18,SET,203,19
18,SET,204,25
18,SET,205,18
18,SET,206,27
18,SET,207,25
18,SET,208,23
18,SET,209,25
18,SET,210,28
18,SET,211,25
18,SET,212,23
18,SET,213,27
18,SET,214,28
18,SET,215,28
18,SET,216,21
18,SET,217,39
18,SET,218,35
18,SET,219,40
18,SET,220,29
18,SET,221,44
18,SET,222,30
18,SET,223,28
18,SET,224,35
18,SET,225,32
18,SET,226,27
18,SET,227,42
18,SET,228,38
18,SET,229,37
18,SET,230,41
18,SET,231,42
18,SET,232,38
18,SET,233,46
18,SET,234,45
18,SET,235,42
18,SET,236,45
18,SET,237,41
18,SET,238,54
18,SET,239,35
18,SET,240,43
18,SET,241,60
18,SET,242,46
18,SET,243,53
18,SET,244,58
18,SET,245,46
18,SET,246,55
18,SET,247,50
18,SET,248,61
18,SET,249,58
18,SET,250,57
18,SET,251,63
18,SET,252,53
18,SET,253,71
18,SET,254,45
18,SET,255,60
18,SET,257,129
18,SET,259,161
18,SET,261,128
18,SET,263,141
18,SET,265,152
18,SET,267,138
18,SET,269,141
18,SET,271,161
18,SET,273,148
18,SET,275,148
18,SET,277,140
18,SET,279,179
18,SET,281,165
18,SET,283,169
18,SET,285,184
18,SET,287,163
18,SET,289,209
18,SET,291,212
18,SET,293,204
18,SET,295,210
18,SET,297,218
18,SET,299,206
18,SET,301,218
18,SET,303,188
18,SET,305,184
18,SET,307,197
18,SET,309,184
18,SET,311,217
18,SET,313,227
18,SET,315,212
18,SET,317,199
18,SET,319,213
18,SET,321,225
18,SET,323,203
18,SET,325,253
18,SET,327,218
18,SET,329,207
18,SET,331,207
18,SET,333,222
18,SET,335,217
18,SET,337,243
18,SET,339,228
18,SET,341,232
18,SET,343,240
18,SET,345,230
18,SET,347,248
18,SET,349,240
18,SET,351,255
18,SET,353,263
18,SET,355,247
18,SET,357,223
18,SET,359,231
18,SET,361,257
18,SET,363,244
18,SET,365,241
18,SET,367,258
18,SET,369,267
18,SET,371,285
18,SET,373,267
18,SET,375,252
18,SET,377,260
18,SET,379,255
18,SET,381,274
18,SET,383,246
18,SET,385,248
18,SET,387,263
18,SET,389,243
18,SET,391,232
18,SET,393,266
18,SET,395,263
18,SET,397,228
18,SET,399,251
18,SET,401,247
18,SET,403,234
18,SET,405,232
18,SET,407,257
18,SET,409,238
18,SET,411,240
18,SET,413,251
18,SET,415,248
18,SET,417,201
18,SET,419,243
18,SET,421,215
18,SET,423,217
18,SET,425,200
18,SET,427,208
18,SET,429,211
18,SET,431,211
18,SET,433,219
18,SET,435,196
18,SET,437,195
18,SET,439,192
18,SET,441,196
18,SET,443,183
18,SET,445,199
18,SET,447,204
18,SET,449,202
18,SET,451,180
18,SET,453,173
18,SET,455,159
18,SET,457,141
18,SET,459,164
18,SET,461,156
18,SET,463,192
18,SET,465,166
18,SET,467,166
18,SET,469,170
18,SET,471,165
18,SET,473,129
18,SET,475,157
18,SET,477,147
18,SET,479,148
18,SET,481,147
18,SET,483,114
18,SET,485,145
18,SET,487,143
18,SET,489,121
18,SET,491,127
18,SET,493,131
18,SET,495,126
18,SET,497,102
18,SET,499,131
18,SET,501,123
18,SET,503,114
18,SET,505,104
18,SET,507,132
18,SET,509,107
18,SET,511,98
18,SET,515,199
18,SET,519,218
18,SET,523,155
18,SET,527,142
18,SET,531,164
18,SET,535,168
18,SET,539,148
18,SET,543,146
18,SET,547,115
18,SET,551,118
18,SET,555,135
18,SET,559,141
18,SET,563,99
18,SET,567,100
18,SET,571,90
18,SET,575,99
18,SET,579,99
18,SET,583,91
18,SET,587,83
18,SET,591,64
18,SET,595,58
18,SET,599,68
18,SET,603,53
18,SET,607,50
18,SET,611,45
18,SET,615,42
18,SET,619,49
18,SET,623,42
18,SET,627,40
18,SET,631,30
18,SET,635,41
18,SET,639,34
18,SET,643,35
18,SET,647,20
18,SET,651,28
18,SET,655,17
18,SET,659,27
18,SET,663,19
18,SET,667,16
18,SET,671,9
18,SET,675,12
18,SET,679,14
18,SET,683,9
18,SET,687,9
18,SET,691,13
18,SET,695,6
18,SET,699,11
18,SET,703,4
18,SET,707,6
18,SET,711,8
18,SET,715,4
18,SET,719,7
18,SET,723,5
18,SET,727,2
18,SET,731,2
18,SET,735,4
18,SET,739,2
18,SET,743,4
18,SET,747,5
18,SET,751,2
18,SET,759,1
18,SET,763,2
18,SET,767,1
18,SET,771,3
18,SET,775,1
18,SET,787,2
18,SET,811,2
18,SET,835,1
18,SET,971,1
18,SET,1071,2
18,SET,1535,1
18,SET,1727,1
18,SET,1903,1
18,SET,2063,2
18,GET,92,1
18,GET,94,1
18,GET,95,1
18,GET,96,2
18,GET,97,5
18,GET,98,5
18,GET,99,3
18,GET,100,4
18,GET,101,5
18,GET,102,5
18,GET,103,8
18,GET,104,11
18,GET,105,11
18,GET,106,5
18,GET,107,13
18,GET,108,18
18,GET,109,7
18,GET,110,19
18,GET,111,10
18,GET,112,22
18,GET,113,23
18,GET,114,16
18,GET,115,24
18,GET,116,21
18,GET,117,25
18,GET,118,28
18,GET,119,31
18,GET,120,33
18,GET,121,33
18,GET,122,43
18,GET,123,44
18,GET,124,49
18,GET,125,49
18,GET,126,56
18,GET,127,43
18,GET,128,47
18,GET,129,59
18,GET,130,47
18,GET,131,68
18,GET,132,46
18,GET,133,73
18,GET,134,65
18,GET,135,63
18,GET,136,63
18,GET,137,59
18,GET,138,78
18,GET,139,70
18,GET,140,59
18,GET,141,63
18,GET,142,89
18,GET,143,84
18,GET,144,82
18,GET,145,83
18,GET,146,102
18,GET,147,95
18,GET,148,101
18,GET,149,101
18,GET,150,104
18,GET,151,100
18,GET,152,106
18,GET,153,123
18,GET,154,104
18,GET,155,120
18,GET,156,110
18,GET,157,114
18,GET,158,109
18,GET,159,126
18,GET,160,134
18,GET,161,132
18,GET,162,149
18,GET,163,140
18,GET,164,130
18,GET,165,127
18,GET,166,144
18,GET,167,145
18,GET,168,151
18,GET,169,163
18,GET,170,171
18,GET,171,152
18,GET,172,131
18,GET,173,163
18,GET,174,172
18,GET,175,194
18,GET,176,187
18,GET,177,214
18,GET,178,202
18,GET,179,179
18,GET,180,187
18,GET,181,230
18,GET,182,218
18,GET,183,207
18,GET,184,226
18,GET,185,223
18,GET,186,242
18,GET,187,235
18,GET,188,240
18,GET,189,254
18,GET,190,249
18,GET,191,258
18,GET,192,286
18,GET,193,277
18,GET,194,294
18,GET,195,282
18,GET,196,324
18,GET,197,301
18,GET,198,307
18,GET,199,311
18,GET,200,329
18,GET,201,330
18,GET,202,336
18,GET,203,346
18,GET,204,353
18,GET,205,373
18,GET,206,360
18,GET,207,396
18,GET,208,397
18,GET,209,385
18,GET,210,379
18,GET,211,400
18,GET,212,426
18,GET,213,450
18,GET,214,452
18,GET,215,451
18,GET,216,456
18,GET,217,447
18,GET,218,505
18,GET,219,447
18,GET,220,483
18,GET,221,526
18,GET,222,487
18,GET,223,530
18,GET,224,531
18,GET,225,496
18,GET,226,530
18,GET,227,571
18,GET,228,579
18,GET,229,569
18,GET,230,668
18,GET,231,576
18,GET,232,598
18,GET,233,631
18,GET,234,616
18,GET,235,685
18,GET,236,609
18,GET,237,682
18,GET,238,684
18,GET,239,679
18,GET,240,698
18,GET,241,758
18,GET,242,689
18,GET,243,758
18,GET,244,756
18,GET,245,796
18,GET,246,775
18,GET,247,747
18,GET,248,818
18,GET,249,813
18,GET,250,831
18,GET,251,868
18,GET,252,881
18,GET,253,820
18,GET,254,851
18,GET,255,908
18,GET,257,1826
18,GET,259,1811
18,GET,261,1858
18,GET,263,1933
18,GET,265,1994
18,GET,267,2058
18,GET,269,2257
18,GET,271,2175
18,GET,273,2212
18,GET,275,2244
18,GET,277,2353
18,GET,279,2493
18,GET,281,2433
18,GET,283,2352
18,GET,285,2431
18,GET,287,2523
18,GET,289,2616
18,GET,291,2608
18,GET,293,2609
18,GET,295,2759
18,GET,297,2778
18,GET,299,2738
18,GET,301,2839
18,GET,303,2835
18,GET,305,2939
18,GET,307,2885
18,GET,309,2862
18,GET,311,2985
18,GET,313,3039
18,GET,315,3011
18,GET,317,3052
18,GET,319,3017
18,GET,321,3054
18,GET,323,3121
18,GET,325,3083
18,GET,327,3155
18,GET,329,3114
18,GET,331,3185
18,GET,333,3232
18,GET,335,3229
18,GET,337,3287
18,GET,339,3202
18,GET,341,3203
18,GET,343,3281
18,GET,345,3286
18,GET,347,3429
18,GET,349,3396
18,GET,351,3278
18,GET,353,3400
18,GET,355,3400
18,GET,357,3314
18,GET,359,3370
18,GET,361,3323
18,GET,363,3373
18,GET,365,3431
18,GET,367,3419
18,GET,369,3465
18,GET,371,3394
18,GET,373,3283
18,GET,375,3456
18,GET,377,3359
18,GET,379,3394
18,GET,381,3430
18,GET,383,3343
18,GET,385,3338
18,GET,387,3342
18,GET,389,3369
18,GET,391,3485
18,GET,393,3396
18,GET,395,3342
18,GET,397,3405
18,GET,399,3449
18,GET,401,3352
18,GET,403,3341
18,GET,405,3308
18,GET,407,3210
18,GET,409,3114
18,GET,411,3260
18,GET,413,3151
18,GET,415,3160
18,GET,417,3147
18,GET,419,3098
18,GET,421,3080
18,GET,423,3139
18,GET,425,2896
18,GET,427,2965
18,GET,429,3073
18,GET,431,2865
18,GET,433,2867
18,GET,435,2915
18,GET,437,2827
18,GET,439,2876
18,GET,441,2712
18,GET,443,2666
18,GET,445,2666
18,GET,447,2730
18,GET,449,2588
18,GET,451,2533
18,GET,453,2525
18,GET,455,2471
18,GET,457,2426
18,GET,459,2382
18,GET,461,2306
18,GET,463,2252
18,GET,465,2201
18,GET,467,2169
18,GET,469,2081
18,GET,471,2060
18,GET,473,2062
18,GET,475,2004
18,GET,477,2017
18,GET,479,1933
18,GET,481,1892
18,GET,483,1889
18,GET,485,1825
18,GET,487,1799
18,GET,489,1771
18,GET,491,1611
18,GET,493,1630
18,GET,495,1591
18,GET,497,1619
18,GET,499,1531
18,GET,501,1476
18,GET,503,1432
18,GET,505,1403
18,GET,507,1365
18,GET,509,1339
18,GET,511,1327
18,GET,515,2585
18,GET,519,2531
18,GET,523,2329
18,GET,527,2131
18,GET,531,2069
18,GET,535,1968
18,GET,539,1920
18,GET,543,1762
18,GET,547,1715
18,GET,551,1720
18,GET,555,1598
18,GET,559,1409
18,GET,563,1424
18,GET,567,1371
18,GET,571,1245
18,GET,575,1205
18,GET,579,1124
18,GET,583,1156
18,GET,587,962
18,GET,591,991
18,GET,595,863
18,GET,599,851
18,GET,603,780
18,GET,607,730
18,GET,611,658
18,GET,615,651
18,GET,619,635
18,GET,623,571
18,GET,627,544
18,GET,631,474
18,GET,635,430
18,GET,639,417
18,GET,643,378
18,GET,647,338
18,GET,651,361
18,GET,655,284
18,GET,659,251
18,GET,663,270
18,GET,667,269
18,GET,671,215
18,GET,675,212
18,GET,679,195
18,GET,683,149
18,GET,687,149
18,GET,691,123
18,GET,695,129
18,GET,699,104
18,GET,703,100
18,GET,707,83
18,GET,711,80
18,GET,715,65
18,GET,719,75
18,GET,723,64
18,GET,727,61
18,GET,731,54
18,GET,735,45
18,GET,739,41
18,GET,743,28
18,GET,747,24
18,GET,751,29
18,GET,755,20
18,GET,759,21
18,GET,763,29
18,GET,767,23
18,GET,771,16
18,GET,775,14
18,GET,779,17
18,GET,783,10
18,GET,787,10
18,GET,791,15
18,GET,795,6
18,GET,799,12
18,GET,803,7
18,GET,807,7
18,GET,811,6
18,GET,815,5
18,GET,819,7
18,GET,823,5
18,GET,827,6
18,GET,831,1
18,GET,835,3
18,GET,839,4
18,GET,843,4
18,GET,847,3
18,GET,851,2
18,GET,855,4
18,GET,859,1
18,GET,863,1
18,GET,867,3
18,GET,871,3
18,GET,875,3
18,GET,879,1
18,GET,883,2
18,GET,891,1
18,GET,895,1
18,GET,903,2
18,GET,907,2
18,GET,911,1
18,GET,923,1
18,GET,935,1
18,GET,939,1
18,GET,943,2
18,GET,947,2
18,GET,987,1
18,GET,995,2
18,GET,999,1
18,GET,1003,2
18,GET,1011,1
18,GET,1047,1
18,GET,1055,1
18,GET,1095,2
18,GET,1103,2
18,GET,1111,1
18,GET,1127,1
18,GET,1135,1
18,GET,1151,1
18,GET,1175,1
18,GET,1207,1
18,GET,1223,1
18,GET,1239,1
18,GET,1247,1
18,GET,1263,1
18,GET,1295,2
18,GET,1335,1
18,GET,1351,1
18,GET,1367,1
18,GET,1383,1
18,GET,1463,1
18,GET,1471,2
18,GET,1487,2
18,GET,1495,1
18,GET,1503,1
18,GET,1519,1
18,GET,1535,2
18,GET,1543,1
18,GET,1551,1
18,GET,1559,2
18,GET,1575,1
18,GET,1583,1
18,GET,1599,1
18,GET,1615,2
18,GET,1639,1
18,GET,1647,2
18,GET,1655,3
18,GET,1663,3
18,GET,1687,1
18,GET,1703,1
18,GET,1719,1
18,GET,1751,1
18,GET,1759,1
18,GET,1775,1
18,GET,1783,1
18,GET,1799,1
18,GET,1815,2
18,GET,1831,1
18,GET,1863,1
18,GET,1871,1
18,GET,1895,1
18,GET,1911,1
18,GET,1927,2
18,GET,1935,1
18,GET,1951,1
18,GET,1999,1
18,GET,2007,1
18,GET,2047,4
18,GET,2063,1
18,GET,2079,1
18,GET,2095,1
18,GET,2111,1
18,GET,2143,2
18,GET,2191,1
18,GET,2255,1
18,GET,2271,2
18,GET,2367,1
18,GET,2575,1
18,GET,2719,1
18,GET,45823,1
18,GET,53503,1
18,GET,55807,1
18,GET,56575,1
18,GET,56831,1
18,GET,58367,1
18,GET,59391,1
18,GET,60671,1
18,GET,65023,1
18,DEL,96,1
18,DEL,98,2
18,DEL,99,1
18,DEL,101,1
18,DEL,102,1
18,DEL,103,3
18,DEL,104,6
18,DEL,105,5
18,DEL,106,4
18,DEL,107,2
18,DEL,108,5
18,DEL,109,9
18,DEL,110,2
18,DEL,111,5
18,DEL,112,7
18,DEL,113,12
18,DEL,114,7
18,DEL,115,8
18,DEL,116,8
18,DEL,117,7
18,DEL,118,7
18,DEL,119,13
18,DEL,120,9
18,DEL,121,10
18,DEL,122,18
18,DEL,123,17
18,DEL,124,21
18,DEL,125,15
18,DEL,126,26
18,DEL,127,12
18,DEL,128,12
18,DEL,129,8
18,DEL,130,21
18,DEL,131,15
18,DEL,132,22
18,DEL,133,19
18,DEL,134,12
18,DEL,135,13
18,DEL,136,23
18,DEL,137,28
18,DEL,138,14
18,DEL,139,22
18,DEL,140,26
18,DEL,141,32
18,DEL,142,28
18,DEL,143,31
18,DEL,144,38
18,DEL,145,28
18,DEL,146,30
18,DEL,147,38
18,DEL,148,36
18,DEL,149,31
18,DEL,150,35
18,DEL,151,39
18,DEL,152,40
18,DEL,153,29
18,DEL,154,50
18,DEL,155,41
18,DEL,156,43
18,DEL,157,40
18,DEL,158,35
18,DEL,159,37
18,DEL,160,46
18,DEL,161,49
18,DEL,162,50
18,DEL,163,63
18,DEL,164,38
18,DEL,165,47
18,DEL,166,46
18,DEL,167,50
18,DEL,168,50
18,DEL,169,52
18,DEL,170,48
18,DEL,171,67
18,DEL,172,61
18,DEL,173,64
18,DEL,174,65
18,DEL,175,62
18,DEL,176,73
18,DEL,177,63
18,DEL,178,72
18,DEL,179,70
18,DEL,180,75
18,DEL,181,70
18,DEL,182,74
18,DEL,183,76
18,DEL,184,69
18,DEL,185,78
18,DEL,186,78
18,DEL,187,70
18,DEL,188,97
18,DEL,189,100
18,DEL,190,90
18,DEL,191,115
18,DEL,192,94
18,DEL,193,98
18,DEL,194,99
18,DEL,195,115
18,DEL,196,88
18,DEL,197,91
18,DEL,198,104
18,DEL,199,117
18,DEL,200,132
18,DEL,201,139
18,DEL,202,111
18,DEL,203,133
18,DEL,204,119
18,DEL,205,133
18,DEL,206,134
18,DEL,207,138
18,DEL,208,130
18,DEL,209,131
18,DEL,210,134
18,DEL,211,141
18,DEL,212,146
18,DEL,213,153
18,DEL,214,152
18,DEL,215,162
18,DEL,216,152
18,DEL,217,155
18,DEL,218,173
18,DEL,219,159
18,DEL,220,178
18,DEL,221,187
18,DEL,222,167
18,DEL,223,198
18,DEL,224,163
18,DEL,225,198
18,DEL,226,202
18,DEL,227,194
18,DEL,228,196
18,DEL,229,200
18,DEL,230,218
18,DEL,231,215
18,DEL,232,205
18,DEL,233,225
18,DEL,234,225
18,DEL,235,226
18,DEL,236,256
18,DEL,237,232
18,DEL,238,220
18,DEL,239,221
18,DEL,240,284
18,DEL,241,249
18,DEL,242,266
18,DEL,243,267
18,DEL,244,295
18,DEL,245,293
18,DEL,246,259
18,DEL,247,273
18,DEL,248,276
18,DEL,249,274
18,DEL,250,263
18,DEL,251,299
18,DEL,252,287
18,DEL,253,311
18,DEL,254,296
18,DEL,255,311
18,DEL,257,610
18,DEL,259,657
18,DEL,261,633
18,DEL,263,718
18,DEL,265,711
18,DEL,267,752
18,DEL,269,779
18,DEL,271,789
18,DEL,273,780
18,DEL,275,818
18,DEL,277,801
18,DEL,279,804
18,DEL,281,852
18,DEL,283,894
18,DEL,285,857
18,DEL,287,935
18,DEL,289,945
18,DEL,291,942
18,DEL,293,1007
18,DEL,295,960
18,DEL,297,904
18,DEL,299,1005
18,DEL,301,979
18,DEL,303,1046
18,DEL,305,1100
18,DEL,307,1012
18,DEL,309,1017
18,DEL,311,1018
18,DEL,313,1071
18,DEL,315,1051
18,DEL,317,1051
18,DEL,319,1086
18,DEL,321,1143
18,DEL,323,1043
18,DEL,325,1129
18,DEL,327,1188
18,DEL,329,1079
18,DEL,331,1100
18,DEL,333,1170
18,DEL,335,1115
18,DEL,337,1121
18,DEL,339,1159
18,DEL,341,1151
18,DEL,343,1171
18,DEL,345,1167
18,DEL,347,1143
18,DEL,349,1174
18,DEL,351,1165
18,DEL,353,1174
18,DEL,355,1223
18,DEL,357,1241
18,DEL,359,1180
18,DEL,361,1261
18,DEL,363,1187
18,DEL,365,1263
18,DEL,367,1238
18,DEL,369,1237
18,DEL,371,1174
18,DEL,373,1258
18,DEL,375,1155
18,DEL,377,1226
18,DEL,379,1255
18,DEL,381,1288
18,DEL,383,1243
18,DEL,385,1171
18,DEL,387,1190
18,DEL,389,1217
18,DEL,391,1248
18,DEL,393,1217
18,DEL,395,1238
18,DEL,397,1149
18,DEL,399,1169
18,DEL,401,1164
18,DEL,403,1149
18,DEL,405,1198
18,DEL,407,1265
18,DEL,409,1254
18,DEL,411,1160
18,DEL,413,1147
18,DEL,415,1138
18,DEL,417,1108
18,DEL,419,1117
18,DEL,421,1111
18,DEL,423,1095
18,DEL,425,1077
18,DEL,427,1135
18,DEL,429,1094
18,DEL,431,1019
18,DEL,433,1032
18,DEL,435,1048
18,DEL,437,998
18,DEL,439,954
18,DEL,441,979
18,DEL,443,946
18,DEL,445,913
18,DEL,447,952
18,DEL,449,985
18,DEL,451,882
18,DEL,453,858
18,DEL,455,895
18,DEL,457,858
18,DEL,459,880
18,DEL,461,859
18,DEL,463,821
18,DEL,465,829
18,DEL,467,830
18,DEL,469,795
18,DEL,471,760
18,DEL,473,753
18,DEL,475,735
18,DEL,477,702
18,DEL,479,695
18,DEL,481,713
18,DEL,483,626
18,DEL,485,680
18,DEL,487,588
18,DEL,489,554
18,DEL,491,642
18,DEL,493,604
18,DEL,495,583
18,DEL,497,537
18,DEL,499,589
18,DEL,501,599
18,DEL,503,527
18,DEL,505,506
18,DEL,507,502
18,DEL,509,518
18,DEL,511,481
18,DEL,515,984
18,DEL,519,891
18,DEL,523,797
18,DEL,527,790
18,DEL,531,761
18,DEL,535,700
18,DEL,539,729
18,DEL,543,655
18,DEL,547,630
18,DEL,551,561
18,DEL,555,598
18,DEL,559,566
18,DEL,563,472
18,DEL,567,465
18,DEL,571,469
18,DEL,575,451
18,DEL,579,433
18,DEL,583,381
18,DEL,587,393
18,DEL,591,337
18,DEL,595,323
18,DEL,599,297
18,DEL,603,281
18,DEL,607,265
18,DEL,611,225
18,DEL,615,205
18,DEL,619,234
18,DEL,623,221
18,DEL,627,176
18,DEL,631,185
18,DEL,635,163
18,DEL,639,143
18,DEL,643,167
18,DEL,647,139
18,DEL,651,127
18,DEL,655,128
18,DEL,659,103
18,DEL,663,91
18,DEL,667,89
18,DEL,671,79
18,DEL,675,68
18,DEL,679,57
18,DEL,683,62
18,DEL,687,53
18,DEL,691,41
18,DEL,695,41
18,DEL,699,34
18,DEL,703,34
18,DEL,707,31
18,DEL,711,29
18,DEL,715,23
18,DEL,719,24
18,DEL,723,27
18,DEL,727,17
18,DEL,731,18
18,DEL,735,14
18,DEL,739,17
18,DEL,743,8
18,DEL,747,10
18,DEL,751,8
18,DEL,755,3
18,DEL,759,5
18,DEL,763,6
18,DEL,767,8
18,DEL,771,12
18,DEL,775,7
18,DEL,779,6
18,DEL,783,5
18,DEL,787,2
18,DEL,791,5
18,DEL,799,2
18,DEL,803,4
18,DEL,811,4
18,DEL,815,1
18,DEL,819,4
18,DEL,823,2
18,DEL,827,2
18,DEL,835,1
18,DEL,839,1
18,DEL,843,1
18,DEL,847,2
18,DEL,851,2
18,DEL,863,1
18,DEL,867,1
18,DEL,895,2
18,DEL,899,1
18,DEL,915,2
18,DEL,983,2
18,DEL,987,1
18,DEL,1007,2
18,DEL,1011,1
18,DEL,1015,1
18,DEL,1079,1
18,DEL,1143,1
18,DEL,1167,1
18,DEL,1319,1
18,DEL,1359,1
18,DEL,1375,1
18,DEL,1391,1
18,DEL,1399,1
18,DEL,1439,1
18,DEL,1447,1
18,DEL,1471,1
18,DEL,1479,1
18,DEL,1519,1
18,DEL,1559,1
18,DEL,1655,1
18,DEL,1663,1
18,DEL,1679,1
18,DEL,1703,1
18,DEL,1719,1
18,DEL,1799,1
18,DEL,1815,1
18,DEL,1831,1
18,DEL,1927,1
18,DEL,2031,1
18,DEL,2127,3
18,DEL,2207,1
18,DEL,2223,1
18,DEL,2399,1
18,DEL,55039,1
18,DEL,56575,1
18,DEL,57343,1
18,DEL,58367,1
18,DEL,60415,1
18,DEL,60927,1
18,DEL,67071,1
19,GET,88,1
19,GET,92,1
19,GET,93,1
19,GET,94,1
19,GET,95,2
19,GET,96,5
19,GET,97,4
19,GET,99,3
19,GET,100,3
19,GET,101,7
19,GET,102,9
19,GET,103,6
19,GET,104,13
19,GET,105,10
19,GET,106,10
19,GET,107,19
19,GET,108,14
19,GET,109,10
19,GET,110,17
19,GET,111,18
19,GET,112,20
19,GET,113,17
19,GET,114,18
19,GET,115,25
19,GET,116,16
19,GET,117,25
19,GET,118,20
19,GET,119,23
19,GET,120,19
19,GET,121,29
19,GET,122,31
19,GET,123,43
19,GET,124,34
19,GET,125,30
19,GET,126,40
19,GET,127,39
19,GET,128,40
19,GET,129,44
19,GET,130,46
19,GET,131,43
19,GET,132,47
19,GET,133,58
19,GET,134,54
19,GET,135,56
19,GET,136,62
19,GET,137,67
19,GET,138,66
19,GET,139,64
19,GET,140,59
19,GET,141,77
19,GET,142,71
19,GET,143,68
19,GET,144,74
19,GET,145,69
19,GET,146,85
19,GET,147,62
19,GET,148,85
19,GET,149,71
19,GET,150,84
19,GET,151,95
19,GET,152,81
19,GET,153,103
19,GET,154,94
19,GET,155,102
19,GET,156,101
19,GET,157,97
19,GET,158,96
19,GET,159,88
19,GET,160,98
19,GET,161,100
19,GET,162,108
19,GET,163,117
19,GET,164,122
19,GET,165,133
19,GET,166,127
19,GET,167,122
19,GET,168,121
19,GET,169,160
19,GET,170,145
19,GET,171,146
19,GET,172,156
19,GET,173,184
19,GET,174,160
19,GET,175,166
19,GET,176,181
19,GET,177,168
19,GET,178,175
19,GET,179,173
19,GET,180,203
19,GET,181,187
19,GET,182,202
19,GET,183,191
19,GET,184,217
19,GET,185,216
19,GET,186,227
19,GET,187,199
19,GET,188,217
19,GET,189,234
19,GET,190,249
19,GET,191,245
19,GET,192,268
19,GET,193,283
19,GET,194,238
19,GET,195,306
19,GET,196,303
19,GET,197,287
19,GET,198,302
19,GET,199,288
19,GET,200,322
19,GET,201,344
19,GET,202,332
19,GET,203,353
19,GET,204,358
19,GET,205,336
19,GET,206,377
19,GET,207,379
19,GET,208,396
19,GET,209,394
19,GET,210,358
19,GET,211,398
19,GET,212,423
19,GET,213,447
19,GET,214,493
19,GET,215,485
19,GET,216,505
19,GET,217,464
19,GET,218,466
19,GET,219,501
19,GET,220,525
19,GET,221,519
19,GET,222,554
19,GET,223,523
19,GET,224,568
19,GET,225,505
19,GET,226,572
19,GET,227,544
19,GET,228,587
19,GET,229,584
19,GET,230,614
19,GET,231,628
19,GET,232,653
19,GET,233,682
19,GET,234,668
19,GET,235,653
19,GET,236,689
19,GET,237,711
19,GET,238,732
19,GET,239,727
19,GET,240,750
19,GET,241,807
19,GET,242,765
19,GET,243,766
19,GET,244,775
19,GET,245,803
19,GET,246,801
19,GET,247,811
19,GET,248,868
19,GET,249,890
19,GET,250,860
19,GET,251,839
19,GET,252,913
19,GET,253,912
19,GET,254,926
19,GET,255,971
19,GET,257,1867
19,GET,259,1945
19,GET,261,1988
19,GET,263,1985
19,GET,265,2093
19,GET,267,2186
19,GET,269,2273
19,GET,271,2356
19,GET,273,2290
19,GET,275,2387
19,GET,277,2337
19,GET,279,2485
19,GET,281,2457
19,GET,283,2412
19,GET,285,2611
19,GET,287,2598
19,GET,289,2689
19,GET,291,2758
19,GET,293,2712
19,GET,295,2748
19,GET,297,2664
19,GET,299,2864
19,GET,301,2839
19,GET,303,2906
19,GET,305,3004
19,GET,307,2953
19,GET,309,3017
19,GET,311,3090
19,GET,313,3077
19,GET,315,3041
19,GET,317,3070
19,GET,319,3168
19,GET,321,3222
19,GET,323,3165
19,GET,325,3155
19,GET,327,3165
19,GET,329,3172
19,GET,331,3298
19,GET,333,3321
19,GET,335,3273
19,GET,337,3304
19,GET,339,3159
19,GET,341,3259
19,GET,343,3409
19,GET,345,3327
19,GET,347,3361
19,GET,349,3367
19,GET,351,3392
19,GET,353,3403
19,GET,355,3265
19,GET,357,3393
19,GET,359,3430
19,GET,361,3348
19,GET,363,3528
19,GET,365,3390
19,GET,367,3457
19,GET,369,3338
19,GET,371,3501
19,GET,373,3407
19,GET,375,3443
19,GET,377,3443
19,GET,379,3493
19,GET,381,3453
19,GET,383,3435
19,GET,385,3496
19,GET,387,3369
19,GET,389,3424
19,GET,391,3533
19,GET,393,3370
19,GET,395,3311
19,GET,397,3363
19,GET,399,3299
19,GET,401,3353
19,GET,403,3297
19,GET,405,3194
19,GET,407,3252
19,GET,409,3171
19,GET,411,3288
19,GET,413,3268
19,GET,415,3242
19,GET,417,3123
19,GET,419,2986
19,GET,421,3043
19,GET,423,3100
19,GET,425,3020
19,GET,427,3038
19,GET,429,2942
19,GET,431,2862
19,GET,433,2707
19,GET,435,2821
19,GET,437,2713
19,GET,439,2695
19,GET,441,2695
19,GET,443,2675
19,GET,445,2628
19,GET,447,2606
19,GET,449,2559
19,GET,451,2565
19,GET,453,2505
19,GET,455,2395
19,GET,457,2344
19,GET,459,2294
19,GET,461,2229
19,GET,463,2308
19,GET,465,2213
19,GET,467,2124
19,GET,469,2042
19,GET,471,2101
19,GET,473,2047
19,GET,475,2010
19,GET,477,1789
19,GET,479,1886
19,GET,481,1796
19,GET,483,1830
19,GET,485,1694
19,GET,487,1741
19,GET,489,1631
19,GET,491,1632
19,GET,493,1626
19,GET,495,1612
19,GET,497,1556
19,GET,499,1519
19,GET,501,1479
19,GET,503,1347
19,GET,505,1363
19,GET,507,1356
19,GET,509,1300
19,GET,511,1292
19,GET,515,2446
19,GET,519,2363
19,GET,523,2350
19,GET,527,2199
19,GET,531,2075
19,GET,535,1953
19,GET,539,1751
19,GET,543,1781
19,GET,547,1670
19,GET,551,1618
19,GET,555,1515
19,GET,559,1405
19,GET,563,1415
19,GET,567,1293
19,GET,571,1211
19,GET,575,1167
19,GET,579,1110
19,GET,583,1095
19,GET,587,954
19,GET,591,887
19,GET,595,854
19,GET,599,801
19,GET,603,729
19,GET,607,707
19,GET,611,679
19,GET,615,624
19,GET,619,532
19,GET,623,554
19,GET,627,527
19,GET,631,443
19,GET,635,410
19,GET,639,410
19,GET,643,385
19,GET,647,341
19,GET,651,319
19,GET,655,275
19,GET,659,251
19,GET,663,230
19,GET,667,230
19,GET,671,215
19,GET,675,176
19,GET,679,151
19,GET,683,170
19,GET,687,136
19,GET,691,111
19,GET,695,101
19,GET,699,106
19,GET,703,95
19,GET,707,65
19,GET,711,63
19,GET,715,62
19,GET,719,52
19,GET,723,42
19,GET,727,34
19,GET,731,51
19,GET,735,33
19,GET,739,32
19,GET,743,29
19,GET,747,23
19,GET,751,21
19,GET,755,32
19,GET,759,26
19,GET,763,14
19,GET,767,14
19,GET,771,5
19,GET,775,7
19,GET,779,10
19,GET,783,15
19,GET,787,11
19,GET,791,12
19,GET,795,4
19,GET,799,8
19,GET,803,5
19,GET,807,7
19,GET,811,5
19,GET,815,4
19,GET,819,9
19,GET,823,6
19,GET,827,7
19,GET,831,1
19,GET,835,5
19,GET,839,4
19,GET,843,1
19,GET,847,2
19,GET,851,3
19,GET,855,3
19,GET,859,2
19,GET,871,1
19,GET,875,2
19,GET,883,3
19,GET,887,1
19,GET,891,1
19,GET,895,1
19,GET,899,1
19,GET,907,2
19,GET,911,1
19,GET,915,1
19,GET,919,3
19,GET,923,1
19,GET,927,3
19,GET,931,1
19,GET,935,2
19,GET,947,1
19,GET,951,2
19,GET,955,1
19,GET,963,1
19,GET,971,2
19,GET,975,2
19,GET,979,1
19,GET,991,1
19,GET,1019,1
19,GET,1039,2
19,GET,1063,1
19,GET,1087,2
19,GET,1095,1
19,GET,1119,1
19,GET,1135,1
19,GET,1151,1
19,GET,1159,1
19,GET,1167,1
19,GET,1271,1
19,GET,1287,2
19,GET,1303,1
19,GET,1327,2
19,GET,1335,1
19,GET,1351,1
19,GET,1359,1
19,GET,1367,1
19,GET,1383,1
19,GET,1391,1
19,GET,1399,1
19,GET,1431,1
19,GET,1439,1
19,GET,1447,1
19,GET,1495,2
19,GET,1503,1
19,GET,1511,1
19,GET,1519,1
19,GET,1527,2
19,GET,1543,2
19,GET,1551,2
19,GET,1559,1
19,GET,1567,1
19,GET,1583,1
19,GET,1591,2
19,GET,1599,1
19,GET,1607,1
19,GET,1631,2
19,GET,1639,2
19,GET,1647,1
19,GET,1655,2
19,GET,1663,1
19,GET,1671,1
19,GET,1679,2
19,GET,1695,1
19,GET,1703,1
19,GET,1719,1
19,GET,1727,2
19,GET,1743,1
19,GET,1751,2
19,GET,1775,1
19,GET,1791,1
19,GET,1807,1
19,GET,1823,1
19,GET,1839,1
19,GET,1847,1
19,GET,1863,1
19,GET,1871,1
19,GET,1887,1
19,GET,1895,1
19,GET,1911,2
19,GET,1951,1
19,GET,1967,1
19,GET,1999,3
19,GET,2015,1
19,GET,2047,1
19,GET,2063,1
19,GET,2079,1
19,GET,2095,1
19,GET,2111,1
19,GET,2159,1
19,GET,2175,1
19,GET,2239,1
19,GET,2255,1
19,GET,2303,1
19,GET,2351,2
19,GET,2383,2
19,GET,2399,1
19,GET,2415,1
19,GET,2527,1
19,GET,2559,1
19,GET,2623,1
19,GET,3295,1
19,GET,3807,1
19,GET,4191,1
19,GET,4799,1
19,GET,54015,1
19,GET,54271,1
19,GET,54527,1
19,GET,57343,1
19,GET,58367,1
19,GET,58623,1
19,GET,59391,1
19,GET,60415,1
19,GET,61183,1
19,SET,100,1
19,SET,103,1
19,SET,109,1
19,SET,111,1
19,SET,113,1
19,SET,114,1
19,SET,115,2
19,SET,116,3
19,SET,117,2
19,SET,118,1
19,SET,119,1
19,SET,120,3
19,SET,121,2
19,SET,123,4
19,SET,124,2
19,SET,125,2
19,SET,126,2
19,SET,127,2
19,SET,128,3
19,SET,129,2
19,SET,130,3
19,SET,131,6
19,SET,132,1
19,SET,133,4
19,SET,134,5
19,SET,135,5
19,SET,137,6
19,SET,138,1
19,SET,139,5
19,SET,140,10
19,SET,141,5
19,SET,142,3
19,SET,143,7
19,SET,144,2
19,SET,145,3
19,SET,146,4
19,SET,147,2
19,SET,148,5
19,SET,149,7
19,SET,150,7
19,SET,151,2
19,SET,152,4
19,SET,153,8
19,SET,154,6
19,SET,155,9
19,SET,156,5
19,SET,157,3
19,SET,158,5
19,SET,159,7
19,SET,160,5
19,SET,161,9
19,SET,162,3
19,SET,163,11
19,SET,164,11
19,SET,165,11
19,SET,166,9
19,SET,167,11
19,SET,168,9
19,SET,169,12
19,SET,170,17
19,SET,171,3
19,SET,172,7
19,SET,173,11
19,SET,174,9
19,SET,175,7
19,SET,176,13
19,SET,177,13
19,SET,178,13
19,SET,179,6
19,SET,180,11
19,SET,181,11
19,SET,182,13
19,SET,183,13
19,SET,184,16
19,SET,185,16
19,SET,186,13
19,SET,187,23
19,SET,188,18
19,SET,189,23
19,SET,190,13
19,SET,191,17
19,SET,192,25
19,SET,193,23
19,SET,194,24
19,SET,195,17
19,SET,196,16
19,SET,197,18
19,SET,198,19
19,SET,199,26
19,SET,200,20
19,SET,201,27
19,SET,202,22
19,SET,203,18
19,SET,204,28
19,SET,205,29
19,SET,206,25
19,SET,207,24
19,SET,208,27
19,SET,209,24
19,SET,210,25
19,SET,211,23
19,SET,212,39
19,SET,213,36
19,SET,214,30
19,SET,215,33
19,SET,216,29
19,SET,217,32
19,SET,218,39
19,SET,219,24
19,SET,220,38
19,SET,221,28
19,SET,222,40
19,SET,223,41
19,SET,224,44
19,SET,225,40
19,SET,226,45
19,SET,227,35
19,SET,228,36
19,SET,229,54
19,SET,230,40
19,SET,231,29
19,SET,232,42
19,SET,233,48
19,SET,234,47
19,SET,235,50
19,SET,236,43
19,SET,237,65
19,SET,238,41
19,SET,239,41
19,SET,240,47
19,SET,241,42
19,SET,242,50
19,SET,243,51
19,SET,244,63
19,SET,245,49
19,SET,246,55
19,SET,247,63
19,SET,248,73
19,SET,249,66
19,SET,250,70
19,SET,251,75
19,SET,252,57
19,SET,253,67
19,SET,254,52
19,SET,255,58
19,SET,257,124
19,SET,259,131
19,SET,261,134
19,SET,263,127
19,SET,265,127
19,SET,267,137
19,SET,269,141
19,SET,271,132
19,SET,273,165
19,SET,275,162
19,SET,277,166
19,SET,279,195
19,SET,281,202
19,SET,283,182
19,SET,285,174
19,SET,287,191
19,SET,289,210
19,SET,291,175
19,SET,293,206
19,SET,295,158
19,SET,297,219
19,SET,299,185
19,SET,301,198
19,SET,303,219
19,SET,305,186
19,SET,307,211
19,SET,309,209
19,SET,311,209
19,SET,313,205
19,SET,315,198
19,SET,317,227
19,SET,319,215
19,SET,321,233
19,SET,323,211
19,SET,325,245
19,SET,327,241
19,SET,329,239
19,SET,331,237
19,SET,333,237
19,SET,335,230
19,SET,337,215
19,SET,339,212
19,SET,341,226
19,SET,343,229
19,SET,345,241
19,SET,347,231
19,SET,349,232
19,SET,351,244
19,SET,353,239
19,SET,355,245
19,SET,357,257
19,SET,359,229
19,SET,361,246
19,SET,363,227
19,SET,365,247
19,SET,367,243
19,SET,369,248
19,SET,371,250
19,SET,373,248
19,SET,375,279
19,SET,377,278
19,SET,379,231
19,SET,381,248
19,SET,383,271
19,SET,385,227
19,SET,387,240
19,SET,389,228
19,SET,391,233
19,SET,393,251
19,SET,395,264
19,SET,397,214
19,SET,399,247
19,SET,401,235
19,SET,403,255
19,SET,405,254
19,SET,407,239
19,SET,409,234
19,SET,411,232
19,SET,413,243
19,SET,415,202
19,SET,417,222
19,SET,419,220
19,SET,421,217
19,SET,423,228
19,SET,425,209
19,SET,427,209
19,SET,429,203
19,SET,431,222
19,SET,433,216
19,SET,435,203
19,SET,437,203
19,SET,439,207
19,SET,441,204
19,SET,443,175
19,SET,445,180
19,SET,447,187
19,SET,449,172
19,SET,451,189
19,SET,453,179
19,SET,455,174
19,SET,457,184
19,SET,459,188
19,SET,461,198
19,SET,463,187
19,SET,465,159
19,SET,467,148
19,SET,469,162
19,SET,471,158
19,SET,473,157
19,SET,475,148
19,SET,477,133
19,SET,479,135
19,SET,481,162
19,SET,483,144
19,SET,485,141
19,SET,487,127
19,SET,489,117
19,SET,491,114
19,SET,493,111
19,SET,495,121
19,SET,497,113
19,SET,499,113
19,SET,501,115
19,SET,503,96
19,SET,505,88
19,SET,507,106
19,SET,509,120
19,SET,511,77
19,SET,515,170
19,SET,519,178
19,SET,523,188
19,SET,527,156
19,SET,531,162
19,SET,535,143
19,SET,539,164
19,SET,543,124
19,SET,547,96
19,SET,551,114
19,SET,555,104
19,SET,559,97
19,SET,563,116
19,SET,567,91
19,SET,571,84
19,SET,575,81
19,SET,579,82
19,SET,583,77
19,SET,587,64
19,SET,591,63
19,SET,595,56
19,SET,599,65
19,SET,603,44
19,SET,607,40
19,SET,611,42
19,SET,615,46
19,SET,619,42
19,SET,623,47
19,SET,627,30
19,SET,631,39
19,SET,635,39
19,SET,639,26
19,SET,643,22
19,SET,647,24
19,SET,651,20
19,SET,655,21
19,SET,659,19
19,SET,663,15
19,SET,667,14
19,SET,671,21
19,SET,675,13
19,SET,679,18
19,SET,683,12
19,SET,687,12
19,SET,691,5
19,SET,695,11
19,SET,699,6
19,SET,703,6
19,SET,707,4
19,SET,711,4
19,SET,715,5
19,SET,719,5
19,SET,723,6
19,SET,727,2
19,SET,731,5
19,SET,735,6
19,SET,743,4
19,SET,747,3
19,SET,751,1
19,SET,755,5
19,SET,759,7
19,SET,767,2
19,SET,771,1
19,SET,775,2
19,SET,819,1
19,SET,827,1
19,SET,863,1
19,SET,931,1
19,SET,947,1
19,SET,983,1
19,SET,1071,1
19,SET,1079,1
19,SET,1367,1
19,SET,1567,1
19,SET,1575,1
19,SET,1583,1
19,SET,1647,1
19,SET,1767,1
19,SET,1871,1
19,SET,2895,1
19,SET,57855,1
19,DEL,90,1
19,DEL,94,1
19,DEL,95,2
19,DEL,96,1
19,DEL,99,1
19,DEL,100,1
19,DEL,102,1
19,DEL,103,3
19,DEL,104,2
19,DEL,105,3
19,DEL,106,3
19,DEL,107,1
19,DEL,108,9
19,DEL,109,3
19,DEL,110,2
19,DEL,111,2
19,DEL,112,7
19,DEL,113,5
19,DEL,114,3
19,DEL,115,10
19,DEL,116,11
19,DEL,117,6
19,DEL,118,13
19,DEL,119,11
19,DEL,120,12
19,DEL,121,5
19,DEL,122,12
19,DEL,123,12
19,DEL,124,11
19,DEL,125,11
19,DEL,126,19
19,DEL,127,10
19,DEL,128,18
19,DEL,129,20
19,DEL,130,17
19,DEL,131,11
19,DEL,132,15
19,DEL,133,17
19,DEL,134,11
19,DEL,135,15
19,DEL,136,30
19,DEL,137,18
19,DEL,138,20
19,DEL,139,21
19,DEL,140,25
19,DEL,141,19
19,DEL,142,20
19,DEL,143,21
19,DEL,144,30
19,DEL,145,29
19,DEL,146,30
19,DEL,147,28
19,DEL,148,28
19,DEL,149,23
19,DEL,150,19
19,DEL,151,34
19,DEL,152,25
19,DEL,153,30
19,DEL,154,36
19,DEL,155,24
19,DEL,156,32
19,DEL,157,35
19,DEL,158,41
19,DEL,159,28
19,DEL,160,28
19,DEL,161,40
19,DEL,162,38
19,DEL,163,34
19,DEL,164,38
19,DEL,165,35
19,DEL,166,50
19,DEL,167,49
19,DEL,168,46
19,DEL,169,43
19,DEL,170,33
19,DEL,171,49
19,DEL,172,50
19,DEL,173,39
19,DEL,174,39
19,DEL,175,47
19,DEL,176,65
19,DEL,177,60
19,DEL,178,54
19,DEL,179,76
19,DEL,180,65
19,DEL,181,63
19,DEL,182,81
19,DEL,183,71
19,DEL,184,76
19,DEL,185,70
19,DEL,186,71
19,DEL,187,75
19,DEL,188,90
19,DEL,189,76
19,DEL,190,74
19,DEL,191,97
19,DEL,192,98
19,DEL,193,100
19,DEL,194,86
19,DEL,195,94
19,DEL,196,105
19,DEL,197,70
19,DEL,198,112
19,DEL,199,115
19,DEL,200,122
19,DEL,201,119
19,DEL,202,105
19,DEL,203,128
19,DEL,204,121
19,DEL,205,133
19,DEL,206,124
19,DEL,207,122
19,DEL,208,110
19,DEL,209,121
19,DEL,210,131
19,DEL,211,139
19,DEL,212,146
19,DEL,213,148
19,DEL,214,154
19,DEL,215,178
19,DEL,216,167
19,DEL,217,147
19,DEL,218,158
19,DEL,219,168
19,DEL,220,171
19,DEL,221,191
19,DEL,222,165
19,DEL,223,204
19,DEL,224,202
19,DEL,225,190
19,DEL,226,207
19,DEL,227,215
19,DEL,228,203
19,DEL,229,216
19,DEL,230,201
19,DEL,231,225
19,DEL,232,224
19,DEL,233,209
19,DEL,234,221
19,DEL,235,255
19,DEL,236,240
19,DEL,237,248
19,DEL,238,259
19,DEL,239,240
19,DEL,240,250
19,DEL,241,255
19,DEL,242,257
19,DEL,243,264
19,DEL,244,282
19,DEL,245,282
19,DEL,246,278
19,DEL,247,296
19,DEL,248,284
19,DEL,249,274
19,DEL,250,308
19,DEL,251,325
19,DEL,252,305
19,DEL,253,322
19,DEL,254,320
19,DEL,255,354
19,DEL,257,684
19,DEL,259,724
19,DEL,261,707
19,DEL,263,734
19,DEL,265,765
19,DEL,267,797
19,DEL,269,753
19,DEL,271,811
19,DEL,273,816
19,DEL,275,853
19,DEL,277,849
19,DEL,279,846
19,DEL,281,821
19,DEL,283,850
19,DEL,285,907
19,DEL,287,938
19,DEL,289,929
19,DEL,291,968
19,DEL,293,965
19,DEL,295,1046
19,DEL,297,1011
19,DEL,299,1030
19,DEL,301,1059
19,DEL,303,1059
19,DEL,305,1021
19,DEL,307,1020
19,DEL,309,1050
19,DEL,311,1020
19,DEL,313,1099
19,DEL,315,1014
19,DEL,317,1104
19,DEL,319,1096
19,DEL,321,1084
19,DEL,323,1122
19,DEL,325,1090
19,DEL,327,1208
19,DEL,329,1132
19,DEL,331,1158
19,DEL,333,1119
19,DEL,335,1190
19,DEL,337,1145
19,DEL,339,1168
19,DEL,341,1151
19,DEL,343,1209
19,DEL,345,1161
19,DEL,347,1190
19,DEL,349,1197
19,DEL,351,1212
19,DEL,353,1241
19,DEL,355,1203
19,DEL,357,1205
19,DEL,359,1245
19,DEL,361,1218
19,DEL,363,1215
19,DEL,365,1273
19,DEL,367,1260
19,DEL,369,1223
19,DEL,371,1180
19,DEL,373,1225
19,DEL,375,1223
19,DEL,377,1229
19,DEL,379,1274
19,DEL,381,1243
19,DEL,383,1245
19,DEL,385,1261
19,DEL,387,1165
19,DEL,389,1253
19,DEL,391,1236
19,DEL,393,1220
19,DEL,395,1243
19,DEL,397,1211
19,DEL,399,1203
19,DEL,401,1231
19,DEL,403,1187
19,DEL,405,1207
19,DEL,407,1151
19,DEL,409,1136
19,DEL,411,1189
19,DEL,413,1151
19,DEL,415,1128
19,DEL,417,1142
19,DEL,419,1158
19,DEL,421,1107
19,DEL,423,1098
19,DEL,425,1090
19,DEL,427,1127
19,DEL,429,1043
19,DEL,431,1045
19,DEL,433,1081
19,DEL,435,1012
19,DEL,437,1010
19,DEL,439,963
19,DEL,441,968
19,DEL,443,982
19,DEL,445,939
19,DEL,447,882
19,DEL,449,897
19,DEL,451,883
19,DEL,453,864
19,DEL,455,898
19,DEL,457,931
19,DEL,459,872
19,DEL,461,825
19,DEL,463,772
19,DEL,465,780
19,DEL,467,808
19,DEL,469,752
19,DEL,471,739
19,DEL,473,732
19,DEL,475,742
19,DEL,477,706
19,DEL,479,677
19,DEL,481,664
19,DEL,483,655
19,DEL,485,663
19,DEL,487,628
19,DEL,489,636
19,DEL,491,600
19,DEL,493,571
19,DEL,495,570
19,DEL,497,562
19,DEL,499,535
19,DEL,501,559
19,DEL,503,512
19,DEL,505,559
19,DEL,507,518
19,DEL,509,469
19,DEL,511,453
19,DEL,515,924
19,DEL,519,866
19,DEL,523,823
19,DEL,527,776
19,DEL,531,762
19,DEL,535,663
19,DEL,539,649
19,DEL,543,647
19,DEL,547,570
19,DEL,551,604
19,DEL,555,538
19,DEL,559,572
19,DEL,563,511
19,DEL,567,454
19,DEL,571,447
19,DEL,575,416
19,DEL,579,406
19,DEL,583,372
19,DEL,587,376
19,DEL,591,317
19,DEL,595,309
19,DEL,599,270
19,DEL,603,238
19,DEL,607,284
19,DEL,611,243
19,DEL,615,249
19,DEL,619,225
19,DEL,623,189
19,DEL,627,168
19,DEL,631,180
19,DEL,635,162
19,DEL,639,154
19,DEL,643,135
19,DEL,647,118
19,DEL,651,86
19,DEL,655,98
19,DEL,659,107
19,DEL,663,72
19,DEL,667,88
19,DEL,671,65
19,DEL,675,72
19,DEL,679,57
19,DEL,683,50
19,DEL,687,47
19,DEL,691,44
19,DEL,695,38
19,DEL,699,45
19,DEL,703,36
19,DEL,707,28
19,DEL,711,26
19,DEL,715,28
19,DEL,719,22
19,DEL,723,28
19,DEL,727,11
19,DEL,731,13
19,DEL,735,16
19,DEL,739,12
19,DEL,743,11
19,DEL,747,4
19,DEL,751,9
19,DEL,755,8
19,DEL,759,7
19,DEL,763,7
19,DEL,767,7
19,DEL,771,8
19,DEL,775,8
19,DEL,779,5
19,DEL,783,5
19,DEL,787,4
19,DEL,791,1
19,DEL,795,3
19,DEL,799,2
19,DEL,803,4
19,DEL,807,2
19,DEL,811,2
19,DEL,819,1
19,DEL,823,1
19,DEL,827,1
19,DEL,831,2
19,DEL,839,1
19,DEL,843,1
19,DEL,851,1
19,DEL,855,1
19,DEL,867,2
19,DEL,875,1
19,DEL,883,1
19,DEL,887,1
19,DEL,923,1
19,DEL,927,1
19,DEL,935,2
19,DEL,939,1
19,DEL,943,1
19,DEL,955,2
19,DEL,975,1
19,DEL,1019,2
19,DEL,1047,1
19,DEL,1079,1
19,DEL,1087,1
19,DEL,1127,1
19,DEL,1367,1
19,DEL,1375,1
19,DEL,1415,1
19,DEL,1471,1
19,DEL,1575,1
19,DEL,1615,2
19,DEL,1647,1
19,DEL,1695,1
19,DEL,1719,3
19,DEL,1727,1
19,DEL,1735,2
19,DEL,1743,1
19,DEL,1863,1
19,DEL,1943,1
19,DEL,1959,1
19,DEL,1975,1
19,DEL,1991,2
19,DEL,2127,1
19,DEL,2223,1
19,DEL,3535,1
19,DEL,53247,1
19,DEL,55551,1
19,DEL,59903,1
19,DEL,63231,1
19,DEL,63487,1
19,DEL,66559,1
20,DEL,96,1
20,DEL,97,1
20,DEL,100,1
20,DEL,103,2
20,DEL,104,4
20,DEL,105,3
20,DEL,106,4
20,DEL,107,1
20,DEL,108,3
20,DEL,109,7
20,DEL,110,8
20,DEL,111,3
20,DEL,112,1
20,DEL,113,4
20,DEL,114,5
20,DEL,115,8
20,DEL,116,7
20,DEL,117,6
20,DEL,118,8
20,DEL,119,11
20,DEL,120,9
20,DEL,121,7
20,DEL,122,14
20,DEL,123,10
20,DEL,124,16
20,DEL,125,12
20,DEL,126,15
20,DEL,127,20
20,DEL,128,16
20,DEL,129,13
20,DEL,130,17
20,DEL,131,13
20,DEL,132,18
20,DEL,133,15
20,DEL,134,21
20,DEL,135,13
20,DEL,136,19
20,DEL,137,21
20,DEL,138,20
20,DEL,139,28
20,DEL,140,17
20,DEL,141,20
20,DEL,142,27
20,DEL,143,22
20,DEL,144,23
20,DEL,145,31
20,DEL,146,36
20,DEL,147,33
20,DEL,148,32
20,DEL,149,29
20,DEL,150,30
20,DEL,151,25
20,DEL,152,27
20,DEL,153,30
20,DEL,154,38
20,DEL,155,25
20,DEL,156,42
20,DEL,157,35
20,DEL,158,37
20,DEL,159,38
20,DEL,160,39
20,DEL,161,39
20,DEL,162,53
20,DEL,163,48
20,DEL,164,45
20,DEL,165,48
20,DEL,166,35
20,DEL,167,55
20,DEL,168,48
20,DEL,169,48
20,DEL,170,50
20,DEL,171,50
20,DEL,172,51
20,DEL,173,56
20,DEL,174,45
20,DEL,175,62
20,DEL,176,53
20,DEL,177,60
20,DEL,178,67
20,DEL,179,69
20,DEL,180,73
20,DEL,181,81
20,DEL,182,70
20,DEL,183,72
20,DEL,184,71
20,DEL,185,73
20,DEL,186,88
20,DEL,187,98
20,DEL,188,74
20,DEL,189,85
20,DEL,190,82
20,DEL,191,78
20,DEL,192,92
20,DEL,193,98
20,DEL,194,95
20,DEL,195,113
20,DEL,196,110
20,DEL,197,106
20,DEL,198,105
20,DEL,199,117
20,DEL,200,102
20,DEL,201,122
20,DEL,202,120
20,DEL,203,124
20,DEL,204,122
20,DEL,205,143
20,DEL,206,129
20,DEL,207,125
20,DEL,208,114
20,DEL,209,147
20,DEL,210,151
20,DEL,211,166
20,DEL,212,151
20,DEL,213,173
20,DEL,214,129
20,DEL,215,155
20,DEL,216,146
20,DEL,217,147
20,DEL,218,177
20,DEL,219,178
20,DEL,220,175
20,DEL,221,188
20,DEL,222,170
20,DEL,223,198
20,DEL,224,187
20,DEL,225,204
20,DEL,226,182
20,DEL,227,182
20,DEL,228,191
20,DEL,229,226
20,DEL,230,230
20,DEL,231,193
20,DEL,232,223
20,DEL,233,237
20,DEL,234,234
20,DEL,235,221
20,DEL,236,232
20,DEL,237,246
20,DEL,238,235
20,DEL,239,229
20,DEL,240,265
20,DEL,241,261
20,DEL,242,273
20,DEL,243,270
20,DEL,244,268
20,DEL,245,293
20,DEL,246,294
20,DEL,247,266
20,DEL,248,291
20,DEL,249,308
20,DEL,250,307
20,DEL,251,330
20,DEL,252,309
20,DEL,253,304
20,DEL,254,337
20,DEL,255,322
20,DEL,257,637
20,DEL,259,663
20,DEL,261,736
20,DEL,263,659
20,DEL,265,743
20,DEL,267,756
20,DEL,269,742
20,DEL,271,839
20,DEL,273,838
20,DEL,275,844
20,DEL,277,800
20,DEL,279,873
20,DEL,281,871
20,DEL,283,833
20,DEL,285,896
20,DEL,287,893
20,DEL,289,906
20,DEL,291,997
20,DEL,293,947
20,DEL,295,1004
20,DEL,297,969
20,DEL,299,1074
20,DEL,301,1047
20,DEL,303,1054
20,DEL,305,1060
20,DEL,307,1047
20,DEL,309,1037
20,DEL,311,1039
20,DEL,313,1075
20,DEL,315,1039
20,DEL,317,1105
20,DEL,319,1084
20,DEL,321,1120
20,DEL,323,1090
20,DEL,325,1085
20,DEL,327,1118
20,DEL,329,1153
20,DEL,331,1169
20,DEL,333,1143
20,DEL,335,1117
20,DEL,337,1137
20,DEL,339,1107
20,DEL,341,1131
20,DEL,343,1158
20,DEL,345,1201
20,DEL,347,1140
20,DEL,349,1180
20,DEL,351,1233
20,DEL,353,1124
20,DEL,355,1185
20,DEL,357,1175
20,DEL,359,1271
20,DEL,361,1197
20,DEL,363,1223
20,DEL,365,1247
20,DEL,367,1212
20,DEL,369,1201
20,DEL,371,1196
20,DEL,373,1230
20,DEL,375,1179
20,DEL,377,1217
20,DEL,379,1204
20,DEL,381,1169
20,DEL,383,1216
20,DEL,385,1192
20,DEL,387,1222
20,DEL,389,1216
20,DEL,391,1209
20,DEL,393,1234
20,DEL,395,1236
20,DEL,397,1158
20,DEL,399,1201
20,DEL,401,1230
20,DEL,403,1244
20,DEL,405,1171
20,DEL,407,1258
20,DEL,409,1221
20,DEL,411,1144
20,DEL,413,1120
20,DEL,415,1135
20,DEL,417,1146
20,DEL,419,1142
20,DEL,421,1062
20,DEL,423,1133
20,DEL,425,1118
20,DEL,427,1080
20,DEL,429,1003
20,DEL,431,1029
20,DEL,433,1049
20,DEL,435,1011
20,DEL,437,1008
20,DEL,439,1005
20,DEL,441,947
20,DEL,443,912
20,DEL,445,944
20,DEL,447,988
20,DEL,449,875
20,DEL,451,864
20,DEL,453,884
20,DEL,455,873
20,DEL,457,871
20,DEL,459,787
20,DEL,461,808
20,DEL,463,783
20,DEL,465,771
20,DEL,467,798
20,DEL,469,736
20,DEL,471,756
20,DEL,473,679
20,DEL,475,713
20,DEL,477,715
20,DEL,479,615
20,DEL,481,734
20,DEL,483,688
20,DEL,485,664
20,DEL,487,622
20,DEL,489,604
20,DEL,491,604
20,DEL,493,579
20,DEL,495,589
20,DEL,497,520
20,DEL,499,512
20,DEL,501,567
20,DEL,503,503
20,DEL,505,511
20,DEL,507,537
20,DEL,509,485
20,DEL,511,482
20,DEL,515,923
20,DEL,519,843
20,DEL,523,868
20,DEL,527,810
20,DEL,531,753
20,DEL,535,747
20,DEL,539,705
20,DEL,543,677
20,DEL,547,596
20,DEL,551,557
20,DEL,555,564
20,DEL,559,519
20,DEL,563,497
20,DEL,567,471
20,DEL,571,491
20,DEL,575,435
20,DEL,579,382
20,DEL,583,376
20,DEL,587,373
20,DEL,591,329
20,DEL,595,300
20,DEL,599,315
20,DEL,603,290
20,DEL,607,277
20,DEL,611,255
20,DEL,615,252
20,DEL,619,202
20,DEL,623,236
20,DEL,627,196
20,DEL,631,172
20,DEL,635,167
20,DEL,639,138
20,DEL,643,119
20,DEL,647,128
20,DEL,651,109
20,DEL,655,102
20,DEL,659,121
20,DEL,663,97
20,DEL,667,90
20,DEL,671,87
20,DEL,675,61
20,DEL,679,61
20,DEL,683,56
20,DEL,687,54
20,DEL,691,48
20,DEL,695,37
20,DEL,699,32
20,DEL,703,38
20,DEL,707,21
20,DEL,711,29
20,DEL,715,28
20,DEL,719,21
20,DEL,723,18
20,DEL,727,21
20,DEL,731,9
20,DEL,735,16
20,DEL,739,16
20,DEL,743,12
20,DEL,747,8
20,DEL,751,8
20,DEL,755,8
20,DEL,759,4
20,DEL,763,6
20,DEL,767,5
20,DEL,771,7
20,DEL,775,3
20,DEL,779,4
20,DEL,783,3
20,DEL,787,5
20,DEL,795,3
20,DEL,799,2
20,DEL,803,2
20,DEL,807,4
20,DEL,811,1
20,DEL,815,2
20,DEL,819,2
20,DEL,823,1
20,DEL,831,2
20,DEL,835,1
20,DEL,839,2
20,DEL,851,2
20,DEL,855,1
20,DEL,863,1
20,DEL,867,1
20,DEL,891,1
20,DEL,899,1
20,DEL,903,1
20,DEL,911,1
20,DEL,927,1
20,DEL,935,1
20,DEL,943,1
20,DEL,951,1
20,DEL,955,1
20,DEL,971,1
20,DEL,983,1
20,DEL,991,1
20,DEL,1003,1
20,DEL,1071,1
20,DEL,1087,1
20,DEL,1095,1
20,DEL,1183,1
20,DEL,1495,1
20,DEL,1503,2
20,DEL,1535,2
20,DEL,1543,1
20,DEL,1599,2
20,DEL,1631,1
20,DEL,1703,1
20,DEL,1711,1
20,DEL,1727,1
20,DEL,1807,1
20,DEL,1831,1
20,DEL,1839,1
20,DEL,1895,1
20,DEL,1935,1
20,DEL,1951,1
20,DEL,2063,2
20,DEL,2079,1
20,DEL,2159,1
20,DEL,2303,1
20,DEL,2415,1
20,DEL,4511,1
20,DEL,52735,1
20,DEL,55039,1
20,DEL,59391,1
20,DEL,60159,1
20,DEL,61951,1
20,DEL,66559,1
20,SET,93,1
20,SET,98,1
20,SET,103,1
20,SET,105,1
20,SET,106,1
20,SET,110,1
20,SET,111,3
20,SET,112,4
20,SET,115,3
20,SET,116,1
20,SET,117,3
20,SET,118,3
20,SET,120,1
20,SET,121,2
20,SET,122,4
20,SET,123,2
20,SET,124,2
20,SET,125,1
20,SET,126,2
20,SET,127,3
20,SET,128,3
20,SET,129,3
20,SET,130,5
20,SET,131,2
20,SET,132,2
20,SET,133,5
20,SET,134,5
20,SET,135,2
20,SET,136,6
20,SET,137,8
20,SET,138,5
20,SET,139,6
20,SET,140,3
20,SET,141,2
20,SET,142,6
20,SET,143,1
20,SET,144,5
20,SET,145,5
20,SET,146,4
20,SET,147,4
20,SET,148,4
20,SET,149,11
20,SET,150,5
20,SET,151,5
20,SET,152,7
20,SET,153,7
20,SET,154,4
20,SET,155,4
20,SET,156,4
20,SET,157,5
20,SET,158,8
20,SET,159,5
20,SET,160,6
20,SET,161,8
20,SET,162,11
20,SET,163,7
20,SET,164,10
20,SET,165,7
20,SET,166,12
20,SET,167,5
20,SET,168,11
20,SET,169,9
20,SET,170,17
20,SET,171,16
20,SET,172,10
20,SET,173,15
20,SET,174,9
20,SET,175,9
20,SET,176,13
20,SET,177,12
20,SET,178,11
20,SET,179,14
20,SET,180,9
20,SET,181,18
20,SET,182,15
20,SET,183,14
20,SET,184,13
20,SET,185,16
20,SET,186,17
20,SET,187,13
20,SET,188,13
20,SET,189,18
20,SET,190,18
20,SET,191,23
20,SET,192,14
20,SET,193,20
20,SET,194,19
20,SET,195,18
20,SET,196,23
20,SET,197,20
20,SET,198,21
20,SET,199,26
20,SET,200,25
20,SET,201,18
20,SET,202,19
20,SET,203,28
20,SET,204,18
20,SET,205,25
20,SET,206,26
20,SET,207,24
20,SET,208,20
20,SET,209,34
20,SET,210,29
20,SET,211,28
20,SET,212,34
20,SET,213,27
20,SET,214,30
20,SET,215,31
20,SET,216,25
20,SET,217,34
20,SET,218,37
20,SET,219,33
20,SET,220,35
20,SET,221,39
20,SET,222,36
20,SET,223,38
20,SET,224,41
20,SET,225,36
20,SET,226,44
20,SET,227,55
20,SET,228,43
20,SET,229,39
20,SET,230,41
20,SET,231,44
20,SET,232,33
20,SET,233,56
20,SET,234,54
20,SET,235,57
20,SET,236,57
20,SET,237,49
20,SET,238,49
20,SET,239,44
20,SET,240,58
20,SET,241,50
20,SET,242,62
20,SET,243,45
20,SET,244,57
20,SET,245,46
20,SET,246,58
20,SET,247,47
20,SET,248,48
20,SET,249,58
20,SET,250,51
20,SET,251,59
20,SET,252,59
20,SET,253,64
20,SET,254,54
20,SET,255,67
20,SET,257,136
20,SET,259,132
20,SET,261,130
20,SET,263,134
20,SET,265,145
20,SET,267,141
20,SET,269,156
20,SET,271,160
20,SET,273,168
20,SET,275,182
20,SET,277,184
20,SET,279,171
20,SET,281,175
20,SET,283,183
20,SET,285,182
20,SET,287,197
20,SET,289,171
20,SET,291,187
20,SET,293,184
20,SET,295,205
20,SET,297,189
20,SET,299,205
20,SET,301,205
20,SET,303,194
20,SET,305,224
20,SET,307,197
20,SET,309,199
20,SET,311,212
20,SET,313,194
20,SET,315,205
20,SET,317,227
20,SET,319,233
20,SET,321,230
20,SET,323,221
20,SET,325,256
20,SET,327,212
20,SET,329,241
20,SET,331,241
20,SET,333,222
20,SET,335,219
20,SET,337,256
20,SET,339,234
20,SET,341,219
20,SET,343,224
20,SET,345,216
20,SET,347,247
20,SET,349,242
20,SET,351,258
20,SET,353,250
20,SET,355,241
20,SET,357,251
20,SET,359,250
20,SET,361,203
20,SET,363,238
20,SET,365,229
20,SET,367,243
20,SET,369,244
20,SET,371,256
20,SET,373,232
20,SET,375,225
20,SET,377,258
20,SET,379,258
20,SET,381,249
20,SET,383,257
20,SET,385,278
20,SET,387,237
20,SET,389,252
20,SET,391,206
20,SET,393,208
20,SET,395,218
20,SET,397,236
20,SET,399,231
20,SET,401,245
20,SET,403,259
20,SET,405,219
20,SET,407,210
20,SET,409,251
20,SET,411,208
20,SET,413,232
20,SET,415,229
20,SET,417,214
20,SET,419,228
20,SET,421,216
20,SET,423,250
20,SET,425,227
20,SET,427,206
20,SET,429,221
20,SET,431,196
20,SET,433,182
20,SET,435,194
20,SET,437,211
20,SET,439,176
20,SET,441,203
20,SET,443,189
20,SET,445,179
20,SET,447,192
20,SET,449,184
20,SET,451,178
20,SET,453,162
20,SET,455,178
20,SET,457,173
20,SET,459,180
20,SET,461,163
20,SET,463,156
20,SET,465,154
20,SET,467,163
20,SET,469,138
20,SET,471,139
20,SET,473,132
20,SET,475,154
20,SET,477,160
20,SET,479,134
20,SET,481,138
20,SET,483,115
20,SET,485,135
20,SET,487,118
20,SET,489,124
20,SET,491,125
20,SET,493,115
20,SET,495,109
20,SET,497,98
20,SET,499,111
20,SET,501,117
20,SET,503,100
20,SET,505,92
20,SET,507,84
20,SET,509,109
20,SET,511,93
20,SET,515,172
20,SET,519,153
20,SET,523,197
20,SET,527,163
20,SET,531,156
20,SET,535,142
20,SET,539,149
20,SET,543,129
20,SET,547,121
20,SET,551,119
20,SET,555,103
20,SET,559,91
20,SET,563,97
20,SET,567,91
20,SET,571,94
20,SET,575,91
20,SET,579,72
20,SET,583,87
20,SET,587,85
20,SET,591,59
20,SET,595,74
20,SET,599,65
20,SET,603,66
20,SET,607,47
20,SET,611,54
20,SET,615,40
20,SET,619,47
20,SET,623,39
20,SET,627,45
20,SET,631,34
20,SET,635,22
20,SET,639,32
20,SET,643,32
20,SET,647,28
20,SET,651,20
20,SET,655,19
20,SET,659,21
20,SET,663,16
20,SET,667,20
20,SET,671,14
20,SET,675,15
20,SET,679,7
20,SET,683,13
20,SET,687,13
20,SET,691,14
20,SET,695,5
20,SET,699,14
20,SET,703,4
20,SET,707,2
20,SET,711,2
20,SET,715,2
20,SET,719,8
20,SET,723,4
20,SET,727,4
20,SET,731,3
20,SET,735,2
20,SET,739,3
20,SET,743,6
20,SET,747,2
20,SET,755,1
20,SET,759,2
20,SET,775,1
20,SET,779,1
20,SET,799,2
20,SET,803,1
20,SET,807,1
20,SET,827,2
20,SET,839,1
20,SET,879,1
20,SET,895,1
20,SET,943,1
20,SET,947,1
20,SET,1495,1
20,SET,1599,1
20,SET,1983,1
20,SET,2879,1
20,GET,94,1
20,GET,95,1
20,GET,96,3
20,GET,97,3
20,GET,98,4
20,GET,99,4
20,GET,100,3
20,GET,101,3
20,GET,102,7
20,GET,103,6
20,GET,104,9
20,GET,105,13
20,GET,106,7
20,GET,107,9
20,GET,108,9
20,GET,109,15
20,GET,110,10
20,GET,111,15
20,GET,112,19
20,GET,113,15
20,GET,114,19
20,GET,115,19
20,GET,116,27
20,GET,117,22
20,GET,118,22
20,GET,119,29
20,GET,120,33
20,GET,121,28
20,GET,122,35
20,GET,123,33
20,GET,124,43
20,GET,125,51
20,GET,126,42
20,GET,127,44
20,GET,128,48
20,GET,129,41
20,GET,130,43
20,GET,131,49
20,GET,132,58
20,GET,133,66
20,GET,134,53
20,GET,135,53
20,GET,136,65
20,GET,137,58
20,GET,138,60
20,GET,139,81
20,GET,140,61
20,GET,141,70
20,GET,142,68
20,GET,143,79
20,GET,144,62
20,GET,145,80
20,GET,146,72
20,GET,147,72
20,GET,148,83
20,GET,149,108
20,GET,150,82
20,GET,151,102
20,GET,152,74
20,GET,153,104
20,GET,154,98
20,GET,155,106
20,GET,156,105
20,GET,157,107
20,GET,158,124
20,GET,159,106
20,GET,160,125
20,GET,161,101
20,GET,162,138
20,GET,163,136
20,GET,164,117
20,GET,165,135
20,GET,166,116
20,GET,167,110
20,GET,168,155
20,GET,169,145
20,GET,170,145
20,GET,171,150
20,GET,172,154
20,GET,173,141
20,GET,174,167
20,GET,175,178
20,GET,176,188
20,GET,177,153
20,GET,178,180
20,GET,179,177
20,GET,180,222
20,GET,181,182
20,GET,182,211
20,GET,183,220
20,GET,184,219
20,GET,185,200
20,GET,186,236
20,GET,187,223
20,GET,188,215
20,GET,189,250
20,GET,190,262
20,GET,191,268
20,GET,192,260
20,GET,193,283
20,GET,194,274
20,GET,195,269
20,GET,196,281
20,GET,197,320
20,GET,198,295
20,GET,199,313
20,GET,200,320
20,GET,201,359
20,GET,202,352
20,GET,203,308
20,GET,204,349
20,GET,205,364
20,GET,206,371
20,GET,207,384
20,GET,208,379
20,GET,209,370
20,GET,210,410
20,GET,211,386
20,GET,212,433
20,GET,213,437
20,GET,214,414
20,GET,215,477
20,GET,216,487
20,GET,217,458
20,GET,218,472
20,GET,219,485
20,GET,220,545
20,GET,221,555
20,GET,222,535
20,GET,223,544
20,GET,224,612
20,GET,225,583
20,GET,226,537
20,GET,227,616
20,GET,228,574
20,GET,229,648
20,GET,230,632
20,GET,231,603
20,GET,232,675
20,GET,233,681
20,GET,234,650
20,GET,235,641
20,GET,236,664
20,GET,237,672
20,GET,238,710
20,GET,239,701
20,GET,240,731
20,GET,241,754
20,GET,242,759
20,GET,243,794
20,GET,244,794
20,GET,245,812
20,GET,246,772
20,GET,247,802
20,GET,248,805
20,GET,249,811
20,GET,250,883
20,GET,251,853
20,GET,252,869
20,GET,253,908
20,GET,254,891
20,GET,255,859
20,GET,257,1874
20,GET,259,1873
20,GET,261,1977
20,GET,263,2041
20,GET,265,2041
20,GET,267,2105
20,GET,269,2161
20,GET,271,2239
20,GET,273,2247
20,GET,275,2273
20,GET,277,2347
20,GET,279,2463
20,GET,281,2528
20,GET,283,2501
20,GET,285,2563
20,GET,287,2504
20,GET,289,2616
20,GET,291,2633
20,GET,293,2709
20,GET,295,2733
20,GET,297,2764
20,GET,299,2830
20,GET,301,2816
20,GET,303,2799
20,GET,305,2866
20,GET,307,2906
20,GET,309,3040
20,GET,311,2923
20,GET,313,2955
20,GET,315,3003
20,GET,317,3113
20,GET,319,3091
20,GET,321,3084
20,GET,323,3117
20,GET,325,3111
20,GET,327,3145
20,GET,329,3221
20,GET,331,3131
20,GET,333,3243
20,GET,335,3272
20,GET,337,3287
20,GET,339,3209
20,GET,341,3212
20,GET,343,3201
20,GET,345,3420
20,GET,347,3332
20,GET,349,3342
20,GET,351,3312
20,GET,353,3478
20,GET,355,3255
20,GET,357,3376
20,GET,359,3441
20,GET,361,3318
20,GET,363,3532
20,GET,365,3473
20,GET,367,3403
20,GET,369,3386
20,GET,371,3468
20,GET,373,3370
20,GET,375,3468
20,GET,377,3408
20,GET,379,3373
20,GET,381,3462
20,GET,383,3430
20,GET,385,3458
20,GET,387,3376
20,GET,389,3405
20,GET,391,3446
20,GET,393,3508
20,GET,395,3421
20,GET,397,3376
20,GET,399,3389
20,GET,401,3242
20,GET,403,3223
20,GET,405,3309
20,GET,407,3251
20,GET,409,3244
20,GET,411,3335
20,GET,413,3168
20,GET,415,3222
20,GET,417,3155
20,GET,419,3189
20,GET,421,3189
20,GET,423,3048
20,GET,425,2974
20,GET,427,2933
20,GET,429,2841
20,GET,431,2948
20,GET,433,2922
20,GET,435,2870
20,GET,437,2831
20,GET,439,2791
20,GET,441,2727
20,GET,443,2656
20,GET,445,2677
20,GET,447,2551
20,GET,449,2618
20,GET,451,2569
20,GET,453,2543
20,GET,455,2440
20,GET,457,2366
20,GET,459,2334
20,GET,461,2272
20,GET,463,2251
20,GET,465,2177
20,GET,467,2244
20,GET,469,2159
20,GET,471,2118
20,GET,473,2072
20,GET,475,1962
20,GET,477,1931
20,GET,479,1942
20,GET,481,1855
20,GET,483,1749
20,GET,485,1771
20,GET,487,1731
20,GET,489,1686
20,GET,491,1712
20,GET,493,1627
20,GET,495,1541
20,GET,497,1548
20,GET,499,1458
20,GET,501,1470
20,GET,503,1422
20,GET,505,1435
20,GET,507,1435
20,GET,509,1328
20,GET,511,1305
20,GET,515,2651
20,GET,519,2439
20,GET,523,2312
20,GET,527,2174
20,GET,531,2122
20,GET,535,2028
20,GET,539,1860
20,GET,543,1782
20,GET,547,1746
20,GET,551,1639
20,GET,555,1613
20,GET,559,1499
20,GET,563,1395
20,GET,567,1315
20,GET,571,1214
20,GET,575,1154
20,GET,579,1056
20,GET,583,1084
20,GET,587,1035
20,GET,591,913
20,GET,595,946
20,GET,599,892
20,GET,603,807
20,GET,607,684
20,GET,611,715
20,GET,615,655
20,GET,619,560
20,GET,623,523
20,GET,627,531
20,GET,631,464
20,GET,635,470
20,GET,639,457
20,GET,643,371
20,GET,647,345
20,GET,651,308
20,GET,655,300
20,GET,659,264
20,GET,663,235
20,GET,667,235
20,GET,671,210
20,GET,675,170
20,GET,679,149
20,GET,683,140
20,GET,687,114
20,GET,691,117
20,GET,695,116
20,GET,699,99
20,GET,703,96
20,GET,707,83
20,GET,711,79
20,GET,715,71
20,GET,719,51
20,GET,723,59
20,GET,727,50
20,GET,731,60
20,GET,735,53
20,GET,739,36
20,GET,743,26
20,GET,747,26
20,GET,751,18
20,GET,755,16
20,GET,759,13
20,GET,763,18
20,GET,767,18
20,GET,771,14
20,GET,775,13
20,GET,779,15
20,GET,783,13
20,GET,787,10
20,GET,791,12
20,GET,795,9
20,GET,799,7
20,GET,803,8
20,GET,807,7
20,GET,811,4
20,GET,815,3
20,GET,819,5
20,GET,823,4
20,GET,827,7
20,GET,831,1
20,GET,835,3
20,GET,839,8
20,GET,843,1
20,GET,847,4
20,GET,851,1
20,GET,855,3
20,GET,859,1
20,GET,863,2
20,GET,867,1
20,GET,871,2
20,GET,875,3
20,GET,879,4
20,GET,883,2
20,GET,887,4
20,GET,895,1
20,GET,899,2
20,GET,903,1
20,GET,911,1
20,GET,915,2
20,GET,919,1
20,GET,927,1
20,GET,931,3
20,GET,935,1
20,GET,939,1
20,GET,943,1
20,GET,951,3
20,GET,955,2
20,GET,959,1
20,GET,963,3
20,GET,967,1
20,GET,971,2
20,GET,979,1
20,GET,987,1
20,GET,999,1
20,GET,1003,1
20,GET,1011,1
20,GET,1023,1
20,GET,1047,1
20,GET,1063,1
20,GET,1087,1
20,GET,1095,2
20,GET,1119,2
20,GET,1159,1
20,GET,1175,1
20,GET,1191,1
20,GET,1199,1
20,GET,1239,1
20,GET,1247,1
20,GET,1263,1
20,GET,1303,2
20,GET,1319,1
20,GET,1359,1
20,GET,1375,1
20,GET,1383,1
20,GET,1391,1
20,GET,1399,1
20,GET,1415,1
20,GET,1423,1
20,GET,1447,1
20,GET,1479,3
20,GET,1487,1
20,GET,1495,1
20,GET,1519,2
20,GET,1543,2
20,GET,1551,2
20,GET,1575,1
20,GET,1583,2
20,GET,1591,2
20,GET,1599,3
20,GET,1607,3
20,GET,1615,1
20,GET,1631,2
20,GET,1639,2
20,GET,1647,3
20,GET,1655,2
20,GET,1671,1
20,GET,1687,1
20,GET,1695,3
20,GET,1719,1
20,GET,1727,2
20,GET,1775,1
20,GET,1783,1
20,GET,1815,1
20,GET,1823,1
20,GET,1831,1
20,GET,1839,1
20,GET,1871,1
20,GET,1895,1
20,GET,1911,1
20,GET,1943,1
20,GET,1951,1
20,GET,1959,1
20,GET,2015,2
20,GET,2079,1
20,GET,2111,2
20,GET,2127,1
20,GET,2207,1
20,GET,2239,1
20,GET,2271,1
20,GET,2287,1
20,GET,2303,2
20,GET,2319,1
20,GET,2335,1
20,GET,2351,1
20,GET,2415,1
20,GET,2463,1
20,GET,2479,1
20,GET,2495,1
20,GET,2511,1
20,GET,2623,1
20,GET,52223,1
20,GET,54783,1
20,GET,55295,1
20,GET,56319,1
20,GET,59391,1
20,GET,60415,1
20,GET,60927,1
20,GET,61951,1
20,GET,62463,1
20,GET,62719,1
21,DEL,91,2
21,DEL,97,2
21,DEL,100,3
21,DEL,101,6
21,DEL,102,3
21,DEL,103,2
21,DEL,104,7
21,DEL,105,7
21,DEL,106,9
21,DEL,107,4
21,DEL,108,4
21,DEL,109,6
21,DEL,110,8
21,DEL,111,7
21,DEL,112,7
21,DEL,113,11
21,DEL,114,7
21,DEL,115,8
21,DEL,116,12
21,DEL,117,11
21,DEL,118,9
21,DEL,119,19
21,DEL,120,15
21,DEL,121,15
21,DEL,122,19
21,DEL,123,12
21,DEL,124,15
21,DEL,125,27
21,DEL,126,20
21,DEL,127,18
21,DEL,128,24
21,DEL,129,23
21,DEL,130,19
21,DEL,131,30
21,DEL,132,30
21,DEL,133,35
21,DEL,134,27
21,DEL,135,38
21,DEL,136,25
21,DEL,137,50
21,DEL,138,34
21,DEL,139,41
21,DEL,140,47
21,DEL,141,36
21,DEL,142,45
21,DEL,143,54
21,DEL,144,53
21,DEL,145,53
21,DEL,146,51
21,DEL,147,46
21,DEL,148,47
21,DEL,149,63
21,DEL,150,60
21,DEL,151,47
21,DEL,152,64
21,DEL,153,57
21,DEL,154,71
21,DEL,155,60
21,DEL,156,57
21,DEL,157,68
21,DEL,158,69
21,DEL,159,83
21,DEL,160,64
21,DEL,161,68
21,DEL,162,71
21,DEL,163,63
21,DEL,164,74
21,DEL,165,69
21,DEL,166,77
21,DEL,167,71
21,DEL,168,97
21,DEL,169,83
21,DEL,170,79
21,DEL,171,74
21,DEL,172,95
21,DEL,173,105
21,DEL,174,81
21,DEL,175,87
21,DEL,176,88
21,DEL,177,90
21,DEL,178,84
21,DEL,179,74
21,DEL,180,83
21,DEL,181,79
21,DEL,182,88
21,DEL,183,113
21,DEL,184,95
21,DEL,185,113
21,DEL,186,107
21,DEL,187,101
21,DEL,188,104
21,DEL,189,98
21,DEL,190,98
21,DEL,191,114
21,DEL,192,109
21,DEL,193,127
21,DEL,194,111
21,DEL,195,115
21,DEL,196,118
21,DEL,197,107
21,DEL,198,126
21,DEL,199,120
21,DEL,200,119
21,DEL,201,115
21,DEL,202,129
21,DEL,203,117
21,DEL,204,125
21,DEL,205,138
21,DEL,206,129
21,DEL,207,157
21,DEL,208,130
21,DEL,209,128
21,DEL,210,142
21,DEL,211,134
21,DEL,212,125
21,DEL,213,161
21,DEL,214,173
21,DEL,215,158
21,DEL,216,166
21,DEL,217,145
21,DEL,218,162
21,DEL,219,162
21,DEL,220,152
21,DEL,221,176
21,DEL,222,182
21,DEL,223,186
21,DEL,224,180
21,DEL,225,171
21,DEL,226,205
21,DEL,227,160
21,DEL,228,171
21,DEL,229,180
21,DEL,230,185
21,DEL,231,194
21,DEL,232,208
21,DEL,233,187
21,DEL,234,200
21,DEL,235,213
21,DEL,236,203
21,DEL,237,219
21,DEL,238,220
21,DEL,239,202
21,DEL,240,230
21,DEL,241,235
21,DEL,242,225
21,DEL,243,241
21,DEL,244,237
21,DEL,245,239
21,DEL,246,270
21,DEL,247,268
21,DEL,248,252
21,DEL,249,280
21,DEL,250,277
21,DEL,251,264
21,DEL,252,286
21,DEL,253,241
21,DEL,254,267
21,DEL,255,279
21,DEL,257,561
21,DEL,259,589
21,DEL,261,581
21,DEL,263,609
21,DEL,265,639
21,DEL,267,654
21,DEL,269,686
21,DEL,271,727
21,DEL,273,674
21,DEL,275,737
21,DEL,277,773
21,DEL,279,797
21,DEL,281,739
21,DEL,283,790
21,DEL,285,754
21,DEL,287,821
21,DEL,289,849
21,DEL,291,878
21,DEL,293,912
21,DEL,295,899
21,DEL,297,889
21,DEL,299,889
21,DEL,301,980
21,DEL,303,954
21,DEL,305,958
21,DEL,307,1012
21,DEL,309,987
21,DEL,311,984
21,DEL,313,974
21,DEL,315,1016
21,DEL,317,994
21,DEL,319,1066
21,DEL,321,1011
21,DEL,323,1142
21,DEL,325,1019
21,DEL,327,1104
21,DEL,329,1089
21,DEL,331,1104
21,DEL,333,1029
21,DEL,335,1072
21,DEL,337,1109
21,DEL,339,1150
21,DEL,341,1081
21,DEL,343,1141
21,DEL,345,1159
21,DEL,347,1163
21,DEL,349,1142
21,DEL,351,1212
21,DEL,353,1166
21,DEL,355,1190
21,DEL,357,1161
21,DEL,359,1186
21,DEL,361,1192
21,DEL,363,1146
21,DEL,365,1240
21,DEL,367,1155
21,DEL,369,1244
21,DEL,371,1227
21,DEL,373,1279
21,DEL,375,1180
21,DEL,377,1181
21,DEL,379,1206
21,DEL,381,1188
21,DEL,383,1203
21,DEL,385,1218
21,DEL,387,1236
21,DEL,389,1225
21,DEL,391,1199
21,DEL,393,1186
21,DEL,395,1226
21,DEL,397,1173
21,DEL,399,1236
21,DEL,401,1172
21,DEL,403,1199
21,DEL,405,1155
21,DEL,407,1121
21,DEL,409,1161
21,DEL,411,1077
21,DEL,413,1144
21,DEL,415,1156
21,DEL,417,1093
21,DEL,419,1081
21,DEL,421,1051
21,DEL,423,1069
21,DEL,425,1118
21,DEL,427,1077
21,DEL,429,1039
21,DEL,431,1093
21,DEL,433,1085
21,DEL,435,993
21,DEL,437,1034
21,DEL,439,1048
21,DEL,441,1049
21,DEL,443,990
21,DEL,445,971
21,DEL,447,916
21,DEL,449,973
21,DEL,451,921
21,DEL,453,969
21,DEL,455,903
21,DEL,457,944
21,DEL,459,890
21,DEL,461,832
21,DEL,463,836
21,DEL,465,827
21,DEL,467,765
21,DEL,469,825
21,DEL,471,807
21,DEL,473,735
21,DEL,475,790
21,DEL,477,717
21,DEL,479,704
21,DEL,481,786
21,DEL,483,691
21,DEL,485,716
21,DEL,487,688
21,DEL,489,703
21,DEL,491,661
21,DEL,493,662
21,DEL,495,641
21,DEL,497,609
21,DEL,499,588
21,DEL,501,571
21,DEL,503,596
21,DEL,505,519
21,DEL,507,512
21,DEL,509,543
21,DEL,511,535
21,DEL,515,1012
21,DEL,519,900
21,DEL,523,915
21,DEL,527,826
21,DEL,531,838
21,DEL,535,775
21,DEL,539,738
21,DEL,543,691
21,DEL,547,659
21,DEL,551,649
21,DEL,555,569
21,DEL,559,577
21,DEL,563,508
21,DEL,567,550
21,DEL,571,562
21,DEL,575,460
21,DEL,579,437
21,DEL,583,399
21,DEL,587,369
21,DEL,591,380
21,DEL,595,349
21,DEL,599,352
21,DEL,603,345
21,DEL,607,278
21,DEL,611,287
21,DEL,615,270
21,DEL,619,240
21,DEL,623,220
21,DEL,627,220
21,DEL,631,166
21,DEL,635,190
21,DEL,639,170
21,DEL,643,148
21,DEL,647,141
21,DEL,651,130
21,DEL,655,113
21,DEL,659,126
21,DEL,663,106
21,DEL,667,95
21,DEL,671,103
21,DEL,675,83
21,DEL,679,64
21,DEL,683,60
21,DEL,687,58
21,DEL,691,64
21,DEL,695,61
21,DEL,699,57
21,DEL,703,34
21,DEL,707,39
21,DEL,711,35
21,DEL,715,31
21,DEL,719,30
21,DEL,723,26
21,DEL,727,15
21,DEL,731,19
21,DEL,735,12
21,DEL,739,23
21,DEL,743,9
21,DEL,747,15
21,DEL,751,8
21,DEL,755,6
21,DEL,759,12
21,DEL,763,12
21,DEL,767,7
21,DEL,771,10
21,DEL,775,7
21,DEL,779,3
21,DEL,783,3
21,DEL,787,3
21,DEL,791,3
21,DEL,795,4
21,DEL,799,4
21,DEL,803,1
21,DEL,807,3
21,DEL,811,3
21,DEL,815,1
21,DEL,819,1
21,DEL,823,3
21,DEL,827,2
21,DEL,831,1
21,DEL,839,2
21,DEL,843,3
21,DEL,847,3
21,DEL,859,2
21,DEL,863,2
21,DEL,871,1
21,DEL,883,3
21,DEL,887,1
21,DEL,907,1
21,DEL,919,1
21,DEL,931,2
21,DEL,991,1
21,DEL,995,1
21,DEL,1031,1
21,DEL,1079,1
21,DEL,1143,2
21,DEL,1439,3
21,DEL,1455,1
21,DEL,1463,1
21,DEL,1479,1
21,DEL,1487,1
21,DEL,1511,1
21,DEL,1527,1
21,DEL,1615,1
21,DEL,1623,1
21,DEL,1655,2
21,DEL,1671,1
21,DEL,1679,1
21,DEL,1687,1
21,DEL,1711,1
21,DEL,1743,1
21,DEL,1775,1
21,DEL,1839,1
21,DEL,1871,1
21,DEL,1919,1
21,DEL,1975,1
21,DEL,2063,1
21,DEL,2079,1
21,DEL,2415,1
21,DEL,2463,1
21,DEL,2511,1
21,DEL,2607,1
21,DEL,2639,1
21,DEL,56575,1
21,DEL,61183,2
21,GET,88,1
21,GET,92,1
21,GET,93,1
21,GET,95,1
21,GET,96,2
21,GET,97,4
21,GET,98,4
21,GET,99,6
21,GET,100,3
21,GET,101,8
21,GET,102,9
21,GET,103,12
21,GET,104,6
21,GET,105,11
21,GET,106,8
21,GET,107,13
21,GET,108,16
21,GET,109,14
21,GET,110,20
21,GET,111,23
21,GET,112,25
21,GET,113,23
21,GET,114,25
21,GET,115,30
21,GET,116,38
21,GET,117,36
21,GET,118,36
21,GET,119,33
21,GET,120,52
21,GET,121,44
21,GET,122,45
21,GET,123,52
21,GET,124,69
21,GET,125,59
21,GET,126,70
21,GET,127,64
21,GET,128,70
21,GET,129,71
21,GET,130,69
21,GET,131,76
21,GET,132,100
21,GET,133,98
21,GET,134,92
21,GET,135,90
21,GET,136,108
21,GET,137,95
21,GET,138,106
21,GET,139,107
21,GET,140,116
21,GET,141,116
21,GET,142,130
21,GET,143,159
21,GET,144,161
21,GET,145,148
21,GET,146,143
21,GET,147,177
21,GET,148,152
21,GET,149,135
21,GET,150,152
21,GET,151,171
21,GET,152,176
21,GET,153,180
21,GET,154,183
21,GET,155,179
21,GET,156,177
21,GET,157,197
21,GET,158,198
21,GET,159,202
21,GET,160,171
21,GET,161,206
21,GET,162,189
21,GET,163,217
21,GET,164,203
21,GET,165,218
21,GET,166,203
21,GET,167,237
21,GET,168,250
21,GET,169,224
21,GET,170,248
21,GET,171,238
21,GET,172,233
21,GET,173,277
21,GET,174,255
21,GET,175,258
21,GET,176,255
21,GET,177,262
21,GET,178,240
21,GET,179,264
21,GET,180,285
21,GET,181,263
21,GET,182,298
21,GET,183,277
21,GET,184,297
21,GET,185,321
21,GET,186,325
21,GET,187,306
21,GET,188,282
21,GET,189,312
21,GET,190,310
21,GET,191,285
21,GET,192,315
21,GET,193,325
21,GET,194,293
21,GET,195,346
21,GET,196,331
21,GET,197,320
21,GET,198,359
21,GET,199,353
21,GET,200,371
21,GET,201,375
21,GET,202,326
21,GET,203,325
21,GET,204,362
21,GET,205,398
21,GET,206,388
21,GET,207,366
21,GET,208,348
21,GET,209,413
21,GET,210,395
21,GET,211,387
21,GET,212,350
21,GET,213,389
21,GET,214,396
21,GET,215,397
21,GET,216,433
21,GET,217,432
21,GET,218,475
21,GET,219,474
21,GET,220,457
21,GET,221,486
21,GET,222,494
21,GET,223,502
21,GET,224,470
21,GET,225,474
21,GET,226,540
21,GET,227,508
21,GET,228,519
21,GET,229,560
21,GET,230,569
21,GET,231,546
21,GET,232,543
21,GET,233,568
21,GET,234,568
21,GET,235,583
21,GET,236,601
21,GET,237,607
21,GET,238,642
21,GET,239,609
21,GET,240,644
21,GET,241,650
21,GET,242,619
21,GET,243,707
21,GET,244,685
21,GET,245,679
21,GET,246,686
21,GET,247,725
21,GET,248,734
21,GET,249,751
21,GET,250,759
21,GET,251,739
21,GET,252,725
21,GET,253,744
21,GET,254,782
21,GET,255,804
21,GET,257,1621
21,GET,259,1648
21,GET,261,1700
21,GET,263,1725
21,GET,265,1842
21,GET,267,1807
21,GET,269,1861
21,GET,271,1925
21,GET,273,2068
21,GET,275,2078
21,GET,277,2180
21,GET,279,2209
21,GET,281,2203
21,GET,283,2226
21,GET,285,2296
21,GET,287,2354
21,GET,289,2371
21,GET,291,2415
21,GET,293,2484
21,GET,295,2504
21,GET,297,2558
21,GET,299,2560
21,GET,301,2679
21,GET,303,2561
21,GET,305,2659
21,GET,307,2736
21,GET,309,2739
21,GET,311,2757
21,GET,313,2777
21,GET,315,2836
21,GET,317,2853
21,GET,319,2894
21,GET,321,2902
21,GET,323,3012
21,GET,325,3126
21,GET,327,2980
21,GET,329,2974
21,GET,331,3074
21,GET,333,3031
21,GET,335,3152
21,GET,337,3083
21,GET,339,3209
21,GET,341,3141
21,GET,343,3183
21,GET,345,3266
21,GET,347,3106
21,GET,349,3249
21,GET,351,3256
21,GET,353,3322
21,GET,355,3303
21,GET,357,3271
21,GET,359,3282
21,GET,361,3276
21,GET,363,3299
21,GET,365,3371
21,GET,367,3335
21,GET,369,3346
21,GET,371,3346
21,GET,373,3377
21,GET,375,3463
21,GET,377,3425
21,GET,379,3274
21,GET,381,3334
21,GET,383,3330
21,GET,385,3436
21,GET,387,3384
21,GET,389,3415
21,GET,391,3369
21,GET,393,3310
21,GET,395,3259
21,GET,397,3354
21,GET,399,3214
21,GET,401,3234
21,GET,403,3280
21,GET,405,3380
21,GET,407,3271
21,GET,409,3258
21,GET,411,3254
21,GET,413,3227
21,GET,415,3122
21,GET,417,3057
21,GET,419,3121
21,GET,421,3119
21,GET,423,3100
21,GET,425,3048
21,GET,427,3070
21,GET,429,3013
21,GET,431,2949
21,GET,433,2945
21,GET,435,2903
21,GET,437,2882
21,GET,439,2927
21,GET,441,2765
21,GET,443,2791
21,GET,445,2708
21,GET,447,2665
21,GET,449,2748
21,GET,451,2682
21,GET,453,2511
21,GET,455,2529
21,GET,457,2520
21,GET,459,2356
21,GET,461,2466
21,GET,463,2362
21,GET,465,2414
21,GET,467,2254
21,GET,469,2237
21,GET,471,2220
21,GET,473,2203
21,GET,475,2100
21,GET,477,2052
21,GET,479,2016
21,GET,481,1983
21,GET,483,1994
21,GET,485,1925
21,GET,487,1840
21,GET,489,1881
21,GET,491,1795
21,GET,493,1776
21,GET,495,1732
21,GET,497,1628
21,GET,499,1648
21,GET,501,1631
21,GET,503,1547
21,GET,505,1557
21,GET,507,1468
21,GET,509,1387
21,GET,511,1420
21,GET,515,2780
21,GET,519,2666
21,GET,523,2540
21,GET,527,2427
21,GET,531,2293
21,GET,535,2158
21,GET,539,2023
21,GET,543,1993
21,GET,547,1863
21,GET,551,1784
21,GET,555,1674
21,GET,559,1546
21,GET,563,1575
21,GET,567,1469
21,GET,571,1400
21,GET,575,1347
21,GET,579,1252
21,GET,583,1207
21,GET,587,1123
21,GET,591,1077
21,GET,595,922
21,GET,599,857
21,GET,603,921
21,GET,607,859
21,GET,611,742
21,GET,615,690
21,GET,619,641
21,GET,623,633
21,GET,627,587
21,GET,631,538
21,GET,635,509
21,GET,639,466
21,GET,643,431
21,GET,647,403
21,GET,651,354
21,GET,655,314
21,GET,659,324
21,GET,663,282
21,GET,667,248
21,GET,671,253
21,GET,675,198
21,GET,679,212
21,GET,683,186
21,GET,687,175
21,GET,691,153
21,GET,695,146
21,GET,699,131
21,GET,703,105
21,GET,707,89
21,GET,711,97
21,GET,715,85
21,GET,719,76
21,GET,723,64
21,GET,727,48
21,GET,731,60
21,GET,735,48
21,GET,739,52
21,GET,743,44
21,GET,747,28
21,GET,751,35
21,GET,755,29
21,GET,759,35
21,GET,763,23
21,GET,767,22
21,GET,771,17
21,GET,775,19
21,GET,779,16
21,GET,783,10
21,GET,787,13
21,GET,791,18
21,GET,795,6
21,GET,799,8
21,GET,803,6
21,GET,807,5
21,GET,811,11
21,GET,815,8
21,GET,819,7
21,GET,823,10
21,GET,827,8
21,GET,831,3
21,GET,835,1
21,GET,839,7
21,GET,843,9
21,GET,847,4
21,GET,851,1
21,GET,855,4
21,GET,859,2
21,GET,863,5
21,GET,867,2
21,GET,871,3
21,GET,875,3
21,GET,879,1
21,GET,883,1
21,GET,887,2
21,GET,891,1
21,GET,895,2
21,GET,899,1
21,GET,903,3
21,GET,907,1
21,GET,911,4
21,GET,919,2
21,GET,927,1
21,GET,931,1
21,GET,935,1
21,GET,939,4
21,GET,951,2
21,GET,967,1
21,GET,975,2
21,GET,983,1
21,GET,995,2
21,GET,999,2
21,GET,1007,1
21,GET,1015,1
21,GET,1019,1
21,GET,1023,2
21,GET,1031,3
21,GET,1039,1
21,GET,1055,1
21,GET,1063,2
21,GET,1071,1
21,GET,1079,3
21,GET,1087,1
21,GET,1103,2
21,GET,1111,2
21,GET,1135,2
21,GET,1143,2
21,GET,1175,1
21,GET,1191,2
21,GET,1199,1
21,GET,1223,2
21,GET,1239,1
21,GET,1271,1
21,GET,1399,3
21,GET,1407,1
21,GET,1415,1
21,GET,1431,1
21,GET,1439,1
21,GET,1447,1
21,GET,1455,1
21,GET,1471,3
21,GET,1487,2
21,GET,1511,2
21,GET,1519,2
21,GET,1527,2
21,GET,1551,2
21,GET,1559,2
21,GET,1575,1
21,GET,1583,1
21,GET,1591,2
21,GET,1599,2
21,GET,1639,1
21,GET,1647,1
21,GET,1655,2
21,GET,1663,3
21,GET,1671,2
21,GET,1679,1
21,GET,1687,1
21,GET,1703,1
21,GET,1711,1
21,GET,1727,1
21,GET,1743,1
21,GET,1751,1
21,GET,1759,2
21,GET,1791,1
21,GET,1807,1
21,GET,1815,1
21,GET,1823,2
21,GET,1831,1
21,GET,1855,1
21,GET,1863,1
21,GET,1879,1
21,GET,1887,1
21,GET,1911,1
21,GET,1919,1
21,GET,1975,1
21,GET,1999,1
21,GET,2015,2
21,GET,2039,1
21,GET,2095,2
21,GET,2127,3
21,GET,2159,1
21,GET,2175,3
21,GET,2191,1
21,GET,2255,2
21,GET,2319,1
21,GET,2335,1
21,GET,2351,1
21,GET,2367,2
21,GET,2383,1
21,GET,2415,1
21,GET,2431,1
21,GET,2447,2
21,GET,2479,1
21,GET,2511,1
21,GET,3199,1
21,GET,4351,1
21,GET,49663,1
21,GET,51455,1
21,GET,51967,1
21,GET,52479,1
21,GET,53759,1
21,GET,54271,1
21,GET,56575,1
21,GET,57087,1
21,GET,59135,1
21,GET,60927,1
21,GET,61695,1
21,GET,65023,1
21,SET,98,1
21,SET,106,1
21,SET,107,1
21,SET,111,1
21,SET,112,2
21,SET,113,1
21,SET,114,2
21,SET,115,1
21,SET,116,3
21,SET,117,5
21,SET,118,5
21,SET,119,1
21,SET,120,2
21,SET,121,3
21,SET,122,2
21,SET,123,3
21,SET,124,3
21,SET,125,9
21,SET,126,5
21,SET,127,4
21,SET,128,1
21,SET,129,4
21,SET,130,4
21,SET,131,6
21,SET,132,10
21,SET,133,5
21,SET,134,11
21,SET,135,4
21,SET,136,7
21,SET,137,7
21,SET,138,6
21,SET,139,10
21,SET,140,4
21,SET,141,4
21,SET,142,10
21,SET,143,12
21,SET,144,15
21,SET,145,11
21,SET,146,10
21,SET,147,10
21,SET,148,7
21,SET,149,9
21,SET,150,14
21,SET,151,11
21,SET,152,10
21,SET,153,15
21,SET,154,11
21,SET,155,14
21,SET,156,12
21,SET,157,14
21,SET,158,11
21,SET,159,12
21,SET,160,15
21,SET,161,13
21,SET,162,11
21,SET,163,18
21,SET,164,18
21,SET,165,14
21,SET,166,14
21,SET,167,17
21,SET,168,9
21,SET,169,12
21,SET,170,16
21,SET,171,9
21,SET,172,18
21,SET,173,21
21,SET,174,15
21,SET,175,13
21,SET,176,14
21,SET,177,26
21,SET,178,15
21,SET,179,15
21,SET,180,21
21,SET,181,18
21,SET,182,22
21,SET,183,11
21,SET,184,20
21,SET,185,20
21,SET,186,14
21,SET,187,9
21,SET,188,29
21,SET,189,22
21,SET,190,18
21,SET,191,21
21,SET,192,25
21,SET,193,32
21,SET,194,38
21,SET,195,16
21,SET,196,23
21,SET,197,21
21,SET,198,29
21,SET,199,16
21,SET,200,20
21,SET,201,25
21,SET,202,24
21,SET,203,26
21,SET,204,26
21,SET,205,30
21,SET,206,28
21,SET,207,23
21,SET,208,31
21,SET,209,26
21,SET,210,26
21,SET,211,33
21,SET,212,28
21,SET,213,31
21,SET,214,26
21,SET,215,32
21,SET,216,35
21,SET,217,28
21,SET,218,36
21,SET,219,32
21,SET,220,28
21,SET,221,27
21,SET,222,31
21,SET,223,37
21,SET,224,41
21,SET,225,33
21,SET,226,37
21,SET,227,33
21,SET,228,42
21,SET,229,29
21,SET,230,43
21,SET,231,32
21,SET,232,41
21,SET,233,34
21,SET,234,36
21,SET,235,45
21,SET,236,45
21,SET,237,43
21,SET,238,33
21,SET,239,50
21,SET,240,33
21,SET,241,33
21,SET,242,32
21,SET,243,34
21,SET,244,44
21,SET,245,46
21,SET,246,49
21,SET,247,46
21,SET,248,48
21,SET,249,51
21,SET,250,58
21,SET,251,59
21,SET,252,62
21,SET,253,70
21,SET,254,59
21,SET,255,60
21,SET,257,105
21,SET,259,102
21,SET,261,127
21,SET,263,99
21,SET,265,133
21,SET,267,139
21,SET,269,126
21,SET,271,145
21,SET,273,144
21,SET,275,147
21,SET,277,126
21,SET,279,135
21,SET,281,161
21,SET,283,163
21,SET,285,163
21,SET,287,150
21,SET,289,166
21,SET,291,174
21,SET,293,156
21,SET,295,178
21,SET,297,184
21,SET,299,204
21,SET,301,197
21,SET,303,171
21,SET,305,186
21,SET,307,216
21,SET,309,176
21,SET,311,224
21,SET,313,197
21,SET,315,200
21,SET,317,213
21,SET,319,181
21,SET,321,200
21,SET,323,237
21,SET,325,210
21,SET,327,232
21,SET,329,240
21,SET,331,211
21,SET,333,214
21,SET,335,229
21,SET,337,217
21,SET,339,204
21,SET,341,234
21,SET,343,249
21,SET,345,204
21,SET,347,228
21,SET,349,251
21,SET,351,217
21,SET,353,249
21,SET,355,230
21,SET,357,245
21,SET,359,225
21,SET,361,233
21,SET,363,232
21,SET,365,240
21,SET,367,240
21,SET,369,244
21,SET,371,213
21,SET,373,252
21,SET,375,269
21,SET,377,233
21,SET,379,241
21,SET,381,240
21,SET,383,237
21,SET,385,234
21,SET,387,244
21,SET,389,239
21,SET,391,234
21,SET,393,256
21,SET,395,227
21,SET,397,231
21,SET,399,227
21,SET,401,254
21,SET,403,232
21,SET,405,228
21,SET,407,219
21,SET,409,237
21,SET,411,203
21,SET,413,229
21,SET,415,235
21,SET,417,227
21,SET,419,205
21,SET,421,218
21,SET,423,220
21,SET,425,227
21,SET,427,201
21,SET,429,228
21,SET,431,216
21,SET,433,223
21,SET,435,201
21,SET,437,208
21,SET,439,204
21,SET,441,224
21,SET,443,205
21,SET,445,184
21,SET,447,177
21,SET,449,163
21,SET,451,161
21,SET,453,184
21,SET,455,156
21,SET,457,156
21,SET,459,167
21,SET,461,156
21,SET,463,193
21,SET,465,184
21,SET,467,142
21,SET,469,147
21,SET,471,151
21,SET,473,156
21,SET,475,149
21,SET,477,155
21,SET,479,138
21,SET,481,146
21,SET,483,145
21,SET,485,131
21,SET,487,133
21,SET,489,125
21,SET,491,124
21,SET,493,125
21,SET,495,136
21,SET,497,116
21,SET,499,119
21,SET,501,115
21,SET,503,112
21,SET,505,106
21,SET,507,114
21,SET,509,112
21,SET,511,110
21,SET,515,197
21,SET,519,174
21,SET,523,184
21,SET,527,172
21,SET,531,147
21,SET,535,161
21,SET,539,146
21,SET,543,150
21,SET,547,113
21,SET,551,133
21,SET,555,111
21,SET,559,123
21,SET,563,119
21,SET,567,89
21,SET,571,119
21,SET,575,83
21,SET,579,91
21,SET,583,87
21,SET,587,88
21,SET,591,89
21,SET,595,67
21,SET,599,65
21,SET,603,64
21,SET,607,64
21,SET,611,60
21,SET,615,56
21,SET,619,48
21,SET,623,53
21,SET,627,46
21,SET,631,52
21,SET,635,33
21,SET,639,29
21,SET,643,33
21,SET,647,31
21,SET,651,28
21,SET,655,18
21,SET,659,25
21,SET,663,23
21,SET,667,22
21,SET,671,13
21,SET,675,10
21,SET,679,12
21,SET,683,14
21,SET,687,14
21,SET,691,14
21,SET,695,9
21,SET,699,18
21,SET,703,9
21,SET,707,10
21,SET,711,5
21,SET,715,5
21,SET,719,5
21,SET,723,8
21,SET,727,7
21,SET,731,6
21,SET,735,4
21,SET,739,3
21,SET,743,2
21,SET,747,5
21,SET,751,2
21,SET,755,2
21,SET,759,3
21,SET,763,2
21,SET,767,1
21,SET,771,1
21,SET,775,1
21,SET,779,3
21,SET,783,2
21,SET,787,1
21,SET,791,1
21,SET,799,2
21,SET,807,1
21,SET,823,1
21,SET,831,1
21,SET,855,1
21,SET,859,1
21,SET,875,1
21,SET,895,1
21,SET,939,1
21,SET,943,1
21,SET,1079,1
21,SET,1279,1
21,SET,1575,1
21,SET,1663,1
21,SET,60415,1
22,DEL,94,1
22,DEL,95,1
22,DEL,96,1
22,DEL,98,1
22,DEL,99,3
22,DEL,101,4
22,DEL,102,3
22,DEL,103,7
22,DEL,104,1
22,DEL,105,3
22,DEL,106,4
22,DEL,107,6
22,DEL,108,3
22,DEL,109,7
22,DEL,110,6
22,DEL,111,7
22,DEL,112,4
22,DEL,113,9
22,DEL,114,8
22,DEL,115,14
22,DEL,116,13
22,DEL,117,10
22,DEL,118,13
22,DEL,119,14
22,DEL,120,19
22,DEL,121,15
22,DEL,122,14
22,DEL,123,14
22,DEL,124,9
22,DEL,125,21
22,DEL,126,19
22,DEL,127,25
22,DEL,128,24
22,DEL,129,22
22,DEL,130,30
22,DEL,131,20
22,DEL,132,31
22,DEL,133,40
22,DEL,134,32
22,DEL,135,43
22,DEL,136,44
22,DEL,137,45
22,DEL,138,33
22,DEL,139,45
22,DEL,140,41
22,DEL,141,34
22,DEL,142,38
22,DEL,143,44
22,DEL,144,49
22,DEL,145,50
22,DEL,146,60
22,DEL,147,60
22,DEL,148,44
22,DEL,149,49
22,DEL,150,58
22,DEL,151,53
22,DEL,152,56
22,DEL,153,54
22,DEL,154,57
22,DEL,155,62
22,DEL,156,66
22,DEL,157,71
22,DEL,158,72
22,DEL,159,50
22,DEL,160,62
22,DEL,161,64
22,DEL,162,54
22,DEL,163,58
22,DEL,164,54
22,DEL,165,69
22,DEL,166,73
22,DEL,167,88
22,DEL,168,95
22,DEL,169,84
22,DEL,170,88
22,DEL,171,91
22,DEL,172,90
22,DEL,173,93
22,DEL,174,106
22,DEL,175,89
22,DEL,176,74
22,DEL,177,86
22,DEL,178,70
22,DEL,179,92
22,DEL,180,94
22,DEL,181,94
22,DEL,182,101
22,DEL,183,95
22,DEL,184,96
22,DEL,185,115
22,DEL,186,88
22,DEL,187,108
22,DEL,188,97
22,DEL,189,92
22,DEL,190,91
22,DEL,191,103
22,DEL,192,106
22,DEL,193,109
22,DEL,194,123
22,DEL,195,113
22,DEL,196,112
22,DEL,197,115
22,DEL,198,105
22,DEL,199,105
22,DEL,200,112
22,DEL,201,150
22,DEL,202,128
22,DEL,203,111
22,DEL,204,131
22,DEL,205,132
22,DEL,206,116
22,DEL,207,126
22,DEL,208,141
22,DEL,209,133
22,DEL,210,141
22,DEL,211,141
22,DEL,212,137
22,DEL,213,147
22,DEL,214,156
22,DEL,215,139
22,DEL,216,163
22,DEL,217,171
22,DEL,218,145
22,DEL,219,182
22,DEL,220,146
22,DEL,221,161
22,DEL,222,161
22,DEL,223,186
22,DEL,224,163
22,DEL,225,184
22,DEL,226,173
22,DEL,227,192
22,DEL,228,190
22,DEL,229,177
22,DEL,230,178
22,DEL,231,202
22,DEL,232,206
22,DEL,233,200
22,DEL,234,230
22,DEL,235,184
22,DEL,236,227
22,DEL,237,198
22,DEL,238,228
22,DEL,239,202
22,DEL,240,212
22,DEL,241,236
22,DEL,242,215
22,DEL,243,263
22,DEL,244,233
22,DEL,245,237
22,DEL,246,234
22,DEL,247,266
22,DEL,248,297
22,DEL,249,270
22,DEL,250,274
22,DEL,251,285
22,DEL,252,268
22,DEL,253,279
22,DEL,254,278
22,DEL,255,298
22,DEL,257,561
22,DEL,259,610
22,DEL,261,593
22,DEL,263,611
22,DEL,265,628
22,DEL,267,657
22,DEL,269,699
22,DEL,271,663
22,DEL,273,716
22,DEL,275,792
22,DEL,277,746
22,DEL,279,763
22,DEL,281,790
22,DEL,283,747
22,DEL,285,797
22,DEL,287,814
22,DEL,289,800
22,DEL,291,855
22,DEL,293,922
22,DEL,295,868
22,DEL,297,904
22,DEL,299,906
22,DEL,301,954
22,DEL,303,940
22,DEL,305,970
22,DEL,307,970
22,DEL,309,981
22,DEL,311,1018
22,DEL,313,990
22,DEL,315,1006
22,DEL,317,1045
22,DEL,319,1039
22,DEL,321,988
22,DEL,323,1044
22,DEL,325,979
22,DEL,327,1071
22,DEL,329,1076
22,DEL,331,1085
22,DEL,333,1144
22,DEL,335,1148
22,DEL,337,1139
22,DEL,339,1166
22,DEL,341,1145
22,DEL,343,1099
22,DEL,345,1148
22,DEL,347,1077
22,DEL,349,1095
22,DEL,351,1100
22,DEL,353,1161
22,DEL,355,1126
22,DEL,357,1219
22,DEL,359,1111
22,DEL,361,1119
22,DEL,363,1248
22,DEL,365,1171
22,DEL,367,1221
22,DEL,369,1220
22,DEL,371,1234
22,DEL,373,1184
22,DEL,375,1167
22,DEL,377,1258
22,DEL,379,1187
22,DEL,381,1198
22,DEL,383,1236
22,DEL,385,1239
22,DEL,387,1256
22,DEL,389,1200
22,DEL,391,1204
22,DEL,393,1226
22,DEL,395,1183
22,DEL,397,1224
22,DEL,399,1210
22,DEL,401,1127
22,DEL,403,1219
22,DEL,405,1135
22,DEL,407,1190
22,DEL,409,1158
22,DEL,411,1184
22,DEL,413,1162
22,DEL,415,1143
22,DEL,417,1218
22,DEL,419,1127
22,DEL,421,1100
22,DEL,423,1087
22,DEL,425,1087
22,DEL,427,1090
22,DEL,429,1070
22,DEL,431,1083
22,DEL,433,1069
22,DEL,435,1076
22,DEL,437,986
22,DEL,439,1036
22,DEL,441,1066
22,DEL,443,1059
22,DEL,445,993
22,DEL,447,982
22,DEL,449,920
22,DEL,451,891
22,DEL,453,809
22,DEL,455,968
22,DEL,457,887
22,DEL,459,887
22,DEL,461,862
22,DEL,463,855
22,DEL,465,838
22,DEL,467,796
22,DEL,469,789
22,DEL,471,766
22,DEL,473,766
22,DEL,475,747
22,DEL,477,719
22,DEL,479,750
22,DEL,481,729
22,DEL,483,695
22,DEL,485,657
22,DEL,487,691
22,DEL,489,627
22,DEL,491,674
22,DEL,493,630
22,DEL,495,598
22,DEL,497,635
22,DEL,499,575
22,DEL,501,599
22,DEL,503,559
22,DEL,505,553
22,DEL,507,505
22,DEL,509,518
22,DEL,511,514
22,DEL,515,981
22,DEL,519,895
22,DEL,523,921
22,DEL,527,873
22,DEL,531,817
22,DEL,535,767
22,DEL,539,761
22,DEL,543,654
22,DEL,547,651
22,DEL,551,661
22,DEL,555,628
22,DEL,559,563
22,DEL,563,517
22,DEL,567,503
22,DEL,571,507
22,DEL,575,450
22,DEL,579,413
22,DEL,583,428
22,DEL,587,389
22,DEL,591,363
22,DEL,595,338
22,DEL,599,324
22,DEL,603,297
22,DEL,607,326
22,DEL,611,268
22,DEL,615,257
22,DEL,619,231
22,DEL,623,225
22,DEL,627,209
22,DEL,631,196
22,DEL,635,157
22,DEL,639,174
22,DEL,643,152
22,DEL,647,152
22,DEL,651,134
22,DEL,655,117
22,DEL,659,119
22,DEL,663,104
22,DEL,667,98
22,DEL,671,70
22,DEL,675,70
22,DEL,679,90
22,DEL,683,75
22,DEL,687,60
22,DEL,691,53
22,DEL,695,38
22,DEL,699,50
22,DEL,703,35
22,DEL,707,30
22,DEL,711,26
22,DEL,715,26
22,DEL,719,26
22,DEL,723,22
22,DEL,727,21
22,DEL,731,20
22,DEL,735,19
22,DEL,739,22
22,DEL,743,9
22,DEL,747,12
22,DEL,751,12
22,DEL,755,7
22,DEL,759,11
22,DEL,763,10
22,DEL,767,8
22,DEL,771,5
22,DEL,775,8
22,DEL,779,6
22,DEL,783,7
22,DEL,787,5
22,DEL,791,8
22,DEL,795,4
22,DEL,799,1
22,DEL,807,1
22,DEL,811,8
22,DEL,815,1
22,DEL,823,3
22,DEL,827,1
22,DEL,839,3
22,DEL,843,1
22,DEL,847,1
22,DEL,859,1
22,DEL,863,1
22,DEL,867,1
22,DEL,871,1
22,DEL,879,2
22,DEL,883,1
22,DEL,903,1
22,DEL,915,3
22,DEL,919,2
22,DEL,927,2
22,DEL,935,1
22,DEL,939,2
22,DEL,943,2
22,DEL,955,1
22,DEL,959,1
22,DEL,983,1
22,DEL,1047,1
22,DEL,1055,1
22,DEL,1063,1
22,DEL,1095,1
22,DEL,1103,1
22,DEL,1143,1
22,DEL,1183,1
22,DEL,1247,1
22,DEL,1367,1
22,DEL,1375,2
22,DEL,1391,2
22,DEL,1455,1
22,DEL,1495,1
22,DEL,1503,1
22,DEL,1551,1
22,DEL,1575,1
22,DEL,1583,2
22,DEL,1599,1
22,DEL,1631,1
22,DEL,1719,2
22,DEL,1735,1
22,DEL,1807,1
22,DEL,1823,1
22,DEL,1831,1
22,DEL,1967,1
22,DEL,1975,1
22,DEL,2239,1
22,DEL,2415,1
22,DEL,2431,1
22,DEL,2447,1
22,DEL,50943,1
22,DEL,57343,1
22,DEL,58111,1
22,GET,92,2
22,GET,93,2
22,GET,94,1
22,GET,95,5
22,GET,96,1
22,GET,97,5
22,GET,98,4
22,GET,99,7
22,GET,100,1
22,GET,101,3
22,GET,102,9
22,GET,103,6
22,GET,104,5
22,GET,105,10
22,GET,106,22
22,GET,107,11
22,GET,108,18
22,GET,109,15
22,GET,110,18
22,GET,111,21
22,GET,112,21
22,GET,113,17
22,GET,114,30
22,GET,115,23
22,GET,116,45
22,GET,117,37
22,GET,118,38
22,GET,119,46
22,GET,120,55
22,GET,121,51
22,GET,122,53
22,GET,123,56
22,GET,124,58
22,GET,125,54
22,GET,126,51
22,GET,127,70
22,GET,128,77
22,GET,129,76
22,GET,130,85
22,GET,131,92
22,GET,132,80
22,GET,133,70
22,GET,134,82
22,GET,135,83
22,GET,136,94
22,GET,137,95
22,GET,138,123
22,GET,139,106
22,GET,140,111
22,GET,141,113
22,GET,142,121
22,GET,143,125
22,GET,144,143
22,GET,145,129
22,GET,146,132
22,GET,147,141
22,GET,148,132
22,GET,149,136
22,GET,150,167
22,GET,151,142
22,GET,152,184
22,GET,153,158
22,GET,154,185
22,GET,155,194
22,GET,156,209
22,GET,157,181
22,GET,158,157
22,GET,159,175
22,GET,160,199
22,GET,161,197
22,GET,162,189
22,GET,163,180
22,GET,164,181
22,GET,165,189
22,GET,166,196
22,GET,167,216
22,GET,168,237
22,GET,169,214
22,GET,170,215
22,GET,171,229
22,GET,172,221
22,GET,173,249
22,GET,174,239
22,GET,175,250
22,GET,176,251
22,GET,177,260
22,GET,178,259
22,GET,179,231
22,GET,180,251
22,GET,181,266
22,GET,182,231
22,GET,183,268
22,GET,184,296
22,GET,185,281
22,GET,186,268
22,GET,187,294
22,GET,188,297
22,GET,189,295
22,GET,190,296
22,GET,191,269
22,GET,192,277
22,GET,193,332
22,GET,194,313
22,GET,195,323
22,GET,196,318
22,GET,197,303
22,GET,198,310
22,GET,199,350
22,GET,200,346
22,GET,201,356
22,GET,202,327
22,GET,203,366
22,GET,204,342
22,GET,205,380
22,GET,206,385
22,GET,207,365
22,GET,208,379
22,GET,209,373
22,GET,210,396
22,GET,211,407
22,GET,212,442
22,GET,213,431
22,GET,214,432
22,GET,215,390
22,GET,216,442
22,GET,217,437
22,GET,218,467
22,GET,219,466
22,GET,220,496
22,GET,221,484
22,GET,222,499
22,GET,223,496
22,GET,224,491
22,GET,225,538
22,GET,226,481
22,GET,227,522
22,GET,228,509
22,GET,229,530
22,GET,230,587
22,GET,231,549
22,GET,232,571
22,GET,233,598
22,GET,234,612
22,GET,235,586
22,GET,236,611
22,GET,237,592
22,GET,238,624
22,GET,239,663
22,GET,240,628
22,GET,241,662
22,GET,242,655
22,GET,243,642
22,GET,244,711
22,GET,245,696
22,GET,246,691
22,GET,247,729
22,GET,248,732
22,GET,249,733
22,GET,250,777
22,GET,251,770
22,GET,252,801
22,GET,253,794
22,GET,254,846
22,GET,255,800
22,GET,257,1600
22,GET,259,1736
22,GET,261,1793
22,GET,263,1806
22,GET,265,1839
22,GET,267,1873
22,GET,269,1913
22,GET,271,2041
22,GET,273,2066
22,GET,275,2116
22,GET,277,2209
22,GET,279,2242
22,GET,281,2220
22,GET,283,2299
22,GET,285,2353
22,GET,287,2346
22,GET,289,2402
22,GET,291,2435
22,GET,293,2423
22,GET,295,2594
22,GET,297,2611
22,GET,299,2667
22,GET,301,2683
22,GET,303,2748
22,GET,305,2754
22,GET,307,2744
22,GET,309,2729
22,GET,311,2759
22,GET,313,2840
22,GET,315,2910
22,GET,317,2916
22,GET,319,2935
22,GET,321,2855
22,GET,323,2999
22,GET,325,2918
22,GET,327,3096
22,GET,329,3050
22,GET,331,3056
22,GET,333,3073
22,GET,335,3074
22,GET,337,3059
22,GET,339,3189
22,GET,341,3113
22,GET,343,3198
22,GET,345,3184
22,GET,347,3248
22,GET,349,3187
22,GET,351,3360
22,GET,353,3339
22,GET,355,3237
22,GET,357,3297
22,GET,359,3258
22,GET,361,3347
22,GET,363,3400
22,GET,365,3434
22,GET,367,3502
22,GET,369,3383
22,GET,371,3354
22,GET,373,3349
22,GET,375,3399
22,GET,377,3458
22,GET,379,3414
22,GET,381,3419
22,GET,383,3330
22,GET,385,3498
22,GET,387,3500
22,GET,389,3351
22,GET,391,3341
22,GET,393,3413
22,GET,395,3324
22,GET,397,3250
22,GET,399,3340
22,GET,401,3444
22,GET,403,3256
22,GET,405,3326
22,GET,407,3223
22,GET,409,3231
22,GET,411,3286
22,GET,413,3196
22,GET,415,3251
22,GET,417,3225
22,GET,419,3163
22,GET,421,3206
22,GET,423,3081
22,GET,425,2977
22,GET,427,3064
22,GET,429,3055
22,GET,431,2999
22,GET,433,2937
22,GET,435,2932
22,GET,437,2860
22,GET,439,2837
22,GET,441,2721
22,GET,443,2739
22,GET,445,2810
22,GET,447,2680
22,GET,449,2623
22,GET,451,2637
22,GET,453,2547
22,GET,455,2567
22,GET,457,2570
22,GET,459,2422
22,GET,461,2370
22,GET,463,2327
22,GET,465,2281
22,GET,467,2242
22,GET,469,2186
22,GET,471,2177
22,GET,473,2118
22,GET,475,2129
22,GET,477,2144
22,GET,479,1966
22,GET,481,1956
22,GET,483,1943
22,GET,485,1889
22,GET,487,1907
22,GET,489,1767
22,GET,491,1747
22,GET,493,1749
22,GET,495,1692
22,GET,497,1602
22,GET,499,1572
22,GET,501,1554
22,GET,503,1568
22,GET,505,1466
22,GET,507,1502
22,GET,509,1508
22,GET,511,1345
22,GET,515,2685
22,GET,519,2584
22,GET,523,2509
22,GET,527,2373
22,GET,531,2259
22,GET,535,2088
22,GET,539,2027
22,GET,543,1973
22,GET,547,1873
22,GET,551,1717
22,GET,555,1675
22,GET,559,1599
22,GET,563,1488
22,GET,567,1417
22,GET,571,1372
22,GET,575,1311
22,GET,579,1172
22,GET,583,1194
22,GET,587,1063
22,GET,591,1053
22,GET,595,986
22,GET,599,932
22,GET,603,836
22,GET,607,832
22,GET,611,751
22,GET,615,690
22,GET,619,616
22,GET,623,607
22,GET,627,529
22,GET,631,581
22,GET,635,521
22,GET,639,436
22,GET,643,411
22,GET,647,377
22,GET,651,373
22,GET,655,311
22,GET,659,312
22,GET,663,274
22,GET,667,236
22,GET,671,222
22,GET,675,237
22,GET,679,174
22,GET,683,174
22,GET,687,176
22,GET,691,136
22,GET,695,135
22,GET,699,123
22,GET,703,102
22,GET,707,120
22,GET,711,99
22,GET,715,87
22,GET,719,88
22,GET,723,69
22,GET,727,53
22,GET,731,58
22,GET,735,56
22,GET,739,38
22,GET,743,42
22,GET,747,39
22,GET,751,42
22,GET,755,28
22,GET,759,25
22,GET,763,18
22,GET,767,19
22,GET,771,19
22,GET,775,15
22,GET,779,11
22,GET,783,7
22,GET,787,13
22,GET,791,12
22,GET,795,17
22,GET,799,4
22,GET,803,10
22,GET,807,4
22,GET,811,8
22,GET,815,6
22,GET,819,1
22,GET,823,8
22,GET,827,7
22,GET,831,4
22,GET,835,6
22,GET,843,2
22,GET,847,2
22,GET,851,2
22,GET,855,4
22,GET,859,1
22,GET,863,3
22,GET,867,4
22,GET,875,2
22,GET,879,3
22,GET,883,2
22,GET,887,4
22,GET,891,2
22,GET,895,2
22,GET,899,2
22,GET,903,2
22,GET,907,2
22,GET,911,2
22,GET,915,1
22,GET,919,2
22,GET,923,2
22,GET,927,1
22,GET,935,1
22,GET,943,3
22,GET,947,1
22,GET,967,3
22,GET,971,3
22,GET,983,1
22,GET,991,1
22,GET,1003,1
22,GET,1031,4
22,GET,1039,1
22,GET,1063,1
22,GET,1071,1
22,GET,1095,1
22,GET,1111,1
22,GET,1135,1
22,GET,1167,1
22,GET,1175,1
22,GET,1183,1
22,GET,1207,1
22,GET,1223,1
22,GET,1231,1
22,GET,1255,1
22,GET,1287,1
22,GET,1335,1
22,GET,1343,1
22,GET,1359,3
22,GET,1391,2
22,GET,1399,2
22,GET,1439,1
22,GET,1463,2
22,GET,1479,3
22,GET,1495,3
22,GET,1511,1
22,GET,1535,1
22,GET,1543,3
22,GET,1551,3
22,GET,1559,1
22,GET,1575,2
22,GET,1591,1
22,GET,1607,2
22,GET,1615,1
22,GET,1623,2
22,GET,1631,1
22,GET,1639,3
22,GET,1687,1
22,GET,1695,2
22,GET,1703,1
22,GET,1711,1
22,GET,1727,1
22,GET,1735,1
22,GET,1743,1
22,GET,1751,1
22,GET,1767,2
22,GET,1775,1
22,GET,1799,1
22,GET,1807,1
22,GET,1823,1
22,GET,1831,1
22,GET,1839,1
22,GET,1863,2
22,GET,1879,1
22,GET,1895,1
22,GET,1903,1
22,GET,1911,2
22,GET,1927,2
22,GET,1943,1
22,GET,1959,1
22,GET,1967,1
22,GET,1999,1
22,GET,2031,1
22,GET,2079,1
22,GET,2095,2
22,GET,2143,1
22,GET,2191,1
22,GET,2207,2
22,GET,2271,1
22,GET,2399,1
22,GET,2415,1
22,GET,2447,1
22,GET,2463,1
22,GET,2607,1
22,GET,3183,1
22,GET,4127,1
22,GET,52735,1
22,GET,54271,1
22,GET,54527,1
22,GET,55295,1
22,GET,56319,1
22,GET,57343,1
22,GET,58367,1
22,GET,58623,1
22,GET,60415,1
22,GET,60671,1
22,GET,61439,1
22,GET,62719,1
22,GET,62975,1
22,SET,103,2
22,SET,106,1
22,SET,107,1
22,SET,108,2
22,SET,110,2
22,SET,111,2
22,SET,112,1
22,SET,113,3
22,SET,114,1
22,SET,115,3
22,SET,117,1
22,SET,118,4
22,SET,119,1
22,SET,120,3
22,SET,121,1
22,SET,123,2
22,SET,124,3
22,SET,125,4
22,SET,126,1
22,SET,127,2
22,SET,128,4
22,SET,129,5
22,SET,130,4
22,SET,131,3
22,SET,132,7
22,SET,133,13
22,SET,134,5
22,SET,135,13
22,SET,136,5
22,SET,137,8
22,SET,138,8
22,SET,139,9
22,SET,140,8
22,SET,141,8
22,SET,142,9
22,SET,143,6
22,SET,144,8
22,SET,145,7
22,SET,146,13
22,SET,147,10
22,SET,148,11
22,SET,149,7
22,SET,150,11
22,SET,151,11
22,SET,152,11
22,SET,153,16
22,SET,154,11
22,SET,155,13
22,SET,156,15
22,SET,157,13
22,SET,158,12
22,SET,159,13
22,SET,160,9
22,SET,161,13
22,SET,162,13
22,SET,163,20
22,SET,164,15
22,SET,165,8
22,SET,166,14
22,SET,167,18
22,SET,168,15
22,SET,169,16
22,SET,170,12
22,SET,171,21
22,SET,172,18
22,SET,173,16
22,SET,174,16
22,SET,175,18
22,SET,176,19
22,SET,177,17
22,SET,178,15
22,SET,179,14
22,SET,180,15
22,SET,181,13
22,SET,182,18
22,SET,183,14
22,SET,184,13
22,SET,185,21
22,SET,186,19
22,SET,187,13
22,SET,188,24
22,SET,189,18
22,SET,190,11
22,SET,191,14
22,SET,192,23
22,SET,193,26
22,SET,194,21
22,SET,195,17
22,SET,196,22
22,SET,197,18
22,SET,198,31
22,SET,199,25
22,SET,200,17
22,SET,201,22
22,SET,202,23
22,SET,203,20
22,SET,204,33
22,SET,205,27
22,SET,206,22
22,SET,207,25
22,SET,208,26
22,SET,209,25
22,SET,210,19
22,SET,211,26
22,SET,212,31
22,SET,213,31
22,SET,214,29
22,SET,215,32
22,SET,216,27
22,SET,217,29
22,SET,218,27
22,SET,219,30
22,SET,220,46
22,SET,221,40
22,SET,222,34
22,SET,223,33
22,SET,224,27
22,SET,225,31
22,SET,226,37
22,SET,227,36
22,SET,228,31
22,SET,229,37
22,SET,230,37
22,SET,231,42
22,SET,232,34
22,SET,233,42
22,SET,234,37
22,SET,235,44
22,SET,236,49
22,SET,237,41
22,SET,238,47
22,SET,239,40
22,SET,240,46
22,SET,241,42
22,SET,242,37
22,SET,243,49
22,SET,244,48
22,SET,245,55
22,SET,246,61
22,SET,247,45
22,SET,248,52
22,SET,249,45
22,SET,250,61
22,SET,251,54
22,SET,252,58
22,SET,253,56
22,SET,254,58
22,SET,255,70
22,SET,257,113
22,SET,259,130
22,SET,261,103
22,SET,263,135
22,SET,265,108
22,SET,267,122
22,SET,269,115
22,SET,271,169
22,SET,273,133
22,SET,275,142
22,SET,277,132
22,SET,279,147
22,SET,281,165
22,SET,283,162
22,SET,285,171
22,SET,287,173
22,SET,289,165
22,SET,291,187
22,SET,293,172
22,SET,295,193
22,SET,297,188
22,SET,299,163
22,SET,301,173
22,SET,303,187
22,SET,305,216
22,SET,307,199
22,SET,309,202
22,SET,311,190
22,SET,313,171
22,SET,315,185
22,SET,317,195
22,SET,319,190
22,SET,321,203
22,SET,323,207
22,SET,325,207
22,SET,327,223
22,SET,329,207
22,SET,331,237
22,SET,333,205
22,SET,335,212
22,SET,337,216
22,SET,339,220
22,SET,341,228
22,SET,343,218
22,SET,345,230
22,SET,347,200
22,SET,349,221
22,SET,351,236
22,SET,353,213
22,SET,355,227
22,SET,357,243
22,SET,359,231
22,SET,361,258
22,SET,363,223
22,SET,365,233
22,SET,367,254
22,SET,369,214
22,SET,371,224
22,SET,373,221
22,SET,375,250
22,SET,377,240
22,SET,379,218
22,SET,381,256
22,SET,383,235
22,SET,385,229
22,SET,387,243
22,SET,389,221
22,SET,391,271
22,SET,393,240
22,SET,395,255
22,SET,397,226
22,SET,399,209
22,SET,401,262
22,SET,403,229
22,SET,405,257
22,SET,407,230
22,SET,409,236
22,SET,411,206
22,SET,413,267
22,SET,415,248
22,SET,417,231
22,SET,419,220
22,SET,421,213
22,SET,423,208
22,SET,425,216
22,SET,427,244
22,SET,429,193
22,SET,431,228
22,SET,433,222
22,SET,435,188
22,SET,437,195
22,SET,439,199
22,SET,441,210
22,SET,443,199
22,SET,445,203
22,SET,447,196
22,SET,449,181
22,SET,451,189
22,SET,453,199
22,SET,455,170
22,SET,457,192
22,SET,459,173
22,SET,461,160
22,SET,463,179
22,SET,465,181
22,SET,467,201
22,SET,469,151
22,SET,471,145
22,SET,473,140
22,SET,475,144
22,SET,477,130
22,SET,479,138
22,SET,481,125
22,SET,483,119
22,SET,485,154
22,SET,487,136
22,SET,489,123
22,SET,491,107
22,SET,493,124
22,SET,495,118
22,SET,497,130
22,SET,499,125
22,SET,501,108
22,SET,503,93
22,SET,505,106
22,SET,507,110
22,SET,509,96
22,SET,511,90
22,SET,515,167
22,SET,519,190
22,SET,523,176
22,SET,527,180
22,SET,531,157
22,SET,535,143
22,SET,539,133
22,SET,543,138
22,SET,547,143
22,SET,551,133
22,SET,555,125
22,SET,559,127
22,SET,563,107
22,SET,567,121
22,SET,571,90
22,SET,575,81
22,SET,579,105
22,SET,583,73
22,SET,587,72
22,SET,591,90
22,SET,595,71
22,SET,599,66
22,SET,603,60
22,SET,607,57
22,SET,611,53
22,SET,615,57
22,SET,619,52
22,SET,623,39
22,SET,627,47
22,SET,631,31
22,SET,635,36
22,SET,639,28
22,SET,643,40
22,SET,647,41
22,SET,651,22
22,SET,655,33
22,SET,659,34
22,SET,663,21
22,SET,667,17
22,SET,671,15
22,SET,675,21
22,SET,679,16
22,SET,683,14
22,SET,687,13
22,SET,691,15
22,SET,695,5
22,SET,699,7
22,SET,703,12
22,SET,707,7
22,SET,711,9
22,SET,715,6
22,SET,719,6
22,SET,723,3
22,SET,727,5
22,SET,731,5
22,SET,735,3
22,SET,739,3
22,SET,743,4
22,SET,747,4
22,SET,751,4
22,SET,755,1
22,SET,763,2
22,SET,771,1
22,SET,775,3
22,SET,783,2
22,SET,791,1
22,SET,803,2
22,SET,815,1
22,SET,855,1
22,SET,923,1
22,SET,955,1
22,SET,983,1
22,SET,1031,1
22,SET,1135,1
22,SET,1263,1
22,SET,1471,1
22,SET,1687,1
22,SET,1791,1
22,SET,1847,1
22,SET,2303,1
22,SET,2751,1
23,DEL,89,1
23,DEL,90,2
23,DEL,94,1
23,DEL,97,4
23,DEL,98,2
23,DEL,99,2
23,DEL,100,3
23,DEL,101,3
23,DEL,102,3
23,DEL,103,2
23,DEL,104,4
23,DEL,105,7
23,DEL,106,4
23,DEL,107,5
23,DEL,108,6
23,DEL,109,5
23,DEL,110,4
23,DEL,111,5
23,DEL,112,6
23,DEL,113,5
23,DEL,114,8
23,DEL,115,6
23,DEL,116,14
23,DEL,117,10
23,DEL,118,14
23,DEL,119,10
23,DEL,120,8
23,DEL,121,11
23,DEL,122,13
23,DEL,123,13
23,DEL,124,16
23,DEL,125,7
23,DEL,126,17
23,DEL,127,18
23,DEL,128,12
23,DEL,129,25
23,DEL,130,18
23,DEL,131,12
23,DEL,132,21
23,DEL,133,21
23,DEL,134,20
23,DEL,135,24
23,DEL,136,17
23,DEL,137,22
23,DEL,138,22
23,DEL,139,16
23,DEL,140,25
23,DEL,141,23
23,DEL,142,20
23,DEL,143,28
23,DEL,144,21
23,DEL,145,25
23,DEL,146,26
23,DEL,147,30
23,DEL,148,43
23,DEL,149,42
23,DEL,150,29
23,DEL,151,28
23,DEL,152,23
23,DEL,153,21
23,DEL,154,24
23,DEL,155,25
23,DEL,156,40
23,DEL,157,44
23,DEL,158,32
23,DEL,159,31
23,DEL,160,40
23,DEL,161,37
23,DEL,162,39
23,DEL,163,30
23,DEL,164,48
23,DEL,165,28
23,DEL,166,53
23,DEL,167,60
23,DEL,168,41
23,DEL,169,39
23,DEL,170,47
23,DEL,171,58
23,DEL,172,50
23,DEL,173,48
23,DEL,174,63
23,DEL,175,65
23,DEL,176,79
23,DEL,177,63
23,DEL,178,62
23,DEL,179,72
23,DEL,180,66
23,DEL,181,56
23,DEL,182,66
23,DEL,183,73
23,DEL,184,83
23,DEL,185,84
23,DEL,186,81
23,DEL,187,78
23,DEL,188,87
23,DEL,189,83
23,DEL,190,87
23,DEL,191,94
23,DEL,192,81
23,DEL,193,85
23,DEL,194,124
23,DEL,195,123
23,DEL,196,106
23,DEL,197,104
23,DEL,198,94
23,DEL,199,112
23,DEL,200,97
23,DEL,201,127
23,DEL,202,112
23,DEL,203,116
23,DEL,204,109
23,DEL,205,126
23,DEL,206,141
23,DEL,207,131
23,DEL,208,168
23,DEL,209,133
23,DEL,210,140
23,DEL,211,147
23,DEL,212,157
23,DEL,213,181
23,DEL,214,147
23,DEL,215,177
23,DEL,216,182
23,DEL,217,153
23,DEL,218,192
23,DEL,219,179
23,DEL,220,191
23,DEL,221,191
23,DEL,222,195
23,DEL,223,169
23,DEL,224,181
23,DEL,225,195
23,DEL,226,203
23,DEL,227,223
23,DEL,228,251
23,DEL,229,261
23,DEL,230,226
23,DEL,231,229
23,DEL,232,228
23,DEL,233,244
23,DEL,234,220
23,DEL,235,215
23,DEL,236,243
23,DEL,237,246
23,DEL,238,277
23,DEL,239,255
23,DEL,240,257
23,DEL,241,263
23,DEL,242,261
23,DEL,243,281
23,DEL,244,274
23,DEL,245,303
23,DEL,246,285
23,DEL,247,292
23,DEL,248,295
23,DEL,249,320
23,DEL,250,321
23,DEL,251,286
23,DEL,252,313
23,DEL,253,281
23,DEL,254,303
23,DEL,255,336
23,DEL,257,673
23,DEL,259,699
23,DEL,261,700
23,DEL,263,741
23,DEL,265,743
23,DEL,267,785
23,DEL,269,792
23,DEL,271,845
23,DEL,273,816
23,DEL,275,880
23,DEL,277,868
23,DEL,279,864
23,DEL,281,917
23,DEL,283,911
23,DEL,285,927
23,DEL,287,993
23,DEL,289,956
23,DEL,291,958
23,DEL,293,1022
23,DEL,295,1000
23,DEL,297,973
23,DEL,299,999
23,DEL,301,1043
23,DEL,303,1016
23,DEL,305,1089
23,DEL,307,1027
23,DEL,309,1026
23,DEL,311,1048
23,DEL,313,1085
23,DEL,315,1109
23,DEL,317,1108
23,DEL,319,1127
23,DEL,321,1098
23,DEL,323,1075
23,DEL,325,1168
23,DEL,327,1145
23,DEL,329,1127
23,DEL,331,1188
23,DEL,333,1170
23,DEL,335,1199
23,DEL,337,1158
23,DEL,339,1227
23,DEL,341,1189
23,DEL,343,1154
23,DEL,345,1216
23,DEL,347,1168
23,DEL,349,1219
23,DEL,351,1267
23,DEL,353,1261
23,DEL,355,1220
23,DEL,357,1200
23,DEL,359,1193
23,DEL,361,1214
23,DEL,363,1197
23,DEL,365,1236
23,DEL,367,1249
23,DEL,369,1262
23,DEL,371,1218
23,DEL,373,1205
23,DEL,375,1300
23,DEL,377,1181
23,DEL,379,1275
23,DEL,381,1169
23,DEL,383,1219
23,DEL,385,1274
23,DEL,387,1199
23,DEL,389,1204
23,DEL,391,1227
23,DEL,393,1144
23,DEL,395,1191
23,DEL,397,1236
23,DEL,399,1204
23,DEL,401,1156
23,DEL,403,1180
23,DEL,405,1185
23,DEL,407,1169
23,DEL,409,1108
23,DEL,411,1185
23,DEL,413,1102
23,DEL,415,1108
23,DEL,417,1104
23,DEL,419,1122
23,DEL,421,1101
23,DEL,423,1112
23,DEL,425,1113
23,DEL,427,1092
23,DEL,429,1015
23,DEL,431,1033
23,DEL,433,1087
23,DEL,435,990
23,DEL,437,1000
23,DEL,439,1046
23,DEL,441,981
23,DEL,443,947
23,DEL,445,895
23,DEL,447,947
23,DEL,449,922
23,DEL,451,910
23,DEL,453,841
23,DEL,455,860
23,DEL,457,806
23,DEL,459,853
23,DEL,461,805
23,DEL,463,760
23,DEL,465,819
23,DEL,467,742
23,DEL,469,750
23,DEL,471,766
23,DEL,473,719
23,DEL,475,652
23,DEL,477,670
23,DEL,479,645
23,DEL,481,615
23,DEL,483,628
23,DEL,485,635
23,DEL,487,593
23,DEL,489,542
23,DEL,491,624
23,DEL,493,562
23,DEL,495,547
23,DEL,497,572
23,DEL,499,550
23,DEL,501,533
23,DEL,503,523
23,DEL,505,528
23,DEL,507,487
23,DEL,509,472
23,DEL,511,452
23,DEL,515,882
23,DEL,519,875
23,DEL,523,820
23,DEL,527,750
23,DEL,531,755
23,DEL,535,674
23,DEL,539,625
23,DEL,543,633
23,DEL,547,586
23,DEL,551,583
23,DEL,555,522
23,DEL,559,504
23,DEL,563,504
23,DEL,567,464
23,DEL,571,422
23,DEL,575,427
23,DEL,579,350
23,DEL,583,359
23,DEL,587,354
23,DEL,591,328
23,DEL,595,324
23,DEL,599,289
23,DEL,603,282
23,DEL,607,235
23,DEL,611,220
23,DEL,615,249
23,DEL,619,213
23,DEL,623,193
23,DEL,627,181
23,DEL,631,175
23,DEL,635,148
23,DEL,639,136
23,DEL,643,139
23,DEL,647,128
23,DEL,651,99
23,DEL,655,105
23,DEL,659,87
23,DEL,663,77
23,DEL,667,65
23,DEL,671,76
23,DEL,675,66
23,DEL,679,58
23,DEL,683,53
23,DEL,687,46
23,DEL,691,40
23,DEL,695,43
23,DEL,699,32
23,DEL,703,25
23,DEL,707,16
23,DEL,711,30
23,DEL,715,17
23,DEL,719,22
23,DEL,723,22
23,DEL,727,16
23,DEL,731,19
23,DEL,735,12
23,DEL,739,18
23,DEL,743,16
23,DEL,747,15
23,DEL,751,3
23,DEL,755,4
23,DEL,759,5
23,DEL,763,3
23,DEL,767,8
23,DEL,771,6
23,DEL,775,2
23,DEL,779,4
23,DEL,783,3
23,DEL,787,4
23,DEL,791,1
23,DEL,795,3
23,DEL,799,4
23,DEL,803,4
23,DEL,807,4
23,DEL,811,2
23,DEL,815,4
23,DEL,819,2
23,DEL,823,2
23,DEL,827,1
23,DEL,831,1
23,DEL,835,1
23,DEL,839,2
23,DEL,847,1
23,DEL,851,1
23,DEL,855,1
23,DEL,859,1
23,DEL,863,1
23,DEL,867,1
23,DEL,887,1
23,DEL,891,1
23,DEL,895,2
23,DEL,899,2
23,DEL,911,1
23,DEL,915,1
23,DEL,935,1
23,DEL,947,1
23,DEL,967,1
23,DEL,971,1
23,DEL,999,1
23,DEL,1007,1
23,DEL,1071,2
23,DEL,1103,1
23,DEL,1111,1
23,DEL,1127,1
23,DEL,1231,1
23,DEL,1263,1
23,DEL,1351,1
23,DEL,1391,1
23,DEL,1423,1
23,DEL,1463,2
23,DEL,1479,1
23,DEL,1511,1
23,DEL,1559,1
23,DEL,1575,1
23,DEL,1607,1
23,DEL,1615,1
23,DEL,1623,1
23,DEL,1671,1
23,DEL,1679,1
23,DEL,1719,1
23,DEL,1727,2
23,DEL,1735,1
23,DEL,1743,1
23,DEL,1767,1
23,DEL,1791,1
23,DEL,1807,1
23,DEL,1855,1
23,DEL,1871,1
23,DEL,1919,1
23,DEL,1951,1
23,DEL,1967,1
23,DEL,1975,1
23,DEL,1991,1
23,DEL,2031,1
23,DEL,2095,1
23,DEL,2111,1
23,DEL,2207,1
23,DEL,2223,1
23,DEL,2479,1
23,DEL,2527,1
23,DEL,3263,1
23,DEL,52223,1
23,DEL,55039,1
23,DEL,58367,1
23,DEL,63487,1
23,SET,96,1
23,SET,99,1
23,SET,101,1
23,SET,102,1
23,SET,107,1
23,SET,111,2
23,SET,112,1
23,SET,113,2
23,SET,115,3
23,SET,116,2
23,SET,117,2
23,SET,118,1
23,SET,120,3
23,SET,121,2
23,SET,122,1
23,SET,123,2
23,SET,124,3
23,SET,125,2
23,SET,126,7
23,SET,127,4
23,SET,128,5
23,SET,129,6
23,SET,130,1
23,SET,131,3
23,SET,132,3
23,SET,133,8
23,SET,134,6
23,SET,135,2
23,SET,137,4
23,SET,138,4
23,SET,139,2
23,SET,140,4
23,SET,141,8
23,SET,142,7
23,SET,143,7
23,SET,144,3
23,SET,145,1
23,SET,146,8
23,SET,147,6
23,SET,148,8
23,SET,149,2
23,SET,150,11
23,SET,151,4
23,SET,152,6
23,SET,153,8
23,SET,154,8
23,SET,155,7
23,SET,156,3
23,SET,157,10
23,SET,158,11
23,SET,159,4
23,SET,160,3
23,SET,161,5
23,SET,162,6
23,SET,163,5
23,SET,164,7
23,SET,165,9
23,SET,166,6
23,SET,167,6
23,SET,168,11
23,SET,169,12
23,SET,170,10
23,SET,171,11
23,SET,172,11
23,SET,173,17
23,SET,174,5
23,SET,175,14
23,SET,176,13
23,SET,177,9
23,SET,178,11
23,SET,179,17
23,SET,180,8
23,SET,181,14
23,SET,182,17
23,SET,183,8
23,SET,184,10
23,SET,185,15
23,SET,186,13
23,SET,187,11
23,SET,188,16
23,SET,189,8
23,SET,190,18
23,SET,191,20
23,SET,192,23
23,SET,193,23
23,SET,194,22
23,SET,195,16
23,SET,196,18
23,SET,197,18
23,SET,198,22
23,SET,199,19
23,SET,200,20
23,SET,201,26
23,SET,202,30
23,SET,203,30
23,SET,204,17
23,SET,205,30
23,SET,206,25
23,SET,207,27
23,SET,208,37
23,SET,209,27
23,SET,210,27
23,SET,211,36
23,SET,212,19
23,SET,213,29
23,SET,214,31
23,SET,215,34
23,SET,216,29
23,SET,217,27
23,SET,218,39
23,SET,219,39
23,SET,220,27
23,SET,221,46
23,SET,222,47
23,SET,223,23
23,SET,224,31
23,SET,225,35
23,SET,226,35
23,SET,227,57
23,SET,228,38
23,SET,229,47
23,SET,230,45
23,SET,231,37
23,SET,232,42
23,SET,233,38
23,SET,234,37
23,SET,235,39
23,SET,236,59
23,SET,237,47
23,SET,238,49
23,SET,239,58
23,SET,240,53
23,SET,241,39
23,SET,242,51
23,SET,243,57
23,SET,244,46
23,SET,245,47
23,SET,246,70
23,SET,247,60
23,SET,248,65
23,SET,249,63
23,SET,250,74
23,SET,251,58
23,SET,252,67
23,SET,253,57
23,SET,254,47
23,SET,255,80
23,SET,257,121
23,SET,259,141
23,SET,261,144
23,SET,263,148
23,SET,265,164
23,SET,267,164
23,SET,269,158
23,SET,271,165
23,SET,273,153
23,SET,275,181
23,SET,277,164
23,SET,279,157
23,SET,281,174
23,SET,283,177
23,SET,285,167
23,SET,287,185
23,SET,289,194
23,SET,291,183
23,SET,293,227
23,SET,295,214
23,SET,297,210
23,SET,299,181
23,SET,301,208
23,SET,303,201
23,SET,305,211
23,SET,307,197
23,SET,309,209
23,SET,311,211
23,SET,313,197
23,SET,315,214
23,SET,317,225
23,SET,319,229
23,SET,321,207
23,SET,323,231
23,SET,325,224
23,SET,327,218
23,SET,329,242
23,SET,331,263
23,SET,333,220
23,SET,335,210
23,SET,337,217
23,SET,339,239
23,SET,341,242
23,SET,343,241
23,SET,345,247
23,SET,347,244
23,SET,349,247
23,SET,351,244
23,SET,353,266
23,SET,355,257
23,SET,357,248
23,SET,359,243
23,SET,361,258
23,SET,363,270
23,SET,365,243
23,SET,367,212
23,SET,369,239
23,SET,371,227
23,SET,373,197
23,SET,375,226
23,SET,377,270
23,SET,379,242
23,SET,381,253
23,SET,383,240
23,SET,385,225
23,SET,387,231
23,SET,389,239
23,SET,391,249
23,SET,393,270
23,SET,395,266
23,SET,397,263
23,SET,399,231
23,SET,401,222
23,SET,403,248
23,SET,405,227
23,SET,407,240
23,SET,409,228
23,SET,411,222
23,SET,413,244
23,SET,415,218
23,SET,417,234
23,SET,419,233
23,SET,421,228
23,SET,423,218
23,SET,425,217
23,SET,427,209
23,SET,429,211
23,SET,431,185
23,SET,433,204
23,SET,435,166
23,SET,437,195
23,SET,439,211
23,SET,441,189
23,SET,443,190
23,SET,445,190
23,SET,447,190
23,SET,449,191
23,SET,451,180
23,SET,453,159
23,SET,455,150
23,SET,457,163
23,SET,459,160
23,SET,461,180
23,SET,463,141
23,SET,465,153
23,SET,467,185
23,SET,469,124
23,SET,471,137
23,SET,473,146
23,SET,475,142
23,SET,477,131
23,SET,479,134
23,SET,481,133
23,SET,483,123
23,SET,485,121
23,SET,487,113
23,SET,489,98
23,SET,491,118
23,SET,493,118
23,SET,495,107
23,SET,497,105
23,SET,499,102
23,SET,501,104
23,SET,503,106
23,SET,505,115
23,SET,507,90
23,SET,509,92
23,SET,511,85
23,SET,515,168
23,SET,519,157
23,SET,523,182
23,SET,527,153
23,SET,531,157
23,SET,535,130
23,SET,539,139
23,SET,543,122
23,SET,547,127
23,SET,551,107
23,SET,555,111
23,SET,559,117
23,SET,563,96
23,SET,567,103
23,SET,571,89
23,SET,575,82
23,SET,579,72
23,SET,583,76
23,SET,587,51
23,SET,591,73
23,SET,595,75
23,SET,599,62
23,SET,603,55
23,SET,607,49
23,SET,611,56
23,SET,615,45
23,SET,619,45
23,SET,623,36
23,SET,627,24
23,SET,631,22
23,SET,635,32
23,SET,639,26
23,SET,643,29
23,SET,647,18
23,SET,651,20
23,SET,655,21
23,SET,659,21
23,SET,663,12
23,SET,667,21
23,SET,671,15
23,SET,675,15
23,SET,679,11
23,SET,683,11
23,SET,687,12
23,SET,691,7
23,SET,695,10
23,SET,699,13
23,SET,703,3
23,SET,707,12
23,SET,711,7
23,SET,715,5
23,SET,719,4
23,SET,723,4
23,SET,727,3
23,SET,731,3
23,SET,735,4
23,SET,739,4
23,SET,743,1
23,SET,747,1
23,SET,751,3
23,SET,755,1
23,SET,771,2
23,SET,775,2
23,SET,779,1
23,SET,783,2
23,SET,795,2
23,SET,803,1
23,SET,807,1
23,SET,831,1
23,SET,863,1
23,SET,883,1
23,SET,915,1
23,SET,951,1
23,SET,1439,1
23,SET,1495,1
23,SET,1639,1
23,SET,1767,1
23,SET,1871,1
23,SET,2303,1
23,SET,58367,1
23,GET,81,1
23,GET,86,2
23,GET,87,2
23,GET,90,2
23,GET,91,2
23,GET,92,1
23,GET,93,3
23,GET,94,1
23,GET,95,3
23,GET,96,3
23,GET,97,6
23,GET,98,3
23,GET,99,7
23,GET,100,9
23,GET,101,13
23,GET,102,8
23,GET,103,5
23,GET,104,13
23,GET,105,14
23,GET,106,9
23,GET,107,18
23,GET,108,16
23,GET,109,11
23,GET,110,15
23,GET,111,25
23,GET,112,18
23,GET,113,18
23,GET,114,30
23,GET,115,25
23,GET,116,32
23,GET,117,27
23,GET,118,40
23,GET,119,29
23,GET,120,28
23,GET,121,32
23,GET,122,35
23,GET,123,41
23,GET,124,33
23,GET,125,43
23,GET,126,44
23,GET,127,51
23,GET,128,46
23,GET,129,39
23,GET,130,49
23,GET,131,47
23,GET,132,50
23,GET,133,59
23,GET,134,58
23,GET,135,71
23,GET,136,44
23,GET,137,52
23,GET,138,65
23,GET,139,73
23,GET,140,67
23,GET,141,52
23,GET,142,58
23,GET,143,65
23,GET,144,65
23,GET,145,83
23,GET,146,77
23,GET,147,69
23,GET,148,80
23,GET,149,90
23,GET,150,91
23,GET,151,93
23,GET,152,99
23,GET,153,87
23,GET,154,103
23,GET,155,90
23,GET,156,84
23,GET,157,88
23,GET,158,100
23,GET,159,90
23,GET,160,105
23,GET,161,103
23,GET,162,120
23,GET,163,128
23,GET,164,109
23,GET,165,123
23,GET,166,112
23,GET,167,128
23,GET,168,127
23,GET,169,151
23,GET,170,153
23,GET,171,149
23,GET,172,136
23,GET,173,171
23,GET,174,135
23,GET,175,158
23,GET,176,192
23,GET,177,181
23,GET,178,180
23,GET,179,199
23,GET,180,212
23,GET,181,215
23,GET,182,207
23,GET,183,210
23,GET,184,234
23,GET,185,230
23,GET,186,222
23,GET,187,243
23,GET,188,258
23,GET,189,254
23,GET,190,240
23,GET,191,246
23,GET,192,262
23,GET,193,282
23,GET,194,240
23,GET,195,288
23,GET,196,311
23,GET,197,329
23,GET,198,299
23,GET,199,373
23,GET,200,349
23,GET,201,330
23,GET,202,368
23,GET,203,317
23,GET,204,351
23,GET,205,409
23,GET,206,376
23,GET,207,424
23,GET,208,416
23,GET,209,402
23,GET,210,392
23,GET,211,425
23,GET,212,460
23,GET,213,428
23,GET,214,455
23,GET,215,467
23,GET,216,479
23,GET,217,478
23,GET,218,466
23,GET,219,510
23,GET,220,521
23,GET,221,560
23,GET,222,575
23,GET,223,571
23,GET,224,582
23,GET,225,640
23,GET,226,602
23,GET,227,575
23,GET,228,599
23,GET,229,642
23,GET,230,611
23,GET,231,689
23,GET,232,615
23,GET,233,678
23,GET,234,697
23,GET,235,685
23,GET,236,690
23,GET,237,690
23,GET,238,744
23,GET,239,715
23,GET,240,714
23,GET,241,769
23,GET,242,777
23,GET,243,827
23,GET,244,827
23,GET,245,881
23,GET,246,854
23,GET,247,842
23,GET,248,842
23,GET,249,872
23,GET,250,872
23,GET,251,905
23,GET,252,903
23,GET,253,875
23,GET,254,953
23,GET,255,1009
23,GET,257,1970
23,GET,259,2020
23,GET,261,2003
23,GET,263,2157
23,GET,265,2170
23,GET,267,2195
23,GET,269,2271
23,GET,271,2244
23,GET,273,2377
23,GET,275,2419
23,GET,277,2565
23,GET,279,2527
23,GET,281,2516
23,GET,283,2530
23,GET,285,2606
23,GET,287,2645
23,GET,289,2736
23,GET,291,2725
23,GET,293,2757
23,GET,295,2773
23,GET,297,2850
23,GET,299,2853
23,GET,301,2897
23,GET,303,2938
23,GET,305,3021
23,GET,307,2969
23,GET,309,3034
23,GET,311,2940
23,GET,313,3050
23,GET,315,3078
23,GET,317,3065
23,GET,319,3183
23,GET,321,3099
23,GET,323,3180
23,GET,325,3301
23,GET,327,3302
23,GET,329,3190
23,GET,331,3282
23,GET,333,3286
23,GET,335,3235
23,GET,337,3277
23,GET,339,3264
23,GET,341,3339
23,GET,343,3397
23,GET,345,3487
23,GET,347,3362
23,GET,349,3429
23,GET,351,3390
23,GET,353,3294
23,GET,355,3424
23,GET,357,3476
23,GET,359,3484
23,GET,361,3417
23,GET,363,3430
23,GET,365,3385
23,GET,367,3356
23,GET,369,3353
23,GET,371,3440
23,GET,373,3366
23,GET,375,3453
23,GET,377,3362
23,GET,379,3465
23,GET,381,3436
23,GET,383,3456
23,GET,385,3502
23,GET,387,3243
23,GET,389,3406
23,GET,391,3372
23,GET,393,3440
23,GET,395,3348
23,GET,397,3292
23,GET,399,3347
23,GET,401,3359
23,GET,403,3341
23,GET,405,3318
23,GET,407,3264
23,GET,409,3262
23,GET,411,3283
23,GET,413,3165
23,GET,415,3128
23,GET,417,3098
23,GET,419,2991
23,GET,421,3127
23,GET,423,2988
23,GET,425,2906
23,GET,427,2985
23,GET,429,2874
23,GET,431,2840
23,GET,433,2742
23,GET,435,2759
23,GET,437,2825
23,GET,439,2698
23,GET,441,2613
23,GET,443,2532
23,GET,445,2570
23,GET,447,2552
23,GET,449,2539
23,GET,451,2399
23,GET,453,2447
23,GET,455,2305
23,GET,457,2382
23,GET,459,2214
23,GET,461,2225
23,GET,463,2172
23,GET,465,2109
23,GET,467,2089
23,GET,469,2141
23,GET,471,2024
23,GET,473,2063
23,GET,475,1942
23,GET,477,1922
23,GET,479,1821
23,GET,481,1725
23,GET,483,1775
23,GET,485,1784
23,GET,487,1662
23,GET,489,1692
23,GET,491,1613
23,GET,493,1561
23,GET,495,1531
23,GET,497,1522
23,GET,499,1446
23,GET,501,1459
23,GET,503,1470
23,GET,505,1408
23,GET,507,1308
23,GET,509,1348
23,GET,511,1311
23,GET,515,2450
23,GET,519,2282
23,GET,523,2309
23,GET,527,2143
23,GET,531,1955
23,GET,535,1935
23,GET,539,1926
23,GET,543,1687
23,GET,547,1645
23,GET,551,1593
23,GET,555,1523
23,GET,559,1401
23,GET,563,1318
23,GET,567,1289
23,GET,571,1205
23,GET,575,1136
23,GET,579,1103
23,GET,583,953
23,GET,587,954
23,GET,591,925
23,GET,595,871
23,GET,599,717
23,GET,603,734
23,GET,607,679
23,GET,611,672
23,GET,615,660
23,GET,619,578
23,GET,623,490
23,GET,627,461
23,GET,631,441
23,GET,635,423
23,GET,639,342
23,GET,643,341
23,GET,647,305
23,GET,651,292
23,GET,655,277
23,GET,659,254
23,GET,663,204
23,GET,667,229
23,GET,671,197
23,GET,675,207
23,GET,679,152
23,GET,683,128
23,GET,687,131
23,GET,691,118
23,GET,695,112
23,GET,699,90
23,GET,703,98
23,GET,707,54
23,GET,711,85
23,GET,715,57
23,GET,719,48
23,GET,723,47
23,GET,727,49
23,GET,731,33
23,GET,735,35
23,GET,739,35
23,GET,743,29
23,GET,747,23
23,GET,751,22
23,GET,755,20
23,GET,759,12
23,GET,763,15
23,GET,767,18
23,GET,771,18
23,GET,775,12
23,GET,779,14
23,GET,783,10
23,GET,787,16
23,GET,791,5
23,GET,795,8
23,GET,799,10
23,GET,803,6
23,GET,807,11
23,GET,811,7
23,GET,815,5
23,GET,819,3
23,GET,823,5
23,GET,827,6
23,GET,831,3
23,GET,835,2
23,GET,839,4
23,GET,843,5
23,GET,847,4
23,GET,851,1
23,GET,855,4
23,GET,859,7
23,GET,867,2
23,GET,871,2
23,GET,875,2
23,GET,879,1
23,GET,883,3
23,GET,887,2
23,GET,891,2
23,GET,895,1
23,GET,899,2
23,GET,903,1
23,GET,911,2
23,GET,915,2
23,GET,923,1
23,GET,931,2
23,GET,935,1
23,GET,939,1
23,GET,947,1
23,GET,951,3
23,GET,975,1
23,GET,979,2
23,GET,983,1
23,GET,991,1
23,GET,995,1
23,GET,1071,1
23,GET,1111,1
23,GET,1175,1
23,GET,1191,1
23,GET,1223,1
23,GET,1279,1
23,GET,1303,1
23,GET,1319,2
23,GET,1343,1
23,GET,1359,1
23,GET,1391,1
23,GET,1399,1
23,GET,1431,2
23,GET,1439,1
23,GET,1471,2
23,GET,1479,1
23,GET,1487,1
23,GET,1495,1
23,GET,1503,3
23,GET,1527,1
23,GET,1543,1
23,GET,1583,1
23,GET,1591,2
23,GET,1623,1
23,GET,1631,1
23,GET,1639,1
23,GET,1647,2
23,GET,1655,2
23,GET,1671,1
23,GET,1679,2
23,GET,1703,1
23,GET,1711,2
23,GET,1727,1
23,GET,1735,1
23,GET,1743,2
23,GET,1751,1
23,GET,1759,1
23,GET,1783,1
23,GET,1791,1
23,GET,1807,1
23,GET,1815,1
23,GET,1823,1
23,GET,1831,1
23,GET,1847,2
23,GET,1863,2
23,GET,1871,1
23,GET,1895,1
23,GET,1903,1
23,GET,1919,1
23,GET,1927,2
23,GET,1943,1
23,GET,1991,1
23,GET,1999,1
23,GET,2023,1
23,GET,2047,1
23,GET,2063,1
23,GET,2079,2
23,GET,2127,3
23,GET,2143,1
23,GET,2159,1
23,GET,2175,1
23,GET,2191,1
23,GET,2271,1
23,GET,2367,1
23,GET,2383,1
23,GET,2463,1
23,GET,2479,1
23,GET,2623,1
23,GET,3807,1
23,GET,49663,1
23,GET,51967,1
23,GET,55295,1
23,GET,55551,1
23,GET,60671,1
23,GET,61183,1
23,GET,61439,1
23,GET,61951,2
23,GET,66047,2
24,DEL,95,1
24,DEL,96,2
24,DEL,98,2
24,DEL,100,1
24,DEL,101,1
24,DEL,102,4
24,DEL,103,4
24,DEL,104,2
24,DEL,105,5
24,DEL,106,5
24,DEL,107,3
24,DEL,108,2
24,DEL,109,6
24,DEL,110,2
24,DEL,111,5
24,DEL,112,5
24,DEL,113,6
24,DEL,114,4
24,DEL,115,5
24,DEL,116,11
24,DEL,117,6
24,DEL,118,12
24,DEL,119,9
24,DEL,120,9
24,DEL,121,12
24,DEL,122,9
24,DEL,123,18
24,DEL,124,10
24,DEL,125,17
24,DEL,126,10
24,DEL,127,15
24,DEL,128,17
24,DEL,129,16
24,DEL,130,17
24,DEL,131,23
24,DEL,132,28
24,DEL,133,16
24,DEL,134,22
24,DEL,135,19
24,DEL,136,25
24,DEL,137,20
24,DEL,138,21
24,DEL,139,28
24,DEL,140,23
24,DEL,141,37
24,DEL,142,36
24,DEL,143,30
24,DEL,144,29
24,DEL,145,27
24,DEL,146,26
24,DEL,147,22
24,DEL,148,38
24,DEL,149,37
24,DEL,150,34
24,DEL,151,43
24,DEL,152,38
24,DEL,153,42
24,DEL,154,35
24,DEL,155,37
24,DEL,156,36
24,DEL,157,40
24,DEL,158,41
24,DEL,159,46
24,DEL,160,40
24,DEL,161,67
24,DEL,162,45
24,DEL,163,51
24,DEL,164,49
24,DEL,165,65
24,DEL,166,53
24,DEL,167,48
24,DEL,168,59
24,DEL,169,60
24,DEL,170,61
24,DEL,171,56
24,DEL,172,68
24,DEL,173,55
24,DEL,174,63
24,DEL,175,67
24,DEL,176,64
24,DEL,177,73
24,DEL,178,74
24,DEL,179,64
24,DEL,180,78
24,DEL,181,70
24,DEL,182,91
24,DEL,183,69
24,DEL,184,82
24,DEL,185,84
24,DEL,186,84
24,DEL,187,84
24,DEL,188,87
24,DEL,189,92
24,DEL,190,91
24,DEL,191,94
24,DEL,192,100
24,DEL,193,92
24,DEL,194,96
24,DEL,195,116
24,DEL,196,109
24,DEL,197,114
24,DEL,198,120
24,DEL,199,105
24,DEL,200,116
24,DEL,201,138
24,DEL,202,109
24,DEL,203,120
24,DEL,204,135
24,DEL,205,126
24,DEL,206,120
24,DEL,207,132
24,DEL,208,126
24,DEL,209,134
24,DEL,210,127
24,DEL,211,144
24,DEL,212,127
24,DEL,213,151
24,DEL,214,151
24,DEL,215,143
24,DEL,216,180
24,DEL,217,142
24,DEL,218,169
24,DEL,219,165
24,DEL,220,147
24,DEL,221,176
24,DEL,222,206
24,DEL,223,172
24,DEL,224,203
24,DEL,225,187
24,DEL,226,220
24,DEL,227,195
24,DEL,228,208
24,DEL,229,222
24,DEL,230,208
24,DEL,231,238
24,DEL,232,217
24,DEL,233,229
24,DEL,234,212
24,DEL,235,262
24,DEL,236,227
24,DEL,237,254
24,DEL,238,250
24,DEL,239,228
24,DEL,240,239
24,DEL,241,275
24,DEL,242,265
24,DEL,243,257
24,DEL,244,264
24,DEL,245,283
24,DEL,246,277
24,DEL,247,271
24,DEL,248,279
24,DEL,249,271
24,DEL,250,304
24,DEL,251,297
24,DEL,252,321
24,DEL,253,338
24,DEL,254,291
24,DEL,255,322
24,DEL,257,636
24,DEL,259,647
24,DEL,261,655
24,DEL,263,670
24,DEL,265,697
24,DEL,267,744
24,DEL,269,748
24,DEL,271,770
24,DEL,273,803
24,DEL,275,847
24,DEL,277,816
24,DEL,279,875
24,DEL,281,878
24,DEL,283,854
24,DEL,285,883
24,DEL,287,885
24,DEL,289,971
24,DEL,291,942
24,DEL,293,929
24,DEL,295,1042
24,DEL,297,969
24,DEL,299,989
24,DEL,301,1028
24,DEL,303,1004
24,DEL,305,1056
24,DEL,307,1081
24,DEL,309,1020
24,DEL,311,1027
24,DEL,313,1117
24,DEL,315,1081
24,DEL,317,1050
24,DEL,319,1041
24,DEL,321,1123
24,DEL,323,1115
24,DEL,325,1087
24,DEL,327,1153
24,DEL,329,1130
24,DEL,331,1116
24,DEL,333,1159
24,DEL,335,1162
24,DEL,337,1124
24,DEL,339,1135
24,DEL,341,1148
24,DEL,343,1149
24,DEL,345,1186
24,DEL,347,1193
24,DEL,349,1260
24,DEL,351,1189
24,DEL,353,1188
24,DEL,355,1196
24,DEL,357,1225
24,DEL,359,1227
24,DEL,361,1148
24,DEL,363,1163
24,DEL,365,1176
24,DEL,367,1233
24,DEL,369,1275
24,DEL,371,1189
24,DEL,373,1209
24,DEL,375,1202
24,DEL,377,1236
24,DEL,379,1191
24,DEL,381,1207
24,DEL,383,1238
24,DEL,385,1186
24,DEL,387,1225
24,DEL,389,1192
24,DEL,391,1235
24,DEL,393,1271
24,DEL,395,1207
24,DEL,397,1202
24,DEL,399,1177
24,DEL,401,1241
24,DEL,403,1128
24,DEL,405,1270
24,DEL,407,1224
24,DEL,409,1190
24,DEL,411,1180
24,DEL,413,1079
24,DEL,415,1147
24,DEL,417,1161
24,DEL,419,1175
24,DEL,421,1079
24,DEL,423,1049
24,DEL,425,1054
24,DEL,427,1036
24,DEL,429,1072
24,DEL,431,1084
24,DEL,433,997
24,DEL,435,1017
24,DEL,437,988
24,DEL,439,1008
24,DEL,441,993
24,DEL,443,978
24,DEL,445,956
24,DEL,447,928
24,DEL,449,933
24,DEL,451,876
24,DEL,453,896
24,DEL,455,874
24,DEL,457,869
24,DEL,459,833
24,DEL,461,864
24,DEL,463,786
24,DEL,465,844
24,DEL,467,756
24,DEL,469,818
24,DEL,471,799
24,DEL,473,768
24,DEL,475,687
24,DEL,477,683
24,DEL,479,680
24,DEL,481,665
24,DEL,483,645
24,DEL,485,656
24,DEL,487,649
24,DEL,489,603
24,DEL,491,646
24,DEL,493,522
24,DEL,495,576
24,DEL,497,570
24,DEL,499,568
24,DEL,501,559
24,DEL,503,499
24,DEL,505,509
24,DEL,507,500
24,DEL,509,462
24,DEL,511,481
24,DEL,515,916
24,DEL,519,907
24,DEL,523,833
24,DEL,527,767
24,DEL,531,798
24,DEL,535,768
24,DEL,539,686
24,DEL,543,661
24,DEL,547,579
24,DEL,551,570
24,DEL,555,560
24,DEL,559,572
24,DEL,563,537
24,DEL,567,476
24,DEL,571,448
24,DEL,575,438
24,DEL,579,426
24,DEL,583,379
24,DEL,587,357
24,DEL,591,348
24,DEL,595,305
24,DEL,599,324
24,DEL,603,289
24,DEL,607,280
24,DEL,611,258
24,DEL,615,232
24,DEL,619,185
24,DEL,623,243
24,DEL,627,183
24,DEL,631,200
24,DEL,635,163
24,DEL,639,160
24,DEL,643,138
24,DEL,647,139
24,DEL,651,123
24,DEL,655,127
24,DEL,659,101
24,DEL,663,79
24,DEL,667,74
24,DEL,671,81
24,DEL,675,67
24,DEL,679,61
24,DEL,683,62
24,DEL,687,37
24,DEL,691,51
24,DEL,695,35
24,DEL,699,42
24,DEL,703,47
24,DEL,707,26
24,DEL,711,39
24,DEL,715,32
24,DEL,719,17
24,DEL,723,26
24,DEL,727,22
24,DEL,731,16
24,DEL,735,20
24,DEL,739,17
24,DEL,743,17
24,DEL,747,14
24,DEL,751,13
24,DEL,755,10
24,DEL,759,8
24,DEL,763,5
24,DEL,767,6
24,DEL,771,8
24,DEL,775,5
24,DEL,779,5
24,DEL,783,5
24,DEL,787,8
24,DEL,791,4
24,DEL,795,7
24,DEL,799,6
24,DEL,803,4
24,DEL,807,4
24,DEL,811,3
24,DEL,815,7
24,DEL,819,6
24,DEL,823,1
24,DEL,827,2
24,DEL,831,3
24,DEL,835,5
24,DEL,839,1
24,DEL,843,1
24,DEL,847,3
24,DEL,851,2
24,DEL,855,4
24,DEL,859,3
24,DEL,863,2
24,DEL,871,2
24,DEL,879,1
24,DEL,883,1
24,DEL,895,2
24,DEL,899,2
24,DEL,903,4
24,DEL,907,1
24,DEL,915,1
24,DEL,919,1
24,DEL,931,2
24,DEL,943,1
24,DEL,947,1
24,DEL,951,2
24,DEL,955,1
24,DEL,963,1
24,DEL,967,1
24,DEL,999,1
24,DEL,1003,4
24,DEL,1031,1
24,DEL,1071,3
24,DEL,1079,3
24,DEL,1087,1
24,DEL,1183,1
24,DEL,1215,1
24,DEL,1247,1
24,DEL,1327,1
24,DEL,1383,1
24,DEL,1399,1
24,DEL,1431,1
24,DEL,1479,2
24,DEL,1487,1
24,DEL,1543,1
24,DEL,1559,1
24,DEL,1567,2
24,DEL,1575,1
24,DEL,1631,1
24,DEL,1663,1
24,DEL,1679,2
24,DEL,1695,1
24,DEL,1767,1
24,DEL,1783,1
24,DEL,1791,1
24,DEL,1823,1
24,DEL,1927,1
24,DEL,1983,1
24,DEL,1999,1
24,DEL,2015,2
24,DEL,2239,1
24,DEL,2431,1
24,DEL,4959,1
24,DEL,54015,1
24,DEL,54271,1
24,DEL,55807,1
24,DEL,60415,1
24,DEL,64511,1
24,SET,104,1
24,SET,107,1
24,SET,111,3
24,SET,112,2
24,SET,113,1
24,SET,115,2
24,SET,116,1
24,SET,117,2
24,SET,118,1
24,SET,119,1
24,SET,120,2
24,SET,121,4
24,SET,122,4
24,SET,123,4
24,SET,124,6
24,SET,125,3
24,SET,126,2
24,SET,127,3
24,SET,128,6
24,SET,129,4
24,SET,130,5
24,SET,131,4
24,SET,132,6
24,SET,133,2
24,SET,134,3
24,SET,135,5
24,SET,136,8
24,SET,137,4
24,SET,138,4
24,SET,139,3
24,SET,140,5
24,SET,141,7
24,SET,142,4
24,SET,143,2
24,SET,144,5
24,SET,145,5
24,SET,146,4
24,SET,147,12
24,SET,148,4
24,SET,149,3
24,SET,150,3
24,SET,151,11
24,SET,152,5
24,SET,153,5
24,SET,154,10
24,SET,155,9
24,SET,156,6
24,SET,157,7
24,SET,158,5
24,SET,159,12
24,SET,160,10
24,SET,161,8
24,SET,162,8
24,SET,163,8
24,SET,164,6
24,SET,165,10
24,SET,166,10
24,SET,167,8
24,SET,168,14
24,SET,169,9
24,SET,170,6
24,SET,171,10
24,SET,172,13
24,SET,173,13
24,SET,174,12
24,SET,175,14
24,SET,176,15
24,SET,177,13
24,SET,178,13
24,SET,179,13
24,SET,180,18
24,SET,181,15
24,SET,182,17
24,SET,183,16
24,SET,184,13
24,SET,185,25
24,SET,186,25
24,SET,187,27
24,SET,188,16
24,SET,189,21
24,SET,190,13
24,SET,191,19
24,SET,192,21
24,SET,193,17
24,SET,194,16
24,SET,195,20
24,SET,196,19
24,SET,197,18
24,SET,198,17
24,SET,199,26
24,SET,200,20
24,SET,201,21
24,SET,202,26
24,SET,203,17
24,SET,204,24
24,SET,205,22
24,SET,206,28
24,SET,207,12
24,SET,208,18
24,SET,209,30
24,SET,210,41
24,SET,211,22
24,SET,212,37
24,SET,213,33
24,SET,214,30
24,SET,215,29
24,SET,216,35
24,SET,217,31
24,SET,218,34
24,SET,219,26
24,SET,220,34
24,SET,221,33
24,SET,222,28
24,SET,223,36
24,SET,224,38
24,SET,225,47
24,SET,226,33
24,SET,227,42
24,SET,228,42
24,SET,229,38
24,SET,230,50
24,SET,231,47
24,SET,232,51
24,SET,233,44
24,SET,234,34
24,SET,235,44
24,SET,236,53
24,SET,237,49
24,SET,238,55
24,SET,239,46
24,SET,240,73
24,SET,241,56
24,SET,242,52
24,SET,243,75
24,SET,244,58
24,SET,245,52
24,SET,246,64
24,SET,247,52
24,SET,248,56
24,SET,249,45
24,SET,250,65
24,SET,251,55
24,SET,252,60
24,SET,253,63
24,SET,254,68
24,SET,255,65
24,SET,257,130
24,SET,259,128
24,SET,261,111
24,SET,263,131
24,SET,265,152
24,SET,267,134
24,SET,269,152
24,SET,271,185
24,SET,273,156
24,SET,275,163
24,SET,277,152
24,SET,279,155
24,SET,281,149
24,SET,283,172
24,SET,285,174
24,SET,287,175
24,SET,289,203
24,SET,291,185
24,SET,293,190
24,SET,295,191
24,SET,297,204
24,SET,299,190
24,SET,301,184
24,SET,303,201
24,SET,305,189
24,SET,307,195
24,SET,309,199
24,SET,311,194
24,SET,313,223
24,SET,315,211
24,SET,317,203
24,SET,319,220
24,SET,321,210
24,SET,323,220
24,SET,325,214
24,SET,327,215
24,SET,329,239
24,SET,331,214
24,SET,333,203
24,SET,335,226
24,SET,337,212
24,SET,339,222
24,SET,341,224
24,SET,343,252
24,SET,345,223
24,SET,347,202
24,SET,349,228
24,SET,351,243
24,SET,353,210
24,SET,355,244
24,SET,357,243
24,SET,359,213
24,SET,361,215
24,SET,363,238
24,SET,365,241
24,SET,367,236
24,SET,369,263
24,SET,371,262
24,SET,373,242
24,SET,375,251
24,SET,377,241
24,SET,379,257
24,SET,381,264
24,SET,383,295
24,SET,385,223
24,SET,387,239
24,SET,389,221
24,SET,391,235
24,SET,393,237
24,SET,395,241
24,SET,397,245
24,SET,399,231
24,SET,401,246
24,SET,403,217
24,SET,405,241
24,SET,407,228
24,SET,409,220
24,SET,411,218
24,SET,413,229
24,SET,415,221
24,SET,417,260
24,SET,419,237
24,SET,421,223
24,SET,423,245
24,SET,425,203
24,SET,427,227
24,SET,429,199
24,SET,431,217
24,SET,433,208
24,SET,435,215
24,SET,437,217
24,SET,439,196
24,SET,441,198
24,SET,443,172
24,SET,445,207
24,SET,447,167
24,SET,449,187
24,SET,451,195
24,SET,453,175
24,SET,455,183
24,SET,457,174
24,SET,459,173
24,SET,461,144
24,SET,463,138
24,SET,465,160
24,SET,467,155
24,SET,469,146
24,SET,471,141
24,SET,473,127
24,SET,475,142
24,SET,477,145
24,SET,479,158
24,SET,481,146
24,SET,483,130
24,SET,485,131
24,SET,487,139
24,SET,489,119
24,SET,491,106
24,SET,493,124
24,SET,495,123
24,SET,497,123
24,SET,499,100
24,SET,501,111
24,SET,503,113
24,SET,505,103
24,SET,507,91
24,SET,509,102
24,SET,511,85
24,SET,515,193
24,SET,519,186
24,SET,523,155
24,SET,527,175
24,SET,531,158
24,SET,535,150
24,SET,539,129
24,SET,543,154
24,SET,547,122
24,SET,551,106
24,SET,555,121
24,SET,559,114
24,SET,563,116
24,SET,567,93
24,SET,571,110
24,SET,575,95
24,SET,579,75
24,SET,583,64
24,SET,587,74
24,SET,591,67
24,SET,595,83
24,SET,599,65
24,SET,603,55
24,SET,607,50
24,SET,611,53
24,SET,615,52
24,SET,619,45
24,SET,623,38
24,SET,627,28
24,SET,631,37
24,SET,635,33
24,SET,639,42
24,SET,643,26
24,SET,647,24
24,SET,651,27
24,SET,655,19
24,SET,659,26
24,SET,663,11
24,SET,667,20
24,SET,671,15
24,SET,675,20
24,SET,679,11
24,SET,683,7
24,SET,687,14
24,SET,691,6
24,SET,695,6
24,SET,699,8
24,SET,703,6
24,SET,707,8
24,SET,711,4
24,SET,715,9
24,SET,719,5
24,SET,723,3
24,SET,727,2
24,SET,731,4
24,SET,735,4
24,SET,739,2
24,SET,743,1
24,SET,751,1
24,SET,759,2
24,SET,763,4
24,SET,767,4
24,SET,771,1
24,SET,775,2
24,SET,779,2
24,SET,783,1
24,SET,787,2
24,SET,791,1
24,SET,799,1
24,SET,803,2
24,SET,807,2
24,SET,815,1
24,SET,827,1
24,SET,831,2
24,SET,839,1
24,SET,843,1
24,SET,863,1
24,SET,875,1
24,SET,935,1
24,SET,943,1
24,SET,971,1
24,SET,975,1
24,SET,983,1
24,SET,991,1
24,SET,999,1
24,SET,1003,1
24,SET,1007,1
24,SET,1047,2
24,SET,1135,1
24,SET,1247,1
24,SET,1287,1
24,SET,1335,1
24,SET,1655,1
24,SET,1719,1
24,SET,1767,1
24,SET,1887,1
24,SET,62719,1
24,GET,92,1
24,GET,93,1
24,GET,95,3
24,GET,96,5
24,GET,97,4
24,GET,98,3
24,GET,99,3
24,GET,100,5
24,GET,101,10
24,GET,102,6
24,GET,103,8
24,GET,104,8
24,GET,105,4
24,GET,106,11
24,GET,107,7
24,GET,108,10
24,GET,109,11
24,GET,110,19
24,GET,111,17
24,GET,112,22
24,GET,113,20
24,GET,114,24
24,GET,115,23
24,GET,116,26
24,GET,117,28
24,GET,118,24
24,GET,119,39
24,GET,120,34
24,GET,121,39
24,GET,122,38
24,GET,123,46
24,GET,124,43
24,GET,125,39
24,GET,126,43
24,GET,127,32
24,GET,128,58
24,GET,129,50
24,GET,130,56
24,GET,131,60
24,GET,132,75
24,GET,133,66
24,GET,134,64
24,GET,135,67
24,GET,136,69
24,GET,137,62
24,GET,138,69
24,GET,139,84
24,GET,140,68
24,GET,141,63
24,GET,142,74
24,GET,143,70
24,GET,144,70
24,GET,145,90
24,GET,146,88
24,GET,147,93
24,GET,148,86
24,GET,149,83
24,GET,150,95
24,GET,151,90
24,GET,152,100
24,GET,153,127
24,GET,154,111
24,GET,155,109
24,GET,156,107
24,GET,157,110
24,GET,158,114
24,GET,159,114
24,GET,160,115
24,GET,161,127
24,GET,162,128
24,GET,163,137
24,GET,164,131
24,GET,165,165
24,GET,166,136
24,GET,167,140
24,GET,168,177
24,GET,169,141
24,GET,170,180
24,GET,171,181
24,GET,172,175
24,GET,173,208
24,GET,174,179
24,GET,175,180
24,GET,176,199
24,GET,177,183
24,GET,178,212
24,GET,179,216
24,GET,180,194
24,GET,181,216
24,GET,182,239
24,GET,183,230
24,GET,184,213
24,GET,185,259
24,GET,186,231
24,GET,187,237
24,GET,188,256
24,GET,189,253
24,GET,190,263
24,GET,191,248
24,GET,192,294
24,GET,193,315
24,GET,194,320
24,GET,195,308
24,GET,196,291
24,GET,197,331
24,GET,198,315
24,GET,199,366
24,GET,200,344
24,GET,201,341
24,GET,202,324
24,GET,203,362
24,GET,204,366
24,GET,205,374
24,GET,206,377
24,GET,207,384
24,GET,208,376
24,GET,209,435
24,GET,210,411
24,GET,211,404
24,GET,212,386
24,GET,213,456
24,GET,214,431
24,GET,215,481
24,GET,216,456
24,GET,217,487
24,GET,218,516
24,GET,219,488
24,GET,220,502
24,GET,221,502
24,GET,222,526
24,GET,223,565
24,GET,224,530
24,GET,225,551
24,GET,226,560
24,GET,227,605
24,GET,228,615
24,GET,229,574
24,GET,230,604
24,GET,231,595
24,GET,232,595
24,GET,233,630
24,GET,234,640
24,GET,235,680
24,GET,236,669
24,GET,237,697
24,GET,238,665
24,GET,239,701
24,GET,240,729
24,GET,241,731
24,GET,242,796
24,GET,243,732
24,GET,244,759
24,GET,245,768
24,GET,246,808
24,GET,247,813
24,GET,248,802
24,GET,249,812
24,GET,250,841
24,GET,251,836
24,GET,252,852
24,GET,253,889
24,GET,254,793
24,GET,255,894
24,GET,257,1850
24,GET,259,1937
24,GET,261,1920
24,GET,263,1967
24,GET,265,1934
24,GET,267,2047
24,GET,269,2057
24,GET,271,2108
24,GET,273,2235
24,GET,275,2319
24,GET,277,2354
24,GET,279,2340
24,GET,281,2422
24,GET,283,2536
24,GET,285,2580
24,GET,287,2552
24,GET,289,2684
24,GET,291,2760
24,GET,293,2702
24,GET,295,2667
24,GET,297,2630
24,GET,299,2800
24,GET,301,2822
24,GET,303,2856
24,GET,305,2838
24,GET,307,2886
24,GET,309,2881
24,GET,311,2894
24,GET,313,3004
24,GET,315,3078
24,GET,317,2945
24,GET,319,3097
24,GET,321,3118
24,GET,323,3149
24,GET,325,3080
24,GET,327,3136
24,GET,329,3093
24,GET,331,3073
24,GET,333,3208
24,GET,335,3247
24,GET,337,3238
24,GET,339,3216
24,GET,341,3235
24,GET,343,3313
24,GET,345,3313
24,GET,347,3336
24,GET,349,3351
24,GET,351,3309
24,GET,353,3343
24,GET,355,3270
24,GET,357,3386
24,GET,359,3398
24,GET,361,3404
24,GET,363,3425
24,GET,365,3375
24,GET,367,3426
24,GET,369,3428
24,GET,371,3392
24,GET,373,3492
24,GET,375,3409
24,GET,377,3354
24,GET,379,3346
24,GET,381,3432
24,GET,383,3296
24,GET,385,3394
24,GET,387,3532
24,GET,389,3376
24,GET,391,3450
24,GET,393,3381
24,GET,395,3331
24,GET,397,3291
24,GET,399,3403
24,GET,401,3283
24,GET,403,3335
24,GET,405,3338
24,GET,407,3233
24,GET,409,3226
24,GET,411,3252
24,GET,413,3168
24,GET,415,3048
24,GET,417,3118
24,GET,419,3049
24,GET,421,3113
24,GET,423,3073
24,GET,425,2920
24,GET,427,2999
24,GET,429,2928
24,GET,431,2956
24,GET,433,2758
24,GET,435,2835
24,GET,437,2765
24,GET,439,2821
24,GET,441,2733
24,GET,443,2741
24,GET,445,2629
24,GET,447,2516
24,GET,449,2571
24,GET,451,2560
24,GET,453,2521
24,GET,455,2407
24,GET,457,2271
24,GET,459,2325
24,GET,461,2281
24,GET,463,2320
24,GET,465,2148
24,GET,467,2193
24,GET,469,2123
24,GET,471,2067
24,GET,473,2043
24,GET,475,1944
24,GET,477,1960
24,GET,479,1900
24,GET,481,1910
24,GET,483,1758
24,GET,485,1806
24,GET,487,1757
24,GET,489,1714
24,GET,491,1624
24,GET,493,1655
24,GET,495,1547
24,GET,497,1542
24,GET,499,1516
24,GET,501,1456
24,GET,503,1446
24,GET,505,1433
24,GET,507,1413
24,GET,509,1314
24,GET,511,1363
24,GET,515,2616
24,GET,519,2470
24,GET,523,2293
24,GET,527,2183
24,GET,531,2132
24,GET,535,2009
24,GET,539,1981
24,GET,543,1853
24,GET,547,1698
24,GET,551,1669
24,GET,555,1591
24,GET,559,1496
24,GET,563,1512
24,GET,567,1375
24,GET,571,1306
24,GET,575,1201
24,GET,579,1180
24,GET,583,1145
24,GET,587,972
24,GET,591,943
24,GET,595,893
24,GET,599,821
24,GET,603,830
24,GET,607,717
24,GET,611,708
24,GET,615,639
24,GET,619,605
24,GET,623,633
24,GET,627,519
24,GET,631,515
24,GET,635,429
24,GET,639,428
24,GET,643,362
24,GET,647,374
24,GET,651,332
24,GET,655,294
24,GET,659,286
24,GET,663,262
24,GET,667,230
24,GET,671,207
24,GET,675,202
24,GET,679,156
24,GET,683,177
24,GET,687,144
24,GET,691,127
24,GET,695,110
24,GET,699,102
24,GET,703,103
24,GET,707,79
24,GET,711,72
24,GET,715,82
24,GET,719,63
24,GET,723,66
24,GET,727,65
24,GET,731,49
24,GET,735,58
24,GET,739,51
24,GET,743,26
24,GET,747,33
24,GET,751,37
24,GET,755,33
24,GET,759,18
24,GET,763,27
24,GET,767,23
24,GET,771,25
24,GET,775,14
24,GET,779,18
24,GET,783,13
24,GET,787,12
24,GET,791,8
24,GET,795,16
24,GET,799,9
24,GET,803,9
24,GET,807,13
24,GET,811,12
24,GET,815,13
24,GET,819,8
24,GET,823,8
24,GET,827,11
24,GET,831,5
24,GET,835,9
24,GET,839,7
24,GET,843,5
24,GET,847,9
24,GET,855,4
24,GET,859,5
24,GET,863,6
24,GET,867,2
24,GET,871,5
24,GET,875,3
24,GET,879,11
24,GET,883,6
24,GET,887,1
24,GET,891,3
24,GET,895,1
24,GET,899,5
24,GET,903,10
24,GET,907,4
24,GET,911,2
24,GET,915,2
24,GET,919,2
24,GET,923,3
24,GET,927,3
24,GET,935,2
24,GET,939,1
24,GET,943,2
24,GET,951,1
24,GET,955,3
24,GET,959,1
24,GET,963,3
24,GET,967,2
24,GET,971,4
24,GET,975,2
24,GET,983,1
24,GET,987,2
24,GET,991,1
24,GET,999,1
24,GET,1003,1
24,GET,1007,3
24,GET,1011,1
24,GET,1015,2
24,GET,1019,1
24,GET,1023,2
24,GET,1031,2
24,GET,1039,1
24,GET,1047,1
24,GET,1055,3
24,GET,1071,1
24,GET,1079,3
24,GET,1087,1
24,GET,1095,2
24,GET,1103,3
24,GET,1111,2
24,GET,1119,1
24,GET,1127,1
24,GET,1135,3
24,GET,1167,1
24,GET,1191,1
24,GET,1207,1
24,GET,1223,1
24,GET,1263,2
24,GET,1271,1
24,GET,1287,1
24,GET,1319,1
24,GET,1343,1
24,GET,1359,2
24,GET,1383,3
24,GET,1415,1
24,GET,1439,2
24,GET,1447,1
24,GET,1471,1
24,GET,1479,1
24,GET,1487,3
24,GET,1503,1
24,GET,1511,1
24,GET,1519,2
24,GET,1527,1
24,GET,1551,1
24,GET,1567,1
24,GET,1575,3
24,GET,1583,1
24,GET,1599,2
24,GET,1607,4
24,GET,1615,2
24,GET,1631,2
24,GET,1639,1
24,GET,1647,3
24,GET,1655,1
24,GET,1663,2
24,GET,1671,2
24,GET,1679,1
24,GET,1687,3
24,GET,1703,1
24,GET,1711,1
24,GET,1719,1
24,GET,1735,2
24,GET,1743,1
24,GET,1751,1
24,GET,1759,1
24,GET,1767,1
24,GET,1791,1
24,GET,1839,2
24,GET,1847,1
24,GET,1879,1
24,GET,1887,1
24,GET,1903,1
24,GET,1935,2
24,GET,1943,2
24,GET,1967,2
24,GET,1999,1
24,GET,2015,1
24,GET,2031,2
24,GET,2039,1
24,GET,2047,1
24,GET,2095,3
24,GET,2239,1
24,GET,2255,1
24,GET,2335,1
24,GET,2351,1
24,GET,2383,2
24,GET,2463,1
24,GET,2527,1
24,GET,2639,1
24,GET,3679,1
24,GET,4255,1
24,GET,51455,1
24,GET,53759,1
24,GET,55039,1
24,GET,56319,1
24,GET,57599,1
24,GET,57855,1
24,GET,58111,1
24,GET,60159,3
25,SET,110,1
25,SET,111,3
25,SET,114,1
25,SET,115,1
25,SET,116,1
25,SET,117,2
25,SET,118,3
25,SET,119,1
25,SET,120,2
25,SET,121,2
25,SET,122,4
25,SET,123,1
25,SET,124,1
25,SET,125,3
25,SET,126,4
25,SET,127,3
25,SET,128,2
25,SET,129,5
25,SET,130,2
25,SET,131,3
25,SET,132,1
25,SET,133,3
25,SET,134,1
25,SET,135,5
25,SET,136,6
25,SET,137,9
25,SET,138,1
25,SET,139,4
25,SET,140,6
25,SET,141,5
25,SET,142,2
25,SET,143,2
25,SET,144,1
25,SET,145,5
25,SET,146,5
25,SET,148,3
25,SET,149,5
25,SET,150,4
25,SET,151,3
25,SET,152,5
25,SET,153,4
25,SET,154,8
25,SET,155,3
25,SET,156,7
25,SET,157,10
25,SET,158,6
25,SET,159,8
25,SET,160,5
25,SET,161,8
25,SET,162,6
25,SET,163,4
25,SET,164,15
25,SET,165,10
25,SET,166,8
25,SET,167,3
25,SET,168,7
25,SET,169,9
25,SET,170,13
25,SET,171,8
25,SET,172,11
25,SET,173,13
25,SET,174,11
25,SET,175,14
25,SET,176,9
25,SET,177,14
25,SET,178,8
25,SET,179,14
25,SET,180,10
25,SET,181,9
25,SET,182,8
25,SET,183,16
25,SET,184,14
25,SET,185,17
25,SET,186,23
25,SET,187,17
25,SET,188,14
25,SET,189,19
25,SET,190,15
25,SET,191,16
25,SET,192,27
25,SET,193,19
25,SET,194,29
25,SET,195,14
25,SET,196,20
25,SET,197,9
25,SET,198,19
25,SET,199,31
25,SET,200,19
25,SET,201,13
25,SET,202,22
25,SET,203,28
25,SET,204,18
25,SET,205,22
25,SET,206,18
25,SET,207,18
25,SET,208,29
25,SET,209,29
25,SET,210,24
25,SET,211,26
25,SET,212,34
25,SET,213,46
25,SET,214,28
25,SET,215,26
25,SET,216,31
25,SET,217,35
25,SET,218,39
25,SET,219,28
25,SET,220,37
25,SET,221,28
25,SET,222,33
25,SET,223,50
25,SET,224,44
25,SET,225,28
25,SET,226,45
25,SET,227,40
25,SET,228,58
25,SET,229,50
25,SET,230,54
25,SET,231,35
25,SET,232,41
25,SET,233,45
25,SET,234,40
25,SET,235,50
25,SET,236,50
25,SET,237,49
25,SET,238,41
25,SET,239,50
25,SET,240,48
25,SET,241,52
25,SET,242,53
25,SET,243,55
25,SET,244,68
25,SET,245,50
25,SET,246,57
25,SET,247,56
25,SET,248,65
25,SET,249,58
25,SET,250,55
25,SET,251,66
25,SET,252,59
25,SET,253,70
25,SET,254,69
25,SET,255,73
25,SET,257,141
25,SET,259,124
25,SET,261,128
25,SET,263,134
25,SET,265,152
25,SET,267,139
25,SET,269,163
25,SET,271,161
25,SET,273,170
25,SET,275,150
25,SET,277,151
25,SET,279,158
25,SET,281,156
25,SET,283,158
25,SET,285,165
25,SET,287,170
25,SET,289,182
25,SET,291,197
25,SET,293,184
25,SET,295,212
25,SET,297,198
25,SET,299,201
25,SET,301,187
25,SET,303,209
25,SET,305,172
25,SET,307,219
25,SET,309,221
25,SET,311,220
25,SET,313,178
25,SET,315,222
25,SET,317,233
25,SET,319,225
25,SET,321,221
25,SET,323,226
25,SET,325,213
25,SET,327,246
25,SET,329,237
25,SET,331,207
25,SET,333,236
25,SET,335,236
25,SET,337,245
25,SET,339,263
25,SET,341,229
25,SET,343,239
25,SET,345,238
25,SET,347,254
25,SET,349,229
25,SET,351,236
25,SET,353,248
25,SET,355,244
25,SET,357,275
25,SET,359,266
25,SET,361,229
25,SET,363,246
25,SET,365,258
25,SET,367,253
25,SET,369,271
25,SET,371,240
25,SET,373,250
25,SET,375,271
25,SET,377,251
25,SET,379,225
25,SET,381,270
25,SET,383,262
25,SET,385,222
25,SET,387,249
25,SET,389,264
25,SET,391,245
25,SET,393,246
25,SET,395,259
25,SET,397,248
25,SET,399,237
25,SET,401,208
25,SET,403,239
25,SET,405,237
25,SET,407,224
25,SET,409,219
25,SET,411,243
25,SET,413,228
25,SET,415,226
25,SET,417,233
25,SET,419,222
25,SET,421,216
25,SET,423,227
25,SET,425,243
25,SET,427,207
25,SET,429,203
25,SET,431,190
25,SET,433,218
25,SET,435,224
25,SET,437,212
25,SET,439,191
25,SET,441,205
25,SET,443,179
25,SET,445,195
25,SET,447,187
25,SET,449,197
25,SET,451,190
25,SET,453,181
25,SET,455,181
25,SET,457,169
25,SET,459,191
25,SET,461,193
25,SET,463,167
25,SET,465,159
25,SET,467,145
25,SET,469,138
25,SET,471,175
25,SET,473,145
25,SET,475,148
25,SET,477,141
25,SET,479,140
25,SET,481,150
25,SET,483,129
25,SET,485,148
25,SET,487,123
25,SET,489,141
25,SET,491,140
25,SET,493,116
25,SET,495,114
25,SET,497,114
25,SET,499,113
25,SET,501,102
25,SET,503,83
25,SET,505,100
25,SET,507,95
25,SET,509,94
25,SET,511,89
25,SET,515,174
25,SET,519,166
25,SET,523,166
25,SET,527,171
25,SET,531,155
25,SET,535,148
25,SET,539,129
25,SET,543,139
25,SET,547,122
25,SET,551,116
25,SET,555,102
25,SET,559,117
25,SET,563,99
25,SET,567,103
25,SET,571,73
25,SET,575,89
25,SET,579,89
25,SET,583,93
25,SET,587,71
25,SET,591,65
25,SET,595,62
25,SET,599,67
25,SET,603,60
25,SET,607,60
25,SET,611,44
25,SET,615,40
25,SET,619,45
25,SET,623,38
25,SET,627,49
25,SET,631,28
25,SET,635,19
25,SET,639,22
25,SET,643,31
25,SET,647,25
25,SET,651,23
25,SET,655,24
25,SET,659,18
25,SET,663,14
25,SET,667,15
25,SET,671,18
25,SET,675,14
25,SET,679,7
25,SET,683,14
25,SET,687,9
25,SET,691,11
25,SET,695,8
25,SET,699,11
25,SET,703,7
25,SET,707,10
25,SET,711,3
25,SET,715,1
25,SET,719,2
25,SET,723,5
25,SET,727,4
25,SET,731,2
25,SET,735,2
25,SET,739,3
25,SET,743,4
25,SET,747,4
25,SET,751,1
25,SET,755,3
25,SET,763,2
25,SET,767,1
25,SET,771,2
25,SET,779,2
25,SET,787,2
25,SET,791,1
25,SET,795,2
25,SET,799,1
25,SET,807,2
25,SET,831,1
25,SET,835,1
25,SET,839,1
25,SET,867,1
25,SET,883,1
25,SET,891,1
25,SET,939,1
25,SET,951,1
25,SET,1003,1
25,SET,1391,1
25,SET,1519,1
25,SET,1583,1
25,SET,1975,1
25,SET,1983,1
25,SET,2007,1
25,SET,53247,1
25,GET,89,1
25,GET,91,2
25,GET,94,2
25,GET,96,3
25,GET,97,5
25,GET,98,3
25,GET,99,4
25,GET,100,4
25,GET,101,6
25,GET,102,7
25,GET,103,8
25,GET,104,6
25,GET,105,14
25,GET,106,11
25,GET,107,18
25,GET,108,9
25,GET,109,11
25,GET,110,16
25,GET,111,20
25,GET,112,15
25,GET,113,9
25,GET,114,11
25,GET,115,26
25,GET,116,22
25,GET,117,29
25,GET,118,32
25,GET,119,31
25,GET,120,28
25,GET,121,34
25,GET,122,29
25,GET,123,39
25,GET,124,38
25,GET,125,41
25,GET,126,34
25,GET,127,41
25,GET,128,54
25,GET,129,57
25,GET,130,47
25,GET,131,44
25,GET,132,46
25,GET,133,45
25,GET,134,51
25,GET,135,55
25,GET,136,61
25,GET,137,59
25,GET,138,57
25,GET,139,61
25,GET,140,62
25,GET,141,62
25,GET,142,75
25,GET,143,69
25,GET,144,63
25,GET,145,62
25,GET,146,63
25,GET,147,76
25,GET,148,86
25,GET,149,92
25,GET,150,97
25,GET,151,96
25,GET,152,99
25,GET,153,96
25,GET,154,86
25,GET,155,88
25,GET,156,95
25,GET,157,95
25,GET,158,99
25,GET,159,90
25,GET,160,91
25,GET,161,107
25,GET,162,128
25,GET,163,123
25,GET,164,94
25,GET,165,118
25,GET,166,128
25,GET,167,127
25,GET,168,128
25,GET,169,130
25,GET,170,132
25,GET,171,144
25,GET,172,154
25,GET,173,160
25,GET,174,162
25,GET,175,177
25,GET,176,174
25,GET,177,180
25,GET,178,175
25,GET,179,184
25,GET,180,217
25,GET,181,170
25,GET,182,203
25,GET,183,216
25,GET,184,208
25,GET,185,214
25,GET,186,211
25,GET,187,224
25,GET,188,217
25,GET,189,213
25,GET,190,222
25,GET,191,244
25,GET,192,295
25,GET,193,280
25,GET,194,293
25,GET,195,286
25,GET,196,273
25,GET,197,301
25,GET,198,304
25,GET,199,295
25,GET,200,358
25,GET,201,316
25,GET,202,330
25,GET,203,364
25,GET,204,344
25,GET,205,347
25,GET,206,397
25,GET,207,386
25,GET,208,396
25,GET,209,368
25,GET,210,433
25,GET,211,444
25,GET,212,451
25,GET,213,441
25,GET,214,476
25,GET,215,469
25,GET,216,497
25,GET,217,470
25,GET,218,483
25,GET,219,484
25,GET,220,512
25,GET,221,514
25,GET,222,527
25,GET,223,558
25,GET,224,542
25,GET,225,547
25,GET,226,644
25,GET,227,545
25,GET,228,575
25,GET,229,579
25,GET,230,607
25,GET,231,571
25,GET,232,642
25,GET,233,637
25,GET,234,639
25,GET,235,688
25,GET,236,719
25,GET,237,661
25,GET,238,698
25,GET,239,733
25,GET,240,762
25,GET,241,730
25,GET,242,712
25,GET,243,747
25,GET,244,752
25,GET,245,780
25,GET,246,797
25,GET,247,803
25,GET,248,831
25,GET,249,841
25,GET,250,844
25,GET,251,877
25,GET,252,909
25,GET,253,961
25,GET,254,926
25,GET,255,933
25,GET,257,1874
25,GET,259,1853
25,GET,261,1950
25,GET,263,1994
25,GET,265,2053
25,GET,267,2093
25,GET,269,2208
25,GET,271,2250
25,GET,273,2298
25,GET,275,2301
25,GET,277,2415
25,GET,279,2482
25,GET,281,2395
25,GET,283,2574
25,GET,285,2635
25,GET,287,2563
25,GET,289,2721
25,GET,291,2692
25,GET,293,2680
25,GET,295,2724
25,GET,297,2725
25,GET,299,2800
25,GET,301,2846
25,GET,303,2905
25,GET,305,2968
25,GET,307,2868
25,GET,309,2997
25,GET,311,3019
25,GET,313,3046
25,GET,315,3060
25,GET,317,3026
25,GET,319,3128
25,GET,321,3133
25,GET,323,3111
25,GET,325,3137
25,GET,327,3105
25,GET,329,3167
25,GET,331,3277
25,GET,333,3265
25,GET,335,3282
25,GET,337,3127
25,GET,339,3293
25,GET,341,3255
25,GET,343,3362
25,GET,345,3342
25,GET,347,3311
25,GET,349,3328
25,GET,351,3346
25,GET,353,3438
25,GET,355,3426
25,GET,357,3425
25,GET,359,3282
25,GET,361,3503
25,GET,363,3542
25,GET,365,3411
25,GET,367,3429
25,GET,369,3386
25,GET,371,3477
25,GET,373,3359
25,GET,375,3451
25,GET,377,3353
25,GET,379,3483
25,GET,381,3393
25,GET,383,3389
25,GET,385,3346
25,GET,387,3499
25,GET,389,3405
25,GET,391,3431
25,GET,393,3331
25,GET,395,3442
25,GET,397,3422
25,GET,399,3322
25,GET,401,3423
25,GET,403,3354
25,GET,405,3286
25,GET,407,3191
25,GET,409,3154
25,GET,411,3211
25,GET,413,3166
25,GET,415,3113
25,GET,417,3082
25,GET,419,3063
25,GET,421,3133
25,GET,423,3031
25,GET,425,2973
25,GET,427,3043
25,GET,429,3000
25,GET,431,2869
25,GET,433,2861
25,GET,435,2811
25,GET,437,2746
25,GET,439,2716
25,GET,441,2680
25,GET,443,2700
25,GET,445,2610
25,GET,447,2629
25,GET,449,2506
25,GET,451,2519
25,GET,453,2407
25,GET,455,2385
25,GET,457,2416
25,GET,459,2340
25,GET,461,2344
25,GET,463,2254
25,GET,465,2208
25,GET,467,2194
25,GET,469,2014
25,GET,471,2011
25,GET,473,2051
25,GET,475,1939
25,GET,477,1934
25,GET,479,1893
25,GET,481,1881
25,GET,483,1779
25,GET,485,1768
25,GET,487,1748
25,GET,489,1776
25,GET,491,1683
25,GET,493,1712
25,GET,495,1578
25,GET,497,1575
25,GET,499,1463
25,GET,501,1491
25,GET,503,1425
25,GET,505,1392
25,GET,507,1382
25,GET,509,1319
25,GET,511,1315
25,GET,515,2487
25,GET,519,2387
25,GET,523,2224
25,GET,527,2182
25,GET,531,2063
25,GET,535,1918
25,GET,539,1893
25,GET,543,1817
25,GET,547,1732
25,GET,551,1641
25,GET,555,1538
25,GET,559,1478
25,GET,563,1443
25,GET,567,1327
25,GET,571,1200
25,GET,575,1221
25,GET,579,1114
25,GET,583,1053
25,GET,587,999
25,GET,591,952
25,GET,595,850
25,GET,599,858
25,GET,603,792
25,GET,607,725
25,GET,611,663
25,GET,615,636
25,GET,619,589
25,GET,623,540
25,GET,627,482
25,GET,631,470
25,GET,635,447
25,GET,639,382
25,GET,643,371
25,GET,647,364
25,GET,651,300
25,GET,655,305
25,GET,659,238
25,GET,663,266
25,GET,667,208
25,GET,671,208
25,GET,675,175
25,GET,679,168
25,GET,683,149
25,GET,687,115
25,GET,691,128
25,GET,695,103
25,GET,699,80
25,GET,703,78
25,GET,707,80
25,GET,711,72
25,GET,715,76
25,GET,719,70
25,GET,723,39
25,GET,727,49
25,GET,731,40
25,GET,735,41
25,GET,739,42
25,GET,743,32
25,GET,747,32
25,GET,751,25
25,GET,755,20
25,GET,759,15
25,GET,763,18
25,GET,767,18
25,GET,771,13
25,GET,775,14
25,GET,779,12
25,GET,783,5
25,GET,787,12
25,GET,791,5
25,GET,795,9
25,GET,799,6
25,GET,803,6
25,GET,807,7
25,GET,811,4
25,GET,815,3
25,GET,819,7
25,GET,823,4
25,GET,827,4
25,GET,831,5
25,GET,835,3
25,GET,839,2
25,GET,843,1
25,GET,847,1
25,GET,851,3
25,GET,855,1
25,GET,859,3
25,GET,863,6
25,GET,867,2
25,GET,871,4
25,GET,879,2
25,GET,891,2
25,GET,895,1
25,GET,899,1
25,GET,903,1
25,GET,911,3
25,GET,915,3
25,GET,919,2
25,GET,923,2
25,GET,931,1
25,GET,935,1
25,GET,939,2
25,GET,943,2
25,GET,947,1
25,GET,951,1
25,GET,963,1
25,GET,967,1
25,GET,971,1
25,GET,975,1
25,GET,979,1
25,GET,983,1
25,GET,995,1
25,GET,1011,1
25,GET,1079,1
25,GET,1103,1
25,GET,1111,1
25,GET,1135,1
25,GET,1175,1
25,GET,1263,1
25,GET,1287,1
25,GET,1327,1
25,GET,1359,1
25,GET,1367,1
25,GET,1375,1
25,GET,1391,1
25,GET,1407,1
25,GET,1431,1
25,GET,1447,1
25,GET,1455,2
25,GET,1479,2
25,GET,1487,1
25,GET,1503,2
25,GET,1519,2
25,GET,1527,2
25,GET,1543,2
25,GET,1559,2
25,GET,1575,1
25,GET,1583,1
25,GET,1599,2
25,GET,1615,1
25,GET,1623,2
25,GET,1631,2
25,GET,1655,1
25,GET,1663,2
25,GET,1679,2
25,GET,1687,1
25,GET,1703,3
25,GET,1711,2
25,GET,1719,1
25,GET,1727,1
25,GET,1743,2
25,GET,1751,1
25,GET,1759,2
25,GET,1767,2
25,GET,1775,2
25,GET,1783,1
25,GET,1791,1
25,GET,1823,1
25,GET,1831,1
25,GET,1863,2
25,GET,1879,1
25,GET,1887,2
25,GET,1919,1
25,GET,1927,1
25,GET,1935,1
25,GET,1951,1
25,GET,1991,1
25,GET,1999,1
25,GET,2015,2
25,GET,2031,1
25,GET,2039,2
25,GET,2063,2
25,GET,2079,1
25,GET,2143,1
25,GET,2223,1
25,GET,2415,1
25,GET,2559,1
25,GET,2575,1
25,GET,3951,1
25,GET,4895,1
25,GET,5215,1
25,GET,51455,1
25,GET,53759,1
25,GET,54527,1
25,GET,55551,1
25,GET,57343,1
25,GET,57599,2
25,GET,61695,1
25,GET,62463,1
25,GET,64255,1
25,DEL,92,1
25,DEL,94,1
25,DEL,96,1
25,DEL,98,2
25,DEL,100,1
25,DEL,101,1
25,DEL,102,1
25,DEL,103,4
25,DEL,104,2
25,DEL,105,4
25,DEL,106,3
25,DEL,107,5
25,DEL,108,1
25,DEL,109,7
25,DEL,110,7
25,DEL,111,3
25,DEL,112,6
25,DEL,113,5
25,DEL,114,6
25,DEL,115,2
25,DEL,116,9
25,DEL,117,18
25,DEL,118,3
25,DEL,119,14
25,DEL,120,12
25,DEL,121,13
25,DEL,122,13
25,DEL,123,14
25,DEL,124,13
25,DEL,125,13
25,DEL,126,12
25,DEL,127,15
25,DEL,128,13
25,DEL,129,19
25,DEL,130,22
25,DEL,131,20
25,DEL,132,18
25,DEL,133,13
25,DEL,134,20
25,DEL,135,17
25,DEL,136,16
25,DEL,137,18
25,DEL,138,20
25,DEL,139,28
25,DEL,140,36
25,DEL,141,25
25,DEL,142,27
25,DEL,143,17
25,DEL,144,24
25,DEL,145,24
25,DEL,146,29
25,DEL,147,42
25,DEL,148,41
25,DEL,149,35
25,DEL,150,37
25,DEL,151,32
25,DEL,152,37
25,DEL,153,39
25,DEL,154,36
25,DEL,155,37
25,DEL,156,26
25,DEL,157,35
25,DEL,158,44
25,DEL,159,38
25,DEL,160,36
25,DEL,161,38
25,DEL,162,38
25,DEL,163,37
25,DEL,164,40
25,DEL,165,48
25,DEL,166,42
25,DEL,167,44
25,DEL,168,55
25,DEL,169,49
25,DEL,170,64
25,DEL,171,58
25,DEL,172,48
25,DEL,173,61
25,DEL,174,57
25,DEL,175,62
25,DEL,176,70
25,DEL,177,65
25,DEL,178,55
25,DEL,179,62
25,DEL,180,60
25,DEL,181,65
25,DEL,182,78
25,DEL,183,76
25,DEL,184,83
25,DEL,185,73
25,DEL,186,84
25,DEL,187,84
25,DEL,188,87
25,DEL,189,80
25,DEL,190,95
25,DEL,191,92
25,DEL,192,94
25,DEL,193,96
25,DEL,194,106
25,DEL,195,99
25,DEL,196,91
25,DEL,197,86
25,DEL,198,114
25,DEL,199,100
25,DEL,200,116
25,DEL,201,104
25,DEL,202,119
25,DEL,203,125
25,DEL,204,128
25,DEL,205,119
25,DEL,206,112
25,DEL,207,125
25,DEL,208,137
25,DEL,209,161
25,DEL,210,141
25,DEL,211,143
25,DEL,212,159
25,DEL,213,132
25,DEL,214,150
25,DEL,215,153
25,DEL,216,173
25,DEL,217,143
25,DEL,218,166
25,DEL,219,169
25,DEL,220,177
25,DEL,221,173
25,DEL,222,188
25,DEL,223,196
25,DEL,224,195
25,DEL,225,188
25,DEL,226,198
25,DEL,227,195
25,DEL,228,191
25,DEL,229,215
25,DEL,230,231
25,DEL,231,209
25,DEL,232,234
25,DEL,233,250
25,DEL,234,212
25,DEL,235,218
25,DEL,236,248
25,DEL,237,256
25,DEL,238,224
25,DEL,239,294
25,DEL,240,251
25,DEL,241,246
25,DEL,242,324
25,DEL,243,263
25,DEL,244,243
25,DEL,245,265
25,DEL,246,281
25,DEL,247,296
25,DEL,248,296
25,DEL,249,294
25,DEL,250,298
25,DEL,251,298
25,DEL,252,305
25,DEL,253,288
25,DEL,254,334
25,DEL,255,315
25,DEL,257,640
25,DEL,259,668
25,DEL,261,656
25,DEL,263,760
25,DEL,265,724
25,DEL,267,779
25,DEL,269,795
25,DEL,271,841
25,DEL,273,837
25,DEL,275,813
25,DEL,277,844
25,DEL,279,798
25,DEL,281,855
25,DEL,283,873
25,DEL,285,918
25,DEL,287,941
25,DEL,289,957
25,DEL,291,993
25,DEL,293,946
25,DEL,295,965
25,DEL,297,912
25,DEL,299,1020
25,DEL,301,1042
25,DEL,303,1058
25,DEL,305,1071
25,DEL,307,1087
25,DEL,309,1059
25,DEL,311,1067
25,DEL,313,1122
25,DEL,315,1120
25,DEL,317,1109
25,DEL,319,1078
25,DEL,321,1119
25,DEL,323,1089
25,DEL,325,1134
25,DEL,327,1037
25,DEL,329,1141
25,DEL,331,1154
25,DEL,333,1132
25,DEL,335,1176
25,DEL,337,1170
25,DEL,339,1169
25,DEL,341,1101
25,DEL,343,1221
25,DEL,345,1106
25,DEL,347,1192
25,DEL,349,1186
25,DEL,351,1210
25,DEL,353,1136
25,DEL,355,1266
25,DEL,357,1218
25,DEL,359,1152
25,DEL,361,1187
25,DEL,363,1170
25,DEL,365,1228
25,DEL,367,1239
25,DEL,369,1185
25,DEL,371,1195
25,DEL,373,1273
25,DEL,375,1304
25,DEL,377,1238
25,DEL,379,1213
25,DEL,381,1234
25,DEL,383,1177
25,DEL,385,1184
25,DEL,387,1175
25,DEL,389,1181
25,DEL,391,1281
25,DEL,393,1259
25,DEL,395,1249
25,DEL,397,1174
25,DEL,399,1187
25,DEL,401,1160
25,DEL,403,1150
25,DEL,405,1166
25,DEL,407,1156
25,DEL,409,1183
25,DEL,411,1158
25,DEL,413,1216
25,DEL,415,1133
25,DEL,417,1101
25,DEL,419,1094
25,DEL,421,1088
25,DEL,423,1112
25,DEL,425,1113
25,DEL,427,1056
25,DEL,429,1057
25,DEL,431,1076
25,DEL,433,1028
25,DEL,435,1062
25,DEL,437,979
25,DEL,439,1017
25,DEL,441,969
25,DEL,443,955
25,DEL,445,922
25,DEL,447,956
25,DEL,449,911
25,DEL,451,913
25,DEL,453,861
25,DEL,455,905
25,DEL,457,826
25,DEL,459,867
25,DEL,461,789
25,DEL,463,789
25,DEL,465,832
25,DEL,467,773
25,DEL,469,782
25,DEL,471,758
25,DEL,473,753
25,DEL,475,702
25,DEL,477,682
25,DEL,479,723
25,DEL,481,645
25,DEL,483,678
25,DEL,485,642
25,DEL,487,639
25,DEL,489,649
25,DEL,491,597
25,DEL,493,572
25,DEL,495,594
25,DEL,497,566
25,DEL,499,539
25,DEL,501,572
25,DEL,503,542
25,DEL,505,494
25,DEL,507,481
25,DEL,509,499
25,DEL,511,450
25,DEL,515,942
25,DEL,519,909
25,DEL,523,843
25,DEL,527,785
25,DEL,531,727
25,DEL,535,720
25,DEL,539,682
25,DEL,543,687
25,DEL,547,678
25,DEL,551,557
25,DEL,555,542
25,DEL,559,534
25,DEL,563,498
25,DEL,567,477
25,DEL,571,437
25,DEL,575,422
25,DEL,579,421
25,DEL,583,415
25,DEL,587,329
25,DEL,591,372
25,DEL,595,299
25,DEL,599,327
25,DEL,603,288
25,DEL,607,281
25,DEL,611,257
25,DEL,615,240
25,DEL,619,215
25,DEL,623,196
25,DEL,627,192
25,DEL,631,167
25,DEL,635,183
25,DEL,639,144
25,DEL,643,109
25,DEL,647,127
25,DEL,651,117
25,DEL,655,118
25,DEL,659,99
25,DEL,663,66
25,DEL,667,90
25,DEL,671,79
25,DEL,675,58
25,DEL,679,61
25,DEL,683,59
25,DEL,687,61
25,DEL,691,45
25,DEL,695,41
25,DEL,699,48
25,DEL,703,40
25,DEL,707,16
25,DEL,711,26
25,DEL,715,27
25,DEL,719,19
25,DEL,723,17
25,DEL,727,20
25,DEL,731,29
25,DEL,735,11
25,DEL,739,12
25,DEL,743,10
25,DEL,747,11
25,DEL,751,13
25,DEL,755,7
25,DEL,759,10
25,DEL,763,5
25,DEL,767,4
25,DEL,771,4
25,DEL,775,6
25,DEL,779,3
25,DEL,783,3
25,DEL,787,3
25,DEL,791,2
25,DEL,795,2
25,DEL,799,3
25,DEL,803,1
25,DEL,807,3
25,DEL,811,1
25,DEL,819,6
25,DEL,823,1
25,DEL,831,3
25,DEL,835,2
25,DEL,843,3
25,DEL,851,1
25,DEL,863,1
25,DEL,867,3
25,DEL,883,1
25,DEL,895,1
25,DEL,903,1
25,DEL,927,1
25,DEL,931,1
25,DEL,943,1
25,DEL,1103,1
25,DEL,1135,1
25,DEL,1151,1
25,DEL,1167,2
25,DEL,1215,1
25,DEL,1359,1
25,DEL,1375,1
25,DEL,1399,1
25,DEL,1431,1
25,DEL,1463,1
25,DEL,1487,1
25,DEL,1511,1
25,DEL,1551,1
25,DEL,1575,1
25,DEL,1727,1
25,DEL,1735,1
25,DEL,1783,1
25,DEL,1815,1
25,DEL,1823,1
25,DEL,1847,1
25,DEL,1911,1
25,DEL,1999,1
25,DEL,2023,1
25,DEL,2063,1
25,DEL,2319,2
25,DEL,2351,1
25,DEL,2447,1
25,DEL,2559,1
25,DEL,3663,1
25,DEL,54271,1
25,DEL,54527,1
25,DEL,60159,1
25,DEL,61695,1
25,DEL,65279,1
26,GET,89,1
26,GET,90,1
26,GET,93,2
26,GET,95,2
26,GET,96,2
26,GET,97,5
26,GET,98,10
26,GET,99,7
26,GET,100,4
26,GET,101,11
26,GET,102,6
26,GET,103,11
26,GET,104,11
26,GET,105,6
26,GET,106,9
26,GET,107,16
26,GET,108,22
26,GET,109,12
26,GET,110,19
26,GET,111,16
26,GET,112,18
26,GET,113,33
26,GET,114,24
26,GET,115,34
26,GET,116,32
26,GET,117,34
26,GET,118,39
26,GET,119,38
26,GET,120,42
26,GET,121,50
26,GET,122,44
26,GET,123,58
26,GET,124,53
26,GET,125,58
26,GET,126,43
26,GET,127,64
26,GET,128,84
26,GET,129,72
26,GET,130,77
26,GET,131,69
26,GET,132,82
26,GET,133,101
26,GET,134,100
26,GET,135,107
26,GET,136,107
26,GET,137,115
26,GET,138,104
26,GET,139,137
26,GET,140,120
26,GET,141,124
26,GET,142,131
26,GET,143,129
26,GET,144,144
26,GET,145,130
26,GET,146,143
26,GET,147,149
26,GET,148,185
26,GET,149,151
26,GET,150,171
26,GET,151,165
26,GET,152,152
26,GET,153,182
26,GET,154,206
26,GET,155,194
26,GET,156,188
26,GET,157,200
26,GET,158,229
26,GET,159,195
26,GET,160,192
26,GET,161,214
26,GET,162,221
26,GET,163,219
26,GET,164,189
26,GET,165,220
26,GET,166,193
26,GET,167,236
26,GET,168,212
26,GET,169,255
26,GET,170,218
26,GET,171,249
26,GET,172,240
26,GET,173,245
26,GET,174,251
26,GET,175,263
26,GET,176,263
26,GET,177,268
26,GET,178,284
26,GET,179,268
26,GET,180,259
26,GET,181,281
26,GET,182,276
26,GET,183,306
26,GET,184,262
26,GET,185,264
26,GET,186,289
26,GET,187,328
26,GET,188,329
26,GET,189,296
26,GET,190,275
26,GET,191,275
26,GET,192,295
26,GET,193,307
26,GET,194,286
26,GET,195,308
26,GET,196,346
26,GET,197,291
26,GET,198,323
26,GET,199,329
26,GET,200,330
26,GET,201,372
26,GET,202,388
26,GET,203,335
26,GET,204,401
26,GET,205,402
26,GET,206,373
26,GET,207,360
26,GET,208,397
26,GET,209,384
26,GET,210,397
26,GET,211,404
26,GET,212,379
26,GET,213,433
26,GET,214,373
26,GET,215,425
26,GET,216,419
26,GET,217,420
26,GET,218,440
26,GET,219,473
26,GET,220,462
26,GET,221,462
26,GET,222,459
26,GET,223,458
26,GET,224,456
26,GET,225,460
26,GET,226,492
26,GET,227,492
26,GET,228,525
26,GET,229,521
26,GET,230,526
26,GET,231,579
26,GET,232,563
26,GET,233,565
26,GET,234,529
26,GET,235,558
26,GET,236,597
26,GET,237,588
26,GET,238,646
26,GET,239,663
26,GET,240,621
26,GET,241,660
26,GET,242,642
26,GET,243,680
26,GET,244,699
26,GET,245,704
26,GET,246,713
26,GET,247,695
26,GET,248,719
26,GET,249,734
26,GET,250,756
26,GET,251,790
26,GET,252,794
26,GET,253,762
26,GET,254,772
26,GET,255,823
26,GET,257,1595
26,GET,259,1718
26,GET,261,1695
26,GET,263,1750
26,GET,265,1856
26,GET,267,1849
26,GET,269,1955
26,GET,271,2012
26,GET,273,1980
26,GET,275,2084
26,GET,277,2098
26,GET,279,2072
26,GET,281,2234
26,GET,283,2363
26,GET,285,2211
26,GET,287,2373
26,GET,289,2460
26,GET,291,2365
26,GET,293,2467
26,GET,295,2507
26,GET,297,2528
26,GET,299,2694
26,GET,301,2713
26,GET,303,2652
26,GET,305,2666
26,GET,307,2700
26,GET,309,2695
26,GET,311,2800
26,GET,313,2830
26,GET,315,2807
26,GET,317,2798
26,GET,319,2939
26,GET,321,2934
26,GET,323,2970
26,GET,325,3004
26,GET,327,2970
26,GET,329,2956
26,GET,331,3054
26,GET,333,3157
26,GET,335,3087
26,GET,337,3108
26,GET,339,3199
26,GET,341,3133
26,GET,343,3302
26,GET,345,3191
26,GET,347,3239
26,GET,349,3271
26,GET,351,3143
26,GET,353,3163
26,GET,355,3268
26,GET,357,3237
26,GET,359,3297
26,GET,361,3228
26,GET,363,3376
26,GET,365,3364
26,GET,367,3268
26,GET,369,3360
26,GET,371,3413
26,GET,373,3392
26,GET,375,3307
26,GET,377,3355
26,GET,379,3394
26,GET,381,3435
26,GET,383,3282
26,GET,385,3352
26,GET,387,3322
26,GET,389,3354
26,GET,391,3402
26,GET,393,3385
26,GET,395,3332
26,GET,397,3362
26,GET,399,3285
26,GET,401,3316
26,GET,403,3318
26,GET,405,3391
26,GET,407,3403
26,GET,409,3296
26,GET,411,3175
26,GET,413,3206
26,GET,415,3226
26,GET,417,3178
26,GET,419,3143
26,GET,421,3044
26,GET,423,3113
26,GET,425,3080
26,GET,427,2930
26,GET,429,2996
26,GET,431,3018
26,GET,433,2955
26,GET,435,2945
26,GET,437,2958
26,GET,439,2820
26,GET,441,2746
26,GET,443,2743
26,GET,445,2657
26,GET,447,2706
26,GET,449,2647
26,GET,451,2584
26,GET,453,2596
26,GET,455,2548
26,GET,457,2505
26,GET,459,2495
26,GET,461,2461
26,GET,463,2342
26,GET,465,2352
26,GET,467,2261
26,GET,469,2258
26,GET,471,2223
26,GET,473,2069
26,GET,475,2050
26,GET,477,2048
26,GET,479,1986
26,GET,481,2017
26,GET,483,1992
26,GET,485,1863
26,GET,487,1873
26,GET,489,1812
26,GET,491,1719
26,GET,493,1765
26,GET,495,1676
26,GET,497,1694
26,GET,499,1683
26,GET,501,1591
26,GET,503,1572
26,GET,505,1562
26,GET,507,1529
26,GET,509,1453
26,GET,511,1470
26,GET,515,2802
26,GET,519,2605
26,GET,523,2445
26,GET,527,2377
26,GET,531,2252
26,GET,535,2080
26,GET,539,2133
26,GET,543,1878
26,GET,547,1928
26,GET,551,1843
26,GET,555,1712
26,GET,559,1559
26,GET,563,1508
26,GET,567,1436
26,GET,571,1329
26,GET,575,1337
26,GET,579,1282
26,GET,583,1168
26,GET,587,1175
26,GET,591,1055
26,GET,595,950
26,GET,599,963
26,GET,603,825
26,GET,607,823
26,GET,611,746
26,GET,615,731
26,GET,619,691
26,GET,623,607
26,GET,627,558
26,GET,631,539
26,GET,635,483
26,GET,639,501
26,GET,643,444
26,GET,647,413
26,GET,651,369
26,GET,655,339
26,GET,659,294
26,GET,663,266
26,GET,667,261
26,GET,671,215
26,GET,675,222
26,GET,679,225
26,GET,683,204
26,GET,687,170
26,GET,691,148
26,GET,695,141
26,GET,699,117
26,GET,703,124
26,GET,707,98
26,GET,711,93
26,GET,715,81
26,GET,719,82
26,GET,723,72
26,GET,727,68
26,GET,731,60
26,GET,735,49
26,GET,739,59
26,GET,743,41
26,GET,747,36
26,GET,751,27
26,GET,755,32
26,GET,759,30
26,GET,763,29
26,GET,767,29
26,GET,771,18
26,GET,775,10
26,GET,779,13
26,GET,783,16
26,GET,787,11
26,GET,791,7
26,GET,795,11
26,GET,799,8
26,GET,803,7
26,GET,807,6
26,GET,811,8
26,GET,815,11
26,GET,819,6
26,GET,823,6
26,GET,827,11
26,GET,831,3
26,GET,835,6
26,GET,839,2
26,GET,843,5
26,GET,847,5
26,GET,851,3
26,GET,855,2
26,GET,859,1
26,GET,863,3
26,GET,867,2
26,GET,871,3
26,GET,875,6
26,GET,879,2
26,GET,883,4
26,GET,887,4
26,GET,891,2
26,GET,895,2
26,GET,899,1
26,GET,903,3
26,GET,907,1
26,GET,911,1
26,GET,915,1
26,GET,923,1
26,GET,927,2
26,GET,943,1
26,GET,955,1
26,GET,963,1
26,GET,967,1
26,GET,975,1
26,GET,979,1
26,GET,987,1
26,GET,995,1
26,GET,1039,1
26,GET,1079,4
26,GET,1095,3
26,GET,1103,1
26,GET,1119,1
26,GET,1127,1
26,GET,1159,1
26,GET,1175,1
26,GET,1183,1
26,GET,1207,1
26,GET,1239,1
26,GET,1279,1
26,GET,1343,1
26,GET,1359,1
26,GET,1367,1
26,GET,1383,2
26,GET,1391,1
26,GET,1407,1
26,GET,1415,1
26,GET,1431,1
26,GET,1439,2
26,GET,1447,2
26,GET,1455,2
26,GET,1471,2
26,GET,1495,2
26,GET,1503,2
26,GET,1519,1
26,GET,1527,1
26,GET,1543,1
26,GET,1551,1
26,GET,1575,1
26,GET,1583,3
26,GET,1591,2
26,GET,1599,1
26,GET,1615,1
26,GET,1623,3
26,GET,1631,1
26,GET,1639,2
26,GET,1695,1
26,GET,1711,1
26,GET,1719,3
26,GET,1735,1
26,GET,1743,2
26,GET,1751,1
26,GET,1759,1
26,GET,1767,1
26,GET,1783,2
26,GET,1807,1
26,GET,1823,1
26,GET,1847,1
26,GET,1903,2
26,GET,1911,2
26,GET,1919,2
26,GET,1927,1
26,GET,1943,2
26,GET,1967,1
26,GET,2007,1
26,GET,2039,1
26,GET,2159,1
26,GET,2191,2
26,GET,2207,1
26,GET,2223,2
26,GET,2303,1
26,GET,2319,2
26,GET,2335,2
26,GET,2351,1
26,GET,3119,1
26,GET,52223,1
26,GET,53247,1
26,GET,54015,1
26,GET,54271,1
26,GET,56063,1
26,GET,57343,2
26,GET,58623,1
26,GET,58879,2
26,GET,60415,1
26,GET,67583,1
26,SET,97,1
26,SET,98,1
26,SET,99,1
26,SET,100,1
26,SET,102,1
26,SET,105,2
26,SET,106,1
26,SET,107,2
26,SET,109,2
26,SET,111,2
26,SET,112,2
26,SET,113,2
26,SET,114,3
26,SET,115,1
26,SET,116,2
26,SET,117,7
26,SET,118,3
26,SET,119,3
26,SET,120,2
26,SET,121,2
26,SET,122,4
26,SET,123,4
26,SET,124,1
26,SET,125,7
26,SET,126,4
26,SET,127,5
26,SET,128,7
26,SET,129,6
26,SET,130,4
26,SET,131,7
26,SET,132,5
26,SET,133,5
26,SET,134,5
26,SET,135,8
26,SET,136,12
26,SET,137,11
26,SET,138,5
26,SET,139,11
26,SET,140,11
26,SET,141,8
26,SET,142,3
26,SET,143,7
26,SET,144,11
26,SET,145,10
26,SET,146,9
26,SET,147,11
26,SET,148,10
26,SET,149,10
26,SET,150,8
26,SET,151,16
26,SET,152,5
26,SET,153,10
26,SET,154,12
26,SET,155,13
26,SET,156,19
26,SET,157,22
26,SET,158,18
26,SET,159,15
26,SET,160,12
26,SET,161,20
26,SET,162,11
26,SET,163,16
26,SET,164,24
26,SET,165,15
26,SET,166,15
26,SET,167,13
26,SET,168,15
26,SET,169,19
26,SET,170,15
26,SET,171,16
26,SET,172,16
26,SET,173,18
26,SET,174,20
26,SET,175,27
26,SET,176,13
26,SET,177,16
26,SET,178,25
26,SET,179,20
26,SET,180,27
26,SET,181,12
26,SET,182,16
26,SET,183,22
26,SET,184,20
26,SET,185,12
26,SET,186,15
26,SET,187,18
26,SET,188,21
26,SET,189,28
26,SET,190,22
26,SET,191,23
26,SET,192,25
26,SET,193,23
26,SET,194,26
26,SET,195,32
26,SET,196,17
26,SET,197,24
26,SET,198,27
26,SET,199,34
26,SET,200,32
26,SET,201,12
26,SET,202,22
26,SET,203,36
26,SET,204,31
26,SET,205,18
26,SET,206,26
26,SET,207,25
26,SET,208,26
26,SET,209,28
26,SET,210,23
26,SET,211,27
26,SET,212,25
26,SET,213,33
26,SET,214,32
26,SET,215,41
26,SET,216,36
26,SET,217,27
26,SET,218,30
26,SET,219,28
26,SET,220,37
26,SET,221,41
26,SET,222,32
26,SET,223,30
26,SET,224,24
26,SET,225,32
26,SET,226,31
26,SET,227,36
26,SET,228,50
26,SET,229,38
26,SET,230,39
26,SET,231,30
26,SET,232,29
26,SET,233,44
26,SET,234,36
26,SET,235,35
26,SET,236,37
26,SET,237,43
26,SET,238,42
26,SET,239,48
26,SET,240,36
26,SET,241,52
26,SET,242,35
26,SET,243,45
26,SET,244,56
26,SET,245,44
26,SET,246,39
26,SET,247,38
26,SET,248,44
26,SET,249,56
26,SET,250,40
26,SET,251,46
26,SET,252,54
26,SET,253,36
26,SET,254,47
26,SET,255,51
26,SET,257,110
26,SET,259,122
26,SET,261,123
26,SET,263,109
26,SET,265,122
26,SET,267,127
26,SET,269,138
26,SET,271,151
26,SET,273,138
26,SET,275,117
26,SET,277,139
26,SET,279,159
26,SET,281,158
26,SET,283,157
26,SET,285,150
26,SET,287,141
26,SET,289,171
26,SET,291,179
26,SET,293,174
26,SET,295,182
26,SET,297,179
26,SET,299,180
26,SET,301,194
26,SET,303,173
26,SET,305,198
26,SET,307,168
26,SET,309,190
26,SET,311,176
26,SET,313,199
26,SET,315,200
26,SET,317,214
26,SET,319,185
26,SET,321,181
26,SET,323,207
26,SET,325,216
26,SET,327,196
26,SET,329,190
26,SET,331,184
26,SET,333,227
26,SET,335,235
26,SET,337,217
26,SET,339,236
26,SET,341,213
26,SET,343,227
26,SET,345,227
26,SET,347,250
26,SET,349,225
26,SET,351,245
26,SET,353,212
26,SET,355,215
26,SET,357,223
26,SET,359,223
26,SET,361,242
26,SET,363,229
26,SET,365,234
26,SET,367,218
26,SET,369,243
26,SET,371,259
26,SET,373,260
26,SET,375,261
26,SET,377,239
26,SET,379,240
26,SET,381,249
26,SET,383,244
26,SET,385,220
26,SET,387,252
26,SET,389,260
26,SET,391,227
26,SET,393,219
26,SET,395,242
26,SET,397,234
26,SET,399,245
26,SET,401,220
26,SET,403,226
26,SET,405,235
26,SET,407,217
26,SET,409,223
26,SET,411,248
26,SET,413,234
26,SET,415,224
26,SET,417,218
26,SET,419,271
26,SET,421,221
26,SET,423,225
26,SET,425,243
26,SET,427,218
26,SET,429,211
26,SET,431,203
26,SET,433,246
26,SET,435,191
26,SET,437,216
26,SET,439,209
26,SET,441,240
26,SET,443,201
26,SET,445,206
26,SET,447,202
26,SET,449,163
26,SET,451,180
26,SET,453,185
26,SET,455,172
26,SET,457,175
26,SET,459,172
26,SET,461,193
26,SET,463,183
26,SET,465,167
26,SET,467,152
26,SET,469,166
26,SET,471,157
26,SET,473,173
26,SET,475,136
26,SET,477,145
26,SET,479,162
26,SET,481,155
26,SET,483,117
26,SET,485,147
26,SET,487,124
26,SET,489,125
26,SET,491,124
26,SET,493,132
26,SET,495,123
26,SET,497,111
26,SET,499,121
26,SET,501,101
26,SET,503,133
26,SET,505,111
26,SET,507,115
26,SET,509,97
26,SET,511,108
26,SET,515,184
26,SET,519,197
26,SET,523,179
26,SET,527,146
26,SET,531,176
26,SET,535,162
26,SET,539,151
26,SET,543,150
26,SET,547,131
26,SET,551,142
26,SET,555,121
26,SET,559,104
26,SET,563,104
26,SET,567,104
26,SET,571,86
26,SET,575,90
26,SET,579,112
26,SET,583,83
26,SET,587,75
26,SET,591,65
26,SET,595,71
26,SET,599,72
26,SET,603,71
26,SET,607,59
26,SET,611,46
26,SET,615,54
26,SET,619,45
26,SET,623,48
26,SET,627,42
26,SET,631,35
26,SET,635,37
26,SET,639,29
26,SET,643,28
26,SET,647,28
26,SET,651,33
26,SET,655,20
26,SET,659,24
26,SET,663,21
26,SET,667,24
26,SET,671,17
26,SET,675,19
26,SET,679,15
26,SET,683,12
26,SET,687,9
26,SET,691,14
26,SET,695,11
26,SET,699,12
26,SET,703,9
26,SET,707,4
26,SET,711,8
26,SET,715,5
26,SET,719,5
26,SET,723,11
26,SET,727,4
26,SET,731,5
26,SET,735,6
26,SET,739,3
26,SET,743,1
26,SET,747,2
26,SET,751,4
26,SET,755,3
26,SET,759,5
26,SET,763,2
26,SET,775,2
26,SET,787,3
26,SET,803,2
26,SET,807,1
26,SET,811,2
26,SET,819,3
26,SET,823,1
26,SET,831,1
26,SET,847,1
26,SET,851,1
26,SET,855,1
26,SET,911,1
26,SET,1039,1
26,SET,1079,1
26,SET,1135,1
26,SET,1367,1
26,SET,1423,1
26,SET,1551,1
26,SET,1607,1
26,SET,1631,1
26,SET,1735,1
26,SET,2079,1
26,DEL,93,1
26,DEL,96,2
26,DEL,97,2
26,DEL,98,1
26,DEL,99,1
26,DEL,100,5
26,DEL,101,5
26,DEL,102,2
26,DEL,103,4
26,DEL,104,6
26,DEL,105,3
26,DEL,106,4
26,DEL,107,11
26,DEL,108,8
26,DEL,109,9
26,DEL,110,2
26,DEL,111,11
26,DEL,112,6
26,DEL,113,2
26,DEL,114,13
26,DEL,115,12
26,DEL,116,9
26,DEL,117,11
26,DEL,118,7
26,DEL,119,15
26,DEL,120,20
26,DEL,121,19
26,DEL,122,13
26,DEL,123,23
26,DEL,124,18
26,DEL,125,15
26,DEL,126,19
26,DEL,127,28
26,DEL,128,21
26,DEL,129,30
26,DEL,130,29
26,DEL,131,37
26,DEL,132,37
26,DEL,133,25
26,DEL,134,33
26,DEL,135,27
26,DEL,136,29
26,DEL,137,39
26,DEL,138,41
26,DEL,139,37
26,DEL,140,53
26,DEL,141,49
26,DEL,142,42
26,DEL,143,34
26,DEL,144,43
26,DEL,145,37
26,DEL,146,69
26,DEL,147,58
26,DEL,148,55
26,DEL,149,51
26,DEL,150,50
26,DEL,151,68
26,DEL,152,59
26,DEL,153,67
26,DEL,154,59
26,DEL,155,78
26,DEL,156,58
26,DEL,157,80
26,DEL,158,75
26,DEL,159,94
26,DEL,160,62
26,DEL,161,74
26,DEL,162,60
26,DEL,163,79
26,DEL,164,73
26,DEL,165,75
26,DEL,166,95
26,DEL,167,81
26,DEL,168,87
26,DEL,169,83
26,DEL,170,104
26,DEL,171,61
26,DEL,172,88
26,DEL,173,105
26,DEL,174,100
26,DEL,175,90
26,DEL,176,92
26,DEL,177,112
26,DEL,178,89
26,DEL,179,78
26,DEL,180,116
26,DEL,181,93
26,DEL,182,80
26,DEL,183,103
26,DEL,184,103
26,DEL,185,107
26,DEL,186,104
26,DEL,187,105
26,DEL,188,95
26,DEL,189,99
26,DEL,190,108
26,DEL,191,134
26,DEL,192,125
26,DEL,193,101
26,DEL,194,113
26,DEL,195,114
26,DEL,196,135
26,DEL,197,115
26,DEL,198,106
26,DEL,199,102
26,DEL,200,101
26,DEL,201,119
26,DEL,202,119
26,DEL,203,129
26,DEL,204,134
26,DEL,205,120
26,DEL,206,130
26,DEL,207,125
26,DEL,208,155
26,DEL,209,149
26,DEL,210,144
26,DEL,211,148
26,DEL,212,135
26,DEL,213,135
26,DEL,214,137
26,DEL,215,179
26,DEL,216,146
26,DEL,217,163
26,DEL,218,138
26,DEL,219,163
26,DEL,220,159
26,DEL,221,182
26,DEL,222,158
26,DEL,223,160
26,DEL,224,185
26,DEL,225,182
26,DEL,226,180
26,DEL,227,168
26,DEL,228,182
26,DEL,229,195
26,DEL,230,151
26,DEL,231,195
26,DEL,232,183
26,DEL,233,219
26,DEL,234,218
26,DEL,235,221
26,DEL,236,205
26,DEL,237,216
26,DEL,238,192
26,DEL,239,215
26,DEL,240,249
26,DEL,241,215
26,DEL,242,216
26,DEL,243,244
26,DEL,244,254
26,DEL,245,270
26,DEL,246,246
26,DEL,247,240
26,DEL,248,248
26,DEL,249,247
26,DEL,250,289
26,DEL,251,263
26,DEL,252,282
26,DEL,253,272
26,DEL,254,298
26,DEL,255,308
26,DEL,257,597
26,DEL,259,633
26,DEL,261,598
26,DEL,263,589
26,DEL,265,651
26,DEL,267,653
26,DEL,269,640
26,DEL,271,711
26,DEL,273,692
26,DEL,275,681
26,DEL,277,774
26,DEL,279,746
26,DEL,281,758
26,DEL,283,771
26,DEL,285,807
26,DEL,287,823
26,DEL,289,849
26,DEL,291,842
26,DEL,293,861
26,DEL,295,895
26,DEL,297,900
26,DEL,299,862
26,DEL,301,941
26,DEL,303,913
26,DEL,305,988
26,DEL,307,987
26,DEL,309,1003
26,DEL,311,980
26,DEL,313,988
26,DEL,315,987
26,DEL,317,1001
26,DEL,319,1018
26,DEL,321,1048
26,DEL,323,1094
26,DEL,325,1031
26,DEL,327,1086
26,DEL,329,1077
26,DEL,331,1098
26,DEL,333,1086
26,DEL,335,1073
26,DEL,337,1120
26,DEL,339,1140
26,DEL,341,1142
26,DEL,343,1118
26,DEL,345,1102
26,DEL,347,1150
26,DEL,349,1157
26,DEL,351,1101
26,DEL,353,1110
26,DEL,355,1202
26,DEL,357,1177
26,DEL,359,1165
26,DEL,361,1237
26,DEL,363,1182
26,DEL,365,1201
26,DEL,367,1183
26,DEL,369,1216
26,DEL,371,1196
26,DEL,373,1164
26,DEL,375,1158
26,DEL,377,1214
26,DEL,379,1206
26,DEL,381,1243
26,DEL,383,1156
26,DEL,385,1154
26,DEL,387,1182
26,DEL,389,1163
26,DEL,391,1182
26,DEL,393,1239
26,DEL,395,1151
26,DEL,397,1146
26,DEL,399,1182
26,DEL,401,1201
26,DEL,403,1209
26,DEL,405,1148
26,DEL,407,1236
26,DEL,409,1221
26,DEL,411,1141
26,DEL,413,1108
26,DEL,415,1131
26,DEL,417,1148
26,DEL,419,1183
26,DEL,421,1110
26,DEL,423,1129
26,DEL,425,1122
26,DEL,427,1055
26,DEL,429,1105
26,DEL,431,1038
26,DEL,433,1006
26,DEL,435,1079
26,DEL,437,1066
26,DEL,439,1028
26,DEL,441,1005
26,DEL,443,1011
26,DEL,445,1003
26,DEL,447,936
26,DEL,449,1002
26,DEL,451,971
26,DEL,453,971
26,DEL,455,896
26,DEL,457,927
26,DEL,459,887
26,DEL,461,892
26,DEL,463,873
26,DEL,465,804
26,DEL,467,769
26,DEL,469,824
26,DEL,471,779
26,DEL,473,764
26,DEL,475,741
26,DEL,477,734
26,DEL,479,749
26,DEL,481,755
26,DEL,483,699
26,DEL,485,686
26,DEL,487,574
26,DEL,489,684
26,DEL,491,644
26,DEL,493,676
26,DEL,495,610
26,DEL,497,605
26,DEL,499,602
26,DEL,501,585
26,DEL,503,578
26,DEL,505,558
26,DEL,507,547
26,DEL,509,487
26,DEL,511,512
26,DEL,515,948
26,DEL,519,962
26,DEL,523,930
26,DEL,527,895
26,DEL,531,811
26,DEL,535,799
26,DEL,539,741
26,DEL,543,720
26,DEL,547,714
26,DEL,551,652
26,DEL,555,625
26,DEL,559,556
26,DEL,563,537
26,DEL,567,532
26,DEL,571,542
26,DEL,575,475
26,DEL,579,437
26,DEL,583,430
26,DEL,587,385
26,DEL,591,376
26,DEL,595,340
26,DEL,599,320
26,DEL,603,311
26,DEL,607,304
26,DEL,611,268
26,DEL,615,240
26,DEL,619,228
26,DEL,623,231
26,DEL,627,199
26,DEL,631,182
26,DEL,635,176
26,DEL,639,160
26,DEL,643,154
26,DEL,647,150
26,DEL,651,154
26,DEL,655,148
26,DEL,659,94
26,DEL,663,106
26,DEL,667,104
26,DEL,671,88
26,DEL,675,69
26,DEL,679,63
26,DEL,683,81
26,DEL,687,87
26,DEL,691,66
26,DEL,695,56
26,DEL,699,39
26,DEL,703,39
26,DEL,707,51
26,DEL,711,33
26,DEL,715,42
26,DEL,719,22
26,DEL,723,23
26,DEL,727,25
26,DEL,731,22
26,DEL,735,16
26,DEL,739,22
26,DEL,743,18
26,DEL,747,9
26,DEL,751,11
26,DEL,755,15
26,DEL,759,4
26,DEL,763,10
26,DEL,767,7
26,DEL,771,6
26,DEL,775,9
26,DEL,779,5
26,DEL,783,5
26,DEL,787,8
26,DEL,791,3
26,DEL,795,3
26,DEL,799,2
26,DEL,803,3
26,DEL,807,2
26,DEL,811,6
26,DEL,815,2
26,DEL,819,2
26,DEL,823,2
26,DEL,827,2
26,DEL,831,1
26,DEL,835,3
26,DEL,839,1
26,DEL,843,1
26,DEL,847,1
26,DEL,855,1
26,DEL,859,3
26,DEL,863,2
26,DEL,867,1
26,DEL,871,1
26,DEL,879,1
26,DEL,883,1
26,DEL,887,2
26,DEL,895,2
26,DEL,899,1
26,DEL,911,3
26,DEL,915,1
26,DEL,919,2
26,DEL,935,2
26,DEL,967,1
26,DEL,979,1
26,DEL,983,2
26,DEL,999,1
26,DEL,1031,1
26,DEL,1135,1
26,DEL,1207,1
26,DEL,1215,1
26,DEL,1383,1
26,DEL,1415,1
26,DEL,1423,1
26,DEL,1455,1
26,DEL,1495,2
26,DEL,1535,1
26,DEL,1575,1
26,DEL,1671,3
26,DEL,1687,1
26,DEL,1711,1
26,DEL,1727,2
26,DEL,1839,1
26,DEL,1871,1
26,DEL,1895,1
26,DEL,1911,1
26,DEL,1919,1
26,DEL,1943,1
26,DEL,1975,1
26,DEL,2023,1
26,DEL,2127,2
26,DEL,2479,1
26,DEL,4479,1
26,DEL,58879,1
26,DEL,60159,2
26,DEL,60927,1
27,DEL,89,2
27,DEL,93,1
27,DEL,95,1
27,DEL,97,2
27,DEL,99,1
27,DEL,100,1
27,DEL,101,2
27,DEL,102,1
27,DEL,103,2
27,DEL,104,2
27,DEL,105,4
27,DEL,106,5
27,DEL,107,4
27,DEL,108,12
27,DEL,109,5
27,DEL,110,7
27,DEL,111,9
27,DEL,112,8
27,DEL,113,7
27,DEL,114,8
27,DEL,115,15
27,DEL,116,9
27,DEL,117,7
27,DEL,118,13
27,DEL,119,10
27,DEL,120,12
27,DEL,121,13
27,DEL,122,14
27,DEL,123,14
27,DEL,124,18
27,DEL,125,15
27,DEL,126,20
27,DEL,127,21
27,DEL,128,19
27,DEL,129,10
27,DEL,130,29
27,DEL,131,14
27,DEL,132,19
27,DEL,133,21
27,DEL,134,18
27,DEL,135,18
27,DEL,136,25
27,DEL,137,23
27,DEL,138,24
27,DEL,139,25
27,DEL,140,16
27,DEL,141,23
27,DEL,142,19
27,DEL,143,23
27,DEL,144,19
27,DEL,145,25
27,DEL,146,37
27,DEL,147,31
27,DEL,148,25
27,DEL,149,21
27,DEL,150,35
27,DEL,151,29
27,DEL,152,37
27,DEL,153,29
27,DEL,154,29
27,DEL,155,42
27,DEL,156,36
27,DEL,157,31
27,DEL,158,43
27,DEL,159,44
27,DEL,160,36
27,DEL,161,38
27,DEL,162,49
27,DEL,163,45
27,DEL,164,43
27,DEL,165,41
27,DEL,166,38
27,DEL,167,35
27,DEL,168,61
27,DEL,169,57
27,DEL,170,58
27,DEL,171,52
27,DEL,172,58
27,DEL,173,62
27,DEL,174,54
27,DEL,175,54
27,DEL,176,66
27,DEL,177,56
27,DEL,178,54
27,DEL,179,69
27,DEL,180,62
27,DEL,181,63
27,DEL,182,77
27,DEL,183,78
27,DEL,184,54
27,DEL,185,79
27,DEL,186,66
27,DEL,187,83
27,DEL,188,66
27,DEL,189,91
27,DEL,190,93
27,DEL,191,96
27,DEL,192,89
27,DEL,193,109
27,DEL,194,110
27,DEL,195,97
27,DEL,196,91
27,DEL,197,102
27,DEL,198,103
27,DEL,199,106
27,DEL,200,118
27,DEL,201,108
27,DEL,202,121
27,DEL,203,124
27,DEL,204,118
27,DEL,205,149
27,DEL,206,133
27,DEL,207,155
27,DEL,208,134
27,DEL,209,148
27,DEL,210,147
27,DEL,211,133
27,DEL,212,141
27,DEL,213,158
27,DEL,214,146
27,DEL,215,145
27,DEL,216,155
27,DEL,217,166
27,DEL,218,178
27,DEL,219,184
27,DEL,220,202
27,DEL,221,187
27,DEL,222,200
27,DEL,223,212
27,DEL,224,185
27,DEL,225,208
27,DEL,226,197
27,DEL,227,212
27,DEL,228,197
27,DEL,229,206
27,DEL,230,227
27,DEL,231,196
27,DEL,232,230
27,DEL,233,219
27,DEL,234,229
27,DEL,235,244
27,DEL,236,234
27,DEL,237,252
27,DEL,238,262
27,DEL,239,261
27,DEL,240,256
27,DEL,241,272
27,DEL,242,279
27,DEL,243,278
27,DEL,244,260
27,DEL,245,267
27,DEL,246,279
27,DEL,247,277
27,DEL,248,296
27,DEL,249,289
27,DEL,250,330
27,DEL,251,329
27,DEL,252,280
27,DEL,253,361
27,DEL,254,322
27,DEL,255,336
27,DEL,257,638
27,DEL,259,657
27,DEL,261,687
27,DEL,263,711
27,DEL,265,779
27,DEL,267,798
27,DEL,269,786
27,DEL,271,822
27,DEL,273,797
27,DEL,275,831
27,DEL,277,916
27,DEL,279,870
27,DEL,281,895
27,DEL,283,860
27,DEL,285,909
27,DEL,287,980
27,DEL,289,974
27,DEL,291,1020
27,DEL,293,1015
27,DEL,295,943
27,DEL,297,1035
27,DEL,299,1072
27,DEL,301,1001
27,DEL,303,1027
27,DEL,305,1001
27,DEL,307,1047
27,DEL,309,1103
27,DEL,311,1139
27,DEL,313,1069
27,DEL,315,1169
27,DEL,317,1020
27,DEL,319,1095
27,DEL,321,1095
27,DEL,323,1091
27,DEL,325,1147
27,DEL,327,1173
27,DEL,329,1117
27,DEL,331,1219
27,DEL,333,1132
27,DEL,335,1141
27,DEL,337,1171
27,DEL,339,1158
27,DEL,341,1114
27,DEL,343,1234
27,DEL,345,1210
27,DEL,347,1202
27,DEL,349,1188
27,DEL,351,1190
27,DEL,353,1192
27,DEL,355,1175
27,DEL,357,1222
27,DEL,359,1170
27,DEL,361,1188
27,DEL,363,1208
27,DEL,365,1179
27,DEL,367,1264
27,DEL,369,1241
27,DEL,371,1266
27,DEL,373,1272
27,DEL,375,1269
27,DEL,377,1236
27,DEL,379,1247
27,DEL,381,1179
27,DEL,383,1232
27,DEL,385,1219
27,DEL,387,1189
27,DEL,389,1217
27,DEL,391,1265
27,DEL,393,1152
27,DEL,395,1188
27,DEL,397,1171
27,DEL,399,1162
27,DEL,401,1225
27,DEL,403,1199
27,DEL,405,1180
27,DEL,407,1139
27,DEL,409,1122
27,DEL,411,1133
27,DEL,413,1113
27,DEL,415,1123
27,DEL,417,1127
27,DEL,419,1070
27,DEL,421,1080
27,DEL,423,1120
27,DEL,425,1115
27,DEL,427,1094
27,DEL,429,1038
27,DEL,431,1005
27,DEL,433,1019
27,DEL,435,1048
27,DEL,437,1017
27,DEL,439,987
27,DEL,441,1007
27,DEL,443,991
27,DEL,445,947
27,DEL,447,918
27,DEL,449,885
27,DEL,451,891
27,DEL,453,858
27,DEL,455,897
27,DEL,457,835
27,DEL,459,855
27,DEL,461,822
27,DEL,463,822
27,DEL,465,804
27,DEL,467,760
27,DEL,469,686
27,DEL,471,732
27,DEL,473,720
27,DEL,475,669
27,DEL,477,686
27,DEL,479,647
27,DEL,481,632
27,DEL,483,580
27,DEL,485,617
27,DEL,487,607
27,DEL,489,587
27,DEL,491,613
27,DEL,493,541
27,DEL,495,584
27,DEL,497,536
27,DEL,499,580
27,DEL,501,485
27,DEL,503,514
27,DEL,505,478
27,DEL,507,534
27,DEL,509,482
27,DEL,511,467
27,DEL,515,906
27,DEL,519,849
27,DEL,523,858
27,DEL,527,767
27,DEL,531,748
27,DEL,535,752
27,DEL,539,670
27,DEL,543,622
27,DEL,547,673
27,DEL,551,586
27,DEL,555,542
27,DEL,559,527
27,DEL,563,476
27,DEL,567,491
27,DEL,571,426
27,DEL,575,409
27,DEL,579,350
27,DEL,583,352
27,DEL,587,354
27,DEL,591,316
27,DEL,595,287
27,DEL,599,267
27,DEL,603,289
27,DEL,607,274
27,DEL,611,254
27,DEL,615,208
27,DEL,619,222
27,DEL,623,169
27,DEL,627,193
27,DEL,631,166
27,DEL,635,159
27,DEL,639,113
27,DEL,643,136
27,DEL,647,130
27,DEL,651,111
27,DEL,655,100
27,DEL,659,94
27,DEL,663,93
27,DEL,667,94
27,DEL,671,80
27,DEL,675,62
27,DEL,679,59
27,DEL,683,41
27,DEL,687,55
27,DEL,691,40
27,DEL,695,45
27,DEL,699,47
27,DEL,703,30
27,DEL,707,23
27,DEL,711,24
27,DEL,715,35
27,DEL,719,24
27,DEL,723,13
27,DEL,727,12
27,DEL,731,13
27,DEL,735,16
27,DEL,739,13
27,DEL,743,10
27,DEL,747,11
27,DEL,751,13
27,DEL,755,10
27,DEL,759,7
27,DEL,763,4
27,DEL,767,3
27,DEL,771,5
27,DEL,775,6
27,DEL,779,2
27,DEL,783,2
27,DEL,787,3
27,DEL,791,3
27,DEL,795,6
27,DEL,799,3
27,DEL,803,2
27,DEL,807,2
27,DEL,811,3
27,DEL,815,3
27,DEL,819,1
27,DEL,823,2
27,DEL,831,3
27,DEL,835,3
27,DEL,839,1
27,DEL,843,2
27,DEL,851,2
27,DEL,855,2
27,DEL,859,1
27,DEL,883,2
27,DEL,887,2
27,DEL,895,1
27,DEL,923,1
27,DEL,955,1
27,DEL,999,1
27,DEL,1015,1
27,DEL,1047,1
27,DEL,1167,1
27,DEL,1175,1
27,DEL,1319,1
27,DEL,1407,2
27,DEL,1431,1
27,DEL,1439,1
27,DEL,1455,1
27,DEL,1463,1
27,DEL,1519,1
27,DEL,1527,1
27,DEL,1567,1
27,DEL,1575,1
27,DEL,1583,1
27,DEL,1607,2
27,DEL,1615,1
27,DEL,1703,1
27,DEL,1719,1
27,DEL,1727,2
27,DEL,1799,1
27,DEL,1903,1
27,DEL,1927,1
27,DEL,2127,1
27,DEL,2207,1
27,DEL,2431,1
27,DEL,2639,1
27,DEL,52735,1
27,DEL,55551,1
27,DEL,58879,1
27,DEL,60927,1
27,DEL,62719,1
27,SET,97,1
27,SET,101,1
27,SET,105,1
27,SET,107,1
27,SET,109,1
27,SET,110,2
27,SET,111,2
27,SET,113,2
27,SET,116,1
27,SET,117,2
27,SET,118,4
27,SET,119,3
27,SET,120,3
27,SET,122,3
27,SET,123,4
27,SET,124,5
27,SET,125,3
27,SET,126,2
27,SET,127,1
27,SET,128,5
27,SET,129,7
27,SET,130,3
27,SET,131,6
27,SET,132,2
27,SET,133,9
27,SET,134,8
27,SET,135,3
27,SET,136,4
27,SET,137,2
27,SET,138,4
27,SET,139,6
27,SET,140,6
27,SET,141,2
27,SET,142,6
27,SET,143,9
27,SET,144,6
27,SET,145,4
27,SET,146,6
27,SET,147,5
27,SET,148,11
27,SET,149,4
27,SET,150,5
27,SET,151,4
27,SET,152,8
27,SET,153,6
27,SET,154,5
27,SET,155,14
27,SET,156,4
27,SET,157,3
27,SET,158,4
27,SET,159,13
27,SET,160,8
27,SET,161,13
27,SET,162,13
27,SET,163,9
27,SET,164,4
27,SET,165,5
27,SET,166,8
27,SET,167,8
27,SET,168,8
27,SET,169,11
27,SET,170,13
27,SET,171,11
27,SET,172,9
27,SET,173,17
27,SET,174,13
27,SET,175,8
27,SET,176,11
27,SET,177,10
27,SET,178,11
27,SET,179,11
27,SET,180,15
27,SET,181,17
27,SET,182,19
27,SET,183,17
27,SET,184,11
27,SET,185,11
27,SET,186,16
27,SET,187,15
27,SET,188,11
27,SET,189,20
27,SET,190,20
27,SET,191,21
27,SET,192,21
27,SET,193,22
27,SET,194,23
27,SET,195,26
27,SET,196,11
27,SET,197,15
27,SET,198,28
27,SET,199,18
27,SET,200,25
27,SET,201,16
27,SET,202,19
27,SET,203,25
27,SET,204,21
27,SET,205,29
27,SET,206,24
27,SET,207,33
27,SET,208,25
27,SET,209,28
27,SET,210,32
27,SET,211,35
27,SET,212,30
27,SET,213,23
27,SET,214,29
27,SET,215,37
27,SET,216,32
27,SET,217,27
27,SET,218,30
27,SET,219,29
27,SET,220,36
27,SET,221,39
27,SET,222,36
27,SET,223,41
27,SET,224,40
27,SET,225,37
27,SET,226,54
27,SET,227,39
27,SET,228,39
27,SET,229,36
27,SET,230,42
27,SET,231,40
27,SET,232,41
27,SET,233,44
27,SET,234,49
27,SET,235,45
27,SET,236,46
27,SET,237,50
27,SET,238,47
27,SET,239,44
27,SET,240,45
27,SET,241,65
27,SET,242,56
27,SET,243,56
27,SET,244,43
27,SET,245,62
27,SET,246,53
27,SET,247,46
27,SET,248,57
27,SET,249,52
27,SET,250,65
27,SET,251,58
27,SET,252,60
27,SET,253,73
27,SET,254,62
27,SET,255,66
27,SET,257,148
27,SET,259,140
27,SET,261,164
27,SET,263,139
27,SET,265,137
27,SET,267,165
27,SET,269,169
27,SET,271,190
27,SET,273,175
27,SET,275,140
27,SET,277,169
27,SET,279,182
27,SET,281,208
27,SET,283,189
27,SET,285,182
27,SET,287,210
27,SET,289,194
27,SET,291,210
27,SET,293,173
27,SET,295,215
27,SET,297,195
27,SET,299,232
27,SET,301,201
27,SET,303,183
27,SET,305,211
27,SET,307,226
27,SET,309,198
27,SET,311,217
27,SET,313,199
27,SET,315,221
27,SET,317,229
27,SET,319,225
27,SET,321,212
27,SET,323,231
27,SET,325,224
27,SET,327,216
27,SET,329,219
27,SET,331,271
27,SET,333,236
27,SET,335,235
27,SET,337,210
27,SET,339,232
27,SET,341,229
27,SET,343,250
27,SET,345,247
27,SET,347,236
27,SET,349,246
27,SET,351,227
27,SET,353,232
27,SET,355,244
27,SET,357,265
27,SET,359,277
27,SET,361,260
27,SET,363,223
27,SET,365,231
27,SET,367,258
27,SET,369,239
27,SET,371,260
27,SET,373,254
27,SET,375,254
27,SET,377,235
27,SET,379,235
27,SET,381,260
27,SET,383,228
27,SET,385,251
27,SET,387,244
27,SET,389,238
27,SET,391,229
27,SET,393,238
27,SET,395,247
27,SET,397,251
27,SET,399,266
27,SET,401,251
27,SET,403,236
27,SET,405,251
27,SET,407,238
27,SET,409,269
27,SET,411,236
27,SET,413,238
27,SET,415,252
27,SET,417,244
27,SET,419,215
27,SET,421,240
27,SET,423,226
27,SET,425,204
27,SET,427,213
27,SET,429,213
27,SET,431,204
27,SET,433,178
27,SET,435,185
27,SET,437,176
27,SET,439,196
27,SET,441,188
27,SET,443,194
27,SET,445,168
27,SET,447,186
27,SET,449,169
27,SET,451,175
27,SET,453,167
27,SET,455,167
27,SET,457,166
27,SET,459,163
27,SET,461,156
27,SET,463,149
27,SET,465,137
27,SET,467,157
27,SET,469,159
27,SET,471,123
27,SET,473,135
27,SET,475,132
27,SET,477,138
27,SET,479,111
27,SET,481,137
27,SET,483,134
27,SET,485,118
27,SET,487,135
27,SET,489,115
27,SET,491,125
27,SET,493,117
27,SET,495,134
27,SET,497,112
27,SET,499,105
27,SET,501,111
27,SET,503,96
27,SET,505,94
27,SET,507,112
27,SET,509,95
27,SET,511,100
27,SET,515,181
27,SET,519,151
27,SET,523,148
27,SET,527,172
27,SET,531,164
27,SET,535,149
27,SET,539,154
27,SET,543,134
27,SET,547,120
27,SET,551,110
27,SET,555,133
27,SET,559,93
27,SET,563,96
27,SET,567,95
27,SET,571,102
27,SET,575,101
27,SET,579,80
27,SET,583,69
27,SET,587,59
27,SET,591,77
27,SET,595,65
27,SET,599,62
27,SET,603,51
27,SET,607,46
27,SET,611,44
27,SET,615,44
27,SET,619,50
27,SET,623,45
27,SET,627,38
27,SET,631,33
27,SET,635,41
27,SET,639,25
27,SET,643,26
27,SET,647,25
27,SET,651,24
27,SET,655,22
27,SET,659,20
27,SET,663,20
27,SET,667,17
27,SET,671,14
27,SET,675,15
27,SET,679,16
27,SET,683,7
27,SET,687,10
27,SET,691,2
27,SET,695,10
27,SET,699,6
27,SET,703,12
27,SET,707,3
27,SET,711,4
27,SET,715,5
27,SET,719,7
27,SET,723,6
27,SET,727,7
27,SET,731,4
27,SET,735,3
27,SET,739,4
27,SET,743,4
27,SET,755,3
27,SET,759,1
27,SET,771,2
27,SET,775,1
27,SET,779,1
27,SET,787,1
27,SET,791,1
27,SET,803,1
27,SET,807,1
27,SET,811,1
27,SET,815,1
27,SET,947,1
27,SET,1127,1
27,SET,1135,1
27,SET,1447,1
27,SET,1455,1
27,SET,1663,1
27,SET,1927,1
27,SET,1943,1
27,SET,2527,1
27,SET,56063,1
27,SET,58367,2
27,GET,91,1
27,GET,92,1
27,GET,94,2
27,GET,95,4
27,GET,96,3
27,GET,97,4
27,GET,98,6
27,GET,99,7
27,GET,100,3
27,GET,101,10
27,GET,102,7
27,GET,103,9
27,GET,104,12
27,GET,105,12
27,GET,106,11
27,GET,107,12
27,GET,108,13
27,GET,109,16
27,GET,110,15
27,GET,111,19
27,GET,112,16
27,GET,113,16
27,GET,114,23
27,GET,115,35
27,GET,116,28
27,GET,117,36
27,GET,118,29
27,GET,119,35
27,GET,120,33
27,GET,121,39
27,GET,122,46
27,GET,123,30
27,GET,124,40
27,GET,125,48
27,GET,126,53
27,GET,127,48
27,GET,128,32
27,GET,129,45
27,GET,130,56
27,GET,131,40
27,GET,132,60
27,GET,133,59
27,GET,134,59
27,GET,135,53
27,GET,136,58
27,GET,137,64
27,GET,138,73
27,GET,139,55
27,GET,140,46
27,GET,141,78
27,GET,142,68
27,GET,143,62
27,GET,144,77
27,GET,145,87
27,GET,146,79
27,GET,147,74
27,GET,148,94
27,GET,149,86
27,GET,150,79
27,GET,151,90
27,GET,152,95
27,GET,153,100
27,GET,154,108
27,GET,155,104
27,GET,156,125
27,GET,157,109
27,GET,158,88
27,GET,159,100
27,GET,160,116
27,GET,161,126
27,GET,162,106
27,GET,163,134
27,GET,164,121
27,GET,165,108
27,GET,166,123
27,GET,167,122
27,GET,168,136
27,GET,169,151
27,GET,170,155
27,GET,171,160
27,GET,172,176
27,GET,173,173
27,GET,174,184
27,GET,175,158
27,GET,176,174
27,GET,177,142
27,GET,178,182
27,GET,179,168
27,GET,180,177
27,GET,181,220
27,GET,182,219
27,GET,183,183
27,GET,184,213
27,GET,185,247
27,GET,186,222
27,GET,187,224
27,GET,188,234
27,GET,189,238
27,GET,190,263
27,GET,191,260
27,GET,192,294
27,GET,193,271
27,GET,194,283
27,GET,195,308
27,GET,196,293
27,GET,197,304
27,GET,198,321
27,GET,199,312
27,GET,200,340
27,GET,201,345
27,GET,202,364
27,GET,203,362
27,GET,204,384
27,GET,205,357
27,GET,206,393
27,GET,207,404
27,GET,208,384
27,GET,209,414
27,GET,210,391
27,GET,211,396
27,GET,212,455
27,GET,213,464
27,GET,214,432
27,GET,215,477
27,GET,216,455
27,GET,217,472
27,GET,218,504
27,GET,219,522
27,GET,220,553
27,GET,221,524
27,GET,222,554
27,GET,223,532
27,GET,224,585
27,GET,225,588
27,GET,226,562
27,GET,227,563
27,GET,228,631
27,GET,229,661
27,GET,230,581
27,GET,231,662
27,GET,232,618
27,GET,233,623
27,GET,234,678
27,GET,235,708
27,GET,236,676
27,GET,237,703
27,GET,238,690
27,GET,239,721
27,GET,240,720
27,GET,241,810
27,GET,242,810
27,GET,243,758
27,GET,244,759
27,GET,245,813
27,GET,246,801
27,GET,247,828
27,GET,248,811
27,GET,249,845
27,GET,250,836
27,GET,251,904
27,GET,252,875
27,GET,253,887
27,GET,254,947
27,GET,255,954
27,GET,257,1990
27,GET,259,1991
27,GET,261,1994
27,GET,263,2041
27,GET,265,2099
27,GET,267,2125
27,GET,269,2312
27,GET,271,2340
27,GET,273,2279
27,GET,275,2383
27,GET,277,2377
27,GET,279,2463
27,GET,281,2516
27,GET,283,2600
27,GET,285,2533
27,GET,287,2570
27,GET,289,2729
27,GET,291,2796
27,GET,293,2780
27,GET,295,2820
27,GET,297,2979
27,GET,299,2824
27,GET,301,2838
27,GET,303,2878
27,GET,305,3116
27,GET,307,3037
27,GET,309,2898
27,GET,311,3003
27,GET,313,2927
27,GET,315,3099
27,GET,317,3086
27,GET,319,3102
27,GET,321,3283
27,GET,323,3187
27,GET,325,3094
27,GET,327,3319
27,GET,329,3173
27,GET,331,3256
27,GET,333,3182
27,GET,335,3234
27,GET,337,3309
27,GET,339,3300
27,GET,341,3322
27,GET,343,3406
27,GET,345,3298
27,GET,347,3244
27,GET,349,3328
27,GET,351,3460
27,GET,353,3355
27,GET,355,3486
27,GET,357,3475
27,GET,359,3424
27,GET,361,3430
27,GET,363,3373
27,GET,365,3351
27,GET,367,3479
27,GET,369,3428
27,GET,371,3472
27,GET,373,3398
27,GET,375,3412
27,GET,377,3349
27,GET,379,3433
27,GET,381,3411
27,GET,383,3386
27,GET,385,3452
27,GET,387,3415
27,GET,389,3487
27,GET,391,3427
27,GET,393,3387
27,GET,395,3401
27,GET,397,3453
27,GET,399,3253
27,GET,401,3329
27,GET,403,3316
27,GET,405,3255
27,GET,407,3251
27,GET,409,3235
27,GET,411,3088
27,GET,413,3286
27,GET,415,3204
27,GET,417,3151
27,GET,419,3111
27,GET,421,3148
27,GET,423,3114
27,GET,425,2917
27,GET,427,2999
27,GET,429,2929
27,GET,431,2881
27,GET,433,2776
27,GET,435,2736
27,GET,437,2727
27,GET,439,2640
27,GET,441,2702
27,GET,443,2667
27,GET,445,2457
27,GET,447,2546
27,GET,449,2515
27,GET,451,2504
27,GET,453,2454
27,GET,455,2470
27,GET,457,2333
27,GET,459,2267
27,GET,461,2201
27,GET,463,2256
27,GET,465,2123
27,GET,467,2116
27,GET,469,2060
27,GET,471,1923
27,GET,473,1999
27,GET,475,1996
27,GET,477,1954
27,GET,479,1804
27,GET,481,1829
27,GET,483,1747
27,GET,485,1752
27,GET,487,1675
27,GET,489,1542
27,GET,491,1599
27,GET,493,1542
27,GET,495,1556
27,GET,497,1528
27,GET,499,1382
27,GET,501,1477
27,GET,503,1446
27,GET,505,1345
27,GET,507,1322
27,GET,509,1380
27,GET,511,1267
27,GET,515,2521
27,GET,519,2304
27,GET,523,2280
27,GET,527,2162
27,GET,531,2083
27,GET,535,1853
27,GET,539,1871
27,GET,543,1745
27,GET,547,1654
27,GET,551,1667
27,GET,555,1500
27,GET,559,1411
27,GET,563,1328
27,GET,567,1341
27,GET,571,1233
27,GET,575,1165
27,GET,579,1093
27,GET,583,1028
27,GET,587,972
27,GET,591,908
27,GET,595,925
27,GET,599,827
27,GET,603,758
27,GET,607,746
27,GET,611,740
27,GET,615,657
27,GET,619,566
27,GET,623,514
27,GET,627,525
27,GET,631,424
27,GET,635,403
27,GET,639,379
27,GET,643,342
27,GET,647,306
27,GET,651,255
27,GET,655,240
27,GET,659,244
27,GET,663,235
27,GET,667,201
27,GET,671,173
27,GET,675,172
27,GET,679,168
27,GET,683,140
27,GET,687,124
27,GET,691,118
27,GET,695,101
27,GET,699,96
27,GET,703,88
27,GET,707,63
27,GET,711,60
27,GET,715,65
27,GET,719,51
27,GET,723,52
27,GET,727,49
27,GET,731,36
27,GET,735,33
27,GET,739,43
27,GET,743,29
27,GET,747,26
27,GET,751,18
27,GET,755,23
27,GET,759,23
27,GET,763,16
27,GET,767,18
27,GET,771,8
27,GET,775,15
27,GET,779,16
27,GET,783,8
27,GET,787,13
27,GET,791,10
27,GET,795,6
27,GET,799,7
27,GET,803,4
27,GET,807,7
27,GET,811,8
27,GET,815,8
27,GET,819,4
27,GET,823,5
27,GET,827,3
27,GET,831,5
27,GET,835,5
27,GET,839,3
27,GET,843,3
27,GET,847,1
27,GET,851,3
27,GET,859,3
27,GET,863,2
27,GET,867,1
27,GET,871,3
27,GET,875,1
27,GET,879,1
27,GET,883,2
27,GET,887,2
27,GET,895,2
27,GET,911,2
27,GET,919,1
27,GET,923,1
27,GET,927,1
27,GET,931,3
27,GET,935,1
27,GET,939,1
27,GET,947,1
27,GET,971,1
27,GET,1003,1
27,GET,1011,1
27,GET,1039,1
27,GET,1063,1
27,GET,1079,1
27,GET,1095,2
27,GET,1119,1
27,GET,1151,1
27,GET,1183,1
27,GET,1207,1
27,GET,1223,1
27,GET,1311,2
27,GET,1319,2
27,GET,1327,1
27,GET,1391,1
27,GET,1399,1
27,GET,1415,1
27,GET,1431,2
27,GET,1463,2
27,GET,1479,1
27,GET,1495,1
27,GET,1503,2
27,GET,1519,2
27,GET,1527,2
27,GET,1559,2
27,GET,1567,2
27,GET,1583,1
27,GET,1599,1
27,GET,1607,1
27,GET,1615,1
27,GET,1631,1
27,GET,1647,3
27,GET,1655,1
27,GET,1663,2
27,GET,1679,1
27,GET,1703,1
27,GET,1711,1
27,GET,1719,3
27,GET,1727,1
27,GET,1743,1
27,GET,1751,1
27,GET,1759,1
27,GET,1791,1
27,GET,1799,1
27,GET,1831,2
27,GET,1871,2
27,GET,1959,1
27,GET,1975,1
27,GET,1983,1
27,GET,2007,2
27,GET,2015,1
27,GET,2039,1
27,GET,2127,3
27,GET,2175,1
27,GET,2207,1
27,GET,2223,1
27,GET,2239,1
27,GET,2271,1
27,GET,2303,1
27,GET,2367,1
27,GET,2383,1
27,GET,2399,1
27,GET,2463,1
27,GET,2543,1
27,GET,2559,2
27,GET,2639,1
27,GET,2799,1
27,GET,4383,1
27,GET,52735,1
27,GET,53759,1
27,GET,54783,1
27,GET,56063,1
27,GET,59391,1
27,GET,60671,1
27,GET,63743,1
27,GET,68095,1
28,GET,91,1
28,GET,92,1
28,GET,93,2
28,GET,94,1
28,GET,96,2
28,GET,97,3
28,GET,98,5
28,GET,99,2
28,GET,100,9
28,GET,101,6
28,GET,102,5
28,GET,103,11
28,GET,104,4
28,GET,105,8
28,GET,106,7
28,GET,107,14
28,GET,108,15
28,GET,109,18
28,GET,110,14
28,GET,111,20
28,GET,112,21
28,GET,113,15
28,GET,114,20
28,GET,115,26
28,GET,116,19
28,GET,117,29
28,GET,118,24
28,GET,119,35
28,GET,120,30
28,GET,121,25
28,GET,122,28
28,GET,123,40
28,GET,124,31
28,GET,125,51
28,GET,126,39
28,GET,127,52
28,GET,128,51
28,GET,129,46
28,GET,130,47
28,GET,131,50
28,GET,132,37
28,GET,133,58
28,GET,134,66
28,GET,135,49
28,GET,136,79
28,GET,137,56
28,GET,138,59
28,GET,139,69
28,GET,140,71
28,GET,141,82
28,GET,142,77
28,GET,143,72
28,GET,144,69
28,GET,145,90
28,GET,146,86
28,GET,147,81
28,GET,148,80
28,GET,149,93
28,GET,150,107
28,GET,151,85
28,GET,152,84
28,GET,153,92
28,GET,154,87
28,GET,155,104
28,GET,156,101
28,GET,157,104
28,GET,158,93
28,GET,159,110
28,GET,160,83
28,GET,161,121
28,GET,162,104
28,GET,163,116
28,GET,164,113
28,GET,165,117
28,GET,166,132
28,GET,167,136
28,GET,168,142
28,GET,169,156
28,GET,170,140
28,GET,171,150
28,GET,172,158
28,GET,173,142
28,GET,174,164
28,GET,175,183
28,GET,176,168
28,GET,177,168
28,GET,178,154
28,GET,179,187
28,GET,180,193
28,GET,181,196
28,GET,182,171
28,GET,183,196
28,GET,184,199
28,GET,185,206
28,GET,186,233
28,GET,187,237
28,GET,188,245
28,GET,189,259
28,GET,190,235
28,GET,191,267
28,GET,192,216
28,GET,193,292
28,GET,194,286
28,GET,195,281
28,GET,196,298
28,GET,197,291
28,GET,198,294
28,GET,199,314
28,GET,200,326
28,GET,201,291
28,GET,202,369
28,GET,203,341
28,GET,204,364
28,GET,205,380
28,GET,206,391
28,GET,207,381
28,GET,208,387
28,GET,209,374
28,GET,210,391
28,GET,211,407
28,GET,212,414
28,GET,213,469
28,GET,214,469
28,GET,215,499
28,GET,216,490
28,GET,217,471
28,GET,218,490
28,GET,219,516
28,GET,220,503
28,GET,221,517
28,GET,222,546
28,GET,223,569
28,GET,224,530
28,GET,225,566
28,GET,226,560
28,GET,227,574
28,GET,228,600
28,GET,229,602
28,GET,230,628
28,GET,231,626
28,GET,232,628
28,GET,233,626
28,GET,234,700
28,GET,235,691
28,GET,236,679
28,GET,237,663
28,GET,238,704
28,GET,239,710
28,GET,240,745
28,GET,241,750
28,GET,242,777
28,GET,243,756
28,GET,244,735
28,GET,245,797
28,GET,246,749
28,GET,247,785
28,GET,248,795
28,GET,249,820
28,GET,250,853
28,GET,251,916
28,GET,252,891
28,GET,253,922
28,GET,254,865
28,GET,255,964
28,GET,257,1917
28,GET,259,1971
28,GET,261,1925
28,GET,263,2004
28,GET,265,1984
28,GET,267,2122
28,GET,269,2342
28,GET,271,2186
28,GET,273,2264
28,GET,275,2312
28,GET,277,2342
28,GET,279,2376
28,GET,281,2490
28,GET,283,2488
28,GET,285,2601
28,GET,287,2621
28,GET,289,2660
28,GET,291,2752
28,GET,293,2737
28,GET,295,2824
28,GET,297,2748
28,GET,299,2815
28,GET,301,2729
28,GET,303,2863
28,GET,305,2973
28,GET,307,2887
28,GET,309,2870
28,GET,311,2902
28,GET,313,2957
28,GET,315,3029
28,GET,317,3005
28,GET,319,3146
28,GET,321,3089
28,GET,323,3187
28,GET,325,3201
28,GET,327,3234
28,GET,329,3218
28,GET,331,3340
28,GET,333,3276
28,GET,335,3158
28,GET,337,3249
28,GET,339,3185
28,GET,341,3350
28,GET,343,3320
28,GET,345,3484
28,GET,347,3399
28,GET,349,3305
28,GET,351,3228
28,GET,353,3427
28,GET,355,3423
28,GET,357,3365
28,GET,359,3460
28,GET,361,3392
28,GET,363,3441
28,GET,365,3404
28,GET,367,3417
28,GET,369,3442
28,GET,371,3432
28,GET,373,3390
28,GET,375,3324
28,GET,377,3394
28,GET,379,3429
28,GET,381,3455
28,GET,383,3406
28,GET,385,3409
28,GET,387,3416
28,GET,389,3439
28,GET,391,3388
28,GET,393,3339
28,GET,395,3334
28,GET,397,3306
28,GET,399,3420
28,GET,401,3205
28,GET,403,3314
28,GET,405,3273
28,GET,407,3224
28,GET,409,3209
28,GET,411,3208
28,GET,413,3180
28,GET,415,3213
28,GET,417,3214
28,GET,419,3079
28,GET,421,3103
28,GET,423,3021
28,GET,425,3074
28,GET,427,2953
28,GET,429,3038
28,GET,431,2898
28,GET,433,2818
28,GET,435,2844
28,GET,437,2775
28,GET,439,2801
28,GET,441,2715
28,GET,443,2677
28,GET,445,2642
28,GET,447,2604
28,GET,449,2613
28,GET,451,2491
28,GET,453,2419
28,GET,455,2330
28,GET,457,2233
28,GET,459,2243
28,GET,461,2249
28,GET,463,2216
28,GET,465,2199
28,GET,467,2125
28,GET,469,2041
28,GET,471,2032
28,GET,473,2076
28,GET,475,1980
28,GET,477,1947
28,GET,479,1928
28,GET,481,1848
28,GET,483,1866
28,GET,485,1758
28,GET,487,1763
28,GET,489,1662
28,GET,491,1689
28,GET,493,1554
28,GET,495,1583
28,GET,497,1521
28,GET,499,1493
28,GET,501,1451
28,GET,503,1428
28,GET,505,1385
28,GET,507,1345
28,GET,509,1344
28,GET,511,1332
28,GET,515,2483
28,GET,519,2427
28,GET,523,2307
28,GET,527,2147
28,GET,531,2130
28,GET,535,1926
28,GET,539,1865
28,GET,543,1825
28,GET,547,1773
28,GET,551,1604
28,GET,555,1559
28,GET,559,1427
28,GET,563,1471
28,GET,567,1266
28,GET,571,1261
28,GET,575,1139
28,GET,579,1111
28,GET,583,1068
28,GET,587,1011
28,GET,591,899
28,GET,595,897
28,GET,599,796
28,GET,603,810
28,GET,607,715
28,GET,611,669
28,GET,615,635
28,GET,619,553
28,GET,623,560
28,GET,627,523
28,GET,631,466
28,GET,635,442
28,GET,639,413
28,GET,643,346
28,GET,647,327
28,GET,651,293
28,GET,655,265
28,GET,659,275
28,GET,663,244
28,GET,667,211
28,GET,671,175
28,GET,675,180
28,GET,679,151
28,GET,683,156
28,GET,687,135
28,GET,691,106
28,GET,695,91
28,GET,699,87
28,GET,703,90
28,GET,707,89
28,GET,711,92
28,GET,715,80
28,GET,719,54
28,GET,723,58
28,GET,727,43
28,GET,731,45
28,GET,735,46
28,GET,739,39
28,GET,743,25
28,GET,747,24
28,GET,751,31
28,GET,755,31
28,GET,759,15
28,GET,763,20
28,GET,767,18
28,GET,771,17
28,GET,775,10
28,GET,779,10
28,GET,783,15
28,GET,787,17
28,GET,791,13
28,GET,795,9
28,GET,799,4
28,GET,803,13
28,GET,807,4
28,GET,811,8
28,GET,815,9
28,GET,819,9
28,GET,823,6
28,GET,827,4
28,GET,831,3
28,GET,835,5
28,GET,839,5
28,GET,843,7
28,GET,847,4
28,GET,851,2
28,GET,855,1
28,GET,859,3
28,GET,863,4
28,GET,867,3
28,GET,871,2
28,GET,875,2
28,GET,879,3
28,GET,883,1
28,GET,887,4
28,GET,891,1
28,GET,895,1
28,GET,899,2
28,GET,903,1
28,GET,911,2
28,GET,919,2
28,GET,923,1
28,GET,927,1
28,GET,931,1
28,GET,935,2
28,GET,939,1
28,GET,943,2
28,GET,955,1
28,GET,959,3
28,GET,963,1
28,GET,971,1
28,GET,991,1
28,GET,1023,1
28,GET,1039,1
28,GET,1055,1
28,GET,1111,1
28,GET,1119,1
28,GET,1135,2
28,GET,1143,1
28,GET,1151,1
28,GET,1175,1
28,GET,1183,1
28,GET,1199,2
28,GET,1231,1
28,GET,1239,1
28,GET,1287,2
28,GET,1383,1
28,GET,1391,1
28,GET,1407,1
28,GET,1415,1
28,GET,1431,1
28,GET,1439,3
28,GET,1447,4
28,GET,1455,1
28,GET,1463,2
28,GET,1471,2
28,GET,1487,1
28,GET,1503,1
28,GET,1511,2
28,GET,1519,1
28,GET,1551,1
28,GET,1559,1
28,GET,1583,2
28,GET,1599,2
28,GET,1607,3
28,GET,1615,1
28,GET,1623,1
28,GET,1647,1
28,GET,1655,1
28,GET,1663,1
28,GET,1679,2
28,GET,1687,1
28,GET,1695,1
28,GET,1703,1
28,GET,1711,1
28,GET,1719,1
28,GET,1727,2
28,GET,1735,3
28,GET,1743,1
28,GET,1759,1
28,GET,1775,1
28,GET,1791,1
28,GET,1807,1
28,GET,1831,3
28,GET,1847,1
28,GET,1855,2
28,GET,1863,1
28,GET,1887,1
28,GET,1903,2
28,GET,1919,1
28,GET,1935,1
28,GET,1943,1
28,GET,1951,1
28,GET,2015,2
28,GET,2023,2
28,GET,2047,2
28,GET,2063,1
28,GET,2111,1
28,GET,2127,3
28,GET,2175,1
28,GET,2207,1
28,GET,2271,1
28,GET,2351,1
28,GET,2447,1
28,GET,2735,1
28,GET,3215,1
28,GET,3855,1
28,GET,52991,3
28,GET,54271,1
28,GET,57599,1
28,GET,57855,1
28,GET,59135,1
28,GET,59647,1
28,GET,60159,1
28,GET,60671,1
28,GET,63231,1
28,GET,64511,1
28,SET,106,1
28,SET,108,1
28,SET,110,1
28,SET,111,2
28,SET,112,1
28,SET,113,2
28,SET,114,2
28,SET,115,1
28,SET,116,1
28,SET,118,1
28,SET,119,2
28,SET,120,1
28,SET,121,3
28,SET,122,4
28,SET,124,2
28,SET,125,4
28,SET,126,3
28,SET,127,2
28,SET,128,3
28,SET,129,5
28,SET,130,5
28,SET,131,7
28,SET,132,6
28,SET,133,5
28,SET,134,3
28,SET,135,2
28,SET,136,5
28,SET,137,2
28,SET,138,8
28,SET,139,6
28,SET,140,4
28,SET,141,1
28,SET,142,8
28,SET,143,6
28,SET,144,7
28,SET,145,4
28,SET,146,3
28,SET,147,3
28,SET,148,3
28,SET,149,4
28,SET,150,4
28,SET,151,4
28,SET,152,10
28,SET,153,8
28,SET,154,9
28,SET,155,12
28,SET,156,3
28,SET,157,5
28,SET,158,7
28,SET,159,9
28,SET,160,8
28,SET,161,7
28,SET,162,11
28,SET,163,6
28,SET,164,8
28,SET,165,3
28,SET,166,8
28,SET,167,11
28,SET,168,7
28,SET,169,9
28,SET,170,13
28,SET,171,11
28,SET,172,10
28,SET,173,12
28,SET,174,12
28,SET,175,6
28,SET,176,11
28,SET,177,8
28,SET,178,15
28,SET,179,6
28,SET,180,9
28,SET,181,14
28,SET,182,12
28,SET,183,5
28,SET,184,8
28,SET,185,12
28,SET,186,18
28,SET,187,17
28,SET,188,13
28,SET,189,20
28,SET,190,15
28,SET,191,22
28,SET,192,18
28,SET,193,15
28,SET,194,24
28,SET,195,17
28,SET,196,28
28,SET,197,24
28,SET,198,17
28,SET,199,22
28,SET,200,28
28,SET,201,27
28,SET,202,18
28,SET,203,28
28,SET,204,31
28,SET,205,34
28,SET,206,27
28,SET,207,22
28,SET,208,23
28,SET,209,32
28,SET,210,29
28,SET,211,32
28,SET,212,32
28,SET,213,15
28,SET,214,29
28,SET,215,22
28,SET,216,39
28,SET,217,36
28,SET,218,27
28,SET,219,33
28,SET,220,31
28,SET,221,39
28,SET,222,29
28,SET,223,35
28,SET,224,40
28,SET,225,35
28,SET,226,35
28,SET,227,51
28,SET,228,43
28,SET,229,37
28,SET,230,38
28,SET,231,51
28,SET,232,41
28,SET,233,51
28,SET,234,44
28,SET,235,49
28,SET,236,47
28,SET,237,63
28,SET,238,58
28,SET,239,46
28,SET,240,48
28,SET,241,59
28,SET,242,57
28,SET,243,53
28,SET,244,48
28,SET,245,51
28,SET,246,42
28,SET,247,62
28,SET,248,61
28,SET,249,50
28,SET,250,56
28,SET,251,56
28,SET,252,62
28,SET,253,55
28,SET,254,60
28,SET,255,63
28,SET,257,143
28,SET,259,110
28,SET,261,127
28,SET,263,158
28,SET,265,136
28,SET,267,140
28,SET,269,163
28,SET,271,143
28,SET,273,200
28,SET,275,182
28,SET,277,172
28,SET,279,154
28,SET,281,178
28,SET,283,171
28,SET,285,208
28,SET,287,194
28,SET,289,202
28,SET,291,193
28,SET,293,192
28,SET,295,190
28,SET,297,205
28,SET,299,198
28,SET,301,197
28,SET,303,208
28,SET,305,198
28,SET,307,206
28,SET,309,203
28,SET,311,211
28,SET,313,213
28,SET,315,224
28,SET,317,238
28,SET,319,226
28,SET,321,224
28,SET,323,231
28,SET,325,213
28,SET,327,224
28,SET,329,230
28,SET,331,232
28,SET,333,231
28,SET,335,216
28,SET,337,220
28,SET,339,230
28,SET,341,265
28,SET,343,206
28,SET,345,254
28,SET,347,211
28,SET,349,227
28,SET,351,249
28,SET,353,248
28,SET,355,250
28,SET,357,206
28,SET,359,250
28,SET,361,273
28,SET,363,233
28,SET,365,263
28,SET,367,257
28,SET,369,211
28,SET,371,259
28,SET,373,246
28,SET,375,250
28,SET,377,227
28,SET,379,258
28,SET,381,229
28,SET,383,228
28,SET,385,268
28,SET,387,225
28,SET,389,245
28,SET,391,251
28,SET,393,228
28,SET,395,253
28,SET,397,242
28,SET,399,247
28,SET,401,247
28,SET,403,234
28,SET,405,239
28,SET,407,231
28,SET,409,213
28,SET,411,217
28,SET,413,232
28,SET,415,231
28,SET,417,236
28,SET,419,215
28,SET,421,215
28,SET,423,251
28,SET,425,200
28,SET,427,224
28,SET,429,201
28,SET,431,219
28,SET,433,191
28,SET,435,215
28,SET,437,181
28,SET,439,196
28,SET,441,205
28,SET,443,197
28,SET,445,162
28,SET,447,158
28,SET,449,187
28,SET,451,205
28,SET,453,172
28,SET,455,191
28,SET,457,159
28,SET,459,184
28,SET,461,151
28,SET,463,179
28,SET,465,150
28,SET,467,156
28,SET,469,169
28,SET,471,147
28,SET,473,130
28,SET,475,139
28,SET,477,128
28,SET,479,140
28,SET,481,131
28,SET,483,139
28,SET,485,131
28,SET,487,124
28,SET,489,135
28,SET,491,116
28,SET,493,105
28,SET,495,104
28,SET,497,101
28,SET,499,108
28,SET,501,104
28,SET,503,116
28,SET,505,104
28,SET,507,95
28,SET,509,101
28,SET,511,101
28,SET,515,192
28,SET,519,190
28,SET,523,190
28,SET,527,160
28,SET,531,145
28,SET,535,149
28,SET,539,129
28,SET,543,147
28,SET,547,109
28,SET,551,108
28,SET,555,112
28,SET,559,100
28,SET,563,105
28,SET,567,90
28,SET,571,93
28,SET,575,108
28,SET,579,81
28,SET,583,80
28,SET,587,76
28,SET,591,65
28,SET,595,54
28,SET,599,57
28,SET,603,57
28,SET,607,44
28,SET,611,55
28,SET,615,58
28,SET,619,48
28,SET,623,39
28,SET,627,47
28,SET,631,35
28,SET,635,30
28,SET,639,32
28,SET,643,25
28,SET,647,29
28,SET,651,24
28,SET,655,28
28,SET,659,18
28,SET,663,10
28,SET,667,18
28,SET,671,13
28,SET,675,16
28,SET,679,10
28,SET,683,14
28,SET,687,10
28,SET,691,8
28,SET,695,9
28,SET,699,4
28,SET,703,11
28,SET,707,1
28,SET,711,7
28,SET,715,4
28,SET,719,7
28,SET,723,6
28,SET,727,2
28,SET,731,7
28,SET,735,1
28,SET,739,2
28,SET,743,1
28,SET,747,3
28,SET,751,2
28,SET,755,1
28,SET,759,1
28,SET,763,1
28,SET,767,1
28,SET,771,2
28,SET,775,2
28,SET,791,1
28,SET,795,2
28,SET,803,2
28,SET,811,1
28,SET,819,1
28,SET,851,1
28,SET,919,1
28,SET,939,1
28,SET,967,1
28,SET,991,1
28,SET,1111,1
28,SET,1871,1
28,SET,59391,1
28,DEL,96,2
28,DEL,97,2
28,DEL,98,2
28,DEL,99,2
28,DEL,100,1
28,DEL,101,1
28,DEL,102,3
28,DEL,103,2
28,DEL,104,4
28,DEL,105,3
28,DEL,106,3
28,DEL,107,2
28,DEL,108,3
28,DEL,109,3
28,DEL,110,5
28,DEL,111,4
28,DEL,112,6
28,DEL,113,4
28,DEL,114,9
28,DEL,115,8
28,DEL,116,10
28,DEL,117,7
28,DEL,118,15
28,DEL,119,5
28,DEL,120,6
28,DEL,121,9
28,DEL,122,10
28,DEL,123,3
28,DEL,124,12
28,DEL,125,9
28,DEL,126,12
28,DEL,127,15
28,DEL,128,19
28,DEL,129,15
28,DEL,130,21
28,DEL,131,22
28,DEL,132,26
28,DEL,133,22
28,DEL,134,16
28,DEL,135,20
28,DEL,136,29
28,DEL,137,22
28,DEL,138,17
28,DEL,139,19
28,DEL,140,21
28,DEL,141,27
28,DEL,142,18
28,DEL,143,25
28,DEL,144,24
28,DEL,145,26
28,DEL,146,22
28,DEL,147,37
28,DEL,148,35
28,DEL,149,29
28,DEL,150,29
28,DEL,151,31
28,DEL,152,31
28,DEL,153,27
28,DEL,154,42
28,DEL,155,32
28,DEL,156,27
28,DEL,157,46
28,DEL,158,35
28,DEL,159,33
28,DEL,160,34
28,DEL,161,32
28,DEL,162,36
28,DEL,163,40
28,DEL,164,39
28,DEL,165,41
28,DEL,166,56
28,DEL,167,46
28,DEL,168,45
28,DEL,169,50
28,DEL,170,43
28,DEL,171,44
28,DEL,172,45
28,DEL,173,58
28,DEL,174,61
28,DEL,175,50
28,DEL,176,53
28,DEL,177,57
28,DEL,178,71
28,DEL,179,69
28,DEL,180,78
28,DEL,181,73
28,DEL,182,70
28,DEL,183,60
28,DEL,184,78
28,DEL,185,82
28,DEL,186,96
28,DEL,187,106
28,DEL,188,84
28,DEL,189,83
28,DEL,190,86
28,DEL,191,85
28,DEL,192,88
28,DEL,193,93
28,DEL,194,78
28,DEL,195,109
28,DEL,196,104
28,DEL,197,95
28,DEL,198,111
28,DEL,199,94
28,DEL,200,101
28,DEL,201,129
28,DEL,202,115
28,DEL,203,129
28,DEL,204,144
28,DEL,205,133
28,DEL,206,123
28,DEL,207,137
28,DEL,208,146
28,DEL,209,148
28,DEL,210,133
28,DEL,211,149
28,DEL,212,148
28,DEL,213,156
28,DEL,214,126
28,DEL,215,146
28,DEL,216,153
28,DEL,217,157
28,DEL,218,176
28,DEL,219,192
28,DEL,220,155
28,DEL,221,176
28,DEL,222,202
28,DEL,223,201
28,DEL,224,187
28,DEL,225,195
28,DEL,226,206
28,DEL,227,232
28,DEL,228,189
28,DEL,229,184
28,DEL,230,219
28,DEL,231,226
28,DEL,232,208
28,DEL,233,235
28,DEL,234,238
28,DEL,235,263
28,DEL,236,245
28,DEL,237,241
28,DEL,238,262
28,DEL,239,257
28,DEL,240,239
28,DEL,241,231
28,DEL,242,257
28,DEL,243,265
28,DEL,244,267
28,DEL,245,292
28,DEL,246,273
28,DEL,247,301
28,DEL,248,294
28,DEL,249,298
28,DEL,250,300
28,DEL,251,312
28,DEL,252,336
28,DEL,253,333
28,DEL,254,344
28,DEL,255,296
28,DEL,257,637
28,DEL,259,663
28,DEL,261,652
28,DEL,263,682
28,DEL,265,751
28,DEL,267,773
28,DEL,269,757
28,DEL,271,773
28,DEL,273,790
28,DEL,275,839
28,DEL,277,789
28,DEL,279,831
28,DEL,281,898
28,DEL,283,909
28,DEL,285,917
28,DEL,287,875
28,DEL,289,944
28,DEL,291,997
28,DEL,293,1037
28,DEL,295,957
28,DEL,297,966
28,DEL,299,1002
28,DEL,301,993
28,DEL,303,1019
28,DEL,305,1025
28,DEL,307,1033
28,DEL,309,1057
28,DEL,311,1084
28,DEL,313,1113
28,DEL,315,1092
28,DEL,317,1107
28,DEL,319,1087
28,DEL,321,1161
28,DEL,323,1126
28,DEL,325,1168
28,DEL,327,1128
28,DEL,329,1152
28,DEL,331,1121
28,DEL,333,1144
28,DEL,335,1165
28,DEL,337,1127
28,DEL,339,1171
28,DEL,341,1202
28,DEL,343,1157
28,DEL,345,1276
28,DEL,347,1244
28,DEL,349,1135
28,DEL,351,1230
28,DEL,353,1258
28,DEL,355,1193
28,DEL,357,1200
28,DEL,359,1206
28,DEL,361,1190
28,DEL,363,1186
28,DEL,365,1187
28,DEL,367,1201
28,DEL,369,1220
28,DEL,371,1254
28,DEL,373,1261
28,DEL,375,1288
28,DEL,377,1208
28,DEL,379,1218
28,DEL,381,1204
28,DEL,383,1246
28,DEL,385,1233
28,DEL,387,1198
28,DEL,389,1271
28,DEL,391,1208
28,DEL,393,1248
28,DEL,395,1209
28,DEL,397,1212
28,DEL,399,1221
28,DEL,401,1173
28,DEL,403,1140
28,DEL,405,1205
28,DEL,407,1220
28,DEL,409,1192
28,DEL,411,1202
28,DEL,413,1160
28,DEL,415,1149
28,DEL,417,1138
28,DEL,419,1106
28,DEL,421,1118
28,DEL,423,1095
28,DEL,425,1089
28,DEL,427,1098
28,DEL,429,1084
28,DEL,431,1056
28,DEL,433,1061
28,DEL,435,1004
28,DEL,437,954
28,DEL,439,941
28,DEL,441,982
28,DEL,443,1007
28,DEL,445,946
28,DEL,447,929
28,DEL,449,909
28,DEL,451,878
28,DEL,453,922
28,DEL,455,855
28,DEL,457,810
28,DEL,459,860
28,DEL,461,794
28,DEL,463,856
28,DEL,465,808
28,DEL,467,789
28,DEL,469,746
28,DEL,471,768
28,DEL,473,772
28,DEL,475,735
28,DEL,477,754
28,DEL,479,720
28,DEL,481,702
28,DEL,483,644
28,DEL,485,602
28,DEL,487,599
28,DEL,489,640
28,DEL,491,611
28,DEL,493,584
28,DEL,495,566
28,DEL,497,576
28,DEL,499,573
28,DEL,501,530
28,DEL,503,523
28,DEL,505,557
28,DEL,507,486
28,DEL,509,501
28,DEL,511,469
28,DEL,515,931
28,DEL,519,915
28,DEL,523,891
28,DEL,527,807
28,DEL,531,765
28,DEL,535,707
28,DEL,539,702
28,DEL,543,608
28,DEL,547,616
28,DEL,551,535
28,DEL,555,557
28,DEL,559,575
28,DEL,563,485
28,DEL,567,490
28,DEL,571,437
28,DEL,575,425
28,DEL,579,412
28,DEL,583,373
28,DEL,587,313
28,DEL,591,350
28,DEL,595,342
28,DEL,599,318
28,DEL,603,288
28,DEL,607,273
28,DEL,611,264
28,DEL,615,239
28,DEL,619,206
28,DEL,623,189
28,DEL,627,219
28,DEL,631,191
28,DEL,635,166
28,DEL,639,166
28,DEL,643,121
28,DEL,647,117
28,DEL,651,130
28,DEL,655,89
28,DEL,659,94
28,DEL,663,69
28,DEL,667,79
28,DEL,671,78
28,DEL,675,70
28,DEL,679,74
28,DEL,683,58
28,DEL,687,47
28,DEL,691,47
28,DEL,695,38
28,DEL,699,26
28,DEL,703,42
28,DEL,707,34
28,DEL,711,26
28,DEL,715,15
28,DEL,719,20
28,DEL,723,24
28,DEL,727,20
28,DEL,731,22
28,DEL,735,11
28,DEL,739,18
28,DEL,743,6
28,DEL,747,16
28,DEL,751,7
28,DEL,755,8
28,DEL,759,7
28,DEL,763,8
28,DEL,767,6
28,DEL,771,7
28,DEL,775,8
28,DEL,779,4
28,DEL,783,2
28,DEL,787,1
28,DEL,791,1
28,DEL,795,1
28,DEL,799,1
28,DEL,803,5
28,DEL,807,4
28,DEL,811,1
28,DEL,815,2
28,DEL,819,1
28,DEL,823,4
28,DEL,831,2
28,DEL,839,1
28,DEL,847,2
28,DEL,851,1
28,DEL,855,1
28,DEL,859,1
28,DEL,871,1
28,DEL,899,1
28,DEL,903,1
28,DEL,907,3
28,DEL,919,2
28,DEL,923,1
28,DEL,939,2
28,DEL,975,1
28,DEL,1103,1
28,DEL,1159,1
28,DEL,1279,1
28,DEL,1383,1
28,DEL,1447,1
28,DEL,1471,3
28,DEL,1503,1
28,DEL,1511,1
28,DEL,1559,1
28,DEL,1615,1
28,DEL,1623,2
28,DEL,1631,1
28,DEL,1655,1
28,DEL,1743,1
28,DEL,1759,1
28,DEL,1807,1
28,DEL,1815,1
28,DEL,1839,1
28,DEL,1847,1
28,DEL,1855,1
28,DEL,1927,1
28,DEL,1935,1
28,DEL,1943,1
28,DEL,1951,1
28,DEL,2039,1
28,DEL,2047,1
28,DEL,2063,1
28,DEL,2079,1
28,DEL,2111,1
28,DEL,2143,1
28,DEL,2287,1
28,DEL,2351,1
28,DEL,2463,1
28,DEL,3343,1
28,DEL,58111,1
28,DEL,60927,1
28,DEL,65279,1
29,SET,99,1
29,SET,101,1
29,SET,104,1
29,SET,105,2
29,SET,106,2
29,SET,108,1
29,SET,110,1
29,SET,112,1
29,SET,113,1
29,SET,115,3
29,SET,116,1
29,SET,118,1
29,SET,119,1
29,SET,120,3
29,SET,121,2
29,SET,122,1
29,SET,123,2
29,SET,124,6
29,SET,125,3
29,SET,126,3
29,SET,127,2
29,SET,128,5
29,SET,129,2
29,SET,130,5
29,SET,131,7
29,SET,132,7
29,SET,133,4
29,SET,134,2
29,SET,135,2
29,SET,136,4
29,SET,137,3
29,SET,138,2
29,SET,139,4
29,SET,140,7
29,SET,141,3
29,SET,142,5
29,SET,143,6
29,SET,144,4
29,SET,145,12
29,SET,146,1
29,SET,147,3
29,SET,148,2
29,SET,149,9
29,SET,150,6
29,SET,151,9
29,SET,152,4
29,SET,153,10
29,SET,154,5
29,SET,155,7
29,SET,156,11
29,SET,157,9
29,SET,158,5
29,SET,159,4
29,SET,160,7
29,SET,161,8
29,SET,162,11
29,SET,163,10
29,SET,164,7
29,SET,165,6
29,SET,166,8
29,SET,167,12
29,SET,168,13
29,SET,169,18
29,SET,170,6
29,SET,171,9
29,SET,172,15
29,SET,173,7
29,SET,174,13
29,SET,175,19
29,SET,176,7
29,SET,177,18
29,SET,178,12
29,SET,179,6
29,SET,180,17
29,SET,181,14
29,SET,182,11
29,SET,183,17
29,SET,184,12
29,SET,185,13
29,SET,186,19
29,SET,187,11
29,SET,188,11
29,SET,189,7
29,SET,190,18
29,SET,191,13
29,SET,192,30
29,SET,193,18
29,SET,194,22
29,SET,195,26
29,SET,196,16
29,SET,197,22
29,SET,198,21
29,SET,199,25
29,SET,200,18
29,SET,201,19
29,SET,202,20
29,SET,203,29
29,SET,204,25
29,SET,205,23
29,SET,206,28
29,SET,207,18
29,SET,208,19
29,SET,209,31
29,SET,210,29
29,SET,211,25
29,SET,212,29
29,SET,213,29
29,SET,214,33
29,SET,215,28
29,SET,216,37
29,SET,217,37
29,SET,218,32
29,SET,219,32
29,SET,220,32
29,SET,221,30
29,SET,222,46
29,SET,223,34
29,SET,224,27
29,SET,225,41
29,SET,226,38
29,SET,227,44
29,SET,228,52
29,SET,229,50
29,SET,230,44
29,SET,231,47
29,SET,232,58
29,SET,233,45
29,SET,234,46
29,SET,235,39
29,SET,236,46
29,SET,237,54
29,SET,238,49
29,SET,239,56
29,SET,240,47
29,SET,241,46
29,SET,242,70
29,SET,243,58
29,SET,244,47
29,SET,245,61
29,SET,246,60
29,SET,247,47
29,SET,248,70
29,SET,249,69
29,SET,250,58
29,SET,251,57
29,SET,252,59
29,SET,253,64
29,SET,254,60
29,SET,255,64
29,SET,257,130
29,SET,259,135
29,SET,261,137
29,SET,263,151
29,SET,265,145
29,SET,267,133
29,SET,269,169
29,SET,271,161
29,SET,273,175
29,SET,275,176
29,SET,277,165
29,SET,279,158
29,SET,281,173
29,SET,283,185
29,SET,285,202
29,SET,287,186
29,SET,289,173
29,SET,291,199
29,SET,293,178
29,SET,295,183
29,SET,297,208
29,SET,299,221
29,SET,301,209
29,SET,303,208
29,SET,305,216
29,SET,307,214
29,SET,309,205
29,SET,311,186
29,SET,313,230
29,SET,315,219
29,SET,317,258
29,SET,319,222
29,SET,321,206
29,SET,323,210
29,SET,325,243
29,SET,327,212
29,SET,329,218
29,SET,331,243
29,SET,333,230
29,SET,335,222
29,SET,337,229
29,SET,339,241
29,SET,341,215
29,SET,343,230
29,SET,345,238
29,SET,347,251
29,SET,349,240
29,SET,351,239
29,SET,353,241
29,SET,355,216
29,SET,357,246
29,SET,359,254
29,SET,361,227
29,SET,363,224
29,SET,365,265
29,SET,367,244
29,SET,369,243
29,SET,371,250
29,SET,373,258
29,SET,375,279
29,SET,377,247
29,SET,379,248
29,SET,381,218
29,SET,383,220
29,SET,385,261
29,SET,387,224
29,SET,389,238
29,SET,391,231
29,SET,393,241
29,SET,395,236
29,SET,397,243
29,SET,399,219
29,SET,401,245
29,SET,403,235
29,SET,405,241
29,SET,407,235
29,SET,409,233
29,SET,411,227
29,SET,413,243
29,SET,415,201
29,SET,417,227
29,SET,419,229
29,SET,421,220
29,SET,423,200
29,SET,425,241
29,SET,427,219
29,SET,429,216
29,SET,431,197
29,SET,433,221
29,SET,435,196
29,SET,437,210
29,SET,439,177
29,SET,441,211
29,SET,443,191
29,SET,445,192
29,SET,447,173
29,SET,449,178
29,SET,451,195
29,SET,453,204
29,SET,455,176
29,SET,457,172
29,SET,459,179
29,SET,461,154
29,SET,463,174
29,SET,465,144
29,SET,467,170
29,SET,469,163
29,SET,471,139
29,SET,473,154
29,SET,475,141
29,SET,477,146
29,SET,479,123
29,SET,481,158
29,SET,483,117
29,SET,485,126
29,SET,487,121
29,SET,489,131
29,SET,491,136
29,SET,493,115
29,SET,495,117
29,SET,497,114
29,SET,499,128
29,SET,501,111
29,SET,503,98
29,SET,505,102
29,SET,507,92
29,SET,509,100
29,SET,511,77
29,SET,515,213
29,SET,519,170
29,SET,523,168
29,SET,527,162
29,SET,531,149
29,SET,535,127
29,SET,539,117
29,SET,543,145
29,SET,547,122
29,SET,551,112
29,SET,555,105
29,SET,559,109
29,SET,563,99
29,SET,567,109
29,SET,571,112
29,SET,575,81
29,SET,579,87
29,SET,583,68
29,SET,587,57
29,SET,591,67
29,SET,595,80
29,SET,599,68
29,SET,603,52
29,SET,607,68
29,SET,611,35
29,SET,615,53
29,SET,619,40
29,SET,623,36
29,SET,627,30
29,SET,631,38
29,SET,635,40
29,SET,639,23
29,SET,643,30
29,SET,647,20
29,SET,651,31
29,SET,655,18
29,SET,659,24
29,SET,663,19
29,SET,667,15
29,SET,671,13
29,SET,675,10
29,SET,679,12
29,SET,683,7
29,SET,687,11
29,SET,691,8
29,SET,695,5
29,SET,699,8
29,SET,703,4
29,SET,707,6
29,SET,711,4
29,SET,715,5
29,SET,719,4
29,SET,723,4
29,SET,727,6
29,SET,731,6
29,SET,735,2
29,SET,739,4
29,SET,751,3
29,SET,755,2
29,SET,759,4
29,SET,771,1
29,SET,775,1
29,SET,779,2
29,SET,783,1
29,SET,787,2
29,SET,799,1
29,SET,807,1
29,SET,811,1
29,SET,835,1
29,SET,843,1
29,SET,847,1
29,SET,851,1
29,SET,859,1
29,SET,899,1
29,SET,1455,1
29,SET,1479,1
29,SET,1535,1
29,SET,1575,1
29,SET,1719,1
29,SET,1799,1
29,SET,1855,1
29,SET,1903,1
29,SET,2039,2
29,SET,62463,1
29,DEL,97,1
29,DEL,98,2
29,DEL,99,2
29,DEL,100,2
29,DEL,101,4
29,DEL,103,2
29,DEL,104,3
29,DEL,105,6
29,DEL,106,5
29,DEL,107,7
29,DEL,108,5
29,DEL,109,1
29,DEL,110,3
29,DEL,111,1
29,DEL,112,12
29,DEL,113,2
29,DEL,114,3
29,DEL,115,6
29,DEL,116,6
29,DEL,117,9
29,DEL,118,7
29,DEL,119,13
29,DEL,120,12
29,DEL,121,15
29,DEL,122,16
29,DEL,123,13
29,DEL,124,9
29,DEL,125,13
29,DEL,126,16
29,DEL,127,12
29,DEL,128,21
29,DEL,129,14
29,DEL,130,15
29,DEL,131,19
29,DEL,132,23
29,DEL,133,12
29,DEL,134,14
29,DEL,135,24
29,DEL,136,24
29,DEL,137,15
29,DEL,138,23
29,DEL,139,21
29,DEL,140,25
29,DEL,141,23
29,DEL,142,37
29,DEL,143,22
29,DEL,144,23
29,DEL,145,24
29,DEL,146,27
29,DEL,147,28
29,DEL,148,26
29,DEL,149,29
29,DEL,150,34
29,DEL,151,36
29,DEL,152,31
29,DEL,153,37
29,DEL,154,41
29,DEL,155,33
29,DEL,156,35
29,DEL,157,33
29,DEL,158,30
29,DEL,159,34
29,DEL,160,29
29,DEL,161,43
29,DEL,162,42
29,DEL,163,43
29,DEL,164,36
29,DEL,165,35
29,DEL,166,50
29,DEL,167,37
29,DEL,168,43
29,DEL,169,42
29,DEL,170,55
29,DEL,171,58
29,DEL,172,69
29,DEL,173,46
29,DEL,174,53
29,DEL,175,63
29,DEL,176,62
29,DEL,177,61
29,DEL,178,67
29,DEL,179,66
29,DEL,180,70
29,DEL,181,77
29,DEL,182,74
29,DEL,183,78
29,DEL,184,66
29,DEL,185,84
29,DEL,186,76
29,DEL,187,71
29,DEL,188,89
29,DEL,189,64
29,DEL,190,77
29,DEL,191,73
29,DEL,192,97
29,DEL,193,111
29,DEL,194,89
29,DEL,195,93
29,DEL,196,106
29,DEL,197,101
29,DEL,198,113
29,DEL,199,132
29,DEL,200,131
29,DEL,201,101
29,DEL,202,125
29,DEL,203,122
29,DEL,204,127
29,DEL,205,110
29,DEL,206,140
29,DEL,207,144
29,DEL,208,139
29,DEL,209,151
29,DEL,210,123
29,DEL,211,144
29,DEL,212,133
29,DEL,213,156
29,DEL,214,163
29,DEL,215,160
29,DEL,216,178
29,DEL,217,167
29,DEL,218,168
29,DEL,219,176
29,DEL,220,163
29,DEL,221,203
29,DEL,222,196
29,DEL,223,188
29,DEL,224,194
29,DEL,225,199
29,DEL,226,203
29,DEL,227,235
29,DEL,228,219
29,DEL,229,205
29,DEL,230,219
29,DEL,231,216
29,DEL,232,223
29,DEL,233,255
29,DEL,234,231
29,DEL,235,251
29,DEL,236,260
29,DEL,237,240
29,DEL,238,264
29,DEL,239,243
29,DEL,240,255
29,DEL,241,239
29,DEL,242,258
29,DEL,243,280
29,DEL,244,265
29,DEL,245,288
29,DEL,246,247
29,DEL,247,289
29,DEL,248,323
29,DEL,249,308
29,DEL,250,312
29,DEL,251,285
29,DEL,252,318
29,DEL,253,281
29,DEL,254,328
29,DEL,255,321
29,DEL,257,705
29,DEL,259,661
29,DEL,261,709
29,DEL,263,731
29,DEL,265,780
29,DEL,267,766
29,DEL,269,822
29,DEL,271,811
29,DEL,273,847
29,DEL,275,862
29,DEL,277,847
29,DEL,279,824
29,DEL,281,866
29,DEL,283,923
29,DEL,285,861
29,DEL,287,862
29,DEL,289,941
29,DEL,291,917
29,DEL,293,920
29,DEL,295,931
29,DEL,297,972
29,DEL,299,1035
29,DEL,301,1075
29,DEL,303,1009
29,DEL,305,1003
29,DEL,307,1061
29,DEL,309,1054
29,DEL,311,1035
29,DEL,313,1084
29,DEL,315,1077
29,DEL,317,1157
29,DEL,319,1090
29,DEL,321,1132
29,DEL,323,1071
29,DEL,325,1123
29,DEL,327,1172
29,DEL,329,1101
29,DEL,331,1144
29,DEL,333,1140
29,DEL,335,1111
29,DEL,337,1198
29,DEL,339,1150
29,DEL,341,1152
29,DEL,343,1195
29,DEL,345,1116
29,DEL,347,1232
29,DEL,349,1238
29,DEL,351,1182
29,DEL,353,1149
29,DEL,355,1268
29,DEL,357,1180
29,DEL,359,1199
29,DEL,361,1223
29,DEL,363,1196
29,DEL,365,1246
29,DEL,367,1225
29,DEL,369,1248
29,DEL,371,1266
29,DEL,373,1239
29,DEL,375,1258
29,DEL,377,1247
29,DEL,379,1267
29,DEL,381,1179
29,DEL,383,1308
29,DEL,385,1174
29,DEL,387,1176
29,DEL,389,1231
29,DEL,391,1222
29,DEL,393,1238
29,DEL,395,1143
29,DEL,397,1221
29,DEL,399,1154
29,DEL,401,1179
29,DEL,403,1188
29,DEL,405,1175
29,DEL,407,1153
29,DEL,409,1151
29,DEL,411,1157
29,DEL,413,1172
29,DEL,415,1065
29,DEL,417,1177
29,DEL,419,1121
29,DEL,421,1040
29,DEL,423,1100
29,DEL,425,1100
29,DEL,427,1097
29,DEL,429,1078
29,DEL,431,1022
29,DEL,433,993
29,DEL,435,987
29,DEL,437,950
29,DEL,439,1007
29,DEL,441,952
29,DEL,443,953
29,DEL,445,952
29,DEL,447,926
29,DEL,449,924
29,DEL,451,860
29,DEL,453,956
29,DEL,455,881
29,DEL,457,858
29,DEL,459,808
29,DEL,461,801
29,DEL,463,781
29,DEL,465,831
29,DEL,467,779
29,DEL,469,762
29,DEL,471,724
29,DEL,473,708
29,DEL,475,692
29,DEL,477,701
29,DEL,479,678
29,DEL,481,661
29,DEL,483,638
29,DEL,485,629
29,DEL,487,601
29,DEL,489,594
29,DEL,491,586
29,DEL,493,567
29,DEL,495,581
29,DEL,497,602
29,DEL,499,549
29,DEL,501,522
29,DEL,503,483
29,DEL,505,475
29,DEL,507,467
29,DEL,509,523
29,DEL,511,472
29,DEL,515,907
29,DEL,519,841
29,DEL,523,833
29,DEL,527,750
29,DEL,531,762
29,DEL,535,712
29,DEL,539,696
29,DEL,543,664
29,DEL,547,605
29,DEL,551,560
29,DEL,555,530
29,DEL,559,513
29,DEL,563,498
29,DEL,567,449
29,DEL,571,423
29,DEL,575,428
29,DEL,579,366
29,DEL,583,377
29,DEL,587,343
29,DEL,591,328
29,DEL,595,318
29,DEL,599,277
29,DEL,603,281
29,DEL,607,256
29,DEL,611,263
29,DEL,615,247
29,DEL,619,209
29,DEL,623,190
29,DEL,627,177
29,DEL,631,165
29,DEL,635,148
29,DEL,639,144
29,DEL,643,137
29,DEL,647,129
29,DEL,651,115
29,DEL,655,79
29,DEL,659,91
29,DEL,663,80
29,DEL,667,70
29,DEL,671,63
29,DEL,675,59
29,DEL,679,61
29,DEL,683,57
29,DEL,687,38
29,DEL,691,61
29,DEL,695,44
29,DEL,699,32
29,DEL,703,39
29,DEL,707,27
29,DEL,711,29
29,DEL,715,34
29,DEL,719,25
29,DEL,723,18
29,DEL,727,17
29,DEL,731,16
29,DEL,735,13
29,DEL,739,15
29,DEL,743,7
29,DEL,747,10
29,DEL,751,5
29,DEL,755,8
29,DEL,759,8
29,DEL,763,7
29,DEL,767,8
29,DEL,771,3
29,DEL,775,6
29,DEL,779,5
29,DEL,783,5
29,DEL,787,5
29,DEL,791,7
29,DEL,799,7
29,DEL,803,4
29,DEL,807,1
29,DEL,811,5
29,DEL,815,3
29,DEL,819,1
29,DEL,823,2
29,DEL,827,2
29,DEL,831,1
29,DEL,835,2
29,DEL,843,1
29,DEL,847,1
29,DEL,851,1
29,DEL,871,1
29,DEL,875,1
29,DEL,879,1
29,DEL,883,1
29,DEL,895,1
29,DEL,899,1
29,DEL,907,1
29,DEL,915,1
29,DEL,943,1
29,DEL,967,1
29,DEL,1019,1
29,DEL,1031,1
29,DEL,1055,1
29,DEL,1271,1
29,DEL,1391,1
29,DEL,1439,1
29,DEL,1479,1
29,DEL,1495,1
29,DEL,1503,1
29,DEL,1535,1
29,DEL,1559,1
29,DEL,1671,1
29,DEL,1679,1
29,DEL,1735,1
29,DEL,1743,1
29,DEL,1775,1
29,DEL,1791,1
29,DEL,1807,1
29,DEL,1871,1
29,DEL,1895,1
29,DEL,1951,1
29,DEL,2079,1
29,DEL,2111,2
29,DEL,2207,1
29,DEL,2335,1
29,DEL,2431,1
29,DEL,2495,1
29,DEL,56063,2
29,DEL,58879,1
29,DEL,64255,1
29,GET,87,2
29,GET,91,1
29,GET,92,3
29,GET,93,1
29,GET,94,2
29,GET,95,1
29,GET,96,5
29,GET,97,3
29,GET,98,4
29,GET,99,2
29,GET,100,2
29,GET,101,3
29,GET,102,9
29,GET,103,7
29,GET,104,6
29,GET,105,13
29,GET,106,13
29,GET,107,18
29,GET,108,11
29,GET,109,14
29,GET,110,17
29,GET,111,16
29,GET,112,21
29,GET,113,23
29,GET,114,16
29,GET,115,17
29,GET,116,26
29,GET,117,19
29,GET,118,27
29,GET,119,17
29,GET,120,29
29,GET,121,40
29,GET,122,32
29,GET,123,41
29,GET,124,33
29,GET,125,42
29,GET,126,43
29,GET,127,51
29,GET,128,47
29,GET,129,50
29,GET,130,33
29,GET,131,39
29,GET,132,52
29,GET,133,52
29,GET,134,68
29,GET,135,61
29,GET,136,55
29,GET,137,77
29,GET,138,63
29,GET,139,48
29,GET,140,73
29,GET,141,59
29,GET,142,66
29,GET,143,74
29,GET,144,67
29,GET,145,74
29,GET,146,92
29,GET,147,84
29,GET,148,82
29,GET,149,63
29,GET,150,86
29,GET,151,77
29,GET,152,95
29,GET,153,90
29,GET,154,83
29,GET,155,90
29,GET,156,106
29,GET,157,98
29,GET,158,113
29,GET,159,95
29,GET,160,103
29,GET,161,108
29,GET,162,106
29,GET,163,136
29,GET,164,130
29,GET,165,107
29,GET,166,129
29,GET,167,142
29,GET,168,141
29,GET,169,134
29,GET,170,135
29,GET,171,136
29,GET,172,147
29,GET,173,161
29,GET,174,152
29,GET,175,168
29,GET,176,161
29,GET,177,158
29,GET,178,182
29,GET,179,168
29,GET,180,190
29,GET,181,201
29,GET,182,184
29,GET,183,236
29,GET,184,247
29,GET,185,196
29,GET,186,218
29,GET,187,259
29,GET,188,243
29,GET,189,244
29,GET,190,255
29,GET,191,256
29,GET,192,243
29,GET,193,287
29,GET,194,290
29,GET,195,286
29,GET,196,297
29,GET,197,325
29,GET,198,303
29,GET,199,311
29,GET,200,299
29,GET,201,344
29,GET,202,366
29,GET,203,355
29,GET,204,344
29,GET,205,386
29,GET,206,377
29,GET,207,403
29,GET,208,412
29,GET,209,408
29,GET,210,375
29,GET,211,399
29,GET,212,393
29,GET,213,464
29,GET,214,442
29,GET,215,472
29,GET,216,445
29,GET,217,464
29,GET,218,495
29,GET,219,478
29,GET,220,470
29,GET,221,537
29,GET,222,575
29,GET,223,519
29,GET,224,570
29,GET,225,551
29,GET,226,553
29,GET,227,551
29,GET,228,626
29,GET,229,580
29,GET,230,705
29,GET,231,634
29,GET,232,664
29,GET,233,637
29,GET,234,648
29,GET,235,697
29,GET,236,674
29,GET,237,750
29,GET,238,690
29,GET,239,753
29,GET,240,722
29,GET,241,757
29,GET,242,787
29,GET,243,763
29,GET,244,786
29,GET,245,786
29,GET,246,751
29,GET,247,853
29,GET,248,843
29,GET,249,852
29,GET,250,891
29,GET,251,865
29,GET,252,949
29,GET,253,902
29,GET,254,912
29,GET,255,936
29,GET,257,1920
29,GET,259,1999
29,GET,261,2028
29,GET,263,2063
29,GET,265,2120
29,GET,267,2185
29,GET,269,2217
29,GET,271,2387
29,GET,273,2333
29,GET,275,2361
29,GET,277,2421
29,GET,279,2453
29,GET,281,2584
29,GET,283,2526
29,GET,285,2613
29,GET,287,2624
29,GET,289,2560
29,GET,291,2782
29,GET,293,2756
29,GET,295,2797
29,GET,297,2845
29,GET,299,2898
29,GET,301,2819
29,GET,303,2928
29,GET,305,2970
29,GET,307,3062
29,GET,309,3049
29,GET,311,2996
29,GET,313,3024
29,GET,315,2927
29,GET,317,3283
29,GET,319,3067
29,GET,321,3176
29,GET,323,3141
29,GET,325,3295
29,GET,327,3125
29,GET,329,3243
29,GET,331,3262
29,GET,333,3276
29,GET,335,3354
29,GET,337,3281
29,GET,339,3278
29,GET,341,3366
29,GET,343,3351
29,GET,345,3352
29,GET,347,3315
29,GET,349,3342
29,GET,351,3376
29,GET,353,3387
29,GET,355,3342
29,GET,357,3349
29,GET,359,3368
29,GET,361,3354
29,GET,363,3345
29,GET,365,3521
29,GET,367,3375
29,GET,369,3515
29,GET,371,3429
29,GET,373,3564
29,GET,375,3463
29,GET,377,3494
29,GET,379,3441
29,GET,381,3500
29,GET,383,3372
29,GET,385,3479
29,GET,387,3366
29,GET,389,3376
29,GET,391,3439
29,GET,393,3282
29,GET,395,3342
29,GET,397,3447
29,GET,399,3400
29,GET,401,3285
29,GET,403,3279
29,GET,405,3284
29,GET,407,3337
29,GET,409,3133
29,GET,411,3180
29,GET,413,3172
29,GET,415,3210
29,GET,417,3223
29,GET,419,3070
29,GET,421,3185
29,GET,423,2982
29,GET,425,2957
29,GET,427,2990
29,GET,429,2947
29,GET,431,2888
29,GET,433,2775
29,GET,435,2887
29,GET,437,2735
29,GET,439,2754
29,GET,441,2685
29,GET,443,2733
29,GET,445,2673
29,GET,447,2562
29,GET,449,2377
29,GET,451,2531
29,GET,453,2535
29,GET,455,2373
29,GET,457,2391
29,GET,459,2349
29,GET,461,2182
29,GET,463,2223
29,GET,465,2120
29,GET,467,2120
29,GET,469,2072
29,GET,471,1980
29,GET,473,2040
29,GET,475,2007
29,GET,477,1928
29,GET,479,1928
29,GET,481,1833
29,GET,483,1800
29,GET,485,1760
29,GET,487,1725
29,GET,489,1627
29,GET,491,1633
29,GET,493,1573
29,GET,495,1521
29,GET,497,1544
29,GET,499,1504
29,GET,501,1454
29,GET,503,1381
29,GET,505,1320
29,GET,507,1402
29,GET,509,1353
29,GET,511,1233
29,GET,515,2437
29,GET,519,2396
29,GET,523,2232
29,GET,527,2170
29,GET,531,2090
29,GET,535,1856
29,GET,539,1824
29,GET,543,1690
29,GET,547,1720
29,GET,551,1584
29,GET,555,1505
29,GET,559,1391
29,GET,563,1364
29,GET,567,1299
29,GET,571,1287
29,GET,575,1178
29,GET,579,1135
29,GET,583,998
29,GET,587,1027
29,GET,591,905
29,GET,595,808
29,GET,599,794
29,GET,603,744
29,GET,607,693
29,GET,611,694
29,GET,615,607
29,GET,619,573
29,GET,623,537
29,GET,627,507
29,GET,631,460
29,GET,635,410
29,GET,639,384
29,GET,643,342
29,GET,647,309
29,GET,651,300
29,GET,655,269
29,GET,659,269
29,GET,663,236
29,GET,667,212
29,GET,671,190
29,GET,675,185
29,GET,679,143
29,GET,683,152
29,GET,687,123
29,GET,691,123
29,GET,695,89
29,GET,699,122
29,GET,703,87
29,GET,707,85
29,GET,711,57
29,GET,715,64
29,GET,719,63
29,GET,723,52
29,GET,727,45
29,GET,731,41
29,GET,735,43
29,GET,739,37
29,GET,743,32
29,GET,747,32
29,GET,751,19
29,GET,755,25
29,GET,759,23
29,GET,763,17
29,GET,767,18
29,GET,771,10
29,GET,775,15
29,GET,779,11
29,GET,783,10
29,GET,787,10
29,GET,791,3
29,GET,795,8
29,GET,799,6
29,GET,803,11
29,GET,807,5
29,GET,811,6
29,GET,815,2
29,GET,819,2
29,GET,823,5
29,GET,827,7
29,GET,831,3
29,GET,835,3
29,GET,839,3
29,GET,847,2
29,GET,851,2
29,GET,855,4
29,GET,859,2
29,GET,863,3
29,GET,867,4
29,GET,871,1
29,GET,875,4
29,GET,879,3
29,GET,887,2
29,GET,891,2
29,GET,895,1
29,GET,903,1
29,GET,907,1
29,GET,915,1
29,GET,919,1
29,GET,923,1
29,GET,935,1
29,GET,943,1
29,GET,947,1
29,GET,963,1
29,GET,971,1
29,GET,975,1
29,GET,999,1
29,GET,1019,1
29,GET,1031,2
29,GET,1039,1
29,GET,1055,1
29,GET,1071,2
29,GET,1079,2
29,GET,1087,2
29,GET,1111,1
29,GET,1119,1
29,GET,1135,1
29,GET,1175,1
29,GET,1191,1
29,GET,1215,1
29,GET,1287,1
29,GET,1327,1
29,GET,1343,1
29,GET,1359,2
29,GET,1367,2
29,GET,1375,1
29,GET,1391,1
29,GET,1439,1
29,GET,1447,1
29,GET,1463,1
29,GET,1471,1
29,GET,1495,1
29,GET,1503,1
29,GET,1527,3
29,GET,1535,3
29,GET,1543,1
29,GET,1551,2
29,GET,1559,2
29,GET,1599,3
29,GET,1607,2
29,GET,1615,1
29,GET,1631,1
29,GET,1639,2
29,GET,1647,2
29,GET,1655,1
29,GET,1663,1
29,GET,1671,1
29,GET,1703,1
29,GET,1719,4
29,GET,1727,1
29,GET,1743,1
29,GET,1751,2
29,GET,1767,1
29,GET,1775,2
29,GET,1783,3
29,GET,1799,1
29,GET,1807,2
29,GET,1831,3
29,GET,1855,1
29,GET,1871,2
29,GET,1879,1
29,GET,1895,1
29,GET,1911,2
29,GET,1919,2
29,GET,1951,1
29,GET,1967,1
29,GET,1983,1
29,GET,2015,1
29,GET,2023,1
29,GET,2031,1
29,GET,2039,1
29,GET,2047,2
29,GET,2063,3
29,GET,2111,1
29,GET,2175,1
29,GET,2239,1
29,GET,2271,1
29,GET,2351,1
29,GET,2543,3
29,GET,2559,1
29,GET,2575,1
29,GET,2623,1
29,GET,2703,1
29,GET,3199,1
29,GET,3711,1
29,GET,55039,1
29,GET,56319,1
29,GET,57343,1
29,GET,57855,1
29,GET,58879,1
29,GET,59135,1
29,GET,60159,3
29,GET,60671,1
29,GET,63231,1
30,DEL,99,1
30,DEL,101,1
30,DEL,102,2
30,DEL,103,4
30,DEL,104,3
30,DEL,105,3
30,DEL,106,5
30,DEL,107,7
30,DEL,108,3
30,DEL,109,5
30,DEL,110,4
30,DEL,111,3
30,DEL,112,5
30,DEL,113,8
30,DEL,114,7
30,DEL,115,6
30,DEL,116,8
30,DEL,117,14
30,DEL,118,12
30,DEL,119,15
30,DEL,120,15
30,DEL,121,16
30,DEL,122,9
30,DEL,123,12
30,DEL,124,22
30,DEL,125,21
30,DEL,126,24
30,DEL,127,21
30,DEL,128,19
30,DEL,129,16
30,DEL,130,19
30,DEL,131,32
30,DEL,132,36
30,DEL,133,35
30,DEL,134,36
30,DEL,135,34
30,DEL,136,24
30,DEL,137,33
30,DEL,138,33
30,DEL,139,37
30,DEL,140,36
30,DEL,141,50
30,DEL,142,50
30,DEL,143,51
30,DEL,144,37
30,DEL,145,43
30,DEL,146,39
30,DEL,147,61
30,DEL,148,44
30,DEL,149,47
30,DEL,150,58
30,DEL,151,60
30,DEL,152,74
30,DEL,153,60
30,DEL,154,69
30,DEL,155,48
30,DEL,156,72
30,DEL,157,67
30,DEL,158,66
30,DEL,159,62
30,DEL,160,61
30,DEL,161,72
30,DEL,162,86
30,DEL,163,65
30,DEL,164,68
30,DEL,165,81
30,DEL,166,86
30,DEL,167,80
30,DEL,168,72
30,DEL,169,93
30,DEL,170,82
30,DEL,171,83
30,DEL,172,92
30,DEL,173,90
30,DEL,174,94
30,DEL,175,91
30,DEL,176,112
30,DEL,177,101
30,DEL,178,95
30,DEL,179,104
30,DEL,180,101
30,DEL,181,107
30,DEL,182,106
30,DEL,183,106
30,DEL,184,97
30,DEL,185,113
30,DEL,186,72
30,DEL,187,101
30,DEL,188,111
30,DEL,189,110
30,DEL,190,83
30,DEL,191,123
30,DEL,192,110
30,DEL,193,115
30,DEL,194,115
30,DEL,195,109
30,DEL,196,123
30,DEL,197,124
30,DEL,198,120
30,DEL,199,125
30,DEL,200,100
30,DEL,201,112
30,DEL,202,149
30,DEL,203,138
30,DEL,204,127
30,DEL,205,135
30,DEL,206,133
30,DEL,207,130
30,DEL,208,124
30,DEL,209,114
30,DEL,210,138
30,DEL,211,134
30,DEL,212,146
30,DEL,213,141
30,DEL,214,168
30,DEL,215,148
30,DEL,216,168
30,DEL,217,159
30,DEL,218,172
30,DEL,219,160
30,DEL,220,165
30,DEL,221,147
30,DEL,222,177
30,DEL,223,183
30,DEL,224,173
30,DEL,225,149
30,DEL,226,145
30,DEL,227,207
30,DEL,228,183
30,DEL,229,197
30,DEL,230,178
30,DEL,231,161
30,DEL,232,204
30,DEL,233,200
30,DEL,234,221
30,DEL,235,216
30,DEL,236,194
30,DEL,237,218
30,DEL,238,245
30,DEL,239,217
30,DEL,240,231
30,DEL,241,226
30,DEL,242,243
30,DEL,243,211
30,DEL,244,235
30,DEL,245,261
30,DEL,246,212
30,DEL,247,262
30,DEL,248,250
30,DEL,249,243
30,DEL,250,291
30,DEL,251,253
30,DEL,252,282
30,DEL,253,286
30,DEL,254,279
30,DEL,255,257
30,DEL,257,589
30,DEL,259,564
30,DEL,261,577
30,DEL,263,667
30,DEL,265,556
30,DEL,267,640
30,DEL,269,644
30,DEL,271,689
30,DEL,273,748
30,DEL,275,698
30,DEL,277,773
30,DEL,279,742
30,DEL,281,755
30,DEL,283,822
30,DEL,285,756
30,DEL,287,786
30,DEL,289,840
30,DEL,291,845
30,DEL,293,822
30,DEL,295,860
30,DEL,297,900
30,DEL,299,920
30,DEL,301,948
30,DEL,303,918
30,DEL,305,916
30,DEL,307,980
30,DEL,309,966
30,DEL,311,960
30,DEL,313,984
30,DEL,315,972
30,DEL,317,1036
30,DEL,319,1061
30,DEL,321,1044
30,DEL,323,1080
30,DEL,325,1098
30,DEL,327,1077
30,DEL,329,1117
30,DEL,331,1044
30,DEL,333,1057
30,DEL,335,1199
30,DEL,337,1169
30,DEL,339,1147
30,DEL,341,1115
30,DEL,343,1180
30,DEL,345,1194
30,DEL,347,1127
30,DEL,349,1132
30,DEL,351,1182
30,DEL,353,1177
30,DEL,355,1128
30,DEL,357,1189
30,DEL,359,1221
30,DEL,361,1185
30,DEL,363,1182
30,DEL,365,1197
30,DEL,367,1197
30,DEL,369,1229
30,DEL,371,1189
30,DEL,373,1189
30,DEL,375,1191
30,DEL,377,1190
30,DEL,379,1197
30,DEL,381,1236
30,DEL,383,1201
30,DEL,385,1185
30,DEL,387,1196
30,DEL,389,1203
30,DEL,391,1145
30,DEL,393,1307
30,DEL,395,1224
30,DEL,397,1243
30,DEL,399,1200
30,DEL,401,1227
30,DEL,403,1179
30,DEL,405,1112
30,DEL,407,1130
30,DEL,409,1139
30,DEL,411,1199
30,DEL,413,1182
30,DEL,415,1122
30,DEL,417,1119
30,DEL,419,1193
30,DEL,421,1133
30,DEL,423,1116
30,DEL,425,1156
30,DEL,427,1084
30,DEL,429,1083
30,DEL,431,1065
30,DEL,433,1103
30,DEL,435,1091
30,DEL,437,1045
30,DEL,439,1020
30,DEL,441,1068
30,DEL,443,962
30,DEL,445,992
30,DEL,447,1036
30,DEL,449,952
30,DEL,451,920
30,DEL,453,901
30,DEL,455,911
30,DEL,457,891
30,DEL,459,886
30,DEL,461,914
30,DEL,463,853
30,DEL,465,813
30,DEL,467,844
30,DEL,469,783
30,DEL,471,821
30,DEL,473,731
30,DEL,475,742
30,DEL,477,770
30,DEL,479,693
30,DEL,481,708
30,DEL,483,700
30,DEL,485,650
30,DEL,487,678
30,DEL,489,619
30,DEL,491,652
30,DEL,493,618
30,DEL,495,600
30,DEL,497,630
30,DEL,499,549
30,DEL,501,577
30,DEL,503,556
30,DEL,505,530
30,DEL,507,558
30,DEL,509,521
30,DEL,511,546
30,DEL,515,1024
30,DEL,519,1009
30,DEL,523,904
30,DEL,527,780
30,DEL,531,799
30,DEL,535,806
30,DEL,539,758
30,DEL,543,710
30,DEL,547,664
30,DEL,551,604
30,DEL,555,575
30,DEL,559,556
30,DEL,563,541
30,DEL,567,505
30,DEL,571,484
30,DEL,575,485
30,DEL,579,457
30,DEL,583,399
30,DEL,587,396
30,DEL,591,380
30,DEL,595,384
30,DEL,599,335
30,DEL,603,304
30,DEL,607,326
30,DEL,611,248
30,DEL,615,269
30,DEL,619,238
30,DEL,623,214
30,DEL,627,205
30,DEL,631,205
30,DEL,635,174
30,DEL,639,164
30,DEL,643,153
30,DEL,647,123
30,DEL,651,127
30,DEL,655,127
30,DEL,659,102
30,DEL,663,106
30,DEL,667,72
30,DEL,671,95
30,DEL,675,84
30,DEL,679,66
30,DEL,683,72
30,DEL,687,71
30,DEL,691,46
30,DEL,695,42
30,DEL,699,41
30,DEL,703,43
30,DEL,707,42
30,DEL,711,43
30,DEL,715,29
30,DEL,719,24
30,DEL,723,17
30,DEL,727,14
30,DEL,731,25
30,DEL,735,20
30,DEL,739,10
30,DEL,743,14
30,DEL,747,13
30,DEL,751,8
30,DEL,755,13
30,DEL,759,6
30,DEL,763,15
30,DEL,767,8
30,DEL,771,3
30,DEL,775,8
30,DEL,779,5
30,DEL,783,6
30,DEL,787,4
30,DEL,791,3
30,DEL,795,1
30,DEL,803,3
30,DEL,807,4
30,DEL,811,2
30,DEL,819,1
30,DEL,823,2
30,DEL,827,3
30,DEL,831,2
30,DEL,835,1
30,DEL,843,1
30,DEL,847,1
30,DEL,851,1
30,DEL,855,2
30,DEL,863,2
30,DEL,867,1
30,DEL,871,1
30,DEL,895,1
30,DEL,907,1
30,DEL,935,1
30,DEL,955,1
30,DEL,963,1
30,DEL,967,1
30,DEL,979,1
30,DEL,1055,1
30,DEL,1127,1
30,DEL,1247,1
30,DEL,1335,1
30,DEL,1343,1
30,DEL,1359,1
30,DEL,1383,1
30,DEL,1415,1
30,DEL,1487,1
30,DEL,1527,1
30,DEL,1543,1
30,DEL,1559,1
30,DEL,1591,1
30,DEL,1607,2
30,DEL,1615,1
30,DEL,1655,2
30,DEL,1663,2
30,DEL,1719,3
30,DEL,1735,1
30,DEL,1791,1
30,DEL,1815,1
30,DEL,1831,1
30,DEL,1871,1
30,DEL,1887,1
30,DEL,1927,1
30,DEL,2143,1
30,DEL,2239,1
30,DEL,2255,1
30,DEL,2303,1
30,DEL,2479,1
30,DEL,2495,1
30,DEL,3343,1
30,DEL,4479,1
30,DEL,51967,1
30,DEL,55295,1
30,DEL,55551,1
30,DEL,56575,1
30,DEL,59391,1
30,DEL,63743,1
30,GET,90,1
30,GET,93,1
30,GET,94,3
30,GET,96,1
30,GET,97,1
30,GET,98,3
30,GET,99,1
30,GET,100,1
30,GET,101,5
30,GET,102,7
30,GET,103,9
30,GET,104,7
30,GET,105,8
30,GET,106,12
30,GET,107,12
30,GET,108,8
30,GET,109,13
30,GET,110,15
30,GET,111,17
30,GET,112,22
30,GET,113,14
30,GET,114,23
30,GET,115,28
30,GET,116,24
30,GET,117,27
30,GET,118,34
30,GET,119,42
30,GET,120,43
30,GET,121,35
30,GET,122,43
30,GET,123,47
30,GET,124,60
30,GET,125,51
30,GET,126,59
30,GET,127,58
30,GET,128,73
30,GET,129,59
30,GET,130,76
30,GET,131,73
30,GET,132,85
30,GET,133,90
30,GET,134,71
30,GET,135,83
30,GET,136,81
30,GET,137,91
30,GET,138,102
30,GET,139,113
30,GET,140,123
30,GET,141,136
30,GET,142,108
30,GET,143,129
30,GET,144,132
30,GET,145,130
30,GET,146,148
30,GET,147,169
30,GET,148,158
30,GET,149,158
30,GET,150,167
30,GET,151,166
30,GET,152,181
30,GET,153,156
30,GET,154,156
30,GET,155,175
30,GET,156,184
30,GET,157,178
30,GET,158,204
30,GET,159,193
30,GET,160,192
30,GET,161,197
30,GET,162,216
30,GET,163,199
30,GET,164,210
30,GET,165,237
30,GET,166,242
30,GET,167,216
30,GET,168,239
30,GET,169,250
30,GET,170,232
30,GET,171,250
30,GET,172,244
30,GET,173,246
30,GET,174,240
30,GET,175,233
30,GET,176,264
30,GET,177,282
30,GET,178,252
30,GET,179,287
30,GET,180,278
30,GET,181,293
30,GET,182,266
30,GET,183,267
30,GET,184,298
30,GET,185,261
30,GET,186,280
30,GET,187,288
30,GET,188,326
30,GET,189,305
30,GET,190,318
30,GET,191,292
30,GET,192,302
30,GET,193,310
30,GET,194,355
30,GET,195,302
30,GET,196,328
30,GET,197,324
30,GET,198,364
30,GET,199,357
30,GET,200,348
30,GET,201,388
30,GET,202,377
30,GET,203,359
30,GET,204,387
30,GET,205,351
30,GET,206,372
30,GET,207,377
30,GET,208,387
30,GET,209,377
30,GET,210,366
30,GET,211,399
30,GET,212,442
30,GET,213,362
30,GET,214,391
30,GET,215,422
30,GET,216,443
30,GET,217,459
30,GET,218,430
30,GET,219,440
30,GET,220,466
30,GET,221,501
30,GET,222,471
30,GET,223,483
30,GET,224,500
30,GET,225,446
30,GET,226,516
30,GET,227,507
30,GET,228,481
30,GET,229,555
30,GET,230,526
30,GET,231,557
30,GET,232,541
30,GET,233,534
30,GET,234,588
30,GET,235,602
30,GET,236,594
30,GET,237,628
30,GET,238,626
30,GET,239,596
30,GET,240,651
30,GET,241,643
30,GET,242,695
30,GET,243,645
30,GET,244,671
30,GET,245,705
30,GET,246,741
30,GET,247,739
30,GET,248,696
30,GET,249,718
30,GET,250,741
30,GET,251,761
30,GET,252,766
30,GET,253,816
30,GET,254,796
30,GET,255,771
30,GET,257,1588
30,GET,259,1663
30,GET,261,1734
30,GET,263,1766
30,GET,265,1776
30,GET,267,1818
30,GET,269,1882
30,GET,271,2017
30,GET,273,2090
30,GET,275,2045
30,GET,277,2100
30,GET,279,2178
30,GET,281,2192
30,GET,283,2284
30,GET,285,2231
30,GET,287,2384
30,GET,289,2356
30,GET,291,2373
30,GET,293,2476
30,GET,295,2580
30,GET,297,2643
30,GET,299,2583
30,GET,301,2558
30,GET,303,2659
30,GET,305,2596
30,GET,307,2707
30,GET,309,2715
30,GET,311,2851
30,GET,313,2919
30,GET,315,2764
30,GET,317,2900
30,GET,319,2887
30,GET,321,3022
30,GET,323,2928
30,GET,325,3005
30,GET,327,2900
30,GET,329,3028
30,GET,331,3071
30,GET,333,3066
30,GET,335,3028
30,GET,337,3163
30,GET,339,3067
30,GET,341,3265
30,GET,343,3172
30,GET,345,3148
30,GET,347,3256
30,GET,349,3206
30,GET,351,3304
30,GET,353,3230
30,GET,355,3271
30,GET,357,3252
30,GET,359,3355
30,GET,361,3379
30,GET,363,3271
30,GET,365,3446
30,GET,367,3367
30,GET,369,3362
30,GET,371,3315
30,GET,373,3347
30,GET,375,3374
30,GET,377,3426
30,GET,379,3298
30,GET,381,3347
30,GET,383,3437
30,GET,385,3376
30,GET,387,3332
30,GET,389,3415
30,GET,391,3315
30,GET,393,3297
30,GET,395,3491
30,GET,397,3247
30,GET,399,3420
30,GET,401,3335
30,GET,403,3338
30,GET,405,3264
30,GET,407,3234
30,GET,409,3233
30,GET,411,3190
30,GET,413,3304
30,GET,415,3296
30,GET,417,3157
30,GET,419,3214
30,GET,421,3175
30,GET,423,3045
30,GET,425,3134
30,GET,427,3071
30,GET,429,3065
30,GET,431,2981
30,GET,433,2883
30,GET,435,2909
30,GET,437,2828
30,GET,439,2837
30,GET,441,2821
30,GET,443,2737
30,GET,445,2741
30,GET,447,2711
30,GET,449,2558
30,GET,451,2634
30,GET,453,2581
30,GET,455,2493
30,GET,457,2524
30,GET,459,2467
30,GET,461,2338
30,GET,463,2356
30,GET,465,2427
30,GET,467,2375
30,GET,469,2241
30,GET,471,2148
30,GET,473,2154
30,GET,475,2145
30,GET,477,2054
30,GET,479,2037
30,GET,481,1972
30,GET,483,1893
30,GET,485,1948
30,GET,487,1851
30,GET,489,1793
30,GET,491,1750
30,GET,493,1751
30,GET,495,1678
30,GET,497,1710
30,GET,499,1670
30,GET,501,1650
30,GET,503,1551
30,GET,505,1484
30,GET,507,1526
30,GET,509,1483
30,GET,511,1392
30,GET,515,2766
30,GET,519,2618
30,GET,523,2615
30,GET,527,2434
30,GET,531,2281
30,GET,535,2161
30,GET,539,2045
30,GET,543,2013
30,GET,547,1849
30,GET,551,1726
30,GET,555,1734
30,GET,559,1646
30,GET,563,1479
30,GET,567,1502
30,GET,571,1382
30,GET,575,1245
30,GET,579,1190
30,GET,583,1099
30,GET,587,1058
30,GET,591,976
30,GET,595,946
30,GET,599,899
30,GET,603,864
30,GET,607,797
30,GET,611,776
30,GET,615,741
30,GET,619,687
30,GET,623,576
30,GET,627,617
30,GET,631,556
30,GET,635,525
30,GET,639,438
30,GET,643,424
30,GET,647,391
30,GET,651,371
30,GET,655,335
30,GET,659,311
30,GET,663,280
30,GET,667,267
30,GET,671,241
30,GET,675,200
30,GET,679,201
30,GET,683,203
30,GET,687,180
30,GET,691,140
30,GET,695,141
30,GET,699,125
30,GET,703,112
30,GET,707,103
30,GET,711,88
30,GET,715,74
30,GET,719,66
30,GET,723,68
30,GET,727,64
30,GET,731,44
30,GET,735,76
30,GET,739,48
30,GET,743,26
30,GET,747,31
30,GET,751,34
30,GET,755,21
30,GET,759,31
30,GET,763,27
30,GET,767,20
30,GET,771,20
30,GET,775,20
30,GET,779,19
30,GET,783,11
30,GET,787,10
30,GET,791,9
30,GET,795,6
30,GET,799,11
30,GET,803,7
30,GET,807,9
30,GET,811,9
30,GET,815,4
30,GET,819,6
30,GET,823,4
30,GET,827,5
30,GET,831,2
30,GET,835,3
30,GET,839,2
30,GET,843,6
30,GET,847,2
30,GET,851,2
30,GET,855,4
30,GET,859,1
30,GET,863,3
30,GET,867,3
30,GET,871,2
30,GET,879,1
30,GET,883,2
30,GET,899,1
30,GET,903,1
30,GET,907,1
30,GET,919,4
30,GET,927,1
30,GET,931,1
30,GET,939,2
30,GET,943,1
30,GET,947,1
30,GET,955,1
30,GET,963,1
30,GET,967,2
30,GET,975,1
30,GET,991,1
30,GET,1003,2
30,GET,1047,1
30,GET,1055,1
30,GET,1063,1
30,GET,1079,1
30,GET,1087,3
30,GET,1103,1
30,GET,1111,1
30,GET,1119,1
30,GET,1127,1
30,GET,1143,3
30,GET,1191,1
30,GET,1231,1
30,GET,1239,1
30,GET,1287,2
30,GET,1343,1
30,GET,1375,1
30,GET,1447,1
30,GET,1455,1
30,GET,1479,1
30,GET,1495,1
30,GET,1503,1
30,GET,1535,1
30,GET,1543,1
30,GET,1551,2
30,GET,1567,1
30,GET,1583,2
30,GET,1591,2
30,GET,1599,1
30,GET,1607,2
30,GET,1615,1
30,GET,1623,1
30,GET,1639,1
30,GET,1647,1
30,GET,1655,2
30,GET,1671,1
30,GET,1695,2
30,GET,1703,1
30,GET,1719,1
30,GET,1735,1
30,GET,1743,1
30,GET,1751,3
30,GET,1759,4
30,GET,1775,1
30,GET,1791,1
30,GET,1799,1
30,GET,1807,1
30,GET,1815,1
30,GET,1831,2
30,GET,1879,3
30,GET,1887,2
30,GET,1919,1
30,GET,1927,1
30,GET,1935,1
30,GET,1951,1
30,GET,1975,1
30,GET,1983,1
30,GET,1991,1
30,GET,2023,1
30,GET,2031,1
30,GET,2063,2
30,GET,2079,1
30,GET,2127,1
30,GET,2159,1
30,GET,2191,1
30,GET,2207,1
30,GET,2271,1
30,GET,2303,1
30,GET,2367,1
30,GET,2399,1
30,GET,2511,1
30,GET,2623,1
30,GET,54783,1
30,GET,56319,1
30,GET,58623,1
30,GET,59135,2
30,GET,59391,1
30,GET,59903,1
30,GET,63487,1
30,GET,68095,1
30,SET,108,1
30,SET,109,1
30,SET,110,2
30,SET,111,2
30,SET,112,2
30,SET,113,1
30,SET,114,1
30,SET,115,1
30,SET,116,3
30,SET,117,1
30,SET,118,1
30,SET,119,3
30,SET,120,7
30,SET,121,4
30,SET,122,2
30,SET,123,4
30,SET,124,5
30,SET,125,8
30,SET,126,3
30,SET,127,7
30,SET,128,4
30,SET,129,5
30,SET,130,3
30,SET,131,4
30,SET,132,7
30,SET,133,9
30,SET,134,5
30,SET,135,10
30,SET,136,10
30,SET,137,10
30,SET,138,6
30,SET,139,4
30,SET,140,13
30,SET,141,6
30,SET,142,6
30,SET,143,6
30,SET,144,7
30,SET,145,6
30,SET,146,10
30,SET,147,12
30,SET,148,10
30,SET,149,12
30,SET,150,9
30,SET,151,8
30,SET,152,11
30,SET,153,13
30,SET,154,13
30,SET,155,12
30,SET,156,15
30,SET,157,14
30,SET,158,15
30,SET,159,14
30,SET,160,4
30,SET,161,16
30,SET,162,11
30,SET,163,11
30,SET,164,18
30,SET,165,16
30,SET,166,17
30,SET,167,19
30,SET,168,19
30,SET,169,17
30,SET,170,17
30,SET,171,16
30,SET,172,11
30,SET,173,24
30,SET,174,14
30,SET,175,19
30,SET,176,15
30,SET,177,18
30,SET,178,29
30,SET,179,18
30,SET,180,23
30,SET,181,15
30,SET,182,14
30,SET,183,26
30,SET,184,20
30,SET,185,24
30,SET,186,24
30,SET,187,15
30,SET,188,14
30,SET,189,12
30,SET,190,20
30,SET,191,13
30,SET,192,28
30,SET,193,32
30,SET,194,23
30,SET,195,20
30,SET,196,21
30,SET,197,18
30,SET,198,24
30,SET,199,31
30,SET,200,18
30,SET,201,20
30,SET,202,28
30,SET,203,21
30,SET,204,29
30,SET,205,17
30,SET,206,27
30,SET,207,23
30,SET,208,26
30,SET,209,22
30,SET,210,23
30,SET,211,26
30,SET,212,34
30,SET,213,22
30,SET,214,33
30,SET,215,28
30,SET,216,27
30,SET,217,32
30,SET,218,31
30,SET,219,31
30,SET,220,37
30,SET,221,38
30,SET,222,24
30,SET,223,36
30,SET,224,40
30,SET,225,27
30,SET,226,40
30,SET,227,34
30,SET,228,43
30,SET,229,44
30,SET,230,46
30,SET,231,38
30,SET,232,45
30,SET,233,36
30,SET,234,38
30,SET,235,38
30,SET,236,29
30,SET,237,41
30,SET,238,35
30,SET,239,46
30,SET,240,48
30,SET,241,45
30,SET,242,42
30,SET,243,50
30,SET,244,46
30,SET,245,47
30,SET,246,48
30,SET,247,40
30,SET,248,60
30,SET,249,44
30,SET,250,47
30,SET,251,54
30,SET,252,52
30,SET,253,57
30,SET,254,48
30,SET,255,50
30,SET,257,116
30,SET,259,116
30,SET,261,115
30,SET,263,142
30,SET,265,109
30,SET,267,128
30,SET,269,128
30,SET,271,154
30,SET,273,163
30,SET,275,151
30,SET,277,152
30,SET,279,181
30,SET,281,169
30,SET,283,142
30,SET,285,160
30,SET,287,143
30,SET,289,167
30,SET,291,161
30,SET,293,174
30,SET,295,197
30,SET,297,172
30,SET,299,172
30,SET,301,188
30,SET,303,154
30,SET,305,189
30,SET,307,185
30,SET,309,196
30,SET,311,185
30,SET,313,198
30,SET,315,188
30,SET,317,186
30,SET,319,195
30,SET,321,217
30,SET,323,231
30,SET,325,206
30,SET,327,222
30,SET,329,206
30,SET,331,185
30,SET,333,221
30,SET,335,211
30,SET,337,211
30,SET,339,203
30,SET,341,222
30,SET,343,224
30,SET,345,224
30,SET,347,249
30,SET,349,246
30,SET,351,225
30,SET,353,243
30,SET,355,244
30,SET,357,279
30,SET,359,265
30,SET,361,206
30,SET,363,209
30,SET,365,240
30,SET,367,239
30,SET,369,252
30,SET,371,241
30,SET,373,229
30,SET,375,234
30,SET,377,244
30,SET,379,241
30,SET,381,228
30,SET,383,234
30,SET,385,228
30,SET,387,227
30,SET,389,247
30,SET,391,254
30,SET,393,215
30,SET,395,261
30,SET,397,260
30,SET,399,250
30,SET,401,237
30,SET,403,236
30,SET,405,255
30,SET,407,239
30,SET,409,266
30,SET,411,234
30,SET,413,241
30,SET,415,234
30,SET,417,236
30,SET,419,226
30,SET,421,193
30,SET,423,211
30,SET,425,225
30,SET,427,212
30,SET,429,239
30,SET,431,198
30,SET,433,206
30,SET,435,209
30,SET,437,203
30,SET,439,198
30,SET,441,205
30,SET,443,199
30,SET,445,186
30,SET,447,189
30,SET,449,191
30,SET,451,201
30,SET,453,192
30,SET,455,211
30,SET,457,158
30,SET,459,172
30,SET,461,201
30,SET,463,175
30,SET,465,174
30,SET,467,166
30,SET,469,159
30,SET,471,164
30,SET,473,143
30,SET,475,156
30,SET,477,141
30,SET,479,164
30,SET,481,133
30,SET,483,143
30,SET,485,145
30,SET,487,131
30,SET,489,119
30,SET,491,127
30,SET,493,134
30,SET,495,119
30,SET,497,111
30,SET,499,112
30,SET,501,110
30,SET,503,119
30,SET,505,114
30,SET,507,122
30,SET,509,99
30,SET,511,116
30,SET,515,208
30,SET,519,178
30,SET,523,195
30,SET,527,182
30,SET,531,165
30,SET,535,128
30,SET,539,154
30,SET,543,138
30,SET,547,141
30,SET,551,137
30,SET,555,137
30,SET,559,110
30,SET,563,100
30,SET,567,94
30,SET,571,107
30,SET,575,92
30,SET,579,90
30,SET,583,90
30,SET,587,61
30,SET,591,70
30,SET,595,85
30,SET,599,82
30,SET,603,69
30,SET,607,56
30,SET,611,41
30,SET,615,59
30,SET,619,51
30,SET,623,57
30,SET,627,36
30,SET,631,37
30,SET,635,31
30,SET,639,27
30,SET,643,35
30,SET,647,32
30,SET,651,28
30,SET,655,32
30,SET,659,11
30,SET,663,19
30,SET,667,16
30,SET,671,15
30,SET,675,9
30,SET,679,11
30,SET,683,15
30,SET,687,12
30,SET,691,8
30,SET,695,10
30,SET,699,9
30,SET,703,11
30,SET,707,6
30,SET,711,8
30,SET,715,3
30,SET,719,5
30,SET,723,7
30,SET,727,3
30,SET,731,4
30,SET,735,3
30,SET,743,3
30,SET,747,2
30,SET,751,1
30,SET,755,3
30,SET,759,1
30,SET,763,1
30,SET,767,2
30,SET,771,2
30,SET,779,4
30,SET,787,3
30,SET,799,2
30,SET,811,2
30,SET,831,1
30,SET,835,1
30,SET,843,1
30,SET,871,1
30,SET,1031,1
30,SET,1055,1
30,SET,1239,1
30,SET,1631,1
30,SET,1791,1
30,SET,1935,1
30,SET,2095,1
30,SET,2175,1
30,SET,2271,1
30,SET,59391,1
31,SET,88,1
31,SET,94,1
31,SET,99,1
31,SET,100,1
31,SET,102,2
31,SET,103,3
31,SET,104,2
31,SET,105,1
31,SET,106,1
31,SET,107,2
31,SET,109,2
31,SET,110,4
31,SET,113,2
31,SET,114,4
31,SET,115,2
31,SET,116,1
31,SET,117,1
31,SET,118,5
31,SET,119,3
31,SET,120,9
31,SET,121,2
31,SET,122,1
31,SET,123,5
31,SET,124,4
31,SET,125,2
31,SET,126,2
31,SET,127,7
31,SET,128,4
31,SET,129,4
31,SET,130,3
31,SET,131,8
31,SET,132,4
31,SET,133,4
31,SET,134,6
31,SET,135,10
31,SET,136,13
31,SET,137,9
31,SET,138,13
31,SET,139,9
31,SET,140,18
31,SET,141,5
31,SET,142,16
31,SET,143,15
31,SET,144,7
31,SET,145,12
31,SET,146,15
31,SET,147,17
31,SET,148,18
31,SET,149,9
31,SET,150,16
31,SET,151,14
31,SET,152,10
31,SET,153,13
31,SET,154,16
31,SET,155,11
31,SET,156,10
31,SET,157,12
31,SET,158,18
31,SET,159,11
31,SET,160,14
31,SET,161,15
31,SET,162,15
31,SET,163,21
31,SET,164,22
31,SET,165,18
31,SET,166,16
31,SET,167,17
31,SET,168,16
31,SET,169,15
31,SET,170,19
31,SET,171,20
31,SET,172,12
31,SET,173,22
31,SET,174,24
31,SET,175,18
31,SET,176,17
31,SET,177,22
31,SET,178,16
31,SET,179,24
31,SET,180,16
31,SET,181,27
31,SET,182,19
31,SET,183,20
31,SET,184,15
31,SET,185,19
31,SET,186,14
31,SET,187,20
31,SET,188,21
31,SET,189,18
31,SET,190,26
31,SET,191,11
31,SET,192,24
31,SET,193,18
31,SET,194,20
31,SET,195,24
31,SET,196,21
31,SET,197,21
31,SET,198,20
31,SET,199,20
31,SET,200,35
31,SET,201,31
31,SET,202,27
31,SET,203,29
31,SET,204,25
31,SET,205,33
31,SET,206,24
31,SET,207,25
31,SET,208,28
31,SET,209,29
31,SET,210,33
31,SET,211,20
31,SET,212,25
31,SET,213,26
31,SET,214,33
31,SET,215,30
31,SET,216,30
31,SET,217,29
31,SET,218,35
31,SET,219,27
31,SET,220,31
31,SET,221,29
31,SET,222,42
31,SET,223,41
31,SET,224,31
31,SET,225,43
31,SET,226,41
31,SET,227,32
31,SET,228,42
31,SET,229,30
31,SET,230,32
31,SET,231,32
31,SET,232,38
31,SET,233,43
31,SET,234,44
31,SET,235,39
31,SET,236,47
31,SET,237,28
31,SET,238,43
31,SET,239,38
31,SET,240,30
31,SET,241,41
31,SET,242,42
31,SET,243,52
31,SET,244,49
31,SET,245,69
31,SET,246,40
31,SET,247,49
31,SET,248,49
31,SET,249,54
31,SET,250,51
31,SET,251,50
31,SET,252,56
31,SET,253,45
31,SET,254,51
31,SET,255,62
31,SET,257,99
31,SET,259,111
31,SET,261,141
31,SET,263,127
31,SET,265,109
31,SET,267,119
31,SET,269,116
31,SET,271,168
31,SET,273,143
31,SET,275,152
31,SET,277,144
31,SET,279,140
31,SET,281,167
31,SET,283,131
31,SET,285,146
31,SET,287,170
31,SET,289,180
31,SET,291,176
31,SET,293,181
31,SET,295,169
31,SET,297,167
31,SET,299,172
31,SET,301,189
31,SET,303,190
31,SET,305,179
31,SET,307,208
31,SET,309,201
31,SET,311,206
31,SET,313,200
31,SET,315,222
31,SET,317,210
31,SET,319,186
31,SET,321,213
31,SET,323,210
31,SET,325,223
31,SET,327,203
31,SET,329,196
31,SET,331,243
31,SET,333,193
31,SET,335,220
31,SET,337,230
31,SET,339,244
31,SET,341,222
31,SET,343,224
31,SET,345,221
31,SET,347,203
31,SET,349,270
31,SET,351,239
31,SET,353,229
31,SET,355,229
31,SET,357,235
31,SET,359,237
31,SET,361,245
31,SET,363,221
31,SET,365,224
31,SET,367,246
31,SET,369,234
31,SET,371,212
31,SET,373,247
31,SET,375,253
31,SET,377,224
31,SET,379,252
31,SET,381,222
31,SET,383,227
31,SET,385,231
31,SET,387,233
31,SET,389,249
31,SET,391,222
31,SET,393,257
31,SET,395,237
31,SET,397,246
31,SET,399,220
31,SET,401,227
31,SET,403,231
31,SET,405,231
31,SET,407,237
31,SET,409,250
31,SET,411,255
31,SET,413,211
31,SET,415,192
31,SET,417,226
31,SET,419,226
31,SET,421,226
31,SET,423,218
31,SET,425,207
31,SET,427,216
31,SET,429,207
31,SET,431,190
31,SET,433,205
31,SET,435,206
31,SET,437,215
31,SET,439,194
31,SET,441,206
31,SET,443,209
31,SET,445,218
31,SET,447,219
31,SET,449,196
31,SET,451,174
31,SET,453,165
31,SET,455,203
31,SET,457,190
31,SET,459,179
31,SET,461,188
31,SET,463,148
31,SET,465,170
31,SET,467,158
31,SET,469,173
31,SET,471,170
31,SET,473,159
31,SET,475,134
31,SET,477,157
31,SET,479,140
31,SET,481,139
31,SET,483,139
31,SET,485,142
31,SET,487,128
31,SET,489,124
31,SET,491,142
31,SET,493,123
31,SET,495,121
31,SET,497,122
31,SET,499,144
31,SET,501,115
31,SET,503,106
31,SET,505,109
31,SET,507,112
31,SET,509,96
31,SET,511,95
31,SET,515,209
31,SET,519,198
31,SET,523,183
31,SET,527,176
31,SET,531,160
31,SET,535,155
31,SET,539,161
31,SET,543,149
31,SET,547,147
31,SET,551,134
31,SET,555,96
31,SET,559,125
31,SET,563,119
31,SET,567,90
31,SET,571,101
31,SET,575,94
31,SET,579,112
31,SET,583,92
31,SET,587,82
31,SET,591,80
31,SET,595,73
31,SET,599,83
31,SET,603,62
31,SET,607,71
31,SET,611,73
31,SET,615,49
31,SET,619,59
31,SET,623,59
31,SET,627,44
31,SET,631,37
31,SET,635,30
31,SET,639,35
31,SET,643,37
31,SET,647,22
31,SET,651,25
31,SET,655,28
31,SET,659,20
31,SET,663,20
31,SET,667,25
31,SET,671,20
31,SET,675,19
31,SET,679,12
31,SET,683,10
31,SET,687,8
31,SET,691,11
31,SET,695,17
31,SET,699,7
31,SET,703,7
31,SET,707,12
31,SET,711,9
31,SET,715,4
31,SET,719,6
31,SET,723,3
31,SET,727,6
31,SET,731,4
31,SET,735,3
31,SET,739,5
31,SET,743,3
31,SET,747,3
31,SET,751,3
31,SET,755,3
31,SET,759,3
31,SET,763,1
31,SET,767,4
31,SET,771,1
31,SET,787,2
31,SET,791,2
31,SET,795,1
31,SET,811,1
31,SET,815,1
31,SET,823,1
31,SET,851,1
31,SET,875,1
31,SET,923,1
31,SET,935,2
31,SET,947,1
31,SET,1631,1
31,SET,2207,1
31,SET,2367,1
31,DEL,90,1
31,DEL,91,1
31,DEL,93,2
31,DEL,94,2
31,DEL,96,3
31,DEL,97,1
31,DEL,98,4
31,DEL,99,3
31,DEL,100,2
31,DEL,101,5
31,DEL,102,5
31,DEL,103,7
31,DEL,104,10
31,DEL,105,5
31,DEL,106,8
31,DEL,107,9
31,DEL,108,11
31,DEL,109,9
31,DEL,110,14
31,DEL,111,12
31,DEL,112,6
31,DEL,113,18
31,DEL,114,11
31,DEL,115,18
31,DEL,116,13
31,DEL,117,16
31,DEL,118,22
31,DEL,119,32
31,DEL,120,28
31,DEL,121,18
31,DEL,122,22
31,DEL,123,34
31,DEL,124,27
31,DEL,125,20
31,DEL,126,36
31,DEL,127,32
31,DEL,128,30
31,DEL,129,29
31,DEL,130,34
31,DEL,131,30
31,DEL,132,35
31,DEL,133,33
31,DEL,134,50
31,DEL,135,40
31,DEL,136,45
31,DEL,137,43
31,DEL,138,51
31,DEL,139,49
31,DEL,140,31
31,DEL,141,57
31,DEL,142,43
31,DEL,143,51
31,DEL,144,58
31,DEL,145,56
31,DEL,146,41
31,DEL,147,62
31,DEL,148,58
31,DEL,149,55
31,DEL,150,68
31,DEL,151,80
31,DEL,152,64
31,DEL,153,82
31,DEL,154,75
31,DEL,155,80
31,DEL,156,56
31,DEL,157,73
31,DEL,158,84
31,DEL,159,82
31,DEL,160,78
31,DEL,161,55
31,DEL,162,67
31,DEL,163,83
31,DEL,164,84
31,DEL,165,79
31,DEL,166,92
31,DEL,167,79
31,DEL,168,90
31,DEL,169,82
31,DEL,170,85
31,DEL,171,91
31,DEL,172,84
31,DEL,173,79
31,DEL,174,90
31,DEL,175,93
31,DEL,176,105
31,DEL,177,97
31,DEL,178,78
31,DEL,179,82
31,DEL,180,118
31,DEL,181,93
31,DEL,182,111
31,DEL,183,107
31,DEL,184,97
31,DEL,185,105
31,DEL,186,86
31,DEL,187,102
31,DEL,188,106
31,DEL,189,96
31,DEL,190,106
31,DEL,191,114
31,DEL,192,97
31,DEL,193,109
31,DEL,194,97
31,DEL,195,104
31,DEL,196,107
31,DEL,197,111
31,DEL,198,112
31,DEL,199,108
31,DEL,200,120
31,DEL,201,121
31,DEL,202,112
31,DEL,203,120
31,DEL,204,119
31,DEL,205,113
31,DEL,206,133
31,DEL,207,120
31,DEL,208,128
31,DEL,209,129
31,DEL,210,133
31,DEL,211,120
31,DEL,212,138
31,DEL,213,149
31,DEL,214,131
31,DEL,215,148
31,DEL,216,143
31,DEL,217,180
31,DEL,218,169
31,DEL,219,173
31,DEL,220,160
31,DEL,221,185
31,DEL,222,197
31,DEL,223,175
31,DEL,224,174
31,DEL,225,188
31,DEL,226,156
31,DEL,227,179
31,DEL,228,171
31,DEL,229,174
31,DEL,230,183
31,DEL,231,186
31,DEL,232,176
31,DEL,233,213
31,DEL,234,191
31,DEL,235,218
31,DEL,236,186
31,DEL,237,235
31,DEL,238,196
31,DEL,239,211
31,DEL,240,225
31,DEL,241,226
31,DEL,242,212
31,DEL,243,220
31,DEL,244,229
31,DEL,245,228
31,DEL,246,225
31,DEL,247,235
31,DEL,248,264
31,DEL,249,229
31,DEL,250,252
31,DEL,251,231
31,DEL,252,240
31,DEL,253,288
31,DEL,254,284
31,DEL,255,287
31,DEL,257,560
31,DEL,259,557
31,DEL,261,618
31,DEL,263,648
31,DEL,265,632
31,DEL,267,667
31,DEL,269,687
31,DEL,271,703
31,DEL,273,656
31,DEL,275,709
31,DEL,277,696
31,DEL,279,773
31,DEL,281,796
31,DEL,283,783
31,DEL,285,769
31,DEL,287,786
31,DEL,289,812
31,DEL,291,875
31,DEL,293,827
31,DEL,295,952
31,DEL,297,883
31,DEL,299,907
31,DEL,301,950
31,DEL,303,859
31,DEL,305,902
31,DEL,307,953
31,DEL,309,920
31,DEL,311,954
31,DEL,313,944
31,DEL,315,996
31,DEL,317,1029
31,DEL,319,931
31,DEL,321,971
31,DEL,323,1058
31,DEL,325,1072
31,DEL,327,1049
31,DEL,329,1017
31,DEL,331,1035
31,DEL,333,1048
31,DEL,335,1062
31,DEL,337,1078
31,DEL,339,1122
31,DEL,341,1132
31,DEL,343,1117
31,DEL,345,1124
31,DEL,347,1177
31,DEL,349,1143
31,DEL,351,1143
31,DEL,353,1209
31,DEL,355,1095
31,DEL,357,1148
31,DEL,359,1225
31,DEL,361,1160
31,DEL,363,1151
31,DEL,365,1158
31,DEL,367,1164
31,DEL,369,1200
31,DEL,371,1244
31,DEL,373,1189
31,DEL,375,1185
31,DEL,377,1235
31,DEL,379,1280
31,DEL,381,1160
31,DEL,383,1150
31,DEL,385,1142
31,DEL,387,1250
31,DEL,389,1247
31,DEL,391,1243
31,DEL,393,1196
31,DEL,395,1186
31,DEL,397,1176
31,DEL,399,1194
31,DEL,401,1230
31,DEL,403,1112
31,DEL,405,1182
31,DEL,407,1183
31,DEL,409,1175
31,DEL,411,1138
31,DEL,413,1135
31,DEL,415,1165
31,DEL,417,1175
31,DEL,419,1105
31,DEL,421,1059
31,DEL,423,1132
31,DEL,425,1074
31,DEL,427,1126
31,DEL,429,1030
31,DEL,431,1035
31,DEL,433,1103
31,DEL,435,1065
31,DEL,437,1024
31,DEL,439,1039
31,DEL,441,1023
31,DEL,443,963
31,DEL,445,997
31,DEL,447,935
31,DEL,449,943
31,DEL,451,949
31,DEL,453,886
31,DEL,455,941
31,DEL,457,877
31,DEL,459,888
31,DEL,461,880
31,DEL,463,853
31,DEL,465,831
31,DEL,467,849
31,DEL,469,859
31,DEL,471,780
31,DEL,473,772
31,DEL,475,757
31,DEL,477,767
31,DEL,479,766
31,DEL,481,755
31,DEL,483,690
31,DEL,485,703
31,DEL,487,725
31,DEL,489,664
31,DEL,491,667
31,DEL,493,638
31,DEL,495,637
31,DEL,497,607
31,DEL,499,614
31,DEL,501,592
31,DEL,503,540
31,DEL,505,528
31,DEL,507,550
31,DEL,509,533
31,DEL,511,529
31,DEL,515,996
31,DEL,519,1028
31,DEL,523,925
31,DEL,527,899
31,DEL,531,873
31,DEL,535,836
31,DEL,539,767
31,DEL,543,707
31,DEL,547,670
31,DEL,551,623
31,DEL,555,584
31,DEL,559,599
31,DEL,563,576
31,DEL,567,518
31,DEL,571,502
31,DEL,575,487
31,DEL,579,474
31,DEL,583,438
31,DEL,587,376
31,DEL,591,379
31,DEL,595,365
31,DEL,599,310
31,DEL,603,320
31,DEL,607,349
31,DEL,611,254
31,DEL,615,244
31,DEL,619,248
31,DEL,623,231
31,DEL,627,226
31,DEL,631,193
31,DEL,635,184
31,DEL,639,176
31,DEL,643,163
31,DEL,647,151
31,DEL,651,130
31,DEL,655,112
31,DEL,659,120
31,DEL,663,101
31,DEL,667,92
31,DEL,671,84
31,DEL,675,89
31,DEL,679,63
31,DEL,683,57
31,DEL,687,53
31,DEL,691,54
31,DEL,695,49
31,DEL,699,52
31,DEL,703,56
31,DEL,707,44
31,DEL,711,43
31,DEL,715,24
31,DEL,719,28
31,DEL,723,31
31,DEL,727,27
31,DEL,731,21
31,DEL,735,15
31,DEL,739,27
31,DEL,743,19
31,DEL,747,7
31,DEL,751,7
31,DEL,755,6
31,DEL,759,4
31,DEL,763,4
31,DEL,767,4
31,DEL,771,4
31,DEL,775,5
31,DEL,779,8
31,DEL,783,7
31,DEL,787,3
31,DEL,791,5
31,DEL,795,3
31,DEL,799,6
31,DEL,803,3
31,DEL,807,6
31,DEL,811,5
31,DEL,815,1
31,DEL,819,3
31,DEL,827,4
31,DEL,831,2
31,DEL,835,2
31,DEL,843,3
31,DEL,847,3
31,DEL,855,1
31,DEL,859,1
31,DEL,863,2
31,DEL,875,1
31,DEL,883,1
31,DEL,887,1
31,DEL,891,1
31,DEL,899,1
31,DEL,943,1
31,DEL,951,1
31,DEL,955,1
31,DEL,963,1
31,DEL,975,1
31,DEL,1023,1
31,DEL,1071,2
31,DEL,1079,1
31,DEL,1255,1
31,DEL,1319,1
31,DEL,1343,2
31,DEL,1399,1
31,DEL,1423,1
31,DEL,1455,1
31,DEL,1495,2
31,DEL,1535,1
31,DEL,1543,1
31,DEL,1583,2
31,DEL,1631,1
31,DEL,1671,1
31,DEL,1687,1
31,DEL,1703,1
31,DEL,1719,1
31,DEL,1735,1
31,DEL,1751,1
31,DEL,1759,1
31,DEL,1831,1
31,DEL,1855,1
31,DEL,1919,1
31,DEL,1967,1
31,DEL,1999,1
31,DEL,2063,2
31,DEL,2079,1
31,DEL,2159,1
31,DEL,2271,1
31,DEL,2463,2
31,DEL,3535,1
31,DEL,4351,1
31,DEL,54527,1
31,DEL,56063,1
31,DEL,56575,1
31,DEL,58111,1
31,DEL,63743,1
31,GET,83,1
31,GET,87,3
31,GET,88,3
31,GET,89,3
31,GET,90,2
31,GET,91,5
31,GET,92,8
31,GET,93,6
31,GET,94,10
31,GET,95,8
31,GET,96,8
31,GET,97,7
31,GET,98,10
31,GET,99,9
31,GET,100,12
31,GET,101,16
31,GET,102,11
31,GET,103,25
31,GET,104,25
31,GET,105,22
31,GET,106,25
31,GET,107,30
31,GET,108,31
31,GET,109,29
31,GET,110,26
31,GET,111,40
31,GET,112,46
31,GET,113,34
31,GET,114,45
31,GET,115,32
31,GET,116,55
31,GET,117,52
31,GET,118,54
31,GET,119,75
31,GET,120,65
31,GET,121,68
31,GET,122,60
31,GET,123,83
31,GET,124,62
31,GET,125,98
31,GET,126,91
31,GET,127,84
31,GET,128,95
31,GET,129,83
31,GET,130,117
31,GET,131,110
31,GET,132,113
31,GET,133,109
31,GET,134,103
31,GET,135,113
31,GET,136,150
31,GET,137,134
31,GET,138,130
31,GET,139,131
31,GET,140,134
31,GET,141,138
31,GET,142,162
31,GET,143,155
31,GET,144,149
31,GET,145,155
31,GET,146,168
31,GET,147,180
31,GET,148,166
31,GET,149,203
31,GET,150,185
31,GET,151,196
31,GET,152,193
31,GET,153,207
31,GET,154,208
31,GET,155,195
31,GET,156,223
31,GET,157,225
31,GET,158,198
31,GET,159,209
31,GET,160,203
31,GET,161,240
31,GET,162,255
31,GET,163,207
31,GET,164,235
31,GET,165,241
31,GET,166,263
31,GET,167,231
31,GET,168,235
31,GET,169,243
31,GET,170,225
31,GET,171,249
31,GET,172,299
31,GET,173,263
31,GET,174,254
31,GET,175,263
31,GET,176,266
31,GET,177,271
31,GET,178,279
31,GET,179,284
31,GET,180,259
31,GET,181,284
31,GET,182,282
31,GET,183,274
31,GET,184,273
31,GET,185,292
31,GET,186,312
31,GET,187,320
31,GET,188,296
31,GET,189,287
31,GET,190,315
31,GET,191,316
31,GET,192,288
31,GET,193,319
31,GET,194,287
31,GET,195,302
31,GET,196,351
31,GET,197,345
31,GET,198,300
31,GET,199,334
31,GET,200,341
31,GET,201,330
31,GET,202,364
31,GET,203,359
31,GET,204,332
31,GET,205,342
31,GET,206,391
31,GET,207,366
31,GET,208,394
31,GET,209,402
31,GET,210,368
31,GET,211,417
31,GET,212,359
31,GET,213,410
31,GET,214,415
31,GET,215,399
31,GET,216,420
31,GET,217,508
31,GET,218,456
31,GET,219,441
31,GET,220,427
31,GET,221,468
31,GET,222,429
31,GET,223,457
31,GET,224,484
31,GET,225,482
31,GET,226,513
31,GET,227,464
31,GET,228,524
31,GET,229,539
31,GET,230,534
31,GET,231,530
31,GET,232,589
31,GET,233,581
31,GET,234,536
31,GET,235,569
31,GET,236,565
31,GET,237,590
31,GET,238,612
31,GET,239,645
31,GET,240,656
31,GET,241,666
31,GET,242,658
31,GET,243,666
31,GET,244,642
31,GET,245,617
31,GET,246,695
31,GET,247,710
31,GET,248,672
31,GET,249,740
31,GET,250,708
31,GET,251,763
31,GET,252,707
31,GET,253,782
31,GET,254,778
31,GET,255,791
31,GET,257,1664
31,GET,259,1700
31,GET,261,1645
31,GET,263,1766
31,GET,265,1774
31,GET,267,1852
31,GET,269,1912
31,GET,271,1943
31,GET,273,1949
31,GET,275,1978
31,GET,277,2056
31,GET,279,2161
31,GET,281,2161
31,GET,283,2151
31,GET,285,2196
31,GET,287,2300
31,GET,289,2339
31,GET,291,2303
31,GET,293,2398
31,GET,295,2475
31,GET,297,2559
31,GET,299,2483
31,GET,301,2541
31,GET,303,2652
31,GET,305,2686
31,GET,307,2577
31,GET,309,2667
31,GET,311,2712
31,GET,313,2739
31,GET,315,2777
31,GET,317,2838
31,GET,319,2903
31,GET,321,2841
31,GET,323,2967
31,GET,325,3061
31,GET,327,2918
31,GET,329,3055
31,GET,331,2909
31,GET,333,3059
31,GET,335,3032
31,GET,337,2999
31,GET,339,3242
31,GET,341,3094
31,GET,343,3154
31,GET,345,3159
31,GET,347,3237
31,GET,349,3113
31,GET,351,3188
31,GET,353,3306
31,GET,355,3298
31,GET,357,3334
31,GET,359,3236
31,GET,361,3227
31,GET,363,3304
31,GET,365,3331
31,GET,367,3389
31,GET,369,3275
31,GET,371,3317
31,GET,373,3326
31,GET,375,3371
31,GET,377,3423
31,GET,379,3360
31,GET,381,3379
31,GET,383,3398
31,GET,385,3410
31,GET,387,3295
31,GET,389,3387
31,GET,391,3230
31,GET,393,3286
31,GET,395,3334
31,GET,397,3343
31,GET,399,3232
31,GET,401,3432
31,GET,403,3331
31,GET,405,3302
31,GET,407,3313
31,GET,409,3214
31,GET,411,3288
31,GET,413,3286
31,GET,415,3244
31,GET,417,3204
31,GET,419,3095
31,GET,421,3117
31,GET,423,3136
31,GET,425,3081
31,GET,427,3016
31,GET,429,3010
31,GET,431,3033
31,GET,433,2929
31,GET,435,2891
31,GET,437,2823
31,GET,439,2858
31,GET,441,2794
31,GET,443,2706
31,GET,445,2727
31,GET,447,2623
31,GET,449,2721
31,GET,451,2563
31,GET,453,2545
31,GET,455,2515
31,GET,457,2537
31,GET,459,2422
31,GET,461,2421
31,GET,463,2334
31,GET,465,2360
31,GET,467,2330
31,GET,469,2193
31,GET,471,2232
31,GET,473,2190
31,GET,475,2226
31,GET,477,2119
31,GET,479,2067
31,GET,481,2087
31,GET,483,1985
31,GET,485,1993
31,GET,487,1835
31,GET,489,1828
31,GET,491,1799
31,GET,493,1824
31,GET,495,1764
31,GET,497,1686
31,GET,499,1648
31,GET,501,1597
31,GET,503,1553
31,GET,505,1515
31,GET,507,1534
31,GET,509,1490
31,GET,511,1410
31,GET,515,2776
31,GET,519,2630
31,GET,523,2522
31,GET,527,2375
31,GET,531,2353
31,GET,535,2266
31,GET,539,2050
31,GET,543,1984
31,GET,547,1952
31,GET,551,1821
31,GET,555,1676
31,GET,559,1609
31,GET,563,1529
31,GET,567,1496
31,GET,571,1338
31,GET,575,1334
31,GET,579,1270
31,GET,583,1205
31,GET,587,1162
31,GET,591,1053
31,GET,595,1010
31,GET,599,981
31,GET,603,892
31,GET,607,839
31,GET,611,754
31,GET,615,707
31,GET,619,666
31,GET,623,627
31,GET,627,567
31,GET,631,568
31,GET,635,477
31,GET,639,453
31,GET,643,430
31,GET,647,402
31,GET,651,383
31,GET,655,367
31,GET,659,300
31,GET,663,271
31,GET,667,277
31,GET,671,294
31,GET,675,260
31,GET,679,224
31,GET,683,173
31,GET,687,188
31,GET,691,163
31,GET,695,143
31,GET,699,135
31,GET,703,118
31,GET,707,110
31,GET,711,86
31,GET,715,89
31,GET,719,72
31,GET,723,75
31,GET,727,56
31,GET,731,55
31,GET,735,55
31,GET,739,52
31,GET,743,34
31,GET,747,33
31,GET,751,37
31,GET,755,40
31,GET,759,28
31,GET,763,28
31,GET,767,27
31,GET,771,17
31,GET,775,22
31,GET,779,10
31,GET,783,22
31,GET,787,15
31,GET,791,16
31,GET,795,11
31,GET,799,5
31,GET,803,9
31,GET,807,5
31,GET,811,4
31,GET,815,1
31,GET,819,4
31,GET,823,3
31,GET,827,1
31,GET,831,2
31,GET,835,3
31,GET,839,1
31,GET,843,1
31,GET,851,2
31,GET,855,4
31,GET,859,2
31,GET,863,1
31,GET,867,4
31,GET,871,2
31,GET,875,3
31,GET,883,1
31,GET,887,3
31,GET,891,1
31,GET,895,2
31,GET,899,1
31,GET,903,2
31,GET,907,2
31,GET,919,3
31,GET,927,1
31,GET,943,2
31,GET,947,2
31,GET,963,1
31,GET,971,1
31,GET,975,2
31,GET,979,1
31,GET,983,1
31,GET,999,1
31,GET,1007,2
31,GET,1031,2
31,GET,1047,1
31,GET,1055,1
31,GET,1071,1
31,GET,1095,1
31,GET,1119,1
31,GET,1151,1
31,GET,1183,1
31,GET,1199,2
31,GET,1215,1
31,GET,1239,1
31,GET,1247,1
31,GET,1255,1
31,GET,1295,1
31,GET,1319,1
31,GET,1335,1
31,GET,1343,1
31,GET,1359,2
31,GET,1439,2
31,GET,1455,1
31,GET,1463,1
31,GET,1471,1
31,GET,1487,1
31,GET,1503,2
31,GET,1519,1
31,GET,1543,2
31,GET,1551,1
31,GET,1559,3
31,GET,1567,1
31,GET,1575,1
31,GET,1583,1
31,GET,1599,1
31,GET,1607,3
31,GET,1623,2
31,GET,1631,2
31,GET,1647,1
31,GET,1655,2
31,GET,1695,1
31,GET,1703,2
31,GET,1711,1
31,GET,1735,1
31,GET,1759,1
31,GET,1767,1
31,GET,1775,2
31,GET,1815,2
31,GET,1831,2
31,GET,1839,1
31,GET,1847,3
31,GET,1855,1
31,GET,1871,1
31,GET,1879,1
31,GET,1903,1
31,GET,1919,1
31,GET,1943,2
31,GET,1951,1
31,GET,1975,1
31,GET,1999,2
31,GET,2079,1
31,GET,2095,1
31,GET,2111,1
31,GET,2127,1
31,GET,2175,1
31,GET,2207,1
31,GET,2239,1
31,GET,2287,1
31,GET,2335,1
31,GET,2415,1
31,GET,2511,1
31,GET,2543,1
31,GET,50943,1
31,GET,51455,1
31,GET,54015,1
31,GET,54783,1
31,GET,55807,1
31,GET,56575,1
31,GET,58111,1
31,GET,59391,1
31,GET,59903,1
31,GET,62207,1
31,GET,64255,1
