# Args: ["/opt/benchmarker/benchmark", "-a", "34.51.177.123,34.51.233.141,34.51.237.100", "-c", "etc", "-r", "50000", "-t", "32", "--cluster", "-o", "acdis_three_nodes_jemalloc_shrink_50k"]
thread,cmd,latency,count
0,GET,111,1
0,GET,116,1
0,GET,117,1
0,GET,119,1
0,GET,138,1
0,GET,145,2
0,GET,146,1
0,GET,147,1
0,GET,149,1
0,GET,151,1
0,GET,154,1
0,GET,155,2
0,GET,157,2
0,GET,160,1
0,GET,161,1
0,GET,162,1
0,GET,164,1
0,GET,165,1
0,GET,166,2
0,GET,167,2
0,GET,170,1
0,GET,171,2
0,GET,172,5
0,GET,173,2
0,GET,174,3
0,GET,175,4
0,GET,176,2
0,GET,177,3
0,GET,178,1
0,GET,179,1
0,GET,180,2
0,GET,181,2
0,GET,182,6
0,GET,184,7
0,GET,185,2
0,GET,186,3
0,GET,187,1
0,GET,188,4
0,GET,189,5
0,GET,190,5
0,GET,191,1
0,GET,192,1
0,GET,193,5
0,GET,194,6
0,GET,195,3
0,GET,196,3
0,GET,197,4
0,GET,198,2
0,GET,199,3
0,GET,200,2
0,GET,201,2
0,GET,202,3
0,GET,203,3
0,GET,204,3
0,GET,205,5
0,GET,206,4
0,GET,207,6
0,GET,208,1
0,GET,209,4
0,GET,210,4
0,GET,211,2
0,GET,212,1
0,GET,213,1
0,GET,214,4
0,GET,215,3
0,GET,216,1
0,GET,217,2
0,GET,218,1
0,GET,219,4
0,GET,220,2
0,GET,221,2
0,GET,222,1
0,GET,223,1
0,GET,224,5
0,GET,225,3
0,GET,226,4
0,GET,227,2
0,GET,228,3
0,GET,229,4
0,GET,230,2
0,GET,231,3
0,GET,232,3
0,GET,233,2
0,GET,234,1
0,GET,235,4
0,GET,236,2
0,GET,237,2
0,GET,238,1
0,GET,239,5
0,GET,240,3
0,GET,241,2
0,GET,243,1
0,GET,244,1
0,GET,247,1
0,GET,250,1
0,GET,251,1
0,GET,253,1
0,GET,255,2
0,GET,257,2
0,GET,259,2
0,GET,261,2
0,GET,263,1
0,GET,265,1
0,GET,267,2
0,GET,271,1
0,GET,273,3
0,GET,277,1
0,GET,279,1
0,GET,281,1
0,GET,283,2
0,GET,285,2
0,GET,287,2
0,GET,289,4
0,GET,291,3
0,GET,295,2
0,GET,299,2
0,GET,301,2
0,GET,303,1
0,GET,307,2
0,GET,309,2
0,GET,311,3
0,GET,313,1
0,GET,315,1
0,GET,317,2
0,GET,323,2
0,GET,325,2
0,GET,329,1
0,GET,331,1
0,GET,333,3
0,GET,335,5
0,GET,339,1
0,GET,341,4
0,GET,343,1
0,GET,345,1
0,GET,361,2
0,GET,365,1
0,GET,371,1
0,GET,373,3
0,GET,377,1
0,GET,385,1
0,GET,387,1
0,GET,389,1
0,GET,391,2
0,GET,393,1
0,GET,395,1
0,GET,397,1
0,GET,399,1
0,GET,403,2
0,GET,405,2
0,GET,411,1
0,GET,413,1
0,GET,417,2
0,GET,421,1
0,GET,423,3
0,GET,425,3
0,GET,427,3
0,GET,429,1
0,GET,431,1
0,GET,435,1
0,GET,437,1
0,GET,439,1
0,GET,443,1
0,GET,445,2
0,GET,447,1
0,GET,451,1
0,GET,453,2
0,GET,457,1
0,GET,459,1
0,GET,463,2
0,GET,469,2
0,GET,473,1
0,GET,481,1
0,GET,485,1
0,GET,487,1
0,GET,495,2
0,GET,497,1
0,GET,503,1
0,GET,519,2
0,GET,527,2
0,GET,531,1
0,GET,539,1
0,GET,543,1
0,GET,551,1
0,GET,555,1
0,GET,559,3
0,GET,563,1
0,GET,567,2
0,GET,575,3
0,GET,579,1
0,GET,591,1
0,GET,595,2
0,GET,599,1
0,GET,607,1
0,GET,611,1
0,GET,615,1
0,GET,619,3
0,GET,623,1
0,GET,627,4
0,GET,635,2
0,GET,643,1
0,GET,647,1
0,GET,651,1
0,GET,655,2
0,GET,667,3
0,GET,671,2
0,GET,675,1
0,GET,679,1
0,GET,683,2
0,GET,691,1
0,GET,695,1
0,GET,699,2
0,GET,703,3
0,GET,707,2
0,GET,711,3
0,GET,715,1
0,GET,723,1
0,GET,727,4
0,GET,731,1
0,GET,735,2
0,GET,743,3
0,GET,751,1
0,GET,759,2
0,GET,763,2
0,GET,775,2
0,GET,779,2
0,GET,783,2
0,GET,791,1
0,GET,803,1
0,GET,807,1
0,GET,811,2
0,GET,823,1
0,GET,827,2
0,GET,835,1
0,GET,839,1
0,GET,851,2
0,GET,859,1
0,GET,867,2
0,GET,875,1
0,GET,891,2
0,GET,899,3
0,GET,903,2
0,GET,907,1
0,GET,915,1
0,GET,927,1
0,GET,939,1
0,GET,947,1
0,GET,951,1
0,GET,959,1
0,GET,963,1
0,GET,967,1
0,GET,971,1
0,GET,983,2
0,GET,987,2
0,GET,991,1
0,GET,995,1
0,GET,999,1
0,GET,1007,2
0,GET,1015,3
0,GET,1023,1
0,GET,1031,2
0,GET,1039,1
0,GET,1047,1
0,GET,1055,2
0,GET,1063,1
0,GET,1071,1
0,GET,1079,2
0,GET,1087,2
0,GET,1095,2
0,GET,1111,1
0,GET,1119,1
0,GET,1127,3
0,GET,1135,2
0,GET,1143,1
0,GET,1151,2
0,GET,1167,2
0,GET,1175,3
0,GET,1183,1
0,GET,1191,1
0,GET,1207,1
0,GET,1215,2
0,GET,1231,1
0,GET,1255,3
0,GET,1271,1
0,GET,1287,3
0,GET,1303,1
0,GET,1311,1
0,GET,1327,2
0,GET,1335,2
0,GET,1351,1
0,GET,1359,1
0,GET,1367,1
0,GET,1375,1
0,GET,1415,1
0,GET,1431,1
0,GET,1455,1
0,GET,1471,2
0,GET,1479,2
0,GET,1487,1
0,GET,1503,2
0,GET,1511,2
0,GET,1527,2
0,GET,1535,1
0,GET,1559,1
0,GET,1567,2
0,GET,1575,1
0,GET,1591,1
0,GET,1599,1
0,GET,1615,1
0,GET,1623,1
0,GET,1639,1
0,GET,1655,2
0,GET,1663,3
0,GET,1687,2
0,GET,1695,1
0,GET,1711,1
0,GET,1727,1
0,GET,1735,1
0,GET,1751,2
0,GET,1759,1
0,GET,1767,2
0,GET,1775,1
0,GET,1791,1
0,GET,1799,1
0,GET,1815,1
0,GET,1839,2
0,GET,1855,2
0,GET,1879,1
0,GET,1887,2
0,GET,1895,1
0,GET,1911,2
0,GET,1919,1
0,GET,1935,1
0,GET,1943,1
0,GET,1975,1
0,GET,1991,1
0,GET,2023,1
0,GET,2047,2
0,GET,2063,4
0,GET,2079,2
0,GET,2095,2
0,GET,2111,3
0,GET,2127,5
0,GET,2143,3
0,GET,2159,3
0,GET,2191,3
0,GET,2207,3
0,GET,2223,3
0,GET,2239,4
0,GET,2255,2
0,GET,2271,4
0,GET,2287,5
0,GET,2303,2
0,GET,2319,2
0,GET,2335,3
0,GET,2351,2
0,GET,2367,8
0,GET,2383,4
0,GET,2399,1
0,GET,2415,4
0,GET,2431,3
0,GET,2447,6
0,GET,2463,5
0,GET,2479,2
0,GET,2495,2
0,GET,2511,2
0,GET,2527,1
0,GET,2543,1
0,GET,2559,3
0,GET,2575,4
0,GET,2591,2
0,GET,2607,2
0,GET,2623,4
0,GET,2639,8
0,GET,2671,3
0,GET,2703,7
0,GET,2719,1
0,GET,2735,1
0,GET,2751,2
0,GET,2767,4
0,GET,2783,4
0,GET,2799,5
0,GET,2815,4
0,GET,2831,1
0,GET,2847,4
0,GET,2863,2
0,GET,2879,3
0,GET,2895,2
0,GET,2911,4
0,GET,2927,5
0,GET,2943,3
0,GET,2959,3
0,GET,2975,6
0,GET,2991,4
0,GET,3007,1
0,GET,3023,4
0,GET,3039,3
0,GET,3055,6
0,GET,3087,1
0,GET,3103,5
0,GET,3119,5
0,GET,3135,4
0,GET,3151,4
0,GET,3167,3
0,GET,3183,2
0,GET,3199,5
0,GET,3215,4
0,GET,3231,7
0,GET,3247,2
0,GET,3263,3
0,GET,3279,1
0,GET,3295,3
0,GET,3311,1
0,GET,3327,6
0,GET,3343,3
0,GET,3359,7
0,GET,3375,3
0,GET,3391,2
0,GET,3407,2
0,GET,3423,7
0,GET,3439,3
0,GET,3455,3
0,GET,3471,2
0,GET,3487,2
0,GET,3503,6
0,GET,3519,2
0,GET,3535,2
0,GET,3551,1
0,GET,3567,1
0,GET,3583,4
0,GET,3599,3
0,GET,3615,4
0,GET,3631,1
0,GET,3647,2
0,GET,3663,2
0,GET,3679,1
0,GET,3695,2
0,GET,3711,3
0,GET,3727,4
0,GET,3743,3
0,GET,3759,2
0,GET,3775,1
0,GET,3807,5
0,GET,3823,4
0,GET,3839,3
0,GET,3855,2
0,GET,3871,3
0,GET,3887,1
0,GET,3919,3
0,GET,3967,1
0,GET,3983,2
0,GET,3999,1
0,GET,4015,2
0,GET,4031,3
0,GET,4063,3
0,GET,4079,2
0,GET,4095,3
0,GET,4127,2
0,GET,4159,3
0,GET,4191,5
0,GET,4223,4
0,GET,4255,5
0,GET,4287,3
0,GET,4319,2
0,GET,4351,3
0,GET,4383,3
0,GET,4415,6
0,GET,4447,1
0,GET,4479,5
0,GET,4511,3
0,GET,4575,3
0,GET,4607,1
0,GET,4639,3
0,GET,4703,4
0,GET,4735,3
0,GET,4767,3
0,GET,4831,2
0,GET,4863,3
0,GET,4895,3
0,GET,4927,2
0,GET,4959,1
0,GET,4991,2
0,GET,5023,4
0,GET,5055,2
0,GET,5151,2
0,GET,5311,1
0,GET,5343,1
0,GET,5439,1
0,GET,5471,2
0,GET,5535,2
0,GET,5599,1
0,GET,5887,2
0,GET,6367,1
0,GET,6527,1
0,GET,6943,1
0,DEL,122,1
0,DEL,127,1
0,DEL,136,1
0,DEL,138,1
0,DEL,139,1
0,DEL,145,1
0,DEL,147,1
0,DEL,149,1
0,DEL,153,1
0,DEL,157,1
0,DEL,163,1
0,DEL,168,1
0,DEL,170,1
0,DEL,172,1
0,DEL,176,1
0,DEL,182,2
0,DEL,183,2
0,DEL,184,2
0,DEL,185,2
0,DEL,187,1
0,DEL,189,1
0,DEL,190,1
0,DEL,191,3
0,DEL,192,1
0,DEL,193,2
0,DEL,197,2
0,DEL,198,1
0,DEL,200,1
0,DEL,201,1
0,DEL,202,1
0,DEL,203,3
0,DEL,204,1
0,DEL,205,2
0,DEL,207,1
0,DEL,209,1
0,DEL,210,2
0,DEL,211,2
0,DEL,213,1
0,DEL,214,3
0,DEL,215,2
0,DEL,216,2
0,DEL,217,2
0,DEL,218,1
0,DEL,219,1
0,DEL,220,2
0,DEL,221,3
0,DEL,222,2
0,DEL,225,1
0,DEL,226,3
0,DEL,227,1
0,DEL,228,2
0,DEL,229,3
0,DEL,230,1
0,DEL,233,1
0,DEL,234,1
0,DEL,240,1
0,DEL,241,1
0,DEL,244,1
0,DEL,250,1
0,DEL,251,1
0,DEL,252,1
0,DEL,254,1
0,DEL,257,2
0,DEL,259,2
0,DEL,261,1
0,DEL,265,1
0,DEL,269,1
0,DEL,271,1
0,DEL,273,1
0,DEL,275,1
0,DEL,279,1
0,DEL,283,1
0,DEL,287,1
0,DEL,295,1
0,DEL,303,1
0,DEL,315,2
0,DEL,319,2
0,DEL,331,2
0,DEL,333,2
0,DEL,335,1
0,DEL,337,1
0,DEL,345,1
0,DEL,349,1
0,DEL,367,2
0,DEL,371,3
0,DEL,373,1
0,DEL,375,1
0,DEL,379,1
0,DEL,389,1
0,DEL,399,2
0,DEL,403,1
0,DEL,413,1
0,DEL,423,2
0,DEL,431,1
0,DEL,435,1
0,DEL,453,1
0,DEL,455,1
0,DEL,483,2
0,DEL,487,1
0,DEL,493,1
0,DEL,507,2
0,DEL,515,1
0,DEL,519,2
0,DEL,523,2
0,DEL,531,1
0,DEL,543,1
0,DEL,547,1
0,DEL,551,1
0,DEL,559,1
0,DEL,563,1
0,DEL,595,1
0,DEL,599,1
0,DEL,607,1
0,DEL,615,1
0,DEL,619,1
0,DEL,627,1
0,DEL,667,4
0,DEL,675,1
0,DEL,679,1
0,DEL,711,1
0,DEL,715,1
0,DEL,747,1
0,DEL,751,1
0,DEL,767,1
0,DEL,779,1
0,DEL,783,1
0,DEL,787,1
0,DEL,795,1
0,DEL,807,2
0,DEL,811,1
0,DEL,835,1
0,DEL,843,2
0,DEL,855,1
0,DEL,863,1
0,DEL,883,1
0,DEL,923,1
0,DEL,927,1
0,DEL,947,1
0,DEL,967,1
0,DEL,1003,1
0,DEL,1031,1
0,DEL,1047,3
0,DEL,1063,1
0,DEL,1143,1
0,DEL,1159,1
0,DEL,1175,1
0,DEL,1191,1
0,DEL,1231,1
0,DEL,1239,1
0,DEL,1247,1
0,DEL,1479,1
0,DEL,1487,1
0,DEL,1503,1
0,DEL,1647,1
0,DEL,1719,1
0,DEL,1727,1
0,DEL,1799,1
0,DEL,1823,1
0,DEL,1863,2
0,DEL,1959,1
0,DEL,2111,1
0,DEL,2127,1
0,DEL,2175,1
0,DEL,2191,1
0,DEL,2319,2
0,DEL,2383,1
0,DEL,2399,1
0,DEL,2415,1
0,DEL,2495,1
0,DEL,2511,1
0,DEL,2527,1
0,DEL,2543,1
0,DEL,2559,1
0,DEL,2607,1
0,DEL,2623,1
0,DEL,2735,1
0,DEL,2799,1
0,DEL,2959,2
0,DEL,2991,1
0,DEL,3007,2
0,DEL,3023,1
0,DEL,3071,2
0,DEL,3087,1
0,DEL,3151,1
0,DEL,3167,1
0,DEL,3199,1
0,DEL,3247,2
0,DEL,3263,1
0,DEL,3311,2
0,DEL,3487,1
0,DEL,3503,1
0,DEL,3519,1
0,DEL,3535,1
0,DEL,3551,2
0,DEL,3567,1
0,DEL,3583,1
0,DEL,3631,1
0,DEL,3679,1
0,DEL,3743,1
0,DEL,3759,2
0,DEL,3791,1
0,DEL,3807,2
0,DEL,3823,3
0,DEL,3839,1
0,DEL,3887,1
0,DEL,3999,2
0,DEL,4031,1
0,DEL,4079,1
0,DEL,4191,1
0,DEL,4255,1
0,DEL,4319,1
0,DEL,4351,1
0,DEL,4415,1
0,DEL,4447,1
0,DEL,4511,1
0,DEL,4543,1
0,DEL,4639,2
0,DEL,4671,4
0,DEL,4703,1
0,DEL,4735,1
0,DEL,4767,1
0,DEL,4799,1
0,DEL,4831,1
0,DEL,4863,1
0,DEL,4895,1
0,DEL,4991,1
0,DEL,5055,1
0,DEL,5087,2
0,DEL,5407,1
0,DEL,5471,1
0,DEL,5503,1
0,DEL,5567,1
0,DEL,5631,1
0,DEL,5983,1
0,DEL,6111,1
0,DEL,6303,2
0,DEL,6335,1
0,DEL,6495,1
0,DEL,6559,1
0,DEL,6591,1
0,DEL,6911,1
0,DEL,7007,1
0,DEL,7071,1
0,DEL,7487,1
0,DEL,8255,1
0,DEL,8447,1
0,DEL,8831,1
0,DEL,26239,1
0,DEL,26495,1
0,DEL,39423,1
0,DEL,41471,2
0,DEL,42239,1
0,DEL,42751,1
0,DEL,43007,1
0,DEL,43519,1
0,DEL,44031,1
0,DEL,44543,1
0,DEL,45055,1
0,DEL,45311,1
0,DEL,45567,1
0,DEL,46079,2
0,DEL,46335,1
0,DEL,46591,2
0,DEL,46847,1
0,DEL,47103,2
0,DEL,47615,1
0,DEL,48127,2
0,DEL,48639,2
0,DEL,48895,2
0,DEL,49151,3
0,DEL,50175,1
0,DEL,50687,4
0,DEL,51455,2
0,DEL,51711,1
0,DEL,51967,2
0,DEL,52223,1
0,DEL,52479,1
0,DEL,52735,3
0,DEL,52991,1
0,DEL,53247,1
0,DEL,53503,3
0,DEL,53759,1
0,DEL,54015,2
0,DEL,54271,3
0,DEL,54527,2
0,DEL,54783,3
0,DEL,55039,1
0,DEL,55295,1
0,DEL,55551,1
0,DEL,55807,2
0,DEL,56063,1
0,DEL,56319,1
0,DEL,56575,3
0,DEL,57087,1
0,DEL,57343,1
0,DEL,57599,1
0,DEL,57855,1
0,DEL,58111,2
0,DEL,60159,1
0,DEL,60415,1
0,DEL,60671,2
0,DEL,62207,1
0,DEL,63487,1
0,DEL,64767,1
0,SET,149,1
0,SET,152,1
0,SET,173,1
0,SET,175,1
0,SET,188,1
0,SET,191,1
0,SET,192,1
0,SET,195,1
0,SET,196,1
0,SET,203,1
0,SET,205,1
0,SET,206,1
0,SET,207,1
0,SET,209,1
0,SET,210,1
0,SET,212,1
0,SET,219,1
0,SET,222,2
0,SET,224,1
0,SET,226,1
0,SET,228,1
0,SET,242,1
0,SET,254,1
0,SET,267,1
0,SET,297,1
0,SET,305,1
0,SET,311,1
0,SET,323,1
0,SET,387,1
0,SET,403,1
0,SET,449,1
0,SET,453,1
0,SET,515,1
0,SET,519,1
0,SET,571,1
0,SET,687,1
0,SET,699,1
0,SET,739,1
0,SET,747,1
0,SET,783,1
0,SET,823,1
0,SET,931,1
0,SET,935,1
0,SET,951,1
0,SET,1019,1
0,SET,1095,1
0,SET,1207,1
0,SET,1327,1
0,SET,1503,1
0,SET,1639,1
0,SET,1815,1
0,SET,1951,1
0,SET,1999,2
0,SET,2095,1
0,SET,2335,1
0,SET,2351,1
0,SET,2415,1
0,SET,2527,1
0,SET,2543,1
0,SET,2591,1
0,SET,2607,2
0,SET,2735,1
0,SET,2815,1
0,SET,2847,1
0,SET,2879,1
0,SET,2911,1
0,SET,2927,1
0,SET,3199,1
0,SET,3279,1
0,SET,3551,1
0,SET,3647,1
0,SET,3743,2
0,SET,3855,1
0,SET,3903,1
0,SET,4031,1
0,SET,4287,1
0,SET,4383,1
0,SET,4575,1
0,SET,4799,1
0,SET,5119,1
1,DEL,112,1
1,DEL,124,1
1,DEL,127,1
1,DEL,131,1
1,DEL,132,1
1,DEL,147,1
1,DEL,152,1
1,DEL,154,2
1,DEL,157,1
1,DEL,158,1
1,DEL,163,2
1,DEL,164,1
1,DEL,165,2
1,DEL,168,1
1,DEL,169,2
1,DEL,172,1
1,DEL,173,1
1,DEL,175,1
1,DEL,178,1
1,DEL,181,2
1,DEL,185,1
1,DEL,186,1
1,DEL,188,1
1,DEL,191,1
1,DEL,192,1
1,DEL,193,1
1,DEL,198,2
1,DEL,200,2
1,DEL,201,1
1,DEL,202,1
1,DEL,204,2
1,DEL,205,1
1,DEL,206,1
1,DEL,207,1
1,DEL,208,2
1,DEL,209,1
1,DEL,211,2
1,DEL,212,1
1,DEL,213,1
1,DEL,214,1
1,DEL,216,1
1,DEL,217,2
1,DEL,218,2
1,DEL,220,2
1,DEL,222,2
1,DEL,225,1
1,DEL,226,1
1,DEL,227,2
1,DEL,228,1
1,DEL,231,2
1,DEL,234,1
1,DEL,235,2
1,DEL,237,1
1,DEL,238,1
1,DEL,240,1
1,DEL,241,1
1,DEL,243,1
1,DEL,244,1
1,DEL,245,1
1,DEL,248,1
1,DEL,257,1
1,DEL,259,1
1,DEL,263,3
1,DEL,269,1
1,DEL,283,1
1,DEL,285,1
1,DEL,287,3
1,DEL,291,2
1,DEL,297,1
1,DEL,301,2
1,DEL,311,1
1,DEL,313,1
1,DEL,317,1
1,DEL,319,1
1,DEL,325,1
1,DEL,327,1
1,DEL,333,2
1,DEL,345,1
1,DEL,359,1
1,DEL,361,1
1,DEL,363,1
1,DEL,369,1
1,DEL,371,1
1,DEL,375,1
1,DEL,379,1
1,DEL,385,1
1,DEL,397,1
1,DEL,401,1
1,DEL,415,1
1,DEL,417,1
1,DEL,423,1
1,DEL,449,2
1,DEL,461,1
1,DEL,471,1
1,DEL,481,2
1,DEL,493,1
1,DEL,503,1
1,DEL,519,1
1,DEL,527,1
1,DEL,531,1
1,DEL,543,1
1,DEL,551,1
1,DEL,571,1
1,DEL,575,1
1,DEL,583,1
1,DEL,591,1
1,DEL,607,1
1,DEL,635,1
1,DEL,647,1
1,DEL,655,1
1,DEL,751,1
1,DEL,755,1
1,DEL,767,2
1,DEL,771,2
1,DEL,799,2
1,DEL,807,1
1,DEL,811,1
1,DEL,823,1
1,DEL,835,2
1,DEL,839,1
1,DEL,863,1
1,DEL,887,1
1,DEL,911,1
1,DEL,915,1
1,DEL,931,1
1,DEL,943,1
1,DEL,963,1
1,DEL,987,1
1,DEL,1055,1
1,DEL,1087,1
1,DEL,1103,1
1,DEL,1111,1
1,DEL,1127,1
1,DEL,1167,1
1,DEL,1183,1
1,DEL,1215,1
1,DEL,1231,1
1,DEL,1255,2
1,DEL,1279,2
1,DEL,1319,1
1,DEL,1335,1
1,DEL,1375,1
1,DEL,1407,1
1,DEL,1423,1
1,DEL,1439,1
1,DEL,1495,1
1,DEL,1639,1
1,DEL,1647,1
1,DEL,1695,1
1,DEL,1751,1
1,DEL,1791,1
1,DEL,1839,1
1,DEL,1879,1
1,DEL,2023,1
1,DEL,2095,1
1,DEL,2127,1
1,DEL,2143,1
1,DEL,2159,1
1,DEL,2207,1
1,DEL,2255,1
1,DEL,2287,1
1,DEL,2303,1
1,DEL,2335,1
1,DEL,2367,1
1,DEL,2399,1
1,DEL,2415,1
1,DEL,2479,1
1,DEL,2495,1
1,DEL,2591,1
1,DEL,2623,2
1,DEL,2639,1
1,DEL,2719,2
1,DEL,2767,1
1,DEL,2783,1
1,DEL,2863,1
1,DEL,2927,1
1,DEL,2943,1
1,DEL,2991,1
1,DEL,3039,1
1,DEL,3055,1
1,DEL,3071,1
1,DEL,3167,2
1,DEL,3183,1
1,DEL,3199,1
1,DEL,3247,1
1,DEL,3343,2
1,DEL,3359,2
1,DEL,3407,1
1,DEL,3471,1
1,DEL,3503,1
1,DEL,3519,1
1,DEL,3535,1
1,DEL,3551,1
1,DEL,3583,2
1,DEL,3615,1
1,DEL,3679,2
1,DEL,3695,1
1,DEL,3743,1
1,DEL,3759,1
1,DEL,3807,1
1,DEL,3823,1
1,DEL,3839,1
1,DEL,3871,1
1,DEL,3887,1
1,DEL,4015,1
1,DEL,4127,1
1,DEL,4159,1
1,DEL,4319,1
1,DEL,4351,1
1,DEL,4447,2
1,DEL,4479,2
1,DEL,4511,1
1,DEL,4543,1
1,DEL,4575,1
1,DEL,4607,3
1,DEL,4639,1
1,DEL,4671,3
1,DEL,4735,1
1,DEL,4767,1
1,DEL,4863,1
1,DEL,4895,1
1,DEL,4927,2
1,DEL,5023,1
1,DEL,5055,1
1,DEL,5151,1
1,DEL,5183,1
1,DEL,5215,2
1,DEL,5375,1
1,DEL,5407,2
1,DEL,5471,2
1,DEL,5823,1
1,DEL,5983,1
1,DEL,6015,1
1,DEL,6047,3
1,DEL,6463,1
1,DEL,6527,1
1,DEL,6559,2
1,DEL,6783,1
1,DEL,6879,1
1,DEL,6975,1
1,DEL,7103,2
1,DEL,7327,1
1,DEL,7455,1
1,DEL,9151,1
1,DEL,9215,1
1,DEL,12287,1
1,DEL,12863,1
1,DEL,13823,1
1,DEL,15167,1
1,DEL,17151,1
1,DEL,18303,1
1,DEL,20607,1
1,DEL,23295,1
1,DEL,34815,1
1,DEL,37631,1
1,DEL,38911,1
1,DEL,41727,1
1,DEL,42239,1
1,DEL,42495,1
1,DEL,43263,1
1,DEL,43519,1
1,DEL,44799,1
1,DEL,45055,1
1,DEL,46335,1
1,DEL,46591,2
1,DEL,47103,2
1,DEL,47359,3
1,DEL,47615,1
1,DEL,47871,1
1,DEL,48127,1
1,DEL,48639,1
1,DEL,49151,2
1,DEL,49407,1
1,DEL,49663,4
1,DEL,49919,2
1,DEL,50175,2
1,DEL,50431,4
1,DEL,50687,3
1,DEL,50943,3
1,DEL,51199,1
1,DEL,51455,1
1,DEL,51711,1
1,DEL,51967,2
1,DEL,52223,2
1,DEL,52479,2
1,DEL,52735,2
1,DEL,52991,2
1,DEL,53503,2
1,DEL,54015,3
1,DEL,54271,2
1,DEL,54527,3
1,DEL,54783,3
1,DEL,55039,1
1,DEL,55295,1
1,DEL,55551,4
1,DEL,56063,1
1,DEL,56319,2
1,DEL,56575,1
1,DEL,57599,1
1,DEL,58111,1
1,DEL,58623,1
1,DEL,59647,1
1,DEL,60415,1
1,DEL,60671,1
1,DEL,60927,1
1,DEL,63743,1
1,GET,97,1
1,GET,105,1
1,GET,112,1
1,GET,118,1
1,GET,125,1
1,GET,127,1
1,GET,132,1
1,GET,133,1
1,GET,136,1
1,GET,146,1
1,GET,150,1
1,GET,153,1
1,GET,154,1
1,GET,156,1
1,GET,157,3
1,GET,159,1
1,GET,162,1
1,GET,163,2
1,GET,164,1
1,GET,165,1
1,GET,168,2
1,GET,169,3
1,GET,170,1
1,GET,171,1
1,GET,172,1
1,GET,173,2
1,GET,174,1
1,GET,175,1
1,GET,176,5
1,GET,177,4
1,GET,178,1
1,GET,179,4
1,GET,180,2
1,GET,181,2
1,GET,183,1
1,GET,184,2
1,GET,185,5
1,GET,186,1
1,GET,188,1
1,GET,189,3
1,GET,190,5
1,GET,191,8
1,GET,192,2
1,GET,193,5
1,GET,194,4
1,GET,195,1
1,GET,196,1
1,GET,197,4
1,GET,198,1
1,GET,199,2
1,GET,200,4
1,GET,201,2
1,GET,202,2
1,GET,203,4
1,GET,204,1
1,GET,205,4
1,GET,206,3
1,GET,207,1
1,GET,208,5
1,GET,209,1
1,GET,210,5
1,GET,211,2
1,GET,212,5
1,GET,213,3
1,GET,214,2
1,GET,215,4
1,GET,216,5
1,GET,217,2
1,GET,218,1
1,GET,219,3
1,GET,220,4
1,GET,221,1
1,GET,223,1
1,GET,224,3
1,GET,225,2
1,GET,226,5
1,GET,227,2
1,GET,228,3
1,GET,230,1
1,GET,231,1
1,GET,232,2
1,GET,233,4
1,GET,234,2
1,GET,235,2
1,GET,236,3
1,GET,237,1
1,GET,238,3
1,GET,239,1
1,GET,240,2
1,GET,241,1
1,GET,242,1
1,GET,243,3
1,GET,244,2
1,GET,246,4
1,GET,248,2
1,GET,249,2
1,GET,250,1
1,GET,251,2
1,GET,252,3
1,GET,254,1
1,GET,257,5
1,GET,259,5
1,GET,261,1
1,GET,263,1
1,GET,265,3
1,GET,267,3
1,GET,269,4
1,GET,273,2
1,GET,275,4
1,GET,277,5
1,GET,281,1
1,GET,283,1
1,GET,285,1
1,GET,287,2
1,GET,289,3
1,GET,293,2
1,GET,295,1
1,GET,297,1
1,GET,299,2
1,GET,303,5
1,GET,307,1
1,GET,309,2
1,GET,311,3
1,GET,315,2
1,GET,317,1
1,GET,323,4
1,GET,327,1
1,GET,331,1
1,GET,333,2
1,GET,335,2
1,GET,337,3
1,GET,339,1
1,GET,341,1
1,GET,343,1
1,GET,345,3
1,GET,355,2
1,GET,357,2
1,GET,359,1
1,GET,361,1
1,GET,367,1
1,GET,369,4
1,GET,371,1
1,GET,377,1
1,GET,379,2
1,GET,381,1
1,GET,387,1
1,GET,389,2
1,GET,393,1
1,GET,395,1
1,GET,397,2
1,GET,403,3
1,GET,407,1
1,GET,413,1
1,GET,415,1
1,GET,419,2
1,GET,423,1
1,GET,425,1
1,GET,429,1
1,GET,437,1
1,GET,441,1
1,GET,443,2
1,GET,453,1
1,GET,455,1
1,GET,457,2
1,GET,461,2
1,GET,463,1
1,GET,465,1
1,GET,469,1
1,GET,475,1
1,GET,477,1
1,GET,489,1
1,GET,497,1
1,GET,499,1
1,GET,501,1
1,GET,505,1
1,GET,509,2
1,GET,515,2
1,GET,527,1
1,GET,535,4
1,GET,539,1
1,GET,543,1
1,GET,587,1
1,GET,595,2
1,GET,607,1
1,GET,611,1
1,GET,615,3
1,GET,623,1
1,GET,627,1
1,GET,631,2
1,GET,635,2
1,GET,639,2
1,GET,643,1
1,GET,647,2
1,GET,663,3
1,GET,667,3
1,GET,671,2
1,GET,675,2
1,GET,683,4
1,GET,691,3
1,GET,695,1
1,GET,699,3
1,GET,703,1
1,GET,707,3
1,GET,711,2
1,GET,715,1
1,GET,719,2
1,GET,727,2
1,GET,735,1
1,GET,739,1
1,GET,743,1
1,GET,747,2
1,GET,755,1
1,GET,771,1
1,GET,775,1
1,GET,779,1
1,GET,783,1
1,GET,787,1
1,GET,791,2
1,GET,795,2
1,GET,807,1
1,GET,823,1
1,GET,827,1
1,GET,831,3
1,GET,835,2
1,GET,843,1
1,GET,847,1
1,GET,851,1
1,GET,859,1
1,GET,863,2
1,GET,867,2
1,GET,871,1
1,GET,875,4
1,GET,879,1
1,GET,883,1
1,GET,891,2
1,GET,895,1
1,GET,899,2
1,GET,907,1
1,GET,915,2
1,GET,935,3
1,GET,939,3
1,GET,947,1
1,GET,955,1
1,GET,967,1
1,GET,971,1
1,GET,975,1
1,GET,979,3
1,GET,983,2
1,GET,987,1
1,GET,999,2
1,GET,1007,2
1,GET,1011,1
1,GET,1015,1
1,GET,1031,2
1,GET,1039,2
1,GET,1047,1
1,GET,1079,3
1,GET,1087,2
1,GET,1095,1
1,GET,1119,4
1,GET,1127,1
1,GET,1135,1
1,GET,1151,1
1,GET,1159,1
1,GET,1167,2
1,GET,1175,2
1,GET,1191,3
1,GET,1199,1
1,GET,1207,1
1,GET,1215,2
1,GET,1223,1
1,GET,1231,3
1,GET,1239,3
1,GET,1247,1
1,GET,1255,3
1,GET,1263,2
1,GET,1271,2
1,GET,1279,2
1,GET,1295,2
1,GET,1303,2
1,GET,1311,1
1,GET,1319,1
1,GET,1327,1
1,GET,1343,1
1,GET,1375,1
1,GET,1383,3
1,GET,1391,2
1,GET,1399,1
1,GET,1407,5
1,GET,1415,4
1,GET,1423,1
1,GET,1431,1
1,GET,1439,3
1,GET,1447,1
1,GET,1455,2
1,GET,1471,1
1,GET,1479,1
1,GET,1495,2
1,GET,1503,2
1,GET,1511,2
1,GET,1519,3
1,GET,1535,1
1,GET,1543,1
1,GET,1551,2
1,GET,1559,1
1,GET,1575,2
1,GET,1583,1
1,GET,1591,2
1,GET,1599,1
1,GET,1615,1
1,GET,1647,2
1,GET,1663,3
1,GET,1671,1
1,GET,1679,1
1,GET,1695,4
1,GET,1703,1
1,GET,1719,2
1,GET,1727,1
1,GET,1735,1
1,GET,1751,4
1,GET,1759,1
1,GET,1775,1
1,GET,1791,1
1,GET,1799,2
1,GET,1807,2
1,GET,1815,2
1,GET,1823,1
1,GET,1839,1
1,GET,1847,1
1,GET,1855,1
1,GET,1863,4
1,GET,1879,1
1,GET,1903,1
1,GET,1911,1
1,GET,1935,1
1,GET,1943,1
1,GET,1951,1
1,GET,1959,1
1,GET,1967,2
1,GET,1983,5
1,GET,1999,1
1,GET,2023,2
1,GET,2031,2
1,GET,2039,1
1,GET,2063,1
1,GET,2079,4
1,GET,2095,2
1,GET,2111,3
1,GET,2127,3
1,GET,2143,1
1,GET,2159,1
1,GET,2175,2
1,GET,2191,2
1,GET,2207,2
1,GET,2223,2
1,GET,2239,1
1,GET,2255,2
1,GET,2271,4
1,GET,2287,2
1,GET,2303,4
1,GET,2319,2
1,GET,2351,2
1,GET,2367,1
1,GET,2383,6
1,GET,2399,4
1,GET,2415,2
1,GET,2431,4
1,GET,2447,2
1,GET,2463,3
1,GET,2479,3
1,GET,2495,4
1,GET,2511,1
1,GET,2527,7
1,GET,2543,3
1,GET,2559,2
1,GET,2575,2
1,GET,2591,5
1,GET,2607,4
1,GET,2623,8
1,GET,2639,4
1,GET,2671,3
1,GET,2687,3
1,GET,2703,5
1,GET,2735,4
1,GET,2751,3
1,GET,2767,3
1,GET,2783,8
1,GET,2799,5
1,GET,2815,2
1,GET,2831,3
1,GET,2847,2
1,GET,2863,1
1,GET,2879,1
1,GET,2911,4
1,GET,2927,5
1,GET,2943,3
1,GET,2959,1
1,GET,2975,3
1,GET,2991,2
1,GET,3007,5
1,GET,3039,1
1,GET,3055,3
1,GET,3071,4
1,GET,3087,4
1,GET,3103,5
1,GET,3119,3
1,GET,3135,3
1,GET,3151,2
1,GET,3167,6
1,GET,3183,2
1,GET,3199,5
1,GET,3215,3
1,GET,3231,5
1,GET,3247,2
1,GET,3263,7
1,GET,3279,1
1,GET,3295,2
1,GET,3311,2
1,GET,3327,4
1,GET,3343,3
1,GET,3359,3
1,GET,3375,4
1,GET,3391,3
1,GET,3407,4
1,GET,3423,2
1,GET,3439,1
1,GET,3455,1
1,GET,3471,3
1,GET,3487,1
1,GET,3503,3
1,GET,3519,6
1,GET,3535,1
1,GET,3551,3
1,GET,3567,4
1,GET,3583,1
1,GET,3599,3
1,GET,3615,3
1,GET,3631,2
1,GET,3647,2
1,GET,3663,1
1,GET,3679,3
1,GET,3695,1
1,GET,3727,2
1,GET,3743,2
1,GET,3759,2
1,GET,3775,4
1,GET,3807,1
1,GET,3823,2
1,GET,3839,3
1,GET,3855,5
1,GET,3871,3
1,GET,3887,3
1,GET,3919,4
1,GET,3935,2
1,GET,3951,3
1,GET,3967,2
1,GET,3983,4
1,GET,3999,1
1,GET,4031,3
1,GET,4063,1
1,GET,4079,1
1,GET,4095,2
1,GET,4127,6
1,GET,4159,3
1,GET,4191,3
1,GET,4223,2
1,GET,4255,5
1,GET,4287,1
1,GET,4319,6
1,GET,4351,1
1,GET,4383,5
1,GET,4415,3
1,GET,4447,4
1,GET,4479,2
1,GET,4511,3
1,GET,4543,2
1,GET,4575,1
1,GET,4639,2
1,GET,4671,6
1,GET,4703,4
1,GET,4735,4
1,GET,4767,2
1,GET,4799,2
1,GET,4831,1
1,GET,4895,1
1,GET,4991,1
1,GET,5023,1
1,GET,5055,1
1,GET,5087,2
1,GET,5183,1
1,GET,5215,2
1,GET,5311,1
1,GET,5343,2
1,GET,5375,1
1,GET,5407,1
1,GET,5439,2
1,GET,5599,1
1,GET,5727,1
1,GET,5759,1
1,GET,5791,1
1,GET,5855,2
1,GET,5919,1
1,GET,5951,1
1,GET,6047,1
1,GET,6079,1
1,GET,6175,1
1,GET,7167,1
1,SET,174,1
1,SET,183,1
1,SET,187,1
1,SET,190,1
1,SET,191,2
1,SET,192,1
1,SET,198,1
1,SET,201,1
1,SET,211,1
1,SET,218,1
1,SET,230,2
1,SET,242,1
1,SET,255,1
1,SET,259,1
1,SET,267,1
1,SET,271,1
1,SET,329,1
1,SET,369,1
1,SET,439,1
1,SET,455,1
1,SET,505,1
1,SET,579,1
1,SET,615,1
1,SET,631,1
1,SET,651,1
1,SET,663,1
1,SET,667,1
1,SET,719,1
1,SET,743,1
1,SET,747,1
1,SET,767,1
1,SET,803,1
1,SET,839,1
1,SET,915,1
1,SET,943,1
1,SET,971,1
1,SET,1007,1
1,SET,1015,1
1,SET,1019,1
1,SET,1095,1
1,SET,1271,2
1,SET,1279,1
1,SET,1343,1
1,SET,1439,1
1,SET,1567,1
1,SET,1599,1
1,SET,1655,1
1,SET,1735,1
1,SET,1759,1
1,SET,1823,1
1,SET,2159,1
1,SET,2351,1
1,SET,2559,1
1,SET,2607,2
1,SET,2639,1
1,SET,2735,1
1,SET,2751,2
1,SET,2799,1
1,SET,2831,1
1,SET,2911,1
1,SET,2991,1
1,SET,3119,1
1,SET,3311,1
1,SET,3327,1
1,SET,3407,1
1,SET,3471,1
1,SET,3567,2
1,SET,3583,1
1,SET,3615,1
1,SET,3631,1
1,SET,3823,1
1,SET,4031,1
1,SET,4095,1
1,SET,4127,1
1,SET,4255,1
1,SET,4351,1
1,SET,4799,1
2,DEL,114,1
2,DEL,120,1
2,DEL,126,1
2,DEL,138,1
2,DEL,151,1
2,DEL,152,1
2,DEL,159,1
2,DEL,161,1
2,DEL,170,1
2,DEL,171,1
2,DEL,172,2
2,DEL,174,1
2,DEL,175,2
2,DEL,176,2
2,DEL,177,1
2,DEL,178,1
2,DEL,179,1
2,DEL,183,2
2,DEL,184,1
2,DEL,185,1
2,DEL,186,1
2,DEL,187,1
2,DEL,188,2
2,DEL,191,1
2,DEL,192,4
2,DEL,195,4
2,DEL,196,3
2,DEL,199,1
2,DEL,200,1
2,DEL,201,3
2,DEL,203,4
2,DEL,205,2
2,DEL,206,2
2,DEL,207,2
2,DEL,208,5
2,DEL,209,1
2,DEL,211,7
2,DEL,212,2
2,DEL,213,1
2,DEL,214,1
2,DEL,215,4
2,DEL,217,2
2,DEL,218,2
2,DEL,220,2
2,DEL,221,1
2,DEL,222,1
2,DEL,223,1
2,DEL,224,2
2,DEL,225,1
2,DEL,228,1
2,DEL,230,2
2,DEL,234,1
2,DEL,235,1
2,DEL,236,1
2,DEL,238,2
2,DEL,239,1
2,DEL,243,1
2,DEL,244,1
2,DEL,245,2
2,DEL,247,1
2,DEL,248,1
2,DEL,251,1
2,DEL,252,1
2,DEL,254,1
2,DEL,257,1
2,DEL,261,2
2,DEL,263,2
2,DEL,267,1
2,DEL,271,1
2,DEL,281,1
2,DEL,285,1
2,DEL,291,3
2,DEL,295,1
2,DEL,307,1
2,DEL,311,1
2,DEL,327,1
2,DEL,331,1
2,DEL,339,1
2,DEL,345,1
2,DEL,361,1
2,DEL,367,1
2,DEL,373,1
2,DEL,379,1
2,DEL,385,1
2,DEL,391,1
2,DEL,393,1
2,DEL,397,1
2,DEL,409,1
2,DEL,415,1
2,DEL,419,1
2,DEL,427,2
2,DEL,429,1
2,DEL,433,1
2,DEL,441,1
2,DEL,445,1
2,DEL,447,2
2,DEL,453,1
2,DEL,459,1
2,DEL,483,1
2,DEL,491,1
2,DEL,495,1
2,DEL,505,1
2,DEL,511,1
2,DEL,527,1
2,DEL,531,2
2,DEL,535,1
2,DEL,539,2
2,DEL,575,1
2,DEL,579,1
2,DEL,583,1
2,DEL,599,1
2,DEL,603,1
2,DEL,611,1
2,DEL,631,1
2,DEL,643,1
2,DEL,647,2
2,DEL,667,1
2,DEL,687,1
2,DEL,691,1
2,DEL,711,1
2,DEL,723,1
2,DEL,727,1
2,DEL,731,2
2,DEL,751,1
2,DEL,759,1
2,DEL,767,1
2,DEL,771,2
2,DEL,775,1
2,DEL,779,1
2,DEL,795,2
2,DEL,799,2
2,DEL,811,2
2,DEL,815,2
2,DEL,827,1
2,DEL,843,1
2,DEL,847,2
2,DEL,887,1
2,DEL,923,2
2,DEL,939,1
2,DEL,955,1
2,DEL,971,2
2,DEL,975,2
2,DEL,1015,1
2,DEL,1047,2
2,DEL,1087,1
2,DEL,1111,2
2,DEL,1127,1
2,DEL,1135,1
2,DEL,1151,1
2,DEL,1159,1
2,DEL,1215,1
2,DEL,1231,2
2,DEL,1255,1
2,DEL,1303,1
2,DEL,1399,1
2,DEL,1415,1
2,DEL,1495,1
2,DEL,1519,1
2,DEL,1543,1
2,DEL,1711,1
2,DEL,1863,1
2,DEL,1895,1
2,DEL,2063,1
2,DEL,2159,1
2,DEL,2175,2
2,DEL,2223,2
2,DEL,2479,1
2,DEL,2751,1
2,DEL,2767,1
2,DEL,2783,1
2,DEL,2895,1
2,DEL,2927,2
2,DEL,2975,1
2,DEL,2991,2
2,DEL,3039,1
2,DEL,3087,1
2,DEL,3247,1
2,DEL,3295,1
2,DEL,3311,1
2,DEL,3423,3
2,DEL,3439,1
2,DEL,3455,2
2,DEL,3503,2
2,DEL,3535,1
2,DEL,3583,1
2,DEL,3663,1
2,DEL,3743,1
2,DEL,3791,1
2,DEL,3871,1
2,DEL,3887,2
2,DEL,3903,1
2,DEL,3951,1
2,DEL,3967,3
2,DEL,4015,1
2,DEL,4047,1
2,DEL,4079,1
2,DEL,4255,1
2,DEL,4287,1
2,DEL,4319,1
2,DEL,4351,1
2,DEL,4415,2
2,DEL,4447,2
2,DEL,4639,2
2,DEL,4703,1
2,DEL,4735,2
2,DEL,4799,1
2,DEL,4831,1
2,DEL,5023,1
2,DEL,5151,1
2,DEL,5279,1
2,DEL,5471,1
2,DEL,5535,1
2,DEL,5599,1
2,DEL,5631,1
2,DEL,5695,1
2,DEL,5727,1
2,DEL,5887,3
2,DEL,5951,1
2,DEL,6207,2
2,DEL,6367,1
2,DEL,6559,1
2,DEL,6815,1
2,DEL,7231,1
2,DEL,7743,1
2,DEL,8895,1
2,DEL,10303,1
2,DEL,10943,1
2,DEL,11199,1
2,DEL,11455,1
2,DEL,11775,1
2,DEL,11967,1
2,DEL,12031,1
2,DEL,12223,1
2,DEL,13503,1
2,DEL,16063,1
2,DEL,16639,2
2,DEL,19583,1
2,DEL,20479,1
2,DEL,24319,2
2,DEL,24959,1
2,DEL,28927,1
2,DEL,31743,1
2,DEL,31999,1
2,DEL,37631,1
2,DEL,38655,1
2,DEL,40959,1
2,DEL,43519,1
2,DEL,44543,1
2,DEL,44799,1
2,DEL,46079,1
2,DEL,46335,1
2,DEL,46591,2
2,DEL,47103,1
2,DEL,47359,1
2,DEL,47615,2
2,DEL,48127,2
2,DEL,48383,1
2,DEL,48639,2
2,DEL,48895,4
2,DEL,49151,2
2,DEL,49407,2
2,DEL,49663,1
2,DEL,49919,3
2,DEL,50175,5
2,DEL,50431,2
2,DEL,50687,4
2,DEL,50943,5
2,DEL,51199,3
2,DEL,51455,3
2,DEL,51711,1
2,DEL,51967,3
2,DEL,52223,1
2,DEL,52479,1
2,DEL,52735,3
2,DEL,53503,2
2,DEL,53759,1
2,DEL,54015,3
2,DEL,54271,2
2,DEL,54527,1
2,DEL,55295,1
2,DEL,55551,1
2,DEL,55807,3
2,DEL,56063,2
2,DEL,56575,2
2,DEL,56831,1
2,DEL,57343,2
2,DEL,57599,1
2,DEL,57855,1
2,DEL,58111,2
2,DEL,58367,1
2,DEL,60671,2
2,GET,96,1
2,GET,97,1
2,GET,103,2
2,GET,104,2
2,GET,113,1
2,GET,115,2
2,GET,117,1
2,GET,121,1
2,GET,122,2
2,GET,124,1
2,GET,127,1
2,GET,129,1
2,GET,131,1
2,GET,134,1
2,GET,135,1
2,GET,136,2
2,GET,138,1
2,GET,140,2
2,GET,141,1
2,GET,142,3
2,GET,144,1
2,GET,145,1
2,GET,146,1
2,GET,149,2
2,GET,150,1
2,GET,151,2
2,GET,152,1
2,GET,153,2
2,GET,154,3
2,GET,155,3
2,GET,156,1
2,GET,157,2
2,GET,159,5
2,GET,160,2
2,GET,161,4
2,GET,162,1
2,GET,164,3
2,GET,166,1
2,GET,167,2
2,GET,168,2
2,GET,169,3
2,GET,171,4
2,GET,172,2
2,GET,173,2
2,GET,174,4
2,GET,175,1
2,GET,176,3
2,GET,177,3
2,GET,178,3
2,GET,179,5
2,GET,181,4
2,GET,182,2
2,GET,183,5
2,GET,184,4
2,GET,185,3
2,GET,186,3
2,GET,189,2
2,GET,190,3
2,GET,191,1
2,GET,192,4
2,GET,193,5
2,GET,194,2
2,GET,195,2
2,GET,196,2
2,GET,197,4
2,GET,198,1
2,GET,199,4
2,GET,200,5
2,GET,201,4
2,GET,202,1
2,GET,203,6
2,GET,204,5
2,GET,205,3
2,GET,206,5
2,GET,207,2
2,GET,208,2
2,GET,209,1
2,GET,210,4
2,GET,211,2
2,GET,212,1
2,GET,213,3
2,GET,214,1
2,GET,215,3
2,GET,216,3
2,GET,217,4
2,GET,218,3
2,GET,219,3
2,GET,220,3
2,GET,222,1
2,GET,223,4
2,GET,225,2
2,GET,226,1
2,GET,227,4
2,GET,229,1
2,GET,230,2
2,GET,231,1
2,GET,232,4
2,GET,233,4
2,GET,235,3
2,GET,236,1
2,GET,237,1
2,GET,238,2
2,GET,239,2
2,GET,242,4
2,GET,243,2
2,GET,244,3
2,GET,245,1
2,GET,246,2
2,GET,247,1
2,GET,248,1
2,GET,249,2
2,GET,250,2
2,GET,251,2
2,GET,252,1
2,GET,253,1
2,GET,254,3
2,GET,255,1
2,GET,261,3
2,GET,263,3
2,GET,267,3
2,GET,269,1
2,GET,271,1
2,GET,273,3
2,GET,277,2
2,GET,281,1
2,GET,283,1
2,GET,285,2
2,GET,287,2
2,GET,289,1
2,GET,291,2
2,GET,293,2
2,GET,297,1
2,GET,299,3
2,GET,303,2
2,GET,305,1
2,GET,307,2
2,GET,313,1
2,GET,315,1
2,GET,317,3
2,GET,319,2
2,GET,323,1
2,GET,329,2
2,GET,331,1
2,GET,333,1
2,GET,339,1
2,GET,341,1
2,GET,343,3
2,GET,349,1
2,GET,351,2
2,GET,355,2
2,GET,363,1
2,GET,365,1
2,GET,369,1
2,GET,373,3
2,GET,381,1
2,GET,385,1
2,GET,389,1
2,GET,391,1
2,GET,395,2
2,GET,401,1
2,GET,405,2
2,GET,411,2
2,GET,423,2
2,GET,425,1
2,GET,427,1
2,GET,429,2
2,GET,431,1
2,GET,433,1
2,GET,435,2
2,GET,439,2
2,GET,441,2
2,GET,447,1
2,GET,449,2
2,GET,453,1
2,GET,459,3
2,GET,463,1
2,GET,495,1
2,GET,501,1
2,GET,503,1
2,GET,507,1
2,GET,515,1
2,GET,519,3
2,GET,527,2
2,GET,531,1
2,GET,539,1
2,GET,543,1
2,GET,551,1
2,GET,555,1
2,GET,563,1
2,GET,567,3
2,GET,571,1
2,GET,575,1
2,GET,579,1
2,GET,595,1
2,GET,607,2
2,GET,611,1
2,GET,615,1
2,GET,619,2
2,GET,623,1
2,GET,627,3
2,GET,631,3
2,GET,635,1
2,GET,639,1
2,GET,643,1
2,GET,647,2
2,GET,651,2
2,GET,655,1
2,GET,659,3
2,GET,663,1
2,GET,667,1
2,GET,671,2
2,GET,675,1
2,GET,679,1
2,GET,683,1
2,GET,687,1
2,GET,695,1
2,GET,703,1
2,GET,707,2
2,GET,711,2
2,GET,719,2
2,GET,723,1
2,GET,735,1
2,GET,747,2
2,GET,751,1
2,GET,755,1
2,GET,759,1
2,GET,763,3
2,GET,771,1
2,GET,775,1
2,GET,779,2
2,GET,783,3
2,GET,791,2
2,GET,795,3
2,GET,799,2
2,GET,807,3
2,GET,815,1
2,GET,827,1
2,GET,831,2
2,GET,839,1
2,GET,843,1
2,GET,847,1
2,GET,855,1
2,GET,859,1
2,GET,867,2
2,GET,875,2
2,GET,883,1
2,GET,891,1
2,GET,899,1
2,GET,911,3
2,GET,923,2
2,GET,959,2
2,GET,971,1
2,GET,975,1
2,GET,991,1
2,GET,999,2
2,GET,1011,1
2,GET,1015,1
2,GET,1019,2
2,GET,1023,3
2,GET,1039,1
2,GET,1047,4
2,GET,1055,3
2,GET,1071,3
2,GET,1087,3
2,GET,1095,2
2,GET,1103,1
2,GET,1111,3
2,GET,1119,3
2,GET,1127,1
2,GET,1135,2
2,GET,1143,2
2,GET,1151,5
2,GET,1159,1
2,GET,1167,3
2,GET,1175,3
2,GET,1183,1
2,GET,1199,3
2,GET,1207,5
2,GET,1215,5
2,GET,1223,3
2,GET,1231,5
2,GET,1239,2
2,GET,1247,1
2,GET,1255,3
2,GET,1263,1
2,GET,1271,3
2,GET,1279,1
2,GET,1287,1
2,GET,1303,4
2,GET,1311,1
2,GET,1319,3
2,GET,1335,1
2,GET,1343,2
2,GET,1359,4
2,GET,1375,2
2,GET,1383,3
2,GET,1391,2
2,GET,1399,1
2,GET,1415,1
2,GET,1423,4
2,GET,1431,2
2,GET,1455,1
2,GET,1463,3
2,GET,1471,2
2,GET,1479,4
2,GET,1495,1
2,GET,1503,1
2,GET,1511,2
2,GET,1519,2
2,GET,1527,1
2,GET,1535,2
2,GET,1559,2
2,GET,1591,1
2,GET,1607,1
2,GET,1615,1
2,GET,1631,1
2,GET,1647,1
2,GET,1655,2
2,GET,1671,2
2,GET,1687,1
2,GET,1703,1
2,GET,1711,2
2,GET,1727,1
2,GET,1743,1
2,GET,1759,2
2,GET,1767,1
2,GET,1783,2
2,GET,1791,1
2,GET,1807,3
2,GET,1815,1
2,GET,1839,2
2,GET,1855,2
2,GET,1863,2
2,GET,1879,2
2,GET,1895,1
2,GET,1911,2
2,GET,1919,1
2,GET,1927,1
2,GET,1951,2
2,GET,1959,1
2,GET,1967,1
2,GET,1975,1
2,GET,1983,1
2,GET,1999,2
2,GET,2007,1
2,GET,2023,1
2,GET,2031,3
2,GET,2039,3
2,GET,2047,1
2,GET,2063,1
2,GET,2079,2
2,GET,2095,4
2,GET,2111,2
2,GET,2127,1
2,GET,2143,4
2,GET,2191,4
2,GET,2207,1
2,GET,2223,2
2,GET,2239,4
2,GET,2271,3
2,GET,2287,4
2,GET,2303,3
2,GET,2319,1
2,GET,2335,3
2,GET,2351,3
2,GET,2367,4
2,GET,2383,4
2,GET,2399,3
2,GET,2415,3
2,GET,2431,2
2,GET,2447,3
2,GET,2463,1
2,GET,2479,2
2,GET,2495,3
2,GET,2511,3
2,GET,2543,5
2,GET,2575,2
2,GET,2607,3
2,GET,2623,7
2,GET,2639,3
2,GET,2655,6
2,GET,2671,5
2,GET,2687,1
2,GET,2703,4
2,GET,2719,7
2,GET,2735,1
2,GET,2751,2
2,GET,2767,2
2,GET,2783,3
2,GET,2799,4
2,GET,2815,5
2,GET,2831,5
2,GET,2847,3
2,GET,2863,3
2,GET,2879,3
2,GET,2895,2
2,GET,2911,1
2,GET,2943,5
2,GET,2959,2
2,GET,2975,3
2,GET,2991,4
2,GET,3007,4
2,GET,3023,3
2,GET,3039,2
2,GET,3055,4
2,GET,3071,4
2,GET,3103,4
2,GET,3119,4
2,GET,3135,4
2,GET,3151,4
2,GET,3183,2
2,GET,3199,1
2,GET,3215,2
2,GET,3231,4
2,GET,3247,2
2,GET,3263,4
2,GET,3279,3
2,GET,3295,6
2,GET,3311,1
2,GET,3327,7
2,GET,3343,5
2,GET,3375,1
2,GET,3391,1
2,GET,3407,4
2,GET,3423,4
2,GET,3439,3
2,GET,3455,3
2,GET,3471,1
2,GET,3487,2
2,GET,3503,3
2,GET,3535,2
2,GET,3551,1
2,GET,3583,4
2,GET,3599,3
2,GET,3631,2
2,GET,3647,1
2,GET,3663,2
2,GET,3679,2
2,GET,3695,3
2,GET,3711,2
2,GET,3727,4
2,GET,3743,5
2,GET,3759,1
2,GET,3791,2
2,GET,3807,1
2,GET,3823,1
2,GET,3839,1
2,GET,3855,5
2,GET,3871,1
2,GET,3887,2
2,GET,3903,2
2,GET,3919,3
2,GET,3951,3
2,GET,3967,3
2,GET,3999,1
2,GET,4015,2
2,GET,4031,3
2,GET,4047,1
2,GET,4063,2
2,GET,4079,2
2,GET,4127,4
2,GET,4191,3
2,GET,4223,3
2,GET,4255,3
2,GET,4287,3
2,GET,4319,1
2,GET,4351,1
2,GET,4383,2
2,GET,4415,1
2,GET,4447,5
2,GET,4511,3
2,GET,4543,1
2,GET,4575,2
2,GET,4607,3
2,GET,4639,3
2,GET,4671,3
2,GET,4703,1
2,GET,4735,4
2,GET,4767,1
2,GET,4863,2
2,GET,4895,1
2,GET,4927,3
2,GET,4959,1
2,GET,5055,2
2,GET,5119,2
2,GET,5183,1
2,GET,5215,2
2,GET,5247,1
2,GET,5343,1
2,GET,5375,3
2,GET,5439,1
2,GET,5535,1
2,GET,5567,1
2,GET,5599,2
2,GET,5663,1
2,GET,5759,1
2,GET,5791,2
2,GET,5919,1
2,GET,6079,1
2,GET,6335,2
2,SET,115,1
2,SET,123,1
2,SET,135,1
2,SET,158,1
2,SET,174,1
2,SET,175,1
2,SET,180,2
2,SET,194,1
2,SET,197,1
2,SET,227,1
2,SET,238,1
2,SET,271,1
2,SET,301,1
2,SET,303,1
2,SET,379,1
2,SET,519,1
2,SET,527,1
2,SET,535,1
2,SET,539,2
2,SET,591,1
2,SET,627,1
2,SET,1087,1
2,SET,1111,1
2,SET,1119,1
2,SET,1135,1
2,SET,1247,1
2,SET,1279,1
2,SET,1287,1
2,SET,1351,1
2,SET,1431,1
2,SET,1487,1
2,SET,1495,1
2,SET,1543,1
2,SET,1655,1
2,SET,2191,1
2,SET,2255,1
2,SET,2335,1
2,SET,2367,1
2,SET,2463,1
2,SET,2479,1
2,SET,2543,1
2,SET,2623,1
2,SET,2687,1
2,SET,2703,1
2,SET,2783,1
2,SET,2799,1
2,SET,2895,1
2,SET,2911,1
2,SET,2959,1
2,SET,2991,1
2,SET,3007,1
2,SET,3183,1
2,SET,3263,1
2,SET,3423,1
2,SET,3551,1
2,SET,3647,1
2,SET,3759,1
2,SET,3823,2
2,SET,3967,1
2,SET,4031,1
2,SET,4095,1
2,SET,4159,1
2,SET,4383,1
2,SET,4511,1
2,SET,4735,1
2,SET,4991,1
2,SET,5055,1
2,SET,5247,1
2,SET,6047,1
3,DEL,99,1
3,DEL,102,1
3,DEL,107,1
3,DEL,109,1
3,DEL,114,1
3,DEL,115,1
3,DEL,126,1
3,DEL,133,1
3,DEL,135,2
3,DEL,146,1
3,DEL,147,2
3,DEL,154,1
3,DEL,156,1
3,DEL,159,1
3,DEL,161,1
3,DEL,162,1
3,DEL,167,2
3,DEL,168,2
3,DEL,171,1
3,DEL,172,2
3,DEL,175,1
3,DEL,177,3
3,DEL,179,2
3,DEL,184,1
3,DEL,188,3
3,DEL,189,2
3,DEL,190,1
3,DEL,192,1
3,DEL,193,2
3,DEL,194,3
3,DEL,195,1
3,DEL,196,1
3,DEL,197,1
3,DEL,199,1
3,DEL,200,1
3,DEL,202,1
3,DEL,203,3
3,DEL,204,2
3,DEL,205,4
3,DEL,206,1
3,DEL,207,1
3,DEL,208,1
3,DEL,209,3
3,DEL,210,3
3,DEL,211,2
3,DEL,212,2
3,DEL,213,3
3,DEL,214,2
3,DEL,215,1
3,DEL,216,1
3,DEL,217,2
3,DEL,219,1
3,DEL,220,1
3,DEL,221,1
3,DEL,223,1
3,DEL,224,1
3,DEL,225,1
3,DEL,226,1
3,DEL,227,1
3,DEL,231,1
3,DEL,232,2
3,DEL,235,1
3,DEL,238,2
3,DEL,239,1
3,DEL,244,3
3,DEL,246,1
3,DEL,250,1
3,DEL,257,3
3,DEL,263,1
3,DEL,265,1
3,DEL,267,1
3,DEL,271,1
3,DEL,281,1
3,DEL,283,1
3,DEL,287,1
3,DEL,289,1
3,DEL,303,1
3,DEL,305,1
3,DEL,321,1
3,DEL,329,1
3,DEL,345,1
3,DEL,361,1
3,DEL,369,1
3,DEL,371,1
3,DEL,379,1
3,DEL,399,2
3,DEL,407,1
3,DEL,427,1
3,DEL,459,1
3,DEL,471,1
3,DEL,475,1
3,DEL,487,1
3,DEL,495,1
3,DEL,509,1
3,DEL,519,1
3,DEL,523,2
3,DEL,543,1
3,DEL,559,1
3,DEL,563,1
3,DEL,599,2
3,DEL,607,1
3,DEL,611,1
3,DEL,615,1
3,DEL,627,1
3,DEL,643,1
3,DEL,663,1
3,DEL,671,1
3,DEL,687,1
3,DEL,703,1
3,DEL,707,1
3,DEL,715,1
3,DEL,719,1
3,DEL,731,1
3,DEL,747,1
3,DEL,759,1
3,DEL,767,1
3,DEL,779,2
3,DEL,787,1
3,DEL,791,1
3,DEL,799,2
3,DEL,831,1
3,DEL,843,1
3,DEL,887,2
3,DEL,899,1
3,DEL,915,1
3,DEL,919,1
3,DEL,935,1
3,DEL,943,1
3,DEL,947,1
3,DEL,955,1
3,DEL,963,1
3,DEL,971,1
3,DEL,1003,1
3,DEL,1007,1
3,DEL,1015,1
3,DEL,1019,1
3,DEL,1055,1
3,DEL,1063,1
3,DEL,1111,2
3,DEL,1127,1
3,DEL,1143,1
3,DEL,1159,1
3,DEL,1183,1
3,DEL,1199,1
3,DEL,1223,1
3,DEL,1271,1
3,DEL,1279,2
3,DEL,1311,1
3,DEL,1319,1
3,DEL,1351,2
3,DEL,1359,1
3,DEL,1511,1
3,DEL,1583,1
3,DEL,1687,1
3,DEL,1895,1
3,DEL,1967,1
3,DEL,2143,1
3,DEL,2159,2
3,DEL,2255,1
3,DEL,2287,1
3,DEL,2351,2
3,DEL,2399,1
3,DEL,2527,1
3,DEL,2559,1
3,DEL,2607,1
3,DEL,2623,1
3,DEL,2687,1
3,DEL,2799,1
3,DEL,2975,1
3,DEL,3055,1
3,DEL,3071,1
3,DEL,3119,2
3,DEL,3183,1
3,DEL,3263,1
3,DEL,3311,1
3,DEL,3391,1
3,DEL,3487,1
3,DEL,3551,1
3,DEL,3567,3
3,DEL,3583,2
3,DEL,3599,2
3,DEL,3647,1
3,DEL,3775,1
3,DEL,3791,1
3,DEL,3807,1
3,DEL,3839,1
3,DEL,3871,1
3,DEL,3887,1
3,DEL,3919,1
3,DEL,3935,2
3,DEL,3967,2
3,DEL,3983,1
3,DEL,4031,1
3,DEL,4223,1
3,DEL,4415,1
3,DEL,4639,2
3,DEL,4703,2
3,DEL,4831,1
3,DEL,4895,1
3,DEL,4927,1
3,DEL,5023,1
3,DEL,5055,1
3,DEL,5087,1
3,DEL,5119,1
3,DEL,5215,1
3,DEL,5279,1
3,DEL,5471,1
3,DEL,5567,1
3,DEL,5631,1
3,DEL,5695,1
3,DEL,5759,1
3,DEL,6207,1
3,DEL,6239,1
3,DEL,6431,1
3,DEL,6783,1
3,DEL,6879,1
3,DEL,6975,1
3,DEL,7007,1
3,DEL,7071,1
3,DEL,7167,1
3,DEL,7199,1
3,DEL,7359,1
3,DEL,7615,1
3,DEL,7647,1
3,DEL,7839,1
3,DEL,10495,1
3,DEL,10623,1
3,DEL,10687,1
3,DEL,10943,3
3,DEL,11071,2
3,DEL,11199,1
3,DEL,11263,1
3,DEL,13183,1
3,DEL,13823,1
3,DEL,14079,1
3,DEL,16767,1
3,DEL,17151,1
3,DEL,20735,1
3,DEL,23807,1
3,DEL,26367,1
3,DEL,27391,1
3,DEL,29567,1
3,DEL,30719,1
3,DEL,31231,1
3,DEL,37119,1
3,DEL,39423,1
3,DEL,44543,1
3,DEL,45055,2
3,DEL,45567,1
3,DEL,45823,1
3,DEL,46079,1
3,DEL,46591,1
3,DEL,46847,1
3,DEL,47103,1
3,DEL,47871,3
3,DEL,48383,1
3,DEL,48639,1
3,DEL,48895,2
3,DEL,49151,1
3,DEL,49407,3
3,DEL,49663,2
3,DEL,49919,1
3,DEL,50175,3
3,DEL,50431,2
3,DEL,50943,1
3,DEL,51199,4
3,DEL,51455,5
3,DEL,51711,1
3,DEL,51967,1
3,DEL,52223,4
3,DEL,52479,2
3,DEL,52991,2
3,DEL,53247,2
3,DEL,53503,3
3,DEL,53759,3
3,DEL,54271,2
3,DEL,54527,1
3,DEL,54783,1
3,DEL,55039,4
3,DEL,55295,1
3,DEL,55551,4
3,DEL,56063,2
3,DEL,56319,1
3,DEL,56831,2
3,DEL,57087,2
3,DEL,57343,1
3,DEL,57599,2
3,DEL,57855,2
3,DEL,58367,1
3,DEL,58623,1
3,DEL,58879,3
3,DEL,60159,1
3,DEL,60415,1
3,DEL,60671,1
3,DEL,62463,1
3,GET,96,1
3,GET,97,1
3,GET,99,2
3,GET,105,3
3,GET,107,1
3,GET,111,1
3,GET,113,2
3,GET,114,1
3,GET,115,1
3,GET,120,1
3,GET,121,1
3,GET,122,1
3,GET,124,1
3,GET,126,1
3,GET,127,3
3,GET,128,1
3,GET,129,1
3,GET,131,2
3,GET,133,3
3,GET,134,1
3,GET,138,1
3,GET,140,1
3,GET,141,2
3,GET,142,1
3,GET,145,3
3,GET,148,3
3,GET,150,1
3,GET,151,3
3,GET,152,3
3,GET,153,1
3,GET,155,6
3,GET,157,1
3,GET,158,2
3,GET,159,2
3,GET,161,2
3,GET,163,3
3,GET,164,1
3,GET,165,2
3,GET,166,2
3,GET,167,5
3,GET,168,3
3,GET,169,5
3,GET,170,5
3,GET,172,1
3,GET,173,2
3,GET,174,3
3,GET,175,2
3,GET,176,5
3,GET,177,2
3,GET,178,1
3,GET,179,3
3,GET,180,4
3,GET,181,4
3,GET,182,1
3,GET,183,1
3,GET,184,3
3,GET,185,3
3,GET,186,3
3,GET,187,6
3,GET,188,9
3,GET,189,2
3,GET,190,2
3,GET,191,8
3,GET,192,1
3,GET,193,1
3,GET,194,3
3,GET,195,2
3,GET,196,2
3,GET,197,5
3,GET,198,4
3,GET,199,1
3,GET,200,1
3,GET,201,5
3,GET,202,4
3,GET,203,4
3,GET,204,6
3,GET,205,3
3,GET,206,4
3,GET,207,2
3,GET,208,5
3,GET,209,2
3,GET,210,6
3,GET,211,3
3,GET,212,2
3,GET,213,4
3,GET,214,2
3,GET,215,2
3,GET,216,1
3,GET,217,2
3,GET,218,5
3,GET,219,2
3,GET,220,4
3,GET,221,2
3,GET,222,1
3,GET,223,2
3,GET,224,2
3,GET,225,3
3,GET,226,2
3,GET,227,1
3,GET,228,1
3,GET,229,1
3,GET,230,4
3,GET,231,4
3,GET,232,4
3,GET,234,2
3,GET,235,1
3,GET,236,1
3,GET,238,3
3,GET,239,3
3,GET,240,1
3,GET,241,3
3,GET,243,1
3,GET,244,1
3,GET,245,3
3,GET,246,1
3,GET,247,1
3,GET,249,1
3,GET,251,1
3,GET,252,2
3,GET,254,2
3,GET,255,3
3,GET,257,3
3,GET,259,1
3,GET,261,3
3,GET,263,2
3,GET,265,2
3,GET,267,1
3,GET,271,2
3,GET,273,1
3,GET,275,4
3,GET,283,1
3,GET,285,1
3,GET,289,1
3,GET,291,1
3,GET,311,4
3,GET,313,2
3,GET,315,1
3,GET,317,1
3,GET,319,1
3,GET,323,2
3,GET,327,2
3,GET,333,1
3,GET,335,3
3,GET,337,1
3,GET,339,3
3,GET,343,1
3,GET,347,1
3,GET,351,2
3,GET,353,2
3,GET,359,1
3,GET,361,1
3,GET,365,1
3,GET,369,3
3,GET,373,1
3,GET,375,2
3,GET,377,1
3,GET,385,1
3,GET,387,1
3,GET,389,1
3,GET,393,1
3,GET,395,2
3,GET,411,1
3,GET,413,2
3,GET,417,2
3,GET,425,2
3,GET,427,1
3,GET,429,3
3,GET,431,2
3,GET,435,1
3,GET,437,1
3,GET,447,1
3,GET,449,3
3,GET,451,1
3,GET,457,1
3,GET,459,2
3,GET,463,1
3,GET,471,1
3,GET,475,1
3,GET,479,1
3,GET,481,1
3,GET,487,1
3,GET,489,3
3,GET,503,1
3,GET,511,2
3,GET,515,3
3,GET,519,1
3,GET,523,1
3,GET,527,2
3,GET,531,1
3,GET,539,2
3,GET,543,1
3,GET,547,1
3,GET,555,3
3,GET,559,2
3,GET,567,1
3,GET,571,2
3,GET,575,2
3,GET,583,1
3,GET,587,2
3,GET,595,1
3,GET,599,1
3,GET,603,1
3,GET,607,3
3,GET,611,4
3,GET,619,3
3,GET,623,2
3,GET,627,1
3,GET,631,2
3,GET,635,1
3,GET,643,1
3,GET,647,1
3,GET,651,1
3,GET,655,2
3,GET,663,1
3,GET,671,1
3,GET,675,2
3,GET,687,2
3,GET,691,1
3,GET,699,1
3,GET,703,3
3,GET,707,1
3,GET,711,1
3,GET,715,1
3,GET,719,1
3,GET,723,1
3,GET,739,2
3,GET,747,3
3,GET,751,2
3,GET,755,3
3,GET,763,2
3,GET,771,2
3,GET,775,3
3,GET,779,1
3,GET,791,1
3,GET,799,1
3,GET,803,1
3,GET,807,1
3,GET,811,1
3,GET,823,2
3,GET,827,2
3,GET,835,1
3,GET,843,1
3,GET,851,1
3,GET,859,1
3,GET,863,3
3,GET,867,3
3,GET,871,1
3,GET,875,1
3,GET,879,1
3,GET,883,2
3,GET,887,1
3,GET,891,2
3,GET,895,1
3,GET,899,2
3,GET,903,1
3,GET,907,1
3,GET,919,2
3,GET,923,1
3,GET,927,1
3,GET,935,1
3,GET,943,2
3,GET,947,1
3,GET,951,1
3,GET,955,1
3,GET,975,1
3,GET,983,1
3,GET,987,4
3,GET,991,2
3,GET,999,2
3,GET,1003,1
3,GET,1007,1
3,GET,1011,1
3,GET,1019,2
3,GET,1031,3
3,GET,1039,5
3,GET,1047,3
3,GET,1055,2
3,GET,1063,3
3,GET,1071,2
3,GET,1079,1
3,GET,1087,2
3,GET,1095,4
3,GET,1103,2
3,GET,1111,2
3,GET,1127,5
3,GET,1135,3
3,GET,1143,5
3,GET,1151,4
3,GET,1159,4
3,GET,1175,5
3,GET,1183,5
3,GET,1191,4
3,GET,1199,2
3,GET,1215,7
3,GET,1223,5
3,GET,1231,3
3,GET,1239,1
3,GET,1247,3
3,GET,1255,1
3,GET,1263,1
3,GET,1271,3
3,GET,1279,2
3,GET,1287,1
3,GET,1295,1
3,GET,1303,3
3,GET,1311,1
3,GET,1319,2
3,GET,1335,1
3,GET,1343,1
3,GET,1351,4
3,GET,1383,2
3,GET,1391,1
3,GET,1407,4
3,GET,1415,3
3,GET,1423,1
3,GET,1447,1
3,GET,1455,1
3,GET,1463,2
3,GET,1471,2
3,GET,1479,2
3,GET,1487,1
3,GET,1495,1
3,GET,1503,1
3,GET,1519,2
3,GET,1527,3
3,GET,1535,3
3,GET,1543,1
3,GET,1559,1
3,GET,1575,2
3,GET,1599,1
3,GET,1607,2
3,GET,1615,1
3,GET,1623,1
3,GET,1639,1
3,GET,1655,1
3,GET,1663,2
3,GET,1671,1
3,GET,1695,1
3,GET,1719,1
3,GET,1727,1
3,GET,1735,2
3,GET,1759,1
3,GET,1767,1
3,GET,1775,2
3,GET,1783,1
3,GET,1791,1
3,GET,1807,1
3,GET,1847,2
3,GET,1855,1
3,GET,1887,1
3,GET,1903,1
3,GET,1911,2
3,GET,1935,4
3,GET,1943,2
3,GET,1951,1
3,GET,1959,1
3,GET,1975,2
3,GET,1991,1
3,GET,1999,1
3,GET,2023,1
3,GET,2031,2
3,GET,2039,1
3,GET,2047,1
3,GET,2063,1
3,GET,2095,3
3,GET,2111,3
3,GET,2127,2
3,GET,2143,1
3,GET,2159,2
3,GET,2191,3
3,GET,2255,2
3,GET,2271,2
3,GET,2287,4
3,GET,2303,1
3,GET,2319,2
3,GET,2335,3
3,GET,2351,2
3,GET,2367,2
3,GET,2383,3
3,GET,2399,1
3,GET,2415,2
3,GET,2431,3
3,GET,2447,1
3,GET,2479,2
3,GET,2495,4
3,GET,2511,2
3,GET,2527,1
3,GET,2543,6
3,GET,2559,4
3,GET,2575,1
3,GET,2591,2
3,GET,2607,1
3,GET,2623,3
3,GET,2639,7
3,GET,2655,2
3,GET,2671,6
3,GET,2703,2
3,GET,2719,5
3,GET,2735,1
3,GET,2751,4
3,GET,2767,4
3,GET,2783,5
3,GET,2799,4
3,GET,2815,4
3,GET,2831,4
3,GET,2847,7
3,GET,2863,1
3,GET,2879,4
3,GET,2895,1
3,GET,2911,2
3,GET,2927,4
3,GET,2943,5
3,GET,2959,2
3,GET,2975,3
3,GET,2991,3
3,GET,3007,5
3,GET,3023,3
3,GET,3039,1
3,GET,3055,3
3,GET,3071,2
3,GET,3087,4
3,GET,3103,1
3,GET,3119,2
3,GET,3135,2
3,GET,3151,4
3,GET,3167,2
3,GET,3183,3
3,GET,3199,1
3,GET,3215,3
3,GET,3231,2
3,GET,3263,1
3,GET,3279,2
3,GET,3295,3
3,GET,3311,3
3,GET,3327,3
3,GET,3343,1
3,GET,3391,3
3,GET,3407,1
3,GET,3423,1
3,GET,3439,4
3,GET,3455,2
3,GET,3471,1
3,GET,3487,1
3,GET,3503,1
3,GET,3519,5
3,GET,3535,2
3,GET,3551,3
3,GET,3567,3
3,GET,3583,3
3,GET,3615,2
3,GET,3647,1
3,GET,3663,4
3,GET,3679,4
3,GET,3695,2
3,GET,3711,1
3,GET,3727,2
3,GET,3759,3
3,GET,3775,2
3,GET,3791,2
3,GET,3807,1
3,GET,3823,1
3,GET,3839,2
3,GET,3855,2
3,GET,3871,5
3,GET,3887,3
3,GET,3903,3
3,GET,3919,1
3,GET,3935,3
3,GET,3951,2
3,GET,3967,1
3,GET,3983,1
3,GET,3999,2
3,GET,4015,4
3,GET,4031,1
3,GET,4047,1
3,GET,4063,2
3,GET,4127,4
3,GET,4159,1
3,GET,4191,8
3,GET,4223,4
3,GET,4287,3
3,GET,4319,1
3,GET,4351,3
3,GET,4383,1
3,GET,4415,1
3,GET,4447,5
3,GET,4479,3
3,GET,4511,2
3,GET,4543,1
3,GET,4575,1
3,GET,4607,1
3,GET,4639,1
3,GET,4671,1
3,GET,4735,1
3,GET,4767,1
3,GET,4831,1
3,GET,4895,1
3,GET,5087,1
3,GET,5151,1
3,GET,5183,2
3,GET,5279,2
3,GET,5343,2
3,GET,5375,2
3,GET,5407,2
3,GET,5471,1
3,GET,5503,2
3,GET,5535,1
3,GET,5599,2
3,GET,5663,1
3,GET,5791,1
3,GET,6143,1
3,GET,6367,1
3,GET,6559,1
3,SET,95,1
3,SET,147,1
3,SET,161,1
3,SET,170,2
3,SET,176,1
3,SET,178,1
3,SET,179,1
3,SET,200,1
3,SET,203,1
3,SET,208,1
3,SET,209,1
3,SET,211,1
3,SET,215,1
3,SET,250,1
3,SET,261,1
3,SET,263,1
3,SET,275,1
3,SET,279,1
3,SET,283,1
3,SET,295,1
3,SET,313,1
3,SET,319,1
3,SET,321,1
3,SET,327,1
3,SET,347,1
3,SET,377,1
3,SET,431,1
3,SET,515,1
3,SET,555,2
3,SET,571,1
3,SET,735,1
3,SET,783,1
3,SET,803,1
3,SET,811,1
3,SET,815,1
3,SET,835,1
3,SET,895,1
3,SET,911,1
3,SET,963,1
3,SET,979,1
3,SET,1039,3
3,SET,1055,1
3,SET,1103,1
3,SET,1111,1
3,SET,1167,2
3,SET,1175,2
3,SET,1183,1
3,SET,1223,1
3,SET,1263,1
3,SET,1303,1
3,SET,1327,1
3,SET,1447,1
3,SET,1479,1
3,SET,1511,1
3,SET,1775,1
3,SET,1815,1
3,SET,1863,1
3,SET,1919,1
3,SET,1959,2
3,SET,2015,1
3,SET,2143,1
3,SET,2271,1
3,SET,2287,1
3,SET,2351,1
3,SET,2655,1
3,SET,3103,1
3,SET,3215,1
3,SET,3295,1
3,SET,3327,1
3,SET,3439,1
3,SET,3487,1
3,SET,3535,1
3,SET,3615,1
3,SET,4319,2
3,SET,4639,1
3,SET,4799,2
3,SET,5215,1
3,SET,5471,1
4,GET,110,1
4,GET,114,1
4,GET,118,1
4,GET,119,1
4,GET,120,1
4,GET,123,1
4,GET,125,1
4,GET,131,1
4,GET,148,1
4,GET,149,3
4,GET,153,1
4,GET,155,1
4,GET,156,2
4,GET,159,1
4,GET,160,1
4,GET,161,3
4,GET,162,2
4,GET,163,2
4,GET,164,1
4,GET,167,2
4,GET,168,1
4,GET,169,3
4,GET,170,2
4,GET,172,3
4,GET,174,1
4,GET,175,2
4,GET,176,3
4,GET,177,3
4,GET,178,2
4,GET,179,1
4,GET,180,4
4,GET,181,5
4,GET,182,3
4,GET,183,1
4,GET,184,2
4,GET,185,4
4,GET,186,3
4,GET,187,4
4,GET,188,4
4,GET,189,4
4,GET,190,3
4,GET,191,3
4,GET,192,4
4,GET,193,3
4,GET,194,2
4,GET,195,5
4,GET,196,5
4,GET,197,2
4,GET,198,5
4,GET,199,5
4,GET,200,3
4,GET,201,2
4,GET,202,3
4,GET,203,4
4,GET,204,2
4,GET,205,3
4,GET,206,3
4,GET,208,4
4,GET,209,1
4,GET,210,1
4,GET,211,3
4,GET,212,6
4,GET,214,3
4,GET,215,1
4,GET,216,4
4,GET,217,3
4,GET,218,2
4,GET,219,4
4,GET,220,2
4,GET,221,2
4,GET,222,3
4,GET,223,5
4,GET,224,2
4,GET,225,4
4,GET,227,4
4,GET,228,2
4,GET,229,1
4,GET,231,3
4,GET,232,3
4,GET,233,1
4,GET,234,1
4,GET,235,2
4,GET,236,2
4,GET,237,1
4,GET,238,3
4,GET,239,2
4,GET,240,1
4,GET,241,2
4,GET,242,2
4,GET,243,3
4,GET,244,4
4,GET,245,1
4,GET,247,5
4,GET,249,2
4,GET,250,2
4,GET,251,2
4,GET,252,2
4,GET,253,1
4,GET,254,1
4,GET,255,2
4,GET,257,8
4,GET,259,5
4,GET,261,2
4,GET,263,1
4,GET,265,1
4,GET,267,2
4,GET,271,1
4,GET,273,2
4,GET,275,2
4,GET,277,3
4,GET,281,3
4,GET,283,2
4,GET,285,2
4,GET,287,2
4,GET,289,4
4,GET,291,3
4,GET,297,1
4,GET,299,2
4,GET,301,1
4,GET,303,5
4,GET,307,3
4,GET,309,1
4,GET,313,1
4,GET,315,1
4,GET,317,1
4,GET,319,2
4,GET,321,3
4,GET,331,1
4,GET,339,1
4,GET,341,1
4,GET,345,4
4,GET,349,1
4,GET,351,1
4,GET,355,3
4,GET,357,3
4,GET,359,1
4,GET,361,1
4,GET,363,1
4,GET,369,1
4,GET,371,1
4,GET,373,1
4,GET,377,1
4,GET,379,1
4,GET,381,1
4,GET,383,1
4,GET,387,1
4,GET,389,2
4,GET,391,1
4,GET,393,1
4,GET,395,2
4,GET,397,1
4,GET,399,2
4,GET,401,2
4,GET,409,1
4,GET,417,1
4,GET,423,1
4,GET,425,2
4,GET,427,1
4,GET,429,1
4,GET,433,1
4,GET,437,1
4,GET,443,1
4,GET,445,1
4,GET,449,1
4,GET,453,1
4,GET,455,1
4,GET,457,1
4,GET,459,2
4,GET,461,1
4,GET,465,1
4,GET,469,1
4,GET,477,1
4,GET,479,2
4,GET,481,2
4,GET,485,1
4,GET,487,1
4,GET,489,1
4,GET,491,2
4,GET,495,1
4,GET,501,1
4,GET,503,1
4,GET,505,1
4,GET,515,1
4,GET,523,1
4,GET,527,2
4,GET,531,2
4,GET,535,3
4,GET,543,2
4,GET,551,1
4,GET,555,2
4,GET,559,2
4,GET,563,2
4,GET,567,2
4,GET,571,1
4,GET,575,1
4,GET,579,2
4,GET,591,1
4,GET,595,1
4,GET,599,1
4,GET,603,1
4,GET,607,3
4,GET,615,1
4,GET,619,1
4,GET,623,1
4,GET,627,4
4,GET,631,2
4,GET,635,2
4,GET,639,2
4,GET,647,1
4,GET,651,3
4,GET,655,3
4,GET,659,1
4,GET,663,5
4,GET,667,1
4,GET,671,3
4,GET,679,2
4,GET,683,3
4,GET,687,1
4,GET,691,2
4,GET,695,2
4,GET,699,1
4,GET,703,1
4,GET,707,2
4,GET,711,1
4,GET,723,2
4,GET,727,1
4,GET,731,1
4,GET,735,2
4,GET,739,1
4,GET,743,2
4,GET,747,1
4,GET,751,2
4,GET,755,1
4,GET,759,1
4,GET,767,1
4,GET,771,2
4,GET,783,1
4,GET,787,1
4,GET,791,1
4,GET,795,1
4,GET,803,1
4,GET,811,1
4,GET,827,1
4,GET,835,1
4,GET,843,1
4,GET,851,1
4,GET,863,2
4,GET,867,1
4,GET,871,1
4,GET,879,1
4,GET,883,2
4,GET,887,3
4,GET,891,3
4,GET,895,3
4,GET,899,1
4,GET,903,2
4,GET,911,1
4,GET,919,1
4,GET,923,4
4,GET,931,2
4,GET,935,1
4,GET,939,2
4,GET,947,1
4,GET,951,1
4,GET,959,1
4,GET,963,1
4,GET,975,2
4,GET,979,1
4,GET,983,1
4,GET,987,1
4,GET,999,1
4,GET,1007,1
4,GET,1011,2
4,GET,1015,1
4,GET,1019,1
4,GET,1039,1
4,GET,1047,1
4,GET,1063,1
4,GET,1071,2
4,GET,1079,5
4,GET,1087,1
4,GET,1103,1
4,GET,1111,1
4,GET,1119,1
4,GET,1135,2
4,GET,1143,1
4,GET,1151,1
4,GET,1159,1
4,GET,1167,3
4,GET,1207,1
4,GET,1215,1
4,GET,1223,2
4,GET,1231,2
4,GET,1239,2
4,GET,1247,1
4,GET,1279,2
4,GET,1287,2
4,GET,1295,2
4,GET,1335,2
4,GET,1367,2
4,GET,1375,2
4,GET,1383,1
4,GET,1415,2
4,GET,1423,1
4,GET,1431,3
4,GET,1439,1
4,GET,1447,1
4,GET,1455,2
4,GET,1463,2
4,GET,1471,2
4,GET,1487,2
4,GET,1495,1
4,GET,1503,1
4,GET,1511,1
4,GET,1519,2
4,GET,1535,2
4,GET,1543,2
4,GET,1559,1
4,GET,1583,3
4,GET,1599,1
4,GET,1607,1
4,GET,1615,1
4,GET,1647,3
4,GET,1671,1
4,GET,1687,2
4,GET,1695,1
4,GET,1703,1
4,GET,1719,1
4,GET,1727,2
4,GET,1735,3
4,GET,1743,1
4,GET,1767,1
4,GET,1783,1
4,GET,1807,2
4,GET,1815,4
4,GET,1823,2
4,GET,1831,2
4,GET,1839,1
4,GET,1863,1
4,GET,1871,1
4,GET,1879,1
4,GET,1887,1
4,GET,1895,1
4,GET,1903,1
4,GET,1911,2
4,GET,1927,1
4,GET,1935,1
4,GET,1959,1
4,GET,1967,2
4,GET,1975,1
4,GET,1983,2
4,GET,1991,1
4,GET,2007,1
4,GET,2023,3
4,GET,2031,1
4,GET,2039,2
4,GET,2047,1
4,GET,2063,1
4,GET,2079,4
4,GET,2095,1
4,GET,2111,5
4,GET,2127,5
4,GET,2143,5
4,GET,2175,3
4,GET,2191,1
4,GET,2223,1
4,GET,2239,2
4,GET,2255,2
4,GET,2271,1
4,GET,2303,1
4,GET,2319,2
4,GET,2335,2
4,GET,2351,3
4,GET,2367,3
4,GET,2383,2
4,GET,2399,4
4,GET,2415,3
4,GET,2431,1
4,GET,2463,2
4,GET,2479,3
4,GET,2495,3
4,GET,2511,3
4,GET,2527,4
4,GET,2543,5
4,GET,2559,5
4,GET,2575,6
4,GET,2591,7
4,GET,2623,2
4,GET,2639,3
4,GET,2655,4
4,GET,2687,4
4,GET,2703,3
4,GET,2719,8
4,GET,2735,3
4,GET,2751,2
4,GET,2767,4
4,GET,2783,4
4,GET,2799,3
4,GET,2815,3
4,GET,2831,4
4,GET,2847,1
4,GET,2863,2
4,GET,2879,1
4,GET,2895,6
4,GET,2911,2
4,GET,2927,6
4,GET,2943,8
4,GET,2959,4
4,GET,2975,5
4,GET,2991,2
4,GET,3007,5
4,GET,3023,3
4,GET,3039,4
4,GET,3055,4
4,GET,3071,2
4,GET,3087,1
4,GET,3103,5
4,GET,3119,3
4,GET,3135,4
4,GET,3151,6
4,GET,3183,4
4,GET,3199,1
4,GET,3215,6
4,GET,3231,3
4,GET,3247,2
4,GET,3263,4
4,GET,3279,1
4,GET,3295,1
4,GET,3311,2
4,GET,3327,2
4,GET,3343,3
4,GET,3359,6
4,GET,3375,3
4,GET,3391,1
4,GET,3407,3
4,GET,3423,3
4,GET,3439,1
4,GET,3455,1
4,GET,3471,1
4,GET,3487,1
4,GET,3503,2
4,GET,3519,2
4,GET,3535,5
4,GET,3551,7
4,GET,3567,2
4,GET,3583,2
4,GET,3599,4
4,GET,3615,2
4,GET,3631,5
4,GET,3647,1
4,GET,3663,2
4,GET,3679,2
4,GET,3695,1
4,GET,3711,6
4,GET,3727,1
4,GET,3743,1
4,GET,3759,4
4,GET,3775,2
4,GET,3791,2
4,GET,3807,1
4,GET,3823,1
4,GET,3839,1
4,GET,3855,3
4,GET,3871,4
4,GET,3887,2
4,GET,3903,1
4,GET,3935,2
4,GET,3951,3
4,GET,3967,2
4,GET,3983,3
4,GET,3999,1
4,GET,4015,2
4,GET,4047,2
4,GET,4063,4
4,GET,4079,2
4,GET,4095,3
4,GET,4127,3
4,GET,4159,7
4,GET,4191,4
4,GET,4223,4
4,GET,4255,1
4,GET,4287,1
4,GET,4319,3
4,GET,4351,1
4,GET,4383,3
4,GET,4415,2
4,GET,4447,4
4,GET,4479,3
4,GET,4511,4
4,GET,4543,1
4,GET,4575,2
4,GET,4607,2
4,GET,4639,2
4,GET,4671,1
4,GET,4703,4
4,GET,4735,1
4,GET,4767,4
4,GET,4799,4
4,GET,4831,1
4,GET,4927,1
4,GET,4959,2
4,GET,4991,1
4,GET,5055,1
4,GET,5087,1
4,GET,5119,2
4,GET,5247,2
4,GET,5279,3
4,GET,5311,3
4,GET,5503,2
4,GET,5567,1
4,GET,5599,2
4,GET,5631,1
4,GET,5887,1
4,GET,6015,1
4,GET,6175,1
4,GET,6751,1
4,GET,6879,1
4,GET,7231,1
4,DEL,116,1
4,DEL,120,1
4,DEL,121,1
4,DEL,132,1
4,DEL,139,1
4,DEL,144,1
4,DEL,148,1
4,DEL,150,1
4,DEL,151,1
4,DEL,157,1
4,DEL,158,1
4,DEL,159,1
4,DEL,169,1
4,DEL,171,1
4,DEL,174,1
4,DEL,175,1
4,DEL,178,1
4,DEL,181,1
4,DEL,183,2
4,DEL,190,2
4,DEL,192,2
4,DEL,194,2
4,DEL,195,1
4,DEL,196,1
4,DEL,197,1
4,DEL,198,1
4,DEL,200,3
4,DEL,201,1
4,DEL,202,3
4,DEL,204,2
4,DEL,205,1
4,DEL,206,2
4,DEL,207,1
4,DEL,209,1
4,DEL,210,1
4,DEL,211,1
4,DEL,212,2
4,DEL,214,1
4,DEL,217,2
4,DEL,221,2
4,DEL,224,1
4,DEL,226,2
4,DEL,227,2
4,DEL,231,2
4,DEL,234,2
4,DEL,235,1
4,DEL,236,1
4,DEL,238,2
4,DEL,240,1
4,DEL,243,1
4,DEL,246,1
4,DEL,250,1
4,DEL,251,2
4,DEL,253,3
4,DEL,255,2
4,DEL,257,1
4,DEL,261,3
4,DEL,263,1
4,DEL,265,3
4,DEL,267,1
4,DEL,269,2
4,DEL,273,1
4,DEL,275,2
4,DEL,277,1
4,DEL,289,2
4,DEL,291,1
4,DEL,293,2
4,DEL,295,1
4,DEL,297,2
4,DEL,299,1
4,DEL,305,1
4,DEL,307,4
4,DEL,319,2
4,DEL,327,1
4,DEL,329,1
4,DEL,331,2
4,DEL,333,1
4,DEL,337,1
4,DEL,341,2
4,DEL,343,1
4,DEL,349,2
4,DEL,355,1
4,DEL,367,2
4,DEL,371,1
4,DEL,373,1
4,DEL,375,1
4,DEL,385,1
4,DEL,391,1
4,DEL,393,1
4,DEL,395,1
4,DEL,419,2
4,DEL,421,2
4,DEL,437,1
4,DEL,451,1
4,DEL,453,1
4,DEL,467,1
4,DEL,499,1
4,DEL,519,1
4,DEL,535,1
4,DEL,555,2
4,DEL,567,1
4,DEL,587,1
4,DEL,591,1
4,DEL,615,1
4,DEL,627,1
4,DEL,635,1
4,DEL,651,1
4,DEL,655,1
4,DEL,659,1
4,DEL,663,1
4,DEL,687,1
4,DEL,699,1
4,DEL,703,1
4,DEL,711,2
4,DEL,751,1
4,DEL,755,2
4,DEL,767,1
4,DEL,775,1
4,DEL,779,1
4,DEL,795,1
4,DEL,827,1
4,DEL,839,1
4,DEL,847,1
4,DEL,859,1
4,DEL,863,1
4,DEL,867,3
4,DEL,875,1
4,DEL,895,1
4,DEL,915,2
4,DEL,931,1
4,DEL,975,1
4,DEL,983,1
4,DEL,999,1
4,DEL,1003,2
4,DEL,1019,1
4,DEL,1039,1
4,DEL,1055,1
4,DEL,1063,1
4,DEL,1095,1
4,DEL,1103,1
4,DEL,1151,1
4,DEL,1167,2
4,DEL,1175,1
4,DEL,1223,1
4,DEL,1279,1
4,DEL,1303,1
4,DEL,1367,1
4,DEL,1391,1
4,DEL,1623,1
4,DEL,1655,1
4,DEL,1703,1
4,DEL,1855,1
4,DEL,2063,1
4,DEL,2143,2
4,DEL,2207,1
4,DEL,2255,1
4,DEL,2303,2
4,DEL,2319,1
4,DEL,2335,1
4,DEL,2543,1
4,DEL,2623,2
4,DEL,2655,2
4,DEL,2687,1
4,DEL,2703,1
4,DEL,2719,1
4,DEL,2735,1
4,DEL,2751,2
4,DEL,2847,1
4,DEL,2879,1
4,DEL,2911,1
4,DEL,2991,1
4,DEL,3071,1
4,DEL,3087,2
4,DEL,3119,1
4,DEL,3151,1
4,DEL,3183,1
4,DEL,3215,1
4,DEL,3263,1
4,DEL,3279,1
4,DEL,3295,3
4,DEL,3327,2
4,DEL,3359,1
4,DEL,3439,3
4,DEL,3455,1
4,DEL,3471,1
4,DEL,3487,1
4,DEL,3503,1
4,DEL,3551,1
4,DEL,3567,1
4,DEL,3599,1
4,DEL,3615,1
4,DEL,3647,1
4,DEL,3695,1
4,DEL,3711,1
4,DEL,3727,1
4,DEL,3775,1
4,DEL,3807,1
4,DEL,3823,1
4,DEL,3887,1
4,DEL,3903,1
4,DEL,3935,1
4,DEL,3983,1
4,DEL,4015,1
4,DEL,4063,1
4,DEL,4127,1
4,DEL,4159,2
4,DEL,4223,1
4,DEL,4255,1
4,DEL,4287,1
4,DEL,4351,1
4,DEL,4383,1
4,DEL,4415,1
4,DEL,4479,2
4,DEL,4543,1
4,DEL,4735,1
4,DEL,4767,2
4,DEL,4799,2
4,DEL,4831,1
4,DEL,4863,2
4,DEL,5023,1
4,DEL,5055,1
4,DEL,5087,1
4,DEL,5215,2
4,DEL,5311,1
4,DEL,5407,1
4,DEL,5471,2
4,DEL,5503,1
4,DEL,5663,1
4,DEL,5695,1
4,DEL,5823,1
4,DEL,5951,1
4,DEL,6207,1
4,DEL,6335,1
4,DEL,6591,1
4,DEL,6687,1
4,DEL,6911,1
4,DEL,7039,1
4,DEL,7199,1
4,DEL,7295,1
4,DEL,7583,1
4,DEL,7615,1
4,DEL,8767,1
4,DEL,9087,1
4,DEL,26239,1
4,DEL,34047,1
4,DEL,34303,1
4,DEL,35839,1
4,DEL,39423,2
4,DEL,42751,1
4,DEL,43775,1
4,DEL,45567,1
4,DEL,45823,2
4,DEL,46079,3
4,DEL,46335,1
4,DEL,46591,2
4,DEL,46847,1
4,DEL,47359,1
4,DEL,47615,1
4,DEL,47871,1
4,DEL,48127,1
4,DEL,48383,3
4,DEL,48895,3
4,DEL,49407,2
4,DEL,49663,3
4,DEL,49919,2
4,DEL,50175,1
4,DEL,50943,2
4,DEL,51199,3
4,DEL,51455,3
4,DEL,51711,1
4,DEL,51967,3
4,DEL,52223,3
4,DEL,52479,6
4,DEL,52991,3
4,DEL,53247,2
4,DEL,53503,1
4,DEL,53759,2
4,DEL,54783,3
4,DEL,55039,2
4,DEL,55295,1
4,DEL,55551,2
4,DEL,55807,1
4,DEL,56319,1
4,DEL,56575,3
4,DEL,56831,1
4,DEL,57087,1
4,DEL,57343,1
4,DEL,58111,1
4,DEL,58367,1
4,DEL,58623,1
4,DEL,58879,1
4,DEL,61439,1
4,DEL,61951,1
4,SET,163,1
4,SET,173,1
4,SET,202,1
4,SET,206,1
4,SET,212,1
4,SET,215,1
4,SET,221,1
4,SET,259,1
4,SET,261,2
4,SET,265,2
4,SET,267,1
4,SET,277,1
4,SET,287,1
4,SET,289,1
4,SET,337,1
4,SET,415,1
4,SET,505,1
4,SET,559,1
4,SET,583,1
4,SET,607,1
4,SET,791,1
4,SET,947,1
4,SET,1007,1
4,SET,1159,1
4,SET,1391,1
4,SET,1423,1
4,SET,1575,1
4,SET,1719,1
4,SET,1783,1
4,SET,1823,1
4,SET,1911,1
4,SET,2095,1
4,SET,2159,1
4,SET,2287,1
4,SET,2319,1
4,SET,2335,1
4,SET,2399,1
4,SET,2511,1
4,SET,2735,1
4,SET,2895,1
4,SET,2911,1
4,SET,3071,1
4,SET,3199,1
4,SET,3327,2
4,SET,3391,1
4,SET,3439,1
4,SET,3455,3
4,SET,3503,1
4,SET,3551,2
4,SET,3583,1
4,SET,3599,1
4,SET,3807,1
4,SET,3855,1
4,SET,3999,1
4,SET,4255,1
4,SET,4287,1
4,SET,4607,1
4,SET,4671,1
4,SET,4767,1
4,SET,5087,1
4,SET,5887,1
4,SET,7167,1
5,SET,155,1
5,SET,161,1
5,SET,167,1
5,SET,174,1
5,SET,181,1
5,SET,182,2
5,SET,185,1
5,SET,187,1
5,SET,188,3
5,SET,189,1
5,SET,197,1
5,SET,201,1
5,SET,206,2
5,SET,208,1
5,SET,212,1
5,SET,214,1
5,SET,216,1
5,SET,218,2
5,SET,224,1
5,SET,249,1
5,SET,259,1
5,SET,267,1
5,SET,269,1
5,SET,279,1
5,SET,285,1
5,SET,307,1
5,SET,313,1
5,SET,383,1
5,SET,387,1
5,SET,391,1
5,SET,409,1
5,SET,413,1
5,SET,415,1
5,SET,459,1
5,SET,473,1
5,SET,527,1
5,SET,531,1
5,SET,663,1
5,SET,747,1
5,SET,827,1
5,SET,987,1
5,SET,999,1
5,SET,1071,1
5,SET,1151,1
5,SET,1183,1
5,SET,1215,1
5,SET,1439,1
5,SET,1471,1
5,SET,1583,1
5,SET,1623,1
5,SET,1687,1
5,SET,1871,1
5,SET,2023,1
5,SET,2207,1
5,SET,2463,1
5,SET,2559,1
5,SET,2623,1
5,SET,2687,1
5,SET,2751,1
5,SET,2879,1
5,SET,3023,1
5,SET,3039,1
5,SET,3215,1
5,SET,3247,1
5,SET,3295,1
5,SET,3423,1
5,SET,3487,1
5,SET,3503,1
5,SET,3695,1
5,SET,3743,1
5,SET,3791,1
5,SET,3967,1
5,SET,4047,1
5,SET,4079,1
5,SET,4095,1
5,SET,4223,1
5,SET,4575,1
5,DEL,127,1
5,DEL,161,1
5,DEL,167,1
5,DEL,170,1
5,DEL,171,1
5,DEL,174,1
5,DEL,177,1
5,DEL,182,1
5,DEL,183,1
5,DEL,184,1
5,DEL,186,2
5,DEL,188,1
5,DEL,189,2
5,DEL,191,2
5,DEL,192,1
5,DEL,193,1
5,DEL,194,1
5,DEL,195,3
5,DEL,197,2
5,DEL,198,3
5,DEL,199,5
5,DEL,202,3
5,DEL,203,2
5,DEL,204,1
5,DEL,205,1
5,DEL,207,1
5,DEL,210,1
5,DEL,211,1
5,DEL,212,1
5,DEL,213,1
5,DEL,214,1
5,DEL,215,5
5,DEL,217,2
5,DEL,219,2
5,DEL,223,2
5,DEL,224,1
5,DEL,225,1
5,DEL,228,2
5,DEL,230,2
5,DEL,235,1
5,DEL,236,1
5,DEL,237,3
5,DEL,238,3
5,DEL,240,1
5,DEL,241,1
5,DEL,242,2
5,DEL,243,1
5,DEL,246,2
5,DEL,247,2
5,DEL,248,2
5,DEL,249,1
5,DEL,250,2
5,DEL,252,3
5,DEL,254,1
5,DEL,257,2
5,DEL,263,1
5,DEL,265,1
5,DEL,267,1
5,DEL,271,2
5,DEL,277,1
5,DEL,279,1
5,DEL,283,1
5,DEL,289,1
5,DEL,299,1
5,DEL,301,1
5,DEL,303,2
5,DEL,309,1
5,DEL,313,1
5,DEL,319,1
5,DEL,327,2
5,DEL,333,1
5,DEL,347,1
5,DEL,353,1
5,DEL,383,1
5,DEL,397,1
5,DEL,399,1
5,DEL,401,1
5,DEL,409,1
5,DEL,417,1
5,DEL,419,1
5,DEL,427,1
5,DEL,429,1
5,DEL,435,1
5,DEL,437,1
5,DEL,445,1
5,DEL,449,1
5,DEL,455,1
5,DEL,463,1
5,DEL,465,1
5,DEL,479,1
5,DEL,483,1
5,DEL,485,1
5,DEL,493,1
5,DEL,519,1
5,DEL,527,2
5,DEL,531,1
5,DEL,579,1
5,DEL,619,1
5,DEL,623,1
5,DEL,635,1
5,DEL,643,1
5,DEL,647,2
5,DEL,651,2
5,DEL,679,1
5,DEL,691,1
5,DEL,695,1
5,DEL,699,3
5,DEL,707,1
5,DEL,719,1
5,DEL,727,1
5,DEL,739,1
5,DEL,743,2
5,DEL,751,2
5,DEL,775,1
5,DEL,787,1
5,DEL,795,1
5,DEL,827,1
5,DEL,831,1
5,DEL,859,1
5,DEL,879,1
5,DEL,895,1
5,DEL,899,1
5,DEL,915,1
5,DEL,935,1
5,DEL,951,1
5,DEL,959,1
5,DEL,967,1
5,DEL,979,1
5,DEL,991,1
5,DEL,1003,1
5,DEL,1095,1
5,DEL,1127,2
5,DEL,1151,1
5,DEL,1175,1
5,DEL,1207,1
5,DEL,1215,1
5,DEL,1231,1
5,DEL,1255,1
5,DEL,1303,1
5,DEL,1335,1
5,DEL,1375,1
5,DEL,1391,1
5,DEL,1647,1
5,DEL,1879,1
5,DEL,2039,1
5,DEL,2111,1
5,DEL,2127,1
5,DEL,2159,1
5,DEL,2191,1
5,DEL,2303,1
5,DEL,2399,1
5,DEL,2463,1
5,DEL,2511,1
5,DEL,2543,2
5,DEL,2575,1
5,DEL,2639,1
5,DEL,2655,1
5,DEL,2671,1
5,DEL,2687,1
5,DEL,2735,1
5,DEL,2767,1
5,DEL,2847,1
5,DEL,2879,1
5,DEL,2895,1
5,DEL,2975,1
5,DEL,3055,1
5,DEL,3087,1
5,DEL,3167,1
5,DEL,3215,1
5,DEL,3295,1
5,DEL,3375,1
5,DEL,3455,2
5,DEL,3503,1
5,DEL,3519,1
5,DEL,3535,3
5,DEL,3551,1
5,DEL,3567,1
5,DEL,3583,1
5,DEL,3615,2
5,DEL,3647,1
5,DEL,3711,2
5,DEL,3759,1
5,DEL,3775,1
5,DEL,3791,1
5,DEL,3887,1
5,DEL,3919,1
5,DEL,3951,1
5,DEL,3983,1
5,DEL,4031,1
5,DEL,4095,1
5,DEL,4159,1
5,DEL,4191,1
5,DEL,4319,2
5,DEL,4351,1
5,DEL,4383,2
5,DEL,4447,1
5,DEL,4511,1
5,DEL,4575,2
5,DEL,4607,1
5,DEL,4639,1
5,DEL,4671,1
5,DEL,4703,1
5,DEL,4735,2
5,DEL,4799,1
5,DEL,4831,2
5,DEL,4863,3
5,DEL,4895,1
5,DEL,4959,1
5,DEL,4991,1
5,DEL,5023,1
5,DEL,5087,1
5,DEL,5119,1
5,DEL,5151,2
5,DEL,5215,1
5,DEL,5279,1
5,DEL,5311,1
5,DEL,5375,2
5,DEL,5439,1
5,DEL,5503,1
5,DEL,5567,1
5,DEL,5695,1
5,DEL,5855,1
5,DEL,5951,2
5,DEL,6207,1
5,DEL,6431,1
5,DEL,6463,1
5,DEL,6527,1
5,DEL,6591,1
5,DEL,6943,1
5,DEL,7167,1
5,DEL,7327,1
5,DEL,37887,1
5,DEL,39167,1
5,DEL,41215,1
5,DEL,41471,1
5,DEL,43775,2
5,DEL,44543,1
5,DEL,44799,2
5,DEL,45311,1
5,DEL,45567,1
5,DEL,45823,3
5,DEL,46079,1
5,DEL,46591,1
5,DEL,46847,1
5,DEL,47103,2
5,DEL,47359,2
5,DEL,47615,1
5,DEL,48383,2
5,DEL,48639,2
5,DEL,48895,1
5,DEL,49151,2
5,DEL,49663,3
5,DEL,49919,3
5,DEL,50175,2
5,DEL,50431,2
5,DEL,50687,3
5,DEL,50943,1
5,DEL,51199,2
5,DEL,51455,2
5,DEL,51967,2
5,DEL,52223,2
5,DEL,52479,1
5,DEL,52735,1
5,DEL,52991,4
5,DEL,53247,2
5,DEL,53503,2
5,DEL,53759,1
5,DEL,54271,1
5,DEL,54527,3
5,DEL,54783,3
5,DEL,55039,4
5,DEL,55295,1
5,DEL,55551,1
5,DEL,55807,1
5,DEL,56063,1
5,DEL,57087,1
5,DEL,57343,1
5,DEL,57599,1
5,DEL,58111,1
5,DEL,59391,1
5,GET,107,2
5,GET,112,1
5,GET,120,1
5,GET,121,1
5,GET,130,1
5,GET,133,1
5,GET,135,1
5,GET,140,1
5,GET,141,1
5,GET,142,1
5,GET,146,1
5,GET,147,1
5,GET,148,1
5,GET,149,1
5,GET,151,1
5,GET,154,3
5,GET,155,2
5,GET,156,1
5,GET,159,2
5,GET,161,2
5,GET,162,2
5,GET,164,1
5,GET,165,1
5,GET,166,1
5,GET,168,1
5,GET,169,2
5,GET,170,1
5,GET,172,1
5,GET,173,1
5,GET,175,2
5,GET,176,2
5,GET,177,1
5,GET,178,2
5,GET,179,2
5,GET,180,2
5,GET,181,1
5,GET,182,1
5,GET,183,4
5,GET,184,4
5,GET,185,1
5,GET,186,1
5,GET,187,1
5,GET,188,1
5,GET,189,3
5,GET,190,3
5,GET,191,2
5,GET,192,6
5,GET,193,4
5,GET,194,2
5,GET,195,3
5,GET,196,3
5,GET,197,2
5,GET,198,3
5,GET,199,2
5,GET,200,2
5,GET,201,1
5,GET,202,5
5,GET,203,2
5,GET,204,5
5,GET,205,4
5,GET,206,1
5,GET,207,2
5,GET,208,4
5,GET,209,2
5,GET,210,4
5,GET,211,3
5,GET,212,3
5,GET,214,2
5,GET,215,2
5,GET,216,7
5,GET,217,4
5,GET,218,1
5,GET,219,3
5,GET,220,1
5,GET,221,1
5,GET,222,4
5,GET,223,4
5,GET,225,1
5,GET,226,2
5,GET,228,6
5,GET,229,1
5,GET,230,2
5,GET,231,2
5,GET,233,3
5,GET,234,1
5,GET,235,1
5,GET,236,2
5,GET,237,2
5,GET,239,2
5,GET,240,2
5,GET,241,1
5,GET,242,4
5,GET,244,3
5,GET,245,2
5,GET,246,1
5,GET,247,4
5,GET,248,1
5,GET,249,3
5,GET,250,3
5,GET,252,1
5,GET,253,1
5,GET,254,1
5,GET,257,3
5,GET,259,4
5,GET,261,1
5,GET,263,3
5,GET,265,2
5,GET,267,3
5,GET,269,2
5,GET,271,2
5,GET,275,4
5,GET,277,3
5,GET,279,2
5,GET,281,1
5,GET,283,2
5,GET,289,2
5,GET,291,2
5,GET,293,2
5,GET,295,3
5,GET,297,1
5,GET,299,4
5,GET,301,3
5,GET,303,2
5,GET,307,2
5,GET,313,2
5,GET,315,2
5,GET,317,1
5,GET,319,2
5,GET,321,3
5,GET,323,1
5,GET,325,1
5,GET,327,2
5,GET,329,1
5,GET,331,2
5,GET,337,1
5,GET,339,1
5,GET,343,1
5,GET,349,1
5,GET,351,1
5,GET,353,1
5,GET,355,2
5,GET,357,1
5,GET,359,2
5,GET,361,1
5,GET,363,1
5,GET,371,1
5,GET,373,1
5,GET,377,1
5,GET,389,1
5,GET,395,2
5,GET,397,1
5,GET,401,2
5,GET,403,1
5,GET,405,1
5,GET,407,3
5,GET,409,2
5,GET,411,1
5,GET,413,1
5,GET,419,1
5,GET,421,2
5,GET,425,2
5,GET,429,1
5,GET,431,1
5,GET,433,1
5,GET,435,1
5,GET,439,2
5,GET,441,1
5,GET,447,1
5,GET,449,1
5,GET,451,1
5,GET,453,1
5,GET,455,2
5,GET,457,1
5,GET,469,1
5,GET,471,1
5,GET,473,1
5,GET,475,1
5,GET,479,1
5,GET,483,1
5,GET,489,1
5,GET,493,1
5,GET,495,2
5,GET,501,2
5,GET,503,1
5,GET,511,1
5,GET,519,1
5,GET,523,1
5,GET,527,3
5,GET,531,1
5,GET,535,1
5,GET,539,2
5,GET,543,1
5,GET,547,1
5,GET,563,2
5,GET,567,2
5,GET,571,1
5,GET,575,1
5,GET,579,1
5,GET,583,1
5,GET,587,1
5,GET,595,1
5,GET,607,2
5,GET,611,1
5,GET,619,3
5,GET,627,2
5,GET,635,1
5,GET,639,3
5,GET,643,4
5,GET,647,2
5,GET,651,2
5,GET,655,1
5,GET,659,1
5,GET,663,3
5,GET,667,1
5,GET,675,2
5,GET,679,2
5,GET,683,2
5,GET,687,1
5,GET,691,1
5,GET,699,1
5,GET,703,3
5,GET,711,2
5,GET,715,1
5,GET,723,1
5,GET,731,1
5,GET,739,1
5,GET,747,1
5,GET,751,3
5,GET,759,1
5,GET,779,1
5,GET,783,2
5,GET,787,3
5,GET,795,2
5,GET,799,1
5,GET,803,1
5,GET,807,1
5,GET,811,1
5,GET,819,1
5,GET,823,2
5,GET,831,1
5,GET,835,2
5,GET,863,2
5,GET,871,1
5,GET,875,4
5,GET,879,2
5,GET,883,2
5,GET,887,1
5,GET,895,1
5,GET,903,1
5,GET,907,1
5,GET,911,1
5,GET,919,1
5,GET,923,1
5,GET,927,1
5,GET,931,1
5,GET,935,1
5,GET,943,2
5,GET,947,1
5,GET,951,1
5,GET,955,1
5,GET,959,1
5,GET,967,1
5,GET,971,2
5,GET,975,2
5,GET,987,1
5,GET,999,2
5,GET,1003,1
5,GET,1019,1
5,GET,1031,2
5,GET,1039,1
5,GET,1047,3
5,GET,1055,3
5,GET,1071,1
5,GET,1079,1
5,GET,1087,1
5,GET,1095,1
5,GET,1111,1
5,GET,1127,3
5,GET,1135,2
5,GET,1143,2
5,GET,1151,1
5,GET,1159,3
5,GET,1175,1
5,GET,1183,2
5,GET,1199,2
5,GET,1207,1
5,GET,1215,2
5,GET,1231,1
5,GET,1271,1
5,GET,1279,2
5,GET,1295,2
5,GET,1303,1
5,GET,1311,3
5,GET,1327,1
5,GET,1343,1
5,GET,1351,1
5,GET,1367,1
5,GET,1375,1
5,GET,1399,2
5,GET,1407,2
5,GET,1415,2
5,GET,1423,1
5,GET,1439,1
5,GET,1447,1
5,GET,1487,3
5,GET,1495,1
5,GET,1511,1
5,GET,1519,2
5,GET,1527,1
5,GET,1535,3
5,GET,1567,2
5,GET,1575,2
5,GET,1583,1
5,GET,1591,1
5,GET,1599,2
5,GET,1607,1
5,GET,1623,1
5,GET,1639,1
5,GET,1647,1
5,GET,1671,1
5,GET,1703,2
5,GET,1711,1
5,GET,1727,1
5,GET,1735,1
5,GET,1759,3
5,GET,1767,3
5,GET,1775,3
5,GET,1783,1
5,GET,1799,2
5,GET,1823,1
5,GET,1831,1
5,GET,1839,2
5,GET,1847,1
5,GET,1855,1
5,GET,1863,1
5,GET,1871,1
5,GET,1879,1
5,GET,1895,2
5,GET,1903,2
5,GET,1919,4
5,GET,1927,1
5,GET,1935,2
5,GET,1951,2
5,GET,1983,1
5,GET,1991,1
5,GET,1999,3
5,GET,2007,1
5,GET,2015,3
5,GET,2023,1
5,GET,2031,2
5,GET,2063,1
5,GET,2079,1
5,GET,2095,2
5,GET,2111,1
5,GET,2143,2
5,GET,2159,2
5,GET,2175,2
5,GET,2191,2
5,GET,2207,1
5,GET,2223,3
5,GET,2239,3
5,GET,2255,4
5,GET,2271,1
5,GET,2287,3
5,GET,2303,2
5,GET,2319,3
5,GET,2335,2
5,GET,2351,3
5,GET,2367,1
5,GET,2383,5
5,GET,2399,5
5,GET,2415,2
5,GET,2431,3
5,GET,2447,2
5,GET,2463,9
5,GET,2479,2
5,GET,2495,2
5,GET,2511,5
5,GET,2527,3
5,GET,2543,6
5,GET,2559,3
5,GET,2575,2
5,GET,2591,4
5,GET,2607,5
5,GET,2623,5
5,GET,2639,3
5,GET,2655,5
5,GET,2671,1
5,GET,2687,6
5,GET,2703,2
5,GET,2719,3
5,GET,2735,4
5,GET,2751,7
5,GET,2767,2
5,GET,2783,2
5,GET,2799,4
5,GET,2815,4
5,GET,2831,3
5,GET,2847,4
5,GET,2863,2
5,GET,2879,2
5,GET,2895,9
5,GET,2911,3
5,GET,2927,6
5,GET,2943,6
5,GET,2959,5
5,GET,2975,5
5,GET,2991,2
5,GET,3007,7
5,GET,3023,4
5,GET,3039,5
5,GET,3055,4
5,GET,3071,5
5,GET,3087,2
5,GET,3103,9
5,GET,3119,2
5,GET,3135,6
5,GET,3151,3
5,GET,3167,3
5,GET,3183,2
5,GET,3199,8
5,GET,3215,2
5,GET,3231,1
5,GET,3247,2
5,GET,3263,1
5,GET,3279,4
5,GET,3295,4
5,GET,3311,5
5,GET,3327,3
5,GET,3343,4
5,GET,3359,3
5,GET,3375,4
5,GET,3391,5
5,GET,3407,4
5,GET,3423,5
5,GET,3439,7
5,GET,3455,3
5,GET,3471,3
5,GET,3487,1
5,GET,3503,4
5,GET,3519,2
5,GET,3535,3
5,GET,3551,2
5,GET,3567,2
5,GET,3583,1
5,GET,3599,5
5,GET,3615,2
5,GET,3631,3
5,GET,3647,2
5,GET,3663,2
5,GET,3679,2
5,GET,3711,1
5,GET,3743,1
5,GET,3759,5
5,GET,3775,2
5,GET,3791,2
5,GET,3823,1
5,GET,3839,1
5,GET,3855,7
5,GET,3887,2
5,GET,3903,2
5,GET,3919,1
5,GET,3951,1
5,GET,3967,5
5,GET,3999,6
5,GET,4015,2
5,GET,4031,2
5,GET,4047,1
5,GET,4079,1
5,GET,4095,2
5,GET,4127,6
5,GET,4159,4
5,GET,4191,1
5,GET,4223,6
5,GET,4255,4
5,GET,4287,4
5,GET,4319,2
5,GET,4351,2
5,GET,4383,6
5,GET,4415,2
5,GET,4447,2
5,GET,4479,4
5,GET,4511,4
5,GET,4543,4
5,GET,4575,5
5,GET,4607,2
5,GET,4639,2
5,GET,4671,2
5,GET,4703,5
5,GET,4735,3
5,GET,4767,1
5,GET,4799,2
5,GET,4831,1
5,GET,4863,1
5,GET,4895,2
5,GET,4959,2
5,GET,4991,1
5,GET,5023,1
5,GET,5055,1
5,GET,5119,2
5,GET,5151,2
5,GET,5247,2
5,GET,5279,1
5,GET,5343,3
5,GET,5375,2
5,GET,5407,2
5,GET,5503,1
5,GET,5535,1
5,GET,5599,2
5,GET,5727,1
5,GET,5791,1
5,GET,5855,1
5,GET,6015,1
5,GET,6271,1
5,GET,6367,2
5,GET,6399,1
5,GET,6687,1
5,GET,8447,1
5,GET,8703,1
6,GET,102,1
6,GET,119,1
6,GET,122,1
6,GET,123,1
6,GET,125,1
6,GET,130,1
6,GET,140,1
6,GET,151,1
6,GET,152,1
6,GET,154,1
6,GET,156,2
6,GET,159,3
6,GET,161,3
6,GET,162,1
6,GET,167,1
6,GET,168,2
6,GET,169,3
6,GET,170,2
6,GET,171,3
6,GET,172,4
6,GET,175,4
6,GET,176,1
6,GET,177,5
6,GET,179,1
6,GET,180,4
6,GET,181,6
6,GET,182,3
6,GET,183,2
6,GET,184,2
6,GET,185,2
6,GET,186,4
6,GET,187,2
6,GET,188,2
6,GET,190,3
6,GET,191,2
6,GET,192,2
6,GET,193,7
6,GET,194,2
6,GET,195,2
6,GET,196,1
6,GET,197,2
6,GET,198,6
6,GET,199,2
6,GET,200,3
6,GET,201,3
6,GET,202,4
6,GET,203,1
6,GET,204,2
6,GET,205,1
6,GET,206,1
6,GET,207,2
6,GET,208,4
6,GET,209,3
6,GET,210,3
6,GET,211,6
6,GET,213,3
6,GET,214,3
6,GET,215,1
6,GET,216,4
6,GET,217,5
6,GET,218,4
6,GET,219,2
6,GET,220,3
6,GET,221,3
6,GET,222,3
6,GET,223,1
6,GET,224,7
6,GET,225,3
6,GET,226,2
6,GET,227,2
6,GET,228,3
6,GET,230,4
6,GET,231,1
6,GET,232,5
6,GET,233,2
6,GET,234,3
6,GET,235,2
6,GET,236,3
6,GET,237,2
6,GET,239,1
6,GET,240,3
6,GET,241,3
6,GET,242,2
6,GET,243,2
6,GET,244,2
6,GET,245,1
6,GET,247,1
6,GET,250,2
6,GET,251,2
6,GET,252,2
6,GET,254,1
6,GET,255,3
6,GET,257,2
6,GET,259,2
6,GET,261,1
6,GET,263,4
6,GET,265,1
6,GET,269,3
6,GET,271,2
6,GET,273,2
6,GET,275,4
6,GET,277,4
6,GET,279,1
6,GET,281,5
6,GET,283,4
6,GET,285,1
6,GET,287,3
6,GET,289,2
6,GET,291,3
6,GET,293,4
6,GET,299,2
6,GET,301,1
6,GET,303,1
6,GET,305,3
6,GET,307,1
6,GET,309,1
6,GET,313,2
6,GET,315,1
6,GET,317,1
6,GET,319,3
6,GET,321,2
6,GET,323,3
6,GET,333,3
6,GET,335,1
6,GET,337,2
6,GET,339,2
6,GET,341,3
6,GET,343,1
6,GET,345,1
6,GET,347,2
6,GET,351,4
6,GET,353,4
6,GET,355,2
6,GET,357,1
6,GET,359,2
6,GET,363,1
6,GET,365,1
6,GET,367,2
6,GET,373,1
6,GET,375,1
6,GET,383,1
6,GET,387,2
6,GET,389,1
6,GET,391,2
6,GET,395,1
6,GET,401,3
6,GET,409,1
6,GET,411,1
6,GET,413,1
6,GET,415,2
6,GET,421,1
6,GET,425,2
6,GET,427,1
6,GET,429,1
6,GET,431,2
6,GET,437,3
6,GET,441,1
6,GET,443,2
6,GET,447,2
6,GET,449,1
6,GET,453,2
6,GET,459,2
6,GET,469,2
6,GET,473,1
6,GET,475,1
6,GET,477,1
6,GET,479,2
6,GET,489,1
6,GET,491,1
6,GET,493,1
6,GET,495,1
6,GET,501,1
6,GET,507,1
6,GET,509,1
6,GET,515,1
6,GET,519,1
6,GET,527,1
6,GET,531,1
6,GET,535,1
6,GET,543,1
6,GET,547,2
6,GET,551,1
6,GET,563,2
6,GET,571,2
6,GET,575,3
6,GET,579,2
6,GET,583,3
6,GET,587,2
6,GET,595,2
6,GET,599,1
6,GET,607,4
6,GET,611,4
6,GET,627,1
6,GET,631,2
6,GET,635,5
6,GET,639,1
6,GET,643,1
6,GET,651,2
6,GET,655,1
6,GET,663,2
6,GET,667,1
6,GET,671,1
6,GET,675,2
6,GET,679,1
6,GET,687,1
6,GET,691,2
6,GET,695,1
6,GET,699,1
6,GET,703,4
6,GET,707,2
6,GET,711,1
6,GET,719,1
6,GET,723,3
6,GET,727,3
6,GET,731,1
6,GET,735,1
6,GET,747,1
6,GET,751,1
6,GET,759,1
6,GET,763,1
6,GET,767,1
6,GET,775,2
6,GET,779,1
6,GET,783,2
6,GET,787,2
6,GET,791,2
6,GET,795,2
6,GET,799,2
6,GET,811,3
6,GET,815,2
6,GET,831,1
6,GET,835,1
6,GET,859,2
6,GET,863,1
6,GET,867,1
6,GET,871,1
6,GET,875,2
6,GET,879,2
6,GET,887,1
6,GET,891,1
6,GET,895,1
6,GET,899,3
6,GET,903,1
6,GET,915,2
6,GET,919,3
6,GET,927,1
6,GET,935,1
6,GET,939,1
6,GET,943,1
6,GET,947,3
6,GET,975,1
6,GET,979,2
6,GET,983,3
6,GET,991,3
6,GET,995,3
6,GET,999,2
6,GET,1003,1
6,GET,1007,1
6,GET,1023,1
6,GET,1031,3
6,GET,1047,2
6,GET,1063,1
6,GET,1071,1
6,GET,1079,2
6,GET,1087,1
6,GET,1095,3
6,GET,1103,1
6,GET,1111,1
6,GET,1127,2
6,GET,1135,1
6,GET,1143,3
6,GET,1151,1
6,GET,1167,3
6,GET,1175,2
6,GET,1183,1
6,GET,1191,1
6,GET,1215,2
6,GET,1223,3
6,GET,1239,1
6,GET,1247,3
6,GET,1255,2
6,GET,1263,3
6,GET,1279,2
6,GET,1295,1
6,GET,1303,1
6,GET,1327,1
6,GET,1335,1
6,GET,1351,1
6,GET,1399,1
6,GET,1415,1
6,GET,1423,1
6,GET,1431,1
6,GET,1455,2
6,GET,1463,1
6,GET,1471,2
6,GET,1503,1
6,GET,1519,1
6,GET,1527,1
6,GET,1551,1
6,GET,1567,2
6,GET,1575,3
6,GET,1583,1
6,GET,1591,1
6,GET,1599,1
6,GET,1615,1
6,GET,1623,1
6,GET,1647,1
6,GET,1663,1
6,GET,1671,2
6,GET,1679,1
6,GET,1711,1
6,GET,1727,1
6,GET,1743,1
6,GET,1775,1
6,GET,1791,1
6,GET,1815,1
6,GET,1823,1
6,GET,1831,1
6,GET,1855,2
6,GET,1863,1
6,GET,1871,1
6,GET,1879,2
6,GET,1887,1
6,GET,1903,1
6,GET,1911,2
6,GET,1919,3
6,GET,1927,2
6,GET,1943,2
6,GET,1951,3
6,GET,1959,1
6,GET,1975,2
6,GET,1991,2
6,GET,1999,1
6,GET,2007,1
6,GET,2023,1
6,GET,2031,2
6,GET,2039,1
6,GET,2047,1
6,GET,2063,2
6,GET,2095,2
6,GET,2111,1
6,GET,2143,3
6,GET,2159,5
6,GET,2175,2
6,GET,2191,3
6,GET,2239,1
6,GET,2287,2
6,GET,2303,4
6,GET,2319,2
6,GET,2335,1
6,GET,2351,4
6,GET,2367,3
6,GET,2383,3
6,GET,2399,1
6,GET,2415,1
6,GET,2431,4
6,GET,2447,1
6,GET,2463,2
6,GET,2479,4
6,GET,2495,7
6,GET,2511,3
6,GET,2543,3
6,GET,2559,3
6,GET,2575,1
6,GET,2591,2
6,GET,2607,1
6,GET,2623,5
6,GET,2639,1
6,GET,2655,3
6,GET,2671,3
6,GET,2687,6
6,GET,2703,3
6,GET,2719,7
6,GET,2735,2
6,GET,2751,1
6,GET,2767,2
6,GET,2783,4
6,GET,2799,3
6,GET,2815,6
6,GET,2831,3
6,GET,2847,2
6,GET,2863,1
6,GET,2879,2
6,GET,2895,3
6,GET,2911,10
6,GET,2927,5
6,GET,2943,3
6,GET,2959,8
6,GET,2975,1
6,GET,2991,5
6,GET,3007,7
6,GET,3023,5
6,GET,3039,3
6,GET,3055,3
6,GET,3071,3
6,GET,3087,5
6,GET,3103,1
6,GET,3119,1
6,GET,3135,7
6,GET,3151,8
6,GET,3167,5
6,GET,3183,4
6,GET,3199,2
6,GET,3215,5
6,GET,3231,3
6,GET,3247,2
6,GET,3263,1
6,GET,3295,5
6,GET,3311,1
6,GET,3327,2
6,GET,3343,6
6,GET,3359,4
6,GET,3375,3
6,GET,3391,4
6,GET,3407,5
6,GET,3423,3
6,GET,3439,1
6,GET,3455,4
6,GET,3471,1
6,GET,3487,4
6,GET,3503,3
6,GET,3519,1
6,GET,3535,2
6,GET,3551,4
6,GET,3567,3
6,GET,3583,4
6,GET,3615,5
6,GET,3631,5
6,GET,3647,3
6,GET,3663,2
6,GET,3679,2
6,GET,3695,4
6,GET,3711,5
6,GET,3727,2
6,GET,3743,2
6,GET,3759,2
6,GET,3775,1
6,GET,3791,4
6,GET,3807,4
6,GET,3823,7
6,GET,3839,2
6,GET,3855,2
6,GET,3871,1
6,GET,3887,3
6,GET,3903,2
6,GET,3919,2
6,GET,3935,2
6,GET,3951,4
6,GET,3967,1
6,GET,3983,2
6,GET,4015,2
6,GET,4031,2
6,GET,4047,2
6,GET,4063,1
6,GET,4079,1
6,GET,4095,4
6,GET,4127,2
6,GET,4159,5
6,GET,4191,5
6,GET,4223,2
6,GET,4255,2
6,GET,4287,6
6,GET,4351,3
6,GET,4383,2
6,GET,4415,3
6,GET,4447,4
6,GET,4479,2
6,GET,4511,1
6,GET,4543,5
6,GET,4575,1
6,GET,4607,2
6,GET,4639,2
6,GET,4671,4
6,GET,4703,1
6,GET,4735,2
6,GET,4767,2
6,GET,4799,2
6,GET,4863,1
6,GET,4895,1
6,GET,4927,2
6,GET,4959,3
6,GET,4991,1
6,GET,5055,1
6,GET,5119,1
6,GET,5151,4
6,GET,5183,3
6,GET,5215,1
6,GET,5247,2
6,GET,5279,2
6,GET,5311,1
6,GET,5407,1
6,GET,5439,1
6,GET,5471,1
6,GET,5503,1
6,GET,5567,2
6,GET,5599,1
6,GET,5727,3
6,GET,5919,1
6,GET,6143,1
6,GET,6207,1
6,GET,6239,1
6,GET,6815,1
6,GET,6975,1
6,DEL,101,1
6,DEL,137,1
6,DEL,155,1
6,DEL,157,1
6,DEL,163,1
6,DEL,165,1
6,DEL,168,1
6,DEL,172,1
6,DEL,174,2
6,DEL,175,1
6,DEL,177,2
6,DEL,179,2
6,DEL,180,1
6,DEL,182,2
6,DEL,184,1
6,DEL,186,1
6,DEL,187,2
6,DEL,194,2
6,DEL,202,1
6,DEL,203,2
6,DEL,204,2
6,DEL,205,1
6,DEL,207,2
6,DEL,208,2
6,DEL,209,1
6,DEL,210,2
6,DEL,211,3
6,DEL,212,1
6,DEL,213,2
6,DEL,214,4
6,DEL,215,1
6,DEL,217,1
6,DEL,219,3
6,DEL,220,2
6,DEL,221,3
6,DEL,222,2
6,DEL,223,2
6,DEL,224,2
6,DEL,225,1
6,DEL,226,1
6,DEL,227,1
6,DEL,230,1
6,DEL,231,2
6,DEL,232,2
6,DEL,234,2
6,DEL,235,2
6,DEL,237,1
6,DEL,238,2
6,DEL,241,1
6,DEL,243,2
6,DEL,244,1
6,DEL,251,1
6,DEL,252,2
6,DEL,255,1
6,DEL,257,2
6,DEL,261,2
6,DEL,263,1
6,DEL,265,1
6,DEL,285,2
6,DEL,289,1
6,DEL,293,1
6,DEL,303,1
6,DEL,319,2
6,DEL,323,1
6,DEL,327,1
6,DEL,331,2
6,DEL,333,1
6,DEL,335,1
6,DEL,339,1
6,DEL,341,1
6,DEL,343,1
6,DEL,349,1
6,DEL,353,1
6,DEL,359,1
6,DEL,361,1
6,DEL,363,1
6,DEL,373,1
6,DEL,375,1
6,DEL,379,1
6,DEL,397,2
6,DEL,405,1
6,DEL,407,1
6,DEL,421,1
6,DEL,423,1
6,DEL,427,1
6,DEL,449,1
6,DEL,459,1
6,DEL,465,1
6,DEL,469,1
6,DEL,475,1
6,DEL,481,1
6,DEL,505,1
6,DEL,511,1
6,DEL,535,1
6,DEL,547,1
6,DEL,555,1
6,DEL,571,1
6,DEL,575,1
6,DEL,579,1
6,DEL,583,2
6,DEL,591,1
6,DEL,615,2
6,DEL,623,1
6,DEL,635,1
6,DEL,655,1
6,DEL,659,1
6,DEL,667,1
6,DEL,671,2
6,DEL,679,2
6,DEL,683,1
6,DEL,703,1
6,DEL,723,1
6,DEL,727,3
6,DEL,735,1
6,DEL,751,1
6,DEL,763,1
6,DEL,771,1
6,DEL,779,2
6,DEL,795,1
6,DEL,799,2
6,DEL,807,1
6,DEL,823,1
6,DEL,827,2
6,DEL,831,1
6,DEL,835,1
6,DEL,843,1
6,DEL,855,1
6,DEL,863,3
6,DEL,867,1
6,DEL,883,1
6,DEL,903,1
6,DEL,915,1
6,DEL,923,1
6,DEL,927,1
6,DEL,935,1
6,DEL,943,1
6,DEL,959,1
6,DEL,975,1
6,DEL,1011,1
6,DEL,1079,1
6,DEL,1127,1
6,DEL,1135,2
6,DEL,1263,1
6,DEL,1351,1
6,DEL,1399,1
6,DEL,1463,1
6,DEL,1503,1
6,DEL,1639,1
6,DEL,1751,1
6,DEL,1767,1
6,DEL,1783,1
6,DEL,2031,2
6,DEL,2063,1
6,DEL,2079,1
6,DEL,2191,1
6,DEL,2207,2
6,DEL,2255,1
6,DEL,2319,1
6,DEL,2367,2
6,DEL,2415,1
6,DEL,2495,1
6,DEL,2671,1
6,DEL,2767,1
6,DEL,2783,1
6,DEL,2831,1
6,DEL,2847,1
6,DEL,2879,1
6,DEL,3023,1
6,DEL,3135,2
6,DEL,3151,1
6,DEL,3199,1
6,DEL,3343,1
6,DEL,3359,2
6,DEL,3407,1
6,DEL,3423,2
6,DEL,3439,2
6,DEL,3455,1
6,DEL,3551,2
6,DEL,3583,1
6,DEL,3599,1
6,DEL,3663,1
6,DEL,3743,1
6,DEL,3775,1
6,DEL,3839,1
6,DEL,3855,1
6,DEL,3903,2
6,DEL,3919,3
6,DEL,3967,2
6,DEL,3983,1
6,DEL,4063,1
6,DEL,4079,2
6,DEL,4127,2
6,DEL,4159,1
6,DEL,4191,3
6,DEL,4223,1
6,DEL,4319,1
6,DEL,4447,1
6,DEL,4511,1
6,DEL,4543,1
6,DEL,4671,1
6,DEL,4703,1
6,DEL,4799,3
6,DEL,4991,1
6,DEL,5119,1
6,DEL,5151,1
6,DEL,5183,1
6,DEL,5247,1
6,DEL,5311,1
6,DEL,5343,1
6,DEL,5503,1
6,DEL,5535,1
6,DEL,5599,1
6,DEL,5663,1
6,DEL,5759,1
6,DEL,5791,1
6,DEL,5919,2
6,DEL,6079,1
6,DEL,6207,2
6,DEL,6271,1
6,DEL,6303,1
6,DEL,6335,1
6,DEL,6463,1
6,DEL,6687,1
6,DEL,6943,2
6,DEL,7007,1
6,DEL,7071,1
6,DEL,7167,1
6,DEL,7647,1
6,DEL,7999,1
6,DEL,8511,1
6,DEL,39935,1
6,DEL,41471,1
6,DEL,44287,1
6,DEL,44543,1
6,DEL,45311,1
6,DEL,45823,1
6,DEL,46591,1
6,DEL,47103,1
6,DEL,47359,3
6,DEL,48127,1
6,DEL,48383,4
6,DEL,48895,1
6,DEL,49151,3
6,DEL,49407,2
6,DEL,49663,1
6,DEL,49919,2
6,DEL,50175,2
6,DEL,50431,2
6,DEL,50943,2
6,DEL,51199,2
6,DEL,51455,1
6,DEL,51711,1
6,DEL,51967,3
6,DEL,52223,1
6,DEL,52479,3
6,DEL,52735,1
6,DEL,52991,3
6,DEL,53247,1
6,DEL,53503,4
6,DEL,53759,4
6,DEL,54015,3
6,DEL,54271,1
6,DEL,54783,2
6,DEL,55295,1
6,DEL,55551,2
6,DEL,55807,2
6,DEL,56319,2
6,DEL,56831,1
6,DEL,57343,1
6,DEL,57599,1
6,DEL,57855,1
6,DEL,58111,1
6,DEL,59135,2
6,DEL,59647,1
6,DEL,60415,1
6,DEL,60671,1
6,SET,132,1
6,SET,156,1
6,SET,174,1
6,SET,177,2
6,SET,187,1
6,SET,194,1
6,SET,197,1
6,SET,204,1
6,SET,205,1
6,SET,207,1
6,SET,213,1
6,SET,221,1
6,SET,233,1
6,SET,235,1
6,SET,257,1
6,SET,263,2
6,SET,289,1
6,SET,313,1
6,SET,335,1
6,SET,345,1
6,SET,387,1
6,SET,481,1
6,SET,515,1
6,SET,615,1
6,SET,635,2
6,SET,719,1
6,SET,815,1
6,SET,859,1
6,SET,927,1
6,SET,951,1
6,SET,1011,1
6,SET,1047,1
6,SET,1111,1
6,SET,1127,1
6,SET,1207,1
6,SET,1351,1
6,SET,1495,1
6,SET,1567,1
6,SET,1687,1
6,SET,1943,1
6,SET,1975,2
6,SET,1983,1
6,SET,2031,1
6,SET,2111,1
6,SET,2543,1
6,SET,2575,1
6,SET,2623,1
6,SET,2767,1
6,SET,2799,1
6,SET,2847,1
6,SET,2895,2
6,SET,3119,1
6,SET,3199,1
6,SET,3263,1
6,SET,3279,1
6,SET,3423,1
6,SET,3471,1
6,SET,3503,1
6,SET,3615,1
6,SET,3679,1
6,SET,3695,1
6,SET,3743,1
6,SET,3871,1
6,SET,4127,1
6,SET,4607,1
6,SET,4703,1
6,SET,4799,1
6,SET,4831,1
6,SET,4895,1
6,SET,6047,1
7,SET,123,1
7,SET,125,1
7,SET,142,1
7,SET,149,1
7,SET,159,1
7,SET,173,1
7,SET,178,1
7,SET,179,1
7,SET,192,1
7,SET,195,1
7,SET,199,1
7,SET,208,1
7,SET,209,1
7,SET,214,1
7,SET,220,1
7,SET,225,1
7,SET,231,1
7,SET,243,1
7,SET,245,1
7,SET,263,1
7,SET,271,1
7,SET,311,2
7,SET,363,1
7,SET,367,1
7,SET,371,1
7,SET,375,1
7,SET,419,1
7,SET,465,1
7,SET,619,1
7,SET,727,1
7,SET,743,1
7,SET,751,1
7,SET,763,1
7,SET,795,1
7,SET,807,1
7,SET,1055,1
7,SET,1087,1
7,SET,1143,1
7,SET,1151,1
7,SET,1167,1
7,SET,1175,1
7,SET,1207,1
7,SET,1255,1
7,SET,1311,1
7,SET,1319,1
7,SET,1335,1
7,SET,1479,1
7,SET,1703,1
7,SET,1799,1
7,SET,2431,1
7,SET,2639,1
7,SET,2719,1
7,SET,2767,1
7,SET,2783,1
7,SET,2815,1
7,SET,2943,1
7,SET,3055,1
7,SET,3071,1
7,SET,3087,1
7,SET,3103,1
7,SET,3151,1
7,SET,3167,1
7,SET,3343,1
7,SET,3567,1
7,SET,3759,1
7,SET,3935,1
7,SET,4191,1
7,SET,4223,1
7,SET,4991,1
7,SET,5055,1
7,SET,5279,1
7,SET,6015,1
7,SET,6047,1
7,GET,91,2
7,GET,93,2
7,GET,96,2
7,GET,102,1
7,GET,103,1
7,GET,104,1
7,GET,105,1
7,GET,106,2
7,GET,107,1
7,GET,108,1
7,GET,109,1
7,GET,110,1
7,GET,111,3
7,GET,112,1
7,GET,115,3
7,GET,116,1
7,GET,118,1
7,GET,120,1
7,GET,121,1
7,GET,123,2
7,GET,125,1
7,GET,126,2
7,GET,127,1
7,GET,128,2
7,GET,129,2
7,GET,130,2
7,GET,132,2
7,GET,134,2
7,GET,136,1
7,GET,137,1
7,GET,138,3
7,GET,140,2
7,GET,142,1
7,GET,143,3
7,GET,145,1
7,GET,146,3
7,GET,148,1
7,GET,150,2
7,GET,151,1
7,GET,152,4
7,GET,153,2
7,GET,156,1
7,GET,157,1
7,GET,159,4
7,GET,160,1
7,GET,161,3
7,GET,162,5
7,GET,163,2
7,GET,165,3
7,GET,166,4
7,GET,167,2
7,GET,168,4
7,GET,169,4
7,GET,170,1
7,GET,171,5
7,GET,172,1
7,GET,173,4
7,GET,174,1
7,GET,175,3
7,GET,176,2
7,GET,177,3
7,GET,178,2
7,GET,180,4
7,GET,181,3
7,GET,182,4
7,GET,183,1
7,GET,184,4
7,GET,185,1
7,GET,186,5
7,GET,187,2
7,GET,188,4
7,GET,189,4
7,GET,191,4
7,GET,193,4
7,GET,194,2
7,GET,195,2
7,GET,196,4
7,GET,197,2
7,GET,198,4
7,GET,200,3
7,GET,201,4
7,GET,202,1
7,GET,203,2
7,GET,204,3
7,GET,205,3
7,GET,206,1
7,GET,207,3
7,GET,208,2
7,GET,209,1
7,GET,210,1
7,GET,211,3
7,GET,212,9
7,GET,213,2
7,GET,214,2
7,GET,215,2
7,GET,216,2
7,GET,217,2
7,GET,218,6
7,GET,219,2
7,GET,220,3
7,GET,221,3
7,GET,222,1
7,GET,223,2
7,GET,224,1
7,GET,225,3
7,GET,226,2
7,GET,227,1
7,GET,228,2
7,GET,229,3
7,GET,232,1
7,GET,233,3
7,GET,234,3
7,GET,235,1
7,GET,236,2
7,GET,237,3
7,GET,238,2
7,GET,239,2
7,GET,240,1
7,GET,241,1
7,GET,242,1
7,GET,243,2
7,GET,244,6
7,GET,246,1
7,GET,247,2
7,GET,248,5
7,GET,249,1
7,GET,250,1
7,GET,251,2
7,GET,252,1
7,GET,253,2
7,GET,254,2
7,GET,261,3
7,GET,263,1
7,GET,267,7
7,GET,269,1
7,GET,271,1
7,GET,275,1
7,GET,277,2
7,GET,279,1
7,GET,281,2
7,GET,283,1
7,GET,285,1
7,GET,287,3
7,GET,293,3
7,GET,295,1
7,GET,299,2
7,GET,301,2
7,GET,303,1
7,GET,305,1
7,GET,311,2
7,GET,313,3
7,GET,321,1
7,GET,325,1
7,GET,329,1
7,GET,331,1
7,GET,341,1
7,GET,347,1
7,GET,349,1
7,GET,353,1
7,GET,357,1
7,GET,361,1
7,GET,363,2
7,GET,365,1
7,GET,375,1
7,GET,377,1
7,GET,379,2
7,GET,381,1
7,GET,397,1
7,GET,401,1
7,GET,403,1
7,GET,405,2
7,GET,407,2
7,GET,411,1
7,GET,413,1
7,GET,417,1
7,GET,423,1
7,GET,425,1
7,GET,429,1
7,GET,433,1
7,GET,439,3
7,GET,441,1
7,GET,449,1
7,GET,453,1
7,GET,455,1
7,GET,457,1
7,GET,463,2
7,GET,469,1
7,GET,483,1
7,GET,489,2
7,GET,495,2
7,GET,505,1
7,GET,509,3
7,GET,515,1
7,GET,519,1
7,GET,523,2
7,GET,527,4
7,GET,531,2
7,GET,535,1
7,GET,539,2
7,GET,543,2
7,GET,547,1
7,GET,551,2
7,GET,555,1
7,GET,567,1
7,GET,571,1
7,GET,575,4
7,GET,579,2
7,GET,583,3
7,GET,587,1
7,GET,591,2
7,GET,595,1
7,GET,599,1
7,GET,619,2
7,GET,627,3
7,GET,631,1
7,GET,639,2
7,GET,643,2
7,GET,647,3
7,GET,655,2
7,GET,659,2
7,GET,663,1
7,GET,667,2
7,GET,671,2
7,GET,675,2
7,GET,683,1
7,GET,687,1
7,GET,691,3
7,GET,695,1
7,GET,699,1
7,GET,703,2
7,GET,707,1
7,GET,711,1
7,GET,719,1
7,GET,723,3
7,GET,731,1
7,GET,735,1
7,GET,739,2
7,GET,743,1
7,GET,755,1
7,GET,767,1
7,GET,775,1
7,GET,779,1
7,GET,787,2
7,GET,791,1
7,GET,795,1
7,GET,803,3
7,GET,815,2
7,GET,823,1
7,GET,827,2
7,GET,839,2
7,GET,843,2
7,GET,847,2
7,GET,851,2
7,GET,855,2
7,GET,867,2
7,GET,871,1
7,GET,875,3
7,GET,879,1
7,GET,883,3
7,GET,887,2
7,GET,891,1
7,GET,895,3
7,GET,899,1
7,GET,903,3
7,GET,907,1
7,GET,919,1
7,GET,931,1
7,GET,935,1
7,GET,939,1
7,GET,943,2
7,GET,947,1
7,GET,951,1
7,GET,959,1
7,GET,963,1
7,GET,971,3
7,GET,975,1
7,GET,979,2
7,GET,987,2
7,GET,991,2
7,GET,995,2
7,GET,999,2
7,GET,1003,1
7,GET,1007,1
7,GET,1019,3
7,GET,1023,1
7,GET,1031,1
7,GET,1039,2
7,GET,1047,4
7,GET,1055,3
7,GET,1063,2
7,GET,1071,2
7,GET,1079,4
7,GET,1087,1
7,GET,1095,4
7,GET,1103,3
7,GET,1111,6
7,GET,1119,5
7,GET,1127,1
7,GET,1135,4
7,GET,1143,5
7,GET,1151,2
7,GET,1159,2
7,GET,1175,2
7,GET,1183,6
7,GET,1191,4
7,GET,1199,2
7,GET,1215,3
7,GET,1223,3
7,GET,1231,5
7,GET,1239,4
7,GET,1247,2
7,GET,1255,1
7,GET,1263,3
7,GET,1271,4
7,GET,1279,1
7,GET,1287,1
7,GET,1303,1
7,GET,1311,2
7,GET,1335,2
7,GET,1343,1
7,GET,1351,1
7,GET,1359,2
7,GET,1367,3
7,GET,1375,2
7,GET,1383,2
7,GET,1391,2
7,GET,1399,1
7,GET,1407,3
7,GET,1423,1
7,GET,1431,2
7,GET,1439,1
7,GET,1447,1
7,GET,1463,1
7,GET,1479,4
7,GET,1495,2
7,GET,1503,1
7,GET,1519,2
7,GET,1527,2
7,GET,1543,1
7,GET,1551,2
7,GET,1567,4
7,GET,1575,3
7,GET,1583,1
7,GET,1599,1
7,GET,1623,1
7,GET,1631,1
7,GET,1639,1
7,GET,1655,1
7,GET,1679,1
7,GET,1687,1
7,GET,1695,2
7,GET,1703,1
7,GET,1711,2
7,GET,1727,1
7,GET,1735,1
7,GET,1751,1
7,GET,1759,2
7,GET,1775,2
7,GET,1783,1
7,GET,1791,3
7,GET,1807,1
7,GET,1855,1
7,GET,1871,1
7,GET,1879,1
7,GET,1887,1
7,GET,1943,1
7,GET,1967,2
7,GET,2007,2
7,GET,2015,1
7,GET,2023,1
7,GET,2031,1
7,GET,2039,3
7,GET,2063,1
7,GET,2079,2
7,GET,2095,1
7,GET,2111,4
7,GET,2127,2
7,GET,2159,2
7,GET,2191,1
7,GET,2207,1
7,GET,2223,1
7,GET,2239,2
7,GET,2255,2
7,GET,2271,2
7,GET,2287,1
7,GET,2303,3
7,GET,2319,3
7,GET,2335,2
7,GET,2351,1
7,GET,2383,1
7,GET,2399,3
7,GET,2415,1
7,GET,2431,1
7,GET,2463,4
7,GET,2479,1
7,GET,2527,3
7,GET,2543,5
7,GET,2559,5
7,GET,2575,2
7,GET,2591,4
7,GET,2607,7
7,GET,2623,1
7,GET,2639,2
7,GET,2655,3
7,GET,2671,2
7,GET,2687,4
7,GET,2703,3
7,GET,2735,3
7,GET,2751,4
7,GET,2767,2
7,GET,2783,2
7,GET,2799,4
7,GET,2815,2
7,GET,2831,2
7,GET,2863,2
7,GET,2879,3
7,GET,2895,5
7,GET,2911,2
7,GET,2927,3
7,GET,2943,4
7,GET,2959,1
7,GET,2975,1
7,GET,2991,4
7,GET,3007,3
7,GET,3023,3
7,GET,3039,2
7,GET,3055,4
7,GET,3071,2
7,GET,3087,2
7,GET,3103,1
7,GET,3119,3
7,GET,3135,1
7,GET,3151,3
7,GET,3167,6
7,GET,3183,3
7,GET,3199,4
7,GET,3215,3
7,GET,3231,1
7,GET,3247,2
7,GET,3263,2
7,GET,3279,4
7,GET,3295,1
7,GET,3311,6
7,GET,3327,2
7,GET,3343,4
7,GET,3359,4
7,GET,3375,6
7,GET,3391,4
7,GET,3407,1
7,GET,3423,1
7,GET,3439,1
7,GET,3455,5
7,GET,3471,3
7,GET,3503,1
7,GET,3535,2
7,GET,3567,5
7,GET,3583,6
7,GET,3599,5
7,GET,3615,3
7,GET,3631,5
7,GET,3663,1
7,GET,3679,1
7,GET,3695,1
7,GET,3711,2
7,GET,3727,1
7,GET,3743,3
7,GET,3759,2
7,GET,3775,1
7,GET,3791,1
7,GET,3807,2
7,GET,3839,2
7,GET,3855,2
7,GET,3871,3
7,GET,3903,2
7,GET,3919,1
7,GET,3935,2
7,GET,3951,1
7,GET,3967,1
7,GET,3999,3
7,GET,4015,2
7,GET,4031,2
7,GET,4047,5
7,GET,4063,2
7,GET,4079,1
7,GET,4127,2
7,GET,4159,1
7,GET,4191,3
7,GET,4287,3
7,GET,4319,2
7,GET,4351,3
7,GET,4383,2
7,GET,4415,3
7,GET,4447,1
7,GET,4479,1
7,GET,4511,1
7,GET,4543,3
7,GET,4575,2
7,GET,4607,3
7,GET,4639,1
7,GET,4703,3
7,GET,4735,4
7,GET,4767,1
7,GET,4831,1
7,GET,4927,2
7,GET,4991,1
7,GET,5023,3
7,GET,5087,1
7,GET,5119,1
7,GET,5151,4
7,GET,5183,1
7,GET,5215,3
7,GET,5375,1
7,GET,5439,1
7,GET,5471,2
7,GET,5503,1
7,GET,5567,2
7,GET,5631,1
7,GET,5919,2
7,GET,6047,1
7,GET,6143,1
7,GET,6175,1
7,GET,6367,1
7,GET,6623,1
7,GET,6943,1
7,GET,6975,1
7,GET,7071,1
7,DEL,94,1
7,DEL,102,1
7,DEL,104,1
7,DEL,107,1
7,DEL,108,1
7,DEL,110,1
7,DEL,114,2
7,DEL,116,1
7,DEL,118,2
7,DEL,120,1
7,DEL,121,1
7,DEL,125,1
7,DEL,132,1
7,DEL,133,1
7,DEL,134,1
7,DEL,145,1
7,DEL,146,1
7,DEL,148,2
7,DEL,157,1
7,DEL,158,1
7,DEL,162,1
7,DEL,166,1
7,DEL,168,1
7,DEL,172,1
7,DEL,173,1
7,DEL,175,1
7,DEL,176,1
7,DEL,179,1
7,DEL,181,1
7,DEL,184,1
7,DEL,185,1
7,DEL,187,4
7,DEL,188,1
7,DEL,190,1
7,DEL,193,1
7,DEL,194,4
7,DEL,198,3
7,DEL,201,2
7,DEL,202,1
7,DEL,203,1
7,DEL,204,1
7,DEL,205,1
7,DEL,208,1
7,DEL,209,1
7,DEL,211,3
7,DEL,212,3
7,DEL,214,1
7,DEL,215,1
7,DEL,217,1
7,DEL,218,1
7,DEL,220,2
7,DEL,222,1
7,DEL,223,2
7,DEL,224,1
7,DEL,225,1
7,DEL,227,1
7,DEL,229,1
7,DEL,231,2
7,DEL,235,1
7,DEL,236,2
7,DEL,237,1
7,DEL,239,1
7,DEL,240,1
7,DEL,244,1
7,DEL,245,2
7,DEL,246,1
7,DEL,247,2
7,DEL,250,1
7,DEL,255,1
7,DEL,257,1
7,DEL,261,1
7,DEL,263,2
7,DEL,265,1
7,DEL,285,1
7,DEL,289,1
7,DEL,299,1
7,DEL,301,2
7,DEL,307,1
7,DEL,311,1
7,DEL,313,1
7,DEL,345,1
7,DEL,349,1
7,DEL,353,1
7,DEL,359,2
7,DEL,373,1
7,DEL,381,1
7,DEL,387,1
7,DEL,397,1
7,DEL,401,1
7,DEL,429,2
7,DEL,433,1
7,DEL,449,1
7,DEL,461,1
7,DEL,465,1
7,DEL,467,1
7,DEL,469,1
7,DEL,471,1
7,DEL,515,1
7,DEL,519,1
7,DEL,523,1
7,DEL,527,1
7,DEL,531,1
7,DEL,543,2
7,DEL,555,1
7,DEL,583,1
7,DEL,587,1
7,DEL,603,1
7,DEL,611,1
7,DEL,627,1
7,DEL,651,1
7,DEL,675,1
7,DEL,679,1
7,DEL,683,1
7,DEL,695,1
7,DEL,699,1
7,DEL,723,1
7,DEL,735,1
7,DEL,743,1
7,DEL,759,3
7,DEL,763,1
7,DEL,795,1
7,DEL,807,2
7,DEL,835,1
7,DEL,847,1
7,DEL,863,2
7,DEL,887,1
7,DEL,895,1
7,DEL,899,1
7,DEL,907,1
7,DEL,911,1
7,DEL,927,1
7,DEL,935,1
7,DEL,967,1
7,DEL,971,1
7,DEL,975,2
7,DEL,983,1
7,DEL,1023,1
7,DEL,1031,2
7,DEL,1055,1
7,DEL,1063,1
7,DEL,1095,1
7,DEL,1103,1
7,DEL,1119,1
7,DEL,1127,1
7,DEL,1135,1
7,DEL,1143,1
7,DEL,1175,1
7,DEL,1191,1
7,DEL,1199,1
7,DEL,1231,1
7,DEL,1239,2
7,DEL,1271,1
7,DEL,1335,1
7,DEL,1511,1
7,DEL,1519,1
7,DEL,1647,1
7,DEL,1671,1
7,DEL,1687,1
7,DEL,1863,1
7,DEL,1895,1
7,DEL,1927,1
7,DEL,1975,1
7,DEL,2039,1
7,DEL,2159,1
7,DEL,2191,1
7,DEL,2255,1
7,DEL,2287,1
7,DEL,2303,2
7,DEL,2399,2
7,DEL,2415,1
7,DEL,2447,1
7,DEL,2527,1
7,DEL,2575,1
7,DEL,2623,1
7,DEL,2671,1
7,DEL,2751,1
7,DEL,2767,1
7,DEL,2799,2
7,DEL,2831,1
7,DEL,2847,1
7,DEL,2911,2
7,DEL,2975,1
7,DEL,3007,2
7,DEL,3151,1
7,DEL,3183,1
7,DEL,3199,2
7,DEL,3343,1
7,DEL,3359,1
7,DEL,3423,1
7,DEL,3439,1
7,DEL,3455,1
7,DEL,3487,1
7,DEL,3567,2
7,DEL,3615,1
7,DEL,3631,1
7,DEL,3695,1
7,DEL,3711,1
7,DEL,3759,2
7,DEL,3823,2
7,DEL,3887,1
7,DEL,3983,1
7,DEL,4063,1
7,DEL,4159,1
7,DEL,4255,1
7,DEL,4287,2
7,DEL,4319,2
7,DEL,4351,1
7,DEL,4639,2
7,DEL,4671,1
7,DEL,4703,1
7,DEL,4735,3
7,DEL,4767,1
7,DEL,4799,1
7,DEL,4831,1
7,DEL,4863,1
7,DEL,4927,1
7,DEL,4959,1
7,DEL,5087,1
7,DEL,5183,2
7,DEL,5279,1
7,DEL,5407,2
7,DEL,5535,1
7,DEL,5727,1
7,DEL,5759,1
7,DEL,5887,1
7,DEL,6207,1
7,DEL,6303,1
7,DEL,6335,1
7,DEL,6367,1
7,DEL,6495,1
7,DEL,6623,1
7,DEL,7103,1
7,DEL,8383,1
7,DEL,8767,1
7,DEL,9407,1
7,DEL,9727,1
7,DEL,10495,1
7,DEL,10879,1
7,DEL,11007,1
7,DEL,11135,1
7,DEL,11327,2
7,DEL,11391,2
7,DEL,11775,1
7,DEL,11967,1
7,DEL,12223,1
7,DEL,13311,1
7,DEL,14527,1
7,DEL,15743,1
7,DEL,15999,1
7,DEL,19967,1
7,DEL,20223,1
7,DEL,20863,1
7,DEL,23295,1
7,DEL,28031,1
7,DEL,29695,1
7,DEL,30335,1
7,DEL,31999,1
7,DEL,34559,1
7,DEL,38143,1
7,DEL,41215,1
7,DEL,41983,2
7,DEL,44287,1
7,DEL,44543,2
7,DEL,45567,2
7,DEL,47103,2
7,DEL,47359,1
7,DEL,47615,2
7,DEL,47871,3
7,DEL,48383,2
7,DEL,48895,4
7,DEL,49151,3
7,DEL,49407,2
7,DEL,49663,2
7,DEL,49919,3
7,DEL,50175,2
7,DEL,50431,1
7,DEL,50687,2
7,DEL,50943,5
7,DEL,51199,2
7,DEL,51455,1
7,DEL,51711,2
7,DEL,51967,3
7,DEL,52223,3
7,DEL,52479,2
7,DEL,52735,2
7,DEL,52991,3
7,DEL,53247,4
7,DEL,53503,2
7,DEL,53759,2
7,DEL,54015,1
7,DEL,54271,3
7,DEL,54527,2
7,DEL,54783,2
7,DEL,55295,2
7,DEL,55551,2
7,DEL,55807,3
7,DEL,56575,1
7,DEL,57343,2
7,DEL,57599,1
7,DEL,58623,1
7,DEL,59391,2
7,DEL,61695,1
7,DEL,66047,1
8,SET,111,1
8,SET,130,1
8,SET,155,1
8,SET,182,1
8,SET,197,1
8,SET,199,2
8,SET,202,1
8,SET,205,1
8,SET,211,1
8,SET,216,1
8,SET,221,1
8,SET,226,1
8,SET,237,2
8,SET,241,1
8,SET,246,1
8,SET,263,1
8,SET,265,1
8,SET,313,1
8,SET,325,1
8,SET,339,1
8,SET,347,1
8,SET,351,1
8,SET,375,1
8,SET,429,1
8,SET,563,1
8,SET,667,1
8,SET,679,1
8,SET,687,1
8,SET,763,1
8,SET,771,1
8,SET,799,1
8,SET,819,1
8,SET,891,1
8,SET,1039,1
8,SET,1063,1
8,SET,1167,1
8,SET,1215,1
8,SET,1247,2
8,SET,1271,1
8,SET,1319,1
8,SET,1719,1
8,SET,1823,1
8,SET,1935,1
8,SET,2063,2
8,SET,2207,1
8,SET,2303,1
8,SET,2415,1
8,SET,2463,1
8,SET,2495,2
8,SET,2607,1
8,SET,2639,1
8,SET,2735,1
8,SET,2751,2
8,SET,2863,1
8,SET,2911,1
8,SET,2975,1
8,SET,3007,1
8,SET,3055,1
8,SET,3071,2
8,SET,3311,1
8,SET,3327,1
8,SET,3375,1
8,SET,3391,1
8,SET,3407,2
8,SET,3423,1
8,SET,3439,1
8,SET,3487,1
8,SET,3503,1
8,SET,3551,1
8,SET,3647,1
8,SET,3679,1
8,SET,3775,1
8,SET,3871,1
8,SET,3935,2
8,SET,3967,1
8,SET,4223,1
8,SET,4287,1
8,SET,4319,1
8,SET,4703,1
8,SET,4895,1
8,SET,4959,1
8,SET,6975,1
8,DEL,146,2
8,DEL,156,1
8,DEL,162,1
8,DEL,169,1
8,DEL,173,1
8,DEL,174,1
8,DEL,177,2
8,DEL,178,1
8,DEL,181,1
8,DEL,183,4
8,DEL,187,2
8,DEL,188,1
8,DEL,189,1
8,DEL,191,1
8,DEL,192,1
8,DEL,193,2
8,DEL,194,1
8,DEL,195,1
8,DEL,197,1
8,DEL,198,1
8,DEL,201,2
8,DEL,202,1
8,DEL,206,2
8,DEL,207,1
8,DEL,209,1
8,DEL,210,1
8,DEL,211,3
8,DEL,212,1
8,DEL,213,2
8,DEL,214,2
8,DEL,216,2
8,DEL,217,1
8,DEL,220,4
8,DEL,222,1
8,DEL,225,1
8,DEL,227,2
8,DEL,229,2
8,DEL,231,2
8,DEL,232,2
8,DEL,233,1
8,DEL,235,1
8,DEL,238,2
8,DEL,241,1
8,DEL,242,2
8,DEL,243,1
8,DEL,244,3
8,DEL,246,1
8,DEL,247,1
8,DEL,250,1
8,DEL,251,1
8,DEL,252,2
8,DEL,253,1
8,DEL,255,3
8,DEL,259,2
8,DEL,261,1
8,DEL,263,1
8,DEL,265,1
8,DEL,267,1
8,DEL,269,1
8,DEL,271,1
8,DEL,273,1
8,DEL,279,2
8,DEL,281,1
8,DEL,285,2
8,DEL,289,1
8,DEL,293,1
8,DEL,309,1
8,DEL,311,1
8,DEL,335,1
8,DEL,337,1
8,DEL,339,1
8,DEL,345,1
8,DEL,359,1
8,DEL,367,1
8,DEL,391,1
8,DEL,399,1
8,DEL,403,1
8,DEL,421,1
8,DEL,427,1
8,DEL,443,1
8,DEL,461,1
8,DEL,481,1
8,DEL,487,1
8,DEL,497,3
8,DEL,507,1
8,DEL,515,1
8,DEL,523,2
8,DEL,535,1
8,DEL,539,1
8,DEL,559,2
8,DEL,571,1
8,DEL,579,1
8,DEL,583,1
8,DEL,591,4
8,DEL,603,1
8,DEL,607,1
8,DEL,627,1
8,DEL,655,2
8,DEL,663,2
8,DEL,679,1
8,DEL,687,1
8,DEL,699,1
8,DEL,723,1
8,DEL,751,1
8,DEL,759,2
8,DEL,799,2
8,DEL,803,1
8,DEL,815,1
8,DEL,823,1
8,DEL,827,1
8,DEL,831,1
8,DEL,835,1
8,DEL,847,2
8,DEL,867,1
8,DEL,871,1
8,DEL,907,1
8,DEL,911,1
8,DEL,935,1
8,DEL,951,1
8,DEL,959,1
8,DEL,967,1
8,DEL,979,1
8,DEL,991,1
8,DEL,1019,1
8,DEL,1039,1
8,DEL,1079,2
8,DEL,1087,1
8,DEL,1103,1
8,DEL,1143,1
8,DEL,1151,2
8,DEL,1199,1
8,DEL,1247,1
8,DEL,1295,1
8,DEL,1303,1
8,DEL,1319,1
8,DEL,1327,1
8,DEL,1351,1
8,DEL,1383,1
8,DEL,1399,1
8,DEL,1423,2
8,DEL,1503,1
8,DEL,1567,2
8,DEL,1623,1
8,DEL,1719,1
8,DEL,1727,1
8,DEL,1791,1
8,DEL,1855,1
8,DEL,1935,1
8,DEL,1943,1
8,DEL,1959,1
8,DEL,1991,1
8,DEL,2015,1
8,DEL,2039,1
8,DEL,2063,1
8,DEL,2095,1
8,DEL,2207,1
8,DEL,2303,1
8,DEL,2335,1
8,DEL,2383,1
8,DEL,2399,1
8,DEL,2447,1
8,DEL,2479,1
8,DEL,2495,2
8,DEL,2511,1
8,DEL,2543,1
8,DEL,2639,1
8,DEL,2655,1
8,DEL,2687,1
8,DEL,2703,1
8,DEL,2847,1
8,DEL,2895,2
8,DEL,2991,1
8,DEL,3039,1
8,DEL,3087,1
8,DEL,3103,1
8,DEL,3119,1
8,DEL,3215,2
8,DEL,3247,1
8,DEL,3343,1
8,DEL,3455,1
8,DEL,3535,1
8,DEL,3551,1
8,DEL,3567,2
8,DEL,3599,1
8,DEL,3631,1
8,DEL,3695,1
8,DEL,3759,1
8,DEL,3807,2
8,DEL,3871,2
8,DEL,3983,1
8,DEL,4015,1
8,DEL,4079,1
8,DEL,4095,1
8,DEL,4127,1
8,DEL,4159,2
8,DEL,4319,2
8,DEL,4351,1
8,DEL,4447,1
8,DEL,4511,1
8,DEL,4607,1
8,DEL,4735,1
8,DEL,4767,3
8,DEL,4799,1
8,DEL,4927,1
8,DEL,4991,1
8,DEL,5023,1
8,DEL,5087,3
8,DEL,5471,1
8,DEL,5503,1
8,DEL,5599,1
8,DEL,5727,1
8,DEL,5791,1
8,DEL,6047,1
8,DEL,6207,1
8,DEL,6239,1
8,DEL,6335,1
8,DEL,6751,1
8,DEL,6847,1
8,DEL,7007,1
8,DEL,7327,1
8,DEL,7743,1
8,DEL,7871,1
8,DEL,8319,1
8,DEL,8575,1
8,DEL,9535,1
8,DEL,9663,1
8,DEL,12287,1
8,DEL,13759,1
8,DEL,17919,1
8,DEL,18559,1
8,DEL,18943,1
8,DEL,19455,1
8,DEL,22783,1
8,DEL,26239,1
8,DEL,27263,1
8,DEL,30207,1
8,DEL,33535,1
8,DEL,36863,1
8,DEL,43007,1
8,DEL,44287,1
8,DEL,44799,1
8,DEL,45055,1
8,DEL,45567,1
8,DEL,45823,2
8,DEL,46847,3
8,DEL,47103,1
8,DEL,47615,1
8,DEL,47871,2
8,DEL,48127,3
8,DEL,48383,2
8,DEL,48895,1
8,DEL,49407,2
8,DEL,49663,2
8,DEL,49919,4
8,DEL,50175,3
8,DEL,50687,3
8,DEL,51199,4
8,DEL,51455,4
8,DEL,51711,3
8,DEL,51967,3
8,DEL,52223,2
8,DEL,52479,1
8,DEL,52735,2
8,DEL,52991,2
8,DEL,53247,3
8,DEL,53503,4
8,DEL,53759,3
8,DEL,54527,2
8,DEL,54783,2
8,DEL,55295,2
8,DEL,55807,4
8,DEL,56063,1
8,DEL,56575,1
8,DEL,56831,1
8,DEL,57087,1
8,DEL,57343,1
8,DEL,58111,1
8,DEL,58367,1
8,DEL,59135,1
8,DEL,60159,1
8,DEL,62975,1
8,DEL,63743,1
8,GET,99,1
8,GET,102,1
8,GET,103,1
8,GET,104,1
8,GET,111,1
8,GET,124,1
8,GET,127,1
8,GET,129,1
8,GET,135,2
8,GET,139,1
8,GET,140,1
8,GET,144,1
8,GET,146,2
8,GET,149,1
8,GET,152,2
8,GET,153,1
8,GET,155,1
8,GET,156,2
8,GET,158,2
8,GET,159,1
8,GET,161,3
8,GET,162,1
8,GET,166,1
8,GET,167,4
8,GET,168,4
8,GET,169,3
8,GET,170,2
8,GET,172,2
8,GET,173,1
8,GET,174,3
8,GET,175,1
8,GET,176,4
8,GET,179,1
8,GET,180,2
8,GET,181,1
8,GET,182,2
8,GET,183,2
8,GET,185,3
8,GET,186,3
8,GET,187,3
8,GET,188,2
8,GET,189,3
8,GET,190,2
8,GET,192,5
8,GET,193,2
8,GET,194,4
8,GET,195,1
8,GET,196,1
8,GET,197,2
8,GET,198,1
8,GET,199,4
8,GET,200,6
8,GET,201,1
8,GET,202,4
8,GET,203,4
8,GET,204,4
8,GET,205,1
8,GET,206,6
8,GET,207,6
8,GET,208,3
8,GET,209,2
8,GET,211,3
8,GET,212,3
8,GET,213,5
8,GET,214,2
8,GET,215,2
8,GET,216,6
8,GET,217,2
8,GET,218,4
8,GET,219,3
8,GET,220,3
8,GET,221,2
8,GET,222,3
8,GET,223,3
8,GET,224,1
8,GET,225,2
8,GET,226,3
8,GET,227,3
8,GET,228,5
8,GET,229,2
8,GET,230,2
8,GET,231,2
8,GET,232,1
8,GET,233,2
8,GET,234,3
8,GET,235,2
8,GET,236,4
8,GET,237,3
8,GET,238,2
8,GET,240,1
8,GET,241,1
8,GET,242,2
8,GET,243,2
8,GET,244,1
8,GET,245,3
8,GET,246,4
8,GET,247,4
8,GET,248,1
8,GET,249,2
8,GET,250,2
8,GET,251,1
8,GET,253,1
8,GET,255,1
8,GET,257,5
8,GET,259,6
8,GET,261,2
8,GET,263,5
8,GET,267,3
8,GET,269,4
8,GET,271,1
8,GET,273,1
8,GET,275,5
8,GET,277,1
8,GET,279,1
8,GET,281,1
8,GET,283,1
8,GET,285,1
8,GET,289,1
8,GET,291,3
8,GET,295,1
8,GET,297,2
8,GET,299,2
8,GET,301,3
8,GET,307,3
8,GET,313,3
8,GET,315,1
8,GET,317,3
8,GET,319,1
8,GET,321,2
8,GET,325,1
8,GET,327,2
8,GET,329,1
8,GET,331,1
8,GET,333,2
8,GET,335,2
8,GET,337,2
8,GET,339,2
8,GET,341,2
8,GET,343,1
8,GET,345,1
8,GET,351,1
8,GET,361,2
8,GET,363,1
8,GET,365,1
8,GET,369,1
8,GET,371,1
8,GET,373,2
8,GET,375,3
8,GET,377,1
8,GET,379,1
8,GET,385,1
8,GET,389,1
8,GET,391,1
8,GET,393,3
8,GET,395,3
8,GET,397,1
8,GET,399,1
8,GET,401,1
8,GET,403,2
8,GET,405,2
8,GET,409,2
8,GET,417,1
8,GET,421,1
8,GET,429,2
8,GET,431,2
8,GET,435,1
8,GET,439,1
8,GET,441,1
8,GET,453,1
8,GET,457,1
8,GET,461,1
8,GET,463,1
8,GET,469,1
8,GET,477,1
8,GET,491,2
8,GET,495,1
8,GET,501,1
8,GET,505,1
8,GET,507,1
8,GET,509,1
8,GET,515,2
8,GET,519,1
8,GET,535,4
8,GET,539,3
8,GET,543,2
8,GET,551,1
8,GET,555,1
8,GET,559,2
8,GET,563,1
8,GET,567,1
8,GET,571,1
8,GET,575,4
8,GET,579,3
8,GET,583,1
8,GET,587,3
8,GET,591,1
8,GET,599,1
8,GET,603,1
8,GET,607,1
8,GET,611,2
8,GET,615,1
8,GET,619,1
8,GET,635,2
8,GET,639,1
8,GET,643,1
8,GET,647,2
8,GET,651,1
8,GET,667,2
8,GET,671,3
8,GET,675,1
8,GET,679,1
8,GET,683,1
8,GET,687,2
8,GET,691,1
8,GET,695,1
8,GET,699,1
8,GET,703,1
8,GET,711,2
8,GET,723,4
8,GET,727,2
8,GET,735,1
8,GET,739,1
8,GET,743,2
8,GET,747,2
8,GET,751,1
8,GET,755,1
8,GET,759,1
8,GET,763,2
8,GET,767,1
8,GET,775,1
8,GET,779,2
8,GET,787,1
8,GET,795,2
8,GET,799,3
8,GET,803,2
8,GET,807,2
8,GET,815,1
8,GET,819,1
8,GET,827,2
8,GET,835,2
8,GET,843,1
8,GET,859,1
8,GET,867,1
8,GET,883,1
8,GET,887,3
8,GET,899,3
8,GET,903,1
8,GET,907,1
8,GET,915,2
8,GET,919,1
8,GET,923,1
8,GET,927,1
8,GET,931,3
8,GET,939,2
8,GET,947,2
8,GET,951,5
8,GET,955,1
8,GET,967,1
8,GET,975,1
8,GET,983,1
8,GET,987,1
8,GET,995,1
8,GET,1007,2
8,GET,1011,2
8,GET,1015,1
8,GET,1019,1
8,GET,1023,1
8,GET,1031,2
8,GET,1039,2
8,GET,1047,1
8,GET,1055,1
8,GET,1063,2
8,GET,1071,1
8,GET,1079,1
8,GET,1095,3
8,GET,1103,2
8,GET,1111,5
8,GET,1127,1
8,GET,1135,1
8,GET,1143,4
8,GET,1151,2
8,GET,1159,1
8,GET,1167,1
8,GET,1175,3
8,GET,1183,4
8,GET,1199,2
8,GET,1223,1
8,GET,1231,2
8,GET,1239,2
8,GET,1247,1
8,GET,1255,1
8,GET,1263,3
8,GET,1271,3
8,GET,1279,1
8,GET,1287,3
8,GET,1295,4
8,GET,1303,2
8,GET,1311,3
8,GET,1319,1
8,GET,1327,2
8,GET,1335,3
8,GET,1343,3
8,GET,1351,4
8,GET,1375,1
8,GET,1383,2
8,GET,1391,1
8,GET,1407,3
8,GET,1423,5
8,GET,1439,2
8,GET,1455,1
8,GET,1463,1
8,GET,1479,2
8,GET,1487,1
8,GET,1495,1
8,GET,1527,1
8,GET,1559,3
8,GET,1567,3
8,GET,1575,2
8,GET,1583,2
8,GET,1591,3
8,GET,1607,3
8,GET,1615,1
8,GET,1623,3
8,GET,1639,1
8,GET,1663,1
8,GET,1679,1
8,GET,1687,1
8,GET,1703,4
8,GET,1727,1
8,GET,1743,1
8,GET,1783,1
8,GET,1815,3
8,GET,1831,1
8,GET,1839,2
8,GET,1855,1
8,GET,1863,2
8,GET,1879,1
8,GET,1887,1
8,GET,1895,1
8,GET,1903,1
8,GET,1911,1
8,GET,1919,2
8,GET,1935,1
8,GET,1951,3
8,GET,1959,1
8,GET,1967,1
8,GET,1983,1
8,GET,1999,1
8,GET,2015,2
8,GET,2031,1
8,GET,2047,2
8,GET,2063,2
8,GET,2079,1
8,GET,2095,5
8,GET,2111,1
8,GET,2127,4
8,GET,2143,2
8,GET,2159,1
8,GET,2175,6
8,GET,2191,4
8,GET,2207,1
8,GET,2223,1
8,GET,2239,4
8,GET,2255,4
8,GET,2271,5
8,GET,2287,1
8,GET,2303,6
8,GET,2319,2
8,GET,2335,1
8,GET,2351,4
8,GET,2367,2
8,GET,2383,2
8,GET,2399,5
8,GET,2415,5
8,GET,2431,4
8,GET,2447,3
8,GET,2463,4
8,GET,2479,4
8,GET,2495,5
8,GET,2511,5
8,GET,2527,3
8,GET,2543,1
8,GET,2559,4
8,GET,2575,2
8,GET,2591,1
8,GET,2607,3
8,GET,2623,2
8,GET,2655,2
8,GET,2671,3
8,GET,2687,4
8,GET,2703,3
8,GET,2719,2
8,GET,2735,4
8,GET,2751,2
8,GET,2767,5
8,GET,2783,4
8,GET,2799,3
8,GET,2815,3
8,GET,2831,2
8,GET,2863,2
8,GET,2879,9
8,GET,2895,3
8,GET,2911,1
8,GET,2927,3
8,GET,2943,1
8,GET,2959,1
8,GET,2975,1
8,GET,2991,2
8,GET,3007,4
8,GET,3023,4
8,GET,3039,1
8,GET,3055,5
8,GET,3071,2
8,GET,3087,3
8,GET,3103,4
8,GET,3119,2
8,GET,3135,1
8,GET,3151,6
8,GET,3167,4
8,GET,3183,4
8,GET,3199,4
8,GET,3215,5
8,GET,3231,5
8,GET,3247,3
8,GET,3263,3
8,GET,3279,1
8,GET,3295,4
8,GET,3311,3
8,GET,3327,2
8,GET,3343,3
8,GET,3359,4
8,GET,3375,3
8,GET,3391,3
8,GET,3407,2
8,GET,3423,3
8,GET,3439,2
8,GET,3455,1
8,GET,3487,5
8,GET,3503,4
8,GET,3519,2
8,GET,3535,4
8,GET,3551,5
8,GET,3567,4
8,GET,3583,1
8,GET,3599,1
8,GET,3615,1
8,GET,3631,1
8,GET,3647,2
8,GET,3663,2
8,GET,3679,1
8,GET,3695,7
8,GET,3727,2
8,GET,3743,2
8,GET,3759,1
8,GET,3775,2
8,GET,3791,5
8,GET,3807,4
8,GET,3823,3
8,GET,3839,2
8,GET,3855,4
8,GET,3871,1
8,GET,3887,1
8,GET,3919,1
8,GET,3935,2
8,GET,3951,1
8,GET,3983,1
8,GET,4015,4
8,GET,4031,3
8,GET,4047,2
8,GET,4063,2
8,GET,4079,1
8,GET,4095,2
8,GET,4127,1
8,GET,4159,3
8,GET,4223,3
8,GET,4255,1
8,GET,4287,3
8,GET,4319,5
8,GET,4351,1
8,GET,4383,2
8,GET,4415,1
8,GET,4447,1
8,GET,4479,2
8,GET,4511,3
8,GET,4543,3
8,GET,4607,3
8,GET,4639,1
8,GET,4703,3
8,GET,4735,1
8,GET,4799,1
8,GET,4831,2
8,GET,4863,1
8,GET,4895,1
8,GET,4991,1
8,GET,5023,2
8,GET,5087,1
8,GET,5151,2
8,GET,5183,2
8,GET,5247,1
8,GET,5311,2
8,GET,5375,1
8,GET,5407,3
8,GET,5439,1
8,GET,5503,1
8,GET,5663,1
8,GET,5727,1
8,GET,5855,1
8,GET,5919,1
8,GET,6047,1
8,GET,6079,1
8,GET,6367,1
8,GET,6399,1
8,GET,6655,1
8,GET,6847,1
8,GET,7199,1
9,GET,89,1
9,GET,103,1
9,GET,109,1
9,GET,112,2
9,GET,114,2
9,GET,121,1
9,GET,124,1
9,GET,125,1
9,GET,126,1
9,GET,127,1
9,GET,128,1
9,GET,131,1
9,GET,134,1
9,GET,138,1
9,GET,140,1
9,GET,141,1
9,GET,142,1
9,GET,143,2
9,GET,144,2
9,GET,149,3
9,GET,150,1
9,GET,151,1
9,GET,152,1
9,GET,153,1
9,GET,154,1
9,GET,155,1
9,GET,157,1
9,GET,158,3
9,GET,159,1
9,GET,160,1
9,GET,161,1
9,GET,162,1
9,GET,163,2
9,GET,164,2
9,GET,166,4
9,GET,167,3
9,GET,168,2
9,GET,169,1
9,GET,170,2
9,GET,171,1
9,GET,172,2
9,GET,173,1
9,GET,174,2
9,GET,176,3
9,GET,177,2
9,GET,179,1
9,GET,181,2
9,GET,182,2
9,GET,183,3
9,GET,184,1
9,GET,185,5
9,GET,186,4
9,GET,188,2
9,GET,189,1
9,GET,190,2
9,GET,191,1
9,GET,192,3
9,GET,194,3
9,GET,195,1
9,GET,196,2
9,GET,197,6
9,GET,198,2
9,GET,199,1
9,GET,200,1
9,GET,201,5
9,GET,202,5
9,GET,203,2
9,GET,204,5
9,GET,205,2
9,GET,206,4
9,GET,207,4
9,GET,208,6
9,GET,209,3
9,GET,210,5
9,GET,211,3
9,GET,212,2
9,GET,213,5
9,GET,214,7
9,GET,215,1
9,GET,216,2
9,GET,217,3
9,GET,218,2
9,GET,219,5
9,GET,220,4
9,GET,221,2
9,GET,222,2
9,GET,223,2
9,GET,224,3
9,GET,225,2
9,GET,226,2
9,GET,227,2
9,GET,228,3
9,GET,229,5
9,GET,230,1
9,GET,231,2
9,GET,232,4
9,GET,234,3
9,GET,235,1
9,GET,236,2
9,GET,238,3
9,GET,241,3
9,GET,242,4
9,GET,243,2
9,GET,244,1
9,GET,245,2
9,GET,246,1
9,GET,247,3
9,GET,249,1
9,GET,251,2
9,GET,254,1
9,GET,255,1
9,GET,257,7
9,GET,259,2
9,GET,261,3
9,GET,263,3
9,GET,265,3
9,GET,269,3
9,GET,271,3
9,GET,273,4
9,GET,275,1
9,GET,279,3
9,GET,281,2
9,GET,285,1
9,GET,289,2
9,GET,291,2
9,GET,293,2
9,GET,297,2
9,GET,299,2
9,GET,301,1
9,GET,303,1
9,GET,305,1
9,GET,311,2
9,GET,313,1
9,GET,315,2
9,GET,317,2
9,GET,319,1
9,GET,321,4
9,GET,323,2
9,GET,325,1
9,GET,327,2
9,GET,329,2
9,GET,331,4
9,GET,333,1
9,GET,335,1
9,GET,337,1
9,GET,341,1
9,GET,343,1
9,GET,345,3
9,GET,347,2
9,GET,349,1
9,GET,353,1
9,GET,357,2
9,GET,359,4
9,GET,361,2
9,GET,363,3
9,GET,369,2
9,GET,371,2
9,GET,373,2
9,GET,379,1
9,GET,385,1
9,GET,387,1
9,GET,389,2
9,GET,391,2
9,GET,395,1
9,GET,397,2
9,GET,399,1
9,GET,401,1
9,GET,405,1
9,GET,413,1
9,GET,415,1
9,GET,417,2
9,GET,419,1
9,GET,421,3
9,GET,423,1
9,GET,425,2
9,GET,427,1
9,GET,439,1
9,GET,443,1
9,GET,445,2
9,GET,451,1
9,GET,459,1
9,GET,461,1
9,GET,463,1
9,GET,467,1
9,GET,471,1
9,GET,475,1
9,GET,479,2
9,GET,481,1
9,GET,483,3
9,GET,485,1
9,GET,487,1
9,GET,489,1
9,GET,493,1
9,GET,495,1
9,GET,497,2
9,GET,501,1
9,GET,503,2
9,GET,505,1
9,GET,511,1
9,GET,515,1
9,GET,519,1
9,GET,523,1
9,GET,527,2
9,GET,531,1
9,GET,535,1
9,GET,539,1
9,GET,543,1
9,GET,547,1
9,GET,551,2
9,GET,559,1
9,GET,567,2
9,GET,571,1
9,GET,575,3
9,GET,579,3
9,GET,587,3
9,GET,591,1
9,GET,595,3
9,GET,599,2
9,GET,603,2
9,GET,607,1
9,GET,611,3
9,GET,615,1
9,GET,623,2
9,GET,627,1
9,GET,631,1
9,GET,635,3
9,GET,651,2
9,GET,655,3
9,GET,659,1
9,GET,663,1
9,GET,667,1
9,GET,671,1
9,GET,675,1
9,GET,679,4
9,GET,683,2
9,GET,687,1
9,GET,691,4
9,GET,699,1
9,GET,711,2
9,GET,715,2
9,GET,719,1
9,GET,727,1
9,GET,735,1
9,GET,739,1
9,GET,747,4
9,GET,751,2
9,GET,759,1
9,GET,767,3
9,GET,771,2
9,GET,775,1
9,GET,795,3
9,GET,799,1
9,GET,831,1
9,GET,839,1
9,GET,851,1
9,GET,855,2
9,GET,867,1
9,GET,875,3
9,GET,887,4
9,GET,895,2
9,GET,903,1
9,GET,915,1
9,GET,927,1
9,GET,931,1
9,GET,935,1
9,GET,943,1
9,GET,955,2
9,GET,959,2
9,GET,995,1
9,GET,999,1
9,GET,1007,1
9,GET,1023,2
9,GET,1039,1
9,GET,1047,3
9,GET,1055,3
9,GET,1063,3
9,GET,1071,1
9,GET,1087,2
9,GET,1095,2
9,GET,1103,2
9,GET,1119,5
9,GET,1127,2
9,GET,1151,1
9,GET,1159,2
9,GET,1167,5
9,GET,1183,2
9,GET,1199,1
9,GET,1215,1
9,GET,1223,1
9,GET,1239,1
9,GET,1279,1
9,GET,1287,1
9,GET,1295,1
9,GET,1311,1
9,GET,1319,1
9,GET,1327,1
9,GET,1335,1
9,GET,1343,1
9,GET,1359,1
9,GET,1367,1
9,GET,1375,2
9,GET,1423,4
9,GET,1463,1
9,GET,1479,1
9,GET,1487,1
9,GET,1495,2
9,GET,1503,1
9,GET,1519,1
9,GET,1527,1
9,GET,1559,1
9,GET,1567,1
9,GET,1575,1
9,GET,1607,2
9,GET,1631,1
9,GET,1647,2
9,GET,1663,1
9,GET,1671,1
9,GET,1679,1
9,GET,1695,1
9,GET,1703,1
9,GET,1711,2
9,GET,1719,2
9,GET,1735,3
9,GET,1751,1
9,GET,1775,1
9,GET,1791,1
9,GET,1799,2
9,GET,1823,1
9,GET,1831,1
9,GET,1871,1
9,GET,1887,2
9,GET,1911,1
9,GET,1919,1
9,GET,1927,1
9,GET,1935,2
9,GET,1943,1
9,GET,1959,1
9,GET,1967,3
9,GET,1975,4
9,GET,1983,2
9,GET,1991,1
9,GET,1999,1
9,GET,2015,2
9,GET,2039,1
9,GET,2047,1
9,GET,2063,1
9,GET,2079,3
9,GET,2095,6
9,GET,2111,2
9,GET,2127,4
9,GET,2159,2
9,GET,2175,2
9,GET,2191,2
9,GET,2207,4
9,GET,2239,4
9,GET,2255,2
9,GET,2271,2
9,GET,2303,2
9,GET,2319,1
9,GET,2335,1
9,GET,2351,6
9,GET,2383,3
9,GET,2399,3
9,GET,2415,2
9,GET,2431,3
9,GET,2447,2
9,GET,2463,1
9,GET,2479,7
9,GET,2495,4
9,GET,2511,2
9,GET,2527,1
9,GET,2543,3
9,GET,2559,2
9,GET,2575,1
9,GET,2591,3
9,GET,2607,6
9,GET,2623,1
9,GET,2639,2
9,GET,2655,6
9,GET,2671,3
9,GET,2687,3
9,GET,2703,2
9,GET,2719,4
9,GET,2735,4
9,GET,2751,7
9,GET,2767,2
9,GET,2783,5
9,GET,2799,4
9,GET,2815,5
9,GET,2831,3
9,GET,2847,3
9,GET,2879,3
9,GET,2895,2
9,GET,2911,5
9,GET,2927,5
9,GET,2943,2
9,GET,2959,3
9,GET,2975,2
9,GET,2991,3
9,GET,3007,6
9,GET,3023,4
9,GET,3039,8
9,GET,3055,4
9,GET,3071,4
9,GET,3087,3
9,GET,3103,2
9,GET,3119,2
9,GET,3135,5
9,GET,3151,6
9,GET,3167,1
9,GET,3183,5
9,GET,3199,5
9,GET,3215,2
9,GET,3231,2
9,GET,3247,2
9,GET,3263,3
9,GET,3295,8
9,GET,3311,8
9,GET,3327,6
9,GET,3343,3
9,GET,3359,3
9,GET,3375,4
9,GET,3407,5
9,GET,3423,3
9,GET,3439,4
9,GET,3455,4
9,GET,3487,2
9,GET,3503,7
9,GET,3519,1
9,GET,3535,3
9,GET,3551,2
9,GET,3567,5
9,GET,3583,6
9,GET,3599,3
9,GET,3615,4
9,GET,3631,2
9,GET,3647,6
9,GET,3663,2
9,GET,3679,3
9,GET,3695,4
9,GET,3711,3
9,GET,3727,3
9,GET,3743,1
9,GET,3759,1
9,GET,3775,1
9,GET,3791,1
9,GET,3807,1
9,GET,3823,1
9,GET,3839,6
9,GET,3855,4
9,GET,3871,2
9,GET,3887,3
9,GET,3903,2
9,GET,3919,5
9,GET,3935,1
9,GET,3951,2
9,GET,3967,4
9,GET,3983,4
9,GET,3999,5
9,GET,4015,2
9,GET,4031,2
9,GET,4047,2
9,GET,4063,3
9,GET,4079,2
9,GET,4095,4
9,GET,4127,2
9,GET,4159,4
9,GET,4191,3
9,GET,4223,6
9,GET,4255,3
9,GET,4287,5
9,GET,4319,4
9,GET,4351,2
9,GET,4383,6
9,GET,4415,7
9,GET,4447,3
9,GET,4479,4
9,GET,4511,2
9,GET,4543,1
9,GET,4575,5
9,GET,4607,1
9,GET,4639,4
9,GET,4671,1
9,GET,4735,2
9,GET,4799,2
9,GET,4863,3
9,GET,4959,1
9,GET,4991,1
9,GET,5023,1
9,GET,5055,1
9,GET,5087,4
9,GET,5119,3
9,GET,5183,3
9,GET,5279,1
9,GET,5311,2
9,GET,5375,1
9,GET,5439,2
9,GET,5503,1
9,GET,5535,1
9,GET,5631,1
9,GET,5919,1
9,GET,6079,1
9,GET,6207,1
9,GET,6303,1
9,GET,6527,1
9,GET,7455,1
9,SET,120,1
9,SET,167,1
9,SET,173,1
9,SET,182,1
9,SET,194,1
9,SET,201,2
9,SET,203,1
9,SET,209,2
9,SET,211,1
9,SET,213,1
9,SET,219,1
9,SET,226,1
9,SET,241,1
9,SET,259,1
9,SET,273,1
9,SET,275,1
9,SET,315,1
9,SET,317,1
9,SET,325,1
9,SET,377,1
9,SET,379,1
9,SET,463,1
9,SET,515,1
9,SET,595,1
9,SET,599,1
9,SET,635,1
9,SET,711,2
9,SET,715,1
9,SET,859,1
9,SET,871,1
9,SET,875,1
9,SET,883,1
9,SET,915,1
9,SET,999,1
9,SET,1039,2
9,SET,1079,1
9,SET,1207,1
9,SET,2015,1
9,SET,2095,1
9,SET,2111,1
9,SET,2383,1
9,SET,2463,1
9,SET,2575,2
9,SET,2607,1
9,SET,2703,1
9,SET,2719,1
9,SET,2735,2
9,SET,2959,1
9,SET,2975,1
9,SET,3039,1
9,SET,3071,1
9,SET,3167,1
9,SET,3215,1
9,SET,3263,1
9,SET,3439,1
9,SET,3455,1
9,SET,3599,1
9,SET,3887,1
9,SET,4095,1
9,SET,5919,1
9,SET,6335,1
9,DEL,126,1
9,DEL,136,1
9,DEL,154,1
9,DEL,155,1
9,DEL,158,1
9,DEL,161,1
9,DEL,163,1
9,DEL,165,1
9,DEL,168,1
9,DEL,171,4
9,DEL,173,1
9,DEL,174,1
9,DEL,175,1
9,DEL,180,2
9,DEL,181,1
9,DEL,183,1
9,DEL,186,3
9,DEL,187,1
9,DEL,191,1
9,DEL,192,1
9,DEL,193,1
9,DEL,194,1
9,DEL,195,1
9,DEL,196,1
9,DEL,197,5
9,DEL,200,1
9,DEL,201,1
9,DEL,202,1
9,DEL,204,1
9,DEL,205,1
9,DEL,206,1
9,DEL,207,2
9,DEL,208,1
9,DEL,210,1
9,DEL,211,1
9,DEL,212,1
9,DEL,213,1
9,DEL,214,3
9,DEL,215,2
9,DEL,216,5
9,DEL,217,1
9,DEL,218,1
9,DEL,219,2
9,DEL,221,1
9,DEL,222,5
9,DEL,223,1
9,DEL,226,1
9,DEL,227,2
9,DEL,228,1
9,DEL,229,1
9,DEL,231,1
9,DEL,233,2
9,DEL,235,1
9,DEL,237,1
9,DEL,238,2
9,DEL,239,1
9,DEL,241,1
9,DEL,243,1
9,DEL,244,1
9,DEL,251,1
9,DEL,254,1
9,DEL,255,1
9,DEL,257,1
9,DEL,259,1
9,DEL,261,1
9,DEL,265,1
9,DEL,269,2
9,DEL,273,2
9,DEL,275,2
9,DEL,277,2
9,DEL,281,1
9,DEL,287,3
9,DEL,289,1
9,DEL,291,1
9,DEL,293,1
9,DEL,299,2
9,DEL,303,1
9,DEL,305,1
9,DEL,311,3
9,DEL,317,1
9,DEL,325,1
9,DEL,327,1
9,DEL,343,1
9,DEL,357,1
9,DEL,361,1
9,DEL,365,1
9,DEL,371,1
9,DEL,399,1
9,DEL,407,1
9,DEL,413,1
9,DEL,417,1
9,DEL,423,3
9,DEL,425,1
9,DEL,431,1
9,DEL,435,1
9,DEL,451,1
9,DEL,481,1
9,DEL,485,1
9,DEL,489,1
9,DEL,491,1
9,DEL,495,1
9,DEL,535,1
9,DEL,551,2
9,DEL,555,1
9,DEL,559,1
9,DEL,563,1
9,DEL,567,1
9,DEL,571,1
9,DEL,595,1
9,DEL,599,3
9,DEL,607,1
9,DEL,611,1
9,DEL,627,1
9,DEL,635,1
9,DEL,643,1
9,DEL,651,1
9,DEL,659,1
9,DEL,663,1
9,DEL,667,1
9,DEL,695,1
9,DEL,703,2
9,DEL,715,2
9,DEL,723,1
9,DEL,759,2
9,DEL,767,1
9,DEL,775,2
9,DEL,795,1
9,DEL,799,1
9,DEL,827,1
9,DEL,835,1
9,DEL,843,2
9,DEL,887,1
9,DEL,895,1
9,DEL,911,1
9,DEL,935,1
9,DEL,967,1
9,DEL,975,1
9,DEL,1039,1
9,DEL,1103,1
9,DEL,1183,1
9,DEL,1215,1
9,DEL,1655,1
9,DEL,1751,1
9,DEL,1799,1
9,DEL,1839,1
9,DEL,1975,1
9,DEL,1991,1
9,DEL,2015,1
9,DEL,2095,1
9,DEL,2207,1
9,DEL,2239,1
9,DEL,2271,1
9,DEL,2335,2
9,DEL,2415,1
9,DEL,2463,1
9,DEL,2511,1
9,DEL,2607,1
9,DEL,2639,1
9,DEL,2799,1
9,DEL,2975,1
9,DEL,3007,1
9,DEL,3055,1
9,DEL,3071,1
9,DEL,3087,2
9,DEL,3215,1
9,DEL,3247,2
9,DEL,3311,1
9,DEL,3375,1
9,DEL,3407,1
9,DEL,3567,2
9,DEL,3583,1
9,DEL,3615,1
9,DEL,3631,4
9,DEL,3775,1
9,DEL,3791,1
9,DEL,3839,2
9,DEL,3919,1
9,DEL,3951,1
9,DEL,3983,1
9,DEL,4079,1
9,DEL,4095,1
9,DEL,4127,1
9,DEL,4159,1
9,DEL,4191,1
9,DEL,4223,2
9,DEL,4255,1
9,DEL,4319,1
9,DEL,4351,1
9,DEL,4383,1
9,DEL,4415,1
9,DEL,4511,2
9,DEL,4639,2
9,DEL,4703,2
9,DEL,4735,3
9,DEL,4767,1
9,DEL,4799,1
9,DEL,4863,1
9,DEL,4895,1
9,DEL,4927,1
9,DEL,4959,2
9,DEL,5055,1
9,DEL,5087,1
9,DEL,5119,1
9,DEL,5151,1
9,DEL,5311,1
9,DEL,5567,1
9,DEL,5823,1
9,DEL,5887,1
9,DEL,5983,3
9,DEL,6047,2
9,DEL,6079,1
9,DEL,6207,1
9,DEL,6239,1
9,DEL,6303,1
9,DEL,6591,1
9,DEL,6751,1
9,DEL,6783,1
9,DEL,6815,2
9,DEL,6943,1
9,DEL,6975,1
9,DEL,7007,1
9,DEL,7487,2
9,DEL,7519,1
9,DEL,8383,2
9,DEL,8511,1
9,DEL,39167,1
9,DEL,43519,1
9,DEL,43775,1
9,DEL,45055,2
9,DEL,45823,1
9,DEL,46079,1
9,DEL,46335,2
9,DEL,46847,1
9,DEL,47359,1
9,DEL,47871,2
9,DEL,48127,1
9,DEL,48895,2
9,DEL,49151,1
9,DEL,49407,3
9,DEL,49663,1
9,DEL,50175,4
9,DEL,50431,4
9,DEL,50687,2
9,DEL,50943,1
9,DEL,51199,2
9,DEL,51455,5
9,DEL,51711,2
9,DEL,52223,1
9,DEL,52479,6
9,DEL,52735,4
9,DEL,52991,1
9,DEL,53247,1
9,DEL,53503,2
9,DEL,53759,3
9,DEL,54015,1
9,DEL,54271,1
9,DEL,55039,1
9,DEL,55551,1
9,DEL,55807,1
9,DEL,56063,2
9,DEL,56319,2
9,DEL,56575,1
9,DEL,57087,1
9,DEL,57343,2
9,DEL,57855,1
9,DEL,58367,1
9,DEL,59647,1
9,DEL,60159,1
9,DEL,63999,1
10,GET,92,1
10,GET,96,1
10,GET,97,1
10,GET,98,1
10,GET,102,1
10,GET,113,1
10,GET,114,1
10,GET,115,1
10,GET,119,1
10,GET,120,1
10,GET,122,1
10,GET,125,1
10,GET,129,1
10,GET,132,1
10,GET,133,1
10,GET,135,1
10,GET,136,2
10,GET,139,1
10,GET,141,2
10,GET,143,2
10,GET,144,1
10,GET,145,1
10,GET,146,1
10,GET,148,1
10,GET,150,1
10,GET,152,1
10,GET,153,1
10,GET,155,1
10,GET,156,1
10,GET,157,1
10,GET,158,2
10,GET,159,3
10,GET,160,2
10,GET,161,1
10,GET,164,1
10,GET,167,2
10,GET,168,2
10,GET,169,1
10,GET,171,3
10,GET,172,1
10,GET,175,2
10,GET,176,5
10,GET,177,4
10,GET,178,2
10,GET,179,2
10,GET,180,2
10,GET,181,1
10,GET,182,2
10,GET,183,3
10,GET,184,1
10,GET,185,2
10,GET,186,4
10,GET,187,1
10,GET,188,3
10,GET,189,4
10,GET,190,7
10,GET,191,3
10,GET,192,1
10,GET,194,7
10,GET,195,1
10,GET,196,1
10,GET,197,5
10,GET,198,6
10,GET,200,1
10,GET,201,6
10,GET,202,2
10,GET,203,8
10,GET,204,3
10,GET,205,5
10,GET,206,4
10,GET,207,3
10,GET,208,2
10,GET,209,3
10,GET,210,3
10,GET,211,2
10,GET,212,2
10,GET,213,4
10,GET,214,4
10,GET,215,5
10,GET,216,4
10,GET,217,2
10,GET,218,3
10,GET,219,7
10,GET,220,5
10,GET,221,3
10,GET,223,1
10,GET,224,1
10,GET,225,3
10,GET,226,4
10,GET,227,5
10,GET,228,1
10,GET,229,3
10,GET,230,1
10,GET,231,3
10,GET,232,2
10,GET,233,1
10,GET,234,4
10,GET,235,4
10,GET,236,1
10,GET,237,3
10,GET,238,1
10,GET,239,4
10,GET,240,5
10,GET,241,2
10,GET,242,1
10,GET,243,1
10,GET,244,1
10,GET,245,1
10,GET,246,1
10,GET,248,1
10,GET,250,1
10,GET,252,3
10,GET,254,1
10,GET,255,1
10,GET,257,2
10,GET,259,1
10,GET,261,2
10,GET,265,4
10,GET,267,3
10,GET,269,1
10,GET,271,1
10,GET,275,1
10,GET,277,3
10,GET,279,1
10,GET,281,2
10,GET,283,2
10,GET,285,2
10,GET,289,3
10,GET,291,2
10,GET,293,1
10,GET,295,2
10,GET,297,1
10,GET,305,2
10,GET,307,2
10,GET,309,1
10,GET,311,2
10,GET,315,1
10,GET,317,2
10,GET,319,4
10,GET,323,2
10,GET,327,2
10,GET,329,1
10,GET,337,1
10,GET,347,2
10,GET,349,1
10,GET,351,2
10,GET,357,1
10,GET,361,2
10,GET,369,1
10,GET,371,2
10,GET,373,2
10,GET,377,1
10,GET,387,2
10,GET,389,2
10,GET,393,2
10,GET,397,1
10,GET,401,1
10,GET,405,1
10,GET,409,1
10,GET,413,1
10,GET,415,1
10,GET,419,1
10,GET,421,1
10,GET,423,2
10,GET,425,1
10,GET,427,1
10,GET,437,2
10,GET,441,1
10,GET,449,5
10,GET,453,1
10,GET,457,1
10,GET,459,1
10,GET,467,1
10,GET,471,1
10,GET,473,1
10,GET,477,1
10,GET,487,1
10,GET,491,1
10,GET,495,1
10,GET,501,1
10,GET,509,2
10,GET,511,1
10,GET,515,1
10,GET,531,1
10,GET,539,2
10,GET,543,3
10,GET,551,1
10,GET,559,3
10,GET,563,1
10,GET,567,1
10,GET,571,2
10,GET,575,1
10,GET,579,1
10,GET,587,1
10,GET,591,2
10,GET,599,1
10,GET,603,4
10,GET,607,3
10,GET,611,1
10,GET,619,2
10,GET,627,1
10,GET,635,1
10,GET,639,2
10,GET,651,2
10,GET,659,3
10,GET,667,1
10,GET,671,1
10,GET,675,1
10,GET,679,3
10,GET,683,3
10,GET,687,1
10,GET,691,1
10,GET,695,1
10,GET,703,2
10,GET,711,1
10,GET,715,1
10,GET,719,3
10,GET,727,3
10,GET,735,2
10,GET,739,2
10,GET,743,3
10,GET,747,1
10,GET,751,1
10,GET,759,2
10,GET,763,1
10,GET,767,1
10,GET,771,1
10,GET,775,3
10,GET,787,1
10,GET,795,1
10,GET,799,2
10,GET,803,1
10,GET,811,1
10,GET,815,1
10,GET,819,1
10,GET,823,1
10,GET,827,1
10,GET,835,2
10,GET,843,2
10,GET,847,1
10,GET,851,2
10,GET,855,1
10,GET,871,2
10,GET,883,1
10,GET,887,2
10,GET,891,1
10,GET,899,1
10,GET,907,3
10,GET,911,2
10,GET,923,1
10,GET,927,1
10,GET,931,1
10,GET,939,2
10,GET,943,1
10,GET,947,2
10,GET,951,1
10,GET,955,2
10,GET,959,2
10,GET,967,3
10,GET,975,1
10,GET,979,2
10,GET,987,1
10,GET,991,1
10,GET,995,1
10,GET,1003,1
10,GET,1011,3
10,GET,1015,1
10,GET,1019,1
10,GET,1031,3
10,GET,1039,2
10,GET,1047,2
10,GET,1055,3
10,GET,1063,3
10,GET,1071,5
10,GET,1079,1
10,GET,1087,2
10,GET,1095,2
10,GET,1103,2
10,GET,1111,1
10,GET,1119,3
10,GET,1127,5
10,GET,1135,7
10,GET,1143,2
10,GET,1151,3
10,GET,1159,8
10,GET,1167,5
10,GET,1183,2
10,GET,1191,2
10,GET,1199,2
10,GET,1207,3
10,GET,1215,2
10,GET,1223,2
10,GET,1231,3
10,GET,1239,2
10,GET,1255,2
10,GET,1263,2
10,GET,1271,4
10,GET,1287,2
10,GET,1295,4
10,GET,1303,2
10,GET,1311,5
10,GET,1319,2
10,GET,1327,1
10,GET,1335,1
10,GET,1343,1
10,GET,1351,4
10,GET,1359,1
10,GET,1367,3
10,GET,1375,2
10,GET,1383,3
10,GET,1391,2
10,GET,1407,1
10,GET,1415,2
10,GET,1423,3
10,GET,1431,4
10,GET,1439,2
10,GET,1447,1
10,GET,1455,3
10,GET,1463,5
10,GET,1471,1
10,GET,1479,2
10,GET,1495,2
10,GET,1535,1
10,GET,1551,1
10,GET,1567,2
10,GET,1575,1
10,GET,1591,2
10,GET,1599,1
10,GET,1631,2
10,GET,1639,2
10,GET,1647,1
10,GET,1663,1
10,GET,1679,1
10,GET,1687,1
10,GET,1695,2
10,GET,1703,1
10,GET,1711,2
10,GET,1727,1
10,GET,1735,4
10,GET,1743,2
10,GET,1751,1
10,GET,1767,3
10,GET,1775,1
10,GET,1783,2
10,GET,1791,1
10,GET,1799,2
10,GET,1807,1
10,GET,1831,1
10,GET,1839,1
10,GET,1863,1
10,GET,1871,1
10,GET,1887,2
10,GET,1895,2
10,GET,1903,1
10,GET,1911,1
10,GET,1919,1
10,GET,1927,1
10,GET,1951,3
10,GET,1983,2
10,GET,1999,1
10,GET,2015,2
10,GET,2023,1
10,GET,2063,2
10,GET,2079,2
10,GET,2095,4
10,GET,2111,4
10,GET,2127,3
10,GET,2143,5
10,GET,2175,2
10,GET,2191,2
10,GET,2223,3
10,GET,2239,2
10,GET,2255,1
10,GET,2271,3
10,GET,2287,2
10,GET,2303,3
10,GET,2319,3
10,GET,2335,3
10,GET,2351,3
10,GET,2367,1
10,GET,2383,3
10,GET,2399,1
10,GET,2415,2
10,GET,2431,1
10,GET,2447,5
10,GET,2463,4
10,GET,2479,4
10,GET,2495,3
10,GET,2511,5
10,GET,2527,2
10,GET,2543,1
10,GET,2559,3
10,GET,2575,5
10,GET,2591,2
10,GET,2607,4
10,GET,2623,7
10,GET,2639,5
10,GET,2655,1
10,GET,2671,1
10,GET,2687,2
10,GET,2703,4
10,GET,2719,3
10,GET,2735,3
10,GET,2751,3
10,GET,2767,7
10,GET,2783,1
10,GET,2799,4
10,GET,2815,1
10,GET,2831,2
10,GET,2863,4
10,GET,2879,8
10,GET,2895,1
10,GET,2911,4
10,GET,2927,3
10,GET,2943,4
10,GET,2959,4
10,GET,2975,1
10,GET,2991,4
10,GET,3007,4
10,GET,3023,4
10,GET,3039,3
10,GET,3055,4
10,GET,3071,2
10,GET,3087,3
10,GET,3103,3
10,GET,3119,4
10,GET,3135,3
10,GET,3167,4
10,GET,3183,4
10,GET,3199,5
10,GET,3215,4
10,GET,3231,2
10,GET,3247,5
10,GET,3263,1
10,GET,3279,4
10,GET,3311,3
10,GET,3327,5
10,GET,3343,1
10,GET,3359,2
10,GET,3375,3
10,GET,3391,3
10,GET,3407,3
10,GET,3423,5
10,GET,3439,2
10,GET,3455,2
10,GET,3471,2
10,GET,3487,4
10,GET,3503,2
10,GET,3519,2
10,GET,3535,4
10,GET,3551,5
10,GET,3567,2
10,GET,3583,2
10,GET,3599,2
10,GET,3615,2
10,GET,3631,2
10,GET,3647,2
10,GET,3663,1
10,GET,3679,1
10,GET,3695,1
10,GET,3711,1
10,GET,3727,2
10,GET,3743,3
10,GET,3775,4
10,GET,3791,1
10,GET,3807,2
10,GET,3855,1
10,GET,3887,3
10,GET,3903,3
10,GET,3919,2
10,GET,3935,3
10,GET,3951,4
10,GET,3967,3
10,GET,3983,5
10,GET,4015,3
10,GET,4047,1
10,GET,4063,2
10,GET,4079,1
10,GET,4127,4
10,GET,4191,2
10,GET,4223,3
10,GET,4255,5
10,GET,4287,6
10,GET,4319,1
10,GET,4351,2
10,GET,4383,1
10,GET,4415,4
10,GET,4447,2
10,GET,4479,3
10,GET,4511,1
10,GET,4543,1
10,GET,4575,4
10,GET,4607,4
10,GET,4639,2
10,GET,4703,2
10,GET,4735,2
10,GET,4767,1
10,GET,4799,1
10,GET,4863,2
10,GET,4895,1
10,GET,4927,1
10,GET,4991,2
10,GET,5055,2
10,GET,5151,1
10,GET,5183,1
10,GET,5215,1
10,GET,5279,1
10,GET,5343,1
10,GET,5503,1
10,GET,5535,2
10,GET,5599,1
10,GET,5695,1
10,GET,5823,1
10,GET,5855,1
10,GET,6111,1
10,GET,6239,1
10,GET,6271,1
10,GET,6655,1
10,GET,6751,1
10,GET,6943,1
10,GET,7103,1
10,SET,111,1
10,SET,126,1
10,SET,160,1
10,SET,163,1
10,SET,183,1
10,SET,196,2
10,SET,199,1
10,SET,205,1
10,SET,210,1
10,SET,213,1
10,SET,214,1
10,SET,215,1
10,SET,223,1
10,SET,234,1
10,SET,267,1
10,SET,273,1
10,SET,293,1
10,SET,295,1
10,SET,315,1
10,SET,339,1
10,SET,371,1
10,SET,377,1
10,SET,401,1
10,SET,759,1
10,SET,763,1
10,SET,791,1
10,SET,1071,1
10,SET,1215,1
10,SET,1247,1
10,SET,1359,1
10,SET,1367,1
10,SET,1463,2
10,SET,1495,1
10,SET,1527,1
10,SET,1663,1
10,SET,1719,1
10,SET,1751,1
10,SET,1887,1
10,SET,2015,1
10,SET,2255,1
10,SET,2271,2
10,SET,2303,1
10,SET,2479,1
10,SET,2543,1
10,SET,2639,1
10,SET,2671,1
10,SET,2719,1
10,SET,2735,1
10,SET,2863,1
10,SET,2927,1
10,SET,2943,2
10,SET,3039,1
10,SET,3055,1
10,SET,3103,1
10,SET,3135,1
10,SET,3247,1
10,SET,3279,1
10,SET,3343,1
10,SET,3615,1
10,SET,3807,1
10,SET,3823,1
10,SET,3871,1
10,SET,3983,1
10,SET,4047,1
10,SET,4223,1
10,SET,4703,1
10,SET,4991,1
10,SET,5215,1
10,DEL,97,1
10,DEL,99,1
10,DEL,100,1
10,DEL,105,1
10,DEL,106,1
10,DEL,115,1
10,DEL,124,1
10,DEL,125,1
10,DEL,127,1
10,DEL,135,1
10,DEL,137,1
10,DEL,140,1
10,DEL,147,1
10,DEL,150,2
10,DEL,163,1
10,DEL,166,1
10,DEL,167,2
10,DEL,169,1
10,DEL,172,1
10,DEL,173,2
10,DEL,174,1
10,DEL,176,1
10,DEL,178,3
10,DEL,181,1
10,DEL,182,1
10,DEL,183,1
10,DEL,184,1
10,DEL,187,1
10,DEL,188,1
10,DEL,192,1
10,DEL,194,1
10,DEL,196,2
10,DEL,197,1
10,DEL,199,2
10,DEL,200,1
10,DEL,201,1
10,DEL,203,1
10,DEL,204,2
10,DEL,205,3
10,DEL,209,1
10,DEL,210,1
10,DEL,211,3
10,DEL,212,1
10,DEL,213,1
10,DEL,214,1
10,DEL,215,1
10,DEL,219,1
10,DEL,220,2
10,DEL,221,1
10,DEL,222,1
10,DEL,223,1
10,DEL,225,3
10,DEL,226,1
10,DEL,228,1
10,DEL,229,2
10,DEL,232,1
10,DEL,233,2
10,DEL,234,2
10,DEL,236,1
10,DEL,238,3
10,DEL,239,1
10,DEL,242,1
10,DEL,246,1
10,DEL,247,1
10,DEL,248,1
10,DEL,249,1
10,DEL,254,1
10,DEL,255,1
10,DEL,257,1
10,DEL,261,1
10,DEL,263,1
10,DEL,265,3
10,DEL,275,1
10,DEL,277,1
10,DEL,281,1
10,DEL,283,1
10,DEL,287,1
10,DEL,289,1
10,DEL,313,1
10,DEL,315,1
10,DEL,323,1
10,DEL,325,1
10,DEL,351,2
10,DEL,353,1
10,DEL,359,1
10,DEL,361,2
10,DEL,363,1
10,DEL,365,1
10,DEL,367,1
10,DEL,377,1
10,DEL,391,1
10,DEL,393,1
10,DEL,401,1
10,DEL,405,1
10,DEL,411,1
10,DEL,427,1
10,DEL,429,1
10,DEL,433,1
10,DEL,437,1
10,DEL,493,1
10,DEL,499,1
10,DEL,501,1
10,DEL,511,1
10,DEL,519,1
10,DEL,559,1
10,DEL,603,1
10,DEL,619,1
10,DEL,627,1
10,DEL,659,1
10,DEL,687,1
10,DEL,695,1
10,DEL,711,1
10,DEL,715,2
10,DEL,723,1
10,DEL,755,1
10,DEL,763,1
10,DEL,791,1
10,DEL,799,1
10,DEL,875,1
10,DEL,887,2
10,DEL,907,1
10,DEL,927,1
10,DEL,931,1
10,DEL,939,1
10,DEL,959,1
10,DEL,971,1
10,DEL,975,1
10,DEL,1003,1
10,DEL,1011,1
10,DEL,1031,2
10,DEL,1063,1
10,DEL,1071,1
10,DEL,1079,1
10,DEL,1103,1
10,DEL,1143,1
10,DEL,1151,1
10,DEL,1167,1
10,DEL,1175,1
10,DEL,1183,1
10,DEL,1191,2
10,DEL,1231,1
10,DEL,1279,2
10,DEL,1439,1
10,DEL,1447,1
10,DEL,1583,1
10,DEL,1607,1
10,DEL,1615,1
10,DEL,1639,1
10,DEL,1647,2
10,DEL,1687,1
10,DEL,1759,2
10,DEL,1783,1
10,DEL,1807,1
10,DEL,1863,2
10,DEL,1871,2
10,DEL,1935,1
10,DEL,1951,2
10,DEL,1967,2
10,DEL,2191,1
10,DEL,2319,1
10,DEL,2335,1
10,DEL,2351,1
10,DEL,2431,1
10,DEL,2463,1
10,DEL,2543,1
10,DEL,2559,1
10,DEL,2591,1
10,DEL,2623,2
10,DEL,2655,1
10,DEL,2703,1
10,DEL,2719,2
10,DEL,2735,1
10,DEL,2783,1
10,DEL,2959,1
10,DEL,2975,1
10,DEL,3119,1
10,DEL,3135,1
10,DEL,3183,1
10,DEL,3343,1
10,DEL,3407,1
10,DEL,3439,2
10,DEL,3519,1
10,DEL,3679,2
10,DEL,3711,1
10,DEL,3743,1
10,DEL,3855,1
10,DEL,3935,1
10,DEL,3951,1
10,DEL,3967,1
10,DEL,3983,1
10,DEL,3999,1
10,DEL,4047,2
10,DEL,4063,1
10,DEL,4079,1
10,DEL,4191,1
10,DEL,4255,1
10,DEL,4351,1
10,DEL,4415,1
10,DEL,4511,2
10,DEL,4543,1
10,DEL,4735,1
10,DEL,4767,1
10,DEL,4799,2
10,DEL,5183,1
10,DEL,5567,1
10,DEL,5759,1
10,DEL,5823,1
10,DEL,6111,1
10,DEL,6175,2
10,DEL,6271,1
10,DEL,6367,1
10,DEL,6495,1
10,DEL,6559,1
10,DEL,6591,1
10,DEL,7231,1
10,DEL,7423,1
10,DEL,7551,1
10,DEL,8127,2
10,DEL,10687,1
10,DEL,10751,1
10,DEL,11071,1
10,DEL,12863,1
10,DEL,13439,1
10,DEL,13695,1
10,DEL,19839,1
10,DEL,22399,1
10,DEL,24447,1
10,DEL,26239,1
10,DEL,29183,1
10,DEL,34559,1
10,DEL,37375,1
10,DEL,39167,1
10,DEL,42495,1
10,DEL,42751,1
10,DEL,44031,3
10,DEL,45055,1
10,DEL,45567,1
10,DEL,45823,1
10,DEL,46079,2
10,DEL,46335,1
10,DEL,46591,2
10,DEL,46847,2
10,DEL,47103,1
10,DEL,47871,1
10,DEL,48127,2
10,DEL,48383,3
10,DEL,48639,2
10,DEL,48895,1
10,DEL,49919,2
10,DEL,50687,7
10,DEL,50943,3
10,DEL,51199,4
10,DEL,51455,3
10,DEL,51711,2
10,DEL,51967,4
10,DEL,52223,1
10,DEL,52479,2
10,DEL,52735,2
10,DEL,52991,2
10,DEL,53247,2
10,DEL,53759,1
10,DEL,54015,3
10,DEL,54527,2
10,DEL,54783,1
10,DEL,55039,3
10,DEL,55295,1
10,DEL,55551,1
10,DEL,55807,1
10,DEL,56063,1
10,DEL,56319,1
10,DEL,56575,4
10,DEL,57343,1
10,DEL,57599,3
10,DEL,58111,1
10,DEL,58367,1
10,DEL,58623,1
10,DEL,59135,1
10,DEL,59391,1
10,DEL,59903,1
10,DEL,63743,1
11,SET,170,1
11,SET,185,1
11,SET,186,1
11,SET,187,1
11,SET,191,1
11,SET,197,1
11,SET,201,1
11,SET,221,1
11,SET,226,1
11,SET,227,1
11,SET,228,1
11,SET,230,1
11,SET,231,1
11,SET,232,1
11,SET,234,1
11,SET,240,1
11,SET,241,1
11,SET,244,1
11,SET,247,1
11,SET,254,2
11,SET,259,1
11,SET,261,1
11,SET,283,1
11,SET,295,1
11,SET,317,1
11,SET,385,1
11,SET,397,1
11,SET,405,1
11,SET,419,1
11,SET,429,1
11,SET,459,2
11,SET,497,1
11,SET,563,1
11,SET,611,2
11,SET,635,1
11,SET,659,1
11,SET,667,1
11,SET,703,1
11,SET,707,1
11,SET,715,1
11,SET,767,1
11,SET,791,1
11,SET,875,1
11,SET,1127,1
11,SET,1143,1
11,SET,1151,1
11,SET,1335,1
11,SET,1815,1
11,SET,1871,1
11,SET,1943,1
11,SET,2095,1
11,SET,2287,1
11,SET,2319,1
11,SET,2367,1
11,SET,2415,1
11,SET,2495,1
11,SET,2639,1
11,SET,2655,1
11,SET,2671,2
11,SET,2687,1
11,SET,2735,1
11,SET,2767,1
11,SET,3007,1
11,SET,3023,1
11,SET,3071,2
11,SET,3103,1
11,SET,3151,1
11,SET,3263,1
11,SET,3295,1
11,SET,3375,1
11,SET,3391,2
11,SET,3567,1
11,SET,3647,1
11,SET,3871,2
11,SET,3887,1
11,SET,4127,1
11,SET,4159,1
11,SET,4255,1
11,SET,4383,1
11,SET,6079,1
11,GET,99,1
11,GET,112,1
11,GET,116,1
11,GET,122,1
11,GET,132,1
11,GET,135,1
11,GET,141,1
11,GET,143,2
11,GET,147,1
11,GET,149,2
11,GET,150,1
11,GET,151,1
11,GET,152,1
11,GET,154,1
11,GET,157,3
11,GET,158,1
11,GET,159,1
11,GET,162,1
11,GET,166,1
11,GET,167,1
11,GET,168,1
11,GET,169,3
11,GET,170,1
11,GET,173,3
11,GET,174,4
11,GET,175,3
11,GET,177,4
11,GET,178,1
11,GET,179,3
11,GET,180,1
11,GET,181,4
11,GET,182,3
11,GET,183,2
11,GET,185,2
11,GET,186,2
11,GET,187,5
11,GET,188,3
11,GET,189,3
11,GET,190,2
11,GET,191,4
11,GET,192,7
11,GET,193,3
11,GET,194,1
11,GET,195,1
11,GET,196,1
11,GET,197,5
11,GET,199,3
11,GET,200,5
11,GET,201,4
11,GET,202,4
11,GET,203,2
11,GET,204,4
11,GET,205,4
11,GET,206,5
11,GET,207,3
11,GET,209,2
11,GET,211,1
11,GET,212,2
11,GET,213,5
11,GET,214,3
11,GET,215,2
11,GET,217,3
11,GET,218,3
11,GET,219,1
11,GET,220,4
11,GET,221,2
11,GET,222,4
11,GET,223,5
11,GET,224,1
11,GET,225,3
11,GET,226,1
11,GET,227,1
11,GET,229,2
11,GET,230,1
11,GET,231,4
11,GET,233,2
11,GET,234,1
11,GET,235,4
11,GET,236,3
11,GET,237,2
11,GET,238,4
11,GET,239,2
11,GET,240,1
11,GET,243,1
11,GET,244,4
11,GET,245,3
11,GET,246,4
11,GET,247,1
11,GET,250,4
11,GET,251,2
11,GET,252,4
11,GET,253,1
11,GET,254,1
11,GET,255,1
11,GET,257,2
11,GET,259,1
11,GET,261,4
11,GET,263,3
11,GET,265,4
11,GET,267,2
11,GET,269,2
11,GET,271,1
11,GET,273,4
11,GET,275,1
11,GET,279,1
11,GET,285,1
11,GET,287,1
11,GET,289,2
11,GET,291,4
11,GET,293,2
11,GET,295,5
11,GET,297,3
11,GET,303,1
11,GET,305,1
11,GET,311,1
11,GET,315,2
11,GET,323,1
11,GET,325,2
11,GET,327,1
11,GET,329,2
11,GET,331,3
11,GET,333,2
11,GET,337,3
11,GET,339,1
11,GET,345,3
11,GET,347,1
11,GET,351,1
11,GET,357,1
11,GET,361,1
11,GET,363,1
11,GET,367,1
11,GET,373,1
11,GET,375,1
11,GET,377,2
11,GET,383,3
11,GET,385,1
11,GET,387,1
11,GET,389,2
11,GET,391,1
11,GET,393,1
11,GET,403,1
11,GET,407,3
11,GET,409,6
11,GET,413,2
11,GET,415,3
11,GET,417,1
11,GET,419,2
11,GET,421,1
11,GET,427,1
11,GET,429,1
11,GET,431,2
11,GET,433,2
11,GET,439,2
11,GET,441,2
11,GET,445,1
11,GET,447,2
11,GET,451,1
11,GET,453,2
11,GET,455,1
11,GET,457,1
11,GET,459,1
11,GET,471,1
11,GET,473,2
11,GET,475,1
11,GET,479,2
11,GET,481,1
11,GET,483,1
11,GET,485,1
11,GET,493,1
11,GET,499,1
11,GET,501,1
11,GET,503,1
11,GET,509,2
11,GET,511,1
11,GET,515,2
11,GET,523,1
11,GET,531,3
11,GET,535,2
11,GET,539,2
11,GET,547,2
11,GET,555,1
11,GET,559,2
11,GET,563,1
11,GET,567,4
11,GET,571,3
11,GET,579,2
11,GET,583,2
11,GET,587,2
11,GET,591,3
11,GET,599,1
11,GET,603,2
11,GET,607,2
11,GET,611,2
11,GET,619,2
11,GET,627,3
11,GET,631,1
11,GET,635,1
11,GET,643,1
11,GET,667,4
11,GET,675,1
11,GET,679,1
11,GET,683,1
11,GET,687,3
11,GET,691,1
11,GET,699,1
11,GET,703,1
11,GET,711,3
11,GET,715,4
11,GET,723,1
11,GET,731,2
11,GET,755,1
11,GET,759,1
11,GET,763,2
11,GET,775,1
11,GET,779,4
11,GET,787,3
11,GET,791,1
11,GET,799,2
11,GET,803,2
11,GET,811,1
11,GET,819,1
11,GET,827,3
11,GET,835,2
11,GET,839,1
11,GET,843,2
11,GET,847,2
11,GET,855,1
11,GET,859,2
11,GET,867,1
11,GET,875,1
11,GET,879,1
11,GET,891,1
11,GET,895,3
11,GET,899,1
11,GET,915,2
11,GET,927,2
11,GET,935,2
11,GET,939,1
11,GET,947,2
11,GET,951,2
11,GET,959,1
11,GET,963,1
11,GET,979,1
11,GET,987,1
11,GET,991,1
11,GET,999,1
11,GET,1003,1
11,GET,1007,2
11,GET,1011,1
11,GET,1019,1
11,GET,1031,1
11,GET,1047,1
11,GET,1055,1
11,GET,1071,1
11,GET,1079,1
11,GET,1087,2
11,GET,1095,1
11,GET,1103,2
11,GET,1111,1
11,GET,1119,3
11,GET,1127,1
11,GET,1143,1
11,GET,1151,3
11,GET,1159,1
11,GET,1175,1
11,GET,1183,2
11,GET,1191,2
11,GET,1199,3
11,GET,1207,1
11,GET,1223,1
11,GET,1239,2
11,GET,1255,1
11,GET,1263,1
11,GET,1279,1
11,GET,1287,1
11,GET,1295,1
11,GET,1303,1
11,GET,1311,1
11,GET,1319,1
11,GET,1335,2
11,GET,1343,3
11,GET,1351,1
11,GET,1367,1
11,GET,1383,5
11,GET,1391,1
11,GET,1399,1
11,GET,1407,2
11,GET,1423,1
11,GET,1431,1
11,GET,1439,1
11,GET,1447,2
11,GET,1455,2
11,GET,1471,3
11,GET,1487,1
11,GET,1503,2
11,GET,1511,1
11,GET,1519,3
11,GET,1535,1
11,GET,1551,1
11,GET,1559,1
11,GET,1575,1
11,GET,1583,1
11,GET,1607,2
11,GET,1623,1
11,GET,1631,2
11,GET,1647,1
11,GET,1655,1
11,GET,1679,2
11,GET,1687,3
11,GET,1695,1
11,GET,1703,1
11,GET,1711,1
11,GET,1719,3
11,GET,1727,1
11,GET,1735,1
11,GET,1743,2
11,GET,1751,1
11,GET,1759,2
11,GET,1775,1
11,GET,1783,3
11,GET,1807,3
11,GET,1823,3
11,GET,1831,1
11,GET,1847,1
11,GET,1855,1
11,GET,1887,1
11,GET,1895,2
11,GET,1903,1
11,GET,1919,1
11,GET,1927,1
11,GET,1935,2
11,GET,1951,3
11,GET,1959,1
11,GET,1975,1
11,GET,1983,1
11,GET,1991,3
11,GET,1999,1
11,GET,2007,2
11,GET,2023,2
11,GET,2031,1
11,GET,2039,1
11,GET,2047,2
11,GET,2063,1
11,GET,2079,1
11,GET,2095,1
11,GET,2111,1
11,GET,2127,1
11,GET,2143,4
11,GET,2159,4
11,GET,2191,1
11,GET,2207,2
11,GET,2223,4
11,GET,2239,2
11,GET,2255,3
11,GET,2271,3
11,GET,2287,2
11,GET,2303,5
11,GET,2319,1
11,GET,2335,2
11,GET,2367,3
11,GET,2383,1
11,GET,2399,1
11,GET,2415,6
11,GET,2431,5
11,GET,2463,6
11,GET,2479,6
11,GET,2495,2
11,GET,2511,3
11,GET,2527,2
11,GET,2543,3
11,GET,2559,6
11,GET,2575,4
11,GET,2591,3
11,GET,2607,5
11,GET,2639,2
11,GET,2655,2
11,GET,2671,8
11,GET,2687,4
11,GET,2703,3
11,GET,2719,6
11,GET,2735,6
11,GET,2751,5
11,GET,2767,1
11,GET,2783,5
11,GET,2815,4
11,GET,2831,1
11,GET,2847,2
11,GET,2863,3
11,GET,2879,4
11,GET,2895,5
11,GET,2911,2
11,GET,2927,8
11,GET,2943,3
11,GET,2959,9
11,GET,2975,2
11,GET,2991,2
11,GET,3007,4
11,GET,3023,1
11,GET,3039,4
11,GET,3071,2
11,GET,3087,4
11,GET,3103,3
11,GET,3119,1
11,GET,3135,2
11,GET,3167,5
11,GET,3183,6
11,GET,3199,4
11,GET,3215,4
11,GET,3231,3
11,GET,3247,1
11,GET,3263,1
11,GET,3279,2
11,GET,3295,2
11,GET,3311,6
11,GET,3327,4
11,GET,3343,5
11,GET,3359,2
11,GET,3375,3
11,GET,3407,3
11,GET,3423,2
11,GET,3439,4
11,GET,3487,6
11,GET,3503,1
11,GET,3519,1
11,GET,3535,4
11,GET,3551,3
11,GET,3567,4
11,GET,3583,4
11,GET,3599,2
11,GET,3631,3
11,GET,3647,3
11,GET,3663,1
11,GET,3679,6
11,GET,3695,4
11,GET,3711,2
11,GET,3727,3
11,GET,3743,3
11,GET,3759,1
11,GET,3775,2
11,GET,3791,3
11,GET,3807,4
11,GET,3823,5
11,GET,3839,1
11,GET,3855,1
11,GET,3887,2
11,GET,3903,1
11,GET,3935,4
11,GET,3951,2
11,GET,3967,1
11,GET,4015,1
11,GET,4031,1
11,GET,4047,3
11,GET,4063,2
11,GET,4079,3
11,GET,4127,2
11,GET,4159,4
11,GET,4191,6
11,GET,4223,3
11,GET,4255,5
11,GET,4287,2
11,GET,4319,5
11,GET,4351,5
11,GET,4383,3
11,GET,4415,6
11,GET,4447,3
11,GET,4479,3
11,GET,4511,3
11,GET,4543,1
11,GET,4575,2
11,GET,4607,3
11,GET,4639,1
11,GET,4671,2
11,GET,4703,5
11,GET,4735,1
11,GET,4767,1
11,GET,4799,3
11,GET,4831,6
11,GET,4863,5
11,GET,4895,2
11,GET,4959,1
11,GET,5055,6
11,GET,5087,1
11,GET,5119,1
11,GET,5247,2
11,GET,5311,1
11,GET,5439,1
11,GET,5471,1
11,GET,5535,1
11,GET,5631,1
11,GET,5919,1
11,GET,5983,1
11,GET,6239,1
11,GET,6591,1
11,GET,6719,1
11,GET,6815,1
11,GET,6911,1
11,GET,7103,1
11,GET,208895,1
11,DEL,122,1
11,DEL,123,1
11,DEL,125,1
11,DEL,156,1
11,DEL,165,1
11,DEL,167,1
11,DEL,174,2
11,DEL,176,1
11,DEL,178,1
11,DEL,182,2
11,DEL,183,1
11,DEL,184,2
11,DEL,185,1
11,DEL,186,1
11,DEL,189,1
11,DEL,194,1
11,DEL,196,1
11,DEL,197,2
11,DEL,198,1
11,DEL,199,1
11,DEL,200,3
11,DEL,202,1
11,DEL,203,2
11,DEL,205,1
11,DEL,208,2
11,DEL,210,2
11,DEL,211,2
11,DEL,212,1
11,DEL,213,2
11,DEL,214,1
11,DEL,215,4
11,DEL,216,1
11,DEL,217,1
11,DEL,223,1
11,DEL,224,1
11,DEL,228,1
11,DEL,230,1
11,DEL,232,1
11,DEL,234,2
11,DEL,235,3
11,DEL,237,2
11,DEL,238,1
11,DEL,243,2
11,DEL,247,1
11,DEL,250,1
11,DEL,254,1
11,DEL,257,5
11,DEL,265,1
11,DEL,267,2
11,DEL,269,1
11,DEL,271,1
11,DEL,275,1
11,DEL,279,1
11,DEL,283,1
11,DEL,285,1
11,DEL,295,1
11,DEL,297,1
11,DEL,301,1
11,DEL,303,1
11,DEL,305,1
11,DEL,313,1
11,DEL,317,1
11,DEL,329,1
11,DEL,333,1
11,DEL,349,1
11,DEL,351,1
11,DEL,357,1
11,DEL,369,1
11,DEL,373,1
11,DEL,381,2
11,DEL,385,2
11,DEL,401,1
11,DEL,405,1
11,DEL,409,3
11,DEL,435,1
11,DEL,439,1
11,DEL,443,1
11,DEL,467,1
11,DEL,475,1
11,DEL,483,1
11,DEL,493,1
11,DEL,497,1
11,DEL,501,1
11,DEL,505,2
11,DEL,519,1
11,DEL,523,2
11,DEL,531,1
11,DEL,551,1
11,DEL,555,1
11,DEL,571,1
11,DEL,575,1
11,DEL,583,1
11,DEL,591,1
11,DEL,595,1
11,DEL,611,2
11,DEL,615,2
11,DEL,623,4
11,DEL,631,1
11,DEL,647,1
11,DEL,651,1
11,DEL,663,1
11,DEL,667,1
11,DEL,671,1
11,DEL,675,1
11,DEL,679,1
11,DEL,691,1
11,DEL,703,1
11,DEL,719,2
11,DEL,731,1
11,DEL,739,1
11,DEL,751,1
11,DEL,755,1
11,DEL,767,2
11,DEL,775,1
11,DEL,779,1
11,DEL,787,1
11,DEL,803,1
11,DEL,831,1
11,DEL,843,1
11,DEL,847,1
11,DEL,863,2
11,DEL,899,1
11,DEL,919,1
11,DEL,931,1
11,DEL,939,1
11,DEL,955,2
11,DEL,987,1
11,DEL,1095,1
11,DEL,1167,1
11,DEL,1215,1
11,DEL,1223,1
11,DEL,1247,1
11,DEL,1287,1
11,DEL,1311,1
11,DEL,1327,1
11,DEL,1415,1
11,DEL,1431,1
11,DEL,1551,1
11,DEL,1583,1
11,DEL,1615,1
11,DEL,1647,1
11,DEL,1807,1
11,DEL,1839,1
11,DEL,1847,1
11,DEL,1855,1
11,DEL,1951,1
11,DEL,1991,2
11,DEL,1999,1
11,DEL,2031,1
11,DEL,2063,2
11,DEL,2143,1
11,DEL,2191,1
11,DEL,2223,1
11,DEL,2287,1
11,DEL,2319,1
11,DEL,2335,2
11,DEL,2367,1
11,DEL,2479,1
11,DEL,2495,1
11,DEL,2527,1
11,DEL,2623,1
11,DEL,2639,1
11,DEL,2655,1
11,DEL,2671,1
11,DEL,2687,1
11,DEL,2735,1
11,DEL,2767,2
11,DEL,2815,1
11,DEL,2863,1
11,DEL,2895,1
11,DEL,2943,1
11,DEL,2975,3
11,DEL,2991,1
11,DEL,3007,1
11,DEL,3039,2
11,DEL,3119,1
11,DEL,3135,1
11,DEL,3167,2
11,DEL,3183,1
11,DEL,3263,1
11,DEL,3295,1
11,DEL,3311,1
11,DEL,3327,1
11,DEL,3343,1
11,DEL,3375,2
11,DEL,3423,1
11,DEL,3439,2
11,DEL,3503,1
11,DEL,3535,2
11,DEL,3551,1
11,DEL,3647,2
11,DEL,3711,1
11,DEL,3727,2
11,DEL,3743,1
11,DEL,3775,1
11,DEL,3839,1
11,DEL,3887,1
11,DEL,3967,2
11,DEL,4063,1
11,DEL,4095,2
11,DEL,4127,1
11,DEL,4159,2
11,DEL,4191,1
11,DEL,4351,2
11,DEL,4383,2
11,DEL,4447,2
11,DEL,4479,1
11,DEL,4511,1
11,DEL,4575,2
11,DEL,4639,1
11,DEL,4767,1
11,DEL,4799,1
11,DEL,4863,1
11,DEL,4895,2
11,DEL,5279,1
11,DEL,5407,1
11,DEL,5663,2
11,DEL,5695,1
11,DEL,5727,2
11,DEL,5823,2
11,DEL,5983,1
11,DEL,6207,2
11,DEL,6335,1
11,DEL,6399,1
11,DEL,6527,1
11,DEL,6623,1
11,DEL,6911,1
11,DEL,7679,1
11,DEL,7935,2
11,DEL,13311,1
11,DEL,14591,1
11,DEL,16383,1
11,DEL,18815,1
11,DEL,19199,1
11,DEL,21503,1
11,DEL,23679,1
11,DEL,28287,1
11,DEL,30719,1
11,DEL,39679,1
11,DEL,41215,1
11,DEL,42495,1
11,DEL,43775,1
11,DEL,44287,1
11,DEL,45055,1
11,DEL,45567,1
11,DEL,45823,2
11,DEL,46335,1
11,DEL,46847,1
11,DEL,47103,3
11,DEL,47615,1
11,DEL,47871,1
11,DEL,48127,1
11,DEL,48383,1
11,DEL,48639,1
11,DEL,48895,2
11,DEL,49151,1
11,DEL,49407,4
11,DEL,49663,2
11,DEL,49919,3
11,DEL,50175,2
11,DEL,50431,2
11,DEL,50687,2
11,DEL,50943,1
11,DEL,51199,1
11,DEL,51455,1
11,DEL,51711,2
11,DEL,51967,1
11,DEL,52223,6
11,DEL,52479,4
11,DEL,52735,2
11,DEL,52991,3
11,DEL,53247,3
11,DEL,53503,1
11,DEL,53759,1
11,DEL,54527,1
11,DEL,55039,1
11,DEL,55295,2
11,DEL,55551,1
11,DEL,55807,1
11,DEL,56063,1
11,DEL,56575,2
11,DEL,56831,1
11,DEL,57599,1
11,DEL,58111,1
11,DEL,58367,1
11,DEL,58879,1
11,DEL,59135,1
11,DEL,59903,1
11,DEL,60159,1
11,DEL,61183,1
12,GET,104,1
12,GET,105,2
12,GET,107,1
12,GET,126,1
12,GET,128,1
12,GET,132,1
12,GET,134,1
12,GET,135,1
12,GET,136,1
12,GET,137,1
12,GET,138,2
12,GET,139,1
12,GET,141,2
12,GET,144,1
12,GET,145,3
12,GET,146,2
12,GET,152,1
12,GET,153,1
12,GET,156,1
12,GET,158,1
12,GET,160,1
12,GET,161,1
12,GET,163,3
12,GET,164,2
12,GET,165,1
12,GET,166,1
12,GET,167,3
12,GET,169,2
12,GET,174,1
12,GET,176,1
12,GET,177,1
12,GET,178,2
12,GET,179,5
12,GET,180,3
12,GET,181,2
12,GET,182,4
12,GET,183,4
12,GET,184,4
12,GET,186,4
12,GET,187,1
12,GET,188,3
12,GET,189,2
12,GET,190,1
12,GET,191,1
12,GET,192,5
12,GET,193,2
12,GET,194,3
12,GET,195,3
12,GET,196,4
12,GET,197,2
12,GET,198,3
12,GET,199,6
12,GET,200,3
12,GET,201,9
12,GET,202,3
12,GET,203,4
12,GET,204,4
12,GET,205,4
12,GET,206,4
12,GET,207,2
12,GET,208,4
12,GET,209,1
12,GET,210,5
12,GET,211,2
12,GET,212,4
12,GET,213,2
12,GET,214,3
12,GET,215,1
12,GET,216,2
12,GET,217,2
12,GET,218,1
12,GET,219,1
12,GET,220,2
12,GET,221,3
12,GET,223,3
12,GET,224,1
12,GET,225,4
12,GET,226,4
12,GET,227,2
12,GET,228,4
12,GET,229,4
12,GET,230,3
12,GET,231,4
12,GET,232,1
12,GET,233,3
12,GET,234,4
12,GET,236,2
12,GET,237,2
12,GET,238,4
12,GET,239,2
12,GET,240,3
12,GET,241,3
12,GET,244,1
12,GET,245,3
12,GET,246,2
12,GET,247,1
12,GET,249,2
12,GET,250,1
12,GET,251,1
12,GET,253,2
12,GET,254,2
12,GET,255,4
12,GET,257,2
12,GET,259,3
12,GET,261,2
12,GET,263,3
12,GET,265,5
12,GET,267,3
12,GET,269,4
12,GET,271,3
12,GET,273,2
12,GET,275,1
12,GET,277,3
12,GET,279,3
12,GET,281,2
12,GET,283,1
12,GET,285,5
12,GET,287,4
12,GET,291,1
12,GET,293,1
12,GET,295,1
12,GET,301,2
12,GET,303,1
12,GET,307,1
12,GET,315,2
12,GET,321,1
12,GET,323,1
12,GET,325,2
12,GET,327,6
12,GET,329,1
12,GET,331,1
12,GET,333,2
12,GET,337,4
12,GET,339,2
12,GET,341,1
12,GET,343,1
12,GET,345,3
12,GET,347,3
12,GET,351,1
12,GET,353,2
12,GET,357,1
12,GET,363,1
12,GET,365,2
12,GET,369,1
12,GET,371,1
12,GET,377,1
12,GET,379,2
12,GET,381,2
12,GET,383,2
12,GET,385,1
12,GET,393,1
12,GET,395,1
12,GET,397,1
12,GET,405,2
12,GET,409,1
12,GET,411,1
12,GET,413,1
12,GET,427,1
12,GET,429,1
12,GET,435,1
12,GET,439,1
12,GET,443,1
12,GET,445,2
12,GET,447,2
12,GET,453,2
12,GET,455,2
12,GET,457,3
12,GET,459,1
12,GET,461,2
12,GET,463,1
12,GET,465,2
12,GET,469,1
12,GET,477,1
12,GET,479,1
12,GET,481,1
12,GET,487,1
12,GET,495,1
12,GET,497,1
12,GET,499,1
12,GET,503,1
12,GET,509,1
12,GET,515,2
12,GET,519,4
12,GET,523,1
12,GET,527,1
12,GET,531,2
12,GET,535,2
12,GET,539,2
12,GET,543,1
12,GET,551,1
12,GET,555,5
12,GET,559,2
12,GET,563,3
12,GET,567,2
12,GET,571,2
12,GET,575,3
12,GET,579,1
12,GET,591,3
12,GET,595,1
12,GET,603,3
12,GET,607,1
12,GET,611,3
12,GET,627,2
12,GET,635,3
12,GET,639,3
12,GET,643,2
12,GET,651,1
12,GET,655,1
12,GET,663,1
12,GET,675,1
12,GET,683,2
12,GET,691,2
12,GET,703,2
12,GET,707,1
12,GET,715,1
12,GET,719,2
12,GET,723,1
12,GET,727,1
12,GET,731,4
12,GET,735,1
12,GET,739,3
12,GET,755,1
12,GET,759,1
12,GET,763,1
12,GET,767,5
12,GET,779,1
12,GET,783,1
12,GET,791,2
12,GET,795,3
12,GET,799,1
12,GET,803,2
12,GET,811,2
12,GET,815,3
12,GET,823,3
12,GET,831,1
12,GET,835,1
12,GET,839,2
12,GET,847,1
12,GET,863,1
12,GET,871,1
12,GET,879,1
12,GET,883,2
12,GET,895,1
12,GET,903,1
12,GET,907,1
12,GET,915,1
12,GET,923,1
12,GET,931,1
12,GET,951,1
12,GET,955,1
12,GET,959,3
12,GET,963,1
12,GET,967,1
12,GET,975,3
12,GET,979,2
12,GET,983,3
12,GET,987,1
12,GET,991,1
12,GET,995,1
12,GET,999,1
12,GET,1007,1
12,GET,1011,1
12,GET,1015,2
12,GET,1023,1
12,GET,1031,3
12,GET,1039,1
12,GET,1047,2
12,GET,1071,2
12,GET,1079,1
12,GET,1087,1
12,GET,1095,1
12,GET,1103,3
12,GET,1111,1
12,GET,1119,1
12,GET,1127,3
12,GET,1135,1
12,GET,1143,2
12,GET,1159,1
12,GET,1175,1
12,GET,1183,2
12,GET,1199,2
12,GET,1207,2
12,GET,1215,2
12,GET,1231,2
12,GET,1239,1
12,GET,1247,1
12,GET,1271,1
12,GET,1279,2
12,GET,1319,1
12,GET,1327,1
12,GET,1351,1
12,GET,1359,1
12,GET,1367,2
12,GET,1375,2
12,GET,1383,1
12,GET,1407,2
12,GET,1439,1
12,GET,1463,2
12,GET,1471,2
12,GET,1503,1
12,GET,1511,1
12,GET,1535,1
12,GET,1559,2
12,GET,1567,2
12,GET,1583,3
12,GET,1599,1
12,GET,1607,1
12,GET,1615,2
12,GET,1655,1
12,GET,1687,2
12,GET,1695,2
12,GET,1703,1
12,GET,1759,1
12,GET,1767,1
12,GET,1783,1
12,GET,1799,1
12,GET,1807,1
12,GET,1879,2
12,GET,1887,1
12,GET,1903,1
12,GET,1911,1
12,GET,1951,1
12,GET,1967,1
12,GET,1983,3
12,GET,1991,1
12,GET,1999,1
12,GET,2023,2
12,GET,2031,2
12,GET,2039,2
12,GET,2047,1
12,GET,2063,2
12,GET,2079,2
12,GET,2095,1
12,GET,2111,1
12,GET,2127,4
12,GET,2143,6
12,GET,2175,3
12,GET,2191,1
12,GET,2239,4
12,GET,2255,2
12,GET,2271,2
12,GET,2303,2
12,GET,2335,2
12,GET,2351,3
12,GET,2367,1
12,GET,2383,6
12,GET,2399,4
12,GET,2415,4
12,GET,2431,4
12,GET,2447,1
12,GET,2463,4
12,GET,2479,7
12,GET,2511,6
12,GET,2527,1
12,GET,2543,5
12,GET,2559,2
12,GET,2575,2
12,GET,2591,2
12,GET,2607,4
12,GET,2623,1
12,GET,2639,2
12,GET,2655,4
12,GET,2671,6
12,GET,2687,3
12,GET,2703,4
12,GET,2719,8
12,GET,2735,5
12,GET,2751,3
12,GET,2767,3
12,GET,2783,1
12,GET,2799,8
12,GET,2831,2
12,GET,2847,2
12,GET,2863,6
12,GET,2879,5
12,GET,2895,4
12,GET,2927,3
12,GET,2943,3
12,GET,2959,3
12,GET,2975,3
12,GET,2991,1
12,GET,3007,3
12,GET,3023,2
12,GET,3039,3
12,GET,3055,5
12,GET,3071,8
12,GET,3103,3
12,GET,3119,3
12,GET,3135,4
12,GET,3151,4
12,GET,3167,2
12,GET,3183,4
12,GET,3199,4
12,GET,3215,5
12,GET,3231,4
12,GET,3247,2
12,GET,3263,1
12,GET,3279,8
12,GET,3295,1
12,GET,3311,3
12,GET,3327,2
12,GET,3343,4
12,GET,3359,2
12,GET,3375,5
12,GET,3391,2
12,GET,3407,4
12,GET,3423,3
12,GET,3439,4
12,GET,3455,2
12,GET,3471,4
12,GET,3487,1
12,GET,3503,4
12,GET,3519,1
12,GET,3535,4
12,GET,3551,3
12,GET,3567,2
12,GET,3583,4
12,GET,3599,5
12,GET,3615,3
12,GET,3631,6
12,GET,3647,1
12,GET,3663,2
12,GET,3679,2
12,GET,3695,1
12,GET,3711,3
12,GET,3727,2
12,GET,3743,2
12,GET,3759,4
12,GET,3775,6
12,GET,3791,3
12,GET,3823,3
12,GET,3839,1
12,GET,3855,2
12,GET,3871,3
12,GET,3903,3
12,GET,3919,3
12,GET,3935,2
12,GET,3951,3
12,GET,3967,1
12,GET,3983,1
12,GET,3999,1
12,GET,4015,3
12,GET,4031,4
12,GET,4047,3
12,GET,4063,1
12,GET,4079,1
12,GET,4095,3
12,GET,4127,2
12,GET,4159,4
12,GET,4191,6
12,GET,4223,4
12,GET,4255,4
12,GET,4287,2
12,GET,4319,6
12,GET,4351,3
12,GET,4383,4
12,GET,4415,2
12,GET,4447,1
12,GET,4479,2
12,GET,4511,3
12,GET,4543,1
12,GET,4575,5
12,GET,4639,2
12,GET,4671,5
12,GET,4703,3
12,GET,4735,3
12,GET,4831,3
12,GET,4863,3
12,GET,4895,2
12,GET,4959,1
12,GET,5023,2
12,GET,5055,2
12,GET,5119,2
12,GET,5151,1
12,GET,5183,1
12,GET,5247,1
12,GET,5279,1
12,GET,5311,1
12,GET,5343,3
12,GET,5407,1
12,GET,5631,1
12,GET,5663,1
12,GET,5823,1
12,GET,5919,1
12,GET,5951,1
12,GET,6079,3
12,GET,6207,1
12,GET,6367,1
12,GET,6527,1
12,GET,6879,1
12,SET,125,1
12,SET,147,1
12,SET,149,1
12,SET,154,1
12,SET,178,1
12,SET,194,1
12,SET,198,1
12,SET,199,1
12,SET,201,1
12,SET,207,1
12,SET,209,1
12,SET,210,2
12,SET,221,1
12,SET,223,1
12,SET,248,1
12,SET,250,1
12,SET,255,1
12,SET,275,1
12,SET,283,1
12,SET,285,1
12,SET,293,1
12,SET,295,2
12,SET,311,1
12,SET,319,1
12,SET,335,1
12,SET,339,1
12,SET,497,1
12,SET,515,1
12,SET,543,1
12,SET,575,1
12,SET,687,1
12,SET,711,1
12,SET,787,1
12,SET,839,1
12,SET,955,1
12,SET,995,1
12,SET,1415,1
12,SET,1511,1
12,SET,1767,2
12,SET,1799,1
12,SET,1871,2
12,SET,1999,1
12,SET,2015,1
12,SET,2143,1
12,SET,2255,1
12,SET,2319,1
12,SET,2335,1
12,SET,2399,1
12,SET,2415,1
12,SET,2463,1
12,SET,2479,1
12,SET,2543,1
12,SET,2575,1
12,SET,2687,1
12,SET,2719,1
12,SET,2735,1
12,SET,2799,1
12,SET,3151,1
12,SET,3231,1
12,SET,3311,2
12,SET,3327,1
12,SET,3407,1
12,SET,3439,1
12,SET,3567,1
12,SET,3663,1
12,SET,3727,2
12,SET,3871,1
12,SET,3887,1
12,SET,3903,1
12,SET,3919,1
12,SET,4047,1
12,SET,4127,1
12,SET,4511,1
12,SET,4767,1
12,SET,4831,1
12,SET,5023,1
12,SET,5279,1
12,SET,5343,1
12,SET,5471,1
12,DEL,99,1
12,DEL,132,1
12,DEL,138,1
12,DEL,143,1
12,DEL,154,1
12,DEL,159,1
12,DEL,169,1
12,DEL,171,2
12,DEL,172,1
12,DEL,174,1
12,DEL,175,1
12,DEL,181,1
12,DEL,186,1
12,DEL,188,2
12,DEL,189,1
12,DEL,190,1
12,DEL,191,3
12,DEL,193,1
12,DEL,194,1
12,DEL,195,3
12,DEL,197,1
12,DEL,198,1
12,DEL,199,1
12,DEL,200,2
12,DEL,201,1
12,DEL,202,2
12,DEL,203,3
12,DEL,206,2
12,DEL,207,1
12,DEL,210,1
12,DEL,212,2
12,DEL,214,2
12,DEL,215,5
12,DEL,216,2
12,DEL,217,4
12,DEL,218,1
12,DEL,219,1
12,DEL,221,1
12,DEL,222,2
12,DEL,223,2
12,DEL,224,2
12,DEL,225,1
12,DEL,231,1
12,DEL,232,1
12,DEL,233,1
12,DEL,236,1
12,DEL,237,1
12,DEL,240,1
12,DEL,241,1
12,DEL,244,1
12,DEL,250,1
12,DEL,251,3
12,DEL,254,1
12,DEL,261,1
12,DEL,263,2
12,DEL,267,1
12,DEL,269,1
12,DEL,273,2
12,DEL,277,1
12,DEL,293,1
12,DEL,295,1
12,DEL,303,1
12,DEL,305,2
12,DEL,311,1
12,DEL,313,1
12,DEL,325,1
12,DEL,337,2
12,DEL,339,1
12,DEL,345,1
12,DEL,349,1
12,DEL,351,1
12,DEL,353,1
12,DEL,355,1
12,DEL,367,1
12,DEL,381,1
12,DEL,391,1
12,DEL,393,1
12,DEL,409,1
12,DEL,411,1
12,DEL,423,1
12,DEL,441,1
12,DEL,447,1
12,DEL,459,1
12,DEL,461,1
12,DEL,473,2
12,DEL,491,1
12,DEL,493,1
12,DEL,495,1
12,DEL,499,2
12,DEL,501,1
12,DEL,519,2
12,DEL,527,1
12,DEL,543,1
12,DEL,547,1
12,DEL,563,1
12,DEL,567,1
12,DEL,591,1
12,DEL,599,1
12,DEL,603,1
12,DEL,615,2
12,DEL,623,1
12,DEL,627,3
12,DEL,635,1
12,DEL,643,1
12,DEL,651,1
12,DEL,683,1
12,DEL,699,1
12,DEL,703,1
12,DEL,707,3
12,DEL,739,1
12,DEL,743,1
12,DEL,747,2
12,DEL,755,2
12,DEL,759,1
12,DEL,783,1
12,DEL,799,1
12,DEL,819,1
12,DEL,831,1
12,DEL,871,1
12,DEL,883,1
12,DEL,887,1
12,DEL,891,1
12,DEL,903,1
12,DEL,915,2
12,DEL,935,1
12,DEL,963,1
12,DEL,999,1
12,DEL,1015,2
12,DEL,1039,2
12,DEL,1063,1
12,DEL,1087,1
12,DEL,1095,2
12,DEL,1135,1
12,DEL,1199,1
12,DEL,1239,1
12,DEL,1343,1
12,DEL,1407,1
12,DEL,1439,1
12,DEL,1495,1
12,DEL,1503,1
12,DEL,1591,1
12,DEL,1823,1
12,DEL,1871,1
12,DEL,1895,1
12,DEL,2095,1
12,DEL,2111,1
12,DEL,2143,1
12,DEL,2159,1
12,DEL,2255,1
12,DEL,2271,1
12,DEL,2351,1
12,DEL,2399,1
12,DEL,2447,1
12,DEL,2463,1
12,DEL,2495,1
12,DEL,2527,1
12,DEL,2607,1
12,DEL,2639,2
12,DEL,2655,1
12,DEL,2719,1
12,DEL,2751,1
12,DEL,2815,1
12,DEL,2847,1
12,DEL,2895,1
12,DEL,2911,1
12,DEL,2943,2
12,DEL,2991,1
12,DEL,3023,1
12,DEL,3039,2
12,DEL,3071,1
12,DEL,3183,2
12,DEL,3295,1
12,DEL,3327,1
12,DEL,3391,1
12,DEL,3407,2
12,DEL,3423,1
12,DEL,3471,1
12,DEL,3487,1
12,DEL,3503,1
12,DEL,3535,1
12,DEL,3583,1
12,DEL,3615,1
12,DEL,3663,1
12,DEL,3679,1
12,DEL,3743,1
12,DEL,3759,1
12,DEL,3775,3
12,DEL,3791,1
12,DEL,3871,1
12,DEL,3887,1
12,DEL,3919,2
12,DEL,3935,1
12,DEL,3967,1
12,DEL,3983,1
12,DEL,3999,1
12,DEL,4015,2
12,DEL,4079,1
12,DEL,4159,2
12,DEL,4223,2
12,DEL,4287,2
12,DEL,4383,1
12,DEL,4511,1
12,DEL,4575,1
12,DEL,4639,1
12,DEL,4767,1
12,DEL,4927,4
12,DEL,4959,1
12,DEL,4991,1
12,DEL,5055,1
12,DEL,5087,1
12,DEL,5151,2
12,DEL,5183,1
12,DEL,5215,2
12,DEL,5311,3
12,DEL,5599,2
12,DEL,5759,1
12,DEL,5855,1
12,DEL,6015,2
12,DEL,6175,1
12,DEL,6271,1
12,DEL,6335,1
12,DEL,6431,1
12,DEL,6719,1
12,DEL,6815,1
12,DEL,7295,1
12,DEL,7359,1
12,DEL,7391,1
12,DEL,7615,1
12,DEL,7679,1
12,DEL,7743,1
12,DEL,8255,1
12,DEL,24575,1
12,DEL,26623,1
12,DEL,26751,1
12,DEL,27263,1
12,DEL,30847,1
12,DEL,34047,1
12,DEL,34815,1
12,DEL,35327,1
12,DEL,40447,2
12,DEL,42239,1
12,DEL,43263,2
12,DEL,44543,1
12,DEL,46079,1
12,DEL,46335,2
12,DEL,46847,2
12,DEL,47103,2
12,DEL,47615,2
12,DEL,48127,1
12,DEL,48383,1
12,DEL,48639,1
12,DEL,49151,1
12,DEL,49407,3
12,DEL,49663,1
12,DEL,49919,3
12,DEL,50175,4
12,DEL,50431,5
12,DEL,50687,2
12,DEL,50943,2
12,DEL,51199,3
12,DEL,51455,2
12,DEL,51711,1
12,DEL,52479,2
12,DEL,52735,2
12,DEL,52991,1
12,DEL,53247,1
12,DEL,53503,3
12,DEL,53759,2
12,DEL,54015,1
12,DEL,54783,1
12,DEL,55039,2
12,DEL,55295,3
12,DEL,55551,3
12,DEL,55807,1
12,DEL,56575,4
12,DEL,57343,1
12,DEL,57599,1
12,DEL,57855,1
12,DEL,58111,1
12,DEL,58367,2
12,DEL,59391,1
12,DEL,59903,1
12,DEL,60415,1
13,GET,97,1
13,GET,124,1
13,GET,127,3
13,GET,134,2
13,GET,139,1
13,GET,142,1
13,GET,147,1
13,GET,150,1
13,GET,153,1
13,GET,157,1
13,GET,159,1
13,GET,160,1
13,GET,161,1
13,GET,162,2
13,GET,163,2
13,GET,166,5
13,GET,167,4
13,GET,168,2
13,GET,170,2
13,GET,171,2
13,GET,172,2
13,GET,173,1
13,GET,175,1
13,GET,176,2
13,GET,177,2
13,GET,178,1
13,GET,179,1
13,GET,180,2
13,GET,181,5
13,GET,182,2
13,GET,183,3
13,GET,184,3
13,GET,185,2
13,GET,186,1
13,GET,187,2
13,GET,188,3
13,GET,189,3
13,GET,190,3
13,GET,191,3
13,GET,192,3
13,GET,193,3
13,GET,194,1
13,GET,195,2
13,GET,196,4
13,GET,197,6
13,GET,198,5
13,GET,199,4
13,GET,200,5
13,GET,201,4
13,GET,202,2
13,GET,203,4
13,GET,204,7
13,GET,205,3
13,GET,206,4
13,GET,207,4
13,GET,208,6
13,GET,209,3
13,GET,210,8
13,GET,211,6
13,GET,212,4
13,GET,213,1
13,GET,214,4
13,GET,215,2
13,GET,216,2
13,GET,217,6
13,GET,218,1
13,GET,219,2
13,GET,220,1
13,GET,221,3
13,GET,224,9
13,GET,225,4
13,GET,226,1
13,GET,227,1
13,GET,228,2
13,GET,229,3
13,GET,230,1
13,GET,231,1
13,GET,233,1
13,GET,234,2
13,GET,235,2
13,GET,236,3
13,GET,237,1
13,GET,239,2
13,GET,240,5
13,GET,241,1
13,GET,243,1
13,GET,244,1
13,GET,246,1
13,GET,247,1
13,GET,248,2
13,GET,250,1
13,GET,252,2
13,GET,253,1
13,GET,254,2
13,GET,255,1
13,GET,257,2
13,GET,261,2
13,GET,263,4
13,GET,265,1
13,GET,267,3
13,GET,269,3
13,GET,271,2
13,GET,275,2
13,GET,281,4
13,GET,285,2
13,GET,287,1
13,GET,289,1
13,GET,291,2
13,GET,293,2
13,GET,295,1
13,GET,297,1
13,GET,299,2
13,GET,301,2
13,GET,303,1
13,GET,305,1
13,GET,309,1
13,GET,313,2
13,GET,317,1
13,GET,319,1
13,GET,321,1
13,GET,323,2
13,GET,329,1
13,GET,333,4
13,GET,339,2
13,GET,341,1
13,GET,343,1
13,GET,345,1
13,GET,347,1
13,GET,349,1
13,GET,353,3
13,GET,367,2
13,GET,369,2
13,GET,371,2
13,GET,375,2
13,GET,377,1
13,GET,379,4
13,GET,381,1
13,GET,383,1
13,GET,385,2
13,GET,393,1
13,GET,395,1
13,GET,399,1
13,GET,401,1
13,GET,403,1
13,GET,411,1
13,GET,413,3
13,GET,415,1
13,GET,427,1
13,GET,431,1
13,GET,433,1
13,GET,437,2
13,GET,441,4
13,GET,443,1
13,GET,445,2
13,GET,451,2
13,GET,457,1
13,GET,459,1
13,GET,461,2
13,GET,463,1
13,GET,465,2
13,GET,467,3
13,GET,469,2
13,GET,471,4
13,GET,473,1
13,GET,475,1
13,GET,477,2
13,GET,483,2
13,GET,485,1
13,GET,487,1
13,GET,489,1
13,GET,491,1
13,GET,495,1
13,GET,505,1
13,GET,511,1
13,GET,515,2
13,GET,519,1
13,GET,527,2
13,GET,531,4
13,GET,535,1
13,GET,543,1
13,GET,551,1
13,GET,555,3
13,GET,559,1
13,GET,563,1
13,GET,567,2
13,GET,571,2
13,GET,575,2
13,GET,579,1
13,GET,583,1
13,GET,587,1
13,GET,591,3
13,GET,595,1
13,GET,599,1
13,GET,607,2
13,GET,611,2
13,GET,619,4
13,GET,631,1
13,GET,635,1
13,GET,643,2
13,GET,651,1
13,GET,655,1
13,GET,659,3
13,GET,667,3
13,GET,671,4
13,GET,675,2
13,GET,679,5
13,GET,683,4
13,GET,703,3
13,GET,707,1
13,GET,711,2
13,GET,723,4
13,GET,731,1
13,GET,739,1
13,GET,747,1
13,GET,751,2
13,GET,759,1
13,GET,767,3
13,GET,771,1
13,GET,779,1
13,GET,787,1
13,GET,803,2
13,GET,807,2
13,GET,811,1
13,GET,815,1
13,GET,819,2
13,GET,827,2
13,GET,831,3
13,GET,835,3
13,GET,843,1
13,GET,851,1
13,GET,855,1
13,GET,859,1
13,GET,867,2
13,GET,875,2
13,GET,879,1
13,GET,907,1
13,GET,923,1
13,GET,927,1
13,GET,931,1
13,GET,935,3
13,GET,943,1
13,GET,951,3
13,GET,959,1
13,GET,963,1
13,GET,971,3
13,GET,979,1
13,GET,983,1
13,GET,987,1
13,GET,991,2
13,GET,999,1
13,GET,1003,6
13,GET,1011,1
13,GET,1015,2
13,GET,1023,1
13,GET,1031,2
13,GET,1039,1
13,GET,1047,2
13,GET,1055,4
13,GET,1063,1
13,GET,1071,2
13,GET,1079,1
13,GET,1087,1
13,GET,1095,3
13,GET,1143,2
13,GET,1151,1
13,GET,1159,1
13,GET,1167,1
13,GET,1175,3
13,GET,1191,2
13,GET,1199,3
13,GET,1207,3
13,GET,1215,3
13,GET,1255,2
13,GET,1263,3
13,GET,1271,2
13,GET,1287,1
13,GET,1303,3
13,GET,1311,1
13,GET,1319,3
13,GET,1327,1
13,GET,1335,1
13,GET,1343,1
13,GET,1351,2
13,GET,1359,2
13,GET,1367,1
13,GET,1375,2
13,GET,1383,1
13,GET,1391,1
13,GET,1399,3
13,GET,1407,2
13,GET,1415,1
13,GET,1431,1
13,GET,1447,1
13,GET,1479,2
13,GET,1495,3
13,GET,1527,1
13,GET,1535,1
13,GET,1551,1
13,GET,1559,2
13,GET,1583,4
13,GET,1599,1
13,GET,1607,1
13,GET,1615,3
13,GET,1623,2
13,GET,1631,1
13,GET,1639,1
13,GET,1663,1
13,GET,1687,1
13,GET,1695,1
13,GET,1719,1
13,GET,1727,1
13,GET,1735,1
13,GET,1743,1
13,GET,1775,1
13,GET,1791,2
13,GET,1799,1
13,GET,1807,1
13,GET,1823,1
13,GET,1831,3
13,GET,1863,3
13,GET,1871,1
13,GET,1887,3
13,GET,1895,1
13,GET,1903,2
13,GET,1919,2
13,GET,1935,2
13,GET,1951,1
13,GET,1959,2
13,GET,1967,1
13,GET,1975,2
13,GET,2007,4
13,GET,2015,1
13,GET,2031,1
13,GET,2063,6
13,GET,2079,2
13,GET,2095,2
13,GET,2111,5
13,GET,2127,3
13,GET,2143,5
13,GET,2159,2
13,GET,2175,4
13,GET,2191,3
13,GET,2207,2
13,GET,2223,1
13,GET,2239,4
13,GET,2255,5
13,GET,2271,1
13,GET,2287,4
13,GET,2303,3
13,GET,2319,3
13,GET,2335,3
13,GET,2351,1
13,GET,2383,1
13,GET,2399,5
13,GET,2415,3
13,GET,2447,2
13,GET,2463,3
13,GET,2495,3
13,GET,2511,4
13,GET,2527,3
13,GET,2543,1
13,GET,2559,4
13,GET,2575,3
13,GET,2607,2
13,GET,2623,3
13,GET,2639,5
13,GET,2655,3
13,GET,2671,4
13,GET,2687,3
13,GET,2703,4
13,GET,2719,2
13,GET,2735,4
13,GET,2751,4
13,GET,2767,2
13,GET,2783,5
13,GET,2799,2
13,GET,2815,5
13,GET,2831,4
13,GET,2847,7
13,GET,2863,8
13,GET,2879,7
13,GET,2895,4
13,GET,2911,5
13,GET,2927,4
13,GET,2943,1
13,GET,2959,5
13,GET,2975,4
13,GET,2991,5
13,GET,3007,2
13,GET,3023,2
13,GET,3039,3
13,GET,3055,6
13,GET,3071,7
13,GET,3087,1
13,GET,3103,5
13,GET,3119,3
13,GET,3151,3
13,GET,3167,4
13,GET,3183,2
13,GET,3199,5
13,GET,3215,5
13,GET,3231,2
13,GET,3247,1
13,GET,3263,6
13,GET,3279,2
13,GET,3295,7
13,GET,3311,5
13,GET,3327,4
13,GET,3343,5
13,GET,3359,4
13,GET,3375,1
13,GET,3391,3
13,GET,3407,5
13,GET,3423,5
13,GET,3439,2
13,GET,3455,3
13,GET,3471,3
13,GET,3503,6
13,GET,3519,4
13,GET,3535,3
13,GET,3551,3
13,GET,3567,1
13,GET,3583,2
13,GET,3599,3
13,GET,3615,2
13,GET,3631,4
13,GET,3647,2
13,GET,3663,1
13,GET,3679,3
13,GET,3695,1
13,GET,3711,1
13,GET,3727,2
13,GET,3743,2
13,GET,3759,3
13,GET,3775,2
13,GET,3791,1
13,GET,3807,3
13,GET,3823,4
13,GET,3839,4
13,GET,3855,5
13,GET,3871,1
13,GET,3887,2
13,GET,3903,2
13,GET,3919,3
13,GET,3935,2
13,GET,3951,3
13,GET,3967,1
13,GET,3983,4
13,GET,3999,4
13,GET,4015,3
13,GET,4031,2
13,GET,4047,2
13,GET,4079,3
13,GET,4127,1
13,GET,4159,2
13,GET,4191,1
13,GET,4223,4
13,GET,4255,1
13,GET,4287,2
13,GET,4319,2
13,GET,4351,2
13,GET,4383,2
13,GET,4415,1
13,GET,4447,3
13,GET,4479,4
13,GET,4543,1
13,GET,4575,4
13,GET,4607,2
13,GET,4671,2
13,GET,4703,2
13,GET,4767,2
13,GET,4799,1
13,GET,4831,4
13,GET,4863,2
13,GET,4895,1
13,GET,4927,1
13,GET,4959,1
13,GET,4991,2
13,GET,5023,1
13,GET,5087,3
13,GET,5151,3
13,GET,5183,3
13,GET,5215,1
13,GET,5311,2
13,GET,5375,1
13,GET,5407,1
13,GET,5503,1
13,GET,5535,2
13,GET,5567,1
13,GET,5599,1
13,GET,5631,1
13,GET,5663,1
13,GET,5727,1
13,GET,5855,2
13,GET,6111,1
13,GET,6175,1
13,GET,6463,1
13,GET,6751,1
13,GET,7231,1
13,GET,7391,1
13,SET,150,1
13,SET,188,1
13,SET,191,1
13,SET,209,1
13,SET,210,1
13,SET,211,1
13,SET,216,1
13,SET,224,1
13,SET,225,1
13,SET,230,1
13,SET,233,1
13,SET,237,1
13,SET,249,1
13,SET,263,1
13,SET,311,1
13,SET,443,1
13,SET,487,1
13,SET,587,1
13,SET,611,1
13,SET,691,1
13,SET,707,1
13,SET,735,2
13,SET,751,1
13,SET,787,1
13,SET,823,1
13,SET,931,1
13,SET,999,1
13,SET,1007,1
13,SET,1151,1
13,SET,1207,1
13,SET,1263,1
13,SET,1383,1
13,SET,1615,1
13,SET,1871,1
13,SET,1919,1
13,SET,2143,1
13,SET,2191,1
13,SET,2239,1
13,SET,2399,1
13,SET,2415,1
13,SET,2495,1
13,SET,2543,1
13,SET,2607,1
13,SET,2639,1
13,SET,2671,2
13,SET,2751,1
13,SET,2815,1
13,SET,3071,1
13,SET,3119,2
13,SET,3247,1
13,SET,3311,1
13,SET,3327,1
13,SET,3375,1
13,SET,3391,2
13,SET,3567,1
13,SET,3727,1
13,SET,3759,1
13,SET,4015,1
13,SET,4063,1
13,SET,4079,1
13,SET,4191,1
13,SET,4383,1
13,SET,4543,1
13,SET,4607,3
13,SET,4767,1
13,SET,4927,2
13,DEL,131,1
13,DEL,136,1
13,DEL,138,1
13,DEL,142,2
13,DEL,150,1
13,DEL,152,1
13,DEL,156,1
13,DEL,161,1
13,DEL,163,1
13,DEL,164,1
13,DEL,167,1
13,DEL,170,1
13,DEL,174,1
13,DEL,179,2
13,DEL,182,2
13,DEL,184,1
13,DEL,186,4
13,DEL,188,1
13,DEL,190,2
13,DEL,191,1
13,DEL,193,1
13,DEL,194,2
13,DEL,198,2
13,DEL,200,1
13,DEL,203,3
13,DEL,204,3
13,DEL,205,4
13,DEL,206,2
13,DEL,207,3
13,DEL,210,3
13,DEL,211,2
13,DEL,213,3
13,DEL,214,2
13,DEL,215,1
13,DEL,216,1
13,DEL,219,1
13,DEL,220,2
13,DEL,222,1
13,DEL,224,1
13,DEL,225,2
13,DEL,230,1
13,DEL,231,1
13,DEL,232,1
13,DEL,233,1
13,DEL,235,1
13,DEL,236,1
13,DEL,238,1
13,DEL,241,1
13,DEL,244,1
13,DEL,246,1
13,DEL,247,1
13,DEL,248,1
13,DEL,249,1
13,DEL,250,2
13,DEL,259,3
13,DEL,263,2
13,DEL,265,2
13,DEL,269,1
13,DEL,273,1
13,DEL,283,2
13,DEL,289,1
13,DEL,291,3
13,DEL,295,2
13,DEL,297,1
13,DEL,307,1
13,DEL,309,1
13,DEL,329,1
13,DEL,333,1
13,DEL,345,2
13,DEL,347,1
13,DEL,349,1
13,DEL,353,1
13,DEL,355,1
13,DEL,359,1
13,DEL,361,1
13,DEL,381,1
13,DEL,421,1
13,DEL,427,1
13,DEL,429,1
13,DEL,455,1
13,DEL,459,1
13,DEL,471,1
13,DEL,493,1
13,DEL,497,1
13,DEL,527,1
13,DEL,531,1
13,DEL,555,2
13,DEL,559,1
13,DEL,563,1
13,DEL,567,1
13,DEL,579,1
13,DEL,587,1
13,DEL,591,1
13,DEL,595,1
13,DEL,615,1
13,DEL,627,1
13,DEL,647,1
13,DEL,655,2
13,DEL,663,1
13,DEL,675,1
13,DEL,691,1
13,DEL,711,1
13,DEL,739,1
13,DEL,747,1
13,DEL,751,2
13,DEL,759,2
13,DEL,819,1
13,DEL,843,1
13,DEL,923,1
13,DEL,935,1
13,DEL,939,1
13,DEL,959,1
13,DEL,971,1
13,DEL,995,1
13,DEL,1007,1
13,DEL,1039,2
13,DEL,1047,1
13,DEL,1063,1
13,DEL,1079,1
13,DEL,1135,1
13,DEL,1143,1
13,DEL,1159,1
13,DEL,1199,1
13,DEL,1215,1
13,DEL,1231,2
13,DEL,1247,1
13,DEL,1335,1
13,DEL,1359,1
13,DEL,1415,2
13,DEL,1455,1
13,DEL,1479,2
13,DEL,1519,1
13,DEL,1631,1
13,DEL,1703,1
13,DEL,1719,1
13,DEL,1983,1
13,DEL,2031,1
13,DEL,2095,1
13,DEL,2351,1
13,DEL,2463,1
13,DEL,2511,1
13,DEL,2639,1
13,DEL,2655,1
13,DEL,2703,1
13,DEL,2719,1
13,DEL,2783,1
13,DEL,2799,1
13,DEL,2879,2
13,DEL,2895,1
13,DEL,2943,1
13,DEL,2975,1
13,DEL,3071,1
13,DEL,3119,1
13,DEL,3135,1
13,DEL,3151,1
13,DEL,3167,1
13,DEL,3199,1
13,DEL,3263,2
13,DEL,3391,1
13,DEL,3407,2
13,DEL,3455,1
13,DEL,3471,1
13,DEL,3487,1
13,DEL,3599,1
13,DEL,3631,1
13,DEL,3855,1
13,DEL,3871,1
13,DEL,3919,1
13,DEL,3935,1
13,DEL,3967,1
13,DEL,4031,1
13,DEL,4159,1
13,DEL,4191,1
13,DEL,4223,1
13,DEL,4287,1
13,DEL,4319,2
13,DEL,4383,1
13,DEL,4447,2
13,DEL,4607,2
13,DEL,4639,1
13,DEL,4671,3
13,DEL,4703,1
13,DEL,4799,1
13,DEL,4959,1
13,DEL,4991,1
13,DEL,5023,3
13,DEL,5055,1
13,DEL,5119,1
13,DEL,5151,1
13,DEL,5215,1
13,DEL,5311,1
13,DEL,5407,1
13,DEL,5567,2
13,DEL,5631,1
13,DEL,5695,2
13,DEL,5727,1
13,DEL,5919,2
13,DEL,5951,1
13,DEL,6143,1
13,DEL,6271,2
13,DEL,6399,1
13,DEL,6559,1
13,DEL,6815,1
13,DEL,6847,1
13,DEL,7263,1
13,DEL,7295,1
13,DEL,7455,1
13,DEL,7743,1
13,DEL,7967,1
13,DEL,8447,1
13,DEL,8703,1
13,DEL,14719,1
13,DEL,15935,1
13,DEL,17407,1
13,DEL,17791,1
13,DEL,18559,1
13,DEL,24575,1
13,DEL,25599,1
13,DEL,28799,1
13,DEL,31743,1
13,DEL,33791,1
13,DEL,34303,1
13,DEL,36095,1
13,DEL,42239,1
13,DEL,42751,1
13,DEL,44543,1
13,DEL,44799,1
13,DEL,45567,1
13,DEL,46079,1
13,DEL,46591,1
13,DEL,47103,1
13,DEL,47359,1
13,DEL,47615,2
13,DEL,47871,2
13,DEL,48127,1
13,DEL,48383,3
13,DEL,48895,1
13,DEL,49151,3
13,DEL,49663,2
13,DEL,49919,2
13,DEL,50175,1
13,DEL,50431,3
13,DEL,50687,3
13,DEL,50943,2
13,DEL,51199,4
13,DEL,51455,2
13,DEL,51711,1
13,DEL,51967,1
13,DEL,52479,1
13,DEL,52735,1
13,DEL,52991,3
13,DEL,53247,1
13,DEL,53503,4
13,DEL,53759,4
13,DEL,54015,1
13,DEL,54271,2
13,DEL,54527,2
13,DEL,54783,1
13,DEL,55039,2
13,DEL,55295,2
13,DEL,55551,3
13,DEL,56831,2
13,DEL,57087,1
13,DEL,57855,1
13,DEL,58111,1
13,DEL,58623,1
13,DEL,58879,1
13,DEL,59135,1
13,DEL,59391,1
13,DEL,59903,1
13,DEL,60159,1
13,DEL,62975,1
14,GET,107,2
14,GET,112,1
14,GET,118,1
14,GET,119,1
14,GET,124,1
14,GET,126,1
14,GET,129,1
14,GET,132,1
14,GET,135,1
14,GET,136,1
14,GET,137,1
14,GET,140,2
14,GET,141,1
14,GET,142,1
14,GET,146,1
14,GET,147,2
14,GET,151,3
14,GET,152,1
14,GET,159,2
14,GET,161,1
14,GET,163,1
14,GET,164,2
14,GET,165,2
14,GET,167,1
14,GET,168,1
14,GET,169,1
14,GET,170,2
14,GET,171,1
14,GET,172,2
14,GET,173,2
14,GET,174,3
14,GET,175,3
14,GET,176,3
14,GET,177,2
14,GET,178,2
14,GET,180,4
14,GET,181,2
14,GET,183,3
14,GET,184,2
14,GET,185,1
14,GET,188,2
14,GET,189,4
14,GET,190,5
14,GET,191,2
14,GET,192,7
14,GET,193,6
14,GET,194,5
14,GET,195,2
14,GET,196,6
14,GET,197,6
14,GET,198,5
14,GET,199,1
14,GET,200,4
14,GET,201,5
14,GET,202,3
14,GET,203,1
14,GET,204,6
14,GET,205,3
14,GET,206,5
14,GET,207,5
14,GET,208,3
14,GET,209,3
14,GET,210,4
14,GET,211,2
14,GET,212,4
14,GET,213,5
14,GET,214,6
14,GET,215,1
14,GET,216,4
14,GET,217,5
14,GET,218,4
14,GET,219,2
14,GET,220,4
14,GET,221,4
14,GET,222,4
14,GET,223,1
14,GET,224,2
14,GET,225,3
14,GET,226,3
14,GET,227,2
14,GET,228,2
14,GET,229,1
14,GET,230,1
14,GET,231,1
14,GET,233,2
14,GET,234,2
14,GET,235,3
14,GET,236,1
14,GET,238,1
14,GET,239,3
14,GET,240,3
14,GET,241,2
14,GET,242,1
14,GET,243,1
14,GET,244,1
14,GET,246,3
14,GET,247,1
14,GET,249,1
14,GET,250,3
14,GET,251,2
14,GET,252,2
14,GET,253,1
14,GET,254,3
14,GET,257,5
14,GET,259,3
14,GET,261,4
14,GET,263,2
14,GET,265,1
14,GET,267,1
14,GET,275,1
14,GET,277,1
14,GET,279,1
14,GET,283,1
14,GET,287,3
14,GET,289,1
14,GET,291,3
14,GET,293,1
14,GET,295,2
14,GET,299,1
14,GET,301,1
14,GET,303,2
14,GET,305,1
14,GET,307,1
14,GET,311,1
14,GET,319,1
14,GET,321,1
14,GET,323,1
14,GET,327,3
14,GET,329,2
14,GET,331,1
14,GET,333,1
14,GET,335,1
14,GET,337,2
14,GET,339,3
14,GET,343,1
14,GET,345,1
14,GET,347,2
14,GET,351,2
14,GET,355,2
14,GET,357,2
14,GET,359,2
14,GET,361,3
14,GET,363,1
14,GET,367,1
14,GET,371,1
14,GET,373,1
14,GET,375,1
14,GET,377,1
14,GET,379,1
14,GET,381,1
14,GET,385,1
14,GET,393,1
14,GET,405,2
14,GET,407,1
14,GET,409,1
14,GET,417,1
14,GET,421,1
14,GET,429,1
14,GET,433,1
14,GET,435,1
14,GET,437,2
14,GET,439,3
14,GET,441,1
14,GET,445,2
14,GET,447,1
14,GET,449,2
14,GET,453,1
14,GET,457,2
14,GET,459,2
14,GET,469,1
14,GET,471,1
14,GET,473,2
14,GET,479,2
14,GET,485,1
14,GET,493,1
14,GET,497,1
14,GET,501,2
14,GET,505,1
14,GET,509,1
14,GET,511,3
14,GET,519,4
14,GET,523,3
14,GET,527,5
14,GET,531,1
14,GET,535,1
14,GET,539,1
14,GET,543,1
14,GET,551,1
14,GET,555,2
14,GET,559,1
14,GET,563,3
14,GET,567,1
14,GET,575,2
14,GET,591,2
14,GET,595,1
14,GET,603,2
14,GET,607,4
14,GET,619,1
14,GET,623,1
14,GET,631,1
14,GET,639,1
14,GET,643,3
14,GET,663,3
14,GET,667,2
14,GET,675,2
14,GET,683,1
14,GET,687,1
14,GET,699,1
14,GET,707,1
14,GET,715,2
14,GET,719,3
14,GET,723,2
14,GET,727,1
14,GET,731,1
14,GET,739,1
14,GET,743,1
14,GET,747,1
14,GET,751,2
14,GET,759,4
14,GET,763,1
14,GET,767,3
14,GET,771,1
14,GET,775,1
14,GET,779,2
14,GET,783,1
14,GET,787,2
14,GET,791,2
14,GET,819,2
14,GET,827,1
14,GET,831,1
14,GET,839,3
14,GET,851,1
14,GET,855,3
14,GET,859,2
14,GET,863,1
14,GET,867,4
14,GET,871,1
14,GET,879,1
14,GET,887,1
14,GET,899,2
14,GET,907,1
14,GET,911,5
14,GET,915,2
14,GET,927,1
14,GET,931,2
14,GET,939,1
14,GET,943,1
14,GET,951,1
14,GET,955,1
14,GET,975,2
14,GET,979,2
14,GET,983,1
14,GET,991,2
14,GET,995,1
14,GET,1007,4
14,GET,1011,1
14,GET,1015,1
14,GET,1023,1
14,GET,1039,3
14,GET,1063,1
14,GET,1071,3
14,GET,1079,3
14,GET,1087,6
14,GET,1095,2
14,GET,1103,4
14,GET,1127,1
14,GET,1135,2
14,GET,1143,2
14,GET,1159,3
14,GET,1167,1
14,GET,1183,1
14,GET,1191,3
14,GET,1215,2
14,GET,1223,2
14,GET,1231,1
14,GET,1247,1
14,GET,1255,1
14,GET,1263,1
14,GET,1271,1
14,GET,1279,2
14,GET,1287,2
14,GET,1327,2
14,GET,1335,2
14,GET,1343,2
14,GET,1351,2
14,GET,1367,1
14,GET,1383,1
14,GET,1391,2
14,GET,1423,1
14,GET,1431,2
14,GET,1439,2
14,GET,1447,1
14,GET,1455,1
14,GET,1463,1
14,GET,1471,1
14,GET,1479,3
14,GET,1503,2
14,GET,1511,1
14,GET,1519,3
14,GET,1527,1
14,GET,1543,3
14,GET,1551,2
14,GET,1567,5
14,GET,1575,1
14,GET,1583,2
14,GET,1591,1
14,GET,1599,1
14,GET,1623,2
14,GET,1631,1
14,GET,1639,1
14,GET,1647,2
14,GET,1655,1
14,GET,1663,1
14,GET,1679,2
14,GET,1687,1
14,GET,1711,3
14,GET,1727,1
14,GET,1735,3
14,GET,1743,2
14,GET,1751,2
14,GET,1759,1
14,GET,1767,2
14,GET,1775,1
14,GET,1783,1
14,GET,1791,1
14,GET,1799,1
14,GET,1807,2
14,GET,1815,1
14,GET,1823,1
14,GET,1831,2
14,GET,1839,1
14,GET,1855,1
14,GET,1863,2
14,GET,1871,3
14,GET,1895,1
14,GET,1919,2
14,GET,1951,1
14,GET,1959,1
14,GET,1967,1
14,GET,1975,4
14,GET,1983,1
14,GET,1991,1
14,GET,1999,2
14,GET,2007,1
14,GET,2023,1
14,GET,2039,1
14,GET,2047,1
14,GET,2063,4
14,GET,2079,1
14,GET,2095,2
14,GET,2111,4
14,GET,2127,3
14,GET,2143,1
14,GET,2159,1
14,GET,2175,2
14,GET,2191,5
14,GET,2207,1
14,GET,2223,2
14,GET,2239,5
14,GET,2255,3
14,GET,2271,4
14,GET,2287,2
14,GET,2303,1
14,GET,2335,3
14,GET,2351,2
14,GET,2367,2
14,GET,2383,4
14,GET,2399,4
14,GET,2415,3
14,GET,2431,6
14,GET,2447,3
14,GET,2463,3
14,GET,2479,2
14,GET,2511,2
14,GET,2527,4
14,GET,2543,2
14,GET,2559,1
14,GET,2575,6
14,GET,2591,4
14,GET,2607,2
14,GET,2623,4
14,GET,2639,6
14,GET,2655,4
14,GET,2671,3
14,GET,2687,4
14,GET,2703,3
14,GET,2719,4
14,GET,2735,4
14,GET,2751,2
14,GET,2767,6
14,GET,2783,5
14,GET,2799,2
14,GET,2815,3
14,GET,2831,1
14,GET,2863,1
14,GET,2879,7
14,GET,2895,4
14,GET,2911,3
14,GET,2927,2
14,GET,2943,3
14,GET,2959,5
14,GET,2975,4
14,GET,2991,6
14,GET,3023,5
14,GET,3039,1
14,GET,3055,2
14,GET,3071,7
14,GET,3087,2
14,GET,3103,1
14,GET,3119,6
14,GET,3135,3
14,GET,3151,6
14,GET,3167,3
14,GET,3183,3
14,GET,3199,3
14,GET,3215,2
14,GET,3231,2
14,GET,3247,2
14,GET,3263,6
14,GET,3279,4
14,GET,3311,3
14,GET,3327,8
14,GET,3343,4
14,GET,3359,1
14,GET,3375,2
14,GET,3391,3
14,GET,3407,6
14,GET,3423,4
14,GET,3439,2
14,GET,3455,5
14,GET,3471,2
14,GET,3487,2
14,GET,3519,2
14,GET,3535,1
14,GET,3551,2
14,GET,3567,3
14,GET,3583,2
14,GET,3599,5
14,GET,3615,1
14,GET,3631,3
14,GET,3647,3
14,GET,3663,1
14,GET,3679,1
14,GET,3695,2
14,GET,3711,1
14,GET,3727,1
14,GET,3743,4
14,GET,3759,4
14,GET,3775,1
14,GET,3807,2
14,GET,3823,1
14,GET,3839,4
14,GET,3855,3
14,GET,3871,1
14,GET,3887,1
14,GET,3903,2
14,GET,3919,1
14,GET,3935,2
14,GET,3951,1
14,GET,3983,5
14,GET,3999,1
14,GET,4015,4
14,GET,4047,3
14,GET,4063,2
14,GET,4079,3
14,GET,4095,2
14,GET,4127,3
14,GET,4159,2
14,GET,4191,1
14,GET,4223,4
14,GET,4255,1
14,GET,4287,2
14,GET,4319,1
14,GET,4351,4
14,GET,4383,2
14,GET,4415,3
14,GET,4479,2
14,GET,4511,4
14,GET,4543,1
14,GET,4575,2
14,GET,4607,3
14,GET,4639,1
14,GET,4671,1
14,GET,4703,1
14,GET,4735,1
14,GET,4767,2
14,GET,4799,1
14,GET,4831,1
14,GET,4895,1
14,GET,4927,1
14,GET,4959,1
14,GET,4991,3
14,GET,5087,1
14,GET,5151,2
14,GET,5215,2
14,GET,5279,2
14,GET,5343,3
14,GET,5407,2
14,GET,5471,2
14,GET,5535,1
14,GET,5599,1
14,GET,5631,1
14,GET,5759,1
14,GET,5855,2
14,GET,6303,2
14,GET,6399,1
14,GET,6559,1
14,GET,6623,1
14,GET,6655,1
14,GET,7807,1
14,DEL,98,1
14,DEL,115,2
14,DEL,119,1
14,DEL,123,1
14,DEL,126,1
14,DEL,133,1
14,DEL,140,2
14,DEL,144,1
14,DEL,151,1
14,DEL,161,1
14,DEL,162,1
14,DEL,167,2
14,DEL,172,2
14,DEL,173,2
14,DEL,174,1
14,DEL,177,1
14,DEL,179,1
14,DEL,180,3
14,DEL,184,1
14,DEL,187,3
14,DEL,188,1
14,DEL,190,1
14,DEL,191,1
14,DEL,192,2
14,DEL,194,1
14,DEL,195,2
14,DEL,196,2
14,DEL,197,2
14,DEL,198,1
14,DEL,199,1
14,DEL,200,2
14,DEL,203,2
14,DEL,204,2
14,DEL,205,2
14,DEL,207,1
14,DEL,208,1
14,DEL,209,1
14,DEL,212,1
14,DEL,214,3
14,DEL,215,5
14,DEL,216,3
14,DEL,218,1
14,DEL,221,1
14,DEL,222,2
14,DEL,225,4
14,DEL,226,1
14,DEL,227,1
14,DEL,228,1
14,DEL,229,1
14,DEL,230,1
14,DEL,234,1
14,DEL,235,1
14,DEL,239,2
14,DEL,242,1
14,DEL,244,1
14,DEL,246,2
14,DEL,250,1
14,DEL,252,1
14,DEL,254,1
14,DEL,257,1
14,DEL,259,1
14,DEL,261,1
14,DEL,265,2
14,DEL,267,1
14,DEL,271,2
14,DEL,273,2
14,DEL,277,1
14,DEL,283,1
14,DEL,285,1
14,DEL,309,2
14,DEL,311,2
14,DEL,315,1
14,DEL,317,1
14,DEL,319,1
14,DEL,323,1
14,DEL,335,1
14,DEL,347,1
14,DEL,359,1
14,DEL,367,1
14,DEL,373,1
14,DEL,375,2
14,DEL,397,1
14,DEL,403,1
14,DEL,407,1
14,DEL,411,2
14,DEL,435,1
14,DEL,459,1
14,DEL,467,1
14,DEL,471,1
14,DEL,477,1
14,DEL,483,1
14,DEL,515,4
14,DEL,531,1
14,DEL,543,1
14,DEL,555,2
14,DEL,571,1
14,DEL,579,1
14,DEL,583,1
14,DEL,587,1
14,DEL,591,1
14,DEL,595,2
14,DEL,623,1
14,DEL,627,1
14,DEL,635,2
14,DEL,643,1
14,DEL,655,2
14,DEL,663,1
14,DEL,667,1
14,DEL,675,1
14,DEL,683,1
14,DEL,691,1
14,DEL,695,1
14,DEL,699,2
14,DEL,703,1
14,DEL,707,1
14,DEL,727,1
14,DEL,731,1
14,DEL,751,1
14,DEL,755,3
14,DEL,759,1
14,DEL,783,2
14,DEL,791,1
14,DEL,799,1
14,DEL,803,1
14,DEL,871,1
14,DEL,875,1
14,DEL,895,1
14,DEL,927,1
14,DEL,951,1
14,DEL,963,2
14,DEL,975,1
14,DEL,999,1
14,DEL,1031,1
14,DEL,1039,1
14,DEL,1071,1
14,DEL,1103,2
14,DEL,1127,2
14,DEL,1167,1
14,DEL,1207,1
14,DEL,1215,1
14,DEL,1247,1
14,DEL,1271,1
14,DEL,1279,1
14,DEL,1375,2
14,DEL,1479,1
14,DEL,1503,1
14,DEL,1583,1
14,DEL,1655,1
14,DEL,1671,1
14,DEL,1687,1
14,DEL,1807,1
14,DEL,1815,2
14,DEL,1839,1
14,DEL,1983,2
14,DEL,2111,1
14,DEL,2159,1
14,DEL,2207,1
14,DEL,2271,1
14,DEL,2303,1
14,DEL,2399,1
14,DEL,2495,2
14,DEL,2527,1
14,DEL,2655,1
14,DEL,2687,3
14,DEL,2767,1
14,DEL,2783,1
14,DEL,2863,1
14,DEL,2879,1
14,DEL,3039,1
14,DEL,3071,1
14,DEL,3087,1
14,DEL,3119,1
14,DEL,3151,1
14,DEL,3263,1
14,DEL,3343,1
14,DEL,3375,2
14,DEL,3407,1
14,DEL,3423,1
14,DEL,3455,1
14,DEL,3487,1
14,DEL,3503,1
14,DEL,3583,1
14,DEL,3615,1
14,DEL,3647,2
14,DEL,3695,1
14,DEL,3711,1
14,DEL,3775,1
14,DEL,3807,2
14,DEL,3887,1
14,DEL,3983,1
14,DEL,4063,1
14,DEL,4095,1
14,DEL,4127,1
14,DEL,4255,1
14,DEL,4383,1
14,DEL,4447,1
14,DEL,4511,1
14,DEL,4543,1
14,DEL,4575,1
14,DEL,4703,1
14,DEL,4735,2
14,DEL,4767,1
14,DEL,4927,2
14,DEL,4959,1
14,DEL,4991,3
14,DEL,5151,1
14,DEL,5183,1
14,DEL,5215,1
14,DEL,5247,1
14,DEL,5279,1
14,DEL,5375,1
14,DEL,5663,1
14,DEL,5727,2
14,DEL,5919,1
14,DEL,6047,1
14,DEL,6111,1
14,DEL,6207,1
14,DEL,6271,1
14,DEL,6367,1
14,DEL,6463,1
14,DEL,6687,1
14,DEL,6975,2
14,DEL,7039,1
14,DEL,7135,1
14,DEL,7679,1
14,DEL,7871,1
14,DEL,8255,1
14,DEL,9087,2
14,DEL,9343,1
14,DEL,19199,1
14,DEL,23167,1
14,DEL,33023,1
14,DEL,33535,2
14,DEL,39423,1
14,DEL,40703,1
14,DEL,44287,1
14,DEL,45567,1
14,DEL,45823,1
14,DEL,46847,3
14,DEL,47615,1
14,DEL,48127,2
14,DEL,48895,1
14,DEL,49151,4
14,DEL,49407,1
14,DEL,49663,6
14,DEL,49919,3
14,DEL,50175,2
14,DEL,50431,5
14,DEL,50687,2
14,DEL,50943,2
14,DEL,51199,5
14,DEL,51455,1
14,DEL,51711,4
14,DEL,51967,1
14,DEL,52223,5
14,DEL,52479,2
14,DEL,52735,1
14,DEL,52991,1
14,DEL,53247,1
14,DEL,53503,4
14,DEL,53759,1
14,DEL,54015,1
14,DEL,54271,1
14,DEL,54527,1
14,DEL,54783,3
14,DEL,55039,2
14,DEL,55807,2
14,DEL,56063,2
14,DEL,56319,1
14,DEL,56575,1
14,DEL,56831,1
14,DEL,57087,1
14,DEL,57599,1
14,DEL,58111,1
14,DEL,58623,3
14,DEL,60415,1
14,DEL,60671,1
14,SET,129,1
14,SET,176,2
14,SET,179,1
14,SET,190,1
14,SET,198,1
14,SET,205,1
14,SET,208,1
14,SET,211,1
14,SET,212,1
14,SET,213,1
14,SET,222,1
14,SET,223,1
14,SET,224,1
14,SET,230,2
14,SET,238,1
14,SET,244,1
14,SET,251,1
14,SET,259,1
14,SET,263,1
14,SET,271,1
14,SET,283,1
14,SET,285,1
14,SET,299,1
14,SET,325,1
14,SET,345,1
14,SET,371,1
14,SET,395,1
14,SET,399,1
14,SET,417,1
14,SET,477,1
14,SET,575,1
14,SET,587,1
14,SET,795,1
14,SET,967,1
14,SET,1039,1
14,SET,1111,2
14,SET,1191,1
14,SET,1279,1
14,SET,1295,1
14,SET,1343,1
14,SET,1399,1
14,SET,1455,1
14,SET,1527,1
14,SET,1575,1
14,SET,1631,1
14,SET,2463,1
14,SET,2527,1
14,SET,2607,1
14,SET,2655,1
14,SET,2687,2
14,SET,2767,1
14,SET,3023,1
14,SET,3055,1
14,SET,3135,1
14,SET,3151,2
14,SET,3199,1
14,SET,3279,1
14,SET,3519,1
14,SET,3663,1
14,SET,3759,2
14,SET,3967,2
14,SET,4127,1
14,SET,4191,1
14,SET,4255,1
14,SET,4479,1
14,SET,4639,1
14,SET,4895,2
14,SET,5759,1
14,SET,5855,1
15,SET,127,1
15,SET,158,1
15,SET,165,1
15,SET,166,1
15,SET,183,1
15,SET,184,1
15,SET,186,2
15,SET,191,2
15,SET,193,1
15,SET,195,2
15,SET,206,1
15,SET,210,1
15,SET,218,1
15,SET,228,1
15,SET,229,1
15,SET,231,2
15,SET,233,1
15,SET,234,2
15,SET,235,1
15,SET,244,1
15,SET,257,2
15,SET,263,1
15,SET,281,1
15,SET,297,1
15,SET,303,1
15,SET,309,1
15,SET,325,1
15,SET,385,1
15,SET,403,1
15,SET,495,1
15,SET,531,1
15,SET,595,1
15,SET,627,1
15,SET,747,1
15,SET,755,1
15,SET,767,1
15,SET,819,1
15,SET,891,1
15,SET,923,1
15,SET,1003,1
15,SET,1119,1
15,SET,1287,1
15,SET,1567,1
15,SET,1591,1
15,SET,1751,1
15,SET,1783,1
15,SET,1935,1
15,SET,2079,1
15,SET,2143,1
15,SET,2191,1
15,SET,2255,1
15,SET,2287,1
15,SET,2319,1
15,SET,2399,1
15,SET,2415,1
15,SET,2447,2
15,SET,2543,1
15,SET,2591,1
15,SET,2655,1
15,SET,2671,1
15,SET,2703,1
15,SET,2751,2
15,SET,2767,1
15,SET,2831,1
15,SET,2847,1
15,SET,2863,2
15,SET,3007,2
15,SET,3039,1
15,SET,3055,1
15,SET,3215,2
15,SET,3247,1
15,SET,3311,1
15,SET,3407,2
15,SET,3487,2
15,SET,3647,1
15,SET,3743,1
15,SET,4063,1
15,SET,4095,1
15,SET,4287,2
15,SET,4351,1
15,SET,4991,1
15,SET,5183,1
15,DEL,113,1
15,DEL,118,1
15,DEL,126,1
15,DEL,128,1
15,DEL,149,1
15,DEL,154,1
15,DEL,156,1
15,DEL,161,2
15,DEL,165,3
15,DEL,167,1
15,DEL,168,2
15,DEL,172,1
15,DEL,173,1
15,DEL,174,1
15,DEL,177,1
15,DEL,178,1
15,DEL,179,1
15,DEL,180,3
15,DEL,182,2
15,DEL,185,2
15,DEL,186,1
15,DEL,187,1
15,DEL,188,1
15,DEL,189,1
15,DEL,192,4
15,DEL,193,2
15,DEL,194,1
15,DEL,195,3
15,DEL,196,3
15,DEL,197,2
15,DEL,199,3
15,DEL,200,2
15,DEL,201,1
15,DEL,202,3
15,DEL,203,1
15,DEL,204,2
15,DEL,205,1
15,DEL,206,1
15,DEL,207,1
15,DEL,208,1
15,DEL,209,3
15,DEL,210,2
15,DEL,212,1
15,DEL,213,2
15,DEL,214,1
15,DEL,215,2
15,DEL,218,2
15,DEL,220,4
15,DEL,222,1
15,DEL,223,2
15,DEL,224,2
15,DEL,226,1
15,DEL,227,1
15,DEL,230,1
15,DEL,231,2
15,DEL,232,1
15,DEL,234,1
15,DEL,236,2
15,DEL,237,1
15,DEL,241,2
15,DEL,242,2
15,DEL,243,3
15,DEL,244,1
15,DEL,246,1
15,DEL,247,1
15,DEL,257,1
15,DEL,259,1
15,DEL,261,1
15,DEL,265,2
15,DEL,267,2
15,DEL,271,1
15,DEL,275,1
15,DEL,277,2
15,DEL,283,1
15,DEL,287,3
15,DEL,291,1
15,DEL,293,1
15,DEL,295,1
15,DEL,299,1
15,DEL,301,1
15,DEL,313,1
15,DEL,317,2
15,DEL,325,2
15,DEL,333,1
15,DEL,337,1
15,DEL,339,1
15,DEL,359,1
15,DEL,367,1
15,DEL,371,1
15,DEL,375,1
15,DEL,377,1
15,DEL,391,2
15,DEL,415,2
15,DEL,429,1
15,DEL,439,1
15,DEL,449,1
15,DEL,467,1
15,DEL,469,3
15,DEL,485,1
15,DEL,487,1
15,DEL,493,1
15,DEL,511,1
15,DEL,519,1
15,DEL,527,1
15,DEL,539,1
15,DEL,575,2
15,DEL,591,1
15,DEL,595,1
15,DEL,599,1
15,DEL,607,1
15,DEL,611,1
15,DEL,615,3
15,DEL,623,2
15,DEL,635,2
15,DEL,647,1
15,DEL,655,1
15,DEL,659,1
15,DEL,667,1
15,DEL,679,1
15,DEL,683,1
15,DEL,687,1
15,DEL,711,1
15,DEL,719,1
15,DEL,723,1
15,DEL,731,1
15,DEL,743,3
15,DEL,747,2
15,DEL,751,1
15,DEL,779,1
15,DEL,783,1
15,DEL,787,1
15,DEL,815,2
15,DEL,831,1
15,DEL,847,1
15,DEL,851,1
15,DEL,867,1
15,DEL,883,1
15,DEL,895,1
15,DEL,935,1
15,DEL,955,1
15,DEL,975,1
15,DEL,991,1
15,DEL,1003,1
15,DEL,1111,1
15,DEL,1143,1
15,DEL,1151,1
15,DEL,1191,1
15,DEL,1199,1
15,DEL,1215,1
15,DEL,1255,1
15,DEL,1263,1
15,DEL,1295,1
15,DEL,1439,1
15,DEL,1463,1
15,DEL,1487,1
15,DEL,1631,1
15,DEL,1711,1
15,DEL,1743,2
15,DEL,1759,2
15,DEL,1767,1
15,DEL,1783,1
15,DEL,1863,2
15,DEL,1903,1
15,DEL,1927,1
15,DEL,1935,1
15,DEL,1991,1
15,DEL,2111,2
15,DEL,2191,1
15,DEL,2223,1
15,DEL,2255,1
15,DEL,2495,1
15,DEL,2591,1
15,DEL,2623,2
15,DEL,2639,3
15,DEL,2719,1
15,DEL,2735,1
15,DEL,2767,1
15,DEL,2783,1
15,DEL,2815,1
15,DEL,2831,1
15,DEL,2879,1
15,DEL,2895,1
15,DEL,2991,1
15,DEL,3007,2
15,DEL,3023,1
15,DEL,3071,1
15,DEL,3119,2
15,DEL,3135,1
15,DEL,3167,2
15,DEL,3183,1
15,DEL,3215,1
15,DEL,3279,1
15,DEL,3295,1
15,DEL,3327,1
15,DEL,3343,1
15,DEL,3423,1
15,DEL,3439,1
15,DEL,3455,1
15,DEL,3535,2
15,DEL,3615,1
15,DEL,3759,1
15,DEL,3807,1
15,DEL,3855,1
15,DEL,4063,1
15,DEL,4095,1
15,DEL,4127,1
15,DEL,4223,1
15,DEL,4255,1
15,DEL,4287,3
15,DEL,4447,1
15,DEL,4575,1
15,DEL,4671,1
15,DEL,4735,1
15,DEL,4831,1
15,DEL,4863,2
15,DEL,4895,1
15,DEL,4991,1
15,DEL,5087,1
15,DEL,5215,1
15,DEL,5247,1
15,DEL,5279,2
15,DEL,5407,1
15,DEL,5439,1
15,DEL,5471,2
15,DEL,5535,1
15,DEL,5567,2
15,DEL,5759,1
15,DEL,5791,2
15,DEL,5855,1
15,DEL,5951,1
15,DEL,6047,2
15,DEL,6143,2
15,DEL,6207,2
15,DEL,6271,1
15,DEL,6335,1
15,DEL,6431,1
15,DEL,6495,2
15,DEL,6655,2
15,DEL,6879,1
15,DEL,6911,1
15,DEL,7039,1
15,DEL,7487,1
15,DEL,8255,1
15,DEL,8383,1
15,DEL,8831,1
15,DEL,19199,1
15,DEL,19711,1
15,DEL,28671,1
15,DEL,30847,1
15,DEL,32511,1
15,DEL,39679,1
15,DEL,41215,1
15,DEL,42239,1
15,DEL,45823,3
15,DEL,46335,1
15,DEL,46591,1
15,DEL,47103,1
15,DEL,47615,2
15,DEL,47871,4
15,DEL,48383,1
15,DEL,48639,1
15,DEL,49151,4
15,DEL,49407,5
15,DEL,49663,2
15,DEL,50175,2
15,DEL,50431,1
15,DEL,50687,2
15,DEL,50943,1
15,DEL,51199,1
15,DEL,51455,4
15,DEL,51711,2
15,DEL,52479,1
15,DEL,52991,3
15,DEL,53247,2
15,DEL,53503,2
15,DEL,53759,3
15,DEL,54015,3
15,DEL,54271,3
15,DEL,54527,4
15,DEL,54783,3
15,DEL,55039,1
15,DEL,55295,1
15,DEL,55807,3
15,DEL,56319,1
15,DEL,56575,2
15,DEL,56831,1
15,DEL,57343,4
15,DEL,57599,2
15,DEL,57855,1
15,DEL,58367,1
15,DEL,58623,1
15,DEL,59391,1
15,DEL,59647,1
15,DEL,62719,1
15,GET,100,1
15,GET,115,1
15,GET,128,1
15,GET,129,2
15,GET,132,1
15,GET,133,1
15,GET,134,1
15,GET,135,1
15,GET,136,1
15,GET,140,1
15,GET,147,1
15,GET,150,1
15,GET,152,1
15,GET,153,1
15,GET,154,2
15,GET,156,2
15,GET,157,1
15,GET,162,2
15,GET,163,2
15,GET,164,1
15,GET,165,2
15,GET,166,2
15,GET,168,1
15,GET,169,1
15,GET,171,2
15,GET,172,1
15,GET,174,1
15,GET,175,2
15,GET,177,2
15,GET,178,3
15,GET,179,2
15,GET,180,2
15,GET,181,4
15,GET,182,3
15,GET,183,6
15,GET,184,1
15,GET,185,2
15,GET,186,5
15,GET,187,3
15,GET,188,3
15,GET,189,5
15,GET,190,5
15,GET,191,4
15,GET,192,2
15,GET,193,2
15,GET,194,4
15,GET,195,2
15,GET,196,2
15,GET,197,2
15,GET,198,2
15,GET,199,3
15,GET,200,6
15,GET,201,2
15,GET,202,6
15,GET,203,4
15,GET,204,1
15,GET,205,1
15,GET,206,4
15,GET,207,6
15,GET,208,2
15,GET,209,3
15,GET,210,2
15,GET,211,2
15,GET,212,3
15,GET,213,5
15,GET,214,3
15,GET,215,2
15,GET,216,2
15,GET,217,3
15,GET,218,3
15,GET,219,4
15,GET,220,4
15,GET,221,3
15,GET,222,1
15,GET,223,2
15,GET,224,5
15,GET,225,3
15,GET,227,2
15,GET,228,2
15,GET,229,1
15,GET,230,3
15,GET,231,2
15,GET,232,3
15,GET,233,2
15,GET,234,4
15,GET,235,5
15,GET,236,3
15,GET,237,2
15,GET,238,2
15,GET,239,3
15,GET,240,1
15,GET,241,2
15,GET,242,2
15,GET,243,2
15,GET,244,1
15,GET,245,4
15,GET,246,4
15,GET,247,2
15,GET,249,2
15,GET,250,2
15,GET,251,3
15,GET,252,1
15,GET,254,3
15,GET,255,2
15,GET,257,2
15,GET,259,1
15,GET,261,3
15,GET,265,2
15,GET,269,3
15,GET,271,5
15,GET,273,1
15,GET,275,1
15,GET,279,1
15,GET,287,4
15,GET,289,3
15,GET,291,1
15,GET,293,2
15,GET,297,4
15,GET,299,3
15,GET,301,1
15,GET,303,2
15,GET,305,1
15,GET,307,3
15,GET,309,1
15,GET,311,1
15,GET,313,1
15,GET,315,6
15,GET,317,2
15,GET,319,1
15,GET,323,2
15,GET,327,2
15,GET,335,2
15,GET,337,1
15,GET,339,2
15,GET,341,3
15,GET,345,2
15,GET,347,1
15,GET,349,1
15,GET,351,2
15,GET,353,1
15,GET,357,1
15,GET,363,4
15,GET,367,1
15,GET,369,1
15,GET,371,1
15,GET,373,1
15,GET,381,1
15,GET,383,1
15,GET,385,1
15,GET,387,1
15,GET,395,2
15,GET,397,1
15,GET,399,1
15,GET,409,1
15,GET,411,1
15,GET,413,1
15,GET,415,1
15,GET,417,1
15,GET,419,2
15,GET,421,1
15,GET,423,2
15,GET,433,1
15,GET,435,2
15,GET,443,1
15,GET,445,1
15,GET,451,1
15,GET,455,1
15,GET,467,1
15,GET,471,1
15,GET,475,1
15,GET,477,1
15,GET,479,1
15,GET,485,1
15,GET,489,2
15,GET,499,1
15,GET,503,1
15,GET,505,2
15,GET,507,1
15,GET,511,1
15,GET,515,1
15,GET,519,1
15,GET,523,1
15,GET,531,3
15,GET,539,2
15,GET,543,1
15,GET,547,2
15,GET,559,1
15,GET,567,2
15,GET,575,1
15,GET,587,3
15,GET,595,2
15,GET,599,4
15,GET,607,1
15,GET,619,2
15,GET,623,1
15,GET,627,1
15,GET,631,3
15,GET,643,2
15,GET,647,2
15,GET,651,3
15,GET,659,3
15,GET,663,2
15,GET,671,1
15,GET,679,1
15,GET,683,1
15,GET,687,1
15,GET,703,1
15,GET,707,3
15,GET,715,2
15,GET,723,1
15,GET,727,1
15,GET,731,2
15,GET,735,1
15,GET,739,1
15,GET,743,2
15,GET,751,2
15,GET,759,1
15,GET,763,4
15,GET,771,3
15,GET,775,1
15,GET,787,2
15,GET,799,5
15,GET,803,3
15,GET,807,1
15,GET,811,1
15,GET,823,2
15,GET,827,2
15,GET,839,1
15,GET,851,1
15,GET,855,1
15,GET,863,1
15,GET,867,1
15,GET,871,1
15,GET,875,1
15,GET,879,1
15,GET,883,4
15,GET,887,1
15,GET,903,1
15,GET,911,1
15,GET,915,2
15,GET,919,1
15,GET,951,1
15,GET,959,2
15,GET,967,1
15,GET,971,2
15,GET,975,1
15,GET,995,1
15,GET,999,1
15,GET,1003,1
15,GET,1015,1
15,GET,1031,1
15,GET,1047,3
15,GET,1055,1
15,GET,1063,2
15,GET,1087,2
15,GET,1103,1
15,GET,1111,1
15,GET,1127,1
15,GET,1143,1
15,GET,1151,1
15,GET,1159,3
15,GET,1167,3
15,GET,1175,2
15,GET,1183,1
15,GET,1199,3
15,GET,1215,2
15,GET,1223,1
15,GET,1231,1
15,GET,1239,1
15,GET,1247,1
15,GET,1279,1
15,GET,1295,3
15,GET,1303,1
15,GET,1311,4
15,GET,1319,1
15,GET,1327,3
15,GET,1335,1
15,GET,1343,2
15,GET,1359,1
15,GET,1367,1
15,GET,1375,2
15,GET,1383,1
15,GET,1407,1
15,GET,1415,2
15,GET,1423,3
15,GET,1431,1
15,GET,1455,2
15,GET,1463,1
15,GET,1471,1
15,GET,1487,1
15,GET,1495,1
15,GET,1503,2
15,GET,1519,1
15,GET,1527,1
15,GET,1551,2
15,GET,1559,2
15,GET,1567,3
15,GET,1575,2
15,GET,1583,1
15,GET,1591,1
15,GET,1599,2
15,GET,1615,1
15,GET,1623,1
15,GET,1631,3
15,GET,1639,2
15,GET,1647,1
15,GET,1655,1
15,GET,1663,1
15,GET,1671,2
15,GET,1687,1
15,GET,1695,1
15,GET,1703,2
15,GET,1719,2
15,GET,1727,2
15,GET,1751,3
15,GET,1767,1
15,GET,1783,2
15,GET,1791,1
15,GET,1799,1
15,GET,1815,1
15,GET,1823,1
15,GET,1831,2
15,GET,1847,1
15,GET,1855,1
15,GET,1863,2
15,GET,1879,2
15,GET,1919,2
15,GET,1927,1
15,GET,1943,1
15,GET,1951,3
15,GET,1959,1
15,GET,1967,2
15,GET,1975,1
15,GET,1991,1
15,GET,1999,1
15,GET,2007,1
15,GET,2015,1
15,GET,2023,3
15,GET,2063,3
15,GET,2079,3
15,GET,2095,4
15,GET,2111,2
15,GET,2127,3
15,GET,2143,1
15,GET,2159,4
15,GET,2191,3
15,GET,2207,3
15,GET,2223,3
15,GET,2239,7
15,GET,2255,1
15,GET,2271,1
15,GET,2287,1
15,GET,2319,3
15,GET,2335,4
15,GET,2351,2
15,GET,2383,2
15,GET,2399,5
15,GET,2415,5
15,GET,2431,1
15,GET,2447,1
15,GET,2463,4
15,GET,2479,5
15,GET,2495,2
15,GET,2511,3
15,GET,2527,4
15,GET,2543,4
15,GET,2559,1
15,GET,2575,5
15,GET,2591,5
15,GET,2607,5
15,GET,2623,1
15,GET,2639,4
15,GET,2655,5
15,GET,2671,1
15,GET,2687,2
15,GET,2703,2
15,GET,2719,2
15,GET,2751,1
15,GET,2767,4
15,GET,2783,4
15,GET,2799,3
15,GET,2815,1
15,GET,2831,2
15,GET,2847,1
15,GET,2863,6
15,GET,2879,4
15,GET,2895,3
15,GET,2911,4
15,GET,2927,6
15,GET,2943,3
15,GET,2959,4
15,GET,2975,2
15,GET,2991,1
15,GET,3023,2
15,GET,3039,2
15,GET,3055,3
15,GET,3071,4
15,GET,3087,2
15,GET,3103,3
15,GET,3119,2
15,GET,3135,4
15,GET,3151,1
15,GET,3183,10
15,GET,3199,5
15,GET,3215,1
15,GET,3231,2
15,GET,3247,7
15,GET,3263,4
15,GET,3279,1
15,GET,3295,3
15,GET,3311,2
15,GET,3327,8
15,GET,3343,1
15,GET,3359,1
15,GET,3375,1
15,GET,3391,3
15,GET,3407,4
15,GET,3423,4
15,GET,3439,2
15,GET,3455,4
15,GET,3471,6
15,GET,3487,3
15,GET,3503,3
15,GET,3519,1
15,GET,3535,3
15,GET,3551,3
15,GET,3567,2
15,GET,3583,3
15,GET,3599,5
15,GET,3615,1
15,GET,3631,2
15,GET,3647,2
15,GET,3663,3
15,GET,3679,4
15,GET,3695,2
15,GET,3711,1
15,GET,3743,4
15,GET,3759,4
15,GET,3775,7
15,GET,3791,2
15,GET,3807,1
15,GET,3823,2
15,GET,3839,1
15,GET,3855,3
15,GET,3887,1
15,GET,3903,1
15,GET,3919,1
15,GET,3935,4
15,GET,3951,1
15,GET,3967,4
15,GET,3983,2
15,GET,3999,4
15,GET,4031,2
15,GET,4079,2
15,GET,4095,1
15,GET,4127,1
15,GET,4159,3
15,GET,4191,3
15,GET,4223,3
15,GET,4287,2
15,GET,4319,4
15,GET,4351,3
15,GET,4415,2
15,GET,4447,2
15,GET,4479,1
15,GET,4543,1
15,GET,4575,1
15,GET,4671,4
15,GET,4703,1
15,GET,4735,1
15,GET,4767,5
15,GET,4799,2
15,GET,4831,2
15,GET,4863,2
15,GET,4895,2
15,GET,4927,1
15,GET,4991,1
15,GET,5023,2
15,GET,5055,2
15,GET,5087,1
15,GET,5151,1
15,GET,5183,1
15,GET,5215,3
15,GET,5279,1
15,GET,5311,1
15,GET,5503,1
15,GET,5695,1
15,GET,5983,1
15,GET,6015,1
15,GET,6079,1
15,GET,6175,2
15,GET,6207,1
15,GET,6335,2
15,GET,6655,1
15,GET,6751,1
15,GET,6879,1
16,DEL,131,1
16,DEL,133,1
16,DEL,135,1
16,DEL,137,2
16,DEL,139,1
16,DEL,152,1
16,DEL,155,1
16,DEL,157,1
16,DEL,158,1
16,DEL,161,1
16,DEL,163,1
16,DEL,164,2
16,DEL,169,2
16,DEL,171,1
16,DEL,172,1
16,DEL,173,1
16,DEL,175,2
16,DEL,176,2
16,DEL,177,2
16,DEL,181,1
16,DEL,182,2
16,DEL,185,1
16,DEL,188,2
16,DEL,191,1
16,DEL,192,1
16,DEL,194,1
16,DEL,195,1
16,DEL,196,1
16,DEL,198,2
16,DEL,199,2
16,DEL,201,1
16,DEL,202,1
16,DEL,203,1
16,DEL,204,3
16,DEL,205,1
16,DEL,206,1
16,DEL,207,1
16,DEL,209,1
16,DEL,210,1
16,DEL,213,1
16,DEL,215,2
16,DEL,217,1
16,DEL,218,1
16,DEL,223,1
16,DEL,224,1
16,DEL,227,1
16,DEL,229,3
16,DEL,231,3
16,DEL,233,2
16,DEL,234,1
16,DEL,236,2
16,DEL,237,2
16,DEL,241,1
16,DEL,242,2
16,DEL,244,1
16,DEL,245,2
16,DEL,247,1
16,DEL,248,3
16,DEL,249,1
16,DEL,252,3
16,DEL,255,2
16,DEL,257,1
16,DEL,259,1
16,DEL,261,1
16,DEL,263,2
16,DEL,265,2
16,DEL,267,1
16,DEL,269,1
16,DEL,275,1
16,DEL,283,1
16,DEL,287,1
16,DEL,289,1
16,DEL,293,1
16,DEL,295,2
16,DEL,303,1
16,DEL,305,1
16,DEL,307,2
16,DEL,309,1
16,DEL,311,2
16,DEL,315,2
16,DEL,319,1
16,DEL,323,1
16,DEL,329,1
16,DEL,351,1
16,DEL,361,1
16,DEL,363,1
16,DEL,367,2
16,DEL,377,2
16,DEL,393,1
16,DEL,395,1
16,DEL,405,2
16,DEL,409,1
16,DEL,419,1
16,DEL,425,1
16,DEL,427,1
16,DEL,431,1
16,DEL,433,1
16,DEL,435,1
16,DEL,437,1
16,DEL,443,2
16,DEL,449,1
16,DEL,465,1
16,DEL,523,1
16,DEL,531,1
16,DEL,547,1
16,DEL,587,4
16,DEL,591,1
16,DEL,595,1
16,DEL,599,1
16,DEL,607,1
16,DEL,615,1
16,DEL,619,1
16,DEL,639,1
16,DEL,643,1
16,DEL,651,1
16,DEL,659,1
16,DEL,671,1
16,DEL,703,1
16,DEL,707,2
16,DEL,723,1
16,DEL,727,1
16,DEL,755,1
16,DEL,771,1
16,DEL,791,1
16,DEL,811,1
16,DEL,839,1
16,DEL,843,1
16,DEL,871,1
16,DEL,875,2
16,DEL,907,1
16,DEL,939,1
16,DEL,943,1
16,DEL,947,1
16,DEL,963,1
16,DEL,971,1
16,DEL,975,1
16,DEL,979,2
16,DEL,987,1
16,DEL,991,1
16,DEL,1007,1
16,DEL,1011,1
16,DEL,1031,1
16,DEL,1135,2
16,DEL,1167,1
16,DEL,1207,1
16,DEL,1231,1
16,DEL,1255,1
16,DEL,1303,1
16,DEL,1359,1
16,DEL,1415,1
16,DEL,1439,1
16,DEL,1487,1
16,DEL,1631,1
16,DEL,1791,1
16,DEL,1847,1
16,DEL,1943,1
16,DEL,1983,1
16,DEL,1991,1
16,DEL,2127,1
16,DEL,2143,1
16,DEL,2271,1
16,DEL,2335,1
16,DEL,2399,1
16,DEL,2431,2
16,DEL,2527,1
16,DEL,2575,1
16,DEL,2591,1
16,DEL,2655,1
16,DEL,2703,1
16,DEL,2719,1
16,DEL,2735,2
16,DEL,2751,2
16,DEL,2767,1
16,DEL,2831,2
16,DEL,2911,1
16,DEL,2927,1
16,DEL,3023,2
16,DEL,3055,1
16,DEL,3167,2
16,DEL,3183,1
16,DEL,3231,1
16,DEL,3279,1
16,DEL,3327,1
16,DEL,3455,1
16,DEL,3503,2
16,DEL,3551,1
16,DEL,3583,2
16,DEL,3631,1
16,DEL,3663,1
16,DEL,3679,1
16,DEL,3695,2
16,DEL,3855,1
16,DEL,3871,1
16,DEL,3983,1
16,DEL,4015,1
16,DEL,4031,1
16,DEL,4063,1
16,DEL,4079,1
16,DEL,4127,1
16,DEL,4159,2
16,DEL,4255,2
16,DEL,4287,1
16,DEL,4351,4
16,DEL,4383,1
16,DEL,4447,2
16,DEL,4479,1
16,DEL,4575,2
16,DEL,4607,1
16,DEL,4671,3
16,DEL,4735,2
16,DEL,4831,2
16,DEL,4895,2
16,DEL,4959,2
16,DEL,4991,2
16,DEL,5023,1
16,DEL,5055,1
16,DEL,5087,2
16,DEL,5151,2
16,DEL,5247,1
16,DEL,5439,1
16,DEL,5663,1
16,DEL,5695,1
16,DEL,6175,1
16,DEL,6623,2
16,DEL,6655,1
16,DEL,7039,2
16,DEL,7071,1
16,DEL,7135,1
16,DEL,7551,1
16,DEL,7903,1
16,DEL,8095,1
16,DEL,8159,1
16,DEL,8319,1
16,DEL,8575,1
16,DEL,8639,1
16,DEL,18815,1
16,DEL,20351,1
16,DEL,22911,1
16,DEL,24191,1
16,DEL,29439,1
16,DEL,30847,1
16,DEL,34303,1
16,DEL,41215,1
16,DEL,41983,1
16,DEL,42751,1
16,DEL,43519,1
16,DEL,44287,1
16,DEL,45311,1
16,DEL,45567,1
16,DEL,46591,2
16,DEL,46847,1
16,DEL,47103,1
16,DEL,47615,2
16,DEL,48127,2
16,DEL,48383,3
16,DEL,48639,2
16,DEL,48895,2
16,DEL,49151,1
16,DEL,49407,1
16,DEL,49919,4
16,DEL,50175,3
16,DEL,50687,3
16,DEL,50943,3
16,DEL,51455,5
16,DEL,51711,1
16,DEL,51967,2
16,DEL,52223,1
16,DEL,52735,1
16,DEL,52991,1
16,DEL,53247,1
16,DEL,53503,4
16,DEL,53759,3
16,DEL,54015,2
16,DEL,54271,1
16,DEL,55039,1
16,DEL,55295,2
16,DEL,55551,1
16,DEL,56063,1
16,DEL,57087,1
16,DEL,57343,1
16,DEL,57599,1
16,DEL,57855,2
16,DEL,58111,2
16,DEL,58367,2
16,DEL,58623,1
16,DEL,58879,1
16,DEL,59135,1
16,DEL,59647,1
16,DEL,59903,1
16,DEL,60927,1
16,DEL,62719,1
16,DEL,64255,1
16,GET,123,1
16,GET,129,1
16,GET,132,1
16,GET,136,2
16,GET,145,1
16,GET,147,1
16,GET,151,1
16,GET,153,1
16,GET,154,2
16,GET,157,2
16,GET,160,1
16,GET,161,1
16,GET,162,1
16,GET,163,2
16,GET,164,1
16,GET,165,2
16,GET,167,1
16,GET,169,5
16,GET,170,2
16,GET,171,1
16,GET,172,1
16,GET,173,2
16,GET,174,1
16,GET,175,1
16,GET,176,2
16,GET,177,1
16,GET,178,2
16,GET,179,1
16,GET,180,3
16,GET,181,3
16,GET,182,2
16,GET,183,3
16,GET,184,4
16,GET,185,3
16,GET,186,3
16,GET,187,2
16,GET,188,3
16,GET,189,2
16,GET,190,4
16,GET,191,2
16,GET,192,1
16,GET,193,6
16,GET,194,2
16,GET,195,2
16,GET,196,4
16,GET,197,4
16,GET,198,4
16,GET,199,4
16,GET,200,3
16,GET,201,1
16,GET,202,1
16,GET,203,5
16,GET,204,1
16,GET,205,4
16,GET,206,1
16,GET,207,4
16,GET,208,7
16,GET,209,5
16,GET,210,1
16,GET,211,3
16,GET,212,4
16,GET,213,4
16,GET,214,4
16,GET,215,6
16,GET,216,3
16,GET,217,4
16,GET,218,2
16,GET,219,4
16,GET,220,3
16,GET,221,5
16,GET,222,2
16,GET,223,1
16,GET,224,4
16,GET,225,3
16,GET,226,3
16,GET,227,3
16,GET,228,5
16,GET,229,1
16,GET,230,1
16,GET,231,1
16,GET,232,2
16,GET,233,1
16,GET,234,3
16,GET,235,2
16,GET,236,1
16,GET,237,4
16,GET,238,4
16,GET,239,1
16,GET,240,1
16,GET,241,3
16,GET,242,1
16,GET,243,2
16,GET,244,2
16,GET,245,1
16,GET,246,3
16,GET,248,5
16,GET,250,1
16,GET,252,1
16,GET,253,1
16,GET,255,3
16,GET,257,2
16,GET,259,2
16,GET,261,1
16,GET,263,2
16,GET,265,1
16,GET,267,1
16,GET,269,1
16,GET,271,1
16,GET,273,4
16,GET,275,1
16,GET,277,2
16,GET,279,2
16,GET,281,2
16,GET,289,1
16,GET,291,1
16,GET,293,3
16,GET,295,3
16,GET,297,2
16,GET,299,3
16,GET,301,2
16,GET,303,1
16,GET,311,6
16,GET,313,1
16,GET,317,1
16,GET,321,1
16,GET,325,1
16,GET,329,3
16,GET,333,2
16,GET,341,1
16,GET,345,2
16,GET,347,1
16,GET,349,2
16,GET,351,1
16,GET,355,1
16,GET,361,1
16,GET,365,1
16,GET,367,1
16,GET,371,1
16,GET,373,1
16,GET,377,1
16,GET,379,1
16,GET,381,1
16,GET,383,2
16,GET,391,1
16,GET,395,2
16,GET,403,1
16,GET,405,1
16,GET,417,1
16,GET,419,2
16,GET,423,1
16,GET,429,2
16,GET,435,1
16,GET,441,1
16,GET,443,1
16,GET,447,1
16,GET,451,4
16,GET,453,2
16,GET,455,2
16,GET,461,1
16,GET,463,1
16,GET,467,2
16,GET,471,1
16,GET,473,1
16,GET,477,1
16,GET,481,1
16,GET,489,1
16,GET,491,2
16,GET,493,2
16,GET,495,1
16,GET,501,1
16,GET,511,2
16,GET,515,4
16,GET,527,2
16,GET,531,1
16,GET,535,1
16,GET,539,2
16,GET,547,1
16,GET,551,3
16,GET,555,2
16,GET,559,1
16,GET,563,2
16,GET,567,2
16,GET,571,1
16,GET,587,4
16,GET,591,2
16,GET,599,2
16,GET,607,1
16,GET,623,1
16,GET,631,1
16,GET,635,1
16,GET,639,1
16,GET,647,1
16,GET,655,1
16,GET,663,2
16,GET,667,2
16,GET,671,1
16,GET,675,1
16,GET,679,2
16,GET,683,2
16,GET,687,1
16,GET,691,1
16,GET,699,2
16,GET,703,1
16,GET,707,1
16,GET,711,4
16,GET,723,1
16,GET,735,1
16,GET,739,2
16,GET,743,2
16,GET,763,2
16,GET,771,1
16,GET,775,1
16,GET,779,1
16,GET,783,3
16,GET,787,1
16,GET,795,3
16,GET,807,1
16,GET,815,3
16,GET,819,1
16,GET,847,2
16,GET,851,1
16,GET,855,3
16,GET,859,2
16,GET,863,3
16,GET,867,2
16,GET,871,1
16,GET,883,1
16,GET,887,2
16,GET,891,1
16,GET,907,2
16,GET,911,3
16,GET,915,2
16,GET,935,2
16,GET,943,2
16,GET,951,1
16,GET,959,2
16,GET,963,1
16,GET,975,1
16,GET,983,1
16,GET,987,4
16,GET,995,2
16,GET,1003,1
16,GET,1015,1
16,GET,1031,3
16,GET,1039,1
16,GET,1055,1
16,GET,1063,1
16,GET,1071,2
16,GET,1079,3
16,GET,1095,5
16,GET,1103,2
16,GET,1111,2
16,GET,1127,1
16,GET,1151,3
16,GET,1159,2
16,GET,1175,3
16,GET,1183,1
16,GET,1191,1
16,GET,1199,1
16,GET,1207,3
16,GET,1215,3
16,GET,1223,1
16,GET,1231,1
16,GET,1263,1
16,GET,1271,1
16,GET,1279,3
16,GET,1295,1
16,GET,1303,4
16,GET,1319,2
16,GET,1327,1
16,GET,1335,1
16,GET,1383,1
16,GET,1399,1
16,GET,1423,1
16,GET,1431,3
16,GET,1439,2
16,GET,1447,1
16,GET,1463,4
16,GET,1471,1
16,GET,1487,2
16,GET,1495,1
16,GET,1503,2
16,GET,1527,1
16,GET,1543,1
16,GET,1551,1
16,GET,1559,2
16,GET,1583,2
16,GET,1591,1
16,GET,1599,3
16,GET,1615,2
16,GET,1623,2
16,GET,1647,2
16,GET,1663,2
16,GET,1671,1
16,GET,1679,1
16,GET,1687,2
16,GET,1695,1
16,GET,1711,1
16,GET,1719,1
16,GET,1735,1
16,GET,1743,2
16,GET,1767,3
16,GET,1775,1
16,GET,1783,1
16,GET,1791,2
16,GET,1815,2
16,GET,1831,1
16,GET,1839,3
16,GET,1847,1
16,GET,1863,1
16,GET,1871,2
16,GET,1879,1
16,GET,1895,1
16,GET,1927,1
16,GET,1951,1
16,GET,1975,1
16,GET,1983,2
16,GET,1991,1
16,GET,1999,1
16,GET,2023,1
16,GET,2047,2
16,GET,2063,2
16,GET,2079,2
16,GET,2095,3
16,GET,2111,3
16,GET,2127,5
16,GET,2143,3
16,GET,2159,2
16,GET,2175,2
16,GET,2191,3
16,GET,2207,2
16,GET,2223,5
16,GET,2239,1
16,GET,2255,4
16,GET,2271,4
16,GET,2287,4
16,GET,2303,2
16,GET,2319,3
16,GET,2335,5
16,GET,2351,5
16,GET,2367,2
16,GET,2399,4
16,GET,2431,4
16,GET,2447,5
16,GET,2463,2
16,GET,2479,3
16,GET,2495,4
16,GET,2511,2
16,GET,2527,2
16,GET,2543,3
16,GET,2559,1
16,GET,2575,3
16,GET,2591,1
16,GET,2623,7
16,GET,2639,8
16,GET,2655,3
16,GET,2687,2
16,GET,2703,2
16,GET,2719,3
16,GET,2735,2
16,GET,2751,4
16,GET,2767,4
16,GET,2783,1
16,GET,2799,4
16,GET,2815,8
16,GET,2831,5
16,GET,2847,2
16,GET,2863,2
16,GET,2879,1
16,GET,2895,5
16,GET,2911,2
16,GET,2927,3
16,GET,2959,4
16,GET,2975,3
16,GET,2991,4
16,GET,3007,3
16,GET,3023,6
16,GET,3039,3
16,GET,3055,4
16,GET,3071,1
16,GET,3087,7
16,GET,3103,4
16,GET,3119,3
16,GET,3135,2
16,GET,3151,6
16,GET,3167,4
16,GET,3183,3
16,GET,3199,2
16,GET,3215,3
16,GET,3231,6
16,GET,3247,5
16,GET,3279,5
16,GET,3295,4
16,GET,3311,2
16,GET,3327,2
16,GET,3343,2
16,GET,3359,1
16,GET,3375,2
16,GET,3391,3
16,GET,3407,3
16,GET,3423,5
16,GET,3439,2
16,GET,3455,3
16,GET,3471,6
16,GET,3487,4
16,GET,3519,4
16,GET,3535,2
16,GET,3551,3
16,GET,3567,3
16,GET,3583,1
16,GET,3599,2
16,GET,3615,3
16,GET,3631,5
16,GET,3647,4
16,GET,3663,6
16,GET,3679,4
16,GET,3695,1
16,GET,3711,2
16,GET,3727,1
16,GET,3743,2
16,GET,3759,4
16,GET,3775,2
16,GET,3791,8
16,GET,3839,2
16,GET,3855,5
16,GET,3871,1
16,GET,3887,5
16,GET,3903,1
16,GET,3919,1
16,GET,3935,6
16,GET,3951,4
16,GET,3983,3
16,GET,3999,2
16,GET,4015,1
16,GET,4031,3
16,GET,4063,2
16,GET,4079,2
16,GET,4095,2
16,GET,4127,2
16,GET,4159,2
16,GET,4191,4
16,GET,4223,3
16,GET,4255,3
16,GET,4287,6
16,GET,4319,2
16,GET,4351,2
16,GET,4383,2
16,GET,4415,2
16,GET,4447,2
16,GET,4479,3
16,GET,4511,3
16,GET,4543,1
16,GET,4575,2
16,GET,4607,4
16,GET,4639,2
16,GET,4671,5
16,GET,4703,3
16,GET,4735,2
16,GET,4767,3
16,GET,4799,3
16,GET,4831,5
16,GET,4863,2
16,GET,4895,2
16,GET,4927,2
16,GET,4991,4
16,GET,5023,2
16,GET,5119,3
16,GET,5151,1
16,GET,5215,1
16,GET,5247,1
16,GET,5279,3
16,GET,5311,1
16,GET,5343,1
16,GET,5407,1
16,GET,5535,1
16,GET,5567,1
16,GET,5663,2
16,GET,5695,1
16,GET,5759,1
16,GET,5887,1
16,GET,6015,1
16,GET,6079,1
16,GET,6271,1
16,GET,6943,1
16,SET,119,1
16,SET,178,1
16,SET,180,1
16,SET,190,1
16,SET,201,1
16,SET,202,1
16,SET,204,1
16,SET,205,1
16,SET,206,1
16,SET,210,1
16,SET,211,1
16,SET,220,1
16,SET,222,1
16,SET,226,2
16,SET,229,1
16,SET,235,1
16,SET,254,1
16,SET,261,1
16,SET,265,1
16,SET,267,1
16,SET,271,1
16,SET,281,2
16,SET,307,1
16,SET,335,1
16,SET,353,1
16,SET,365,1
16,SET,387,1
16,SET,571,1
16,SET,595,1
16,SET,631,1
16,SET,679,1
16,SET,711,1
16,SET,747,1
16,SET,827,1
16,SET,875,1
16,SET,883,1
16,SET,999,1
16,SET,1011,1
16,SET,1039,1
16,SET,1687,1
16,SET,1759,1
16,SET,1823,1
16,SET,1847,1
16,SET,1951,1
16,SET,2095,1
16,SET,2111,1
16,SET,2223,1
16,SET,2239,1
16,SET,2287,1
16,SET,2383,1
16,SET,2415,1
16,SET,2479,2
16,SET,2543,1
16,SET,2591,1
16,SET,2751,1
16,SET,2783,1
16,SET,2799,1
16,SET,2895,1
16,SET,2911,1
16,SET,2975,1
16,SET,2991,1
16,SET,3007,1
16,SET,3087,1
16,SET,3343,1
16,SET,3503,1
16,SET,3567,2
16,SET,3599,1
16,SET,3615,1
16,SET,3663,1
16,SET,3679,1
16,SET,3711,2
16,SET,4255,1
16,SET,4447,1
16,SET,5343,1
16,SET,5663,1
16,SET,6271,1
17,GET,108,1
17,GET,122,1
17,GET,127,1
17,GET,132,1
17,GET,138,2
17,GET,140,1
17,GET,146,1
17,GET,149,1
17,GET,153,1
17,GET,154,2
17,GET,155,1
17,GET,156,1
17,GET,160,1
17,GET,161,2
17,GET,163,1
17,GET,168,2
17,GET,169,1
17,GET,170,2
17,GET,171,1
17,GET,172,3
17,GET,173,3
17,GET,174,1
17,GET,175,1
17,GET,176,1
17,GET,177,2
17,GET,178,1
17,GET,179,1
17,GET,180,3
17,GET,181,2
17,GET,182,2
17,GET,183,1
17,GET,184,3
17,GET,185,3
17,GET,186,1
17,GET,187,5
17,GET,188,1
17,GET,189,3
17,GET,190,4
17,GET,191,4
17,GET,192,3
17,GET,193,3
17,GET,194,3
17,GET,195,2
17,GET,196,3
17,GET,197,4
17,GET,198,3
17,GET,199,1
17,GET,200,3
17,GET,201,3
17,GET,202,5
17,GET,203,3
17,GET,204,1
17,GET,205,5
17,GET,206,2
17,GET,208,3
17,GET,209,3
17,GET,210,2
17,GET,211,2
17,GET,212,3
17,GET,213,2
17,GET,214,3
17,GET,215,2
17,GET,216,4
17,GET,217,1
17,GET,218,3
17,GET,219,4
17,GET,220,4
17,GET,221,1
17,GET,222,2
17,GET,223,4
17,GET,224,3
17,GET,225,1
17,GET,226,5
17,GET,227,3
17,GET,228,5
17,GET,229,2
17,GET,230,2
17,GET,231,3
17,GET,232,2
17,GET,233,1
17,GET,234,1
17,GET,235,2
17,GET,236,3
17,GET,237,4
17,GET,238,2
17,GET,240,3
17,GET,241,1
17,GET,242,1
17,GET,243,1
17,GET,244,2
17,GET,245,1
17,GET,246,1
17,GET,247,2
17,GET,249,1
17,GET,250,2
17,GET,254,1
17,GET,255,2
17,GET,257,2
17,GET,261,2
17,GET,263,2
17,GET,265,4
17,GET,267,2
17,GET,269,2
17,GET,271,2
17,GET,273,3
17,GET,279,3
17,GET,283,5
17,GET,285,3
17,GET,289,2
17,GET,291,1
17,GET,295,3
17,GET,297,1
17,GET,299,2
17,GET,303,2
17,GET,305,2
17,GET,307,1
17,GET,309,1
17,GET,311,1
17,GET,317,2
17,GET,319,1
17,GET,321,1
17,GET,323,2
17,GET,325,1
17,GET,329,3
17,GET,331,3
17,GET,333,3
17,GET,335,2
17,GET,337,1
17,GET,339,4
17,GET,341,2
17,GET,345,1
17,GET,347,2
17,GET,349,2
17,GET,351,1
17,GET,355,1
17,GET,357,2
17,GET,365,3
17,GET,367,1
17,GET,371,2
17,GET,373,1
17,GET,375,1
17,GET,383,2
17,GET,385,3
17,GET,387,1
17,GET,389,1
17,GET,395,1
17,GET,399,1
17,GET,401,2
17,GET,403,1
17,GET,407,3
17,GET,415,1
17,GET,423,1
17,GET,425,3
17,GET,427,3
17,GET,429,1
17,GET,431,5
17,GET,435,1
17,GET,439,1
17,GET,441,1
17,GET,443,1
17,GET,451,2
17,GET,453,1
17,GET,459,1
17,GET,467,3
17,GET,475,1
17,GET,477,1
17,GET,481,1
17,GET,483,1
17,GET,493,1
17,GET,497,1
17,GET,499,1
17,GET,501,2
17,GET,503,4
17,GET,505,1
17,GET,511,1
17,GET,515,1
17,GET,519,1
17,GET,523,2
17,GET,531,1
17,GET,539,3
17,GET,543,2
17,GET,547,3
17,GET,551,1
17,GET,555,4
17,GET,559,1
17,GET,563,3
17,GET,567,1
17,GET,575,2
17,GET,579,3
17,GET,583,1
17,GET,587,1
17,GET,591,1
17,GET,599,2
17,GET,603,2
17,GET,615,3
17,GET,619,1
17,GET,623,1
17,GET,635,2
17,GET,639,2
17,GET,643,2
17,GET,647,2
17,GET,651,1
17,GET,655,4
17,GET,659,1
17,GET,663,1
17,GET,667,1
17,GET,671,1
17,GET,683,1
17,GET,691,1
17,GET,695,2
17,GET,699,1
17,GET,703,1
17,GET,707,2
17,GET,711,1
17,GET,715,2
17,GET,723,2
17,GET,727,1
17,GET,739,2
17,GET,747,3
17,GET,751,2
17,GET,759,1
17,GET,767,1
17,GET,775,2
17,GET,779,3
17,GET,783,1
17,GET,787,1
17,GET,791,1
17,GET,795,1
17,GET,799,1
17,GET,803,3
17,GET,807,2
17,GET,819,1
17,GET,823,3
17,GET,827,1
17,GET,839,2
17,GET,847,1
17,GET,855,3
17,GET,863,1
17,GET,867,2
17,GET,871,1
17,GET,875,3
17,GET,879,2
17,GET,883,2
17,GET,887,1
17,GET,891,2
17,GET,899,4
17,GET,907,1
17,GET,923,1
17,GET,931,2
17,GET,939,1
17,GET,947,1
17,GET,955,1
17,GET,959,1
17,GET,967,2
17,GET,979,1
17,GET,991,2
17,GET,995,3
17,GET,999,2
17,GET,1007,2
17,GET,1011,2
17,GET,1015,2
17,GET,1019,1
17,GET,1023,1
17,GET,1031,1
17,GET,1039,2
17,GET,1055,1
17,GET,1063,2
17,GET,1071,3
17,GET,1095,2
17,GET,1103,1
17,GET,1111,3
17,GET,1119,1
17,GET,1127,1
17,GET,1135,1
17,GET,1143,3
17,GET,1151,1
17,GET,1159,1
17,GET,1167,1
17,GET,1175,3
17,GET,1191,3
17,GET,1199,1
17,GET,1207,3
17,GET,1223,1
17,GET,1231,5
17,GET,1239,1
17,GET,1247,1
17,GET,1255,1
17,GET,1263,2
17,GET,1271,1
17,GET,1279,2
17,GET,1287,1
17,GET,1295,1
17,GET,1303,2
17,GET,1311,1
17,GET,1327,1
17,GET,1335,1
17,GET,1359,3
17,GET,1375,2
17,GET,1383,1
17,GET,1391,1
17,GET,1415,1
17,GET,1423,1
17,GET,1439,1
17,GET,1463,1
17,GET,1479,1
17,GET,1495,2
17,GET,1503,1
17,GET,1615,2
17,GET,1631,1
17,GET,1639,1
17,GET,1647,1
17,GET,1671,1
17,GET,1679,1
17,GET,1735,1
17,GET,1743,1
17,GET,1751,1
17,GET,1767,1
17,GET,1799,1
17,GET,1815,1
17,GET,1831,1
17,GET,1839,1
17,GET,1847,1
17,GET,1855,1
17,GET,1863,1
17,GET,1879,1
17,GET,1887,1
17,GET,1895,1
17,GET,1903,2
17,GET,1911,1
17,GET,1919,1
17,GET,1927,2
17,GET,1935,2
17,GET,1967,1
17,GET,1975,3
17,GET,1991,1
17,GET,2007,1
17,GET,2015,1
17,GET,2023,1
17,GET,2031,1
17,GET,2047,1
17,GET,2063,1
17,GET,2079,3
17,GET,2111,3
17,GET,2127,3
17,GET,2143,4
17,GET,2175,1
17,GET,2191,1
17,GET,2207,3
17,GET,2223,2
17,GET,2239,2
17,GET,2255,3
17,GET,2271,2
17,GET,2287,3
17,GET,2303,4
17,GET,2319,3
17,GET,2335,3
17,GET,2351,1
17,GET,2367,2
17,GET,2383,2
17,GET,2415,4
17,GET,2431,6
17,GET,2447,3
17,GET,2463,2
17,GET,2479,2
17,GET,2495,3
17,GET,2511,5
17,GET,2527,3
17,GET,2543,3
17,GET,2559,3
17,GET,2575,4
17,GET,2591,5
17,GET,2607,3
17,GET,2623,1
17,GET,2639,1
17,GET,2655,1
17,GET,2671,3
17,GET,2687,2
17,GET,2703,3
17,GET,2719,3
17,GET,2735,5
17,GET,2751,1
17,GET,2767,1
17,GET,2783,6
17,GET,2799,4
17,GET,2815,2
17,GET,2831,4
17,GET,2847,4
17,GET,2863,4
17,GET,2895,5
17,GET,2911,2
17,GET,2943,2
17,GET,2959,2
17,GET,2975,2
17,GET,2991,5
17,GET,3007,3
17,GET,3023,5
17,GET,3039,2
17,GET,3071,4
17,GET,3087,2
17,GET,3103,3
17,GET,3119,4
17,GET,3135,2
17,GET,3151,2
17,GET,3167,3
17,GET,3183,3
17,GET,3199,4
17,GET,3215,8
17,GET,3231,4
17,GET,3247,3
17,GET,3263,9
17,GET,3279,4
17,GET,3295,2
17,GET,3327,5
17,GET,3343,4
17,GET,3359,3
17,GET,3375,6
17,GET,3391,4
17,GET,3407,2
17,GET,3423,2
17,GET,3439,3
17,GET,3455,3
17,GET,3471,3
17,GET,3487,5
17,GET,3503,1
17,GET,3519,6
17,GET,3535,2
17,GET,3551,7
17,GET,3567,4
17,GET,3583,1
17,GET,3599,2
17,GET,3631,3
17,GET,3647,4
17,GET,3663,7
17,GET,3679,2
17,GET,3711,4
17,GET,3727,4
17,GET,3743,5
17,GET,3759,2
17,GET,3775,6
17,GET,3791,2
17,GET,3807,3
17,GET,3823,3
17,GET,3839,4
17,GET,3855,1
17,GET,3871,3
17,GET,3887,1
17,GET,3903,3
17,GET,3919,2
17,GET,3935,1
17,GET,3951,3
17,GET,3967,1
17,GET,3999,4
17,GET,4015,2
17,GET,4031,2
17,GET,4047,2
17,GET,4063,2
17,GET,4079,2
17,GET,4095,1
17,GET,4159,2
17,GET,4191,8
17,GET,4223,5
17,GET,4255,2
17,GET,4287,7
17,GET,4319,3
17,GET,4351,4
17,GET,4383,3
17,GET,4415,2
17,GET,4447,5
17,GET,4479,6
17,GET,4511,5
17,GET,4543,2
17,GET,4575,2
17,GET,4607,3
17,GET,4639,4
17,GET,4671,1
17,GET,4703,3
17,GET,4735,4
17,GET,4767,3
17,GET,4799,3
17,GET,4863,2
17,GET,4895,1
17,GET,4927,1
17,GET,4991,2
17,GET,5023,1
17,GET,5055,1
17,GET,5151,1
17,GET,5183,1
17,GET,5279,1
17,GET,5343,1
17,GET,5375,2
17,GET,5503,2
17,GET,5759,1
17,GET,5855,1
17,GET,5887,1
17,GET,5951,1
17,GET,5983,1
17,GET,6047,1
17,GET,6079,1
17,GET,6207,1
17,GET,6463,1
17,GET,6815,1
17,SET,163,1
17,SET,164,1
17,SET,178,1
17,SET,179,1
17,SET,180,1
17,SET,181,1
17,SET,182,1
17,SET,186,1
17,SET,190,1
17,SET,192,1
17,SET,204,1
17,SET,208,1
17,SET,210,1
17,SET,215,1
17,SET,225,1
17,SET,226,1
17,SET,236,2
17,SET,240,1
17,SET,242,1
17,SET,247,1
17,SET,254,1
17,SET,291,1
17,SET,299,1
17,SET,327,1
17,SET,349,1
17,SET,457,1
17,SET,501,1
17,SET,503,1
17,SET,559,1
17,SET,579,1
17,SET,595,1
17,SET,647,1
17,SET,723,1
17,SET,751,1
17,SET,863,1
17,SET,919,1
17,SET,923,1
17,SET,963,1
17,SET,1071,1
17,SET,1103,1
17,SET,1279,1
17,SET,1391,1
17,SET,1439,1
17,SET,1519,1
17,SET,1543,1
17,SET,1727,1
17,SET,1895,1
17,SET,2223,1
17,SET,2271,1
17,SET,2287,1
17,SET,2383,1
17,SET,2415,1
17,SET,2511,1
17,SET,2543,1
17,SET,2703,1
17,SET,2735,1
17,SET,2815,1
17,SET,2831,1
17,SET,2927,1
17,SET,3007,2
17,SET,3039,1
17,SET,3087,1
17,SET,3119,1
17,SET,3183,2
17,SET,3247,1
17,SET,3311,1
17,SET,3327,1
17,SET,3375,1
17,SET,3407,1
17,SET,3487,2
17,SET,3519,1
17,SET,3823,1
17,SET,3919,2
17,SET,4031,1
17,SET,4127,1
17,SET,4287,1
17,SET,4319,1
17,SET,4415,1
17,SET,4479,1
17,SET,4639,1
17,DEL,100,1
17,DEL,101,1
17,DEL,117,1
17,DEL,119,1
17,DEL,128,1
17,DEL,142,1
17,DEL,145,1
17,DEL,151,1
17,DEL,158,1
17,DEL,160,1
17,DEL,162,1
17,DEL,165,1
17,DEL,167,1
17,DEL,169,1
17,DEL,170,1
17,DEL,174,1
17,DEL,175,2
17,DEL,180,1
17,DEL,181,1
17,DEL,182,1
17,DEL,186,2
17,DEL,188,2
17,DEL,189,1
17,DEL,191,2
17,DEL,192,1
17,DEL,194,3
17,DEL,196,1
17,DEL,197,2
17,DEL,200,1
17,DEL,201,4
17,DEL,202,3
17,DEL,203,2
17,DEL,204,2
17,DEL,206,2
17,DEL,207,2
17,DEL,209,1
17,DEL,210,1
17,DEL,211,2
17,DEL,213,2
17,DEL,214,1
17,DEL,218,3
17,DEL,219,1
17,DEL,220,3
17,DEL,222,3
17,DEL,223,4
17,DEL,224,1
17,DEL,225,1
17,DEL,226,2
17,DEL,228,2
17,DEL,229,1
17,DEL,230,1
17,DEL,232,1
17,DEL,234,1
17,DEL,235,1
17,DEL,237,1
17,DEL,238,2
17,DEL,239,1
17,DEL,241,1
17,DEL,242,2
17,DEL,243,3
17,DEL,244,1
17,DEL,246,1
17,DEL,247,1
17,DEL,249,1
17,DEL,255,1
17,DEL,257,1
17,DEL,261,1
17,DEL,263,1
17,DEL,273,2
17,DEL,283,2
17,DEL,285,1
17,DEL,287,2
17,DEL,289,1
17,DEL,291,1
17,DEL,295,1
17,DEL,297,2
17,DEL,301,1
17,DEL,303,1
17,DEL,307,2
17,DEL,311,1
17,DEL,315,3
17,DEL,329,1
17,DEL,331,1
17,DEL,335,1
17,DEL,337,1
17,DEL,339,1
17,DEL,343,1
17,DEL,355,1
17,DEL,371,1
17,DEL,373,1
17,DEL,381,1
17,DEL,395,1
17,DEL,401,1
17,DEL,419,1
17,DEL,421,2
17,DEL,431,1
17,DEL,439,2
17,DEL,459,2
17,DEL,469,1
17,DEL,473,1
17,DEL,479,1
17,DEL,495,2
17,DEL,497,1
17,DEL,503,1
17,DEL,505,1
17,DEL,507,1
17,DEL,509,1
17,DEL,515,2
17,DEL,519,2
17,DEL,535,1
17,DEL,539,1
17,DEL,543,1
17,DEL,547,1
17,DEL,555,1
17,DEL,563,1
17,DEL,587,1
17,DEL,595,1
17,DEL,599,1
17,DEL,603,1
17,DEL,607,1
17,DEL,611,1
17,DEL,619,2
17,DEL,643,1
17,DEL,647,1
17,DEL,655,2
17,DEL,659,1
17,DEL,679,1
17,DEL,687,4
17,DEL,691,1
17,DEL,695,1
17,DEL,699,1
17,DEL,739,1
17,DEL,751,1
17,DEL,767,2
17,DEL,819,1
17,DEL,831,1
17,DEL,859,1
17,DEL,867,1
17,DEL,931,1
17,DEL,939,1
17,DEL,1015,1
17,DEL,1023,1
17,DEL,1031,1
17,DEL,1079,1
17,DEL,1087,2
17,DEL,1103,1
17,DEL,1159,1
17,DEL,1167,2
17,DEL,1175,1
17,DEL,1215,1
17,DEL,1271,1
17,DEL,1343,1
17,DEL,1543,1
17,DEL,1639,1
17,DEL,1743,1
17,DEL,1759,1
17,DEL,1783,1
17,DEL,1911,1
17,DEL,1959,1
17,DEL,2007,1
17,DEL,2039,1
17,DEL,2063,1
17,DEL,2095,1
17,DEL,2159,1
17,DEL,2175,1
17,DEL,2223,1
17,DEL,2319,1
17,DEL,2335,2
17,DEL,2351,1
17,DEL,2367,1
17,DEL,2383,1
17,DEL,2415,1
17,DEL,2495,1
17,DEL,2527,1
17,DEL,2639,1
17,DEL,2815,1
17,DEL,2831,1
17,DEL,2943,2
17,DEL,3039,1
17,DEL,3103,2
17,DEL,3151,1
17,DEL,3183,2
17,DEL,3215,2
17,DEL,3247,1
17,DEL,3359,1
17,DEL,3439,1
17,DEL,3519,2
17,DEL,3567,1
17,DEL,3599,1
17,DEL,3631,1
17,DEL,3679,1
17,DEL,3695,1
17,DEL,3823,1
17,DEL,3839,1
17,DEL,3855,1
17,DEL,3903,1
17,DEL,3919,1
17,DEL,3935,1
17,DEL,3951,1
17,DEL,3967,1
17,DEL,4047,1
17,DEL,4095,2
17,DEL,4287,1
17,DEL,4383,1
17,DEL,4415,3
17,DEL,4447,1
17,DEL,4607,1
17,DEL,4639,1
17,DEL,4671,1
17,DEL,4735,2
17,DEL,4767,1
17,DEL,4799,1
17,DEL,4831,3
17,DEL,4895,2
17,DEL,4959,2
17,DEL,5023,1
17,DEL,5151,1
17,DEL,5215,1
17,DEL,5279,4
17,DEL,5375,1
17,DEL,5503,1
17,DEL,5727,3
17,DEL,5791,2
17,DEL,5823,2
17,DEL,5887,1
17,DEL,5951,1
17,DEL,5983,1
17,DEL,6175,1
17,DEL,6239,1
17,DEL,6271,2
17,DEL,6335,1
17,DEL,6527,2
17,DEL,6623,1
17,DEL,6783,1
17,DEL,7391,1
17,DEL,7423,2
17,DEL,7455,1
17,DEL,7999,2
17,DEL,8063,1
17,DEL,8639,1
17,DEL,8831,2
17,DEL,44287,1
17,DEL,44543,1
17,DEL,45311,1
17,DEL,46079,1
17,DEL,46335,1
17,DEL,47103,2
17,DEL,47359,3
17,DEL,47871,1
17,DEL,48383,2
17,DEL,48639,4
17,DEL,48895,3
17,DEL,49151,1
17,DEL,49407,2
17,DEL,49663,1
17,DEL,50175,1
17,DEL,50431,4
17,DEL,50687,2
17,DEL,50943,1
17,DEL,51199,1
17,DEL,51711,1
17,DEL,51967,3
17,DEL,52223,3
17,DEL,52479,2
17,DEL,52735,2
17,DEL,52991,1
17,DEL,53247,2
17,DEL,53503,3
17,DEL,53759,2
17,DEL,54015,3
17,DEL,54271,2
17,DEL,54527,2
17,DEL,54783,2
17,DEL,55039,1
17,DEL,55295,2
17,DEL,55551,2
17,DEL,55807,1
17,DEL,56831,1
17,DEL,57087,1
17,DEL,57343,1
17,DEL,57599,1
17,DEL,57855,1
17,DEL,59135,1
17,DEL,61695,1
18,SET,164,1
18,SET,166,1
18,SET,173,1
18,SET,175,1
18,SET,188,1
18,SET,198,2
18,SET,202,1
18,SET,203,1
18,SET,207,2
18,SET,219,1
18,SET,222,1
18,SET,226,1
18,SET,232,1
18,SET,259,1
18,SET,273,2
18,SET,275,1
18,SET,281,1
18,SET,307,1
18,SET,309,1
18,SET,355,1
18,SET,365,1
18,SET,403,1
18,SET,423,1
18,SET,471,1
18,SET,631,1
18,SET,635,1
18,SET,707,1
18,SET,855,1
18,SET,867,1
18,SET,935,1
18,SET,975,1
18,SET,1103,1
18,SET,1135,1
18,SET,1239,1
18,SET,1423,1
18,SET,1535,1
18,SET,1695,1
18,SET,1759,1
18,SET,1855,1
18,SET,1895,1
18,SET,1911,1
18,SET,2207,1
18,SET,2239,1
18,SET,2255,1
18,SET,2623,1
18,SET,2639,1
18,SET,2703,1
18,SET,2783,1
18,SET,2831,1
18,SET,2863,1
18,SET,2959,1
18,SET,3039,1
18,SET,3055,1
18,SET,3087,1
18,SET,3167,1
18,SET,3231,1
18,SET,3263,1
18,SET,3327,1
18,SET,3455,1
18,SET,3743,1
18,SET,3759,1
18,SET,3855,1
18,SET,3999,1
18,SET,4079,2
18,SET,4159,1
18,SET,4415,1
18,SET,4479,1
18,SET,4511,1
18,SET,4767,1
18,SET,5055,1
18,SET,5119,1
18,SET,5343,1
18,DEL,111,1
18,DEL,124,1
18,DEL,134,1
18,DEL,138,1
18,DEL,139,1
18,DEL,157,1
18,DEL,158,1
18,DEL,164,1
18,DEL,169,1
18,DEL,170,1
18,DEL,171,1
18,DEL,172,2
18,DEL,174,1
18,DEL,177,1
18,DEL,178,1
18,DEL,180,2
18,DEL,184,1
18,DEL,186,1
18,DEL,187,2
18,DEL,189,1
18,DEL,190,1
18,DEL,193,6
18,DEL,194,2
18,DEL,195,1
18,DEL,198,1
18,DEL,200,2
18,DEL,203,4
18,DEL,204,2
18,DEL,206,5
18,DEL,208,1
18,DEL,209,1
18,DEL,210,2
18,DEL,212,1
18,DEL,214,1
18,DEL,216,3
18,DEL,217,3
18,DEL,218,3
18,DEL,220,1
18,DEL,221,2
18,DEL,222,1
18,DEL,223,2
18,DEL,224,1
18,DEL,225,1
18,DEL,228,2
18,DEL,230,1
18,DEL,231,1
18,DEL,233,1
18,DEL,234,1
18,DEL,236,2
18,DEL,237,1
18,DEL,241,1
18,DEL,243,1
18,DEL,245,1
18,DEL,247,1
18,DEL,248,1
18,DEL,249,1
18,DEL,252,1
18,DEL,253,1
18,DEL,255,1
18,DEL,259,3
18,DEL,265,3
18,DEL,267,1
18,DEL,269,1
18,DEL,271,3
18,DEL,273,1
18,DEL,281,1
18,DEL,289,2
18,DEL,295,2
18,DEL,297,1
18,DEL,307,1
18,DEL,321,2
18,DEL,331,1
18,DEL,335,3
18,DEL,337,2
18,DEL,341,1
18,DEL,347,1
18,DEL,349,3
18,DEL,351,1
18,DEL,355,2
18,DEL,385,2
18,DEL,397,1
18,DEL,403,1
18,DEL,405,2
18,DEL,417,1
18,DEL,419,1
18,DEL,439,1
18,DEL,461,1
18,DEL,467,1
18,DEL,479,1
18,DEL,481,1
18,DEL,505,1
18,DEL,519,1
18,DEL,523,1
18,DEL,539,2
18,DEL,547,1
18,DEL,555,1
18,DEL,559,1
18,DEL,575,1
18,DEL,579,2
18,DEL,591,1
18,DEL,607,1
18,DEL,619,1
18,DEL,655,1
18,DEL,663,1
18,DEL,667,1
18,DEL,679,1
18,DEL,683,1
18,DEL,687,1
18,DEL,695,1
18,DEL,707,1
18,DEL,711,1
18,DEL,715,1
18,DEL,739,1
18,DEL,747,1
18,DEL,803,1
18,DEL,835,1
18,DEL,847,1
18,DEL,859,1
18,DEL,899,1
18,DEL,907,1
18,DEL,923,1
18,DEL,927,2
18,DEL,935,1
18,DEL,955,1
18,DEL,963,1
18,DEL,971,2
18,DEL,979,1
18,DEL,1019,1
18,DEL,1087,1
18,DEL,1095,2
18,DEL,1103,1
18,DEL,1151,1
18,DEL,1199,1
18,DEL,1239,1
18,DEL,1327,1
18,DEL,1359,1
18,DEL,1391,1
18,DEL,1479,1
18,DEL,1495,1
18,DEL,1695,1
18,DEL,1711,1
18,DEL,1735,1
18,DEL,1831,1
18,DEL,1911,1
18,DEL,1919,1
18,DEL,1991,1
18,DEL,1999,1
18,DEL,2079,2
18,DEL,2207,2
18,DEL,2239,1
18,DEL,2255,1
18,DEL,2271,1
18,DEL,2335,1
18,DEL,2399,2
18,DEL,2559,1
18,DEL,2655,1
18,DEL,2671,1
18,DEL,2687,1
18,DEL,2719,1
18,DEL,2735,1
18,DEL,2879,2
18,DEL,2895,1
18,DEL,2927,1
18,DEL,3071,1
18,DEL,3119,1
18,DEL,3167,2
18,DEL,3215,2
18,DEL,3231,1
18,DEL,3247,1
18,DEL,3359,1
18,DEL,3407,1
18,DEL,3471,1
18,DEL,3487,1
18,DEL,3503,1
18,DEL,3519,1
18,DEL,3535,1
18,DEL,3567,1
18,DEL,3615,1
18,DEL,3679,2
18,DEL,3711,2
18,DEL,3727,1
18,DEL,3759,1
18,DEL,3791,1
18,DEL,3807,1
18,DEL,3855,2
18,DEL,3871,1
18,DEL,3887,2
18,DEL,3903,1
18,DEL,3983,1
18,DEL,3999,1
18,DEL,4031,1
18,DEL,4047,1
18,DEL,4063,1
18,DEL,4255,1
18,DEL,4287,1
18,DEL,4319,1
18,DEL,4351,3
18,DEL,4383,1
18,DEL,4575,1
18,DEL,4607,2
18,DEL,4639,1
18,DEL,4671,1
18,DEL,4735,1
18,DEL,4799,1
18,DEL,4863,1
18,DEL,4959,1
18,DEL,4991,1
18,DEL,5087,1
18,DEL,5119,2
18,DEL,5151,1
18,DEL,5247,1
18,DEL,5343,1
18,DEL,5375,1
18,DEL,5439,1
18,DEL,5471,2
18,DEL,5567,2
18,DEL,5599,1
18,DEL,5727,1
18,DEL,5759,1
18,DEL,5791,1
18,DEL,5855,1
18,DEL,5951,1
18,DEL,6015,1
18,DEL,6399,1
18,DEL,6431,1
18,DEL,6559,1
18,DEL,6591,1
18,DEL,6623,1
18,DEL,7007,1
18,DEL,7071,1
18,DEL,7103,1
18,DEL,7135,1
18,DEL,7263,1
18,DEL,7775,1
18,DEL,7871,1
18,DEL,7999,1
18,DEL,8831,1
18,DEL,9855,1
18,DEL,19967,1
18,DEL,20351,1
18,DEL,24063,1
18,DEL,24703,1
18,DEL,27775,1
18,DEL,28671,1
18,DEL,29823,1
18,DEL,30719,1
18,DEL,33023,1
18,DEL,36351,1
18,DEL,37375,1
18,DEL,40191,1
18,DEL,42239,2
18,DEL,43519,1
18,DEL,45567,2
18,DEL,45823,1
18,DEL,47103,1
18,DEL,47359,1
18,DEL,47615,3
18,DEL,47871,2
18,DEL,48127,1
18,DEL,48639,3
18,DEL,48895,2
18,DEL,49151,1
18,DEL,49407,4
18,DEL,49663,2
18,DEL,49919,3
18,DEL,50175,4
18,DEL,50687,2
18,DEL,51199,2
18,DEL,51455,2
18,DEL,51711,3
18,DEL,51967,1
18,DEL,52223,1
18,DEL,52479,3
18,DEL,52735,1
18,DEL,52991,5
18,DEL,53503,3
18,DEL,54015,2
18,DEL,54271,2
18,DEL,54527,2
18,DEL,54783,3
18,DEL,55039,1
18,DEL,55295,1
18,DEL,55807,2
18,DEL,56575,2
18,DEL,56831,1
18,DEL,57343,3
18,DEL,57599,1
18,DEL,57855,1
18,DEL,58111,1
18,DEL,59135,1
18,DEL,59903,1
18,GET,119,1
18,GET,123,1
18,GET,131,2
18,GET,147,1
18,GET,151,1
18,GET,153,1
18,GET,154,1
18,GET,155,1
18,GET,156,4
18,GET,161,3
18,GET,163,1
18,GET,164,2
18,GET,166,1
18,GET,168,1
18,GET,169,5
18,GET,170,1
18,GET,171,2
18,GET,174,1
18,GET,175,2
18,GET,176,4
18,GET,177,2
18,GET,178,4
18,GET,179,5
18,GET,180,5
18,GET,181,4
18,GET,182,1
18,GET,183,3
18,GET,184,3
18,GET,186,1
18,GET,187,2
18,GET,188,5
18,GET,189,1
18,GET,190,4
18,GET,191,4
18,GET,192,7
18,GET,193,6
18,GET,194,2
18,GET,195,3
18,GET,196,2
18,GET,197,7
18,GET,199,5
18,GET,201,4
18,GET,203,7
18,GET,204,2
18,GET,205,4
18,GET,206,4
18,GET,207,4
18,GET,208,6
18,GET,209,5
18,GET,210,1
18,GET,211,4
18,GET,212,10
18,GET,213,4
18,GET,214,2
18,GET,215,5
18,GET,217,3
18,GET,218,1
18,GET,219,1
18,GET,220,3
18,GET,221,5
18,GET,222,6
18,GET,223,2
18,GET,224,1
18,GET,225,2
18,GET,226,2
18,GET,227,3
18,GET,228,3
18,GET,229,3
18,GET,230,3
18,GET,231,3
18,GET,232,1
18,GET,233,2
18,GET,234,3
18,GET,235,4
18,GET,236,1
18,GET,237,1
18,GET,238,2
18,GET,239,6
18,GET,240,2
18,GET,242,1
18,GET,243,1
18,GET,244,4
18,GET,245,3
18,GET,246,1
18,GET,247,2
18,GET,248,2
18,GET,251,1
18,GET,252,1
18,GET,253,1
18,GET,254,1
18,GET,255,1
18,GET,257,2
18,GET,259,4
18,GET,261,3
18,GET,263,1
18,GET,265,3
18,GET,267,2
18,GET,269,1
18,GET,271,1
18,GET,273,2
18,GET,275,2
18,GET,277,3
18,GET,279,1
18,GET,281,1
18,GET,283,2
18,GET,285,1
18,GET,287,2
18,GET,289,6
18,GET,291,3
18,GET,295,2
18,GET,297,1
18,GET,299,1
18,GET,301,3
18,GET,303,5
18,GET,305,1
18,GET,307,1
18,GET,309,1
18,GET,311,4
18,GET,313,2
18,GET,315,2
18,GET,317,2
18,GET,321,1
18,GET,327,1
18,GET,333,1
18,GET,335,1
18,GET,337,2
18,GET,341,2
18,GET,343,2
18,GET,345,1
18,GET,359,1
18,GET,361,1
18,GET,367,1
18,GET,369,3
18,GET,381,1
18,GET,383,2
18,GET,391,1
18,GET,401,1
18,GET,407,2
18,GET,409,1
18,GET,411,1
18,GET,413,1
18,GET,415,1
18,GET,417,1
18,GET,425,1
18,GET,427,1
18,GET,431,1
18,GET,433,1
18,GET,437,1
18,GET,439,2
18,GET,441,1
18,GET,451,1
18,GET,453,4
18,GET,457,1
18,GET,459,2
18,GET,463,1
18,GET,465,2
18,GET,469,1
18,GET,473,1
18,GET,475,2
18,GET,483,2
18,GET,485,2
18,GET,487,1
18,GET,507,2
18,GET,509,1
18,GET,519,3
18,GET,523,1
18,GET,527,2
18,GET,531,3
18,GET,535,3
18,GET,539,1
18,GET,547,3
18,GET,551,3
18,GET,555,1
18,GET,559,2
18,GET,563,2
18,GET,567,2
18,GET,571,1
18,GET,575,3
18,GET,579,1
18,GET,583,2
18,GET,591,1
18,GET,595,2
18,GET,599,4
18,GET,603,2
18,GET,611,2
18,GET,615,2
18,GET,623,3
18,GET,627,1
18,GET,635,1
18,GET,639,1
18,GET,651,1
18,GET,655,1
18,GET,659,1
18,GET,663,1
18,GET,679,1
18,GET,683,1
18,GET,687,4
18,GET,691,1
18,GET,695,2
18,GET,703,2
18,GET,707,3
18,GET,711,1
18,GET,715,2
18,GET,739,1
18,GET,747,1
18,GET,759,1
18,GET,763,1
18,GET,767,1
18,GET,771,1
18,GET,775,1
18,GET,787,2
18,GET,799,2
18,GET,811,2
18,GET,815,1
18,GET,819,1
18,GET,823,3
18,GET,827,3
18,GET,831,2
18,GET,835,1
18,GET,843,1
18,GET,851,2
18,GET,855,1
18,GET,859,1
18,GET,863,1
18,GET,871,2
18,GET,875,1
18,GET,887,1
18,GET,891,4
18,GET,907,2
18,GET,911,4
18,GET,915,1
18,GET,923,1
18,GET,931,2
18,GET,939,2
18,GET,947,1
18,GET,955,1
18,GET,959,2
18,GET,975,1
18,GET,979,2
18,GET,983,1
18,GET,991,1
18,GET,995,1
18,GET,1003,1
18,GET,1023,1
18,GET,1031,2
18,GET,1039,2
18,GET,1047,1
18,GET,1055,1
18,GET,1071,1
18,GET,1079,1
18,GET,1087,2
18,GET,1095,1
18,GET,1103,2
18,GET,1111,1
18,GET,1119,1
18,GET,1127,1
18,GET,1135,1
18,GET,1143,2
18,GET,1151,2
18,GET,1159,1
18,GET,1175,4
18,GET,1199,1
18,GET,1215,1
18,GET,1239,2
18,GET,1263,1
18,GET,1271,1
18,GET,1279,1
18,GET,1287,1
18,GET,1295,4
18,GET,1303,2
18,GET,1311,1
18,GET,1327,2
18,GET,1335,2
18,GET,1343,3
18,GET,1351,6
18,GET,1367,1
18,GET,1375,1
18,GET,1391,1
18,GET,1399,1
18,GET,1407,1
18,GET,1423,1
18,GET,1455,1
18,GET,1463,1
18,GET,1479,1
18,GET,1487,2
18,GET,1503,1
18,GET,1511,1
18,GET,1519,2
18,GET,1527,1
18,GET,1551,2
18,GET,1559,1
18,GET,1575,1
18,GET,1583,2
18,GET,1591,1
18,GET,1599,2
18,GET,1607,1
18,GET,1639,2
18,GET,1655,2
18,GET,1663,1
18,GET,1671,1
18,GET,1687,1
18,GET,1727,2
18,GET,1735,3
18,GET,1751,2
18,GET,1759,1
18,GET,1775,1
18,GET,1783,2
18,GET,1799,1
18,GET,1807,1
18,GET,1847,1
18,GET,1855,1
18,GET,1863,1
18,GET,1871,3
18,GET,1887,1
18,GET,1895,1
18,GET,1903,2
18,GET,1911,1
18,GET,1919,1
18,GET,1943,1
18,GET,1959,1
18,GET,1967,1
18,GET,1975,1
18,GET,1983,1
18,GET,2007,2
18,GET,2015,1
18,GET,2023,1
18,GET,2031,2
18,GET,2063,2
18,GET,2079,2
18,GET,2095,5
18,GET,2127,6
18,GET,2143,2
18,GET,2159,3
18,GET,2175,2
18,GET,2207,1
18,GET,2223,2
18,GET,2239,2
18,GET,2255,2
18,GET,2271,7
18,GET,2287,2
18,GET,2303,3
18,GET,2319,2
18,GET,2335,3
18,GET,2351,3
18,GET,2367,2
18,GET,2383,3
18,GET,2399,4
18,GET,2431,5
18,GET,2447,2
18,GET,2479,4
18,GET,2495,4
18,GET,2511,2
18,GET,2527,1
18,GET,2543,4
18,GET,2559,2
18,GET,2575,5
18,GET,2591,4
18,GET,2623,2
18,GET,2639,2
18,GET,2655,4
18,GET,2671,1
18,GET,2687,1
18,GET,2703,4
18,GET,2719,4
18,GET,2735,7
18,GET,2751,5
18,GET,2767,4
18,GET,2783,3
18,GET,2799,4
18,GET,2815,2
18,GET,2831,3
18,GET,2847,2
18,GET,2863,3
18,GET,2879,4
18,GET,2895,3
18,GET,2911,3
18,GET,2927,4
18,GET,2943,2
18,GET,2959,4
18,GET,2975,5
18,GET,2991,8
18,GET,3007,4
18,GET,3023,2
18,GET,3039,4
18,GET,3055,3
18,GET,3071,2
18,GET,3087,3
18,GET,3103,3
18,GET,3119,4
18,GET,3135,2
18,GET,3167,4
18,GET,3183,5
18,GET,3199,2
18,GET,3215,7
18,GET,3231,6
18,GET,3247,3
18,GET,3263,1
18,GET,3279,3
18,GET,3295,1
18,GET,3311,5
18,GET,3327,4
18,GET,3343,3
18,GET,3359,4
18,GET,3375,1
18,GET,3391,1
18,GET,3407,4
18,GET,3423,1
18,GET,3439,2
18,GET,3455,4
18,GET,3471,3
18,GET,3487,4
18,GET,3519,6
18,GET,3535,2
18,GET,3551,6
18,GET,3567,3
18,GET,3583,4
18,GET,3599,3
18,GET,3615,4
18,GET,3631,2
18,GET,3663,1
18,GET,3679,1
18,GET,3695,1
18,GET,3711,5
18,GET,3727,2
18,GET,3743,2
18,GET,3759,3
18,GET,3775,4
18,GET,3791,2
18,GET,3807,1
18,GET,3823,2
18,GET,3839,3
18,GET,3855,3
18,GET,3871,3
18,GET,3887,2
18,GET,3903,2
18,GET,3919,5
18,GET,3935,1
18,GET,3951,2
18,GET,3983,2
18,GET,4015,4
18,GET,4031,2
18,GET,4047,1
18,GET,4063,1
18,GET,4079,2
18,GET,4095,2
18,GET,4127,3
18,GET,4159,4
18,GET,4191,5
18,GET,4223,4
18,GET,4255,6
18,GET,4287,5
18,GET,4319,2
18,GET,4351,2
18,GET,4383,1
18,GET,4415,5
18,GET,4447,1
18,GET,4479,1
18,GET,4511,1
18,GET,4543,2
18,GET,4575,4
18,GET,4607,2
18,GET,4671,3
18,GET,4703,3
18,GET,4735,4
18,GET,4767,1
18,GET,4799,1
18,GET,4831,1
18,GET,4863,1
18,GET,4895,1
18,GET,4927,1
18,GET,4959,1
18,GET,4991,1
18,GET,5023,1
18,GET,5087,3
18,GET,5119,1
18,GET,5215,2
18,GET,5247,2
18,GET,5279,2
18,GET,5343,1
18,GET,5407,2
18,GET,5631,1
18,GET,5759,2
18,GET,5855,1
18,GET,5919,1
18,GET,5951,2
18,GET,6015,1
18,GET,6143,1
18,GET,6431,1
18,GET,6655,1
19,DEL,108,1
19,DEL,127,1
19,DEL,138,1
19,DEL,150,1
19,DEL,153,1
19,DEL,167,1
19,DEL,174,2
19,DEL,175,1
19,DEL,176,1
19,DEL,177,1
19,DEL,179,1
19,DEL,181,2
19,DEL,182,1
19,DEL,183,1
19,DEL,184,2
19,DEL,185,3
19,DEL,187,2
19,DEL,188,3
19,DEL,189,1
19,DEL,190,2
19,DEL,191,1
19,DEL,192,4
19,DEL,193,3
19,DEL,194,2
19,DEL,195,1
19,DEL,196,2
19,DEL,197,2
19,DEL,199,1
19,DEL,200,2
19,DEL,202,2
19,DEL,203,2
19,DEL,206,3
19,DEL,208,2
19,DEL,209,3
19,DEL,210,1
19,DEL,211,1
19,DEL,212,2
19,DEL,216,2
19,DEL,217,1
19,DEL,218,1
19,DEL,219,3
19,DEL,220,1
19,DEL,221,1
19,DEL,222,2
19,DEL,224,1
19,DEL,229,3
19,DEL,235,1
19,DEL,236,1
19,DEL,238,1
19,DEL,240,2
19,DEL,242,3
19,DEL,244,1
19,DEL,245,1
19,DEL,247,1
19,DEL,248,1
19,DEL,249,1
19,DEL,251,1
19,DEL,252,1
19,DEL,257,2
19,DEL,259,1
19,DEL,267,2
19,DEL,271,1
19,DEL,273,1
19,DEL,275,3
19,DEL,277,2
19,DEL,279,1
19,DEL,285,1
19,DEL,291,1
19,DEL,295,1
19,DEL,313,2
19,DEL,321,1
19,DEL,323,1
19,DEL,325,1
19,DEL,333,1
19,DEL,343,1
19,DEL,351,1
19,DEL,377,1
19,DEL,387,1
19,DEL,395,1
19,DEL,397,1
19,DEL,401,1
19,DEL,411,1
19,DEL,423,1
19,DEL,425,1
19,DEL,427,1
19,DEL,429,1
19,DEL,433,1
19,DEL,435,2
19,DEL,441,2
19,DEL,445,1
19,DEL,457,2
19,DEL,461,1
19,DEL,465,1
19,DEL,475,1
19,DEL,479,1
19,DEL,483,1
19,DEL,485,1
19,DEL,495,1
19,DEL,503,1
19,DEL,505,1
19,DEL,531,1
19,DEL,539,1
19,DEL,551,1
19,DEL,599,2
19,DEL,603,1
19,DEL,611,1
19,DEL,635,2
19,DEL,655,1
19,DEL,667,1
19,DEL,703,1
19,DEL,731,2
19,DEL,735,1
19,DEL,743,1
19,DEL,775,1
19,DEL,779,1
19,DEL,791,1
19,DEL,799,1
19,DEL,823,1
19,DEL,835,1
19,DEL,855,1
19,DEL,859,1
19,DEL,875,1
19,DEL,879,1
19,DEL,883,1
19,DEL,887,2
19,DEL,899,1
19,DEL,911,1
19,DEL,919,1
19,DEL,927,1
19,DEL,955,1
19,DEL,959,1
19,DEL,1015,1
19,DEL,1031,1
19,DEL,1087,2
19,DEL,1103,1
19,DEL,1119,1
19,DEL,1127,1
19,DEL,1135,1
19,DEL,1199,1
19,DEL,1247,1
19,DEL,1343,1
19,DEL,1367,1
19,DEL,1391,2
19,DEL,1463,1
19,DEL,1487,1
19,DEL,1511,1
19,DEL,1519,1
19,DEL,1599,1
19,DEL,2111,1
19,DEL,2399,1
19,DEL,2447,1
19,DEL,2511,1
19,DEL,2575,1
19,DEL,2655,1
19,DEL,2687,1
19,DEL,2735,1
19,DEL,2751,2
19,DEL,2783,1
19,DEL,2799,2
19,DEL,2863,2
19,DEL,2879,1
19,DEL,2911,2
19,DEL,2975,1
19,DEL,2991,1
19,DEL,3007,1
19,DEL,3055,1
19,DEL,3087,1
19,DEL,3119,1
19,DEL,3183,1
19,DEL,3199,1
19,DEL,3247,1
19,DEL,3263,1
19,DEL,3279,1
19,DEL,3311,1
19,DEL,3343,1
19,DEL,3391,1
19,DEL,3471,2
19,DEL,3487,1
19,DEL,3503,1
19,DEL,3567,1
19,DEL,3583,1
19,DEL,3599,1
19,DEL,3615,2
19,DEL,3647,1
19,DEL,3679,2
19,DEL,3695,1
19,DEL,3711,1
19,DEL,3807,1
19,DEL,3871,2
19,DEL,3887,1
19,DEL,3903,1
19,DEL,3935,1
19,DEL,3983,1
19,DEL,4015,1
19,DEL,4031,1
19,DEL,4063,1
19,DEL,4127,1
19,DEL,4159,1
19,DEL,4255,1
19,DEL,4319,1
19,DEL,4479,1
19,DEL,4511,1
19,DEL,4543,2
19,DEL,4575,1
19,DEL,4671,1
19,DEL,4703,1
19,DEL,4863,2
19,DEL,4959,1
19,DEL,4991,1
19,DEL,5055,2
19,DEL,5247,1
19,DEL,5279,1
19,DEL,5407,1
19,DEL,5439,2
19,DEL,5471,1
19,DEL,5663,1
19,DEL,5727,1
19,DEL,5791,1
19,DEL,5823,2
19,DEL,5919,1
19,DEL,5983,1
19,DEL,6047,2
19,DEL,6143,1
19,DEL,6207,1
19,DEL,6239,1
19,DEL,6303,1
19,DEL,6335,1
19,DEL,6431,1
19,DEL,6815,1
19,DEL,6943,1
19,DEL,7039,1
19,DEL,7327,1
19,DEL,7359,2
19,DEL,7487,1
19,DEL,7615,1
19,DEL,7775,1
19,DEL,7839,1
19,DEL,17791,1
19,DEL,18303,1
19,DEL,18943,1
19,DEL,21503,1
19,DEL,24575,1
19,DEL,26751,1
19,DEL,31231,1
19,DEL,34303,1
19,DEL,38143,1
19,DEL,40447,1
19,DEL,41215,1
19,DEL,42751,2
19,DEL,43007,2
19,DEL,43775,1
19,DEL,44031,1
19,DEL,44799,2
19,DEL,45055,2
19,DEL,45823,1
19,DEL,46079,3
19,DEL,46591,1
19,DEL,46847,1
19,DEL,47615,1
19,DEL,47871,2
19,DEL,48127,1
19,DEL,48383,1
19,DEL,48639,4
19,DEL,48895,1
19,DEL,49151,1
19,DEL,49407,2
19,DEL,49919,1
19,DEL,50175,1
19,DEL,50431,2
19,DEL,50687,3
19,DEL,50943,1
19,DEL,51199,3
19,DEL,51455,4
19,DEL,51711,1
19,DEL,51967,2
19,DEL,52223,2
19,DEL,52479,2
19,DEL,52735,1
19,DEL,53247,3
19,DEL,53503,3
19,DEL,53759,1
19,DEL,54015,4
19,DEL,54271,3
19,DEL,54527,1
19,DEL,54783,1
19,DEL,55039,5
19,DEL,55295,1
19,DEL,56063,2
19,DEL,56575,1
19,DEL,58623,1
19,DEL,59647,1
19,DEL,60671,1
19,DEL,63743,1
19,GET,121,1
19,GET,123,2
19,GET,128,2
19,GET,129,1
19,GET,133,1
19,GET,134,1
19,GET,136,1
19,GET,145,1
19,GET,147,1
19,GET,150,1
19,GET,152,1
19,GET,153,2
19,GET,156,1
19,GET,160,3
19,GET,161,2
19,GET,162,2
19,GET,163,1
19,GET,164,2
19,GET,165,1
19,GET,166,1
19,GET,168,3
19,GET,169,4
19,GET,170,1
19,GET,171,3
19,GET,172,5
19,GET,173,2
19,GET,174,3
19,GET,176,3
19,GET,177,1
19,GET,178,3
19,GET,179,1
19,GET,180,1
19,GET,182,3
19,GET,183,4
19,GET,184,4
19,GET,185,1
19,GET,186,3
19,GET,187,3
19,GET,188,2
19,GET,189,4
19,GET,190,1
19,GET,191,1
19,GET,192,1
19,GET,193,2
19,GET,194,2
19,GET,195,5
19,GET,196,1
19,GET,197,1
19,GET,198,3
19,GET,199,2
19,GET,200,2
19,GET,202,2
19,GET,203,4
19,GET,204,2
19,GET,205,3
19,GET,206,5
19,GET,207,5
19,GET,208,3
19,GET,209,3
19,GET,210,4
19,GET,211,1
19,GET,212,4
19,GET,213,3
19,GET,214,3
19,GET,215,3
19,GET,216,2
19,GET,217,5
19,GET,218,6
19,GET,220,3
19,GET,221,1
19,GET,222,4
19,GET,223,4
19,GET,224,3
19,GET,225,1
19,GET,226,2
19,GET,227,1
19,GET,228,2
19,GET,229,1
19,GET,230,3
19,GET,231,2
19,GET,232,3
19,GET,233,2
19,GET,234,2
19,GET,235,2
19,GET,236,3
19,GET,237,1
19,GET,238,2
19,GET,239,2
19,GET,242,3
19,GET,244,3
19,GET,245,1
19,GET,246,2
19,GET,247,1
19,GET,248,1
19,GET,249,1
19,GET,250,1
19,GET,252,2
19,GET,254,2
19,GET,255,2
19,GET,257,1
19,GET,259,3
19,GET,261,3
19,GET,263,3
19,GET,265,2
19,GET,267,2
19,GET,269,3
19,GET,271,3
19,GET,273,2
19,GET,275,1
19,GET,279,2
19,GET,283,1
19,GET,285,1
19,GET,287,3
19,GET,289,1
19,GET,291,3
19,GET,293,1
19,GET,295,2
19,GET,297,4
19,GET,299,1
19,GET,301,2
19,GET,303,2
19,GET,305,1
19,GET,307,4
19,GET,309,2
19,GET,313,1
19,GET,325,1
19,GET,333,1
19,GET,337,2
19,GET,339,1
19,GET,341,1
19,GET,343,1
19,GET,347,1
19,GET,349,2
19,GET,351,2
19,GET,353,1
19,GET,357,1
19,GET,359,1
19,GET,361,1
19,GET,363,3
19,GET,365,3
19,GET,367,1
19,GET,369,1
19,GET,371,2
19,GET,373,1
19,GET,375,1
19,GET,379,1
19,GET,385,1
19,GET,391,1
19,GET,397,1
19,GET,399,1
19,GET,401,2
19,GET,403,2
19,GET,409,1
19,GET,411,1
19,GET,417,2
19,GET,419,1
19,GET,423,1
19,GET,425,1
19,GET,427,1
19,GET,429,2
19,GET,431,1
19,GET,439,2
19,GET,441,1
19,GET,443,1
19,GET,451,1
19,GET,459,1
19,GET,461,1
19,GET,465,2
19,GET,473,1
19,GET,479,1
19,GET,481,2
19,GET,483,2
19,GET,485,2
19,GET,493,1
19,GET,495,1
19,GET,497,2
19,GET,503,2
19,GET,509,1
19,GET,515,2
19,GET,519,1
19,GET,523,1
19,GET,531,1
19,GET,535,1
19,GET,543,1
19,GET,547,3
19,GET,551,2
19,GET,555,3
19,GET,559,1
19,GET,563,3
19,GET,567,1
19,GET,571,2
19,GET,575,3
19,GET,579,1
19,GET,583,1
19,GET,587,3
19,GET,595,1
19,GET,599,2
19,GET,607,2
19,GET,615,1
19,GET,623,2
19,GET,631,3
19,GET,635,2
19,GET,639,2
19,GET,647,1
19,GET,655,1
19,GET,659,2
19,GET,663,1
19,GET,667,2
19,GET,675,2
19,GET,683,1
19,GET,687,3
19,GET,691,1
19,GET,695,1
19,GET,699,1
19,GET,703,2
19,GET,719,1
19,GET,731,1
19,GET,735,1
19,GET,739,2
19,GET,747,1
19,GET,755,4
19,GET,759,1
19,GET,767,2
19,GET,775,1
19,GET,779,1
19,GET,791,1
19,GET,803,3
19,GET,807,1
19,GET,811,1
19,GET,835,3
19,GET,843,1
19,GET,847,1
19,GET,855,1
19,GET,859,1
19,GET,875,1
19,GET,879,2
19,GET,891,1
19,GET,899,1
19,GET,903,1
19,GET,907,2
19,GET,911,1
19,GET,919,2
19,GET,923,1
19,GET,931,1
19,GET,939,3
19,GET,951,3
19,GET,963,1
19,GET,967,1
19,GET,971,2
19,GET,975,1
19,GET,987,1
19,GET,991,2
19,GET,999,1
19,GET,1003,1
19,GET,1011,1
19,GET,1015,1
19,GET,1031,2
19,GET,1039,4
19,GET,1047,3
19,GET,1055,4
19,GET,1071,3
19,GET,1087,1
19,GET,1103,1
19,GET,1119,3
19,GET,1127,2
19,GET,1135,3
19,GET,1143,3
19,GET,1151,1
19,GET,1175,2
19,GET,1183,2
19,GET,1191,1
19,GET,1199,3
19,GET,1207,3
19,GET,1215,2
19,GET,1223,1
19,GET,1239,1
19,GET,1247,1
19,GET,1271,1
19,GET,1279,1
19,GET,1303,3
19,GET,1319,1
19,GET,1327,2
19,GET,1359,1
19,GET,1383,1
19,GET,1391,2
19,GET,1423,1
19,GET,1463,1
19,GET,1471,2
19,GET,1479,2
19,GET,1495,2
19,GET,1503,3
19,GET,1511,1
19,GET,1519,2
19,GET,1527,1
19,GET,1559,1
19,GET,1567,3
19,GET,1575,2
19,GET,1583,1
19,GET,1591,2
19,GET,1599,1
19,GET,1607,1
19,GET,1615,1
19,GET,1623,1
19,GET,1639,1
19,GET,1647,2
19,GET,1687,1
19,GET,1719,2
19,GET,1735,3
19,GET,1743,1
19,GET,1751,1
19,GET,1759,1
19,GET,1767,2
19,GET,1775,2
19,GET,1783,2
19,GET,1807,1
19,GET,1815,3
19,GET,1831,1
19,GET,1839,1
19,GET,1847,2
19,GET,1879,1
19,GET,1887,1
19,GET,1903,1
19,GET,1911,1
19,GET,1919,1
19,GET,1927,1
19,GET,1935,1
19,GET,1943,1
19,GET,1951,1
19,GET,1967,1
19,GET,1975,1
19,GET,1983,2
19,GET,1991,1
19,GET,2039,2
19,GET,2047,3
19,GET,2063,1
19,GET,2079,4
19,GET,2095,3
19,GET,2111,2
19,GET,2127,2
19,GET,2143,2
19,GET,2159,3
19,GET,2175,1
19,GET,2207,3
19,GET,2223,4
19,GET,2239,4
19,GET,2255,3
19,GET,2271,2
19,GET,2287,1
19,GET,2303,7
19,GET,2319,2
19,GET,2335,1
19,GET,2351,2
19,GET,2367,1
19,GET,2383,6
19,GET,2399,1
19,GET,2415,3
19,GET,2431,2
19,GET,2447,2
19,GET,2463,4
19,GET,2479,2
19,GET,2495,2
19,GET,2511,4
19,GET,2527,3
19,GET,2543,3
19,GET,2559,3
19,GET,2591,3
19,GET,2607,4
19,GET,2623,3
19,GET,2655,3
19,GET,2671,7
19,GET,2687,2
19,GET,2703,1
19,GET,2719,3
19,GET,2735,1
19,GET,2751,5
19,GET,2767,2
19,GET,2783,3
19,GET,2799,3
19,GET,2815,4
19,GET,2831,4
19,GET,2847,1
19,GET,2863,3
19,GET,2879,1
19,GET,2895,2
19,GET,2911,5
19,GET,2927,5
19,GET,2943,6
19,GET,2959,4
19,GET,2975,5
19,GET,2991,2
19,GET,3007,9
19,GET,3023,6
19,GET,3039,3
19,GET,3055,4
19,GET,3071,5
19,GET,3087,6
19,GET,3103,3
19,GET,3119,1
19,GET,3135,7
19,GET,3151,1
19,GET,3167,2
19,GET,3183,1
19,GET,3199,6
19,GET,3215,3
19,GET,3231,1
19,GET,3247,6
19,GET,3263,2
19,GET,3279,5
19,GET,3311,4
19,GET,3327,2
19,GET,3343,4
19,GET,3359,2
19,GET,3375,4
19,GET,3407,3
19,GET,3423,4
19,GET,3439,3
19,GET,3455,3
19,GET,3471,5
19,GET,3487,6
19,GET,3503,4
19,GET,3519,5
19,GET,3535,1
19,GET,3551,4
19,GET,3567,4
19,GET,3583,4
19,GET,3599,2
19,GET,3615,1
19,GET,3631,5
19,GET,3647,2
19,GET,3663,4
19,GET,3679,3
19,GET,3695,2
19,GET,3711,2
19,GET,3727,4
19,GET,3743,5
19,GET,3759,6
19,GET,3775,4
19,GET,3791,4
19,GET,3839,1
19,GET,3855,1
19,GET,3871,2
19,GET,3887,3
19,GET,3903,1
19,GET,3919,1
19,GET,3935,6
19,GET,3951,3
19,GET,3967,1
19,GET,3983,2
19,GET,3999,1
19,GET,4015,1
19,GET,4031,5
19,GET,4047,1
19,GET,4063,5
19,GET,4079,3
19,GET,4095,3
19,GET,4127,4
19,GET,4159,5
19,GET,4191,2
19,GET,4223,2
19,GET,4255,4
19,GET,4287,2
19,GET,4319,2
19,GET,4351,4
19,GET,4383,2
19,GET,4415,3
19,GET,4447,3
19,GET,4479,5
19,GET,4511,5
19,GET,4543,4
19,GET,4607,4
19,GET,4639,1
19,GET,4671,3
19,GET,4767,1
19,GET,4799,3
19,GET,4863,3
19,GET,4895,3
19,GET,4959,1
19,GET,4991,2
19,GET,5023,1
19,GET,5055,1
19,GET,5087,1
19,GET,5247,1
19,GET,5311,1
19,GET,5343,1
19,GET,5471,2
19,GET,5535,1
19,GET,5663,1
19,GET,5823,1
19,GET,5919,1
19,GET,5951,1
19,GET,6303,1
19,GET,6335,2
19,GET,6655,1
19,GET,7519,1
19,SET,128,1
19,SET,130,1
19,SET,142,2
19,SET,164,1
19,SET,191,1
19,SET,192,1
19,SET,201,1
19,SET,207,1
19,SET,209,1
19,SET,222,1
19,SET,224,1
19,SET,240,1
19,SET,243,1
19,SET,250,1
19,SET,253,1
19,SET,257,1
19,SET,267,1
19,SET,273,1
19,SET,285,1
19,SET,325,1
19,SET,353,1
19,SET,361,1
19,SET,411,1
19,SET,423,1
19,SET,527,1
19,SET,535,1
19,SET,559,1
19,SET,571,1
19,SET,635,1
19,SET,703,1
19,SET,735,2
19,SET,755,1
19,SET,767,1
19,SET,779,1
19,SET,791,1
19,SET,943,1
19,SET,1003,1
19,SET,1019,1
19,SET,1095,1
19,SET,1111,1
19,SET,1279,1
19,SET,1319,1
19,SET,1359,1
19,SET,1431,1
19,SET,1455,1
19,SET,1503,1
19,SET,1767,1
19,SET,1775,1
19,SET,1791,1
19,SET,1855,1
19,SET,1911,1
19,SET,2111,1
19,SET,2159,1
19,SET,2271,1
19,SET,2287,1
19,SET,2319,1
19,SET,2463,2
19,SET,2575,3
19,SET,2671,1
19,SET,2703,1
19,SET,2751,1
19,SET,2767,1
19,SET,2815,1
19,SET,2831,1
19,SET,2847,1
19,SET,2863,1
19,SET,2959,1
19,SET,2975,1
19,SET,2991,1
19,SET,3039,1
19,SET,3071,1
19,SET,3103,1
19,SET,3199,2
19,SET,3263,1
19,SET,3295,1
19,SET,3327,1
19,SET,3391,1
19,SET,3407,1
19,SET,3455,1
19,SET,3599,1
19,SET,3679,1
19,SET,3743,1
19,SET,3919,1
19,SET,4047,1
19,SET,4079,1
19,SET,4191,1
19,SET,4255,1
19,SET,4383,1
19,SET,4863,1
19,SET,5439,1
19,SET,6463,1
20,SET,137,1
20,SET,139,1
20,SET,163,1
20,SET,179,1
20,SET,194,2
20,SET,205,1
20,SET,206,1
20,SET,213,1
20,SET,216,1
20,SET,219,1
20,SET,224,1
20,SET,229,1
20,SET,252,1
20,SET,265,1
20,SET,281,1
20,SET,289,1
20,SET,307,1
20,SET,313,1
20,SET,337,1
20,SET,345,1
20,SET,359,1
20,SET,371,1
20,SET,423,1
20,SET,429,1
20,SET,437,1
20,SET,463,1
20,SET,515,1
20,SET,527,1
20,SET,563,1
20,SET,615,1
20,SET,767,1
20,SET,847,1
20,SET,911,1
20,SET,1063,1
20,SET,1143,1
20,SET,1159,1
20,SET,1199,1
20,SET,1303,1
20,SET,1399,1
20,SET,1847,1
20,SET,1895,1
20,SET,1983,1
20,SET,2127,1
20,SET,2143,1
20,SET,2223,1
20,SET,2271,1
20,SET,2415,1
20,SET,2511,1
20,SET,2559,1
20,SET,2607,1
20,SET,2719,1
20,SET,2735,1
20,SET,2831,1
20,SET,2879,1
20,SET,2927,1
20,SET,2975,1
20,SET,3023,1
20,SET,3055,1
20,SET,3071,1
20,SET,3311,1
20,SET,3327,1
20,SET,3423,1
20,SET,3583,1
20,SET,3759,1
20,SET,3807,2
20,SET,3935,2
20,SET,4063,1
20,SET,4127,1
20,SET,4159,1
20,SET,4351,1
20,GET,96,1
20,GET,103,1
20,GET,104,1
20,GET,107,1
20,GET,109,1
20,GET,111,1
20,GET,113,2
20,GET,117,1
20,GET,118,1
20,GET,120,1
20,GET,122,1
20,GET,126,2
20,GET,129,1
20,GET,134,1
20,GET,140,1
20,GET,141,2
20,GET,144,1
20,GET,149,1
20,GET,151,1
20,GET,152,2
20,GET,159,1
20,GET,160,1
20,GET,161,1
20,GET,162,2
20,GET,166,1
20,GET,169,1
20,GET,171,1
20,GET,173,2
20,GET,174,4
20,GET,175,2
20,GET,176,1
20,GET,177,1
20,GET,178,1
20,GET,179,2
20,GET,180,2
20,GET,181,4
20,GET,182,1
20,GET,183,4
20,GET,184,3
20,GET,185,1
20,GET,186,2
20,GET,187,3
20,GET,188,3
20,GET,189,2
20,GET,190,3
20,GET,191,1
20,GET,192,4
20,GET,193,3
20,GET,194,5
20,GET,196,6
20,GET,197,4
20,GET,198,1
20,GET,199,3
20,GET,200,6
20,GET,201,3
20,GET,202,5
20,GET,203,2
20,GET,204,3
20,GET,205,4
20,GET,206,3
20,GET,207,3
20,GET,208,2
20,GET,209,1
20,GET,210,3
20,GET,211,5
20,GET,212,6
20,GET,213,2
20,GET,214,3
20,GET,215,3
20,GET,217,3
20,GET,218,1
20,GET,219,4
20,GET,220,1
20,GET,221,1
20,GET,222,3
20,GET,223,2
20,GET,224,4
20,GET,225,6
20,GET,226,4
20,GET,227,5
20,GET,228,2
20,GET,229,1
20,GET,230,3
20,GET,231,3
20,GET,232,3
20,GET,233,2
20,GET,234,1
20,GET,235,2
20,GET,236,2
20,GET,237,2
20,GET,238,4
20,GET,239,4
20,GET,240,2
20,GET,241,4
20,GET,242,2
20,GET,243,1
20,GET,244,4
20,GET,245,1
20,GET,246,1
20,GET,247,2
20,GET,248,3
20,GET,249,4
20,GET,250,1
20,GET,251,1
20,GET,252,2
20,GET,254,2
20,GET,255,2
20,GET,257,2
20,GET,259,4
20,GET,261,1
20,GET,267,1
20,GET,271,5
20,GET,273,4
20,GET,275,3
20,GET,277,2
20,GET,279,1
20,GET,281,3
20,GET,285,2
20,GET,287,1
20,GET,291,2
20,GET,293,1
20,GET,295,2
20,GET,297,4
20,GET,301,2
20,GET,303,1
20,GET,305,2
20,GET,307,1
20,GET,309,1
20,GET,311,1
20,GET,313,2
20,GET,315,3
20,GET,317,2
20,GET,319,3
20,GET,321,1
20,GET,325,2
20,GET,327,1
20,GET,333,1
20,GET,335,2
20,GET,339,1
20,GET,343,1
20,GET,347,1
20,GET,359,3
20,GET,365,1
20,GET,367,1
20,GET,369,1
20,GET,371,2
20,GET,375,2
20,GET,377,2
20,GET,379,2
20,GET,383,2
20,GET,387,2
20,GET,397,1
20,GET,399,2
20,GET,401,1
20,GET,405,1
20,GET,407,3
20,GET,409,1
20,GET,411,3
20,GET,413,1
20,GET,415,1
20,GET,419,1
20,GET,421,1
20,GET,431,1
20,GET,435,3
20,GET,437,1
20,GET,439,3
20,GET,443,1
20,GET,445,1
20,GET,449,2
20,GET,453,1
20,GET,459,1
20,GET,467,2
20,GET,469,1
20,GET,471,1
20,GET,473,1
20,GET,475,1
20,GET,485,1
20,GET,487,1
20,GET,495,2
20,GET,503,1
20,GET,509,2
20,GET,511,3
20,GET,515,4
20,GET,523,3
20,GET,527,2
20,GET,539,2
20,GET,547,4
20,GET,551,2
20,GET,555,1
20,GET,559,2
20,GET,563,1
20,GET,567,1
20,GET,571,2
20,GET,575,2
20,GET,579,2
20,GET,583,1
20,GET,587,1
20,GET,591,1
20,GET,595,2
20,GET,599,2
20,GET,603,5
20,GET,611,1
20,GET,615,2
20,GET,619,2
20,GET,623,2
20,GET,627,1
20,GET,631,3
20,GET,635,2
20,GET,643,2
20,GET,647,2
20,GET,651,1
20,GET,655,1
20,GET,663,1
20,GET,667,1
20,GET,675,2
20,GET,679,1
20,GET,683,1
20,GET,687,1
20,GET,691,2
20,GET,695,1
20,GET,699,2
20,GET,703,1
20,GET,715,1
20,GET,723,1
20,GET,731,1
20,GET,735,2
20,GET,739,1
20,GET,751,1
20,GET,755,1
20,GET,759,2
20,GET,771,1
20,GET,779,2
20,GET,783,1
20,GET,791,1
20,GET,795,1
20,GET,803,2
20,GET,807,3
20,GET,811,4
20,GET,815,1
20,GET,819,1
20,GET,823,1
20,GET,831,1
20,GET,843,1
20,GET,847,2
20,GET,851,4
20,GET,859,2
20,GET,863,2
20,GET,871,1
20,GET,883,1
20,GET,887,2
20,GET,891,1
20,GET,895,1
20,GET,899,4
20,GET,903,1
20,GET,907,1
20,GET,915,3
20,GET,919,1
20,GET,923,1
20,GET,927,2
20,GET,959,1
20,GET,963,1
20,GET,967,1
20,GET,971,2
20,GET,975,2
20,GET,983,1
20,GET,987,2
20,GET,991,1
20,GET,1003,2
20,GET,1007,1
20,GET,1011,1
20,GET,1019,1
20,GET,1023,1
20,GET,1031,2
20,GET,1039,1
20,GET,1063,2
20,GET,1071,1
20,GET,1079,2
20,GET,1087,1
20,GET,1095,1
20,GET,1103,2
20,GET,1119,2
20,GET,1127,2
20,GET,1135,1
20,GET,1143,2
20,GET,1151,1
20,GET,1159,1
20,GET,1167,3
20,GET,1175,2
20,GET,1191,1
20,GET,1199,2
20,GET,1215,2
20,GET,1223,2
20,GET,1231,3
20,GET,1247,1
20,GET,1255,4
20,GET,1263,1
20,GET,1271,1
20,GET,1287,2
20,GET,1295,1
20,GET,1303,2
20,GET,1311,1
20,GET,1319,1
20,GET,1327,3
20,GET,1335,2
20,GET,1343,1
20,GET,1351,3
20,GET,1375,3
20,GET,1383,1
20,GET,1391,1
20,GET,1399,1
20,GET,1407,1
20,GET,1415,1
20,GET,1423,1
20,GET,1431,1
20,GET,1455,2
20,GET,1479,2
20,GET,1487,1
20,GET,1495,1
20,GET,1511,2
20,GET,1519,1
20,GET,1527,1
20,GET,1551,2
20,GET,1567,1
20,GET,1575,1
20,GET,1583,2
20,GET,1599,1
20,GET,1607,1
20,GET,1623,1
20,GET,1631,1
20,GET,1647,1
20,GET,1687,1
20,GET,1695,1
20,GET,1711,1
20,GET,1727,1
20,GET,1735,3
20,GET,1751,1
20,GET,1759,2
20,GET,1767,2
20,GET,1775,3
20,GET,1807,1
20,GET,1823,1
20,GET,1831,2
20,GET,1839,2
20,GET,1847,1
20,GET,1855,1
20,GET,1871,2
20,GET,1887,1
20,GET,1895,1
20,GET,1903,1
20,GET,1911,1
20,GET,1943,2
20,GET,1991,1
20,GET,1999,1
20,GET,2007,1
20,GET,2015,3
20,GET,2031,3
20,GET,2039,3
20,GET,2063,1
20,GET,2079,1
20,GET,2095,2
20,GET,2111,4
20,GET,2127,2
20,GET,2143,5
20,GET,2175,4
20,GET,2191,4
20,GET,2207,4
20,GET,2223,4
20,GET,2239,1
20,GET,2255,2
20,GET,2271,1
20,GET,2287,2
20,GET,2303,1
20,GET,2319,1
20,GET,2351,2
20,GET,2367,1
20,GET,2383,2
20,GET,2399,1
20,GET,2415,3
20,GET,2431,3
20,GET,2447,5
20,GET,2463,5
20,GET,2479,6
20,GET,2495,1
20,GET,2511,2
20,GET,2527,4
20,GET,2543,4
20,GET,2559,5
20,GET,2591,2
20,GET,2607,1
20,GET,2623,2
20,GET,2639,3
20,GET,2655,2
20,GET,2671,1
20,GET,2687,6
20,GET,2703,1
20,GET,2719,4
20,GET,2735,4
20,GET,2751,1
20,GET,2767,2
20,GET,2783,3
20,GET,2799,4
20,GET,2815,3
20,GET,2831,8
20,GET,2847,4
20,GET,2863,2
20,GET,2879,1
20,GET,2895,6
20,GET,2911,7
20,GET,2927,3
20,GET,2943,5
20,GET,2959,5
20,GET,2991,6
20,GET,3023,8
20,GET,3039,1
20,GET,3055,1
20,GET,3071,1
20,GET,3087,3
20,GET,3103,3
20,GET,3151,3
20,GET,3167,3
20,GET,3183,7
20,GET,3199,2
20,GET,3215,2
20,GET,3231,5
20,GET,3247,7
20,GET,3263,2
20,GET,3279,3
20,GET,3295,1
20,GET,3311,3
20,GET,3327,6
20,GET,3343,5
20,GET,3359,3
20,GET,3375,4
20,GET,3391,2
20,GET,3407,1
20,GET,3423,2
20,GET,3439,1
20,GET,3455,7
20,GET,3471,1
20,GET,3487,3
20,GET,3503,2
20,GET,3519,5
20,GET,3535,2
20,GET,3567,2
20,GET,3599,4
20,GET,3615,5
20,GET,3631,2
20,GET,3647,4
20,GET,3663,1
20,GET,3679,1
20,GET,3695,2
20,GET,3711,4
20,GET,3727,4
20,GET,3743,3
20,GET,3775,6
20,GET,3791,2
20,GET,3823,4
20,GET,3839,3
20,GET,3855,1
20,GET,3871,2
20,GET,3887,1
20,GET,3903,2
20,GET,3935,1
20,GET,3951,2
20,GET,3967,1
20,GET,3983,2
20,GET,3999,3
20,GET,4015,2
20,GET,4031,4
20,GET,4047,2
20,GET,4063,2
20,GET,4079,1
20,GET,4095,2
20,GET,4127,2
20,GET,4159,6
20,GET,4191,3
20,GET,4223,4
20,GET,4255,6
20,GET,4287,2
20,GET,4319,5
20,GET,4351,2
20,GET,4415,1
20,GET,4447,2
20,GET,4479,6
20,GET,4511,2
20,GET,4543,2
20,GET,4575,2
20,GET,4607,2
20,GET,4671,2
20,GET,4703,1
20,GET,4735,2
20,GET,4767,3
20,GET,4799,4
20,GET,4831,1
20,GET,4895,1
20,GET,4927,4
20,GET,4959,1
20,GET,5023,2
20,GET,5119,1
20,GET,5151,2
20,GET,5183,1
20,GET,5215,1
20,GET,5279,2
20,GET,5311,1
20,GET,5375,1
20,GET,5471,1
20,GET,5535,4
20,GET,5599,1
20,GET,5727,1
20,GET,5791,1
20,GET,5887,2
20,GET,5951,1
20,GET,6111,1
20,GET,6239,1
20,GET,6367,2
20,GET,6719,1
20,GET,7007,1
20,DEL,111,1
20,DEL,121,1
20,DEL,135,1
20,DEL,138,1
20,DEL,141,1
20,DEL,142,1
20,DEL,144,1
20,DEL,150,2
20,DEL,158,1
20,DEL,159,1
20,DEL,160,1
20,DEL,165,2
20,DEL,173,1
20,DEL,175,1
20,DEL,176,1
20,DEL,179,1
20,DEL,181,2
20,DEL,182,4
20,DEL,183,2
20,DEL,184,1
20,DEL,187,2
20,DEL,188,1
20,DEL,190,1
20,DEL,191,2
20,DEL,195,2
20,DEL,199,2
20,DEL,200,3
20,DEL,201,1
20,DEL,202,1
20,DEL,203,1
20,DEL,204,1
20,DEL,205,1
20,DEL,207,1
20,DEL,212,1
20,DEL,213,2
20,DEL,215,1
20,DEL,216,4
20,DEL,217,1
20,DEL,218,1
20,DEL,219,2
20,DEL,220,1
20,DEL,221,1
20,DEL,223,2
20,DEL,224,3
20,DEL,226,1
20,DEL,227,1
20,DEL,228,3
20,DEL,231,1
20,DEL,232,4
20,DEL,236,1
20,DEL,239,3
20,DEL,240,1
20,DEL,241,1
20,DEL,246,2
20,DEL,248,3
20,DEL,249,2
20,DEL,250,2
20,DEL,251,2
20,DEL,254,1
20,DEL,259,2
20,DEL,265,1
20,DEL,269,1
20,DEL,271,1
20,DEL,275,1
20,DEL,277,1
20,DEL,281,1
20,DEL,287,1
20,DEL,291,2
20,DEL,293,1
20,DEL,295,1
20,DEL,297,1
20,DEL,305,1
20,DEL,307,1
20,DEL,309,1
20,DEL,313,1
20,DEL,315,1
20,DEL,319,1
20,DEL,329,1
20,DEL,339,1
20,DEL,345,1
20,DEL,353,1
20,DEL,355,1
20,DEL,399,1
20,DEL,411,1
20,DEL,421,1
20,DEL,449,1
20,DEL,461,3
20,DEL,489,1
20,DEL,509,1
20,DEL,511,1
20,DEL,515,1
20,DEL,555,1
20,DEL,575,1
20,DEL,579,1
20,DEL,583,2
20,DEL,591,1
20,DEL,631,2
20,DEL,639,1
20,DEL,647,1
20,DEL,671,2
20,DEL,691,1
20,DEL,695,2
20,DEL,699,2
20,DEL,715,2
20,DEL,723,1
20,DEL,735,1
20,DEL,743,1
20,DEL,747,1
20,DEL,751,1
20,DEL,779,1
20,DEL,783,1
20,DEL,787,1
20,DEL,791,1
20,DEL,799,1
20,DEL,811,1
20,DEL,815,1
20,DEL,827,1
20,DEL,839,1
20,DEL,863,1
20,DEL,867,2
20,DEL,883,1
20,DEL,895,2
20,DEL,931,1
20,DEL,939,1
20,DEL,999,1
20,DEL,1015,1
20,DEL,1023,1
20,DEL,1063,1
20,DEL,1119,1
20,DEL,1143,1
20,DEL,1151,1
20,DEL,1183,1
20,DEL,1199,1
20,DEL,1207,2
20,DEL,1231,1
20,DEL,1263,1
20,DEL,1311,1
20,DEL,1335,1
20,DEL,1359,1
20,DEL,1383,1
20,DEL,1407,1
20,DEL,1479,2
20,DEL,1607,1
20,DEL,1639,1
20,DEL,1735,1
20,DEL,1767,1
20,DEL,1791,1
20,DEL,1823,1
20,DEL,1871,1
20,DEL,1943,1
20,DEL,2023,1
20,DEL,2063,1
20,DEL,2079,1
20,DEL,2175,2
20,DEL,2287,1
20,DEL,2431,2
20,DEL,2463,1
20,DEL,2495,1
20,DEL,2511,1
20,DEL,2559,1
20,DEL,2623,1
20,DEL,2639,1
20,DEL,2671,1
20,DEL,2703,2
20,DEL,2815,1
20,DEL,2831,2
20,DEL,2847,1
20,DEL,2927,1
20,DEL,3007,1
20,DEL,3023,1
20,DEL,3087,2
20,DEL,3103,2
20,DEL,3119,1
20,DEL,3167,1
20,DEL,3215,1
20,DEL,3247,1
20,DEL,3263,1
20,DEL,3279,1
20,DEL,3407,1
20,DEL,3487,1
20,DEL,3503,1
20,DEL,3519,1
20,DEL,3583,3
20,DEL,3615,1
20,DEL,3711,2
20,DEL,3823,1
20,DEL,3839,1
20,DEL,3919,2
20,DEL,3983,1
20,DEL,3999,1
20,DEL,4079,2
20,DEL,4159,1
20,DEL,4319,1
20,DEL,4351,1
20,DEL,4479,1
20,DEL,4575,2
20,DEL,4607,1
20,DEL,4639,2
20,DEL,4799,1
20,DEL,4863,1
20,DEL,4991,1
20,DEL,5087,1
20,DEL,5311,1
20,DEL,5343,1
20,DEL,5407,1
20,DEL,5535,1
20,DEL,5599,2
20,DEL,5727,1
20,DEL,5823,2
20,DEL,5919,1
20,DEL,6079,1
20,DEL,6111,1
20,DEL,6143,1
20,DEL,6335,1
20,DEL,6495,1
20,DEL,6911,1
20,DEL,6975,1
20,DEL,7007,1
20,DEL,7295,1
20,DEL,7391,1
20,DEL,7487,1
20,DEL,7775,1
20,DEL,7839,1
20,DEL,8255,1
20,DEL,9407,1
20,DEL,9983,1
20,DEL,10239,1
20,DEL,10623,1
20,DEL,11711,1
20,DEL,11903,1
20,DEL,12991,1
20,DEL,13183,1
20,DEL,13695,1
20,DEL,15039,1
20,DEL,16639,1
20,DEL,18303,1
20,DEL,22143,1
20,DEL,25215,1
20,DEL,25727,1
20,DEL,26239,1
20,DEL,31999,1
20,DEL,32383,1
20,DEL,38143,1
20,DEL,38911,1
20,DEL,39167,1
20,DEL,41727,1
20,DEL,42751,1
20,DEL,44287,1
20,DEL,45055,2
20,DEL,45311,1
20,DEL,46335,1
20,DEL,46591,2
20,DEL,46847,2
20,DEL,47103,1
20,DEL,47359,1
20,DEL,47871,1
20,DEL,48127,4
20,DEL,48383,1
20,DEL,48639,4
20,DEL,48895,3
20,DEL,49151,1
20,DEL,49407,1
20,DEL,49663,2
20,DEL,49919,1
20,DEL,50175,1
20,DEL,50431,5
20,DEL,50687,4
20,DEL,50943,1
20,DEL,51199,3
20,DEL,51455,1
20,DEL,51711,2
20,DEL,51967,1
20,DEL,52223,2
20,DEL,52735,3
20,DEL,52991,5
20,DEL,53247,3
20,DEL,53503,4
20,DEL,53759,2
20,DEL,54015,1
20,DEL,54271,1
20,DEL,54527,3
20,DEL,54783,1
20,DEL,56575,2
20,DEL,56831,1
20,DEL,57087,1
20,DEL,57343,1
20,DEL,57599,1
20,DEL,59135,1
20,DEL,62207,1
20,DEL,62463,2
21,GET,117,1
21,GET,138,1
21,GET,143,1
21,GET,146,1
21,GET,147,2
21,GET,150,1
21,GET,155,1
21,GET,156,1
21,GET,157,4
21,GET,160,1
21,GET,162,1
21,GET,163,1
21,GET,164,3
21,GET,165,1
21,GET,166,3
21,GET,169,2
21,GET,170,2
21,GET,171,1
21,GET,172,1
21,GET,175,1
21,GET,176,2
21,GET,177,3
21,GET,178,3
21,GET,179,2
21,GET,180,4
21,GET,181,2
21,GET,182,6
21,GET,183,5
21,GET,184,1
21,GET,185,4
21,GET,187,1
21,GET,188,9
21,GET,189,2
21,GET,190,1
21,GET,191,2
21,GET,192,5
21,GET,193,2
21,GET,194,2
21,GET,195,7
21,GET,196,2
21,GET,197,6
21,GET,198,1
21,GET,199,7
21,GET,200,4
21,GET,202,2
21,GET,203,4
21,GET,204,2
21,GET,205,1
21,GET,206,1
21,GET,207,5
21,GET,208,1
21,GET,209,5
21,GET,210,4
21,GET,211,3
21,GET,212,4
21,GET,213,2
21,GET,214,3
21,GET,215,2
21,GET,216,4
21,GET,217,7
21,GET,218,1
21,GET,219,4
21,GET,220,8
21,GET,221,3
21,GET,222,5
21,GET,223,2
21,GET,225,2
21,GET,226,1
21,GET,229,3
21,GET,230,2
21,GET,231,1
21,GET,232,4
21,GET,233,2
21,GET,234,3
21,GET,236,1
21,GET,237,2
21,GET,238,1
21,GET,239,2
21,GET,240,1
21,GET,241,2
21,GET,242,3
21,GET,244,3
21,GET,245,2
21,GET,246,2
21,GET,247,3
21,GET,248,1
21,GET,249,1
21,GET,252,1
21,GET,253,1
21,GET,254,2
21,GET,255,1
21,GET,257,3
21,GET,259,2
21,GET,261,1
21,GET,263,2
21,GET,265,3
21,GET,267,2
21,GET,269,2
21,GET,271,2
21,GET,273,2
21,GET,275,3
21,GET,279,2
21,GET,281,2
21,GET,283,1
21,GET,285,1
21,GET,287,4
21,GET,289,2
21,GET,291,2
21,GET,293,3
21,GET,295,2
21,GET,297,2
21,GET,299,3
21,GET,301,1
21,GET,303,2
21,GET,305,1
21,GET,309,2
21,GET,311,1
21,GET,313,1
21,GET,315,1
21,GET,317,1
21,GET,319,1
21,GET,321,2
21,GET,323,1
21,GET,325,2
21,GET,327,5
21,GET,329,2
21,GET,331,2
21,GET,335,1
21,GET,339,1
21,GET,341,1
21,GET,345,1
21,GET,347,1
21,GET,351,2
21,GET,353,2
21,GET,355,1
21,GET,357,1
21,GET,359,2
21,GET,361,1
21,GET,365,2
21,GET,371,1
21,GET,377,1
21,GET,379,1
21,GET,381,1
21,GET,383,1
21,GET,385,1
21,GET,387,2
21,GET,389,1
21,GET,391,1
21,GET,399,1
21,GET,401,2
21,GET,403,2
21,GET,407,2
21,GET,409,1
21,GET,413,3
21,GET,415,2
21,GET,423,1
21,GET,425,1
21,GET,427,1
21,GET,429,1
21,GET,431,1
21,GET,433,1
21,GET,439,1
21,GET,445,1
21,GET,447,3
21,GET,449,1
21,GET,451,1
21,GET,455,1
21,GET,457,1
21,GET,463,1
21,GET,465,2
21,GET,467,1
21,GET,469,1
21,GET,473,1
21,GET,475,2
21,GET,479,1
21,GET,481,1
21,GET,487,1
21,GET,493,2
21,GET,497,1
21,GET,499,1
21,GET,505,1
21,GET,511,1
21,GET,519,2
21,GET,527,2
21,GET,535,1
21,GET,547,1
21,GET,551,2
21,GET,555,2
21,GET,559,2
21,GET,563,2
21,GET,567,4
21,GET,571,2
21,GET,579,2
21,GET,595,1
21,GET,603,2
21,GET,607,1
21,GET,615,1
21,GET,619,1
21,GET,631,2
21,GET,635,1
21,GET,643,1
21,GET,651,1
21,GET,655,1
21,GET,667,2
21,GET,671,3
21,GET,675,3
21,GET,679,1
21,GET,687,2
21,GET,691,1
21,GET,695,1
21,GET,711,2
21,GET,715,4
21,GET,719,1
21,GET,723,2
21,GET,727,1
21,GET,735,1
21,GET,739,1
21,GET,743,3
21,GET,759,2
21,GET,763,1
21,GET,767,1
21,GET,771,1
21,GET,779,2
21,GET,783,1
21,GET,787,1
21,GET,791,1
21,GET,807,2
21,GET,815,2
21,GET,819,2
21,GET,827,2
21,GET,835,2
21,GET,839,1
21,GET,843,2
21,GET,851,1
21,GET,855,1
21,GET,863,2
21,GET,867,1
21,GET,879,2
21,GET,887,2
21,GET,895,1
21,GET,911,1
21,GET,915,2
21,GET,923,1
21,GET,927,1
21,GET,935,2
21,GET,939,1
21,GET,947,2
21,GET,951,1
21,GET,959,1
21,GET,967,2
21,GET,975,1
21,GET,979,1
21,GET,987,2
21,GET,995,1
21,GET,999,1
21,GET,1003,1
21,GET,1007,1
21,GET,1015,1
21,GET,1023,1
21,GET,1031,1
21,GET,1039,3
21,GET,1047,2
21,GET,1055,1
21,GET,1063,3
21,GET,1071,3
21,GET,1079,1
21,GET,1103,2
21,GET,1111,2
21,GET,1119,3
21,GET,1135,1
21,GET,1143,2
21,GET,1151,2
21,GET,1159,4
21,GET,1167,2
21,GET,1191,1
21,GET,1207,2
21,GET,1231,1
21,GET,1239,2
21,GET,1247,2
21,GET,1255,1
21,GET,1263,3
21,GET,1271,4
21,GET,1279,1
21,GET,1287,2
21,GET,1295,1
21,GET,1303,3
21,GET,1311,1
21,GET,1351,4
21,GET,1367,1
21,GET,1391,2
21,GET,1407,1
21,GET,1415,1
21,GET,1423,1
21,GET,1455,1
21,GET,1463,1
21,GET,1487,1
21,GET,1495,1
21,GET,1503,1
21,GET,1519,2
21,GET,1543,1
21,GET,1559,1
21,GET,1575,2
21,GET,1615,2
21,GET,1631,1
21,GET,1639,2
21,GET,1647,1
21,GET,1655,4
21,GET,1663,3
21,GET,1671,1
21,GET,1679,1
21,GET,1695,1
21,GET,1703,1
21,GET,1711,3
21,GET,1719,1
21,GET,1727,1
21,GET,1759,1
21,GET,1767,1
21,GET,1799,1
21,GET,1815,3
21,GET,1847,1
21,GET,1855,2
21,GET,1887,1
21,GET,1895,2
21,GET,1903,2
21,GET,1919,3
21,GET,1935,2
21,GET,1951,1
21,GET,1967,2
21,GET,1991,1
21,GET,1999,1
21,GET,2007,1
21,GET,2015,2
21,GET,2031,1
21,GET,2039,2
21,GET,2047,1
21,GET,2063,1
21,GET,2079,3
21,GET,2095,2
21,GET,2111,3
21,GET,2127,3
21,GET,2143,1
21,GET,2159,2
21,GET,2175,4
21,GET,2191,3
21,GET,2207,4
21,GET,2223,1
21,GET,2239,1
21,GET,2255,1
21,GET,2271,3
21,GET,2287,3
21,GET,2303,1
21,GET,2319,4
21,GET,2335,3
21,GET,2351,2
21,GET,2367,5
21,GET,2383,2
21,GET,2399,2
21,GET,2415,3
21,GET,2431,4
21,GET,2447,3
21,GET,2463,4
21,GET,2479,2
21,GET,2495,2
21,GET,2511,3
21,GET,2559,2
21,GET,2575,4
21,GET,2591,1
21,GET,2607,3
21,GET,2623,4
21,GET,2639,4
21,GET,2655,8
21,GET,2671,3
21,GET,2687,4
21,GET,2703,8
21,GET,2719,4
21,GET,2735,2
21,GET,2751,2
21,GET,2767,5
21,GET,2783,4
21,GET,2799,2
21,GET,2815,5
21,GET,2831,1
21,GET,2847,2
21,GET,2863,5
21,GET,2879,2
21,GET,2895,4
21,GET,2911,7
21,GET,2927,6
21,GET,2943,11
21,GET,2959,1
21,GET,2975,1
21,GET,2991,4
21,GET,3007,4
21,GET,3023,3
21,GET,3039,2
21,GET,3055,2
21,GET,3071,5
21,GET,3087,6
21,GET,3103,3
21,GET,3119,6
21,GET,3135,1
21,GET,3151,3
21,GET,3167,6
21,GET,3183,1
21,GET,3199,5
21,GET,3215,1
21,GET,3231,3
21,GET,3247,3
21,GET,3263,2
21,GET,3279,5
21,GET,3295,4
21,GET,3311,4
21,GET,3327,3
21,GET,3343,4
21,GET,3359,3
21,GET,3375,2
21,GET,3391,3
21,GET,3407,1
21,GET,3423,2
21,GET,3439,3
21,GET,3455,6
21,GET,3471,6
21,GET,3487,5
21,GET,3503,5
21,GET,3519,3
21,GET,3535,1
21,GET,3551,1
21,GET,3567,4
21,GET,3583,5
21,GET,3599,3
21,GET,3615,5
21,GET,3631,4
21,GET,3647,2
21,GET,3663,1
21,GET,3679,1
21,GET,3695,1
21,GET,3711,3
21,GET,3727,1
21,GET,3743,2
21,GET,3759,1
21,GET,3775,1
21,GET,3791,4
21,GET,3807,2
21,GET,3839,5
21,GET,3855,2
21,GET,3871,1
21,GET,3887,3
21,GET,3903,3
21,GET,3919,1
21,GET,3935,1
21,GET,3967,4
21,GET,3983,1
21,GET,3999,4
21,GET,4015,4
21,GET,4031,6
21,GET,4047,5
21,GET,4063,1
21,GET,4079,1
21,GET,4095,1
21,GET,4127,2
21,GET,4159,5
21,GET,4191,1
21,GET,4223,4
21,GET,4255,2
21,GET,4287,1
21,GET,4319,4
21,GET,4351,5
21,GET,4383,2
21,GET,4415,2
21,GET,4447,1
21,GET,4479,5
21,GET,4511,1
21,GET,4575,2
21,GET,4607,5
21,GET,4639,8
21,GET,4671,2
21,GET,4703,2
21,GET,4767,1
21,GET,4831,2
21,GET,4863,1
21,GET,4895,4
21,GET,4959,1
21,GET,4991,2
21,GET,5023,3
21,GET,5055,1
21,GET,5087,1
21,GET,5151,1
21,GET,5183,2
21,GET,5247,2
21,GET,5311,1
21,GET,5343,2
21,GET,5407,1
21,GET,5471,1
21,GET,5535,1
21,GET,5695,1
21,GET,5855,1
21,GET,5887,1
21,GET,5951,1
21,GET,6527,1
21,GET,6623,1
21,GET,6687,1
21,GET,6815,1
21,GET,7135,1
21,DEL,128,1
21,DEL,129,1
21,DEL,131,1
21,DEL,142,1
21,DEL,145,1
21,DEL,150,1
21,DEL,160,1
21,DEL,162,1
21,DEL,163,1
21,DEL,167,1
21,DEL,168,2
21,DEL,169,2
21,DEL,171,2
21,DEL,172,1
21,DEL,176,1
21,DEL,177,1
21,DEL,180,1
21,DEL,181,1
21,DEL,182,1
21,DEL,184,1
21,DEL,185,1
21,DEL,188,1
21,DEL,189,1
21,DEL,190,2
21,DEL,191,1
21,DEL,194,1
21,DEL,195,2
21,DEL,196,2
21,DEL,197,3
21,DEL,199,2
21,DEL,201,2
21,DEL,202,1
21,DEL,203,2
21,DEL,204,1
21,DEL,205,1
21,DEL,206,1
21,DEL,207,1
21,DEL,208,1
21,DEL,210,2
21,DEL,211,2
21,DEL,212,2
21,DEL,213,2
21,DEL,214,2
21,DEL,216,3
21,DEL,217,1
21,DEL,218,2
21,DEL,219,1
21,DEL,222,1
21,DEL,223,2
21,DEL,224,1
21,DEL,227,1
21,DEL,230,1
21,DEL,231,1
21,DEL,233,1
21,DEL,234,1
21,DEL,235,1
21,DEL,236,3
21,DEL,237,1
21,DEL,245,1
21,DEL,246,1
21,DEL,247,1
21,DEL,248,1
21,DEL,249,3
21,DEL,250,1
21,DEL,251,2
21,DEL,255,2
21,DEL,259,1
21,DEL,263,2
21,DEL,265,1
21,DEL,267,1
21,DEL,269,1
21,DEL,271,1
21,DEL,275,2
21,DEL,277,1
21,DEL,279,1
21,DEL,281,1
21,DEL,285,1
21,DEL,287,1
21,DEL,291,1
21,DEL,293,2
21,DEL,311,1
21,DEL,329,1
21,DEL,335,1
21,DEL,341,1
21,DEL,343,2
21,DEL,345,1
21,DEL,347,1
21,DEL,365,1
21,DEL,371,2
21,DEL,379,1
21,DEL,409,1
21,DEL,429,1
21,DEL,475,1
21,DEL,477,1
21,DEL,503,1
21,DEL,519,1
21,DEL,531,1
21,DEL,543,3
21,DEL,551,1
21,DEL,559,1
21,DEL,567,3
21,DEL,591,1
21,DEL,595,1
21,DEL,603,1
21,DEL,615,1
21,DEL,623,1
21,DEL,631,2
21,DEL,655,1
21,DEL,659,1
21,DEL,663,1
21,DEL,675,1
21,DEL,683,1
21,DEL,703,1
21,DEL,707,1
21,DEL,711,1
21,DEL,715,1
21,DEL,727,1
21,DEL,743,1
21,DEL,747,1
21,DEL,755,1
21,DEL,783,1
21,DEL,791,1
21,DEL,819,1
21,DEL,823,1
21,DEL,827,1
21,DEL,835,1
21,DEL,839,1
21,DEL,903,1
21,DEL,927,1
21,DEL,987,1
21,DEL,991,1
21,DEL,995,1
21,DEL,1031,1
21,DEL,1047,1
21,DEL,1071,2
21,DEL,1095,1
21,DEL,1111,1
21,DEL,1127,1
21,DEL,1143,1
21,DEL,1159,1
21,DEL,1183,1
21,DEL,1207,1
21,DEL,1215,1
21,DEL,1263,1
21,DEL,1271,2
21,DEL,1295,1
21,DEL,1303,1
21,DEL,1495,1
21,DEL,1567,1
21,DEL,1591,1
21,DEL,1671,1
21,DEL,1695,1
21,DEL,1711,1
21,DEL,1719,1
21,DEL,1847,1
21,DEL,1935,1
21,DEL,1943,1
21,DEL,2223,1
21,DEL,2319,1
21,DEL,2447,2
21,DEL,2479,1
21,DEL,2575,1
21,DEL,2591,1
21,DEL,2607,1
21,DEL,2639,1
21,DEL,2655,2
21,DEL,2671,1
21,DEL,2687,1
21,DEL,2735,2
21,DEL,2767,1
21,DEL,2783,1
21,DEL,2911,1
21,DEL,2975,2
21,DEL,2991,1
21,DEL,3023,2
21,DEL,3039,1
21,DEL,3135,2
21,DEL,3167,1
21,DEL,3199,1
21,DEL,3215,1
21,DEL,3263,1
21,DEL,3279,1
21,DEL,3311,1
21,DEL,3343,1
21,DEL,3407,1
21,DEL,3439,1
21,DEL,3503,1
21,DEL,3519,1
21,DEL,3535,1
21,DEL,3615,2
21,DEL,3647,2
21,DEL,3727,2
21,DEL,3743,1
21,DEL,3759,1
21,DEL,3823,1
21,DEL,3855,1
21,DEL,3903,1
21,DEL,3935,1
21,DEL,4015,1
21,DEL,4159,1
21,DEL,4255,1
21,DEL,4287,1
21,DEL,4319,2
21,DEL,4351,2
21,DEL,4447,1
21,DEL,4479,2
21,DEL,4639,1
21,DEL,4671,1
21,DEL,4703,1
21,DEL,4735,2
21,DEL,4799,1
21,DEL,4863,1
21,DEL,4959,1
21,DEL,5055,1
21,DEL,5183,1
21,DEL,5279,1
21,DEL,5407,1
21,DEL,5535,1
21,DEL,5599,1
21,DEL,5631,3
21,DEL,5727,2
21,DEL,5855,1
21,DEL,5919,1
21,DEL,6079,3
21,DEL,6271,1
21,DEL,6303,1
21,DEL,6591,1
21,DEL,7359,1
21,DEL,7775,1
21,DEL,7839,1
21,DEL,8031,1
21,DEL,8703,1
21,DEL,8831,1
21,DEL,9727,1
21,DEL,9919,1
21,DEL,26239,1
21,DEL,32767,1
21,DEL,35583,1
21,DEL,36095,1
21,DEL,40191,1
21,DEL,41983,1
21,DEL,42751,1
21,DEL,43007,1
21,DEL,44543,1
21,DEL,46335,1
21,DEL,46591,2
21,DEL,47103,2
21,DEL,47359,1
21,DEL,47615,2
21,DEL,47871,1
21,DEL,48127,1
21,DEL,48383,1
21,DEL,48639,2
21,DEL,48895,3
21,DEL,49151,3
21,DEL,49407,1
21,DEL,49663,3
21,DEL,49919,3
21,DEL,50175,2
21,DEL,50431,3
21,DEL,50687,2
21,DEL,50943,1
21,DEL,51199,4
21,DEL,51455,2
21,DEL,51711,2
21,DEL,51967,2
21,DEL,52223,4
21,DEL,52479,2
21,DEL,52735,2
21,DEL,52991,1
21,DEL,53759,3
21,DEL,54015,1
21,DEL,54271,1
21,DEL,54527,2
21,DEL,54783,1
21,DEL,55039,1
21,DEL,55295,3
21,DEL,55807,2
21,DEL,56063,1
21,DEL,56575,2
21,DEL,56831,1
21,DEL,58879,1
21,DEL,59135,1
21,DEL,60159,1
21,DEL,60671,1
21,DEL,60927,1
21,DEL,63999,1
21,SET,168,1
21,SET,177,1
21,SET,180,1
21,SET,194,1
21,SET,201,1
21,SET,205,1
21,SET,206,1
21,SET,207,1
21,SET,221,1
21,SET,224,1
21,SET,233,1
21,SET,236,1
21,SET,240,1
21,SET,244,1
21,SET,246,1
21,SET,252,1
21,SET,259,1
21,SET,263,1
21,SET,285,1
21,SET,303,1
21,SET,313,1
21,SET,335,1
21,SET,353,1
21,SET,369,1
21,SET,395,1
21,SET,455,1
21,SET,547,1
21,SET,551,1
21,SET,563,1
21,SET,607,1
21,SET,655,1
21,SET,735,1
21,SET,799,1
21,SET,823,1
21,SET,847,1
21,SET,875,1
21,SET,883,1
21,SET,895,1
21,SET,919,1
21,SET,1071,1
21,SET,1223,1
21,SET,1295,1
21,SET,1319,2
21,SET,1415,2
21,SET,1447,1
21,SET,1559,1
21,SET,1807,1
21,SET,1823,1
21,SET,1959,1
21,SET,2015,1
21,SET,2095,2
21,SET,2175,1
21,SET,2319,1
21,SET,2335,1
21,SET,2399,1
21,SET,2415,1
21,SET,2495,2
21,SET,2511,1
21,SET,2575,1
21,SET,2591,1
21,SET,2607,1
21,SET,2687,1
21,SET,2719,1
21,SET,2783,1
21,SET,2895,1
21,SET,2911,2
21,SET,3071,1
21,SET,3087,1
21,SET,3103,1
21,SET,3151,1
21,SET,3167,2
21,SET,3295,1
21,SET,3311,1
21,SET,3535,2
21,SET,3599,1
21,SET,3951,1
21,SET,4191,1
21,SET,4927,1
21,SET,5055,1
21,SET,5823,1
22,DEL,102,1
22,DEL,144,1
22,DEL,148,1
22,DEL,159,1
22,DEL,162,1
22,DEL,163,2
22,DEL,170,1
22,DEL,172,1
22,DEL,173,1
22,DEL,175,1
22,DEL,177,1
22,DEL,180,2
22,DEL,181,2
22,DEL,182,1
22,DEL,183,4
22,DEL,184,1
22,DEL,185,1
22,DEL,187,1
22,DEL,189,2
22,DEL,193,1
22,DEL,194,3
22,DEL,195,1
22,DEL,196,1
22,DEL,199,2
22,DEL,201,1
22,DEL,202,1
22,DEL,204,2
22,DEL,205,3
22,DEL,207,1
22,DEL,208,1
22,DEL,209,2
22,DEL,211,1
22,DEL,212,1
22,DEL,213,1
22,DEL,214,1
22,DEL,216,2
22,DEL,218,1
22,DEL,219,1
22,DEL,220,4
22,DEL,221,1
22,DEL,223,2
22,DEL,225,1
22,DEL,227,1
22,DEL,228,2
22,DEL,229,1
22,DEL,236,1
22,DEL,239,1
22,DEL,242,1
22,DEL,244,1
22,DEL,245,1
22,DEL,246,1
22,DEL,247,1
22,DEL,250,1
22,DEL,252,1
22,DEL,257,1
22,DEL,259,2
22,DEL,261,1
22,DEL,265,2
22,DEL,267,1
22,DEL,269,1
22,DEL,271,1
22,DEL,273,2
22,DEL,279,2
22,DEL,281,1
22,DEL,283,1
22,DEL,291,1
22,DEL,295,1
22,DEL,297,2
22,DEL,301,1
22,DEL,303,1
22,DEL,305,1
22,DEL,307,2
22,DEL,313,1
22,DEL,315,1
22,DEL,317,1
22,DEL,319,1
22,DEL,327,2
22,DEL,329,1
22,DEL,341,1
22,DEL,353,1
22,DEL,355,1
22,DEL,363,1
22,DEL,369,1
22,DEL,371,1
22,DEL,379,1
22,DEL,381,1
22,DEL,385,2
22,DEL,391,1
22,DEL,397,1
22,DEL,401,1
22,DEL,405,2
22,DEL,421,1
22,DEL,423,1
22,DEL,431,1
22,DEL,435,1
22,DEL,441,1
22,DEL,443,1
22,DEL,455,1
22,DEL,459,1
22,DEL,463,1
22,DEL,477,1
22,DEL,479,1
22,DEL,501,1
22,DEL,527,1
22,DEL,531,1
22,DEL,539,1
22,DEL,551,1
22,DEL,555,1
22,DEL,587,2
22,DEL,595,1
22,DEL,603,1
22,DEL,623,1
22,DEL,647,2
22,DEL,671,2
22,DEL,683,1
22,DEL,687,1
22,DEL,711,1
22,DEL,715,1
22,DEL,747,1
22,DEL,755,1
22,DEL,775,1
22,DEL,783,1
22,DEL,799,1
22,DEL,831,2
22,DEL,847,1
22,DEL,851,1
22,DEL,859,1
22,DEL,871,2
22,DEL,891,1
22,DEL,895,1
22,DEL,899,1
22,DEL,911,2
22,DEL,923,2
22,DEL,927,1
22,DEL,963,1
22,DEL,1003,1
22,DEL,1079,2
22,DEL,1087,1
22,DEL,1095,1
22,DEL,1183,1
22,DEL,1215,1
22,DEL,1239,1
22,DEL,1343,1
22,DEL,1383,1
22,DEL,1423,1
22,DEL,1567,1
22,DEL,1639,1
22,DEL,1647,2
22,DEL,1655,1
22,DEL,1687,1
22,DEL,1727,1
22,DEL,1735,1
22,DEL,1783,1
22,DEL,1807,1
22,DEL,1831,1
22,DEL,1903,1
22,DEL,1983,1
22,DEL,2031,1
22,DEL,2111,1
22,DEL,2143,1
22,DEL,2175,1
22,DEL,2303,1
22,DEL,2447,2
22,DEL,2495,2
22,DEL,2703,1
22,DEL,2719,1
22,DEL,2751,1
22,DEL,2815,1
22,DEL,2831,1
22,DEL,2847,1
22,DEL,2863,2
22,DEL,2943,1
22,DEL,2959,1
22,DEL,2991,2
22,DEL,3007,1
22,DEL,3023,2
22,DEL,3055,1
22,DEL,3071,2
22,DEL,3135,1
22,DEL,3215,1
22,DEL,3247,1
22,DEL,3263,2
22,DEL,3327,2
22,DEL,3343,1
22,DEL,3359,2
22,DEL,3407,1
22,DEL,3423,1
22,DEL,3519,2
22,DEL,3551,2
22,DEL,3647,1
22,DEL,3663,1
22,DEL,3743,1
22,DEL,3759,2
22,DEL,3775,1
22,DEL,3791,1
22,DEL,3823,1
22,DEL,3855,1
22,DEL,3887,1
22,DEL,3903,1
22,DEL,3919,2
22,DEL,3951,1
22,DEL,4015,1
22,DEL,4047,1
22,DEL,4127,1
22,DEL,4191,2
22,DEL,4223,3
22,DEL,4287,1
22,DEL,4415,1
22,DEL,4479,1
22,DEL,4543,1
22,DEL,4575,1
22,DEL,4607,2
22,DEL,4671,2
22,DEL,4735,1
22,DEL,4799,1
22,DEL,4895,1
22,DEL,4927,1
22,DEL,5023,1
22,DEL,5087,1
22,DEL,5247,1
22,DEL,5311,1
22,DEL,5343,1
22,DEL,5375,1
22,DEL,5503,1
22,DEL,5567,1
22,DEL,5599,2
22,DEL,5631,1
22,DEL,5663,1
22,DEL,5695,1
22,DEL,5791,1
22,DEL,5983,1
22,DEL,6079,1
22,DEL,6175,1
22,DEL,6239,1
22,DEL,6367,1
22,DEL,6719,1
22,DEL,6783,1
22,DEL,7039,1
22,DEL,7423,1
22,DEL,7615,1
22,DEL,8063,1
22,DEL,8191,1
22,DEL,8255,1
22,DEL,8383,1
22,DEL,8639,1
22,DEL,42751,1
22,DEL,43263,1
22,DEL,44287,1
22,DEL,46591,1
22,DEL,46847,3
22,DEL,47103,1
22,DEL,47615,2
22,DEL,47871,4
22,DEL,48127,1
22,DEL,48383,2
22,DEL,49151,3
22,DEL,49407,2
22,DEL,49663,2
22,DEL,50175,1
22,DEL,50431,4
22,DEL,50687,2
22,DEL,50943,1
22,DEL,51199,3
22,DEL,51711,3
22,DEL,51967,2
22,DEL,52479,1
22,DEL,52735,2
22,DEL,52991,1
22,DEL,53247,3
22,DEL,53503,1
22,DEL,53759,1
22,DEL,54015,4
22,DEL,54271,1
22,DEL,54527,2
22,DEL,54783,1
22,DEL,55551,2
22,DEL,55807,2
22,DEL,56063,1
22,DEL,56319,2
22,DEL,56575,3
22,DEL,56831,1
22,DEL,57599,2
22,DEL,58111,1
22,DEL,58367,1
22,DEL,59391,2
22,DEL,60159,2
22,SET,146,1
22,SET,151,1
22,SET,186,1
22,SET,198,1
22,SET,207,2
22,SET,212,1
22,SET,215,1
22,SET,218,2
22,SET,219,1
22,SET,222,2
22,SET,227,1
22,SET,237,1
22,SET,246,1
22,SET,249,1
22,SET,259,1
22,SET,263,1
22,SET,293,1
22,SET,349,1
22,SET,363,1
22,SET,371,1
22,SET,381,1
22,SET,393,1
22,SET,449,1
22,SET,485,1
22,SET,497,1
22,SET,571,1
22,SET,615,1
22,SET,679,1
22,SET,715,1
22,SET,767,1
22,SET,803,1
22,SET,851,1
22,SET,959,1
22,SET,1175,1
22,SET,1199,1
22,SET,1231,1
22,SET,1359,1
22,SET,1375,1
22,SET,1871,1
22,SET,2127,2
22,SET,2143,2
22,SET,2239,2
22,SET,2303,2
22,SET,2415,1
22,SET,2447,1
22,SET,2543,3
22,SET,2703,2
22,SET,2751,1
22,SET,3039,1
22,SET,3103,1
22,SET,3183,1
22,SET,3199,1
22,SET,3295,1
22,SET,3311,2
22,SET,3343,1
22,SET,3551,1
22,SET,3599,1
22,SET,3615,1
22,SET,3727,1
22,SET,3791,1
22,SET,3807,1
22,SET,3839,1
22,SET,3903,1
22,SET,4223,1
22,SET,4255,1
22,SET,4447,2
22,SET,4543,1
22,SET,4927,1
22,SET,5055,1
22,SET,5439,1
22,GET,107,1
22,GET,109,1
22,GET,127,2
22,GET,131,1
22,GET,141,1
22,GET,142,1
22,GET,143,1
22,GET,144,1
22,GET,146,1
22,GET,148,1
22,GET,151,2
22,GET,156,1
22,GET,157,3
22,GET,158,2
22,GET,160,2
22,GET,162,1
22,GET,164,1
22,GET,165,2
22,GET,166,2
22,GET,167,2
22,GET,168,1
22,GET,171,1
22,GET,172,1
22,GET,174,2
22,GET,175,3
22,GET,176,4
22,GET,177,1
22,GET,178,2
22,GET,179,2
22,GET,180,1
22,GET,181,4
22,GET,182,2
22,GET,183,3
22,GET,184,5
22,GET,185,2
22,GET,186,1
22,GET,187,2
22,GET,188,4
22,GET,189,1
22,GET,190,3
22,GET,191,4
22,GET,193,4
22,GET,194,2
22,GET,195,2
22,GET,196,3
22,GET,197,3
22,GET,198,4
22,GET,199,5
22,GET,200,4
22,GET,201,3
22,GET,202,3
22,GET,203,4
22,GET,204,5
22,GET,205,4
22,GET,206,3
22,GET,207,3
22,GET,208,4
22,GET,209,4
22,GET,210,3
22,GET,211,3
22,GET,212,2
22,GET,213,3
22,GET,214,2
22,GET,215,4
22,GET,216,6
22,GET,217,5
22,GET,218,2
22,GET,219,3
22,GET,220,2
22,GET,221,2
22,GET,223,4
22,GET,224,2
22,GET,225,1
22,GET,226,4
22,GET,227,3
22,GET,228,5
22,GET,229,2
22,GET,230,1
22,GET,231,1
22,GET,232,1
22,GET,233,2
22,GET,234,2
22,GET,235,4
22,GET,236,7
22,GET,237,1
22,GET,238,2
22,GET,239,2
22,GET,240,3
22,GET,241,1
22,GET,242,1
22,GET,243,1
22,GET,244,3
22,GET,245,2
22,GET,246,2
22,GET,247,2
22,GET,249,1
22,GET,251,5
22,GET,252,4
22,GET,253,3
22,GET,254,2
22,GET,255,1
22,GET,259,4
22,GET,261,2
22,GET,263,2
22,GET,265,5
22,GET,267,1
22,GET,269,3
22,GET,271,2
22,GET,273,5
22,GET,275,1
22,GET,277,1
22,GET,281,1
22,GET,283,2
22,GET,285,1
22,GET,287,1
22,GET,289,4
22,GET,291,4
22,GET,293,4
22,GET,295,2
22,GET,299,2
22,GET,301,1
22,GET,307,4
22,GET,309,2
22,GET,311,3
22,GET,313,1
22,GET,315,2
22,GET,317,1
22,GET,319,1
22,GET,321,1
22,GET,323,2
22,GET,329,2
22,GET,333,1
22,GET,343,1
22,GET,345,2
22,GET,347,1
22,GET,349,1
22,GET,351,2
22,GET,357,4
22,GET,361,1
22,GET,363,2
22,GET,365,3
22,GET,367,1
22,GET,369,5
22,GET,371,2
22,GET,385,1
22,GET,397,1
22,GET,405,2
22,GET,407,2
22,GET,411,1
22,GET,415,1
22,GET,421,1
22,GET,423,2
22,GET,425,1
22,GET,427,2
22,GET,429,1
22,GET,431,1
22,GET,435,1
22,GET,437,1
22,GET,443,1
22,GET,447,2
22,GET,449,2
22,GET,453,1
22,GET,455,2
22,GET,463,1
22,GET,471,1
22,GET,473,2
22,GET,475,1
22,GET,477,2
22,GET,483,1
22,GET,487,1
22,GET,489,1
22,GET,495,1
22,GET,499,1
22,GET,509,1
22,GET,511,1
22,GET,515,1
22,GET,519,2
22,GET,527,1
22,GET,531,2
22,GET,535,2
22,GET,539,2
22,GET,543,2
22,GET,547,3
22,GET,551,1
22,GET,555,1
22,GET,559,1
22,GET,563,3
22,GET,567,1
22,GET,571,3
22,GET,575,3
22,GET,579,4
22,GET,583,2
22,GET,587,3
22,GET,591,3
22,GET,595,1
22,GET,599,1
22,GET,603,3
22,GET,607,2
22,GET,615,2
22,GET,619,1
22,GET,623,1
22,GET,635,1
22,GET,639,2
22,GET,643,2
22,GET,647,1
22,GET,651,2
22,GET,655,1
22,GET,663,3
22,GET,671,1
22,GET,675,1
22,GET,679,1
22,GET,683,2
22,GET,687,1
22,GET,695,2
22,GET,707,1
22,GET,719,2
22,GET,723,1
22,GET,735,2
22,GET,747,2
22,GET,751,1
22,GET,755,4
22,GET,759,1
22,GET,767,1
22,GET,771,1
22,GET,775,2
22,GET,783,2
22,GET,787,2
22,GET,795,1
22,GET,807,2
22,GET,819,1
22,GET,831,2
22,GET,835,1
22,GET,839,1
22,GET,843,2
22,GET,855,2
22,GET,863,1
22,GET,875,1
22,GET,879,2
22,GET,883,2
22,GET,887,2
22,GET,903,2
22,GET,915,1
22,GET,927,1
22,GET,931,1
22,GET,935,1
22,GET,943,3
22,GET,947,2
22,GET,951,1
22,GET,955,1
22,GET,959,1
22,GET,967,1
22,GET,971,3
22,GET,975,1
22,GET,983,1
22,GET,991,1
22,GET,995,2
22,GET,999,2
22,GET,1003,1
22,GET,1007,1
22,GET,1015,1
22,GET,1039,1
22,GET,1055,1
22,GET,1063,4
22,GET,1071,2
22,GET,1079,1
22,GET,1087,2
22,GET,1111,2
22,GET,1119,1
22,GET,1127,3
22,GET,1135,4
22,GET,1143,1
22,GET,1151,2
22,GET,1159,1
22,GET,1167,4
22,GET,1175,1
22,GET,1183,1
22,GET,1191,3
22,GET,1199,1
22,GET,1207,1
22,GET,1215,1
22,GET,1223,2
22,GET,1231,1
22,GET,1239,1
22,GET,1247,1
22,GET,1255,1
22,GET,1263,2
22,GET,1271,1
22,GET,1279,3
22,GET,1295,2
22,GET,1327,2
22,GET,1343,3
22,GET,1359,2
22,GET,1367,1
22,GET,1375,4
22,GET,1383,1
22,GET,1391,1
22,GET,1423,1
22,GET,1495,1
22,GET,1503,2
22,GET,1511,3
22,GET,1527,1
22,GET,1535,1
22,GET,1551,1
22,GET,1575,1
22,GET,1583,2
22,GET,1591,1
22,GET,1599,1
22,GET,1639,2
22,GET,1647,1
22,GET,1663,1
22,GET,1671,1
22,GET,1679,2
22,GET,1687,1
22,GET,1703,1
22,GET,1711,1
22,GET,1743,1
22,GET,1759,3
22,GET,1767,1
22,GET,1791,1
22,GET,1807,2
22,GET,1823,1
22,GET,1839,2
22,GET,1847,1
22,GET,1855,2
22,GET,1863,3
22,GET,1887,3
22,GET,1911,1
22,GET,1919,1
22,GET,1927,1
22,GET,1935,1
22,GET,1943,2
22,GET,1959,2
22,GET,1967,1
22,GET,1975,1
22,GET,1983,3
22,GET,1999,2
22,GET,2015,1
22,GET,2023,1
22,GET,2031,2
22,GET,2063,1
22,GET,2079,2
22,GET,2095,2
22,GET,2111,2
22,GET,2127,2
22,GET,2143,3
22,GET,2159,1
22,GET,2175,3
22,GET,2191,2
22,GET,2207,2
22,GET,2223,2
22,GET,2239,6
22,GET,2255,1
22,GET,2271,5
22,GET,2287,3
22,GET,2303,2
22,GET,2319,3
22,GET,2335,1
22,GET,2351,4
22,GET,2383,4
22,GET,2415,5
22,GET,2431,3
22,GET,2447,4
22,GET,2463,1
22,GET,2479,1
22,GET,2495,1
22,GET,2511,2
22,GET,2527,3
22,GET,2543,4
22,GET,2559,5
22,GET,2575,3
22,GET,2591,3
22,GET,2607,1
22,GET,2623,5
22,GET,2639,3
22,GET,2655,2
22,GET,2671,1
22,GET,2687,8
22,GET,2703,3
22,GET,2719,5
22,GET,2751,2
22,GET,2767,3
22,GET,2783,1
22,GET,2799,2
22,GET,2815,2
22,GET,2831,5
22,GET,2847,3
22,GET,2863,6
22,GET,2879,2
22,GET,2895,4
22,GET,2911,3
22,GET,2927,5
22,GET,2943,5
22,GET,2959,4
22,GET,2975,4
22,GET,2991,5
22,GET,3007,4
22,GET,3023,3
22,GET,3039,4
22,GET,3055,3
22,GET,3071,4
22,GET,3087,6
22,GET,3103,2
22,GET,3119,3
22,GET,3135,1
22,GET,3151,3
22,GET,3167,5
22,GET,3183,3
22,GET,3199,4
22,GET,3215,3
22,GET,3231,2
22,GET,3247,3
22,GET,3263,6
22,GET,3279,4
22,GET,3295,2
22,GET,3311,5
22,GET,3327,3
22,GET,3343,7
22,GET,3359,3
22,GET,3375,1
22,GET,3391,6
22,GET,3407,5
22,GET,3423,7
22,GET,3439,2
22,GET,3455,4
22,GET,3471,1
22,GET,3487,1
22,GET,3503,3
22,GET,3519,3
22,GET,3535,1
22,GET,3551,4
22,GET,3567,1
22,GET,3599,2
22,GET,3615,2
22,GET,3631,4
22,GET,3647,2
22,GET,3663,2
22,GET,3679,2
22,GET,3695,1
22,GET,3727,5
22,GET,3743,1
22,GET,3759,1
22,GET,3775,2
22,GET,3791,4
22,GET,3807,3
22,GET,3823,2
22,GET,3855,3
22,GET,3871,3
22,GET,3887,1
22,GET,3903,1
22,GET,3919,5
22,GET,3935,4
22,GET,3951,2
22,GET,3967,2
22,GET,3983,1
22,GET,3999,1
22,GET,4015,1
22,GET,4047,4
22,GET,4063,2
22,GET,4079,2
22,GET,4095,3
22,GET,4127,3
22,GET,4159,4
22,GET,4191,4
22,GET,4223,2
22,GET,4255,3
22,GET,4287,3
22,GET,4319,4
22,GET,4351,2
22,GET,4479,2
22,GET,4511,1
22,GET,4543,2
22,GET,4575,2
22,GET,4607,5
22,GET,4639,1
22,GET,4703,2
22,GET,4735,1
22,GET,4767,2
22,GET,4799,3
22,GET,4863,4
22,GET,4895,2
22,GET,4927,1
22,GET,4959,1
22,GET,4991,1
22,GET,5023,2
22,GET,5087,2
22,GET,5119,2
22,GET,5151,1
22,GET,5183,1
22,GET,5215,3
22,GET,5279,1
22,GET,5407,1
22,GET,5439,2
22,GET,5471,2
22,GET,5535,1
22,GET,5567,2
22,GET,5631,1
22,GET,5695,1
22,GET,5727,2
22,GET,5759,1
22,GET,5887,1
22,GET,5919,1
22,GET,6047,1
22,GET,6079,1
22,GET,6143,1
22,GET,6239,1
22,GET,6687,1
22,GET,7167,1
22,GET,7199,1
23,GET,94,1
23,GET,119,1
23,GET,121,1
23,GET,129,1
23,GET,139,1
23,GET,141,1
23,GET,147,1
23,GET,150,1
23,GET,151,2
23,GET,155,1
23,GET,156,2
23,GET,159,2
23,GET,161,1
23,GET,162,1
23,GET,165,1
23,GET,166,1
23,GET,167,1
23,GET,170,3
23,GET,172,1
23,GET,173,2
23,GET,177,2
23,GET,178,1
23,GET,179,1
23,GET,180,1
23,GET,181,1
23,GET,182,2
23,GET,183,1
23,GET,184,2
23,GET,185,4
23,GET,186,3
23,GET,187,1
23,GET,188,6
23,GET,189,3
23,GET,190,3
23,GET,191,3
23,GET,192,3
23,GET,193,2
23,GET,194,1
23,GET,195,3
23,GET,196,2
23,GET,197,1
23,GET,198,2
23,GET,199,3
23,GET,201,1
23,GET,202,1
23,GET,203,2
23,GET,204,6
23,GET,205,5
23,GET,206,4
23,GET,207,4
23,GET,208,3
23,GET,209,5
23,GET,210,2
23,GET,211,2
23,GET,212,1
23,GET,213,1
23,GET,214,1
23,GET,215,4
23,GET,216,2
23,GET,217,4
23,GET,218,1
23,GET,220,2
23,GET,221,5
23,GET,222,3
23,GET,223,1
23,GET,224,2
23,GET,225,2
23,GET,226,4
23,GET,228,4
23,GET,229,1
23,GET,230,3
23,GET,231,2
23,GET,232,3
23,GET,233,4
23,GET,234,2
23,GET,235,1
23,GET,236,2
23,GET,237,3
23,GET,238,2
23,GET,239,1
23,GET,240,2
23,GET,241,2
23,GET,242,3
23,GET,243,1
23,GET,244,1
23,GET,245,2
23,GET,246,2
23,GET,247,1
23,GET,248,1
23,GET,249,3
23,GET,253,4
23,GET,254,3
23,GET,255,1
23,GET,257,3
23,GET,259,2
23,GET,261,3
23,GET,263,1
23,GET,265,4
23,GET,267,3
23,GET,269,1
23,GET,273,3
23,GET,275,2
23,GET,277,1
23,GET,279,1
23,GET,281,1
23,GET,285,2
23,GET,287,1
23,GET,289,1
23,GET,291,1
23,GET,293,4
23,GET,295,4
23,GET,297,1
23,GET,301,3
23,GET,303,5
23,GET,305,3
23,GET,307,4
23,GET,309,2
23,GET,311,1
23,GET,313,3
23,GET,317,2
23,GET,319,1
23,GET,321,1
23,GET,325,1
23,GET,327,1
23,GET,329,3
23,GET,335,3
23,GET,337,2
23,GET,339,1
23,GET,343,2
23,GET,345,1
23,GET,347,1
23,GET,353,1
23,GET,355,1
23,GET,357,2
23,GET,363,1
23,GET,367,1
23,GET,379,2
23,GET,381,1
23,GET,383,2
23,GET,387,2
23,GET,389,3
23,GET,393,2
23,GET,395,1
23,GET,397,1
23,GET,399,1
23,GET,409,3
23,GET,411,1
23,GET,415,1
23,GET,417,1
23,GET,419,2
23,GET,421,3
23,GET,427,2
23,GET,437,1
23,GET,439,1
23,GET,443,1
23,GET,447,1
23,GET,449,1
23,GET,451,1
23,GET,453,3
23,GET,459,1
23,GET,461,1
23,GET,463,1
23,GET,467,2
23,GET,477,1
23,GET,479,2
23,GET,483,1
23,GET,485,3
23,GET,499,2
23,GET,501,1
23,GET,507,1
23,GET,509,1
23,GET,511,1
23,GET,523,1
23,GET,527,2
23,GET,531,3
23,GET,535,1
23,GET,539,4
23,GET,543,3
23,GET,547,1
23,GET,551,1
23,GET,559,1
23,GET,563,5
23,GET,567,2
23,GET,571,1
23,GET,575,3
23,GET,587,2
23,GET,595,4
23,GET,599,1
23,GET,607,1
23,GET,611,1
23,GET,623,2
23,GET,631,1
23,GET,635,1
23,GET,643,1
23,GET,647,3
23,GET,651,2
23,GET,659,2
23,GET,663,1
23,GET,667,3
23,GET,671,1
23,GET,675,1
23,GET,683,1
23,GET,687,2
23,GET,691,1
23,GET,695,1
23,GET,699,2
23,GET,703,2
23,GET,707,1
23,GET,711,1
23,GET,715,1
23,GET,719,2
23,GET,723,1
23,GET,731,2
23,GET,735,1
23,GET,739,2
23,GET,747,1
23,GET,751,1
23,GET,755,2
23,GET,759,2
23,GET,763,1
23,GET,767,1
23,GET,771,1
23,GET,779,1
23,GET,787,1
23,GET,791,1
23,GET,795,1
23,GET,819,1
23,GET,823,1
23,GET,827,1
23,GET,839,2
23,GET,843,1
23,GET,847,1
23,GET,855,2
23,GET,863,1
23,GET,867,1
23,GET,871,1
23,GET,875,1
23,GET,891,1
23,GET,911,2
23,GET,915,2
23,GET,927,2
23,GET,943,2
23,GET,959,1
23,GET,975,2
23,GET,983,2
23,GET,987,1
23,GET,991,2
23,GET,995,1
23,GET,999,2
23,GET,1007,1
23,GET,1011,3
23,GET,1019,1
23,GET,1023,1
23,GET,1031,2
23,GET,1039,2
23,GET,1055,3
23,GET,1071,2
23,GET,1087,1
23,GET,1103,1
23,GET,1111,2
23,GET,1119,2
23,GET,1127,1
23,GET,1143,1
23,GET,1151,2
23,GET,1159,1
23,GET,1167,1
23,GET,1175,1
23,GET,1207,2
23,GET,1215,1
23,GET,1231,3
23,GET,1239,2
23,GET,1247,1
23,GET,1255,2
23,GET,1263,1
23,GET,1279,2
23,GET,1287,3
23,GET,1295,3
23,GET,1327,2
23,GET,1335,2
23,GET,1343,1
23,GET,1351,1
23,GET,1359,1
23,GET,1367,1
23,GET,1383,2
23,GET,1391,3
23,GET,1399,1
23,GET,1407,1
23,GET,1423,1
23,GET,1431,1
23,GET,1447,1
23,GET,1455,2
23,GET,1463,2
23,GET,1471,1
23,GET,1495,2
23,GET,1519,2
23,GET,1535,1
23,GET,1559,1
23,GET,1575,1
23,GET,1599,1
23,GET,1615,1
23,GET,1631,1
23,GET,1655,1
23,GET,1663,2
23,GET,1695,1
23,GET,1727,1
23,GET,1735,1
23,GET,1751,1
23,GET,1767,1
23,GET,1783,1
23,GET,1791,1
23,GET,1799,1
23,GET,1807,1
23,GET,1815,1
23,GET,1823,1
23,GET,1831,2
23,GET,1839,2
23,GET,1847,1
23,GET,1855,1
23,GET,1887,1
23,GET,1895,1
23,GET,1927,1
23,GET,1975,1
23,GET,1991,2
23,GET,1999,3
23,GET,2007,1
23,GET,2015,1
23,GET,2023,1
23,GET,2031,1
23,GET,2039,3
23,GET,2047,2
23,GET,2079,2
23,GET,2095,3
23,GET,2111,2
23,GET,2127,1
23,GET,2143,3
23,GET,2159,1
23,GET,2175,5
23,GET,2191,2
23,GET,2207,2
23,GET,2223,2
23,GET,2239,4
23,GET,2255,4
23,GET,2271,4
23,GET,2287,2
23,GET,2303,3
23,GET,2319,1
23,GET,2335,1
23,GET,2351,4
23,GET,2367,2
23,GET,2383,1
23,GET,2399,3
23,GET,2415,3
23,GET,2431,1
23,GET,2447,2
23,GET,2463,2
23,GET,2479,5
23,GET,2495,3
23,GET,2511,6
23,GET,2527,5
23,GET,2543,4
23,GET,2559,1
23,GET,2575,1
23,GET,2591,4
23,GET,2607,9
23,GET,2623,2
23,GET,2639,1
23,GET,2655,2
23,GET,2671,2
23,GET,2687,3
23,GET,2703,3
23,GET,2719,5
23,GET,2735,9
23,GET,2751,7
23,GET,2767,4
23,GET,2799,2
23,GET,2815,1
23,GET,2831,3
23,GET,2847,3
23,GET,2863,3
23,GET,2879,3
23,GET,2895,5
23,GET,2911,3
23,GET,2927,5
23,GET,2943,3
23,GET,2959,4
23,GET,2975,3
23,GET,2991,5
23,GET,3007,1
23,GET,3023,3
23,GET,3039,2
23,GET,3055,5
23,GET,3071,3
23,GET,3103,5
23,GET,3119,3
23,GET,3135,1
23,GET,3151,3
23,GET,3167,4
23,GET,3183,5
23,GET,3199,8
23,GET,3215,3
23,GET,3231,5
23,GET,3247,2
23,GET,3263,4
23,GET,3279,1
23,GET,3295,3
23,GET,3311,4
23,GET,3327,4
23,GET,3343,4
23,GET,3375,5
23,GET,3407,3
23,GET,3423,4
23,GET,3439,2
23,GET,3455,3
23,GET,3471,5
23,GET,3487,1
23,GET,3503,6
23,GET,3519,3
23,GET,3535,2
23,GET,3551,4
23,GET,3567,4
23,GET,3583,1
23,GET,3599,7
23,GET,3615,3
23,GET,3631,6
23,GET,3647,3
23,GET,3663,1
23,GET,3679,1
23,GET,3695,5
23,GET,3711,6
23,GET,3727,1
23,GET,3743,3
23,GET,3759,2
23,GET,3775,3
23,GET,3791,2
23,GET,3807,1
23,GET,3839,4
23,GET,3855,4
23,GET,3887,4
23,GET,3903,1
23,GET,3919,1
23,GET,3935,1
23,GET,3951,8
23,GET,3967,2
23,GET,3983,2
23,GET,3999,1
23,GET,4031,5
23,GET,4047,3
23,GET,4063,2
23,GET,4079,3
23,GET,4095,3
23,GET,4127,4
23,GET,4159,4
23,GET,4191,3
23,GET,4223,1
23,GET,4255,1
23,GET,4287,5
23,GET,4319,2
23,GET,4351,2
23,GET,4383,2
23,GET,4415,1
23,GET,4447,4
23,GET,4479,3
23,GET,4511,1
23,GET,4543,4
23,GET,4575,3
23,GET,4639,2
23,GET,4671,6
23,GET,4703,2
23,GET,4735,2
23,GET,4767,2
23,GET,4799,4
23,GET,4831,2
23,GET,4863,2
23,GET,4895,4
23,GET,4927,4
23,GET,4959,1
23,GET,4991,3
23,GET,5023,2
23,GET,5119,2
23,GET,5151,3
23,GET,5183,6
23,GET,5215,1
23,GET,5247,2
23,GET,5279,1
23,GET,5311,2
23,GET,5375,2
23,GET,5407,1
23,GET,5439,2
23,GET,5599,1
23,GET,5631,1
23,GET,5695,3
23,GET,5727,1
23,GET,5791,2
23,GET,6079,1
23,GET,6143,1
23,GET,6175,1
23,GET,6239,1
23,GET,6271,1
23,GET,6495,1
23,GET,6943,1
23,GET,7199,1
23,SET,188,1
23,SET,189,1
23,SET,192,2
23,SET,202,1
23,SET,204,1
23,SET,211,1
23,SET,214,1
23,SET,218,1
23,SET,219,1
23,SET,220,1
23,SET,223,1
23,SET,228,1
23,SET,229,1
23,SET,232,1
23,SET,238,1
23,SET,241,1
23,SET,249,1
23,SET,253,1
23,SET,271,1
23,SET,285,1
23,SET,301,1
23,SET,307,1
23,SET,373,1
23,SET,431,2
23,SET,433,1
23,SET,459,1
23,SET,469,1
23,SET,503,1
23,SET,619,1
23,SET,755,1
23,SET,807,1
23,SET,867,1
23,SET,931,1
23,SET,1047,1
23,SET,1119,1
23,SET,1335,1
23,SET,1375,1
23,SET,1407,1
23,SET,1791,1
23,SET,2007,1
23,SET,2047,1
23,SET,2063,1
23,SET,2127,1
23,SET,2143,1
23,SET,2207,1
23,SET,2255,1
23,SET,2319,2
23,SET,2543,1
23,SET,2607,1
23,SET,2623,1
23,SET,2703,1
23,SET,2799,1
23,SET,2831,1
23,SET,2927,1
23,SET,2959,1
23,SET,2991,2
23,SET,3007,1
23,SET,3039,1
23,SET,3071,1
23,SET,3087,1
23,SET,3103,1
23,SET,3135,2
23,SET,3151,1
23,SET,3183,1
23,SET,3199,1
23,SET,3215,1
23,SET,3279,2
23,SET,3407,1
23,SET,3423,1
23,SET,3439,1
23,SET,3471,1
23,SET,3487,1
23,SET,3599,1
23,SET,3615,1
23,SET,3743,1
23,SET,3807,1
23,SET,4063,1
23,SET,4159,1
23,SET,4383,1
23,SET,4479,1
23,SET,4703,1
23,SET,6943,1
23,DEL,133,1
23,DEL,136,1
23,DEL,147,1
23,DEL,149,1
23,DEL,163,1
23,DEL,164,1
23,DEL,168,2
23,DEL,170,2
23,DEL,173,2
23,DEL,175,1
23,DEL,176,1
23,DEL,178,1
23,DEL,180,1
23,DEL,182,2
23,DEL,183,4
23,DEL,186,2
23,DEL,188,2
23,DEL,191,3
23,DEL,192,1
23,DEL,194,1
23,DEL,195,1
23,DEL,199,2
23,DEL,200,3
23,DEL,201,2
23,DEL,202,2
23,DEL,203,1
23,DEL,204,2
23,DEL,205,2
23,DEL,206,1
23,DEL,208,1
23,DEL,209,2
23,DEL,210,2
23,DEL,211,1
23,DEL,212,1
23,DEL,213,3
23,DEL,214,1
23,DEL,215,2
23,DEL,216,1
23,DEL,217,4
23,DEL,218,4
23,DEL,221,1
23,DEL,222,1
23,DEL,224,1
23,DEL,225,1
23,DEL,230,1
23,DEL,231,1
23,DEL,232,2
23,DEL,233,2
23,DEL,236,1
23,DEL,237,1
23,DEL,238,2
23,DEL,240,2
23,DEL,241,2
23,DEL,249,1
23,DEL,251,1
23,DEL,253,1
23,DEL,259,1
23,DEL,261,2
23,DEL,263,1
23,DEL,267,2
23,DEL,271,1
23,DEL,275,1
23,DEL,281,2
23,DEL,289,1
23,DEL,297,2
23,DEL,301,1
23,DEL,307,1
23,DEL,313,1
23,DEL,321,1
23,DEL,351,1
23,DEL,357,1
23,DEL,359,1
23,DEL,387,2
23,DEL,397,1
23,DEL,399,1
23,DEL,401,1
23,DEL,413,1
23,DEL,421,1
23,DEL,451,1
23,DEL,453,1
23,DEL,463,1
23,DEL,471,1
23,DEL,473,1
23,DEL,487,1
23,DEL,493,1
23,DEL,495,1
23,DEL,497,1
23,DEL,503,1
23,DEL,519,1
23,DEL,527,2
23,DEL,531,2
23,DEL,543,1
23,DEL,555,1
23,DEL,559,1
23,DEL,563,1
23,DEL,571,1
23,DEL,575,1
23,DEL,579,1
23,DEL,583,2
23,DEL,615,1
23,DEL,627,1
23,DEL,639,1
23,DEL,643,3
23,DEL,655,1
23,DEL,663,2
23,DEL,667,1
23,DEL,679,2
23,DEL,691,1
23,DEL,695,2
23,DEL,707,1
23,DEL,711,1
23,DEL,719,1
23,DEL,723,1
23,DEL,743,2
23,DEL,747,2
23,DEL,779,1
23,DEL,787,1
23,DEL,795,1
23,DEL,835,1
23,DEL,843,2
23,DEL,879,1
23,DEL,883,1
23,DEL,911,1
23,DEL,955,1
23,DEL,959,1
23,DEL,967,2
23,DEL,971,1
23,DEL,1023,1
23,DEL,1047,1
23,DEL,1071,2
23,DEL,1079,2
23,DEL,1095,1
23,DEL,1167,1
23,DEL,1183,1
23,DEL,1215,1
23,DEL,1247,2
23,DEL,1279,1
23,DEL,1519,1
23,DEL,1759,1
23,DEL,1951,1
23,DEL,1983,1
23,DEL,1991,1
23,DEL,2039,1
23,DEL,2111,1
23,DEL,2143,1
23,DEL,2175,1
23,DEL,2239,1
23,DEL,2287,1
23,DEL,2335,1
23,DEL,2399,2
23,DEL,2415,2
23,DEL,2463,1
23,DEL,2511,2
23,DEL,2623,1
23,DEL,2655,1
23,DEL,2735,1
23,DEL,2799,1
23,DEL,2831,1
23,DEL,2895,1
23,DEL,2943,2
23,DEL,2975,1
23,DEL,2991,1
23,DEL,3023,1
23,DEL,3039,1
23,DEL,3151,1
23,DEL,3167,2
23,DEL,3183,1
23,DEL,3215,1
23,DEL,3263,1
23,DEL,3279,2
23,DEL,3295,1
23,DEL,3327,2
23,DEL,3423,1
23,DEL,3439,2
23,DEL,3487,1
23,DEL,3503,1
23,DEL,3535,1
23,DEL,3583,1
23,DEL,3599,1
23,DEL,3615,1
23,DEL,3631,1
23,DEL,3663,1
23,DEL,3679,2
23,DEL,3695,1
23,DEL,3727,2
23,DEL,3743,1
23,DEL,3775,1
23,DEL,3791,1
23,DEL,3807,1
23,DEL,3871,1
23,DEL,3887,1
23,DEL,3919,3
23,DEL,3935,1
23,DEL,3951,2
23,DEL,4127,1
23,DEL,4191,1
23,DEL,4255,1
23,DEL,4287,2
23,DEL,4351,1
23,DEL,4383,1
23,DEL,4447,1
23,DEL,4479,2
23,DEL,4543,2
23,DEL,4607,1
23,DEL,4671,2
23,DEL,4735,1
23,DEL,4799,1
23,DEL,4863,1
23,DEL,4895,1
23,DEL,4927,1
23,DEL,4959,1
23,DEL,4991,1
23,DEL,5055,2
23,DEL,5087,1
23,DEL,5119,1
23,DEL,5151,1
23,DEL,5247,1
23,DEL,5279,2
23,DEL,5375,1
23,DEL,5407,1
23,DEL,5471,1
23,DEL,5535,1
23,DEL,5631,3
23,DEL,5695,1
23,DEL,5759,1
23,DEL,5791,1
23,DEL,5887,1
23,DEL,5983,1
23,DEL,6175,1
23,DEL,6239,1
23,DEL,6303,3
23,DEL,6335,2
23,DEL,6431,1
23,DEL,6495,1
23,DEL,6591,1
23,DEL,6623,2
23,DEL,6719,1
23,DEL,6783,1
23,DEL,7007,1
23,DEL,7391,1
23,DEL,7423,1
23,DEL,7551,1
23,DEL,8575,1
23,DEL,8767,1
23,DEL,9791,1
23,DEL,38143,1
23,DEL,41471,1
23,DEL,41983,1
23,DEL,42751,1
23,DEL,45311,1
23,DEL,46079,1
23,DEL,46591,2
23,DEL,46847,1
23,DEL,47103,1
23,DEL,47359,3
23,DEL,47871,3
23,DEL,48639,3
23,DEL,48895,2
23,DEL,49151,2
23,DEL,49407,2
23,DEL,49663,5
23,DEL,49919,6
23,DEL,50431,1
23,DEL,50687,3
23,DEL,50943,1
23,DEL,51199,1
23,DEL,51455,3
23,DEL,51711,3
23,DEL,51967,4
23,DEL,52223,2
23,DEL,52479,2
23,DEL,52735,2
23,DEL,52991,2
23,DEL,53247,1
23,DEL,53503,1
23,DEL,53759,1
23,DEL,54015,1
23,DEL,54271,1
23,DEL,55295,1
23,DEL,55807,1
23,DEL,56831,1
23,DEL,57343,1
23,DEL,57599,1
23,DEL,58111,2
23,DEL,59391,1
23,DEL,60671,1
24,SET,176,1
24,SET,184,1
24,SET,186,1
24,SET,199,1
24,SET,216,1
24,SET,217,1
24,SET,222,2
24,SET,227,1
24,SET,230,1
24,SET,242,1
24,SET,245,1
24,SET,248,1
24,SET,251,1
24,SET,275,1
24,SET,279,1
24,SET,285,1
24,SET,291,2
24,SET,299,1
24,SET,335,1
24,SET,363,1
24,SET,365,1
24,SET,373,1
24,SET,391,1
24,SET,397,1
24,SET,509,1
24,SET,523,1
24,SET,543,1
24,SET,555,1
24,SET,559,1
24,SET,659,1
24,SET,695,1
24,SET,707,1
24,SET,791,1
24,SET,795,1
24,SET,819,1
24,SET,847,1
24,SET,851,1
24,SET,879,1
24,SET,955,1
24,SET,1015,1
24,SET,1079,1
24,SET,1151,1
24,SET,1311,1
24,SET,1391,1
24,SET,1423,1
24,SET,1607,1
24,SET,1623,1
24,SET,1775,1
24,SET,1791,1
24,SET,1935,1
24,SET,1967,1
24,SET,2063,1
24,SET,2159,1
24,SET,2287,1
24,SET,2335,1
24,SET,2367,1
24,SET,2383,2
24,SET,2447,2
24,SET,2543,1
24,SET,2607,1
24,SET,2639,1
24,SET,2703,1
24,SET,2751,1
24,SET,2847,2
24,SET,2863,1
24,SET,2879,1
24,SET,2895,1
24,SET,2975,1
24,SET,3295,1
24,SET,3551,1
24,SET,3855,1
24,SET,3871,1
24,SET,3999,1
24,SET,4095,1
24,SET,4351,1
24,SET,4799,1
24,GET,93,1
24,GET,95,1
24,GET,113,1
24,GET,118,1
24,GET,121,1
24,GET,122,1
24,GET,135,1
24,GET,141,1
24,GET,143,3
24,GET,145,1
24,GET,146,2
24,GET,148,2
24,GET,151,1
24,GET,152,3
24,GET,153,1
24,GET,154,1
24,GET,160,1
24,GET,161,1
24,GET,162,4
24,GET,163,1
24,GET,165,1
24,GET,166,1
24,GET,168,2
24,GET,169,3
24,GET,170,3
24,GET,171,1
24,GET,172,2
24,GET,173,2
24,GET,174,3
24,GET,175,2
24,GET,176,3
24,GET,177,1
24,GET,178,4
24,GET,179,4
24,GET,180,2
24,GET,181,2
24,GET,182,1
24,GET,183,3
24,GET,184,3
24,GET,185,2
24,GET,186,5
24,GET,187,3
24,GET,188,2
24,GET,189,2
24,GET,191,2
24,GET,192,2
24,GET,193,2
24,GET,194,2
24,GET,196,2
24,GET,197,3
24,GET,198,2
24,GET,199,3
24,GET,200,5
24,GET,201,4
24,GET,202,3
24,GET,203,4
24,GET,204,5
24,GET,205,2
24,GET,206,3
24,GET,207,1
24,GET,208,5
24,GET,209,5
24,GET,210,3
24,GET,211,3
24,GET,212,2
24,GET,213,2
24,GET,214,3
24,GET,215,5
24,GET,216,2
24,GET,217,4
24,GET,218,2
24,GET,219,5
24,GET,221,1
24,GET,222,4
24,GET,223,3
24,GET,224,2
24,GET,225,4
24,GET,226,2
24,GET,227,3
24,GET,229,5
24,GET,230,1
24,GET,232,3
24,GET,233,1
24,GET,234,3
24,GET,235,3
24,GET,236,5
24,GET,237,2
24,GET,239,3
24,GET,241,4
24,GET,242,3
24,GET,243,3
24,GET,244,1
24,GET,245,4
24,GET,247,2
24,GET,249,1
24,GET,250,2
24,GET,251,1
24,GET,252,4
24,GET,253,1
24,GET,254,3
24,GET,255,3
24,GET,257,2
24,GET,259,2
24,GET,261,1
24,GET,263,3
24,GET,265,6
24,GET,267,4
24,GET,269,2
24,GET,271,1
24,GET,277,2
24,GET,281,1
24,GET,287,2
24,GET,289,1
24,GET,291,1
24,GET,297,1
24,GET,299,2
24,GET,301,2
24,GET,305,2
24,GET,307,1
24,GET,309,3
24,GET,317,1
24,GET,321,1
24,GET,323,1
24,GET,325,3
24,GET,331,2
24,GET,333,1
24,GET,337,2
24,GET,345,1
24,GET,347,2
24,GET,349,1
24,GET,353,1
24,GET,359,1
24,GET,363,3
24,GET,377,3
24,GET,389,1
24,GET,393,1
24,GET,395,2
24,GET,397,3
24,GET,399,1
24,GET,401,1
24,GET,405,1
24,GET,407,1
24,GET,411,1
24,GET,417,1
24,GET,419,2
24,GET,421,1
24,GET,425,1
24,GET,427,1
24,GET,429,1
24,GET,433,1
24,GET,437,1
24,GET,439,1
24,GET,441,2
24,GET,445,1
24,GET,449,1
24,GET,451,1
24,GET,453,1
24,GET,459,2
24,GET,461,2
24,GET,463,1
24,GET,465,2
24,GET,467,3
24,GET,469,1
24,GET,471,1
24,GET,473,1
24,GET,481,2
24,GET,487,3
24,GET,493,1
24,GET,499,1
24,GET,501,1
24,GET,505,1
24,GET,515,1
24,GET,523,2
24,GET,527,4
24,GET,531,2
24,GET,539,2
24,GET,547,3
24,GET,551,1
24,GET,559,6
24,GET,567,2
24,GET,575,2
24,GET,583,1
24,GET,587,1
24,GET,591,1
24,GET,607,1
24,GET,611,1
24,GET,615,1
24,GET,627,2
24,GET,635,1
24,GET,639,1
24,GET,643,1
24,GET,651,2
24,GET,655,2
24,GET,659,2
24,GET,663,1
24,GET,667,2
24,GET,675,2
24,GET,679,2
24,GET,683,1
24,GET,687,1
24,GET,691,2
24,GET,695,4
24,GET,699,1
24,GET,711,1
24,GET,715,1
24,GET,727,1
24,GET,731,2
24,GET,743,1
24,GET,755,3
24,GET,767,1
24,GET,771,1
24,GET,779,2
24,GET,791,2
24,GET,795,1
24,GET,807,1
24,GET,811,2
24,GET,815,1
24,GET,823,1
24,GET,831,2
24,GET,835,3
24,GET,839,2
24,GET,843,2
24,GET,851,4
24,GET,855,2
24,GET,863,1
24,GET,867,1
24,GET,871,1
24,GET,875,2
24,GET,879,1
24,GET,891,1
24,GET,899,1
24,GET,903,2
24,GET,907,2
24,GET,915,1
24,GET,927,1
24,GET,931,1
24,GET,935,1
24,GET,947,3
24,GET,959,1
24,GET,963,3
24,GET,971,1
24,GET,983,2
24,GET,987,1
24,GET,991,1
24,GET,995,1
24,GET,1003,1
24,GET,1007,1
24,GET,1011,3
24,GET,1015,2
24,GET,1019,1
24,GET,1031,1
24,GET,1047,2
24,GET,1063,1
24,GET,1095,2
24,GET,1111,2
24,GET,1119,1
24,GET,1127,1
24,GET,1143,1
24,GET,1151,2
24,GET,1159,1
24,GET,1167,1
24,GET,1175,1
24,GET,1183,2
24,GET,1207,4
24,GET,1215,1
24,GET,1239,2
24,GET,1255,2
24,GET,1263,2
24,GET,1271,2
24,GET,1279,1
24,GET,1287,1
24,GET,1295,1
24,GET,1311,1
24,GET,1327,2
24,GET,1335,3
24,GET,1343,3
24,GET,1351,2
24,GET,1359,3
24,GET,1375,1
24,GET,1391,1
24,GET,1399,1
24,GET,1423,3
24,GET,1431,1
24,GET,1455,1
24,GET,1463,2
24,GET,1479,2
24,GET,1495,1
24,GET,1503,1
24,GET,1511,1
24,GET,1527,1
24,GET,1535,2
24,GET,1559,2
24,GET,1567,1
24,GET,1591,1
24,GET,1599,3
24,GET,1607,1
24,GET,1615,1
24,GET,1623,1
24,GET,1631,1
24,GET,1671,1
24,GET,1679,2
24,GET,1695,1
24,GET,1719,1
24,GET,1767,2
24,GET,1799,2
24,GET,1807,2
24,GET,1823,2
24,GET,1839,2
24,GET,1863,1
24,GET,1879,1
24,GET,1887,1
24,GET,1895,1
24,GET,1911,1
24,GET,1919,3
24,GET,1927,1
24,GET,1935,1
24,GET,1959,1
24,GET,1967,2
24,GET,1975,1
24,GET,1983,2
24,GET,1991,1
24,GET,2015,1
24,GET,2023,1
24,GET,2031,4
24,GET,2039,1
24,GET,2063,4
24,GET,2079,1
24,GET,2111,2
24,GET,2127,2
24,GET,2143,6
24,GET,2159,4
24,GET,2175,4
24,GET,2191,4
24,GET,2207,2
24,GET,2223,3
24,GET,2239,2
24,GET,2255,3
24,GET,2271,2
24,GET,2287,4
24,GET,2303,2
24,GET,2319,5
24,GET,2335,4
24,GET,2351,4
24,GET,2383,1
24,GET,2399,1
24,GET,2415,4
24,GET,2431,5
24,GET,2447,2
24,GET,2463,3
24,GET,2479,2
24,GET,2495,3
24,GET,2511,1
24,GET,2527,3
24,GET,2543,2
24,GET,2559,2
24,GET,2575,2
24,GET,2591,2
24,GET,2607,1
24,GET,2623,3
24,GET,2639,6
24,GET,2655,5
24,GET,2671,2
24,GET,2687,6
24,GET,2719,5
24,GET,2735,5
24,GET,2751,1
24,GET,2767,6
24,GET,2783,3
24,GET,2799,6
24,GET,2815,6
24,GET,2831,4
24,GET,2847,8
24,GET,2863,1
24,GET,2879,5
24,GET,2895,2
24,GET,2911,3
24,GET,2927,1
24,GET,2943,4
24,GET,2959,2
24,GET,2975,5
24,GET,2991,6
24,GET,3007,2
24,GET,3023,4
24,GET,3039,4
24,GET,3055,4
24,GET,3071,3
24,GET,3087,4
24,GET,3103,3
24,GET,3119,2
24,GET,3135,1
24,GET,3151,2
24,GET,3167,5
24,GET,3183,3
24,GET,3199,7
24,GET,3215,4
24,GET,3231,2
24,GET,3263,5
24,GET,3279,6
24,GET,3295,1
24,GET,3311,4
24,GET,3327,6
24,GET,3343,4
24,GET,3359,2
24,GET,3375,4
24,GET,3391,5
24,GET,3407,4
24,GET,3423,2
24,GET,3439,2
24,GET,3455,3
24,GET,3471,2
24,GET,3487,1
24,GET,3503,3
24,GET,3519,2
24,GET,3535,5
24,GET,3551,2
24,GET,3567,1
24,GET,3583,2
24,GET,3599,3
24,GET,3615,2
24,GET,3631,3
24,GET,3647,2
24,GET,3663,2
24,GET,3695,4
24,GET,3711,4
24,GET,3727,2
24,GET,3743,2
24,GET,3759,3
24,GET,3775,1
24,GET,3791,1
24,GET,3807,2
24,GET,3823,1
24,GET,3839,2
24,GET,3855,3
24,GET,3871,1
24,GET,3887,1
24,GET,3919,7
24,GET,3935,4
24,GET,3951,3
24,GET,3967,2
24,GET,3983,3
24,GET,3999,3
24,GET,4015,3
24,GET,4031,2
24,GET,4063,4
24,GET,4095,1
24,GET,4127,4
24,GET,4191,2
24,GET,4223,1
24,GET,4255,1
24,GET,4287,3
24,GET,4319,2
24,GET,4351,2
24,GET,4383,1
24,GET,4415,1
24,GET,4447,2
24,GET,4479,5
24,GET,4511,5
24,GET,4543,2
24,GET,4575,4
24,GET,4639,1
24,GET,4671,4
24,GET,4767,1
24,GET,4831,2
24,GET,4863,1
24,GET,5023,1
24,GET,5055,1
24,GET,5183,1
24,GET,5215,1
24,GET,5311,1
24,GET,5375,1
24,GET,5407,1
24,GET,5503,1
24,GET,5535,1
24,GET,5567,1
24,GET,5599,1
24,GET,5663,2
24,GET,5919,2
24,GET,6143,1
24,GET,6271,1
24,GET,6399,1
24,GET,7455,1
24,GET,7743,1
24,DEL,94,1
24,DEL,117,1
24,DEL,126,1
24,DEL,130,1
24,DEL,141,1
24,DEL,142,1
24,DEL,144,1
24,DEL,150,1
24,DEL,154,1
24,DEL,155,1
24,DEL,160,1
24,DEL,163,1
24,DEL,165,1
24,DEL,166,1
24,DEL,168,1
24,DEL,171,1
24,DEL,173,2
24,DEL,175,1
24,DEL,176,2
24,DEL,178,1
24,DEL,180,1
24,DEL,181,3
24,DEL,184,1
24,DEL,185,2
24,DEL,188,1
24,DEL,189,2
24,DEL,191,2
24,DEL,192,2
24,DEL,193,1
24,DEL,194,1
24,DEL,195,1
24,DEL,196,4
24,DEL,197,4
24,DEL,198,2
24,DEL,199,1
24,DEL,200,1
24,DEL,202,2
24,DEL,204,2
24,DEL,205,4
24,DEL,206,1
24,DEL,207,1
24,DEL,208,4
24,DEL,209,1
24,DEL,210,1
24,DEL,211,2
24,DEL,212,3
24,DEL,213,1
24,DEL,214,1
24,DEL,215,4
24,DEL,216,1
24,DEL,221,1
24,DEL,223,2
24,DEL,224,3
24,DEL,225,1
24,DEL,227,2
24,DEL,228,1
24,DEL,230,1
24,DEL,231,1
24,DEL,232,1
24,DEL,234,1
24,DEL,235,2
24,DEL,236,1
24,DEL,238,1
24,DEL,246,2
24,DEL,248,2
24,DEL,251,1
24,DEL,252,1
24,DEL,254,1
24,DEL,255,1
24,DEL,257,2
24,DEL,261,1
24,DEL,263,3
24,DEL,267,1
24,DEL,269,1
24,DEL,271,1
24,DEL,275,1
24,DEL,283,1
24,DEL,291,1
24,DEL,293,1
24,DEL,309,1
24,DEL,311,1
24,DEL,319,2
24,DEL,331,1
24,DEL,333,1
24,DEL,343,1
24,DEL,347,1
24,DEL,349,1
24,DEL,351,1
24,DEL,355,1
24,DEL,361,1
24,DEL,365,1
24,DEL,373,1
24,DEL,395,1
24,DEL,397,1
24,DEL,417,2
24,DEL,419,2
24,DEL,421,1
24,DEL,427,1
24,DEL,447,1
24,DEL,451,1
24,DEL,461,1
24,DEL,497,1
24,DEL,501,1
24,DEL,509,1
24,DEL,515,1
24,DEL,523,1
24,DEL,531,1
24,DEL,539,1
24,DEL,543,2
24,DEL,551,2
24,DEL,559,1
24,DEL,563,2
24,DEL,575,1
24,DEL,579,3
24,DEL,591,1
24,DEL,595,2
24,DEL,599,1
24,DEL,603,1
24,DEL,607,2
24,DEL,611,2
24,DEL,631,1
24,DEL,635,1
24,DEL,639,2
24,DEL,643,1
24,DEL,651,1
24,DEL,663,1
24,DEL,679,2
24,DEL,683,2
24,DEL,695,3
24,DEL,707,1
24,DEL,715,2
24,DEL,727,1
24,DEL,743,1
24,DEL,751,1
24,DEL,763,1
24,DEL,783,1
24,DEL,799,1
24,DEL,803,2
24,DEL,815,1
24,DEL,819,1
24,DEL,827,1
24,DEL,855,1
24,DEL,863,1
24,DEL,871,1
24,DEL,879,1
24,DEL,891,1
24,DEL,903,1
24,DEL,911,1
24,DEL,931,1
24,DEL,935,1
24,DEL,951,1
24,DEL,971,1
24,DEL,1023,1
24,DEL,1031,1
24,DEL,1047,2
24,DEL,1063,1
24,DEL,1071,1
24,DEL,1079,1
24,DEL,1111,1
24,DEL,1119,1
24,DEL,1159,1
24,DEL,1175,1
24,DEL,1207,1
24,DEL,1231,1
24,DEL,1295,1
24,DEL,1335,1
24,DEL,1343,1
24,DEL,1359,1
24,DEL,1407,1
24,DEL,1607,1
24,DEL,1687,1
24,DEL,1703,1
24,DEL,1743,1
24,DEL,1759,1
24,DEL,1847,1
24,DEL,1911,1
24,DEL,1935,1
24,DEL,2007,1
24,DEL,2063,1
24,DEL,2079,1
24,DEL,2127,1
24,DEL,2207,1
24,DEL,2255,1
24,DEL,2335,1
24,DEL,2383,1
24,DEL,2463,2
24,DEL,2543,1
24,DEL,2591,2
24,DEL,2639,1
24,DEL,2671,1
24,DEL,2687,1
24,DEL,2703,1
24,DEL,2751,1
24,DEL,2831,1
24,DEL,2975,1
24,DEL,3039,1
24,DEL,3055,1
24,DEL,3135,1
24,DEL,3151,1
24,DEL,3183,1
24,DEL,3231,2
24,DEL,3247,1
24,DEL,3295,1
24,DEL,3359,2
24,DEL,3407,1
24,DEL,3487,1
24,DEL,3535,1
24,DEL,3551,2
24,DEL,3567,1
24,DEL,3583,2
24,DEL,3599,1
24,DEL,3615,1
24,DEL,3647,1
24,DEL,3727,2
24,DEL,3743,2
24,DEL,3759,2
24,DEL,3807,1
24,DEL,3887,1
24,DEL,3903,1
24,DEL,4031,1
24,DEL,4047,1
24,DEL,4095,3
24,DEL,4191,1
24,DEL,4255,2
24,DEL,4287,2
24,DEL,4319,1
24,DEL,4351,2
24,DEL,4447,5
24,DEL,4511,1
24,DEL,4543,3
24,DEL,4575,1
24,DEL,4639,1
24,DEL,4671,2
24,DEL,4767,1
24,DEL,4927,1
24,DEL,5023,1
24,DEL,5055,1
24,DEL,5087,1
24,DEL,5151,1
24,DEL,5183,1
24,DEL,5279,1
24,DEL,5503,3
24,DEL,5663,3
24,DEL,5727,1
24,DEL,5823,2
24,DEL,5887,1
24,DEL,5951,1
24,DEL,6143,1
24,DEL,6207,1
24,DEL,6239,1
24,DEL,6335,1
24,DEL,6367,1
24,DEL,6559,1
24,DEL,6655,1
24,DEL,6751,1
24,DEL,6815,1
24,DEL,7007,1
24,DEL,7103,1
24,DEL,7135,1
24,DEL,7487,1
24,DEL,8255,1
24,DEL,8383,1
24,DEL,8447,2
24,DEL,9215,1
24,DEL,26239,1
24,DEL,33023,1
24,DEL,33535,1
24,DEL,37631,1
24,DEL,39423,1
24,DEL,41983,1
24,DEL,42751,1
24,DEL,44031,2
24,DEL,44543,1
24,DEL,45823,1
24,DEL,46079,1
24,DEL,47103,1
24,DEL,47359,1
24,DEL,47615,1
24,DEL,47871,1
24,DEL,48383,1
24,DEL,48639,1
24,DEL,48895,1
24,DEL,49151,1
24,DEL,49407,2
24,DEL,49663,2
24,DEL,49919,2
24,DEL,50431,7
24,DEL,50687,3
24,DEL,50943,3
24,DEL,51455,1
24,DEL,51711,2
24,DEL,51967,3
24,DEL,52223,3
24,DEL,52479,1
24,DEL,52735,3
24,DEL,52991,1
24,DEL,53247,4
24,DEL,53503,1
24,DEL,53759,1
24,DEL,54015,3
24,DEL,54271,1
24,DEL,54527,3
24,DEL,54783,1
24,DEL,55039,2
24,DEL,55295,2
24,DEL,55807,1
24,DEL,56063,1
24,DEL,56831,1
24,DEL,57087,1
24,DEL,57343,1
24,DEL,57599,2
24,DEL,57855,1
24,DEL,58111,1
24,DEL,58367,2
24,DEL,58623,1
24,DEL,58879,1
24,DEL,59135,1
24,DEL,59647,1
25,DEL,104,1
25,DEL,110,1
25,DEL,117,1
25,DEL,119,1
25,DEL,121,1
25,DEL,130,1
25,DEL,150,2
25,DEL,159,1
25,DEL,161,1
25,DEL,169,2
25,DEL,172,2
25,DEL,173,1
25,DEL,177,1
25,DEL,185,3
25,DEL,186,2
25,DEL,187,1
25,DEL,189,3
25,DEL,190,3
25,DEL,193,2
25,DEL,194,2
25,DEL,195,2
25,DEL,196,2
25,DEL,197,1
25,DEL,199,1
25,DEL,201,1
25,DEL,202,1
25,DEL,203,3
25,DEL,204,2
25,DEL,205,1
25,DEL,206,1
25,DEL,208,1
25,DEL,210,1
25,DEL,211,1
25,DEL,212,1
25,DEL,213,2
25,DEL,214,2
25,DEL,215,1
25,DEL,216,3
25,DEL,218,2
25,DEL,219,1
25,DEL,221,1
25,DEL,222,1
25,DEL,223,3
25,DEL,225,2
25,DEL,229,2
25,DEL,230,2
25,DEL,231,2
25,DEL,232,1
25,DEL,234,1
25,DEL,235,2
25,DEL,237,1
25,DEL,238,1
25,DEL,239,1
25,DEL,242,1
25,DEL,243,1
25,DEL,244,1
25,DEL,245,2
25,DEL,250,1
25,DEL,255,1
25,DEL,257,2
25,DEL,265,4
25,DEL,271,2
25,DEL,273,1
25,DEL,275,1
25,DEL,277,2
25,DEL,279,1
25,DEL,281,1
25,DEL,285,1
25,DEL,291,1
25,DEL,303,2
25,DEL,313,1
25,DEL,315,1
25,DEL,337,1
25,DEL,339,1
25,DEL,341,1
25,DEL,343,1
25,DEL,349,1
25,DEL,353,1
25,DEL,365,1
25,DEL,367,1
25,DEL,381,1
25,DEL,385,1
25,DEL,395,1
25,DEL,397,1
25,DEL,399,1
25,DEL,413,1
25,DEL,423,1
25,DEL,447,1
25,DEL,455,2
25,DEL,457,1
25,DEL,459,1
25,DEL,461,1
25,DEL,463,1
25,DEL,469,1
25,DEL,477,2
25,DEL,497,1
25,DEL,501,1
25,DEL,527,1
25,DEL,535,1
25,DEL,539,2
25,DEL,543,2
25,DEL,547,2
25,DEL,551,1
25,DEL,563,1
25,DEL,567,1
25,DEL,571,1
25,DEL,575,1
25,DEL,583,2
25,DEL,603,1
25,DEL,611,1
25,DEL,615,1
25,DEL,655,2
25,DEL,679,1
25,DEL,703,1
25,DEL,719,1
25,DEL,747,1
25,DEL,759,1
25,DEL,763,1
25,DEL,827,1
25,DEL,831,1
25,DEL,847,1
25,DEL,867,1
25,DEL,871,1
25,DEL,903,1
25,DEL,911,1
25,DEL,919,1
25,DEL,947,1
25,DEL,967,1
25,DEL,975,2
25,DEL,999,1
25,DEL,1003,1
25,DEL,1007,1
25,DEL,1019,2
25,DEL,1039,1
25,DEL,1047,1
25,DEL,1191,1
25,DEL,1335,1
25,DEL,1367,1
25,DEL,1407,1
25,DEL,1647,1
25,DEL,1711,1
25,DEL,1775,1
25,DEL,1847,1
25,DEL,2023,1
25,DEL,2159,2
25,DEL,2271,1
25,DEL,2287,2
25,DEL,2303,1
25,DEL,2479,2
25,DEL,2607,1
25,DEL,2623,3
25,DEL,2655,1
25,DEL,2687,1
25,DEL,2703,1
25,DEL,2751,1
25,DEL,2767,1
25,DEL,2783,3
25,DEL,2799,1
25,DEL,2927,1
25,DEL,2943,1
25,DEL,2991,1
25,DEL,3023,1
25,DEL,3039,1
25,DEL,3071,1
25,DEL,3135,1
25,DEL,3183,1
25,DEL,3231,1
25,DEL,3247,2
25,DEL,3279,1
25,DEL,3327,1
25,DEL,3359,1
25,DEL,3439,2
25,DEL,3519,1
25,DEL,3599,1
25,DEL,3615,1
25,DEL,3711,1
25,DEL,3791,1
25,DEL,3807,1
25,DEL,3855,1
25,DEL,3967,1
25,DEL,4031,1
25,DEL,4079,1
25,DEL,4095,2
25,DEL,4159,2
25,DEL,4191,1
25,DEL,4223,1
25,DEL,4319,1
25,DEL,4351,2
25,DEL,4447,1
25,DEL,4511,1
25,DEL,4607,1
25,DEL,4639,2
25,DEL,4671,3
25,DEL,4767,1
25,DEL,4831,1
25,DEL,4863,1
25,DEL,4895,2
25,DEL,5055,1
25,DEL,5087,2
25,DEL,5119,1
25,DEL,5151,1
25,DEL,5215,1
25,DEL,5311,1
25,DEL,5407,1
25,DEL,5471,2
25,DEL,5535,1
25,DEL,5599,2
25,DEL,5823,1
25,DEL,6015,1
25,DEL,6399,1
25,DEL,6655,1
25,DEL,6687,1
25,DEL,6879,1
25,DEL,7007,1
25,DEL,7071,1
25,DEL,7359,1
25,DEL,7839,1
25,DEL,8127,1
25,DEL,8575,1
25,DEL,16639,1
25,DEL,21503,1
25,DEL,23167,1
25,DEL,25983,1
25,DEL,28927,1
25,DEL,29055,1
25,DEL,29951,1
25,DEL,32383,1
25,DEL,41471,1
25,DEL,43007,1
25,DEL,44031,2
25,DEL,44287,1
25,DEL,44543,1
25,DEL,44799,1
25,DEL,45567,1
25,DEL,45823,1
25,DEL,46079,1
25,DEL,46591,2
25,DEL,47103,2
25,DEL,47359,1
25,DEL,47615,2
25,DEL,47871,3
25,DEL,48127,1
25,DEL,48383,1
25,DEL,49151,2
25,DEL,49407,3
25,DEL,49663,1
25,DEL,49919,3
25,DEL,50175,4
25,DEL,50431,2
25,DEL,50687,5
25,DEL,50943,1
25,DEL,51199,1
25,DEL,51455,3
25,DEL,51711,1
25,DEL,51967,1
25,DEL,52223,3
25,DEL,52479,3
25,DEL,52735,5
25,DEL,52991,1
25,DEL,53247,1
25,DEL,53503,2
25,DEL,53759,2
25,DEL,54015,4
25,DEL,54271,1
25,DEL,54527,2
25,DEL,55295,2
25,DEL,55807,1
25,DEL,56063,2
25,DEL,56319,1
25,DEL,56831,1
25,DEL,57343,2
25,DEL,57599,1
25,DEL,57855,1
25,DEL,58111,1
25,DEL,60671,1
25,DEL,62975,1
25,GET,98,1
25,GET,101,1
25,GET,107,1
25,GET,108,2
25,GET,110,2
25,GET,112,1
25,GET,113,1
25,GET,115,1
25,GET,118,1
25,GET,122,1
25,GET,126,1
25,GET,127,1
25,GET,131,1
25,GET,132,1
25,GET,135,1
25,GET,142,1
25,GET,143,1
25,GET,144,2
25,GET,147,1
25,GET,148,2
25,GET,153,1
25,GET,156,1
25,GET,157,1
25,GET,160,1
25,GET,163,1
25,GET,164,1
25,GET,167,2
25,GET,168,1
25,GET,169,1
25,GET,171,1
25,GET,172,1
25,GET,175,6
25,GET,176,4
25,GET,177,2
25,GET,178,2
25,GET,179,2
25,GET,180,1
25,GET,181,1
25,GET,182,1
25,GET,183,1
25,GET,184,2
25,GET,185,2
25,GET,186,5
25,GET,187,2
25,GET,190,6
25,GET,191,7
25,GET,192,3
25,GET,193,3
25,GET,194,3
25,GET,195,6
25,GET,196,4
25,GET,197,5
25,GET,198,8
25,GET,199,1
25,GET,200,2
25,GET,201,3
25,GET,202,9
25,GET,203,2
25,GET,204,3
25,GET,205,4
25,GET,206,6
25,GET,207,3
25,GET,208,6
25,GET,209,5
25,GET,210,4
25,GET,211,6
25,GET,212,2
25,GET,213,8
25,GET,214,8
25,GET,215,2
25,GET,216,4
25,GET,217,1
25,GET,218,7
25,GET,219,2
25,GET,220,5
25,GET,221,6
25,GET,222,2
25,GET,223,1
25,GET,225,4
25,GET,227,2
25,GET,228,3
25,GET,229,5
25,GET,230,4
25,GET,231,3
25,GET,232,2
25,GET,233,1
25,GET,234,1
25,GET,236,3
25,GET,237,3
25,GET,238,1
25,GET,239,4
25,GET,240,1
25,GET,241,1
25,GET,242,1
25,GET,243,1
25,GET,244,2
25,GET,245,1
25,GET,246,1
25,GET,247,2
25,GET,248,1
25,GET,249,1
25,GET,250,1
25,GET,251,2
25,GET,252,1
25,GET,253,2
25,GET,254,1
25,GET,257,5
25,GET,259,2
25,GET,261,3
25,GET,263,3
25,GET,265,3
25,GET,267,1
25,GET,269,3
25,GET,271,2
25,GET,273,1
25,GET,275,1
25,GET,279,1
25,GET,283,1
25,GET,285,4
25,GET,287,2
25,GET,289,2
25,GET,293,1
25,GET,297,2
25,GET,299,3
25,GET,303,1
25,GET,305,2
25,GET,309,1
25,GET,311,4
25,GET,315,3
25,GET,317,3
25,GET,319,3
25,GET,321,1
25,GET,327,1
25,GET,329,3
25,GET,333,1
25,GET,335,2
25,GET,337,1
25,GET,339,1
25,GET,343,2
25,GET,345,2
25,GET,349,1
25,GET,351,2
25,GET,353,1
25,GET,355,1
25,GET,361,1
25,GET,363,1
25,GET,367,1
25,GET,371,2
25,GET,373,1
25,GET,377,3
25,GET,379,1
25,GET,383,1
25,GET,387,1
25,GET,389,2
25,GET,395,1
25,GET,397,1
25,GET,399,2
25,GET,403,1
25,GET,405,1
25,GET,409,2
25,GET,411,2
25,GET,413,1
25,GET,415,2
25,GET,417,1
25,GET,421,1
25,GET,425,1
25,GET,431,1
25,GET,433,2
25,GET,437,1
25,GET,449,2
25,GET,463,1
25,GET,465,1
25,GET,469,2
25,GET,471,1
25,GET,479,2
25,GET,483,2
25,GET,485,2
25,GET,489,3
25,GET,491,2
25,GET,493,1
25,GET,495,2
25,GET,497,2
25,GET,505,1
25,GET,515,1
25,GET,523,1
25,GET,527,1
25,GET,531,2
25,GET,535,3
25,GET,539,2
25,GET,547,2
25,GET,563,1
25,GET,567,1
25,GET,571,4
25,GET,575,1
25,GET,579,2
25,GET,583,2
25,GET,591,1
25,GET,595,2
25,GET,599,1
25,GET,603,2
25,GET,607,2
25,GET,611,1
25,GET,619,1
25,GET,623,2
25,GET,627,1
25,GET,631,3
25,GET,639,1
25,GET,643,2
25,GET,647,5
25,GET,655,1
25,GET,663,2
25,GET,671,1
25,GET,675,3
25,GET,679,3
25,GET,687,1
25,GET,699,1
25,GET,703,1
25,GET,707,3
25,GET,711,1
25,GET,715,2
25,GET,727,2
25,GET,731,2
25,GET,739,3
25,GET,743,1
25,GET,747,1
25,GET,751,1
25,GET,755,1
25,GET,759,2
25,GET,767,2
25,GET,771,2
25,GET,783,1
25,GET,791,1
25,GET,795,2
25,GET,803,1
25,GET,807,1
25,GET,815,2
25,GET,819,1
25,GET,823,1
25,GET,831,1
25,GET,843,1
25,GET,847,2
25,GET,851,1
25,GET,855,1
25,GET,859,2
25,GET,863,4
25,GET,867,2
25,GET,875,2
25,GET,887,1
25,GET,895,1
25,GET,907,2
25,GET,911,2
25,GET,919,2
25,GET,923,1
25,GET,931,1
25,GET,935,1
25,GET,939,2
25,GET,943,2
25,GET,955,1
25,GET,959,1
25,GET,963,1
25,GET,967,1
25,GET,983,1
25,GET,995,1
25,GET,999,1
25,GET,1003,1
25,GET,1015,1
25,GET,1031,1
25,GET,1039,3
25,GET,1047,1
25,GET,1055,2
25,GET,1063,1
25,GET,1079,2
25,GET,1087,5
25,GET,1095,1
25,GET,1111,1
25,GET,1119,1
25,GET,1127,3
25,GET,1135,2
25,GET,1143,1
25,GET,1167,1
25,GET,1175,2
25,GET,1183,2
25,GET,1191,2
25,GET,1199,3
25,GET,1207,2
25,GET,1215,3
25,GET,1223,1
25,GET,1231,1
25,GET,1239,1
25,GET,1255,4
25,GET,1271,1
25,GET,1279,1
25,GET,1287,4
25,GET,1303,1
25,GET,1319,2
25,GET,1335,2
25,GET,1343,1
25,GET,1351,1
25,GET,1375,1
25,GET,1383,4
25,GET,1391,1
25,GET,1399,2
25,GET,1407,2
25,GET,1415,3
25,GET,1423,1
25,GET,1439,1
25,GET,1447,1
25,GET,1463,2
25,GET,1471,4
25,GET,1479,2
25,GET,1487,1
25,GET,1495,1
25,GET,1503,1
25,GET,1519,1
25,GET,1551,1
25,GET,1583,2
25,GET,1591,1
25,GET,1623,5
25,GET,1631,3
25,GET,1639,4
25,GET,1647,1
25,GET,1655,1
25,GET,1663,1
25,GET,1671,1
25,GET,1687,2
25,GET,1695,2
25,GET,1711,1
25,GET,1719,1
25,GET,1735,1
25,GET,1743,1
25,GET,1751,2
25,GET,1775,3
25,GET,1783,1
25,GET,1807,1
25,GET,1815,1
25,GET,1823,4
25,GET,1839,2
25,GET,1847,1
25,GET,1855,4
25,GET,1863,1
25,GET,1879,2
25,GET,1887,2
25,GET,1895,3
25,GET,1903,1
25,GET,1911,3
25,GET,1919,2
25,GET,1927,2
25,GET,1935,2
25,GET,1959,1
25,GET,1983,1
25,GET,1999,1
25,GET,2007,1
25,GET,2023,1
25,GET,2031,2
25,GET,2039,2
25,GET,2047,1
25,GET,2063,2
25,GET,2079,4
25,GET,2111,3
25,GET,2127,3
25,GET,2143,1
25,GET,2159,3
25,GET,2175,1
25,GET,2191,1
25,GET,2207,1
25,GET,2223,5
25,GET,2239,2
25,GET,2255,2
25,GET,2271,2
25,GET,2287,5
25,GET,2303,4
25,GET,2319,1
25,GET,2335,4
25,GET,2351,2
25,GET,2367,5
25,GET,2383,2
25,GET,2399,1
25,GET,2415,1
25,GET,2431,1
25,GET,2463,2
25,GET,2479,2
25,GET,2495,4
25,GET,2511,2
25,GET,2527,3
25,GET,2543,5
25,GET,2575,7
25,GET,2591,2
25,GET,2607,5
25,GET,2623,3
25,GET,2639,6
25,GET,2655,2
25,GET,2671,1
25,GET,2687,3
25,GET,2719,4
25,GET,2735,1
25,GET,2751,3
25,GET,2767,1
25,GET,2783,4
25,GET,2799,3
25,GET,2815,5
25,GET,2831,5
25,GET,2847,5
25,GET,2863,5
25,GET,2879,3
25,GET,2895,7
25,GET,2911,4
25,GET,2927,3
25,GET,2959,4
25,GET,2975,1
25,GET,2991,1
25,GET,3007,5
25,GET,3023,1
25,GET,3039,2
25,GET,3055,3
25,GET,3071,4
25,GET,3087,2
25,GET,3103,2
25,GET,3119,2
25,GET,3135,1
25,GET,3151,4
25,GET,3167,5
25,GET,3183,1
25,GET,3199,1
25,GET,3215,1
25,GET,3231,6
25,GET,3247,1
25,GET,3263,3
25,GET,3295,2
25,GET,3311,3
25,GET,3327,5
25,GET,3343,2
25,GET,3359,2
25,GET,3375,1
25,GET,3391,1
25,GET,3407,3
25,GET,3423,1
25,GET,3439,2
25,GET,3455,4
25,GET,3471,4
25,GET,3487,3
25,GET,3503,2
25,GET,3519,3
25,GET,3535,4
25,GET,3551,1
25,GET,3583,1
25,GET,3599,2
25,GET,3615,3
25,GET,3647,1
25,GET,3663,1
25,GET,3679,2
25,GET,3695,4
25,GET,3711,3
25,GET,3727,2
25,GET,3743,3
25,GET,3759,1
25,GET,3775,3
25,GET,3791,3
25,GET,3807,2
25,GET,3823,2
25,GET,3839,1
25,GET,3855,2
25,GET,3903,4
25,GET,3919,4
25,GET,3935,1
25,GET,3951,2
25,GET,3967,4
25,GET,3983,4
25,GET,3999,2
25,GET,4015,2
25,GET,4047,2
25,GET,4063,2
25,GET,4079,2
25,GET,4095,3
25,GET,4127,2
25,GET,4159,3
25,GET,4191,3
25,GET,4223,7
25,GET,4255,5
25,GET,4287,1
25,GET,4319,5
25,GET,4351,1
25,GET,4383,4
25,GET,4415,4
25,GET,4447,3
25,GET,4511,1
25,GET,4543,1
25,GET,4575,3
25,GET,4607,3
25,GET,4639,3
25,GET,4671,2
25,GET,4703,1
25,GET,4735,1
25,GET,4831,2
25,GET,4863,1
25,GET,4895,2
25,GET,4927,1
25,GET,4959,2
25,GET,4991,2
25,GET,5023,3
25,GET,5087,1
25,GET,5119,1
25,GET,5151,1
25,GET,5215,2
25,GET,5247,1
25,GET,5311,2
25,GET,5343,1
25,GET,5375,1
25,GET,5471,1
25,GET,5503,2
25,GET,5567,1
25,GET,5599,2
25,GET,5631,2
25,GET,5663,1
25,GET,5759,1
25,GET,5791,1
25,GET,5855,1
25,GET,6111,1
25,GET,6175,1
25,GET,6239,1
25,GET,6527,1
25,GET,6559,2
25,GET,7103,1
25,GET,7583,1
25,SET,174,1
25,SET,187,1
25,SET,192,1
25,SET,197,2
25,SET,206,1
25,SET,220,1
25,SET,231,1
25,SET,232,1
25,SET,241,1
25,SET,246,1
25,SET,253,1
25,SET,263,1
25,SET,269,1
25,SET,275,1
25,SET,277,1
25,SET,289,2
25,SET,291,1
25,SET,307,1
25,SET,313,1
25,SET,315,1
25,SET,327,1
25,SET,351,1
25,SET,353,1
25,SET,519,1
25,SET,591,1
25,SET,663,1
25,SET,787,1
25,SET,799,1
25,SET,847,1
25,SET,863,1
25,SET,919,1
25,SET,1019,1
25,SET,1031,1
25,SET,1103,1
25,SET,1215,1
25,SET,1311,1
25,SET,1383,1
25,SET,1919,1
25,SET,2039,1
25,SET,2351,2
25,SET,2367,1
25,SET,2383,1
25,SET,2623,1
25,SET,2687,2
25,SET,2831,4
25,SET,2895,1
25,SET,3039,1
25,SET,3071,2
25,SET,3087,1
25,SET,3151,1
25,SET,3215,1
25,SET,3295,1
25,SET,3567,2
25,SET,3647,1
25,SET,3679,1
25,SET,3727,1
25,SET,3951,1
25,SET,4015,1
25,SET,4191,1
25,SET,4223,2
25,SET,4671,1
25,SET,5919,1
26,GET,97,1
26,GET,118,1
26,GET,120,1
26,GET,126,1
26,GET,128,1
26,GET,132,1
26,GET,133,2
26,GET,137,1
26,GET,139,1
26,GET,143,1
26,GET,144,2
26,GET,146,1
26,GET,147,1
26,GET,148,1
26,GET,150,2
26,GET,151,2
26,GET,152,2
26,GET,153,1
26,GET,154,4
26,GET,155,2
26,GET,156,3
26,GET,157,2
26,GET,158,1
26,GET,159,2
26,GET,162,1
26,GET,163,2
26,GET,164,1
26,GET,165,2
26,GET,166,1
26,GET,168,1
26,GET,169,1
26,GET,170,2
26,GET,172,2
26,GET,173,3
26,GET,174,1
26,GET,175,3
26,GET,176,3
26,GET,177,3
26,GET,178,2
26,GET,179,1
26,GET,180,1
26,GET,181,2
26,GET,182,1
26,GET,184,3
26,GET,185,1
26,GET,186,1
26,GET,187,1
26,GET,188,2
26,GET,189,3
26,GET,190,2
26,GET,191,2
26,GET,192,1
26,GET,193,1
26,GET,194,2
26,GET,195,8
26,GET,196,5
26,GET,197,2
26,GET,200,2
26,GET,201,2
26,GET,202,1
26,GET,203,8
26,GET,204,2
26,GET,205,4
26,GET,206,4
26,GET,207,4
26,GET,208,6
26,GET,209,6
26,GET,210,5
26,GET,211,3
26,GET,212,4
26,GET,213,4
26,GET,214,3
26,GET,216,3
26,GET,217,4
26,GET,218,3
26,GET,219,3
26,GET,220,5
26,GET,221,3
26,GET,222,5
26,GET,223,2
26,GET,224,3
26,GET,225,4
26,GET,226,2
26,GET,227,2
26,GET,228,1
26,GET,230,3
26,GET,231,2
26,GET,232,2
26,GET,233,3
26,GET,234,1
26,GET,235,1
26,GET,236,2
26,GET,237,1
26,GET,238,1
26,GET,239,2
26,GET,240,2
26,GET,242,2
26,GET,243,2
26,GET,244,3
26,GET,245,2
26,GET,247,1
26,GET,248,1
26,GET,250,2
26,GET,251,1
26,GET,252,4
26,GET,253,3
26,GET,255,3
26,GET,257,3
26,GET,259,6
26,GET,261,2
26,GET,263,2
26,GET,265,1
26,GET,267,2
26,GET,269,2
26,GET,271,3
26,GET,275,5
26,GET,277,2
26,GET,279,6
26,GET,281,1
26,GET,283,3
26,GET,285,2
26,GET,287,1
26,GET,289,5
26,GET,293,3
26,GET,295,1
26,GET,297,2
26,GET,299,4
26,GET,301,1
26,GET,303,1
26,GET,307,3
26,GET,313,1
26,GET,315,4
26,GET,317,1
26,GET,319,1
26,GET,321,5
26,GET,323,1
26,GET,325,2
26,GET,327,1
26,GET,329,1
26,GET,331,1
26,GET,333,1
26,GET,335,2
26,GET,337,1
26,GET,341,1
26,GET,345,1
26,GET,349,1
26,GET,351,1
26,GET,353,2
26,GET,355,2
26,GET,357,2
26,GET,359,1
26,GET,361,1
26,GET,371,1
26,GET,377,1
26,GET,383,1
26,GET,385,1
26,GET,387,1
26,GET,393,1
26,GET,409,1
26,GET,411,1
26,GET,431,1
26,GET,433,2
26,GET,439,1
26,GET,441,1
26,GET,443,4
26,GET,447,1
26,GET,449,1
26,GET,451,1
26,GET,453,1
26,GET,457,1
26,GET,459,2
26,GET,461,1
26,GET,469,2
26,GET,471,1
26,GET,483,2
26,GET,491,1
26,GET,493,1
26,GET,497,1
26,GET,501,2
26,GET,503,1
26,GET,505,1
26,GET,507,1
26,GET,511,1
26,GET,515,1
26,GET,519,1
26,GET,523,2
26,GET,527,1
26,GET,531,1
26,GET,539,1
26,GET,543,2
26,GET,547,4
26,GET,559,1
26,GET,563,1
26,GET,567,2
26,GET,571,3
26,GET,575,1
26,GET,579,2
26,GET,583,1
26,GET,587,2
26,GET,595,3
26,GET,599,2
26,GET,603,2
26,GET,607,2
26,GET,611,2
26,GET,615,1
26,GET,619,2
26,GET,627,1
26,GET,631,1
26,GET,639,2
26,GET,643,1
26,GET,651,1
26,GET,659,2
26,GET,663,1
26,GET,667,3
26,GET,671,1
26,GET,683,1
26,GET,687,1
26,GET,691,2
26,GET,695,1
26,GET,699,2
26,GET,707,1
26,GET,711,1
26,GET,715,1
26,GET,723,2
26,GET,735,1
26,GET,739,6
26,GET,743,2
26,GET,747,1
26,GET,755,1
26,GET,767,1
26,GET,771,3
26,GET,775,2
26,GET,779,1
26,GET,787,1
26,GET,791,1
26,GET,795,1
26,GET,799,2
26,GET,803,1
26,GET,807,2
26,GET,811,1
26,GET,815,1
26,GET,819,1
26,GET,823,1
26,GET,835,2
26,GET,839,2
26,GET,843,2
26,GET,847,1
26,GET,851,1
26,GET,859,1
26,GET,871,2
26,GET,875,1
26,GET,887,1
26,GET,891,1
26,GET,907,2
26,GET,915,1
26,GET,919,2
26,GET,923,1
26,GET,931,1
26,GET,935,3
26,GET,971,1
26,GET,975,2
26,GET,979,1
26,GET,983,2
26,GET,995,1
26,GET,1007,2
26,GET,1011,2
26,GET,1023,5
26,GET,1031,1
26,GET,1063,1
26,GET,1087,1
26,GET,1095,2
26,GET,1103,1
26,GET,1119,2
26,GET,1127,4
26,GET,1135,1
26,GET,1143,1
26,GET,1151,1
26,GET,1159,2
26,GET,1167,1
26,GET,1175,3
26,GET,1183,1
26,GET,1191,4
26,GET,1199,1
26,GET,1207,1
26,GET,1215,3
26,GET,1231,1
26,GET,1239,1
26,GET,1255,2
26,GET,1263,1
26,GET,1279,3
26,GET,1287,2
26,GET,1295,1
26,GET,1303,2
26,GET,1319,4
26,GET,1327,1
26,GET,1383,3
26,GET,1391,2
26,GET,1439,1
26,GET,1455,1
26,GET,1471,3
26,GET,1479,1
26,GET,1487,2
26,GET,1495,2
26,GET,1503,1
26,GET,1511,1
26,GET,1527,1
26,GET,1535,2
26,GET,1551,1
26,GET,1559,2
26,GET,1575,1
26,GET,1583,1
26,GET,1591,1
26,GET,1599,1
26,GET,1607,2
26,GET,1631,1
26,GET,1639,1
26,GET,1647,5
26,GET,1655,1
26,GET,1679,1
26,GET,1695,3
26,GET,1727,1
26,GET,1735,2
26,GET,1743,2
26,GET,1751,1
26,GET,1759,1
26,GET,1791,1
26,GET,1807,1
26,GET,1815,3
26,GET,1831,2
26,GET,1839,1
26,GET,1847,2
26,GET,1855,1
26,GET,1863,3
26,GET,1871,1
26,GET,1879,2
26,GET,1887,3
26,GET,1911,4
26,GET,1919,1
26,GET,1967,2
26,GET,1975,2
26,GET,1983,2
26,GET,2007,2
26,GET,2015,2
26,GET,2039,2
26,GET,2047,1
26,GET,2063,3
26,GET,2079,3
26,GET,2095,1
26,GET,2111,3
26,GET,2127,2
26,GET,2143,1
26,GET,2159,4
26,GET,2175,2
26,GET,2191,5
26,GET,2207,2
26,GET,2223,2
26,GET,2239,3
26,GET,2255,2
26,GET,2271,3
26,GET,2287,2
26,GET,2319,3
26,GET,2351,2
26,GET,2367,1
26,GET,2383,3
26,GET,2415,2
26,GET,2431,2
26,GET,2447,3
26,GET,2463,3
26,GET,2479,3
26,GET,2495,5
26,GET,2511,1
26,GET,2527,2
26,GET,2543,4
26,GET,2559,2
26,GET,2575,4
26,GET,2591,5
26,GET,2607,4
26,GET,2623,2
26,GET,2639,4
26,GET,2655,3
26,GET,2671,2
26,GET,2687,4
26,GET,2703,3
26,GET,2719,1
26,GET,2735,4
26,GET,2751,5
26,GET,2767,5
26,GET,2783,2
26,GET,2799,4
26,GET,2815,5
26,GET,2831,2
26,GET,2847,3
26,GET,2863,8
26,GET,2895,2
26,GET,2911,5
26,GET,2927,2
26,GET,2943,2
26,GET,2959,4
26,GET,2975,1
26,GET,2991,4
26,GET,3007,2
26,GET,3023,4
26,GET,3039,3
26,GET,3055,3
26,GET,3071,2
26,GET,3087,4
26,GET,3103,3
26,GET,3119,2
26,GET,3135,1
26,GET,3151,2
26,GET,3167,3
26,GET,3183,3
26,GET,3199,4
26,GET,3215,2
26,GET,3231,5
26,GET,3247,3
26,GET,3263,5
26,GET,3279,7
26,GET,3295,2
26,GET,3311,6
26,GET,3327,2
26,GET,3343,1
26,GET,3359,2
26,GET,3375,5
26,GET,3391,2
26,GET,3407,1
26,GET,3423,6
26,GET,3439,1
26,GET,3455,7
26,GET,3471,2
26,GET,3487,1
26,GET,3503,1
26,GET,3519,2
26,GET,3535,1
26,GET,3551,6
26,GET,3567,5
26,GET,3583,3
26,GET,3599,1
26,GET,3615,6
26,GET,3631,2
26,GET,3647,2
26,GET,3663,5
26,GET,3695,1
26,GET,3711,5
26,GET,3743,3
26,GET,3759,2
26,GET,3775,3
26,GET,3791,5
26,GET,3839,3
26,GET,3855,1
26,GET,3871,2
26,GET,3919,1
26,GET,3935,2
26,GET,3951,1
26,GET,3967,4
26,GET,3983,2
26,GET,3999,1
26,GET,4031,2
26,GET,4047,2
26,GET,4063,4
26,GET,4079,1
26,GET,4095,2
26,GET,4127,1
26,GET,4159,4
26,GET,4191,5
26,GET,4223,2
26,GET,4255,1
26,GET,4287,3
26,GET,4319,2
26,GET,4351,2
26,GET,4383,5
26,GET,4415,1
26,GET,4447,3
26,GET,4479,2
26,GET,4543,4
26,GET,4575,3
26,GET,4639,2
26,GET,4703,2
26,GET,4767,1
26,GET,4799,2
26,GET,4863,1
26,GET,4895,1
26,GET,4959,1
26,GET,4991,1
26,GET,5023,2
26,GET,5055,1
26,GET,5087,2
26,GET,5119,2
26,GET,5183,2
26,GET,5247,2
26,GET,5279,1
26,GET,5311,1
26,GET,5343,1
26,GET,5375,2
26,GET,5407,1
26,GET,5439,1
26,GET,5471,3
26,GET,5503,2
26,GET,5567,1
26,GET,5599,1
26,GET,5727,2
26,GET,5759,1
26,GET,5855,1
26,GET,6047,1
26,GET,6079,1
26,GET,6207,1
26,GET,6239,1
26,GET,6271,1
26,GET,6367,1
26,GET,6399,1
26,GET,6687,1
26,GET,6911,1
26,GET,6975,1
26,GET,7327,1
26,DEL,118,1
26,DEL,126,1
26,DEL,133,1
26,DEL,145,1
26,DEL,148,1
26,DEL,149,1
26,DEL,152,1
26,DEL,156,1
26,DEL,159,1
26,DEL,166,1
26,DEL,171,1
26,DEL,172,2
26,DEL,173,2
26,DEL,176,1
26,DEL,178,1
26,DEL,179,2
26,DEL,180,3
26,DEL,182,1
26,DEL,185,1
26,DEL,188,3
26,DEL,189,2
26,DEL,190,1
26,DEL,192,1
26,DEL,193,2
26,DEL,194,2
26,DEL,195,1
26,DEL,196,4
26,DEL,197,3
26,DEL,198,2
26,DEL,199,1
26,DEL,200,1
26,DEL,201,1
26,DEL,202,1
26,DEL,203,1
26,DEL,205,3
26,DEL,207,3
26,DEL,208,2
26,DEL,209,1
26,DEL,210,1
26,DEL,211,1
26,DEL,212,1
26,DEL,213,1
26,DEL,215,2
26,DEL,216,2
26,DEL,217,2
26,DEL,218,2
26,DEL,219,2
26,DEL,221,1
26,DEL,222,1
26,DEL,223,2
26,DEL,224,3
26,DEL,226,2
26,DEL,227,1
26,DEL,228,4
26,DEL,229,2
26,DEL,230,1
26,DEL,231,2
26,DEL,233,2
26,DEL,234,1
26,DEL,235,1
26,DEL,236,1
26,DEL,237,2
26,DEL,238,1
26,DEL,239,1
26,DEL,241,1
26,DEL,243,1
26,DEL,245,1
26,DEL,246,1
26,DEL,247,1
26,DEL,252,1
26,DEL,259,1
26,DEL,263,1
26,DEL,265,2
26,DEL,267,1
26,DEL,269,1
26,DEL,273,1
26,DEL,275,2
26,DEL,277,1
26,DEL,279,1
26,DEL,281,1
26,DEL,285,2
26,DEL,291,1
26,DEL,295,1
26,DEL,297,2
26,DEL,309,1
26,DEL,313,1
26,DEL,317,2
26,DEL,321,1
26,DEL,331,1
26,DEL,339,1
26,DEL,347,1
26,DEL,353,2
26,DEL,355,1
26,DEL,365,1
26,DEL,369,2
26,DEL,371,2
26,DEL,379,1
26,DEL,393,1
26,DEL,403,1
26,DEL,423,1
26,DEL,425,1
26,DEL,435,1
26,DEL,439,1
26,DEL,445,1
26,DEL,459,2
26,DEL,499,1
26,DEL,511,1
26,DEL,523,1
26,DEL,527,2
26,DEL,531,1
26,DEL,539,1
26,DEL,551,1
26,DEL,563,1
26,DEL,567,1
26,DEL,579,2
26,DEL,583,1
26,DEL,591,1
26,DEL,595,1
26,DEL,615,1
26,DEL,623,1
26,DEL,631,1
26,DEL,643,1
26,DEL,655,1
26,DEL,663,1
26,DEL,667,1
26,DEL,671,1
26,DEL,687,1
26,DEL,699,1
26,DEL,715,1
26,DEL,727,1
26,DEL,747,1
26,DEL,751,1
26,DEL,763,1
26,DEL,771,1
26,DEL,795,1
26,DEL,799,1
26,DEL,803,1
26,DEL,827,1
26,DEL,907,1
26,DEL,911,1
26,DEL,923,1
26,DEL,943,1
26,DEL,983,2
26,DEL,1011,1
26,DEL,1063,1
26,DEL,1071,1
26,DEL,1175,1
26,DEL,1191,2
26,DEL,1223,1
26,DEL,1231,2
26,DEL,1271,1
26,DEL,1311,1
26,DEL,1327,2
26,DEL,1359,1
26,DEL,1375,1
26,DEL,1703,1
26,DEL,1735,1
26,DEL,1759,1
26,DEL,1799,1
26,DEL,1807,1
26,DEL,1839,1
26,DEL,1863,1
26,DEL,2015,1
26,DEL,2063,1
26,DEL,2191,1
26,DEL,2239,2
26,DEL,2255,1
26,DEL,2335,1
26,DEL,2351,1
26,DEL,2399,1
26,DEL,2431,3
26,DEL,2463,1
26,DEL,2543,1
26,DEL,2591,1
26,DEL,2607,1
26,DEL,2639,1
26,DEL,2687,2
26,DEL,2831,1
26,DEL,2847,1
26,DEL,2879,1
26,DEL,2895,1
26,DEL,2943,1
26,DEL,2975,1
26,DEL,3007,1
26,DEL,3087,2
26,DEL,3167,1
26,DEL,3231,1
26,DEL,3247,1
26,DEL,3311,1
26,DEL,3471,1
26,DEL,3503,3
26,DEL,3535,1
26,DEL,3551,2
26,DEL,3599,1
26,DEL,3727,1
26,DEL,3743,2
26,DEL,3775,1
26,DEL,3903,2
26,DEL,3983,1
26,DEL,4015,1
26,DEL,4031,1
26,DEL,4191,2
26,DEL,4223,1
26,DEL,4255,1
26,DEL,4287,3
26,DEL,4319,2
26,DEL,4351,1
26,DEL,4383,1
26,DEL,4447,2
26,DEL,4639,3
26,DEL,4799,1
26,DEL,4863,1
26,DEL,4895,2
26,DEL,5023,1
26,DEL,5119,3
26,DEL,5151,1
26,DEL,5279,1
26,DEL,5375,1
26,DEL,5439,1
26,DEL,5631,1
26,DEL,5663,1
26,DEL,5727,1
26,DEL,5887,2
26,DEL,5983,2
26,DEL,6015,1
26,DEL,6431,1
26,DEL,6495,1
26,DEL,6815,1
26,DEL,7135,1
26,DEL,7167,1
26,DEL,7583,2
26,DEL,8127,1
26,DEL,8703,1
26,DEL,9343,1
26,DEL,10815,1
26,DEL,12223,1
26,DEL,13247,1
26,DEL,14143,1
26,DEL,15679,1
26,DEL,16063,1
26,DEL,16639,1
26,DEL,18175,1
26,DEL,20991,1
26,DEL,21375,1
26,DEL,23679,1
26,DEL,26751,1
26,DEL,28927,1
26,DEL,35583,1
26,DEL,36095,1
26,DEL,40447,1
26,DEL,41215,1
26,DEL,43519,1
26,DEL,44287,1
26,DEL,44799,1
26,DEL,45055,1
26,DEL,45567,1
26,DEL,46079,1
26,DEL,46335,1
26,DEL,46591,3
26,DEL,47103,3
26,DEL,47359,2
26,DEL,48127,3
26,DEL,48639,1
26,DEL,49407,1
26,DEL,49663,5
26,DEL,50175,3
26,DEL,50431,2
26,DEL,50687,2
26,DEL,51199,3
26,DEL,51455,3
26,DEL,51711,2
26,DEL,51967,3
26,DEL,52479,2
26,DEL,52735,3
26,DEL,52991,3
26,DEL,53247,2
26,DEL,53503,1
26,DEL,53759,3
26,DEL,54015,2
26,DEL,54271,2
26,DEL,54527,3
26,DEL,55039,1
26,DEL,55295,1
26,DEL,55551,2
26,DEL,55807,2
26,DEL,56063,2
26,DEL,56319,1
26,DEL,56831,1
26,DEL,57343,1
26,DEL,58111,1
26,DEL,58367,2
26,DEL,59135,2
26,DEL,59647,2
26,DEL,61183,1
26,SET,118,1
26,SET,164,1
26,SET,167,1
26,SET,172,1
26,SET,180,1
26,SET,184,1
26,SET,186,1
26,SET,187,1
26,SET,190,1
26,SET,192,1
26,SET,205,1
26,SET,206,1
26,SET,220,1
26,SET,223,1
26,SET,226,1
26,SET,228,1
26,SET,230,1
26,SET,246,1
26,SET,248,1
26,SET,249,1
26,SET,299,1
26,SET,337,1
26,SET,397,1
26,SET,457,1
26,SET,481,1
26,SET,493,1
26,SET,523,1
26,SET,615,1
26,SET,619,1
26,SET,803,1
26,SET,811,1
26,SET,875,1
26,SET,915,1
26,SET,971,1
26,SET,1071,1
26,SET,1135,1
26,SET,1295,1
26,SET,1543,1
26,SET,1559,1
26,SET,1583,1
26,SET,1623,1
26,SET,1839,1
26,SET,2039,1
26,SET,2303,1
26,SET,2367,1
26,SET,2495,1
26,SET,2655,3
26,SET,2767,1
26,SET,2863,1
26,SET,2943,1
26,SET,2959,2
26,SET,2991,1
26,SET,3055,1
26,SET,3151,1
26,SET,3343,1
26,SET,3407,1
26,SET,3487,1
26,SET,3551,1
26,SET,3567,1
26,SET,3647,2
26,SET,3759,1
26,SET,4127,1
26,SET,4319,1
26,SET,4511,1
26,SET,4607,1
26,SET,4703,1
26,SET,4767,1
26,SET,5727,1
26,SET,6399,1
27,GET,88,1
27,GET,103,1
27,GET,111,1
27,GET,116,2
27,GET,119,1
27,GET,123,1
27,GET,126,1
27,GET,127,1
27,GET,128,1
27,GET,131,2
27,GET,136,1
27,GET,139,2
27,GET,141,2
27,GET,146,1
27,GET,147,1
27,GET,148,1
27,GET,149,1
27,GET,150,1
27,GET,153,2
27,GET,154,1
27,GET,155,2
27,GET,156,1
27,GET,158,2
27,GET,159,2
27,GET,160,3
27,GET,161,3
27,GET,162,2
27,GET,163,2
27,GET,164,4
27,GET,165,1
27,GET,166,4
27,GET,167,4
27,GET,168,4
27,GET,170,2
27,GET,172,1
27,GET,173,1
27,GET,174,4
27,GET,175,3
27,GET,176,1
27,GET,177,3
27,GET,178,2
27,GET,179,3
27,GET,180,2
27,GET,181,2
27,GET,182,3
27,GET,183,2
27,GET,184,2
27,GET,185,1
27,GET,186,4
27,GET,187,3
27,GET,188,2
27,GET,189,2
27,GET,190,5
27,GET,191,3
27,GET,192,4
27,GET,194,2
27,GET,195,3
27,GET,196,3
27,GET,197,4
27,GET,198,5
27,GET,199,6
27,GET,200,5
27,GET,201,3
27,GET,202,7
27,GET,203,3
27,GET,204,3
27,GET,205,4
27,GET,206,8
27,GET,207,6
27,GET,209,3
27,GET,210,2
27,GET,211,2
27,GET,212,3
27,GET,213,1
27,GET,214,6
27,GET,215,5
27,GET,216,6
27,GET,217,1
27,GET,218,2
27,GET,219,6
27,GET,222,3
27,GET,223,2
27,GET,224,3
27,GET,225,3
27,GET,227,2
27,GET,228,3
27,GET,229,1
27,GET,230,3
27,GET,231,3
27,GET,232,2
27,GET,233,2
27,GET,234,3
27,GET,235,2
27,GET,236,1
27,GET,237,4
27,GET,238,2
27,GET,240,1
27,GET,241,1
27,GET,242,1
27,GET,243,1
27,GET,244,1
27,GET,245,2
27,GET,250,1
27,GET,251,4
27,GET,252,2
27,GET,254,1
27,GET,255,1
27,GET,257,2
27,GET,259,2
27,GET,261,4
27,GET,263,1
27,GET,265,1
27,GET,271,2
27,GET,273,2
27,GET,277,3
27,GET,279,1
27,GET,281,2
27,GET,283,2
27,GET,285,4
27,GET,287,1
27,GET,289,1
27,GET,291,2
27,GET,293,2
27,GET,295,1
27,GET,297,3
27,GET,301,1
27,GET,303,1
27,GET,307,2
27,GET,309,1
27,GET,311,1
27,GET,313,1
27,GET,315,2
27,GET,317,3
27,GET,319,1
27,GET,323,1
27,GET,325,1
27,GET,331,1
27,GET,333,1
27,GET,337,3
27,GET,345,2
27,GET,349,1
27,GET,351,1
27,GET,353,1
27,GET,361,1
27,GET,363,2
27,GET,369,2
27,GET,377,1
27,GET,391,1
27,GET,397,2
27,GET,399,1
27,GET,403,2
27,GET,405,1
27,GET,407,1
27,GET,413,1
27,GET,427,1
27,GET,431,1
27,GET,433,1
27,GET,439,1
27,GET,441,1
27,GET,445,1
27,GET,449,1
27,GET,469,1
27,GET,475,1
27,GET,477,1
27,GET,479,1
27,GET,481,1
27,GET,485,2
27,GET,487,1
27,GET,491,1
27,GET,497,1
27,GET,501,1
27,GET,509,1
27,GET,515,2
27,GET,531,2
27,GET,535,1
27,GET,539,2
27,GET,547,2
27,GET,551,1
27,GET,555,2
27,GET,559,1
27,GET,563,3
27,GET,571,1
27,GET,579,2
27,GET,587,2
27,GET,591,1
27,GET,595,1
27,GET,599,1
27,GET,603,3
27,GET,607,3
27,GET,611,1
27,GET,615,1
27,GET,619,1
27,GET,623,2
27,GET,627,1
27,GET,631,2
27,GET,635,1
27,GET,639,3
27,GET,647,1
27,GET,651,1
27,GET,655,1
27,GET,659,1
27,GET,663,1
27,GET,671,1
27,GET,679,1
27,GET,683,2
27,GET,691,1
27,GET,695,1
27,GET,699,1
27,GET,703,2
27,GET,707,1
27,GET,711,5
27,GET,719,1
27,GET,723,1
27,GET,727,1
27,GET,735,1
27,GET,739,1
27,GET,743,1
27,GET,747,1
27,GET,751,1
27,GET,755,1
27,GET,775,1
27,GET,783,2
27,GET,787,2
27,GET,795,1
27,GET,807,2
27,GET,811,2
27,GET,827,1
27,GET,831,2
27,GET,835,2
27,GET,839,1
27,GET,843,1
27,GET,851,1
27,GET,863,1
27,GET,871,1
27,GET,875,1
27,GET,879,1
27,GET,887,2
27,GET,891,1
27,GET,899,1
27,GET,907,1
27,GET,915,2
27,GET,931,1
27,GET,935,1
27,GET,943,1
27,GET,951,1
27,GET,955,1
27,GET,959,1
27,GET,963,1
27,GET,967,1
27,GET,971,2
27,GET,975,1
27,GET,983,1
27,GET,987,1
27,GET,991,2
27,GET,999,1
27,GET,1019,2
27,GET,1039,1
27,GET,1047,1
27,GET,1055,1
27,GET,1063,3
27,GET,1079,1
27,GET,1095,1
27,GET,1103,4
27,GET,1111,2
27,GET,1119,1
27,GET,1127,4
27,GET,1135,1
27,GET,1143,2
27,GET,1151,4
27,GET,1159,3
27,GET,1167,2
27,GET,1175,2
27,GET,1183,2
27,GET,1191,3
27,GET,1199,1
27,GET,1207,2
27,GET,1215,3
27,GET,1223,4
27,GET,1231,2
27,GET,1239,4
27,GET,1255,5
27,GET,1271,3
27,GET,1279,2
27,GET,1287,3
27,GET,1295,3
27,GET,1303,4
27,GET,1311,2
27,GET,1319,1
27,GET,1327,1
27,GET,1335,2
27,GET,1343,1
27,GET,1351,1
27,GET,1367,2
27,GET,1375,4
27,GET,1383,2
27,GET,1431,2
27,GET,1439,1
27,GET,1447,3
27,GET,1471,2
27,GET,1479,1
27,GET,1495,3
27,GET,1519,2
27,GET,1527,2
27,GET,1543,2
27,GET,1551,2
27,GET,1559,2
27,GET,1575,3
27,GET,1607,2
27,GET,1647,2
27,GET,1655,3
27,GET,1663,1
27,GET,1671,1
27,GET,1687,1
27,GET,1695,1
27,GET,1703,1
27,GET,1719,1
27,GET,1727,1
27,GET,1743,1
27,GET,1759,2
27,GET,1767,2
27,GET,1783,2
27,GET,1799,1
27,GET,1807,1
27,GET,1815,1
27,GET,1831,1
27,GET,1863,1
27,GET,1919,1
27,GET,1927,1
27,GET,1935,1
27,GET,1943,1
27,GET,1951,2
27,GET,1967,1
27,GET,1975,1
27,GET,1991,2
27,GET,2007,1
27,GET,2031,2
27,GET,2039,2
27,GET,2047,3
27,GET,2063,3
27,GET,2079,1
27,GET,2095,1
27,GET,2111,2
27,GET,2127,1
27,GET,2143,4
27,GET,2175,1
27,GET,2191,3
27,GET,2207,1
27,GET,2223,1
27,GET,2239,2
27,GET,2287,2
27,GET,2303,3
27,GET,2319,1
27,GET,2335,2
27,GET,2351,6
27,GET,2367,2
27,GET,2383,5
27,GET,2399,3
27,GET,2415,3
27,GET,2431,2
27,GET,2447,2
27,GET,2463,3
27,GET,2479,1
27,GET,2495,3
27,GET,2511,7
27,GET,2527,4
27,GET,2543,2
27,GET,2559,2
27,GET,2575,1
27,GET,2591,4
27,GET,2607,4
27,GET,2623,2
27,GET,2639,4
27,GET,2655,2
27,GET,2671,3
27,GET,2687,3
27,GET,2703,4
27,GET,2719,2
27,GET,2735,6
27,GET,2751,3
27,GET,2767,6
27,GET,2783,2
27,GET,2799,5
27,GET,2815,5
27,GET,2831,5
27,GET,2847,4
27,GET,2863,2
27,GET,2879,4
27,GET,2895,5
27,GET,2911,5
27,GET,2927,5
27,GET,2943,3
27,GET,2959,3
27,GET,2975,3
27,GET,2991,1
27,GET,3007,1
27,GET,3023,2
27,GET,3039,1
27,GET,3055,6
27,GET,3071,2
27,GET,3087,3
27,GET,3103,7
27,GET,3119,2
27,GET,3135,4
27,GET,3151,4
27,GET,3183,1
27,GET,3199,3
27,GET,3215,2
27,GET,3231,2
27,GET,3247,2
27,GET,3263,4
27,GET,3279,5
27,GET,3295,3
27,GET,3311,2
27,GET,3327,4
27,GET,3343,2
27,GET,3359,2
27,GET,3375,2
27,GET,3391,6
27,GET,3407,1
27,GET,3423,3
27,GET,3439,1
27,GET,3455,4
27,GET,3471,4
27,GET,3487,2
27,GET,3503,3
27,GET,3519,2
27,GET,3535,1
27,GET,3551,3
27,GET,3567,3
27,GET,3583,2
27,GET,3599,2
27,GET,3615,2
27,GET,3631,2
27,GET,3647,2
27,GET,3663,5
27,GET,3679,1
27,GET,3695,3
27,GET,3711,2
27,GET,3727,4
27,GET,3743,3
27,GET,3759,4
27,GET,3775,3
27,GET,3791,1
27,GET,3807,2
27,GET,3823,1
27,GET,3839,4
27,GET,3855,1
27,GET,3871,1
27,GET,3887,4
27,GET,3903,3
27,GET,3935,2
27,GET,3951,3
27,GET,3967,4
27,GET,3999,1
27,GET,4015,3
27,GET,4047,4
27,GET,4063,5
27,GET,4095,1
27,GET,4127,3
27,GET,4159,4
27,GET,4191,2
27,GET,4223,4
27,GET,4255,5
27,GET,4287,1
27,GET,4319,3
27,GET,4351,2
27,GET,4383,1
27,GET,4415,4
27,GET,4447,1
27,GET,4479,2
27,GET,4511,6
27,GET,4543,1
27,GET,4575,4
27,GET,4607,2
27,GET,4639,3
27,GET,4671,2
27,GET,4703,3
27,GET,4735,5
27,GET,4767,3
27,GET,4831,2
27,GET,4863,2
27,GET,4895,1
27,GET,4927,1
27,GET,4991,1
27,GET,5023,3
27,GET,5055,2
27,GET,5087,2
27,GET,5151,2
27,GET,5183,1
27,GET,5215,1
27,GET,5247,1
27,GET,5279,3
27,GET,5311,1
27,GET,5375,2
27,GET,5567,1
27,GET,5631,2
27,GET,5759,1
27,GET,6015,1
27,GET,6111,1
27,GET,6495,1
27,GET,6591,1
27,GET,6655,1
27,DEL,99,1
27,DEL,141,1
27,DEL,146,1
27,DEL,156,1
27,DEL,165,1
27,DEL,167,2
27,DEL,172,3
27,DEL,173,1
27,DEL,176,2
27,DEL,180,1
27,DEL,184,1
27,DEL,187,2
27,DEL,188,2
27,DEL,189,1
27,DEL,190,5
27,DEL,191,1
27,DEL,194,1
27,DEL,196,4
27,DEL,197,5
27,DEL,198,1
27,DEL,201,1
27,DEL,202,1
27,DEL,203,1
27,DEL,204,1
27,DEL,205,1
27,DEL,207,6
27,DEL,209,2
27,DEL,211,1
27,DEL,212,4
27,DEL,213,1
27,DEL,214,2
27,DEL,215,1
27,DEL,217,1
27,DEL,219,1
27,DEL,220,1
27,DEL,221,2
27,DEL,222,2
27,DEL,223,1
27,DEL,224,2
27,DEL,225,1
27,DEL,231,1
27,DEL,232,1
27,DEL,234,2
27,DEL,235,1
27,DEL,236,2
27,DEL,237,2
27,DEL,238,1
27,DEL,239,1
27,DEL,241,1
27,DEL,243,2
27,DEL,244,1
27,DEL,245,1
27,DEL,248,2
27,DEL,253,1
27,DEL,259,2
27,DEL,261,1
27,DEL,263,1
27,DEL,275,2
27,DEL,277,1
27,DEL,287,2
27,DEL,289,1
27,DEL,291,1
27,DEL,293,1
27,DEL,299,1
27,DEL,305,1
27,DEL,307,1
27,DEL,309,2
27,DEL,311,1
27,DEL,313,1
27,DEL,317,1
27,DEL,321,1
27,DEL,325,1
27,DEL,339,2
27,DEL,341,1
27,DEL,343,1
27,DEL,345,1
27,DEL,361,1
27,DEL,373,1
27,DEL,375,1
27,DEL,393,1
27,DEL,395,1
27,DEL,397,1
27,DEL,401,1
27,DEL,405,1
27,DEL,407,1
27,DEL,409,1
27,DEL,417,1
27,DEL,423,2
27,DEL,425,2
27,DEL,453,1
27,DEL,459,1
27,DEL,461,1
27,DEL,481,1
27,DEL,483,1
27,DEL,485,1
27,DEL,491,1
27,DEL,493,1
27,DEL,501,1
27,DEL,511,1
27,DEL,527,1
27,DEL,535,3
27,DEL,543,1
27,DEL,551,1
27,DEL,555,1
27,DEL,559,1
27,DEL,619,2
27,DEL,627,1
27,DEL,643,1
27,DEL,647,2
27,DEL,691,1
27,DEL,715,2
27,DEL,719,1
27,DEL,723,1
27,DEL,731,1
27,DEL,779,1
27,DEL,783,1
27,DEL,791,1
27,DEL,823,1
27,DEL,859,1
27,DEL,871,1
27,DEL,875,1
27,DEL,879,1
27,DEL,891,1
27,DEL,903,2
27,DEL,931,2
27,DEL,939,1
27,DEL,947,1
27,DEL,967,1
27,DEL,975,1
27,DEL,995,1
27,DEL,1007,1
27,DEL,1047,1
27,DEL,1071,3
27,DEL,1111,1
27,DEL,1119,1
27,DEL,1135,1
27,DEL,1159,1
27,DEL,1191,1
27,DEL,1215,1
27,DEL,1239,1
27,DEL,1247,1
27,DEL,1263,1
27,DEL,1279,1
27,DEL,1295,2
27,DEL,1303,2
27,DEL,1311,1
27,DEL,1407,1
27,DEL,1431,1
27,DEL,1447,1
27,DEL,1463,1
27,DEL,1487,1
27,DEL,1495,1
27,DEL,1519,1
27,DEL,1631,1
27,DEL,1679,1
27,DEL,1735,1
27,DEL,1807,1
27,DEL,1991,1
27,DEL,2007,2
27,DEL,2023,1
27,DEL,2039,1
27,DEL,2095,1
27,DEL,2223,2
27,DEL,2255,1
27,DEL,2335,1
27,DEL,2351,1
27,DEL,2543,1
27,DEL,2591,1
27,DEL,2655,1
27,DEL,2687,1
27,DEL,2879,2
27,DEL,2895,1
27,DEL,2927,1
27,DEL,2991,1
27,DEL,3023,1
27,DEL,3119,1
27,DEL,3135,1
27,DEL,3151,1
27,DEL,3263,2
27,DEL,3327,1
27,DEL,3391,1
27,DEL,3407,1
27,DEL,3423,2
27,DEL,3439,2
27,DEL,3455,1
27,DEL,3519,1
27,DEL,3535,1
27,DEL,3551,2
27,DEL,3567,1
27,DEL,3583,1
27,DEL,3663,2
27,DEL,3695,1
27,DEL,3775,2
27,DEL,3791,1
27,DEL,3839,1
27,DEL,3855,1
27,DEL,3871,2
27,DEL,3919,1
27,DEL,4015,1
27,DEL,4047,1
27,DEL,4079,1
27,DEL,4351,3
27,DEL,4415,1
27,DEL,4447,1
27,DEL,4479,1
27,DEL,4575,1
27,DEL,4703,1
27,DEL,4735,1
27,DEL,4895,2
27,DEL,4959,1
27,DEL,5023,1
27,DEL,5215,1
27,DEL,5279,1
27,DEL,5311,1
27,DEL,5375,1
27,DEL,5407,1
27,DEL,5599,1
27,DEL,5631,2
27,DEL,5695,2
27,DEL,5727,1
27,DEL,5855,2
27,DEL,5983,1
27,DEL,6143,1
27,DEL,6591,1
27,DEL,6911,1
27,DEL,7135,1
27,DEL,7231,2
27,DEL,7295,1
27,DEL,7583,1
27,DEL,7615,1
27,DEL,7711,1
27,DEL,7935,1
27,DEL,8511,1
27,DEL,9279,1
27,DEL,10623,1
27,DEL,11007,1
27,DEL,11199,1
27,DEL,11583,1
27,DEL,12415,1
27,DEL,12927,1
27,DEL,13503,2
27,DEL,18943,1
27,DEL,20991,1
27,DEL,23167,1
27,DEL,23295,1
27,DEL,29439,1
27,DEL,29567,1
27,DEL,31359,1
27,DEL,33791,1
27,DEL,36351,1
27,DEL,36607,1
27,DEL,37375,1
27,DEL,40703,1
27,DEL,45311,1
27,DEL,45567,2
27,DEL,45823,2
27,DEL,46079,1
27,DEL,47103,1
27,DEL,47359,3
27,DEL,47615,1
27,DEL,47871,1
27,DEL,48127,2
27,DEL,48383,1
27,DEL,48639,1
27,DEL,48895,1
27,DEL,49407,2
27,DEL,49663,2
27,DEL,49919,4
27,DEL,50175,3
27,DEL,50431,3
27,DEL,50687,2
27,DEL,50943,6
27,DEL,51199,3
27,DEL,51455,1
27,DEL,51711,1
27,DEL,51967,2
27,DEL,52223,4
27,DEL,52479,2
27,DEL,52735,3
27,DEL,53503,2
27,DEL,53759,1
27,DEL,54015,2
27,DEL,54527,5
27,DEL,54783,3
27,DEL,55551,2
27,DEL,55807,2
27,DEL,56063,1
27,DEL,56319,1
27,DEL,56831,3
27,DEL,57599,4
27,DEL,57855,1
27,DEL,58367,1
27,SET,162,1
27,SET,180,1
27,SET,186,1
27,SET,203,1
27,SET,204,1
27,SET,205,1
27,SET,213,1
27,SET,219,1
27,SET,220,1
27,SET,225,1
27,SET,227,1
27,SET,229,1
27,SET,230,1
27,SET,236,1
27,SET,245,1
27,SET,251,1
27,SET,252,1
27,SET,261,1
27,SET,273,2
27,SET,315,1
27,SET,337,1
27,SET,459,1
27,SET,487,1
27,SET,551,1
27,SET,607,1
27,SET,631,1
27,SET,679,1
27,SET,891,1
27,SET,975,1
27,SET,979,1
27,SET,1143,1
27,SET,1183,1
27,SET,1207,1
27,SET,1223,1
27,SET,1231,1
27,SET,1351,1
27,SET,1455,1
27,SET,1559,1
27,SET,1655,1
27,SET,1735,1
27,SET,1823,1
27,SET,1927,1
27,SET,1943,1
27,SET,1991,1
27,SET,1999,1
27,SET,2095,1
27,SET,2127,1
27,SET,2367,1
27,SET,2383,1
27,SET,2415,1
27,SET,2463,1
27,SET,2543,1
27,SET,2655,1
27,SET,2751,1
27,SET,2831,1
27,SET,2863,1
27,SET,2927,1
27,SET,2943,2
27,SET,3039,1
27,SET,3167,1
27,SET,3183,1
27,SET,3199,1
27,SET,3231,1
27,SET,3359,1
27,SET,3759,1
27,SET,3791,1
27,SET,3951,1
27,SET,3983,1
27,SET,4127,2
27,SET,4255,1
27,SET,4447,1
27,SET,5695,1
27,SET,5823,1
27,SET,6047,1
28,DEL,123,1
28,DEL,129,1
28,DEL,152,1
28,DEL,153,1
28,DEL,154,1
28,DEL,160,1
28,DEL,161,1
28,DEL,162,1
28,DEL,164,1
28,DEL,167,1
28,DEL,168,1
28,DEL,171,1
28,DEL,172,1
28,DEL,173,3
28,DEL,176,1
28,DEL,177,1
28,DEL,178,1
28,DEL,181,1
28,DEL,182,1
28,DEL,183,3
28,DEL,184,2
28,DEL,188,2
28,DEL,190,1
28,DEL,191,3
28,DEL,193,2
28,DEL,194,3
28,DEL,195,3
28,DEL,196,1
28,DEL,197,1
28,DEL,198,1
28,DEL,200,1
28,DEL,202,3
28,DEL,205,1
28,DEL,206,2
28,DEL,207,3
28,DEL,208,1
28,DEL,210,3
28,DEL,212,3
28,DEL,214,1
28,DEL,215,1
28,DEL,216,1
28,DEL,217,1
28,DEL,218,1
28,DEL,219,1
28,DEL,221,2
28,DEL,224,3
28,DEL,225,1
28,DEL,228,1
28,DEL,230,1
28,DEL,235,1
28,DEL,236,1
28,DEL,237,2
28,DEL,239,1
28,DEL,240,1
28,DEL,241,1
28,DEL,242,2
28,DEL,244,2
28,DEL,250,1
28,DEL,252,1
28,DEL,257,1
28,DEL,261,1
28,DEL,263,1
28,DEL,265,1
28,DEL,267,2
28,DEL,273,2
28,DEL,277,2
28,DEL,279,1
28,DEL,283,1
28,DEL,303,1
28,DEL,305,1
28,DEL,313,1
28,DEL,317,2
28,DEL,321,2
28,DEL,325,1
28,DEL,327,1
28,DEL,329,1
28,DEL,333,2
28,DEL,335,1
28,DEL,339,1
28,DEL,341,1
28,DEL,351,1
28,DEL,353,1
28,DEL,369,2
28,DEL,373,1
28,DEL,375,1
28,DEL,409,1
28,DEL,411,1
28,DEL,415,1
28,DEL,417,1
28,DEL,419,1
28,DEL,421,1
28,DEL,431,1
28,DEL,433,2
28,DEL,435,1
28,DEL,449,1
28,DEL,451,1
28,DEL,473,1
28,DEL,475,1
28,DEL,485,1
28,DEL,489,1
28,DEL,501,1
28,DEL,519,2
28,DEL,527,1
28,DEL,531,2
28,DEL,535,1
28,DEL,555,1
28,DEL,567,1
28,DEL,575,1
28,DEL,583,1
28,DEL,595,1
28,DEL,603,2
28,DEL,607,1
28,DEL,623,1
28,DEL,635,1
28,DEL,639,1
28,DEL,647,1
28,DEL,655,2
28,DEL,659,2
28,DEL,667,1
28,DEL,687,1
28,DEL,703,1
28,DEL,707,1
28,DEL,711,1
28,DEL,723,1
28,DEL,727,1
28,DEL,739,1
28,DEL,743,2
28,DEL,751,1
28,DEL,755,1
28,DEL,763,1
28,DEL,767,1
28,DEL,771,1
28,DEL,795,2
28,DEL,835,1
28,DEL,839,1
28,DEL,891,1
28,DEL,907,1
28,DEL,915,1
28,DEL,919,1
28,DEL,943,1
28,DEL,959,1
28,DEL,967,1
28,DEL,971,1
28,DEL,1003,2
28,DEL,1011,1
28,DEL,1063,1
28,DEL,1079,3
28,DEL,1095,2
28,DEL,1247,1
28,DEL,1263,1
28,DEL,1295,1
28,DEL,1327,1
28,DEL,1343,1
28,DEL,1383,1
28,DEL,1407,1
28,DEL,1583,2
28,DEL,1655,1
28,DEL,1711,1
28,DEL,1743,1
28,DEL,1823,1
28,DEL,1847,2
28,DEL,2023,1
28,DEL,2047,1
28,DEL,2111,2
28,DEL,2271,2
28,DEL,2303,1
28,DEL,2319,1
28,DEL,2399,1
28,DEL,2511,2
28,DEL,2527,1
28,DEL,2543,1
28,DEL,2591,1
28,DEL,2623,2
28,DEL,2687,1
28,DEL,2703,1
28,DEL,2927,1
28,DEL,2975,1
28,DEL,3023,1
28,DEL,3039,1
28,DEL,3055,1
28,DEL,3071,1
28,DEL,3087,1
28,DEL,3103,1
28,DEL,3119,1
28,DEL,3135,2
28,DEL,3231,1
28,DEL,3247,1
28,DEL,3295,1
28,DEL,3327,2
28,DEL,3407,1
28,DEL,3583,2
28,DEL,3647,1
28,DEL,3679,1
28,DEL,3711,1
28,DEL,3807,1
28,DEL,3823,1
28,DEL,3855,2
28,DEL,3903,1
28,DEL,3919,1
28,DEL,3935,2
28,DEL,3967,1
28,DEL,3983,1
28,DEL,4015,1
28,DEL,4031,1
28,DEL,4095,1
28,DEL,4127,1
28,DEL,4255,2
28,DEL,4319,1
28,DEL,4607,2
28,DEL,4639,1
28,DEL,4671,2
28,DEL,4703,2
28,DEL,4735,1
28,DEL,4959,1
28,DEL,5023,1
28,DEL,5087,1
28,DEL,5119,1
28,DEL,5279,1
28,DEL,5407,1
28,DEL,5599,1
28,DEL,5663,1
28,DEL,5695,1
28,DEL,5759,1
28,DEL,5791,1
28,DEL,5887,1
28,DEL,6079,1
28,DEL,6271,1
28,DEL,6303,1
28,DEL,6335,2
28,DEL,6719,2
28,DEL,6815,2
28,DEL,7423,1
28,DEL,8447,1
28,DEL,12607,1
28,DEL,14655,1
28,DEL,15743,1
28,DEL,17407,1
28,DEL,20479,1
28,DEL,27903,1
28,DEL,31103,1
28,DEL,33791,1
28,DEL,35071,1
28,DEL,36607,1
28,DEL,39167,1
28,DEL,40703,1
28,DEL,40959,1
28,DEL,41727,1
28,DEL,41983,1
28,DEL,44543,1
28,DEL,45567,1
28,DEL,46847,1
28,DEL,47103,2
28,DEL,47615,2
28,DEL,47871,1
28,DEL,48127,2
28,DEL,48383,4
28,DEL,48639,1
28,DEL,49151,3
28,DEL,49407,3
28,DEL,49663,7
28,DEL,49919,3
28,DEL,50175,3
28,DEL,50431,5
28,DEL,50687,1
28,DEL,50943,1
28,DEL,51711,2
28,DEL,52223,2
28,DEL,52479,1
28,DEL,52735,2
28,DEL,52991,2
28,DEL,53247,4
28,DEL,53503,2
28,DEL,53759,2
28,DEL,54015,1
28,DEL,54271,2
28,DEL,54527,1
28,DEL,55039,2
28,DEL,55551,1
28,DEL,56063,1
28,DEL,56319,3
28,DEL,56831,1
28,DEL,57087,3
28,DEL,57343,1
28,DEL,58111,1
28,DEL,58623,1
28,DEL,58879,1
28,DEL,59647,2
28,DEL,60159,1
28,DEL,66559,1
28,SET,164,1
28,SET,166,1
28,SET,186,1
28,SET,193,1
28,SET,195,1
28,SET,204,1
28,SET,209,1
28,SET,220,1
28,SET,221,1
28,SET,224,1
28,SET,226,1
28,SET,232,1
28,SET,239,1
28,SET,245,1
28,SET,251,1
28,SET,257,2
28,SET,259,1
28,SET,265,1
28,SET,279,1
28,SET,297,1
28,SET,323,1
28,SET,349,1
28,SET,389,1
28,SET,437,1
28,SET,477,1
28,SET,579,1
28,SET,607,1
28,SET,655,1
28,SET,691,1
28,SET,859,1
28,SET,935,1
28,SET,1087,1
28,SET,1167,1
28,SET,1311,1
28,SET,1407,1
28,SET,1591,1
28,SET,1623,1
28,SET,1655,1
28,SET,1695,1
28,SET,1863,1
28,SET,2223,1
28,SET,2271,1
28,SET,2319,1
28,SET,2415,1
28,SET,2479,1
28,SET,2495,1
28,SET,2543,1
28,SET,2703,1
28,SET,2895,1
28,SET,2927,1
28,SET,3007,1
28,SET,3039,1
28,SET,3071,1
28,SET,3087,1
28,SET,3135,1
28,SET,3199,1
28,SET,3295,1
28,SET,3327,1
28,SET,3359,1
28,SET,3391,1
28,SET,3423,1
28,SET,3471,2
28,SET,3487,1
28,SET,3503,1
28,SET,3551,1
28,SET,3663,1
28,SET,3839,1
28,SET,3855,1
28,SET,3919,1
28,SET,4127,1
28,SET,4159,1
28,SET,4223,1
28,SET,4831,1
28,SET,4863,1
28,SET,5343,1
28,GET,101,1
28,GET,112,1
28,GET,120,1
28,GET,121,1
28,GET,129,1
28,GET,131,2
28,GET,139,1
28,GET,140,1
28,GET,145,1
28,GET,149,1
28,GET,150,2
28,GET,151,1
28,GET,153,2
28,GET,154,2
28,GET,155,2
28,GET,158,3
28,GET,160,1
28,GET,161,1
28,GET,162,1
28,GET,164,2
28,GET,165,2
28,GET,166,2
28,GET,167,2
28,GET,169,2
28,GET,170,2
28,GET,171,2
28,GET,172,3
28,GET,173,1
28,GET,174,3
28,GET,176,1
28,GET,177,1
28,GET,178,5
28,GET,179,2
28,GET,180,3
28,GET,181,1
28,GET,182,2
28,GET,183,4
28,GET,184,4
28,GET,185,2
28,GET,186,3
28,GET,187,1
28,GET,188,4
28,GET,189,2
28,GET,190,3
28,GET,192,2
28,GET,193,2
28,GET,194,6
28,GET,195,2
28,GET,197,9
28,GET,198,2
28,GET,199,1
28,GET,200,5
28,GET,201,4
28,GET,202,6
28,GET,203,4
28,GET,204,5
28,GET,205,1
28,GET,206,1
28,GET,207,3
28,GET,208,3
28,GET,209,3
28,GET,210,4
28,GET,211,6
28,GET,212,2
28,GET,213,1
28,GET,214,4
28,GET,215,3
28,GET,216,4
28,GET,217,8
28,GET,218,4
28,GET,219,4
28,GET,220,4
28,GET,222,4
28,GET,223,3
28,GET,224,2
28,GET,225,7
28,GET,226,3
28,GET,227,2
28,GET,228,3
28,GET,229,2
28,GET,230,4
28,GET,231,1
28,GET,233,3
28,GET,234,2
28,GET,235,4
28,GET,236,1
28,GET,237,1
28,GET,238,6
28,GET,239,2
28,GET,240,1
28,GET,241,1
28,GET,242,2
28,GET,243,1
28,GET,244,2
28,GET,245,3
28,GET,249,3
28,GET,250,1
28,GET,251,1
28,GET,252,1
28,GET,253,2
28,GET,254,2
28,GET,255,1
28,GET,257,2
28,GET,259,1
28,GET,263,1
28,GET,267,1
28,GET,269,2
28,GET,271,2
28,GET,273,2
28,GET,275,1
28,GET,277,3
28,GET,279,4
28,GET,281,1
28,GET,287,3
28,GET,289,2
28,GET,293,3
28,GET,295,1
28,GET,299,1
28,GET,301,1
28,GET,303,2
28,GET,305,1
28,GET,307,2
28,GET,309,2
28,GET,313,1
28,GET,315,1
28,GET,321,1
28,GET,325,1
28,GET,327,1
28,GET,329,2
28,GET,333,2
28,GET,335,1
28,GET,339,2
28,GET,343,2
28,GET,345,1
28,GET,347,1
28,GET,351,1
28,GET,359,2
28,GET,361,2
28,GET,363,1
28,GET,365,1
28,GET,373,1
28,GET,381,2
28,GET,383,1
28,GET,385,1
28,GET,387,1
28,GET,389,2
28,GET,391,1
28,GET,393,1
28,GET,395,2
28,GET,397,2
28,GET,399,2
28,GET,403,1
28,GET,407,2
28,GET,409,2
28,GET,411,2
28,GET,413,1
28,GET,417,1
28,GET,419,1
28,GET,421,1
28,GET,425,1
28,GET,429,1
28,GET,431,1
28,GET,433,1
28,GET,435,1
28,GET,437,1
28,GET,439,1
28,GET,441,1
28,GET,453,1
28,GET,455,2
28,GET,457,1
28,GET,459,1
28,GET,467,3
28,GET,481,2
28,GET,483,1
28,GET,487,1
28,GET,491,1
28,GET,495,2
28,GET,497,1
28,GET,501,1
28,GET,507,1
28,GET,515,4
28,GET,523,1
28,GET,527,1
28,GET,531,1
28,GET,535,2
28,GET,539,1
28,GET,543,2
28,GET,547,2
28,GET,551,1
28,GET,555,4
28,GET,559,2
28,GET,567,2
28,GET,571,4
28,GET,579,2
28,GET,583,1
28,GET,587,1
28,GET,591,2
28,GET,595,1
28,GET,603,3
28,GET,611,4
28,GET,619,1
28,GET,623,2
28,GET,627,2
28,GET,631,2
28,GET,639,3
28,GET,643,1
28,GET,655,4
28,GET,663,2
28,GET,667,3
28,GET,675,2
28,GET,679,2
28,GET,683,1
28,GET,687,3
28,GET,695,2
28,GET,699,1
28,GET,707,1
28,GET,711,2
28,GET,719,1
28,GET,723,2
28,GET,727,2
28,GET,739,2
28,GET,743,1
28,GET,747,1
28,GET,755,3
28,GET,759,2
28,GET,763,2
28,GET,775,2
28,GET,787,1
28,GET,795,3
28,GET,799,1
28,GET,807,2
28,GET,815,2
28,GET,839,1
28,GET,851,2
28,GET,871,1
28,GET,887,2
28,GET,891,3
28,GET,895,1
28,GET,899,1
28,GET,907,1
28,GET,911,1
28,GET,915,1
28,GET,919,1
28,GET,923,2
28,GET,927,3
28,GET,935,1
28,GET,939,1
28,GET,943,1
28,GET,955,2
28,GET,963,1
28,GET,971,1
28,GET,987,1
28,GET,991,2
28,GET,995,2
28,GET,1007,1
28,GET,1015,1
28,GET,1023,1
28,GET,1031,1
28,GET,1039,1
28,GET,1047,1
28,GET,1071,2
28,GET,1079,1
28,GET,1087,4
28,GET,1103,1
28,GET,1111,1
28,GET,1119,2
28,GET,1127,2
28,GET,1135,2
28,GET,1143,1
28,GET,1151,3
28,GET,1159,1
28,GET,1167,3
28,GET,1191,1
28,GET,1199,2
28,GET,1207,1
28,GET,1215,2
28,GET,1223,3
28,GET,1231,5
28,GET,1247,1
28,GET,1263,3
28,GET,1271,1
28,GET,1279,1
28,GET,1295,2
28,GET,1303,1
28,GET,1311,1
28,GET,1319,3
28,GET,1327,1
28,GET,1335,3
28,GET,1343,1
28,GET,1351,2
28,GET,1359,1
28,GET,1367,5
28,GET,1383,3
28,GET,1391,1
28,GET,1399,2
28,GET,1415,3
28,GET,1431,1
28,GET,1439,2
28,GET,1447,2
28,GET,1455,1
28,GET,1463,2
28,GET,1471,1
28,GET,1479,2
28,GET,1487,1
28,GET,1495,1
28,GET,1503,1
28,GET,1519,1
28,GET,1527,6
28,GET,1543,1
28,GET,1559,1
28,GET,1567,1
28,GET,1583,1
28,GET,1599,2
28,GET,1615,1
28,GET,1623,1
28,GET,1631,1
28,GET,1639,2
28,GET,1663,2
28,GET,1671,1
28,GET,1703,1
28,GET,1719,2
28,GET,1727,1
28,GET,1735,1
28,GET,1751,1
28,GET,1759,3
28,GET,1767,2
28,GET,1783,4
28,GET,1799,2
28,GET,1823,1
28,GET,1831,1
28,GET,1839,2
28,GET,1855,1
28,GET,1863,1
28,GET,1871,1
28,GET,1887,3
28,GET,1895,2
28,GET,1903,1
28,GET,1935,1
28,GET,1943,1
28,GET,1951,2
28,GET,1975,6
28,GET,1983,1
28,GET,1991,2
28,GET,1999,1
28,GET,2007,2
28,GET,2015,2
28,GET,2023,1
28,GET,2063,2
28,GET,2095,2
28,GET,2111,3
28,GET,2127,1
28,GET,2143,1
28,GET,2159,8
28,GET,2175,2
28,GET,2191,3
28,GET,2207,1
28,GET,2223,1
28,GET,2239,1
28,GET,2255,1
28,GET,2271,4
28,GET,2287,3
28,GET,2303,2
28,GET,2335,4
28,GET,2351,2
28,GET,2367,2
28,GET,2383,3
28,GET,2399,1
28,GET,2415,3
28,GET,2431,1
28,GET,2447,4
28,GET,2495,1
28,GET,2511,6
28,GET,2527,3
28,GET,2543,4
28,GET,2559,2
28,GET,2575,1
28,GET,2591,2
28,GET,2607,4
28,GET,2623,3
28,GET,2639,2
28,GET,2655,2
28,GET,2671,1
28,GET,2687,1
28,GET,2703,4
28,GET,2719,1
28,GET,2735,1
28,GET,2751,5
28,GET,2767,2
28,GET,2783,3
28,GET,2799,3
28,GET,2815,2
28,GET,2831,4
28,GET,2847,3
28,GET,2863,4
28,GET,2879,4
28,GET,2895,1
28,GET,2911,1
28,GET,2927,2
28,GET,2943,5
28,GET,2959,2
28,GET,2975,5
28,GET,2991,5
28,GET,3007,2
28,GET,3023,3
28,GET,3039,2
28,GET,3055,3
28,GET,3071,3
28,GET,3087,6
28,GET,3103,5
28,GET,3119,2
28,GET,3135,3
28,GET,3151,5
28,GET,3167,1
28,GET,3183,5
28,GET,3199,3
28,GET,3215,3
28,GET,3231,6
28,GET,3247,1
28,GET,3263,3
28,GET,3279,6
28,GET,3295,1
28,GET,3311,2
28,GET,3327,2
28,GET,3343,1
28,GET,3359,3
28,GET,3375,1
28,GET,3391,6
28,GET,3407,1
28,GET,3423,4
28,GET,3439,2
28,GET,3455,3
28,GET,3471,6
28,GET,3487,1
28,GET,3503,1
28,GET,3535,1
28,GET,3551,1
28,GET,3567,1
28,GET,3599,2
28,GET,3615,2
28,GET,3647,2
28,GET,3663,3
28,GET,3679,2
28,GET,3695,4
28,GET,3711,1
28,GET,3727,1
28,GET,3759,5
28,GET,3791,4
28,GET,3807,1
28,GET,3823,3
28,GET,3855,3
28,GET,3871,2
28,GET,3887,5
28,GET,3903,5
28,GET,3935,3
28,GET,3951,4
28,GET,3967,3
28,GET,3983,2
28,GET,3999,3
28,GET,4015,2
28,GET,4031,2
28,GET,4047,1
28,GET,4063,1
28,GET,4079,3
28,GET,4095,2
28,GET,4127,4
28,GET,4191,2
28,GET,4223,4
28,GET,4255,4
28,GET,4287,4
28,GET,4319,2
28,GET,4351,4
28,GET,4383,4
28,GET,4415,3
28,GET,4447,2
28,GET,4479,1
28,GET,4511,3
28,GET,4543,7
28,GET,4575,1
28,GET,4607,2
28,GET,4639,3
28,GET,4671,3
28,GET,4703,4
28,GET,4735,5
28,GET,4767,5
28,GET,4799,2
28,GET,4831,1
28,GET,4863,3
28,GET,4895,1
28,GET,4927,2
28,GET,4959,1
28,GET,4991,2
28,GET,5023,3
28,GET,5055,1
28,GET,5119,1
28,GET,5151,1
28,GET,5183,2
28,GET,5215,1
28,GET,5311,2
28,GET,5343,1
28,GET,5407,1
28,GET,5439,1
28,GET,5471,1
28,GET,5535,1
28,GET,5599,1
28,GET,5727,1
28,GET,5791,1
28,GET,5823,1
28,GET,5855,2
28,GET,5919,1
28,GET,6047,1
28,GET,6175,1
28,GET,6303,1
28,GET,6847,1
28,GET,6943,1
28,GET,7679,1
29,DEL,120,1
29,DEL,134,1
29,DEL,137,1
29,DEL,151,1
29,DEL,164,2
29,DEL,165,2
29,DEL,166,1
29,DEL,167,1
29,DEL,176,2
29,DEL,177,2
29,DEL,178,1
29,DEL,179,1
29,DEL,180,1
29,DEL,181,1
29,DEL,183,1
29,DEL,185,1
29,DEL,192,2
29,DEL,193,1
29,DEL,194,1
29,DEL,195,3
29,DEL,196,1
29,DEL,197,1
29,DEL,202,2
29,DEL,206,1
29,DEL,208,3
29,DEL,209,2
29,DEL,210,1
29,DEL,211,2
29,DEL,212,4
29,DEL,213,1
29,DEL,214,1
29,DEL,215,1
29,DEL,216,2
29,DEL,217,1
29,DEL,218,2
29,DEL,219,1
29,DEL,221,1
29,DEL,222,1
29,DEL,224,1
29,DEL,225,1
29,DEL,226,1
29,DEL,227,1
29,DEL,228,1
29,DEL,230,1
29,DEL,231,1
29,DEL,232,1
29,DEL,233,1
29,DEL,234,1
29,DEL,237,3
29,DEL,238,3
29,DEL,243,1
29,DEL,246,3
29,DEL,249,1
29,DEL,250,1
29,DEL,257,1
29,DEL,259,1
29,DEL,261,1
29,DEL,271,1
29,DEL,273,1
29,DEL,275,1
29,DEL,281,1
29,DEL,283,1
29,DEL,291,1
29,DEL,293,1
29,DEL,301,1
29,DEL,307,2
29,DEL,309,1
29,DEL,315,1
29,DEL,317,1
29,DEL,321,2
29,DEL,323,1
29,DEL,325,1
29,DEL,327,2
29,DEL,329,1
29,DEL,345,1
29,DEL,363,1
29,DEL,365,2
29,DEL,367,1
29,DEL,371,1
29,DEL,387,1
29,DEL,395,1
29,DEL,401,1
29,DEL,409,2
29,DEL,411,1
29,DEL,421,1
29,DEL,427,1
29,DEL,431,1
29,DEL,433,1
29,DEL,441,1
29,DEL,449,1
29,DEL,455,1
29,DEL,461,1
29,DEL,473,1
29,DEL,487,1
29,DEL,495,1
29,DEL,511,1
29,DEL,519,1
29,DEL,531,1
29,DEL,535,2
29,DEL,571,2
29,DEL,603,1
29,DEL,607,1
29,DEL,615,1
29,DEL,623,1
29,DEL,627,2
29,DEL,643,2
29,DEL,663,2
29,DEL,671,1
29,DEL,687,1
29,DEL,691,2
29,DEL,699,1
29,DEL,711,1
29,DEL,723,1
29,DEL,739,1
29,DEL,767,1
29,DEL,787,1
29,DEL,831,1
29,DEL,835,1
29,DEL,859,1
29,DEL,871,1
29,DEL,883,1
29,DEL,939,1
29,DEL,971,1
29,DEL,1031,2
29,DEL,1079,1
29,DEL,1103,1
29,DEL,1119,1
29,DEL,1135,3
29,DEL,1143,1
29,DEL,1231,1
29,DEL,1263,1
29,DEL,1295,1
29,DEL,1303,1
29,DEL,1327,1
29,DEL,1335,1
29,DEL,1351,2
29,DEL,1375,1
29,DEL,1383,1
29,DEL,1399,2
29,DEL,1439,1
29,DEL,1503,2
29,DEL,1623,1
29,DEL,1671,1
29,DEL,1695,1
29,DEL,1807,1
29,DEL,1879,1
29,DEL,1927,1
29,DEL,1951,1
29,DEL,2023,1
29,DEL,2079,1
29,DEL,2111,1
29,DEL,2127,1
29,DEL,2159,1
29,DEL,2207,1
29,DEL,2319,1
29,DEL,2367,1
29,DEL,2383,1
29,DEL,2399,1
29,DEL,2415,1
29,DEL,2495,1
29,DEL,2687,1
29,DEL,2719,1
29,DEL,2735,1
29,DEL,2767,1
29,DEL,2799,1
29,DEL,2815,2
29,DEL,2863,1
29,DEL,2911,1
29,DEL,2943,1
29,DEL,2959,1
29,DEL,2975,1
29,DEL,2991,1
29,DEL,3007,1
29,DEL,3119,1
29,DEL,3183,1
29,DEL,3215,1
29,DEL,3231,1
29,DEL,3263,2
29,DEL,3279,1
29,DEL,3359,1
29,DEL,3375,1
29,DEL,3423,1
29,DEL,3439,2
29,DEL,3471,1
29,DEL,3567,1
29,DEL,3583,1
29,DEL,3663,1
29,DEL,3695,1
29,DEL,3711,1
29,DEL,3807,1
29,DEL,3823,2
29,DEL,3935,1
29,DEL,4015,1
29,DEL,4031,1
29,DEL,4079,1
29,DEL,4127,2
29,DEL,4159,1
29,DEL,4191,3
29,DEL,4223,1
29,DEL,4255,1
29,DEL,4319,1
29,DEL,4479,1
29,DEL,4511,1
29,DEL,4543,1
29,DEL,4607,1
29,DEL,4799,1
29,DEL,4831,1
29,DEL,4863,1
29,DEL,4895,1
29,DEL,5215,2
29,DEL,5247,1
29,DEL,5375,1
29,DEL,5407,1
29,DEL,5471,1
29,DEL,5535,1
29,DEL,5567,2
29,DEL,5791,1
29,DEL,5823,1
29,DEL,6015,2
29,DEL,6207,1
29,DEL,6495,1
29,DEL,6687,1
29,DEL,6879,1
29,DEL,7135,2
29,DEL,7359,1
29,DEL,7455,1
29,DEL,7967,1
29,DEL,9151,1
29,DEL,17151,1
29,DEL,18687,1
29,DEL,22783,1
29,DEL,24319,1
29,DEL,25727,1
29,DEL,33791,1
29,DEL,34047,1
29,DEL,34303,1
29,DEL,35839,1
29,DEL,37375,1
29,DEL,42495,1
29,DEL,44543,1
29,DEL,44799,3
29,DEL,46335,1
29,DEL,46847,2
29,DEL,47359,1
29,DEL,47615,1
29,DEL,47871,2
29,DEL,48127,3
29,DEL,48639,1
29,DEL,49151,3
29,DEL,49407,2
29,DEL,49663,2
29,DEL,49919,3
29,DEL,50175,1
29,DEL,50431,6
29,DEL,50687,1
29,DEL,51199,3
29,DEL,51455,3
29,DEL,51711,4
29,DEL,51967,3
29,DEL,52223,2
29,DEL,52479,2
29,DEL,52735,1
29,DEL,53503,3
29,DEL,53759,2
29,DEL,54015,3
29,DEL,54271,2
29,DEL,54527,2
29,DEL,54783,1
29,DEL,55039,1
29,DEL,55295,1
29,DEL,55551,2
29,DEL,55807,1
29,DEL,56575,2
29,DEL,56831,2
29,DEL,57343,1
29,DEL,57855,1
29,DEL,58111,2
29,DEL,58623,2
29,DEL,58879,1
29,SET,153,1
29,SET,174,1
29,SET,175,1
29,SET,177,1
29,SET,184,1
29,SET,186,1
29,SET,188,1
29,SET,189,1
29,SET,193,1
29,SET,197,1
29,SET,201,1
29,SET,202,1
29,SET,204,1
29,SET,214,1
29,SET,216,1
29,SET,221,1
29,SET,224,1
29,SET,225,1
29,SET,228,1
29,SET,230,1
29,SET,235,1
29,SET,236,1
29,SET,242,1
29,SET,246,1
29,SET,248,1
29,SET,255,1
29,SET,259,1
29,SET,261,1
29,SET,271,1
29,SET,373,1
29,SET,515,1
29,SET,531,1
29,SET,583,1
29,SET,775,1
29,SET,835,1
29,SET,843,1
29,SET,859,1
29,SET,915,1
29,SET,1011,1
29,SET,1063,1
29,SET,1103,1
29,SET,1159,1
29,SET,1271,1
29,SET,1319,1
29,SET,1567,1
29,SET,1671,1
29,SET,1855,1
29,SET,1887,1
29,SET,1911,1
29,SET,1967,1
29,SET,1991,1
29,SET,2039,1
29,SET,2143,1
29,SET,2159,1
29,SET,2319,1
29,SET,2415,1
29,SET,2687,1
29,SET,2767,1
29,SET,2799,1
29,SET,2879,1
29,SET,2991,1
29,SET,3007,1
29,SET,3039,1
29,SET,3167,1
29,SET,3183,1
29,SET,3295,1
29,SET,3311,1
29,SET,3455,1
29,SET,3471,1
29,SET,3535,1
29,SET,3631,1
29,SET,3647,1
29,SET,3775,1
29,SET,3791,1
29,SET,3839,2
29,SET,4159,1
29,SET,4287,1
29,SET,4351,1
29,SET,4415,2
29,SET,4543,1
29,SET,4607,1
29,SET,4799,1
29,SET,5023,1
29,SET,5119,1
29,SET,5503,1
29,GET,111,1
29,GET,131,1
29,GET,144,1
29,GET,146,3
29,GET,151,1
29,GET,154,1
29,GET,156,1
29,GET,158,1
29,GET,159,2
29,GET,160,1
29,GET,163,1
29,GET,165,1
29,GET,166,1
29,GET,167,2
29,GET,171,1
29,GET,172,1
29,GET,173,4
29,GET,174,6
29,GET,176,4
29,GET,177,3
29,GET,178,2
29,GET,179,1
29,GET,180,2
29,GET,181,5
29,GET,182,3
29,GET,183,2
29,GET,184,3
29,GET,185,3
29,GET,187,3
29,GET,188,6
29,GET,189,3
29,GET,190,3
29,GET,191,4
29,GET,193,1
29,GET,194,3
29,GET,195,5
29,GET,196,4
29,GET,197,1
29,GET,198,2
29,GET,199,2
29,GET,200,2
29,GET,202,5
29,GET,203,1
29,GET,204,3
29,GET,205,1
29,GET,206,4
29,GET,207,3
29,GET,208,10
29,GET,209,3
29,GET,210,2
29,GET,211,4
29,GET,212,2
29,GET,213,7
29,GET,214,5
29,GET,215,4
29,GET,216,2
29,GET,217,4
29,GET,218,3
29,GET,219,2
29,GET,220,2
29,GET,221,2
29,GET,222,5
29,GET,223,3
29,GET,224,5
29,GET,226,6
29,GET,227,2
29,GET,228,2
29,GET,229,2
29,GET,230,1
29,GET,231,3
29,GET,232,2
29,GET,233,1
29,GET,234,2
29,GET,235,5
29,GET,236,1
29,GET,238,6
29,GET,239,3
29,GET,240,3
29,GET,241,1
29,GET,242,1
29,GET,243,4
29,GET,244,2
29,GET,245,3
29,GET,246,2
29,GET,247,5
29,GET,248,2
29,GET,249,2
29,GET,250,1
29,GET,251,1
29,GET,252,2
29,GET,253,2
29,GET,255,2
29,GET,259,4
29,GET,261,3
29,GET,263,6
29,GET,265,4
29,GET,267,2
29,GET,271,2
29,GET,273,3
29,GET,281,2
29,GET,283,3
29,GET,285,1
29,GET,287,2
29,GET,289,2
29,GET,291,3
29,GET,293,1
29,GET,295,1
29,GET,297,1
29,GET,301,2
29,GET,303,3
29,GET,305,5
29,GET,307,1
29,GET,313,1
29,GET,317,3
29,GET,321,1
29,GET,323,1
29,GET,325,3
29,GET,329,1
29,GET,333,2
29,GET,335,3
29,GET,339,2
29,GET,341,1
29,GET,343,3
29,GET,345,2
29,GET,349,2
29,GET,351,2
29,GET,353,1
29,GET,355,1
29,GET,357,1
29,GET,359,1
29,GET,361,1
29,GET,367,1
29,GET,375,2
29,GET,377,2
29,GET,381,2
29,GET,387,2
29,GET,391,3
29,GET,397,1
29,GET,399,2
29,GET,401,1
29,GET,405,1
29,GET,409,1
29,GET,411,1
29,GET,413,1
29,GET,417,2
29,GET,427,1
29,GET,431,2
29,GET,433,1
29,GET,439,1
29,GET,441,2
29,GET,449,1
29,GET,451,1
29,GET,453,1
29,GET,459,2
29,GET,467,2
29,GET,473,1
29,GET,475,2
29,GET,485,1
29,GET,495,1
29,GET,497,1
29,GET,503,1
29,GET,505,1
29,GET,511,2
29,GET,515,1
29,GET,519,3
29,GET,527,1
29,GET,531,1
29,GET,535,1
29,GET,543,3
29,GET,551,3
29,GET,555,2
29,GET,559,2
29,GET,563,1
29,GET,575,1
29,GET,587,1
29,GET,595,2
29,GET,599,3
29,GET,607,3
29,GET,615,4
29,GET,619,1
29,GET,623,1
29,GET,627,1
29,GET,631,2
29,GET,635,2
29,GET,655,1
29,GET,671,2
29,GET,675,1
29,GET,679,2
29,GET,683,2
29,GET,687,5
29,GET,695,1
29,GET,699,1
29,GET,703,2
29,GET,707,3
29,GET,711,2
29,GET,715,1
29,GET,723,1
29,GET,735,1
29,GET,739,1
29,GET,743,1
29,GET,747,1
29,GET,755,1
29,GET,767,1
29,GET,771,1
29,GET,779,1
29,GET,787,2
29,GET,791,2
29,GET,795,1
29,GET,803,1
29,GET,807,1
29,GET,811,1
29,GET,819,2
29,GET,823,1
29,GET,827,1
29,GET,835,1
29,GET,839,2
29,GET,843,1
29,GET,855,2
29,GET,859,2
29,GET,863,1
29,GET,875,1
29,GET,891,2
29,GET,895,2
29,GET,899,1
29,GET,911,2
29,GET,923,1
29,GET,927,1
29,GET,931,2
29,GET,939,1
29,GET,943,1
29,GET,955,1
29,GET,967,1
29,GET,975,1
29,GET,991,1
29,GET,995,1
29,GET,999,2
29,GET,1003,2
29,GET,1011,1
29,GET,1031,4
29,GET,1055,1
29,GET,1063,1
29,GET,1071,1
29,GET,1079,2
29,GET,1087,2
29,GET,1111,3
29,GET,1119,3
29,GET,1127,1
29,GET,1135,2
29,GET,1151,1
29,GET,1159,3
29,GET,1175,1
29,GET,1183,1
29,GET,1199,3
29,GET,1207,1
29,GET,1215,1
29,GET,1223,2
29,GET,1239,3
29,GET,1247,1
29,GET,1255,1
29,GET,1263,1
29,GET,1279,1
29,GET,1287,2
29,GET,1303,1
29,GET,1319,1
29,GET,1335,1
29,GET,1343,1
29,GET,1351,3
29,GET,1367,1
29,GET,1383,2
29,GET,1407,2
29,GET,1415,2
29,GET,1423,4
29,GET,1439,1
29,GET,1455,3
29,GET,1463,2
29,GET,1479,2
29,GET,1487,3
29,GET,1495,1
29,GET,1503,2
29,GET,1511,2
29,GET,1527,1
29,GET,1535,1
29,GET,1551,1
29,GET,1559,1
29,GET,1567,1
29,GET,1575,3
29,GET,1583,3
29,GET,1615,4
29,GET,1631,1
29,GET,1639,1
29,GET,1647,2
29,GET,1679,1
29,GET,1695,3
29,GET,1727,1
29,GET,1743,1
29,GET,1759,1
29,GET,1767,4
29,GET,1775,1
29,GET,1783,2
29,GET,1791,2
29,GET,1799,2
29,GET,1815,1
29,GET,1823,2
29,GET,1831,1
29,GET,1839,2
29,GET,1847,2
29,GET,1855,1
29,GET,1863,3
29,GET,1879,2
29,GET,1943,2
29,GET,1959,1
29,GET,1967,2
29,GET,1975,2
29,GET,1991,4
29,GET,2007,2
29,GET,2015,3
29,GET,2023,1
29,GET,2031,2
29,GET,2039,2
29,GET,2047,1
29,GET,2079,1
29,GET,2095,2
29,GET,2111,3
29,GET,2127,3
29,GET,2143,1
29,GET,2159,5
29,GET,2175,3
29,GET,2191,2
29,GET,2207,1
29,GET,2223,2
29,GET,2239,3
29,GET,2255,2
29,GET,2271,5
29,GET,2287,1
29,GET,2303,3
29,GET,2319,4
29,GET,2335,2
29,GET,2351,3
29,GET,2367,1
29,GET,2383,6
29,GET,2399,1
29,GET,2415,3
29,GET,2431,5
29,GET,2447,4
29,GET,2463,4
29,GET,2479,4
29,GET,2495,1
29,GET,2511,5
29,GET,2527,4
29,GET,2543,4
29,GET,2559,6
29,GET,2575,5
29,GET,2591,3
29,GET,2607,3
29,GET,2623,4
29,GET,2655,4
29,GET,2671,2
29,GET,2687,2
29,GET,2703,4
29,GET,2719,1
29,GET,2735,3
29,GET,2751,6
29,GET,2767,2
29,GET,2783,4
29,GET,2815,6
29,GET,2831,5
29,GET,2847,5
29,GET,2863,5
29,GET,2879,2
29,GET,2895,4
29,GET,2911,3
29,GET,2927,2
29,GET,2943,4
29,GET,2959,4
29,GET,2975,3
29,GET,2991,3
29,GET,3007,2
29,GET,3023,4
29,GET,3039,2
29,GET,3055,2
29,GET,3071,1
29,GET,3087,5
29,GET,3103,4
29,GET,3119,3
29,GET,3135,2
29,GET,3151,2
29,GET,3167,4
29,GET,3199,2
29,GET,3215,4
29,GET,3231,3
29,GET,3263,4
29,GET,3279,6
29,GET,3295,3
29,GET,3311,4
29,GET,3327,4
29,GET,3343,3
29,GET,3359,3
29,GET,3375,3
29,GET,3391,3
29,GET,3407,5
29,GET,3423,3
29,GET,3439,3
29,GET,3455,4
29,GET,3471,4
29,GET,3487,3
29,GET,3503,2
29,GET,3519,1
29,GET,3535,2
29,GET,3567,3
29,GET,3583,2
29,GET,3599,4
29,GET,3615,5
29,GET,3631,1
29,GET,3647,4
29,GET,3663,1
29,GET,3679,2
29,GET,3695,5
29,GET,3711,3
29,GET,3727,2
29,GET,3743,1
29,GET,3759,8
29,GET,3775,1
29,GET,3791,2
29,GET,3807,2
29,GET,3823,1
29,GET,3839,1
29,GET,3855,1
29,GET,3871,2
29,GET,3887,2
29,GET,3903,4
29,GET,3919,2
29,GET,3935,1
29,GET,3951,5
29,GET,3967,2
29,GET,3983,1
29,GET,4015,1
29,GET,4031,5
29,GET,4047,2
29,GET,4095,5
29,GET,4127,3
29,GET,4159,5
29,GET,4191,6
29,GET,4223,2
29,GET,4255,3
29,GET,4287,3
29,GET,4319,3
29,GET,4351,4
29,GET,4383,2
29,GET,4415,4
29,GET,4447,2
29,GET,4479,4
29,GET,4511,1
29,GET,4543,2
29,GET,4575,5
29,GET,4639,3
29,GET,4671,3
29,GET,4703,1
29,GET,4735,2
29,GET,4799,3
29,GET,4831,2
29,GET,4863,1
29,GET,4895,2
29,GET,4927,1
29,GET,4991,3
29,GET,5055,1
29,GET,5183,1
29,GET,5215,1
29,GET,5279,3
29,GET,5311,1
29,GET,5407,2
29,GET,5439,1
29,GET,5471,1
29,GET,5503,1
29,GET,5567,2
29,GET,5599,2
29,GET,5631,1
29,GET,5695,1
29,GET,5823,1
29,GET,5855,1
29,GET,6015,1
29,GET,6303,1
29,GET,6399,1
29,GET,6783,1
29,GET,6879,1
29,GET,6943,2
29,GET,7103,1
29,GET,7807,1
30,DEL,136,2
30,DEL,144,1
30,DEL,147,1
30,DEL,148,1
30,DEL,162,1
30,DEL,164,1
30,DEL,173,1
30,DEL,175,1
30,DEL,177,1
30,DEL,179,1
30,DEL,182,1
30,DEL,185,1
30,DEL,189,2
30,DEL,190,2
30,DEL,191,2
30,DEL,194,1
30,DEL,196,2
30,DEL,198,1
30,DEL,199,1
30,DEL,201,2
30,DEL,204,2
30,DEL,205,1
30,DEL,206,1
30,DEL,209,1
30,DEL,211,2
30,DEL,212,1
30,DEL,213,1
30,DEL,214,1
30,DEL,216,2
30,DEL,217,2
30,DEL,219,1
30,DEL,220,3
30,DEL,226,2
30,DEL,229,1
30,DEL,232,1
30,DEL,236,1
30,DEL,238,1
30,DEL,239,1
30,DEL,240,1
30,DEL,241,2
30,DEL,242,1
30,DEL,246,1
30,DEL,249,2
30,DEL,250,1
30,DEL,261,2
30,DEL,265,1
30,DEL,267,2
30,DEL,271,2
30,DEL,273,1
30,DEL,277,1
30,DEL,281,1
30,DEL,287,1
30,DEL,289,2
30,DEL,291,1
30,DEL,293,1
30,DEL,307,1
30,DEL,309,3
30,DEL,315,1
30,DEL,323,1
30,DEL,331,2
30,DEL,335,1
30,DEL,339,1
30,DEL,341,1
30,DEL,345,1
30,DEL,367,1
30,DEL,369,2
30,DEL,381,1
30,DEL,405,1
30,DEL,409,1
30,DEL,411,1
30,DEL,415,1
30,DEL,419,1
30,DEL,423,1
30,DEL,425,1
30,DEL,433,1
30,DEL,451,1
30,DEL,463,1
30,DEL,495,2
30,DEL,501,1
30,DEL,507,1
30,DEL,519,1
30,DEL,527,1
30,DEL,531,1
30,DEL,535,1
30,DEL,547,1
30,DEL,551,1
30,DEL,559,2
30,DEL,563,3
30,DEL,571,2
30,DEL,591,2
30,DEL,603,1
30,DEL,607,1
30,DEL,611,1
30,DEL,619,1
30,DEL,623,2
30,DEL,639,1
30,DEL,651,1
30,DEL,663,1
30,DEL,671,1
30,DEL,687,1
30,DEL,691,1
30,DEL,695,1
30,DEL,711,1
30,DEL,719,1
30,DEL,723,1
30,DEL,747,1
30,DEL,755,1
30,DEL,783,1
30,DEL,799,1
30,DEL,811,2
30,DEL,815,1
30,DEL,827,2
30,DEL,831,1
30,DEL,875,2
30,DEL,891,1
30,DEL,899,1
30,DEL,907,1
30,DEL,919,1
30,DEL,923,1
30,DEL,931,1
30,DEL,947,1
30,DEL,983,1
30,DEL,1003,1
30,DEL,1031,2
30,DEL,1047,1
30,DEL,1071,1
30,DEL,1079,3
30,DEL,1095,2
30,DEL,1103,1
30,DEL,1111,1
30,DEL,1167,1
30,DEL,1175,2
30,DEL,1263,1
30,DEL,1271,1
30,DEL,1311,1
30,DEL,1383,1
30,DEL,1455,1
30,DEL,1495,2
30,DEL,1607,1
30,DEL,1671,1
30,DEL,2207,2
30,DEL,2351,1
30,DEL,2367,1
30,DEL,2383,1
30,DEL,2399,1
30,DEL,2431,1
30,DEL,2495,1
30,DEL,2511,2
30,DEL,2687,1
30,DEL,2703,1
30,DEL,2735,1
30,DEL,2799,1
30,DEL,2815,1
30,DEL,2879,2
30,DEL,2895,1
30,DEL,2943,1
30,DEL,2959,2
30,DEL,3103,1
30,DEL,3151,1
30,DEL,3215,1
30,DEL,3279,2
30,DEL,3295,1
30,DEL,3359,1
30,DEL,3391,1
30,DEL,3487,1
30,DEL,3519,2
30,DEL,3551,1
30,DEL,3567,1
30,DEL,3647,1
30,DEL,3663,1
30,DEL,3695,2
30,DEL,3711,1
30,DEL,3903,2
30,DEL,3935,1
30,DEL,3999,1
30,DEL,4031,1
30,DEL,4079,1
30,DEL,4159,2
30,DEL,4223,2
30,DEL,4255,2
30,DEL,4287,2
30,DEL,4351,1
30,DEL,4479,1
30,DEL,4511,1
30,DEL,4607,2
30,DEL,4639,1
30,DEL,4671,1
30,DEL,4703,1
30,DEL,4767,2
30,DEL,4799,1
30,DEL,4863,2
30,DEL,4895,1
30,DEL,4927,1
30,DEL,4959,1
30,DEL,5023,1
30,DEL,5119,1
30,DEL,5183,1
30,DEL,5247,2
30,DEL,5279,3
30,DEL,5471,1
30,DEL,5535,1
30,DEL,5599,2
30,DEL,5631,1
30,DEL,5663,1
30,DEL,5951,1
30,DEL,6047,1
30,DEL,6111,2
30,DEL,6239,1
30,DEL,6303,1
30,DEL,6367,2
30,DEL,6719,1
30,DEL,7039,2
30,DEL,7327,1
30,DEL,7679,1
30,DEL,7903,1
30,DEL,8383,1
30,DEL,34559,1
30,DEL,35583,1
30,DEL,37119,1
30,DEL,39679,1
30,DEL,40703,1
30,DEL,43263,2
30,DEL,44543,1
30,DEL,45055,1
30,DEL,45311,1
30,DEL,45823,1
30,DEL,46847,1
30,DEL,47103,1
30,DEL,47359,1
30,DEL,47615,1
30,DEL,47871,1
30,DEL,48127,1
30,DEL,48383,2
30,DEL,48639,1
30,DEL,49151,2
30,DEL,49407,2
30,DEL,49663,1
30,DEL,49919,2
30,DEL,50175,2
30,DEL,50431,1
30,DEL,50687,1
30,DEL,50943,7
30,DEL,51455,3
30,DEL,51711,2
30,DEL,51967,3
30,DEL,52735,3
30,DEL,52991,4
30,DEL,53247,1
30,DEL,53503,1
30,DEL,53759,4
30,DEL,54015,2
30,DEL,54271,1
30,DEL,54527,3
30,DEL,55039,1
30,DEL,55295,1
30,DEL,55807,1
30,DEL,56063,1
30,DEL,57087,1
30,DEL,57343,1
30,DEL,57599,1
30,DEL,57855,1
30,DEL,58879,1
30,DEL,59647,3
30,GET,106,1
30,GET,115,1
30,GET,143,1
30,GET,147,1
30,GET,153,1
30,GET,154,1
30,GET,156,1
30,GET,157,1
30,GET,160,1
30,GET,161,2
30,GET,162,1
30,GET,163,1
30,GET,166,1
30,GET,169,2
30,GET,170,1
30,GET,171,1
30,GET,172,1
30,GET,173,1
30,GET,176,1
30,GET,177,2
30,GET,179,1
30,GET,180,4
30,GET,181,2
30,GET,182,2
30,GET,183,9
30,GET,184,3
30,GET,185,4
30,GET,186,3
30,GET,187,3
30,GET,188,3
30,GET,189,2
30,GET,191,3
30,GET,192,2
30,GET,193,1
30,GET,194,2
30,GET,195,2
30,GET,196,2
30,GET,197,1
30,GET,198,2
30,GET,199,2
30,GET,200,3
30,GET,201,3
30,GET,202,1
30,GET,203,2
30,GET,204,3
30,GET,205,3
30,GET,206,4
30,GET,208,2
30,GET,209,5
30,GET,210,9
30,GET,211,2
30,GET,212,2
30,GET,213,1
30,GET,214,2
30,GET,215,3
30,GET,216,7
30,GET,217,3
30,GET,218,6
30,GET,219,3
30,GET,220,2
30,GET,221,2
30,GET,222,5
30,GET,223,3
30,GET,224,2
30,GET,225,2
30,GET,226,3
30,GET,227,1
30,GET,228,3
30,GET,232,1
30,GET,233,3
30,GET,234,4
30,GET,235,1
30,GET,236,2
30,GET,237,1
30,GET,238,3
30,GET,239,2
30,GET,240,1
30,GET,241,3
30,GET,243,3
30,GET,245,4
30,GET,246,2
30,GET,247,1
30,GET,248,2
30,GET,250,2
30,GET,251,3
30,GET,252,1
30,GET,253,1
30,GET,254,1
30,GET,257,1
30,GET,259,3
30,GET,261,1
30,GET,263,2
30,GET,265,1
30,GET,267,3
30,GET,269,2
30,GET,271,3
30,GET,273,2
30,GET,275,1
30,GET,277,2
30,GET,279,2
30,GET,285,5
30,GET,287,1
30,GET,289,1
30,GET,293,1
30,GET,295,4
30,GET,297,2
30,GET,299,1
30,GET,301,1
30,GET,303,2
30,GET,305,2
30,GET,311,2
30,GET,315,1
30,GET,317,2
30,GET,319,1
30,GET,323,1
30,GET,329,1
30,GET,331,3
30,GET,333,3
30,GET,337,2
30,GET,339,1
30,GET,341,2
30,GET,343,1
30,GET,345,1
30,GET,351,1
30,GET,353,2
30,GET,359,1
30,GET,361,2
30,GET,365,1
30,GET,371,1
30,GET,373,1
30,GET,381,2
30,GET,391,1
30,GET,397,2
30,GET,407,1
30,GET,409,1
30,GET,411,2
30,GET,415,1
30,GET,417,1
30,GET,419,1
30,GET,423,1
30,GET,425,1
30,GET,429,1
30,GET,435,1
30,GET,453,1
30,GET,457,1
30,GET,459,2
30,GET,463,1
30,GET,471,1
30,GET,477,1
30,GET,481,1
30,GET,483,2
30,GET,489,2
30,GET,493,2
30,GET,497,1
30,GET,499,1
30,GET,505,1
30,GET,507,1
30,GET,523,2
30,GET,527,1
30,GET,531,1
30,GET,539,1
30,GET,543,2
30,GET,547,3
30,GET,551,1
30,GET,555,5
30,GET,559,1
30,GET,571,2
30,GET,579,1
30,GET,587,1
30,GET,591,2
30,GET,595,1
30,GET,603,3
30,GET,607,4
30,GET,611,3
30,GET,615,1
30,GET,619,1
30,GET,623,1
30,GET,627,1
30,GET,631,1
30,GET,635,3
30,GET,643,2
30,GET,647,2
30,GET,659,3
30,GET,663,1
30,GET,667,1
30,GET,675,1
30,GET,679,1
30,GET,683,2
30,GET,687,3
30,GET,691,1
30,GET,699,4
30,GET,707,2
30,GET,711,2
30,GET,719,2
30,GET,723,1
30,GET,731,2
30,GET,735,2
30,GET,743,1
30,GET,747,2
30,GET,751,1
30,GET,755,1
30,GET,759,3
30,GET,763,1
30,GET,767,1
30,GET,771,1
30,GET,779,2
30,GET,783,2
30,GET,787,2
30,GET,791,1
30,GET,795,1
30,GET,799,1
30,GET,803,1
30,GET,807,2
30,GET,811,2
30,GET,815,1
30,GET,823,1
30,GET,831,1
30,GET,835,1
30,GET,839,1
30,GET,843,1
30,GET,851,1
30,GET,855,2
30,GET,863,1
30,GET,867,1
30,GET,871,1
30,GET,875,1
30,GET,879,4
30,GET,883,1
30,GET,887,1
30,GET,891,1
30,GET,899,1
30,GET,903,1
30,GET,911,1
30,GET,919,1
30,GET,931,1
30,GET,935,1
30,GET,939,2
30,GET,959,1
30,GET,967,2
30,GET,971,1
30,GET,975,2
30,GET,979,4
30,GET,983,2
30,GET,995,1
30,GET,1007,1
30,GET,1011,1
30,GET,1015,1
30,GET,1019,2
30,GET,1023,2
30,GET,1031,4
30,GET,1039,1
30,GET,1055,2
30,GET,1063,3
30,GET,1079,5
30,GET,1087,1
30,GET,1095,2
30,GET,1103,2
30,GET,1119,2
30,GET,1127,3
30,GET,1135,1
30,GET,1143,1
30,GET,1151,3
30,GET,1159,3
30,GET,1167,2
30,GET,1175,2
30,GET,1183,1
30,GET,1191,2
30,GET,1199,2
30,GET,1207,4
30,GET,1215,1
30,GET,1231,1
30,GET,1239,7
30,GET,1247,1
30,GET,1255,1
30,GET,1263,1
30,GET,1271,1
30,GET,1279,1
30,GET,1311,2
30,GET,1343,1
30,GET,1351,1
30,GET,1359,1
30,GET,1375,1
30,GET,1383,2
30,GET,1391,1
30,GET,1399,1
30,GET,1431,1
30,GET,1471,1
30,GET,1479,1
30,GET,1487,1
30,GET,1495,1
30,GET,1503,1
30,GET,1511,2
30,GET,1527,1
30,GET,1535,1
30,GET,1543,1
30,GET,1551,1
30,GET,1559,1
30,GET,1567,3
30,GET,1575,2
30,GET,1599,2
30,GET,1615,1
30,GET,1631,2
30,GET,1647,1
30,GET,1655,1
30,GET,1663,1
30,GET,1671,1
30,GET,1679,2
30,GET,1687,1
30,GET,1695,1
30,GET,1711,2
30,GET,1719,1
30,GET,1727,2
30,GET,1775,1
30,GET,1791,1
30,GET,1815,1
30,GET,1823,2
30,GET,1831,1
30,GET,1839,1
30,GET,1895,1
30,GET,1903,1
30,GET,1919,1
30,GET,1927,1
30,GET,1951,1
30,GET,1967,2
30,GET,1983,1
30,GET,1991,1
30,GET,1999,2
30,GET,2007,1
30,GET,2015,4
30,GET,2031,1
30,GET,2063,1
30,GET,2079,1
30,GET,2095,1
30,GET,2111,1
30,GET,2127,4
30,GET,2143,3
30,GET,2159,1
30,GET,2175,5
30,GET,2191,2
30,GET,2207,1
30,GET,2223,1
30,GET,2255,2
30,GET,2271,4
30,GET,2287,1
30,GET,2303,1
30,GET,2319,1
30,GET,2335,4
30,GET,2351,3
30,GET,2367,8
30,GET,2383,4
30,GET,2399,7
30,GET,2415,6
30,GET,2447,4
30,GET,2463,2
30,GET,2479,7
30,GET,2495,5
30,GET,2511,1
30,GET,2543,4
30,GET,2559,5
30,GET,2575,3
30,GET,2591,3
30,GET,2607,3
30,GET,2623,5
30,GET,2639,4
30,GET,2655,5
30,GET,2671,3
30,GET,2687,8
30,GET,2703,2
30,GET,2719,6
30,GET,2735,6
30,GET,2751,4
30,GET,2767,5
30,GET,2783,5
30,GET,2799,4
30,GET,2815,2
30,GET,2831,4
30,GET,2847,7
30,GET,2863,1
30,GET,2879,2
30,GET,2895,4
30,GET,2911,2
30,GET,2927,2
30,GET,2943,8
30,GET,2959,7
30,GET,2975,3
30,GET,2991,5
30,GET,3007,2
30,GET,3023,7
30,GET,3055,1
30,GET,3071,3
30,GET,3087,1
30,GET,3103,1
30,GET,3119,3
30,GET,3135,7
30,GET,3151,5
30,GET,3167,1
30,GET,3183,2
30,GET,3199,4
30,GET,3215,5
30,GET,3231,2
30,GET,3247,7
30,GET,3263,3
30,GET,3279,2
30,GET,3295,6
30,GET,3311,4
30,GET,3327,4
30,GET,3343,6
30,GET,3359,6
30,GET,3375,2
30,GET,3391,2
30,GET,3407,6
30,GET,3423,2
30,GET,3439,3
30,GET,3455,2
30,GET,3471,3
30,GET,3487,1
30,GET,3503,6
30,GET,3519,3
30,GET,3535,4
30,GET,3551,4
30,GET,3567,1
30,GET,3583,4
30,GET,3599,6
30,GET,3615,6
30,GET,3647,1
30,GET,3663,4
30,GET,3679,6
30,GET,3695,3
30,GET,3711,2
30,GET,3727,3
30,GET,3743,4
30,GET,3759,5
30,GET,3775,5
30,GET,3791,6
30,GET,3807,4
30,GET,3823,1
30,GET,3855,6
30,GET,3871,1
30,GET,3887,2
30,GET,3903,6
30,GET,3919,4
30,GET,3935,2
30,GET,3951,2
30,GET,3967,3
30,GET,3983,2
30,GET,3999,3
30,GET,4015,3
30,GET,4031,3
30,GET,4047,1
30,GET,4063,1
30,GET,4079,2
30,GET,4095,6
30,GET,4127,3
30,GET,4159,2
30,GET,4191,6
30,GET,4223,6
30,GET,4255,3
30,GET,4287,3
30,GET,4319,1
30,GET,4351,3
30,GET,4383,3
30,GET,4415,3
30,GET,4447,3
30,GET,4511,6
30,GET,4543,4
30,GET,4575,1
30,GET,4671,4
30,GET,4703,2
30,GET,4735,3
30,GET,4767,1
30,GET,4799,4
30,GET,4831,2
30,GET,4863,2
30,GET,4895,4
30,GET,4927,1
30,GET,4959,2
30,GET,4991,1
30,GET,5023,1
30,GET,5087,1
30,GET,5119,1
30,GET,5183,2
30,GET,5215,3
30,GET,5247,2
30,GET,5375,1
30,GET,5407,3
30,GET,5439,1
30,GET,5471,1
30,GET,5599,2
30,GET,5631,3
30,GET,5663,2
30,GET,5727,1
30,GET,5759,1
30,GET,5791,1
30,GET,5823,1
30,GET,5951,1
30,GET,5983,1
30,GET,6047,1
30,GET,6079,1
30,GET,6335,1
30,GET,6431,1
30,GET,6783,1
30,GET,7071,1
30,SET,174,1
30,SET,177,1
30,SET,182,1
30,SET,183,1
30,SET,197,3
30,SET,198,1
30,SET,199,1
30,SET,201,1
30,SET,206,1
30,SET,215,1
30,SET,218,1
30,SET,227,1
30,SET,233,1
30,SET,236,1
30,SET,237,1
30,SET,238,1
30,SET,246,1
30,SET,254,2
30,SET,259,2
30,SET,301,1
30,SET,309,1
30,SET,343,1
30,SET,345,1
30,SET,423,1
30,SET,579,1
30,SET,663,1
30,SET,731,1
30,SET,851,1
30,SET,883,1
30,SET,891,1
30,SET,899,1
30,SET,911,1
30,SET,955,1
30,SET,1039,1
30,SET,1175,1
30,SET,1287,1
30,SET,1311,1
30,SET,1375,1
30,SET,1631,1
30,SET,1871,1
30,SET,1879,1
30,SET,2271,1
30,SET,2319,1
30,SET,2383,2
30,SET,2447,1
30,SET,2527,1
30,SET,2591,1
30,SET,2655,1
30,SET,2719,2
30,SET,2751,1
30,SET,2895,1
30,SET,2991,1
30,SET,3007,1
30,SET,3023,1
30,SET,3055,1
30,SET,3103,1
30,SET,3135,2
30,SET,3215,1
30,SET,3487,1
30,SET,3503,1
30,SET,3711,1
30,SET,3775,1
30,SET,3791,1
30,SET,3887,1
30,SET,3935,1
30,SET,3951,1
30,SET,3967,1
30,SET,4015,1
30,SET,4191,1
30,SET,4287,1
30,SET,4479,1
30,SET,4767,1
30,SET,5119,1
30,SET,5535,1
31,GET,95,1
31,GET,99,1
31,GET,102,2
31,GET,103,1
31,GET,104,1
31,GET,107,1
31,GET,108,1
31,GET,109,2
31,GET,111,2
31,GET,113,1
31,GET,114,1
31,GET,115,1
31,GET,121,2
31,GET,122,1
31,GET,125,1
31,GET,129,1
31,GET,134,1
31,GET,135,2
31,GET,136,1
31,GET,138,1
31,GET,139,1
31,GET,140,1
31,GET,141,1
31,GET,142,1
31,GET,143,1
31,GET,144,1
31,GET,145,3
31,GET,146,1
31,GET,147,3
31,GET,148,1
31,GET,149,1
31,GET,150,2
31,GET,151,1
31,GET,153,1
31,GET,154,1
31,GET,155,1
31,GET,156,2
31,GET,157,2
31,GET,158,3
31,GET,159,3
31,GET,160,2
31,GET,162,3
31,GET,164,2
31,GET,166,3
31,GET,167,2
31,GET,168,1
31,GET,169,1
31,GET,170,2
31,GET,172,3
31,GET,173,2
31,GET,174,2
31,GET,175,1
31,GET,176,1
31,GET,177,2
31,GET,178,5
31,GET,179,4
31,GET,180,2
31,GET,181,3
31,GET,182,2
31,GET,183,2
31,GET,184,3
31,GET,186,2
31,GET,187,2
31,GET,188,4
31,GET,189,4
31,GET,190,5
31,GET,191,2
31,GET,192,4
31,GET,193,2
31,GET,194,3
31,GET,195,5
31,GET,197,3
31,GET,198,4
31,GET,199,5
31,GET,200,4
31,GET,201,4
31,GET,202,3
31,GET,203,5
31,GET,204,1
31,GET,205,1
31,GET,206,2
31,GET,207,3
31,GET,208,5
31,GET,209,4
31,GET,210,3
31,GET,211,4
31,GET,212,4
31,GET,213,1
31,GET,214,2
31,GET,215,6
31,GET,216,4
31,GET,217,4
31,GET,218,6
31,GET,219,4
31,GET,220,3
31,GET,221,1
31,GET,222,2
31,GET,224,3
31,GET,225,5
31,GET,226,1
31,GET,227,3
31,GET,228,1
31,GET,229,1
31,GET,233,2
31,GET,234,1
31,GET,235,4
31,GET,236,2
31,GET,237,2
31,GET,238,1
31,GET,239,1
31,GET,240,3
31,GET,241,1
31,GET,243,1
31,GET,244,1
31,GET,247,3
31,GET,248,2
31,GET,249,3
31,GET,250,1
31,GET,253,2
31,GET,254,3
31,GET,255,1
31,GET,257,2
31,GET,259,2
31,GET,261,1
31,GET,263,2
31,GET,265,2
31,GET,267,1
31,GET,269,1
31,GET,271,2
31,GET,273,1
31,GET,275,1
31,GET,277,2
31,GET,279,2
31,GET,285,3
31,GET,287,2
31,GET,291,1
31,GET,295,1
31,GET,297,2
31,GET,299,3
31,GET,301,2
31,GET,307,2
31,GET,309,1
31,GET,313,1
31,GET,315,2
31,GET,317,4
31,GET,319,1
31,GET,321,1
31,GET,323,2
31,GET,325,1
31,GET,329,1
31,GET,331,2
31,GET,335,2
31,GET,337,2
31,GET,339,2
31,GET,347,1
31,GET,351,1
31,GET,353,1
31,GET,357,1
31,GET,359,1
31,GET,361,1
31,GET,363,1
31,GET,371,2
31,GET,373,3
31,GET,375,2
31,GET,377,1
31,GET,381,3
31,GET,387,1
31,GET,391,1
31,GET,395,1
31,GET,403,2
31,GET,407,1
31,GET,409,1
31,GET,421,1
31,GET,425,1
31,GET,433,1
31,GET,437,1
31,GET,439,1
31,GET,447,1
31,GET,449,1
31,GET,451,1
31,GET,467,1
31,GET,487,1
31,GET,489,2
31,GET,491,1
31,GET,493,2
31,GET,495,1
31,GET,499,2
31,GET,503,1
31,GET,511,1
31,GET,515,2
31,GET,519,1
31,GET,527,1
31,GET,531,2
31,GET,535,1
31,GET,539,1
31,GET,551,2
31,GET,559,1
31,GET,571,2
31,GET,575,1
31,GET,579,1
31,GET,587,3
31,GET,599,1
31,GET,603,1
31,GET,607,1
31,GET,611,3
31,GET,615,3
31,GET,623,1
31,GET,627,2
31,GET,639,2
31,GET,643,1
31,GET,655,2
31,GET,659,2
31,GET,667,1
31,GET,671,2
31,GET,679,1
31,GET,683,2
31,GET,687,1
31,GET,695,1
31,GET,703,1
31,GET,711,2
31,GET,715,2
31,GET,719,1
31,GET,727,1
31,GET,731,1
31,GET,735,2
31,GET,739,3
31,GET,747,1
31,GET,751,1
31,GET,755,3
31,GET,771,1
31,GET,791,1
31,GET,795,1
31,GET,799,3
31,GET,803,1
31,GET,807,1
31,GET,811,3
31,GET,815,3
31,GET,819,1
31,GET,827,1
31,GET,831,1
31,GET,843,3
31,GET,847,3
31,GET,851,1
31,GET,855,4
31,GET,859,1
31,GET,867,1
31,GET,875,3
31,GET,891,1
31,GET,895,2
31,GET,899,1
31,GET,911,2
31,GET,915,2
31,GET,919,1
31,GET,923,1
31,GET,935,1
31,GET,939,1
31,GET,963,1
31,GET,967,1
31,GET,971,1
31,GET,983,1
31,GET,987,1
31,GET,991,1
31,GET,995,1
31,GET,999,1
31,GET,1007,2
31,GET,1011,3
31,GET,1019,1
31,GET,1023,2
31,GET,1039,2
31,GET,1047,1
31,GET,1055,3
31,GET,1063,1
31,GET,1071,4
31,GET,1079,4
31,GET,1087,2
31,GET,1095,4
31,GET,1103,4
31,GET,1111,2
31,GET,1119,1
31,GET,1127,6
31,GET,1135,3
31,GET,1143,7
31,GET,1151,1
31,GET,1159,1
31,GET,1167,1
31,GET,1175,1
31,GET,1183,1
31,GET,1191,3
31,GET,1199,3
31,GET,1215,2
31,GET,1223,8
31,GET,1231,2
31,GET,1239,1
31,GET,1247,3
31,GET,1255,7
31,GET,1263,1
31,GET,1271,4
31,GET,1279,1
31,GET,1295,5
31,GET,1303,2
31,GET,1311,6
31,GET,1319,3
31,GET,1327,2
31,GET,1335,3
31,GET,1351,4
31,GET,1359,3
31,GET,1367,2
31,GET,1375,2
31,GET,1383,1
31,GET,1391,2
31,GET,1399,2
31,GET,1407,1
31,GET,1431,3
31,GET,1439,2
31,GET,1447,1
31,GET,1455,1
31,GET,1463,1
31,GET,1487,1
31,GET,1495,1
31,GET,1503,3
31,GET,1535,2
31,GET,1551,1
31,GET,1559,2
31,GET,1575,2
31,GET,1583,1
31,GET,1615,1
31,GET,1623,1
31,GET,1655,1
31,GET,1663,1
31,GET,1671,1
31,GET,1679,1
31,GET,1687,1
31,GET,1711,1
31,GET,1727,2
31,GET,1743,1
31,GET,1775,1
31,GET,1791,2
31,GET,1807,1
31,GET,1815,1
31,GET,1823,2
31,GET,1839,1
31,GET,1847,3
31,GET,1855,1
31,GET,1911,1
31,GET,1951,2
31,GET,1967,1
31,GET,1999,1
31,GET,2015,1
31,GET,2023,2
31,GET,2039,2
31,GET,2047,1
31,GET,2063,1
31,GET,2079,6
31,GET,2095,2
31,GET,2111,1
31,GET,2127,1
31,GET,2143,2
31,GET,2159,4
31,GET,2175,3
31,GET,2191,1
31,GET,2207,1
31,GET,2223,2
31,GET,2239,1
31,GET,2255,2
31,GET,2271,1
31,GET,2287,4
31,GET,2303,2
31,GET,2319,2
31,GET,2335,1
31,GET,2351,2
31,GET,2367,3
31,GET,2383,4
31,GET,2399,3
31,GET,2415,3
31,GET,2431,2
31,GET,2463,2
31,GET,2479,8
31,GET,2495,4
31,GET,2511,3
31,GET,2527,4
31,GET,2543,2
31,GET,2559,1
31,GET,2575,3
31,GET,2591,4
31,GET,2607,4
31,GET,2623,7
31,GET,2639,2
31,GET,2655,5
31,GET,2687,1
31,GET,2703,1
31,GET,2719,1
31,GET,2735,4
31,GET,2751,2
31,GET,2767,3
31,GET,2783,3
31,GET,2799,6
31,GET,2815,2
31,GET,2831,2
31,GET,2847,2
31,GET,2863,1
31,GET,2879,2
31,GET,2895,3
31,GET,2911,1
31,GET,2927,6
31,GET,2943,4
31,GET,2959,2
31,GET,2975,4
31,GET,2991,1
31,GET,3007,5
31,GET,3023,5
31,GET,3039,2
31,GET,3055,4
31,GET,3071,5
31,GET,3087,3
31,GET,3103,4
31,GET,3119,3
31,GET,3135,3
31,GET,3151,4
31,GET,3167,7
31,GET,3183,3
31,GET,3199,3
31,GET,3215,1
31,GET,3231,1
31,GET,3263,3
31,GET,3279,1
31,GET,3295,1
31,GET,3311,2
31,GET,3327,2
31,GET,3343,4
31,GET,3359,1
31,GET,3375,1
31,GET,3391,3
31,GET,3407,3
31,GET,3455,2
31,GET,3471,2
31,GET,3487,3
31,GET,3503,3
31,GET,3519,2
31,GET,3535,8
31,GET,3551,5
31,GET,3567,2
31,GET,3583,6
31,GET,3599,1
31,GET,3615,3
31,GET,3631,1
31,GET,3647,1
31,GET,3679,1
31,GET,3711,4
31,GET,3727,7
31,GET,3743,4
31,GET,3759,2
31,GET,3775,6
31,GET,3807,2
31,GET,3823,2
31,GET,3839,1
31,GET,3855,2
31,GET,3871,3
31,GET,3887,3
31,GET,3903,3
31,GET,3935,1
31,GET,3951,2
31,GET,3967,1
31,GET,3983,3
31,GET,3999,2
31,GET,4015,1
31,GET,4031,3
31,GET,4047,3
31,GET,4063,2
31,GET,4079,1
31,GET,4095,6
31,GET,4127,2
31,GET,4159,3
31,GET,4191,2
31,GET,4223,2
31,GET,4255,2
31,GET,4287,2
31,GET,4319,2
31,GET,4351,3
31,GET,4383,3
31,GET,4415,1
31,GET,4447,3
31,GET,4479,1
31,GET,4511,2
31,GET,4543,3
31,GET,4575,2
31,GET,4607,1
31,GET,4639,1
31,GET,4671,6
31,GET,4735,2
31,GET,4799,2
31,GET,4831,3
31,GET,4863,1
31,GET,4895,2
31,GET,4927,2
31,GET,4959,1
31,GET,4991,1
31,GET,5023,3
31,GET,5055,1
31,GET,5087,1
31,GET,5119,1
31,GET,5183,2
31,GET,5215,3
31,GET,5247,1
31,GET,5279,2
31,GET,5311,1
31,GET,5343,1
31,GET,5375,1
31,GET,5407,2
31,GET,5471,1
31,GET,5503,1
31,GET,5567,1
31,GET,5663,1
31,GET,5727,2
31,GET,5759,1
31,GET,5823,1
31,GET,5919,1
31,GET,5951,2
31,GET,6015,1
31,GET,6239,1
31,GET,6399,1
31,GET,6463,2
31,GET,7615,1
31,DEL,99,1
31,DEL,100,1
31,DEL,101,1
31,DEL,114,1
31,DEL,115,1
31,DEL,125,1
31,DEL,129,1
31,DEL,131,1
31,DEL,137,1
31,DEL,142,1
31,DEL,147,2
31,DEL,153,1
31,DEL,156,2
31,DEL,160,1
31,DEL,161,1
31,DEL,164,2
31,DEL,165,1
31,DEL,166,1
31,DEL,167,2
31,DEL,169,1
31,DEL,170,1
31,DEL,175,1
31,DEL,176,2
31,DEL,179,3
31,DEL,184,1
31,DEL,185,1
31,DEL,189,2
31,DEL,191,1
31,DEL,193,3
31,DEL,195,1
31,DEL,199,1
31,DEL,200,1
31,DEL,201,3
31,DEL,202,1
31,DEL,203,1
31,DEL,204,3
31,DEL,205,4
31,DEL,207,1
31,DEL,211,1
31,DEL,213,1
31,DEL,214,4
31,DEL,216,2
31,DEL,217,1
31,DEL,218,1
31,DEL,219,1
31,DEL,220,3
31,DEL,221,1
31,DEL,222,1
31,DEL,225,1
31,DEL,226,1
31,DEL,228,1
31,DEL,229,1
31,DEL,236,1
31,DEL,241,1
31,DEL,243,2
31,DEL,244,1
31,DEL,246,2
31,DEL,247,1
31,DEL,249,2
31,DEL,263,1
31,DEL,265,1
31,DEL,273,2
31,DEL,285,1
31,DEL,297,1
31,DEL,301,1
31,DEL,311,1
31,DEL,339,1
31,DEL,343,1
31,DEL,349,1
31,DEL,359,1
31,DEL,361,1
31,DEL,367,1
31,DEL,385,1
31,DEL,391,1
31,DEL,427,1
31,DEL,429,1
31,DEL,453,1
31,DEL,455,1
31,DEL,459,1
31,DEL,465,1
31,DEL,469,1
31,DEL,511,1
31,DEL,535,1
31,DEL,539,1
31,DEL,563,1
31,DEL,571,2
31,DEL,575,2
31,DEL,583,1
31,DEL,587,1
31,DEL,595,1
31,DEL,599,1
31,DEL,619,1
31,DEL,635,1
31,DEL,643,1
31,DEL,683,1
31,DEL,699,1
31,DEL,715,1
31,DEL,723,1
31,DEL,727,1
31,DEL,735,1
31,DEL,743,1
31,DEL,747,1
31,DEL,767,1
31,DEL,771,1
31,DEL,779,1
31,DEL,783,1
31,DEL,791,1
31,DEL,803,1
31,DEL,823,1
31,DEL,843,1
31,DEL,867,1
31,DEL,871,1
31,DEL,875,1
31,DEL,907,1
31,DEL,919,1
31,DEL,923,1
31,DEL,927,1
31,DEL,931,1
31,DEL,935,1
31,DEL,943,2
31,DEL,951,1
31,DEL,1019,3
31,DEL,1023,1
31,DEL,1031,1
31,DEL,1047,1
31,DEL,1095,1
31,DEL,1103,1
31,DEL,1127,1
31,DEL,1143,2
31,DEL,1183,1
31,DEL,1287,2
31,DEL,1303,1
31,DEL,1391,1
31,DEL,1407,1
31,DEL,1423,1
31,DEL,1511,1
31,DEL,1519,2
31,DEL,1559,1
31,DEL,1583,1
31,DEL,1695,1
31,DEL,1807,1
31,DEL,1831,1
31,DEL,1839,3
31,DEL,1887,1
31,DEL,1951,1
31,DEL,2031,1
31,DEL,2095,1
31,DEL,2239,1
31,DEL,2335,2
31,DEL,2351,1
31,DEL,2431,1
31,DEL,2607,1
31,DEL,2639,1
31,DEL,2671,1
31,DEL,2687,1
31,DEL,2703,1
31,DEL,2751,1
31,DEL,2767,1
31,DEL,2847,1
31,DEL,2911,1
31,DEL,2975,2
31,DEL,2991,2
31,DEL,3007,1
31,DEL,3103,1
31,DEL,3151,1
31,DEL,3199,1
31,DEL,3231,1
31,DEL,3279,1
31,DEL,3407,1
31,DEL,3471,1
31,DEL,3567,1
31,DEL,3615,1
31,DEL,3631,1
31,DEL,3647,1
31,DEL,3679,1
31,DEL,3695,1
31,DEL,3775,1
31,DEL,3791,1
31,DEL,3919,2
31,DEL,3951,1
31,DEL,3967,1
31,DEL,4047,1
31,DEL,4191,1
31,DEL,4223,2
31,DEL,4287,1
31,DEL,4383,2
31,DEL,4543,3
31,DEL,4607,1
31,DEL,4703,1
31,DEL,4735,1
31,DEL,4767,3
31,DEL,4831,1
31,DEL,4991,1
31,DEL,5055,1
31,DEL,5087,1
31,DEL,5119,1
31,DEL,5151,1
31,DEL,5183,2
31,DEL,5215,1
31,DEL,5279,1
31,DEL,5439,2
31,DEL,5471,1
31,DEL,5503,1
31,DEL,5567,1
31,DEL,5695,1
31,DEL,5727,1
31,DEL,5791,1
31,DEL,5919,1
31,DEL,6111,3
31,DEL,6175,1
31,DEL,6303,1
31,DEL,6367,1
31,DEL,6559,2
31,DEL,6655,1
31,DEL,6687,1
31,DEL,7039,1
31,DEL,7135,1
31,DEL,7167,1
31,DEL,7295,1
31,DEL,7391,1
31,DEL,7487,2
31,DEL,7775,1
31,DEL,9855,1
31,DEL,10431,1
31,DEL,10623,1
31,DEL,10815,1
31,DEL,10879,1
31,DEL,11135,1
31,DEL,11263,1
31,DEL,11327,1
31,DEL,11391,1
31,DEL,11455,1
31,DEL,11967,1
31,DEL,12351,1
31,DEL,12863,1
31,DEL,14335,1
31,DEL,15167,1
31,DEL,18303,2
31,DEL,20863,1
31,DEL,21119,1
31,DEL,24575,1
31,DEL,26751,1
31,DEL,27647,1
31,DEL,28927,1
31,DEL,30719,1
31,DEL,31615,1
31,DEL,34559,1
31,DEL,39423,1
31,DEL,44031,1
31,DEL,44799,1
31,DEL,45055,1
31,DEL,45311,1
31,DEL,46591,1
31,DEL,47359,1
31,DEL,47615,3
31,DEL,47871,1
31,DEL,48127,1
31,DEL,48383,5
31,DEL,48895,1
31,DEL,49151,2
31,DEL,49407,1
31,DEL,49663,2
31,DEL,49919,1
31,DEL,50175,4
31,DEL,50687,5
31,DEL,50943,4
31,DEL,51199,1
31,DEL,51455,6
31,DEL,51711,2
31,DEL,51967,2
31,DEL,52223,4
31,DEL,52479,1
31,DEL,52735,2
31,DEL,52991,2
31,DEL,53247,2
31,DEL,53503,3
31,DEL,53759,1
31,DEL,54015,1
31,DEL,54271,2
31,DEL,54527,1
31,DEL,54783,2
31,DEL,55295,1
31,DEL,55551,4
31,DEL,55807,1
31,DEL,56063,1
31,DEL,56319,1
31,DEL,56575,1
31,DEL,56831,2
31,DEL,57855,1
31,DEL,58623,1
31,DEL,59391,2
31,DEL,59903,2
31,SET,116,1
31,SET,119,1
31,SET,122,1
31,SET,128,1
31,SET,146,1
31,SET,147,1
31,SET,152,1
31,SET,153,1
31,SET,156,1
31,SET,191,1
31,SET,198,1
31,SET,200,1
31,SET,203,1
31,SET,206,1
31,SET,208,2
31,SET,212,2
31,SET,218,1
31,SET,241,1
31,SET,263,1
31,SET,279,1
31,SET,305,2
31,SET,331,1
31,SET,349,1
31,SET,389,1
31,SET,445,1
31,SET,453,1
31,SET,475,1
31,SET,499,1
31,SET,551,1
31,SET,575,1
31,SET,603,1
31,SET,651,1
31,SET,719,1
31,SET,755,1
31,SET,771,1
31,SET,823,1
31,SET,907,1
31,SET,931,1
31,SET,999,1
31,SET,1055,1
31,SET,1183,1
31,SET,1231,1
31,SET,1391,1
31,SET,1711,1
31,SET,1863,1
31,SET,1871,1
31,SET,1935,1
31,SET,1951,1
31,SET,2015,1
31,SET,2039,1
31,SET,2159,1
31,SET,2191,1
31,SET,2367,1
31,SET,2399,1
31,SET,2511,1
31,SET,2863,1
31,SET,2911,1
31,SET,3071,1
31,SET,3135,2
31,SET,3231,1
31,SET,3471,1
31,SET,3487,1
31,SET,3535,1
31,SET,3567,1
31,SET,3871,1
31,SET,3887,1
31,SET,3919,1
31,SET,3935,1
31,SET,3967,1
31,SET,4223,1
31,SET,4703,1
31,SET,5471,1
