# Args: ["/opt/benchmarker/benchmark", "-a", "34.51.237.100,34.51.140.188,34.51.177.123", "--port", "7000", "-c", "etc", "-r", "20000000", "-t", "32", "--cluster", "-o", "valkey_three_nodes"]
thread,cmd,latency,count
0,DEL,75,1
0,DEL,76,3
0,DEL,77,3
0,DEL,78,11
0,DEL,79,9
0,DEL,80,17
0,DEL,81,32
0,DEL,82,46
0,DEL,83,65
0,DEL,84,80
0,DEL,85,88
0,DEL,86,117
0,DEL,87,160
0,DEL,88,178
0,DEL,89,229
0,DEL,90,246
0,DEL,91,244
0,DEL,92,307
0,DEL,93,347
0,DEL,94,377
0,DEL,95,457
0,DEL,96,489
0,DEL,97,559
0,DEL,98,617
0,DEL,99,690
0,DEL,100,706
0,DEL,101,788
0,DEL,102,876
0,DEL,103,860
0,DEL,104,1009
0,DEL,105,1016
0,DEL,106,1085
0,DEL,107,1221
0,DEL,108,1150
0,DEL,109,1241
0,DEL,110,1214
0,DEL,111,1259
0,DEL,112,1418
0,DEL,113,1423
0,DEL,114,1398
0,DEL,115,1533
0,DEL,116,1572
0,DEL,117,1642
0,DEL,118,1581
0,DEL,119,1721
0,DEL,120,1724
0,DEL,121,1849
0,DEL,122,1783
0,DEL,123,1741
0,DEL,124,1873
0,DEL,125,1827
0,DEL,126,1788
0,DEL,127,1885
0,DEL,128,1857
0,DEL,129,1819
0,DEL,130,1832
0,DEL,131,1762
0,DEL,132,1911
0,DEL,133,1841
0,DEL,134,1846
0,DEL,135,1919
0,DEL,136,1892
0,DEL,137,1895
0,DEL,138,1923
0,DEL,139,1958
0,DEL,140,1824
0,DEL,141,1837
0,DEL,142,1850
0,DEL,143,1944
0,DEL,144,1774
0,DEL,145,1750
0,DEL,146,1801
0,DEL,147,1749
0,DEL,148,1692
0,DEL,149,1653
0,DEL,150,1755
0,DEL,151,1647
0,DEL,152,1571
0,DEL,153,1574
0,DEL,154,1525
0,DEL,155,1567
0,DEL,156,1479
0,DEL,157,1448
0,DEL,158,1421
0,DEL,159,1433
0,DEL,160,1352
0,DEL,161,1339
0,DEL,162,1337
0,DEL,163,1259
0,DEL,164,1257
0,DEL,165,1177
0,DEL,166,1223
0,DEL,167,1121
0,DEL,168,1145
0,DEL,169,1047
0,DEL,170,1026
0,DEL,171,1045
0,DEL,172,998
0,DEL,173,972
0,DEL,174,961
0,DEL,175,942
0,DEL,176,912
0,DEL,177,899
0,DEL,178,857
0,DEL,179,856
0,DEL,180,820
0,DEL,181,777
0,DEL,182,797
0,DEL,183,715
0,DEL,184,685
0,DEL,185,721
0,DEL,186,678
0,DEL,187,660
0,DEL,188,641
0,DEL,189,613
0,DEL,190,621
0,DEL,191,621
0,DEL,192,593
0,DEL,193,527
0,DEL,194,587
0,DEL,195,566
0,DEL,196,547
0,DEL,197,515
0,DEL,198,493
0,DEL,199,466
0,DEL,200,478
0,DEL,201,433
0,DEL,202,453
0,DEL,203,414
0,DEL,204,405
0,DEL,205,421
0,DEL,206,400
0,DEL,207,363
0,DEL,208,410
0,DEL,209,382
0,DEL,210,414
0,DEL,211,347
0,DEL,212,349
0,DEL,213,360
0,DEL,214,302
0,DEL,215,309
0,DEL,216,315
0,DEL,217,295
0,DEL,218,324
0,DEL,219,323
0,DEL,220,295
0,DEL,221,268
0,DEL,222,301
0,DEL,223,273
0,DEL,224,262
0,DEL,225,251
0,DEL,226,251
0,DEL,227,255
0,DEL,228,286
0,DEL,229,248
0,DEL,230,252
0,DEL,231,250
0,DEL,232,235
0,DEL,233,237
0,DEL,234,228
0,DEL,235,221
0,DEL,236,208
0,DEL,237,207
0,DEL,238,195
0,DEL,239,186
0,DEL,240,174
0,DEL,241,203
0,DEL,242,210
0,DEL,243,199
0,DEL,244,216
0,DEL,245,207
0,DEL,246,172
0,DEL,247,174
0,DEL,248,189
0,DEL,249,188
0,DEL,250,175
0,DEL,251,175
0,DEL,252,178
0,DEL,253,176
0,DEL,254,147
0,DEL,255,146
0,DEL,257,293
0,DEL,259,265
0,DEL,261,247
0,DEL,263,233
0,DEL,265,245
0,DEL,267,246
0,DEL,269,236
0,DEL,271,207
0,DEL,273,199
0,DEL,275,172
0,DEL,277,204
0,DEL,279,192
0,DEL,281,195
0,DEL,283,158
0,DEL,285,153
0,DEL,287,151
0,DEL,289,162
0,DEL,291,142
0,DEL,293,138
0,DEL,295,135
0,DEL,297,112
0,DEL,299,110
0,DEL,301,112
0,DEL,303,113
0,DEL,305,81
0,DEL,307,81
0,DEL,309,83
0,DEL,311,72
0,DEL,313,72
0,DEL,315,70
0,DEL,317,72
0,DEL,319,60
0,DEL,321,56
0,DEL,323,55
0,DEL,325,47
0,DEL,327,55
0,DEL,329,40
0,DEL,331,43
0,DEL,333,45
0,DEL,335,38
0,DEL,337,41
0,DEL,339,27
0,DEL,341,30
0,DEL,343,27
0,DEL,345,27
0,DEL,347,23
0,DEL,349,21
0,DEL,351,31
0,DEL,353,15
0,DEL,355,22
0,DEL,357,21
0,DEL,359,17
0,DEL,361,19
0,DEL,363,16
0,DEL,365,12
0,DEL,367,20
0,DEL,369,14
0,DEL,371,9
0,DEL,373,12
0,DEL,375,10
0,DEL,377,7
0,DEL,379,4
0,DEL,381,12
0,DEL,383,12
0,DEL,385,8
0,DEL,387,7
0,DEL,389,4
0,DEL,391,9
0,DEL,393,5
0,DEL,395,4
0,DEL,397,6
0,DEL,399,5
0,DEL,401,4
0,DEL,403,8
0,DEL,405,5
0,DEL,407,6
0,DEL,409,4
0,DEL,411,6
0,DEL,413,6
0,DEL,415,6
0,DEL,417,6
0,DEL,419,6
0,DEL,421,2
0,DEL,423,2
0,DEL,425,2
0,DEL,427,5
0,DEL,431,2
0,DEL,433,1
0,DEL,435,2
0,DEL,439,2
0,DEL,441,1
0,DEL,443,1
0,DEL,445,5
0,DEL,447,3
0,DEL,449,2
0,DEL,453,2
0,DEL,455,2
0,DEL,459,3
0,DEL,461,3
0,DEL,463,3
0,DEL,465,2
0,DEL,467,1
0,DEL,473,1
0,DEL,475,1
0,DEL,487,1
0,DEL,489,2
0,DEL,497,1
0,DEL,501,2
0,DEL,503,2
0,DEL,505,1
0,DEL,507,2
0,DEL,509,1
0,DEL,515,2
0,DEL,527,1
0,DEL,531,1
0,DEL,535,3
0,DEL,539,3
0,DEL,543,1
0,DEL,547,3
0,DEL,551,2
0,DEL,555,1
0,DEL,571,1
0,DEL,575,1
0,DEL,583,2
0,DEL,587,1
0,DEL,595,1
0,DEL,603,3
0,DEL,607,1
0,DEL,611,2
0,DEL,615,1
0,DEL,619,2
0,DEL,623,2
0,DEL,631,1
0,DEL,635,1
0,DEL,639,1
0,DEL,643,1
0,DEL,647,4
0,DEL,651,1
0,DEL,655,1
0,DEL,659,3
0,DEL,667,1
0,DEL,671,1
0,DEL,675,4
0,DEL,679,3
0,DEL,683,2
0,DEL,687,1
0,DEL,695,2
0,DEL,707,1
0,DEL,711,1
0,DEL,727,2
0,DEL,731,2
0,DEL,735,2
0,DEL,739,2
0,DEL,747,1
0,DEL,767,1
0,DEL,783,1
0,DEL,787,2
0,DEL,819,1
0,DEL,899,1
0,DEL,931,1
0,DEL,1023,1
0,DEL,1079,1
0,DEL,1119,1
0,DEL,1167,1
0,DEL,1199,1
0,DEL,1319,1
0,DEL,1335,1
0,DEL,1359,1
0,DEL,1391,1
0,DEL,1399,1
0,DEL,1431,1
0,DEL,1567,2
0,DEL,1575,1
0,DEL,1639,1
0,DEL,1647,1
0,DEL,1671,1
0,DEL,1695,2
0,DEL,1735,1
0,DEL,1743,1
0,DEL,1799,1
0,DEL,1839,1
0,DEL,1967,1
0,DEL,1975,1
0,DEL,2007,1
0,DEL,2031,2
0,DEL,2039,1
0,DEL,2079,2
0,DEL,2095,1
0,DEL,2111,4
0,DEL,2127,3
0,DEL,2143,1
0,DEL,2159,1
0,DEL,2175,1
0,DEL,2207,3
0,DEL,2223,2
0,DEL,2239,2
0,DEL,2271,1
0,DEL,2287,2
0,DEL,2303,4
0,DEL,2319,1
0,DEL,2335,1
0,DEL,2367,2
0,DEL,2383,1
0,DEL,2399,1
0,DEL,2591,1
0,DEL,2671,1
0,DEL,3663,1
0,SET,76,1
0,SET,78,1
0,SET,79,1
0,SET,80,1
0,SET,81,1
0,SET,82,4
0,SET,83,7
0,SET,84,4
0,SET,85,9
0,SET,86,17
0,SET,87,13
0,SET,88,16
0,SET,89,20
0,SET,90,31
0,SET,91,32
0,SET,92,41
0,SET,93,33
0,SET,94,38
0,SET,95,60
0,SET,96,69
0,SET,97,70
0,SET,98,79
0,SET,99,113
0,SET,100,102
0,SET,101,110
0,SET,102,115
0,SET,103,150
0,SET,104,162
0,SET,105,172
0,SET,106,169
0,SET,107,178
0,SET,108,196
0,SET,109,201
0,SET,110,206
0,SET,111,236
0,SET,112,246
0,SET,113,235
0,SET,114,232
0,SET,115,261
0,SET,116,253
0,SET,117,284
0,SET,118,284
0,SET,119,278
0,SET,120,327
0,SET,121,342
0,SET,122,344
0,SET,123,339
0,SET,124,353
0,SET,125,336
0,SET,126,329
0,SET,127,368
0,SET,128,370
0,SET,129,363
0,SET,130,381
0,SET,131,372
0,SET,132,376
0,SET,133,384
0,SET,134,354
0,SET,135,404
0,SET,136,384
0,SET,137,409
0,SET,138,367
0,SET,139,371
0,SET,140,351
0,SET,141,383
0,SET,142,361
0,SET,143,362
0,SET,144,339
0,SET,145,340
0,SET,146,393
0,SET,147,356
0,SET,148,338
0,SET,149,324
0,SET,150,342
0,SET,151,343
0,SET,152,329
0,SET,153,336
0,SET,154,310
0,SET,155,338
0,SET,156,331
0,SET,157,321
0,SET,158,292
0,SET,159,298
0,SET,160,286
0,SET,161,262
0,SET,162,293
0,SET,163,267
0,SET,164,251
0,SET,165,286
0,SET,166,241
0,SET,167,228
0,SET,168,246
0,SET,169,236
0,SET,170,220
0,SET,171,260
0,SET,172,233
0,SET,173,229
0,SET,174,216
0,SET,175,181
0,SET,176,197
0,SET,177,193
0,SET,178,200
0,SET,179,187
0,SET,180,171
0,SET,181,185
0,SET,182,208
0,SET,183,173
0,SET,184,161
0,SET,185,153
0,SET,186,149
0,SET,187,138
0,SET,188,133
0,SET,189,153
0,SET,190,149
0,SET,191,119
0,SET,192,127
0,SET,193,132
0,SET,194,130
0,SET,195,102
0,SET,196,128
0,SET,197,123
0,SET,198,114
0,SET,199,106
0,SET,200,99
0,SET,201,99
0,SET,202,100
0,SET,203,99
0,SET,204,87
0,SET,205,111
0,SET,206,91
0,SET,207,85
0,SET,208,101
0,SET,209,105
0,SET,210,74
0,SET,211,75
0,SET,212,83
0,SET,213,77
0,SET,214,69
0,SET,215,90
0,SET,216,69
0,SET,217,71
0,SET,218,61
0,SET,219,72
0,SET,220,80
0,SET,221,67
0,SET,222,51
0,SET,223,46
0,SET,224,62
0,SET,225,44
0,SET,226,62
0,SET,227,47
0,SET,228,55
0,SET,229,52
0,SET,230,54
0,SET,231,52
0,SET,232,48
0,SET,233,63
0,SET,234,51
0,SET,235,49
0,SET,236,45
0,SET,237,54
0,SET,238,34
0,SET,239,65
0,SET,240,48
0,SET,241,51
0,SET,242,39
0,SET,243,42
0,SET,244,39
0,SET,245,45
0,SET,246,38
0,SET,247,39
0,SET,248,45
0,SET,249,43
0,SET,250,42
0,SET,251,32
0,SET,252,33
0,SET,253,33
0,SET,254,38
0,SET,255,18
0,SET,257,64
0,SET,259,51
0,SET,261,49
0,SET,263,55
0,SET,265,54
0,SET,267,59
0,SET,269,51
0,SET,271,51
0,SET,273,47
0,SET,275,52
0,SET,277,50
0,SET,279,37
0,SET,281,46
0,SET,283,39
0,SET,285,38
0,SET,287,35
0,SET,289,38
0,SET,291,31
0,SET,293,33
0,SET,295,37
0,SET,297,31
0,SET,299,20
0,SET,301,26
0,SET,303,19
0,SET,305,18
0,SET,307,14
0,SET,309,12
0,SET,311,15
0,SET,313,13
0,SET,315,14
0,SET,317,11
0,SET,319,9
0,SET,321,8
0,SET,323,14
0,SET,325,12
0,SET,327,12
0,SET,329,9
0,SET,331,14
0,SET,333,5
0,SET,335,3
0,SET,337,4
0,SET,339,9
0,SET,341,5
0,SET,343,5
0,SET,345,7
0,SET,347,9
0,SET,349,7
0,SET,351,8
0,SET,353,8
0,SET,355,1
0,SET,357,3
0,SET,359,2
0,SET,361,4
0,SET,363,2
0,SET,365,2
0,SET,367,6
0,SET,369,3
0,SET,371,2
0,SET,373,3
0,SET,375,3
0,SET,379,1
0,SET,383,2
0,SET,387,3
0,SET,389,3
0,SET,391,1
0,SET,393,1
0,SET,399,1
0,SET,403,1
0,SET,407,2
0,SET,411,1
0,SET,413,2
0,SET,415,1
0,SET,419,1
0,SET,421,1
0,SET,425,2
0,SET,427,1
0,SET,429,1
0,SET,431,1
0,SET,435,4
0,SET,443,1
0,SET,449,2
0,SET,451,1
0,SET,465,1
0,SET,471,1
0,SET,473,1
0,SET,475,1
0,SET,487,1
0,SET,493,1
0,SET,505,1
0,SET,523,1
0,SET,531,1
0,SET,539,2
0,SET,543,1
0,SET,551,3
0,SET,563,2
0,SET,571,1
0,SET,583,2
0,SET,595,1
0,SET,619,1
0,SET,627,2
0,SET,643,1
0,SET,655,1
0,SET,663,1
0,SET,707,1
0,SET,755,1
0,SET,771,1
0,SET,847,1
0,SET,1223,1
0,SET,1247,1
0,SET,1327,1
0,SET,1695,1
0,SET,1791,1
0,SET,1799,1
0,SET,1863,1
0,SET,2095,2
0,SET,2143,1
0,SET,2175,1
0,SET,2207,3
0,SET,2303,1
0,SET,2607,1
0,GET,75,5
0,GET,76,8
0,GET,77,20
0,GET,78,29
0,GET,79,38
0,GET,80,63
0,GET,81,113
0,GET,82,135
0,GET,83,187
0,GET,84,261
0,GET,85,319
0,GET,86,387
0,GET,87,453
0,GET,88,566
0,GET,89,653
0,GET,90,761
0,GET,91,832
0,GET,92,972
0,GET,93,1058
0,GET,94,1158
0,GET,95,1415
0,GET,96,1479
0,GET,97,1619
0,GET,98,1796
0,GET,99,2024
0,GET,100,2292
0,GET,101,2355
0,GET,102,2606
0,GET,103,2729
0,GET,104,2881
0,GET,105,3010
0,GET,106,3097
0,GET,107,3279
0,GET,108,3492
0,GET,109,3500
0,GET,110,3678
0,GET,111,3809
0,GET,112,3867
0,GET,113,4029
0,GET,114,4135
0,GET,115,4265
0,GET,116,4433
0,GET,117,4463
0,GET,118,4682
0,GET,119,4847
0,GET,120,4823
0,GET,121,5094
0,GET,122,5029
0,GET,123,5133
0,GET,124,5213
0,GET,125,5254
0,GET,126,5334
0,GET,127,5197
0,GET,128,5315
0,GET,129,5297
0,GET,130,5301
0,GET,131,5264
0,GET,132,5304
0,GET,133,5302
0,GET,134,5228
0,GET,135,5277
0,GET,136,5381
0,GET,137,5191
0,GET,138,5125
0,GET,139,5318
0,GET,140,5218
0,GET,141,5215
0,GET,142,5169
0,GET,143,5038
0,GET,144,5033
0,GET,145,4885
0,GET,146,4926
0,GET,147,4723
0,GET,148,4771
0,GET,149,4705
0,GET,150,4732
0,GET,151,4484
0,GET,152,4430
0,GET,153,4357
0,GET,154,4259
0,GET,155,4194
0,GET,156,4157
0,GET,157,3980
0,GET,158,3891
0,GET,159,3762
0,GET,160,3776
0,GET,161,3826
0,GET,162,3637
0,GET,163,3578
0,GET,164,3458
0,GET,165,3354
0,GET,166,3268
0,GET,167,3233
0,GET,168,3088
0,GET,169,3035
0,GET,170,2951
0,GET,171,2908
0,GET,172,2710
0,GET,173,2743
0,GET,174,2542
0,GET,175,2560
0,GET,176,2540
0,GET,177,2428
0,GET,178,2385
0,GET,179,2359
0,GET,180,2308
0,GET,181,2193
0,GET,182,2162
0,GET,183,2058
0,GET,184,2005
0,GET,185,2003
0,GET,186,1902
0,GET,187,1832
0,GET,188,1807
0,GET,189,1687
0,GET,190,1720
0,GET,191,1685
0,GET,192,1628
0,GET,193,1510
0,GET,194,1490
0,GET,195,1467
0,GET,196,1458
0,GET,197,1394
0,GET,198,1360
0,GET,199,1291
0,GET,200,1307
0,GET,201,1245
0,GET,202,1217
0,GET,203,1213
0,GET,204,1126
0,GET,205,1125
0,GET,206,1078
0,GET,207,1129
0,GET,208,1096
0,GET,209,1058
0,GET,210,1061
0,GET,211,997
0,GET,212,987
0,GET,213,966
0,GET,214,885
0,GET,215,884
0,GET,216,881
0,GET,217,863
0,GET,218,801
0,GET,219,784
0,GET,220,774
0,GET,221,786
0,GET,222,758
0,GET,223,731
0,GET,224,723
0,GET,225,676
0,GET,226,700
0,GET,227,668
0,GET,228,704
0,GET,229,687
0,GET,230,657
0,GET,231,668
0,GET,232,628
0,GET,233,596
0,GET,234,610
0,GET,235,580
0,GET,236,597
0,GET,237,543
0,GET,238,566
0,GET,239,517
0,GET,240,553
0,GET,241,516
0,GET,242,522
0,GET,243,505
0,GET,244,500
0,GET,245,504
0,GET,246,445
0,GET,247,491
0,GET,248,467
0,GET,249,479
0,GET,250,465
0,GET,251,448
0,GET,252,421
0,GET,253,455
0,GET,254,427
0,GET,255,398
0,GET,257,807
0,GET,259,768
0,GET,261,723
0,GET,263,773
0,GET,265,666
0,GET,267,630
0,GET,269,622
0,GET,271,602
0,GET,273,578
0,GET,275,546
0,GET,277,526
0,GET,279,486
0,GET,281,453
0,GET,283,502
0,GET,285,402
0,GET,287,413
0,GET,289,398
0,GET,291,382
0,GET,293,314
0,GET,295,333
0,GET,297,344
0,GET,299,280
0,GET,301,285
0,GET,303,265
0,GET,305,257
0,GET,307,249
0,GET,309,234
0,GET,311,212
0,GET,313,168
0,GET,315,187
0,GET,317,162
0,GET,319,165
0,GET,321,173
0,GET,323,151
0,GET,325,115
0,GET,327,119
0,GET,329,106
0,GET,331,99
0,GET,333,101
0,GET,335,102
0,GET,337,69
0,GET,339,74
0,GET,341,86
0,GET,343,94
0,GET,345,76
0,GET,347,68
0,GET,349,78
0,GET,351,57
0,GET,353,54
0,GET,355,57
0,GET,357,48
0,GET,359,44
0,GET,361,52
0,GET,363,38
0,GET,365,37
0,GET,367,37
0,GET,369,38
0,GET,371,36
0,GET,373,29
0,GET,375,27
0,GET,377,21
0,GET,379,30
0,GET,381,19
0,GET,383,21
0,GET,385,21
0,GET,387,16
0,GET,389,18
0,GET,391,21
0,GET,393,15
0,GET,395,19
0,GET,397,25
0,GET,399,16
0,GET,401,15
0,GET,403,10
0,GET,405,19
0,GET,407,15
0,GET,409,11
0,GET,411,8
0,GET,413,9
0,GET,415,10
0,GET,417,5
0,GET,419,8
0,GET,421,6
0,GET,423,11
0,GET,425,11
0,GET,427,8
0,GET,429,7
0,GET,431,11
0,GET,433,4
0,GET,435,5
0,GET,437,7
0,GET,439,5
0,GET,441,4
0,GET,443,8
0,GET,445,6
0,GET,447,3
0,GET,449,2
0,GET,451,4
0,GET,453,6
0,GET,455,6
0,GET,457,2
0,GET,459,3
0,GET,461,3
0,GET,463,4
0,GET,465,6
0,GET,467,3
0,GET,469,2
0,GET,471,5
0,GET,473,1
0,GET,475,3
0,GET,477,1
0,GET,479,4
0,GET,481,2
0,GET,483,2
0,GET,485,3
0,GET,487,6
0,GET,491,3
0,GET,493,1
0,GET,495,4
0,GET,497,4
0,GET,499,3
0,GET,501,3
0,GET,503,3
0,GET,505,3
0,GET,507,3
0,GET,509,2
0,GET,511,2
0,GET,515,3
0,GET,519,8
0,GET,523,6
0,GET,527,6
0,GET,531,4
0,GET,535,2
0,GET,539,4
0,GET,543,8
0,GET,547,5
0,GET,551,4
0,GET,555,4
0,GET,559,3
0,GET,563,3
0,GET,567,3
0,GET,571,2
0,GET,575,2
0,GET,579,5
0,GET,583,3
0,GET,587,2
0,GET,591,5
0,GET,595,1
0,GET,599,6
0,GET,603,4
0,GET,607,2
0,GET,611,2
0,GET,615,1
0,GET,619,2
0,GET,623,2
0,GET,627,3
0,GET,631,1
0,GET,635,2
0,GET,639,1
0,GET,643,2
0,GET,647,2
0,GET,651,4
0,GET,655,5
0,GET,659,3
0,GET,663,1
0,GET,667,2
0,GET,671,2
0,GET,675,1
0,GET,679,3
0,GET,683,3
0,GET,687,3
0,GET,691,2
0,GET,695,2
0,GET,699,2
0,GET,703,3
0,GET,707,5
0,GET,711,3
0,GET,715,6
0,GET,719,2
0,GET,727,1
0,GET,735,2
0,GET,743,2
0,GET,751,2
0,GET,755,1
0,GET,759,1
0,GET,763,2
0,GET,767,1
0,GET,771,2
0,GET,775,2
0,GET,779,2
0,GET,783,2
0,GET,787,1
0,GET,791,1
0,GET,799,1
0,GET,807,2
0,GET,823,1
0,GET,827,1
0,GET,831,1
0,GET,835,1
0,GET,843,1
0,GET,847,2
0,GET,851,1
0,GET,867,1
0,GET,879,1
0,GET,883,1
0,GET,887,1
0,GET,923,1
0,GET,927,1
0,GET,935,1
0,GET,959,1
0,GET,991,1
0,GET,1011,1
0,GET,1015,1
0,GET,1031,1
0,GET,1047,1
0,GET,1055,1
0,GET,1071,1
0,GET,1095,1
0,GET,1127,1
0,GET,1143,1
0,GET,1151,1
0,GET,1207,1
0,GET,1215,1
0,GET,1231,1
0,GET,1239,1
0,GET,1247,1
0,GET,1255,2
0,GET,1263,1
0,GET,1287,1
0,GET,1327,1
0,GET,1343,1
0,GET,1351,1
0,GET,1375,1
0,GET,1423,1
0,GET,1431,1
0,GET,1455,1
0,GET,1463,1
0,GET,1479,1
0,GET,1487,2
0,GET,1503,2
0,GET,1519,2
0,GET,1527,1
0,GET,1543,1
0,GET,1551,2
0,GET,1559,1
0,GET,1567,1
0,GET,1583,1
0,GET,1591,2
0,GET,1599,3
0,GET,1623,2
0,GET,1631,1
0,GET,1647,4
0,GET,1655,1
0,GET,1671,2
0,GET,1679,2
0,GET,1687,2
0,GET,1703,2
0,GET,1727,1
0,GET,1735,1
0,GET,1751,1
0,GET,1759,2
0,GET,1775,2
0,GET,1783,1
0,GET,1799,1
0,GET,1807,1
0,GET,1815,3
0,GET,1831,1
0,GET,1839,2
0,GET,1855,2
0,GET,1863,2
0,GET,1879,1
0,GET,1887,1
0,GET,1895,2
0,GET,1903,1
0,GET,1919,3
0,GET,1927,1
0,GET,1951,1
0,GET,1967,1
0,GET,1975,1
0,GET,1983,1
0,GET,2007,1
0,GET,2015,2
0,GET,2031,1
0,GET,2039,2
0,GET,2047,1
0,GET,2063,4
0,GET,2079,4
0,GET,2095,2
0,GET,2111,6
0,GET,2127,1
0,GET,2143,6
0,GET,2159,7
0,GET,2175,4
0,GET,2191,3
0,GET,2207,6
0,GET,2223,1
0,GET,2239,7
0,GET,2255,2
0,GET,2271,6
0,GET,2303,3
0,GET,2319,4
0,GET,2335,2
0,GET,2351,5
0,GET,2367,6
0,GET,2383,6
0,GET,2399,5
0,GET,2415,3
0,GET,2431,4
0,GET,2447,2
0,GET,2463,1
0,GET,2479,2
0,GET,2495,3
0,GET,2559,1
0,GET,2575,3
0,GET,2591,2
0,GET,2607,1
0,GET,2623,1
0,GET,2687,1
0,GET,2735,1
0,GET,2751,1
0,GET,2783,2
0,GET,3071,1
0,GET,3231,1
0,GET,3599,1
0,GET,4575,1
0,GET,4703,1
0,GET,7103,1
0,GET,10559,1
1,GET,70,1
1,GET,71,4
1,GET,72,3
1,GET,73,12
1,GET,74,23
1,GET,75,47
1,GET,76,78
1,GET,77,114
1,GET,78,157
1,GET,79,215
1,GET,80,257
1,GET,81,367
1,GET,82,465
1,GET,83,586
1,GET,84,724
1,GET,85,811
1,GET,86,851
1,GET,87,1033
1,GET,88,1252
1,GET,89,1354
1,GET,90,1430
1,GET,91,1673
1,GET,92,1739
1,GET,93,1974
1,GET,94,2173
1,GET,95,2327
1,GET,96,2470
1,GET,97,2729
1,GET,98,3012
1,GET,99,3244
1,GET,100,3417
1,GET,101,3663
1,GET,102,3790
1,GET,103,3932
1,GET,104,4005
1,GET,105,4245
1,GET,106,4275
1,GET,107,4402
1,GET,108,4497
1,GET,109,4630
1,GET,110,4767
1,GET,111,4940
1,GET,112,4810
1,GET,113,4949
1,GET,114,5007
1,GET,115,5293
1,GET,116,5119
1,GET,117,5183
1,GET,118,5315
1,GET,119,5376
1,GET,120,5308
1,GET,121,5334
1,GET,122,5502
1,GET,123,5413
1,GET,124,5320
1,GET,125,5416
1,GET,126,5298
1,GET,127,5326
1,GET,128,5243
1,GET,129,5280
1,GET,130,5252
1,GET,131,5247
1,GET,132,5098
1,GET,133,5039
1,GET,134,4972
1,GET,135,5042
1,GET,136,4949
1,GET,137,4750
1,GET,138,4940
1,GET,139,4748
1,GET,140,4682
1,GET,141,4574
1,GET,142,4547
1,GET,143,4465
1,GET,144,4468
1,GET,145,4271
1,GET,146,4257
1,GET,147,4229
1,GET,148,4124
1,GET,149,4188
1,GET,150,3903
1,GET,151,3754
1,GET,152,3840
1,GET,153,3726
1,GET,154,3609
1,GET,155,3592
1,GET,156,3285
1,GET,157,3371
1,GET,158,3303
1,GET,159,3229
1,GET,160,3103
1,GET,161,3000
1,GET,162,2903
1,GET,163,2903
1,GET,164,2795
1,GET,165,2782
1,GET,166,2710
1,GET,167,2603
1,GET,168,2508
1,GET,169,2404
1,GET,170,2286
1,GET,171,2326
1,GET,172,2186
1,GET,173,2218
1,GET,174,2074
1,GET,175,2050
1,GET,176,1970
1,GET,177,1960
1,GET,178,1807
1,GET,179,1782
1,GET,180,1793
1,GET,181,1772
1,GET,182,1786
1,GET,183,1582
1,GET,184,1614
1,GET,185,1500
1,GET,186,1492
1,GET,187,1467
1,GET,188,1400
1,GET,189,1413
1,GET,190,1384
1,GET,191,1377
1,GET,192,1342
1,GET,193,1262
1,GET,194,1315
1,GET,195,1214
1,GET,196,1179
1,GET,197,1116
1,GET,198,1126
1,GET,199,1089
1,GET,200,1104
1,GET,201,1056
1,GET,202,1010
1,GET,203,1018
1,GET,204,960
1,GET,205,977
1,GET,206,962
1,GET,207,920
1,GET,208,895
1,GET,209,900
1,GET,210,894
1,GET,211,874
1,GET,212,807
1,GET,213,805
1,GET,214,827
1,GET,215,765
1,GET,216,773
1,GET,217,764
1,GET,218,711
1,GET,219,733
1,GET,220,733
1,GET,221,735
1,GET,222,661
1,GET,223,722
1,GET,224,674
1,GET,225,649
1,GET,226,659
1,GET,227,619
1,GET,228,623
1,GET,229,682
1,GET,230,601
1,GET,231,597
1,GET,232,601
1,GET,233,548
1,GET,234,558
1,GET,235,511
1,GET,236,560
1,GET,237,544
1,GET,238,520
1,GET,239,548
1,GET,240,535
1,GET,241,512
1,GET,242,498
1,GET,243,511
1,GET,244,539
1,GET,245,481
1,GET,246,470
1,GET,247,450
1,GET,248,455
1,GET,249,433
1,GET,250,382
1,GET,251,451
1,GET,252,384
1,GET,253,415
1,GET,254,394
1,GET,255,350
1,GET,257,825
1,GET,259,769
1,GET,261,739
1,GET,263,659
1,GET,265,709
1,GET,267,622
1,GET,269,627
1,GET,271,576
1,GET,273,586
1,GET,275,521
1,GET,277,516
1,GET,279,521
1,GET,281,504
1,GET,283,509
1,GET,285,399
1,GET,287,406
1,GET,289,381
1,GET,291,387
1,GET,293,387
1,GET,295,374
1,GET,297,348
1,GET,299,320
1,GET,301,294
1,GET,303,264
1,GET,305,256
1,GET,307,262
1,GET,309,219
1,GET,311,242
1,GET,313,205
1,GET,315,191
1,GET,317,187
1,GET,319,202
1,GET,321,173
1,GET,323,139
1,GET,325,139
1,GET,327,154
1,GET,329,133
1,GET,331,118
1,GET,333,108
1,GET,335,113
1,GET,337,104
1,GET,339,110
1,GET,341,90
1,GET,343,88
1,GET,345,79
1,GET,347,62
1,GET,349,67
1,GET,351,63
1,GET,353,73
1,GET,355,62
1,GET,357,59
1,GET,359,53
1,GET,361,46
1,GET,363,44
1,GET,365,34
1,GET,367,54
1,GET,369,41
1,GET,371,39
1,GET,373,35
1,GET,375,38
1,GET,377,28
1,GET,379,43
1,GET,381,25
1,GET,383,20
1,GET,385,25
1,GET,387,19
1,GET,389,29
1,GET,391,17
1,GET,393,16
1,GET,395,14
1,GET,397,20
1,GET,399,22
1,GET,401,13
1,GET,403,8
1,GET,405,13
1,GET,407,15
1,GET,409,11
1,GET,411,5
1,GET,413,15
1,GET,415,14
1,GET,417,14
1,GET,419,13
1,GET,421,10
1,GET,423,11
1,GET,425,11
1,GET,427,4
1,GET,429,5
1,GET,431,4
1,GET,433,7
1,GET,435,6
1,GET,437,6
1,GET,439,4
1,GET,441,3
1,GET,443,7
1,GET,445,5
1,GET,447,4
1,GET,449,8
1,GET,451,4
1,GET,453,4
1,GET,455,7
1,GET,457,5
1,GET,459,4
1,GET,461,4
1,GET,463,2
1,GET,465,1
1,GET,467,6
1,GET,469,2
1,GET,471,4
1,GET,473,5
1,GET,477,5
1,GET,479,4
1,GET,481,7
1,GET,483,3
1,GET,485,1
1,GET,487,9
1,GET,489,1
1,GET,491,2
1,GET,493,7
1,GET,495,2
1,GET,497,2
1,GET,499,3
1,GET,501,2
1,GET,503,3
1,GET,505,4
1,GET,507,2
1,GET,509,2
1,GET,511,2
1,GET,515,7
1,GET,519,3
1,GET,523,4
1,GET,527,5
1,GET,531,5
1,GET,539,2
1,GET,543,5
1,GET,547,7
1,GET,551,4
1,GET,555,8
1,GET,559,4
1,GET,563,2
1,GET,567,8
1,GET,571,3
1,GET,575,3
1,GET,579,3
1,GET,583,1
1,GET,587,6
1,GET,591,4
1,GET,595,3
1,GET,599,4
1,GET,603,5
1,GET,607,2
1,GET,611,6
1,GET,615,3
1,GET,619,3
1,GET,623,2
1,GET,627,2
1,GET,631,3
1,GET,635,2
1,GET,639,2
1,GET,643,5
1,GET,647,3
1,GET,651,1
1,GET,655,3
1,GET,659,2
1,GET,663,4
1,GET,667,3
1,GET,671,4
1,GET,675,2
1,GET,679,1
1,GET,683,5
1,GET,687,2
1,GET,691,4
1,GET,695,2
1,GET,699,2
1,GET,703,2
1,GET,711,4
1,GET,715,2
1,GET,719,2
1,GET,723,3
1,GET,727,3
1,GET,731,4
1,GET,739,1
1,GET,755,1
1,GET,759,1
1,GET,763,1
1,GET,767,2
1,GET,771,1
1,GET,775,1
1,GET,779,1
1,GET,783,3
1,GET,787,2
1,GET,791,2
1,GET,795,1
1,GET,799,1
1,GET,803,2
1,GET,831,1
1,GET,843,1
1,GET,855,1
1,GET,859,1
1,GET,871,1
1,GET,895,1
1,GET,963,1
1,GET,971,1
1,GET,983,1
1,GET,995,1
1,GET,999,1
1,GET,1011,1
1,GET,1055,1
1,GET,1095,1
1,GET,1103,1
1,GET,1127,2
1,GET,1223,1
1,GET,1239,1
1,GET,1247,1
1,GET,1263,3
1,GET,1271,1
1,GET,1279,2
1,GET,1287,2
1,GET,1295,1
1,GET,1327,1
1,GET,1343,1
1,GET,1359,1
1,GET,1367,2
1,GET,1375,1
1,GET,1383,1
1,GET,1407,1
1,GET,1415,1
1,GET,1431,1
1,GET,1439,1
1,GET,1447,1
1,GET,1463,1
1,GET,1471,1
1,GET,1479,1
1,GET,1487,1
1,GET,1511,1
1,GET,1519,2
1,GET,1559,3
1,GET,1567,2
1,GET,1575,2
1,GET,1591,1
1,GET,1615,2
1,GET,1623,1
1,GET,1631,1
1,GET,1655,3
1,GET,1687,1
1,GET,1719,2
1,GET,1751,1
1,GET,1759,3
1,GET,1783,3
1,GET,1791,2
1,GET,1815,1
1,GET,1823,3
1,GET,1839,3
1,GET,1847,1
1,GET,1855,4
1,GET,1863,2
1,GET,1879,2
1,GET,1887,1
1,GET,1895,1
1,GET,1903,3
1,GET,1911,2
1,GET,1919,2
1,GET,1927,2
1,GET,1935,1
1,GET,1959,1
1,GET,1967,3
1,GET,1975,2
1,GET,1983,1
1,GET,1999,1
1,GET,2007,2
1,GET,2015,1
1,GET,2023,2
1,GET,2031,1
1,GET,2039,1
1,GET,2047,3
1,GET,2063,3
1,GET,2079,4
1,GET,2095,4
1,GET,2111,4
1,GET,2127,5
1,GET,2143,1
1,GET,2159,4
1,GET,2175,4
1,GET,2191,6
1,GET,2207,3
1,GET,2223,2
1,GET,2239,3
1,GET,2255,3
1,GET,2271,2
1,GET,2287,3
1,GET,2303,1
1,GET,2319,4
1,GET,2335,3
1,GET,2351,11
1,GET,2367,9
1,GET,2383,5
1,GET,2399,2
1,GET,2415,1
1,GET,2431,3
1,GET,2463,2
1,GET,2479,1
1,GET,2495,1
1,GET,2527,1
1,GET,2543,1
1,GET,2575,1
1,GET,2591,1
1,GET,2655,1
1,GET,2703,1
1,GET,2735,2
1,GET,2879,1
1,GET,3231,2
1,GET,3439,1
1,GET,3615,1
1,GET,4031,1
1,GET,5055,1
1,GET,6879,1
1,GET,7871,1
1,DEL,71,1
1,DEL,72,1
1,DEL,73,2
1,DEL,74,9
1,DEL,75,16
1,DEL,76,22
1,DEL,77,25
1,DEL,78,49
1,DEL,79,57
1,DEL,80,112
1,DEL,81,117
1,DEL,82,147
1,DEL,83,174
1,DEL,84,229
1,DEL,85,254
1,DEL,86,326
1,DEL,87,317
1,DEL,88,408
1,DEL,89,428
1,DEL,90,473
1,DEL,91,587
1,DEL,92,583
1,DEL,93,618
1,DEL,94,728
1,DEL,95,805
1,DEL,96,882
1,DEL,97,916
1,DEL,98,974
1,DEL,99,1103
1,DEL,100,1201
1,DEL,101,1205
1,DEL,102,1262
1,DEL,103,1300
1,DEL,104,1454
1,DEL,105,1511
1,DEL,106,1536
1,DEL,107,1593
1,DEL,108,1602
1,DEL,109,1639
1,DEL,110,1622
1,DEL,111,1685
1,DEL,112,1750
1,DEL,113,1780
1,DEL,114,1775
1,DEL,115,1795
1,DEL,116,1846
1,DEL,117,1890
1,DEL,118,1878
1,DEL,119,1914
1,DEL,120,1889
1,DEL,121,2007
1,DEL,122,1978
1,DEL,123,1853
1,DEL,124,1930
1,DEL,125,1866
1,DEL,126,1924
1,DEL,127,1897
1,DEL,128,1839
1,DEL,129,1935
1,DEL,130,1877
1,DEL,131,1896
1,DEL,132,1820
1,DEL,133,1876
1,DEL,134,1789
1,DEL,135,1870
1,DEL,136,1783
1,DEL,137,1741
1,DEL,138,1735
1,DEL,139,1681
1,DEL,140,1725
1,DEL,141,1742
1,DEL,142,1698
1,DEL,143,1633
1,DEL,144,1664
1,DEL,145,1563
1,DEL,146,1543
1,DEL,147,1548
1,DEL,148,1490
1,DEL,149,1481
1,DEL,150,1423
1,DEL,151,1359
1,DEL,152,1360
1,DEL,153,1306
1,DEL,154,1315
1,DEL,155,1251
1,DEL,156,1230
1,DEL,157,1223
1,DEL,158,1157
1,DEL,159,1221
1,DEL,160,1125
1,DEL,161,1133
1,DEL,162,1115
1,DEL,163,1009
1,DEL,164,1033
1,DEL,165,986
1,DEL,166,965
1,DEL,167,898
1,DEL,168,934
1,DEL,169,937
1,DEL,170,864
1,DEL,171,893
1,DEL,172,829
1,DEL,173,814
1,DEL,174,798
1,DEL,175,716
1,DEL,176,753
1,DEL,177,742
1,DEL,178,706
1,DEL,179,699
1,DEL,180,626
1,DEL,181,649
1,DEL,182,581
1,DEL,183,567
1,DEL,184,575
1,DEL,185,571
1,DEL,186,569
1,DEL,187,507
1,DEL,188,526
1,DEL,189,519
1,DEL,190,475
1,DEL,191,450
1,DEL,192,501
1,DEL,193,482
1,DEL,194,453
1,DEL,195,438
1,DEL,196,462
1,DEL,197,436
1,DEL,198,435
1,DEL,199,443
1,DEL,200,372
1,DEL,201,368
1,DEL,202,380
1,DEL,203,361
1,DEL,204,385
1,DEL,205,366
1,DEL,206,339
1,DEL,207,361
1,DEL,208,319
1,DEL,209,335
1,DEL,210,329
1,DEL,211,321
1,DEL,212,291
1,DEL,213,297
1,DEL,214,258
1,DEL,215,273
1,DEL,216,284
1,DEL,217,271
1,DEL,218,269
1,DEL,219,236
1,DEL,220,284
1,DEL,221,254
1,DEL,222,237
1,DEL,223,263
1,DEL,224,244
1,DEL,225,226
1,DEL,226,209
1,DEL,227,240
1,DEL,228,221
1,DEL,229,198
1,DEL,230,207
1,DEL,231,215
1,DEL,232,206
1,DEL,233,213
1,DEL,234,202
1,DEL,235,237
1,DEL,236,196
1,DEL,237,204
1,DEL,238,191
1,DEL,239,175
1,DEL,240,181
1,DEL,241,179
1,DEL,242,169
1,DEL,243,171
1,DEL,244,180
1,DEL,245,164
1,DEL,246,168
1,DEL,247,155
1,DEL,248,172
1,DEL,249,156
1,DEL,250,160
1,DEL,251,187
1,DEL,252,148
1,DEL,253,149
1,DEL,254,167
1,DEL,255,161
1,DEL,257,260
1,DEL,259,277
1,DEL,261,256
1,DEL,263,242
1,DEL,265,249
1,DEL,267,238
1,DEL,269,195
1,DEL,271,243
1,DEL,273,213
1,DEL,275,195
1,DEL,277,189
1,DEL,279,177
1,DEL,281,184
1,DEL,283,183
1,DEL,285,151
1,DEL,287,144
1,DEL,289,162
1,DEL,291,147
1,DEL,293,127
1,DEL,295,149
1,DEL,297,119
1,DEL,299,116
1,DEL,301,123
1,DEL,303,122
1,DEL,305,102
1,DEL,307,92
1,DEL,309,109
1,DEL,311,82
1,DEL,313,86
1,DEL,315,75
1,DEL,317,56
1,DEL,319,62
1,DEL,321,66
1,DEL,323,70
1,DEL,325,63
1,DEL,327,49
1,DEL,329,53
1,DEL,331,48
1,DEL,333,54
1,DEL,335,34
1,DEL,337,31
1,DEL,339,39
1,DEL,341,26
1,DEL,343,25
1,DEL,345,33
1,DEL,347,28
1,DEL,349,26
1,DEL,351,26
1,DEL,353,27
1,DEL,355,31
1,DEL,357,18
1,DEL,359,18
1,DEL,361,20
1,DEL,363,17
1,DEL,365,19
1,DEL,367,14
1,DEL,369,14
1,DEL,371,13
1,DEL,373,9
1,DEL,375,9
1,DEL,377,6
1,DEL,379,3
1,DEL,381,11
1,DEL,383,10
1,DEL,385,8
1,DEL,387,9
1,DEL,389,9
1,DEL,391,5
1,DEL,393,6
1,DEL,395,3
1,DEL,397,5
1,DEL,399,9
1,DEL,401,7
1,DEL,403,3
1,DEL,405,7
1,DEL,407,2
1,DEL,409,10
1,DEL,411,6
1,DEL,413,3
1,DEL,415,5
1,DEL,417,6
1,DEL,419,7
1,DEL,421,4
1,DEL,423,3
1,DEL,427,1
1,DEL,429,3
1,DEL,431,7
1,DEL,433,2
1,DEL,435,3
1,DEL,437,6
1,DEL,439,2
1,DEL,441,3
1,DEL,443,1
1,DEL,445,2
1,DEL,447,2
1,DEL,449,2
1,DEL,451,2
1,DEL,453,4
1,DEL,455,1
1,DEL,457,2
1,DEL,461,1
1,DEL,463,1
1,DEL,467,2
1,DEL,469,3
1,DEL,471,2
1,DEL,475,3
1,DEL,477,1
1,DEL,479,3
1,DEL,481,4
1,DEL,483,2
1,DEL,485,1
1,DEL,489,2
1,DEL,491,2
1,DEL,495,1
1,DEL,499,1
1,DEL,507,2
1,DEL,509,1
1,DEL,511,1
1,DEL,515,1
1,DEL,519,1
1,DEL,523,2
1,DEL,527,1
1,DEL,531,2
1,DEL,535,1
1,DEL,539,1
1,DEL,543,1
1,DEL,547,2
1,DEL,551,1
1,DEL,555,3
1,DEL,563,1
1,DEL,575,1
1,DEL,583,1
1,DEL,587,1
1,DEL,595,1
1,DEL,599,2
1,DEL,603,1
1,DEL,607,1
1,DEL,615,1
1,DEL,623,3
1,DEL,627,1
1,DEL,631,1
1,DEL,635,1
1,DEL,639,2
1,DEL,647,1
1,DEL,651,1
1,DEL,671,1
1,DEL,675,2
1,DEL,679,2
1,DEL,683,3
1,DEL,687,3
1,DEL,691,1
1,DEL,695,2
1,DEL,703,1
1,DEL,711,1
1,DEL,719,1
1,DEL,727,1
1,DEL,739,1
1,DEL,763,1
1,DEL,767,2
1,DEL,779,1
1,DEL,799,1
1,DEL,803,1
1,DEL,839,1
1,DEL,851,1
1,DEL,859,1
1,DEL,863,1
1,DEL,879,1
1,DEL,895,1
1,DEL,927,1
1,DEL,931,1
1,DEL,1063,1
1,DEL,1391,1
1,DEL,1399,2
1,DEL,1423,2
1,DEL,1447,1
1,DEL,1455,1
1,DEL,1495,1
1,DEL,1511,1
1,DEL,1527,1
1,DEL,1535,1
1,DEL,1543,1
1,DEL,1551,2
1,DEL,1615,1
1,DEL,1751,1
1,DEL,1767,1
1,DEL,1775,1
1,DEL,1791,1
1,DEL,1815,1
1,DEL,1903,2
1,DEL,1935,1
1,DEL,1951,2
1,DEL,1975,1
1,DEL,1999,1
1,DEL,2023,1
1,DEL,2031,1
1,DEL,2039,1
1,DEL,2063,2
1,DEL,2079,1
1,DEL,2111,3
1,DEL,2127,1
1,DEL,2191,3
1,DEL,2207,1
1,DEL,2223,2
1,DEL,2239,1
1,DEL,2271,2
1,DEL,2287,2
1,DEL,2303,5
1,DEL,2319,1
1,DEL,2335,1
1,DEL,2367,1
1,DEL,2383,2
1,DEL,2399,3
1,DEL,2431,1
1,DEL,2463,3
1,DEL,2479,1
1,DEL,2543,1
1,DEL,2575,1
1,DEL,2735,1
1,DEL,3247,1
1,SET,75,1
1,SET,76,5
1,SET,77,2
1,SET,78,2
1,SET,79,2
1,SET,80,6
1,SET,81,7
1,SET,82,5
1,SET,83,16
1,SET,84,23
1,SET,85,27
1,SET,86,14
1,SET,87,53
1,SET,88,48
1,SET,89,44
1,SET,90,78
1,SET,91,69
1,SET,92,92
1,SET,93,100
1,SET,94,92
1,SET,95,129
1,SET,96,106
1,SET,97,137
1,SET,98,132
1,SET,99,175
1,SET,100,182
1,SET,101,197
1,SET,102,205
1,SET,103,216
1,SET,104,228
1,SET,105,251
1,SET,106,272
1,SET,107,271
1,SET,108,241
1,SET,109,298
1,SET,110,303
1,SET,111,310
1,SET,112,311
1,SET,113,359
1,SET,114,346
1,SET,115,316
1,SET,116,357
1,SET,117,373
1,SET,118,408
1,SET,119,344
1,SET,120,353
1,SET,121,345
1,SET,122,387
1,SET,123,346
1,SET,124,381
1,SET,125,364
1,SET,126,406
1,SET,127,391
1,SET,128,386
1,SET,129,353
1,SET,130,363
1,SET,131,387
1,SET,132,366
1,SET,133,375
1,SET,134,379
1,SET,135,359
1,SET,136,361
1,SET,137,339
1,SET,138,343
1,SET,139,355
1,SET,140,338
1,SET,141,349
1,SET,142,307
1,SET,143,333
1,SET,144,349
1,SET,145,358
1,SET,146,328
1,SET,147,312
1,SET,148,305
1,SET,149,345
1,SET,150,301
1,SET,151,286
1,SET,152,274
1,SET,153,280
1,SET,154,268
1,SET,155,287
1,SET,156,246
1,SET,157,305
1,SET,158,227
1,SET,159,253
1,SET,160,269
1,SET,161,241
1,SET,162,216
1,SET,163,250
1,SET,164,225
1,SET,165,246
1,SET,166,202
1,SET,167,200
1,SET,168,228
1,SET,169,219
1,SET,170,213
1,SET,171,178
1,SET,172,182
1,SET,173,201
1,SET,174,166
1,SET,175,149
1,SET,176,169
1,SET,177,175
1,SET,178,133
1,SET,179,136
1,SET,180,124
1,SET,181,154
1,SET,182,141
1,SET,183,125
1,SET,184,140
1,SET,185,108
1,SET,186,132
1,SET,187,116
1,SET,188,128
1,SET,189,104
1,SET,190,124
1,SET,191,114
1,SET,192,109
1,SET,193,102
1,SET,194,99
1,SET,195,100
1,SET,196,104
1,SET,197,103
1,SET,198,111
1,SET,199,78
1,SET,200,100
1,SET,201,91
1,SET,202,92
1,SET,203,84
1,SET,204,72
1,SET,205,83
1,SET,206,82
1,SET,207,83
1,SET,208,71
1,SET,209,77
1,SET,210,73
1,SET,211,66
1,SET,212,76
1,SET,213,69
1,SET,214,65
1,SET,215,64
1,SET,216,65
1,SET,217,67
1,SET,218,51
1,SET,219,59
1,SET,220,76
1,SET,221,54
1,SET,222,62
1,SET,223,45
1,SET,224,49
1,SET,225,45
1,SET,226,45
1,SET,227,60
1,SET,228,56
1,SET,229,58
1,SET,230,42
1,SET,231,42
1,SET,232,43
1,SET,233,52
1,SET,234,49
1,SET,235,49
1,SET,236,49
1,SET,237,40
1,SET,238,37
1,SET,239,38
1,SET,240,38
1,SET,241,42
1,SET,242,51
1,SET,243,36
1,SET,244,28
1,SET,245,35
1,SET,246,41
1,SET,247,28
1,SET,248,35
1,SET,249,33
1,SET,250,26
1,SET,251,42
1,SET,252,34
1,SET,253,31
1,SET,254,28
1,SET,255,35
1,SET,257,55
1,SET,259,59
1,SET,261,47
1,SET,263,67
1,SET,265,46
1,SET,267,48
1,SET,269,44
1,SET,271,38
1,SET,273,37
1,SET,275,51
1,SET,277,41
1,SET,279,36
1,SET,281,35
1,SET,283,41
1,SET,285,41
1,SET,287,34
1,SET,289,33
1,SET,291,29
1,SET,293,23
1,SET,295,27
1,SET,297,23
1,SET,299,22
1,SET,301,27
1,SET,303,27
1,SET,305,14
1,SET,307,14
1,SET,309,30
1,SET,311,8
1,SET,313,14
1,SET,315,21
1,SET,317,21
1,SET,319,11
1,SET,321,7
1,SET,323,10
1,SET,325,12
1,SET,327,16
1,SET,329,13
1,SET,331,13
1,SET,333,9
1,SET,335,9
1,SET,337,11
1,SET,339,7
1,SET,341,4
1,SET,343,7
1,SET,345,6
1,SET,347,5
1,SET,349,6
1,SET,351,6
1,SET,353,1
1,SET,355,8
1,SET,357,5
1,SET,359,7
1,SET,361,5
1,SET,363,3
1,SET,365,3
1,SET,367,6
1,SET,369,6
1,SET,371,2
1,SET,373,5
1,SET,375,4
1,SET,377,3
1,SET,379,1
1,SET,381,4
1,SET,383,3
1,SET,385,3
1,SET,387,4
1,SET,389,2
1,SET,391,1
1,SET,393,1
1,SET,395,2
1,SET,397,2
1,SET,399,1
1,SET,401,2
1,SET,407,2
1,SET,409,1
1,SET,411,1
1,SET,417,3
1,SET,419,1
1,SET,421,1
1,SET,427,2
1,SET,429,1
1,SET,439,1
1,SET,443,1
1,SET,449,1
1,SET,451,1
1,SET,455,1
1,SET,461,1
1,SET,463,1
1,SET,467,2
1,SET,471,2
1,SET,479,1
1,SET,493,1
1,SET,495,1
1,SET,499,1
1,SET,501,1
1,SET,507,1
1,SET,523,1
1,SET,539,1
1,SET,543,1
1,SET,551,1
1,SET,631,1
1,SET,635,1
1,SET,655,1
1,SET,675,1
1,SET,711,1
1,SET,843,1
1,SET,1223,1
1,SET,1511,1
1,SET,1607,1
1,SET,1959,1
1,SET,2039,1
1,SET,2047,2
1,SET,2223,1
1,SET,2239,1
1,SET,2255,2
1,SET,2303,1
1,SET,2335,1
1,SET,2367,1
1,SET,2847,1
2,SET,78,1
2,SET,79,3
2,SET,81,4
2,SET,82,5
2,SET,83,8
2,SET,84,13
2,SET,85,17
2,SET,86,15
2,SET,87,19
2,SET,88,16
2,SET,89,35
2,SET,90,37
2,SET,91,53
2,SET,92,57
2,SET,93,59
2,SET,94,53
2,SET,95,67
2,SET,96,88
2,SET,97,104
2,SET,98,118
2,SET,99,122
2,SET,100,152
2,SET,101,132
2,SET,102,184
2,SET,103,163
2,SET,104,185
2,SET,105,163
2,SET,106,220
2,SET,107,216
2,SET,108,233
2,SET,109,245
2,SET,110,255
2,SET,111,251
2,SET,112,260
2,SET,113,283
2,SET,114,264
2,SET,115,318
2,SET,116,301
2,SET,117,303
2,SET,118,348
2,SET,119,344
2,SET,120,357
2,SET,121,353
2,SET,122,346
2,SET,123,352
2,SET,124,379
2,SET,125,368
2,SET,126,354
2,SET,127,376
2,SET,128,353
2,SET,129,365
2,SET,130,362
2,SET,131,358
2,SET,132,382
2,SET,133,414
2,SET,134,350
2,SET,135,371
2,SET,136,364
2,SET,137,387
2,SET,138,348
2,SET,139,377
2,SET,140,378
2,SET,141,354
2,SET,142,396
2,SET,143,348
2,SET,144,356
2,SET,145,364
2,SET,146,330
2,SET,147,372
2,SET,148,346
2,SET,149,370
2,SET,150,328
2,SET,151,345
2,SET,152,345
2,SET,153,336
2,SET,154,325
2,SET,155,266
2,SET,156,300
2,SET,157,297
2,SET,158,275
2,SET,159,283
2,SET,160,302
2,SET,161,271
2,SET,162,276
2,SET,163,249
2,SET,164,262
2,SET,165,285
2,SET,166,237
2,SET,167,229
2,SET,168,211
2,SET,169,210
2,SET,170,203
2,SET,171,230
2,SET,172,213
2,SET,173,207
2,SET,174,197
2,SET,175,203
2,SET,176,157
2,SET,177,194
2,SET,178,193
2,SET,179,162
2,SET,180,162
2,SET,181,173
2,SET,182,149
2,SET,183,148
2,SET,184,141
2,SET,185,118
2,SET,186,132
2,SET,187,132
2,SET,188,102
2,SET,189,121
2,SET,190,130
2,SET,191,119
2,SET,192,75
2,SET,193,125
2,SET,194,120
2,SET,195,116
2,SET,196,117
2,SET,197,100
2,SET,198,95
2,SET,199,95
2,SET,200,73
2,SET,201,95
2,SET,202,81
2,SET,203,81
2,SET,204,84
2,SET,205,87
2,SET,206,68
2,SET,207,77
2,SET,208,58
2,SET,209,70
2,SET,210,67
2,SET,211,69
2,SET,212,64
2,SET,213,65
2,SET,214,56
2,SET,215,63
2,SET,216,57
2,SET,217,73
2,SET,218,60
2,SET,219,62
2,SET,220,44
2,SET,221,72
2,SET,222,60
2,SET,223,41
2,SET,224,53
2,SET,225,51
2,SET,226,49
2,SET,227,47
2,SET,228,46
2,SET,229,52
2,SET,230,43
2,SET,231,50
2,SET,232,42
2,SET,233,48
2,SET,234,38
2,SET,235,53
2,SET,236,36
2,SET,237,45
2,SET,238,45
2,SET,239,37
2,SET,240,38
2,SET,241,38
2,SET,242,41
2,SET,243,48
2,SET,244,43
2,SET,245,46
2,SET,246,31
2,SET,247,29
2,SET,248,35
2,SET,249,43
2,SET,250,42
2,SET,251,39
2,SET,252,23
2,SET,253,31
2,SET,254,29
2,SET,255,37
2,SET,257,82
2,SET,259,54
2,SET,261,44
2,SET,263,52
2,SET,265,47
2,SET,267,53
2,SET,269,40
2,SET,271,45
2,SET,273,47
2,SET,275,61
2,SET,277,47
2,SET,279,26
2,SET,281,37
2,SET,283,31
2,SET,285,29
2,SET,287,30
2,SET,289,35
2,SET,291,28
2,SET,293,20
2,SET,295,19
2,SET,297,18
2,SET,299,21
2,SET,301,19
2,SET,303,15
2,SET,305,24
2,SET,307,18
2,SET,309,16
2,SET,311,16
2,SET,313,21
2,SET,315,23
2,SET,317,13
2,SET,319,11
2,SET,321,12
2,SET,323,17
2,SET,325,8
2,SET,327,6
2,SET,329,6
2,SET,331,11
2,SET,333,14
2,SET,335,4
2,SET,337,7
2,SET,339,8
2,SET,341,10
2,SET,343,5
2,SET,345,7
2,SET,347,1
2,SET,349,7
2,SET,351,6
2,SET,353,4
2,SET,355,3
2,SET,357,1
2,SET,361,3
2,SET,363,4
2,SET,365,1
2,SET,367,4
2,SET,369,5
2,SET,371,3
2,SET,373,1
2,SET,375,5
2,SET,381,1
2,SET,383,1
2,SET,385,1
2,SET,387,2
2,SET,389,1
2,SET,395,1
2,SET,399,1
2,SET,405,1
2,SET,407,1
2,SET,409,1
2,SET,411,2
2,SET,413,2
2,SET,415,1
2,SET,419,1
2,SET,425,1
2,SET,435,1
2,SET,437,1
2,SET,441,1
2,SET,443,2
2,SET,445,1
2,SET,449,1
2,SET,451,1
2,SET,453,1
2,SET,465,1
2,SET,471,1
2,SET,475,2
2,SET,477,1
2,SET,481,1
2,SET,489,1
2,SET,507,1
2,SET,509,1
2,SET,523,1
2,SET,551,1
2,SET,559,2
2,SET,563,1
2,SET,575,1
2,SET,599,1
2,SET,607,2
2,SET,611,1
2,SET,623,1
2,SET,631,1
2,SET,659,1
2,SET,683,1
2,SET,787,1
2,SET,811,1
2,SET,1111,1
2,SET,1415,1
2,SET,1495,1
2,SET,1591,1
2,SET,1663,1
2,SET,1711,1
2,SET,1815,1
2,SET,1831,1
2,SET,2023,1
2,SET,2111,2
2,SET,2271,1
2,SET,2303,1
2,SET,2383,1
2,SET,2447,1
2,SET,2495,1
2,SET,2543,1
2,SET,2559,1
2,SET,3071,1
2,DEL,75,3
2,DEL,76,9
2,DEL,77,9
2,DEL,78,12
2,DEL,79,16
2,DEL,80,34
2,DEL,81,58
2,DEL,82,84
2,DEL,83,93
2,DEL,84,110
2,DEL,85,154
2,DEL,86,181
2,DEL,87,198
2,DEL,88,227
2,DEL,89,266
2,DEL,90,273
2,DEL,91,366
2,DEL,92,378
2,DEL,93,460
2,DEL,94,529
2,DEL,95,588
2,DEL,96,630
2,DEL,97,685
2,DEL,98,764
2,DEL,99,824
2,DEL,100,915
2,DEL,101,1033
2,DEL,102,1053
2,DEL,103,1128
2,DEL,104,1171
2,DEL,105,1277
2,DEL,106,1271
2,DEL,107,1262
2,DEL,108,1387
2,DEL,109,1372
2,DEL,110,1462
2,DEL,111,1478
2,DEL,112,1504
2,DEL,113,1625
2,DEL,114,1641
2,DEL,115,1709
2,DEL,116,1718
2,DEL,117,1728
2,DEL,118,1808
2,DEL,119,1836
2,DEL,120,1890
2,DEL,121,1812
2,DEL,122,1923
2,DEL,123,1970
2,DEL,124,1941
2,DEL,125,1896
2,DEL,126,1955
2,DEL,127,1898
2,DEL,128,1904
2,DEL,129,1917
2,DEL,130,1883
2,DEL,131,2013
2,DEL,132,1900
2,DEL,133,1933
2,DEL,134,1897
2,DEL,135,1914
2,DEL,136,1873
2,DEL,137,1883
2,DEL,138,1880
2,DEL,139,1957
2,DEL,140,1922
2,DEL,141,1821
2,DEL,142,1812
2,DEL,143,1787
2,DEL,144,1786
2,DEL,145,1710
2,DEL,146,1716
2,DEL,147,1590
2,DEL,148,1623
2,DEL,149,1625
2,DEL,150,1600
2,DEL,151,1498
2,DEL,152,1492
2,DEL,153,1482
2,DEL,154,1484
2,DEL,155,1428
2,DEL,156,1391
2,DEL,157,1276
2,DEL,158,1398
2,DEL,159,1321
2,DEL,160,1326
2,DEL,161,1204
2,DEL,162,1303
2,DEL,163,1157
2,DEL,164,1135
2,DEL,165,1085
2,DEL,166,1062
2,DEL,167,1063
2,DEL,168,1008
2,DEL,169,997
2,DEL,170,948
2,DEL,171,1005
2,DEL,172,889
2,DEL,173,913
2,DEL,174,872
2,DEL,175,830
2,DEL,176,800
2,DEL,177,790
2,DEL,178,759
2,DEL,179,746
2,DEL,180,704
2,DEL,181,741
2,DEL,182,690
2,DEL,183,660
2,DEL,184,667
2,DEL,185,699
2,DEL,186,632
2,DEL,187,599
2,DEL,188,579
2,DEL,189,580
2,DEL,190,531
2,DEL,191,505
2,DEL,192,543
2,DEL,193,551
2,DEL,194,519
2,DEL,195,482
2,DEL,196,475
2,DEL,197,476
2,DEL,198,433
2,DEL,199,415
2,DEL,200,421
2,DEL,201,406
2,DEL,202,412
2,DEL,203,406
2,DEL,204,353
2,DEL,205,389
2,DEL,206,385
2,DEL,207,393
2,DEL,208,355
2,DEL,209,332
2,DEL,210,353
2,DEL,211,326
2,DEL,212,320
2,DEL,213,305
2,DEL,214,298
2,DEL,215,287
2,DEL,216,264
2,DEL,217,270
2,DEL,218,284
2,DEL,219,275
2,DEL,220,225
2,DEL,221,253
2,DEL,222,252
2,DEL,223,265
2,DEL,224,234
2,DEL,225,255
2,DEL,226,237
2,DEL,227,247
2,DEL,228,218
2,DEL,229,210
2,DEL,230,216
2,DEL,231,210
2,DEL,232,236
2,DEL,233,209
2,DEL,234,203
2,DEL,235,175
2,DEL,236,179
2,DEL,237,199
2,DEL,238,193
2,DEL,239,188
2,DEL,240,178
2,DEL,241,176
2,DEL,242,166
2,DEL,243,179
2,DEL,244,168
2,DEL,245,162
2,DEL,246,127
2,DEL,247,156
2,DEL,248,164
2,DEL,249,150
2,DEL,250,155
2,DEL,251,166
2,DEL,252,148
2,DEL,253,123
2,DEL,254,153
2,DEL,255,138
2,DEL,257,247
2,DEL,259,286
2,DEL,261,272
2,DEL,263,248
2,DEL,265,206
2,DEL,267,212
2,DEL,269,220
2,DEL,271,192
2,DEL,273,208
2,DEL,275,189
2,DEL,277,175
2,DEL,279,173
2,DEL,281,170
2,DEL,283,134
2,DEL,285,149
2,DEL,287,123
2,DEL,289,119
2,DEL,291,116
2,DEL,293,106
2,DEL,295,98
2,DEL,297,98
2,DEL,299,110
2,DEL,301,109
2,DEL,303,97
2,DEL,305,78
2,DEL,307,69
2,DEL,309,69
2,DEL,311,68
2,DEL,313,70
2,DEL,315,65
2,DEL,317,58
2,DEL,319,65
2,DEL,321,56
2,DEL,323,44
2,DEL,325,50
2,DEL,327,47
2,DEL,329,36
2,DEL,331,41
2,DEL,333,27
2,DEL,335,40
2,DEL,337,30
2,DEL,339,29
2,DEL,341,31
2,DEL,343,29
2,DEL,345,22
2,DEL,347,27
2,DEL,349,12
2,DEL,351,24
2,DEL,353,26
2,DEL,355,19
2,DEL,357,15
2,DEL,359,18
2,DEL,361,17
2,DEL,363,15
2,DEL,365,16
2,DEL,367,15
2,DEL,369,7
2,DEL,371,10
2,DEL,373,14
2,DEL,375,10
2,DEL,377,8
2,DEL,379,7
2,DEL,381,6
2,DEL,383,9
2,DEL,385,9
2,DEL,387,4
2,DEL,389,3
2,DEL,391,4
2,DEL,393,9
2,DEL,395,8
2,DEL,397,3
2,DEL,399,5
2,DEL,401,6
2,DEL,403,6
2,DEL,405,3
2,DEL,407,1
2,DEL,409,4
2,DEL,411,1
2,DEL,413,5
2,DEL,415,1
2,DEL,417,2
2,DEL,423,3
2,DEL,425,6
2,DEL,427,4
2,DEL,429,1
2,DEL,431,3
2,DEL,433,3
2,DEL,435,2
2,DEL,437,2
2,DEL,439,2
2,DEL,441,1
2,DEL,443,1
2,DEL,445,2
2,DEL,447,1
2,DEL,449,5
2,DEL,451,2
2,DEL,453,2
2,DEL,455,1
2,DEL,459,1
2,DEL,461,3
2,DEL,463,2
2,DEL,465,1
2,DEL,467,2
2,DEL,469,2
2,DEL,471,2
2,DEL,473,1
2,DEL,475,3
2,DEL,477,1
2,DEL,479,1
2,DEL,483,1
2,DEL,495,1
2,DEL,497,1
2,DEL,499,1
2,DEL,501,1
2,DEL,505,4
2,DEL,515,1
2,DEL,519,2
2,DEL,523,2
2,DEL,531,2
2,DEL,535,1
2,DEL,539,1
2,DEL,543,2
2,DEL,555,1
2,DEL,559,1
2,DEL,563,1
2,DEL,567,3
2,DEL,571,1
2,DEL,575,3
2,DEL,579,1
2,DEL,591,3
2,DEL,595,1
2,DEL,599,2
2,DEL,607,1
2,DEL,611,1
2,DEL,615,2
2,DEL,631,1
2,DEL,635,3
2,DEL,639,2
2,DEL,643,1
2,DEL,655,1
2,DEL,663,2
2,DEL,675,1
2,DEL,687,1
2,DEL,695,2
2,DEL,699,2
2,DEL,703,2
2,DEL,707,1
2,DEL,715,1
2,DEL,723,1
2,DEL,727,2
2,DEL,731,1
2,DEL,739,1
2,DEL,743,1
2,DEL,747,1
2,DEL,751,1
2,DEL,759,2
2,DEL,767,1
2,DEL,771,1
2,DEL,775,1
2,DEL,779,1
2,DEL,787,1
2,DEL,791,1
2,DEL,799,1
2,DEL,839,1
2,DEL,851,1
2,DEL,863,1
2,DEL,867,1
2,DEL,879,1
2,DEL,891,1
2,DEL,963,2
2,DEL,995,1
2,DEL,1003,1
2,DEL,1103,1
2,DEL,1271,1
2,DEL,1335,1
2,DEL,1391,1
2,DEL,1447,1
2,DEL,1471,1
2,DEL,1495,1
2,DEL,1519,2
2,DEL,1663,1
2,DEL,1679,1
2,DEL,1703,1
2,DEL,1719,1
2,DEL,1735,1
2,DEL,1743,1
2,DEL,1751,3
2,DEL,1767,1
2,DEL,1783,2
2,DEL,1791,1
2,DEL,1863,1
2,DEL,1871,1
2,DEL,1887,1
2,DEL,1927,1
2,DEL,1951,1
2,DEL,1959,2
2,DEL,1975,1
2,DEL,1999,2
2,DEL,2015,1
2,DEL,2079,4
2,DEL,2095,2
2,DEL,2111,2
2,DEL,2127,1
2,DEL,2143,3
2,DEL,2159,2
2,DEL,2175,2
2,DEL,2191,1
2,DEL,2207,3
2,DEL,2223,2
2,DEL,2239,1
2,DEL,2255,1
2,DEL,2271,1
2,DEL,2303,2
2,DEL,2351,1
2,DEL,2383,1
2,DEL,2399,1
2,DEL,2415,1
2,DEL,2431,1
2,DEL,2447,1
2,DEL,2495,2
2,DEL,2591,1
2,DEL,2655,1
2,DEL,2895,1
2,DEL,2991,1
2,DEL,3711,1
2,DEL,10815,1
2,GET,73,2
2,GET,74,4
2,GET,75,13
2,GET,76,20
2,GET,77,41
2,GET,78,64
2,GET,79,91
2,GET,80,128
2,GET,81,161
2,GET,82,230
2,GET,83,264
2,GET,84,356
2,GET,85,448
2,GET,86,506
2,GET,87,656
2,GET,88,775
2,GET,89,894
2,GET,90,955
2,GET,91,1127
2,GET,92,1217
2,GET,93,1420
2,GET,94,1599
2,GET,95,1783
2,GET,96,1904
2,GET,97,2054
2,GET,98,2213
2,GET,99,2533
2,GET,100,2673
2,GET,101,2904
2,GET,102,3014
2,GET,103,3307
2,GET,104,3317
2,GET,105,3484
2,GET,106,3738
2,GET,107,3783
2,GET,108,3942
2,GET,109,4057
2,GET,110,4132
2,GET,111,4296
2,GET,112,4466
2,GET,113,4522
2,GET,114,4721
2,GET,115,4803
2,GET,116,4895
2,GET,117,4866
2,GET,118,5096
2,GET,119,5255
2,GET,120,5189
2,GET,121,5479
2,GET,122,5431
2,GET,123,5386
2,GET,124,5464
2,GET,125,5413
2,GET,126,5543
2,GET,127,5613
2,GET,128,5325
2,GET,129,5404
2,GET,130,5442
2,GET,131,5423
2,GET,132,5406
2,GET,133,5385
2,GET,134,5364
2,GET,135,5315
2,GET,136,5198
2,GET,137,5154
2,GET,138,5209
2,GET,139,5192
2,GET,140,5184
2,GET,141,5051
2,GET,142,4980
2,GET,143,4967
2,GET,144,4887
2,GET,145,4700
2,GET,146,4724
2,GET,147,4680
2,GET,148,4534
2,GET,149,4642
2,GET,150,4427
2,GET,151,4250
2,GET,152,4099
2,GET,153,4171
2,GET,154,4004
2,GET,155,3763
2,GET,156,3802
2,GET,157,3826
2,GET,158,3677
2,GET,159,3524
2,GET,160,3493
2,GET,161,3365
2,GET,162,3307
2,GET,163,3256
2,GET,164,3101
2,GET,165,3086
2,GET,166,3026
2,GET,167,2832
2,GET,168,2840
2,GET,169,2768
2,GET,170,2636
2,GET,171,2674
2,GET,172,2587
2,GET,173,2434
2,GET,174,2275
2,GET,175,2359
2,GET,176,2248
2,GET,177,2084
2,GET,178,2128
2,GET,179,2066
2,GET,180,2052
2,GET,181,1910
2,GET,182,1894
2,GET,183,1926
2,GET,184,1821
2,GET,185,1651
2,GET,186,1716
2,GET,187,1688
2,GET,188,1626
2,GET,189,1532
2,GET,190,1552
2,GET,191,1428
2,GET,192,1457
2,GET,193,1420
2,GET,194,1354
2,GET,195,1334
2,GET,196,1378
2,GET,197,1286
2,GET,198,1220
2,GET,199,1202
2,GET,200,1216
2,GET,201,1113
2,GET,202,1088
2,GET,203,1041
2,GET,204,1065
2,GET,205,1035
2,GET,206,1022
2,GET,207,1004
2,GET,208,939
2,GET,209,993
2,GET,210,927
2,GET,211,915
2,GET,212,905
2,GET,213,848
2,GET,214,851
2,GET,215,859
2,GET,216,829
2,GET,217,800
2,GET,218,753
2,GET,219,764
2,GET,220,743
2,GET,221,716
2,GET,222,736
2,GET,223,723
2,GET,224,668
2,GET,225,662
2,GET,226,661
2,GET,227,642
2,GET,228,602
2,GET,229,639
2,GET,230,608
2,GET,231,560
2,GET,232,575
2,GET,233,591
2,GET,234,522
2,GET,235,559
2,GET,236,523
2,GET,237,531
2,GET,238,531
2,GET,239,555
2,GET,240,500
2,GET,241,481
2,GET,242,476
2,GET,243,474
2,GET,244,494
2,GET,245,486
2,GET,246,462
2,GET,247,406
2,GET,248,491
2,GET,249,461
2,GET,250,461
2,GET,251,400
2,GET,252,372
2,GET,253,413
2,GET,254,402
2,GET,255,381
2,GET,257,773
2,GET,259,730
2,GET,261,670
2,GET,263,694
2,GET,265,596
2,GET,267,586
2,GET,269,596
2,GET,271,521
2,GET,273,540
2,GET,275,490
2,GET,277,515
2,GET,279,491
2,GET,281,414
2,GET,283,427
2,GET,285,411
2,GET,287,377
2,GET,289,335
2,GET,291,398
2,GET,293,323
2,GET,295,316
2,GET,297,293
2,GET,299,248
2,GET,301,266
2,GET,303,274
2,GET,305,246
2,GET,307,194
2,GET,309,202
2,GET,311,191
2,GET,313,168
2,GET,315,153
2,GET,317,148
2,GET,319,146
2,GET,321,153
2,GET,323,151
2,GET,325,121
2,GET,327,119
2,GET,329,102
2,GET,331,94
2,GET,333,92
2,GET,335,74
2,GET,337,78
2,GET,339,75
2,GET,341,64
2,GET,343,45
2,GET,345,64
2,GET,347,68
2,GET,349,49
2,GET,351,57
2,GET,353,63
2,GET,355,38
2,GET,357,39
2,GET,359,42
2,GET,361,43
2,GET,363,34
2,GET,365,42
2,GET,367,40
2,GET,369,27
2,GET,371,40
2,GET,373,33
2,GET,375,27
2,GET,377,28
2,GET,379,21
2,GET,381,28
2,GET,383,25
2,GET,385,14
2,GET,387,22
2,GET,389,19
2,GET,391,14
2,GET,393,14
2,GET,395,14
2,GET,397,15
2,GET,399,19
2,GET,401,12
2,GET,403,8
2,GET,405,8
2,GET,407,12
2,GET,409,13
2,GET,411,8
2,GET,413,11
2,GET,415,15
2,GET,417,9
2,GET,419,7
2,GET,421,9
2,GET,423,5
2,GET,425,4
2,GET,427,13
2,GET,429,6
2,GET,431,3
2,GET,433,10
2,GET,435,5
2,GET,437,7
2,GET,439,4
2,GET,441,6
2,GET,443,5
2,GET,445,2
2,GET,447,3
2,GET,449,7
2,GET,451,4
2,GET,453,5
2,GET,455,5
2,GET,457,3
2,GET,459,1
2,GET,461,4
2,GET,463,3
2,GET,465,2
2,GET,467,5
2,GET,469,3
2,GET,471,4
2,GET,473,2
2,GET,475,4
2,GET,477,4
2,GET,479,7
2,GET,481,3
2,GET,483,2
2,GET,485,5
2,GET,487,4
2,GET,489,4
2,GET,491,6
2,GET,495,1
2,GET,497,5
2,GET,501,2
2,GET,505,3
2,GET,507,1
2,GET,509,2
2,GET,515,8
2,GET,519,6
2,GET,523,2
2,GET,527,2
2,GET,531,3
2,GET,535,3
2,GET,539,5
2,GET,543,3
2,GET,547,1
2,GET,551,3
2,GET,555,2
2,GET,559,4
2,GET,563,2
2,GET,567,3
2,GET,571,1
2,GET,575,4
2,GET,579,3
2,GET,583,3
2,GET,587,3
2,GET,591,2
2,GET,595,2
2,GET,599,1
2,GET,603,4
2,GET,607,2
2,GET,611,3
2,GET,615,5
2,GET,619,2
2,GET,623,3
2,GET,627,2
2,GET,631,3
2,GET,635,2
2,GET,639,5
2,GET,643,2
2,GET,647,5
2,GET,651,3
2,GET,655,1
2,GET,659,3
2,GET,663,5
2,GET,667,3
2,GET,671,6
2,GET,679,4
2,GET,683,1
2,GET,687,1
2,GET,691,1
2,GET,695,2
2,GET,699,3
2,GET,707,1
2,GET,715,2
2,GET,719,2
2,GET,727,3
2,GET,731,2
2,GET,739,1
2,GET,743,2
2,GET,747,1
2,GET,751,3
2,GET,755,1
2,GET,759,1
2,GET,763,2
2,GET,771,2
2,GET,779,1
2,GET,783,1
2,GET,795,1
2,GET,799,3
2,GET,803,1
2,GET,811,2
2,GET,815,2
2,GET,839,2
2,GET,847,1
2,GET,855,1
2,GET,863,1
2,GET,887,1
2,GET,903,1
2,GET,911,2
2,GET,931,1
2,GET,939,1
2,GET,951,1
2,GET,1003,1
2,GET,1015,1
2,GET,1031,1
2,GET,1039,1
2,GET,1055,1
2,GET,1071,1
2,GET,1087,1
2,GET,1095,1
2,GET,1127,2
2,GET,1135,1
2,GET,1143,1
2,GET,1175,1
2,GET,1183,1
2,GET,1199,1
2,GET,1231,1
2,GET,1255,1
2,GET,1287,1
2,GET,1311,2
2,GET,1327,1
2,GET,1343,1
2,GET,1359,1
2,GET,1367,2
2,GET,1383,1
2,GET,1391,1
2,GET,1399,2
2,GET,1407,2
2,GET,1415,1
2,GET,1423,1
2,GET,1439,1
2,GET,1447,1
2,GET,1471,2
2,GET,1479,1
2,GET,1487,1
2,GET,1495,2
2,GET,1503,1
2,GET,1511,1
2,GET,1519,1
2,GET,1527,2
2,GET,1535,2
2,GET,1559,1
2,GET,1575,1
2,GET,1583,1
2,GET,1591,2
2,GET,1615,1
2,GET,1623,4
2,GET,1631,3
2,GET,1639,2
2,GET,1671,2
2,GET,1687,1
2,GET,1695,2
2,GET,1727,2
2,GET,1735,1
2,GET,1751,2
2,GET,1767,2
2,GET,1783,4
2,GET,1815,1
2,GET,1847,1
2,GET,1879,2
2,GET,1887,4
2,GET,1895,1
2,GET,1903,2
2,GET,1911,2
2,GET,1919,2
2,GET,1935,3
2,GET,1943,3
2,GET,1967,3
2,GET,1975,1
2,GET,1983,3
2,GET,1991,2
2,GET,2007,1
2,GET,2015,3
2,GET,2031,4
2,GET,2039,1
2,GET,2047,2
2,GET,2063,2
2,GET,2079,4
2,GET,2095,2
2,GET,2111,2
2,GET,2127,2
2,GET,2143,4
2,GET,2159,4
2,GET,2175,5
2,GET,2191,1
2,GET,2207,1
2,GET,2223,3
2,GET,2239,2
2,GET,2255,2
2,GET,2271,4
2,GET,2287,2
2,GET,2303,8
2,GET,2319,2
2,GET,2335,4
2,GET,2351,5
2,GET,2367,2
2,GET,2383,4
2,GET,2399,3
2,GET,2415,1
2,GET,2431,1
2,GET,2447,3
2,GET,2463,2
2,GET,2479,2
2,GET,2527,2
2,GET,2543,1
2,GET,2575,1
2,GET,2591,1
2,GET,2623,1
2,GET,2671,1
2,GET,2703,1
2,GET,2735,1
2,GET,2991,1
2,GET,3087,1
2,GET,3183,1
2,GET,3231,1
2,GET,3647,1
2,GET,3679,1
3,SET,78,1
3,SET,80,2
3,SET,81,1
3,SET,83,1
3,SET,84,1
3,SET,85,5
3,SET,86,6
3,SET,87,14
3,SET,88,21
3,SET,89,16
3,SET,90,21
3,SET,91,30
3,SET,92,34
3,SET,93,40
3,SET,94,31
3,SET,95,40
3,SET,96,56
3,SET,97,63
3,SET,98,75
3,SET,99,82
3,SET,100,108
3,SET,101,88
3,SET,102,105
3,SET,103,131
3,SET,104,126
3,SET,105,142
3,SET,106,152
3,SET,107,166
3,SET,108,155
3,SET,109,178
3,SET,110,184
3,SET,111,198
3,SET,112,219
3,SET,113,239
3,SET,114,264
3,SET,115,278
3,SET,116,277
3,SET,117,240
3,SET,118,287
3,SET,119,285
3,SET,120,260
3,SET,121,283
3,SET,122,315
3,SET,123,377
3,SET,124,321
3,SET,125,345
3,SET,126,342
3,SET,127,358
3,SET,128,370
3,SET,129,393
3,SET,130,353
3,SET,131,375
3,SET,132,386
3,SET,133,366
3,SET,134,410
3,SET,135,388
3,SET,136,363
3,SET,137,405
3,SET,138,398
3,SET,139,354
3,SET,140,405
3,SET,141,372
3,SET,142,363
3,SET,143,385
3,SET,144,386
3,SET,145,401
3,SET,146,371
3,SET,147,376
3,SET,148,384
3,SET,149,368
3,SET,150,383
3,SET,151,366
3,SET,152,371
3,SET,153,328
3,SET,154,332
3,SET,155,324
3,SET,156,347
3,SET,157,313
3,SET,158,341
3,SET,159,260
3,SET,160,330
3,SET,161,313
3,SET,162,277
3,SET,163,299
3,SET,164,292
3,SET,165,282
3,SET,166,258
3,SET,167,286
3,SET,168,257
3,SET,169,289
3,SET,170,245
3,SET,171,230
3,SET,172,225
3,SET,173,218
3,SET,174,234
3,SET,175,183
3,SET,176,209
3,SET,177,210
3,SET,178,176
3,SET,179,209
3,SET,180,223
3,SET,181,199
3,SET,182,199
3,SET,183,177
3,SET,184,177
3,SET,185,163
3,SET,186,182
3,SET,187,154
3,SET,188,167
3,SET,189,148
3,SET,190,144
3,SET,191,161
3,SET,192,141
3,SET,193,139
3,SET,194,124
3,SET,195,119
3,SET,196,112
3,SET,197,105
3,SET,198,110
3,SET,199,114
3,SET,200,115
3,SET,201,106
3,SET,202,97
3,SET,203,100
3,SET,204,84
3,SET,205,113
3,SET,206,106
3,SET,207,85
3,SET,208,76
3,SET,209,82
3,SET,210,85
3,SET,211,84
3,SET,212,78
3,SET,213,73
3,SET,214,75
3,SET,215,67
3,SET,216,72
3,SET,217,60
3,SET,218,60
3,SET,219,69
3,SET,220,53
3,SET,221,73
3,SET,222,60
3,SET,223,74
3,SET,224,59
3,SET,225,62
3,SET,226,51
3,SET,227,69
3,SET,228,51
3,SET,229,58
3,SET,230,41
3,SET,231,45
3,SET,232,37
3,SET,233,53
3,SET,234,40
3,SET,235,50
3,SET,236,36
3,SET,237,50
3,SET,238,37
3,SET,239,34
3,SET,240,39
3,SET,241,34
3,SET,242,43
3,SET,243,37
3,SET,244,46
3,SET,245,38
3,SET,246,28
3,SET,247,32
3,SET,248,28
3,SET,249,34
3,SET,250,39
3,SET,251,42
3,SET,252,27
3,SET,253,27
3,SET,254,36
3,SET,255,29
3,SET,257,54
3,SET,259,47
3,SET,261,61
3,SET,263,61
3,SET,265,50
3,SET,267,52
3,SET,269,49
3,SET,271,49
3,SET,273,42
3,SET,275,37
3,SET,277,34
3,SET,279,48
3,SET,281,26
3,SET,283,33
3,SET,285,31
3,SET,287,27
3,SET,289,28
3,SET,291,27
3,SET,293,21
3,SET,295,16
3,SET,297,20
3,SET,299,22
3,SET,301,26
3,SET,303,17
3,SET,305,21
3,SET,307,22
3,SET,309,15
3,SET,311,19
3,SET,313,22
3,SET,315,14
3,SET,317,14
3,SET,319,11
3,SET,321,11
3,SET,323,9
3,SET,325,5
3,SET,327,11
3,SET,329,7
3,SET,331,7
3,SET,333,9
3,SET,335,9
3,SET,337,9
3,SET,339,14
3,SET,341,7
3,SET,343,7
3,SET,345,9
3,SET,347,6
3,SET,349,3
3,SET,351,7
3,SET,353,7
3,SET,355,6
3,SET,357,4
3,SET,359,9
3,SET,361,2
3,SET,363,2
3,SET,365,9
3,SET,367,1
3,SET,369,3
3,SET,371,3
3,SET,373,3
3,SET,375,3
3,SET,377,6
3,SET,379,2
3,SET,381,1
3,SET,385,2
3,SET,387,2
3,SET,389,3
3,SET,391,2
3,SET,393,3
3,SET,395,2
3,SET,397,3
3,SET,399,2
3,SET,401,2
3,SET,403,3
3,SET,405,1
3,SET,407,3
3,SET,411,1
3,SET,415,1
3,SET,421,2
3,SET,423,1
3,SET,431,1
3,SET,435,1
3,SET,437,1
3,SET,439,2
3,SET,441,1
3,SET,443,1
3,SET,477,1
3,SET,479,1
3,SET,487,2
3,SET,491,1
3,SET,503,1
3,SET,527,2
3,SET,535,1
3,SET,539,1
3,SET,555,1
3,SET,559,1
3,SET,563,1
3,SET,571,1
3,SET,579,1
3,SET,615,1
3,SET,631,1
3,SET,643,1
3,SET,663,1
3,SET,675,1
3,SET,731,1
3,SET,743,1
3,SET,767,1
3,SET,831,1
3,SET,859,1
3,SET,1215,1
3,SET,1247,1
3,SET,1463,1
3,SET,1471,1
3,SET,2015,1
3,SET,2095,1
3,SET,2143,1
3,SET,2223,1
3,SET,2255,1
3,SET,2447,1
3,SET,2495,1
3,SET,2559,1
3,SET,3855,1
3,DEL,75,1
3,DEL,76,1
3,DEL,77,4
3,DEL,78,3
3,DEL,79,5
3,DEL,80,8
3,DEL,81,12
3,DEL,82,24
3,DEL,83,41
3,DEL,84,52
3,DEL,85,84
3,DEL,86,72
3,DEL,87,108
3,DEL,88,117
3,DEL,89,158
3,DEL,90,185
3,DEL,91,233
3,DEL,92,261
3,DEL,93,306
3,DEL,94,333
3,DEL,95,395
3,DEL,96,457
3,DEL,97,491
3,DEL,98,542
3,DEL,99,627
3,DEL,100,670
3,DEL,101,710
3,DEL,102,784
3,DEL,103,834
3,DEL,104,880
3,DEL,105,1002
3,DEL,106,1024
3,DEL,107,1084
3,DEL,108,1098
3,DEL,109,1151
3,DEL,110,1167
3,DEL,111,1244
3,DEL,112,1287
3,DEL,113,1357
3,DEL,114,1422
3,DEL,115,1385
3,DEL,116,1508
3,DEL,117,1504
3,DEL,118,1601
3,DEL,119,1632
3,DEL,120,1676
3,DEL,121,1778
3,DEL,122,1816
3,DEL,123,1869
3,DEL,124,1794
3,DEL,125,1798
3,DEL,126,1850
3,DEL,127,1900
3,DEL,128,1783
3,DEL,129,1882
3,DEL,130,1913
3,DEL,131,1873
3,DEL,132,1852
3,DEL,133,1923
3,DEL,134,1893
3,DEL,135,1932
3,DEL,136,1870
3,DEL,137,1914
3,DEL,138,1976
3,DEL,139,1863
3,DEL,140,1962
3,DEL,141,1909
3,DEL,142,1908
3,DEL,143,1887
3,DEL,144,1919
3,DEL,145,1835
3,DEL,146,1840
3,DEL,147,1796
3,DEL,148,1758
3,DEL,149,1831
3,DEL,150,1763
3,DEL,151,1683
3,DEL,152,1728
3,DEL,153,1683
3,DEL,154,1565
3,DEL,155,1498
3,DEL,156,1583
3,DEL,157,1468
3,DEL,158,1446
3,DEL,159,1497
3,DEL,160,1401
3,DEL,161,1369
3,DEL,162,1318
3,DEL,163,1364
3,DEL,164,1251
3,DEL,165,1281
3,DEL,166,1237
3,DEL,167,1195
3,DEL,168,1151
3,DEL,169,1165
3,DEL,170,1073
3,DEL,171,1133
3,DEL,172,1027
3,DEL,173,1046
3,DEL,174,1029
3,DEL,175,945
3,DEL,176,946
3,DEL,177,939
3,DEL,178,985
3,DEL,179,843
3,DEL,180,864
3,DEL,181,816
3,DEL,182,775
3,DEL,183,840
3,DEL,184,745
3,DEL,185,712
3,DEL,186,697
3,DEL,187,692
3,DEL,188,696
3,DEL,189,630
3,DEL,190,657
3,DEL,191,578
3,DEL,192,575
3,DEL,193,584
3,DEL,194,547
3,DEL,195,562
3,DEL,196,497
3,DEL,197,550
3,DEL,198,524
3,DEL,199,551
3,DEL,200,529
3,DEL,201,480
3,DEL,202,456
3,DEL,203,459
3,DEL,204,379
3,DEL,205,402
3,DEL,206,410
3,DEL,207,418
3,DEL,208,375
3,DEL,209,376
3,DEL,210,412
3,DEL,211,370
3,DEL,212,374
3,DEL,213,365
3,DEL,214,334
3,DEL,215,340
3,DEL,216,315
3,DEL,217,313
3,DEL,218,310
3,DEL,219,316
3,DEL,220,270
3,DEL,221,304
3,DEL,222,293
3,DEL,223,245
3,DEL,224,255
3,DEL,225,256
3,DEL,226,246
3,DEL,227,271
3,DEL,228,254
3,DEL,229,227
3,DEL,230,245
3,DEL,231,205
3,DEL,232,237
3,DEL,233,232
3,DEL,234,204
3,DEL,235,226
3,DEL,236,241
3,DEL,237,209
3,DEL,238,167
3,DEL,239,191
3,DEL,240,187
3,DEL,241,194
3,DEL,242,172
3,DEL,243,167
3,DEL,244,171
3,DEL,245,176
3,DEL,246,189
3,DEL,247,187
3,DEL,248,166
3,DEL,249,161
3,DEL,250,169
3,DEL,251,159
3,DEL,252,143
3,DEL,253,166
3,DEL,254,155
3,DEL,255,144
3,DEL,257,273
3,DEL,259,273
3,DEL,261,246
3,DEL,263,249
3,DEL,265,247
3,DEL,267,241
3,DEL,269,214
3,DEL,271,197
3,DEL,273,214
3,DEL,275,153
3,DEL,277,175
3,DEL,279,185
3,DEL,281,170
3,DEL,283,175
3,DEL,285,169
3,DEL,287,149
3,DEL,289,137
3,DEL,291,142
3,DEL,293,137
3,DEL,295,103
3,DEL,297,118
3,DEL,299,120
3,DEL,301,93
3,DEL,303,88
3,DEL,305,108
3,DEL,307,81
3,DEL,309,82
3,DEL,311,84
3,DEL,313,59
3,DEL,315,69
3,DEL,317,66
3,DEL,319,46
3,DEL,321,55
3,DEL,323,66
3,DEL,325,54
3,DEL,327,41
3,DEL,329,57
3,DEL,331,39
3,DEL,333,46
3,DEL,335,42
3,DEL,337,30
3,DEL,339,35
3,DEL,341,28
3,DEL,343,30
3,DEL,345,22
3,DEL,347,25
3,DEL,349,20
3,DEL,351,26
3,DEL,353,18
3,DEL,355,14
3,DEL,357,21
3,DEL,359,15
3,DEL,361,10
3,DEL,363,15
3,DEL,365,13
3,DEL,367,13
3,DEL,369,19
3,DEL,371,13
3,DEL,373,8
3,DEL,375,16
3,DEL,377,8
3,DEL,379,7
3,DEL,381,7
3,DEL,383,9
3,DEL,385,15
3,DEL,387,5
3,DEL,389,7
3,DEL,391,6
3,DEL,393,8
3,DEL,395,5
3,DEL,397,8
3,DEL,399,1
3,DEL,401,1
3,DEL,403,6
3,DEL,405,6
3,DEL,407,5
3,DEL,409,2
3,DEL,411,6
3,DEL,413,4
3,DEL,415,3
3,DEL,417,5
3,DEL,419,3
3,DEL,421,3
3,DEL,423,4
3,DEL,425,4
3,DEL,427,2
3,DEL,429,2
3,DEL,431,2
3,DEL,433,1
3,DEL,435,3
3,DEL,437,2
3,DEL,439,1
3,DEL,441,2
3,DEL,445,1
3,DEL,447,2
3,DEL,449,4
3,DEL,451,2
3,DEL,453,3
3,DEL,455,1
3,DEL,461,2
3,DEL,467,2
3,DEL,469,1
3,DEL,471,1
3,DEL,473,2
3,DEL,475,3
3,DEL,485,2
3,DEL,487,2
3,DEL,489,3
3,DEL,491,1
3,DEL,493,1
3,DEL,495,1
3,DEL,497,1
3,DEL,501,1
3,DEL,503,1
3,DEL,507,2
3,DEL,511,1
3,DEL,519,2
3,DEL,523,2
3,DEL,531,4
3,DEL,535,2
3,DEL,539,3
3,DEL,543,1
3,DEL,547,2
3,DEL,551,6
3,DEL,563,3
3,DEL,567,2
3,DEL,571,2
3,DEL,575,2
3,DEL,579,2
3,DEL,583,1
3,DEL,587,1
3,DEL,591,1
3,DEL,595,1
3,DEL,603,1
3,DEL,607,5
3,DEL,619,1
3,DEL,631,1
3,DEL,635,2
3,DEL,643,1
3,DEL,651,2
3,DEL,659,2
3,DEL,671,1
3,DEL,675,1
3,DEL,679,3
3,DEL,687,1
3,DEL,695,1
3,DEL,715,2
3,DEL,719,2
3,DEL,735,1
3,DEL,747,1
3,DEL,755,1
3,DEL,763,1
3,DEL,771,1
3,DEL,819,1
3,DEL,843,1
3,DEL,851,1
3,DEL,963,1
3,DEL,995,1
3,DEL,1039,1
3,DEL,1111,1
3,DEL,1175,1
3,DEL,1231,1
3,DEL,1271,1
3,DEL,1287,1
3,DEL,1375,1
3,DEL,1407,1
3,DEL,1423,1
3,DEL,1487,1
3,DEL,1495,1
3,DEL,1511,2
3,DEL,1519,1
3,DEL,1551,1
3,DEL,1647,1
3,DEL,1655,1
3,DEL,1719,1
3,DEL,1735,1
3,DEL,1783,1
3,DEL,1799,1
3,DEL,1839,1
3,DEL,1855,1
3,DEL,1887,2
3,DEL,1895,1
3,DEL,1959,1
3,DEL,1983,1
3,DEL,1991,1
3,DEL,2015,1
3,DEL,2023,1
3,DEL,2039,2
3,DEL,2079,1
3,DEL,2111,1
3,DEL,2127,1
3,DEL,2143,1
3,DEL,2159,1
3,DEL,2191,2
3,DEL,2223,1
3,DEL,2239,1
3,DEL,2271,1
3,DEL,2287,2
3,DEL,2303,2
3,DEL,2319,1
3,DEL,2335,1
3,DEL,2351,3
3,DEL,2367,1
3,DEL,2383,1
3,DEL,2399,2
3,DEL,2415,1
3,DEL,2447,2
3,DEL,2463,1
3,DEL,2495,1
3,DEL,2543,1
3,DEL,2575,1
3,DEL,2639,1
3,DEL,2671,1
3,DEL,2783,1
3,DEL,3119,1
3,DEL,3151,1
3,DEL,3199,1
3,DEL,3407,1
3,GET,74,1
3,GET,75,1
3,GET,76,5
3,GET,77,3
3,GET,78,12
3,GET,79,31
3,GET,80,40
3,GET,81,57
3,GET,82,92
3,GET,83,140
3,GET,84,172
3,GET,85,219
3,GET,86,291
3,GET,87,343
3,GET,88,409
3,GET,89,495
3,GET,90,602
3,GET,91,700
3,GET,92,804
3,GET,93,874
3,GET,94,1016
3,GET,95,1207
3,GET,96,1274
3,GET,97,1479
3,GET,98,1662
3,GET,99,1899
3,GET,100,2082
3,GET,101,2178
3,GET,102,2336
3,GET,103,2550
3,GET,104,2657
3,GET,105,2683
3,GET,106,2866
3,GET,107,3094
3,GET,108,3184
3,GET,109,3377
3,GET,110,3476
3,GET,111,3564
3,GET,112,3818
3,GET,113,3889
3,GET,114,4038
3,GET,115,4137
3,GET,116,4332
3,GET,117,4420
3,GET,118,4395
3,GET,119,4666
3,GET,120,4881
3,GET,121,5002
3,GET,122,5054
3,GET,123,5132
3,GET,124,5283
3,GET,125,5183
3,GET,126,5305
3,GET,127,5470
3,GET,128,5263
3,GET,129,5466
3,GET,130,5385
3,GET,131,5274
3,GET,132,5371
3,GET,133,5294
3,GET,134,5402
3,GET,135,5295
3,GET,136,5342
3,GET,137,5409
3,GET,138,5449
3,GET,139,5340
3,GET,140,5254
3,GET,141,5331
3,GET,142,5180
3,GET,143,5231
3,GET,144,5147
3,GET,145,5139
3,GET,146,5024
3,GET,147,4936
3,GET,148,4894
3,GET,149,4889
3,GET,150,4805
3,GET,151,4689
3,GET,152,4455
3,GET,153,4560
3,GET,154,4284
3,GET,155,4340
3,GET,156,4266
3,GET,157,4181
3,GET,158,4067
3,GET,159,3955
3,GET,160,3945
3,GET,161,3873
3,GET,162,3855
3,GET,163,3752
3,GET,164,3608
3,GET,165,3450
3,GET,166,3379
3,GET,167,3236
3,GET,168,3237
3,GET,169,3159
3,GET,170,2981
3,GET,171,2896
3,GET,172,2860
3,GET,173,2822
3,GET,174,2725
3,GET,175,2607
3,GET,176,2606
3,GET,177,2521
3,GET,178,2418
3,GET,179,2435
3,GET,180,2493
3,GET,181,2191
3,GET,182,2269
3,GET,183,2090
3,GET,184,2044
3,GET,185,1972
3,GET,186,1869
3,GET,187,1860
3,GET,188,1825
3,GET,189,1822
3,GET,190,1731
3,GET,191,1630
3,GET,192,1622
3,GET,193,1570
3,GET,194,1558
3,GET,195,1504
3,GET,196,1455
3,GET,197,1438
3,GET,198,1431
3,GET,199,1379
3,GET,200,1386
3,GET,201,1329
3,GET,202,1219
3,GET,203,1278
3,GET,204,1208
3,GET,205,1123
3,GET,206,1116
3,GET,207,1067
3,GET,208,1084
3,GET,209,1059
3,GET,210,995
3,GET,211,995
3,GET,212,952
3,GET,213,933
3,GET,214,890
3,GET,215,876
3,GET,216,851
3,GET,217,839
3,GET,218,843
3,GET,219,812
3,GET,220,738
3,GET,221,824
3,GET,222,782
3,GET,223,678
3,GET,224,724
3,GET,225,737
3,GET,226,686
3,GET,227,682
3,GET,228,663
3,GET,229,664
3,GET,230,575
3,GET,231,658
3,GET,232,658
3,GET,233,608
3,GET,234,569
3,GET,235,608
3,GET,236,560
3,GET,237,574
3,GET,238,523
3,GET,239,515
3,GET,240,521
3,GET,241,511
3,GET,242,528
3,GET,243,473
3,GET,244,468
3,GET,245,462
3,GET,246,480
3,GET,247,429
3,GET,248,432
3,GET,249,473
3,GET,250,433
3,GET,251,408
3,GET,252,428
3,GET,253,424
3,GET,254,364
3,GET,255,397
3,GET,257,765
3,GET,259,750
3,GET,261,695
3,GET,263,696
3,GET,265,650
3,GET,267,657
3,GET,269,563
3,GET,271,575
3,GET,273,538
3,GET,275,511
3,GET,277,470
3,GET,279,449
3,GET,281,468
3,GET,283,436
3,GET,285,421
3,GET,287,385
3,GET,289,369
3,GET,291,378
3,GET,293,360
3,GET,295,320
3,GET,297,286
3,GET,299,291
3,GET,301,259
3,GET,303,236
3,GET,305,247
3,GET,307,206
3,GET,309,176
3,GET,311,229
3,GET,313,168
3,GET,315,196
3,GET,317,155
3,GET,319,168
3,GET,321,150
3,GET,323,140
3,GET,325,149
3,GET,327,122
3,GET,329,108
3,GET,331,120
3,GET,333,106
3,GET,335,90
3,GET,337,89
3,GET,339,81
3,GET,341,78
3,GET,343,75
3,GET,345,66
3,GET,347,67
3,GET,349,55
3,GET,351,63
3,GET,353,54
3,GET,355,34
3,GET,357,45
3,GET,359,49
3,GET,361,46
3,GET,363,40
3,GET,365,28
3,GET,367,26
3,GET,369,41
3,GET,371,28
3,GET,373,32
3,GET,375,28
3,GET,377,23
3,GET,379,20
3,GET,381,18
3,GET,383,17
3,GET,385,20
3,GET,387,20
3,GET,389,23
3,GET,391,13
3,GET,393,23
3,GET,395,23
3,GET,397,16
3,GET,399,16
3,GET,401,13
3,GET,403,12
3,GET,405,12
3,GET,407,12
3,GET,409,14
3,GET,411,12
3,GET,413,10
3,GET,415,13
3,GET,417,11
3,GET,419,13
3,GET,421,7
3,GET,423,10
3,GET,425,7
3,GET,427,8
3,GET,429,7
3,GET,431,3
3,GET,433,7
3,GET,435,9
3,GET,437,6
3,GET,439,8
3,GET,441,3
3,GET,443,4
3,GET,445,4
3,GET,447,4
3,GET,449,6
3,GET,451,8
3,GET,453,1
3,GET,455,5
3,GET,457,3
3,GET,459,4
3,GET,461,4
3,GET,463,4
3,GET,465,3
3,GET,467,6
3,GET,469,1
3,GET,471,2
3,GET,473,3
3,GET,475,9
3,GET,477,2
3,GET,479,4
3,GET,481,3
3,GET,483,5
3,GET,485,3
3,GET,487,1
3,GET,489,5
3,GET,491,2
3,GET,493,3
3,GET,495,6
3,GET,497,1
3,GET,499,3
3,GET,501,4
3,GET,503,2
3,GET,505,1
3,GET,507,1
3,GET,509,2
3,GET,511,2
3,GET,515,3
3,GET,519,5
3,GET,523,4
3,GET,527,2
3,GET,531,7
3,GET,535,1
3,GET,543,2
3,GET,547,2
3,GET,551,5
3,GET,555,4
3,GET,559,4
3,GET,563,5
3,GET,567,2
3,GET,571,3
3,GET,575,3
3,GET,579,7
3,GET,583,9
3,GET,587,6
3,GET,591,4
3,GET,595,3
3,GET,599,2
3,GET,603,5
3,GET,607,5
3,GET,611,1
3,GET,615,4
3,GET,619,5
3,GET,623,2
3,GET,627,4
3,GET,631,3
3,GET,635,1
3,GET,639,2
3,GET,643,3
3,GET,647,2
3,GET,651,3
3,GET,655,2
3,GET,659,1
3,GET,663,2
3,GET,667,1
3,GET,671,2
3,GET,675,2
3,GET,679,1
3,GET,683,5
3,GET,687,1
3,GET,691,5
3,GET,695,2
3,GET,699,3
3,GET,707,1
3,GET,711,1
3,GET,715,3
3,GET,719,3
3,GET,723,3
3,GET,727,2
3,GET,735,4
3,GET,739,2
3,GET,743,2
3,GET,747,1
3,GET,751,2
3,GET,755,2
3,GET,759,2
3,GET,763,2
3,GET,771,1
3,GET,783,1
3,GET,799,1
3,GET,823,1
3,GET,831,2
3,GET,871,1
3,GET,875,1
3,GET,879,1
3,GET,939,1
3,GET,959,1
3,GET,967,1
3,GET,975,1
3,GET,999,1
3,GET,1003,1
3,GET,1011,1
3,GET,1055,1
3,GET,1079,1
3,GET,1087,1
3,GET,1103,1
3,GET,1127,1
3,GET,1135,1
3,GET,1167,2
3,GET,1183,1
3,GET,1191,1
3,GET,1199,1
3,GET,1207,1
3,GET,1215,1
3,GET,1239,1
3,GET,1247,1
3,GET,1263,2
3,GET,1271,2
3,GET,1279,1
3,GET,1295,2
3,GET,1303,1
3,GET,1319,1
3,GET,1343,1
3,GET,1351,2
3,GET,1359,4
3,GET,1367,1
3,GET,1399,1
3,GET,1439,2
3,GET,1447,1
3,GET,1479,1
3,GET,1487,1
3,GET,1495,1
3,GET,1503,2
3,GET,1527,1
3,GET,1535,1
3,GET,1551,2
3,GET,1567,2
3,GET,1575,2
3,GET,1607,1
3,GET,1623,2
3,GET,1639,1
3,GET,1647,1
3,GET,1663,3
3,GET,1671,1
3,GET,1687,2
3,GET,1695,1
3,GET,1703,1
3,GET,1719,2
3,GET,1727,1
3,GET,1751,2
3,GET,1759,3
3,GET,1767,1
3,GET,1783,1
3,GET,1791,2
3,GET,1799,1
3,GET,1815,2
3,GET,1839,1
3,GET,1863,1
3,GET,1879,1
3,GET,1887,1
3,GET,1895,2
3,GET,1911,1
3,GET,1919,3
3,GET,1943,2
3,GET,1951,1
3,GET,1959,1
3,GET,1975,1
3,GET,1983,1
3,GET,1991,1
3,GET,1999,1
3,GET,2007,2
3,GET,2015,1
3,GET,2031,1
3,GET,2039,3
3,GET,2047,2
3,GET,2079,1
3,GET,2095,2
3,GET,2111,1
3,GET,2127,3
3,GET,2143,7
3,GET,2159,6
3,GET,2175,6
3,GET,2191,3
3,GET,2207,6
3,GET,2223,3
3,GET,2239,3
3,GET,2255,3
3,GET,2271,6
3,GET,2287,6
3,GET,2303,6
3,GET,2319,1
3,GET,2335,4
3,GET,2351,7
3,GET,2367,4
3,GET,2383,4
3,GET,2399,3
3,GET,2415,3
3,GET,2431,3
3,GET,2447,3
3,GET,2463,3
3,GET,2479,4
3,GET,2495,4
3,GET,2527,1
3,GET,2543,1
3,GET,2575,2
3,GET,2607,1
3,GET,2639,1
3,GET,2655,1
3,GET,2735,1
3,GET,2751,1
3,GET,2943,1
3,GET,3007,1
3,GET,3423,1
3,GET,3567,1
3,GET,3951,1
3,GET,7327,1
3,GET,7903,1
4,SET,75,1
4,SET,78,2
4,SET,79,1
4,SET,80,2
4,SET,81,4
4,SET,82,6
4,SET,83,11
4,SET,84,16
4,SET,85,12
4,SET,86,25
4,SET,87,20
4,SET,88,27
4,SET,89,46
4,SET,90,45
4,SET,91,39
4,SET,92,48
4,SET,93,65
4,SET,94,78
4,SET,95,71
4,SET,96,101
4,SET,97,103
4,SET,98,96
4,SET,99,130
4,SET,100,131
4,SET,101,174
4,SET,102,152
4,SET,103,175
4,SET,104,188
4,SET,105,197
4,SET,106,195
4,SET,107,214
4,SET,108,252
4,SET,109,267
4,SET,110,245
4,SET,111,268
4,SET,112,262
4,SET,113,287
4,SET,114,297
4,SET,115,304
4,SET,116,330
4,SET,117,318
4,SET,118,326
4,SET,119,335
4,SET,120,311
4,SET,121,366
4,SET,122,347
4,SET,123,348
4,SET,124,383
4,SET,125,387
4,SET,126,379
4,SET,127,402
4,SET,128,361
4,SET,129,374
4,SET,130,402
4,SET,131,379
4,SET,132,390
4,SET,133,362
4,SET,134,380
4,SET,135,396
4,SET,136,376
4,SET,137,379
4,SET,138,350
4,SET,139,374
4,SET,140,343
4,SET,141,364
4,SET,142,371
4,SET,143,370
4,SET,144,356
4,SET,145,363
4,SET,146,366
4,SET,147,330
4,SET,148,316
4,SET,149,357
4,SET,150,349
4,SET,151,347
4,SET,152,301
4,SET,153,339
4,SET,154,336
4,SET,155,318
4,SET,156,287
4,SET,157,252
4,SET,158,254
4,SET,159,289
4,SET,160,244
4,SET,161,258
4,SET,162,236
4,SET,163,253
4,SET,164,230
4,SET,165,235
4,SET,166,221
4,SET,167,204
4,SET,168,213
4,SET,169,230
4,SET,170,217
4,SET,171,183
4,SET,172,208
4,SET,173,202
4,SET,174,221
4,SET,175,174
4,SET,176,185
4,SET,177,171
4,SET,178,166
4,SET,179,174
4,SET,180,167
4,SET,181,145
4,SET,182,140
4,SET,183,147
4,SET,184,151
4,SET,185,122
4,SET,186,137
4,SET,187,130
4,SET,188,99
4,SET,189,143
4,SET,190,133
4,SET,191,109
4,SET,192,122
4,SET,193,114
4,SET,194,111
4,SET,195,129
4,SET,196,101
4,SET,197,110
4,SET,198,99
4,SET,199,91
4,SET,200,101
4,SET,201,106
4,SET,202,85
4,SET,203,99
4,SET,204,87
4,SET,205,82
4,SET,206,75
4,SET,207,97
4,SET,208,76
4,SET,209,77
4,SET,210,75
4,SET,211,77
4,SET,212,76
4,SET,213,63
4,SET,214,69
4,SET,215,56
4,SET,216,84
4,SET,217,68
4,SET,218,58
4,SET,219,59
4,SET,220,63
4,SET,221,72
4,SET,222,72
4,SET,223,53
4,SET,224,67
4,SET,225,56
4,SET,226,52
4,SET,227,59
4,SET,228,56
4,SET,229,61
4,SET,230,52
4,SET,231,41
4,SET,232,49
4,SET,233,43
4,SET,234,51
4,SET,235,37
4,SET,236,42
4,SET,237,45
4,SET,238,46
4,SET,239,43
4,SET,240,47
4,SET,241,31
4,SET,242,29
4,SET,243,54
4,SET,244,28
4,SET,245,22
4,SET,246,36
4,SET,247,38
4,SET,248,34
4,SET,249,38
4,SET,250,38
4,SET,251,30
4,SET,252,28
4,SET,253,34
4,SET,254,39
4,SET,255,33
4,SET,257,58
4,SET,259,61
4,SET,261,54
4,SET,263,53
4,SET,265,60
4,SET,267,56
4,SET,269,61
4,SET,271,53
4,SET,273,49
4,SET,275,42
4,SET,277,34
4,SET,279,44
4,SET,281,39
4,SET,283,31
4,SET,285,33
4,SET,287,26
4,SET,289,34
4,SET,291,33
4,SET,293,28
4,SET,295,23
4,SET,297,27
4,SET,299,35
4,SET,301,37
4,SET,303,22
4,SET,305,22
4,SET,307,17
4,SET,309,23
4,SET,311,18
4,SET,313,16
4,SET,315,12
4,SET,317,14
4,SET,319,10
4,SET,321,18
4,SET,323,9
4,SET,325,11
4,SET,327,14
4,SET,329,10
4,SET,331,12
4,SET,333,16
4,SET,335,9
4,SET,337,3
4,SET,339,9
4,SET,341,9
4,SET,343,10
4,SET,345,7
4,SET,347,3
4,SET,349,4
4,SET,351,5
4,SET,353,8
4,SET,355,2
4,SET,357,5
4,SET,359,2
4,SET,361,5
4,SET,363,3
4,SET,365,4
4,SET,367,5
4,SET,369,6
4,SET,371,1
4,SET,373,5
4,SET,375,3
4,SET,377,2
4,SET,379,3
4,SET,381,3
4,SET,385,6
4,SET,387,2
4,SET,389,2
4,SET,391,4
4,SET,393,1
4,SET,395,1
4,SET,397,4
4,SET,399,1
4,SET,403,2
4,SET,405,3
4,SET,407,2
4,SET,411,3
4,SET,415,2
4,SET,417,1
4,SET,419,1
4,SET,427,1
4,SET,429,1
4,SET,431,1
4,SET,433,1
4,SET,435,1
4,SET,437,1
4,SET,439,2
4,SET,443,1
4,SET,453,1
4,SET,457,1
4,SET,467,1
4,SET,469,1
4,SET,473,1
4,SET,481,1
4,SET,487,1
4,SET,491,2
4,SET,493,1
4,SET,499,1
4,SET,507,1
4,SET,515,1
4,SET,539,1
4,SET,559,1
4,SET,571,1
4,SET,607,1
4,SET,623,1
4,SET,707,1
4,SET,727,2
4,SET,1343,1
4,SET,1479,1
4,SET,1519,1
4,SET,1567,1
4,SET,1575,1
4,SET,1647,1
4,SET,1735,1
4,SET,1967,1
4,SET,2031,1
4,SET,2143,1
4,SET,2271,1
4,SET,2303,1
4,SET,2479,1
4,DEL,75,3
4,DEL,76,4
4,DEL,77,7
4,DEL,78,13
4,DEL,79,22
4,DEL,80,38
4,DEL,81,41
4,DEL,82,78
4,DEL,83,96
4,DEL,84,130
4,DEL,85,145
4,DEL,86,175
4,DEL,87,195
4,DEL,88,220
4,DEL,89,263
4,DEL,90,331
4,DEL,91,395
4,DEL,92,430
4,DEL,93,437
4,DEL,94,520
4,DEL,95,594
4,DEL,96,621
4,DEL,97,672
4,DEL,98,795
4,DEL,99,852
4,DEL,100,938
4,DEL,101,977
4,DEL,102,1045
4,DEL,103,1105
4,DEL,104,1149
4,DEL,105,1298
4,DEL,106,1273
4,DEL,107,1366
4,DEL,108,1360
4,DEL,109,1500
4,DEL,110,1451
4,DEL,111,1518
4,DEL,112,1551
4,DEL,113,1583
4,DEL,114,1603
4,DEL,115,1730
4,DEL,116,1651
4,DEL,117,1702
4,DEL,118,1821
4,DEL,119,1835
4,DEL,120,1823
4,DEL,121,1823
4,DEL,122,1956
4,DEL,123,1946
4,DEL,124,1917
4,DEL,125,1913
4,DEL,126,1951
4,DEL,127,1941
4,DEL,128,1978
4,DEL,129,1931
4,DEL,130,1934
4,DEL,131,1911
4,DEL,132,1913
4,DEL,133,2021
4,DEL,134,1851
4,DEL,135,1929
4,DEL,136,1871
4,DEL,137,1920
4,DEL,138,1976
4,DEL,139,1910
4,DEL,140,1803
4,DEL,141,1742
4,DEL,142,1812
4,DEL,143,1796
4,DEL,144,1793
4,DEL,145,1682
4,DEL,146,1691
4,DEL,147,1655
4,DEL,148,1640
4,DEL,149,1616
4,DEL,150,1599
4,DEL,151,1525
4,DEL,152,1457
4,DEL,153,1493
4,DEL,154,1388
4,DEL,155,1452
4,DEL,156,1354
4,DEL,157,1325
4,DEL,158,1331
4,DEL,159,1234
4,DEL,160,1277
4,DEL,161,1247
4,DEL,162,1195
4,DEL,163,1091
4,DEL,164,1117
4,DEL,165,1098
4,DEL,166,1079
4,DEL,167,994
4,DEL,168,974
4,DEL,169,998
4,DEL,170,927
4,DEL,171,936
4,DEL,172,874
4,DEL,173,859
4,DEL,174,834
4,DEL,175,841
4,DEL,176,789
4,DEL,177,742
4,DEL,178,806
4,DEL,179,731
4,DEL,180,717
4,DEL,181,688
4,DEL,182,684
4,DEL,183,669
4,DEL,184,635
4,DEL,185,608
4,DEL,186,587
4,DEL,187,574
4,DEL,188,561
4,DEL,189,580
4,DEL,190,575
4,DEL,191,516
4,DEL,192,522
4,DEL,193,500
4,DEL,194,518
4,DEL,195,448
4,DEL,196,440
4,DEL,197,469
4,DEL,198,431
4,DEL,199,427
4,DEL,200,420
4,DEL,201,438
4,DEL,202,451
4,DEL,203,374
4,DEL,204,351
4,DEL,205,403
4,DEL,206,362
4,DEL,207,387
4,DEL,208,389
4,DEL,209,335
4,DEL,210,326
4,DEL,211,327
4,DEL,212,342
4,DEL,213,340
4,DEL,214,286
4,DEL,215,293
4,DEL,216,258
4,DEL,217,266
4,DEL,218,285
4,DEL,219,270
4,DEL,220,295
4,DEL,221,251
4,DEL,222,247
4,DEL,223,265
4,DEL,224,248
4,DEL,225,213
4,DEL,226,220
4,DEL,227,254
4,DEL,228,294
4,DEL,229,249
4,DEL,230,246
4,DEL,231,237
4,DEL,232,206
4,DEL,233,192
4,DEL,234,210
4,DEL,235,200
4,DEL,236,219
4,DEL,237,195
4,DEL,238,181
4,DEL,239,204
4,DEL,240,209
4,DEL,241,177
4,DEL,242,193
4,DEL,243,201
4,DEL,244,180
4,DEL,245,190
4,DEL,246,161
4,DEL,247,168
4,DEL,248,170
4,DEL,249,180
4,DEL,250,146
4,DEL,251,160
4,DEL,252,175
4,DEL,253,154
4,DEL,254,130
4,DEL,255,151
4,DEL,257,298
4,DEL,259,266
4,DEL,261,260
4,DEL,263,252
4,DEL,265,267
4,DEL,267,246
4,DEL,269,264
4,DEL,271,200
4,DEL,273,199
4,DEL,275,213
4,DEL,277,165
4,DEL,279,180
4,DEL,281,158
4,DEL,283,142
4,DEL,285,155
4,DEL,287,162
4,DEL,289,155
4,DEL,291,133
4,DEL,293,138
4,DEL,295,128
4,DEL,297,110
4,DEL,299,110
4,DEL,301,100
4,DEL,303,101
4,DEL,305,98
4,DEL,307,104
4,DEL,309,92
4,DEL,311,70
4,DEL,313,66
4,DEL,315,68
4,DEL,317,84
4,DEL,319,59
4,DEL,321,62
4,DEL,323,47
4,DEL,325,67
4,DEL,327,50
4,DEL,329,42
4,DEL,331,38
4,DEL,333,38
4,DEL,335,33
4,DEL,337,34
4,DEL,339,37
4,DEL,341,31
4,DEL,343,26
4,DEL,345,29
4,DEL,347,23
4,DEL,349,38
4,DEL,351,22
4,DEL,353,29
4,DEL,355,17
4,DEL,357,19
4,DEL,359,16
4,DEL,361,20
4,DEL,363,17
4,DEL,365,13
4,DEL,367,16
4,DEL,369,10
4,DEL,371,10
4,DEL,373,13
4,DEL,375,8
4,DEL,377,10
4,DEL,379,8
4,DEL,381,9
4,DEL,383,10
4,DEL,385,10
4,DEL,387,3
4,DEL,389,7
4,DEL,391,5
4,DEL,393,7
4,DEL,395,3
4,DEL,397,9
4,DEL,399,9
4,DEL,401,3
4,DEL,403,5
4,DEL,405,1
4,DEL,407,3
4,DEL,409,6
4,DEL,411,10
4,DEL,413,5
4,DEL,415,3
4,DEL,417,2
4,DEL,419,7
4,DEL,421,2
4,DEL,423,3
4,DEL,425,5
4,DEL,427,3
4,DEL,429,4
4,DEL,433,3
4,DEL,435,1
4,DEL,437,2
4,DEL,439,1
4,DEL,441,1
4,DEL,445,2
4,DEL,447,1
4,DEL,449,2
4,DEL,453,2
4,DEL,455,1
4,DEL,457,2
4,DEL,459,1
4,DEL,461,1
4,DEL,465,1
4,DEL,469,1
4,DEL,471,1
4,DEL,473,1
4,DEL,475,1
4,DEL,479,4
4,DEL,483,1
4,DEL,485,2
4,DEL,487,1
4,DEL,489,1
4,DEL,491,1
4,DEL,497,1
4,DEL,499,1
4,DEL,501,1
4,DEL,503,1
4,DEL,505,1
4,DEL,507,2
4,DEL,509,2
4,DEL,515,1
4,DEL,519,2
4,DEL,523,1
4,DEL,527,2
4,DEL,535,1
4,DEL,543,2
4,DEL,547,1
4,DEL,551,1
4,DEL,555,4
4,DEL,559,1
4,DEL,563,1
4,DEL,567,2
4,DEL,571,1
4,DEL,575,1
4,DEL,579,3
4,DEL,583,2
4,DEL,587,2
4,DEL,599,3
4,DEL,603,1
4,DEL,607,2
4,DEL,611,1
4,DEL,615,4
4,DEL,619,1
4,DEL,631,6
4,DEL,635,3
4,DEL,643,1
4,DEL,651,1
4,DEL,663,3
4,DEL,675,2
4,DEL,679,1
4,DEL,683,1
4,DEL,691,2
4,DEL,699,1
4,DEL,707,1
4,DEL,711,1
4,DEL,715,1
4,DEL,719,1
4,DEL,723,1
4,DEL,731,2
4,DEL,735,1
4,DEL,751,2
4,DEL,755,1
4,DEL,767,1
4,DEL,775,1
4,DEL,783,1
4,DEL,791,2
4,DEL,831,1
4,DEL,855,1
4,DEL,867,1
4,DEL,895,1
4,DEL,1047,1
4,DEL,1151,1
4,DEL,1159,1
4,DEL,1199,1
4,DEL,1223,1
4,DEL,1239,1
4,DEL,1279,1
4,DEL,1303,1
4,DEL,1311,1
4,DEL,1391,1
4,DEL,1447,1
4,DEL,1503,1
4,DEL,1511,2
4,DEL,1519,1
4,DEL,1559,1
4,DEL,1567,2
4,DEL,1575,1
4,DEL,1607,2
4,DEL,1639,1
4,DEL,1695,2
4,DEL,1727,1
4,DEL,1759,2
4,DEL,1783,1
4,DEL,1823,2
4,DEL,1839,1
4,DEL,1847,1
4,DEL,1879,1
4,DEL,1887,1
4,DEL,1919,2
4,DEL,1927,2
4,DEL,1951,1
4,DEL,1999,1
4,DEL,2015,1
4,DEL,2023,1
4,DEL,2031,1
4,DEL,2063,1
4,DEL,2079,2
4,DEL,2095,1
4,DEL,2111,1
4,DEL,2127,1
4,DEL,2159,1
4,DEL,2191,4
4,DEL,2207,2
4,DEL,2223,2
4,DEL,2239,1
4,DEL,2287,2
4,DEL,2303,3
4,DEL,2319,1
4,DEL,2335,1
4,DEL,2367,2
4,DEL,2399,1
4,DEL,2431,2
4,DEL,2463,1
4,DEL,2623,1
4,DEL,2799,1
4,DEL,3263,1
4,GET,73,1
4,GET,74,4
4,GET,75,11
4,GET,76,25
4,GET,77,40
4,GET,78,51
4,GET,79,98
4,GET,80,119
4,GET,81,175
4,GET,82,243
4,GET,83,312
4,GET,84,366
4,GET,85,470
4,GET,86,536
4,GET,87,643
4,GET,88,800
4,GET,89,892
4,GET,90,1028
4,GET,91,1142
4,GET,92,1276
4,GET,93,1433
4,GET,94,1600
4,GET,95,1733
4,GET,96,2012
4,GET,97,2131
4,GET,98,2299
4,GET,99,2523
4,GET,100,2743
4,GET,101,2884
4,GET,102,3139
4,GET,103,3273
4,GET,104,3441
4,GET,105,3648
4,GET,106,3652
4,GET,107,3936
4,GET,108,4021
4,GET,109,3982
4,GET,110,4171
4,GET,111,4284
4,GET,112,4432
4,GET,113,4588
4,GET,114,4485
4,GET,115,4624
4,GET,116,4872
4,GET,117,4968
4,GET,118,5076
4,GET,119,5103
4,GET,120,5119
4,GET,121,5405
4,GET,122,5264
4,GET,123,5512
4,GET,124,5350
4,GET,125,5471
4,GET,126,5484
4,GET,127,5437
4,GET,128,5427
4,GET,129,5545
4,GET,130,5461
4,GET,131,5349
4,GET,132,5254
4,GET,133,5398
4,GET,134,5342
4,GET,135,5236
4,GET,136,5281
4,GET,137,5089
4,GET,138,5243
4,GET,139,5152
4,GET,140,5004
4,GET,141,5070
4,GET,142,5005
4,GET,143,4959
4,GET,144,4937
4,GET,145,4660
4,GET,146,4732
4,GET,147,4458
4,GET,148,4403
4,GET,149,4610
4,GET,150,4304
4,GET,151,4226
4,GET,152,4082
4,GET,153,4089
4,GET,154,3987
4,GET,155,3879
4,GET,156,3805
4,GET,157,3641
4,GET,158,3646
4,GET,159,3574
4,GET,160,3354
4,GET,161,3323
4,GET,162,3333
4,GET,163,3173
4,GET,164,3043
4,GET,165,2996
4,GET,166,2977
4,GET,167,2851
4,GET,168,2872
4,GET,169,2647
4,GET,170,2476
4,GET,171,2579
4,GET,172,2503
4,GET,173,2383
4,GET,174,2276
4,GET,175,2246
4,GET,176,2183
4,GET,177,2233
4,GET,178,2053
4,GET,179,2095
4,GET,180,1929
4,GET,181,1944
4,GET,182,1897
4,GET,183,1890
4,GET,184,1786
4,GET,185,1650
4,GET,186,1690
4,GET,187,1549
4,GET,188,1579
4,GET,189,1526
4,GET,190,1494
4,GET,191,1427
4,GET,192,1448
4,GET,193,1369
4,GET,194,1309
4,GET,195,1361
4,GET,196,1290
4,GET,197,1179
4,GET,198,1197
4,GET,199,1226
4,GET,200,1145
4,GET,201,1143
4,GET,202,1123
4,GET,203,1106
4,GET,204,1067
4,GET,205,1062
4,GET,206,995
4,GET,207,1006
4,GET,208,923
4,GET,209,948
4,GET,210,949
4,GET,211,865
4,GET,212,859
4,GET,213,812
4,GET,214,839
4,GET,215,792
4,GET,216,792
4,GET,217,782
4,GET,218,815
4,GET,219,790
4,GET,220,718
4,GET,221,725
4,GET,222,696
4,GET,223,706
4,GET,224,647
4,GET,225,682
4,GET,226,666
4,GET,227,647
4,GET,228,643
4,GET,229,642
4,GET,230,593
4,GET,231,637
4,GET,232,608
4,GET,233,548
4,GET,234,553
4,GET,235,597
4,GET,236,537
4,GET,237,544
4,GET,238,554
4,GET,239,530
4,GET,240,508
4,GET,241,504
4,GET,242,494
4,GET,243,525
4,GET,244,507
4,GET,245,437
4,GET,246,488
4,GET,247,468
4,GET,248,444
4,GET,249,497
4,GET,250,449
4,GET,251,432
4,GET,252,430
4,GET,253,414
4,GET,254,379
4,GET,255,399
4,GET,257,823
4,GET,259,762
4,GET,261,744
4,GET,263,710
4,GET,265,688
4,GET,267,623
4,GET,269,585
4,GET,271,584
4,GET,273,567
4,GET,275,545
4,GET,277,538
4,GET,279,502
4,GET,281,495
4,GET,283,512
4,GET,285,441
4,GET,287,443
4,GET,289,365
4,GET,291,345
4,GET,293,317
4,GET,295,361
4,GET,297,348
4,GET,299,304
4,GET,301,286
4,GET,303,293
4,GET,305,271
4,GET,307,253
4,GET,309,248
4,GET,311,223
4,GET,313,198
4,GET,315,187
4,GET,317,184
4,GET,319,138
4,GET,321,172
4,GET,323,169
4,GET,325,152
4,GET,327,137
4,GET,329,127
4,GET,331,128
4,GET,333,102
4,GET,335,101
4,GET,337,102
4,GET,339,91
4,GET,341,88
4,GET,343,79
4,GET,345,73
4,GET,347,78
4,GET,349,70
4,GET,351,49
4,GET,353,63
4,GET,355,57
4,GET,357,56
4,GET,359,53
4,GET,361,51
4,GET,363,43
4,GET,365,42
4,GET,367,37
4,GET,369,49
4,GET,371,37
4,GET,373,37
4,GET,375,36
4,GET,377,36
4,GET,379,24
4,GET,381,28
4,GET,383,17
4,GET,385,23
4,GET,387,16
4,GET,389,27
4,GET,391,19
4,GET,393,23
4,GET,395,19
4,GET,397,25
4,GET,399,22
4,GET,401,17
4,GET,403,20
4,GET,405,27
4,GET,407,14
4,GET,409,17
4,GET,411,2
4,GET,413,12
4,GET,415,9
4,GET,417,10
4,GET,419,8
4,GET,421,7
4,GET,423,9
4,GET,425,11
4,GET,427,8
4,GET,429,6
4,GET,431,10
4,GET,433,7
4,GET,435,9
4,GET,437,7
4,GET,439,14
4,GET,441,7
4,GET,443,5
4,GET,445,6
4,GET,447,11
4,GET,449,6
4,GET,451,4
4,GET,453,8
4,GET,455,7
4,GET,457,6
4,GET,459,4
4,GET,461,5
4,GET,463,4
4,GET,465,6
4,GET,467,6
4,GET,469,2
4,GET,471,2
4,GET,473,6
4,GET,475,3
4,GET,477,5
4,GET,479,3
4,GET,481,3
4,GET,483,2
4,GET,485,3
4,GET,487,2
4,GET,489,5
4,GET,491,1
4,GET,493,5
4,GET,495,2
4,GET,497,2
4,GET,499,2
4,GET,501,2
4,GET,503,2
4,GET,505,1
4,GET,509,1
4,GET,511,1
4,GET,515,4
4,GET,519,4
4,GET,523,4
4,GET,527,1
4,GET,531,3
4,GET,535,5
4,GET,539,3
4,GET,547,3
4,GET,551,1
4,GET,555,6
4,GET,559,3
4,GET,563,5
4,GET,567,5
4,GET,571,2
4,GET,575,1
4,GET,579,6
4,GET,583,2
4,GET,587,4
4,GET,591,3
4,GET,595,1
4,GET,599,6
4,GET,603,4
4,GET,607,2
4,GET,611,1
4,GET,615,4
4,GET,619,1
4,GET,623,1
4,GET,627,4
4,GET,631,6
4,GET,635,4
4,GET,639,3
4,GET,643,2
4,GET,647,2
4,GET,651,3
4,GET,655,2
4,GET,659,4
4,GET,663,1
4,GET,667,2
4,GET,671,3
4,GET,675,4
4,GET,679,1
4,GET,683,5
4,GET,687,2
4,GET,691,2
4,GET,699,4
4,GET,703,1
4,GET,707,1
4,GET,711,3
4,GET,715,2
4,GET,719,2
4,GET,723,1
4,GET,731,4
4,GET,735,1
4,GET,739,3
4,GET,747,3
4,GET,751,1
4,GET,755,1
4,GET,759,2
4,GET,763,4
4,GET,767,3
4,GET,771,2
4,GET,775,2
4,GET,783,1
4,GET,787,1
4,GET,791,1
4,GET,799,1
4,GET,803,1
4,GET,807,2
4,GET,815,2
4,GET,823,1
4,GET,839,1
4,GET,855,2
4,GET,879,1
4,GET,883,1
4,GET,915,1
4,GET,935,1
4,GET,947,1
4,GET,959,1
4,GET,967,2
4,GET,1071,1
4,GET,1103,1
4,GET,1135,1
4,GET,1151,1
4,GET,1159,2
4,GET,1191,1
4,GET,1207,1
4,GET,1223,1
4,GET,1247,3
4,GET,1263,1
4,GET,1287,1
4,GET,1295,1
4,GET,1311,1
4,GET,1319,1
4,GET,1351,1
4,GET,1375,1
4,GET,1407,1
4,GET,1423,1
4,GET,1431,1
4,GET,1447,1
4,GET,1455,1
4,GET,1463,1
4,GET,1471,1
4,GET,1503,1
4,GET,1511,1
4,GET,1519,2
4,GET,1527,1
4,GET,1535,1
4,GET,1559,2
4,GET,1567,1
4,GET,1591,1
4,GET,1599,1
4,GET,1623,3
4,GET,1639,1
4,GET,1647,1
4,GET,1655,1
4,GET,1703,1
4,GET,1727,3
4,GET,1743,2
4,GET,1751,3
4,GET,1767,1
4,GET,1775,1
4,GET,1783,1
4,GET,1799,2
4,GET,1823,3
4,GET,1839,2
4,GET,1847,1
4,GET,1863,2
4,GET,1879,2
4,GET,1895,1
4,GET,1903,2
4,GET,1911,1
4,GET,1919,1
4,GET,1927,1
4,GET,1935,2
4,GET,1943,2
4,GET,1959,2
4,GET,1967,1
4,GET,1975,1
4,GET,1983,3
4,GET,1991,2
4,GET,1999,1
4,GET,2007,3
4,GET,2015,2
4,GET,2039,6
4,GET,2047,3
4,GET,2063,4
4,GET,2079,2
4,GET,2095,5
4,GET,2111,5
4,GET,2127,4
4,GET,2143,7
4,GET,2159,4
4,GET,2175,2
4,GET,2191,6
4,GET,2207,7
4,GET,2223,3
4,GET,2239,3
4,GET,2255,7
4,GET,2271,1
4,GET,2287,5
4,GET,2303,5
4,GET,2319,3
4,GET,2335,2
4,GET,2351,6
4,GET,2383,5
4,GET,2399,4
4,GET,2447,1
4,GET,2463,2
4,GET,2479,2
4,GET,2495,2
4,GET,2511,2
4,GET,2559,1
4,GET,2591,3
4,GET,2623,1
4,GET,2655,1
4,GET,2719,2
4,GET,2799,1
4,GET,3087,1
4,GET,3215,1
4,GET,3263,1
4,GET,3295,1
4,GET,3423,1
4,GET,5279,1
4,GET,9663,1
5,DEL,75,1
5,DEL,76,1
5,DEL,77,4
5,DEL,78,9
5,DEL,79,12
5,DEL,80,21
5,DEL,81,33
5,DEL,82,44
5,DEL,83,62
5,DEL,84,63
5,DEL,85,91
5,DEL,86,114
5,DEL,87,137
5,DEL,88,143
5,DEL,89,230
5,DEL,90,232
5,DEL,91,308
5,DEL,92,329
5,DEL,93,331
5,DEL,94,446
5,DEL,95,484
5,DEL,96,510
5,DEL,97,661
5,DEL,98,632
5,DEL,99,702
5,DEL,100,823
5,DEL,101,888
5,DEL,102,902
5,DEL,103,970
5,DEL,104,1055
5,DEL,105,1094
5,DEL,106,1130
5,DEL,107,1167
5,DEL,108,1258
5,DEL,109,1254
5,DEL,110,1320
5,DEL,111,1388
5,DEL,112,1390
5,DEL,113,1565
5,DEL,114,1464
5,DEL,115,1514
5,DEL,116,1624
5,DEL,117,1676
5,DEL,118,1721
5,DEL,119,1665
5,DEL,120,1741
5,DEL,121,1775
5,DEL,122,1847
5,DEL,123,1912
5,DEL,124,1865
5,DEL,125,1810
5,DEL,126,1980
5,DEL,127,1922
5,DEL,128,1865
5,DEL,129,1983
5,DEL,130,1944
5,DEL,131,1983
5,DEL,132,1915
5,DEL,133,1880
5,DEL,134,1829
5,DEL,135,1871
5,DEL,136,1893
5,DEL,137,1911
5,DEL,138,1946
5,DEL,139,1871
5,DEL,140,1824
5,DEL,141,1814
5,DEL,142,1804
5,DEL,143,1839
5,DEL,144,1833
5,DEL,145,1832
5,DEL,146,1736
5,DEL,147,1741
5,DEL,148,1676
5,DEL,149,1696
5,DEL,150,1670
5,DEL,151,1583
5,DEL,152,1630
5,DEL,153,1519
5,DEL,154,1539
5,DEL,155,1472
5,DEL,156,1478
5,DEL,157,1513
5,DEL,158,1471
5,DEL,159,1443
5,DEL,160,1368
5,DEL,161,1300
5,DEL,162,1277
5,DEL,163,1265
5,DEL,164,1218
5,DEL,165,1163
5,DEL,166,1106
5,DEL,167,1183
5,DEL,168,1131
5,DEL,169,1022
5,DEL,170,1028
5,DEL,171,1067
5,DEL,172,1035
5,DEL,173,950
5,DEL,174,899
5,DEL,175,910
5,DEL,176,907
5,DEL,177,845
5,DEL,178,848
5,DEL,179,818
5,DEL,180,832
5,DEL,181,858
5,DEL,182,763
5,DEL,183,712
5,DEL,184,704
5,DEL,185,675
5,DEL,186,653
5,DEL,187,646
5,DEL,188,689
5,DEL,189,635
5,DEL,190,600
5,DEL,191,564
5,DEL,192,524
5,DEL,193,556
5,DEL,194,557
5,DEL,195,573
5,DEL,196,516
5,DEL,197,517
5,DEL,198,502
5,DEL,199,468
5,DEL,200,446
5,DEL,201,432
5,DEL,202,415
5,DEL,203,448
5,DEL,204,413
5,DEL,205,414
5,DEL,206,392
5,DEL,207,370
5,DEL,208,411
5,DEL,209,380
5,DEL,210,347
5,DEL,211,337
5,DEL,212,353
5,DEL,213,373
5,DEL,214,351
5,DEL,215,310
5,DEL,216,302
5,DEL,217,307
5,DEL,218,317
5,DEL,219,312
5,DEL,220,307
5,DEL,221,279
5,DEL,222,278
5,DEL,223,291
5,DEL,224,251
5,DEL,225,249
5,DEL,226,245
5,DEL,227,208
5,DEL,228,251
5,DEL,229,236
5,DEL,230,234
5,DEL,231,232
5,DEL,232,225
5,DEL,233,212
5,DEL,234,222
5,DEL,235,200
5,DEL,236,195
5,DEL,237,219
5,DEL,238,188
5,DEL,239,171
5,DEL,240,164
5,DEL,241,191
5,DEL,242,181
5,DEL,243,177
5,DEL,244,172
5,DEL,245,182
5,DEL,246,164
5,DEL,247,156
5,DEL,248,166
5,DEL,249,160
5,DEL,250,143
5,DEL,251,158
5,DEL,252,150
5,DEL,253,155
5,DEL,254,150
5,DEL,255,137
5,DEL,257,288
5,DEL,259,229
5,DEL,261,270
5,DEL,263,257
5,DEL,265,243
5,DEL,267,249
5,DEL,269,206
5,DEL,271,207
5,DEL,273,223
5,DEL,275,203
5,DEL,277,190
5,DEL,279,175
5,DEL,281,162
5,DEL,283,161
5,DEL,285,137
5,DEL,287,143
5,DEL,289,116
5,DEL,291,129
5,DEL,293,107
5,DEL,295,117
5,DEL,297,104
5,DEL,299,95
5,DEL,301,93
5,DEL,303,86
5,DEL,305,71
5,DEL,307,77
5,DEL,309,78
5,DEL,311,70
5,DEL,313,62
5,DEL,315,67
5,DEL,317,70
5,DEL,319,61
5,DEL,321,53
5,DEL,323,43
5,DEL,325,47
5,DEL,327,37
5,DEL,329,42
5,DEL,331,37
5,DEL,333,27
5,DEL,335,29
5,DEL,337,43
5,DEL,339,23
5,DEL,341,31
5,DEL,343,34
5,DEL,345,22
5,DEL,347,17
5,DEL,349,21
5,DEL,351,27
5,DEL,353,21
5,DEL,355,18
5,DEL,357,11
5,DEL,359,10
5,DEL,361,15
5,DEL,363,21
5,DEL,365,15
5,DEL,367,11
5,DEL,369,12
5,DEL,371,8
5,DEL,373,15
5,DEL,375,13
5,DEL,377,8
5,DEL,379,5
5,DEL,381,3
5,DEL,383,15
5,DEL,385,6
5,DEL,387,9
5,DEL,389,5
5,DEL,391,4
5,DEL,393,5
5,DEL,395,4
5,DEL,397,3
5,DEL,399,4
5,DEL,401,6
5,DEL,403,4
5,DEL,405,2
5,DEL,407,5
5,DEL,409,4
5,DEL,411,10
5,DEL,413,3
5,DEL,415,6
5,DEL,417,4
5,DEL,419,4
5,DEL,421,1
5,DEL,423,5
5,DEL,425,5
5,DEL,427,4
5,DEL,429,2
5,DEL,431,2
5,DEL,433,1
5,DEL,435,2
5,DEL,437,4
5,DEL,439,4
5,DEL,441,1
5,DEL,443,2
5,DEL,445,2
5,DEL,447,2
5,DEL,449,2
5,DEL,451,2
5,DEL,453,1
5,DEL,455,2
5,DEL,457,4
5,DEL,461,2
5,DEL,463,3
5,DEL,465,2
5,DEL,469,2
5,DEL,473,2
5,DEL,475,2
5,DEL,479,2
5,DEL,489,3
5,DEL,497,1
5,DEL,499,2
5,DEL,501,2
5,DEL,503,2
5,DEL,507,2
5,DEL,509,1
5,DEL,519,2
5,DEL,523,1
5,DEL,527,2
5,DEL,531,2
5,DEL,535,1
5,DEL,543,1
5,DEL,547,2
5,DEL,551,3
5,DEL,555,3
5,DEL,559,1
5,DEL,567,3
5,DEL,579,2
5,DEL,583,1
5,DEL,587,1
5,DEL,591,1
5,DEL,595,1
5,DEL,599,1
5,DEL,603,1
5,DEL,607,1
5,DEL,619,4
5,DEL,627,1
5,DEL,631,4
5,DEL,635,1
5,DEL,639,1
5,DEL,647,1
5,DEL,659,1
5,DEL,667,1
5,DEL,675,1
5,DEL,679,1
5,DEL,691,5
5,DEL,695,1
5,DEL,703,1
5,DEL,711,1
5,DEL,723,1
5,DEL,727,1
5,DEL,735,1
5,DEL,743,1
5,DEL,751,1
5,DEL,755,1
5,DEL,767,1
5,DEL,783,1
5,DEL,787,1
5,DEL,795,1
5,DEL,807,1
5,DEL,811,2
5,DEL,823,1
5,DEL,847,1
5,DEL,915,1
5,DEL,927,1
5,DEL,935,1
5,DEL,947,1
5,DEL,1019,1
5,DEL,1055,1
5,DEL,1079,1
5,DEL,1199,1
5,DEL,1207,1
5,DEL,1215,1
5,DEL,1263,1
5,DEL,1271,2
5,DEL,1287,2
5,DEL,1415,2
5,DEL,1423,2
5,DEL,1431,1
5,DEL,1439,1
5,DEL,1471,1
5,DEL,1511,1
5,DEL,1527,1
5,DEL,1583,1
5,DEL,1631,1
5,DEL,1703,1
5,DEL,1711,1
5,DEL,1759,1
5,DEL,1791,1
5,DEL,1799,1
5,DEL,1807,1
5,DEL,1823,1
5,DEL,1863,1
5,DEL,1911,1
5,DEL,1951,1
5,DEL,1967,1
5,DEL,1975,1
5,DEL,1991,2
5,DEL,1999,1
5,DEL,2015,2
5,DEL,2023,1
5,DEL,2031,1
5,DEL,2095,3
5,DEL,2127,3
5,DEL,2143,1
5,DEL,2191,2
5,DEL,2207,3
5,DEL,2223,2
5,DEL,2239,2
5,DEL,2287,1
5,DEL,2303,1
5,DEL,2319,2
5,DEL,2351,3
5,DEL,2383,1
5,DEL,2431,1
5,DEL,2463,1
5,DEL,2495,1
5,DEL,2511,1
5,DEL,2655,2
5,DEL,2751,1
5,DEL,2895,1
5,DEL,2959,1
5,DEL,3263,1
5,DEL,3839,1
5,DEL,5087,1
5,DEL,7071,1
5,DEL,10047,1
5,SET,80,1
5,SET,81,3
5,SET,82,6
5,SET,83,5
5,SET,84,6
5,SET,85,13
5,SET,86,16
5,SET,87,15
5,SET,88,22
5,SET,89,20
5,SET,90,28
5,SET,91,32
5,SET,92,36
5,SET,93,44
5,SET,94,65
5,SET,95,67
5,SET,96,65
5,SET,97,93
5,SET,98,89
5,SET,99,103
5,SET,100,122
5,SET,101,117
5,SET,102,141
5,SET,103,160
5,SET,104,160
5,SET,105,185
5,SET,106,207
5,SET,107,188
5,SET,108,197
5,SET,109,193
5,SET,110,193
5,SET,111,204
5,SET,112,240
5,SET,113,271
5,SET,114,266
5,SET,115,287
5,SET,116,264
5,SET,117,285
5,SET,118,308
5,SET,119,317
5,SET,120,319
5,SET,121,334
5,SET,122,308
5,SET,123,337
5,SET,124,328
5,SET,125,359
5,SET,126,371
5,SET,127,399
5,SET,128,368
5,SET,129,387
5,SET,130,390
5,SET,131,397
5,SET,132,333
5,SET,133,341
5,SET,134,366
5,SET,135,393
5,SET,136,373
5,SET,137,377
5,SET,138,390
5,SET,139,376
5,SET,140,400
5,SET,141,393
5,SET,142,414
5,SET,143,369
5,SET,144,352
5,SET,145,360
5,SET,146,349
5,SET,147,339
5,SET,148,355
5,SET,149,359
5,SET,150,386
5,SET,151,327
5,SET,152,340
5,SET,153,352
5,SET,154,318
5,SET,155,324
5,SET,156,308
5,SET,157,301
5,SET,158,327
5,SET,159,287
5,SET,160,320
5,SET,161,301
5,SET,162,261
5,SET,163,248
5,SET,164,279
5,SET,165,280
5,SET,166,244
5,SET,167,238
5,SET,168,220
5,SET,169,260
5,SET,170,260
5,SET,171,217
5,SET,172,208
5,SET,173,193
5,SET,174,237
5,SET,175,197
5,SET,176,196
5,SET,177,163
5,SET,178,176
5,SET,179,224
5,SET,180,198
5,SET,181,162
5,SET,182,174
5,SET,183,167
5,SET,184,174
5,SET,185,175
5,SET,186,127
5,SET,187,164
5,SET,188,133
5,SET,189,139
5,SET,190,139
5,SET,191,111
5,SET,192,136
5,SET,193,105
5,SET,194,93
5,SET,195,113
5,SET,196,133
5,SET,197,120
5,SET,198,110
5,SET,199,123
5,SET,200,95
5,SET,201,107
5,SET,202,120
5,SET,203,86
5,SET,204,87
5,SET,205,105
5,SET,206,87
5,SET,207,89
5,SET,208,88
5,SET,209,86
5,SET,210,87
5,SET,211,92
5,SET,212,83
5,SET,213,66
5,SET,214,82
5,SET,215,70
5,SET,216,58
5,SET,217,62
5,SET,218,60
5,SET,219,64
5,SET,220,64
5,SET,221,61
5,SET,222,64
5,SET,223,54
5,SET,224,67
5,SET,225,70
5,SET,226,66
5,SET,227,57
5,SET,228,56
5,SET,229,47
5,SET,230,53
5,SET,231,57
5,SET,232,51
5,SET,233,57
5,SET,234,62
5,SET,235,41
5,SET,236,53
5,SET,237,46
5,SET,238,32
5,SET,239,34
5,SET,240,40
5,SET,241,36
5,SET,242,37
5,SET,243,34
5,SET,244,47
5,SET,245,35
5,SET,246,40
5,SET,247,29
5,SET,248,37
5,SET,249,37
5,SET,250,30
5,SET,251,40
5,SET,252,41
5,SET,253,30
5,SET,254,24
5,SET,255,27
5,SET,257,63
5,SET,259,65
5,SET,261,45
5,SET,263,51
5,SET,265,41
5,SET,267,44
5,SET,269,55
5,SET,271,43
5,SET,273,40
5,SET,275,44
5,SET,277,37
5,SET,279,37
5,SET,281,34
5,SET,283,27
5,SET,285,35
5,SET,287,29
5,SET,289,24
5,SET,291,31
5,SET,293,23
5,SET,295,22
5,SET,297,18
5,SET,299,12
5,SET,301,23
5,SET,303,13
5,SET,305,19
5,SET,307,18
5,SET,309,25
5,SET,311,15
5,SET,313,15
5,SET,315,16
5,SET,317,16
5,SET,319,9
5,SET,321,6
5,SET,323,14
5,SET,325,10
5,SET,327,10
5,SET,329,10
5,SET,331,9
5,SET,333,6
5,SET,335,11
5,SET,337,5
5,SET,339,8
5,SET,341,4
5,SET,343,8
5,SET,345,5
5,SET,347,5
5,SET,349,7
5,SET,351,12
5,SET,353,3
5,SET,355,1
5,SET,357,4
5,SET,359,2
5,SET,361,2
5,SET,363,4
5,SET,365,3
5,SET,367,1
5,SET,369,3
5,SET,371,3
5,SET,373,2
5,SET,375,4
5,SET,377,2
5,SET,379,5
5,SET,381,1
5,SET,383,1
5,SET,387,3
5,SET,391,2
5,SET,393,1
5,SET,395,2
5,SET,397,1
5,SET,399,2
5,SET,401,1
5,SET,407,1
5,SET,409,2
5,SET,413,1
5,SET,415,2
5,SET,419,2
5,SET,423,1
5,SET,425,2
5,SET,427,2
5,SET,437,1
5,SET,439,1
5,SET,441,2
5,SET,447,1
5,SET,457,1
5,SET,465,2
5,SET,473,1
5,SET,487,2
5,SET,523,1
5,SET,527,1
5,SET,575,1
5,SET,587,1
5,SET,591,1
5,SET,595,1
5,SET,603,1
5,SET,619,1
5,SET,631,1
5,SET,639,1
5,SET,647,1
5,SET,695,1
5,SET,707,1
5,SET,747,1
5,SET,771,1
5,SET,787,1
5,SET,791,1
5,SET,847,1
5,SET,1087,1
5,SET,1247,1
5,SET,1319,1
5,SET,1423,1
5,SET,1503,1
5,SET,1671,1
5,SET,1711,1
5,SET,1767,1
5,SET,1887,1
5,SET,2007,1
5,SET,2031,1
5,SET,2063,1
5,SET,2111,1
5,SET,2159,1
5,SET,2191,1
5,SET,2223,1
5,SET,2287,1
5,SET,2495,1
5,GET,73,1
5,GET,74,2
5,GET,75,3
5,GET,76,8
5,GET,77,11
5,GET,78,25
5,GET,79,32
5,GET,80,61
5,GET,81,110
5,GET,82,147
5,GET,83,172
5,GET,84,241
5,GET,85,308
5,GET,86,374
5,GET,87,472
5,GET,88,553
5,GET,89,686
5,GET,90,748
5,GET,91,855
5,GET,92,993
5,GET,93,1095
5,GET,94,1256
5,GET,95,1474
5,GET,96,1627
5,GET,97,1769
5,GET,98,1962
5,GET,99,2225
5,GET,100,2441
5,GET,101,2630
5,GET,102,2669
5,GET,103,2930
5,GET,104,2974
5,GET,105,3179
5,GET,106,3184
5,GET,107,3386
5,GET,108,3540
5,GET,109,3698
5,GET,110,3799
5,GET,111,3943
5,GET,112,4147
5,GET,113,4208
5,GET,114,4333
5,GET,115,4418
5,GET,116,4566
5,GET,117,4634
5,GET,118,4831
5,GET,119,4785
5,GET,120,5047
5,GET,121,5048
5,GET,122,5251
5,GET,123,5432
5,GET,124,5397
5,GET,125,5204
5,GET,126,5271
5,GET,127,5276
5,GET,128,5378
5,GET,129,5434
5,GET,130,5309
5,GET,131,5427
5,GET,132,5311
5,GET,133,5310
5,GET,134,5247
5,GET,135,5163
5,GET,136,5153
5,GET,137,5221
5,GET,138,5338
5,GET,139,5270
5,GET,140,5199
5,GET,141,5278
5,GET,142,5150
5,GET,143,5036
5,GET,144,5126
5,GET,145,4882
5,GET,146,4977
5,GET,147,4723
5,GET,148,4676
5,GET,149,4651
5,GET,150,4648
5,GET,151,4361
5,GET,152,4379
5,GET,153,4367
5,GET,154,4276
5,GET,155,4075
5,GET,156,4035
5,GET,157,4025
5,GET,158,3708
5,GET,159,3794
5,GET,160,3804
5,GET,161,3643
5,GET,162,3548
5,GET,163,3450
5,GET,164,3400
5,GET,165,3264
5,GET,166,3193
5,GET,167,3105
5,GET,168,3100
5,GET,169,2952
5,GET,170,2865
5,GET,171,2757
5,GET,172,2617
5,GET,173,2579
5,GET,174,2630
5,GET,175,2515
5,GET,176,2390
5,GET,177,2348
5,GET,178,2323
5,GET,179,2230
5,GET,180,2181
5,GET,181,2143
5,GET,182,2024
5,GET,183,2069
5,GET,184,1968
5,GET,185,1962
5,GET,186,1812
5,GET,187,1745
5,GET,188,1738
5,GET,189,1698
5,GET,190,1599
5,GET,191,1569
5,GET,192,1468
5,GET,193,1488
5,GET,194,1417
5,GET,195,1481
5,GET,196,1386
5,GET,197,1417
5,GET,198,1352
5,GET,199,1296
5,GET,200,1274
5,GET,201,1185
5,GET,202,1179
5,GET,203,1183
5,GET,204,1172
5,GET,205,1069
5,GET,206,1100
5,GET,207,1035
5,GET,208,1023
5,GET,209,997
5,GET,210,976
5,GET,211,958
5,GET,212,885
5,GET,213,888
5,GET,214,855
5,GET,215,857
5,GET,216,830
5,GET,217,794
5,GET,218,807
5,GET,219,778
5,GET,220,765
5,GET,221,795
5,GET,222,746
5,GET,223,725
5,GET,224,740
5,GET,225,703
5,GET,226,713
5,GET,227,639
5,GET,228,640
5,GET,229,644
5,GET,230,617
5,GET,231,616
5,GET,232,573
5,GET,233,581
5,GET,234,600
5,GET,235,559
5,GET,236,505
5,GET,237,548
5,GET,238,563
5,GET,239,479
5,GET,240,544
5,GET,241,540
5,GET,242,501
5,GET,243,532
5,GET,244,498
5,GET,245,499
5,GET,246,448
5,GET,247,444
5,GET,248,492
5,GET,249,456
5,GET,250,415
5,GET,251,451
5,GET,252,406
5,GET,253,403
5,GET,254,390
5,GET,255,383
5,GET,257,748
5,GET,259,723
5,GET,261,708
5,GET,263,693
5,GET,265,600
5,GET,267,597
5,GET,269,552
5,GET,271,642
5,GET,273,534
5,GET,275,542
5,GET,277,506
5,GET,279,518
5,GET,281,451
5,GET,283,395
5,GET,285,378
5,GET,287,357
5,GET,289,380
5,GET,291,316
5,GET,293,353
5,GET,295,309
5,GET,297,312
5,GET,299,263
5,GET,301,282
5,GET,303,249
5,GET,305,222
5,GET,307,238
5,GET,309,218
5,GET,311,215
5,GET,313,192
5,GET,315,173
5,GET,317,175
5,GET,319,161
5,GET,321,129
5,GET,323,140
5,GET,325,147
5,GET,327,124
5,GET,329,118
5,GET,331,108
5,GET,333,101
5,GET,335,83
5,GET,337,109
5,GET,339,94
5,GET,341,68
5,GET,343,72
5,GET,345,61
5,GET,347,68
5,GET,349,70
5,GET,351,65
5,GET,353,52
5,GET,355,57
5,GET,357,46
5,GET,359,46
5,GET,361,41
5,GET,363,33
5,GET,365,36
5,GET,367,47
5,GET,369,42
5,GET,371,29
5,GET,373,30
5,GET,375,27
5,GET,377,27
5,GET,379,27
5,GET,381,32
5,GET,383,34
5,GET,385,25
5,GET,387,23
5,GET,389,26
5,GET,391,18
5,GET,393,13
5,GET,395,7
5,GET,397,15
5,GET,399,15
5,GET,401,10
5,GET,403,10
5,GET,405,14
5,GET,407,9
5,GET,409,12
5,GET,411,13
5,GET,413,10
5,GET,415,11
5,GET,417,10
5,GET,419,10
5,GET,421,11
5,GET,423,9
5,GET,425,5
5,GET,427,13
5,GET,429,4
5,GET,431,8
5,GET,433,8
5,GET,435,7
5,GET,437,5
5,GET,439,8
5,GET,441,11
5,GET,443,5
5,GET,445,7
5,GET,447,6
5,GET,449,3
5,GET,451,3
5,GET,453,6
5,GET,455,8
5,GET,457,3
5,GET,459,2
5,GET,461,4
5,GET,463,3
5,GET,465,7
5,GET,467,2
5,GET,469,6
5,GET,471,2
5,GET,473,5
5,GET,475,4
5,GET,477,1
5,GET,479,6
5,GET,481,1
5,GET,483,2
5,GET,485,2
5,GET,487,6
5,GET,489,3
5,GET,491,4
5,GET,493,4
5,GET,495,1
5,GET,497,5
5,GET,499,2
5,GET,501,2
5,GET,503,1
5,GET,505,4
5,GET,507,1
5,GET,509,2
5,GET,511,3
5,GET,515,4
5,GET,519,6
5,GET,523,4
5,GET,527,4
5,GET,531,6
5,GET,535,4
5,GET,539,4
5,GET,543,2
5,GET,551,3
5,GET,555,3
5,GET,559,3
5,GET,563,3
5,GET,567,3
5,GET,571,2
5,GET,575,4
5,GET,579,4
5,GET,583,2
5,GET,587,1
5,GET,591,3
5,GET,595,4
5,GET,599,2
5,GET,603,2
5,GET,607,8
5,GET,611,1
5,GET,615,6
5,GET,619,2
5,GET,623,2
5,GET,627,6
5,GET,631,1
5,GET,635,4
5,GET,639,6
5,GET,643,5
5,GET,647,8
5,GET,651,3
5,GET,655,4
5,GET,659,4
5,GET,663,3
5,GET,667,4
5,GET,671,2
5,GET,675,3
5,GET,679,1
5,GET,683,2
5,GET,687,1
5,GET,691,2
5,GET,695,2
5,GET,699,3
5,GET,703,4
5,GET,707,1
5,GET,715,2
5,GET,719,1
5,GET,723,1
5,GET,727,1
5,GET,731,1
5,GET,735,3
5,GET,739,2
5,GET,743,1
5,GET,747,2
5,GET,751,2
5,GET,755,1
5,GET,767,2
5,GET,775,5
5,GET,779,4
5,GET,787,1
5,GET,791,2
5,GET,795,2
5,GET,799,2
5,GET,819,1
5,GET,823,1
5,GET,827,2
5,GET,835,1
5,GET,847,3
5,GET,851,1
5,GET,855,2
5,GET,859,1
5,GET,867,2
5,GET,875,1
5,GET,887,1
5,GET,899,1
5,GET,915,1
5,GET,927,2
5,GET,943,1
5,GET,951,2
5,GET,999,1
5,GET,1003,1
5,GET,1039,1
5,GET,1087,1
5,GET,1095,2
5,GET,1111,1
5,GET,1143,1
5,GET,1159,1
5,GET,1239,1
5,GET,1247,1
5,GET,1327,1
5,GET,1335,1
5,GET,1343,1
5,GET,1359,1
5,GET,1367,1
5,GET,1383,1
5,GET,1391,1
5,GET,1399,2
5,GET,1407,1
5,GET,1415,1
5,GET,1423,1
5,GET,1431,1
5,GET,1455,1
5,GET,1463,2
5,GET,1487,1
5,GET,1495,1
5,GET,1503,1
5,GET,1511,1
5,GET,1519,1
5,GET,1527,1
5,GET,1535,3
5,GET,1567,1
5,GET,1575,1
5,GET,1591,2
5,GET,1599,1
5,GET,1607,1
5,GET,1623,3
5,GET,1639,1
5,GET,1647,1
5,GET,1655,1
5,GET,1663,1
5,GET,1679,3
5,GET,1687,1
5,GET,1695,1
5,GET,1703,2
5,GET,1711,1
5,GET,1719,1
5,GET,1735,1
5,GET,1743,2
5,GET,1767,2
5,GET,1775,1
5,GET,1807,1
5,GET,1823,1
5,GET,1839,1
5,GET,1847,2
5,GET,1855,2
5,GET,1863,2
5,GET,1887,4
5,GET,1903,1
5,GET,1911,2
5,GET,1919,1
5,GET,1927,1
5,GET,1935,1
5,GET,1943,1
5,GET,1959,2
5,GET,1967,1
5,GET,1975,3
5,GET,1983,2
5,GET,1991,1
5,GET,1999,1
5,GET,2007,1
5,GET,2015,3
5,GET,2031,3
5,GET,2039,1
5,GET,2047,4
5,GET,2063,2
5,GET,2079,2
5,GET,2095,3
5,GET,2111,4
5,GET,2127,5
5,GET,2143,2
5,GET,2159,3
5,GET,2175,11
5,GET,2191,5
5,GET,2207,7
5,GET,2223,3
5,GET,2239,1
5,GET,2255,3
5,GET,2271,3
5,GET,2287,4
5,GET,2303,1
5,GET,2319,6
5,GET,2335,5
5,GET,2351,7
5,GET,2367,2
5,GET,2383,4
5,GET,2415,2
5,GET,2431,2
5,GET,2447,2
5,GET,2463,2
5,GET,2479,1
5,GET,2495,4
5,GET,2511,2
5,GET,2527,2
5,GET,2559,1
5,GET,2575,1
5,GET,2591,1
5,GET,2607,1
5,GET,2623,2
5,GET,2687,1
5,GET,2783,1
5,GET,3279,1
6,DEL,74,1
6,DEL,76,2
6,DEL,77,3
6,DEL,78,10
6,DEL,79,12
6,DEL,80,16
6,DEL,81,25
6,DEL,82,40
6,DEL,83,61
6,DEL,84,79
6,DEL,85,85
6,DEL,86,134
6,DEL,87,150
6,DEL,88,170
6,DEL,89,204
6,DEL,90,235
6,DEL,91,260
6,DEL,92,312
6,DEL,93,364
6,DEL,94,397
6,DEL,95,455
6,DEL,96,509
6,DEL,97,598
6,DEL,98,650
6,DEL,99,748
6,DEL,100,781
6,DEL,101,840
6,DEL,102,861
6,DEL,103,1043
6,DEL,104,1035
6,DEL,105,1061
6,DEL,106,1103
6,DEL,107,1152
6,DEL,108,1268
6,DEL,109,1257
6,DEL,110,1334
6,DEL,111,1428
6,DEL,112,1419
6,DEL,113,1555
6,DEL,114,1534
6,DEL,115,1562
6,DEL,116,1588
6,DEL,117,1635
6,DEL,118,1721
6,DEL,119,1757
6,DEL,120,1840
6,DEL,121,1836
6,DEL,122,1795
6,DEL,123,1927
6,DEL,124,1878
6,DEL,125,1877
6,DEL,126,1917
6,DEL,127,1896
6,DEL,128,1917
6,DEL,129,1999
6,DEL,130,1956
6,DEL,131,1925
6,DEL,132,1864
6,DEL,133,1942
6,DEL,134,1877
6,DEL,135,1912
6,DEL,136,1891
6,DEL,137,1924
6,DEL,138,1857
6,DEL,139,1934
6,DEL,140,1913
6,DEL,141,1884
6,DEL,142,1843
6,DEL,143,1760
6,DEL,144,1856
6,DEL,145,1801
6,DEL,146,1704
6,DEL,147,1749
6,DEL,148,1631
6,DEL,149,1718
6,DEL,150,1603
6,DEL,151,1562
6,DEL,152,1483
6,DEL,153,1487
6,DEL,154,1472
6,DEL,155,1435
6,DEL,156,1418
6,DEL,157,1430
6,DEL,158,1396
6,DEL,159,1457
6,DEL,160,1387
6,DEL,161,1293
6,DEL,162,1226
6,DEL,163,1207
6,DEL,164,1195
6,DEL,165,1137
6,DEL,166,1167
6,DEL,167,1132
6,DEL,168,1052
6,DEL,169,1029
6,DEL,170,1068
6,DEL,171,1036
6,DEL,172,996
6,DEL,173,956
6,DEL,174,926
6,DEL,175,932
6,DEL,176,848
6,DEL,177,817
6,DEL,178,783
6,DEL,179,778
6,DEL,180,759
6,DEL,181,785
6,DEL,182,771
6,DEL,183,728
6,DEL,184,664
6,DEL,185,677
6,DEL,186,647
6,DEL,187,670
6,DEL,188,624
6,DEL,189,605
6,DEL,190,614
6,DEL,191,568
6,DEL,192,600
6,DEL,193,538
6,DEL,194,494
6,DEL,195,526
6,DEL,196,483
6,DEL,197,481
6,DEL,198,441
6,DEL,199,457
6,DEL,200,461
6,DEL,201,465
6,DEL,202,441
6,DEL,203,452
6,DEL,204,430
6,DEL,205,349
6,DEL,206,386
6,DEL,207,355
6,DEL,208,337
6,DEL,209,378
6,DEL,210,383
6,DEL,211,358
6,DEL,212,346
6,DEL,213,309
6,DEL,214,336
6,DEL,215,308
6,DEL,216,286
6,DEL,217,308
6,DEL,218,284
6,DEL,219,312
6,DEL,220,293
6,DEL,221,276
6,DEL,222,247
6,DEL,223,261
6,DEL,224,251
6,DEL,225,279
6,DEL,226,250
6,DEL,227,237
6,DEL,228,235
6,DEL,229,262
6,DEL,230,269
6,DEL,231,215
6,DEL,232,229
6,DEL,233,228
6,DEL,234,211
6,DEL,235,233
6,DEL,236,225
6,DEL,237,222
6,DEL,238,210
6,DEL,239,201
6,DEL,240,213
6,DEL,241,192
6,DEL,242,191
6,DEL,243,213
6,DEL,244,177
6,DEL,245,181
6,DEL,246,186
6,DEL,247,179
6,DEL,248,189
6,DEL,249,159
6,DEL,250,169
6,DEL,251,167
6,DEL,252,162
6,DEL,253,174
6,DEL,254,159
6,DEL,255,135
6,DEL,257,308
6,DEL,259,290
6,DEL,261,292
6,DEL,263,241
6,DEL,265,254
6,DEL,267,263
6,DEL,269,248
6,DEL,271,252
6,DEL,273,225
6,DEL,275,221
6,DEL,277,213
6,DEL,279,174
6,DEL,281,175
6,DEL,283,152
6,DEL,285,174
6,DEL,287,163
6,DEL,289,142
6,DEL,291,145
6,DEL,293,152
6,DEL,295,142
6,DEL,297,133
6,DEL,299,128
6,DEL,301,122
6,DEL,303,87
6,DEL,305,85
6,DEL,307,91
6,DEL,309,91
6,DEL,311,86
6,DEL,313,91
6,DEL,315,75
6,DEL,317,60
6,DEL,319,67
6,DEL,321,79
6,DEL,323,71
6,DEL,325,65
6,DEL,327,73
6,DEL,329,55
6,DEL,331,58
6,DEL,333,57
6,DEL,335,47
6,DEL,337,35
6,DEL,339,46
6,DEL,341,49
6,DEL,343,37
6,DEL,345,33
6,DEL,347,25
6,DEL,349,41
6,DEL,351,35
6,DEL,353,16
6,DEL,355,22
6,DEL,357,21
6,DEL,359,18
6,DEL,361,13
6,DEL,363,17
6,DEL,365,17
6,DEL,367,9
6,DEL,369,15
6,DEL,371,16
6,DEL,373,13
6,DEL,375,9
6,DEL,377,10
6,DEL,379,11
6,DEL,381,8
6,DEL,383,14
6,DEL,385,11
6,DEL,387,4
6,DEL,389,6
6,DEL,391,5
6,DEL,393,8
6,DEL,395,8
6,DEL,397,8
6,DEL,399,6
6,DEL,401,4
6,DEL,403,7
6,DEL,405,4
6,DEL,407,7
6,DEL,409,7
6,DEL,411,2
6,DEL,413,2
6,DEL,415,3
6,DEL,417,2
6,DEL,419,4
6,DEL,421,1
6,DEL,423,5
6,DEL,425,3
6,DEL,427,5
6,DEL,429,3
6,DEL,431,2
6,DEL,433,3
6,DEL,435,2
6,DEL,437,4
6,DEL,439,1
6,DEL,441,3
6,DEL,443,1
6,DEL,445,4
6,DEL,447,6
6,DEL,449,1
6,DEL,451,3
6,DEL,455,5
6,DEL,457,2
6,DEL,459,4
6,DEL,465,3
6,DEL,469,2
6,DEL,473,3
6,DEL,481,4
6,DEL,485,2
6,DEL,489,1
6,DEL,493,2
6,DEL,495,3
6,DEL,499,1
6,DEL,503,2
6,DEL,505,1
6,DEL,507,3
6,DEL,509,1
6,DEL,511,2
6,DEL,523,3
6,DEL,527,1
6,DEL,531,1
6,DEL,535,2
6,DEL,539,2
6,DEL,543,3
6,DEL,547,1
6,DEL,551,2
6,DEL,559,1
6,DEL,563,3
6,DEL,583,5
6,DEL,587,2
6,DEL,591,1
6,DEL,599,1
6,DEL,619,3
6,DEL,635,1
6,DEL,639,1
6,DEL,643,1
6,DEL,647,2
6,DEL,651,2
6,DEL,655,1
6,DEL,659,1
6,DEL,663,1
6,DEL,667,2
6,DEL,675,2
6,DEL,679,2
6,DEL,683,1
6,DEL,691,1
6,DEL,699,1
6,DEL,723,1
6,DEL,727,1
6,DEL,739,1
6,DEL,747,1
6,DEL,755,1
6,DEL,759,1
6,DEL,763,1
6,DEL,771,2
6,DEL,775,1
6,DEL,783,1
6,DEL,787,1
6,DEL,807,1
6,DEL,811,1
6,DEL,823,2
6,DEL,831,1
6,DEL,871,2
6,DEL,879,1
6,DEL,923,1
6,DEL,927,1
6,DEL,1127,1
6,DEL,1175,1
6,DEL,1319,1
6,DEL,1503,1
6,DEL,1535,1
6,DEL,1631,1
6,DEL,1639,1
6,DEL,1655,1
6,DEL,1671,1
6,DEL,1679,1
6,DEL,1703,1
6,DEL,1711,1
6,DEL,1775,2
6,DEL,1783,1
6,DEL,1823,1
6,DEL,1847,1
6,DEL,1863,1
6,DEL,1871,1
6,DEL,1879,1
6,DEL,1903,1
6,DEL,1919,1
6,DEL,1927,1
6,DEL,1943,1
6,DEL,1959,1
6,DEL,1967,1
6,DEL,1983,2
6,DEL,2023,1
6,DEL,2031,1
6,DEL,2063,2
6,DEL,2079,2
6,DEL,2095,2
6,DEL,2111,3
6,DEL,2143,2
6,DEL,2159,2
6,DEL,2175,3
6,DEL,2191,1
6,DEL,2207,1
6,DEL,2239,1
6,DEL,2255,4
6,DEL,2287,1
6,DEL,2303,2
6,DEL,2319,1
6,DEL,2367,1
6,DEL,2383,4
6,DEL,2399,1
6,DEL,2463,2
6,DEL,2495,1
6,DEL,2511,1
6,DEL,2543,1
6,DEL,2575,1
6,DEL,2639,1
6,DEL,2719,1
6,DEL,3215,1
6,DEL,3391,1
6,DEL,3471,1
6,DEL,7583,1
6,SET,80,1
6,SET,81,1
6,SET,82,6
6,SET,83,1
6,SET,84,6
6,SET,85,11
6,SET,86,12
6,SET,87,20
6,SET,88,18
6,SET,89,27
6,SET,90,41
6,SET,91,38
6,SET,92,36
6,SET,93,36
6,SET,94,56
6,SET,95,59
6,SET,96,68
6,SET,97,72
6,SET,98,79
6,SET,99,100
6,SET,100,118
6,SET,101,125
6,SET,102,141
6,SET,103,164
6,SET,104,166
6,SET,105,171
6,SET,106,183
6,SET,107,200
6,SET,108,201
6,SET,109,216
6,SET,110,218
6,SET,111,219
6,SET,112,220
6,SET,113,249
6,SET,114,269
6,SET,115,273
6,SET,116,280
6,SET,117,297
6,SET,118,322
6,SET,119,329
6,SET,120,347
6,SET,121,316
6,SET,122,363
6,SET,123,336
6,SET,124,346
6,SET,125,337
6,SET,126,378
6,SET,127,348
6,SET,128,332
6,SET,129,381
6,SET,130,391
6,SET,131,384
6,SET,132,391
6,SET,133,358
6,SET,134,372
6,SET,135,403
6,SET,136,352
6,SET,137,390
6,SET,138,395
6,SET,139,361
6,SET,140,413
6,SET,141,400
6,SET,142,386
6,SET,143,374
6,SET,144,409
6,SET,145,349
6,SET,146,361
6,SET,147,323
6,SET,148,366
6,SET,149,332
6,SET,150,348
6,SET,151,361
6,SET,152,322
6,SET,153,311
6,SET,154,304
6,SET,155,301
6,SET,156,292
6,SET,157,269
6,SET,158,304
6,SET,159,307
6,SET,160,268
6,SET,161,274
6,SET,162,259
6,SET,163,281
6,SET,164,267
6,SET,165,262
6,SET,166,255
6,SET,167,238
6,SET,168,224
6,SET,169,226
6,SET,170,240
6,SET,171,222
6,SET,172,210
6,SET,173,219
6,SET,174,211
6,SET,175,200
6,SET,176,203
6,SET,177,211
6,SET,178,179
6,SET,179,171
6,SET,180,177
6,SET,181,182
6,SET,182,168
6,SET,183,157
6,SET,184,156
6,SET,185,161
6,SET,186,123
6,SET,187,141
6,SET,188,147
6,SET,189,133
6,SET,190,117
6,SET,191,132
6,SET,192,136
6,SET,193,121
6,SET,194,121
6,SET,195,114
6,SET,196,108
6,SET,197,121
6,SET,198,98
6,SET,199,99
6,SET,200,106
6,SET,201,113
6,SET,202,92
6,SET,203,98
6,SET,204,91
6,SET,205,70
6,SET,206,83
6,SET,207,88
6,SET,208,80
6,SET,209,63
6,SET,210,81
6,SET,211,75
6,SET,212,68
6,SET,213,66
6,SET,214,69
6,SET,215,78
6,SET,216,79
6,SET,217,67
6,SET,218,68
6,SET,219,63
6,SET,220,70
6,SET,221,64
6,SET,222,56
6,SET,223,51
6,SET,224,68
6,SET,225,67
6,SET,226,46
6,SET,227,52
6,SET,228,43
6,SET,229,52
6,SET,230,54
6,SET,231,62
6,SET,232,54
6,SET,233,47
6,SET,234,47
6,SET,235,43
6,SET,236,38
6,SET,237,44
6,SET,238,33
6,SET,239,42
6,SET,240,34
6,SET,241,49
6,SET,242,46
6,SET,243,48
6,SET,244,35
6,SET,245,35
6,SET,246,45
6,SET,247,36
6,SET,248,44
6,SET,249,38
6,SET,250,52
6,SET,251,36
6,SET,252,48
6,SET,253,46
6,SET,254,25
6,SET,255,22
6,SET,257,61
6,SET,259,65
6,SET,261,60
6,SET,263,63
6,SET,265,56
6,SET,267,63
6,SET,269,60
6,SET,271,47
6,SET,273,32
6,SET,275,41
6,SET,277,38
6,SET,279,43
6,SET,281,31
6,SET,283,33
6,SET,285,38
6,SET,287,41
6,SET,289,38
6,SET,291,26
6,SET,293,33
6,SET,295,38
6,SET,297,27
6,SET,299,28
6,SET,301,33
6,SET,303,24
6,SET,305,17
6,SET,307,12
6,SET,309,10
6,SET,311,16
6,SET,313,20
6,SET,315,15
6,SET,317,11
6,SET,319,16
6,SET,321,12
6,SET,323,12
6,SET,325,14
6,SET,327,9
6,SET,329,8
6,SET,331,12
6,SET,333,3
6,SET,335,12
6,SET,337,4
6,SET,339,16
6,SET,341,7
6,SET,343,9
6,SET,345,6
6,SET,347,5
6,SET,349,9
6,SET,351,7
6,SET,353,7
6,SET,355,5
6,SET,357,7
6,SET,359,3
6,SET,361,1
6,SET,363,4
6,SET,365,7
6,SET,367,5
6,SET,369,3
6,SET,371,1
6,SET,373,3
6,SET,375,2
6,SET,377,6
6,SET,379,2
6,SET,381,5
6,SET,383,2
6,SET,385,2
6,SET,387,2
6,SET,389,4
6,SET,391,1
6,SET,393,4
6,SET,397,2
6,SET,399,2
6,SET,403,1
6,SET,405,1
6,SET,409,1
6,SET,411,1
6,SET,415,1
6,SET,417,1
6,SET,421,1
6,SET,425,2
6,SET,435,1
6,SET,437,2
6,SET,441,1
6,SET,445,1
6,SET,457,2
6,SET,459,1
6,SET,465,1
6,SET,489,1
6,SET,509,1
6,SET,515,2
6,SET,523,1
6,SET,527,2
6,SET,543,3
6,SET,555,1
6,SET,579,1
6,SET,583,1
6,SET,599,1
6,SET,611,2
6,SET,627,1
6,SET,631,1
6,SET,663,1
6,SET,679,1
6,SET,683,2
6,SET,691,1
6,SET,735,1
6,SET,767,1
6,SET,795,1
6,SET,819,1
6,SET,855,1
6,SET,867,1
6,SET,943,1
6,SET,1287,1
6,SET,1479,1
6,SET,1495,1
6,SET,1551,1
6,SET,1575,1
6,SET,1839,1
6,SET,1951,1
6,SET,2111,1
6,SET,2127,1
6,SET,2191,1
6,SET,2335,1
6,SET,2495,1
6,GET,74,1
6,GET,75,4
6,GET,76,10
6,GET,77,17
6,GET,78,26
6,GET,79,48
6,GET,80,62
6,GET,81,91
6,GET,82,129
6,GET,83,189
6,GET,84,236
6,GET,85,295
6,GET,86,373
6,GET,87,443
6,GET,88,551
6,GET,89,670
6,GET,90,805
6,GET,91,885
6,GET,92,996
6,GET,93,1075
6,GET,94,1247
6,GET,95,1421
6,GET,96,1553
6,GET,97,1724
6,GET,98,1931
6,GET,99,2153
6,GET,100,2243
6,GET,101,2383
6,GET,102,2687
6,GET,103,2778
6,GET,104,2952
6,GET,105,3211
6,GET,106,3229
6,GET,107,3489
6,GET,108,3587
6,GET,109,3614
6,GET,110,3816
6,GET,111,3863
6,GET,112,4134
6,GET,113,4234
6,GET,114,4425
6,GET,115,4546
6,GET,116,4564
6,GET,117,4788
6,GET,118,4992
6,GET,119,4964
6,GET,120,5026
6,GET,121,5114
6,GET,122,5167
6,GET,123,5362
6,GET,124,5259
6,GET,125,5329
6,GET,126,5316
6,GET,127,5406
6,GET,128,5318
6,GET,129,5350
6,GET,130,5395
6,GET,131,5345
6,GET,132,5368
6,GET,133,5348
6,GET,134,5321
6,GET,135,5385
6,GET,136,5212
6,GET,137,5244
6,GET,138,5315
6,GET,139,5264
6,GET,140,5056
6,GET,141,5195
6,GET,142,5148
6,GET,143,4959
6,GET,144,4912
6,GET,145,4879
6,GET,146,4793
6,GET,147,4787
6,GET,148,4691
6,GET,149,4618
6,GET,150,4525
6,GET,151,4361
6,GET,152,4319
6,GET,153,4285
6,GET,154,4158
6,GET,155,4094
6,GET,156,3970
6,GET,157,3881
6,GET,158,3770
6,GET,159,3685
6,GET,160,3741
6,GET,161,3637
6,GET,162,3449
6,GET,163,3314
6,GET,164,3336
6,GET,165,3208
6,GET,166,3131
6,GET,167,2966
6,GET,168,3029
6,GET,169,2780
6,GET,170,2724
6,GET,171,2726
6,GET,172,2671
6,GET,173,2479
6,GET,174,2451
6,GET,175,2477
6,GET,176,2371
6,GET,177,2265
6,GET,178,2216
6,GET,179,2203
6,GET,180,2237
6,GET,181,2095
6,GET,182,2034
6,GET,183,2004
6,GET,184,1854
6,GET,185,1821
6,GET,186,1839
6,GET,187,1779
6,GET,188,1662
6,GET,189,1722
6,GET,190,1598
6,GET,191,1462
6,GET,192,1538
6,GET,193,1481
6,GET,194,1446
6,GET,195,1376
6,GET,196,1366
6,GET,197,1394
6,GET,198,1369
6,GET,199,1335
6,GET,200,1150
6,GET,201,1263
6,GET,202,1200
6,GET,203,1123
6,GET,204,1129
6,GET,205,1105
6,GET,206,1040
6,GET,207,1009
6,GET,208,1013
6,GET,209,1026
6,GET,210,996
6,GET,211,901
6,GET,212,932
6,GET,213,918
6,GET,214,891
6,GET,215,897
6,GET,216,861
6,GET,217,838
6,GET,218,815
6,GET,219,795
6,GET,220,808
6,GET,221,821
6,GET,222,781
6,GET,223,723
6,GET,224,728
6,GET,225,711
6,GET,226,683
6,GET,227,690
6,GET,228,642
6,GET,229,626
6,GET,230,656
6,GET,231,638
6,GET,232,614
6,GET,233,636
6,GET,234,580
6,GET,235,640
6,GET,236,585
6,GET,237,590
6,GET,238,568
6,GET,239,572
6,GET,240,561
6,GET,241,550
6,GET,242,508
6,GET,243,506
6,GET,244,504
6,GET,245,534
6,GET,246,518
6,GET,247,500
6,GET,248,487
6,GET,249,457
6,GET,250,485
6,GET,251,489
6,GET,252,424
6,GET,253,464
6,GET,254,402
6,GET,255,423
6,GET,257,818
6,GET,259,782
6,GET,261,788
6,GET,263,721
6,GET,265,738
6,GET,267,719
6,GET,269,677
6,GET,271,580
6,GET,273,598
6,GET,275,573
6,GET,277,567
6,GET,279,541
6,GET,281,521
6,GET,283,501
6,GET,285,507
6,GET,287,420
6,GET,289,390
6,GET,291,434
6,GET,293,399
6,GET,295,361
6,GET,297,356
6,GET,299,312
6,GET,301,325
6,GET,303,268
6,GET,305,273
6,GET,307,287
6,GET,309,248
6,GET,311,240
6,GET,313,211
6,GET,315,210
6,GET,317,190
6,GET,319,187
6,GET,321,160
6,GET,323,159
6,GET,325,153
6,GET,327,134
6,GET,329,129
6,GET,331,115
6,GET,333,108
6,GET,335,111
6,GET,337,100
6,GET,339,92
6,GET,341,97
6,GET,343,87
6,GET,345,68
6,GET,347,79
6,GET,349,68
6,GET,351,59
6,GET,353,59
6,GET,355,63
6,GET,357,43
6,GET,359,63
6,GET,361,44
6,GET,363,48
6,GET,365,53
6,GET,367,40
6,GET,369,29
6,GET,371,36
6,GET,373,28
6,GET,375,35
6,GET,377,39
6,GET,379,20
6,GET,381,22
6,GET,383,31
6,GET,385,23
6,GET,387,25
6,GET,389,25
6,GET,391,23
6,GET,393,19
6,GET,395,19
6,GET,397,17
6,GET,399,14
6,GET,401,10
6,GET,403,18
6,GET,405,10
6,GET,407,13
6,GET,409,12
6,GET,411,12
6,GET,413,11
6,GET,415,13
6,GET,417,11
6,GET,419,9
6,GET,421,8
6,GET,423,12
6,GET,425,9
6,GET,427,9
6,GET,429,9
6,GET,431,11
6,GET,433,8
6,GET,435,3
6,GET,437,9
6,GET,439,1
6,GET,441,5
6,GET,443,10
6,GET,445,10
6,GET,447,8
6,GET,449,10
6,GET,451,3
6,GET,453,3
6,GET,455,10
6,GET,457,5
6,GET,459,2
6,GET,461,6
6,GET,463,4
6,GET,465,11
6,GET,467,1
6,GET,469,7
6,GET,471,9
6,GET,473,5
6,GET,475,4
6,GET,477,4
6,GET,479,5
6,GET,481,4
6,GET,483,1
6,GET,485,2
6,GET,487,2
6,GET,489,2
6,GET,491,1
6,GET,493,4
6,GET,495,1
6,GET,497,2
6,GET,499,2
6,GET,501,1
6,GET,503,1
6,GET,505,1
6,GET,507,1
6,GET,509,3
6,GET,515,5
6,GET,519,3
6,GET,523,5
6,GET,527,2
6,GET,531,6
6,GET,535,6
6,GET,539,1
6,GET,543,6
6,GET,547,4
6,GET,551,5
6,GET,555,3
6,GET,559,5
6,GET,563,4
6,GET,567,6
6,GET,571,8
6,GET,575,2
6,GET,579,2
6,GET,583,1
6,GET,587,4
6,GET,591,2
6,GET,595,3
6,GET,599,2
6,GET,603,3
6,GET,607,7
6,GET,611,7
6,GET,615,3
6,GET,619,7
6,GET,623,2
6,GET,627,3
6,GET,631,3
6,GET,635,4
6,GET,639,4
6,GET,643,3
6,GET,647,2
6,GET,651,3
6,GET,655,4
6,GET,659,2
6,GET,663,2
6,GET,667,4
6,GET,671,3
6,GET,675,2
6,GET,679,1
6,GET,683,1
6,GET,687,1
6,GET,691,1
6,GET,695,3
6,GET,699,1
6,GET,703,5
6,GET,707,2
6,GET,711,1
6,GET,715,3
6,GET,719,1
6,GET,723,1
6,GET,731,2
6,GET,735,2
6,GET,739,1
6,GET,743,3
6,GET,747,3
6,GET,751,1
6,GET,759,1
6,GET,763,2
6,GET,767,1
6,GET,775,3
6,GET,779,1
6,GET,783,5
6,GET,787,1
6,GET,791,3
6,GET,799,1
6,GET,803,2
6,GET,807,1
6,GET,811,1
6,GET,815,1
6,GET,819,1
6,GET,839,1
6,GET,843,1
6,GET,855,1
6,GET,867,1
6,GET,879,1
6,GET,899,1
6,GET,911,1
6,GET,915,1
6,GET,923,1
6,GET,939,1
6,GET,947,1
6,GET,951,1
6,GET,963,2
6,GET,987,2
6,GET,1007,1
6,GET,1015,2
6,GET,1047,1
6,GET,1063,1
6,GET,1087,1
6,GET,1095,1
6,GET,1103,1
6,GET,1159,1
6,GET,1223,1
6,GET,1231,1
6,GET,1255,1
6,GET,1263,1
6,GET,1279,2
6,GET,1319,2
6,GET,1351,3
6,GET,1359,1
6,GET,1367,1
6,GET,1383,1
6,GET,1415,1
6,GET,1423,1
6,GET,1431,1
6,GET,1447,1
6,GET,1455,2
6,GET,1471,3
6,GET,1495,2
6,GET,1503,1
6,GET,1511,1
6,GET,1527,1
6,GET,1543,1
6,GET,1559,1
6,GET,1567,1
6,GET,1575,1
6,GET,1615,1
6,GET,1623,1
6,GET,1639,1
6,GET,1647,1
6,GET,1655,4
6,GET,1679,2
6,GET,1695,1
6,GET,1711,2
6,GET,1727,1
6,GET,1735,1
6,GET,1743,2
6,GET,1767,4
6,GET,1791,1
6,GET,1799,2
6,GET,1815,2
6,GET,1823,1
6,GET,1855,1
6,GET,1863,1
6,GET,1871,1
6,GET,1879,2
6,GET,1887,1
6,GET,1903,2
6,GET,1911,2
6,GET,1919,1
6,GET,1935,1
6,GET,1943,2
6,GET,1951,1
6,GET,1959,4
6,GET,1967,1
6,GET,1983,2
6,GET,1991,3
6,GET,1999,2
6,GET,2007,2
6,GET,2015,2
6,GET,2023,2
6,GET,2031,1
6,GET,2039,2
6,GET,2047,3
6,GET,2063,3
6,GET,2079,4
6,GET,2095,2
6,GET,2111,5
6,GET,2127,5
6,GET,2143,3
6,GET,2159,6
6,GET,2175,4
6,GET,2191,3
6,GET,2207,2
6,GET,2223,3
6,GET,2239,4
6,GET,2255,4
6,GET,2271,3
6,GET,2303,2
6,GET,2319,3
6,GET,2335,2
6,GET,2351,3
6,GET,2367,3
6,GET,2383,5
6,GET,2399,4
6,GET,2415,7
6,GET,2431,4
6,GET,2447,3
6,GET,2463,1
6,GET,2479,1
6,GET,2495,2
6,GET,2511,1
6,GET,2527,2
6,GET,2543,2
6,GET,2607,1
6,GET,2623,3
6,GET,2911,1
6,GET,2959,1
6,GET,2991,1
6,GET,3471,1
6,GET,3487,1
6,GET,3647,1
6,GET,3823,1
6,GET,7039,1
7,SET,79,2
7,SET,80,2
7,SET,81,1
7,SET,82,2
7,SET,83,2
7,SET,84,9
7,SET,85,8
7,SET,86,11
7,SET,87,11
7,SET,88,13
7,SET,89,24
7,SET,90,32
7,SET,91,37
7,SET,92,35
7,SET,93,41
7,SET,94,50
7,SET,95,61
7,SET,96,63
7,SET,97,78
7,SET,98,76
7,SET,99,93
7,SET,100,98
7,SET,101,125
7,SET,102,126
7,SET,103,147
7,SET,104,145
7,SET,105,128
7,SET,106,158
7,SET,107,206
7,SET,108,196
7,SET,109,215
7,SET,110,192
7,SET,111,219
7,SET,112,248
7,SET,113,251
7,SET,114,229
7,SET,115,277
7,SET,116,281
7,SET,117,276
7,SET,118,295
7,SET,119,305
7,SET,120,297
7,SET,121,326
7,SET,122,351
7,SET,123,367
7,SET,124,331
7,SET,125,364
7,SET,126,375
7,SET,127,366
7,SET,128,344
7,SET,129,399
7,SET,130,375
7,SET,131,363
7,SET,132,358
7,SET,133,380
7,SET,134,348
7,SET,135,354
7,SET,136,378
7,SET,137,408
7,SET,138,386
7,SET,139,413
7,SET,140,375
7,SET,141,344
7,SET,142,397
7,SET,143,377
7,SET,144,385
7,SET,145,371
7,SET,146,378
7,SET,147,345
7,SET,148,333
7,SET,149,365
7,SET,150,350
7,SET,151,338
7,SET,152,282
7,SET,153,335
7,SET,154,367
7,SET,155,326
7,SET,156,297
7,SET,157,306
7,SET,158,305
7,SET,159,318
7,SET,160,289
7,SET,161,302
7,SET,162,267
7,SET,163,261
7,SET,164,267
7,SET,165,278
7,SET,166,256
7,SET,167,228
7,SET,168,268
7,SET,169,241
7,SET,170,212
7,SET,171,226
7,SET,172,228
7,SET,173,235
7,SET,174,202
7,SET,175,224
7,SET,176,231
7,SET,177,204
7,SET,178,184
7,SET,179,202
7,SET,180,179
7,SET,181,154
7,SET,182,159
7,SET,183,170
7,SET,184,142
7,SET,185,136
7,SET,186,138
7,SET,187,154
7,SET,188,150
7,SET,189,127
7,SET,190,133
7,SET,191,144
7,SET,192,130
7,SET,193,140
7,SET,194,120
7,SET,195,100
7,SET,196,101
7,SET,197,114
7,SET,198,125
7,SET,199,108
7,SET,200,105
7,SET,201,93
7,SET,202,99
7,SET,203,102
7,SET,204,87
7,SET,205,104
7,SET,206,92
7,SET,207,96
7,SET,208,62
7,SET,209,81
7,SET,210,96
7,SET,211,96
7,SET,212,66
7,SET,213,82
7,SET,214,59
7,SET,215,51
7,SET,216,77
7,SET,217,67
7,SET,218,66
7,SET,219,74
7,SET,220,68
7,SET,221,68
7,SET,222,58
7,SET,223,57
7,SET,224,63
7,SET,225,52
7,SET,226,56
7,SET,227,51
7,SET,228,63
7,SET,229,51
7,SET,230,48
7,SET,231,45
7,SET,232,50
7,SET,233,49
7,SET,234,57
7,SET,235,51
7,SET,236,53
7,SET,237,48
7,SET,238,48
7,SET,239,52
7,SET,240,47
7,SET,241,42
7,SET,242,44
7,SET,243,39
7,SET,244,51
7,SET,245,39
7,SET,246,49
7,SET,247,42
7,SET,248,30
7,SET,249,34
7,SET,250,38
7,SET,251,37
7,SET,252,36
7,SET,253,33
7,SET,254,27
7,SET,255,34
7,SET,257,75
7,SET,259,52
7,SET,261,60
7,SET,263,42
7,SET,265,53
7,SET,267,58
7,SET,269,59
7,SET,271,55
7,SET,273,49
7,SET,275,42
7,SET,277,41
7,SET,279,34
7,SET,281,33
7,SET,283,36
7,SET,285,31
7,SET,287,34
7,SET,289,31
7,SET,291,29
7,SET,293,34
7,SET,295,28
7,SET,297,26
7,SET,299,21
7,SET,301,19
7,SET,303,24
7,SET,305,15
7,SET,307,16
7,SET,309,21
7,SET,311,15
7,SET,313,17
7,SET,315,16
7,SET,317,15
7,SET,319,7
7,SET,321,19
7,SET,323,8
7,SET,325,22
7,SET,327,10
7,SET,329,10
7,SET,331,7
7,SET,333,8
7,SET,335,6
7,SET,337,8
7,SET,339,10
7,SET,341,9
7,SET,343,5
7,SET,345,5
7,SET,347,6
7,SET,349,5
7,SET,351,6
7,SET,353,6
7,SET,355,3
7,SET,357,6
7,SET,359,7
7,SET,361,4
7,SET,363,4
7,SET,365,3
7,SET,367,1
7,SET,369,4
7,SET,371,1
7,SET,373,6
7,SET,375,5
7,SET,377,4
7,SET,379,3
7,SET,381,6
7,SET,387,2
7,SET,389,1
7,SET,391,3
7,SET,393,3
7,SET,395,3
7,SET,397,1
7,SET,399,1
7,SET,403,1
7,SET,407,1
7,SET,409,2
7,SET,411,1
7,SET,413,1
7,SET,415,1
7,SET,421,1
7,SET,427,1
7,SET,429,2
7,SET,433,1
7,SET,445,1
7,SET,455,2
7,SET,457,1
7,SET,463,2
7,SET,465,1
7,SET,469,1
7,SET,473,1
7,SET,475,2
7,SET,477,1
7,SET,479,1
7,SET,483,1
7,SET,493,1
7,SET,503,2
7,SET,507,1
7,SET,527,1
7,SET,531,1
7,SET,543,2
7,SET,547,1
7,SET,559,2
7,SET,567,1
7,SET,571,1
7,SET,579,1
7,SET,651,1
7,SET,679,1
7,SET,711,1
7,SET,731,1
7,SET,847,1
7,SET,899,1
7,SET,1079,1
7,SET,1399,1
7,SET,1439,1
7,SET,1471,1
7,SET,1479,1
7,SET,1615,2
7,SET,1623,1
7,SET,1703,1
7,SET,1975,1
7,SET,2015,1
7,SET,2095,1
7,SET,2143,1
7,SET,2175,1
7,SET,2207,2
7,SET,2239,1
7,SET,2271,1
7,SET,2287,1
7,SET,2479,1
7,DEL,76,1
7,DEL,77,2
7,DEL,78,6
7,DEL,79,9
7,DEL,80,16
7,DEL,81,23
7,DEL,82,40
7,DEL,83,41
7,DEL,84,61
7,DEL,85,70
7,DEL,86,103
7,DEL,87,131
7,DEL,88,158
7,DEL,89,183
7,DEL,90,215
7,DEL,91,249
7,DEL,92,276
7,DEL,93,344
7,DEL,94,366
7,DEL,95,424
7,DEL,96,510
7,DEL,97,534
7,DEL,98,622
7,DEL,99,685
7,DEL,100,771
7,DEL,101,800
7,DEL,102,894
7,DEL,103,995
7,DEL,104,995
7,DEL,105,1016
7,DEL,106,1101
7,DEL,107,1145
7,DEL,108,1226
7,DEL,109,1243
7,DEL,110,1291
7,DEL,111,1330
7,DEL,112,1439
7,DEL,113,1498
7,DEL,114,1497
7,DEL,115,1515
7,DEL,116,1706
7,DEL,117,1607
7,DEL,118,1655
7,DEL,119,1669
7,DEL,120,1793
7,DEL,121,1816
7,DEL,122,1862
7,DEL,123,1894
7,DEL,124,1933
7,DEL,125,1897
7,DEL,126,1895
7,DEL,127,1863
7,DEL,128,1868
7,DEL,129,1946
7,DEL,130,1874
7,DEL,131,1911
7,DEL,132,1925
7,DEL,133,1895
7,DEL,134,1838
7,DEL,135,1838
7,DEL,136,1970
7,DEL,137,1941
7,DEL,138,1866
7,DEL,139,1823
7,DEL,140,1880
7,DEL,141,1896
7,DEL,142,1895
7,DEL,143,1844
7,DEL,144,1787
7,DEL,145,1735
7,DEL,146,1766
7,DEL,147,1684
7,DEL,148,1740
7,DEL,149,1806
7,DEL,150,1647
7,DEL,151,1600
7,DEL,152,1568
7,DEL,153,1525
7,DEL,154,1517
7,DEL,155,1511
7,DEL,156,1468
7,DEL,157,1420
7,DEL,158,1438
7,DEL,159,1387
7,DEL,160,1318
7,DEL,161,1326
7,DEL,162,1332
7,DEL,163,1257
7,DEL,164,1221
7,DEL,165,1238
7,DEL,166,1146
7,DEL,167,1204
7,DEL,168,1110
7,DEL,169,1106
7,DEL,170,1088
7,DEL,171,994
7,DEL,172,967
7,DEL,173,1011
7,DEL,174,935
7,DEL,175,978
7,DEL,176,920
7,DEL,177,864
7,DEL,178,814
7,DEL,179,775
7,DEL,180,791
7,DEL,181,799
7,DEL,182,723
7,DEL,183,782
7,DEL,184,714
7,DEL,185,670
7,DEL,186,731
7,DEL,187,669
7,DEL,188,622
7,DEL,189,653
7,DEL,190,608
7,DEL,191,586
7,DEL,192,546
7,DEL,193,584
7,DEL,194,531
7,DEL,195,517
7,DEL,196,514
7,DEL,197,488
7,DEL,198,482
7,DEL,199,476
7,DEL,200,460
7,DEL,201,458
7,DEL,202,461
7,DEL,203,425
7,DEL,204,409
7,DEL,205,387
7,DEL,206,389
7,DEL,207,392
7,DEL,208,376
7,DEL,209,347
7,DEL,210,335
7,DEL,211,350
7,DEL,212,367
7,DEL,213,338
7,DEL,214,341
7,DEL,215,324
7,DEL,216,281
7,DEL,217,293
7,DEL,218,273
7,DEL,219,319
7,DEL,220,267
7,DEL,221,307
7,DEL,222,277
7,DEL,223,275
7,DEL,224,248
7,DEL,225,256
7,DEL,226,195
7,DEL,227,238
7,DEL,228,236
7,DEL,229,233
7,DEL,230,247
7,DEL,231,233
7,DEL,232,233
7,DEL,233,210
7,DEL,234,223
7,DEL,235,212
7,DEL,236,210
7,DEL,237,210
7,DEL,238,187
7,DEL,239,201
7,DEL,240,202
7,DEL,241,192
7,DEL,242,190
7,DEL,243,212
7,DEL,244,176
7,DEL,245,163
7,DEL,246,188
7,DEL,247,181
7,DEL,248,198
7,DEL,249,163
7,DEL,250,151
7,DEL,251,172
7,DEL,252,138
7,DEL,253,161
7,DEL,254,152
7,DEL,255,147
7,DEL,257,306
7,DEL,259,306
7,DEL,261,269
7,DEL,263,252
7,DEL,265,277
7,DEL,267,214
7,DEL,269,251
7,DEL,271,218
7,DEL,273,221
7,DEL,275,199
7,DEL,277,172
7,DEL,279,181
7,DEL,281,154
7,DEL,283,129
7,DEL,285,155
7,DEL,287,160
7,DEL,289,166
7,DEL,291,120
7,DEL,293,112
7,DEL,295,126
7,DEL,297,117
7,DEL,299,118
7,DEL,301,110
7,DEL,303,96
7,DEL,305,97
7,DEL,307,82
7,DEL,309,79
7,DEL,311,66
7,DEL,313,63
7,DEL,315,66
7,DEL,317,68
7,DEL,319,72
7,DEL,321,67
7,DEL,323,67
7,DEL,325,53
7,DEL,327,56
7,DEL,329,53
7,DEL,331,48
7,DEL,333,43
7,DEL,335,35
7,DEL,337,48
7,DEL,339,18
7,DEL,341,31
7,DEL,343,30
7,DEL,345,27
7,DEL,347,37
7,DEL,349,24
7,DEL,351,26
7,DEL,353,31
7,DEL,355,23
7,DEL,357,19
7,DEL,359,19
7,DEL,361,24
7,DEL,363,12
7,DEL,365,9
7,DEL,367,14
7,DEL,369,12
7,DEL,371,8
7,DEL,373,12
7,DEL,375,9
7,DEL,377,5
7,DEL,379,9
7,DEL,381,11
7,DEL,383,5
7,DEL,385,8
7,DEL,387,7
7,DEL,389,8
7,DEL,391,9
7,DEL,393,6
7,DEL,395,6
7,DEL,397,6
7,DEL,399,9
7,DEL,401,7
7,DEL,403,8
7,DEL,405,4
7,DEL,407,5
7,DEL,409,4
7,DEL,411,3
7,DEL,413,2
7,DEL,415,5
7,DEL,417,4
7,DEL,419,2
7,DEL,421,5
7,DEL,423,2
7,DEL,427,1
7,DEL,429,5
7,DEL,431,3
7,DEL,435,1
7,DEL,439,1
7,DEL,441,3
7,DEL,443,4
7,DEL,445,2
7,DEL,447,2
7,DEL,449,2
7,DEL,451,2
7,DEL,455,3
7,DEL,457,2
7,DEL,465,2
7,DEL,467,1
7,DEL,469,1
7,DEL,471,1
7,DEL,473,3
7,DEL,477,4
7,DEL,479,2
7,DEL,481,1
7,DEL,483,1
7,DEL,485,1
7,DEL,487,1
7,DEL,491,1
7,DEL,493,1
7,DEL,495,2
7,DEL,497,2
7,DEL,499,1
7,DEL,501,1
7,DEL,507,1
7,DEL,509,2
7,DEL,515,1
7,DEL,519,1
7,DEL,523,1
7,DEL,527,4
7,DEL,535,2
7,DEL,539,1
7,DEL,547,3
7,DEL,555,1
7,DEL,559,3
7,DEL,567,4
7,DEL,571,3
7,DEL,575,1
7,DEL,579,2
7,DEL,583,3
7,DEL,587,1
7,DEL,591,2
7,DEL,595,2
7,DEL,607,2
7,DEL,611,1
7,DEL,627,1
7,DEL,639,2
7,DEL,651,3
7,DEL,667,2
7,DEL,671,1
7,DEL,675,3
7,DEL,679,1
7,DEL,687,2
7,DEL,691,2
7,DEL,699,1
7,DEL,703,2
7,DEL,707,1
7,DEL,711,3
7,DEL,715,1
7,DEL,723,2
7,DEL,731,1
7,DEL,743,3
7,DEL,747,1
7,DEL,755,1
7,DEL,759,1
7,DEL,767,1
7,DEL,787,1
7,DEL,795,2
7,DEL,839,1
7,DEL,843,1
7,DEL,847,1
7,DEL,883,1
7,DEL,1063,1
7,DEL,1111,1
7,DEL,1159,1
7,DEL,1199,1
7,DEL,1223,1
7,DEL,1247,1
7,DEL,1343,1
7,DEL,1359,1
7,DEL,1383,1
7,DEL,1407,1
7,DEL,1431,1
7,DEL,1439,1
7,DEL,1455,1
7,DEL,1527,1
7,DEL,1551,2
7,DEL,1591,1
7,DEL,1639,1
7,DEL,1647,2
7,DEL,1679,1
7,DEL,1687,1
7,DEL,1711,1
7,DEL,1727,2
7,DEL,1783,1
7,DEL,1799,1
7,DEL,1815,1
7,DEL,1895,2
7,DEL,1903,1
7,DEL,1951,1
7,DEL,1959,2
7,DEL,1967,1
7,DEL,1975,1
7,DEL,1983,1
7,DEL,1991,1
7,DEL,1999,1
7,DEL,2007,1
7,DEL,2015,1
7,DEL,2031,2
7,DEL,2039,1
7,DEL,2047,1
7,DEL,2063,2
7,DEL,2079,2
7,DEL,2111,4
7,DEL,2127,1
7,DEL,2143,2
7,DEL,2159,1
7,DEL,2175,1
7,DEL,2191,1
7,DEL,2207,2
7,DEL,2223,3
7,DEL,2239,1
7,DEL,2255,1
7,DEL,2271,1
7,DEL,2287,3
7,DEL,2303,3
7,DEL,2351,1
7,DEL,2383,2
7,DEL,2415,1
7,DEL,2463,1
7,DEL,2479,1
7,DEL,2527,2
7,DEL,2559,1
7,DEL,2591,2
7,DEL,2703,2
7,DEL,3119,1
7,DEL,3455,1
7,DEL,3535,1
7,GET,75,2
7,GET,76,6
7,GET,77,17
7,GET,78,19
7,GET,79,27
7,GET,80,68
7,GET,81,85
7,GET,82,118
7,GET,83,134
7,GET,84,177
7,GET,85,276
7,GET,86,343
7,GET,87,400
7,GET,88,496
7,GET,89,551
7,GET,90,685
7,GET,91,832
7,GET,92,912
7,GET,93,1059
7,GET,94,1188
7,GET,95,1369
7,GET,96,1531
7,GET,97,1696
7,GET,98,1800
7,GET,99,2036
7,GET,100,2215
7,GET,101,2452
7,GET,102,2599
7,GET,103,2775
7,GET,104,2955
7,GET,105,3022
7,GET,106,3131
7,GET,107,3413
7,GET,108,3471
7,GET,109,3721
7,GET,110,3733
7,GET,111,3940
7,GET,112,4077
7,GET,113,4079
7,GET,114,4288
7,GET,115,4506
7,GET,116,4533
7,GET,117,4611
7,GET,118,4870
7,GET,119,4956
7,GET,120,5061
7,GET,121,5198
7,GET,122,5179
7,GET,123,5189
7,GET,124,5192
7,GET,125,5275
7,GET,126,5394
7,GET,127,5475
7,GET,128,5217
7,GET,129,5388
7,GET,130,5419
7,GET,131,5477
7,GET,132,5281
7,GET,133,5309
7,GET,134,5358
7,GET,135,5293
7,GET,136,5413
7,GET,137,5247
7,GET,138,5328
7,GET,139,5129
7,GET,140,5200
7,GET,141,5361
7,GET,142,5083
7,GET,143,4991
7,GET,144,4982
7,GET,145,4940
7,GET,146,4941
7,GET,147,4763
7,GET,148,4748
7,GET,149,4785
7,GET,150,4757
7,GET,151,4411
7,GET,152,4349
7,GET,153,4268
7,GET,154,4275
7,GET,155,4121
7,GET,156,4072
7,GET,157,4043
7,GET,158,3884
7,GET,159,3706
7,GET,160,3689
7,GET,161,3637
7,GET,162,3640
7,GET,163,3459
7,GET,164,3464
7,GET,165,3366
7,GET,166,3249
7,GET,167,3081
7,GET,168,2967
7,GET,169,3008
7,GET,170,2934
7,GET,171,2782
7,GET,172,2655
7,GET,173,2639
7,GET,174,2639
7,GET,175,2516
7,GET,176,2530
7,GET,177,2432
7,GET,178,2319
7,GET,179,2312
7,GET,180,2136
7,GET,181,2154
7,GET,182,2092
7,GET,183,2080
7,GET,184,1960
7,GET,185,1911
7,GET,186,1858
7,GET,187,1795
7,GET,188,1732
7,GET,189,1744
7,GET,190,1586
7,GET,191,1605
7,GET,192,1572
7,GET,193,1508
7,GET,194,1496
7,GET,195,1408
7,GET,196,1370
7,GET,197,1377
7,GET,198,1320
7,GET,199,1340
7,GET,200,1288
7,GET,201,1245
7,GET,202,1183
7,GET,203,1145
7,GET,204,1116
7,GET,205,1108
7,GET,206,1084
7,GET,207,1079
7,GET,208,1035
7,GET,209,1093
7,GET,210,955
7,GET,211,938
7,GET,212,974
7,GET,213,937
7,GET,214,895
7,GET,215,870
7,GET,216,862
7,GET,217,813
7,GET,218,818
7,GET,219,776
7,GET,220,825
7,GET,221,761
7,GET,222,725
7,GET,223,772
7,GET,224,709
7,GET,225,724
7,GET,226,705
7,GET,227,697
7,GET,228,655
7,GET,229,660
7,GET,230,642
7,GET,231,594
7,GET,232,621
7,GET,233,589
7,GET,234,545
7,GET,235,590
7,GET,236,624
7,GET,237,538
7,GET,238,534
7,GET,239,549
7,GET,240,522
7,GET,241,506
7,GET,242,514
7,GET,243,505
7,GET,244,537
7,GET,245,498
7,GET,246,480
7,GET,247,475
7,GET,248,456
7,GET,249,475
7,GET,250,437
7,GET,251,404
7,GET,252,450
7,GET,253,431
7,GET,254,370
7,GET,255,394
7,GET,257,773
7,GET,259,734
7,GET,261,726
7,GET,263,719
7,GET,265,671
7,GET,267,658
7,GET,269,684
7,GET,271,581
7,GET,273,570
7,GET,275,555
7,GET,277,509
7,GET,279,480
7,GET,281,424
7,GET,283,424
7,GET,285,439
7,GET,287,422
7,GET,289,379
7,GET,291,364
7,GET,293,363
7,GET,295,343
7,GET,297,294
7,GET,299,289
7,GET,301,309
7,GET,303,265
7,GET,305,261
7,GET,307,227
7,GET,309,236
7,GET,311,200
7,GET,313,194
7,GET,315,157
7,GET,317,182
7,GET,319,182
7,GET,321,167
7,GET,323,149
7,GET,325,149
7,GET,327,129
7,GET,329,120
7,GET,331,111
7,GET,333,91
7,GET,335,89
7,GET,337,92
7,GET,339,84
7,GET,341,82
7,GET,343,71
7,GET,345,70
7,GET,347,75
7,GET,349,67
7,GET,351,58
7,GET,353,74
7,GET,355,51
7,GET,357,53
7,GET,359,49
7,GET,361,38
7,GET,363,40
7,GET,365,44
7,GET,367,30
7,GET,369,32
7,GET,371,34
7,GET,373,25
7,GET,375,22
7,GET,377,21
7,GET,379,17
7,GET,381,24
7,GET,383,23
7,GET,385,19
7,GET,387,23
7,GET,389,15
7,GET,391,13
7,GET,393,10
7,GET,395,20
7,GET,397,18
7,GET,399,15
7,GET,401,18
7,GET,403,10
7,GET,405,9
7,GET,407,19
7,GET,409,9
7,GET,411,8
7,GET,413,5
7,GET,415,5
7,GET,417,7
7,GET,419,8
7,GET,421,12
7,GET,423,9
7,GET,425,9
7,GET,427,7
7,GET,429,6
7,GET,431,7
7,GET,433,9
7,GET,435,7
7,GET,437,5
7,GET,439,10
7,GET,441,6
7,GET,443,8
7,GET,445,9
7,GET,447,5
7,GET,449,6
7,GET,451,8
7,GET,453,1
7,GET,455,9
7,GET,457,6
7,GET,459,4
7,GET,461,3
7,GET,463,2
7,GET,465,5
7,GET,467,1
7,GET,469,4
7,GET,471,2
7,GET,473,1
7,GET,475,6
7,GET,477,2
7,GET,479,2
7,GET,481,1
7,GET,483,6
7,GET,485,8
7,GET,487,5
7,GET,489,5
7,GET,491,2
7,GET,493,2
7,GET,495,4
7,GET,497,4
7,GET,499,1
7,GET,501,2
7,GET,503,4
7,GET,505,1
7,GET,507,2
7,GET,509,3
7,GET,511,3
7,GET,515,4
7,GET,519,5
7,GET,523,5
7,GET,527,7
7,GET,531,3
7,GET,535,1
7,GET,539,4
7,GET,543,4
7,GET,547,1
7,GET,551,4
7,GET,555,4
7,GET,559,4
7,GET,563,2
7,GET,567,3
7,GET,571,2
7,GET,575,2
7,GET,579,3
7,GET,583,4
7,GET,587,3
7,GET,591,3
7,GET,595,6
7,GET,599,4
7,GET,603,3
7,GET,607,1
7,GET,611,4
7,GET,615,5
7,GET,619,2
7,GET,623,3
7,GET,627,1
7,GET,631,5
7,GET,639,3
7,GET,643,2
7,GET,647,2
7,GET,651,2
7,GET,655,3
7,GET,659,2
7,GET,663,3
7,GET,667,1
7,GET,671,2
7,GET,675,4
7,GET,679,1
7,GET,683,2
7,GET,687,2
7,GET,691,1
7,GET,695,3
7,GET,699,2
7,GET,703,4
7,GET,707,3
7,GET,711,2
7,GET,715,1
7,GET,719,1
7,GET,727,2
7,GET,731,1
7,GET,735,1
7,GET,739,1
7,GET,743,1
7,GET,747,4
7,GET,751,3
7,GET,755,1
7,GET,759,1
7,GET,763,1
7,GET,775,2
7,GET,779,3
7,GET,791,1
7,GET,795,1
7,GET,807,2
7,GET,815,2
7,GET,819,2
7,GET,823,2
7,GET,839,2
7,GET,843,1
7,GET,847,1
7,GET,871,1
7,GET,875,1
7,GET,879,2
7,GET,899,1
7,GET,943,1
7,GET,947,1
7,GET,959,2
7,GET,991,1
7,GET,1047,1
7,GET,1071,2
7,GET,1119,3
7,GET,1127,1
7,GET,1135,2
7,GET,1143,1
7,GET,1159,1
7,GET,1199,2
7,GET,1223,1
7,GET,1239,1
7,GET,1255,1
7,GET,1263,1
7,GET,1271,2
7,GET,1295,1
7,GET,1303,2
7,GET,1311,1
7,GET,1327,1
7,GET,1335,1
7,GET,1359,1
7,GET,1375,3
7,GET,1383,1
7,GET,1391,1
7,GET,1415,1
7,GET,1463,1
7,GET,1471,1
7,GET,1479,1
7,GET,1487,1
7,GET,1495,1
7,GET,1503,1
7,GET,1511,2
7,GET,1551,1
7,GET,1559,1
7,GET,1567,1
7,GET,1575,1
7,GET,1615,1
7,GET,1631,1
7,GET,1639,1
7,GET,1647,1
7,GET,1671,1
7,GET,1687,1
7,GET,1703,2
7,GET,1711,1
7,GET,1735,2
7,GET,1759,1
7,GET,1775,1
7,GET,1783,2
7,GET,1823,1
7,GET,1831,4
7,GET,1839,1
7,GET,1847,1
7,GET,1855,2
7,GET,1863,2
7,GET,1871,2
7,GET,1879,1
7,GET,1887,1
7,GET,1903,1
7,GET,1911,3
7,GET,1919,1
7,GET,1935,5
7,GET,1959,2
7,GET,1967,1
7,GET,1975,1
7,GET,1983,2
7,GET,1991,1
7,GET,1999,2
7,GET,2023,3
7,GET,2031,4
7,GET,2039,2
7,GET,2047,3
7,GET,2063,2
7,GET,2079,4
7,GET,2095,4
7,GET,2111,1
7,GET,2127,3
7,GET,2143,7
7,GET,2159,6
7,GET,2175,5
7,GET,2191,4
7,GET,2207,3
7,GET,2223,2
7,GET,2255,4
7,GET,2271,3
7,GET,2287,4
7,GET,2303,4
7,GET,2319,3
7,GET,2335,5
7,GET,2351,5
7,GET,2367,1
7,GET,2383,4
7,GET,2399,3
7,GET,2415,2
7,GET,2431,4
7,GET,2447,5
7,GET,2463,1
7,GET,2511,1
7,GET,2543,2
7,GET,2575,1
7,GET,2607,1
7,GET,2671,1
7,GET,2703,1
7,GET,2767,1
7,GET,2847,1
7,GET,2927,1
7,GET,3039,1
7,GET,3311,1
7,GET,3327,1
7,GET,3919,1
7,GET,7359,1
8,SET,81,2
8,SET,82,1
8,SET,83,4
8,SET,84,3
8,SET,85,5
8,SET,86,5
8,SET,87,7
8,SET,88,14
8,SET,89,21
8,SET,90,27
8,SET,91,38
8,SET,92,30
8,SET,93,34
8,SET,94,49
8,SET,95,65
8,SET,96,55
8,SET,97,80
8,SET,98,94
8,SET,99,99
8,SET,100,103
8,SET,101,128
8,SET,102,142
8,SET,103,146
8,SET,104,133
8,SET,105,152
8,SET,106,190
8,SET,107,176
8,SET,108,180
8,SET,109,202
8,SET,110,245
8,SET,111,243
8,SET,112,236
8,SET,113,231
8,SET,114,260
8,SET,115,257
8,SET,116,285
8,SET,117,295
8,SET,118,291
8,SET,119,300
8,SET,120,329
8,SET,121,311
8,SET,122,329
8,SET,123,291
8,SET,124,347
8,SET,125,357
8,SET,126,334
8,SET,127,332
8,SET,128,369
8,SET,129,388
8,SET,130,392
8,SET,131,340
8,SET,132,377
8,SET,133,357
8,SET,134,386
8,SET,135,373
8,SET,136,363
8,SET,137,374
8,SET,138,406
8,SET,139,367
8,SET,140,378
8,SET,141,418
8,SET,142,375
8,SET,143,366
8,SET,144,387
8,SET,145,348
8,SET,146,364
8,SET,147,374
8,SET,148,348
8,SET,149,365
8,SET,150,368
8,SET,151,370
8,SET,152,341
8,SET,153,317
8,SET,154,308
8,SET,155,350
8,SET,156,332
8,SET,157,318
8,SET,158,306
8,SET,159,313
8,SET,160,290
8,SET,161,284
8,SET,162,304
8,SET,163,283
8,SET,164,289
8,SET,165,277
8,SET,166,237
8,SET,167,249
8,SET,168,237
8,SET,169,232
8,SET,170,266
8,SET,171,215
8,SET,172,231
8,SET,173,228
8,SET,174,218
8,SET,175,217
8,SET,176,200
8,SET,177,194
8,SET,178,188
8,SET,179,188
8,SET,180,171
8,SET,181,181
8,SET,182,184
8,SET,183,181
8,SET,184,149
8,SET,185,162
8,SET,186,160
8,SET,187,171
8,SET,188,148
8,SET,189,138
8,SET,190,149
8,SET,191,143
8,SET,192,128
8,SET,193,134
8,SET,194,108
8,SET,195,126
8,SET,196,117
8,SET,197,110
8,SET,198,89
8,SET,199,108
8,SET,200,126
8,SET,201,79
8,SET,202,111
8,SET,203,97
8,SET,204,92
8,SET,205,109
8,SET,206,94
8,SET,207,99
8,SET,208,92
8,SET,209,97
8,SET,210,81
8,SET,211,88
8,SET,212,73
8,SET,213,69
8,SET,214,55
8,SET,215,65
8,SET,216,75
8,SET,217,66
8,SET,218,74
8,SET,219,78
8,SET,220,52
8,SET,221,65
8,SET,222,52
8,SET,223,55
8,SET,224,70
8,SET,225,58
8,SET,226,55
8,SET,227,69
8,SET,228,56
8,SET,229,42
8,SET,230,63
8,SET,231,59
8,SET,232,63
8,SET,233,61
8,SET,234,45
8,SET,235,42
8,SET,236,50
8,SET,237,44
8,SET,238,45
8,SET,239,43
8,SET,240,55
8,SET,241,52
8,SET,242,43
8,SET,243,46
8,SET,244,45
8,SET,245,44
8,SET,246,34
8,SET,247,40
8,SET,248,29
8,SET,249,50
8,SET,250,28
8,SET,251,30
8,SET,252,34
8,SET,253,31
8,SET,254,41
8,SET,255,30
8,SET,257,66
8,SET,259,52
8,SET,261,63
8,SET,263,65
8,SET,265,53
8,SET,267,52
8,SET,269,51
8,SET,271,49
8,SET,273,60
8,SET,275,52
8,SET,277,43
8,SET,279,57
8,SET,281,41
8,SET,283,45
8,SET,285,36
8,SET,287,35
8,SET,289,37
8,SET,291,36
8,SET,293,29
8,SET,295,28
8,SET,297,30
8,SET,299,20
8,SET,301,26
8,SET,303,16
8,SET,305,21
8,SET,307,25
8,SET,309,19
8,SET,311,18
8,SET,313,17
8,SET,315,15
8,SET,317,17
8,SET,319,18
8,SET,321,21
8,SET,323,11
8,SET,325,15
8,SET,327,12
8,SET,329,17
8,SET,331,10
8,SET,333,11
8,SET,335,12
8,SET,337,13
8,SET,339,6
8,SET,341,8
8,SET,343,9
8,SET,345,6
8,SET,347,4
8,SET,349,7
8,SET,351,9
8,SET,353,3
8,SET,355,4
8,SET,357,6
8,SET,359,6
8,SET,361,3
8,SET,363,9
8,SET,365,3
8,SET,367,2
8,SET,369,3
8,SET,371,2
8,SET,373,3
8,SET,375,1
8,SET,381,10
8,SET,383,1
8,SET,385,1
8,SET,387,1
8,SET,393,2
8,SET,399,2
8,SET,405,2
8,SET,409,2
8,SET,425,1
8,SET,431,1
8,SET,437,1
8,SET,439,1
8,SET,441,1
8,SET,443,1
8,SET,445,1
8,SET,461,2
8,SET,465,1
8,SET,479,1
8,SET,499,1
8,SET,505,1
8,SET,507,2
8,SET,523,2
8,SET,531,1
8,SET,547,1
8,SET,551,1
8,SET,595,1
8,SET,615,1
8,SET,623,1
8,SET,627,2
8,SET,643,1
8,SET,651,1
8,SET,711,2
8,SET,795,1
8,SET,1019,1
8,SET,1055,1
8,SET,1375,1
8,SET,1887,1
8,SET,1911,1
8,SET,1983,1
8,SET,2031,1
8,SET,2079,1
8,SET,2095,1
8,SET,2191,1
8,SET,2223,1
8,SET,2351,1
8,SET,2495,1
8,GET,73,1
8,GET,75,2
8,GET,76,8
8,GET,77,16
8,GET,78,23
8,GET,79,46
8,GET,80,61
8,GET,81,102
8,GET,82,153
8,GET,83,157
8,GET,84,226
8,GET,85,278
8,GET,86,350
8,GET,87,416
8,GET,88,557
8,GET,89,567
8,GET,90,734
8,GET,91,798
8,GET,92,928
8,GET,93,1082
8,GET,94,1200
8,GET,95,1308
8,GET,96,1528
8,GET,97,1636
8,GET,98,1824
8,GET,99,2057
8,GET,100,2196
8,GET,101,2372
8,GET,102,2499
8,GET,103,2657
8,GET,104,2900
8,GET,105,3037
8,GET,106,3127
8,GET,107,3261
8,GET,108,3334
8,GET,109,3522
8,GET,110,3633
8,GET,111,3847
8,GET,112,3935
8,GET,113,3998
8,GET,114,4202
8,GET,115,4417
8,GET,116,4356
8,GET,117,4573
8,GET,118,4717
8,GET,119,4788
8,GET,120,5036
8,GET,121,5043
8,GET,122,5058
8,GET,123,5154
8,GET,124,5134
8,GET,125,5275
8,GET,126,5337
8,GET,127,5328
8,GET,128,5286
8,GET,129,5323
8,GET,130,5327
8,GET,131,5213
8,GET,132,5348
8,GET,133,5333
8,GET,134,5326
8,GET,135,5288
8,GET,136,5251
8,GET,137,5322
8,GET,138,5374
8,GET,139,5127
8,GET,140,5267
8,GET,141,5240
8,GET,142,5291
8,GET,143,4993
8,GET,144,5035
8,GET,145,4781
8,GET,146,4814
8,GET,147,4618
8,GET,148,4688
8,GET,149,4650
8,GET,150,4558
8,GET,151,4488
8,GET,152,4363
8,GET,153,4194
8,GET,154,4273
8,GET,155,4105
8,GET,156,4158
8,GET,157,4025
8,GET,158,3860
8,GET,159,3765
8,GET,160,3817
8,GET,161,3700
8,GET,162,3445
8,GET,163,3534
8,GET,164,3351
8,GET,165,3279
8,GET,166,3207
8,GET,167,3187
8,GET,168,3005
8,GET,169,2981
8,GET,170,2799
8,GET,171,2798
8,GET,172,2795
8,GET,173,2651
8,GET,174,2632
8,GET,175,2512
8,GET,176,2506
8,GET,177,2389
8,GET,178,2277
8,GET,179,2186
8,GET,180,2152
8,GET,181,2171
8,GET,182,2014
8,GET,183,2085
8,GET,184,1980
8,GET,185,1906
8,GET,186,1888
8,GET,187,1819
8,GET,188,1773
8,GET,189,1741
8,GET,190,1690
8,GET,191,1620
8,GET,192,1569
8,GET,193,1540
8,GET,194,1488
8,GET,195,1444
8,GET,196,1382
8,GET,197,1339
8,GET,198,1359
8,GET,199,1290
8,GET,200,1322
8,GET,201,1221
8,GET,202,1192
8,GET,203,1179
8,GET,204,1164
8,GET,205,1161
8,GET,206,1087
8,GET,207,1025
8,GET,208,1100
8,GET,209,1043
8,GET,210,983
8,GET,211,1007
8,GET,212,951
8,GET,213,933
8,GET,214,891
8,GET,215,881
8,GET,216,920
8,GET,217,853
8,GET,218,809
8,GET,219,851
8,GET,220,819
8,GET,221,764
8,GET,222,782
8,GET,223,767
8,GET,224,726
8,GET,225,750
8,GET,226,679
8,GET,227,713
8,GET,228,745
8,GET,229,654
8,GET,230,700
8,GET,231,661
8,GET,232,623
8,GET,233,634
8,GET,234,620
8,GET,235,608
8,GET,236,575
8,GET,237,576
8,GET,238,555
8,GET,239,574
8,GET,240,572
8,GET,241,546
8,GET,242,555
8,GET,243,536
8,GET,244,520
8,GET,245,473
8,GET,246,454
8,GET,247,455
8,GET,248,495
8,GET,249,460
8,GET,250,473
8,GET,251,474
8,GET,252,438
8,GET,253,438
8,GET,254,411
8,GET,255,453
8,GET,257,857
8,GET,259,817
8,GET,261,758
8,GET,263,735
8,GET,265,729
8,GET,267,715
8,GET,269,683
8,GET,271,599
8,GET,273,627
8,GET,275,621
8,GET,277,560
8,GET,279,493
8,GET,281,509
8,GET,283,481
8,GET,285,468
8,GET,287,417
8,GET,289,396
8,GET,291,404
8,GET,293,377
8,GET,295,399
8,GET,297,344
8,GET,299,331
8,GET,301,295
8,GET,303,326
8,GET,305,255
8,GET,307,270
8,GET,309,264
8,GET,311,223
8,GET,313,239
8,GET,315,220
8,GET,317,194
8,GET,319,196
8,GET,321,166
8,GET,323,142
8,GET,325,159
8,GET,327,158
8,GET,329,151
8,GET,331,147
8,GET,333,124
8,GET,335,116
8,GET,337,99
8,GET,339,98
8,GET,341,90
8,GET,343,88
8,GET,345,73
8,GET,347,77
8,GET,349,82
8,GET,351,69
8,GET,353,60
8,GET,355,55
8,GET,357,64
8,GET,359,55
8,GET,361,50
8,GET,363,47
8,GET,365,60
8,GET,367,32
8,GET,369,40
8,GET,371,32
8,GET,373,31
8,GET,375,47
8,GET,377,32
8,GET,379,27
8,GET,381,21
8,GET,383,25
8,GET,385,17
8,GET,387,21
8,GET,389,16
8,GET,391,20
8,GET,393,21
8,GET,395,20
8,GET,397,19
8,GET,399,16
8,GET,401,12
8,GET,403,13
8,GET,405,14
8,GET,407,16
8,GET,409,8
8,GET,411,11
8,GET,413,17
8,GET,415,10
8,GET,417,11
8,GET,419,12
8,GET,421,10
8,GET,423,8
8,GET,425,8
8,GET,427,10
8,GET,429,10
8,GET,431,5
8,GET,433,8
8,GET,435,6
8,GET,437,4
8,GET,439,4
8,GET,441,4
8,GET,443,7
8,GET,445,8
8,GET,447,2
8,GET,449,7
8,GET,451,6
8,GET,453,6
8,GET,455,5
8,GET,457,4
8,GET,459,8
8,GET,461,3
8,GET,463,2
8,GET,465,5
8,GET,467,3
8,GET,469,4
8,GET,471,5
8,GET,473,4
8,GET,475,5
8,GET,477,1
8,GET,479,1
8,GET,481,3
8,GET,483,2
8,GET,489,4
8,GET,491,3
8,GET,493,4
8,GET,495,5
8,GET,497,1
8,GET,499,3
8,GET,501,1
8,GET,503,2
8,GET,505,1
8,GET,507,2
8,GET,509,1
8,GET,511,1
8,GET,515,8
8,GET,519,5
8,GET,523,2
8,GET,527,8
8,GET,531,5
8,GET,535,2
8,GET,539,3
8,GET,543,7
8,GET,547,2
8,GET,551,3
8,GET,555,4
8,GET,559,5
8,GET,563,4
8,GET,567,3
8,GET,571,5
8,GET,575,1
8,GET,579,4
8,GET,583,3
8,GET,587,3
8,GET,591,7
8,GET,595,3
8,GET,599,2
8,GET,603,2
8,GET,607,4
8,GET,611,5
8,GET,615,5
8,GET,619,5
8,GET,623,5
8,GET,627,3
8,GET,635,2
8,GET,639,1
8,GET,643,2
8,GET,647,3
8,GET,651,1
8,GET,655,1
8,GET,659,8
8,GET,663,3
8,GET,671,4
8,GET,675,2
8,GET,679,1
8,GET,683,1
8,GET,687,1
8,GET,695,3
8,GET,699,2
8,GET,703,3
8,GET,707,2
8,GET,711,2
8,GET,715,1
8,GET,723,5
8,GET,727,1
8,GET,731,2
8,GET,735,1
8,GET,739,1
8,GET,743,2
8,GET,751,2
8,GET,755,2
8,GET,763,3
8,GET,771,1
8,GET,779,1
8,GET,783,1
8,GET,787,1
8,GET,791,1
8,GET,795,2
8,GET,799,1
8,GET,803,1
8,GET,807,2
8,GET,811,3
8,GET,823,2
8,GET,827,1
8,GET,839,1
8,GET,847,1
8,GET,851,1
8,GET,863,1
8,GET,867,1
8,GET,875,1
8,GET,879,1
8,GET,883,1
8,GET,887,1
8,GET,895,1
8,GET,903,2
8,GET,915,1
8,GET,919,1
8,GET,923,1
8,GET,931,1
8,GET,963,1
8,GET,979,1
8,GET,1071,1
8,GET,1079,2
8,GET,1095,1
8,GET,1127,1
8,GET,1135,2
8,GET,1151,1
8,GET,1159,2
8,GET,1191,1
8,GET,1199,2
8,GET,1231,2
8,GET,1239,1
8,GET,1247,1
8,GET,1263,1
8,GET,1279,1
8,GET,1295,1
8,GET,1311,1
8,GET,1319,1
8,GET,1327,1
8,GET,1343,1
8,GET,1367,1
8,GET,1375,1
8,GET,1383,3
8,GET,1391,2
8,GET,1423,1
8,GET,1431,1
8,GET,1439,1
8,GET,1447,1
8,GET,1463,3
8,GET,1471,3
8,GET,1479,1
8,GET,1487,2
8,GET,1495,2
8,GET,1503,1
8,GET,1511,4
8,GET,1527,2
8,GET,1551,1
8,GET,1567,1
8,GET,1575,1
8,GET,1591,1
8,GET,1607,1
8,GET,1615,1
8,GET,1631,1
8,GET,1671,2
8,GET,1679,2
8,GET,1687,2
8,GET,1695,1
8,GET,1711,1
8,GET,1719,1
8,GET,1743,1
8,GET,1759,1
8,GET,1807,1
8,GET,1855,1
8,GET,1895,4
8,GET,1903,2
8,GET,1911,3
8,GET,1935,3
8,GET,1943,2
8,GET,1951,2
8,GET,1959,1
8,GET,1967,1
8,GET,1975,1
8,GET,1983,2
8,GET,1991,4
8,GET,1999,2
8,GET,2015,1
8,GET,2023,2
8,GET,2031,2
8,GET,2047,5
8,GET,2063,3
8,GET,2079,2
8,GET,2095,3
8,GET,2111,8
8,GET,2127,3
8,GET,2143,9
8,GET,2159,4
8,GET,2175,4
8,GET,2191,1
8,GET,2207,4
8,GET,2223,4
8,GET,2239,2
8,GET,2255,1
8,GET,2271,6
8,GET,2287,4
8,GET,2303,4
8,GET,2319,3
8,GET,2335,3
8,GET,2351,8
8,GET,2367,8
8,GET,2383,4
8,GET,2399,3
8,GET,2415,3
8,GET,2431,1
8,GET,2447,3
8,GET,2463,1
8,GET,2479,1
8,GET,2511,1
8,GET,2527,2
8,GET,2543,2
8,GET,2575,2
8,GET,2623,1
8,GET,2655,1
8,GET,2799,1
8,GET,2815,1
8,GET,2863,1
8,GET,2895,1
8,GET,3039,1
8,GET,3151,1
8,GET,3199,1
8,GET,3295,1
8,GET,3599,1
8,GET,3695,1
8,GET,4127,1
8,GET,7807,1
8,DEL,76,1
8,DEL,77,4
8,DEL,78,2
8,DEL,79,10
8,DEL,80,19
8,DEL,81,21
8,DEL,82,32
8,DEL,83,58
8,DEL,84,73
8,DEL,85,83
8,DEL,86,123
8,DEL,87,132
8,DEL,88,169
8,DEL,89,201
8,DEL,90,248
8,DEL,91,268
8,DEL,92,294
8,DEL,93,353
8,DEL,94,422
8,DEL,95,419
8,DEL,96,485
8,DEL,97,570
8,DEL,98,640
8,DEL,99,701
8,DEL,100,674
8,DEL,101,784
8,DEL,102,869
8,DEL,103,902
8,DEL,104,919
8,DEL,105,1045
8,DEL,106,1110
8,DEL,107,1171
8,DEL,108,1188
8,DEL,109,1225
8,DEL,110,1317
8,DEL,111,1339
8,DEL,112,1367
8,DEL,113,1492
8,DEL,114,1506
8,DEL,115,1528
8,DEL,116,1564
8,DEL,117,1561
8,DEL,118,1698
8,DEL,119,1631
8,DEL,120,1784
8,DEL,121,1818
8,DEL,122,1762
8,DEL,123,1832
8,DEL,124,1893
8,DEL,125,1908
8,DEL,126,1930
8,DEL,127,1897
8,DEL,128,1898
8,DEL,129,1895
8,DEL,130,1937
8,DEL,131,1875
8,DEL,132,1844
8,DEL,133,1866
8,DEL,134,1867
8,DEL,135,1858
8,DEL,136,1898
8,DEL,137,1892
8,DEL,138,1878
8,DEL,139,1870
8,DEL,140,1943
8,DEL,141,1818
8,DEL,142,1850
8,DEL,143,1871
8,DEL,144,1797
8,DEL,145,1820
8,DEL,146,1870
8,DEL,147,1706
8,DEL,148,1707
8,DEL,149,1652
8,DEL,150,1677
8,DEL,151,1564
8,DEL,152,1569
8,DEL,153,1565
8,DEL,154,1473
8,DEL,155,1474
8,DEL,156,1450
8,DEL,157,1379
8,DEL,158,1374
8,DEL,159,1289
8,DEL,160,1435
8,DEL,161,1302
8,DEL,162,1374
8,DEL,163,1264
8,DEL,164,1191
8,DEL,165,1191
8,DEL,166,1233
8,DEL,167,1123
8,DEL,168,1104
8,DEL,169,1049
8,DEL,170,1045
8,DEL,171,1018
8,DEL,172,1029
8,DEL,173,996
8,DEL,174,975
8,DEL,175,922
8,DEL,176,886
8,DEL,177,832
8,DEL,178,843
8,DEL,179,809
8,DEL,180,830
8,DEL,181,842
8,DEL,182,736
8,DEL,183,757
8,DEL,184,705
8,DEL,185,738
8,DEL,186,670
8,DEL,187,690
8,DEL,188,650
8,DEL,189,655
8,DEL,190,634
8,DEL,191,559
8,DEL,192,586
8,DEL,193,553
8,DEL,194,552
8,DEL,195,530
8,DEL,196,525
8,DEL,197,523
8,DEL,198,537
8,DEL,199,459
8,DEL,200,430
8,DEL,201,468
8,DEL,202,392
8,DEL,203,427
8,DEL,204,415
8,DEL,205,401
8,DEL,206,363
8,DEL,207,378
8,DEL,208,389
8,DEL,209,397
8,DEL,210,375
8,DEL,211,314
8,DEL,212,329
8,DEL,213,334
8,DEL,214,319
8,DEL,215,295
8,DEL,216,305
8,DEL,217,323
8,DEL,218,304
8,DEL,219,312
8,DEL,220,298
8,DEL,221,252
8,DEL,222,284
8,DEL,223,269
8,DEL,224,256
8,DEL,225,263
8,DEL,226,244
8,DEL,227,247
8,DEL,228,266
8,DEL,229,242
8,DEL,230,248
8,DEL,231,220
8,DEL,232,237
8,DEL,233,226
8,DEL,234,246
8,DEL,235,227
8,DEL,236,243
8,DEL,237,212
8,DEL,238,221
8,DEL,239,224
8,DEL,240,211
8,DEL,241,203
8,DEL,242,189
8,DEL,243,179
8,DEL,244,182
8,DEL,245,202
8,DEL,246,210
8,DEL,247,178
8,DEL,248,167
8,DEL,249,188
8,DEL,250,152
8,DEL,251,174
8,DEL,252,171
8,DEL,253,167
8,DEL,254,167
8,DEL,255,171
8,DEL,257,295
8,DEL,259,292
8,DEL,261,285
8,DEL,263,266
8,DEL,265,263
8,DEL,267,239
8,DEL,269,252
8,DEL,271,231
8,DEL,273,221
8,DEL,275,232
8,DEL,277,183
8,DEL,279,199
8,DEL,281,190
8,DEL,283,201
8,DEL,285,178
8,DEL,287,166
8,DEL,289,158
8,DEL,291,150
8,DEL,293,142
8,DEL,295,140
8,DEL,297,111
8,DEL,299,127
8,DEL,301,111
8,DEL,303,122
8,DEL,305,97
8,DEL,307,108
8,DEL,309,101
8,DEL,311,81
8,DEL,313,84
8,DEL,315,64
8,DEL,317,74
8,DEL,319,64
8,DEL,321,56
8,DEL,323,61
8,DEL,325,60
8,DEL,327,60
8,DEL,329,55
8,DEL,331,46
8,DEL,333,47
8,DEL,335,44
8,DEL,337,37
8,DEL,339,35
8,DEL,341,34
8,DEL,343,28
8,DEL,345,44
8,DEL,347,22
8,DEL,349,19
8,DEL,351,28
8,DEL,353,21
8,DEL,355,18
8,DEL,357,21
8,DEL,359,20
8,DEL,361,14
8,DEL,363,10
8,DEL,365,12
8,DEL,367,18
8,DEL,369,16
8,DEL,371,13
8,DEL,373,8
8,DEL,375,14
8,DEL,377,6
8,DEL,379,11
8,DEL,381,5
8,DEL,383,5
8,DEL,385,9
8,DEL,387,7
8,DEL,389,6
8,DEL,391,8
8,DEL,393,6
8,DEL,395,8
8,DEL,397,3
8,DEL,399,5
8,DEL,401,7
8,DEL,403,9
8,DEL,405,5
8,DEL,407,6
8,DEL,409,7
8,DEL,411,1
8,DEL,413,3
8,DEL,415,4
8,DEL,417,6
8,DEL,419,8
8,DEL,421,4
8,DEL,423,2
8,DEL,425,3
8,DEL,427,2
8,DEL,429,2
8,DEL,431,3
8,DEL,433,4
8,DEL,435,3
8,DEL,437,1
8,DEL,439,1
8,DEL,441,3
8,DEL,443,2
8,DEL,445,1
8,DEL,447,1
8,DEL,449,5
8,DEL,453,1
8,DEL,457,2
8,DEL,459,2
8,DEL,461,1
8,DEL,463,1
8,DEL,465,2
8,DEL,467,2
8,DEL,469,1
8,DEL,471,1
8,DEL,473,1
8,DEL,477,4
8,DEL,481,1
8,DEL,489,1
8,DEL,491,1
8,DEL,493,3
8,DEL,495,1
8,DEL,499,1
8,DEL,505,1
8,DEL,515,2
8,DEL,519,1
8,DEL,523,1
8,DEL,527,2
8,DEL,531,2
8,DEL,535,3
8,DEL,543,2
8,DEL,551,1
8,DEL,555,2
8,DEL,563,2
8,DEL,567,1
8,DEL,571,1
8,DEL,575,1
8,DEL,579,1
8,DEL,583,1
8,DEL,587,2
8,DEL,591,1
8,DEL,595,1
8,DEL,599,2
8,DEL,603,2
8,DEL,607,3
8,DEL,611,1
8,DEL,615,1
8,DEL,619,1
8,DEL,631,1
8,DEL,635,1
8,DEL,639,1
8,DEL,643,2
8,DEL,651,1
8,DEL,655,1
8,DEL,675,2
8,DEL,679,1
8,DEL,687,2
8,DEL,699,1
8,DEL,703,1
8,DEL,707,2
8,DEL,715,1
8,DEL,719,1
8,DEL,723,1
8,DEL,727,1
8,DEL,735,1
8,DEL,759,1
8,DEL,763,1
8,DEL,767,1
8,DEL,771,1
8,DEL,779,1
8,DEL,795,1
8,DEL,807,1
8,DEL,851,1
8,DEL,859,2
8,DEL,1031,1
8,DEL,1103,1
8,DEL,1215,1
8,DEL,1223,1
8,DEL,1231,1
8,DEL,1247,1
8,DEL,1303,1
8,DEL,1335,1
8,DEL,1415,2
8,DEL,1471,1
8,DEL,1583,1
8,DEL,1607,1
8,DEL,1631,1
8,DEL,1655,1
8,DEL,1719,1
8,DEL,1743,1
8,DEL,1871,1
8,DEL,1879,1
8,DEL,1911,1
8,DEL,1935,1
8,DEL,1943,3
8,DEL,1967,1
8,DEL,1975,1
8,DEL,1991,2
8,DEL,1999,1
8,DEL,2015,1
8,DEL,2039,1
8,DEL,2079,1
8,DEL,2095,1
8,DEL,2111,1
8,DEL,2127,2
8,DEL,2143,1
8,DEL,2159,1
8,DEL,2175,1
8,DEL,2207,1
8,DEL,2239,2
8,DEL,2255,1
8,DEL,2287,2
8,DEL,2303,1
8,DEL,2319,1
8,DEL,2351,2
8,DEL,2367,2
8,DEL,2431,1
8,DEL,2447,1
8,DEL,2479,1
8,DEL,2511,2
8,DEL,2527,1
8,DEL,2671,1
8,DEL,2687,1
8,DEL,2895,1
8,DEL,5343,1
9,DEL,76,1
9,DEL,77,1
9,DEL,78,4
9,DEL,79,10
9,DEL,80,12
9,DEL,81,26
9,DEL,82,28
9,DEL,83,43
9,DEL,84,55
9,DEL,85,90
9,DEL,86,119
9,DEL,87,125
9,DEL,88,139
9,DEL,89,200
9,DEL,90,215
9,DEL,91,252
9,DEL,92,298
9,DEL,93,323
9,DEL,94,391
9,DEL,95,468
9,DEL,96,533
9,DEL,97,602
9,DEL,98,671
9,DEL,99,704
9,DEL,100,732
9,DEL,101,835
9,DEL,102,904
9,DEL,103,975
9,DEL,104,1001
9,DEL,105,1104
9,DEL,106,1165
9,DEL,107,1192
9,DEL,108,1195
9,DEL,109,1229
9,DEL,110,1344
9,DEL,111,1398
9,DEL,112,1453
9,DEL,113,1456
9,DEL,114,1481
9,DEL,115,1567
9,DEL,116,1606
9,DEL,117,1637
9,DEL,118,1758
9,DEL,119,1739
9,DEL,120,1800
9,DEL,121,1783
9,DEL,122,1790
9,DEL,123,1820
9,DEL,124,1821
9,DEL,125,1941
9,DEL,126,1885
9,DEL,127,1976
9,DEL,128,1928
9,DEL,129,1929
9,DEL,130,1930
9,DEL,131,1937
9,DEL,132,1830
9,DEL,133,1963
9,DEL,134,1870
9,DEL,135,1879
9,DEL,136,1867
9,DEL,137,1945
9,DEL,138,1920
9,DEL,139,1828
9,DEL,140,1868
9,DEL,141,1895
9,DEL,142,1815
9,DEL,143,1815
9,DEL,144,1845
9,DEL,145,1807
9,DEL,146,1821
9,DEL,147,1736
9,DEL,148,1681
9,DEL,149,1698
9,DEL,150,1744
9,DEL,151,1617
9,DEL,152,1563
9,DEL,153,1577
9,DEL,154,1487
9,DEL,155,1518
9,DEL,156,1464
9,DEL,157,1428
9,DEL,158,1430
9,DEL,159,1376
9,DEL,160,1331
9,DEL,161,1260
9,DEL,162,1279
9,DEL,163,1256
9,DEL,164,1216
9,DEL,165,1198
9,DEL,166,1166
9,DEL,167,1100
9,DEL,168,1104
9,DEL,169,1076
9,DEL,170,1021
9,DEL,171,1025
9,DEL,172,1078
9,DEL,173,961
9,DEL,174,981
9,DEL,175,920
9,DEL,176,912
9,DEL,177,906
9,DEL,178,857
9,DEL,179,851
9,DEL,180,817
9,DEL,181,796
9,DEL,182,791
9,DEL,183,729
9,DEL,184,708
9,DEL,185,741
9,DEL,186,663
9,DEL,187,677
9,DEL,188,602
9,DEL,189,639
9,DEL,190,569
9,DEL,191,580
9,DEL,192,567
9,DEL,193,514
9,DEL,194,530
9,DEL,195,503
9,DEL,196,482
9,DEL,197,464
9,DEL,198,468
9,DEL,199,457
9,DEL,200,439
9,DEL,201,471
9,DEL,202,421
9,DEL,203,405
9,DEL,204,403
9,DEL,205,395
9,DEL,206,364
9,DEL,207,365
9,DEL,208,375
9,DEL,209,372
9,DEL,210,367
9,DEL,211,344
9,DEL,212,329
9,DEL,213,309
9,DEL,214,308
9,DEL,215,336
9,DEL,216,307
9,DEL,217,282
9,DEL,218,291
9,DEL,219,276
9,DEL,220,264
9,DEL,221,285
9,DEL,222,260
9,DEL,223,263
9,DEL,224,286
9,DEL,225,258
9,DEL,226,233
9,DEL,227,264
9,DEL,228,230
9,DEL,229,245
9,DEL,230,231
9,DEL,231,206
9,DEL,232,182
9,DEL,233,219
9,DEL,234,212
9,DEL,235,200
9,DEL,236,196
9,DEL,237,199
9,DEL,238,182
9,DEL,239,184
9,DEL,240,202
9,DEL,241,168
9,DEL,242,177
9,DEL,243,201
9,DEL,244,146
9,DEL,245,166
9,DEL,246,163
9,DEL,247,157
9,DEL,248,167
9,DEL,249,158
9,DEL,250,155
9,DEL,251,158
9,DEL,252,149
9,DEL,253,147
9,DEL,254,129
9,DEL,255,162
9,DEL,257,292
9,DEL,259,241
9,DEL,261,222
9,DEL,263,227
9,DEL,265,271
9,DEL,267,227
9,DEL,269,204
9,DEL,271,209
9,DEL,273,199
9,DEL,275,173
9,DEL,277,186
9,DEL,279,174
9,DEL,281,169
9,DEL,283,134
9,DEL,285,145
9,DEL,287,162
9,DEL,289,100
9,DEL,291,132
9,DEL,293,126
9,DEL,295,103
9,DEL,297,113
9,DEL,299,120
9,DEL,301,98
9,DEL,303,77
9,DEL,305,85
9,DEL,307,94
9,DEL,309,66
9,DEL,311,68
9,DEL,313,74
9,DEL,315,57
9,DEL,317,54
9,DEL,319,51
9,DEL,321,54
9,DEL,323,48
9,DEL,325,47
9,DEL,327,36
9,DEL,329,48
9,DEL,331,50
9,DEL,333,40
9,DEL,335,32
9,DEL,337,28
9,DEL,339,30
9,DEL,341,23
9,DEL,343,35
9,DEL,345,28
9,DEL,347,28
9,DEL,349,26
9,DEL,351,18
9,DEL,353,17
9,DEL,355,21
9,DEL,357,18
9,DEL,359,20
9,DEL,361,15
9,DEL,363,12
9,DEL,365,9
9,DEL,367,16
9,DEL,369,12
9,DEL,371,10
9,DEL,373,12
9,DEL,375,15
9,DEL,377,10
9,DEL,379,8
9,DEL,381,10
9,DEL,383,7
9,DEL,385,12
9,DEL,387,3
9,DEL,389,8
9,DEL,391,7
9,DEL,393,10
9,DEL,395,8
9,DEL,397,10
9,DEL,399,4
9,DEL,401,6
9,DEL,403,4
9,DEL,405,9
9,DEL,407,7
9,DEL,409,7
9,DEL,411,1
9,DEL,413,4
9,DEL,415,1
9,DEL,417,4
9,DEL,419,5
9,DEL,421,2
9,DEL,423,4
9,DEL,425,7
9,DEL,427,3
9,DEL,429,3
9,DEL,431,1
9,DEL,433,4
9,DEL,435,6
9,DEL,437,3
9,DEL,439,1
9,DEL,441,3
9,DEL,445,4
9,DEL,449,1
9,DEL,451,2
9,DEL,453,2
9,DEL,455,1
9,DEL,457,1
9,DEL,461,2
9,DEL,463,2
9,DEL,465,2
9,DEL,467,1
9,DEL,469,1
9,DEL,475,1
9,DEL,479,2
9,DEL,481,1
9,DEL,483,1
9,DEL,487,1
9,DEL,491,2
9,DEL,493,3
9,DEL,497,2
9,DEL,499,1
9,DEL,505,1
9,DEL,507,1
9,DEL,509,2
9,DEL,515,1
9,DEL,527,1
9,DEL,531,1
9,DEL,535,1
9,DEL,539,3
9,DEL,543,2
9,DEL,547,1
9,DEL,551,2
9,DEL,555,1
9,DEL,559,2
9,DEL,563,2
9,DEL,567,3
9,DEL,575,1
9,DEL,579,2
9,DEL,583,2
9,DEL,587,1
9,DEL,591,1
9,DEL,595,1
9,DEL,599,2
9,DEL,603,2
9,DEL,607,3
9,DEL,611,1
9,DEL,615,1
9,DEL,619,3
9,DEL,623,2
9,DEL,627,3
9,DEL,631,1
9,DEL,639,4
9,DEL,643,2
9,DEL,647,1
9,DEL,655,2
9,DEL,659,1
9,DEL,663,2
9,DEL,675,1
9,DEL,683,1
9,DEL,687,1
9,DEL,691,1
9,DEL,695,3
9,DEL,703,1
9,DEL,715,1
9,DEL,727,2
9,DEL,735,1
9,DEL,755,1
9,DEL,763,1
9,DEL,775,1
9,DEL,807,1
9,DEL,815,1
9,DEL,819,1
9,DEL,831,1
9,DEL,851,1
9,DEL,899,1
9,DEL,903,1
9,DEL,947,1
9,DEL,995,1
9,DEL,1011,1
9,DEL,1055,1
9,DEL,1079,2
9,DEL,1183,1
9,DEL,1231,1
9,DEL,1279,1
9,DEL,1303,1
9,DEL,1319,1
9,DEL,1495,1
9,DEL,1551,1
9,DEL,1575,1
9,DEL,1591,2
9,DEL,1607,1
9,DEL,1679,1
9,DEL,1687,1
9,DEL,1719,1
9,DEL,1743,1
9,DEL,1751,1
9,DEL,1767,2
9,DEL,1791,1
9,DEL,1815,1
9,DEL,1823,1
9,DEL,1879,1
9,DEL,1903,1
9,DEL,1927,1
9,DEL,1959,1
9,DEL,1975,1
9,DEL,1991,1
9,DEL,1999,1
9,DEL,2007,2
9,DEL,2031,1
9,DEL,2039,1
9,DEL,2063,2
9,DEL,2079,2
9,DEL,2095,1
9,DEL,2111,4
9,DEL,2159,1
9,DEL,2175,2
9,DEL,2191,1
9,DEL,2207,2
9,DEL,2239,1
9,DEL,2255,3
9,DEL,2271,4
9,DEL,2287,3
9,DEL,2303,2
9,DEL,2319,1
9,DEL,2335,3
9,DEL,2367,2
9,DEL,2399,1
9,DEL,2431,1
9,DEL,2495,1
9,DEL,2543,1
9,DEL,2607,1
9,DEL,2671,1
9,DEL,3295,1
9,DEL,3807,1
9,DEL,4127,1
9,DEL,9535,1
9,GET,76,5
9,GET,77,3
9,GET,78,20
9,GET,79,29
9,GET,80,45
9,GET,81,55
9,GET,82,91
9,GET,83,147
9,GET,84,204
9,GET,85,272
9,GET,86,349
9,GET,87,415
9,GET,88,492
9,GET,89,570
9,GET,90,687
9,GET,91,807
9,GET,92,950
9,GET,93,1135
9,GET,94,1204
9,GET,95,1361
9,GET,96,1576
9,GET,97,1696
9,GET,98,1957
9,GET,99,2106
9,GET,100,2285
9,GET,101,2462
9,GET,102,2651
9,GET,103,2858
9,GET,104,2930
9,GET,105,3131
9,GET,106,3258
9,GET,107,3345
9,GET,108,3662
9,GET,109,3695
9,GET,110,3842
9,GET,111,3959
9,GET,112,4043
9,GET,113,4179
9,GET,114,4383
9,GET,115,4506
9,GET,116,4574
9,GET,117,4729
9,GET,118,4887
9,GET,119,4992
9,GET,120,5099
9,GET,121,5227
9,GET,122,5167
9,GET,123,5243
9,GET,124,5426
9,GET,125,5275
9,GET,126,5322
9,GET,127,5416
9,GET,128,5528
9,GET,129,5470
9,GET,130,5426
9,GET,131,5514
9,GET,132,5378
9,GET,133,5432
9,GET,134,5343
9,GET,135,5574
9,GET,136,5380
9,GET,137,5328
9,GET,138,5396
9,GET,139,5204
9,GET,140,5244
9,GET,141,5131
9,GET,142,5262
9,GET,143,5146
9,GET,144,4974
9,GET,145,4954
9,GET,146,4865
9,GET,147,4697
9,GET,148,4870
9,GET,149,4790
9,GET,150,4612
9,GET,151,4495
9,GET,152,4357
9,GET,153,4259
9,GET,154,4237
9,GET,155,4016
9,GET,156,4168
9,GET,157,3971
9,GET,158,3932
9,GET,159,3833
9,GET,160,3641
9,GET,161,3674
9,GET,162,3569
9,GET,163,3544
9,GET,164,3311
9,GET,165,3287
9,GET,166,3228
9,GET,167,3063
9,GET,168,3074
9,GET,169,2942
9,GET,170,2909
9,GET,171,2809
9,GET,172,2654
9,GET,173,2644
9,GET,174,2630
9,GET,175,2540
9,GET,176,2427
9,GET,177,2295
9,GET,178,2379
9,GET,179,2258
9,GET,180,2160
9,GET,181,2153
9,GET,182,2143
9,GET,183,1928
9,GET,184,2017
9,GET,185,1868
9,GET,186,1880
9,GET,187,1804
9,GET,188,1742
9,GET,189,1667
9,GET,190,1633
9,GET,191,1570
9,GET,192,1575
9,GET,193,1507
9,GET,194,1404
9,GET,195,1469
9,GET,196,1383
9,GET,197,1412
9,GET,198,1410
9,GET,199,1313
9,GET,200,1278
9,GET,201,1243
9,GET,202,1185
9,GET,203,1186
9,GET,204,1108
9,GET,205,1086
9,GET,206,1087
9,GET,207,1038
9,GET,208,1063
9,GET,209,987
9,GET,210,941
9,GET,211,950
9,GET,212,908
9,GET,213,926
9,GET,214,851
9,GET,215,925
9,GET,216,883
9,GET,217,833
9,GET,218,809
9,GET,219,799
9,GET,220,744
9,GET,221,733
9,GET,222,714
9,GET,223,676
9,GET,224,731
9,GET,225,705
9,GET,226,693
9,GET,227,649
9,GET,228,660
9,GET,229,629
9,GET,230,653
9,GET,231,587
9,GET,232,596
9,GET,233,626
9,GET,234,570
9,GET,235,571
9,GET,236,561
9,GET,237,540
9,GET,238,521
9,GET,239,527
9,GET,240,545
9,GET,241,503
9,GET,242,523
9,GET,243,483
9,GET,244,465
9,GET,245,473
9,GET,246,493
9,GET,247,424
9,GET,248,462
9,GET,249,433
9,GET,250,428
9,GET,251,417
9,GET,252,375
9,GET,253,386
9,GET,254,415
9,GET,255,398
9,GET,257,754
9,GET,259,748
9,GET,261,722
9,GET,263,658
9,GET,265,647
9,GET,267,601
9,GET,269,574
9,GET,271,569
9,GET,273,529
9,GET,275,488
9,GET,277,485
9,GET,279,473
9,GET,281,461
9,GET,283,393
9,GET,285,425
9,GET,287,393
9,GET,289,355
9,GET,291,292
9,GET,293,322
9,GET,295,347
9,GET,297,265
9,GET,299,279
9,GET,301,263
9,GET,303,259
9,GET,305,228
9,GET,307,249
9,GET,309,228
9,GET,311,196
9,GET,313,174
9,GET,315,174
9,GET,317,179
9,GET,319,170
9,GET,321,146
9,GET,323,130
9,GET,325,137
9,GET,327,115
9,GET,329,124
9,GET,331,94
9,GET,333,94
9,GET,335,98
9,GET,337,105
9,GET,339,98
9,GET,341,84
9,GET,343,71
9,GET,345,69
9,GET,347,72
9,GET,349,60
9,GET,351,53
9,GET,353,54
9,GET,355,52
9,GET,357,34
9,GET,359,51
9,GET,361,45
9,GET,363,35
9,GET,365,43
9,GET,367,25
9,GET,369,31
9,GET,371,29
9,GET,373,27
9,GET,375,18
9,GET,377,29
9,GET,379,20
9,GET,381,28
9,GET,383,17
9,GET,385,17
9,GET,387,14
9,GET,389,17
9,GET,391,18
9,GET,393,17
9,GET,395,19
9,GET,397,13
9,GET,399,19
9,GET,401,17
9,GET,403,11
9,GET,405,10
9,GET,407,7
9,GET,409,11
9,GET,411,11
9,GET,413,16
9,GET,415,6
9,GET,417,6
9,GET,419,8
9,GET,421,12
9,GET,423,10
9,GET,425,7
9,GET,427,4
9,GET,429,7
9,GET,431,8
9,GET,433,7
9,GET,435,9
9,GET,437,10
9,GET,439,7
9,GET,441,9
9,GET,443,6
9,GET,445,5
9,GET,447,6
9,GET,449,12
9,GET,451,6
9,GET,453,6
9,GET,455,4
9,GET,457,1
9,GET,459,3
9,GET,461,4
9,GET,463,2
9,GET,465,2
9,GET,467,7
9,GET,469,3
9,GET,471,6
9,GET,473,4
9,GET,475,2
9,GET,477,4
9,GET,481,1
9,GET,483,2
9,GET,485,4
9,GET,487,2
9,GET,489,5
9,GET,491,2
9,GET,493,3
9,GET,495,4
9,GET,497,2
9,GET,499,4
9,GET,501,2
9,GET,503,1
9,GET,505,3
9,GET,507,2
9,GET,509,6
9,GET,511,2
9,GET,515,2
9,GET,519,3
9,GET,523,3
9,GET,527,4
9,GET,531,3
9,GET,535,1
9,GET,539,4
9,GET,543,3
9,GET,547,3
9,GET,551,2
9,GET,555,3
9,GET,559,5
9,GET,563,7
9,GET,567,7
9,GET,571,8
9,GET,575,4
9,GET,579,1
9,GET,583,6
9,GET,587,4
9,GET,591,2
9,GET,595,1
9,GET,599,3
9,GET,603,4
9,GET,607,1
9,GET,611,3
9,GET,615,1
9,GET,619,1
9,GET,623,1
9,GET,627,2
9,GET,631,7
9,GET,635,3
9,GET,639,2
9,GET,643,7
9,GET,647,2
9,GET,651,2
9,GET,655,2
9,GET,663,5
9,GET,667,5
9,GET,671,2
9,GET,675,3
9,GET,679,2
9,GET,687,2
9,GET,691,3
9,GET,695,1
9,GET,699,2
9,GET,707,2
9,GET,711,2
9,GET,719,3
9,GET,727,3
9,GET,731,4
9,GET,739,3
9,GET,743,2
9,GET,747,1
9,GET,751,1
9,GET,755,1
9,GET,763,1
9,GET,775,1
9,GET,779,1
9,GET,783,2
9,GET,787,1
9,GET,795,2
9,GET,799,1
9,GET,807,3
9,GET,811,3
9,GET,823,2
9,GET,827,1
9,GET,831,1
9,GET,839,1
9,GET,867,1
9,GET,883,2
9,GET,907,1
9,GET,915,1
9,GET,919,1
9,GET,931,1
9,GET,959,1
9,GET,971,1
9,GET,987,1
9,GET,1015,2
9,GET,1023,1
9,GET,1039,1
9,GET,1063,1
9,GET,1071,1
9,GET,1127,1
9,GET,1151,1
9,GET,1159,1
9,GET,1191,1
9,GET,1215,1
9,GET,1231,1
9,GET,1255,2
9,GET,1287,1
9,GET,1311,1
9,GET,1319,2
9,GET,1335,1
9,GET,1359,1
9,GET,1391,3
9,GET,1399,1
9,GET,1415,2
9,GET,1439,2
9,GET,1447,1
9,GET,1463,3
9,GET,1471,1
9,GET,1479,1
9,GET,1511,1
9,GET,1527,1
9,GET,1535,2
9,GET,1543,2
9,GET,1551,1
9,GET,1559,1
9,GET,1575,2
9,GET,1599,1
9,GET,1615,1
9,GET,1623,3
9,GET,1631,1
9,GET,1655,1
9,GET,1663,1
9,GET,1687,1
9,GET,1695,1
9,GET,1703,1
9,GET,1711,1
9,GET,1719,1
9,GET,1735,1
9,GET,1759,2
9,GET,1767,1
9,GET,1775,3
9,GET,1791,1
9,GET,1799,1
9,GET,1807,4
9,GET,1815,2
9,GET,1831,4
9,GET,1879,1
9,GET,1903,2
9,GET,1911,1
9,GET,1919,2
9,GET,1927,1
9,GET,1951,1
9,GET,1967,2
9,GET,1975,1
9,GET,1991,1
9,GET,1999,1
9,GET,2015,3
9,GET,2023,4
9,GET,2031,1
9,GET,2039,2
9,GET,2047,6
9,GET,2063,3
9,GET,2079,2
9,GET,2095,6
9,GET,2111,7
9,GET,2127,2
9,GET,2143,1
9,GET,2159,2
9,GET,2175,4
9,GET,2191,5
9,GET,2207,1
9,GET,2223,3
9,GET,2239,4
9,GET,2255,6
9,GET,2271,3
9,GET,2287,3
9,GET,2303,1
9,GET,2319,4
9,GET,2335,4
9,GET,2351,3
9,GET,2367,3
9,GET,2399,2
9,GET,2415,3
9,GET,2431,2
9,GET,2447,2
9,GET,2463,4
9,GET,2479,1
9,GET,2495,3
9,GET,2511,2
9,GET,2543,3
9,GET,2559,1
9,GET,2575,1
9,GET,2591,1
9,GET,2607,2
9,GET,2655,2
9,GET,2671,1
9,GET,2767,1
9,GET,2911,1
9,GET,3007,1
9,GET,3247,1
9,GET,3775,1
9,GET,7423,1
9,SET,80,1
9,SET,82,5
9,SET,83,2
9,SET,84,12
9,SET,85,4
9,SET,86,7
9,SET,87,18
9,SET,88,19
9,SET,89,18
9,SET,90,26
9,SET,91,25
9,SET,92,30
9,SET,93,42
9,SET,94,49
9,SET,95,65
9,SET,96,63
9,SET,97,84
9,SET,98,100
9,SET,99,122
9,SET,100,117
9,SET,101,98
9,SET,102,124
9,SET,103,144
9,SET,104,157
9,SET,105,163
9,SET,106,213
9,SET,107,158
9,SET,108,216
9,SET,109,207
9,SET,110,185
9,SET,111,232
9,SET,112,229
9,SET,113,253
9,SET,114,212
9,SET,115,242
9,SET,116,270
9,SET,117,275
9,SET,118,304
9,SET,119,307
9,SET,120,314
9,SET,121,349
9,SET,122,360
9,SET,123,350
9,SET,124,336
9,SET,125,345
9,SET,126,373
9,SET,127,388
9,SET,128,376
9,SET,129,365
9,SET,130,333
9,SET,131,341
9,SET,132,320
9,SET,133,395
9,SET,134,387
9,SET,135,367
9,SET,136,359
9,SET,137,402
9,SET,138,388
9,SET,139,360
9,SET,140,371
9,SET,141,371
9,SET,142,367
9,SET,143,401
9,SET,144,368
9,SET,145,357
9,SET,146,373
9,SET,147,362
9,SET,148,340
9,SET,149,323
9,SET,150,352
9,SET,151,358
9,SET,152,368
9,SET,153,300
9,SET,154,321
9,SET,155,314
9,SET,156,330
9,SET,157,281
9,SET,158,326
9,SET,159,290
9,SET,160,296
9,SET,161,292
9,SET,162,273
9,SET,163,269
9,SET,164,257
9,SET,165,251
9,SET,166,232
9,SET,167,244
9,SET,168,246
9,SET,169,217
9,SET,170,226
9,SET,171,234
9,SET,172,242
9,SET,173,227
9,SET,174,196
9,SET,175,216
9,SET,176,196
9,SET,177,210
9,SET,178,208
9,SET,179,196
9,SET,180,181
9,SET,181,165
9,SET,182,180
9,SET,183,155
9,SET,184,131
9,SET,185,156
9,SET,186,175
9,SET,187,150
9,SET,188,164
9,SET,189,122
9,SET,190,142
9,SET,191,126
9,SET,192,119
9,SET,193,143
9,SET,194,107
9,SET,195,123
9,SET,196,111
9,SET,197,109
9,SET,198,102
9,SET,199,93
9,SET,200,94
9,SET,201,101
9,SET,202,94
9,SET,203,93
9,SET,204,82
9,SET,205,93
9,SET,206,97
9,SET,207,96
9,SET,208,84
9,SET,209,85
9,SET,210,73
9,SET,211,75
9,SET,212,83
9,SET,213,81
9,SET,214,72
9,SET,215,84
9,SET,216,70
9,SET,217,60
9,SET,218,61
9,SET,219,57
9,SET,220,52
9,SET,221,59
9,SET,222,53
9,SET,223,55
9,SET,224,69
9,SET,225,42
9,SET,226,47
9,SET,227,53
9,SET,228,69
9,SET,229,54
9,SET,230,52
9,SET,231,41
9,SET,232,72
9,SET,233,54
9,SET,234,46
9,SET,235,53
9,SET,236,41
9,SET,237,37
9,SET,238,41
9,SET,239,49
9,SET,240,45
9,SET,241,48
9,SET,242,45
9,SET,243,36
9,SET,244,36
9,SET,245,45
9,SET,246,36
9,SET,247,37
9,SET,248,40
9,SET,249,44
9,SET,250,39
9,SET,251,34
9,SET,252,28
9,SET,253,28
9,SET,254,32
9,SET,255,26
9,SET,257,58
9,SET,259,58
9,SET,261,55
9,SET,263,51
9,SET,265,49
9,SET,267,45
9,SET,269,47
9,SET,271,45
9,SET,273,28
9,SET,275,37
9,SET,277,33
9,SET,279,37
9,SET,281,34
9,SET,283,32
9,SET,285,32
9,SET,287,32
9,SET,289,26
9,SET,291,27
9,SET,293,32
9,SET,295,30
9,SET,297,18
9,SET,299,12
9,SET,301,28
9,SET,303,27
9,SET,305,23
9,SET,307,16
9,SET,309,20
9,SET,311,17
9,SET,313,21
9,SET,315,24
9,SET,317,16
9,SET,319,12
9,SET,321,14
9,SET,323,8
9,SET,325,11
9,SET,327,10
9,SET,329,6
9,SET,331,6
9,SET,333,6
9,SET,335,5
9,SET,337,3
9,SET,339,4
9,SET,341,7
9,SET,343,6
9,SET,345,6
9,SET,347,1
9,SET,349,4
9,SET,351,1
9,SET,353,5
9,SET,355,10
9,SET,357,4
9,SET,359,4
9,SET,361,4
9,SET,363,3
9,SET,365,1
9,SET,367,4
9,SET,369,6
9,SET,371,2
9,SET,373,4
9,SET,375,2
9,SET,377,2
9,SET,379,2
9,SET,381,2
9,SET,383,2
9,SET,385,2
9,SET,387,3
9,SET,389,2
9,SET,391,2
9,SET,395,2
9,SET,399,4
9,SET,401,1
9,SET,403,1
9,SET,405,1
9,SET,407,1
9,SET,409,1
9,SET,415,1
9,SET,417,1
9,SET,419,1
9,SET,423,1
9,SET,429,1
9,SET,431,3
9,SET,437,2
9,SET,441,1
9,SET,443,1
9,SET,451,1
9,SET,457,1
9,SET,461,1
9,SET,469,1
9,SET,475,3
9,SET,481,1
9,SET,483,1
9,SET,491,1
9,SET,519,1
9,SET,527,1
9,SET,535,1
9,SET,547,1
9,SET,559,2
9,SET,563,1
9,SET,571,1
9,SET,583,1
9,SET,599,1
9,SET,639,1
9,SET,655,3
9,SET,691,1
9,SET,811,1
9,SET,1011,1
9,SET,1047,1
9,SET,1183,1
9,SET,1335,1
9,SET,1471,1
9,SET,1791,1
9,SET,2015,1
9,SET,2023,1
9,SET,2047,1
9,SET,2079,1
9,SET,2127,1
9,SET,2159,1
9,SET,2191,1
9,SET,2207,1
9,SET,2223,1
9,SET,2271,1
9,SET,2367,1
9,SET,2543,1
9,SET,2703,1
10,GET,72,2
10,GET,73,1
10,GET,74,3
10,GET,75,6
10,GET,76,9
10,GET,77,22
10,GET,78,41
10,GET,79,57
10,GET,80,104
10,GET,81,128
10,GET,82,173
10,GET,83,255
10,GET,84,328
10,GET,85,423
10,GET,86,509
10,GET,87,609
10,GET,88,741
10,GET,89,768
10,GET,90,915
10,GET,91,1055
10,GET,92,1185
10,GET,93,1363
10,GET,94,1480
10,GET,95,1706
10,GET,96,1869
10,GET,97,1954
10,GET,98,2182
10,GET,99,2436
10,GET,100,2527
10,GET,101,2833
10,GET,102,3023
10,GET,103,3142
10,GET,104,3360
10,GET,105,3519
10,GET,106,3574
10,GET,107,3743
10,GET,108,3945
10,GET,109,4065
10,GET,110,4110
10,GET,111,4315
10,GET,112,4342
10,GET,113,4444
10,GET,114,4585
10,GET,115,4750
10,GET,116,4799
10,GET,117,4972
10,GET,118,4995
10,GET,119,5037
10,GET,120,5098
10,GET,121,5237
10,GET,122,5304
10,GET,123,5379
10,GET,124,5350
10,GET,125,5329
10,GET,126,5356
10,GET,127,5404
10,GET,128,5341
10,GET,129,5399
10,GET,130,5392
10,GET,131,5295
10,GET,132,5474
10,GET,133,5344
10,GET,134,5188
10,GET,135,5273
10,GET,136,5291
10,GET,137,5140
10,GET,138,5133
10,GET,139,5090
10,GET,140,5018
10,GET,141,5055
10,GET,142,4998
10,GET,143,4849
10,GET,144,4949
10,GET,145,4684
10,GET,146,4723
10,GET,147,4614
10,GET,148,4555
10,GET,149,4603
10,GET,150,4324
10,GET,151,4234
10,GET,152,4193
10,GET,153,4131
10,GET,154,4110
10,GET,155,3929
10,GET,156,3850
10,GET,157,3762
10,GET,158,3740
10,GET,159,3626
10,GET,160,3576
10,GET,161,3345
10,GET,162,3409
10,GET,163,3298
10,GET,164,3229
10,GET,165,3127
10,GET,166,3096
10,GET,167,2947
10,GET,168,2915
10,GET,169,2810
10,GET,170,2623
10,GET,171,2749
10,GET,172,2581
10,GET,173,2449
10,GET,174,2470
10,GET,175,2368
10,GET,176,2365
10,GET,177,2228
10,GET,178,2170
10,GET,179,2073
10,GET,180,2129
10,GET,181,2017
10,GET,182,1953
10,GET,183,1893
10,GET,184,1839
10,GET,185,1779
10,GET,186,1767
10,GET,187,1659
10,GET,188,1756
10,GET,189,1588
10,GET,190,1540
10,GET,191,1531
10,GET,192,1512
10,GET,193,1463
10,GET,194,1423
10,GET,195,1394
10,GET,196,1373
10,GET,197,1268
10,GET,198,1256
10,GET,199,1271
10,GET,200,1257
10,GET,201,1153
10,GET,202,1149
10,GET,203,1116
10,GET,204,1075
10,GET,205,1037
10,GET,206,974
10,GET,207,1006
10,GET,208,1023
10,GET,209,980
10,GET,210,957
10,GET,211,906
10,GET,212,867
10,GET,213,872
10,GET,214,838
10,GET,215,822
10,GET,216,836
10,GET,217,833
10,GET,218,810
10,GET,219,745
10,GET,220,751
10,GET,221,696
10,GET,222,730
10,GET,223,700
10,GET,224,683
10,GET,225,718
10,GET,226,665
10,GET,227,693
10,GET,228,665
10,GET,229,644
10,GET,230,561
10,GET,231,638
10,GET,232,588
10,GET,233,560
10,GET,234,554
10,GET,235,535
10,GET,236,549
10,GET,237,534
10,GET,238,562
10,GET,239,510
10,GET,240,473
10,GET,241,481
10,GET,242,486
10,GET,243,501
10,GET,244,509
10,GET,245,487
10,GET,246,455
10,GET,247,476
10,GET,248,432
10,GET,249,426
10,GET,250,445
10,GET,251,428
10,GET,252,414
10,GET,253,407
10,GET,254,393
10,GET,255,389
10,GET,257,763
10,GET,259,756
10,GET,261,724
10,GET,263,628
10,GET,265,623
10,GET,267,591
10,GET,269,644
10,GET,271,602
10,GET,273,545
10,GET,275,520
10,GET,277,463
10,GET,279,457
10,GET,281,448
10,GET,283,450
10,GET,285,429
10,GET,287,434
10,GET,289,372
10,GET,291,386
10,GET,293,324
10,GET,295,319
10,GET,297,313
10,GET,299,277
10,GET,301,319
10,GET,303,241
10,GET,305,242
10,GET,307,230
10,GET,309,230
10,GET,311,170
10,GET,313,204
10,GET,315,185
10,GET,317,159
10,GET,319,144
10,GET,321,155
10,GET,323,122
10,GET,325,146
10,GET,327,108
10,GET,329,132
10,GET,331,147
10,GET,333,99
10,GET,335,99
10,GET,337,71
10,GET,339,69
10,GET,341,87
10,GET,343,70
10,GET,345,80
10,GET,347,60
10,GET,349,68
10,GET,351,42
10,GET,353,54
10,GET,355,54
10,GET,357,60
10,GET,359,39
10,GET,361,53
10,GET,363,58
10,GET,365,49
10,GET,367,35
10,GET,369,31
10,GET,371,39
10,GET,373,48
10,GET,375,38
10,GET,377,22
10,GET,379,25
10,GET,381,22
10,GET,383,33
10,GET,385,12
10,GET,387,18
10,GET,389,17
10,GET,391,18
10,GET,393,19
10,GET,395,29
10,GET,397,12
10,GET,399,22
10,GET,401,12
10,GET,403,19
10,GET,405,17
10,GET,407,12
10,GET,409,5
10,GET,411,12
10,GET,413,13
10,GET,415,8
10,GET,417,11
10,GET,419,11
10,GET,421,10
10,GET,423,6
10,GET,425,8
10,GET,427,7
10,GET,429,7
10,GET,431,8
10,GET,433,6
10,GET,435,3
10,GET,437,5
10,GET,439,6
10,GET,441,5
10,GET,443,9
10,GET,445,5
10,GET,447,3
10,GET,449,6
10,GET,451,6
10,GET,453,5
10,GET,455,4
10,GET,457,2
10,GET,459,2
10,GET,461,4
10,GET,463,6
10,GET,465,5
10,GET,467,5
10,GET,469,3
10,GET,471,1
10,GET,473,3
10,GET,475,3
10,GET,477,5
10,GET,479,5
10,GET,481,1
10,GET,483,5
10,GET,485,3
10,GET,487,2
10,GET,489,3
10,GET,491,3
10,GET,493,4
10,GET,495,1
10,GET,497,2
10,GET,499,3
10,GET,501,2
10,GET,503,2
10,GET,505,4
10,GET,507,3
10,GET,511,1
10,GET,515,6
10,GET,519,2
10,GET,523,4
10,GET,527,7
10,GET,531,4
10,GET,535,3
10,GET,539,9
10,GET,543,3
10,GET,547,2
10,GET,551,4
10,GET,555,4
10,GET,559,3
10,GET,563,3
10,GET,567,5
10,GET,571,1
10,GET,575,7
10,GET,579,3
10,GET,583,1
10,GET,587,3
10,GET,591,2
10,GET,595,3
10,GET,599,3
10,GET,603,5
10,GET,607,5
10,GET,611,4
10,GET,615,1
10,GET,619,4
10,GET,623,2
10,GET,627,4
10,GET,631,3
10,GET,635,3
10,GET,639,1
10,GET,643,2
10,GET,647,5
10,GET,651,2
10,GET,655,2
10,GET,659,1
10,GET,663,2
10,GET,667,2
10,GET,671,3
10,GET,675,5
10,GET,679,3
10,GET,683,4
10,GET,687,1
10,GET,691,1
10,GET,695,1
10,GET,699,3
10,GET,707,2
10,GET,711,9
10,GET,715,5
10,GET,719,1
10,GET,723,1
10,GET,727,1
10,GET,731,2
10,GET,735,4
10,GET,739,1
10,GET,743,1
10,GET,755,1
10,GET,759,1
10,GET,767,2
10,GET,775,1
10,GET,779,2
10,GET,783,2
10,GET,799,1
10,GET,811,2
10,GET,815,1
10,GET,819,1
10,GET,823,2
10,GET,827,2
10,GET,831,1
10,GET,839,1
10,GET,847,1
10,GET,859,1
10,GET,863,1
10,GET,875,1
10,GET,895,2
10,GET,907,1
10,GET,915,1
10,GET,983,1
10,GET,1031,1
10,GET,1071,1
10,GET,1095,1
10,GET,1103,1
10,GET,1119,1
10,GET,1127,1
10,GET,1143,1
10,GET,1167,1
10,GET,1175,1
10,GET,1183,1
10,GET,1191,1
10,GET,1199,2
10,GET,1207,1
10,GET,1215,2
10,GET,1255,3
10,GET,1263,1
10,GET,1271,1
10,GET,1287,2
10,GET,1295,1
10,GET,1319,1
10,GET,1343,1
10,GET,1375,2
10,GET,1383,1
10,GET,1391,1
10,GET,1399,3
10,GET,1407,2
10,GET,1423,3
10,GET,1431,1
10,GET,1439,1
10,GET,1455,1
10,GET,1463,1
10,GET,1471,4
10,GET,1479,1
10,GET,1487,2
10,GET,1495,1
10,GET,1503,1
10,GET,1511,1
10,GET,1527,1
10,GET,1535,1
10,GET,1551,1
10,GET,1559,1
10,GET,1575,2
10,GET,1583,2
10,GET,1591,3
10,GET,1599,1
10,GET,1639,1
10,GET,1663,1
10,GET,1679,2
10,GET,1703,3
10,GET,1711,2
10,GET,1727,2
10,GET,1735,1
10,GET,1751,2
10,GET,1767,2
10,GET,1791,2
10,GET,1815,1
10,GET,1823,1
10,GET,1831,1
10,GET,1839,1
10,GET,1847,1
10,GET,1855,1
10,GET,1863,1
10,GET,1871,3
10,GET,1879,2
10,GET,1887,1
10,GET,1895,1
10,GET,1911,1
10,GET,1935,1
10,GET,1951,1
10,GET,1967,1
10,GET,1975,4
10,GET,1983,1
10,GET,1991,1
10,GET,1999,2
10,GET,2007,1
10,GET,2015,1
10,GET,2023,2
10,GET,2031,2
10,GET,2063,3
10,GET,2079,4
10,GET,2095,2
10,GET,2111,3
10,GET,2127,3
10,GET,2143,7
10,GET,2159,2
10,GET,2175,4
10,GET,2191,3
10,GET,2207,2
10,GET,2223,4
10,GET,2239,7
10,GET,2255,9
10,GET,2271,5
10,GET,2287,2
10,GET,2303,3
10,GET,2319,5
10,GET,2335,5
10,GET,2351,9
10,GET,2367,9
10,GET,2383,1
10,GET,2399,6
10,GET,2415,2
10,GET,2431,1
10,GET,2447,2
10,GET,2463,2
10,GET,2495,2
10,GET,2527,1
10,GET,2543,1
10,GET,2575,1
10,GET,2591,1
10,GET,2607,1
10,GET,2623,1
10,GET,2655,1
10,GET,2703,1
10,GET,3295,1
10,GET,3487,1
10,GET,3551,1
10,GET,3839,1
10,GET,4031,1
10,GET,4575,1
10,GET,5215,1
10,DEL,73,2
10,DEL,74,1
10,DEL,75,1
10,DEL,77,6
10,DEL,78,7
10,DEL,79,19
10,DEL,80,21
10,DEL,81,50
10,DEL,82,60
10,DEL,83,66
10,DEL,84,79
10,DEL,85,121
10,DEL,86,169
10,DEL,87,178
10,DEL,88,235
10,DEL,89,263
10,DEL,90,300
10,DEL,91,357
10,DEL,92,379
10,DEL,93,431
10,DEL,94,511
10,DEL,95,562
10,DEL,96,573
10,DEL,97,653
10,DEL,98,737
10,DEL,99,809
10,DEL,100,854
10,DEL,101,921
10,DEL,102,1017
10,DEL,103,1086
10,DEL,104,1109
10,DEL,105,1178
10,DEL,106,1180
10,DEL,107,1288
10,DEL,108,1343
10,DEL,109,1389
10,DEL,110,1434
10,DEL,111,1507
10,DEL,112,1460
10,DEL,113,1570
10,DEL,114,1568
10,DEL,115,1686
10,DEL,116,1716
10,DEL,117,1761
10,DEL,118,1750
10,DEL,119,1803
10,DEL,120,1863
10,DEL,121,1792
10,DEL,122,1937
10,DEL,123,1940
10,DEL,124,1814
10,DEL,125,1900
10,DEL,126,1945
10,DEL,127,1935
10,DEL,128,1780
10,DEL,129,2003
10,DEL,130,1881
10,DEL,131,1911
10,DEL,132,1993
10,DEL,133,1915
10,DEL,134,1893
10,DEL,135,1907
10,DEL,136,1847
10,DEL,137,1940
10,DEL,138,1928
10,DEL,139,1853
10,DEL,140,1812
10,DEL,141,1765
10,DEL,142,1788
10,DEL,143,1722
10,DEL,144,1727
10,DEL,145,1719
10,DEL,146,1662
10,DEL,147,1611
10,DEL,148,1651
10,DEL,149,1662
10,DEL,150,1560
10,DEL,151,1566
10,DEL,152,1519
10,DEL,153,1553
10,DEL,154,1465
10,DEL,155,1434
10,DEL,156,1357
10,DEL,157,1311
10,DEL,158,1371
10,DEL,159,1311
10,DEL,160,1302
10,DEL,161,1273
10,DEL,162,1226
10,DEL,163,1266
10,DEL,164,1179
10,DEL,165,1180
10,DEL,166,1186
10,DEL,167,1092
10,DEL,168,1068
10,DEL,169,1010
10,DEL,170,1001
10,DEL,171,986
10,DEL,172,921
10,DEL,173,910
10,DEL,174,892
10,DEL,175,908
10,DEL,176,809
10,DEL,177,833
10,DEL,178,852
10,DEL,179,780
10,DEL,180,748
10,DEL,181,767
10,DEL,182,700
10,DEL,183,725
10,DEL,184,619
10,DEL,185,680
10,DEL,186,607
10,DEL,187,603
10,DEL,188,624
10,DEL,189,592
10,DEL,190,530
10,DEL,191,595
10,DEL,192,534
10,DEL,193,524
10,DEL,194,518
10,DEL,195,517
10,DEL,196,537
10,DEL,197,446
10,DEL,198,462
10,DEL,199,481
10,DEL,200,436
10,DEL,201,435
10,DEL,202,493
10,DEL,203,421
10,DEL,204,387
10,DEL,205,370
10,DEL,206,370
10,DEL,207,357
10,DEL,208,361
10,DEL,209,330
10,DEL,210,344
10,DEL,211,298
10,DEL,212,287
10,DEL,213,297
10,DEL,214,324
10,DEL,215,315
10,DEL,216,295
10,DEL,217,277
10,DEL,218,298
10,DEL,219,254
10,DEL,220,249
10,DEL,221,282
10,DEL,222,266
10,DEL,223,274
10,DEL,224,262
10,DEL,225,252
10,DEL,226,237
10,DEL,227,212
10,DEL,228,226
10,DEL,229,233
10,DEL,230,237
10,DEL,231,209
10,DEL,232,223
10,DEL,233,231
10,DEL,234,227
10,DEL,235,185
10,DEL,236,190
10,DEL,237,203
10,DEL,238,185
10,DEL,239,182
10,DEL,240,195
10,DEL,241,172
10,DEL,242,174
10,DEL,243,168
10,DEL,244,149
10,DEL,245,162
10,DEL,246,170
10,DEL,247,173
10,DEL,248,179
10,DEL,249,145
10,DEL,250,144
10,DEL,251,169
10,DEL,252,142
10,DEL,253,156
10,DEL,254,152
10,DEL,255,145
10,DEL,257,280
10,DEL,259,269
10,DEL,261,238
10,DEL,263,221
10,DEL,265,228
10,DEL,267,209
10,DEL,269,205
10,DEL,271,198
10,DEL,273,185
10,DEL,275,192
10,DEL,277,166
10,DEL,279,181
10,DEL,281,150
10,DEL,283,145
10,DEL,285,132
10,DEL,287,141
10,DEL,289,132
10,DEL,291,111
10,DEL,293,110
10,DEL,295,109
10,DEL,297,104
10,DEL,299,109
10,DEL,301,109
10,DEL,303,90
10,DEL,305,114
10,DEL,307,102
10,DEL,309,57
10,DEL,311,77
10,DEL,313,78
10,DEL,315,60
10,DEL,317,52
10,DEL,319,57
10,DEL,321,64
10,DEL,323,63
10,DEL,325,51
10,DEL,327,40
10,DEL,329,37
10,DEL,331,51
10,DEL,333,37
10,DEL,335,37
10,DEL,337,39
10,DEL,339,30
10,DEL,341,27
10,DEL,343,19
10,DEL,345,27
10,DEL,347,29
10,DEL,349,20
10,DEL,351,24
10,DEL,353,15
10,DEL,355,20
10,DEL,357,20
10,DEL,359,19
10,DEL,361,15
10,DEL,363,17
10,DEL,365,15
10,DEL,367,13
10,DEL,369,11
10,DEL,371,11
10,DEL,373,14
10,DEL,375,9
10,DEL,377,7
10,DEL,379,11
10,DEL,381,13
10,DEL,383,8
10,DEL,385,5
10,DEL,387,4
10,DEL,389,5
10,DEL,391,8
10,DEL,393,6
10,DEL,395,5
10,DEL,397,5
10,DEL,399,6
10,DEL,401,3
10,DEL,403,1
10,DEL,405,8
10,DEL,407,8
10,DEL,409,4
10,DEL,411,7
10,DEL,413,4
10,DEL,415,6
10,DEL,417,6
10,DEL,419,3
10,DEL,421,4
10,DEL,423,5
10,DEL,425,2
10,DEL,427,4
10,DEL,429,2
10,DEL,431,3
10,DEL,433,1
10,DEL,435,2
10,DEL,437,4
10,DEL,439,2
10,DEL,441,2
10,DEL,443,1
10,DEL,445,3
10,DEL,447,3
10,DEL,449,1
10,DEL,451,1
10,DEL,453,1
10,DEL,455,3
10,DEL,457,1
10,DEL,459,1
10,DEL,461,2
10,DEL,463,3
10,DEL,467,1
10,DEL,469,2
10,DEL,473,5
10,DEL,475,1
10,DEL,477,2
10,DEL,479,2
10,DEL,481,1
10,DEL,483,1
10,DEL,485,1
10,DEL,487,3
10,DEL,491,1
10,DEL,493,2
10,DEL,495,1
10,DEL,499,2
10,DEL,501,1
10,DEL,505,1
10,DEL,511,3
10,DEL,515,2
10,DEL,519,1
10,DEL,527,2
10,DEL,531,1
10,DEL,539,1
10,DEL,543,3
10,DEL,547,2
10,DEL,551,3
10,DEL,555,2
10,DEL,559,1
10,DEL,563,4
10,DEL,567,2
10,DEL,571,2
10,DEL,575,1
10,DEL,583,1
10,DEL,587,2
10,DEL,591,2
10,DEL,595,1
10,DEL,599,2
10,DEL,603,2
10,DEL,607,2
10,DEL,611,1
10,DEL,615,1
10,DEL,619,2
10,DEL,623,3
10,DEL,631,2
10,DEL,635,3
10,DEL,639,2
10,DEL,643,1
10,DEL,655,1
10,DEL,659,3
10,DEL,683,1
10,DEL,687,1
10,DEL,695,1
10,DEL,699,4
10,DEL,703,1
10,DEL,707,1
10,DEL,711,1
10,DEL,715,1
10,DEL,739,4
10,DEL,747,2
10,DEL,775,1
10,DEL,799,1
10,DEL,811,1
10,DEL,819,1
10,DEL,831,1
10,DEL,843,1
10,DEL,863,1
10,DEL,871,1
10,DEL,895,1
10,DEL,899,1
10,DEL,1015,1
10,DEL,1071,1
10,DEL,1135,1
10,DEL,1143,2
10,DEL,1167,1
10,DEL,1183,1
10,DEL,1247,1
10,DEL,1287,1
10,DEL,1447,1
10,DEL,1479,1
10,DEL,1487,1
10,DEL,1519,1
10,DEL,1543,1
10,DEL,1583,1
10,DEL,1615,1
10,DEL,1639,1
10,DEL,1679,1
10,DEL,1735,2
10,DEL,1775,1
10,DEL,1783,1
10,DEL,1807,1
10,DEL,1855,1
10,DEL,1887,1
10,DEL,1943,1
10,DEL,2007,1
10,DEL,2031,1
10,DEL,2047,1
10,DEL,2063,1
10,DEL,2095,1
10,DEL,2127,1
10,DEL,2143,3
10,DEL,2159,2
10,DEL,2175,1
10,DEL,2207,2
10,DEL,2223,1
10,DEL,2255,3
10,DEL,2271,5
10,DEL,2287,1
10,DEL,2351,2
10,DEL,2383,3
10,DEL,2399,2
10,DEL,2415,1
10,DEL,2463,1
10,DEL,2495,1
10,DEL,2511,1
10,DEL,2559,1
10,DEL,2575,1
10,DEL,9983,1
10,SET,79,3
10,SET,80,1
10,SET,81,1
10,SET,82,1
10,SET,83,14
10,SET,84,14
10,SET,85,13
10,SET,86,19
10,SET,87,23
10,SET,88,26
10,SET,89,32
10,SET,90,27
10,SET,91,56
10,SET,92,54
10,SET,93,47
10,SET,94,63
10,SET,95,76
10,SET,96,81
10,SET,97,95
10,SET,98,108
10,SET,99,120
10,SET,100,155
10,SET,101,145
10,SET,102,153
10,SET,103,159
10,SET,104,186
10,SET,105,184
10,SET,106,159
10,SET,107,185
10,SET,108,232
10,SET,109,218
10,SET,110,240
10,SET,111,240
10,SET,112,267
10,SET,113,277
10,SET,114,295
10,SET,115,299
10,SET,116,314
10,SET,117,303
10,SET,118,285
10,SET,119,353
10,SET,120,308
10,SET,121,336
10,SET,122,344
10,SET,123,372
10,SET,124,352
10,SET,125,350
10,SET,126,354
10,SET,127,379
10,SET,128,362
10,SET,129,355
10,SET,130,361
10,SET,131,375
10,SET,132,383
10,SET,133,379
10,SET,134,360
10,SET,135,384
10,SET,136,383
10,SET,137,385
10,SET,138,356
10,SET,139,379
10,SET,140,381
10,SET,141,358
10,SET,142,380
10,SET,143,355
10,SET,144,384
10,SET,145,345
10,SET,146,392
10,SET,147,331
10,SET,148,355
10,SET,149,338
10,SET,150,346
10,SET,151,350
10,SET,152,329
10,SET,153,313
10,SET,154,285
10,SET,155,328
10,SET,156,320
10,SET,157,265
10,SET,158,259
10,SET,159,260
10,SET,160,283
10,SET,161,278
10,SET,162,311
10,SET,163,268
10,SET,164,228
10,SET,165,229
10,SET,166,240
10,SET,167,229
10,SET,168,252
10,SET,169,239
10,SET,170,213
10,SET,171,214
10,SET,172,199
10,SET,173,198
10,SET,174,206
10,SET,175,190
10,SET,176,165
10,SET,177,203
10,SET,178,183
10,SET,179,174
10,SET,180,159
10,SET,181,154
10,SET,182,157
10,SET,183,163
10,SET,184,171
10,SET,185,158
10,SET,186,136
10,SET,187,141
10,SET,188,148
10,SET,189,120
10,SET,190,134
10,SET,191,154
10,SET,192,115
10,SET,193,104
10,SET,194,126
10,SET,195,128
10,SET,196,124
10,SET,197,118
10,SET,198,110
10,SET,199,107
10,SET,200,128
10,SET,201,92
10,SET,202,102
10,SET,203,80
10,SET,204,101
10,SET,205,79
10,SET,206,84
10,SET,207,79
10,SET,208,82
10,SET,209,68
10,SET,210,77
10,SET,211,77
10,SET,212,55
10,SET,213,73
10,SET,214,65
10,SET,215,74
10,SET,216,64
10,SET,217,48
10,SET,218,57
10,SET,219,69
10,SET,220,67
10,SET,221,56
10,SET,222,46
10,SET,223,76
10,SET,224,60
10,SET,225,53
10,SET,226,69
10,SET,227,51
10,SET,228,56
10,SET,229,46
10,SET,230,50
10,SET,231,52
10,SET,232,49
10,SET,233,40
10,SET,234,45
10,SET,235,51
10,SET,236,31
10,SET,237,44
10,SET,238,49
10,SET,239,34
10,SET,240,60
10,SET,241,38
10,SET,242,36
10,SET,243,42
10,SET,244,40
10,SET,245,36
10,SET,246,35
10,SET,247,38
10,SET,248,39
10,SET,249,38
10,SET,250,29
10,SET,251,26
10,SET,252,33
10,SET,253,32
10,SET,254,40
10,SET,255,30
10,SET,257,61
10,SET,259,58
10,SET,261,45
10,SET,263,58
10,SET,265,56
10,SET,267,44
10,SET,269,61
10,SET,271,54
10,SET,273,45
10,SET,275,38
10,SET,277,42
10,SET,279,37
10,SET,281,45
10,SET,283,26
10,SET,285,36
10,SET,287,31
10,SET,289,22
10,SET,291,23
10,SET,293,38
10,SET,295,19
10,SET,297,22
10,SET,299,24
10,SET,301,24
10,SET,303,23
10,SET,305,27
10,SET,307,21
10,SET,309,17
10,SET,311,16
10,SET,313,22
10,SET,315,15
10,SET,317,14
10,SET,319,10
10,SET,321,14
10,SET,323,16
10,SET,325,16
10,SET,327,6
10,SET,329,4
10,SET,331,8
10,SET,333,12
10,SET,335,11
10,SET,337,5
10,SET,339,11
10,SET,341,7
10,SET,343,7
10,SET,345,5
10,SET,347,6
10,SET,349,6
10,SET,351,7
10,SET,353,3
10,SET,355,8
10,SET,357,5
10,SET,359,5
10,SET,361,3
10,SET,363,3
10,SET,365,5
10,SET,367,3
10,SET,369,1
10,SET,371,4
10,SET,373,1
10,SET,375,1
10,SET,377,2
10,SET,379,3
10,SET,381,3
10,SET,385,1
10,SET,387,1
10,SET,389,1
10,SET,391,1
10,SET,393,2
10,SET,399,2
10,SET,401,2
10,SET,403,2
10,SET,405,2
10,SET,409,2
10,SET,415,1
10,SET,419,1
10,SET,421,1
10,SET,427,1
10,SET,429,1
10,SET,433,1
10,SET,437,4
10,SET,439,1
10,SET,443,1
10,SET,447,1
10,SET,455,1
10,SET,459,3
10,SET,461,1
10,SET,465,1
10,SET,477,2
10,SET,483,2
10,SET,485,1
10,SET,507,1
10,SET,509,1
10,SET,515,1
10,SET,519,1
10,SET,531,1
10,SET,543,1
10,SET,551,1
10,SET,563,1
10,SET,567,1
10,SET,607,1
10,SET,623,1
10,SET,631,2
10,SET,671,1
10,SET,675,1
10,SET,683,1
10,SET,715,2
10,SET,723,1
10,SET,735,1
10,SET,763,1
10,SET,779,1
10,SET,823,1
10,SET,859,1
10,SET,899,1
10,SET,1471,1
10,SET,1855,1
10,SET,1911,1
10,SET,1919,1
10,SET,2063,1
10,SET,2111,1
10,SET,2127,1
10,SET,2143,1
10,SET,2175,1
10,SET,2303,1
10,SET,2335,1
10,SET,2655,1
10,SET,3663,1
11,GET,72,1
11,GET,74,3
11,GET,75,1
11,GET,76,5
11,GET,77,13
11,GET,78,29
11,GET,79,45
11,GET,80,63
11,GET,81,89
11,GET,82,121
11,GET,83,187
11,GET,84,210
11,GET,85,261
11,GET,86,342
11,GET,87,398
11,GET,88,434
11,GET,89,560
11,GET,90,618
11,GET,91,737
11,GET,92,842
11,GET,93,983
11,GET,94,1117
11,GET,95,1372
11,GET,96,1424
11,GET,97,1618
11,GET,98,1827
11,GET,99,1952
11,GET,100,2207
11,GET,101,2226
11,GET,102,2481
11,GET,103,2678
11,GET,104,2731
11,GET,105,3005
11,GET,106,3114
11,GET,107,3279
11,GET,108,3425
11,GET,109,3533
11,GET,110,3648
11,GET,111,3775
11,GET,112,3876
11,GET,113,4028
11,GET,114,4111
11,GET,115,4360
11,GET,116,4405
11,GET,117,4661
11,GET,118,4647
11,GET,119,4998
11,GET,120,4939
11,GET,121,5023
11,GET,122,5092
11,GET,123,5249
11,GET,124,5227
11,GET,125,5244
11,GET,126,5226
11,GET,127,5325
11,GET,128,5316
11,GET,129,5342
11,GET,130,5360
11,GET,131,5323
11,GET,132,5362
11,GET,133,5320
11,GET,134,5301
11,GET,135,5408
11,GET,136,5312
11,GET,137,5333
11,GET,138,5317
11,GET,139,5315
11,GET,140,5314
11,GET,141,5301
11,GET,142,5213
11,GET,143,5103
11,GET,144,5092
11,GET,145,4963
11,GET,146,4876
11,GET,147,4817
11,GET,148,4851
11,GET,149,4750
11,GET,150,4806
11,GET,151,4507
11,GET,152,4445
11,GET,153,4486
11,GET,154,4234
11,GET,155,4135
11,GET,156,3952
11,GET,157,4035
11,GET,158,3989
11,GET,159,3799
11,GET,160,3741
11,GET,161,3753
11,GET,162,3510
11,GET,163,3507
11,GET,164,3384
11,GET,165,3304
11,GET,166,3301
11,GET,167,3211
11,GET,168,3193
11,GET,169,2948
11,GET,170,2999
11,GET,171,2892
11,GET,172,2736
11,GET,173,2653
11,GET,174,2598
11,GET,175,2557
11,GET,176,2421
11,GET,177,2468
11,GET,178,2273
11,GET,179,2251
11,GET,180,2194
11,GET,181,2095
11,GET,182,2135
11,GET,183,2036
11,GET,184,2035
11,GET,185,1912
11,GET,186,1821
11,GET,187,1785
11,GET,188,1739
11,GET,189,1725
11,GET,190,1624
11,GET,191,1637
11,GET,192,1593
11,GET,193,1455
11,GET,194,1542
11,GET,195,1438
11,GET,196,1418
11,GET,197,1436
11,GET,198,1341
11,GET,199,1335
11,GET,200,1233
11,GET,201,1226
11,GET,202,1231
11,GET,203,1186
11,GET,204,1161
11,GET,205,1151
11,GET,206,1144
11,GET,207,1065
11,GET,208,1025
11,GET,209,1054
11,GET,210,993
11,GET,211,956
11,GET,212,965
11,GET,213,874
11,GET,214,896
11,GET,215,911
11,GET,216,927
11,GET,217,793
11,GET,218,909
11,GET,219,804
11,GET,220,803
11,GET,221,789
11,GET,222,817
11,GET,223,740
11,GET,224,726
11,GET,225,691
11,GET,226,742
11,GET,227,716
11,GET,228,729
11,GET,229,651
11,GET,230,630
11,GET,231,711
11,GET,232,619
11,GET,233,620
11,GET,234,587
11,GET,235,639
11,GET,236,579
11,GET,237,552
11,GET,238,545
11,GET,239,538
11,GET,240,511
11,GET,241,563
11,GET,242,555
11,GET,243,517
11,GET,244,515
11,GET,245,540
11,GET,246,495
11,GET,247,488
11,GET,248,500
11,GET,249,434
11,GET,250,448
11,GET,251,432
11,GET,252,467
11,GET,253,430
11,GET,254,401
11,GET,255,379
11,GET,257,816
11,GET,259,802
11,GET,261,764
11,GET,263,679
11,GET,265,686
11,GET,267,620
11,GET,269,591
11,GET,271,567
11,GET,273,574
11,GET,275,540
11,GET,277,526
11,GET,279,516
11,GET,281,452
11,GET,283,466
11,GET,285,437
11,GET,287,447
11,GET,289,371
11,GET,291,346
11,GET,293,356
11,GET,295,316
11,GET,297,295
11,GET,299,297
11,GET,301,280
11,GET,303,246
11,GET,305,240
11,GET,307,238
11,GET,309,200
11,GET,311,203
11,GET,313,160
11,GET,315,174
11,GET,317,176
11,GET,319,158
11,GET,321,169
11,GET,323,171
11,GET,325,124
11,GET,327,114
11,GET,329,150
11,GET,331,108
11,GET,333,108
11,GET,335,93
11,GET,337,88
11,GET,339,85
11,GET,341,82
11,GET,343,62
11,GET,345,64
11,GET,347,66
11,GET,349,51
11,GET,351,48
11,GET,353,57
11,GET,355,71
11,GET,357,41
11,GET,359,43
11,GET,361,37
11,GET,363,41
11,GET,365,37
11,GET,367,31
11,GET,369,35
11,GET,371,35
11,GET,373,26
11,GET,375,24
11,GET,377,29
11,GET,379,25
11,GET,381,20
11,GET,383,22
11,GET,385,16
11,GET,387,19
11,GET,389,18
11,GET,391,13
11,GET,393,13
11,GET,395,19
11,GET,397,22
11,GET,399,14
11,GET,401,16
11,GET,403,9
11,GET,405,13
11,GET,407,12
11,GET,409,18
11,GET,411,12
11,GET,413,10
11,GET,415,13
11,GET,417,10
11,GET,419,5
11,GET,421,9
11,GET,423,6
11,GET,425,10
11,GET,427,9
11,GET,429,10
11,GET,431,9
11,GET,433,7
11,GET,435,11
11,GET,437,13
11,GET,439,5
11,GET,441,5
11,GET,443,7
11,GET,445,2
11,GET,447,4
11,GET,449,8
11,GET,451,5
11,GET,453,4
11,GET,455,5
11,GET,457,5
11,GET,459,5
11,GET,461,4
11,GET,463,2
11,GET,465,12
11,GET,467,4
11,GET,471,4
11,GET,473,4
11,GET,475,3
11,GET,477,3
11,GET,479,7
11,GET,481,3
11,GET,483,4
11,GET,485,5
11,GET,487,2
11,GET,489,2
11,GET,491,6
11,GET,493,5
11,GET,495,1
11,GET,497,4
11,GET,499,2
11,GET,501,5
11,GET,503,2
11,GET,505,2
11,GET,507,4
11,GET,509,1
11,GET,511,5
11,GET,515,1
11,GET,519,4
11,GET,523,3
11,GET,527,6
11,GET,531,3
11,GET,535,3
11,GET,539,7
11,GET,543,4
11,GET,547,5
11,GET,551,5
11,GET,555,1
11,GET,559,4
11,GET,563,3
11,GET,567,1
11,GET,571,6
11,GET,575,4
11,GET,579,3
11,GET,583,2
11,GET,587,1
11,GET,591,4
11,GET,595,4
11,GET,599,1
11,GET,603,2
11,GET,607,4
11,GET,611,3
11,GET,615,3
11,GET,619,4
11,GET,623,2
11,GET,627,5
11,GET,631,6
11,GET,635,1
11,GET,639,3
11,GET,643,4
11,GET,647,2
11,GET,651,1
11,GET,655,3
11,GET,659,6
11,GET,663,6
11,GET,667,3
11,GET,671,6
11,GET,675,2
11,GET,679,2
11,GET,683,1
11,GET,687,1
11,GET,691,2
11,GET,695,1
11,GET,699,2
11,GET,703,4
11,GET,707,3
11,GET,711,1
11,GET,715,4
11,GET,719,3
11,GET,723,2
11,GET,731,2
11,GET,739,1
11,GET,743,3
11,GET,751,1
11,GET,755,1
11,GET,759,1
11,GET,763,2
11,GET,767,3
11,GET,771,1
11,GET,779,2
11,GET,787,1
11,GET,791,1
11,GET,799,1
11,GET,803,1
11,GET,807,1
11,GET,815,1
11,GET,819,3
11,GET,823,1
11,GET,843,3
11,GET,859,2
11,GET,863,1
11,GET,875,1
11,GET,899,1
11,GET,907,1
11,GET,963,2
11,GET,967,1
11,GET,971,1
11,GET,1023,1
11,GET,1031,2
11,GET,1047,1
11,GET,1103,1
11,GET,1143,1
11,GET,1167,1
11,GET,1183,1
11,GET,1191,1
11,GET,1199,1
11,GET,1215,1
11,GET,1223,1
11,GET,1239,1
11,GET,1247,1
11,GET,1255,2
11,GET,1279,1
11,GET,1303,1
11,GET,1343,1
11,GET,1359,1
11,GET,1367,1
11,GET,1383,2
11,GET,1391,1
11,GET,1399,2
11,GET,1407,1
11,GET,1415,1
11,GET,1423,2
11,GET,1431,1
11,GET,1447,2
11,GET,1455,1
11,GET,1471,1
11,GET,1487,2
11,GET,1495,2
11,GET,1559,1
11,GET,1567,1
11,GET,1591,1
11,GET,1615,2
11,GET,1623,1
11,GET,1631,2
11,GET,1639,1
11,GET,1655,1
11,GET,1679,1
11,GET,1687,2
11,GET,1695,1
11,GET,1703,2
11,GET,1719,1
11,GET,1743,3
11,GET,1759,1
11,GET,1767,1
11,GET,1791,2
11,GET,1799,1
11,GET,1807,1
11,GET,1823,3
11,GET,1831,1
11,GET,1855,1
11,GET,1863,1
11,GET,1871,2
11,GET,1887,1
11,GET,1895,1
11,GET,1903,1
11,GET,1911,1
11,GET,1927,1
11,GET,1943,1
11,GET,1967,1
11,GET,1975,1
11,GET,1983,2
11,GET,1991,3
11,GET,1999,1
11,GET,2015,3
11,GET,2023,1
11,GET,2047,5
11,GET,2063,2
11,GET,2079,1
11,GET,2095,6
11,GET,2111,4
11,GET,2127,6
11,GET,2143,2
11,GET,2159,4
11,GET,2175,3
11,GET,2191,3
11,GET,2207,3
11,GET,2223,6
11,GET,2239,3
11,GET,2255,3
11,GET,2271,4
11,GET,2287,6
11,GET,2303,4
11,GET,2319,3
11,GET,2335,7
11,GET,2351,5
11,GET,2367,6
11,GET,2383,5
11,GET,2399,3
11,GET,2415,2
11,GET,2431,1
11,GET,2447,1
11,GET,2463,2
11,GET,2479,3
11,GET,2495,5
11,GET,2511,1
11,GET,2527,1
11,GET,2575,2
11,GET,2607,1
11,GET,2671,2
11,GET,2703,1
11,GET,2719,1
11,GET,2927,1
11,GET,2943,1
11,GET,2991,1
11,GET,3119,1
11,GET,3151,1
11,GET,3295,1
11,GET,3615,1
11,GET,4479,1
11,GET,6591,1
11,SET,78,1
11,SET,80,3
11,SET,81,2
11,SET,82,5
11,SET,83,2
11,SET,84,6
11,SET,85,11
11,SET,86,6
11,SET,87,15
11,SET,88,25
11,SET,89,21
11,SET,90,18
11,SET,91,33
11,SET,92,37
11,SET,93,50
11,SET,94,39
11,SET,95,62
11,SET,96,61
11,SET,97,78
11,SET,98,83
11,SET,99,110
11,SET,100,100
11,SET,101,121
11,SET,102,117
11,SET,103,137
11,SET,104,147
11,SET,105,134
11,SET,106,179
11,SET,107,169
11,SET,108,209
11,SET,109,208
11,SET,110,209
11,SET,111,230
11,SET,112,203
11,SET,113,245
11,SET,114,232
11,SET,115,262
11,SET,116,287
11,SET,117,268
11,SET,118,285
11,SET,119,307
11,SET,120,320
11,SET,121,344
11,SET,122,382
11,SET,123,334
11,SET,124,324
11,SET,125,370
11,SET,126,392
11,SET,127,372
11,SET,128,369
11,SET,129,349
11,SET,130,390
11,SET,131,372
11,SET,132,317
11,SET,133,421
11,SET,134,386
11,SET,135,355
11,SET,136,408
11,SET,137,404
11,SET,138,397
11,SET,139,394
11,SET,140,377
11,SET,141,363
11,SET,142,387
11,SET,143,379
11,SET,144,362
11,SET,145,365
11,SET,146,388
11,SET,147,361
11,SET,148,352
11,SET,149,385
11,SET,150,350
11,SET,151,347
11,SET,152,318
11,SET,153,363
11,SET,154,342
11,SET,155,294
11,SET,156,298
11,SET,157,305
11,SET,158,316
11,SET,159,290
11,SET,160,289
11,SET,161,312
11,SET,162,312
11,SET,163,273
11,SET,164,285
11,SET,165,262
11,SET,166,267
11,SET,167,237
11,SET,168,268
11,SET,169,235
11,SET,170,235
11,SET,171,250
11,SET,172,195
11,SET,173,223
11,SET,174,205
11,SET,175,202
11,SET,176,234
11,SET,177,216
11,SET,178,203
11,SET,179,206
11,SET,180,208
11,SET,181,171
11,SET,182,176
11,SET,183,164
11,SET,184,164
11,SET,185,149
11,SET,186,183
11,SET,187,166
11,SET,188,146
11,SET,189,141
11,SET,190,137
11,SET,191,138
11,SET,192,138
11,SET,193,114
11,SET,194,126
11,SET,195,141
11,SET,196,123
11,SET,197,101
11,SET,198,96
11,SET,199,96
11,SET,200,109
11,SET,201,118
11,SET,202,114
11,SET,203,97
11,SET,204,107
11,SET,205,86
11,SET,206,93
11,SET,207,91
11,SET,208,80
11,SET,209,87
11,SET,210,94
11,SET,211,78
11,SET,212,77
11,SET,213,66
11,SET,214,75
11,SET,215,65
11,SET,216,68
11,SET,217,74
11,SET,218,65
11,SET,219,83
11,SET,220,76
11,SET,221,58
11,SET,222,55
11,SET,223,72
11,SET,224,64
11,SET,225,72
11,SET,226,60
11,SET,227,52
11,SET,228,51
11,SET,229,49
11,SET,230,65
11,SET,231,42
11,SET,232,46
11,SET,233,41
11,SET,234,43
11,SET,235,56
11,SET,236,51
11,SET,237,51
11,SET,238,61
11,SET,239,41
11,SET,240,41
11,SET,241,46
11,SET,242,42
11,SET,243,43
11,SET,244,45
11,SET,245,48
11,SET,246,39
11,SET,247,44
11,SET,248,43
11,SET,249,35
11,SET,250,33
11,SET,251,38
11,SET,252,27
11,SET,253,37
11,SET,254,25
11,SET,255,31
11,SET,257,67
11,SET,259,65
11,SET,261,54
11,SET,263,52
11,SET,265,43
11,SET,267,63
11,SET,269,54
11,SET,271,54
11,SET,273,53
11,SET,275,50
11,SET,277,44
11,SET,279,41
11,SET,281,36
11,SET,283,46
11,SET,285,35
11,SET,287,29
11,SET,289,28
11,SET,291,37
11,SET,293,30
11,SET,295,30
11,SET,297,23
11,SET,299,22
11,SET,301,22
11,SET,303,16
11,SET,305,19
11,SET,307,21
11,SET,309,17
11,SET,311,24
11,SET,313,20
11,SET,315,18
11,SET,317,20
11,SET,319,13
11,SET,321,12
11,SET,323,15
11,SET,325,8
11,SET,327,13
11,SET,329,4
11,SET,331,10
11,SET,333,5
11,SET,335,11
11,SET,337,5
11,SET,339,7
11,SET,341,8
11,SET,343,7
11,SET,345,10
11,SET,347,8
11,SET,349,5
11,SET,351,2
11,SET,353,5
11,SET,355,2
11,SET,357,6
11,SET,359,4
11,SET,361,2
11,SET,363,2
11,SET,365,4
11,SET,369,2
11,SET,371,3
11,SET,373,3
11,SET,375,3
11,SET,377,3
11,SET,381,2
11,SET,387,1
11,SET,389,1
11,SET,391,1
11,SET,393,2
11,SET,395,2
11,SET,397,1
11,SET,399,1
11,SET,401,4
11,SET,405,2
11,SET,409,1
11,SET,415,3
11,SET,419,1
11,SET,423,1
11,SET,427,2
11,SET,431,1
11,SET,437,1
11,SET,439,1
11,SET,443,1
11,SET,445,1
11,SET,453,1
11,SET,455,1
11,SET,463,1
11,SET,473,1
11,SET,475,1
11,SET,479,1
11,SET,483,1
11,SET,493,1
11,SET,505,1
11,SET,511,2
11,SET,515,1
11,SET,527,1
11,SET,563,1
11,SET,579,1
11,SET,587,1
11,SET,595,1
11,SET,615,2
11,SET,619,1
11,SET,631,1
11,SET,703,1
11,SET,819,1
11,SET,1415,1
11,SET,1439,1
11,SET,1799,1
11,SET,1815,1
11,SET,1847,1
11,SET,1983,1
11,SET,2127,1
11,SET,2159,1
11,SET,2271,1
11,SET,2287,1
11,SET,2303,1
11,DEL,73,1
11,DEL,75,1
11,DEL,76,1
11,DEL,77,6
11,DEL,78,2
11,DEL,79,13
11,DEL,80,18
11,DEL,81,23
11,DEL,82,31
11,DEL,83,49
11,DEL,84,68
11,DEL,85,87
11,DEL,86,105
11,DEL,87,109
11,DEL,88,158
11,DEL,89,178
11,DEL,90,207
11,DEL,91,261
11,DEL,92,284
11,DEL,93,352
11,DEL,94,397
11,DEL,95,364
11,DEL,96,491
11,DEL,97,542
11,DEL,98,628
11,DEL,99,711
11,DEL,100,701
11,DEL,101,797
11,DEL,102,864
11,DEL,103,953
11,DEL,104,890
11,DEL,105,1065
11,DEL,106,1134
11,DEL,107,1052
11,DEL,108,1122
11,DEL,109,1253
11,DEL,110,1279
11,DEL,111,1401
11,DEL,112,1364
11,DEL,113,1347
11,DEL,114,1415
11,DEL,115,1495
11,DEL,116,1594
11,DEL,117,1669
11,DEL,118,1686
11,DEL,119,1810
11,DEL,120,1678
11,DEL,121,1789
11,DEL,122,1844
11,DEL,123,1956
11,DEL,124,1835
11,DEL,125,1811
11,DEL,126,1949
11,DEL,127,1912
11,DEL,128,1922
11,DEL,129,1914
11,DEL,130,1949
11,DEL,131,1924
11,DEL,132,1809
11,DEL,133,1902
11,DEL,134,1980
11,DEL,135,1902
11,DEL,136,1856
11,DEL,137,1900
11,DEL,138,1957
11,DEL,139,1953
11,DEL,140,1912
11,DEL,141,1908
11,DEL,142,1894
11,DEL,143,1797
11,DEL,144,1825
11,DEL,145,1774
11,DEL,146,1804
11,DEL,147,1787
11,DEL,148,1799
11,DEL,149,1682
11,DEL,150,1710
11,DEL,151,1636
11,DEL,152,1620
11,DEL,153,1549
11,DEL,154,1565
11,DEL,155,1568
11,DEL,156,1461
11,DEL,157,1429
11,DEL,158,1427
11,DEL,159,1485
11,DEL,160,1397
11,DEL,161,1305
11,DEL,162,1366
11,DEL,163,1224
11,DEL,164,1269
11,DEL,165,1189
11,DEL,166,1260
11,DEL,167,1107
11,DEL,168,1051
11,DEL,169,1081
11,DEL,170,1059
11,DEL,171,1088
11,DEL,172,988
11,DEL,173,999
11,DEL,174,936
11,DEL,175,944
11,DEL,176,909
11,DEL,177,851
11,DEL,178,871
11,DEL,179,796
11,DEL,180,842
11,DEL,181,774
11,DEL,182,681
11,DEL,183,766
11,DEL,184,683
11,DEL,185,703
11,DEL,186,731
11,DEL,187,679
11,DEL,188,648
11,DEL,189,607
11,DEL,190,584
11,DEL,191,593
11,DEL,192,570
11,DEL,193,554
11,DEL,194,569
11,DEL,195,533
11,DEL,196,511
11,DEL,197,532
11,DEL,198,508
11,DEL,199,454
11,DEL,200,501
11,DEL,201,463
11,DEL,202,431
11,DEL,203,440
11,DEL,204,404
11,DEL,205,402
11,DEL,206,403
11,DEL,207,402
11,DEL,208,403
11,DEL,209,353
11,DEL,210,338
11,DEL,211,359
11,DEL,212,333
11,DEL,213,325
11,DEL,214,315
11,DEL,215,346
11,DEL,216,323
11,DEL,217,308
11,DEL,218,304
11,DEL,219,301
11,DEL,220,262
11,DEL,221,267
11,DEL,222,270
11,DEL,223,277
11,DEL,224,253
11,DEL,225,252
11,DEL,226,262
11,DEL,227,260
11,DEL,228,250
11,DEL,229,187
11,DEL,230,262
11,DEL,231,239
11,DEL,232,251
11,DEL,233,216
11,DEL,234,216
11,DEL,235,209
11,DEL,236,217
11,DEL,237,204
11,DEL,238,205
11,DEL,239,195
11,DEL,240,195
11,DEL,241,175
11,DEL,242,203
11,DEL,243,170
11,DEL,244,196
11,DEL,245,193
11,DEL,246,172
11,DEL,247,179
11,DEL,248,184
11,DEL,249,171
11,DEL,250,163
11,DEL,251,196
11,DEL,252,167
11,DEL,253,158
11,DEL,254,187
11,DEL,255,165
11,DEL,257,295
11,DEL,259,289
11,DEL,261,285
11,DEL,263,262
11,DEL,265,249
11,DEL,267,231
11,DEL,269,220
11,DEL,271,204
11,DEL,273,209
11,DEL,275,207
11,DEL,277,167
11,DEL,279,171
11,DEL,281,167
11,DEL,283,168
11,DEL,285,163
11,DEL,287,136
11,DEL,289,138
11,DEL,291,143
11,DEL,293,123
11,DEL,295,106
11,DEL,297,105
11,DEL,299,101
11,DEL,301,107
11,DEL,303,102
11,DEL,305,98
11,DEL,307,87
11,DEL,309,97
11,DEL,311,67
11,DEL,313,59
11,DEL,315,61
11,DEL,317,44
11,DEL,319,77
11,DEL,321,55
11,DEL,323,55
11,DEL,325,42
11,DEL,327,37
11,DEL,329,44
11,DEL,331,40
11,DEL,333,37
11,DEL,335,35
11,DEL,337,33
11,DEL,339,38
11,DEL,341,33
11,DEL,343,23
11,DEL,345,29
11,DEL,347,19
11,DEL,349,26
11,DEL,351,19
11,DEL,353,14
11,DEL,355,19
11,DEL,357,17
11,DEL,359,17
11,DEL,361,20
11,DEL,363,17
11,DEL,365,17
11,DEL,367,7
11,DEL,369,14
11,DEL,371,11
11,DEL,373,15
11,DEL,375,13
11,DEL,377,11
11,DEL,379,6
11,DEL,381,12
11,DEL,383,9
11,DEL,385,9
11,DEL,387,7
11,DEL,389,2
11,DEL,391,3
11,DEL,393,6
11,DEL,395,5
11,DEL,397,6
11,DEL,399,7
11,DEL,401,5
11,DEL,403,4
11,DEL,405,6
11,DEL,407,7
11,DEL,409,3
11,DEL,411,2
11,DEL,413,5
11,DEL,415,5
11,DEL,417,4
11,DEL,421,3
11,DEL,423,3
11,DEL,425,7
11,DEL,427,4
11,DEL,429,2
11,DEL,433,1
11,DEL,435,3
11,DEL,437,2
11,DEL,439,3
11,DEL,441,2
11,DEL,443,4
11,DEL,445,2
11,DEL,447,2
11,DEL,449,2
11,DEL,451,2
11,DEL,453,1
11,DEL,455,2
11,DEL,457,1
11,DEL,461,2
11,DEL,463,1
11,DEL,465,2
11,DEL,467,2
11,DEL,471,1
11,DEL,473,4
11,DEL,475,1
11,DEL,477,1
11,DEL,481,2
11,DEL,487,2
11,DEL,489,1
11,DEL,491,1
11,DEL,493,1
11,DEL,495,1
11,DEL,503,3
11,DEL,505,2
11,DEL,509,1
11,DEL,511,1
11,DEL,515,2
11,DEL,519,5
11,DEL,531,3
11,DEL,535,4
11,DEL,539,1
11,DEL,551,2
11,DEL,555,1
11,DEL,559,2
11,DEL,567,3
11,DEL,571,2
11,DEL,575,1
11,DEL,579,1
11,DEL,583,1
11,DEL,595,4
11,DEL,599,1
11,DEL,603,1
11,DEL,607,1
11,DEL,619,3
11,DEL,623,5
11,DEL,627,2
11,DEL,635,2
11,DEL,639,1
11,DEL,643,1
11,DEL,655,1
11,DEL,659,1
11,DEL,663,1
11,DEL,667,1
11,DEL,679,1
11,DEL,687,1
11,DEL,695,1
11,DEL,699,2
11,DEL,703,1
11,DEL,747,1
11,DEL,775,2
11,DEL,787,1
11,DEL,791,1
11,DEL,811,1
11,DEL,827,2
11,DEL,843,1
11,DEL,863,1
11,DEL,1063,1
11,DEL,1079,1
11,DEL,1087,1
11,DEL,1095,1
11,DEL,1119,1
11,DEL,1135,1
11,DEL,1159,1
11,DEL,1167,1
11,DEL,1207,1
11,DEL,1231,1
11,DEL,1271,1
11,DEL,1303,1
11,DEL,1351,1
11,DEL,1511,1
11,DEL,1519,1
11,DEL,1535,1
11,DEL,1551,1
11,DEL,1567,1
11,DEL,1591,1
11,DEL,1647,1
11,DEL,1663,1
11,DEL,1671,1
11,DEL,1695,1
11,DEL,1703,1
11,DEL,1735,1
11,DEL,1751,1
11,DEL,1759,4
11,DEL,1775,2
11,DEL,1799,1
11,DEL,1839,1
11,DEL,1887,1
11,DEL,1903,1
11,DEL,1911,1
11,DEL,1935,1
11,DEL,1983,1
11,DEL,1991,1
11,DEL,2023,3
11,DEL,2063,2
11,DEL,2095,1
11,DEL,2143,2
11,DEL,2159,1
11,DEL,2175,1
11,DEL,2191,1
11,DEL,2207,3
11,DEL,2223,2
11,DEL,2239,2
11,DEL,2255,2
11,DEL,2319,2
11,DEL,2351,1
11,DEL,2383,1
11,DEL,2399,3
11,DEL,2431,2
11,DEL,2495,1
11,DEL,2511,1
11,DEL,2559,1
11,DEL,2639,1
11,DEL,2655,1
11,DEL,2703,1
11,DEL,2767,1
11,DEL,2783,1
11,DEL,3999,1
11,DEL,10751,1
12,SET,78,2
12,SET,79,1
12,SET,80,5
12,SET,81,7
12,SET,82,11
12,SET,83,18
12,SET,84,14
12,SET,85,25
12,SET,86,23
12,SET,87,32
12,SET,88,54
12,SET,89,61
12,SET,90,71
12,SET,91,80
12,SET,92,79
12,SET,93,83
12,SET,94,102
12,SET,95,124
12,SET,96,112
12,SET,97,173
12,SET,98,178
12,SET,99,168
12,SET,100,195
12,SET,101,188
12,SET,102,197
12,SET,103,237
12,SET,104,234
12,SET,105,245
12,SET,106,267
12,SET,107,305
12,SET,108,287
12,SET,109,289
12,SET,110,308
12,SET,111,290
12,SET,112,328
12,SET,113,362
12,SET,114,315
12,SET,115,330
12,SET,116,328
12,SET,117,370
12,SET,118,372
12,SET,119,352
12,SET,120,378
12,SET,121,373
12,SET,122,368
12,SET,123,385
12,SET,124,383
12,SET,125,389
12,SET,126,375
12,SET,127,376
12,SET,128,397
12,SET,129,405
12,SET,130,369
12,SET,131,357
12,SET,132,347
12,SET,133,341
12,SET,134,415
12,SET,135,355
12,SET,136,406
12,SET,137,370
12,SET,138,381
12,SET,139,367
12,SET,140,355
12,SET,141,357
12,SET,142,348
12,SET,143,371
12,SET,144,323
12,SET,145,333
12,SET,146,354
12,SET,147,309
12,SET,148,307
12,SET,149,332
12,SET,150,303
12,SET,151,287
12,SET,152,288
12,SET,153,307
12,SET,154,288
12,SET,155,275
12,SET,156,281
12,SET,157,294
12,SET,158,287
12,SET,159,258
12,SET,160,260
12,SET,161,244
12,SET,162,249
12,SET,163,227
12,SET,164,216
12,SET,165,209
12,SET,166,225
12,SET,167,243
12,SET,168,181
12,SET,169,192
12,SET,170,180
12,SET,171,203
12,SET,172,170
12,SET,173,176
12,SET,174,170
12,SET,175,154
12,SET,176,151
12,SET,177,168
12,SET,178,161
12,SET,179,165
12,SET,180,158
12,SET,181,142
12,SET,182,145
12,SET,183,133
12,SET,184,122
12,SET,185,139
12,SET,186,133
12,SET,187,107
12,SET,188,119
12,SET,189,109
12,SET,190,111
12,SET,191,118
12,SET,192,113
12,SET,193,107
12,SET,194,94
12,SET,195,101
12,SET,196,102
12,SET,197,84
12,SET,198,90
12,SET,199,104
12,SET,200,76
12,SET,201,71
12,SET,202,78
12,SET,203,82
12,SET,204,69
12,SET,205,75
12,SET,206,76
12,SET,207,77
12,SET,208,69
12,SET,209,63
12,SET,210,64
12,SET,211,64
12,SET,212,65
12,SET,213,67
12,SET,214,59
12,SET,215,58
12,SET,216,57
12,SET,217,55
12,SET,218,42
12,SET,219,46
12,SET,220,60
12,SET,221,53
12,SET,222,55
12,SET,223,51
12,SET,224,43
12,SET,225,47
12,SET,226,44
12,SET,227,58
12,SET,228,50
12,SET,229,54
12,SET,230,52
12,SET,231,46
12,SET,232,38
12,SET,233,45
12,SET,234,39
12,SET,235,50
12,SET,236,37
12,SET,237,40
12,SET,238,37
12,SET,239,41
12,SET,240,40
12,SET,241,36
12,SET,242,27
12,SET,243,28
12,SET,244,27
12,SET,245,43
12,SET,246,42
12,SET,247,36
12,SET,248,24
12,SET,249,38
12,SET,250,27
12,SET,251,28
12,SET,252,33
12,SET,253,23
12,SET,254,24
12,SET,255,34
12,SET,257,63
12,SET,259,53
12,SET,261,44
12,SET,263,38
12,SET,265,45
12,SET,267,44
12,SET,269,33
12,SET,271,50
12,SET,273,42
12,SET,275,40
12,SET,277,43
12,SET,279,23
12,SET,281,34
12,SET,283,26
12,SET,285,33
12,SET,287,24
12,SET,289,36
12,SET,291,28
12,SET,293,19
12,SET,295,25
12,SET,297,27
12,SET,299,18
12,SET,301,30
12,SET,303,13
12,SET,305,25
12,SET,307,20
12,SET,309,16
12,SET,311,11
12,SET,313,15
12,SET,315,9
12,SET,317,12
12,SET,319,12
12,SET,321,9
12,SET,323,15
12,SET,325,13
12,SET,327,4
12,SET,329,17
12,SET,331,12
12,SET,333,2
12,SET,335,5
12,SET,337,12
12,SET,339,10
12,SET,341,3
12,SET,343,5
12,SET,345,8
12,SET,347,3
12,SET,349,5
12,SET,351,2
12,SET,353,2
12,SET,355,3
12,SET,357,3
12,SET,359,2
12,SET,361,2
12,SET,363,3
12,SET,365,2
12,SET,367,2
12,SET,369,2
12,SET,371,2
12,SET,373,3
12,SET,375,3
12,SET,377,1
12,SET,381,2
12,SET,383,1
12,SET,385,1
12,SET,389,3
12,SET,391,3
12,SET,395,2
12,SET,397,3
12,SET,401,2
12,SET,403,1
12,SET,407,1
12,SET,409,2
12,SET,411,1
12,SET,419,1
12,SET,421,1
12,SET,423,1
12,SET,425,1
12,SET,427,1
12,SET,429,1
12,SET,435,1
12,SET,437,1
12,SET,439,1
12,SET,441,1
12,SET,443,2
12,SET,445,2
12,SET,449,1
12,SET,451,3
12,SET,453,1
12,SET,467,1
12,SET,469,1
12,SET,481,1
12,SET,489,1
12,SET,493,2
12,SET,519,1
12,SET,523,1
12,SET,527,2
12,SET,539,1
12,SET,543,1
12,SET,547,1
12,SET,551,1
12,SET,555,1
12,SET,567,1
12,SET,571,1
12,SET,575,1
12,SET,583,1
12,SET,595,1
12,SET,599,1
12,SET,603,1
12,SET,607,1
12,SET,615,1
12,SET,623,1
12,SET,627,1
12,SET,663,1
12,SET,715,1
12,SET,719,1
12,SET,1447,1
12,SET,1567,1
12,SET,1607,1
12,SET,1623,1
12,SET,1727,1
12,SET,1743,1
12,SET,1895,1
12,SET,1935,1
12,SET,2023,1
12,SET,2127,1
12,SET,2143,1
12,SET,2303,2
12,SET,2415,1
12,SET,2447,1
12,SET,2575,1
12,GET,74,8
12,GET,75,16
12,GET,76,29
12,GET,77,53
12,GET,78,91
12,GET,79,123
12,GET,80,205
12,GET,81,285
12,GET,82,370
12,GET,83,470
12,GET,84,598
12,GET,85,734
12,GET,86,936
12,GET,87,1060
12,GET,88,1184
12,GET,89,1359
12,GET,90,1499
12,GET,91,1649
12,GET,92,1916
12,GET,93,2034
12,GET,94,2194
12,GET,95,2469
12,GET,96,2675
12,GET,97,2872
12,GET,98,3072
12,GET,99,3440
12,GET,100,3645
12,GET,101,3718
12,GET,102,3787
12,GET,103,4034
12,GET,104,4124
12,GET,105,4279
12,GET,106,4330
12,GET,107,4675
12,GET,108,4691
12,GET,109,4811
12,GET,110,4836
12,GET,111,4974
12,GET,112,4944
12,GET,113,5146
12,GET,114,5243
12,GET,115,5264
12,GET,116,5226
12,GET,117,5350
12,GET,118,5352
12,GET,119,5321
12,GET,120,5428
12,GET,121,5357
12,GET,122,5487
12,GET,123,5392
12,GET,124,5443
12,GET,125,5421
12,GET,126,5418
12,GET,127,5367
12,GET,128,5502
12,GET,129,5440
12,GET,130,5420
12,GET,131,5322
12,GET,132,5284
12,GET,133,5269
12,GET,134,5140
12,GET,135,5053
12,GET,136,4954
12,GET,137,4976
12,GET,138,5032
12,GET,139,4941
12,GET,140,4786
12,GET,141,4577
12,GET,142,4595
12,GET,143,4513
12,GET,144,4592
12,GET,145,4391
12,GET,146,4260
12,GET,147,4374
12,GET,148,4149
12,GET,149,4212
12,GET,150,3972
12,GET,151,3812
12,GET,152,3794
12,GET,153,3712
12,GET,154,3819
12,GET,155,3511
12,GET,156,3502
12,GET,157,3364
12,GET,158,3285
12,GET,159,3312
12,GET,160,3229
12,GET,161,3011
12,GET,162,2978
12,GET,163,2902
12,GET,164,2809
12,GET,165,2719
12,GET,166,2660
12,GET,167,2513
12,GET,168,2569
12,GET,169,2424
12,GET,170,2316
12,GET,171,2263
12,GET,172,2240
12,GET,173,2146
12,GET,174,2153
12,GET,175,2090
12,GET,176,2034
12,GET,177,1922
12,GET,178,1915
12,GET,179,1903
12,GET,180,1761
12,GET,181,1787
12,GET,182,1704
12,GET,183,1706
12,GET,184,1583
12,GET,185,1577
12,GET,186,1495
12,GET,187,1448
12,GET,188,1430
12,GET,189,1433
12,GET,190,1364
12,GET,191,1281
12,GET,192,1313
12,GET,193,1242
12,GET,194,1242
12,GET,195,1211
12,GET,196,1169
12,GET,197,1141
12,GET,198,1109
12,GET,199,1078
12,GET,200,1019
12,GET,201,1045
12,GET,202,999
12,GET,203,982
12,GET,204,1017
12,GET,205,961
12,GET,206,880
12,GET,207,920
12,GET,208,903
12,GET,209,817
12,GET,210,869
12,GET,211,814
12,GET,212,795
12,GET,213,792
12,GET,214,793
12,GET,215,759
12,GET,216,719
12,GET,217,713
12,GET,218,698
12,GET,219,642
12,GET,220,656
12,GET,221,701
12,GET,222,671
12,GET,223,656
12,GET,224,615
12,GET,225,625
12,GET,226,585
12,GET,227,598
12,GET,228,574
12,GET,229,541
12,GET,230,540
12,GET,231,519
12,GET,232,563
12,GET,233,541
12,GET,234,526
12,GET,235,522
12,GET,236,515
12,GET,237,463
12,GET,238,516
12,GET,239,476
12,GET,240,442
12,GET,241,475
12,GET,242,446
12,GET,243,430
12,GET,244,407
12,GET,245,428
12,GET,246,421
12,GET,247,455
12,GET,248,397
12,GET,249,404
12,GET,250,395
12,GET,251,400
12,GET,252,374
12,GET,253,381
12,GET,254,404
12,GET,255,375
12,GET,257,699
12,GET,259,683
12,GET,261,600
12,GET,263,607
12,GET,265,584
12,GET,267,533
12,GET,269,517
12,GET,271,546
12,GET,273,490
12,GET,275,492
12,GET,277,498
12,GET,279,458
12,GET,281,412
12,GET,283,384
12,GET,285,377
12,GET,287,372
12,GET,289,348
12,GET,291,329
12,GET,293,293
12,GET,295,259
12,GET,297,244
12,GET,299,240
12,GET,301,211
12,GET,303,234
12,GET,305,203
12,GET,307,200
12,GET,309,209
12,GET,311,163
12,GET,313,155
12,GET,315,164
12,GET,317,137
12,GET,319,155
12,GET,321,119
12,GET,323,129
12,GET,325,107
12,GET,327,105
12,GET,329,95
12,GET,331,87
12,GET,333,72
12,GET,335,76
12,GET,337,76
12,GET,339,85
12,GET,341,78
12,GET,343,74
12,GET,345,65
12,GET,347,70
12,GET,349,53
12,GET,351,60
12,GET,353,57
12,GET,355,38
12,GET,357,44
12,GET,359,46
12,GET,361,32
12,GET,363,41
12,GET,365,33
12,GET,367,22
12,GET,369,30
12,GET,371,30
12,GET,373,21
12,GET,375,24
12,GET,377,15
12,GET,379,25
12,GET,381,24
12,GET,383,14
12,GET,385,15
12,GET,387,16
12,GET,389,13
12,GET,391,12
12,GET,393,11
12,GET,395,10
12,GET,397,15
12,GET,399,13
12,GET,401,14
12,GET,403,9
12,GET,405,16
12,GET,407,13
12,GET,409,16
12,GET,411,14
12,GET,413,11
12,GET,415,9
12,GET,417,9
12,GET,419,12
12,GET,421,8
12,GET,423,5
12,GET,425,7
12,GET,427,6
12,GET,429,4
12,GET,431,10
12,GET,433,11
12,GET,435,5
12,GET,437,8
12,GET,439,2
12,GET,441,8
12,GET,443,5
12,GET,445,5
12,GET,447,9
12,GET,449,6
12,GET,451,6
12,GET,453,6
12,GET,455,5
12,GET,457,3
12,GET,459,2
12,GET,461,3
12,GET,463,2
12,GET,465,4
12,GET,467,2
12,GET,469,1
12,GET,471,5
12,GET,475,2
12,GET,477,3
12,GET,479,5
12,GET,481,3
12,GET,483,1
12,GET,485,3
12,GET,487,1
12,GET,489,2
12,GET,491,3
12,GET,493,3
12,GET,495,2
12,GET,497,2
12,GET,499,2
12,GET,503,2
12,GET,505,2
12,GET,507,1
12,GET,511,2
12,GET,515,5
12,GET,519,1
12,GET,523,1
12,GET,527,4
12,GET,531,2
12,GET,535,3
12,GET,539,3
12,GET,543,3
12,GET,547,5
12,GET,551,3
12,GET,555,1
12,GET,559,3
12,GET,563,4
12,GET,567,2
12,GET,571,3
12,GET,575,6
12,GET,579,1
12,GET,583,3
12,GET,587,3
12,GET,591,4
12,GET,595,2
12,GET,599,1
12,GET,603,3
12,GET,607,4
12,GET,611,4
12,GET,615,2
12,GET,619,5
12,GET,623,3
12,GET,627,6
12,GET,631,7
12,GET,635,2
12,GET,639,2
12,GET,643,2
12,GET,647,5
12,GET,651,1
12,GET,655,2
12,GET,659,3
12,GET,663,3
12,GET,667,3
12,GET,671,3
12,GET,675,1
12,GET,679,3
12,GET,683,2
12,GET,687,1
12,GET,691,3
12,GET,695,1
12,GET,699,5
12,GET,703,4
12,GET,707,3
12,GET,711,2
12,GET,715,1
12,GET,723,1
12,GET,743,1
12,GET,747,1
12,GET,751,1
12,GET,759,1
12,GET,763,1
12,GET,771,3
12,GET,779,1
12,GET,783,1
12,GET,787,4
12,GET,799,1
12,GET,807,1
12,GET,819,2
12,GET,823,3
12,GET,827,2
12,GET,831,2
12,GET,847,1
12,GET,875,2
12,GET,879,1
12,GET,887,1
12,GET,907,1
12,GET,915,1
12,GET,931,1
12,GET,939,1
12,GET,1019,1
12,GET,1055,1
12,GET,1071,1
12,GET,1159,1
12,GET,1183,1
12,GET,1191,2
12,GET,1199,1
12,GET,1231,1
12,GET,1247,1
12,GET,1263,1
12,GET,1271,1
12,GET,1287,1
12,GET,1311,1
12,GET,1327,3
12,GET,1335,1
12,GET,1343,1
12,GET,1359,2
12,GET,1391,1
12,GET,1415,1
12,GET,1423,1
12,GET,1431,1
12,GET,1439,1
12,GET,1447,2
12,GET,1463,4
12,GET,1471,1
12,GET,1479,1
12,GET,1487,3
12,GET,1503,2
12,GET,1519,1
12,GET,1535,2
12,GET,1543,1
12,GET,1575,1
12,GET,1583,2
12,GET,1599,2
12,GET,1607,2
12,GET,1623,2
12,GET,1647,1
12,GET,1663,3
12,GET,1671,1
12,GET,1687,1
12,GET,1711,1
12,GET,1719,1
12,GET,1743,2
12,GET,1751,1
12,GET,1759,1
12,GET,1767,1
12,GET,1775,1
12,GET,1791,2
12,GET,1799,1
12,GET,1807,1
12,GET,1815,1
12,GET,1847,1
12,GET,1887,1
12,GET,1895,1
12,GET,1903,2
12,GET,1919,1
12,GET,1935,2
12,GET,1943,3
12,GET,1951,2
12,GET,1967,2
12,GET,1983,3
12,GET,1991,1
12,GET,2031,2
12,GET,2039,2
12,GET,2063,2
12,GET,2079,2
12,GET,2095,2
12,GET,2111,7
12,GET,2127,4
12,GET,2143,6
12,GET,2159,4
12,GET,2175,4
12,GET,2191,3
12,GET,2207,2
12,GET,2223,2
12,GET,2255,2
12,GET,2271,5
12,GET,2287,4
12,GET,2303,5
12,GET,2319,3
12,GET,2335,7
12,GET,2351,4
12,GET,2367,3
12,GET,2383,1
12,GET,2399,5
12,GET,2415,4
12,GET,2431,3
12,GET,2447,2
12,GET,2463,2
12,GET,2479,2
12,GET,2495,1
12,GET,2527,1
12,GET,2543,2
12,GET,2559,1
12,GET,2575,1
12,GET,2607,1
12,GET,2623,1
12,GET,2639,1
12,GET,2671,1
12,GET,2703,1
12,GET,2767,2
12,GET,3007,1
12,GET,3391,1
12,GET,3871,1
12,GET,3903,1
12,GET,6687,1
12,GET,10047,1
12,DEL,75,1
12,DEL,76,8
12,DEL,77,13
12,DEL,78,28
12,DEL,79,44
12,DEL,80,56
12,DEL,81,87
12,DEL,82,113
12,DEL,83,148
12,DEL,84,205
12,DEL,85,205
12,DEL,86,275
12,DEL,87,355
12,DEL,88,426
12,DEL,89,466
12,DEL,90,539
12,DEL,91,538
12,DEL,92,640
12,DEL,93,710
12,DEL,94,772
12,DEL,95,826
12,DEL,96,914
12,DEL,97,927
12,DEL,98,973
12,DEL,99,1174
12,DEL,100,1294
12,DEL,101,1283
12,DEL,102,1316
12,DEL,103,1363
12,DEL,104,1384
12,DEL,105,1438
12,DEL,106,1611
12,DEL,107,1621
12,DEL,108,1670
12,DEL,109,1646
12,DEL,110,1657
12,DEL,111,1802
12,DEL,112,1717
12,DEL,113,1851
12,DEL,114,1795
12,DEL,115,1858
12,DEL,116,1860
12,DEL,117,1915
12,DEL,118,1914
12,DEL,119,1912
12,DEL,120,1892
12,DEL,121,1960
12,DEL,122,1985
12,DEL,123,1991
12,DEL,124,1994
12,DEL,125,1957
12,DEL,126,1967
12,DEL,127,1946
12,DEL,128,1924
12,DEL,129,1976
12,DEL,130,1941
12,DEL,131,1895
12,DEL,132,1847
12,DEL,133,1854
12,DEL,134,1826
12,DEL,135,1830
12,DEL,136,1788
12,DEL,137,1780
12,DEL,138,1790
12,DEL,139,1713
12,DEL,140,1685
12,DEL,141,1681
12,DEL,142,1690
12,DEL,143,1636
12,DEL,144,1688
12,DEL,145,1645
12,DEL,146,1515
12,DEL,147,1534
12,DEL,148,1518
12,DEL,149,1516
12,DEL,150,1470
12,DEL,151,1332
12,DEL,152,1348
12,DEL,153,1269
12,DEL,154,1353
12,DEL,155,1319
12,DEL,156,1216
12,DEL,157,1232
12,DEL,158,1172
12,DEL,159,1183
12,DEL,160,1123
12,DEL,161,1120
12,DEL,162,1076
12,DEL,163,1011
12,DEL,164,1045
12,DEL,165,921
12,DEL,166,989
12,DEL,167,944
12,DEL,168,949
12,DEL,169,911
12,DEL,170,806
12,DEL,171,835
12,DEL,172,800
12,DEL,173,798
12,DEL,174,761
12,DEL,175,764
12,DEL,176,701
12,DEL,177,695
12,DEL,178,664
12,DEL,179,645
12,DEL,180,662
12,DEL,181,631
12,DEL,182,645
12,DEL,183,592
12,DEL,184,591
12,DEL,185,570
12,DEL,186,530
12,DEL,187,576
12,DEL,188,547
12,DEL,189,517
12,DEL,190,460
12,DEL,191,501
12,DEL,192,444
12,DEL,193,432
12,DEL,194,466
12,DEL,195,450
12,DEL,196,408
12,DEL,197,415
12,DEL,198,409
12,DEL,199,423
12,DEL,200,347
12,DEL,201,368
12,DEL,202,364
12,DEL,203,313
12,DEL,204,358
12,DEL,205,340
12,DEL,206,312
12,DEL,207,358
12,DEL,208,342
12,DEL,209,316
12,DEL,210,295
12,DEL,211,274
12,DEL,212,291
12,DEL,213,307
12,DEL,214,273
12,DEL,215,283
12,DEL,216,254
12,DEL,217,269
12,DEL,218,301
12,DEL,219,248
12,DEL,220,241
12,DEL,221,244
12,DEL,222,235
12,DEL,223,240
12,DEL,224,225
12,DEL,225,226
12,DEL,226,213
12,DEL,227,232
12,DEL,228,218
12,DEL,229,203
12,DEL,230,224
12,DEL,231,216
12,DEL,232,185
12,DEL,233,216
12,DEL,234,182
12,DEL,235,175
12,DEL,236,192
12,DEL,237,183
12,DEL,238,187
12,DEL,239,161
12,DEL,240,158
12,DEL,241,176
12,DEL,242,179
12,DEL,243,177
12,DEL,244,149
12,DEL,245,166
12,DEL,246,128
12,DEL,247,157
12,DEL,248,162
12,DEL,249,168
12,DEL,250,115
12,DEL,251,167
12,DEL,252,152
12,DEL,253,120
12,DEL,254,127
12,DEL,255,130
12,DEL,257,261
12,DEL,259,233
12,DEL,261,241
12,DEL,263,222
12,DEL,265,221
12,DEL,267,171
12,DEL,269,178
12,DEL,271,203
12,DEL,273,163
12,DEL,275,158
12,DEL,277,154
12,DEL,279,155
12,DEL,281,124
12,DEL,283,160
12,DEL,285,127
12,DEL,287,114
12,DEL,289,121
12,DEL,291,97
12,DEL,293,106
12,DEL,295,107
12,DEL,297,122
12,DEL,299,96
12,DEL,301,84
12,DEL,303,71
12,DEL,305,76
12,DEL,307,63
12,DEL,309,70
12,DEL,311,72
12,DEL,313,51
12,DEL,315,58
12,DEL,317,57
12,DEL,319,52
12,DEL,321,40
12,DEL,323,37
12,DEL,325,38
12,DEL,327,39
12,DEL,329,45
12,DEL,331,32
12,DEL,333,41
12,DEL,335,25
12,DEL,337,18
12,DEL,339,30
12,DEL,341,17
12,DEL,343,19
12,DEL,345,20
12,DEL,347,24
12,DEL,349,17
12,DEL,351,26
12,DEL,353,15
12,DEL,355,15
12,DEL,357,28
12,DEL,359,12
12,DEL,361,6
12,DEL,363,14
12,DEL,365,16
12,DEL,367,6
12,DEL,369,9
12,DEL,371,11
12,DEL,373,7
12,DEL,375,9
12,DEL,377,7
12,DEL,379,7
12,DEL,381,11
12,DEL,383,5
12,DEL,385,5
12,DEL,387,4
12,DEL,389,8
12,DEL,391,6
12,DEL,393,4
12,DEL,395,2
12,DEL,397,5
12,DEL,399,7
12,DEL,401,7
12,DEL,403,4
12,DEL,405,4
12,DEL,407,4
12,DEL,409,6
12,DEL,411,5
12,DEL,413,2
12,DEL,415,5
12,DEL,417,4
12,DEL,419,2
12,DEL,421,3
12,DEL,425,5
12,DEL,427,2
12,DEL,429,1
12,DEL,431,1
12,DEL,433,1
12,DEL,435,3
12,DEL,437,2
12,DEL,441,1
12,DEL,443,2
12,DEL,445,3
12,DEL,447,3
12,DEL,449,2
12,DEL,451,1
12,DEL,453,1
12,DEL,455,4
12,DEL,457,3
12,DEL,459,1
12,DEL,461,3
12,DEL,465,2
12,DEL,467,1
12,DEL,473,1
12,DEL,477,1
12,DEL,479,1
12,DEL,481,1
12,DEL,485,2
12,DEL,489,1
12,DEL,491,2
12,DEL,495,1
12,DEL,497,1
12,DEL,501,4
12,DEL,505,1
12,DEL,511,2
12,DEL,515,1
12,DEL,519,2
12,DEL,523,1
12,DEL,527,1
12,DEL,531,3
12,DEL,535,1
12,DEL,543,2
12,DEL,547,1
12,DEL,551,1
12,DEL,563,2
12,DEL,571,1
12,DEL,579,1
12,DEL,583,1
12,DEL,587,1
12,DEL,591,2
12,DEL,595,2
12,DEL,603,1
12,DEL,611,2
12,DEL,615,1
12,DEL,619,1
12,DEL,623,1
12,DEL,631,1
12,DEL,635,2
12,DEL,643,2
12,DEL,647,1
12,DEL,651,1
12,DEL,655,1
12,DEL,663,1
12,DEL,671,1
12,DEL,679,1
12,DEL,683,1
12,DEL,695,1
12,DEL,699,1
12,DEL,707,1
12,DEL,711,1
12,DEL,719,1
12,DEL,731,1
12,DEL,739,1
12,DEL,743,1
12,DEL,747,1
12,DEL,751,2
12,DEL,767,2
12,DEL,771,1
12,DEL,775,1
12,DEL,783,1
12,DEL,795,1
12,DEL,799,1
12,DEL,803,1
12,DEL,811,1
12,DEL,815,1
12,DEL,823,1
12,DEL,835,1
12,DEL,847,1
12,DEL,1047,2
12,DEL,1055,1
12,DEL,1191,1
12,DEL,1247,1
12,DEL,1263,2
12,DEL,1383,2
12,DEL,1391,1
12,DEL,1407,1
12,DEL,1415,2
12,DEL,1431,1
12,DEL,1447,1
12,DEL,1535,1
12,DEL,1543,1
12,DEL,1567,1
12,DEL,1575,2
12,DEL,1615,1
12,DEL,1639,1
12,DEL,1695,1
12,DEL,1783,3
12,DEL,1807,2
12,DEL,1823,1
12,DEL,1887,1
12,DEL,1903,2
12,DEL,1943,1
12,DEL,1967,2
12,DEL,1999,1
12,DEL,2015,1
12,DEL,2039,1
12,DEL,2047,4
12,DEL,2063,1
12,DEL,2111,1
12,DEL,2143,3
12,DEL,2159,1
12,DEL,2175,3
12,DEL,2207,1
12,DEL,2223,2
12,DEL,2239,1
12,DEL,2255,2
12,DEL,2287,1
12,DEL,2303,3
12,DEL,2335,3
12,DEL,2351,2
12,DEL,2367,2
12,DEL,2383,2
12,DEL,2431,1
12,DEL,2447,2
12,DEL,2495,1
12,DEL,2607,1
12,DEL,2671,1
12,DEL,2687,1
12,DEL,2703,1
12,DEL,2751,1
12,DEL,2943,1
12,DEL,3135,1
12,DEL,3167,1
12,DEL,3487,1
13,SET,79,2
13,SET,80,4
13,SET,81,5
13,SET,82,6
13,SET,83,11
13,SET,84,8
13,SET,85,17
13,SET,86,30
13,SET,87,30
13,SET,88,33
13,SET,89,49
13,SET,90,35
13,SET,91,54
13,SET,92,64
13,SET,93,63
13,SET,94,69
13,SET,95,84
13,SET,96,97
13,SET,97,100
13,SET,98,138
13,SET,99,126
13,SET,100,157
13,SET,101,165
13,SET,102,167
13,SET,103,179
13,SET,104,198
13,SET,105,219
13,SET,106,217
13,SET,107,204
13,SET,108,226
13,SET,109,262
13,SET,110,235
13,SET,111,277
13,SET,112,312
13,SET,113,305
13,SET,114,314
13,SET,115,309
13,SET,116,291
13,SET,117,296
13,SET,118,314
13,SET,119,357
13,SET,120,328
13,SET,121,339
13,SET,122,355
13,SET,123,337
13,SET,124,389
13,SET,125,361
13,SET,126,373
13,SET,127,363
13,SET,128,372
13,SET,129,347
13,SET,130,332
13,SET,131,376
13,SET,132,376
13,SET,133,350
13,SET,134,335
13,SET,135,354
13,SET,136,374
13,SET,137,351
13,SET,138,402
13,SET,139,370
13,SET,140,382
13,SET,141,371
13,SET,142,349
13,SET,143,319
13,SET,144,350
13,SET,145,373
13,SET,146,294
13,SET,147,329
13,SET,148,327
13,SET,149,335
13,SET,150,337
13,SET,151,293
13,SET,152,349
13,SET,153,292
13,SET,154,283
13,SET,155,328
13,SET,156,277
13,SET,157,300
13,SET,158,296
13,SET,159,270
13,SET,160,261
13,SET,161,254
13,SET,162,276
13,SET,163,256
13,SET,164,261
13,SET,165,258
13,SET,166,226
13,SET,167,212
13,SET,168,256
13,SET,169,211
13,SET,170,207
13,SET,171,209
13,SET,172,210
13,SET,173,217
13,SET,174,201
13,SET,175,199
13,SET,176,188
13,SET,177,182
13,SET,178,189
13,SET,179,178
13,SET,180,167
13,SET,181,154
13,SET,182,160
13,SET,183,152
13,SET,184,163
13,SET,185,152
13,SET,186,102
13,SET,187,145
13,SET,188,145
13,SET,189,118
13,SET,190,135
13,SET,191,116
13,SET,192,114
13,SET,193,142
13,SET,194,111
13,SET,195,116
13,SET,196,112
13,SET,197,94
13,SET,198,106
13,SET,199,104
13,SET,200,111
13,SET,201,78
13,SET,202,94
13,SET,203,98
13,SET,204,87
13,SET,205,91
13,SET,206,84
13,SET,207,90
13,SET,208,65
13,SET,209,86
13,SET,210,70
13,SET,211,71
13,SET,212,79
13,SET,213,63
13,SET,214,59
13,SET,215,88
13,SET,216,60
13,SET,217,79
13,SET,218,53
13,SET,219,73
13,SET,220,54
13,SET,221,57
13,SET,222,54
13,SET,223,59
13,SET,224,53
13,SET,225,55
13,SET,226,71
13,SET,227,51
13,SET,228,50
13,SET,229,47
13,SET,230,59
13,SET,231,42
13,SET,232,38
13,SET,233,41
13,SET,234,46
13,SET,235,42
13,SET,236,48
13,SET,237,33
13,SET,238,31
13,SET,239,37
13,SET,240,29
13,SET,241,43
13,SET,242,40
13,SET,243,30
13,SET,244,35
13,SET,245,36
13,SET,246,21
13,SET,247,43
13,SET,248,28
13,SET,249,35
13,SET,250,31
13,SET,251,36
13,SET,252,22
13,SET,253,26
13,SET,254,38
13,SET,255,40
13,SET,257,47
13,SET,259,55
13,SET,261,50
13,SET,263,53
13,SET,265,49
13,SET,267,43
13,SET,269,56
13,SET,271,42
13,SET,273,38
13,SET,275,36
13,SET,277,35
13,SET,279,30
13,SET,281,23
13,SET,283,36
13,SET,285,39
13,SET,287,35
13,SET,289,26
13,SET,291,32
13,SET,293,24
13,SET,295,22
13,SET,297,18
13,SET,299,28
13,SET,301,16
13,SET,303,19
13,SET,305,24
13,SET,307,13
13,SET,309,13
13,SET,311,17
13,SET,313,17
13,SET,315,13
13,SET,317,8
13,SET,319,20
13,SET,321,12
13,SET,323,13
13,SET,325,11
13,SET,327,8
13,SET,329,9
13,SET,331,5
13,SET,333,4
13,SET,335,10
13,SET,337,6
13,SET,339,10
13,SET,341,5
13,SET,343,4
13,SET,345,7
13,SET,347,11
13,SET,349,7
13,SET,351,8
13,SET,353,2
13,SET,355,3
13,SET,357,7
13,SET,359,1
13,SET,361,4
13,SET,363,1
13,SET,365,4
13,SET,367,6
13,SET,369,2
13,SET,371,4
13,SET,373,2
13,SET,375,2
13,SET,377,5
13,SET,379,2
13,SET,381,1
13,SET,383,3
13,SET,385,2
13,SET,387,1
13,SET,391,1
13,SET,393,2
13,SET,395,1
13,SET,399,2
13,SET,411,3
13,SET,413,1
13,SET,421,2
13,SET,423,2
13,SET,429,1
13,SET,431,3
13,SET,437,1
13,SET,439,1
13,SET,443,1
13,SET,447,1
13,SET,449,1
13,SET,457,2
13,SET,465,1
13,SET,469,1
13,SET,471,1
13,SET,473,1
13,SET,481,1
13,SET,489,1
13,SET,497,1
13,SET,503,1
13,SET,527,1
13,SET,547,1
13,SET,551,1
13,SET,563,1
13,SET,567,1
13,SET,575,1
13,SET,579,1
13,SET,583,2
13,SET,587,1
13,SET,595,1
13,SET,647,1
13,SET,687,1
13,SET,723,1
13,SET,743,1
13,SET,759,1
13,SET,775,1
13,SET,779,1
13,SET,1183,1
13,SET,1367,1
13,SET,1431,1
13,SET,1519,1
13,SET,1567,1
13,SET,1639,1
13,SET,1807,1
13,SET,1847,1
13,SET,1943,1
13,SET,2063,1
13,SET,2271,1
13,SET,2287,1
13,SET,3567,1
13,DEL,75,3
13,DEL,76,9
13,DEL,77,14
13,DEL,78,20
13,DEL,79,22
13,DEL,80,53
13,DEL,81,51
13,DEL,82,78
13,DEL,83,100
13,DEL,84,119
13,DEL,85,151
13,DEL,86,212
13,DEL,87,247
13,DEL,88,259
13,DEL,89,326
13,DEL,90,383
13,DEL,91,401
13,DEL,92,496
13,DEL,93,457
13,DEL,94,597
13,DEL,95,664
13,DEL,96,707
13,DEL,97,749
13,DEL,98,794
13,DEL,99,898
13,DEL,100,967
13,DEL,101,1093
13,DEL,102,1134
13,DEL,103,1149
13,DEL,104,1264
13,DEL,105,1275
13,DEL,106,1296
13,DEL,107,1421
13,DEL,108,1363
13,DEL,109,1471
13,DEL,110,1514
13,DEL,111,1527
13,DEL,112,1546
13,DEL,113,1663
13,DEL,114,1606
13,DEL,115,1692
13,DEL,116,1678
13,DEL,117,1738
13,DEL,118,1696
13,DEL,119,1842
13,DEL,120,1807
13,DEL,121,1949
13,DEL,122,1875
13,DEL,123,1899
13,DEL,124,1888
13,DEL,125,1890
13,DEL,126,1893
13,DEL,127,1955
13,DEL,128,1954
13,DEL,129,1863
13,DEL,130,1802
13,DEL,131,1885
13,DEL,132,1903
13,DEL,133,1887
13,DEL,134,1854
13,DEL,135,1831
13,DEL,136,1765
13,DEL,137,1817
13,DEL,138,1815
13,DEL,139,1859
13,DEL,140,1869
13,DEL,141,1793
13,DEL,142,1759
13,DEL,143,1705
13,DEL,144,1651
13,DEL,145,1647
13,DEL,146,1755
13,DEL,147,1665
13,DEL,148,1572
13,DEL,149,1623
13,DEL,150,1644
13,DEL,151,1515
13,DEL,152,1463
13,DEL,153,1442
13,DEL,154,1482
13,DEL,155,1423
13,DEL,156,1316
13,DEL,157,1265
13,DEL,158,1337
13,DEL,159,1325
13,DEL,160,1277
13,DEL,161,1222
13,DEL,162,1197
13,DEL,163,1128
13,DEL,164,1133
13,DEL,165,1084
13,DEL,166,1142
13,DEL,167,1112
13,DEL,168,1015
13,DEL,169,1003
13,DEL,170,1000
13,DEL,171,912
13,DEL,172,968
13,DEL,173,910
13,DEL,174,829
13,DEL,175,849
13,DEL,176,804
13,DEL,177,815
13,DEL,178,757
13,DEL,179,817
13,DEL,180,755
13,DEL,181,717
13,DEL,182,625
13,DEL,183,635
13,DEL,184,663
13,DEL,185,620
13,DEL,186,674
13,DEL,187,598
13,DEL,188,592
13,DEL,189,579
13,DEL,190,547
13,DEL,191,566
13,DEL,192,520
13,DEL,193,567
13,DEL,194,483
13,DEL,195,506
13,DEL,196,496
13,DEL,197,466
13,DEL,198,461
13,DEL,199,433
13,DEL,200,443
13,DEL,201,392
13,DEL,202,406
13,DEL,203,410
13,DEL,204,407
13,DEL,205,369
13,DEL,206,408
13,DEL,207,370
13,DEL,208,331
13,DEL,209,329
13,DEL,210,313
13,DEL,211,357
13,DEL,212,327
13,DEL,213,314
13,DEL,214,324
13,DEL,215,286
13,DEL,216,286
13,DEL,217,237
13,DEL,218,271
13,DEL,219,286
13,DEL,220,245
13,DEL,221,260
13,DEL,222,263
13,DEL,223,239
13,DEL,224,253
13,DEL,225,237
13,DEL,226,235
13,DEL,227,244
13,DEL,228,214
13,DEL,229,222
13,DEL,230,232
13,DEL,231,217
13,DEL,232,213
13,DEL,233,228
13,DEL,234,210
13,DEL,235,207
13,DEL,236,188
13,DEL,237,183
13,DEL,238,185
13,DEL,239,183
13,DEL,240,197
13,DEL,241,171
13,DEL,242,166
13,DEL,243,163
13,DEL,244,153
13,DEL,245,161
13,DEL,246,175
13,DEL,247,166
13,DEL,248,158
13,DEL,249,147
13,DEL,250,140
13,DEL,251,140
13,DEL,252,139
13,DEL,253,133
13,DEL,254,128
13,DEL,255,133
13,DEL,257,268
13,DEL,259,240
13,DEL,261,232
13,DEL,263,219
13,DEL,265,234
13,DEL,267,205
13,DEL,269,194
13,DEL,271,208
13,DEL,273,189
13,DEL,275,161
13,DEL,277,150
13,DEL,279,179
13,DEL,281,157
13,DEL,283,143
13,DEL,285,149
13,DEL,287,128
13,DEL,289,133
13,DEL,291,113
13,DEL,293,114
13,DEL,295,89
13,DEL,297,99
13,DEL,299,112
13,DEL,301,80
13,DEL,303,78
13,DEL,305,103
13,DEL,307,69
13,DEL,309,70
13,DEL,311,68
13,DEL,313,66
13,DEL,315,75
13,DEL,317,58
13,DEL,319,51
13,DEL,321,53
13,DEL,323,52
13,DEL,325,41
13,DEL,327,35
13,DEL,329,29
13,DEL,331,31
13,DEL,333,37
13,DEL,335,26
13,DEL,337,23
13,DEL,339,24
13,DEL,341,30
13,DEL,343,27
13,DEL,345,16
13,DEL,347,16
13,DEL,349,33
13,DEL,351,21
13,DEL,353,10
13,DEL,355,18
13,DEL,357,22
13,DEL,359,12
13,DEL,361,13
13,DEL,363,15
13,DEL,365,14
13,DEL,367,14
13,DEL,369,7
13,DEL,371,14
13,DEL,373,11
13,DEL,375,7
13,DEL,377,12
13,DEL,379,9
13,DEL,381,8
13,DEL,383,6
13,DEL,385,1
13,DEL,387,10
13,DEL,389,7
13,DEL,391,9
13,DEL,393,7
13,DEL,395,6
13,DEL,397,7
13,DEL,399,3
13,DEL,401,6
13,DEL,403,4
13,DEL,405,8
13,DEL,407,8
13,DEL,409,2
13,DEL,411,1
13,DEL,413,5
13,DEL,415,2
13,DEL,419,1
13,DEL,421,3
13,DEL,425,2
13,DEL,427,1
13,DEL,429,4
13,DEL,431,1
13,DEL,433,2
13,DEL,437,2
13,DEL,439,2
13,DEL,441,1
13,DEL,445,2
13,DEL,447,3
13,DEL,449,4
13,DEL,451,4
13,DEL,453,2
13,DEL,455,3
13,DEL,457,4
13,DEL,459,1
13,DEL,461,1
13,DEL,463,1
13,DEL,465,1
13,DEL,467,1
13,DEL,471,1
13,DEL,473,1
13,DEL,483,1
13,DEL,485,3
13,DEL,487,3
13,DEL,489,1
13,DEL,491,1
13,DEL,493,1
13,DEL,497,1
13,DEL,501,1
13,DEL,503,1
13,DEL,507,1
13,DEL,509,1
13,DEL,515,2
13,DEL,519,4
13,DEL,523,1
13,DEL,539,1
13,DEL,543,3
13,DEL,559,1
13,DEL,567,1
13,DEL,571,1
13,DEL,575,3
13,DEL,579,3
13,DEL,587,1
13,DEL,591,3
13,DEL,595,2
13,DEL,603,1
13,DEL,607,3
13,DEL,611,1
13,DEL,619,1
13,DEL,623,2
13,DEL,627,1
13,DEL,635,1
13,DEL,655,1
13,DEL,659,1
13,DEL,671,1
13,DEL,675,1
13,DEL,679,1
13,DEL,683,1
13,DEL,687,1
13,DEL,691,1
13,DEL,695,1
13,DEL,699,2
13,DEL,707,1
13,DEL,715,1
13,DEL,723,2
13,DEL,727,1
13,DEL,743,2
13,DEL,755,1
13,DEL,771,2
13,DEL,775,1
13,DEL,871,1
13,DEL,887,1
13,DEL,911,1
13,DEL,919,1
13,DEL,947,1
13,DEL,979,1
13,DEL,983,1
13,DEL,1011,1
13,DEL,1151,1
13,DEL,1191,1
13,DEL,1199,1
13,DEL,1215,1
13,DEL,1303,1
13,DEL,1335,1
13,DEL,1383,1
13,DEL,1399,1
13,DEL,1415,3
13,DEL,1447,1
13,DEL,1471,2
13,DEL,1479,1
13,DEL,1503,1
13,DEL,1511,2
13,DEL,1567,1
13,DEL,1591,2
13,DEL,1607,1
13,DEL,1647,1
13,DEL,1655,2
13,DEL,1679,2
13,DEL,1711,2
13,DEL,1743,1
13,DEL,1807,1
13,DEL,1815,3
13,DEL,1831,1
13,DEL,1871,1
13,DEL,1951,1
13,DEL,1967,1
13,DEL,2047,1
13,DEL,2079,1
13,DEL,2095,3
13,DEL,2111,4
13,DEL,2127,4
13,DEL,2143,2
13,DEL,2159,3
13,DEL,2175,1
13,DEL,2191,3
13,DEL,2239,2
13,DEL,2255,1
13,DEL,2271,2
13,DEL,2303,1
13,DEL,2319,2
13,DEL,2335,2
13,DEL,2351,2
13,DEL,2367,1
13,DEL,2399,1
13,DEL,2415,1
13,DEL,2447,1
13,DEL,2463,1
13,DEL,2511,1
13,DEL,2527,1
13,DEL,2543,1
13,DEL,2559,2
13,DEL,2575,1
13,DEL,2671,1
13,DEL,3023,1
13,DEL,7903,1
13,GET,73,2
13,GET,74,5
13,GET,75,11
13,GET,76,25
13,GET,77,22
13,GET,78,56
13,GET,79,88
13,GET,80,134
13,GET,81,201
13,GET,82,222
13,GET,83,347
13,GET,84,396
13,GET,85,536
13,GET,86,596
13,GET,87,701
13,GET,88,813
13,GET,89,950
13,GET,90,1121
13,GET,91,1212
13,GET,92,1402
13,GET,93,1636
13,GET,94,1741
13,GET,95,1909
13,GET,96,2062
13,GET,97,2247
13,GET,98,2505
13,GET,99,2793
13,GET,100,2934
13,GET,101,3087
13,GET,102,3159
13,GET,103,3413
13,GET,104,3690
13,GET,105,3695
13,GET,106,3949
13,GET,107,3950
13,GET,108,4123
13,GET,109,4293
13,GET,110,4189
13,GET,111,4441
13,GET,112,4482
13,GET,113,4576
13,GET,114,4678
13,GET,115,4757
13,GET,116,4833
13,GET,117,4944
13,GET,118,5010
13,GET,119,5117
13,GET,120,5239
13,GET,121,5197
13,GET,122,5421
13,GET,123,5164
13,GET,124,5369
13,GET,125,5429
13,GET,126,5456
13,GET,127,5229
13,GET,128,5456
13,GET,129,5440
13,GET,130,5288
13,GET,131,5280
13,GET,132,5313
13,GET,133,5215
13,GET,134,5140
13,GET,135,5122
13,GET,136,5108
13,GET,137,5181
13,GET,138,5057
13,GET,139,4953
13,GET,140,5048
13,GET,141,5044
13,GET,142,4874
13,GET,143,4826
13,GET,144,4693
13,GET,145,4644
13,GET,146,4563
13,GET,147,4667
13,GET,148,4510
13,GET,149,4503
13,GET,150,4371
13,GET,151,4252
13,GET,152,4027
13,GET,153,3981
13,GET,154,3889
13,GET,155,3861
13,GET,156,3898
13,GET,157,3813
13,GET,158,3849
13,GET,159,3693
13,GET,160,3528
13,GET,161,3430
13,GET,162,3300
13,GET,163,3126
13,GET,164,3134
13,GET,165,2980
13,GET,166,3093
13,GET,167,2912
13,GET,168,2950
13,GET,169,2688
13,GET,170,2577
13,GET,171,2590
13,GET,172,2535
13,GET,173,2518
13,GET,174,2354
13,GET,175,2337
13,GET,176,2140
13,GET,177,2180
13,GET,178,2151
13,GET,179,2099
13,GET,180,2025
13,GET,181,1881
13,GET,182,1909
13,GET,183,1900
13,GET,184,1790
13,GET,185,1755
13,GET,186,1744
13,GET,187,1695
13,GET,188,1628
13,GET,189,1570
13,GET,190,1525
13,GET,191,1401
13,GET,192,1478
13,GET,193,1354
13,GET,194,1394
13,GET,195,1338
13,GET,196,1225
13,GET,197,1265
13,GET,198,1252
13,GET,199,1216
13,GET,200,1176
13,GET,201,1139
13,GET,202,1060
13,GET,203,1068
13,GET,204,1026
13,GET,205,1052
13,GET,206,993
13,GET,207,1026
13,GET,208,983
13,GET,209,1009
13,GET,210,923
13,GET,211,904
13,GET,212,877
13,GET,213,824
13,GET,214,822
13,GET,215,812
13,GET,216,778
13,GET,217,750
13,GET,218,760
13,GET,219,771
13,GET,220,706
13,GET,221,734
13,GET,222,730
13,GET,223,711
13,GET,224,678
13,GET,225,617
13,GET,226,688
13,GET,227,664
13,GET,228,604
13,GET,229,635
13,GET,230,622
13,GET,231,575
13,GET,232,586
13,GET,233,568
13,GET,234,535
13,GET,235,517
13,GET,236,540
13,GET,237,537
13,GET,238,506
13,GET,239,525
13,GET,240,489
13,GET,241,468
13,GET,242,512
13,GET,243,456
13,GET,244,461
13,GET,245,458
13,GET,246,470
13,GET,247,441
13,GET,248,420
13,GET,249,443
13,GET,250,397
13,GET,251,418
13,GET,252,384
13,GET,253,412
13,GET,254,415
13,GET,255,380
13,GET,257,689
13,GET,259,679
13,GET,261,656
13,GET,263,600
13,GET,265,607
13,GET,267,620
13,GET,269,559
13,GET,271,542
13,GET,273,498
13,GET,275,485
13,GET,277,476
13,GET,279,458
13,GET,281,417
13,GET,283,391
13,GET,285,404
13,GET,287,316
13,GET,289,337
13,GET,291,371
13,GET,293,282
13,GET,295,276
13,GET,297,246
13,GET,299,287
13,GET,301,230
13,GET,303,212
13,GET,305,214
13,GET,307,218
13,GET,309,184
13,GET,311,178
13,GET,313,173
13,GET,315,164
13,GET,317,155
13,GET,319,155
13,GET,321,137
13,GET,323,110
13,GET,325,101
13,GET,327,88
13,GET,329,102
13,GET,331,110
13,GET,333,90
13,GET,335,89
13,GET,337,77
13,GET,339,66
13,GET,341,85
13,GET,343,63
13,GET,345,50
13,GET,347,50
13,GET,349,55
13,GET,351,53
13,GET,353,52
13,GET,355,51
13,GET,357,50
13,GET,359,49
13,GET,361,36
13,GET,363,30
13,GET,365,24
13,GET,367,38
13,GET,369,30
13,GET,371,28
13,GET,373,38
13,GET,375,26
13,GET,377,30
13,GET,379,20
13,GET,381,16
13,GET,383,24
13,GET,385,20
13,GET,387,17
13,GET,389,12
13,GET,391,18
13,GET,393,20
13,GET,395,10
13,GET,397,11
13,GET,399,9
13,GET,401,9
13,GET,403,11
13,GET,405,13
13,GET,407,9
13,GET,409,13
13,GET,411,6
13,GET,413,14
13,GET,415,15
13,GET,417,9
13,GET,419,10
13,GET,421,7
13,GET,423,7
13,GET,425,9
13,GET,427,6
13,GET,429,12
13,GET,431,9
13,GET,433,4
13,GET,435,3
13,GET,437,1
13,GET,441,7
13,GET,443,6
13,GET,445,5
13,GET,447,3
13,GET,449,3
13,GET,451,6
13,GET,453,6
13,GET,455,2
13,GET,457,8
13,GET,459,4
13,GET,461,5
13,GET,463,2
13,GET,465,3
13,GET,467,2
13,GET,469,4
13,GET,471,2
13,GET,473,1
13,GET,475,3
13,GET,477,5
13,GET,479,3
13,GET,483,6
13,GET,485,2
13,GET,487,5
13,GET,489,5
13,GET,491,3
13,GET,493,2
13,GET,495,4
13,GET,497,2
13,GET,501,2
13,GET,505,2
13,GET,507,4
13,GET,509,1
13,GET,511,2
13,GET,515,6
13,GET,519,3
13,GET,523,4
13,GET,527,4
13,GET,531,7
13,GET,535,4
13,GET,539,3
13,GET,543,3
13,GET,547,5
13,GET,551,6
13,GET,555,7
13,GET,559,3
13,GET,563,6
13,GET,567,6
13,GET,571,3
13,GET,575,4
13,GET,579,2
13,GET,583,5
13,GET,587,1
13,GET,591,2
13,GET,599,3
13,GET,603,3
13,GET,607,1
13,GET,611,8
13,GET,619,3
13,GET,623,1
13,GET,627,6
13,GET,631,3
13,GET,635,2
13,GET,643,3
13,GET,647,3
13,GET,651,2
13,GET,659,2
13,GET,663,2
13,GET,667,1
13,GET,671,2
13,GET,675,3
13,GET,679,2
13,GET,683,2
13,GET,687,1
13,GET,699,5
13,GET,703,2
13,GET,707,2
13,GET,711,2
13,GET,715,3
13,GET,719,1
13,GET,723,1
13,GET,731,3
13,GET,735,1
13,GET,739,3
13,GET,743,1
13,GET,751,1
13,GET,763,4
13,GET,771,4
13,GET,775,2
13,GET,783,2
13,GET,787,1
13,GET,791,1
13,GET,799,1
13,GET,803,1
13,GET,815,2
13,GET,819,4
13,GET,823,1
13,GET,847,2
13,GET,859,1
13,GET,887,1
13,GET,891,1
13,GET,899,1
13,GET,951,1
13,GET,971,1
13,GET,979,1
13,GET,1003,1
13,GET,1011,1
13,GET,1039,1
13,GET,1047,1
13,GET,1071,1
13,GET,1095,2
13,GET,1143,1
13,GET,1151,1
13,GET,1175,1
13,GET,1191,2
13,GET,1223,1
13,GET,1239,1
13,GET,1271,2
13,GET,1287,1
13,GET,1359,1
13,GET,1375,1
13,GET,1391,1
13,GET,1415,1
13,GET,1431,1
13,GET,1439,1
13,GET,1447,2
13,GET,1455,1
13,GET,1479,2
13,GET,1495,3
13,GET,1511,1
13,GET,1519,1
13,GET,1527,1
13,GET,1543,3
13,GET,1551,1
13,GET,1575,3
13,GET,1583,1
13,GET,1615,1
13,GET,1623,2
13,GET,1631,2
13,GET,1639,1
13,GET,1655,2
13,GET,1663,1
13,GET,1687,1
13,GET,1695,1
13,GET,1703,2
13,GET,1711,1
13,GET,1719,1
13,GET,1727,1
13,GET,1751,1
13,GET,1767,2
13,GET,1799,1
13,GET,1823,3
13,GET,1839,2
13,GET,1855,1
13,GET,1863,2
13,GET,1879,1
13,GET,1887,1
13,GET,1903,1
13,GET,1927,3
13,GET,1943,2
13,GET,1951,2
13,GET,1959,2
13,GET,1991,1
13,GET,1999,4
13,GET,2007,1
13,GET,2031,2
13,GET,2039,1
13,GET,2047,3
13,GET,2063,2
13,GET,2079,2
13,GET,2095,3
13,GET,2111,3
13,GET,2127,7
13,GET,2143,7
13,GET,2159,4
13,GET,2175,4
13,GET,2191,2
13,GET,2207,5
13,GET,2223,4
13,GET,2239,7
13,GET,2255,2
13,GET,2271,3
13,GET,2287,4
13,GET,2303,6
13,GET,2319,6
13,GET,2335,4
13,GET,2351,4
13,GET,2367,3
13,GET,2383,2
13,GET,2399,3
13,GET,2415,2
13,GET,2447,2
13,GET,2463,3
13,GET,2479,1
13,GET,2495,3
13,GET,2511,1
13,GET,2527,2
13,GET,2543,2
13,GET,2575,1
13,GET,2639,1
13,GET,2735,1
13,GET,2751,1
13,GET,2799,2
13,GET,2815,1
13,GET,3055,1
13,GET,3279,1
13,GET,3823,1
13,GET,4735,1
13,GET,7007,1
14,DEL,73,1
14,DEL,75,3
14,DEL,76,3
14,DEL,77,13
14,DEL,78,16
14,DEL,79,24
14,DEL,80,40
14,DEL,81,53
14,DEL,82,70
14,DEL,83,90
14,DEL,84,93
14,DEL,85,126
14,DEL,86,167
14,DEL,87,198
14,DEL,88,180
14,DEL,89,234
14,DEL,90,272
14,DEL,91,338
14,DEL,92,389
14,DEL,93,384
14,DEL,94,449
14,DEL,95,502
14,DEL,96,556
14,DEL,97,610
14,DEL,98,645
14,DEL,99,724
14,DEL,100,796
14,DEL,101,877
14,DEL,102,929
14,DEL,103,1000
14,DEL,104,1086
14,DEL,105,1053
14,DEL,106,1133
14,DEL,107,1229
14,DEL,108,1231
14,DEL,109,1362
14,DEL,110,1329
14,DEL,111,1403
14,DEL,112,1438
14,DEL,113,1457
14,DEL,114,1512
14,DEL,115,1527
14,DEL,116,1586
14,DEL,117,1617
14,DEL,118,1656
14,DEL,119,1755
14,DEL,120,1768
14,DEL,121,1802
14,DEL,122,1781
14,DEL,123,1903
14,DEL,124,1925
14,DEL,125,1913
14,DEL,126,1906
14,DEL,127,1932
14,DEL,128,1867
14,DEL,129,1973
14,DEL,130,1887
14,DEL,131,1925
14,DEL,132,1968
14,DEL,133,1885
14,DEL,134,1921
14,DEL,135,1897
14,DEL,136,1900
14,DEL,137,1906
14,DEL,138,1967
14,DEL,139,1933
14,DEL,140,1855
14,DEL,141,1952
14,DEL,142,1870
14,DEL,143,1860
14,DEL,144,1805
14,DEL,145,1751
14,DEL,146,1670
14,DEL,147,1679
14,DEL,148,1617
14,DEL,149,1663
14,DEL,150,1634
14,DEL,151,1554
14,DEL,152,1543
14,DEL,153,1587
14,DEL,154,1456
14,DEL,155,1505
14,DEL,156,1425
14,DEL,157,1394
14,DEL,158,1377
14,DEL,159,1341
14,DEL,160,1287
14,DEL,161,1333
14,DEL,162,1272
14,DEL,163,1337
14,DEL,164,1235
14,DEL,165,1185
14,DEL,166,1155
14,DEL,167,1100
14,DEL,168,1084
14,DEL,169,1092
14,DEL,170,1055
14,DEL,171,973
14,DEL,172,981
14,DEL,173,998
14,DEL,174,918
14,DEL,175,867
14,DEL,176,901
14,DEL,177,858
14,DEL,178,838
14,DEL,179,798
14,DEL,180,759
14,DEL,181,748
14,DEL,182,730
14,DEL,183,701
14,DEL,184,709
14,DEL,185,658
14,DEL,186,633
14,DEL,187,606
14,DEL,188,664
14,DEL,189,622
14,DEL,190,599
14,DEL,191,576
14,DEL,192,537
14,DEL,193,513
14,DEL,194,513
14,DEL,195,521
14,DEL,196,451
14,DEL,197,456
14,DEL,198,473
14,DEL,199,460
14,DEL,200,491
14,DEL,201,438
14,DEL,202,436
14,DEL,203,431
14,DEL,204,419
14,DEL,205,381
14,DEL,206,397
14,DEL,207,355
14,DEL,208,387
14,DEL,209,344
14,DEL,210,347
14,DEL,211,364
14,DEL,212,350
14,DEL,213,305
14,DEL,214,333
14,DEL,215,300
14,DEL,216,318
14,DEL,217,293
14,DEL,218,313
14,DEL,219,277
14,DEL,220,313
14,DEL,221,284
14,DEL,222,284
14,DEL,223,268
14,DEL,224,288
14,DEL,225,221
14,DEL,226,248
14,DEL,227,223
14,DEL,228,225
14,DEL,229,232
14,DEL,230,243
14,DEL,231,259
14,DEL,232,228
14,DEL,233,229
14,DEL,234,221
14,DEL,235,204
14,DEL,236,217
14,DEL,237,227
14,DEL,238,213
14,DEL,239,196
14,DEL,240,190
14,DEL,241,206
14,DEL,242,206
14,DEL,243,188
14,DEL,244,179
14,DEL,245,186
14,DEL,246,177
14,DEL,247,163
14,DEL,248,161
14,DEL,249,187
14,DEL,250,164
14,DEL,251,138
14,DEL,252,165
14,DEL,253,167
14,DEL,254,154
14,DEL,255,148
14,DEL,257,280
14,DEL,259,249
14,DEL,261,259
14,DEL,263,259
14,DEL,265,247
14,DEL,267,230
14,DEL,269,229
14,DEL,271,214
14,DEL,273,204
14,DEL,275,230
14,DEL,277,197
14,DEL,279,181
14,DEL,281,177
14,DEL,283,168
14,DEL,285,157
14,DEL,287,165
14,DEL,289,138
14,DEL,291,117
14,DEL,293,100
14,DEL,295,122
14,DEL,297,112
14,DEL,299,86
14,DEL,301,108
14,DEL,303,100
14,DEL,305,82
14,DEL,307,89
14,DEL,309,89
14,DEL,311,76
14,DEL,313,64
14,DEL,315,57
14,DEL,317,62
14,DEL,319,53
14,DEL,321,68
14,DEL,323,46
14,DEL,325,49
14,DEL,327,46
14,DEL,329,47
14,DEL,331,34
14,DEL,333,38
14,DEL,335,32
14,DEL,337,27
14,DEL,339,37
14,DEL,341,28
14,DEL,343,27
14,DEL,345,32
14,DEL,347,28
14,DEL,349,20
14,DEL,351,30
14,DEL,353,23
14,DEL,355,27
14,DEL,357,23
14,DEL,359,13
14,DEL,361,8
14,DEL,363,11
14,DEL,365,10
14,DEL,367,7
14,DEL,369,12
14,DEL,371,8
14,DEL,373,13
14,DEL,375,9
14,DEL,377,9
14,DEL,379,4
14,DEL,381,7
14,DEL,383,8
14,DEL,385,11
14,DEL,387,6
14,DEL,389,8
14,DEL,391,6
14,DEL,393,4
14,DEL,395,2
14,DEL,397,6
14,DEL,399,8
14,DEL,401,5
14,DEL,403,6
14,DEL,405,8
14,DEL,407,8
14,DEL,409,5
14,DEL,411,4
14,DEL,413,4
14,DEL,415,3
14,DEL,417,4
14,DEL,419,2
14,DEL,421,2
14,DEL,423,1
14,DEL,425,2
14,DEL,427,4
14,DEL,429,3
14,DEL,431,1
14,DEL,433,2
14,DEL,435,1
14,DEL,437,3
14,DEL,439,4
14,DEL,441,2
14,DEL,443,1
14,DEL,445,4
14,DEL,447,2
14,DEL,451,3
14,DEL,453,3
14,DEL,455,1
14,DEL,457,2
14,DEL,461,2
14,DEL,467,2
14,DEL,473,1
14,DEL,477,1
14,DEL,479,1
14,DEL,481,2
14,DEL,483,2
14,DEL,485,1
14,DEL,487,1
14,DEL,489,1
14,DEL,491,1
14,DEL,497,3
14,DEL,505,1
14,DEL,509,1
14,DEL,511,1
14,DEL,515,3
14,DEL,519,1
14,DEL,523,3
14,DEL,527,1
14,DEL,531,1
14,DEL,535,1
14,DEL,543,3
14,DEL,547,2
14,DEL,551,2
14,DEL,555,2
14,DEL,559,1
14,DEL,563,1
14,DEL,567,1
14,DEL,571,1
14,DEL,579,1
14,DEL,587,3
14,DEL,591,1
14,DEL,595,3
14,DEL,607,3
14,DEL,611,2
14,DEL,615,1
14,DEL,619,1
14,DEL,623,2
14,DEL,631,1
14,DEL,639,3
14,DEL,659,1
14,DEL,663,1
14,DEL,667,1
14,DEL,671,1
14,DEL,675,2
14,DEL,679,1
14,DEL,683,3
14,DEL,687,1
14,DEL,691,1
14,DEL,695,3
14,DEL,699,2
14,DEL,711,2
14,DEL,719,1
14,DEL,723,2
14,DEL,735,2
14,DEL,739,1
14,DEL,747,2
14,DEL,763,1
14,DEL,767,2
14,DEL,787,1
14,DEL,807,1
14,DEL,823,1
14,DEL,827,1
14,DEL,895,1
14,DEL,903,1
14,DEL,1079,1
14,DEL,1087,1
14,DEL,1215,1
14,DEL,1239,1
14,DEL,1287,1
14,DEL,1319,2
14,DEL,1335,1
14,DEL,1447,1
14,DEL,1479,1
14,DEL,1527,1
14,DEL,1551,1
14,DEL,1631,1
14,DEL,1671,2
14,DEL,1687,1
14,DEL,1695,1
14,DEL,1719,1
14,DEL,1727,1
14,DEL,1735,1
14,DEL,1799,1
14,DEL,1863,1
14,DEL,1879,1
14,DEL,1895,2
14,DEL,1927,1
14,DEL,1999,1
14,DEL,2007,2
14,DEL,2015,1
14,DEL,2023,1
14,DEL,2031,1
14,DEL,2039,1
14,DEL,2095,1
14,DEL,2111,1
14,DEL,2127,2
14,DEL,2143,2
14,DEL,2159,4
14,DEL,2175,4
14,DEL,2191,3
14,DEL,2223,1
14,DEL,2239,1
14,DEL,2255,1
14,DEL,2271,3
14,DEL,2287,1
14,DEL,2303,1
14,DEL,2319,2
14,DEL,2335,5
14,DEL,2367,1
14,DEL,2383,2
14,DEL,2399,2
14,DEL,2415,3
14,DEL,2431,2
14,DEL,2447,2
14,DEL,2479,1
14,DEL,2495,1
14,DEL,2559,1
14,DEL,2591,1
14,DEL,2655,2
14,DEL,2767,1
14,DEL,2991,1
14,DEL,10879,1
14,SET,76,1
14,SET,79,4
14,SET,80,6
14,SET,81,1
14,SET,82,4
14,SET,83,4
14,SET,84,9
14,SET,85,21
14,SET,86,9
14,SET,87,23
14,SET,88,25
14,SET,89,29
14,SET,90,25
14,SET,91,31
14,SET,92,40
14,SET,93,61
14,SET,94,60
14,SET,95,73
14,SET,96,70
14,SET,97,91
14,SET,98,116
14,SET,99,103
14,SET,100,112
14,SET,101,124
14,SET,102,113
14,SET,103,161
14,SET,104,158
14,SET,105,163
14,SET,106,191
14,SET,107,193
14,SET,108,216
14,SET,109,191
14,SET,110,226
14,SET,111,237
14,SET,112,270
14,SET,113,257
14,SET,114,246
14,SET,115,273
14,SET,116,273
14,SET,117,322
14,SET,118,275
14,SET,119,335
14,SET,120,350
14,SET,121,330
14,SET,122,336
14,SET,123,327
14,SET,124,374
14,SET,125,346
14,SET,126,345
14,SET,127,344
14,SET,128,373
14,SET,129,374
14,SET,130,361
14,SET,131,358
14,SET,132,367
14,SET,133,351
14,SET,134,369
14,SET,135,373
14,SET,136,383
14,SET,137,356
14,SET,138,364
14,SET,139,359
14,SET,140,359
14,SET,141,349
14,SET,142,387
14,SET,143,346
14,SET,144,350
14,SET,145,323
14,SET,146,374
14,SET,147,319
14,SET,148,342
14,SET,149,364
14,SET,150,326
14,SET,151,346
14,SET,152,320
14,SET,153,335
14,SET,154,341
14,SET,155,305
14,SET,156,299
14,SET,157,298
14,SET,158,288
14,SET,159,288
14,SET,160,279
14,SET,161,263
14,SET,162,252
14,SET,163,282
14,SET,164,263
14,SET,165,268
14,SET,166,242
14,SET,167,245
14,SET,168,247
14,SET,169,220
14,SET,170,222
14,SET,171,209
14,SET,172,223
14,SET,173,219
14,SET,174,212
14,SET,175,167
14,SET,176,209
14,SET,177,177
14,SET,178,178
14,SET,179,199
14,SET,180,177
14,SET,181,183
14,SET,182,188
14,SET,183,160
14,SET,184,176
14,SET,185,141
14,SET,186,137
14,SET,187,138
14,SET,188,145
14,SET,189,138
14,SET,190,134
14,SET,191,133
14,SET,192,120
14,SET,193,116
14,SET,194,106
14,SET,195,124
14,SET,196,123
14,SET,197,102
14,SET,198,101
14,SET,199,100
14,SET,200,92
14,SET,201,110
14,SET,202,92
14,SET,203,120
14,SET,204,102
14,SET,205,93
14,SET,206,74
14,SET,207,97
14,SET,208,83
14,SET,209,64
14,SET,210,75
14,SET,211,81
14,SET,212,73
14,SET,213,82
14,SET,214,62
14,SET,215,82
14,SET,216,74
14,SET,217,64
14,SET,218,75
14,SET,219,61
14,SET,220,65
14,SET,221,78
14,SET,222,66
14,SET,223,77
14,SET,224,58
14,SET,225,58
14,SET,226,62
14,SET,227,45
14,SET,228,61
14,SET,229,56
14,SET,230,52
14,SET,231,52
14,SET,232,51
14,SET,233,50
14,SET,234,43
14,SET,235,41
14,SET,236,42
14,SET,237,57
14,SET,238,53
14,SET,239,36
14,SET,240,32
14,SET,241,51
14,SET,242,48
14,SET,243,44
14,SET,244,46
14,SET,245,37
14,SET,246,42
14,SET,247,31
14,SET,248,35
14,SET,249,29
14,SET,250,28
14,SET,251,38
14,SET,252,35
14,SET,253,38
14,SET,254,40
14,SET,255,36
14,SET,257,61
14,SET,259,69
14,SET,261,45
14,SET,263,60
14,SET,265,61
14,SET,267,44
14,SET,269,58
14,SET,271,47
14,SET,273,49
14,SET,275,35
14,SET,277,44
14,SET,279,40
14,SET,281,46
14,SET,283,37
14,SET,285,41
14,SET,287,24
14,SET,289,40
14,SET,291,28
14,SET,293,33
14,SET,295,31
14,SET,297,26
14,SET,299,18
14,SET,301,18
14,SET,303,21
14,SET,305,27
14,SET,307,20
14,SET,309,14
14,SET,311,20
14,SET,313,17
14,SET,315,13
14,SET,317,23
14,SET,319,15
14,SET,321,14
14,SET,323,10
14,SET,325,12
14,SET,327,8
14,SET,329,11
14,SET,331,9
14,SET,333,2
14,SET,335,9
14,SET,337,6
14,SET,339,11
14,SET,341,9
14,SET,343,7
14,SET,345,7
14,SET,347,9
14,SET,349,5
14,SET,351,3
14,SET,353,4
14,SET,355,3
14,SET,357,1
14,SET,359,3
14,SET,361,3
14,SET,363,8
14,SET,365,2
14,SET,367,3
14,SET,369,3
14,SET,371,4
14,SET,373,3
14,SET,375,7
14,SET,377,2
14,SET,379,4
14,SET,381,3
14,SET,383,1
14,SET,385,3
14,SET,387,1
14,SET,389,1
14,SET,391,1
14,SET,393,1
14,SET,397,2
14,SET,399,2
14,SET,401,2
14,SET,403,1
14,SET,407,1
14,SET,409,2
14,SET,411,1
14,SET,417,1
14,SET,421,1
14,SET,423,1
14,SET,431,1
14,SET,449,1
14,SET,461,1
14,SET,467,1
14,SET,469,1
14,SET,479,1
14,SET,485,1
14,SET,497,1
14,SET,505,2
14,SET,507,1
14,SET,511,1
14,SET,519,1
14,SET,547,2
14,SET,579,1
14,SET,583,1
14,SET,595,1
14,SET,603,2
14,SET,619,1
14,SET,635,1
14,SET,639,1
14,SET,655,1
14,SET,687,2
14,SET,731,1
14,SET,783,2
14,SET,803,1
14,SET,811,1
14,SET,883,1
14,SET,1119,1
14,SET,1159,1
14,SET,1431,1
14,SET,1543,1
14,SET,1847,2
14,SET,2127,1
14,SET,2143,1
14,SET,2191,1
14,SET,2207,1
14,SET,2223,1
14,SET,2383,1
14,SET,2415,1
14,SET,2703,1
14,GET,72,3
14,GET,73,3
14,GET,74,4
14,GET,75,12
14,GET,76,30
14,GET,77,31
14,GET,78,48
14,GET,79,78
14,GET,80,105
14,GET,81,140
14,GET,82,217
14,GET,83,276
14,GET,84,329
14,GET,85,404
14,GET,86,449
14,GET,87,531
14,GET,88,632
14,GET,89,755
14,GET,90,843
14,GET,91,960
14,GET,92,1081
14,GET,93,1199
14,GET,94,1311
14,GET,95,1495
14,GET,96,1617
14,GET,97,1771
14,GET,98,1974
14,GET,99,2173
14,GET,100,2429
14,GET,101,2551
14,GET,102,2613
14,GET,103,2900
14,GET,104,3012
14,GET,105,3208
14,GET,106,3322
14,GET,107,3374
14,GET,108,3517
14,GET,109,3633
14,GET,110,3784
14,GET,111,4046
14,GET,112,4005
14,GET,113,4150
14,GET,114,4244
14,GET,115,4493
14,GET,116,4533
14,GET,117,4653
14,GET,118,4867
14,GET,119,4930
14,GET,120,4992
14,GET,121,5224
14,GET,122,5324
14,GET,123,5213
14,GET,124,5365
14,GET,125,5276
14,GET,126,5317
14,GET,127,5273
14,GET,128,5227
14,GET,129,5338
14,GET,130,5329
14,GET,131,5378
14,GET,132,5286
14,GET,133,5271
14,GET,134,5247
14,GET,135,5274
14,GET,136,5309
14,GET,137,5306
14,GET,138,5237
14,GET,139,5181
14,GET,140,5189
14,GET,141,5226
14,GET,142,5098
14,GET,143,5101
14,GET,144,4989
14,GET,145,4928
14,GET,146,4785
14,GET,147,4811
14,GET,148,4728
14,GET,149,4700
14,GET,150,4641
14,GET,151,4430
14,GET,152,4210
14,GET,153,4259
14,GET,154,4173
14,GET,155,4081
14,GET,156,3918
14,GET,157,4071
14,GET,158,3790
14,GET,159,3703
14,GET,160,3697
14,GET,161,3554
14,GET,162,3419
14,GET,163,3424
14,GET,164,3361
14,GET,165,3193
14,GET,166,3214
14,GET,167,3136
14,GET,168,2929
14,GET,169,2898
14,GET,170,2835
14,GET,171,2715
14,GET,172,2701
14,GET,173,2591
14,GET,174,2492
14,GET,175,2483
14,GET,176,2453
14,GET,177,2431
14,GET,178,2168
14,GET,179,2211
14,GET,180,2110
14,GET,181,2077
14,GET,182,2009
14,GET,183,1960
14,GET,184,1841
14,GET,185,1851
14,GET,186,1825
14,GET,187,1681
14,GET,188,1661
14,GET,189,1679
14,GET,190,1658
14,GET,191,1544
14,GET,192,1511
14,GET,193,1609
14,GET,194,1456
14,GET,195,1455
14,GET,196,1443
14,GET,197,1376
14,GET,198,1312
14,GET,199,1277
14,GET,200,1226
14,GET,201,1233
14,GET,202,1158
14,GET,203,1185
14,GET,204,1129
14,GET,205,1106
14,GET,206,1017
14,GET,207,1026
14,GET,208,1006
14,GET,209,933
14,GET,210,979
14,GET,211,929
14,GET,212,913
14,GET,213,934
14,GET,214,893
14,GET,215,860
14,GET,216,840
14,GET,217,817
14,GET,218,766
14,GET,219,808
14,GET,220,770
14,GET,221,790
14,GET,222,753
14,GET,223,724
14,GET,224,742
14,GET,225,727
14,GET,226,758
14,GET,227,674
14,GET,228,669
14,GET,229,652
14,GET,230,630
14,GET,231,647
14,GET,232,654
14,GET,233,580
14,GET,234,658
14,GET,235,592
14,GET,236,604
14,GET,237,559
14,GET,238,553
14,GET,239,603
14,GET,240,538
14,GET,241,550
14,GET,242,507
14,GET,243,538
14,GET,244,483
14,GET,245,493
14,GET,246,492
14,GET,247,483
14,GET,248,464
14,GET,249,446
14,GET,250,460
14,GET,251,457
14,GET,252,445
14,GET,253,393
14,GET,254,401
14,GET,255,404
14,GET,257,781
14,GET,259,735
14,GET,261,707
14,GET,263,650
14,GET,265,675
14,GET,267,650
14,GET,269,595
14,GET,271,589
14,GET,273,618
14,GET,275,536
14,GET,277,470
14,GET,279,470
14,GET,281,428
14,GET,283,437
14,GET,285,449
14,GET,287,404
14,GET,289,334
14,GET,291,379
14,GET,293,343
14,GET,295,341
14,GET,297,316
14,GET,299,312
14,GET,301,269
14,GET,303,280
14,GET,305,276
14,GET,307,224
14,GET,309,221
14,GET,311,223
14,GET,313,181
14,GET,315,193
14,GET,317,180
14,GET,319,179
14,GET,321,160
14,GET,323,147
14,GET,325,123
14,GET,327,114
14,GET,329,114
14,GET,331,92
14,GET,333,109
14,GET,335,107
14,GET,337,88
14,GET,339,79
14,GET,341,79
14,GET,343,60
14,GET,345,70
14,GET,347,76
14,GET,349,59
14,GET,351,56
14,GET,353,56
14,GET,355,41
14,GET,357,39
14,GET,359,41
14,GET,361,55
14,GET,363,27
14,GET,365,40
14,GET,367,42
14,GET,369,23
14,GET,371,31
14,GET,373,34
14,GET,375,39
14,GET,377,28
14,GET,379,20
14,GET,381,34
14,GET,383,25
14,GET,385,18
14,GET,387,20
14,GET,389,11
14,GET,391,22
14,GET,393,18
14,GET,395,14
14,GET,397,19
14,GET,399,20
14,GET,401,11
14,GET,403,5
14,GET,405,18
14,GET,407,14
14,GET,409,11
14,GET,411,9
14,GET,413,10
14,GET,415,12
14,GET,417,6
14,GET,419,10
14,GET,421,9
14,GET,423,4
14,GET,425,11
14,GET,427,4
14,GET,429,5
14,GET,431,6
14,GET,433,7
14,GET,435,5
14,GET,437,7
14,GET,439,5
14,GET,441,7
14,GET,443,9
14,GET,445,3
14,GET,447,9
14,GET,449,9
14,GET,451,6
14,GET,453,7
14,GET,455,4
14,GET,457,8
14,GET,459,6
14,GET,461,4
14,GET,463,7
14,GET,465,5
14,GET,467,4
14,GET,469,4
14,GET,471,3
14,GET,473,5
14,GET,475,2
14,GET,477,2
14,GET,479,2
14,GET,481,3
14,GET,483,3
14,GET,485,4
14,GET,487,3
14,GET,489,7
14,GET,493,5
14,GET,495,3
14,GET,497,2
14,GET,499,2
14,GET,501,5
14,GET,503,3
14,GET,507,1
14,GET,509,1
14,GET,511,3
14,GET,515,5
14,GET,519,7
14,GET,523,3
14,GET,527,8
14,GET,531,3
14,GET,535,3
14,GET,539,3
14,GET,543,3
14,GET,547,5
14,GET,551,3
14,GET,563,1
14,GET,567,7
14,GET,571,4
14,GET,575,4
14,GET,579,6
14,GET,583,1
14,GET,587,5
14,GET,591,4
14,GET,595,3
14,GET,599,2
14,GET,603,6
14,GET,607,6
14,GET,611,1
14,GET,615,2
14,GET,619,6
14,GET,623,5
14,GET,627,3
14,GET,631,4
14,GET,635,2
14,GET,639,4
14,GET,643,2
14,GET,647,3
14,GET,651,1
14,GET,659,3
14,GET,663,2
14,GET,667,1
14,GET,671,3
14,GET,675,1
14,GET,679,3
14,GET,683,3
14,GET,687,1
14,GET,691,2
14,GET,695,2
14,GET,699,2
14,GET,703,3
14,GET,707,1
14,GET,711,1
14,GET,715,1
14,GET,719,3
14,GET,723,2
14,GET,727,1
14,GET,735,2
14,GET,739,1
14,GET,743,2
14,GET,751,4
14,GET,759,1
14,GET,763,1
14,GET,767,3
14,GET,771,3
14,GET,775,1
14,GET,779,1
14,GET,787,1
14,GET,791,2
14,GET,803,1
14,GET,807,1
14,GET,811,1
14,GET,815,1
14,GET,823,1
14,GET,827,2
14,GET,839,1
14,GET,843,1
14,GET,847,1
14,GET,855,1
14,GET,863,1
14,GET,867,1
14,GET,871,1
14,GET,879,1
14,GET,891,1
14,GET,895,1
14,GET,899,1
14,GET,907,1
14,GET,915,1
14,GET,935,1
14,GET,963,1
14,GET,967,1
14,GET,995,1
14,GET,1019,1
14,GET,1031,2
14,GET,1039,2
14,GET,1055,1
14,GET,1103,1
14,GET,1119,1
14,GET,1143,1
14,GET,1159,1
14,GET,1167,1
14,GET,1199,2
14,GET,1207,1
14,GET,1215,1
14,GET,1223,1
14,GET,1231,2
14,GET,1255,2
14,GET,1271,2
14,GET,1279,1
14,GET,1303,1
14,GET,1311,1
14,GET,1327,1
14,GET,1351,3
14,GET,1375,1
14,GET,1383,3
14,GET,1391,2
14,GET,1399,1
14,GET,1407,1
14,GET,1415,3
14,GET,1423,1
14,GET,1431,1
14,GET,1439,2
14,GET,1447,1
14,GET,1455,1
14,GET,1463,1
14,GET,1487,1
14,GET,1495,1
14,GET,1503,1
14,GET,1519,1
14,GET,1535,1
14,GET,1575,1
14,GET,1583,1
14,GET,1599,2
14,GET,1607,1
14,GET,1615,1
14,GET,1639,2
14,GET,1647,1
14,GET,1663,2
14,GET,1679,1
14,GET,1695,1
14,GET,1711,1
14,GET,1719,2
14,GET,1727,1
14,GET,1735,1
14,GET,1743,1
14,GET,1751,6
14,GET,1759,2
14,GET,1775,1
14,GET,1783,2
14,GET,1791,1
14,GET,1799,2
14,GET,1815,1
14,GET,1839,1
14,GET,1855,1
14,GET,1871,1
14,GET,1911,2
14,GET,1919,2
14,GET,1959,1
14,GET,1967,2
14,GET,1975,1
14,GET,1999,2
14,GET,2007,1
14,GET,2031,1
14,GET,2039,2
14,GET,2047,1
14,GET,2079,5
14,GET,2095,6
14,GET,2111,7
14,GET,2127,4
14,GET,2143,4
14,GET,2159,2
14,GET,2175,5
14,GET,2191,2
14,GET,2207,2
14,GET,2223,3
14,GET,2239,4
14,GET,2255,4
14,GET,2271,3
14,GET,2287,3
14,GET,2303,6
14,GET,2319,2
14,GET,2335,10
14,GET,2351,4
14,GET,2367,2
14,GET,2383,3
14,GET,2399,1
14,GET,2415,3
14,GET,2431,4
14,GET,2463,1
14,GET,2479,1
14,GET,2495,1
14,GET,2511,1
14,GET,2559,2
14,GET,2575,1
14,GET,2623,1
14,GET,2655,1
14,GET,2687,1
14,GET,2751,1
14,GET,2927,1
14,GET,3119,1
14,GET,3167,1
14,GET,3903,1
14,GET,7167,1
15,SET,81,3
15,SET,82,3
15,SET,83,4
15,SET,84,3
15,SET,85,4
15,SET,86,11
15,SET,87,9
15,SET,88,8
15,SET,89,19
15,SET,90,31
15,SET,91,18
15,SET,92,30
15,SET,93,40
15,SET,94,46
15,SET,95,62
15,SET,96,62
15,SET,97,75
15,SET,98,67
15,SET,99,75
15,SET,100,117
15,SET,101,108
15,SET,102,114
15,SET,103,131
15,SET,104,157
15,SET,105,155
15,SET,106,166
15,SET,107,176
15,SET,108,190
15,SET,109,212
15,SET,110,225
15,SET,111,214
15,SET,112,228
15,SET,113,255
15,SET,114,248
15,SET,115,259
15,SET,116,284
15,SET,117,285
15,SET,118,302
15,SET,119,327
15,SET,120,321
15,SET,121,338
15,SET,122,331
15,SET,123,329
15,SET,124,361
15,SET,125,333
15,SET,126,348
15,SET,127,349
15,SET,128,386
15,SET,129,384
15,SET,130,360
15,SET,131,382
15,SET,132,346
15,SET,133,369
15,SET,134,368
15,SET,135,350
15,SET,136,341
15,SET,137,418
15,SET,138,397
15,SET,139,400
15,SET,140,422
15,SET,141,379
15,SET,142,366
15,SET,143,351
15,SET,144,364
15,SET,145,384
15,SET,146,366
15,SET,147,371
15,SET,148,336
15,SET,149,350
15,SET,150,383
15,SET,151,342
15,SET,152,343
15,SET,153,320
15,SET,154,360
15,SET,155,326
15,SET,156,333
15,SET,157,287
15,SET,158,305
15,SET,159,284
15,SET,160,292
15,SET,161,334
15,SET,162,310
15,SET,163,302
15,SET,164,274
15,SET,165,256
15,SET,166,255
15,SET,167,242
15,SET,168,246
15,SET,169,238
15,SET,170,259
15,SET,171,259
15,SET,172,235
15,SET,173,185
15,SET,174,195
15,SET,175,217
15,SET,176,218
15,SET,177,202
15,SET,178,202
15,SET,179,199
15,SET,180,185
15,SET,181,179
15,SET,182,192
15,SET,183,155
15,SET,184,133
15,SET,185,170
15,SET,186,191
15,SET,187,155
15,SET,188,153
15,SET,189,173
15,SET,190,140
15,SET,191,130
15,SET,192,128
15,SET,193,104
15,SET,194,110
15,SET,195,136
15,SET,196,119
15,SET,197,111
15,SET,198,106
15,SET,199,97
15,SET,200,96
15,SET,201,95
15,SET,202,107
15,SET,203,100
15,SET,204,96
15,SET,205,90
15,SET,206,87
15,SET,207,84
15,SET,208,78
15,SET,209,73
15,SET,210,70
15,SET,211,57
15,SET,212,79
15,SET,213,79
15,SET,214,71
15,SET,215,64
15,SET,216,69
15,SET,217,62
15,SET,218,65
15,SET,219,68
15,SET,220,80
15,SET,221,65
15,SET,222,56
15,SET,223,63
15,SET,224,61
15,SET,225,52
15,SET,226,47
15,SET,227,58
15,SET,228,54
15,SET,229,47
15,SET,230,51
15,SET,231,33
15,SET,232,55
15,SET,233,55
15,SET,234,55
15,SET,235,46
15,SET,236,50
15,SET,237,49
15,SET,238,38
15,SET,239,46
15,SET,240,46
15,SET,241,45
15,SET,242,37
15,SET,243,34
15,SET,244,42
15,SET,245,40
15,SET,246,36
15,SET,247,41
15,SET,248,46
15,SET,249,40
15,SET,250,38
15,SET,251,38
15,SET,252,34
15,SET,253,40
15,SET,254,36
15,SET,255,32
15,SET,257,57
15,SET,259,61
15,SET,261,59
15,SET,263,50
15,SET,265,45
15,SET,267,53
15,SET,269,38
15,SET,271,49
15,SET,273,32
15,SET,275,31
15,SET,277,41
15,SET,279,42
15,SET,281,34
15,SET,283,30
15,SET,285,36
15,SET,287,33
15,SET,289,32
15,SET,291,35
15,SET,293,31
15,SET,295,24
15,SET,297,24
15,SET,299,19
15,SET,301,27
15,SET,303,19
15,SET,305,19
15,SET,307,16
15,SET,309,30
15,SET,311,15
15,SET,313,27
15,SET,315,13
15,SET,317,14
15,SET,319,13
15,SET,321,7
15,SET,323,16
15,SET,325,16
15,SET,327,11
15,SET,329,8
15,SET,331,11
15,SET,333,11
15,SET,335,7
15,SET,337,6
15,SET,339,10
15,SET,341,3
15,SET,343,9
15,SET,345,8
15,SET,347,6
15,SET,349,13
15,SET,351,4
15,SET,353,3
15,SET,355,6
15,SET,357,7
15,SET,359,3
15,SET,361,4
15,SET,363,5
15,SET,365,2
15,SET,367,2
15,SET,369,4
15,SET,371,2
15,SET,373,1
15,SET,375,2
15,SET,377,2
15,SET,379,2
15,SET,381,2
15,SET,383,1
15,SET,385,1
15,SET,387,2
15,SET,391,3
15,SET,393,6
15,SET,395,1
15,SET,397,3
15,SET,399,1
15,SET,401,1
15,SET,403,1
15,SET,405,2
15,SET,411,2
15,SET,413,1
15,SET,421,1
15,SET,423,2
15,SET,427,1
15,SET,429,1
15,SET,431,1
15,SET,433,1
15,SET,441,1
15,SET,447,1
15,SET,449,1
15,SET,457,2
15,SET,463,1
15,SET,471,1
15,SET,481,1
15,SET,489,1
15,SET,495,1
15,SET,501,1
15,SET,515,1
15,SET,519,1
15,SET,527,1
15,SET,539,1
15,SET,551,1
15,SET,567,1
15,SET,571,1
15,SET,575,1
15,SET,587,1
15,SET,599,1
15,SET,627,1
15,SET,639,1
15,SET,643,1
15,SET,671,1
15,SET,683,1
15,SET,691,1
15,SET,727,1
15,SET,807,2
15,SET,823,1
15,SET,855,1
15,SET,863,1
15,SET,1023,1
15,SET,1167,1
15,SET,1543,1
15,SET,1567,1
15,SET,1727,1
15,SET,1951,1
15,SET,1959,1
15,SET,2111,1
15,SET,2159,1
15,SET,2175,1
15,SET,2255,2
15,SET,2271,1
15,SET,3135,1
15,DEL,75,1
15,DEL,77,3
15,DEL,78,1
15,DEL,79,12
15,DEL,80,16
15,DEL,81,15
15,DEL,82,33
15,DEL,83,36
15,DEL,84,64
15,DEL,85,59
15,DEL,86,87
15,DEL,87,113
15,DEL,88,147
15,DEL,89,169
15,DEL,90,230
15,DEL,91,272
15,DEL,92,250
15,DEL,93,331
15,DEL,94,353
15,DEL,95,386
15,DEL,96,501
15,DEL,97,533
15,DEL,98,607
15,DEL,99,653
15,DEL,100,745
15,DEL,101,822
15,DEL,102,823
15,DEL,103,851
15,DEL,104,957
15,DEL,105,980
15,DEL,106,1020
15,DEL,107,1160
15,DEL,108,1115
15,DEL,109,1266
15,DEL,110,1243
15,DEL,111,1314
15,DEL,112,1334
15,DEL,113,1386
15,DEL,114,1437
15,DEL,115,1480
15,DEL,116,1563
15,DEL,117,1612
15,DEL,118,1575
15,DEL,119,1679
15,DEL,120,1771
15,DEL,121,1681
15,DEL,122,1793
15,DEL,123,1848
15,DEL,124,1913
15,DEL,125,1909
15,DEL,126,1908
15,DEL,127,1945
15,DEL,128,1907
15,DEL,129,1971
15,DEL,130,1899
15,DEL,131,1920
15,DEL,132,1828
15,DEL,133,1868
15,DEL,134,2050
15,DEL,135,1905
15,DEL,136,1971
15,DEL,137,1953
15,DEL,138,1994
15,DEL,139,1914
15,DEL,140,1907
15,DEL,141,1892
15,DEL,142,1877
15,DEL,143,1801
15,DEL,144,1811
15,DEL,145,1863
15,DEL,146,1812
15,DEL,147,1736
15,DEL,148,1759
15,DEL,149,1737
15,DEL,150,1721
15,DEL,151,1758
15,DEL,152,1593
15,DEL,153,1647
15,DEL,154,1599
15,DEL,155,1551
15,DEL,156,1450
15,DEL,157,1539
15,DEL,158,1433
15,DEL,159,1517
15,DEL,160,1383
15,DEL,161,1394
15,DEL,162,1299
15,DEL,163,1314
15,DEL,164,1290
15,DEL,165,1213
15,DEL,166,1194
15,DEL,167,1164
15,DEL,168,1162
15,DEL,169,1081
15,DEL,170,1039
15,DEL,171,1013
15,DEL,172,1001
15,DEL,173,919
15,DEL,174,1010
15,DEL,175,935
15,DEL,176,896
15,DEL,177,890
15,DEL,178,864
15,DEL,179,878
15,DEL,180,819
15,DEL,181,780
15,DEL,182,778
15,DEL,183,756
15,DEL,184,738
15,DEL,185,649
15,DEL,186,689
15,DEL,187,665
15,DEL,188,648
15,DEL,189,671
15,DEL,190,608
15,DEL,191,555
15,DEL,192,592
15,DEL,193,607
15,DEL,194,521
15,DEL,195,552
15,DEL,196,538
15,DEL,197,470
15,DEL,198,486
15,DEL,199,488
15,DEL,200,488
15,DEL,201,485
15,DEL,202,431
15,DEL,203,445
15,DEL,204,416
15,DEL,205,397
15,DEL,206,397
15,DEL,207,391
15,DEL,208,355
15,DEL,209,349
15,DEL,210,401
15,DEL,211,370
15,DEL,212,359
15,DEL,213,336
15,DEL,214,332
15,DEL,215,333
15,DEL,216,277
15,DEL,217,292
15,DEL,218,304
15,DEL,219,272
15,DEL,220,280
15,DEL,221,270
15,DEL,222,289
15,DEL,223,266
15,DEL,224,244
15,DEL,225,276
15,DEL,226,258
15,DEL,227,265
15,DEL,228,209
15,DEL,229,244
15,DEL,230,213
15,DEL,231,245
15,DEL,232,195
15,DEL,233,224
15,DEL,234,191
15,DEL,235,200
15,DEL,236,198
15,DEL,237,195
15,DEL,238,200
15,DEL,239,210
15,DEL,240,171
15,DEL,241,182
15,DEL,242,192
15,DEL,243,182
15,DEL,244,161
15,DEL,245,146
15,DEL,246,161
15,DEL,247,150
15,DEL,248,164
15,DEL,249,166
15,DEL,250,179
15,DEL,251,175
15,DEL,252,149
15,DEL,253,170
15,DEL,254,147
15,DEL,255,119
15,DEL,257,275
15,DEL,259,289
15,DEL,261,248
15,DEL,263,232
15,DEL,265,226
15,DEL,267,205
15,DEL,269,209
15,DEL,271,191
15,DEL,273,217
15,DEL,275,212
15,DEL,277,174
15,DEL,279,162
15,DEL,281,139
15,DEL,283,165
15,DEL,285,134
15,DEL,287,149
15,DEL,289,139
15,DEL,291,132
15,DEL,293,132
15,DEL,295,103
15,DEL,297,98
15,DEL,299,97
15,DEL,301,93
15,DEL,303,83
15,DEL,305,92
15,DEL,307,84
15,DEL,309,76
15,DEL,311,70
15,DEL,313,77
15,DEL,315,57
15,DEL,317,59
15,DEL,319,65
15,DEL,321,54
15,DEL,323,44
15,DEL,325,40
15,DEL,327,39
15,DEL,329,44
15,DEL,331,41
15,DEL,333,31
15,DEL,335,31
15,DEL,337,42
15,DEL,339,30
15,DEL,341,36
15,DEL,343,26
15,DEL,345,24
15,DEL,347,36
15,DEL,349,22
15,DEL,351,26
15,DEL,353,17
15,DEL,355,18
15,DEL,357,22
15,DEL,359,18
15,DEL,361,16
15,DEL,363,13
15,DEL,365,15
15,DEL,367,21
15,DEL,369,15
15,DEL,371,12
15,DEL,373,6
15,DEL,375,5
15,DEL,377,12
15,DEL,379,8
15,DEL,381,12
15,DEL,383,5
15,DEL,385,10
15,DEL,387,6
15,DEL,389,8
15,DEL,391,3
15,DEL,393,7
15,DEL,395,9
15,DEL,397,11
15,DEL,399,8
15,DEL,401,6
15,DEL,403,4
15,DEL,405,6
15,DEL,407,4
15,DEL,409,3
15,DEL,411,2
15,DEL,413,3
15,DEL,415,6
15,DEL,417,3
15,DEL,419,9
15,DEL,421,2
15,DEL,423,1
15,DEL,425,3
15,DEL,427,7
15,DEL,429,3
15,DEL,431,5
15,DEL,433,2
15,DEL,435,4
15,DEL,437,1
15,DEL,439,4
15,DEL,441,1
15,DEL,443,2
15,DEL,445,2
15,DEL,447,3
15,DEL,449,1
15,DEL,451,3
15,DEL,453,3
15,DEL,455,3
15,DEL,457,2
15,DEL,459,2
15,DEL,461,1
15,DEL,463,2
15,DEL,465,1
15,DEL,467,2
15,DEL,469,4
15,DEL,473,1
15,DEL,475,1
15,DEL,477,2
15,DEL,479,3
15,DEL,481,1
15,DEL,483,1
15,DEL,485,1
15,DEL,487,4
15,DEL,489,5
15,DEL,491,1
15,DEL,495,2
15,DEL,497,5
15,DEL,503,3
15,DEL,507,1
15,DEL,511,1
15,DEL,515,2
15,DEL,519,1
15,DEL,523,2
15,DEL,527,1
15,DEL,531,4
15,DEL,535,2
15,DEL,539,1
15,DEL,543,2
15,DEL,547,3
15,DEL,551,2
15,DEL,555,2
15,DEL,559,1
15,DEL,563,2
15,DEL,567,2
15,DEL,571,1
15,DEL,575,1
15,DEL,579,3
15,DEL,583,3
15,DEL,587,2
15,DEL,591,2
15,DEL,595,1
15,DEL,599,1
15,DEL,611,2
15,DEL,619,2
15,DEL,631,1
15,DEL,635,1
15,DEL,639,1
15,DEL,647,1
15,DEL,651,3
15,DEL,655,3
15,DEL,671,1
15,DEL,675,1
15,DEL,679,1
15,DEL,683,3
15,DEL,687,2
15,DEL,699,2
15,DEL,703,3
15,DEL,715,1
15,DEL,719,1
15,DEL,735,1
15,DEL,747,2
15,DEL,775,1
15,DEL,811,1
15,DEL,819,1
15,DEL,827,1
15,DEL,859,1
15,DEL,863,1
15,DEL,883,1
15,DEL,907,1
15,DEL,999,1
15,DEL,1087,1
15,DEL,1143,1
15,DEL,1199,1
15,DEL,1231,1
15,DEL,1255,1
15,DEL,1295,1
15,DEL,1415,1
15,DEL,1439,1
15,DEL,1463,1
15,DEL,1495,1
15,DEL,1519,1
15,DEL,1527,2
15,DEL,1575,2
15,DEL,1583,1
15,DEL,1599,1
15,DEL,1607,1
15,DEL,1655,1
15,DEL,1663,1
15,DEL,1671,1
15,DEL,1695,1
15,DEL,1783,1
15,DEL,1799,1
15,DEL,1815,2
15,DEL,1831,2
15,DEL,1879,1
15,DEL,1887,1
15,DEL,1919,2
15,DEL,1927,1
15,DEL,1951,1
15,DEL,1959,1
15,DEL,1975,1
15,DEL,2015,1
15,DEL,2031,1
15,DEL,2063,3
15,DEL,2127,1
15,DEL,2159,1
15,DEL,2175,1
15,DEL,2191,2
15,DEL,2207,3
15,DEL,2223,2
15,DEL,2239,3
15,DEL,2271,3
15,DEL,2287,2
15,DEL,2303,3
15,DEL,2335,1
15,DEL,2351,2
15,DEL,2367,3
15,DEL,2399,1
15,DEL,2415,1
15,DEL,2495,1
15,DEL,2527,2
15,DEL,2623,1
15,DEL,2639,1
15,DEL,2703,1
15,DEL,2975,1
15,DEL,3407,1
15,DEL,4159,1
15,DEL,10431,1
15,GET,73,1
15,GET,75,1
15,GET,76,7
15,GET,77,15
15,GET,78,20
15,GET,79,25
15,GET,80,55
15,GET,81,74
15,GET,82,94
15,GET,83,124
15,GET,84,184
15,GET,85,258
15,GET,86,300
15,GET,87,364
15,GET,88,468
15,GET,89,565
15,GET,90,623
15,GET,91,673
15,GET,92,815
15,GET,93,1004
15,GET,94,1114
15,GET,95,1236
15,GET,96,1389
15,GET,97,1621
15,GET,98,1819
15,GET,99,1924
15,GET,100,2034
15,GET,101,2274
15,GET,102,2527
15,GET,103,2642
15,GET,104,2794
15,GET,105,2932
15,GET,106,3116
15,GET,107,3233
15,GET,108,3277
15,GET,109,3506
15,GET,110,3561
15,GET,111,3855
15,GET,112,4018
15,GET,113,4139
15,GET,114,4241
15,GET,115,4253
15,GET,116,4446
15,GET,117,4632
15,GET,118,4721
15,GET,119,4799
15,GET,120,5179
15,GET,121,5152
15,GET,122,5153
15,GET,123,5358
15,GET,124,5231
15,GET,125,5422
15,GET,126,5395
15,GET,127,5283
15,GET,128,5343
15,GET,129,5353
15,GET,130,5281
15,GET,131,5463
15,GET,132,5333
15,GET,133,5353
15,GET,134,5438
15,GET,135,5342
15,GET,136,5317
15,GET,137,5327
15,GET,138,5342
15,GET,139,5359
15,GET,140,5200
15,GET,141,5329
15,GET,142,5235
15,GET,143,5237
15,GET,144,5112
15,GET,145,5019
15,GET,146,5041
15,GET,147,4895
15,GET,148,4802
15,GET,149,4938
15,GET,150,4691
15,GET,151,4649
15,GET,152,4491
15,GET,153,4479
15,GET,154,4331
15,GET,155,4235
15,GET,156,4233
15,GET,157,4056
15,GET,158,4017
15,GET,159,3865
15,GET,160,3805
15,GET,161,3785
15,GET,162,3709
15,GET,163,3594
15,GET,164,3448
15,GET,165,3426
15,GET,166,3302
15,GET,167,3202
15,GET,168,3163
15,GET,169,3047
15,GET,170,2992
15,GET,171,2862
15,GET,172,2855
15,GET,173,2757
15,GET,174,2764
15,GET,175,2564
15,GET,176,2485
15,GET,177,2424
15,GET,178,2379
15,GET,179,2250
15,GET,180,2299
15,GET,181,2229
15,GET,182,2111
15,GET,183,2062
15,GET,184,1982
15,GET,185,1926
15,GET,186,1879
15,GET,187,1854
15,GET,188,1787
15,GET,189,1738
15,GET,190,1671
15,GET,191,1652
15,GET,192,1624
15,GET,193,1617
15,GET,194,1502
15,GET,195,1420
15,GET,196,1404
15,GET,197,1424
15,GET,198,1275
15,GET,199,1313
15,GET,200,1299
15,GET,201,1276
15,GET,202,1220
15,GET,203,1240
15,GET,204,1225
15,GET,205,1104
15,GET,206,1122
15,GET,207,1091
15,GET,208,1016
15,GET,209,1036
15,GET,210,985
15,GET,211,933
15,GET,212,951
15,GET,213,862
15,GET,214,892
15,GET,215,906
15,GET,216,893
15,GET,217,849
15,GET,218,797
15,GET,219,787
15,GET,220,793
15,GET,221,721
15,GET,222,787
15,GET,223,680
15,GET,224,717
15,GET,225,697
15,GET,226,682
15,GET,227,631
15,GET,228,647
15,GET,229,604
15,GET,230,588
15,GET,231,580
15,GET,232,655
15,GET,233,550
15,GET,234,553
15,GET,235,607
15,GET,236,599
15,GET,237,575
15,GET,238,513
15,GET,239,534
15,GET,240,529
15,GET,241,466
15,GET,242,508
15,GET,243,494
15,GET,244,473
15,GET,245,479
15,GET,246,416
15,GET,247,449
15,GET,248,433
15,GET,249,412
15,GET,250,451
15,GET,251,448
15,GET,252,392
15,GET,253,407
15,GET,254,378
15,GET,255,379
15,GET,257,695
15,GET,259,698
15,GET,261,700
15,GET,263,633
15,GET,265,664
15,GET,267,569
15,GET,269,563
15,GET,271,515
15,GET,273,521
15,GET,275,463
15,GET,277,488
15,GET,279,485
15,GET,281,443
15,GET,283,388
15,GET,285,366
15,GET,287,365
15,GET,289,353
15,GET,291,354
15,GET,293,313
15,GET,295,330
15,GET,297,287
15,GET,299,283
15,GET,301,263
15,GET,303,235
15,GET,305,230
15,GET,307,180
15,GET,309,210
15,GET,311,207
15,GET,313,146
15,GET,315,196
15,GET,317,135
15,GET,319,164
15,GET,321,139
15,GET,323,117
15,GET,325,119
15,GET,327,132
15,GET,329,114
15,GET,331,94
15,GET,333,74
15,GET,335,85
15,GET,337,87
15,GET,339,68
15,GET,341,71
15,GET,343,71
15,GET,345,58
15,GET,347,72
15,GET,349,62
15,GET,351,73
15,GET,353,52
15,GET,355,42
15,GET,357,53
15,GET,359,55
15,GET,361,40
15,GET,363,37
15,GET,365,42
15,GET,367,28
15,GET,369,36
15,GET,371,29
15,GET,373,23
15,GET,375,34
15,GET,377,32
15,GET,379,22
15,GET,381,38
15,GET,383,30
15,GET,385,22
15,GET,387,17
15,GET,389,17
15,GET,391,18
15,GET,393,12
15,GET,395,11
15,GET,397,12
15,GET,399,14
15,GET,401,15
15,GET,403,13
15,GET,405,19
15,GET,407,14
15,GET,409,17
15,GET,411,13
15,GET,413,7
15,GET,415,9
15,GET,417,14
15,GET,419,9
15,GET,421,8
15,GET,423,21
15,GET,425,7
15,GET,427,8
15,GET,429,13
15,GET,431,8
15,GET,433,4
15,GET,435,12
15,GET,437,10
15,GET,439,6
15,GET,441,5
15,GET,443,8
15,GET,445,8
15,GET,447,7
15,GET,449,6
15,GET,451,3
15,GET,453,7
15,GET,455,6
15,GET,457,6
15,GET,459,4
15,GET,461,4
15,GET,463,4
15,GET,465,6
15,GET,467,3
15,GET,469,3
15,GET,471,8
15,GET,473,5
15,GET,475,4
15,GET,477,4
15,GET,479,4
15,GET,481,1
15,GET,483,2
15,GET,485,2
15,GET,487,2
15,GET,489,5
15,GET,491,3
15,GET,493,2
15,GET,495,5
15,GET,497,4
15,GET,499,1
15,GET,501,5
15,GET,503,2
15,GET,505,4
15,GET,507,3
15,GET,509,2
15,GET,515,6
15,GET,519,7
15,GET,523,7
15,GET,527,9
15,GET,531,4
15,GET,535,6
15,GET,539,7
15,GET,543,6
15,GET,547,3
15,GET,551,2
15,GET,555,7
15,GET,559,5
15,GET,563,2
15,GET,567,4
15,GET,571,4
15,GET,575,7
15,GET,579,3
15,GET,583,5
15,GET,587,3
15,GET,591,3
15,GET,595,7
15,GET,599,6
15,GET,603,6
15,GET,607,6
15,GET,611,6
15,GET,615,6
15,GET,619,8
15,GET,623,4
15,GET,627,3
15,GET,631,5
15,GET,635,6
15,GET,639,5
15,GET,643,8
15,GET,647,6
15,GET,651,4
15,GET,655,1
15,GET,659,4
15,GET,663,4
15,GET,667,3
15,GET,671,2
15,GET,675,2
15,GET,679,2
15,GET,683,3
15,GET,687,2
15,GET,691,4
15,GET,695,2
15,GET,699,3
15,GET,703,4
15,GET,707,2
15,GET,711,6
15,GET,715,2
15,GET,719,5
15,GET,735,1
15,GET,739,3
15,GET,747,4
15,GET,751,1
15,GET,755,1
15,GET,759,1
15,GET,767,6
15,GET,775,1
15,GET,787,1
15,GET,791,2
15,GET,799,2
15,GET,807,1
15,GET,815,2
15,GET,819,2
15,GET,827,1
15,GET,831,2
15,GET,847,1
15,GET,855,1
15,GET,863,1
15,GET,867,1
15,GET,871,1
15,GET,879,2
15,GET,883,2
15,GET,895,1
15,GET,903,1
15,GET,915,2
15,GET,923,1
15,GET,927,1
15,GET,943,1
15,GET,947,2
15,GET,951,1
15,GET,967,1
15,GET,975,1
15,GET,991,1
15,GET,995,1
15,GET,999,1
15,GET,1011,1
15,GET,1055,1
15,GET,1063,1
15,GET,1071,1
15,GET,1095,1
15,GET,1119,1
15,GET,1135,1
15,GET,1143,2
15,GET,1159,4
15,GET,1167,1
15,GET,1199,1
15,GET,1239,2
15,GET,1247,1
15,GET,1255,1
15,GET,1263,1
15,GET,1279,1
15,GET,1303,2
15,GET,1319,1
15,GET,1335,1
15,GET,1343,2
15,GET,1391,1
15,GET,1399,1
15,GET,1415,1
15,GET,1431,3
15,GET,1439,1
15,GET,1455,1
15,GET,1463,2
15,GET,1479,2
15,GET,1487,1
15,GET,1495,2
15,GET,1503,1
15,GET,1511,1
15,GET,1527,1
15,GET,1535,3
15,GET,1543,2
15,GET,1551,1
15,GET,1559,1
15,GET,1567,4
15,GET,1583,1
15,GET,1607,1
15,GET,1663,1
15,GET,1679,2
15,GET,1687,2
15,GET,1695,2
15,GET,1703,5
15,GET,1735,3
15,GET,1767,2
15,GET,1775,2
15,GET,1783,2
15,GET,1791,1
15,GET,1823,1
15,GET,1839,1
15,GET,1847,2
15,GET,1855,1
15,GET,1871,2
15,GET,1895,2
15,GET,1903,1
15,GET,1919,1
15,GET,1927,1
15,GET,1935,2
15,GET,1943,1
15,GET,1951,3
15,GET,1967,1
15,GET,1975,3
15,GET,1983,1
15,GET,1991,2
15,GET,1999,2
15,GET,2031,1
15,GET,2039,1
15,GET,2063,2
15,GET,2079,1
15,GET,2095,5
15,GET,2111,5
15,GET,2127,9
15,GET,2143,7
15,GET,2159,3
15,GET,2175,5
15,GET,2191,6
15,GET,2207,2
15,GET,2223,3
15,GET,2239,7
15,GET,2255,7
15,GET,2271,2
15,GET,2287,9
15,GET,2303,3
15,GET,2319,3
15,GET,2351,7
15,GET,2367,2
15,GET,2383,4
15,GET,2399,1
15,GET,2415,1
15,GET,2447,2
15,GET,2463,6
15,GET,2479,1
15,GET,2495,1
15,GET,2527,1
15,GET,2543,1
15,GET,2607,2
15,GET,2623,1
15,GET,2655,1
15,GET,2687,1
15,GET,2799,1
15,GET,3135,1
15,GET,7295,1
16,DEL,76,1
16,DEL,77,8
16,DEL,78,7
16,DEL,79,15
16,DEL,80,18
16,DEL,81,39
16,DEL,82,41
16,DEL,83,48
16,DEL,84,97
16,DEL,85,121
16,DEL,86,144
16,DEL,87,148
16,DEL,88,213
16,DEL,89,218
16,DEL,90,307
16,DEL,91,344
16,DEL,92,349
16,DEL,93,413
16,DEL,94,461
16,DEL,95,519
16,DEL,96,556
16,DEL,97,672
16,DEL,98,763
16,DEL,99,790
16,DEL,100,860
16,DEL,101,917
16,DEL,102,1016
16,DEL,103,1095
16,DEL,104,1132
16,DEL,105,1265
16,DEL,106,1243
16,DEL,107,1290
16,DEL,108,1294
16,DEL,109,1346
16,DEL,110,1398
16,DEL,111,1428
16,DEL,112,1490
16,DEL,113,1584
16,DEL,114,1536
16,DEL,115,1686
16,DEL,116,1712
16,DEL,117,1841
16,DEL,118,1776
16,DEL,119,1787
16,DEL,120,1860
16,DEL,121,1896
16,DEL,122,1980
16,DEL,123,1943
16,DEL,124,2028
16,DEL,125,1955
16,DEL,126,1986
16,DEL,127,1981
16,DEL,128,1957
16,DEL,129,1978
16,DEL,130,1944
16,DEL,131,1965
16,DEL,132,1924
16,DEL,133,1943
16,DEL,134,1913
16,DEL,135,1852
16,DEL,136,1914
16,DEL,137,1901
16,DEL,138,1958
16,DEL,139,1926
16,DEL,140,1834
16,DEL,141,1880
16,DEL,142,1852
16,DEL,143,1806
16,DEL,144,1796
16,DEL,145,1685
16,DEL,146,1732
16,DEL,147,1707
16,DEL,148,1694
16,DEL,149,1666
16,DEL,150,1562
16,DEL,151,1617
16,DEL,152,1520
16,DEL,153,1493
16,DEL,154,1526
16,DEL,155,1509
16,DEL,156,1491
16,DEL,157,1368
16,DEL,158,1287
16,DEL,159,1235
16,DEL,160,1284
16,DEL,161,1208
16,DEL,162,1242
16,DEL,163,1230
16,DEL,164,1112
16,DEL,165,1094
16,DEL,166,1100
16,DEL,167,1077
16,DEL,168,1042
16,DEL,169,1015
16,DEL,170,1008
16,DEL,171,964
16,DEL,172,1010
16,DEL,173,896
16,DEL,174,939
16,DEL,175,824
16,DEL,176,839
16,DEL,177,802
16,DEL,178,789
16,DEL,179,775
16,DEL,180,721
16,DEL,181,670
16,DEL,182,674
16,DEL,183,703
16,DEL,184,668
16,DEL,185,660
16,DEL,186,658
16,DEL,187,610
16,DEL,188,558
16,DEL,189,602
16,DEL,190,587
16,DEL,191,548
16,DEL,192,530
16,DEL,193,518
16,DEL,194,546
16,DEL,195,494
16,DEL,196,493
16,DEL,197,446
16,DEL,198,469
16,DEL,199,450
16,DEL,200,415
16,DEL,201,386
16,DEL,202,460
16,DEL,203,382
16,DEL,204,387
16,DEL,205,384
16,DEL,206,390
16,DEL,207,358
16,DEL,208,378
16,DEL,209,329
16,DEL,210,337
16,DEL,211,336
16,DEL,212,331
16,DEL,213,302
16,DEL,214,320
16,DEL,215,309
16,DEL,216,305
16,DEL,217,289
16,DEL,218,283
16,DEL,219,243
16,DEL,220,258
16,DEL,221,247
16,DEL,222,264
16,DEL,223,247
16,DEL,224,259
16,DEL,225,234
16,DEL,226,223
16,DEL,227,227
16,DEL,228,241
16,DEL,229,186
16,DEL,230,223
16,DEL,231,207
16,DEL,232,223
16,DEL,233,186
16,DEL,234,183
16,DEL,235,190
16,DEL,236,173
16,DEL,237,178
16,DEL,238,194
16,DEL,239,193
16,DEL,240,155
16,DEL,241,155
16,DEL,242,181
16,DEL,243,185
16,DEL,244,155
16,DEL,245,162
16,DEL,246,177
16,DEL,247,168
16,DEL,248,147
16,DEL,249,161
16,DEL,250,152
16,DEL,251,167
16,DEL,252,138
16,DEL,253,151
16,DEL,254,132
16,DEL,255,133
16,DEL,257,273
16,DEL,259,222
16,DEL,261,258
16,DEL,263,249
16,DEL,265,214
16,DEL,267,218
16,DEL,269,204
16,DEL,271,199
16,DEL,273,175
16,DEL,275,180
16,DEL,277,162
16,DEL,279,177
16,DEL,281,165
16,DEL,283,142
16,DEL,285,135
16,DEL,287,133
16,DEL,289,131
16,DEL,291,115
16,DEL,293,110
16,DEL,295,138
16,DEL,297,98
16,DEL,299,95
16,DEL,301,79
16,DEL,303,66
16,DEL,305,82
16,DEL,307,63
16,DEL,309,79
16,DEL,311,83
16,DEL,313,67
16,DEL,315,71
16,DEL,317,49
16,DEL,319,56
16,DEL,321,43
16,DEL,323,33
16,DEL,325,35
16,DEL,327,38
16,DEL,329,39
16,DEL,331,30
16,DEL,333,32
16,DEL,335,29
16,DEL,337,19
16,DEL,339,28
16,DEL,341,22
16,DEL,343,29
16,DEL,345,28
16,DEL,347,20
16,DEL,349,25
16,DEL,351,29
16,DEL,353,19
16,DEL,355,15
16,DEL,357,13
16,DEL,359,13
16,DEL,361,15
16,DEL,363,7
16,DEL,365,13
16,DEL,367,8
16,DEL,369,15
16,DEL,371,10
16,DEL,373,12
16,DEL,375,10
16,DEL,377,13
16,DEL,379,4
16,DEL,381,7
16,DEL,383,13
16,DEL,385,9
16,DEL,387,8
16,DEL,389,4
16,DEL,391,4
16,DEL,393,6
16,DEL,395,2
16,DEL,397,4
16,DEL,399,6
16,DEL,401,8
16,DEL,403,11
16,DEL,405,7
16,DEL,407,7
16,DEL,409,5
16,DEL,411,5
16,DEL,413,3
16,DEL,415,2
16,DEL,417,2
16,DEL,419,3
16,DEL,421,2
16,DEL,423,3
16,DEL,425,1
16,DEL,427,4
16,DEL,429,1
16,DEL,431,2
16,DEL,433,2
16,DEL,435,1
16,DEL,437,2
16,DEL,439,1
16,DEL,441,2
16,DEL,443,3
16,DEL,445,1
16,DEL,447,1
16,DEL,449,2
16,DEL,451,3
16,DEL,453,4
16,DEL,455,2
16,DEL,457,3
16,DEL,459,4
16,DEL,461,1
16,DEL,463,1
16,DEL,465,1
16,DEL,469,1
16,DEL,471,2
16,DEL,473,2
16,DEL,475,1
16,DEL,477,1
16,DEL,479,1
16,DEL,481,3
16,DEL,485,1
16,DEL,487,2
16,DEL,489,1
16,DEL,493,1
16,DEL,495,1
16,DEL,497,2
16,DEL,499,1
16,DEL,501,1
16,DEL,503,2
16,DEL,505,1
16,DEL,507,1
16,DEL,509,2
16,DEL,511,1
16,DEL,515,3
16,DEL,519,1
16,DEL,523,1
16,DEL,527,1
16,DEL,535,3
16,DEL,539,1
16,DEL,543,2
16,DEL,547,2
16,DEL,563,3
16,DEL,567,3
16,DEL,575,2
16,DEL,587,1
16,DEL,595,2
16,DEL,599,2
16,DEL,603,1
16,DEL,611,1
16,DEL,615,1
16,DEL,619,1
16,DEL,623,1
16,DEL,631,1
16,DEL,639,1
16,DEL,643,1
16,DEL,659,1
16,DEL,663,1
16,DEL,667,3
16,DEL,671,2
16,DEL,683,3
16,DEL,691,1
16,DEL,699,1
16,DEL,707,1
16,DEL,715,1
16,DEL,719,1
16,DEL,723,1
16,DEL,727,2
16,DEL,731,1
16,DEL,739,1
16,DEL,759,1
16,DEL,791,1
16,DEL,835,1
16,DEL,895,1
16,DEL,899,1
16,DEL,907,1
16,DEL,931,1
16,DEL,1063,1
16,DEL,1199,1
16,DEL,1239,1
16,DEL,1271,1
16,DEL,1311,1
16,DEL,1343,1
16,DEL,1375,1
16,DEL,1383,1
16,DEL,1455,1
16,DEL,1463,1
16,DEL,1495,1
16,DEL,1503,1
16,DEL,1527,1
16,DEL,1575,2
16,DEL,1623,1
16,DEL,1639,1
16,DEL,1807,2
16,DEL,1839,1
16,DEL,1919,1
16,DEL,1967,1
16,DEL,1975,1
16,DEL,1983,1
16,DEL,1991,2
16,DEL,2007,1
16,DEL,2031,1
16,DEL,2047,2
16,DEL,2063,2
16,DEL,2095,1
16,DEL,2111,2
16,DEL,2143,2
16,DEL,2159,3
16,DEL,2175,3
16,DEL,2191,1
16,DEL,2207,2
16,DEL,2239,1
16,DEL,2271,2
16,DEL,2303,1
16,DEL,2319,2
16,DEL,2335,2
16,DEL,2351,2
16,DEL,2367,3
16,DEL,2383,1
16,DEL,2415,2
16,DEL,2431,1
16,DEL,2447,1
16,DEL,2511,1
16,DEL,2527,2
16,DEL,2559,1
16,DEL,2623,1
16,DEL,2703,1
16,DEL,2895,1
16,DEL,3183,1
16,DEL,3279,1
16,DEL,7743,1
16,SET,79,1
16,SET,80,2
16,SET,81,5
16,SET,82,2
16,SET,83,6
16,SET,84,7
16,SET,85,9
16,SET,86,21
16,SET,87,22
16,SET,88,16
16,SET,89,29
16,SET,90,22
16,SET,91,40
16,SET,92,49
16,SET,93,56
16,SET,94,64
16,SET,95,79
16,SET,96,77
16,SET,97,80
16,SET,98,110
16,SET,99,105
16,SET,100,125
16,SET,101,155
16,SET,102,145
16,SET,103,162
16,SET,104,176
16,SET,105,174
16,SET,106,203
16,SET,107,195
16,SET,108,218
16,SET,109,228
16,SET,110,255
16,SET,111,243
16,SET,112,268
16,SET,113,265
16,SET,114,345
16,SET,115,293
16,SET,116,317
16,SET,117,323
16,SET,118,345
16,SET,119,336
16,SET,120,371
16,SET,121,378
16,SET,122,371
16,SET,123,334
16,SET,124,364
16,SET,125,403
16,SET,126,370
16,SET,127,375
16,SET,128,386
16,SET,129,412
16,SET,130,367
16,SET,131,379
16,SET,132,369
16,SET,133,364
16,SET,134,371
16,SET,135,404
16,SET,136,381
16,SET,137,400
16,SET,138,407
16,SET,139,384
16,SET,140,402
16,SET,141,404
16,SET,142,374
16,SET,143,370
16,SET,144,314
16,SET,145,395
16,SET,146,346
16,SET,147,336
16,SET,148,357
16,SET,149,342
16,SET,150,325
16,SET,151,346
16,SET,152,332
16,SET,153,281
16,SET,154,314
16,SET,155,306
16,SET,156,308
16,SET,157,306
16,SET,158,324
16,SET,159,292
16,SET,160,293
16,SET,161,277
16,SET,162,269
16,SET,163,241
16,SET,164,255
16,SET,165,245
16,SET,166,283
16,SET,167,241
16,SET,168,236
16,SET,169,236
16,SET,170,185
16,SET,171,242
16,SET,172,203
16,SET,173,188
16,SET,174,220
16,SET,175,219
16,SET,176,208
16,SET,177,179
16,SET,178,176
16,SET,179,180
16,SET,180,156
16,SET,181,164
16,SET,182,143
16,SET,183,134
16,SET,184,159
16,SET,185,146
16,SET,186,134
16,SET,187,120
16,SET,188,125
16,SET,189,134
16,SET,190,140
16,SET,191,130
16,SET,192,136
16,SET,193,95
16,SET,194,105
16,SET,195,112
16,SET,196,101
16,SET,197,120
16,SET,198,82
16,SET,199,101
16,SET,200,98
16,SET,201,86
16,SET,202,90
16,SET,203,87
16,SET,204,87
16,SET,205,89
16,SET,206,78
16,SET,207,60
16,SET,208,83
16,SET,209,70
16,SET,210,82
16,SET,211,64
16,SET,212,81
16,SET,213,68
16,SET,214,65
16,SET,215,79
16,SET,216,65
16,SET,217,69
16,SET,218,68
16,SET,219,55
16,SET,220,62
16,SET,221,69
16,SET,222,49
16,SET,223,73
16,SET,224,49
16,SET,225,47
16,SET,226,54
16,SET,227,61
16,SET,228,48
16,SET,229,46
16,SET,230,49
16,SET,231,63
16,SET,232,39
16,SET,233,37
16,SET,234,39
16,SET,235,35
16,SET,236,41
16,SET,237,40
16,SET,238,45
16,SET,239,48
16,SET,240,37
16,SET,241,46
16,SET,242,38
16,SET,243,39
16,SET,244,31
16,SET,245,42
16,SET,246,35
16,SET,247,39
16,SET,248,22
16,SET,249,47
16,SET,250,34
16,SET,251,29
16,SET,252,27
16,SET,253,31
16,SET,254,30
16,SET,255,33
16,SET,257,49
16,SET,259,64
16,SET,261,49
16,SET,263,47
16,SET,265,53
16,SET,267,62
16,SET,269,45
16,SET,271,50
16,SET,273,33
16,SET,275,36
16,SET,277,33
16,SET,279,35
16,SET,281,40
16,SET,283,39
16,SET,285,35
16,SET,287,41
16,SET,289,36
16,SET,291,32
16,SET,293,19
16,SET,295,34
16,SET,297,30
16,SET,299,19
16,SET,301,21
16,SET,303,16
16,SET,305,14
16,SET,307,11
16,SET,309,17
16,SET,311,17
16,SET,313,10
16,SET,315,12
16,SET,317,9
16,SET,319,10
16,SET,321,10
16,SET,323,16
16,SET,325,6
16,SET,327,9
16,SET,329,7
16,SET,331,11
16,SET,333,10
16,SET,335,6
16,SET,337,4
16,SET,339,3
16,SET,341,3
16,SET,343,6
16,SET,345,7
16,SET,347,8
16,SET,349,5
16,SET,351,5
16,SET,353,4
16,SET,355,5
16,SET,357,1
16,SET,359,2
16,SET,361,1
16,SET,365,3
16,SET,367,1
16,SET,369,3
16,SET,371,4
16,SET,373,3
16,SET,375,3
16,SET,377,1
16,SET,379,2
16,SET,381,3
16,SET,383,3
16,SET,387,1
16,SET,391,4
16,SET,397,3
16,SET,399,1
16,SET,401,1
16,SET,403,1
16,SET,405,3
16,SET,407,3
16,SET,417,2
16,SET,421,1
16,SET,423,1
16,SET,427,1
16,SET,431,2
16,SET,445,1
16,SET,447,1
16,SET,465,1
16,SET,473,1
16,SET,477,1
16,SET,481,2
16,SET,483,1
16,SET,487,1
16,SET,491,1
16,SET,495,1
16,SET,497,2
16,SET,501,1
16,SET,505,1
16,SET,543,1
16,SET,547,1
16,SET,551,1
16,SET,567,1
16,SET,579,1
16,SET,587,1
16,SET,603,2
16,SET,611,1
16,SET,651,1
16,SET,683,1
16,SET,699,1
16,SET,703,1
16,SET,707,1
16,SET,735,1
16,SET,747,1
16,SET,771,1
16,SET,871,1
16,SET,959,1
16,SET,1039,1
16,SET,1439,1
16,SET,1455,1
16,SET,1711,1
16,SET,1807,1
16,SET,1991,1
16,SET,2015,1
16,SET,2143,1
16,SET,2303,2
16,SET,2399,1
16,SET,2623,1
16,GET,73,2
16,GET,74,3
16,GET,75,6
16,GET,76,10
16,GET,77,15
16,GET,78,52
16,GET,79,57
16,GET,80,83
16,GET,81,123
16,GET,82,179
16,GET,83,242
16,GET,84,323
16,GET,85,366
16,GET,86,473
16,GET,87,584
16,GET,88,705
16,GET,89,732
16,GET,90,891
16,GET,91,970
16,GET,92,1149
16,GET,93,1233
16,GET,94,1461
16,GET,95,1588
16,GET,96,1766
16,GET,97,1994
16,GET,98,2153
16,GET,99,2387
16,GET,100,2502
16,GET,101,2798
16,GET,102,2980
16,GET,103,3158
16,GET,104,3473
16,GET,105,3514
16,GET,106,3554
16,GET,107,3721
16,GET,108,3848
16,GET,109,4056
16,GET,110,4077
16,GET,111,4159
16,GET,112,4460
16,GET,113,4579
16,GET,114,4517
16,GET,115,4740
16,GET,116,4854
16,GET,117,5016
16,GET,118,5035
16,GET,119,5300
16,GET,120,5343
16,GET,121,5276
16,GET,122,5439
16,GET,123,5377
16,GET,124,5625
16,GET,125,5477
16,GET,126,5527
16,GET,127,5585
16,GET,128,5510
16,GET,129,5436
16,GET,130,5572
16,GET,131,5569
16,GET,132,5473
16,GET,133,5422
16,GET,134,5390
16,GET,135,5222
16,GET,136,5209
16,GET,137,5409
16,GET,138,5351
16,GET,139,5203
16,GET,140,5248
16,GET,141,5110
16,GET,142,5009
16,GET,143,5055
16,GET,144,4890
16,GET,145,4975
16,GET,146,4805
16,GET,147,4710
16,GET,148,4711
16,GET,149,4515
16,GET,150,4417
16,GET,151,4251
16,GET,152,4276
16,GET,153,4161
16,GET,154,4071
16,GET,155,4002
16,GET,156,3899
16,GET,157,3593
16,GET,158,3707
16,GET,159,3682
16,GET,160,3555
16,GET,161,3517
16,GET,162,3413
16,GET,163,3180
16,GET,164,3139
16,GET,165,3148
16,GET,166,3092
16,GET,167,2952
16,GET,168,2800
16,GET,169,2726
16,GET,170,2733
16,GET,171,2567
16,GET,172,2557
16,GET,173,2507
16,GET,174,2311
16,GET,175,2294
16,GET,176,2239
16,GET,177,2277
16,GET,178,2126
16,GET,179,2209
16,GET,180,2046
16,GET,181,1970
16,GET,182,1853
16,GET,183,1934
16,GET,184,1862
16,GET,185,1770
16,GET,186,1708
16,GET,187,1691
16,GET,188,1572
16,GET,189,1505
16,GET,190,1554
16,GET,191,1550
16,GET,192,1434
16,GET,193,1444
16,GET,194,1395
16,GET,195,1331
16,GET,196,1268
16,GET,197,1273
16,GET,198,1288
16,GET,199,1229
16,GET,200,1217
16,GET,201,1160
16,GET,202,1093
16,GET,203,1067
16,GET,204,1034
16,GET,205,1021
16,GET,206,1066
16,GET,207,1046
16,GET,208,952
16,GET,209,893
16,GET,210,927
16,GET,211,883
16,GET,212,866
16,GET,213,857
16,GET,214,846
16,GET,215,839
16,GET,216,799
16,GET,217,810
16,GET,218,760
16,GET,219,742
16,GET,220,754
16,GET,221,758
16,GET,222,701
16,GET,223,711
16,GET,224,675
16,GET,225,663
16,GET,226,639
16,GET,227,666
16,GET,228,638
16,GET,229,614
16,GET,230,581
16,GET,231,609
16,GET,232,579
16,GET,233,565
16,GET,234,553
16,GET,235,505
16,GET,236,586
16,GET,237,512
16,GET,238,516
16,GET,239,506
16,GET,240,437
16,GET,241,504
16,GET,242,474
16,GET,243,459
16,GET,244,452
16,GET,245,420
16,GET,246,451
16,GET,247,441
16,GET,248,440
16,GET,249,411
16,GET,250,409
16,GET,251,417
16,GET,252,383
16,GET,253,424
16,GET,254,397
16,GET,255,389
16,GET,257,722
16,GET,259,716
16,GET,261,713
16,GET,263,663
16,GET,265,609
16,GET,267,561
16,GET,269,571
16,GET,271,526
16,GET,273,502
16,GET,275,469
16,GET,277,478
16,GET,279,424
16,GET,281,413
16,GET,283,414
16,GET,285,365
16,GET,287,378
16,GET,289,334
16,GET,291,315
16,GET,293,327
16,GET,295,307
16,GET,297,255
16,GET,299,262
16,GET,301,265
16,GET,303,238
16,GET,305,202
16,GET,307,209
16,GET,309,191
16,GET,311,195
16,GET,313,169
16,GET,315,174
16,GET,317,173
16,GET,319,146
16,GET,321,121
16,GET,323,126
16,GET,325,107
16,GET,327,93
16,GET,329,100
16,GET,331,98
16,GET,333,107
16,GET,335,96
16,GET,337,87
16,GET,339,76
16,GET,341,68
16,GET,343,63
16,GET,345,61
16,GET,347,45
16,GET,349,64
16,GET,351,53
16,GET,353,43
16,GET,355,41
16,GET,357,43
16,GET,359,40
16,GET,361,28
16,GET,363,23
16,GET,365,35
16,GET,367,22
16,GET,369,22
16,GET,371,26
16,GET,373,30
16,GET,375,33
16,GET,377,22
16,GET,379,21
16,GET,381,16
16,GET,383,20
16,GET,385,17
16,GET,387,17
16,GET,389,10
16,GET,391,16
16,GET,393,15
16,GET,395,20
16,GET,397,12
16,GET,399,10
16,GET,401,10
16,GET,403,14
16,GET,405,12
16,GET,407,7
16,GET,409,12
16,GET,411,7
16,GET,413,8
16,GET,415,11
16,GET,417,5
16,GET,419,5
16,GET,421,8
16,GET,423,8
16,GET,425,7
16,GET,427,8
16,GET,429,10
16,GET,431,10
16,GET,433,8
16,GET,435,5
16,GET,437,8
16,GET,439,10
16,GET,441,10
16,GET,443,7
16,GET,445,6
16,GET,447,5
16,GET,449,9
16,GET,451,6
16,GET,453,7
16,GET,455,4
16,GET,457,5
16,GET,459,2
16,GET,461,1
16,GET,465,2
16,GET,467,2
16,GET,469,1
16,GET,471,2
16,GET,473,6
16,GET,475,6
16,GET,477,3
16,GET,479,2
16,GET,481,6
16,GET,483,1
16,GET,485,2
16,GET,487,1
16,GET,489,2
16,GET,493,5
16,GET,495,3
16,GET,497,3
16,GET,499,4
16,GET,501,2
16,GET,503,2
16,GET,505,2
16,GET,507,2
16,GET,509,3
16,GET,511,1
16,GET,515,4
16,GET,519,2
16,GET,523,7
16,GET,527,4
16,GET,531,2
16,GET,535,4
16,GET,539,2
16,GET,543,2
16,GET,547,1
16,GET,551,6
16,GET,555,6
16,GET,559,5
16,GET,563,4
16,GET,567,1
16,GET,571,1
16,GET,575,3
16,GET,579,2
16,GET,583,4
16,GET,591,4
16,GET,595,8
16,GET,599,2
16,GET,603,2
16,GET,607,2
16,GET,611,8
16,GET,615,3
16,GET,619,5
16,GET,623,4
16,GET,627,2
16,GET,631,3
16,GET,635,1
16,GET,639,3
16,GET,643,5
16,GET,647,3
16,GET,651,1
16,GET,655,2
16,GET,659,3
16,GET,663,1
16,GET,667,2
16,GET,671,2
16,GET,675,2
16,GET,679,1
16,GET,683,2
16,GET,687,3
16,GET,691,2
16,GET,695,3
16,GET,699,2
16,GET,703,4
16,GET,707,2
16,GET,715,2
16,GET,719,3
16,GET,727,1
16,GET,731,1
16,GET,735,3
16,GET,739,2
16,GET,743,5
16,GET,747,3
16,GET,755,3
16,GET,763,1
16,GET,771,2
16,GET,775,1
16,GET,779,3
16,GET,783,2
16,GET,799,1
16,GET,803,1
16,GET,807,1
16,GET,811,3
16,GET,815,2
16,GET,819,2
16,GET,827,2
16,GET,839,1
16,GET,847,1
16,GET,879,1
16,GET,895,1
16,GET,915,1
16,GET,919,1
16,GET,923,1
16,GET,947,1
16,GET,955,1
16,GET,971,1
16,GET,979,1
16,GET,1015,1
16,GET,1063,1
16,GET,1095,1
16,GET,1151,1
16,GET,1159,2
16,GET,1167,1
16,GET,1191,1
16,GET,1207,1
16,GET,1223,1
16,GET,1231,1
16,GET,1239,2
16,GET,1247,2
16,GET,1263,1
16,GET,1287,1
16,GET,1311,2
16,GET,1319,1
16,GET,1343,1
16,GET,1375,1
16,GET,1383,1
16,GET,1391,1
16,GET,1407,3
16,GET,1423,1
16,GET,1431,1
16,GET,1439,1
16,GET,1455,1
16,GET,1463,1
16,GET,1479,1
16,GET,1487,1
16,GET,1495,1
16,GET,1503,1
16,GET,1527,1
16,GET,1535,1
16,GET,1543,3
16,GET,1551,1
16,GET,1559,2
16,GET,1567,1
16,GET,1583,5
16,GET,1591,1
16,GET,1607,1
16,GET,1615,1
16,GET,1647,1
16,GET,1655,2
16,GET,1663,1
16,GET,1671,2
16,GET,1679,2
16,GET,1687,1
16,GET,1695,1
16,GET,1703,3
16,GET,1711,3
16,GET,1727,1
16,GET,1751,1
16,GET,1759,1
16,GET,1767,1
16,GET,1775,2
16,GET,1791,1
16,GET,1799,1
16,GET,1807,1
16,GET,1823,1
16,GET,1831,1
16,GET,1839,1
16,GET,1847,2
16,GET,1855,3
16,GET,1863,1
16,GET,1879,1
16,GET,1903,2
16,GET,1919,1
16,GET,1927,1
16,GET,1935,2
16,GET,1943,2
16,GET,1967,1
16,GET,1975,2
16,GET,1983,1
16,GET,1991,1
16,GET,2007,1
16,GET,2023,2
16,GET,2031,1
16,GET,2039,1
16,GET,2047,2
16,GET,2063,3
16,GET,2079,6
16,GET,2095,1
16,GET,2111,4
16,GET,2127,6
16,GET,2143,4
16,GET,2159,4
16,GET,2175,4
16,GET,2191,3
16,GET,2207,7
16,GET,2223,2
16,GET,2239,4
16,GET,2255,1
16,GET,2271,4
16,GET,2287,4
16,GET,2303,2
16,GET,2319,6
16,GET,2335,3
16,GET,2351,5
16,GET,2367,3
16,GET,2383,6
16,GET,2399,1
16,GET,2415,5
16,GET,2431,3
16,GET,2447,1
16,GET,2479,3
16,GET,2495,4
16,GET,2559,2
16,GET,2575,1
16,GET,2607,3
16,GET,2639,2
16,GET,2783,1
16,GET,2943,1
16,GET,2959,1
16,GET,3071,2
16,GET,3247,1
16,GET,3919,1
16,GET,6719,1
17,SET,79,1
17,SET,80,3
17,SET,81,3
17,SET,82,4
17,SET,83,5
17,SET,84,7
17,SET,85,7
17,SET,86,9
17,SET,87,12
17,SET,88,20
17,SET,89,23
17,SET,90,36
17,SET,91,36
17,SET,92,45
17,SET,93,51
17,SET,94,68
17,SET,95,55
17,SET,96,78
17,SET,97,93
17,SET,98,104
17,SET,99,117
17,SET,100,120
17,SET,101,127
17,SET,102,165
17,SET,103,173
17,SET,104,200
17,SET,105,174
17,SET,106,191
17,SET,107,222
17,SET,108,202
17,SET,109,254
17,SET,110,227
17,SET,111,253
17,SET,112,262
17,SET,113,294
17,SET,114,284
17,SET,115,317
17,SET,116,315
17,SET,117,311
17,SET,118,327
17,SET,119,354
17,SET,120,386
17,SET,121,305
17,SET,122,357
17,SET,123,391
17,SET,124,385
17,SET,125,355
17,SET,126,367
17,SET,127,379
17,SET,128,370
17,SET,129,391
17,SET,130,375
17,SET,131,352
17,SET,132,378
17,SET,133,378
17,SET,134,355
17,SET,135,375
17,SET,136,367
17,SET,137,365
17,SET,138,370
17,SET,139,347
17,SET,140,375
17,SET,141,365
17,SET,142,377
17,SET,143,373
17,SET,144,381
17,SET,145,422
17,SET,146,364
17,SET,147,342
17,SET,148,344
17,SET,149,364
17,SET,150,340
17,SET,151,337
17,SET,152,293
17,SET,153,336
17,SET,154,292
17,SET,155,305
17,SET,156,302
17,SET,157,299
17,SET,158,285
17,SET,159,249
17,SET,160,262
17,SET,161,259
17,SET,162,276
17,SET,163,272
17,SET,164,273
17,SET,165,262
17,SET,166,231
17,SET,167,252
17,SET,168,211
17,SET,169,230
17,SET,170,213
17,SET,171,224
17,SET,172,208
17,SET,173,215
17,SET,174,215
17,SET,175,201
17,SET,176,192
17,SET,177,173
17,SET,178,178
17,SET,179,192
17,SET,180,176
17,SET,181,175
17,SET,182,179
17,SET,183,182
17,SET,184,149
17,SET,185,164
17,SET,186,142
17,SET,187,154
17,SET,188,136
17,SET,189,137
17,SET,190,118
17,SET,191,124
17,SET,192,130
17,SET,193,111
17,SET,194,109
17,SET,195,112
17,SET,196,123
17,SET,197,118
17,SET,198,113
17,SET,199,97
17,SET,200,107
17,SET,201,99
17,SET,202,108
17,SET,203,80
17,SET,204,100
17,SET,205,82
17,SET,206,77
17,SET,207,66
17,SET,208,87
17,SET,209,74
17,SET,210,79
17,SET,211,69
17,SET,212,76
17,SET,213,75
17,SET,214,71
17,SET,215,49
17,SET,216,79
17,SET,217,77
17,SET,218,57
17,SET,219,63
17,SET,220,63
17,SET,221,68
17,SET,222,61
17,SET,223,60
17,SET,224,66
17,SET,225,61
17,SET,226,58
17,SET,227,60
17,SET,228,51
17,SET,229,54
17,SET,230,52
17,SET,231,53
17,SET,232,60
17,SET,233,48
17,SET,234,45
17,SET,235,32
17,SET,236,41
17,SET,237,48
17,SET,238,42
17,SET,239,38
17,SET,240,42
17,SET,241,47
17,SET,242,31
17,SET,243,34
17,SET,244,39
17,SET,245,35
17,SET,246,31
17,SET,247,38
17,SET,248,24
17,SET,249,38
17,SET,250,32
17,SET,251,29
17,SET,252,35
17,SET,253,31
17,SET,254,33
17,SET,255,27
17,SET,257,60
17,SET,259,57
17,SET,261,55
17,SET,263,49
17,SET,265,54
17,SET,267,56
17,SET,269,54
17,SET,271,45
17,SET,273,45
17,SET,275,34
17,SET,277,35
17,SET,279,43
17,SET,281,32
17,SET,283,35
17,SET,285,36
17,SET,287,27
17,SET,289,36
17,SET,291,21
17,SET,293,35
17,SET,295,26
17,SET,297,26
17,SET,299,22
17,SET,301,18
17,SET,303,14
17,SET,305,26
17,SET,307,18
17,SET,309,14
17,SET,311,18
17,SET,313,12
17,SET,315,18
17,SET,317,12
17,SET,319,8
17,SET,321,10
17,SET,323,14
17,SET,325,9
17,SET,327,10
17,SET,329,15
17,SET,331,9
17,SET,333,7
17,SET,335,5
17,SET,337,9
17,SET,339,5
17,SET,341,4
17,SET,343,8
17,SET,345,5
17,SET,347,10
17,SET,349,4
17,SET,351,5
17,SET,353,4
17,SET,355,3
17,SET,357,2
17,SET,359,2
17,SET,361,3
17,SET,363,4
17,SET,365,1
17,SET,367,3
17,SET,369,2
17,SET,373,3
17,SET,375,3
17,SET,377,1
17,SET,379,1
17,SET,383,2
17,SET,387,1
17,SET,391,4
17,SET,395,1
17,SET,397,1
17,SET,399,2
17,SET,403,1
17,SET,405,1
17,SET,407,1
17,SET,409,2
17,SET,415,3
17,SET,417,1
17,SET,419,1
17,SET,427,1
17,SET,431,1
17,SET,433,1
17,SET,435,1
17,SET,437,2
17,SET,441,2
17,SET,443,1
17,SET,449,1
17,SET,453,1
17,SET,455,1
17,SET,457,1
17,SET,475,1
17,SET,495,1
17,SET,511,1
17,SET,515,1
17,SET,523,2
17,SET,539,2
17,SET,543,1
17,SET,551,1
17,SET,559,1
17,SET,583,2
17,SET,595,1
17,SET,615,1
17,SET,639,1
17,SET,687,1
17,SET,767,1
17,SET,959,1
17,SET,1095,1
17,SET,1319,1
17,SET,1463,1
17,SET,1679,1
17,SET,1695,1
17,SET,1743,1
17,SET,1751,1
17,SET,1943,1
17,SET,2015,1
17,SET,2063,1
17,SET,2079,1
17,SET,2111,1
17,SET,2127,2
17,SET,2159,1
17,SET,2191,1
17,SET,2223,1
17,SET,2271,1
17,SET,2447,1
17,DEL,76,2
17,DEL,77,4
17,DEL,78,3
17,DEL,79,10
17,DEL,80,21
17,DEL,81,35
17,DEL,82,47
17,DEL,83,50
17,DEL,84,83
17,DEL,85,99
17,DEL,86,122
17,DEL,87,149
17,DEL,88,195
17,DEL,89,259
17,DEL,90,267
17,DEL,91,304
17,DEL,92,321
17,DEL,93,462
17,DEL,94,472
17,DEL,95,536
17,DEL,96,539
17,DEL,97,681
17,DEL,98,740
17,DEL,99,839
17,DEL,100,891
17,DEL,101,937
17,DEL,102,980
17,DEL,103,1038
17,DEL,104,1099
17,DEL,105,1250
17,DEL,106,1207
17,DEL,107,1285
17,DEL,108,1245
17,DEL,109,1413
17,DEL,110,1441
17,DEL,111,1496
17,DEL,112,1534
17,DEL,113,1541
17,DEL,114,1679
17,DEL,115,1674
17,DEL,116,1770
17,DEL,117,1668
17,DEL,118,1741
17,DEL,119,1853
17,DEL,120,1822
17,DEL,121,1884
17,DEL,122,1930
17,DEL,123,1912
17,DEL,124,1916
17,DEL,125,1956
17,DEL,126,1981
17,DEL,127,1971
17,DEL,128,1878
17,DEL,129,1942
17,DEL,130,1862
17,DEL,131,1954
17,DEL,132,1862
17,DEL,133,1889
17,DEL,134,1951
17,DEL,135,1918
17,DEL,136,1910
17,DEL,137,1862
17,DEL,138,1918
17,DEL,139,1826
17,DEL,140,1889
17,DEL,141,1820
17,DEL,142,1796
17,DEL,143,1766
17,DEL,144,1734
17,DEL,145,1756
17,DEL,146,1724
17,DEL,147,1674
17,DEL,148,1730
17,DEL,149,1562
17,DEL,150,1672
17,DEL,151,1611
17,DEL,152,1547
17,DEL,153,1512
17,DEL,154,1478
17,DEL,155,1459
17,DEL,156,1473
17,DEL,157,1424
17,DEL,158,1391
17,DEL,159,1361
17,DEL,160,1314
17,DEL,161,1296
17,DEL,162,1199
17,DEL,163,1217
17,DEL,164,1191
17,DEL,165,1180
17,DEL,166,1118
17,DEL,167,1085
17,DEL,168,1064
17,DEL,169,1042
17,DEL,170,1022
17,DEL,171,991
17,DEL,172,1020
17,DEL,173,960
17,DEL,174,922
17,DEL,175,836
17,DEL,176,853
17,DEL,177,784
17,DEL,178,840
17,DEL,179,768
17,DEL,180,770
17,DEL,181,761
17,DEL,182,716
17,DEL,183,690
17,DEL,184,669
17,DEL,185,679
17,DEL,186,648
17,DEL,187,636
17,DEL,188,611
17,DEL,189,586
17,DEL,190,565
17,DEL,191,547
17,DEL,192,582
17,DEL,193,524
17,DEL,194,506
17,DEL,195,518
17,DEL,196,501
17,DEL,197,475
17,DEL,198,475
17,DEL,199,463
17,DEL,200,439
17,DEL,201,438
17,DEL,202,440
17,DEL,203,432
17,DEL,204,340
17,DEL,205,385
17,DEL,206,355
17,DEL,207,372
17,DEL,208,350
17,DEL,209,342
17,DEL,210,360
17,DEL,211,349
17,DEL,212,361
17,DEL,213,312
17,DEL,214,316
17,DEL,215,306
17,DEL,216,246
17,DEL,217,314
17,DEL,218,275
17,DEL,219,281
17,DEL,220,290
17,DEL,221,264
17,DEL,222,251
17,DEL,223,245
17,DEL,224,230
17,DEL,225,235
17,DEL,226,252
17,DEL,227,221
17,DEL,228,239
17,DEL,229,220
17,DEL,230,213
17,DEL,231,197
17,DEL,232,224
17,DEL,233,185
17,DEL,234,197
17,DEL,235,205
17,DEL,236,212
17,DEL,237,211
17,DEL,238,193
17,DEL,239,194
17,DEL,240,192
17,DEL,241,188
17,DEL,242,191
17,DEL,243,191
17,DEL,244,182
17,DEL,245,155
17,DEL,246,166
17,DEL,247,171
17,DEL,248,152
17,DEL,249,168
17,DEL,250,152
17,DEL,251,156
17,DEL,252,152
17,DEL,253,134
17,DEL,254,146
17,DEL,255,131
17,DEL,257,246
17,DEL,259,262
17,DEL,261,245
17,DEL,263,259
17,DEL,265,214
17,DEL,267,242
17,DEL,269,207
17,DEL,271,201
17,DEL,273,204
17,DEL,275,170
17,DEL,277,157
17,DEL,279,175
17,DEL,281,163
17,DEL,283,168
17,DEL,285,125
17,DEL,287,117
17,DEL,289,118
17,DEL,291,106
17,DEL,293,135
17,DEL,295,106
17,DEL,297,105
17,DEL,299,93
17,DEL,301,83
17,DEL,303,104
17,DEL,305,75
17,DEL,307,85
17,DEL,309,84
17,DEL,311,63
17,DEL,313,61
17,DEL,315,55
17,DEL,317,57
17,DEL,319,43
17,DEL,321,48
17,DEL,323,39
17,DEL,325,40
17,DEL,327,38
17,DEL,329,48
17,DEL,331,33
17,DEL,333,31
17,DEL,335,30
17,DEL,337,39
17,DEL,339,21
17,DEL,341,34
17,DEL,343,27
17,DEL,345,20
17,DEL,347,16
17,DEL,349,19
17,DEL,351,20
17,DEL,353,20
17,DEL,355,14
17,DEL,357,10
17,DEL,359,20
17,DEL,361,24
17,DEL,363,13
17,DEL,365,10
17,DEL,367,13
17,DEL,369,10
17,DEL,371,9
17,DEL,373,13
17,DEL,375,4
17,DEL,377,9
17,DEL,379,7
17,DEL,381,7
17,DEL,383,7
17,DEL,385,4
17,DEL,387,7
17,DEL,389,6
17,DEL,391,5
17,DEL,393,9
17,DEL,395,5
17,DEL,397,5
17,DEL,399,3
17,DEL,401,5
17,DEL,403,5
17,DEL,405,3
17,DEL,407,4
17,DEL,409,6
17,DEL,411,7
17,DEL,413,5
17,DEL,415,2
17,DEL,417,3
17,DEL,419,1
17,DEL,421,2
17,DEL,423,2
17,DEL,425,2
17,DEL,427,1
17,DEL,429,2
17,DEL,431,3
17,DEL,433,3
17,DEL,437,5
17,DEL,439,2
17,DEL,441,3
17,DEL,443,3
17,DEL,445,1
17,DEL,447,3
17,DEL,449,2
17,DEL,451,1
17,DEL,453,1
17,DEL,455,1
17,DEL,457,2
17,DEL,459,2
17,DEL,461,1
17,DEL,463,2
17,DEL,465,2
17,DEL,467,3
17,DEL,471,3
17,DEL,473,2
17,DEL,477,3
17,DEL,479,2
17,DEL,483,1
17,DEL,489,1
17,DEL,491,1
17,DEL,493,4
17,DEL,495,1
17,DEL,497,1
17,DEL,501,1
17,DEL,503,2
17,DEL,505,1
17,DEL,511,1
17,DEL,515,1
17,DEL,519,1
17,DEL,527,3
17,DEL,531,2
17,DEL,535,3
17,DEL,547,2
17,DEL,555,2
17,DEL,559,1
17,DEL,563,1
17,DEL,567,2
17,DEL,571,1
17,DEL,575,2
17,DEL,579,3
17,DEL,583,1
17,DEL,587,1
17,DEL,595,2
17,DEL,599,3
17,DEL,607,1
17,DEL,611,1
17,DEL,615,1
17,DEL,619,1
17,DEL,627,2
17,DEL,631,1
17,DEL,639,2
17,DEL,643,1
17,DEL,651,2
17,DEL,663,2
17,DEL,687,1
17,DEL,691,1
17,DEL,719,1
17,DEL,727,1
17,DEL,735,1
17,DEL,763,1
17,DEL,775,2
17,DEL,795,1
17,DEL,803,1
17,DEL,823,1
17,DEL,831,2
17,DEL,851,1
17,DEL,855,2
17,DEL,879,1
17,DEL,935,1
17,DEL,1127,1
17,DEL,1135,1
17,DEL,1143,1
17,DEL,1167,1
17,DEL,1199,1
17,DEL,1207,1
17,DEL,1215,1
17,DEL,1231,1
17,DEL,1367,1
17,DEL,1391,2
17,DEL,1399,1
17,DEL,1415,1
17,DEL,1431,1
17,DEL,1439,2
17,DEL,1471,1
17,DEL,1503,1
17,DEL,1559,1
17,DEL,1575,1
17,DEL,1615,1
17,DEL,1631,1
17,DEL,1647,4
17,DEL,1711,1
17,DEL,1719,1
17,DEL,1735,1
17,DEL,1743,1
17,DEL,1815,2
17,DEL,1879,1
17,DEL,1927,1
17,DEL,1935,1
17,DEL,1975,1
17,DEL,1983,1
17,DEL,2007,1
17,DEL,2023,2
17,DEL,2063,1
17,DEL,2111,2
17,DEL,2127,5
17,DEL,2175,1
17,DEL,2191,2
17,DEL,2223,4
17,DEL,2239,1
17,DEL,2255,1
17,DEL,2271,1
17,DEL,2287,2
17,DEL,2303,1
17,DEL,2367,1
17,DEL,2495,2
17,DEL,2527,1
17,DEL,2543,1
17,DEL,2687,1
17,DEL,2735,1
17,DEL,2783,1
17,DEL,2911,1
17,DEL,10047,1
17,GET,72,1
17,GET,74,1
17,GET,75,8
17,GET,76,9
17,GET,77,18
17,GET,78,24
17,GET,79,49
17,GET,80,74
17,GET,81,89
17,GET,82,129
17,GET,83,209
17,GET,84,259
17,GET,85,339
17,GET,86,400
17,GET,87,573
17,GET,88,594
17,GET,89,734
17,GET,90,905
17,GET,91,1026
17,GET,92,1085
17,GET,93,1217
17,GET,94,1401
17,GET,95,1642
17,GET,96,1744
17,GET,97,1926
17,GET,98,2151
17,GET,99,2361
17,GET,100,2521
17,GET,101,2757
17,GET,102,2859
17,GET,103,2951
17,GET,104,3227
17,GET,105,3441
17,GET,106,3642
17,GET,107,3706
17,GET,108,3783
17,GET,109,3891
17,GET,110,4028
17,GET,111,4172
17,GET,112,4320
17,GET,113,4371
17,GET,114,4576
17,GET,115,4681
17,GET,116,4687
17,GET,117,4759
17,GET,118,4923
17,GET,119,4966
17,GET,120,5199
17,GET,121,5366
17,GET,122,5328
17,GET,123,5127
17,GET,124,5356
17,GET,125,5372
17,GET,126,5431
17,GET,127,5332
17,GET,128,5382
17,GET,129,5390
17,GET,130,5475
17,GET,131,5440
17,GET,132,5292
17,GET,133,5430
17,GET,134,5343
17,GET,135,5141
17,GET,136,5218
17,GET,137,5201
17,GET,138,4932
17,GET,139,5111
17,GET,140,5120
17,GET,141,5131
17,GET,142,4920
17,GET,143,5047
17,GET,144,4874
17,GET,145,4847
17,GET,146,4722
17,GET,147,4635
17,GET,148,4668
17,GET,149,4618
17,GET,150,4485
17,GET,151,4443
17,GET,152,4277
17,GET,153,4222
17,GET,154,4117
17,GET,155,3945
17,GET,156,3951
17,GET,157,3918
17,GET,158,3873
17,GET,159,3699
17,GET,160,3612
17,GET,161,3511
17,GET,162,3361
17,GET,163,3372
17,GET,164,3243
17,GET,165,3300
17,GET,166,3075
17,GET,167,3056
17,GET,168,2984
17,GET,169,2870
17,GET,170,2780
17,GET,171,2667
17,GET,172,2606
17,GET,173,2537
17,GET,174,2492
17,GET,175,2490
17,GET,176,2304
17,GET,177,2382
17,GET,178,2136
17,GET,179,2114
17,GET,180,2133
17,GET,181,2084
17,GET,182,2065
17,GET,183,1894
17,GET,184,1815
17,GET,185,1801
17,GET,186,1795
17,GET,187,1757
17,GET,188,1738
17,GET,189,1611
17,GET,190,1485
17,GET,191,1592
17,GET,192,1523
17,GET,193,1498
17,GET,194,1429
17,GET,195,1398
17,GET,196,1307
17,GET,197,1288
17,GET,198,1283
17,GET,199,1213
17,GET,200,1258
17,GET,201,1197
17,GET,202,1154
17,GET,203,1065
17,GET,204,1112
17,GET,205,1037
17,GET,206,1008
17,GET,207,1010
17,GET,208,1056
17,GET,209,989
17,GET,210,971
17,GET,211,962
17,GET,212,937
17,GET,213,873
17,GET,214,875
17,GET,215,828
17,GET,216,823
17,GET,217,786
17,GET,218,780
17,GET,219,788
17,GET,220,760
17,GET,221,760
17,GET,222,774
17,GET,223,661
17,GET,224,663
17,GET,225,698
17,GET,226,681
17,GET,227,642
17,GET,228,617
17,GET,229,643
17,GET,230,640
17,GET,231,651
17,GET,232,584
17,GET,233,606
17,GET,234,584
17,GET,235,534
17,GET,236,539
17,GET,237,571
17,GET,238,530
17,GET,239,525
17,GET,240,496
17,GET,241,475
17,GET,242,505
17,GET,243,511
17,GET,244,443
17,GET,245,481
17,GET,246,400
17,GET,247,478
17,GET,248,457
17,GET,249,394
17,GET,250,422
17,GET,251,408
17,GET,252,448
17,GET,253,403
17,GET,254,391
17,GET,255,428
17,GET,257,692
17,GET,259,728
17,GET,261,685
17,GET,263,669
17,GET,265,651
17,GET,267,555
17,GET,269,587
17,GET,271,557
17,GET,273,531
17,GET,275,502
17,GET,277,488
17,GET,279,435
17,GET,281,438
17,GET,283,421
17,GET,285,411
17,GET,287,377
17,GET,289,351
17,GET,291,373
17,GET,293,290
17,GET,295,301
17,GET,297,275
17,GET,299,278
17,GET,301,266
17,GET,303,234
17,GET,305,237
17,GET,307,210
17,GET,309,184
17,GET,311,165
17,GET,313,170
17,GET,315,168
17,GET,317,141
17,GET,319,130
17,GET,321,124
17,GET,323,138
17,GET,325,102
17,GET,327,124
17,GET,329,110
17,GET,331,113
17,GET,333,92
17,GET,335,80
17,GET,337,76
17,GET,339,76
17,GET,341,63
17,GET,343,64
17,GET,345,57
17,GET,347,46
17,GET,349,47
17,GET,351,61
17,GET,353,40
17,GET,355,50
17,GET,357,50
17,GET,359,39
17,GET,361,35
17,GET,363,34
17,GET,365,31
17,GET,367,38
17,GET,369,41
17,GET,371,32
17,GET,373,29
17,GET,375,25
17,GET,377,23
17,GET,379,16
17,GET,381,26
17,GET,383,23
17,GET,385,18
17,GET,387,23
17,GET,389,26
17,GET,391,16
17,GET,393,19
17,GET,395,12
17,GET,397,21
17,GET,399,14
17,GET,401,16
17,GET,403,15
17,GET,405,11
17,GET,407,14
17,GET,409,13
17,GET,411,3
17,GET,413,9
17,GET,415,12
17,GET,417,14
17,GET,419,10
17,GET,421,6
17,GET,423,9
17,GET,425,12
17,GET,427,7
17,GET,429,5
17,GET,431,8
17,GET,433,6
17,GET,435,3
17,GET,437,11
17,GET,439,8
17,GET,441,10
17,GET,443,6
17,GET,445,6
17,GET,447,5
17,GET,449,3
17,GET,451,1
17,GET,453,3
17,GET,455,8
17,GET,457,11
17,GET,459,4
17,GET,461,2
17,GET,463,4
17,GET,465,6
17,GET,467,5
17,GET,469,4
17,GET,471,2
17,GET,473,8
17,GET,475,5
17,GET,477,2
17,GET,479,2
17,GET,481,3
17,GET,483,5
17,GET,485,6
17,GET,487,1
17,GET,489,3
17,GET,491,1
17,GET,493,5
17,GET,495,2
17,GET,497,2
17,GET,499,1
17,GET,501,4
17,GET,503,2
17,GET,507,2
17,GET,509,2
17,GET,511,3
17,GET,515,9
17,GET,519,4
17,GET,523,4
17,GET,527,6
17,GET,531,5
17,GET,535,5
17,GET,539,1
17,GET,543,3
17,GET,547,4
17,GET,551,2
17,GET,555,4
17,GET,559,8
17,GET,563,2
17,GET,567,1
17,GET,571,9
17,GET,575,7
17,GET,579,4
17,GET,583,5
17,GET,587,7
17,GET,591,4
17,GET,595,7
17,GET,599,4
17,GET,603,2
17,GET,607,1
17,GET,611,5
17,GET,615,2
17,GET,619,5
17,GET,623,5
17,GET,627,1
17,GET,631,2
17,GET,635,2
17,GET,639,2
17,GET,643,1
17,GET,647,2
17,GET,651,3
17,GET,655,1
17,GET,659,2
17,GET,663,1
17,GET,671,2
17,GET,675,1
17,GET,683,1
17,GET,687,1
17,GET,691,1
17,GET,695,8
17,GET,699,3
17,GET,703,2
17,GET,711,2
17,GET,715,2
17,GET,719,2
17,GET,723,2
17,GET,727,3
17,GET,731,2
17,GET,735,2
17,GET,743,2
17,GET,751,3
17,GET,755,3
17,GET,759,3
17,GET,763,2
17,GET,767,2
17,GET,771,1
17,GET,779,3
17,GET,783,1
17,GET,787,3
17,GET,795,1
17,GET,799,1
17,GET,803,1
17,GET,811,1
17,GET,827,1
17,GET,847,1
17,GET,859,1
17,GET,863,1
17,GET,871,1
17,GET,875,1
17,GET,887,1
17,GET,891,2
17,GET,923,2
17,GET,939,1
17,GET,943,1
17,GET,947,1
17,GET,955,2
17,GET,987,1
17,GET,1039,1
17,GET,1071,1
17,GET,1087,1
17,GET,1111,1
17,GET,1119,1
17,GET,1135,1
17,GET,1143,3
17,GET,1151,1
17,GET,1175,1
17,GET,1199,1
17,GET,1207,1
17,GET,1215,2
17,GET,1223,1
17,GET,1231,1
17,GET,1239,1
17,GET,1247,1
17,GET,1255,1
17,GET,1263,1
17,GET,1271,2
17,GET,1287,1
17,GET,1295,1
17,GET,1319,1
17,GET,1327,1
17,GET,1343,3
17,GET,1359,1
17,GET,1375,1
17,GET,1383,2
17,GET,1391,1
17,GET,1399,1
17,GET,1423,1
17,GET,1431,4
17,GET,1447,2
17,GET,1471,1
17,GET,1479,2
17,GET,1487,1
17,GET,1495,1
17,GET,1511,2
17,GET,1527,1
17,GET,1543,1
17,GET,1559,2
17,GET,1575,1
17,GET,1591,1
17,GET,1599,1
17,GET,1607,2
17,GET,1615,1
17,GET,1623,1
17,GET,1631,1
17,GET,1655,1
17,GET,1663,1
17,GET,1671,1
17,GET,1695,2
17,GET,1703,1
17,GET,1711,1
17,GET,1727,1
17,GET,1735,1
17,GET,1743,1
17,GET,1751,2
17,GET,1759,3
17,GET,1767,1
17,GET,1775,1
17,GET,1783,1
17,GET,1791,2
17,GET,1799,1
17,GET,1807,1
17,GET,1815,2
17,GET,1847,2
17,GET,1887,1
17,GET,1895,2
17,GET,1911,1
17,GET,1919,1
17,GET,1927,1
17,GET,1935,1
17,GET,1943,2
17,GET,1951,2
17,GET,1959,2
17,GET,1983,1
17,GET,1999,2
17,GET,2015,2
17,GET,2023,2
17,GET,2031,2
17,GET,2039,2
17,GET,2047,3
17,GET,2063,2
17,GET,2079,5
17,GET,2095,5
17,GET,2111,2
17,GET,2127,5
17,GET,2143,10
17,GET,2159,5
17,GET,2175,5
17,GET,2191,2
17,GET,2207,3
17,GET,2223,3
17,GET,2239,1
17,GET,2255,4
17,GET,2271,2
17,GET,2287,5
17,GET,2303,3
17,GET,2319,6
17,GET,2335,1
17,GET,2351,8
17,GET,2367,4
17,GET,2383,5
17,GET,2399,2
17,GET,2415,2
17,GET,2431,4
17,GET,2447,5
17,GET,2479,2
17,GET,2495,2
17,GET,2511,1
17,GET,2527,1
17,GET,2543,1
17,GET,2575,1
17,GET,2591,1
17,GET,2735,1
17,GET,2895,1
17,GET,3103,1
17,GET,3695,1
17,GET,3711,1
17,GET,7295,1
18,GET,73,4
18,GET,74,8
18,GET,75,17
18,GET,76,36
18,GET,77,67
18,GET,78,100
18,GET,79,147
18,GET,80,210
18,GET,81,308
18,GET,82,401
18,GET,83,531
18,GET,84,666
18,GET,85,805
18,GET,86,960
18,GET,87,1112
18,GET,88,1277
18,GET,89,1447
18,GET,90,1615
18,GET,91,1838
18,GET,92,1982
18,GET,93,2150
18,GET,94,2414
18,GET,95,2592
18,GET,96,2784
18,GET,97,3060
18,GET,98,3268
18,GET,99,3558
18,GET,100,3766
18,GET,101,4021
18,GET,102,4053
18,GET,103,4283
18,GET,104,4479
18,GET,105,4493
18,GET,106,4684
18,GET,107,4735
18,GET,108,4847
18,GET,109,4973
18,GET,110,4986
18,GET,111,5171
18,GET,112,5282
18,GET,113,5210
18,GET,114,5182
18,GET,115,5397
18,GET,116,5367
18,GET,117,5524
18,GET,118,5553
18,GET,119,5511
18,GET,120,5460
18,GET,121,5622
18,GET,122,5583
18,GET,123,5501
18,GET,124,5597
18,GET,125,5512
18,GET,126,5453
18,GET,127,5360
18,GET,128,5491
18,GET,129,5363
18,GET,130,5189
18,GET,131,5218
18,GET,132,5161
18,GET,133,5136
18,GET,134,5175
18,GET,135,5171
18,GET,136,4961
18,GET,137,4814
18,GET,138,4896
18,GET,139,4750
18,GET,140,4713
18,GET,141,4782
18,GET,142,4640
18,GET,143,4482
18,GET,144,4475
18,GET,145,4297
18,GET,146,4267
18,GET,147,4176
18,GET,148,4091
18,GET,149,4157
18,GET,150,4037
18,GET,151,3829
18,GET,152,3785
18,GET,153,3665
18,GET,154,3532
18,GET,155,3487
18,GET,156,3402
18,GET,157,3283
18,GET,158,3266
18,GET,159,3272
18,GET,160,2973
18,GET,161,3020
18,GET,162,2910
18,GET,163,2785
18,GET,164,2715
18,GET,165,2718
18,GET,166,2569
18,GET,167,2522
18,GET,168,2458
18,GET,169,2406
18,GET,170,2341
18,GET,171,2298
18,GET,172,2089
18,GET,173,2095
18,GET,174,2017
18,GET,175,1999
18,GET,176,1959
18,GET,177,1951
18,GET,178,1856
18,GET,179,1874
18,GET,180,1789
18,GET,181,1728
18,GET,182,1708
18,GET,183,1594
18,GET,184,1539
18,GET,185,1532
18,GET,186,1467
18,GET,187,1385
18,GET,188,1386
18,GET,189,1311
18,GET,190,1307
18,GET,191,1264
18,GET,192,1262
18,GET,193,1285
18,GET,194,1188
18,GET,195,1172
18,GET,196,1149
18,GET,197,1071
18,GET,198,1099
18,GET,199,1025
18,GET,200,1056
18,GET,201,1041
18,GET,202,984
18,GET,203,957
18,GET,204,934
18,GET,205,876
18,GET,206,889
18,GET,207,864
18,GET,208,807
18,GET,209,779
18,GET,210,832
18,GET,211,814
18,GET,212,798
18,GET,213,731
18,GET,214,807
18,GET,215,725
18,GET,216,729
18,GET,217,689
18,GET,218,647
18,GET,219,644
18,GET,220,642
18,GET,221,609
18,GET,222,627
18,GET,223,619
18,GET,224,585
18,GET,225,542
18,GET,226,586
18,GET,227,582
18,GET,228,543
18,GET,229,537
18,GET,230,563
18,GET,231,541
18,GET,232,529
18,GET,233,492
18,GET,234,477
18,GET,235,491
18,GET,236,477
18,GET,237,474
18,GET,238,450
18,GET,239,450
18,GET,240,422
18,GET,241,431
18,GET,242,469
18,GET,243,420
18,GET,244,417
18,GET,245,402
18,GET,246,370
18,GET,247,400
18,GET,248,397
18,GET,249,365
18,GET,250,393
18,GET,251,395
18,GET,252,364
18,GET,253,363
18,GET,254,335
18,GET,255,347
18,GET,257,679
18,GET,259,657
18,GET,261,606
18,GET,263,566
18,GET,265,620
18,GET,267,536
18,GET,269,522
18,GET,271,493
18,GET,273,489
18,GET,275,429
18,GET,277,406
18,GET,279,389
18,GET,281,367
18,GET,283,390
18,GET,285,317
18,GET,287,328
18,GET,289,285
18,GET,291,313
18,GET,293,268
18,GET,295,259
18,GET,297,243
18,GET,299,258
18,GET,301,229
18,GET,303,215
18,GET,305,185
18,GET,307,182
18,GET,309,165
18,GET,311,155
18,GET,313,154
18,GET,315,158
18,GET,317,127
18,GET,319,120
18,GET,321,121
18,GET,323,126
18,GET,325,118
18,GET,327,89
18,GET,329,108
18,GET,331,99
18,GET,333,80
18,GET,335,80
18,GET,337,75
18,GET,339,70
18,GET,341,63
18,GET,343,79
18,GET,345,70
18,GET,347,58
18,GET,349,50
18,GET,351,48
18,GET,353,46
18,GET,355,40
18,GET,357,39
18,GET,359,43
18,GET,361,44
18,GET,363,36
18,GET,365,27
18,GET,367,33
18,GET,369,27
18,GET,371,31
18,GET,373,36
18,GET,375,25
18,GET,377,16
18,GET,379,21
18,GET,381,26
18,GET,383,14
18,GET,385,21
18,GET,387,15
18,GET,389,18
18,GET,391,14
18,GET,393,10
18,GET,395,14
18,GET,397,14
18,GET,399,12
18,GET,401,14
18,GET,403,6
18,GET,405,8
18,GET,407,14
18,GET,409,10
18,GET,411,8
18,GET,413,6
18,GET,415,12
18,GET,417,6
18,GET,419,8
18,GET,421,9
18,GET,423,8
18,GET,425,8
18,GET,427,5
18,GET,429,9
18,GET,431,8
18,GET,433,4
18,GET,435,7
18,GET,437,13
18,GET,439,4
18,GET,441,7
18,GET,443,6
18,GET,445,3
18,GET,447,7
18,GET,449,5
18,GET,451,4
18,GET,453,3
18,GET,455,1
18,GET,457,3
18,GET,459,5
18,GET,461,7
18,GET,463,1
18,GET,465,2
18,GET,467,7
18,GET,469,6
18,GET,471,8
18,GET,473,2
18,GET,475,5
18,GET,477,2
18,GET,479,5
18,GET,481,5
18,GET,483,1
18,GET,485,1
18,GET,487,2
18,GET,489,2
18,GET,491,1
18,GET,493,4
18,GET,497,1
18,GET,499,1
18,GET,501,3
18,GET,503,2
18,GET,505,2
18,GET,509,1
18,GET,511,1
18,GET,515,7
18,GET,519,6
18,GET,523,4
18,GET,527,10
18,GET,531,1
18,GET,535,4
18,GET,539,3
18,GET,543,1
18,GET,547,2
18,GET,551,4
18,GET,555,5
18,GET,559,4
18,GET,563,7
18,GET,567,4
18,GET,571,5
18,GET,575,2
18,GET,579,2
18,GET,583,3
18,GET,587,1
18,GET,591,1
18,GET,595,4
18,GET,603,6
18,GET,607,2
18,GET,611,5
18,GET,615,9
18,GET,619,3
18,GET,623,4
18,GET,627,1
18,GET,631,5
18,GET,635,2
18,GET,639,3
18,GET,643,5
18,GET,647,3
18,GET,651,2
18,GET,655,2
18,GET,659,4
18,GET,667,5
18,GET,671,2
18,GET,675,1
18,GET,687,1
18,GET,691,2
18,GET,695,2
18,GET,699,2
18,GET,703,4
18,GET,707,1
18,GET,711,2
18,GET,715,1
18,GET,719,1
18,GET,723,1
18,GET,731,2
18,GET,735,1
18,GET,739,3
18,GET,747,1
18,GET,751,2
18,GET,755,1
18,GET,759,1
18,GET,767,3
18,GET,771,1
18,GET,775,3
18,GET,779,1
18,GET,783,1
18,GET,803,1
18,GET,807,1
18,GET,811,1
18,GET,815,3
18,GET,823,1
18,GET,847,2
18,GET,855,2
18,GET,859,1
18,GET,875,1
18,GET,955,1
18,GET,963,1
18,GET,967,1
18,GET,991,1
18,GET,999,1
18,GET,1007,1
18,GET,1023,2
18,GET,1047,1
18,GET,1055,1
18,GET,1063,1
18,GET,1191,1
18,GET,1215,2
18,GET,1223,2
18,GET,1239,1
18,GET,1255,1
18,GET,1263,2
18,GET,1271,1
18,GET,1287,1
18,GET,1295,1
18,GET,1303,1
18,GET,1311,2
18,GET,1351,1
18,GET,1359,1
18,GET,1391,1
18,GET,1399,1
18,GET,1407,1
18,GET,1415,2
18,GET,1423,1
18,GET,1447,2
18,GET,1455,1
18,GET,1471,3
18,GET,1479,3
18,GET,1487,1
18,GET,1495,2
18,GET,1503,1
18,GET,1519,1
18,GET,1567,1
18,GET,1575,2
18,GET,1583,1
18,GET,1607,1
18,GET,1623,2
18,GET,1631,2
18,GET,1639,1
18,GET,1647,2
18,GET,1655,1
18,GET,1679,1
18,GET,1687,2
18,GET,1695,2
18,GET,1703,1
18,GET,1727,3
18,GET,1735,1
18,GET,1743,2
18,GET,1767,2
18,GET,1783,2
18,GET,1815,3
18,GET,1855,1
18,GET,1863,2
18,GET,1879,3
18,GET,1887,1
18,GET,1895,2
18,GET,1903,1
18,GET,1919,1
18,GET,1927,1
18,GET,1943,1
18,GET,1959,3
18,GET,1967,1
18,GET,1975,1
18,GET,1983,1
18,GET,1991,2
18,GET,1999,1
18,GET,2007,3
18,GET,2015,1
18,GET,2031,1
18,GET,2039,1
18,GET,2047,2
18,GET,2063,1
18,GET,2079,4
18,GET,2095,1
18,GET,2111,3
18,GET,2127,1
18,GET,2143,6
18,GET,2159,6
18,GET,2175,4
18,GET,2191,6
18,GET,2207,3
18,GET,2223,8
18,GET,2239,6
18,GET,2255,4
18,GET,2271,2
18,GET,2287,3
18,GET,2303,3
18,GET,2319,4
18,GET,2335,2
18,GET,2351,4
18,GET,2367,7
18,GET,2383,2
18,GET,2399,4
18,GET,2415,2
18,GET,2431,3
18,GET,2447,2
18,GET,2463,2
18,GET,2479,1
18,GET,2495,1
18,GET,2527,1
18,GET,2575,1
18,GET,2591,1
18,GET,2607,1
18,GET,2623,1
18,GET,2639,1
18,GET,2655,1
18,GET,2719,1
18,GET,2767,1
18,GET,2799,1
18,GET,2959,1
18,GET,3087,2
18,GET,3503,1
18,GET,4031,1
18,GET,4863,1
18,GET,7103,1
18,GET,7775,1
18,SET,78,3
18,SET,79,1
18,SET,80,5
18,SET,81,4
18,SET,82,10
18,SET,83,16
18,SET,84,18
18,SET,85,22
18,SET,86,38
18,SET,87,38
18,SET,88,43
18,SET,89,47
18,SET,90,65
18,SET,91,78
18,SET,92,72
18,SET,93,106
18,SET,94,115
18,SET,95,114
18,SET,96,146
18,SET,97,160
18,SET,98,164
18,SET,99,212
18,SET,100,196
18,SET,101,228
18,SET,102,236
18,SET,103,276
18,SET,104,270
18,SET,105,245
18,SET,106,312
18,SET,107,318
18,SET,108,303
18,SET,109,327
18,SET,110,327
18,SET,111,316
18,SET,112,332
18,SET,113,329
18,SET,114,349
18,SET,115,349
18,SET,116,335
18,SET,117,374
18,SET,118,339
18,SET,119,388
18,SET,120,363
18,SET,121,346
18,SET,122,420
18,SET,123,379
18,SET,124,404
18,SET,125,378
18,SET,126,388
18,SET,127,370
18,SET,128,388
18,SET,129,411
18,SET,130,369
18,SET,131,347
18,SET,132,346
18,SET,133,331
18,SET,134,369
18,SET,135,348
18,SET,136,355
18,SET,137,397
18,SET,138,357
18,SET,139,371
18,SET,140,332
18,SET,141,335
18,SET,142,337
18,SET,143,339
18,SET,144,336
18,SET,145,329
18,SET,146,320
18,SET,147,307
18,SET,148,340
18,SET,149,305
18,SET,150,277
18,SET,151,320
18,SET,152,275
18,SET,153,283
18,SET,154,281
18,SET,155,296
18,SET,156,278
18,SET,157,266
18,SET,158,246
18,SET,159,244
18,SET,160,240
18,SET,161,228
18,SET,162,252
18,SET,163,232
18,SET,164,229
18,SET,165,220
18,SET,166,184
18,SET,167,223
18,SET,168,199
18,SET,169,190
18,SET,170,208
18,SET,171,185
18,SET,172,167
18,SET,173,171
18,SET,174,159
18,SET,175,163
18,SET,176,160
18,SET,177,182
18,SET,178,160
18,SET,179,130
18,SET,180,154
18,SET,181,122
18,SET,182,119
18,SET,183,128
18,SET,184,137
18,SET,185,119
18,SET,186,131
18,SET,187,110
18,SET,188,94
18,SET,189,114
18,SET,190,113
18,SET,191,104
18,SET,192,107
18,SET,193,102
18,SET,194,110
18,SET,195,77
18,SET,196,78
18,SET,197,87
18,SET,198,85
18,SET,199,104
18,SET,200,97
18,SET,201,75
18,SET,202,73
18,SET,203,104
18,SET,204,80
18,SET,205,91
18,SET,206,80
18,SET,207,67
18,SET,208,72
18,SET,209,69
18,SET,210,61
18,SET,211,52
18,SET,212,78
18,SET,213,57
18,SET,214,84
18,SET,215,63
18,SET,216,71
18,SET,217,74
18,SET,218,47
18,SET,219,50
18,SET,220,49
18,SET,221,52
18,SET,222,47
18,SET,223,52
18,SET,224,43
18,SET,225,60
18,SET,226,47
18,SET,227,40
18,SET,228,42
18,SET,229,38
18,SET,230,39
18,SET,231,48
18,SET,232,34
18,SET,233,48
18,SET,234,31
18,SET,235,49
18,SET,236,32
18,SET,237,36
18,SET,238,42
18,SET,239,24
18,SET,240,33
18,SET,241,33
18,SET,242,27
18,SET,243,27
18,SET,244,34
18,SET,245,22
18,SET,246,29
18,SET,247,28
18,SET,248,18
18,SET,249,40
18,SET,250,28
18,SET,251,32
18,SET,252,33
18,SET,253,20
18,SET,254,40
18,SET,255,29
18,SET,257,54
18,SET,259,57
18,SET,261,45
18,SET,263,50
18,SET,265,55
18,SET,267,45
18,SET,269,52
18,SET,271,41
18,SET,273,40
18,SET,275,30
18,SET,277,30
18,SET,279,34
18,SET,281,28
18,SET,283,27
18,SET,285,42
18,SET,287,28
18,SET,289,18
18,SET,291,26
18,SET,293,18
18,SET,295,17
18,SET,297,21
18,SET,299,20
18,SET,301,16
18,SET,303,18
18,SET,305,21
18,SET,307,13
18,SET,309,23
18,SET,311,18
18,SET,313,15
18,SET,315,15
18,SET,317,12
18,SET,319,14
18,SET,321,11
18,SET,323,8
18,SET,325,10
18,SET,327,10
18,SET,329,5
18,SET,331,10
18,SET,333,7
18,SET,335,6
18,SET,337,4
18,SET,339,4
18,SET,341,2
18,SET,343,3
18,SET,345,8
18,SET,347,1
18,SET,349,7
18,SET,351,5
18,SET,353,4
18,SET,355,4
18,SET,357,3
18,SET,359,3
18,SET,361,2
18,SET,363,1
18,SET,365,3
18,SET,367,5
18,SET,369,3
18,SET,371,4
18,SET,373,4
18,SET,375,1
18,SET,377,4
18,SET,381,2
18,SET,385,3
18,SET,387,1
18,SET,389,2
18,SET,391,1
18,SET,393,1
18,SET,395,2
18,SET,397,1
18,SET,399,2
18,SET,401,1
18,SET,403,1
18,SET,409,1
18,SET,411,2
18,SET,413,1
18,SET,415,2
18,SET,417,2
18,SET,419,2
18,SET,423,1
18,SET,425,1
18,SET,429,2
18,SET,431,1
18,SET,433,1
18,SET,439,1
18,SET,447,1
18,SET,455,2
18,SET,459,1
18,SET,469,1
18,SET,471,1
18,SET,479,1
18,SET,503,1
18,SET,505,1
18,SET,515,1
18,SET,523,1
18,SET,579,1
18,SET,583,2
18,SET,591,1
18,SET,603,2
18,SET,607,1
18,SET,619,1
18,SET,671,1
18,SET,695,1
18,SET,703,1
18,SET,723,2
18,SET,763,1
18,SET,783,2
18,SET,787,1
18,SET,795,1
18,SET,803,1
18,SET,935,1
18,SET,1063,1
18,SET,1215,1
18,SET,1447,1
18,SET,1511,1
18,SET,1711,1
18,SET,1759,1
18,SET,1943,1
18,SET,1959,1
18,SET,2031,1
18,SET,2095,1
18,SET,2127,1
18,SET,2175,1
18,SET,2191,1
18,SET,2223,1
18,SET,2271,1
18,SET,2319,1
18,SET,2335,1
18,SET,2463,1
18,SET,2623,1
18,DEL,74,3
18,DEL,75,2
18,DEL,76,9
18,DEL,77,22
18,DEL,78,30
18,DEL,79,49
18,DEL,80,63
18,DEL,81,106
18,DEL,82,151
18,DEL,83,160
18,DEL,84,228
18,DEL,85,268
18,DEL,86,308
18,DEL,87,363
18,DEL,88,430
18,DEL,89,497
18,DEL,90,548
18,DEL,91,616
18,DEL,92,701
18,DEL,93,744
18,DEL,94,784
18,DEL,95,921
18,DEL,96,974
18,DEL,97,1063
18,DEL,98,1114
18,DEL,99,1150
18,DEL,100,1298
18,DEL,101,1335
18,DEL,102,1399
18,DEL,103,1477
18,DEL,104,1494
18,DEL,105,1557
18,DEL,106,1608
18,DEL,107,1674
18,DEL,108,1749
18,DEL,109,1726
18,DEL,110,1772
18,DEL,111,1862
18,DEL,112,1828
18,DEL,113,1862
18,DEL,114,1829
18,DEL,115,1952
18,DEL,116,1900
18,DEL,117,1961
18,DEL,118,1910
18,DEL,119,1966
18,DEL,120,2065
18,DEL,121,1926
18,DEL,122,1952
18,DEL,123,1961
18,DEL,124,1972
18,DEL,125,1948
18,DEL,126,1911
18,DEL,127,1904
18,DEL,128,1802
18,DEL,129,1935
18,DEL,130,1956
18,DEL,131,1805
18,DEL,132,1880
18,DEL,133,1811
18,DEL,134,1876
18,DEL,135,1775
18,DEL,136,1815
18,DEL,137,1771
18,DEL,138,1754
18,DEL,139,1697
18,DEL,140,1646
18,DEL,141,1719
18,DEL,142,1643
18,DEL,143,1662
18,DEL,144,1553
18,DEL,145,1546
18,DEL,146,1512
18,DEL,147,1519
18,DEL,148,1510
18,DEL,149,1422
18,DEL,150,1439
18,DEL,151,1385
18,DEL,152,1382
18,DEL,153,1324
18,DEL,154,1238
18,DEL,155,1210
18,DEL,156,1180
18,DEL,157,1213
18,DEL,158,1137
18,DEL,159,1187
18,DEL,160,1142
18,DEL,161,1034
18,DEL,162,1043
18,DEL,163,997
18,DEL,164,995
18,DEL,165,969
18,DEL,166,983
18,DEL,167,935
18,DEL,168,877
18,DEL,169,840
18,DEL,170,859
18,DEL,171,892
18,DEL,172,818
18,DEL,173,778
18,DEL,174,740
18,DEL,175,775
18,DEL,176,721
18,DEL,177,700
18,DEL,178,722
18,DEL,179,602
18,DEL,180,668
18,DEL,181,594
18,DEL,182,552
18,DEL,183,579
18,DEL,184,545
18,DEL,185,526
18,DEL,186,537
18,DEL,187,511
18,DEL,188,498
18,DEL,189,513
18,DEL,190,484
18,DEL,191,468
18,DEL,192,463
18,DEL,193,434
18,DEL,194,428
18,DEL,195,459
18,DEL,196,423
18,DEL,197,379
18,DEL,198,387
18,DEL,199,366
18,DEL,200,390
18,DEL,201,400
18,DEL,202,344
18,DEL,203,331
18,DEL,204,357
18,DEL,205,318
18,DEL,206,319
18,DEL,207,322
18,DEL,208,320
18,DEL,209,298
18,DEL,210,274
18,DEL,211,297
18,DEL,212,268
18,DEL,213,263
18,DEL,214,281
18,DEL,215,269
18,DEL,216,265
18,DEL,217,258
18,DEL,218,263
18,DEL,219,253
18,DEL,220,209
18,DEL,221,241
18,DEL,222,197
18,DEL,223,221
18,DEL,224,198
18,DEL,225,220
18,DEL,226,213
18,DEL,227,218
18,DEL,228,171
18,DEL,229,206
18,DEL,230,208
18,DEL,231,185
18,DEL,232,186
18,DEL,233,192
18,DEL,234,178
18,DEL,235,177
18,DEL,236,158
18,DEL,237,150
18,DEL,238,158
18,DEL,239,182
18,DEL,240,124
18,DEL,241,159
18,DEL,242,188
18,DEL,243,156
18,DEL,244,136
18,DEL,245,138
18,DEL,246,133
18,DEL,247,151
18,DEL,248,142
18,DEL,249,129
18,DEL,250,129
18,DEL,251,116
18,DEL,252,129
18,DEL,253,115
18,DEL,254,139
18,DEL,255,134
18,DEL,257,236
18,DEL,259,208
18,DEL,261,200
18,DEL,263,212
18,DEL,265,192
18,DEL,267,176
18,DEL,269,166
18,DEL,271,177
18,DEL,273,148
18,DEL,275,152
18,DEL,277,140
18,DEL,279,135
18,DEL,281,129
18,DEL,283,162
18,DEL,285,100
18,DEL,287,119
18,DEL,289,115
18,DEL,291,116
18,DEL,293,109
18,DEL,295,91
18,DEL,297,88
18,DEL,299,77
18,DEL,301,77
18,DEL,303,71
18,DEL,305,81
18,DEL,307,71
18,DEL,309,74
18,DEL,311,54
18,DEL,313,50
18,DEL,315,66
18,DEL,317,47
18,DEL,319,56
18,DEL,321,44
18,DEL,323,48
18,DEL,325,46
18,DEL,327,43
18,DEL,329,32
18,DEL,331,41
18,DEL,333,35
18,DEL,335,28
18,DEL,337,27
18,DEL,339,27
18,DEL,341,30
18,DEL,343,25
18,DEL,345,23
18,DEL,347,17
18,DEL,349,23
18,DEL,351,25
18,DEL,353,16
18,DEL,355,20
18,DEL,357,9
18,DEL,359,11
18,DEL,361,9
18,DEL,363,13
18,DEL,365,12
18,DEL,367,15
18,DEL,369,8
18,DEL,371,12
18,DEL,373,12
18,DEL,375,15
18,DEL,377,10
18,DEL,379,5
18,DEL,381,8
18,DEL,383,3
18,DEL,385,7
18,DEL,387,5
18,DEL,389,11
18,DEL,391,2
18,DEL,393,3
18,DEL,395,4
18,DEL,397,1
18,DEL,399,3
18,DEL,401,5
18,DEL,403,3
18,DEL,405,3
18,DEL,407,5
18,DEL,409,1
18,DEL,411,1
18,DEL,415,1
18,DEL,417,5
18,DEL,419,2
18,DEL,421,2
18,DEL,423,1
18,DEL,425,1
18,DEL,427,3
18,DEL,429,2
18,DEL,431,3
18,DEL,433,2
18,DEL,439,3
18,DEL,441,2
18,DEL,443,1
18,DEL,451,2
18,DEL,453,4
18,DEL,455,3
18,DEL,459,1
18,DEL,461,3
18,DEL,465,1
18,DEL,467,4
18,DEL,469,1
18,DEL,473,1
18,DEL,477,1
18,DEL,479,4
18,DEL,483,1
18,DEL,493,1
18,DEL,495,1
18,DEL,497,2
18,DEL,505,3
18,DEL,507,2
18,DEL,515,1
18,DEL,519,1
18,DEL,523,4
18,DEL,531,1
18,DEL,539,2
18,DEL,547,1
18,DEL,551,1
18,DEL,559,2
18,DEL,563,1
18,DEL,571,1
18,DEL,575,2
18,DEL,579,2
18,DEL,583,2
18,DEL,591,3
18,DEL,595,2
18,DEL,603,1
18,DEL,611,1
18,DEL,619,1
18,DEL,623,1
18,DEL,627,2
18,DEL,631,1
18,DEL,639,2
18,DEL,643,2
18,DEL,647,2
18,DEL,651,3
18,DEL,659,1
18,DEL,667,1
18,DEL,675,1
18,DEL,679,1
18,DEL,683,2
18,DEL,695,1
18,DEL,719,1
18,DEL,723,2
18,DEL,727,1
18,DEL,743,2
18,DEL,755,1
18,DEL,763,1
18,DEL,767,2
18,DEL,775,2
18,DEL,791,1
18,DEL,815,1
18,DEL,831,1
18,DEL,863,1
18,DEL,867,1
18,DEL,875,1
18,DEL,879,1
18,DEL,963,1
18,DEL,967,1
18,DEL,1143,1
18,DEL,1151,1
18,DEL,1263,1
18,DEL,1319,2
18,DEL,1359,1
18,DEL,1367,1
18,DEL,1431,1
18,DEL,1439,2
18,DEL,1487,1
18,DEL,1503,1
18,DEL,1551,1
18,DEL,1567,1
18,DEL,1607,1
18,DEL,1647,1
18,DEL,1687,1
18,DEL,1735,1
18,DEL,1743,1
18,DEL,1799,1
18,DEL,1847,1
18,DEL,1887,1
18,DEL,1895,1
18,DEL,1911,1
18,DEL,1919,1
18,DEL,1959,1
18,DEL,2023,1
18,DEL,2063,1
18,DEL,2095,3
18,DEL,2111,1
18,DEL,2127,2
18,DEL,2143,1
18,DEL,2159,3
18,DEL,2175,2
18,DEL,2191,1
18,DEL,2207,1
18,DEL,2223,2
18,DEL,2239,1
18,DEL,2255,1
18,DEL,2271,4
18,DEL,2303,3
18,DEL,2319,2
18,DEL,2335,1
18,DEL,2351,1
18,DEL,2367,1
18,DEL,2415,2
18,DEL,2431,1
18,DEL,2447,1
18,DEL,2463,1
18,DEL,2655,1
18,DEL,2751,1
18,DEL,2815,1
19,GET,75,1
19,GET,76,4
19,GET,77,8
19,GET,78,14
19,GET,79,30
19,GET,80,50
19,GET,81,61
19,GET,82,107
19,GET,83,135
19,GET,84,195
19,GET,85,281
19,GET,86,368
19,GET,87,399
19,GET,88,505
19,GET,89,609
19,GET,90,695
19,GET,91,851
19,GET,92,993
19,GET,93,1094
19,GET,94,1346
19,GET,95,1386
19,GET,96,1593
19,GET,97,1810
19,GET,98,1959
19,GET,99,2199
19,GET,100,2465
19,GET,101,2514
19,GET,102,2687
19,GET,103,2879
19,GET,104,3043
19,GET,105,3163
19,GET,106,3404
19,GET,107,3622
19,GET,108,3666
19,GET,109,3841
19,GET,110,3936
19,GET,111,4129
19,GET,112,4290
19,GET,113,4314
19,GET,114,4575
19,GET,115,4606
19,GET,116,4723
19,GET,117,4816
19,GET,118,5029
19,GET,119,5126
19,GET,120,5163
19,GET,121,5255
19,GET,122,5277
19,GET,123,5400
19,GET,124,5474
19,GET,125,5591
19,GET,126,5426
19,GET,127,5482
19,GET,128,5504
19,GET,129,5497
19,GET,130,5310
19,GET,131,5411
19,GET,132,5476
19,GET,133,5452
19,GET,134,5372
19,GET,135,5355
19,GET,136,5316
19,GET,137,5286
19,GET,138,5423
19,GET,139,5369
19,GET,140,5235
19,GET,141,5067
19,GET,142,5181
19,GET,143,4885
19,GET,144,5057
19,GET,145,4975
19,GET,146,4966
19,GET,147,4790
19,GET,148,4674
19,GET,149,4796
19,GET,150,4609
19,GET,151,4377
19,GET,152,4307
19,GET,153,4229
19,GET,154,4070
19,GET,155,4036
19,GET,156,3957
19,GET,157,3950
19,GET,158,3794
19,GET,159,3714
19,GET,160,3543
19,GET,161,3461
19,GET,162,3453
19,GET,163,3427
19,GET,164,3247
19,GET,165,3281
19,GET,166,3120
19,GET,167,3017
19,GET,168,2875
19,GET,169,2854
19,GET,170,2830
19,GET,171,2769
19,GET,172,2586
19,GET,173,2577
19,GET,174,2484
19,GET,175,2468
19,GET,176,2305
19,GET,177,2132
19,GET,178,2264
19,GET,179,2184
19,GET,180,2081
19,GET,181,2075
19,GET,182,1983
19,GET,183,1870
19,GET,184,1877
19,GET,185,1823
19,GET,186,1767
19,GET,187,1695
19,GET,188,1740
19,GET,189,1605
19,GET,190,1653
19,GET,191,1602
19,GET,192,1527
19,GET,193,1479
19,GET,194,1430
19,GET,195,1356
19,GET,196,1357
19,GET,197,1329
19,GET,198,1279
19,GET,199,1245
19,GET,200,1193
19,GET,201,1232
19,GET,202,1096
19,GET,203,1114
19,GET,204,1119
19,GET,205,1079
19,GET,206,1071
19,GET,207,1050
19,GET,208,996
19,GET,209,975
19,GET,210,964
19,GET,211,916
19,GET,212,864
19,GET,213,908
19,GET,214,826
19,GET,215,799
19,GET,216,860
19,GET,217,816
19,GET,218,788
19,GET,219,731
19,GET,220,737
19,GET,221,763
19,GET,222,750
19,GET,223,692
19,GET,224,683
19,GET,225,687
19,GET,226,716
19,GET,227,663
19,GET,228,591
19,GET,229,658
19,GET,230,628
19,GET,231,636
19,GET,232,573
19,GET,233,554
19,GET,234,592
19,GET,235,561
19,GET,236,545
19,GET,237,565
19,GET,238,528
19,GET,239,527
19,GET,240,553
19,GET,241,523
19,GET,242,518
19,GET,243,505
19,GET,244,462
19,GET,245,454
19,GET,246,451
19,GET,247,453
19,GET,248,463
19,GET,249,423
19,GET,250,462
19,GET,251,416
19,GET,252,391
19,GET,253,421
19,GET,254,425
19,GET,255,392
19,GET,257,773
19,GET,259,708
19,GET,261,692
19,GET,263,640
19,GET,265,653
19,GET,267,605
19,GET,269,595
19,GET,271,590
19,GET,273,560
19,GET,275,513
19,GET,277,474
19,GET,279,454
19,GET,281,447
19,GET,283,444
19,GET,285,381
19,GET,287,400
19,GET,289,365
19,GET,291,322
19,GET,293,349
19,GET,295,339
19,GET,297,292
19,GET,299,291
19,GET,301,268
19,GET,303,271
19,GET,305,236
19,GET,307,212
19,GET,309,218
19,GET,311,221
19,GET,313,190
19,GET,315,173
19,GET,317,164
19,GET,319,160
19,GET,321,164
19,GET,323,142
19,GET,325,137
19,GET,327,116
19,GET,329,118
19,GET,331,116
19,GET,333,97
19,GET,335,89
19,GET,337,88
19,GET,339,83
19,GET,341,96
19,GET,343,78
19,GET,345,71
19,GET,347,61
19,GET,349,57
19,GET,351,63
19,GET,353,51
19,GET,355,50
19,GET,357,45
19,GET,359,55
19,GET,361,42
19,GET,363,31
19,GET,365,36
19,GET,367,38
19,GET,369,40
19,GET,371,33
19,GET,373,32
19,GET,375,33
19,GET,377,23
19,GET,379,33
19,GET,381,27
19,GET,383,30
19,GET,385,21
19,GET,387,19
19,GET,389,17
19,GET,391,17
19,GET,393,15
19,GET,395,23
19,GET,397,16
19,GET,399,20
19,GET,401,15
19,GET,403,12
19,GET,405,10
19,GET,407,12
19,GET,409,11
19,GET,411,15
19,GET,413,3
19,GET,415,12
19,GET,417,8
19,GET,419,6
19,GET,421,10
19,GET,423,8
19,GET,425,4
19,GET,427,9
19,GET,429,7
19,GET,431,6
19,GET,433,9
19,GET,435,6
19,GET,437,2
19,GET,439,6
19,GET,441,5
19,GET,443,4
19,GET,445,2
19,GET,447,3
19,GET,449,5
19,GET,451,6
19,GET,453,8
19,GET,455,9
19,GET,457,5
19,GET,459,1
19,GET,461,3
19,GET,463,5
19,GET,465,5
19,GET,467,6
19,GET,471,1
19,GET,473,1
19,GET,475,4
19,GET,477,5
19,GET,479,4
19,GET,481,2
19,GET,483,1
19,GET,485,5
19,GET,489,2
19,GET,491,2
19,GET,493,3
19,GET,495,2
19,GET,497,1
19,GET,499,3
19,GET,501,1
19,GET,503,3
19,GET,505,4
19,GET,509,3
19,GET,511,6
19,GET,515,6
19,GET,519,2
19,GET,523,4
19,GET,527,6
19,GET,531,5
19,GET,535,2
19,GET,539,2
19,GET,543,1
19,GET,547,5
19,GET,551,1
19,GET,555,1
19,GET,559,4
19,GET,563,5
19,GET,567,5
19,GET,571,3
19,GET,575,4
19,GET,579,1
19,GET,583,1
19,GET,587,2
19,GET,591,2
19,GET,595,4
19,GET,599,6
19,GET,603,1
19,GET,607,2
19,GET,611,4
19,GET,615,3
19,GET,619,3
19,GET,623,2
19,GET,627,2
19,GET,631,1
19,GET,635,1
19,GET,639,2
19,GET,643,6
19,GET,647,5
19,GET,651,2
19,GET,655,4
19,GET,659,3
19,GET,663,2
19,GET,667,3
19,GET,671,5
19,GET,675,3
19,GET,679,3
19,GET,683,2
19,GET,687,2
19,GET,691,3
19,GET,699,4
19,GET,707,1
19,GET,711,3
19,GET,715,3
19,GET,719,1
19,GET,723,2
19,GET,735,2
19,GET,739,2
19,GET,743,1
19,GET,759,1
19,GET,763,2
19,GET,771,1
19,GET,775,3
19,GET,779,5
19,GET,783,2
19,GET,787,3
19,GET,791,1
19,GET,795,4
19,GET,803,2
19,GET,811,2
19,GET,815,1
19,GET,819,2
19,GET,827,3
19,GET,835,1
19,GET,839,1
19,GET,867,1
19,GET,871,1
19,GET,883,1
19,GET,891,1
19,GET,899,1
19,GET,923,1
19,GET,931,1
19,GET,947,1
19,GET,1015,1
19,GET,1047,1
19,GET,1087,1
19,GET,1095,1
19,GET,1135,1
19,GET,1159,1
19,GET,1175,1
19,GET,1183,1
19,GET,1199,1
19,GET,1207,2
19,GET,1239,1
19,GET,1247,1
19,GET,1255,2
19,GET,1263,1
19,GET,1271,1
19,GET,1287,1
19,GET,1311,1
19,GET,1319,1
19,GET,1343,3
19,GET,1351,2
19,GET,1359,1
19,GET,1375,3
19,GET,1407,2
19,GET,1423,1
19,GET,1431,1
19,GET,1439,2
19,GET,1471,1
19,GET,1487,1
19,GET,1495,1
19,GET,1511,1
19,GET,1527,1
19,GET,1535,2
19,GET,1543,1
19,GET,1559,2
19,GET,1567,2
19,GET,1575,1
19,GET,1583,2
19,GET,1591,1
19,GET,1607,1
19,GET,1615,2
19,GET,1623,1
19,GET,1631,2
19,GET,1647,1
19,GET,1663,1
19,GET,1671,2
19,GET,1695,1
19,GET,1703,1
19,GET,1711,1
19,GET,1719,2
19,GET,1727,2
19,GET,1743,1
19,GET,1751,1
19,GET,1783,1
19,GET,1791,1
19,GET,1799,1
19,GET,1815,1
19,GET,1839,1
19,GET,1847,2
19,GET,1855,1
19,GET,1871,1
19,GET,1879,2
19,GET,1887,1
19,GET,1911,1
19,GET,1919,1
19,GET,1927,1
19,GET,1943,2
19,GET,1959,2
19,GET,1967,3
19,GET,1983,4
19,GET,1991,4
19,GET,1999,2
19,GET,2007,6
19,GET,2015,2
19,GET,2039,1
19,GET,2047,1
19,GET,2063,5
19,GET,2079,6
19,GET,2095,4
19,GET,2111,6
19,GET,2127,2
19,GET,2143,1
19,GET,2159,6
19,GET,2191,3
19,GET,2207,4
19,GET,2223,6
19,GET,2239,3
19,GET,2255,7
19,GET,2271,5
19,GET,2287,1
19,GET,2303,6
19,GET,2319,3
19,GET,2335,5
19,GET,2351,5
19,GET,2367,3
19,GET,2383,1
19,GET,2399,2
19,GET,2415,4
19,GET,2431,2
19,GET,2447,4
19,GET,2463,1
19,GET,2479,2
19,GET,2495,1
19,GET,2527,2
19,GET,2543,2
19,GET,2559,1
19,GET,2591,1
19,GET,2607,1
19,GET,2655,2
19,GET,2735,1
19,GET,2815,1
19,GET,3103,1
19,GET,3167,1
19,GET,3535,1
19,GET,4127,1
19,GET,7039,1
19,GET,10687,1
19,DEL,76,2
19,DEL,78,3
19,DEL,79,10
19,DEL,80,11
19,DEL,81,21
19,DEL,82,32
19,DEL,83,45
19,DEL,84,58
19,DEL,85,83
19,DEL,86,107
19,DEL,87,142
19,DEL,88,189
19,DEL,89,218
19,DEL,90,214
19,DEL,91,260
19,DEL,92,303
19,DEL,93,382
19,DEL,94,425
19,DEL,95,462
19,DEL,96,551
19,DEL,97,609
19,DEL,98,625
19,DEL,99,765
19,DEL,100,867
19,DEL,101,848
19,DEL,102,967
19,DEL,103,944
19,DEL,104,1095
19,DEL,105,1110
19,DEL,106,1170
19,DEL,107,1211
19,DEL,108,1271
19,DEL,109,1322
19,DEL,110,1439
19,DEL,111,1456
19,DEL,112,1437
19,DEL,113,1546
19,DEL,114,1637
19,DEL,115,1558
19,DEL,116,1684
19,DEL,117,1739
19,DEL,118,1747
19,DEL,119,1807
19,DEL,120,1829
19,DEL,121,1791
19,DEL,122,1902
19,DEL,123,1930
19,DEL,124,1991
19,DEL,125,1903
19,DEL,126,1926
19,DEL,127,1887
19,DEL,128,1930
19,DEL,129,1947
19,DEL,130,1929
19,DEL,131,1913
19,DEL,132,1918
19,DEL,133,1974
19,DEL,134,1942
19,DEL,135,1950
19,DEL,136,1841
19,DEL,137,1912
19,DEL,138,1833
19,DEL,139,1940
19,DEL,140,1871
19,DEL,141,1842
19,DEL,142,1770
19,DEL,143,1777
19,DEL,144,1839
19,DEL,145,1774
19,DEL,146,1790
19,DEL,147,1770
19,DEL,148,1728
19,DEL,149,1663
19,DEL,150,1631
19,DEL,151,1674
19,DEL,152,1560
19,DEL,153,1542
19,DEL,154,1480
19,DEL,155,1495
19,DEL,156,1454
19,DEL,157,1406
19,DEL,158,1441
19,DEL,159,1330
19,DEL,160,1324
19,DEL,161,1259
19,DEL,162,1318
19,DEL,163,1328
19,DEL,164,1225
19,DEL,165,1217
19,DEL,166,1162
19,DEL,167,1146
19,DEL,168,1067
19,DEL,169,1011
19,DEL,170,1074
19,DEL,171,1009
19,DEL,172,997
19,DEL,173,930
19,DEL,174,920
19,DEL,175,916
19,DEL,176,844
19,DEL,177,939
19,DEL,178,812
19,DEL,179,790
19,DEL,180,796
19,DEL,181,797
19,DEL,182,722
19,DEL,183,725
19,DEL,184,696
19,DEL,185,689
19,DEL,186,625
19,DEL,187,595
19,DEL,188,594
19,DEL,189,604
19,DEL,190,596
19,DEL,191,525
19,DEL,192,537
19,DEL,193,521
19,DEL,194,475
19,DEL,195,508
19,DEL,196,520
19,DEL,197,453
19,DEL,198,443
19,DEL,199,446
19,DEL,200,449
19,DEL,201,411
19,DEL,202,427
19,DEL,203,410
19,DEL,204,387
19,DEL,205,381
19,DEL,206,400
19,DEL,207,375
19,DEL,208,373
19,DEL,209,349
19,DEL,210,331
19,DEL,211,332
19,DEL,212,327
19,DEL,213,295
19,DEL,214,310
19,DEL,215,302
19,DEL,216,296
19,DEL,217,308
19,DEL,218,264
19,DEL,219,316
19,DEL,220,285
19,DEL,221,238
19,DEL,222,277
19,DEL,223,248
19,DEL,224,292
19,DEL,225,252
19,DEL,226,239
19,DEL,227,246
19,DEL,228,241
19,DEL,229,200
19,DEL,230,228
19,DEL,231,209
19,DEL,232,207
19,DEL,233,226
19,DEL,234,202
19,DEL,235,205
19,DEL,236,182
19,DEL,237,192
19,DEL,238,214
19,DEL,239,195
19,DEL,240,199
19,DEL,241,171
19,DEL,242,151
19,DEL,243,192
19,DEL,244,191
19,DEL,245,215
19,DEL,246,183
19,DEL,247,165
19,DEL,248,142
19,DEL,249,160
19,DEL,250,162
19,DEL,251,163
19,DEL,252,159
19,DEL,253,167
19,DEL,254,135
19,DEL,255,154
19,DEL,257,266
19,DEL,259,290
19,DEL,261,264
19,DEL,263,260
19,DEL,265,245
19,DEL,267,222
19,DEL,269,219
19,DEL,271,214
19,DEL,273,181
19,DEL,275,192
19,DEL,277,200
19,DEL,279,176
19,DEL,281,145
19,DEL,283,154
19,DEL,285,126
19,DEL,287,128
19,DEL,289,125
19,DEL,291,133
19,DEL,293,133
19,DEL,295,102
19,DEL,297,101
19,DEL,299,108
19,DEL,301,83
19,DEL,303,90
19,DEL,305,80
19,DEL,307,84
19,DEL,309,69
19,DEL,311,59
19,DEL,313,68
19,DEL,315,70
19,DEL,317,61
19,DEL,319,51
19,DEL,321,51
19,DEL,323,38
19,DEL,325,48
19,DEL,327,40
19,DEL,329,53
19,DEL,331,36
19,DEL,333,47
19,DEL,335,33
19,DEL,337,38
19,DEL,339,36
19,DEL,341,17
19,DEL,343,28
19,DEL,345,29
19,DEL,347,29
19,DEL,349,19
19,DEL,351,22
19,DEL,353,22
19,DEL,355,10
19,DEL,357,19
19,DEL,359,22
19,DEL,361,13
19,DEL,363,11
19,DEL,365,9
19,DEL,367,13
19,DEL,369,18
19,DEL,371,11
19,DEL,373,12
19,DEL,375,11
19,DEL,377,4
19,DEL,379,9
19,DEL,381,14
19,DEL,383,7
19,DEL,385,8
19,DEL,387,3
19,DEL,389,7
19,DEL,391,3
19,DEL,393,6
19,DEL,395,4
19,DEL,397,6
19,DEL,399,3
19,DEL,401,6
19,DEL,403,6
19,DEL,405,6
19,DEL,407,4
19,DEL,409,5
19,DEL,411,4
19,DEL,413,7
19,DEL,417,3
19,DEL,419,4
19,DEL,423,4
19,DEL,425,3
19,DEL,427,1
19,DEL,429,7
19,DEL,431,3
19,DEL,433,2
19,DEL,435,1
19,DEL,437,2
19,DEL,441,3
19,DEL,443,3
19,DEL,445,2
19,DEL,447,3
19,DEL,449,2
19,DEL,457,3
19,DEL,459,2
19,DEL,463,4
19,DEL,465,1
19,DEL,467,2
19,DEL,469,1
19,DEL,471,1
19,DEL,473,3
19,DEL,477,3
19,DEL,481,2
19,DEL,483,1
19,DEL,489,1
19,DEL,493,1
19,DEL,495,1
19,DEL,501,3
19,DEL,509,1
19,DEL,511,1
19,DEL,519,2
19,DEL,523,1
19,DEL,527,2
19,DEL,535,2
19,DEL,543,1
19,DEL,547,2
19,DEL,555,2
19,DEL,559,2
19,DEL,579,2
19,DEL,583,2
19,DEL,587,1
19,DEL,591,1
19,DEL,603,4
19,DEL,611,2
19,DEL,615,2
19,DEL,619,1
19,DEL,623,2
19,DEL,627,1
19,DEL,631,1
19,DEL,635,2
19,DEL,639,1
19,DEL,651,2
19,DEL,663,2
19,DEL,675,4
19,DEL,679,1
19,DEL,683,1
19,DEL,699,2
19,DEL,703,2
19,DEL,707,2
19,DEL,715,1
19,DEL,719,1
19,DEL,723,3
19,DEL,727,1
19,DEL,731,1
19,DEL,735,1
19,DEL,759,2
19,DEL,787,1
19,DEL,791,2
19,DEL,799,2
19,DEL,803,1
19,DEL,807,1
19,DEL,835,1
19,DEL,855,1
19,DEL,891,1
19,DEL,935,1
19,DEL,963,1
19,DEL,1183,1
19,DEL,1199,1
19,DEL,1351,2
19,DEL,1367,1
19,DEL,1431,1
19,DEL,1487,1
19,DEL,1543,1
19,DEL,1567,1
19,DEL,1591,2
19,DEL,1607,1
19,DEL,1623,2
19,DEL,1639,1
19,DEL,1679,1
19,DEL,1727,2
19,DEL,1767,1
19,DEL,1775,1
19,DEL,1799,1
19,DEL,1815,1
19,DEL,1863,1
19,DEL,1879,2
19,DEL,1887,2
19,DEL,1927,1
19,DEL,1935,1
19,DEL,1959,1
19,DEL,1975,1
19,DEL,1983,1
19,DEL,1991,1
19,DEL,2015,1
19,DEL,2039,1
19,DEL,2047,1
19,DEL,2063,1
19,DEL,2079,1
19,DEL,2095,2
19,DEL,2175,1
19,DEL,2191,2
19,DEL,2255,1
19,DEL,2271,1
19,DEL,2287,1
19,DEL,2303,2
19,DEL,2319,1
19,DEL,2335,3
19,DEL,2351,1
19,DEL,2367,1
19,DEL,2383,1
19,DEL,2399,1
19,DEL,2415,1
19,DEL,2463,1
19,DEL,2479,1
19,DEL,2511,1
19,DEL,2527,1
19,DEL,2543,1
19,DEL,2559,1
19,DEL,2959,1
19,DEL,3039,1
19,SET,79,3
19,SET,81,1
19,SET,82,1
19,SET,84,6
19,SET,85,4
19,SET,86,10
19,SET,87,8
19,SET,88,7
19,SET,89,24
19,SET,90,27
19,SET,91,37
19,SET,92,45
19,SET,93,47
19,SET,94,70
19,SET,95,56
19,SET,96,68
19,SET,97,91
19,SET,98,110
19,SET,99,100
19,SET,100,117
19,SET,101,117
19,SET,102,124
19,SET,103,138
19,SET,104,159
19,SET,105,194
19,SET,106,183
19,SET,107,193
19,SET,108,182
19,SET,109,213
19,SET,110,215
19,SET,111,251
19,SET,112,262
19,SET,113,254
19,SET,114,291
19,SET,115,301
19,SET,116,277
19,SET,117,308
19,SET,118,322
19,SET,119,287
19,SET,120,319
19,SET,121,366
19,SET,122,338
19,SET,123,353
19,SET,124,377
19,SET,125,353
19,SET,126,353
19,SET,127,370
19,SET,128,391
19,SET,129,400
19,SET,130,360
19,SET,131,366
19,SET,132,392
19,SET,133,391
19,SET,134,378
19,SET,135,368
19,SET,136,396
19,SET,137,357
19,SET,138,414
19,SET,139,357
19,SET,140,392
19,SET,141,394
19,SET,142,340
19,SET,143,353
19,SET,144,377
19,SET,145,352
19,SET,146,359
19,SET,147,350
19,SET,148,332
19,SET,149,346
19,SET,150,377
19,SET,151,353
19,SET,152,343
19,SET,153,344
19,SET,154,326
19,SET,155,337
19,SET,156,339
19,SET,157,315
19,SET,158,305
19,SET,159,287
19,SET,160,276
19,SET,161,280
19,SET,162,278
19,SET,163,272
19,SET,164,266
19,SET,165,260
19,SET,166,261
19,SET,167,230
19,SET,168,233
19,SET,169,250
19,SET,170,238
19,SET,171,236
19,SET,172,195
19,SET,173,188
19,SET,174,193
19,SET,175,227
19,SET,176,189
19,SET,177,171
19,SET,178,197
19,SET,179,207
19,SET,180,173
19,SET,181,177
19,SET,182,152
19,SET,183,163
19,SET,184,143
19,SET,185,165
19,SET,186,157
19,SET,187,165
19,SET,188,146
19,SET,189,149
19,SET,190,134
19,SET,191,124
19,SET,192,139
19,SET,193,113
19,SET,194,121
19,SET,195,129
19,SET,196,100
19,SET,197,104
19,SET,198,121
19,SET,199,103
19,SET,200,121
19,SET,201,94
19,SET,202,107
19,SET,203,97
19,SET,204,92
19,SET,205,76
19,SET,206,77
19,SET,207,75
19,SET,208,74
19,SET,209,79
19,SET,210,76
19,SET,211,65
19,SET,212,76
19,SET,213,72
19,SET,214,74
19,SET,215,68
19,SET,216,65
19,SET,217,57
19,SET,218,69
19,SET,219,56
19,SET,220,64
19,SET,221,56
19,SET,222,60
19,SET,223,50
19,SET,224,68
19,SET,225,50
19,SET,226,50
19,SET,227,63
19,SET,228,54
19,SET,229,55
19,SET,230,51
19,SET,231,40
19,SET,232,33
19,SET,233,39
19,SET,234,45
19,SET,235,47
19,SET,236,54
19,SET,237,50
19,SET,238,43
19,SET,239,30
19,SET,240,57
19,SET,241,35
19,SET,242,31
19,SET,243,51
19,SET,244,33
19,SET,245,29
19,SET,246,27
19,SET,247,32
19,SET,248,41
19,SET,249,37
19,SET,250,35
19,SET,251,22
19,SET,252,29
19,SET,253,34
19,SET,254,39
19,SET,255,22
19,SET,257,56
19,SET,259,63
19,SET,261,53
19,SET,263,61
19,SET,265,45
19,SET,267,49
19,SET,269,47
19,SET,271,36
19,SET,273,52
19,SET,275,60
19,SET,277,46
19,SET,279,28
19,SET,281,33
19,SET,283,38
19,SET,285,37
19,SET,287,30
19,SET,289,27
19,SET,291,29
19,SET,293,40
19,SET,295,28
19,SET,297,21
19,SET,299,28
19,SET,301,22
19,SET,303,26
19,SET,305,21
19,SET,307,24
19,SET,309,20
19,SET,311,11
19,SET,313,15
19,SET,315,15
19,SET,317,16
19,SET,319,15
19,SET,321,15
19,SET,323,6
19,SET,325,3
19,SET,327,12
19,SET,329,7
19,SET,331,8
19,SET,333,6
19,SET,335,8
19,SET,337,8
19,SET,339,8
19,SET,341,2
19,SET,343,2
19,SET,345,6
19,SET,347,4
19,SET,349,6
19,SET,351,4
19,SET,353,3
19,SET,355,2
19,SET,357,5
19,SET,359,5
19,SET,361,3
19,SET,363,3
19,SET,365,6
19,SET,369,3
19,SET,371,2
19,SET,373,3
19,SET,377,3
19,SET,379,2
19,SET,381,2
19,SET,383,2
19,SET,385,4
19,SET,387,1
19,SET,391,1
19,SET,395,3
19,SET,397,2
19,SET,399,4
19,SET,401,1
19,SET,403,1
19,SET,407,2
19,SET,411,2
19,SET,413,1
19,SET,417,1
19,SET,419,1
19,SET,423,1
19,SET,425,2
19,SET,427,2
19,SET,429,1
19,SET,433,1
19,SET,437,1
19,SET,441,1
19,SET,451,1
19,SET,453,2
19,SET,473,1
19,SET,477,1
19,SET,487,1
19,SET,507,1
19,SET,519,1
19,SET,527,1
19,SET,535,1
19,SET,539,1
19,SET,547,2
19,SET,567,1
19,SET,579,1
19,SET,583,1
19,SET,611,1
19,SET,627,1
19,SET,667,1
19,SET,683,1
19,SET,1031,1
19,SET,1087,1
19,SET,1103,1
19,SET,1231,1
19,SET,1351,1
19,SET,1479,1
19,SET,1663,1
19,SET,1719,1
19,SET,1783,1
19,SET,1887,1
19,SET,1975,1
19,SET,2079,1
19,SET,2239,1
19,SET,2367,1
19,SET,2383,1
19,SET,2447,1
20,SET,76,1
20,SET,78,1
20,SET,80,2
20,SET,81,3
20,SET,82,5
20,SET,83,5
20,SET,84,5
20,SET,85,18
20,SET,86,16
20,SET,87,19
20,SET,88,19
20,SET,89,31
20,SET,90,34
20,SET,91,39
20,SET,92,59
20,SET,93,61
20,SET,94,70
20,SET,95,72
20,SET,96,85
20,SET,97,106
20,SET,98,101
20,SET,99,123
20,SET,100,118
20,SET,101,148
20,SET,102,162
20,SET,103,182
20,SET,104,169
20,SET,105,191
20,SET,106,223
20,SET,107,228
20,SET,108,215
20,SET,109,249
20,SET,110,255
20,SET,111,279
20,SET,112,280
20,SET,113,269
20,SET,114,253
20,SET,115,318
20,SET,116,330
20,SET,117,320
20,SET,118,314
20,SET,119,316
20,SET,120,338
20,SET,121,358
20,SET,122,372
20,SET,123,380
20,SET,124,353
20,SET,125,368
20,SET,126,343
20,SET,127,376
20,SET,128,371
20,SET,129,357
20,SET,130,332
20,SET,131,345
20,SET,132,357
20,SET,133,372
20,SET,134,379
20,SET,135,398
20,SET,136,396
20,SET,137,413
20,SET,138,383
20,SET,139,389
20,SET,140,413
20,SET,141,380
20,SET,142,382
20,SET,143,398
20,SET,144,385
20,SET,145,339
20,SET,146,353
20,SET,147,329
20,SET,148,354
20,SET,149,344
20,SET,150,317
20,SET,151,294
20,SET,152,335
20,SET,153,329
20,SET,154,306
20,SET,155,264
20,SET,156,284
20,SET,157,303
20,SET,158,324
20,SET,159,275
20,SET,160,294
20,SET,161,302
20,SET,162,274
20,SET,163,254
20,SET,164,260
20,SET,165,240
20,SET,166,243
20,SET,167,244
20,SET,168,224
20,SET,169,232
20,SET,170,215
20,SET,171,216
20,SET,172,226
20,SET,173,197
20,SET,174,194
20,SET,175,193
20,SET,176,182
20,SET,177,194
20,SET,178,152
20,SET,179,157
20,SET,180,176
20,SET,181,156
20,SET,182,151
20,SET,183,158
20,SET,184,131
20,SET,185,148
20,SET,186,136
20,SET,187,137
20,SET,188,125
20,SET,189,125
20,SET,190,133
20,SET,191,107
20,SET,192,111
20,SET,193,119
20,SET,194,125
20,SET,195,95
20,SET,196,106
20,SET,197,90
20,SET,198,111
20,SET,199,108
20,SET,200,82
20,SET,201,98
20,SET,202,88
20,SET,203,92
20,SET,204,67
20,SET,205,74
20,SET,206,98
20,SET,207,86
20,SET,208,73
20,SET,209,79
20,SET,210,68
20,SET,211,63
20,SET,212,60
20,SET,213,69
20,SET,214,59
20,SET,215,63
20,SET,216,76
20,SET,217,70
20,SET,218,57
20,SET,219,60
20,SET,220,71
20,SET,221,67
20,SET,222,66
20,SET,223,58
20,SET,224,46
20,SET,225,63
20,SET,226,52
20,SET,227,55
20,SET,228,48
20,SET,229,44
20,SET,230,48
20,SET,231,44
20,SET,232,48
20,SET,233,41
20,SET,234,49
20,SET,235,37
20,SET,236,42
20,SET,237,55
20,SET,238,50
20,SET,239,32
20,SET,240,35
20,SET,241,42
20,SET,242,39
20,SET,243,43
20,SET,244,41
20,SET,245,33
20,SET,246,29
20,SET,247,38
20,SET,248,33
20,SET,249,33
20,SET,250,27
20,SET,251,34
20,SET,252,32
20,SET,253,34
20,SET,254,43
20,SET,255,25
20,SET,257,52
20,SET,259,58
20,SET,261,51
20,SET,263,51
20,SET,265,50
20,SET,267,51
20,SET,269,58
20,SET,271,42
20,SET,273,40
20,SET,275,50
20,SET,277,42
20,SET,279,33
20,SET,281,39
20,SET,283,30
20,SET,285,34
20,SET,287,28
20,SET,289,30
20,SET,291,21
20,SET,293,36
20,SET,295,23
20,SET,297,28
20,SET,299,21
20,SET,301,23
20,SET,303,16
20,SET,305,22
20,SET,307,19
20,SET,309,19
20,SET,311,14
20,SET,313,16
20,SET,315,17
20,SET,317,10
20,SET,319,11
20,SET,321,9
20,SET,323,11
20,SET,325,11
20,SET,327,12
20,SET,329,9
20,SET,331,10
20,SET,333,7
20,SET,335,9
20,SET,337,11
20,SET,339,3
20,SET,341,3
20,SET,343,6
20,SET,345,5
20,SET,347,5
20,SET,349,3
20,SET,351,4
20,SET,353,4
20,SET,355,3
20,SET,357,1
20,SET,359,5
20,SET,361,6
20,SET,363,2
20,SET,365,2
20,SET,367,5
20,SET,369,4
20,SET,371,2
20,SET,373,5
20,SET,375,2
20,SET,377,1
20,SET,379,4
20,SET,385,3
20,SET,387,3
20,SET,391,4
20,SET,393,2
20,SET,395,1
20,SET,397,2
20,SET,403,1
20,SET,405,3
20,SET,407,1
20,SET,409,2
20,SET,411,2
20,SET,413,3
20,SET,417,1
20,SET,421,1
20,SET,423,1
20,SET,427,1
20,SET,429,1
20,SET,437,1
20,SET,439,1
20,SET,449,1
20,SET,453,2
20,SET,461,1
20,SET,473,1
20,SET,479,1
20,SET,493,1
20,SET,495,1
20,SET,511,1
20,SET,523,1
20,SET,535,2
20,SET,563,1
20,SET,567,1
20,SET,587,1
20,SET,591,1
20,SET,595,1
20,SET,619,1
20,SET,635,2
20,SET,639,1
20,SET,703,1
20,SET,727,1
20,SET,863,1
20,SET,1311,1
20,SET,1399,1
20,SET,1479,1
20,SET,1487,1
20,SET,1527,1
20,SET,1631,1
20,SET,2191,1
20,SET,2239,1
20,SET,2271,1
20,SET,2351,1
20,DEL,74,1
20,DEL,75,2
20,DEL,76,4
20,DEL,77,9
20,DEL,78,16
20,DEL,79,18
20,DEL,80,27
20,DEL,81,39
20,DEL,82,62
20,DEL,83,88
20,DEL,84,86
20,DEL,85,142
20,DEL,86,165
20,DEL,87,197
20,DEL,88,246
20,DEL,89,277
20,DEL,90,331
20,DEL,91,384
20,DEL,92,435
20,DEL,93,423
20,DEL,94,510
20,DEL,95,590
20,DEL,96,675
20,DEL,97,662
20,DEL,98,747
20,DEL,99,871
20,DEL,100,929
20,DEL,101,979
20,DEL,102,1100
20,DEL,103,1135
20,DEL,104,1211
20,DEL,105,1121
20,DEL,106,1264
20,DEL,107,1290
20,DEL,108,1328
20,DEL,109,1432
20,DEL,110,1459
20,DEL,111,1463
20,DEL,112,1573
20,DEL,113,1568
20,DEL,114,1581
20,DEL,115,1669
20,DEL,116,1666
20,DEL,117,1719
20,DEL,118,1676
20,DEL,119,1877
20,DEL,120,1830
20,DEL,121,1886
20,DEL,122,1870
20,DEL,123,1938
20,DEL,124,1961
20,DEL,125,1895
20,DEL,126,1904
20,DEL,127,1952
20,DEL,128,1933
20,DEL,129,1921
20,DEL,130,1955
20,DEL,131,1923
20,DEL,132,1942
20,DEL,133,1945
20,DEL,134,1933
20,DEL,135,1916
20,DEL,136,1940
20,DEL,137,1818
20,DEL,138,1870
20,DEL,139,1821
20,DEL,140,1903
20,DEL,141,1825
20,DEL,142,1789
20,DEL,143,1791
20,DEL,144,1720
20,DEL,145,1705
20,DEL,146,1668
20,DEL,147,1642
20,DEL,148,1668
20,DEL,149,1729
20,DEL,150,1588
20,DEL,151,1587
20,DEL,152,1570
20,DEL,153,1472
20,DEL,154,1437
20,DEL,155,1408
20,DEL,156,1354
20,DEL,157,1321
20,DEL,158,1331
20,DEL,159,1296
20,DEL,160,1227
20,DEL,161,1273
20,DEL,162,1247
20,DEL,163,1209
20,DEL,164,1182
20,DEL,165,1137
20,DEL,166,1085
20,DEL,167,1070
20,DEL,168,1061
20,DEL,169,1023
20,DEL,170,981
20,DEL,171,907
20,DEL,172,974
20,DEL,173,903
20,DEL,174,856
20,DEL,175,856
20,DEL,176,840
20,DEL,177,827
20,DEL,178,831
20,DEL,179,714
20,DEL,180,742
20,DEL,181,717
20,DEL,182,672
20,DEL,183,683
20,DEL,184,650
20,DEL,185,665
20,DEL,186,630
20,DEL,187,592
20,DEL,188,601
20,DEL,189,572
20,DEL,190,540
20,DEL,191,519
20,DEL,192,558
20,DEL,193,508
20,DEL,194,500
20,DEL,195,492
20,DEL,196,467
20,DEL,197,450
20,DEL,198,451
20,DEL,199,447
20,DEL,200,416
20,DEL,201,437
20,DEL,202,419
20,DEL,203,374
20,DEL,204,371
20,DEL,205,396
20,DEL,206,392
20,DEL,207,372
20,DEL,208,352
20,DEL,209,353
20,DEL,210,339
20,DEL,211,336
20,DEL,212,340
20,DEL,213,309
20,DEL,214,300
20,DEL,215,300
20,DEL,216,296
20,DEL,217,299
20,DEL,218,270
20,DEL,219,271
20,DEL,220,260
20,DEL,221,282
20,DEL,222,260
20,DEL,223,252
20,DEL,224,211
20,DEL,225,234
20,DEL,226,245
20,DEL,227,226
20,DEL,228,229
20,DEL,229,245
20,DEL,230,207
20,DEL,231,203
20,DEL,232,202
20,DEL,233,196
20,DEL,234,209
20,DEL,235,204
20,DEL,236,210
20,DEL,237,209
20,DEL,238,192
20,DEL,239,178
20,DEL,240,170
20,DEL,241,177
20,DEL,242,186
20,DEL,243,179
20,DEL,244,167
20,DEL,245,221
20,DEL,246,156
20,DEL,247,167
20,DEL,248,170
20,DEL,249,138
20,DEL,250,144
20,DEL,251,142
20,DEL,252,159
20,DEL,253,145
20,DEL,254,156
20,DEL,255,135
20,DEL,257,263
20,DEL,259,273
20,DEL,261,250
20,DEL,263,253
20,DEL,265,223
20,DEL,267,231
20,DEL,269,210
20,DEL,271,195
20,DEL,273,181
20,DEL,275,200
20,DEL,277,185
20,DEL,279,167
20,DEL,281,140
20,DEL,283,143
20,DEL,285,149
20,DEL,287,145
20,DEL,289,122
20,DEL,291,124
20,DEL,293,119
20,DEL,295,125
20,DEL,297,92
20,DEL,299,82
20,DEL,301,84
20,DEL,303,80
20,DEL,305,82
20,DEL,307,70
20,DEL,309,80
20,DEL,311,87
20,DEL,313,68
20,DEL,315,60
20,DEL,317,64
20,DEL,319,55
20,DEL,321,61
20,DEL,323,55
20,DEL,325,42
20,DEL,327,46
20,DEL,329,39
20,DEL,331,39
20,DEL,333,27
20,DEL,335,37
20,DEL,337,18
20,DEL,339,25
20,DEL,341,30
20,DEL,343,35
20,DEL,345,21
20,DEL,347,25
20,DEL,349,25
20,DEL,351,21
20,DEL,353,22
20,DEL,355,15
20,DEL,357,14
20,DEL,359,20
20,DEL,361,13
20,DEL,363,13
20,DEL,365,7
20,DEL,367,17
20,DEL,369,11
20,DEL,371,9
20,DEL,373,15
20,DEL,375,3
20,DEL,377,13
20,DEL,379,9
20,DEL,381,10
20,DEL,383,10
20,DEL,385,7
20,DEL,387,5
20,DEL,389,5
20,DEL,391,5
20,DEL,393,4
20,DEL,395,6
20,DEL,397,9
20,DEL,399,4
20,DEL,401,4
20,DEL,403,5
20,DEL,405,4
20,DEL,407,4
20,DEL,409,7
20,DEL,411,2
20,DEL,413,6
20,DEL,415,1
20,DEL,417,3
20,DEL,419,5
20,DEL,421,3
20,DEL,423,4
20,DEL,425,3
20,DEL,427,2
20,DEL,429,2
20,DEL,431,2
20,DEL,433,2
20,DEL,435,2
20,DEL,437,1
20,DEL,439,7
20,DEL,441,3
20,DEL,443,2
20,DEL,445,2
20,DEL,447,3
20,DEL,449,2
20,DEL,451,1
20,DEL,453,2
20,DEL,455,1
20,DEL,459,6
20,DEL,461,2
20,DEL,465,1
20,DEL,467,2
20,DEL,469,2
20,DEL,471,1
20,DEL,475,2
20,DEL,477,1
20,DEL,479,1
20,DEL,483,2
20,DEL,485,1
20,DEL,487,1
20,DEL,489,5
20,DEL,491,3
20,DEL,493,3
20,DEL,499,1
20,DEL,501,1
20,DEL,507,1
20,DEL,511,1
20,DEL,523,2
20,DEL,531,1
20,DEL,535,1
20,DEL,539,2
20,DEL,547,1
20,DEL,551,1
20,DEL,555,1
20,DEL,559,3
20,DEL,563,1
20,DEL,571,2
20,DEL,579,3
20,DEL,583,1
20,DEL,587,1
20,DEL,591,1
20,DEL,595,1
20,DEL,599,8
20,DEL,603,1
20,DEL,607,1
20,DEL,611,2
20,DEL,615,2
20,DEL,619,1
20,DEL,627,2
20,DEL,639,1
20,DEL,647,1
20,DEL,659,2
20,DEL,663,1
20,DEL,667,3
20,DEL,671,1
20,DEL,675,1
20,DEL,687,1
20,DEL,691,1
20,DEL,699,1
20,DEL,703,1
20,DEL,715,1
20,DEL,719,1
20,DEL,727,3
20,DEL,735,1
20,DEL,739,1
20,DEL,751,1
20,DEL,755,1
20,DEL,763,1
20,DEL,771,1
20,DEL,795,1
20,DEL,819,2
20,DEL,823,1
20,DEL,827,2
20,DEL,847,1
20,DEL,855,2
20,DEL,859,1
20,DEL,943,1
20,DEL,1087,1
20,DEL,1111,1
20,DEL,1143,1
20,DEL,1175,1
20,DEL,1303,1
20,DEL,1319,1
20,DEL,1351,1
20,DEL,1367,1
20,DEL,1415,1
20,DEL,1423,1
20,DEL,1439,1
20,DEL,1487,1
20,DEL,1583,1
20,DEL,1591,1
20,DEL,1655,1
20,DEL,1671,1
20,DEL,1679,1
20,DEL,1727,1
20,DEL,1751,1
20,DEL,1807,1
20,DEL,1839,1
20,DEL,1855,1
20,DEL,1943,1
20,DEL,1951,1
20,DEL,1983,2
20,DEL,1999,1
20,DEL,2015,1
20,DEL,2023,1
20,DEL,2031,1
20,DEL,2039,2
20,DEL,2047,1
20,DEL,2063,3
20,DEL,2079,2
20,DEL,2111,1
20,DEL,2127,1
20,DEL,2143,2
20,DEL,2159,3
20,DEL,2175,1
20,DEL,2191,3
20,DEL,2207,2
20,DEL,2223,1
20,DEL,2239,1
20,DEL,2271,2
20,DEL,2287,1
20,DEL,2303,1
20,DEL,2319,1
20,DEL,2367,1
20,DEL,2399,1
20,DEL,2415,3
20,DEL,2431,1
20,DEL,2447,1
20,DEL,2495,2
20,DEL,2511,2
20,DEL,2527,2
20,DEL,2607,1
20,DEL,2655,1
20,DEL,3135,1
20,DEL,3215,1
20,DEL,7071,1
20,GET,73,1
20,GET,74,1
20,GET,75,11
20,GET,76,17
20,GET,77,28
20,GET,78,42
20,GET,79,85
20,GET,80,109
20,GET,81,168
20,GET,82,215
20,GET,83,264
20,GET,84,372
20,GET,85,454
20,GET,86,521
20,GET,87,647
20,GET,88,763
20,GET,89,847
20,GET,90,1027
20,GET,91,1128
20,GET,92,1119
20,GET,93,1366
20,GET,94,1588
20,GET,95,1664
20,GET,96,1931
20,GET,97,2177
20,GET,98,2281
20,GET,99,2496
20,GET,100,2708
20,GET,101,2854
20,GET,102,3087
20,GET,103,3193
20,GET,104,3437
20,GET,105,3529
20,GET,106,3727
20,GET,107,3750
20,GET,108,3833
20,GET,109,4075
20,GET,110,4166
20,GET,111,4351
20,GET,112,4449
20,GET,113,4380
20,GET,114,4594
20,GET,115,4626
20,GET,116,4880
20,GET,117,4919
20,GET,118,5030
20,GET,119,5131
20,GET,120,5239
20,GET,121,5274
20,GET,122,5231
20,GET,123,5464
20,GET,124,5434
20,GET,125,5505
20,GET,126,5422
20,GET,127,5560
20,GET,128,5369
20,GET,129,5398
20,GET,130,5399
20,GET,131,5431
20,GET,132,5230
20,GET,133,5460
20,GET,134,5425
20,GET,135,5345
20,GET,136,5351
20,GET,137,5171
20,GET,138,5223
20,GET,139,5060
20,GET,140,5222
20,GET,141,5046
20,GET,142,5052
20,GET,143,4983
20,GET,144,4880
20,GET,145,4860
20,GET,146,4713
20,GET,147,4578
20,GET,148,4788
20,GET,149,4701
20,GET,150,4383
20,GET,151,4276
20,GET,152,4218
20,GET,153,4135
20,GET,154,4050
20,GET,155,3808
20,GET,156,3815
20,GET,157,3695
20,GET,158,3709
20,GET,159,3578
20,GET,160,3497
20,GET,161,3294
20,GET,162,3348
20,GET,163,3238
20,GET,164,3133
20,GET,165,3103
20,GET,166,3071
20,GET,167,2962
20,GET,168,2845
20,GET,169,2672
20,GET,170,2650
20,GET,171,2639
20,GET,172,2465
20,GET,173,2462
20,GET,174,2411
20,GET,175,2268
20,GET,176,2305
20,GET,177,2111
20,GET,178,2087
20,GET,179,2098
20,GET,180,2080
20,GET,181,2070
20,GET,182,1903
20,GET,183,1953
20,GET,184,1867
20,GET,185,1822
20,GET,186,1674
20,GET,187,1639
20,GET,188,1533
20,GET,189,1509
20,GET,190,1514
20,GET,191,1534
20,GET,192,1421
20,GET,193,1417
20,GET,194,1330
20,GET,195,1334
20,GET,196,1262
20,GET,197,1223
20,GET,198,1225
20,GET,199,1220
20,GET,200,1255
20,GET,201,1106
20,GET,202,1054
20,GET,203,1074
20,GET,204,1026
20,GET,205,1047
20,GET,206,968
20,GET,207,993
20,GET,208,1003
20,GET,209,964
20,GET,210,933
20,GET,211,936
20,GET,212,866
20,GET,213,829
20,GET,214,866
20,GET,215,819
20,GET,216,813
20,GET,217,727
20,GET,218,748
20,GET,219,825
20,GET,220,744
20,GET,221,705
20,GET,222,715
20,GET,223,678
20,GET,224,659
20,GET,225,663
20,GET,226,667
20,GET,227,689
20,GET,228,635
20,GET,229,629
20,GET,230,616
20,GET,231,597
20,GET,232,584
20,GET,233,583
20,GET,234,579
20,GET,235,565
20,GET,236,519
20,GET,237,539
20,GET,238,508
20,GET,239,505
20,GET,240,512
20,GET,241,501
20,GET,242,506
20,GET,243,520
20,GET,244,460
20,GET,245,475
20,GET,246,429
20,GET,247,428
20,GET,248,466
20,GET,249,451
20,GET,250,415
20,GET,251,403
20,GET,252,403
20,GET,253,364
20,GET,254,381
20,GET,255,368
20,GET,257,730
20,GET,259,670
20,GET,261,726
20,GET,263,667
20,GET,265,593
20,GET,267,603
20,GET,269,626
20,GET,271,552
20,GET,273,562
20,GET,275,503
20,GET,277,469
20,GET,279,446
20,GET,281,442
20,GET,283,366
20,GET,285,416
20,GET,287,356
20,GET,289,356
20,GET,291,375
20,GET,293,313
20,GET,295,322
20,GET,297,302
20,GET,299,278
20,GET,301,268
20,GET,303,224
20,GET,305,229
20,GET,307,219
20,GET,309,210
20,GET,311,201
20,GET,313,205
20,GET,315,174
20,GET,317,162
20,GET,319,157
20,GET,321,137
20,GET,323,125
20,GET,325,126
20,GET,327,108
20,GET,329,96
20,GET,331,109
20,GET,333,96
20,GET,335,74
20,GET,337,77
20,GET,339,77
20,GET,341,75
20,GET,343,70
20,GET,345,73
20,GET,347,46
20,GET,349,51
20,GET,351,50
20,GET,353,44
20,GET,355,42
20,GET,357,44
20,GET,359,46
20,GET,361,43
20,GET,363,42
20,GET,365,38
20,GET,367,28
20,GET,369,36
20,GET,371,29
20,GET,373,24
20,GET,375,28
20,GET,377,23
20,GET,379,24
20,GET,381,22
20,GET,383,17
20,GET,385,22
20,GET,387,16
20,GET,389,21
20,GET,391,18
20,GET,393,22
20,GET,395,13
20,GET,397,13
20,GET,399,13
20,GET,401,15
20,GET,403,11
20,GET,405,13
20,GET,407,13
20,GET,409,17
20,GET,411,9
20,GET,413,10
20,GET,415,12
20,GET,417,8
20,GET,419,10
20,GET,421,8
20,GET,423,7
20,GET,425,6
20,GET,427,10
20,GET,429,4
20,GET,431,3
20,GET,433,5
20,GET,435,9
20,GET,437,7
20,GET,439,7
20,GET,441,11
20,GET,443,3
20,GET,445,5
20,GET,447,7
20,GET,449,3
20,GET,451,5
20,GET,453,3
20,GET,455,2
20,GET,457,4
20,GET,459,3
20,GET,461,3
20,GET,463,3
20,GET,465,3
20,GET,467,2
20,GET,469,3
20,GET,471,6
20,GET,473,1
20,GET,475,2
20,GET,477,2
20,GET,481,2
20,GET,483,2
20,GET,485,2
20,GET,487,3
20,GET,489,1
20,GET,491,5
20,GET,493,1
20,GET,495,3
20,GET,497,3
20,GET,499,3
20,GET,501,4
20,GET,503,3
20,GET,505,2
20,GET,507,4
20,GET,509,2
20,GET,511,4
20,GET,515,4
20,GET,519,4
20,GET,523,4
20,GET,527,3
20,GET,531,3
20,GET,535,3
20,GET,539,2
20,GET,543,4
20,GET,547,3
20,GET,551,6
20,GET,555,4
20,GET,559,4
20,GET,563,5
20,GET,567,7
20,GET,571,1
20,GET,575,3
20,GET,579,2
20,GET,583,3
20,GET,587,5
20,GET,591,2
20,GET,595,3
20,GET,599,1
20,GET,603,2
20,GET,607,3
20,GET,611,3
20,GET,615,2
20,GET,619,3
20,GET,623,2
20,GET,627,3
20,GET,631,4
20,GET,635,4
20,GET,639,2
20,GET,643,1
20,GET,647,1
20,GET,651,1
20,GET,659,4
20,GET,663,3
20,GET,667,1
20,GET,675,1
20,GET,679,1
20,GET,687,4
20,GET,691,1
20,GET,695,4
20,GET,699,3
20,GET,703,2
20,GET,707,2
20,GET,711,2
20,GET,715,4
20,GET,719,1
20,GET,723,1
20,GET,727,2
20,GET,731,1
20,GET,735,3
20,GET,739,2
20,GET,743,1
20,GET,747,1
20,GET,755,1
20,GET,763,2
20,GET,775,1
20,GET,787,3
20,GET,795,1
20,GET,799,2
20,GET,803,1
20,GET,807,3
20,GET,811,2
20,GET,819,2
20,GET,835,1
20,GET,839,1
20,GET,843,1
20,GET,847,2
20,GET,855,1
20,GET,859,1
20,GET,863,1
20,GET,867,2
20,GET,871,1
20,GET,895,1
20,GET,903,1
20,GET,915,1
20,GET,943,1
20,GET,947,1
20,GET,951,1
20,GET,999,1
20,GET,1039,2
20,GET,1103,1
20,GET,1119,1
20,GET,1127,1
20,GET,1135,1
20,GET,1143,2
20,GET,1175,1
20,GET,1191,1
20,GET,1223,1
20,GET,1239,1
20,GET,1255,1
20,GET,1263,1
20,GET,1279,1
20,GET,1287,2
20,GET,1295,1
20,GET,1303,1
20,GET,1311,2
20,GET,1327,1
20,GET,1335,1
20,GET,1343,1
20,GET,1351,2
20,GET,1359,1
20,GET,1375,1
20,GET,1391,1
20,GET,1399,1
20,GET,1407,1
20,GET,1447,1
20,GET,1455,1
20,GET,1463,1
20,GET,1479,3
20,GET,1495,1
20,GET,1503,1
20,GET,1511,1
20,GET,1527,1
20,GET,1535,3
20,GET,1543,2
20,GET,1575,1
20,GET,1599,1
20,GET,1607,1
20,GET,1615,1
20,GET,1647,2
20,GET,1663,1
20,GET,1671,1
20,GET,1679,2
20,GET,1695,1
20,GET,1711,2
20,GET,1719,2
20,GET,1727,1
20,GET,1743,2
20,GET,1751,1
20,GET,1759,1
20,GET,1775,1
20,GET,1799,1
20,GET,1815,1
20,GET,1823,1
20,GET,1831,1
20,GET,1839,1
20,GET,1847,2
20,GET,1871,1
20,GET,1879,2
20,GET,1887,1
20,GET,1895,2
20,GET,1903,1
20,GET,1919,4
20,GET,1927,1
20,GET,1935,3
20,GET,1943,1
20,GET,1967,2
20,GET,1983,1
20,GET,1999,2
20,GET,2007,2
20,GET,2015,2
20,GET,2039,2
20,GET,2047,1
20,GET,2063,8
20,GET,2079,5
20,GET,2095,1
20,GET,2111,3
20,GET,2127,4
20,GET,2143,8
20,GET,2159,3
20,GET,2175,6
20,GET,2191,6
20,GET,2207,7
20,GET,2223,4
20,GET,2239,7
20,GET,2255,6
20,GET,2271,5
20,GET,2303,5
20,GET,2319,5
20,GET,2335,4
20,GET,2351,1
20,GET,2367,2
20,GET,2383,4
20,GET,2399,2
20,GET,2415,2
20,GET,2447,5
20,GET,2479,1
20,GET,2495,2
20,GET,2511,1
20,GET,2527,1
20,GET,2543,1
20,GET,2559,1
20,GET,2591,2
20,GET,2607,2
20,GET,2655,1
20,GET,2719,1
20,GET,2991,1
20,GET,3295,1
20,GET,3311,1
20,GET,3679,1
20,GET,10559,1
21,SET,78,1
21,SET,80,1
21,SET,81,4
21,SET,82,4
21,SET,83,4
21,SET,84,9
21,SET,85,7
21,SET,86,6
21,SET,87,13
21,SET,88,23
21,SET,89,31
21,SET,90,28
21,SET,91,37
21,SET,92,40
21,SET,93,61
21,SET,94,63
21,SET,95,78
21,SET,96,87
21,SET,97,97
21,SET,98,114
21,SET,99,100
21,SET,100,108
21,SET,101,132
21,SET,102,153
21,SET,103,134
21,SET,104,160
21,SET,105,189
21,SET,106,170
21,SET,107,208
21,SET,108,206
21,SET,109,214
21,SET,110,229
21,SET,111,255
21,SET,112,247
21,SET,113,265
21,SET,114,253
21,SET,115,304
21,SET,116,294
21,SET,117,290
21,SET,118,289
21,SET,119,316
21,SET,120,363
21,SET,121,332
21,SET,122,347
21,SET,123,368
21,SET,124,366
21,SET,125,391
21,SET,126,355
21,SET,127,365
21,SET,128,376
21,SET,129,412
21,SET,130,369
21,SET,131,358
21,SET,132,376
21,SET,133,386
21,SET,134,374
21,SET,135,400
21,SET,136,416
21,SET,137,381
21,SET,138,382
21,SET,139,405
21,SET,140,368
21,SET,141,363
21,SET,142,380
21,SET,143,391
21,SET,144,387
21,SET,145,350
21,SET,146,392
21,SET,147,332
21,SET,148,351
21,SET,149,355
21,SET,150,319
21,SET,151,349
21,SET,152,341
21,SET,153,297
21,SET,154,310
21,SET,155,315
21,SET,156,295
21,SET,157,315
21,SET,158,299
21,SET,159,293
21,SET,160,287
21,SET,161,282
21,SET,162,290
21,SET,163,285
21,SET,164,250
21,SET,165,240
21,SET,166,250
21,SET,167,243
21,SET,168,240
21,SET,169,226
21,SET,170,232
21,SET,171,211
21,SET,172,233
21,SET,173,230
21,SET,174,204
21,SET,175,192
21,SET,176,169
21,SET,177,184
21,SET,178,164
21,SET,179,181
21,SET,180,169
21,SET,181,178
21,SET,182,174
21,SET,183,169
21,SET,184,149
21,SET,185,168
21,SET,186,146
21,SET,187,133
21,SET,188,114
21,SET,189,127
21,SET,190,129
21,SET,191,115
21,SET,192,128
21,SET,193,124
21,SET,194,111
21,SET,195,120
21,SET,196,116
21,SET,197,112
21,SET,198,109
21,SET,199,113
21,SET,200,113
21,SET,201,90
21,SET,202,108
21,SET,203,99
21,SET,204,88
21,SET,205,70
21,SET,206,83
21,SET,207,85
21,SET,208,81
21,SET,209,68
21,SET,210,91
21,SET,211,77
21,SET,212,92
21,SET,213,72
21,SET,214,81
21,SET,215,88
21,SET,216,65
21,SET,217,57
21,SET,218,63
21,SET,219,83
21,SET,220,63
21,SET,221,74
21,SET,222,52
21,SET,223,79
21,SET,224,65
21,SET,225,49
21,SET,226,54
21,SET,227,54
21,SET,228,54
21,SET,229,58
21,SET,230,48
21,SET,231,49
21,SET,232,59
21,SET,233,43
21,SET,234,39
21,SET,235,44
21,SET,236,57
21,SET,237,50
21,SET,238,35
21,SET,239,41
21,SET,240,39
21,SET,241,28
21,SET,242,35
21,SET,243,53
21,SET,244,27
21,SET,245,42
21,SET,246,35
21,SET,247,31
21,SET,248,45
21,SET,249,47
21,SET,250,40
21,SET,251,28
21,SET,252,34
21,SET,253,27
21,SET,254,28
21,SET,255,30
21,SET,257,70
21,SET,259,73
21,SET,261,52
21,SET,263,47
21,SET,265,52
21,SET,267,59
21,SET,269,48
21,SET,271,51
21,SET,273,49
21,SET,275,40
21,SET,277,36
21,SET,279,34
21,SET,281,41
21,SET,283,35
21,SET,285,26
21,SET,287,33
21,SET,289,36
21,SET,291,30
21,SET,293,22
21,SET,295,27
21,SET,297,27
21,SET,299,25
21,SET,301,33
21,SET,303,27
21,SET,305,21
21,SET,307,23
21,SET,309,19
21,SET,311,18
21,SET,313,17
21,SET,315,21
21,SET,317,16
21,SET,319,18
21,SET,321,12
21,SET,323,14
21,SET,325,16
21,SET,327,6
21,SET,329,12
21,SET,331,14
21,SET,333,6
21,SET,335,9
21,SET,337,8
21,SET,339,10
21,SET,341,11
21,SET,343,8
21,SET,345,5
21,SET,347,1
21,SET,349,7
21,SET,351,4
21,SET,353,1
21,SET,355,5
21,SET,357,4
21,SET,359,4
21,SET,361,8
21,SET,363,3
21,SET,365,7
21,SET,367,1
21,SET,369,2
21,SET,371,4
21,SET,373,4
21,SET,375,4
21,SET,377,2
21,SET,379,4
21,SET,381,2
21,SET,383,3
21,SET,385,2
21,SET,387,3
21,SET,389,3
21,SET,393,3
21,SET,395,1
21,SET,397,1
21,SET,403,2
21,SET,405,2
21,SET,407,1
21,SET,409,2
21,SET,411,3
21,SET,417,2
21,SET,421,1
21,SET,427,1
21,SET,431,1
21,SET,435,2
21,SET,439,1
21,SET,441,1
21,SET,449,2
21,SET,457,1
21,SET,467,2
21,SET,469,1
21,SET,487,1
21,SET,515,1
21,SET,563,1
21,SET,583,1
21,SET,611,2
21,SET,615,2
21,SET,623,2
21,SET,631,1
21,SET,635,1
21,SET,651,2
21,SET,663,1
21,SET,695,1
21,SET,699,1
21,SET,879,1
21,SET,959,1
21,SET,1031,1
21,SET,1471,1
21,SET,1599,1
21,SET,1655,1
21,SET,1855,2
21,SET,1967,1
21,SET,2159,1
21,SET,2191,1
21,SET,2303,1
21,SET,2383,1
21,SET,2415,2
21,SET,2751,1
21,DEL,76,1
21,DEL,77,3
21,DEL,78,6
21,DEL,79,20
21,DEL,80,20
21,DEL,81,38
21,DEL,82,51
21,DEL,83,69
21,DEL,84,80
21,DEL,85,77
21,DEL,86,143
21,DEL,87,183
21,DEL,88,198
21,DEL,89,217
21,DEL,90,293
21,DEL,91,274
21,DEL,92,355
21,DEL,93,434
21,DEL,94,442
21,DEL,95,513
21,DEL,96,554
21,DEL,97,578
21,DEL,98,626
21,DEL,99,779
21,DEL,100,848
21,DEL,101,841
21,DEL,102,942
21,DEL,103,1040
21,DEL,104,1031
21,DEL,105,1129
21,DEL,106,1223
21,DEL,107,1237
21,DEL,108,1321
21,DEL,109,1323
21,DEL,110,1434
21,DEL,111,1416
21,DEL,112,1488
21,DEL,113,1547
21,DEL,114,1590
21,DEL,115,1642
21,DEL,116,1665
21,DEL,117,1745
21,DEL,118,1730
21,DEL,119,1761
21,DEL,120,1836
21,DEL,121,1802
21,DEL,122,1809
21,DEL,123,1862
21,DEL,124,1940
21,DEL,125,1876
21,DEL,126,2005
21,DEL,127,2013
21,DEL,128,1893
21,DEL,129,1916
21,DEL,130,1920
21,DEL,131,1985
21,DEL,132,1940
21,DEL,133,1914
21,DEL,134,1986
21,DEL,135,1962
21,DEL,136,1949
21,DEL,137,1871
21,DEL,138,1866
21,DEL,139,1870
21,DEL,140,1904
21,DEL,141,1880
21,DEL,142,1760
21,DEL,143,1786
21,DEL,144,1796
21,DEL,145,1702
21,DEL,146,1698
21,DEL,147,1739
21,DEL,148,1754
21,DEL,149,1735
21,DEL,150,1669
21,DEL,151,1590
21,DEL,152,1493
21,DEL,153,1530
21,DEL,154,1488
21,DEL,155,1476
21,DEL,156,1424
21,DEL,157,1361
21,DEL,158,1401
21,DEL,159,1328
21,DEL,160,1324
21,DEL,161,1237
21,DEL,162,1231
21,DEL,163,1209
21,DEL,164,1186
21,DEL,165,1125
21,DEL,166,1100
21,DEL,167,1084
21,DEL,168,1031
21,DEL,169,1036
21,DEL,170,1036
21,DEL,171,954
21,DEL,172,911
21,DEL,173,902
21,DEL,174,905
21,DEL,175,882
21,DEL,176,875
21,DEL,177,871
21,DEL,178,794
21,DEL,179,770
21,DEL,180,697
21,DEL,181,755
21,DEL,182,698
21,DEL,183,770
21,DEL,184,684
21,DEL,185,625
21,DEL,186,628
21,DEL,187,603
21,DEL,188,637
21,DEL,189,646
21,DEL,190,555
21,DEL,191,524
21,DEL,192,527
21,DEL,193,496
21,DEL,194,496
21,DEL,195,513
21,DEL,196,496
21,DEL,197,489
21,DEL,198,459
21,DEL,199,448
21,DEL,200,433
21,DEL,201,436
21,DEL,202,436
21,DEL,203,401
21,DEL,204,415
21,DEL,205,400
21,DEL,206,413
21,DEL,207,389
21,DEL,208,334
21,DEL,209,358
21,DEL,210,332
21,DEL,211,343
21,DEL,212,325
21,DEL,213,308
21,DEL,214,334
21,DEL,215,306
21,DEL,216,300
21,DEL,217,320
21,DEL,218,309
21,DEL,219,289
21,DEL,220,275
21,DEL,221,257
21,DEL,222,281
21,DEL,223,272
21,DEL,224,300
21,DEL,225,235
21,DEL,226,228
21,DEL,227,244
21,DEL,228,233
21,DEL,229,258
21,DEL,230,216
21,DEL,231,224
21,DEL,232,221
21,DEL,233,237
21,DEL,234,209
21,DEL,235,222
21,DEL,236,184
21,DEL,237,180
21,DEL,238,201
21,DEL,239,194
21,DEL,240,205
21,DEL,241,202
21,DEL,242,171
21,DEL,243,192
21,DEL,244,179
21,DEL,245,189
21,DEL,246,162
21,DEL,247,180
21,DEL,248,161
21,DEL,249,139
21,DEL,250,175
21,DEL,251,174
21,DEL,252,153
21,DEL,253,154
21,DEL,254,163
21,DEL,255,133
21,DEL,257,289
21,DEL,259,263
21,DEL,261,279
21,DEL,263,243
21,DEL,265,210
21,DEL,267,218
21,DEL,269,199
21,DEL,271,193
21,DEL,273,202
21,DEL,275,187
21,DEL,277,179
21,DEL,279,168
21,DEL,281,173
21,DEL,283,155
21,DEL,285,136
21,DEL,287,152
21,DEL,289,130
21,DEL,291,143
21,DEL,293,110
21,DEL,295,126
21,DEL,297,128
21,DEL,299,112
21,DEL,301,97
21,DEL,303,104
21,DEL,305,78
21,DEL,307,82
21,DEL,309,90
21,DEL,311,68
21,DEL,313,69
21,DEL,315,46
21,DEL,317,59
21,DEL,319,57
21,DEL,321,49
21,DEL,323,48
21,DEL,325,47
21,DEL,327,45
21,DEL,329,42
21,DEL,331,42
21,DEL,333,38
21,DEL,335,41
21,DEL,337,34
21,DEL,339,34
21,DEL,341,28
21,DEL,343,24
21,DEL,345,25
21,DEL,347,20
21,DEL,349,24
21,DEL,351,16
21,DEL,353,25
21,DEL,355,17
21,DEL,357,18
21,DEL,359,20
21,DEL,361,13
21,DEL,363,16
21,DEL,365,17
21,DEL,367,13
21,DEL,369,14
21,DEL,371,7
21,DEL,373,13
21,DEL,375,9
21,DEL,377,4
21,DEL,379,8
21,DEL,381,2
21,DEL,383,14
21,DEL,385,5
21,DEL,387,1
21,DEL,389,3
21,DEL,391,6
21,DEL,393,6
21,DEL,395,4
21,DEL,397,4
21,DEL,399,2
21,DEL,401,3
21,DEL,403,6
21,DEL,405,6
21,DEL,407,1
21,DEL,409,6
21,DEL,411,2
21,DEL,413,4
21,DEL,415,1
21,DEL,417,3
21,DEL,419,3
21,DEL,421,7
21,DEL,423,5
21,DEL,425,4
21,DEL,427,4
21,DEL,429,5
21,DEL,431,5
21,DEL,433,2
21,DEL,435,1
21,DEL,437,5
21,DEL,439,3
21,DEL,441,2
21,DEL,443,3
21,DEL,447,1
21,DEL,451,1
21,DEL,453,1
21,DEL,455,4
21,DEL,461,2
21,DEL,463,3
21,DEL,467,1
21,DEL,475,2
21,DEL,481,2
21,DEL,485,1
21,DEL,487,1
21,DEL,491,2
21,DEL,493,1
21,DEL,497,1
21,DEL,499,2
21,DEL,509,3
21,DEL,523,3
21,DEL,527,2
21,DEL,535,2
21,DEL,539,2
21,DEL,543,2
21,DEL,547,2
21,DEL,559,2
21,DEL,563,1
21,DEL,567,1
21,DEL,571,1
21,DEL,575,3
21,DEL,579,1
21,DEL,587,2
21,DEL,591,1
21,DEL,595,1
21,DEL,599,5
21,DEL,607,1
21,DEL,611,3
21,DEL,619,1
21,DEL,623,1
21,DEL,627,2
21,DEL,631,1
21,DEL,643,1
21,DEL,647,1
21,DEL,651,1
21,DEL,655,2
21,DEL,659,1
21,DEL,667,3
21,DEL,671,1
21,DEL,683,1
21,DEL,691,3
21,DEL,695,1
21,DEL,711,1
21,DEL,715,1
21,DEL,719,1
21,DEL,727,1
21,DEL,731,1
21,DEL,735,1
21,DEL,759,1
21,DEL,763,1
21,DEL,767,1
21,DEL,775,1
21,DEL,783,1
21,DEL,795,1
21,DEL,799,1
21,DEL,803,2
21,DEL,815,2
21,DEL,831,1
21,DEL,863,1
21,DEL,879,1
21,DEL,891,1
21,DEL,931,1
21,DEL,1223,2
21,DEL,1239,1
21,DEL,1247,1
21,DEL,1351,1
21,DEL,1383,1
21,DEL,1391,1
21,DEL,1415,1
21,DEL,1423,1
21,DEL,1455,1
21,DEL,1519,1
21,DEL,1527,1
21,DEL,1567,1
21,DEL,1583,1
21,DEL,1607,1
21,DEL,1679,1
21,DEL,1727,1
21,DEL,1735,1
21,DEL,1759,2
21,DEL,1775,1
21,DEL,1799,1
21,DEL,1815,1
21,DEL,1831,1
21,DEL,1847,1
21,DEL,1855,1
21,DEL,1871,1
21,DEL,1879,1
21,DEL,1887,1
21,DEL,1919,1
21,DEL,1927,1
21,DEL,1935,1
21,DEL,1943,2
21,DEL,1967,3
21,DEL,2007,1
21,DEL,2047,1
21,DEL,2063,2
21,DEL,2079,1
21,DEL,2095,4
21,DEL,2111,1
21,DEL,2143,1
21,DEL,2159,2
21,DEL,2175,2
21,DEL,2191,2
21,DEL,2223,1
21,DEL,2239,2
21,DEL,2255,1
21,DEL,2271,1
21,DEL,2287,2
21,DEL,2303,2
21,DEL,2319,1
21,DEL,2335,2
21,DEL,2351,1
21,DEL,2367,2
21,DEL,2383,1
21,DEL,2399,2
21,DEL,2415,2
21,DEL,2463,1
21,DEL,2495,1
21,DEL,2511,1
21,DEL,2591,1
21,DEL,3615,1
21,DEL,6815,1
21,GET,74,1
21,GET,75,1
21,GET,76,14
21,GET,77,17
21,GET,78,31
21,GET,79,34
21,GET,80,72
21,GET,81,105
21,GET,82,159
21,GET,83,201
21,GET,84,268
21,GET,85,338
21,GET,86,451
21,GET,87,491
21,GET,88,658
21,GET,89,696
21,GET,90,781
21,GET,91,884
21,GET,92,1056
21,GET,93,1242
21,GET,94,1320
21,GET,95,1480
21,GET,96,1626
21,GET,97,1855
21,GET,98,1996
21,GET,99,2285
21,GET,100,2500
21,GET,101,2577
21,GET,102,2778
21,GET,103,2981
21,GET,104,3266
21,GET,105,3263
21,GET,106,3517
21,GET,107,3503
21,GET,108,3668
21,GET,109,3796
21,GET,110,4003
21,GET,111,4078
21,GET,112,4214
21,GET,113,4253
21,GET,114,4494
21,GET,115,4653
21,GET,116,4703
21,GET,117,4812
21,GET,118,4969
21,GET,119,5116
21,GET,120,5154
21,GET,121,5281
21,GET,122,5433
21,GET,123,5537
21,GET,124,5341
21,GET,125,5457
21,GET,126,5470
21,GET,127,5531
21,GET,128,5586
21,GET,129,5339
21,GET,130,5370
21,GET,131,5458
21,GET,132,5498
21,GET,133,5318
21,GET,134,5410
21,GET,135,5240
21,GET,136,5445
21,GET,137,5294
21,GET,138,5361
21,GET,139,5274
21,GET,140,5187
21,GET,141,5122
21,GET,142,5047
21,GET,143,4991
21,GET,144,4913
21,GET,145,4890
21,GET,146,4799
21,GET,147,4657
21,GET,148,4634
21,GET,149,4619
21,GET,150,4402
21,GET,151,4358
21,GET,152,4155
21,GET,153,4177
21,GET,154,4005
21,GET,155,4072
21,GET,156,3956
21,GET,157,3969
21,GET,158,3841
21,GET,159,3656
21,GET,160,3594
21,GET,161,3380
21,GET,162,3482
21,GET,163,3253
21,GET,164,3380
21,GET,165,3186
21,GET,166,3114
21,GET,167,2914
21,GET,168,2963
21,GET,169,2884
21,GET,170,2702
21,GET,171,2756
21,GET,172,2634
21,GET,173,2517
21,GET,174,2397
21,GET,175,2403
21,GET,176,2374
21,GET,177,2225
21,GET,178,2168
21,GET,179,2141
21,GET,180,2111
21,GET,181,1992
21,GET,182,1906
21,GET,183,1920
21,GET,184,1879
21,GET,185,1800
21,GET,186,1763
21,GET,187,1692
21,GET,188,1700
21,GET,189,1608
21,GET,190,1580
21,GET,191,1523
21,GET,192,1509
21,GET,193,1425
21,GET,194,1438
21,GET,195,1322
21,GET,196,1328
21,GET,197,1302
21,GET,198,1285
21,GET,199,1283
21,GET,200,1231
21,GET,201,1151
21,GET,202,1168
21,GET,203,1168
21,GET,204,1111
21,GET,205,1064
21,GET,206,1023
21,GET,207,1002
21,GET,208,975
21,GET,209,1051
21,GET,210,972
21,GET,211,938
21,GET,212,951
21,GET,213,911
21,GET,214,842
21,GET,215,805
21,GET,216,808
21,GET,217,875
21,GET,218,795
21,GET,219,774
21,GET,220,781
21,GET,221,742
21,GET,222,717
21,GET,223,750
21,GET,224,719
21,GET,225,750
21,GET,226,648
21,GET,227,699
21,GET,228,669
21,GET,229,637
21,GET,230,628
21,GET,231,610
21,GET,232,624
21,GET,233,589
21,GET,234,598
21,GET,235,568
21,GET,236,566
21,GET,237,513
21,GET,238,554
21,GET,239,535
21,GET,240,514
21,GET,241,497
21,GET,242,490
21,GET,243,497
21,GET,244,481
21,GET,245,489
21,GET,246,469
21,GET,247,484
21,GET,248,435
21,GET,249,458
21,GET,250,446
21,GET,251,420
21,GET,252,442
21,GET,253,445
21,GET,254,396
21,GET,255,420
21,GET,257,818
21,GET,259,773
21,GET,261,709
21,GET,263,624
21,GET,265,620
21,GET,267,642
21,GET,269,632
21,GET,271,576
21,GET,273,566
21,GET,275,566
21,GET,277,486
21,GET,279,487
21,GET,281,434
21,GET,283,436
21,GET,285,430
21,GET,287,365
21,GET,289,376
21,GET,291,355
21,GET,293,345
21,GET,295,335
21,GET,297,288
21,GET,299,276
21,GET,301,261
21,GET,303,250
21,GET,305,253
21,GET,307,216
21,GET,309,222
21,GET,311,187
21,GET,313,168
21,GET,315,178
21,GET,317,173
21,GET,319,161
21,GET,321,121
21,GET,323,123
21,GET,325,120
21,GET,327,113
21,GET,329,108
21,GET,331,98
21,GET,333,112
21,GET,335,109
21,GET,337,101
21,GET,339,84
21,GET,341,69
21,GET,343,64
21,GET,345,58
21,GET,347,62
21,GET,349,59
21,GET,351,50
21,GET,353,51
21,GET,355,43
21,GET,357,53
21,GET,359,29
21,GET,361,40
21,GET,363,43
21,GET,365,34
21,GET,367,34
21,GET,369,25
21,GET,371,31
21,GET,373,29
21,GET,375,32
21,GET,377,25
21,GET,379,29
21,GET,381,26
21,GET,383,16
21,GET,385,25
21,GET,387,19
21,GET,389,24
21,GET,391,12
21,GET,393,15
21,GET,395,17
21,GET,397,17
21,GET,399,21
21,GET,401,4
21,GET,403,15
21,GET,405,6
21,GET,407,12
21,GET,409,11
21,GET,411,5
21,GET,413,7
21,GET,415,12
21,GET,417,10
21,GET,419,7
21,GET,421,10
21,GET,423,8
21,GET,425,3
21,GET,427,8
21,GET,429,6
21,GET,431,5
21,GET,433,7
21,GET,435,4
21,GET,437,5
21,GET,439,4
21,GET,441,10
21,GET,443,7
21,GET,445,6
21,GET,447,5
21,GET,449,4
21,GET,451,4
21,GET,453,11
21,GET,455,5
21,GET,457,4
21,GET,459,3
21,GET,461,3
21,GET,463,6
21,GET,465,8
21,GET,467,2
21,GET,469,3
21,GET,471,2
21,GET,473,4
21,GET,475,3
21,GET,477,4
21,GET,479,8
21,GET,481,3
21,GET,483,5
21,GET,485,1
21,GET,487,2
21,GET,489,3
21,GET,491,2
21,GET,493,4
21,GET,495,4
21,GET,497,2
21,GET,499,5
21,GET,503,4
21,GET,505,3
21,GET,507,1
21,GET,509,2
21,GET,511,3
21,GET,515,7
21,GET,519,4
21,GET,523,5
21,GET,527,6
21,GET,531,2
21,GET,535,3
21,GET,539,7
21,GET,543,5
21,GET,547,6
21,GET,551,7
21,GET,555,3
21,GET,559,4
21,GET,563,2
21,GET,567,4
21,GET,571,3
21,GET,575,3
21,GET,579,3
21,GET,583,1
21,GET,587,7
21,GET,591,5
21,GET,599,2
21,GET,603,2
21,GET,607,3
21,GET,611,1
21,GET,615,1
21,GET,619,1
21,GET,623,4
21,GET,631,4
21,GET,635,2
21,GET,639,3
21,GET,643,2
21,GET,647,1
21,GET,651,4
21,GET,659,2
21,GET,663,3
21,GET,667,1
21,GET,671,1
21,GET,675,1
21,GET,679,1
21,GET,683,3
21,GET,687,2
21,GET,691,5
21,GET,695,4
21,GET,699,2
21,GET,703,1
21,GET,707,2
21,GET,711,2
21,GET,715,2
21,GET,719,3
21,GET,723,2
21,GET,727,1
21,GET,739,1
21,GET,743,2
21,GET,747,1
21,GET,751,2
21,GET,755,2
21,GET,767,2
21,GET,779,1
21,GET,787,3
21,GET,795,2
21,GET,803,1
21,GET,811,1
21,GET,819,2
21,GET,823,1
21,GET,831,2
21,GET,839,2
21,GET,867,2
21,GET,871,1
21,GET,895,1
21,GET,915,1
21,GET,919,1
21,GET,939,2
21,GET,943,1
21,GET,959,1
21,GET,967,1
21,GET,995,1
21,GET,1055,2
21,GET,1087,1
21,GET,1095,1
21,GET,1111,2
21,GET,1151,1
21,GET,1167,2
21,GET,1175,1
21,GET,1199,1
21,GET,1215,2
21,GET,1303,3
21,GET,1319,1
21,GET,1335,1
21,GET,1351,1
21,GET,1359,1
21,GET,1367,1
21,GET,1375,1
21,GET,1383,1
21,GET,1391,2
21,GET,1415,1
21,GET,1431,1
21,GET,1439,1
21,GET,1447,2
21,GET,1455,1
21,GET,1463,2
21,GET,1479,1
21,GET,1535,2
21,GET,1543,2
21,GET,1559,1
21,GET,1575,1
21,GET,1583,1
21,GET,1615,2
21,GET,1623,2
21,GET,1631,2
21,GET,1639,1
21,GET,1655,1
21,GET,1663,2
21,GET,1671,1
21,GET,1679,1
21,GET,1703,4
21,GET,1711,1
21,GET,1735,1
21,GET,1751,1
21,GET,1759,5
21,GET,1767,2
21,GET,1775,2
21,GET,1791,1
21,GET,1815,1
21,GET,1823,4
21,GET,1831,2
21,GET,1839,2
21,GET,1847,1
21,GET,1855,2
21,GET,1863,1
21,GET,1879,1
21,GET,1895,1
21,GET,1903,1
21,GET,1911,2
21,GET,1919,2
21,GET,1927,1
21,GET,1935,1
21,GET,1943,2
21,GET,1951,2
21,GET,1959,1
21,GET,1975,1
21,GET,1991,1
21,GET,1999,1
21,GET,2007,2
21,GET,2015,3
21,GET,2039,2
21,GET,2063,2
21,GET,2079,1
21,GET,2095,3
21,GET,2111,4
21,GET,2127,3
21,GET,2143,1
21,GET,2159,6
21,GET,2175,6
21,GET,2191,3
21,GET,2207,3
21,GET,2223,4
21,GET,2239,4
21,GET,2255,2
21,GET,2271,3
21,GET,2287,3
21,GET,2303,8
21,GET,2319,2
21,GET,2335,4
21,GET,2351,4
21,GET,2367,4
21,GET,2399,1
21,GET,2415,3
21,GET,2431,8
21,GET,2447,2
21,GET,2479,1
21,GET,2495,3
21,GET,2511,2
21,GET,2527,1
21,GET,2559,1
21,GET,2591,1
21,GET,2623,1
21,GET,2639,1
21,GET,2655,1
21,GET,2671,1
21,GET,2831,1
21,GET,2895,1
21,GET,2927,1
21,GET,2991,1
21,GET,3359,1
21,GET,3519,1
21,GET,4015,1
21,GET,7711,1
22,SET,82,4
22,SET,83,5
22,SET,84,1
22,SET,85,6
22,SET,86,8
22,SET,87,9
22,SET,88,12
22,SET,89,23
22,SET,90,26
22,SET,91,29
22,SET,92,31
22,SET,93,50
22,SET,94,53
22,SET,95,60
22,SET,96,56
22,SET,97,62
22,SET,98,103
22,SET,99,99
22,SET,100,105
22,SET,101,108
22,SET,102,134
22,SET,103,121
22,SET,104,169
22,SET,105,152
22,SET,106,192
22,SET,107,170
22,SET,108,207
22,SET,109,216
22,SET,110,204
22,SET,111,227
22,SET,112,226
22,SET,113,263
22,SET,114,283
22,SET,115,258
22,SET,116,288
22,SET,117,305
22,SET,118,313
22,SET,119,317
22,SET,120,315
22,SET,121,345
22,SET,122,327
22,SET,123,331
22,SET,124,335
22,SET,125,420
22,SET,126,356
22,SET,127,354
22,SET,128,359
22,SET,129,340
22,SET,130,357
22,SET,131,375
22,SET,132,385
22,SET,133,365
22,SET,134,374
22,SET,135,418
22,SET,136,346
22,SET,137,367
22,SET,138,383
22,SET,139,372
22,SET,140,327
22,SET,141,362
22,SET,142,375
22,SET,143,369
22,SET,144,371
22,SET,145,350
22,SET,146,363
22,SET,147,390
22,SET,148,362
22,SET,149,367
22,SET,150,332
22,SET,151,345
22,SET,152,349
22,SET,153,313
22,SET,154,327
22,SET,155,308
22,SET,156,299
22,SET,157,332
22,SET,158,305
22,SET,159,293
22,SET,160,273
22,SET,161,272
22,SET,162,270
22,SET,163,293
22,SET,164,254
22,SET,165,274
22,SET,166,270
22,SET,167,255
22,SET,168,244
22,SET,169,228
22,SET,170,229
22,SET,171,205
22,SET,172,231
22,SET,173,207
22,SET,174,217
22,SET,175,199
22,SET,176,183
22,SET,177,191
22,SET,178,189
22,SET,179,177
22,SET,180,180
22,SET,181,170
22,SET,182,166
22,SET,183,148
22,SET,184,186
22,SET,185,155
22,SET,186,148
22,SET,187,168
22,SET,188,140
22,SET,189,131
22,SET,190,134
22,SET,191,142
22,SET,192,133
22,SET,193,113
22,SET,194,114
22,SET,195,124
22,SET,196,112
22,SET,197,125
22,SET,198,121
22,SET,199,115
22,SET,200,107
22,SET,201,92
22,SET,202,99
22,SET,203,88
22,SET,204,89
22,SET,205,93
22,SET,206,101
22,SET,207,92
22,SET,208,86
22,SET,209,78
22,SET,210,84
22,SET,211,84
22,SET,212,93
22,SET,213,59
22,SET,214,70
22,SET,215,75
22,SET,216,75
22,SET,217,62
22,SET,218,55
22,SET,219,56
22,SET,220,55
22,SET,221,71
22,SET,222,64
22,SET,223,45
22,SET,224,54
22,SET,225,57
22,SET,226,44
22,SET,227,65
22,SET,228,44
22,SET,229,47
22,SET,230,56
22,SET,231,47
22,SET,232,58
22,SET,233,48
22,SET,234,40
22,SET,235,41
22,SET,236,46
22,SET,237,52
22,SET,238,34
22,SET,239,47
22,SET,240,44
22,SET,241,49
22,SET,242,39
22,SET,243,38
22,SET,244,45
22,SET,245,42
22,SET,246,37
22,SET,247,34
22,SET,248,26
22,SET,249,36
22,SET,250,30
22,SET,251,28
22,SET,252,40
22,SET,253,35
22,SET,254,34
22,SET,255,40
22,SET,257,64
22,SET,259,60
22,SET,261,76
22,SET,263,53
22,SET,265,69
22,SET,267,55
22,SET,269,49
22,SET,271,41
22,SET,273,39
22,SET,275,40
22,SET,277,39
22,SET,279,43
22,SET,281,40
22,SET,283,41
22,SET,285,37
22,SET,287,19
22,SET,289,29
22,SET,291,31
22,SET,293,24
22,SET,295,28
22,SET,297,31
22,SET,299,30
22,SET,301,31
22,SET,303,13
22,SET,305,22
22,SET,307,19
22,SET,309,18
22,SET,311,19
22,SET,313,14
22,SET,315,21
22,SET,317,17
22,SET,319,21
22,SET,321,13
22,SET,323,9
22,SET,325,15
22,SET,327,12
22,SET,329,8
22,SET,331,8
22,SET,333,4
22,SET,335,8
22,SET,337,9
22,SET,339,10
22,SET,341,4
22,SET,343,3
22,SET,345,4
22,SET,347,15
22,SET,349,8
22,SET,351,7
22,SET,353,3
22,SET,355,3
22,SET,357,2
22,SET,359,5
22,SET,361,3
22,SET,363,2
22,SET,365,3
22,SET,367,3
22,SET,369,3
22,SET,371,3
22,SET,373,3
22,SET,375,4
22,SET,377,2
22,SET,379,3
22,SET,381,1
22,SET,383,2
22,SET,385,3
22,SET,387,1
22,SET,389,3
22,SET,391,4
22,SET,393,1
22,SET,395,1
22,SET,397,2
22,SET,399,2
22,SET,401,2
22,SET,403,1
22,SET,405,1
22,SET,411,2
22,SET,413,1
22,SET,415,1
22,SET,417,2
22,SET,421,4
22,SET,427,1
22,SET,443,1
22,SET,445,1
22,SET,457,1
22,SET,459,2
22,SET,475,2
22,SET,479,1
22,SET,483,1
22,SET,493,1
22,SET,499,2
22,SET,501,1
22,SET,503,1
22,SET,507,1
22,SET,523,2
22,SET,531,1
22,SET,547,3
22,SET,563,2
22,SET,571,2
22,SET,579,1
22,SET,595,1
22,SET,599,1
22,SET,611,1
22,SET,639,1
22,SET,675,1
22,SET,803,1
22,SET,855,1
22,SET,1055,1
22,SET,1391,1
22,SET,1735,1
22,SET,1743,1
22,SET,1799,1
22,SET,1847,1
22,SET,1855,1
22,SET,1863,2
22,SET,2239,1
22,SET,2255,1
22,SET,2287,1
22,SET,2351,1
22,SET,2367,1
22,SET,2527,1
22,DEL,76,2
22,DEL,78,6
22,DEL,79,6
22,DEL,80,6
22,DEL,81,23
22,DEL,82,22
22,DEL,83,46
22,DEL,84,61
22,DEL,85,65
22,DEL,86,83
22,DEL,87,124
22,DEL,88,143
22,DEL,89,153
22,DEL,90,233
22,DEL,91,241
22,DEL,92,302
22,DEL,93,347
22,DEL,94,396
22,DEL,95,471
22,DEL,96,552
22,DEL,97,585
22,DEL,98,647
22,DEL,99,690
22,DEL,100,775
22,DEL,101,795
22,DEL,102,876
22,DEL,103,971
22,DEL,104,1044
22,DEL,105,1076
22,DEL,106,1110
22,DEL,107,1145
22,DEL,108,1216
22,DEL,109,1301
22,DEL,110,1303
22,DEL,111,1402
22,DEL,112,1483
22,DEL,113,1502
22,DEL,114,1518
22,DEL,115,1582
22,DEL,116,1566
22,DEL,117,1648
22,DEL,118,1680
22,DEL,119,1771
22,DEL,120,1737
22,DEL,121,1840
22,DEL,122,1893
22,DEL,123,1836
22,DEL,124,1988
22,DEL,125,1879
22,DEL,126,1897
22,DEL,127,1905
22,DEL,128,1992
22,DEL,129,1917
22,DEL,130,1880
22,DEL,131,1923
22,DEL,132,1944
22,DEL,133,1882
22,DEL,134,1888
22,DEL,135,1942
22,DEL,136,1911
22,DEL,137,1884
22,DEL,138,1953
22,DEL,139,1851
22,DEL,140,1816
22,DEL,141,1881
22,DEL,142,1991
22,DEL,143,1795
22,DEL,144,1831
22,DEL,145,1771
22,DEL,146,1739
22,DEL,147,1786
22,DEL,148,1765
22,DEL,149,1748
22,DEL,150,1754
22,DEL,151,1615
22,DEL,152,1580
22,DEL,153,1569
22,DEL,154,1506
22,DEL,155,1419
22,DEL,156,1439
22,DEL,157,1378
22,DEL,158,1437
22,DEL,159,1351
22,DEL,160,1327
22,DEL,161,1352
22,DEL,162,1258
22,DEL,163,1267
22,DEL,164,1180
22,DEL,165,1173
22,DEL,166,1171
22,DEL,167,1153
22,DEL,168,1129
22,DEL,169,1019
22,DEL,170,1018
22,DEL,171,1003
22,DEL,172,1013
22,DEL,173,929
22,DEL,174,907
22,DEL,175,935
22,DEL,176,863
22,DEL,177,789
22,DEL,178,890
22,DEL,179,848
22,DEL,180,765
22,DEL,181,782
22,DEL,182,823
22,DEL,183,737
22,DEL,184,720
22,DEL,185,697
22,DEL,186,680
22,DEL,187,607
22,DEL,188,602
22,DEL,189,591
22,DEL,190,582
22,DEL,191,551
22,DEL,192,569
22,DEL,193,579
22,DEL,194,559
22,DEL,195,527
22,DEL,196,471
22,DEL,197,453
22,DEL,198,502
22,DEL,199,470
22,DEL,200,486
22,DEL,201,482
22,DEL,202,444
22,DEL,203,415
22,DEL,204,462
22,DEL,205,390
22,DEL,206,413
22,DEL,207,397
22,DEL,208,382
22,DEL,209,367
22,DEL,210,381
22,DEL,211,322
22,DEL,212,353
22,DEL,213,305
22,DEL,214,315
22,DEL,215,331
22,DEL,216,340
22,DEL,217,313
22,DEL,218,288
22,DEL,219,298
22,DEL,220,300
22,DEL,221,279
22,DEL,222,273
22,DEL,223,247
22,DEL,224,274
22,DEL,225,233
22,DEL,226,222
22,DEL,227,258
22,DEL,228,235
22,DEL,229,225
22,DEL,230,247
22,DEL,231,250
22,DEL,232,215
22,DEL,233,221
22,DEL,234,217
22,DEL,235,197
22,DEL,236,220
22,DEL,237,196
22,DEL,238,207
22,DEL,239,180
22,DEL,240,183
22,DEL,241,183
22,DEL,242,193
22,DEL,243,162
22,DEL,244,187
22,DEL,245,161
22,DEL,246,192
22,DEL,247,190
22,DEL,248,180
22,DEL,249,204
22,DEL,250,165
22,DEL,251,169
22,DEL,252,154
22,DEL,253,110
22,DEL,254,145
22,DEL,255,148
22,DEL,257,265
22,DEL,259,271
22,DEL,261,224
22,DEL,263,252
22,DEL,265,231
22,DEL,267,199
22,DEL,269,225
22,DEL,271,209
22,DEL,273,184
22,DEL,275,193
22,DEL,277,184
22,DEL,279,171
22,DEL,281,154
22,DEL,283,154
22,DEL,285,147
22,DEL,287,126
22,DEL,289,146
22,DEL,291,142
22,DEL,293,142
22,DEL,295,130
22,DEL,297,109
22,DEL,299,128
22,DEL,301,106
22,DEL,303,112
22,DEL,305,96
22,DEL,307,75
22,DEL,309,76
22,DEL,311,80
22,DEL,313,72
22,DEL,315,67
22,DEL,317,71
22,DEL,319,63
22,DEL,321,63
22,DEL,323,43
22,DEL,325,41
22,DEL,327,42
22,DEL,329,41
22,DEL,331,40
22,DEL,333,45
22,DEL,335,35
22,DEL,337,43
22,DEL,339,34
22,DEL,341,36
22,DEL,343,30
22,DEL,345,35
22,DEL,347,17
22,DEL,349,28
22,DEL,351,28
22,DEL,353,17
22,DEL,355,24
22,DEL,357,26
22,DEL,359,18
22,DEL,361,9
22,DEL,363,15
22,DEL,365,19
22,DEL,367,16
22,DEL,369,17
22,DEL,371,11
22,DEL,373,11
22,DEL,375,15
22,DEL,377,14
22,DEL,379,10
22,DEL,381,8
22,DEL,383,7
22,DEL,385,8
22,DEL,387,7
22,DEL,389,7
22,DEL,391,8
22,DEL,393,5
22,DEL,395,5
22,DEL,397,10
22,DEL,399,4
22,DEL,401,5
22,DEL,403,5
22,DEL,405,7
22,DEL,407,2
22,DEL,409,6
22,DEL,411,2
22,DEL,413,4
22,DEL,415,6
22,DEL,417,4
22,DEL,419,2
22,DEL,421,7
22,DEL,423,5
22,DEL,425,6
22,DEL,427,6
22,DEL,429,3
22,DEL,431,2
22,DEL,433,4
22,DEL,437,4
22,DEL,439,1
22,DEL,441,2
22,DEL,445,3
22,DEL,447,4
22,DEL,449,2
22,DEL,451,2
22,DEL,453,2
22,DEL,455,1
22,DEL,457,1
22,DEL,459,1
22,DEL,461,1
22,DEL,463,2
22,DEL,467,3
22,DEL,469,2
22,DEL,471,3
22,DEL,475,1
22,DEL,477,3
22,DEL,479,2
22,DEL,481,3
22,DEL,485,1
22,DEL,487,2
22,DEL,489,1
22,DEL,493,1
22,DEL,495,2
22,DEL,497,1
22,DEL,501,1
22,DEL,511,1
22,DEL,515,1
22,DEL,519,1
22,DEL,527,2
22,DEL,531,1
22,DEL,535,7
22,DEL,539,1
22,DEL,543,3
22,DEL,551,3
22,DEL,555,1
22,DEL,563,1
22,DEL,567,1
22,DEL,575,3
22,DEL,579,1
22,DEL,583,3
22,DEL,587,3
22,DEL,611,2
22,DEL,619,1
22,DEL,631,1
22,DEL,635,1
22,DEL,639,1
22,DEL,647,2
22,DEL,651,1
22,DEL,659,1
22,DEL,663,1
22,DEL,671,1
22,DEL,683,2
22,DEL,691,1
22,DEL,695,2
22,DEL,699,1
22,DEL,703,1
22,DEL,711,2
22,DEL,715,1
22,DEL,731,1
22,DEL,739,1
22,DEL,743,1
22,DEL,759,1
22,DEL,787,1
22,DEL,799,1
22,DEL,803,3
22,DEL,807,1
22,DEL,819,1
22,DEL,879,1
22,DEL,903,1
22,DEL,907,1
22,DEL,911,1
22,DEL,975,1
22,DEL,991,1
22,DEL,1079,2
22,DEL,1143,1
22,DEL,1183,1
22,DEL,1239,1
22,DEL,1255,1
22,DEL,1263,1
22,DEL,1271,1
22,DEL,1279,1
22,DEL,1295,1
22,DEL,1335,1
22,DEL,1359,1
22,DEL,1391,2
22,DEL,1407,1
22,DEL,1439,1
22,DEL,1479,1
22,DEL,1487,1
22,DEL,1511,1
22,DEL,1535,1
22,DEL,1599,2
22,DEL,1607,1
22,DEL,1623,1
22,DEL,1631,1
22,DEL,1663,1
22,DEL,1679,1
22,DEL,1687,2
22,DEL,1743,1
22,DEL,1751,2
22,DEL,1775,1
22,DEL,1839,1
22,DEL,1855,1
22,DEL,1887,1
22,DEL,1951,1
22,DEL,1959,2
22,DEL,2015,1
22,DEL,2031,1
22,DEL,2063,1
22,DEL,2095,2
22,DEL,2111,1
22,DEL,2127,1
22,DEL,2143,2
22,DEL,2175,4
22,DEL,2191,2
22,DEL,2239,1
22,DEL,2287,3
22,DEL,2303,2
22,DEL,2319,1
22,DEL,2335,1
22,DEL,2351,2
22,DEL,2367,2
22,DEL,2399,1
22,DEL,2415,1
22,DEL,2447,1
22,DEL,2495,1
22,DEL,2527,2
22,DEL,2655,1
22,DEL,2671,1
22,DEL,3199,1
22,DEL,3647,1
22,GET,75,2
22,GET,76,2
22,GET,77,7
22,GET,78,11
22,GET,79,22
22,GET,80,36
22,GET,81,64
22,GET,82,84
22,GET,83,149
22,GET,84,187
22,GET,85,223
22,GET,86,295
22,GET,87,400
22,GET,88,494
22,GET,89,564
22,GET,90,714
22,GET,91,827
22,GET,92,869
22,GET,93,1077
22,GET,94,1200
22,GET,95,1377
22,GET,96,1502
22,GET,97,1656
22,GET,98,1849
22,GET,99,2033
22,GET,100,2289
22,GET,101,2505
22,GET,102,2646
22,GET,103,2754
22,GET,104,2904
22,GET,105,3172
22,GET,106,3417
22,GET,107,3509
22,GET,108,3606
22,GET,109,3722
22,GET,110,3707
22,GET,111,3894
22,GET,112,4047
22,GET,113,4378
22,GET,114,4381
22,GET,115,4538
22,GET,116,4606
22,GET,117,4788
22,GET,118,4943
22,GET,119,4913
22,GET,120,5083
22,GET,121,5216
22,GET,122,5293
22,GET,123,5256
22,GET,124,5271
22,GET,125,5329
22,GET,126,5351
22,GET,127,5504
22,GET,128,5548
22,GET,129,5462
22,GET,130,5299
22,GET,131,5399
22,GET,132,5463
22,GET,133,5485
22,GET,134,5361
22,GET,135,5309
22,GET,136,5380
22,GET,137,5244
22,GET,138,5207
22,GET,139,5344
22,GET,140,5273
22,GET,141,5103
22,GET,142,5239
22,GET,143,5051
22,GET,144,5071
22,GET,145,4859
22,GET,146,4945
22,GET,147,4762
22,GET,148,4744
22,GET,149,4655
22,GET,150,4671
22,GET,151,4307
22,GET,152,4435
22,GET,153,4333
22,GET,154,4240
22,GET,155,4059
22,GET,156,3936
22,GET,157,4094
22,GET,158,3741
22,GET,159,3854
22,GET,160,3687
22,GET,161,3638
22,GET,162,3468
22,GET,163,3473
22,GET,164,3308
22,GET,165,3388
22,GET,166,3300
22,GET,167,3060
22,GET,168,2924
22,GET,169,2958
22,GET,170,2937
22,GET,171,2808
22,GET,172,2698
22,GET,173,2595
22,GET,174,2661
22,GET,175,2513
22,GET,176,2466
22,GET,177,2357
22,GET,178,2335
22,GET,179,2208
22,GET,180,2146
22,GET,181,2007
22,GET,182,2044
22,GET,183,2021
22,GET,184,1973
22,GET,185,1917
22,GET,186,1823
22,GET,187,1787
22,GET,188,1681
22,GET,189,1707
22,GET,190,1720
22,GET,191,1557
22,GET,192,1534
22,GET,193,1482
22,GET,194,1528
22,GET,195,1465
22,GET,196,1364
22,GET,197,1372
22,GET,198,1354
22,GET,199,1310
22,GET,200,1258
22,GET,201,1257
22,GET,202,1174
22,GET,203,1191
22,GET,204,1121
22,GET,205,1125
22,GET,206,1045
22,GET,207,1046
22,GET,208,989
22,GET,209,1000
22,GET,210,919
22,GET,211,953
22,GET,212,939
22,GET,213,912
22,GET,214,855
22,GET,215,863
22,GET,216,848
22,GET,217,812
22,GET,218,803
22,GET,219,795
22,GET,220,795
22,GET,221,752
22,GET,222,709
22,GET,223,753
22,GET,224,741
22,GET,225,679
22,GET,226,679
22,GET,227,701
22,GET,228,676
22,GET,229,609
22,GET,230,613
22,GET,231,606
22,GET,232,597
22,GET,233,585
22,GET,234,604
22,GET,235,542
22,GET,236,564
22,GET,237,550
22,GET,238,568
22,GET,239,496
22,GET,240,531
22,GET,241,516
22,GET,242,479
22,GET,243,504
22,GET,244,477
22,GET,245,490
22,GET,246,464
22,GET,247,405
22,GET,248,469
22,GET,249,406
22,GET,250,443
22,GET,251,440
22,GET,252,461
22,GET,253,381
22,GET,254,391
22,GET,255,379
22,GET,257,811
22,GET,259,735
22,GET,261,697
22,GET,263,672
22,GET,265,658
22,GET,267,635
22,GET,269,579
22,GET,271,596
22,GET,273,542
22,GET,275,540
22,GET,277,475
22,GET,279,462
22,GET,281,464
22,GET,283,430
22,GET,285,405
22,GET,287,395
22,GET,289,405
22,GET,291,351
22,GET,293,327
22,GET,295,319
22,GET,297,315
22,GET,299,305
22,GET,301,273
22,GET,303,251
22,GET,305,235
22,GET,307,262
22,GET,309,209
22,GET,311,219
22,GET,313,182
22,GET,315,189
22,GET,317,163
22,GET,319,140
22,GET,321,159
22,GET,323,152
22,GET,325,138
22,GET,327,123
22,GET,329,124
22,GET,331,116
22,GET,333,109
22,GET,335,94
22,GET,337,93
22,GET,339,86
22,GET,341,89
22,GET,343,74
22,GET,345,84
22,GET,347,67
22,GET,349,60
22,GET,351,74
22,GET,353,54
22,GET,355,50
22,GET,357,62
22,GET,359,43
22,GET,361,46
22,GET,363,45
22,GET,365,29
22,GET,367,40
22,GET,369,34
22,GET,371,32
22,GET,373,27
22,GET,375,24
22,GET,377,25
22,GET,379,34
22,GET,381,32
22,GET,383,17
22,GET,385,20
22,GET,387,26
22,GET,389,22
22,GET,391,17
22,GET,393,12
22,GET,395,17
22,GET,397,18
22,GET,399,15
22,GET,401,14
22,GET,403,12
22,GET,405,9
22,GET,407,10
22,GET,409,8
22,GET,411,10
22,GET,413,8
22,GET,415,9
22,GET,417,11
22,GET,419,11
22,GET,421,9
22,GET,423,10
22,GET,425,10
22,GET,427,10
22,GET,429,6
22,GET,431,3
22,GET,433,9
22,GET,435,5
22,GET,437,4
22,GET,439,8
22,GET,441,12
22,GET,443,11
22,GET,445,5
22,GET,447,3
22,GET,449,8
22,GET,451,4
22,GET,453,1
22,GET,455,3
22,GET,457,6
22,GET,459,5
22,GET,461,8
22,GET,463,7
22,GET,465,5
22,GET,467,4
22,GET,469,1
22,GET,471,1
22,GET,473,5
22,GET,475,1
22,GET,477,6
22,GET,479,2
22,GET,481,6
22,GET,483,5
22,GET,485,7
22,GET,487,5
22,GET,489,3
22,GET,491,1
22,GET,495,4
22,GET,497,6
22,GET,499,2
22,GET,501,2
22,GET,503,3
22,GET,505,3
22,GET,507,2
22,GET,509,2
22,GET,511,2
22,GET,515,3
22,GET,519,5
22,GET,523,8
22,GET,527,3
22,GET,531,6
22,GET,535,1
22,GET,539,5
22,GET,543,6
22,GET,547,5
22,GET,551,7
22,GET,555,1
22,GET,559,6
22,GET,563,2
22,GET,567,2
22,GET,571,4
22,GET,575,3
22,GET,579,1
22,GET,583,8
22,GET,587,5
22,GET,591,6
22,GET,595,3
22,GET,599,3
22,GET,603,1
22,GET,607,2
22,GET,611,5
22,GET,615,6
22,GET,619,2
22,GET,623,3
22,GET,627,5
22,GET,631,2
22,GET,635,2
22,GET,639,3
22,GET,643,2
22,GET,647,3
22,GET,655,3
22,GET,663,5
22,GET,671,1
22,GET,679,7
22,GET,683,1
22,GET,687,1
22,GET,691,1
22,GET,699,2
22,GET,703,2
22,GET,707,1
22,GET,711,4
22,GET,719,1
22,GET,723,1
22,GET,727,1
22,GET,731,2
22,GET,735,5
22,GET,743,2
22,GET,751,3
22,GET,755,3
22,GET,759,2
22,GET,771,2
22,GET,775,4
22,GET,779,2
22,GET,783,3
22,GET,787,1
22,GET,791,1
22,GET,799,2
22,GET,803,2
22,GET,827,1
22,GET,831,1
22,GET,835,1
22,GET,839,1
22,GET,851,1
22,GET,855,2
22,GET,859,3
22,GET,875,1
22,GET,887,1
22,GET,911,1
22,GET,919,1
22,GET,939,1
22,GET,943,1
22,GET,947,1
22,GET,959,2
22,GET,963,1
22,GET,1063,2
22,GET,1071,1
22,GET,1079,1
22,GET,1103,1
22,GET,1111,1
22,GET,1119,1
22,GET,1143,1
22,GET,1159,1
22,GET,1199,1
22,GET,1215,1
22,GET,1223,1
22,GET,1263,1
22,GET,1271,1
22,GET,1287,2
22,GET,1319,1
22,GET,1327,1
22,GET,1335,1
22,GET,1343,1
22,GET,1351,1
22,GET,1375,1
22,GET,1383,1
22,GET,1391,1
22,GET,1399,1
22,GET,1407,1
22,GET,1431,2
22,GET,1439,1
22,GET,1447,1
22,GET,1463,1
22,GET,1495,3
22,GET,1527,3
22,GET,1535,1
22,GET,1543,1
22,GET,1559,2
22,GET,1567,2
22,GET,1575,1
22,GET,1583,1
22,GET,1591,3
22,GET,1599,1
22,GET,1607,1
22,GET,1615,1
22,GET,1623,1
22,GET,1631,3
22,GET,1663,1
22,GET,1671,1
22,GET,1679,1
22,GET,1687,2
22,GET,1695,2
22,GET,1727,2
22,GET,1735,1
22,GET,1767,2
22,GET,1775,1
22,GET,1783,1
22,GET,1791,2
22,GET,1815,1
22,GET,1823,1
22,GET,1847,2
22,GET,1855,1
22,GET,1863,1
22,GET,1871,1
22,GET,1903,2
22,GET,1911,2
22,GET,1919,1
22,GET,1935,2
22,GET,1951,1
22,GET,1959,2
22,GET,1967,2
22,GET,1975,1
22,GET,1983,3
22,GET,1991,1
22,GET,1999,1
22,GET,2007,1
22,GET,2015,1
22,GET,2023,1
22,GET,2031,1
22,GET,2063,2
22,GET,2079,4
22,GET,2095,2
22,GET,2111,3
22,GET,2127,5
22,GET,2143,2
22,GET,2159,8
22,GET,2175,6
22,GET,2191,2
22,GET,2207,7
22,GET,2223,4
22,GET,2239,3
22,GET,2255,3
22,GET,2271,6
22,GET,2287,6
22,GET,2303,3
22,GET,2319,3
22,GET,2335,7
22,GET,2351,4
22,GET,2367,6
22,GET,2383,3
22,GET,2399,4
22,GET,2415,4
22,GET,2431,5
22,GET,2447,1
22,GET,2463,1
22,GET,2479,3
22,GET,2495,3
22,GET,2527,1
22,GET,2543,2
22,GET,2575,1
22,GET,2607,2
22,GET,2735,1
22,GET,2831,1
22,GET,2959,1
22,GET,3583,1
22,GET,3663,1
22,GET,7007,1
22,GET,11007,1
23,SET,81,4
23,SET,82,3
23,SET,83,4
23,SET,84,3
23,SET,85,10
23,SET,86,10
23,SET,87,22
23,SET,88,25
23,SET,89,20
23,SET,90,29
23,SET,91,26
23,SET,92,44
23,SET,93,61
23,SET,94,51
23,SET,95,66
23,SET,96,68
23,SET,97,62
23,SET,98,116
23,SET,99,111
23,SET,100,134
23,SET,101,131
23,SET,102,134
23,SET,103,152
23,SET,104,162
23,SET,105,179
23,SET,106,209
23,SET,107,218
23,SET,108,212
23,SET,109,213
23,SET,110,253
23,SET,111,273
23,SET,112,282
23,SET,113,253
23,SET,114,268
23,SET,115,323
23,SET,116,302
23,SET,117,337
23,SET,118,319
23,SET,119,324
23,SET,120,341
23,SET,121,324
23,SET,122,325
23,SET,123,326
23,SET,124,379
23,SET,125,384
23,SET,126,355
23,SET,127,374
23,SET,128,372
23,SET,129,325
23,SET,130,387
23,SET,131,381
23,SET,132,422
23,SET,133,350
23,SET,134,348
23,SET,135,384
23,SET,136,350
23,SET,137,376
23,SET,138,350
23,SET,139,386
23,SET,140,385
23,SET,141,352
23,SET,142,416
23,SET,143,353
23,SET,144,376
23,SET,145,392
23,SET,146,342
23,SET,147,339
23,SET,148,321
23,SET,149,335
23,SET,150,355
23,SET,151,363
23,SET,152,323
23,SET,153,316
23,SET,154,318
23,SET,155,312
23,SET,156,323
23,SET,157,307
23,SET,158,298
23,SET,159,300
23,SET,160,264
23,SET,161,291
23,SET,162,282
23,SET,163,265
23,SET,164,239
23,SET,165,255
23,SET,166,226
23,SET,167,233
23,SET,168,249
23,SET,169,234
23,SET,170,221
23,SET,171,224
23,SET,172,199
23,SET,173,214
23,SET,174,199
23,SET,175,182
23,SET,176,189
23,SET,177,197
23,SET,178,179
23,SET,179,162
23,SET,180,178
23,SET,181,163
23,SET,182,136
23,SET,183,179
23,SET,184,150
23,SET,185,136
23,SET,186,150
23,SET,187,133
23,SET,188,148
23,SET,189,145
23,SET,190,121
23,SET,191,143
23,SET,192,126
23,SET,193,102
23,SET,194,131
23,SET,195,115
23,SET,196,111
23,SET,197,110
23,SET,198,100
23,SET,199,95
23,SET,200,92
23,SET,201,90
23,SET,202,98
23,SET,203,93
23,SET,204,79
23,SET,205,95
23,SET,206,81
23,SET,207,81
23,SET,208,78
23,SET,209,85
23,SET,210,77
23,SET,211,81
23,SET,212,82
23,SET,213,65
23,SET,214,56
23,SET,215,74
23,SET,216,71
23,SET,217,62
23,SET,218,63
23,SET,219,66
23,SET,220,57
23,SET,221,55
23,SET,222,57
23,SET,223,59
23,SET,224,64
23,SET,225,50
23,SET,226,59
23,SET,227,42
23,SET,228,52
23,SET,229,38
23,SET,230,46
23,SET,231,55
23,SET,232,54
23,SET,233,50
23,SET,234,58
23,SET,235,52
23,SET,236,42
23,SET,237,40
23,SET,238,50
23,SET,239,27
23,SET,240,45
23,SET,241,32
23,SET,242,50
23,SET,243,41
23,SET,244,42
23,SET,245,40
23,SET,246,30
23,SET,247,36
23,SET,248,38
23,SET,249,32
23,SET,250,36
23,SET,251,39
23,SET,252,34
23,SET,253,37
23,SET,254,32
23,SET,255,21
23,SET,257,61
23,SET,259,60
23,SET,261,57
23,SET,263,45
23,SET,265,63
23,SET,267,53
23,SET,269,57
23,SET,271,46
23,SET,273,37
23,SET,275,40
23,SET,277,42
23,SET,279,38
23,SET,281,35
23,SET,283,43
23,SET,285,37
23,SET,287,34
23,SET,289,34
23,SET,291,30
23,SET,293,37
23,SET,295,22
23,SET,297,19
23,SET,299,19
23,SET,301,26
23,SET,303,20
23,SET,305,18
23,SET,307,19
23,SET,309,15
23,SET,311,14
23,SET,313,11
23,SET,315,18
23,SET,317,16
23,SET,319,14
23,SET,321,9
23,SET,323,15
23,SET,325,5
23,SET,327,13
23,SET,329,11
23,SET,331,11
23,SET,333,10
23,SET,335,8
23,SET,337,10
23,SET,339,12
23,SET,341,8
23,SET,343,4
23,SET,345,8
23,SET,347,1
23,SET,349,4
23,SET,351,4
23,SET,353,5
23,SET,355,5
23,SET,357,4
23,SET,359,5
23,SET,361,4
23,SET,363,2
23,SET,365,4
23,SET,367,2
23,SET,369,3
23,SET,371,5
23,SET,373,4
23,SET,375,5
23,SET,377,1
23,SET,379,2
23,SET,381,2
23,SET,385,2
23,SET,387,3
23,SET,391,1
23,SET,393,1
23,SET,395,2
23,SET,397,2
23,SET,401,1
23,SET,403,1
23,SET,407,2
23,SET,409,1
23,SET,411,2
23,SET,419,1
23,SET,421,2
23,SET,429,1
23,SET,431,1
23,SET,437,1
23,SET,447,1
23,SET,451,2
23,SET,457,1
23,SET,465,1
23,SET,469,2
23,SET,471,1
23,SET,481,1
23,SET,491,1
23,SET,497,1
23,SET,501,1
23,SET,523,1
23,SET,527,1
23,SET,531,1
23,SET,535,2
23,SET,567,1
23,SET,575,1
23,SET,599,1
23,SET,619,1
23,SET,623,1
23,SET,639,1
23,SET,643,1
23,SET,659,2
23,SET,723,1
23,SET,755,1
23,SET,771,1
23,SET,1023,1
23,SET,1047,1
23,SET,1287,1
23,SET,1343,1
23,SET,1431,1
23,SET,1503,1
23,SET,1511,1
23,SET,1727,1
23,SET,1799,1
23,SET,1847,1
23,SET,2079,1
23,SET,2159,2
23,SET,2175,1
23,SET,2255,2
23,SET,2271,1
23,SET,2335,1
23,SET,2351,1
23,SET,2527,1
23,SET,2623,1
23,SET,2879,1
23,DEL,74,1
23,DEL,76,2
23,DEL,77,1
23,DEL,78,2
23,DEL,79,9
23,DEL,80,18
23,DEL,81,16
23,DEL,82,41
23,DEL,83,48
23,DEL,84,65
23,DEL,85,97
23,DEL,86,129
23,DEL,87,124
23,DEL,88,185
23,DEL,89,210
23,DEL,90,247
23,DEL,91,283
23,DEL,92,328
23,DEL,93,361
23,DEL,94,439
23,DEL,95,512
23,DEL,96,550
23,DEL,97,622
23,DEL,98,678
23,DEL,99,776
23,DEL,100,869
23,DEL,101,854
23,DEL,102,957
23,DEL,103,1061
23,DEL,104,1098
23,DEL,105,1142
23,DEL,106,1256
23,DEL,107,1284
23,DEL,108,1299
23,DEL,109,1397
23,DEL,110,1422
23,DEL,111,1466
23,DEL,112,1521
23,DEL,113,1570
23,DEL,114,1586
23,DEL,115,1704
23,DEL,116,1719
23,DEL,117,1700
23,DEL,118,1795
23,DEL,119,1737
23,DEL,120,1831
23,DEL,121,1841
23,DEL,122,1940
23,DEL,123,1928
23,DEL,124,1971
23,DEL,125,1923
23,DEL,126,1884
23,DEL,127,1990
23,DEL,128,2016
23,DEL,129,1991
23,DEL,130,1954
23,DEL,131,1947
23,DEL,132,1869
23,DEL,133,1816
23,DEL,134,1938
23,DEL,135,1907
23,DEL,136,1921
23,DEL,137,1978
23,DEL,138,2033
23,DEL,139,1682
23,DEL,140,1914
23,DEL,141,1818
23,DEL,142,1914
23,DEL,143,1805
23,DEL,144,1764
23,DEL,145,1750
23,DEL,146,1810
23,DEL,147,1640
23,DEL,148,1687
23,DEL,149,1661
23,DEL,150,1568
23,DEL,151,1602
23,DEL,152,1527
23,DEL,153,1519
23,DEL,154,1486
23,DEL,155,1437
23,DEL,156,1416
23,DEL,157,1430
23,DEL,158,1280
23,DEL,159,1295
23,DEL,160,1245
23,DEL,161,1292
23,DEL,162,1190
23,DEL,163,1183
23,DEL,164,1176
23,DEL,165,1161
23,DEL,166,1145
23,DEL,167,1094
23,DEL,168,1090
23,DEL,169,1056
23,DEL,170,983
23,DEL,171,1016
23,DEL,172,962
23,DEL,173,919
23,DEL,174,887
23,DEL,175,905
23,DEL,176,883
23,DEL,177,827
23,DEL,178,765
23,DEL,179,822
23,DEL,180,773
23,DEL,181,709
23,DEL,182,734
23,DEL,183,752
23,DEL,184,675
23,DEL,185,660
23,DEL,186,633
23,DEL,187,617
23,DEL,188,601
23,DEL,189,615
23,DEL,190,568
23,DEL,191,516
23,DEL,192,554
23,DEL,193,546
23,DEL,194,522
23,DEL,195,488
23,DEL,196,500
23,DEL,197,473
23,DEL,198,484
23,DEL,199,482
23,DEL,200,443
23,DEL,201,429
23,DEL,202,419
23,DEL,203,404
23,DEL,204,352
23,DEL,205,388
23,DEL,206,363
23,DEL,207,354
23,DEL,208,355
23,DEL,209,336
23,DEL,210,307
23,DEL,211,365
23,DEL,212,328
23,DEL,213,355
23,DEL,214,320
23,DEL,215,286
23,DEL,216,304
23,DEL,217,293
23,DEL,218,325
23,DEL,219,288
23,DEL,220,301
23,DEL,221,282
23,DEL,222,272
23,DEL,223,243
23,DEL,224,226
23,DEL,225,231
23,DEL,226,245
23,DEL,227,238
23,DEL,228,233
23,DEL,229,252
23,DEL,230,208
23,DEL,231,220
23,DEL,232,208
23,DEL,233,236
23,DEL,234,210
23,DEL,235,182
23,DEL,236,207
23,DEL,237,202
23,DEL,238,185
23,DEL,239,188
23,DEL,240,175
23,DEL,241,202
23,DEL,242,175
23,DEL,243,192
23,DEL,244,167
23,DEL,245,169
23,DEL,246,177
23,DEL,247,166
23,DEL,248,165
23,DEL,249,160
23,DEL,250,181
23,DEL,251,137
23,DEL,252,143
23,DEL,253,130
23,DEL,254,146
23,DEL,255,134
23,DEL,257,265
23,DEL,259,260
23,DEL,261,248
23,DEL,263,229
23,DEL,265,240
23,DEL,267,232
23,DEL,269,223
23,DEL,271,212
23,DEL,273,196
23,DEL,275,212
23,DEL,277,178
23,DEL,279,159
23,DEL,281,140
23,DEL,283,156
23,DEL,285,138
23,DEL,287,153
23,DEL,289,141
23,DEL,291,123
23,DEL,293,120
23,DEL,295,113
23,DEL,297,100
23,DEL,299,106
23,DEL,301,109
23,DEL,303,81
23,DEL,305,76
23,DEL,307,89
23,DEL,309,84
23,DEL,311,80
23,DEL,313,76
23,DEL,315,67
23,DEL,317,56
23,DEL,319,51
23,DEL,321,75
23,DEL,323,62
23,DEL,325,37
23,DEL,327,33
23,DEL,329,41
23,DEL,331,39
23,DEL,333,37
23,DEL,335,37
23,DEL,337,34
23,DEL,339,30
23,DEL,341,32
23,DEL,343,20
23,DEL,345,21
23,DEL,347,26
23,DEL,349,19
23,DEL,351,19
23,DEL,353,20
23,DEL,355,12
23,DEL,357,14
23,DEL,359,16
23,DEL,361,11
23,DEL,363,17
23,DEL,365,13
23,DEL,367,15
23,DEL,369,9
23,DEL,371,9
23,DEL,373,10
23,DEL,375,9
23,DEL,377,18
23,DEL,379,10
23,DEL,381,4
23,DEL,383,4
23,DEL,385,10
23,DEL,387,5
23,DEL,389,8
23,DEL,391,8
23,DEL,393,12
23,DEL,395,5
23,DEL,397,7
23,DEL,399,3
23,DEL,401,4
23,DEL,403,3
23,DEL,405,2
23,DEL,407,3
23,DEL,409,5
23,DEL,411,1
23,DEL,413,6
23,DEL,415,4
23,DEL,417,3
23,DEL,419,4
23,DEL,421,4
23,DEL,423,3
23,DEL,425,3
23,DEL,427,3
23,DEL,429,2
23,DEL,431,10
23,DEL,433,3
23,DEL,435,3
23,DEL,437,1
23,DEL,439,2
23,DEL,445,1
23,DEL,447,2
23,DEL,449,2
23,DEL,451,1
23,DEL,453,2
23,DEL,455,2
23,DEL,457,3
23,DEL,461,2
23,DEL,465,2
23,DEL,469,1
23,DEL,471,2
23,DEL,475,1
23,DEL,477,1
23,DEL,479,2
23,DEL,483,3
23,DEL,485,3
23,DEL,487,2
23,DEL,495,2
23,DEL,497,3
23,DEL,499,1
23,DEL,501,1
23,DEL,503,1
23,DEL,507,1
23,DEL,509,1
23,DEL,511,1
23,DEL,519,1
23,DEL,523,1
23,DEL,527,3
23,DEL,531,2
23,DEL,543,1
23,DEL,547,1
23,DEL,559,1
23,DEL,563,2
23,DEL,567,1
23,DEL,575,1
23,DEL,579,1
23,DEL,587,2
23,DEL,591,2
23,DEL,595,2
23,DEL,599,1
23,DEL,603,1
23,DEL,607,2
23,DEL,615,1
23,DEL,619,1
23,DEL,623,2
23,DEL,627,1
23,DEL,631,2
23,DEL,635,1
23,DEL,639,1
23,DEL,651,1
23,DEL,663,1
23,DEL,675,2
23,DEL,679,3
23,DEL,691,1
23,DEL,699,1
23,DEL,703,2
23,DEL,711,1
23,DEL,715,1
23,DEL,719,2
23,DEL,723,1
23,DEL,731,1
23,DEL,739,2
23,DEL,755,1
23,DEL,775,1
23,DEL,803,1
23,DEL,819,1
23,DEL,843,1
23,DEL,903,2
23,DEL,959,1
23,DEL,967,2
23,DEL,975,1
23,DEL,1071,1
23,DEL,1079,1
23,DEL,1143,1
23,DEL,1207,1
23,DEL,1215,1
23,DEL,1223,1
23,DEL,1319,1
23,DEL,1335,1
23,DEL,1359,1
23,DEL,1399,1
23,DEL,1423,2
23,DEL,1511,1
23,DEL,1551,1
23,DEL,1559,1
23,DEL,1599,1
23,DEL,1607,1
23,DEL,1631,1
23,DEL,1647,1
23,DEL,1655,1
23,DEL,1719,2
23,DEL,1759,1
23,DEL,1783,1
23,DEL,1831,1
23,DEL,1847,2
23,DEL,1855,1
23,DEL,1879,2
23,DEL,1911,3
23,DEL,1935,1
23,DEL,1975,1
23,DEL,1991,1
23,DEL,1999,2
23,DEL,2015,3
23,DEL,2031,3
23,DEL,2079,1
23,DEL,2111,3
23,DEL,2143,2
23,DEL,2175,1
23,DEL,2191,1
23,DEL,2207,1
23,DEL,2223,2
23,DEL,2239,2
23,DEL,2255,1
23,DEL,2271,1
23,DEL,2303,2
23,DEL,2319,1
23,DEL,2351,1
23,DEL,2367,3
23,DEL,2383,1
23,DEL,2415,1
23,DEL,2431,1
23,DEL,2463,1
23,DEL,2543,2
23,DEL,2607,1
23,DEL,2655,1
23,DEL,2831,1
23,DEL,3743,1
23,GET,74,2
23,GET,75,1
23,GET,76,5
23,GET,77,7
23,GET,78,16
23,GET,79,46
23,GET,80,61
23,GET,81,96
23,GET,82,138
23,GET,83,171
23,GET,84,216
23,GET,85,302
23,GET,86,353
23,GET,87,478
23,GET,88,541
23,GET,89,624
23,GET,90,755
23,GET,91,948
23,GET,92,991
23,GET,93,1149
23,GET,94,1337
23,GET,95,1557
23,GET,96,1631
23,GET,97,1867
23,GET,98,2086
23,GET,99,2381
23,GET,100,2457
23,GET,101,2601
23,GET,102,2821
23,GET,103,3086
23,GET,104,3175
23,GET,105,3328
23,GET,106,3556
23,GET,107,3670
23,GET,108,3914
23,GET,109,3889
23,GET,110,4142
23,GET,111,4264
23,GET,112,4358
23,GET,113,4464
23,GET,114,4594
23,GET,115,4643
23,GET,116,4852
23,GET,117,5068
23,GET,118,5173
23,GET,119,5073
23,GET,120,5235
23,GET,121,5240
23,GET,122,5479
23,GET,123,5249
23,GET,124,5400
23,GET,125,5506
23,GET,126,5496
23,GET,127,5463
23,GET,128,5442
23,GET,129,5467
23,GET,130,5754
23,GET,131,5457
23,GET,132,5524
23,GET,133,5437
23,GET,134,5369
23,GET,135,5424
23,GET,136,5253
23,GET,137,5250
23,GET,138,5233
23,GET,139,5323
23,GET,140,5267
23,GET,141,5168
23,GET,142,5083
23,GET,143,4942
23,GET,144,4843
23,GET,145,4826
23,GET,146,4821
23,GET,147,4799
23,GET,148,4567
23,GET,149,4548
23,GET,150,4501
23,GET,151,4370
23,GET,152,4284
23,GET,153,4162
23,GET,154,4056
23,GET,155,3845
23,GET,156,3958
23,GET,157,3781
23,GET,158,3791
23,GET,159,3542
23,GET,160,3634
23,GET,161,3446
23,GET,162,3291
23,GET,163,3281
23,GET,164,3311
23,GET,165,3136
23,GET,166,2983
23,GET,167,2970
23,GET,168,2865
23,GET,169,2806
23,GET,170,2768
23,GET,171,2688
23,GET,172,2539
23,GET,173,2552
23,GET,174,2400
23,GET,175,2441
23,GET,176,2323
23,GET,177,2162
23,GET,178,2283
23,GET,179,2069
23,GET,180,2133
23,GET,181,1988
23,GET,182,1923
23,GET,183,1935
23,GET,184,1836
23,GET,185,1808
23,GET,186,1791
23,GET,187,1689
23,GET,188,1669
23,GET,189,1618
23,GET,190,1539
23,GET,191,1455
23,GET,192,1547
23,GET,193,1432
23,GET,194,1440
23,GET,195,1373
23,GET,196,1333
23,GET,197,1286
23,GET,198,1243
23,GET,199,1279
23,GET,200,1190
23,GET,201,1170
23,GET,202,1144
23,GET,203,1107
23,GET,204,1089
23,GET,205,1063
23,GET,206,1009
23,GET,207,1017
23,GET,208,1025
23,GET,209,962
23,GET,210,971
23,GET,211,925
23,GET,212,887
23,GET,213,894
23,GET,214,849
23,GET,215,830
23,GET,216,839
23,GET,217,815
23,GET,218,767
23,GET,219,795
23,GET,220,759
23,GET,221,740
23,GET,222,781
23,GET,223,735
23,GET,224,694
23,GET,225,699
23,GET,226,706
23,GET,227,651
23,GET,228,624
23,GET,229,597
23,GET,230,660
23,GET,231,591
23,GET,232,609
23,GET,233,559
23,GET,234,574
23,GET,235,525
23,GET,236,531
23,GET,237,558
23,GET,238,523
23,GET,239,562
23,GET,240,490
23,GET,241,564
23,GET,242,516
23,GET,243,472
23,GET,244,489
23,GET,245,492
23,GET,246,441
23,GET,247,491
23,GET,248,437
23,GET,249,457
23,GET,250,477
23,GET,251,448
23,GET,252,412
23,GET,253,417
23,GET,254,372
23,GET,255,412
23,GET,257,715
23,GET,259,729
23,GET,261,696
23,GET,263,626
23,GET,265,617
23,GET,267,611
23,GET,269,567
23,GET,271,571
23,GET,273,565
23,GET,275,490
23,GET,277,502
23,GET,279,494
23,GET,281,461
23,GET,283,453
23,GET,285,399
23,GET,287,367
23,GET,289,380
23,GET,291,369
23,GET,293,338
23,GET,295,318
23,GET,297,327
23,GET,299,290
23,GET,301,290
23,GET,303,232
23,GET,305,224
23,GET,307,201
23,GET,309,215
23,GET,311,198
23,GET,313,182
23,GET,315,182
23,GET,317,179
23,GET,319,174
23,GET,321,164
23,GET,323,135
23,GET,325,110
23,GET,327,107
23,GET,329,110
23,GET,331,87
23,GET,333,94
23,GET,335,93
23,GET,337,87
23,GET,339,69
23,GET,341,75
23,GET,343,62
23,GET,345,67
23,GET,347,60
23,GET,349,67
23,GET,351,59
23,GET,353,43
23,GET,355,52
23,GET,357,50
23,GET,359,39
23,GET,361,32
23,GET,363,37
23,GET,365,27
23,GET,367,40
23,GET,369,38
23,GET,371,24
23,GET,373,25
23,GET,375,28
23,GET,377,23
23,GET,379,28
23,GET,381,26
23,GET,383,29
23,GET,385,14
23,GET,387,18
23,GET,389,20
23,GET,391,16
23,GET,393,17
23,GET,395,16
23,GET,397,14
23,GET,399,14
23,GET,401,15
23,GET,403,12
23,GET,405,20
23,GET,407,12
23,GET,409,9
23,GET,411,12
23,GET,413,11
23,GET,415,7
23,GET,417,10
23,GET,419,11
23,GET,421,3
23,GET,423,2
23,GET,425,8
23,GET,427,3
23,GET,429,7
23,GET,431,6
23,GET,433,7
23,GET,435,7
23,GET,437,4
23,GET,439,6
23,GET,441,6
23,GET,443,5
23,GET,445,3
23,GET,447,5
23,GET,449,6
23,GET,451,4
23,GET,453,4
23,GET,455,3
23,GET,457,6
23,GET,459,4
23,GET,461,3
23,GET,463,7
23,GET,465,3
23,GET,467,5
23,GET,469,4
23,GET,471,3
23,GET,473,3
23,GET,475,1
23,GET,477,2
23,GET,479,1
23,GET,481,2
23,GET,483,4
23,GET,485,2
23,GET,487,2
23,GET,489,1
23,GET,491,2
23,GET,493,3
23,GET,495,2
23,GET,497,4
23,GET,501,1
23,GET,505,3
23,GET,507,1
23,GET,509,2
23,GET,511,2
23,GET,515,2
23,GET,519,6
23,GET,523,9
23,GET,531,4
23,GET,535,1
23,GET,539,2
23,GET,543,5
23,GET,547,2
23,GET,551,3
23,GET,555,2
23,GET,559,6
23,GET,563,5
23,GET,567,5
23,GET,571,2
23,GET,575,4
23,GET,579,2
23,GET,583,3
23,GET,587,6
23,GET,591,7
23,GET,595,3
23,GET,599,2
23,GET,603,5
23,GET,607,3
23,GET,611,4
23,GET,615,3
23,GET,619,2
23,GET,623,1
23,GET,627,3
23,GET,631,5
23,GET,635,1
23,GET,643,1
23,GET,647,1
23,GET,655,2
23,GET,659,4
23,GET,667,2
23,GET,671,3
23,GET,675,1
23,GET,679,1
23,GET,683,1
23,GET,687,3
23,GET,695,4
23,GET,699,2
23,GET,703,3
23,GET,707,3
23,GET,711,4
23,GET,719,2
23,GET,723,1
23,GET,727,2
23,GET,735,1
23,GET,739,2
23,GET,743,2
23,GET,747,3
23,GET,751,1
23,GET,755,7
23,GET,763,2
23,GET,767,1
23,GET,771,1
23,GET,775,2
23,GET,779,1
23,GET,783,1
23,GET,791,1
23,GET,799,3
23,GET,807,1
23,GET,811,1
23,GET,815,2
23,GET,819,2
23,GET,827,1
23,GET,831,1
23,GET,863,1
23,GET,867,1
23,GET,879,1
23,GET,887,1
23,GET,895,1
23,GET,923,1
23,GET,931,1
23,GET,951,1
23,GET,959,1
23,GET,987,1
23,GET,995,1
23,GET,1031,1
23,GET,1039,1
23,GET,1063,1
23,GET,1071,1
23,GET,1103,3
23,GET,1159,1
23,GET,1175,2
23,GET,1191,1
23,GET,1207,1
23,GET,1215,1
23,GET,1231,2
23,GET,1255,1
23,GET,1263,2
23,GET,1279,4
23,GET,1287,1
23,GET,1303,1
23,GET,1319,1
23,GET,1327,2
23,GET,1343,1
23,GET,1351,1
23,GET,1359,1
23,GET,1375,1
23,GET,1391,1
23,GET,1399,2
23,GET,1415,1
23,GET,1447,1
23,GET,1463,1
23,GET,1487,1
23,GET,1495,2
23,GET,1511,2
23,GET,1519,2
23,GET,1527,1
23,GET,1535,3
23,GET,1559,1
23,GET,1567,1
23,GET,1583,3
23,GET,1591,2
23,GET,1615,2
23,GET,1623,2
23,GET,1663,2
23,GET,1671,2
23,GET,1679,1
23,GET,1687,1
23,GET,1695,1
23,GET,1727,2
23,GET,1735,2
23,GET,1751,2
23,GET,1759,1
23,GET,1767,1
23,GET,1783,2
23,GET,1799,1
23,GET,1807,2
23,GET,1815,2
23,GET,1839,1
23,GET,1855,1
23,GET,1863,1
23,GET,1871,1
23,GET,1879,1
23,GET,1887,3
23,GET,1903,1
23,GET,1911,1
23,GET,1919,2
23,GET,1927,1
23,GET,1935,2
23,GET,1943,2
23,GET,1951,3
23,GET,1975,1
23,GET,1983,3
23,GET,1991,1
23,GET,2007,1
23,GET,2023,3
23,GET,2039,2
23,GET,2047,2
23,GET,2063,2
23,GET,2079,4
23,GET,2095,3
23,GET,2111,7
23,GET,2127,2
23,GET,2143,7
23,GET,2159,5
23,GET,2175,3
23,GET,2191,2
23,GET,2207,3
23,GET,2223,2
23,GET,2239,4
23,GET,2255,4
23,GET,2271,4
23,GET,2287,8
23,GET,2303,3
23,GET,2319,2
23,GET,2335,4
23,GET,2351,6
23,GET,2367,4
23,GET,2383,5
23,GET,2399,3
23,GET,2415,1
23,GET,2431,1
23,GET,2447,2
23,GET,2463,2
23,GET,2479,1
23,GET,2495,2
23,GET,2511,3
23,GET,2527,1
23,GET,2559,2
23,GET,2575,1
23,GET,2591,1
23,GET,2687,1
23,GET,3023,1
23,GET,3135,1
23,GET,3631,1
23,GET,3727,1
23,GET,6207,1
23,GET,11007,1
24,GET,73,2
24,GET,74,3
24,GET,75,9
24,GET,76,10
24,GET,77,20
24,GET,78,30
24,GET,79,45
24,GET,80,88
24,GET,81,123
24,GET,82,165
24,GET,83,203
24,GET,84,277
24,GET,85,360
24,GET,86,433
24,GET,87,518
24,GET,88,616
24,GET,89,727
24,GET,90,815
24,GET,91,939
24,GET,92,1104
24,GET,93,1226
24,GET,94,1292
24,GET,95,1505
24,GET,96,1618
24,GET,97,1828
24,GET,98,1950
24,GET,99,2261
24,GET,100,2367
24,GET,101,2495
24,GET,102,2841
24,GET,103,2871
24,GET,104,3068
24,GET,105,3259
24,GET,106,3369
24,GET,107,3411
24,GET,108,3601
24,GET,109,3746
24,GET,110,3855
24,GET,111,4074
24,GET,112,4147
24,GET,113,4207
24,GET,114,4416
24,GET,115,4465
24,GET,116,4681
24,GET,117,4659
24,GET,118,4853
24,GET,119,5051
24,GET,120,5193
24,GET,121,5134
24,GET,122,5204
24,GET,123,5207
24,GET,124,5316
24,GET,125,5374
24,GET,126,5308
24,GET,127,5466
24,GET,128,5359
24,GET,129,5262
24,GET,130,5401
24,GET,131,5280
24,GET,132,5276
24,GET,133,5419
24,GET,134,5354
24,GET,135,5227
24,GET,136,5368
24,GET,137,5345
24,GET,138,5171
24,GET,139,5195
24,GET,140,5249
24,GET,141,5183
24,GET,142,5137
24,GET,143,4885
24,GET,144,4925
24,GET,145,4874
24,GET,146,4743
24,GET,147,4749
24,GET,148,4687
24,GET,149,4634
24,GET,150,4555
24,GET,151,4412
24,GET,152,4383
24,GET,153,4297
24,GET,154,4228
24,GET,155,4038
24,GET,156,4011
24,GET,157,3864
24,GET,158,3782
24,GET,159,3737
24,GET,160,3621
24,GET,161,3582
24,GET,162,3448
24,GET,163,3466
24,GET,164,3305
24,GET,165,3334
24,GET,166,3138
24,GET,167,3091
24,GET,168,2898
24,GET,169,2996
24,GET,170,2744
24,GET,171,2781
24,GET,172,2716
24,GET,173,2577
24,GET,174,2565
24,GET,175,2401
24,GET,176,2446
24,GET,177,2290
24,GET,178,2181
24,GET,179,2221
24,GET,180,2143
24,GET,181,2144
24,GET,182,2046
24,GET,183,1961
24,GET,184,1845
24,GET,185,1835
24,GET,186,1849
24,GET,187,1728
24,GET,188,1734
24,GET,189,1652
24,GET,190,1569
24,GET,191,1606
24,GET,192,1517
24,GET,193,1511
24,GET,194,1427
24,GET,195,1387
24,GET,196,1397
24,GET,197,1358
24,GET,198,1299
24,GET,199,1283
24,GET,200,1285
24,GET,201,1203
24,GET,202,1181
24,GET,203,1161
24,GET,204,1126
24,GET,205,1096
24,GET,206,1124
24,GET,207,1080
24,GET,208,1015
24,GET,209,981
24,GET,210,937
24,GET,211,970
24,GET,212,875
24,GET,213,844
24,GET,214,905
24,GET,215,793
24,GET,216,848
24,GET,217,822
24,GET,218,759
24,GET,219,825
24,GET,220,750
24,GET,221,742
24,GET,222,762
24,GET,223,726
24,GET,224,697
24,GET,225,697
24,GET,226,638
24,GET,227,698
24,GET,228,670
24,GET,229,638
24,GET,230,605
24,GET,231,596
24,GET,232,610
24,GET,233,604
24,GET,234,569
24,GET,235,591
24,GET,236,560
24,GET,237,567
24,GET,238,540
24,GET,239,540
24,GET,240,546
24,GET,241,533
24,GET,242,476
24,GET,243,487
24,GET,244,480
24,GET,245,474
24,GET,246,499
24,GET,247,451
24,GET,248,451
24,GET,249,418
24,GET,250,418
24,GET,251,405
24,GET,252,401
24,GET,253,423
24,GET,254,385
24,GET,255,416
24,GET,257,744
24,GET,259,739
24,GET,261,681
24,GET,263,693
24,GET,265,690
24,GET,267,588
24,GET,269,584
24,GET,271,556
24,GET,273,561
24,GET,275,524
24,GET,277,469
24,GET,279,453
24,GET,281,483
24,GET,283,411
24,GET,285,429
24,GET,287,337
24,GET,289,347
24,GET,291,338
24,GET,293,327
24,GET,295,288
24,GET,297,311
24,GET,299,288
24,GET,301,257
24,GET,303,227
24,GET,305,198
24,GET,307,205
24,GET,309,210
24,GET,311,197
24,GET,313,167
24,GET,315,175
24,GET,317,152
24,GET,319,145
24,GET,321,148
24,GET,323,128
24,GET,325,131
24,GET,327,114
24,GET,329,116
24,GET,331,120
24,GET,333,89
24,GET,335,97
24,GET,337,81
24,GET,339,74
24,GET,341,90
24,GET,343,72
24,GET,345,62
24,GET,347,54
24,GET,349,52
24,GET,351,53
24,GET,353,36
24,GET,355,51
24,GET,357,46
24,GET,359,36
24,GET,361,33
24,GET,363,37
24,GET,365,23
24,GET,367,29
24,GET,369,29
24,GET,371,26
24,GET,373,27
24,GET,375,31
24,GET,377,24
24,GET,379,16
24,GET,381,22
24,GET,383,38
24,GET,385,27
24,GET,387,11
24,GET,389,14
24,GET,391,12
24,GET,393,4
24,GET,395,15
24,GET,397,14
24,GET,399,17
24,GET,401,15
24,GET,403,16
24,GET,405,12
24,GET,407,10
24,GET,409,12
24,GET,411,13
24,GET,413,8
24,GET,415,13
24,GET,417,10
24,GET,419,11
24,GET,421,7
24,GET,423,10
24,GET,425,9
24,GET,427,9
24,GET,429,6
24,GET,431,3
24,GET,433,4
24,GET,435,3
24,GET,437,7
24,GET,439,7
24,GET,441,5
24,GET,443,3
24,GET,445,4
24,GET,447,6
24,GET,449,3
24,GET,451,4
24,GET,453,5
24,GET,455,4
24,GET,457,3
24,GET,459,2
24,GET,461,3
24,GET,463,1
24,GET,465,3
24,GET,467,5
24,GET,469,11
24,GET,471,3
24,GET,473,1
24,GET,475,5
24,GET,477,3
24,GET,479,4
24,GET,481,3
24,GET,483,1
24,GET,485,2
24,GET,487,2
24,GET,489,4
24,GET,491,4
24,GET,495,3
24,GET,497,6
24,GET,499,2
24,GET,501,2
24,GET,503,3
24,GET,505,3
24,GET,507,3
24,GET,509,1
24,GET,511,8
24,GET,515,4
24,GET,519,5
24,GET,523,3
24,GET,527,5
24,GET,531,1
24,GET,535,5
24,GET,539,3
24,GET,543,4
24,GET,547,3
24,GET,551,4
24,GET,555,5
24,GET,559,3
24,GET,563,5
24,GET,567,1
24,GET,571,4
24,GET,575,1
24,GET,579,7
24,GET,583,2
24,GET,587,7
24,GET,591,3
24,GET,595,4
24,GET,599,3
24,GET,603,1
24,GET,611,2
24,GET,615,3
24,GET,619,3
24,GET,623,2
24,GET,627,7
24,GET,631,6
24,GET,635,2
24,GET,639,3
24,GET,643,3
24,GET,647,5
24,GET,651,6
24,GET,655,2
24,GET,663,3
24,GET,667,2
24,GET,671,1
24,GET,675,1
24,GET,679,4
24,GET,683,2
24,GET,687,4
24,GET,691,3
24,GET,703,3
24,GET,707,5
24,GET,715,1
24,GET,719,4
24,GET,727,1
24,GET,735,1
24,GET,743,3
24,GET,747,1
24,GET,751,1
24,GET,759,1
24,GET,763,1
24,GET,767,3
24,GET,779,2
24,GET,783,1
24,GET,787,3
24,GET,791,2
24,GET,803,2
24,GET,807,2
24,GET,815,3
24,GET,823,3
24,GET,843,3
24,GET,851,1
24,GET,875,1
24,GET,883,2
24,GET,887,1
24,GET,919,1
24,GET,923,1
24,GET,927,1
24,GET,955,1
24,GET,963,1
24,GET,971,1
24,GET,987,1
24,GET,1015,1
24,GET,1063,1
24,GET,1095,2
24,GET,1119,1
24,GET,1159,1
24,GET,1175,1
24,GET,1183,1
24,GET,1207,1
24,GET,1215,1
24,GET,1223,1
24,GET,1231,1
24,GET,1239,1
24,GET,1255,1
24,GET,1303,2
24,GET,1311,2
24,GET,1319,1
24,GET,1335,1
24,GET,1359,2
24,GET,1399,1
24,GET,1407,2
24,GET,1415,1
24,GET,1423,1
24,GET,1463,1
24,GET,1471,1
24,GET,1511,1
24,GET,1519,1
24,GET,1535,1
24,GET,1543,1
24,GET,1551,3
24,GET,1567,1
24,GET,1575,1
24,GET,1599,3
24,GET,1623,1
24,GET,1639,2
24,GET,1647,1
24,GET,1655,1
24,GET,1663,1
24,GET,1695,2
24,GET,1727,2
24,GET,1759,1
24,GET,1767,1
24,GET,1783,1
24,GET,1807,1
24,GET,1823,1
24,GET,1831,1
24,GET,1847,2
24,GET,1855,1
24,GET,1863,1
24,GET,1879,4
24,GET,1887,1
24,GET,1895,1
24,GET,1927,1
24,GET,1935,2
24,GET,1943,4
24,GET,1959,2
24,GET,1975,1
24,GET,1983,2
24,GET,1991,2
24,GET,2007,2
24,GET,2015,2
24,GET,2031,1
24,GET,2039,2
24,GET,2063,3
24,GET,2079,6
24,GET,2095,3
24,GET,2111,7
24,GET,2127,5
24,GET,2143,4
24,GET,2159,2
24,GET,2175,4
24,GET,2191,4
24,GET,2207,1
24,GET,2223,3
24,GET,2239,1
24,GET,2255,2
24,GET,2271,4
24,GET,2287,4
24,GET,2303,4
24,GET,2319,2
24,GET,2335,8
24,GET,2351,3
24,GET,2367,4
24,GET,2383,7
24,GET,2399,2
24,GET,2431,3
24,GET,2447,5
24,GET,2463,2
24,GET,2479,1
24,GET,2559,1
24,GET,2575,2
24,GET,2591,1
24,GET,2623,1
24,GET,2655,2
24,GET,2671,1
24,GET,2703,1
24,GET,2735,1
24,GET,2799,1
24,GET,3199,1
24,GET,3327,1
24,GET,3535,1
24,DEL,75,1
24,DEL,76,1
24,DEL,77,4
24,DEL,78,7
24,DEL,79,19
24,DEL,80,29
24,DEL,81,33
24,DEL,82,47
24,DEL,83,74
24,DEL,84,96
24,DEL,85,117
24,DEL,86,139
24,DEL,87,167
24,DEL,88,186
24,DEL,89,231
24,DEL,90,267
24,DEL,91,311
24,DEL,92,371
24,DEL,93,423
24,DEL,94,456
24,DEL,95,475
24,DEL,96,528
24,DEL,97,617
24,DEL,98,655
24,DEL,99,793
24,DEL,100,812
24,DEL,101,819
24,DEL,102,963
24,DEL,103,973
24,DEL,104,1074
24,DEL,105,1074
24,DEL,106,1229
24,DEL,107,1154
24,DEL,108,1282
24,DEL,109,1275
24,DEL,110,1387
24,DEL,111,1402
24,DEL,112,1439
24,DEL,113,1486
24,DEL,114,1474
24,DEL,115,1584
24,DEL,116,1626
24,DEL,117,1653
24,DEL,118,1742
24,DEL,119,1731
24,DEL,120,1818
24,DEL,121,1846
24,DEL,122,1885
24,DEL,123,1869
24,DEL,124,1885
24,DEL,125,1896
24,DEL,126,1899
24,DEL,127,1929
24,DEL,128,1925
24,DEL,129,2020
24,DEL,130,1905
24,DEL,131,1976
24,DEL,132,1958
24,DEL,133,1888
24,DEL,134,1847
24,DEL,135,1957
24,DEL,136,2020
24,DEL,137,1881
24,DEL,138,1877
24,DEL,139,1864
24,DEL,140,1893
24,DEL,141,1923
24,DEL,142,1875
24,DEL,143,1872
24,DEL,144,1854
24,DEL,145,1812
24,DEL,146,1718
24,DEL,147,1794
24,DEL,148,1771
24,DEL,149,1685
24,DEL,150,1703
24,DEL,151,1621
24,DEL,152,1565
24,DEL,153,1563
24,DEL,154,1509
24,DEL,155,1481
24,DEL,156,1514
24,DEL,157,1483
24,DEL,158,1351
24,DEL,159,1308
24,DEL,160,1271
24,DEL,161,1261
24,DEL,162,1262
24,DEL,163,1215
24,DEL,164,1226
24,DEL,165,1237
24,DEL,166,1146
24,DEL,167,1126
24,DEL,168,1091
24,DEL,169,1087
24,DEL,170,1009
24,DEL,171,1078
24,DEL,172,974
24,DEL,173,990
24,DEL,174,862
24,DEL,175,869
24,DEL,176,866
24,DEL,177,853
24,DEL,178,823
24,DEL,179,821
24,DEL,180,814
24,DEL,181,778
24,DEL,182,716
24,DEL,183,683
24,DEL,184,687
24,DEL,185,712
24,DEL,186,627
24,DEL,187,657
24,DEL,188,640
24,DEL,189,610
24,DEL,190,602
24,DEL,191,533
24,DEL,192,561
24,DEL,193,559
24,DEL,194,526
24,DEL,195,502
24,DEL,196,515
24,DEL,197,495
24,DEL,198,499
24,DEL,199,449
24,DEL,200,463
24,DEL,201,454
24,DEL,202,420
24,DEL,203,416
24,DEL,204,401
24,DEL,205,384
24,DEL,206,409
24,DEL,207,395
24,DEL,208,359
24,DEL,209,361
24,DEL,210,307
24,DEL,211,369
24,DEL,212,344
24,DEL,213,341
24,DEL,214,315
24,DEL,215,305
24,DEL,216,269
24,DEL,217,304
24,DEL,218,319
24,DEL,219,284
24,DEL,220,264
24,DEL,221,295
24,DEL,222,252
24,DEL,223,262
24,DEL,224,267
24,DEL,225,271
24,DEL,226,241
24,DEL,227,225
24,DEL,228,253
24,DEL,229,244
24,DEL,230,207
24,DEL,231,248
24,DEL,232,213
24,DEL,233,230
24,DEL,234,210
24,DEL,235,205
24,DEL,236,190
24,DEL,237,201
24,DEL,238,197
24,DEL,239,201
24,DEL,240,189
24,DEL,241,176
24,DEL,242,185
24,DEL,243,193
24,DEL,244,182
24,DEL,245,190
24,DEL,246,171
24,DEL,247,162
24,DEL,248,154
24,DEL,249,173
24,DEL,250,150
24,DEL,251,132
24,DEL,252,165
24,DEL,253,151
24,DEL,254,141
24,DEL,255,135
24,DEL,257,299
24,DEL,259,268
24,DEL,261,277
24,DEL,263,214
24,DEL,265,260
24,DEL,267,225
24,DEL,269,236
24,DEL,271,193
24,DEL,273,199
24,DEL,275,173
24,DEL,277,179
24,DEL,279,149
24,DEL,281,139
24,DEL,283,170
24,DEL,285,154
24,DEL,287,127
24,DEL,289,144
24,DEL,291,132
24,DEL,293,111
24,DEL,295,132
24,DEL,297,96
24,DEL,299,96
24,DEL,301,97
24,DEL,303,84
24,DEL,305,100
24,DEL,307,76
24,DEL,309,70
24,DEL,311,79
24,DEL,313,76
24,DEL,315,55
24,DEL,317,48
24,DEL,319,48
24,DEL,321,55
24,DEL,323,42
24,DEL,325,48
24,DEL,327,34
24,DEL,329,25
24,DEL,331,27
24,DEL,333,38
24,DEL,335,27
24,DEL,337,34
24,DEL,339,33
24,DEL,341,29
24,DEL,343,28
24,DEL,345,21
24,DEL,347,12
24,DEL,349,21
24,DEL,351,18
24,DEL,353,19
24,DEL,355,17
24,DEL,357,15
24,DEL,359,17
24,DEL,361,14
24,DEL,363,16
24,DEL,365,10
24,DEL,367,6
24,DEL,369,11
24,DEL,371,10
24,DEL,373,14
24,DEL,375,7
24,DEL,377,11
24,DEL,379,6
24,DEL,381,7
24,DEL,383,9
24,DEL,385,4
24,DEL,387,5
24,DEL,389,6
24,DEL,391,6
24,DEL,393,4
24,DEL,395,5
24,DEL,397,4
24,DEL,399,6
24,DEL,401,4
24,DEL,403,7
24,DEL,405,6
24,DEL,407,1
24,DEL,409,5
24,DEL,411,6
24,DEL,413,4
24,DEL,415,6
24,DEL,417,4
24,DEL,419,7
24,DEL,421,4
24,DEL,423,4
24,DEL,427,5
24,DEL,429,3
24,DEL,433,1
24,DEL,435,2
24,DEL,437,3
24,DEL,439,4
24,DEL,441,4
24,DEL,443,3
24,DEL,445,1
24,DEL,447,3
24,DEL,449,3
24,DEL,451,3
24,DEL,453,1
24,DEL,455,2
24,DEL,457,1
24,DEL,459,4
24,DEL,461,3
24,DEL,465,1
24,DEL,467,2
24,DEL,471,1
24,DEL,473,1
24,DEL,475,3
24,DEL,477,2
24,DEL,481,1
24,DEL,485,1
24,DEL,487,1
24,DEL,489,2
24,DEL,493,4
24,DEL,495,1
24,DEL,497,1
24,DEL,501,1
24,DEL,503,3
24,DEL,505,1
24,DEL,509,1
24,DEL,515,1
24,DEL,519,4
24,DEL,527,2
24,DEL,535,1
24,DEL,539,2
24,DEL,543,1
24,DEL,547,1
24,DEL,551,3
24,DEL,555,1
24,DEL,559,2
24,DEL,579,3
24,DEL,587,1
24,DEL,591,2
24,DEL,595,2
24,DEL,599,1
24,DEL,603,1
24,DEL,607,2
24,DEL,619,1
24,DEL,623,1
24,DEL,643,1
24,DEL,647,1
24,DEL,651,2
24,DEL,655,1
24,DEL,659,2
24,DEL,663,2
24,DEL,667,2
24,DEL,671,1
24,DEL,675,2
24,DEL,683,1
24,DEL,687,1
24,DEL,695,1
24,DEL,699,1
24,DEL,707,1
24,DEL,711,2
24,DEL,715,1
24,DEL,727,2
24,DEL,747,1
24,DEL,763,1
24,DEL,767,1
24,DEL,799,1
24,DEL,803,2
24,DEL,811,1
24,DEL,851,1
24,DEL,867,1
24,DEL,879,1
24,DEL,959,1
24,DEL,1055,1
24,DEL,1071,1
24,DEL,1079,1
24,DEL,1087,2
24,DEL,1111,1
24,DEL,1159,1
24,DEL,1167,1
24,DEL,1175,1
24,DEL,1287,1
24,DEL,1343,1
24,DEL,1367,1
24,DEL,1407,1
24,DEL,1455,1
24,DEL,1471,1
24,DEL,1487,2
24,DEL,1495,1
24,DEL,1503,2
24,DEL,1559,1
24,DEL,1615,2
24,DEL,1623,1
24,DEL,1655,1
24,DEL,1671,1
24,DEL,1703,2
24,DEL,1735,2
24,DEL,1775,1
24,DEL,1815,1
24,DEL,1823,1
24,DEL,1847,1
24,DEL,1855,1
24,DEL,1863,1
24,DEL,1871,1
24,DEL,1903,1
24,DEL,1919,2
24,DEL,1943,1
24,DEL,1991,2
24,DEL,2031,2
24,DEL,2047,1
24,DEL,2063,3
24,DEL,2095,1
24,DEL,2111,1
24,DEL,2143,1
24,DEL,2191,1
24,DEL,2207,2
24,DEL,2239,1
24,DEL,2255,2
24,DEL,2271,4
24,DEL,2287,3
24,DEL,2303,3
24,DEL,2319,1
24,DEL,2335,1
24,DEL,2351,1
24,DEL,2367,3
24,DEL,2383,1
24,DEL,2399,1
24,DEL,2447,1
24,DEL,2495,1
24,DEL,2511,2
24,DEL,2527,1
24,DEL,2543,1
24,DEL,2655,1
24,DEL,2943,1
24,DEL,3215,1
24,DEL,3647,1
24,DEL,6847,1
24,DEL,9983,1
24,SET,78,1
24,SET,79,1
24,SET,80,2
24,SET,81,1
24,SET,82,6
24,SET,83,4
24,SET,84,4
24,SET,85,13
24,SET,86,8
24,SET,87,21
24,SET,88,22
24,SET,89,22
24,SET,90,43
24,SET,91,50
24,SET,92,37
24,SET,93,48
24,SET,94,62
24,SET,95,73
24,SET,96,76
24,SET,97,84
24,SET,98,108
24,SET,99,113
24,SET,100,114
24,SET,101,132
24,SET,102,141
24,SET,103,152
24,SET,104,179
24,SET,105,156
24,SET,106,186
24,SET,107,184
24,SET,108,197
24,SET,109,223
24,SET,110,209
24,SET,111,249
24,SET,112,256
24,SET,113,264
24,SET,114,286
24,SET,115,278
24,SET,116,286
24,SET,117,319
24,SET,118,303
24,SET,119,336
24,SET,120,346
24,SET,121,348
24,SET,122,332
24,SET,123,346
24,SET,124,359
24,SET,125,353
24,SET,126,343
24,SET,127,337
24,SET,128,361
24,SET,129,358
24,SET,130,396
24,SET,131,383
24,SET,132,364
24,SET,133,400
24,SET,134,365
24,SET,135,345
24,SET,136,370
24,SET,137,371
24,SET,138,400
24,SET,139,367
24,SET,140,347
24,SET,141,384
24,SET,142,375
24,SET,143,408
24,SET,144,418
24,SET,145,391
24,SET,146,371
24,SET,147,338
24,SET,148,345
24,SET,149,354
24,SET,150,310
24,SET,151,358
24,SET,152,338
24,SET,153,308
24,SET,154,335
24,SET,155,318
24,SET,156,347
24,SET,157,317
24,SET,158,309
24,SET,159,285
24,SET,160,287
24,SET,161,253
24,SET,162,249
24,SET,163,242
24,SET,164,245
24,SET,165,234
24,SET,166,249
24,SET,167,231
24,SET,168,256
24,SET,169,251
24,SET,170,218
24,SET,171,229
24,SET,172,223
24,SET,173,207
24,SET,174,205
24,SET,175,208
24,SET,176,206
24,SET,177,211
24,SET,178,197
24,SET,179,193
24,SET,180,182
24,SET,181,154
24,SET,182,168
24,SET,183,145
24,SET,184,154
24,SET,185,156
24,SET,186,158
24,SET,187,165
24,SET,188,149
24,SET,189,147
24,SET,190,140
24,SET,191,134
24,SET,192,131
24,SET,193,117
24,SET,194,113
24,SET,195,112
24,SET,196,112
24,SET,197,118
24,SET,198,119
24,SET,199,109
24,SET,200,120
24,SET,201,102
24,SET,202,97
24,SET,203,101
24,SET,204,96
24,SET,205,83
24,SET,206,85
24,SET,207,87
24,SET,208,84
24,SET,209,92
24,SET,210,89
24,SET,211,85
24,SET,212,71
24,SET,213,81
24,SET,214,68
24,SET,215,57
24,SET,216,72
24,SET,217,64
24,SET,218,76
24,SET,219,58
24,SET,220,62
24,SET,221,58
24,SET,222,55
24,SET,223,48
24,SET,224,48
24,SET,225,55
24,SET,226,48
24,SET,227,43
24,SET,228,58
24,SET,229,53
24,SET,230,58
24,SET,231,49
24,SET,232,63
24,SET,233,56
24,SET,234,49
24,SET,235,35
24,SET,236,44
24,SET,237,46
24,SET,238,41
24,SET,239,52
24,SET,240,44
24,SET,241,28
24,SET,242,52
24,SET,243,38
24,SET,244,34
24,SET,245,31
24,SET,246,46
24,SET,247,44
24,SET,248,41
24,SET,249,35
24,SET,250,41
24,SET,251,37
24,SET,252,37
24,SET,253,38
24,SET,254,39
24,SET,255,29
24,SET,257,50
24,SET,259,62
24,SET,261,56
24,SET,263,63
24,SET,265,60
24,SET,267,59
24,SET,269,47
24,SET,271,46
24,SET,273,39
24,SET,275,44
24,SET,277,38
24,SET,279,34
24,SET,281,30
24,SET,283,37
24,SET,285,41
24,SET,287,28
24,SET,289,33
24,SET,291,30
24,SET,293,30
24,SET,295,30
24,SET,297,24
24,SET,299,25
24,SET,301,20
24,SET,303,21
24,SET,305,24
24,SET,307,13
24,SET,309,19
24,SET,311,13
24,SET,313,12
24,SET,315,18
24,SET,317,17
24,SET,319,10
24,SET,321,10
24,SET,323,14
24,SET,325,11
24,SET,327,6
24,SET,329,9
24,SET,331,14
24,SET,333,8
24,SET,335,3
24,SET,337,9
24,SET,339,5
24,SET,341,4
24,SET,343,5
24,SET,345,10
24,SET,347,4
24,SET,349,6
24,SET,351,4
24,SET,353,4
24,SET,355,2
24,SET,357,3
24,SET,359,2
24,SET,361,3
24,SET,363,3
24,SET,365,5
24,SET,367,4
24,SET,373,2
24,SET,375,3
24,SET,377,4
24,SET,379,4
24,SET,381,2
24,SET,383,1
24,SET,385,2
24,SET,387,1
24,SET,393,1
24,SET,395,5
24,SET,399,1
24,SET,401,2
24,SET,405,1
24,SET,407,1
24,SET,409,1
24,SET,411,1
24,SET,415,2
24,SET,417,1
24,SET,419,2
24,SET,423,1
24,SET,427,1
24,SET,429,2
24,SET,431,1
24,SET,439,1
24,SET,441,1
24,SET,443,1
24,SET,445,1
24,SET,451,1
24,SET,461,1
24,SET,463,1
24,SET,465,3
24,SET,503,2
24,SET,509,1
24,SET,515,1
24,SET,531,3
24,SET,539,1
24,SET,547,1
24,SET,575,1
24,SET,587,1
24,SET,599,1
24,SET,611,1
24,SET,623,1
24,SET,671,2
24,SET,683,1
24,SET,699,1
24,SET,719,1
24,SET,823,1
24,SET,839,1
24,SET,895,1
24,SET,1039,1
24,SET,1439,1
24,SET,1583,1
24,SET,1615,1
24,SET,1759,1
24,SET,1791,1
24,SET,2079,1
24,SET,2111,1
24,SET,2143,1
24,SET,2159,1
24,SET,2175,1
24,SET,2207,1
24,SET,2255,1
24,SET,2319,1
24,SET,2367,2
24,SET,2639,1
25,GET,74,2
25,GET,75,14
25,GET,76,16
25,GET,77,32
25,GET,78,39
25,GET,79,64
25,GET,80,104
25,GET,81,139
25,GET,82,186
25,GET,83,278
25,GET,84,316
25,GET,85,435
25,GET,86,491
25,GET,87,578
25,GET,88,602
25,GET,89,709
25,GET,90,876
25,GET,91,1031
25,GET,92,1117
25,GET,93,1289
25,GET,94,1406
25,GET,95,1544
25,GET,96,1729
25,GET,97,1885
25,GET,98,2164
25,GET,99,2331
25,GET,100,2607
25,GET,101,2731
25,GET,102,2880
25,GET,103,3083
25,GET,104,3133
25,GET,105,3302
25,GET,106,3487
25,GET,107,3634
25,GET,108,3741
25,GET,109,3898
25,GET,110,3908
25,GET,111,4097
25,GET,112,4335
25,GET,113,4424
25,GET,114,4394
25,GET,115,4537
25,GET,116,4687
25,GET,117,4770
25,GET,118,4957
25,GET,119,4967
25,GET,120,5078
25,GET,121,5175
25,GET,122,5288
25,GET,123,5308
25,GET,124,5312
25,GET,125,5434
25,GET,126,5311
25,GET,127,5409
25,GET,128,5292
25,GET,129,5433
25,GET,130,5315
25,GET,131,5321
25,GET,132,5361
25,GET,133,5343
25,GET,134,5290
25,GET,135,5406
25,GET,136,5364
25,GET,137,5221
25,GET,138,5190
25,GET,139,5321
25,GET,140,5188
25,GET,141,5226
25,GET,142,5107
25,GET,143,5049
25,GET,144,4947
25,GET,145,4755
25,GET,146,4720
25,GET,147,4698
25,GET,148,4589
25,GET,149,4740
25,GET,150,4583
25,GET,151,4346
25,GET,152,4244
25,GET,153,4137
25,GET,154,4044
25,GET,155,3937
25,GET,156,3851
25,GET,157,3670
25,GET,158,3718
25,GET,159,3562
25,GET,160,3608
25,GET,161,3625
25,GET,162,3349
25,GET,163,3308
25,GET,164,3178
25,GET,165,3156
25,GET,166,3131
25,GET,167,2948
25,GET,168,2957
25,GET,169,2870
25,GET,170,2761
25,GET,171,2558
25,GET,172,2666
25,GET,173,2518
25,GET,174,2448
25,GET,175,2405
25,GET,176,2423
25,GET,177,2333
25,GET,178,2239
25,GET,179,2180
25,GET,180,2050
25,GET,181,2059
25,GET,182,1987
25,GET,183,1861
25,GET,184,1823
25,GET,185,1893
25,GET,186,1848
25,GET,187,1788
25,GET,188,1615
25,GET,189,1662
25,GET,190,1552
25,GET,191,1587
25,GET,192,1492
25,GET,193,1430
25,GET,194,1490
25,GET,195,1341
25,GET,196,1316
25,GET,197,1290
25,GET,198,1300
25,GET,199,1225
25,GET,200,1237
25,GET,201,1148
25,GET,202,1107
25,GET,203,1115
25,GET,204,1076
25,GET,205,1037
25,GET,206,1050
25,GET,207,1004
25,GET,208,1034
25,GET,209,980
25,GET,210,964
25,GET,211,891
25,GET,212,980
25,GET,213,873
25,GET,214,875
25,GET,215,889
25,GET,216,802
25,GET,217,751
25,GET,218,813
25,GET,219,736
25,GET,220,777
25,GET,221,754
25,GET,222,746
25,GET,223,744
25,GET,224,674
25,GET,225,714
25,GET,226,678
25,GET,227,621
25,GET,228,641
25,GET,229,669
25,GET,230,629
25,GET,231,562
25,GET,232,615
25,GET,233,611
25,GET,234,548
25,GET,235,528
25,GET,236,592
25,GET,237,569
25,GET,238,516
25,GET,239,509
25,GET,240,543
25,GET,241,512
25,GET,242,508
25,GET,243,511
25,GET,244,466
25,GET,245,486
25,GET,246,486
25,GET,247,428
25,GET,248,471
25,GET,249,408
25,GET,250,426
25,GET,251,431
25,GET,252,418
25,GET,253,440
25,GET,254,372
25,GET,255,415
25,GET,257,771
25,GET,259,691
25,GET,261,710
25,GET,263,669
25,GET,265,633
25,GET,267,668
25,GET,269,587
25,GET,271,553
25,GET,273,557
25,GET,275,529
25,GET,277,562
25,GET,279,480
25,GET,281,445
25,GET,283,469
25,GET,285,427
25,GET,287,422
25,GET,289,373
25,GET,291,365
25,GET,293,361
25,GET,295,325
25,GET,297,307
25,GET,299,303
25,GET,301,283
25,GET,303,279
25,GET,305,266
25,GET,307,202
25,GET,309,222
25,GET,311,225
25,GET,313,170
25,GET,315,180
25,GET,317,174
25,GET,319,181
25,GET,321,147
25,GET,323,152
25,GET,325,153
25,GET,327,137
25,GET,329,92
25,GET,331,111
25,GET,333,92
25,GET,335,100
25,GET,337,84
25,GET,339,88
25,GET,341,82
25,GET,343,72
25,GET,345,68
25,GET,347,73
25,GET,349,82
25,GET,351,60
25,GET,353,46
25,GET,355,64
25,GET,357,39
25,GET,359,52
25,GET,361,42
25,GET,363,44
25,GET,365,27
25,GET,367,35
25,GET,369,33
25,GET,371,39
25,GET,373,25
25,GET,375,26
25,GET,377,35
25,GET,379,29
25,GET,381,25
25,GET,383,28
25,GET,385,23
25,GET,387,15
25,GET,389,15
25,GET,391,27
25,GET,393,23
25,GET,395,11
25,GET,397,18
25,GET,399,19
25,GET,401,10
25,GET,403,10
25,GET,405,14
25,GET,407,13
25,GET,409,13
25,GET,411,6
25,GET,413,8
25,GET,415,9
25,GET,417,15
25,GET,419,11
25,GET,421,1
25,GET,423,9
25,GET,425,10
25,GET,427,11
25,GET,429,3
25,GET,431,4
25,GET,433,11
25,GET,435,3
25,GET,437,8
25,GET,439,8
25,GET,441,4
25,GET,443,11
25,GET,445,7
25,GET,447,5
25,GET,449,9
25,GET,451,5
25,GET,453,6
25,GET,457,8
25,GET,459,2
25,GET,461,3
25,GET,463,3
25,GET,465,3
25,GET,467,6
25,GET,469,2
25,GET,471,4
25,GET,473,5
25,GET,475,6
25,GET,477,3
25,GET,479,2
25,GET,481,1
25,GET,483,1
25,GET,485,7
25,GET,487,4
25,GET,489,3
25,GET,491,3
25,GET,493,2
25,GET,495,4
25,GET,497,4
25,GET,499,5
25,GET,501,1
25,GET,503,3
25,GET,505,2
25,GET,507,6
25,GET,509,3
25,GET,511,2
25,GET,515,2
25,GET,519,3
25,GET,523,7
25,GET,527,6
25,GET,531,5
25,GET,535,2
25,GET,539,4
25,GET,543,5
25,GET,547,4
25,GET,551,4
25,GET,555,3
25,GET,559,4
25,GET,563,5
25,GET,567,4
25,GET,571,6
25,GET,575,1
25,GET,579,4
25,GET,583,2
25,GET,587,5
25,GET,591,2
25,GET,595,4
25,GET,599,3
25,GET,603,1
25,GET,607,5
25,GET,611,4
25,GET,615,4
25,GET,619,3
25,GET,623,2
25,GET,627,4
25,GET,631,4
25,GET,635,2
25,GET,639,2
25,GET,643,2
25,GET,647,2
25,GET,651,1
25,GET,655,1
25,GET,659,2
25,GET,663,4
25,GET,667,3
25,GET,671,6
25,GET,675,2
25,GET,679,1
25,GET,683,1
25,GET,687,3
25,GET,699,1
25,GET,703,2
25,GET,707,2
25,GET,711,3
25,GET,715,1
25,GET,719,1
25,GET,723,1
25,GET,727,2
25,GET,731,1
25,GET,735,3
25,GET,739,5
25,GET,743,1
25,GET,747,2
25,GET,751,1
25,GET,755,1
25,GET,759,4
25,GET,767,2
25,GET,771,2
25,GET,775,2
25,GET,779,1
25,GET,783,1
25,GET,795,1
25,GET,799,1
25,GET,803,1
25,GET,807,1
25,GET,811,2
25,GET,815,1
25,GET,831,1
25,GET,839,1
25,GET,847,2
25,GET,855,2
25,GET,863,1
25,GET,887,1
25,GET,899,1
25,GET,903,1
25,GET,907,1
25,GET,931,1
25,GET,939,1
25,GET,951,1
25,GET,955,1
25,GET,959,2
25,GET,975,1
25,GET,983,1
25,GET,1007,1
25,GET,1011,1
25,GET,1031,1
25,GET,1111,2
25,GET,1143,2
25,GET,1183,1
25,GET,1191,1
25,GET,1199,1
25,GET,1223,1
25,GET,1255,1
25,GET,1271,1
25,GET,1303,2
25,GET,1351,1
25,GET,1375,1
25,GET,1383,1
25,GET,1391,2
25,GET,1399,1
25,GET,1407,1
25,GET,1423,1
25,GET,1431,1
25,GET,1439,3
25,GET,1447,1
25,GET,1463,2
25,GET,1471,1
25,GET,1479,2
25,GET,1487,2
25,GET,1495,1
25,GET,1503,1
25,GET,1519,1
25,GET,1535,1
25,GET,1559,1
25,GET,1575,1
25,GET,1583,1
25,GET,1591,1
25,GET,1607,1
25,GET,1615,1
25,GET,1623,1
25,GET,1647,1
25,GET,1671,1
25,GET,1687,1
25,GET,1695,2
25,GET,1711,1
25,GET,1719,1
25,GET,1735,1
25,GET,1743,2
25,GET,1767,2
25,GET,1775,2
25,GET,1783,1
25,GET,1791,1
25,GET,1807,2
25,GET,1815,1
25,GET,1823,3
25,GET,1831,2
25,GET,1839,1
25,GET,1847,1
25,GET,1863,1
25,GET,1871,2
25,GET,1879,1
25,GET,1895,3
25,GET,1903,2
25,GET,1911,2
25,GET,1927,2
25,GET,1935,1
25,GET,1943,1
25,GET,1951,1
25,GET,1967,1
25,GET,1975,2
25,GET,1983,1
25,GET,2007,5
25,GET,2015,1
25,GET,2023,1
25,GET,2031,3
25,GET,2039,4
25,GET,2047,1
25,GET,2063,1
25,GET,2079,2
25,GET,2095,5
25,GET,2111,3
25,GET,2127,4
25,GET,2143,1
25,GET,2159,5
25,GET,2175,1
25,GET,2191,3
25,GET,2207,4
25,GET,2223,2
25,GET,2239,7
25,GET,2255,4
25,GET,2271,4
25,GET,2287,3
25,GET,2303,2
25,GET,2319,5
25,GET,2335,2
25,GET,2351,2
25,GET,2367,6
25,GET,2383,4
25,GET,2399,6
25,GET,2415,2
25,GET,2431,2
25,GET,2447,1
25,GET,2463,1
25,GET,2479,2
25,GET,2511,1
25,GET,2527,1
25,GET,2543,1
25,GET,2559,2
25,GET,2591,2
25,GET,2607,1
25,GET,2639,1
25,GET,2719,1
25,GET,2831,1
25,GET,2879,1
25,GET,2959,1
25,GET,3071,1
25,GET,3215,1
25,GET,3391,1
25,GET,3663,1
25,GET,3711,1
25,GET,7679,1
25,SET,78,2
25,SET,79,2
25,SET,80,5
25,SET,81,5
25,SET,82,2
25,SET,83,6
25,SET,84,9
25,SET,85,12
25,SET,86,14
25,SET,87,18
25,SET,88,22
25,SET,89,27
25,SET,90,28
25,SET,91,45
25,SET,92,37
25,SET,93,58
25,SET,94,56
25,SET,95,74
25,SET,96,84
25,SET,97,90
25,SET,98,100
25,SET,99,130
25,SET,100,124
25,SET,101,125
25,SET,102,144
25,SET,103,166
25,SET,104,148
25,SET,105,182
25,SET,106,190
25,SET,107,214
25,SET,108,219
25,SET,109,219
25,SET,110,261
25,SET,111,234
25,SET,112,216
25,SET,113,290
25,SET,114,286
25,SET,115,266
25,SET,116,299
25,SET,117,319
25,SET,118,320
25,SET,119,320
25,SET,120,318
25,SET,121,335
25,SET,122,339
25,SET,123,362
25,SET,124,364
25,SET,125,367
25,SET,126,358
25,SET,127,389
25,SET,128,403
25,SET,129,369
25,SET,130,380
25,SET,131,387
25,SET,132,379
25,SET,133,356
25,SET,134,384
25,SET,135,373
25,SET,136,368
25,SET,137,378
25,SET,138,335
25,SET,139,418
25,SET,140,387
25,SET,141,383
25,SET,142,337
25,SET,143,386
25,SET,144,357
25,SET,145,332
25,SET,146,329
25,SET,147,374
25,SET,148,377
25,SET,149,332
25,SET,150,335
25,SET,151,350
25,SET,152,328
25,SET,153,351
25,SET,154,299
25,SET,155,321
25,SET,156,283
25,SET,157,307
25,SET,158,311
25,SET,159,266
25,SET,160,268
25,SET,161,283
25,SET,162,297
25,SET,163,244
25,SET,164,320
25,SET,165,259
25,SET,166,236
25,SET,167,219
25,SET,168,244
25,SET,169,229
25,SET,170,235
25,SET,171,209
25,SET,172,217
25,SET,173,195
25,SET,174,194
25,SET,175,224
25,SET,176,214
25,SET,177,196
25,SET,178,220
25,SET,179,170
25,SET,180,168
25,SET,181,169
25,SET,182,174
25,SET,183,152
25,SET,184,195
25,SET,185,151
25,SET,186,142
25,SET,187,136
25,SET,188,149
25,SET,189,127
25,SET,190,105
25,SET,191,126
25,SET,192,129
25,SET,193,114
25,SET,194,118
25,SET,195,100
25,SET,196,112
25,SET,197,106
25,SET,198,95
25,SET,199,98
25,SET,200,88
25,SET,201,103
25,SET,202,100
25,SET,203,85
25,SET,204,71
25,SET,205,101
25,SET,206,88
25,SET,207,95
25,SET,208,72
25,SET,209,79
25,SET,210,76
25,SET,211,89
25,SET,212,69
25,SET,213,65
25,SET,214,71
25,SET,215,56
25,SET,216,77
25,SET,217,78
25,SET,218,79
25,SET,219,61
25,SET,220,67
25,SET,221,63
25,SET,222,65
25,SET,223,64
25,SET,224,60
25,SET,225,54
25,SET,226,42
25,SET,227,56
25,SET,228,51
25,SET,229,49
25,SET,230,47
25,SET,231,52
25,SET,232,48
25,SET,233,71
25,SET,234,51
25,SET,235,47
25,SET,236,44
25,SET,237,45
25,SET,238,69
25,SET,239,37
25,SET,240,45
25,SET,241,40
25,SET,242,44
25,SET,243,36
25,SET,244,37
25,SET,245,54
25,SET,246,39
25,SET,247,33
25,SET,248,32
25,SET,249,36
25,SET,250,36
25,SET,251,37
25,SET,252,29
25,SET,253,44
25,SET,254,31
25,SET,255,41
25,SET,257,72
25,SET,259,70
25,SET,261,58
25,SET,263,51
25,SET,265,43
25,SET,267,51
25,SET,269,49
25,SET,271,43
25,SET,273,45
25,SET,275,45
25,SET,277,39
25,SET,279,45
25,SET,281,44
25,SET,283,28
25,SET,285,33
25,SET,287,40
25,SET,289,46
25,SET,291,23
25,SET,293,29
25,SET,295,38
25,SET,297,26
25,SET,299,24
25,SET,301,20
25,SET,303,14
25,SET,305,30
25,SET,307,16
25,SET,309,20
25,SET,311,13
25,SET,313,12
25,SET,315,13
25,SET,317,14
25,SET,319,17
25,SET,321,6
25,SET,323,11
25,SET,325,12
25,SET,327,7
25,SET,329,8
25,SET,331,9
25,SET,333,10
25,SET,335,10
25,SET,337,11
25,SET,339,8
25,SET,341,12
25,SET,343,10
25,SET,345,8
25,SET,347,6
25,SET,349,4
25,SET,351,6
25,SET,353,3
25,SET,355,7
25,SET,357,5
25,SET,359,7
25,SET,361,6
25,SET,363,8
25,SET,365,4
25,SET,367,3
25,SET,369,1
25,SET,371,2
25,SET,373,3
25,SET,375,5
25,SET,377,2
25,SET,379,3
25,SET,381,2
25,SET,383,1
25,SET,385,3
25,SET,387,2
25,SET,389,2
25,SET,391,2
25,SET,393,1
25,SET,395,1
25,SET,399,1
25,SET,401,1
25,SET,405,1
25,SET,411,1
25,SET,417,1
25,SET,421,1
25,SET,423,2
25,SET,425,1
25,SET,431,2
25,SET,435,2
25,SET,445,1
25,SET,451,2
25,SET,455,2
25,SET,459,1
25,SET,463,1
25,SET,465,1
25,SET,481,1
25,SET,487,1
25,SET,503,1
25,SET,505,1
25,SET,509,1
25,SET,515,2
25,SET,531,3
25,SET,551,1
25,SET,555,1
25,SET,563,2
25,SET,567,1
25,SET,571,1
25,SET,575,1
25,SET,579,1
25,SET,583,1
25,SET,627,1
25,SET,647,1
25,SET,663,1
25,SET,671,1
25,SET,695,1
25,SET,707,1
25,SET,739,1
25,SET,1119,1
25,SET,1767,1
25,SET,1935,1
25,SET,2031,1
25,SET,2159,1
25,SET,2223,1
25,SET,2255,1
25,SET,2367,1
25,SET,2447,1
25,SET,2495,1
25,SET,3359,1
25,SET,3615,1
25,DEL,73,1
25,DEL,75,3
25,DEL,76,3
25,DEL,77,11
25,DEL,78,6
25,DEL,79,14
25,DEL,80,31
25,DEL,81,36
25,DEL,82,68
25,DEL,83,85
25,DEL,84,93
25,DEL,85,117
25,DEL,86,144
25,DEL,87,171
25,DEL,88,200
25,DEL,89,240
25,DEL,90,261
25,DEL,91,328
25,DEL,92,390
25,DEL,93,447
25,DEL,94,497
25,DEL,95,479
25,DEL,96,608
25,DEL,97,632
25,DEL,98,718
25,DEL,99,795
25,DEL,100,828
25,DEL,101,944
25,DEL,102,980
25,DEL,103,986
25,DEL,104,1154
25,DEL,105,1126
25,DEL,106,1148
25,DEL,107,1218
25,DEL,108,1248
25,DEL,109,1343
25,DEL,110,1375
25,DEL,111,1402
25,DEL,112,1404
25,DEL,113,1553
25,DEL,114,1592
25,DEL,115,1682
25,DEL,116,1642
25,DEL,117,1642
25,DEL,118,1636
25,DEL,119,1757
25,DEL,120,1814
25,DEL,121,1812
25,DEL,122,1935
25,DEL,123,1885
25,DEL,124,1922
25,DEL,125,1923
25,DEL,126,1953
25,DEL,127,1894
25,DEL,128,1912
25,DEL,129,1874
25,DEL,130,1859
25,DEL,131,1958
25,DEL,132,1915
25,DEL,133,1879
25,DEL,134,1904
25,DEL,135,1855
25,DEL,136,1802
25,DEL,137,1839
25,DEL,138,1891
25,DEL,139,1970
25,DEL,140,1824
25,DEL,141,1777
25,DEL,142,1849
25,DEL,143,1859
25,DEL,144,1797
25,DEL,145,1786
25,DEL,146,1670
25,DEL,147,1681
25,DEL,148,1720
25,DEL,149,1592
25,DEL,150,1606
25,DEL,151,1545
25,DEL,152,1570
25,DEL,153,1601
25,DEL,154,1470
25,DEL,155,1442
25,DEL,156,1421
25,DEL,157,1420
25,DEL,158,1348
25,DEL,159,1368
25,DEL,160,1290
25,DEL,161,1260
25,DEL,162,1251
25,DEL,163,1239
25,DEL,164,1157
25,DEL,165,1132
25,DEL,166,1134
25,DEL,167,1063
25,DEL,168,1103
25,DEL,169,1035
25,DEL,170,1001
25,DEL,171,921
25,DEL,172,999
25,DEL,173,936
25,DEL,174,875
25,DEL,175,858
25,DEL,176,895
25,DEL,177,844
25,DEL,178,802
25,DEL,179,769
25,DEL,180,771
25,DEL,181,707
25,DEL,182,718
25,DEL,183,701
25,DEL,184,730
25,DEL,185,644
25,DEL,186,638
25,DEL,187,607
25,DEL,188,609
25,DEL,189,611
25,DEL,190,586
25,DEL,191,568
25,DEL,192,566
25,DEL,193,564
25,DEL,194,495
25,DEL,195,527
25,DEL,196,460
25,DEL,197,481
25,DEL,198,488
25,DEL,199,447
25,DEL,200,427
25,DEL,201,418
25,DEL,202,424
25,DEL,203,376
25,DEL,204,419
25,DEL,205,392
25,DEL,206,405
25,DEL,207,378
25,DEL,208,329
25,DEL,209,347
25,DEL,210,325
25,DEL,211,362
25,DEL,212,311
25,DEL,213,292
25,DEL,214,323
25,DEL,215,320
25,DEL,216,292
25,DEL,217,322
25,DEL,218,311
25,DEL,219,283
25,DEL,220,266
25,DEL,221,244
25,DEL,222,289
25,DEL,223,270
25,DEL,224,261
25,DEL,225,224
25,DEL,226,228
25,DEL,227,252
25,DEL,228,253
25,DEL,229,228
25,DEL,230,270
25,DEL,231,215
25,DEL,232,227
25,DEL,233,185
25,DEL,234,209
25,DEL,235,213
25,DEL,236,200
25,DEL,237,195
25,DEL,238,201
25,DEL,239,183
25,DEL,240,191
25,DEL,241,196
25,DEL,242,178
25,DEL,243,171
25,DEL,244,173
25,DEL,245,201
25,DEL,246,165
25,DEL,247,165
25,DEL,248,180
25,DEL,249,169
25,DEL,250,153
25,DEL,251,178
25,DEL,252,156
25,DEL,253,133
25,DEL,254,161
25,DEL,255,154
25,DEL,257,307
25,DEL,259,273
25,DEL,261,254
25,DEL,263,261
25,DEL,265,237
25,DEL,267,191
25,DEL,269,195
25,DEL,271,230
25,DEL,273,228
25,DEL,275,214
25,DEL,277,196
25,DEL,279,182
25,DEL,281,193
25,DEL,283,156
25,DEL,285,142
25,DEL,287,131
25,DEL,289,139
25,DEL,291,139
25,DEL,293,120
25,DEL,295,127
25,DEL,297,108
25,DEL,299,101
25,DEL,301,121
25,DEL,303,91
25,DEL,305,91
25,DEL,307,99
25,DEL,309,95
25,DEL,311,79
25,DEL,313,67
25,DEL,315,73
25,DEL,317,69
25,DEL,319,60
25,DEL,321,54
25,DEL,323,60
25,DEL,325,44
25,DEL,327,63
25,DEL,329,48
25,DEL,331,37
25,DEL,333,40
25,DEL,335,43
25,DEL,337,26
25,DEL,339,36
25,DEL,341,26
25,DEL,343,19
25,DEL,345,20
25,DEL,347,25
25,DEL,349,28
25,DEL,351,24
25,DEL,353,14
25,DEL,355,22
25,DEL,357,17
25,DEL,359,14
25,DEL,361,15
25,DEL,363,20
25,DEL,365,14
25,DEL,367,14
25,DEL,369,15
25,DEL,371,11
25,DEL,373,18
25,DEL,375,11
25,DEL,377,8
25,DEL,379,9
25,DEL,381,11
25,DEL,383,8
25,DEL,385,6
25,DEL,387,9
25,DEL,389,7
25,DEL,391,4
25,DEL,393,11
25,DEL,395,6
25,DEL,397,8
25,DEL,399,3
25,DEL,401,2
25,DEL,403,5
25,DEL,405,6
25,DEL,407,2
25,DEL,409,1
25,DEL,411,4
25,DEL,413,1
25,DEL,415,3
25,DEL,417,5
25,DEL,419,4
25,DEL,421,3
25,DEL,423,2
25,DEL,425,3
25,DEL,427,1
25,DEL,429,3
25,DEL,431,2
25,DEL,433,4
25,DEL,435,1
25,DEL,437,1
25,DEL,439,3
25,DEL,441,3
25,DEL,443,2
25,DEL,445,1
25,DEL,447,1
25,DEL,449,2
25,DEL,451,3
25,DEL,453,1
25,DEL,455,2
25,DEL,457,3
25,DEL,459,1
25,DEL,465,1
25,DEL,467,1
25,DEL,469,2
25,DEL,471,1
25,DEL,473,2
25,DEL,477,2
25,DEL,481,1
25,DEL,485,2
25,DEL,487,1
25,DEL,489,2
25,DEL,493,1
25,DEL,495,3
25,DEL,497,2
25,DEL,499,1
25,DEL,505,1
25,DEL,509,2
25,DEL,511,1
25,DEL,515,5
25,DEL,519,2
25,DEL,523,1
25,DEL,531,4
25,DEL,535,3
25,DEL,539,3
25,DEL,543,1
25,DEL,551,1
25,DEL,555,1
25,DEL,563,1
25,DEL,567,3
25,DEL,571,3
25,DEL,575,2
25,DEL,583,2
25,DEL,587,1
25,DEL,595,2
25,DEL,603,1
25,DEL,607,1
25,DEL,611,2
25,DEL,619,3
25,DEL,623,1
25,DEL,627,2
25,DEL,631,2
25,DEL,635,1
25,DEL,639,2
25,DEL,643,3
25,DEL,647,1
25,DEL,651,3
25,DEL,655,1
25,DEL,659,1
25,DEL,663,1
25,DEL,675,1
25,DEL,679,1
25,DEL,683,1
25,DEL,695,1
25,DEL,699,2
25,DEL,719,2
25,DEL,723,1
25,DEL,731,1
25,DEL,739,2
25,DEL,743,1
25,DEL,747,1
25,DEL,775,1
25,DEL,807,1
25,DEL,811,1
25,DEL,831,1
25,DEL,863,1
25,DEL,875,1
25,DEL,895,1
25,DEL,907,1
25,DEL,963,1
25,DEL,967,1
25,DEL,1031,1
25,DEL,1039,1
25,DEL,1047,1
25,DEL,1079,1
25,DEL,1087,1
25,DEL,1247,1
25,DEL,1351,2
25,DEL,1439,1
25,DEL,1455,1
25,DEL,1511,1
25,DEL,1527,1
25,DEL,1543,1
25,DEL,1559,1
25,DEL,1575,1
25,DEL,1599,1
25,DEL,1623,1
25,DEL,1663,1
25,DEL,1679,1
25,DEL,1687,1
25,DEL,1743,1
25,DEL,1751,2
25,DEL,1759,1
25,DEL,1783,1
25,DEL,1799,1
25,DEL,1815,1
25,DEL,1823,1
25,DEL,1831,1
25,DEL,1839,1
25,DEL,1847,1
25,DEL,1855,1
25,DEL,1919,1
25,DEL,1935,1
25,DEL,1943,2
25,DEL,1951,1
25,DEL,1959,1
25,DEL,1967,1
25,DEL,1975,1
25,DEL,1983,1
25,DEL,1991,1
25,DEL,1999,1
25,DEL,2015,1
25,DEL,2039,2
25,DEL,2047,3
25,DEL,2111,1
25,DEL,2127,1
25,DEL,2143,1
25,DEL,2175,2
25,DEL,2191,2
25,DEL,2207,1
25,DEL,2223,2
25,DEL,2239,1
25,DEL,2255,2
25,DEL,2303,1
25,DEL,2319,2
25,DEL,2367,4
25,DEL,2415,1
25,DEL,2431,2
25,DEL,2447,2
25,DEL,2463,4
25,DEL,2479,3
25,DEL,2575,1
25,DEL,3551,1
25,DEL,7039,1
26,GET,75,3
26,GET,76,5
26,GET,77,9
26,GET,78,20
26,GET,79,24
26,GET,80,56
26,GET,81,70
26,GET,82,107
26,GET,83,122
26,GET,84,179
26,GET,85,224
26,GET,86,307
26,GET,87,362
26,GET,88,415
26,GET,89,524
26,GET,90,565
26,GET,91,666
26,GET,92,843
26,GET,93,952
26,GET,94,1063
26,GET,95,1174
26,GET,96,1298
26,GET,97,1508
26,GET,98,1705
26,GET,99,1852
26,GET,100,2022
26,GET,101,2182
26,GET,102,2336
26,GET,103,2672
26,GET,104,2604
26,GET,105,2861
26,GET,106,2929
26,GET,107,3122
26,GET,108,3159
26,GET,109,3427
26,GET,110,3353
26,GET,111,3706
26,GET,112,3724
26,GET,113,3739
26,GET,114,4038
26,GET,115,4165
26,GET,116,4391
26,GET,117,4319
26,GET,118,4531
26,GET,119,4812
26,GET,120,4766
26,GET,121,4915
26,GET,122,5038
26,GET,123,5194
26,GET,124,5143
26,GET,125,5228
26,GET,126,5189
26,GET,127,5280
26,GET,128,5256
26,GET,129,5162
26,GET,130,5327
26,GET,131,5228
26,GET,132,5319
26,GET,133,5436
26,GET,134,5368
26,GET,135,5241
26,GET,136,5437
26,GET,137,5349
26,GET,138,5280
26,GET,139,5347
26,GET,140,5352
26,GET,141,5237
26,GET,142,5197
26,GET,143,5264
26,GET,144,5235
26,GET,145,5088
26,GET,146,4990
26,GET,147,5003
26,GET,148,4822
26,GET,149,4735
26,GET,150,4847
26,GET,151,4597
26,GET,152,4553
26,GET,153,4504
26,GET,154,4386
26,GET,155,4214
26,GET,156,4281
26,GET,157,4093
26,GET,158,3993
26,GET,159,3980
26,GET,160,3869
26,GET,161,3725
26,GET,162,3767
26,GET,163,3534
26,GET,164,3566
26,GET,165,3414
26,GET,166,3342
26,GET,167,3360
26,GET,168,3192
26,GET,169,3201
26,GET,170,2948
26,GET,171,2950
26,GET,172,2840
26,GET,173,2799
26,GET,174,2763
26,GET,175,2723
26,GET,176,2578
26,GET,177,2527
26,GET,178,2463
26,GET,179,2448
26,GET,180,2329
26,GET,181,2252
26,GET,182,2185
26,GET,183,2153
26,GET,184,2036
26,GET,185,2053
26,GET,186,2004
26,GET,187,1815
26,GET,188,1857
26,GET,189,1763
26,GET,190,1818
26,GET,191,1680
26,GET,192,1612
26,GET,193,1653
26,GET,194,1506
26,GET,195,1580
26,GET,196,1479
26,GET,197,1386
26,GET,198,1392
26,GET,199,1426
26,GET,200,1355
26,GET,201,1240
26,GET,202,1266
26,GET,203,1212
26,GET,204,1195
26,GET,205,1094
26,GET,206,1111
26,GET,207,1108
26,GET,208,1062
26,GET,209,1113
26,GET,210,1017
26,GET,211,951
26,GET,212,946
26,GET,213,880
26,GET,214,941
26,GET,215,959
26,GET,216,895
26,GET,217,884
26,GET,218,842
26,GET,219,797
26,GET,220,819
26,GET,221,801
26,GET,222,768
26,GET,223,754
26,GET,224,691
26,GET,225,722
26,GET,226,674
26,GET,227,724
26,GET,228,696
26,GET,229,669
26,GET,230,621
26,GET,231,655
26,GET,232,635
26,GET,233,576
26,GET,234,570
26,GET,235,589
26,GET,236,572
26,GET,237,607
26,GET,238,516
26,GET,239,565
26,GET,240,529
26,GET,241,516
26,GET,242,511
26,GET,243,513
26,GET,244,513
26,GET,245,502
26,GET,246,468
26,GET,247,418
26,GET,248,444
26,GET,249,444
26,GET,250,425
26,GET,251,439
26,GET,252,416
26,GET,253,433
26,GET,254,481
26,GET,255,365
26,GET,257,778
26,GET,259,751
26,GET,261,691
26,GET,263,722
26,GET,265,599
26,GET,267,578
26,GET,269,536
26,GET,271,553
26,GET,273,547
26,GET,275,493
26,GET,277,523
26,GET,279,453
26,GET,281,475
26,GET,283,451
26,GET,285,438
26,GET,287,391
26,GET,289,387
26,GET,291,350
26,GET,293,345
26,GET,295,305
26,GET,297,299
26,GET,299,297
26,GET,301,292
26,GET,303,248
26,GET,305,252
26,GET,307,211
26,GET,309,216
26,GET,311,229
26,GET,313,207
26,GET,315,181
26,GET,317,151
26,GET,319,152
26,GET,321,149
26,GET,323,151
26,GET,325,136
26,GET,327,110
26,GET,329,106
26,GET,331,119
26,GET,333,119
26,GET,335,98
26,GET,337,111
26,GET,339,116
26,GET,341,75
26,GET,343,74
26,GET,345,70
26,GET,347,75
26,GET,349,81
26,GET,351,65
26,GET,353,57
26,GET,355,52
26,GET,357,39
26,GET,359,35
26,GET,361,43
26,GET,363,41
26,GET,365,44
26,GET,367,39
26,GET,369,28
26,GET,371,37
26,GET,373,30
26,GET,375,31
26,GET,377,25
26,GET,379,22
26,GET,381,22
26,GET,383,27
26,GET,385,32
26,GET,387,24
26,GET,389,18
26,GET,391,20
26,GET,393,23
26,GET,395,11
26,GET,397,14
26,GET,399,20
26,GET,401,13
26,GET,403,15
26,GET,405,11
26,GET,407,18
26,GET,409,19
26,GET,411,16
26,GET,413,10
26,GET,415,15
26,GET,417,7
26,GET,419,8
26,GET,421,14
26,GET,423,15
26,GET,425,15
26,GET,427,12
26,GET,429,11
26,GET,431,13
26,GET,433,9
26,GET,435,11
26,GET,437,6
26,GET,439,5
26,GET,441,12
26,GET,443,5
26,GET,445,6
26,GET,447,8
26,GET,449,9
26,GET,451,9
26,GET,453,5
26,GET,455,6
26,GET,457,3
26,GET,459,3
26,GET,461,8
26,GET,463,5
26,GET,465,3
26,GET,467,7
26,GET,469,1
26,GET,471,3
26,GET,473,4
26,GET,475,6
26,GET,477,7
26,GET,479,7
26,GET,481,6
26,GET,483,5
26,GET,485,6
26,GET,487,3
26,GET,489,7
26,GET,491,5
26,GET,493,4
26,GET,495,3
26,GET,497,1
26,GET,499,4
26,GET,501,6
26,GET,503,5
26,GET,505,2
26,GET,507,3
26,GET,509,1
26,GET,511,6
26,GET,515,4
26,GET,519,8
26,GET,523,6
26,GET,527,10
26,GET,531,2
26,GET,535,8
26,GET,539,8
26,GET,543,5
26,GET,547,5
26,GET,551,6
26,GET,555,5
26,GET,559,7
26,GET,563,8
26,GET,567,7
26,GET,571,3
26,GET,575,2
26,GET,579,3
26,GET,583,10
26,GET,587,2
26,GET,591,5
26,GET,595,5
26,GET,603,4
26,GET,607,4
26,GET,611,7
26,GET,615,4
26,GET,619,6
26,GET,623,3
26,GET,627,2
26,GET,631,4
26,GET,635,7
26,GET,639,4
26,GET,643,2
26,GET,651,4
26,GET,655,6
26,GET,659,5
26,GET,663,3
26,GET,667,1
26,GET,671,7
26,GET,675,2
26,GET,679,1
26,GET,683,2
26,GET,687,3
26,GET,691,4
26,GET,695,3
26,GET,699,4
26,GET,703,1
26,GET,707,5
26,GET,711,1
26,GET,715,1
26,GET,719,3
26,GET,723,1
26,GET,727,3
26,GET,731,1
26,GET,735,2
26,GET,739,3
26,GET,751,6
26,GET,759,2
26,GET,767,3
26,GET,771,1
26,GET,775,1
26,GET,779,1
26,GET,787,2
26,GET,791,2
26,GET,795,2
26,GET,799,3
26,GET,803,2
26,GET,811,1
26,GET,815,1
26,GET,819,2
26,GET,831,1
26,GET,835,1
26,GET,839,3
26,GET,843,1
26,GET,855,1
26,GET,859,1
26,GET,871,1
26,GET,891,2
26,GET,903,1
26,GET,907,1
26,GET,911,2
26,GET,919,1
26,GET,995,1
26,GET,1003,1
26,GET,1015,1
26,GET,1055,1
26,GET,1095,1
26,GET,1111,1
26,GET,1135,1
26,GET,1143,2
26,GET,1175,2
26,GET,1191,1
26,GET,1231,1
26,GET,1239,1
26,GET,1263,1
26,GET,1287,2
26,GET,1311,3
26,GET,1335,1
26,GET,1359,1
26,GET,1367,1
26,GET,1375,1
26,GET,1399,1
26,GET,1407,1
26,GET,1431,1
26,GET,1439,2
26,GET,1447,1
26,GET,1455,1
26,GET,1479,2
26,GET,1495,1
26,GET,1503,3
26,GET,1535,1
26,GET,1559,2
26,GET,1567,2
26,GET,1583,1
26,GET,1591,3
26,GET,1615,1
26,GET,1631,1
26,GET,1639,1
26,GET,1647,1
26,GET,1663,1
26,GET,1671,2
26,GET,1695,1
26,GET,1711,1
26,GET,1719,1
26,GET,1767,3
26,GET,1791,3
26,GET,1815,1
26,GET,1823,2
26,GET,1831,1
26,GET,1839,1
26,GET,1847,1
26,GET,1863,1
26,GET,1879,1
26,GET,1887,2
26,GET,1895,1
26,GET,1911,3
26,GET,1919,1
26,GET,1927,1
26,GET,1935,2
26,GET,1951,1
26,GET,1967,1
26,GET,1975,1
26,GET,1983,2
26,GET,1999,1
26,GET,2007,1
26,GET,2031,1
26,GET,2047,1
26,GET,2063,1
26,GET,2079,3
26,GET,2095,4
26,GET,2111,3
26,GET,2127,4
26,GET,2143,6
26,GET,2159,7
26,GET,2175,5
26,GET,2191,2
26,GET,2207,4
26,GET,2223,1
26,GET,2239,2
26,GET,2255,2
26,GET,2271,2
26,GET,2287,1
26,GET,2303,5
26,GET,2319,3
26,GET,2335,2
26,GET,2351,2
26,GET,2367,4
26,GET,2383,4
26,GET,2399,2
26,GET,2415,4
26,GET,2431,1
26,GET,2447,1
26,GET,2463,2
26,GET,2511,1
26,GET,2527,4
26,GET,2607,1
26,GET,2623,1
26,GET,2655,1
26,GET,2751,1
26,GET,2767,1
26,GET,2991,1
26,GET,3119,1
26,GET,3375,1
26,GET,3919,1
26,GET,5119,1
26,GET,6591,1
26,SET,77,1
26,SET,79,1
26,SET,81,3
26,SET,82,3
26,SET,84,5
26,SET,85,6
26,SET,86,11
26,SET,87,10
26,SET,88,15
26,SET,89,15
26,SET,90,29
26,SET,91,32
26,SET,92,31
26,SET,93,44
26,SET,94,33
26,SET,95,43
26,SET,96,67
26,SET,97,58
26,SET,98,90
26,SET,99,80
26,SET,100,110
26,SET,101,98
26,SET,102,109
26,SET,103,124
26,SET,104,116
26,SET,105,142
26,SET,106,171
26,SET,107,164
26,SET,108,171
26,SET,109,204
26,SET,110,218
26,SET,111,176
26,SET,112,243
26,SET,113,251
26,SET,114,254
26,SET,115,213
26,SET,116,265
26,SET,117,273
26,SET,118,307
26,SET,119,293
26,SET,120,283
26,SET,121,308
26,SET,122,347
26,SET,123,304
26,SET,124,340
26,SET,125,320
26,SET,126,353
26,SET,127,323
26,SET,128,328
26,SET,129,361
26,SET,130,359
26,SET,131,372
26,SET,132,379
26,SET,133,356
26,SET,134,343
26,SET,135,384
26,SET,136,384
26,SET,137,372
26,SET,138,353
26,SET,139,351
26,SET,140,374
26,SET,141,418
26,SET,142,360
26,SET,143,411
26,SET,144,378
26,SET,145,372
26,SET,146,400
26,SET,147,320
26,SET,148,378
26,SET,149,326
26,SET,150,324
26,SET,151,348
26,SET,152,358
26,SET,153,344
26,SET,154,357
26,SET,155,318
26,SET,156,320
26,SET,157,321
26,SET,158,326
26,SET,159,296
26,SET,160,285
26,SET,161,301
26,SET,162,298
26,SET,163,271
26,SET,164,268
26,SET,165,308
26,SET,166,263
26,SET,167,259
26,SET,168,263
26,SET,169,291
26,SET,170,243
26,SET,171,208
26,SET,172,241
26,SET,173,219
26,SET,174,213
26,SET,175,216
26,SET,176,201
26,SET,177,177
26,SET,178,207
26,SET,179,179
26,SET,180,194
26,SET,181,196
26,SET,182,199
26,SET,183,175
26,SET,184,187
26,SET,185,155
26,SET,186,171
26,SET,187,157
26,SET,188,153
26,SET,189,157
26,SET,190,120
26,SET,191,144
26,SET,192,122
26,SET,193,133
26,SET,194,136
26,SET,195,106
26,SET,196,140
26,SET,197,110
26,SET,198,146
26,SET,199,117
26,SET,200,112
26,SET,201,93
26,SET,202,102
26,SET,203,100
26,SET,204,109
26,SET,205,86
26,SET,206,102
26,SET,207,83
26,SET,208,95
26,SET,209,96
26,SET,210,75
26,SET,211,75
26,SET,212,77
26,SET,213,80
26,SET,214,79
26,SET,215,69
26,SET,216,86
26,SET,217,66
26,SET,218,67
26,SET,219,69
26,SET,220,74
26,SET,221,69
26,SET,222,63
26,SET,223,61
26,SET,224,57
26,SET,225,45
26,SET,226,52
26,SET,227,68
26,SET,228,53
26,SET,229,54
26,SET,230,63
26,SET,231,45
26,SET,232,47
26,SET,233,37
26,SET,234,52
26,SET,235,59
26,SET,236,37
26,SET,237,50
26,SET,238,37
26,SET,239,50
26,SET,240,37
26,SET,241,35
26,SET,242,46
26,SET,243,39
26,SET,244,40
26,SET,245,28
26,SET,246,48
26,SET,247,29
26,SET,248,35
26,SET,249,37
26,SET,250,39
26,SET,251,40
26,SET,252,33
26,SET,253,37
26,SET,254,29
26,SET,255,37
26,SET,257,56
26,SET,259,52
26,SET,261,61
26,SET,263,64
26,SET,265,43
26,SET,267,39
26,SET,269,44
26,SET,271,49
26,SET,273,57
26,SET,275,42
26,SET,277,36
26,SET,279,37
26,SET,281,48
26,SET,283,30
26,SET,285,32
26,SET,287,30
26,SET,289,31
26,SET,291,34
26,SET,293,28
26,SET,295,27
26,SET,297,28
26,SET,299,19
26,SET,301,26
26,SET,303,28
26,SET,305,16
26,SET,307,19
26,SET,309,17
26,SET,311,19
26,SET,313,16
26,SET,315,14
26,SET,317,11
26,SET,319,12
26,SET,321,17
26,SET,323,11
26,SET,325,10
26,SET,327,17
26,SET,329,10
26,SET,331,5
26,SET,333,5
26,SET,335,6
26,SET,337,8
26,SET,339,6
26,SET,341,6
26,SET,343,11
26,SET,345,8
26,SET,347,4
26,SET,349,2
26,SET,351,3
26,SET,353,5
26,SET,357,7
26,SET,359,3
26,SET,361,7
26,SET,363,4
26,SET,365,4
26,SET,367,2
26,SET,369,1
26,SET,371,3
26,SET,373,3
26,SET,375,3
26,SET,377,4
26,SET,379,1
26,SET,381,1
26,SET,383,1
26,SET,385,3
26,SET,387,3
26,SET,389,5
26,SET,393,3
26,SET,395,3
26,SET,397,2
26,SET,401,1
26,SET,403,1
26,SET,405,3
26,SET,407,1
26,SET,409,2
26,SET,411,1
26,SET,425,2
26,SET,427,1
26,SET,437,1
26,SET,439,1
26,SET,449,1
26,SET,451,1
26,SET,453,1
26,SET,455,1
26,SET,463,2
26,SET,465,1
26,SET,471,1
26,SET,509,1
26,SET,515,1
26,SET,523,1
26,SET,527,1
26,SET,559,2
26,SET,563,1
26,SET,579,1
26,SET,587,1
26,SET,603,1
26,SET,631,1
26,SET,659,1
26,SET,667,1
26,SET,679,1
26,SET,699,1
26,SET,731,1
26,SET,763,1
26,SET,771,1
26,SET,851,1
26,SET,863,1
26,SET,1047,1
26,SET,1567,1
26,SET,1631,1
26,SET,1639,1
26,SET,1679,1
26,SET,1703,1
26,SET,1719,1
26,SET,1767,2
26,SET,2111,3
26,SET,2127,1
26,SET,2223,3
26,SET,2255,1
26,SET,2319,1
26,SET,2383,1
26,SET,2399,1
26,SET,2959,1
26,DEL,76,1
26,DEL,77,4
26,DEL,78,9
26,DEL,79,8
26,DEL,80,10
26,DEL,81,19
26,DEL,82,20
26,DEL,83,46
26,DEL,84,53
26,DEL,85,66
26,DEL,86,86
26,DEL,87,115
26,DEL,88,148
26,DEL,89,159
26,DEL,90,223
26,DEL,91,240
26,DEL,92,260
26,DEL,93,328
26,DEL,94,315
26,DEL,95,389
26,DEL,96,472
26,DEL,97,500
26,DEL,98,583
26,DEL,99,594
26,DEL,100,687
26,DEL,101,717
26,DEL,102,793
26,DEL,103,863
26,DEL,104,913
26,DEL,105,961
26,DEL,106,981
26,DEL,107,1089
26,DEL,108,1076
26,DEL,109,1226
26,DEL,110,1203
26,DEL,111,1263
26,DEL,112,1325
26,DEL,113,1311
26,DEL,114,1457
26,DEL,115,1429
26,DEL,116,1497
26,DEL,117,1535
26,DEL,118,1551
26,DEL,119,1703
26,DEL,120,1731
26,DEL,121,1783
26,DEL,122,1695
26,DEL,123,1853
26,DEL,124,1743
26,DEL,125,1871
26,DEL,126,1899
26,DEL,127,1812
26,DEL,128,1945
26,DEL,129,1847
26,DEL,130,1871
26,DEL,131,1953
26,DEL,132,1956
26,DEL,133,1852
26,DEL,134,1893
26,DEL,135,1980
26,DEL,136,1890
26,DEL,137,1931
26,DEL,138,1841
26,DEL,139,2001
26,DEL,140,1842
26,DEL,141,1872
26,DEL,142,1906
26,DEL,143,1784
26,DEL,144,1901
26,DEL,145,1840
26,DEL,146,1761
26,DEL,147,1861
26,DEL,148,1712
26,DEL,149,1828
26,DEL,150,1761
26,DEL,151,1752
26,DEL,152,1609
26,DEL,153,1621
26,DEL,154,1644
26,DEL,155,1637
26,DEL,156,1477
26,DEL,157,1471
26,DEL,158,1503
26,DEL,159,1408
26,DEL,160,1440
26,DEL,161,1426
26,DEL,162,1345
26,DEL,163,1327
26,DEL,164,1236
26,DEL,165,1236
26,DEL,166,1216
26,DEL,167,1190
26,DEL,168,1204
26,DEL,169,1058
26,DEL,170,1033
26,DEL,171,1065
26,DEL,172,1040
26,DEL,173,1110
26,DEL,174,971
26,DEL,175,1002
26,DEL,176,977
26,DEL,177,908
26,DEL,178,888
26,DEL,179,880
26,DEL,180,844
26,DEL,181,826
26,DEL,182,841
26,DEL,183,784
26,DEL,184,754
26,DEL,185,753
26,DEL,186,719
26,DEL,187,681
26,DEL,188,690
26,DEL,189,665
26,DEL,190,626
26,DEL,191,678
26,DEL,192,650
26,DEL,193,604
26,DEL,194,593
26,DEL,195,473
26,DEL,196,571
26,DEL,197,528
26,DEL,198,506
26,DEL,199,464
26,DEL,200,507
26,DEL,201,452
26,DEL,202,458
26,DEL,203,474
26,DEL,204,478
26,DEL,205,431
26,DEL,206,396
26,DEL,207,375
26,DEL,208,370
26,DEL,209,449
26,DEL,210,375
26,DEL,211,351
26,DEL,212,369
26,DEL,213,343
26,DEL,214,313
26,DEL,215,322
26,DEL,216,324
26,DEL,217,296
26,DEL,218,286
26,DEL,219,308
26,DEL,220,296
26,DEL,221,291
26,DEL,222,285
26,DEL,223,275
26,DEL,224,297
26,DEL,225,262
26,DEL,226,287
26,DEL,227,250
26,DEL,228,210
26,DEL,229,224
26,DEL,230,233
26,DEL,231,247
26,DEL,232,225
26,DEL,233,222
26,DEL,234,213
26,DEL,235,218
26,DEL,236,214
26,DEL,237,205
26,DEL,238,207
26,DEL,239,223
26,DEL,240,170
26,DEL,241,198
26,DEL,242,191
26,DEL,243,182
26,DEL,244,191
26,DEL,245,180
26,DEL,246,180
26,DEL,247,168
26,DEL,248,153
26,DEL,249,151
26,DEL,250,162
26,DEL,251,179
26,DEL,252,140
26,DEL,253,158
26,DEL,254,156
26,DEL,255,156
26,DEL,257,256
26,DEL,259,275
26,DEL,261,265
26,DEL,263,242
26,DEL,265,236
26,DEL,267,254
26,DEL,269,240
26,DEL,271,222
26,DEL,273,195
26,DEL,275,221
26,DEL,277,189
26,DEL,279,192
26,DEL,281,193
26,DEL,283,159
26,DEL,285,131
26,DEL,287,149
26,DEL,289,146
26,DEL,291,131
26,DEL,293,119
26,DEL,295,119
26,DEL,297,118
26,DEL,299,112
26,DEL,301,117
26,DEL,303,88
26,DEL,305,99
26,DEL,307,89
26,DEL,309,73
26,DEL,311,61
26,DEL,313,76
26,DEL,315,64
26,DEL,317,71
26,DEL,319,49
26,DEL,321,49
26,DEL,323,49
26,DEL,325,45
26,DEL,327,56
26,DEL,329,46
26,DEL,331,38
26,DEL,333,38
26,DEL,335,39
26,DEL,337,40
26,DEL,339,40
26,DEL,341,34
26,DEL,343,35
26,DEL,345,27
26,DEL,347,18
26,DEL,349,18
26,DEL,351,16
26,DEL,353,28
26,DEL,355,11
26,DEL,357,20
26,DEL,359,13
26,DEL,361,20
26,DEL,363,17
26,DEL,365,11
26,DEL,367,15
26,DEL,369,17
26,DEL,371,18
26,DEL,373,10
26,DEL,375,12
26,DEL,377,17
26,DEL,379,11
26,DEL,381,10
26,DEL,383,14
26,DEL,385,5
26,DEL,387,10
26,DEL,389,9
26,DEL,391,6
26,DEL,393,6
26,DEL,395,7
26,DEL,397,3
26,DEL,399,13
26,DEL,401,4
26,DEL,403,3
26,DEL,405,1
26,DEL,407,5
26,DEL,409,5
26,DEL,411,3
26,DEL,413,4
26,DEL,415,2
26,DEL,417,5
26,DEL,419,5
26,DEL,421,6
26,DEL,423,8
26,DEL,425,3
26,DEL,427,4
26,DEL,429,7
26,DEL,431,1
26,DEL,433,2
26,DEL,435,1
26,DEL,437,4
26,DEL,439,4
26,DEL,443,4
26,DEL,445,3
26,DEL,447,2
26,DEL,449,4
26,DEL,451,2
26,DEL,453,2
26,DEL,455,2
26,DEL,457,2
26,DEL,459,2
26,DEL,461,2
26,DEL,463,1
26,DEL,467,1
26,DEL,469,2
26,DEL,473,4
26,DEL,475,3
26,DEL,477,1
26,DEL,481,1
26,DEL,491,3
26,DEL,493,1
26,DEL,495,2
26,DEL,499,2
26,DEL,501,1
26,DEL,503,1
26,DEL,507,2
26,DEL,509,1
26,DEL,511,4
26,DEL,515,1
26,DEL,519,3
26,DEL,523,1
26,DEL,527,2
26,DEL,531,3
26,DEL,535,2
26,DEL,539,4
26,DEL,543,1
26,DEL,547,1
26,DEL,551,1
26,DEL,559,1
26,DEL,563,3
26,DEL,567,5
26,DEL,575,2
26,DEL,583,1
26,DEL,587,2
26,DEL,591,2
26,DEL,595,1
26,DEL,603,3
26,DEL,607,2
26,DEL,611,2
26,DEL,615,2
26,DEL,619,1
26,DEL,623,1
26,DEL,627,1
26,DEL,631,1
26,DEL,635,1
26,DEL,639,1
26,DEL,643,1
26,DEL,647,1
26,DEL,651,5
26,DEL,655,1
26,DEL,659,2
26,DEL,667,3
26,DEL,671,1
26,DEL,675,1
26,DEL,679,1
26,DEL,683,3
26,DEL,687,1
26,DEL,695,1
26,DEL,699,1
26,DEL,707,1
26,DEL,715,1
26,DEL,723,2
26,DEL,739,2
26,DEL,743,3
26,DEL,747,2
26,DEL,755,1
26,DEL,771,1
26,DEL,779,1
26,DEL,783,1
26,DEL,787,2
26,DEL,795,1
26,DEL,799,1
26,DEL,815,1
26,DEL,835,1
26,DEL,839,1
26,DEL,843,1
26,DEL,903,1
26,DEL,919,1
26,DEL,939,1
26,DEL,971,1
26,DEL,995,1
26,DEL,1007,2
26,DEL,1055,1
26,DEL,1247,1
26,DEL,1271,1
26,DEL,1287,1
26,DEL,1295,1
26,DEL,1327,1
26,DEL,1415,4
26,DEL,1423,1
26,DEL,1431,1
26,DEL,1455,2
26,DEL,1487,1
26,DEL,1495,1
26,DEL,1511,1
26,DEL,1559,2
26,DEL,1615,1
26,DEL,1623,1
26,DEL,1655,1
26,DEL,1679,1
26,DEL,1703,1
26,DEL,1751,2
26,DEL,1767,1
26,DEL,1775,1
26,DEL,1807,1
26,DEL,1815,1
26,DEL,1839,1
26,DEL,1903,1
26,DEL,1959,1
26,DEL,1967,1
26,DEL,2015,1
26,DEL,2023,2
26,DEL,2047,1
26,DEL,2079,2
26,DEL,2095,3
26,DEL,2111,4
26,DEL,2127,1
26,DEL,2143,1
26,DEL,2159,4
26,DEL,2175,4
26,DEL,2191,3
26,DEL,2207,5
26,DEL,2239,2
26,DEL,2255,1
26,DEL,2271,2
26,DEL,2287,5
26,DEL,2303,1
26,DEL,2319,2
26,DEL,2335,5
26,DEL,2351,2
26,DEL,2367,1
26,DEL,2383,1
26,DEL,2399,3
26,DEL,2415,1
26,DEL,2431,1
26,DEL,2495,2
26,DEL,2511,1
26,DEL,2527,1
26,DEL,2559,1
26,DEL,2575,1
26,DEL,2607,1
26,DEL,3119,1
26,DEL,3231,2
26,DEL,9855,1
27,GET,76,3
27,GET,77,8
27,GET,78,17
27,GET,79,25
27,GET,80,46
27,GET,81,73
27,GET,82,114
27,GET,83,146
27,GET,84,213
27,GET,85,294
27,GET,86,385
27,GET,87,468
27,GET,88,510
27,GET,89,588
27,GET,90,706
27,GET,91,849
27,GET,92,985
27,GET,93,1124
27,GET,94,1214
27,GET,95,1419
27,GET,96,1604
27,GET,97,1733
27,GET,98,1966
27,GET,99,2118
27,GET,100,2326
27,GET,101,2607
27,GET,102,2786
27,GET,103,2896
27,GET,104,2995
27,GET,105,3224
27,GET,106,3290
27,GET,107,3612
27,GET,108,3658
27,GET,109,3781
27,GET,110,3801
27,GET,111,4029
27,GET,112,4156
27,GET,113,4357
27,GET,114,4421
27,GET,115,4541
27,GET,116,4618
27,GET,117,4707
27,GET,118,4902
27,GET,119,5117
27,GET,120,5035
27,GET,121,5337
27,GET,122,5365
27,GET,123,5371
27,GET,124,5301
27,GET,125,5304
27,GET,126,5402
27,GET,127,5285
27,GET,128,5432
27,GET,129,5460
27,GET,130,5348
27,GET,131,5312
27,GET,132,5248
27,GET,133,5271
27,GET,134,5308
27,GET,135,5226
27,GET,136,5222
27,GET,137,5306
27,GET,138,5168
27,GET,139,5203
27,GET,140,5300
27,GET,141,5065
27,GET,142,5030
27,GET,143,5083
27,GET,144,4939
27,GET,145,4847
27,GET,146,4782
27,GET,147,4686
27,GET,148,4627
27,GET,149,4523
27,GET,150,4557
27,GET,151,4375
27,GET,152,4204
27,GET,153,4206
27,GET,154,4105
27,GET,155,4045
27,GET,156,3885
27,GET,157,3840
27,GET,158,3643
27,GET,159,3708
27,GET,160,3727
27,GET,161,3563
27,GET,162,3557
27,GET,163,3415
27,GET,164,3280
27,GET,165,3137
27,GET,166,3070
27,GET,167,3155
27,GET,168,2922
27,GET,169,2961
27,GET,170,2775
27,GET,171,2733
27,GET,172,2820
27,GET,173,2562
27,GET,174,2563
27,GET,175,2566
27,GET,176,2507
27,GET,177,2311
27,GET,178,2278
27,GET,179,2270
27,GET,180,2259
27,GET,181,2087
27,GET,182,2015
27,GET,183,1978
27,GET,184,1924
27,GET,185,1864
27,GET,186,1733
27,GET,187,1757
27,GET,188,1713
27,GET,189,1695
27,GET,190,1680
27,GET,191,1585
27,GET,192,1543
27,GET,193,1486
27,GET,194,1511
27,GET,195,1454
27,GET,196,1410
27,GET,197,1312
27,GET,198,1376
27,GET,199,1364
27,GET,200,1303
27,GET,201,1258
27,GET,202,1211
27,GET,203,1178
27,GET,204,1123
27,GET,205,1072
27,GET,206,1056
27,GET,207,1009
27,GET,208,1033
27,GET,209,1019
27,GET,210,1010
27,GET,211,1014
27,GET,212,901
27,GET,213,914
27,GET,214,882
27,GET,215,911
27,GET,216,894
27,GET,217,881
27,GET,218,793
27,GET,219,810
27,GET,220,758
27,GET,221,764
27,GET,222,738
27,GET,223,725
27,GET,224,709
27,GET,225,673
27,GET,226,683
27,GET,227,693
27,GET,228,707
27,GET,229,660
27,GET,230,644
27,GET,231,647
27,GET,232,665
27,GET,233,568
27,GET,234,568
27,GET,235,522
27,GET,236,570
27,GET,237,566
27,GET,238,563
27,GET,239,531
27,GET,240,533
27,GET,241,525
27,GET,242,489
27,GET,243,512
27,GET,244,525
27,GET,245,493
27,GET,246,504
27,GET,247,477
27,GET,248,441
27,GET,249,481
27,GET,250,431
27,GET,251,455
27,GET,252,494
27,GET,253,420
27,GET,254,398
27,GET,255,427
27,GET,257,828
27,GET,259,740
27,GET,261,698
27,GET,263,748
27,GET,265,687
27,GET,267,649
27,GET,269,588
27,GET,271,611
27,GET,273,593
27,GET,275,544
27,GET,277,544
27,GET,279,502
27,GET,281,468
27,GET,283,456
27,GET,285,417
27,GET,287,431
27,GET,289,388
27,GET,291,371
27,GET,293,403
27,GET,295,336
27,GET,297,301
27,GET,299,274
27,GET,301,257
27,GET,303,284
27,GET,305,255
27,GET,307,234
27,GET,309,238
27,GET,311,195
27,GET,313,205
27,GET,315,211
27,GET,317,195
27,GET,319,152
27,GET,321,174
27,GET,323,167
27,GET,325,159
27,GET,327,122
27,GET,329,137
27,GET,331,104
27,GET,333,100
27,GET,335,103
27,GET,337,97
27,GET,339,75
27,GET,341,65
27,GET,343,79
27,GET,345,74
27,GET,347,67
27,GET,349,79
27,GET,351,63
27,GET,353,68
27,GET,355,52
27,GET,357,44
27,GET,359,51
27,GET,361,54
27,GET,363,35
27,GET,365,42
27,GET,367,38
27,GET,369,32
27,GET,371,35
27,GET,373,27
27,GET,375,14
27,GET,377,34
27,GET,379,29
27,GET,381,31
27,GET,383,22
27,GET,385,24
27,GET,387,19
27,GET,389,16
27,GET,391,21
27,GET,393,17
27,GET,395,15
27,GET,397,16
27,GET,399,20
27,GET,401,15
27,GET,403,15
27,GET,405,9
27,GET,407,11
27,GET,409,17
27,GET,411,10
27,GET,413,13
27,GET,415,22
27,GET,417,14
27,GET,419,13
27,GET,421,19
27,GET,423,11
27,GET,425,7
27,GET,427,6
27,GET,429,9
27,GET,431,9
27,GET,433,8
27,GET,435,4
27,GET,437,8
27,GET,439,10
27,GET,441,9
27,GET,443,8
27,GET,445,3
27,GET,447,9
27,GET,449,6
27,GET,451,6
27,GET,453,6
27,GET,455,6
27,GET,457,7
27,GET,459,4
27,GET,461,11
27,GET,463,6
27,GET,465,2
27,GET,467,3
27,GET,469,4
27,GET,471,3
27,GET,473,3
27,GET,475,7
27,GET,477,4
27,GET,479,8
27,GET,481,2
27,GET,483,6
27,GET,485,2
27,GET,487,3
27,GET,489,5
27,GET,491,2
27,GET,493,2
27,GET,495,6
27,GET,497,3
27,GET,499,5
27,GET,501,1
27,GET,503,4
27,GET,505,3
27,GET,507,3
27,GET,509,4
27,GET,511,2
27,GET,515,3
27,GET,519,5
27,GET,523,4
27,GET,527,2
27,GET,531,4
27,GET,535,4
27,GET,539,3
27,GET,543,4
27,GET,547,2
27,GET,551,6
27,GET,555,2
27,GET,559,5
27,GET,563,3
27,GET,567,1
27,GET,571,6
27,GET,575,6
27,GET,579,5
27,GET,583,4
27,GET,587,4
27,GET,591,3
27,GET,595,4
27,GET,599,2
27,GET,603,7
27,GET,607,4
27,GET,611,1
27,GET,615,3
27,GET,619,4
27,GET,623,4
27,GET,631,2
27,GET,635,1
27,GET,639,3
27,GET,643,2
27,GET,647,4
27,GET,651,2
27,GET,655,5
27,GET,659,1
27,GET,663,5
27,GET,667,4
27,GET,671,3
27,GET,675,4
27,GET,679,4
27,GET,683,2
27,GET,687,3
27,GET,691,3
27,GET,695,2
27,GET,699,3
27,GET,703,2
27,GET,707,2
27,GET,711,3
27,GET,715,7
27,GET,719,2
27,GET,723,2
27,GET,727,1
27,GET,735,3
27,GET,739,2
27,GET,743,3
27,GET,747,1
27,GET,751,1
27,GET,755,3
27,GET,763,3
27,GET,767,2
27,GET,783,1
27,GET,791,1
27,GET,799,1
27,GET,803,2
27,GET,811,1
27,GET,819,1
27,GET,827,2
27,GET,835,1
27,GET,843,1
27,GET,851,2
27,GET,867,1
27,GET,879,1
27,GET,887,1
27,GET,903,1
27,GET,915,1
27,GET,927,1
27,GET,959,1
27,GET,967,1
27,GET,979,1
27,GET,983,1
27,GET,987,2
27,GET,991,1
27,GET,1023,1
27,GET,1039,2
27,GET,1103,1
27,GET,1143,1
27,GET,1167,1
27,GET,1191,2
27,GET,1199,1
27,GET,1215,1
27,GET,1223,2
27,GET,1239,1
27,GET,1255,1
27,GET,1311,3
27,GET,1327,1
27,GET,1335,1
27,GET,1343,1
27,GET,1351,1
27,GET,1367,1
27,GET,1375,1
27,GET,1391,3
27,GET,1415,1
27,GET,1439,1
27,GET,1447,2
27,GET,1455,1
27,GET,1463,2
27,GET,1479,1
27,GET,1495,1
27,GET,1527,1
27,GET,1535,1
27,GET,1551,1
27,GET,1559,1
27,GET,1583,1
27,GET,1591,1
27,GET,1599,2
27,GET,1623,1
27,GET,1639,2
27,GET,1647,1
27,GET,1671,2
27,GET,1679,2
27,GET,1687,2
27,GET,1703,1
27,GET,1711,1
27,GET,1727,1
27,GET,1735,1
27,GET,1743,1
27,GET,1751,1
27,GET,1759,2
27,GET,1767,2
27,GET,1775,2
27,GET,1783,4
27,GET,1791,1
27,GET,1807,3
27,GET,1815,1
27,GET,1831,1
27,GET,1871,2
27,GET,1879,1
27,GET,1887,2
27,GET,1895,2
27,GET,1911,1
27,GET,1935,3
27,GET,1951,3
27,GET,1959,2
27,GET,1967,1
27,GET,1991,1
27,GET,2007,1
27,GET,2015,3
27,GET,2039,2
27,GET,2047,1
27,GET,2063,8
27,GET,2079,3
27,GET,2095,2
27,GET,2111,1
27,GET,2127,4
27,GET,2143,4
27,GET,2159,2
27,GET,2175,5
27,GET,2191,4
27,GET,2207,7
27,GET,2223,4
27,GET,2239,5
27,GET,2255,2
27,GET,2287,4
27,GET,2303,5
27,GET,2319,6
27,GET,2335,1
27,GET,2351,8
27,GET,2367,7
27,GET,2383,3
27,GET,2399,3
27,GET,2415,5
27,GET,2431,1
27,GET,2447,2
27,GET,2479,1
27,GET,2527,2
27,GET,2575,2
27,GET,2591,2
27,GET,2671,1
27,GET,2703,3
27,GET,2751,1
27,GET,3151,1
27,GET,3343,1
27,GET,3503,1
27,GET,3599,1
27,GET,4095,1
27,GET,5471,1
27,GET,7359,1
27,GET,10751,1
27,DEL,75,1
27,DEL,76,1
27,DEL,77,2
27,DEL,78,5
27,DEL,79,11
27,DEL,80,13
27,DEL,81,24
27,DEL,82,39
27,DEL,83,39
27,DEL,84,45
27,DEL,85,70
27,DEL,86,110
27,DEL,87,119
27,DEL,88,159
27,DEL,89,194
27,DEL,90,214
27,DEL,91,266
27,DEL,92,320
27,DEL,93,367
27,DEL,94,418
27,DEL,95,454
27,DEL,96,539
27,DEL,97,586
27,DEL,98,678
27,DEL,99,738
27,DEL,100,769
27,DEL,101,837
27,DEL,102,917
27,DEL,103,953
27,DEL,104,1070
27,DEL,105,1124
27,DEL,106,1123
27,DEL,107,1266
27,DEL,108,1269
27,DEL,109,1278
27,DEL,110,1330
27,DEL,111,1406
27,DEL,112,1425
27,DEL,113,1512
27,DEL,114,1500
27,DEL,115,1621
27,DEL,116,1639
27,DEL,117,1668
27,DEL,118,1684
27,DEL,119,1769
27,DEL,120,1812
27,DEL,121,1835
27,DEL,122,1883
27,DEL,123,1881
27,DEL,124,1861
27,DEL,125,1922
27,DEL,126,1942
27,DEL,127,1922
27,DEL,128,1926
27,DEL,129,1847
27,DEL,130,1843
27,DEL,131,1842
27,DEL,132,1893
27,DEL,133,1866
27,DEL,134,1913
27,DEL,135,1937
27,DEL,136,1883
27,DEL,137,1930
27,DEL,138,1821
27,DEL,139,1821
27,DEL,140,1964
27,DEL,141,1815
27,DEL,142,1869
27,DEL,143,1762
27,DEL,144,1786
27,DEL,145,1746
27,DEL,146,1731
27,DEL,147,1748
27,DEL,148,1723
27,DEL,149,1652
27,DEL,150,1602
27,DEL,151,1611
27,DEL,152,1494
27,DEL,153,1482
27,DEL,154,1554
27,DEL,155,1425
27,DEL,156,1410
27,DEL,157,1382
27,DEL,158,1437
27,DEL,159,1359
27,DEL,160,1315
27,DEL,161,1288
27,DEL,162,1318
27,DEL,163,1206
27,DEL,164,1169
27,DEL,165,1208
27,DEL,166,1133
27,DEL,167,1105
27,DEL,168,1077
27,DEL,169,1038
27,DEL,170,992
27,DEL,171,996
27,DEL,172,998
27,DEL,173,944
27,DEL,174,982
27,DEL,175,889
27,DEL,176,871
27,DEL,177,885
27,DEL,178,821
27,DEL,179,779
27,DEL,180,760
27,DEL,181,735
27,DEL,182,802
27,DEL,183,693
27,DEL,184,706
27,DEL,185,698
27,DEL,186,646
27,DEL,187,696
27,DEL,188,623
27,DEL,189,669
27,DEL,190,574
27,DEL,191,557
27,DEL,192,559
27,DEL,193,556
27,DEL,194,567
27,DEL,195,501
27,DEL,196,484
27,DEL,197,497
27,DEL,198,450
27,DEL,199,501
27,DEL,200,504
27,DEL,201,471
27,DEL,202,430
27,DEL,203,417
27,DEL,204,424
27,DEL,205,427
27,DEL,206,405
27,DEL,207,408
27,DEL,208,386
27,DEL,209,378
27,DEL,210,359
27,DEL,211,331
27,DEL,212,359
27,DEL,213,310
27,DEL,214,329
27,DEL,215,321
27,DEL,216,332
27,DEL,217,310
27,DEL,218,305
27,DEL,219,292
27,DEL,220,282
27,DEL,221,311
27,DEL,222,259
27,DEL,223,259
27,DEL,224,268
27,DEL,225,248
27,DEL,226,281
27,DEL,227,263
27,DEL,228,265
27,DEL,229,236
27,DEL,230,249
27,DEL,231,220
27,DEL,232,195
27,DEL,233,251
27,DEL,234,187
27,DEL,235,208
27,DEL,236,235
27,DEL,237,203
27,DEL,238,188
27,DEL,239,225
27,DEL,240,191
27,DEL,241,196
27,DEL,242,202
27,DEL,243,207
27,DEL,244,179
27,DEL,245,163
27,DEL,246,164
27,DEL,247,176
27,DEL,248,166
27,DEL,249,169
27,DEL,250,158
27,DEL,251,174
27,DEL,252,156
27,DEL,253,153
27,DEL,254,154
27,DEL,255,151
27,DEL,257,291
27,DEL,259,286
27,DEL,261,261
27,DEL,263,271
27,DEL,265,260
27,DEL,267,251
27,DEL,269,227
27,DEL,271,206
27,DEL,273,214
27,DEL,275,188
27,DEL,277,177
27,DEL,279,192
27,DEL,281,168
27,DEL,283,158
27,DEL,285,181
27,DEL,287,147
27,DEL,289,145
27,DEL,291,127
27,DEL,293,143
27,DEL,295,117
27,DEL,297,97
27,DEL,299,105
27,DEL,301,122
27,DEL,303,95
27,DEL,305,92
27,DEL,307,71
27,DEL,309,93
27,DEL,311,79
27,DEL,313,80
27,DEL,315,65
27,DEL,317,59
27,DEL,319,79
27,DEL,321,48
27,DEL,323,48
27,DEL,325,48
27,DEL,327,53
27,DEL,329,44
27,DEL,331,51
27,DEL,333,49
27,DEL,335,39
27,DEL,337,33
27,DEL,339,38
27,DEL,341,36
27,DEL,343,34
27,DEL,345,28
27,DEL,347,17
27,DEL,349,28
27,DEL,351,28
27,DEL,353,15
27,DEL,355,25
27,DEL,357,13
27,DEL,359,19
27,DEL,361,19
27,DEL,363,20
27,DEL,365,17
27,DEL,367,14
27,DEL,369,12
27,DEL,371,9
27,DEL,373,9
27,DEL,375,15
27,DEL,377,12
27,DEL,379,12
27,DEL,381,7
27,DEL,383,8
27,DEL,385,6
27,DEL,387,7
27,DEL,389,6
27,DEL,391,6
27,DEL,393,4
27,DEL,395,3
27,DEL,397,2
27,DEL,399,9
27,DEL,401,3
27,DEL,403,8
27,DEL,405,2
27,DEL,407,3
27,DEL,409,2
27,DEL,411,3
27,DEL,413,2
27,DEL,415,2
27,DEL,417,5
27,DEL,419,2
27,DEL,421,3
27,DEL,423,2
27,DEL,425,3
27,DEL,427,2
27,DEL,431,4
27,DEL,433,3
27,DEL,435,1
27,DEL,437,3
27,DEL,439,1
27,DEL,441,6
27,DEL,443,4
27,DEL,445,2
27,DEL,447,1
27,DEL,449,2
27,DEL,451,1
27,DEL,453,2
27,DEL,455,2
27,DEL,457,1
27,DEL,459,1
27,DEL,461,3
27,DEL,463,1
27,DEL,465,4
27,DEL,467,1
27,DEL,469,2
27,DEL,471,1
27,DEL,473,2
27,DEL,477,1
27,DEL,479,3
27,DEL,481,1
27,DEL,485,1
27,DEL,487,3
27,DEL,489,1
27,DEL,491,3
27,DEL,497,1
27,DEL,501,1
27,DEL,505,1
27,DEL,511,2
27,DEL,515,4
27,DEL,523,2
27,DEL,527,1
27,DEL,531,4
27,DEL,539,1
27,DEL,547,4
27,DEL,555,1
27,DEL,559,2
27,DEL,563,1
27,DEL,567,2
27,DEL,571,1
27,DEL,591,2
27,DEL,595,1
27,DEL,599,2
27,DEL,607,1
27,DEL,611,1
27,DEL,615,3
27,DEL,619,2
27,DEL,627,1
27,DEL,635,2
27,DEL,639,1
27,DEL,643,1
27,DEL,651,2
27,DEL,655,3
27,DEL,659,2
27,DEL,663,1
27,DEL,667,3
27,DEL,675,3
27,DEL,679,1
27,DEL,691,1
27,DEL,695,1
27,DEL,699,1
27,DEL,711,1
27,DEL,715,2
27,DEL,719,2
27,DEL,727,2
27,DEL,735,1
27,DEL,747,2
27,DEL,751,1
27,DEL,787,1
27,DEL,795,1
27,DEL,799,1
27,DEL,803,1
27,DEL,807,1
27,DEL,811,1
27,DEL,815,1
27,DEL,823,1
27,DEL,827,1
27,DEL,859,1
27,DEL,907,1
27,DEL,919,1
27,DEL,983,1
27,DEL,987,1
27,DEL,1011,1
27,DEL,1063,1
27,DEL,1071,1
27,DEL,1151,2
27,DEL,1167,1
27,DEL,1207,1
27,DEL,1303,1
27,DEL,1367,1
27,DEL,1391,4
27,DEL,1407,1
27,DEL,1415,1
27,DEL,1423,1
27,DEL,1431,1
27,DEL,1487,1
27,DEL,1495,1
27,DEL,1503,1
27,DEL,1567,1
27,DEL,1599,1
27,DEL,1607,1
27,DEL,1623,1
27,DEL,1695,1
27,DEL,1703,1
27,DEL,1743,1
27,DEL,1767,1
27,DEL,1815,1
27,DEL,1863,1
27,DEL,1903,1
27,DEL,1919,1
27,DEL,1927,2
27,DEL,2063,2
27,DEL,2079,1
27,DEL,2095,1
27,DEL,2111,2
27,DEL,2127,2
27,DEL,2143,2
27,DEL,2159,2
27,DEL,2175,3
27,DEL,2223,1
27,DEL,2255,1
27,DEL,2271,3
27,DEL,2287,1
27,DEL,2303,2
27,DEL,2319,4
27,DEL,2335,3
27,DEL,2351,3
27,DEL,2367,1
27,DEL,2399,1
27,DEL,2447,1
27,DEL,2511,1
27,DEL,2607,1
27,DEL,2639,1
27,DEL,3103,1
27,SET,80,2
27,SET,81,2
27,SET,82,1
27,SET,83,8
27,SET,84,4
27,SET,85,8
27,SET,86,9
27,SET,87,14
27,SET,88,11
27,SET,89,26
27,SET,90,27
27,SET,91,29
27,SET,92,28
27,SET,93,43
27,SET,94,43
27,SET,95,65
27,SET,96,69
27,SET,97,89
27,SET,98,95
27,SET,99,99
27,SET,100,124
27,SET,101,108
27,SET,102,147
27,SET,103,163
27,SET,104,179
27,SET,105,191
27,SET,106,195
27,SET,107,178
27,SET,108,190
27,SET,109,224
27,SET,110,218
27,SET,111,249
27,SET,112,271
27,SET,113,255
27,SET,114,271
27,SET,115,279
27,SET,116,280
27,SET,117,327
27,SET,118,306
27,SET,119,292
27,SET,120,341
27,SET,121,336
27,SET,122,333
27,SET,123,345
27,SET,124,323
27,SET,125,317
27,SET,126,329
27,SET,127,403
27,SET,128,368
27,SET,129,370
27,SET,130,404
27,SET,131,361
27,SET,132,384
27,SET,133,379
27,SET,134,369
27,SET,135,339
27,SET,136,368
27,SET,137,374
27,SET,138,337
27,SET,139,368
27,SET,140,382
27,SET,141,385
27,SET,142,362
27,SET,143,382
27,SET,144,347
27,SET,145,391
27,SET,146,361
27,SET,147,312
27,SET,148,373
27,SET,149,330
27,SET,150,308
27,SET,151,337
27,SET,152,304
27,SET,153,343
27,SET,154,298
27,SET,155,337
27,SET,156,328
27,SET,157,318
27,SET,158,298
27,SET,159,294
27,SET,160,277
27,SET,161,258
27,SET,162,278
27,SET,163,273
27,SET,164,259
27,SET,165,278
27,SET,166,232
27,SET,167,253
27,SET,168,238
27,SET,169,232
27,SET,170,231
27,SET,171,235
27,SET,172,196
27,SET,173,221
27,SET,174,227
27,SET,175,184
27,SET,176,168
27,SET,177,216
27,SET,178,173
27,SET,179,179
27,SET,180,180
27,SET,181,151
27,SET,182,152
27,SET,183,179
27,SET,184,156
27,SET,185,146
27,SET,186,135
27,SET,187,129
27,SET,188,154
27,SET,189,110
27,SET,190,162
27,SET,191,126
27,SET,192,132
27,SET,193,111
27,SET,194,128
27,SET,195,129
27,SET,196,109
27,SET,197,99
27,SET,198,93
27,SET,199,119
27,SET,200,97
27,SET,201,115
27,SET,202,102
27,SET,203,95
27,SET,204,83
27,SET,205,81
27,SET,206,88
27,SET,207,90
27,SET,208,100
27,SET,209,94
27,SET,210,76
27,SET,211,104
27,SET,212,71
27,SET,213,82
27,SET,214,62
27,SET,215,70
27,SET,216,68
27,SET,217,74
27,SET,218,58
27,SET,219,68
27,SET,220,82
27,SET,221,56
27,SET,222,54
27,SET,223,58
27,SET,224,64
27,SET,225,54
27,SET,226,51
27,SET,227,43
27,SET,228,44
27,SET,229,55
27,SET,230,52
27,SET,231,58
27,SET,232,64
27,SET,233,59
27,SET,234,42
27,SET,235,54
27,SET,236,48
27,SET,237,37
27,SET,238,43
27,SET,239,40
27,SET,240,40
27,SET,241,43
27,SET,242,47
27,SET,243,33
27,SET,244,30
27,SET,245,40
27,SET,246,44
27,SET,247,35
27,SET,248,40
27,SET,249,43
27,SET,250,33
27,SET,251,43
27,SET,252,42
27,SET,253,48
27,SET,254,34
27,SET,255,37
27,SET,257,62
27,SET,259,68
27,SET,261,52
27,SET,263,46
27,SET,265,63
27,SET,267,49
27,SET,269,51
27,SET,271,38
27,SET,273,39
27,SET,275,57
27,SET,277,39
27,SET,279,47
27,SET,281,42
27,SET,283,31
27,SET,285,37
27,SET,287,32
27,SET,289,23
27,SET,291,29
27,SET,293,31
27,SET,295,27
27,SET,297,28
27,SET,299,31
27,SET,301,29
27,SET,303,18
27,SET,305,25
27,SET,307,19
27,SET,309,23
27,SET,311,11
27,SET,313,18
27,SET,315,16
27,SET,317,18
27,SET,319,12
27,SET,321,18
27,SET,323,13
27,SET,325,16
27,SET,327,15
27,SET,329,17
27,SET,331,11
27,SET,333,3
27,SET,335,8
27,SET,337,4
27,SET,339,6
27,SET,341,6
27,SET,343,11
27,SET,345,3
27,SET,347,8
27,SET,349,9
27,SET,351,4
27,SET,353,2
27,SET,355,4
27,SET,357,4
27,SET,359,9
27,SET,361,5
27,SET,363,3
27,SET,365,6
27,SET,367,1
27,SET,369,1
27,SET,371,2
27,SET,373,2
27,SET,375,1
27,SET,377,2
27,SET,379,1
27,SET,381,3
27,SET,383,2
27,SET,385,2
27,SET,387,2
27,SET,389,1
27,SET,391,2
27,SET,393,4
27,SET,395,2
27,SET,397,3
27,SET,399,1
27,SET,401,3
27,SET,403,1
27,SET,407,1
27,SET,411,1
27,SET,415,2
27,SET,417,1
27,SET,419,1
27,SET,421,1
27,SET,425,1
27,SET,429,1
27,SET,439,1
27,SET,441,1
27,SET,443,1
27,SET,449,1
27,SET,457,1
27,SET,459,1
27,SET,467,1
27,SET,473,1
27,SET,491,1
27,SET,501,1
27,SET,511,1
27,SET,519,2
27,SET,523,2
27,SET,535,1
27,SET,551,1
27,SET,555,1
27,SET,559,2
27,SET,591,1
27,SET,595,1
27,SET,607,1
27,SET,655,1
27,SET,695,1
27,SET,759,2
27,SET,843,1
27,SET,859,1
27,SET,867,1
27,SET,1111,1
27,SET,1279,1
27,SET,1287,1
27,SET,1407,1
27,SET,1583,1
27,SET,1599,1
27,SET,1631,1
27,SET,1887,1
27,SET,1983,1
27,SET,2063,1
27,SET,2127,1
27,SET,2191,1
27,SET,2207,1
27,SET,2271,1
27,SET,2287,1
27,SET,2351,1
27,SET,2431,1
28,DEL,75,2
28,DEL,76,1
28,DEL,77,8
28,DEL,78,12
28,DEL,79,17
28,DEL,80,29
28,DEL,81,40
28,DEL,82,62
28,DEL,83,75
28,DEL,84,107
28,DEL,85,124
28,DEL,86,156
28,DEL,87,180
28,DEL,88,233
28,DEL,89,266
28,DEL,90,277
28,DEL,91,326
28,DEL,92,404
28,DEL,93,443
28,DEL,94,461
28,DEL,95,519
28,DEL,96,570
28,DEL,97,638
28,DEL,98,721
28,DEL,99,809
28,DEL,100,851
28,DEL,101,980
28,DEL,102,972
28,DEL,103,993
28,DEL,104,1105
28,DEL,105,1200
28,DEL,106,1187
28,DEL,107,1198
28,DEL,108,1367
28,DEL,109,1383
28,DEL,110,1369
28,DEL,111,1439
28,DEL,112,1385
28,DEL,113,1508
28,DEL,114,1613
28,DEL,115,1605
28,DEL,116,1643
28,DEL,117,1744
28,DEL,118,1718
28,DEL,119,1777
28,DEL,120,1804
28,DEL,121,1838
28,DEL,122,1834
28,DEL,123,1815
28,DEL,124,1901
28,DEL,125,1870
28,DEL,126,1964
28,DEL,127,1856
28,DEL,128,1939
28,DEL,129,1941
28,DEL,130,1851
28,DEL,131,1949
28,DEL,132,1763
28,DEL,133,1867
28,DEL,134,1856
28,DEL,135,1893
28,DEL,136,1810
28,DEL,137,1780
28,DEL,138,1857
28,DEL,139,1883
28,DEL,140,1814
28,DEL,141,1796
28,DEL,142,1910
28,DEL,143,1831
28,DEL,144,1770
28,DEL,145,1717
28,DEL,146,1703
28,DEL,147,1621
28,DEL,148,1607
28,DEL,149,1625
28,DEL,150,1585
28,DEL,151,1508
28,DEL,152,1500
28,DEL,153,1509
28,DEL,154,1402
28,DEL,155,1478
28,DEL,156,1486
28,DEL,157,1407
28,DEL,158,1348
28,DEL,159,1319
28,DEL,160,1293
28,DEL,161,1283
28,DEL,162,1235
28,DEL,163,1186
28,DEL,164,1164
28,DEL,165,1208
28,DEL,166,1088
28,DEL,167,1102
28,DEL,168,1108
28,DEL,169,970
28,DEL,170,980
28,DEL,171,1011
28,DEL,172,948
28,DEL,173,969
28,DEL,174,862
28,DEL,175,895
28,DEL,176,867
28,DEL,177,815
28,DEL,178,793
28,DEL,179,736
28,DEL,180,739
28,DEL,181,773
28,DEL,182,699
28,DEL,183,696
28,DEL,184,716
28,DEL,185,678
28,DEL,186,686
28,DEL,187,643
28,DEL,188,609
28,DEL,189,594
28,DEL,190,559
28,DEL,191,554
28,DEL,192,546
28,DEL,193,535
28,DEL,194,536
28,DEL,195,512
28,DEL,196,491
28,DEL,197,489
28,DEL,198,505
28,DEL,199,433
28,DEL,200,453
28,DEL,201,412
28,DEL,202,429
28,DEL,203,415
28,DEL,204,394
28,DEL,205,380
28,DEL,206,413
28,DEL,207,384
28,DEL,208,388
28,DEL,209,359
28,DEL,210,336
28,DEL,211,350
28,DEL,212,317
28,DEL,213,307
28,DEL,214,330
28,DEL,215,298
28,DEL,216,305
28,DEL,217,273
28,DEL,218,295
28,DEL,219,273
28,DEL,220,305
28,DEL,221,288
28,DEL,222,263
28,DEL,223,250
28,DEL,224,243
28,DEL,225,260
28,DEL,226,243
28,DEL,227,225
28,DEL,228,246
28,DEL,229,216
28,DEL,230,221
28,DEL,231,235
28,DEL,232,220
28,DEL,233,238
28,DEL,234,198
28,DEL,235,199
28,DEL,236,198
28,DEL,237,222
28,DEL,238,189
28,DEL,239,202
28,DEL,240,188
28,DEL,241,206
28,DEL,242,215
28,DEL,243,188
28,DEL,244,182
28,DEL,245,193
28,DEL,246,200
28,DEL,247,177
28,DEL,248,172
28,DEL,249,190
28,DEL,250,180
28,DEL,251,201
28,DEL,252,152
28,DEL,253,160
28,DEL,254,134
28,DEL,255,145
28,DEL,257,297
28,DEL,259,292
28,DEL,261,298
28,DEL,263,279
28,DEL,265,274
28,DEL,267,247
28,DEL,269,235
28,DEL,271,244
28,DEL,273,251
28,DEL,275,209
28,DEL,277,196
28,DEL,279,179
28,DEL,281,206
28,DEL,283,188
28,DEL,285,162
28,DEL,287,193
28,DEL,289,133
28,DEL,291,158
28,DEL,293,133
28,DEL,295,126
28,DEL,297,118
28,DEL,299,134
28,DEL,301,97
28,DEL,303,97
28,DEL,305,122
28,DEL,307,91
28,DEL,309,94
28,DEL,311,86
28,DEL,313,101
28,DEL,315,82
28,DEL,317,82
28,DEL,319,53
28,DEL,321,67
28,DEL,323,52
28,DEL,325,57
28,DEL,327,54
28,DEL,329,38
28,DEL,331,54
28,DEL,333,43
28,DEL,335,48
28,DEL,337,38
28,DEL,339,28
28,DEL,341,37
28,DEL,343,35
28,DEL,345,28
28,DEL,347,20
28,DEL,349,31
28,DEL,351,20
28,DEL,353,26
28,DEL,355,26
28,DEL,357,17
28,DEL,359,21
28,DEL,361,17
28,DEL,363,13
28,DEL,365,20
28,DEL,367,13
28,DEL,369,19
28,DEL,371,9
28,DEL,373,10
28,DEL,375,15
28,DEL,377,12
28,DEL,379,17
28,DEL,381,7
28,DEL,383,9
28,DEL,385,12
28,DEL,387,6
28,DEL,389,9
28,DEL,391,4
28,DEL,393,6
28,DEL,395,7
28,DEL,397,8
28,DEL,399,5
28,DEL,401,6
28,DEL,403,7
28,DEL,405,3
28,DEL,407,4
28,DEL,409,2
28,DEL,411,11
28,DEL,413,10
28,DEL,415,3
28,DEL,417,2
28,DEL,419,1
28,DEL,421,3
28,DEL,423,3
28,DEL,425,2
28,DEL,427,3
28,DEL,429,1
28,DEL,431,1
28,DEL,433,1
28,DEL,435,1
28,DEL,437,2
28,DEL,439,4
28,DEL,441,2
28,DEL,443,2
28,DEL,445,2
28,DEL,447,4
28,DEL,449,2
28,DEL,451,1
28,DEL,453,3
28,DEL,455,1
28,DEL,457,1
28,DEL,459,1
28,DEL,463,1
28,DEL,465,2
28,DEL,467,4
28,DEL,469,3
28,DEL,471,1
28,DEL,473,4
28,DEL,475,2
28,DEL,477,2
28,DEL,483,3
28,DEL,485,1
28,DEL,489,1
28,DEL,491,2
28,DEL,493,1
28,DEL,503,1
28,DEL,507,1
28,DEL,509,1
28,DEL,511,1
28,DEL,519,1
28,DEL,527,2
28,DEL,531,1
28,DEL,535,1
28,DEL,539,3
28,DEL,543,2
28,DEL,547,4
28,DEL,551,2
28,DEL,555,3
28,DEL,563,1
28,DEL,567,1
28,DEL,571,2
28,DEL,575,2
28,DEL,579,2
28,DEL,583,1
28,DEL,587,1
28,DEL,591,2
28,DEL,599,1
28,DEL,603,4
28,DEL,607,1
28,DEL,611,3
28,DEL,623,1
28,DEL,627,1
28,DEL,635,2
28,DEL,639,1
28,DEL,647,1
28,DEL,651,1
28,DEL,655,2
28,DEL,667,1
28,DEL,671,2
28,DEL,683,1
28,DEL,703,2
28,DEL,707,1
28,DEL,715,1
28,DEL,719,1
28,DEL,727,1
28,DEL,747,1
28,DEL,767,2
28,DEL,775,1
28,DEL,779,1
28,DEL,787,1
28,DEL,795,2
28,DEL,819,1
28,DEL,839,1
28,DEL,887,1
28,DEL,963,1
28,DEL,1103,1
28,DEL,1127,1
28,DEL,1215,1
28,DEL,1311,1
28,DEL,1343,1
28,DEL,1359,1
28,DEL,1431,1
28,DEL,1439,1
28,DEL,1551,1
28,DEL,1591,1
28,DEL,1615,1
28,DEL,1639,1
28,DEL,1647,1
28,DEL,1663,1
28,DEL,1671,1
28,DEL,1727,2
28,DEL,1743,1
28,DEL,1767,1
28,DEL,1775,1
28,DEL,1823,1
28,DEL,1839,1
28,DEL,1847,1
28,DEL,1927,1
28,DEL,1943,1
28,DEL,1999,2
28,DEL,2007,1
28,DEL,2063,2
28,DEL,2095,3
28,DEL,2111,2
28,DEL,2127,1
28,DEL,2159,2
28,DEL,2175,1
28,DEL,2191,2
28,DEL,2207,2
28,DEL,2223,2
28,DEL,2239,1
28,DEL,2255,1
28,DEL,2271,1
28,DEL,2287,1
28,DEL,2319,2
28,DEL,2351,2
28,DEL,2367,2
28,DEL,2383,1
28,DEL,2399,2
28,DEL,2415,1
28,DEL,2447,1
28,DEL,2463,1
28,DEL,2559,1
28,DEL,2847,1
28,GET,73,2
28,GET,74,9
28,GET,75,9
28,GET,76,24
28,GET,77,25
28,GET,78,57
28,GET,79,80
28,GET,80,102
28,GET,81,155
28,GET,82,178
28,GET,83,264
28,GET,84,342
28,GET,85,428
28,GET,86,491
28,GET,87,533
28,GET,88,648
28,GET,89,758
28,GET,90,886
28,GET,91,987
28,GET,92,1109
28,GET,93,1252
28,GET,94,1405
28,GET,95,1453
28,GET,96,1727
28,GET,97,1852
28,GET,98,2077
28,GET,99,2327
28,GET,100,2533
28,GET,101,2650
28,GET,102,2878
28,GET,103,3092
28,GET,104,3277
28,GET,105,3331
28,GET,106,3458
28,GET,107,3568
28,GET,108,3561
28,GET,109,3751
28,GET,110,3858
28,GET,111,4081
28,GET,112,4227
28,GET,113,4278
28,GET,114,4478
28,GET,115,4545
28,GET,116,4594
28,GET,117,4841
28,GET,118,4850
28,GET,119,5096
28,GET,120,5145
28,GET,121,5259
28,GET,122,5235
28,GET,123,5240
28,GET,124,5314
28,GET,125,5271
28,GET,126,5351
28,GET,127,5424
28,GET,128,5506
28,GET,129,5409
28,GET,130,5360
28,GET,131,5431
28,GET,132,5260
28,GET,133,5161
28,GET,134,5369
28,GET,135,5310
28,GET,136,5344
28,GET,137,5208
28,GET,138,5123
28,GET,139,5058
28,GET,140,5148
28,GET,141,5113
28,GET,142,4989
28,GET,143,4894
28,GET,144,4729
28,GET,145,4807
28,GET,146,4758
28,GET,147,4606
28,GET,148,4511
28,GET,149,4560
28,GET,150,4511
28,GET,151,4301
28,GET,152,4226
28,GET,153,4096
28,GET,154,3975
28,GET,155,3968
28,GET,156,3975
28,GET,157,3780
28,GET,158,3755
28,GET,159,3541
28,GET,160,3464
28,GET,161,3421
28,GET,162,3268
28,GET,163,3243
28,GET,164,3165
28,GET,165,3038
28,GET,166,2971
28,GET,167,2904
28,GET,168,2898
28,GET,169,2807
28,GET,170,2680
28,GET,171,2608
28,GET,172,2626
28,GET,173,2515
28,GET,174,2435
28,GET,175,2459
28,GET,176,2332
28,GET,177,2297
28,GET,178,2233
28,GET,179,2039
28,GET,180,2086
28,GET,181,2007
28,GET,182,1972
28,GET,183,2047
28,GET,184,1847
28,GET,185,1847
28,GET,186,1715
28,GET,187,1686
28,GET,188,1634
28,GET,189,1558
28,GET,190,1590
28,GET,191,1627
28,GET,192,1487
28,GET,193,1469
28,GET,194,1459
28,GET,195,1382
28,GET,196,1334
28,GET,197,1313
28,GET,198,1268
28,GET,199,1262
28,GET,200,1225
28,GET,201,1129
28,GET,202,1104
28,GET,203,1150
28,GET,204,1074
28,GET,205,1077
28,GET,206,1100
28,GET,207,1027
28,GET,208,957
28,GET,209,962
28,GET,210,1012
28,GET,211,939
28,GET,212,900
28,GET,213,879
28,GET,214,906
28,GET,215,846
28,GET,216,897
28,GET,217,882
28,GET,218,824
28,GET,219,805
28,GET,220,779
28,GET,221,743
28,GET,222,747
28,GET,223,764
28,GET,224,702
28,GET,225,760
28,GET,226,698
28,GET,227,685
28,GET,228,651
28,GET,229,688
28,GET,230,670
28,GET,231,579
28,GET,232,593
28,GET,233,615
28,GET,234,609
28,GET,235,629
28,GET,236,540
28,GET,237,632
28,GET,238,571
28,GET,239,542
28,GET,240,509
28,GET,241,516
28,GET,242,576
28,GET,243,525
28,GET,244,541
28,GET,245,503
28,GET,246,545
28,GET,247,504
28,GET,248,472
28,GET,249,456
28,GET,250,441
28,GET,251,456
28,GET,252,454
28,GET,253,470
28,GET,254,450
28,GET,255,421
28,GET,257,795
28,GET,259,794
28,GET,261,765
28,GET,263,771
28,GET,265,700
28,GET,267,644
28,GET,269,663
28,GET,271,634
28,GET,273,601
28,GET,275,616
28,GET,277,555
28,GET,279,546
28,GET,281,509
28,GET,283,480
28,GET,285,482
28,GET,287,433
28,GET,289,459
28,GET,291,396
28,GET,293,394
28,GET,295,356
28,GET,297,373
28,GET,299,317
28,GET,301,314
28,GET,303,305
28,GET,305,291
28,GET,307,279
28,GET,309,248
28,GET,311,215
28,GET,313,194
28,GET,315,224
28,GET,317,216
28,GET,319,184
28,GET,321,157
28,GET,323,168
28,GET,325,158
28,GET,327,152
28,GET,329,141
28,GET,331,137
28,GET,333,103
28,GET,335,124
28,GET,337,108
28,GET,339,103
28,GET,341,92
28,GET,343,88
28,GET,345,76
28,GET,347,90
28,GET,349,88
28,GET,351,83
28,GET,353,64
28,GET,355,56
28,GET,357,50
28,GET,359,48
28,GET,361,51
28,GET,363,49
28,GET,365,48
28,GET,367,31
28,GET,369,36
28,GET,371,32
28,GET,373,41
28,GET,375,22
28,GET,377,36
28,GET,379,37
28,GET,381,31
28,GET,383,26
28,GET,385,28
28,GET,387,14
28,GET,389,20
28,GET,391,21
28,GET,393,17
28,GET,395,11
28,GET,397,21
28,GET,399,22
28,GET,401,14
28,GET,403,12
28,GET,405,21
28,GET,407,18
28,GET,409,10
28,GET,411,9
28,GET,413,13
28,GET,415,12
28,GET,417,5
28,GET,419,11
28,GET,421,6
28,GET,423,8
28,GET,425,9
28,GET,427,5
28,GET,429,8
28,GET,431,10
28,GET,433,9
28,GET,435,10
28,GET,437,6
28,GET,439,8
28,GET,441,4
28,GET,443,7
28,GET,445,3
28,GET,447,8
28,GET,449,12
28,GET,451,4
28,GET,453,5
28,GET,455,4
28,GET,457,7
28,GET,459,5
28,GET,461,4
28,GET,463,7
28,GET,465,6
28,GET,467,1
28,GET,469,2
28,GET,471,5
28,GET,473,1
28,GET,475,7
28,GET,477,5
28,GET,479,5
28,GET,481,6
28,GET,483,1
28,GET,485,6
28,GET,487,3
28,GET,489,8
28,GET,491,5
28,GET,493,3
28,GET,495,1
28,GET,497,2
28,GET,499,2
28,GET,501,2
28,GET,503,1
28,GET,505,3
28,GET,507,3
28,GET,509,2
28,GET,511,1
28,GET,515,5
28,GET,519,5
28,GET,523,2
28,GET,531,1
28,GET,535,2
28,GET,539,1
28,GET,543,7
28,GET,547,3
28,GET,551,3
28,GET,555,2
28,GET,559,6
28,GET,563,4
28,GET,567,1
28,GET,571,7
28,GET,575,2
28,GET,579,6
28,GET,583,2
28,GET,587,5
28,GET,591,7
28,GET,599,4
28,GET,603,3
28,GET,607,3
28,GET,611,3
28,GET,615,4
28,GET,619,2
28,GET,623,4
28,GET,627,3
28,GET,631,4
28,GET,635,1
28,GET,639,1
28,GET,643,3
28,GET,647,1
28,GET,651,6
28,GET,655,4
28,GET,659,2
28,GET,663,2
28,GET,667,3
28,GET,671,2
28,GET,675,5
28,GET,679,4
28,GET,683,2
28,GET,687,2
28,GET,691,7
28,GET,699,3
28,GET,703,2
28,GET,707,1
28,GET,715,2
28,GET,719,1
28,GET,723,2
28,GET,727,3
28,GET,731,4
28,GET,735,4
28,GET,739,3
28,GET,743,1
28,GET,755,2
28,GET,763,1
28,GET,767,1
28,GET,771,1
28,GET,779,1
28,GET,783,1
28,GET,787,1
28,GET,791,1
28,GET,799,1
28,GET,807,1
28,GET,811,2
28,GET,815,2
28,GET,827,2
28,GET,831,1
28,GET,843,1
28,GET,847,1
28,GET,855,1
28,GET,859,1
28,GET,863,1
28,GET,895,1
28,GET,935,1
28,GET,967,1
28,GET,975,1
28,GET,979,1
28,GET,1011,2
28,GET,1015,1
28,GET,1039,1
28,GET,1095,3
28,GET,1103,2
28,GET,1127,1
28,GET,1143,1
28,GET,1159,1
28,GET,1175,1
28,GET,1183,1
28,GET,1191,1
28,GET,1215,1
28,GET,1223,1
28,GET,1231,1
28,GET,1295,1
28,GET,1327,1
28,GET,1335,1
28,GET,1343,2
28,GET,1367,2
28,GET,1375,2
28,GET,1391,1
28,GET,1399,4
28,GET,1431,1
28,GET,1439,2
28,GET,1447,1
28,GET,1455,1
28,GET,1471,2
28,GET,1495,2
28,GET,1519,2
28,GET,1567,1
28,GET,1583,2
28,GET,1599,1
28,GET,1615,1
28,GET,1647,1
28,GET,1655,1
28,GET,1679,1
28,GET,1687,1
28,GET,1695,2
28,GET,1711,1
28,GET,1727,1
28,GET,1735,1
28,GET,1743,3
28,GET,1751,3
28,GET,1759,2
28,GET,1767,1
28,GET,1783,1
28,GET,1791,1
28,GET,1799,3
28,GET,1831,1
28,GET,1839,2
28,GET,1847,1
28,GET,1855,3
28,GET,1879,1
28,GET,1887,1
28,GET,1903,1
28,GET,1911,2
28,GET,1927,1
28,GET,1935,2
28,GET,1951,1
28,GET,1959,2
28,GET,1967,1
28,GET,1975,1
28,GET,1983,2
28,GET,1999,1
28,GET,2007,1
28,GET,2015,2
28,GET,2023,2
28,GET,2031,1
28,GET,2039,1
28,GET,2047,3
28,GET,2063,1
28,GET,2079,1
28,GET,2095,5
28,GET,2111,3
28,GET,2127,4
28,GET,2143,4
28,GET,2159,6
28,GET,2175,2
28,GET,2191,5
28,GET,2207,3
28,GET,2223,2
28,GET,2239,4
28,GET,2255,5
28,GET,2271,5
28,GET,2287,5
28,GET,2303,4
28,GET,2319,4
28,GET,2335,5
28,GET,2351,4
28,GET,2367,5
28,GET,2383,4
28,GET,2399,2
28,GET,2415,2
28,GET,2431,5
28,GET,2479,2
28,GET,2495,1
28,GET,2511,2
28,GET,2527,1
28,GET,2543,1
28,GET,2559,1
28,GET,2591,2
28,GET,2623,1
28,GET,2671,1
28,GET,2703,1
28,GET,2863,1
28,GET,3007,1
28,GET,3023,1
28,GET,3119,1
28,GET,3135,1
28,GET,3359,1
28,GET,3391,1
28,GET,3951,1
28,GET,6559,1
28,GET,7775,1
28,SET,80,5
28,SET,81,1
28,SET,82,4
28,SET,83,7
28,SET,84,8
28,SET,85,9
28,SET,86,17
28,SET,87,12
28,SET,88,22
28,SET,89,27
28,SET,90,40
28,SET,91,39
28,SET,92,51
28,SET,93,53
28,SET,94,65
28,SET,95,75
28,SET,96,93
28,SET,97,86
28,SET,98,96
28,SET,99,124
28,SET,100,140
28,SET,101,125
28,SET,102,141
28,SET,103,172
28,SET,104,181
28,SET,105,186
28,SET,106,200
28,SET,107,220
28,SET,108,234
28,SET,109,213
28,SET,110,225
28,SET,111,251
28,SET,112,242
28,SET,113,243
28,SET,114,277
28,SET,115,267
28,SET,116,296
28,SET,117,306
28,SET,118,312
28,SET,119,295
28,SET,120,321
28,SET,121,358
28,SET,122,340
28,SET,123,362
28,SET,124,340
28,SET,125,360
28,SET,126,372
28,SET,127,378
28,SET,128,378
28,SET,129,367
28,SET,130,379
28,SET,131,353
28,SET,132,403
28,SET,133,371
28,SET,134,356
28,SET,135,325
28,SET,136,363
28,SET,137,374
28,SET,138,416
28,SET,139,377
28,SET,140,393
28,SET,141,378
28,SET,142,358
28,SET,143,376
28,SET,144,386
28,SET,145,367
28,SET,146,336
28,SET,147,340
28,SET,148,349
28,SET,149,378
28,SET,150,345
28,SET,151,329
28,SET,152,345
28,SET,153,333
28,SET,154,307
28,SET,155,336
28,SET,156,293
28,SET,157,287
28,SET,158,316
28,SET,159,282
28,SET,160,282
28,SET,161,257
28,SET,162,241
28,SET,163,248
28,SET,164,241
28,SET,165,263
28,SET,166,246
28,SET,167,257
28,SET,168,260
28,SET,169,213
28,SET,170,190
28,SET,171,204
28,SET,172,219
28,SET,173,197
28,SET,174,214
28,SET,175,180
28,SET,176,189
28,SET,177,175
28,SET,178,197
28,SET,179,188
28,SET,180,154
28,SET,181,144
28,SET,182,159
28,SET,183,160
28,SET,184,138
28,SET,185,135
28,SET,186,159
28,SET,187,141
28,SET,188,124
28,SET,189,136
28,SET,190,151
28,SET,191,125
28,SET,192,118
28,SET,193,120
28,SET,194,111
28,SET,195,106
28,SET,196,139
28,SET,197,117
28,SET,198,101
28,SET,199,95
28,SET,200,107
28,SET,201,108
28,SET,202,75
28,SET,203,108
28,SET,204,74
28,SET,205,98
28,SET,206,83
28,SET,207,99
28,SET,208,75
28,SET,209,77
28,SET,210,70
28,SET,211,70
28,SET,212,91
28,SET,213,71
28,SET,214,71
28,SET,215,61
28,SET,216,79
28,SET,217,73
28,SET,218,64
28,SET,219,51
28,SET,220,51
28,SET,221,58
28,SET,222,75
28,SET,223,60
28,SET,224,57
28,SET,225,60
28,SET,226,54
28,SET,227,63
28,SET,228,57
28,SET,229,59
28,SET,230,36
28,SET,231,69
28,SET,232,60
28,SET,233,56
28,SET,234,43
28,SET,235,49
28,SET,236,46
28,SET,237,38
28,SET,238,49
28,SET,239,59
28,SET,240,38
28,SET,241,44
28,SET,242,43
28,SET,243,40
28,SET,244,37
28,SET,245,50
28,SET,246,47
28,SET,247,33
28,SET,248,37
28,SET,249,33
28,SET,250,30
28,SET,251,48
28,SET,252,34
28,SET,253,37
28,SET,254,30
28,SET,255,35
28,SET,257,56
28,SET,259,59
28,SET,261,57
28,SET,263,50
28,SET,265,44
28,SET,267,52
28,SET,269,57
28,SET,271,53
28,SET,273,67
28,SET,275,43
28,SET,277,37
28,SET,279,41
28,SET,281,37
28,SET,283,30
28,SET,285,39
28,SET,287,24
28,SET,289,28
28,SET,291,35
28,SET,293,32
28,SET,295,28
28,SET,297,21
28,SET,299,30
28,SET,301,20
28,SET,303,24
28,SET,305,37
28,SET,307,19
28,SET,309,21
28,SET,311,28
28,SET,313,21
28,SET,315,22
28,SET,317,12
28,SET,319,20
28,SET,321,21
28,SET,323,20
28,SET,325,15
28,SET,327,10
28,SET,329,17
28,SET,331,8
28,SET,333,6
28,SET,335,17
28,SET,337,9
28,SET,339,9
28,SET,341,7
28,SET,343,9
28,SET,345,8
28,SET,347,7
28,SET,349,7
28,SET,351,5
28,SET,353,5
28,SET,355,3
28,SET,357,6
28,SET,359,2
28,SET,361,2
28,SET,363,5
28,SET,365,6
28,SET,367,3
28,SET,371,6
28,SET,373,3
28,SET,375,4
28,SET,377,3
28,SET,379,1
28,SET,381,4
28,SET,383,1
28,SET,385,3
28,SET,389,2
28,SET,391,2
28,SET,393,1
28,SET,397,2
28,SET,399,1
28,SET,401,1
28,SET,403,2
28,SET,409,2
28,SET,411,1
28,SET,413,2
28,SET,415,1
28,SET,417,1
28,SET,419,1
28,SET,421,2
28,SET,423,1
28,SET,425,1
28,SET,431,3
28,SET,433,1
28,SET,435,1
28,SET,437,1
28,SET,439,2
28,SET,443,1
28,SET,445,2
28,SET,447,1
28,SET,449,2
28,SET,453,2
28,SET,459,1
28,SET,463,1
28,SET,469,1
28,SET,471,1
28,SET,479,1
28,SET,483,1
28,SET,491,1
28,SET,499,1
28,SET,509,1
28,SET,515,1
28,SET,523,1
28,SET,535,1
28,SET,559,1
28,SET,563,1
28,SET,571,2
28,SET,583,1
28,SET,587,1
28,SET,603,1
28,SET,611,1
28,SET,619,3
28,SET,639,2
28,SET,675,1
28,SET,691,1
28,SET,699,1
28,SET,703,2
28,SET,731,1
28,SET,895,1
28,SET,1191,1
28,SET,1351,1
28,SET,1519,1
28,SET,1535,1
28,SET,1615,1
28,SET,1623,1
28,SET,1687,1
28,SET,1743,1
28,SET,1767,1
28,SET,1783,1
28,SET,1887,1
28,SET,1911,1
28,SET,2063,1
28,SET,2111,1
28,SET,2175,1
28,SET,2191,1
28,SET,2271,1
28,SET,2335,1
28,SET,2447,1
28,SET,2495,2
29,GET,72,2
29,GET,73,5
29,GET,74,3
29,GET,75,9
29,GET,76,7
29,GET,77,17
29,GET,78,53
29,GET,79,63
29,GET,80,76
29,GET,81,115
29,GET,82,163
29,GET,83,198
29,GET,84,261
29,GET,85,337
29,GET,86,391
29,GET,87,484
29,GET,88,542
29,GET,89,703
29,GET,90,781
29,GET,91,899
29,GET,92,1029
29,GET,93,1190
29,GET,94,1350
29,GET,95,1453
29,GET,96,1608
29,GET,97,1840
29,GET,98,1988
29,GET,99,2184
29,GET,100,2320
29,GET,101,2463
29,GET,102,2762
29,GET,103,2935
29,GET,104,3022
29,GET,105,3216
29,GET,106,3362
29,GET,107,3447
29,GET,108,3658
29,GET,109,3748
29,GET,110,3871
29,GET,111,4104
29,GET,112,4091
29,GET,113,4243
29,GET,114,4415
29,GET,115,4491
29,GET,116,4615
29,GET,117,4837
29,GET,118,4760
29,GET,119,5083
29,GET,120,5139
29,GET,121,5275
29,GET,122,5322
29,GET,123,5433
29,GET,124,5424
29,GET,125,5385
29,GET,126,5361
29,GET,127,5484
29,GET,128,5379
29,GET,129,5302
29,GET,130,5423
29,GET,131,5426
29,GET,132,5481
29,GET,133,5267
29,GET,134,5378
29,GET,135,5427
29,GET,136,5378
29,GET,137,5433
29,GET,138,5328
29,GET,139,5374
29,GET,140,5149
29,GET,141,5214
29,GET,142,5196
29,GET,143,5068
29,GET,144,5001
29,GET,145,4957
29,GET,146,4909
29,GET,147,4727
29,GET,148,4605
29,GET,149,4654
29,GET,150,4582
29,GET,151,4492
29,GET,152,4353
29,GET,153,4268
29,GET,154,4107
29,GET,155,4110
29,GET,156,4051
29,GET,157,3967
29,GET,158,3882
29,GET,159,3787
29,GET,160,3587
29,GET,161,3601
29,GET,162,3514
29,GET,163,3460
29,GET,164,3305
29,GET,165,3157
29,GET,166,3231
29,GET,167,2966
29,GET,168,2977
29,GET,169,2905
29,GET,170,2841
29,GET,171,2711
29,GET,172,2614
29,GET,173,2532
29,GET,174,2490
29,GET,175,2447
29,GET,176,2379
29,GET,177,2371
29,GET,178,2255
29,GET,179,2193
29,GET,180,2082
29,GET,181,2107
29,GET,182,1980
29,GET,183,1944
29,GET,184,1878
29,GET,185,1855
29,GET,186,1811
29,GET,187,1747
29,GET,188,1686
29,GET,189,1638
29,GET,190,1643
29,GET,191,1519
29,GET,192,1547
29,GET,193,1432
29,GET,194,1431
29,GET,195,1331
29,GET,196,1296
29,GET,197,1340
29,GET,198,1323
29,GET,199,1249
29,GET,200,1297
29,GET,201,1218
29,GET,202,1145
29,GET,203,1104
29,GET,204,1054
29,GET,205,1048
29,GET,206,1048
29,GET,207,1054
29,GET,208,1046
29,GET,209,979
29,GET,210,959
29,GET,211,928
29,GET,212,873
29,GET,213,917
29,GET,214,853
29,GET,215,846
29,GET,216,809
29,GET,217,780
29,GET,218,780
29,GET,219,767
29,GET,220,766
29,GET,221,722
29,GET,222,701
29,GET,223,717
29,GET,224,698
29,GET,225,706
29,GET,226,668
29,GET,227,687
29,GET,228,633
29,GET,229,617
29,GET,230,646
29,GET,231,591
29,GET,232,568
29,GET,233,554
29,GET,234,589
29,GET,235,583
29,GET,236,536
29,GET,237,567
29,GET,238,529
29,GET,239,522
29,GET,240,512
29,GET,241,505
29,GET,242,460
29,GET,243,514
29,GET,244,478
29,GET,245,486
29,GET,246,446
29,GET,247,484
29,GET,248,468
29,GET,249,402
29,GET,250,424
29,GET,251,402
29,GET,252,418
29,GET,253,398
29,GET,254,392
29,GET,255,343
29,GET,257,745
29,GET,259,673
29,GET,261,685
29,GET,263,673
29,GET,265,605
29,GET,267,612
29,GET,269,623
29,GET,271,572
29,GET,273,528
29,GET,275,526
29,GET,277,493
29,GET,279,454
29,GET,281,461
29,GET,283,420
29,GET,285,395
29,GET,287,381
29,GET,289,340
29,GET,291,327
29,GET,293,352
29,GET,295,343
29,GET,297,289
29,GET,299,270
29,GET,301,264
29,GET,303,263
29,GET,305,260
29,GET,307,225
29,GET,309,224
29,GET,311,220
29,GET,313,189
29,GET,315,200
29,GET,317,159
29,GET,319,168
29,GET,321,165
29,GET,323,144
29,GET,325,119
29,GET,327,126
29,GET,329,116
29,GET,331,95
29,GET,333,87
29,GET,335,101
29,GET,337,75
29,GET,339,82
29,GET,341,74
29,GET,343,56
29,GET,345,69
29,GET,347,63
29,GET,349,52
29,GET,351,49
29,GET,353,67
29,GET,355,60
29,GET,357,58
29,GET,359,29
29,GET,361,38
29,GET,363,26
29,GET,365,28
29,GET,367,32
29,GET,369,22
29,GET,371,36
29,GET,373,27
29,GET,375,29
29,GET,377,26
29,GET,379,27
29,GET,381,20
29,GET,383,21
29,GET,385,23
29,GET,387,19
29,GET,389,15
29,GET,391,13
29,GET,393,15
29,GET,395,10
29,GET,397,10
29,GET,399,13
29,GET,401,11
29,GET,403,13
29,GET,405,13
29,GET,407,11
29,GET,409,9
29,GET,411,13
29,GET,413,14
29,GET,415,7
29,GET,417,11
29,GET,419,10
29,GET,421,9
29,GET,423,9
29,GET,425,6
29,GET,427,5
29,GET,429,9
29,GET,431,7
29,GET,433,3
29,GET,435,5
29,GET,437,2
29,GET,439,7
29,GET,441,6
29,GET,443,1
29,GET,445,4
29,GET,447,9
29,GET,449,6
29,GET,451,10
29,GET,453,9
29,GET,455,4
29,GET,457,5
29,GET,459,4
29,GET,461,5
29,GET,463,4
29,GET,465,8
29,GET,467,7
29,GET,469,5
29,GET,471,2
29,GET,473,1
29,GET,475,3
29,GET,477,3
29,GET,479,4
29,GET,481,6
29,GET,483,4
29,GET,485,4
29,GET,487,4
29,GET,489,2
29,GET,491,2
29,GET,493,5
29,GET,497,3
29,GET,499,5
29,GET,501,3
29,GET,503,2
29,GET,505,3
29,GET,507,3
29,GET,509,3
29,GET,511,2
29,GET,515,4
29,GET,519,9
29,GET,523,3
29,GET,527,6
29,GET,531,3
29,GET,535,4
29,GET,539,4
29,GET,543,2
29,GET,547,1
29,GET,551,7
29,GET,555,3
29,GET,559,4
29,GET,563,4
29,GET,567,4
29,GET,571,3
29,GET,575,1
29,GET,579,2
29,GET,583,4
29,GET,587,9
29,GET,591,2
29,GET,595,2
29,GET,603,4
29,GET,607,4
29,GET,611,6
29,GET,615,2
29,GET,619,1
29,GET,623,4
29,GET,627,2
29,GET,631,2
29,GET,635,3
29,GET,639,4
29,GET,643,4
29,GET,647,3
29,GET,651,3
29,GET,655,2
29,GET,659,3
29,GET,663,1
29,GET,667,3
29,GET,671,2
29,GET,675,2
29,GET,679,5
29,GET,683,6
29,GET,687,2
29,GET,691,2
29,GET,699,1
29,GET,703,4
29,GET,707,2
29,GET,715,1
29,GET,719,2
29,GET,723,1
29,GET,727,2
29,GET,731,1
29,GET,735,1
29,GET,739,1
29,GET,743,1
29,GET,747,1
29,GET,759,1
29,GET,763,1
29,GET,767,1
29,GET,771,1
29,GET,775,1
29,GET,779,2
29,GET,787,1
29,GET,791,1
29,GET,799,2
29,GET,803,1
29,GET,807,2
29,GET,811,1
29,GET,815,1
29,GET,819,1
29,GET,827,2
29,GET,831,2
29,GET,835,1
29,GET,855,1
29,GET,867,1
29,GET,871,2
29,GET,879,1
29,GET,883,1
29,GET,895,1
29,GET,919,2
29,GET,923,1
29,GET,931,1
29,GET,939,1
29,GET,947,1
29,GET,955,1
29,GET,959,1
29,GET,995,1
29,GET,1003,1
29,GET,1071,1
29,GET,1095,1
29,GET,1103,1
29,GET,1135,1
29,GET,1159,1
29,GET,1175,1
29,GET,1191,1
29,GET,1207,1
29,GET,1215,1
29,GET,1231,1
29,GET,1239,1
29,GET,1255,1
29,GET,1311,2
29,GET,1319,1
29,GET,1335,1
29,GET,1359,1
29,GET,1375,2
29,GET,1407,1
29,GET,1423,1
29,GET,1431,3
29,GET,1463,1
29,GET,1479,1
29,GET,1487,1
29,GET,1495,2
29,GET,1503,1
29,GET,1511,1
29,GET,1519,3
29,GET,1527,2
29,GET,1543,1
29,GET,1551,3
29,GET,1559,1
29,GET,1567,2
29,GET,1591,2
29,GET,1607,3
29,GET,1623,1
29,GET,1631,1
29,GET,1655,1
29,GET,1671,2
29,GET,1687,3
29,GET,1719,2
29,GET,1735,1
29,GET,1743,1
29,GET,1751,1
29,GET,1783,3
29,GET,1791,1
29,GET,1807,3
29,GET,1815,1
29,GET,1831,1
29,GET,1839,1
29,GET,1847,1
29,GET,1855,3
29,GET,1863,1
29,GET,1871,3
29,GET,1895,1
29,GET,1919,1
29,GET,1927,1
29,GET,1935,1
29,GET,1943,2
29,GET,1951,2
29,GET,1959,1
29,GET,1967,2
29,GET,1983,4
29,GET,1999,1
29,GET,2007,1
29,GET,2015,5
29,GET,2023,4
29,GET,2031,1
29,GET,2039,1
29,GET,2047,1
29,GET,2063,1
29,GET,2079,2
29,GET,2095,6
29,GET,2111,4
29,GET,2127,3
29,GET,2143,3
29,GET,2159,9
29,GET,2175,2
29,GET,2191,7
29,GET,2207,2
29,GET,2223,3
29,GET,2239,7
29,GET,2255,2
29,GET,2287,2
29,GET,2303,2
29,GET,2319,5
29,GET,2335,8
29,GET,2351,1
29,GET,2367,3
29,GET,2383,8
29,GET,2399,6
29,GET,2415,1
29,GET,2431,1
29,GET,2447,2
29,GET,2463,2
29,GET,2479,2
29,GET,2527,1
29,GET,2543,1
29,GET,2559,4
29,GET,2575,1
29,GET,2607,1
29,GET,2623,1
29,GET,2639,2
29,GET,2655,1
29,GET,2671,1
29,GET,2719,1
29,GET,2895,1
29,GET,3279,1
29,GET,3583,1
29,GET,4095,1
29,GET,4127,1
29,GET,5471,1
29,GET,7167,1
29,SET,77,1
29,SET,81,6
29,SET,82,7
29,SET,83,2
29,SET,84,7
29,SET,85,11
29,SET,86,10
29,SET,87,18
29,SET,88,26
29,SET,89,26
29,SET,90,32
29,SET,91,51
29,SET,92,55
29,SET,93,54
29,SET,94,64
29,SET,95,61
29,SET,96,78
29,SET,97,88
29,SET,98,84
29,SET,99,92
29,SET,100,115
29,SET,101,135
29,SET,102,148
29,SET,103,140
29,SET,104,151
29,SET,105,182
29,SET,106,185
29,SET,107,213
29,SET,108,211
29,SET,109,222
29,SET,110,230
29,SET,111,242
29,SET,112,272
29,SET,113,254
29,SET,114,264
29,SET,115,286
29,SET,116,303
29,SET,117,309
29,SET,118,308
29,SET,119,335
29,SET,120,300
29,SET,121,335
29,SET,122,361
29,SET,123,355
29,SET,124,365
29,SET,125,358
29,SET,126,355
29,SET,127,397
29,SET,128,387
29,SET,129,361
29,SET,130,386
29,SET,131,367
29,SET,132,364
29,SET,133,378
29,SET,134,380
29,SET,135,343
29,SET,136,369
29,SET,137,396
29,SET,138,373
29,SET,139,376
29,SET,140,363
29,SET,141,381
29,SET,142,372
29,SET,143,384
29,SET,144,344
29,SET,145,362
29,SET,146,387
29,SET,147,376
29,SET,148,372
29,SET,149,333
29,SET,150,339
29,SET,151,339
29,SET,152,325
29,SET,153,327
29,SET,154,334
29,SET,155,305
29,SET,156,336
29,SET,157,298
29,SET,158,285
29,SET,159,288
29,SET,160,328
29,SET,161,301
29,SET,162,258
29,SET,163,260
29,SET,164,276
29,SET,165,265
29,SET,166,248
29,SET,167,217
29,SET,168,237
29,SET,169,231
29,SET,170,215
29,SET,171,243
29,SET,172,196
29,SET,173,214
29,SET,174,214
29,SET,175,208
29,SET,176,222
29,SET,177,195
29,SET,178,193
29,SET,179,172
29,SET,180,172
29,SET,181,141
29,SET,182,127
29,SET,183,158
29,SET,184,145
29,SET,185,146
29,SET,186,156
29,SET,187,150
29,SET,188,140
29,SET,189,127
29,SET,190,130
29,SET,191,128
29,SET,192,103
29,SET,193,106
29,SET,194,115
29,SET,195,127
29,SET,196,122
29,SET,197,96
29,SET,198,113
29,SET,199,110
29,SET,200,98
29,SET,201,92
29,SET,202,87
29,SET,203,100
29,SET,204,89
29,SET,205,93
29,SET,206,78
29,SET,207,75
29,SET,208,85
29,SET,209,87
29,SET,210,80
29,SET,211,78
29,SET,212,69
29,SET,213,87
29,SET,214,64
29,SET,215,82
29,SET,216,67
29,SET,217,70
29,SET,218,63
29,SET,219,65
29,SET,220,63
29,SET,221,58
29,SET,222,67
29,SET,223,48
29,SET,224,54
29,SET,225,60
29,SET,226,62
29,SET,227,62
29,SET,228,57
29,SET,229,49
29,SET,230,43
29,SET,231,53
29,SET,232,56
29,SET,233,59
29,SET,234,46
29,SET,235,46
29,SET,236,57
29,SET,237,50
29,SET,238,43
29,SET,239,41
29,SET,240,31
29,SET,241,36
29,SET,242,52
29,SET,243,39
29,SET,244,40
29,SET,245,34
29,SET,246,37
29,SET,247,31
29,SET,248,34
29,SET,249,35
29,SET,250,42
29,SET,251,36
29,SET,252,29
29,SET,253,60
29,SET,254,24
29,SET,255,29
29,SET,257,59
29,SET,259,66
29,SET,261,42
29,SET,263,53
29,SET,265,52
29,SET,267,39
29,SET,269,50
29,SET,271,40
29,SET,273,41
29,SET,275,38
29,SET,277,41
29,SET,279,34
29,SET,281,40
29,SET,283,45
29,SET,285,40
29,SET,287,32
29,SET,289,26
29,SET,291,26
29,SET,293,21
29,SET,295,26
29,SET,297,25
29,SET,299,26
29,SET,301,14
29,SET,303,19
29,SET,305,23
29,SET,307,20
29,SET,309,11
29,SET,311,17
29,SET,313,16
29,SET,315,18
29,SET,317,14
29,SET,319,11
29,SET,321,16
29,SET,323,11
29,SET,325,13
29,SET,327,7
29,SET,329,4
29,SET,331,9
29,SET,333,13
29,SET,335,7
29,SET,337,7
29,SET,339,7
29,SET,341,3
29,SET,343,6
29,SET,345,1
29,SET,347,4
29,SET,349,5
29,SET,351,4
29,SET,353,4
29,SET,355,4
29,SET,357,7
29,SET,359,4
29,SET,361,6
29,SET,363,7
29,SET,365,3
29,SET,367,4
29,SET,369,5
29,SET,371,3
29,SET,373,4
29,SET,375,3
29,SET,379,3
29,SET,381,3
29,SET,385,1
29,SET,387,3
29,SET,389,2
29,SET,391,4
29,SET,401,2
29,SET,403,1
29,SET,407,1
29,SET,409,1
29,SET,411,1
29,SET,415,1
29,SET,417,2
29,SET,419,1
29,SET,427,1
29,SET,429,2
29,SET,431,1
29,SET,439,2
29,SET,443,1
29,SET,447,2
29,SET,455,2
29,SET,457,1
29,SET,463,1
29,SET,465,1
29,SET,469,1
29,SET,471,1
29,SET,477,1
29,SET,483,1
29,SET,485,1
29,SET,497,1
29,SET,519,1
29,SET,531,2
29,SET,563,1
29,SET,595,1
29,SET,607,1
29,SET,623,2
29,SET,659,1
29,SET,703,1
29,SET,711,1
29,SET,735,1
29,SET,747,1
29,SET,1223,1
29,SET,1391,1
29,SET,1447,1
29,SET,1455,1
29,SET,1759,1
29,SET,1815,1
29,SET,1919,1
29,SET,1927,1
29,SET,1943,1
29,SET,2143,1
29,SET,2383,1
29,SET,2399,1
29,SET,2511,1
29,SET,9919,1
29,DEL,76,5
29,DEL,77,3
29,DEL,78,16
29,DEL,79,12
29,DEL,80,27
29,DEL,81,39
29,DEL,82,41
29,DEL,83,64
29,DEL,84,91
29,DEL,85,104
29,DEL,86,117
29,DEL,87,167
29,DEL,88,160
29,DEL,89,229
29,DEL,90,259
29,DEL,91,300
29,DEL,92,369
29,DEL,93,420
29,DEL,94,429
29,DEL,95,494
29,DEL,96,561
29,DEL,97,605
29,DEL,98,627
29,DEL,99,707
29,DEL,100,856
29,DEL,101,870
29,DEL,102,964
29,DEL,103,1001
29,DEL,104,1097
29,DEL,105,1139
29,DEL,106,1164
29,DEL,107,1234
29,DEL,108,1218
29,DEL,109,1333
29,DEL,110,1359
29,DEL,111,1429
29,DEL,112,1442
29,DEL,113,1490
29,DEL,114,1530
29,DEL,115,1630
29,DEL,116,1669
29,DEL,117,1644
29,DEL,118,1736
29,DEL,119,1788
29,DEL,120,1752
29,DEL,121,1875
29,DEL,122,1793
29,DEL,123,1851
29,DEL,124,1920
29,DEL,125,1992
29,DEL,126,1915
29,DEL,127,1860
29,DEL,128,1917
29,DEL,129,1891
29,DEL,130,1883
29,DEL,131,1883
29,DEL,132,2028
29,DEL,133,1896
29,DEL,134,1892
29,DEL,135,1972
29,DEL,136,1922
29,DEL,137,1943
29,DEL,138,1821
29,DEL,139,1821
29,DEL,140,1898
29,DEL,141,1852
29,DEL,142,1906
29,DEL,143,1753
29,DEL,144,1914
29,DEL,145,1772
29,DEL,146,1806
29,DEL,147,1790
29,DEL,148,1700
29,DEL,149,1750
29,DEL,150,1630
29,DEL,151,1595
29,DEL,152,1538
29,DEL,153,1498
29,DEL,154,1533
29,DEL,155,1490
29,DEL,156,1486
29,DEL,157,1382
29,DEL,158,1349
29,DEL,159,1342
29,DEL,160,1339
29,DEL,161,1366
29,DEL,162,1293
29,DEL,163,1262
29,DEL,164,1197
29,DEL,165,1275
29,DEL,166,1075
29,DEL,167,1147
29,DEL,168,1069
29,DEL,169,1102
29,DEL,170,1064
29,DEL,171,993
29,DEL,172,940
29,DEL,173,944
29,DEL,174,882
29,DEL,175,891
29,DEL,176,867
29,DEL,177,819
29,DEL,178,841
29,DEL,179,798
29,DEL,180,737
29,DEL,181,752
29,DEL,182,779
29,DEL,183,705
29,DEL,184,688
29,DEL,185,687
29,DEL,186,638
29,DEL,187,642
29,DEL,188,587
29,DEL,189,596
29,DEL,190,571
29,DEL,191,592
29,DEL,192,548
29,DEL,193,554
29,DEL,194,498
29,DEL,195,528
29,DEL,196,517
29,DEL,197,464
29,DEL,198,487
29,DEL,199,474
29,DEL,200,421
29,DEL,201,396
29,DEL,202,435
29,DEL,203,382
29,DEL,204,434
29,DEL,205,405
29,DEL,206,406
29,DEL,207,357
29,DEL,208,359
29,DEL,209,372
29,DEL,210,345
29,DEL,211,331
29,DEL,212,331
29,DEL,213,327
29,DEL,214,310
29,DEL,215,318
29,DEL,216,306
29,DEL,217,295
29,DEL,218,291
29,DEL,219,287
29,DEL,220,288
29,DEL,221,260
29,DEL,222,260
29,DEL,223,277
29,DEL,224,236
29,DEL,225,286
29,DEL,226,284
29,DEL,227,233
29,DEL,228,232
29,DEL,229,219
29,DEL,230,221
29,DEL,231,205
29,DEL,232,222
29,DEL,233,234
29,DEL,234,208
29,DEL,235,191
29,DEL,236,195
29,DEL,237,193
29,DEL,238,182
29,DEL,239,200
29,DEL,240,181
29,DEL,241,184
29,DEL,242,174
29,DEL,243,169
29,DEL,244,184
29,DEL,245,157
29,DEL,246,181
29,DEL,247,161
29,DEL,248,174
29,DEL,249,160
29,DEL,250,154
29,DEL,251,158
29,DEL,252,134
29,DEL,253,154
29,DEL,254,153
29,DEL,255,132
29,DEL,257,259
29,DEL,259,259
29,DEL,261,259
29,DEL,263,257
29,DEL,265,210
29,DEL,267,249
29,DEL,269,223
29,DEL,271,196
29,DEL,273,190
29,DEL,275,188
29,DEL,277,167
29,DEL,279,163
29,DEL,281,172
29,DEL,283,160
29,DEL,285,161
29,DEL,287,135
29,DEL,289,113
29,DEL,291,116
29,DEL,293,129
29,DEL,295,111
29,DEL,297,105
29,DEL,299,110
29,DEL,301,101
29,DEL,303,86
29,DEL,305,77
29,DEL,307,99
29,DEL,309,76
29,DEL,311,79
29,DEL,313,83
29,DEL,315,55
29,DEL,317,47
29,DEL,319,50
29,DEL,321,58
29,DEL,323,57
29,DEL,325,49
29,DEL,327,48
29,DEL,329,33
29,DEL,331,32
29,DEL,333,42
29,DEL,335,43
29,DEL,337,24
29,DEL,339,27
29,DEL,341,31
29,DEL,343,32
29,DEL,345,27
29,DEL,347,25
29,DEL,349,19
29,DEL,351,21
29,DEL,353,23
29,DEL,355,19
29,DEL,357,15
29,DEL,359,17
29,DEL,361,22
29,DEL,363,14
29,DEL,365,14
29,DEL,367,15
29,DEL,369,12
29,DEL,371,13
29,DEL,373,4
29,DEL,375,15
29,DEL,377,13
29,DEL,379,6
29,DEL,381,7
29,DEL,383,8
29,DEL,385,7
29,DEL,387,9
29,DEL,389,9
29,DEL,391,10
29,DEL,393,7
29,DEL,395,8
29,DEL,397,5
29,DEL,399,3
29,DEL,401,4
29,DEL,403,4
29,DEL,405,3
29,DEL,407,4
29,DEL,409,6
29,DEL,411,5
29,DEL,413,2
29,DEL,415,5
29,DEL,417,3
29,DEL,419,3
29,DEL,421,3
29,DEL,423,7
29,DEL,425,3
29,DEL,427,2
29,DEL,429,1
29,DEL,431,1
29,DEL,433,6
29,DEL,437,3
29,DEL,441,1
29,DEL,443,4
29,DEL,447,3
29,DEL,449,3
29,DEL,453,1
29,DEL,455,2
29,DEL,459,2
29,DEL,461,2
29,DEL,463,5
29,DEL,465,2
29,DEL,467,1
29,DEL,471,2
29,DEL,475,2
29,DEL,477,4
29,DEL,481,4
29,DEL,485,1
29,DEL,487,1
29,DEL,489,3
29,DEL,491,1
29,DEL,493,3
29,DEL,495,1
29,DEL,499,1
29,DEL,503,2
29,DEL,511,1
29,DEL,515,2
29,DEL,519,1
29,DEL,523,2
29,DEL,527,6
29,DEL,539,3
29,DEL,543,1
29,DEL,559,2
29,DEL,563,1
29,DEL,567,1
29,DEL,575,1
29,DEL,583,1
29,DEL,587,1
29,DEL,591,1
29,DEL,599,2
29,DEL,603,1
29,DEL,611,1
29,DEL,619,1
29,DEL,623,1
29,DEL,627,2
29,DEL,635,2
29,DEL,643,2
29,DEL,647,1
29,DEL,659,1
29,DEL,663,1
29,DEL,667,1
29,DEL,679,1
29,DEL,683,3
29,DEL,699,1
29,DEL,703,3
29,DEL,715,1
29,DEL,727,1
29,DEL,735,2
29,DEL,739,1
29,DEL,743,1
29,DEL,747,2
29,DEL,759,1
29,DEL,767,1
29,DEL,771,1
29,DEL,775,2
29,DEL,779,1
29,DEL,783,1
29,DEL,815,1
29,DEL,827,1
29,DEL,831,1
29,DEL,867,2
29,DEL,903,1
29,DEL,947,1
29,DEL,987,1
29,DEL,1047,1
29,DEL,1167,1
29,DEL,1351,1
29,DEL,1375,2
29,DEL,1391,1
29,DEL,1399,1
29,DEL,1407,1
29,DEL,1455,1
29,DEL,1479,1
29,DEL,1495,1
29,DEL,1503,1
29,DEL,1511,1
29,DEL,1647,1
29,DEL,1671,2
29,DEL,1687,1
29,DEL,1735,1
29,DEL,1743,1
29,DEL,1759,1
29,DEL,1767,1
29,DEL,1807,2
29,DEL,1815,2
29,DEL,1831,1
29,DEL,1935,1
29,DEL,1943,2
29,DEL,1959,2
29,DEL,1975,1
29,DEL,2023,1
29,DEL,2063,2
29,DEL,2111,1
29,DEL,2127,1
29,DEL,2143,2
29,DEL,2159,1
29,DEL,2191,1
29,DEL,2223,2
29,DEL,2239,1
29,DEL,2255,1
29,DEL,2271,1
29,DEL,2287,1
29,DEL,2303,3
29,DEL,2319,1
29,DEL,2335,1
29,DEL,2351,2
29,DEL,2367,2
29,DEL,2383,3
29,DEL,2399,1
29,DEL,2415,1
29,DEL,2463,1
29,DEL,2479,1
29,DEL,2543,1
29,DEL,2623,1
29,DEL,3119,1
29,DEL,3647,1
30,SET,80,2
30,SET,81,4
30,SET,82,9
30,SET,83,4
30,SET,84,9
30,SET,85,9
30,SET,86,14
30,SET,87,26
30,SET,88,32
30,SET,89,33
30,SET,90,39
30,SET,91,51
30,SET,92,55
30,SET,93,59
30,SET,94,60
30,SET,95,83
30,SET,96,87
30,SET,97,113
30,SET,98,115
30,SET,99,127
30,SET,100,139
30,SET,101,152
30,SET,102,169
30,SET,103,170
30,SET,104,214
30,SET,105,199
30,SET,106,213
30,SET,107,231
30,SET,108,229
30,SET,109,252
30,SET,110,281
30,SET,111,267
30,SET,112,247
30,SET,113,280
30,SET,114,287
30,SET,115,292
30,SET,116,309
30,SET,117,310
30,SET,118,344
30,SET,119,346
30,SET,120,342
30,SET,121,341
30,SET,122,359
30,SET,123,350
30,SET,124,365
30,SET,125,376
30,SET,126,370
30,SET,127,364
30,SET,128,405
30,SET,129,366
30,SET,130,356
30,SET,131,412
30,SET,132,368
30,SET,133,378
30,SET,134,369
30,SET,135,401
30,SET,136,395
30,SET,137,380
30,SET,138,381
30,SET,139,340
30,SET,140,397
30,SET,141,371
30,SET,142,364
30,SET,143,378
30,SET,144,342
30,SET,145,347
30,SET,146,349
30,SET,147,369
30,SET,148,346
30,SET,149,354
30,SET,150,343
30,SET,151,308
30,SET,152,342
30,SET,153,262
30,SET,154,316
30,SET,155,298
30,SET,156,315
30,SET,157,275
30,SET,158,303
30,SET,159,255
30,SET,160,252
30,SET,161,258
30,SET,162,269
30,SET,163,247
30,SET,164,214
30,SET,165,235
30,SET,166,230
30,SET,167,222
30,SET,168,212
30,SET,169,208
30,SET,170,204
30,SET,171,201
30,SET,172,208
30,SET,173,203
30,SET,174,201
30,SET,175,199
30,SET,176,169
30,SET,177,209
30,SET,178,160
30,SET,179,163
30,SET,180,170
30,SET,181,151
30,SET,182,160
30,SET,183,160
30,SET,184,127
30,SET,185,134
30,SET,186,138
30,SET,187,107
30,SET,188,132
30,SET,189,135
30,SET,190,136
30,SET,191,108
30,SET,192,122
30,SET,193,132
30,SET,194,118
30,SET,195,91
30,SET,196,117
30,SET,197,108
30,SET,198,93
30,SET,199,112
30,SET,200,83
30,SET,201,91
30,SET,202,85
30,SET,203,84
30,SET,204,80
30,SET,205,87
30,SET,206,79
30,SET,207,83
30,SET,208,91
30,SET,209,75
30,SET,210,74
30,SET,211,71
30,SET,212,70
30,SET,213,85
30,SET,214,63
30,SET,215,82
30,SET,216,60
30,SET,217,78
30,SET,218,55
30,SET,219,60
30,SET,220,51
30,SET,221,64
30,SET,222,47
30,SET,223,54
30,SET,224,66
30,SET,225,53
30,SET,226,64
30,SET,227,60
30,SET,228,56
30,SET,229,49
30,SET,230,48
30,SET,231,54
30,SET,232,41
30,SET,233,50
30,SET,234,44
30,SET,235,54
30,SET,236,55
30,SET,237,41
30,SET,238,36
30,SET,239,44
30,SET,240,41
30,SET,241,41
30,SET,242,46
30,SET,243,36
30,SET,244,42
30,SET,245,47
30,SET,246,31
30,SET,247,40
30,SET,248,36
30,SET,249,45
30,SET,250,29
30,SET,251,40
30,SET,252,43
30,SET,253,37
30,SET,254,21
30,SET,255,29
30,SET,257,59
30,SET,259,47
30,SET,261,64
30,SET,263,62
30,SET,265,49
30,SET,267,46
30,SET,269,65
30,SET,271,51
30,SET,273,42
30,SET,275,33
30,SET,277,38
30,SET,279,43
30,SET,281,35
30,SET,283,33
30,SET,285,38
30,SET,287,34
30,SET,289,30
30,SET,291,23
30,SET,293,32
30,SET,295,32
30,SET,297,21
30,SET,299,27
30,SET,301,29
30,SET,303,21
30,SET,305,28
30,SET,307,25
30,SET,309,13
30,SET,311,21
30,SET,313,21
30,SET,315,24
30,SET,317,26
30,SET,319,18
30,SET,321,15
30,SET,323,19
30,SET,325,16
30,SET,327,11
30,SET,329,8
30,SET,331,15
30,SET,333,12
30,SET,335,14
30,SET,337,5
30,SET,339,5
30,SET,341,7
30,SET,343,8
30,SET,345,3
30,SET,347,6
30,SET,349,9
30,SET,351,2
30,SET,353,6
30,SET,355,5
30,SET,357,3
30,SET,359,10
30,SET,361,6
30,SET,363,3
30,SET,365,6
30,SET,367,6
30,SET,369,2
30,SET,371,5
30,SET,373,3
30,SET,375,3
30,SET,377,4
30,SET,379,2
30,SET,385,2
30,SET,387,1
30,SET,391,1
30,SET,393,1
30,SET,397,1
30,SET,399,1
30,SET,401,3
30,SET,405,3
30,SET,407,3
30,SET,409,2
30,SET,413,1
30,SET,415,2
30,SET,419,1
30,SET,421,1
30,SET,423,1
30,SET,427,1
30,SET,429,1
30,SET,435,1
30,SET,437,1
30,SET,453,1
30,SET,457,1
30,SET,461,1
30,SET,469,1
30,SET,479,1
30,SET,489,2
30,SET,501,1
30,SET,539,1
30,SET,583,1
30,SET,587,1
30,SET,591,1
30,SET,595,1
30,SET,615,1
30,SET,655,1
30,SET,675,1
30,SET,683,1
30,SET,691,1
30,SET,711,1
30,SET,747,1
30,SET,799,1
30,SET,815,1
30,SET,1119,1
30,SET,1383,1
30,SET,1463,1
30,SET,1559,1
30,SET,1831,1
30,SET,1967,1
30,SET,1983,1
30,SET,2039,1
30,SET,2207,1
30,SET,2223,1
30,SET,2271,1
30,SET,2287,2
30,SET,2335,2
30,SET,2495,1
30,SET,2527,1
30,SET,2543,1
30,SET,2575,1
30,DEL,74,2
30,DEL,75,1
30,DEL,76,5
30,DEL,77,8
30,DEL,78,9
30,DEL,79,23
30,DEL,80,18
30,DEL,81,35
30,DEL,82,47
30,DEL,83,75
30,DEL,84,101
30,DEL,85,139
30,DEL,86,155
30,DEL,87,203
30,DEL,88,247
30,DEL,89,274
30,DEL,90,295
30,DEL,91,383
30,DEL,92,425
30,DEL,93,427
30,DEL,94,536
30,DEL,95,571
30,DEL,96,686
30,DEL,97,709
30,DEL,98,818
30,DEL,99,908
30,DEL,100,933
30,DEL,101,1030
30,DEL,102,1078
30,DEL,103,1129
30,DEL,104,1210
30,DEL,105,1239
30,DEL,106,1269
30,DEL,107,1332
30,DEL,108,1393
30,DEL,109,1386
30,DEL,110,1542
30,DEL,111,1492
30,DEL,112,1629
30,DEL,113,1593
30,DEL,114,1612
30,DEL,115,1758
30,DEL,116,1682
30,DEL,117,1796
30,DEL,118,1801
30,DEL,119,1862
30,DEL,120,1814
30,DEL,121,1848
30,DEL,122,1946
30,DEL,123,1913
30,DEL,124,1954
30,DEL,125,1894
30,DEL,126,1906
30,DEL,127,2017
30,DEL,128,1947
30,DEL,129,1904
30,DEL,130,1945
30,DEL,131,1978
30,DEL,132,1939
30,DEL,133,1846
30,DEL,134,1904
30,DEL,135,1883
30,DEL,136,1890
30,DEL,137,1714
30,DEL,138,1776
30,DEL,139,1874
30,DEL,140,1872
30,DEL,141,1743
30,DEL,142,1843
30,DEL,143,1769
30,DEL,144,1719
30,DEL,145,1671
30,DEL,146,1656
30,DEL,147,1615
30,DEL,148,1587
30,DEL,149,1555
30,DEL,150,1610
30,DEL,151,1473
30,DEL,152,1477
30,DEL,153,1506
30,DEL,154,1404
30,DEL,155,1336
30,DEL,156,1358
30,DEL,157,1348
30,DEL,158,1299
30,DEL,159,1260
30,DEL,160,1214
30,DEL,161,1211
30,DEL,162,1150
30,DEL,163,1129
30,DEL,164,1087
30,DEL,165,1079
30,DEL,166,1023
30,DEL,167,1012
30,DEL,168,1026
30,DEL,169,942
30,DEL,170,940
30,DEL,171,882
30,DEL,172,955
30,DEL,173,839
30,DEL,174,913
30,DEL,175,815
30,DEL,176,765
30,DEL,177,729
30,DEL,178,751
30,DEL,179,736
30,DEL,180,721
30,DEL,181,725
30,DEL,182,640
30,DEL,183,624
30,DEL,184,628
30,DEL,185,694
30,DEL,186,616
30,DEL,187,612
30,DEL,188,595
30,DEL,189,557
30,DEL,190,552
30,DEL,191,524
30,DEL,192,527
30,DEL,193,536
30,DEL,194,476
30,DEL,195,491
30,DEL,196,495
30,DEL,197,449
30,DEL,198,432
30,DEL,199,420
30,DEL,200,411
30,DEL,201,453
30,DEL,202,423
30,DEL,203,391
30,DEL,204,381
30,DEL,205,365
30,DEL,206,386
30,DEL,207,311
30,DEL,208,368
30,DEL,209,330
30,DEL,210,323
30,DEL,211,334
30,DEL,212,329
30,DEL,213,333
30,DEL,214,307
30,DEL,215,303
30,DEL,216,318
30,DEL,217,311
30,DEL,218,287
30,DEL,219,310
30,DEL,220,269
30,DEL,221,265
30,DEL,222,268
30,DEL,223,248
30,DEL,224,261
30,DEL,225,269
30,DEL,226,254
30,DEL,227,225
30,DEL,228,252
30,DEL,229,251
30,DEL,230,267
30,DEL,231,243
30,DEL,232,237
30,DEL,233,233
30,DEL,234,213
30,DEL,235,203
30,DEL,236,204
30,DEL,237,228
30,DEL,238,184
30,DEL,239,197
30,DEL,240,201
30,DEL,241,186
30,DEL,242,177
30,DEL,243,170
30,DEL,244,198
30,DEL,245,167
30,DEL,246,162
30,DEL,247,192
30,DEL,248,172
30,DEL,249,170
30,DEL,250,159
30,DEL,251,150
30,DEL,252,182
30,DEL,253,167
30,DEL,254,155
30,DEL,255,132
30,DEL,257,326
30,DEL,259,280
30,DEL,261,297
30,DEL,263,296
30,DEL,265,269
30,DEL,267,261
30,DEL,269,241
30,DEL,271,269
30,DEL,273,233
30,DEL,275,217
30,DEL,277,210
30,DEL,279,185
30,DEL,281,197
30,DEL,283,174
30,DEL,285,174
30,DEL,287,136
30,DEL,289,140
30,DEL,291,151
30,DEL,293,143
30,DEL,295,138
30,DEL,297,118
30,DEL,299,154
30,DEL,301,109
30,DEL,303,108
30,DEL,305,99
30,DEL,307,105
30,DEL,309,82
30,DEL,311,85
30,DEL,313,86
30,DEL,315,91
30,DEL,317,73
30,DEL,319,87
30,DEL,321,61
30,DEL,323,75
30,DEL,325,52
30,DEL,327,54
30,DEL,329,47
30,DEL,331,38
30,DEL,333,47
30,DEL,335,42
30,DEL,337,47
30,DEL,339,33
30,DEL,341,41
30,DEL,343,33
30,DEL,345,28
30,DEL,347,26
30,DEL,349,22
30,DEL,351,26
30,DEL,353,26
30,DEL,355,23
30,DEL,357,21
30,DEL,359,22
30,DEL,361,24
30,DEL,363,13
30,DEL,365,13
30,DEL,367,19
30,DEL,369,12
30,DEL,371,16
30,DEL,373,15
30,DEL,375,13
30,DEL,377,7
30,DEL,379,14
30,DEL,381,19
30,DEL,383,10
30,DEL,385,8
30,DEL,387,8
30,DEL,389,8
30,DEL,391,12
30,DEL,393,7
30,DEL,395,10
30,DEL,397,5
30,DEL,399,7
30,DEL,401,3
30,DEL,403,6
30,DEL,405,4
30,DEL,407,6
30,DEL,409,5
30,DEL,411,6
30,DEL,413,2
30,DEL,415,4
30,DEL,417,3
30,DEL,419,3
30,DEL,421,9
30,DEL,423,2
30,DEL,425,4
30,DEL,427,5
30,DEL,429,1
30,DEL,433,4
30,DEL,435,5
30,DEL,437,4
30,DEL,439,4
30,DEL,441,3
30,DEL,443,2
30,DEL,445,2
30,DEL,451,2
30,DEL,453,1
30,DEL,455,3
30,DEL,457,1
30,DEL,459,1
30,DEL,461,2
30,DEL,463,1
30,DEL,467,2
30,DEL,469,1
30,DEL,471,1
30,DEL,475,3
30,DEL,477,2
30,DEL,479,3
30,DEL,481,1
30,DEL,483,1
30,DEL,487,2
30,DEL,489,2
30,DEL,491,1
30,DEL,493,1
30,DEL,495,4
30,DEL,497,2
30,DEL,501,1
30,DEL,503,2
30,DEL,509,1
30,DEL,515,2
30,DEL,519,1
30,DEL,523,3
30,DEL,527,2
30,DEL,535,1
30,DEL,543,3
30,DEL,547,1
30,DEL,551,1
30,DEL,555,1
30,DEL,559,2
30,DEL,563,1
30,DEL,567,3
30,DEL,571,2
30,DEL,575,2
30,DEL,579,3
30,DEL,583,1
30,DEL,591,4
30,DEL,595,3
30,DEL,599,3
30,DEL,603,5
30,DEL,611,1
30,DEL,619,2
30,DEL,631,2
30,DEL,635,2
30,DEL,639,1
30,DEL,643,1
30,DEL,647,2
30,DEL,651,1
30,DEL,655,2
30,DEL,659,2
30,DEL,663,1
30,DEL,667,2
30,DEL,671,1
30,DEL,675,2
30,DEL,679,1
30,DEL,683,2
30,DEL,691,1
30,DEL,699,2
30,DEL,703,1
30,DEL,707,1
30,DEL,715,1
30,DEL,719,2
30,DEL,723,1
30,DEL,727,2
30,DEL,735,1
30,DEL,755,1
30,DEL,767,2
30,DEL,799,1
30,DEL,835,1
30,DEL,863,1
30,DEL,891,1
30,DEL,911,1
30,DEL,963,1
30,DEL,1063,1
30,DEL,1119,1
30,DEL,1127,1
30,DEL,1159,1
30,DEL,1271,2
30,DEL,1359,1
30,DEL,1391,1
30,DEL,1407,1
30,DEL,1423,2
30,DEL,1455,1
30,DEL,1463,1
30,DEL,1471,1
30,DEL,1479,1
30,DEL,1503,1
30,DEL,1583,1
30,DEL,1671,1
30,DEL,1695,1
30,DEL,1703,1
30,DEL,1711,1
30,DEL,1735,1
30,DEL,1759,1
30,DEL,1775,3
30,DEL,1783,1
30,DEL,1815,1
30,DEL,1879,1
30,DEL,1911,1
30,DEL,1975,1
30,DEL,1991,1
30,DEL,2007,1
30,DEL,2015,1
30,DEL,2023,2
30,DEL,2063,1
30,DEL,2079,1
30,DEL,2095,1
30,DEL,2111,1
30,DEL,2127,3
30,DEL,2159,1
30,DEL,2191,1
30,DEL,2223,2
30,DEL,2239,2
30,DEL,2255,2
30,DEL,2287,2
30,DEL,2303,3
30,DEL,2351,1
30,DEL,2367,1
30,DEL,2399,2
30,DEL,2479,1
30,DEL,2527,1
30,DEL,2559,1
30,DEL,6591,1
30,GET,74,2
30,GET,75,4
30,GET,76,11
30,GET,77,13
30,GET,78,41
30,GET,79,62
30,GET,80,75
30,GET,81,114
30,GET,82,176
30,GET,83,249
30,GET,84,306
30,GET,85,453
30,GET,86,522
30,GET,87,623
30,GET,88,721
30,GET,89,860
30,GET,90,974
30,GET,91,1136
30,GET,92,1297
30,GET,93,1455
30,GET,94,1541
30,GET,95,1708
30,GET,96,1919
30,GET,97,2127
30,GET,98,2285
30,GET,99,2531
30,GET,100,2696
30,GET,101,2908
30,GET,102,3073
30,GET,103,3136
30,GET,104,3431
30,GET,105,3520
30,GET,106,3754
30,GET,107,3898
30,GET,108,3995
30,GET,109,4092
30,GET,110,4354
30,GET,111,4286
30,GET,112,4478
30,GET,113,4634
30,GET,114,4668
30,GET,115,4699
30,GET,116,4902
30,GET,117,4861
30,GET,118,5122
30,GET,119,5155
30,GET,120,5078
30,GET,121,5258
30,GET,122,5434
30,GET,123,5375
30,GET,124,5381
30,GET,125,5449
30,GET,126,5491
30,GET,127,5547
30,GET,128,5360
30,GET,129,5365
30,GET,130,5256
30,GET,131,5322
30,GET,132,5460
30,GET,133,5265
30,GET,134,5217
30,GET,135,5247
30,GET,136,5215
30,GET,137,5211
30,GET,138,4972
30,GET,139,5052
30,GET,140,5005
30,GET,141,4916
30,GET,142,4830
30,GET,143,4838
30,GET,144,4691
30,GET,145,4684
30,GET,146,4593
30,GET,147,4506
30,GET,148,4517
30,GET,149,4399
30,GET,150,4367
30,GET,151,4129
30,GET,152,4148
30,GET,153,4001
30,GET,154,3811
30,GET,155,3826
30,GET,156,3655
30,GET,157,3728
30,GET,158,3493
30,GET,159,3507
30,GET,160,3366
30,GET,161,3263
30,GET,162,3219
30,GET,163,3196
30,GET,164,3058
30,GET,165,3020
30,GET,166,2955
30,GET,167,2899
30,GET,168,2716
30,GET,169,2634
30,GET,170,2573
30,GET,171,2595
30,GET,172,2411
30,GET,173,2394
30,GET,174,2308
30,GET,175,2323
30,GET,176,2217
30,GET,177,2228
30,GET,178,2124
30,GET,179,2124
30,GET,180,1973
30,GET,181,1924
30,GET,182,1920
30,GET,183,1815
30,GET,184,1723
30,GET,185,1760
30,GET,186,1683
30,GET,187,1582
30,GET,188,1597
30,GET,189,1576
30,GET,190,1509
30,GET,191,1478
30,GET,192,1456
30,GET,193,1471
30,GET,194,1412
30,GET,195,1282
30,GET,196,1291
30,GET,197,1321
30,GET,198,1253
30,GET,199,1205
30,GET,200,1178
30,GET,201,1114
30,GET,202,1110
30,GET,203,1111
30,GET,204,1078
30,GET,205,1005
30,GET,206,1035
30,GET,207,1017
30,GET,208,991
30,GET,209,895
30,GET,210,881
30,GET,211,842
30,GET,212,843
30,GET,213,896
30,GET,214,855
30,GET,215,870
30,GET,216,844
30,GET,217,800
30,GET,218,753
30,GET,219,814
30,GET,220,759
30,GET,221,690
30,GET,222,705
30,GET,223,656
30,GET,224,714
30,GET,225,697
30,GET,226,649
30,GET,227,644
30,GET,228,654
30,GET,229,646
30,GET,230,673
30,GET,231,620
30,GET,232,621
30,GET,233,614
30,GET,234,631
30,GET,235,614
30,GET,236,541
30,GET,237,540
30,GET,238,517
30,GET,239,535
30,GET,240,562
30,GET,241,575
30,GET,242,528
30,GET,243,459
30,GET,244,505
30,GET,245,466
30,GET,246,483
30,GET,247,503
30,GET,248,459
30,GET,249,468
30,GET,250,488
30,GET,251,458
30,GET,252,443
30,GET,253,432
30,GET,254,446
30,GET,255,450
30,GET,257,833
30,GET,259,785
30,GET,261,784
30,GET,263,748
30,GET,265,675
30,GET,267,715
30,GET,269,671
30,GET,271,632
30,GET,273,644
30,GET,275,564
30,GET,277,546
30,GET,279,578
30,GET,281,495
30,GET,283,483
30,GET,285,456
30,GET,287,462
30,GET,289,425
30,GET,291,425
30,GET,293,387
30,GET,295,371
30,GET,297,358
30,GET,299,328
30,GET,301,323
30,GET,303,290
30,GET,305,256
30,GET,307,249
30,GET,309,268
30,GET,311,265
30,GET,313,222
30,GET,315,239
30,GET,317,202
30,GET,319,195
30,GET,321,164
30,GET,323,162
30,GET,325,147
30,GET,327,150
30,GET,329,143
30,GET,331,116
30,GET,333,114
30,GET,335,125
30,GET,337,109
30,GET,339,101
30,GET,341,106
30,GET,343,96
30,GET,345,80
30,GET,347,79
30,GET,349,88
30,GET,351,72
30,GET,353,60
30,GET,355,64
30,GET,357,54
30,GET,359,63
30,GET,361,37
30,GET,363,43
30,GET,365,39
30,GET,367,44
30,GET,369,35
30,GET,371,34
30,GET,373,34
30,GET,375,30
30,GET,377,31
30,GET,379,23
30,GET,381,38
30,GET,383,30
30,GET,385,29
30,GET,387,22
30,GET,389,17
30,GET,391,12
30,GET,393,20
30,GET,395,21
30,GET,397,12
30,GET,399,16
30,GET,401,16
30,GET,403,16
30,GET,405,16
30,GET,407,11
30,GET,409,13
30,GET,411,17
30,GET,413,12
30,GET,415,6
30,GET,417,17
30,GET,419,8
30,GET,421,15
30,GET,423,9
30,GET,425,9
30,GET,427,7
30,GET,429,6
30,GET,431,14
30,GET,433,7
30,GET,435,11
30,GET,437,4
30,GET,439,9
30,GET,441,5
30,GET,443,5
30,GET,445,11
30,GET,447,4
30,GET,449,7
30,GET,451,5
30,GET,453,5
30,GET,455,3
30,GET,457,4
30,GET,459,5
30,GET,461,2
30,GET,463,5
30,GET,465,7
30,GET,467,5
30,GET,469,6
30,GET,471,2
30,GET,473,9
30,GET,475,1
30,GET,477,3
30,GET,479,3
30,GET,481,5
30,GET,483,3
30,GET,485,2
30,GET,487,4
30,GET,489,1
30,GET,491,3
30,GET,495,3
30,GET,497,3
30,GET,499,1
30,GET,503,1
30,GET,505,3
30,GET,507,2
30,GET,511,2
30,GET,515,3
30,GET,519,3
30,GET,523,1
30,GET,527,3
30,GET,531,3
30,GET,535,3
30,GET,539,5
30,GET,543,4
30,GET,547,6
30,GET,551,3
30,GET,555,4
30,GET,559,5
30,GET,563,2
30,GET,567,5
30,GET,571,1
30,GET,575,3
30,GET,579,4
30,GET,583,4
30,GET,587,4
30,GET,591,2
30,GET,595,2
30,GET,599,2
30,GET,603,4
30,GET,607,1
30,GET,611,1
30,GET,615,2
30,GET,619,4
30,GET,623,2
30,GET,627,4
30,GET,635,2
30,GET,639,2
30,GET,643,2
30,GET,647,2
30,GET,651,2
30,GET,655,2
30,GET,659,2
30,GET,663,2
30,GET,667,1
30,GET,671,2
30,GET,675,7
30,GET,679,3
30,GET,683,4
30,GET,687,3
30,GET,691,1
30,GET,695,1
30,GET,699,2
30,GET,707,2
30,GET,711,2
30,GET,715,3
30,GET,719,2
30,GET,723,2
30,GET,727,5
30,GET,735,2
30,GET,739,1
30,GET,743,1
30,GET,747,2
30,GET,751,1
30,GET,755,1
30,GET,759,2
30,GET,767,2
30,GET,775,2
30,GET,779,2
30,GET,783,1
30,GET,787,4
30,GET,791,1
30,GET,803,1
30,GET,807,1
30,GET,815,1
30,GET,819,2
30,GET,823,2
30,GET,827,2
30,GET,831,1
30,GET,839,1
30,GET,843,1
30,GET,887,1
30,GET,891,1
30,GET,919,3
30,GET,931,1
30,GET,935,2
30,GET,951,1
30,GET,967,1
30,GET,995,1
30,GET,999,1
30,GET,1031,1
30,GET,1079,2
30,GET,1087,1
30,GET,1127,1
30,GET,1143,1
30,GET,1191,1
30,GET,1199,1
30,GET,1207,1
30,GET,1239,1
30,GET,1303,1
30,GET,1311,1
30,GET,1319,1
30,GET,1335,1
30,GET,1359,1
30,GET,1367,2
30,GET,1383,2
30,GET,1407,1
30,GET,1415,3
30,GET,1431,3
30,GET,1447,2
30,GET,1455,1
30,GET,1463,2
30,GET,1479,1
30,GET,1495,1
30,GET,1503,2
30,GET,1519,1
30,GET,1535,1
30,GET,1543,1
30,GET,1551,1
30,GET,1575,2
30,GET,1639,1
30,GET,1647,2
30,GET,1663,1
30,GET,1671,2
30,GET,1679,2
30,GET,1687,4
30,GET,1695,1
30,GET,1703,1
30,GET,1711,1
30,GET,1727,1
30,GET,1743,1
30,GET,1759,3
30,GET,1775,1
30,GET,1783,1
30,GET,1791,1
30,GET,1799,2
30,GET,1823,1
30,GET,1863,1
30,GET,1887,3
30,GET,1895,3
30,GET,1903,1
30,GET,1919,3
30,GET,1935,1
30,GET,1943,2
30,GET,1967,1
30,GET,1975,2
30,GET,1983,3
30,GET,1991,2
30,GET,1999,2
30,GET,2015,3
30,GET,2023,2
30,GET,2031,1
30,GET,2039,4
30,GET,2047,2
30,GET,2063,3
30,GET,2079,6
30,GET,2095,2
30,GET,2111,3
30,GET,2127,2
30,GET,2143,2
30,GET,2159,8
30,GET,2175,4
30,GET,2191,8
30,GET,2207,5
30,GET,2223,2
30,GET,2239,2
30,GET,2255,7
30,GET,2271,3
30,GET,2287,6
30,GET,2303,2
30,GET,2335,4
30,GET,2351,1
30,GET,2367,6
30,GET,2383,4
30,GET,2399,5
30,GET,2415,4
30,GET,2431,5
30,GET,2447,3
30,GET,2463,6
30,GET,2479,1
30,GET,2495,4
30,GET,2511,1
30,GET,2543,1
30,GET,2559,1
30,GET,2575,2
30,GET,2623,1
30,GET,2639,1
30,GET,2655,1
30,GET,2671,1
30,GET,2687,2
30,GET,2751,1
30,GET,2799,2
30,GET,3071,1
30,GET,3135,1
30,GET,3855,1
30,GET,4383,1
30,GET,10687,1
31,DEL,76,2
31,DEL,77,2
31,DEL,78,6
31,DEL,79,10
31,DEL,80,12
31,DEL,81,11
31,DEL,82,28
31,DEL,83,40
31,DEL,84,60
31,DEL,85,79
31,DEL,86,88
31,DEL,87,102
31,DEL,88,158
31,DEL,89,191
31,DEL,90,213
31,DEL,91,230
31,DEL,92,296
31,DEL,93,369
31,DEL,94,389
31,DEL,95,409
31,DEL,96,471
31,DEL,97,571
31,DEL,98,606
31,DEL,99,642
31,DEL,100,733
31,DEL,101,793
31,DEL,102,824
31,DEL,103,918
31,DEL,104,986
31,DEL,105,1036
31,DEL,106,1083
31,DEL,107,1087
31,DEL,108,1173
31,DEL,109,1331
31,DEL,110,1299
31,DEL,111,1330
31,DEL,112,1344
31,DEL,113,1408
31,DEL,114,1467
31,DEL,115,1503
31,DEL,116,1589
31,DEL,117,1606
31,DEL,118,1667
31,DEL,119,1712
31,DEL,120,1878
31,DEL,121,1777
31,DEL,122,1774
31,DEL,123,1904
31,DEL,124,1820
31,DEL,125,1853
31,DEL,126,1900
31,DEL,127,1853
31,DEL,128,1843
31,DEL,129,1902
31,DEL,130,1965
31,DEL,131,1929
31,DEL,132,1848
31,DEL,133,1926
31,DEL,134,1816
31,DEL,135,1970
31,DEL,136,1897
31,DEL,137,1851
31,DEL,138,1899
31,DEL,139,1862
31,DEL,140,1872
31,DEL,141,1837
31,DEL,142,1861
31,DEL,143,1915
31,DEL,144,1830
31,DEL,145,1714
31,DEL,146,1738
31,DEL,147,1746
31,DEL,148,1672
31,DEL,149,1692
31,DEL,150,1650
31,DEL,151,1657
31,DEL,152,1562
31,DEL,153,1546
31,DEL,154,1570
31,DEL,155,1481
31,DEL,156,1439
31,DEL,157,1469
31,DEL,158,1385
31,DEL,159,1358
31,DEL,160,1380
31,DEL,161,1365
31,DEL,162,1383
31,DEL,163,1303
31,DEL,164,1264
31,DEL,165,1142
31,DEL,166,1167
31,DEL,167,1140
31,DEL,168,1116
31,DEL,169,1131
31,DEL,170,1101
31,DEL,171,1087
31,DEL,172,1037
31,DEL,173,975
31,DEL,174,953
31,DEL,175,906
31,DEL,176,921
31,DEL,177,866
31,DEL,178,880
31,DEL,179,851
31,DEL,180,763
31,DEL,181,807
31,DEL,182,771
31,DEL,183,728
31,DEL,184,711
31,DEL,185,688
31,DEL,186,770
31,DEL,187,683
31,DEL,188,690
31,DEL,189,582
31,DEL,190,627
31,DEL,191,645
31,DEL,192,608
31,DEL,193,577
31,DEL,194,583
31,DEL,195,589
31,DEL,196,524
31,DEL,197,533
31,DEL,198,474
31,DEL,199,514
31,DEL,200,515
31,DEL,201,449
31,DEL,202,457
31,DEL,203,429
31,DEL,204,422
31,DEL,205,418
31,DEL,206,430
31,DEL,207,398
31,DEL,208,380
31,DEL,209,359
31,DEL,210,370
31,DEL,211,377
31,DEL,212,331
31,DEL,213,345
31,DEL,214,331
31,DEL,215,301
31,DEL,216,317
31,DEL,217,319
31,DEL,218,305
31,DEL,219,291
31,DEL,220,304
31,DEL,221,267
31,DEL,222,259
31,DEL,223,262
31,DEL,224,261
31,DEL,225,262
31,DEL,226,247
31,DEL,227,255
31,DEL,228,248
31,DEL,229,257
31,DEL,230,254
31,DEL,231,216
31,DEL,232,204
31,DEL,233,210
31,DEL,234,211
31,DEL,235,211
31,DEL,236,246
31,DEL,237,235
31,DEL,238,219
31,DEL,239,207
31,DEL,240,200
31,DEL,241,209
31,DEL,242,195
31,DEL,243,187
31,DEL,244,176
31,DEL,245,203
31,DEL,246,175
31,DEL,247,221
31,DEL,248,162
31,DEL,249,152
31,DEL,250,166
31,DEL,251,147
31,DEL,252,177
31,DEL,253,142
31,DEL,254,166
31,DEL,255,163
31,DEL,257,319
31,DEL,259,289
31,DEL,261,300
31,DEL,263,258
31,DEL,265,250
31,DEL,267,284
31,DEL,269,242
31,DEL,271,221
31,DEL,273,214
31,DEL,275,205
31,DEL,277,193
31,DEL,279,169
31,DEL,281,179
31,DEL,283,199
31,DEL,285,154
31,DEL,287,163
31,DEL,289,183
31,DEL,291,141
31,DEL,293,139
31,DEL,295,127
31,DEL,297,123
31,DEL,299,110
31,DEL,301,122
31,DEL,303,99
31,DEL,305,116
31,DEL,307,95
31,DEL,309,84
31,DEL,311,83
31,DEL,313,72
31,DEL,315,78
31,DEL,317,78
31,DEL,319,60
31,DEL,321,66
31,DEL,323,65
31,DEL,325,61
31,DEL,327,66
31,DEL,329,44
31,DEL,331,45
31,DEL,333,43
31,DEL,335,36
31,DEL,337,26
31,DEL,339,37
31,DEL,341,45
31,DEL,343,47
31,DEL,345,32
31,DEL,347,28
31,DEL,349,24
31,DEL,351,35
31,DEL,353,25
31,DEL,355,30
31,DEL,357,18
31,DEL,359,16
31,DEL,361,17
31,DEL,363,14
31,DEL,365,9
31,DEL,367,15
31,DEL,369,10
31,DEL,371,5
31,DEL,373,12
31,DEL,375,9
31,DEL,377,9
31,DEL,379,13
31,DEL,381,15
31,DEL,383,10
31,DEL,385,8
31,DEL,387,10
31,DEL,389,12
31,DEL,391,7
31,DEL,393,7
31,DEL,395,9
31,DEL,397,3
31,DEL,399,5
31,DEL,401,10
31,DEL,403,4
31,DEL,405,6
31,DEL,407,3
31,DEL,409,4
31,DEL,411,3
31,DEL,413,4
31,DEL,415,3
31,DEL,417,2
31,DEL,419,5
31,DEL,423,5
31,DEL,425,2
31,DEL,427,5
31,DEL,429,3
31,DEL,431,2
31,DEL,433,7
31,DEL,435,3
31,DEL,437,5
31,DEL,439,2
31,DEL,441,3
31,DEL,443,3
31,DEL,445,1
31,DEL,447,3
31,DEL,449,4
31,DEL,451,4
31,DEL,453,3
31,DEL,455,1
31,DEL,459,1
31,DEL,461,1
31,DEL,463,1
31,DEL,469,2
31,DEL,471,1
31,DEL,473,3
31,DEL,475,1
31,DEL,477,1
31,DEL,479,1
31,DEL,481,1
31,DEL,483,2
31,DEL,485,2
31,DEL,487,3
31,DEL,489,1
31,DEL,493,1
31,DEL,497,1
31,DEL,499,2
31,DEL,501,3
31,DEL,503,1
31,DEL,507,3
31,DEL,515,2
31,DEL,519,4
31,DEL,523,2
31,DEL,531,2
31,DEL,539,2
31,DEL,547,1
31,DEL,551,4
31,DEL,559,2
31,DEL,563,1
31,DEL,571,1
31,DEL,579,2
31,DEL,583,1
31,DEL,587,1
31,DEL,591,2
31,DEL,595,2
31,DEL,599,2
31,DEL,603,1
31,DEL,607,1
31,DEL,611,1
31,DEL,615,2
31,DEL,619,2
31,DEL,623,2
31,DEL,627,1
31,DEL,631,1
31,DEL,639,2
31,DEL,643,1
31,DEL,647,1
31,DEL,655,1
31,DEL,659,2
31,DEL,667,2
31,DEL,675,1
31,DEL,683,2
31,DEL,687,1
31,DEL,691,1
31,DEL,695,2
31,DEL,707,3
31,DEL,711,3
31,DEL,727,2
31,DEL,751,1
31,DEL,755,1
31,DEL,759,1
31,DEL,767,1
31,DEL,799,1
31,DEL,803,2
31,DEL,819,1
31,DEL,827,2
31,DEL,891,1
31,DEL,895,1
31,DEL,959,1
31,DEL,1071,1
31,DEL,1103,2
31,DEL,1183,1
31,DEL,1215,1
31,DEL,1303,1
31,DEL,1327,1
31,DEL,1343,1
31,DEL,1391,1
31,DEL,1455,1
31,DEL,1471,2
31,DEL,1543,1
31,DEL,1615,1
31,DEL,1647,1
31,DEL,1663,1
31,DEL,1671,1
31,DEL,1687,1
31,DEL,1711,1
31,DEL,1759,2
31,DEL,1767,2
31,DEL,1791,1
31,DEL,1799,1
31,DEL,1839,1
31,DEL,1879,1
31,DEL,1887,1
31,DEL,1903,1
31,DEL,1959,1
31,DEL,1991,3
31,DEL,2007,1
31,DEL,2039,1
31,DEL,2079,2
31,DEL,2095,1
31,DEL,2111,2
31,DEL,2127,1
31,DEL,2143,2
31,DEL,2159,1
31,DEL,2175,1
31,DEL,2223,1
31,DEL,2239,4
31,DEL,2255,1
31,DEL,2271,1
31,DEL,2287,3
31,DEL,2303,3
31,DEL,2319,4
31,DEL,2351,4
31,DEL,2415,1
31,DEL,2431,1
31,DEL,2463,1
31,DEL,2591,1
31,DEL,2607,1
31,DEL,2623,1
31,DEL,2975,1
31,DEL,3183,1
31,DEL,3231,1
31,DEL,3263,1
31,DEL,3503,1
31,DEL,3647,1
31,DEL,7199,1
31,GET,75,4
31,GET,76,3
31,GET,77,12
31,GET,78,21
31,GET,79,24
31,GET,80,50
31,GET,81,62
31,GET,82,109
31,GET,83,151
31,GET,84,188
31,GET,85,278
31,GET,86,292
31,GET,87,380
31,GET,88,463
31,GET,89,538
31,GET,90,640
31,GET,91,800
31,GET,92,870
31,GET,93,997
31,GET,94,1183
31,GET,95,1280
31,GET,96,1471
31,GET,97,1634
31,GET,98,1735
31,GET,99,1927
31,GET,100,2093
31,GET,101,2348
31,GET,102,2493
31,GET,103,2616
31,GET,104,2859
31,GET,105,2966
31,GET,106,3193
31,GET,107,3244
31,GET,108,3481
31,GET,109,3577
31,GET,110,3660
31,GET,111,3832
31,GET,112,3952
31,GET,113,4146
31,GET,114,4257
31,GET,115,4300
31,GET,116,4384
31,GET,117,4538
31,GET,118,4744
31,GET,119,4910
31,GET,120,4829
31,GET,121,5128
31,GET,122,5232
31,GET,123,5219
31,GET,124,5265
31,GET,125,5332
31,GET,126,5316
31,GET,127,5264
31,GET,128,5434
31,GET,129,5252
31,GET,130,5421
31,GET,131,5407
31,GET,132,5292
31,GET,133,5195
31,GET,134,5257
31,GET,135,5451
31,GET,136,5103
31,GET,137,5227
31,GET,138,5197
31,GET,139,5227
31,GET,140,5269
31,GET,141,5042
31,GET,142,5148
31,GET,143,5076
31,GET,144,4956
31,GET,145,4944
31,GET,146,4748
31,GET,147,4716
31,GET,148,4686
31,GET,149,4792
31,GET,150,4644
31,GET,151,4420
31,GET,152,4389
31,GET,153,4231
31,GET,154,4267
31,GET,155,4222
31,GET,156,4028
31,GET,157,4037
31,GET,158,3890
31,GET,159,3861
31,GET,160,3601
31,GET,161,3712
31,GET,162,3511
31,GET,163,3471
31,GET,164,3398
31,GET,165,3357
31,GET,166,3249
31,GET,167,3125
31,GET,168,2964
31,GET,169,2992
31,GET,170,2928
31,GET,171,2830
31,GET,172,2819
31,GET,173,2648
31,GET,174,2666
31,GET,175,2503
31,GET,176,2497
31,GET,177,2417
31,GET,178,2351
31,GET,179,2269
31,GET,180,2230
31,GET,181,2177
31,GET,182,2086
31,GET,183,2020
31,GET,184,1993
31,GET,185,1927
31,GET,186,1790
31,GET,187,1839
31,GET,188,1797
31,GET,189,1713
31,GET,190,1681
31,GET,191,1609
31,GET,192,1630
31,GET,193,1509
31,GET,194,1465
31,GET,195,1454
31,GET,196,1393
31,GET,197,1371
31,GET,198,1337
31,GET,199,1359
31,GET,200,1289
31,GET,201,1264
31,GET,202,1225
31,GET,203,1179
31,GET,204,1095
31,GET,205,1115
31,GET,206,1122
31,GET,207,1117
31,GET,208,1041
31,GET,209,1059
31,GET,210,1019
31,GET,211,1007
31,GET,212,939
31,GET,213,940
31,GET,214,935
31,GET,215,956
31,GET,216,869
31,GET,217,851
31,GET,218,856
31,GET,219,815
31,GET,220,813
31,GET,221,782
31,GET,222,749
31,GET,223,764
31,GET,224,757
31,GET,225,702
31,GET,226,728
31,GET,227,721
31,GET,228,674
31,GET,229,664
31,GET,230,635
31,GET,231,642
31,GET,232,642
31,GET,233,636
31,GET,234,633
31,GET,235,599
31,GET,236,655
31,GET,237,587
31,GET,238,560
31,GET,239,603
31,GET,240,575
31,GET,241,533
31,GET,242,526
31,GET,243,534
31,GET,244,486
31,GET,245,491
31,GET,246,529
31,GET,247,500
31,GET,248,500
31,GET,249,501
31,GET,250,479
31,GET,251,457
31,GET,252,413
31,GET,253,435
31,GET,254,457
31,GET,255,416
31,GET,257,850
31,GET,259,736
31,GET,261,720
31,GET,263,747
31,GET,265,702
31,GET,267,719
31,GET,269,623
31,GET,271,625
31,GET,273,600
31,GET,275,567
31,GET,277,564
31,GET,279,526
31,GET,281,518
31,GET,283,499
31,GET,285,507
31,GET,287,452
31,GET,289,420
31,GET,291,412
31,GET,293,363
31,GET,295,381
31,GET,297,351
31,GET,299,328
31,GET,301,297
31,GET,303,273
31,GET,305,287
31,GET,307,266
31,GET,309,261
31,GET,311,213
31,GET,313,226
31,GET,315,196
31,GET,317,192
31,GET,319,205
31,GET,321,164
31,GET,323,152
31,GET,325,159
31,GET,327,134
31,GET,329,141
31,GET,331,123
31,GET,333,121
31,GET,335,105
31,GET,337,116
31,GET,339,106
31,GET,341,92
31,GET,343,81
31,GET,345,71
31,GET,347,74
31,GET,349,80
31,GET,351,47
31,GET,353,57
31,GET,355,55
31,GET,357,59
31,GET,359,56
31,GET,361,45
31,GET,363,37
31,GET,365,37
31,GET,367,37
31,GET,369,39
31,GET,371,43
31,GET,373,36
31,GET,375,37
31,GET,377,37
31,GET,379,21
31,GET,381,26
31,GET,383,20
31,GET,385,21
31,GET,387,17
31,GET,389,17
31,GET,391,16
31,GET,393,19
31,GET,395,16
31,GET,397,20
31,GET,399,23
31,GET,401,12
31,GET,403,15
31,GET,405,13
31,GET,407,15
31,GET,409,7
31,GET,411,9
31,GET,413,10
31,GET,415,7
31,GET,417,6
31,GET,419,7
31,GET,421,5
31,GET,423,24
31,GET,425,8
31,GET,427,6
31,GET,429,7
31,GET,431,7
31,GET,433,7
31,GET,435,8
31,GET,437,6
31,GET,439,5
31,GET,441,7
31,GET,445,7
31,GET,447,4
31,GET,449,5
31,GET,451,10
31,GET,453,3
31,GET,455,7
31,GET,457,5
31,GET,461,4
31,GET,463,8
31,GET,465,1
31,GET,467,4
31,GET,469,3
31,GET,471,3
31,GET,473,6
31,GET,475,3
31,GET,477,2
31,GET,479,2
31,GET,481,2
31,GET,483,3
31,GET,485,2
31,GET,487,3
31,GET,489,2
31,GET,491,2
31,GET,493,5
31,GET,495,2
31,GET,497,1
31,GET,499,2
31,GET,501,1
31,GET,503,4
31,GET,505,2
31,GET,507,3
31,GET,509,3
31,GET,511,5
31,GET,515,4
31,GET,519,3
31,GET,523,5
31,GET,527,3
31,GET,531,2
31,GET,535,3
31,GET,539,3
31,GET,543,4
31,GET,547,4
31,GET,551,3
31,GET,555,1
31,GET,559,6
31,GET,563,3
31,GET,567,2
31,GET,571,6
31,GET,575,4
31,GET,579,6
31,GET,583,4
31,GET,587,4
31,GET,591,5
31,GET,595,1
31,GET,599,1
31,GET,603,4
31,GET,607,2
31,GET,611,4
31,GET,615,3
31,GET,619,2
31,GET,623,1
31,GET,627,2
31,GET,631,5
31,GET,635,3
31,GET,639,4
31,GET,643,2
31,GET,647,3
31,GET,651,1
31,GET,655,7
31,GET,659,2
31,GET,663,5
31,GET,667,3
31,GET,671,2
31,GET,675,1
31,GET,679,2
31,GET,683,1
31,GET,687,1
31,GET,691,4
31,GET,695,3
31,GET,703,3
31,GET,707,1
31,GET,711,2
31,GET,719,2
31,GET,723,2
31,GET,727,3
31,GET,731,1
31,GET,739,5
31,GET,743,1
31,GET,747,2
31,GET,751,2
31,GET,755,1
31,GET,759,3
31,GET,763,3
31,GET,767,1
31,GET,783,1
31,GET,787,2
31,GET,795,1
31,GET,803,2
31,GET,807,1
31,GET,819,1
31,GET,831,2
31,GET,835,1
31,GET,839,1
31,GET,847,1
31,GET,855,2
31,GET,903,2
31,GET,911,2
31,GET,919,1
31,GET,923,1
31,GET,971,1
31,GET,1011,1
31,GET,1015,1
31,GET,1039,1
31,GET,1063,1
31,GET,1095,1
31,GET,1103,1
31,GET,1111,1
31,GET,1127,1
31,GET,1135,3
31,GET,1143,1
31,GET,1151,1
31,GET,1167,1
31,GET,1191,1
31,GET,1207,1
31,GET,1215,2
31,GET,1223,2
31,GET,1239,1
31,GET,1247,1
31,GET,1263,1
31,GET,1271,1
31,GET,1287,2
31,GET,1311,3
31,GET,1327,2
31,GET,1343,2
31,GET,1351,1
31,GET,1359,1
31,GET,1367,1
31,GET,1407,1
31,GET,1423,1
31,GET,1439,1
31,GET,1455,2
31,GET,1463,2
31,GET,1471,2
31,GET,1487,2
31,GET,1511,2
31,GET,1519,1
31,GET,1527,1
31,GET,1543,2
31,GET,1551,3
31,GET,1575,2
31,GET,1583,1
31,GET,1591,1
31,GET,1607,2
31,GET,1615,1
31,GET,1623,1
31,GET,1631,2
31,GET,1639,1
31,GET,1647,2
31,GET,1655,2
31,GET,1663,2
31,GET,1671,1
31,GET,1679,1
31,GET,1687,2
31,GET,1695,3
31,GET,1711,1
31,GET,1719,2
31,GET,1735,1
31,GET,1743,1
31,GET,1767,2
31,GET,1775,2
31,GET,1783,1
31,GET,1791,1
31,GET,1799,1
31,GET,1815,1
31,GET,1823,1
31,GET,1847,1
31,GET,1887,1
31,GET,1927,1
31,GET,1943,1
31,GET,1951,3
31,GET,1967,1
31,GET,1975,1
31,GET,1983,1
31,GET,1991,1
31,GET,1999,3
31,GET,2007,1
31,GET,2031,1
31,GET,2047,3
31,GET,2063,2
31,GET,2079,2
31,GET,2095,1
31,GET,2111,5
31,GET,2127,6
31,GET,2143,8
31,GET,2159,2
31,GET,2175,3
31,GET,2191,1
31,GET,2207,2
31,GET,2223,6
31,GET,2239,3
31,GET,2255,3
31,GET,2271,5
31,GET,2287,4
31,GET,2303,4
31,GET,2319,6
31,GET,2335,8
31,GET,2351,4
31,GET,2367,4
31,GET,2399,3
31,GET,2415,2
31,GET,2431,1
31,GET,2447,2
31,GET,2463,4
31,GET,2479,2
31,GET,2495,2
31,GET,2543,1
31,GET,2559,1
31,GET,2575,1
31,GET,2591,1
31,GET,2623,3
31,GET,2639,1
31,GET,2719,1
31,GET,3023,1
31,GET,3407,1
31,GET,3903,1
31,GET,4159,1
31,GET,10751,1
31,SET,80,1
31,SET,81,1
31,SET,82,5
31,SET,83,4
31,SET,84,2
31,SET,85,5
31,SET,86,8
31,SET,87,8
31,SET,88,19
31,SET,89,23
31,SET,90,18
31,SET,91,22
31,SET,92,29
31,SET,93,36
31,SET,94,56
31,SET,95,56
31,SET,96,57
31,SET,97,57
31,SET,98,74
31,SET,99,89
31,SET,100,95
31,SET,101,96
31,SET,102,138
31,SET,103,163
31,SET,104,127
31,SET,105,157
31,SET,106,142
31,SET,107,188
31,SET,108,163
31,SET,109,182
31,SET,110,239
31,SET,111,230
31,SET,112,235
31,SET,113,232
31,SET,114,286
31,SET,115,263
31,SET,116,274
31,SET,117,239
31,SET,118,275
31,SET,119,328
31,SET,120,326
31,SET,121,292
31,SET,122,293
31,SET,123,344
31,SET,124,329
31,SET,125,353
31,SET,126,351
31,SET,127,387
31,SET,128,334
31,SET,129,332
31,SET,130,349
31,SET,131,346
31,SET,132,370
31,SET,133,367
31,SET,134,388
31,SET,135,396
31,SET,136,389
31,SET,137,413
31,SET,138,367
31,SET,139,383
31,SET,140,341
31,SET,141,361
31,SET,142,387
31,SET,143,392
31,SET,144,372
31,SET,145,366
31,SET,146,369
31,SET,147,380
31,SET,148,372
31,SET,149,335
31,SET,150,344
31,SET,151,343
31,SET,152,359
31,SET,153,310
31,SET,154,328
31,SET,155,324
31,SET,156,291
31,SET,157,339
31,SET,158,300
31,SET,159,298
31,SET,160,284
31,SET,161,324
31,SET,162,276
31,SET,163,292
31,SET,164,250
31,SET,165,239
31,SET,166,279
31,SET,167,263
31,SET,168,233
31,SET,169,250
31,SET,170,240
31,SET,171,221
31,SET,172,228
31,SET,173,221
31,SET,174,247
31,SET,175,205
31,SET,176,210
31,SET,177,201
31,SET,178,189
31,SET,179,181
31,SET,180,177
31,SET,181,187
31,SET,182,175
31,SET,183,155
31,SET,184,191
31,SET,185,141
31,SET,186,176
31,SET,187,158
31,SET,188,161
31,SET,189,146
31,SET,190,127
31,SET,191,129
31,SET,192,132
31,SET,193,141
31,SET,194,124
31,SET,195,134
31,SET,196,118
31,SET,197,108
31,SET,198,121
31,SET,199,96
31,SET,200,112
31,SET,201,85
31,SET,202,89
31,SET,203,98
31,SET,204,91
31,SET,205,89
31,SET,206,106
31,SET,207,76
31,SET,208,93
31,SET,209,72
31,SET,210,96
31,SET,211,62
31,SET,212,74
31,SET,213,80
31,SET,214,86
31,SET,215,78
31,SET,216,73
31,SET,217,88
31,SET,218,71
31,SET,219,65
31,SET,220,71
31,SET,221,56
31,SET,222,37
31,SET,223,59
31,SET,224,59
31,SET,225,61
31,SET,226,47
31,SET,227,59
31,SET,228,40
31,SET,229,42
31,SET,230,51
31,SET,231,53
31,SET,232,48
31,SET,233,58
31,SET,234,44
31,SET,235,54
31,SET,236,48
31,SET,237,39
31,SET,238,51
31,SET,239,48
31,SET,240,44
31,SET,241,35
31,SET,242,27
31,SET,243,41
31,SET,244,35
31,SET,245,47
31,SET,246,40
31,SET,247,35
31,SET,248,50
31,SET,249,32
31,SET,250,33
31,SET,251,45
31,SET,252,32
31,SET,253,51
31,SET,254,35
31,SET,255,38
31,SET,257,65
31,SET,259,60
31,SET,261,63
31,SET,263,61
31,SET,265,46
31,SET,267,49
31,SET,269,47
31,SET,271,46
31,SET,273,48
31,SET,275,42
31,SET,277,58
31,SET,279,47
31,SET,281,39
31,SET,283,33
31,SET,285,35
31,SET,287,44
31,SET,289,29
31,SET,291,44
31,SET,293,41
31,SET,295,27
31,SET,297,27
31,SET,299,33
31,SET,301,20
31,SET,303,33
31,SET,305,24
31,SET,307,20
31,SET,309,24
31,SET,311,21
31,SET,313,13
31,SET,315,17
31,SET,317,18
31,SET,319,20
31,SET,321,14
31,SET,323,18
31,SET,325,10
31,SET,327,11
31,SET,329,14
31,SET,331,11
31,SET,333,13
31,SET,335,10
31,SET,337,10
31,SET,339,8
31,SET,341,5
31,SET,343,3
31,SET,345,5
31,SET,347,7
31,SET,349,9
31,SET,351,7
31,SET,353,6
31,SET,355,3
31,SET,357,3
31,SET,359,3
31,SET,361,5
31,SET,363,3
31,SET,365,5
31,SET,367,6
31,SET,369,1
31,SET,371,4
31,SET,373,4
31,SET,375,4
31,SET,377,1
31,SET,379,4
31,SET,381,3
31,SET,383,4
31,SET,385,3
31,SET,387,3
31,SET,389,2
31,SET,391,2
31,SET,393,2
31,SET,395,2
31,SET,397,3
31,SET,401,1
31,SET,403,3
31,SET,405,1
31,SET,407,1
31,SET,409,1
31,SET,411,2
31,SET,415,2
31,SET,419,1
31,SET,421,2
31,SET,423,2
31,SET,425,1
31,SET,435,1
31,SET,439,1
31,SET,441,2
31,SET,443,1
31,SET,445,1
31,SET,447,2
31,SET,461,2
31,SET,463,1
31,SET,469,2
31,SET,471,1
31,SET,483,1
31,SET,493,1
31,SET,497,1
31,SET,505,1
31,SET,511,1
31,SET,515,1
31,SET,571,1
31,SET,575,1
31,SET,599,1
31,SET,607,1
31,SET,643,1
31,SET,651,1
31,SET,655,1
31,SET,667,2
31,SET,679,1
31,SET,711,1
31,SET,751,1
31,SET,787,1
31,SET,791,1
31,SET,795,1
31,SET,879,1
31,SET,927,1
31,SET,1399,1
31,SET,1495,2
31,SET,1727,1
31,SET,1735,1
31,SET,1903,1
31,SET,2143,1
31,SET,2159,1
31,SET,2351,1
31,SET,2479,1
31,SET,2527,1
31,SET,3135,1
