# Args: ["/opt/benchmarker/benchmark", "-a", "34.51.190.70,34.51.206.35,34.51.141.155", "--port", "7000", "-c", "etc", "-r", "20000000", "-t", "32", "--cluster", "-o", "redis_three_nodes"]
thread,cmd,latency,count
0,DEL,85,3
0,DEL,88,4
0,DEL,89,6
0,DEL,90,3
0,DEL,91,15
0,DEL,92,13
0,DEL,93,12
0,DEL,94,23
0,DEL,95,29
0,DEL,96,35
0,DEL,97,41
0,DEL,98,65
0,DEL,99,83
0,DEL,100,89
0,DEL,101,127
0,DEL,102,157
0,DEL,103,164
0,DEL,104,210
0,DEL,105,268
0,DEL,106,265
0,DEL,107,348
0,DEL,108,386
0,DEL,109,448
0,DEL,110,469
0,DEL,111,502
0,DEL,112,557
0,DEL,113,610
0,DEL,114,670
0,DEL,115,788
0,DEL,116,758
0,DEL,117,860
0,DEL,118,906
0,DEL,119,1055
0,DEL,120,1075
0,DEL,121,1072
0,DEL,122,1236
0,DEL,123,1245
0,DEL,124,1348
0,DEL,125,1395
0,DEL,126,1516
0,DEL,127,1551
0,DEL,128,1627
0,DEL,129,1743
0,DEL,130,1727
0,DEL,131,1775
0,DEL,132,1887
0,DEL,133,1897
0,DEL,134,1900
0,DEL,135,1904
0,DEL,136,1956
0,DEL,137,2149
0,DEL,138,2135
0,DEL,139,2109
0,DEL,140,2134
0,DEL,141,2241
0,DEL,142,2165
0,DEL,143,2210
0,DEL,144,2230
0,DEL,145,2246
0,DEL,146,2200
0,DEL,147,2241
0,DEL,148,2281
0,DEL,149,2275
0,DEL,150,2195
0,DEL,151,2226
0,DEL,152,2174
0,DEL,153,2116
0,DEL,154,2106
0,DEL,155,2145
0,DEL,156,2045
0,DEL,157,2059
0,DEL,158,2087
0,DEL,159,2029
0,DEL,160,1954
0,DEL,161,2010
0,DEL,162,2007
0,DEL,163,1866
0,DEL,164,1795
0,DEL,165,1817
0,DEL,166,1801
0,DEL,167,1837
0,DEL,168,1640
0,DEL,169,1677
0,DEL,170,1593
0,DEL,171,1608
0,DEL,172,1512
0,DEL,173,1460
0,DEL,174,1485
0,DEL,175,1450
0,DEL,176,1408
0,DEL,177,1344
0,DEL,178,1340
0,DEL,179,1301
0,DEL,180,1249
0,DEL,181,1211
0,DEL,182,1135
0,DEL,183,1180
0,DEL,184,1119
0,DEL,185,1035
0,DEL,186,1026
0,DEL,187,1036
0,DEL,188,1035
0,DEL,189,964
0,DEL,190,905
0,DEL,191,873
0,DEL,192,864
0,DEL,193,873
0,DEL,194,829
0,DEL,195,761
0,DEL,196,718
0,DEL,197,742
0,DEL,198,714
0,DEL,199,703
0,DEL,200,671
0,DEL,201,636
0,DEL,202,570
0,DEL,203,594
0,DEL,204,530
0,DEL,205,500
0,DEL,206,520
0,DEL,207,520
0,DEL,208,495
0,DEL,209,477
0,DEL,210,442
0,DEL,211,450
0,DEL,212,429
0,DEL,213,388
0,DEL,214,352
0,DEL,215,416
0,DEL,216,354
0,DEL,217,340
0,DEL,218,326
0,DEL,219,295
0,DEL,220,311
0,DEL,221,309
0,DEL,222,297
0,DEL,223,277
0,DEL,224,267
0,DEL,225,265
0,DEL,226,236
0,DEL,227,248
0,DEL,228,229
0,DEL,229,211
0,DEL,230,227
0,DEL,231,203
0,DEL,232,216
0,DEL,233,197
0,DEL,234,179
0,DEL,235,180
0,DEL,236,178
0,DEL,237,148
0,DEL,238,168
0,DEL,239,163
0,DEL,240,144
0,DEL,241,140
0,DEL,242,140
0,DEL,243,114
0,DEL,244,124
0,DEL,245,116
0,DEL,246,106
0,DEL,247,102
0,DEL,248,108
0,DEL,249,106
0,DEL,250,91
0,DEL,251,87
0,DEL,252,100
0,DEL,253,95
0,DEL,254,79
0,DEL,255,74
0,DEL,257,153
0,DEL,259,140
0,DEL,261,117
0,DEL,263,113
0,DEL,265,111
0,DEL,267,124
0,DEL,269,78
0,DEL,271,93
0,DEL,273,88
0,DEL,275,82
0,DEL,277,69
0,DEL,279,74
0,DEL,281,59
0,DEL,283,58
0,DEL,285,55
0,DEL,287,58
0,DEL,289,52
0,DEL,291,57
0,DEL,293,42
0,DEL,295,34
0,DEL,297,34
0,DEL,299,35
0,DEL,301,39
0,DEL,303,33
0,DEL,305,42
0,DEL,307,23
0,DEL,309,26
0,DEL,311,27
0,DEL,313,14
0,DEL,315,17
0,DEL,317,16
0,DEL,319,24
0,DEL,321,20
0,DEL,323,11
0,DEL,325,13
0,DEL,327,9
0,DEL,329,19
0,DEL,331,11
0,DEL,333,15
0,DEL,335,12
0,DEL,337,15
0,DEL,339,13
0,DEL,341,11
0,DEL,343,10
0,DEL,345,4
0,DEL,347,13
0,DEL,349,6
0,DEL,351,8
0,DEL,353,8
0,DEL,355,5
0,DEL,357,6
0,DEL,359,4
0,DEL,361,3
0,DEL,363,5
0,DEL,365,2
0,DEL,367,2
0,DEL,369,1
0,DEL,371,6
0,DEL,373,4
0,DEL,375,3
0,DEL,377,5
0,DEL,379,2
0,DEL,381,4
0,DEL,383,5
0,DEL,385,3
0,DEL,387,7
0,DEL,389,8
0,DEL,391,4
0,DEL,393,5
0,DEL,395,1
0,DEL,397,2
0,DEL,399,4
0,DEL,401,1
0,DEL,403,1
0,DEL,405,3
0,DEL,407,1
0,DEL,409,1
0,DEL,411,3
0,DEL,413,2
0,DEL,415,6
0,DEL,419,4
0,DEL,421,1
0,DEL,427,4
0,DEL,429,3
0,DEL,431,1
0,DEL,433,2
0,DEL,435,2
0,DEL,437,2
0,DEL,439,1
0,DEL,445,3
0,DEL,447,3
0,DEL,449,1
0,DEL,451,2
0,DEL,453,5
0,DEL,455,1
0,DEL,457,2
0,DEL,461,2
0,DEL,463,2
0,DEL,467,1
0,DEL,469,1
0,DEL,471,1
0,DEL,475,3
0,DEL,477,3
0,DEL,479,1
0,DEL,481,1
0,DEL,483,1
0,DEL,485,1
0,DEL,487,1
0,DEL,489,3
0,DEL,491,3
0,DEL,493,1
0,DEL,497,1
0,DEL,501,4
0,DEL,507,2
0,DEL,515,3
0,DEL,519,4
0,DEL,523,1
0,DEL,531,1
0,DEL,535,3
0,DEL,539,1
0,DEL,543,2
0,DEL,547,3
0,DEL,551,1
0,DEL,555,2
0,DEL,559,1
0,DEL,563,4
0,DEL,567,2
0,DEL,571,2
0,DEL,575,3
0,DEL,583,1
0,DEL,587,3
0,DEL,595,3
0,DEL,603,1
0,DEL,607,3
0,DEL,611,1
0,DEL,615,1
0,DEL,623,1
0,DEL,635,1
0,DEL,647,2
0,DEL,651,1
0,DEL,659,4
0,DEL,663,2
0,DEL,667,1
0,DEL,679,1
0,DEL,683,1
0,DEL,699,1
0,DEL,703,1
0,DEL,723,2
0,DEL,727,1
0,DEL,755,1
0,DEL,767,2
0,DEL,775,1
0,DEL,791,1
0,DEL,799,1
0,DEL,819,1
0,DEL,835,1
0,DEL,839,1
0,DEL,847,2
0,DEL,863,1
0,DEL,931,1
0,DEL,935,1
0,DEL,979,1
0,DEL,1031,1
0,DEL,1063,3
0,DEL,1079,1
0,DEL,1087,1
0,DEL,1135,1
0,DEL,1151,1
0,DEL,1159,1
0,DEL,1167,1
0,DEL,1271,1
0,DEL,1319,1
0,DEL,1351,1
0,DEL,1447,1
0,DEL,1471,1
0,DEL,1511,1
0,DEL,1535,1
0,DEL,1559,1
0,DEL,1575,1
0,DEL,1879,2
0,DEL,1927,1
0,DEL,2655,1
0,DEL,2751,1
0,DEL,2783,1
0,DEL,2975,1
0,SET,90,1
0,SET,93,1
0,SET,94,1
0,SET,96,3
0,SET,97,4
0,SET,98,12
0,SET,99,10
0,SET,100,10
0,SET,101,12
0,SET,102,23
0,SET,103,20
0,SET,104,23
0,SET,105,32
0,SET,106,26
0,SET,107,37
0,SET,108,45
0,SET,109,50
0,SET,110,62
0,SET,111,65
0,SET,112,62
0,SET,113,81
0,SET,114,103
0,SET,115,113
0,SET,116,114
0,SET,117,114
0,SET,118,156
0,SET,119,142
0,SET,120,166
0,SET,121,198
0,SET,122,183
0,SET,123,201
0,SET,124,198
0,SET,125,231
0,SET,126,244
0,SET,127,264
0,SET,128,236
0,SET,129,284
0,SET,130,267
0,SET,131,282
0,SET,132,303
0,SET,133,297
0,SET,134,335
0,SET,135,348
0,SET,136,323
0,SET,137,369
0,SET,138,367
0,SET,139,364
0,SET,140,384
0,SET,141,402
0,SET,142,373
0,SET,143,397
0,SET,144,408
0,SET,145,431
0,SET,146,435
0,SET,147,380
0,SET,148,409
0,SET,149,394
0,SET,150,434
0,SET,151,454
0,SET,152,452
0,SET,153,426
0,SET,154,432
0,SET,155,468
0,SET,156,425
0,SET,157,381
0,SET,158,406
0,SET,159,425
0,SET,160,408
0,SET,161,408
0,SET,162,386
0,SET,163,399
0,SET,164,359
0,SET,165,381
0,SET,166,369
0,SET,167,355
0,SET,168,305
0,SET,169,378
0,SET,170,338
0,SET,171,350
0,SET,172,367
0,SET,173,346
0,SET,174,293
0,SET,175,324
0,SET,176,311
0,SET,177,321
0,SET,178,290
0,SET,179,301
0,SET,180,306
0,SET,181,305
0,SET,182,230
0,SET,183,262
0,SET,184,270
0,SET,185,208
0,SET,186,242
0,SET,187,240
0,SET,188,235
0,SET,189,250
0,SET,190,257
0,SET,191,214
0,SET,192,202
0,SET,193,168
0,SET,194,180
0,SET,195,216
0,SET,196,184
0,SET,197,164
0,SET,198,163
0,SET,199,171
0,SET,200,162
0,SET,201,161
0,SET,202,110
0,SET,203,147
0,SET,204,128
0,SET,205,141
0,SET,206,127
0,SET,207,132
0,SET,208,112
0,SET,209,117
0,SET,210,96
0,SET,211,98
0,SET,212,113
0,SET,213,110
0,SET,214,94
0,SET,215,91
0,SET,216,83
0,SET,217,87
0,SET,218,73
0,SET,219,90
0,SET,220,81
0,SET,221,71
0,SET,222,90
0,SET,223,72
0,SET,224,51
0,SET,225,75
0,SET,226,65
0,SET,227,60
0,SET,228,54
0,SET,229,52
0,SET,230,70
0,SET,231,42
0,SET,232,56
0,SET,233,36
0,SET,234,40
0,SET,235,39
0,SET,236,50
0,SET,237,47
0,SET,238,38
0,SET,239,29
0,SET,240,46
0,SET,241,35
0,SET,242,34
0,SET,243,24
0,SET,244,36
0,SET,245,34
0,SET,246,19
0,SET,247,29
0,SET,248,31
0,SET,249,23
0,SET,250,26
0,SET,251,23
0,SET,252,27
0,SET,253,26
0,SET,254,19
0,SET,255,19
0,SET,257,43
0,SET,259,39
0,SET,261,38
0,SET,263,30
0,SET,265,29
0,SET,267,21
0,SET,269,19
0,SET,271,35
0,SET,273,23
0,SET,275,23
0,SET,277,19
0,SET,279,14
0,SET,281,18
0,SET,283,16
0,SET,285,10
0,SET,287,15
0,SET,289,7
0,SET,291,18
0,SET,293,12
0,SET,295,10
0,SET,297,11
0,SET,299,13
0,SET,301,7
0,SET,303,3
0,SET,305,8
0,SET,307,5
0,SET,309,7
0,SET,311,6
0,SET,313,6
0,SET,315,6
0,SET,317,8
0,SET,319,5
0,SET,321,9
0,SET,323,4
0,SET,325,4
0,SET,327,5
0,SET,329,4
0,SET,331,3
0,SET,333,3
0,SET,335,1
0,SET,339,3
0,SET,341,3
0,SET,343,1
0,SET,345,1
0,SET,347,2
0,SET,351,1
0,SET,353,3
0,SET,355,1
0,SET,357,2
0,SET,363,2
0,SET,365,2
0,SET,369,1
0,SET,371,2
0,SET,373,2
0,SET,375,1
0,SET,377,2
0,SET,381,2
0,SET,387,2
0,SET,389,4
0,SET,391,3
0,SET,393,1
0,SET,395,1
0,SET,397,1
0,SET,401,1
0,SET,403,2
0,SET,409,3
0,SET,411,1
0,SET,413,1
0,SET,429,1
0,SET,433,1
0,SET,437,1
0,SET,441,1
0,SET,463,1
0,SET,473,1
0,SET,477,1
0,SET,481,1
0,SET,489,1
0,SET,499,1
0,SET,503,1
0,SET,507,1
0,SET,523,1
0,SET,527,1
0,SET,539,1
0,SET,547,1
0,SET,555,1
0,SET,571,1
0,SET,579,1
0,SET,583,1
0,SET,627,1
0,SET,631,1
0,SET,651,1
0,SET,663,1
0,SET,667,1
0,SET,711,1
0,SET,715,2
0,SET,755,1
0,SET,767,1
0,SET,839,1
0,SET,975,1
0,SET,1047,1
0,SET,1191,1
0,SET,1295,1
0,SET,1463,1
0,GET,81,1
0,GET,83,2
0,GET,84,1
0,GET,85,2
0,GET,86,9
0,GET,87,8
0,GET,88,10
0,GET,89,9
0,GET,90,17
0,GET,91,30
0,GET,92,42
0,GET,93,52
0,GET,94,73
0,GET,95,92
0,GET,96,117
0,GET,97,152
0,GET,98,246
0,GET,99,321
0,GET,100,329
0,GET,101,406
0,GET,102,513
0,GET,103,549
0,GET,104,670
0,GET,105,752
0,GET,106,914
0,GET,107,1003
0,GET,108,1126
0,GET,109,1279
0,GET,110,1459
0,GET,111,1555
0,GET,112,1743
0,GET,113,1904
0,GET,114,2022
0,GET,115,2254
0,GET,116,2442
0,GET,117,2588
0,GET,118,2777
0,GET,119,2960
0,GET,120,3251
0,GET,121,3455
0,GET,122,3655
0,GET,123,3812
0,GET,124,3937
0,GET,125,4170
0,GET,126,4288
0,GET,127,4442
0,GET,128,4551
0,GET,129,4742
0,GET,130,5050
0,GET,131,5066
0,GET,132,5125
0,GET,133,5350
0,GET,134,5464
0,GET,135,5583
0,GET,136,5833
0,GET,137,5680
0,GET,138,5887
0,GET,139,5976
0,GET,140,6107
0,GET,141,6242
0,GET,142,6149
0,GET,143,6060
0,GET,144,6287
0,GET,145,6230
0,GET,146,6236
0,GET,147,6273
0,GET,148,6316
0,GET,149,6173
0,GET,150,6189
0,GET,151,6111
0,GET,152,5866
0,GET,153,5973
0,GET,154,5879
0,GET,155,5818
0,GET,156,5797
0,GET,157,5787
0,GET,158,5618
0,GET,159,5560
0,GET,160,5442
0,GET,161,5355
0,GET,162,5354
0,GET,163,5118
0,GET,164,5016
0,GET,165,4976
0,GET,166,4920
0,GET,167,4754
0,GET,168,4727
0,GET,169,4509
0,GET,170,4466
0,GET,171,4327
0,GET,172,4231
0,GET,173,4165
0,GET,174,4068
0,GET,175,3973
0,GET,176,3770
0,GET,177,3793
0,GET,178,3513
0,GET,179,3588
0,GET,180,3458
0,GET,181,3317
0,GET,182,3187
0,GET,183,3163
0,GET,184,3048
0,GET,185,2898
0,GET,186,2810
0,GET,187,2708
0,GET,188,2688
0,GET,189,2570
0,GET,190,2533
0,GET,191,2409
0,GET,192,2321
0,GET,193,2294
0,GET,194,2195
0,GET,195,2210
0,GET,196,2020
0,GET,197,2019
0,GET,198,1874
0,GET,199,1854
0,GET,200,1839
0,GET,201,1675
0,GET,202,1614
0,GET,203,1553
0,GET,204,1597
0,GET,205,1515
0,GET,206,1433
0,GET,207,1376
0,GET,208,1283
0,GET,209,1285
0,GET,210,1228
0,GET,211,1192
0,GET,212,1129
0,GET,213,1086
0,GET,214,1027
0,GET,215,1032
0,GET,216,970
0,GET,217,904
0,GET,218,885
0,GET,219,852
0,GET,220,828
0,GET,221,837
0,GET,222,778
0,GET,223,803
0,GET,224,781
0,GET,225,714
0,GET,226,703
0,GET,227,649
0,GET,228,651
0,GET,229,584
0,GET,230,588
0,GET,231,544
0,GET,232,501
0,GET,233,522
0,GET,234,507
0,GET,235,510
0,GET,236,473
0,GET,237,425
0,GET,238,433
0,GET,239,419
0,GET,240,403
0,GET,241,360
0,GET,242,343
0,GET,243,361
0,GET,244,335
0,GET,245,339
0,GET,246,321
0,GET,247,305
0,GET,248,293
0,GET,249,276
0,GET,250,302
0,GET,251,264
0,GET,252,255
0,GET,253,215
0,GET,254,209
0,GET,255,207
0,GET,257,435
0,GET,259,424
0,GET,261,365
0,GET,263,326
0,GET,265,315
0,GET,267,286
0,GET,269,279
0,GET,271,254
0,GET,273,244
0,GET,275,220
0,GET,277,175
0,GET,279,183
0,GET,281,155
0,GET,283,176
0,GET,285,142
0,GET,287,149
0,GET,289,146
0,GET,291,120
0,GET,293,105
0,GET,295,107
0,GET,297,105
0,GET,299,92
0,GET,301,106
0,GET,303,81
0,GET,305,88
0,GET,307,57
0,GET,309,67
0,GET,311,68
0,GET,313,71
0,GET,315,57
0,GET,317,50
0,GET,319,43
0,GET,321,57
0,GET,323,41
0,GET,325,33
0,GET,327,31
0,GET,329,37
0,GET,331,33
0,GET,333,28
0,GET,335,31
0,GET,337,30
0,GET,339,26
0,GET,341,14
0,GET,343,24
0,GET,345,35
0,GET,347,26
0,GET,349,30
0,GET,351,17
0,GET,353,20
0,GET,355,19
0,GET,357,21
0,GET,359,17
0,GET,361,17
0,GET,363,19
0,GET,365,22
0,GET,367,9
0,GET,369,16
0,GET,371,17
0,GET,373,16
0,GET,375,14
0,GET,377,8
0,GET,379,5
0,GET,381,8
0,GET,383,12
0,GET,385,12
0,GET,387,12
0,GET,389,8
0,GET,391,11
0,GET,393,12
0,GET,395,7
0,GET,397,11
0,GET,399,7
0,GET,401,9
0,GET,403,15
0,GET,405,4
0,GET,407,5
0,GET,409,10
0,GET,411,2
0,GET,413,6
0,GET,415,8
0,GET,417,5
0,GET,419,10
0,GET,421,8
0,GET,423,7
0,GET,425,2
0,GET,427,5
0,GET,429,5
0,GET,431,10
0,GET,433,5
0,GET,435,6
0,GET,437,4
0,GET,439,7
0,GET,441,4
0,GET,443,4
0,GET,445,4
0,GET,447,7
0,GET,449,4
0,GET,451,2
0,GET,453,7
0,GET,455,5
0,GET,457,4
0,GET,459,2
0,GET,461,4
0,GET,463,6
0,GET,465,3
0,GET,467,1
0,GET,469,3
0,GET,471,5
0,GET,473,5
0,GET,475,4
0,GET,477,4
0,GET,479,3
0,GET,481,3
0,GET,483,2
0,GET,485,2
0,GET,487,4
0,GET,489,1
0,GET,491,3
0,GET,493,3
0,GET,495,1
0,GET,497,1
0,GET,499,2
0,GET,501,4
0,GET,503,3
0,GET,505,2
0,GET,507,3
0,GET,511,1
0,GET,515,5
0,GET,519,2
0,GET,523,6
0,GET,527,6
0,GET,531,9
0,GET,535,4
0,GET,539,5
0,GET,543,4
0,GET,547,3
0,GET,551,4
0,GET,555,5
0,GET,559,1
0,GET,563,8
0,GET,567,4
0,GET,571,4
0,GET,575,4
0,GET,579,4
0,GET,583,12
0,GET,587,5
0,GET,591,4
0,GET,595,9
0,GET,599,6
0,GET,603,5
0,GET,611,1
0,GET,615,6
0,GET,619,2
0,GET,623,2
0,GET,627,3
0,GET,631,3
0,GET,635,4
0,GET,639,1
0,GET,643,2
0,GET,647,5
0,GET,655,2
0,GET,659,2
0,GET,663,2
0,GET,667,1
0,GET,671,4
0,GET,675,1
0,GET,679,2
0,GET,683,1
0,GET,687,2
0,GET,691,4
0,GET,695,5
0,GET,699,3
0,GET,703,1
0,GET,711,1
0,GET,719,1
0,GET,723,1
0,GET,727,2
0,GET,731,4
0,GET,735,3
0,GET,739,2
0,GET,743,2
0,GET,755,1
0,GET,759,1
0,GET,763,1
0,GET,767,3
0,GET,775,2
0,GET,779,1
0,GET,783,1
0,GET,787,1
0,GET,791,2
0,GET,795,1
0,GET,807,1
0,GET,811,3
0,GET,815,1
0,GET,819,1
0,GET,827,3
0,GET,835,2
0,GET,839,1
0,GET,843,1
0,GET,851,1
0,GET,855,1
0,GET,863,1
0,GET,867,1
0,GET,871,2
0,GET,875,1
0,GET,891,1
0,GET,895,1
0,GET,899,2
0,GET,903,2
0,GET,907,1
0,GET,911,3
0,GET,915,1
0,GET,927,1
0,GET,931,3
0,GET,943,1
0,GET,947,1
0,GET,959,2
0,GET,963,2
0,GET,975,2
0,GET,995,1
0,GET,999,1
0,GET,1007,1
0,GET,1011,2
0,GET,1015,1
0,GET,1019,1
0,GET,1023,1
0,GET,1031,1
0,GET,1039,2
0,GET,1047,1
0,GET,1071,2
0,GET,1079,3
0,GET,1095,1
0,GET,1127,1
0,GET,1135,1
0,GET,1159,1
0,GET,1167,1
0,GET,1175,3
0,GET,1207,1
0,GET,1223,1
0,GET,1271,1
0,GET,1279,1
0,GET,1287,1
0,GET,1295,1
0,GET,1311,1
0,GET,1327,1
0,GET,1335,1
0,GET,1359,1
0,GET,1407,1
0,GET,1431,1
0,GET,1455,1
0,GET,1471,1
0,GET,1511,1
0,GET,1567,1
0,GET,1591,2
0,GET,1599,1
0,GET,1607,1
0,GET,1615,1
0,GET,1631,1
0,GET,1639,1
0,GET,1647,1
0,GET,1655,1
0,GET,1671,1
0,GET,1679,1
0,GET,1687,1
0,GET,1695,1
0,GET,1759,1
0,GET,1799,1
0,GET,1871,1
0,GET,1887,1
0,GET,1911,1
0,GET,1943,1
0,GET,1967,1
0,GET,1983,1
0,GET,1999,1
0,GET,2047,1
0,GET,2063,1
0,GET,2143,1
0,GET,2239,1
0,GET,2271,1
0,GET,2335,1
0,GET,2367,2
0,GET,2399,1
0,GET,2447,1
0,GET,2623,1
0,GET,2719,1
0,GET,2783,1
0,GET,2895,1
0,GET,3503,1
0,GET,3663,1
1,GET,83,1
1,GET,84,3
1,GET,85,3
1,GET,86,9
1,GET,87,7
1,GET,88,17
1,GET,89,16
1,GET,90,22
1,GET,91,52
1,GET,92,74
1,GET,93,94
1,GET,94,123
1,GET,95,168
1,GET,96,204
1,GET,97,247
1,GET,98,353
1,GET,99,414
1,GET,100,504
1,GET,101,587
1,GET,102,697
1,GET,103,839
1,GET,104,972
1,GET,105,1072
1,GET,106,1241
1,GET,107,1459
1,GET,108,1485
1,GET,109,1727
1,GET,110,1878
1,GET,111,2037
1,GET,112,2202
1,GET,113,2403
1,GET,114,2591
1,GET,115,2751
1,GET,116,3095
1,GET,117,3277
1,GET,118,3590
1,GET,119,3730
1,GET,120,3839
1,GET,121,4051
1,GET,122,4360
1,GET,123,4555
1,GET,124,4613
1,GET,125,4843
1,GET,126,5214
1,GET,127,5106
1,GET,128,5447
1,GET,129,5626
1,GET,130,5525
1,GET,131,5753
1,GET,132,5941
1,GET,133,6004
1,GET,134,5998
1,GET,135,6086
1,GET,136,6127
1,GET,137,6476
1,GET,138,6146
1,GET,139,6342
1,GET,140,6141
1,GET,141,6351
1,GET,142,6248
1,GET,143,6376
1,GET,144,6311
1,GET,145,6414
1,GET,146,6390
1,GET,147,6264
1,GET,148,6300
1,GET,149,6415
1,GET,150,6148
1,GET,151,5987
1,GET,152,5870
1,GET,153,5795
1,GET,154,5651
1,GET,155,5628
1,GET,156,5683
1,GET,157,5418
1,GET,158,5337
1,GET,159,5264
1,GET,160,5138
1,GET,161,5045
1,GET,162,4986
1,GET,163,4739
1,GET,164,4694
1,GET,165,4588
1,GET,166,4520
1,GET,167,4373
1,GET,168,4247
1,GET,169,4186
1,GET,170,4091
1,GET,171,3928
1,GET,172,3746
1,GET,173,3650
1,GET,174,3668
1,GET,175,3583
1,GET,176,3509
1,GET,177,3325
1,GET,178,3127
1,GET,179,3169
1,GET,180,3021
1,GET,181,2946
1,GET,182,2802
1,GET,183,2686
1,GET,184,2622
1,GET,185,2511
1,GET,186,2461
1,GET,187,2345
1,GET,188,2372
1,GET,189,2269
1,GET,190,2153
1,GET,191,2130
1,GET,192,2040
1,GET,193,2007
1,GET,194,1886
1,GET,195,1806
1,GET,196,1760
1,GET,197,1678
1,GET,198,1678
1,GET,199,1573
1,GET,200,1521
1,GET,201,1423
1,GET,202,1434
1,GET,203,1378
1,GET,204,1242
1,GET,205,1303
1,GET,206,1228
1,GET,207,1231
1,GET,208,1102
1,GET,209,1069
1,GET,210,1084
1,GET,211,963
1,GET,212,991
1,GET,213,946
1,GET,214,911
1,GET,215,847
1,GET,216,804
1,GET,217,797
1,GET,218,733
1,GET,219,755
1,GET,220,742
1,GET,221,668
1,GET,222,692
1,GET,223,645
1,GET,224,602
1,GET,225,609
1,GET,226,579
1,GET,227,552
1,GET,228,535
1,GET,229,559
1,GET,230,503
1,GET,231,459
1,GET,232,456
1,GET,233,453
1,GET,234,417
1,GET,235,379
1,GET,236,369
1,GET,237,373
1,GET,238,363
1,GET,239,341
1,GET,240,354
1,GET,241,336
1,GET,242,322
1,GET,243,296
1,GET,244,300
1,GET,245,295
1,GET,246,270
1,GET,247,258
1,GET,248,250
1,GET,249,271
1,GET,250,252
1,GET,251,236
1,GET,252,202
1,GET,253,215
1,GET,254,223
1,GET,255,211
1,GET,257,387
1,GET,259,379
1,GET,261,304
1,GET,263,306
1,GET,265,287
1,GET,267,229
1,GET,269,241
1,GET,271,228
1,GET,273,203
1,GET,275,191
1,GET,277,158
1,GET,279,170
1,GET,281,183
1,GET,283,131
1,GET,285,152
1,GET,287,131
1,GET,289,112
1,GET,291,133
1,GET,293,105
1,GET,295,79
1,GET,297,101
1,GET,299,91
1,GET,301,92
1,GET,303,77
1,GET,305,79
1,GET,307,57
1,GET,309,66
1,GET,311,59
1,GET,313,60
1,GET,315,56
1,GET,317,54
1,GET,319,49
1,GET,321,40
1,GET,323,52
1,GET,325,42
1,GET,327,33
1,GET,329,31
1,GET,331,37
1,GET,333,25
1,GET,335,27
1,GET,337,29
1,GET,339,19
1,GET,341,19
1,GET,343,24
1,GET,345,26
1,GET,347,25
1,GET,349,22
1,GET,351,21
1,GET,353,17
1,GET,355,25
1,GET,357,25
1,GET,359,22
1,GET,361,19
1,GET,363,15
1,GET,365,15
1,GET,367,17
1,GET,369,8
1,GET,371,12
1,GET,373,19
1,GET,375,17
1,GET,377,13
1,GET,379,15
1,GET,381,11
1,GET,383,11
1,GET,385,8
1,GET,387,13
1,GET,389,11
1,GET,391,5
1,GET,393,7
1,GET,395,7
1,GET,397,5
1,GET,399,9
1,GET,401,5
1,GET,403,5
1,GET,405,6
1,GET,407,6
1,GET,409,9
1,GET,411,6
1,GET,413,5
1,GET,415,8
1,GET,417,9
1,GET,419,8
1,GET,421,4
1,GET,423,2
1,GET,425,3
1,GET,427,9
1,GET,429,1
1,GET,431,3
1,GET,433,6
1,GET,437,6
1,GET,439,5
1,GET,441,5
1,GET,443,5
1,GET,445,7
1,GET,447,3
1,GET,449,2
1,GET,451,8
1,GET,453,3
1,GET,455,2
1,GET,457,4
1,GET,459,3
1,GET,461,6
1,GET,463,4
1,GET,465,3
1,GET,467,2
1,GET,469,1
1,GET,471,5
1,GET,473,5
1,GET,475,5
1,GET,477,1
1,GET,481,2
1,GET,483,4
1,GET,485,3
1,GET,487,1
1,GET,489,2
1,GET,491,4
1,GET,493,4
1,GET,495,2
1,GET,497,1
1,GET,499,5
1,GET,501,2
1,GET,503,5
1,GET,505,4
1,GET,507,2
1,GET,509,2
1,GET,511,8
1,GET,515,4
1,GET,519,4
1,GET,523,6
1,GET,527,3
1,GET,531,2
1,GET,535,6
1,GET,539,4
1,GET,543,4
1,GET,547,1
1,GET,551,4
1,GET,555,5
1,GET,559,5
1,GET,563,3
1,GET,567,4
1,GET,571,3
1,GET,575,2
1,GET,579,1
1,GET,583,4
1,GET,587,1
1,GET,591,5
1,GET,595,1
1,GET,603,2
1,GET,607,1
1,GET,611,4
1,GET,615,2
1,GET,619,5
1,GET,623,2
1,GET,627,3
1,GET,631,3
1,GET,635,2
1,GET,639,6
1,GET,643,5
1,GET,647,2
1,GET,651,1
1,GET,655,3
1,GET,659,2
1,GET,663,1
1,GET,667,2
1,GET,671,1
1,GET,675,3
1,GET,679,6
1,GET,683,7
1,GET,687,5
1,GET,691,1
1,GET,695,2
1,GET,699,2
1,GET,703,3
1,GET,707,3
1,GET,711,5
1,GET,715,1
1,GET,719,1
1,GET,723,4
1,GET,727,1
1,GET,731,1
1,GET,735,1
1,GET,739,1
1,GET,743,2
1,GET,751,1
1,GET,763,1
1,GET,767,2
1,GET,771,1
1,GET,775,1
1,GET,779,1
1,GET,783,1
1,GET,791,1
1,GET,795,2
1,GET,803,1
1,GET,807,1
1,GET,815,1
1,GET,819,3
1,GET,823,1
1,GET,827,1
1,GET,831,1
1,GET,855,2
1,GET,863,3
1,GET,875,1
1,GET,883,1
1,GET,887,1
1,GET,899,2
1,GET,903,2
1,GET,915,2
1,GET,919,2
1,GET,943,1
1,GET,947,1
1,GET,955,1
1,GET,971,1
1,GET,975,1
1,GET,979,1
1,GET,983,2
1,GET,999,1
1,GET,1011,1
1,GET,1031,1
1,GET,1039,2
1,GET,1047,1
1,GET,1071,1
1,GET,1079,2
1,GET,1087,2
1,GET,1095,1
1,GET,1103,1
1,GET,1111,1
1,GET,1119,1
1,GET,1127,1
1,GET,1159,2
1,GET,1175,1
1,GET,1183,2
1,GET,1199,1
1,GET,1207,3
1,GET,1215,2
1,GET,1239,1
1,GET,1247,2
1,GET,1263,1
1,GET,1271,2
1,GET,1311,1
1,GET,1351,2
1,GET,1359,1
1,GET,1383,1
1,GET,1415,2
1,GET,1423,1
1,GET,1439,2
1,GET,1527,1
1,GET,1575,1
1,GET,1655,1
1,GET,1687,1
1,GET,1695,1
1,GET,1703,1
1,GET,1719,1
1,GET,1743,1
1,GET,1767,2
1,GET,1815,1
1,GET,1839,1
1,GET,1847,1
1,GET,1911,1
1,GET,1927,1
1,GET,1935,1
1,GET,2031,1
1,GET,2079,1
1,GET,2111,1
1,GET,2175,1
1,GET,2255,1
1,GET,2351,1
1,GET,2383,1
1,GET,2415,1
1,GET,2447,1
1,GET,2495,1
1,GET,2687,1
1,GET,2735,1
1,GET,2831,1
1,GET,2863,1
1,GET,2911,1
1,SET,93,1
1,SET,94,3
1,SET,95,5
1,SET,96,5
1,SET,97,6
1,SET,98,10
1,SET,99,11
1,SET,100,22
1,SET,101,19
1,SET,102,26
1,SET,103,33
1,SET,104,36
1,SET,105,46
1,SET,106,53
1,SET,107,70
1,SET,108,62
1,SET,109,69
1,SET,110,87
1,SET,111,96
1,SET,112,125
1,SET,113,106
1,SET,114,111
1,SET,115,119
1,SET,116,148
1,SET,117,165
1,SET,118,191
1,SET,119,183
1,SET,120,210
1,SET,121,214
1,SET,122,230
1,SET,123,243
1,SET,124,246
1,SET,125,284
1,SET,126,286
1,SET,127,314
1,SET,128,294
1,SET,129,317
1,SET,130,340
1,SET,131,336
1,SET,132,350
1,SET,133,379
1,SET,134,378
1,SET,135,400
1,SET,136,388
1,SET,137,403
1,SET,138,402
1,SET,139,396
1,SET,140,452
1,SET,141,412
1,SET,142,467
1,SET,143,459
1,SET,144,407
1,SET,145,429
1,SET,146,445
1,SET,147,397
1,SET,148,463
1,SET,149,412
1,SET,150,425
1,SET,151,423
1,SET,152,406
1,SET,153,403
1,SET,154,408
1,SET,155,404
1,SET,156,407
1,SET,157,393
1,SET,158,397
1,SET,159,412
1,SET,160,397
1,SET,161,367
1,SET,162,366
1,SET,163,404
1,SET,164,427
1,SET,165,367
1,SET,166,409
1,SET,167,345
1,SET,168,339
1,SET,169,322
1,SET,170,366
1,SET,171,299
1,SET,172,289
1,SET,173,321
1,SET,174,292
1,SET,175,290
1,SET,176,316
1,SET,177,295
1,SET,178,249
1,SET,179,262
1,SET,180,250
1,SET,181,253
1,SET,182,238
1,SET,183,271
1,SET,184,251
1,SET,185,214
1,SET,186,204
1,SET,187,211
1,SET,188,215
1,SET,189,200
1,SET,190,188
1,SET,191,170
1,SET,192,160
1,SET,193,172
1,SET,194,164
1,SET,195,180
1,SET,196,165
1,SET,197,135
1,SET,198,143
1,SET,199,132
1,SET,200,123
1,SET,201,138
1,SET,202,127
1,SET,203,130
1,SET,204,124
1,SET,205,121
1,SET,206,112
1,SET,207,92
1,SET,208,106
1,SET,209,109
1,SET,210,101
1,SET,211,88
1,SET,212,113
1,SET,213,83
1,SET,214,68
1,SET,215,75
1,SET,216,85
1,SET,217,72
1,SET,218,81
1,SET,219,69
1,SET,220,65
1,SET,221,59
1,SET,222,69
1,SET,223,81
1,SET,224,60
1,SET,225,55
1,SET,226,49
1,SET,227,61
1,SET,228,44
1,SET,229,48
1,SET,230,54
1,SET,231,42
1,SET,232,35
1,SET,233,31
1,SET,234,38
1,SET,235,55
1,SET,236,43
1,SET,237,45
1,SET,238,41
1,SET,239,31
1,SET,240,39
1,SET,241,30
1,SET,242,21
1,SET,243,25
1,SET,244,20
1,SET,245,31
1,SET,246,19
1,SET,247,29
1,SET,248,29
1,SET,249,32
1,SET,250,15
1,SET,251,23
1,SET,252,21
1,SET,253,16
1,SET,254,15
1,SET,255,17
1,SET,257,36
1,SET,259,35
1,SET,261,24
1,SET,263,23
1,SET,265,25
1,SET,267,28
1,SET,269,20
1,SET,271,21
1,SET,273,12
1,SET,275,17
1,SET,277,19
1,SET,279,15
1,SET,281,14
1,SET,283,19
1,SET,285,13
1,SET,287,13
1,SET,289,8
1,SET,291,10
1,SET,293,9
1,SET,295,6
1,SET,297,6
1,SET,299,8
1,SET,301,11
1,SET,303,4
1,SET,305,8
1,SET,307,5
1,SET,309,9
1,SET,311,1
1,SET,313,11
1,SET,315,3
1,SET,317,1
1,SET,319,3
1,SET,321,6
1,SET,323,5
1,SET,325,3
1,SET,327,3
1,SET,329,6
1,SET,331,4
1,SET,333,1
1,SET,335,2
1,SET,337,3
1,SET,339,7
1,SET,341,3
1,SET,343,6
1,SET,345,2
1,SET,347,2
1,SET,349,1
1,SET,351,4
1,SET,355,3
1,SET,357,1
1,SET,359,3
1,SET,361,1
1,SET,367,1
1,SET,369,1
1,SET,371,1
1,SET,375,1
1,SET,377,1
1,SET,379,1
1,SET,383,1
1,SET,387,1
1,SET,389,1
1,SET,391,2
1,SET,393,3
1,SET,399,2
1,SET,401,1
1,SET,407,2
1,SET,409,1
1,SET,417,2
1,SET,419,2
1,SET,425,1
1,SET,433,1
1,SET,443,1
1,SET,445,1
1,SET,447,1
1,SET,467,1
1,SET,473,1
1,SET,477,1
1,SET,487,1
1,SET,515,1
1,SET,547,1
1,SET,551,1
1,SET,555,1
1,SET,567,2
1,SET,587,1
1,SET,635,1
1,SET,683,1
1,SET,763,1
1,SET,799,1
1,SET,887,1
1,SET,955,1
1,SET,1055,1
1,SET,1095,1
1,SET,1143,1
1,SET,1199,1
1,SET,1255,1
1,SET,1599,1
1,SET,1871,1
1,SET,2287,1
1,DEL,85,2
1,DEL,86,3
1,DEL,87,4
1,DEL,88,2
1,DEL,89,5
1,DEL,90,8
1,DEL,91,14
1,DEL,92,22
1,DEL,93,23
1,DEL,94,25
1,DEL,95,48
1,DEL,96,50
1,DEL,97,86
1,DEL,98,106
1,DEL,99,116
1,DEL,100,163
1,DEL,101,167
1,DEL,102,242
1,DEL,103,268
1,DEL,104,307
1,DEL,105,347
1,DEL,106,371
1,DEL,107,465
1,DEL,108,473
1,DEL,109,574
1,DEL,110,572
1,DEL,111,670
1,DEL,112,708
1,DEL,113,854
1,DEL,114,866
1,DEL,115,978
1,DEL,116,987
1,DEL,117,1134
1,DEL,118,1151
1,DEL,119,1261
1,DEL,120,1330
1,DEL,121,1373
1,DEL,122,1505
1,DEL,123,1554
1,DEL,124,1517
1,DEL,125,1646
1,DEL,126,1794
1,DEL,127,1825
1,DEL,128,1829
1,DEL,129,1908
1,DEL,130,1939
1,DEL,131,2016
1,DEL,132,2050
1,DEL,133,2061
1,DEL,134,2087
1,DEL,135,2127
1,DEL,136,2206
1,DEL,137,2115
1,DEL,138,2247
1,DEL,139,2319
1,DEL,140,2251
1,DEL,141,2302
1,DEL,142,2363
1,DEL,143,2305
1,DEL,144,2249
1,DEL,145,2219
1,DEL,146,2253
1,DEL,147,2230
1,DEL,148,2231
1,DEL,149,2177
1,DEL,150,2282
1,DEL,151,2225
1,DEL,152,2120
1,DEL,153,2223
1,DEL,154,2066
1,DEL,155,2018
1,DEL,156,1936
1,DEL,157,2038
1,DEL,158,2008
1,DEL,159,1971
1,DEL,160,1895
1,DEL,161,1773
1,DEL,162,1802
1,DEL,163,1701
1,DEL,164,1743
1,DEL,165,1633
1,DEL,166,1582
1,DEL,167,1539
1,DEL,168,1554
1,DEL,169,1497
1,DEL,170,1450
1,DEL,171,1431
1,DEL,172,1363
1,DEL,173,1317
1,DEL,174,1295
1,DEL,175,1305
1,DEL,176,1263
1,DEL,177,1226
1,DEL,178,1161
1,DEL,179,1158
1,DEL,180,1079
1,DEL,181,1056
1,DEL,182,1115
1,DEL,183,957
1,DEL,184,961
1,DEL,185,951
1,DEL,186,923
1,DEL,187,928
1,DEL,188,901
1,DEL,189,782
1,DEL,190,788
1,DEL,191,767
1,DEL,192,659
1,DEL,193,716
1,DEL,194,685
1,DEL,195,658
1,DEL,196,636
1,DEL,197,646
1,DEL,198,672
1,DEL,199,558
1,DEL,200,588
1,DEL,201,518
1,DEL,202,475
1,DEL,203,498
1,DEL,204,479
1,DEL,205,479
1,DEL,206,443
1,DEL,207,440
1,DEL,208,425
1,DEL,209,400
1,DEL,210,429
1,DEL,211,350
1,DEL,212,372
1,DEL,213,365
1,DEL,214,350
1,DEL,215,340
1,DEL,216,274
1,DEL,217,328
1,DEL,218,302
1,DEL,219,251
1,DEL,220,278
1,DEL,221,285
1,DEL,222,238
1,DEL,223,249
1,DEL,224,241
1,DEL,225,227
1,DEL,226,204
1,DEL,227,207
1,DEL,228,199
1,DEL,229,202
1,DEL,230,194
1,DEL,231,179
1,DEL,232,177
1,DEL,233,180
1,DEL,234,180
1,DEL,235,152
1,DEL,236,145
1,DEL,237,140
1,DEL,238,131
1,DEL,239,130
1,DEL,240,129
1,DEL,241,121
1,DEL,242,123
1,DEL,243,110
1,DEL,244,124
1,DEL,245,103
1,DEL,246,104
1,DEL,247,106
1,DEL,248,104
1,DEL,249,89
1,DEL,250,99
1,DEL,251,76
1,DEL,252,85
1,DEL,253,68
1,DEL,254,76
1,DEL,255,74
1,DEL,257,126
1,DEL,259,145
1,DEL,261,122
1,DEL,263,99
1,DEL,265,108
1,DEL,267,93
1,DEL,269,100
1,DEL,271,92
1,DEL,273,80
1,DEL,275,90
1,DEL,277,59
1,DEL,279,69
1,DEL,281,54
1,DEL,283,50
1,DEL,285,49
1,DEL,287,50
1,DEL,289,56
1,DEL,291,30
1,DEL,293,38
1,DEL,295,36
1,DEL,297,52
1,DEL,299,31
1,DEL,301,29
1,DEL,303,28
1,DEL,305,24
1,DEL,307,29
1,DEL,309,32
1,DEL,311,28
1,DEL,313,20
1,DEL,315,17
1,DEL,317,16
1,DEL,319,18
1,DEL,321,18
1,DEL,323,18
1,DEL,325,17
1,DEL,327,19
1,DEL,329,17
1,DEL,331,11
1,DEL,333,6
1,DEL,335,13
1,DEL,337,14
1,DEL,339,15
1,DEL,341,15
1,DEL,343,8
1,DEL,345,7
1,DEL,347,9
1,DEL,349,11
1,DEL,351,10
1,DEL,353,4
1,DEL,355,8
1,DEL,357,5
1,DEL,359,5
1,DEL,361,2
1,DEL,363,4
1,DEL,365,2
1,DEL,367,3
1,DEL,369,4
1,DEL,371,4
1,DEL,373,8
1,DEL,375,4
1,DEL,377,9
1,DEL,379,4
1,DEL,381,4
1,DEL,383,6
1,DEL,385,2
1,DEL,387,5
1,DEL,389,2
1,DEL,391,1
1,DEL,393,1
1,DEL,395,3
1,DEL,397,3
1,DEL,399,4
1,DEL,401,2
1,DEL,403,3
1,DEL,405,2
1,DEL,407,3
1,DEL,409,2
1,DEL,411,1
1,DEL,413,1
1,DEL,415,1
1,DEL,417,1
1,DEL,419,2
1,DEL,421,3
1,DEL,427,5
1,DEL,429,1
1,DEL,431,2
1,DEL,433,4
1,DEL,437,1
1,DEL,439,4
1,DEL,441,1
1,DEL,443,5
1,DEL,445,1
1,DEL,449,2
1,DEL,451,1
1,DEL,453,2
1,DEL,459,1
1,DEL,461,4
1,DEL,467,1
1,DEL,469,1
1,DEL,471,3
1,DEL,475,2
1,DEL,479,2
1,DEL,485,1
1,DEL,487,2
1,DEL,489,1
1,DEL,491,2
1,DEL,499,2
1,DEL,501,1
1,DEL,503,1
1,DEL,505,2
1,DEL,507,1
1,DEL,509,1
1,DEL,515,1
1,DEL,519,2
1,DEL,523,3
1,DEL,527,3
1,DEL,531,2
1,DEL,535,2
1,DEL,539,2
1,DEL,543,3
1,DEL,547,2
1,DEL,555,3
1,DEL,559,2
1,DEL,563,2
1,DEL,571,2
1,DEL,579,1
1,DEL,583,2
1,DEL,587,1
1,DEL,591,1
1,DEL,599,1
1,DEL,607,2
1,DEL,611,2
1,DEL,615,1
1,DEL,623,3
1,DEL,635,1
1,DEL,639,1
1,DEL,643,1
1,DEL,651,2
1,DEL,655,1
1,DEL,659,1
1,DEL,663,1
1,DEL,679,1
1,DEL,691,1
1,DEL,695,2
1,DEL,707,1
1,DEL,719,2
1,DEL,743,1
1,DEL,759,1
1,DEL,763,2
1,DEL,775,1
1,DEL,803,1
1,DEL,807,1
1,DEL,835,1
1,DEL,839,1
1,DEL,843,1
1,DEL,855,1
1,DEL,863,1
1,DEL,875,1
1,DEL,915,1
1,DEL,939,2
1,DEL,943,1
1,DEL,951,2
1,DEL,971,1
1,DEL,979,1
1,DEL,1039,2
1,DEL,1087,1
1,DEL,1103,1
1,DEL,1167,1
1,DEL,1215,1
1,DEL,1239,1
1,DEL,1311,1
1,DEL,1319,1
1,DEL,1511,1
1,DEL,1719,1
1,DEL,1783,1
1,DEL,1799,1
1,DEL,1823,1
1,DEL,1855,1
1,DEL,1887,1
1,DEL,2143,1
1,DEL,2367,1
1,DEL,2623,1
1,DEL,2863,1
1,DEL,3279,1
1,DEL,3615,1
2,DEL,83,1
2,DEL,87,2
2,DEL,88,2
2,DEL,89,4
2,DEL,90,8
2,DEL,91,4
2,DEL,92,14
2,DEL,93,14
2,DEL,94,23
2,DEL,95,21
2,DEL,96,48
2,DEL,97,43
2,DEL,98,80
2,DEL,99,92
2,DEL,100,135
2,DEL,101,176
2,DEL,102,182
2,DEL,103,209
2,DEL,104,287
2,DEL,105,297
2,DEL,106,373
2,DEL,107,400
2,DEL,108,463
2,DEL,109,511
2,DEL,110,579
2,DEL,111,649
2,DEL,112,690
2,DEL,113,756
2,DEL,114,814
2,DEL,115,922
2,DEL,116,942
2,DEL,117,1018
2,DEL,118,1112
2,DEL,119,1263
2,DEL,120,1346
2,DEL,121,1333
2,DEL,122,1535
2,DEL,123,1548
2,DEL,124,1652
2,DEL,125,1670
2,DEL,126,1699
2,DEL,127,1753
2,DEL,128,1855
2,DEL,129,1895
2,DEL,130,1914
2,DEL,131,1959
2,DEL,132,2056
2,DEL,133,2146
2,DEL,134,2210
2,DEL,135,2164
2,DEL,136,2105
2,DEL,137,2242
2,DEL,138,2202
2,DEL,139,2284
2,DEL,140,2220
2,DEL,141,2339
2,DEL,142,2280
2,DEL,143,2326
2,DEL,144,2301
2,DEL,145,2344
2,DEL,146,2274
2,DEL,147,2307
2,DEL,148,2281
2,DEL,149,2319
2,DEL,150,2290
2,DEL,151,2264
2,DEL,152,2165
2,DEL,153,2118
2,DEL,154,2144
2,DEL,155,2133
2,DEL,156,2145
2,DEL,157,2026
2,DEL,158,1965
2,DEL,159,1931
2,DEL,160,1917
2,DEL,161,1816
2,DEL,162,1769
2,DEL,163,1780
2,DEL,164,1635
2,DEL,165,1630
2,DEL,166,1650
2,DEL,167,1584
2,DEL,168,1586
2,DEL,169,1489
2,DEL,170,1526
2,DEL,171,1408
2,DEL,172,1405
2,DEL,173,1390
2,DEL,174,1375
2,DEL,175,1265
2,DEL,176,1247
2,DEL,177,1239
2,DEL,178,1211
2,DEL,179,1080
2,DEL,180,1104
2,DEL,181,1124
2,DEL,182,1083
2,DEL,183,1062
2,DEL,184,958
2,DEL,185,965
2,DEL,186,935
2,DEL,187,887
2,DEL,188,896
2,DEL,189,827
2,DEL,190,790
2,DEL,191,735
2,DEL,192,698
2,DEL,193,749
2,DEL,194,677
2,DEL,195,695
2,DEL,196,671
2,DEL,197,631
2,DEL,198,571
2,DEL,199,578
2,DEL,200,571
2,DEL,201,517
2,DEL,202,546
2,DEL,203,470
2,DEL,204,487
2,DEL,205,513
2,DEL,206,416
2,DEL,207,447
2,DEL,208,438
2,DEL,209,384
2,DEL,210,340
2,DEL,211,352
2,DEL,212,338
2,DEL,213,385
2,DEL,214,330
2,DEL,215,325
2,DEL,216,320
2,DEL,217,325
2,DEL,218,248
2,DEL,219,284
2,DEL,220,244
2,DEL,221,237
2,DEL,222,234
2,DEL,223,212
2,DEL,224,244
2,DEL,225,227
2,DEL,226,230
2,DEL,227,199
2,DEL,228,231
2,DEL,229,191
2,DEL,230,182
2,DEL,231,183
2,DEL,232,191
2,DEL,233,149
2,DEL,234,139
2,DEL,235,157
2,DEL,236,143
2,DEL,237,134
2,DEL,238,119
2,DEL,239,157
2,DEL,240,118
2,DEL,241,130
2,DEL,242,130
2,DEL,243,138
2,DEL,244,112
2,DEL,245,112
2,DEL,246,113
2,DEL,247,91
2,DEL,248,104
2,DEL,249,107
2,DEL,250,83
2,DEL,251,89
2,DEL,252,81
2,DEL,253,83
2,DEL,254,83
2,DEL,255,90
2,DEL,257,140
2,DEL,259,130
2,DEL,261,125
2,DEL,263,123
2,DEL,265,112
2,DEL,267,89
2,DEL,269,81
2,DEL,271,92
2,DEL,273,81
2,DEL,275,66
2,DEL,277,85
2,DEL,279,69
2,DEL,281,56
2,DEL,283,57
2,DEL,285,58
2,DEL,287,51
2,DEL,289,49
2,DEL,291,48
2,DEL,293,33
2,DEL,295,36
2,DEL,297,37
2,DEL,299,25
2,DEL,301,22
2,DEL,303,22
2,DEL,305,26
2,DEL,307,23
2,DEL,309,22
2,DEL,311,23
2,DEL,313,23
2,DEL,315,17
2,DEL,317,22
2,DEL,319,15
2,DEL,321,18
2,DEL,323,12
2,DEL,325,13
2,DEL,327,13
2,DEL,329,21
2,DEL,331,7
2,DEL,333,14
2,DEL,335,17
2,DEL,337,18
2,DEL,339,6
2,DEL,341,8
2,DEL,343,17
2,DEL,345,7
2,DEL,347,3
2,DEL,349,5
2,DEL,351,6
2,DEL,353,7
2,DEL,355,8
2,DEL,357,3
2,DEL,359,4
2,DEL,361,2
2,DEL,363,11
2,DEL,365,4
2,DEL,367,4
2,DEL,369,3
2,DEL,371,2
2,DEL,373,3
2,DEL,375,2
2,DEL,377,5
2,DEL,379,4
2,DEL,381,2
2,DEL,383,4
2,DEL,385,4
2,DEL,387,1
2,DEL,389,1
2,DEL,391,1
2,DEL,393,6
2,DEL,395,1
2,DEL,397,3
2,DEL,399,1
2,DEL,401,5
2,DEL,403,4
2,DEL,405,4
2,DEL,409,1
2,DEL,411,4
2,DEL,413,3
2,DEL,415,2
2,DEL,417,1
2,DEL,421,1
2,DEL,423,3
2,DEL,425,1
2,DEL,429,2
2,DEL,431,1
2,DEL,435,1
2,DEL,437,3
2,DEL,439,1
2,DEL,443,1
2,DEL,445,1
2,DEL,447,2
2,DEL,449,1
2,DEL,451,1
2,DEL,453,1
2,DEL,455,1
2,DEL,457,2
2,DEL,459,2
2,DEL,463,2
2,DEL,465,2
2,DEL,467,2
2,DEL,469,2
2,DEL,473,1
2,DEL,475,2
2,DEL,477,1
2,DEL,487,1
2,DEL,489,1
2,DEL,491,1
2,DEL,495,1
2,DEL,497,1
2,DEL,509,1
2,DEL,511,1
2,DEL,515,1
2,DEL,527,1
2,DEL,531,3
2,DEL,535,1
2,DEL,543,1
2,DEL,547,2
2,DEL,551,1
2,DEL,555,3
2,DEL,559,2
2,DEL,563,1
2,DEL,567,2
2,DEL,575,1
2,DEL,583,1
2,DEL,587,4
2,DEL,595,1
2,DEL,599,1
2,DEL,607,1
2,DEL,611,1
2,DEL,619,1
2,DEL,623,1
2,DEL,627,1
2,DEL,631,1
2,DEL,635,1
2,DEL,643,1
2,DEL,647,1
2,DEL,651,2
2,DEL,667,1
2,DEL,671,1
2,DEL,675,1
2,DEL,683,2
2,DEL,695,1
2,DEL,703,1
2,DEL,715,2
2,DEL,727,1
2,DEL,739,1
2,DEL,763,2
2,DEL,775,1
2,DEL,787,1
2,DEL,795,1
2,DEL,807,2
2,DEL,811,1
2,DEL,815,1
2,DEL,843,1
2,DEL,855,1
2,DEL,863,1
2,DEL,871,1
2,DEL,875,2
2,DEL,879,1
2,DEL,883,1
2,DEL,903,1
2,DEL,919,1
2,DEL,943,1
2,DEL,1011,1
2,DEL,1031,1
2,DEL,1047,1
2,DEL,1087,1
2,DEL,1127,1
2,DEL,1183,1
2,DEL,1335,1
2,DEL,1367,1
2,DEL,1535,1
2,DEL,1559,1
2,DEL,1783,1
2,DEL,2007,1
2,DEL,2079,1
2,DEL,2127,1
2,DEL,2511,1
2,GET,83,2
2,GET,85,1
2,GET,86,5
2,GET,87,5
2,GET,88,9
2,GET,89,8
2,GET,90,27
2,GET,91,29
2,GET,92,32
2,GET,93,45
2,GET,94,77
2,GET,95,106
2,GET,96,148
2,GET,97,210
2,GET,98,265
2,GET,99,325
2,GET,100,422
2,GET,101,488
2,GET,102,611
2,GET,103,687
2,GET,104,797
2,GET,105,916
2,GET,106,1036
2,GET,107,1167
2,GET,108,1325
2,GET,109,1591
2,GET,110,1699
2,GET,111,1930
2,GET,112,2134
2,GET,113,2333
2,GET,114,2542
2,GET,115,2794
2,GET,116,2941
2,GET,117,3159
2,GET,118,3293
2,GET,119,3625
2,GET,120,3744
2,GET,121,3985
2,GET,122,4182
2,GET,123,4291
2,GET,124,4717
2,GET,125,4887
2,GET,126,4945
2,GET,127,5144
2,GET,128,5564
2,GET,129,5441
2,GET,130,5570
2,GET,131,5715
2,GET,132,5916
2,GET,133,5928
2,GET,134,6161
2,GET,135,6172
2,GET,136,6285
2,GET,137,6230
2,GET,138,6479
2,GET,139,6377
2,GET,140,6473
2,GET,141,6604
2,GET,142,6460
2,GET,143,6396
2,GET,144,6491
2,GET,145,6371
2,GET,146,6422
2,GET,147,6495
2,GET,148,6288
2,GET,149,6358
2,GET,150,6392
2,GET,151,6194
2,GET,152,6074
2,GET,153,5886
2,GET,154,5830
2,GET,155,5816
2,GET,156,5570
2,GET,157,5503
2,GET,158,5394
2,GET,159,5349
2,GET,160,5195
2,GET,161,5225
2,GET,162,4969
2,GET,163,4911
2,GET,164,4683
2,GET,165,4524
2,GET,166,4501
2,GET,167,4511
2,GET,168,4334
2,GET,169,4135
2,GET,170,4005
2,GET,171,3981
2,GET,172,3921
2,GET,173,3755
2,GET,174,3669
2,GET,175,3414
2,GET,176,3434
2,GET,177,3363
2,GET,178,3204
2,GET,179,3120
2,GET,180,3055
2,GET,181,2849
2,GET,182,2816
2,GET,183,2717
2,GET,184,2583
2,GET,185,2539
2,GET,186,2494
2,GET,187,2419
2,GET,188,2209
2,GET,189,2274
2,GET,190,2198
2,GET,191,2052
2,GET,192,2041
2,GET,193,1957
2,GET,194,1863
2,GET,195,1733
2,GET,196,1772
2,GET,197,1726
2,GET,198,1606
2,GET,199,1558
2,GET,200,1685
2,GET,201,1489
2,GET,202,1411
2,GET,203,1392
2,GET,204,1263
2,GET,205,1274
2,GET,206,1207
2,GET,207,1163
2,GET,208,1208
2,GET,209,1002
2,GET,210,1072
2,GET,211,1027
2,GET,212,947
2,GET,213,951
2,GET,214,876
2,GET,215,869
2,GET,216,813
2,GET,217,812
2,GET,218,754
2,GET,219,691
2,GET,220,686
2,GET,221,647
2,GET,222,683
2,GET,223,641
2,GET,224,663
2,GET,225,636
2,GET,226,542
2,GET,227,518
2,GET,228,562
2,GET,229,557
2,GET,230,500
2,GET,231,466
2,GET,232,483
2,GET,233,473
2,GET,234,445
2,GET,235,416
2,GET,236,412
2,GET,237,382
2,GET,238,394
2,GET,239,372
2,GET,240,347
2,GET,241,356
2,GET,242,349
2,GET,243,326
2,GET,244,316
2,GET,245,321
2,GET,246,322
2,GET,247,273
2,GET,248,264
2,GET,249,241
2,GET,250,256
2,GET,251,238
2,GET,252,228
2,GET,253,220
2,GET,254,195
2,GET,255,222
2,GET,257,375
2,GET,259,363
2,GET,261,359
2,GET,263,357
2,GET,265,293
2,GET,267,285
2,GET,269,273
2,GET,271,209
2,GET,273,226
2,GET,275,219
2,GET,277,180
2,GET,279,183
2,GET,281,174
2,GET,283,159
2,GET,285,150
2,GET,287,139
2,GET,289,122
2,GET,291,130
2,GET,293,110
2,GET,295,105
2,GET,297,94
2,GET,299,83
2,GET,301,86
2,GET,303,79
2,GET,305,54
2,GET,307,77
2,GET,309,65
2,GET,311,68
2,GET,313,57
2,GET,315,53
2,GET,317,43
2,GET,319,56
2,GET,321,52
2,GET,323,45
2,GET,325,49
2,GET,327,47
2,GET,329,36
2,GET,331,38
2,GET,333,32
2,GET,335,23
2,GET,337,21
2,GET,339,30
2,GET,341,30
2,GET,343,23
2,GET,345,24
2,GET,347,21
2,GET,349,23
2,GET,351,13
2,GET,353,19
2,GET,355,23
2,GET,357,13
2,GET,359,17
2,GET,361,19
2,GET,363,10
2,GET,365,13
2,GET,367,10
2,GET,369,15
2,GET,371,17
2,GET,373,10
2,GET,375,4
2,GET,377,12
2,GET,379,13
2,GET,381,4
2,GET,383,12
2,GET,385,8
2,GET,387,10
2,GET,389,11
2,GET,391,4
2,GET,393,12
2,GET,395,7
2,GET,397,8
2,GET,399,5
2,GET,401,8
2,GET,403,10
2,GET,405,7
2,GET,407,5
2,GET,409,9
2,GET,411,7
2,GET,413,3
2,GET,415,7
2,GET,417,4
2,GET,419,6
2,GET,421,3
2,GET,423,4
2,GET,425,3
2,GET,427,5
2,GET,429,4
2,GET,431,7
2,GET,433,6
2,GET,435,3
2,GET,437,4
2,GET,439,3
2,GET,441,4
2,GET,443,4
2,GET,445,5
2,GET,447,3
2,GET,449,2
2,GET,451,1
2,GET,453,4
2,GET,455,9
2,GET,457,3
2,GET,459,3
2,GET,461,1
2,GET,463,3
2,GET,465,4
2,GET,467,2
2,GET,469,2
2,GET,471,1
2,GET,473,5
2,GET,475,2
2,GET,477,2
2,GET,479,1
2,GET,481,1
2,GET,483,1
2,GET,485,2
2,GET,487,1
2,GET,489,1
2,GET,491,2
2,GET,493,3
2,GET,495,1
2,GET,497,5
2,GET,499,1
2,GET,501,2
2,GET,503,2
2,GET,505,4
2,GET,509,1
2,GET,511,2
2,GET,519,6
2,GET,523,6
2,GET,527,3
2,GET,531,5
2,GET,535,7
2,GET,539,5
2,GET,543,1
2,GET,547,4
2,GET,551,4
2,GET,555,3
2,GET,559,2
2,GET,563,3
2,GET,567,4
2,GET,571,4
2,GET,575,3
2,GET,579,3
2,GET,583,8
2,GET,587,4
2,GET,591,7
2,GET,595,4
2,GET,599,7
2,GET,603,3
2,GET,607,1
2,GET,611,1
2,GET,615,5
2,GET,619,2
2,GET,623,2
2,GET,627,4
2,GET,631,3
2,GET,635,3
2,GET,639,6
2,GET,643,5
2,GET,647,1
2,GET,651,8
2,GET,659,3
2,GET,663,3
2,GET,667,1
2,GET,671,2
2,GET,675,2
2,GET,679,4
2,GET,683,1
2,GET,687,3
2,GET,691,5
2,GET,695,1
2,GET,699,1
2,GET,703,1
2,GET,707,3
2,GET,715,1
2,GET,719,4
2,GET,723,2
2,GET,727,3
2,GET,731,1
2,GET,743,2
2,GET,747,2
2,GET,751,1
2,GET,755,2
2,GET,759,1
2,GET,763,2
2,GET,767,1
2,GET,771,2
2,GET,783,1
2,GET,803,4
2,GET,807,1
2,GET,811,1
2,GET,815,1
2,GET,835,2
2,GET,839,3
2,GET,843,1
2,GET,855,1
2,GET,859,1
2,GET,863,1
2,GET,867,1
2,GET,871,1
2,GET,911,2
2,GET,915,1
2,GET,919,1
2,GET,927,3
2,GET,935,1
2,GET,939,1
2,GET,943,2
2,GET,947,1
2,GET,971,2
2,GET,975,1
2,GET,991,1
2,GET,999,3
2,GET,1003,1
2,GET,1007,1
2,GET,1011,2
2,GET,1015,1
2,GET,1023,1
2,GET,1039,1
2,GET,1047,3
2,GET,1055,2
2,GET,1063,2
2,GET,1071,1
2,GET,1079,3
2,GET,1087,1
2,GET,1095,2
2,GET,1103,1
2,GET,1127,1
2,GET,1143,1
2,GET,1167,2
2,GET,1183,1
2,GET,1199,1
2,GET,1223,1
2,GET,1263,1
2,GET,1303,1
2,GET,1319,2
2,GET,1327,1
2,GET,1383,1
2,GET,1471,1
2,GET,1495,1
2,GET,1511,2
2,GET,1527,1
2,GET,1607,1
2,GET,1639,1
2,GET,1687,1
2,GET,1735,1
2,GET,1751,1
2,GET,1767,1
2,GET,1839,1
2,GET,1879,1
2,GET,1935,1
2,GET,1943,1
2,GET,2079,1
2,GET,2095,1
2,GET,2287,1
2,GET,2303,1
2,GET,2319,1
2,GET,2415,1
2,GET,2447,1
2,GET,2703,1
2,GET,2735,1
2,GET,2927,1
2,GET,3151,1
2,GET,3263,1
2,GET,4351,1
2,SET,92,1
2,SET,94,2
2,SET,95,4
2,SET,96,5
2,SET,97,7
2,SET,98,7
2,SET,99,10
2,SET,100,14
2,SET,101,16
2,SET,102,25
2,SET,103,25
2,SET,104,25
2,SET,105,43
2,SET,106,41
2,SET,107,48
2,SET,108,57
2,SET,109,60
2,SET,110,64
2,SET,111,99
2,SET,112,105
2,SET,113,111
2,SET,114,94
2,SET,115,122
2,SET,116,145
2,SET,117,156
2,SET,118,179
2,SET,119,159
2,SET,120,186
2,SET,121,194
2,SET,122,244
2,SET,123,251
2,SET,124,261
2,SET,125,273
2,SET,126,278
2,SET,127,280
2,SET,128,330
2,SET,129,301
2,SET,130,320
2,SET,131,337
2,SET,132,372
2,SET,133,376
2,SET,134,357
2,SET,135,393
2,SET,136,411
2,SET,137,375
2,SET,138,416
2,SET,139,387
2,SET,140,386
2,SET,141,435
2,SET,142,458
2,SET,143,422
2,SET,144,461
2,SET,145,423
2,SET,146,473
2,SET,147,446
2,SET,148,474
2,SET,149,437
2,SET,150,491
2,SET,151,410
2,SET,152,422
2,SET,153,440
2,SET,154,474
2,SET,155,440
2,SET,156,379
2,SET,157,472
2,SET,158,413
2,SET,159,418
2,SET,160,409
2,SET,161,416
2,SET,162,384
2,SET,163,419
2,SET,164,359
2,SET,165,365
2,SET,166,312
2,SET,167,320
2,SET,168,336
2,SET,169,333
2,SET,170,327
2,SET,171,297
2,SET,172,309
2,SET,173,293
2,SET,174,284
2,SET,175,281
2,SET,176,278
2,SET,177,298
2,SET,178,276
2,SET,179,272
2,SET,180,263
2,SET,181,228
2,SET,182,279
2,SET,183,219
2,SET,184,246
2,SET,185,224
2,SET,186,178
2,SET,187,221
2,SET,188,185
2,SET,189,197
2,SET,190,197
2,SET,191,191
2,SET,192,152
2,SET,193,162
2,SET,194,173
2,SET,195,144
2,SET,196,149
2,SET,197,151
2,SET,198,158
2,SET,199,127
2,SET,200,146
2,SET,201,142
2,SET,202,128
2,SET,203,140
2,SET,204,118
2,SET,205,113
2,SET,206,125
2,SET,207,105
2,SET,208,111
2,SET,209,99
2,SET,210,77
2,SET,211,81
2,SET,212,86
2,SET,213,85
2,SET,214,85
2,SET,215,79
2,SET,216,80
2,SET,217,80
2,SET,218,83
2,SET,219,65
2,SET,220,76
2,SET,221,68
2,SET,222,60
2,SET,223,60
2,SET,224,69
2,SET,225,53
2,SET,226,54
2,SET,227,61
2,SET,228,49
2,SET,229,45
2,SET,230,41
2,SET,231,57
2,SET,232,44
2,SET,233,36
2,SET,234,39
2,SET,235,42
2,SET,236,34
2,SET,237,27
2,SET,238,28
2,SET,239,26
2,SET,240,28
2,SET,241,29
2,SET,242,39
2,SET,243,30
2,SET,244,34
2,SET,245,20
2,SET,246,34
2,SET,247,19
2,SET,248,18
2,SET,249,26
2,SET,250,16
2,SET,251,26
2,SET,252,22
2,SET,253,18
2,SET,254,21
2,SET,255,23
2,SET,257,47
2,SET,259,28
2,SET,261,32
2,SET,263,24
2,SET,265,28
2,SET,267,24
2,SET,269,27
2,SET,271,16
2,SET,273,19
2,SET,275,21
2,SET,277,21
2,SET,279,21
2,SET,281,22
2,SET,283,8
2,SET,285,12
2,SET,287,14
2,SET,289,9
2,SET,291,8
2,SET,293,11
2,SET,295,11
2,SET,297,7
2,SET,299,8
2,SET,301,12
2,SET,303,8
2,SET,305,8
2,SET,307,3
2,SET,309,8
2,SET,311,6
2,SET,313,6
2,SET,315,7
2,SET,317,2
2,SET,319,8
2,SET,321,4
2,SET,323,3
2,SET,325,6
2,SET,327,4
2,SET,329,5
2,SET,331,5
2,SET,333,5
2,SET,335,1
2,SET,337,4
2,SET,339,2
2,SET,341,3
2,SET,343,2
2,SET,345,2
2,SET,349,2
2,SET,351,2
2,SET,353,3
2,SET,355,2
2,SET,357,1
2,SET,359,1
2,SET,363,2
2,SET,365,3
2,SET,367,2
2,SET,369,1
2,SET,371,2
2,SET,373,1
2,SET,375,1
2,SET,377,2
2,SET,379,2
2,SET,385,1
2,SET,387,2
2,SET,389,1
2,SET,391,1
2,SET,395,1
2,SET,397,2
2,SET,407,1
2,SET,409,1
2,SET,413,1
2,SET,417,2
2,SET,419,1
2,SET,423,1
2,SET,431,1
2,SET,439,1
2,SET,441,1
2,SET,453,1
2,SET,481,1
2,SET,487,1
2,SET,505,1
2,SET,519,1
2,SET,523,2
2,SET,535,1
2,SET,539,1
2,SET,547,1
2,SET,563,1
2,SET,619,1
2,SET,683,1
2,SET,731,1
2,SET,759,1
2,SET,799,1
2,SET,859,1
2,SET,991,1
2,SET,1127,1
2,SET,1135,1
2,SET,1183,1
3,DEL,83,2
3,DEL,84,2
3,DEL,85,1
3,DEL,86,2
3,DEL,87,2
3,DEL,88,6
3,DEL,89,3
3,DEL,90,5
3,DEL,91,7
3,DEL,92,11
3,DEL,93,20
3,DEL,94,23
3,DEL,95,30
3,DEL,96,34
3,DEL,97,61
3,DEL,98,79
3,DEL,99,123
3,DEL,100,112
3,DEL,101,147
3,DEL,102,179
3,DEL,103,202
3,DEL,104,257
3,DEL,105,265
3,DEL,106,308
3,DEL,107,363
3,DEL,108,408
3,DEL,109,488
3,DEL,110,497
3,DEL,111,524
3,DEL,112,603
3,DEL,113,665
3,DEL,114,746
3,DEL,115,798
3,DEL,116,852
3,DEL,117,908
3,DEL,118,1003
3,DEL,119,1115
3,DEL,120,1160
3,DEL,121,1243
3,DEL,122,1280
3,DEL,123,1381
3,DEL,124,1487
3,DEL,125,1510
3,DEL,126,1586
3,DEL,127,1647
3,DEL,128,1663
3,DEL,129,1717
3,DEL,130,1798
3,DEL,131,1911
3,DEL,132,1941
3,DEL,133,2014
3,DEL,134,1977
3,DEL,135,2022
3,DEL,136,2016
3,DEL,137,2119
3,DEL,138,2143
3,DEL,139,2170
3,DEL,140,2149
3,DEL,141,2125
3,DEL,142,2208
3,DEL,143,2294
3,DEL,144,2218
3,DEL,145,2345
3,DEL,146,2311
3,DEL,147,2195
3,DEL,148,2216
3,DEL,149,2249
3,DEL,150,2262
3,DEL,151,2222
3,DEL,152,2076
3,DEL,153,2142
3,DEL,154,2110
3,DEL,155,2018
3,DEL,156,2051
3,DEL,157,1944
3,DEL,158,1936
3,DEL,159,1937
3,DEL,160,1933
3,DEL,161,1897
3,DEL,162,1816
3,DEL,163,1775
3,DEL,164,1814
3,DEL,165,1726
3,DEL,166,1752
3,DEL,167,1673
3,DEL,168,1619
3,DEL,169,1617
3,DEL,170,1595
3,DEL,171,1565
3,DEL,172,1499
3,DEL,173,1465
3,DEL,174,1434
3,DEL,175,1376
3,DEL,176,1329
3,DEL,177,1256
3,DEL,178,1280
3,DEL,179,1253
3,DEL,180,1176
3,DEL,181,1151
3,DEL,182,1112
3,DEL,183,1044
3,DEL,184,1026
3,DEL,185,1013
3,DEL,186,994
3,DEL,187,954
3,DEL,188,934
3,DEL,189,893
3,DEL,190,839
3,DEL,191,862
3,DEL,192,807
3,DEL,193,763
3,DEL,194,708
3,DEL,195,742
3,DEL,196,692
3,DEL,197,691
3,DEL,198,683
3,DEL,199,631
3,DEL,200,600
3,DEL,201,578
3,DEL,202,558
3,DEL,203,593
3,DEL,204,522
3,DEL,205,525
3,DEL,206,520
3,DEL,207,468
3,DEL,208,471
3,DEL,209,486
3,DEL,210,440
3,DEL,211,432
3,DEL,212,417
3,DEL,213,361
3,DEL,214,392
3,DEL,215,346
3,DEL,216,348
3,DEL,217,317
3,DEL,218,348
3,DEL,219,306
3,DEL,220,298
3,DEL,221,297
3,DEL,222,316
3,DEL,223,230
3,DEL,224,275
3,DEL,225,241
3,DEL,226,244
3,DEL,227,235
3,DEL,228,234
3,DEL,229,230
3,DEL,230,222
3,DEL,231,200
3,DEL,232,212
3,DEL,233,202
3,DEL,234,203
3,DEL,235,197
3,DEL,236,168
3,DEL,237,151
3,DEL,238,153
3,DEL,239,150
3,DEL,240,133
3,DEL,241,137
3,DEL,242,141
3,DEL,243,148
3,DEL,244,141
3,DEL,245,110
3,DEL,246,107
3,DEL,247,111
3,DEL,248,111
3,DEL,249,110
3,DEL,250,103
3,DEL,251,110
3,DEL,252,100
3,DEL,253,99
3,DEL,254,104
3,DEL,255,85
3,DEL,257,141
3,DEL,259,133
3,DEL,261,124
3,DEL,263,130
3,DEL,265,106
3,DEL,267,109
3,DEL,269,99
3,DEL,271,109
3,DEL,273,88
3,DEL,275,86
3,DEL,277,83
3,DEL,279,71
3,DEL,281,69
3,DEL,283,64
3,DEL,285,53
3,DEL,287,61
3,DEL,289,55
3,DEL,291,56
3,DEL,293,35
3,DEL,295,49
3,DEL,297,39
3,DEL,299,44
3,DEL,301,30
3,DEL,303,29
3,DEL,305,33
3,DEL,307,27
3,DEL,309,28
3,DEL,311,34
3,DEL,313,28
3,DEL,315,23
3,DEL,317,20
3,DEL,319,18
3,DEL,321,29
3,DEL,323,13
3,DEL,325,15
3,DEL,327,15
3,DEL,329,24
3,DEL,331,13
3,DEL,333,13
3,DEL,335,19
3,DEL,337,12
3,DEL,339,19
3,DEL,341,9
3,DEL,343,6
3,DEL,345,14
3,DEL,347,8
3,DEL,349,9
3,DEL,351,12
3,DEL,353,12
3,DEL,355,6
3,DEL,357,9
3,DEL,359,5
3,DEL,361,7
3,DEL,363,4
3,DEL,365,6
3,DEL,367,5
3,DEL,369,4
3,DEL,371,4
3,DEL,373,4
3,DEL,375,4
3,DEL,377,7
3,DEL,379,5
3,DEL,381,7
3,DEL,383,3
3,DEL,385,6
3,DEL,387,4
3,DEL,389,4
3,DEL,391,3
3,DEL,393,4
3,DEL,395,5
3,DEL,397,2
3,DEL,399,4
3,DEL,401,2
3,DEL,403,6
3,DEL,405,1
3,DEL,407,8
3,DEL,409,4
3,DEL,411,4
3,DEL,413,2
3,DEL,415,5
3,DEL,417,4
3,DEL,419,2
3,DEL,421,1
3,DEL,423,3
3,DEL,425,1
3,DEL,427,3
3,DEL,429,5
3,DEL,431,5
3,DEL,433,3
3,DEL,435,1
3,DEL,437,3
3,DEL,439,1
3,DEL,443,2
3,DEL,445,1
3,DEL,447,4
3,DEL,449,2
3,DEL,453,3
3,DEL,455,2
3,DEL,461,1
3,DEL,463,2
3,DEL,467,2
3,DEL,469,3
3,DEL,473,3
3,DEL,477,3
3,DEL,481,1
3,DEL,483,1
3,DEL,485,2
3,DEL,491,1
3,DEL,493,1
3,DEL,495,1
3,DEL,499,1
3,DEL,501,2
3,DEL,507,2
3,DEL,509,1
3,DEL,511,2
3,DEL,515,6
3,DEL,519,2
3,DEL,523,6
3,DEL,527,1
3,DEL,535,2
3,DEL,539,1
3,DEL,543,2
3,DEL,547,3
3,DEL,551,2
3,DEL,555,1
3,DEL,563,1
3,DEL,567,2
3,DEL,575,2
3,DEL,579,3
3,DEL,583,1
3,DEL,591,1
3,DEL,595,6
3,DEL,599,1
3,DEL,603,1
3,DEL,607,2
3,DEL,611,1
3,DEL,615,2
3,DEL,623,3
3,DEL,627,2
3,DEL,631,1
3,DEL,635,1
3,DEL,639,1
3,DEL,643,1
3,DEL,647,3
3,DEL,651,2
3,DEL,655,2
3,DEL,659,1
3,DEL,667,1
3,DEL,675,1
3,DEL,687,1
3,DEL,699,1
3,DEL,703,1
3,DEL,707,1
3,DEL,715,1
3,DEL,727,2
3,DEL,735,1
3,DEL,739,3
3,DEL,743,1
3,DEL,767,2
3,DEL,775,1
3,DEL,795,2
3,DEL,807,2
3,DEL,819,1
3,DEL,839,1
3,DEL,843,1
3,DEL,879,2
3,DEL,911,1
3,DEL,939,1
3,DEL,959,1
3,DEL,967,1
3,DEL,971,1
3,DEL,991,1
3,DEL,995,1
3,DEL,999,1
3,DEL,1019,1
3,DEL,1031,1
3,DEL,1047,1
3,DEL,1143,1
3,DEL,1175,1
3,DEL,1279,1
3,DEL,1303,2
3,DEL,1383,1
3,DEL,1415,1
3,DEL,1495,1
3,DEL,1679,1
3,DEL,1783,1
3,DEL,1799,1
3,DEL,1919,1
3,DEL,1975,1
3,DEL,2079,1
3,DEL,2159,1
3,DEL,2767,1
3,DEL,2815,1
3,DEL,2863,1
3,DEL,2911,1
3,SET,88,1
3,SET,89,1
3,SET,92,1
3,SET,94,4
3,SET,96,1
3,SET,97,11
3,SET,98,7
3,SET,99,9
3,SET,100,12
3,SET,101,17
3,SET,102,23
3,SET,103,21
3,SET,104,31
3,SET,105,32
3,SET,106,38
3,SET,107,55
3,SET,108,49
3,SET,109,53
3,SET,110,58
3,SET,111,73
3,SET,112,114
3,SET,113,90
3,SET,114,90
3,SET,115,102
3,SET,116,113
3,SET,117,145
3,SET,118,163
3,SET,119,158
3,SET,120,180
3,SET,121,207
3,SET,122,213
3,SET,123,206
3,SET,124,220
3,SET,125,250
3,SET,126,248
3,SET,127,246
3,SET,128,295
3,SET,129,285
3,SET,130,284
3,SET,131,314
3,SET,132,345
3,SET,133,317
3,SET,134,352
3,SET,135,341
3,SET,136,345
3,SET,137,353
3,SET,138,396
3,SET,139,379
3,SET,140,409
3,SET,141,401
3,SET,142,434
3,SET,143,403
3,SET,144,425
3,SET,145,437
3,SET,146,418
3,SET,147,440
3,SET,148,446
3,SET,149,441
3,SET,150,455
3,SET,151,455
3,SET,152,405
3,SET,153,407
3,SET,154,402
3,SET,155,421
3,SET,156,366
3,SET,157,425
3,SET,158,377
3,SET,159,421
3,SET,160,389
3,SET,161,435
3,SET,162,421
3,SET,163,356
3,SET,164,422
3,SET,165,350
3,SET,166,388
3,SET,167,354
3,SET,168,333
3,SET,169,346
3,SET,170,353
3,SET,171,327
3,SET,172,305
3,SET,173,354
3,SET,174,316
3,SET,175,339
3,SET,176,289
3,SET,177,277
3,SET,178,286
3,SET,179,265
3,SET,180,280
3,SET,181,258
3,SET,182,290
3,SET,183,223
3,SET,184,256
3,SET,185,250
3,SET,186,222
3,SET,187,231
3,SET,188,192
3,SET,189,201
3,SET,190,191
3,SET,191,214
3,SET,192,189
3,SET,193,180
3,SET,194,196
3,SET,195,177
3,SET,196,173
3,SET,197,143
3,SET,198,181
3,SET,199,160
3,SET,200,133
3,SET,201,133
3,SET,202,150
3,SET,203,133
3,SET,204,136
3,SET,205,138
3,SET,206,132
3,SET,207,138
3,SET,208,113
3,SET,209,129
3,SET,210,118
3,SET,211,97
3,SET,212,114
3,SET,213,115
3,SET,214,95
3,SET,215,95
3,SET,216,78
3,SET,217,88
3,SET,218,93
3,SET,219,63
3,SET,220,83
3,SET,221,75
3,SET,222,61
3,SET,223,63
3,SET,224,58
3,SET,225,66
3,SET,226,69
3,SET,227,71
3,SET,228,50
3,SET,229,59
3,SET,230,58
3,SET,231,37
3,SET,232,47
3,SET,233,51
3,SET,234,53
3,SET,235,43
3,SET,236,47
3,SET,237,41
3,SET,238,43
3,SET,239,26
3,SET,240,48
3,SET,241,37
3,SET,242,37
3,SET,243,33
3,SET,244,34
3,SET,245,27
3,SET,246,45
3,SET,247,29
3,SET,248,23
3,SET,249,25
3,SET,250,35
3,SET,251,23
3,SET,252,28
3,SET,253,18
3,SET,254,21
3,SET,255,16
3,SET,257,47
3,SET,259,43
3,SET,261,39
3,SET,263,43
3,SET,265,35
3,SET,267,19
3,SET,269,27
3,SET,271,25
3,SET,273,23
3,SET,275,24
3,SET,277,28
3,SET,279,19
3,SET,281,19
3,SET,283,19
3,SET,285,16
3,SET,287,7
3,SET,289,15
3,SET,291,16
3,SET,293,10
3,SET,295,7
3,SET,297,13
3,SET,299,7
3,SET,301,10
3,SET,303,5
3,SET,305,5
3,SET,307,5
3,SET,309,7
3,SET,311,4
3,SET,313,4
3,SET,315,9
3,SET,317,1
3,SET,319,2
3,SET,321,4
3,SET,323,3
3,SET,325,5
3,SET,327,3
3,SET,329,4
3,SET,331,2
3,SET,333,4
3,SET,335,1
3,SET,337,2
3,SET,339,7
3,SET,341,4
3,SET,343,3
3,SET,345,2
3,SET,347,3
3,SET,349,4
3,SET,351,4
3,SET,353,2
3,SET,355,2
3,SET,357,1
3,SET,359,1
3,SET,361,2
3,SET,363,2
3,SET,365,3
3,SET,369,2
3,SET,371,3
3,SET,373,1
3,SET,375,2
3,SET,379,2
3,SET,381,1
3,SET,385,2
3,SET,387,1
3,SET,389,2
3,SET,393,1
3,SET,399,1
3,SET,403,1
3,SET,405,1
3,SET,407,2
3,SET,413,1
3,SET,415,1
3,SET,421,2
3,SET,427,1
3,SET,429,2
3,SET,455,1
3,SET,459,1
3,SET,465,1
3,SET,467,1
3,SET,471,1
3,SET,473,1
3,SET,475,1
3,SET,491,1
3,SET,527,1
3,SET,543,1
3,SET,547,1
3,SET,555,1
3,SET,571,2
3,SET,575,1
3,SET,587,1
3,SET,599,1
3,SET,623,1
3,SET,627,1
3,SET,635,1
3,SET,643,1
3,SET,651,1
3,SET,659,1
3,SET,671,1
3,SET,679,1
3,SET,687,1
3,SET,711,1
3,SET,735,1
3,SET,759,1
3,SET,763,1
3,SET,787,1
3,SET,799,2
3,SET,811,1
3,SET,839,1
3,SET,859,1
3,SET,1287,1
3,SET,1471,1
3,SET,2799,1
3,GET,81,1
3,GET,83,2
3,GET,85,4
3,GET,86,4
3,GET,87,11
3,GET,88,9
3,GET,89,14
3,GET,90,30
3,GET,91,32
3,GET,92,49
3,GET,93,60
3,GET,94,79
3,GET,95,122
3,GET,96,157
3,GET,97,153
3,GET,98,268
3,GET,99,297
3,GET,100,362
3,GET,101,462
3,GET,102,514
3,GET,103,603
3,GET,104,759
3,GET,105,878
3,GET,106,971
3,GET,107,1156
3,GET,108,1252
3,GET,109,1421
3,GET,110,1514
3,GET,111,1729
3,GET,112,1991
3,GET,113,2094
3,GET,114,2279
3,GET,115,2443
3,GET,116,2668
3,GET,117,2800
3,GET,118,3134
3,GET,119,3223
3,GET,120,3488
3,GET,121,3685
3,GET,122,3860
3,GET,123,4196
3,GET,124,4237
3,GET,125,4484
3,GET,126,4501
3,GET,127,4643
3,GET,128,4996
3,GET,129,5089
3,GET,130,5301
3,GET,131,5367
3,GET,132,5395
3,GET,133,5551
3,GET,134,5599
3,GET,135,5729
3,GET,136,5786
3,GET,137,6066
3,GET,138,6068
3,GET,139,6249
3,GET,140,6026
3,GET,141,6262
3,GET,142,6200
3,GET,143,6156
3,GET,144,6312
3,GET,145,6296
3,GET,146,6140
3,GET,147,6158
3,GET,148,6097
3,GET,149,6115
3,GET,150,6061
3,GET,151,6178
3,GET,152,5907
3,GET,153,5846
3,GET,154,5873
3,GET,155,5666
3,GET,156,5644
3,GET,157,5556
3,GET,158,5532
3,GET,159,5457
3,GET,160,5325
3,GET,161,5181
3,GET,162,5173
3,GET,163,4949
3,GET,164,4960
3,GET,165,4781
3,GET,166,4819
3,GET,167,4551
3,GET,168,4376
3,GET,169,4331
3,GET,170,4345
3,GET,171,4071
3,GET,172,4123
3,GET,173,3905
3,GET,174,3788
3,GET,175,3694
3,GET,176,3720
3,GET,177,3544
3,GET,178,3459
3,GET,179,3303
3,GET,180,3240
3,GET,181,3188
3,GET,182,3076
3,GET,183,2970
3,GET,184,2787
3,GET,185,2776
3,GET,186,2750
3,GET,187,2537
3,GET,188,2509
3,GET,189,2489
3,GET,190,2442
3,GET,191,2383
3,GET,192,2226
3,GET,193,2239
3,GET,194,2094
3,GET,195,2010
3,GET,196,1882
3,GET,197,1973
3,GET,198,1811
3,GET,199,1726
3,GET,200,1690
3,GET,201,1663
3,GET,202,1536
3,GET,203,1531
3,GET,204,1525
3,GET,205,1398
3,GET,206,1406
3,GET,207,1345
3,GET,208,1227
3,GET,209,1227
3,GET,210,1185
3,GET,211,1171
3,GET,212,1053
3,GET,213,1035
3,GET,214,1064
3,GET,215,1005
3,GET,216,977
3,GET,217,913
3,GET,218,861
3,GET,219,814
3,GET,220,821
3,GET,221,791
3,GET,222,783
3,GET,223,742
3,GET,224,687
3,GET,225,699
3,GET,226,646
3,GET,227,630
3,GET,228,628
3,GET,229,565
3,GET,230,593
3,GET,231,581
3,GET,232,518
3,GET,233,506
3,GET,234,495
3,GET,235,505
3,GET,236,464
3,GET,237,450
3,GET,238,426
3,GET,239,411
3,GET,240,392
3,GET,241,397
3,GET,242,331
3,GET,243,356
3,GET,244,303
3,GET,245,337
3,GET,246,330
3,GET,247,284
3,GET,248,321
3,GET,249,272
3,GET,250,292
3,GET,251,236
3,GET,252,226
3,GET,253,221
3,GET,254,231
3,GET,255,230
3,GET,257,448
3,GET,259,416
3,GET,261,373
3,GET,263,377
3,GET,265,372
3,GET,267,284
3,GET,269,259
3,GET,271,292
3,GET,273,275
3,GET,275,220
3,GET,277,231
3,GET,279,203
3,GET,281,202
3,GET,283,179
3,GET,285,161
3,GET,287,164
3,GET,289,123
3,GET,291,149
3,GET,293,118
3,GET,295,126
3,GET,297,128
3,GET,299,89
3,GET,301,120
3,GET,303,76
3,GET,305,96
3,GET,307,78
3,GET,309,60
3,GET,311,74
3,GET,313,64
3,GET,315,46
3,GET,317,65
3,GET,319,60
3,GET,321,51
3,GET,323,53
3,GET,325,54
3,GET,327,55
3,GET,329,43
3,GET,331,50
3,GET,333,45
3,GET,335,44
3,GET,337,52
3,GET,339,31
3,GET,341,37
3,GET,343,34
3,GET,345,20
3,GET,347,26
3,GET,349,29
3,GET,351,18
3,GET,353,25
3,GET,355,21
3,GET,357,23
3,GET,359,19
3,GET,361,22
3,GET,363,14
3,GET,365,13
3,GET,367,18
3,GET,369,19
3,GET,371,17
3,GET,373,19
3,GET,375,19
3,GET,377,18
3,GET,379,8
3,GET,381,12
3,GET,383,12
3,GET,385,8
3,GET,387,16
3,GET,389,18
3,GET,391,15
3,GET,393,15
3,GET,395,10
3,GET,397,11
3,GET,399,5
3,GET,401,7
3,GET,403,10
3,GET,405,11
3,GET,407,9
3,GET,409,8
3,GET,411,8
3,GET,413,8
3,GET,415,4
3,GET,417,3
3,GET,419,5
3,GET,421,6
3,GET,423,4
3,GET,425,4
3,GET,427,2
3,GET,429,3
3,GET,431,5
3,GET,433,8
3,GET,435,2
3,GET,437,2
3,GET,439,9
3,GET,441,7
3,GET,443,4
3,GET,445,3
3,GET,447,3
3,GET,449,5
3,GET,451,7
3,GET,453,5
3,GET,455,5
3,GET,457,5
3,GET,459,2
3,GET,461,3
3,GET,463,5
3,GET,465,2
3,GET,467,4
3,GET,469,6
3,GET,471,3
3,GET,473,4
3,GET,475,2
3,GET,477,2
3,GET,479,4
3,GET,481,3
3,GET,483,2
3,GET,485,4
3,GET,487,2
3,GET,489,4
3,GET,491,8
3,GET,493,4
3,GET,495,7
3,GET,497,7
3,GET,499,4
3,GET,501,5
3,GET,503,3
3,GET,505,4
3,GET,507,1
3,GET,509,5
3,GET,511,1
3,GET,515,4
3,GET,519,2
3,GET,523,5
3,GET,527,7
3,GET,531,2
3,GET,535,3
3,GET,539,6
3,GET,543,5
3,GET,547,2
3,GET,551,5
3,GET,555,1
3,GET,559,7
3,GET,563,7
3,GET,567,6
3,GET,571,2
3,GET,575,6
3,GET,579,6
3,GET,583,3
3,GET,587,4
3,GET,591,5
3,GET,595,1
3,GET,599,3
3,GET,603,4
3,GET,607,3
3,GET,615,2
3,GET,619,1
3,GET,623,4
3,GET,627,3
3,GET,631,2
3,GET,635,1
3,GET,639,3
3,GET,643,1
3,GET,647,4
3,GET,651,3
3,GET,655,2
3,GET,659,1
3,GET,663,5
3,GET,667,2
3,GET,671,3
3,GET,675,2
3,GET,679,4
3,GET,683,4
3,GET,687,2
3,GET,691,3
3,GET,695,5
3,GET,699,3
3,GET,703,3
3,GET,707,4
3,GET,711,2
3,GET,715,3
3,GET,719,1
3,GET,723,2
3,GET,727,2
3,GET,731,1
3,GET,735,1
3,GET,739,1
3,GET,743,2
3,GET,747,1
3,GET,751,2
3,GET,755,1
3,GET,763,1
3,GET,767,4
3,GET,775,2
3,GET,779,1
3,GET,783,1
3,GET,791,4
3,GET,803,1
3,GET,807,1
3,GET,823,1
3,GET,831,1
3,GET,839,3
3,GET,843,1
3,GET,847,1
3,GET,855,1
3,GET,859,2
3,GET,871,2
3,GET,883,2
3,GET,887,1
3,GET,891,1
3,GET,899,1
3,GET,911,2
3,GET,915,1
3,GET,923,1
3,GET,927,2
3,GET,939,1
3,GET,943,1
3,GET,967,1
3,GET,971,2
3,GET,979,1
3,GET,983,2
3,GET,991,1
3,GET,1003,1
3,GET,1019,2
3,GET,1031,1
3,GET,1039,3
3,GET,1047,2
3,GET,1055,1
3,GET,1071,3
3,GET,1079,3
3,GET,1087,1
3,GET,1095,2
3,GET,1103,2
3,GET,1111,1
3,GET,1135,1
3,GET,1143,2
3,GET,1151,1
3,GET,1167,1
3,GET,1175,1
3,GET,1183,1
3,GET,1191,1
3,GET,1199,2
3,GET,1215,1
3,GET,1231,1
3,GET,1239,1
3,GET,1255,1
3,GET,1263,1
3,GET,1271,2
3,GET,1287,1
3,GET,1327,1
3,GET,1375,1
3,GET,1399,1
3,GET,1415,2
3,GET,1431,1
3,GET,1471,1
3,GET,1511,1
3,GET,1543,1
3,GET,1551,1
3,GET,1583,1
3,GET,1615,1
3,GET,1639,1
3,GET,1695,1
3,GET,1735,1
3,GET,1759,1
3,GET,1799,2
3,GET,1863,1
3,GET,1887,2
3,GET,1919,1
3,GET,1967,1
3,GET,2255,1
3,GET,2287,1
3,GET,2335,1
3,GET,2383,1
3,GET,2415,1
3,GET,2559,1
3,GET,2639,1
3,GET,2655,1
3,GET,2703,1
3,GET,2719,1
3,GET,3151,1
3,GET,3663,1
4,DEL,85,1
4,DEL,86,2
4,DEL,87,2
4,DEL,88,4
4,DEL,89,2
4,DEL,90,6
4,DEL,91,6
4,DEL,92,13
4,DEL,93,21
4,DEL,94,26
4,DEL,95,38
4,DEL,96,26
4,DEL,97,46
4,DEL,98,66
4,DEL,99,85
4,DEL,100,107
4,DEL,101,122
4,DEL,102,151
4,DEL,103,176
4,DEL,104,201
4,DEL,105,245
4,DEL,106,294
4,DEL,107,304
4,DEL,108,365
4,DEL,109,414
4,DEL,110,441
4,DEL,111,505
4,DEL,112,551
4,DEL,113,610
4,DEL,114,703
4,DEL,115,738
4,DEL,116,843
4,DEL,117,912
4,DEL,118,950
4,DEL,119,1010
4,DEL,120,1085
4,DEL,121,1171
4,DEL,122,1243
4,DEL,123,1244
4,DEL,124,1391
4,DEL,125,1439
4,DEL,126,1447
4,DEL,127,1589
4,DEL,128,1547
4,DEL,129,1678
4,DEL,130,1709
4,DEL,131,1821
4,DEL,132,1814
4,DEL,133,1891
4,DEL,134,1873
4,DEL,135,1944
4,DEL,136,2049
4,DEL,137,2060
4,DEL,138,2074
4,DEL,139,2112
4,DEL,140,2206
4,DEL,141,2113
4,DEL,142,2160
4,DEL,143,2207
4,DEL,144,2157
4,DEL,145,2188
4,DEL,146,2251
4,DEL,147,2259
4,DEL,148,2207
4,DEL,149,2211
4,DEL,150,2320
4,DEL,151,2162
4,DEL,152,2133
4,DEL,153,2210
4,DEL,154,2093
4,DEL,155,2115
4,DEL,156,2122
4,DEL,157,1984
4,DEL,158,2014
4,DEL,159,1953
4,DEL,160,2007
4,DEL,161,1897
4,DEL,162,1890
4,DEL,163,1914
4,DEL,164,1830
4,DEL,165,1785
4,DEL,166,1852
4,DEL,167,1721
4,DEL,168,1633
4,DEL,169,1648
4,DEL,170,1599
4,DEL,171,1580
4,DEL,172,1530
4,DEL,173,1439
4,DEL,174,1453
4,DEL,175,1343
4,DEL,176,1358
4,DEL,177,1396
4,DEL,178,1356
4,DEL,179,1278
4,DEL,180,1313
4,DEL,181,1187
4,DEL,182,1241
4,DEL,183,1141
4,DEL,184,1150
4,DEL,185,1103
4,DEL,186,1036
4,DEL,187,971
4,DEL,188,904
4,DEL,189,960
4,DEL,190,970
4,DEL,191,895
4,DEL,192,881
4,DEL,193,828
4,DEL,194,833
4,DEL,195,828
4,DEL,196,779
4,DEL,197,783
4,DEL,198,673
4,DEL,199,708
4,DEL,200,718
4,DEL,201,624
4,DEL,202,630
4,DEL,203,603
4,DEL,204,619
4,DEL,205,545
4,DEL,206,536
4,DEL,207,525
4,DEL,208,468
4,DEL,209,482
4,DEL,210,439
4,DEL,211,438
4,DEL,212,460
4,DEL,213,407
4,DEL,214,391
4,DEL,215,436
4,DEL,216,339
4,DEL,217,358
4,DEL,218,318
4,DEL,219,327
4,DEL,220,320
4,DEL,221,300
4,DEL,222,273
4,DEL,223,280
4,DEL,224,280
4,DEL,225,245
4,DEL,226,268
4,DEL,227,247
4,DEL,228,229
4,DEL,229,232
4,DEL,230,197
4,DEL,231,218
4,DEL,232,196
4,DEL,233,195
4,DEL,234,185
4,DEL,235,173
4,DEL,236,176
4,DEL,237,163
4,DEL,238,157
4,DEL,239,148
4,DEL,240,149
4,DEL,241,152
4,DEL,242,129
4,DEL,243,140
4,DEL,244,137
4,DEL,245,127
4,DEL,246,121
4,DEL,247,98
4,DEL,248,120
4,DEL,249,123
4,DEL,250,108
4,DEL,251,105
4,DEL,252,97
4,DEL,253,81
4,DEL,254,81
4,DEL,255,84
4,DEL,257,157
4,DEL,259,139
4,DEL,261,120
4,DEL,263,111
4,DEL,265,114
4,DEL,267,116
4,DEL,269,100
4,DEL,271,111
4,DEL,273,109
4,DEL,275,82
4,DEL,277,76
4,DEL,279,70
4,DEL,281,54
4,DEL,283,63
4,DEL,285,63
4,DEL,287,42
4,DEL,289,51
4,DEL,291,44
4,DEL,293,38
4,DEL,295,32
4,DEL,297,31
4,DEL,299,38
4,DEL,301,24
4,DEL,303,37
4,DEL,305,23
4,DEL,307,26
4,DEL,309,23
4,DEL,311,33
4,DEL,313,24
4,DEL,315,28
4,DEL,317,20
4,DEL,319,20
4,DEL,321,19
4,DEL,323,11
4,DEL,325,23
4,DEL,327,15
4,DEL,329,7
4,DEL,331,12
4,DEL,333,15
4,DEL,335,12
4,DEL,337,6
4,DEL,339,11
4,DEL,341,10
4,DEL,343,10
4,DEL,345,14
4,DEL,347,10
4,DEL,349,13
4,DEL,351,7
4,DEL,353,9
4,DEL,355,11
4,DEL,357,6
4,DEL,359,9
4,DEL,361,6
4,DEL,363,4
4,DEL,365,5
4,DEL,367,6
4,DEL,369,3
4,DEL,371,8
4,DEL,373,4
4,DEL,375,5
4,DEL,377,1
4,DEL,379,3
4,DEL,381,2
4,DEL,383,3
4,DEL,385,5
4,DEL,387,2
4,DEL,389,1
4,DEL,391,2
4,DEL,393,7
4,DEL,395,5
4,DEL,397,4
4,DEL,399,5
4,DEL,401,2
4,DEL,403,5
4,DEL,405,5
4,DEL,407,1
4,DEL,411,5
4,DEL,413,2
4,DEL,415,4
4,DEL,417,1
4,DEL,419,1
4,DEL,421,2
4,DEL,423,5
4,DEL,425,2
4,DEL,427,1
4,DEL,429,1
4,DEL,431,3
4,DEL,433,2
4,DEL,435,3
4,DEL,437,2
4,DEL,439,4
4,DEL,441,2
4,DEL,443,2
4,DEL,445,1
4,DEL,449,1
4,DEL,451,1
4,DEL,453,1
4,DEL,455,1
4,DEL,457,2
4,DEL,459,1
4,DEL,461,4
4,DEL,463,2
4,DEL,473,5
4,DEL,475,3
4,DEL,479,1
4,DEL,483,2
4,DEL,487,1
4,DEL,489,1
4,DEL,491,2
4,DEL,497,1
4,DEL,501,1
4,DEL,503,1
4,DEL,505,1
4,DEL,509,1
4,DEL,515,2
4,DEL,519,2
4,DEL,523,3
4,DEL,527,3
4,DEL,531,2
4,DEL,539,4
4,DEL,543,1
4,DEL,547,1
4,DEL,551,3
4,DEL,555,5
4,DEL,559,2
4,DEL,571,1
4,DEL,575,2
4,DEL,583,2
4,DEL,595,1
4,DEL,603,1
4,DEL,611,2
4,DEL,615,1
4,DEL,619,1
4,DEL,623,1
4,DEL,627,2
4,DEL,635,2
4,DEL,639,2
4,DEL,643,2
4,DEL,655,2
4,DEL,659,2
4,DEL,663,1
4,DEL,667,1
4,DEL,671,1
4,DEL,675,1
4,DEL,683,1
4,DEL,695,1
4,DEL,699,2
4,DEL,715,1
4,DEL,731,1
4,DEL,735,3
4,DEL,739,1
4,DEL,751,2
4,DEL,759,1
4,DEL,763,1
4,DEL,771,1
4,DEL,775,2
4,DEL,795,2
4,DEL,823,3
4,DEL,831,1
4,DEL,847,1
4,DEL,851,1
4,DEL,855,1
4,DEL,923,1
4,DEL,943,1
4,DEL,979,1
4,DEL,1023,1
4,DEL,1063,1
4,DEL,1071,1
4,DEL,1119,1
4,DEL,1159,3
4,DEL,1167,1
4,DEL,1199,1
4,DEL,1207,1
4,DEL,1215,1
4,DEL,1231,1
4,DEL,1279,1
4,DEL,1399,1
4,DEL,1415,1
4,DEL,1711,1
4,DEL,1767,2
4,DEL,2319,1
4,DEL,2383,1
4,DEL,2415,1
4,DEL,2495,1
4,DEL,209919,1
4,SET,90,1
4,SET,91,1
4,SET,92,1
4,SET,93,1
4,SET,94,3
4,SET,95,2
4,SET,96,1
4,SET,97,6
4,SET,98,10
4,SET,99,6
4,SET,100,10
4,SET,101,11
4,SET,102,18
4,SET,103,24
4,SET,104,27
4,SET,105,25
4,SET,106,42
4,SET,107,53
4,SET,108,47
4,SET,109,48
4,SET,110,49
4,SET,111,67
4,SET,112,75
4,SET,113,106
4,SET,114,95
4,SET,115,117
4,SET,116,101
4,SET,117,130
4,SET,118,145
4,SET,119,137
4,SET,120,140
4,SET,121,178
4,SET,122,189
4,SET,123,152
4,SET,124,212
4,SET,125,219
4,SET,126,265
4,SET,127,258
4,SET,128,270
4,SET,129,254
4,SET,130,271
4,SET,131,298
4,SET,132,290
4,SET,133,293
4,SET,134,323
4,SET,135,294
4,SET,136,341
4,SET,137,343
4,SET,138,347
4,SET,139,385
4,SET,140,374
4,SET,141,372
4,SET,142,356
4,SET,143,369
4,SET,144,434
4,SET,145,437
4,SET,146,468
4,SET,147,415
4,SET,148,425
4,SET,149,456
4,SET,150,427
4,SET,151,414
4,SET,152,418
4,SET,153,432
4,SET,154,437
4,SET,155,448
4,SET,156,412
4,SET,157,390
4,SET,158,409
4,SET,159,434
4,SET,160,423
4,SET,161,378
4,SET,162,409
4,SET,163,427
4,SET,164,424
4,SET,165,396
4,SET,166,377
4,SET,167,366
4,SET,168,361
4,SET,169,360
4,SET,170,336
4,SET,171,310
4,SET,172,321
4,SET,173,352
4,SET,174,318
4,SET,175,329
4,SET,176,308
4,SET,177,273
4,SET,178,304
4,SET,179,297
4,SET,180,291
4,SET,181,297
4,SET,182,264
4,SET,183,242
4,SET,184,272
4,SET,185,260
4,SET,186,245
4,SET,187,232
4,SET,188,227
4,SET,189,200
4,SET,190,209
4,SET,191,193
4,SET,192,211
4,SET,193,189
4,SET,194,200
4,SET,195,189
4,SET,196,188
4,SET,197,167
4,SET,198,189
4,SET,199,182
4,SET,200,162
4,SET,201,163
4,SET,202,133
4,SET,203,126
4,SET,204,118
4,SET,205,157
4,SET,206,130
4,SET,207,140
4,SET,208,133
4,SET,209,128
4,SET,210,105
4,SET,211,108
4,SET,212,98
4,SET,213,93
4,SET,214,101
4,SET,215,87
4,SET,216,90
4,SET,217,97
4,SET,218,80
4,SET,219,84
4,SET,220,75
4,SET,221,69
4,SET,222,57
4,SET,223,66
4,SET,224,82
4,SET,225,61
4,SET,226,59
4,SET,227,54
4,SET,228,58
4,SET,229,43
4,SET,230,61
4,SET,231,54
4,SET,232,51
4,SET,233,45
4,SET,234,60
4,SET,235,64
4,SET,236,52
4,SET,237,51
4,SET,238,38
4,SET,239,47
4,SET,240,27
4,SET,241,26
4,SET,242,44
4,SET,243,31
4,SET,244,52
4,SET,245,27
4,SET,246,26
4,SET,247,17
4,SET,248,33
4,SET,249,27
4,SET,250,29
4,SET,251,25
4,SET,252,26
4,SET,253,24
4,SET,254,19
4,SET,255,18
4,SET,257,43
4,SET,259,43
4,SET,261,37
4,SET,263,33
4,SET,265,29
4,SET,267,36
4,SET,269,23
4,SET,271,23
4,SET,273,15
4,SET,275,27
4,SET,277,14
4,SET,279,18
4,SET,281,11
4,SET,283,16
4,SET,285,19
4,SET,287,13
4,SET,289,9
4,SET,291,9
4,SET,293,17
4,SET,295,8
4,SET,297,12
4,SET,299,11
4,SET,301,6
4,SET,303,5
4,SET,305,3
4,SET,307,7
4,SET,309,7
4,SET,311,6
4,SET,313,3
4,SET,315,4
4,SET,317,9
4,SET,319,5
4,SET,325,1
4,SET,327,1
4,SET,329,4
4,SET,331,1
4,SET,333,4
4,SET,335,3
4,SET,337,3
4,SET,341,2
4,SET,343,2
4,SET,345,2
4,SET,347,2
4,SET,349,3
4,SET,351,1
4,SET,353,4
4,SET,355,1
4,SET,357,2
4,SET,361,2
4,SET,363,1
4,SET,365,1
4,SET,367,3
4,SET,369,1
4,SET,371,3
4,SET,373,2
4,SET,375,2
4,SET,377,3
4,SET,379,2
4,SET,381,1
4,SET,383,3
4,SET,389,2
4,SET,391,1
4,SET,393,1
4,SET,395,1
4,SET,399,1
4,SET,401,2
4,SET,407,1
4,SET,411,1
4,SET,415,2
4,SET,423,1
4,SET,435,1
4,SET,439,1
4,SET,447,1
4,SET,451,1
4,SET,461,1
4,SET,475,1
4,SET,481,1
4,SET,491,1
4,SET,515,1
4,SET,539,1
4,SET,547,1
4,SET,551,2
4,SET,555,1
4,SET,563,1
4,SET,587,1
4,SET,623,2
4,SET,651,1
4,SET,667,1
4,SET,671,1
4,SET,699,1
4,SET,703,1
4,SET,711,2
4,SET,719,1
4,SET,731,1
4,SET,799,1
4,SET,819,1
4,SET,899,1
4,SET,919,1
4,SET,991,1
4,SET,1103,1
4,SET,1151,1
4,SET,1231,1
4,SET,1319,1
4,SET,1759,1
4,SET,2007,1
4,GET,83,2
4,GET,84,3
4,GET,85,2
4,GET,86,6
4,GET,87,8
4,GET,88,9
4,GET,89,8
4,GET,90,27
4,GET,91,34
4,GET,92,44
4,GET,93,70
4,GET,94,79
4,GET,95,101
4,GET,96,131
4,GET,97,171
4,GET,98,215
4,GET,99,278
4,GET,100,302
4,GET,101,384
4,GET,102,458
4,GET,103,608
4,GET,104,661
4,GET,105,778
4,GET,106,910
4,GET,107,895
4,GET,108,1127
4,GET,109,1236
4,GET,110,1424
4,GET,111,1650
4,GET,112,1668
4,GET,113,1883
4,GET,114,2041
4,GET,115,2217
4,GET,116,2437
4,GET,117,2588
4,GET,118,2797
4,GET,119,2990
4,GET,120,3211
4,GET,121,3362
4,GET,122,3488
4,GET,123,3726
4,GET,124,3997
4,GET,125,4222
4,GET,126,4252
4,GET,127,4516
4,GET,128,4652
4,GET,129,4783
4,GET,130,5003
4,GET,131,5215
4,GET,132,5239
4,GET,133,5344
4,GET,134,5521
4,GET,135,5466
4,GET,136,5571
4,GET,137,5877
4,GET,138,5817
4,GET,139,5942
4,GET,140,6212
4,GET,141,6138
4,GET,142,6136
4,GET,143,6048
4,GET,144,6286
4,GET,145,6186
4,GET,146,6235
4,GET,147,6218
4,GET,148,6296
4,GET,149,6289
4,GET,150,6274
4,GET,151,6122
4,GET,152,6022
4,GET,153,5962
4,GET,154,5811
4,GET,155,5916
4,GET,156,5798
4,GET,157,5842
4,GET,158,5569
4,GET,159,5581
4,GET,160,5487
4,GET,161,5434
4,GET,162,5294
4,GET,163,5130
4,GET,164,5112
4,GET,165,5074
4,GET,166,4826
4,GET,167,4804
4,GET,168,4809
4,GET,169,4460
4,GET,170,4440
4,GET,171,4368
4,GET,172,4363
4,GET,173,4133
4,GET,174,4145
4,GET,175,3955
4,GET,176,3809
4,GET,177,3800
4,GET,178,3625
4,GET,179,3450
4,GET,180,3341
4,GET,181,3294
4,GET,182,3137
4,GET,183,3128
4,GET,184,2955
4,GET,185,2993
4,GET,186,2816
4,GET,187,2754
4,GET,188,2651
4,GET,189,2635
4,GET,190,2481
4,GET,191,2453
4,GET,192,2303
4,GET,193,2230
4,GET,194,2302
4,GET,195,2114
4,GET,196,1922
4,GET,197,1914
4,GET,198,1889
4,GET,199,1821
4,GET,200,1744
4,GET,201,1758
4,GET,202,1600
4,GET,203,1547
4,GET,204,1485
4,GET,205,1545
4,GET,206,1481
4,GET,207,1408
4,GET,208,1292
4,GET,209,1364
4,GET,210,1231
4,GET,211,1232
4,GET,212,1085
4,GET,213,1134
4,GET,214,1048
4,GET,215,1020
4,GET,216,959
4,GET,217,969
4,GET,218,933
4,GET,219,868
4,GET,220,855
4,GET,221,802
4,GET,222,793
4,GET,223,804
4,GET,224,748
4,GET,225,710
4,GET,226,683
4,GET,227,631
4,GET,228,625
4,GET,229,565
4,GET,230,557
4,GET,231,565
4,GET,232,541
4,GET,233,526
4,GET,234,468
4,GET,235,475
4,GET,236,423
4,GET,237,425
4,GET,238,389
4,GET,239,391
4,GET,240,360
4,GET,241,368
4,GET,242,396
4,GET,243,344
4,GET,244,350
4,GET,245,336
4,GET,246,326
4,GET,247,279
4,GET,248,279
4,GET,249,265
4,GET,250,275
4,GET,251,255
4,GET,252,255
4,GET,253,223
4,GET,254,221
4,GET,255,228
4,GET,257,417
4,GET,259,405
4,GET,261,350
4,GET,263,334
4,GET,265,356
4,GET,267,288
4,GET,269,256
4,GET,271,257
4,GET,273,229
4,GET,275,225
4,GET,277,215
4,GET,279,198
4,GET,281,192
4,GET,283,149
4,GET,285,166
4,GET,287,155
4,GET,289,135
4,GET,291,114
4,GET,293,137
4,GET,295,123
4,GET,297,98
4,GET,299,110
4,GET,301,92
4,GET,303,81
4,GET,305,99
4,GET,307,69
4,GET,309,65
4,GET,311,66
4,GET,313,55
4,GET,315,65
4,GET,317,59
4,GET,319,61
4,GET,321,44
4,GET,323,44
4,GET,325,55
4,GET,327,35
4,GET,329,31
4,GET,331,32
4,GET,333,29
4,GET,335,39
4,GET,337,37
4,GET,339,21
4,GET,341,29
4,GET,343,26
4,GET,345,19
4,GET,347,11
4,GET,349,22
4,GET,351,14
4,GET,353,19
4,GET,355,20
4,GET,357,22
4,GET,359,15
4,GET,361,18
4,GET,363,16
4,GET,365,21
4,GET,367,9
4,GET,369,13
4,GET,371,10
4,GET,373,13
4,GET,375,11
4,GET,377,5
4,GET,379,7
4,GET,381,16
4,GET,383,12
4,GET,385,7
4,GET,387,15
4,GET,389,16
4,GET,391,10
4,GET,393,8
4,GET,395,8
4,GET,397,13
4,GET,399,10
4,GET,401,9
4,GET,403,6
4,GET,405,10
4,GET,407,10
4,GET,409,6
4,GET,411,8
4,GET,413,5
4,GET,415,3
4,GET,417,10
4,GET,419,5
4,GET,421,4
4,GET,423,3
4,GET,425,10
4,GET,427,3
4,GET,429,5
4,GET,431,5
4,GET,433,6
4,GET,435,5
4,GET,437,6
4,GET,439,5
4,GET,441,8
4,GET,443,4
4,GET,445,4
4,GET,447,2
4,GET,449,4
4,GET,451,3
4,GET,453,1
4,GET,455,7
4,GET,457,4
4,GET,459,3
4,GET,461,4
4,GET,463,5
4,GET,465,5
4,GET,469,3
4,GET,471,5
4,GET,473,3
4,GET,475,4
4,GET,477,5
4,GET,479,1
4,GET,481,3
4,GET,483,3
4,GET,485,2
4,GET,487,7
4,GET,489,2
4,GET,491,7
4,GET,493,1
4,GET,495,5
4,GET,497,5
4,GET,499,2
4,GET,501,5
4,GET,503,2
4,GET,505,1
4,GET,507,3
4,GET,509,2
4,GET,511,2
4,GET,515,4
4,GET,519,5
4,GET,523,7
4,GET,527,4
4,GET,531,7
4,GET,535,5
4,GET,539,2
4,GET,543,3
4,GET,547,1
4,GET,551,10
4,GET,555,8
4,GET,559,2
4,GET,563,3
4,GET,567,1
4,GET,571,3
4,GET,575,2
4,GET,579,4
4,GET,583,3
4,GET,587,3
4,GET,591,5
4,GET,595,2
4,GET,599,3
4,GET,603,3
4,GET,607,2
4,GET,611,5
4,GET,615,3
4,GET,619,5
4,GET,623,4
4,GET,627,4
4,GET,631,4
4,GET,635,4
4,GET,639,6
4,GET,643,3
4,GET,647,2
4,GET,651,2
4,GET,659,6
4,GET,663,4
4,GET,667,2
4,GET,671,4
4,GET,675,2
4,GET,679,4
4,GET,683,2
4,GET,687,3
4,GET,691,2
4,GET,695,1
4,GET,699,3
4,GET,703,3
4,GET,707,2
4,GET,715,5
4,GET,719,1
4,GET,723,1
4,GET,727,3
4,GET,731,2
4,GET,735,3
4,GET,743,1
4,GET,751,3
4,GET,755,2
4,GET,759,2
4,GET,763,1
4,GET,771,1
4,GET,787,3
4,GET,791,1
4,GET,807,2
4,GET,815,1
4,GET,819,1
4,GET,823,1
4,GET,831,1
4,GET,835,3
4,GET,851,1
4,GET,855,1
4,GET,863,1
4,GET,867,1
4,GET,883,1
4,GET,891,2
4,GET,895,1
4,GET,903,2
4,GET,915,1
4,GET,923,1
4,GET,927,1
4,GET,931,2
4,GET,935,1
4,GET,939,3
4,GET,955,1
4,GET,963,1
4,GET,967,1
4,GET,979,2
4,GET,983,2
4,GET,995,1
4,GET,999,1
4,GET,1003,1
4,GET,1011,1
4,GET,1019,1
4,GET,1023,1
4,GET,1047,1
4,GET,1055,2
4,GET,1063,1
4,GET,1071,2
4,GET,1079,1
4,GET,1087,1
4,GET,1095,1
4,GET,1127,1
4,GET,1151,2
4,GET,1159,1
4,GET,1175,2
4,GET,1183,1
4,GET,1191,1
4,GET,1199,1
4,GET,1207,1
4,GET,1223,1
4,GET,1239,1
4,GET,1247,1
4,GET,1271,1
4,GET,1327,1
4,GET,1351,3
4,GET,1367,1
4,GET,1399,1
4,GET,1415,1
4,GET,1423,2
4,GET,1463,1
4,GET,1471,1
4,GET,1479,1
4,GET,1583,1
4,GET,1647,1
4,GET,1679,1
4,GET,1687,1
4,GET,1711,1
4,GET,1735,1
4,GET,1767,1
4,GET,1799,1
4,GET,1815,1
4,GET,1863,3
4,GET,1879,1
4,GET,1927,1
4,GET,1959,1
4,GET,1983,1
4,GET,2023,1
4,GET,2159,1
4,GET,2175,1
4,GET,2191,2
4,GET,2207,1
4,GET,2223,1
4,GET,2271,1
4,GET,2287,1
4,GET,2351,1
4,GET,2399,1
4,GET,2639,1
4,GET,2687,1
4,GET,2735,1
4,GET,2767,1
4,GET,2799,1
4,GET,2815,1
4,GET,2911,1
4,GET,2943,1
4,GET,3567,1
5,SET,91,1
5,SET,92,1
5,SET,95,1
5,SET,96,5
5,SET,97,3
5,SET,98,9
5,SET,99,12
5,SET,100,11
5,SET,101,18
5,SET,102,26
5,SET,103,29
5,SET,104,38
5,SET,105,46
5,SET,106,40
5,SET,107,46
5,SET,108,50
5,SET,109,49
5,SET,110,74
5,SET,111,79
5,SET,112,90
5,SET,113,103
5,SET,114,111
5,SET,115,147
5,SET,116,136
5,SET,117,137
5,SET,118,184
5,SET,119,180
5,SET,120,174
5,SET,121,188
5,SET,122,201
5,SET,123,223
5,SET,124,222
5,SET,125,240
5,SET,126,258
5,SET,127,269
5,SET,128,320
5,SET,129,306
5,SET,130,287
5,SET,131,357
5,SET,132,355
5,SET,133,357
5,SET,134,398
5,SET,135,368
5,SET,136,359
5,SET,137,380
5,SET,138,361
5,SET,139,401
5,SET,140,395
5,SET,141,405
5,SET,142,406
5,SET,143,423
5,SET,144,423
5,SET,145,432
5,SET,146,446
5,SET,147,399
5,SET,148,418
5,SET,149,451
5,SET,150,435
5,SET,151,415
5,SET,152,417
5,SET,153,464
5,SET,154,435
5,SET,155,395
5,SET,156,409
5,SET,157,437
5,SET,158,394
5,SET,159,418
5,SET,160,390
5,SET,161,411
5,SET,162,384
5,SET,163,355
5,SET,164,370
5,SET,165,337
5,SET,166,370
5,SET,167,325
5,SET,168,355
5,SET,169,320
5,SET,170,339
5,SET,171,347
5,SET,172,290
5,SET,173,327
5,SET,174,310
5,SET,175,307
5,SET,176,318
5,SET,177,285
5,SET,178,270
5,SET,179,268
5,SET,180,224
5,SET,181,249
5,SET,182,225
5,SET,183,272
5,SET,184,199
5,SET,185,271
5,SET,186,202
5,SET,187,240
5,SET,188,222
5,SET,189,236
5,SET,190,176
5,SET,191,185
5,SET,192,183
5,SET,193,165
5,SET,194,179
5,SET,195,190
5,SET,196,182
5,SET,197,161
5,SET,198,165
5,SET,199,144
5,SET,200,150
5,SET,201,153
5,SET,202,142
5,SET,203,130
5,SET,204,124
5,SET,205,127
5,SET,206,139
5,SET,207,141
5,SET,208,101
5,SET,209,121
5,SET,210,123
5,SET,211,90
5,SET,212,104
5,SET,213,106
5,SET,214,84
5,SET,215,93
5,SET,216,84
5,SET,217,74
5,SET,218,83
5,SET,219,74
5,SET,220,75
5,SET,221,82
5,SET,222,61
5,SET,223,78
5,SET,224,65
5,SET,225,44
5,SET,226,63
5,SET,227,43
5,SET,228,61
5,SET,229,65
5,SET,230,63
5,SET,231,50
5,SET,232,39
5,SET,233,41
5,SET,234,42
5,SET,235,37
5,SET,236,44
5,SET,237,44
5,SET,238,38
5,SET,239,32
5,SET,240,38
5,SET,241,43
5,SET,242,45
5,SET,243,34
5,SET,244,25
5,SET,245,29
5,SET,246,23
5,SET,247,29
5,SET,248,30
5,SET,249,21
5,SET,250,23
5,SET,251,31
5,SET,252,26
5,SET,253,23
5,SET,254,24
5,SET,255,22
5,SET,257,50
5,SET,259,37
5,SET,261,37
5,SET,263,38
5,SET,265,30
5,SET,267,30
5,SET,269,26
5,SET,271,27
5,SET,273,34
5,SET,275,26
5,SET,277,18
5,SET,279,14
5,SET,281,13
5,SET,283,19
5,SET,285,13
5,SET,287,21
5,SET,289,16
5,SET,291,15
5,SET,293,14
5,SET,295,7
5,SET,297,5
5,SET,299,14
5,SET,301,11
5,SET,303,11
5,SET,305,5
5,SET,307,4
5,SET,309,4
5,SET,311,4
5,SET,313,5
5,SET,315,6
5,SET,317,6
5,SET,319,6
5,SET,323,3
5,SET,325,5
5,SET,327,4
5,SET,329,2
5,SET,331,8
5,SET,333,1
5,SET,335,4
5,SET,337,7
5,SET,339,3
5,SET,341,3
5,SET,343,5
5,SET,345,4
5,SET,347,2
5,SET,349,2
5,SET,351,3
5,SET,353,2
5,SET,355,2
5,SET,357,1
5,SET,359,1
5,SET,363,1
5,SET,365,1
5,SET,367,5
5,SET,369,1
5,SET,373,1
5,SET,375,2
5,SET,377,1
5,SET,379,1
5,SET,383,1
5,SET,387,1
5,SET,389,4
5,SET,393,1
5,SET,395,1
5,SET,399,1
5,SET,407,1
5,SET,421,2
5,SET,429,2
5,SET,431,1
5,SET,439,1
5,SET,443,1
5,SET,451,1
5,SET,455,1
5,SET,459,1
5,SET,475,2
5,SET,493,1
5,SET,499,1
5,SET,515,1
5,SET,563,1
5,SET,579,1
5,SET,595,1
5,SET,627,1
5,SET,631,1
5,SET,647,2
5,SET,707,1
5,SET,747,1
5,SET,751,1
5,SET,767,1
5,SET,771,1
5,SET,783,1
5,SET,883,1
5,SET,1423,1
5,SET,1535,1
5,GET,82,1
5,GET,83,2
5,GET,85,3
5,GET,86,3
5,GET,87,13
5,GET,88,9
5,GET,89,16
5,GET,90,18
5,GET,91,49
5,GET,92,64
5,GET,93,72
5,GET,94,87
5,GET,95,143
5,GET,96,178
5,GET,97,209
5,GET,98,263
5,GET,99,325
5,GET,100,444
5,GET,101,477
5,GET,102,618
5,GET,103,731
5,GET,104,815
5,GET,105,976
5,GET,106,1098
5,GET,107,1266
5,GET,108,1406
5,GET,109,1472
5,GET,110,1731
5,GET,111,1913
5,GET,112,2027
5,GET,113,2199
5,GET,114,2434
5,GET,115,2555
5,GET,116,2718
5,GET,117,3023
5,GET,118,3201
5,GET,119,3246
5,GET,120,3567
5,GET,121,3848
5,GET,122,4003
5,GET,123,4221
5,GET,124,4270
5,GET,125,4576
5,GET,126,4750
5,GET,127,4764
5,GET,128,5012
5,GET,129,5237
5,GET,130,5301
5,GET,131,5443
5,GET,132,5591
5,GET,133,5767
5,GET,134,5694
5,GET,135,5748
5,GET,136,5895
5,GET,137,5885
5,GET,138,6009
5,GET,139,6146
5,GET,140,6142
5,GET,141,6237
5,GET,142,6098
5,GET,143,6068
5,GET,144,6306
5,GET,145,6142
5,GET,146,6263
5,GET,147,6016
5,GET,148,6062
5,GET,149,6235
5,GET,150,6148
5,GET,151,6048
5,GET,152,5957
5,GET,153,5865
5,GET,154,5804
5,GET,155,5573
5,GET,156,5573
5,GET,157,5578
5,GET,158,5380
5,GET,159,5284
5,GET,160,5173
5,GET,161,5129
5,GET,162,5071
5,GET,163,4891
5,GET,164,4918
5,GET,165,4821
5,GET,166,4635
5,GET,167,4411
5,GET,168,4474
5,GET,169,4330
5,GET,170,4203
5,GET,171,4000
5,GET,172,4019
5,GET,173,3946
5,GET,174,3842
5,GET,175,3623
5,GET,176,3465
5,GET,177,3397
5,GET,178,3301
5,GET,179,3190
5,GET,180,3195
5,GET,181,3026
5,GET,182,3014
5,GET,183,2916
5,GET,184,2809
5,GET,185,2714
5,GET,186,2631
5,GET,187,2553
5,GET,188,2421
5,GET,189,2387
5,GET,190,2227
5,GET,191,2267
5,GET,192,2187
5,GET,193,2186
5,GET,194,1952
5,GET,195,2032
5,GET,196,1932
5,GET,197,1880
5,GET,198,1808
5,GET,199,1720
5,GET,200,1747
5,GET,201,1638
5,GET,202,1507
5,GET,203,1521
5,GET,204,1468
5,GET,205,1450
5,GET,206,1373
5,GET,207,1307
5,GET,208,1215
5,GET,209,1182
5,GET,210,1160
5,GET,211,1155
5,GET,212,1044
5,GET,213,1017
5,GET,214,1024
5,GET,215,947
5,GET,216,918
5,GET,217,888
5,GET,218,918
5,GET,219,864
5,GET,220,784
5,GET,221,795
5,GET,222,772
5,GET,223,708
5,GET,224,677
5,GET,225,689
5,GET,226,666
5,GET,227,630
5,GET,228,625
5,GET,229,617
5,GET,230,586
5,GET,231,542
5,GET,232,524
5,GET,233,516
5,GET,234,490
5,GET,235,464
5,GET,236,454
5,GET,237,423
5,GET,238,447
5,GET,239,432
5,GET,240,438
5,GET,241,404
5,GET,242,400
5,GET,243,356
5,GET,244,351
5,GET,245,326
5,GET,246,330
5,GET,247,328
5,GET,248,317
5,GET,249,291
5,GET,250,267
5,GET,251,280
5,GET,252,281
5,GET,253,250
5,GET,254,257
5,GET,255,239
5,GET,257,473
5,GET,259,436
5,GET,261,389
5,GET,263,373
5,GET,265,302
5,GET,267,303
5,GET,269,310
5,GET,271,277
5,GET,273,259
5,GET,275,248
5,GET,277,218
5,GET,279,197
5,GET,281,198
5,GET,283,172
5,GET,285,169
5,GET,287,159
5,GET,289,149
5,GET,291,137
5,GET,293,130
5,GET,295,97
5,GET,297,119
5,GET,299,100
5,GET,301,100
5,GET,303,107
5,GET,305,91
5,GET,307,83
5,GET,309,82
5,GET,311,76
5,GET,313,72
5,GET,315,54
5,GET,317,53
5,GET,319,43
5,GET,321,51
5,GET,323,34
5,GET,325,55
5,GET,327,47
5,GET,329,43
5,GET,331,46
5,GET,333,38
5,GET,335,28
5,GET,337,34
5,GET,339,28
5,GET,341,35
5,GET,343,34
5,GET,345,39
5,GET,347,26
5,GET,349,16
5,GET,351,24
5,GET,353,23
5,GET,355,16
5,GET,357,16
5,GET,359,23
5,GET,361,15
5,GET,363,14
5,GET,365,15
5,GET,367,18
5,GET,369,16
5,GET,371,14
5,GET,373,6
5,GET,375,12
5,GET,377,17
5,GET,379,7
5,GET,381,13
5,GET,383,8
5,GET,385,11
5,GET,387,6
5,GET,389,9
5,GET,391,15
5,GET,393,12
5,GET,395,9
5,GET,397,8
5,GET,399,10
5,GET,401,7
5,GET,403,5
5,GET,405,4
5,GET,407,13
5,GET,409,5
5,GET,411,6
5,GET,413,2
5,GET,415,4
5,GET,417,8
5,GET,419,11
5,GET,421,8
5,GET,423,3
5,GET,425,1
5,GET,427,4
5,GET,429,3
5,GET,431,3
5,GET,433,8
5,GET,435,4
5,GET,437,3
5,GET,439,6
5,GET,441,4
5,GET,443,3
5,GET,445,4
5,GET,447,5
5,GET,449,3
5,GET,451,2
5,GET,453,3
5,GET,455,3
5,GET,457,4
5,GET,459,4
5,GET,461,5
5,GET,463,7
5,GET,465,2
5,GET,467,7
5,GET,469,6
5,GET,471,1
5,GET,473,6
5,GET,477,1
5,GET,479,1
5,GET,483,3
5,GET,485,6
5,GET,487,2
5,GET,489,4
5,GET,491,2
5,GET,493,2
5,GET,495,1
5,GET,497,3
5,GET,499,1
5,GET,501,2
5,GET,503,3
5,GET,505,1
5,GET,507,5
5,GET,509,3
5,GET,511,3
5,GET,515,9
5,GET,519,5
5,GET,523,3
5,GET,527,3
5,GET,531,5
5,GET,535,5
5,GET,539,6
5,GET,543,2
5,GET,547,2
5,GET,551,1
5,GET,555,6
5,GET,559,2
5,GET,563,3
5,GET,567,5
5,GET,571,1
5,GET,575,5
5,GET,579,7
5,GET,583,4
5,GET,587,4
5,GET,591,6
5,GET,595,2
5,GET,599,6
5,GET,603,4
5,GET,607,1
5,GET,611,8
5,GET,615,3
5,GET,619,8
5,GET,623,4
5,GET,627,2
5,GET,631,4
5,GET,635,4
5,GET,639,2
5,GET,643,2
5,GET,647,1
5,GET,655,3
5,GET,659,2
5,GET,663,1
5,GET,667,1
5,GET,671,2
5,GET,675,2
5,GET,679,3
5,GET,683,7
5,GET,687,2
5,GET,691,2
5,GET,695,2
5,GET,699,3
5,GET,703,3
5,GET,707,1
5,GET,711,3
5,GET,715,3
5,GET,719,2
5,GET,723,1
5,GET,727,2
5,GET,731,2
5,GET,735,2
5,GET,739,1
5,GET,751,1
5,GET,767,2
5,GET,771,5
5,GET,775,3
5,GET,779,1
5,GET,791,1
5,GET,803,3
5,GET,807,1
5,GET,811,1
5,GET,815,1
5,GET,819,3
5,GET,831,3
5,GET,835,1
5,GET,843,1
5,GET,851,1
5,GET,855,2
5,GET,859,4
5,GET,863,2
5,GET,867,2
5,GET,871,3
5,GET,875,1
5,GET,883,1
5,GET,891,2
5,GET,895,2
5,GET,899,1
5,GET,903,2
5,GET,911,1
5,GET,915,1
5,GET,919,1
5,GET,923,1
5,GET,939,1
5,GET,951,1
5,GET,963,1
5,GET,971,1
5,GET,975,1
5,GET,979,1
5,GET,987,1
5,GET,1011,2
5,GET,1039,2
5,GET,1055,2
5,GET,1063,3
5,GET,1071,1
5,GET,1079,2
5,GET,1087,3
5,GET,1103,1
5,GET,1151,4
5,GET,1175,3
5,GET,1191,1
5,GET,1199,2
5,GET,1215,2
5,GET,1223,2
5,GET,1247,1
5,GET,1255,1
5,GET,1263,1
5,GET,1295,1
5,GET,1335,1
5,GET,1367,1
5,GET,1375,1
5,GET,1399,1
5,GET,1543,1
5,GET,1567,1
5,GET,1615,1
5,GET,1631,1
5,GET,1655,1
5,GET,1687,1
5,GET,1775,1
5,GET,1783,1
5,GET,1847,1
5,GET,1863,1
5,GET,1927,1
5,GET,1999,1
5,GET,2007,1
5,GET,2127,1
5,GET,2159,1
5,GET,2319,1
5,GET,2623,1
5,GET,2671,1
5,GET,2799,1
5,GET,2815,2
5,DEL,82,1
5,DEL,85,1
5,DEL,86,1
5,DEL,88,6
5,DEL,89,11
5,DEL,90,6
5,DEL,91,13
5,DEL,92,18
5,DEL,93,30
5,DEL,94,24
5,DEL,95,39
5,DEL,96,40
5,DEL,97,63
5,DEL,98,85
5,DEL,99,120
5,DEL,100,136
5,DEL,101,147
5,DEL,102,179
5,DEL,103,202
5,DEL,104,285
5,DEL,105,316
5,DEL,106,357
5,DEL,107,383
5,DEL,108,447
5,DEL,109,479
5,DEL,110,546
5,DEL,111,615
5,DEL,112,624
5,DEL,113,756
5,DEL,114,854
5,DEL,115,867
5,DEL,116,971
5,DEL,117,966
5,DEL,118,1182
5,DEL,119,1101
5,DEL,120,1219
5,DEL,121,1325
5,DEL,122,1359
5,DEL,123,1394
5,DEL,124,1466
5,DEL,125,1516
5,DEL,126,1618
5,DEL,127,1757
5,DEL,128,1791
5,DEL,129,1767
5,DEL,130,1852
5,DEL,131,1871
5,DEL,132,1893
5,DEL,133,1895
5,DEL,134,2036
5,DEL,135,2053
5,DEL,136,2050
5,DEL,137,2105
5,DEL,138,2192
5,DEL,139,2136
5,DEL,140,2132
5,DEL,141,2216
5,DEL,142,2160
5,DEL,143,2208
5,DEL,144,2232
5,DEL,145,2211
5,DEL,146,2240
5,DEL,147,2172
5,DEL,148,2234
5,DEL,149,2176
5,DEL,150,2196
5,DEL,151,2184
5,DEL,152,2113
5,DEL,153,2078
5,DEL,154,2091
5,DEL,155,2033
5,DEL,156,1981
5,DEL,157,1991
5,DEL,158,1953
5,DEL,159,1869
5,DEL,160,1947
5,DEL,161,1872
5,DEL,162,1778
5,DEL,163,1797
5,DEL,164,1640
5,DEL,165,1732
5,DEL,166,1735
5,DEL,167,1687
5,DEL,168,1620
5,DEL,169,1569
5,DEL,170,1588
5,DEL,171,1418
5,DEL,172,1418
5,DEL,173,1376
5,DEL,174,1338
5,DEL,175,1284
5,DEL,176,1352
5,DEL,177,1223
5,DEL,178,1257
5,DEL,179,1208
5,DEL,180,1137
5,DEL,181,1127
5,DEL,182,1105
5,DEL,183,1073
5,DEL,184,965
5,DEL,185,1000
5,DEL,186,948
5,DEL,187,944
5,DEL,188,888
5,DEL,189,912
5,DEL,190,870
5,DEL,191,844
5,DEL,192,798
5,DEL,193,797
5,DEL,194,718
5,DEL,195,721
5,DEL,196,717
5,DEL,197,707
5,DEL,198,632
5,DEL,199,653
5,DEL,200,640
5,DEL,201,562
5,DEL,202,601
5,DEL,203,575
5,DEL,204,480
5,DEL,205,531
5,DEL,206,502
5,DEL,207,447
5,DEL,208,463
5,DEL,209,440
5,DEL,210,408
5,DEL,211,408
5,DEL,212,422
5,DEL,213,399
5,DEL,214,401
5,DEL,215,375
5,DEL,216,367
5,DEL,217,324
5,DEL,218,307
5,DEL,219,327
5,DEL,220,293
5,DEL,221,313
5,DEL,222,281
5,DEL,223,239
5,DEL,224,250
5,DEL,225,251
5,DEL,226,237
5,DEL,227,245
5,DEL,228,212
5,DEL,229,213
5,DEL,230,244
5,DEL,231,228
5,DEL,232,194
5,DEL,233,194
5,DEL,234,193
5,DEL,235,168
5,DEL,236,168
5,DEL,237,180
5,DEL,238,138
5,DEL,239,152
5,DEL,240,134
5,DEL,241,138
5,DEL,242,147
5,DEL,243,152
5,DEL,244,129
5,DEL,245,121
5,DEL,246,122
5,DEL,247,137
5,DEL,248,94
5,DEL,249,109
5,DEL,250,94
5,DEL,251,110
5,DEL,252,99
5,DEL,253,87
5,DEL,254,83
5,DEL,255,83
5,DEL,257,161
5,DEL,259,161
5,DEL,261,155
5,DEL,263,142
5,DEL,265,139
5,DEL,267,119
5,DEL,269,101
5,DEL,271,89
5,DEL,273,92
5,DEL,275,92
5,DEL,277,77
5,DEL,279,69
5,DEL,281,88
5,DEL,283,69
5,DEL,285,70
5,DEL,287,67
5,DEL,289,74
5,DEL,291,45
5,DEL,293,41
5,DEL,295,40
5,DEL,297,40
5,DEL,299,45
5,DEL,301,38
5,DEL,303,25
5,DEL,305,35
5,DEL,307,26
5,DEL,309,25
5,DEL,311,27
5,DEL,313,21
5,DEL,315,32
5,DEL,317,22
5,DEL,319,23
5,DEL,321,16
5,DEL,323,15
5,DEL,325,22
5,DEL,327,17
5,DEL,329,15
5,DEL,331,17
5,DEL,333,14
5,DEL,335,19
5,DEL,337,18
5,DEL,339,12
5,DEL,341,14
5,DEL,343,9
5,DEL,345,15
5,DEL,347,7
5,DEL,349,13
5,DEL,351,4
5,DEL,353,6
5,DEL,355,6
5,DEL,357,7
5,DEL,359,10
5,DEL,361,8
5,DEL,363,8
5,DEL,365,5
5,DEL,367,5
5,DEL,369,1
5,DEL,371,6
5,DEL,373,5
5,DEL,375,2
5,DEL,377,5
5,DEL,379,3
5,DEL,381,3
5,DEL,383,7
5,DEL,385,3
5,DEL,387,3
5,DEL,389,6
5,DEL,391,3
5,DEL,393,5
5,DEL,395,1
5,DEL,399,3
5,DEL,401,4
5,DEL,403,4
5,DEL,405,3
5,DEL,407,3
5,DEL,409,2
5,DEL,411,2
5,DEL,413,1
5,DEL,415,2
5,DEL,419,1
5,DEL,421,2
5,DEL,423,1
5,DEL,425,2
5,DEL,427,1
5,DEL,429,2
5,DEL,431,2
5,DEL,433,2
5,DEL,435,1
5,DEL,437,2
5,DEL,439,2
5,DEL,445,1
5,DEL,449,1
5,DEL,451,1
5,DEL,455,2
5,DEL,459,4
5,DEL,461,3
5,DEL,465,4
5,DEL,467,1
5,DEL,469,1
5,DEL,471,2
5,DEL,473,2
5,DEL,475,3
5,DEL,477,1
5,DEL,481,1
5,DEL,489,2
5,DEL,493,1
5,DEL,495,1
5,DEL,497,2
5,DEL,501,3
5,DEL,503,4
5,DEL,505,1
5,DEL,507,2
5,DEL,509,1
5,DEL,515,1
5,DEL,523,1
5,DEL,527,4
5,DEL,531,5
5,DEL,535,1
5,DEL,539,1
5,DEL,547,1
5,DEL,551,1
5,DEL,555,4
5,DEL,559,2
5,DEL,563,1
5,DEL,567,2
5,DEL,571,3
5,DEL,575,4
5,DEL,579,1
5,DEL,587,2
5,DEL,595,1
5,DEL,603,1
5,DEL,607,1
5,DEL,611,2
5,DEL,619,2
5,DEL,623,2
5,DEL,627,1
5,DEL,635,1
5,DEL,639,2
5,DEL,643,1
5,DEL,647,2
5,DEL,651,3
5,DEL,655,2
5,DEL,659,1
5,DEL,667,1
5,DEL,675,1
5,DEL,695,2
5,DEL,699,1
5,DEL,703,1
5,DEL,715,2
5,DEL,723,1
5,DEL,735,2
5,DEL,747,1
5,DEL,751,2
5,DEL,783,1
5,DEL,795,2
5,DEL,815,2
5,DEL,819,1
5,DEL,827,1
5,DEL,835,1
5,DEL,847,1
5,DEL,851,1
5,DEL,867,1
5,DEL,871,1
5,DEL,887,1
5,DEL,891,1
5,DEL,895,1
5,DEL,907,1
5,DEL,927,1
5,DEL,943,2
5,DEL,955,1
5,DEL,959,1
5,DEL,1019,2
5,DEL,1047,1
5,DEL,1055,1
5,DEL,1087,1
5,DEL,1127,1
5,DEL,1207,1
5,DEL,1223,1
5,DEL,1295,1
5,DEL,1335,1
5,DEL,1359,1
5,DEL,1367,1
5,DEL,1399,1
5,DEL,1407,1
5,DEL,1431,1
5,DEL,1503,1
5,DEL,1831,1
5,DEL,1871,1
5,DEL,2111,1
5,DEL,2223,1
5,DEL,2287,1
5,DEL,2319,1
5,DEL,2463,1
5,DEL,2495,1
5,DEL,3359,1
6,SET,90,1
6,SET,91,1
6,SET,93,2
6,SET,94,3
6,SET,95,4
6,SET,96,4
6,SET,97,5
6,SET,98,4
6,SET,99,11
6,SET,100,22
6,SET,101,10
6,SET,102,24
6,SET,103,25
6,SET,104,36
6,SET,105,55
6,SET,106,48
6,SET,107,51
6,SET,108,70
6,SET,109,69
6,SET,110,83
6,SET,111,79
6,SET,112,89
6,SET,113,90
6,SET,114,131
6,SET,115,114
6,SET,116,137
6,SET,117,168
6,SET,118,165
6,SET,119,180
6,SET,120,192
6,SET,121,202
6,SET,122,190
6,SET,123,249
6,SET,124,244
6,SET,125,281
6,SET,126,253
6,SET,127,280
6,SET,128,330
6,SET,129,319
6,SET,130,352
6,SET,131,356
6,SET,132,386
6,SET,133,390
6,SET,134,356
6,SET,135,375
6,SET,136,401
6,SET,137,376
6,SET,138,381
6,SET,139,410
6,SET,140,391
6,SET,141,418
6,SET,142,436
6,SET,143,464
6,SET,144,441
6,SET,145,440
6,SET,146,458
6,SET,147,421
6,SET,148,444
6,SET,149,435
6,SET,150,470
6,SET,151,457
6,SET,152,416
6,SET,153,426
6,SET,154,393
6,SET,155,417
6,SET,156,430
6,SET,157,418
6,SET,158,419
6,SET,159,422
6,SET,160,437
6,SET,161,399
6,SET,162,416
6,SET,163,397
6,SET,164,391
6,SET,165,398
6,SET,166,368
6,SET,167,338
6,SET,168,355
6,SET,169,377
6,SET,170,310
6,SET,171,309
6,SET,172,331
6,SET,173,323
6,SET,174,322
6,SET,175,275
6,SET,176,298
6,SET,177,308
6,SET,178,319
6,SET,179,264
6,SET,180,285
6,SET,181,270
6,SET,182,232
6,SET,183,253
6,SET,184,229
6,SET,185,220
6,SET,186,230
6,SET,187,240
6,SET,188,213
6,SET,189,223
6,SET,190,198
6,SET,191,214
6,SET,192,225
6,SET,193,180
6,SET,194,192
6,SET,195,159
6,SET,196,159
6,SET,197,171
6,SET,198,144
6,SET,199,141
6,SET,200,155
6,SET,201,134
6,SET,202,127
6,SET,203,127
6,SET,204,123
6,SET,205,115
6,SET,206,107
6,SET,207,95
6,SET,208,130
6,SET,209,96
6,SET,210,95
6,SET,211,99
6,SET,212,100
6,SET,213,90
6,SET,214,94
6,SET,215,92
6,SET,216,82
6,SET,217,96
6,SET,218,66
6,SET,219,51
6,SET,220,61
6,SET,221,79
6,SET,222,66
6,SET,223,52
6,SET,224,69
6,SET,225,62
6,SET,226,59
6,SET,227,55
6,SET,228,57
6,SET,229,47
6,SET,230,35
6,SET,231,51
6,SET,232,49
6,SET,233,41
6,SET,234,34
6,SET,235,37
6,SET,236,39
6,SET,237,25
6,SET,238,49
6,SET,239,36
6,SET,240,37
6,SET,241,22
6,SET,242,32
6,SET,243,31
6,SET,244,31
6,SET,245,29
6,SET,246,29
6,SET,247,19
6,SET,248,25
6,SET,249,14
6,SET,250,19
6,SET,251,19
6,SET,252,15
6,SET,253,16
6,SET,254,16
6,SET,255,17
6,SET,257,41
6,SET,259,31
6,SET,261,36
6,SET,263,20
6,SET,265,24
6,SET,267,25
6,SET,269,20
6,SET,271,16
6,SET,273,25
6,SET,275,14
6,SET,277,11
6,SET,279,14
6,SET,281,11
6,SET,283,14
6,SET,285,11
6,SET,287,13
6,SET,289,9
6,SET,291,7
6,SET,293,13
6,SET,295,12
6,SET,297,6
6,SET,299,10
6,SET,301,8
6,SET,303,4
6,SET,305,3
6,SET,307,4
6,SET,309,4
6,SET,311,8
6,SET,313,5
6,SET,315,5
6,SET,317,6
6,SET,321,1
6,SET,323,5
6,SET,325,1
6,SET,327,3
6,SET,329,1
6,SET,331,3
6,SET,333,1
6,SET,335,3
6,SET,339,2
6,SET,341,2
6,SET,343,2
6,SET,345,1
6,SET,349,4
6,SET,351,1
6,SET,355,3
6,SET,357,1
6,SET,361,3
6,SET,363,1
6,SET,367,1
6,SET,369,2
6,SET,373,2
6,SET,375,2
6,SET,377,1
6,SET,379,3
6,SET,381,1
6,SET,383,3
6,SET,385,1
6,SET,387,1
6,SET,389,1
6,SET,391,3
6,SET,393,1
6,SET,397,1
6,SET,399,1
6,SET,401,2
6,SET,405,2
6,SET,409,1
6,SET,413,2
6,SET,415,1
6,SET,421,1
6,SET,423,1
6,SET,425,1
6,SET,429,1
6,SET,437,1
6,SET,451,1
6,SET,453,1
6,SET,457,1
6,SET,459,1
6,SET,469,1
6,SET,471,1
6,SET,495,1
6,SET,515,1
6,SET,523,1
6,SET,563,1
6,SET,567,1
6,SET,571,2
6,SET,587,1
6,SET,607,1
6,SET,611,1
6,SET,639,1
6,SET,643,1
6,SET,655,1
6,SET,667,1
6,SET,671,1
6,SET,683,1
6,SET,711,2
6,SET,723,1
6,SET,843,1
6,SET,863,1
6,SET,887,1
6,SET,963,1
6,SET,1247,1
6,SET,1287,1
6,DEL,84,2
6,DEL,86,1
6,DEL,87,4
6,DEL,88,2
6,DEL,89,3
6,DEL,90,7
6,DEL,91,8
6,DEL,92,15
6,DEL,93,23
6,DEL,94,32
6,DEL,95,38
6,DEL,96,48
6,DEL,97,69
6,DEL,98,81
6,DEL,99,99
6,DEL,100,160
6,DEL,101,190
6,DEL,102,200
6,DEL,103,203
6,DEL,104,255
6,DEL,105,278
6,DEL,106,362
6,DEL,107,381
6,DEL,108,446
6,DEL,109,508
6,DEL,110,566
6,DEL,111,646
6,DEL,112,644
6,DEL,113,740
6,DEL,114,780
6,DEL,115,883
6,DEL,116,958
6,DEL,117,1056
6,DEL,118,1094
6,DEL,119,1192
6,DEL,120,1252
6,DEL,121,1243
6,DEL,122,1418
6,DEL,123,1479
6,DEL,124,1494
6,DEL,125,1688
6,DEL,126,1672
6,DEL,127,1798
6,DEL,128,1757
6,DEL,129,1826
6,DEL,130,1878
6,DEL,131,1914
6,DEL,132,1865
6,DEL,133,2070
6,DEL,134,2105
6,DEL,135,2055
6,DEL,136,2081
6,DEL,137,2156
6,DEL,138,2295
6,DEL,139,2203
6,DEL,140,2257
6,DEL,141,2208
6,DEL,142,2227
6,DEL,143,2290
6,DEL,144,2289
6,DEL,145,2222
6,DEL,146,2246
6,DEL,147,2218
6,DEL,148,2327
6,DEL,149,2169
6,DEL,150,2294
6,DEL,151,2125
6,DEL,152,2164
6,DEL,153,2085
6,DEL,154,2128
6,DEL,155,2090
6,DEL,156,2027
6,DEL,157,2036
6,DEL,158,2007
6,DEL,159,1905
6,DEL,160,1910
6,DEL,161,1866
6,DEL,162,1798
6,DEL,163,1797
6,DEL,164,1798
6,DEL,165,1708
6,DEL,166,1708
6,DEL,167,1667
6,DEL,168,1615
6,DEL,169,1645
6,DEL,170,1509
6,DEL,171,1525
6,DEL,172,1491
6,DEL,173,1441
6,DEL,174,1415
6,DEL,175,1375
6,DEL,176,1239
6,DEL,177,1295
6,DEL,178,1272
6,DEL,179,1179
6,DEL,180,1177
6,DEL,181,1073
6,DEL,182,1094
6,DEL,183,1055
6,DEL,184,1017
6,DEL,185,1019
6,DEL,186,989
6,DEL,187,894
6,DEL,188,897
6,DEL,189,828
6,DEL,190,849
6,DEL,191,847
6,DEL,192,752
6,DEL,193,775
6,DEL,194,740
6,DEL,195,644
6,DEL,196,674
6,DEL,197,663
6,DEL,198,592
6,DEL,199,597
6,DEL,200,578
6,DEL,201,571
6,DEL,202,563
6,DEL,203,519
6,DEL,204,538
6,DEL,205,491
6,DEL,206,435
6,DEL,207,402
6,DEL,208,480
6,DEL,209,428
6,DEL,210,400
6,DEL,211,337
6,DEL,212,390
6,DEL,213,343
6,DEL,214,339
6,DEL,215,297
6,DEL,216,307
6,DEL,217,339
6,DEL,218,285
6,DEL,219,294
6,DEL,220,276
6,DEL,221,213
6,DEL,222,244
6,DEL,223,240
6,DEL,224,232
6,DEL,225,221
6,DEL,226,230
6,DEL,227,184
6,DEL,228,204
6,DEL,229,206
6,DEL,230,195
6,DEL,231,155
6,DEL,232,152
6,DEL,233,162
6,DEL,234,158
6,DEL,235,162
6,DEL,236,141
6,DEL,237,137
6,DEL,238,128
6,DEL,239,136
6,DEL,240,132
6,DEL,241,123
6,DEL,242,121
6,DEL,243,100
6,DEL,244,100
6,DEL,245,128
6,DEL,246,109
6,DEL,247,102
6,DEL,248,98
6,DEL,249,103
6,DEL,250,94
6,DEL,251,82
6,DEL,252,94
6,DEL,253,87
6,DEL,254,79
6,DEL,255,71
6,DEL,257,150
6,DEL,259,129
6,DEL,261,110
6,DEL,263,100
6,DEL,265,92
6,DEL,267,92
6,DEL,269,82
6,DEL,271,84
6,DEL,273,64
6,DEL,275,63
6,DEL,277,64
6,DEL,279,62
6,DEL,281,45
6,DEL,283,67
6,DEL,285,46
6,DEL,287,55
6,DEL,289,43
6,DEL,291,47
6,DEL,293,40
6,DEL,295,40
6,DEL,297,38
6,DEL,299,23
6,DEL,301,32
6,DEL,303,24
6,DEL,305,27
6,DEL,307,26
6,DEL,309,26
6,DEL,311,16
6,DEL,313,11
6,DEL,315,15
6,DEL,317,15
6,DEL,319,9
6,DEL,321,22
6,DEL,323,14
6,DEL,325,15
6,DEL,327,20
6,DEL,329,13
6,DEL,331,11
6,DEL,333,9
6,DEL,335,13
6,DEL,337,4
6,DEL,339,11
6,DEL,341,12
6,DEL,343,10
6,DEL,345,6
6,DEL,347,12
6,DEL,349,12
6,DEL,351,7
6,DEL,353,11
6,DEL,355,6
6,DEL,357,4
6,DEL,359,9
6,DEL,361,8
6,DEL,363,9
6,DEL,365,4
6,DEL,367,5
6,DEL,369,3
6,DEL,371,6
6,DEL,373,2
6,DEL,375,6
6,DEL,377,2
6,DEL,379,4
6,DEL,381,5
6,DEL,383,4
6,DEL,385,1
6,DEL,387,2
6,DEL,389,3
6,DEL,391,1
6,DEL,393,2
6,DEL,395,2
6,DEL,397,4
6,DEL,399,2
6,DEL,401,4
6,DEL,403,5
6,DEL,407,3
6,DEL,409,4
6,DEL,411,6
6,DEL,413,1
6,DEL,415,3
6,DEL,417,3
6,DEL,419,5
6,DEL,421,6
6,DEL,423,2
6,DEL,425,3
6,DEL,427,6
6,DEL,429,2
6,DEL,431,3
6,DEL,433,1
6,DEL,435,1
6,DEL,437,5
6,DEL,439,1
6,DEL,441,2
6,DEL,443,3
6,DEL,447,2
6,DEL,449,2
6,DEL,451,1
6,DEL,453,3
6,DEL,455,5
6,DEL,457,1
6,DEL,459,2
6,DEL,461,2
6,DEL,463,2
6,DEL,465,2
6,DEL,469,1
6,DEL,471,1
6,DEL,473,3
6,DEL,477,1
6,DEL,481,3
6,DEL,483,3
6,DEL,485,1
6,DEL,489,1
6,DEL,491,2
6,DEL,493,1
6,DEL,495,1
6,DEL,497,1
6,DEL,499,2
6,DEL,501,2
6,DEL,505,1
6,DEL,507,1
6,DEL,509,1
6,DEL,511,3
6,DEL,519,5
6,DEL,523,2
6,DEL,527,1
6,DEL,535,1
6,DEL,539,2
6,DEL,543,4
6,DEL,547,1
6,DEL,551,2
6,DEL,555,2
6,DEL,559,2
6,DEL,563,1
6,DEL,567,1
6,DEL,571,2
6,DEL,575,1
6,DEL,579,2
6,DEL,583,1
6,DEL,587,1
6,DEL,591,3
6,DEL,595,1
6,DEL,599,2
6,DEL,611,3
6,DEL,615,1
6,DEL,619,3
6,DEL,627,1
6,DEL,635,1
6,DEL,639,1
6,DEL,647,1
6,DEL,651,2
6,DEL,655,1
6,DEL,659,2
6,DEL,663,3
6,DEL,667,2
6,DEL,671,1
6,DEL,679,2
6,DEL,695,3
6,DEL,707,2
6,DEL,711,2
6,DEL,719,2
6,DEL,723,2
6,DEL,731,1
6,DEL,747,1
6,DEL,755,2
6,DEL,771,1
6,DEL,775,1
6,DEL,811,1
6,DEL,823,1
6,DEL,827,1
6,DEL,831,2
6,DEL,835,1
6,DEL,855,1
6,DEL,867,1
6,DEL,875,2
6,DEL,899,3
6,DEL,911,1
6,DEL,915,1
6,DEL,935,1
6,DEL,955,2
6,DEL,963,1
6,DEL,1011,1
6,DEL,1015,1
6,DEL,1023,1
6,DEL,1039,1
6,DEL,1063,1
6,DEL,1071,1
6,DEL,1095,1
6,DEL,1111,1
6,DEL,1215,1
6,DEL,1223,1
6,DEL,1239,1
6,DEL,1303,1
6,DEL,1311,1
6,DEL,1351,1
6,DEL,1391,1
6,DEL,1463,1
6,DEL,1511,1
6,DEL,1551,2
6,DEL,1727,1
6,DEL,1823,1
6,DEL,1831,1
6,DEL,1879,1
6,DEL,1975,1
6,DEL,2319,1
6,DEL,2383,1
6,DEL,2751,1
6,DEL,3071,1
6,GET,83,1
6,GET,84,1
6,GET,85,2
6,GET,86,1
6,GET,87,4
6,GET,88,11
6,GET,89,20
6,GET,90,33
6,GET,91,40
6,GET,92,56
6,GET,93,59
6,GET,94,109
6,GET,95,115
6,GET,96,197
6,GET,97,187
6,GET,98,290
6,GET,99,400
6,GET,100,467
6,GET,101,512
6,GET,102,615
6,GET,103,749
6,GET,104,868
6,GET,105,943
6,GET,106,1119
6,GET,107,1273
6,GET,108,1399
6,GET,109,1506
6,GET,110,1717
6,GET,111,1868
6,GET,112,2133
6,GET,113,2200
6,GET,114,2452
6,GET,115,2643
6,GET,116,2782
6,GET,117,3091
6,GET,118,3156
6,GET,119,3427
6,GET,120,3683
6,GET,121,3864
6,GET,122,4006
6,GET,123,4188
6,GET,124,4418
6,GET,125,4696
6,GET,126,4856
6,GET,127,4995
6,GET,128,5149
6,GET,129,5164
6,GET,130,5464
6,GET,131,5537
6,GET,132,5590
6,GET,133,5720
6,GET,134,5831
6,GET,135,5872
6,GET,136,6136
6,GET,137,6172
6,GET,138,6095
6,GET,139,6221
6,GET,140,6291
6,GET,141,6287
6,GET,142,6350
6,GET,143,6330
6,GET,144,6267
6,GET,145,6146
6,GET,146,6425
6,GET,147,6326
6,GET,148,6295
6,GET,149,6435
6,GET,150,6246
6,GET,151,6133
6,GET,152,5942
6,GET,153,6058
6,GET,154,5832
6,GET,155,5810
6,GET,156,5790
6,GET,157,5594
6,GET,158,5436
6,GET,159,5367
6,GET,160,5337
6,GET,161,5146
6,GET,162,5153
6,GET,163,5001
6,GET,164,4980
6,GET,165,4724
6,GET,166,4687
6,GET,167,4588
6,GET,168,4414
6,GET,169,4323
6,GET,170,4156
6,GET,171,4019
6,GET,172,3959
6,GET,173,3828
6,GET,174,3862
6,GET,175,3682
6,GET,176,3589
6,GET,177,3489
6,GET,178,3283
6,GET,179,3275
6,GET,180,3217
6,GET,181,3048
6,GET,182,3003
6,GET,183,2904
6,GET,184,2643
6,GET,185,2728
6,GET,186,2627
6,GET,187,2504
6,GET,188,2417
6,GET,189,2421
6,GET,190,2271
6,GET,191,2092
6,GET,192,2042
6,GET,193,2039
6,GET,194,1939
6,GET,195,1873
6,GET,196,1906
6,GET,197,1805
6,GET,198,1711
6,GET,199,1587
6,GET,200,1638
6,GET,201,1571
6,GET,202,1440
6,GET,203,1398
6,GET,204,1375
6,GET,205,1301
6,GET,206,1198
6,GET,207,1272
6,GET,208,1152
6,GET,209,1134
6,GET,210,1090
6,GET,211,1069
6,GET,212,1027
6,GET,213,975
6,GET,214,938
6,GET,215,870
6,GET,216,864
6,GET,217,782
6,GET,218,799
6,GET,219,776
6,GET,220,727
6,GET,221,732
6,GET,222,709
6,GET,223,657
6,GET,224,606
6,GET,225,627
6,GET,226,586
6,GET,227,573
6,GET,228,514
6,GET,229,505
6,GET,230,510
6,GET,231,460
6,GET,232,470
6,GET,233,462
6,GET,234,420
6,GET,235,428
6,GET,236,396
6,GET,237,382
6,GET,238,347
6,GET,239,362
6,GET,240,385
6,GET,241,361
6,GET,242,317
6,GET,243,306
6,GET,244,304
6,GET,245,287
6,GET,246,291
6,GET,247,277
6,GET,248,253
6,GET,249,247
6,GET,250,213
6,GET,251,228
6,GET,252,224
6,GET,253,210
6,GET,254,185
6,GET,255,168
6,GET,257,357
6,GET,259,359
6,GET,261,297
6,GET,263,288
6,GET,265,260
6,GET,267,264
6,GET,269,252
6,GET,271,212
6,GET,273,182
6,GET,275,189
6,GET,277,189
6,GET,279,147
6,GET,281,180
6,GET,283,149
6,GET,285,135
6,GET,287,148
6,GET,289,101
6,GET,291,118
6,GET,293,100
6,GET,295,92
6,GET,297,73
6,GET,299,87
6,GET,301,79
6,GET,303,82
6,GET,305,68
6,GET,307,82
6,GET,309,67
6,GET,311,67
6,GET,313,65
6,GET,315,44
6,GET,317,34
6,GET,319,55
6,GET,321,40
6,GET,323,40
6,GET,325,37
6,GET,327,50
6,GET,329,35
6,GET,331,39
6,GET,333,35
6,GET,335,24
6,GET,337,26
6,GET,339,30
6,GET,341,19
6,GET,343,22
6,GET,345,26
6,GET,347,16
6,GET,349,24
6,GET,351,25
6,GET,353,17
6,GET,355,25
6,GET,357,15
6,GET,359,19
6,GET,361,19
6,GET,363,12
6,GET,365,7
6,GET,367,9
6,GET,369,14
6,GET,371,11
6,GET,373,14
6,GET,375,9
6,GET,377,11
6,GET,379,17
6,GET,381,12
6,GET,383,12
6,GET,385,12
6,GET,387,5
6,GET,389,9
6,GET,391,11
6,GET,393,11
6,GET,395,14
6,GET,397,12
6,GET,399,9
6,GET,401,2
6,GET,403,6
6,GET,405,10
6,GET,407,9
6,GET,409,3
6,GET,411,10
6,GET,413,8
6,GET,415,5
6,GET,417,1
6,GET,419,6
6,GET,421,1
6,GET,423,11
6,GET,425,9
6,GET,427,6
6,GET,429,7
6,GET,431,6
6,GET,433,4
6,GET,435,5
6,GET,437,1
6,GET,439,7
6,GET,441,7
6,GET,443,2
6,GET,445,4
6,GET,447,1
6,GET,449,4
6,GET,451,5
6,GET,453,3
6,GET,455,6
6,GET,457,5
6,GET,459,2
6,GET,461,3
6,GET,463,3
6,GET,465,5
6,GET,467,2
6,GET,469,6
6,GET,471,3
6,GET,473,2
6,GET,475,1
6,GET,477,2
6,GET,479,5
6,GET,481,1
6,GET,483,3
6,GET,485,3
6,GET,487,1
6,GET,489,4
6,GET,491,3
6,GET,493,3
6,GET,495,4
6,GET,497,6
6,GET,499,4
6,GET,501,2
6,GET,503,10
6,GET,505,1
6,GET,507,2
6,GET,509,3
6,GET,511,4
6,GET,515,6
6,GET,519,8
6,GET,523,4
6,GET,527,5
6,GET,531,1
6,GET,535,10
6,GET,539,12
6,GET,543,1
6,GET,547,3
6,GET,551,2
6,GET,555,2
6,GET,559,4
6,GET,563,2
6,GET,567,7
6,GET,571,6
6,GET,575,4
6,GET,579,6
6,GET,583,3
6,GET,587,4
6,GET,591,1
6,GET,595,4
6,GET,599,3
6,GET,603,3
6,GET,607,6
6,GET,611,6
6,GET,615,7
6,GET,619,2
6,GET,623,3
6,GET,627,2
6,GET,631,7
6,GET,635,1
6,GET,639,3
6,GET,643,4
6,GET,647,1
6,GET,651,3
6,GET,655,1
6,GET,659,2
6,GET,663,2
6,GET,667,2
6,GET,671,6
6,GET,675,5
6,GET,679,3
6,GET,683,2
6,GET,687,4
6,GET,695,1
6,GET,699,1
6,GET,703,3
6,GET,711,2
6,GET,719,2
6,GET,731,2
6,GET,739,1
6,GET,747,2
6,GET,751,2
6,GET,759,2
6,GET,763,1
6,GET,775,2
6,GET,779,3
6,GET,783,3
6,GET,787,1
6,GET,791,1
6,GET,795,2
6,GET,799,1
6,GET,803,2
6,GET,807,1
6,GET,811,1
6,GET,823,1
6,GET,831,3
6,GET,835,1
6,GET,839,2
6,GET,847,1
6,GET,851,1
6,GET,855,1
6,GET,863,1
6,GET,867,1
6,GET,871,1
6,GET,875,1
6,GET,879,1
6,GET,883,2
6,GET,903,1
6,GET,907,4
6,GET,911,3
6,GET,915,1
6,GET,923,1
6,GET,951,1
6,GET,979,1
6,GET,995,1
6,GET,999,1
6,GET,1003,1
6,GET,1019,1
6,GET,1031,1
6,GET,1039,1
6,GET,1047,1
6,GET,1055,2
6,GET,1063,1
6,GET,1087,2
6,GET,1095,2
6,GET,1103,2
6,GET,1111,1
6,GET,1119,1
6,GET,1127,4
6,GET,1135,1
6,GET,1151,1
6,GET,1159,2
6,GET,1191,2
6,GET,1199,1
6,GET,1215,1
6,GET,1247,1
6,GET,1311,1
6,GET,1319,1
6,GET,1327,2
6,GET,1359,1
6,GET,1375,1
6,GET,1383,1
6,GET,1407,1
6,GET,1479,2
6,GET,1519,1
6,GET,1527,1
6,GET,1535,1
6,GET,1559,1
6,GET,1567,1
6,GET,1575,1
6,GET,1607,1
6,GET,1687,3
6,GET,1719,1
6,GET,1751,1
6,GET,1767,1
6,GET,1823,1
6,GET,1847,1
6,GET,1911,1
6,GET,1991,2
6,GET,2111,1
6,GET,2143,1
6,GET,2175,2
6,GET,2255,1
6,GET,2271,2
6,GET,2687,1
6,GET,2783,1
6,GET,2831,1
6,GET,2879,1
6,GET,2911,1
6,GET,2927,1
6,GET,3151,1
6,GET,3407,1
6,GET,3535,1
7,GET,84,1
7,GET,85,3
7,GET,86,3
7,GET,87,5
7,GET,88,5
7,GET,89,22
7,GET,90,16
7,GET,91,29
7,GET,92,34
7,GET,93,44
7,GET,94,79
7,GET,95,108
7,GET,96,139
7,GET,97,200
7,GET,98,277
7,GET,99,320
7,GET,100,405
7,GET,101,485
7,GET,102,567
7,GET,103,671
7,GET,104,798
7,GET,105,919
7,GET,106,1025
7,GET,107,1224
7,GET,108,1297
7,GET,109,1488
7,GET,110,1640
7,GET,111,1839
7,GET,112,2020
7,GET,113,2130
7,GET,114,2430
7,GET,115,2599
7,GET,116,2871
7,GET,117,3035
7,GET,118,3259
7,GET,119,3496
7,GET,120,3670
7,GET,121,3843
7,GET,122,4218
7,GET,123,4354
7,GET,124,4556
7,GET,125,4719
7,GET,126,4916
7,GET,127,5069
7,GET,128,5298
7,GET,129,5398
7,GET,130,5514
7,GET,131,5789
7,GET,132,5741
7,GET,133,5750
7,GET,134,6025
7,GET,135,6025
7,GET,136,6024
7,GET,137,6183
7,GET,138,6217
7,GET,139,6353
7,GET,140,6313
7,GET,141,6426
7,GET,142,6557
7,GET,143,6579
7,GET,144,6422
7,GET,145,6348
7,GET,146,6483
7,GET,147,6535
7,GET,148,6468
7,GET,149,6576
7,GET,150,6324
7,GET,151,6123
7,GET,152,6138
7,GET,153,5975
7,GET,154,5844
7,GET,155,5851
7,GET,156,5722
7,GET,157,5534
7,GET,158,5564
7,GET,159,5329
7,GET,160,5205
7,GET,161,5252
7,GET,162,4936
7,GET,163,4880
7,GET,164,4838
7,GET,165,4743
7,GET,166,4518
7,GET,167,4455
7,GET,168,4355
7,GET,169,4230
7,GET,170,4091
7,GET,171,3994
7,GET,172,3913
7,GET,173,3873
7,GET,174,3708
7,GET,175,3455
7,GET,176,3516
7,GET,177,3401
7,GET,178,3256
7,GET,179,3120
7,GET,180,3152
7,GET,181,3034
7,GET,182,2822
7,GET,183,2722
7,GET,184,2722
7,GET,185,2566
7,GET,186,2488
7,GET,187,2504
7,GET,188,2335
7,GET,189,2289
7,GET,190,2174
7,GET,191,2114
7,GET,192,2018
7,GET,193,1951
7,GET,194,1968
7,GET,195,1911
7,GET,196,1733
7,GET,197,1755
7,GET,198,1657
7,GET,199,1641
7,GET,200,1550
7,GET,201,1444
7,GET,202,1428
7,GET,203,1380
7,GET,204,1322
7,GET,205,1293
7,GET,206,1224
7,GET,207,1186
7,GET,208,1171
7,GET,209,1175
7,GET,210,1051
7,GET,211,1038
7,GET,212,942
7,GET,213,943
7,GET,214,921
7,GET,215,909
7,GET,216,887
7,GET,217,802
7,GET,218,801
7,GET,219,754
7,GET,220,701
7,GET,221,730
7,GET,222,660
7,GET,223,643
7,GET,224,619
7,GET,225,626
7,GET,226,590
7,GET,227,580
7,GET,228,545
7,GET,229,475
7,GET,230,510
7,GET,231,449
7,GET,232,481
7,GET,233,424
7,GET,234,444
7,GET,235,400
7,GET,236,415
7,GET,237,383
7,GET,238,344
7,GET,239,365
7,GET,240,360
7,GET,241,330
7,GET,242,373
7,GET,243,304
7,GET,244,280
7,GET,245,282
7,GET,246,263
7,GET,247,266
7,GET,248,257
7,GET,249,294
7,GET,250,237
7,GET,251,240
7,GET,252,233
7,GET,253,203
7,GET,254,221
7,GET,255,218
7,GET,257,354
7,GET,259,365
7,GET,261,334
7,GET,263,318
7,GET,265,281
7,GET,267,268
7,GET,269,281
7,GET,271,257
7,GET,273,205
7,GET,275,193
7,GET,277,194
7,GET,279,158
7,GET,281,172
7,GET,283,174
7,GET,285,137
7,GET,287,146
7,GET,289,121
7,GET,291,133
7,GET,293,122
7,GET,295,119
7,GET,297,93
7,GET,299,90
7,GET,301,82
7,GET,303,78
7,GET,305,79
7,GET,307,113
7,GET,309,72
7,GET,311,72
7,GET,313,58
7,GET,315,67
7,GET,317,54
7,GET,319,52
7,GET,321,43
7,GET,323,52
7,GET,325,50
7,GET,327,44
7,GET,329,38
7,GET,331,36
7,GET,333,52
7,GET,335,39
7,GET,337,23
7,GET,339,34
7,GET,341,28
7,GET,343,34
7,GET,345,27
7,GET,347,18
7,GET,349,27
7,GET,351,20
7,GET,353,27
7,GET,355,15
7,GET,357,23
7,GET,359,20
7,GET,361,19
7,GET,363,16
7,GET,365,19
7,GET,367,12
7,GET,369,11
7,GET,371,13
7,GET,373,15
7,GET,375,10
7,GET,377,14
7,GET,379,13
7,GET,381,9
7,GET,383,8
7,GET,385,13
7,GET,387,9
7,GET,389,9
7,GET,391,8
7,GET,393,9
7,GET,395,6
7,GET,397,6
7,GET,399,9
7,GET,401,6
7,GET,403,4
7,GET,405,7
7,GET,407,7
7,GET,409,7
7,GET,411,7
7,GET,413,12
7,GET,415,9
7,GET,417,7
7,GET,419,5
7,GET,421,5
7,GET,423,2
7,GET,425,10
7,GET,427,9
7,GET,429,4
7,GET,431,4
7,GET,433,5
7,GET,435,3
7,GET,437,6
7,GET,439,4
7,GET,441,6
7,GET,443,2
7,GET,445,9
7,GET,447,7
7,GET,449,2
7,GET,451,6
7,GET,453,5
7,GET,455,6
7,GET,457,7
7,GET,459,2
7,GET,461,7
7,GET,463,5
7,GET,465,6
7,GET,467,8
7,GET,469,4
7,GET,471,2
7,GET,473,5
7,GET,475,2
7,GET,477,5
7,GET,479,5
7,GET,481,3
7,GET,483,4
7,GET,485,5
7,GET,487,3
7,GET,489,2
7,GET,491,5
7,GET,493,2
7,GET,495,5
7,GET,499,4
7,GET,501,5
7,GET,505,3
7,GET,507,9
7,GET,509,1
7,GET,511,6
7,GET,515,6
7,GET,519,3
7,GET,523,4
7,GET,527,3
7,GET,531,1
7,GET,535,6
7,GET,539,1
7,GET,543,12
7,GET,547,7
7,GET,551,4
7,GET,555,4
7,GET,559,9
7,GET,563,1
7,GET,567,4
7,GET,571,1
7,GET,575,5
7,GET,583,3
7,GET,587,6
7,GET,591,5
7,GET,595,5
7,GET,599,5
7,GET,603,1
7,GET,607,1
7,GET,611,6
7,GET,615,7
7,GET,619,1
7,GET,623,3
7,GET,627,3
7,GET,631,2
7,GET,635,2
7,GET,639,1
7,GET,643,3
7,GET,647,5
7,GET,651,3
7,GET,655,2
7,GET,659,2
7,GET,663,5
7,GET,667,3
7,GET,671,5
7,GET,675,1
7,GET,679,4
7,GET,683,7
7,GET,687,2
7,GET,691,1
7,GET,695,1
7,GET,699,4
7,GET,703,1
7,GET,707,1
7,GET,711,2
7,GET,715,4
7,GET,719,1
7,GET,727,4
7,GET,731,1
7,GET,735,2
7,GET,739,5
7,GET,743,2
7,GET,747,1
7,GET,751,1
7,GET,755,1
7,GET,763,1
7,GET,767,1
7,GET,771,1
7,GET,775,2
7,GET,783,2
7,GET,787,2
7,GET,791,5
7,GET,795,4
7,GET,815,1
7,GET,823,2
7,GET,831,2
7,GET,843,1
7,GET,847,1
7,GET,851,1
7,GET,855,1
7,GET,863,2
7,GET,871,1
7,GET,879,1
7,GET,883,1
7,GET,887,1
7,GET,891,2
7,GET,895,1
7,GET,903,1
7,GET,927,2
7,GET,931,2
7,GET,939,2
7,GET,951,1
7,GET,955,1
7,GET,959,2
7,GET,971,2
7,GET,975,1
7,GET,983,3
7,GET,1003,1
7,GET,1015,1
7,GET,1019,1
7,GET,1031,2
7,GET,1039,1
7,GET,1047,4
7,GET,1055,2
7,GET,1063,1
7,GET,1071,1
7,GET,1079,1
7,GET,1095,1
7,GET,1143,2
7,GET,1151,1
7,GET,1159,2
7,GET,1167,1
7,GET,1183,1
7,GET,1191,1
7,GET,1255,1
7,GET,1271,1
7,GET,1287,2
7,GET,1303,1
7,GET,1311,2
7,GET,1319,2
7,GET,1327,1
7,GET,1343,1
7,GET,1447,1
7,GET,1471,1
7,GET,1487,1
7,GET,1559,2
7,GET,1575,1
7,GET,1591,1
7,GET,1607,2
7,GET,1655,1
7,GET,1671,1
7,GET,1711,1
7,GET,1719,1
7,GET,1767,1
7,GET,1783,1
7,GET,1927,1
7,GET,2063,1
7,GET,2079,2
7,GET,2095,3
7,GET,2159,1
7,GET,2239,1
7,GET,2303,1
7,GET,2415,1
7,GET,2431,1
7,GET,2495,1
7,GET,2751,1
7,GET,2847,1
7,GET,2863,1
7,GET,2911,1
7,GET,3183,1
7,DEL,86,1
7,DEL,88,3
7,DEL,91,11
7,DEL,92,11
7,DEL,93,11
7,DEL,94,24
7,DEL,95,30
7,DEL,96,49
7,DEL,97,70
7,DEL,98,74
7,DEL,99,103
7,DEL,100,138
7,DEL,101,136
7,DEL,102,175
7,DEL,103,203
7,DEL,104,277
7,DEL,105,274
7,DEL,106,354
7,DEL,107,384
7,DEL,108,415
7,DEL,109,491
7,DEL,110,574
7,DEL,111,600
7,DEL,112,724
7,DEL,113,698
7,DEL,114,815
7,DEL,115,924
7,DEL,116,941
7,DEL,117,1027
7,DEL,118,1101
7,DEL,119,1231
7,DEL,120,1268
7,DEL,121,1328
7,DEL,122,1346
7,DEL,123,1459
7,DEL,124,1576
7,DEL,125,1617
7,DEL,126,1720
7,DEL,127,1750
7,DEL,128,1813
7,DEL,129,1930
7,DEL,130,1906
7,DEL,131,1897
7,DEL,132,2014
7,DEL,133,2064
7,DEL,134,2121
7,DEL,135,2190
7,DEL,136,2137
7,DEL,137,2127
7,DEL,138,2255
7,DEL,139,2243
7,DEL,140,2204
7,DEL,141,2212
7,DEL,142,2345
7,DEL,143,2215
7,DEL,144,2304
7,DEL,145,2332
7,DEL,146,2275
7,DEL,147,2347
7,DEL,148,2320
7,DEL,149,2228
7,DEL,150,2242
7,DEL,151,2218
7,DEL,152,2235
7,DEL,153,2069
7,DEL,154,2160
7,DEL,155,2190
7,DEL,156,2059
7,DEL,157,1994
7,DEL,158,1981
7,DEL,159,1973
7,DEL,160,1960
7,DEL,161,1891
7,DEL,162,1877
7,DEL,163,1778
7,DEL,164,1678
7,DEL,165,1622
7,DEL,166,1675
7,DEL,167,1568
7,DEL,168,1577
7,DEL,169,1555
7,DEL,170,1526
7,DEL,171,1460
7,DEL,172,1352
7,DEL,173,1363
7,DEL,174,1379
7,DEL,175,1339
7,DEL,176,1274
7,DEL,177,1291
7,DEL,178,1199
7,DEL,179,1192
7,DEL,180,1172
7,DEL,181,1138
7,DEL,182,1104
7,DEL,183,1061
7,DEL,184,1012
7,DEL,185,927
7,DEL,186,941
7,DEL,187,914
7,DEL,188,883
7,DEL,189,854
7,DEL,190,806
7,DEL,191,780
7,DEL,192,717
7,DEL,193,720
7,DEL,194,727
7,DEL,195,684
7,DEL,196,607
7,DEL,197,670
7,DEL,198,598
7,DEL,199,584
7,DEL,200,582
7,DEL,201,561
7,DEL,202,528
7,DEL,203,521
7,DEL,204,544
7,DEL,205,502
7,DEL,206,416
7,DEL,207,448
7,DEL,208,405
7,DEL,209,393
7,DEL,210,430
7,DEL,211,373
7,DEL,212,384
7,DEL,213,372
7,DEL,214,335
7,DEL,215,328
7,DEL,216,285
7,DEL,217,314
7,DEL,218,289
7,DEL,219,285
7,DEL,220,260
7,DEL,221,285
7,DEL,222,246
7,DEL,223,237
7,DEL,224,215
7,DEL,225,198
7,DEL,226,234
7,DEL,227,219
7,DEL,228,212
7,DEL,229,182
7,DEL,230,182
7,DEL,231,182
7,DEL,232,186
7,DEL,233,179
7,DEL,234,168
7,DEL,235,168
7,DEL,236,165
7,DEL,237,127
7,DEL,238,120
7,DEL,239,126
7,DEL,240,127
7,DEL,241,125
7,DEL,242,116
7,DEL,243,130
7,DEL,244,107
7,DEL,245,103
7,DEL,246,91
7,DEL,247,100
7,DEL,248,107
7,DEL,249,94
7,DEL,250,86
7,DEL,251,71
7,DEL,252,85
7,DEL,253,83
7,DEL,254,88
7,DEL,255,66
7,DEL,257,144
7,DEL,259,128
7,DEL,261,128
7,DEL,263,126
7,DEL,265,89
7,DEL,267,110
7,DEL,269,100
7,DEL,271,92
7,DEL,273,86
7,DEL,275,79
7,DEL,277,69
7,DEL,279,65
7,DEL,281,66
7,DEL,283,57
7,DEL,285,35
7,DEL,287,54
7,DEL,289,62
7,DEL,291,36
7,DEL,293,47
7,DEL,295,40
7,DEL,297,40
7,DEL,299,34
7,DEL,301,44
7,DEL,303,31
7,DEL,305,17
7,DEL,307,30
7,DEL,309,23
7,DEL,311,26
7,DEL,313,30
7,DEL,315,24
7,DEL,317,19
7,DEL,319,22
7,DEL,321,17
7,DEL,323,17
7,DEL,325,8
7,DEL,327,15
7,DEL,329,21
7,DEL,331,15
7,DEL,333,21
7,DEL,335,14
7,DEL,337,14
7,DEL,339,10
7,DEL,341,14
7,DEL,343,10
7,DEL,345,6
7,DEL,347,6
7,DEL,349,9
7,DEL,351,5
7,DEL,353,10
7,DEL,355,5
7,DEL,357,7
7,DEL,359,3
7,DEL,361,5
7,DEL,363,6
7,DEL,365,14
7,DEL,367,10
7,DEL,369,3
7,DEL,371,4
7,DEL,373,4
7,DEL,375,3
7,DEL,377,5
7,DEL,379,5
7,DEL,381,2
7,DEL,383,3
7,DEL,385,7
7,DEL,387,4
7,DEL,389,3
7,DEL,391,6
7,DEL,393,2
7,DEL,395,1
7,DEL,397,5
7,DEL,399,3
7,DEL,401,3
7,DEL,403,3
7,DEL,405,10
7,DEL,407,1
7,DEL,409,3
7,DEL,411,3
7,DEL,415,2
7,DEL,417,2
7,DEL,419,4
7,DEL,421,1
7,DEL,423,5
7,DEL,425,4
7,DEL,427,4
7,DEL,429,1
7,DEL,431,4
7,DEL,433,1
7,DEL,435,1
7,DEL,437,2
7,DEL,439,3
7,DEL,441,3
7,DEL,443,3
7,DEL,445,3
7,DEL,447,3
7,DEL,449,2
7,DEL,451,1
7,DEL,453,2
7,DEL,455,1
7,DEL,463,3
7,DEL,465,1
7,DEL,467,1
7,DEL,469,1
7,DEL,471,1
7,DEL,473,1
7,DEL,475,1
7,DEL,477,1
7,DEL,479,2
7,DEL,481,2
7,DEL,485,3
7,DEL,489,2
7,DEL,495,1
7,DEL,499,2
7,DEL,501,2
7,DEL,503,1
7,DEL,507,2
7,DEL,511,3
7,DEL,515,1
7,DEL,519,5
7,DEL,523,1
7,DEL,527,2
7,DEL,531,1
7,DEL,539,3
7,DEL,547,3
7,DEL,551,2
7,DEL,555,1
7,DEL,559,5
7,DEL,563,1
7,DEL,567,2
7,DEL,571,1
7,DEL,575,2
7,DEL,579,3
7,DEL,583,1
7,DEL,595,3
7,DEL,599,2
7,DEL,603,1
7,DEL,607,2
7,DEL,611,4
7,DEL,615,1
7,DEL,619,2
7,DEL,627,2
7,DEL,639,1
7,DEL,643,2
7,DEL,651,3
7,DEL,659,1
7,DEL,663,1
7,DEL,667,3
7,DEL,671,2
7,DEL,675,2
7,DEL,679,2
7,DEL,683,1
7,DEL,687,2
7,DEL,691,1
7,DEL,695,2
7,DEL,699,1
7,DEL,707,1
7,DEL,719,1
7,DEL,723,1
7,DEL,727,1
7,DEL,731,1
7,DEL,739,1
7,DEL,755,1
7,DEL,763,1
7,DEL,775,1
7,DEL,779,1
7,DEL,783,2
7,DEL,791,1
7,DEL,819,1
7,DEL,823,1
7,DEL,835,1
7,DEL,855,2
7,DEL,871,1
7,DEL,875,2
7,DEL,903,1
7,DEL,915,1
7,DEL,919,2
7,DEL,935,1
7,DEL,955,1
7,DEL,967,1
7,DEL,1023,1
7,DEL,1055,1
7,DEL,1103,1
7,DEL,1199,1
7,DEL,1207,1
7,DEL,1239,1
7,DEL,1279,1
7,DEL,1287,1
7,DEL,1511,1
7,DEL,1599,1
7,DEL,1655,1
7,DEL,2007,1
7,DEL,2223,2
7,DEL,2255,1
7,DEL,2399,1
7,DEL,2591,1
7,DEL,3647,1
7,SET,87,2
7,SET,91,2
7,SET,93,1
7,SET,95,1
7,SET,96,1
7,SET,97,4
7,SET,98,15
7,SET,99,6
7,SET,100,8
7,SET,101,19
7,SET,102,19
7,SET,103,33
7,SET,104,43
7,SET,105,28
7,SET,106,44
7,SET,107,57
7,SET,108,52
7,SET,109,75
7,SET,110,56
7,SET,111,103
7,SET,112,92
7,SET,113,104
7,SET,114,107
7,SET,115,125
7,SET,116,130
7,SET,117,123
7,SET,118,150
7,SET,119,171
7,SET,120,176
7,SET,121,203
7,SET,122,196
7,SET,123,210
7,SET,124,224
7,SET,125,258
7,SET,126,277
7,SET,127,295
7,SET,128,315
7,SET,129,331
7,SET,130,362
7,SET,131,336
7,SET,132,354
7,SET,133,364
7,SET,134,344
7,SET,135,380
7,SET,136,408
7,SET,137,407
7,SET,138,430
7,SET,139,414
7,SET,140,433
7,SET,141,423
7,SET,142,442
7,SET,143,450
7,SET,144,413
7,SET,145,444
7,SET,146,463
7,SET,147,434
7,SET,148,451
7,SET,149,455
7,SET,150,462
7,SET,151,456
7,SET,152,431
7,SET,153,419
7,SET,154,435
7,SET,155,444
7,SET,156,396
7,SET,157,437
7,SET,158,399
7,SET,159,406
7,SET,160,409
7,SET,161,389
7,SET,162,407
7,SET,163,415
7,SET,164,376
7,SET,165,371
7,SET,166,365
7,SET,167,374
7,SET,168,359
7,SET,169,374
7,SET,170,333
7,SET,171,368
7,SET,172,297
7,SET,173,323
7,SET,174,306
7,SET,175,330
7,SET,176,280
7,SET,177,299
7,SET,178,249
7,SET,179,268
7,SET,180,270
7,SET,181,230
7,SET,182,271
7,SET,183,231
7,SET,184,229
7,SET,185,230
7,SET,186,198
7,SET,187,212
7,SET,188,208
7,SET,189,200
7,SET,190,183
7,SET,191,194
7,SET,192,159
7,SET,193,175
7,SET,194,175
7,SET,195,182
7,SET,196,149
7,SET,197,185
7,SET,198,155
7,SET,199,148
7,SET,200,157
7,SET,201,152
7,SET,202,148
7,SET,203,117
7,SET,204,128
7,SET,205,126
7,SET,206,110
7,SET,207,105
7,SET,208,103
7,SET,209,114
7,SET,210,92
7,SET,211,80
7,SET,212,103
7,SET,213,108
7,SET,214,79
7,SET,215,81
7,SET,216,84
7,SET,217,79
7,SET,218,73
7,SET,219,69
7,SET,220,67
7,SET,221,74
7,SET,222,65
7,SET,223,58
7,SET,224,56
7,SET,225,56
7,SET,226,41
7,SET,227,62
7,SET,228,56
7,SET,229,63
7,SET,230,51
7,SET,231,47
7,SET,232,35
7,SET,233,31
7,SET,234,43
7,SET,235,29
7,SET,236,39
7,SET,237,41
7,SET,238,33
7,SET,239,28
7,SET,240,41
7,SET,241,37
7,SET,242,20
7,SET,243,30
7,SET,244,32
7,SET,245,24
7,SET,246,30
7,SET,247,28
7,SET,248,28
7,SET,249,17
7,SET,250,18
7,SET,251,19
7,SET,252,18
7,SET,253,27
7,SET,254,16
7,SET,255,24
7,SET,257,35
7,SET,259,30
7,SET,261,29
7,SET,263,27
7,SET,265,34
7,SET,267,28
7,SET,269,17
7,SET,271,20
7,SET,273,23
7,SET,275,19
7,SET,277,29
7,SET,279,11
7,SET,281,11
7,SET,283,15
7,SET,285,11
7,SET,287,11
7,SET,289,11
7,SET,291,8
7,SET,293,10
7,SET,295,10
7,SET,297,10
7,SET,299,12
7,SET,301,4
7,SET,303,5
7,SET,305,8
7,SET,307,6
7,SET,309,6
7,SET,311,8
7,SET,313,6
7,SET,317,5
7,SET,319,7
7,SET,321,3
7,SET,323,5
7,SET,325,5
7,SET,327,8
7,SET,329,6
7,SET,331,5
7,SET,333,5
7,SET,335,5
7,SET,337,3
7,SET,339,3
7,SET,341,1
7,SET,345,1
7,SET,347,2
7,SET,351,3
7,SET,353,3
7,SET,357,3
7,SET,361,1
7,SET,363,2
7,SET,365,2
7,SET,369,3
7,SET,373,2
7,SET,375,1
7,SET,377,1
7,SET,381,1
7,SET,385,3
7,SET,389,1
7,SET,391,1
7,SET,397,2
7,SET,399,1
7,SET,405,1
7,SET,409,1
7,SET,411,1
7,SET,415,1
7,SET,417,1
7,SET,423,1
7,SET,433,1
7,SET,441,3
7,SET,443,1
7,SET,451,1
7,SET,453,3
7,SET,455,1
7,SET,457,1
7,SET,459,1
7,SET,495,1
7,SET,501,1
7,SET,535,1
7,SET,559,2
7,SET,563,1
7,SET,567,1
7,SET,575,1
7,SET,591,1
7,SET,607,1
7,SET,615,2
7,SET,635,1
7,SET,643,1
7,SET,647,1
7,SET,651,1
7,SET,655,1
7,SET,663,1
7,SET,687,1
7,SET,699,1
7,SET,755,1
7,SET,771,1
7,SET,815,1
7,SET,831,1
7,SET,843,1
7,SET,851,1
7,SET,919,1
7,SET,1019,1
7,SET,1119,1
8,DEL,87,1
8,DEL,88,2
8,DEL,89,4
8,DEL,90,8
8,DEL,91,15
8,DEL,92,7
8,DEL,93,24
8,DEL,94,27
8,DEL,95,36
8,DEL,96,62
8,DEL,97,59
8,DEL,98,81
8,DEL,99,115
8,DEL,100,132
8,DEL,101,159
8,DEL,102,161
8,DEL,103,228
8,DEL,104,235
8,DEL,105,266
8,DEL,106,314
8,DEL,107,387
8,DEL,108,386
8,DEL,109,508
8,DEL,110,537
8,DEL,111,563
8,DEL,112,670
8,DEL,113,740
8,DEL,114,715
8,DEL,115,837
8,DEL,116,918
8,DEL,117,1022
8,DEL,118,1042
8,DEL,119,1179
8,DEL,120,1216
8,DEL,121,1278
8,DEL,122,1278
8,DEL,123,1484
8,DEL,124,1561
8,DEL,125,1617
8,DEL,126,1622
8,DEL,127,1679
8,DEL,128,1718
8,DEL,129,1786
8,DEL,130,1917
8,DEL,131,1892
8,DEL,132,1919
8,DEL,133,2049
8,DEL,134,2035
8,DEL,135,2057
8,DEL,136,2104
8,DEL,137,2143
8,DEL,138,2004
8,DEL,139,2184
8,DEL,140,2208
8,DEL,141,2226
8,DEL,142,2303
8,DEL,143,2258
8,DEL,144,2249
8,DEL,145,2287
8,DEL,146,2315
8,DEL,147,2238
8,DEL,148,2145
8,DEL,149,2290
8,DEL,150,2347
8,DEL,151,2235
8,DEL,152,2133
8,DEL,153,2142
8,DEL,154,2055
8,DEL,155,2094
8,DEL,156,2037
8,DEL,157,2030
8,DEL,158,1973
8,DEL,159,2018
8,DEL,160,1903
8,DEL,161,1831
8,DEL,162,1775
8,DEL,163,1883
8,DEL,164,1792
8,DEL,165,1809
8,DEL,166,1661
8,DEL,167,1586
8,DEL,168,1547
8,DEL,169,1514
8,DEL,170,1512
8,DEL,171,1540
8,DEL,172,1433
8,DEL,173,1399
8,DEL,174,1397
8,DEL,175,1337
8,DEL,176,1346
8,DEL,177,1246
8,DEL,178,1253
8,DEL,179,1166
8,DEL,180,1184
8,DEL,181,1096
8,DEL,182,1122
8,DEL,183,1056
8,DEL,184,989
8,DEL,185,980
8,DEL,186,982
8,DEL,187,926
8,DEL,188,917
8,DEL,189,903
8,DEL,190,863
8,DEL,191,798
8,DEL,192,793
8,DEL,193,722
8,DEL,194,728
8,DEL,195,701
8,DEL,196,719
8,DEL,197,647
8,DEL,198,655
8,DEL,199,641
8,DEL,200,629
8,DEL,201,580
8,DEL,202,534
8,DEL,203,554
8,DEL,204,486
8,DEL,205,513
8,DEL,206,489
8,DEL,207,496
8,DEL,208,475
8,DEL,209,455
8,DEL,210,425
8,DEL,211,397
8,DEL,212,392
8,DEL,213,397
8,DEL,214,353
8,DEL,215,338
8,DEL,216,332
8,DEL,217,324
8,DEL,218,305
8,DEL,219,301
8,DEL,220,308
8,DEL,221,306
8,DEL,222,293
8,DEL,223,254
8,DEL,224,248
8,DEL,225,238
8,DEL,226,255
8,DEL,227,217
8,DEL,228,232
8,DEL,229,202
8,DEL,230,198
8,DEL,231,201
8,DEL,232,192
8,DEL,233,194
8,DEL,234,187
8,DEL,235,162
8,DEL,236,171
8,DEL,237,156
8,DEL,238,138
8,DEL,239,144
8,DEL,240,141
8,DEL,241,144
8,DEL,242,123
8,DEL,243,123
8,DEL,244,114
8,DEL,245,120
8,DEL,246,115
8,DEL,247,113
8,DEL,248,111
8,DEL,249,104
8,DEL,250,94
8,DEL,251,93
8,DEL,252,102
8,DEL,253,80
8,DEL,254,76
8,DEL,255,79
8,DEL,257,176
8,DEL,259,124
8,DEL,261,140
8,DEL,263,116
8,DEL,265,116
8,DEL,267,99
8,DEL,269,96
8,DEL,271,91
8,DEL,273,81
8,DEL,275,78
8,DEL,277,80
8,DEL,279,63
8,DEL,281,61
8,DEL,283,53
8,DEL,285,55
8,DEL,287,56
8,DEL,289,50
8,DEL,291,40
8,DEL,293,45
8,DEL,295,34
8,DEL,297,48
8,DEL,299,37
8,DEL,301,39
8,DEL,303,31
8,DEL,305,28
8,DEL,307,23
8,DEL,309,26
8,DEL,311,28
8,DEL,313,15
8,DEL,315,17
8,DEL,317,20
8,DEL,319,15
8,DEL,321,25
8,DEL,323,18
8,DEL,325,24
8,DEL,327,11
8,DEL,329,16
8,DEL,331,15
8,DEL,333,6
8,DEL,335,14
8,DEL,337,9
8,DEL,339,15
8,DEL,341,8
8,DEL,343,5
8,DEL,345,11
8,DEL,347,4
8,DEL,349,5
8,DEL,351,6
8,DEL,353,6
8,DEL,355,5
8,DEL,357,4
8,DEL,359,10
8,DEL,361,10
8,DEL,363,10
8,DEL,365,7
8,DEL,367,6
8,DEL,369,1
8,DEL,371,5
8,DEL,373,3
8,DEL,375,9
8,DEL,377,4
8,DEL,379,8
8,DEL,381,2
8,DEL,383,3
8,DEL,385,2
8,DEL,387,3
8,DEL,389,2
8,DEL,391,4
8,DEL,393,1
8,DEL,395,3
8,DEL,397,3
8,DEL,399,4
8,DEL,401,3
8,DEL,403,2
8,DEL,405,3
8,DEL,407,1
8,DEL,409,2
8,DEL,413,1
8,DEL,415,2
8,DEL,417,2
8,DEL,419,3
8,DEL,421,3
8,DEL,423,1
8,DEL,427,4
8,DEL,429,4
8,DEL,431,2
8,DEL,433,3
8,DEL,435,2
8,DEL,437,2
8,DEL,441,2
8,DEL,443,1
8,DEL,445,2
8,DEL,447,3
8,DEL,449,2
8,DEL,451,1
8,DEL,453,2
8,DEL,455,3
8,DEL,457,2
8,DEL,459,3
8,DEL,461,3
8,DEL,465,2
8,DEL,467,1
8,DEL,473,1
8,DEL,475,1
8,DEL,477,1
8,DEL,479,1
8,DEL,485,2
8,DEL,489,3
8,DEL,491,3
8,DEL,495,1
8,DEL,497,1
8,DEL,499,1
8,DEL,501,1
8,DEL,505,1
8,DEL,509,1
8,DEL,511,2
8,DEL,515,4
8,DEL,519,2
8,DEL,527,1
8,DEL,531,1
8,DEL,535,2
8,DEL,539,4
8,DEL,543,3
8,DEL,551,1
8,DEL,555,1
8,DEL,559,1
8,DEL,563,1
8,DEL,571,2
8,DEL,579,1
8,DEL,583,3
8,DEL,591,1
8,DEL,599,2
8,DEL,611,1
8,DEL,615,2
8,DEL,619,1
8,DEL,623,2
8,DEL,627,1
8,DEL,631,1
8,DEL,635,1
8,DEL,639,1
8,DEL,643,2
8,DEL,651,2
8,DEL,655,4
8,DEL,659,1
8,DEL,667,2
8,DEL,675,3
8,DEL,687,1
8,DEL,703,1
8,DEL,711,2
8,DEL,715,1
8,DEL,731,1
8,DEL,747,1
8,DEL,751,1
8,DEL,759,2
8,DEL,767,1
8,DEL,795,1
8,DEL,803,1
8,DEL,819,1
8,DEL,847,1
8,DEL,859,1
8,DEL,871,2
8,DEL,879,1
8,DEL,891,1
8,DEL,911,1
8,DEL,927,1
8,DEL,955,2
8,DEL,979,1
8,DEL,995,1
8,DEL,999,1
8,DEL,1007,1
8,DEL,1031,1
8,DEL,1039,1
8,DEL,1047,1
8,DEL,1063,1
8,DEL,1095,2
8,DEL,1111,2
8,DEL,1167,1
8,DEL,1263,2
8,DEL,1287,1
8,DEL,1303,1
8,DEL,1423,1
8,DEL,1503,1
8,DEL,1671,1
8,DEL,1943,1
8,DEL,2175,1
8,DEL,2895,1
8,DEL,3295,1
8,DEL,3343,1
8,DEL,3535,1
8,DEL,4319,1
8,GET,84,3
8,GET,85,1
8,GET,86,3
8,GET,87,3
8,GET,88,13
8,GET,89,18
8,GET,90,21
8,GET,91,33
8,GET,92,56
8,GET,93,60
8,GET,94,104
8,GET,95,126
8,GET,96,168
8,GET,97,203
8,GET,98,227
8,GET,99,325
8,GET,100,389
8,GET,101,489
8,GET,102,596
8,GET,103,666
8,GET,104,811
8,GET,105,916
8,GET,106,1060
8,GET,107,1201
8,GET,108,1353
8,GET,109,1440
8,GET,110,1605
8,GET,111,1811
8,GET,112,2000
8,GET,113,2124
8,GET,114,2325
8,GET,115,2526
8,GET,116,2784
8,GET,117,2890
8,GET,118,3171
8,GET,119,3385
8,GET,120,3649
8,GET,121,3793
8,GET,122,4037
8,GET,123,4172
8,GET,124,4340
8,GET,125,4498
8,GET,126,4793
8,GET,127,4950
8,GET,128,5138
8,GET,129,5275
8,GET,130,5305
8,GET,131,5393
8,GET,132,5588
8,GET,133,5699
8,GET,134,5877
8,GET,135,5956
8,GET,136,6072
8,GET,137,6312
8,GET,138,6189
8,GET,139,6249
8,GET,140,6226
8,GET,141,6443
8,GET,142,6474
8,GET,143,6299
8,GET,144,6404
8,GET,145,6253
8,GET,146,6340
8,GET,147,6225
8,GET,148,6416
8,GET,149,6290
8,GET,150,6313
8,GET,151,6211
8,GET,152,5920
8,GET,153,5904
8,GET,154,5886
8,GET,155,5771
8,GET,156,5658
8,GET,157,5570
8,GET,158,5449
8,GET,159,5388
8,GET,160,5258
8,GET,161,5153
8,GET,162,5129
8,GET,163,4952
8,GET,164,5106
8,GET,165,4819
8,GET,166,4556
8,GET,167,4573
8,GET,168,4303
8,GET,169,4236
8,GET,170,4135
8,GET,171,4027
8,GET,172,3996
8,GET,173,3845
8,GET,174,3674
8,GET,175,3735
8,GET,176,3575
8,GET,177,3464
8,GET,178,3362
8,GET,179,3285
8,GET,180,3126
8,GET,181,3129
8,GET,182,2945
8,GET,183,2944
8,GET,184,2716
8,GET,185,2634
8,GET,186,2667
8,GET,187,2481
8,GET,188,2405
8,GET,189,2347
8,GET,190,2396
8,GET,191,2225
8,GET,192,2045
8,GET,193,2053
8,GET,194,2021
8,GET,195,1869
8,GET,196,1769
8,GET,197,1747
8,GET,198,1753
8,GET,199,1805
8,GET,200,1688
8,GET,201,1452
8,GET,202,1505
8,GET,203,1418
8,GET,204,1409
8,GET,205,1369
8,GET,206,1279
8,GET,207,1208
8,GET,208,1196
8,GET,209,1183
8,GET,210,1095
8,GET,211,1118
8,GET,212,1000
8,GET,213,972
8,GET,214,982
8,GET,215,892
8,GET,216,885
8,GET,217,896
8,GET,218,830
8,GET,219,817
8,GET,220,755
8,GET,221,753
8,GET,222,712
8,GET,223,715
8,GET,224,634
8,GET,225,668
8,GET,226,628
8,GET,227,574
8,GET,228,555
8,GET,229,562
8,GET,230,508
8,GET,231,525
8,GET,232,484
8,GET,233,448
8,GET,234,446
8,GET,235,459
8,GET,236,459
8,GET,237,432
8,GET,238,392
8,GET,239,396
8,GET,240,363
8,GET,241,330
8,GET,242,329
8,GET,243,332
8,GET,244,327
8,GET,245,293
8,GET,246,316
8,GET,247,290
8,GET,248,288
8,GET,249,287
8,GET,250,252
8,GET,251,268
8,GET,252,231
8,GET,253,217
8,GET,254,218
8,GET,255,255
8,GET,257,403
8,GET,259,396
8,GET,261,343
8,GET,263,335
8,GET,265,313
8,GET,267,307
8,GET,269,259
8,GET,271,272
8,GET,273,244
8,GET,275,230
8,GET,277,214
8,GET,279,182
8,GET,281,189
8,GET,283,168
8,GET,285,149
8,GET,287,147
8,GET,289,147
8,GET,291,132
8,GET,293,105
8,GET,295,130
8,GET,297,93
8,GET,299,100
8,GET,301,104
8,GET,303,84
8,GET,305,60
8,GET,307,70
8,GET,309,82
8,GET,311,69
8,GET,313,65
8,GET,315,71
8,GET,317,39
8,GET,319,51
8,GET,321,37
8,GET,323,42
8,GET,325,46
8,GET,327,42
8,GET,329,39
8,GET,331,38
8,GET,333,22
8,GET,335,34
8,GET,337,27
8,GET,339,28
8,GET,341,29
8,GET,343,36
8,GET,345,31
8,GET,347,25
8,GET,349,21
8,GET,351,17
8,GET,353,24
8,GET,355,14
8,GET,357,7
8,GET,359,19
8,GET,361,13
8,GET,363,14
8,GET,365,10
8,GET,367,15
8,GET,369,16
8,GET,371,13
8,GET,373,15
8,GET,375,7
8,GET,377,6
8,GET,379,16
8,GET,381,12
8,GET,383,11
8,GET,385,6
8,GET,387,10
8,GET,389,13
8,GET,391,13
8,GET,393,5
8,GET,395,12
8,GET,397,5
8,GET,399,10
8,GET,401,7
8,GET,403,11
8,GET,405,6
8,GET,407,2
8,GET,409,2
8,GET,411,2
8,GET,413,5
8,GET,415,7
8,GET,417,8
8,GET,419,6
8,GET,421,3
8,GET,423,5
8,GET,425,7
8,GET,427,4
8,GET,429,3
8,GET,431,8
8,GET,433,3
8,GET,435,3
8,GET,437,3
8,GET,439,3
8,GET,441,3
8,GET,443,3
8,GET,445,3
8,GET,447,1
8,GET,449,6
8,GET,451,2
8,GET,453,4
8,GET,455,6
8,GET,457,2
8,GET,459,5
8,GET,461,6
8,GET,465,6
8,GET,467,2
8,GET,469,1
8,GET,471,5
8,GET,473,1
8,GET,475,3
8,GET,477,3
8,GET,479,1
8,GET,481,2
8,GET,485,1
8,GET,487,3
8,GET,489,2
8,GET,491,2
8,GET,493,2
8,GET,497,3
8,GET,499,2
8,GET,501,3
8,GET,505,2
8,GET,507,4
8,GET,509,3
8,GET,511,3
8,GET,515,3
8,GET,519,6
8,GET,523,3
8,GET,527,5
8,GET,531,3
8,GET,535,3
8,GET,539,3
8,GET,543,7
8,GET,547,4
8,GET,551,4
8,GET,555,2
8,GET,563,3
8,GET,567,3
8,GET,571,6
8,GET,575,2
8,GET,579,5
8,GET,583,4
8,GET,587,5
8,GET,591,6
8,GET,595,6
8,GET,599,4
8,GET,603,1
8,GET,607,3
8,GET,611,3
8,GET,615,3
8,GET,619,2
8,GET,623,4
8,GET,627,3
8,GET,631,3
8,GET,635,2
8,GET,639,2
8,GET,643,3
8,GET,647,3
8,GET,651,5
8,GET,655,4
8,GET,659,4
8,GET,663,4
8,GET,667,3
8,GET,671,6
8,GET,675,1
8,GET,679,1
8,GET,683,3
8,GET,687,3
8,GET,691,3
8,GET,695,1
8,GET,699,2
8,GET,703,5
8,GET,707,1
8,GET,711,1
8,GET,715,1
8,GET,719,1
8,GET,723,2
8,GET,731,1
8,GET,739,2
8,GET,743,4
8,GET,747,1
8,GET,759,2
8,GET,763,2
8,GET,779,2
8,GET,783,1
8,GET,787,1
8,GET,799,1
8,GET,807,1
8,GET,811,2
8,GET,815,1
8,GET,823,1
8,GET,831,2
8,GET,839,2
8,GET,843,2
8,GET,847,1
8,GET,859,1
8,GET,863,1
8,GET,867,1
8,GET,871,3
8,GET,883,1
8,GET,887,1
8,GET,891,1
8,GET,907,2
8,GET,923,2
8,GET,927,2
8,GET,931,1
8,GET,951,2
8,GET,955,1
8,GET,971,4
8,GET,975,2
8,GET,979,1
8,GET,995,1
8,GET,1003,1
8,GET,1015,2
8,GET,1019,1
8,GET,1023,2
8,GET,1031,2
8,GET,1039,2
8,GET,1047,1
8,GET,1063,1
8,GET,1071,1
8,GET,1079,1
8,GET,1103,2
8,GET,1135,1
8,GET,1143,1
8,GET,1167,1
8,GET,1199,1
8,GET,1207,1
8,GET,1223,2
8,GET,1247,1
8,GET,1279,1
8,GET,1295,1
8,GET,1311,1
8,GET,1375,2
8,GET,1391,1
8,GET,1399,1
8,GET,1407,1
8,GET,1447,1
8,GET,1455,1
8,GET,1479,1
8,GET,1495,1
8,GET,1591,1
8,GET,1615,1
8,GET,1623,1
8,GET,1631,1
8,GET,1687,1
8,GET,1703,1
8,GET,1735,1
8,GET,1775,1
8,GET,1839,1
8,GET,1911,1
8,GET,1951,1
8,GET,1983,1
8,GET,2031,1
8,GET,2111,1
8,GET,2207,1
8,GET,2239,1
8,GET,2255,1
8,GET,2303,1
8,GET,2319,1
8,GET,2431,2
8,GET,2527,1
8,GET,2783,1
8,GET,2847,1
8,GET,7263,1
8,SET,91,1
8,SET,92,1
8,SET,94,3
8,SET,95,3
8,SET,96,7
8,SET,97,6
8,SET,98,8
8,SET,99,15
8,SET,100,14
8,SET,101,21
8,SET,102,28
8,SET,103,26
8,SET,104,31
8,SET,105,23
8,SET,106,38
8,SET,107,60
8,SET,108,56
8,SET,109,59
8,SET,110,73
8,SET,111,66
8,SET,112,95
8,SET,113,104
8,SET,114,87
8,SET,115,112
8,SET,116,122
8,SET,117,125
8,SET,118,171
8,SET,119,160
8,SET,120,196
8,SET,121,202
8,SET,122,196
8,SET,123,241
8,SET,124,235
8,SET,125,261
8,SET,126,276
8,SET,127,284
8,SET,128,251
8,SET,129,291
8,SET,130,315
8,SET,131,339
8,SET,132,342
8,SET,133,349
8,SET,134,340
8,SET,135,380
8,SET,136,403
8,SET,137,386
8,SET,138,366
8,SET,139,350
8,SET,140,397
8,SET,141,447
8,SET,142,408
8,SET,143,410
8,SET,144,428
8,SET,145,430
8,SET,146,392
8,SET,147,419
8,SET,148,473
8,SET,149,430
8,SET,150,478
8,SET,151,470
8,SET,152,463
8,SET,153,458
8,SET,154,433
8,SET,155,443
8,SET,156,429
8,SET,157,423
8,SET,158,428
8,SET,159,404
8,SET,160,369
8,SET,161,378
8,SET,162,364
8,SET,163,386
8,SET,164,378
8,SET,165,374
8,SET,166,382
8,SET,167,349
8,SET,168,370
8,SET,169,326
8,SET,170,351
8,SET,171,333
8,SET,172,309
8,SET,173,313
8,SET,174,278
8,SET,175,284
8,SET,176,288
8,SET,177,306
8,SET,178,285
8,SET,179,272
8,SET,180,281
8,SET,181,266
8,SET,182,263
8,SET,183,256
8,SET,184,263
8,SET,185,230
8,SET,186,205
8,SET,187,225
8,SET,188,203
8,SET,189,236
8,SET,190,190
8,SET,191,183
8,SET,192,173
8,SET,193,166
8,SET,194,166
8,SET,195,180
8,SET,196,164
8,SET,197,143
8,SET,198,145
8,SET,199,153
8,SET,200,137
8,SET,201,143
8,SET,202,131
8,SET,203,125
8,SET,204,127
8,SET,205,139
8,SET,206,127
8,SET,207,120
8,SET,208,104
8,SET,209,93
8,SET,210,97
8,SET,211,99
8,SET,212,101
8,SET,213,96
8,SET,214,93
8,SET,215,80
8,SET,216,72
8,SET,217,77
8,SET,218,87
8,SET,219,84
8,SET,220,71
8,SET,221,61
8,SET,222,71
8,SET,223,55
8,SET,224,63
8,SET,225,59
8,SET,226,63
8,SET,227,53
8,SET,228,57
8,SET,229,45
8,SET,230,50
8,SET,231,53
8,SET,232,42
8,SET,233,36
8,SET,234,36
8,SET,235,47
8,SET,236,40
8,SET,237,38
8,SET,238,39
8,SET,239,41
8,SET,240,33
8,SET,241,23
8,SET,242,37
8,SET,243,29
8,SET,244,39
8,SET,245,39
8,SET,246,30
8,SET,247,30
8,SET,248,22
8,SET,249,21
8,SET,250,27
8,SET,251,31
8,SET,252,19
8,SET,253,14
8,SET,254,17
8,SET,255,13
8,SET,257,27
8,SET,259,32
8,SET,261,45
8,SET,263,31
8,SET,265,24
8,SET,267,24
8,SET,269,21
8,SET,271,27
8,SET,273,29
8,SET,275,27
8,SET,277,25
8,SET,279,20
8,SET,281,14
8,SET,283,16
8,SET,285,14
8,SET,287,14
8,SET,289,16
8,SET,291,7
8,SET,293,10
8,SET,295,12
8,SET,297,14
8,SET,299,5
8,SET,301,11
8,SET,303,6
8,SET,305,8
8,SET,307,10
8,SET,309,5
8,SET,311,6
8,SET,313,4
8,SET,315,8
8,SET,317,8
8,SET,319,9
8,SET,321,3
8,SET,323,3
8,SET,325,4
8,SET,327,2
8,SET,329,2
8,SET,331,4
8,SET,333,2
8,SET,335,1
8,SET,337,2
8,SET,339,2
8,SET,341,3
8,SET,343,2
8,SET,345,1
8,SET,347,2
8,SET,351,4
8,SET,353,2
8,SET,357,2
8,SET,359,1
8,SET,361,3
8,SET,365,3
8,SET,367,1
8,SET,369,2
8,SET,373,1
8,SET,379,1
8,SET,381,4
8,SET,383,2
8,SET,385,3
8,SET,389,1
8,SET,393,1
8,SET,395,1
8,SET,399,3
8,SET,403,1
8,SET,405,1
8,SET,411,2
8,SET,425,1
8,SET,427,1
8,SET,431,1
8,SET,439,1
8,SET,443,1
8,SET,445,2
8,SET,455,1
8,SET,459,1
8,SET,463,1
8,SET,465,1
8,SET,481,1
8,SET,493,1
8,SET,503,1
8,SET,547,1
8,SET,615,1
8,SET,639,2
8,SET,643,1
8,SET,683,1
8,SET,711,1
8,SET,719,1
8,SET,775,1
8,SET,783,1
8,SET,811,2
8,SET,879,1
8,SET,887,1
8,SET,907,1
8,SET,971,1
8,SET,1007,1
8,SET,1103,1
8,SET,1191,1
8,SET,1199,1
8,SET,1567,1
8,SET,2023,1
9,GET,81,2
9,GET,84,3
9,GET,85,4
9,GET,86,6
9,GET,87,6
9,GET,88,18
9,GET,89,21
9,GET,90,43
9,GET,91,60
9,GET,92,70
9,GET,93,114
9,GET,94,150
9,GET,95,173
9,GET,96,223
9,GET,97,284
9,GET,98,375
9,GET,99,471
9,GET,100,539
9,GET,101,706
9,GET,102,787
9,GET,103,915
9,GET,104,1112
9,GET,105,1239
9,GET,106,1364
9,GET,107,1532
9,GET,108,1633
9,GET,109,1875
9,GET,110,1952
9,GET,111,2202
9,GET,112,2415
9,GET,113,2592
9,GET,114,2837
9,GET,115,3019
9,GET,116,3185
9,GET,117,3432
9,GET,118,3604
9,GET,119,3837
9,GET,120,4171
9,GET,121,4293
9,GET,122,4497
9,GET,123,4702
9,GET,124,4892
9,GET,125,4971
9,GET,126,5030
9,GET,127,5483
9,GET,128,5594
9,GET,129,5666
9,GET,130,5692
9,GET,131,5816
9,GET,132,5946
9,GET,133,5909
9,GET,134,6004
9,GET,135,6161
9,GET,136,6244
9,GET,137,6325
9,GET,138,6290
9,GET,139,6369
9,GET,140,6570
9,GET,141,6598
9,GET,142,6433
9,GET,143,6324
9,GET,144,6317
9,GET,145,6466
9,GET,146,6164
9,GET,147,6366
9,GET,148,6255
9,GET,149,6201
9,GET,150,6166
9,GET,151,6043
9,GET,152,5735
9,GET,153,5833
9,GET,154,5800
9,GET,155,5547
9,GET,156,5487
9,GET,157,5346
9,GET,158,5254
9,GET,159,5160
9,GET,160,5098
9,GET,161,5008
9,GET,162,4836
9,GET,163,4630
9,GET,164,4616
9,GET,165,4301
9,GET,166,4384
9,GET,167,4423
9,GET,168,4085
9,GET,169,4093
9,GET,170,3937
9,GET,171,3854
9,GET,172,3614
9,GET,173,3658
9,GET,174,3501
9,GET,175,3369
9,GET,176,3302
9,GET,177,3212
9,GET,178,3096
9,GET,179,2975
9,GET,180,2772
9,GET,181,2807
9,GET,182,2774
9,GET,183,2640
9,GET,184,2571
9,GET,185,2483
9,GET,186,2335
9,GET,187,2285
9,GET,188,2225
9,GET,189,2223
9,GET,190,2036
9,GET,191,1974
9,GET,192,1943
9,GET,193,1931
9,GET,194,1855
9,GET,195,1719
9,GET,196,1733
9,GET,197,1588
9,GET,198,1592
9,GET,199,1585
9,GET,200,1477
9,GET,201,1374
9,GET,202,1332
9,GET,203,1351
9,GET,204,1298
9,GET,205,1229
9,GET,206,1189
9,GET,207,1119
9,GET,208,1091
9,GET,209,1027
9,GET,210,971
9,GET,211,974
9,GET,212,885
9,GET,213,931
9,GET,214,826
9,GET,215,830
9,GET,216,761
9,GET,217,782
9,GET,218,768
9,GET,219,721
9,GET,220,689
9,GET,221,706
9,GET,222,649
9,GET,223,669
9,GET,224,644
9,GET,225,575
9,GET,226,551
9,GET,227,570
9,GET,228,559
9,GET,229,493
9,GET,230,489
9,GET,231,465
9,GET,232,461
9,GET,233,444
9,GET,234,441
9,GET,235,404
9,GET,236,354
9,GET,237,397
9,GET,238,360
9,GET,239,376
9,GET,240,314
9,GET,241,307
9,GET,242,312
9,GET,243,302
9,GET,244,314
9,GET,245,255
9,GET,246,262
9,GET,247,275
9,GET,248,248
9,GET,249,255
9,GET,250,238
9,GET,251,226
9,GET,252,206
9,GET,253,198
9,GET,254,211
9,GET,255,200
9,GET,257,372
9,GET,259,381
9,GET,261,318
9,GET,263,290
9,GET,265,272
9,GET,267,270
9,GET,269,262
9,GET,271,192
9,GET,273,221
9,GET,275,212
9,GET,277,185
9,GET,279,159
9,GET,281,167
9,GET,283,152
9,GET,285,138
9,GET,287,124
9,GET,289,112
9,GET,291,116
9,GET,293,113
9,GET,295,110
9,GET,297,97
9,GET,299,104
9,GET,301,81
9,GET,303,93
9,GET,305,72
9,GET,307,61
9,GET,309,59
9,GET,311,60
9,GET,313,70
9,GET,315,51
9,GET,317,43
9,GET,319,44
9,GET,321,53
9,GET,323,62
9,GET,325,39
9,GET,327,45
9,GET,329,31
9,GET,331,25
9,GET,333,34
9,GET,335,27
9,GET,337,23
9,GET,339,39
9,GET,341,32
9,GET,343,24
9,GET,345,17
9,GET,347,17
9,GET,349,20
9,GET,351,21
9,GET,353,19
9,GET,355,13
9,GET,357,22
9,GET,359,14
9,GET,361,22
9,GET,363,15
9,GET,365,19
9,GET,367,10
9,GET,369,16
9,GET,371,17
9,GET,373,17
9,GET,375,15
9,GET,377,8
9,GET,379,10
9,GET,381,15
9,GET,383,11
9,GET,385,10
9,GET,387,8
9,GET,389,7
9,GET,391,8
9,GET,393,8
9,GET,395,5
9,GET,397,7
9,GET,399,6
9,GET,401,14
9,GET,403,7
9,GET,405,10
9,GET,407,11
9,GET,409,6
9,GET,411,4
9,GET,413,8
9,GET,415,7
9,GET,417,5
9,GET,419,6
9,GET,421,2
9,GET,423,4
9,GET,425,7
9,GET,427,3
9,GET,429,5
9,GET,431,3
9,GET,433,5
9,GET,435,6
9,GET,437,7
9,GET,439,6
9,GET,441,3
9,GET,443,5
9,GET,445,8
9,GET,449,3
9,GET,451,3
9,GET,453,3
9,GET,455,2
9,GET,457,3
9,GET,461,4
9,GET,463,1
9,GET,465,1
9,GET,467,5
9,GET,469,3
9,GET,471,5
9,GET,473,4
9,GET,475,3
9,GET,477,5
9,GET,479,4
9,GET,481,3
9,GET,483,1
9,GET,487,2
9,GET,489,2
9,GET,491,3
9,GET,493,1
9,GET,495,4
9,GET,497,3
9,GET,499,6
9,GET,501,2
9,GET,503,1
9,GET,505,9
9,GET,507,2
9,GET,509,3
9,GET,511,1
9,GET,515,3
9,GET,519,5
9,GET,523,4
9,GET,527,1
9,GET,531,6
9,GET,535,4
9,GET,539,1
9,GET,543,2
9,GET,547,8
9,GET,551,7
9,GET,555,3
9,GET,559,3
9,GET,563,4
9,GET,567,2
9,GET,571,6
9,GET,575,3
9,GET,579,5
9,GET,583,6
9,GET,587,3
9,GET,591,7
9,GET,595,5
9,GET,599,2
9,GET,603,4
9,GET,607,2
9,GET,611,2
9,GET,615,3
9,GET,619,4
9,GET,623,2
9,GET,627,7
9,GET,631,5
9,GET,635,2
9,GET,639,3
9,GET,643,3
9,GET,647,3
9,GET,651,3
9,GET,655,2
9,GET,659,6
9,GET,663,2
9,GET,667,4
9,GET,671,1
9,GET,675,1
9,GET,679,4
9,GET,683,6
9,GET,687,1
9,GET,691,6
9,GET,695,1
9,GET,699,4
9,GET,703,1
9,GET,707,2
9,GET,711,1
9,GET,715,1
9,GET,719,2
9,GET,723,2
9,GET,727,3
9,GET,731,1
9,GET,739,2
9,GET,747,2
9,GET,751,1
9,GET,755,3
9,GET,767,1
9,GET,775,2
9,GET,779,1
9,GET,783,1
9,GET,787,1
9,GET,791,2
9,GET,795,2
9,GET,807,2
9,GET,815,1
9,GET,823,3
9,GET,827,3
9,GET,835,4
9,GET,839,2
9,GET,843,1
9,GET,855,2
9,GET,863,2
9,GET,871,1
9,GET,875,1
9,GET,883,1
9,GET,887,1
9,GET,891,1
9,GET,899,3
9,GET,903,1
9,GET,907,1
9,GET,927,2
9,GET,931,1
9,GET,939,1
9,GET,951,1
9,GET,963,1
9,GET,967,1
9,GET,975,1
9,GET,991,1
9,GET,1003,1
9,GET,1011,1
9,GET,1015,1
9,GET,1019,2
9,GET,1023,1
9,GET,1031,2
9,GET,1047,1
9,GET,1055,1
9,GET,1071,2
9,GET,1079,1
9,GET,1103,1
9,GET,1119,1
9,GET,1135,1
9,GET,1151,1
9,GET,1167,1
9,GET,1207,1
9,GET,1215,1
9,GET,1223,1
9,GET,1231,1
9,GET,1255,2
9,GET,1279,2
9,GET,1319,2
9,GET,1327,1
9,GET,1351,3
9,GET,1423,1
9,GET,1455,1
9,GET,1519,1
9,GET,1527,1
9,GET,1599,2
9,GET,1631,1
9,GET,1647,1
9,GET,1671,1
9,GET,1679,1
9,GET,1751,1
9,GET,1775,1
9,GET,1783,1
9,GET,1871,1
9,GET,1879,1
9,GET,1895,1
9,GET,1919,1
9,GET,1943,1
9,GET,1967,1
9,GET,1991,2
9,GET,2015,1
9,GET,2039,1
9,GET,2079,1
9,GET,2175,1
9,GET,2271,1
9,GET,2303,1
9,GET,2319,1
9,GET,2383,1
9,GET,2415,1
9,GET,2431,1
9,GET,2511,1
9,GET,2735,1
9,GET,2847,1
9,GET,2879,1
9,GET,3039,1
9,GET,3327,1
9,GET,3487,1
9,GET,3759,1
9,DEL,85,1
9,DEL,86,1
9,DEL,87,1
9,DEL,88,10
9,DEL,89,5
9,DEL,90,8
9,DEL,91,15
9,DEL,92,22
9,DEL,93,21
9,DEL,94,37
9,DEL,95,51
9,DEL,96,60
9,DEL,97,96
9,DEL,98,117
9,DEL,99,164
9,DEL,100,153
9,DEL,101,185
9,DEL,102,251
9,DEL,103,333
9,DEL,104,320
9,DEL,105,373
9,DEL,106,427
9,DEL,107,512
9,DEL,108,559
9,DEL,109,587
9,DEL,110,673
9,DEL,111,702
9,DEL,112,816
9,DEL,113,878
9,DEL,114,955
9,DEL,115,976
9,DEL,116,1088
9,DEL,117,1179
9,DEL,118,1268
9,DEL,119,1305
9,DEL,120,1337
9,DEL,121,1499
9,DEL,122,1511
9,DEL,123,1587
9,DEL,124,1656
9,DEL,125,1755
9,DEL,126,1825
9,DEL,127,1806
9,DEL,128,1966
9,DEL,129,1961
9,DEL,130,2072
9,DEL,131,1999
9,DEL,132,2006
9,DEL,133,2130
9,DEL,134,2181
9,DEL,135,2172
9,DEL,136,2180
9,DEL,137,2239
9,DEL,138,2207
9,DEL,139,2212
9,DEL,140,2191
9,DEL,141,2342
9,DEL,142,2303
9,DEL,143,2237
9,DEL,144,2254
9,DEL,145,2220
9,DEL,146,2299
9,DEL,147,2275
9,DEL,148,2236
9,DEL,149,2227
9,DEL,150,2242
9,DEL,151,2137
9,DEL,152,2155
9,DEL,153,2092
9,DEL,154,2070
9,DEL,155,2030
9,DEL,156,2037
9,DEL,157,1930
9,DEL,158,1939
9,DEL,159,1902
9,DEL,160,1786
9,DEL,161,1800
9,DEL,162,1755
9,DEL,163,1709
9,DEL,164,1680
9,DEL,165,1634
9,DEL,166,1627
9,DEL,167,1559
9,DEL,168,1513
9,DEL,169,1489
9,DEL,170,1392
9,DEL,171,1392
9,DEL,172,1324
9,DEL,173,1288
9,DEL,174,1313
9,DEL,175,1169
9,DEL,176,1231
9,DEL,177,1129
9,DEL,178,1123
9,DEL,179,1111
9,DEL,180,1065
9,DEL,181,1023
9,DEL,182,982
9,DEL,183,999
9,DEL,184,948
9,DEL,185,896
9,DEL,186,877
9,DEL,187,870
9,DEL,188,822
9,DEL,189,836
9,DEL,190,792
9,DEL,191,773
9,DEL,192,701
9,DEL,193,683
9,DEL,194,663
9,DEL,195,652
9,DEL,196,616
9,DEL,197,594
9,DEL,198,580
9,DEL,199,576
9,DEL,200,546
9,DEL,201,508
9,DEL,202,508
9,DEL,203,460
9,DEL,204,453
9,DEL,205,453
9,DEL,206,450
9,DEL,207,419
9,DEL,208,416
9,DEL,209,360
9,DEL,210,365
9,DEL,211,343
9,DEL,212,342
9,DEL,213,333
9,DEL,214,344
9,DEL,215,310
9,DEL,216,299
9,DEL,217,286
9,DEL,218,273
9,DEL,219,246
9,DEL,220,273
9,DEL,221,241
9,DEL,222,261
9,DEL,223,226
9,DEL,224,211
9,DEL,225,212
9,DEL,226,228
9,DEL,227,223
9,DEL,228,212
9,DEL,229,190
9,DEL,230,164
9,DEL,231,151
9,DEL,232,156
9,DEL,233,139
9,DEL,234,154
9,DEL,235,147
9,DEL,236,131
9,DEL,237,135
9,DEL,238,143
9,DEL,239,130
9,DEL,240,114
9,DEL,241,137
9,DEL,242,107
9,DEL,243,99
9,DEL,244,89
9,DEL,245,119
9,DEL,246,99
9,DEL,247,77
9,DEL,248,75
9,DEL,249,104
9,DEL,250,75
9,DEL,251,82
9,DEL,252,80
9,DEL,253,83
9,DEL,254,74
9,DEL,255,75
9,DEL,257,144
9,DEL,259,141
9,DEL,261,125
9,DEL,263,122
9,DEL,265,102
9,DEL,267,104
9,DEL,269,90
9,DEL,271,79
9,DEL,273,100
9,DEL,275,72
9,DEL,277,59
9,DEL,279,67
9,DEL,281,74
9,DEL,283,57
9,DEL,285,56
9,DEL,287,61
9,DEL,289,40
9,DEL,291,38
9,DEL,293,42
9,DEL,295,35
9,DEL,297,36
9,DEL,299,34
9,DEL,301,34
9,DEL,303,29
9,DEL,305,24
9,DEL,307,26
9,DEL,309,20
9,DEL,311,20
9,DEL,313,22
9,DEL,315,13
9,DEL,317,21
9,DEL,319,9
9,DEL,321,19
9,DEL,323,17
9,DEL,325,18
9,DEL,327,7
9,DEL,329,6
9,DEL,331,13
9,DEL,333,14
9,DEL,335,12
9,DEL,337,10
9,DEL,339,11
9,DEL,341,7
9,DEL,343,12
9,DEL,345,8
9,DEL,347,8
9,DEL,349,5
9,DEL,351,5
9,DEL,353,4
9,DEL,355,8
9,DEL,357,3
9,DEL,359,8
9,DEL,361,13
9,DEL,363,5
9,DEL,365,7
9,DEL,367,4
9,DEL,369,3
9,DEL,371,4
9,DEL,373,1
9,DEL,375,5
9,DEL,377,5
9,DEL,379,5
9,DEL,381,6
9,DEL,383,8
9,DEL,385,6
9,DEL,387,3
9,DEL,389,5
9,DEL,391,5
9,DEL,393,2
9,DEL,395,1
9,DEL,397,3
9,DEL,399,3
9,DEL,401,2
9,DEL,403,2
9,DEL,405,1
9,DEL,407,3
9,DEL,409,3
9,DEL,411,3
9,DEL,413,2
9,DEL,417,1
9,DEL,419,5
9,DEL,421,1
9,DEL,425,1
9,DEL,427,1
9,DEL,429,3
9,DEL,431,3
9,DEL,435,3
9,DEL,439,2
9,DEL,441,2
9,DEL,443,1
9,DEL,445,2
9,DEL,447,1
9,DEL,449,1
9,DEL,451,4
9,DEL,453,3
9,DEL,455,2
9,DEL,457,1
9,DEL,459,1
9,DEL,461,2
9,DEL,463,2
9,DEL,467,1
9,DEL,469,3
9,DEL,471,1
9,DEL,473,2
9,DEL,477,1
9,DEL,483,1
9,DEL,485,2
9,DEL,489,2
9,DEL,491,1
9,DEL,493,2
9,DEL,495,1
9,DEL,499,1
9,DEL,501,2
9,DEL,505,2
9,DEL,507,1
9,DEL,509,2
9,DEL,511,1
9,DEL,515,3
9,DEL,519,2
9,DEL,523,2
9,DEL,531,2
9,DEL,539,1
9,DEL,543,2
9,DEL,547,1
9,DEL,551,3
9,DEL,555,1
9,DEL,559,2
9,DEL,563,3
9,DEL,571,3
9,DEL,575,1
9,DEL,579,1
9,DEL,583,1
9,DEL,587,2
9,DEL,591,2
9,DEL,595,2
9,DEL,599,1
9,DEL,603,1
9,DEL,607,1
9,DEL,615,2
9,DEL,623,1
9,DEL,627,1
9,DEL,631,2
9,DEL,635,1
9,DEL,647,3
9,DEL,655,1
9,DEL,659,2
9,DEL,663,1
9,DEL,675,3
9,DEL,679,2
9,DEL,691,3
9,DEL,695,3
9,DEL,703,1
9,DEL,707,1
9,DEL,719,1
9,DEL,723,3
9,DEL,731,1
9,DEL,739,1
9,DEL,779,1
9,DEL,783,1
9,DEL,807,1
9,DEL,827,1
9,DEL,887,1
9,DEL,907,3
9,DEL,927,1
9,DEL,947,1
9,DEL,1031,1
9,DEL,1039,1
9,DEL,1055,2
9,DEL,1071,1
9,DEL,1087,1
9,DEL,1103,1
9,DEL,1191,1
9,DEL,1255,1
9,DEL,1591,1
9,DEL,1639,1
9,DEL,1647,1
9,DEL,1807,1
9,DEL,1975,1
9,DEL,2143,1
9,DEL,2159,1
9,DEL,2335,1
9,DEL,2799,1
9,DEL,3455,1
9,SET,90,1
9,SET,92,2
9,SET,93,1
9,SET,94,1
9,SET,95,3
9,SET,96,10
9,SET,97,8
9,SET,98,7
9,SET,99,15
9,SET,100,21
9,SET,101,23
9,SET,102,32
9,SET,103,32
9,SET,104,39
9,SET,105,61
9,SET,106,55
9,SET,107,71
9,SET,108,73
9,SET,109,86
9,SET,110,92
9,SET,111,91
9,SET,112,84
9,SET,113,139
9,SET,114,113
9,SET,115,149
9,SET,116,173
9,SET,117,178
9,SET,118,183
9,SET,119,190
9,SET,120,224
9,SET,121,229
9,SET,122,249
9,SET,123,234
9,SET,124,287
9,SET,125,297
9,SET,126,300
9,SET,127,296
9,SET,128,334
9,SET,129,346
9,SET,130,365
9,SET,131,387
9,SET,132,345
9,SET,133,382
9,SET,134,356
9,SET,135,378
9,SET,136,385
9,SET,137,423
9,SET,138,413
9,SET,139,444
9,SET,140,445
9,SET,141,415
9,SET,142,442
9,SET,143,424
9,SET,144,465
9,SET,145,464
9,SET,146,454
9,SET,147,437
9,SET,148,455
9,SET,149,496
9,SET,150,446
9,SET,151,482
9,SET,152,437
9,SET,153,445
9,SET,154,439
9,SET,155,430
9,SET,156,442
9,SET,157,414
9,SET,158,402
9,SET,159,414
9,SET,160,378
9,SET,161,369
9,SET,162,375
9,SET,163,384
9,SET,164,364
9,SET,165,368
9,SET,166,348
9,SET,167,323
9,SET,168,328
9,SET,169,321
9,SET,170,317
9,SET,171,351
9,SET,172,321
9,SET,173,304
9,SET,174,269
9,SET,175,297
9,SET,176,273
9,SET,177,260
9,SET,178,254
9,SET,179,276
9,SET,180,245
9,SET,181,233
9,SET,182,231
9,SET,183,223
9,SET,184,216
9,SET,185,208
9,SET,186,201
9,SET,187,191
9,SET,188,198
9,SET,189,181
9,SET,190,168
9,SET,191,166
9,SET,192,199
9,SET,193,180
9,SET,194,161
9,SET,195,152
9,SET,196,146
9,SET,197,155
9,SET,198,141
9,SET,199,163
9,SET,200,149
9,SET,201,138
9,SET,202,121
9,SET,203,102
9,SET,204,115
9,SET,205,105
9,SET,206,96
9,SET,207,116
9,SET,208,92
9,SET,209,101
9,SET,210,95
9,SET,211,80
9,SET,212,88
9,SET,213,96
9,SET,214,73
9,SET,215,70
9,SET,216,69
9,SET,217,71
9,SET,218,74
9,SET,219,83
9,SET,220,66
9,SET,221,66
9,SET,222,64
9,SET,223,59
9,SET,224,62
9,SET,225,61
9,SET,226,45
9,SET,227,39
9,SET,228,49
9,SET,229,54
9,SET,230,39
9,SET,231,31
9,SET,232,44
9,SET,233,24
9,SET,234,43
9,SET,235,40
9,SET,236,30
9,SET,237,39
9,SET,238,37
9,SET,239,27
9,SET,240,25
9,SET,241,35
9,SET,242,22
9,SET,243,36
9,SET,244,27
9,SET,245,19
9,SET,246,29
9,SET,247,23
9,SET,248,17
9,SET,249,16
9,SET,250,21
9,SET,251,19
9,SET,252,21
9,SET,253,22
9,SET,254,13
9,SET,255,17
9,SET,257,30
9,SET,259,29
9,SET,261,29
9,SET,263,23
9,SET,265,37
9,SET,267,21
9,SET,269,22
9,SET,271,22
9,SET,273,24
9,SET,275,17
9,SET,277,19
9,SET,279,21
9,SET,281,14
9,SET,283,9
9,SET,285,7
9,SET,287,12
9,SET,289,6
9,SET,291,8
9,SET,293,9
9,SET,295,11
9,SET,297,7
9,SET,299,7
9,SET,301,4
9,SET,303,11
9,SET,305,4
9,SET,307,5
9,SET,309,7
9,SET,311,5
9,SET,313,7
9,SET,315,6
9,SET,317,5
9,SET,319,3
9,SET,321,2
9,SET,323,3
9,SET,325,7
9,SET,327,4
9,SET,329,5
9,SET,331,3
9,SET,333,2
9,SET,335,3
9,SET,337,2
9,SET,339,2
9,SET,341,2
9,SET,343,2
9,SET,345,2
9,SET,349,1
9,SET,351,1
9,SET,353,1
9,SET,355,1
9,SET,357,3
9,SET,359,2
9,SET,361,2
9,SET,363,1
9,SET,365,2
9,SET,367,1
9,SET,369,2
9,SET,371,1
9,SET,375,1
9,SET,377,2
9,SET,379,1
9,SET,383,1
9,SET,385,2
9,SET,387,2
9,SET,389,1
9,SET,393,3
9,SET,399,1
9,SET,401,2
9,SET,405,3
9,SET,411,1
9,SET,417,1
9,SET,421,1
9,SET,435,2
9,SET,459,1
9,SET,477,1
9,SET,483,2
9,SET,491,1
9,SET,495,2
9,SET,509,1
9,SET,519,1
9,SET,527,1
9,SET,539,1
9,SET,551,1
9,SET,555,2
9,SET,567,1
9,SET,579,1
9,SET,591,1
9,SET,611,3
9,SET,615,1
9,SET,639,1
9,SET,667,1
9,SET,683,1
9,SET,707,1
9,SET,731,1
9,SET,775,1
9,SET,783,1
9,SET,799,1
9,SET,811,1
9,SET,831,1
9,SET,951,1
9,SET,959,1
9,SET,963,1
9,SET,1119,1
9,SET,1335,1
10,DEL,84,1
10,DEL,87,4
10,DEL,88,4
10,DEL,89,7
10,DEL,90,7
10,DEL,91,13
10,DEL,92,17
10,DEL,93,32
10,DEL,94,39
10,DEL,95,44
10,DEL,96,65
10,DEL,97,73
10,DEL,98,83
10,DEL,99,110
10,DEL,100,150
10,DEL,101,178
10,DEL,102,245
10,DEL,103,223
10,DEL,104,287
10,DEL,105,343
10,DEL,106,394
10,DEL,107,404
10,DEL,108,434
10,DEL,109,539
10,DEL,110,553
10,DEL,111,575
10,DEL,112,725
10,DEL,113,735
10,DEL,114,807
10,DEL,115,885
10,DEL,116,933
10,DEL,117,1061
10,DEL,118,1171
10,DEL,119,1197
10,DEL,120,1263
10,DEL,121,1366
10,DEL,122,1460
10,DEL,123,1423
10,DEL,124,1500
10,DEL,125,1625
10,DEL,126,1673
10,DEL,127,1718
10,DEL,128,1698
10,DEL,129,1823
10,DEL,130,1875
10,DEL,131,1820
10,DEL,132,1928
10,DEL,133,2027
10,DEL,134,2028
10,DEL,135,2138
10,DEL,136,2131
10,DEL,137,2173
10,DEL,138,2153
10,DEL,139,2139
10,DEL,140,2222
10,DEL,141,2155
10,DEL,142,2257
10,DEL,143,2313
10,DEL,144,2226
10,DEL,145,2234
10,DEL,146,2243
10,DEL,147,2217
10,DEL,148,2228
10,DEL,149,2302
10,DEL,150,2218
10,DEL,151,2109
10,DEL,152,2159
10,DEL,153,2045
10,DEL,154,2118
10,DEL,155,2078
10,DEL,156,2020
10,DEL,157,1991
10,DEL,158,1984
10,DEL,159,1962
10,DEL,160,1986
10,DEL,161,1902
10,DEL,162,1825
10,DEL,163,1798
10,DEL,164,1719
10,DEL,165,1736
10,DEL,166,1674
10,DEL,167,1696
10,DEL,168,1596
10,DEL,169,1531
10,DEL,170,1462
10,DEL,171,1489
10,DEL,172,1415
10,DEL,173,1382
10,DEL,174,1340
10,DEL,175,1345
10,DEL,176,1295
10,DEL,177,1270
10,DEL,178,1231
10,DEL,179,1162
10,DEL,180,1153
10,DEL,181,1164
10,DEL,182,1065
10,DEL,183,1056
10,DEL,184,970
10,DEL,185,1020
10,DEL,186,987
10,DEL,187,931
10,DEL,188,912
10,DEL,189,896
10,DEL,190,782
10,DEL,191,821
10,DEL,192,811
10,DEL,193,745
10,DEL,194,711
10,DEL,195,726
10,DEL,196,713
10,DEL,197,705
10,DEL,198,690
10,DEL,199,647
10,DEL,200,644
10,DEL,201,569
10,DEL,202,555
10,DEL,203,501
10,DEL,204,483
10,DEL,205,477
10,DEL,206,504
10,DEL,207,455
10,DEL,208,472
10,DEL,209,411
10,DEL,210,442
10,DEL,211,436
10,DEL,212,361
10,DEL,213,335
10,DEL,214,323
10,DEL,215,325
10,DEL,216,325
10,DEL,217,302
10,DEL,218,311
10,DEL,219,300
10,DEL,220,315
10,DEL,221,260
10,DEL,222,259
10,DEL,223,255
10,DEL,224,253
10,DEL,225,210
10,DEL,226,234
10,DEL,227,201
10,DEL,228,167
10,DEL,229,188
10,DEL,230,186
10,DEL,231,154
10,DEL,232,177
10,DEL,233,165
10,DEL,234,172
10,DEL,235,170
10,DEL,236,157
10,DEL,237,132
10,DEL,238,151
10,DEL,239,142
10,DEL,240,142
10,DEL,241,125
10,DEL,242,113
10,DEL,243,114
10,DEL,244,128
10,DEL,245,111
10,DEL,246,92
10,DEL,247,111
10,DEL,248,103
10,DEL,249,110
10,DEL,250,102
10,DEL,251,93
10,DEL,252,77
10,DEL,253,80
10,DEL,254,99
10,DEL,255,78
10,DEL,257,161
10,DEL,259,150
10,DEL,261,138
10,DEL,263,134
10,DEL,265,90
10,DEL,267,93
10,DEL,269,97
10,DEL,271,99
10,DEL,273,92
10,DEL,275,78
10,DEL,277,70
10,DEL,279,54
10,DEL,281,70
10,DEL,283,59
10,DEL,285,52
10,DEL,287,53
10,DEL,289,48
10,DEL,291,35
10,DEL,293,46
10,DEL,295,35
10,DEL,297,35
10,DEL,299,46
10,DEL,301,44
10,DEL,303,41
10,DEL,305,30
10,DEL,307,26
10,DEL,309,21
10,DEL,311,17
10,DEL,313,26
10,DEL,315,22
10,DEL,317,14
10,DEL,319,20
10,DEL,321,16
10,DEL,323,12
10,DEL,325,17
10,DEL,327,8
10,DEL,329,14
10,DEL,331,12
10,DEL,333,9
10,DEL,335,12
10,DEL,337,11
10,DEL,339,11
10,DEL,341,13
10,DEL,343,7
10,DEL,345,12
10,DEL,347,6
10,DEL,349,10
10,DEL,351,9
10,DEL,353,9
10,DEL,355,7
10,DEL,357,2
10,DEL,359,5
10,DEL,361,3
10,DEL,363,6
10,DEL,365,5
10,DEL,367,4
10,DEL,369,10
10,DEL,371,3
10,DEL,373,3
10,DEL,375,5
10,DEL,377,4
10,DEL,379,3
10,DEL,381,5
10,DEL,383,3
10,DEL,385,3
10,DEL,387,8
10,DEL,389,2
10,DEL,391,5
10,DEL,393,2
10,DEL,395,2
10,DEL,397,2
10,DEL,399,2
10,DEL,401,4
10,DEL,403,2
10,DEL,405,5
10,DEL,407,4
10,DEL,409,4
10,DEL,411,2
10,DEL,415,1
10,DEL,417,2
10,DEL,419,1
10,DEL,423,2
10,DEL,425,1
10,DEL,427,1
10,DEL,429,1
10,DEL,437,2
10,DEL,439,4
10,DEL,447,2
10,DEL,457,1
10,DEL,461,4
10,DEL,463,1
10,DEL,467,3
10,DEL,471,1
10,DEL,473,1
10,DEL,479,1
10,DEL,481,1
10,DEL,483,1
10,DEL,485,1
10,DEL,489,2
10,DEL,491,3
10,DEL,493,1
10,DEL,495,2
10,DEL,501,1
10,DEL,503,1
10,DEL,511,1
10,DEL,519,1
10,DEL,523,2
10,DEL,527,3
10,DEL,531,1
10,DEL,539,1
10,DEL,543,3
10,DEL,547,1
10,DEL,551,2
10,DEL,555,3
10,DEL,559,4
10,DEL,563,2
10,DEL,567,2
10,DEL,571,2
10,DEL,579,2
10,DEL,583,1
10,DEL,587,1
10,DEL,591,2
10,DEL,595,1
10,DEL,603,2
10,DEL,607,2
10,DEL,611,2
10,DEL,615,1
10,DEL,627,1
10,DEL,631,2
10,DEL,639,2
10,DEL,647,1
10,DEL,651,1
10,DEL,655,1
10,DEL,659,2
10,DEL,663,1
10,DEL,675,1
10,DEL,699,1
10,DEL,719,1
10,DEL,723,2
10,DEL,731,1
10,DEL,735,1
10,DEL,771,1
10,DEL,775,2
10,DEL,779,1
10,DEL,783,1
10,DEL,795,1
10,DEL,799,1
10,DEL,811,1
10,DEL,827,1
10,DEL,839,2
10,DEL,851,1
10,DEL,863,1
10,DEL,891,1
10,DEL,919,1
10,DEL,927,2
10,DEL,931,1
10,DEL,935,1
10,DEL,999,1
10,DEL,1055,2
10,DEL,1063,1
10,DEL,1087,1
10,DEL,1103,1
10,DEL,1119,1
10,DEL,1143,1
10,DEL,1215,1
10,DEL,1223,3
10,DEL,1231,1
10,DEL,1303,1
10,DEL,1311,1
10,DEL,1319,1
10,DEL,1335,2
10,DEL,1399,1
10,DEL,1455,1
10,DEL,1519,1
10,DEL,1591,1
10,DEL,1607,1
10,DEL,1911,1
10,DEL,1919,1
10,DEL,1967,1
10,DEL,2303,1
10,DEL,2447,1
10,DEL,2735,1
10,DEL,2815,1
10,DEL,2831,1
10,GET,80,1
10,GET,83,1
10,GET,84,2
10,GET,85,4
10,GET,86,5
10,GET,87,11
10,GET,88,8
10,GET,89,20
10,GET,90,33
10,GET,91,46
10,GET,92,65
10,GET,93,76
10,GET,94,133
10,GET,95,150
10,GET,96,191
10,GET,97,281
10,GET,98,277
10,GET,99,388
10,GET,100,455
10,GET,101,563
10,GET,102,724
10,GET,103,776
10,GET,104,932
10,GET,105,994
10,GET,106,1200
10,GET,107,1284
10,GET,108,1383
10,GET,109,1555
10,GET,110,1699
10,GET,111,1996
10,GET,112,2159
10,GET,113,2363
10,GET,114,2375
10,GET,115,2595
10,GET,116,2911
10,GET,117,3084
10,GET,118,3346
10,GET,119,3489
10,GET,120,3710
10,GET,121,3852
10,GET,122,4197
10,GET,123,4197
10,GET,124,4473
10,GET,125,4576
10,GET,126,4936
10,GET,127,5097
10,GET,128,5199
10,GET,129,5225
10,GET,130,5564
10,GET,131,5580
10,GET,132,5552
10,GET,133,5722
10,GET,134,5838
10,GET,135,5896
10,GET,136,5910
10,GET,137,6113
10,GET,138,6032
10,GET,139,6189
10,GET,140,6233
10,GET,141,6232
10,GET,142,6291
10,GET,143,6166
10,GET,144,6208
10,GET,145,6237
10,GET,146,6238
10,GET,147,6246
10,GET,148,6269
10,GET,149,6145
10,GET,150,6052
10,GET,151,6003
10,GET,152,5909
10,GET,153,5941
10,GET,154,5879
10,GET,155,5492
10,GET,156,5780
10,GET,157,5506
10,GET,158,5279
10,GET,159,5380
10,GET,160,5155
10,GET,161,4953
10,GET,162,5078
10,GET,163,4875
10,GET,164,4713
10,GET,165,4726
10,GET,166,4525
10,GET,167,4509
10,GET,168,4418
10,GET,169,4235
10,GET,170,4166
10,GET,171,4068
10,GET,172,3902
10,GET,173,3888
10,GET,174,3777
10,GET,175,3517
10,GET,176,3547
10,GET,177,3516
10,GET,178,3382
10,GET,179,3274
10,GET,180,3156
10,GET,181,3031
10,GET,182,2940
10,GET,183,2918
10,GET,184,2774
10,GET,185,2593
10,GET,186,2575
10,GET,187,2492
10,GET,188,2475
10,GET,189,2317
10,GET,190,2305
10,GET,191,2278
10,GET,192,2075
10,GET,193,2103
10,GET,194,1998
10,GET,195,1914
10,GET,196,1883
10,GET,197,1782
10,GET,198,1763
10,GET,199,1670
10,GET,200,1710
10,GET,201,1616
10,GET,202,1428
10,GET,203,1427
10,GET,204,1387
10,GET,205,1342
10,GET,206,1253
10,GET,207,1174
10,GET,208,1201
10,GET,209,1151
10,GET,210,1092
10,GET,211,1086
10,GET,212,991
10,GET,213,976
10,GET,214,913
10,GET,215,913
10,GET,216,905
10,GET,217,883
10,GET,218,853
10,GET,219,782
10,GET,220,780
10,GET,221,755
10,GET,222,760
10,GET,223,648
10,GET,224,617
10,GET,225,626
10,GET,226,622
10,GET,227,588
10,GET,228,584
10,GET,229,553
10,GET,230,505
10,GET,231,543
10,GET,232,490
10,GET,233,474
10,GET,234,467
10,GET,235,435
10,GET,236,404
10,GET,237,379
10,GET,238,404
10,GET,239,414
10,GET,240,365
10,GET,241,346
10,GET,242,352
10,GET,243,319
10,GET,244,324
10,GET,245,292
10,GET,246,271
10,GET,247,296
10,GET,248,290
10,GET,249,276
10,GET,250,247
10,GET,251,249
10,GET,252,249
10,GET,253,211
10,GET,254,193
10,GET,255,221
10,GET,257,399
10,GET,259,345
10,GET,261,347
10,GET,263,322
10,GET,265,305
10,GET,267,266
10,GET,269,285
10,GET,271,261
10,GET,273,225
10,GET,275,224
10,GET,277,204
10,GET,279,189
10,GET,281,188
10,GET,283,177
10,GET,285,124
10,GET,287,118
10,GET,289,136
10,GET,291,124
10,GET,293,95
10,GET,295,113
10,GET,297,110
10,GET,299,107
10,GET,301,92
10,GET,303,83
10,GET,305,71
10,GET,307,63
10,GET,309,76
10,GET,311,69
10,GET,313,71
10,GET,315,51
10,GET,317,49
10,GET,319,43
10,GET,321,48
10,GET,323,44
10,GET,325,37
10,GET,327,43
10,GET,329,43
10,GET,331,36
10,GET,333,30
10,GET,335,32
10,GET,337,28
10,GET,339,34
10,GET,341,24
10,GET,343,31
10,GET,345,25
10,GET,347,16
10,GET,349,18
10,GET,351,25
10,GET,353,25
10,GET,355,22
10,GET,357,13
10,GET,359,24
10,GET,361,20
10,GET,363,12
10,GET,365,12
10,GET,367,7
10,GET,369,18
10,GET,371,19
10,GET,373,16
10,GET,375,6
10,GET,377,13
10,GET,379,10
10,GET,381,11
10,GET,383,13
10,GET,385,4
10,GET,387,11
10,GET,389,11
10,GET,391,8
10,GET,393,5
10,GET,395,8
10,GET,397,3
10,GET,399,6
10,GET,401,7
10,GET,403,9
10,GET,405,9
10,GET,407,1
10,GET,409,9
10,GET,411,3
10,GET,413,6
10,GET,415,8
10,GET,417,8
10,GET,419,6
10,GET,421,5
10,GET,423,6
10,GET,425,4
10,GET,431,5
10,GET,433,5
10,GET,435,4
10,GET,437,4
10,GET,439,5
10,GET,441,2
10,GET,443,2
10,GET,445,2
10,GET,447,3
10,GET,449,2
10,GET,451,1
10,GET,453,6
10,GET,455,4
10,GET,457,4
10,GET,459,4
10,GET,461,3
10,GET,463,1
10,GET,465,2
10,GET,467,2
10,GET,469,2
10,GET,471,5
10,GET,473,1
10,GET,475,2
10,GET,477,4
10,GET,479,1
10,GET,481,2
10,GET,483,3
10,GET,485,1
10,GET,487,1
10,GET,491,1
10,GET,493,1
10,GET,495,3
10,GET,497,4
10,GET,499,2
10,GET,501,4
10,GET,503,6
10,GET,505,3
10,GET,507,4
10,GET,509,1
10,GET,511,1
10,GET,515,4
10,GET,519,5
10,GET,523,5
10,GET,527,4
10,GET,531,2
10,GET,535,1
10,GET,539,4
10,GET,543,3
10,GET,547,1
10,GET,551,7
10,GET,555,5
10,GET,559,2
10,GET,563,4
10,GET,567,7
10,GET,571,5
10,GET,575,1
10,GET,579,2
10,GET,583,7
10,GET,587,1
10,GET,591,3
10,GET,595,6
10,GET,599,2
10,GET,603,4
10,GET,607,2
10,GET,611,2
10,GET,615,2
10,GET,619,7
10,GET,623,4
10,GET,627,4
10,GET,631,4
10,GET,635,1
10,GET,639,3
10,GET,643,2
10,GET,647,1
10,GET,651,1
10,GET,655,4
10,GET,659,1
10,GET,667,3
10,GET,671,3
10,GET,675,5
10,GET,679,2
10,GET,683,5
10,GET,687,2
10,GET,691,3
10,GET,695,4
10,GET,699,3
10,GET,703,2
10,GET,707,1
10,GET,711,3
10,GET,715,2
10,GET,719,2
10,GET,723,2
10,GET,731,1
10,GET,735,1
10,GET,739,4
10,GET,743,1
10,GET,747,1
10,GET,751,1
10,GET,755,1
10,GET,759,1
10,GET,763,1
10,GET,767,2
10,GET,771,1
10,GET,799,1
10,GET,811,1
10,GET,815,2
10,GET,819,3
10,GET,827,1
10,GET,847,2
10,GET,851,4
10,GET,855,2
10,GET,859,1
10,GET,863,1
10,GET,867,1
10,GET,879,1
10,GET,883,2
10,GET,887,1
10,GET,891,1
10,GET,895,1
10,GET,899,1
10,GET,915,2
10,GET,923,1
10,GET,943,1
10,GET,947,1
10,GET,951,2
10,GET,959,1
10,GET,963,1
10,GET,979,1
10,GET,999,2
10,GET,1007,1
10,GET,1039,1
10,GET,1047,1
10,GET,1055,1
10,GET,1063,2
10,GET,1079,2
10,GET,1087,1
10,GET,1095,2
10,GET,1103,2
10,GET,1111,1
10,GET,1135,1
10,GET,1151,2
10,GET,1167,1
10,GET,1175,2
10,GET,1207,1
10,GET,1231,1
10,GET,1239,2
10,GET,1335,1
10,GET,1343,1
10,GET,1351,1
10,GET,1431,1
10,GET,1439,1
10,GET,1463,1
10,GET,1487,2
10,GET,1503,1
10,GET,1519,1
10,GET,1551,1
10,GET,1583,1
10,GET,1623,1
10,GET,1671,1
10,GET,1679,1
10,GET,1687,1
10,GET,1751,1
10,GET,1759,1
10,GET,1767,1
10,GET,1783,1
10,GET,1863,1
10,GET,2127,1
10,GET,2191,1
10,GET,2207,1
10,GET,2255,1
10,GET,2271,2
10,GET,2287,1
10,GET,2335,1
10,GET,2351,1
10,GET,2399,1
10,GET,2431,1
10,GET,2463,1
10,GET,2751,2
10,GET,2799,1
10,GET,3023,1
10,GET,3247,1
10,GET,4095,1
10,SET,88,2
10,SET,89,1
10,SET,90,2
10,SET,92,1
10,SET,93,4
10,SET,94,4
10,SET,95,5
10,SET,96,5
10,SET,97,10
10,SET,98,8
10,SET,99,16
10,SET,100,17
10,SET,101,20
10,SET,102,18
10,SET,103,31
10,SET,104,29
10,SET,105,36
10,SET,106,49
10,SET,107,50
10,SET,108,85
10,SET,109,68
10,SET,110,76
10,SET,111,89
10,SET,112,96
10,SET,113,97
10,SET,114,137
10,SET,115,133
10,SET,116,139
10,SET,117,133
10,SET,118,177
10,SET,119,177
10,SET,120,213
10,SET,121,231
10,SET,122,229
10,SET,123,267
10,SET,124,252
10,SET,125,275
10,SET,126,258
10,SET,127,286
10,SET,128,307
10,SET,129,317
10,SET,130,315
10,SET,131,302
10,SET,132,295
10,SET,133,367
10,SET,134,388
10,SET,135,395
10,SET,136,378
10,SET,137,380
10,SET,138,420
10,SET,139,390
10,SET,140,433
10,SET,141,401
10,SET,142,404
10,SET,143,439
10,SET,144,423
10,SET,145,422
10,SET,146,414
10,SET,147,446
10,SET,148,466
10,SET,149,453
10,SET,150,426
10,SET,151,449
10,SET,152,408
10,SET,153,425
10,SET,154,408
10,SET,155,400
10,SET,156,374
10,SET,157,415
10,SET,158,393
10,SET,159,395
10,SET,160,392
10,SET,161,383
10,SET,162,382
10,SET,163,351
10,SET,164,354
10,SET,165,389
10,SET,166,333
10,SET,167,370
10,SET,168,350
10,SET,169,354
10,SET,170,338
10,SET,171,322
10,SET,172,341
10,SET,173,313
10,SET,174,304
10,SET,175,330
10,SET,176,273
10,SET,177,272
10,SET,178,302
10,SET,179,277
10,SET,180,248
10,SET,181,244
10,SET,182,256
10,SET,183,223
10,SET,184,236
10,SET,185,243
10,SET,186,201
10,SET,187,206
10,SET,188,214
10,SET,189,177
10,SET,190,181
10,SET,191,204
10,SET,192,205
10,SET,193,177
10,SET,194,168
10,SET,195,172
10,SET,196,158
10,SET,197,166
10,SET,198,149
10,SET,199,165
10,SET,200,128
10,SET,201,130
10,SET,202,136
10,SET,203,128
10,SET,204,108
10,SET,205,115
10,SET,206,125
10,SET,207,98
10,SET,208,110
10,SET,209,106
10,SET,210,95
10,SET,211,97
10,SET,212,104
10,SET,213,69
10,SET,214,83
10,SET,215,81
10,SET,216,88
10,SET,217,87
10,SET,218,71
10,SET,219,79
10,SET,220,73
10,SET,221,66
10,SET,222,66
10,SET,223,66
10,SET,224,69
10,SET,225,62
10,SET,226,71
10,SET,227,48
10,SET,228,42
10,SET,229,47
10,SET,230,49
10,SET,231,50
10,SET,232,53
10,SET,233,39
10,SET,234,50
10,SET,235,41
10,SET,236,41
10,SET,237,36
10,SET,238,42
10,SET,239,35
10,SET,240,34
10,SET,241,25
10,SET,242,27
10,SET,243,33
10,SET,244,32
10,SET,245,32
10,SET,246,26
10,SET,247,31
10,SET,248,32
10,SET,249,32
10,SET,250,29
10,SET,251,15
10,SET,252,24
10,SET,253,17
10,SET,254,25
10,SET,255,22
10,SET,257,33
10,SET,259,25
10,SET,261,34
10,SET,263,27
10,SET,265,28
10,SET,267,15
10,SET,269,34
10,SET,271,23
10,SET,273,24
10,SET,275,17
10,SET,277,20
10,SET,279,15
10,SET,281,15
10,SET,283,15
10,SET,285,15
10,SET,287,12
10,SET,289,18
10,SET,291,6
10,SET,293,10
10,SET,295,11
10,SET,297,9
10,SET,299,12
10,SET,301,7
10,SET,303,6
10,SET,305,7
10,SET,307,10
10,SET,309,5
10,SET,311,6
10,SET,313,8
10,SET,315,2
10,SET,317,4
10,SET,319,4
10,SET,321,4
10,SET,323,5
10,SET,325,4
10,SET,327,1
10,SET,329,4
10,SET,333,5
10,SET,335,2
10,SET,339,3
10,SET,341,4
10,SET,343,2
10,SET,345,1
10,SET,347,3
10,SET,349,2
10,SET,351,2
10,SET,353,4
10,SET,355,1
10,SET,357,1
10,SET,359,3
10,SET,363,1
10,SET,365,4
10,SET,369,3
10,SET,371,1
10,SET,381,2
10,SET,387,1
10,SET,389,1
10,SET,393,3
10,SET,401,1
10,SET,403,1
10,SET,413,1
10,SET,415,1
10,SET,417,2
10,SET,419,1
10,SET,423,1
10,SET,429,1
10,SET,433,1
10,SET,439,1
10,SET,457,1
10,SET,467,1
10,SET,497,2
10,SET,505,1
10,SET,515,1
10,SET,519,1
10,SET,527,1
10,SET,535,1
10,SET,543,1
10,SET,547,1
10,SET,551,1
10,SET,555,1
10,SET,567,1
10,SET,575,1
10,SET,603,2
10,SET,611,1
10,SET,615,1
10,SET,619,1
10,SET,635,1
10,SET,639,1
10,SET,651,3
10,SET,683,1
10,SET,687,1
10,SET,699,1
10,SET,735,1
10,SET,743,1
10,SET,747,1
10,SET,807,1
10,SET,975,1
10,SET,979,1
10,SET,983,1
10,SET,1019,1
10,SET,1087,1
10,SET,1119,1
10,SET,1135,1
10,SET,1263,1
10,SET,1447,1
10,SET,1463,1
10,SET,1495,1
10,SET,1711,1
10,SET,2383,1
10,SET,2911,1
11,SET,88,1
11,SET,91,1
11,SET,92,1
11,SET,94,1
11,SET,95,8
11,SET,96,10
11,SET,97,2
11,SET,98,7
11,SET,99,17
11,SET,100,11
11,SET,101,13
11,SET,102,21
11,SET,103,23
11,SET,104,31
11,SET,105,42
11,SET,106,41
11,SET,107,36
11,SET,108,56
11,SET,109,49
11,SET,110,57
11,SET,111,65
11,SET,112,96
11,SET,113,113
11,SET,114,100
11,SET,115,135
11,SET,116,118
11,SET,117,135
11,SET,118,162
11,SET,119,144
11,SET,120,152
11,SET,121,197
11,SET,122,184
11,SET,123,210
11,SET,124,209
11,SET,125,250
11,SET,126,226
11,SET,127,267
11,SET,128,252
11,SET,129,269
11,SET,130,282
11,SET,131,295
11,SET,132,308
11,SET,133,355
11,SET,134,333
11,SET,135,339
11,SET,136,372
11,SET,137,398
11,SET,138,404
11,SET,139,396
11,SET,140,383
11,SET,141,384
11,SET,142,418
11,SET,143,407
11,SET,144,412
11,SET,145,450
11,SET,146,432
11,SET,147,443
11,SET,148,418
11,SET,149,439
11,SET,150,453
11,SET,151,428
11,SET,152,395
11,SET,153,465
11,SET,154,411
11,SET,155,407
11,SET,156,443
11,SET,157,417
11,SET,158,362
11,SET,159,420
11,SET,160,410
11,SET,161,453
11,SET,162,409
11,SET,163,386
11,SET,164,384
11,SET,165,362
11,SET,166,369
11,SET,167,381
11,SET,168,378
11,SET,169,334
11,SET,170,331
11,SET,171,319
11,SET,172,353
11,SET,173,313
11,SET,174,313
11,SET,175,325
11,SET,176,309
11,SET,177,305
11,SET,178,302
11,SET,179,279
11,SET,180,277
11,SET,181,272
11,SET,182,269
11,SET,183,241
11,SET,184,254
11,SET,185,247
11,SET,186,253
11,SET,187,234
11,SET,188,231
11,SET,189,221
11,SET,190,220
11,SET,191,211
11,SET,192,193
11,SET,193,207
11,SET,194,179
11,SET,195,184
11,SET,196,176
11,SET,197,159
11,SET,198,162
11,SET,199,162
11,SET,200,146
11,SET,201,158
11,SET,202,123
11,SET,203,133
11,SET,204,112
11,SET,205,130
11,SET,206,96
11,SET,207,129
11,SET,208,104
11,SET,209,132
11,SET,210,96
11,SET,211,120
11,SET,212,107
11,SET,213,93
11,SET,214,98
11,SET,215,68
11,SET,216,105
11,SET,217,95
11,SET,218,83
11,SET,219,68
11,SET,220,85
11,SET,221,82
11,SET,222,60
11,SET,223,66
11,SET,224,72
11,SET,225,70
11,SET,226,58
11,SET,227,55
11,SET,228,64
11,SET,229,47
11,SET,230,42
11,SET,231,65
11,SET,232,67
11,SET,233,54
11,SET,234,45
11,SET,235,48
11,SET,236,41
11,SET,237,32
11,SET,238,36
11,SET,239,45
11,SET,240,43
11,SET,241,36
11,SET,242,44
11,SET,243,30
11,SET,244,22
11,SET,245,38
11,SET,246,33
11,SET,247,18
11,SET,248,36
11,SET,249,25
11,SET,250,15
11,SET,251,24
11,SET,252,38
11,SET,253,20
11,SET,254,33
11,SET,255,18
11,SET,257,43
11,SET,259,41
11,SET,261,33
11,SET,263,27
11,SET,265,36
11,SET,267,36
11,SET,269,28
11,SET,271,23
11,SET,273,20
11,SET,275,29
11,SET,277,21
11,SET,279,21
11,SET,281,21
11,SET,283,4
11,SET,285,23
11,SET,287,17
11,SET,289,23
11,SET,291,11
11,SET,293,6
11,SET,295,14
11,SET,297,8
11,SET,299,6
11,SET,301,12
11,SET,303,6
11,SET,305,7
11,SET,307,6
11,SET,309,5
11,SET,311,9
11,SET,313,7
11,SET,315,9
11,SET,317,7
11,SET,319,2
11,SET,321,6
11,SET,323,3
11,SET,325,5
11,SET,327,1
11,SET,331,1
11,SET,333,5
11,SET,335,4
11,SET,337,3
11,SET,339,3
11,SET,341,4
11,SET,345,1
11,SET,347,2
11,SET,349,3
11,SET,351,3
11,SET,353,2
11,SET,355,1
11,SET,357,3
11,SET,359,3
11,SET,361,2
11,SET,363,1
11,SET,365,1
11,SET,369,1
11,SET,375,1
11,SET,377,2
11,SET,379,5
11,SET,381,1
11,SET,383,4
11,SET,393,1
11,SET,397,1
11,SET,401,1
11,SET,405,3
11,SET,407,1
11,SET,409,1
11,SET,413,1
11,SET,419,1
11,SET,433,1
11,SET,439,2
11,SET,443,1
11,SET,449,1
11,SET,453,2
11,SET,457,2
11,SET,463,1
11,SET,467,1
11,SET,477,1
11,SET,489,1
11,SET,491,1
11,SET,535,1
11,SET,547,1
11,SET,551,1
11,SET,555,1
11,SET,559,1
11,SET,571,1
11,SET,579,1
11,SET,587,1
11,SET,591,1
11,SET,599,1
11,SET,611,2
11,SET,643,1
11,SET,655,2
11,SET,663,1
11,SET,687,1
11,SET,815,1
11,SET,1143,1
11,SET,1967,1
11,GET,78,2
11,GET,81,1
11,GET,82,1
11,GET,83,2
11,GET,84,1
11,GET,85,5
11,GET,86,4
11,GET,87,3
11,GET,88,6
11,GET,89,15
11,GET,90,19
11,GET,91,27
11,GET,92,52
11,GET,93,54
11,GET,94,76
11,GET,95,102
11,GET,96,139
11,GET,97,189
11,GET,98,227
11,GET,99,282
11,GET,100,376
11,GET,101,440
11,GET,102,511
11,GET,103,582
11,GET,104,717
11,GET,105,815
11,GET,106,950
11,GET,107,1090
11,GET,108,1197
11,GET,109,1326
11,GET,110,1494
11,GET,111,1655
11,GET,112,1803
11,GET,113,2064
11,GET,114,2195
11,GET,115,2418
11,GET,116,2606
11,GET,117,2877
11,GET,118,3054
11,GET,119,3174
11,GET,120,3315
11,GET,121,3592
11,GET,122,3773
11,GET,123,3948
11,GET,124,4251
11,GET,125,4427
11,GET,126,4391
11,GET,127,4774
11,GET,128,4918
11,GET,129,5125
11,GET,130,5226
11,GET,131,5256
11,GET,132,5338
11,GET,133,5434
11,GET,134,5625
11,GET,135,5955
11,GET,136,5796
11,GET,137,5971
11,GET,138,6001
11,GET,139,6075
11,GET,140,6180
11,GET,141,6079
11,GET,142,6064
11,GET,143,6130
11,GET,144,6305
11,GET,145,6240
11,GET,146,6227
11,GET,147,6022
11,GET,148,6326
11,GET,149,6096
11,GET,150,6313
11,GET,151,6048
11,GET,152,5962
11,GET,153,5938
11,GET,154,5742
11,GET,155,5643
11,GET,156,5704
11,GET,157,5619
11,GET,158,5480
11,GET,159,5434
11,GET,160,5356
11,GET,161,5267
11,GET,162,5274
11,GET,163,4988
11,GET,164,5029
11,GET,165,4830
11,GET,166,4658
11,GET,167,4753
11,GET,168,4596
11,GET,169,4480
11,GET,170,4368
11,GET,171,4234
11,GET,172,4012
11,GET,173,3971
11,GET,174,3773
11,GET,175,3886
11,GET,176,3686
11,GET,177,3580
11,GET,178,3397
11,GET,179,3402
11,GET,180,3306
11,GET,181,3125
11,GET,182,3038
11,GET,183,3063
11,GET,184,2999
11,GET,185,2854
11,GET,186,2684
11,GET,187,2654
11,GET,188,2608
11,GET,189,2515
11,GET,190,2415
11,GET,191,2343
11,GET,192,2185
11,GET,193,2166
11,GET,194,2115
11,GET,195,2030
11,GET,196,2020
11,GET,197,1926
11,GET,198,1842
11,GET,199,1770
11,GET,200,1705
11,GET,201,1697
11,GET,202,1655
11,GET,203,1627
11,GET,204,1481
11,GET,205,1478
11,GET,206,1355
11,GET,207,1317
11,GET,208,1279
11,GET,209,1222
11,GET,210,1163
11,GET,211,1169
11,GET,212,1098
11,GET,213,1094
11,GET,214,1025
11,GET,215,977
11,GET,216,910
11,GET,217,894
11,GET,218,826
11,GET,219,902
11,GET,220,846
11,GET,221,809
11,GET,222,757
11,GET,223,709
11,GET,224,666
11,GET,225,698
11,GET,226,690
11,GET,227,671
11,GET,228,571
11,GET,229,617
11,GET,230,582
11,GET,231,545
11,GET,232,511
11,GET,233,483
11,GET,234,493
11,GET,235,500
11,GET,236,461
11,GET,237,417
11,GET,238,447
11,GET,239,398
11,GET,240,382
11,GET,241,374
11,GET,242,391
11,GET,243,387
11,GET,244,325
11,GET,245,343
11,GET,246,314
11,GET,247,281
11,GET,248,278
11,GET,249,257
11,GET,250,288
11,GET,251,254
11,GET,252,241
11,GET,253,240
11,GET,254,256
11,GET,255,217
11,GET,257,452
11,GET,259,372
11,GET,261,349
11,GET,263,381
11,GET,265,319
11,GET,267,284
11,GET,269,294
11,GET,271,237
11,GET,273,235
11,GET,275,237
11,GET,277,202
11,GET,279,209
11,GET,281,187
11,GET,283,152
11,GET,285,158
11,GET,287,148
11,GET,289,123
11,GET,291,130
11,GET,293,132
11,GET,295,85
11,GET,297,112
11,GET,299,99
11,GET,301,102
11,GET,303,95
11,GET,305,86
11,GET,307,81
11,GET,309,58
11,GET,311,66
11,GET,313,78
11,GET,315,57
11,GET,317,52
11,GET,319,43
11,GET,321,35
11,GET,323,59
11,GET,325,38
11,GET,327,43
11,GET,329,45
11,GET,331,41
11,GET,333,30
11,GET,335,41
11,GET,337,34
11,GET,339,28
11,GET,341,28
11,GET,343,20
11,GET,345,29
11,GET,347,25
11,GET,349,27
11,GET,351,19
11,GET,353,21
11,GET,355,16
11,GET,357,29
11,GET,359,13
11,GET,361,17
11,GET,363,17
11,GET,365,20
11,GET,367,15
11,GET,369,13
11,GET,371,12
11,GET,373,14
11,GET,375,10
11,GET,377,15
11,GET,379,7
11,GET,381,10
11,GET,383,15
11,GET,385,2
11,GET,387,11
11,GET,389,8
11,GET,391,9
11,GET,393,13
11,GET,395,6
11,GET,397,7
11,GET,399,7
11,GET,401,8
11,GET,403,7
11,GET,405,9
11,GET,407,10
11,GET,409,7
11,GET,411,5
11,GET,413,13
11,GET,415,8
11,GET,417,9
11,GET,419,3
11,GET,421,10
11,GET,423,10
11,GET,425,3
11,GET,427,3
11,GET,429,9
11,GET,431,7
11,GET,433,4
11,GET,435,6
11,GET,437,4
11,GET,439,3
11,GET,441,2
11,GET,443,3
11,GET,445,7
11,GET,447,2
11,GET,449,7
11,GET,451,3
11,GET,453,6
11,GET,455,3
11,GET,457,4
11,GET,459,1
11,GET,461,3
11,GET,463,5
11,GET,465,3
11,GET,467,1
11,GET,469,6
11,GET,471,2
11,GET,473,4
11,GET,475,4
11,GET,477,1
11,GET,479,7
11,GET,481,6
11,GET,483,3
11,GET,485,2
11,GET,487,4
11,GET,489,2
11,GET,491,4
11,GET,493,3
11,GET,495,3
11,GET,497,3
11,GET,499,4
11,GET,501,7
11,GET,503,1
11,GET,505,3
11,GET,507,2
11,GET,509,5
11,GET,511,4
11,GET,515,11
11,GET,519,6
11,GET,523,2
11,GET,527,3
11,GET,531,4
11,GET,535,7
11,GET,539,5
11,GET,543,4
11,GET,547,2
11,GET,551,2
11,GET,555,6
11,GET,559,5
11,GET,563,4
11,GET,567,3
11,GET,571,3
11,GET,575,5
11,GET,583,5
11,GET,587,3
11,GET,591,2
11,GET,595,1
11,GET,599,1
11,GET,603,3
11,GET,607,7
11,GET,611,2
11,GET,615,2
11,GET,623,5
11,GET,627,4
11,GET,631,2
11,GET,635,3
11,GET,639,5
11,GET,643,3
11,GET,647,1
11,GET,651,3
11,GET,655,1
11,GET,659,2
11,GET,663,3
11,GET,667,1
11,GET,671,2
11,GET,675,2
11,GET,679,4
11,GET,683,3
11,GET,687,1
11,GET,691,2
11,GET,695,4
11,GET,699,1
11,GET,703,2
11,GET,707,4
11,GET,711,1
11,GET,715,2
11,GET,719,1
11,GET,723,1
11,GET,727,2
11,GET,731,1
11,GET,735,5
11,GET,739,1
11,GET,747,1
11,GET,751,1
11,GET,759,2
11,GET,771,1
11,GET,775,1
11,GET,779,1
11,GET,783,1
11,GET,791,1
11,GET,795,1
11,GET,803,1
11,GET,807,1
11,GET,811,2
11,GET,819,2
11,GET,827,1
11,GET,831,1
11,GET,835,2
11,GET,839,1
11,GET,843,1
11,GET,847,2
11,GET,851,1
11,GET,855,2
11,GET,859,1
11,GET,879,2
11,GET,887,2
11,GET,895,1
11,GET,899,2
11,GET,903,3
11,GET,911,1
11,GET,915,2
11,GET,927,1
11,GET,935,1
11,GET,939,2
11,GET,947,1
11,GET,955,2
11,GET,975,2
11,GET,979,1
11,GET,983,1
11,GET,995,1
11,GET,999,1
11,GET,1015,2
11,GET,1019,1
11,GET,1031,1
11,GET,1039,1
11,GET,1047,1
11,GET,1055,1
11,GET,1063,3
11,GET,1079,1
11,GET,1103,2
11,GET,1119,2
11,GET,1127,3
11,GET,1135,1
11,GET,1151,2
11,GET,1159,1
11,GET,1167,2
11,GET,1191,1
11,GET,1231,3
11,GET,1247,1
11,GET,1255,2
11,GET,1319,1
11,GET,1375,2
11,GET,1391,1
11,GET,1447,2
11,GET,1527,1
11,GET,1583,1
11,GET,1647,1
11,GET,1655,1
11,GET,1671,1
11,GET,1703,1
11,GET,1711,1
11,GET,1727,2
11,GET,1735,1
11,GET,1775,2
11,GET,1807,1
11,GET,1815,1
11,GET,1831,1
11,GET,1927,2
11,GET,1935,1
11,GET,1943,1
11,GET,1983,1
11,GET,2007,1
11,GET,2127,2
11,GET,2255,1
11,GET,2271,1
11,GET,2383,1
11,GET,2463,1
11,GET,2511,1
11,GET,2575,1
11,GET,2703,1
11,GET,2751,1
11,GET,2815,1
11,GET,2959,1
11,GET,3071,1
11,DEL,80,1
11,DEL,87,1
11,DEL,88,2
11,DEL,89,8
11,DEL,90,3
11,DEL,91,8
11,DEL,92,14
11,DEL,93,17
11,DEL,94,29
11,DEL,95,34
11,DEL,96,51
11,DEL,97,64
11,DEL,98,63
11,DEL,99,95
11,DEL,100,120
11,DEL,101,129
11,DEL,102,173
11,DEL,103,212
11,DEL,104,215
11,DEL,105,259
11,DEL,106,325
11,DEL,107,388
11,DEL,108,385
11,DEL,109,441
11,DEL,110,473
11,DEL,111,549
11,DEL,112,624
11,DEL,113,687
11,DEL,114,688
11,DEL,115,799
11,DEL,116,869
11,DEL,117,933
11,DEL,118,1011
11,DEL,119,1038
11,DEL,120,1131
11,DEL,121,1274
11,DEL,122,1281
11,DEL,123,1413
11,DEL,124,1439
11,DEL,125,1553
11,DEL,126,1547
11,DEL,127,1611
11,DEL,128,1703
11,DEL,129,1725
11,DEL,130,1812
11,DEL,131,1838
11,DEL,132,1942
11,DEL,133,1897
11,DEL,134,1874
11,DEL,135,2005
11,DEL,136,2077
11,DEL,137,2067
11,DEL,138,2097
11,DEL,139,2143
11,DEL,140,2162
11,DEL,141,2202
11,DEL,142,2197
11,DEL,143,2170
11,DEL,144,2251
11,DEL,145,2161
11,DEL,146,2316
11,DEL,147,2165
11,DEL,148,2235
11,DEL,149,2275
11,DEL,150,2226
11,DEL,151,2112
11,DEL,152,2151
11,DEL,153,2263
11,DEL,154,2036
11,DEL,155,2126
11,DEL,156,2143
11,DEL,157,2019
11,DEL,158,2034
11,DEL,159,1954
11,DEL,160,1937
11,DEL,161,1918
11,DEL,162,1903
11,DEL,163,1824
11,DEL,164,1733
11,DEL,165,1811
11,DEL,166,1723
11,DEL,167,1737
11,DEL,168,1637
11,DEL,169,1652
11,DEL,170,1604
11,DEL,171,1549
11,DEL,172,1485
11,DEL,173,1449
11,DEL,174,1381
11,DEL,175,1418
11,DEL,176,1283
11,DEL,177,1384
11,DEL,178,1363
11,DEL,179,1229
11,DEL,180,1170
11,DEL,181,1169
11,DEL,182,1175
11,DEL,183,1096
11,DEL,184,1114
11,DEL,185,979
11,DEL,186,1049
11,DEL,187,1021
11,DEL,188,923
11,DEL,189,868
11,DEL,190,872
11,DEL,191,813
11,DEL,192,839
11,DEL,193,757
11,DEL,194,798
11,DEL,195,748
11,DEL,196,741
11,DEL,197,689
11,DEL,198,736
11,DEL,199,674
11,DEL,200,677
11,DEL,201,679
11,DEL,202,544
11,DEL,203,564
11,DEL,204,532
11,DEL,205,515
11,DEL,206,539
11,DEL,207,518
11,DEL,208,482
11,DEL,209,437
11,DEL,210,417
11,DEL,211,444
11,DEL,212,418
11,DEL,213,379
11,DEL,214,371
11,DEL,215,362
11,DEL,216,379
11,DEL,217,362
11,DEL,218,310
11,DEL,219,313
11,DEL,220,338
11,DEL,221,270
11,DEL,222,287
11,DEL,223,275
11,DEL,224,262
11,DEL,225,289
11,DEL,226,246
11,DEL,227,243
11,DEL,228,206
11,DEL,229,225
11,DEL,230,222
11,DEL,231,193
11,DEL,232,194
11,DEL,233,189
11,DEL,234,173
11,DEL,235,166
11,DEL,236,166
11,DEL,237,145
11,DEL,238,148
11,DEL,239,159
11,DEL,240,143
11,DEL,241,121
11,DEL,242,141
11,DEL,243,126
11,DEL,244,124
11,DEL,245,128
11,DEL,246,102
11,DEL,247,98
11,DEL,248,111
11,DEL,249,85
11,DEL,250,103
11,DEL,251,95
11,DEL,252,94
11,DEL,253,86
11,DEL,254,78
11,DEL,255,90
11,DEL,257,150
11,DEL,259,145
11,DEL,261,140
11,DEL,263,130
11,DEL,265,99
11,DEL,267,110
11,DEL,269,116
11,DEL,271,100
11,DEL,273,88
11,DEL,275,69
11,DEL,277,74
11,DEL,279,71
11,DEL,281,59
11,DEL,283,71
11,DEL,285,50
11,DEL,287,51
11,DEL,289,40
11,DEL,291,54
11,DEL,293,42
11,DEL,295,46
11,DEL,297,31
11,DEL,299,34
11,DEL,301,34
11,DEL,303,33
11,DEL,305,35
11,DEL,307,32
11,DEL,309,29
11,DEL,311,18
11,DEL,313,18
11,DEL,315,15
11,DEL,317,20
11,DEL,319,18
11,DEL,321,15
11,DEL,323,11
11,DEL,325,19
11,DEL,327,11
11,DEL,329,14
11,DEL,331,10
11,DEL,333,17
11,DEL,335,15
11,DEL,337,12
11,DEL,339,7
11,DEL,341,8
11,DEL,343,12
11,DEL,345,9
11,DEL,347,8
11,DEL,349,14
11,DEL,351,13
11,DEL,353,6
11,DEL,355,8
11,DEL,357,8
11,DEL,359,9
11,DEL,361,10
11,DEL,363,5
11,DEL,365,4
11,DEL,367,6
11,DEL,369,6
11,DEL,371,3
11,DEL,373,6
11,DEL,375,5
11,DEL,377,8
11,DEL,379,2
11,DEL,381,4
11,DEL,383,4
11,DEL,385,2
11,DEL,387,2
11,DEL,389,6
11,DEL,391,5
11,DEL,393,4
11,DEL,395,3
11,DEL,397,5
11,DEL,399,4
11,DEL,401,4
11,DEL,403,1
11,DEL,407,3
11,DEL,409,1
11,DEL,411,4
11,DEL,413,2
11,DEL,415,4
11,DEL,417,2
11,DEL,419,1
11,DEL,421,3
11,DEL,425,1
11,DEL,427,1
11,DEL,429,1
11,DEL,433,2
11,DEL,435,1
11,DEL,439,3
11,DEL,445,4
11,DEL,447,1
11,DEL,449,2
11,DEL,451,1
11,DEL,453,4
11,DEL,455,1
11,DEL,457,1
11,DEL,461,2
11,DEL,463,1
11,DEL,465,4
11,DEL,467,2
11,DEL,469,1
11,DEL,475,3
11,DEL,477,1
11,DEL,481,1
11,DEL,491,4
11,DEL,495,1
11,DEL,497,1
11,DEL,499,1
11,DEL,501,3
11,DEL,505,2
11,DEL,509,2
11,DEL,515,3
11,DEL,519,1
11,DEL,523,2
11,DEL,527,4
11,DEL,535,3
11,DEL,539,3
11,DEL,543,3
11,DEL,555,2
11,DEL,559,1
11,DEL,563,3
11,DEL,571,1
11,DEL,575,1
11,DEL,579,2
11,DEL,583,2
11,DEL,587,1
11,DEL,591,2
11,DEL,607,1
11,DEL,611,2
11,DEL,615,1
11,DEL,627,2
11,DEL,635,1
11,DEL,639,1
11,DEL,647,1
11,DEL,651,2
11,DEL,663,1
11,DEL,667,2
11,DEL,679,1
11,DEL,683,1
11,DEL,691,2
11,DEL,695,1
11,DEL,703,2
11,DEL,707,2
11,DEL,715,1
11,DEL,719,1
11,DEL,731,1
11,DEL,735,1
11,DEL,739,1
11,DEL,751,1
11,DEL,763,1
11,DEL,767,1
11,DEL,771,1
11,DEL,779,1
11,DEL,783,1
11,DEL,811,1
11,DEL,819,1
11,DEL,827,1
11,DEL,871,1
11,DEL,875,2
11,DEL,891,1
11,DEL,903,1
11,DEL,923,1
11,DEL,943,1
11,DEL,963,1
11,DEL,979,1
11,DEL,1003,1
11,DEL,1007,1
11,DEL,1031,1
11,DEL,1047,1
11,DEL,1055,1
11,DEL,1063,1
11,DEL,1111,2
11,DEL,1175,2
11,DEL,1183,1
11,DEL,1199,1
11,DEL,1223,1
11,DEL,1247,1
11,DEL,1279,1
11,DEL,1319,1
11,DEL,1383,1
11,DEL,1439,1
11,DEL,1535,1
11,DEL,1591,1
11,DEL,1607,1
11,DEL,1655,1
11,DEL,1663,1
11,DEL,1671,1
11,DEL,1759,1
11,DEL,1783,1
11,DEL,1847,1
11,DEL,2015,1
11,DEL,2095,1
11,DEL,2543,1
11,DEL,2959,1
11,DEL,3311,1
11,DEL,3503,1
12,SET,92,1
12,SET,93,2
12,SET,95,1
12,SET,96,3
12,SET,97,4
12,SET,98,4
12,SET,99,5
12,SET,100,8
12,SET,101,18
12,SET,102,15
12,SET,103,16
12,SET,104,34
12,SET,105,30
12,SET,106,45
12,SET,107,38
12,SET,108,54
12,SET,109,52
12,SET,110,78
12,SET,111,86
12,SET,112,79
12,SET,113,93
12,SET,114,102
12,SET,115,116
12,SET,116,139
12,SET,117,136
12,SET,118,152
12,SET,119,150
12,SET,120,148
12,SET,121,194
12,SET,122,199
12,SET,123,214
12,SET,124,226
12,SET,125,234
12,SET,126,245
12,SET,127,284
12,SET,128,291
12,SET,129,278
12,SET,130,338
12,SET,131,341
12,SET,132,336
12,SET,133,295
12,SET,134,361
12,SET,135,388
12,SET,136,350
12,SET,137,383
12,SET,138,399
12,SET,139,367
12,SET,140,418
12,SET,141,410
12,SET,142,433
12,SET,143,414
12,SET,144,430
12,SET,145,463
12,SET,146,446
12,SET,147,445
12,SET,148,430
12,SET,149,435
12,SET,150,443
12,SET,151,469
12,SET,152,433
12,SET,153,427
12,SET,154,431
12,SET,155,441
12,SET,156,417
12,SET,157,425
12,SET,158,424
12,SET,159,405
12,SET,160,430
12,SET,161,414
12,SET,162,400
12,SET,163,370
12,SET,164,381
12,SET,165,375
12,SET,166,377
12,SET,167,364
12,SET,168,381
12,SET,169,352
12,SET,170,339
12,SET,171,338
12,SET,172,292
12,SET,173,327
12,SET,174,315
12,SET,175,309
12,SET,176,244
12,SET,177,288
12,SET,178,289
12,SET,179,291
12,SET,180,283
12,SET,181,269
12,SET,182,264
12,SET,183,222
12,SET,184,244
12,SET,185,222
12,SET,186,243
12,SET,187,227
12,SET,188,191
12,SET,189,206
12,SET,190,214
12,SET,191,227
12,SET,192,192
12,SET,193,201
12,SET,194,175
12,SET,195,167
12,SET,196,198
12,SET,197,170
12,SET,198,158
12,SET,199,157
12,SET,200,156
12,SET,201,154
12,SET,202,164
12,SET,203,122
12,SET,204,133
12,SET,205,105
12,SET,206,135
12,SET,207,124
12,SET,208,119
12,SET,209,123
12,SET,210,100
12,SET,211,90
12,SET,212,103
12,SET,213,89
12,SET,214,97
12,SET,215,90
12,SET,216,82
12,SET,217,74
12,SET,218,62
12,SET,219,72
12,SET,220,91
12,SET,221,60
12,SET,222,58
12,SET,223,63
12,SET,224,55
12,SET,225,68
12,SET,226,52
12,SET,227,46
12,SET,228,60
12,SET,229,55
12,SET,230,51
12,SET,231,51
12,SET,232,44
12,SET,233,42
12,SET,234,56
12,SET,235,40
12,SET,236,39
12,SET,237,30
12,SET,238,41
12,SET,239,38
12,SET,240,32
12,SET,241,26
12,SET,242,40
12,SET,243,36
12,SET,244,34
12,SET,245,25
12,SET,246,26
12,SET,247,20
12,SET,248,27
12,SET,249,24
12,SET,250,21
12,SET,251,15
12,SET,252,21
12,SET,253,19
12,SET,254,22
12,SET,255,21
12,SET,257,39
12,SET,259,43
12,SET,261,29
12,SET,263,39
12,SET,265,36
12,SET,267,16
12,SET,269,23
12,SET,271,17
12,SET,273,18
12,SET,275,22
12,SET,277,22
12,SET,279,12
12,SET,281,12
12,SET,283,16
12,SET,285,14
12,SET,287,12
12,SET,289,8
12,SET,291,5
12,SET,293,10
12,SET,295,17
12,SET,297,10
12,SET,299,7
12,SET,301,6
12,SET,303,9
12,SET,305,3
12,SET,307,8
12,SET,309,6
12,SET,311,5
12,SET,313,5
12,SET,315,5
12,SET,317,4
12,SET,319,5
12,SET,321,3
12,SET,323,2
12,SET,327,4
12,SET,329,2
12,SET,331,2
12,SET,333,1
12,SET,335,3
12,SET,337,2
12,SET,339,5
12,SET,341,7
12,SET,343,1
12,SET,345,2
12,SET,347,1
12,SET,349,6
12,SET,351,5
12,SET,353,2
12,SET,355,2
12,SET,357,2
12,SET,359,2
12,SET,361,1
12,SET,363,1
12,SET,365,2
12,SET,367,1
12,SET,369,2
12,SET,373,1
12,SET,375,3
12,SET,377,1
12,SET,379,1
12,SET,383,2
12,SET,387,1
12,SET,393,1
12,SET,395,1
12,SET,403,1
12,SET,405,2
12,SET,407,1
12,SET,413,1
12,SET,415,2
12,SET,421,1
12,SET,425,3
12,SET,435,1
12,SET,443,1
12,SET,447,1
12,SET,459,1
12,SET,471,2
12,SET,479,1
12,SET,483,2
12,SET,487,2
12,SET,491,1
12,SET,497,1
12,SET,507,1
12,SET,527,1
12,SET,531,1
12,SET,535,1
12,SET,571,1
12,SET,583,1
12,SET,591,1
12,SET,603,1
12,SET,615,1
12,SET,631,1
12,SET,655,1
12,SET,667,2
12,SET,671,1
12,SET,695,1
12,SET,795,1
12,SET,799,1
12,SET,823,1
12,SET,831,1
12,SET,859,1
12,SET,939,1
12,SET,959,1
12,SET,1031,1
12,SET,1279,1
12,SET,2159,1
12,SET,2463,1
12,GET,86,6
12,GET,87,5
12,GET,88,10
12,GET,89,8
12,GET,90,22
12,GET,91,26
12,GET,92,37
12,GET,93,50
12,GET,94,70
12,GET,95,93
12,GET,96,126
12,GET,97,186
12,GET,98,210
12,GET,99,306
12,GET,100,340
12,GET,101,434
12,GET,102,548
12,GET,103,599
12,GET,104,769
12,GET,105,925
12,GET,106,1020
12,GET,107,1122
12,GET,108,1232
12,GET,109,1457
12,GET,110,1571
12,GET,111,1683
12,GET,112,1945
12,GET,113,2109
12,GET,114,2265
12,GET,115,2471
12,GET,116,2658
12,GET,117,2839
12,GET,118,3049
12,GET,119,3334
12,GET,120,3472
12,GET,121,3701
12,GET,122,3989
12,GET,123,4084
12,GET,124,4294
12,GET,125,4540
12,GET,126,4681
12,GET,127,4687
12,GET,128,5034
12,GET,129,5032
12,GET,130,5265
12,GET,131,5389
12,GET,132,5594
12,GET,133,5799
12,GET,134,5653
12,GET,135,5916
12,GET,136,5824
12,GET,137,6106
12,GET,138,6191
12,GET,139,6180
12,GET,140,6270
12,GET,141,6258
12,GET,142,6082
12,GET,143,6306
12,GET,144,6189
12,GET,145,6314
12,GET,146,6360
12,GET,147,6122
12,GET,148,6309
12,GET,149,6317
12,GET,150,6128
12,GET,151,6016
12,GET,152,5849
12,GET,153,6084
12,GET,154,5883
12,GET,155,5646
12,GET,156,5566
12,GET,157,5774
12,GET,158,5621
12,GET,159,5510
12,GET,160,5249
12,GET,161,5205
12,GET,162,5220
12,GET,163,5049
12,GET,164,5020
12,GET,165,4793
12,GET,166,4752
12,GET,167,4678
12,GET,168,4450
12,GET,169,4300
12,GET,170,4201
12,GET,171,4244
12,GET,172,3988
12,GET,173,3927
12,GET,174,3829
12,GET,175,3646
12,GET,176,3617
12,GET,177,3615
12,GET,178,3308
12,GET,179,3367
12,GET,180,3289
12,GET,181,3118
12,GET,182,2999
12,GET,183,2917
12,GET,184,2930
12,GET,185,2801
12,GET,186,2693
12,GET,187,2621
12,GET,188,2510
12,GET,189,2344
12,GET,190,2354
12,GET,191,2371
12,GET,192,2133
12,GET,193,2100
12,GET,194,2066
12,GET,195,1977
12,GET,196,1930
12,GET,197,1818
12,GET,198,1761
12,GET,199,1765
12,GET,200,1703
12,GET,201,1680
12,GET,202,1485
12,GET,203,1462
12,GET,204,1461
12,GET,205,1402
12,GET,206,1370
12,GET,207,1297
12,GET,208,1302
12,GET,209,1204
12,GET,210,1156
12,GET,211,1062
12,GET,212,1076
12,GET,213,1025
12,GET,214,1039
12,GET,215,941
12,GET,216,933
12,GET,217,859
12,GET,218,882
12,GET,219,839
12,GET,220,781
12,GET,221,765
12,GET,222,708
12,GET,223,722
12,GET,224,653
12,GET,225,631
12,GET,226,617
12,GET,227,613
12,GET,228,554
12,GET,229,512
12,GET,230,575
12,GET,231,515
12,GET,232,470
12,GET,233,495
12,GET,234,460
12,GET,235,445
12,GET,236,414
12,GET,237,371
12,GET,238,403
12,GET,239,383
12,GET,240,362
12,GET,241,373
12,GET,242,381
12,GET,243,337
12,GET,244,315
12,GET,245,332
12,GET,246,283
12,GET,247,303
12,GET,248,325
12,GET,249,270
12,GET,250,251
12,GET,251,234
12,GET,252,247
12,GET,253,214
12,GET,254,216
12,GET,255,207
12,GET,257,379
12,GET,259,375
12,GET,261,333
12,GET,263,339
12,GET,265,289
12,GET,267,289
12,GET,269,263
12,GET,271,237
12,GET,273,215
12,GET,275,210
12,GET,277,203
12,GET,279,180
12,GET,281,170
12,GET,283,151
12,GET,285,156
12,GET,287,128
12,GET,289,132
12,GET,291,120
12,GET,293,92
12,GET,295,103
12,GET,297,100
12,GET,299,106
12,GET,301,93
12,GET,303,101
12,GET,305,80
12,GET,307,68
12,GET,309,82
12,GET,311,71
12,GET,313,53
12,GET,315,56
12,GET,317,58
12,GET,319,37
12,GET,321,54
12,GET,323,44
12,GET,325,47
12,GET,327,50
12,GET,329,30
12,GET,331,41
12,GET,333,33
12,GET,335,31
12,GET,337,33
12,GET,339,21
12,GET,341,31
12,GET,343,30
12,GET,345,32
12,GET,347,28
12,GET,349,26
12,GET,351,23
12,GET,353,23
12,GET,355,27
12,GET,357,28
12,GET,359,16
12,GET,361,15
12,GET,363,12
12,GET,365,18
12,GET,367,11
12,GET,369,12
12,GET,371,14
12,GET,373,6
12,GET,375,12
12,GET,377,15
12,GET,379,16
12,GET,381,14
12,GET,383,13
12,GET,385,6
12,GET,387,12
12,GET,389,6
12,GET,391,9
12,GET,393,18
12,GET,395,21
12,GET,397,14
12,GET,399,5
12,GET,401,6
12,GET,403,12
12,GET,405,11
12,GET,407,10
12,GET,409,2
12,GET,411,7
12,GET,413,8
12,GET,415,10
12,GET,417,10
12,GET,419,7
12,GET,421,4
12,GET,423,3
12,GET,425,1
12,GET,427,4
12,GET,429,3
12,GET,431,12
12,GET,433,11
12,GET,435,8
12,GET,437,3
12,GET,439,9
12,GET,441,4
12,GET,443,5
12,GET,445,4
12,GET,447,3
12,GET,449,8
12,GET,451,3
12,GET,453,7
12,GET,455,5
12,GET,457,3
12,GET,459,4
12,GET,461,5
12,GET,463,4
12,GET,465,7
12,GET,467,2
12,GET,469,5
12,GET,471,2
12,GET,473,2
12,GET,475,5
12,GET,477,4
12,GET,479,4
12,GET,481,3
12,GET,483,1
12,GET,485,3
12,GET,487,2
12,GET,489,3
12,GET,491,4
12,GET,493,2
12,GET,495,7
12,GET,497,3
12,GET,499,3
12,GET,501,4
12,GET,503,4
12,GET,505,2
12,GET,507,4
12,GET,509,2
12,GET,511,3
12,GET,515,5
12,GET,519,4
12,GET,523,3
12,GET,527,2
12,GET,531,7
12,GET,535,4
12,GET,539,5
12,GET,543,5
12,GET,547,2
12,GET,551,3
12,GET,555,5
12,GET,559,2
12,GET,563,7
12,GET,567,4
12,GET,571,3
12,GET,575,4
12,GET,579,4
12,GET,583,1
12,GET,587,1
12,GET,591,8
12,GET,595,3
12,GET,599,7
12,GET,603,3
12,GET,607,2
12,GET,615,5
12,GET,619,2
12,GET,623,4
12,GET,627,5
12,GET,631,2
12,GET,635,6
12,GET,639,3
12,GET,643,4
12,GET,647,3
12,GET,651,3
12,GET,655,2
12,GET,659,1
12,GET,663,3
12,GET,667,3
12,GET,671,2
12,GET,675,2
12,GET,679,5
12,GET,683,4
12,GET,687,1
12,GET,695,2
12,GET,699,2
12,GET,703,1
12,GET,707,1
12,GET,711,5
12,GET,715,3
12,GET,719,3
12,GET,723,4
12,GET,727,1
12,GET,731,2
12,GET,735,1
12,GET,743,1
12,GET,747,1
12,GET,751,1
12,GET,763,3
12,GET,767,1
12,GET,771,2
12,GET,775,1
12,GET,783,2
12,GET,787,3
12,GET,807,1
12,GET,815,1
12,GET,823,1
12,GET,835,1
12,GET,843,1
12,GET,847,1
12,GET,859,1
12,GET,863,1
12,GET,867,1
12,GET,883,3
12,GET,895,1
12,GET,899,1
12,GET,923,1
12,GET,927,1
12,GET,931,1
12,GET,935,1
12,GET,939,1
12,GET,947,1
12,GET,959,1
12,GET,967,1
12,GET,975,1
12,GET,979,1
12,GET,987,1
12,GET,995,1
12,GET,999,1
12,GET,1015,1
12,GET,1031,1
12,GET,1039,1
12,GET,1047,2
12,GET,1063,1
12,GET,1087,5
12,GET,1111,1
12,GET,1119,2
12,GET,1135,2
12,GET,1143,2
12,GET,1151,1
12,GET,1159,1
12,GET,1167,1
12,GET,1175,1
12,GET,1207,1
12,GET,1223,1
12,GET,1239,2
12,GET,1263,1
12,GET,1279,2
12,GET,1287,1
12,GET,1295,1
12,GET,1303,1
12,GET,1343,1
12,GET,1359,1
12,GET,1367,1
12,GET,1375,2
12,GET,1383,1
12,GET,1399,1
12,GET,1455,1
12,GET,1471,2
12,GET,1487,1
12,GET,1559,1
12,GET,1567,1
12,GET,1575,1
12,GET,1583,2
12,GET,1607,1
12,GET,1647,1
12,GET,1687,1
12,GET,1695,1
12,GET,1727,1
12,GET,1751,1
12,GET,1783,1
12,GET,1815,1
12,GET,1823,1
12,GET,1887,1
12,GET,2015,1
12,GET,2063,1
12,GET,2079,1
12,GET,2111,1
12,GET,2159,1
12,GET,2175,1
12,GET,2191,1
12,GET,2223,1
12,GET,2271,1
12,GET,2319,1
12,GET,2399,1
12,GET,2415,1
12,GET,2431,1
12,GET,2543,1
12,GET,2751,2
12,GET,2767,1
12,GET,2799,1
12,GET,3423,2
12,DEL,88,4
12,DEL,89,2
12,DEL,90,9
12,DEL,91,10
12,DEL,92,10
12,DEL,93,10
12,DEL,94,21
12,DEL,95,25
12,DEL,96,40
12,DEL,97,65
12,DEL,98,70
12,DEL,99,99
12,DEL,100,118
12,DEL,101,123
12,DEL,102,152
12,DEL,103,220
12,DEL,104,228
12,DEL,105,252
12,DEL,106,337
12,DEL,107,379
12,DEL,108,413
12,DEL,109,473
12,DEL,110,527
12,DEL,111,575
12,DEL,112,603
12,DEL,113,702
12,DEL,114,769
12,DEL,115,890
12,DEL,116,930
12,DEL,117,1000
12,DEL,118,1023
12,DEL,119,1135
12,DEL,120,1240
12,DEL,121,1250
12,DEL,122,1347
12,DEL,123,1381
12,DEL,124,1522
12,DEL,125,1524
12,DEL,126,1590
12,DEL,127,1680
12,DEL,128,1713
12,DEL,129,1700
12,DEL,130,1895
12,DEL,131,1924
12,DEL,132,1934
12,DEL,133,1925
12,DEL,134,1897
12,DEL,135,2006
12,DEL,136,2127
12,DEL,137,2099
12,DEL,138,2133
12,DEL,139,2154
12,DEL,140,2199
12,DEL,141,2222
12,DEL,142,2319
12,DEL,143,2169
12,DEL,144,2194
12,DEL,145,2264
12,DEL,146,2252
12,DEL,147,2284
12,DEL,148,2238
12,DEL,149,2131
12,DEL,150,2173
12,DEL,151,2224
12,DEL,152,2145
12,DEL,153,2140
12,DEL,154,2127
12,DEL,155,2104
12,DEL,156,2078
12,DEL,157,2047
12,DEL,158,1899
12,DEL,159,2021
12,DEL,160,2013
12,DEL,161,1844
12,DEL,162,1891
12,DEL,163,1860
12,DEL,164,1772
12,DEL,165,1768
12,DEL,166,1742
12,DEL,167,1692
12,DEL,168,1555
12,DEL,169,1596
12,DEL,170,1597
12,DEL,171,1483
12,DEL,172,1448
12,DEL,173,1414
12,DEL,174,1479
12,DEL,175,1400
12,DEL,176,1366
12,DEL,177,1339
12,DEL,178,1247
12,DEL,179,1236
12,DEL,180,1185
12,DEL,181,1170
12,DEL,182,1151
12,DEL,183,1092
12,DEL,184,1049
12,DEL,185,1016
12,DEL,186,954
12,DEL,187,958
12,DEL,188,954
12,DEL,189,906
12,DEL,190,796
12,DEL,191,819
12,DEL,192,821
12,DEL,193,776
12,DEL,194,772
12,DEL,195,719
12,DEL,196,687
12,DEL,197,679
12,DEL,198,626
12,DEL,199,673
12,DEL,200,639
12,DEL,201,578
12,DEL,202,556
12,DEL,203,577
12,DEL,204,519
12,DEL,205,479
12,DEL,206,476
12,DEL,207,498
12,DEL,208,463
12,DEL,209,440
12,DEL,210,446
12,DEL,211,460
12,DEL,212,428
12,DEL,213,372
12,DEL,214,323
12,DEL,215,349
12,DEL,216,334
12,DEL,217,336
12,DEL,218,326
12,DEL,219,318
12,DEL,220,274
12,DEL,221,293
12,DEL,222,270
12,DEL,223,254
12,DEL,224,273
12,DEL,225,242
12,DEL,226,232
12,DEL,227,206
12,DEL,228,186
12,DEL,229,221
12,DEL,230,185
12,DEL,231,191
12,DEL,232,221
12,DEL,233,178
12,DEL,234,164
12,DEL,235,151
12,DEL,236,157
12,DEL,237,185
12,DEL,238,161
12,DEL,239,157
12,DEL,240,128
12,DEL,241,161
12,DEL,242,152
12,DEL,243,137
12,DEL,244,129
12,DEL,245,126
12,DEL,246,113
12,DEL,247,120
12,DEL,248,110
12,DEL,249,94
12,DEL,250,102
12,DEL,251,98
12,DEL,252,86
12,DEL,253,72
12,DEL,254,74
12,DEL,255,82
12,DEL,257,141
12,DEL,259,148
12,DEL,261,138
12,DEL,263,139
12,DEL,265,112
12,DEL,267,127
12,DEL,269,112
12,DEL,271,88
12,DEL,273,88
12,DEL,275,76
12,DEL,277,68
12,DEL,279,71
12,DEL,281,74
12,DEL,283,69
12,DEL,285,63
12,DEL,287,42
12,DEL,289,33
12,DEL,291,33
12,DEL,293,45
12,DEL,295,35
12,DEL,297,51
12,DEL,299,27
12,DEL,301,42
12,DEL,303,30
12,DEL,305,18
12,DEL,307,19
12,DEL,309,29
12,DEL,311,17
12,DEL,313,27
12,DEL,315,18
12,DEL,317,20
12,DEL,319,19
12,DEL,321,17
12,DEL,323,19
12,DEL,325,16
12,DEL,327,15
12,DEL,329,13
12,DEL,331,13
12,DEL,333,15
12,DEL,335,16
12,DEL,337,15
12,DEL,339,16
12,DEL,341,13
12,DEL,343,9
12,DEL,345,12
12,DEL,347,10
12,DEL,349,7
12,DEL,351,13
12,DEL,353,9
12,DEL,355,6
12,DEL,357,6
12,DEL,359,9
12,DEL,361,5
12,DEL,363,10
12,DEL,365,4
12,DEL,367,6
12,DEL,369,5
12,DEL,371,5
12,DEL,373,4
12,DEL,375,5
12,DEL,377,2
12,DEL,379,1
12,DEL,381,12
12,DEL,383,6
12,DEL,385,5
12,DEL,387,4
12,DEL,389,4
12,DEL,391,6
12,DEL,393,5
12,DEL,395,4
12,DEL,397,5
12,DEL,399,5
12,DEL,401,3
12,DEL,403,1
12,DEL,407,2
12,DEL,409,3
12,DEL,413,2
12,DEL,415,2
12,DEL,417,3
12,DEL,421,1
12,DEL,423,2
12,DEL,425,5
12,DEL,427,1
12,DEL,431,2
12,DEL,433,4
12,DEL,435,2
12,DEL,437,2
12,DEL,439,2
12,DEL,441,3
12,DEL,443,2
12,DEL,445,2
12,DEL,447,2
12,DEL,449,2
12,DEL,451,2
12,DEL,453,2
12,DEL,455,1
12,DEL,457,1
12,DEL,461,2
12,DEL,463,1
12,DEL,465,1
12,DEL,467,1
12,DEL,469,1
12,DEL,471,1
12,DEL,473,2
12,DEL,475,2
12,DEL,477,2
12,DEL,481,4
12,DEL,483,1
12,DEL,487,1
12,DEL,491,1
12,DEL,493,2
12,DEL,497,2
12,DEL,499,2
12,DEL,501,2
12,DEL,503,1
12,DEL,505,1
12,DEL,507,1
12,DEL,509,1
12,DEL,511,1
12,DEL,515,2
12,DEL,519,3
12,DEL,523,2
12,DEL,527,3
12,DEL,531,1
12,DEL,535,2
12,DEL,539,3
12,DEL,543,2
12,DEL,555,3
12,DEL,559,3
12,DEL,563,2
12,DEL,571,1
12,DEL,575,1
12,DEL,579,1
12,DEL,583,4
12,DEL,587,2
12,DEL,595,3
12,DEL,599,1
12,DEL,611,3
12,DEL,623,1
12,DEL,635,1
12,DEL,639,4
12,DEL,643,1
12,DEL,651,1
12,DEL,659,1
12,DEL,663,1
12,DEL,667,1
12,DEL,683,1
12,DEL,687,1
12,DEL,691,1
12,DEL,699,1
12,DEL,703,1
12,DEL,731,1
12,DEL,739,1
12,DEL,747,1
12,DEL,763,1
12,DEL,775,1
12,DEL,791,1
12,DEL,799,1
12,DEL,819,1
12,DEL,827,2
12,DEL,835,1
12,DEL,839,1
12,DEL,851,3
12,DEL,859,1
12,DEL,867,1
12,DEL,907,1
12,DEL,911,1
12,DEL,931,1
12,DEL,935,1
12,DEL,939,1
12,DEL,991,1
12,DEL,995,1
12,DEL,1003,1
12,DEL,1023,1
12,DEL,1039,2
12,DEL,1127,1
12,DEL,1191,1
12,DEL,1223,1
12,DEL,1231,1
12,DEL,1247,1
12,DEL,1271,1
12,DEL,1319,2
12,DEL,1327,1
12,DEL,1359,1
12,DEL,1407,1
12,DEL,1463,1
12,DEL,1511,1
12,DEL,1591,1
12,DEL,1631,1
12,DEL,1647,1
12,DEL,1807,1
12,DEL,1815,1
12,DEL,1863,1
12,DEL,1943,1
12,DEL,2351,2
12,DEL,2367,1
12,DEL,2543,1
12,DEL,2575,1
12,DEL,2687,1
12,DEL,2879,1
13,GET,84,2
13,GET,86,3
13,GET,87,8
13,GET,88,9
13,GET,89,12
13,GET,90,22
13,GET,91,32
13,GET,92,30
13,GET,93,68
13,GET,94,91
13,GET,95,99
13,GET,96,161
13,GET,97,185
13,GET,98,244
13,GET,99,306
13,GET,100,411
13,GET,101,461
13,GET,102,534
13,GET,103,666
13,GET,104,790
13,GET,105,868
13,GET,106,931
13,GET,107,1171
13,GET,108,1278
13,GET,109,1363
13,GET,110,1533
13,GET,111,1767
13,GET,112,1844
13,GET,113,2139
13,GET,114,2340
13,GET,115,2396
13,GET,116,2677
13,GET,117,2825
13,GET,118,3143
13,GET,119,3198
13,GET,120,3555
13,GET,121,3668
13,GET,122,3983
13,GET,123,4098
13,GET,124,4333
13,GET,125,4497
13,GET,126,4609
13,GET,127,4948
13,GET,128,4994
13,GET,129,5155
13,GET,130,5350
13,GET,131,5429
13,GET,132,5642
13,GET,133,5657
13,GET,134,5866
13,GET,135,5791
13,GET,136,5997
13,GET,137,5983
13,GET,138,6161
13,GET,139,6225
13,GET,140,6339
13,GET,141,6131
13,GET,142,6250
13,GET,143,6508
13,GET,144,6308
13,GET,145,6468
13,GET,146,6350
13,GET,147,6246
13,GET,148,6252
13,GET,149,6391
13,GET,150,6327
13,GET,151,6201
13,GET,152,5984
13,GET,153,6025
13,GET,154,5881
13,GET,155,5956
13,GET,156,5744
13,GET,157,5596
13,GET,158,5588
13,GET,159,5536
13,GET,160,5444
13,GET,161,5180
13,GET,162,5115
13,GET,163,4951
13,GET,164,5022
13,GET,165,4815
13,GET,166,4691
13,GET,167,4543
13,GET,168,4439
13,GET,169,4264
13,GET,170,4263
13,GET,171,4146
13,GET,172,3976
13,GET,173,4025
13,GET,174,3852
13,GET,175,3719
13,GET,176,3592
13,GET,177,3355
13,GET,178,3333
13,GET,179,3357
13,GET,180,3136
13,GET,181,3135
13,GET,182,2996
13,GET,183,2889
13,GET,184,2783
13,GET,185,2768
13,GET,186,2640
13,GET,187,2508
13,GET,188,2413
13,GET,189,2344
13,GET,190,2437
13,GET,191,2190
13,GET,192,2199
13,GET,193,2139
13,GET,194,1967
13,GET,195,1981
13,GET,196,1856
13,GET,197,1798
13,GET,198,1818
13,GET,199,1720
13,GET,200,1612
13,GET,201,1548
13,GET,202,1477
13,GET,203,1399
13,GET,204,1447
13,GET,205,1347
13,GET,206,1267
13,GET,207,1280
13,GET,208,1212
13,GET,209,1211
13,GET,210,1110
13,GET,211,1067
13,GET,212,1020
13,GET,213,1050
13,GET,214,1022
13,GET,215,875
13,GET,216,953
13,GET,217,862
13,GET,218,788
13,GET,219,799
13,GET,220,815
13,GET,221,754
13,GET,222,731
13,GET,223,686
13,GET,224,625
13,GET,225,654
13,GET,226,608
13,GET,227,636
13,GET,228,597
13,GET,229,574
13,GET,230,504
13,GET,231,542
13,GET,232,577
13,GET,233,465
13,GET,234,451
13,GET,235,474
13,GET,236,426
13,GET,237,419
13,GET,238,415
13,GET,239,380
13,GET,240,366
13,GET,241,362
13,GET,242,327
13,GET,243,353
13,GET,244,293
13,GET,245,288
13,GET,246,325
13,GET,247,288
13,GET,248,282
13,GET,249,259
13,GET,250,264
13,GET,251,248
13,GET,252,240
13,GET,253,225
13,GET,254,214
13,GET,255,225
13,GET,257,398
13,GET,259,393
13,GET,261,329
13,GET,263,352
13,GET,265,316
13,GET,267,308
13,GET,269,286
13,GET,271,242
13,GET,273,200
13,GET,275,220
13,GET,277,199
13,GET,279,187
13,GET,281,190
13,GET,283,155
13,GET,285,160
13,GET,287,153
13,GET,289,148
13,GET,291,135
13,GET,293,121
13,GET,295,125
13,GET,297,126
13,GET,299,95
13,GET,301,73
13,GET,303,96
13,GET,305,80
13,GET,307,76
13,GET,309,67
13,GET,311,61
13,GET,313,64
13,GET,315,60
13,GET,317,60
13,GET,319,42
13,GET,321,56
13,GET,323,37
13,GET,325,55
13,GET,327,35
13,GET,329,26
13,GET,331,39
13,GET,333,26
13,GET,335,34
13,GET,337,31
13,GET,339,28
13,GET,341,37
13,GET,343,27
13,GET,345,20
13,GET,347,27
13,GET,349,23
13,GET,351,23
13,GET,353,14
13,GET,355,21
13,GET,357,23
13,GET,359,16
13,GET,361,14
13,GET,363,11
13,GET,365,15
13,GET,367,14
13,GET,369,18
13,GET,371,20
13,GET,373,7
13,GET,375,11
13,GET,377,13
13,GET,379,14
13,GET,381,9
13,GET,383,9
13,GET,385,6
13,GET,387,8
13,GET,389,10
13,GET,391,8
13,GET,393,9
13,GET,395,7
13,GET,399,6
13,GET,401,12
13,GET,403,6
13,GET,405,5
13,GET,407,6
13,GET,409,6
13,GET,411,6
13,GET,413,6
13,GET,415,9
13,GET,417,6
13,GET,419,6
13,GET,421,10
13,GET,423,4
13,GET,425,6
13,GET,427,5
13,GET,429,3
13,GET,431,2
13,GET,433,5
13,GET,435,7
13,GET,437,7
13,GET,439,6
13,GET,441,2
13,GET,443,1
13,GET,445,2
13,GET,447,3
13,GET,449,6
13,GET,451,2
13,GET,453,3
13,GET,455,3
13,GET,457,7
13,GET,459,3
13,GET,461,3
13,GET,463,5
13,GET,465,4
13,GET,467,1
13,GET,469,6
13,GET,471,3
13,GET,473,3
13,GET,475,2
13,GET,477,2
13,GET,479,4
13,GET,481,2
13,GET,483,3
13,GET,485,2
13,GET,487,6
13,GET,489,3
13,GET,493,3
13,GET,495,1
13,GET,497,2
13,GET,501,6
13,GET,503,2
13,GET,505,3
13,GET,507,7
13,GET,509,2
13,GET,511,3
13,GET,515,5
13,GET,519,6
13,GET,523,7
13,GET,527,4
13,GET,531,3
13,GET,535,8
13,GET,539,3
13,GET,543,7
13,GET,547,5
13,GET,551,6
13,GET,555,2
13,GET,559,3
13,GET,563,5
13,GET,567,4
13,GET,571,2
13,GET,575,2
13,GET,579,4
13,GET,583,1
13,GET,587,5
13,GET,591,3
13,GET,595,7
13,GET,599,7
13,GET,603,5
13,GET,607,2
13,GET,611,5
13,GET,615,2
13,GET,619,5
13,GET,623,5
13,GET,627,3
13,GET,631,4
13,GET,635,6
13,GET,639,3
13,GET,643,1
13,GET,647,1
13,GET,651,3
13,GET,655,2
13,GET,663,4
13,GET,667,1
13,GET,679,4
13,GET,683,4
13,GET,695,2
13,GET,699,1
13,GET,703,2
13,GET,707,3
13,GET,711,2
13,GET,715,4
13,GET,723,1
13,GET,727,2
13,GET,731,1
13,GET,735,1
13,GET,739,2
13,GET,743,2
13,GET,747,1
13,GET,751,3
13,GET,755,2
13,GET,763,1
13,GET,767,3
13,GET,775,1
13,GET,779,1
13,GET,787,1
13,GET,795,1
13,GET,803,1
13,GET,807,1
13,GET,811,2
13,GET,819,2
13,GET,823,1
13,GET,831,1
13,GET,847,1
13,GET,851,1
13,GET,855,2
13,GET,863,1
13,GET,871,1
13,GET,879,2
13,GET,883,1
13,GET,895,5
13,GET,899,1
13,GET,903,2
13,GET,911,1
13,GET,935,1
13,GET,939,1
13,GET,943,1
13,GET,947,1
13,GET,959,1
13,GET,971,1
13,GET,979,1
13,GET,987,2
13,GET,995,2
13,GET,1003,1
13,GET,1007,1
13,GET,1011,2
13,GET,1019,1
13,GET,1047,2
13,GET,1055,2
13,GET,1063,3
13,GET,1071,1
13,GET,1079,2
13,GET,1095,1
13,GET,1119,1
13,GET,1127,2
13,GET,1135,1
13,GET,1143,1
13,GET,1151,2
13,GET,1191,1
13,GET,1215,1
13,GET,1231,2
13,GET,1239,1
13,GET,1255,1
13,GET,1279,1
13,GET,1287,1
13,GET,1295,1
13,GET,1399,1
13,GET,1431,1
13,GET,1455,1
13,GET,1471,1
13,GET,1487,1
13,GET,1535,1
13,GET,1543,1
13,GET,1671,1
13,GET,1687,1
13,GET,1695,1
13,GET,1751,1
13,GET,1799,1
13,GET,1807,1
13,GET,1927,1
13,GET,1999,1
13,GET,2023,1
13,GET,2047,1
13,GET,2079,1
13,GET,2175,1
13,GET,2239,1
13,GET,2255,1
13,GET,2319,1
13,GET,2351,1
13,GET,2367,1
13,GET,2511,1
13,GET,2607,1
13,GET,2767,1
13,GET,2879,1
13,SET,91,1
13,SET,92,2
13,SET,93,2
13,SET,94,1
13,SET,95,2
13,SET,96,7
13,SET,97,7
13,SET,98,10
13,SET,99,5
13,SET,100,10
13,SET,101,16
13,SET,102,16
13,SET,103,16
13,SET,104,36
13,SET,105,37
13,SET,106,38
13,SET,107,48
13,SET,108,51
13,SET,109,55
13,SET,110,76
13,SET,111,79
13,SET,112,79
13,SET,113,99
13,SET,114,110
13,SET,115,142
13,SET,116,139
13,SET,117,134
13,SET,118,153
13,SET,119,174
13,SET,120,170
13,SET,121,199
13,SET,122,189
13,SET,123,194
13,SET,124,219
13,SET,125,230
13,SET,126,259
13,SET,127,254
13,SET,128,291
13,SET,129,301
13,SET,130,332
13,SET,131,334
13,SET,132,328
13,SET,133,324
13,SET,134,348
13,SET,135,366
13,SET,136,375
13,SET,137,394
13,SET,138,401
13,SET,139,403
13,SET,140,393
13,SET,141,441
13,SET,142,400
13,SET,143,445
13,SET,144,417
13,SET,145,421
13,SET,146,402
13,SET,147,447
13,SET,148,436
13,SET,149,453
13,SET,150,437
13,SET,151,439
13,SET,152,442
13,SET,153,432
13,SET,154,418
13,SET,155,422
13,SET,156,418
13,SET,157,430
13,SET,158,419
13,SET,159,420
13,SET,160,406
13,SET,161,399
13,SET,162,389
13,SET,163,389
13,SET,164,392
13,SET,165,390
13,SET,166,332
13,SET,167,342
13,SET,168,368
13,SET,169,362
13,SET,170,330
13,SET,171,361
13,SET,172,326
13,SET,173,322
13,SET,174,274
13,SET,175,298
13,SET,176,324
13,SET,177,271
13,SET,178,297
13,SET,179,267
13,SET,180,274
13,SET,181,293
13,SET,182,250
13,SET,183,254
13,SET,184,215
13,SET,185,227
13,SET,186,231
13,SET,187,209
13,SET,188,234
13,SET,189,240
13,SET,190,189
13,SET,191,187
13,SET,192,193
13,SET,193,201
13,SET,194,173
13,SET,195,179
13,SET,196,177
13,SET,197,151
13,SET,198,136
13,SET,199,171
13,SET,200,152
13,SET,201,133
13,SET,202,147
13,SET,203,117
13,SET,204,123
13,SET,205,121
13,SET,206,119
13,SET,207,109
13,SET,208,109
13,SET,209,109
13,SET,210,112
13,SET,211,98
13,SET,212,77
13,SET,213,104
13,SET,214,113
13,SET,215,80
13,SET,216,86
13,SET,217,77
13,SET,218,84
13,SET,219,69
13,SET,220,60
13,SET,221,71
13,SET,222,52
13,SET,223,80
13,SET,224,57
13,SET,225,47
13,SET,226,57
13,SET,227,48
13,SET,228,48
13,SET,229,56
13,SET,230,51
13,SET,231,65
13,SET,232,51
13,SET,233,59
13,SET,234,35
13,SET,235,42
13,SET,236,41
13,SET,237,35
13,SET,238,41
13,SET,239,34
13,SET,240,43
13,SET,241,35
13,SET,242,31
13,SET,243,27
13,SET,244,30
13,SET,245,30
13,SET,246,38
13,SET,247,30
13,SET,248,30
13,SET,249,21
13,SET,250,28
13,SET,251,23
13,SET,252,25
13,SET,253,18
13,SET,254,15
13,SET,255,22
13,SET,257,37
13,SET,259,41
13,SET,261,38
13,SET,263,30
13,SET,265,29
13,SET,267,22
13,SET,269,25
13,SET,271,22
13,SET,273,13
13,SET,275,16
13,SET,277,20
13,SET,279,22
13,SET,281,19
13,SET,283,16
13,SET,285,14
13,SET,287,20
13,SET,289,9
13,SET,291,18
13,SET,293,14
13,SET,295,6
13,SET,297,4
13,SET,299,14
13,SET,301,6
13,SET,303,7
13,SET,305,5
13,SET,307,10
13,SET,309,1
13,SET,311,6
13,SET,313,9
13,SET,315,7
13,SET,317,7
13,SET,319,5
13,SET,321,6
13,SET,323,1
13,SET,325,3
13,SET,327,3
13,SET,329,2
13,SET,331,4
13,SET,333,2
13,SET,335,4
13,SET,337,3
13,SET,339,3
13,SET,341,2
13,SET,343,3
13,SET,345,2
13,SET,349,2
13,SET,351,2
13,SET,353,3
13,SET,355,2
13,SET,357,2
13,SET,359,2
13,SET,361,1
13,SET,365,2
13,SET,367,1
13,SET,369,2
13,SET,371,2
13,SET,373,2
13,SET,375,1
13,SET,377,3
13,SET,379,3
13,SET,381,1
13,SET,387,2
13,SET,389,2
13,SET,395,1
13,SET,399,2
13,SET,401,1
13,SET,409,1
13,SET,413,1
13,SET,415,1
13,SET,421,1
13,SET,423,1
13,SET,427,1
13,SET,437,4
13,SET,447,1
13,SET,453,2
13,SET,467,1
13,SET,469,1
13,SET,473,1
13,SET,479,1
13,SET,499,1
13,SET,507,1
13,SET,519,1
13,SET,535,1
13,SET,583,1
13,SET,591,1
13,SET,603,1
13,SET,611,1
13,SET,619,1
13,SET,663,1
13,SET,675,1
13,SET,699,1
13,SET,719,1
13,SET,743,1
13,SET,803,1
13,SET,951,1
13,SET,1079,1
13,SET,1111,1
13,SET,1575,1
13,SET,1599,1
13,SET,1815,1
13,DEL,85,1
13,DEL,88,6
13,DEL,89,4
13,DEL,90,7
13,DEL,91,6
13,DEL,92,20
13,DEL,93,23
13,DEL,94,20
13,DEL,95,26
13,DEL,96,43
13,DEL,97,56
13,DEL,98,76
13,DEL,99,87
13,DEL,100,127
13,DEL,101,134
13,DEL,102,151
13,DEL,103,172
13,DEL,104,242
13,DEL,105,268
13,DEL,106,321
13,DEL,107,374
13,DEL,108,391
13,DEL,109,485
13,DEL,110,536
13,DEL,111,544
13,DEL,112,617
13,DEL,113,675
13,DEL,114,769
13,DEL,115,832
13,DEL,116,876
13,DEL,117,951
13,DEL,118,1035
13,DEL,119,1113
13,DEL,120,1137
13,DEL,121,1241
13,DEL,122,1275
13,DEL,123,1421
13,DEL,124,1455
13,DEL,125,1562
13,DEL,126,1594
13,DEL,127,1663
13,DEL,128,1724
13,DEL,129,1734
13,DEL,130,1820
13,DEL,131,1833
13,DEL,132,2002
13,DEL,133,2003
13,DEL,134,2087
13,DEL,135,2076
13,DEL,136,2131
13,DEL,137,2173
13,DEL,138,2124
13,DEL,139,2124
13,DEL,140,2195
13,DEL,141,2232
13,DEL,142,2202
13,DEL,143,2219
13,DEL,144,2297
13,DEL,145,2264
13,DEL,146,2170
13,DEL,147,2270
13,DEL,148,2199
13,DEL,149,2370
13,DEL,150,2263
13,DEL,151,2234
13,DEL,152,2147
13,DEL,153,2153
13,DEL,154,2122
13,DEL,155,2077
13,DEL,156,2080
13,DEL,157,1996
13,DEL,158,2006
13,DEL,159,1972
13,DEL,160,2030
13,DEL,161,1932
13,DEL,162,1833
13,DEL,163,1895
13,DEL,164,1854
13,DEL,165,1763
13,DEL,166,1700
13,DEL,167,1661
13,DEL,168,1587
13,DEL,169,1556
13,DEL,170,1635
13,DEL,171,1544
13,DEL,172,1551
13,DEL,173,1472
13,DEL,174,1427
13,DEL,175,1353
13,DEL,176,1327
13,DEL,177,1260
13,DEL,178,1254
13,DEL,179,1236
13,DEL,180,1215
13,DEL,181,1135
13,DEL,182,1099
13,DEL,183,1016
13,DEL,184,1024
13,DEL,185,1028
13,DEL,186,1010
13,DEL,187,945
13,DEL,188,929
13,DEL,189,940
13,DEL,190,852
13,DEL,191,807
13,DEL,192,804
13,DEL,193,811
13,DEL,194,747
13,DEL,195,727
13,DEL,196,689
13,DEL,197,702
13,DEL,198,665
13,DEL,199,618
13,DEL,200,615
13,DEL,201,602
13,DEL,202,552
13,DEL,203,513
13,DEL,204,566
13,DEL,205,478
13,DEL,206,462
13,DEL,207,438
13,DEL,208,488
13,DEL,209,414
13,DEL,210,410
13,DEL,211,419
13,DEL,212,394
13,DEL,213,355
13,DEL,214,358
13,DEL,215,341
13,DEL,216,323
13,DEL,217,309
13,DEL,218,315
13,DEL,219,310
13,DEL,220,283
13,DEL,221,259
13,DEL,222,240
13,DEL,223,278
13,DEL,224,229
13,DEL,225,237
13,DEL,226,219
13,DEL,227,229
13,DEL,228,235
13,DEL,229,198
13,DEL,230,211
13,DEL,231,195
13,DEL,232,191
13,DEL,233,168
13,DEL,234,170
13,DEL,235,168
13,DEL,236,160
13,DEL,237,157
13,DEL,238,137
13,DEL,239,152
13,DEL,240,133
13,DEL,241,122
13,DEL,242,133
13,DEL,243,118
13,DEL,244,116
13,DEL,245,120
13,DEL,246,130
13,DEL,247,99
13,DEL,248,119
13,DEL,249,111
13,DEL,250,95
13,DEL,251,95
13,DEL,252,93
13,DEL,253,69
13,DEL,254,80
13,DEL,255,86
13,DEL,257,150
13,DEL,259,145
13,DEL,261,123
13,DEL,263,137
13,DEL,265,115
13,DEL,267,118
13,DEL,269,89
13,DEL,271,80
13,DEL,273,73
13,DEL,275,86
13,DEL,277,87
13,DEL,279,58
13,DEL,281,61
13,DEL,283,59
13,DEL,285,66
13,DEL,287,41
13,DEL,289,61
13,DEL,291,46
13,DEL,293,37
13,DEL,295,36
13,DEL,297,41
13,DEL,299,29
13,DEL,301,37
13,DEL,303,40
13,DEL,305,32
13,DEL,307,22
13,DEL,309,22
13,DEL,311,24
13,DEL,313,18
13,DEL,315,20
13,DEL,317,23
13,DEL,319,17
13,DEL,321,23
13,DEL,323,11
13,DEL,325,13
13,DEL,327,14
13,DEL,329,15
13,DEL,331,18
13,DEL,333,9
13,DEL,335,16
13,DEL,337,6
13,DEL,339,7
13,DEL,341,14
13,DEL,343,7
13,DEL,345,7
13,DEL,347,11
13,DEL,349,11
13,DEL,351,7
13,DEL,353,6
13,DEL,355,12
13,DEL,357,4
13,DEL,359,7
13,DEL,361,5
13,DEL,363,11
13,DEL,365,6
13,DEL,367,7
13,DEL,369,4
13,DEL,371,5
13,DEL,373,1
13,DEL,375,6
13,DEL,377,2
13,DEL,379,1
13,DEL,381,3
13,DEL,383,2
13,DEL,385,1
13,DEL,387,8
13,DEL,389,4
13,DEL,391,2
13,DEL,393,3
13,DEL,395,4
13,DEL,397,2
13,DEL,399,3
13,DEL,401,3
13,DEL,403,7
13,DEL,405,4
13,DEL,407,2
13,DEL,409,4
13,DEL,411,2
13,DEL,413,1
13,DEL,415,4
13,DEL,417,1
13,DEL,419,3
13,DEL,421,3
13,DEL,423,2
13,DEL,425,2
13,DEL,427,1
13,DEL,429,1
13,DEL,431,3
13,DEL,433,2
13,DEL,437,1
13,DEL,439,1
13,DEL,443,2
13,DEL,445,3
13,DEL,447,2
13,DEL,449,1
13,DEL,455,2
13,DEL,457,1
13,DEL,459,1
13,DEL,461,1
13,DEL,463,2
13,DEL,467,1
13,DEL,469,3
13,DEL,471,1
13,DEL,477,1
13,DEL,479,1
13,DEL,481,2
13,DEL,483,1
13,DEL,485,1
13,DEL,487,2
13,DEL,491,1
13,DEL,497,1
13,DEL,499,3
13,DEL,505,1
13,DEL,507,1
13,DEL,509,1
13,DEL,511,3
13,DEL,515,1
13,DEL,519,1
13,DEL,523,1
13,DEL,531,2
13,DEL,539,1
13,DEL,543,1
13,DEL,547,2
13,DEL,551,1
13,DEL,555,1
13,DEL,563,1
13,DEL,567,1
13,DEL,571,1
13,DEL,579,1
13,DEL,583,1
13,DEL,587,1
13,DEL,591,3
13,DEL,599,1
13,DEL,603,1
13,DEL,607,4
13,DEL,611,3
13,DEL,619,1
13,DEL,623,1
13,DEL,627,1
13,DEL,643,1
13,DEL,655,2
13,DEL,659,2
13,DEL,663,2
13,DEL,667,1
13,DEL,675,1
13,DEL,695,3
13,DEL,707,1
13,DEL,711,1
13,DEL,715,1
13,DEL,731,1
13,DEL,739,1
13,DEL,743,1
13,DEL,759,1
13,DEL,799,1
13,DEL,811,2
13,DEL,839,1
13,DEL,847,1
13,DEL,863,1
13,DEL,883,1
13,DEL,943,2
13,DEL,979,2
13,DEL,999,1
13,DEL,1047,1
13,DEL,1055,1
13,DEL,1063,1
13,DEL,1071,1
13,DEL,1103,1
13,DEL,1127,1
13,DEL,1143,1
13,DEL,1151,1
13,DEL,1159,1
13,DEL,1207,2
13,DEL,1223,1
13,DEL,1255,1
13,DEL,1263,1
13,DEL,1279,3
13,DEL,1319,1
13,DEL,1335,1
13,DEL,1383,1
13,DEL,1543,1
13,DEL,1671,1
13,DEL,1855,1
13,DEL,1983,1
13,DEL,2007,1
13,DEL,2591,1
14,DEL,84,1
14,DEL,85,2
14,DEL,86,1
14,DEL,87,3
14,DEL,88,8
14,DEL,89,9
14,DEL,90,10
14,DEL,91,17
14,DEL,92,26
14,DEL,93,36
14,DEL,94,44
14,DEL,95,55
14,DEL,96,72
14,DEL,97,85
14,DEL,98,77
14,DEL,99,137
14,DEL,100,139
14,DEL,101,178
14,DEL,102,223
14,DEL,103,243
14,DEL,104,344
14,DEL,105,349
14,DEL,106,386
14,DEL,107,481
14,DEL,108,475
14,DEL,109,506
14,DEL,110,618
14,DEL,111,655
14,DEL,112,706
14,DEL,113,757
14,DEL,114,829
14,DEL,115,905
14,DEL,116,966
14,DEL,117,1000
14,DEL,118,1160
14,DEL,119,1177
14,DEL,120,1289
14,DEL,121,1365
14,DEL,122,1364
14,DEL,123,1403
14,DEL,124,1572
14,DEL,125,1580
14,DEL,126,1636
14,DEL,127,1720
14,DEL,128,1745
14,DEL,129,1743
14,DEL,130,1818
14,DEL,131,1927
14,DEL,132,1920
14,DEL,133,2001
14,DEL,134,2016
14,DEL,135,2076
14,DEL,136,2178
14,DEL,137,2150
14,DEL,138,2169
14,DEL,139,2225
14,DEL,140,2216
14,DEL,141,2201
14,DEL,142,2192
14,DEL,143,2216
14,DEL,144,2273
14,DEL,145,2166
14,DEL,146,2208
14,DEL,147,2201
14,DEL,148,2192
14,DEL,149,2212
14,DEL,150,2146
14,DEL,151,2195
14,DEL,152,2137
14,DEL,153,2082
14,DEL,154,2091
14,DEL,155,2108
14,DEL,156,2041
14,DEL,157,1995
14,DEL,158,1940
14,DEL,159,1845
14,DEL,160,1886
14,DEL,161,1804
14,DEL,162,1787
14,DEL,163,1831
14,DEL,164,1672
14,DEL,165,1718
14,DEL,166,1561
14,DEL,167,1665
14,DEL,168,1555
14,DEL,169,1527
14,DEL,170,1515
14,DEL,171,1432
14,DEL,172,1536
14,DEL,173,1444
14,DEL,174,1405
14,DEL,175,1306
14,DEL,176,1309
14,DEL,177,1240
14,DEL,178,1273
14,DEL,179,1188
14,DEL,180,1178
14,DEL,181,1177
14,DEL,182,1097
14,DEL,183,1078
14,DEL,184,967
14,DEL,185,939
14,DEL,186,978
14,DEL,187,924
14,DEL,188,864
14,DEL,189,887
14,DEL,190,894
14,DEL,191,792
14,DEL,192,784
14,DEL,193,777
14,DEL,194,717
14,DEL,195,695
14,DEL,196,730
14,DEL,197,631
14,DEL,198,652
14,DEL,199,657
14,DEL,200,601
14,DEL,201,563
14,DEL,202,580
14,DEL,203,525
14,DEL,204,532
14,DEL,205,473
14,DEL,206,515
14,DEL,207,462
14,DEL,208,472
14,DEL,209,399
14,DEL,210,410
14,DEL,211,432
14,DEL,212,387
14,DEL,213,381
14,DEL,214,354
14,DEL,215,348
14,DEL,216,328
14,DEL,217,316
14,DEL,218,332
14,DEL,219,301
14,DEL,220,278
14,DEL,221,303
14,DEL,222,245
14,DEL,223,252
14,DEL,224,255
14,DEL,225,243
14,DEL,226,256
14,DEL,227,221
14,DEL,228,204
14,DEL,229,217
14,DEL,230,203
14,DEL,231,177
14,DEL,232,197
14,DEL,233,168
14,DEL,234,197
14,DEL,235,171
14,DEL,236,171
14,DEL,237,152
14,DEL,238,178
14,DEL,239,151
14,DEL,240,140
14,DEL,241,139
14,DEL,242,131
14,DEL,243,121
14,DEL,244,112
14,DEL,245,97
14,DEL,246,131
14,DEL,247,89
14,DEL,248,111
14,DEL,249,115
14,DEL,250,109
14,DEL,251,81
14,DEL,252,110
14,DEL,253,102
14,DEL,254,71
14,DEL,255,90
14,DEL,257,150
14,DEL,259,134
14,DEL,261,142
14,DEL,263,135
14,DEL,265,137
14,DEL,267,125
14,DEL,269,90
14,DEL,271,94
14,DEL,273,98
14,DEL,275,98
14,DEL,277,68
14,DEL,279,75
14,DEL,281,67
14,DEL,283,56
14,DEL,285,62
14,DEL,287,53
14,DEL,289,56
14,DEL,291,33
14,DEL,293,43
14,DEL,295,29
14,DEL,297,39
14,DEL,299,42
14,DEL,301,40
14,DEL,303,28
14,DEL,305,33
14,DEL,307,27
14,DEL,309,31
14,DEL,311,29
14,DEL,313,26
14,DEL,315,18
14,DEL,317,24
14,DEL,319,22
14,DEL,321,9
14,DEL,323,22
14,DEL,325,13
14,DEL,327,20
14,DEL,329,22
14,DEL,331,17
14,DEL,333,13
14,DEL,335,12
14,DEL,337,11
14,DEL,339,10
14,DEL,341,10
14,DEL,343,12
14,DEL,345,13
14,DEL,347,11
14,DEL,349,5
14,DEL,351,8
14,DEL,353,12
14,DEL,355,9
14,DEL,357,15
14,DEL,359,9
14,DEL,361,9
14,DEL,363,10
14,DEL,365,3
14,DEL,367,5
14,DEL,369,6
14,DEL,371,5
14,DEL,373,4
14,DEL,375,10
14,DEL,377,4
14,DEL,379,6
14,DEL,381,5
14,DEL,383,3
14,DEL,385,2
14,DEL,387,3
14,DEL,389,1
14,DEL,391,4
14,DEL,393,2
14,DEL,395,6
14,DEL,397,1
14,DEL,399,4
14,DEL,401,4
14,DEL,403,1
14,DEL,405,1
14,DEL,409,1
14,DEL,411,1
14,DEL,413,4
14,DEL,415,4
14,DEL,417,6
14,DEL,419,1
14,DEL,421,1
14,DEL,423,2
14,DEL,425,1
14,DEL,427,4
14,DEL,429,1
14,DEL,431,2
14,DEL,433,1
14,DEL,435,5
14,DEL,439,1
14,DEL,441,3
14,DEL,445,2
14,DEL,447,4
14,DEL,451,1
14,DEL,453,1
14,DEL,455,1
14,DEL,459,2
14,DEL,461,2
14,DEL,465,3
14,DEL,467,1
14,DEL,469,1
14,DEL,471,1
14,DEL,473,1
14,DEL,475,1
14,DEL,477,1
14,DEL,481,1
14,DEL,483,1
14,DEL,489,2
14,DEL,491,1
14,DEL,495,1
14,DEL,497,4
14,DEL,499,2
14,DEL,503,2
14,DEL,505,1
14,DEL,507,1
14,DEL,511,2
14,DEL,515,2
14,DEL,519,2
14,DEL,527,2
14,DEL,531,1
14,DEL,539,2
14,DEL,543,1
14,DEL,547,2
14,DEL,555,1
14,DEL,559,2
14,DEL,563,3
14,DEL,567,2
14,DEL,575,2
14,DEL,579,1
14,DEL,591,2
14,DEL,599,2
14,DEL,603,2
14,DEL,611,1
14,DEL,615,2
14,DEL,623,1
14,DEL,627,1
14,DEL,631,2
14,DEL,635,1
14,DEL,639,1
14,DEL,651,1
14,DEL,659,1
14,DEL,663,2
14,DEL,667,1
14,DEL,671,3
14,DEL,683,1
14,DEL,687,1
14,DEL,703,1
14,DEL,707,1
14,DEL,735,1
14,DEL,739,1
14,DEL,743,1
14,DEL,755,1
14,DEL,759,1
14,DEL,783,2
14,DEL,791,1
14,DEL,799,1
14,DEL,803,1
14,DEL,835,3
14,DEL,855,1
14,DEL,919,1
14,DEL,927,1
14,DEL,935,1
14,DEL,951,1
14,DEL,979,1
14,DEL,1031,1
14,DEL,1063,1
14,DEL,1079,1
14,DEL,1143,1
14,DEL,1167,1
14,DEL,1183,1
14,DEL,1215,1
14,DEL,1231,1
14,DEL,1327,1
14,DEL,1351,1
14,DEL,1471,1
14,DEL,1647,1
14,DEL,1735,1
14,DEL,1927,1
14,DEL,2255,1
14,DEL,2415,1
14,GET,79,2
14,GET,80,1
14,GET,81,1
14,GET,82,2
14,GET,83,4
14,GET,84,5
14,GET,85,4
14,GET,86,10
14,GET,87,16
14,GET,88,27
14,GET,89,28
14,GET,90,42
14,GET,91,68
14,GET,92,91
14,GET,93,93
14,GET,94,150
14,GET,95,188
14,GET,96,247
14,GET,97,312
14,GET,98,338
14,GET,99,450
14,GET,100,504
14,GET,101,574
14,GET,102,676
14,GET,103,834
14,GET,104,944
14,GET,105,1064
14,GET,106,1216
14,GET,107,1286
14,GET,108,1529
14,GET,109,1669
14,GET,110,1754
14,GET,111,2053
14,GET,112,2179
14,GET,113,2341
14,GET,114,2423
14,GET,115,2671
14,GET,116,2912
14,GET,117,3136
14,GET,118,3247
14,GET,119,3477
14,GET,120,3699
14,GET,121,3789
14,GET,122,4061
14,GET,123,4286
14,GET,124,4463
14,GET,125,4751
14,GET,126,4787
14,GET,127,4951
14,GET,128,5196
14,GET,129,5216
14,GET,130,5342
14,GET,131,5526
14,GET,132,5512
14,GET,133,5620
14,GET,134,5810
14,GET,135,5934
14,GET,136,5914
14,GET,137,5909
14,GET,138,6051
14,GET,139,6124
14,GET,140,6219
14,GET,141,6211
14,GET,142,6196
14,GET,143,6195
14,GET,144,6145
14,GET,145,6140
14,GET,146,6171
14,GET,147,6033
14,GET,148,6200
14,GET,149,6098
14,GET,150,5940
14,GET,151,5846
14,GET,152,5920
14,GET,153,5944
14,GET,154,5842
14,GET,155,5677
14,GET,156,5463
14,GET,157,5456
14,GET,158,5319
14,GET,159,5190
14,GET,160,5087
14,GET,161,5061
14,GET,162,4960
14,GET,163,4869
14,GET,164,4808
14,GET,165,4728
14,GET,166,4559
14,GET,167,4370
14,GET,168,4330
14,GET,169,4365
14,GET,170,4172
14,GET,171,4049
14,GET,172,3978
14,GET,173,3762
14,GET,174,3753
14,GET,175,3597
14,GET,176,3317
14,GET,177,3470
14,GET,178,3357
14,GET,179,3228
14,GET,180,3068
14,GET,181,2929
14,GET,182,2946
14,GET,183,2900
14,GET,184,2698
14,GET,185,2689
14,GET,186,2654
14,GET,187,2560
14,GET,188,2443
14,GET,189,2344
14,GET,190,2231
14,GET,191,2185
14,GET,192,2164
14,GET,193,2037
14,GET,194,1974
14,GET,195,1881
14,GET,196,1849
14,GET,197,1759
14,GET,198,1764
14,GET,199,1689
14,GET,200,1693
14,GET,201,1519
14,GET,202,1558
14,GET,203,1417
14,GET,204,1438
14,GET,205,1353
14,GET,206,1304
14,GET,207,1251
14,GET,208,1163
14,GET,209,1117
14,GET,210,1161
14,GET,211,1093
14,GET,212,985
14,GET,213,946
14,GET,214,976
14,GET,215,948
14,GET,216,888
14,GET,217,867
14,GET,218,883
14,GET,219,780
14,GET,220,816
14,GET,221,768
14,GET,222,709
14,GET,223,710
14,GET,224,654
14,GET,225,683
14,GET,226,617
14,GET,227,590
14,GET,228,579
14,GET,229,604
14,GET,230,537
14,GET,231,567
14,GET,232,523
14,GET,233,509
14,GET,234,438
14,GET,235,439
14,GET,236,462
14,GET,237,436
14,GET,238,419
14,GET,239,388
14,GET,240,389
14,GET,241,371
14,GET,242,339
14,GET,243,352
14,GET,244,356
14,GET,245,324
14,GET,246,312
14,GET,247,311
14,GET,248,278
14,GET,249,288
14,GET,250,242
14,GET,251,278
14,GET,252,248
14,GET,253,268
14,GET,254,243
14,GET,255,208
14,GET,257,380
14,GET,259,367
14,GET,261,352
14,GET,263,361
14,GET,265,347
14,GET,267,307
14,GET,269,290
14,GET,271,258
14,GET,273,254
14,GET,275,190
14,GET,277,225
14,GET,279,201
14,GET,281,175
14,GET,283,203
14,GET,285,173
14,GET,287,145
14,GET,289,148
14,GET,291,137
14,GET,293,114
14,GET,295,121
14,GET,297,105
14,GET,299,88
14,GET,301,98
14,GET,303,95
14,GET,305,74
14,GET,307,85
14,GET,309,73
14,GET,311,73
14,GET,313,66
14,GET,315,67
14,GET,317,51
14,GET,319,43
14,GET,321,49
14,GET,323,40
14,GET,325,45
14,GET,327,45
14,GET,329,47
14,GET,331,64
14,GET,333,38
14,GET,335,34
14,GET,337,46
14,GET,339,28
14,GET,341,26
14,GET,343,22
14,GET,345,23
14,GET,347,25
14,GET,349,26
14,GET,351,17
14,GET,353,12
14,GET,355,17
14,GET,357,25
14,GET,359,22
14,GET,361,13
14,GET,363,17
14,GET,365,20
14,GET,367,13
14,GET,369,12
14,GET,371,9
14,GET,373,8
14,GET,375,10
14,GET,377,14
14,GET,379,12
14,GET,381,10
14,GET,383,10
14,GET,385,13
14,GET,387,12
14,GET,389,15
14,GET,391,4
14,GET,393,11
14,GET,395,8
14,GET,397,6
14,GET,399,8
14,GET,401,8
14,GET,403,7
14,GET,405,12
14,GET,407,2
14,GET,409,2
14,GET,411,5
14,GET,413,5
14,GET,415,4
14,GET,417,11
14,GET,419,8
14,GET,421,6
14,GET,423,8
14,GET,425,3
14,GET,427,6
14,GET,429,4
14,GET,431,4
14,GET,433,6
14,GET,435,7
14,GET,437,6
14,GET,439,2
14,GET,441,4
14,GET,443,2
14,GET,445,2
14,GET,447,2
14,GET,449,12
14,GET,451,4
14,GET,453,5
14,GET,455,7
14,GET,457,6
14,GET,459,4
14,GET,461,1
14,GET,463,4
14,GET,465,4
14,GET,467,4
14,GET,469,4
14,GET,471,5
14,GET,473,4
14,GET,475,1
14,GET,477,5
14,GET,479,5
14,GET,481,4
14,GET,483,3
14,GET,485,4
14,GET,487,2
14,GET,489,2
14,GET,491,6
14,GET,493,3
14,GET,495,2
14,GET,497,3
14,GET,503,4
14,GET,505,2
14,GET,507,3
14,GET,509,1
14,GET,511,5
14,GET,515,5
14,GET,519,5
14,GET,523,7
14,GET,527,5
14,GET,531,1
14,GET,535,2
14,GET,539,2
14,GET,543,4
14,GET,547,1
14,GET,551,3
14,GET,555,4
14,GET,563,5
14,GET,567,6
14,GET,571,4
14,GET,575,5
14,GET,579,6
14,GET,583,9
14,GET,587,4
14,GET,591,1
14,GET,595,3
14,GET,599,4
14,GET,603,1
14,GET,607,4
14,GET,611,5
14,GET,615,1
14,GET,619,4
14,GET,623,2
14,GET,627,2
14,GET,631,5
14,GET,639,1
14,GET,643,3
14,GET,647,6
14,GET,651,1
14,GET,655,3
14,GET,659,2
14,GET,663,4
14,GET,667,1
14,GET,671,1
14,GET,675,1
14,GET,679,3
14,GET,683,7
14,GET,687,4
14,GET,691,2
14,GET,695,2
14,GET,699,2
14,GET,703,4
14,GET,707,2
14,GET,711,4
14,GET,715,3
14,GET,723,1
14,GET,727,3
14,GET,735,2
14,GET,739,1
14,GET,743,2
14,GET,751,2
14,GET,759,2
14,GET,763,1
14,GET,771,1
14,GET,775,5
14,GET,779,1
14,GET,787,1
14,GET,795,1
14,GET,799,1
14,GET,803,1
14,GET,807,1
14,GET,811,1
14,GET,819,2
14,GET,823,1
14,GET,827,1
14,GET,843,3
14,GET,847,1
14,GET,851,1
14,GET,855,1
14,GET,863,1
14,GET,867,1
14,GET,871,1
14,GET,875,1
14,GET,879,1
14,GET,883,1
14,GET,887,1
14,GET,891,1
14,GET,899,1
14,GET,907,1
14,GET,915,1
14,GET,923,1
14,GET,927,1
14,GET,931,1
14,GET,935,1
14,GET,939,1
14,GET,955,2
14,GET,971,1
14,GET,975,2
14,GET,995,2
14,GET,1003,2
14,GET,1011,1
14,GET,1019,1
14,GET,1023,1
14,GET,1031,2
14,GET,1039,1
14,GET,1055,1
14,GET,1079,1
14,GET,1087,1
14,GET,1111,2
14,GET,1127,1
14,GET,1135,1
14,GET,1143,3
14,GET,1151,2
14,GET,1167,2
14,GET,1175,1
14,GET,1183,1
14,GET,1191,1
14,GET,1199,3
14,GET,1207,1
14,GET,1215,1
14,GET,1335,1
14,GET,1343,1
14,GET,1367,1
14,GET,1383,1
14,GET,1415,2
14,GET,1423,1
14,GET,1447,1
14,GET,1455,3
14,GET,1487,1
14,GET,1503,1
14,GET,1511,2
14,GET,1543,1
14,GET,1575,1
14,GET,1703,1
14,GET,1719,1
14,GET,1735,1
14,GET,1807,1
14,GET,1887,1
14,GET,1895,1
14,GET,1983,1
14,GET,2007,1
14,GET,2239,1
14,GET,2303,1
14,GET,2335,1
14,GET,2367,1
14,GET,2383,1
14,GET,2431,1
14,GET,2447,1
14,GET,2479,1
14,GET,2495,1
14,GET,2527,1
14,GET,2799,1
14,GET,3615,1
14,SET,86,1
14,SET,90,4
14,SET,91,1
14,SET,92,3
14,SET,93,5
14,SET,94,4
14,SET,95,6
14,SET,96,4
14,SET,97,6
14,SET,98,13
14,SET,99,9
14,SET,100,12
14,SET,101,20
14,SET,102,20
14,SET,103,33
14,SET,104,39
14,SET,105,45
14,SET,106,42
14,SET,107,57
14,SET,108,73
14,SET,109,75
14,SET,110,74
14,SET,111,79
14,SET,112,100
14,SET,113,117
14,SET,114,124
14,SET,115,133
14,SET,116,140
14,SET,117,171
14,SET,118,165
14,SET,119,187
14,SET,120,189
14,SET,121,215
14,SET,122,207
14,SET,123,234
14,SET,124,259
14,SET,125,234
14,SET,126,257
14,SET,127,298
14,SET,128,295
14,SET,129,288
14,SET,130,354
14,SET,131,344
14,SET,132,326
14,SET,133,336
14,SET,134,359
14,SET,135,379
14,SET,136,368
14,SET,137,395
14,SET,138,370
14,SET,139,424
14,SET,140,396
14,SET,141,414
14,SET,142,412
14,SET,143,410
14,SET,144,418
14,SET,145,411
14,SET,146,425
14,SET,147,447
14,SET,148,438
14,SET,149,469
14,SET,150,464
14,SET,151,442
14,SET,152,410
14,SET,153,435
14,SET,154,441
14,SET,155,416
14,SET,156,429
14,SET,157,406
14,SET,158,380
14,SET,159,374
14,SET,160,426
14,SET,161,364
14,SET,162,369
14,SET,163,396
14,SET,164,352
14,SET,165,380
14,SET,166,363
14,SET,167,348
14,SET,168,342
14,SET,169,346
14,SET,170,362
14,SET,171,321
14,SET,172,287
14,SET,173,331
14,SET,174,307
14,SET,175,309
14,SET,176,311
14,SET,177,269
14,SET,178,297
14,SET,179,256
14,SET,180,264
14,SET,181,262
14,SET,182,254
14,SET,183,220
14,SET,184,227
14,SET,185,227
14,SET,186,214
14,SET,187,229
14,SET,188,209
14,SET,189,186
14,SET,190,191
14,SET,191,200
14,SET,192,164
14,SET,193,154
14,SET,194,178
14,SET,195,152
14,SET,196,168
14,SET,197,149
14,SET,198,169
14,SET,199,175
14,SET,200,137
14,SET,201,147
14,SET,202,119
14,SET,203,155
14,SET,204,130
14,SET,205,130
14,SET,206,136
14,SET,207,94
14,SET,208,134
14,SET,209,119
14,SET,210,103
14,SET,211,117
14,SET,212,116
14,SET,213,94
14,SET,214,91
14,SET,215,77
14,SET,216,92
14,SET,217,85
14,SET,218,73
14,SET,219,58
14,SET,220,63
14,SET,221,73
14,SET,222,71
14,SET,223,70
14,SET,224,59
14,SET,225,70
14,SET,226,64
14,SET,227,46
14,SET,228,55
14,SET,229,62
14,SET,230,45
14,SET,231,46
14,SET,232,43
14,SET,233,47
14,SET,234,51
14,SET,235,41
14,SET,236,38
14,SET,237,39
14,SET,238,49
14,SET,239,38
14,SET,240,28
14,SET,241,31
14,SET,242,38
14,SET,243,28
14,SET,244,32
14,SET,245,17
14,SET,246,26
14,SET,247,25
14,SET,248,34
14,SET,249,19
14,SET,250,21
14,SET,251,23
14,SET,252,17
14,SET,253,22
14,SET,254,16
14,SET,255,26
14,SET,257,39
14,SET,259,35
14,SET,261,39
14,SET,263,29
14,SET,265,22
14,SET,267,28
14,SET,269,22
14,SET,271,32
14,SET,273,29
14,SET,275,26
14,SET,277,22
14,SET,279,20
14,SET,281,16
14,SET,283,14
14,SET,285,14
14,SET,287,8
14,SET,289,11
14,SET,291,13
14,SET,293,9
14,SET,295,12
14,SET,297,12
14,SET,299,9
14,SET,301,10
14,SET,303,8
14,SET,305,10
14,SET,307,4
14,SET,309,6
14,SET,311,10
14,SET,313,10
14,SET,315,6
14,SET,317,3
14,SET,319,3
14,SET,321,1
14,SET,323,3
14,SET,325,8
14,SET,327,4
14,SET,329,2
14,SET,331,3
14,SET,333,5
14,SET,335,3
14,SET,337,5
14,SET,339,6
14,SET,341,3
14,SET,343,1
14,SET,345,2
14,SET,347,2
14,SET,349,3
14,SET,351,5
14,SET,353,1
14,SET,355,3
14,SET,357,3
14,SET,359,1
14,SET,361,1
14,SET,363,2
14,SET,365,1
14,SET,367,1
14,SET,373,1
14,SET,375,1
14,SET,377,2
14,SET,381,2
14,SET,383,1
14,SET,387,1
14,SET,389,2
14,SET,391,1
14,SET,393,1
14,SET,395,1
14,SET,403,1
14,SET,405,1
14,SET,407,1
14,SET,415,2
14,SET,417,1
14,SET,425,1
14,SET,437,1
14,SET,447,1
14,SET,457,2
14,SET,479,1
14,SET,485,1
14,SET,491,1
14,SET,509,1
14,SET,523,1
14,SET,527,1
14,SET,535,1
14,SET,539,1
14,SET,543,1
14,SET,547,1
14,SET,551,1
14,SET,563,1
14,SET,579,1
14,SET,583,1
14,SET,591,1
14,SET,599,2
14,SET,611,1
14,SET,623,1
14,SET,627,1
14,SET,667,1
14,SET,675,2
14,SET,679,1
14,SET,687,1
14,SET,719,1
14,SET,727,1
14,SET,735,1
14,SET,739,1
14,SET,767,1
14,SET,775,1
14,SET,815,2
14,SET,863,1
14,SET,903,1
14,SET,1031,1
14,SET,1039,1
14,SET,1127,1
14,SET,1303,1
14,SET,2447,1
14,SET,3375,1
15,SET,87,1
15,SET,88,1
15,SET,91,3
15,SET,92,4
15,SET,93,5
15,SET,94,1
15,SET,95,4
15,SET,96,6
15,SET,97,8
15,SET,98,10
15,SET,99,14
15,SET,100,22
15,SET,101,24
15,SET,102,21
15,SET,103,31
15,SET,104,36
15,SET,105,49
15,SET,106,52
15,SET,107,58
15,SET,108,90
15,SET,109,88
15,SET,110,80
15,SET,111,101
15,SET,112,120
15,SET,113,122
15,SET,114,136
15,SET,115,152
15,SET,116,154
15,SET,117,156
15,SET,118,202
15,SET,119,187
15,SET,120,231
15,SET,121,214
15,SET,122,257
15,SET,123,227
15,SET,124,294
15,SET,125,284
15,SET,126,288
15,SET,127,312
15,SET,128,335
15,SET,129,328
15,SET,130,346
15,SET,131,352
15,SET,132,350
15,SET,133,383
15,SET,134,360
15,SET,135,403
15,SET,136,415
15,SET,137,414
15,SET,138,425
15,SET,139,419
15,SET,140,408
15,SET,141,434
15,SET,142,423
15,SET,143,411
15,SET,144,449
15,SET,145,447
15,SET,146,401
15,SET,147,473
15,SET,148,456
15,SET,149,446
15,SET,150,455
15,SET,151,442
15,SET,152,443
15,SET,153,443
15,SET,154,450
15,SET,155,432
15,SET,156,414
15,SET,157,419
15,SET,158,445
15,SET,159,409
15,SET,160,406
15,SET,161,367
15,SET,162,399
15,SET,163,359
15,SET,164,387
15,SET,165,383
15,SET,166,362
15,SET,167,348
15,SET,168,351
15,SET,169,360
15,SET,170,325
15,SET,171,306
15,SET,172,318
15,SET,173,346
15,SET,174,286
15,SET,175,273
15,SET,176,300
15,SET,177,237
15,SET,178,252
15,SET,179,284
15,SET,180,235
15,SET,181,254
15,SET,182,241
15,SET,183,248
15,SET,184,212
15,SET,185,211
15,SET,186,189
15,SET,187,198
15,SET,188,173
15,SET,189,204
15,SET,190,192
15,SET,191,173
15,SET,192,156
15,SET,193,163
15,SET,194,175
15,SET,195,173
15,SET,196,146
15,SET,197,173
15,SET,198,128
15,SET,199,127
15,SET,200,132
15,SET,201,139
15,SET,202,115
15,SET,203,115
15,SET,204,106
15,SET,205,124
15,SET,206,116
15,SET,207,103
15,SET,208,108
15,SET,209,98
15,SET,210,95
15,SET,211,94
15,SET,212,80
15,SET,213,73
15,SET,214,76
15,SET,215,83
15,SET,216,85
15,SET,217,76
15,SET,218,60
15,SET,219,68
15,SET,220,70
15,SET,221,59
15,SET,222,63
15,SET,223,58
15,SET,224,55
15,SET,225,54
15,SET,226,53
15,SET,227,47
15,SET,228,43
15,SET,229,50
15,SET,230,44
15,SET,231,53
15,SET,232,36
15,SET,233,43
15,SET,234,47
15,SET,235,45
15,SET,236,35
15,SET,237,36
15,SET,238,21
15,SET,239,40
15,SET,240,28
15,SET,241,38
15,SET,242,18
15,SET,243,34
15,SET,244,24
15,SET,245,17
15,SET,246,25
15,SET,247,32
15,SET,248,28
15,SET,249,25
15,SET,250,21
15,SET,251,26
15,SET,252,23
15,SET,253,20
15,SET,254,22
15,SET,255,16
15,SET,257,42
15,SET,259,36
15,SET,261,31
15,SET,263,27
15,SET,265,28
15,SET,267,25
15,SET,269,19
15,SET,271,20
15,SET,273,11
15,SET,275,13
15,SET,277,22
15,SET,279,15
15,SET,281,12
15,SET,283,16
15,SET,285,13
15,SET,287,13
15,SET,289,9
15,SET,291,10
15,SET,293,9
15,SET,295,13
15,SET,297,5
15,SET,299,9
15,SET,301,7
15,SET,303,11
15,SET,305,13
15,SET,307,2
15,SET,309,8
15,SET,311,8
15,SET,313,4
15,SET,315,6
15,SET,317,7
15,SET,319,6
15,SET,321,1
15,SET,323,7
15,SET,325,7
15,SET,327,3
15,SET,329,2
15,SET,331,2
15,SET,333,4
15,SET,335,2
15,SET,337,2
15,SET,339,6
15,SET,341,3
15,SET,345,1
15,SET,347,1
15,SET,349,5
15,SET,351,1
15,SET,353,1
15,SET,355,2
15,SET,357,2
15,SET,359,2
15,SET,361,2
15,SET,363,2
15,SET,365,1
15,SET,369,1
15,SET,379,1
15,SET,383,1
15,SET,385,1
15,SET,387,2
15,SET,393,1
15,SET,395,1
15,SET,397,1
15,SET,403,1
15,SET,407,1
15,SET,409,1
15,SET,411,2
15,SET,415,1
15,SET,417,1
15,SET,429,1
15,SET,435,1
15,SET,437,1
15,SET,469,1
15,SET,479,1
15,SET,515,1
15,SET,531,1
15,SET,559,1
15,SET,587,1
15,SET,591,1
15,SET,599,1
15,SET,615,3
15,SET,623,1
15,SET,631,1
15,SET,647,1
15,SET,655,1
15,SET,683,2
15,SET,703,1
15,SET,791,1
15,SET,803,1
15,SET,923,1
15,SET,1011,2
15,SET,1047,1
15,SET,1407,1
15,SET,1687,1
15,SET,2415,1
15,DEL,83,2
15,DEL,85,2
15,DEL,86,3
15,DEL,87,3
15,DEL,88,3
15,DEL,89,9
15,DEL,90,9
15,DEL,91,25
15,DEL,92,31
15,DEL,93,17
15,DEL,94,42
15,DEL,95,69
15,DEL,96,84
15,DEL,97,83
15,DEL,98,124
15,DEL,99,156
15,DEL,100,191
15,DEL,101,229
15,DEL,102,270
15,DEL,103,283
15,DEL,104,386
15,DEL,105,415
15,DEL,106,427
15,DEL,107,506
15,DEL,108,573
15,DEL,109,567
15,DEL,110,683
15,DEL,111,732
15,DEL,112,775
15,DEL,113,790
15,DEL,114,1018
15,DEL,115,1053
15,DEL,116,1036
15,DEL,117,1113
15,DEL,118,1217
15,DEL,119,1293
15,DEL,120,1387
15,DEL,121,1437
15,DEL,122,1440
15,DEL,123,1528
15,DEL,124,1648
15,DEL,125,1674
15,DEL,126,1652
15,DEL,127,1762
15,DEL,128,1913
15,DEL,129,1998
15,DEL,130,1876
15,DEL,131,2039
15,DEL,132,2077
15,DEL,133,2123
15,DEL,134,2058
15,DEL,135,2112
15,DEL,136,2179
15,DEL,137,2203
15,DEL,138,2187
15,DEL,139,2275
15,DEL,140,2392
15,DEL,141,2263
15,DEL,142,2298
15,DEL,143,2282
15,DEL,144,2280
15,DEL,145,2266
15,DEL,146,2246
15,DEL,147,2169
15,DEL,148,2217
15,DEL,149,2196
15,DEL,150,2190
15,DEL,151,2165
15,DEL,152,2133
15,DEL,153,2003
15,DEL,154,2096
15,DEL,155,1998
15,DEL,156,2029
15,DEL,157,1897
15,DEL,158,1950
15,DEL,159,1923
15,DEL,160,1789
15,DEL,161,1843
15,DEL,162,1808
15,DEL,163,1801
15,DEL,164,1785
15,DEL,165,1700
15,DEL,166,1616
15,DEL,167,1679
15,DEL,168,1571
15,DEL,169,1541
15,DEL,170,1488
15,DEL,171,1415
15,DEL,172,1357
15,DEL,173,1391
15,DEL,174,1338
15,DEL,175,1288
15,DEL,176,1258
15,DEL,177,1184
15,DEL,178,1093
15,DEL,179,1168
15,DEL,180,1087
15,DEL,181,1029
15,DEL,182,1053
15,DEL,183,963
15,DEL,184,954
15,DEL,185,897
15,DEL,186,913
15,DEL,187,874
15,DEL,188,838
15,DEL,189,820
15,DEL,190,792
15,DEL,191,781
15,DEL,192,671
15,DEL,193,751
15,DEL,194,651
15,DEL,195,708
15,DEL,196,617
15,DEL,197,594
15,DEL,198,551
15,DEL,199,575
15,DEL,200,550
15,DEL,201,532
15,DEL,202,532
15,DEL,203,502
15,DEL,204,438
15,DEL,205,447
15,DEL,206,447
15,DEL,207,427
15,DEL,208,386
15,DEL,209,365
15,DEL,210,367
15,DEL,211,351
15,DEL,212,321
15,DEL,213,353
15,DEL,214,328
15,DEL,215,270
15,DEL,216,292
15,DEL,217,300
15,DEL,218,255
15,DEL,219,262
15,DEL,220,253
15,DEL,221,256
15,DEL,222,260
15,DEL,223,226
15,DEL,224,206
15,DEL,225,211
15,DEL,226,216
15,DEL,227,182
15,DEL,228,201
15,DEL,229,172
15,DEL,230,204
15,DEL,231,177
15,DEL,232,165
15,DEL,233,155
15,DEL,234,158
15,DEL,235,116
15,DEL,236,152
15,DEL,237,150
15,DEL,238,139
15,DEL,239,122
15,DEL,240,131
15,DEL,241,110
15,DEL,242,129
15,DEL,243,107
15,DEL,244,103
15,DEL,245,99
15,DEL,246,100
15,DEL,247,88
15,DEL,248,95
15,DEL,249,86
15,DEL,250,86
15,DEL,251,81
15,DEL,252,62
15,DEL,253,73
15,DEL,254,72
15,DEL,255,85
15,DEL,257,116
15,DEL,259,118
15,DEL,261,110
15,DEL,263,100
15,DEL,265,103
15,DEL,267,105
15,DEL,269,74
15,DEL,271,73
15,DEL,273,74
15,DEL,275,63
15,DEL,277,74
15,DEL,279,62
15,DEL,281,60
15,DEL,283,46
15,DEL,285,45
15,DEL,287,40
15,DEL,289,51
15,DEL,291,37
15,DEL,293,41
15,DEL,295,28
15,DEL,297,30
15,DEL,299,35
15,DEL,301,34
15,DEL,303,22
15,DEL,305,30
15,DEL,307,23
15,DEL,309,18
15,DEL,311,17
15,DEL,313,20
15,DEL,315,21
15,DEL,317,18
15,DEL,319,18
15,DEL,321,17
15,DEL,323,23
15,DEL,325,22
15,DEL,327,19
15,DEL,329,21
15,DEL,331,9
15,DEL,333,14
15,DEL,335,16
15,DEL,337,14
15,DEL,339,13
15,DEL,341,10
15,DEL,343,8
15,DEL,345,6
15,DEL,347,9
15,DEL,349,11
15,DEL,351,9
15,DEL,353,7
15,DEL,355,8
15,DEL,357,9
15,DEL,359,7
15,DEL,361,4
15,DEL,363,10
15,DEL,365,7
15,DEL,367,3
15,DEL,369,5
15,DEL,371,5
15,DEL,375,3
15,DEL,377,3
15,DEL,379,1
15,DEL,381,4
15,DEL,383,6
15,DEL,385,3
15,DEL,387,2
15,DEL,389,2
15,DEL,391,3
15,DEL,395,2
15,DEL,397,2
15,DEL,399,2
15,DEL,401,4
15,DEL,403,4
15,DEL,405,2
15,DEL,407,3
15,DEL,409,3
15,DEL,411,4
15,DEL,413,5
15,DEL,415,2
15,DEL,421,3
15,DEL,423,2
15,DEL,425,1
15,DEL,427,4
15,DEL,429,1
15,DEL,431,1
15,DEL,433,1
15,DEL,435,4
15,DEL,443,1
15,DEL,447,1
15,DEL,449,2
15,DEL,451,1
15,DEL,459,3
15,DEL,461,1
15,DEL,467,1
15,DEL,469,2
15,DEL,471,1
15,DEL,473,2
15,DEL,477,1
15,DEL,481,1
15,DEL,483,1
15,DEL,485,1
15,DEL,487,3
15,DEL,489,1
15,DEL,491,1
15,DEL,493,4
15,DEL,495,2
15,DEL,499,2
15,DEL,501,1
15,DEL,505,2
15,DEL,509,1
15,DEL,511,2
15,DEL,515,3
15,DEL,519,1
15,DEL,523,2
15,DEL,527,1
15,DEL,531,1
15,DEL,535,3
15,DEL,539,2
15,DEL,543,1
15,DEL,547,2
15,DEL,551,1
15,DEL,555,2
15,DEL,559,3
15,DEL,567,1
15,DEL,575,1
15,DEL,579,1
15,DEL,583,1
15,DEL,587,1
15,DEL,591,3
15,DEL,603,2
15,DEL,607,1
15,DEL,619,4
15,DEL,627,2
15,DEL,631,1
15,DEL,635,1
15,DEL,643,4
15,DEL,659,2
15,DEL,675,1
15,DEL,683,1
15,DEL,691,2
15,DEL,699,3
15,DEL,715,1
15,DEL,723,1
15,DEL,727,1
15,DEL,739,1
15,DEL,755,1
15,DEL,759,1
15,DEL,767,1
15,DEL,771,1
15,DEL,787,1
15,DEL,795,1
15,DEL,815,1
15,DEL,823,1
15,DEL,875,1
15,DEL,891,1
15,DEL,935,1
15,DEL,939,1
15,DEL,943,1
15,DEL,983,1
15,DEL,999,1
15,DEL,1007,1
15,DEL,1015,1
15,DEL,1031,1
15,DEL,1047,1
15,DEL,1079,1
15,DEL,1127,1
15,DEL,1135,1
15,DEL,1239,2
15,DEL,1343,1
15,DEL,1407,1
15,DEL,1527,1
15,DEL,1623,1
15,DEL,1735,1
15,DEL,1751,1
15,DEL,1919,1
15,DEL,2023,1
15,DEL,2255,1
15,DEL,2463,1
15,DEL,2687,1
15,DEL,3087,1
15,GET,80,1
15,GET,82,3
15,GET,83,2
15,GET,85,6
15,GET,86,12
15,GET,87,15
15,GET,88,12
15,GET,89,36
15,GET,90,36
15,GET,91,62
15,GET,92,81
15,GET,93,114
15,GET,94,151
15,GET,95,184
15,GET,96,209
15,GET,97,327
15,GET,98,403
15,GET,99,466
15,GET,100,565
15,GET,101,724
15,GET,102,809
15,GET,103,991
15,GET,104,1094
15,GET,105,1188
15,GET,106,1415
15,GET,107,1548
15,GET,108,1687
15,GET,109,1838
15,GET,110,1969
15,GET,111,2224
15,GET,112,2440
15,GET,113,2525
15,GET,114,2782
15,GET,115,2946
15,GET,116,3132
15,GET,117,3430
15,GET,118,3662
15,GET,119,3792
15,GET,120,4020
15,GET,121,4188
15,GET,122,4328
15,GET,123,4563
15,GET,124,4713
15,GET,125,5029
15,GET,126,4971
15,GET,127,5366
15,GET,128,5389
15,GET,129,5454
15,GET,130,5660
15,GET,131,5883
15,GET,132,5863
15,GET,133,6043
15,GET,134,5979
15,GET,135,6017
15,GET,136,6246
15,GET,137,6222
15,GET,138,6147
15,GET,139,6522
15,GET,140,6358
15,GET,141,6392
15,GET,142,6437
15,GET,143,6286
15,GET,144,6409
15,GET,145,6394
15,GET,146,6373
15,GET,147,6208
15,GET,148,6144
15,GET,149,6277
15,GET,150,6262
15,GET,151,5962
15,GET,152,5941
15,GET,153,5967
15,GET,154,5659
15,GET,155,5523
15,GET,156,5493
15,GET,157,5515
15,GET,158,5265
15,GET,159,5269
15,GET,160,4984
15,GET,161,5019
15,GET,162,4880
15,GET,163,4754
15,GET,164,4717
15,GET,165,4557
15,GET,166,4353
15,GET,167,4392
15,GET,168,4307
15,GET,169,4095
15,GET,170,3958
15,GET,171,3822
15,GET,172,3781
15,GET,173,3603
15,GET,174,3571
15,GET,175,3476
15,GET,176,3290
15,GET,177,3114
15,GET,178,3132
15,GET,179,3084
15,GET,180,2958
15,GET,181,2686
15,GET,182,2766
15,GET,183,2703
15,GET,184,2561
15,GET,185,2490
15,GET,186,2446
15,GET,187,2296
15,GET,188,2260
15,GET,189,2299
15,GET,190,2155
15,GET,191,1981
15,GET,192,1956
15,GET,193,1946
15,GET,194,1826
15,GET,195,1744
15,GET,196,1713
15,GET,197,1618
15,GET,198,1600
15,GET,199,1590
15,GET,200,1485
15,GET,201,1438
15,GET,202,1319
15,GET,203,1310
15,GET,204,1265
15,GET,205,1215
15,GET,206,1176
15,GET,207,1116
15,GET,208,1044
15,GET,209,1022
15,GET,210,1021
15,GET,211,1034
15,GET,212,975
15,GET,213,870
15,GET,214,831
15,GET,215,909
15,GET,216,787
15,GET,217,789
15,GET,218,773
15,GET,219,708
15,GET,220,678
15,GET,221,669
15,GET,222,636
15,GET,223,589
15,GET,224,576
15,GET,225,593
15,GET,226,573
15,GET,227,499
15,GET,228,497
15,GET,229,498
15,GET,230,478
15,GET,231,438
15,GET,232,450
15,GET,233,422
15,GET,234,432
15,GET,235,401
15,GET,236,399
15,GET,237,371
15,GET,238,383
15,GET,239,338
15,GET,240,336
15,GET,241,338
15,GET,242,310
15,GET,243,300
15,GET,244,306
15,GET,245,265
15,GET,246,293
15,GET,247,243
15,GET,248,244
15,GET,249,218
15,GET,250,246
15,GET,251,195
15,GET,252,219
15,GET,253,210
15,GET,254,187
15,GET,255,193
15,GET,257,381
15,GET,259,344
15,GET,261,320
15,GET,263,262
15,GET,265,280
15,GET,267,263
15,GET,269,240
15,GET,271,236
15,GET,273,187
15,GET,275,174
15,GET,277,197
15,GET,279,164
15,GET,281,173
15,GET,283,148
15,GET,285,130
15,GET,287,142
15,GET,289,128
15,GET,291,100
15,GET,293,120
15,GET,295,97
15,GET,297,95
15,GET,299,92
15,GET,301,99
15,GET,303,76
15,GET,305,69
15,GET,307,64
15,GET,309,71
15,GET,311,47
15,GET,313,51
15,GET,315,48
15,GET,317,51
15,GET,319,42
15,GET,321,32
15,GET,323,50
15,GET,325,34
15,GET,327,38
15,GET,329,35
15,GET,331,39
15,GET,333,27
15,GET,335,29
15,GET,337,23
15,GET,339,21
15,GET,341,21
15,GET,343,24
15,GET,345,35
15,GET,347,19
15,GET,349,23
15,GET,351,20
15,GET,353,18
15,GET,355,14
15,GET,357,13
15,GET,359,11
15,GET,361,9
15,GET,363,14
15,GET,365,9
15,GET,367,12
15,GET,369,12
15,GET,371,13
15,GET,373,7
15,GET,375,10
15,GET,377,10
15,GET,379,3
15,GET,381,11
15,GET,383,10
15,GET,385,11
15,GET,387,3
15,GET,389,8
15,GET,391,7
15,GET,393,3
15,GET,395,6
15,GET,397,7
15,GET,399,8
15,GET,401,5
15,GET,403,13
15,GET,405,7
15,GET,407,3
15,GET,409,7
15,GET,411,8
15,GET,413,2
15,GET,415,5
15,GET,417,7
15,GET,419,4
15,GET,421,1
15,GET,423,7
15,GET,425,5
15,GET,427,4
15,GET,431,2
15,GET,433,7
15,GET,435,2
15,GET,437,7
15,GET,439,7
15,GET,441,1
15,GET,443,3
15,GET,445,6
15,GET,447,1
15,GET,449,2
15,GET,451,6
15,GET,453,2
15,GET,455,3
15,GET,457,3
15,GET,459,2
15,GET,461,1
15,GET,463,2
15,GET,465,4
15,GET,467,2
15,GET,469,1
15,GET,471,2
15,GET,473,4
15,GET,475,3
15,GET,477,3
15,GET,479,5
15,GET,481,7
15,GET,483,3
15,GET,485,6
15,GET,487,1
15,GET,489,8
15,GET,491,4
15,GET,493,2
15,GET,495,4
15,GET,497,1
15,GET,499,1
15,GET,501,2
15,GET,503,2
15,GET,505,2
15,GET,507,7
15,GET,509,4
15,GET,511,4
15,GET,515,4
15,GET,519,4
15,GET,523,6
15,GET,527,3
15,GET,531,3
15,GET,535,1
15,GET,539,6
15,GET,543,1
15,GET,547,3
15,GET,551,5
15,GET,555,5
15,GET,563,3
15,GET,567,4
15,GET,571,3
15,GET,575,3
15,GET,579,2
15,GET,583,7
15,GET,587,6
15,GET,591,1
15,GET,595,2
15,GET,599,1
15,GET,603,4
15,GET,607,1
15,GET,611,4
15,GET,615,4
15,GET,619,4
15,GET,623,2
15,GET,627,4
15,GET,631,2
15,GET,635,6
15,GET,639,3
15,GET,643,4
15,GET,647,4
15,GET,651,3
15,GET,655,3
15,GET,659,3
15,GET,663,2
15,GET,667,6
15,GET,675,2
15,GET,679,1
15,GET,683,4
15,GET,687,1
15,GET,691,2
15,GET,695,1
15,GET,699,4
15,GET,703,1
15,GET,711,2
15,GET,715,3
15,GET,723,3
15,GET,727,1
15,GET,731,1
15,GET,743,1
15,GET,747,1
15,GET,751,1
15,GET,767,3
15,GET,783,1
15,GET,791,1
15,GET,799,3
15,GET,807,2
15,GET,815,1
15,GET,827,2
15,GET,831,1
15,GET,839,1
15,GET,843,1
15,GET,847,1
15,GET,851,1
15,GET,855,1
15,GET,859,1
15,GET,867,1
15,GET,871,1
15,GET,883,1
15,GET,887,2
15,GET,895,1
15,GET,907,1
15,GET,911,1
15,GET,915,1
15,GET,923,2
15,GET,927,3
15,GET,951,1
15,GET,959,1
15,GET,963,1
15,GET,991,1
15,GET,1015,1
15,GET,1055,1
15,GET,1079,1
15,GET,1095,2
15,GET,1111,1
15,GET,1143,1
15,GET,1151,3
15,GET,1175,2
15,GET,1183,1
15,GET,1191,1
15,GET,1215,1
15,GET,1239,1
15,GET,1271,1
15,GET,1295,2
15,GET,1303,2
15,GET,1311,1
15,GET,1319,1
15,GET,1367,1
15,GET,1423,1
15,GET,1431,1
15,GET,1447,1
15,GET,1463,1
15,GET,1487,1
15,GET,1575,2
15,GET,1607,1
15,GET,1615,1
15,GET,1655,2
15,GET,1671,1
15,GET,1711,1
15,GET,1751,1
15,GET,1815,1
15,GET,1919,1
15,GET,1967,1
15,GET,2023,1
15,GET,2319,1
15,GET,2367,1
15,GET,2399,1
15,GET,2719,1
15,GET,2735,1
15,GET,2815,2
15,GET,3391,1
15,GET,3615,1
15,GET,4479,1
16,GET,83,2
16,GET,86,3
16,GET,87,5
16,GET,88,10
16,GET,89,18
16,GET,90,27
16,GET,91,24
16,GET,92,36
16,GET,93,69
16,GET,94,63
16,GET,95,111
16,GET,96,142
16,GET,97,168
16,GET,98,191
16,GET,99,274
16,GET,100,307
16,GET,101,380
16,GET,102,437
16,GET,103,516
16,GET,104,658
16,GET,105,752
16,GET,106,845
16,GET,107,990
16,GET,108,1109
16,GET,109,1307
16,GET,110,1428
16,GET,111,1541
16,GET,112,1814
16,GET,113,1975
16,GET,114,2146
16,GET,115,2266
16,GET,116,2496
16,GET,117,2694
16,GET,118,2865
16,GET,119,3108
16,GET,120,3235
16,GET,121,3530
16,GET,122,3677
16,GET,123,3908
16,GET,124,3999
16,GET,125,4223
16,GET,126,4361
16,GET,127,4506
16,GET,128,4819
16,GET,129,4826
16,GET,130,5019
16,GET,131,5135
16,GET,132,5294
16,GET,133,5479
16,GET,134,5587
16,GET,135,5616
16,GET,136,5700
16,GET,137,5778
16,GET,138,5873
16,GET,139,5974
16,GET,140,6080
16,GET,141,6109
16,GET,142,6196
16,GET,143,6331
16,GET,144,6225
16,GET,145,6062
16,GET,146,6144
16,GET,147,6274
16,GET,148,6294
16,GET,149,6243
16,GET,150,6208
16,GET,151,6110
16,GET,152,6149
16,GET,153,5794
16,GET,154,5937
16,GET,155,5719
16,GET,156,5744
16,GET,157,5645
16,GET,158,5604
16,GET,159,5461
16,GET,160,5480
16,GET,161,5340
16,GET,162,5256
16,GET,163,5077
16,GET,164,5082
16,GET,165,4878
16,GET,166,4791
16,GET,167,4746
16,GET,168,4589
16,GET,169,4484
16,GET,170,4404
16,GET,171,4390
16,GET,172,4188
16,GET,173,4171
16,GET,174,3996
16,GET,175,3919
16,GET,176,3799
16,GET,177,3540
16,GET,178,3582
16,GET,179,3457
16,GET,180,3378
16,GET,181,3324
16,GET,182,3252
16,GET,183,3088
16,GET,184,2954
16,GET,185,2944
16,GET,186,2766
16,GET,187,2704
16,GET,188,2636
16,GET,189,2596
16,GET,190,2444
16,GET,191,2376
16,GET,192,2327
16,GET,193,2246
16,GET,194,2177
16,GET,195,2085
16,GET,196,2037
16,GET,197,1972
16,GET,198,1884
16,GET,199,1827
16,GET,200,1708
16,GET,201,1664
16,GET,202,1595
16,GET,203,1614
16,GET,204,1536
16,GET,205,1494
16,GET,206,1447
16,GET,207,1410
16,GET,208,1311
16,GET,209,1266
16,GET,210,1207
16,GET,211,1195
16,GET,212,1133
16,GET,213,1051
16,GET,214,1130
16,GET,215,937
16,GET,216,977
16,GET,217,950
16,GET,218,871
16,GET,219,898
16,GET,220,851
16,GET,221,829
16,GET,222,740
16,GET,223,771
16,GET,224,711
16,GET,225,714
16,GET,226,706
16,GET,227,608
16,GET,228,587
16,GET,229,581
16,GET,230,625
16,GET,231,578
16,GET,232,546
16,GET,233,525
16,GET,234,488
16,GET,235,463
16,GET,236,432
16,GET,237,424
16,GET,238,409
16,GET,239,440
16,GET,240,386
16,GET,241,375
16,GET,242,369
16,GET,243,351
16,GET,244,377
16,GET,245,329
16,GET,246,345
16,GET,247,299
16,GET,248,308
16,GET,249,306
16,GET,250,282
16,GET,251,259
16,GET,252,250
16,GET,253,256
16,GET,254,261
16,GET,255,232
16,GET,257,442
16,GET,259,414
16,GET,261,373
16,GET,263,348
16,GET,265,345
16,GET,267,331
16,GET,269,273
16,GET,271,275
16,GET,273,247
16,GET,275,255
16,GET,277,205
16,GET,279,216
16,GET,281,195
16,GET,283,196
16,GET,285,156
16,GET,287,141
16,GET,289,140
16,GET,291,143
16,GET,293,131
16,GET,295,104
16,GET,297,106
16,GET,299,107
16,GET,301,96
16,GET,303,76
16,GET,305,84
16,GET,307,73
16,GET,309,71
16,GET,311,73
16,GET,313,92
16,GET,315,65
16,GET,317,72
16,GET,319,59
16,GET,321,54
16,GET,323,47
16,GET,325,48
16,GET,327,32
16,GET,329,40
16,GET,331,39
16,GET,333,47
16,GET,335,33
16,GET,337,22
16,GET,339,16
16,GET,341,30
16,GET,343,34
16,GET,345,25
16,GET,347,27
16,GET,349,22
16,GET,351,24
16,GET,353,24
16,GET,355,20
16,GET,357,21
16,GET,359,21
16,GET,361,28
16,GET,363,23
16,GET,365,18
16,GET,367,12
16,GET,369,19
16,GET,371,15
16,GET,373,17
16,GET,375,8
16,GET,377,12
16,GET,379,12
16,GET,381,8
16,GET,383,11
16,GET,385,13
16,GET,387,12
16,GET,389,13
16,GET,391,12
16,GET,393,7
16,GET,395,7
16,GET,397,11
16,GET,399,9
16,GET,401,7
16,GET,403,7
16,GET,405,6
16,GET,407,8
16,GET,409,12
16,GET,411,3
16,GET,413,7
16,GET,415,3
16,GET,417,9
16,GET,419,7
16,GET,421,7
16,GET,423,6
16,GET,425,12
16,GET,427,5
16,GET,429,7
16,GET,431,4
16,GET,433,6
16,GET,435,3
16,GET,437,7
16,GET,439,5
16,GET,441,1
16,GET,443,2
16,GET,445,5
16,GET,447,4
16,GET,449,7
16,GET,451,4
16,GET,453,4
16,GET,455,5
16,GET,457,3
16,GET,459,4
16,GET,461,3
16,GET,463,2
16,GET,465,2
16,GET,469,3
16,GET,471,2
16,GET,473,3
16,GET,475,2
16,GET,477,6
16,GET,479,4
16,GET,481,4
16,GET,483,3
16,GET,485,2
16,GET,487,3
16,GET,489,5
16,GET,491,6
16,GET,493,2
16,GET,495,4
16,GET,497,3
16,GET,499,2
16,GET,501,3
16,GET,503,1
16,GET,505,2
16,GET,507,3
16,GET,509,3
16,GET,511,2
16,GET,515,4
16,GET,519,5
16,GET,523,2
16,GET,527,4
16,GET,531,4
16,GET,535,5
16,GET,539,3
16,GET,543,4
16,GET,547,3
16,GET,551,10
16,GET,555,6
16,GET,559,6
16,GET,563,8
16,GET,567,4
16,GET,571,4
16,GET,575,7
16,GET,579,4
16,GET,583,4
16,GET,587,4
16,GET,591,3
16,GET,595,4
16,GET,599,3
16,GET,603,7
16,GET,607,1
16,GET,611,1
16,GET,615,4
16,GET,619,1
16,GET,623,4
16,GET,627,3
16,GET,631,3
16,GET,635,5
16,GET,639,4
16,GET,643,1
16,GET,651,3
16,GET,655,4
16,GET,659,2
16,GET,663,1
16,GET,667,1
16,GET,671,4
16,GET,675,2
16,GET,679,4
16,GET,683,1
16,GET,691,4
16,GET,695,3
16,GET,699,3
16,GET,707,3
16,GET,715,1
16,GET,719,4
16,GET,723,1
16,GET,727,2
16,GET,731,1
16,GET,735,2
16,GET,739,1
16,GET,747,2
16,GET,751,2
16,GET,755,1
16,GET,759,3
16,GET,771,2
16,GET,775,1
16,GET,779,1
16,GET,783,2
16,GET,787,2
16,GET,795,2
16,GET,799,2
16,GET,803,1
16,GET,807,1
16,GET,811,1
16,GET,819,1
16,GET,823,1
16,GET,827,1
16,GET,831,1
16,GET,839,1
16,GET,847,1
16,GET,851,4
16,GET,855,1
16,GET,863,2
16,GET,871,1
16,GET,875,4
16,GET,887,1
16,GET,891,1
16,GET,903,2
16,GET,911,1
16,GET,915,1
16,GET,919,1
16,GET,931,1
16,GET,935,1
16,GET,939,2
16,GET,947,2
16,GET,951,2
16,GET,955,1
16,GET,963,1
16,GET,967,1
16,GET,971,1
16,GET,975,1
16,GET,987,1
16,GET,995,1
16,GET,1003,2
16,GET,1007,3
16,GET,1023,1
16,GET,1031,1
16,GET,1047,1
16,GET,1055,1
16,GET,1071,1
16,GET,1079,1
16,GET,1087,1
16,GET,1103,2
16,GET,1135,2
16,GET,1167,3
16,GET,1175,1
16,GET,1199,1
16,GET,1239,1
16,GET,1271,1
16,GET,1295,2
16,GET,1383,1
16,GET,1415,1
16,GET,1495,1
16,GET,1511,1
16,GET,1519,1
16,GET,1535,1
16,GET,1543,1
16,GET,1591,1
16,GET,1639,1
16,GET,1647,1
16,GET,1671,1
16,GET,1687,2
16,GET,1775,1
16,GET,1839,1
16,GET,1919,1
16,GET,2007,1
16,GET,2127,1
16,GET,2287,1
16,GET,2335,2
16,GET,2463,1
16,GET,2767,1
16,GET,2799,1
16,GET,3359,1
16,SET,87,1
16,SET,89,1
16,SET,93,1
16,SET,94,2
16,SET,95,1
16,SET,96,2
16,SET,97,1
16,SET,98,8
16,SET,99,8
16,SET,100,21
16,SET,101,16
16,SET,102,17
16,SET,103,21
16,SET,104,30
16,SET,105,30
16,SET,106,40
16,SET,107,45
16,SET,108,44
16,SET,109,47
16,SET,110,62
16,SET,111,80
16,SET,112,76
16,SET,113,70
16,SET,114,98
16,SET,115,106
16,SET,116,115
16,SET,117,130
16,SET,118,117
16,SET,119,153
16,SET,120,185
16,SET,121,180
16,SET,122,196
16,SET,123,223
16,SET,124,203
16,SET,125,217
16,SET,126,238
16,SET,127,283
16,SET,128,262
16,SET,129,295
16,SET,130,334
16,SET,131,280
16,SET,132,304
16,SET,133,312
16,SET,134,336
16,SET,135,321
16,SET,136,388
16,SET,137,380
16,SET,138,383
16,SET,139,345
16,SET,140,387
16,SET,141,413
16,SET,142,409
16,SET,143,404
16,SET,144,418
16,SET,145,438
16,SET,146,399
16,SET,147,404
16,SET,148,431
16,SET,149,420
16,SET,150,428
16,SET,151,450
16,SET,152,453
16,SET,153,408
16,SET,154,444
16,SET,155,419
16,SET,156,446
16,SET,157,434
16,SET,158,430
16,SET,159,400
16,SET,160,418
16,SET,161,414
16,SET,162,403
16,SET,163,401
16,SET,164,396
16,SET,165,371
16,SET,166,341
16,SET,167,376
16,SET,168,378
16,SET,169,346
16,SET,170,388
16,SET,171,354
16,SET,172,302
16,SET,173,346
16,SET,174,307
16,SET,175,341
16,SET,176,304
16,SET,177,294
16,SET,178,274
16,SET,179,313
16,SET,180,278
16,SET,181,252
16,SET,182,271
16,SET,183,234
16,SET,184,251
16,SET,185,245
16,SET,186,244
16,SET,187,231
16,SET,188,238
16,SET,189,207
16,SET,190,213
16,SET,191,204
16,SET,192,189
16,SET,193,208
16,SET,194,185
16,SET,195,177
16,SET,196,175
16,SET,197,171
16,SET,198,168
16,SET,199,178
16,SET,200,162
16,SET,201,145
16,SET,202,136
16,SET,203,146
16,SET,204,149
16,SET,205,135
16,SET,206,129
16,SET,207,139
16,SET,208,119
16,SET,209,133
16,SET,210,126
16,SET,211,113
16,SET,212,80
16,SET,213,110
16,SET,214,115
16,SET,215,91
16,SET,216,80
16,SET,217,93
16,SET,218,72
16,SET,219,76
16,SET,220,86
16,SET,221,68
16,SET,222,75
16,SET,223,70
16,SET,224,70
16,SET,225,55
16,SET,226,68
16,SET,227,60
16,SET,228,68
16,SET,229,52
16,SET,230,56
16,SET,231,54
16,SET,232,49
16,SET,233,58
16,SET,234,39
16,SET,235,53
16,SET,236,50
16,SET,237,49
16,SET,238,42
16,SET,239,45
16,SET,240,53
16,SET,241,41
16,SET,242,37
16,SET,243,36
16,SET,244,38
16,SET,245,32
16,SET,246,35
16,SET,247,27
16,SET,248,37
16,SET,249,27
16,SET,250,26
16,SET,251,31
16,SET,252,27
16,SET,253,22
16,SET,254,23
16,SET,255,18
16,SET,257,46
16,SET,259,45
16,SET,261,28
16,SET,263,37
16,SET,265,30
16,SET,267,36
16,SET,269,21
16,SET,271,18
16,SET,273,17
16,SET,275,19
16,SET,277,17
16,SET,279,24
16,SET,281,17
16,SET,283,21
16,SET,285,16
16,SET,287,5
16,SET,289,11
16,SET,291,15
16,SET,293,16
16,SET,295,12
16,SET,297,9
16,SET,299,9
16,SET,301,8
16,SET,303,6
16,SET,305,10
16,SET,307,5
16,SET,309,7
16,SET,311,1
16,SET,313,5
16,SET,315,6
16,SET,317,5
16,SET,319,7
16,SET,321,7
16,SET,323,4
16,SET,325,4
16,SET,327,3
16,SET,329,4
16,SET,331,3
16,SET,333,4
16,SET,335,2
16,SET,337,4
16,SET,339,3
16,SET,341,3
16,SET,343,2
16,SET,345,5
16,SET,349,2
16,SET,353,1
16,SET,355,3
16,SET,357,1
16,SET,359,2
16,SET,363,2
16,SET,367,1
16,SET,369,3
16,SET,371,2
16,SET,377,3
16,SET,379,2
16,SET,383,1
16,SET,385,1
16,SET,387,2
16,SET,391,1
16,SET,393,1
16,SET,401,1
16,SET,403,1
16,SET,413,1
16,SET,417,1
16,SET,419,1
16,SET,421,1
16,SET,427,1
16,SET,433,1
16,SET,451,1
16,SET,463,1
16,SET,465,1
16,SET,479,1
16,SET,481,1
16,SET,483,1
16,SET,485,1
16,SET,489,1
16,SET,495,1
16,SET,499,1
16,SET,511,1
16,SET,519,1
16,SET,531,1
16,SET,555,2
16,SET,571,1
16,SET,579,1
16,SET,603,1
16,SET,627,1
16,SET,631,1
16,SET,651,1
16,SET,679,1
16,SET,715,1
16,SET,923,1
16,SET,1127,1
16,SET,1279,1
16,SET,1327,1
16,SET,1575,1
16,SET,2031,1
16,DEL,89,4
16,DEL,90,6
16,DEL,91,11
16,DEL,92,9
16,DEL,93,24
16,DEL,94,18
16,DEL,95,30
16,DEL,96,43
16,DEL,97,56
16,DEL,98,73
16,DEL,99,69
16,DEL,100,133
16,DEL,101,120
16,DEL,102,157
16,DEL,103,176
16,DEL,104,207
16,DEL,105,254
16,DEL,106,278
16,DEL,107,308
16,DEL,108,364
16,DEL,109,400
16,DEL,110,457
16,DEL,111,494
16,DEL,112,560
16,DEL,113,648
16,DEL,114,695
16,DEL,115,727
16,DEL,116,801
16,DEL,117,888
16,DEL,118,926
16,DEL,119,1050
16,DEL,120,1050
16,DEL,121,1153
16,DEL,122,1264
16,DEL,123,1333
16,DEL,124,1344
16,DEL,125,1449
16,DEL,126,1588
16,DEL,127,1633
16,DEL,128,1595
16,DEL,129,1718
16,DEL,130,1733
16,DEL,131,1810
16,DEL,132,1761
16,DEL,133,1905
16,DEL,134,1977
16,DEL,135,1984
16,DEL,136,1984
16,DEL,137,2007
16,DEL,138,2101
16,DEL,139,2134
16,DEL,140,2128
16,DEL,141,2113
16,DEL,142,2179
16,DEL,143,2162
16,DEL,144,2292
16,DEL,145,2152
16,DEL,146,2176
16,DEL,147,2101
16,DEL,148,2138
16,DEL,149,2299
16,DEL,150,2254
16,DEL,151,2108
16,DEL,152,2095
16,DEL,153,2191
16,DEL,154,2118
16,DEL,155,2095
16,DEL,156,2010
16,DEL,157,2063
16,DEL,158,1987
16,DEL,159,2023
16,DEL,160,2010
16,DEL,161,1966
16,DEL,162,1862
16,DEL,163,1784
16,DEL,164,1792
16,DEL,165,1822
16,DEL,166,1756
16,DEL,167,1771
16,DEL,168,1678
16,DEL,169,1705
16,DEL,170,1616
16,DEL,171,1611
16,DEL,172,1553
16,DEL,173,1483
16,DEL,174,1413
16,DEL,175,1379
16,DEL,176,1367
16,DEL,177,1325
16,DEL,178,1326
16,DEL,179,1279
16,DEL,180,1292
16,DEL,181,1163
16,DEL,182,1149
16,DEL,183,1137
16,DEL,184,1179
16,DEL,185,1053
16,DEL,186,1040
16,DEL,187,979
16,DEL,188,950
16,DEL,189,951
16,DEL,190,931
16,DEL,191,875
16,DEL,192,842
16,DEL,193,837
16,DEL,194,792
16,DEL,195,798
16,DEL,196,753
16,DEL,197,710
16,DEL,198,728
16,DEL,199,676
16,DEL,200,643
16,DEL,201,596
16,DEL,202,612
16,DEL,203,601
16,DEL,204,581
16,DEL,205,548
16,DEL,206,528
16,DEL,207,475
16,DEL,208,452
16,DEL,209,459
16,DEL,210,450
16,DEL,211,443
16,DEL,212,430
16,DEL,213,405
16,DEL,214,366
16,DEL,215,365
16,DEL,216,358
16,DEL,217,331
16,DEL,218,339
16,DEL,219,301
16,DEL,220,328
16,DEL,221,278
16,DEL,222,292
16,DEL,223,252
16,DEL,224,282
16,DEL,225,264
16,DEL,226,255
16,DEL,227,231
16,DEL,228,238
16,DEL,229,257
16,DEL,230,233
16,DEL,231,212
16,DEL,232,182
16,DEL,233,221
16,DEL,234,168
16,DEL,235,177
16,DEL,236,158
16,DEL,237,146
16,DEL,238,152
16,DEL,239,165
16,DEL,240,167
16,DEL,241,156
16,DEL,242,146
16,DEL,243,129
16,DEL,244,141
16,DEL,245,116
16,DEL,246,124
16,DEL,247,101
16,DEL,248,115
16,DEL,249,123
16,DEL,250,108
16,DEL,251,110
16,DEL,252,89
16,DEL,253,89
16,DEL,254,91
16,DEL,255,85
16,DEL,257,162
16,DEL,259,176
16,DEL,261,144
16,DEL,263,134
16,DEL,265,138
16,DEL,267,123
16,DEL,269,110
16,DEL,271,110
16,DEL,273,86
16,DEL,275,78
16,DEL,277,90
16,DEL,279,73
16,DEL,281,79
16,DEL,283,65
16,DEL,285,56
16,DEL,287,59
16,DEL,289,57
16,DEL,291,48
16,DEL,293,38
16,DEL,295,47
16,DEL,297,25
16,DEL,299,46
16,DEL,301,32
16,DEL,303,31
16,DEL,305,35
16,DEL,307,29
16,DEL,309,24
16,DEL,311,23
16,DEL,313,21
16,DEL,315,21
16,DEL,317,18
16,DEL,319,14
16,DEL,321,23
16,DEL,323,24
16,DEL,325,6
16,DEL,327,15
16,DEL,329,16
16,DEL,331,18
16,DEL,333,15
16,DEL,335,16
16,DEL,337,11
16,DEL,339,9
16,DEL,341,19
16,DEL,343,6
16,DEL,345,8
16,DEL,347,5
16,DEL,349,9
16,DEL,351,6
16,DEL,353,19
16,DEL,355,11
16,DEL,357,5
16,DEL,359,3
16,DEL,361,5
16,DEL,363,3
16,DEL,365,8
16,DEL,367,4
16,DEL,369,6
16,DEL,371,6
16,DEL,373,3
16,DEL,375,3
16,DEL,377,5
16,DEL,379,8
16,DEL,381,5
16,DEL,383,4
16,DEL,385,2
16,DEL,387,5
16,DEL,389,3
16,DEL,391,2
16,DEL,393,6
16,DEL,395,4
16,DEL,397,4
16,DEL,399,1
16,DEL,401,1
16,DEL,403,5
16,DEL,405,4
16,DEL,407,4
16,DEL,409,5
16,DEL,413,4
16,DEL,415,1
16,DEL,417,1
16,DEL,419,1
16,DEL,421,4
16,DEL,425,1
16,DEL,427,3
16,DEL,429,2
16,DEL,431,2
16,DEL,433,5
16,DEL,437,5
16,DEL,439,2
16,DEL,443,2
16,DEL,445,2
16,DEL,447,3
16,DEL,449,4
16,DEL,451,1
16,DEL,453,2
16,DEL,457,4
16,DEL,459,1
16,DEL,461,2
16,DEL,463,1
16,DEL,469,1
16,DEL,471,2
16,DEL,473,2
16,DEL,475,1
16,DEL,477,2
16,DEL,479,2
16,DEL,481,1
16,DEL,483,1
16,DEL,487,1
16,DEL,489,1
16,DEL,491,1
16,DEL,493,1
16,DEL,495,1
16,DEL,499,1
16,DEL,501,1
16,DEL,505,2
16,DEL,509,2
16,DEL,511,1
16,DEL,515,1
16,DEL,519,2
16,DEL,527,2
16,DEL,531,1
16,DEL,539,1
16,DEL,543,1
16,DEL,551,4
16,DEL,555,1
16,DEL,559,4
16,DEL,567,1
16,DEL,571,1
16,DEL,579,3
16,DEL,583,3
16,DEL,587,2
16,DEL,591,1
16,DEL,595,3
16,DEL,599,1
16,DEL,603,2
16,DEL,607,1
16,DEL,611,2
16,DEL,615,1
16,DEL,619,3
16,DEL,623,2
16,DEL,627,1
16,DEL,631,4
16,DEL,639,1
16,DEL,647,1
16,DEL,651,1
16,DEL,655,1
16,DEL,659,2
16,DEL,667,2
16,DEL,671,1
16,DEL,679,4
16,DEL,683,1
16,DEL,699,1
16,DEL,707,1
16,DEL,731,2
16,DEL,747,1
16,DEL,755,1
16,DEL,759,1
16,DEL,767,3
16,DEL,775,1
16,DEL,803,2
16,DEL,807,1
16,DEL,811,1
16,DEL,827,1
16,DEL,835,1
16,DEL,847,1
16,DEL,867,1
16,DEL,875,1
16,DEL,887,1
16,DEL,919,2
16,DEL,923,1
16,DEL,947,1
16,DEL,955,1
16,DEL,991,1
16,DEL,1019,1
16,DEL,1031,2
16,DEL,1063,1
16,DEL,1079,1
16,DEL,1087,1
16,DEL,1095,1
16,DEL,1103,1
16,DEL,1143,2
16,DEL,1151,1
16,DEL,1167,1
16,DEL,1199,1
16,DEL,1231,1
16,DEL,1239,1
16,DEL,1247,1
16,DEL,1295,1
16,DEL,1335,1
16,DEL,1511,1
16,DEL,1575,1
16,DEL,1615,2
16,DEL,1687,1
16,DEL,1743,1
16,DEL,1791,1
16,DEL,1831,1
16,DEL,2207,1
16,DEL,2287,1
16,DEL,2783,1
16,DEL,3583,1
17,GET,83,1
17,GET,85,4
17,GET,86,2
17,GET,87,9
17,GET,88,10
17,GET,89,20
17,GET,90,26
17,GET,91,36
17,GET,92,47
17,GET,93,72
17,GET,94,94
17,GET,95,145
17,GET,96,182
17,GET,97,206
17,GET,98,283
17,GET,99,338
17,GET,100,368
17,GET,101,544
17,GET,102,617
17,GET,103,666
17,GET,104,862
17,GET,105,1019
17,GET,106,1052
17,GET,107,1219
17,GET,108,1370
17,GET,109,1522
17,GET,110,1732
17,GET,111,1838
17,GET,112,2128
17,GET,113,2150
17,GET,114,2401
17,GET,115,2607
17,GET,116,2832
17,GET,117,3003
17,GET,118,3192
17,GET,119,3485
17,GET,120,3622
17,GET,121,3707
17,GET,122,4055
17,GET,123,4165
17,GET,124,4393
17,GET,125,4446
17,GET,126,4842
17,GET,127,4851
17,GET,128,5122
17,GET,129,5251
17,GET,130,5454
17,GET,131,5548
17,GET,132,5670
17,GET,133,5732
17,GET,134,5947
17,GET,135,5926
17,GET,136,5934
17,GET,137,6162
17,GET,138,6322
17,GET,139,6292
17,GET,140,6214
17,GET,141,6301
17,GET,142,6414
17,GET,143,6478
17,GET,144,6381
17,GET,145,6383
17,GET,146,6243
17,GET,147,6475
17,GET,148,6289
17,GET,149,6344
17,GET,150,6333
17,GET,151,6166
17,GET,152,6008
17,GET,153,5871
17,GET,154,5917
17,GET,155,5801
17,GET,156,5879
17,GET,157,5499
17,GET,158,5493
17,GET,159,5384
17,GET,160,5276
17,GET,161,5151
17,GET,162,5184
17,GET,163,4918
17,GET,164,4883
17,GET,165,4931
17,GET,166,4581
17,GET,167,4520
17,GET,168,4444
17,GET,169,4361
17,GET,170,4231
17,GET,171,4111
17,GET,172,4049
17,GET,173,3860
17,GET,174,3771
17,GET,175,3654
17,GET,176,3591
17,GET,177,3396
17,GET,178,3372
17,GET,179,3332
17,GET,180,3108
17,GET,181,3048
17,GET,182,2928
17,GET,183,2811
17,GET,184,2783
17,GET,185,2659
17,GET,186,2542
17,GET,187,2530
17,GET,188,2430
17,GET,189,2316
17,GET,190,2204
17,GET,191,2223
17,GET,192,2040
17,GET,193,1977
17,GET,194,1962
17,GET,195,1966
17,GET,196,1805
17,GET,197,1832
17,GET,198,1717
17,GET,199,1692
17,GET,200,1587
17,GET,201,1498
17,GET,202,1436
17,GET,203,1321
17,GET,204,1385
17,GET,205,1324
17,GET,206,1237
17,GET,207,1201
17,GET,208,1191
17,GET,209,1120
17,GET,210,1058
17,GET,211,1062
17,GET,212,1041
17,GET,213,922
17,GET,214,948
17,GET,215,881
17,GET,216,805
17,GET,217,848
17,GET,218,772
17,GET,219,766
17,GET,220,766
17,GET,221,698
17,GET,222,661
17,GET,223,636
17,GET,224,651
17,GET,225,583
17,GET,226,621
17,GET,227,557
17,GET,228,540
17,GET,229,534
17,GET,230,489
17,GET,231,456
17,GET,232,482
17,GET,233,465
17,GET,234,434
17,GET,235,464
17,GET,236,422
17,GET,237,395
17,GET,238,402
17,GET,239,367
17,GET,240,386
17,GET,241,337
17,GET,242,321
17,GET,243,324
17,GET,244,257
17,GET,245,286
17,GET,246,283
17,GET,247,268
17,GET,248,243
17,GET,249,261
17,GET,250,237
17,GET,251,242
17,GET,252,215
17,GET,253,249
17,GET,254,219
17,GET,255,209
17,GET,257,369
17,GET,259,363
17,GET,261,325
17,GET,263,285
17,GET,265,284
17,GET,267,252
17,GET,269,218
17,GET,271,218
17,GET,273,206
17,GET,275,182
17,GET,277,185
17,GET,279,188
17,GET,281,151
17,GET,283,163
17,GET,285,153
17,GET,287,119
17,GET,289,113
17,GET,291,105
17,GET,293,100
17,GET,295,109
17,GET,297,92
17,GET,299,78
17,GET,301,75
17,GET,303,89
17,GET,305,74
17,GET,307,73
17,GET,309,66
17,GET,311,55
17,GET,313,45
17,GET,315,47
17,GET,317,34
17,GET,319,39
17,GET,321,52
17,GET,323,52
17,GET,325,31
17,GET,327,28
17,GET,329,28
17,GET,331,42
17,GET,333,36
17,GET,335,31
17,GET,337,29
17,GET,339,19
17,GET,341,35
17,GET,343,25
17,GET,345,26
17,GET,347,21
17,GET,349,21
17,GET,351,20
17,GET,353,24
17,GET,355,24
17,GET,357,18
17,GET,359,30
17,GET,361,13
17,GET,363,13
17,GET,365,15
17,GET,367,11
17,GET,369,12
17,GET,371,11
17,GET,373,11
17,GET,375,15
17,GET,377,14
17,GET,379,11
17,GET,381,15
17,GET,383,12
17,GET,385,7
17,GET,387,6
17,GET,389,14
17,GET,391,13
17,GET,393,9
17,GET,395,5
17,GET,397,10
17,GET,399,7
17,GET,401,7
17,GET,403,3
17,GET,405,6
17,GET,407,3
17,GET,409,4
17,GET,411,4
17,GET,413,5
17,GET,415,9
17,GET,417,11
17,GET,419,6
17,GET,421,3
17,GET,423,4
17,GET,425,4
17,GET,427,4
17,GET,429,4
17,GET,431,8
17,GET,433,6
17,GET,435,3
17,GET,437,3
17,GET,439,4
17,GET,441,2
17,GET,443,2
17,GET,445,2
17,GET,447,2
17,GET,449,1
17,GET,451,2
17,GET,453,3
17,GET,455,6
17,GET,457,3
17,GET,459,6
17,GET,461,5
17,GET,463,7
17,GET,465,5
17,GET,467,2
17,GET,469,7
17,GET,471,6
17,GET,473,1
17,GET,475,2
17,GET,477,4
17,GET,479,3
17,GET,481,2
17,GET,483,4
17,GET,485,2
17,GET,487,2
17,GET,491,4
17,GET,493,2
17,GET,495,2
17,GET,497,2
17,GET,499,6
17,GET,501,2
17,GET,503,1
17,GET,505,1
17,GET,507,2
17,GET,509,2
17,GET,511,2
17,GET,515,5
17,GET,519,5
17,GET,523,6
17,GET,527,4
17,GET,531,3
17,GET,535,4
17,GET,539,6
17,GET,543,4
17,GET,547,3
17,GET,551,4
17,GET,555,5
17,GET,559,6
17,GET,563,5
17,GET,567,3
17,GET,571,6
17,GET,575,2
17,GET,579,4
17,GET,583,5
17,GET,587,4
17,GET,591,1
17,GET,595,5
17,GET,599,2
17,GET,603,2
17,GET,607,6
17,GET,611,4
17,GET,615,3
17,GET,619,3
17,GET,623,4
17,GET,627,2
17,GET,631,2
17,GET,643,3
17,GET,647,3
17,GET,651,2
17,GET,655,4
17,GET,659,3
17,GET,663,1
17,GET,667,6
17,GET,671,2
17,GET,675,2
17,GET,679,2
17,GET,683,2
17,GET,687,5
17,GET,691,1
17,GET,695,3
17,GET,699,2
17,GET,703,2
17,GET,715,1
17,GET,719,1
17,GET,723,1
17,GET,727,2
17,GET,731,2
17,GET,735,3
17,GET,739,1
17,GET,747,3
17,GET,755,1
17,GET,767,1
17,GET,771,2
17,GET,775,1
17,GET,783,2
17,GET,791,3
17,GET,807,2
17,GET,811,2
17,GET,823,1
17,GET,831,1
17,GET,835,1
17,GET,839,1
17,GET,843,1
17,GET,847,1
17,GET,863,1
17,GET,867,1
17,GET,875,3
17,GET,879,3
17,GET,887,2
17,GET,891,1
17,GET,895,1
17,GET,903,1
17,GET,911,1
17,GET,919,1
17,GET,927,1
17,GET,931,1
17,GET,943,1
17,GET,963,1
17,GET,979,1
17,GET,999,1
17,GET,1011,1
17,GET,1019,1
17,GET,1031,2
17,GET,1039,1
17,GET,1071,2
17,GET,1079,2
17,GET,1087,4
17,GET,1111,1
17,GET,1119,1
17,GET,1135,2
17,GET,1143,1
17,GET,1159,1
17,GET,1167,1
17,GET,1183,1
17,GET,1215,2
17,GET,1231,1
17,GET,1303,1
17,GET,1319,1
17,GET,1343,2
17,GET,1351,2
17,GET,1391,2
17,GET,1479,1
17,GET,1487,2
17,GET,1519,1
17,GET,1527,1
17,GET,1543,1
17,GET,1575,1
17,GET,1591,1
17,GET,1631,1
17,GET,1639,1
17,GET,1687,1
17,GET,1751,1
17,GET,1767,1
17,GET,1775,1
17,GET,1807,1
17,GET,1943,1
17,GET,1991,1
17,GET,1999,1
17,GET,2047,1
17,GET,2063,1
17,GET,2095,1
17,GET,2175,1
17,GET,2351,1
17,GET,2367,1
17,GET,2415,1
17,GET,2463,1
17,GET,2495,1
17,GET,2591,1
17,GET,2639,1
17,GET,2735,1
17,GET,2783,1
17,GET,2799,1
17,GET,2959,1
17,GET,3503,1
17,GET,3631,1
17,GET,3743,1
17,SET,87,1
17,SET,88,1
17,SET,90,1
17,SET,91,1
17,SET,93,1
17,SET,94,3
17,SET,96,6
17,SET,97,7
17,SET,98,5
17,SET,99,13
17,SET,100,15
17,SET,101,12
17,SET,102,20
17,SET,103,30
17,SET,104,24
17,SET,105,43
17,SET,106,49
17,SET,107,64
17,SET,108,62
17,SET,109,58
17,SET,110,84
17,SET,111,84
17,SET,112,75
17,SET,113,91
17,SET,114,120
17,SET,115,118
17,SET,116,152
17,SET,117,154
17,SET,118,168
17,SET,119,166
17,SET,120,168
17,SET,121,200
17,SET,122,188
17,SET,123,239
17,SET,124,221
17,SET,125,252
17,SET,126,276
17,SET,127,301
17,SET,128,298
17,SET,129,321
17,SET,130,301
17,SET,131,325
17,SET,132,328
17,SET,133,390
17,SET,134,364
17,SET,135,379
17,SET,136,385
17,SET,137,364
17,SET,138,423
17,SET,139,385
17,SET,140,434
17,SET,141,435
17,SET,142,415
17,SET,143,405
17,SET,144,441
17,SET,145,425
17,SET,146,474
17,SET,147,432
17,SET,148,451
17,SET,149,455
17,SET,150,426
17,SET,151,426
17,SET,152,408
17,SET,153,393
17,SET,154,434
17,SET,155,446
17,SET,156,405
17,SET,157,407
17,SET,158,416
17,SET,159,369
17,SET,160,382
17,SET,161,400
17,SET,162,359
17,SET,163,388
17,SET,164,359
17,SET,165,363
17,SET,166,350
17,SET,167,336
17,SET,168,368
17,SET,169,348
17,SET,170,347
17,SET,171,342
17,SET,172,289
17,SET,173,323
17,SET,174,322
17,SET,175,274
17,SET,176,294
17,SET,177,288
17,SET,178,265
17,SET,179,278
17,SET,180,266
17,SET,181,223
17,SET,182,246
17,SET,183,253
17,SET,184,245
17,SET,185,246
17,SET,186,238
17,SET,187,206
17,SET,188,233
17,SET,189,193
17,SET,190,190
17,SET,191,186
17,SET,192,205
17,SET,193,204
17,SET,194,174
17,SET,195,163
17,SET,196,160
17,SET,197,173
17,SET,198,157
17,SET,199,167
17,SET,200,131
17,SET,201,138
17,SET,202,111
17,SET,203,148
17,SET,204,105
17,SET,205,107
17,SET,206,106
17,SET,207,118
17,SET,208,117
17,SET,209,121
17,SET,210,117
17,SET,211,103
17,SET,212,100
17,SET,213,84
17,SET,214,84
17,SET,215,73
17,SET,216,80
17,SET,217,89
17,SET,218,82
17,SET,219,65
17,SET,220,61
17,SET,221,71
17,SET,222,70
17,SET,223,76
17,SET,224,64
17,SET,225,77
17,SET,226,51
17,SET,227,48
17,SET,228,53
17,SET,229,41
17,SET,230,51
17,SET,231,48
17,SET,232,36
17,SET,233,54
17,SET,234,42
17,SET,235,33
17,SET,236,34
17,SET,237,41
17,SET,238,29
17,SET,239,31
17,SET,240,30
17,SET,241,25
17,SET,242,27
17,SET,243,23
17,SET,244,29
17,SET,245,22
17,SET,246,20
17,SET,247,20
17,SET,248,28
17,SET,249,34
17,SET,250,21
17,SET,251,29
17,SET,252,16
17,SET,253,22
17,SET,254,17
17,SET,255,32
17,SET,257,32
17,SET,259,25
17,SET,261,36
17,SET,263,31
17,SET,265,24
17,SET,267,20
17,SET,269,28
17,SET,271,23
17,SET,273,19
17,SET,275,14
17,SET,277,19
17,SET,279,17
17,SET,281,16
17,SET,283,10
17,SET,285,12
17,SET,287,17
17,SET,289,13
17,SET,291,5
17,SET,293,8
17,SET,295,8
17,SET,297,13
17,SET,299,11
17,SET,301,14
17,SET,303,7
17,SET,305,3
17,SET,307,9
17,SET,309,5
17,SET,311,8
17,SET,313,6
17,SET,315,7
17,SET,317,3
17,SET,319,3
17,SET,321,5
17,SET,323,4
17,SET,325,3
17,SET,327,7
17,SET,329,4
17,SET,331,4
17,SET,333,4
17,SET,335,2
17,SET,337,1
17,SET,339,4
17,SET,341,2
17,SET,343,1
17,SET,347,4
17,SET,349,3
17,SET,351,2
17,SET,353,4
17,SET,355,2
17,SET,357,2
17,SET,361,1
17,SET,363,5
17,SET,365,2
17,SET,367,3
17,SET,369,1
17,SET,371,1
17,SET,373,1
17,SET,375,1
17,SET,377,1
17,SET,381,1
17,SET,393,3
17,SET,403,1
17,SET,411,1
17,SET,417,1
17,SET,419,1
17,SET,423,1
17,SET,425,2
17,SET,427,2
17,SET,433,2
17,SET,441,2
17,SET,443,1
17,SET,471,1
17,SET,473,1
17,SET,479,1
17,SET,483,1
17,SET,519,1
17,SET,531,1
17,SET,547,1
17,SET,551,1
17,SET,575,1
17,SET,583,1
17,SET,599,1
17,SET,603,1
17,SET,607,1
17,SET,611,1
17,SET,623,1
17,SET,639,1
17,SET,655,1
17,SET,675,1
17,SET,727,1
17,SET,739,1
17,SET,751,1
17,SET,759,1
17,SET,775,1
17,SET,807,1
17,SET,823,1
17,SET,1019,1
17,SET,1071,1
17,SET,1359,1
17,SET,1863,1
17,SET,2015,1
17,SET,2943,1
17,DEL,86,1
17,DEL,87,5
17,DEL,88,4
17,DEL,89,2
17,DEL,90,3
17,DEL,91,13
17,DEL,92,17
17,DEL,93,26
17,DEL,94,15
17,DEL,95,25
17,DEL,96,48
17,DEL,97,72
17,DEL,98,79
17,DEL,99,95
17,DEL,100,154
17,DEL,101,176
17,DEL,102,205
17,DEL,103,227
17,DEL,104,260
17,DEL,105,319
17,DEL,106,338
17,DEL,107,391
17,DEL,108,455
17,DEL,109,525
17,DEL,110,578
17,DEL,111,680
17,DEL,112,670
17,DEL,113,746
17,DEL,114,815
17,DEL,115,926
17,DEL,116,951
17,DEL,117,990
17,DEL,118,1110
17,DEL,119,1144
17,DEL,120,1240
17,DEL,121,1325
17,DEL,122,1365
17,DEL,123,1428
17,DEL,124,1462
17,DEL,125,1602
17,DEL,126,1613
17,DEL,127,1770
17,DEL,128,1753
17,DEL,129,1761
17,DEL,130,1791
17,DEL,131,1863
17,DEL,132,1965
17,DEL,133,2013
17,DEL,134,2071
17,DEL,135,2146
17,DEL,136,2040
17,DEL,137,2168
17,DEL,138,2114
17,DEL,139,2144
17,DEL,140,2249
17,DEL,141,2222
17,DEL,142,2325
17,DEL,143,2323
17,DEL,144,2304
17,DEL,145,2380
17,DEL,146,2212
17,DEL,147,2219
17,DEL,148,2269
17,DEL,149,2265
17,DEL,150,2302
17,DEL,151,2245
17,DEL,152,2179
17,DEL,153,2090
17,DEL,154,2141
17,DEL,155,2031
17,DEL,156,2000
17,DEL,157,2069
17,DEL,158,1991
17,DEL,159,1965
17,DEL,160,1953
17,DEL,161,1890
17,DEL,162,1922
17,DEL,163,1842
17,DEL,164,1780
17,DEL,165,1803
17,DEL,166,1755
17,DEL,167,1682
17,DEL,168,1622
17,DEL,169,1618
17,DEL,170,1539
17,DEL,171,1549
17,DEL,172,1467
17,DEL,173,1421
17,DEL,174,1297
17,DEL,175,1325
17,DEL,176,1290
17,DEL,177,1279
17,DEL,178,1259
17,DEL,179,1213
17,DEL,180,1098
17,DEL,181,1118
17,DEL,182,1112
17,DEL,183,1133
17,DEL,184,1068
17,DEL,185,980
17,DEL,186,984
17,DEL,187,935
17,DEL,188,911
17,DEL,189,847
17,DEL,190,839
17,DEL,191,821
17,DEL,192,753
17,DEL,193,777
17,DEL,194,754
17,DEL,195,698
17,DEL,196,707
17,DEL,197,672
17,DEL,198,688
17,DEL,199,606
17,DEL,200,562
17,DEL,201,589
17,DEL,202,514
17,DEL,203,526
17,DEL,204,484
17,DEL,205,511
17,DEL,206,486
17,DEL,207,447
17,DEL,208,409
17,DEL,209,385
17,DEL,210,404
17,DEL,211,422
17,DEL,212,387
17,DEL,213,343
17,DEL,214,336
17,DEL,215,338
17,DEL,216,308
17,DEL,217,320
17,DEL,218,312
17,DEL,219,291
17,DEL,220,251
17,DEL,221,273
17,DEL,222,282
17,DEL,223,258
17,DEL,224,215
17,DEL,225,228
17,DEL,226,199
17,DEL,227,223
17,DEL,228,196
17,DEL,229,216
17,DEL,230,206
17,DEL,231,183
17,DEL,232,176
17,DEL,233,183
17,DEL,234,180
17,DEL,235,174
17,DEL,236,155
17,DEL,237,152
17,DEL,238,131
17,DEL,239,146
17,DEL,240,120
17,DEL,241,115
17,DEL,242,117
17,DEL,243,96
17,DEL,244,108
17,DEL,245,128
17,DEL,246,109
17,DEL,247,98
17,DEL,248,104
17,DEL,249,98
17,DEL,250,90
17,DEL,251,99
17,DEL,252,72
17,DEL,253,68
17,DEL,254,72
17,DEL,255,71
17,DEL,257,177
17,DEL,259,119
17,DEL,261,107
17,DEL,263,113
17,DEL,265,97
17,DEL,267,108
17,DEL,269,94
17,DEL,271,96
17,DEL,273,98
17,DEL,275,50
17,DEL,277,83
17,DEL,279,56
17,DEL,281,58
17,DEL,283,57
17,DEL,285,55
17,DEL,287,39
17,DEL,289,44
17,DEL,291,39
17,DEL,293,40
17,DEL,295,30
17,DEL,297,31
17,DEL,299,28
17,DEL,301,34
17,DEL,303,36
17,DEL,305,20
17,DEL,307,22
17,DEL,309,13
17,DEL,311,23
17,DEL,313,15
17,DEL,315,12
17,DEL,317,20
17,DEL,319,25
17,DEL,321,12
17,DEL,323,12
17,DEL,325,13
17,DEL,327,20
17,DEL,329,16
17,DEL,331,12
17,DEL,333,8
17,DEL,335,10
17,DEL,337,9
17,DEL,339,21
17,DEL,341,11
17,DEL,343,6
17,DEL,345,11
17,DEL,347,5
17,DEL,349,9
17,DEL,351,8
17,DEL,353,5
17,DEL,355,6
17,DEL,357,8
17,DEL,359,6
17,DEL,361,5
17,DEL,363,8
17,DEL,365,8
17,DEL,367,10
17,DEL,369,6
17,DEL,371,4
17,DEL,373,4
17,DEL,375,2
17,DEL,377,4
17,DEL,379,4
17,DEL,381,4
17,DEL,383,3
17,DEL,385,3
17,DEL,387,5
17,DEL,389,2
17,DEL,391,3
17,DEL,393,9
17,DEL,395,1
17,DEL,397,4
17,DEL,399,1
17,DEL,401,5
17,DEL,403,6
17,DEL,405,2
17,DEL,409,1
17,DEL,411,6
17,DEL,413,3
17,DEL,415,3
17,DEL,423,4
17,DEL,427,1
17,DEL,429,2
17,DEL,431,2
17,DEL,433,1
17,DEL,437,1
17,DEL,439,3
17,DEL,441,2
17,DEL,443,1
17,DEL,449,1
17,DEL,451,2
17,DEL,453,1
17,DEL,455,2
17,DEL,457,2
17,DEL,461,1
17,DEL,463,2
17,DEL,465,3
17,DEL,467,1
17,DEL,469,1
17,DEL,471,1
17,DEL,473,1
17,DEL,477,2
17,DEL,479,2
17,DEL,481,2
17,DEL,485,3
17,DEL,487,1
17,DEL,493,1
17,DEL,495,1
17,DEL,499,1
17,DEL,503,2
17,DEL,505,2
17,DEL,507,1
17,DEL,515,4
17,DEL,523,5
17,DEL,527,3
17,DEL,531,1
17,DEL,535,1
17,DEL,539,2
17,DEL,543,2
17,DEL,547,1
17,DEL,551,1
17,DEL,555,1
17,DEL,559,1
17,DEL,563,1
17,DEL,567,1
17,DEL,579,1
17,DEL,591,2
17,DEL,595,3
17,DEL,599,2
17,DEL,611,1
17,DEL,615,2
17,DEL,635,1
17,DEL,651,1
17,DEL,655,1
17,DEL,659,4
17,DEL,663,2
17,DEL,667,2
17,DEL,675,1
17,DEL,679,2
17,DEL,683,2
17,DEL,687,2
17,DEL,695,1
17,DEL,703,1
17,DEL,715,1
17,DEL,719,1
17,DEL,723,1
17,DEL,727,2
17,DEL,731,2
17,DEL,743,1
17,DEL,747,1
17,DEL,755,1
17,DEL,759,1
17,DEL,767,1
17,DEL,783,2
17,DEL,799,1
17,DEL,811,1
17,DEL,831,1
17,DEL,835,1
17,DEL,871,1
17,DEL,875,1
17,DEL,907,1
17,DEL,959,2
17,DEL,971,1
17,DEL,983,2
17,DEL,995,1
17,DEL,1003,1
17,DEL,1023,1
17,DEL,1031,1
17,DEL,1071,3
17,DEL,1111,2
17,DEL,1191,1
17,DEL,1199,1
17,DEL,1215,1
17,DEL,1279,1
17,DEL,1311,1
17,DEL,1319,1
17,DEL,1343,1
17,DEL,1391,1
17,DEL,1407,1
17,DEL,1535,1
17,DEL,1567,1
17,DEL,1671,1
17,DEL,1719,1
17,DEL,1823,1
17,DEL,1903,1
17,DEL,1975,1
17,DEL,2095,1
17,DEL,2671,1
17,DEL,2735,1
17,DEL,2943,1
18,SET,89,1
18,SET,90,1
18,SET,92,3
18,SET,93,3
18,SET,94,1
18,SET,95,5
18,SET,96,7
18,SET,97,8
18,SET,98,8
18,SET,99,9
18,SET,100,12
18,SET,101,17
18,SET,102,19
18,SET,103,24
18,SET,104,36
18,SET,105,33
18,SET,106,43
18,SET,107,38
18,SET,108,50
18,SET,109,55
18,SET,110,67
18,SET,111,79
18,SET,112,75
18,SET,113,95
18,SET,114,111
18,SET,115,137
18,SET,116,127
18,SET,117,157
18,SET,118,171
18,SET,119,157
18,SET,120,197
18,SET,121,200
18,SET,122,188
18,SET,123,205
18,SET,124,260
18,SET,125,267
18,SET,126,268
18,SET,127,292
18,SET,128,317
18,SET,129,304
18,SET,130,306
18,SET,131,322
18,SET,132,307
18,SET,133,299
18,SET,134,359
18,SET,135,327
18,SET,136,346
18,SET,137,395
18,SET,138,370
18,SET,139,398
18,SET,140,391
18,SET,141,360
18,SET,142,413
18,SET,143,409
18,SET,144,438
18,SET,145,419
18,SET,146,414
18,SET,147,453
18,SET,148,432
18,SET,149,412
18,SET,150,448
18,SET,151,447
18,SET,152,454
18,SET,153,414
18,SET,154,422
18,SET,155,400
18,SET,156,410
18,SET,157,388
18,SET,158,419
18,SET,159,414
18,SET,160,398
18,SET,161,401
18,SET,162,406
18,SET,163,406
18,SET,164,366
18,SET,165,364
18,SET,166,365
18,SET,167,337
18,SET,168,339
18,SET,169,337
18,SET,170,362
18,SET,171,332
18,SET,172,337
18,SET,173,330
18,SET,174,335
18,SET,175,280
18,SET,176,275
18,SET,177,281
18,SET,178,282
18,SET,179,293
18,SET,180,245
18,SET,181,299
18,SET,182,257
18,SET,183,267
18,SET,184,218
18,SET,185,242
18,SET,186,253
18,SET,187,220
18,SET,188,231
18,SET,189,225
18,SET,190,217
18,SET,191,222
18,SET,192,214
18,SET,193,178
18,SET,194,182
18,SET,195,194
18,SET,196,175
18,SET,197,169
18,SET,198,180
18,SET,199,162
18,SET,200,156
18,SET,201,157
18,SET,202,146
18,SET,203,120
18,SET,204,113
18,SET,205,138
18,SET,206,148
18,SET,207,102
18,SET,208,146
18,SET,209,124
18,SET,210,128
18,SET,211,115
18,SET,212,103
18,SET,213,105
18,SET,214,103
18,SET,215,95
18,SET,216,82
18,SET,217,88
18,SET,218,85
18,SET,219,101
18,SET,220,82
18,SET,221,78
18,SET,222,63
18,SET,223,64
18,SET,224,68
18,SET,225,60
18,SET,226,61
18,SET,227,63
18,SET,228,45
18,SET,229,49
18,SET,230,37
18,SET,231,43
18,SET,232,53
18,SET,233,59
18,SET,234,47
18,SET,235,39
18,SET,236,40
18,SET,237,41
18,SET,238,41
18,SET,239,35
18,SET,240,35
18,SET,241,30
18,SET,242,29
18,SET,243,32
18,SET,244,29
18,SET,245,26
18,SET,246,37
18,SET,247,23
18,SET,248,30
18,SET,249,32
18,SET,250,23
18,SET,251,23
18,SET,252,19
18,SET,253,30
18,SET,254,22
18,SET,255,19
18,SET,257,42
18,SET,259,52
18,SET,261,33
18,SET,263,31
18,SET,265,18
18,SET,267,25
18,SET,269,22
18,SET,271,23
18,SET,273,20
18,SET,275,23
18,SET,277,21
18,SET,279,19
18,SET,281,23
18,SET,283,21
18,SET,285,17
18,SET,287,11
18,SET,289,8
18,SET,291,14
18,SET,293,11
18,SET,295,8
18,SET,297,6
18,SET,299,11
18,SET,301,3
18,SET,303,6
18,SET,305,11
18,SET,307,5
18,SET,309,7
18,SET,311,4
18,SET,313,8
18,SET,315,4
18,SET,317,9
18,SET,319,1
18,SET,321,4
18,SET,323,4
18,SET,325,1
18,SET,327,1
18,SET,329,5
18,SET,331,4
18,SET,333,3
18,SET,335,6
18,SET,337,7
18,SET,339,3
18,SET,341,5
18,SET,343,4
18,SET,351,3
18,SET,353,1
18,SET,355,2
18,SET,357,3
18,SET,359,2
18,SET,361,2
18,SET,363,1
18,SET,365,1
18,SET,367,1
18,SET,375,1
18,SET,377,2
18,SET,381,1
18,SET,389,2
18,SET,393,2
18,SET,395,1
18,SET,399,1
18,SET,405,1
18,SET,415,1
18,SET,419,2
18,SET,423,1
18,SET,435,1
18,SET,437,2
18,SET,439,1
18,SET,445,1
18,SET,447,1
18,SET,451,1
18,SET,461,1
18,SET,467,1
18,SET,469,1
18,SET,489,1
18,SET,491,1
18,SET,493,2
18,SET,495,1
18,SET,497,1
18,SET,505,1
18,SET,507,2
18,SET,523,1
18,SET,555,2
18,SET,559,1
18,SET,563,1
18,SET,575,1
18,SET,583,1
18,SET,587,1
18,SET,595,1
18,SET,615,1
18,SET,619,1
18,SET,639,1
18,SET,643,1
18,SET,647,1
18,SET,651,1
18,SET,655,1
18,SET,659,1
18,SET,675,1
18,SET,683,1
18,SET,687,2
18,SET,783,1
18,SET,891,1
18,SET,951,1
18,SET,1103,1
18,SET,1119,1
18,SET,1183,1
18,SET,1463,1
18,SET,2079,1
18,SET,2175,1
18,SET,2959,1
18,SET,3455,1
18,GET,83,1
18,GET,84,1
18,GET,85,1
18,GET,86,7
18,GET,87,6
18,GET,88,14
18,GET,89,17
18,GET,90,26
18,GET,91,27
18,GET,92,52
18,GET,93,66
18,GET,94,93
18,GET,95,134
18,GET,96,166
18,GET,97,206
18,GET,98,268
18,GET,99,315
18,GET,100,421
18,GET,101,493
18,GET,102,597
18,GET,103,690
18,GET,104,727
18,GET,105,844
18,GET,106,1029
18,GET,107,1191
18,GET,108,1230
18,GET,109,1459
18,GET,110,1528
18,GET,111,1750
18,GET,112,1880
18,GET,113,2133
18,GET,114,2279
18,GET,115,2417
18,GET,116,2609
18,GET,117,2843
18,GET,118,3072
18,GET,119,3248
18,GET,120,3450
18,GET,121,3732
18,GET,122,3955
18,GET,123,4032
18,GET,124,4303
18,GET,125,4402
18,GET,126,4624
18,GET,127,4837
18,GET,128,4799
18,GET,129,5028
18,GET,130,5045
18,GET,131,5242
18,GET,132,5363
18,GET,133,5497
18,GET,134,5633
18,GET,135,5612
18,GET,136,5902
18,GET,137,5719
18,GET,138,5860
18,GET,139,5930
18,GET,140,6036
18,GET,141,6082
18,GET,142,6273
18,GET,143,6303
18,GET,144,6158
18,GET,145,6386
18,GET,146,6282
18,GET,147,6157
18,GET,148,6142
18,GET,149,6426
18,GET,150,6196
18,GET,151,6050
18,GET,152,5865
18,GET,153,5814
18,GET,154,5893
18,GET,155,5754
18,GET,156,5527
18,GET,157,5518
18,GET,158,5495
18,GET,159,5434
18,GET,160,5354
18,GET,161,5319
18,GET,162,5083
18,GET,163,4928
18,GET,164,4857
18,GET,165,5004
18,GET,166,4743
18,GET,167,4624
18,GET,168,4598
18,GET,169,4465
18,GET,170,4342
18,GET,171,4339
18,GET,172,4056
18,GET,173,4086
18,GET,174,3797
18,GET,175,3796
18,GET,176,3758
18,GET,177,3567
18,GET,178,3416
18,GET,179,3351
18,GET,180,3312
18,GET,181,3232
18,GET,182,3102
18,GET,183,2966
18,GET,184,2920
18,GET,185,2831
18,GET,186,2675
18,GET,187,2700
18,GET,188,2646
18,GET,189,2481
18,GET,190,2440
18,GET,191,2320
18,GET,192,2320
18,GET,193,2160
18,GET,194,2098
18,GET,195,2061
18,GET,196,1977
18,GET,197,1842
18,GET,198,1914
18,GET,199,1774
18,GET,200,1739
18,GET,201,1741
18,GET,202,1589
18,GET,203,1510
18,GET,204,1482
18,GET,205,1422
18,GET,206,1379
18,GET,207,1332
18,GET,208,1275
18,GET,209,1226
18,GET,210,1187
18,GET,211,1164
18,GET,212,1112
18,GET,213,1061
18,GET,214,1075
18,GET,215,988
18,GET,216,897
18,GET,217,887
18,GET,218,876
18,GET,219,841
18,GET,220,776
18,GET,221,786
18,GET,222,706
18,GET,223,748
18,GET,224,721
18,GET,225,674
18,GET,226,607
18,GET,227,643
18,GET,228,568
18,GET,229,592
18,GET,230,577
18,GET,231,567
18,GET,232,510
18,GET,233,518
18,GET,234,460
18,GET,235,466
18,GET,236,439
18,GET,237,419
18,GET,238,405
18,GET,239,450
18,GET,240,410
18,GET,241,350
18,GET,242,344
18,GET,243,333
18,GET,244,293
18,GET,245,339
18,GET,246,258
18,GET,247,299
18,GET,248,286
18,GET,249,233
18,GET,250,263
18,GET,251,269
18,GET,252,217
18,GET,253,226
18,GET,254,256
18,GET,255,223
18,GET,257,397
18,GET,259,385
18,GET,261,360
18,GET,263,329
18,GET,265,335
18,GET,267,290
18,GET,269,275
18,GET,271,287
18,GET,273,224
18,GET,275,214
18,GET,277,180
18,GET,279,188
18,GET,281,166
18,GET,283,179
18,GET,285,142
18,GET,287,144
18,GET,289,146
18,GET,291,135
18,GET,293,118
18,GET,295,105
18,GET,297,101
18,GET,299,120
18,GET,301,103
18,GET,303,84
18,GET,305,70
18,GET,307,81
18,GET,309,59
18,GET,311,64
18,GET,313,73
18,GET,315,63
18,GET,317,53
18,GET,319,70
18,GET,321,56
18,GET,323,50
18,GET,325,48
18,GET,327,38
18,GET,329,34
18,GET,331,39
18,GET,333,34
18,GET,335,32
18,GET,337,36
18,GET,339,31
18,GET,341,32
18,GET,343,32
18,GET,345,25
18,GET,347,24
18,GET,349,22
18,GET,351,28
18,GET,353,25
18,GET,355,20
18,GET,357,16
18,GET,359,21
18,GET,361,15
18,GET,363,10
18,GET,365,15
18,GET,367,10
18,GET,369,17
18,GET,371,11
18,GET,373,9
18,GET,375,10
18,GET,377,18
18,GET,379,13
18,GET,381,13
18,GET,383,8
18,GET,385,11
18,GET,387,14
18,GET,389,9
18,GET,391,9
18,GET,393,6
18,GET,395,11
18,GET,397,7
18,GET,399,13
18,GET,401,5
18,GET,403,8
18,GET,405,10
18,GET,407,7
18,GET,409,10
18,GET,411,8
18,GET,413,12
18,GET,415,6
18,GET,417,7
18,GET,419,3
18,GET,421,9
18,GET,423,5
18,GET,425,6
18,GET,427,6
18,GET,429,3
18,GET,431,9
18,GET,433,3
18,GET,435,6
18,GET,437,10
18,GET,439,5
18,GET,441,4
18,GET,443,5
18,GET,445,9
18,GET,447,4
18,GET,449,7
18,GET,451,6
18,GET,453,3
18,GET,455,4
18,GET,457,7
18,GET,459,1
18,GET,461,4
18,GET,463,3
18,GET,465,3
18,GET,467,3
18,GET,469,2
18,GET,471,8
18,GET,473,1
18,GET,475,4
18,GET,477,2
18,GET,479,1
18,GET,481,2
18,GET,483,3
18,GET,485,2
18,GET,487,4
18,GET,489,3
18,GET,491,3
18,GET,493,3
18,GET,495,2
18,GET,497,3
18,GET,499,4
18,GET,503,2
18,GET,505,4
18,GET,507,1
18,GET,509,5
18,GET,511,2
18,GET,515,6
18,GET,519,9
18,GET,523,4
18,GET,527,5
18,GET,531,5
18,GET,535,6
18,GET,539,5
18,GET,543,7
18,GET,547,2
18,GET,551,5
18,GET,555,6
18,GET,559,3
18,GET,563,9
18,GET,567,5
18,GET,571,5
18,GET,575,2
18,GET,583,1
18,GET,587,2
18,GET,591,1
18,GET,595,4
18,GET,599,5
18,GET,603,3
18,GET,607,9
18,GET,611,3
18,GET,615,4
18,GET,619,2
18,GET,623,6
18,GET,627,2
18,GET,631,3
18,GET,635,4
18,GET,639,7
18,GET,643,3
18,GET,647,3
18,GET,651,4
18,GET,655,4
18,GET,659,3
18,GET,663,3
18,GET,667,3
18,GET,671,1
18,GET,675,4
18,GET,679,2
18,GET,683,2
18,GET,691,3
18,GET,699,1
18,GET,703,1
18,GET,707,2
18,GET,711,3
18,GET,715,1
18,GET,719,2
18,GET,727,2
18,GET,731,1
18,GET,735,3
18,GET,743,3
18,GET,747,2
18,GET,751,2
18,GET,755,2
18,GET,759,2
18,GET,763,1
18,GET,767,3
18,GET,771,2
18,GET,775,1
18,GET,783,1
18,GET,791,1
18,GET,803,2
18,GET,807,1
18,GET,811,2
18,GET,815,1
18,GET,819,1
18,GET,823,2
18,GET,827,1
18,GET,831,1
18,GET,839,1
18,GET,843,1
18,GET,851,3
18,GET,859,2
18,GET,863,1
18,GET,871,1
18,GET,883,3
18,GET,891,1
18,GET,899,1
18,GET,907,1
18,GET,911,2
18,GET,915,1
18,GET,919,4
18,GET,931,1
18,GET,935,3
18,GET,947,1
18,GET,951,2
18,GET,963,1
18,GET,967,1
18,GET,975,1
18,GET,979,1
18,GET,999,1
18,GET,1007,2
18,GET,1015,1
18,GET,1031,2
18,GET,1039,1
18,GET,1055,2
18,GET,1063,1
18,GET,1095,3
18,GET,1103,3
18,GET,1119,2
18,GET,1127,1
18,GET,1135,3
18,GET,1151,1
18,GET,1191,1
18,GET,1199,1
18,GET,1215,1
18,GET,1239,1
18,GET,1271,1
18,GET,1295,3
18,GET,1311,1
18,GET,1327,1
18,GET,1335,1
18,GET,1343,1
18,GET,1351,1
18,GET,1359,1
18,GET,1391,1
18,GET,1407,1
18,GET,1431,1
18,GET,1463,1
18,GET,1487,1
18,GET,1511,1
18,GET,1519,1
18,GET,1623,1
18,GET,1631,1
18,GET,1679,1
18,GET,1727,1
18,GET,1775,1
18,GET,1783,1
18,GET,1871,1
18,GET,1887,1
18,GET,1895,1
18,GET,1911,1
18,GET,1927,1
18,GET,1951,1
18,GET,2007,1
18,GET,2047,1
18,GET,2063,1
18,GET,2095,1
18,GET,2271,2
18,GET,2287,1
18,GET,2367,1
18,GET,2399,1
18,GET,2463,1
18,GET,2575,1
18,GET,2639,1
18,GET,2815,1
18,GET,2959,1
18,DEL,82,1
18,DEL,86,1
18,DEL,87,1
18,DEL,88,4
18,DEL,89,5
18,DEL,90,7
18,DEL,91,5
18,DEL,92,21
18,DEL,93,16
18,DEL,94,28
18,DEL,95,44
18,DEL,96,41
18,DEL,97,56
18,DEL,98,72
18,DEL,99,102
18,DEL,100,112
18,DEL,101,153
18,DEL,102,179
18,DEL,103,200
18,DEL,104,251
18,DEL,105,276
18,DEL,106,336
18,DEL,107,375
18,DEL,108,405
18,DEL,109,479
18,DEL,110,505
18,DEL,111,533
18,DEL,112,691
18,DEL,113,723
18,DEL,114,769
18,DEL,115,750
18,DEL,116,886
18,DEL,117,965
18,DEL,118,1056
18,DEL,119,1070
18,DEL,120,1131
18,DEL,121,1223
18,DEL,122,1249
18,DEL,123,1315
18,DEL,124,1504
18,DEL,125,1474
18,DEL,126,1559
18,DEL,127,1680
18,DEL,128,1728
18,DEL,129,1680
18,DEL,130,1791
18,DEL,131,1774
18,DEL,132,1880
18,DEL,133,1918
18,DEL,134,1956
18,DEL,135,2020
18,DEL,136,2005
18,DEL,137,1988
18,DEL,138,2139
18,DEL,139,2146
18,DEL,140,2137
18,DEL,141,2209
18,DEL,142,2174
18,DEL,143,2142
18,DEL,144,2187
18,DEL,145,2212
18,DEL,146,2212
18,DEL,147,2209
18,DEL,148,2173
18,DEL,149,2223
18,DEL,150,2141
18,DEL,151,2100
18,DEL,152,2156
18,DEL,153,2062
18,DEL,154,2076
18,DEL,155,2111
18,DEL,156,2075
18,DEL,157,2064
18,DEL,158,2032
18,DEL,159,1953
18,DEL,160,1907
18,DEL,161,1854
18,DEL,162,1826
18,DEL,163,1832
18,DEL,164,1804
18,DEL,165,1769
18,DEL,166,1681
18,DEL,167,1686
18,DEL,168,1611
18,DEL,169,1538
18,DEL,170,1545
18,DEL,171,1525
18,DEL,172,1547
18,DEL,173,1467
18,DEL,174,1452
18,DEL,175,1358
18,DEL,176,1346
18,DEL,177,1271
18,DEL,178,1265
18,DEL,179,1244
18,DEL,180,1241
18,DEL,181,1122
18,DEL,182,1184
18,DEL,183,1054
18,DEL,184,1166
18,DEL,185,1040
18,DEL,186,988
18,DEL,187,971
18,DEL,188,951
18,DEL,189,897
18,DEL,190,866
18,DEL,191,922
18,DEL,192,815
18,DEL,193,797
18,DEL,194,787
18,DEL,195,763
18,DEL,196,739
18,DEL,197,686
18,DEL,198,697
18,DEL,199,640
18,DEL,200,647
18,DEL,201,572
18,DEL,202,561
18,DEL,203,576
18,DEL,204,541
18,DEL,205,548
18,DEL,206,474
18,DEL,207,478
18,DEL,208,452
18,DEL,209,453
18,DEL,210,432
18,DEL,211,449
18,DEL,212,413
18,DEL,213,444
18,DEL,214,352
18,DEL,215,366
18,DEL,216,381
18,DEL,217,361
18,DEL,218,324
18,DEL,219,340
18,DEL,220,320
18,DEL,221,295
18,DEL,222,272
18,DEL,223,254
18,DEL,224,267
18,DEL,225,268
18,DEL,226,225
18,DEL,227,239
18,DEL,228,233
18,DEL,229,233
18,DEL,230,200
18,DEL,231,176
18,DEL,232,215
18,DEL,233,194
18,DEL,234,175
18,DEL,235,174
18,DEL,236,168
18,DEL,237,177
18,DEL,238,147
18,DEL,239,160
18,DEL,240,143
18,DEL,241,127
18,DEL,242,137
18,DEL,243,117
18,DEL,244,120
18,DEL,245,103
18,DEL,246,112
18,DEL,247,105
18,DEL,248,130
18,DEL,249,103
18,DEL,250,84
18,DEL,251,89
18,DEL,252,85
18,DEL,253,98
18,DEL,254,81
18,DEL,255,77
18,DEL,257,163
18,DEL,259,145
18,DEL,261,132
18,DEL,263,118
18,DEL,265,116
18,DEL,267,111
18,DEL,269,97
18,DEL,271,102
18,DEL,273,87
18,DEL,275,86
18,DEL,277,85
18,DEL,279,70
18,DEL,281,71
18,DEL,283,61
18,DEL,285,40
18,DEL,287,56
18,DEL,289,44
18,DEL,291,53
18,DEL,293,38
18,DEL,295,45
18,DEL,297,32
18,DEL,299,40
18,DEL,301,29
18,DEL,303,32
18,DEL,305,34
18,DEL,307,38
18,DEL,309,20
18,DEL,311,22
18,DEL,313,19
18,DEL,315,34
18,DEL,317,23
18,DEL,319,18
18,DEL,321,23
18,DEL,323,8
18,DEL,325,12
18,DEL,327,9
18,DEL,329,14
18,DEL,331,10
18,DEL,333,9
18,DEL,335,13
18,DEL,337,15
18,DEL,339,12
18,DEL,341,14
18,DEL,343,9
18,DEL,345,8
18,DEL,347,7
18,DEL,349,5
18,DEL,351,12
18,DEL,353,6
18,DEL,355,7
18,DEL,357,6
18,DEL,359,8
18,DEL,361,7
18,DEL,363,9
18,DEL,365,4
18,DEL,367,6
18,DEL,369,8
18,DEL,371,3
18,DEL,373,6
18,DEL,375,7
18,DEL,377,8
18,DEL,379,3
18,DEL,381,2
18,DEL,383,2
18,DEL,385,6
18,DEL,389,3
18,DEL,391,1
18,DEL,393,1
18,DEL,395,7
18,DEL,397,6
18,DEL,399,4
18,DEL,401,2
18,DEL,403,2
18,DEL,405,6
18,DEL,407,1
18,DEL,409,4
18,DEL,411,1
18,DEL,413,8
18,DEL,415,6
18,DEL,419,2
18,DEL,421,1
18,DEL,423,5
18,DEL,425,2
18,DEL,427,1
18,DEL,429,1
18,DEL,431,5
18,DEL,433,5
18,DEL,435,2
18,DEL,437,5
18,DEL,439,1
18,DEL,441,4
18,DEL,445,2
18,DEL,447,2
18,DEL,449,1
18,DEL,451,1
18,DEL,453,5
18,DEL,455,2
18,DEL,457,2
18,DEL,459,1
18,DEL,461,1
18,DEL,463,3
18,DEL,469,1
18,DEL,471,2
18,DEL,473,3
18,DEL,475,2
18,DEL,477,3
18,DEL,479,2
18,DEL,481,1
18,DEL,483,2
18,DEL,485,1
18,DEL,487,1
18,DEL,489,2
18,DEL,491,1
18,DEL,495,1
18,DEL,497,1
18,DEL,499,1
18,DEL,503,1
18,DEL,505,1
18,DEL,507,1
18,DEL,509,1
18,DEL,519,1
18,DEL,523,4
18,DEL,527,1
18,DEL,535,2
18,DEL,539,1
18,DEL,543,2
18,DEL,547,2
18,DEL,551,4
18,DEL,555,2
18,DEL,559,2
18,DEL,567,2
18,DEL,571,1
18,DEL,579,1
18,DEL,583,1
18,DEL,591,2
18,DEL,595,2
18,DEL,607,1
18,DEL,615,2
18,DEL,619,1
18,DEL,635,2
18,DEL,639,1
18,DEL,647,1
18,DEL,655,1
18,DEL,663,2
18,DEL,667,1
18,DEL,675,1
18,DEL,679,1
18,DEL,683,1
18,DEL,687,1
18,DEL,699,2
18,DEL,707,2
18,DEL,715,2
18,DEL,719,2
18,DEL,723,1
18,DEL,727,1
18,DEL,735,1
18,DEL,743,1
18,DEL,759,1
18,DEL,763,1
18,DEL,771,2
18,DEL,775,3
18,DEL,779,1
18,DEL,783,1
18,DEL,791,1
18,DEL,811,1
18,DEL,859,1
18,DEL,867,1
18,DEL,879,1
18,DEL,895,1
18,DEL,947,1
18,DEL,1039,1
18,DEL,1079,1
18,DEL,1119,1
18,DEL,1127,1
18,DEL,1175,1
18,DEL,1199,1
18,DEL,1223,2
18,DEL,1239,2
18,DEL,1255,1
18,DEL,1263,1
18,DEL,1303,1
18,DEL,1359,1
18,DEL,1471,1
18,DEL,1479,1
18,DEL,1535,1
18,DEL,1575,1
18,DEL,1679,1
18,DEL,1695,1
18,DEL,1783,1
18,DEL,1823,1
18,DEL,2023,1
18,DEL,2287,1
18,DEL,2831,1
18,DEL,3551,1
19,SET,88,1
19,SET,89,1
19,SET,90,1
19,SET,92,3
19,SET,93,4
19,SET,94,5
19,SET,95,4
19,SET,96,11
19,SET,97,9
19,SET,98,13
19,SET,99,16
19,SET,100,19
19,SET,101,29
19,SET,102,54
19,SET,103,45
19,SET,104,44
19,SET,105,57
19,SET,106,76
19,SET,107,74
19,SET,108,83
19,SET,109,94
19,SET,110,85
19,SET,111,116
19,SET,112,115
19,SET,113,143
19,SET,114,159
19,SET,115,155
19,SET,116,185
19,SET,117,181
19,SET,118,192
19,SET,119,214
19,SET,120,233
19,SET,121,239
19,SET,122,265
19,SET,123,300
19,SET,124,314
19,SET,125,279
19,SET,126,305
19,SET,127,324
19,SET,128,329
19,SET,129,320
19,SET,130,362
19,SET,131,374
19,SET,132,347
19,SET,133,403
19,SET,134,427
19,SET,135,400
19,SET,136,425
19,SET,137,435
19,SET,138,457
19,SET,139,411
19,SET,140,435
19,SET,141,408
19,SET,142,443
19,SET,143,467
19,SET,144,426
19,SET,145,436
19,SET,146,423
19,SET,147,434
19,SET,148,448
19,SET,149,452
19,SET,150,443
19,SET,151,442
19,SET,152,388
19,SET,153,381
19,SET,154,414
19,SET,155,410
19,SET,156,395
19,SET,157,415
19,SET,158,399
19,SET,159,393
19,SET,160,401
19,SET,161,403
19,SET,162,366
19,SET,163,371
19,SET,164,333
19,SET,165,355
19,SET,166,336
19,SET,167,337
19,SET,168,334
19,SET,169,348
19,SET,170,292
19,SET,171,327
19,SET,172,264
19,SET,173,280
19,SET,174,292
19,SET,175,279
19,SET,176,243
19,SET,177,261
19,SET,178,243
19,SET,179,261
19,SET,180,221
19,SET,181,214
19,SET,182,223
19,SET,183,226
19,SET,184,210
19,SET,185,212
19,SET,186,196
19,SET,187,198
19,SET,188,198
19,SET,189,169
19,SET,190,178
19,SET,191,160
19,SET,192,171
19,SET,193,166
19,SET,194,153
19,SET,195,157
19,SET,196,138
19,SET,197,150
19,SET,198,138
19,SET,199,140
19,SET,200,116
19,SET,201,115
19,SET,202,117
19,SET,203,114
19,SET,204,104
19,SET,205,111
19,SET,206,101
19,SET,207,106
19,SET,208,91
19,SET,209,109
19,SET,210,81
19,SET,211,80
19,SET,212,84
19,SET,213,84
19,SET,214,92
19,SET,215,80
19,SET,216,68
19,SET,217,62
19,SET,218,71
19,SET,219,67
19,SET,220,62
19,SET,221,64
19,SET,222,54
19,SET,223,49
19,SET,224,46
19,SET,225,46
19,SET,226,56
19,SET,227,60
19,SET,228,44
19,SET,229,39
19,SET,230,43
19,SET,231,39
19,SET,232,43
19,SET,233,46
19,SET,234,32
19,SET,235,35
19,SET,236,29
19,SET,237,35
19,SET,238,34
19,SET,239,26
19,SET,240,21
19,SET,241,25
19,SET,242,34
19,SET,243,31
19,SET,244,28
19,SET,245,21
19,SET,246,27
19,SET,247,27
19,SET,248,21
19,SET,249,30
19,SET,250,23
19,SET,251,18
19,SET,252,20
19,SET,253,17
19,SET,254,15
19,SET,255,21
19,SET,257,33
19,SET,259,38
19,SET,261,30
19,SET,263,30
19,SET,265,26
19,SET,267,18
19,SET,269,22
19,SET,271,16
19,SET,273,17
19,SET,275,18
19,SET,277,15
19,SET,279,12
19,SET,281,20
19,SET,283,14
19,SET,285,8
19,SET,287,6
19,SET,289,10
19,SET,291,13
19,SET,293,10
19,SET,295,10
19,SET,297,8
19,SET,299,8
19,SET,301,7
19,SET,303,10
19,SET,305,6
19,SET,307,5
19,SET,309,5
19,SET,311,2
19,SET,313,4
19,SET,315,5
19,SET,317,3
19,SET,319,12
19,SET,321,5
19,SET,323,4
19,SET,325,1
19,SET,327,2
19,SET,329,3
19,SET,331,2
19,SET,333,3
19,SET,335,3
19,SET,339,1
19,SET,341,1
19,SET,343,4
19,SET,347,1
19,SET,349,3
19,SET,351,1
19,SET,353,1
19,SET,357,2
19,SET,359,2
19,SET,361,1
19,SET,365,2
19,SET,367,3
19,SET,369,1
19,SET,371,2
19,SET,373,1
19,SET,377,3
19,SET,381,1
19,SET,383,2
19,SET,389,1
19,SET,397,2
19,SET,405,1
19,SET,415,1
19,SET,417,1
19,SET,421,1
19,SET,433,2
19,SET,453,1
19,SET,455,1
19,SET,467,2
19,SET,475,1
19,SET,477,1
19,SET,515,1
19,SET,519,1
19,SET,527,2
19,SET,551,1
19,SET,571,1
19,SET,583,1
19,SET,587,2
19,SET,599,2
19,SET,619,1
19,SET,631,1
19,SET,663,1
19,SET,675,1
19,SET,707,1
19,SET,735,1
19,SET,791,1
19,SET,975,1
19,SET,1463,1
19,SET,1655,1
19,SET,1663,1
19,SET,2399,1
19,SET,2623,1
19,DEL,83,1
19,DEL,84,2
19,DEL,85,1
19,DEL,86,3
19,DEL,87,5
19,DEL,88,2
19,DEL,89,3
19,DEL,90,8
19,DEL,91,18
19,DEL,92,30
19,DEL,93,31
19,DEL,94,43
19,DEL,95,64
19,DEL,96,93
19,DEL,97,113
19,DEL,98,122
19,DEL,99,148
19,DEL,100,222
19,DEL,101,243
19,DEL,102,312
19,DEL,103,336
19,DEL,104,390
19,DEL,105,479
19,DEL,106,509
19,DEL,107,556
19,DEL,108,601
19,DEL,109,656
19,DEL,110,738
19,DEL,111,841
19,DEL,112,854
19,DEL,113,964
19,DEL,114,985
19,DEL,115,1104
19,DEL,116,1208
19,DEL,117,1319
19,DEL,118,1378
19,DEL,119,1429
19,DEL,120,1506
19,DEL,121,1595
19,DEL,122,1655
19,DEL,123,1649
19,DEL,124,1785
19,DEL,125,1814
19,DEL,126,1883
19,DEL,127,1933
19,DEL,128,2000
19,DEL,129,2123
19,DEL,130,2075
19,DEL,131,2028
19,DEL,132,2105
19,DEL,133,2190
19,DEL,134,2274
19,DEL,135,2201
19,DEL,136,2325
19,DEL,137,2251
19,DEL,138,2271
19,DEL,139,2188
19,DEL,140,2309
19,DEL,141,2261
19,DEL,142,2318
19,DEL,143,2266
19,DEL,144,2240
19,DEL,145,2246
19,DEL,146,2193
19,DEL,147,2286
19,DEL,148,2159
19,DEL,149,2164
19,DEL,150,2131
19,DEL,151,2158
19,DEL,152,2109
19,DEL,153,2060
19,DEL,154,1922
19,DEL,155,2039
19,DEL,156,1916
19,DEL,157,1840
19,DEL,158,1824
19,DEL,159,1816
19,DEL,160,1811
19,DEL,161,1710
19,DEL,162,1693
19,DEL,163,1608
19,DEL,164,1625
19,DEL,165,1547
19,DEL,166,1560
19,DEL,167,1508
19,DEL,168,1410
19,DEL,169,1524
19,DEL,170,1357
19,DEL,171,1359
19,DEL,172,1351
19,DEL,173,1218
19,DEL,174,1231
19,DEL,175,1222
19,DEL,176,1152
19,DEL,177,1092
19,DEL,178,1058
19,DEL,179,1066
19,DEL,180,1052
19,DEL,181,960
19,DEL,182,946
19,DEL,183,900
19,DEL,184,924
19,DEL,185,872
19,DEL,186,815
19,DEL,187,820
19,DEL,188,787
19,DEL,189,750
19,DEL,190,735
19,DEL,191,713
19,DEL,192,704
19,DEL,193,658
19,DEL,194,684
19,DEL,195,636
19,DEL,196,588
19,DEL,197,591
19,DEL,198,617
19,DEL,199,557
19,DEL,200,542
19,DEL,201,489
19,DEL,202,495
19,DEL,203,466
19,DEL,204,463
19,DEL,205,465
19,DEL,206,404
19,DEL,207,378
19,DEL,208,417
19,DEL,209,349
19,DEL,210,349
19,DEL,211,345
19,DEL,212,321
19,DEL,213,330
19,DEL,214,311
19,DEL,215,292
19,DEL,216,285
19,DEL,217,287
19,DEL,218,263
19,DEL,219,249
19,DEL,220,217
19,DEL,221,234
19,DEL,222,232
19,DEL,223,208
19,DEL,224,224
19,DEL,225,187
19,DEL,226,206
19,DEL,227,198
19,DEL,228,168
19,DEL,229,182
19,DEL,230,174
19,DEL,231,194
19,DEL,232,170
19,DEL,233,119
19,DEL,234,148
19,DEL,235,152
19,DEL,236,120
19,DEL,237,149
19,DEL,238,130
19,DEL,239,126
19,DEL,240,115
19,DEL,241,121
19,DEL,242,110
19,DEL,243,124
19,DEL,244,97
19,DEL,245,89
19,DEL,246,94
19,DEL,247,82
19,DEL,248,86
19,DEL,249,90
19,DEL,250,97
19,DEL,251,83
19,DEL,252,65
19,DEL,253,61
19,DEL,254,85
19,DEL,255,63
19,DEL,257,144
19,DEL,259,146
19,DEL,261,126
19,DEL,263,105
19,DEL,265,99
19,DEL,267,74
19,DEL,269,112
19,DEL,271,87
19,DEL,273,79
19,DEL,275,69
19,DEL,277,72
19,DEL,279,47
19,DEL,281,45
19,DEL,283,53
19,DEL,285,45
19,DEL,287,51
19,DEL,289,43
19,DEL,291,36
19,DEL,293,34
19,DEL,295,47
19,DEL,297,34
19,DEL,299,25
19,DEL,301,31
19,DEL,303,38
19,DEL,305,22
19,DEL,307,14
19,DEL,309,22
19,DEL,311,23
19,DEL,313,20
19,DEL,315,28
19,DEL,317,18
19,DEL,319,17
19,DEL,321,14
19,DEL,323,18
19,DEL,325,19
19,DEL,327,17
19,DEL,329,22
19,DEL,331,16
19,DEL,333,7
19,DEL,335,14
19,DEL,337,5
19,DEL,339,8
19,DEL,341,11
19,DEL,343,9
19,DEL,345,12
19,DEL,347,7
19,DEL,349,12
19,DEL,351,5
19,DEL,353,6
19,DEL,355,6
19,DEL,357,7
19,DEL,359,7
19,DEL,361,3
19,DEL,363,6
19,DEL,365,6
19,DEL,367,4
19,DEL,369,1
19,DEL,371,4
19,DEL,373,4
19,DEL,375,3
19,DEL,377,5
19,DEL,379,1
19,DEL,381,6
19,DEL,383,6
19,DEL,385,4
19,DEL,387,1
19,DEL,389,2
19,DEL,391,2
19,DEL,393,4
19,DEL,395,2
19,DEL,397,2
19,DEL,399,6
19,DEL,401,1
19,DEL,403,2
19,DEL,405,3
19,DEL,407,3
19,DEL,409,1
19,DEL,411,4
19,DEL,413,2
19,DEL,415,2
19,DEL,419,3
19,DEL,421,3
19,DEL,423,1
19,DEL,425,1
19,DEL,427,1
19,DEL,429,4
19,DEL,431,3
19,DEL,433,2
19,DEL,439,2
19,DEL,443,2
19,DEL,445,1
19,DEL,447,2
19,DEL,451,1
19,DEL,453,3
19,DEL,455,1
19,DEL,457,1
19,DEL,459,1
19,DEL,463,1
19,DEL,465,3
19,DEL,467,1
19,DEL,469,2
19,DEL,471,1
19,DEL,475,1
19,DEL,479,2
19,DEL,481,1
19,DEL,485,1
19,DEL,487,1
19,DEL,491,1
19,DEL,497,2
19,DEL,501,4
19,DEL,503,3
19,DEL,511,1
19,DEL,519,3
19,DEL,523,4
19,DEL,527,1
19,DEL,535,1
19,DEL,543,3
19,DEL,547,2
19,DEL,551,2
19,DEL,555,1
19,DEL,559,1
19,DEL,563,1
19,DEL,567,2
19,DEL,571,1
19,DEL,575,2
19,DEL,579,2
19,DEL,583,1
19,DEL,587,1
19,DEL,591,5
19,DEL,603,1
19,DEL,611,2
19,DEL,615,3
19,DEL,619,1
19,DEL,627,1
19,DEL,631,2
19,DEL,635,1
19,DEL,643,1
19,DEL,647,1
19,DEL,651,2
19,DEL,655,1
19,DEL,659,1
19,DEL,663,1
19,DEL,671,1
19,DEL,675,2
19,DEL,679,1
19,DEL,683,1
19,DEL,695,1
19,DEL,699,1
19,DEL,711,2
19,DEL,715,1
19,DEL,723,1
19,DEL,731,1
19,DEL,743,1
19,DEL,751,1
19,DEL,759,1
19,DEL,763,1
19,DEL,771,1
19,DEL,811,1
19,DEL,839,1
19,DEL,919,1
19,DEL,927,1
19,DEL,943,1
19,DEL,951,1
19,DEL,999,1
19,DEL,1011,1
19,DEL,1031,2
19,DEL,1039,1
19,DEL,1047,1
19,DEL,1063,1
19,DEL,1095,1
19,DEL,1127,1
19,DEL,1135,1
19,DEL,1327,1
19,DEL,1479,1
19,DEL,1503,1
19,DEL,1631,1
19,DEL,1871,1
19,DEL,1959,1
19,DEL,1983,1
19,DEL,2159,1
19,DEL,2271,1
19,DEL,2815,1
19,DEL,3023,1
19,GET,77,1
19,GET,79,1
19,GET,80,1
19,GET,82,1
19,GET,83,2
19,GET,84,4
19,GET,85,3
19,GET,86,10
19,GET,87,11
19,GET,88,19
19,GET,89,32
19,GET,90,42
19,GET,91,60
19,GET,92,78
19,GET,93,142
19,GET,94,166
19,GET,95,254
19,GET,96,299
19,GET,97,382
19,GET,98,439
19,GET,99,549
19,GET,100,672
19,GET,101,819
19,GET,102,899
19,GET,103,1053
19,GET,104,1210
19,GET,105,1403
19,GET,106,1581
19,GET,107,1732
19,GET,108,1972
19,GET,109,2109
19,GET,110,2249
19,GET,111,2417
19,GET,112,2662
19,GET,113,2810
19,GET,114,3080
19,GET,115,3125
19,GET,116,3474
19,GET,117,3698
19,GET,118,3934
19,GET,119,4245
19,GET,120,4248
19,GET,121,4585
19,GET,122,4800
19,GET,123,4876
19,GET,124,5137
19,GET,125,5276
19,GET,126,5429
19,GET,127,5628
19,GET,128,5666
19,GET,129,5793
19,GET,130,5895
19,GET,131,5921
19,GET,132,5959
19,GET,133,6105
19,GET,134,6296
19,GET,135,6326
19,GET,136,6394
19,GET,137,6304
19,GET,138,6513
19,GET,139,6477
19,GET,140,6339
19,GET,141,6452
19,GET,142,6351
19,GET,143,6416
19,GET,144,6332
19,GET,145,6232
19,GET,146,6410
19,GET,147,6035
19,GET,148,6132
19,GET,149,6083
19,GET,150,6107
19,GET,151,5774
19,GET,152,5739
19,GET,153,5673
19,GET,154,5482
19,GET,155,5386
19,GET,156,5402
19,GET,157,5315
19,GET,158,5176
19,GET,159,5145
19,GET,160,4916
19,GET,161,4826
19,GET,162,4596
19,GET,163,4653
19,GET,164,4498
19,GET,165,4416
19,GET,166,4182
19,GET,167,4111
19,GET,168,4139
19,GET,169,3878
19,GET,170,3821
19,GET,171,3760
19,GET,172,3516
19,GET,173,3424
19,GET,174,3285
19,GET,175,3337
19,GET,176,3180
19,GET,177,2888
19,GET,178,2926
19,GET,179,2818
19,GET,180,2703
19,GET,181,2757
19,GET,182,2633
19,GET,183,2505
19,GET,184,2474
19,GET,185,2366
19,GET,186,2305
19,GET,187,2124
19,GET,188,2157
19,GET,189,2140
19,GET,190,2028
19,GET,191,1854
19,GET,192,1800
19,GET,193,1837
19,GET,194,1725
19,GET,195,1677
19,GET,196,1624
19,GET,197,1538
19,GET,198,1459
19,GET,199,1528
19,GET,200,1445
19,GET,201,1329
19,GET,202,1260
19,GET,203,1249
19,GET,204,1235
19,GET,205,1144
19,GET,206,1149
19,GET,207,1079
19,GET,208,1043
19,GET,209,976
19,GET,210,959
19,GET,211,902
19,GET,212,907
19,GET,213,897
19,GET,214,881
19,GET,215,802
19,GET,216,778
19,GET,217,733
19,GET,218,742
19,GET,219,710
19,GET,220,737
19,GET,221,653
19,GET,222,622
19,GET,223,597
19,GET,224,596
19,GET,225,560
19,GET,226,531
19,GET,227,538
19,GET,228,501
19,GET,229,512
19,GET,230,431
19,GET,231,437
19,GET,232,456
19,GET,233,398
19,GET,234,412
19,GET,235,367
19,GET,236,367
19,GET,237,345
19,GET,238,344
19,GET,239,325
19,GET,240,323
19,GET,241,333
19,GET,242,289
19,GET,243,305
19,GET,244,279
19,GET,245,273
19,GET,246,243
19,GET,247,275
19,GET,248,244
19,GET,249,227
19,GET,250,232
19,GET,251,237
19,GET,252,230
19,GET,253,212
19,GET,254,188
19,GET,255,169
19,GET,257,340
19,GET,259,367
19,GET,261,290
19,GET,263,308
19,GET,265,266
19,GET,267,263
19,GET,269,235
19,GET,271,229
19,GET,273,212
19,GET,275,219
19,GET,277,192
19,GET,279,182
19,GET,281,166
19,GET,283,140
19,GET,285,134
19,GET,287,118
19,GET,289,98
19,GET,291,112
19,GET,293,97
19,GET,295,94
19,GET,297,89
19,GET,299,79
19,GET,301,70
19,GET,303,72
19,GET,305,54
19,GET,307,79
19,GET,309,60
19,GET,311,53
19,GET,313,51
19,GET,315,58
19,GET,317,46
19,GET,319,40
19,GET,321,36
19,GET,323,35
19,GET,325,36
19,GET,327,33
19,GET,329,27
19,GET,331,32
19,GET,333,41
19,GET,335,17
19,GET,337,35
19,GET,339,30
19,GET,341,26
19,GET,343,27
19,GET,345,24
19,GET,347,24
19,GET,349,20
19,GET,351,21
19,GET,353,15
19,GET,355,24
19,GET,357,16
19,GET,359,23
19,GET,361,11
19,GET,363,13
19,GET,365,16
19,GET,367,15
19,GET,369,11
19,GET,371,13
19,GET,373,14
19,GET,375,15
19,GET,377,8
19,GET,379,10
19,GET,381,7
19,GET,383,10
19,GET,385,13
19,GET,387,7
19,GET,389,8
19,GET,391,8
19,GET,393,5
19,GET,395,9
19,GET,397,11
19,GET,399,8
19,GET,401,9
19,GET,403,8
19,GET,405,4
19,GET,407,6
19,GET,409,4
19,GET,411,10
19,GET,413,4
19,GET,415,8
19,GET,417,3
19,GET,419,6
19,GET,421,6
19,GET,423,7
19,GET,425,5
19,GET,427,7
19,GET,429,4
19,GET,431,3
19,GET,433,8
19,GET,435,6
19,GET,437,4
19,GET,439,5
19,GET,441,5
19,GET,443,3
19,GET,445,6
19,GET,447,4
19,GET,449,8
19,GET,451,3
19,GET,453,4
19,GET,455,2
19,GET,461,5
19,GET,463,4
19,GET,465,5
19,GET,467,2
19,GET,469,3
19,GET,471,2
19,GET,473,7
19,GET,475,3
19,GET,477,1
19,GET,479,8
19,GET,481,3
19,GET,483,2
19,GET,485,4
19,GET,487,4
19,GET,489,4
19,GET,491,4
19,GET,495,2
19,GET,497,4
19,GET,499,3
19,GET,501,1
19,GET,503,1
19,GET,505,3
19,GET,509,2
19,GET,511,1
19,GET,515,3
19,GET,519,3
19,GET,523,6
19,GET,527,4
19,GET,531,3
19,GET,535,1
19,GET,539,1
19,GET,543,4
19,GET,547,2
19,GET,551,7
19,GET,555,4
19,GET,559,7
19,GET,563,4
19,GET,567,3
19,GET,575,5
19,GET,579,1
19,GET,583,2
19,GET,587,4
19,GET,591,8
19,GET,595,4
19,GET,599,2
19,GET,603,2
19,GET,607,3
19,GET,611,1
19,GET,615,1
19,GET,619,6
19,GET,623,4
19,GET,627,2
19,GET,631,2
19,GET,635,3
19,GET,639,2
19,GET,643,4
19,GET,647,3
19,GET,651,1
19,GET,655,4
19,GET,659,3
19,GET,663,1
19,GET,667,2
19,GET,671,4
19,GET,675,1
19,GET,679,2
19,GET,683,3
19,GET,687,5
19,GET,691,1
19,GET,695,3
19,GET,699,2
19,GET,703,1
19,GET,707,3
19,GET,711,1
19,GET,723,2
19,GET,727,2
19,GET,731,3
19,GET,743,5
19,GET,747,1
19,GET,755,1
19,GET,771,3
19,GET,775,1
19,GET,779,1
19,GET,787,1
19,GET,791,2
19,GET,795,1
19,GET,799,1
19,GET,803,1
19,GET,811,1
19,GET,815,3
19,GET,831,1
19,GET,835,1
19,GET,839,1
19,GET,843,3
19,GET,847,1
19,GET,855,1
19,GET,859,1
19,GET,887,1
19,GET,891,1
19,GET,911,2
19,GET,923,1
19,GET,939,1
19,GET,943,1
19,GET,955,1
19,GET,975,1
19,GET,987,3
19,GET,1015,1
19,GET,1031,1
19,GET,1039,1
19,GET,1047,1
19,GET,1063,1
19,GET,1087,1
19,GET,1095,1
19,GET,1103,1
19,GET,1111,1
19,GET,1143,1
19,GET,1151,2
19,GET,1167,1
19,GET,1231,1
19,GET,1247,2
19,GET,1271,1
19,GET,1279,1
19,GET,1287,2
19,GET,1311,1
19,GET,1367,1
19,GET,1375,1
19,GET,1383,2
19,GET,1431,1
19,GET,1463,2
19,GET,1479,1
19,GET,1503,2
19,GET,1511,1
19,GET,1519,1
19,GET,1527,1
19,GET,1535,1
19,GET,1543,1
19,GET,1607,1
19,GET,1671,2
19,GET,1679,1
19,GET,1735,1
19,GET,1759,1
19,GET,1791,1
19,GET,1919,1
19,GET,1959,1
19,GET,1991,1
19,GET,2031,1
19,GET,2039,1
19,GET,2079,1
19,GET,2095,1
19,GET,2143,1
19,GET,2223,2
19,GET,2463,1
19,GET,2495,1
19,GET,2527,1
19,GET,2607,1
19,GET,2639,1
19,GET,2719,1
19,GET,2815,1
19,GET,2879,1
19,GET,2943,1
20,GET,80,1
20,GET,81,1
20,GET,82,1
20,GET,83,1
20,GET,84,1
20,GET,85,1
20,GET,86,6
20,GET,87,6
20,GET,88,22
20,GET,89,24
20,GET,90,27
20,GET,91,36
20,GET,92,66
20,GET,93,71
20,GET,94,111
20,GET,95,135
20,GET,96,157
20,GET,97,233
20,GET,98,301
20,GET,99,351
20,GET,100,388
20,GET,101,490
20,GET,102,588
20,GET,103,670
20,GET,104,802
20,GET,105,955
20,GET,106,1059
20,GET,107,1240
20,GET,108,1318
20,GET,109,1530
20,GET,110,1624
20,GET,111,1769
20,GET,112,1964
20,GET,113,2118
20,GET,114,2307
20,GET,115,2515
20,GET,116,2770
20,GET,117,2941
20,GET,118,3130
20,GET,119,3346
20,GET,120,3521
20,GET,121,3636
20,GET,122,3793
20,GET,123,3964
20,GET,124,4274
20,GET,125,4522
20,GET,126,4647
20,GET,127,4731
20,GET,128,4896
20,GET,129,5146
20,GET,130,5198
20,GET,131,5338
20,GET,132,5441
20,GET,133,5537
20,GET,134,5716
20,GET,135,5658
20,GET,136,5907
20,GET,137,5934
20,GET,138,5936
20,GET,139,6162
20,GET,140,6092
20,GET,141,6276
20,GET,142,6057
20,GET,143,6270
20,GET,144,6233
20,GET,145,6236
20,GET,146,6172
20,GET,147,6136
20,GET,148,6166
20,GET,149,6324
20,GET,150,6070
20,GET,151,6095
20,GET,152,5912
20,GET,153,5966
20,GET,154,5920
20,GET,155,5573
20,GET,156,5544
20,GET,157,5441
20,GET,158,5527
20,GET,159,5309
20,GET,160,5295
20,GET,161,5269
20,GET,162,4934
20,GET,163,4970
20,GET,164,4849
20,GET,165,4838
20,GET,166,4706
20,GET,167,4564
20,GET,168,4481
20,GET,169,4361
20,GET,170,4300
20,GET,171,4143
20,GET,172,3991
20,GET,173,3926
20,GET,174,3846
20,GET,175,3797
20,GET,176,3658
20,GET,177,3463
20,GET,178,3422
20,GET,179,3280
20,GET,180,3245
20,GET,181,3238
20,GET,182,2978
20,GET,183,2950
20,GET,184,2912
20,GET,185,2765
20,GET,186,2647
20,GET,187,2590
20,GET,188,2567
20,GET,189,2436
20,GET,190,2393
20,GET,191,2190
20,GET,192,2264
20,GET,193,2164
20,GET,194,2070
20,GET,195,2039
20,GET,196,1964
20,GET,197,1867
20,GET,198,1785
20,GET,199,1792
20,GET,200,1578
20,GET,201,1692
20,GET,202,1547
20,GET,203,1494
20,GET,204,1418
20,GET,205,1403
20,GET,206,1362
20,GET,207,1341
20,GET,208,1319
20,GET,209,1247
20,GET,210,1134
20,GET,211,1179
20,GET,212,1088
20,GET,213,1028
20,GET,214,1021
20,GET,215,972
20,GET,216,983
20,GET,217,954
20,GET,218,905
20,GET,219,842
20,GET,220,870
20,GET,221,771
20,GET,222,777
20,GET,223,663
20,GET,224,708
20,GET,225,655
20,GET,226,665
20,GET,227,623
20,GET,228,632
20,GET,229,581
20,GET,230,588
20,GET,231,525
20,GET,232,579
20,GET,233,498
20,GET,234,495
20,GET,235,493
20,GET,236,460
20,GET,237,449
20,GET,238,456
20,GET,239,389
20,GET,240,384
20,GET,241,358
20,GET,242,370
20,GET,243,365
20,GET,244,319
20,GET,245,329
20,GET,246,314
20,GET,247,282
20,GET,248,312
20,GET,249,272
20,GET,250,301
20,GET,251,260
20,GET,252,250
20,GET,253,255
20,GET,254,235
20,GET,255,215
20,GET,257,462
20,GET,259,399
20,GET,261,379
20,GET,263,359
20,GET,265,338
20,GET,267,315
20,GET,269,251
20,GET,271,251
20,GET,273,246
20,GET,275,246
20,GET,277,195
20,GET,279,185
20,GET,281,196
20,GET,283,179
20,GET,285,158
20,GET,287,148
20,GET,289,144
20,GET,291,155
20,GET,293,122
20,GET,295,124
20,GET,297,130
20,GET,299,99
20,GET,301,107
20,GET,303,82
20,GET,305,79
20,GET,307,81
20,GET,309,73
20,GET,311,71
20,GET,313,50
20,GET,315,67
20,GET,317,76
20,GET,319,65
20,GET,321,52
20,GET,323,45
20,GET,325,55
20,GET,327,43
20,GET,329,32
20,GET,331,36
20,GET,333,46
20,GET,335,38
20,GET,337,27
20,GET,339,34
20,GET,341,32
20,GET,343,37
20,GET,345,25
20,GET,347,23
20,GET,349,27
20,GET,351,21
20,GET,353,26
20,GET,355,20
20,GET,357,14
20,GET,359,22
20,GET,361,14
20,GET,363,17
20,GET,365,12
20,GET,367,13
20,GET,369,15
20,GET,371,15
20,GET,373,15
20,GET,375,9
20,GET,377,13
20,GET,379,11
20,GET,381,9
20,GET,383,13
20,GET,385,14
20,GET,387,13
20,GET,389,11
20,GET,391,11
20,GET,393,10
20,GET,395,7
20,GET,397,8
20,GET,399,13
20,GET,401,5
20,GET,403,12
20,GET,405,6
20,GET,407,8
20,GET,409,6
20,GET,411,7
20,GET,413,4
20,GET,415,7
20,GET,417,11
20,GET,419,8
20,GET,421,7
20,GET,423,8
20,GET,425,4
20,GET,427,4
20,GET,429,7
20,GET,431,6
20,GET,433,3
20,GET,435,4
20,GET,437,4
20,GET,439,7
20,GET,441,3
20,GET,443,6
20,GET,445,4
20,GET,447,5
20,GET,449,2
20,GET,451,4
20,GET,453,4
20,GET,455,6
20,GET,457,3
20,GET,459,3
20,GET,461,2
20,GET,463,3
20,GET,465,2
20,GET,467,3
20,GET,469,4
20,GET,471,1
20,GET,473,7
20,GET,475,1
20,GET,477,2
20,GET,479,3
20,GET,481,2
20,GET,483,2
20,GET,485,1
20,GET,487,2
20,GET,489,1
20,GET,491,1
20,GET,493,3
20,GET,495,6
20,GET,497,2
20,GET,499,1
20,GET,501,2
20,GET,503,3
20,GET,505,3
20,GET,507,1
20,GET,509,2
20,GET,511,2
20,GET,515,5
20,GET,519,7
20,GET,523,8
20,GET,527,7
20,GET,531,3
20,GET,535,7
20,GET,539,6
20,GET,543,4
20,GET,547,2
20,GET,551,6
20,GET,555,4
20,GET,559,6
20,GET,563,3
20,GET,567,2
20,GET,571,4
20,GET,575,3
20,GET,579,3
20,GET,583,4
20,GET,587,4
20,GET,591,5
20,GET,599,5
20,GET,603,2
20,GET,607,4
20,GET,611,5
20,GET,615,5
20,GET,619,4
20,GET,623,4
20,GET,627,4
20,GET,631,3
20,GET,635,1
20,GET,639,1
20,GET,643,2
20,GET,647,4
20,GET,651,4
20,GET,655,6
20,GET,659,4
20,GET,663,2
20,GET,667,3
20,GET,671,1
20,GET,675,1
20,GET,683,3
20,GET,687,3
20,GET,695,4
20,GET,699,3
20,GET,703,2
20,GET,711,2
20,GET,715,2
20,GET,727,6
20,GET,735,1
20,GET,739,1
20,GET,747,2
20,GET,751,1
20,GET,755,3
20,GET,763,1
20,GET,767,2
20,GET,771,1
20,GET,775,3
20,GET,779,1
20,GET,787,3
20,GET,791,1
20,GET,795,1
20,GET,799,1
20,GET,803,1
20,GET,807,1
20,GET,811,2
20,GET,815,2
20,GET,819,1
20,GET,823,3
20,GET,831,1
20,GET,839,1
20,GET,855,1
20,GET,863,1
20,GET,867,2
20,GET,871,2
20,GET,875,1
20,GET,887,2
20,GET,891,1
20,GET,911,1
20,GET,923,1
20,GET,927,1
20,GET,947,1
20,GET,951,1
20,GET,955,1
20,GET,959,1
20,GET,963,1
20,GET,971,1
20,GET,975,1
20,GET,987,1
20,GET,991,2
20,GET,1007,2
20,GET,1011,1
20,GET,1015,2
20,GET,1023,1
20,GET,1031,1
20,GET,1055,3
20,GET,1079,2
20,GET,1087,1
20,GET,1095,1
20,GET,1103,1
20,GET,1111,2
20,GET,1127,1
20,GET,1143,1
20,GET,1151,1
20,GET,1175,1
20,GET,1183,3
20,GET,1215,3
20,GET,1223,2
20,GET,1247,3
20,GET,1255,1
20,GET,1263,2
20,GET,1271,2
20,GET,1311,1
20,GET,1319,1
20,GET,1383,1
20,GET,1391,1
20,GET,1447,1
20,GET,1463,1
20,GET,1519,1
20,GET,1567,1
20,GET,1615,2
20,GET,1679,1
20,GET,1703,1
20,GET,1727,1
20,GET,1735,2
20,GET,1743,1
20,GET,1815,1
20,GET,1839,1
20,GET,1911,1
20,GET,1951,1
20,GET,1975,1
20,GET,1983,1
20,GET,2023,1
20,GET,2127,2
20,GET,2255,1
20,GET,2271,2
20,GET,2431,1
20,GET,2463,1
20,GET,2623,1
20,GET,2655,1
20,GET,2751,1
20,GET,2895,1
20,GET,2975,1
20,DEL,83,1
20,DEL,85,1
20,DEL,86,1
20,DEL,87,5
20,DEL,88,1
20,DEL,89,8
20,DEL,90,10
20,DEL,91,8
20,DEL,92,17
20,DEL,93,18
20,DEL,94,34
20,DEL,95,36
20,DEL,96,53
20,DEL,97,83
20,DEL,98,97
20,DEL,99,107
20,DEL,100,115
20,DEL,101,149
20,DEL,102,185
20,DEL,103,219
20,DEL,104,243
20,DEL,105,285
20,DEL,106,337
20,DEL,107,404
20,DEL,108,434
20,DEL,109,474
20,DEL,110,526
20,DEL,111,590
20,DEL,112,651
20,DEL,113,720
20,DEL,114,831
20,DEL,115,866
20,DEL,116,880
20,DEL,117,988
20,DEL,118,1045
20,DEL,119,1090
20,DEL,120,1167
20,DEL,121,1192
20,DEL,122,1326
20,DEL,123,1436
20,DEL,124,1434
20,DEL,125,1519
20,DEL,126,1482
20,DEL,127,1710
20,DEL,128,1733
20,DEL,129,1718
20,DEL,130,1794
20,DEL,131,1809
20,DEL,132,1880
20,DEL,133,1941
20,DEL,134,1990
20,DEL,135,2036
20,DEL,136,2087
20,DEL,137,2130
20,DEL,138,2196
20,DEL,139,2094
20,DEL,140,2091
20,DEL,141,2158
20,DEL,142,2156
20,DEL,143,2125
20,DEL,144,2219
20,DEL,145,2191
20,DEL,146,2130
20,DEL,147,2140
20,DEL,148,2185
20,DEL,149,2285
20,DEL,150,2200
20,DEL,151,2192
20,DEL,152,2108
20,DEL,153,2081
20,DEL,154,2114
20,DEL,155,2027
20,DEL,156,1966
20,DEL,157,1909
20,DEL,158,1938
20,DEL,159,2007
20,DEL,160,1863
20,DEL,161,1933
20,DEL,162,1879
20,DEL,163,1760
20,DEL,164,1715
20,DEL,165,1798
20,DEL,166,1758
20,DEL,167,1647
20,DEL,168,1633
20,DEL,169,1570
20,DEL,170,1543
20,DEL,171,1537
20,DEL,172,1482
20,DEL,173,1372
20,DEL,174,1403
20,DEL,175,1388
20,DEL,176,1284
20,DEL,177,1225
20,DEL,178,1290
20,DEL,179,1193
20,DEL,180,1127
20,DEL,181,1156
20,DEL,182,1096
20,DEL,183,1120
20,DEL,184,1036
20,DEL,185,1034
20,DEL,186,999
20,DEL,187,954
20,DEL,188,942
20,DEL,189,856
20,DEL,190,903
20,DEL,191,890
20,DEL,192,784
20,DEL,193,823
20,DEL,194,752
20,DEL,195,733
20,DEL,196,699
20,DEL,197,719
20,DEL,198,630
20,DEL,199,677
20,DEL,200,617
20,DEL,201,642
20,DEL,202,565
20,DEL,203,572
20,DEL,204,553
20,DEL,205,520
20,DEL,206,510
20,DEL,207,488
20,DEL,208,522
20,DEL,209,445
20,DEL,210,444
20,DEL,211,431
20,DEL,212,417
20,DEL,213,388
20,DEL,214,397
20,DEL,215,344
20,DEL,216,350
20,DEL,217,322
20,DEL,218,336
20,DEL,219,291
20,DEL,220,321
20,DEL,221,306
20,DEL,222,305
20,DEL,223,269
20,DEL,224,265
20,DEL,225,239
20,DEL,226,234
20,DEL,227,229
20,DEL,228,206
20,DEL,229,233
20,DEL,230,232
20,DEL,231,202
20,DEL,232,202
20,DEL,233,176
20,DEL,234,170
20,DEL,235,186
20,DEL,236,175
20,DEL,237,155
20,DEL,238,163
20,DEL,239,141
20,DEL,240,163
20,DEL,241,124
20,DEL,242,159
20,DEL,243,131
20,DEL,244,123
20,DEL,245,116
20,DEL,246,136
20,DEL,247,112
20,DEL,248,110
20,DEL,249,104
20,DEL,250,124
20,DEL,251,92
20,DEL,252,93
20,DEL,253,91
20,DEL,254,99
20,DEL,255,81
20,DEL,257,165
20,DEL,259,168
20,DEL,261,134
20,DEL,263,146
20,DEL,265,116
20,DEL,267,133
20,DEL,269,94
20,DEL,271,100
20,DEL,273,106
20,DEL,275,90
20,DEL,277,69
20,DEL,279,70
20,DEL,281,70
20,DEL,283,63
20,DEL,285,62
20,DEL,287,62
20,DEL,289,56
20,DEL,291,47
20,DEL,293,44
20,DEL,295,40
20,DEL,297,47
20,DEL,299,41
20,DEL,301,43
20,DEL,303,27
20,DEL,305,35
20,DEL,307,33
20,DEL,309,29
20,DEL,311,24
20,DEL,313,19
20,DEL,315,19
20,DEL,317,17
20,DEL,319,16
20,DEL,321,21
20,DEL,323,11
20,DEL,325,14
20,DEL,327,13
20,DEL,329,19
20,DEL,331,16
20,DEL,333,13
20,DEL,335,9
20,DEL,337,9
20,DEL,339,10
20,DEL,341,10
20,DEL,343,10
20,DEL,345,15
20,DEL,347,8
20,DEL,349,7
20,DEL,351,7
20,DEL,353,4
20,DEL,355,7
20,DEL,357,7
20,DEL,359,8
20,DEL,361,6
20,DEL,363,4
20,DEL,365,2
20,DEL,367,7
20,DEL,369,1
20,DEL,371,6
20,DEL,373,5
20,DEL,375,4
20,DEL,377,3
20,DEL,379,5
20,DEL,381,10
20,DEL,383,7
20,DEL,385,2
20,DEL,387,8
20,DEL,389,6
20,DEL,391,4
20,DEL,393,2
20,DEL,395,3
20,DEL,397,3
20,DEL,399,3
20,DEL,401,4
20,DEL,403,3
20,DEL,405,1
20,DEL,407,5
20,DEL,409,4
20,DEL,411,3
20,DEL,413,3
20,DEL,415,2
20,DEL,417,3
20,DEL,419,3
20,DEL,421,2
20,DEL,423,3
20,DEL,425,2
20,DEL,427,2
20,DEL,429,2
20,DEL,433,2
20,DEL,435,1
20,DEL,437,2
20,DEL,439,2
20,DEL,443,3
20,DEL,445,2
20,DEL,447,2
20,DEL,449,1
20,DEL,451,1
20,DEL,455,1
20,DEL,457,1
20,DEL,461,2
20,DEL,463,2
20,DEL,465,1
20,DEL,467,1
20,DEL,471,1
20,DEL,473,1
20,DEL,483,1
20,DEL,485,2
20,DEL,487,1
20,DEL,493,1
20,DEL,499,2
20,DEL,505,1
20,DEL,509,2
20,DEL,511,1
20,DEL,519,2
20,DEL,523,1
20,DEL,527,2
20,DEL,531,3
20,DEL,535,1
20,DEL,539,1
20,DEL,543,1
20,DEL,547,1
20,DEL,551,3
20,DEL,555,3
20,DEL,563,2
20,DEL,567,3
20,DEL,575,1
20,DEL,579,1
20,DEL,583,1
20,DEL,587,3
20,DEL,591,3
20,DEL,595,2
20,DEL,599,1
20,DEL,603,2
20,DEL,611,1
20,DEL,615,1
20,DEL,627,1
20,DEL,631,1
20,DEL,635,1
20,DEL,643,1
20,DEL,647,1
20,DEL,659,1
20,DEL,663,1
20,DEL,667,1
20,DEL,671,3
20,DEL,675,2
20,DEL,687,2
20,DEL,691,2
20,DEL,695,3
20,DEL,719,1
20,DEL,723,1
20,DEL,727,1
20,DEL,743,1
20,DEL,747,2
20,DEL,755,1
20,DEL,759,1
20,DEL,771,1
20,DEL,787,1
20,DEL,799,1
20,DEL,803,1
20,DEL,811,1
20,DEL,815,1
20,DEL,819,1
20,DEL,827,1
20,DEL,835,1
20,DEL,883,1
20,DEL,891,1
20,DEL,899,1
20,DEL,911,1
20,DEL,927,1
20,DEL,963,1
20,DEL,995,1
20,DEL,1007,1
20,DEL,1019,1
20,DEL,1039,1
20,DEL,1087,1
20,DEL,1103,1
20,DEL,1127,1
20,DEL,1183,1
20,DEL,1191,1
20,DEL,1199,1
20,DEL,1231,1
20,DEL,1271,1
20,DEL,1279,1
20,DEL,1431,1
20,DEL,1479,1
20,DEL,1495,1
20,DEL,1519,1
20,DEL,1671,1
20,DEL,1687,1
20,DEL,1839,1
20,DEL,1887,1
20,DEL,1911,1
20,DEL,2095,1
20,DEL,2303,1
20,DEL,2735,1
20,DEL,2927,1
20,SET,89,1
20,SET,91,1
20,SET,92,1
20,SET,93,1
20,SET,94,3
20,SET,95,8
20,SET,96,5
20,SET,97,7
20,SET,98,7
20,SET,99,10
20,SET,100,18
20,SET,101,17
20,SET,102,17
20,SET,103,27
20,SET,104,24
20,SET,105,33
20,SET,106,49
20,SET,107,36
20,SET,108,53
20,SET,109,77
20,SET,110,74
20,SET,111,86
20,SET,112,81
20,SET,113,87
20,SET,114,95
20,SET,115,118
20,SET,116,128
20,SET,117,153
20,SET,118,144
20,SET,119,165
20,SET,120,194
20,SET,121,184
20,SET,122,222
20,SET,123,235
20,SET,124,252
20,SET,125,255
20,SET,126,251
20,SET,127,273
20,SET,128,286
20,SET,129,274
20,SET,130,322
20,SET,131,299
20,SET,132,334
20,SET,133,355
20,SET,134,303
20,SET,135,364
20,SET,136,384
20,SET,137,376
20,SET,138,354
20,SET,139,417
20,SET,140,387
20,SET,141,402
20,SET,142,442
20,SET,143,425
20,SET,144,413
20,SET,145,440
20,SET,146,431
20,SET,147,408
20,SET,148,433
20,SET,149,459
20,SET,150,398
20,SET,151,437
20,SET,152,401
20,SET,153,449
20,SET,154,442
20,SET,155,400
20,SET,156,418
20,SET,157,444
20,SET,158,425
20,SET,159,440
20,SET,160,405
20,SET,161,357
20,SET,162,409
20,SET,163,363
20,SET,164,380
20,SET,165,399
20,SET,166,344
20,SET,167,401
20,SET,168,377
20,SET,169,377
20,SET,170,340
20,SET,171,347
20,SET,172,320
20,SET,173,306
20,SET,174,309
20,SET,175,280
20,SET,176,293
20,SET,177,294
20,SET,178,278
20,SET,179,254
20,SET,180,227
20,SET,181,262
20,SET,182,267
20,SET,183,248
20,SET,184,233
20,SET,185,230
20,SET,186,244
20,SET,187,231
20,SET,188,225
20,SET,189,210
20,SET,190,211
20,SET,191,203
20,SET,192,191
20,SET,193,171
20,SET,194,173
20,SET,195,155
20,SET,196,182
20,SET,197,185
20,SET,198,162
20,SET,199,165
20,SET,200,153
20,SET,201,139
20,SET,202,135
20,SET,203,143
20,SET,204,124
20,SET,205,155
20,SET,206,119
20,SET,207,133
20,SET,208,107
20,SET,209,138
20,SET,210,128
20,SET,211,95
20,SET,212,88
20,SET,213,98
20,SET,214,90
20,SET,215,97
20,SET,216,91
20,SET,217,81
20,SET,218,89
20,SET,219,81
20,SET,220,88
20,SET,221,71
20,SET,222,70
20,SET,223,64
20,SET,224,59
20,SET,225,77
20,SET,226,61
20,SET,227,59
20,SET,228,64
20,SET,229,63
20,SET,230,54
20,SET,231,46
20,SET,232,44
20,SET,233,55
20,SET,234,54
20,SET,235,39
20,SET,236,55
20,SET,237,34
20,SET,238,33
20,SET,239,27
20,SET,240,31
20,SET,241,36
20,SET,242,41
20,SET,243,45
20,SET,244,34
20,SET,245,26
20,SET,246,19
20,SET,247,23
20,SET,248,41
20,SET,249,27
20,SET,250,28
20,SET,251,29
20,SET,252,24
20,SET,253,21
20,SET,254,21
20,SET,255,24
20,SET,257,41
20,SET,259,47
20,SET,261,46
20,SET,263,37
20,SET,265,23
20,SET,267,25
20,SET,269,29
20,SET,271,34
20,SET,273,22
20,SET,275,11
20,SET,277,14
20,SET,279,34
20,SET,281,15
20,SET,283,15
20,SET,285,17
20,SET,287,12
20,SET,289,11
20,SET,291,13
20,SET,293,15
20,SET,295,12
20,SET,297,10
20,SET,299,10
20,SET,301,11
20,SET,303,13
20,SET,305,3
20,SET,307,7
20,SET,309,5
20,SET,311,5
20,SET,313,7
20,SET,315,4
20,SET,317,3
20,SET,319,7
20,SET,321,7
20,SET,323,3
20,SET,325,4
20,SET,327,3
20,SET,329,5
20,SET,331,2
20,SET,335,3
20,SET,337,1
20,SET,339,3
20,SET,341,4
20,SET,343,1
20,SET,345,2
20,SET,347,2
20,SET,349,5
20,SET,351,2
20,SET,353,1
20,SET,355,2
20,SET,361,1
20,SET,363,2
20,SET,367,5
20,SET,369,1
20,SET,375,2
20,SET,377,2
20,SET,379,1
20,SET,383,1
20,SET,385,2
20,SET,387,4
20,SET,389,2
20,SET,393,1
20,SET,397,1
20,SET,399,1
20,SET,427,2
20,SET,429,1
20,SET,431,1
20,SET,435,1
20,SET,441,1
20,SET,459,1
20,SET,471,1
20,SET,473,1
20,SET,485,1
20,SET,491,1
20,SET,497,1
20,SET,507,1
20,SET,515,1
20,SET,523,1
20,SET,527,1
20,SET,535,2
20,SET,539,1
20,SET,543,1
20,SET,547,1
20,SET,555,1
20,SET,579,1
20,SET,583,1
20,SET,611,2
20,SET,635,1
20,SET,667,1
20,SET,675,1
20,SET,695,1
20,SET,703,1
20,SET,735,1
20,SET,863,1
20,SET,879,2
20,SET,947,1
20,SET,1095,1
20,SET,1151,1
20,SET,1207,1
20,SET,1623,1
20,SET,2207,1
20,SET,2431,1
21,GET,84,1
21,GET,85,2
21,GET,88,7
21,GET,89,3
21,GET,90,7
21,GET,91,13
21,GET,92,18
21,GET,93,32
21,GET,94,43
21,GET,95,69
21,GET,96,92
21,GET,97,136
21,GET,98,134
21,GET,99,214
21,GET,100,270
21,GET,101,335
21,GET,102,400
21,GET,103,482
21,GET,104,587
21,GET,105,640
21,GET,106,804
21,GET,107,876
21,GET,108,1047
21,GET,109,1240
21,GET,110,1329
21,GET,111,1515
21,GET,112,1635
21,GET,113,1782
21,GET,114,2025
21,GET,115,2153
21,GET,116,2323
21,GET,117,2639
21,GET,118,2757
21,GET,119,3044
21,GET,120,3315
21,GET,121,3442
21,GET,122,3604
21,GET,123,3856
21,GET,124,4050
21,GET,125,4161
21,GET,126,4332
21,GET,127,4542
21,GET,128,4768
21,GET,129,4913
21,GET,130,5091
21,GET,131,5233
21,GET,132,5267
21,GET,133,5519
21,GET,134,5726
21,GET,135,5634
21,GET,136,5860
21,GET,137,5970
21,GET,138,5973
21,GET,139,6107
21,GET,140,6239
21,GET,141,6217
21,GET,142,6387
21,GET,143,6384
21,GET,144,6366
21,GET,145,6402
21,GET,146,6380
21,GET,147,6177
21,GET,148,6390
21,GET,149,6344
21,GET,150,6457
21,GET,151,6138
21,GET,152,5997
21,GET,153,6036
21,GET,154,6038
21,GET,155,5980
21,GET,156,5829
21,GET,157,5683
21,GET,158,5784
21,GET,159,5623
21,GET,160,5448
21,GET,161,5473
21,GET,162,5239
21,GET,163,5317
21,GET,164,4996
21,GET,165,4901
21,GET,166,4737
21,GET,167,4668
21,GET,168,4670
21,GET,169,4493
21,GET,170,4556
21,GET,171,4358
21,GET,172,4227
21,GET,173,4178
21,GET,174,3983
21,GET,175,3794
21,GET,176,3784
21,GET,177,3652
21,GET,178,3549
21,GET,179,3495
21,GET,180,3303
21,GET,181,3200
21,GET,182,3204
21,GET,183,3094
21,GET,184,2932
21,GET,185,2862
21,GET,186,2760
21,GET,187,2733
21,GET,188,2637
21,GET,189,2514
21,GET,190,2475
21,GET,191,2281
21,GET,192,2283
21,GET,193,2158
21,GET,194,2177
21,GET,195,1982
21,GET,196,1942
21,GET,197,1866
21,GET,198,1868
21,GET,199,1832
21,GET,200,1699
21,GET,201,1664
21,GET,202,1632
21,GET,203,1568
21,GET,204,1573
21,GET,205,1459
21,GET,206,1352
21,GET,207,1367
21,GET,208,1321
21,GET,209,1240
21,GET,210,1178
21,GET,211,1145
21,GET,212,1186
21,GET,213,1041
21,GET,214,1061
21,GET,215,958
21,GET,216,922
21,GET,217,941
21,GET,218,858
21,GET,219,820
21,GET,220,799
21,GET,221,727
21,GET,222,740
21,GET,223,735
21,GET,224,676
21,GET,225,692
21,GET,226,696
21,GET,227,623
21,GET,228,629
21,GET,229,585
21,GET,230,580
21,GET,231,546
21,GET,232,561
21,GET,233,494
21,GET,234,508
21,GET,235,483
21,GET,236,469
21,GET,237,477
21,GET,238,396
21,GET,239,431
21,GET,240,374
21,GET,241,374
21,GET,242,386
21,GET,243,335
21,GET,244,359
21,GET,245,329
21,GET,246,329
21,GET,247,340
21,GET,248,287
21,GET,249,294
21,GET,250,298
21,GET,251,267
21,GET,252,251
21,GET,253,275
21,GET,254,235
21,GET,255,205
21,GET,257,465
21,GET,259,382
21,GET,261,384
21,GET,263,377
21,GET,265,363
21,GET,267,323
21,GET,269,277
21,GET,271,266
21,GET,273,262
21,GET,275,230
21,GET,277,184
21,GET,279,199
21,GET,281,157
21,GET,283,184
21,GET,285,159
21,GET,287,159
21,GET,289,133
21,GET,291,127
21,GET,293,121
21,GET,295,122
21,GET,297,111
21,GET,299,86
21,GET,301,93
21,GET,303,97
21,GET,305,81
21,GET,307,73
21,GET,309,74
21,GET,311,71
21,GET,313,70
21,GET,315,48
21,GET,317,64
21,GET,319,57
21,GET,321,57
21,GET,323,50
21,GET,325,47
21,GET,327,37
21,GET,329,37
21,GET,331,42
21,GET,333,26
21,GET,335,31
21,GET,337,30
21,GET,339,30
21,GET,341,37
21,GET,343,24
21,GET,345,39
21,GET,347,27
21,GET,349,26
21,GET,351,22
21,GET,353,15
21,GET,355,22
21,GET,357,23
21,GET,359,20
21,GET,361,11
21,GET,363,15
21,GET,365,11
21,GET,367,15
21,GET,369,12
21,GET,371,6
21,GET,373,11
21,GET,375,12
21,GET,377,8
21,GET,379,9
21,GET,381,8
21,GET,383,15
21,GET,385,10
21,GET,387,15
21,GET,389,10
21,GET,391,13
21,GET,393,7
21,GET,395,10
21,GET,397,14
21,GET,399,8
21,GET,401,7
21,GET,403,6
21,GET,405,7
21,GET,407,3
21,GET,409,7
21,GET,411,8
21,GET,413,5
21,GET,415,9
21,GET,417,4
21,GET,419,7
21,GET,421,7
21,GET,423,7
21,GET,425,5
21,GET,427,10
21,GET,429,4
21,GET,431,4
21,GET,433,4
21,GET,437,2
21,GET,441,4
21,GET,443,4
21,GET,445,2
21,GET,447,6
21,GET,449,2
21,GET,451,2
21,GET,453,2
21,GET,455,1
21,GET,459,1
21,GET,461,7
21,GET,463,4
21,GET,465,1
21,GET,467,3
21,GET,469,1
21,GET,471,1
21,GET,473,2
21,GET,475,3
21,GET,477,1
21,GET,479,7
21,GET,481,9
21,GET,483,3
21,GET,485,1
21,GET,487,3
21,GET,489,1
21,GET,491,2
21,GET,493,1
21,GET,495,2
21,GET,497,1
21,GET,499,3
21,GET,501,1
21,GET,503,6
21,GET,505,5
21,GET,507,1
21,GET,509,1
21,GET,511,2
21,GET,515,4
21,GET,519,5
21,GET,523,6
21,GET,527,6
21,GET,531,4
21,GET,535,9
21,GET,539,4
21,GET,543,2
21,GET,547,6
21,GET,551,5
21,GET,555,4
21,GET,559,6
21,GET,567,3
21,GET,571,5
21,GET,575,9
21,GET,579,4
21,GET,583,7
21,GET,587,3
21,GET,591,6
21,GET,595,2
21,GET,603,8
21,GET,607,3
21,GET,611,2
21,GET,615,1
21,GET,619,2
21,GET,623,3
21,GET,627,1
21,GET,631,2
21,GET,635,3
21,GET,643,4
21,GET,647,5
21,GET,651,3
21,GET,655,2
21,GET,659,2
21,GET,663,2
21,GET,667,3
21,GET,671,2
21,GET,675,3
21,GET,679,3
21,GET,683,3
21,GET,687,1
21,GET,691,1
21,GET,695,3
21,GET,699,3
21,GET,703,3
21,GET,707,2
21,GET,711,2
21,GET,723,3
21,GET,727,1
21,GET,731,3
21,GET,755,1
21,GET,759,1
21,GET,763,1
21,GET,771,4
21,GET,775,1
21,GET,779,1
21,GET,787,2
21,GET,791,1
21,GET,799,2
21,GET,803,2
21,GET,807,1
21,GET,815,2
21,GET,823,2
21,GET,827,1
21,GET,831,1
21,GET,835,1
21,GET,839,1
21,GET,847,1
21,GET,855,1
21,GET,863,1
21,GET,871,3
21,GET,875,1
21,GET,879,1
21,GET,883,2
21,GET,887,1
21,GET,891,1
21,GET,899,1
21,GET,903,1
21,GET,907,1
21,GET,911,1
21,GET,915,1
21,GET,923,2
21,GET,943,4
21,GET,947,2
21,GET,967,2
21,GET,971,1
21,GET,983,2
21,GET,987,2
21,GET,995,1
21,GET,999,2
21,GET,1007,2
21,GET,1011,2
21,GET,1023,1
21,GET,1031,1
21,GET,1039,2
21,GET,1047,1
21,GET,1055,3
21,GET,1063,3
21,GET,1071,1
21,GET,1079,2
21,GET,1095,1
21,GET,1111,1
21,GET,1151,5
21,GET,1159,1
21,GET,1175,2
21,GET,1191,2
21,GET,1207,2
21,GET,1231,2
21,GET,1239,2
21,GET,1247,2
21,GET,1255,1
21,GET,1263,2
21,GET,1279,1
21,GET,1311,2
21,GET,1351,1
21,GET,1399,1
21,GET,1415,1
21,GET,1431,1
21,GET,1447,1
21,GET,1463,1
21,GET,1479,1
21,GET,1487,1
21,GET,1495,1
21,GET,1519,2
21,GET,1567,1
21,GET,1615,1
21,GET,1663,1
21,GET,1687,1
21,GET,1703,1
21,GET,1719,1
21,GET,1743,1
21,GET,1759,1
21,GET,1855,1
21,GET,1903,2
21,GET,1919,1
21,GET,1927,1
21,GET,1967,1
21,GET,2079,1
21,GET,2127,1
21,GET,2255,1
21,GET,2319,1
21,GET,2335,1
21,GET,2463,1
21,GET,2479,1
21,GET,2751,1
21,GET,2799,1
21,GET,2863,1
21,GET,2911,1
21,GET,2975,1
21,GET,2991,1
21,GET,3103,1
21,GET,3215,1
21,GET,3711,1
21,SET,90,1
21,SET,91,2
21,SET,93,1
21,SET,95,2
21,SET,96,3
21,SET,97,7
21,SET,98,4
21,SET,99,13
21,SET,100,10
21,SET,101,4
21,SET,102,15
21,SET,103,20
21,SET,104,20
21,SET,105,21
21,SET,106,30
21,SET,107,29
21,SET,108,39
21,SET,109,48
21,SET,110,44
21,SET,111,59
21,SET,112,75
21,SET,113,85
21,SET,114,100
21,SET,115,110
21,SET,116,88
21,SET,117,123
21,SET,118,121
21,SET,119,134
21,SET,120,168
21,SET,121,171
21,SET,122,182
21,SET,123,196
21,SET,124,228
21,SET,125,214
21,SET,126,258
21,SET,127,240
21,SET,128,271
21,SET,129,253
21,SET,130,284
21,SET,131,305
21,SET,132,324
21,SET,133,339
21,SET,134,323
21,SET,135,332
21,SET,136,367
21,SET,137,355
21,SET,138,378
21,SET,139,374
21,SET,140,382
21,SET,141,394
21,SET,142,441
21,SET,143,399
21,SET,144,454
21,SET,145,432
21,SET,146,433
21,SET,147,436
21,SET,148,417
21,SET,149,466
21,SET,150,418
21,SET,151,431
21,SET,152,434
21,SET,153,423
21,SET,154,455
21,SET,155,409
21,SET,156,435
21,SET,157,432
21,SET,158,406
21,SET,159,413
21,SET,160,425
21,SET,161,409
21,SET,162,382
21,SET,163,403
21,SET,164,395
21,SET,165,379
21,SET,166,388
21,SET,167,393
21,SET,168,342
21,SET,169,314
21,SET,170,346
21,SET,171,324
21,SET,172,359
21,SET,173,359
21,SET,174,354
21,SET,175,329
21,SET,176,300
21,SET,177,281
21,SET,178,310
21,SET,179,294
21,SET,180,266
21,SET,181,265
21,SET,182,282
21,SET,183,270
21,SET,184,267
21,SET,185,255
21,SET,186,230
21,SET,187,227
21,SET,188,262
21,SET,189,225
21,SET,190,239
21,SET,191,201
21,SET,192,209
21,SET,193,178
21,SET,194,184
21,SET,195,190
21,SET,196,182
21,SET,197,166
21,SET,198,168
21,SET,199,176
21,SET,200,152
21,SET,201,143
21,SET,202,156
21,SET,203,129
21,SET,204,129
21,SET,205,143
21,SET,206,115
21,SET,207,131
21,SET,208,120
21,SET,209,117
21,SET,210,108
21,SET,211,94
21,SET,212,110
21,SET,213,80
21,SET,214,89
21,SET,215,85
21,SET,216,71
21,SET,217,83
21,SET,218,81
21,SET,219,80
21,SET,220,65
21,SET,221,70
21,SET,222,75
21,SET,223,72
21,SET,224,68
21,SET,225,61
21,SET,226,51
21,SET,227,38
21,SET,228,55
21,SET,229,44
21,SET,230,50
21,SET,231,41
21,SET,232,67
21,SET,233,66
21,SET,234,47
21,SET,235,42
21,SET,236,46
21,SET,237,33
21,SET,238,33
21,SET,239,44
21,SET,240,31
21,SET,241,32
21,SET,242,27
21,SET,243,34
21,SET,244,36
21,SET,245,31
21,SET,246,31
21,SET,247,28
21,SET,248,31
21,SET,249,27
21,SET,250,27
21,SET,251,23
21,SET,252,25
21,SET,253,22
21,SET,254,21
21,SET,255,17
21,SET,257,43
21,SET,259,48
21,SET,261,39
21,SET,263,30
21,SET,265,38
21,SET,267,28
21,SET,269,33
21,SET,271,25
21,SET,273,22
21,SET,275,35
21,SET,277,21
21,SET,279,21
21,SET,281,10
21,SET,283,21
21,SET,285,18
21,SET,287,13
21,SET,289,20
21,SET,291,16
21,SET,293,15
21,SET,295,9
21,SET,297,10
21,SET,299,13
21,SET,301,7
21,SET,303,8
21,SET,305,13
21,SET,307,4
21,SET,309,7
21,SET,311,5
21,SET,313,5
21,SET,315,8
21,SET,317,5
21,SET,319,5
21,SET,321,5
21,SET,323,7
21,SET,325,4
21,SET,327,7
21,SET,329,5
21,SET,331,2
21,SET,333,4
21,SET,335,1
21,SET,337,2
21,SET,341,3
21,SET,343,2
21,SET,345,2
21,SET,347,3
21,SET,349,4
21,SET,351,3
21,SET,359,2
21,SET,361,1
21,SET,367,2
21,SET,369,1
21,SET,371,1
21,SET,375,1
21,SET,377,1
21,SET,381,2
21,SET,389,1
21,SET,395,2
21,SET,401,1
21,SET,409,2
21,SET,425,1
21,SET,433,1
21,SET,439,1
21,SET,441,1
21,SET,445,1
21,SET,447,1
21,SET,453,1
21,SET,465,1
21,SET,473,1
21,SET,477,1
21,SET,481,1
21,SET,485,1
21,SET,489,1
21,SET,497,1
21,SET,543,1
21,SET,559,1
21,SET,567,1
21,SET,575,1
21,SET,579,2
21,SET,603,1
21,SET,615,2
21,SET,631,1
21,SET,639,1
21,SET,663,1
21,SET,707,1
21,SET,771,1
21,SET,787,1
21,SET,1063,1
21,SET,1127,1
21,DEL,88,1
21,DEL,90,6
21,DEL,91,5
21,DEL,92,6
21,DEL,93,9
21,DEL,94,12
21,DEL,95,21
21,DEL,96,30
21,DEL,97,35
21,DEL,98,45
21,DEL,99,63
21,DEL,100,69
21,DEL,101,81
21,DEL,102,127
21,DEL,103,155
21,DEL,104,199
21,DEL,105,249
21,DEL,106,247
21,DEL,107,281
21,DEL,108,334
21,DEL,109,372
21,DEL,110,422
21,DEL,111,468
21,DEL,112,539
21,DEL,113,616
21,DEL,114,672
21,DEL,115,730
21,DEL,116,749
21,DEL,117,885
21,DEL,118,990
21,DEL,119,1033
21,DEL,120,1091
21,DEL,121,1158
21,DEL,122,1195
21,DEL,123,1306
21,DEL,124,1332
21,DEL,125,1397
21,DEL,126,1537
21,DEL,127,1564
21,DEL,128,1682
21,DEL,129,1703
21,DEL,130,1780
21,DEL,131,1789
21,DEL,132,1908
21,DEL,133,1938
21,DEL,134,1957
21,DEL,135,1920
21,DEL,136,2113
21,DEL,137,2077
21,DEL,138,2078
21,DEL,139,2146
21,DEL,140,2185
21,DEL,141,2228
21,DEL,142,2165
21,DEL,143,2223
21,DEL,144,2224
21,DEL,145,2307
21,DEL,146,2227
21,DEL,147,2216
21,DEL,148,2261
21,DEL,149,2232
21,DEL,150,2291
21,DEL,151,2297
21,DEL,152,2191
21,DEL,153,2183
21,DEL,154,2250
21,DEL,155,2180
21,DEL,156,2060
21,DEL,157,2039
21,DEL,158,2051
21,DEL,159,2035
21,DEL,160,1842
21,DEL,161,1997
21,DEL,162,1859
21,DEL,163,1812
21,DEL,164,1890
21,DEL,165,1811
21,DEL,166,1787
21,DEL,167,1671
21,DEL,168,1694
21,DEL,169,1716
21,DEL,170,1631
21,DEL,171,1501
21,DEL,172,1533
21,DEL,173,1485
21,DEL,174,1413
21,DEL,175,1447
21,DEL,176,1413
21,DEL,177,1399
21,DEL,178,1310
21,DEL,179,1275
21,DEL,180,1201
21,DEL,181,1193
21,DEL,182,1192
21,DEL,183,1122
21,DEL,184,1064
21,DEL,185,1066
21,DEL,186,1052
21,DEL,187,987
21,DEL,188,959
21,DEL,189,922
21,DEL,190,909
21,DEL,191,875
21,DEL,192,856
21,DEL,193,825
21,DEL,194,787
21,DEL,195,742
21,DEL,196,756
21,DEL,197,728
21,DEL,198,686
21,DEL,199,683
21,DEL,200,659
21,DEL,201,638
21,DEL,202,566
21,DEL,203,537
21,DEL,204,557
21,DEL,205,540
21,DEL,206,490
21,DEL,207,521
21,DEL,208,493
21,DEL,209,435
21,DEL,210,474
21,DEL,211,432
21,DEL,212,399
21,DEL,213,399
21,DEL,214,403
21,DEL,215,337
21,DEL,216,362
21,DEL,217,356
21,DEL,218,334
21,DEL,219,340
21,DEL,220,328
21,DEL,221,317
21,DEL,222,288
21,DEL,223,274
21,DEL,224,276
21,DEL,225,288
21,DEL,226,232
21,DEL,227,231
21,DEL,228,237
21,DEL,229,190
21,DEL,230,216
21,DEL,231,210
21,DEL,232,211
21,DEL,233,182
21,DEL,234,184
21,DEL,235,157
21,DEL,236,182
21,DEL,237,166
21,DEL,238,180
21,DEL,239,135
21,DEL,240,134
21,DEL,241,151
21,DEL,242,125
21,DEL,243,139
21,DEL,244,149
21,DEL,245,126
21,DEL,246,106
21,DEL,247,113
21,DEL,248,93
21,DEL,249,96
21,DEL,250,107
21,DEL,251,121
21,DEL,252,92
21,DEL,253,116
21,DEL,254,89
21,DEL,255,76
21,DEL,257,156
21,DEL,259,149
21,DEL,261,146
21,DEL,263,136
21,DEL,265,113
21,DEL,267,120
21,DEL,269,99
21,DEL,271,108
21,DEL,273,109
21,DEL,275,89
21,DEL,277,77
21,DEL,279,83
21,DEL,281,84
21,DEL,283,62
21,DEL,285,66
21,DEL,287,59
21,DEL,289,45
21,DEL,291,34
21,DEL,293,49
21,DEL,295,39
21,DEL,297,29
21,DEL,299,28
21,DEL,301,43
21,DEL,303,28
21,DEL,305,32
21,DEL,307,35
21,DEL,309,34
21,DEL,311,22
21,DEL,313,23
21,DEL,315,20
21,DEL,317,22
21,DEL,319,15
21,DEL,321,16
21,DEL,323,17
21,DEL,325,12
21,DEL,327,12
21,DEL,329,15
21,DEL,331,16
21,DEL,333,17
21,DEL,335,14
21,DEL,337,7
21,DEL,339,13
21,DEL,341,12
21,DEL,343,14
21,DEL,345,7
21,DEL,347,9
21,DEL,349,14
21,DEL,351,11
21,DEL,353,8
21,DEL,355,6
21,DEL,357,9
21,DEL,359,8
21,DEL,361,10
21,DEL,363,9
21,DEL,365,8
21,DEL,367,3
21,DEL,369,3
21,DEL,371,2
21,DEL,373,5
21,DEL,375,3
21,DEL,377,6
21,DEL,379,2
21,DEL,381,3
21,DEL,383,7
21,DEL,385,4
21,DEL,389,3
21,DEL,391,1
21,DEL,393,2
21,DEL,395,4
21,DEL,397,4
21,DEL,399,3
21,DEL,401,1
21,DEL,403,3
21,DEL,405,1
21,DEL,407,2
21,DEL,409,2
21,DEL,411,4
21,DEL,413,2
21,DEL,415,2
21,DEL,419,1
21,DEL,421,1
21,DEL,423,3
21,DEL,425,1
21,DEL,427,1
21,DEL,429,1
21,DEL,431,2
21,DEL,433,2
21,DEL,439,1
21,DEL,441,1
21,DEL,443,3
21,DEL,445,2
21,DEL,447,2
21,DEL,449,3
21,DEL,451,1
21,DEL,455,3
21,DEL,457,3
21,DEL,459,1
21,DEL,461,1
21,DEL,463,2
21,DEL,465,4
21,DEL,467,1
21,DEL,469,1
21,DEL,471,2
21,DEL,473,2
21,DEL,477,2
21,DEL,481,2
21,DEL,483,3
21,DEL,489,2
21,DEL,493,2
21,DEL,495,1
21,DEL,497,1
21,DEL,499,1
21,DEL,501,1
21,DEL,503,1
21,DEL,505,1
21,DEL,515,1
21,DEL,523,1
21,DEL,527,2
21,DEL,531,2
21,DEL,539,2
21,DEL,543,5
21,DEL,547,3
21,DEL,555,2
21,DEL,559,1
21,DEL,567,1
21,DEL,571,1
21,DEL,575,1
21,DEL,579,2
21,DEL,583,2
21,DEL,587,1
21,DEL,591,1
21,DEL,595,1
21,DEL,599,4
21,DEL,603,2
21,DEL,607,1
21,DEL,615,2
21,DEL,623,4
21,DEL,627,1
21,DEL,631,2
21,DEL,635,3
21,DEL,643,2
21,DEL,647,1
21,DEL,651,1
21,DEL,655,2
21,DEL,659,1
21,DEL,671,1
21,DEL,675,2
21,DEL,679,2
21,DEL,691,2
21,DEL,695,1
21,DEL,703,2
21,DEL,711,3
21,DEL,719,2
21,DEL,723,1
21,DEL,731,2
21,DEL,743,1
21,DEL,751,2
21,DEL,755,1
21,DEL,759,1
21,DEL,783,1
21,DEL,787,1
21,DEL,795,1
21,DEL,803,1
21,DEL,823,1
21,DEL,839,1
21,DEL,847,1
21,DEL,863,1
21,DEL,871,1
21,DEL,883,1
21,DEL,895,1
21,DEL,959,1
21,DEL,975,2
21,DEL,987,1
21,DEL,1003,1
21,DEL,1031,2
21,DEL,1063,2
21,DEL,1095,1
21,DEL,1103,1
21,DEL,1119,1
21,DEL,1127,1
21,DEL,1143,1
21,DEL,1183,2
21,DEL,1231,1
21,DEL,1295,1
21,DEL,1303,1
21,DEL,1375,1
21,DEL,1431,2
21,DEL,1487,1
21,DEL,1647,1
21,DEL,1719,1
21,DEL,1823,1
21,DEL,1863,1
21,DEL,1895,1
21,DEL,1943,1
21,DEL,1991,1
21,DEL,2159,1
21,DEL,2239,1
21,DEL,2383,1
21,DEL,3999,1
22,GET,81,1
22,GET,83,1
22,GET,84,1
22,GET,85,1
22,GET,86,1
22,GET,87,4
22,GET,88,6
22,GET,89,11
22,GET,90,13
22,GET,91,23
22,GET,92,35
22,GET,93,43
22,GET,94,66
22,GET,95,81
22,GET,96,126
22,GET,97,171
22,GET,98,181
22,GET,99,262
22,GET,100,366
22,GET,101,395
22,GET,102,520
22,GET,103,571
22,GET,104,656
22,GET,105,808
22,GET,106,893
22,GET,107,1059
22,GET,108,1175
22,GET,109,1357
22,GET,110,1509
22,GET,111,1694
22,GET,112,1789
22,GET,113,1951
22,GET,114,2169
22,GET,115,2391
22,GET,116,2660
22,GET,117,2785
22,GET,118,3080
22,GET,119,3148
22,GET,120,3502
22,GET,121,3605
22,GET,122,3869
22,GET,123,4089
22,GET,124,4242
22,GET,125,4354
22,GET,126,4721
22,GET,127,4769
22,GET,128,4972
22,GET,129,5070
22,GET,130,5291
22,GET,131,5310
22,GET,132,5458
22,GET,133,5597
22,GET,134,5730
22,GET,135,5865
22,GET,136,5961
22,GET,137,5965
22,GET,138,6188
22,GET,139,6086
22,GET,140,6173
22,GET,141,6385
22,GET,142,6297
22,GET,143,6181
22,GET,144,6362
22,GET,145,6348
22,GET,146,6270
22,GET,147,6284
22,GET,148,6327
22,GET,149,6259
22,GET,150,6324
22,GET,151,6190
22,GET,152,6052
22,GET,153,5908
22,GET,154,5962
22,GET,155,5820
22,GET,156,5669
22,GET,157,5617
22,GET,158,5559
22,GET,159,5477
22,GET,160,5389
22,GET,161,5264
22,GET,162,5158
22,GET,163,5125
22,GET,164,4960
22,GET,165,4972
22,GET,166,4752
22,GET,167,4581
22,GET,168,4573
22,GET,169,4524
22,GET,170,4260
22,GET,171,4262
22,GET,172,4086
22,GET,173,4000
22,GET,174,3840
22,GET,175,3809
22,GET,176,3729
22,GET,177,3513
22,GET,178,3403
22,GET,179,3338
22,GET,180,3261
22,GET,181,3220
22,GET,182,3171
22,GET,183,2943
22,GET,184,2953
22,GET,185,2735
22,GET,186,2635
22,GET,187,2624
22,GET,188,2702
22,GET,189,2465
22,GET,190,2415
22,GET,191,2220
22,GET,192,2211
22,GET,193,2155
22,GET,194,1995
22,GET,195,2047
22,GET,196,1966
22,GET,197,1877
22,GET,198,1851
22,GET,199,1791
22,GET,200,1754
22,GET,201,1607
22,GET,202,1560
22,GET,203,1486
22,GET,204,1467
22,GET,205,1432
22,GET,206,1308
22,GET,207,1304
22,GET,208,1296
22,GET,209,1230
22,GET,210,1138
22,GET,211,1152
22,GET,212,1087
22,GET,213,1060
22,GET,214,983
22,GET,215,942
22,GET,216,921
22,GET,217,885
22,GET,218,864
22,GET,219,861
22,GET,220,818
22,GET,221,820
22,GET,222,736
22,GET,223,712
22,GET,224,687
22,GET,225,694
22,GET,226,623
22,GET,227,603
22,GET,228,599
22,GET,229,550
22,GET,230,557
22,GET,231,527
22,GET,232,522
22,GET,233,498
22,GET,234,464
22,GET,235,440
22,GET,236,431
22,GET,237,416
22,GET,238,389
22,GET,239,376
22,GET,240,345
22,GET,241,392
22,GET,242,326
22,GET,243,331
22,GET,244,338
22,GET,245,303
22,GET,246,290
22,GET,247,290
22,GET,248,300
22,GET,249,277
22,GET,250,273
22,GET,251,288
22,GET,252,241
22,GET,253,232
22,GET,254,229
22,GET,255,216
22,GET,257,419
22,GET,259,359
22,GET,261,361
22,GET,263,326
22,GET,265,318
22,GET,267,260
22,GET,269,257
22,GET,271,246
22,GET,273,229
22,GET,275,248
22,GET,277,204
22,GET,279,204
22,GET,281,187
22,GET,283,151
22,GET,285,142
22,GET,287,138
22,GET,289,136
22,GET,291,110
22,GET,293,100
22,GET,295,123
22,GET,297,120
22,GET,299,85
22,GET,301,86
22,GET,303,87
22,GET,305,80
22,GET,307,91
22,GET,309,64
22,GET,311,65
22,GET,313,59
22,GET,315,49
22,GET,317,35
22,GET,319,51
22,GET,321,48
22,GET,323,50
22,GET,325,40
22,GET,327,29
22,GET,329,44
22,GET,331,34
22,GET,333,45
22,GET,335,27
22,GET,337,25
22,GET,339,35
22,GET,341,26
22,GET,343,31
22,GET,345,25
22,GET,347,21
22,GET,349,24
22,GET,351,18
22,GET,353,15
22,GET,355,13
22,GET,357,15
22,GET,359,22
22,GET,361,18
22,GET,363,19
22,GET,365,14
22,GET,367,9
22,GET,369,10
22,GET,371,12
22,GET,373,9
22,GET,375,10
22,GET,377,8
22,GET,379,10
22,GET,381,9
22,GET,383,12
22,GET,385,10
22,GET,387,5
22,GET,389,10
22,GET,391,11
22,GET,393,13
22,GET,395,4
22,GET,397,9
22,GET,399,8
22,GET,401,8
22,GET,403,9
22,GET,405,6
22,GET,407,11
22,GET,409,4
22,GET,411,5
22,GET,413,8
22,GET,415,4
22,GET,417,3
22,GET,419,6
22,GET,421,9
22,GET,423,5
22,GET,425,8
22,GET,427,5
22,GET,429,4
22,GET,431,7
22,GET,433,6
22,GET,435,8
22,GET,437,3
22,GET,439,7
22,GET,441,3
22,GET,443,4
22,GET,445,3
22,GET,447,4
22,GET,449,3
22,GET,451,5
22,GET,453,5
22,GET,455,1
22,GET,457,1
22,GET,459,4
22,GET,461,2
22,GET,463,4
22,GET,465,1
22,GET,467,3
22,GET,469,4
22,GET,471,8
22,GET,473,2
22,GET,475,4
22,GET,477,2
22,GET,479,5
22,GET,481,2
22,GET,483,2
22,GET,487,4
22,GET,489,3
22,GET,491,3
22,GET,493,6
22,GET,495,5
22,GET,497,2
22,GET,499,1
22,GET,501,1
22,GET,503,7
22,GET,505,1
22,GET,507,1
22,GET,509,2
22,GET,511,1
22,GET,515,4
22,GET,519,8
22,GET,523,3
22,GET,527,1
22,GET,531,4
22,GET,535,2
22,GET,539,2
22,GET,543,9
22,GET,547,2
22,GET,551,4
22,GET,555,4
22,GET,559,3
22,GET,563,4
22,GET,567,3
22,GET,571,5
22,GET,575,6
22,GET,579,3
22,GET,583,3
22,GET,587,3
22,GET,591,7
22,GET,595,4
22,GET,599,3
22,GET,603,3
22,GET,607,1
22,GET,611,3
22,GET,615,1
22,GET,619,2
22,GET,623,1
22,GET,627,3
22,GET,631,2
22,GET,635,3
22,GET,639,1
22,GET,647,5
22,GET,651,2
22,GET,655,2
22,GET,659,6
22,GET,663,3
22,GET,667,4
22,GET,671,4
22,GET,675,4
22,GET,683,3
22,GET,687,2
22,GET,691,1
22,GET,695,3
22,GET,699,3
22,GET,703,4
22,GET,707,2
22,GET,711,4
22,GET,715,2
22,GET,719,3
22,GET,723,2
22,GET,727,3
22,GET,731,4
22,GET,735,2
22,GET,739,3
22,GET,743,3
22,GET,747,3
22,GET,751,1
22,GET,755,2
22,GET,759,2
22,GET,763,1
22,GET,771,1
22,GET,783,1
22,GET,795,1
22,GET,799,1
22,GET,803,2
22,GET,811,2
22,GET,815,1
22,GET,819,1
22,GET,823,1
22,GET,835,1
22,GET,851,1
22,GET,855,1
22,GET,863,1
22,GET,867,1
22,GET,875,2
22,GET,887,2
22,GET,911,1
22,GET,915,1
22,GET,931,2
22,GET,947,1
22,GET,971,1
22,GET,983,1
22,GET,1007,1
22,GET,1011,2
22,GET,1015,1
22,GET,1039,3
22,GET,1047,2
22,GET,1055,2
22,GET,1063,3
22,GET,1079,3
22,GET,1087,1
22,GET,1095,1
22,GET,1103,3
22,GET,1119,1
22,GET,1127,1
22,GET,1135,1
22,GET,1143,1
22,GET,1191,2
22,GET,1207,1
22,GET,1215,1
22,GET,1239,2
22,GET,1247,1
22,GET,1255,1
22,GET,1271,2
22,GET,1303,2
22,GET,1319,1
22,GET,1327,3
22,GET,1383,1
22,GET,1399,1
22,GET,1407,1
22,GET,1423,1
22,GET,1439,1
22,GET,1471,1
22,GET,1535,1
22,GET,1543,1
22,GET,1551,1
22,GET,1591,1
22,GET,1607,1
22,GET,1687,1
22,GET,1783,1
22,GET,1855,1
22,GET,1935,1
22,GET,1991,1
22,GET,2095,2
22,GET,2159,1
22,GET,2191,1
22,GET,2207,1
22,GET,2287,1
22,GET,2399,1
22,GET,2431,1
22,GET,2463,1
22,GET,2559,1
22,GET,3535,1
22,GET,3551,1
22,DEL,88,1
22,DEL,89,1
22,DEL,90,4
22,DEL,91,6
22,DEL,92,10
22,DEL,93,11
22,DEL,94,22
22,DEL,95,18
22,DEL,96,36
22,DEL,97,36
22,DEL,98,69
22,DEL,99,75
22,DEL,100,108
22,DEL,101,100
22,DEL,102,152
22,DEL,103,188
22,DEL,104,208
22,DEL,105,244
22,DEL,106,291
22,DEL,107,333
22,DEL,108,338
22,DEL,109,396
22,DEL,110,468
22,DEL,111,543
22,DEL,112,587
22,DEL,113,644
22,DEL,114,702
22,DEL,115,765
22,DEL,116,828
22,DEL,117,930
22,DEL,118,1050
22,DEL,119,1032
22,DEL,120,1168
22,DEL,121,1208
22,DEL,122,1309
22,DEL,123,1391
22,DEL,124,1439
22,DEL,125,1517
22,DEL,126,1614
22,DEL,127,1626
22,DEL,128,1701
22,DEL,129,1793
22,DEL,130,1733
22,DEL,131,1823
22,DEL,132,1974
22,DEL,133,1912
22,DEL,134,2009
22,DEL,135,2020
22,DEL,136,2044
22,DEL,137,2089
22,DEL,138,2071
22,DEL,139,2159
22,DEL,140,2187
22,DEL,141,2212
22,DEL,142,2219
22,DEL,143,2224
22,DEL,144,2228
22,DEL,145,2262
22,DEL,146,2253
22,DEL,147,2237
22,DEL,148,2234
22,DEL,149,2334
22,DEL,150,2284
22,DEL,151,2155
22,DEL,152,2121
22,DEL,153,2172
22,DEL,154,2137
22,DEL,155,2076
22,DEL,156,2066
22,DEL,157,2029
22,DEL,158,1958
22,DEL,159,1989
22,DEL,160,1892
22,DEL,161,1970
22,DEL,162,1867
22,DEL,163,1799
22,DEL,164,1746
22,DEL,165,1839
22,DEL,166,1725
22,DEL,167,1698
22,DEL,168,1661
22,DEL,169,1616
22,DEL,170,1606
22,DEL,171,1517
22,DEL,172,1497
22,DEL,173,1477
22,DEL,174,1385
22,DEL,175,1382
22,DEL,176,1399
22,DEL,177,1348
22,DEL,178,1257
22,DEL,179,1238
22,DEL,180,1179
22,DEL,181,1179
22,DEL,182,1140
22,DEL,183,1065
22,DEL,184,1027
22,DEL,185,1047
22,DEL,186,1028
22,DEL,187,946
22,DEL,188,916
22,DEL,189,957
22,DEL,190,873
22,DEL,191,868
22,DEL,192,817
22,DEL,193,782
22,DEL,194,779
22,DEL,195,738
22,DEL,196,687
22,DEL,197,719
22,DEL,198,687
22,DEL,199,622
22,DEL,200,662
22,DEL,201,615
22,DEL,202,569
22,DEL,203,566
22,DEL,204,496
22,DEL,205,518
22,DEL,206,464
22,DEL,207,513
22,DEL,208,479
22,DEL,209,463
22,DEL,210,428
22,DEL,211,382
22,DEL,212,407
22,DEL,213,353
22,DEL,214,360
22,DEL,215,355
22,DEL,216,348
22,DEL,217,359
22,DEL,218,344
22,DEL,219,310
22,DEL,220,292
22,DEL,221,294
22,DEL,222,278
22,DEL,223,282
22,DEL,224,265
22,DEL,225,230
22,DEL,226,261
22,DEL,227,260
22,DEL,228,242
22,DEL,229,241
22,DEL,230,208
22,DEL,231,190
22,DEL,232,174
22,DEL,233,171
22,DEL,234,185
22,DEL,235,162
22,DEL,236,155
22,DEL,237,146
22,DEL,238,137
22,DEL,239,152
22,DEL,240,146
22,DEL,241,134
22,DEL,242,122
22,DEL,243,115
22,DEL,244,121
22,DEL,245,124
22,DEL,246,126
22,DEL,247,106
22,DEL,248,103
22,DEL,249,100
22,DEL,250,91
22,DEL,251,102
22,DEL,252,93
22,DEL,253,74
22,DEL,254,87
22,DEL,255,82
22,DEL,257,162
22,DEL,259,130
22,DEL,261,132
22,DEL,263,119
22,DEL,265,125
22,DEL,267,113
22,DEL,269,103
22,DEL,271,84
22,DEL,273,75
22,DEL,275,92
22,DEL,277,70
22,DEL,279,77
22,DEL,281,65
22,DEL,283,58
22,DEL,285,51
22,DEL,287,50
22,DEL,289,45
22,DEL,291,38
22,DEL,293,53
22,DEL,295,35
22,DEL,297,31
22,DEL,299,40
22,DEL,301,24
22,DEL,303,33
22,DEL,305,19
22,DEL,307,29
22,DEL,309,29
22,DEL,311,23
22,DEL,313,20
22,DEL,315,21
22,DEL,317,14
22,DEL,319,19
22,DEL,321,22
22,DEL,323,19
22,DEL,325,13
22,DEL,327,23
22,DEL,329,12
22,DEL,331,9
22,DEL,333,13
22,DEL,335,14
22,DEL,337,8
22,DEL,339,10
22,DEL,341,11
22,DEL,343,15
22,DEL,345,8
22,DEL,347,13
22,DEL,349,7
22,DEL,351,10
22,DEL,353,9
22,DEL,355,9
22,DEL,357,9
22,DEL,359,3
22,DEL,361,3
22,DEL,363,5
22,DEL,365,7
22,DEL,367,4
22,DEL,369,9
22,DEL,371,3
22,DEL,373,6
22,DEL,375,1
22,DEL,377,6
22,DEL,379,3
22,DEL,381,5
22,DEL,383,5
22,DEL,385,8
22,DEL,387,3
22,DEL,389,7
22,DEL,391,3
22,DEL,393,4
22,DEL,395,2
22,DEL,397,4
22,DEL,399,4
22,DEL,401,2
22,DEL,405,2
22,DEL,407,2
22,DEL,409,3
22,DEL,411,3
22,DEL,415,2
22,DEL,417,1
22,DEL,421,2
22,DEL,423,4
22,DEL,425,3
22,DEL,427,3
22,DEL,429,3
22,DEL,431,3
22,DEL,435,3
22,DEL,439,2
22,DEL,443,2
22,DEL,447,2
22,DEL,449,1
22,DEL,451,2
22,DEL,455,2
22,DEL,457,2
22,DEL,459,1
22,DEL,461,2
22,DEL,463,3
22,DEL,465,1
22,DEL,467,2
22,DEL,473,1
22,DEL,477,3
22,DEL,481,1
22,DEL,485,1
22,DEL,491,2
22,DEL,493,1
22,DEL,495,1
22,DEL,497,2
22,DEL,499,2
22,DEL,501,4
22,DEL,505,1
22,DEL,511,2
22,DEL,515,2
22,DEL,523,3
22,DEL,527,3
22,DEL,531,1
22,DEL,539,3
22,DEL,543,1
22,DEL,547,2
22,DEL,551,2
22,DEL,563,3
22,DEL,571,1
22,DEL,575,3
22,DEL,579,3
22,DEL,587,1
22,DEL,591,1
22,DEL,595,1
22,DEL,599,1
22,DEL,603,1
22,DEL,607,1
22,DEL,611,2
22,DEL,623,2
22,DEL,635,2
22,DEL,643,3
22,DEL,647,1
22,DEL,651,3
22,DEL,655,1
22,DEL,671,2
22,DEL,675,1
22,DEL,679,1
22,DEL,687,1
22,DEL,707,1
22,DEL,711,2
22,DEL,715,1
22,DEL,723,1
22,DEL,727,1
22,DEL,743,2
22,DEL,747,1
22,DEL,751,1
22,DEL,771,1
22,DEL,775,2
22,DEL,779,2
22,DEL,783,1
22,DEL,807,1
22,DEL,811,1
22,DEL,827,1
22,DEL,839,1
22,DEL,843,2
22,DEL,847,2
22,DEL,859,1
22,DEL,875,1
22,DEL,883,1
22,DEL,895,1
22,DEL,907,1
22,DEL,911,1
22,DEL,923,1
22,DEL,967,1
22,DEL,1003,1
22,DEL,1011,1
22,DEL,1039,1
22,DEL,1047,1
22,DEL,1055,1
22,DEL,1079,1
22,DEL,1167,1
22,DEL,1191,1
22,DEL,1239,1
22,DEL,1255,1
22,DEL,1503,1
22,DEL,1607,1
22,DEL,1615,1
22,DEL,1623,1
22,DEL,1879,1
22,DEL,1983,1
22,DEL,2127,1
22,DEL,2159,1
22,DEL,2255,1
22,DEL,2319,1
22,DEL,2335,1
22,DEL,2431,1
22,DEL,3775,1
22,SET,90,1
22,SET,91,2
22,SET,93,3
22,SET,94,2
22,SET,95,1
22,SET,96,1
22,SET,97,5
22,SET,98,9
22,SET,99,5
22,SET,100,13
22,SET,101,12
22,SET,102,17
22,SET,103,24
22,SET,104,29
22,SET,105,26
22,SET,106,31
22,SET,107,46
22,SET,108,40
22,SET,109,62
22,SET,110,67
22,SET,111,71
22,SET,112,64
22,SET,113,103
22,SET,114,86
22,SET,115,99
22,SET,116,110
22,SET,117,163
22,SET,118,141
22,SET,119,156
22,SET,120,161
22,SET,121,207
22,SET,122,226
22,SET,123,199
22,SET,124,226
22,SET,125,208
22,SET,126,244
22,SET,127,228
22,SET,128,298
22,SET,129,291
22,SET,130,310
22,SET,131,307
22,SET,132,330
22,SET,133,367
22,SET,134,374
22,SET,135,372
22,SET,136,409
22,SET,137,342
22,SET,138,372
22,SET,139,426
22,SET,140,418
22,SET,141,399
22,SET,142,415
22,SET,143,404
22,SET,144,451
22,SET,145,432
22,SET,146,447
22,SET,147,422
22,SET,148,424
22,SET,149,476
22,SET,150,414
22,SET,151,455
22,SET,152,451
22,SET,153,453
22,SET,154,473
22,SET,155,428
22,SET,156,385
22,SET,157,421
22,SET,158,419
22,SET,159,406
22,SET,160,399
22,SET,161,375
22,SET,162,408
22,SET,163,373
22,SET,164,382
22,SET,165,350
22,SET,166,378
22,SET,167,341
22,SET,168,396
22,SET,169,355
22,SET,170,371
22,SET,171,332
22,SET,172,311
22,SET,173,301
22,SET,174,347
22,SET,175,297
22,SET,176,270
22,SET,177,290
22,SET,178,299
22,SET,179,296
22,SET,180,274
22,SET,181,247
22,SET,182,235
22,SET,183,262
22,SET,184,247
22,SET,185,253
22,SET,186,217
22,SET,187,228
22,SET,188,209
22,SET,189,207
22,SET,190,191
22,SET,191,194
22,SET,192,176
22,SET,193,194
22,SET,194,201
22,SET,195,174
22,SET,196,167
22,SET,197,154
22,SET,198,156
22,SET,199,147
22,SET,200,157
22,SET,201,164
22,SET,202,167
22,SET,203,128
22,SET,204,152
22,SET,205,127
22,SET,206,126
22,SET,207,108
22,SET,208,125
22,SET,209,104
22,SET,210,93
22,SET,211,99
22,SET,212,105
22,SET,213,102
22,SET,214,90
22,SET,215,89
22,SET,216,106
22,SET,217,97
22,SET,218,66
22,SET,219,73
22,SET,220,69
22,SET,221,54
22,SET,222,70
22,SET,223,72
22,SET,224,53
22,SET,225,59
22,SET,226,58
22,SET,227,54
22,SET,228,49
22,SET,229,62
22,SET,230,49
22,SET,231,49
22,SET,232,48
22,SET,233,41
22,SET,234,37
22,SET,235,41
22,SET,236,34
22,SET,237,37
22,SET,238,48
22,SET,239,31
22,SET,240,21
22,SET,241,27
22,SET,242,37
22,SET,243,34
22,SET,244,32
22,SET,245,29
22,SET,246,32
22,SET,247,27
22,SET,248,22
22,SET,249,25
22,SET,250,21
22,SET,251,22
22,SET,252,27
22,SET,253,28
22,SET,254,29
22,SET,255,20
22,SET,257,55
22,SET,259,50
22,SET,261,23
22,SET,263,41
22,SET,265,25
22,SET,267,27
22,SET,269,23
22,SET,271,19
22,SET,273,17
22,SET,275,23
22,SET,277,21
22,SET,279,19
22,SET,281,20
22,SET,283,15
22,SET,285,23
22,SET,287,9
22,SET,289,10
22,SET,291,11
22,SET,293,12
22,SET,295,8
22,SET,297,12
22,SET,299,8
22,SET,301,12
22,SET,303,5
22,SET,305,3
22,SET,307,9
22,SET,309,8
22,SET,311,4
22,SET,313,7
22,SET,315,3
22,SET,317,6
22,SET,319,5
22,SET,321,4
22,SET,323,5
22,SET,325,6
22,SET,327,3
22,SET,329,2
22,SET,331,2
22,SET,333,2
22,SET,335,2
22,SET,337,2
22,SET,339,1
22,SET,341,3
22,SET,343,2
22,SET,345,1
22,SET,349,1
22,SET,351,1
22,SET,353,5
22,SET,359,2
22,SET,361,4
22,SET,363,1
22,SET,367,3
22,SET,369,2
22,SET,371,2
22,SET,373,1
22,SET,375,1
22,SET,381,2
22,SET,383,1
22,SET,391,2
22,SET,395,1
22,SET,397,1
22,SET,399,2
22,SET,403,1
22,SET,405,1
22,SET,407,1
22,SET,411,2
22,SET,415,1
22,SET,421,2
22,SET,439,2
22,SET,443,2
22,SET,451,1
22,SET,455,1
22,SET,461,1
22,SET,477,1
22,SET,485,1
22,SET,493,1
22,SET,503,1
22,SET,523,1
22,SET,531,1
22,SET,535,1
22,SET,547,1
22,SET,551,1
22,SET,595,1
22,SET,607,1
22,SET,635,1
22,SET,659,1
22,SET,683,1
22,SET,699,1
22,SET,707,1
22,SET,723,1
22,SET,731,1
22,SET,783,1
22,SET,935,1
22,SET,995,1
22,SET,1031,1
22,SET,1095,1
22,SET,1183,1
22,SET,1359,1
22,SET,1415,1
22,SET,2895,1
23,SET,88,1
23,SET,91,1
23,SET,92,1
23,SET,93,1
23,SET,94,2
23,SET,95,6
23,SET,96,1
23,SET,97,9
23,SET,98,10
23,SET,99,9
23,SET,100,14
23,SET,101,19
23,SET,102,24
23,SET,103,24
23,SET,104,27
23,SET,105,38
23,SET,106,51
23,SET,107,43
23,SET,108,56
23,SET,109,73
23,SET,110,63
23,SET,111,92
23,SET,112,87
23,SET,113,94
23,SET,114,103
23,SET,115,124
23,SET,116,150
23,SET,117,149
23,SET,118,156
23,SET,119,183
23,SET,120,178
23,SET,121,178
23,SET,122,233
23,SET,123,243
23,SET,124,240
23,SET,125,261
23,SET,126,294
23,SET,127,262
23,SET,128,311
23,SET,129,309
23,SET,130,282
23,SET,131,351
23,SET,132,340
23,SET,133,375
23,SET,134,370
23,SET,135,351
23,SET,136,418
23,SET,137,394
23,SET,138,391
23,SET,139,379
23,SET,140,429
23,SET,141,387
23,SET,142,417
23,SET,143,435
23,SET,144,431
23,SET,145,449
23,SET,146,466
23,SET,147,460
23,SET,148,478
23,SET,149,429
23,SET,150,434
23,SET,151,422
23,SET,152,401
23,SET,153,393
23,SET,154,425
23,SET,155,423
23,SET,156,399
23,SET,157,442
23,SET,158,415
23,SET,159,418
23,SET,160,415
23,SET,161,408
23,SET,162,406
23,SET,163,357
23,SET,164,347
23,SET,165,357
23,SET,166,331
23,SET,167,344
23,SET,168,377
23,SET,169,341
23,SET,170,304
23,SET,171,323
23,SET,172,320
23,SET,173,331
23,SET,174,275
23,SET,175,297
23,SET,176,308
23,SET,177,260
23,SET,178,277
23,SET,179,267
23,SET,180,261
23,SET,181,250
23,SET,182,225
23,SET,183,241
23,SET,184,226
23,SET,185,233
23,SET,186,221
23,SET,187,206
23,SET,188,213
23,SET,189,200
23,SET,190,198
23,SET,191,219
23,SET,192,196
23,SET,193,182
23,SET,194,174
23,SET,195,167
23,SET,196,154
23,SET,197,170
23,SET,198,154
23,SET,199,139
23,SET,200,135
23,SET,201,134
23,SET,202,134
23,SET,203,138
23,SET,204,112
23,SET,205,113
23,SET,206,136
23,SET,207,100
23,SET,208,127
23,SET,209,99
23,SET,210,84
23,SET,211,85
23,SET,212,72
23,SET,213,74
23,SET,214,90
23,SET,215,93
23,SET,216,96
23,SET,217,80
23,SET,218,64
23,SET,219,76
23,SET,220,53
23,SET,221,69
23,SET,222,67
23,SET,223,73
23,SET,224,64
23,SET,225,57
23,SET,226,58
23,SET,227,66
23,SET,228,37
23,SET,229,40
23,SET,230,41
23,SET,231,41
23,SET,232,30
23,SET,233,42
23,SET,234,35
23,SET,235,31
23,SET,236,33
23,SET,237,47
23,SET,238,24
23,SET,239,39
23,SET,240,42
23,SET,241,36
23,SET,242,36
23,SET,243,24
23,SET,244,24
23,SET,245,30
23,SET,246,32
23,SET,247,31
23,SET,248,19
23,SET,249,26
23,SET,250,26
23,SET,251,19
23,SET,252,21
23,SET,253,27
23,SET,254,22
23,SET,255,15
23,SET,257,36
23,SET,259,43
23,SET,261,33
23,SET,263,33
23,SET,265,32
23,SET,267,24
23,SET,269,23
23,SET,271,15
23,SET,273,20
23,SET,275,19
23,SET,277,15
23,SET,279,22
23,SET,281,15
23,SET,283,12
23,SET,285,9
23,SET,287,20
23,SET,289,16
23,SET,291,15
23,SET,293,14
23,SET,295,11
23,SET,297,7
23,SET,299,9
23,SET,301,5
23,SET,303,6
23,SET,305,4
23,SET,307,10
23,SET,309,5
23,SET,311,2
23,SET,313,5
23,SET,315,1
23,SET,317,2
23,SET,319,5
23,SET,321,4
23,SET,323,4
23,SET,325,5
23,SET,327,2
23,SET,329,4
23,SET,331,2
23,SET,333,4
23,SET,335,3
23,SET,337,3
23,SET,339,2
23,SET,341,1
23,SET,343,1
23,SET,345,3
23,SET,347,3
23,SET,349,2
23,SET,351,3
23,SET,353,1
23,SET,357,2
23,SET,359,3
23,SET,363,1
23,SET,365,2
23,SET,367,2
23,SET,373,4
23,SET,377,2
23,SET,385,2
23,SET,391,1
23,SET,395,3
23,SET,399,1
23,SET,403,1
23,SET,405,1
23,SET,411,2
23,SET,413,1
23,SET,415,1
23,SET,433,1
23,SET,435,1
23,SET,437,2
23,SET,449,1
23,SET,453,1
23,SET,455,1
23,SET,469,2
23,SET,479,1
23,SET,497,2
23,SET,519,1
23,SET,531,1
23,SET,539,1
23,SET,547,2
23,SET,647,1
23,SET,659,1
23,SET,707,1
23,SET,811,1
23,SET,895,1
23,SET,947,1
23,SET,1127,1
23,SET,1295,1
23,SET,1527,1
23,SET,1823,1
23,GET,84,2
23,GET,85,3
23,GET,86,7
23,GET,87,11
23,GET,88,14
23,GET,89,24
23,GET,90,34
23,GET,91,41
23,GET,92,58
23,GET,93,78
23,GET,94,107
23,GET,95,127
23,GET,96,167
23,GET,97,245
23,GET,98,280
23,GET,99,366
23,GET,100,456
23,GET,101,516
23,GET,102,619
23,GET,103,774
23,GET,104,884
23,GET,105,1043
23,GET,106,1068
23,GET,107,1274
23,GET,108,1377
23,GET,109,1606
23,GET,110,1786
23,GET,111,1905
23,GET,112,2117
23,GET,113,2206
23,GET,114,2491
23,GET,115,2655
23,GET,116,2824
23,GET,117,3077
23,GET,118,3336
23,GET,119,3496
23,GET,120,3743
23,GET,121,4016
23,GET,122,4199
23,GET,123,4272
23,GET,124,4653
23,GET,125,4662
23,GET,126,4791
23,GET,127,4994
23,GET,128,5144
23,GET,129,5312
23,GET,130,5514
23,GET,131,5569
23,GET,132,5775
23,GET,133,5755
23,GET,134,5978
23,GET,135,5987
23,GET,136,6098
23,GET,137,6017
23,GET,138,6210
23,GET,139,6142
23,GET,140,6195
23,GET,141,6325
23,GET,142,6286
23,GET,143,6261
23,GET,144,6197
23,GET,145,6309
23,GET,146,6383
23,GET,147,6209
23,GET,148,6382
23,GET,149,6310
23,GET,150,6088
23,GET,151,6059
23,GET,152,5959
23,GET,153,5880
23,GET,154,5698
23,GET,155,5786
23,GET,156,5736
23,GET,157,5629
23,GET,158,5437
23,GET,159,5314
23,GET,160,5245
23,GET,161,5101
23,GET,162,4996
23,GET,163,5001
23,GET,164,4677
23,GET,165,4772
23,GET,166,4634
23,GET,167,4494
23,GET,168,4347
23,GET,169,4301
23,GET,170,4058
23,GET,171,4145
23,GET,172,3938
23,GET,173,3836
23,GET,174,3784
23,GET,175,3668
23,GET,176,3656
23,GET,177,3390
23,GET,178,3357
23,GET,179,3313
23,GET,180,3141
23,GET,181,3104
23,GET,182,2900
23,GET,183,2862
23,GET,184,2788
23,GET,185,2609
23,GET,186,2608
23,GET,187,2429
23,GET,188,2321
23,GET,189,2337
23,GET,190,2190
23,GET,191,2166
23,GET,192,2081
23,GET,193,2026
23,GET,194,1966
23,GET,195,1930
23,GET,196,1923
23,GET,197,1780
23,GET,198,1709
23,GET,199,1638
23,GET,200,1569
23,GET,201,1564
23,GET,202,1451
23,GET,203,1449
23,GET,204,1365
23,GET,205,1302
23,GET,206,1278
23,GET,207,1212
23,GET,208,1179
23,GET,209,1117
23,GET,210,1096
23,GET,211,1023
23,GET,212,945
23,GET,213,1002
23,GET,214,935
23,GET,215,904
23,GET,216,913
23,GET,217,850
23,GET,218,807
23,GET,219,766
23,GET,220,744
23,GET,221,729
23,GET,222,757
23,GET,223,699
23,GET,224,572
23,GET,225,594
23,GET,226,594
23,GET,227,566
23,GET,228,542
23,GET,229,516
23,GET,230,509
23,GET,231,541
23,GET,232,440
23,GET,233,471
23,GET,234,431
23,GET,235,422
23,GET,236,423
23,GET,237,448
23,GET,238,388
23,GET,239,375
23,GET,240,362
23,GET,241,348
23,GET,242,319
23,GET,243,293
23,GET,244,300
23,GET,245,316
23,GET,246,292
23,GET,247,247
23,GET,248,256
23,GET,249,251
23,GET,250,240
23,GET,251,253
23,GET,252,241
23,GET,253,220
23,GET,254,210
23,GET,255,223
23,GET,257,379
23,GET,259,370
23,GET,261,331
23,GET,263,319
23,GET,265,282
23,GET,267,253
23,GET,269,234
23,GET,271,227
23,GET,273,190
23,GET,275,200
23,GET,277,181
23,GET,279,207
23,GET,281,149
23,GET,283,152
23,GET,285,151
23,GET,287,135
23,GET,289,126
23,GET,291,117
23,GET,293,96
23,GET,295,100
23,GET,297,94
23,GET,299,100
23,GET,301,67
23,GET,303,81
23,GET,305,92
23,GET,307,67
23,GET,309,63
23,GET,311,74
23,GET,313,57
23,GET,315,55
23,GET,317,51
23,GET,319,51
23,GET,321,50
23,GET,323,53
23,GET,325,44
23,GET,327,46
23,GET,329,29
23,GET,331,46
23,GET,333,29
23,GET,335,31
23,GET,337,35
23,GET,339,20
23,GET,341,22
23,GET,343,28
23,GET,345,25
23,GET,347,21
23,GET,349,24
23,GET,351,25
23,GET,353,25
23,GET,355,19
23,GET,357,14
23,GET,359,13
23,GET,361,19
23,GET,363,16
23,GET,365,13
23,GET,367,16
23,GET,369,14
23,GET,371,8
23,GET,373,14
23,GET,375,13
23,GET,377,11
23,GET,379,16
23,GET,381,11
23,GET,383,9
23,GET,385,9
23,GET,387,9
23,GET,389,7
23,GET,391,9
23,GET,393,14
23,GET,395,7
23,GET,397,10
23,GET,399,13
23,GET,401,9
23,GET,403,6
23,GET,405,10
23,GET,407,3
23,GET,409,3
23,GET,411,7
23,GET,413,3
23,GET,415,11
23,GET,417,4
23,GET,419,5
23,GET,421,7
23,GET,423,9
23,GET,425,3
23,GET,427,3
23,GET,429,2
23,GET,431,5
23,GET,433,4
23,GET,435,4
23,GET,437,3
23,GET,439,3
23,GET,441,8
23,GET,443,8
23,GET,445,3
23,GET,447,5
23,GET,449,7
23,GET,451,3
23,GET,453,5
23,GET,455,5
23,GET,457,4
23,GET,459,2
23,GET,461,2
23,GET,463,5
23,GET,467,4
23,GET,469,2
23,GET,471,2
23,GET,473,5
23,GET,475,4
23,GET,477,3
23,GET,479,5
23,GET,481,1
23,GET,485,1
23,GET,487,2
23,GET,489,3
23,GET,491,4
23,GET,493,2
23,GET,495,5
23,GET,497,1
23,GET,499,1
23,GET,501,2
23,GET,503,1
23,GET,505,6
23,GET,507,3
23,GET,509,2
23,GET,511,4
23,GET,515,4
23,GET,519,2
23,GET,523,2
23,GET,527,6
23,GET,531,6
23,GET,535,4
23,GET,539,4
23,GET,543,4
23,GET,547,2
23,GET,551,3
23,GET,555,8
23,GET,559,5
23,GET,563,7
23,GET,567,6
23,GET,571,10
23,GET,575,4
23,GET,579,2
23,GET,583,4
23,GET,587,8
23,GET,591,2
23,GET,595,2
23,GET,599,2
23,GET,603,2
23,GET,607,5
23,GET,611,5
23,GET,619,4
23,GET,627,2
23,GET,631,4
23,GET,639,1
23,GET,643,2
23,GET,647,3
23,GET,651,1
23,GET,655,1
23,GET,659,5
23,GET,663,5
23,GET,667,5
23,GET,671,5
23,GET,679,2
23,GET,683,3
23,GET,687,4
23,GET,691,5
23,GET,695,4
23,GET,699,4
23,GET,703,1
23,GET,707,3
23,GET,711,2
23,GET,715,2
23,GET,719,2
23,GET,727,1
23,GET,731,4
23,GET,739,1
23,GET,747,4
23,GET,751,1
23,GET,755,1
23,GET,763,1
23,GET,775,1
23,GET,779,2
23,GET,787,1
23,GET,795,1
23,GET,803,1
23,GET,807,1
23,GET,811,2
23,GET,815,2
23,GET,827,2
23,GET,851,1
23,GET,855,3
23,GET,859,1
23,GET,863,1
23,GET,867,1
23,GET,871,1
23,GET,875,2
23,GET,879,1
23,GET,883,2
23,GET,887,1
23,GET,891,1
23,GET,895,1
23,GET,899,3
23,GET,915,1
23,GET,919,1
23,GET,923,3
23,GET,927,1
23,GET,939,1
23,GET,947,1
23,GET,951,2
23,GET,955,2
23,GET,967,1
23,GET,975,1
23,GET,991,1
23,GET,995,1
23,GET,1023,1
23,GET,1031,4
23,GET,1039,1
23,GET,1047,5
23,GET,1063,2
23,GET,1071,4
23,GET,1079,1
23,GET,1087,1
23,GET,1103,1
23,GET,1111,3
23,GET,1127,1
23,GET,1135,1
23,GET,1143,2
23,GET,1151,1
23,GET,1159,1
23,GET,1191,2
23,GET,1223,1
23,GET,1231,4
23,GET,1255,1
23,GET,1271,1
23,GET,1295,1
23,GET,1311,1
23,GET,1327,1
23,GET,1343,1
23,GET,1351,1
23,GET,1359,1
23,GET,1383,1
23,GET,1463,1
23,GET,1527,1
23,GET,1591,1
23,GET,1599,1
23,GET,1607,1
23,GET,1615,1
23,GET,1631,1
23,GET,1655,1
23,GET,1663,1
23,GET,1711,1
23,GET,1719,1
23,GET,1735,2
23,GET,1767,1
23,GET,1775,1
23,GET,1831,1
23,GET,1847,1
23,GET,1855,1
23,GET,1871,1
23,GET,1879,1
23,GET,1919,2
23,GET,1967,1
23,GET,2079,1
23,GET,2143,1
23,GET,2383,2
23,GET,2415,1
23,GET,2511,1
23,GET,2671,2
23,GET,2735,1
23,GET,2751,1
23,GET,2767,1
23,GET,2831,1
23,GET,2847,1
23,GET,2863,1
23,GET,3295,1
23,GET,3455,1
23,DEL,84,1
23,DEL,85,2
23,DEL,87,3
23,DEL,88,4
23,DEL,89,4
23,DEL,90,6
23,DEL,91,16
23,DEL,92,12
23,DEL,93,21
23,DEL,94,22
23,DEL,95,33
23,DEL,96,62
23,DEL,97,64
23,DEL,98,87
23,DEL,99,98
23,DEL,100,138
23,DEL,101,182
23,DEL,102,212
23,DEL,103,241
23,DEL,104,271
23,DEL,105,302
23,DEL,106,384
23,DEL,107,370
23,DEL,108,475
23,DEL,109,535
23,DEL,110,588
23,DEL,111,631
23,DEL,112,694
23,DEL,113,752
23,DEL,114,799
23,DEL,115,921
23,DEL,116,1013
23,DEL,117,1022
23,DEL,118,1156
23,DEL,119,1208
23,DEL,120,1238
23,DEL,121,1345
23,DEL,122,1393
23,DEL,123,1560
23,DEL,124,1564
23,DEL,125,1651
23,DEL,126,1625
23,DEL,127,1702
23,DEL,128,1798
23,DEL,129,1842
23,DEL,130,1876
23,DEL,131,1892
23,DEL,132,1898
23,DEL,133,2016
23,DEL,134,2066
23,DEL,135,2167
23,DEL,136,2068
23,DEL,137,2179
23,DEL,138,2168
23,DEL,139,2187
23,DEL,140,2226
23,DEL,141,2272
23,DEL,142,2286
23,DEL,143,2305
23,DEL,144,2254
23,DEL,145,2302
23,DEL,146,2261
23,DEL,147,2244
23,DEL,148,2269
23,DEL,149,2164
23,DEL,150,2224
23,DEL,151,2202
23,DEL,152,2164
23,DEL,153,2098
23,DEL,154,2080
23,DEL,155,2068
23,DEL,156,1942
23,DEL,157,1946
23,DEL,158,1959
23,DEL,159,1959
23,DEL,160,1917
23,DEL,161,1858
23,DEL,162,1832
23,DEL,163,1844
23,DEL,164,1732
23,DEL,165,1725
23,DEL,166,1638
23,DEL,167,1585
23,DEL,168,1619
23,DEL,169,1568
23,DEL,170,1462
23,DEL,171,1507
23,DEL,172,1488
23,DEL,173,1373
23,DEL,174,1389
23,DEL,175,1351
23,DEL,176,1358
23,DEL,177,1350
23,DEL,178,1173
23,DEL,179,1157
23,DEL,180,1112
23,DEL,181,1109
23,DEL,182,1035
23,DEL,183,1051
23,DEL,184,1036
23,DEL,185,1004
23,DEL,186,959
23,DEL,187,909
23,DEL,188,896
23,DEL,189,910
23,DEL,190,797
23,DEL,191,788
23,DEL,192,728
23,DEL,193,777
23,DEL,194,701
23,DEL,195,682
23,DEL,196,702
23,DEL,197,679
23,DEL,198,648
23,DEL,199,627
23,DEL,200,582
23,DEL,201,546
23,DEL,202,560
23,DEL,203,495
23,DEL,204,521
23,DEL,205,485
23,DEL,206,470
23,DEL,207,451
23,DEL,208,431
23,DEL,209,445
23,DEL,210,433
23,DEL,211,404
23,DEL,212,385
23,DEL,213,370
23,DEL,214,377
23,DEL,215,347
23,DEL,216,350
23,DEL,217,301
23,DEL,218,288
23,DEL,219,286
23,DEL,220,268
23,DEL,221,255
23,DEL,222,226
23,DEL,223,250
23,DEL,224,249
23,DEL,225,218
23,DEL,226,217
23,DEL,227,200
23,DEL,228,196
23,DEL,229,183
23,DEL,230,190
23,DEL,231,178
23,DEL,232,176
23,DEL,233,181
23,DEL,234,142
23,DEL,235,158
23,DEL,236,151
23,DEL,237,135
23,DEL,238,122
23,DEL,239,150
23,DEL,240,119
23,DEL,241,133
23,DEL,242,125
23,DEL,243,111
23,DEL,244,88
23,DEL,245,132
23,DEL,246,107
23,DEL,247,98
23,DEL,248,109
23,DEL,249,79
23,DEL,250,79
23,DEL,251,82
23,DEL,252,81
23,DEL,253,74
23,DEL,254,64
23,DEL,255,79
23,DEL,257,140
23,DEL,259,134
23,DEL,261,104
23,DEL,263,119
23,DEL,265,100
23,DEL,267,113
23,DEL,269,92
23,DEL,271,72
23,DEL,273,74
23,DEL,275,78
23,DEL,277,69
23,DEL,279,59
23,DEL,281,71
23,DEL,283,53
23,DEL,285,54
23,DEL,287,36
23,DEL,289,38
23,DEL,291,41
23,DEL,293,37
23,DEL,295,40
23,DEL,297,36
23,DEL,299,29
23,DEL,301,34
23,DEL,303,26
23,DEL,305,31
23,DEL,307,21
23,DEL,309,15
23,DEL,311,25
23,DEL,313,23
23,DEL,315,24
23,DEL,317,23
23,DEL,319,13
23,DEL,321,23
23,DEL,323,23
23,DEL,325,19
23,DEL,327,20
23,DEL,329,13
23,DEL,331,9
23,DEL,333,15
23,DEL,335,9
23,DEL,337,14
23,DEL,339,12
23,DEL,341,17
23,DEL,343,12
23,DEL,345,10
23,DEL,347,8
23,DEL,349,5
23,DEL,351,15
23,DEL,353,6
23,DEL,355,5
23,DEL,357,6
23,DEL,359,8
23,DEL,361,4
23,DEL,363,6
23,DEL,365,5
23,DEL,367,2
23,DEL,369,4
23,DEL,371,6
23,DEL,373,5
23,DEL,375,4
23,DEL,377,3
23,DEL,379,2
23,DEL,381,2
23,DEL,383,4
23,DEL,385,1
23,DEL,387,2
23,DEL,389,3
23,DEL,391,2
23,DEL,393,3
23,DEL,397,6
23,DEL,399,3
23,DEL,401,2
23,DEL,403,2
23,DEL,405,1
23,DEL,407,1
23,DEL,409,2
23,DEL,411,3
23,DEL,413,1
23,DEL,415,1
23,DEL,417,2
23,DEL,419,3
23,DEL,421,2
23,DEL,423,1
23,DEL,425,1
23,DEL,427,1
23,DEL,429,3
23,DEL,433,1
23,DEL,435,1
23,DEL,437,5
23,DEL,439,2
23,DEL,441,1
23,DEL,443,1
23,DEL,445,3
23,DEL,447,1
23,DEL,449,2
23,DEL,453,3
23,DEL,455,2
23,DEL,457,3
23,DEL,459,1
23,DEL,461,5
23,DEL,463,3
23,DEL,465,1
23,DEL,467,1
23,DEL,469,1
23,DEL,475,1
23,DEL,477,2
23,DEL,479,1
23,DEL,483,2
23,DEL,485,2
23,DEL,487,2
23,DEL,489,1
23,DEL,491,2
23,DEL,495,3
23,DEL,499,1
23,DEL,501,2
23,DEL,505,3
23,DEL,507,1
23,DEL,515,2
23,DEL,527,1
23,DEL,531,1
23,DEL,535,1
23,DEL,543,1
23,DEL,547,2
23,DEL,551,1
23,DEL,555,2
23,DEL,559,3
23,DEL,567,1
23,DEL,571,2
23,DEL,575,2
23,DEL,579,3
23,DEL,583,2
23,DEL,587,2
23,DEL,591,2
23,DEL,599,1
23,DEL,603,1
23,DEL,611,1
23,DEL,615,5
23,DEL,619,1
23,DEL,623,1
23,DEL,627,2
23,DEL,635,3
23,DEL,639,2
23,DEL,643,1
23,DEL,647,2
23,DEL,651,3
23,DEL,667,2
23,DEL,671,1
23,DEL,675,1
23,DEL,679,1
23,DEL,683,2
23,DEL,687,1
23,DEL,691,1
23,DEL,695,1
23,DEL,703,1
23,DEL,707,1
23,DEL,715,1
23,DEL,727,1
23,DEL,735,1
23,DEL,739,1
23,DEL,743,1
23,DEL,747,1
23,DEL,787,1
23,DEL,803,1
23,DEL,807,1
23,DEL,811,1
23,DEL,823,1
23,DEL,827,1
23,DEL,843,1
23,DEL,851,1
23,DEL,867,1
23,DEL,875,1
23,DEL,903,2
23,DEL,907,1
23,DEL,915,1
23,DEL,939,1
23,DEL,979,1
23,DEL,987,1
23,DEL,1003,1
23,DEL,1047,1
23,DEL,1079,1
23,DEL,1119,1
23,DEL,1167,1
23,DEL,1239,1
23,DEL,1303,1
23,DEL,1375,1
23,DEL,1503,1
23,DEL,1543,1
23,DEL,1799,1
23,DEL,1815,1
23,DEL,1887,1
23,DEL,1951,1
23,DEL,2063,1
23,DEL,2175,1
23,DEL,2239,1
23,DEL,2671,1
23,DEL,2799,1
24,GET,82,1
24,GET,83,2
24,GET,84,1
24,GET,85,5
24,GET,86,8
24,GET,87,9
24,GET,88,16
24,GET,89,21
24,GET,90,42
24,GET,91,48
24,GET,92,61
24,GET,93,95
24,GET,94,129
24,GET,95,138
24,GET,96,182
24,GET,97,234
24,GET,98,317
24,GET,99,401
24,GET,100,447
24,GET,101,529
24,GET,102,670
24,GET,103,758
24,GET,104,853
24,GET,105,1074
24,GET,106,1149
24,GET,107,1314
24,GET,108,1431
24,GET,109,1503
24,GET,110,1769
24,GET,111,1894
24,GET,112,2116
24,GET,113,2262
24,GET,114,2410
24,GET,115,2658
24,GET,116,2875
24,GET,117,3036
24,GET,118,3285
24,GET,119,3497
24,GET,120,3596
24,GET,121,3842
24,GET,122,4150
24,GET,123,4323
24,GET,124,4479
24,GET,125,4761
24,GET,126,4779
24,GET,127,5032
24,GET,128,5258
24,GET,129,5301
24,GET,130,5491
24,GET,131,5656
24,GET,132,5684
24,GET,133,5846
24,GET,134,5865
24,GET,135,6069
24,GET,136,6133
24,GET,137,6151
24,GET,138,6078
24,GET,139,6260
24,GET,140,6328
24,GET,141,6452
24,GET,142,6501
24,GET,143,6477
24,GET,144,6421
24,GET,145,6087
24,GET,146,6281
24,GET,147,6421
24,GET,148,6140
24,GET,149,6384
24,GET,150,6254
24,GET,151,6063
24,GET,152,6017
24,GET,153,5913
24,GET,154,5744
24,GET,155,5774
24,GET,156,5653
24,GET,157,5522
24,GET,158,5327
24,GET,159,5248
24,GET,160,5207
24,GET,161,4960
24,GET,162,4938
24,GET,163,4994
24,GET,164,4743
24,GET,165,4738
24,GET,166,4569
24,GET,167,4433
24,GET,168,4387
24,GET,169,4188
24,GET,170,4081
24,GET,171,4078
24,GET,172,3791
24,GET,173,3805
24,GET,174,3622
24,GET,175,3703
24,GET,176,3477
24,GET,177,3441
24,GET,178,3265
24,GET,179,3089
24,GET,180,3009
24,GET,181,3048
24,GET,182,2900
24,GET,183,2802
24,GET,184,2676
24,GET,185,2709
24,GET,186,2638
24,GET,187,2485
24,GET,188,2395
24,GET,189,2161
24,GET,190,2226
24,GET,191,2210
24,GET,192,2084
24,GET,193,2001
24,GET,194,1911
24,GET,195,1863
24,GET,196,1819
24,GET,197,1751
24,GET,198,1642
24,GET,199,1666
24,GET,200,1596
24,GET,201,1478
24,GET,202,1486
24,GET,203,1401
24,GET,204,1381
24,GET,205,1309
24,GET,206,1271
24,GET,207,1268
24,GET,208,1185
24,GET,209,1171
24,GET,210,1056
24,GET,211,1043
24,GET,212,1033
24,GET,213,957
24,GET,214,962
24,GET,215,871
24,GET,216,809
24,GET,217,790
24,GET,218,775
24,GET,219,775
24,GET,220,764
24,GET,221,767
24,GET,222,685
24,GET,223,664
24,GET,224,595
24,GET,225,641
24,GET,226,569
24,GET,227,555
24,GET,228,554
24,GET,229,520
24,GET,230,505
24,GET,231,478
24,GET,232,488
24,GET,233,491
24,GET,234,468
24,GET,235,415
24,GET,236,436
24,GET,237,409
24,GET,238,368
24,GET,239,352
24,GET,240,348
24,GET,241,384
24,GET,242,362
24,GET,243,328
24,GET,244,325
24,GET,245,307
24,GET,246,270
24,GET,247,293
24,GET,248,285
24,GET,249,269
24,GET,250,238
24,GET,251,237
24,GET,252,226
24,GET,253,219
24,GET,254,211
24,GET,255,194
24,GET,257,339
24,GET,259,368
24,GET,261,323
24,GET,263,289
24,GET,265,301
24,GET,267,293
24,GET,269,248
24,GET,271,241
24,GET,273,239
24,GET,275,198
24,GET,277,199
24,GET,279,159
24,GET,281,171
24,GET,283,184
24,GET,285,148
24,GET,287,136
24,GET,289,139
24,GET,291,125
24,GET,293,122
24,GET,295,139
24,GET,297,99
24,GET,299,108
24,GET,301,91
24,GET,303,90
24,GET,305,78
24,GET,307,77
24,GET,309,74
24,GET,311,80
24,GET,313,74
24,GET,315,47
24,GET,317,49
24,GET,319,69
24,GET,321,56
24,GET,323,47
24,GET,325,48
24,GET,327,51
24,GET,329,38
24,GET,331,38
24,GET,333,48
24,GET,335,37
24,GET,337,34
24,GET,339,31
24,GET,341,34
24,GET,343,25
24,GET,345,29
24,GET,347,23
24,GET,349,20
24,GET,351,31
24,GET,353,29
24,GET,355,23
24,GET,357,30
24,GET,359,25
24,GET,361,16
24,GET,363,22
24,GET,365,15
24,GET,367,16
24,GET,369,15
24,GET,371,17
24,GET,373,19
24,GET,375,17
24,GET,377,18
24,GET,379,10
24,GET,381,10
24,GET,383,7
24,GET,385,11
24,GET,387,9
24,GET,389,12
24,GET,391,12
24,GET,393,13
24,GET,395,14
24,GET,397,13
24,GET,399,11
24,GET,401,12
24,GET,403,11
24,GET,405,12
24,GET,407,10
24,GET,409,8
24,GET,411,6
24,GET,413,13
24,GET,415,18
24,GET,417,8
24,GET,419,8
24,GET,421,7
24,GET,423,6
24,GET,425,4
24,GET,427,7
24,GET,429,7
24,GET,431,10
24,GET,433,6
24,GET,435,6
24,GET,437,7
24,GET,439,1
24,GET,441,6
24,GET,443,7
24,GET,445,7
24,GET,447,5
24,GET,449,6
24,GET,451,6
24,GET,453,4
24,GET,455,4
24,GET,457,3
24,GET,459,7
24,GET,461,7
24,GET,463,5
24,GET,465,8
24,GET,467,5
24,GET,469,4
24,GET,471,5
24,GET,473,3
24,GET,475,6
24,GET,477,5
24,GET,479,3
24,GET,481,8
24,GET,483,3
24,GET,485,6
24,GET,487,3
24,GET,489,2
24,GET,491,4
24,GET,493,3
24,GET,495,1
24,GET,497,2
24,GET,499,4
24,GET,501,3
24,GET,503,2
24,GET,505,2
24,GET,507,3
24,GET,509,4
24,GET,511,2
24,GET,515,10
24,GET,519,7
24,GET,523,5
24,GET,527,3
24,GET,531,6
24,GET,535,9
24,GET,539,9
24,GET,543,3
24,GET,547,4
24,GET,551,1
24,GET,555,6
24,GET,559,5
24,GET,563,7
24,GET,567,7
24,GET,571,4
24,GET,575,3
24,GET,579,3
24,GET,583,4
24,GET,587,5
24,GET,591,8
24,GET,595,5
24,GET,599,6
24,GET,603,7
24,GET,607,3
24,GET,611,2
24,GET,615,4
24,GET,619,1
24,GET,623,5
24,GET,627,2
24,GET,631,5
24,GET,635,2
24,GET,639,3
24,GET,647,5
24,GET,651,3
24,GET,655,5
24,GET,659,2
24,GET,663,4
24,GET,671,3
24,GET,675,4
24,GET,679,3
24,GET,683,4
24,GET,687,2
24,GET,691,4
24,GET,695,4
24,GET,699,2
24,GET,703,2
24,GET,707,1
24,GET,711,2
24,GET,715,1
24,GET,719,2
24,GET,723,1
24,GET,727,5
24,GET,731,2
24,GET,735,5
24,GET,739,1
24,GET,743,1
24,GET,747,1
24,GET,751,3
24,GET,755,1
24,GET,763,1
24,GET,767,3
24,GET,771,3
24,GET,775,2
24,GET,779,2
24,GET,795,1
24,GET,803,1
24,GET,807,2
24,GET,811,2
24,GET,815,2
24,GET,819,1
24,GET,823,5
24,GET,827,1
24,GET,831,1
24,GET,835,2
24,GET,839,1
24,GET,843,2
24,GET,847,2
24,GET,851,2
24,GET,855,1
24,GET,859,1
24,GET,863,1
24,GET,867,5
24,GET,871,3
24,GET,875,3
24,GET,879,1
24,GET,883,1
24,GET,887,1
24,GET,891,1
24,GET,899,2
24,GET,903,2
24,GET,911,2
24,GET,915,1
24,GET,919,2
24,GET,935,2
24,GET,939,1
24,GET,943,1
24,GET,947,2
24,GET,955,1
24,GET,963,1
24,GET,971,1
24,GET,979,1
24,GET,983,2
24,GET,987,1
24,GET,995,1
24,GET,999,1
24,GET,1003,2
24,GET,1007,1
24,GET,1015,1
24,GET,1039,3
24,GET,1055,1
24,GET,1063,3
24,GET,1079,1
24,GET,1103,3
24,GET,1111,1
24,GET,1127,1
24,GET,1143,1
24,GET,1167,1
24,GET,1191,1
24,GET,1207,1
24,GET,1215,1
24,GET,1231,1
24,GET,1255,2
24,GET,1279,1
24,GET,1295,1
24,GET,1311,1
24,GET,1319,1
24,GET,1367,1
24,GET,1391,1
24,GET,1423,1
24,GET,1455,1
24,GET,1479,1
24,GET,1551,1
24,GET,1639,2
24,GET,1671,1
24,GET,1687,1
24,GET,1695,1
24,GET,1743,1
24,GET,1863,1
24,GET,1927,2
24,GET,1935,1
24,GET,1975,1
24,GET,2039,1
24,GET,2047,1
24,GET,2063,1
24,GET,2095,1
24,GET,2111,1
24,GET,2303,1
24,GET,2335,1
24,GET,2527,1
24,GET,2543,2
24,GET,2607,1
24,DEL,82,1
24,DEL,86,6
24,DEL,88,3
24,DEL,89,6
24,DEL,90,9
24,DEL,91,12
24,DEL,92,21
24,DEL,93,27
24,DEL,94,48
24,DEL,95,37
24,DEL,96,64
24,DEL,97,58
24,DEL,98,83
24,DEL,99,125
24,DEL,100,135
24,DEL,101,179
24,DEL,102,221
24,DEL,103,234
24,DEL,104,291
24,DEL,105,321
24,DEL,106,402
24,DEL,107,450
24,DEL,108,434
24,DEL,109,494
24,DEL,110,612
24,DEL,111,599
24,DEL,112,748
24,DEL,113,741
24,DEL,114,868
24,DEL,115,869
24,DEL,116,957
24,DEL,117,1056
24,DEL,118,1129
24,DEL,119,1164
24,DEL,120,1260
24,DEL,121,1399
24,DEL,122,1375
24,DEL,123,1483
24,DEL,124,1502
24,DEL,125,1676
24,DEL,126,1671
24,DEL,127,1780
24,DEL,128,1792
24,DEL,129,1933
24,DEL,130,1857
24,DEL,131,1882
24,DEL,132,1898
24,DEL,133,2040
24,DEL,134,2009
24,DEL,135,2109
24,DEL,136,2081
24,DEL,137,2120
24,DEL,138,2199
24,DEL,139,2296
24,DEL,140,2195
24,DEL,141,2258
24,DEL,142,2243
24,DEL,143,2233
24,DEL,144,2340
24,DEL,145,2259
24,DEL,146,2214
24,DEL,147,2175
24,DEL,148,2262
24,DEL,149,2213
24,DEL,150,2344
24,DEL,151,2202
24,DEL,152,2137
24,DEL,153,2165
24,DEL,154,2051
24,DEL,155,2080
24,DEL,156,2009
24,DEL,157,1938
24,DEL,158,1927
24,DEL,159,1897
24,DEL,160,1804
24,DEL,161,1829
24,DEL,162,1813
24,DEL,163,1817
24,DEL,164,1737
24,DEL,165,1755
24,DEL,166,1653
24,DEL,167,1613
24,DEL,168,1607
24,DEL,169,1521
24,DEL,170,1533
24,DEL,171,1439
24,DEL,172,1469
24,DEL,173,1443
24,DEL,174,1404
24,DEL,175,1354
24,DEL,176,1263
24,DEL,177,1248
24,DEL,178,1246
24,DEL,179,1170
24,DEL,180,1113
24,DEL,181,1102
24,DEL,182,1037
24,DEL,183,983
24,DEL,184,952
24,DEL,185,911
24,DEL,186,899
24,DEL,187,863
24,DEL,188,876
24,DEL,189,815
24,DEL,190,825
24,DEL,191,789
24,DEL,192,787
24,DEL,193,742
24,DEL,194,738
24,DEL,195,660
24,DEL,196,717
24,DEL,197,673
24,DEL,198,647
24,DEL,199,594
24,DEL,200,618
24,DEL,201,603
24,DEL,202,535
24,DEL,203,526
24,DEL,204,496
24,DEL,205,508
24,DEL,206,451
24,DEL,207,469
24,DEL,208,441
24,DEL,209,408
24,DEL,210,401
24,DEL,211,411
24,DEL,212,392
24,DEL,213,388
24,DEL,214,336
24,DEL,215,314
24,DEL,216,324
24,DEL,217,318
24,DEL,218,316
24,DEL,219,267
24,DEL,220,279
24,DEL,221,277
24,DEL,222,281
24,DEL,223,261
24,DEL,224,231
24,DEL,225,247
24,DEL,226,214
24,DEL,227,206
24,DEL,228,188
24,DEL,229,194
24,DEL,230,218
24,DEL,231,199
24,DEL,232,190
24,DEL,233,189
24,DEL,234,148
24,DEL,235,169
24,DEL,236,155
24,DEL,237,133
24,DEL,238,141
24,DEL,239,132
24,DEL,240,123
24,DEL,241,148
24,DEL,242,112
24,DEL,243,125
24,DEL,244,126
24,DEL,245,113
24,DEL,246,129
24,DEL,247,96
24,DEL,248,114
24,DEL,249,96
24,DEL,250,91
24,DEL,251,90
24,DEL,252,80
24,DEL,253,71
24,DEL,254,71
24,DEL,255,76
24,DEL,257,135
24,DEL,259,136
24,DEL,261,132
24,DEL,263,118
24,DEL,265,119
24,DEL,267,111
24,DEL,269,96
24,DEL,271,84
24,DEL,273,95
24,DEL,275,66
24,DEL,277,71
24,DEL,279,75
24,DEL,281,60
24,DEL,283,56
24,DEL,285,59
24,DEL,287,53
24,DEL,289,44
24,DEL,291,49
24,DEL,293,46
24,DEL,295,41
24,DEL,297,38
24,DEL,299,35
24,DEL,301,42
24,DEL,303,24
24,DEL,305,21
24,DEL,307,36
24,DEL,309,20
24,DEL,311,24
24,DEL,313,32
24,DEL,315,22
24,DEL,317,16
24,DEL,319,20
24,DEL,321,14
24,DEL,323,13
24,DEL,325,22
24,DEL,327,19
24,DEL,329,13
24,DEL,331,16
24,DEL,333,14
24,DEL,335,19
24,DEL,337,13
24,DEL,339,8
24,DEL,341,15
24,DEL,343,11
24,DEL,345,12
24,DEL,347,10
24,DEL,349,11
24,DEL,351,2
24,DEL,353,6
24,DEL,355,10
24,DEL,357,13
24,DEL,359,6
24,DEL,361,5
24,DEL,363,6
24,DEL,365,3
24,DEL,367,6
24,DEL,369,7
24,DEL,371,1
24,DEL,373,9
24,DEL,375,3
24,DEL,377,11
24,DEL,379,7
24,DEL,381,6
24,DEL,383,4
24,DEL,385,5
24,DEL,387,3
24,DEL,389,7
24,DEL,391,4
24,DEL,393,2
24,DEL,395,5
24,DEL,397,4
24,DEL,399,2
24,DEL,401,3
24,DEL,403,5
24,DEL,405,5
24,DEL,407,2
24,DEL,409,2
24,DEL,411,4
24,DEL,413,4
24,DEL,415,8
24,DEL,417,5
24,DEL,419,4
24,DEL,421,4
24,DEL,423,2
24,DEL,425,4
24,DEL,427,4
24,DEL,429,2
24,DEL,431,4
24,DEL,433,2
24,DEL,435,1
24,DEL,437,3
24,DEL,439,3
24,DEL,443,1
24,DEL,445,3
24,DEL,447,1
24,DEL,449,2
24,DEL,451,3
24,DEL,453,1
24,DEL,455,2
24,DEL,457,3
24,DEL,461,4
24,DEL,463,3
24,DEL,465,4
24,DEL,467,5
24,DEL,471,2
24,DEL,473,4
24,DEL,475,5
24,DEL,477,4
24,DEL,479,2
24,DEL,481,1
24,DEL,485,4
24,DEL,487,2
24,DEL,489,2
24,DEL,491,2
24,DEL,499,1
24,DEL,505,3
24,DEL,507,3
24,DEL,515,2
24,DEL,519,4
24,DEL,523,7
24,DEL,527,4
24,DEL,531,3
24,DEL,535,4
24,DEL,543,2
24,DEL,547,5
24,DEL,551,4
24,DEL,555,3
24,DEL,559,2
24,DEL,563,3
24,DEL,571,1
24,DEL,575,2
24,DEL,579,1
24,DEL,583,2
24,DEL,587,1
24,DEL,591,4
24,DEL,595,4
24,DEL,599,4
24,DEL,603,1
24,DEL,607,2
24,DEL,611,4
24,DEL,615,3
24,DEL,619,2
24,DEL,623,1
24,DEL,627,2
24,DEL,631,1
24,DEL,635,2
24,DEL,643,1
24,DEL,647,1
24,DEL,651,2
24,DEL,655,1
24,DEL,659,4
24,DEL,663,1
24,DEL,667,3
24,DEL,671,3
24,DEL,675,6
24,DEL,679,3
24,DEL,683,1
24,DEL,687,1
24,DEL,691,1
24,DEL,695,2
24,DEL,703,1
24,DEL,707,1
24,DEL,715,2
24,DEL,723,2
24,DEL,727,1
24,DEL,747,1
24,DEL,751,1
24,DEL,755,1
24,DEL,759,2
24,DEL,767,1
24,DEL,775,1
24,DEL,783,1
24,DEL,787,1
24,DEL,795,1
24,DEL,803,3
24,DEL,859,1
24,DEL,863,1
24,DEL,867,1
24,DEL,883,2
24,DEL,887,1
24,DEL,903,1
24,DEL,907,1
24,DEL,911,1
24,DEL,915,1
24,DEL,927,1
24,DEL,951,1
24,DEL,967,1
24,DEL,1031,1
24,DEL,1039,2
24,DEL,1071,2
24,DEL,1087,1
24,DEL,1095,1
24,DEL,1127,2
24,DEL,1175,1
24,DEL,1215,1
24,DEL,1231,3
24,DEL,1295,1
24,DEL,1391,1
24,DEL,1591,1
24,DEL,1599,1
24,DEL,1679,1
24,DEL,1751,1
24,DEL,1807,1
24,DEL,1847,1
24,DEL,1943,1
24,DEL,1951,1
24,DEL,2207,1
24,DEL,2303,1
24,DEL,2703,1
24,DEL,2783,1
24,DEL,2831,1
24,DEL,2991,1
24,SET,92,5
24,SET,93,5
24,SET,94,6
24,SET,95,3
24,SET,96,5
24,SET,97,13
24,SET,98,10
24,SET,99,11
24,SET,100,13
24,SET,101,27
24,SET,102,20
24,SET,103,25
24,SET,104,33
24,SET,105,27
24,SET,106,51
24,SET,107,61
24,SET,108,67
24,SET,109,72
24,SET,110,56
24,SET,111,80
24,SET,112,95
24,SET,113,113
24,SET,114,103
24,SET,115,153
24,SET,116,143
24,SET,117,144
24,SET,118,153
24,SET,119,193
24,SET,120,178
24,SET,121,221
24,SET,122,226
24,SET,123,222
24,SET,124,240
24,SET,125,229
24,SET,126,252
24,SET,127,286
24,SET,128,337
24,SET,129,306
24,SET,130,343
24,SET,131,336
24,SET,132,378
24,SET,133,371
24,SET,134,359
24,SET,135,379
24,SET,136,392
24,SET,137,374
24,SET,138,430
24,SET,139,468
24,SET,140,411
24,SET,141,435
24,SET,142,423
24,SET,143,392
24,SET,144,448
24,SET,145,425
24,SET,146,408
24,SET,147,477
24,SET,148,430
24,SET,149,471
24,SET,150,467
24,SET,151,453
24,SET,152,447
24,SET,153,466
24,SET,154,377
24,SET,155,394
24,SET,156,414
24,SET,157,426
24,SET,158,436
24,SET,159,419
24,SET,160,374
24,SET,161,381
24,SET,162,349
24,SET,163,415
24,SET,164,380
24,SET,165,382
24,SET,166,361
24,SET,167,378
24,SET,168,351
24,SET,169,330
24,SET,170,328
24,SET,171,299
24,SET,172,314
24,SET,173,319
24,SET,174,317
24,SET,175,296
24,SET,176,297
24,SET,177,301
24,SET,178,287
24,SET,179,266
24,SET,180,235
24,SET,181,255
24,SET,182,255
24,SET,183,234
24,SET,184,236
24,SET,185,229
24,SET,186,243
24,SET,187,221
24,SET,188,213
24,SET,189,178
24,SET,190,196
24,SET,191,175
24,SET,192,200
24,SET,193,175
24,SET,194,177
24,SET,195,163
24,SET,196,154
24,SET,197,146
24,SET,198,144
24,SET,199,160
24,SET,200,127
24,SET,201,148
24,SET,202,128
24,SET,203,138
24,SET,204,132
24,SET,205,124
24,SET,206,117
24,SET,207,116
24,SET,208,97
24,SET,209,93
24,SET,210,86
24,SET,211,116
24,SET,212,76
24,SET,213,91
24,SET,214,83
24,SET,215,73
24,SET,216,79
24,SET,217,91
24,SET,218,86
24,SET,219,67
24,SET,220,73
24,SET,221,66
24,SET,222,77
24,SET,223,52
24,SET,224,53
24,SET,225,54
24,SET,226,57
24,SET,227,56
24,SET,228,59
24,SET,229,52
24,SET,230,59
24,SET,231,49
24,SET,232,47
24,SET,233,40
24,SET,234,37
24,SET,235,31
24,SET,236,53
24,SET,237,36
24,SET,238,40
24,SET,239,47
24,SET,240,35
24,SET,241,21
24,SET,242,37
24,SET,243,33
24,SET,244,28
24,SET,245,27
24,SET,246,25
24,SET,247,25
24,SET,248,25
24,SET,249,23
24,SET,250,29
24,SET,251,18
24,SET,252,16
24,SET,253,15
24,SET,254,20
24,SET,255,17
24,SET,257,36
24,SET,259,33
24,SET,261,34
24,SET,263,23
24,SET,265,20
24,SET,267,27
24,SET,269,23
24,SET,271,26
24,SET,273,19
24,SET,275,15
24,SET,277,11
24,SET,279,19
24,SET,281,14
24,SET,283,10
24,SET,285,20
24,SET,287,11
24,SET,289,9
24,SET,291,7
24,SET,293,7
24,SET,295,9
24,SET,297,9
24,SET,299,10
24,SET,301,11
24,SET,303,6
24,SET,305,9
24,SET,307,8
24,SET,309,7
24,SET,311,8
24,SET,313,2
24,SET,315,8
24,SET,317,4
24,SET,319,8
24,SET,321,5
24,SET,323,4
24,SET,325,8
24,SET,327,1
24,SET,329,6
24,SET,331,2
24,SET,333,5
24,SET,335,3
24,SET,337,2
24,SET,339,3
24,SET,341,4
24,SET,343,2
24,SET,345,2
24,SET,347,3
24,SET,349,4
24,SET,351,3
24,SET,353,2
24,SET,355,5
24,SET,357,3
24,SET,359,1
24,SET,361,4
24,SET,363,3
24,SET,369,1
24,SET,371,2
24,SET,373,1
24,SET,377,3
24,SET,379,2
24,SET,383,1
24,SET,387,2
24,SET,389,1
24,SET,391,2
24,SET,393,1
24,SET,401,1
24,SET,403,2
24,SET,405,2
24,SET,407,1
24,SET,409,1
24,SET,411,2
24,SET,413,2
24,SET,415,1
24,SET,417,3
24,SET,419,1
24,SET,423,1
24,SET,425,1
24,SET,433,1
24,SET,435,2
24,SET,437,1
24,SET,445,1
24,SET,453,1
24,SET,457,1
24,SET,459,1
24,SET,467,1
24,SET,469,1
24,SET,475,1
24,SET,477,1
24,SET,481,1
24,SET,497,1
24,SET,515,1
24,SET,519,2
24,SET,523,1
24,SET,527,2
24,SET,543,1
24,SET,547,1
24,SET,563,1
24,SET,575,1
24,SET,579,1
24,SET,591,2
24,SET,595,2
24,SET,603,1
24,SET,607,2
24,SET,627,2
24,SET,647,2
24,SET,651,3
24,SET,655,1
24,SET,659,3
24,SET,715,1
24,SET,731,1
24,SET,739,1
24,SET,743,1
24,SET,755,2
24,SET,779,1
24,SET,799,1
24,SET,823,1
24,SET,851,1
24,SET,883,1
24,SET,915,1
24,SET,1055,1
24,SET,1167,1
24,SET,1191,1
24,SET,1247,1
24,SET,1263,1
24,SET,1423,1
24,SET,2943,1
25,SET,94,1
25,SET,95,2
25,SET,96,3
25,SET,97,2
25,SET,98,4
25,SET,99,8
25,SET,100,10
25,SET,101,7
25,SET,102,18
25,SET,103,20
25,SET,104,22
25,SET,105,27
25,SET,106,37
25,SET,107,47
25,SET,108,43
25,SET,109,57
25,SET,110,66
25,SET,111,79
25,SET,112,71
25,SET,113,76
25,SET,114,106
25,SET,115,135
25,SET,116,126
25,SET,117,160
25,SET,118,133
25,SET,119,163
25,SET,120,193
25,SET,121,155
25,SET,122,201
25,SET,123,220
25,SET,124,243
25,SET,125,247
25,SET,126,240
25,SET,127,278
25,SET,128,295
25,SET,129,312
25,SET,130,314
25,SET,131,322
25,SET,132,344
25,SET,133,340
25,SET,134,373
25,SET,135,347
25,SET,136,381
25,SET,137,411
25,SET,138,373
25,SET,139,407
25,SET,140,399
25,SET,141,380
25,SET,142,411
25,SET,143,395
25,SET,144,455
25,SET,145,401
25,SET,146,458
25,SET,147,439
25,SET,148,446
25,SET,149,418
25,SET,150,489
25,SET,151,468
25,SET,152,471
25,SET,153,438
25,SET,154,411
25,SET,155,415
25,SET,156,446
25,SET,157,432
25,SET,158,426
25,SET,159,403
25,SET,160,420
25,SET,161,411
25,SET,162,411
25,SET,163,389
25,SET,164,365
25,SET,165,388
25,SET,166,408
25,SET,167,374
25,SET,168,368
25,SET,169,358
25,SET,170,316
25,SET,171,351
25,SET,172,308
25,SET,173,322
25,SET,174,300
25,SET,175,289
25,SET,176,322
25,SET,177,267
25,SET,178,288
25,SET,179,269
25,SET,180,274
25,SET,181,284
25,SET,182,258
25,SET,183,245
25,SET,184,219
25,SET,185,242
25,SET,186,214
25,SET,187,228
25,SET,188,219
25,SET,189,218
25,SET,190,210
25,SET,191,195
25,SET,192,189
25,SET,193,193
25,SET,194,160
25,SET,195,141
25,SET,196,165
25,SET,197,142
25,SET,198,160
25,SET,199,151
25,SET,200,120
25,SET,201,122
25,SET,202,122
25,SET,203,120
25,SET,204,134
25,SET,205,104
25,SET,206,110
25,SET,207,121
25,SET,208,107
25,SET,209,116
25,SET,210,102
25,SET,211,102
25,SET,212,81
25,SET,213,98
25,SET,214,78
25,SET,215,74
25,SET,216,69
25,SET,217,84
25,SET,218,83
25,SET,219,69
25,SET,220,70
25,SET,221,55
25,SET,222,66
25,SET,223,63
25,SET,224,64
25,SET,225,61
25,SET,226,65
25,SET,227,46
25,SET,228,43
25,SET,229,59
25,SET,230,55
25,SET,231,47
25,SET,232,52
25,SET,233,53
25,SET,234,51
25,SET,235,36
25,SET,236,38
25,SET,237,29
25,SET,238,32
25,SET,239,37
25,SET,240,37
25,SET,241,27
25,SET,242,24
25,SET,243,39
25,SET,244,27
25,SET,245,30
25,SET,246,27
25,SET,247,26
25,SET,248,30
25,SET,249,25
25,SET,250,28
25,SET,251,21
25,SET,252,24
25,SET,253,22
25,SET,254,22
25,SET,255,23
25,SET,257,40
25,SET,259,25
25,SET,261,29
25,SET,263,25
25,SET,265,22
25,SET,267,26
25,SET,269,19
25,SET,271,25
25,SET,273,22
25,SET,275,21
25,SET,277,20
25,SET,279,23
25,SET,281,16
25,SET,283,9
25,SET,285,12
25,SET,287,11
25,SET,289,6
25,SET,291,11
25,SET,293,6
25,SET,295,7
25,SET,297,9
25,SET,299,6
25,SET,301,8
25,SET,303,5
25,SET,305,14
25,SET,307,5
25,SET,309,6
25,SET,311,4
25,SET,313,5
25,SET,315,6
25,SET,317,4
25,SET,319,5
25,SET,321,4
25,SET,323,5
25,SET,325,5
25,SET,327,5
25,SET,329,4
25,SET,331,1
25,SET,333,5
25,SET,335,5
25,SET,337,5
25,SET,339,4
25,SET,341,3
25,SET,343,5
25,SET,345,2
25,SET,353,2
25,SET,357,1
25,SET,359,2
25,SET,361,1
25,SET,363,2
25,SET,369,4
25,SET,375,1
25,SET,377,2
25,SET,383,1
25,SET,391,2
25,SET,393,1
25,SET,405,1
25,SET,409,1
25,SET,411,1
25,SET,413,1
25,SET,417,1
25,SET,423,1
25,SET,429,1
25,SET,437,2
25,SET,439,1
25,SET,447,1
25,SET,451,2
25,SET,453,1
25,SET,477,2
25,SET,491,1
25,SET,503,1
25,SET,507,1
25,SET,519,1
25,SET,547,1
25,SET,551,2
25,SET,587,1
25,SET,591,1
25,SET,607,1
25,SET,635,1
25,SET,647,1
25,SET,651,1
25,SET,659,1
25,SET,667,1
25,SET,703,1
25,SET,747,1
25,SET,791,1
25,SET,803,1
25,SET,819,1
25,SET,919,1
25,SET,943,1
25,SET,987,1
25,SET,991,1
25,SET,1071,1
25,SET,1127,2
25,SET,1255,1
25,SET,1767,1
25,SET,1879,1
25,DEL,85,1
25,DEL,86,1
25,DEL,89,3
25,DEL,90,3
25,DEL,91,3
25,DEL,92,8
25,DEL,93,11
25,DEL,94,24
25,DEL,95,25
25,DEL,96,35
25,DEL,97,46
25,DEL,98,59
25,DEL,99,68
25,DEL,100,100
25,DEL,101,106
25,DEL,102,156
25,DEL,103,182
25,DEL,104,225
25,DEL,105,252
25,DEL,106,315
25,DEL,107,355
25,DEL,108,395
25,DEL,109,420
25,DEL,110,514
25,DEL,111,558
25,DEL,112,618
25,DEL,113,698
25,DEL,114,758
25,DEL,115,801
25,DEL,116,922
25,DEL,117,996
25,DEL,118,1069
25,DEL,119,1165
25,DEL,120,1200
25,DEL,121,1267
25,DEL,122,1322
25,DEL,123,1493
25,DEL,124,1499
25,DEL,125,1528
25,DEL,126,1636
25,DEL,127,1681
25,DEL,128,1729
25,DEL,129,1842
25,DEL,130,1905
25,DEL,131,1910
25,DEL,132,2006
25,DEL,133,1950
25,DEL,134,2043
25,DEL,135,2144
25,DEL,136,2108
25,DEL,137,2223
25,DEL,138,2255
25,DEL,139,2280
25,DEL,140,2219
25,DEL,141,2289
25,DEL,142,2342
25,DEL,143,2210
25,DEL,144,2312
25,DEL,145,2282
25,DEL,146,2371
25,DEL,147,2329
25,DEL,148,2316
25,DEL,149,2380
25,DEL,150,2370
25,DEL,151,2271
25,DEL,152,2234
25,DEL,153,2073
25,DEL,154,2175
25,DEL,155,2131
25,DEL,156,1994
25,DEL,157,2039
25,DEL,158,2005
25,DEL,159,1937
25,DEL,160,1908
25,DEL,161,1846
25,DEL,162,1914
25,DEL,163,1799
25,DEL,164,1806
25,DEL,165,1784
25,DEL,166,1746
25,DEL,167,1645
25,DEL,168,1622
25,DEL,169,1555
25,DEL,170,1607
25,DEL,171,1484
25,DEL,172,1437
25,DEL,173,1462
25,DEL,174,1426
25,DEL,175,1342
25,DEL,176,1257
25,DEL,177,1297
25,DEL,178,1194
25,DEL,179,1185
25,DEL,180,1212
25,DEL,181,1157
25,DEL,182,1067
25,DEL,183,1037
25,DEL,184,987
25,DEL,185,1010
25,DEL,186,979
25,DEL,187,942
25,DEL,188,919
25,DEL,189,849
25,DEL,190,834
25,DEL,191,839
25,DEL,192,737
25,DEL,193,761
25,DEL,194,769
25,DEL,195,665
25,DEL,196,691
25,DEL,197,659
25,DEL,198,653
25,DEL,199,662
25,DEL,200,604
25,DEL,201,584
25,DEL,202,545
25,DEL,203,492
25,DEL,204,518
25,DEL,205,492
25,DEL,206,465
25,DEL,207,465
25,DEL,208,448
25,DEL,209,409
25,DEL,210,396
25,DEL,211,397
25,DEL,212,386
25,DEL,213,345
25,DEL,214,303
25,DEL,215,319
25,DEL,216,322
25,DEL,217,299
25,DEL,218,313
25,DEL,219,276
25,DEL,220,290
25,DEL,221,278
25,DEL,222,256
25,DEL,223,225
25,DEL,224,223
25,DEL,225,219
25,DEL,226,226
25,DEL,227,205
25,DEL,228,229
25,DEL,229,205
25,DEL,230,181
25,DEL,231,198
25,DEL,232,164
25,DEL,233,193
25,DEL,234,138
25,DEL,235,172
25,DEL,236,161
25,DEL,237,141
25,DEL,238,123
25,DEL,239,147
25,DEL,240,118
25,DEL,241,134
25,DEL,242,123
25,DEL,243,108
25,DEL,244,113
25,DEL,245,134
25,DEL,246,86
25,DEL,247,95
25,DEL,248,108
25,DEL,249,85
25,DEL,250,95
25,DEL,251,99
25,DEL,252,78
25,DEL,253,77
25,DEL,254,60
25,DEL,255,70
25,DEL,257,163
25,DEL,259,120
25,DEL,261,108
25,DEL,263,118
25,DEL,265,102
25,DEL,267,124
25,DEL,269,90
25,DEL,271,100
25,DEL,273,88
25,DEL,275,81
25,DEL,277,73
25,DEL,279,75
25,DEL,281,69
25,DEL,283,54
25,DEL,285,44
25,DEL,287,57
25,DEL,289,59
25,DEL,291,57
25,DEL,293,50
25,DEL,295,52
25,DEL,297,30
25,DEL,299,33
25,DEL,301,28
25,DEL,303,32
25,DEL,305,22
25,DEL,307,15
25,DEL,309,12
25,DEL,311,17
25,DEL,313,24
25,DEL,315,18
25,DEL,317,15
25,DEL,319,17
25,DEL,321,14
25,DEL,323,13
25,DEL,325,15
25,DEL,327,15
25,DEL,329,7
25,DEL,331,12
25,DEL,333,6
25,DEL,335,7
25,DEL,337,12
25,DEL,339,12
25,DEL,341,10
25,DEL,343,4
25,DEL,345,13
25,DEL,347,6
25,DEL,349,6
25,DEL,351,6
25,DEL,353,9
25,DEL,355,6
25,DEL,357,5
25,DEL,359,1
25,DEL,361,4
25,DEL,363,4
25,DEL,365,8
25,DEL,367,7
25,DEL,369,3
25,DEL,371,2
25,DEL,373,8
25,DEL,375,5
25,DEL,377,9
25,DEL,379,1
25,DEL,381,4
25,DEL,383,3
25,DEL,385,4
25,DEL,387,5
25,DEL,389,2
25,DEL,391,2
25,DEL,393,8
25,DEL,395,1
25,DEL,397,2
25,DEL,399,4
25,DEL,401,1
25,DEL,403,3
25,DEL,405,3
25,DEL,407,4
25,DEL,409,1
25,DEL,411,2
25,DEL,413,2
25,DEL,415,2
25,DEL,417,5
25,DEL,419,2
25,DEL,421,2
25,DEL,423,2
25,DEL,425,1
25,DEL,427,1
25,DEL,429,1
25,DEL,431,1
25,DEL,433,6
25,DEL,437,2
25,DEL,443,1
25,DEL,445,1
25,DEL,447,1
25,DEL,451,1
25,DEL,455,2
25,DEL,457,1
25,DEL,459,1
25,DEL,461,4
25,DEL,463,1
25,DEL,465,2
25,DEL,467,1
25,DEL,471,2
25,DEL,473,1
25,DEL,475,1
25,DEL,477,1
25,DEL,479,1
25,DEL,483,1
25,DEL,487,1
25,DEL,491,1
25,DEL,493,1
25,DEL,495,1
25,DEL,501,1
25,DEL,503,1
25,DEL,505,2
25,DEL,507,1
25,DEL,509,1
25,DEL,511,4
25,DEL,515,2
25,DEL,523,2
25,DEL,527,1
25,DEL,531,4
25,DEL,535,2
25,DEL,539,2
25,DEL,543,3
25,DEL,555,1
25,DEL,559,2
25,DEL,563,1
25,DEL,567,1
25,DEL,571,2
25,DEL,575,2
25,DEL,587,1
25,DEL,591,2
25,DEL,603,1
25,DEL,607,1
25,DEL,611,2
25,DEL,615,2
25,DEL,635,1
25,DEL,639,2
25,DEL,643,2
25,DEL,647,1
25,DEL,655,1
25,DEL,663,1
25,DEL,667,1
25,DEL,679,2
25,DEL,687,1
25,DEL,691,1
25,DEL,699,2
25,DEL,703,1
25,DEL,715,2
25,DEL,723,1
25,DEL,727,1
25,DEL,731,1
25,DEL,743,1
25,DEL,759,1
25,DEL,771,1
25,DEL,787,1
25,DEL,811,1
25,DEL,823,1
25,DEL,827,1
25,DEL,831,1
25,DEL,835,1
25,DEL,875,1
25,DEL,895,2
25,DEL,903,2
25,DEL,911,1
25,DEL,919,1
25,DEL,935,2
25,DEL,939,1
25,DEL,947,1
25,DEL,951,1
25,DEL,959,2
25,DEL,971,2
25,DEL,979,1
25,DEL,987,1
25,DEL,991,1
25,DEL,1015,1
25,DEL,1047,1
25,DEL,1063,1
25,DEL,1071,1
25,DEL,1087,1
25,DEL,1095,1
25,DEL,1111,2
25,DEL,1119,1
25,DEL,1135,1
25,DEL,1167,1
25,DEL,1175,2
25,DEL,1215,1
25,DEL,1295,1
25,DEL,1311,1
25,DEL,1319,1
25,DEL,1359,1
25,DEL,1367,1
25,DEL,1431,1
25,DEL,1455,1
25,DEL,1543,1
25,DEL,1559,1
25,DEL,1695,1
25,DEL,1895,1
25,DEL,2799,1
25,GET,81,1
25,GET,84,1
25,GET,87,5
25,GET,88,4
25,GET,89,6
25,GET,90,8
25,GET,91,20
25,GET,92,28
25,GET,93,48
25,GET,94,67
25,GET,95,80
25,GET,96,124
25,GET,97,159
25,GET,98,185
25,GET,99,263
25,GET,100,332
25,GET,101,418
25,GET,102,508
25,GET,103,573
25,GET,104,716
25,GET,105,833
25,GET,106,968
25,GET,107,1086
25,GET,108,1224
25,GET,109,1335
25,GET,110,1491
25,GET,111,1741
25,GET,112,1916
25,GET,113,2084
25,GET,114,2224
25,GET,115,2375
25,GET,116,2646
25,GET,117,2881
25,GET,118,3109
25,GET,119,3310
25,GET,120,3467
25,GET,121,3763
25,GET,122,4010
25,GET,123,4108
25,GET,124,4376
25,GET,125,4582
25,GET,126,4868
25,GET,127,4905
25,GET,128,5185
25,GET,129,5320
25,GET,130,5354
25,GET,131,5637
25,GET,132,5799
25,GET,133,5885
25,GET,134,6016
25,GET,135,6028
25,GET,136,6220
25,GET,137,6386
25,GET,138,6202
25,GET,139,6426
25,GET,140,6392
25,GET,141,6438
25,GET,142,6544
25,GET,143,6327
25,GET,144,6540
25,GET,145,6449
25,GET,146,6469
25,GET,147,6482
25,GET,148,6544
25,GET,149,6467
25,GET,150,6420
25,GET,151,6253
25,GET,152,6077
25,GET,153,6170
25,GET,154,5887
25,GET,155,5852
25,GET,156,5776
25,GET,157,5635
25,GET,158,5562
25,GET,159,5447
25,GET,160,5483
25,GET,161,5116
25,GET,162,5181
25,GET,163,5144
25,GET,164,4954
25,GET,165,4853
25,GET,166,4783
25,GET,167,4554
25,GET,168,4495
25,GET,169,4359
25,GET,170,4053
25,GET,171,4174
25,GET,172,3927
25,GET,173,3921
25,GET,174,3772
25,GET,175,3588
25,GET,176,3565
25,GET,177,3483
25,GET,178,3434
25,GET,179,3331
25,GET,180,3096
25,GET,181,3102
25,GET,182,2982
25,GET,183,2865
25,GET,184,2731
25,GET,185,2649
25,GET,186,2594
25,GET,187,2394
25,GET,188,2314
25,GET,189,2222
25,GET,190,2268
25,GET,191,2102
25,GET,192,2100
25,GET,193,2024
25,GET,194,2007
25,GET,195,1868
25,GET,196,1798
25,GET,197,1766
25,GET,198,1640
25,GET,199,1676
25,GET,200,1610
25,GET,201,1540
25,GET,202,1414
25,GET,203,1415
25,GET,204,1347
25,GET,205,1326
25,GET,206,1226
25,GET,207,1187
25,GET,208,1169
25,GET,209,1107
25,GET,210,1058
25,GET,211,1006
25,GET,212,1046
25,GET,213,985
25,GET,214,935
25,GET,215,858
25,GET,216,812
25,GET,217,831
25,GET,218,824
25,GET,219,830
25,GET,220,734
25,GET,221,729
25,GET,222,697
25,GET,223,692
25,GET,224,685
25,GET,225,627
25,GET,226,606
25,GET,227,598
25,GET,228,564
25,GET,229,540
25,GET,230,515
25,GET,231,478
25,GET,232,505
25,GET,233,458
25,GET,234,433
25,GET,235,424
25,GET,236,390
25,GET,237,400
25,GET,238,357
25,GET,239,398
25,GET,240,344
25,GET,241,300
25,GET,242,328
25,GET,243,307
25,GET,244,304
25,GET,245,330
25,GET,246,260
25,GET,247,270
25,GET,248,262
25,GET,249,246
25,GET,250,260
25,GET,251,217
25,GET,252,237
25,GET,253,239
25,GET,254,228
25,GET,255,188
25,GET,257,441
25,GET,259,333
25,GET,261,328
25,GET,263,336
25,GET,265,267
25,GET,267,263
25,GET,269,241
25,GET,271,249
25,GET,273,238
25,GET,275,204
25,GET,277,203
25,GET,279,202
25,GET,281,166
25,GET,283,155
25,GET,285,144
25,GET,287,145
25,GET,289,124
25,GET,291,116
25,GET,293,111
25,GET,295,113
25,GET,297,135
25,GET,299,94
25,GET,301,91
25,GET,303,85
25,GET,305,80
25,GET,307,59
25,GET,309,58
25,GET,311,61
25,GET,313,64
25,GET,315,47
25,GET,317,50
25,GET,319,46
25,GET,321,43
25,GET,323,47
25,GET,325,47
25,GET,327,37
25,GET,329,42
25,GET,331,40
25,GET,333,34
25,GET,335,27
25,GET,337,22
25,GET,339,19
25,GET,341,26
25,GET,343,27
25,GET,345,20
25,GET,347,25
25,GET,349,24
25,GET,351,20
25,GET,353,21
25,GET,355,21
25,GET,357,11
25,GET,359,18
25,GET,361,15
25,GET,363,21
25,GET,365,17
25,GET,367,14
25,GET,369,17
25,GET,371,10
25,GET,373,13
25,GET,375,12
25,GET,377,14
25,GET,379,11
25,GET,381,10
25,GET,383,7
25,GET,385,8
25,GET,387,11
25,GET,389,5
25,GET,391,11
25,GET,393,3
25,GET,395,8
25,GET,397,3
25,GET,399,10
25,GET,401,3
25,GET,403,11
25,GET,405,9
25,GET,407,4
25,GET,409,15
25,GET,411,12
25,GET,413,6
25,GET,415,10
25,GET,417,6
25,GET,419,4
25,GET,421,5
25,GET,423,5
25,GET,425,2
25,GET,427,4
25,GET,429,4
25,GET,431,11
25,GET,433,4
25,GET,435,2
25,GET,437,6
25,GET,439,5
25,GET,441,2
25,GET,443,3
25,GET,445,2
25,GET,447,7
25,GET,449,3
25,GET,451,6
25,GET,453,2
25,GET,455,4
25,GET,457,2
25,GET,459,4
25,GET,463,3
25,GET,465,4
25,GET,467,5
25,GET,469,4
25,GET,471,3
25,GET,473,2
25,GET,475,5
25,GET,477,2
25,GET,479,4
25,GET,481,3
25,GET,483,3
25,GET,485,2
25,GET,487,6
25,GET,489,5
25,GET,491,4
25,GET,493,1
25,GET,495,1
25,GET,497,4
25,GET,499,4
25,GET,501,3
25,GET,503,4
25,GET,505,2
25,GET,507,3
25,GET,509,1
25,GET,511,2
25,GET,515,1
25,GET,519,1
25,GET,523,4
25,GET,527,3
25,GET,531,5
25,GET,535,6
25,GET,539,5
25,GET,543,6
25,GET,547,2
25,GET,551,6
25,GET,555,3
25,GET,559,5
25,GET,567,4
25,GET,571,2
25,GET,575,2
25,GET,579,2
25,GET,583,5
25,GET,587,4
25,GET,591,4
25,GET,595,7
25,GET,599,3
25,GET,603,6
25,GET,607,3
25,GET,611,1
25,GET,615,1
25,GET,619,1
25,GET,623,5
25,GET,627,2
25,GET,631,2
25,GET,635,6
25,GET,639,2
25,GET,643,1
25,GET,647,4
25,GET,651,2
25,GET,655,4
25,GET,659,5
25,GET,663,1
25,GET,667,5
25,GET,671,3
25,GET,675,3
25,GET,679,4
25,GET,683,7
25,GET,687,2
25,GET,691,1
25,GET,695,3
25,GET,703,2
25,GET,707,1
25,GET,711,2
25,GET,715,2
25,GET,719,3
25,GET,723,2
25,GET,731,1
25,GET,735,3
25,GET,739,1
25,GET,743,2
25,GET,747,3
25,GET,751,1
25,GET,755,2
25,GET,763,2
25,GET,767,3
25,GET,771,1
25,GET,775,1
25,GET,779,2
25,GET,787,1
25,GET,811,2
25,GET,815,1
25,GET,819,1
25,GET,827,2
25,GET,831,1
25,GET,839,2
25,GET,847,1
25,GET,855,1
25,GET,871,2
25,GET,875,1
25,GET,883,1
25,GET,891,1
25,GET,919,2
25,GET,923,1
25,GET,939,1
25,GET,943,1
25,GET,959,1
25,GET,971,1
25,GET,983,1
25,GET,1003,1
25,GET,1031,1
25,GET,1055,2
25,GET,1063,2
25,GET,1071,2
25,GET,1079,2
25,GET,1103,2
25,GET,1119,1
25,GET,1151,2
25,GET,1167,2
25,GET,1183,2
25,GET,1199,2
25,GET,1207,2
25,GET,1255,3
25,GET,1311,1
25,GET,1367,1
25,GET,1399,1
25,GET,1447,1
25,GET,1463,1
25,GET,1471,1
25,GET,1511,1
25,GET,1599,1
25,GET,1631,2
25,GET,1711,1
25,GET,1719,2
25,GET,1743,1
25,GET,1911,1
25,GET,1943,1
25,GET,1959,1
25,GET,2023,1
25,GET,2111,1
25,GET,2143,2
25,GET,2175,2
25,GET,2191,1
25,GET,2335,1
25,GET,2367,1
25,GET,2575,1
25,GET,2879,1
25,GET,2943,1
25,GET,3119,1
25,GET,3135,1
25,GET,3263,1
25,GET,3311,1
25,GET,3375,1
25,GET,4479,1
26,SET,87,1
26,SET,88,1
26,SET,90,1
26,SET,91,1
26,SET,94,1
26,SET,95,3
26,SET,96,2
26,SET,97,3
26,SET,98,11
26,SET,99,10
26,SET,100,9
26,SET,101,17
26,SET,102,17
26,SET,103,25
26,SET,104,32
26,SET,105,39
26,SET,106,38
26,SET,107,43
26,SET,108,53
26,SET,109,76
26,SET,110,76
26,SET,111,84
26,SET,112,89
26,SET,113,99
26,SET,114,107
26,SET,115,122
26,SET,116,137
26,SET,117,162
26,SET,118,162
26,SET,119,173
26,SET,120,173
26,SET,121,180
26,SET,122,218
26,SET,123,234
26,SET,124,223
26,SET,125,257
26,SET,126,276
26,SET,127,281
26,SET,128,292
26,SET,129,258
26,SET,130,317
26,SET,131,337
26,SET,132,309
26,SET,133,345
26,SET,134,392
26,SET,135,358
26,SET,136,361
26,SET,137,370
26,SET,138,400
26,SET,139,388
26,SET,140,452
26,SET,141,433
26,SET,142,391
26,SET,143,435
26,SET,144,402
26,SET,145,428
26,SET,146,417
26,SET,147,429
26,SET,148,447
26,SET,149,466
26,SET,150,444
26,SET,151,433
26,SET,152,414
26,SET,153,404
26,SET,154,425
26,SET,155,412
26,SET,156,403
26,SET,157,455
26,SET,158,393
26,SET,159,406
26,SET,160,374
26,SET,161,389
26,SET,162,377
26,SET,163,375
26,SET,164,391
26,SET,165,366
26,SET,166,363
26,SET,167,339
26,SET,168,334
26,SET,169,335
26,SET,170,315
26,SET,171,334
26,SET,172,331
26,SET,173,312
26,SET,174,311
26,SET,175,314
26,SET,176,318
26,SET,177,276
26,SET,178,273
26,SET,179,290
26,SET,180,248
26,SET,181,252
26,SET,182,258
26,SET,183,239
26,SET,184,227
26,SET,185,249
26,SET,186,243
26,SET,187,231
26,SET,188,209
26,SET,189,232
26,SET,190,199
26,SET,191,223
26,SET,192,198
26,SET,193,181
26,SET,194,179
26,SET,195,174
26,SET,196,144
26,SET,197,148
26,SET,198,171
26,SET,199,162
26,SET,200,161
26,SET,201,179
26,SET,202,137
26,SET,203,136
26,SET,204,112
26,SET,205,140
26,SET,206,122
26,SET,207,109
26,SET,208,128
26,SET,209,122
26,SET,210,118
26,SET,211,96
26,SET,212,101
26,SET,213,88
26,SET,214,97
26,SET,215,98
26,SET,216,76
26,SET,217,67
26,SET,218,79
26,SET,219,65
26,SET,220,58
26,SET,221,73
26,SET,222,61
26,SET,223,71
26,SET,224,69
26,SET,225,61
26,SET,226,68
26,SET,227,47
26,SET,228,60
26,SET,229,47
26,SET,230,50
26,SET,231,54
26,SET,232,51
26,SET,233,56
26,SET,234,58
26,SET,235,42
26,SET,236,48
26,SET,237,50
26,SET,238,43
26,SET,239,46
26,SET,240,31
26,SET,241,34
26,SET,242,40
26,SET,243,32
26,SET,244,30
26,SET,245,33
26,SET,246,30
26,SET,247,24
26,SET,248,36
26,SET,249,24
26,SET,250,25
26,SET,251,30
26,SET,252,31
26,SET,253,27
26,SET,254,13
26,SET,255,22
26,SET,257,41
26,SET,259,35
26,SET,261,39
26,SET,263,36
26,SET,265,31
26,SET,267,33
26,SET,269,32
26,SET,271,18
26,SET,273,27
26,SET,275,25
26,SET,277,19
26,SET,279,19
26,SET,281,19
26,SET,283,18
26,SET,285,14
26,SET,287,14
26,SET,289,17
26,SET,291,11
26,SET,293,6
26,SET,295,13
26,SET,297,12
26,SET,299,15
26,SET,301,10
26,SET,303,6
26,SET,305,7
26,SET,307,15
26,SET,309,9
26,SET,311,8
26,SET,313,10
26,SET,315,9
26,SET,317,1
26,SET,319,5
26,SET,321,4
26,SET,323,3
26,SET,325,7
26,SET,327,10
26,SET,329,3
26,SET,331,1
26,SET,333,3
26,SET,335,1
26,SET,337,3
26,SET,339,3
26,SET,341,3
26,SET,343,1
26,SET,345,4
26,SET,347,3
26,SET,349,2
26,SET,351,1
26,SET,357,1
26,SET,359,2
26,SET,361,1
26,SET,369,1
26,SET,371,3
26,SET,373,1
26,SET,377,3
26,SET,381,2
26,SET,383,2
26,SET,385,1
26,SET,387,2
26,SET,389,1
26,SET,393,1
26,SET,397,1
26,SET,399,2
26,SET,401,1
26,SET,403,1
26,SET,407,2
26,SET,411,2
26,SET,417,1
26,SET,421,1
26,SET,423,2
26,SET,431,1
26,SET,433,1
26,SET,435,1
26,SET,437,2
26,SET,439,1
26,SET,443,1
26,SET,445,1
26,SET,449,1
26,SET,453,2
26,SET,455,2
26,SET,459,1
26,SET,475,1
26,SET,487,1
26,SET,493,1
26,SET,497,1
26,SET,503,1
26,SET,511,1
26,SET,539,1
26,SET,543,1
26,SET,547,2
26,SET,551,1
26,SET,571,1
26,SET,579,2
26,SET,583,1
26,SET,591,2
26,SET,595,1
26,SET,603,1
26,SET,619,2
26,SET,639,1
26,SET,655,1
26,SET,683,1
26,SET,735,1
26,SET,991,1
26,SET,1079,1
26,SET,1135,1
26,SET,1191,1
26,SET,1199,1
26,SET,1391,1
26,SET,1679,1
26,DEL,88,4
26,DEL,89,2
26,DEL,90,5
26,DEL,91,5
26,DEL,92,11
26,DEL,93,20
26,DEL,94,25
26,DEL,95,28
26,DEL,96,53
26,DEL,97,52
26,DEL,98,79
26,DEL,99,94
26,DEL,100,105
26,DEL,101,131
26,DEL,102,170
26,DEL,103,208
26,DEL,104,263
26,DEL,105,268
26,DEL,106,296
26,DEL,107,362
26,DEL,108,448
26,DEL,109,480
26,DEL,110,536
26,DEL,111,574
26,DEL,112,646
26,DEL,113,712
26,DEL,114,809
26,DEL,115,874
26,DEL,116,940
26,DEL,117,997
26,DEL,118,1071
26,DEL,119,1112
26,DEL,120,1194
26,DEL,121,1223
26,DEL,122,1364
26,DEL,123,1362
26,DEL,124,1497
26,DEL,125,1508
26,DEL,126,1683
26,DEL,127,1669
26,DEL,128,1729
26,DEL,129,1804
26,DEL,130,1846
26,DEL,131,1927
26,DEL,132,1891
26,DEL,133,1962
26,DEL,134,2041
26,DEL,135,2031
26,DEL,136,2077
26,DEL,137,2095
26,DEL,138,2001
26,DEL,139,2197
26,DEL,140,2239
26,DEL,141,2186
26,DEL,142,2194
26,DEL,143,2220
26,DEL,144,2215
26,DEL,145,2257
26,DEL,146,2131
26,DEL,147,2246
26,DEL,148,2192
26,DEL,149,2258
26,DEL,150,2225
26,DEL,151,2166
26,DEL,152,2086
26,DEL,153,2071
26,DEL,154,2124
26,DEL,155,2060
26,DEL,156,2063
26,DEL,157,1975
26,DEL,158,1954
26,DEL,159,1971
26,DEL,160,1927
26,DEL,161,1874
26,DEL,162,1839
26,DEL,163,1685
26,DEL,164,1744
26,DEL,165,1677
26,DEL,166,1587
26,DEL,167,1635
26,DEL,168,1670
26,DEL,169,1510
26,DEL,170,1490
26,DEL,171,1545
26,DEL,172,1506
26,DEL,173,1385
26,DEL,174,1339
26,DEL,175,1264
26,DEL,176,1259
26,DEL,177,1282
26,DEL,178,1246
26,DEL,179,1243
26,DEL,180,1141
26,DEL,181,1099
26,DEL,182,1126
26,DEL,183,1039
26,DEL,184,1080
26,DEL,185,974
26,DEL,186,941
26,DEL,187,891
26,DEL,188,926
26,DEL,189,945
26,DEL,190,865
26,DEL,191,832
26,DEL,192,798
26,DEL,193,759
26,DEL,194,743
26,DEL,195,726
26,DEL,196,695
26,DEL,197,670
26,DEL,198,663
26,DEL,199,648
26,DEL,200,648
26,DEL,201,605
26,DEL,202,586
26,DEL,203,585
26,DEL,204,567
26,DEL,205,549
26,DEL,206,517
26,DEL,207,498
26,DEL,208,470
26,DEL,209,444
26,DEL,210,434
26,DEL,211,413
26,DEL,212,382
26,DEL,213,405
26,DEL,214,377
26,DEL,215,351
26,DEL,216,356
26,DEL,217,338
26,DEL,218,341
26,DEL,219,330
26,DEL,220,316
26,DEL,221,296
26,DEL,222,267
26,DEL,223,272
26,DEL,224,266
26,DEL,225,294
26,DEL,226,254
26,DEL,227,231
26,DEL,228,232
26,DEL,229,229
26,DEL,230,221
26,DEL,231,203
26,DEL,232,181
26,DEL,233,178
26,DEL,234,168
26,DEL,235,178
26,DEL,236,170
26,DEL,237,172
26,DEL,238,173
26,DEL,239,158
26,DEL,240,140
26,DEL,241,136
26,DEL,242,119
26,DEL,243,133
26,DEL,244,110
26,DEL,245,113
26,DEL,246,121
26,DEL,247,135
26,DEL,248,126
26,DEL,249,117
26,DEL,250,82
26,DEL,251,79
26,DEL,252,118
26,DEL,253,88
26,DEL,254,82
26,DEL,255,80
26,DEL,257,146
26,DEL,259,150
26,DEL,261,137
26,DEL,263,126
26,DEL,265,124
26,DEL,267,120
26,DEL,269,87
26,DEL,271,115
26,DEL,273,107
26,DEL,275,90
26,DEL,277,95
26,DEL,279,85
26,DEL,281,78
26,DEL,283,75
26,DEL,285,58
26,DEL,287,46
26,DEL,289,73
26,DEL,291,43
26,DEL,293,44
26,DEL,295,41
26,DEL,297,44
26,DEL,299,38
26,DEL,301,41
26,DEL,303,33
26,DEL,305,34
26,DEL,307,36
26,DEL,309,30
26,DEL,311,28
26,DEL,313,32
26,DEL,315,27
26,DEL,317,27
26,DEL,319,19
26,DEL,321,21
26,DEL,323,23
26,DEL,325,15
26,DEL,327,22
26,DEL,329,22
26,DEL,331,13
26,DEL,333,17
26,DEL,335,17
26,DEL,337,10
26,DEL,339,11
26,DEL,341,11
26,DEL,343,10
26,DEL,345,10
26,DEL,347,6
26,DEL,349,10
26,DEL,351,12
26,DEL,353,6
26,DEL,355,6
26,DEL,357,8
26,DEL,359,12
26,DEL,361,8
26,DEL,363,12
26,DEL,365,11
26,DEL,367,6
26,DEL,369,9
26,DEL,371,11
26,DEL,373,3
26,DEL,375,6
26,DEL,377,4
26,DEL,379,2
26,DEL,381,4
26,DEL,383,3
26,DEL,385,4
26,DEL,387,6
26,DEL,389,6
26,DEL,391,3
26,DEL,393,2
26,DEL,395,3
26,DEL,397,2
26,DEL,399,2
26,DEL,401,3
26,DEL,403,5
26,DEL,405,2
26,DEL,407,4
26,DEL,409,1
26,DEL,411,2
26,DEL,413,4
26,DEL,415,4
26,DEL,417,3
26,DEL,419,1
26,DEL,421,2
26,DEL,423,4
26,DEL,425,2
26,DEL,427,5
26,DEL,431,2
26,DEL,433,3
26,DEL,435,2
26,DEL,437,1
26,DEL,439,1
26,DEL,441,2
26,DEL,443,2
26,DEL,445,1
26,DEL,447,2
26,DEL,449,2
26,DEL,451,2
26,DEL,453,2
26,DEL,455,3
26,DEL,459,1
26,DEL,461,2
26,DEL,463,2
26,DEL,465,1
26,DEL,467,1
26,DEL,469,3
26,DEL,471,1
26,DEL,473,1
26,DEL,475,1
26,DEL,477,1
26,DEL,479,1
26,DEL,487,1
26,DEL,491,1
26,DEL,495,1
26,DEL,499,2
26,DEL,503,2
26,DEL,505,2
26,DEL,507,3
26,DEL,511,2
26,DEL,515,4
26,DEL,519,2
26,DEL,523,2
26,DEL,527,1
26,DEL,535,1
26,DEL,539,3
26,DEL,543,2
26,DEL,547,2
26,DEL,551,3
26,DEL,555,1
26,DEL,559,1
26,DEL,563,1
26,DEL,567,1
26,DEL,571,3
26,DEL,579,1
26,DEL,583,4
26,DEL,587,1
26,DEL,591,3
26,DEL,595,1
26,DEL,599,2
26,DEL,607,1
26,DEL,615,1
26,DEL,619,1
26,DEL,623,1
26,DEL,627,1
26,DEL,639,1
26,DEL,647,2
26,DEL,655,2
26,DEL,663,1
26,DEL,667,1
26,DEL,671,2
26,DEL,679,1
26,DEL,687,1
26,DEL,691,1
26,DEL,703,1
26,DEL,707,1
26,DEL,723,1
26,DEL,727,2
26,DEL,735,1
26,DEL,743,3
26,DEL,747,2
26,DEL,759,1
26,DEL,767,1
26,DEL,771,1
26,DEL,775,1
26,DEL,799,1
26,DEL,811,1
26,DEL,839,1
26,DEL,847,1
26,DEL,867,1
26,DEL,879,1
26,DEL,891,1
26,DEL,923,1
26,DEL,927,2
26,DEL,931,1
26,DEL,951,1
26,DEL,963,2
26,DEL,979,1
26,DEL,1007,2
26,DEL,1039,1
26,DEL,1087,2
26,DEL,1095,1
26,DEL,1103,1
26,DEL,1111,1
26,DEL,1151,1
26,DEL,1159,1
26,DEL,1191,1
26,DEL,1199,1
26,DEL,1263,1
26,DEL,1335,1
26,DEL,1495,1
26,DEL,1623,1
26,DEL,1703,1
26,DEL,1791,2
26,DEL,1831,1
26,DEL,1879,1
26,DEL,1951,1
26,DEL,2127,1
26,DEL,2271,1
26,DEL,2303,1
26,DEL,2431,1
26,DEL,2495,1
26,DEL,3023,1
26,GET,82,1
26,GET,85,1
26,GET,86,6
26,GET,87,6
26,GET,88,11
26,GET,89,20
26,GET,90,17
26,GET,91,23
26,GET,92,56
26,GET,93,64
26,GET,94,76
26,GET,95,104
26,GET,96,158
26,GET,97,199
26,GET,98,244
26,GET,99,306
26,GET,100,359
26,GET,101,449
26,GET,102,544
26,GET,103,658
26,GET,104,807
26,GET,105,931
26,GET,106,1031
26,GET,107,1159
26,GET,108,1274
26,GET,109,1445
26,GET,110,1621
26,GET,111,1812
26,GET,112,2039
26,GET,113,2151
26,GET,114,2273
26,GET,115,2455
26,GET,116,2650
26,GET,117,2894
26,GET,118,3184
26,GET,119,3339
26,GET,120,3547
26,GET,121,3764
26,GET,122,4012
26,GET,123,4229
26,GET,124,4235
26,GET,125,4603
26,GET,126,4697
26,GET,127,4842
26,GET,128,5071
26,GET,129,5222
26,GET,130,5272
26,GET,131,5405
26,GET,132,5417
26,GET,133,5549
26,GET,134,5737
26,GET,135,5789
26,GET,136,5919
26,GET,137,5977
26,GET,138,6096
26,GET,139,6099
26,GET,140,6038
26,GET,141,6040
26,GET,142,6302
26,GET,143,6286
26,GET,144,6333
26,GET,145,6243
26,GET,146,6177
26,GET,147,6044
26,GET,148,6168
26,GET,149,6279
26,GET,150,6121
26,GET,151,6061
26,GET,152,5955
26,GET,153,5829
26,GET,154,5721
26,GET,155,5735
26,GET,156,5582
26,GET,157,5510
26,GET,158,5414
26,GET,159,5224
26,GET,160,5356
26,GET,161,5109
26,GET,162,4939
26,GET,163,4950
26,GET,164,4899
26,GET,165,4615
26,GET,166,4585
26,GET,167,4491
26,GET,168,4402
26,GET,169,4270
26,GET,170,4232
26,GET,171,4055
26,GET,172,3965
26,GET,173,3895
26,GET,174,3761
26,GET,175,3622
26,GET,176,3621
26,GET,177,3505
26,GET,178,3420
26,GET,179,3301
26,GET,180,3199
26,GET,181,2998
26,GET,182,2899
26,GET,183,2727
26,GET,184,2822
26,GET,185,2826
26,GET,186,2635
26,GET,187,2553
26,GET,188,2572
26,GET,189,2425
26,GET,190,2448
26,GET,191,2242
26,GET,192,2188
26,GET,193,2132
26,GET,194,2130
26,GET,195,2027
26,GET,196,2003
26,GET,197,1946
26,GET,198,1838
26,GET,199,1746
26,GET,200,1759
26,GET,201,1620
26,GET,202,1585
26,GET,203,1507
26,GET,204,1421
26,GET,205,1374
26,GET,206,1423
26,GET,207,1253
26,GET,208,1253
26,GET,209,1303
26,GET,210,1172
26,GET,211,1153
26,GET,212,1146
26,GET,213,1073
26,GET,214,1051
26,GET,215,1080
26,GET,216,945
26,GET,217,947
26,GET,218,848
26,GET,219,815
26,GET,220,857
26,GET,221,800
26,GET,222,813
26,GET,223,738
26,GET,224,715
26,GET,225,659
26,GET,226,685
26,GET,227,636
26,GET,228,612
26,GET,229,563
26,GET,230,560
26,GET,231,572
26,GET,232,560
26,GET,233,574
26,GET,234,514
26,GET,235,461
26,GET,236,474
26,GET,237,460
26,GET,238,405
26,GET,239,422
26,GET,240,393
26,GET,241,387
26,GET,242,357
26,GET,243,378
26,GET,244,362
26,GET,245,310
26,GET,246,353
26,GET,247,309
26,GET,248,304
26,GET,249,269
26,GET,250,286
26,GET,251,272
26,GET,252,249
26,GET,253,258
26,GET,254,229
26,GET,255,279
26,GET,257,457
26,GET,259,397
26,GET,261,399
26,GET,263,366
26,GET,265,344
26,GET,267,316
26,GET,269,326
26,GET,271,264
26,GET,273,282
26,GET,275,234
26,GET,277,215
26,GET,279,222
26,GET,281,185
26,GET,283,181
26,GET,285,152
26,GET,287,174
26,GET,289,157
26,GET,291,139
26,GET,293,136
26,GET,295,108
26,GET,297,97
26,GET,299,111
26,GET,301,90
26,GET,303,91
26,GET,305,84
26,GET,307,90
26,GET,309,88
26,GET,311,64
26,GET,313,75
26,GET,315,56
26,GET,317,61
26,GET,319,64
26,GET,321,50
26,GET,323,53
26,GET,325,46
26,GET,327,50
26,GET,329,67
26,GET,331,35
26,GET,333,46
26,GET,335,36
26,GET,337,28
26,GET,339,39
26,GET,341,29
26,GET,343,34
26,GET,345,35
26,GET,347,28
26,GET,349,24
26,GET,351,27
26,GET,353,20
26,GET,355,23
26,GET,357,16
26,GET,359,22
26,GET,361,16
26,GET,363,16
26,GET,365,20
26,GET,367,19
26,GET,369,20
26,GET,371,20
26,GET,373,15
26,GET,375,17
26,GET,377,13
26,GET,379,16
26,GET,381,15
26,GET,383,13
26,GET,385,8
26,GET,387,11
26,GET,389,10
26,GET,391,15
26,GET,393,12
26,GET,395,14
26,GET,397,7
26,GET,399,16
26,GET,401,16
26,GET,403,11
26,GET,405,6
26,GET,407,14
26,GET,409,8
26,GET,411,10
26,GET,413,13
26,GET,415,2
26,GET,417,11
26,GET,419,5
26,GET,421,4
26,GET,423,7
26,GET,425,5
26,GET,427,7
26,GET,429,3
26,GET,431,6
26,GET,433,8
26,GET,435,9
26,GET,437,3
26,GET,439,3
26,GET,441,5
26,GET,443,6
26,GET,445,5
26,GET,447,5
26,GET,449,3
26,GET,451,8
26,GET,453,2
26,GET,455,2
26,GET,457,3
26,GET,459,4
26,GET,461,8
26,GET,463,3
26,GET,465,4
26,GET,467,9
26,GET,469,3
26,GET,471,5
26,GET,473,2
26,GET,475,8
26,GET,477,2
26,GET,479,3
26,GET,481,2
26,GET,483,4
26,GET,485,3
26,GET,487,9
26,GET,489,3
26,GET,491,4
26,GET,493,5
26,GET,495,3
26,GET,497,2
26,GET,499,2
26,GET,501,3
26,GET,503,4
26,GET,505,5
26,GET,507,2
26,GET,509,4
26,GET,511,3
26,GET,515,7
26,GET,519,5
26,GET,523,3
26,GET,527,2
26,GET,531,7
26,GET,535,4
26,GET,539,3
26,GET,543,5
26,GET,547,2
26,GET,551,5
26,GET,555,5
26,GET,559,5
26,GET,563,3
26,GET,567,4
26,GET,571,6
26,GET,575,6
26,GET,579,9
26,GET,583,3
26,GET,587,4
26,GET,591,1
26,GET,595,1
26,GET,599,6
26,GET,603,3
26,GET,607,2
26,GET,611,1
26,GET,615,11
26,GET,623,5
26,GET,627,3
26,GET,631,4
26,GET,635,3
26,GET,639,2
26,GET,643,7
26,GET,647,1
26,GET,651,2
26,GET,655,2
26,GET,663,4
26,GET,667,1
26,GET,671,4
26,GET,675,3
26,GET,679,3
26,GET,683,3
26,GET,687,5
26,GET,691,2
26,GET,695,4
26,GET,699,2
26,GET,703,3
26,GET,707,3
26,GET,711,3
26,GET,715,2
26,GET,719,2
26,GET,723,2
26,GET,727,3
26,GET,731,3
26,GET,735,1
26,GET,739,1
26,GET,743,3
26,GET,747,1
26,GET,751,3
26,GET,755,3
26,GET,759,2
26,GET,767,2
26,GET,771,3
26,GET,775,3
26,GET,787,1
26,GET,791,1
26,GET,803,1
26,GET,811,1
26,GET,819,2
26,GET,823,1
26,GET,831,1
26,GET,843,3
26,GET,847,3
26,GET,851,1
26,GET,863,1
26,GET,875,1
26,GET,883,1
26,GET,891,2
26,GET,911,1
26,GET,915,1
26,GET,923,2
26,GET,927,1
26,GET,931,1
26,GET,935,3
26,GET,963,1
26,GET,967,1
26,GET,975,1
26,GET,979,1
26,GET,991,1
26,GET,995,1
26,GET,1015,1
26,GET,1023,2
26,GET,1055,2
26,GET,1063,1
26,GET,1071,2
26,GET,1079,4
26,GET,1103,2
26,GET,1111,1
26,GET,1119,2
26,GET,1127,1
26,GET,1143,1
26,GET,1151,1
26,GET,1159,1
26,GET,1167,1
26,GET,1175,1
26,GET,1183,1
26,GET,1191,1
26,GET,1199,2
26,GET,1207,1
26,GET,1215,3
26,GET,1239,1
26,GET,1255,2
26,GET,1263,2
26,GET,1279,2
26,GET,1295,1
26,GET,1311,1
26,GET,1319,1
26,GET,1327,1
26,GET,1335,1
26,GET,1343,1
26,GET,1367,2
26,GET,1383,1
26,GET,1399,1
26,GET,1407,1
26,GET,1471,2
26,GET,1511,1
26,GET,1519,1
26,GET,1527,1
26,GET,1543,1
26,GET,1551,1
26,GET,1575,1
26,GET,1583,1
26,GET,1591,1
26,GET,1607,1
26,GET,1615,2
26,GET,1655,1
26,GET,1687,1
26,GET,1743,1
26,GET,1783,1
26,GET,1855,1
26,GET,1871,1
26,GET,1927,2
26,GET,1935,1
26,GET,1983,1
26,GET,1991,1
26,GET,2015,1
26,GET,2095,1
26,GET,2111,1
26,GET,2191,2
26,GET,2255,1
26,GET,2271,1
26,GET,2351,1
26,GET,2607,1
26,GET,2735,1
26,GET,2847,1
26,GET,2863,1
26,GET,2879,2
26,GET,2991,1
26,GET,3567,1
27,GET,82,1
27,GET,83,2
27,GET,84,1
27,GET,85,2
27,GET,86,3
27,GET,87,7
27,GET,88,12
27,GET,89,16
27,GET,90,42
27,GET,91,48
27,GET,92,58
27,GET,93,82
27,GET,94,126
27,GET,95,165
27,GET,96,192
27,GET,97,248
27,GET,98,301
27,GET,99,408
27,GET,100,450
27,GET,101,577
27,GET,102,636
27,GET,103,743
27,GET,104,913
27,GET,105,1018
27,GET,106,1097
27,GET,107,1281
27,GET,108,1428
27,GET,109,1661
27,GET,110,1846
27,GET,111,1930
27,GET,112,2027
27,GET,113,2181
27,GET,114,2421
27,GET,115,2655
27,GET,116,2784
27,GET,117,3079
27,GET,118,3209
27,GET,119,3580
27,GET,120,3711
27,GET,121,3973
27,GET,122,4183
27,GET,123,4306
27,GET,124,4558
27,GET,125,4658
27,GET,126,4806
27,GET,127,5038
27,GET,128,5245
27,GET,129,5285
27,GET,130,5508
27,GET,131,5662
27,GET,132,5577
27,GET,133,5850
27,GET,134,5793
27,GET,135,5944
27,GET,136,5969
27,GET,137,6067
27,GET,138,6290
27,GET,139,6220
27,GET,140,6299
27,GET,141,6272
27,GET,142,6353
27,GET,143,6488
27,GET,144,6320
27,GET,145,6304
27,GET,146,6412
27,GET,147,6353
27,GET,148,6344
27,GET,149,6301
27,GET,150,6251
27,GET,151,6235
27,GET,152,6147
27,GET,153,5954
27,GET,154,5783
27,GET,155,5552
27,GET,156,5698
27,GET,157,5563
27,GET,158,5413
27,GET,159,5357
27,GET,160,5350
27,GET,161,5161
27,GET,162,5108
27,GET,163,4953
27,GET,164,4720
27,GET,165,4699
27,GET,166,4618
27,GET,167,4535
27,GET,168,4415
27,GET,169,4279
27,GET,170,4108
27,GET,171,4025
27,GET,172,3937
27,GET,173,3927
27,GET,174,3696
27,GET,175,3654
27,GET,176,3602
27,GET,177,3450
27,GET,178,3334
27,GET,179,3165
27,GET,180,3001
27,GET,181,3012
27,GET,182,2962
27,GET,183,2801
27,GET,184,2813
27,GET,185,2663
27,GET,186,2567
27,GET,187,2518
27,GET,188,2388
27,GET,189,2219
27,GET,190,2196
27,GET,191,2197
27,GET,192,2168
27,GET,193,2123
27,GET,194,1989
27,GET,195,1915
27,GET,196,1805
27,GET,197,1784
27,GET,198,1659
27,GET,199,1690
27,GET,200,1657
27,GET,201,1516
27,GET,202,1441
27,GET,203,1427
27,GET,204,1401
27,GET,205,1261
27,GET,206,1197
27,GET,207,1239
27,GET,208,1181
27,GET,209,1145
27,GET,210,1070
27,GET,211,1041
27,GET,212,1010
27,GET,213,927
27,GET,214,902
27,GET,215,811
27,GET,216,847
27,GET,217,818
27,GET,218,855
27,GET,219,715
27,GET,220,734
27,GET,221,687
27,GET,222,712
27,GET,223,617
27,GET,224,641
27,GET,225,576
27,GET,226,641
27,GET,227,556
27,GET,228,561
27,GET,229,517
27,GET,230,521
27,GET,231,522
27,GET,232,471
27,GET,233,435
27,GET,234,422
27,GET,235,408
27,GET,236,401
27,GET,237,408
27,GET,238,372
27,GET,239,342
27,GET,240,348
27,GET,241,330
27,GET,242,313
27,GET,243,333
27,GET,244,298
27,GET,245,266
27,GET,246,279
27,GET,247,265
27,GET,248,266
27,GET,249,263
27,GET,250,219
27,GET,251,238
27,GET,252,218
27,GET,253,232
27,GET,254,197
27,GET,255,194
27,GET,257,351
27,GET,259,304
27,GET,261,282
27,GET,263,290
27,GET,265,247
27,GET,267,256
27,GET,269,224
27,GET,271,225
27,GET,273,184
27,GET,275,194
27,GET,277,170
27,GET,279,152
27,GET,281,151
27,GET,283,146
27,GET,285,140
27,GET,287,128
27,GET,289,134
27,GET,291,120
27,GET,293,134
27,GET,295,105
27,GET,297,90
27,GET,299,93
27,GET,301,82
27,GET,303,87
27,GET,305,71
27,GET,307,61
27,GET,309,68
27,GET,311,51
27,GET,313,55
27,GET,315,50
27,GET,317,44
27,GET,319,53
27,GET,321,41
27,GET,323,44
27,GET,325,30
27,GET,327,28
27,GET,329,49
27,GET,331,42
27,GET,333,25
27,GET,335,27
27,GET,337,27
27,GET,339,46
27,GET,341,31
27,GET,343,21
27,GET,345,28
27,GET,347,18
27,GET,349,22
27,GET,351,18
27,GET,353,25
27,GET,355,15
27,GET,357,10
27,GET,359,13
27,GET,361,16
27,GET,363,8
27,GET,365,14
27,GET,367,9
27,GET,369,12
27,GET,371,12
27,GET,373,10
27,GET,375,9
27,GET,377,4
27,GET,379,10
27,GET,381,11
27,GET,383,13
27,GET,385,6
27,GET,387,8
27,GET,389,3
27,GET,391,12
27,GET,393,10
27,GET,395,11
27,GET,397,15
27,GET,399,10
27,GET,401,10
27,GET,403,7
27,GET,405,10
27,GET,407,8
27,GET,409,5
27,GET,411,4
27,GET,413,1
27,GET,415,4
27,GET,417,7
27,GET,419,5
27,GET,421,10
27,GET,423,7
27,GET,425,7
27,GET,427,4
27,GET,429,3
27,GET,431,4
27,GET,433,7
27,GET,435,6
27,GET,437,5
27,GET,439,2
27,GET,441,3
27,GET,443,2
27,GET,445,4
27,GET,447,3
27,GET,449,3
27,GET,451,4
27,GET,453,5
27,GET,455,5
27,GET,457,2
27,GET,459,6
27,GET,463,4
27,GET,465,7
27,GET,467,5
27,GET,469,6
27,GET,471,2
27,GET,473,2
27,GET,475,5
27,GET,477,6
27,GET,479,2
27,GET,481,1
27,GET,483,2
27,GET,487,3
27,GET,489,7
27,GET,491,3
27,GET,493,1
27,GET,495,4
27,GET,497,3
27,GET,499,4
27,GET,501,2
27,GET,503,4
27,GET,505,2
27,GET,507,4
27,GET,509,1
27,GET,511,1
27,GET,515,5
27,GET,519,6
27,GET,527,9
27,GET,531,3
27,GET,535,3
27,GET,539,4
27,GET,543,6
27,GET,547,1
27,GET,551,1
27,GET,555,5
27,GET,559,5
27,GET,563,8
27,GET,567,4
27,GET,571,6
27,GET,575,3
27,GET,579,2
27,GET,583,5
27,GET,587,6
27,GET,591,3
27,GET,595,3
27,GET,599,3
27,GET,603,1
27,GET,607,2
27,GET,611,2
27,GET,615,3
27,GET,619,3
27,GET,627,3
27,GET,631,2
27,GET,635,5
27,GET,639,4
27,GET,643,3
27,GET,647,2
27,GET,655,3
27,GET,659,4
27,GET,663,2
27,GET,667,5
27,GET,671,3
27,GET,675,2
27,GET,679,1
27,GET,683,5
27,GET,687,2
27,GET,691,3
27,GET,695,2
27,GET,699,5
27,GET,703,1
27,GET,707,1
27,GET,711,3
27,GET,719,3
27,GET,723,2
27,GET,727,3
27,GET,731,2
27,GET,735,3
27,GET,739,1
27,GET,747,1
27,GET,751,3
27,GET,763,1
27,GET,771,1
27,GET,783,2
27,GET,795,1
27,GET,799,1
27,GET,807,1
27,GET,811,2
27,GET,815,2
27,GET,819,1
27,GET,827,2
27,GET,831,1
27,GET,835,1
27,GET,839,2
27,GET,847,2
27,GET,851,1
27,GET,855,1
27,GET,859,1
27,GET,863,1
27,GET,871,2
27,GET,883,3
27,GET,895,3
27,GET,903,3
27,GET,907,1
27,GET,911,1
27,GET,935,2
27,GET,939,1
27,GET,947,1
27,GET,955,1
27,GET,971,1
27,GET,975,1
27,GET,979,1
27,GET,983,1
27,GET,1003,1
27,GET,1011,2
27,GET,1015,1
27,GET,1019,1
27,GET,1031,1
27,GET,1039,3
27,GET,1047,3
27,GET,1055,1
27,GET,1063,1
27,GET,1071,1
27,GET,1079,1
27,GET,1103,1
27,GET,1111,2
27,GET,1151,1
27,GET,1175,1
27,GET,1183,1
27,GET,1215,1
27,GET,1231,1
27,GET,1239,1
27,GET,1255,1
27,GET,1263,1
27,GET,1279,1
27,GET,1327,1
27,GET,1351,1
27,GET,1359,1
27,GET,1375,1
27,GET,1415,1
27,GET,1439,1
27,GET,1447,1
27,GET,1455,1
27,GET,1487,1
27,GET,1519,1
27,GET,1543,1
27,GET,1583,1
27,GET,1631,1
27,GET,1663,1
27,GET,1687,1
27,GET,1695,1
27,GET,1751,1
27,GET,1767,1
27,GET,1783,1
27,GET,1847,2
27,GET,1855,2
27,GET,1871,1
27,GET,1927,1
27,GET,1951,1
27,GET,2015,1
27,GET,2223,1
27,GET,2303,2
27,GET,2335,1
27,GET,2351,2
27,GET,2639,1
27,GET,2703,1
27,GET,2767,1
27,GET,2831,1
27,GET,3583,1
27,SET,87,1
27,SET,93,1
27,SET,95,4
27,SET,96,11
27,SET,97,6
27,SET,98,16
27,SET,99,12
27,SET,100,15
27,SET,101,10
27,SET,102,28
27,SET,103,37
27,SET,104,22
27,SET,105,47
27,SET,106,47
27,SET,107,57
27,SET,108,58
27,SET,109,66
27,SET,110,79
27,SET,111,81
27,SET,112,81
27,SET,113,95
27,SET,114,108
27,SET,115,123
27,SET,116,135
27,SET,117,148
27,SET,118,177
27,SET,119,208
27,SET,120,168
27,SET,121,200
27,SET,122,204
27,SET,123,214
27,SET,124,257
27,SET,125,269
27,SET,126,257
27,SET,127,290
27,SET,128,284
27,SET,129,323
27,SET,130,318
27,SET,131,301
27,SET,132,323
27,SET,133,340
27,SET,134,407
27,SET,135,378
27,SET,136,393
27,SET,137,398
27,SET,138,370
27,SET,139,393
27,SET,140,383
27,SET,141,406
27,SET,142,400
27,SET,143,441
27,SET,144,436
27,SET,145,417
27,SET,146,429
27,SET,147,442
27,SET,148,450
27,SET,149,451
27,SET,150,426
27,SET,151,437
27,SET,152,432
27,SET,153,408
27,SET,154,427
27,SET,155,456
27,SET,156,419
27,SET,157,407
27,SET,158,422
27,SET,159,451
27,SET,160,365
27,SET,161,440
27,SET,162,358
27,SET,163,391
27,SET,164,368
27,SET,165,350
27,SET,166,340
27,SET,167,365
27,SET,168,331
27,SET,169,341
27,SET,170,350
27,SET,171,344
27,SET,172,316
27,SET,173,281
27,SET,174,312
27,SET,175,323
27,SET,176,324
27,SET,177,296
27,SET,178,249
27,SET,179,287
27,SET,180,258
27,SET,181,280
27,SET,182,251
27,SET,183,260
27,SET,184,218
27,SET,185,226
27,SET,186,220
27,SET,187,216
27,SET,188,219
27,SET,189,189
27,SET,190,192
27,SET,191,197
27,SET,192,187
27,SET,193,174
27,SET,194,165
27,SET,195,142
27,SET,196,157
27,SET,197,133
27,SET,198,167
27,SET,199,165
27,SET,200,154
27,SET,201,140
27,SET,202,145
27,SET,203,126
27,SET,204,107
27,SET,205,106
27,SET,206,106
27,SET,207,110
27,SET,208,100
27,SET,209,100
27,SET,210,92
27,SET,211,101
27,SET,212,92
27,SET,213,97
27,SET,214,98
27,SET,215,79
27,SET,216,94
27,SET,217,70
27,SET,218,80
27,SET,219,82
27,SET,220,79
27,SET,221,70
27,SET,222,71
27,SET,223,63
27,SET,224,62
27,SET,225,56
27,SET,226,58
27,SET,227,50
27,SET,228,59
27,SET,229,51
27,SET,230,56
27,SET,231,51
27,SET,232,50
27,SET,233,41
27,SET,234,38
27,SET,235,36
27,SET,236,31
27,SET,237,34
27,SET,238,29
27,SET,239,30
27,SET,240,42
27,SET,241,34
27,SET,242,29
27,SET,243,35
27,SET,244,27
27,SET,245,27
27,SET,246,33
27,SET,247,28
27,SET,248,23
27,SET,249,25
27,SET,250,26
27,SET,251,20
27,SET,252,17
27,SET,253,21
27,SET,254,21
27,SET,255,23
27,SET,257,42
27,SET,259,41
27,SET,261,39
27,SET,263,25
27,SET,265,33
27,SET,267,21
27,SET,269,24
27,SET,271,17
27,SET,273,19
27,SET,275,10
27,SET,277,14
27,SET,279,13
27,SET,281,15
27,SET,283,15
27,SET,285,14
27,SET,287,12
27,SET,289,13
27,SET,291,12
27,SET,293,10
27,SET,295,11
27,SET,297,13
27,SET,299,8
27,SET,301,11
27,SET,303,6
27,SET,305,5
27,SET,307,7
27,SET,309,9
27,SET,311,3
27,SET,313,3
27,SET,315,4
27,SET,317,4
27,SET,319,3
27,SET,323,2
27,SET,325,6
27,SET,327,2
27,SET,329,3
27,SET,333,3
27,SET,335,6
27,SET,337,1
27,SET,339,2
27,SET,341,4
27,SET,343,5
27,SET,349,1
27,SET,351,1
27,SET,353,1
27,SET,355,2
27,SET,357,1
27,SET,361,1
27,SET,363,2
27,SET,365,2
27,SET,367,2
27,SET,369,1
27,SET,377,1
27,SET,379,2
27,SET,381,1
27,SET,383,1
27,SET,385,1
27,SET,395,2
27,SET,399,1
27,SET,403,1
27,SET,407,1
27,SET,409,1
27,SET,411,1
27,SET,419,1
27,SET,423,1
27,SET,425,1
27,SET,427,1
27,SET,429,1
27,SET,431,1
27,SET,433,1
27,SET,435,1
27,SET,449,1
27,SET,451,1
27,SET,463,1
27,SET,471,1
27,SET,473,1
27,SET,497,1
27,SET,507,1
27,SET,515,1
27,SET,531,1
27,SET,535,1
27,SET,539,1
27,SET,551,1
27,SET,555,1
27,SET,559,2
27,SET,587,1
27,SET,603,1
27,SET,607,1
27,SET,611,3
27,SET,623,1
27,SET,627,1
27,SET,647,1
27,SET,667,2
27,SET,687,1
27,SET,723,1
27,SET,747,1
27,SET,831,1
27,SET,867,1
27,SET,891,1
27,SET,1183,1
27,SET,1319,1
27,SET,1631,1
27,SET,2351,1
27,SET,2943,1
27,DEL,80,1
27,DEL,86,1
27,DEL,87,1
27,DEL,88,2
27,DEL,89,4
27,DEL,90,6
27,DEL,91,18
27,DEL,92,23
27,DEL,93,30
27,DEL,94,35
27,DEL,95,60
27,DEL,96,49
27,DEL,97,63
27,DEL,98,91
27,DEL,99,132
27,DEL,100,128
27,DEL,101,182
27,DEL,102,225
27,DEL,103,278
27,DEL,104,284
27,DEL,105,327
27,DEL,106,353
27,DEL,107,395
27,DEL,108,460
27,DEL,109,550
27,DEL,110,528
27,DEL,111,657
27,DEL,112,673
27,DEL,113,722
27,DEL,114,798
27,DEL,115,847
27,DEL,116,969
27,DEL,117,1051
27,DEL,118,1118
27,DEL,119,1170
27,DEL,120,1242
27,DEL,121,1287
27,DEL,122,1389
27,DEL,123,1435
27,DEL,124,1568
27,DEL,125,1569
27,DEL,126,1654
27,DEL,127,1758
27,DEL,128,1765
27,DEL,129,1793
27,DEL,130,1898
27,DEL,131,1900
27,DEL,132,1939
27,DEL,133,2021
27,DEL,134,2091
27,DEL,135,2094
27,DEL,136,2122
27,DEL,137,2183
27,DEL,138,2145
27,DEL,139,2254
27,DEL,140,2328
27,DEL,141,2281
27,DEL,142,2233
27,DEL,143,2240
27,DEL,144,2257
27,DEL,145,2331
27,DEL,146,2284
27,DEL,147,2329
27,DEL,148,2280
27,DEL,149,2279
27,DEL,150,2204
27,DEL,151,2176
27,DEL,152,2147
27,DEL,153,2171
27,DEL,154,2065
27,DEL,155,2076
27,DEL,156,2002
27,DEL,157,2055
27,DEL,158,1959
27,DEL,159,1982
27,DEL,160,1964
27,DEL,161,1883
27,DEL,162,1876
27,DEL,163,1827
27,DEL,164,1811
27,DEL,165,1683
27,DEL,166,1654
27,DEL,167,1595
27,DEL,168,1605
27,DEL,169,1560
27,DEL,170,1534
27,DEL,171,1449
27,DEL,172,1392
27,DEL,173,1412
27,DEL,174,1364
27,DEL,175,1315
27,DEL,176,1323
27,DEL,177,1279
27,DEL,178,1197
27,DEL,179,1177
27,DEL,180,1089
27,DEL,181,1125
27,DEL,182,1072
27,DEL,183,1020
27,DEL,184,940
27,DEL,185,980
27,DEL,186,1014
27,DEL,187,939
27,DEL,188,916
27,DEL,189,857
27,DEL,190,842
27,DEL,191,785
27,DEL,192,831
27,DEL,193,767
27,DEL,194,767
27,DEL,195,690
27,DEL,196,647
27,DEL,197,670
27,DEL,198,616
27,DEL,199,662
27,DEL,200,601
27,DEL,201,527
27,DEL,202,565
27,DEL,203,497
27,DEL,204,497
27,DEL,205,490
27,DEL,206,490
27,DEL,207,441
27,DEL,208,405
27,DEL,209,425
27,DEL,210,391
27,DEL,211,357
27,DEL,212,326
27,DEL,213,408
27,DEL,214,360
27,DEL,215,307
27,DEL,216,306
27,DEL,217,323
27,DEL,218,263
27,DEL,219,242
27,DEL,220,280
27,DEL,221,249
27,DEL,222,264
27,DEL,223,219
27,DEL,224,271
27,DEL,225,245
27,DEL,226,240
27,DEL,227,188
27,DEL,228,207
27,DEL,229,177
27,DEL,230,202
27,DEL,231,157
27,DEL,232,174
27,DEL,233,155
27,DEL,234,143
27,DEL,235,132
27,DEL,236,152
27,DEL,237,137
27,DEL,238,140
27,DEL,239,131
27,DEL,240,128
27,DEL,241,109
27,DEL,242,115
27,DEL,243,121
27,DEL,244,127
27,DEL,245,118
27,DEL,246,101
27,DEL,247,110
27,DEL,248,107
27,DEL,249,101
27,DEL,250,97
27,DEL,251,91
27,DEL,252,88
27,DEL,253,84
27,DEL,254,77
27,DEL,255,84
27,DEL,257,125
27,DEL,259,115
27,DEL,261,116
27,DEL,263,115
27,DEL,265,107
27,DEL,267,94
27,DEL,269,83
27,DEL,271,76
27,DEL,273,79
27,DEL,275,61
27,DEL,277,69
27,DEL,279,49
27,DEL,281,47
27,DEL,283,53
27,DEL,285,47
27,DEL,287,45
27,DEL,289,43
27,DEL,291,54
27,DEL,293,36
27,DEL,295,30
27,DEL,297,23
27,DEL,299,26
27,DEL,301,41
27,DEL,303,28
27,DEL,305,20
27,DEL,307,27
27,DEL,309,21
27,DEL,311,22
27,DEL,313,19
27,DEL,315,13
27,DEL,317,27
27,DEL,319,20
27,DEL,321,20
27,DEL,323,15
27,DEL,325,17
27,DEL,327,15
27,DEL,329,11
27,DEL,331,17
27,DEL,333,8
27,DEL,335,10
27,DEL,337,7
27,DEL,339,6
27,DEL,341,9
27,DEL,343,12
27,DEL,345,3
27,DEL,347,5
27,DEL,349,8
27,DEL,351,13
27,DEL,353,11
27,DEL,355,4
27,DEL,357,6
27,DEL,359,4
27,DEL,361,10
27,DEL,363,5
27,DEL,365,7
27,DEL,367,6
27,DEL,369,1
27,DEL,371,2
27,DEL,373,4
27,DEL,375,2
27,DEL,377,4
27,DEL,379,3
27,DEL,381,5
27,DEL,383,4
27,DEL,385,3
27,DEL,387,2
27,DEL,389,5
27,DEL,391,3
27,DEL,393,6
27,DEL,395,4
27,DEL,397,3
27,DEL,399,2
27,DEL,403,1
27,DEL,405,3
27,DEL,407,3
27,DEL,409,1
27,DEL,411,2
27,DEL,413,1
27,DEL,415,3
27,DEL,417,1
27,DEL,421,2
27,DEL,423,2
27,DEL,425,3
27,DEL,427,2
27,DEL,431,2
27,DEL,437,2
27,DEL,439,3
27,DEL,441,5
27,DEL,443,2
27,DEL,445,1
27,DEL,447,3
27,DEL,449,1
27,DEL,451,2
27,DEL,455,4
27,DEL,457,3
27,DEL,467,3
27,DEL,469,4
27,DEL,471,2
27,DEL,477,1
27,DEL,481,1
27,DEL,483,1
27,DEL,485,1
27,DEL,487,3
27,DEL,491,2
27,DEL,493,1
27,DEL,497,1
27,DEL,499,1
27,DEL,505,1
27,DEL,507,1
27,DEL,509,1
27,DEL,515,1
27,DEL,519,2
27,DEL,523,3
27,DEL,527,2
27,DEL,531,3
27,DEL,535,1
27,DEL,539,2
27,DEL,543,2
27,DEL,555,4
27,DEL,559,1
27,DEL,567,1
27,DEL,571,2
27,DEL,579,1
27,DEL,583,4
27,DEL,587,2
27,DEL,599,1
27,DEL,603,1
27,DEL,611,1
27,DEL,619,1
27,DEL,623,2
27,DEL,635,1
27,DEL,639,1
27,DEL,643,2
27,DEL,647,5
27,DEL,651,1
27,DEL,655,2
27,DEL,671,1
27,DEL,679,2
27,DEL,687,1
27,DEL,691,1
27,DEL,695,3
27,DEL,699,1
27,DEL,719,1
27,DEL,735,1
27,DEL,755,1
27,DEL,775,1
27,DEL,787,1
27,DEL,815,1
27,DEL,819,1
27,DEL,827,1
27,DEL,847,1
27,DEL,851,1
27,DEL,855,1
27,DEL,875,1
27,DEL,971,1
27,DEL,979,1
27,DEL,987,1
27,DEL,1071,2
27,DEL,1079,1
27,DEL,1103,1
27,DEL,1151,1
27,DEL,1207,1
27,DEL,1247,1
27,DEL,1271,1
27,DEL,1287,1
27,DEL,1295,1
27,DEL,1351,1
27,DEL,1599,1
27,DEL,1815,1
27,DEL,1927,1
27,DEL,2207,1
27,DEL,2223,1
27,DEL,2255,1
27,DEL,2591,1
27,DEL,2719,1
27,DEL,2815,1
27,DEL,3119,1
27,DEL,3519,1
28,GET,85,2
28,GET,86,1
28,GET,87,4
28,GET,88,6
28,GET,89,7
28,GET,90,17
28,GET,91,17
28,GET,92,26
28,GET,93,49
28,GET,94,52
28,GET,95,68
28,GET,96,109
28,GET,97,145
28,GET,98,172
28,GET,99,213
28,GET,100,285
28,GET,101,392
28,GET,102,413
28,GET,103,484
28,GET,104,581
28,GET,105,692
28,GET,106,815
28,GET,107,888
28,GET,108,1099
28,GET,109,1185
28,GET,110,1294
28,GET,111,1469
28,GET,112,1579
28,GET,113,1782
28,GET,114,1976
28,GET,115,2101
28,GET,116,2374
28,GET,117,2498
28,GET,118,2623
28,GET,119,2898
28,GET,120,3153
28,GET,121,3326
28,GET,122,3533
28,GET,123,3798
28,GET,124,3998
28,GET,125,4070
28,GET,126,4259
28,GET,127,4440
28,GET,128,4692
28,GET,129,4827
28,GET,130,4825
28,GET,131,5009
28,GET,132,5165
28,GET,133,5296
28,GET,134,5395
28,GET,135,5643
28,GET,136,5682
28,GET,137,5757
28,GET,138,5758
28,GET,139,5777
28,GET,140,6051
28,GET,141,6090
28,GET,142,6016
28,GET,143,6228
28,GET,144,6132
28,GET,145,6325
28,GET,146,6345
28,GET,147,6311
28,GET,148,6338
28,GET,149,6322
28,GET,150,6386
28,GET,151,6051
28,GET,152,6042
28,GET,153,5830
28,GET,154,5807
28,GET,155,5736
28,GET,156,5596
28,GET,157,5790
28,GET,158,5648
28,GET,159,5576
28,GET,160,5434
28,GET,161,5451
28,GET,162,5338
28,GET,163,5200
28,GET,164,5166
28,GET,165,4963
28,GET,166,4801
28,GET,167,4837
28,GET,168,4813
28,GET,169,4569
28,GET,170,4493
28,GET,171,4483
28,GET,172,4264
28,GET,173,4054
28,GET,174,4054
28,GET,175,3991
28,GET,176,3783
28,GET,177,3715
28,GET,178,3640
28,GET,179,3573
28,GET,180,3440
28,GET,181,3318
28,GET,182,3238
28,GET,183,3102
28,GET,184,2999
28,GET,185,3023
28,GET,186,2980
28,GET,187,2725
28,GET,188,2696
28,GET,189,2740
28,GET,190,2574
28,GET,191,2467
28,GET,192,2413
28,GET,193,2352
28,GET,194,2204
28,GET,195,2143
28,GET,196,2109
28,GET,197,1994
28,GET,198,2041
28,GET,199,1959
28,GET,200,1894
28,GET,201,1688
28,GET,202,1689
28,GET,203,1620
28,GET,204,1594
28,GET,205,1530
28,GET,206,1468
28,GET,207,1397
28,GET,208,1319
28,GET,209,1345
28,GET,210,1287
28,GET,211,1229
28,GET,212,1179
28,GET,213,1123
28,GET,214,1029
28,GET,215,1118
28,GET,216,1011
28,GET,217,926
28,GET,218,936
28,GET,219,929
28,GET,220,855
28,GET,221,829
28,GET,222,797
28,GET,223,770
28,GET,224,763
28,GET,225,711
28,GET,226,663
28,GET,227,626
28,GET,228,659
28,GET,229,697
28,GET,230,638
28,GET,231,616
28,GET,232,548
28,GET,233,490
28,GET,234,520
28,GET,235,506
28,GET,236,462
28,GET,237,471
28,GET,238,419
28,GET,239,409
28,GET,240,461
28,GET,241,397
28,GET,242,393
28,GET,243,377
28,GET,244,303
28,GET,245,321
28,GET,246,336
28,GET,247,332
28,GET,248,312
28,GET,249,302
28,GET,250,261
28,GET,251,281
28,GET,252,236
28,GET,253,250
28,GET,254,220
28,GET,255,227
28,GET,257,422
28,GET,259,412
28,GET,261,406
28,GET,263,366
28,GET,265,328
28,GET,267,293
28,GET,269,294
28,GET,271,231
28,GET,273,242
28,GET,275,234
28,GET,277,202
28,GET,279,187
28,GET,281,201
28,GET,283,184
28,GET,285,168
28,GET,287,139
28,GET,289,118
28,GET,291,123
28,GET,293,140
28,GET,295,114
28,GET,297,108
28,GET,299,103
28,GET,301,89
28,GET,303,93
28,GET,305,82
28,GET,307,87
28,GET,309,76
28,GET,311,70
28,GET,313,65
28,GET,315,66
28,GET,317,59
28,GET,319,46
28,GET,321,64
28,GET,323,49
28,GET,325,52
28,GET,327,46
28,GET,329,36
28,GET,331,37
28,GET,333,37
28,GET,335,31
28,GET,337,33
28,GET,339,33
28,GET,341,26
28,GET,343,29
28,GET,345,21
28,GET,347,19
28,GET,349,26
28,GET,351,25
28,GET,353,28
28,GET,355,27
28,GET,357,17
28,GET,359,23
28,GET,361,16
28,GET,363,14
28,GET,365,17
28,GET,367,9
28,GET,369,7
28,GET,371,11
28,GET,373,12
28,GET,375,9
28,GET,377,7
28,GET,379,20
28,GET,381,7
28,GET,383,11
28,GET,385,4
28,GET,387,8
28,GET,389,6
28,GET,391,7
28,GET,393,7
28,GET,395,8
28,GET,397,8
28,GET,399,9
28,GET,401,12
28,GET,403,11
28,GET,405,4
28,GET,407,3
28,GET,409,9
28,GET,411,5
28,GET,413,4
28,GET,415,2
28,GET,417,2
28,GET,419,6
28,GET,421,4
28,GET,423,6
28,GET,425,2
28,GET,427,8
28,GET,429,6
28,GET,431,7
28,GET,433,5
28,GET,435,6
28,GET,437,3
28,GET,439,3
28,GET,441,6
28,GET,443,4
28,GET,445,5
28,GET,447,2
28,GET,449,3
28,GET,451,6
28,GET,453,1
28,GET,455,5
28,GET,457,5
28,GET,459,4
28,GET,461,2
28,GET,463,6
28,GET,465,3
28,GET,467,2
28,GET,469,1
28,GET,471,1
28,GET,473,4
28,GET,475,1
28,GET,477,3
28,GET,479,5
28,GET,481,5
28,GET,483,3
28,GET,487,2
28,GET,489,4
28,GET,491,3
28,GET,493,1
28,GET,495,3
28,GET,497,2
28,GET,499,2
28,GET,501,2
28,GET,503,6
28,GET,505,2
28,GET,507,2
28,GET,509,2
28,GET,511,4
28,GET,515,8
28,GET,519,5
28,GET,523,4
28,GET,527,9
28,GET,531,3
28,GET,535,6
28,GET,539,7
28,GET,543,3
28,GET,547,3
28,GET,551,4
28,GET,555,3
28,GET,559,1
28,GET,563,8
28,GET,567,7
28,GET,571,4
28,GET,575,4
28,GET,579,5
28,GET,583,2
28,GET,587,6
28,GET,591,4
28,GET,595,2
28,GET,599,3
28,GET,603,1
28,GET,607,3
28,GET,611,8
28,GET,615,1
28,GET,619,2
28,GET,623,4
28,GET,627,1
28,GET,631,1
28,GET,635,3
28,GET,639,5
28,GET,643,2
28,GET,647,1
28,GET,651,2
28,GET,659,2
28,GET,663,1
28,GET,667,1
28,GET,671,2
28,GET,675,1
28,GET,679,3
28,GET,683,2
28,GET,691,1
28,GET,695,2
28,GET,699,1
28,GET,703,1
28,GET,707,4
28,GET,711,2
28,GET,719,2
28,GET,723,5
28,GET,727,3
28,GET,731,2
28,GET,735,3
28,GET,739,3
28,GET,743,1
28,GET,747,2
28,GET,751,4
28,GET,755,2
28,GET,763,1
28,GET,767,1
28,GET,771,2
28,GET,775,2
28,GET,779,1
28,GET,783,1
28,GET,787,1
28,GET,791,2
28,GET,795,3
28,GET,811,1
28,GET,819,1
28,GET,827,1
28,GET,831,2
28,GET,835,3
28,GET,839,1
28,GET,847,2
28,GET,851,1
28,GET,855,1
28,GET,859,1
28,GET,867,1
28,GET,871,2
28,GET,875,1
28,GET,887,4
28,GET,891,1
28,GET,895,2
28,GET,899,1
28,GET,903,1
28,GET,907,2
28,GET,923,1
28,GET,927,2
28,GET,931,1
28,GET,935,1
28,GET,939,2
28,GET,955,1
28,GET,967,1
28,GET,979,1
28,GET,991,1
28,GET,999,1
28,GET,1007,4
28,GET,1015,1
28,GET,1023,1
28,GET,1039,2
28,GET,1055,4
28,GET,1063,1
28,GET,1071,3
28,GET,1087,1
28,GET,1095,1
28,GET,1111,1
28,GET,1119,2
28,GET,1127,1
28,GET,1135,1
28,GET,1143,3
28,GET,1159,2
28,GET,1183,3
28,GET,1191,2
28,GET,1207,1
28,GET,1215,1
28,GET,1223,1
28,GET,1231,1
28,GET,1239,1
28,GET,1255,1
28,GET,1295,1
28,GET,1327,2
28,GET,1351,2
28,GET,1359,1
28,GET,1407,1
28,GET,1439,1
28,GET,1455,2
28,GET,1479,1
28,GET,1535,1
28,GET,1551,1
28,GET,1575,1
28,GET,1583,1
28,GET,1599,1
28,GET,1615,1
28,GET,1623,1
28,GET,1671,1
28,GET,1743,1
28,GET,1751,1
28,GET,1775,1
28,GET,1783,1
28,GET,1799,1
28,GET,1807,1
28,GET,1823,1
28,GET,1847,3
28,GET,1911,1
28,GET,2047,1
28,GET,2095,1
28,GET,2111,1
28,GET,2207,1
28,GET,2335,1
28,GET,2351,1
28,GET,2367,1
28,GET,2415,1
28,GET,2495,1
28,GET,2527,1
28,GET,2639,1
28,GET,2815,2
28,GET,2879,1
28,SET,84,1
28,SET,92,1
28,SET,93,1
28,SET,94,2
28,SET,95,3
28,SET,96,2
28,SET,97,4
28,SET,98,2
28,SET,99,7
28,SET,100,9
28,SET,101,11
28,SET,102,11
28,SET,103,16
28,SET,104,21
28,SET,105,26
28,SET,106,36
28,SET,107,38
28,SET,108,42
28,SET,109,64
28,SET,110,50
28,SET,111,70
28,SET,112,80
28,SET,113,83
28,SET,114,84
28,SET,115,92
28,SET,116,112
28,SET,117,124
28,SET,118,143
28,SET,119,138
28,SET,120,156
28,SET,121,164
28,SET,122,177
28,SET,123,196
28,SET,124,211
28,SET,125,220
28,SET,126,252
28,SET,127,223
28,SET,128,258
28,SET,129,248
28,SET,130,272
28,SET,131,292
28,SET,132,306
28,SET,133,309
28,SET,134,319
28,SET,135,318
28,SET,136,331
28,SET,137,350
28,SET,138,372
28,SET,139,355
28,SET,140,385
28,SET,141,404
28,SET,142,420
28,SET,143,381
28,SET,144,423
28,SET,145,407
28,SET,146,466
28,SET,147,409
28,SET,148,414
28,SET,149,445
28,SET,150,497
28,SET,151,434
28,SET,152,395
28,SET,153,417
28,SET,154,437
28,SET,155,422
28,SET,156,417
28,SET,157,403
28,SET,158,417
28,SET,159,418
28,SET,160,421
28,SET,161,444
28,SET,162,397
28,SET,163,390
28,SET,164,380
28,SET,165,397
28,SET,166,386
28,SET,167,375
28,SET,168,361
28,SET,169,359
28,SET,170,370
28,SET,171,311
28,SET,172,288
28,SET,173,356
28,SET,174,292
28,SET,175,319
28,SET,176,354
28,SET,177,304
28,SET,178,293
28,SET,179,307
28,SET,180,284
28,SET,181,274
28,SET,182,297
28,SET,183,272
28,SET,184,256
28,SET,185,249
28,SET,186,242
28,SET,187,228
28,SET,188,255
28,SET,189,220
28,SET,190,217
28,SET,191,224
28,SET,192,198
28,SET,193,192
28,SET,194,196
28,SET,195,177
28,SET,196,202
28,SET,197,162
28,SET,198,163
28,SET,199,166
28,SET,200,165
28,SET,201,144
28,SET,202,143
28,SET,203,151
28,SET,204,162
28,SET,205,133
28,SET,206,124
28,SET,207,147
28,SET,208,131
28,SET,209,111
28,SET,210,126
28,SET,211,117
28,SET,212,86
28,SET,213,107
28,SET,214,107
28,SET,215,102
28,SET,216,87
28,SET,217,94
28,SET,218,89
28,SET,219,88
28,SET,220,89
28,SET,221,79
28,SET,222,81
28,SET,223,79
28,SET,224,67
28,SET,225,73
28,SET,226,65
28,SET,227,53
28,SET,228,63
28,SET,229,58
28,SET,230,52
28,SET,231,52
28,SET,232,54
28,SET,233,48
28,SET,234,45
28,SET,235,47
28,SET,236,40
28,SET,237,48
28,SET,238,44
28,SET,239,47
28,SET,240,42
28,SET,241,32
28,SET,242,39
28,SET,243,29
28,SET,244,38
28,SET,245,39
28,SET,246,37
28,SET,247,24
28,SET,248,29
28,SET,249,27
28,SET,250,30
28,SET,251,26
28,SET,252,29
28,SET,253,24
28,SET,254,26
28,SET,255,18
28,SET,257,43
28,SET,259,37
28,SET,261,30
28,SET,263,40
28,SET,265,36
28,SET,267,29
28,SET,269,26
28,SET,271,18
28,SET,273,21
28,SET,275,18
28,SET,277,17
28,SET,279,18
28,SET,281,12
28,SET,283,14
28,SET,285,24
28,SET,287,17
28,SET,289,10
28,SET,291,13
28,SET,293,13
28,SET,295,13
28,SET,297,13
28,SET,299,9
28,SET,301,7
28,SET,303,13
28,SET,305,8
28,SET,307,5
28,SET,309,10
28,SET,311,5
28,SET,313,5
28,SET,315,6
28,SET,317,3
28,SET,319,4
28,SET,321,3
28,SET,323,4
28,SET,325,3
28,SET,327,2
28,SET,329,5
28,SET,331,6
28,SET,333,2
28,SET,335,4
28,SET,337,1
28,SET,341,5
28,SET,343,3
28,SET,345,2
28,SET,347,3
28,SET,349,1
28,SET,351,2
28,SET,353,1
28,SET,355,1
28,SET,357,4
28,SET,359,2
28,SET,361,3
28,SET,365,1
28,SET,369,2
28,SET,371,5
28,SET,373,2
28,SET,375,1
28,SET,377,1
28,SET,379,2
28,SET,385,2
28,SET,387,3
28,SET,391,1
28,SET,393,1
28,SET,395,1
28,SET,397,3
28,SET,401,2
28,SET,405,2
28,SET,407,1
28,SET,409,1
28,SET,413,1
28,SET,417,1
28,SET,427,1
28,SET,437,2
28,SET,439,3
28,SET,443,1
28,SET,445,1
28,SET,459,1
28,SET,461,2
28,SET,463,1
28,SET,483,2
28,SET,493,1
28,SET,503,1
28,SET,511,1
28,SET,527,1
28,SET,535,1
28,SET,543,1
28,SET,563,1
28,SET,567,1
28,SET,595,1
28,SET,603,1
28,SET,631,1
28,SET,651,1
28,SET,679,1
28,SET,735,1
28,SET,783,1
28,SET,799,1
28,SET,827,1
28,SET,835,1
28,SET,855,1
28,SET,939,1
28,SET,955,1
28,SET,999,1
28,SET,1311,1
28,SET,1351,1
28,SET,1727,1
28,SET,2351,1
28,SET,2975,1
28,DEL,86,1
28,DEL,87,2
28,DEL,89,4
28,DEL,90,2
28,DEL,91,6
28,DEL,92,7
28,DEL,93,15
28,DEL,94,20
28,DEL,95,24
28,DEL,96,22
28,DEL,97,33
28,DEL,98,55
28,DEL,99,77
28,DEL,100,83
28,DEL,101,131
28,DEL,102,133
28,DEL,103,147
28,DEL,104,229
28,DEL,105,216
28,DEL,106,260
28,DEL,107,309
28,DEL,108,310
28,DEL,109,353
28,DEL,110,429
28,DEL,111,459
28,DEL,112,520
28,DEL,113,555
28,DEL,114,664
28,DEL,115,766
28,DEL,116,725
28,DEL,117,822
28,DEL,118,901
28,DEL,119,977
28,DEL,120,1063
28,DEL,121,1121
28,DEL,122,1201
28,DEL,123,1270
28,DEL,124,1330
28,DEL,125,1382
28,DEL,126,1468
28,DEL,127,1503
28,DEL,128,1571
28,DEL,129,1669
28,DEL,130,1738
28,DEL,131,1754
28,DEL,132,1772
28,DEL,133,1834
28,DEL,134,1900
28,DEL,135,1945
28,DEL,136,1879
28,DEL,137,2019
28,DEL,138,2087
28,DEL,139,2088
28,DEL,140,2118
28,DEL,141,2169
28,DEL,142,2213
28,DEL,143,2174
28,DEL,144,2181
28,DEL,145,2215
28,DEL,146,2249
28,DEL,147,2231
28,DEL,148,2247
28,DEL,149,2211
28,DEL,150,2292
28,DEL,151,2156
28,DEL,152,2199
28,DEL,153,2068
28,DEL,154,2170
28,DEL,155,2100
28,DEL,156,2126
28,DEL,157,2128
28,DEL,158,1953
28,DEL,159,1939
28,DEL,160,1966
28,DEL,161,1959
28,DEL,162,1898
28,DEL,163,1911
28,DEL,164,1768
28,DEL,165,1857
28,DEL,166,1764
28,DEL,167,1768
28,DEL,168,1728
28,DEL,169,1718
28,DEL,170,1653
28,DEL,171,1645
28,DEL,172,1572
28,DEL,173,1486
28,DEL,174,1520
28,DEL,175,1457
28,DEL,176,1434
28,DEL,177,1345
28,DEL,178,1381
28,DEL,179,1321
28,DEL,180,1248
28,DEL,181,1238
28,DEL,182,1162
28,DEL,183,1159
28,DEL,184,1087
28,DEL,185,1108
28,DEL,186,1080
28,DEL,187,1083
28,DEL,188,1023
28,DEL,189,977
28,DEL,190,904
28,DEL,191,908
28,DEL,192,900
28,DEL,193,839
28,DEL,194,794
28,DEL,195,807
28,DEL,196,769
28,DEL,197,745
28,DEL,198,698
28,DEL,199,720
28,DEL,200,678
28,DEL,201,638
28,DEL,202,642
28,DEL,203,587
28,DEL,204,602
28,DEL,205,540
28,DEL,206,545
28,DEL,207,491
28,DEL,208,515
28,DEL,209,472
28,DEL,210,490
28,DEL,211,443
28,DEL,212,446
28,DEL,213,413
28,DEL,214,381
28,DEL,215,375
28,DEL,216,366
28,DEL,217,349
28,DEL,218,366
28,DEL,219,374
28,DEL,220,345
28,DEL,221,290
28,DEL,222,324
28,DEL,223,288
28,DEL,224,294
28,DEL,225,247
28,DEL,226,263
28,DEL,227,228
28,DEL,228,252
28,DEL,229,261
28,DEL,230,211
28,DEL,231,216
28,DEL,232,237
28,DEL,233,180
28,DEL,234,172
28,DEL,235,185
28,DEL,236,151
28,DEL,237,174
28,DEL,238,179
28,DEL,239,144
28,DEL,240,132
28,DEL,241,124
28,DEL,242,146
28,DEL,243,152
28,DEL,244,114
28,DEL,245,123
28,DEL,246,132
28,DEL,247,128
28,DEL,248,106
28,DEL,249,111
28,DEL,250,116
28,DEL,251,99
28,DEL,252,94
28,DEL,253,87
28,DEL,254,94
28,DEL,255,102
28,DEL,257,165
28,DEL,259,141
28,DEL,261,171
28,DEL,263,128
28,DEL,265,131
28,DEL,267,121
28,DEL,269,102
28,DEL,271,108
28,DEL,273,93
28,DEL,275,84
28,DEL,277,90
28,DEL,279,59
28,DEL,281,76
28,DEL,283,76
28,DEL,285,48
28,DEL,287,52
28,DEL,289,56
28,DEL,291,56
28,DEL,293,47
28,DEL,295,37
28,DEL,297,45
28,DEL,299,34
28,DEL,301,39
28,DEL,303,25
28,DEL,305,19
28,DEL,307,26
28,DEL,309,38
28,DEL,311,26
28,DEL,313,12
28,DEL,315,22
28,DEL,317,15
28,DEL,319,20
28,DEL,321,17
28,DEL,323,8
28,DEL,325,20
28,DEL,327,20
28,DEL,329,10
28,DEL,331,13
28,DEL,333,12
28,DEL,335,12
28,DEL,337,15
28,DEL,339,12
28,DEL,341,11
28,DEL,343,5
28,DEL,345,5
28,DEL,347,10
28,DEL,349,10
28,DEL,351,6
28,DEL,353,6
28,DEL,355,5
28,DEL,357,9
28,DEL,359,8
28,DEL,361,2
28,DEL,363,4
28,DEL,365,10
28,DEL,367,4
28,DEL,369,6
28,DEL,371,6
28,DEL,373,7
28,DEL,375,2
28,DEL,377,11
28,DEL,379,3
28,DEL,381,10
28,DEL,383,3
28,DEL,385,2
28,DEL,387,5
28,DEL,391,4
28,DEL,393,4
28,DEL,395,1
28,DEL,397,1
28,DEL,399,4
28,DEL,403,4
28,DEL,405,6
28,DEL,407,1
28,DEL,409,1
28,DEL,411,1
28,DEL,413,1
28,DEL,415,3
28,DEL,419,4
28,DEL,421,3
28,DEL,423,1
28,DEL,425,3
28,DEL,427,3
28,DEL,431,1
28,DEL,433,2
28,DEL,435,1
28,DEL,439,3
28,DEL,441,1
28,DEL,445,1
28,DEL,447,4
28,DEL,449,1
28,DEL,451,1
28,DEL,453,1
28,DEL,455,1
28,DEL,459,1
28,DEL,461,1
28,DEL,463,1
28,DEL,465,3
28,DEL,469,1
28,DEL,473,3
28,DEL,475,2
28,DEL,477,4
28,DEL,481,1
28,DEL,485,3
28,DEL,487,1
28,DEL,501,2
28,DEL,503,2
28,DEL,505,6
28,DEL,509,1
28,DEL,515,2
28,DEL,519,2
28,DEL,523,2
28,DEL,527,1
28,DEL,535,1
28,DEL,547,1
28,DEL,551,3
28,DEL,555,2
28,DEL,563,1
28,DEL,567,1
28,DEL,571,3
28,DEL,575,2
28,DEL,579,2
28,DEL,583,1
28,DEL,587,5
28,DEL,595,3
28,DEL,599,1
28,DEL,603,1
28,DEL,607,1
28,DEL,611,1
28,DEL,615,1
28,DEL,619,1
28,DEL,623,1
28,DEL,627,1
28,DEL,631,2
28,DEL,639,1
28,DEL,651,2
28,DEL,655,1
28,DEL,663,4
28,DEL,667,1
28,DEL,679,1
28,DEL,691,1
28,DEL,695,1
28,DEL,699,1
28,DEL,703,3
28,DEL,707,2
28,DEL,715,2
28,DEL,723,3
28,DEL,727,1
28,DEL,731,2
28,DEL,739,1
28,DEL,755,2
28,DEL,771,2
28,DEL,787,1
28,DEL,799,1
28,DEL,819,1
28,DEL,835,1
28,DEL,843,2
28,DEL,855,1
28,DEL,859,1
28,DEL,871,1
28,DEL,887,1
28,DEL,899,1
28,DEL,907,1
28,DEL,923,1
28,DEL,959,1
28,DEL,983,2
28,DEL,1031,1
28,DEL,1039,1
28,DEL,1095,1
28,DEL,1159,1
28,DEL,1191,2
28,DEL,1215,1
28,DEL,1263,1
28,DEL,1487,1
28,DEL,1511,1
28,DEL,1575,1
28,DEL,1655,1
28,DEL,1903,1
28,DEL,2287,2
28,DEL,2335,1
28,DEL,2399,1
28,DEL,2463,1
28,DEL,2607,1
28,DEL,2719,1
28,DEL,3519,1
28,DEL,3855,1
29,SET,88,1
29,SET,90,1
29,SET,92,2
29,SET,93,1
29,SET,94,2
29,SET,95,4
29,SET,96,6
29,SET,97,8
29,SET,98,11
29,SET,99,15
29,SET,100,19
29,SET,101,24
29,SET,102,30
29,SET,103,33
29,SET,104,42
29,SET,105,52
29,SET,106,59
29,SET,107,66
29,SET,108,56
29,SET,109,73
29,SET,110,87
29,SET,111,103
29,SET,112,106
29,SET,113,136
29,SET,114,131
29,SET,115,142
29,SET,116,164
29,SET,117,159
29,SET,118,167
29,SET,119,192
29,SET,120,201
29,SET,121,234
29,SET,122,262
29,SET,123,254
29,SET,124,233
29,SET,125,291
29,SET,126,292
29,SET,127,290
29,SET,128,320
29,SET,129,327
29,SET,130,323
29,SET,131,377
29,SET,132,393
29,SET,133,366
29,SET,134,392
29,SET,135,380
29,SET,136,398
29,SET,137,378
29,SET,138,394
29,SET,139,431
29,SET,140,384
29,SET,141,446
29,SET,142,411
29,SET,143,432
29,SET,144,438
29,SET,145,437
29,SET,146,460
29,SET,147,416
29,SET,148,459
29,SET,149,492
29,SET,150,413
29,SET,151,406
29,SET,152,431
29,SET,153,424
29,SET,154,420
29,SET,155,423
29,SET,156,441
29,SET,157,413
29,SET,158,425
29,SET,159,428
29,SET,160,399
29,SET,161,368
29,SET,162,380
29,SET,163,391
29,SET,164,360
29,SET,165,388
29,SET,166,359
29,SET,167,341
29,SET,168,356
29,SET,169,349
29,SET,170,323
29,SET,171,317
29,SET,172,302
29,SET,173,310
29,SET,174,286
29,SET,175,277
29,SET,176,257
29,SET,177,275
29,SET,178,288
29,SET,179,277
29,SET,180,255
29,SET,181,240
29,SET,182,233
29,SET,183,245
29,SET,184,207
29,SET,185,217
29,SET,186,230
29,SET,187,208
29,SET,188,188
29,SET,189,210
29,SET,190,192
29,SET,191,185
29,SET,192,184
29,SET,193,180
29,SET,194,170
29,SET,195,178
29,SET,196,159
29,SET,197,152
29,SET,198,140
29,SET,199,148
29,SET,200,107
29,SET,201,151
29,SET,202,113
29,SET,203,126
29,SET,204,119
29,SET,205,120
29,SET,206,112
29,SET,207,85
29,SET,208,113
29,SET,209,95
29,SET,210,92
29,SET,211,93
29,SET,212,94
29,SET,213,67
29,SET,214,92
29,SET,215,74
29,SET,216,71
29,SET,217,85
29,SET,218,83
29,SET,219,69
29,SET,220,58
29,SET,221,81
29,SET,222,61
29,SET,223,53
29,SET,224,46
29,SET,225,49
29,SET,226,59
29,SET,227,50
29,SET,228,59
29,SET,229,61
29,SET,230,47
29,SET,231,45
29,SET,232,45
29,SET,233,35
29,SET,234,33
29,SET,235,34
29,SET,236,40
29,SET,237,34
29,SET,238,32
29,SET,239,25
29,SET,240,31
29,SET,241,28
29,SET,242,31
29,SET,243,28
29,SET,244,25
29,SET,245,25
29,SET,246,24
29,SET,247,27
29,SET,248,30
29,SET,249,30
29,SET,250,25
29,SET,251,16
29,SET,252,15
29,SET,253,27
29,SET,254,17
29,SET,255,24
29,SET,257,36
29,SET,259,38
29,SET,261,31
29,SET,263,31
29,SET,265,28
29,SET,267,25
29,SET,269,23
29,SET,271,23
29,SET,273,15
29,SET,275,15
29,SET,277,16
29,SET,279,18
29,SET,281,14
29,SET,283,15
29,SET,285,11
29,SET,287,10
29,SET,289,12
29,SET,291,9
29,SET,293,16
29,SET,295,5
29,SET,297,10
29,SET,299,10
29,SET,301,14
29,SET,303,9
29,SET,305,12
29,SET,307,5
29,SET,309,7
29,SET,311,4
29,SET,313,3
29,SET,315,4
29,SET,317,2
29,SET,319,4
29,SET,321,2
29,SET,325,3
29,SET,327,1
29,SET,331,6
29,SET,333,5
29,SET,337,3
29,SET,341,2
29,SET,343,3
29,SET,345,3
29,SET,349,2
29,SET,351,1
29,SET,355,1
29,SET,357,1
29,SET,359,1
29,SET,363,4
29,SET,365,2
29,SET,369,2
29,SET,371,1
29,SET,373,2
29,SET,375,1
29,SET,379,2
29,SET,381,1
29,SET,383,1
29,SET,385,1
29,SET,389,2
29,SET,401,1
29,SET,409,1
29,SET,411,1
29,SET,415,2
29,SET,427,1
29,SET,433,1
29,SET,437,1
29,SET,439,2
29,SET,451,1
29,SET,453,1
29,SET,455,2
29,SET,471,1
29,SET,483,1
29,SET,485,2
29,SET,499,1
29,SET,523,1
29,SET,571,2
29,SET,579,1
29,SET,587,1
29,SET,591,1
29,SET,595,1
29,SET,599,1
29,SET,619,1
29,SET,639,2
29,SET,647,1
29,SET,703,1
29,SET,807,1
29,SET,919,1
29,SET,931,1
29,SET,1183,1
29,SET,1391,1
29,DEL,83,1
29,DEL,84,1
29,DEL,86,4
29,DEL,87,3
29,DEL,88,5
29,DEL,89,4
29,DEL,90,12
29,DEL,91,17
29,DEL,92,30
29,DEL,93,38
29,DEL,94,55
29,DEL,95,56
29,DEL,96,65
29,DEL,97,89
29,DEL,98,100
29,DEL,99,145
29,DEL,100,183
29,DEL,101,195
29,DEL,102,233
29,DEL,103,294
29,DEL,104,306
29,DEL,105,363
29,DEL,106,385
29,DEL,107,477
29,DEL,108,511
29,DEL,109,610
29,DEL,110,608
29,DEL,111,700
29,DEL,112,762
29,DEL,113,839
29,DEL,114,927
29,DEL,115,1014
29,DEL,116,1002
29,DEL,117,1206
29,DEL,118,1209
29,DEL,119,1273
29,DEL,120,1409
29,DEL,121,1442
29,DEL,122,1625
29,DEL,123,1547
29,DEL,124,1579
29,DEL,125,1740
29,DEL,126,1769
29,DEL,127,1744
29,DEL,128,1961
29,DEL,129,1883
29,DEL,130,1914
29,DEL,131,2061
29,DEL,132,2070
29,DEL,133,2099
29,DEL,134,2092
29,DEL,135,2142
29,DEL,136,2185
29,DEL,137,2195
29,DEL,138,2216
29,DEL,139,2275
29,DEL,140,2225
29,DEL,141,2144
29,DEL,142,2377
29,DEL,143,2304
29,DEL,144,2220
29,DEL,145,2244
29,DEL,146,2380
29,DEL,147,2275
29,DEL,148,2201
29,DEL,149,2311
29,DEL,150,2278
29,DEL,151,2142
29,DEL,152,2105
29,DEL,153,2155
29,DEL,154,2078
29,DEL,155,2059
29,DEL,156,2043
29,DEL,157,1956
29,DEL,158,1970
29,DEL,159,1906
29,DEL,160,1810
29,DEL,161,1791
29,DEL,162,1736
29,DEL,163,1648
29,DEL,164,1685
29,DEL,165,1676
29,DEL,166,1670
29,DEL,167,1588
29,DEL,168,1531
29,DEL,169,1513
29,DEL,170,1517
29,DEL,171,1501
29,DEL,172,1420
29,DEL,173,1388
29,DEL,174,1269
29,DEL,175,1301
29,DEL,176,1226
29,DEL,177,1193
29,DEL,178,1180
29,DEL,179,1079
29,DEL,180,1085
29,DEL,181,1094
29,DEL,182,988
29,DEL,183,1030
29,DEL,184,965
29,DEL,185,980
29,DEL,186,890
29,DEL,187,876
29,DEL,188,825
29,DEL,189,784
29,DEL,190,797
29,DEL,191,689
29,DEL,192,727
29,DEL,193,754
29,DEL,194,725
29,DEL,195,700
29,DEL,196,635
29,DEL,197,614
29,DEL,198,616
29,DEL,199,578
29,DEL,200,570
29,DEL,201,555
29,DEL,202,489
29,DEL,203,488
29,DEL,204,454
29,DEL,205,463
29,DEL,206,442
29,DEL,207,416
29,DEL,208,423
29,DEL,209,403
29,DEL,210,385
29,DEL,211,361
29,DEL,212,341
29,DEL,213,322
29,DEL,214,309
29,DEL,215,324
29,DEL,216,277
29,DEL,217,308
29,DEL,218,284
29,DEL,219,285
29,DEL,220,243
29,DEL,221,227
29,DEL,222,219
29,DEL,223,233
29,DEL,224,227
29,DEL,225,241
29,DEL,226,222
29,DEL,227,184
29,DEL,228,193
29,DEL,229,191
29,DEL,230,186
29,DEL,231,180
29,DEL,232,167
29,DEL,233,157
29,DEL,234,142
29,DEL,235,147
29,DEL,236,142
29,DEL,237,135
29,DEL,238,141
29,DEL,239,116
29,DEL,240,123
29,DEL,241,142
29,DEL,242,105
29,DEL,243,107
29,DEL,244,118
29,DEL,245,105
29,DEL,246,111
29,DEL,247,92
29,DEL,248,100
29,DEL,249,90
29,DEL,250,90
29,DEL,251,78
29,DEL,252,62
29,DEL,253,89
29,DEL,254,85
29,DEL,255,77
29,DEL,257,126
29,DEL,259,135
29,DEL,261,126
29,DEL,263,109
29,DEL,265,108
29,DEL,267,91
29,DEL,269,100
29,DEL,271,68
29,DEL,273,72
29,DEL,275,79
29,DEL,277,52
29,DEL,279,58
29,DEL,281,57
29,DEL,283,60
29,DEL,285,54
29,DEL,287,60
29,DEL,289,48
29,DEL,291,41
29,DEL,293,28
29,DEL,295,48
29,DEL,297,34
29,DEL,299,29
29,DEL,301,38
29,DEL,303,30
29,DEL,305,23
29,DEL,307,26
29,DEL,309,19
29,DEL,311,15
29,DEL,313,20
29,DEL,315,18
29,DEL,317,8
29,DEL,319,20
29,DEL,321,12
29,DEL,323,18
29,DEL,325,15
29,DEL,327,14
29,DEL,329,12
29,DEL,331,10
29,DEL,333,7
29,DEL,335,10
29,DEL,337,7
29,DEL,339,9
29,DEL,341,10
29,DEL,343,6
29,DEL,345,6
29,DEL,347,6
29,DEL,349,12
29,DEL,351,7
29,DEL,353,8
29,DEL,355,4
29,DEL,357,9
29,DEL,359,1
29,DEL,361,5
29,DEL,363,4
29,DEL,365,4
29,DEL,367,3
29,DEL,369,5
29,DEL,371,2
29,DEL,373,5
29,DEL,375,3
29,DEL,377,3
29,DEL,379,4
29,DEL,381,4
29,DEL,383,2
29,DEL,387,1
29,DEL,389,5
29,DEL,391,3
29,DEL,393,1
29,DEL,395,4
29,DEL,399,1
29,DEL,401,4
29,DEL,403,4
29,DEL,405,4
29,DEL,407,1
29,DEL,409,4
29,DEL,411,2
29,DEL,413,2
29,DEL,415,3
29,DEL,417,2
29,DEL,419,3
29,DEL,423,1
29,DEL,425,1
29,DEL,427,2
29,DEL,433,2
29,DEL,435,2
29,DEL,437,3
29,DEL,439,1
29,DEL,443,1
29,DEL,445,2
29,DEL,447,1
29,DEL,449,1
29,DEL,451,1
29,DEL,453,1
29,DEL,455,2
29,DEL,457,2
29,DEL,459,3
29,DEL,465,1
29,DEL,467,2
29,DEL,469,1
29,DEL,471,1
29,DEL,473,1
29,DEL,475,1
29,DEL,479,1
29,DEL,481,2
29,DEL,483,1
29,DEL,487,3
29,DEL,491,1
29,DEL,493,1
29,DEL,495,1
29,DEL,497,1
29,DEL,499,3
29,DEL,501,2
29,DEL,507,1
29,DEL,515,1
29,DEL,535,1
29,DEL,539,1
29,DEL,543,1
29,DEL,559,1
29,DEL,567,1
29,DEL,571,2
29,DEL,579,1
29,DEL,587,2
29,DEL,595,2
29,DEL,599,1
29,DEL,603,1
29,DEL,607,2
29,DEL,611,1
29,DEL,619,3
29,DEL,627,1
29,DEL,635,2
29,DEL,639,1
29,DEL,643,2
29,DEL,651,1
29,DEL,659,1
29,DEL,663,1
29,DEL,671,2
29,DEL,675,1
29,DEL,687,2
29,DEL,691,2
29,DEL,699,1
29,DEL,707,1
29,DEL,711,1
29,DEL,715,2
29,DEL,731,1
29,DEL,743,1
29,DEL,747,1
29,DEL,755,1
29,DEL,759,2
29,DEL,763,2
29,DEL,771,1
29,DEL,775,1
29,DEL,783,1
29,DEL,807,1
29,DEL,819,2
29,DEL,835,1
29,DEL,855,1
29,DEL,859,1
29,DEL,871,1
29,DEL,883,1
29,DEL,907,2
29,DEL,947,1
29,DEL,959,2
29,DEL,967,1
29,DEL,979,1
29,DEL,1031,1
29,DEL,1055,1
29,DEL,1063,1
29,DEL,1071,1
29,DEL,1079,1
29,DEL,1087,1
29,DEL,1143,1
29,DEL,1207,1
29,DEL,1239,1
29,DEL,1287,1
29,DEL,1375,1
29,DEL,1383,1
29,DEL,1415,1
29,DEL,1535,1
29,DEL,1567,2
29,DEL,1583,1
29,DEL,1599,1
29,DEL,1743,1
29,DEL,1767,1
29,DEL,1863,1
29,DEL,1895,1
29,DEL,2039,1
29,DEL,2111,1
29,DEL,2847,1
29,GET,80,2
29,GET,81,1
29,GET,82,2
29,GET,83,1
29,GET,84,6
29,GET,85,7
29,GET,86,11
29,GET,87,20
29,GET,88,20
29,GET,89,34
29,GET,90,50
29,GET,91,78
29,GET,92,76
29,GET,93,111
29,GET,94,156
29,GET,95,218
29,GET,96,230
29,GET,97,308
29,GET,98,355
29,GET,99,445
29,GET,100,558
29,GET,101,618
29,GET,102,789
29,GET,103,887
29,GET,104,1008
29,GET,105,1138
29,GET,106,1359
29,GET,107,1472
29,GET,108,1591
29,GET,109,1811
29,GET,110,2028
29,GET,111,2169
29,GET,112,2366
29,GET,113,2580
29,GET,114,2709
29,GET,115,2933
29,GET,116,3154
29,GET,117,3274
29,GET,118,3502
29,GET,119,3774
29,GET,120,3912
29,GET,121,4109
29,GET,122,4310
29,GET,123,4584
29,GET,124,4676
29,GET,125,5062
29,GET,126,5005
29,GET,127,5191
29,GET,128,5354
29,GET,129,5377
29,GET,130,5712
29,GET,131,5860
29,GET,132,5714
29,GET,133,6007
29,GET,134,6033
29,GET,135,6226
29,GET,136,6089
29,GET,137,6381
29,GET,138,6329
29,GET,139,6308
29,GET,140,6388
29,GET,141,6196
29,GET,142,6280
29,GET,143,6286
29,GET,144,6432
29,GET,145,6330
29,GET,146,6352
29,GET,147,6328
29,GET,148,6193
29,GET,149,6344
29,GET,150,6187
29,GET,151,6088
29,GET,152,5762
29,GET,153,5683
29,GET,154,5658
29,GET,155,5733
29,GET,156,5515
29,GET,157,5503
29,GET,158,5268
29,GET,159,5259
29,GET,160,5050
29,GET,161,5086
29,GET,162,4920
29,GET,163,4771
29,GET,164,4678
29,GET,165,4608
29,GET,166,4515
29,GET,167,4214
29,GET,168,4304
29,GET,169,4107
29,GET,170,4092
29,GET,171,3869
29,GET,172,3802
29,GET,173,3742
29,GET,174,3610
29,GET,175,3504
29,GET,176,3399
29,GET,177,3234
29,GET,178,3065
29,GET,179,3141
29,GET,180,2976
29,GET,181,2827
29,GET,182,2846
29,GET,183,2669
29,GET,184,2585
29,GET,185,2632
29,GET,186,2412
29,GET,187,2345
29,GET,188,2276
29,GET,189,2209
29,GET,190,2146
29,GET,191,2071
29,GET,192,2056
29,GET,193,1925
29,GET,194,1846
29,GET,195,1801
29,GET,196,1728
29,GET,197,1669
29,GET,198,1664
29,GET,199,1579
29,GET,200,1493
29,GET,201,1371
29,GET,202,1362
29,GET,203,1388
29,GET,204,1275
29,GET,205,1287
29,GET,206,1193
29,GET,207,1123
29,GET,208,1088
29,GET,209,1079
29,GET,210,974
29,GET,211,1003
29,GET,212,959
29,GET,213,864
29,GET,214,823
29,GET,215,840
29,GET,216,795
29,GET,217,840
29,GET,218,749
29,GET,219,656
29,GET,220,665
29,GET,221,673
29,GET,222,670
29,GET,223,627
29,GET,224,596
29,GET,225,587
29,GET,226,547
29,GET,227,553
29,GET,228,454
29,GET,229,525
29,GET,230,489
29,GET,231,459
29,GET,232,442
29,GET,233,447
29,GET,234,408
29,GET,235,436
29,GET,236,374
29,GET,237,417
29,GET,238,341
29,GET,239,275
29,GET,240,297
29,GET,241,324
29,GET,242,306
29,GET,243,311
29,GET,244,281
29,GET,245,278
29,GET,246,283
29,GET,247,265
29,GET,248,232
29,GET,249,247
29,GET,250,243
29,GET,251,203
29,GET,252,210
29,GET,253,200
29,GET,254,195
29,GET,255,180
29,GET,257,396
29,GET,259,353
29,GET,261,283
29,GET,263,292
29,GET,265,262
29,GET,267,269
29,GET,269,227
29,GET,271,249
29,GET,273,199
29,GET,275,218
29,GET,277,175
29,GET,279,185
29,GET,281,157
29,GET,283,132
29,GET,285,152
29,GET,287,157
29,GET,289,116
29,GET,291,90
29,GET,293,105
29,GET,295,105
29,GET,297,91
29,GET,299,100
29,GET,301,82
29,GET,303,61
29,GET,305,72
29,GET,307,72
29,GET,309,56
29,GET,311,55
29,GET,313,59
29,GET,315,49
29,GET,317,43
29,GET,319,48
29,GET,321,31
29,GET,323,34
29,GET,325,37
29,GET,327,24
29,GET,329,30
29,GET,331,32
29,GET,333,24
29,GET,335,24
29,GET,337,23
29,GET,339,30
29,GET,341,18
29,GET,343,29
29,GET,345,21
29,GET,347,20
29,GET,349,15
29,GET,351,18
29,GET,353,16
29,GET,355,21
29,GET,357,10
29,GET,359,16
29,GET,361,8
29,GET,363,12
29,GET,365,13
29,GET,367,9
29,GET,369,11
29,GET,371,19
29,GET,373,8
29,GET,375,14
29,GET,377,12
29,GET,379,12
29,GET,381,6
29,GET,383,7
29,GET,385,6
29,GET,387,3
29,GET,389,8
29,GET,391,9
29,GET,393,9
29,GET,395,11
29,GET,397,7
29,GET,399,4
29,GET,401,11
29,GET,403,9
29,GET,405,4
29,GET,407,5
29,GET,409,10
29,GET,411,6
29,GET,413,9
29,GET,415,5
29,GET,417,8
29,GET,419,2
29,GET,421,1
29,GET,423,9
29,GET,425,6
29,GET,427,3
29,GET,429,5
29,GET,431,3
29,GET,433,6
29,GET,435,9
29,GET,437,4
29,GET,439,3
29,GET,441,1
29,GET,443,3
29,GET,445,1
29,GET,447,7
29,GET,449,1
29,GET,451,5
29,GET,453,2
29,GET,455,3
29,GET,457,2
29,GET,459,2
29,GET,461,3
29,GET,463,2
29,GET,467,1
29,GET,469,1
29,GET,471,1
29,GET,473,3
29,GET,475,1
29,GET,477,2
29,GET,479,1
29,GET,481,1
29,GET,483,2
29,GET,485,2
29,GET,487,3
29,GET,489,3
29,GET,491,3
29,GET,493,2
29,GET,495,3
29,GET,497,1
29,GET,499,5
29,GET,501,2
29,GET,503,1
29,GET,505,3
29,GET,507,2
29,GET,509,2
29,GET,511,1
29,GET,515,5
29,GET,519,1
29,GET,523,3
29,GET,527,4
29,GET,531,2
29,GET,535,2
29,GET,539,2
29,GET,543,1
29,GET,547,6
29,GET,551,6
29,GET,555,2
29,GET,559,6
29,GET,563,3
29,GET,567,6
29,GET,571,7
29,GET,575,10
29,GET,579,1
29,GET,587,2
29,GET,591,4
29,GET,595,2
29,GET,599,4
29,GET,603,1
29,GET,607,4
29,GET,611,2
29,GET,615,3
29,GET,619,3
29,GET,623,4
29,GET,631,3
29,GET,635,5
29,GET,639,1
29,GET,643,3
29,GET,647,4
29,GET,651,2
29,GET,659,5
29,GET,663,2
29,GET,667,3
29,GET,671,5
29,GET,675,2
29,GET,679,3
29,GET,683,1
29,GET,687,4
29,GET,695,3
29,GET,699,1
29,GET,703,2
29,GET,715,1
29,GET,719,1
29,GET,723,1
29,GET,727,2
29,GET,731,1
29,GET,735,1
29,GET,739,1
29,GET,743,1
29,GET,747,2
29,GET,751,1
29,GET,759,3
29,GET,763,3
29,GET,767,1
29,GET,771,1
29,GET,779,1
29,GET,783,3
29,GET,787,4
29,GET,795,1
29,GET,799,2
29,GET,803,2
29,GET,807,2
29,GET,811,1
29,GET,815,1
29,GET,819,1
29,GET,827,1
29,GET,831,1
29,GET,839,1
29,GET,867,1
29,GET,871,1
29,GET,879,1
29,GET,883,1
29,GET,895,1
29,GET,899,1
29,GET,911,1
29,GET,915,1
29,GET,927,1
29,GET,931,1
29,GET,939,1
29,GET,947,1
29,GET,951,1
29,GET,971,1
29,GET,979,1
29,GET,983,1
29,GET,991,1
29,GET,995,1
29,GET,1007,2
29,GET,1019,1
29,GET,1023,1
29,GET,1039,1
29,GET,1047,2
29,GET,1063,1
29,GET,1079,1
29,GET,1111,1
29,GET,1119,1
29,GET,1127,1
29,GET,1159,1
29,GET,1191,1
29,GET,1199,1
29,GET,1215,2
29,GET,1239,1
29,GET,1247,1
29,GET,1263,1
29,GET,1287,1
29,GET,1303,1
29,GET,1319,1
29,GET,1327,1
29,GET,1351,1
29,GET,1391,1
29,GET,1503,1
29,GET,1535,1
29,GET,1551,1
29,GET,1647,1
29,GET,1687,2
29,GET,1775,2
29,GET,1799,1
29,GET,1855,2
29,GET,1879,1
29,GET,1919,1
29,GET,1943,1
29,GET,2079,1
29,GET,2095,1
29,GET,2239,1
29,GET,2303,1
29,GET,2495,3
29,GET,2751,2
29,GET,2799,1
29,GET,2847,2
29,GET,2975,1
29,GET,3439,1
29,GET,3999,1
30,SET,92,1
30,SET,96,3
30,SET,97,1
30,SET,98,7
30,SET,99,4
30,SET,100,15
30,SET,101,21
30,SET,102,23
30,SET,103,28
30,SET,104,24
30,SET,105,39
30,SET,106,37
30,SET,107,35
30,SET,108,52
30,SET,109,64
30,SET,110,68
30,SET,111,71
30,SET,112,84
30,SET,113,109
30,SET,114,105
30,SET,115,114
30,SET,116,110
30,SET,117,132
30,SET,118,153
30,SET,119,166
30,SET,120,171
30,SET,121,203
30,SET,122,222
30,SET,123,216
30,SET,124,220
30,SET,125,261
30,SET,126,250
30,SET,127,295
30,SET,128,273
30,SET,129,304
30,SET,130,311
30,SET,131,308
30,SET,132,351
30,SET,133,384
30,SET,134,354
30,SET,135,334
30,SET,136,391
30,SET,137,368
30,SET,138,410
30,SET,139,411
30,SET,140,419
30,SET,141,423
30,SET,142,425
30,SET,143,432
30,SET,144,408
30,SET,145,435
30,SET,146,454
30,SET,147,418
30,SET,148,422
30,SET,149,439
30,SET,150,464
30,SET,151,438
30,SET,152,434
30,SET,153,435
30,SET,154,448
30,SET,155,419
30,SET,156,422
30,SET,157,417
30,SET,158,440
30,SET,159,424
30,SET,160,414
30,SET,161,422
30,SET,162,396
30,SET,163,414
30,SET,164,393
30,SET,165,402
30,SET,166,374
30,SET,167,402
30,SET,168,346
30,SET,169,329
30,SET,170,336
30,SET,171,347
30,SET,172,296
30,SET,173,347
30,SET,174,262
30,SET,175,289
30,SET,176,312
30,SET,177,289
30,SET,178,293
30,SET,179,273
30,SET,180,269
30,SET,181,266
30,SET,182,247
30,SET,183,256
30,SET,184,237
30,SET,185,239
30,SET,186,209
30,SET,187,183
30,SET,188,214
30,SET,189,195
30,SET,190,215
30,SET,191,191
30,SET,192,185
30,SET,193,189
30,SET,194,167
30,SET,195,194
30,SET,196,179
30,SET,197,136
30,SET,198,136
30,SET,199,155
30,SET,200,163
30,SET,201,125
30,SET,202,155
30,SET,203,131
30,SET,204,134
30,SET,205,121
30,SET,206,133
30,SET,207,116
30,SET,208,99
30,SET,209,119
30,SET,210,103
30,SET,211,85
30,SET,212,80
30,SET,213,104
30,SET,214,96
30,SET,215,101
30,SET,216,78
30,SET,217,78
30,SET,218,64
30,SET,219,67
30,SET,220,57
30,SET,221,85
30,SET,222,66
30,SET,223,58
30,SET,224,55
30,SET,225,55
30,SET,226,59
30,SET,227,55
30,SET,228,49
30,SET,229,59
30,SET,230,56
30,SET,231,38
30,SET,232,61
30,SET,233,47
30,SET,234,58
30,SET,235,36
30,SET,236,46
30,SET,237,32
30,SET,238,33
30,SET,239,37
30,SET,240,37
30,SET,241,35
30,SET,242,32
30,SET,243,38
30,SET,244,15
30,SET,245,22
30,SET,246,38
30,SET,247,30
30,SET,248,24
30,SET,249,30
30,SET,250,24
30,SET,251,21
30,SET,252,25
30,SET,253,19
30,SET,254,24
30,SET,255,22
30,SET,257,27
30,SET,259,35
30,SET,261,41
30,SET,263,36
30,SET,265,25
30,SET,267,29
30,SET,269,27
30,SET,271,32
30,SET,273,16
30,SET,275,23
30,SET,277,18
30,SET,279,18
30,SET,281,17
30,SET,283,17
30,SET,285,15
30,SET,287,13
30,SET,289,10
30,SET,291,10
30,SET,293,8
30,SET,295,5
30,SET,297,7
30,SET,299,7
30,SET,301,5
30,SET,303,10
30,SET,305,2
30,SET,307,3
30,SET,309,6
30,SET,311,9
30,SET,313,8
30,SET,315,5
30,SET,317,1
30,SET,319,4
30,SET,321,3
30,SET,323,4
30,SET,325,3
30,SET,327,3
30,SET,329,5
30,SET,331,3
30,SET,333,6
30,SET,335,2
30,SET,337,5
30,SET,339,2
30,SET,341,4
30,SET,345,1
30,SET,347,1
30,SET,349,1
30,SET,351,1
30,SET,353,2
30,SET,355,1
30,SET,359,2
30,SET,361,3
30,SET,363,1
30,SET,365,2
30,SET,369,3
30,SET,371,1
30,SET,373,1
30,SET,379,1
30,SET,383,2
30,SET,385,2
30,SET,391,1
30,SET,399,2
30,SET,403,2
30,SET,407,1
30,SET,409,1
30,SET,417,1
30,SET,421,1
30,SET,423,1
30,SET,429,1
30,SET,445,1
30,SET,447,1
30,SET,455,1
30,SET,469,1
30,SET,483,1
30,SET,505,1
30,SET,507,1
30,SET,527,1
30,SET,547,1
30,SET,551,2
30,SET,559,1
30,SET,575,1
30,SET,579,1
30,SET,611,2
30,SET,631,1
30,SET,635,2
30,SET,647,1
30,SET,651,1
30,SET,683,1
30,SET,719,1
30,SET,755,1
30,SET,759,1
30,SET,795,1
30,SET,811,1
30,SET,1079,1
30,SET,1159,1
30,SET,1503,1
30,SET,1551,1
30,SET,1575,1
30,DEL,86,1
30,DEL,87,1
30,DEL,88,1
30,DEL,89,3
30,DEL,90,3
30,DEL,91,7
30,DEL,92,16
30,DEL,93,12
30,DEL,94,26
30,DEL,95,46
30,DEL,96,29
30,DEL,97,45
30,DEL,98,59
30,DEL,99,91
30,DEL,100,102
30,DEL,101,110
30,DEL,102,164
30,DEL,103,187
30,DEL,104,229
30,DEL,105,307
30,DEL,106,317
30,DEL,107,372
30,DEL,108,395
30,DEL,109,456
30,DEL,110,512
30,DEL,111,565
30,DEL,112,644
30,DEL,113,669
30,DEL,114,776
30,DEL,115,816
30,DEL,116,877
30,DEL,117,956
30,DEL,118,1045
30,DEL,119,1092
30,DEL,120,1219
30,DEL,121,1323
30,DEL,122,1365
30,DEL,123,1473
30,DEL,124,1446
30,DEL,125,1590
30,DEL,126,1624
30,DEL,127,1715
30,DEL,128,1766
30,DEL,129,1851
30,DEL,130,1862
30,DEL,131,1909
30,DEL,132,2000
30,DEL,133,2068
30,DEL,134,2044
30,DEL,135,2136
30,DEL,136,2100
30,DEL,137,2162
30,DEL,138,2186
30,DEL,139,2252
30,DEL,140,2288
30,DEL,141,2226
30,DEL,142,2212
30,DEL,143,2315
30,DEL,144,2416
30,DEL,145,2298
30,DEL,146,2309
30,DEL,147,2304
30,DEL,148,2246
30,DEL,149,2273
30,DEL,150,2241
30,DEL,151,2202
30,DEL,152,2217
30,DEL,153,2129
30,DEL,154,2164
30,DEL,155,2061
30,DEL,156,2082
30,DEL,157,2031
30,DEL,158,1922
30,DEL,159,1992
30,DEL,160,1887
30,DEL,161,1884
30,DEL,162,1864
30,DEL,163,1902
30,DEL,164,1728
30,DEL,165,1735
30,DEL,166,1675
30,DEL,167,1723
30,DEL,168,1631
30,DEL,169,1568
30,DEL,170,1577
30,DEL,171,1493
30,DEL,172,1453
30,DEL,173,1402
30,DEL,174,1408
30,DEL,175,1293
30,DEL,176,1245
30,DEL,177,1264
30,DEL,178,1231
30,DEL,179,1209
30,DEL,180,1178
30,DEL,181,1131
30,DEL,182,1064
30,DEL,183,1066
30,DEL,184,1027
30,DEL,185,985
30,DEL,186,967
30,DEL,187,910
30,DEL,188,903
30,DEL,189,864
30,DEL,190,806
30,DEL,191,796
30,DEL,192,820
30,DEL,193,759
30,DEL,194,673
30,DEL,195,688
30,DEL,196,693
30,DEL,197,652
30,DEL,198,655
30,DEL,199,667
30,DEL,200,572
30,DEL,201,569
30,DEL,202,536
30,DEL,203,489
30,DEL,204,557
30,DEL,205,488
30,DEL,206,434
30,DEL,207,490
30,DEL,208,432
30,DEL,209,423
30,DEL,210,415
30,DEL,211,385
30,DEL,212,416
30,DEL,213,320
30,DEL,214,376
30,DEL,215,354
30,DEL,216,338
30,DEL,217,307
30,DEL,218,327
30,DEL,219,283
30,DEL,220,272
30,DEL,221,283
30,DEL,222,250
30,DEL,223,267
30,DEL,224,279
30,DEL,225,252
30,DEL,226,255
30,DEL,227,232
30,DEL,228,219
30,DEL,229,204
30,DEL,230,201
30,DEL,231,196
30,DEL,232,174
30,DEL,233,158
30,DEL,234,182
30,DEL,235,156
30,DEL,236,161
30,DEL,237,155
30,DEL,238,178
30,DEL,239,158
30,DEL,240,120
30,DEL,241,157
30,DEL,242,127
30,DEL,243,115
30,DEL,244,115
30,DEL,245,108
30,DEL,246,99
30,DEL,247,112
30,DEL,248,108
30,DEL,249,105
30,DEL,250,80
30,DEL,251,95
30,DEL,252,88
30,DEL,253,85
30,DEL,254,69
30,DEL,255,79
30,DEL,257,147
30,DEL,259,133
30,DEL,261,130
30,DEL,263,126
30,DEL,265,99
30,DEL,267,100
30,DEL,269,95
30,DEL,271,92
30,DEL,273,80
30,DEL,275,93
30,DEL,277,78
30,DEL,279,57
30,DEL,281,54
30,DEL,283,63
30,DEL,285,60
30,DEL,287,49
30,DEL,289,40
30,DEL,291,40
30,DEL,293,40
30,DEL,295,48
30,DEL,297,27
30,DEL,299,52
30,DEL,301,28
30,DEL,303,19
30,DEL,305,30
30,DEL,307,35
30,DEL,309,29
30,DEL,311,22
30,DEL,313,20
30,DEL,315,22
30,DEL,317,22
30,DEL,319,19
30,DEL,321,24
30,DEL,323,17
30,DEL,325,9
30,DEL,327,16
30,DEL,329,13
30,DEL,331,6
30,DEL,333,12
30,DEL,335,8
30,DEL,337,17
30,DEL,339,8
30,DEL,341,12
30,DEL,343,10
30,DEL,345,13
30,DEL,347,8
30,DEL,349,11
30,DEL,351,8
30,DEL,353,5
30,DEL,355,11
30,DEL,357,10
30,DEL,359,13
30,DEL,361,9
30,DEL,363,6
30,DEL,365,3
30,DEL,367,6
30,DEL,369,1
30,DEL,371,4
30,DEL,373,6
30,DEL,375,5
30,DEL,377,5
30,DEL,379,4
30,DEL,381,2
30,DEL,383,2
30,DEL,385,6
30,DEL,387,3
30,DEL,389,1
30,DEL,391,8
30,DEL,393,1
30,DEL,397,1
30,DEL,399,3
30,DEL,401,6
30,DEL,403,3
30,DEL,405,3
30,DEL,409,2
30,DEL,411,4
30,DEL,413,3
30,DEL,417,2
30,DEL,421,3
30,DEL,423,5
30,DEL,425,2
30,DEL,427,2
30,DEL,429,1
30,DEL,431,1
30,DEL,435,2
30,DEL,437,1
30,DEL,439,1
30,DEL,441,1
30,DEL,443,1
30,DEL,445,1
30,DEL,449,2
30,DEL,451,3
30,DEL,453,1
30,DEL,455,1
30,DEL,461,1
30,DEL,463,2
30,DEL,467,1
30,DEL,469,1
30,DEL,471,3
30,DEL,473,1
30,DEL,477,1
30,DEL,479,1
30,DEL,481,1
30,DEL,483,1
30,DEL,485,1
30,DEL,487,1
30,DEL,489,1
30,DEL,491,3
30,DEL,493,1
30,DEL,495,1
30,DEL,499,3
30,DEL,501,2
30,DEL,503,1
30,DEL,509,2
30,DEL,511,1
30,DEL,515,5
30,DEL,519,4
30,DEL,523,1
30,DEL,527,4
30,DEL,531,1
30,DEL,535,1
30,DEL,539,2
30,DEL,543,2
30,DEL,547,3
30,DEL,551,3
30,DEL,559,2
30,DEL,563,3
30,DEL,567,1
30,DEL,571,1
30,DEL,587,1
30,DEL,591,1
30,DEL,595,2
30,DEL,599,1
30,DEL,603,1
30,DEL,607,1
30,DEL,611,1
30,DEL,615,2
30,DEL,623,2
30,DEL,631,1
30,DEL,639,3
30,DEL,647,1
30,DEL,651,2
30,DEL,655,3
30,DEL,659,1
30,DEL,663,1
30,DEL,667,2
30,DEL,675,2
30,DEL,683,2
30,DEL,691,1
30,DEL,699,3
30,DEL,715,1
30,DEL,735,1
30,DEL,739,1
30,DEL,743,1
30,DEL,747,1
30,DEL,751,1
30,DEL,755,1
30,DEL,779,1
30,DEL,791,2
30,DEL,795,1
30,DEL,823,1
30,DEL,831,1
30,DEL,835,1
30,DEL,851,2
30,DEL,871,1
30,DEL,915,1
30,DEL,919,1
30,DEL,939,1
30,DEL,947,1
30,DEL,959,1
30,DEL,975,1
30,DEL,991,1
30,DEL,1011,1
30,DEL,1031,1
30,DEL,1047,1
30,DEL,1079,1
30,DEL,1087,1
30,DEL,1111,1
30,DEL,1183,1
30,DEL,1223,1
30,DEL,1287,1
30,DEL,1335,1
30,DEL,1343,1
30,DEL,1487,1
30,DEL,1527,1
30,DEL,1543,1
30,DEL,1583,1
30,DEL,1735,1
30,DEL,1799,1
30,DEL,1887,1
30,DEL,2063,1
30,DEL,2079,1
30,DEL,2207,1
30,DEL,2479,1
30,DEL,3551,1
30,GET,84,1
30,GET,85,1
30,GET,86,1
30,GET,87,4
30,GET,88,4
30,GET,89,13
30,GET,90,19
30,GET,91,22
30,GET,92,29
30,GET,93,51
30,GET,94,76
30,GET,95,79
30,GET,96,135
30,GET,97,172
30,GET,98,207
30,GET,99,275
30,GET,100,354
30,GET,101,413
30,GET,102,545
30,GET,103,625
30,GET,104,729
30,GET,105,923
30,GET,106,1010
30,GET,107,1122
30,GET,108,1229
30,GET,109,1386
30,GET,110,1630
30,GET,111,1784
30,GET,112,1921
30,GET,113,2168
30,GET,114,2324
30,GET,115,2528
30,GET,116,2717
30,GET,117,2938
30,GET,118,3161
30,GET,119,3370
30,GET,120,3636
30,GET,121,3786
30,GET,122,3940
30,GET,123,4148
30,GET,124,4454
30,GET,125,4578
30,GET,126,4823
30,GET,127,4983
30,GET,128,5097
30,GET,129,5265
30,GET,130,5424
30,GET,131,5663
30,GET,132,5698
30,GET,133,5825
30,GET,134,5974
30,GET,135,6106
30,GET,136,6157
30,GET,137,6159
30,GET,138,6283
30,GET,139,6283
30,GET,140,6395
30,GET,141,6464
30,GET,142,6371
30,GET,143,6342
30,GET,144,6608
30,GET,145,6500
30,GET,146,6374
30,GET,147,6285
30,GET,148,6263
30,GET,149,6348
30,GET,150,6270
30,GET,151,6176
30,GET,152,5998
30,GET,153,5864
30,GET,154,5809
30,GET,155,5850
30,GET,156,5742
30,GET,157,5601
30,GET,158,5582
30,GET,159,5372
30,GET,160,5286
30,GET,161,5123
30,GET,162,5048
30,GET,163,5061
30,GET,164,4871
30,GET,165,4830
30,GET,166,4664
30,GET,167,4592
30,GET,168,4390
30,GET,169,4308
30,GET,170,4215
30,GET,171,4075
30,GET,172,3987
30,GET,173,3953
30,GET,174,3722
30,GET,175,3628
30,GET,176,3508
30,GET,177,3435
30,GET,178,3223
30,GET,179,3127
30,GET,180,3112
30,GET,181,3018
30,GET,182,2930
30,GET,183,2823
30,GET,184,2832
30,GET,185,2589
30,GET,186,2598
30,GET,187,2482
30,GET,188,2433
30,GET,189,2329
30,GET,190,2279
30,GET,191,2277
30,GET,192,2107
30,GET,193,2102
30,GET,194,1952
30,GET,195,1916
30,GET,196,1803
30,GET,197,1776
30,GET,198,1651
30,GET,199,1656
30,GET,200,1611
30,GET,201,1542
30,GET,202,1512
30,GET,203,1493
30,GET,204,1387
30,GET,205,1327
30,GET,206,1239
30,GET,207,1266
30,GET,208,1179
30,GET,209,1215
30,GET,210,1113
30,GET,211,1046
30,GET,212,1029
30,GET,213,956
30,GET,214,982
30,GET,215,949
30,GET,216,911
30,GET,217,825
30,GET,218,840
30,GET,219,860
30,GET,220,799
30,GET,221,745
30,GET,222,677
30,GET,223,650
30,GET,224,629
30,GET,225,676
30,GET,226,627
30,GET,227,541
30,GET,228,532
30,GET,229,556
30,GET,230,514
30,GET,231,467
30,GET,232,476
30,GET,233,480
30,GET,234,463
30,GET,235,425
30,GET,236,406
30,GET,237,410
30,GET,238,380
30,GET,239,395
30,GET,240,354
30,GET,241,364
30,GET,242,367
30,GET,243,343
30,GET,244,299
30,GET,245,298
30,GET,246,304
30,GET,247,257
30,GET,248,251
30,GET,249,288
30,GET,250,251
30,GET,251,216
30,GET,252,252
30,GET,253,226
30,GET,254,227
30,GET,255,225
30,GET,257,371
30,GET,259,339
30,GET,261,333
30,GET,263,331
30,GET,265,300
30,GET,267,278
30,GET,269,264
30,GET,271,235
30,GET,273,233
30,GET,275,211
30,GET,277,159
30,GET,279,190
30,GET,281,167
30,GET,283,143
30,GET,285,131
30,GET,287,130
30,GET,289,127
30,GET,291,111
30,GET,293,126
30,GET,295,105
30,GET,297,99
30,GET,299,100
30,GET,301,86
30,GET,303,77
30,GET,305,72
30,GET,307,75
30,GET,309,74
30,GET,311,50
30,GET,313,60
30,GET,315,54
30,GET,317,59
30,GET,319,42
30,GET,321,50
30,GET,323,55
30,GET,325,44
30,GET,327,39
30,GET,329,43
30,GET,331,43
30,GET,333,34
30,GET,335,27
30,GET,337,40
30,GET,339,24
30,GET,341,28
30,GET,343,27
30,GET,345,19
30,GET,347,22
30,GET,349,24
30,GET,351,22
30,GET,353,14
30,GET,355,24
30,GET,357,19
30,GET,359,17
30,GET,361,22
30,GET,363,19
30,GET,365,17
30,GET,367,14
30,GET,369,16
30,GET,371,14
30,GET,373,15
30,GET,375,15
30,GET,377,13
30,GET,379,16
30,GET,381,10
30,GET,383,16
30,GET,385,13
30,GET,387,9
30,GET,389,12
30,GET,391,11
30,GET,393,7
30,GET,395,5
30,GET,397,9
30,GET,399,7
30,GET,401,5
30,GET,403,5
30,GET,405,12
30,GET,407,6
30,GET,409,7
30,GET,411,8
30,GET,413,8
30,GET,415,9
30,GET,417,5
30,GET,419,14
30,GET,421,5
30,GET,423,1
30,GET,425,5
30,GET,427,3
30,GET,429,3
30,GET,431,2
30,GET,433,4
30,GET,435,3
30,GET,437,4
30,GET,439,3
30,GET,441,5
30,GET,443,6
30,GET,445,2
30,GET,447,8
30,GET,449,5
30,GET,451,3
30,GET,453,5
30,GET,455,7
30,GET,457,3
30,GET,459,6
30,GET,461,5
30,GET,463,4
30,GET,465,5
30,GET,469,4
30,GET,471,4
30,GET,473,1
30,GET,475,2
30,GET,477,2
30,GET,479,6
30,GET,481,4
30,GET,485,4
30,GET,487,2
30,GET,491,3
30,GET,495,3
30,GET,499,8
30,GET,501,6
30,GET,503,5
30,GET,505,6
30,GET,507,1
30,GET,509,2
30,GET,511,2
30,GET,515,4
30,GET,519,5
30,GET,523,4
30,GET,531,4
30,GET,535,4
30,GET,539,9
30,GET,543,5
30,GET,547,2
30,GET,551,5
30,GET,555,5
30,GET,559,2
30,GET,563,1
30,GET,567,2
30,GET,571,3
30,GET,575,6
30,GET,579,1
30,GET,583,5
30,GET,587,4
30,GET,591,3
30,GET,595,5
30,GET,599,1
30,GET,603,2
30,GET,607,5
30,GET,611,4
30,GET,615,6
30,GET,619,2
30,GET,623,3
30,GET,631,2
30,GET,635,2
30,GET,639,7
30,GET,643,2
30,GET,647,4
30,GET,651,5
30,GET,655,3
30,GET,659,5
30,GET,663,4
30,GET,675,5
30,GET,679,4
30,GET,683,4
30,GET,687,2
30,GET,691,1
30,GET,695,2
30,GET,699,4
30,GET,707,2
30,GET,711,1
30,GET,719,3
30,GET,727,1
30,GET,731,4
30,GET,735,2
30,GET,739,2
30,GET,743,3
30,GET,755,2
30,GET,767,1
30,GET,771,1
30,GET,775,1
30,GET,783,1
30,GET,787,1
30,GET,791,1
30,GET,795,1
30,GET,799,1
30,GET,803,3
30,GET,819,1
30,GET,827,1
30,GET,835,2
30,GET,839,1
30,GET,843,1
30,GET,851,2
30,GET,855,1
30,GET,859,3
30,GET,867,2
30,GET,871,2
30,GET,875,2
30,GET,887,1
30,GET,891,1
30,GET,895,1
30,GET,903,1
30,GET,907,3
30,GET,911,1
30,GET,919,1
30,GET,923,2
30,GET,927,5
30,GET,939,1
30,GET,959,1
30,GET,963,1
30,GET,967,1
30,GET,971,1
30,GET,983,1
30,GET,991,2
30,GET,995,3
30,GET,999,1
30,GET,1007,1
30,GET,1019,1
30,GET,1039,1
30,GET,1047,1
30,GET,1055,1
30,GET,1071,1
30,GET,1079,1
30,GET,1095,1
30,GET,1103,1
30,GET,1127,1
30,GET,1183,2
30,GET,1191,2
30,GET,1199,1
30,GET,1215,1
30,GET,1223,2
30,GET,1247,1
30,GET,1319,1
30,GET,1351,2
30,GET,1399,1
30,GET,1439,1
30,GET,1447,1
30,GET,1455,1
30,GET,1463,1
30,GET,1511,1
30,GET,1527,1
30,GET,1535,1
30,GET,1551,1
30,GET,1575,2
30,GET,1583,1
30,GET,1591,1
30,GET,1615,1
30,GET,1631,1
30,GET,1655,1
30,GET,1711,1
30,GET,1727,1
30,GET,1735,2
30,GET,1743,1
30,GET,1775,1
30,GET,1855,1
30,GET,1871,1
30,GET,1879,1
30,GET,1959,1
30,GET,2143,1
30,GET,2255,1
30,GET,2271,1
30,GET,2303,2
30,GET,2351,1
30,GET,2479,2
30,GET,2591,1
30,GET,2735,1
30,GET,2783,1
30,GET,2799,1
30,GET,2831,1
30,GET,2847,1
30,GET,2927,1
30,GET,2943,1
30,GET,3071,1
30,GET,3183,1
31,GET,84,1
31,GET,85,1
31,GET,86,1
31,GET,87,6
31,GET,88,7
31,GET,89,19
31,GET,90,9
31,GET,91,29
31,GET,92,37
31,GET,93,44
31,GET,94,53
31,GET,95,61
31,GET,96,109
31,GET,97,147
31,GET,98,168
31,GET,99,248
31,GET,100,307
31,GET,101,384
31,GET,102,458
31,GET,103,549
31,GET,104,666
31,GET,105,779
31,GET,106,903
31,GET,107,1034
31,GET,108,1119
31,GET,109,1255
31,GET,110,1497
31,GET,111,1620
31,GET,112,1825
31,GET,113,1978
31,GET,114,2197
31,GET,115,2398
31,GET,116,2537
31,GET,117,2770
31,GET,118,3003
31,GET,119,3127
31,GET,120,3380
31,GET,121,3642
31,GET,122,3854
31,GET,123,4027
31,GET,124,4391
31,GET,125,4389
31,GET,126,4693
31,GET,127,4863
31,GET,128,4901
31,GET,129,5227
31,GET,130,5239
31,GET,131,5412
31,GET,132,5510
31,GET,133,5680
31,GET,134,5719
31,GET,135,5871
31,GET,136,5938
31,GET,137,6080
31,GET,138,6069
31,GET,139,6179
31,GET,140,6304
31,GET,141,6275
31,GET,142,6508
31,GET,143,6424
31,GET,144,6513
31,GET,145,6607
31,GET,146,6431
31,GET,147,6390
31,GET,148,6562
31,GET,149,6510
31,GET,150,6547
31,GET,151,6087
31,GET,152,6212
31,GET,153,6130
31,GET,154,6072
31,GET,155,5934
31,GET,156,5691
31,GET,157,5855
31,GET,158,5690
31,GET,159,5578
31,GET,160,5373
31,GET,161,5358
31,GET,162,5286
31,GET,163,5252
31,GET,164,5051
31,GET,165,4996
31,GET,166,4801
31,GET,167,4628
31,GET,168,4566
31,GET,169,4311
31,GET,170,4431
31,GET,171,4201
31,GET,172,4217
31,GET,173,3996
31,GET,174,3865
31,GET,175,3794
31,GET,176,3739
31,GET,177,3577
31,GET,178,3488
31,GET,179,3284
31,GET,180,3268
31,GET,181,3164
31,GET,182,3092
31,GET,183,2928
31,GET,184,2876
31,GET,185,2759
31,GET,186,2703
31,GET,187,2560
31,GET,188,2526
31,GET,189,2482
31,GET,190,2400
31,GET,191,2291
31,GET,192,2157
31,GET,193,1984
31,GET,194,1980
31,GET,195,1940
31,GET,196,1902
31,GET,197,1799
31,GET,198,1749
31,GET,199,1730
31,GET,200,1657
31,GET,201,1554
31,GET,202,1460
31,GET,203,1465
31,GET,204,1368
31,GET,205,1327
31,GET,206,1284
31,GET,207,1232
31,GET,208,1214
31,GET,209,1150
31,GET,210,1122
31,GET,211,1042
31,GET,212,1059
31,GET,213,1021
31,GET,214,953
31,GET,215,921
31,GET,216,904
31,GET,217,903
31,GET,218,836
31,GET,219,734
31,GET,220,773
31,GET,221,733
31,GET,222,647
31,GET,223,712
31,GET,224,681
31,GET,225,616
31,GET,226,595
31,GET,227,554
31,GET,228,575
31,GET,229,530
31,GET,230,502
31,GET,231,506
31,GET,232,488
31,GET,233,435
31,GET,234,421
31,GET,235,388
31,GET,236,427
31,GET,237,420
31,GET,238,350
31,GET,239,361
31,GET,240,351
31,GET,241,317
31,GET,242,321
31,GET,243,309
31,GET,244,279
31,GET,245,287
31,GET,246,244
31,GET,247,309
31,GET,248,277
31,GET,249,236
31,GET,250,245
31,GET,251,249
31,GET,252,232
31,GET,253,210
31,GET,254,224
31,GET,255,176
31,GET,257,365
31,GET,259,359
31,GET,261,331
31,GET,263,321
31,GET,265,257
31,GET,267,249
31,GET,269,262
31,GET,271,226
31,GET,273,220
31,GET,275,205
31,GET,277,187
31,GET,279,170
31,GET,281,175
31,GET,283,130
31,GET,285,140
31,GET,287,135
31,GET,289,124
31,GET,291,121
31,GET,293,108
31,GET,295,108
31,GET,297,117
31,GET,299,88
31,GET,301,89
31,GET,303,69
31,GET,305,73
31,GET,307,61
31,GET,309,68
31,GET,311,57
31,GET,313,51
31,GET,315,59
31,GET,317,45
31,GET,319,52
31,GET,321,52
31,GET,323,40
31,GET,325,41
31,GET,327,37
31,GET,329,40
31,GET,331,32
31,GET,333,35
31,GET,335,29
31,GET,337,24
31,GET,339,23
31,GET,341,36
31,GET,343,24
31,GET,345,25
31,GET,347,26
31,GET,349,26
31,GET,351,29
31,GET,353,13
31,GET,355,15
31,GET,357,12
31,GET,359,19
31,GET,361,17
31,GET,363,13
31,GET,365,12
31,GET,367,13
31,GET,369,14
31,GET,371,8
31,GET,373,10
31,GET,375,14
31,GET,377,11
31,GET,379,13
31,GET,381,18
31,GET,383,16
31,GET,385,8
31,GET,387,9
31,GET,389,7
31,GET,391,15
31,GET,393,6
31,GET,395,6
31,GET,397,10
31,GET,399,6
31,GET,401,10
31,GET,403,6
31,GET,405,7
31,GET,407,9
31,GET,409,6
31,GET,411,4
31,GET,413,5
31,GET,415,8
31,GET,417,6
31,GET,419,4
31,GET,421,8
31,GET,423,5
31,GET,425,2
31,GET,427,6
31,GET,429,4
31,GET,431,2
31,GET,433,4
31,GET,435,7
31,GET,437,4
31,GET,439,5
31,GET,441,3
31,GET,443,4
31,GET,445,6
31,GET,447,3
31,GET,449,10
31,GET,451,5
31,GET,453,2
31,GET,455,1
31,GET,457,4
31,GET,459,5
31,GET,461,6
31,GET,463,5
31,GET,465,2
31,GET,467,3
31,GET,469,3
31,GET,471,4
31,GET,473,2
31,GET,475,3
31,GET,477,2
31,GET,479,5
31,GET,481,2
31,GET,483,1
31,GET,485,5
31,GET,487,1
31,GET,489,2
31,GET,491,1
31,GET,493,3
31,GET,495,1
31,GET,497,4
31,GET,499,3
31,GET,501,1
31,GET,503,3
31,GET,505,1
31,GET,507,2
31,GET,509,3
31,GET,511,2
31,GET,515,6
31,GET,519,1
31,GET,523,3
31,GET,527,7
31,GET,531,4
31,GET,535,4
31,GET,539,4
31,GET,543,4
31,GET,547,4
31,GET,551,5
31,GET,555,6
31,GET,559,4
31,GET,563,5
31,GET,567,2
31,GET,571,4
31,GET,575,1
31,GET,579,2
31,GET,583,6
31,GET,587,5
31,GET,591,2
31,GET,595,4
31,GET,599,3
31,GET,603,3
31,GET,607,2
31,GET,611,5
31,GET,615,5
31,GET,619,3
31,GET,623,3
31,GET,627,1
31,GET,631,3
31,GET,639,7
31,GET,643,6
31,GET,647,3
31,GET,651,5
31,GET,655,1
31,GET,659,2
31,GET,663,4
31,GET,667,5
31,GET,671,4
31,GET,679,2
31,GET,683,3
31,GET,687,2
31,GET,691,1
31,GET,695,4
31,GET,699,4
31,GET,703,2
31,GET,707,1
31,GET,711,4
31,GET,715,1
31,GET,719,2
31,GET,723,2
31,GET,731,1
31,GET,735,3
31,GET,739,4
31,GET,751,1
31,GET,755,1
31,GET,759,1
31,GET,763,3
31,GET,771,2
31,GET,775,2
31,GET,779,1
31,GET,783,1
31,GET,795,2
31,GET,799,2
31,GET,803,1
31,GET,807,1
31,GET,815,1
31,GET,819,2
31,GET,823,1
31,GET,835,1
31,GET,843,1
31,GET,847,3
31,GET,851,2
31,GET,855,1
31,GET,859,1
31,GET,867,1
31,GET,871,1
31,GET,875,1
31,GET,879,2
31,GET,883,2
31,GET,891,2
31,GET,899,2
31,GET,903,1
31,GET,907,1
31,GET,915,1
31,GET,919,1
31,GET,935,1
31,GET,939,1
31,GET,951,2
31,GET,959,1
31,GET,971,1
31,GET,979,1
31,GET,983,1
31,GET,987,1
31,GET,995,1
31,GET,999,2
31,GET,1003,4
31,GET,1007,1
31,GET,1011,2
31,GET,1023,1
31,GET,1039,1
31,GET,1047,2
31,GET,1063,1
31,GET,1071,2
31,GET,1079,3
31,GET,1087,1
31,GET,1103,1
31,GET,1119,1
31,GET,1127,1
31,GET,1135,1
31,GET,1167,2
31,GET,1199,1
31,GET,1207,1
31,GET,1215,1
31,GET,1223,3
31,GET,1231,1
31,GET,1239,1
31,GET,1327,1
31,GET,1343,1
31,GET,1359,1
31,GET,1367,1
31,GET,1375,1
31,GET,1415,1
31,GET,1431,1
31,GET,1439,1
31,GET,1495,1
31,GET,1575,1
31,GET,1607,1
31,GET,1623,1
31,GET,1639,2
31,GET,1703,1
31,GET,1719,1
31,GET,1783,2
31,GET,1831,1
31,GET,1839,1
31,GET,1855,1
31,GET,1863,1
31,GET,1887,1
31,GET,1903,2
31,GET,1919,1
31,GET,2039,1
31,GET,2095,1
31,GET,2111,1
31,GET,2287,1
31,GET,2367,1
31,GET,2511,1
31,GET,2591,1
31,GET,2687,1
31,GET,2719,1
31,GET,2815,2
31,GET,2831,1
31,GET,2943,1
31,GET,3423,1
31,DEL,86,1
31,DEL,87,2
31,DEL,88,1
31,DEL,89,2
31,DEL,90,6
31,DEL,91,5
31,DEL,92,13
31,DEL,93,8
31,DEL,94,12
31,DEL,95,29
31,DEL,96,25
31,DEL,97,40
31,DEL,98,44
31,DEL,99,74
31,DEL,100,75
31,DEL,101,108
31,DEL,102,136
31,DEL,103,166
31,DEL,104,198
31,DEL,105,222
31,DEL,106,268
31,DEL,107,317
31,DEL,108,371
31,DEL,109,410
31,DEL,110,484
31,DEL,111,541
31,DEL,112,556
31,DEL,113,631
31,DEL,114,764
31,DEL,115,764
31,DEL,116,826
31,DEL,117,865
31,DEL,118,919
31,DEL,119,1114
31,DEL,120,1123
31,DEL,121,1283
31,DEL,122,1332
31,DEL,123,1322
31,DEL,124,1451
31,DEL,125,1467
31,DEL,126,1587
31,DEL,127,1683
31,DEL,128,1659
31,DEL,129,1754
31,DEL,130,1796
31,DEL,131,1798
31,DEL,132,1903
31,DEL,133,1898
31,DEL,134,1997
31,DEL,135,2045
31,DEL,136,2070
31,DEL,137,2029
31,DEL,138,2186
31,DEL,139,2134
31,DEL,140,2230
31,DEL,141,2311
31,DEL,142,2250
31,DEL,143,2324
31,DEL,144,2326
31,DEL,145,2332
31,DEL,146,2287
31,DEL,147,2294
31,DEL,148,2363
31,DEL,149,2341
31,DEL,150,2335
31,DEL,151,2204
31,DEL,152,2224
31,DEL,153,2277
31,DEL,154,2171
31,DEL,155,2138
31,DEL,156,2113
31,DEL,157,2021
31,DEL,158,2040
31,DEL,159,2013
31,DEL,160,1961
31,DEL,161,1961
31,DEL,162,1987
31,DEL,163,1856
31,DEL,164,1874
31,DEL,165,1720
31,DEL,166,1774
31,DEL,167,1695
31,DEL,168,1650
31,DEL,169,1585
31,DEL,170,1605
31,DEL,171,1581
31,DEL,172,1508
31,DEL,173,1445
31,DEL,174,1461
31,DEL,175,1354
31,DEL,176,1291
31,DEL,177,1280
31,DEL,178,1235
31,DEL,179,1299
31,DEL,180,1263
31,DEL,181,1211
31,DEL,182,1196
31,DEL,183,1121
31,DEL,184,1069
31,DEL,185,1046
31,DEL,186,961
31,DEL,187,933
31,DEL,188,904
31,DEL,189,934
31,DEL,190,848
31,DEL,191,809
31,DEL,192,815
31,DEL,193,843
31,DEL,194,708
31,DEL,195,694
31,DEL,196,703
31,DEL,197,662
31,DEL,198,642
31,DEL,199,640
31,DEL,200,599
31,DEL,201,620
31,DEL,202,581
31,DEL,203,576
31,DEL,204,533
31,DEL,205,495
31,DEL,206,459
31,DEL,207,482
31,DEL,208,448
31,DEL,209,434
31,DEL,210,411
31,DEL,211,404
31,DEL,212,376
31,DEL,213,394
31,DEL,214,331
31,DEL,215,359
31,DEL,216,321
31,DEL,217,298
31,DEL,218,318
31,DEL,219,283
31,DEL,220,252
31,DEL,221,255
31,DEL,222,265
31,DEL,223,273
31,DEL,224,239
31,DEL,225,230
31,DEL,226,210
31,DEL,227,193
31,DEL,228,201
31,DEL,229,204
31,DEL,230,219
31,DEL,231,180
31,DEL,232,173
31,DEL,233,176
31,DEL,234,151
31,DEL,235,160
31,DEL,236,176
31,DEL,237,131
31,DEL,238,151
31,DEL,239,131
31,DEL,240,125
31,DEL,241,122
31,DEL,242,136
31,DEL,243,108
31,DEL,244,131
31,DEL,245,118
31,DEL,246,116
31,DEL,247,103
31,DEL,248,104
31,DEL,249,101
31,DEL,250,103
31,DEL,251,100
31,DEL,252,84
31,DEL,253,80
31,DEL,254,95
31,DEL,255,88
31,DEL,257,144
31,DEL,259,136
31,DEL,261,118
31,DEL,263,122
31,DEL,265,102
31,DEL,267,100
31,DEL,269,103
31,DEL,271,84
31,DEL,273,68
31,DEL,275,64
31,DEL,277,78
31,DEL,279,70
31,DEL,281,65
31,DEL,283,59
31,DEL,285,53
31,DEL,287,64
31,DEL,289,58
31,DEL,291,47
31,DEL,293,34
31,DEL,295,46
31,DEL,297,23
31,DEL,299,36
31,DEL,301,34
31,DEL,303,33
31,DEL,305,33
31,DEL,307,28
31,DEL,309,30
31,DEL,311,22
31,DEL,313,26
31,DEL,315,27
31,DEL,317,17
31,DEL,319,17
31,DEL,321,15
31,DEL,323,20
31,DEL,325,16
31,DEL,327,12
31,DEL,329,16
31,DEL,331,11
31,DEL,333,7
31,DEL,335,11
31,DEL,337,10
31,DEL,339,11
31,DEL,341,6
31,DEL,343,11
31,DEL,345,5
31,DEL,347,4
31,DEL,349,14
31,DEL,351,4
31,DEL,353,4
31,DEL,355,10
31,DEL,357,9
31,DEL,359,7
31,DEL,361,8
31,DEL,363,8
31,DEL,365,2
31,DEL,367,9
31,DEL,369,2
31,DEL,371,3
31,DEL,373,7
31,DEL,375,3
31,DEL,377,4
31,DEL,379,2
31,DEL,381,4
31,DEL,383,3
31,DEL,385,4
31,DEL,387,5
31,DEL,389,4
31,DEL,391,6
31,DEL,393,4
31,DEL,395,3
31,DEL,397,4
31,DEL,399,2
31,DEL,401,2
31,DEL,403,5
31,DEL,405,3
31,DEL,407,3
31,DEL,409,5
31,DEL,413,8
31,DEL,415,3
31,DEL,417,6
31,DEL,421,1
31,DEL,423,5
31,DEL,425,1
31,DEL,427,3
31,DEL,429,2
31,DEL,431,2
31,DEL,433,3
31,DEL,435,4
31,DEL,437,1
31,DEL,439,2
31,DEL,441,3
31,DEL,443,4
31,DEL,445,4
31,DEL,447,1
31,DEL,451,2
31,DEL,455,1
31,DEL,459,3
31,DEL,461,1
31,DEL,463,1
31,DEL,467,3
31,DEL,469,1
31,DEL,471,5
31,DEL,473,1
31,DEL,475,3
31,DEL,479,1
31,DEL,481,3
31,DEL,483,2
31,DEL,485,1
31,DEL,489,1
31,DEL,491,1
31,DEL,493,2
31,DEL,497,1
31,DEL,501,2
31,DEL,503,2
31,DEL,505,2
31,DEL,511,1
31,DEL,523,3
31,DEL,527,2
31,DEL,531,2
31,DEL,547,2
31,DEL,551,2
31,DEL,555,2
31,DEL,563,2
31,DEL,567,1
31,DEL,571,2
31,DEL,575,1
31,DEL,579,2
31,DEL,583,1
31,DEL,595,3
31,DEL,599,2
31,DEL,603,4
31,DEL,611,2
31,DEL,615,1
31,DEL,619,1
31,DEL,623,2
31,DEL,631,2
31,DEL,635,2
31,DEL,639,1
31,DEL,651,1
31,DEL,655,1
31,DEL,659,1
31,DEL,667,2
31,DEL,671,1
31,DEL,675,1
31,DEL,679,1
31,DEL,683,1
31,DEL,687,2
31,DEL,707,2
31,DEL,715,1
31,DEL,719,1
31,DEL,723,3
31,DEL,743,1
31,DEL,751,1
31,DEL,759,2
31,DEL,779,1
31,DEL,791,1
31,DEL,799,1
31,DEL,803,1
31,DEL,815,1
31,DEL,819,1
31,DEL,823,1
31,DEL,843,1
31,DEL,847,1
31,DEL,863,1
31,DEL,887,1
31,DEL,899,1
31,DEL,903,1
31,DEL,923,1
31,DEL,931,1
31,DEL,1003,1
31,DEL,1047,1
31,DEL,1087,1
31,DEL,1103,1
31,DEL,1119,1
31,DEL,1215,1
31,DEL,1255,1
31,DEL,1319,1
31,DEL,1327,1
31,DEL,1431,1
31,DEL,1455,1
31,DEL,1695,1
31,DEL,1711,1
31,DEL,1855,1
31,DEL,1951,1
31,DEL,2063,1
31,DEL,2079,1
31,DEL,2111,1
31,DEL,2655,1
31,DEL,3135,1
31,DEL,3391,1
31,SET,93,2
31,SET,94,2
31,SET,96,1
31,SET,97,3
31,SET,98,5
31,SET,99,3
31,SET,100,8
31,SET,101,13
31,SET,102,9
31,SET,103,17
31,SET,104,22
31,SET,105,29
31,SET,106,31
31,SET,107,48
31,SET,108,46
31,SET,109,59
31,SET,110,58
31,SET,111,58
31,SET,112,65
31,SET,113,74
31,SET,114,95
31,SET,115,125
31,SET,116,123
31,SET,117,128
31,SET,118,148
31,SET,119,160
31,SET,120,169
31,SET,121,181
31,SET,122,207
31,SET,123,198
31,SET,124,224
31,SET,125,258
31,SET,126,232
31,SET,127,263
31,SET,128,282
31,SET,129,277
31,SET,130,298
31,SET,131,328
31,SET,132,335
31,SET,133,311
31,SET,134,327
31,SET,135,356
31,SET,136,345
31,SET,137,398
31,SET,138,367
31,SET,139,416
31,SET,140,401
31,SET,141,396
31,SET,142,433
31,SET,143,424
31,SET,144,396
31,SET,145,402
31,SET,146,431
31,SET,147,428
31,SET,148,398
31,SET,149,456
31,SET,150,447
31,SET,151,428
31,SET,152,448
31,SET,153,458
31,SET,154,435
31,SET,155,429
31,SET,156,426
31,SET,157,431
31,SET,158,419
31,SET,159,423
31,SET,160,432
31,SET,161,450
31,SET,162,417
31,SET,163,418
31,SET,164,405
31,SET,165,382
31,SET,166,387
31,SET,167,367
31,SET,168,345
31,SET,169,337
31,SET,170,336
31,SET,171,357
31,SET,172,291
31,SET,173,355
31,SET,174,325
31,SET,175,338
31,SET,176,286
31,SET,177,288
31,SET,178,305
31,SET,179,297
31,SET,180,275
31,SET,181,287
31,SET,182,280
31,SET,183,241
31,SET,184,256
31,SET,185,235
31,SET,186,223
31,SET,187,234
31,SET,188,229
31,SET,189,224
31,SET,190,201
31,SET,191,193
31,SET,192,171
31,SET,193,183
31,SET,194,184
31,SET,195,180
31,SET,196,186
31,SET,197,172
31,SET,198,166
31,SET,199,135
31,SET,200,174
31,SET,201,151
31,SET,202,144
31,SET,203,135
31,SET,204,127
31,SET,205,135
31,SET,206,103
31,SET,207,108
31,SET,208,115
31,SET,209,98
31,SET,210,119
31,SET,211,93
31,SET,212,106
31,SET,213,98
31,SET,214,107
31,SET,215,83
31,SET,216,79
31,SET,217,76
31,SET,218,56
31,SET,219,74
31,SET,220,82
31,SET,221,58
31,SET,222,67
31,SET,223,63
31,SET,224,57
31,SET,225,61
31,SET,226,59
31,SET,227,60
31,SET,228,65
31,SET,229,43
31,SET,230,56
31,SET,231,41
31,SET,232,44
31,SET,233,40
31,SET,234,40
31,SET,235,46
31,SET,236,30
31,SET,237,40
31,SET,238,31
31,SET,239,23
31,SET,240,32
31,SET,241,27
31,SET,242,30
31,SET,243,45
31,SET,244,32
31,SET,245,20
31,SET,246,18
31,SET,247,27
31,SET,248,26
31,SET,249,29
31,SET,250,15
31,SET,251,22
31,SET,252,17
31,SET,253,20
31,SET,254,12
31,SET,255,10
31,SET,257,38
31,SET,259,27
31,SET,261,22
31,SET,263,33
31,SET,265,33
31,SET,267,25
31,SET,269,21
31,SET,271,25
31,SET,273,14
31,SET,275,16
31,SET,277,17
31,SET,279,11
31,SET,281,11
31,SET,283,12
31,SET,285,11
31,SET,287,12
31,SET,289,9
31,SET,291,14
31,SET,293,14
31,SET,295,13
31,SET,297,9
31,SET,299,10
31,SET,301,6
31,SET,303,6
31,SET,305,1
31,SET,307,9
31,SET,309,5
31,SET,311,4
31,SET,313,3
31,SET,315,4
31,SET,317,4
31,SET,319,9
31,SET,321,6
31,SET,323,5
31,SET,325,5
31,SET,327,5
31,SET,329,3
31,SET,331,3
31,SET,333,4
31,SET,335,5
31,SET,337,4
31,SET,339,1
31,SET,341,1
31,SET,343,4
31,SET,345,4
31,SET,349,2
31,SET,351,3
31,SET,353,4
31,SET,355,4
31,SET,357,1
31,SET,363,2
31,SET,367,3
31,SET,369,4
31,SET,373,2
31,SET,375,3
31,SET,377,1
31,SET,379,1
31,SET,381,1
31,SET,383,3
31,SET,387,1
31,SET,397,1
31,SET,401,1
31,SET,403,1
31,SET,405,1
31,SET,409,1
31,SET,419,2
31,SET,423,1
31,SET,433,1
31,SET,439,1
31,SET,441,1
31,SET,443,2
31,SET,445,1
31,SET,451,1
31,SET,461,1
31,SET,495,2
31,SET,499,1
31,SET,503,1
31,SET,505,1
31,SET,511,1
31,SET,519,1
31,SET,535,2
31,SET,539,2
31,SET,555,1
31,SET,563,1
31,SET,571,1
31,SET,575,1
31,SET,607,2
31,SET,611,1
31,SET,635,1
31,SET,651,1
31,SET,687,1
31,SET,691,1
31,SET,707,1
31,SET,751,1
31,SET,759,1
31,SET,823,1
31,SET,851,1
31,SET,971,1
31,SET,1271,1
31,SET,1383,1
31,SET,2031,1
