# Args: ["/opt/benchmarker/benchmark", "-a", "34.51.141.155", "-c", "etc", "-r", "20000000", "-t", "32"]
thread,cmd,latency,count
0,DEL,79,1
0,DEL,82,2
0,DEL,83,2
0,DEL,84,3
0,DEL,85,3
0,DEL,86,2
0,DEL,87,5
0,DEL,88,3
0,DEL,89,15
0,DEL,90,13
0,DEL,91,9
0,DEL,92,14
0,DEL,93,17
0,DEL,94,25
0,DEL,95,21
0,DEL,96,24
0,DEL,97,27
0,DEL,98,32
0,DEL,99,34
0,DEL,100,39
0,DEL,101,38
0,DEL,102,50
0,DEL,103,53
0,DEL,104,49
0,DEL,105,49
0,DEL,106,70
0,DEL,107,79
0,DEL,108,67
0,DEL,109,87
0,DEL,110,77
0,DEL,111,83
0,DEL,112,80
0,DEL,113,108
0,DEL,114,107
0,DEL,115,124
0,DEL,116,118
0,DEL,117,126
0,DEL,118,148
0,DEL,119,137
0,DEL,120,171
0,DEL,121,161
0,DEL,122,137
0,DEL,123,155
0,DEL,124,176
0,DEL,125,166
0,DEL,126,181
0,DEL,127,190
0,DEL,128,210
0,DEL,129,180
0,DEL,130,205
0,DEL,131,207
0,DEL,132,216
0,DEL,133,235
0,DEL,134,223
0,DEL,135,248
0,DEL,136,233
0,DEL,137,224
0,DEL,138,253
0,DEL,139,259
0,DEL,140,244
0,DEL,141,243
0,DEL,142,236
0,DEL,143,240
0,DEL,144,242
0,DEL,145,259
0,DEL,146,227
0,DEL,147,256
0,DEL,148,251
0,DEL,149,240
0,DEL,150,249
0,DEL,151,250
0,DEL,152,239
0,DEL,153,205
0,DEL,154,236
0,DEL,155,223
0,DEL,156,205
0,DEL,157,189
0,DEL,158,203
0,DEL,159,215
0,DEL,160,218
0,DEL,161,196
0,DEL,162,198
0,DEL,163,181
0,DEL,164,186
0,DEL,165,169
0,DEL,166,162
0,DEL,167,165
0,DEL,168,162
0,DEL,169,172
0,DEL,170,164
0,DEL,171,138
0,DEL,172,140
0,DEL,173,118
0,DEL,174,121
0,DEL,175,141
0,DEL,176,119
0,DEL,177,120
0,DEL,178,121
0,DEL,179,120
0,DEL,180,96
0,DEL,181,109
0,DEL,182,87
0,DEL,183,87
0,DEL,184,102
0,DEL,185,91
0,DEL,186,96
0,DEL,187,84
0,DEL,188,91
0,DEL,189,85
0,DEL,190,92
0,DEL,191,85
0,DEL,192,81
0,DEL,193,72
0,DEL,194,79
0,DEL,195,66
0,DEL,196,80
0,DEL,197,70
0,DEL,198,77
0,DEL,199,64
0,DEL,200,89
0,DEL,201,65
0,DEL,202,80
0,DEL,203,81
0,DEL,204,83
0,DEL,205,77
0,DEL,206,84
0,DEL,207,88
0,DEL,208,82
0,DEL,209,86
0,DEL,210,82
0,DEL,211,80
0,DEL,212,91
0,DEL,213,72
0,DEL,214,89
0,DEL,215,96
0,DEL,216,95
0,DEL,217,106
0,DEL,218,95
0,DEL,219,98
0,DEL,220,123
0,DEL,221,108
0,DEL,222,102
0,DEL,223,109
0,DEL,224,126
0,DEL,225,106
0,DEL,226,123
0,DEL,227,97
0,DEL,228,121
0,DEL,229,125
0,DEL,230,140
0,DEL,231,126
0,DEL,232,126
0,DEL,233,160
0,DEL,234,123
0,DEL,235,141
0,DEL,236,122
0,DEL,237,130
0,DEL,238,160
0,DEL,239,160
0,DEL,240,115
0,DEL,241,147
0,DEL,242,136
0,DEL,243,145
0,DEL,244,148
0,DEL,245,136
0,DEL,246,151
0,DEL,247,134
0,DEL,248,144
0,DEL,249,157
0,DEL,250,120
0,DEL,251,123
0,DEL,252,149
0,DEL,253,143
0,DEL,254,111
0,DEL,255,122
0,DEL,257,225
0,DEL,259,218
0,DEL,261,193
0,DEL,263,193
0,DEL,265,228
0,DEL,267,189
0,DEL,269,186
0,DEL,271,177
0,DEL,273,174
0,DEL,275,171
0,DEL,277,164
0,DEL,279,175
0,DEL,281,187
0,DEL,283,182
0,DEL,285,180
0,DEL,287,194
0,DEL,289,213
0,DEL,291,220
0,DEL,293,248
0,DEL,295,276
0,DEL,297,340
0,DEL,299,351
0,DEL,301,459
0,DEL,303,525
0,DEL,305,571
0,DEL,307,715
0,DEL,309,836
0,DEL,311,969
0,DEL,313,1222
0,DEL,315,1403
0,DEL,317,1658
0,DEL,319,1833
0,DEL,321,2190
0,DEL,323,2462
0,DEL,325,2764
0,DEL,327,2955
0,DEL,329,3402
0,DEL,331,3555
0,DEL,333,3845
0,DEL,335,4053
0,DEL,337,4270
0,DEL,339,4450
0,DEL,341,4660
0,DEL,343,4870
0,DEL,345,4826
0,DEL,347,4780
0,DEL,349,4755
0,DEL,351,4636
0,DEL,353,4490
0,DEL,355,4288
0,DEL,357,4120
0,DEL,359,3868
0,DEL,361,3578
0,DEL,363,3311
0,DEL,365,3093
0,DEL,367,2940
0,DEL,369,2533
0,DEL,371,2377
0,DEL,373,2237
0,DEL,375,2006
0,DEL,377,1847
0,DEL,379,1583
0,DEL,381,1421
0,DEL,383,1232
0,DEL,385,1103
0,DEL,387,1032
0,DEL,389,924
0,DEL,391,858
0,DEL,393,713
0,DEL,395,686
0,DEL,397,560
0,DEL,399,516
0,DEL,401,468
0,DEL,403,454
0,DEL,405,394
0,DEL,407,342
0,DEL,409,331
0,DEL,411,288
0,DEL,413,268
0,DEL,415,244
0,DEL,417,196
0,DEL,419,212
0,DEL,421,161
0,DEL,423,172
0,DEL,425,166
0,DEL,427,132
0,DEL,429,125
0,DEL,431,139
0,DEL,433,121
0,DEL,435,117
0,DEL,437,109
0,DEL,439,96
0,DEL,441,95
0,DEL,443,73
0,DEL,445,79
0,DEL,447,77
0,DEL,449,59
0,DEL,451,63
0,DEL,453,67
0,DEL,455,56
0,DEL,457,55
0,DEL,459,61
0,DEL,461,37
0,DEL,463,40
0,DEL,465,44
0,DEL,467,40
0,DEL,469,31
0,DEL,471,35
0,DEL,473,32
0,DEL,475,28
0,DEL,477,29
0,DEL,479,26
0,DEL,481,24
0,DEL,483,27
0,DEL,485,14
0,DEL,487,13
0,DEL,489,7
0,DEL,491,23
0,DEL,493,18
0,DEL,495,18
0,DEL,497,18
0,DEL,499,11
0,DEL,501,6
0,DEL,503,13
0,DEL,505,11
0,DEL,507,7
0,DEL,509,8
0,DEL,511,8
0,DEL,515,11
0,DEL,519,27
0,DEL,523,20
0,DEL,527,12
0,DEL,531,19
0,DEL,535,16
0,DEL,539,13
0,DEL,543,7
0,DEL,547,13
0,DEL,551,13
0,DEL,555,5
0,DEL,559,6
0,DEL,563,7
0,DEL,567,10
0,DEL,571,11
0,DEL,575,5
0,DEL,579,6
0,DEL,583,6
0,DEL,587,10
0,DEL,591,5
0,DEL,595,6
0,DEL,599,7
0,DEL,603,8
0,DEL,607,2
0,DEL,611,9
0,DEL,615,5
0,DEL,619,5
0,DEL,623,10
0,DEL,627,9
0,DEL,631,8
0,DEL,635,5
0,DEL,639,4
0,DEL,643,3
0,DEL,647,1
0,DEL,651,1
0,DEL,655,1
0,DEL,659,5
0,DEL,663,3
0,DEL,667,1
0,DEL,671,4
0,DEL,675,4
0,DEL,679,5
0,DEL,683,4
0,DEL,687,2
0,DEL,691,3
0,DEL,695,3
0,DEL,699,2
0,DEL,703,3
0,DEL,707,1
0,DEL,711,2
0,DEL,715,3
0,DEL,719,2
0,DEL,727,3
0,DEL,731,2
0,DEL,735,2
0,DEL,739,1
0,DEL,743,3
0,DEL,747,3
0,DEL,751,2
0,DEL,755,1
0,DEL,759,2
0,DEL,763,3
0,DEL,767,3
0,DEL,771,1
0,DEL,775,2
0,DEL,783,1
0,DEL,799,1
0,DEL,803,2
0,DEL,807,1
0,DEL,827,2
0,DEL,839,1
0,DEL,855,1
0,DEL,859,1
0,DEL,871,2
0,DEL,895,1
0,DEL,987,1
0,DEL,1023,2
0,DEL,1439,1
0,DEL,1559,2
0,DEL,1623,1
0,DEL,1647,1
0,DEL,1687,2
0,DEL,1695,1
0,DEL,1703,1
0,DEL,1719,1
0,DEL,1727,2
0,DEL,1735,1
0,DEL,1903,1
0,DEL,1959,1
0,DEL,2023,1
0,DEL,2223,1
0,DEL,2239,1
0,DEL,2399,1
0,DEL,2431,1
0,DEL,2463,2
0,DEL,2479,1
0,DEL,2543,1
0,DEL,3199,1
0,GET,79,1
0,GET,80,2
0,GET,82,1
0,GET,83,6
0,GET,84,4
0,GET,85,7
0,GET,86,14
0,GET,87,20
0,GET,88,15
0,GET,89,24
0,GET,90,24
0,GET,91,39
0,GET,92,52
0,GET,93,52
0,GET,94,52
0,GET,95,75
0,GET,96,59
0,GET,97,90
0,GET,98,100
0,GET,99,107
0,GET,100,120
0,GET,101,118
0,GET,102,126
0,GET,103,138
0,GET,104,148
0,GET,105,161
0,GET,106,161
0,GET,107,197
0,GET,108,197
0,GET,109,217
0,GET,110,247
0,GET,111,251
0,GET,112,255
0,GET,113,270
0,GET,114,306
0,GET,115,330
0,GET,116,304
0,GET,117,326
0,GET,118,363
0,GET,119,384
0,GET,120,395
0,GET,121,426
0,GET,122,451
0,GET,123,477
0,GET,124,442
0,GET,125,513
0,GET,126,495
0,GET,127,570
0,GET,128,554
0,GET,129,593
0,GET,130,626
0,GET,131,578
0,GET,132,612
0,GET,133,671
0,GET,134,633
0,GET,135,680
0,GET,136,679
0,GET,137,652
0,GET,138,667
0,GET,139,650
0,GET,140,696
0,GET,141,698
0,GET,142,736
0,GET,143,717
0,GET,144,679
0,GET,145,736
0,GET,146,656
0,GET,147,751
0,GET,148,718
0,GET,149,651
0,GET,150,686
0,GET,151,670
0,GET,152,675
0,GET,153,618
0,GET,154,654
0,GET,155,647
0,GET,156,656
0,GET,157,614
0,GET,158,600
0,GET,159,557
0,GET,160,566
0,GET,161,569
0,GET,162,532
0,GET,163,515
0,GET,164,507
0,GET,165,493
0,GET,166,495
0,GET,167,467
0,GET,168,431
0,GET,169,428
0,GET,170,406
0,GET,171,383
0,GET,172,420
0,GET,173,363
0,GET,174,369
0,GET,175,371
0,GET,176,358
0,GET,177,330
0,GET,178,317
0,GET,179,337
0,GET,180,314
0,GET,181,296
0,GET,182,302
0,GET,183,260
0,GET,184,286
0,GET,185,271
0,GET,186,231
0,GET,187,211
0,GET,188,231
0,GET,189,229
0,GET,190,222
0,GET,191,224
0,GET,192,206
0,GET,193,175
0,GET,194,190
0,GET,195,223
0,GET,196,203
0,GET,197,205
0,GET,198,203
0,GET,199,206
0,GET,200,209
0,GET,201,211
0,GET,202,158
0,GET,203,171
0,GET,204,208
0,GET,205,226
0,GET,206,189
0,GET,207,206
0,GET,208,211
0,GET,209,221
0,GET,210,237
0,GET,211,249
0,GET,212,257
0,GET,213,245
0,GET,214,251
0,GET,215,281
0,GET,216,252
0,GET,217,267
0,GET,218,288
0,GET,219,289
0,GET,220,301
0,GET,221,304
0,GET,222,297
0,GET,223,346
0,GET,224,300
0,GET,225,337
0,GET,226,316
0,GET,227,361
0,GET,228,374
0,GET,229,374
0,GET,230,364
0,GET,231,381
0,GET,232,364
0,GET,233,349
0,GET,234,374
0,GET,235,380
0,GET,236,360
0,GET,237,375
0,GET,238,369
0,GET,239,368
0,GET,240,404
0,GET,241,359
0,GET,242,370
0,GET,243,412
0,GET,244,385
0,GET,245,394
0,GET,246,385
0,GET,247,379
0,GET,248,380
0,GET,249,364
0,GET,250,377
0,GET,251,376
0,GET,252,374
0,GET,253,355
0,GET,254,337
0,GET,255,311
0,GET,257,659
0,GET,259,654
0,GET,261,580
0,GET,263,616
0,GET,265,564
0,GET,267,522
0,GET,269,523
0,GET,271,517
0,GET,273,459
0,GET,275,493
0,GET,277,442
0,GET,279,492
0,GET,281,499
0,GET,283,467
0,GET,285,491
0,GET,287,520
0,GET,289,597
0,GET,291,663
0,GET,293,725
0,GET,295,752
0,GET,297,924
0,GET,299,1023
0,GET,301,1267
0,GET,303,1396
0,GET,305,1788
0,GET,307,2074
0,GET,309,2434
0,GET,311,2852
0,GET,313,3250
0,GET,315,3944
0,GET,317,4434
0,GET,319,5216
0,GET,321,5910
0,GET,323,6691
0,GET,325,7464
0,GET,327,8227
0,GET,329,9033
0,GET,331,10081
0,GET,333,10896
0,GET,335,11466
0,GET,337,11966
0,GET,339,12370
0,GET,341,12828
0,GET,343,13143
0,GET,345,13335
0,GET,347,13319
0,GET,349,13314
0,GET,351,12906
0,GET,353,12468
0,GET,355,12163
0,GET,357,11541
0,GET,359,10834
0,GET,361,10185
0,GET,363,9387
0,GET,365,8882
0,GET,367,7907
0,GET,369,7337
0,GET,371,6612
0,GET,373,6104
0,GET,375,5444
0,GET,377,4896
0,GET,379,4541
0,GET,381,3983
0,GET,383,3497
0,GET,385,3132
0,GET,387,2867
0,GET,389,2572
0,GET,391,2284
0,GET,393,2059
0,GET,395,1896
0,GET,397,1629
0,GET,399,1549
0,GET,401,1338
0,GET,403,1211
0,GET,405,1077
0,GET,407,1013
0,GET,409,902
0,GET,411,832
0,GET,413,771
0,GET,415,687
0,GET,417,581
0,GET,419,556
0,GET,421,533
0,GET,423,480
0,GET,425,433
0,GET,427,395
0,GET,429,412
0,GET,431,338
0,GET,433,338
0,GET,435,266
0,GET,437,254
0,GET,439,261
0,GET,441,220
0,GET,443,220
0,GET,445,203
0,GET,447,186
0,GET,449,168
0,GET,451,162
0,GET,453,157
0,GET,455,130
0,GET,457,145
0,GET,459,131
0,GET,461,108
0,GET,463,107
0,GET,465,105
0,GET,467,89
0,GET,469,93
0,GET,471,59
0,GET,473,60
0,GET,475,65
0,GET,477,81
0,GET,479,70
0,GET,481,67
0,GET,483,54
0,GET,485,74
0,GET,487,51
0,GET,489,43
0,GET,491,44
0,GET,493,48
0,GET,495,32
0,GET,497,45
0,GET,499,36
0,GET,501,42
0,GET,503,31
0,GET,505,25
0,GET,507,27
0,GET,509,22
0,GET,511,34
0,GET,515,57
0,GET,519,55
0,GET,523,42
0,GET,527,38
0,GET,531,33
0,GET,535,33
0,GET,539,28
0,GET,543,24
0,GET,547,20
0,GET,551,30
0,GET,555,20
0,GET,559,20
0,GET,563,23
0,GET,567,18
0,GET,571,28
0,GET,575,11
0,GET,579,18
0,GET,583,26
0,GET,587,19
0,GET,591,19
0,GET,595,26
0,GET,599,24
0,GET,603,23
0,GET,607,19
0,GET,611,14
0,GET,615,20
0,GET,619,19
0,GET,623,17
0,GET,627,16
0,GET,631,11
0,GET,635,13
0,GET,639,13
0,GET,643,15
0,GET,647,11
0,GET,651,5
0,GET,655,10
0,GET,659,3
0,GET,663,10
0,GET,667,4
0,GET,671,13
0,GET,675,3
0,GET,679,3
0,GET,683,6
0,GET,687,10
0,GET,691,11
0,GET,695,5
0,GET,699,8
0,GET,703,5
0,GET,707,8
0,GET,711,4
0,GET,715,4
0,GET,719,4
0,GET,723,5
0,GET,727,11
0,GET,731,4
0,GET,735,2
0,GET,739,3
0,GET,743,8
0,GET,747,8
0,GET,751,8
0,GET,755,2
0,GET,759,9
0,GET,763,4
0,GET,767,2
0,GET,771,2
0,GET,775,2
0,GET,779,2
0,GET,783,1
0,GET,787,7
0,GET,791,2
0,GET,795,2
0,GET,799,1
0,GET,803,1
0,GET,807,2
0,GET,811,1
0,GET,815,2
0,GET,823,2
0,GET,827,1
0,GET,835,3
0,GET,843,2
0,GET,851,1
0,GET,871,1
0,GET,891,1
0,GET,923,1
0,GET,931,1
0,GET,959,1
0,GET,999,1
0,GET,1303,1
0,GET,1319,2
0,GET,1455,2
0,GET,1463,1
0,GET,1487,2
0,GET,1511,2
0,GET,1519,1
0,GET,1527,1
0,GET,1535,1
0,GET,1559,1
0,GET,1575,1
0,GET,1615,2
0,GET,1631,3
0,GET,1647,1
0,GET,1655,1
0,GET,1663,2
0,GET,1679,1
0,GET,1687,1
0,GET,1695,1
0,GET,1703,1
0,GET,1711,2
0,GET,1719,2
0,GET,1735,1
0,GET,1743,1
0,GET,1751,1
0,GET,1759,1
0,GET,1767,3
0,GET,1791,1
0,GET,1807,1
0,GET,1831,2
0,GET,1839,1
0,GET,1855,1
0,GET,1863,2
0,GET,1887,1
0,GET,1927,1
0,GET,1959,2
0,GET,2015,1
0,GET,2031,1
0,GET,2047,1
0,GET,2063,1
0,GET,2095,1
0,GET,2127,1
0,GET,2271,1
0,GET,2351,2
0,GET,2479,1
0,GET,2495,1
0,GET,2511,1
0,GET,2591,1
0,GET,3247,1
0,GET,3567,1
0,GET,5567,1
0,SET,81,1
0,SET,88,2
0,SET,89,2
0,SET,90,1
0,SET,91,4
0,SET,92,5
0,SET,93,3
0,SET,94,4
0,SET,95,4
0,SET,96,3
0,SET,97,7
0,SET,98,6
0,SET,99,4
0,SET,100,10
0,SET,101,4
0,SET,102,11
0,SET,103,6
0,SET,104,11
0,SET,105,13
0,SET,106,12
0,SET,107,5
0,SET,108,14
0,SET,109,17
0,SET,110,11
0,SET,111,16
0,SET,112,20
0,SET,113,18
0,SET,114,24
0,SET,115,21
0,SET,116,24
0,SET,117,19
0,SET,118,37
0,SET,119,31
0,SET,120,27
0,SET,121,28
0,SET,122,27
0,SET,123,33
0,SET,124,38
0,SET,125,36
0,SET,126,42
0,SET,127,40
0,SET,128,33
0,SET,129,49
0,SET,130,46
0,SET,131,43
0,SET,132,42
0,SET,133,43
0,SET,134,47
0,SET,135,37
0,SET,136,42
0,SET,137,38
0,SET,138,51
0,SET,139,47
0,SET,140,48
0,SET,141,60
0,SET,142,54
0,SET,143,53
0,SET,144,54
0,SET,145,51
0,SET,146,55
0,SET,147,61
0,SET,148,45
0,SET,149,40
0,SET,150,58
0,SET,151,55
0,SET,152,55
0,SET,153,47
0,SET,154,49
0,SET,155,50
0,SET,156,43
0,SET,157,42
0,SET,158,42
0,SET,159,32
0,SET,160,41
0,SET,161,37
0,SET,162,40
0,SET,163,35
0,SET,164,43
0,SET,165,37
0,SET,166,33
0,SET,167,34
0,SET,168,30
0,SET,169,31
0,SET,170,30
0,SET,171,41
0,SET,172,25
0,SET,173,31
0,SET,174,38
0,SET,175,23
0,SET,176,28
0,SET,177,35
0,SET,178,24
0,SET,179,25
0,SET,180,22
0,SET,181,21
0,SET,182,23
0,SET,183,20
0,SET,184,16
0,SET,185,16
0,SET,186,20
0,SET,187,15
0,SET,188,15
0,SET,189,18
0,SET,190,21
0,SET,191,14
0,SET,192,11
0,SET,193,19
0,SET,194,18
0,SET,195,16
0,SET,196,12
0,SET,197,11
0,SET,198,17
0,SET,199,19
0,SET,200,16
0,SET,201,12
0,SET,202,18
0,SET,203,25
0,SET,204,10
0,SET,205,12
0,SET,206,16
0,SET,207,11
0,SET,208,14
0,SET,209,11
0,SET,210,17
0,SET,211,14
0,SET,212,20
0,SET,213,12
0,SET,214,13
0,SET,215,21
0,SET,216,20
0,SET,217,28
0,SET,218,21
0,SET,219,21
0,SET,220,19
0,SET,221,19
0,SET,222,22
0,SET,223,26
0,SET,224,19
0,SET,225,25
0,SET,226,27
0,SET,227,27
0,SET,228,27
0,SET,229,27
0,SET,230,28
0,SET,231,29
0,SET,232,34
0,SET,233,27
0,SET,234,24
0,SET,235,24
0,SET,236,30
0,SET,237,29
0,SET,238,35
0,SET,239,24
0,SET,240,20
0,SET,241,27
0,SET,242,31
0,SET,243,30
0,SET,244,28
0,SET,245,25
0,SET,246,21
0,SET,247,31
0,SET,248,25
0,SET,249,28
0,SET,250,31
0,SET,251,14
0,SET,252,29
0,SET,253,26
0,SET,254,22
0,SET,255,34
0,SET,257,60
0,SET,259,39
0,SET,261,43
0,SET,263,28
0,SET,265,46
0,SET,267,30
0,SET,269,24
0,SET,271,41
0,SET,273,32
0,SET,275,33
0,SET,277,41
0,SET,279,40
0,SET,281,49
0,SET,283,36
0,SET,285,45
0,SET,287,38
0,SET,289,45
0,SET,291,48
0,SET,293,50
0,SET,295,61
0,SET,297,64
0,SET,299,57
0,SET,301,79
0,SET,303,98
0,SET,305,95
0,SET,307,133
0,SET,309,142
0,SET,311,191
0,SET,313,217
0,SET,315,268
0,SET,317,313
0,SET,319,308
0,SET,321,383
0,SET,323,459
0,SET,325,494
0,SET,327,569
0,SET,329,630
0,SET,331,697
0,SET,333,718
0,SET,335,783
0,SET,337,893
0,SET,339,921
0,SET,341,877
0,SET,343,1032
0,SET,345,1003
0,SET,347,994
0,SET,349,957
0,SET,351,925
0,SET,353,902
0,SET,355,887
0,SET,357,855
0,SET,359,755
0,SET,361,756
0,SET,363,714
0,SET,365,641
0,SET,367,634
0,SET,369,543
0,SET,371,493
0,SET,373,450
0,SET,375,428
0,SET,377,394
0,SET,379,350
0,SET,381,303
0,SET,383,297
0,SET,385,255
0,SET,387,213
0,SET,389,198
0,SET,391,166
0,SET,393,160
0,SET,395,131
0,SET,397,114
0,SET,399,113
0,SET,401,88
0,SET,403,79
0,SET,405,79
0,SET,407,77
0,SET,409,70
0,SET,411,71
0,SET,413,64
0,SET,415,69
0,SET,417,53
0,SET,419,56
0,SET,421,36
0,SET,423,39
0,SET,425,28
0,SET,427,38
0,SET,429,23
0,SET,431,23
0,SET,433,22
0,SET,435,23
0,SET,437,24
0,SET,439,11
0,SET,441,16
0,SET,443,11
0,SET,445,15
0,SET,447,19
0,SET,449,15
0,SET,451,10
0,SET,453,15
0,SET,455,5
0,SET,457,14
0,SET,459,13
0,SET,461,4
0,SET,463,6
0,SET,465,9
0,SET,467,7
0,SET,469,5
0,SET,471,7
0,SET,473,3
0,SET,475,5
0,SET,477,3
0,SET,479,6
0,SET,481,8
0,SET,483,6
0,SET,485,7
0,SET,487,4
0,SET,489,3
0,SET,491,6
0,SET,493,2
0,SET,495,3
0,SET,497,5
0,SET,499,4
0,SET,501,4
0,SET,503,7
0,SET,505,5
0,SET,507,3
0,SET,509,2
0,SET,511,4
0,SET,515,8
0,SET,519,4
0,SET,527,3
0,SET,531,1
0,SET,535,2
0,SET,539,4
0,SET,543,2
0,SET,547,2
0,SET,551,2
0,SET,555,1
0,SET,559,3
0,SET,563,2
0,SET,567,1
0,SET,571,2
0,SET,575,1
0,SET,579,2
0,SET,591,1
0,SET,595,3
0,SET,599,4
0,SET,607,2
0,SET,611,1
0,SET,619,1
0,SET,623,2
0,SET,627,1
0,SET,639,2
0,SET,647,1
0,SET,651,2
0,SET,655,2
0,SET,659,1
0,SET,667,1
0,SET,703,2
0,SET,707,2
0,SET,711,3
0,SET,719,1
0,SET,743,1
0,SET,747,1
0,SET,755,2
0,SET,763,1
0,SET,775,1
0,SET,779,1
0,SET,791,1
0,SET,799,2
0,SET,823,1
0,SET,895,1
0,SET,1471,1
0,SET,1591,1
0,SET,1655,1
0,SET,1671,2
0,SET,1823,1
0,SET,2143,1
0,SET,2399,1
0,SET,2431,1
1,GET,78,1
1,GET,79,3
1,GET,80,2
1,GET,81,3
1,GET,82,4
1,GET,83,6
1,GET,84,9
1,GET,85,5
1,GET,86,14
1,GET,87,17
1,GET,88,13
1,GET,89,24
1,GET,90,14
1,GET,91,31
1,GET,92,45
1,GET,93,38
1,GET,94,50
1,GET,95,38
1,GET,96,68
1,GET,97,57
1,GET,98,62
1,GET,99,88
1,GET,100,117
1,GET,101,98
1,GET,102,124
1,GET,103,150
1,GET,104,144
1,GET,105,159
1,GET,106,180
1,GET,107,163
1,GET,108,229
1,GET,109,244
1,GET,110,245
1,GET,111,260
1,GET,112,303
1,GET,113,288
1,GET,114,309
1,GET,115,331
1,GET,116,332
1,GET,117,318
1,GET,118,407
1,GET,119,371
1,GET,120,424
1,GET,121,428
1,GET,122,445
1,GET,123,453
1,GET,124,481
1,GET,125,498
1,GET,126,512
1,GET,127,521
1,GET,128,573
1,GET,129,573
1,GET,130,577
1,GET,131,610
1,GET,132,615
1,GET,133,643
1,GET,134,626
1,GET,135,613
1,GET,136,608
1,GET,137,673
1,GET,138,647
1,GET,139,701
1,GET,140,671
1,GET,141,644
1,GET,142,676
1,GET,143,667
1,GET,144,711
1,GET,145,666
1,GET,146,677
1,GET,147,669
1,GET,148,702
1,GET,149,705
1,GET,150,695
1,GET,151,641
1,GET,152,682
1,GET,153,644
1,GET,154,631
1,GET,155,608
1,GET,156,591
1,GET,157,602
1,GET,158,532
1,GET,159,569
1,GET,160,554
1,GET,161,535
1,GET,162,537
1,GET,163,528
1,GET,164,478
1,GET,165,453
1,GET,166,477
1,GET,167,484
1,GET,168,460
1,GET,169,451
1,GET,170,433
1,GET,171,405
1,GET,172,396
1,GET,173,349
1,GET,174,379
1,GET,175,364
1,GET,176,350
1,GET,177,312
1,GET,178,302
1,GET,179,329
1,GET,180,307
1,GET,181,266
1,GET,182,274
1,GET,183,291
1,GET,184,255
1,GET,185,266
1,GET,186,233
1,GET,187,233
1,GET,188,257
1,GET,189,248
1,GET,190,237
1,GET,191,220
1,GET,192,241
1,GET,193,205
1,GET,194,214
1,GET,195,211
1,GET,196,193
1,GET,197,213
1,GET,198,214
1,GET,199,216
1,GET,200,201
1,GET,201,232
1,GET,202,206
1,GET,203,245
1,GET,204,186
1,GET,205,222
1,GET,206,227
1,GET,207,215
1,GET,208,206
1,GET,209,259
1,GET,210,241
1,GET,211,258
1,GET,212,250
1,GET,213,263
1,GET,214,280
1,GET,215,278
1,GET,216,288
1,GET,217,307
1,GET,218,318
1,GET,219,287
1,GET,220,326
1,GET,221,344
1,GET,222,357
1,GET,223,344
1,GET,224,371
1,GET,225,378
1,GET,226,332
1,GET,227,362
1,GET,228,396
1,GET,229,410
1,GET,230,406
1,GET,231,374
1,GET,232,390
1,GET,233,418
1,GET,234,394
1,GET,235,420
1,GET,236,416
1,GET,237,435
1,GET,238,408
1,GET,239,427
1,GET,240,409
1,GET,241,420
1,GET,242,426
1,GET,243,436
1,GET,244,387
1,GET,245,418
1,GET,246,416
1,GET,247,400
1,GET,248,407
1,GET,249,382
1,GET,250,376
1,GET,251,370
1,GET,252,374
1,GET,253,340
1,GET,254,339
1,GET,255,333
1,GET,257,653
1,GET,259,627
1,GET,261,573
1,GET,263,601
1,GET,265,554
1,GET,267,485
1,GET,269,477
1,GET,271,491
1,GET,273,478
1,GET,275,422
1,GET,277,471
1,GET,279,448
1,GET,281,451
1,GET,283,470
1,GET,285,478
1,GET,287,518
1,GET,289,501
1,GET,291,618
1,GET,293,680
1,GET,295,723
1,GET,297,886
1,GET,299,969
1,GET,301,1137
1,GET,303,1381
1,GET,305,1582
1,GET,307,1854
1,GET,309,2298
1,GET,311,2672
1,GET,313,3079
1,GET,315,3610
1,GET,317,4193
1,GET,319,4922
1,GET,321,5580
1,GET,323,6381
1,GET,325,7102
1,GET,327,8276
1,GET,329,9083
1,GET,331,10047
1,GET,333,11086
1,GET,335,11888
1,GET,337,12754
1,GET,339,13290
1,GET,341,13775
1,GET,343,14180
1,GET,345,14513
1,GET,347,14305
1,GET,349,14185
1,GET,351,13843
1,GET,353,13004
1,GET,355,12484
1,GET,357,11596
1,GET,359,10925
1,GET,361,10151
1,GET,363,9260
1,GET,365,8557
1,GET,367,7637
1,GET,369,6994
1,GET,371,6177
1,GET,373,5580
1,GET,375,4962
1,GET,377,4335
1,GET,379,4087
1,GET,381,3537
1,GET,383,3281
1,GET,385,2872
1,GET,387,2603
1,GET,389,2314
1,GET,391,2076
1,GET,393,1961
1,GET,395,1714
1,GET,397,1547
1,GET,399,1373
1,GET,401,1243
1,GET,403,1095
1,GET,405,1023
1,GET,407,965
1,GET,409,858
1,GET,411,785
1,GET,413,707
1,GET,415,632
1,GET,417,588
1,GET,419,512
1,GET,421,527
1,GET,423,461
1,GET,425,433
1,GET,427,416
1,GET,429,363
1,GET,431,308
1,GET,433,332
1,GET,435,289
1,GET,437,252
1,GET,439,217
1,GET,441,216
1,GET,443,199
1,GET,445,192
1,GET,447,168
1,GET,449,159
1,GET,451,162
1,GET,453,132
1,GET,455,120
1,GET,457,163
1,GET,459,119
1,GET,461,96
1,GET,463,96
1,GET,465,96
1,GET,467,82
1,GET,469,82
1,GET,471,79
1,GET,473,70
1,GET,475,66
1,GET,477,64
1,GET,479,67
1,GET,481,58
1,GET,483,63
1,GET,485,54
1,GET,487,45
1,GET,489,47
1,GET,491,53
1,GET,493,42
1,GET,495,38
1,GET,497,32
1,GET,499,33
1,GET,501,37
1,GET,503,22
1,GET,505,18
1,GET,507,25
1,GET,509,30
1,GET,511,24
1,GET,515,45
1,GET,519,49
1,GET,523,46
1,GET,527,31
1,GET,531,26
1,GET,535,39
1,GET,539,23
1,GET,543,21
1,GET,547,24
1,GET,551,18
1,GET,555,22
1,GET,559,21
1,GET,563,23
1,GET,567,27
1,GET,571,15
1,GET,575,15
1,GET,579,19
1,GET,583,30
1,GET,587,19
1,GET,591,18
1,GET,595,13
1,GET,599,17
1,GET,603,22
1,GET,607,15
1,GET,611,15
1,GET,615,15
1,GET,619,16
1,GET,623,11
1,GET,627,14
1,GET,631,7
1,GET,635,15
1,GET,639,12
1,GET,643,5
1,GET,647,14
1,GET,651,9
1,GET,655,7
1,GET,659,6
1,GET,663,6
1,GET,667,8
1,GET,671,7
1,GET,675,6
1,GET,679,5
1,GET,683,6
1,GET,687,4
1,GET,691,7
1,GET,695,7
1,GET,699,6
1,GET,703,4
1,GET,707,5
1,GET,711,5
1,GET,715,2
1,GET,719,6
1,GET,723,6
1,GET,727,4
1,GET,731,3
1,GET,735,5
1,GET,739,9
1,GET,743,8
1,GET,747,2
1,GET,751,6
1,GET,755,2
1,GET,759,4
1,GET,763,1
1,GET,767,5
1,GET,771,8
1,GET,775,7
1,GET,779,3
1,GET,783,2
1,GET,787,1
1,GET,791,3
1,GET,795,1
1,GET,799,1
1,GET,803,2
1,GET,807,2
1,GET,811,1
1,GET,815,2
1,GET,819,2
1,GET,823,1
1,GET,827,2
1,GET,835,3
1,GET,839,1
1,GET,843,1
1,GET,851,2
1,GET,871,1
1,GET,875,1
1,GET,883,1
1,GET,903,1
1,GET,915,1
1,GET,919,1
1,GET,931,1
1,GET,983,1
1,GET,1011,1
1,GET,1143,1
1,GET,1199,1
1,GET,1383,1
1,GET,1439,1
1,GET,1447,1
1,GET,1455,1
1,GET,1463,2
1,GET,1471,1
1,GET,1487,1
1,GET,1495,2
1,GET,1503,1
1,GET,1519,1
1,GET,1543,1
1,GET,1567,1
1,GET,1607,1
1,GET,1623,3
1,GET,1639,2
1,GET,1647,3
1,GET,1655,1
1,GET,1679,3
1,GET,1687,1
1,GET,1719,1
1,GET,1727,1
1,GET,1735,3
1,GET,1751,1
1,GET,1767,2
1,GET,1799,1
1,GET,1871,1
1,GET,1919,1
1,GET,1967,1
1,GET,1975,1
1,GET,2023,1
1,GET,2031,1
1,GET,2095,1
1,GET,2143,1
1,GET,2159,1
1,GET,2207,1
1,GET,2271,1
1,GET,2287,1
1,GET,2335,1
1,GET,2351,1
1,GET,2367,1
1,GET,2431,1
1,GET,2655,1
1,GET,2687,1
1,GET,3311,1
1,GET,3471,1
1,GET,3487,1
1,DEL,80,2
1,DEL,81,1
1,DEL,82,1
1,DEL,83,2
1,DEL,84,4
1,DEL,85,3
1,DEL,86,4
1,DEL,87,5
1,DEL,88,11
1,DEL,89,10
1,DEL,90,9
1,DEL,91,8
1,DEL,92,7
1,DEL,93,13
1,DEL,94,12
1,DEL,95,26
1,DEL,96,25
1,DEL,97,25
1,DEL,98,32
1,DEL,99,37
1,DEL,100,33
1,DEL,101,26
1,DEL,102,47
1,DEL,103,36
1,DEL,104,46
1,DEL,105,52
1,DEL,106,67
1,DEL,107,69
1,DEL,108,90
1,DEL,109,78
1,DEL,110,85
1,DEL,111,102
1,DEL,112,109
1,DEL,113,95
1,DEL,114,118
1,DEL,115,125
1,DEL,116,127
1,DEL,117,137
1,DEL,118,145
1,DEL,119,124
1,DEL,120,135
1,DEL,121,160
1,DEL,122,156
1,DEL,123,181
1,DEL,124,189
1,DEL,125,187
1,DEL,126,206
1,DEL,127,189
1,DEL,128,195
1,DEL,129,180
1,DEL,130,231
1,DEL,131,231
1,DEL,132,189
1,DEL,133,225
1,DEL,134,240
1,DEL,135,237
1,DEL,136,212
1,DEL,137,229
1,DEL,138,225
1,DEL,139,227
1,DEL,140,243
1,DEL,141,227
1,DEL,142,226
1,DEL,143,241
1,DEL,144,284
1,DEL,145,237
1,DEL,146,270
1,DEL,147,227
1,DEL,148,227
1,DEL,149,250
1,DEL,150,241
1,DEL,151,244
1,DEL,152,235
1,DEL,153,248
1,DEL,154,220
1,DEL,155,215
1,DEL,156,198
1,DEL,157,208
1,DEL,158,206
1,DEL,159,208
1,DEL,160,195
1,DEL,161,192
1,DEL,162,198
1,DEL,163,175
1,DEL,164,177
1,DEL,165,156
1,DEL,166,143
1,DEL,167,168
1,DEL,168,165
1,DEL,169,144
1,DEL,170,156
1,DEL,171,140
1,DEL,172,152
1,DEL,173,138
1,DEL,174,143
1,DEL,175,130
1,DEL,176,135
1,DEL,177,126
1,DEL,178,113
1,DEL,179,116
1,DEL,180,98
1,DEL,181,92
1,DEL,182,89
1,DEL,183,91
1,DEL,184,85
1,DEL,185,76
1,DEL,186,101
1,DEL,187,72
1,DEL,188,82
1,DEL,189,88
1,DEL,190,82
1,DEL,191,85
1,DEL,192,85
1,DEL,193,73
1,DEL,194,73
1,DEL,195,72
1,DEL,196,62
1,DEL,197,72
1,DEL,198,73
1,DEL,199,78
1,DEL,200,68
1,DEL,201,69
1,DEL,202,69
1,DEL,203,81
1,DEL,204,100
1,DEL,205,68
1,DEL,206,87
1,DEL,207,93
1,DEL,208,77
1,DEL,209,95
1,DEL,210,84
1,DEL,211,89
1,DEL,212,85
1,DEL,213,100
1,DEL,214,97
1,DEL,215,109
1,DEL,216,87
1,DEL,217,94
1,DEL,218,97
1,DEL,219,122
1,DEL,220,118
1,DEL,221,112
1,DEL,222,138
1,DEL,223,106
1,DEL,224,136
1,DEL,225,134
1,DEL,226,128
1,DEL,227,141
1,DEL,228,112
1,DEL,229,160
1,DEL,230,124
1,DEL,231,160
1,DEL,232,147
1,DEL,233,147
1,DEL,234,158
1,DEL,235,147
1,DEL,236,161
1,DEL,237,150
1,DEL,238,154
1,DEL,239,135
1,DEL,240,172
1,DEL,241,136
1,DEL,242,141
1,DEL,243,134
1,DEL,244,144
1,DEL,245,157
1,DEL,246,146
1,DEL,247,141
1,DEL,248,141
1,DEL,249,132
1,DEL,250,130
1,DEL,251,131
1,DEL,252,126
1,DEL,253,101
1,DEL,254,136
1,DEL,255,139
1,DEL,257,212
1,DEL,259,223
1,DEL,261,188
1,DEL,263,209
1,DEL,265,182
1,DEL,267,191
1,DEL,269,149
1,DEL,271,165
1,DEL,273,161
1,DEL,275,160
1,DEL,277,151
1,DEL,279,148
1,DEL,281,195
1,DEL,283,160
1,DEL,285,193
1,DEL,287,156
1,DEL,289,178
1,DEL,291,218
1,DEL,293,241
1,DEL,295,279
1,DEL,297,296
1,DEL,299,358
1,DEL,301,398
1,DEL,303,486
1,DEL,305,531
1,DEL,307,732
1,DEL,309,785
1,DEL,311,969
1,DEL,313,1107
1,DEL,315,1246
1,DEL,317,1467
1,DEL,319,1739
1,DEL,321,1988
1,DEL,323,2285
1,DEL,325,2646
1,DEL,327,2930
1,DEL,329,3291
1,DEL,331,3594
1,DEL,333,4148
1,DEL,335,4240
1,DEL,337,4434
1,DEL,339,4640
1,DEL,341,4993
1,DEL,343,5255
1,DEL,345,5250
1,DEL,347,5100
1,DEL,349,5216
1,DEL,351,5047
1,DEL,353,4717
1,DEL,355,4464
1,DEL,357,4284
1,DEL,359,3795
1,DEL,361,3644
1,DEL,363,3403
1,DEL,365,3077
1,DEL,367,2711
1,DEL,369,2463
1,DEL,371,2281
1,DEL,373,1962
1,DEL,375,1801
1,DEL,377,1615
1,DEL,379,1411
1,DEL,381,1344
1,DEL,383,1188
1,DEL,385,1049
1,DEL,387,922
1,DEL,389,858
1,DEL,391,783
1,DEL,393,679
1,DEL,395,606
1,DEL,397,563
1,DEL,399,500
1,DEL,401,449
1,DEL,403,408
1,DEL,405,405
1,DEL,407,344
1,DEL,409,326
1,DEL,411,261
1,DEL,413,242
1,DEL,415,201
1,DEL,417,207
1,DEL,419,214
1,DEL,421,167
1,DEL,423,168
1,DEL,425,160
1,DEL,427,126
1,DEL,429,137
1,DEL,431,113
1,DEL,433,110
1,DEL,435,112
1,DEL,437,94
1,DEL,439,106
1,DEL,441,86
1,DEL,443,81
1,DEL,445,72
1,DEL,447,60
1,DEL,449,59
1,DEL,451,51
1,DEL,453,55
1,DEL,455,46
1,DEL,457,50
1,DEL,459,38
1,DEL,461,29
1,DEL,463,36
1,DEL,465,34
1,DEL,467,38
1,DEL,469,27
1,DEL,471,38
1,DEL,473,32
1,DEL,475,28
1,DEL,477,23
1,DEL,479,26
1,DEL,481,21
1,DEL,483,27
1,DEL,485,14
1,DEL,487,21
1,DEL,489,15
1,DEL,491,25
1,DEL,493,9
1,DEL,495,11
1,DEL,497,19
1,DEL,499,11
1,DEL,501,10
1,DEL,503,6
1,DEL,505,5
1,DEL,507,7
1,DEL,509,5
1,DEL,511,12
1,DEL,515,11
1,DEL,519,21
1,DEL,523,5
1,DEL,527,14
1,DEL,531,15
1,DEL,535,13
1,DEL,539,6
1,DEL,543,8
1,DEL,547,8
1,DEL,551,8
1,DEL,555,8
1,DEL,559,5
1,DEL,563,6
1,DEL,567,4
1,DEL,571,4
1,DEL,575,3
1,DEL,579,6
1,DEL,583,8
1,DEL,587,5
1,DEL,591,5
1,DEL,595,1
1,DEL,599,14
1,DEL,603,6
1,DEL,607,3
1,DEL,611,7
1,DEL,615,4
1,DEL,619,4
1,DEL,623,5
1,DEL,627,7
1,DEL,631,9
1,DEL,635,5
1,DEL,639,6
1,DEL,643,4
1,DEL,647,6
1,DEL,651,3
1,DEL,655,7
1,DEL,659,4
1,DEL,663,5
1,DEL,667,4
1,DEL,671,5
1,DEL,675,2
1,DEL,679,1
1,DEL,683,1
1,DEL,687,1
1,DEL,691,1
1,DEL,695,1
1,DEL,699,2
1,DEL,703,2
1,DEL,711,1
1,DEL,715,3
1,DEL,719,3
1,DEL,723,1
1,DEL,731,2
1,DEL,735,2
1,DEL,739,2
1,DEL,747,2
1,DEL,755,2
1,DEL,759,1
1,DEL,763,2
1,DEL,767,1
1,DEL,771,3
1,DEL,779,1
1,DEL,783,1
1,DEL,787,4
1,DEL,795,1
1,DEL,799,1
1,DEL,807,1
1,DEL,811,1
1,DEL,819,1
1,DEL,831,1
1,DEL,835,1
1,DEL,847,1
1,DEL,983,1
1,DEL,1135,1
1,DEL,1303,1
1,DEL,1343,1
1,DEL,1495,1
1,DEL,1543,1
1,DEL,1615,2
1,DEL,1647,1
1,DEL,1679,1
1,DEL,1687,1
1,DEL,1703,1
1,DEL,1711,1
1,DEL,1727,1
1,DEL,1743,1
1,DEL,1759,1
1,DEL,1775,1
1,DEL,1815,1
1,DEL,1903,1
1,DEL,1943,1
1,DEL,1951,1
1,DEL,2047,2
1,DEL,2063,1
1,DEL,2079,1
1,DEL,2159,1
1,DEL,2287,1
1,DEL,2335,1
1,DEL,2463,1
1,DEL,2511,1
1,DEL,2543,1
1,DEL,2591,1
1,DEL,4079,1
1,SET,82,1
1,SET,84,1
1,SET,85,2
1,SET,86,1
1,SET,88,2
1,SET,89,2
1,SET,90,2
1,SET,91,1
1,SET,93,5
1,SET,94,2
1,SET,95,3
1,SET,96,7
1,SET,97,4
1,SET,98,1
1,SET,99,2
1,SET,100,8
1,SET,101,4
1,SET,102,7
1,SET,103,3
1,SET,104,12
1,SET,105,12
1,SET,106,23
1,SET,107,10
1,SET,108,22
1,SET,109,18
1,SET,110,17
1,SET,111,15
1,SET,112,13
1,SET,113,19
1,SET,114,10
1,SET,115,24
1,SET,116,21
1,SET,117,22
1,SET,118,20
1,SET,119,23
1,SET,120,27
1,SET,121,27
1,SET,122,33
1,SET,123,34
1,SET,124,34
1,SET,125,32
1,SET,126,39
1,SET,127,44
1,SET,128,37
1,SET,129,33
1,SET,130,39
1,SET,131,53
1,SET,132,55
1,SET,133,29
1,SET,134,41
1,SET,135,35
1,SET,136,45
1,SET,137,40
1,SET,138,51
1,SET,139,46
1,SET,140,43
1,SET,141,49
1,SET,142,48
1,SET,143,42
1,SET,144,41
1,SET,145,48
1,SET,146,51
1,SET,147,57
1,SET,148,40
1,SET,149,51
1,SET,150,43
1,SET,151,46
1,SET,152,36
1,SET,153,36
1,SET,154,44
1,SET,155,49
1,SET,156,50
1,SET,157,41
1,SET,158,40
1,SET,159,56
1,SET,160,37
1,SET,161,31
1,SET,162,41
1,SET,163,46
1,SET,164,30
1,SET,165,33
1,SET,166,43
1,SET,167,32
1,SET,168,34
1,SET,169,29
1,SET,170,30
1,SET,171,33
1,SET,172,39
1,SET,173,34
1,SET,174,27
1,SET,175,26
1,SET,176,22
1,SET,177,27
1,SET,178,29
1,SET,179,25
1,SET,180,21
1,SET,181,20
1,SET,182,26
1,SET,183,21
1,SET,184,17
1,SET,185,18
1,SET,186,19
1,SET,187,16
1,SET,188,19
1,SET,189,13
1,SET,190,13
1,SET,191,18
1,SET,192,14
1,SET,193,21
1,SET,194,21
1,SET,195,17
1,SET,196,13
1,SET,197,23
1,SET,198,16
1,SET,199,14
1,SET,200,17
1,SET,201,13
1,SET,202,15
1,SET,203,11
1,SET,204,24
1,SET,205,16
1,SET,206,12
1,SET,207,14
1,SET,208,21
1,SET,209,10
1,SET,210,22
1,SET,211,9
1,SET,212,22
1,SET,213,15
1,SET,214,20
1,SET,215,21
1,SET,216,21
1,SET,217,30
1,SET,218,24
1,SET,219,20
1,SET,220,29
1,SET,221,19
1,SET,222,28
1,SET,223,17
1,SET,224,26
1,SET,225,30
1,SET,226,18
1,SET,227,25
1,SET,228,26
1,SET,229,26
1,SET,230,29
1,SET,231,24
1,SET,232,20
1,SET,233,28
1,SET,234,28
1,SET,235,33
1,SET,236,29
1,SET,237,33
1,SET,238,30
1,SET,239,28
1,SET,240,27
1,SET,241,30
1,SET,242,27
1,SET,243,33
1,SET,244,44
1,SET,245,20
1,SET,246,36
1,SET,247,29
1,SET,248,34
1,SET,249,29
1,SET,250,26
1,SET,251,35
1,SET,252,22
1,SET,253,20
1,SET,254,21
1,SET,255,24
1,SET,257,48
1,SET,259,48
1,SET,261,44
1,SET,263,45
1,SET,265,35
1,SET,267,34
1,SET,269,42
1,SET,271,33
1,SET,273,32
1,SET,275,30
1,SET,277,27
1,SET,279,38
1,SET,281,34
1,SET,283,40
1,SET,285,38
1,SET,287,48
1,SET,289,29
1,SET,291,39
1,SET,293,42
1,SET,295,53
1,SET,297,54
1,SET,299,63
1,SET,301,58
1,SET,303,84
1,SET,305,88
1,SET,307,132
1,SET,309,139
1,SET,311,166
1,SET,313,188
1,SET,315,236
1,SET,317,299
1,SET,319,318
1,SET,321,355
1,SET,323,406
1,SET,325,479
1,SET,327,539
1,SET,329,628
1,SET,331,680
1,SET,333,733
1,SET,335,879
1,SET,337,894
1,SET,339,894
1,SET,341,975
1,SET,343,1027
1,SET,345,1091
1,SET,347,1091
1,SET,349,1043
1,SET,351,987
1,SET,353,1030
1,SET,355,892
1,SET,357,890
1,SET,359,795
1,SET,361,765
1,SET,363,714
1,SET,365,653
1,SET,367,588
1,SET,369,524
1,SET,371,459
1,SET,373,450
1,SET,375,400
1,SET,377,354
1,SET,379,324
1,SET,381,267
1,SET,383,232
1,SET,385,215
1,SET,387,233
1,SET,389,157
1,SET,391,156
1,SET,393,153
1,SET,395,156
1,SET,397,113
1,SET,399,100
1,SET,401,94
1,SET,403,94
1,SET,405,73
1,SET,407,66
1,SET,409,66
1,SET,411,60
1,SET,413,43
1,SET,415,48
1,SET,417,47
1,SET,419,40
1,SET,421,30
1,SET,423,46
1,SET,425,46
1,SET,427,28
1,SET,429,30
1,SET,431,30
1,SET,433,17
1,SET,435,20
1,SET,437,21
1,SET,439,22
1,SET,441,11
1,SET,443,15
1,SET,445,16
1,SET,447,17
1,SET,449,10
1,SET,451,14
1,SET,453,12
1,SET,455,10
1,SET,457,9
1,SET,459,8
1,SET,461,14
1,SET,463,5
1,SET,465,11
1,SET,467,3
1,SET,469,9
1,SET,471,5
1,SET,473,9
1,SET,475,3
1,SET,477,5
1,SET,479,3
1,SET,481,8
1,SET,483,6
1,SET,485,4
1,SET,487,4
1,SET,489,3
1,SET,491,7
1,SET,493,2
1,SET,495,3
1,SET,497,5
1,SET,499,3
1,SET,501,2
1,SET,503,2
1,SET,507,1
1,SET,509,1
1,SET,511,5
1,SET,515,3
1,SET,519,1
1,SET,523,2
1,SET,527,2
1,SET,531,3
1,SET,539,6
1,SET,543,3
1,SET,547,4
1,SET,551,3
1,SET,555,3
1,SET,559,1
1,SET,563,1
1,SET,567,2
1,SET,575,1
1,SET,579,2
1,SET,583,1
1,SET,587,3
1,SET,595,1
1,SET,607,1
1,SET,615,3
1,SET,619,1
1,SET,623,1
1,SET,631,1
1,SET,639,1
1,SET,651,3
1,SET,655,1
1,SET,659,1
1,SET,663,1
1,SET,667,1
1,SET,675,1
1,SET,687,1
1,SET,699,1
1,SET,703,2
1,SET,735,1
1,SET,739,1
1,SET,743,1
1,SET,747,2
1,SET,787,1
1,SET,791,1
1,SET,867,1
1,SET,871,1
1,SET,2479,1
1,SET,2495,1
1,SET,5535,1
2,SET,82,2
2,SET,85,3
2,SET,86,1
2,SET,87,4
2,SET,88,1
2,SET,89,2
2,SET,90,1
2,SET,91,2
2,SET,92,4
2,SET,93,5
2,SET,94,3
2,SET,95,5
2,SET,96,5
2,SET,97,7
2,SET,98,6
2,SET,99,9
2,SET,100,4
2,SET,101,11
2,SET,102,4
2,SET,103,8
2,SET,104,15
2,SET,105,17
2,SET,106,16
2,SET,107,11
2,SET,108,9
2,SET,109,23
2,SET,110,20
2,SET,111,22
2,SET,112,21
2,SET,113,17
2,SET,114,29
2,SET,115,26
2,SET,116,27
2,SET,117,26
2,SET,118,28
2,SET,119,23
2,SET,120,44
2,SET,121,45
2,SET,122,29
2,SET,123,30
2,SET,124,34
2,SET,125,46
2,SET,126,34
2,SET,127,39
2,SET,128,42
2,SET,129,53
2,SET,130,50
2,SET,131,49
2,SET,132,52
2,SET,133,46
2,SET,134,43
2,SET,135,58
2,SET,136,52
2,SET,137,56
2,SET,138,54
2,SET,139,42
2,SET,140,38
2,SET,141,74
2,SET,142,54
2,SET,143,57
2,SET,144,34
2,SET,145,45
2,SET,146,53
2,SET,147,40
2,SET,148,43
2,SET,149,55
2,SET,150,48
2,SET,151,44
2,SET,152,48
2,SET,153,48
2,SET,154,35
2,SET,155,47
2,SET,156,45
2,SET,157,34
2,SET,158,37
2,SET,159,47
2,SET,160,43
2,SET,161,40
2,SET,162,28
2,SET,163,40
2,SET,164,45
2,SET,165,41
2,SET,166,38
2,SET,167,35
2,SET,168,27
2,SET,169,26
2,SET,170,32
2,SET,171,23
2,SET,172,27
2,SET,173,23
2,SET,174,23
2,SET,175,30
2,SET,176,18
2,SET,177,16
2,SET,178,27
2,SET,179,19
2,SET,180,23
2,SET,181,24
2,SET,182,11
2,SET,183,17
2,SET,184,16
2,SET,185,23
2,SET,186,17
2,SET,187,12
2,SET,188,16
2,SET,189,16
2,SET,190,18
2,SET,191,10
2,SET,192,16
2,SET,193,20
2,SET,194,13
2,SET,195,10
2,SET,196,13
2,SET,197,13
2,SET,198,21
2,SET,199,9
2,SET,200,13
2,SET,201,12
2,SET,202,15
2,SET,203,18
2,SET,204,18
2,SET,205,17
2,SET,206,10
2,SET,207,17
2,SET,208,18
2,SET,209,18
2,SET,210,16
2,SET,211,14
2,SET,212,24
2,SET,213,12
2,SET,214,19
2,SET,215,20
2,SET,216,16
2,SET,217,27
2,SET,218,24
2,SET,219,21
2,SET,220,23
2,SET,221,30
2,SET,222,21
2,SET,223,19
2,SET,224,41
2,SET,225,16
2,SET,226,19
2,SET,227,23
2,SET,228,30
2,SET,229,30
2,SET,230,21
2,SET,231,36
2,SET,232,24
2,SET,233,29
2,SET,234,25
2,SET,235,34
2,SET,236,28
2,SET,237,24
2,SET,238,31
2,SET,239,22
2,SET,240,31
2,SET,241,27
2,SET,242,25
2,SET,243,34
2,SET,244,21
2,SET,245,23
2,SET,246,21
2,SET,247,23
2,SET,248,26
2,SET,249,28
2,SET,250,29
2,SET,251,17
2,SET,252,23
2,SET,253,19
2,SET,254,19
2,SET,255,31
2,SET,257,41
2,SET,259,44
2,SET,261,25
2,SET,263,36
2,SET,265,36
2,SET,267,30
2,SET,269,36
2,SET,271,38
2,SET,273,38
2,SET,275,26
2,SET,277,40
2,SET,279,38
2,SET,281,38
2,SET,283,40
2,SET,285,44
2,SET,287,36
2,SET,289,45
2,SET,291,43
2,SET,293,46
2,SET,295,51
2,SET,297,62
2,SET,299,81
2,SET,301,98
2,SET,303,98
2,SET,305,107
2,SET,307,127
2,SET,309,146
2,SET,311,217
2,SET,313,233
2,SET,315,256
2,SET,317,324
2,SET,319,345
2,SET,321,383
2,SET,323,466
2,SET,325,482
2,SET,327,583
2,SET,329,580
2,SET,331,664
2,SET,333,722
2,SET,335,785
2,SET,337,860
2,SET,339,885
2,SET,341,953
2,SET,343,967
2,SET,345,959
2,SET,347,990
2,SET,349,1047
2,SET,351,1006
2,SET,353,910
2,SET,355,914
2,SET,357,900
2,SET,359,759
2,SET,361,802
2,SET,363,698
2,SET,365,628
2,SET,367,587
2,SET,369,536
2,SET,371,472
2,SET,373,408
2,SET,375,411
2,SET,377,315
2,SET,379,327
2,SET,381,284
2,SET,383,266
2,SET,385,190
2,SET,387,203
2,SET,389,176
2,SET,391,154
2,SET,393,135
2,SET,395,128
2,SET,397,119
2,SET,399,116
2,SET,401,89
2,SET,403,91
2,SET,405,80
2,SET,407,81
2,SET,409,67
2,SET,411,64
2,SET,413,60
2,SET,415,56
2,SET,417,54
2,SET,419,55
2,SET,421,39
2,SET,423,36
2,SET,425,29
2,SET,427,27
2,SET,429,27
2,SET,431,21
2,SET,433,22
2,SET,435,24
2,SET,437,14
2,SET,439,17
2,SET,441,16
2,SET,443,12
2,SET,445,16
2,SET,447,15
2,SET,449,19
2,SET,451,20
2,SET,453,9
2,SET,455,14
2,SET,457,9
2,SET,459,14
2,SET,461,7
2,SET,463,10
2,SET,465,7
2,SET,467,5
2,SET,469,5
2,SET,471,2
2,SET,473,9
2,SET,475,8
2,SET,477,5
2,SET,479,5
2,SET,481,6
2,SET,483,3
2,SET,485,2
2,SET,487,11
2,SET,489,4
2,SET,491,3
2,SET,493,3
2,SET,495,3
2,SET,497,4
2,SET,499,3
2,SET,501,5
2,SET,503,3
2,SET,505,1
2,SET,507,1
2,SET,511,2
2,SET,515,1
2,SET,519,4
2,SET,523,3
2,SET,527,1
2,SET,531,1
2,SET,535,2
2,SET,539,2
2,SET,543,4
2,SET,547,2
2,SET,551,2
2,SET,555,6
2,SET,559,1
2,SET,563,3
2,SET,567,1
2,SET,571,2
2,SET,575,1
2,SET,579,3
2,SET,583,3
2,SET,587,4
2,SET,591,2
2,SET,595,2
2,SET,611,2
2,SET,627,1
2,SET,635,1
2,SET,639,2
2,SET,647,1
2,SET,651,1
2,SET,659,2
2,SET,667,1
2,SET,671,1
2,SET,679,1
2,SET,687,1
2,SET,715,1
2,SET,731,2
2,SET,747,1
2,SET,875,1
2,SET,1703,1
2,DEL,76,1
2,DEL,77,1
2,DEL,79,1
2,DEL,80,2
2,DEL,81,3
2,DEL,82,2
2,DEL,83,2
2,DEL,84,3
2,DEL,85,4
2,DEL,86,3
2,DEL,87,3
2,DEL,88,10
2,DEL,89,16
2,DEL,90,12
2,DEL,91,14
2,DEL,92,20
2,DEL,93,20
2,DEL,94,23
2,DEL,95,26
2,DEL,96,36
2,DEL,97,34
2,DEL,98,39
2,DEL,99,51
2,DEL,100,57
2,DEL,101,44
2,DEL,102,57
2,DEL,103,66
2,DEL,104,65
2,DEL,105,70
2,DEL,106,83
2,DEL,107,92
2,DEL,108,83
2,DEL,109,107
2,DEL,110,109
2,DEL,111,103
2,DEL,112,114
2,DEL,113,129
2,DEL,114,127
2,DEL,115,119
2,DEL,116,149
2,DEL,117,122
2,DEL,118,153
2,DEL,119,174
2,DEL,120,181
2,DEL,121,166
2,DEL,122,171
2,DEL,123,195
2,DEL,124,198
2,DEL,125,210
2,DEL,126,194
2,DEL,127,233
2,DEL,128,229
2,DEL,129,264
2,DEL,130,223
2,DEL,131,249
2,DEL,132,247
2,DEL,133,243
2,DEL,134,245
2,DEL,135,249
2,DEL,136,238
2,DEL,137,255
2,DEL,138,264
2,DEL,139,240
2,DEL,140,270
2,DEL,141,261
2,DEL,142,244
2,DEL,143,238
2,DEL,144,274
2,DEL,145,243
2,DEL,146,265
2,DEL,147,243
2,DEL,148,221
2,DEL,149,227
2,DEL,150,225
2,DEL,151,220
2,DEL,152,226
2,DEL,153,240
2,DEL,154,224
2,DEL,155,204
2,DEL,156,219
2,DEL,157,183
2,DEL,158,184
2,DEL,159,164
2,DEL,160,184
2,DEL,161,204
2,DEL,162,184
2,DEL,163,164
2,DEL,164,173
2,DEL,165,176
2,DEL,166,148
2,DEL,167,134
2,DEL,168,138
2,DEL,169,140
2,DEL,170,113
2,DEL,171,120
2,DEL,172,117
2,DEL,173,108
2,DEL,174,123
2,DEL,175,109
2,DEL,176,108
2,DEL,177,105
2,DEL,178,99
2,DEL,179,89
2,DEL,180,82
2,DEL,181,90
2,DEL,182,85
2,DEL,183,90
2,DEL,184,73
2,DEL,185,64
2,DEL,186,54
2,DEL,187,59
2,DEL,188,69
2,DEL,189,63
2,DEL,190,74
2,DEL,191,70
2,DEL,192,72
2,DEL,193,67
2,DEL,194,65
2,DEL,195,62
2,DEL,196,51
2,DEL,197,76
2,DEL,198,69
2,DEL,199,63
2,DEL,200,56
2,DEL,201,77
2,DEL,202,81
2,DEL,203,84
2,DEL,204,86
2,DEL,205,65
2,DEL,206,79
2,DEL,207,82
2,DEL,208,96
2,DEL,209,108
2,DEL,210,86
2,DEL,211,89
2,DEL,212,97
2,DEL,213,97
2,DEL,214,77
2,DEL,215,98
2,DEL,216,107
2,DEL,217,94
2,DEL,218,119
2,DEL,219,96
2,DEL,220,126
2,DEL,221,132
2,DEL,222,125
2,DEL,223,102
2,DEL,224,114
2,DEL,225,123
2,DEL,226,121
2,DEL,227,149
2,DEL,228,137
2,DEL,229,148
2,DEL,230,133
2,DEL,231,131
2,DEL,232,126
2,DEL,233,121
2,DEL,234,152
2,DEL,235,139
2,DEL,236,155
2,DEL,237,175
2,DEL,238,156
2,DEL,239,127
2,DEL,240,163
2,DEL,241,154
2,DEL,242,143
2,DEL,243,137
2,DEL,244,135
2,DEL,245,134
2,DEL,246,157
2,DEL,247,131
2,DEL,248,139
2,DEL,249,122
2,DEL,250,116
2,DEL,251,122
2,DEL,252,129
2,DEL,253,123
2,DEL,254,130
2,DEL,255,116
2,DEL,257,204
2,DEL,259,240
2,DEL,261,207
2,DEL,263,201
2,DEL,265,196
2,DEL,267,182
2,DEL,269,143
2,DEL,271,163
2,DEL,273,161
2,DEL,275,169
2,DEL,277,164
2,DEL,279,177
2,DEL,281,170
2,DEL,283,184
2,DEL,285,196
2,DEL,287,211
2,DEL,289,206
2,DEL,291,206
2,DEL,293,282
2,DEL,295,293
2,DEL,297,339
2,DEL,299,413
2,DEL,301,477
2,DEL,303,537
2,DEL,305,605
2,DEL,307,774
2,DEL,309,911
2,DEL,311,987
2,DEL,313,1178
2,DEL,315,1382
2,DEL,317,1564
2,DEL,319,1728
2,DEL,321,2059
2,DEL,323,2293
2,DEL,325,2658
2,DEL,327,2837
2,DEL,329,3149
2,DEL,331,3427
2,DEL,333,3761
2,DEL,335,4080
2,DEL,337,4421
2,DEL,339,4607
2,DEL,341,4701
2,DEL,343,4921
2,DEL,345,5067
2,DEL,347,5090
2,DEL,349,5009
2,DEL,351,4850
2,DEL,353,4646
2,DEL,355,4560
2,DEL,357,4153
2,DEL,359,3994
2,DEL,361,3567
2,DEL,363,3443
2,DEL,365,2983
2,DEL,367,2769
2,DEL,369,2427
2,DEL,371,2311
2,DEL,373,2085
2,DEL,375,1796
2,DEL,377,1616
2,DEL,379,1484
2,DEL,381,1349
2,DEL,383,1150
2,DEL,385,1051
2,DEL,387,973
2,DEL,389,863
2,DEL,391,757
2,DEL,393,682
2,DEL,395,628
2,DEL,397,562
2,DEL,399,460
2,DEL,401,431
2,DEL,403,436
2,DEL,405,382
2,DEL,407,324
2,DEL,409,285
2,DEL,411,283
2,DEL,413,239
2,DEL,415,228
2,DEL,417,225
2,DEL,419,187
2,DEL,421,173
2,DEL,423,152
2,DEL,425,153
2,DEL,427,128
2,DEL,429,141
2,DEL,431,115
2,DEL,433,107
2,DEL,435,105
2,DEL,437,93
2,DEL,439,103
2,DEL,441,83
2,DEL,443,73
2,DEL,445,76
2,DEL,447,69
2,DEL,449,77
2,DEL,451,69
2,DEL,453,67
2,DEL,455,39
2,DEL,457,43
2,DEL,459,36
2,DEL,461,43
2,DEL,463,33
2,DEL,465,25
2,DEL,467,29
2,DEL,469,31
2,DEL,471,29
2,DEL,473,29
2,DEL,475,31
2,DEL,477,21
2,DEL,479,29
2,DEL,481,17
2,DEL,483,22
2,DEL,485,25
2,DEL,487,13
2,DEL,489,18
2,DEL,491,14
2,DEL,493,12
2,DEL,495,9
2,DEL,497,18
2,DEL,499,16
2,DEL,501,10
2,DEL,503,9
2,DEL,505,16
2,DEL,507,13
2,DEL,509,7
2,DEL,511,7
2,DEL,515,13
2,DEL,519,20
2,DEL,523,10
2,DEL,527,16
2,DEL,531,10
2,DEL,535,18
2,DEL,539,11
2,DEL,543,9
2,DEL,547,9
2,DEL,551,7
2,DEL,555,7
2,DEL,559,10
2,DEL,563,9
2,DEL,567,4
2,DEL,571,9
2,DEL,575,7
2,DEL,579,4
2,DEL,583,5
2,DEL,587,7
2,DEL,591,6
2,DEL,595,8
2,DEL,599,6
2,DEL,603,7
2,DEL,607,6
2,DEL,611,8
2,DEL,615,4
2,DEL,619,2
2,DEL,623,1
2,DEL,627,1
2,DEL,631,3
2,DEL,635,3
2,DEL,639,8
2,DEL,643,4
2,DEL,647,4
2,DEL,651,2
2,DEL,655,2
2,DEL,659,2
2,DEL,663,3
2,DEL,667,2
2,DEL,679,2
2,DEL,683,1
2,DEL,687,1
2,DEL,691,1
2,DEL,695,2
2,DEL,699,4
2,DEL,703,4
2,DEL,707,2
2,DEL,711,2
2,DEL,715,1
2,DEL,719,2
2,DEL,723,2
2,DEL,727,2
2,DEL,731,2
2,DEL,735,2
2,DEL,739,3
2,DEL,743,8
2,DEL,751,3
2,DEL,759,2
2,DEL,763,4
2,DEL,767,1
2,DEL,771,1
2,DEL,775,2
2,DEL,779,1
2,DEL,783,1
2,DEL,791,2
2,DEL,795,1
2,DEL,799,2
2,DEL,811,1
2,DEL,815,1
2,DEL,831,1
2,DEL,835,2
2,DEL,863,1
2,DEL,871,1
2,DEL,923,1
2,DEL,1455,1
2,DEL,1519,2
2,DEL,1535,1
2,DEL,1631,1
2,DEL,1671,1
2,DEL,1679,1
2,DEL,1687,1
2,DEL,1695,1
2,DEL,1719,1
2,DEL,1727,1
2,DEL,1735,1
2,DEL,1743,1
2,DEL,1759,1
2,DEL,1791,1
2,DEL,1871,2
2,DEL,1879,1
2,DEL,1919,1
2,DEL,1927,1
2,DEL,1951,1
2,DEL,1975,1
2,DEL,2039,1
2,DEL,2063,2
2,DEL,2111,1
2,DEL,2143,1
2,DEL,2159,1
2,DEL,2207,1
2,DEL,2383,1
2,DEL,2527,1
2,DEL,2671,1
2,GET,75,1
2,GET,77,3
2,GET,78,2
2,GET,79,3
2,GET,80,1
2,GET,81,1
2,GET,82,7
2,GET,83,11
2,GET,84,13
2,GET,85,10
2,GET,86,22
2,GET,87,20
2,GET,88,24
2,GET,89,23
2,GET,90,37
2,GET,91,34
2,GET,92,49
2,GET,93,53
2,GET,94,64
2,GET,95,87
2,GET,96,77
2,GET,97,108
2,GET,98,95
2,GET,99,109
2,GET,100,118
2,GET,101,126
2,GET,102,142
2,GET,103,164
2,GET,104,182
2,GET,105,186
2,GET,106,222
2,GET,107,216
2,GET,108,251
2,GET,109,256
2,GET,110,290
2,GET,111,303
2,GET,112,353
2,GET,113,373
2,GET,114,367
2,GET,115,402
2,GET,116,424
2,GET,117,433
2,GET,118,485
2,GET,119,453
2,GET,120,497
2,GET,121,493
2,GET,122,501
2,GET,123,559
2,GET,124,546
2,GET,125,600
2,GET,126,593
2,GET,127,622
2,GET,128,673
2,GET,129,671
2,GET,130,682
2,GET,131,646
2,GET,132,665
2,GET,133,677
2,GET,134,697
2,GET,135,699
2,GET,136,777
2,GET,137,745
2,GET,138,738
2,GET,139,703
2,GET,140,735
2,GET,141,666
2,GET,142,728
2,GET,143,715
2,GET,144,700
2,GET,145,710
2,GET,146,731
2,GET,147,657
2,GET,148,737
2,GET,149,721
2,GET,150,641
2,GET,151,619
2,GET,152,589
2,GET,153,635
2,GET,154,627
2,GET,155,656
2,GET,156,591
2,GET,157,571
2,GET,158,522
2,GET,159,537
2,GET,160,499
2,GET,161,471
2,GET,162,516
2,GET,163,469
2,GET,164,438
2,GET,165,439
2,GET,166,408
2,GET,167,406
2,GET,168,379
2,GET,169,377
2,GET,170,340
2,GET,171,342
2,GET,172,326
2,GET,173,294
2,GET,174,304
2,GET,175,252
2,GET,176,270
2,GET,177,256
2,GET,178,269
2,GET,179,281
2,GET,180,256
2,GET,181,215
2,GET,182,258
2,GET,183,188
2,GET,184,211
2,GET,185,195
2,GET,186,218
2,GET,187,184
2,GET,188,184
2,GET,189,179
2,GET,190,185
2,GET,191,184
2,GET,192,182
2,GET,193,168
2,GET,194,184
2,GET,195,170
2,GET,196,178
2,GET,197,204
2,GET,198,183
2,GET,199,196
2,GET,200,198
2,GET,201,185
2,GET,202,194
2,GET,203,213
2,GET,204,208
2,GET,205,244
2,GET,206,211
2,GET,207,207
2,GET,208,219
2,GET,209,232
2,GET,210,221
2,GET,211,274
2,GET,212,286
2,GET,213,258
2,GET,214,231
2,GET,215,249
2,GET,216,272
2,GET,217,297
2,GET,218,311
2,GET,219,329
2,GET,220,284
2,GET,221,346
2,GET,222,314
2,GET,223,363
2,GET,224,320
2,GET,225,362
2,GET,226,372
2,GET,227,374
2,GET,228,359
2,GET,229,371
2,GET,230,383
2,GET,231,372
2,GET,232,388
2,GET,233,413
2,GET,234,404
2,GET,235,416
2,GET,236,416
2,GET,237,414
2,GET,238,393
2,GET,239,392
2,GET,240,396
2,GET,241,360
2,GET,242,376
2,GET,243,411
2,GET,244,396
2,GET,245,366
2,GET,246,387
2,GET,247,361
2,GET,248,360
2,GET,249,359
2,GET,250,361
2,GET,251,324
2,GET,252,355
2,GET,253,322
2,GET,254,339
2,GET,255,331
2,GET,257,627
2,GET,259,601
2,GET,261,545
2,GET,263,553
2,GET,265,534
2,GET,267,495
2,GET,269,473
2,GET,271,480
2,GET,273,438
2,GET,275,485
2,GET,277,440
2,GET,279,463
2,GET,281,460
2,GET,283,473
2,GET,285,521
2,GET,287,565
2,GET,289,593
2,GET,291,638
2,GET,293,719
2,GET,295,838
2,GET,297,920
2,GET,299,1139
2,GET,301,1272
2,GET,303,1452
2,GET,305,1815
2,GET,307,2151
2,GET,309,2483
2,GET,311,2927
2,GET,313,3334
2,GET,315,3857
2,GET,317,4463
2,GET,319,5073
2,GET,321,5681
2,GET,323,6279
2,GET,325,7219
2,GET,327,8139
2,GET,329,8701
2,GET,331,9980
2,GET,333,10709
2,GET,335,11523
2,GET,337,12425
2,GET,339,12919
2,GET,341,13348
2,GET,343,13896
2,GET,345,13993
2,GET,347,13866
2,GET,349,13879
2,GET,351,13541
2,GET,353,12983
2,GET,355,12548
2,GET,357,11792
2,GET,359,10974
2,GET,361,9996
2,GET,363,9536
2,GET,365,8564
2,GET,367,7779
2,GET,369,6970
2,GET,371,6306
2,GET,373,5856
2,GET,375,5132
2,GET,377,4728
2,GET,379,4178
2,GET,381,3767
2,GET,383,3401
2,GET,385,2896
2,GET,387,2604
2,GET,389,2308
2,GET,391,2092
2,GET,393,1941
2,GET,395,1783
2,GET,397,1544
2,GET,399,1390
2,GET,401,1249
2,GET,403,1176
2,GET,405,1006
2,GET,407,935
2,GET,409,907
2,GET,411,843
2,GET,413,776
2,GET,415,652
2,GET,417,610
2,GET,419,591
2,GET,421,567
2,GET,423,476
2,GET,425,404
2,GET,427,414
2,GET,429,339
2,GET,431,376
2,GET,433,328
2,GET,435,289
2,GET,437,277
2,GET,439,251
2,GET,441,231
2,GET,443,237
2,GET,445,185
2,GET,447,158
2,GET,449,166
2,GET,451,169
2,GET,453,138
2,GET,455,139
2,GET,457,126
2,GET,459,115
2,GET,461,122
2,GET,463,107
2,GET,465,118
2,GET,467,115
2,GET,469,88
2,GET,471,95
2,GET,473,81
2,GET,475,74
2,GET,477,66
2,GET,479,65
2,GET,481,59
2,GET,483,76
2,GET,485,44
2,GET,487,55
2,GET,489,47
2,GET,491,58
2,GET,493,42
2,GET,495,36
2,GET,497,40
2,GET,499,40
2,GET,501,19
2,GET,503,35
2,GET,505,26
2,GET,507,28
2,GET,509,29
2,GET,511,25
2,GET,515,44
2,GET,519,49
2,GET,523,39
2,GET,527,35
2,GET,531,35
2,GET,535,44
2,GET,539,37
2,GET,543,28
2,GET,547,23
2,GET,551,21
2,GET,555,25
2,GET,559,21
2,GET,563,28
2,GET,567,10
2,GET,571,20
2,GET,575,22
2,GET,579,23
2,GET,583,29
2,GET,587,17
2,GET,591,16
2,GET,595,25
2,GET,599,18
2,GET,603,15
2,GET,607,16
2,GET,611,21
2,GET,615,18
2,GET,619,7
2,GET,623,15
2,GET,627,17
2,GET,631,9
2,GET,635,15
2,GET,639,10
2,GET,643,7
2,GET,647,7
2,GET,651,6
2,GET,655,9
2,GET,659,7
2,GET,663,8
2,GET,667,8
2,GET,671,5
2,GET,675,4
2,GET,679,7
2,GET,683,8
2,GET,687,5
2,GET,691,3
2,GET,695,5
2,GET,699,4
2,GET,703,6
2,GET,707,4
2,GET,711,4
2,GET,715,7
2,GET,719,4
2,GET,723,4
2,GET,727,2
2,GET,731,4
2,GET,735,2
2,GET,739,3
2,GET,743,7
2,GET,747,9
2,GET,751,2
2,GET,755,8
2,GET,759,4
2,GET,763,6
2,GET,767,2
2,GET,771,4
2,GET,775,3
2,GET,779,7
2,GET,783,6
2,GET,787,1
2,GET,791,2
2,GET,795,3
2,GET,799,3
2,GET,803,1
2,GET,807,1
2,GET,811,1
2,GET,815,1
2,GET,823,3
2,GET,831,1
2,GET,843,3
2,GET,847,2
2,GET,859,1
2,GET,867,1
2,GET,895,1
2,GET,899,1
2,GET,907,1
2,GET,915,1
2,GET,943,1
2,GET,979,1
2,GET,987,1
2,GET,991,1
2,GET,1019,1
2,GET,1031,1
2,GET,1039,1
2,GET,1151,1
2,GET,1287,1
2,GET,1447,1
2,GET,1455,1
2,GET,1463,1
2,GET,1471,1
2,GET,1511,1
2,GET,1551,1
2,GET,1559,1
2,GET,1567,1
2,GET,1615,1
2,GET,1647,1
2,GET,1655,1
2,GET,1663,3
2,GET,1671,3
2,GET,1679,3
2,GET,1687,2
2,GET,1695,1
2,GET,1703,2
2,GET,1719,1
2,GET,1727,1
2,GET,1759,1
2,GET,1767,1
2,GET,1879,1
2,GET,1903,1
2,GET,1951,1
2,GET,1967,1
2,GET,1975,2
2,GET,2023,1
2,GET,2039,1
2,GET,2095,1
2,GET,2127,1
2,GET,2239,1
2,GET,2303,1
2,GET,2367,1
2,GET,2383,2
2,GET,2399,1
2,GET,2431,2
2,GET,2447,2
2,GET,2463,1
2,GET,3263,1
2,GET,3295,1
2,GET,5503,1
3,SET,84,1
3,SET,87,1
3,SET,89,2
3,SET,90,1
3,SET,91,2
3,SET,92,6
3,SET,93,4
3,SET,94,5
3,SET,95,3
3,SET,96,6
3,SET,97,6
3,SET,98,8
3,SET,99,10
3,SET,100,9
3,SET,101,6
3,SET,102,14
3,SET,103,9
3,SET,104,16
3,SET,105,18
3,SET,106,11
3,SET,107,20
3,SET,108,10
3,SET,109,25
3,SET,110,20
3,SET,111,28
3,SET,112,28
3,SET,113,23
3,SET,114,22
3,SET,115,24
3,SET,116,31
3,SET,117,35
3,SET,118,31
3,SET,119,37
3,SET,120,36
3,SET,121,35
3,SET,122,43
3,SET,123,44
3,SET,124,43
3,SET,125,34
3,SET,126,44
3,SET,127,46
3,SET,128,53
3,SET,129,46
3,SET,130,50
3,SET,131,52
3,SET,132,58
3,SET,133,55
3,SET,134,41
3,SET,135,57
3,SET,136,63
3,SET,137,43
3,SET,138,50
3,SET,139,45
3,SET,140,53
3,SET,141,41
3,SET,142,44
3,SET,143,65
3,SET,144,37
3,SET,145,54
3,SET,146,48
3,SET,147,57
3,SET,148,36
3,SET,149,40
3,SET,150,38
3,SET,151,47
3,SET,152,40
3,SET,153,45
3,SET,154,40
3,SET,155,36
3,SET,156,47
3,SET,157,43
3,SET,158,46
3,SET,159,37
3,SET,160,36
3,SET,161,33
3,SET,162,39
3,SET,163,29
3,SET,164,30
3,SET,165,26
3,SET,166,32
3,SET,167,20
3,SET,168,23
3,SET,169,22
3,SET,170,30
3,SET,171,22
3,SET,172,33
3,SET,173,32
3,SET,174,28
3,SET,175,23
3,SET,176,12
3,SET,177,22
3,SET,178,12
3,SET,179,18
3,SET,180,14
3,SET,181,16
3,SET,182,17
3,SET,183,19
3,SET,184,17
3,SET,185,22
3,SET,186,7
3,SET,187,19
3,SET,188,20
3,SET,189,18
3,SET,190,18
3,SET,191,17
3,SET,192,14
3,SET,193,11
3,SET,194,17
3,SET,195,19
3,SET,196,13
3,SET,197,9
3,SET,198,12
3,SET,199,11
3,SET,200,18
3,SET,201,18
3,SET,202,20
3,SET,203,13
3,SET,204,16
3,SET,205,9
3,SET,206,24
3,SET,207,15
3,SET,208,15
3,SET,209,14
3,SET,210,8
3,SET,211,19
3,SET,212,22
3,SET,213,27
3,SET,214,7
3,SET,215,21
3,SET,216,11
3,SET,217,21
3,SET,218,20
3,SET,219,26
3,SET,220,29
3,SET,221,21
3,SET,222,18
3,SET,223,18
3,SET,224,21
3,SET,225,23
3,SET,226,29
3,SET,227,26
3,SET,228,22
3,SET,229,25
3,SET,230,21
3,SET,231,36
3,SET,232,30
3,SET,233,29
3,SET,234,26
3,SET,235,28
3,SET,236,36
3,SET,237,25
3,SET,238,25
3,SET,239,27
3,SET,240,23
3,SET,241,32
3,SET,242,28
3,SET,243,36
3,SET,244,38
3,SET,245,30
3,SET,246,29
3,SET,247,22
3,SET,248,34
3,SET,249,28
3,SET,250,31
3,SET,251,20
3,SET,252,28
3,SET,253,28
3,SET,254,27
3,SET,255,21
3,SET,257,37
3,SET,259,34
3,SET,261,43
3,SET,263,40
3,SET,265,39
3,SET,267,46
3,SET,269,34
3,SET,271,33
3,SET,273,34
3,SET,275,33
3,SET,277,25
3,SET,279,28
3,SET,281,24
3,SET,283,45
3,SET,285,37
3,SET,287,41
3,SET,289,53
3,SET,291,55
3,SET,293,45
3,SET,295,73
3,SET,297,70
3,SET,299,82
3,SET,301,86
3,SET,303,101
3,SET,305,128
3,SET,307,150
3,SET,309,145
3,SET,311,203
3,SET,313,225
3,SET,315,268
3,SET,317,314
3,SET,319,382
3,SET,321,366
3,SET,323,476
3,SET,325,478
3,SET,327,603
3,SET,329,601
3,SET,331,704
3,SET,333,715
3,SET,335,781
3,SET,337,886
3,SET,339,893
3,SET,341,932
3,SET,343,946
3,SET,345,947
3,SET,347,933
3,SET,349,941
3,SET,351,917
3,SET,353,846
3,SET,355,924
3,SET,357,851
3,SET,359,782
3,SET,361,784
3,SET,363,725
3,SET,365,644
3,SET,367,547
3,SET,369,505
3,SET,371,488
3,SET,373,503
3,SET,375,377
3,SET,377,372
3,SET,379,362
3,SET,381,296
3,SET,383,222
3,SET,385,251
3,SET,387,229
3,SET,389,203
3,SET,391,162
3,SET,393,168
3,SET,395,159
3,SET,397,135
3,SET,399,114
3,SET,401,117
3,SET,403,84
3,SET,405,87
3,SET,407,79
3,SET,409,69
3,SET,411,67
3,SET,413,54
3,SET,415,52
3,SET,417,64
3,SET,419,42
3,SET,421,37
3,SET,423,29
3,SET,425,32
3,SET,427,18
3,SET,429,35
3,SET,431,29
3,SET,433,23
3,SET,435,36
3,SET,437,27
3,SET,439,31
3,SET,441,18
3,SET,443,21
3,SET,445,14
3,SET,447,15
3,SET,449,14
3,SET,451,8
3,SET,453,8
3,SET,455,10
3,SET,457,13
3,SET,459,14
3,SET,461,11
3,SET,463,12
3,SET,465,13
3,SET,467,6
3,SET,469,8
3,SET,471,11
3,SET,473,3
3,SET,475,6
3,SET,477,5
3,SET,479,5
3,SET,481,4
3,SET,483,5
3,SET,485,4
3,SET,487,1
3,SET,489,5
3,SET,491,4
3,SET,493,2
3,SET,495,4
3,SET,497,4
3,SET,501,1
3,SET,503,2
3,SET,505,3
3,SET,507,2
3,SET,509,3
3,SET,511,2
3,SET,515,5
3,SET,519,1
3,SET,523,1
3,SET,527,4
3,SET,531,2
3,SET,535,2
3,SET,539,1
3,SET,543,3
3,SET,547,4
3,SET,551,2
3,SET,555,2
3,SET,559,4
3,SET,563,1
3,SET,567,3
3,SET,571,2
3,SET,579,1
3,SET,583,1
3,SET,587,2
3,SET,591,1
3,SET,595,3
3,SET,599,1
3,SET,603,4
3,SET,611,2
3,SET,615,1
3,SET,619,2
3,SET,623,1
3,SET,631,3
3,SET,635,2
3,SET,639,1
3,SET,643,1
3,SET,647,1
3,SET,663,1
3,SET,683,1
3,SET,711,1
3,SET,715,2
3,SET,727,1
3,SET,739,1
3,SET,743,1
3,SET,759,2
3,SET,763,1
3,SET,767,1
3,SET,827,1
3,SET,1455,1
3,SET,1671,1
3,SET,2015,1
3,SET,2319,1
3,SET,2383,1
3,DEL,79,2
3,DEL,81,1
3,DEL,82,3
3,DEL,83,4
3,DEL,84,3
3,DEL,85,6
3,DEL,86,8
3,DEL,87,12
3,DEL,88,10
3,DEL,89,8
3,DEL,90,11
3,DEL,91,14
3,DEL,92,27
3,DEL,93,25
3,DEL,94,27
3,DEL,95,26
3,DEL,96,23
3,DEL,97,37
3,DEL,98,32
3,DEL,99,39
3,DEL,100,53
3,DEL,101,55
3,DEL,102,50
3,DEL,103,71
3,DEL,104,69
3,DEL,105,79
3,DEL,106,79
3,DEL,107,81
3,DEL,108,100
3,DEL,109,130
3,DEL,110,98
3,DEL,111,114
3,DEL,112,122
3,DEL,113,143
3,DEL,114,131
3,DEL,115,148
3,DEL,116,128
3,DEL,117,156
3,DEL,118,175
3,DEL,119,187
3,DEL,120,161
3,DEL,121,194
3,DEL,122,194
3,DEL,123,181
3,DEL,124,177
3,DEL,125,221
3,DEL,126,183
3,DEL,127,223
3,DEL,128,247
3,DEL,129,213
3,DEL,130,226
3,DEL,131,266
3,DEL,132,254
3,DEL,133,250
3,DEL,134,243
3,DEL,135,245
3,DEL,136,247
3,DEL,137,255
3,DEL,138,249
3,DEL,139,264
3,DEL,140,254
3,DEL,141,240
3,DEL,142,276
3,DEL,143,236
3,DEL,144,233
3,DEL,145,267
3,DEL,146,252
3,DEL,147,244
3,DEL,148,201
3,DEL,149,243
3,DEL,150,237
3,DEL,151,200
3,DEL,152,217
3,DEL,153,207
3,DEL,154,196
3,DEL,155,196
3,DEL,156,220
3,DEL,157,190
3,DEL,158,216
3,DEL,159,180
3,DEL,160,207
3,DEL,161,179
3,DEL,162,177
3,DEL,163,159
3,DEL,164,142
3,DEL,165,155
3,DEL,166,139
3,DEL,167,139
3,DEL,168,147
3,DEL,169,159
3,DEL,170,127
3,DEL,171,125
3,DEL,172,123
3,DEL,173,119
3,DEL,174,118
3,DEL,175,96
3,DEL,176,107
3,DEL,177,95
3,DEL,178,95
3,DEL,179,88
3,DEL,180,86
3,DEL,181,94
3,DEL,182,81
3,DEL,183,77
3,DEL,184,63
3,DEL,185,84
3,DEL,186,91
3,DEL,187,73
3,DEL,188,95
3,DEL,189,80
3,DEL,190,74
3,DEL,191,66
3,DEL,192,75
3,DEL,193,67
3,DEL,194,71
3,DEL,195,56
3,DEL,196,67
3,DEL,197,82
3,DEL,198,71
3,DEL,199,64
3,DEL,200,74
3,DEL,201,71
3,DEL,202,74
3,DEL,203,77
3,DEL,204,71
3,DEL,205,73
3,DEL,206,96
3,DEL,207,78
3,DEL,208,68
3,DEL,209,69
3,DEL,210,105
3,DEL,211,80
3,DEL,212,89
3,DEL,213,91
3,DEL,214,98
3,DEL,215,94
3,DEL,216,99
3,DEL,217,96
3,DEL,218,106
3,DEL,219,99
3,DEL,220,110
3,DEL,221,117
3,DEL,222,116
3,DEL,223,126
3,DEL,224,121
3,DEL,225,129
3,DEL,226,114
3,DEL,227,131
3,DEL,228,126
3,DEL,229,119
3,DEL,230,137
3,DEL,231,110
3,DEL,232,138
3,DEL,233,125
3,DEL,234,153
3,DEL,235,130
3,DEL,236,146
3,DEL,237,170
3,DEL,238,145
3,DEL,239,138
3,DEL,240,127
3,DEL,241,121
3,DEL,242,133
3,DEL,243,126
3,DEL,244,130
3,DEL,245,158
3,DEL,246,135
3,DEL,247,137
3,DEL,248,119
3,DEL,249,121
3,DEL,250,128
3,DEL,251,126
3,DEL,252,80
3,DEL,253,120
3,DEL,254,120
3,DEL,255,127
3,DEL,257,200
3,DEL,259,250
3,DEL,261,183
3,DEL,263,178
3,DEL,265,184
3,DEL,267,193
3,DEL,269,173
3,DEL,271,202
3,DEL,273,182
3,DEL,275,187
3,DEL,277,165
3,DEL,279,178
3,DEL,281,184
3,DEL,283,193
3,DEL,285,183
3,DEL,287,203
3,DEL,289,237
3,DEL,291,297
3,DEL,293,291
3,DEL,295,335
3,DEL,297,403
3,DEL,299,416
3,DEL,301,491
3,DEL,303,582
3,DEL,305,678
3,DEL,307,795
3,DEL,309,968
3,DEL,311,1113
3,DEL,313,1341
3,DEL,315,1497
3,DEL,317,1691
3,DEL,319,1962
3,DEL,321,2100
3,DEL,323,2404
3,DEL,325,2649
3,DEL,327,2810
3,DEL,329,3140
3,DEL,331,3587
3,DEL,333,3701
3,DEL,335,3994
3,DEL,337,4174
3,DEL,339,4329
3,DEL,341,4516
3,DEL,343,4684
3,DEL,345,4753
3,DEL,347,4741
3,DEL,349,4588
3,DEL,351,4465
3,DEL,353,4447
3,DEL,355,4120
3,DEL,357,4013
3,DEL,359,3702
3,DEL,361,3589
3,DEL,363,3368
3,DEL,365,3062
3,DEL,367,2803
3,DEL,369,2555
3,DEL,371,2317
3,DEL,373,2171
3,DEL,375,2031
3,DEL,377,1850
3,DEL,379,1611
3,DEL,381,1547
3,DEL,383,1249
3,DEL,385,1146
3,DEL,387,1052
3,DEL,389,960
3,DEL,391,843
3,DEL,393,696
3,DEL,395,698
3,DEL,397,571
3,DEL,399,557
3,DEL,401,479
3,DEL,403,437
3,DEL,405,409
3,DEL,407,386
3,DEL,409,339
3,DEL,411,299
3,DEL,413,265
3,DEL,415,238
3,DEL,417,218
3,DEL,419,228
3,DEL,421,191
3,DEL,423,159
3,DEL,425,170
3,DEL,427,147
3,DEL,429,140
3,DEL,431,123
3,DEL,433,118
3,DEL,435,111
3,DEL,437,107
3,DEL,439,104
3,DEL,441,86
3,DEL,443,75
3,DEL,445,72
3,DEL,447,90
3,DEL,449,57
3,DEL,451,63
3,DEL,453,72
3,DEL,455,51
3,DEL,457,49
3,DEL,459,48
3,DEL,461,48
3,DEL,463,40
3,DEL,465,30
3,DEL,467,35
3,DEL,469,26
3,DEL,471,27
3,DEL,473,37
3,DEL,475,26
3,DEL,477,18
3,DEL,479,27
3,DEL,481,18
3,DEL,483,18
3,DEL,485,22
3,DEL,487,18
3,DEL,489,15
3,DEL,491,18
3,DEL,493,15
3,DEL,495,15
3,DEL,497,18
3,DEL,499,9
3,DEL,501,12
3,DEL,503,9
3,DEL,505,9
3,DEL,507,16
3,DEL,509,7
3,DEL,511,12
3,DEL,515,8
3,DEL,519,19
3,DEL,523,11
3,DEL,527,14
3,DEL,531,15
3,DEL,535,12
3,DEL,539,13
3,DEL,543,10
3,DEL,547,9
3,DEL,551,15
3,DEL,555,5
3,DEL,559,7
3,DEL,563,7
3,DEL,567,3
3,DEL,571,8
3,DEL,575,6
3,DEL,579,3
3,DEL,583,8
3,DEL,587,7
3,DEL,591,4
3,DEL,595,3
3,DEL,599,8
3,DEL,603,12
3,DEL,607,6
3,DEL,611,6
3,DEL,615,5
3,DEL,619,7
3,DEL,623,5
3,DEL,627,4
3,DEL,631,5
3,DEL,635,4
3,DEL,639,7
3,DEL,643,4
3,DEL,647,3
3,DEL,651,2
3,DEL,655,1
3,DEL,659,4
3,DEL,663,2
3,DEL,667,2
3,DEL,671,1
3,DEL,675,1
3,DEL,679,2
3,DEL,683,2
3,DEL,687,1
3,DEL,695,1
3,DEL,699,2
3,DEL,707,1
3,DEL,711,1
3,DEL,719,4
3,DEL,723,3
3,DEL,727,1
3,DEL,731,2
3,DEL,735,1
3,DEL,739,7
3,DEL,743,2
3,DEL,747,1
3,DEL,751,1
3,DEL,755,1
3,DEL,759,2
3,DEL,763,3
3,DEL,767,2
3,DEL,771,2
3,DEL,775,1
3,DEL,779,1
3,DEL,787,1
3,DEL,791,1
3,DEL,795,1
3,DEL,811,2
3,DEL,839,1
3,DEL,843,1
3,DEL,851,1
3,DEL,915,1
3,DEL,943,1
3,DEL,975,1
3,DEL,1311,1
3,DEL,1423,1
3,DEL,1455,1
3,DEL,1463,1
3,DEL,1535,1
3,DEL,1575,1
3,DEL,1607,1
3,DEL,1631,1
3,DEL,1655,1
3,DEL,1679,1
3,DEL,1687,1
3,DEL,1703,3
3,DEL,1719,1
3,DEL,1759,1
3,DEL,1799,2
3,DEL,1887,1
3,DEL,1943,1
3,DEL,1967,1
3,DEL,2039,1
3,DEL,2047,1
3,DEL,2335,2
3,GET,77,1
3,GET,79,4
3,GET,80,1
3,GET,81,4
3,GET,82,3
3,GET,83,12
3,GET,84,10
3,GET,85,8
3,GET,86,13
3,GET,87,20
3,GET,88,34
3,GET,89,40
3,GET,90,42
3,GET,91,44
3,GET,92,55
3,GET,93,52
3,GET,94,63
3,GET,95,92
3,GET,96,112
3,GET,97,102
3,GET,98,131
3,GET,99,110
3,GET,100,134
3,GET,101,150
3,GET,102,163
3,GET,103,203
3,GET,104,182
3,GET,105,209
3,GET,106,232
3,GET,107,253
3,GET,108,266
3,GET,109,281
3,GET,110,307
3,GET,111,319
3,GET,112,364
3,GET,113,372
3,GET,114,402
3,GET,115,404
3,GET,116,415
3,GET,117,459
3,GET,118,454
3,GET,119,487
3,GET,120,524
3,GET,121,538
3,GET,122,496
3,GET,123,561
3,GET,124,593
3,GET,125,607
3,GET,126,632
3,GET,127,618
3,GET,128,595
3,GET,129,591
3,GET,130,656
3,GET,131,656
3,GET,132,673
3,GET,133,684
3,GET,134,680
3,GET,135,710
3,GET,136,697
3,GET,137,675
3,GET,138,692
3,GET,139,732
3,GET,140,686
3,GET,141,669
3,GET,142,746
3,GET,143,690
3,GET,144,644
3,GET,145,676
3,GET,146,691
3,GET,147,657
3,GET,148,681
3,GET,149,623
3,GET,150,660
3,GET,151,680
3,GET,152,658
3,GET,153,583
3,GET,154,525
3,GET,155,555
3,GET,156,557
3,GET,157,569
3,GET,158,515
3,GET,159,535
3,GET,160,501
3,GET,161,468
3,GET,162,514
3,GET,163,463
3,GET,164,429
3,GET,165,443
3,GET,166,428
3,GET,167,438
3,GET,168,398
3,GET,169,382
3,GET,170,344
3,GET,171,325
3,GET,172,339
3,GET,173,297
3,GET,174,296
3,GET,175,316
3,GET,176,283
3,GET,177,293
3,GET,178,283
3,GET,179,257
3,GET,180,249
3,GET,181,233
3,GET,182,248
3,GET,183,251
3,GET,184,224
3,GET,185,212
3,GET,186,219
3,GET,187,204
3,GET,188,199
3,GET,189,179
3,GET,190,195
3,GET,191,185
3,GET,192,178
3,GET,193,179
3,GET,194,192
3,GET,195,184
3,GET,196,201
3,GET,197,199
3,GET,198,201
3,GET,199,200
3,GET,200,170
3,GET,201,187
3,GET,202,198
3,GET,203,208
3,GET,204,206
3,GET,205,216
3,GET,206,239
3,GET,207,234
3,GET,208,223
3,GET,209,220
3,GET,210,247
3,GET,211,231
3,GET,212,244
3,GET,213,238
3,GET,214,284
3,GET,215,277
3,GET,216,295
3,GET,217,294
3,GET,218,299
3,GET,219,315
3,GET,220,344
3,GET,221,337
3,GET,222,359
3,GET,223,313
3,GET,224,341
3,GET,225,345
3,GET,226,390
3,GET,227,353
3,GET,228,363
3,GET,229,382
3,GET,230,403
3,GET,231,405
3,GET,232,374
3,GET,233,406
3,GET,234,377
3,GET,235,432
3,GET,236,426
3,GET,237,387
3,GET,238,386
3,GET,239,400
3,GET,240,384
3,GET,241,398
3,GET,242,369
3,GET,243,383
3,GET,244,348
3,GET,245,355
3,GET,246,396
3,GET,247,396
3,GET,248,381
3,GET,249,395
3,GET,250,319
3,GET,251,352
3,GET,252,341
3,GET,253,319
3,GET,254,316
3,GET,255,282
3,GET,257,610
3,GET,259,594
3,GET,261,605
3,GET,263,547
3,GET,265,518
3,GET,267,513
3,GET,269,471
3,GET,271,519
3,GET,273,500
3,GET,275,475
3,GET,277,492
3,GET,279,510
3,GET,281,510
3,GET,283,507
3,GET,285,579
3,GET,287,583
3,GET,289,674
3,GET,291,742
3,GET,293,797
3,GET,295,833
3,GET,297,1007
3,GET,299,1236
3,GET,301,1341
3,GET,303,1712
3,GET,305,1902
3,GET,307,2296
3,GET,309,2682
3,GET,311,3119
3,GET,313,3642
3,GET,315,4241
3,GET,317,4733
3,GET,319,5416
3,GET,321,6070
3,GET,323,6700
3,GET,325,7547
3,GET,327,8160
3,GET,329,9195
3,GET,331,10022
3,GET,333,10565
3,GET,335,11332
3,GET,337,11778
3,GET,339,12334
3,GET,341,12760
3,GET,343,12734
3,GET,345,13030
3,GET,347,13231
3,GET,349,13254
3,GET,351,12802
3,GET,353,12123
3,GET,355,11958
3,GET,357,11240
3,GET,359,10636
3,GET,361,9901
3,GET,363,9361
3,GET,365,8683
3,GET,367,7967
3,GET,369,7037
3,GET,371,6452
3,GET,373,5980
3,GET,375,5543
3,GET,377,4954
3,GET,379,4409
3,GET,381,3934
3,GET,383,3576
3,GET,385,3331
3,GET,387,2835
3,GET,389,2543
3,GET,391,2355
3,GET,393,2088
3,GET,395,1823
3,GET,397,1653
3,GET,399,1577
3,GET,401,1352
3,GET,403,1255
3,GET,405,1079
3,GET,407,971
3,GET,409,971
3,GET,411,847
3,GET,413,761
3,GET,415,715
3,GET,417,653
3,GET,419,543
3,GET,421,527
3,GET,423,487
3,GET,425,487
3,GET,427,398
3,GET,429,382
3,GET,431,372
3,GET,433,317
3,GET,435,301
3,GET,437,273
3,GET,439,233
3,GET,441,245
3,GET,443,218
3,GET,445,216
3,GET,447,189
3,GET,449,177
3,GET,451,143
3,GET,453,152
3,GET,455,129
3,GET,457,142
3,GET,459,111
3,GET,461,129
3,GET,463,109
3,GET,465,110
3,GET,467,98
3,GET,469,88
3,GET,471,78
3,GET,473,68
3,GET,475,65
3,GET,477,66
3,GET,479,68
3,GET,481,59
3,GET,483,67
3,GET,485,43
3,GET,487,49
3,GET,489,49
3,GET,491,47
3,GET,493,41
3,GET,495,42
3,GET,497,40
3,GET,499,35
3,GET,501,36
3,GET,503,31
3,GET,505,26
3,GET,507,22
3,GET,509,20
3,GET,511,23
3,GET,515,51
3,GET,519,35
3,GET,523,44
3,GET,527,44
3,GET,531,25
3,GET,535,31
3,GET,539,25
3,GET,543,25
3,GET,547,32
3,GET,551,27
3,GET,555,30
3,GET,559,26
3,GET,563,20
3,GET,567,24
3,GET,571,21
3,GET,575,21
3,GET,579,22
3,GET,583,16
3,GET,587,22
3,GET,591,16
3,GET,595,27
3,GET,599,20
3,GET,603,13
3,GET,607,13
3,GET,611,25
3,GET,615,21
3,GET,619,11
3,GET,623,27
3,GET,627,8
3,GET,631,13
3,GET,635,10
3,GET,639,8
3,GET,643,5
3,GET,647,11
3,GET,651,12
3,GET,655,7
3,GET,659,9
3,GET,663,7
3,GET,667,8
3,GET,671,8
3,GET,675,5
3,GET,679,7
3,GET,683,4
3,GET,687,4
3,GET,691,8
3,GET,695,3
3,GET,699,6
3,GET,703,4
3,GET,707,1
3,GET,711,4
3,GET,715,2
3,GET,719,1
3,GET,723,5
3,GET,727,6
3,GET,731,6
3,GET,735,3
3,GET,739,6
3,GET,743,5
3,GET,747,10
3,GET,751,1
3,GET,755,3
3,GET,759,2
3,GET,763,3
3,GET,767,5
3,GET,771,2
3,GET,775,3
3,GET,779,3
3,GET,783,6
3,GET,787,4
3,GET,791,1
3,GET,795,1
3,GET,799,2
3,GET,803,2
3,GET,807,2
3,GET,811,4
3,GET,815,2
3,GET,819,2
3,GET,823,2
3,GET,831,3
3,GET,843,2
3,GET,847,1
3,GET,855,1
3,GET,867,1
3,GET,887,1
3,GET,891,2
3,GET,915,2
3,GET,931,1
3,GET,1031,1
3,GET,1055,1
3,GET,1359,1
3,GET,1463,1
3,GET,1487,1
3,GET,1503,2
3,GET,1527,1
3,GET,1535,1
3,GET,1575,1
3,GET,1583,1
3,GET,1591,1
3,GET,1599,1
3,GET,1607,1
3,GET,1615,1
3,GET,1623,2
3,GET,1647,2
3,GET,1655,1
3,GET,1663,3
3,GET,1671,2
3,GET,1687,2
3,GET,1703,1
3,GET,1711,1
3,GET,1743,1
3,GET,1759,2
3,GET,1783,1
3,GET,1839,1
3,GET,1855,1
3,GET,1887,1
3,GET,1895,1
3,GET,1911,1
3,GET,1919,1
3,GET,1935,1
3,GET,1975,1
3,GET,1999,1
3,GET,2095,2
3,GET,2111,1
3,GET,2143,1
3,GET,2159,1
3,GET,2191,1
3,GET,2223,1
3,GET,2271,1
3,GET,2303,1
3,GET,2351,1
3,GET,2415,1
3,GET,2479,1
3,GET,2511,2
3,GET,2527,1
3,GET,2751,1
3,GET,3295,1
3,GET,3455,1
3,GET,5279,1
4,DEL,80,3
4,DEL,81,24
4,DEL,82,68
4,DEL,83,50
4,DEL,84,43
4,DEL,85,67
4,DEL,86,121
4,DEL,87,163
4,DEL,88,158
4,DEL,89,124
4,DEL,90,97
4,DEL,91,60
4,DEL,92,47
4,DEL,93,39
4,DEL,94,32
4,DEL,95,47
4,DEL,96,34
4,DEL,97,30
4,DEL,98,32
4,DEL,99,41
4,DEL,100,29
4,DEL,101,53
4,DEL,102,34
4,DEL,103,54
4,DEL,104,41
4,DEL,105,48
4,DEL,106,53
4,DEL,107,63
4,DEL,108,66
4,DEL,109,56
4,DEL,110,63
4,DEL,111,59
4,DEL,112,84
4,DEL,113,79
4,DEL,114,85
4,DEL,115,82
4,DEL,116,99
4,DEL,117,117
4,DEL,118,111
4,DEL,119,103
4,DEL,120,101
4,DEL,121,107
4,DEL,122,127
4,DEL,123,131
4,DEL,124,133
4,DEL,125,119
4,DEL,126,133
4,DEL,127,149
4,DEL,128,146
4,DEL,129,159
4,DEL,130,186
4,DEL,131,147
4,DEL,132,179
4,DEL,133,192
4,DEL,134,194
4,DEL,135,168
4,DEL,136,211
4,DEL,137,189
4,DEL,138,203
4,DEL,139,207
4,DEL,140,208
4,DEL,141,204
4,DEL,142,205
4,DEL,143,228
4,DEL,144,216
4,DEL,145,229
4,DEL,146,224
4,DEL,147,234
4,DEL,148,252
4,DEL,149,221
4,DEL,150,236
4,DEL,151,219
4,DEL,152,232
4,DEL,153,223
4,DEL,154,217
4,DEL,155,228
4,DEL,156,209
4,DEL,157,199
4,DEL,158,221
4,DEL,159,217
4,DEL,160,209
4,DEL,161,208
4,DEL,162,176
4,DEL,163,214
4,DEL,164,190
4,DEL,165,208
4,DEL,166,163
4,DEL,167,181
4,DEL,168,174
4,DEL,169,154
4,DEL,170,160
4,DEL,171,171
4,DEL,172,158
4,DEL,173,153
4,DEL,174,135
4,DEL,175,146
4,DEL,176,164
4,DEL,177,134
4,DEL,178,148
4,DEL,179,125
4,DEL,180,134
4,DEL,181,116
4,DEL,182,118
4,DEL,183,125
4,DEL,184,130
4,DEL,185,112
4,DEL,186,92
4,DEL,187,113
4,DEL,188,96
4,DEL,189,96
4,DEL,190,78
4,DEL,191,100
4,DEL,192,94
4,DEL,193,74
4,DEL,194,97
4,DEL,195,86
4,DEL,196,76
4,DEL,197,90
4,DEL,198,61
4,DEL,199,79
4,DEL,200,79
4,DEL,201,73
4,DEL,202,68
4,DEL,203,83
4,DEL,204,83
4,DEL,205,83
4,DEL,206,69
4,DEL,207,69
4,DEL,208,84
4,DEL,209,73
4,DEL,210,58
4,DEL,211,66
4,DEL,212,66
4,DEL,213,89
4,DEL,214,92
4,DEL,215,66
4,DEL,216,106
4,DEL,217,91
4,DEL,218,69
4,DEL,219,80
4,DEL,220,106
4,DEL,221,102
4,DEL,222,82
4,DEL,223,109
4,DEL,224,93
4,DEL,225,126
4,DEL,226,116
4,DEL,227,117
4,DEL,228,99
4,DEL,229,114
4,DEL,230,110
4,DEL,231,94
4,DEL,232,125
4,DEL,233,151
4,DEL,234,108
4,DEL,235,115
4,DEL,236,149
4,DEL,237,112
4,DEL,238,130
4,DEL,239,131
4,DEL,240,135
4,DEL,241,135
4,DEL,242,121
4,DEL,243,125
4,DEL,244,123
4,DEL,245,138
4,DEL,246,148
4,DEL,247,117
4,DEL,248,112
4,DEL,249,140
4,DEL,250,146
4,DEL,251,116
4,DEL,252,126
4,DEL,253,118
4,DEL,254,106
4,DEL,255,116
4,DEL,257,251
4,DEL,259,209
4,DEL,261,234
4,DEL,263,200
4,DEL,265,209
4,DEL,267,217
4,DEL,269,198
4,DEL,271,174
4,DEL,273,149
4,DEL,275,175
4,DEL,277,177
4,DEL,279,164
4,DEL,281,192
4,DEL,283,196
4,DEL,285,197
4,DEL,287,186
4,DEL,289,232
4,DEL,291,226
4,DEL,293,243
4,DEL,295,272
4,DEL,297,311
4,DEL,299,368
4,DEL,301,416
4,DEL,303,468
4,DEL,305,588
4,DEL,307,691
4,DEL,309,801
4,DEL,311,960
4,DEL,313,1162
4,DEL,315,1336
4,DEL,317,1504
4,DEL,319,1718
4,DEL,321,2071
4,DEL,323,2342
4,DEL,325,2669
4,DEL,327,2825
4,DEL,329,3208
4,DEL,331,3596
4,DEL,333,3746
4,DEL,335,3888
4,DEL,337,4206
4,DEL,339,4392
4,DEL,341,4553
4,DEL,343,4620
4,DEL,345,4678
4,DEL,347,4839
4,DEL,349,4659
4,DEL,351,4592
4,DEL,353,4484
4,DEL,355,4331
4,DEL,357,4106
4,DEL,359,3937
4,DEL,361,3630
4,DEL,363,3381
4,DEL,365,3198
4,DEL,367,2854
4,DEL,369,2721
4,DEL,371,2524
4,DEL,373,2218
4,DEL,375,2016
4,DEL,377,1829
4,DEL,379,1692
4,DEL,381,1581
4,DEL,383,1289
4,DEL,385,1197
4,DEL,387,1089
4,DEL,389,924
4,DEL,391,875
4,DEL,393,732
4,DEL,395,679
4,DEL,397,620
4,DEL,399,516
4,DEL,401,506
4,DEL,403,455
4,DEL,405,414
4,DEL,407,377
4,DEL,409,320
4,DEL,411,341
4,DEL,413,269
4,DEL,415,239
4,DEL,417,241
4,DEL,419,201
4,DEL,421,180
4,DEL,423,186
4,DEL,425,157
4,DEL,427,171
4,DEL,429,145
4,DEL,431,135
4,DEL,433,127
4,DEL,435,112
4,DEL,437,105
4,DEL,439,105
4,DEL,441,106
4,DEL,443,65
4,DEL,445,99
4,DEL,447,79
4,DEL,449,98
4,DEL,451,64
4,DEL,453,53
4,DEL,455,62
4,DEL,457,53
4,DEL,459,44
4,DEL,461,54
4,DEL,463,45
4,DEL,465,38
4,DEL,467,32
4,DEL,469,35
4,DEL,471,42
4,DEL,473,39
4,DEL,475,30
4,DEL,477,29
4,DEL,479,26
4,DEL,481,30
4,DEL,483,25
4,DEL,485,25
4,DEL,487,25
4,DEL,489,23
4,DEL,491,19
4,DEL,493,20
4,DEL,495,25
4,DEL,497,17
4,DEL,499,22
4,DEL,501,15
4,DEL,503,17
4,DEL,505,24
4,DEL,507,18
4,DEL,509,19
4,DEL,511,16
4,DEL,515,22
4,DEL,519,27
4,DEL,523,24
4,DEL,527,17
4,DEL,531,24
4,DEL,535,15
4,DEL,539,16
4,DEL,543,23
4,DEL,547,18
4,DEL,551,17
4,DEL,555,9
4,DEL,559,14
4,DEL,563,9
4,DEL,567,10
4,DEL,571,12
4,DEL,575,9
4,DEL,579,16
4,DEL,583,7
4,DEL,587,11
4,DEL,591,6
4,DEL,595,6
4,DEL,599,6
4,DEL,603,8
4,DEL,607,9
4,DEL,611,7
4,DEL,615,9
4,DEL,619,6
4,DEL,623,11
4,DEL,627,9
4,DEL,631,7
4,DEL,635,10
4,DEL,639,9
4,DEL,643,7
4,DEL,647,6
4,DEL,651,5
4,DEL,655,6
4,DEL,659,6
4,DEL,663,9
4,DEL,667,4
4,DEL,671,10
4,DEL,675,5
4,DEL,679,6
4,DEL,683,6
4,DEL,687,10
4,DEL,691,7
4,DEL,695,3
4,DEL,699,4
4,DEL,703,1
4,DEL,707,3
4,DEL,711,5
4,DEL,715,3
4,DEL,719,4
4,DEL,723,5
4,DEL,727,5
4,DEL,731,2
4,DEL,735,4
4,DEL,739,2
4,DEL,743,3
4,DEL,747,1
4,DEL,751,2
4,DEL,755,3
4,DEL,759,3
4,DEL,767,1
4,DEL,775,1
4,DEL,779,2
4,DEL,783,1
4,DEL,787,2
4,DEL,795,2
4,DEL,803,1
4,DEL,811,2
4,DEL,815,2
4,DEL,823,1
4,DEL,835,1
4,DEL,843,2
4,DEL,851,2
4,DEL,855,2
4,DEL,859,1
4,DEL,863,1
4,DEL,867,2
4,DEL,875,2
4,DEL,887,1
4,DEL,895,1
4,DEL,927,1
4,DEL,959,1
4,DEL,1031,1
4,DEL,1055,1
4,DEL,1071,1
4,DEL,1231,1
4,DEL,1551,1
4,DEL,1623,2
4,DEL,1631,1
4,DEL,1639,1
4,DEL,1663,1
4,DEL,1671,2
4,DEL,1679,1
4,DEL,1687,1
4,DEL,1695,2
4,DEL,1727,1
4,DEL,1743,1
4,DEL,1815,1
4,DEL,1823,1
4,DEL,1855,1
4,DEL,1903,1
4,DEL,2111,1
4,DEL,2175,1
4,DEL,2191,1
4,DEL,2207,1
4,DEL,2271,1
4,DEL,2383,1
4,DEL,5343,1
4,GET,79,1
4,GET,80,12
4,GET,81,68
4,GET,82,164
4,GET,83,196
4,GET,84,169
4,GET,85,212
4,GET,86,366
4,GET,87,470
4,GET,88,464
4,GET,89,356
4,GET,90,233
4,GET,91,154
4,GET,92,121
4,GET,93,105
4,GET,94,94
4,GET,95,95
4,GET,96,90
4,GET,97,88
4,GET,98,98
4,GET,99,123
4,GET,100,112
4,GET,101,109
4,GET,102,92
4,GET,103,123
4,GET,104,128
4,GET,105,139
4,GET,106,155
4,GET,107,167
4,GET,108,186
4,GET,109,176
4,GET,110,176
4,GET,111,204
4,GET,112,253
4,GET,113,248
4,GET,114,242
4,GET,115,253
4,GET,116,267
4,GET,117,258
4,GET,118,284
4,GET,119,295
4,GET,120,313
4,GET,121,328
4,GET,122,321
4,GET,123,357
4,GET,124,357
4,GET,125,360
4,GET,126,397
4,GET,127,426
4,GET,128,470
4,GET,129,437
4,GET,130,472
4,GET,131,464
4,GET,132,480
4,GET,133,534
4,GET,134,544
4,GET,135,584
4,GET,136,625
4,GET,137,566
4,GET,138,553
4,GET,139,591
4,GET,140,635
4,GET,141,662
4,GET,142,632
4,GET,143,538
4,GET,144,584
4,GET,145,612
4,GET,146,644
4,GET,147,624
4,GET,148,594
4,GET,149,670
4,GET,150,618
4,GET,151,627
4,GET,152,597
4,GET,153,603
4,GET,154,581
4,GET,155,660
4,GET,156,627
4,GET,157,611
4,GET,158,636
4,GET,159,603
4,GET,160,609
4,GET,161,572
4,GET,162,580
4,GET,163,533
4,GET,164,587
4,GET,165,559
4,GET,166,513
4,GET,167,494
4,GET,168,506
4,GET,169,496
4,GET,170,450
4,GET,171,455
4,GET,172,441
4,GET,173,435
4,GET,174,435
4,GET,175,403
4,GET,176,353
4,GET,177,394
4,GET,178,334
4,GET,179,378
4,GET,180,378
4,GET,181,294
4,GET,182,348
4,GET,183,333
4,GET,184,315
4,GET,185,308
4,GET,186,287
4,GET,187,282
4,GET,188,277
4,GET,189,279
4,GET,190,250
4,GET,191,281
4,GET,192,241
4,GET,193,240
4,GET,194,239
4,GET,195,239
4,GET,196,218
4,GET,197,223
4,GET,198,236
4,GET,199,209
4,GET,200,216
4,GET,201,235
4,GET,202,211
4,GET,203,241
4,GET,204,191
4,GET,205,225
4,GET,206,226
4,GET,207,224
4,GET,208,203
4,GET,209,224
4,GET,210,249
4,GET,211,209
4,GET,212,236
4,GET,213,228
4,GET,214,228
4,GET,215,204
4,GET,216,233
4,GET,217,237
4,GET,218,243
4,GET,219,262
4,GET,220,276
4,GET,221,294
4,GET,222,257
4,GET,223,310
4,GET,224,260
4,GET,225,295
4,GET,226,303
4,GET,227,277
4,GET,228,294
4,GET,229,301
4,GET,230,332
4,GET,231,318
4,GET,232,357
4,GET,233,337
4,GET,234,318
4,GET,235,345
4,GET,236,360
4,GET,237,381
4,GET,238,342
4,GET,239,339
4,GET,240,388
4,GET,241,396
4,GET,242,366
4,GET,243,358
4,GET,244,353
4,GET,245,376
4,GET,246,354
4,GET,247,360
4,GET,248,341
4,GET,249,362
4,GET,250,375
4,GET,251,354
4,GET,252,336
4,GET,253,326
4,GET,254,350
4,GET,255,292
4,GET,257,638
4,GET,259,588
4,GET,261,600
4,GET,263,542
4,GET,265,563
4,GET,267,529
4,GET,269,509
4,GET,271,526
4,GET,273,472
4,GET,275,516
4,GET,277,491
4,GET,279,482
4,GET,281,523
4,GET,283,521
4,GET,285,489
4,GET,287,541
4,GET,289,644
4,GET,291,661
4,GET,293,677
4,GET,295,733
4,GET,297,890
4,GET,299,1053
4,GET,301,1191
4,GET,303,1421
4,GET,305,1658
4,GET,307,2054
4,GET,309,2303
4,GET,311,2717
4,GET,313,3256
4,GET,315,3785
4,GET,317,4381
4,GET,319,4849
4,GET,321,5779
4,GET,323,6432
4,GET,325,7325
4,GET,327,8260
4,GET,329,8857
4,GET,331,9728
4,GET,333,10513
4,GET,335,11226
4,GET,337,11842
4,GET,339,12336
4,GET,341,12946
4,GET,343,13113
4,GET,345,13282
4,GET,347,13286
4,GET,349,13025
4,GET,351,12856
4,GET,353,12419
4,GET,355,12081
4,GET,357,11577
4,GET,359,10907
4,GET,361,10311
4,GET,363,9804
4,GET,365,8929
4,GET,367,8092
4,GET,369,7636
4,GET,371,6813
4,GET,373,6242
4,GET,375,5608
4,GET,377,5074
4,GET,379,4728
4,GET,381,4049
4,GET,383,3644
4,GET,385,3355
4,GET,387,2856
4,GET,389,2591
4,GET,391,2365
4,GET,393,2077
4,GET,395,1933
4,GET,397,1706
4,GET,399,1550
4,GET,401,1344
4,GET,403,1282
4,GET,405,1118
4,GET,407,967
4,GET,409,931
4,GET,411,834
4,GET,413,817
4,GET,415,687
4,GET,417,679
4,GET,419,623
4,GET,421,539
4,GET,423,509
4,GET,425,470
4,GET,427,413
4,GET,429,411
4,GET,431,379
4,GET,433,328
4,GET,435,341
4,GET,437,299
4,GET,439,327
4,GET,441,276
4,GET,443,266
4,GET,445,254
4,GET,447,184
4,GET,449,205
4,GET,451,171
4,GET,453,175
4,GET,455,182
4,GET,457,137
4,GET,459,147
4,GET,461,137
4,GET,463,111
4,GET,465,132
4,GET,467,93
4,GET,469,124
4,GET,471,117
4,GET,473,102
4,GET,475,94
4,GET,477,91
4,GET,479,90
4,GET,481,88
4,GET,483,80
4,GET,485,74
4,GET,487,77
4,GET,489,83
4,GET,491,70
4,GET,493,66
4,GET,495,64
4,GET,497,53
4,GET,499,61
4,GET,501,51
4,GET,503,47
4,GET,505,50
4,GET,507,45
4,GET,509,35
4,GET,511,30
4,GET,515,70
4,GET,519,90
4,GET,523,81
4,GET,527,80
4,GET,531,68
4,GET,535,43
4,GET,539,46
4,GET,543,55
4,GET,547,54
4,GET,551,41
4,GET,555,34
4,GET,559,27
4,GET,563,27
4,GET,567,36
4,GET,571,33
4,GET,575,26
4,GET,579,27
4,GET,583,28
4,GET,587,23
4,GET,591,26
4,GET,595,18
4,GET,599,22
4,GET,603,24
4,GET,607,30
4,GET,611,22
4,GET,615,24
4,GET,619,26
4,GET,623,20
4,GET,627,17
4,GET,631,20
4,GET,635,14
4,GET,639,23
4,GET,643,13
4,GET,647,27
4,GET,651,26
4,GET,655,16
4,GET,659,17
4,GET,663,16
4,GET,667,15
4,GET,671,15
4,GET,675,15
4,GET,679,13
4,GET,683,16
4,GET,687,18
4,GET,691,7
4,GET,695,9
4,GET,699,11
4,GET,703,16
4,GET,707,10
4,GET,711,9
4,GET,715,9
4,GET,719,8
4,GET,723,13
4,GET,727,11
4,GET,731,13
4,GET,735,6
4,GET,739,6
4,GET,743,11
4,GET,747,5
4,GET,751,5
4,GET,755,6
4,GET,759,10
4,GET,763,8
4,GET,767,6
4,GET,771,5
4,GET,775,4
4,GET,779,3
4,GET,783,2
4,GET,787,5
4,GET,791,4
4,GET,795,3
4,GET,799,3
4,GET,803,4
4,GET,807,3
4,GET,811,3
4,GET,815,3
4,GET,819,1
4,GET,823,2
4,GET,827,1
4,GET,831,4
4,GET,835,3
4,GET,839,5
4,GET,847,2
4,GET,851,3
4,GET,855,2
4,GET,859,1
4,GET,863,2
4,GET,871,2
4,GET,875,2
4,GET,883,1
4,GET,887,1
4,GET,891,2
4,GET,899,1
4,GET,919,3
4,GET,935,1
4,GET,939,1
4,GET,943,1
4,GET,979,1
4,GET,983,1
4,GET,1003,1
4,GET,1007,1
4,GET,1039,1
4,GET,1111,1
4,GET,1127,1
4,GET,1215,1
4,GET,1295,1
4,GET,1399,1
4,GET,1431,1
4,GET,1439,1
4,GET,1463,1
4,GET,1471,1
4,GET,1503,2
4,GET,1527,1
4,GET,1551,2
4,GET,1559,1
4,GET,1567,1
4,GET,1591,1
4,GET,1599,1
4,GET,1615,1
4,GET,1631,2
4,GET,1647,2
4,GET,1663,2
4,GET,1671,3
4,GET,1679,1
4,GET,1687,2
4,GET,1695,2
4,GET,1703,1
4,GET,1711,1
4,GET,1719,1
4,GET,1727,3
4,GET,1735,1
4,GET,1759,1
4,GET,1767,1
4,GET,1775,1
4,GET,1791,1
4,GET,1799,1
4,GET,1815,1
4,GET,1863,2
4,GET,1887,2
4,GET,1919,1
4,GET,1935,1
4,GET,1951,1
4,GET,1959,1
4,GET,1999,1
4,GET,2007,1
4,GET,2023,2
4,GET,2031,1
4,GET,2079,1
4,GET,2127,2
4,GET,2191,2
4,GET,2223,1
4,GET,2255,2
4,GET,2383,1
4,GET,2399,2
4,GET,2415,1
4,GET,2511,1
4,GET,2543,1
4,GET,2623,1
4,GET,2687,1
4,GET,3183,1
4,GET,3391,1
4,GET,3423,1
4,SET,81,1
4,SET,82,5
4,SET,83,12
4,SET,84,9
4,SET,85,6
4,SET,86,12
4,SET,87,23
4,SET,88,26
4,SET,89,20
4,SET,90,21
4,SET,91,17
4,SET,92,11
4,SET,93,8
4,SET,94,13
4,SET,95,5
4,SET,96,12
4,SET,97,4
4,SET,98,6
4,SET,99,8
4,SET,100,6
4,SET,101,5
4,SET,102,8
4,SET,103,5
4,SET,104,7
4,SET,105,8
4,SET,106,12
4,SET,107,13
4,SET,108,13
4,SET,109,21
4,SET,110,11
4,SET,111,16
4,SET,112,16
4,SET,113,16
4,SET,114,16
4,SET,115,12
4,SET,116,17
4,SET,117,14
4,SET,118,19
4,SET,119,21
4,SET,120,23
4,SET,121,17
4,SET,122,21
4,SET,123,26
4,SET,124,21
4,SET,125,19
4,SET,126,33
4,SET,127,24
4,SET,128,29
4,SET,129,36
4,SET,130,36
4,SET,131,30
4,SET,132,45
4,SET,133,40
4,SET,134,30
4,SET,135,41
4,SET,136,40
4,SET,137,40
4,SET,138,40
4,SET,139,27
4,SET,140,38
4,SET,141,42
4,SET,142,50
4,SET,143,50
4,SET,144,36
4,SET,145,48
4,SET,146,37
4,SET,147,59
4,SET,148,34
4,SET,149,39
4,SET,150,48
4,SET,151,46
4,SET,152,48
4,SET,153,40
4,SET,154,38
4,SET,155,52
4,SET,156,43
4,SET,157,42
4,SET,158,48
4,SET,159,41
4,SET,160,56
4,SET,161,36
4,SET,162,43
4,SET,163,36
4,SET,164,42
4,SET,165,28
4,SET,166,33
4,SET,167,41
4,SET,168,23
4,SET,169,32
4,SET,170,27
4,SET,171,42
4,SET,172,33
4,SET,173,29
4,SET,174,30
4,SET,175,27
4,SET,176,23
4,SET,177,32
4,SET,178,30
4,SET,179,34
4,SET,180,26
4,SET,181,25
4,SET,182,22
4,SET,183,34
4,SET,184,24
4,SET,185,29
4,SET,186,20
4,SET,187,18
4,SET,188,20
4,SET,189,20
4,SET,190,19
4,SET,191,21
4,SET,192,25
4,SET,193,18
4,SET,194,19
4,SET,195,22
4,SET,196,14
4,SET,197,18
4,SET,198,17
4,SET,199,19
4,SET,200,19
4,SET,201,14
4,SET,202,9
4,SET,203,11
4,SET,204,11
4,SET,205,12
4,SET,206,17
4,SET,207,16
4,SET,208,26
4,SET,209,18
4,SET,210,16
4,SET,211,13
4,SET,212,13
4,SET,213,11
4,SET,214,4
4,SET,215,17
4,SET,216,13
4,SET,217,22
4,SET,218,26
4,SET,219,28
4,SET,220,19
4,SET,221,19
4,SET,222,23
4,SET,223,16
4,SET,224,20
4,SET,225,23
4,SET,226,25
4,SET,227,23
4,SET,228,28
4,SET,229,21
4,SET,230,16
4,SET,231,17
4,SET,232,26
4,SET,233,26
4,SET,234,23
4,SET,235,27
4,SET,236,18
4,SET,237,23
4,SET,238,28
4,SET,239,30
4,SET,240,20
4,SET,241,37
4,SET,242,29
4,SET,243,30
4,SET,244,26
4,SET,245,27
4,SET,246,26
4,SET,247,28
4,SET,248,25
4,SET,249,26
4,SET,250,38
4,SET,251,22
4,SET,252,31
4,SET,253,28
4,SET,254,20
4,SET,255,19
4,SET,257,42
4,SET,259,51
4,SET,261,45
4,SET,263,48
4,SET,265,24
4,SET,267,40
4,SET,269,40
4,SET,271,44
4,SET,273,27
4,SET,275,31
4,SET,277,40
4,SET,279,31
4,SET,281,38
4,SET,283,39
4,SET,285,37
4,SET,287,32
4,SET,289,42
4,SET,291,39
4,SET,293,42
4,SET,295,52
4,SET,297,53
4,SET,299,66
4,SET,301,87
4,SET,303,87
4,SET,305,111
4,SET,307,118
4,SET,309,152
4,SET,311,173
4,SET,313,214
4,SET,315,256
4,SET,317,275
4,SET,319,323
4,SET,321,385
4,SET,323,435
4,SET,325,505
4,SET,327,547
4,SET,329,653
4,SET,331,664
4,SET,333,725
4,SET,335,769
4,SET,337,826
4,SET,339,896
4,SET,341,933
4,SET,343,995
4,SET,345,967
4,SET,347,913
4,SET,349,977
4,SET,351,922
4,SET,353,881
4,SET,355,853
4,SET,357,836
4,SET,359,829
4,SET,361,753
4,SET,363,751
4,SET,365,653
4,SET,367,604
4,SET,369,578
4,SET,371,528
4,SET,373,440
4,SET,375,460
4,SET,377,405
4,SET,379,346
4,SET,381,302
4,SET,383,259
4,SET,385,270
4,SET,387,192
4,SET,389,201
4,SET,391,160
4,SET,393,148
4,SET,395,143
4,SET,397,122
4,SET,399,122
4,SET,401,110
4,SET,403,89
4,SET,405,79
4,SET,407,100
4,SET,409,73
4,SET,411,46
4,SET,413,59
4,SET,415,53
4,SET,417,58
4,SET,419,51
4,SET,421,34
4,SET,423,43
4,SET,425,39
4,SET,427,32
4,SET,429,33
4,SET,431,30
4,SET,433,21
4,SET,435,23
4,SET,437,14
4,SET,439,11
4,SET,441,20
4,SET,443,20
4,SET,445,10
4,SET,447,8
4,SET,449,15
4,SET,451,10
4,SET,453,19
4,SET,455,12
4,SET,457,14
4,SET,459,3
4,SET,461,10
4,SET,463,15
4,SET,465,13
4,SET,467,6
4,SET,469,7
4,SET,471,12
4,SET,473,8
4,SET,475,11
4,SET,477,6
4,SET,479,10
4,SET,481,7
4,SET,483,3
4,SET,485,5
4,SET,487,6
4,SET,489,2
4,SET,491,4
4,SET,493,4
4,SET,495,4
4,SET,497,1
4,SET,499,6
4,SET,501,3
4,SET,503,2
4,SET,505,5
4,SET,507,4
4,SET,509,2
4,SET,511,7
4,SET,515,5
4,SET,519,4
4,SET,523,7
4,SET,527,3
4,SET,531,6
4,SET,535,5
4,SET,539,2
4,SET,543,4
4,SET,547,4
4,SET,551,5
4,SET,555,2
4,SET,559,1
4,SET,563,5
4,SET,567,5
4,SET,571,3
4,SET,575,2
4,SET,579,4
4,SET,583,2
4,SET,587,2
4,SET,591,2
4,SET,595,2
4,SET,599,2
4,SET,607,2
4,SET,615,3
4,SET,619,1
4,SET,623,4
4,SET,627,1
4,SET,631,1
4,SET,635,1
4,SET,639,2
4,SET,647,1
4,SET,651,1
4,SET,655,3
4,SET,659,2
4,SET,663,3
4,SET,667,1
4,SET,671,2
4,SET,675,1
4,SET,687,1
4,SET,691,1
4,SET,695,2
4,SET,699,2
4,SET,703,2
4,SET,707,1
4,SET,719,1
4,SET,723,1
4,SET,727,1
4,SET,731,2
4,SET,735,1
4,SET,743,1
4,SET,751,1
4,SET,767,1
4,SET,779,1
4,SET,827,1
4,SET,835,1
4,SET,863,2
4,SET,1647,1
4,SET,1711,1
4,SET,1727,1
4,SET,2511,1
5,SET,85,2
5,SET,87,1
5,SET,89,1
5,SET,90,2
5,SET,91,2
5,SET,92,2
5,SET,93,4
5,SET,94,3
5,SET,95,5
5,SET,96,4
5,SET,97,6
5,SET,98,6
5,SET,99,6
5,SET,100,7
5,SET,101,10
5,SET,102,13
5,SET,103,14
5,SET,104,10
5,SET,105,17
5,SET,106,12
5,SET,107,15
5,SET,108,18
5,SET,109,15
5,SET,110,26
5,SET,111,19
5,SET,112,22
5,SET,113,21
5,SET,114,25
5,SET,115,20
5,SET,116,33
5,SET,117,39
5,SET,118,20
5,SET,119,28
5,SET,120,40
5,SET,121,27
5,SET,122,33
5,SET,123,38
5,SET,124,48
5,SET,125,43
5,SET,126,44
5,SET,127,41
5,SET,128,51
5,SET,129,59
5,SET,130,44
5,SET,131,49
5,SET,132,43
5,SET,133,48
5,SET,134,41
5,SET,135,57
5,SET,136,51
5,SET,137,35
5,SET,138,55
5,SET,139,74
5,SET,140,45
5,SET,141,37
5,SET,142,48
5,SET,143,43
5,SET,144,60
5,SET,145,51
5,SET,146,51
5,SET,147,49
5,SET,148,32
5,SET,149,56
5,SET,150,38
5,SET,151,57
5,SET,152,45
5,SET,153,52
5,SET,154,33
5,SET,155,41
5,SET,156,34
5,SET,157,41
5,SET,158,35
5,SET,159,38
5,SET,160,38
5,SET,161,23
5,SET,162,35
5,SET,163,41
5,SET,164,40
5,SET,165,35
5,SET,166,26
5,SET,167,34
5,SET,168,33
5,SET,169,22
5,SET,170,27
5,SET,171,28
5,SET,172,22
5,SET,173,16
5,SET,174,26
5,SET,175,25
5,SET,176,25
5,SET,177,24
5,SET,178,18
5,SET,179,28
5,SET,180,14
5,SET,181,18
5,SET,182,21
5,SET,183,17
5,SET,184,21
5,SET,185,19
5,SET,186,13
5,SET,187,14
5,SET,188,13
5,SET,189,15
5,SET,190,6
5,SET,191,11
5,SET,192,15
5,SET,193,16
5,SET,194,12
5,SET,195,14
5,SET,196,12
5,SET,197,13
5,SET,198,15
5,SET,199,12
5,SET,200,14
5,SET,201,18
5,SET,202,14
5,SET,203,19
5,SET,204,16
5,SET,205,19
5,SET,206,23
5,SET,207,18
5,SET,208,16
5,SET,209,20
5,SET,210,19
5,SET,211,23
5,SET,212,12
5,SET,213,18
5,SET,214,17
5,SET,215,20
5,SET,216,15
5,SET,217,23
5,SET,218,15
5,SET,219,23
5,SET,220,25
5,SET,221,20
5,SET,222,28
5,SET,223,28
5,SET,224,23
5,SET,225,27
5,SET,226,26
5,SET,227,21
5,SET,228,23
5,SET,229,26
5,SET,230,27
5,SET,231,31
5,SET,232,18
5,SET,233,21
5,SET,234,21
5,SET,235,25
5,SET,236,29
5,SET,237,33
5,SET,238,28
5,SET,239,30
5,SET,240,24
5,SET,241,20
5,SET,242,20
5,SET,243,22
5,SET,244,19
5,SET,245,31
5,SET,246,21
5,SET,247,36
5,SET,248,28
5,SET,249,27
5,SET,250,26
5,SET,251,24
5,SET,252,28
5,SET,253,23
5,SET,254,29
5,SET,255,23
5,SET,257,34
5,SET,259,54
5,SET,261,50
5,SET,263,37
5,SET,265,39
5,SET,267,37
5,SET,269,43
5,SET,271,39
5,SET,273,40
5,SET,275,33
5,SET,277,32
5,SET,279,35
5,SET,281,43
5,SET,283,28
5,SET,285,46
5,SET,287,36
5,SET,289,48
5,SET,291,56
5,SET,293,68
5,SET,295,73
5,SET,297,77
5,SET,299,76
5,SET,301,97
5,SET,303,107
5,SET,305,119
5,SET,307,150
5,SET,309,178
5,SET,311,196
5,SET,313,215
5,SET,315,270
5,SET,317,327
5,SET,319,350
5,SET,321,421
5,SET,323,460
5,SET,325,529
5,SET,327,543
5,SET,329,563
5,SET,331,688
5,SET,333,697
5,SET,335,790
5,SET,337,790
5,SET,339,833
5,SET,341,948
5,SET,343,891
5,SET,345,915
5,SET,347,910
5,SET,349,951
5,SET,351,887
5,SET,353,903
5,SET,355,838
5,SET,357,805
5,SET,359,777
5,SET,361,726
5,SET,363,690
5,SET,365,635
5,SET,367,606
5,SET,369,565
5,SET,371,502
5,SET,373,458
5,SET,375,428
5,SET,377,384
5,SET,379,326
5,SET,381,302
5,SET,383,274
5,SET,385,247
5,SET,387,227
5,SET,389,198
5,SET,391,180
5,SET,393,157
5,SET,395,148
5,SET,397,127
5,SET,399,104
5,SET,401,97
5,SET,403,104
5,SET,405,77
5,SET,407,72
5,SET,409,70
5,SET,411,71
5,SET,413,55
5,SET,415,44
5,SET,417,50
5,SET,419,45
5,SET,421,48
5,SET,423,36
5,SET,425,29
5,SET,427,30
5,SET,429,28
5,SET,431,27
5,SET,433,23
5,SET,435,22
5,SET,437,25
5,SET,439,23
5,SET,441,23
5,SET,443,9
5,SET,445,14
5,SET,447,16
5,SET,449,14
5,SET,451,5
5,SET,453,10
5,SET,455,5
5,SET,457,7
5,SET,459,11
5,SET,461,3
5,SET,463,12
5,SET,465,5
5,SET,467,6
5,SET,469,6
5,SET,471,12
5,SET,473,4
5,SET,475,3
5,SET,477,9
5,SET,479,2
5,SET,483,8
5,SET,485,2
5,SET,487,2
5,SET,489,3
5,SET,491,1
5,SET,493,6
5,SET,495,1
5,SET,497,4
5,SET,499,1
5,SET,501,1
5,SET,503,1
5,SET,505,1
5,SET,511,3
5,SET,515,4
5,SET,519,3
5,SET,523,1
5,SET,527,6
5,SET,531,5
5,SET,539,2
5,SET,543,2
5,SET,547,3
5,SET,551,2
5,SET,555,1
5,SET,559,2
5,SET,563,1
5,SET,567,1
5,SET,575,1
5,SET,587,3
5,SET,591,1
5,SET,599,2
5,SET,603,4
5,SET,607,3
5,SET,611,2
5,SET,615,1
5,SET,619,2
5,SET,623,3
5,SET,627,2
5,SET,631,1
5,SET,635,1
5,SET,639,2
5,SET,643,1
5,SET,647,1
5,SET,659,1
5,SET,663,2
5,SET,671,1
5,SET,675,1
5,SET,679,2
5,SET,683,1
5,SET,691,1
5,SET,695,1
5,SET,711,1
5,SET,719,1
5,SET,743,1
5,SET,751,1
5,SET,775,1
5,SET,831,1
5,SET,835,1
5,SET,887,1
5,SET,1639,1
5,SET,1647,1
5,SET,1655,1
5,SET,1679,1
5,SET,1695,1
5,SET,1735,1
5,SET,2287,1
5,GET,77,1
5,GET,78,1
5,GET,80,4
5,GET,81,6
5,GET,82,7
5,GET,83,7
5,GET,84,9
5,GET,85,18
5,GET,86,13
5,GET,87,36
5,GET,88,32
5,GET,89,36
5,GET,90,34
5,GET,91,51
5,GET,92,60
5,GET,93,59
5,GET,94,66
5,GET,95,63
5,GET,96,94
5,GET,97,80
5,GET,98,115
5,GET,99,118
5,GET,100,112
5,GET,101,120
5,GET,102,162
5,GET,103,168
5,GET,104,176
5,GET,105,187
5,GET,106,192
5,GET,107,249
5,GET,108,260
5,GET,109,287
5,GET,110,309
5,GET,111,297
5,GET,112,364
5,GET,113,367
5,GET,114,362
5,GET,115,449
5,GET,116,370
5,GET,117,440
5,GET,118,467
5,GET,119,489
5,GET,120,487
5,GET,121,518
5,GET,122,559
5,GET,123,522
5,GET,124,577
5,GET,125,611
5,GET,126,615
5,GET,127,669
5,GET,128,639
5,GET,129,674
5,GET,130,651
5,GET,131,693
5,GET,132,702
5,GET,133,704
5,GET,134,721
5,GET,135,708
5,GET,136,687
5,GET,137,711
5,GET,138,682
5,GET,139,700
5,GET,140,760
5,GET,141,718
5,GET,142,743
5,GET,143,721
5,GET,144,687
5,GET,145,685
5,GET,146,674
5,GET,147,669
5,GET,148,654
5,GET,149,713
5,GET,150,693
5,GET,151,606
5,GET,152,598
5,GET,153,565
5,GET,154,595
5,GET,155,527
5,GET,156,579
5,GET,157,549
5,GET,158,587
5,GET,159,523
5,GET,160,519
5,GET,161,527
5,GET,162,464
5,GET,163,434
5,GET,164,433
5,GET,165,372
5,GET,166,442
5,GET,167,424
5,GET,168,384
5,GET,169,332
5,GET,170,342
5,GET,171,402
5,GET,172,325
5,GET,173,313
5,GET,174,291
5,GET,175,330
5,GET,176,277
5,GET,177,283
5,GET,178,266
5,GET,179,240
5,GET,180,238
5,GET,181,259
5,GET,182,226
5,GET,183,233
5,GET,184,228
5,GET,185,224
5,GET,186,210
5,GET,187,208
5,GET,188,215
5,GET,189,205
5,GET,190,192
5,GET,191,197
5,GET,192,192
5,GET,193,190
5,GET,194,170
5,GET,195,182
5,GET,196,170
5,GET,197,198
5,GET,198,209
5,GET,199,190
5,GET,200,204
5,GET,201,233
5,GET,202,228
5,GET,203,220
5,GET,204,216
5,GET,205,201
5,GET,206,227
5,GET,207,209
5,GET,208,218
5,GET,209,237
5,GET,210,227
5,GET,211,239
5,GET,212,274
5,GET,213,254
5,GET,214,282
5,GET,215,278
5,GET,216,285
5,GET,217,320
5,GET,218,304
5,GET,219,328
5,GET,220,329
5,GET,221,350
5,GET,222,362
5,GET,223,341
5,GET,224,369
5,GET,225,373
5,GET,226,361
5,GET,227,366
5,GET,228,382
5,GET,229,382
5,GET,230,414
5,GET,231,410
5,GET,232,421
5,GET,233,407
5,GET,234,374
5,GET,235,393
5,GET,236,371
5,GET,237,378
5,GET,238,397
5,GET,239,397
5,GET,240,421
5,GET,241,396
5,GET,242,374
5,GET,243,398
5,GET,244,382
5,GET,245,358
5,GET,246,401
5,GET,247,338
5,GET,248,360
5,GET,249,333
5,GET,250,394
5,GET,251,330
5,GET,252,327
5,GET,253,342
5,GET,254,313
5,GET,255,334
5,GET,257,607
5,GET,259,589
5,GET,261,569
5,GET,263,564
5,GET,265,562
5,GET,267,536
5,GET,269,491
5,GET,271,482
5,GET,273,504
5,GET,275,479
5,GET,277,494
5,GET,279,508
5,GET,281,479
5,GET,283,503
5,GET,285,589
5,GET,287,630
5,GET,289,680
5,GET,291,676
5,GET,293,859
5,GET,295,856
5,GET,297,1005
5,GET,299,1247
5,GET,301,1431
5,GET,303,1695
5,GET,305,1965
5,GET,307,2319
5,GET,309,2751
5,GET,311,3177
5,GET,313,3670
5,GET,315,4285
5,GET,317,4748
5,GET,319,5476
5,GET,321,6215
5,GET,323,6883
5,GET,325,7443
5,GET,327,8184
5,GET,329,9117
5,GET,331,9861
5,GET,333,10543
5,GET,335,11148
5,GET,337,11726
5,GET,339,12155
5,GET,341,12562
5,GET,343,12838
5,GET,345,12838
5,GET,347,12776
5,GET,349,12773
5,GET,351,12713
5,GET,353,12013
5,GET,355,11654
5,GET,357,11067
5,GET,359,10460
5,GET,361,9766
5,GET,363,9540
5,GET,365,8718
5,GET,367,8037
5,GET,369,7294
5,GET,371,6685
5,GET,373,6088
5,GET,375,5507
5,GET,377,4967
5,GET,379,4556
5,GET,381,4097
5,GET,383,3776
5,GET,385,3408
5,GET,387,3122
5,GET,389,2625
5,GET,391,2373
5,GET,393,2105
5,GET,395,1922
5,GET,397,1675
5,GET,399,1545
5,GET,401,1476
5,GET,403,1254
5,GET,405,1207
5,GET,407,1098
5,GET,409,924
5,GET,411,896
5,GET,413,748
5,GET,415,680
5,GET,417,661
5,GET,419,594
5,GET,421,566
5,GET,423,500
5,GET,425,453
5,GET,427,403
5,GET,429,386
5,GET,431,376
5,GET,433,324
5,GET,435,319
5,GET,437,267
5,GET,439,256
5,GET,441,233
5,GET,443,243
5,GET,445,195
5,GET,447,186
5,GET,449,173
5,GET,451,150
5,GET,453,180
5,GET,455,141
5,GET,457,145
5,GET,459,125
5,GET,461,109
5,GET,463,95
5,GET,465,96
5,GET,467,65
5,GET,469,66
5,GET,471,80
5,GET,473,77
5,GET,475,86
5,GET,477,86
5,GET,479,52
5,GET,481,65
5,GET,483,71
5,GET,485,51
5,GET,487,49
5,GET,489,51
5,GET,491,43
5,GET,493,35
5,GET,495,37
5,GET,497,39
5,GET,499,29
5,GET,501,26
5,GET,503,34
5,GET,505,35
5,GET,507,30
5,GET,509,33
5,GET,511,26
5,GET,515,43
5,GET,519,41
5,GET,523,43
5,GET,527,29
5,GET,531,26
5,GET,535,26
5,GET,539,34
5,GET,543,19
5,GET,547,25
5,GET,551,17
5,GET,555,24
5,GET,559,20
5,GET,563,21
5,GET,567,14
5,GET,571,21
5,GET,575,21
5,GET,579,21
5,GET,583,22
5,GET,587,22
5,GET,591,13
5,GET,595,20
5,GET,599,13
5,GET,603,23
5,GET,607,14
5,GET,611,18
5,GET,615,17
5,GET,619,9
5,GET,623,10
5,GET,627,19
5,GET,631,7
5,GET,635,12
5,GET,639,8
5,GET,643,12
5,GET,647,9
5,GET,651,8
5,GET,655,11
5,GET,659,14
5,GET,663,4
5,GET,667,2
5,GET,671,4
5,GET,675,5
5,GET,679,9
5,GET,683,7
5,GET,687,2
5,GET,691,3
5,GET,695,5
5,GET,699,4
5,GET,703,4
5,GET,707,2
5,GET,711,3
5,GET,715,3
5,GET,719,4
5,GET,723,6
5,GET,727,3
5,GET,731,6
5,GET,735,8
5,GET,739,2
5,GET,743,2
5,GET,747,7
5,GET,751,1
5,GET,755,4
5,GET,759,3
5,GET,763,5
5,GET,767,3
5,GET,771,2
5,GET,775,3
5,GET,779,4
5,GET,783,5
5,GET,787,2
5,GET,791,4
5,GET,795,3
5,GET,799,2
5,GET,807,2
5,GET,815,3
5,GET,819,2
5,GET,827,2
5,GET,839,1
5,GET,855,1
5,GET,859,1
5,GET,867,1
5,GET,871,1
5,GET,887,1
5,GET,895,1
5,GET,919,1
5,GET,927,1
5,GET,955,1
5,GET,959,1
5,GET,963,1
5,GET,967,2
5,GET,975,1
5,GET,1071,1
5,GET,1079,1
5,GET,1335,1
5,GET,1479,2
5,GET,1495,1
5,GET,1527,2
5,GET,1567,1
5,GET,1583,1
5,GET,1599,1
5,GET,1607,2
5,GET,1615,1
5,GET,1631,1
5,GET,1639,1
5,GET,1647,1
5,GET,1671,2
5,GET,1703,4
5,GET,1719,1
5,GET,1727,1
5,GET,1743,1
5,GET,1775,2
5,GET,1791,1
5,GET,1799,1
5,GET,1831,1
5,GET,1839,1
5,GET,1863,2
5,GET,1871,2
5,GET,1903,1
5,GET,1911,1
5,GET,1919,1
5,GET,1935,1
5,GET,1975,1
5,GET,2063,1
5,GET,2079,1
5,GET,2143,1
5,GET,2159,1
5,GET,2191,1
5,GET,2271,1
5,GET,2303,1
5,GET,2367,1
5,GET,2463,1
5,GET,2495,1
5,GET,2527,1
5,GET,2639,1
5,GET,2671,2
5,GET,3215,1
5,GET,5663,1
5,DEL,78,2
5,DEL,79,1
5,DEL,80,1
5,DEL,81,2
5,DEL,82,1
5,DEL,83,3
5,DEL,84,8
5,DEL,85,6
5,DEL,86,5
5,DEL,87,11
5,DEL,88,5
5,DEL,89,14
5,DEL,90,19
5,DEL,91,10
5,DEL,92,21
5,DEL,93,26
5,DEL,94,24
5,DEL,95,33
5,DEL,96,25
5,DEL,97,23
5,DEL,98,50
5,DEL,99,47
5,DEL,100,48
5,DEL,101,56
5,DEL,102,52
5,DEL,103,61
5,DEL,104,57
5,DEL,105,75
5,DEL,106,67
5,DEL,107,73
5,DEL,108,96
5,DEL,109,103
5,DEL,110,98
5,DEL,111,131
5,DEL,112,142
5,DEL,113,135
5,DEL,114,120
5,DEL,115,138
5,DEL,116,143
5,DEL,117,128
5,DEL,118,187
5,DEL,119,182
5,DEL,120,153
5,DEL,121,165
5,DEL,122,181
5,DEL,123,198
5,DEL,124,224
5,DEL,125,220
5,DEL,126,224
5,DEL,127,239
5,DEL,128,198
5,DEL,129,233
5,DEL,130,236
5,DEL,131,252
5,DEL,132,234
5,DEL,133,231
5,DEL,134,267
5,DEL,135,273
5,DEL,136,256
5,DEL,137,257
5,DEL,138,245
5,DEL,139,244
5,DEL,140,275
5,DEL,141,243
5,DEL,142,251
5,DEL,143,230
5,DEL,144,248
5,DEL,145,243
5,DEL,146,242
5,DEL,147,215
5,DEL,148,241
5,DEL,149,245
5,DEL,150,236
5,DEL,151,221
5,DEL,152,201
5,DEL,153,224
5,DEL,154,223
5,DEL,155,190
5,DEL,156,175
5,DEL,157,206
5,DEL,158,207
5,DEL,159,163
5,DEL,160,179
5,DEL,161,176
5,DEL,162,146
5,DEL,163,150
5,DEL,164,140
5,DEL,165,169
5,DEL,166,128
5,DEL,167,133
5,DEL,168,145
5,DEL,169,124
5,DEL,170,117
5,DEL,171,119
5,DEL,172,112
5,DEL,173,134
5,DEL,174,125
5,DEL,175,116
5,DEL,176,101
5,DEL,177,89
5,DEL,178,120
5,DEL,179,92
5,DEL,180,84
5,DEL,181,89
5,DEL,182,91
5,DEL,183,87
5,DEL,184,80
5,DEL,185,83
5,DEL,186,80
5,DEL,187,82
5,DEL,188,68
5,DEL,189,75
5,DEL,190,71
5,DEL,191,74
5,DEL,192,56
5,DEL,193,66
5,DEL,194,66
5,DEL,195,65
5,DEL,196,54
5,DEL,197,68
5,DEL,198,75
5,DEL,199,82
5,DEL,200,82
5,DEL,201,73
5,DEL,202,85
5,DEL,203,63
5,DEL,204,94
5,DEL,205,62
5,DEL,206,72
5,DEL,207,79
5,DEL,208,83
5,DEL,209,83
5,DEL,210,87
5,DEL,211,115
5,DEL,212,106
5,DEL,213,80
5,DEL,214,82
5,DEL,215,104
5,DEL,216,102
5,DEL,217,123
5,DEL,218,102
5,DEL,219,131
5,DEL,220,120
5,DEL,221,130
5,DEL,222,133
5,DEL,223,118
5,DEL,224,151
5,DEL,225,125
5,DEL,226,134
5,DEL,227,145
5,DEL,228,112
5,DEL,229,120
5,DEL,230,139
5,DEL,231,155
5,DEL,232,159
5,DEL,233,141
5,DEL,234,151
5,DEL,235,133
5,DEL,236,128
5,DEL,237,162
5,DEL,238,135
5,DEL,239,140
5,DEL,240,136
5,DEL,241,147
5,DEL,242,143
5,DEL,243,123
5,DEL,244,137
5,DEL,245,126
5,DEL,246,123
5,DEL,247,112
5,DEL,248,136
5,DEL,249,125
5,DEL,250,141
5,DEL,251,113
5,DEL,252,105
5,DEL,253,125
5,DEL,254,107
5,DEL,255,112
5,DEL,257,212
5,DEL,259,209
5,DEL,261,194
5,DEL,263,190
5,DEL,265,182
5,DEL,267,181
5,DEL,269,175
5,DEL,271,171
5,DEL,273,172
5,DEL,275,172
5,DEL,277,169
5,DEL,279,175
5,DEL,281,182
5,DEL,283,223
5,DEL,285,217
5,DEL,287,232
5,DEL,289,243
5,DEL,291,259
5,DEL,293,282
5,DEL,295,308
5,DEL,297,376
5,DEL,299,413
5,DEL,301,499
5,DEL,303,621
5,DEL,305,670
5,DEL,307,789
5,DEL,309,948
5,DEL,311,1138
5,DEL,313,1318
5,DEL,315,1533
5,DEL,317,1627
5,DEL,319,1988
5,DEL,321,2295
5,DEL,323,2423
5,DEL,325,2676
5,DEL,327,2916
5,DEL,329,3266
5,DEL,331,3475
5,DEL,333,3735
5,DEL,335,3977
5,DEL,337,4222
5,DEL,339,4330
5,DEL,341,4495
5,DEL,343,4619
5,DEL,345,4584
5,DEL,347,4646
5,DEL,349,4629
5,DEL,351,4331
5,DEL,353,4249
5,DEL,355,4184
5,DEL,357,3947
5,DEL,359,3662
5,DEL,361,3452
5,DEL,363,3328
5,DEL,365,3044
5,DEL,367,2908
5,DEL,369,2636
5,DEL,371,2410
5,DEL,373,2269
5,DEL,375,1941
5,DEL,377,1813
5,DEL,379,1689
5,DEL,381,1430
5,DEL,383,1298
5,DEL,385,1199
5,DEL,387,998
5,DEL,389,943
5,DEL,391,873
5,DEL,393,778
5,DEL,395,667
5,DEL,397,604
5,DEL,399,531
5,DEL,401,502
5,DEL,403,422
5,DEL,405,385
5,DEL,407,372
5,DEL,409,350
5,DEL,411,311
5,DEL,413,280
5,DEL,415,267
5,DEL,417,243
5,DEL,419,231
5,DEL,421,204
5,DEL,423,173
5,DEL,425,130
5,DEL,427,141
5,DEL,429,134
5,DEL,431,125
5,DEL,433,109
5,DEL,435,84
5,DEL,437,94
5,DEL,439,105
5,DEL,441,92
5,DEL,443,67
5,DEL,445,75
5,DEL,447,63
5,DEL,449,56
5,DEL,451,69
5,DEL,453,61
5,DEL,455,55
5,DEL,457,55
5,DEL,459,31
5,DEL,461,40
5,DEL,463,35
5,DEL,465,23
5,DEL,467,32
5,DEL,469,29
5,DEL,471,29
5,DEL,473,26
5,DEL,475,30
5,DEL,477,26
5,DEL,479,16
5,DEL,481,24
5,DEL,483,19
5,DEL,485,21
5,DEL,487,12
5,DEL,489,13
5,DEL,491,11
5,DEL,493,17
5,DEL,495,18
5,DEL,497,15
5,DEL,499,13
5,DEL,501,18
5,DEL,503,10
5,DEL,505,10
5,DEL,507,13
5,DEL,509,9
5,DEL,511,7
5,DEL,515,24
5,DEL,519,10
5,DEL,523,11
5,DEL,527,8
5,DEL,531,21
5,DEL,535,12
5,DEL,539,13
5,DEL,543,11
5,DEL,547,6
5,DEL,551,10
5,DEL,555,10
5,DEL,559,11
5,DEL,563,12
5,DEL,567,4
5,DEL,571,10
5,DEL,575,7
5,DEL,579,8
5,DEL,583,6
5,DEL,587,11
5,DEL,591,8
5,DEL,595,5
5,DEL,599,2
5,DEL,603,7
5,DEL,607,7
5,DEL,611,4
5,DEL,615,4
5,DEL,619,4
5,DEL,623,5
5,DEL,627,4
5,DEL,631,6
5,DEL,635,4
5,DEL,639,4
5,DEL,643,3
5,DEL,647,3
5,DEL,651,3
5,DEL,655,4
5,DEL,659,2
5,DEL,663,2
5,DEL,671,4
5,DEL,675,2
5,DEL,679,2
5,DEL,683,2
5,DEL,687,1
5,DEL,691,2
5,DEL,695,5
5,DEL,699,2
5,DEL,703,1
5,DEL,707,3
5,DEL,711,1
5,DEL,715,3
5,DEL,719,1
5,DEL,723,2
5,DEL,727,2
5,DEL,731,5
5,DEL,739,2
5,DEL,743,3
5,DEL,747,1
5,DEL,751,2
5,DEL,755,3
5,DEL,763,3
5,DEL,775,1
5,DEL,783,2
5,DEL,787,2
5,DEL,791,1
5,DEL,799,5
5,DEL,803,1
5,DEL,811,1
5,DEL,815,1
5,DEL,819,1
5,DEL,831,1
5,DEL,835,2
5,DEL,847,1
5,DEL,859,1
5,DEL,863,1
5,DEL,867,1
5,DEL,1255,1
5,DEL,1391,1
5,DEL,1439,1
5,DEL,1447,1
5,DEL,1455,1
5,DEL,1519,1
5,DEL,1551,1
5,DEL,1663,1
5,DEL,1671,1
5,DEL,1679,2
5,DEL,1711,2
5,DEL,1719,1
5,DEL,1767,1
5,DEL,1783,1
5,DEL,1815,1
5,DEL,1895,1
5,DEL,1927,1
5,DEL,2207,1
5,DEL,2367,1
5,DEL,2463,1
5,DEL,2895,1
5,DEL,3343,1
6,SET,81,1
6,SET,83,1
6,SET,85,1
6,SET,87,1
6,SET,88,1
6,SET,89,3
6,SET,90,2
6,SET,91,3
6,SET,92,4
6,SET,93,5
6,SET,94,2
6,SET,95,4
6,SET,96,6
6,SET,97,7
6,SET,98,9
6,SET,99,6
6,SET,100,9
6,SET,101,4
6,SET,102,9
6,SET,103,11
6,SET,104,12
6,SET,105,6
6,SET,106,11
6,SET,107,13
6,SET,108,14
6,SET,109,11
6,SET,110,10
6,SET,111,14
6,SET,112,9
6,SET,113,14
6,SET,114,12
6,SET,115,22
6,SET,116,18
6,SET,117,22
6,SET,118,23
6,SET,119,31
6,SET,120,25
6,SET,121,22
6,SET,122,34
6,SET,123,22
6,SET,124,32
6,SET,125,28
6,SET,126,29
6,SET,127,37
6,SET,128,28
6,SET,129,34
6,SET,130,34
6,SET,131,33
6,SET,132,33
6,SET,133,41
6,SET,134,35
6,SET,135,45
6,SET,136,45
6,SET,137,47
6,SET,138,38
6,SET,139,51
6,SET,140,42
6,SET,141,54
6,SET,142,56
6,SET,143,47
6,SET,144,51
6,SET,145,44
6,SET,146,49
6,SET,147,58
6,SET,148,42
6,SET,149,49
6,SET,150,49
6,SET,151,46
6,SET,152,46
6,SET,153,54
6,SET,154,52
6,SET,155,40
6,SET,156,55
6,SET,157,43
6,SET,158,45
6,SET,159,47
6,SET,160,38
6,SET,161,36
6,SET,162,40
6,SET,163,42
6,SET,164,54
6,SET,165,45
6,SET,166,36
6,SET,167,40
6,SET,168,33
6,SET,169,36
6,SET,170,38
6,SET,171,34
6,SET,172,35
6,SET,173,19
6,SET,174,33
6,SET,175,42
6,SET,176,23
6,SET,177,20
6,SET,178,22
6,SET,179,25
6,SET,180,28
6,SET,181,22
6,SET,182,33
6,SET,183,28
6,SET,184,17
6,SET,185,23
6,SET,186,23
6,SET,187,14
6,SET,188,13
6,SET,189,17
6,SET,190,22
6,SET,191,18
6,SET,192,10
6,SET,193,12
6,SET,194,17
6,SET,195,16
6,SET,196,13
6,SET,197,17
6,SET,198,15
6,SET,199,20
6,SET,200,13
6,SET,201,20
6,SET,202,14
6,SET,203,16
6,SET,204,9
6,SET,205,12
6,SET,206,10
6,SET,207,14
6,SET,208,12
6,SET,209,15
6,SET,210,16
6,SET,211,14
6,SET,212,12
6,SET,213,21
6,SET,214,22
6,SET,215,24
6,SET,216,19
6,SET,217,13
6,SET,218,20
6,SET,219,13
6,SET,220,25
6,SET,221,19
6,SET,222,25
6,SET,223,27
6,SET,224,25
6,SET,225,25
6,SET,226,16
6,SET,227,22
6,SET,228,24
6,SET,229,18
6,SET,230,35
6,SET,231,17
6,SET,232,28
6,SET,233,30
6,SET,234,25
6,SET,235,32
6,SET,236,28
6,SET,237,34
6,SET,238,24
6,SET,239,24
6,SET,240,24
6,SET,241,23
6,SET,242,31
6,SET,243,34
6,SET,244,38
6,SET,245,34
6,SET,246,33
6,SET,247,26
6,SET,248,30
6,SET,249,38
6,SET,250,25
6,SET,251,29
6,SET,252,27
6,SET,253,20
6,SET,254,32
6,SET,255,21
6,SET,257,43
6,SET,259,40
6,SET,261,40
6,SET,263,44
6,SET,265,35
6,SET,267,44
6,SET,269,36
6,SET,271,21
6,SET,273,35
6,SET,275,32
6,SET,277,24
6,SET,279,33
6,SET,281,35
6,SET,283,31
6,SET,285,34
6,SET,287,34
6,SET,289,39
6,SET,291,36
6,SET,293,44
6,SET,295,43
6,SET,297,41
6,SET,299,74
6,SET,301,58
6,SET,303,98
6,SET,305,100
6,SET,307,128
6,SET,309,149
6,SET,311,171
6,SET,313,183
6,SET,315,243
6,SET,317,284
6,SET,319,320
6,SET,321,349
6,SET,323,505
6,SET,325,510
6,SET,327,578
6,SET,329,616
6,SET,331,698
6,SET,333,750
6,SET,335,890
6,SET,337,864
6,SET,339,889
6,SET,341,958
6,SET,343,1026
6,SET,345,1038
6,SET,347,1005
6,SET,349,976
6,SET,351,982
6,SET,353,947
6,SET,355,914
6,SET,357,879
6,SET,359,822
6,SET,361,773
6,SET,363,701
6,SET,365,665
6,SET,367,627
6,SET,369,541
6,SET,371,491
6,SET,373,432
6,SET,375,378
6,SET,377,351
6,SET,379,320
6,SET,381,271
6,SET,383,253
6,SET,385,196
6,SET,387,204
6,SET,389,188
6,SET,391,150
6,SET,393,114
6,SET,395,130
6,SET,397,132
6,SET,399,90
6,SET,401,92
6,SET,403,76
6,SET,405,81
6,SET,407,59
6,SET,409,58
6,SET,411,58
6,SET,413,57
6,SET,415,46
6,SET,417,42
6,SET,419,41
6,SET,421,29
6,SET,423,27
6,SET,425,37
6,SET,427,34
6,SET,429,27
6,SET,431,18
6,SET,433,16
6,SET,435,16
6,SET,437,17
6,SET,439,20
6,SET,441,15
6,SET,443,23
6,SET,445,18
6,SET,447,20
6,SET,449,12
6,SET,451,12
6,SET,453,14
6,SET,455,6
6,SET,457,8
6,SET,459,8
6,SET,461,14
6,SET,463,7
6,SET,465,9
6,SET,467,9
6,SET,469,7
6,SET,471,6
6,SET,473,2
6,SET,475,9
6,SET,477,8
6,SET,479,3
6,SET,481,4
6,SET,483,6
6,SET,485,5
6,SET,487,5
6,SET,489,3
6,SET,491,2
6,SET,493,2
6,SET,495,3
6,SET,497,2
6,SET,501,3
6,SET,503,4
6,SET,505,2
6,SET,507,2
6,SET,509,2
6,SET,511,1
6,SET,515,6
6,SET,519,4
6,SET,523,1
6,SET,527,1
6,SET,531,1
6,SET,535,6
6,SET,539,6
6,SET,543,1
6,SET,547,3
6,SET,555,1
6,SET,559,1
6,SET,563,2
6,SET,567,1
6,SET,571,1
6,SET,575,1
6,SET,579,1
6,SET,583,2
6,SET,591,2
6,SET,595,4
6,SET,599,2
6,SET,603,1
6,SET,607,1
6,SET,611,2
6,SET,627,1
6,SET,631,1
6,SET,635,1
6,SET,639,2
6,SET,643,1
6,SET,647,3
6,SET,651,2
6,SET,659,1
6,SET,691,2
6,SET,727,2
6,SET,731,2
6,SET,739,1
6,SET,743,1
6,SET,755,1
6,SET,759,1
6,SET,783,1
6,SET,787,2
6,SET,811,1
6,SET,827,2
6,SET,843,1
6,SET,987,1
6,SET,1503,1
6,SET,1695,1
6,SET,2175,1
6,SET,2415,1
6,SET,2479,2
6,GET,80,1
6,GET,82,1
6,GET,83,5
6,GET,84,6
6,GET,85,10
6,GET,86,18
6,GET,87,23
6,GET,88,34
6,GET,89,26
6,GET,90,41
6,GET,91,56
6,GET,92,66
6,GET,93,78
6,GET,94,91
6,GET,95,86
6,GET,96,106
6,GET,97,86
6,GET,98,105
6,GET,99,108
6,GET,100,142
6,GET,101,110
6,GET,102,128
6,GET,103,119
6,GET,104,160
6,GET,105,157
6,GET,106,159
6,GET,107,150
6,GET,108,161
6,GET,109,188
6,GET,110,181
6,GET,111,184
6,GET,112,220
6,GET,113,220
6,GET,114,224
6,GET,115,267
6,GET,116,255
6,GET,117,294
6,GET,118,281
6,GET,119,308
6,GET,120,334
6,GET,121,345
6,GET,122,367
6,GET,123,364
6,GET,124,390
6,GET,125,394
6,GET,126,439
6,GET,127,406
6,GET,128,468
6,GET,129,493
6,GET,130,478
6,GET,131,515
6,GET,132,559
6,GET,133,553
6,GET,134,579
6,GET,135,576
6,GET,136,616
6,GET,137,597
6,GET,138,630
6,GET,139,660
6,GET,140,633
6,GET,141,655
6,GET,142,662
6,GET,143,691
6,GET,144,667
6,GET,145,670
6,GET,146,682
6,GET,147,615
6,GET,148,679
6,GET,149,684
6,GET,150,705
6,GET,151,659
6,GET,152,697
6,GET,153,640
6,GET,154,609
6,GET,155,639
6,GET,156,641
6,GET,157,636
6,GET,158,640
6,GET,159,608
6,GET,160,562
6,GET,161,615
6,GET,162,590
6,GET,163,571
6,GET,164,541
6,GET,165,519
6,GET,166,526
6,GET,167,508
6,GET,168,506
6,GET,169,495
6,GET,170,455
6,GET,171,452
6,GET,172,461
6,GET,173,425
6,GET,174,443
6,GET,175,400
6,GET,176,412
6,GET,177,397
6,GET,178,352
6,GET,179,361
6,GET,180,334
6,GET,181,354
6,GET,182,290
6,GET,183,308
6,GET,184,300
6,GET,185,287
6,GET,186,273
6,GET,187,273
6,GET,188,228
6,GET,189,253
6,GET,190,274
6,GET,191,229
6,GET,192,219
6,GET,193,232
6,GET,194,249
6,GET,195,241
6,GET,196,185
6,GET,197,240
6,GET,198,223
6,GET,199,198
6,GET,200,210
6,GET,201,238
6,GET,202,203
6,GET,203,193
6,GET,204,201
6,GET,205,220
6,GET,206,228
6,GET,207,235
6,GET,208,212
6,GET,209,252
6,GET,210,191
6,GET,211,242
6,GET,212,236
6,GET,213,240
6,GET,214,253
6,GET,215,259
6,GET,216,251
6,GET,217,239
6,GET,218,260
6,GET,219,286
6,GET,220,278
6,GET,221,304
6,GET,222,339
6,GET,223,315
6,GET,224,321
6,GET,225,360
6,GET,226,342
6,GET,227,341
6,GET,228,374
6,GET,229,371
6,GET,230,376
6,GET,231,399
6,GET,232,392
6,GET,233,404
6,GET,234,402
6,GET,235,423
6,GET,236,421
6,GET,237,414
6,GET,238,417
6,GET,239,401
6,GET,240,429
6,GET,241,446
6,GET,242,384
6,GET,243,411
6,GET,244,437
6,GET,245,412
6,GET,246,419
6,GET,247,425
6,GET,248,366
6,GET,249,374
6,GET,250,385
6,GET,251,339
6,GET,252,374
6,GET,253,371
6,GET,254,397
6,GET,255,346
6,GET,257,658
6,GET,259,628
6,GET,261,607
6,GET,263,608
6,GET,265,548
6,GET,267,547
6,GET,269,515
6,GET,271,520
6,GET,273,440
6,GET,275,459
6,GET,277,513
6,GET,279,429
6,GET,281,480
6,GET,283,449
6,GET,285,477
6,GET,287,538
6,GET,289,533
6,GET,291,552
6,GET,293,577
6,GET,295,697
6,GET,297,825
6,GET,299,868
6,GET,301,1072
6,GET,303,1256
6,GET,305,1469
6,GET,307,1823
6,GET,309,2127
6,GET,311,2558
6,GET,313,3022
6,GET,315,3566
6,GET,317,4159
6,GET,319,4906
6,GET,321,5758
6,GET,323,6345
6,GET,325,7326
6,GET,327,8213
6,GET,329,9277
6,GET,331,10188
6,GET,333,11142
6,GET,335,11933
6,GET,337,12716
6,GET,339,13452
6,GET,341,13606
6,GET,343,13824
6,GET,345,14138
6,GET,347,14305
6,GET,349,14102
6,GET,351,13577
6,GET,353,13229
6,GET,355,12469
6,GET,357,12218
6,GET,359,11047
6,GET,361,10277
6,GET,363,9453
6,GET,365,8699
6,GET,367,8100
6,GET,369,7220
6,GET,371,6395
6,GET,373,5845
6,GET,375,5228
6,GET,377,4826
6,GET,379,4164
6,GET,381,3724
6,GET,383,3402
6,GET,385,2895
6,GET,387,2539
6,GET,389,2379
6,GET,391,2020
6,GET,393,1908
6,GET,395,1618
6,GET,397,1450
6,GET,399,1390
6,GET,401,1207
6,GET,403,1102
6,GET,405,987
6,GET,407,919
6,GET,409,802
6,GET,411,757
6,GET,413,676
6,GET,415,580
6,GET,417,599
6,GET,419,512
6,GET,421,474
6,GET,423,410
6,GET,425,407
6,GET,427,342
6,GET,429,366
6,GET,431,343
6,GET,433,295
6,GET,435,300
6,GET,437,256
6,GET,439,228
6,GET,441,220
6,GET,443,203
6,GET,445,201
6,GET,447,204
6,GET,449,177
6,GET,451,150
6,GET,453,134
6,GET,455,147
6,GET,457,118
6,GET,459,114
6,GET,461,123
6,GET,463,128
6,GET,465,111
6,GET,467,94
6,GET,469,76
6,GET,471,73
6,GET,473,57
6,GET,475,56
6,GET,477,58
6,GET,479,46
6,GET,481,62
6,GET,483,44
6,GET,485,47
6,GET,487,49
6,GET,489,43
6,GET,491,44
6,GET,493,39
6,GET,495,40
6,GET,497,37
6,GET,499,33
6,GET,501,32
6,GET,503,28
6,GET,505,31
6,GET,507,26
6,GET,509,26
6,GET,511,27
6,GET,515,37
6,GET,519,33
6,GET,523,32
6,GET,527,30
6,GET,531,40
6,GET,535,29
6,GET,539,35
6,GET,543,17
6,GET,547,24
6,GET,551,19
6,GET,555,21
6,GET,559,18
6,GET,563,27
6,GET,567,16
6,GET,571,24
6,GET,575,22
6,GET,579,21
6,GET,583,18
6,GET,587,25
6,GET,591,24
6,GET,595,20
6,GET,599,17
6,GET,603,15
6,GET,607,20
6,GET,611,11
6,GET,615,12
6,GET,619,18
6,GET,623,16
6,GET,627,14
6,GET,631,13
6,GET,635,13
6,GET,639,15
6,GET,643,9
6,GET,647,9
6,GET,651,11
6,GET,655,13
6,GET,659,7
6,GET,663,10
6,GET,667,8
6,GET,671,7
6,GET,675,7
6,GET,679,7
6,GET,683,3
6,GET,687,8
6,GET,691,3
6,GET,695,3
6,GET,699,4
6,GET,703,4
6,GET,707,6
6,GET,711,1
6,GET,715,8
6,GET,719,8
6,GET,723,6
6,GET,727,7
6,GET,731,8
6,GET,735,3
6,GET,739,6
6,GET,743,5
6,GET,747,5
6,GET,751,5
6,GET,755,6
6,GET,759,3
6,GET,763,2
6,GET,767,8
6,GET,771,5
6,GET,775,3
6,GET,779,3
6,GET,783,4
6,GET,787,3
6,GET,791,3
6,GET,795,1
6,GET,799,4
6,GET,803,1
6,GET,807,4
6,GET,819,1
6,GET,823,2
6,GET,827,1
6,GET,831,2
6,GET,835,1
6,GET,839,1
6,GET,843,1
6,GET,851,1
6,GET,867,2
6,GET,879,2
6,GET,899,2
6,GET,903,1
6,GET,919,1
6,GET,955,1
6,GET,1047,1
6,GET,1111,1
6,GET,1231,1
6,GET,1239,1
6,GET,1455,1
6,GET,1495,1
6,GET,1503,1
6,GET,1527,1
6,GET,1535,2
6,GET,1543,1
6,GET,1583,2
6,GET,1599,2
6,GET,1615,1
6,GET,1623,2
6,GET,1631,1
6,GET,1639,1
6,GET,1655,1
6,GET,1663,3
6,GET,1671,4
6,GET,1679,2
6,GET,1687,1
6,GET,1695,1
6,GET,1703,1
6,GET,1711,3
6,GET,1719,3
6,GET,1727,1
6,GET,1735,1
6,GET,1743,2
6,GET,1759,2
6,GET,1823,1
6,GET,1839,2
6,GET,1847,1
6,GET,1887,1
6,GET,1919,1
6,GET,1927,1
6,GET,1983,1
6,GET,2047,1
6,GET,2079,1
6,GET,2111,1
6,GET,2159,1
6,GET,2175,3
6,GET,2303,1
6,GET,2447,1
6,GET,2527,1
6,GET,2543,1
6,GET,2623,1
6,GET,2671,1
6,GET,3055,1
6,GET,3343,1
6,GET,3423,1
6,GET,3471,1
6,GET,4015,1
6,GET,4223,1
6,DEL,84,3
6,DEL,85,6
6,DEL,86,6
6,DEL,87,7
6,DEL,88,11
6,DEL,89,14
6,DEL,90,13
6,DEL,91,16
6,DEL,92,25
6,DEL,93,23
6,DEL,94,34
6,DEL,95,30
6,DEL,96,40
6,DEL,97,40
6,DEL,98,40
6,DEL,99,42
6,DEL,100,46
6,DEL,101,46
6,DEL,102,55
6,DEL,103,64
6,DEL,104,48
6,DEL,105,48
6,DEL,106,53
6,DEL,107,52
6,DEL,108,58
6,DEL,109,77
6,DEL,110,76
6,DEL,111,59
6,DEL,112,72
6,DEL,113,68
6,DEL,114,71
6,DEL,115,82
6,DEL,116,87
6,DEL,117,94
6,DEL,118,122
6,DEL,119,101
6,DEL,120,127
6,DEL,121,124
6,DEL,122,152
6,DEL,123,143
6,DEL,124,150
6,DEL,125,154
6,DEL,126,163
6,DEL,127,155
6,DEL,128,153
6,DEL,129,180
6,DEL,130,186
6,DEL,131,191
6,DEL,132,194
6,DEL,133,203
6,DEL,134,190
6,DEL,135,214
6,DEL,136,208
6,DEL,137,205
6,DEL,138,233
6,DEL,139,214
6,DEL,140,230
6,DEL,141,242
6,DEL,142,242
6,DEL,143,251
6,DEL,144,252
6,DEL,145,240
6,DEL,146,235
6,DEL,147,226
6,DEL,148,221
6,DEL,149,262
6,DEL,150,244
6,DEL,151,244
6,DEL,152,244
6,DEL,153,238
6,DEL,154,217
6,DEL,155,214
6,DEL,156,221
6,DEL,157,202
6,DEL,158,228
6,DEL,159,210
6,DEL,160,214
6,DEL,161,223
6,DEL,162,210
6,DEL,163,204
6,DEL,164,175
6,DEL,165,193
6,DEL,166,203
6,DEL,167,200
6,DEL,168,158
6,DEL,169,169
6,DEL,170,140
6,DEL,171,159
6,DEL,172,148
6,DEL,173,137
6,DEL,174,148
6,DEL,175,126
6,DEL,176,154
6,DEL,177,152
6,DEL,178,118
6,DEL,179,117
6,DEL,180,123
6,DEL,181,107
6,DEL,182,124
6,DEL,183,103
6,DEL,184,103
6,DEL,185,115
6,DEL,186,107
6,DEL,187,85
6,DEL,188,105
6,DEL,189,99
6,DEL,190,78
6,DEL,191,66
6,DEL,192,78
6,DEL,193,74
6,DEL,194,81
6,DEL,195,68
6,DEL,196,94
6,DEL,197,89
6,DEL,198,74
6,DEL,199,79
6,DEL,200,67
6,DEL,201,63
6,DEL,202,57
6,DEL,203,68
6,DEL,204,81
6,DEL,205,75
6,DEL,206,79
6,DEL,207,88
6,DEL,208,72
6,DEL,209,76
6,DEL,210,72
6,DEL,211,84
6,DEL,212,76
6,DEL,213,84
6,DEL,214,82
6,DEL,215,74
6,DEL,216,101
6,DEL,217,88
6,DEL,218,87
6,DEL,219,94
6,DEL,220,103
6,DEL,221,121
6,DEL,222,111
6,DEL,223,139
6,DEL,224,116
6,DEL,225,118
6,DEL,226,136
6,DEL,227,116
6,DEL,228,124
6,DEL,229,145
6,DEL,230,158
6,DEL,231,147
6,DEL,232,137
6,DEL,233,127
6,DEL,234,120
6,DEL,235,131
6,DEL,236,156
6,DEL,237,136
6,DEL,238,148
6,DEL,239,151
6,DEL,240,149
6,DEL,241,150
6,DEL,242,143
6,DEL,243,158
6,DEL,244,144
6,DEL,245,145
6,DEL,246,144
6,DEL,247,142
6,DEL,248,136
6,DEL,249,139
6,DEL,250,146
6,DEL,251,132
6,DEL,252,118
6,DEL,253,124
6,DEL,254,136
6,DEL,255,111
6,DEL,257,253
6,DEL,259,198
6,DEL,261,220
6,DEL,263,207
6,DEL,265,177
6,DEL,267,186
6,DEL,269,178
6,DEL,271,203
6,DEL,273,157
6,DEL,275,152
6,DEL,277,163
6,DEL,279,141
6,DEL,281,157
6,DEL,283,188
6,DEL,285,163
6,DEL,287,193
6,DEL,289,213
6,DEL,291,212
6,DEL,293,233
6,DEL,295,224
6,DEL,297,269
6,DEL,299,314
6,DEL,301,402
6,DEL,303,464
6,DEL,305,535
6,DEL,307,656
6,DEL,309,762
6,DEL,311,914
6,DEL,313,1063
6,DEL,315,1334
6,DEL,317,1545
6,DEL,319,1707
6,DEL,321,1974
6,DEL,323,2288
6,DEL,325,2616
6,DEL,327,2864
6,DEL,329,3334
6,DEL,331,3589
6,DEL,333,4034
6,DEL,335,4167
6,DEL,337,4660
6,DEL,339,4729
6,DEL,341,4915
6,DEL,343,4914
6,DEL,345,5198
6,DEL,347,5185
6,DEL,349,4893
6,DEL,351,4892
6,DEL,353,4738
6,DEL,355,4644
6,DEL,357,4278
6,DEL,359,4076
6,DEL,361,3666
6,DEL,363,3372
6,DEL,365,3202
6,DEL,367,2789
6,DEL,369,2548
6,DEL,371,2295
6,DEL,373,2115
6,DEL,375,1830
6,DEL,377,1679
6,DEL,379,1577
6,DEL,381,1265
6,DEL,383,1221
6,DEL,385,1044
6,DEL,387,909
6,DEL,389,864
6,DEL,391,726
6,DEL,393,642
6,DEL,395,601
6,DEL,397,482
6,DEL,399,467
6,DEL,401,435
6,DEL,403,387
6,DEL,405,396
6,DEL,407,318
6,DEL,409,298
6,DEL,411,272
6,DEL,413,215
6,DEL,415,239
6,DEL,417,213
6,DEL,419,182
6,DEL,421,198
6,DEL,423,166
6,DEL,425,155
6,DEL,427,121
6,DEL,429,120
6,DEL,431,133
6,DEL,433,122
6,DEL,435,88
6,DEL,437,85
6,DEL,439,94
6,DEL,441,79
6,DEL,443,69
6,DEL,445,75
6,DEL,447,54
6,DEL,449,53
6,DEL,451,66
6,DEL,453,52
6,DEL,455,46
6,DEL,457,45
6,DEL,459,46
6,DEL,461,49
6,DEL,463,46
6,DEL,465,37
6,DEL,467,24
6,DEL,469,39
6,DEL,471,24
6,DEL,473,27
6,DEL,475,21
6,DEL,477,17
6,DEL,479,25
6,DEL,481,19
6,DEL,483,13
6,DEL,485,20
6,DEL,487,18
6,DEL,489,22
6,DEL,491,20
6,DEL,493,16
6,DEL,495,16
6,DEL,497,11
6,DEL,499,15
6,DEL,501,8
6,DEL,503,13
6,DEL,505,16
6,DEL,507,9
6,DEL,509,9
6,DEL,511,10
6,DEL,515,20
6,DEL,519,8
6,DEL,523,16
6,DEL,527,11
6,DEL,531,12
6,DEL,535,8
6,DEL,539,5
6,DEL,543,10
6,DEL,547,6
6,DEL,551,9
6,DEL,555,6
6,DEL,559,8
6,DEL,563,4
6,DEL,567,12
6,DEL,571,8
6,DEL,575,4
6,DEL,579,7
6,DEL,583,6
6,DEL,587,12
6,DEL,591,8
6,DEL,595,5
6,DEL,599,6
6,DEL,603,6
6,DEL,607,4
6,DEL,611,6
6,DEL,615,4
6,DEL,619,4
6,DEL,623,2
6,DEL,627,2
6,DEL,631,5
6,DEL,635,5
6,DEL,639,2
6,DEL,643,5
6,DEL,647,6
6,DEL,651,3
6,DEL,655,4
6,DEL,659,3
6,DEL,663,6
6,DEL,671,2
6,DEL,675,4
6,DEL,679,3
6,DEL,683,1
6,DEL,687,2
6,DEL,691,1
6,DEL,695,2
6,DEL,699,2
6,DEL,703,2
6,DEL,707,1
6,DEL,711,2
6,DEL,715,1
6,DEL,719,2
6,DEL,723,1
6,DEL,727,6
6,DEL,731,3
6,DEL,739,1
6,DEL,747,1
6,DEL,751,3
6,DEL,759,3
6,DEL,763,1
6,DEL,767,1
6,DEL,771,2
6,DEL,779,1
6,DEL,799,1
6,DEL,803,1
6,DEL,807,1
6,DEL,811,1
6,DEL,827,1
6,DEL,831,1
6,DEL,1071,1
6,DEL,1311,1
6,DEL,1463,1
6,DEL,1511,1
6,DEL,1519,1
6,DEL,1527,2
6,DEL,1535,1
6,DEL,1615,1
6,DEL,1631,1
6,DEL,1831,1
6,DEL,1887,1
6,DEL,1967,1
6,DEL,2039,2
6,DEL,2063,1
6,DEL,2175,1
6,DEL,2351,1
6,DEL,2383,1
6,DEL,2623,1
6,DEL,2703,1
6,DEL,3647,1
6,DEL,5535,1
7,DEL,81,1
7,DEL,82,1
7,DEL,85,5
7,DEL,86,2
7,DEL,87,8
7,DEL,88,4
7,DEL,89,7
7,DEL,90,16
7,DEL,91,21
7,DEL,92,16
7,DEL,93,24
7,DEL,94,37
7,DEL,95,14
7,DEL,96,41
7,DEL,97,34
7,DEL,98,31
7,DEL,99,41
7,DEL,100,41
7,DEL,101,36
7,DEL,102,51
7,DEL,103,53
7,DEL,104,47
7,DEL,105,67
7,DEL,106,53
7,DEL,107,69
7,DEL,108,67
7,DEL,109,88
7,DEL,110,64
7,DEL,111,70
7,DEL,112,98
7,DEL,113,92
7,DEL,114,109
7,DEL,115,117
7,DEL,116,102
7,DEL,117,125
7,DEL,118,151
7,DEL,119,130
7,DEL,120,139
7,DEL,121,142
7,DEL,122,150
7,DEL,123,175
7,DEL,124,150
7,DEL,125,160
7,DEL,126,170
7,DEL,127,196
7,DEL,128,211
7,DEL,129,200
7,DEL,130,209
7,DEL,131,211
7,DEL,132,225
7,DEL,133,245
7,DEL,134,228
7,DEL,135,237
7,DEL,136,227
7,DEL,137,245
7,DEL,138,249
7,DEL,139,236
7,DEL,140,235
7,DEL,141,251
7,DEL,142,229
7,DEL,143,259
7,DEL,144,255
7,DEL,145,268
7,DEL,146,245
7,DEL,147,272
7,DEL,148,206
7,DEL,149,248
7,DEL,150,241
7,DEL,151,224
7,DEL,152,236
7,DEL,153,233
7,DEL,154,248
7,DEL,155,247
7,DEL,156,251
7,DEL,157,221
7,DEL,158,200
7,DEL,159,198
7,DEL,160,213
7,DEL,161,191
7,DEL,162,198
7,DEL,163,207
7,DEL,164,167
7,DEL,165,175
7,DEL,166,165
7,DEL,167,165
7,DEL,168,166
7,DEL,169,149
7,DEL,170,144
7,DEL,171,143
7,DEL,172,146
7,DEL,173,141
7,DEL,174,127
7,DEL,175,129
7,DEL,176,135
7,DEL,177,103
7,DEL,178,107
7,DEL,179,104
7,DEL,180,108
7,DEL,181,105
7,DEL,182,94
7,DEL,183,75
7,DEL,184,81
7,DEL,185,83
7,DEL,186,101
7,DEL,187,102
7,DEL,188,65
7,DEL,189,87
7,DEL,190,80
7,DEL,191,62
7,DEL,192,70
7,DEL,193,78
7,DEL,194,76
7,DEL,195,71
7,DEL,196,58
7,DEL,197,67
7,DEL,198,66
7,DEL,199,68
7,DEL,200,69
7,DEL,201,62
7,DEL,202,71
7,DEL,203,67
7,DEL,204,65
7,DEL,205,64
7,DEL,206,58
7,DEL,207,79
7,DEL,208,71
7,DEL,209,75
7,DEL,210,61
7,DEL,211,74
7,DEL,212,77
7,DEL,213,76
7,DEL,214,88
7,DEL,215,81
7,DEL,216,80
7,DEL,217,75
7,DEL,218,80
7,DEL,219,75
7,DEL,220,99
7,DEL,221,102
7,DEL,222,98
7,DEL,223,112
7,DEL,224,102
7,DEL,225,119
7,DEL,226,109
7,DEL,227,132
7,DEL,228,121
7,DEL,229,117
7,DEL,230,120
7,DEL,231,142
7,DEL,232,127
7,DEL,233,135
7,DEL,234,118
7,DEL,235,131
7,DEL,236,158
7,DEL,237,113
7,DEL,238,139
7,DEL,239,146
7,DEL,240,146
7,DEL,241,122
7,DEL,242,128
7,DEL,243,144
7,DEL,244,149
7,DEL,245,140
7,DEL,246,137
7,DEL,247,134
7,DEL,248,119
7,DEL,249,153
7,DEL,250,157
7,DEL,251,137
7,DEL,252,124
7,DEL,253,125
7,DEL,254,138
7,DEL,255,115
7,DEL,257,270
7,DEL,259,249
7,DEL,261,207
7,DEL,263,202
7,DEL,265,184
7,DEL,267,198
7,DEL,269,185
7,DEL,271,162
7,DEL,273,209
7,DEL,275,171
7,DEL,277,204
7,DEL,279,202
7,DEL,281,203
7,DEL,283,205
7,DEL,285,227
7,DEL,287,220
7,DEL,289,253
7,DEL,291,263
7,DEL,293,306
7,DEL,295,324
7,DEL,297,385
7,DEL,299,431
7,DEL,301,512
7,DEL,303,558
7,DEL,305,639
7,DEL,307,773
7,DEL,309,957
7,DEL,311,1003
7,DEL,313,1223
7,DEL,315,1346
7,DEL,317,1548
7,DEL,319,1780
7,DEL,321,2001
7,DEL,323,2227
7,DEL,325,2652
7,DEL,327,2904
7,DEL,329,3165
7,DEL,331,3525
7,DEL,333,3719
7,DEL,335,3991
7,DEL,337,4257
7,DEL,339,4409
7,DEL,341,4581
7,DEL,343,4665
7,DEL,345,4853
7,DEL,347,4812
7,DEL,349,4715
7,DEL,351,4690
7,DEL,353,4444
7,DEL,355,4404
7,DEL,357,4191
7,DEL,359,3803
7,DEL,361,3608
7,DEL,363,3481
7,DEL,365,3162
7,DEL,367,2956
7,DEL,369,2703
7,DEL,371,2410
7,DEL,373,2278
7,DEL,375,1968
7,DEL,377,1823
7,DEL,379,1656
7,DEL,381,1473
7,DEL,383,1300
7,DEL,385,1166
7,DEL,387,1078
7,DEL,389,966
7,DEL,391,860
7,DEL,393,798
7,DEL,395,642
7,DEL,397,666
7,DEL,399,537
7,DEL,401,487
7,DEL,403,451
7,DEL,405,390
7,DEL,407,340
7,DEL,409,331
7,DEL,411,294
7,DEL,413,270
7,DEL,415,214
7,DEL,417,207
7,DEL,419,200
7,DEL,421,191
7,DEL,423,162
7,DEL,425,153
7,DEL,427,152
7,DEL,429,149
7,DEL,431,137
7,DEL,433,104
7,DEL,435,111
7,DEL,437,105
7,DEL,439,89
7,DEL,441,88
7,DEL,443,99
7,DEL,445,76
7,DEL,447,78
7,DEL,449,67
7,DEL,451,59
7,DEL,453,72
7,DEL,455,36
7,DEL,457,41
7,DEL,459,38
7,DEL,461,42
7,DEL,463,33
7,DEL,465,44
7,DEL,467,31
7,DEL,469,30
7,DEL,471,47
7,DEL,473,21
7,DEL,475,26
7,DEL,477,28
7,DEL,479,35
7,DEL,481,26
7,DEL,483,27
7,DEL,485,17
7,DEL,487,17
7,DEL,489,30
7,DEL,491,15
7,DEL,493,18
7,DEL,495,15
7,DEL,497,13
7,DEL,499,8
7,DEL,501,20
7,DEL,503,14
7,DEL,505,12
7,DEL,507,10
7,DEL,509,5
7,DEL,511,6
7,DEL,515,17
7,DEL,519,19
7,DEL,523,18
7,DEL,527,12
7,DEL,531,5
7,DEL,535,6
7,DEL,539,9
7,DEL,543,13
7,DEL,547,15
7,DEL,551,7
7,DEL,555,9
7,DEL,559,8
7,DEL,563,11
7,DEL,567,10
7,DEL,571,7
7,DEL,575,7
7,DEL,579,6
7,DEL,583,13
7,DEL,587,6
7,DEL,591,8
7,DEL,595,6
7,DEL,599,7
7,DEL,603,7
7,DEL,607,3
7,DEL,611,6
7,DEL,615,7
7,DEL,619,5
7,DEL,623,2
7,DEL,627,5
7,DEL,631,8
7,DEL,635,4
7,DEL,639,4
7,DEL,643,1
7,DEL,647,7
7,DEL,651,1
7,DEL,655,2
7,DEL,659,4
7,DEL,663,3
7,DEL,667,6
7,DEL,671,2
7,DEL,675,1
7,DEL,679,2
7,DEL,683,3
7,DEL,687,3
7,DEL,691,2
7,DEL,695,4
7,DEL,699,3
7,DEL,715,2
7,DEL,719,3
7,DEL,723,3
7,DEL,727,1
7,DEL,731,3
7,DEL,735,2
7,DEL,739,2
7,DEL,743,3
7,DEL,747,2
7,DEL,751,4
7,DEL,755,3
7,DEL,759,2
7,DEL,763,2
7,DEL,767,2
7,DEL,771,2
7,DEL,783,2
7,DEL,795,1
7,DEL,803,2
7,DEL,807,2
7,DEL,811,2
7,DEL,819,1
7,DEL,823,1
7,DEL,843,1
7,DEL,859,2
7,DEL,1527,1
7,DEL,1543,1
7,DEL,1551,1
7,DEL,1639,1
7,DEL,1663,2
7,DEL,1671,2
7,DEL,1695,1
7,DEL,1703,1
7,DEL,1743,2
7,DEL,1839,1
7,DEL,1863,1
7,DEL,1871,1
7,DEL,1911,2
7,DEL,1935,1
7,DEL,2143,1
7,DEL,2175,2
7,DEL,2351,1
7,DEL,2623,1
7,DEL,3167,1
7,DEL,3487,1
7,DEL,4015,1
7,SET,83,1
7,SET,89,2
7,SET,90,2
7,SET,91,4
7,SET,92,2
7,SET,93,5
7,SET,94,3
7,SET,95,7
7,SET,96,8
7,SET,97,9
7,SET,98,9
7,SET,99,5
7,SET,100,3
7,SET,101,8
7,SET,102,10
7,SET,103,3
7,SET,104,12
7,SET,105,8
7,SET,106,18
7,SET,107,13
7,SET,108,10
7,SET,109,15
7,SET,110,14
7,SET,111,22
7,SET,112,25
7,SET,113,17
7,SET,114,14
7,SET,115,19
7,SET,116,23
7,SET,117,26
7,SET,118,20
7,SET,119,26
7,SET,120,28
7,SET,121,22
7,SET,122,28
7,SET,123,30
7,SET,124,37
7,SET,125,37
7,SET,126,29
7,SET,127,41
7,SET,128,37
7,SET,129,37
7,SET,130,39
7,SET,131,45
7,SET,132,52
7,SET,133,36
7,SET,134,37
7,SET,135,47
7,SET,136,53
7,SET,137,34
7,SET,138,53
7,SET,139,48
7,SET,140,56
7,SET,141,55
7,SET,142,46
7,SET,143,62
7,SET,144,44
7,SET,145,50
7,SET,146,57
7,SET,147,58
7,SET,148,55
7,SET,149,38
7,SET,150,51
7,SET,151,52
7,SET,152,37
7,SET,153,56
7,SET,154,41
7,SET,155,49
7,SET,156,57
7,SET,157,42
7,SET,158,46
7,SET,159,45
7,SET,160,43
7,SET,161,38
7,SET,162,38
7,SET,163,31
7,SET,164,44
7,SET,165,42
7,SET,166,20
7,SET,167,39
7,SET,168,25
7,SET,169,35
7,SET,170,25
7,SET,171,35
7,SET,172,26
7,SET,173,30
7,SET,174,26
7,SET,175,20
7,SET,176,35
7,SET,177,23
7,SET,178,26
7,SET,179,20
7,SET,180,26
7,SET,181,19
7,SET,182,34
7,SET,183,26
7,SET,184,19
7,SET,185,17
7,SET,186,15
7,SET,187,23
7,SET,188,22
7,SET,189,16
7,SET,190,14
7,SET,191,18
7,SET,192,15
7,SET,193,20
7,SET,194,12
7,SET,195,9
7,SET,196,14
7,SET,197,12
7,SET,198,10
7,SET,199,20
7,SET,200,9
7,SET,201,8
7,SET,202,12
7,SET,203,18
7,SET,204,15
7,SET,205,11
7,SET,206,14
7,SET,207,15
7,SET,208,16
7,SET,209,14
7,SET,210,17
7,SET,211,4
7,SET,212,16
7,SET,213,18
7,SET,214,13
7,SET,215,21
7,SET,216,14
7,SET,217,15
7,SET,218,13
7,SET,219,19
7,SET,220,25
7,SET,221,19
7,SET,222,23
7,SET,223,16
7,SET,224,12
7,SET,225,19
7,SET,226,15
7,SET,227,18
7,SET,228,22
7,SET,229,14
7,SET,230,25
7,SET,231,31
7,SET,232,26
7,SET,233,21
7,SET,234,27
7,SET,235,30
7,SET,236,27
7,SET,237,26
7,SET,238,29
7,SET,239,21
7,SET,240,26
7,SET,241,25
7,SET,242,27
7,SET,243,30
7,SET,244,26
7,SET,245,25
7,SET,246,26
7,SET,247,24
7,SET,248,29
7,SET,249,28
7,SET,250,23
7,SET,251,27
7,SET,252,20
7,SET,253,20
7,SET,254,21
7,SET,255,20
7,SET,257,56
7,SET,259,40
7,SET,261,41
7,SET,263,32
7,SET,265,47
7,SET,267,42
7,SET,269,39
7,SET,271,41
7,SET,273,33
7,SET,275,37
7,SET,277,38
7,SET,279,55
7,SET,281,47
7,SET,283,34
7,SET,285,39
7,SET,287,59
7,SET,289,50
7,SET,291,51
7,SET,293,59
7,SET,295,59
7,SET,297,80
7,SET,299,88
7,SET,301,93
7,SET,303,100
7,SET,305,124
7,SET,307,122
7,SET,309,147
7,SET,311,181
7,SET,313,211
7,SET,315,256
7,SET,317,303
7,SET,319,347
7,SET,321,402
7,SET,323,446
7,SET,325,486
7,SET,327,544
7,SET,329,655
7,SET,331,666
7,SET,333,719
7,SET,335,741
7,SET,337,849
7,SET,339,870
7,SET,341,858
7,SET,343,915
7,SET,345,994
7,SET,347,958
7,SET,349,998
7,SET,351,873
7,SET,353,935
7,SET,355,914
7,SET,357,870
7,SET,359,797
7,SET,361,774
7,SET,363,740
7,SET,365,599
7,SET,367,614
7,SET,369,585
7,SET,371,510
7,SET,373,450
7,SET,375,375
7,SET,377,372
7,SET,379,336
7,SET,381,320
7,SET,383,254
7,SET,385,254
7,SET,387,218
7,SET,389,174
7,SET,391,177
7,SET,393,132
7,SET,395,136
7,SET,397,125
7,SET,399,127
7,SET,401,92
7,SET,403,108
7,SET,405,72
7,SET,407,65
7,SET,409,59
7,SET,411,63
7,SET,413,47
7,SET,415,50
7,SET,417,33
7,SET,419,46
7,SET,421,52
7,SET,423,48
7,SET,425,34
7,SET,427,37
7,SET,429,21
7,SET,431,33
7,SET,433,28
7,SET,435,28
7,SET,437,15
7,SET,439,27
7,SET,441,26
7,SET,443,17
7,SET,445,22
7,SET,447,17
7,SET,449,22
7,SET,451,12
7,SET,453,11
7,SET,455,13
7,SET,457,5
7,SET,459,6
7,SET,461,14
7,SET,463,5
7,SET,465,4
7,SET,467,7
7,SET,469,7
7,SET,471,5
7,SET,473,8
7,SET,475,1
7,SET,477,3
7,SET,479,6
7,SET,481,3
7,SET,483,2
7,SET,485,8
7,SET,487,2
7,SET,489,2
7,SET,491,4
7,SET,493,3
7,SET,495,2
7,SET,497,3
7,SET,499,2
7,SET,501,1
7,SET,503,1
7,SET,505,2
7,SET,507,3
7,SET,509,5
7,SET,515,2
7,SET,519,4
7,SET,523,7
7,SET,527,1
7,SET,531,4
7,SET,535,3
7,SET,539,2
7,SET,543,4
7,SET,547,2
7,SET,551,5
7,SET,563,2
7,SET,567,1
7,SET,571,2
7,SET,575,1
7,SET,579,1
7,SET,583,1
7,SET,587,2
7,SET,591,1
7,SET,595,2
7,SET,603,2
7,SET,607,3
7,SET,611,3
7,SET,615,2
7,SET,627,1
7,SET,631,1
7,SET,635,3
7,SET,639,1
7,SET,643,1
7,SET,655,2
7,SET,659,1
7,SET,663,1
7,SET,671,1
7,SET,675,1
7,SET,711,1
7,SET,723,1
7,SET,727,1
7,SET,751,3
7,SET,759,2
7,SET,763,1
7,SET,775,1
7,SET,807,1
7,SET,811,1
7,SET,827,1
7,SET,831,1
7,SET,835,1
7,SET,1719,1
7,SET,1743,1
7,SET,2191,1
7,GET,79,1
7,GET,80,1
7,GET,81,1
7,GET,82,5
7,GET,83,2
7,GET,84,5
7,GET,85,8
7,GET,86,8
7,GET,87,14
7,GET,88,21
7,GET,89,35
7,GET,90,30
7,GET,91,35
7,GET,92,54
7,GET,93,67
7,GET,94,65
7,GET,95,63
7,GET,96,84
7,GET,97,83
7,GET,98,95
7,GET,99,113
7,GET,100,121
7,GET,101,133
7,GET,102,123
7,GET,103,126
7,GET,104,154
7,GET,105,140
7,GET,106,159
7,GET,107,169
7,GET,108,185
7,GET,109,192
7,GET,110,206
7,GET,111,239
7,GET,112,220
7,GET,113,248
7,GET,114,272
7,GET,115,320
7,GET,116,323
7,GET,117,334
7,GET,118,383
7,GET,119,367
7,GET,120,386
7,GET,121,447
7,GET,122,441
7,GET,123,459
7,GET,124,485
7,GET,125,537
7,GET,126,550
7,GET,127,560
7,GET,128,603
7,GET,129,604
7,GET,130,615
7,GET,131,591
7,GET,132,605
7,GET,133,697
7,GET,134,620
7,GET,135,675
7,GET,136,694
7,GET,137,717
7,GET,138,698
7,GET,139,693
7,GET,140,718
7,GET,141,697
7,GET,142,732
7,GET,143,705
7,GET,144,744
7,GET,145,748
7,GET,146,743
7,GET,147,701
7,GET,148,704
7,GET,149,732
7,GET,150,708
7,GET,151,698
7,GET,152,694
7,GET,153,724
7,GET,154,643
7,GET,155,619
7,GET,156,643
7,GET,157,590
7,GET,158,611
7,GET,159,568
7,GET,160,625
7,GET,161,576
7,GET,162,531
7,GET,163,516
7,GET,164,538
7,GET,165,512
7,GET,166,508
7,GET,167,492
7,GET,168,433
7,GET,169,453
7,GET,170,396
7,GET,171,414
7,GET,172,392
7,GET,173,411
7,GET,174,387
7,GET,175,355
7,GET,176,372
7,GET,177,335
7,GET,178,301
7,GET,179,328
7,GET,180,287
7,GET,181,301
7,GET,182,301
7,GET,183,280
7,GET,184,280
7,GET,185,256
7,GET,186,222
7,GET,187,231
7,GET,188,234
7,GET,189,223
7,GET,190,219
7,GET,191,224
7,GET,192,199
7,GET,193,188
7,GET,194,194
7,GET,195,213
7,GET,196,200
7,GET,197,174
7,GET,198,200
7,GET,199,155
7,GET,200,168
7,GET,201,184
7,GET,202,198
7,GET,203,194
7,GET,204,209
7,GET,205,172
7,GET,206,198
7,GET,207,186
7,GET,208,205
7,GET,209,206
7,GET,210,200
7,GET,211,201
7,GET,212,203
7,GET,213,222
7,GET,214,242
7,GET,215,227
7,GET,216,229
7,GET,217,266
7,GET,218,281
7,GET,219,236
7,GET,220,243
7,GET,221,270
7,GET,222,282
7,GET,223,287
7,GET,224,272
7,GET,225,312
7,GET,226,355
7,GET,227,351
7,GET,228,368
7,GET,229,360
7,GET,230,339
7,GET,231,337
7,GET,232,333
7,GET,233,390
7,GET,234,335
7,GET,235,371
7,GET,236,383
7,GET,237,365
7,GET,238,393
7,GET,239,351
7,GET,240,378
7,GET,241,400
7,GET,242,382
7,GET,243,372
7,GET,244,346
7,GET,245,358
7,GET,246,375
7,GET,247,378
7,GET,248,363
7,GET,249,354
7,GET,250,360
7,GET,251,357
7,GET,252,341
7,GET,253,328
7,GET,254,336
7,GET,255,341
7,GET,257,642
7,GET,259,578
7,GET,261,641
7,GET,263,599
7,GET,265,567
7,GET,267,563
7,GET,269,536
7,GET,271,526
7,GET,273,514
7,GET,275,505
7,GET,277,549
7,GET,279,557
7,GET,281,538
7,GET,283,550
7,GET,285,605
7,GET,287,638
7,GET,289,738
7,GET,291,763
7,GET,293,878
7,GET,295,966
7,GET,297,1062
7,GET,299,1183
7,GET,301,1408
7,GET,303,1581
7,GET,305,1832
7,GET,307,2118
7,GET,309,2531
7,GET,311,2896
7,GET,313,3298
7,GET,315,3904
7,GET,317,4450
7,GET,319,5060
7,GET,321,5644
7,GET,323,6576
7,GET,325,7272
7,GET,327,8197
7,GET,329,8937
7,GET,331,9669
7,GET,333,10586
7,GET,335,11263
7,GET,337,11712
7,GET,339,12414
7,GET,341,12522
7,GET,343,13000
7,GET,345,13413
7,GET,347,13205
7,GET,349,13252
7,GET,351,12849
7,GET,353,12548
7,GET,355,11943
7,GET,357,11507
7,GET,359,10944
7,GET,361,10126
7,GET,363,9526
7,GET,365,8802
7,GET,367,8025
7,GET,369,7428
7,GET,371,6637
7,GET,373,6134
7,GET,375,5555
7,GET,377,5117
7,GET,379,4515
7,GET,381,4030
7,GET,383,3514
7,GET,385,3306
7,GET,387,2914
7,GET,389,2601
7,GET,391,2358
7,GET,393,2122
7,GET,395,1873
7,GET,397,1696
7,GET,399,1532
7,GET,401,1390
7,GET,403,1193
7,GET,405,1086
7,GET,407,1017
7,GET,409,907
7,GET,411,804
7,GET,413,664
7,GET,415,675
7,GET,417,623
7,GET,419,602
7,GET,421,510
7,GET,423,492
7,GET,425,434
7,GET,427,385
7,GET,429,369
7,GET,431,368
7,GET,433,337
7,GET,435,315
7,GET,437,281
7,GET,439,255
7,GET,441,219
7,GET,443,220
7,GET,445,197
7,GET,447,201
7,GET,449,210
7,GET,451,173
7,GET,453,165
7,GET,455,125
7,GET,457,140
7,GET,459,126
7,GET,461,104
7,GET,463,109
7,GET,465,107
7,GET,467,104
7,GET,469,92
7,GET,471,115
7,GET,473,105
7,GET,475,76
7,GET,477,72
7,GET,479,68
7,GET,481,77
7,GET,483,53
7,GET,485,57
7,GET,487,73
7,GET,489,55
7,GET,491,53
7,GET,493,52
7,GET,495,44
7,GET,497,42
7,GET,499,34
7,GET,501,41
7,GET,503,34
7,GET,505,41
7,GET,507,30
7,GET,509,26
7,GET,511,31
7,GET,515,48
7,GET,519,51
7,GET,523,31
7,GET,527,48
7,GET,531,35
7,GET,535,22
7,GET,539,27
7,GET,543,33
7,GET,547,25
7,GET,551,16
7,GET,555,25
7,GET,559,17
7,GET,563,18
7,GET,567,32
7,GET,571,16
7,GET,575,27
7,GET,579,13
7,GET,583,13
7,GET,587,17
7,GET,591,16
7,GET,595,22
7,GET,599,18
7,GET,603,16
7,GET,607,16
7,GET,611,16
7,GET,615,9
7,GET,619,13
7,GET,623,18
7,GET,627,14
7,GET,631,14
7,GET,635,10
7,GET,639,17
7,GET,643,11
7,GET,647,13
7,GET,651,9
7,GET,655,9
7,GET,659,10
7,GET,663,8
7,GET,667,13
7,GET,671,11
7,GET,675,8
7,GET,679,7
7,GET,683,5
7,GET,687,3
7,GET,691,5
7,GET,695,5
7,GET,699,4
7,GET,703,4
7,GET,707,5
7,GET,711,3
7,GET,715,7
7,GET,719,3
7,GET,723,3
7,GET,727,3
7,GET,731,5
7,GET,735,7
7,GET,739,5
7,GET,743,6
7,GET,747,5
7,GET,751,6
7,GET,755,5
7,GET,759,5
7,GET,763,5
7,GET,767,1
7,GET,771,2
7,GET,775,1
7,GET,779,3
7,GET,783,4
7,GET,787,4
7,GET,791,2
7,GET,795,4
7,GET,799,2
7,GET,803,2
7,GET,811,3
7,GET,815,4
7,GET,823,1
7,GET,831,1
7,GET,835,3
7,GET,839,2
7,GET,855,1
7,GET,863,2
7,GET,867,1
7,GET,871,2
7,GET,875,1
7,GET,879,1
7,GET,895,1
7,GET,911,1
7,GET,915,1
7,GET,975,2
7,GET,979,2
7,GET,983,1
7,GET,991,1
7,GET,1015,1
7,GET,1135,1
7,GET,1191,1
7,GET,1255,1
7,GET,1399,1
7,GET,1407,1
7,GET,1487,2
7,GET,1495,1
7,GET,1503,1
7,GET,1511,1
7,GET,1519,3
7,GET,1535,1
7,GET,1551,1
7,GET,1591,1
7,GET,1599,2
7,GET,1623,2
7,GET,1639,2
7,GET,1647,4
7,GET,1655,3
7,GET,1663,2
7,GET,1671,1
7,GET,1679,3
7,GET,1703,1
7,GET,1711,1
7,GET,1719,2
7,GET,1735,1
7,GET,1743,1
7,GET,1767,1
7,GET,1775,1
7,GET,1799,2
7,GET,1815,1
7,GET,1823,1
7,GET,1839,1
7,GET,1887,1
7,GET,1895,1
7,GET,1911,2
7,GET,1943,1
7,GET,2079,1
7,GET,2127,1
7,GET,2159,1
7,GET,2175,1
7,GET,2255,1
7,GET,2287,1
7,GET,2367,1
7,GET,2399,1
7,GET,2479,1
7,GET,2511,1
7,GET,2527,1
7,GET,2543,2
7,GET,2591,1
7,GET,3199,1
7,GET,3407,1
7,GET,5631,1
8,GET,80,2
8,GET,81,2
8,GET,82,1
8,GET,83,5
8,GET,84,4
8,GET,85,7
8,GET,86,6
8,GET,87,8
8,GET,88,12
8,GET,89,21
8,GET,90,22
8,GET,91,23
8,GET,92,27
8,GET,93,33
8,GET,94,56
8,GET,95,55
8,GET,96,70
8,GET,97,73
8,GET,98,77
8,GET,99,69
8,GET,100,95
8,GET,101,115
8,GET,102,118
8,GET,103,138
8,GET,104,124
8,GET,105,172
8,GET,106,176
8,GET,107,184
8,GET,108,179
8,GET,109,221
8,GET,110,191
8,GET,111,210
8,GET,112,233
8,GET,113,268
8,GET,114,276
8,GET,115,289
8,GET,116,299
8,GET,117,294
8,GET,118,340
8,GET,119,329
8,GET,120,399
8,GET,121,388
8,GET,122,413
8,GET,123,450
8,GET,124,425
8,GET,125,449
8,GET,126,473
8,GET,127,490
8,GET,128,501
8,GET,129,565
8,GET,130,513
8,GET,131,533
8,GET,132,544
8,GET,133,586
8,GET,134,587
8,GET,135,581
8,GET,136,571
8,GET,137,600
8,GET,138,651
8,GET,139,699
8,GET,140,625
8,GET,141,659
8,GET,142,694
8,GET,143,697
8,GET,144,694
8,GET,145,699
8,GET,146,693
8,GET,147,691
8,GET,148,705
8,GET,149,672
8,GET,150,698
8,GET,151,702
8,GET,152,711
8,GET,153,629
8,GET,154,628
8,GET,155,675
8,GET,156,623
8,GET,157,626
8,GET,158,658
8,GET,159,565
8,GET,160,635
8,GET,161,574
8,GET,162,590
8,GET,163,543
8,GET,164,540
8,GET,165,527
8,GET,166,500
8,GET,167,504
8,GET,168,506
8,GET,169,452
8,GET,170,453
8,GET,171,434
8,GET,172,411
8,GET,173,430
8,GET,174,371
8,GET,175,370
8,GET,176,388
8,GET,177,369
8,GET,178,330
8,GET,179,307
8,GET,180,323
8,GET,181,315
8,GET,182,316
8,GET,183,257
8,GET,184,311
8,GET,185,263
8,GET,186,251
8,GET,187,274
8,GET,188,259
8,GET,189,243
8,GET,190,251
8,GET,191,227
8,GET,192,218
8,GET,193,184
8,GET,194,203
8,GET,195,212
8,GET,196,205
8,GET,197,229
8,GET,198,205
8,GET,199,190
8,GET,200,222
8,GET,201,188
8,GET,202,204
8,GET,203,192
8,GET,204,224
8,GET,205,215
8,GET,206,223
8,GET,207,214
8,GET,208,222
8,GET,209,248
8,GET,210,232
8,GET,211,230
8,GET,212,231
8,GET,213,259
8,GET,214,244
8,GET,215,281
8,GET,216,256
8,GET,217,251
8,GET,218,276
8,GET,219,312
8,GET,220,319
8,GET,221,305
8,GET,222,344
8,GET,223,321
8,GET,224,343
8,GET,225,359
8,GET,226,326
8,GET,227,327
8,GET,228,363
8,GET,229,356
8,GET,230,401
8,GET,231,381
8,GET,232,410
8,GET,233,400
8,GET,234,394
8,GET,235,376
8,GET,236,424
8,GET,237,424
8,GET,238,410
8,GET,239,410
8,GET,240,412
8,GET,241,437
8,GET,242,424
8,GET,243,444
8,GET,244,423
8,GET,245,407
8,GET,246,428
8,GET,247,386
8,GET,248,391
8,GET,249,398
8,GET,250,373
8,GET,251,408
8,GET,252,386
8,GET,253,405
8,GET,254,358
8,GET,255,377
8,GET,257,639
8,GET,259,619
8,GET,261,637
8,GET,263,524
8,GET,265,554
8,GET,267,481
8,GET,269,502
8,GET,271,496
8,GET,273,510
8,GET,275,474
8,GET,277,452
8,GET,279,449
8,GET,281,438
8,GET,283,446
8,GET,285,455
8,GET,287,496
8,GET,289,535
8,GET,291,548
8,GET,293,595
8,GET,295,704
8,GET,297,808
8,GET,299,891
8,GET,301,1074
8,GET,303,1271
8,GET,305,1533
8,GET,307,1813
8,GET,309,2212
8,GET,311,2568
8,GET,313,3085
8,GET,315,3629
8,GET,317,4139
8,GET,319,4804
8,GET,321,5606
8,GET,323,6495
8,GET,325,7292
8,GET,327,8202
8,GET,329,9175
8,GET,331,10306
8,GET,333,11216
8,GET,335,11912
8,GET,337,12754
8,GET,339,13466
8,GET,341,13873
8,GET,343,14230
8,GET,345,14442
8,GET,347,14348
8,GET,349,14012
8,GET,351,13774
8,GET,353,13243
8,GET,355,12503
8,GET,357,11882
8,GET,359,10926
8,GET,361,10119
8,GET,363,9465
8,GET,365,8565
8,GET,367,7805
8,GET,369,7120
8,GET,371,6286
8,GET,373,5676
8,GET,375,5143
8,GET,377,4457
8,GET,379,3875
8,GET,381,3685
8,GET,383,3235
8,GET,385,2874
8,GET,387,2630
8,GET,389,2325
8,GET,391,2036
8,GET,393,1887
8,GET,395,1568
8,GET,397,1532
8,GET,399,1340
8,GET,401,1237
8,GET,403,1162
8,GET,405,1009
8,GET,407,936
8,GET,409,871
8,GET,411,738
8,GET,413,708
8,GET,415,639
8,GET,417,640
8,GET,419,562
8,GET,421,510
8,GET,423,426
8,GET,425,429
8,GET,427,416
8,GET,429,365
8,GET,431,338
8,GET,433,296
8,GET,435,289
8,GET,437,265
8,GET,439,259
8,GET,441,227
8,GET,443,200
8,GET,445,200
8,GET,447,160
8,GET,449,186
8,GET,451,146
8,GET,453,156
8,GET,455,144
8,GET,457,120
8,GET,459,115
8,GET,461,98
8,GET,463,102
8,GET,465,102
8,GET,467,111
8,GET,469,91
8,GET,471,89
8,GET,473,85
8,GET,475,63
8,GET,477,72
8,GET,479,69
8,GET,481,54
8,GET,483,50
8,GET,485,56
8,GET,487,50
8,GET,489,31
8,GET,491,41
8,GET,493,38
8,GET,495,42
8,GET,497,34
8,GET,499,43
8,GET,501,36
8,GET,503,28
8,GET,505,36
8,GET,507,26
8,GET,509,21
8,GET,511,24
8,GET,515,46
8,GET,519,41
8,GET,523,53
8,GET,527,32
8,GET,531,25
8,GET,535,35
8,GET,539,27
8,GET,543,23
8,GET,547,22
8,GET,551,28
8,GET,555,20
8,GET,559,15
8,GET,563,18
8,GET,567,19
8,GET,571,20
8,GET,575,23
8,GET,579,25
8,GET,583,22
8,GET,587,16
8,GET,591,16
8,GET,595,28
8,GET,599,19
8,GET,603,22
8,GET,607,16
8,GET,611,18
8,GET,615,16
8,GET,619,14
8,GET,623,13
8,GET,627,11
8,GET,631,11
8,GET,635,15
8,GET,639,17
8,GET,643,15
8,GET,647,13
8,GET,651,10
8,GET,655,8
8,GET,659,10
8,GET,663,6
8,GET,667,11
8,GET,671,11
8,GET,675,4
8,GET,679,7
8,GET,683,8
8,GET,687,7
8,GET,691,8
8,GET,695,7
8,GET,699,5
8,GET,703,6
8,GET,707,7
8,GET,711,6
8,GET,715,3
8,GET,719,8
8,GET,723,5
8,GET,727,6
8,GET,731,3
8,GET,735,10
8,GET,739,3
8,GET,743,5
8,GET,747,5
8,GET,751,1
8,GET,755,3
8,GET,763,3
8,GET,767,4
8,GET,771,4
8,GET,775,4
8,GET,779,3
8,GET,783,2
8,GET,787,5
8,GET,791,4
8,GET,795,4
8,GET,799,1
8,GET,803,3
8,GET,807,2
8,GET,811,1
8,GET,815,1
8,GET,819,1
8,GET,835,1
8,GET,847,2
8,GET,851,3
8,GET,859,2
8,GET,863,1
8,GET,867,1
8,GET,871,1
8,GET,879,1
8,GET,883,1
8,GET,891,1
8,GET,907,1
8,GET,927,1
8,GET,947,1
8,GET,959,1
8,GET,975,1
8,GET,991,1
8,GET,1003,1
8,GET,1127,1
8,GET,1303,1
8,GET,1311,1
8,GET,1335,1
8,GET,1367,1
8,GET,1391,2
8,GET,1439,1
8,GET,1455,1
8,GET,1463,1
8,GET,1495,1
8,GET,1543,1
8,GET,1551,1
8,GET,1567,1
8,GET,1575,1
8,GET,1615,1
8,GET,1623,1
8,GET,1639,2
8,GET,1655,2
8,GET,1663,1
8,GET,1671,1
8,GET,1679,3
8,GET,1687,1
8,GET,1695,3
8,GET,1703,3
8,GET,1711,3
8,GET,1727,1
8,GET,1735,1
8,GET,1759,2
8,GET,1791,1
8,GET,1807,2
8,GET,1871,1
8,GET,1879,1
8,GET,1903,1
8,GET,1911,2
8,GET,1927,1
8,GET,1967,1
8,GET,2007,1
8,GET,2015,1
8,GET,2063,2
8,GET,2127,1
8,GET,2175,1
8,GET,2191,2
8,GET,2207,2
8,GET,2271,1
8,GET,2303,1
8,GET,2383,1
8,GET,2399,2
8,GET,2415,1
8,GET,2447,1
8,GET,2623,1
8,GET,2655,1
8,GET,2703,1
8,GET,3295,1
8,GET,3327,1
8,GET,4223,1
8,GET,5599,1
8,DEL,81,2
8,DEL,82,2
8,DEL,83,1
8,DEL,84,2
8,DEL,85,1
8,DEL,86,3
8,DEL,87,1
8,DEL,88,4
8,DEL,89,8
8,DEL,90,11
8,DEL,91,9
8,DEL,92,11
8,DEL,93,12
8,DEL,94,12
8,DEL,95,24
8,DEL,96,19
8,DEL,97,21
8,DEL,98,27
8,DEL,99,32
8,DEL,100,39
8,DEL,101,40
8,DEL,102,42
8,DEL,103,38
8,DEL,104,52
8,DEL,105,64
8,DEL,106,78
8,DEL,107,72
8,DEL,108,66
8,DEL,109,68
8,DEL,110,78
8,DEL,111,86
8,DEL,112,86
8,DEL,113,95
8,DEL,114,93
8,DEL,115,109
8,DEL,116,103
8,DEL,117,119
8,DEL,118,112
8,DEL,119,119
8,DEL,120,141
8,DEL,121,144
8,DEL,122,150
8,DEL,123,153
8,DEL,124,162
8,DEL,125,173
8,DEL,126,161
8,DEL,127,156
8,DEL,128,171
8,DEL,129,176
8,DEL,130,218
8,DEL,131,185
8,DEL,132,198
8,DEL,133,220
8,DEL,134,219
8,DEL,135,216
8,DEL,136,198
8,DEL,137,209
8,DEL,138,243
8,DEL,139,253
8,DEL,140,237
8,DEL,141,253
8,DEL,142,250
8,DEL,143,211
8,DEL,144,211
8,DEL,145,271
8,DEL,146,251
8,DEL,147,248
8,DEL,148,259
8,DEL,149,218
8,DEL,150,251
8,DEL,151,245
8,DEL,152,230
8,DEL,153,242
8,DEL,154,233
8,DEL,155,235
8,DEL,156,222
8,DEL,157,223
8,DEL,158,247
8,DEL,159,197
8,DEL,160,181
8,DEL,161,215
8,DEL,162,204
8,DEL,163,220
8,DEL,164,182
8,DEL,165,164
8,DEL,166,197
8,DEL,167,156
8,DEL,168,177
8,DEL,169,153
8,DEL,170,154
8,DEL,171,165
8,DEL,172,139
8,DEL,173,143
8,DEL,174,144
8,DEL,175,153
8,DEL,176,144
8,DEL,177,136
8,DEL,178,118
8,DEL,179,129
8,DEL,180,127
8,DEL,181,106
8,DEL,182,97
8,DEL,183,89
8,DEL,184,110
8,DEL,185,105
8,DEL,186,85
8,DEL,187,82
8,DEL,188,78
8,DEL,189,85
8,DEL,190,82
8,DEL,191,79
8,DEL,192,82
8,DEL,193,96
8,DEL,194,81
8,DEL,195,77
8,DEL,196,73
8,DEL,197,61
8,DEL,198,85
8,DEL,199,76
8,DEL,200,77
8,DEL,201,80
8,DEL,202,71
8,DEL,203,71
8,DEL,204,62
8,DEL,205,65
8,DEL,206,77
8,DEL,207,76
8,DEL,208,77
8,DEL,209,85
8,DEL,210,78
8,DEL,211,84
8,DEL,212,94
8,DEL,213,85
8,DEL,214,89
8,DEL,215,103
8,DEL,216,97
8,DEL,217,76
8,DEL,218,91
8,DEL,219,81
8,DEL,220,100
8,DEL,221,118
8,DEL,222,104
8,DEL,223,109
8,DEL,224,124
8,DEL,225,128
8,DEL,226,117
8,DEL,227,136
8,DEL,228,133
8,DEL,229,149
8,DEL,230,121
8,DEL,231,132
8,DEL,232,148
8,DEL,233,159
8,DEL,234,151
8,DEL,235,153
8,DEL,236,145
8,DEL,237,140
8,DEL,238,136
8,DEL,239,156
8,DEL,240,157
8,DEL,241,159
8,DEL,242,146
8,DEL,243,152
8,DEL,244,138
8,DEL,245,155
8,DEL,246,154
8,DEL,247,136
8,DEL,248,151
8,DEL,249,149
8,DEL,250,130
8,DEL,251,121
8,DEL,252,123
8,DEL,253,129
8,DEL,254,132
8,DEL,255,143
8,DEL,257,232
8,DEL,259,198
8,DEL,261,211
8,DEL,263,185
8,DEL,265,203
8,DEL,267,180
8,DEL,269,178
8,DEL,271,186
8,DEL,273,154
8,DEL,275,170
8,DEL,277,165
8,DEL,279,165
8,DEL,281,172
8,DEL,283,143
8,DEL,285,155
8,DEL,287,183
8,DEL,289,164
8,DEL,291,201
8,DEL,293,220
8,DEL,295,254
8,DEL,297,244
8,DEL,299,291
8,DEL,301,418
8,DEL,303,442
8,DEL,305,549
8,DEL,307,602
8,DEL,309,766
8,DEL,311,907
8,DEL,313,1053
8,DEL,315,1297
8,DEL,317,1519
8,DEL,319,1818
8,DEL,321,1958
8,DEL,323,2254
8,DEL,325,2630
8,DEL,327,3022
8,DEL,329,3270
8,DEL,331,3509
8,DEL,333,3871
8,DEL,335,4277
8,DEL,337,4465
8,DEL,339,4802
8,DEL,341,4978
8,DEL,343,5126
8,DEL,345,5233
8,DEL,347,5136
8,DEL,349,5056
8,DEL,351,5006
8,DEL,353,4767
8,DEL,355,4555
8,DEL,357,4268
8,DEL,359,3963
8,DEL,361,3661
8,DEL,363,3403
8,DEL,365,3034
8,DEL,367,2832
8,DEL,369,2497
8,DEL,371,2212
8,DEL,373,2047
8,DEL,375,1787
8,DEL,377,1573
8,DEL,379,1452
8,DEL,381,1272
8,DEL,383,1162
8,DEL,385,1041
8,DEL,387,931
8,DEL,389,841
8,DEL,391,728
8,DEL,393,709
8,DEL,395,628
8,DEL,397,560
8,DEL,399,501
8,DEL,401,464
8,DEL,403,355
8,DEL,405,358
8,DEL,407,317
8,DEL,409,300
8,DEL,411,272
8,DEL,413,255
8,DEL,415,234
8,DEL,417,221
8,DEL,419,219
8,DEL,421,190
8,DEL,423,185
8,DEL,425,152
8,DEL,427,150
8,DEL,429,146
8,DEL,431,113
8,DEL,433,99
8,DEL,435,102
8,DEL,437,113
8,DEL,439,71
8,DEL,441,93
8,DEL,443,75
8,DEL,445,70
8,DEL,447,70
8,DEL,449,74
8,DEL,451,68
8,DEL,453,58
8,DEL,455,49
8,DEL,457,39
8,DEL,459,44
8,DEL,461,37
8,DEL,463,40
8,DEL,465,33
8,DEL,467,29
8,DEL,469,26
8,DEL,471,35
8,DEL,473,25
8,DEL,475,28
8,DEL,477,33
8,DEL,479,21
8,DEL,481,18
8,DEL,483,12
8,DEL,485,11
8,DEL,487,19
8,DEL,489,12
8,DEL,491,11
8,DEL,493,14
8,DEL,495,23
8,DEL,497,9
8,DEL,499,16
8,DEL,501,13
8,DEL,503,13
8,DEL,505,10
8,DEL,507,13
8,DEL,509,13
8,DEL,511,6
8,DEL,515,18
8,DEL,519,24
8,DEL,523,13
8,DEL,527,19
8,DEL,531,7
8,DEL,535,13
8,DEL,539,10
8,DEL,543,3
8,DEL,547,7
8,DEL,551,6
8,DEL,555,13
8,DEL,559,3
8,DEL,563,10
8,DEL,567,5
8,DEL,571,9
8,DEL,575,7
8,DEL,579,6
8,DEL,583,6
8,DEL,587,10
8,DEL,591,4
8,DEL,595,4
8,DEL,599,5
8,DEL,603,7
8,DEL,607,6
8,DEL,611,8
8,DEL,615,7
8,DEL,619,6
8,DEL,623,7
8,DEL,627,2
8,DEL,631,5
8,DEL,635,4
8,DEL,639,4
8,DEL,643,3
8,DEL,647,6
8,DEL,651,3
8,DEL,659,7
8,DEL,663,1
8,DEL,667,5
8,DEL,671,3
8,DEL,675,1
8,DEL,679,1
8,DEL,683,3
8,DEL,687,3
8,DEL,691,5
8,DEL,695,3
8,DEL,703,1
8,DEL,711,4
8,DEL,715,2
8,DEL,719,1
8,DEL,723,3
8,DEL,727,2
8,DEL,731,2
8,DEL,735,4
8,DEL,747,2
8,DEL,751,3
8,DEL,755,6
8,DEL,759,1
8,DEL,763,1
8,DEL,767,2
8,DEL,779,1
8,DEL,783,1
8,DEL,803,2
8,DEL,807,1
8,DEL,871,1
8,DEL,891,1
8,DEL,927,1
8,DEL,1247,1
8,DEL,1391,1
8,DEL,1415,1
8,DEL,1455,1
8,DEL,1495,1
8,DEL,1599,1
8,DEL,1623,1
8,DEL,1647,1
8,DEL,1655,1
8,DEL,1679,1
8,DEL,1727,1
8,DEL,1735,2
8,DEL,1815,1
8,DEL,1823,1
8,DEL,1911,1
8,DEL,1927,1
8,DEL,1975,1
8,DEL,2007,1
8,DEL,2175,1
8,DEL,2431,1
8,SET,82,1
8,SET,87,1
8,SET,89,1
8,SET,90,3
8,SET,91,1
8,SET,92,3
8,SET,93,2
8,SET,94,2
8,SET,95,4
8,SET,96,5
8,SET,97,6
8,SET,98,4
8,SET,99,5
8,SET,100,8
8,SET,101,7
8,SET,102,9
8,SET,103,11
8,SET,104,9
8,SET,105,11
8,SET,106,13
8,SET,107,15
8,SET,108,16
8,SET,109,13
8,SET,110,13
8,SET,111,14
8,SET,112,28
8,SET,113,12
8,SET,114,16
8,SET,115,16
8,SET,116,23
8,SET,117,17
8,SET,118,22
8,SET,119,25
8,SET,120,24
8,SET,121,29
8,SET,122,23
8,SET,123,41
8,SET,124,30
8,SET,125,26
8,SET,126,30
8,SET,127,29
8,SET,128,42
8,SET,129,33
8,SET,130,33
8,SET,131,38
8,SET,132,38
8,SET,133,41
8,SET,134,34
8,SET,135,44
8,SET,136,40
8,SET,137,35
8,SET,138,53
8,SET,139,43
8,SET,140,47
8,SET,141,37
8,SET,142,56
8,SET,143,51
8,SET,144,39
8,SET,145,47
8,SET,146,63
8,SET,147,48
8,SET,148,42
8,SET,149,47
8,SET,150,53
8,SET,151,32
8,SET,152,34
8,SET,153,46
8,SET,154,54
8,SET,155,46
8,SET,156,53
8,SET,157,37
8,SET,158,49
8,SET,159,42
8,SET,160,48
8,SET,161,41
8,SET,162,49
8,SET,163,46
8,SET,164,36
8,SET,165,30
8,SET,166,45
8,SET,167,27
8,SET,168,33
8,SET,169,47
8,SET,170,39
8,SET,171,27
8,SET,172,25
8,SET,173,18
8,SET,174,32
8,SET,175,40
8,SET,176,21
8,SET,177,23
8,SET,178,25
8,SET,179,23
8,SET,180,32
8,SET,181,14
8,SET,182,23
8,SET,183,29
8,SET,184,26
8,SET,185,19
8,SET,186,21
8,SET,187,19
8,SET,188,15
8,SET,189,22
8,SET,190,19
8,SET,191,13
8,SET,192,13
8,SET,193,22
8,SET,194,15
8,SET,195,20
8,SET,196,15
8,SET,197,17
8,SET,198,15
8,SET,199,12
8,SET,200,17
8,SET,201,13
8,SET,202,19
8,SET,203,16
8,SET,204,18
8,SET,205,9
8,SET,206,21
8,SET,207,11
8,SET,208,21
8,SET,209,13
8,SET,210,14
8,SET,211,17
8,SET,212,14
8,SET,213,17
8,SET,214,8
8,SET,215,16
8,SET,216,12
8,SET,217,15
8,SET,218,22
8,SET,219,19
8,SET,220,21
8,SET,221,19
8,SET,222,18
8,SET,223,20
8,SET,224,22
8,SET,225,23
8,SET,226,29
8,SET,227,19
8,SET,228,17
8,SET,229,26
8,SET,230,22
8,SET,231,30
8,SET,232,31
8,SET,233,22
8,SET,234,33
8,SET,235,34
8,SET,236,18
8,SET,237,31
8,SET,238,39
8,SET,239,27
8,SET,240,34
8,SET,241,18
8,SET,242,30
8,SET,243,28
8,SET,244,30
8,SET,245,20
8,SET,246,32
8,SET,247,25
8,SET,248,36
8,SET,249,36
8,SET,250,35
8,SET,251,28
8,SET,252,27
8,SET,253,24
8,SET,254,18
8,SET,255,22
8,SET,257,46
8,SET,259,50
8,SET,261,43
8,SET,263,37
8,SET,265,24
8,SET,267,44
8,SET,269,42
8,SET,271,46
8,SET,273,42
8,SET,275,32
8,SET,277,29
8,SET,279,45
8,SET,281,38
8,SET,283,28
8,SET,285,36
8,SET,287,43
8,SET,289,34
8,SET,291,40
8,SET,293,44
8,SET,295,45
8,SET,297,40
8,SET,299,52
8,SET,301,64
8,SET,303,79
8,SET,305,80
8,SET,307,102
8,SET,309,146
8,SET,311,162
8,SET,313,205
8,SET,315,250
8,SET,317,279
8,SET,319,289
8,SET,321,392
8,SET,323,414
8,SET,325,472
8,SET,327,558
8,SET,329,650
8,SET,331,749
8,SET,333,760
8,SET,335,819
8,SET,337,945
8,SET,339,980
8,SET,341,990
8,SET,343,1024
8,SET,345,1002
8,SET,347,1044
8,SET,349,1000
8,SET,351,993
8,SET,353,1015
8,SET,355,925
8,SET,357,861
8,SET,359,804
8,SET,361,768
8,SET,363,679
8,SET,365,602
8,SET,367,589
8,SET,369,515
8,SET,371,482
8,SET,373,419
8,SET,375,404
8,SET,377,377
8,SET,379,309
8,SET,381,259
8,SET,383,250
8,SET,385,203
8,SET,387,195
8,SET,389,214
8,SET,391,167
8,SET,393,155
8,SET,395,126
8,SET,397,117
8,SET,399,114
8,SET,401,87
8,SET,403,99
8,SET,405,81
8,SET,407,71
8,SET,409,63
8,SET,411,69
8,SET,413,74
8,SET,415,44
8,SET,417,44
8,SET,419,38
8,SET,421,31
8,SET,423,32
8,SET,425,32
8,SET,427,38
8,SET,429,26
8,SET,431,27
8,SET,433,16
8,SET,435,20
8,SET,437,17
8,SET,439,20
8,SET,441,21
8,SET,443,18
8,SET,445,9
8,SET,447,12
8,SET,449,6
8,SET,451,14
8,SET,453,14
8,SET,455,8
8,SET,457,4
8,SET,459,14
8,SET,461,9
8,SET,463,10
8,SET,465,7
8,SET,467,8
8,SET,469,7
8,SET,471,10
8,SET,473,7
8,SET,475,5
8,SET,477,6
8,SET,479,7
8,SET,481,6
8,SET,483,4
8,SET,485,4
8,SET,487,5
8,SET,489,4
8,SET,491,4
8,SET,493,2
8,SET,495,2
8,SET,497,2
8,SET,501,3
8,SET,505,1
8,SET,507,4
8,SET,509,2
8,SET,511,4
8,SET,515,2
8,SET,519,3
8,SET,523,6
8,SET,527,1
8,SET,531,2
8,SET,535,3
8,SET,539,1
8,SET,543,2
8,SET,547,1
8,SET,551,2
8,SET,555,2
8,SET,559,3
8,SET,567,1
8,SET,571,1
8,SET,579,3
8,SET,583,1
8,SET,591,2
8,SET,595,2
8,SET,599,3
8,SET,603,5
8,SET,607,1
8,SET,611,2
8,SET,619,1
8,SET,623,2
8,SET,627,1
8,SET,639,1
8,SET,651,1
8,SET,659,2
8,SET,663,1
8,SET,679,2
8,SET,687,1
8,SET,723,1
8,SET,735,1
8,SET,743,2
8,SET,747,1
8,SET,755,1
8,SET,1711,1
8,SET,1727,1
8,SET,1975,1
8,SET,3423,1
9,DEL,82,1
9,DEL,84,3
9,DEL,85,5
9,DEL,86,6
9,DEL,87,8
9,DEL,88,9
9,DEL,89,17
9,DEL,90,14
9,DEL,91,19
9,DEL,92,12
9,DEL,93,21
9,DEL,94,25
9,DEL,95,28
9,DEL,96,38
9,DEL,97,44
9,DEL,98,27
9,DEL,99,45
9,DEL,100,61
9,DEL,101,44
9,DEL,102,45
9,DEL,103,58
9,DEL,104,53
9,DEL,105,61
9,DEL,106,49
9,DEL,107,83
9,DEL,108,69
9,DEL,109,89
9,DEL,110,89
9,DEL,111,62
9,DEL,112,93
9,DEL,113,107
9,DEL,114,113
9,DEL,115,108
9,DEL,116,112
9,DEL,117,119
9,DEL,118,108
9,DEL,119,140
9,DEL,120,115
9,DEL,121,144
9,DEL,122,138
9,DEL,123,151
9,DEL,124,180
9,DEL,125,173
9,DEL,126,185
9,DEL,127,199
9,DEL,128,208
9,DEL,129,189
9,DEL,130,198
9,DEL,131,207
9,DEL,132,183
9,DEL,133,213
9,DEL,134,207
9,DEL,135,229
9,DEL,136,229
9,DEL,137,242
9,DEL,138,239
9,DEL,139,247
9,DEL,140,260
9,DEL,141,263
9,DEL,142,238
9,DEL,143,226
9,DEL,144,274
9,DEL,145,212
9,DEL,146,236
9,DEL,147,248
9,DEL,148,242
9,DEL,149,247
9,DEL,150,238
9,DEL,151,229
9,DEL,152,257
9,DEL,153,214
9,DEL,154,219
9,DEL,155,233
9,DEL,156,228
9,DEL,157,209
9,DEL,158,220
9,DEL,159,203
9,DEL,160,216
9,DEL,161,189
9,DEL,162,221
9,DEL,163,188
9,DEL,164,177
9,DEL,165,188
9,DEL,166,175
9,DEL,167,152
9,DEL,168,165
9,DEL,169,132
9,DEL,170,163
9,DEL,171,154
9,DEL,172,168
9,DEL,173,143
9,DEL,174,134
9,DEL,175,124
9,DEL,176,147
9,DEL,177,134
9,DEL,178,116
9,DEL,179,114
9,DEL,180,100
9,DEL,181,86
9,DEL,182,108
9,DEL,183,112
9,DEL,184,86
9,DEL,185,82
9,DEL,186,101
9,DEL,187,84
9,DEL,188,78
9,DEL,189,86
9,DEL,190,85
9,DEL,191,57
9,DEL,192,87
9,DEL,193,89
9,DEL,194,71
9,DEL,195,70
9,DEL,196,66
9,DEL,197,59
9,DEL,198,86
9,DEL,199,72
9,DEL,200,71
9,DEL,201,82
9,DEL,202,77
9,DEL,203,76
9,DEL,204,78
9,DEL,205,62
9,DEL,206,71
9,DEL,207,82
9,DEL,208,77
9,DEL,209,63
9,DEL,210,83
9,DEL,211,82
9,DEL,212,80
9,DEL,213,86
9,DEL,214,87
9,DEL,215,89
9,DEL,216,89
9,DEL,217,89
9,DEL,218,104
9,DEL,219,112
9,DEL,220,129
9,DEL,221,110
9,DEL,222,108
9,DEL,223,111
9,DEL,224,118
9,DEL,225,128
9,DEL,226,113
9,DEL,227,129
9,DEL,228,123
9,DEL,229,131
9,DEL,230,135
9,DEL,231,134
9,DEL,232,127
9,DEL,233,129
9,DEL,234,154
9,DEL,235,123
9,DEL,236,137
9,DEL,237,115
9,DEL,238,141
9,DEL,239,147
9,DEL,240,149
9,DEL,241,150
9,DEL,242,135
9,DEL,243,168
9,DEL,244,118
9,DEL,245,140
9,DEL,246,120
9,DEL,247,130
9,DEL,248,144
9,DEL,249,121
9,DEL,250,129
9,DEL,251,118
9,DEL,252,111
9,DEL,253,128
9,DEL,254,136
9,DEL,255,110
9,DEL,257,214
9,DEL,259,220
9,DEL,261,198
9,DEL,263,179
9,DEL,265,197
9,DEL,267,184
9,DEL,269,188
9,DEL,271,199
9,DEL,273,194
9,DEL,275,191
9,DEL,277,166
9,DEL,279,178
9,DEL,281,169
9,DEL,283,180
9,DEL,285,190
9,DEL,287,190
9,DEL,289,221
9,DEL,291,223
9,DEL,293,279
9,DEL,295,298
9,DEL,297,344
9,DEL,299,366
9,DEL,301,445
9,DEL,303,506
9,DEL,305,602
9,DEL,307,697
9,DEL,309,839
9,DEL,311,1014
9,DEL,313,1149
9,DEL,315,1383
9,DEL,317,1586
9,DEL,319,1835
9,DEL,321,2114
9,DEL,323,2308
9,DEL,325,2685
9,DEL,327,2913
9,DEL,329,3191
9,DEL,331,3535
9,DEL,333,3749
9,DEL,335,4106
9,DEL,337,4201
9,DEL,339,4467
9,DEL,341,4654
9,DEL,343,4697
9,DEL,345,4733
9,DEL,347,4725
9,DEL,349,4713
9,DEL,351,4625
9,DEL,353,4502
9,DEL,355,4302
9,DEL,357,4126
9,DEL,359,3928
9,DEL,361,3545
9,DEL,363,3407
9,DEL,365,3141
9,DEL,367,2924
9,DEL,369,2652
9,DEL,371,2430
9,DEL,373,2211
9,DEL,375,2069
9,DEL,377,1812
9,DEL,379,1651
9,DEL,381,1454
9,DEL,383,1306
9,DEL,385,1194
9,DEL,387,1026
9,DEL,389,887
9,DEL,391,838
9,DEL,393,753
9,DEL,395,616
9,DEL,397,576
9,DEL,399,518
9,DEL,401,477
9,DEL,403,441
9,DEL,405,395
9,DEL,407,353
9,DEL,409,294
9,DEL,411,265
9,DEL,413,268
9,DEL,415,238
9,DEL,417,194
9,DEL,419,204
9,DEL,421,177
9,DEL,423,141
9,DEL,425,129
9,DEL,427,127
9,DEL,429,123
9,DEL,431,121
9,DEL,433,123
9,DEL,435,114
9,DEL,437,101
9,DEL,439,89
9,DEL,441,88
9,DEL,443,87
9,DEL,445,81
9,DEL,447,76
9,DEL,449,74
9,DEL,451,70
9,DEL,453,56
9,DEL,455,35
9,DEL,457,53
9,DEL,459,50
9,DEL,461,35
9,DEL,463,32
9,DEL,465,40
9,DEL,467,32
9,DEL,469,23
9,DEL,471,25
9,DEL,473,29
9,DEL,475,22
9,DEL,477,32
9,DEL,479,25
9,DEL,481,19
9,DEL,483,11
9,DEL,485,15
9,DEL,487,21
9,DEL,489,22
9,DEL,491,22
9,DEL,493,15
9,DEL,495,19
9,DEL,497,13
9,DEL,499,8
9,DEL,501,9
9,DEL,503,16
9,DEL,505,8
9,DEL,507,13
9,DEL,509,18
9,DEL,511,9
9,DEL,515,11
9,DEL,519,16
9,DEL,523,15
9,DEL,527,15
9,DEL,531,9
9,DEL,535,14
9,DEL,539,13
9,DEL,543,11
9,DEL,547,7
9,DEL,551,10
9,DEL,555,8
9,DEL,559,6
9,DEL,563,8
9,DEL,567,12
9,DEL,571,8
9,DEL,575,7
9,DEL,579,11
9,DEL,583,5
9,DEL,587,6
9,DEL,591,8
9,DEL,595,9
9,DEL,599,8
9,DEL,603,5
9,DEL,607,6
9,DEL,611,11
9,DEL,615,5
9,DEL,619,6
9,DEL,623,9
9,DEL,627,4
9,DEL,631,4
9,DEL,635,2
9,DEL,639,5
9,DEL,643,4
9,DEL,647,3
9,DEL,651,3
9,DEL,655,1
9,DEL,659,4
9,DEL,663,1
9,DEL,667,2
9,DEL,671,5
9,DEL,675,2
9,DEL,679,3
9,DEL,683,2
9,DEL,691,4
9,DEL,695,1
9,DEL,703,2
9,DEL,707,5
9,DEL,711,2
9,DEL,715,4
9,DEL,719,1
9,DEL,723,3
9,DEL,727,2
9,DEL,731,2
9,DEL,735,4
9,DEL,739,1
9,DEL,743,4
9,DEL,747,1
9,DEL,751,4
9,DEL,755,2
9,DEL,759,1
9,DEL,763,3
9,DEL,767,3
9,DEL,771,2
9,DEL,775,3
9,DEL,783,1
9,DEL,787,1
9,DEL,791,3
9,DEL,795,1
9,DEL,799,1
9,DEL,803,1
9,DEL,815,1
9,DEL,819,1
9,DEL,823,1
9,DEL,1103,1
9,DEL,1423,1
9,DEL,1479,1
9,DEL,1511,1
9,DEL,1519,1
9,DEL,1535,1
9,DEL,1591,2
9,DEL,1607,1
9,DEL,1631,1
9,DEL,1639,1
9,DEL,1647,1
9,DEL,1655,1
9,DEL,1663,2
9,DEL,1671,1
9,DEL,1687,1
9,DEL,1695,1
9,DEL,1703,2
9,DEL,1719,1
9,DEL,1727,1
9,DEL,1863,1
9,DEL,1911,1
9,DEL,1927,1
9,DEL,2175,1
9,DEL,2191,1
9,DEL,2367,1
9,DEL,2399,2
9,DEL,2463,1
9,DEL,2703,1
9,DEL,3167,1
9,DEL,3471,1
9,GET,80,1
9,GET,81,1
9,GET,82,2
9,GET,83,3
9,GET,84,5
9,GET,85,11
9,GET,86,11
9,GET,87,18
9,GET,88,16
9,GET,89,34
9,GET,90,40
9,GET,91,41
9,GET,92,67
9,GET,93,73
9,GET,94,66
9,GET,95,98
9,GET,96,94
9,GET,97,107
9,GET,98,116
9,GET,99,122
9,GET,100,131
9,GET,101,161
9,GET,102,134
9,GET,103,140
9,GET,104,167
9,GET,105,152
9,GET,106,185
9,GET,107,189
9,GET,108,187
9,GET,109,168
9,GET,110,236
9,GET,111,225
9,GET,112,239
9,GET,113,234
9,GET,114,269
9,GET,115,311
9,GET,116,315
9,GET,117,338
9,GET,118,334
9,GET,119,376
9,GET,120,381
9,GET,121,399
9,GET,122,393
9,GET,123,445
9,GET,124,465
9,GET,125,464
9,GET,126,547
9,GET,127,537
9,GET,128,552
9,GET,129,566
9,GET,130,591
9,GET,131,595
9,GET,132,554
9,GET,133,630
9,GET,134,673
9,GET,135,652
9,GET,136,695
9,GET,137,667
9,GET,138,653
9,GET,139,588
9,GET,140,624
9,GET,141,662
9,GET,142,649
9,GET,143,671
9,GET,144,705
9,GET,145,660
9,GET,146,669
9,GET,147,662
9,GET,148,650
9,GET,149,662
9,GET,150,666
9,GET,151,702
9,GET,152,685
9,GET,153,616
9,GET,154,665
9,GET,155,658
9,GET,156,610
9,GET,157,642
9,GET,158,643
9,GET,159,578
9,GET,160,559
9,GET,161,576
9,GET,162,583
9,GET,163,527
9,GET,164,550
9,GET,165,512
9,GET,166,496
9,GET,167,517
9,GET,168,476
9,GET,169,429
9,GET,170,439
9,GET,171,429
9,GET,172,408
9,GET,173,391
9,GET,174,385
9,GET,175,386
9,GET,176,350
9,GET,177,332
9,GET,178,312
9,GET,179,343
9,GET,180,290
9,GET,181,350
9,GET,182,282
9,GET,183,299
9,GET,184,264
9,GET,185,241
9,GET,186,241
9,GET,187,258
9,GET,188,246
9,GET,189,238
9,GET,190,237
9,GET,191,231
9,GET,192,225
9,GET,193,213
9,GET,194,205
9,GET,195,233
9,GET,196,245
9,GET,197,192
9,GET,198,230
9,GET,199,202
9,GET,200,192
9,GET,201,189
9,GET,202,197
9,GET,203,175
9,GET,204,210
9,GET,205,185
9,GET,206,226
9,GET,207,213
9,GET,208,199
9,GET,209,246
9,GET,210,239
9,GET,211,221
9,GET,212,217
9,GET,213,229
9,GET,214,293
9,GET,215,242
9,GET,216,283
9,GET,217,269
9,GET,218,258
9,GET,219,277
9,GET,220,301
9,GET,221,297
9,GET,222,312
9,GET,223,301
9,GET,224,328
9,GET,225,352
9,GET,226,349
9,GET,227,341
9,GET,228,356
9,GET,229,330
9,GET,230,368
9,GET,231,347
9,GET,232,382
9,GET,233,358
9,GET,234,368
9,GET,235,411
9,GET,236,402
9,GET,237,380
9,GET,238,356
9,GET,239,399
9,GET,240,370
9,GET,241,337
9,GET,242,397
9,GET,243,415
9,GET,244,378
9,GET,245,398
9,GET,246,378
9,GET,247,368
9,GET,248,374
9,GET,249,386
9,GET,250,364
9,GET,251,377
9,GET,252,339
9,GET,253,331
9,GET,254,341
9,GET,255,314
9,GET,257,651
9,GET,259,589
9,GET,261,599
9,GET,263,579
9,GET,265,584
9,GET,267,548
9,GET,269,537
9,GET,271,538
9,GET,273,477
9,GET,275,496
9,GET,277,496
9,GET,279,508
9,GET,281,509
9,GET,283,497
9,GET,285,519
9,GET,287,567
9,GET,289,591
9,GET,291,676
9,GET,293,737
9,GET,295,843
9,GET,297,974
9,GET,299,1094
9,GET,301,1270
9,GET,303,1506
9,GET,305,1716
9,GET,307,2064
9,GET,309,2407
9,GET,311,2757
9,GET,313,3322
9,GET,315,3937
9,GET,317,4489
9,GET,319,5044
9,GET,321,5743
9,GET,323,6722
9,GET,325,7434
9,GET,327,8393
9,GET,329,9154
9,GET,331,9949
9,GET,333,10431
9,GET,335,11576
9,GET,337,12112
9,GET,339,12476
9,GET,341,12916
9,GET,343,13131
9,GET,345,13138
9,GET,347,13351
9,GET,349,13492
9,GET,351,12911
9,GET,353,12553
9,GET,355,12279
9,GET,357,11562
9,GET,359,10902
9,GET,361,10394
9,GET,363,9554
9,GET,365,8815
9,GET,367,8082
9,GET,369,7463
9,GET,371,6676
9,GET,373,6194
9,GET,375,5560
9,GET,377,5067
9,GET,379,4505
9,GET,381,3928
9,GET,383,3522
9,GET,385,3216
9,GET,387,2897
9,GET,389,2584
9,GET,391,2302
9,GET,393,2052
9,GET,395,1883
9,GET,397,1682
9,GET,399,1480
9,GET,401,1365
9,GET,403,1190
9,GET,405,1070
9,GET,407,969
9,GET,409,873
9,GET,411,749
9,GET,413,715
9,GET,415,708
9,GET,417,624
9,GET,419,539
9,GET,421,469
9,GET,423,477
9,GET,425,454
9,GET,427,375
9,GET,429,402
9,GET,431,333
9,GET,433,306
9,GET,435,329
9,GET,437,279
9,GET,439,217
9,GET,441,237
9,GET,443,200
9,GET,445,230
9,GET,447,204
9,GET,449,172
9,GET,451,153
9,GET,453,137
9,GET,455,122
9,GET,457,136
9,GET,459,123
9,GET,461,116
9,GET,463,121
9,GET,465,102
9,GET,467,85
9,GET,469,94
9,GET,471,83
9,GET,473,83
9,GET,475,90
9,GET,477,76
9,GET,479,66
9,GET,481,67
9,GET,483,46
9,GET,485,66
9,GET,487,56
9,GET,489,51
9,GET,491,52
9,GET,493,64
9,GET,495,44
9,GET,497,32
9,GET,499,38
9,GET,501,34
9,GET,503,24
9,GET,505,21
9,GET,507,31
9,GET,509,24
9,GET,511,24
9,GET,515,54
9,GET,519,48
9,GET,523,47
9,GET,527,36
9,GET,531,29
9,GET,535,33
9,GET,539,19
9,GET,543,26
9,GET,547,20
9,GET,551,18
9,GET,555,24
9,GET,559,22
9,GET,563,18
9,GET,567,16
9,GET,571,14
9,GET,575,23
9,GET,579,21
9,GET,583,17
9,GET,587,18
9,GET,591,21
9,GET,595,18
9,GET,599,19
9,GET,603,26
9,GET,607,12
9,GET,611,17
9,GET,615,20
9,GET,619,15
9,GET,623,12
9,GET,627,21
9,GET,631,13
9,GET,635,10
9,GET,639,20
9,GET,643,17
9,GET,647,12
9,GET,651,12
9,GET,655,12
9,GET,659,10
9,GET,663,8
9,GET,667,4
9,GET,671,4
9,GET,675,13
9,GET,679,8
9,GET,683,6
9,GET,687,6
9,GET,691,6
9,GET,695,5
9,GET,699,3
9,GET,703,3
9,GET,707,5
9,GET,711,6
9,GET,715,5
9,GET,719,3
9,GET,723,5
9,GET,727,7
9,GET,731,5
9,GET,735,9
9,GET,739,5
9,GET,747,8
9,GET,751,3
9,GET,755,3
9,GET,759,4
9,GET,763,4
9,GET,767,5
9,GET,771,4
9,GET,775,2
9,GET,779,2
9,GET,783,4
9,GET,787,1
9,GET,795,8
9,GET,803,1
9,GET,807,6
9,GET,815,1
9,GET,819,4
9,GET,831,2
9,GET,835,1
9,GET,839,1
9,GET,847,2
9,GET,851,1
9,GET,855,3
9,GET,867,1
9,GET,875,1
9,GET,879,1
9,GET,887,1
9,GET,899,2
9,GET,911,2
9,GET,915,1
9,GET,919,2
9,GET,923,1
9,GET,963,1
9,GET,983,1
9,GET,1003,1
9,GET,1167,1
9,GET,1271,1
9,GET,1327,1
9,GET,1407,1
9,GET,1463,1
9,GET,1471,2
9,GET,1479,1
9,GET,1487,1
9,GET,1495,1
9,GET,1503,1
9,GET,1519,1
9,GET,1535,1
9,GET,1543,1
9,GET,1615,1
9,GET,1623,3
9,GET,1639,1
9,GET,1647,1
9,GET,1663,1
9,GET,1671,1
9,GET,1679,1
9,GET,1687,5
9,GET,1695,2
9,GET,1703,1
9,GET,1727,1
9,GET,1735,1
9,GET,1743,1
9,GET,1759,1
9,GET,1775,1
9,GET,1807,1
9,GET,1815,1
9,GET,1847,2
9,GET,1855,1
9,GET,1863,1
9,GET,1871,1
9,GET,1895,1
9,GET,1935,1
9,GET,1991,1
9,GET,2063,1
9,GET,2095,2
9,GET,2111,2
9,GET,2143,1
9,GET,2207,1
9,GET,2271,1
9,GET,2319,2
9,GET,2399,1
9,GET,2543,1
9,GET,2591,1
9,GET,2607,1
9,GET,2639,1
9,GET,2879,1
9,GET,3135,1
9,GET,3423,1
9,GET,3583,1
9,GET,3903,1
9,GET,5311,1
9,SET,86,1
9,SET,87,2
9,SET,88,2
9,SET,89,6
9,SET,90,6
9,SET,91,1
9,SET,92,1
9,SET,93,1
9,SET,94,10
9,SET,95,6
9,SET,96,8
9,SET,97,13
9,SET,98,3
9,SET,99,3
9,SET,100,5
9,SET,101,14
9,SET,102,4
9,SET,103,7
9,SET,104,5
9,SET,105,8
9,SET,106,7
9,SET,107,9
9,SET,108,12
9,SET,109,9
9,SET,110,17
9,SET,111,23
9,SET,112,20
9,SET,113,22
9,SET,114,14
9,SET,115,28
9,SET,116,25
9,SET,117,18
9,SET,118,24
9,SET,119,27
9,SET,120,27
9,SET,121,30
9,SET,122,33
9,SET,123,32
9,SET,124,33
9,SET,125,32
9,SET,126,43
9,SET,127,44
9,SET,128,51
9,SET,129,55
9,SET,130,42
9,SET,131,41
9,SET,132,33
9,SET,133,31
9,SET,134,45
9,SET,135,45
9,SET,136,39
9,SET,137,41
9,SET,138,51
9,SET,139,45
9,SET,140,42
9,SET,141,43
9,SET,142,52
9,SET,143,51
9,SET,144,46
9,SET,145,43
9,SET,146,46
9,SET,147,52
9,SET,148,33
9,SET,149,41
9,SET,150,39
9,SET,151,45
9,SET,152,37
9,SET,153,47
9,SET,154,34
9,SET,155,44
9,SET,156,39
9,SET,157,47
9,SET,158,40
9,SET,159,43
9,SET,160,35
9,SET,161,42
9,SET,162,42
9,SET,163,41
9,SET,164,36
9,SET,165,43
9,SET,166,47
9,SET,167,31
9,SET,168,35
9,SET,169,36
9,SET,170,35
9,SET,171,41
9,SET,172,35
9,SET,173,33
9,SET,174,22
9,SET,175,42
9,SET,176,26
9,SET,177,18
9,SET,178,27
9,SET,179,33
9,SET,180,22
9,SET,181,19
9,SET,182,24
9,SET,183,28
9,SET,184,22
9,SET,185,20
9,SET,186,21
9,SET,187,13
9,SET,188,21
9,SET,189,14
9,SET,190,25
9,SET,191,17
9,SET,192,17
9,SET,193,15
9,SET,194,11
9,SET,195,10
9,SET,196,12
9,SET,197,19
9,SET,198,14
9,SET,199,11
9,SET,200,8
9,SET,201,18
9,SET,202,10
9,SET,203,18
9,SET,204,18
9,SET,205,13
9,SET,206,20
9,SET,207,11
9,SET,208,16
9,SET,209,19
9,SET,210,18
9,SET,211,11
9,SET,212,8
9,SET,213,15
9,SET,214,28
9,SET,215,16
9,SET,216,18
9,SET,217,18
9,SET,218,20
9,SET,219,28
9,SET,220,16
9,SET,221,25
9,SET,222,16
9,SET,223,20
9,SET,224,20
9,SET,225,29
9,SET,226,27
9,SET,227,25
9,SET,228,29
9,SET,229,22
9,SET,230,18
9,SET,231,18
9,SET,232,32
9,SET,233,28
9,SET,234,22
9,SET,235,27
9,SET,236,28
9,SET,237,31
9,SET,238,18
9,SET,239,17
9,SET,240,20
9,SET,241,30
9,SET,242,35
9,SET,243,28
9,SET,244,27
9,SET,245,28
9,SET,246,29
9,SET,247,30
9,SET,248,22
9,SET,249,23
9,SET,250,27
9,SET,251,25
9,SET,252,19
9,SET,253,21
9,SET,254,25
9,SET,255,15
9,SET,257,48
9,SET,259,49
9,SET,261,39
9,SET,263,37
9,SET,265,40
9,SET,267,31
9,SET,269,38
9,SET,271,38
9,SET,273,43
9,SET,275,30
9,SET,277,32
9,SET,279,34
9,SET,281,25
9,SET,283,38
9,SET,285,35
9,SET,287,39
9,SET,289,48
9,SET,291,41
9,SET,293,53
9,SET,295,46
9,SET,297,64
9,SET,299,73
9,SET,301,78
9,SET,303,91
9,SET,305,113
9,SET,307,115
9,SET,309,164
9,SET,311,180
9,SET,313,221
9,SET,315,250
9,SET,317,286
9,SET,319,329
9,SET,321,371
9,SET,323,397
9,SET,325,494
9,SET,327,601
9,SET,329,593
9,SET,331,627
9,SET,333,753
9,SET,335,792
9,SET,337,894
9,SET,339,877
9,SET,341,890
9,SET,343,967
9,SET,345,917
9,SET,347,987
9,SET,349,973
9,SET,351,957
9,SET,353,918
9,SET,355,908
9,SET,357,869
9,SET,359,825
9,SET,361,738
9,SET,363,694
9,SET,365,648
9,SET,367,604
9,SET,369,543
9,SET,371,546
9,SET,373,484
9,SET,375,433
9,SET,377,377
9,SET,379,325
9,SET,381,301
9,SET,383,259
9,SET,385,260
9,SET,387,220
9,SET,389,182
9,SET,391,197
9,SET,393,170
9,SET,395,125
9,SET,397,132
9,SET,399,109
9,SET,401,97
9,SET,403,99
9,SET,405,75
9,SET,407,61
9,SET,409,76
9,SET,411,57
9,SET,413,55
9,SET,415,48
9,SET,417,38
9,SET,419,44
9,SET,421,46
9,SET,423,31
9,SET,425,36
9,SET,427,26
9,SET,429,33
9,SET,431,34
9,SET,433,28
9,SET,435,22
9,SET,437,22
9,SET,439,20
9,SET,441,22
9,SET,443,17
9,SET,445,19
9,SET,447,17
9,SET,449,13
9,SET,451,12
9,SET,453,8
9,SET,455,6
9,SET,457,10
9,SET,459,11
9,SET,461,12
9,SET,463,12
9,SET,465,5
9,SET,467,5
9,SET,469,8
9,SET,471,9
9,SET,473,6
9,SET,475,5
9,SET,477,9
9,SET,479,9
9,SET,483,2
9,SET,485,3
9,SET,487,1
9,SET,489,3
9,SET,491,4
9,SET,493,7
9,SET,495,5
9,SET,497,3
9,SET,499,2
9,SET,501,3
9,SET,503,5
9,SET,505,4
9,SET,507,4
9,SET,509,1
9,SET,511,2
9,SET,515,2
9,SET,519,4
9,SET,523,3
9,SET,531,2
9,SET,535,2
9,SET,539,2
9,SET,543,3
9,SET,547,2
9,SET,551,1
9,SET,555,3
9,SET,559,1
9,SET,563,1
9,SET,567,1
9,SET,575,1
9,SET,579,1
9,SET,583,1
9,SET,587,2
9,SET,595,1
9,SET,599,2
9,SET,603,2
9,SET,607,2
9,SET,615,1
9,SET,619,2
9,SET,627,3
9,SET,635,4
9,SET,639,2
9,SET,643,1
9,SET,651,1
9,SET,655,1
9,SET,659,1
9,SET,663,1
9,SET,671,1
9,SET,679,1
9,SET,683,1
9,SET,707,1
9,SET,739,1
9,SET,751,1
9,SET,771,2
9,SET,791,1
9,SET,1487,1
9,SET,1519,1
9,SET,1543,1
9,SET,1663,1
9,SET,2063,1
9,SET,2191,1
10,GET,78,1
10,GET,80,2
10,GET,81,2
10,GET,82,1
10,GET,83,2
10,GET,84,11
10,GET,85,6
10,GET,86,8
10,GET,87,16
10,GET,88,20
10,GET,89,26
10,GET,90,28
10,GET,91,27
10,GET,92,31
10,GET,93,35
10,GET,94,41
10,GET,95,58
10,GET,96,71
10,GET,97,96
10,GET,98,76
10,GET,99,85
10,GET,100,79
10,GET,101,95
10,GET,102,127
10,GET,103,152
10,GET,104,150
10,GET,105,168
10,GET,106,207
10,GET,107,186
10,GET,108,266
10,GET,109,222
10,GET,110,267
10,GET,111,265
10,GET,112,290
10,GET,113,332
10,GET,114,325
10,GET,115,389
10,GET,116,406
10,GET,117,378
10,GET,118,369
10,GET,119,441
10,GET,120,446
10,GET,121,468
10,GET,122,455
10,GET,123,497
10,GET,124,498
10,GET,125,557
10,GET,126,565
10,GET,127,566
10,GET,128,632
10,GET,129,639
10,GET,130,673
10,GET,131,689
10,GET,132,612
10,GET,133,669
10,GET,134,659
10,GET,135,716
10,GET,136,682
10,GET,137,699
10,GET,138,690
10,GET,139,724
10,GET,140,727
10,GET,141,719
10,GET,142,697
10,GET,143,679
10,GET,144,690
10,GET,145,735
10,GET,146,711
10,GET,147,717
10,GET,148,715
10,GET,149,685
10,GET,150,649
10,GET,151,638
10,GET,152,648
10,GET,153,635
10,GET,154,614
10,GET,155,623
10,GET,156,608
10,GET,157,599
10,GET,158,588
10,GET,159,550
10,GET,160,521
10,GET,161,519
10,GET,162,530
10,GET,163,512
10,GET,164,467
10,GET,165,452
10,GET,166,452
10,GET,167,465
10,GET,168,435
10,GET,169,415
10,GET,170,422
10,GET,171,374
10,GET,172,411
10,GET,173,360
10,GET,174,298
10,GET,175,335
10,GET,176,307
10,GET,177,338
10,GET,178,286
10,GET,179,266
10,GET,180,312
10,GET,181,264
10,GET,182,256
10,GET,183,279
10,GET,184,252
10,GET,185,264
10,GET,186,211
10,GET,187,206
10,GET,188,213
10,GET,189,194
10,GET,190,200
10,GET,191,198
10,GET,192,208
10,GET,193,213
10,GET,194,181
10,GET,195,165
10,GET,196,166
10,GET,197,204
10,GET,198,230
10,GET,199,188
10,GET,200,209
10,GET,201,183
10,GET,202,175
10,GET,203,176
10,GET,204,210
10,GET,205,197
10,GET,206,178
10,GET,207,220
10,GET,208,201
10,GET,209,214
10,GET,210,234
10,GET,211,208
10,GET,212,209
10,GET,213,238
10,GET,214,225
10,GET,215,259
10,GET,216,243
10,GET,217,282
10,GET,218,277
10,GET,219,263
10,GET,220,282
10,GET,221,277
10,GET,222,294
10,GET,223,277
10,GET,224,299
10,GET,225,316
10,GET,226,316
10,GET,227,369
10,GET,228,336
10,GET,229,367
10,GET,230,352
10,GET,231,358
10,GET,232,375
10,GET,233,342
10,GET,234,351
10,GET,235,335
10,GET,236,330
10,GET,237,391
10,GET,238,389
10,GET,239,408
10,GET,240,381
10,GET,241,383
10,GET,242,358
10,GET,243,383
10,GET,244,415
10,GET,245,386
10,GET,246,399
10,GET,247,400
10,GET,248,336
10,GET,249,376
10,GET,250,371
10,GET,251,367
10,GET,252,365
10,GET,253,326
10,GET,254,320
10,GET,255,299
10,GET,257,647
10,GET,259,622
10,GET,261,611
10,GET,263,625
10,GET,265,623
10,GET,267,562
10,GET,269,542
10,GET,271,540
10,GET,273,549
10,GET,275,551
10,GET,277,519
10,GET,279,559
10,GET,281,532
10,GET,283,603
10,GET,285,623
10,GET,287,659
10,GET,289,685
10,GET,291,797
10,GET,293,861
10,GET,295,984
10,GET,297,1021
10,GET,299,1222
10,GET,301,1366
10,GET,303,1654
10,GET,305,1861
10,GET,307,2085
10,GET,309,2529
10,GET,311,2861
10,GET,313,3523
10,GET,315,3854
10,GET,317,4445
10,GET,319,5231
10,GET,321,5808
10,GET,323,6622
10,GET,325,7394
10,GET,327,8113
10,GET,329,9064
10,GET,331,9775
10,GET,333,10513
10,GET,335,11258
10,GET,337,12001
10,GET,339,12409
10,GET,341,12722
10,GET,343,12964
10,GET,345,13273
10,GET,347,13299
10,GET,349,13010
10,GET,351,12794
10,GET,353,12665
10,GET,355,12219
10,GET,357,11286
10,GET,359,10840
10,GET,361,9877
10,GET,363,9283
10,GET,365,8714
10,GET,367,8055
10,GET,369,7345
10,GET,371,6778
10,GET,373,6116
10,GET,375,5596
10,GET,377,4985
10,GET,379,4514
10,GET,381,4142
10,GET,383,3631
10,GET,385,3289
10,GET,387,2912
10,GET,389,2599
10,GET,391,2252
10,GET,393,2129
10,GET,395,1817
10,GET,397,1647
10,GET,399,1510
10,GET,401,1420
10,GET,403,1239
10,GET,405,1108
10,GET,407,975
10,GET,409,938
10,GET,411,839
10,GET,413,790
10,GET,415,674
10,GET,417,612
10,GET,419,554
10,GET,421,536
10,GET,423,441
10,GET,425,404
10,GET,427,400
10,GET,429,366
10,GET,431,353
10,GET,433,305
10,GET,435,282
10,GET,437,268
10,GET,439,242
10,GET,441,244
10,GET,443,218
10,GET,445,199
10,GET,447,175
10,GET,449,167
10,GET,451,175
10,GET,453,159
10,GET,455,156
10,GET,457,137
10,GET,459,118
10,GET,461,119
10,GET,463,118
10,GET,465,81
10,GET,467,101
10,GET,469,100
10,GET,471,78
10,GET,473,79
10,GET,475,68
10,GET,477,67
10,GET,479,65
10,GET,481,75
10,GET,483,66
10,GET,485,55
10,GET,487,43
10,GET,489,58
10,GET,491,31
10,GET,493,44
10,GET,495,42
10,GET,497,29
10,GET,499,29
10,GET,501,29
10,GET,503,27
10,GET,505,29
10,GET,507,31
10,GET,509,25
10,GET,511,26
10,GET,515,40
10,GET,519,57
10,GET,523,44
10,GET,527,32
10,GET,531,38
10,GET,535,38
10,GET,539,28
10,GET,543,34
10,GET,547,24
10,GET,551,23
10,GET,555,19
10,GET,559,25
10,GET,563,14
10,GET,567,23
10,GET,571,13
10,GET,575,19
10,GET,579,17
10,GET,583,21
10,GET,587,23
10,GET,591,14
10,GET,595,18
10,GET,599,15
10,GET,603,23
10,GET,607,14
10,GET,611,18
10,GET,615,17
10,GET,619,13
10,GET,623,19
10,GET,627,21
10,GET,631,14
10,GET,635,10
10,GET,639,8
10,GET,643,13
10,GET,647,10
10,GET,651,6
10,GET,655,8
10,GET,659,13
10,GET,663,8
10,GET,667,12
10,GET,671,6
10,GET,675,7
10,GET,679,6
10,GET,683,3
10,GET,687,6
10,GET,691,2
10,GET,695,7
10,GET,699,5
10,GET,703,1
10,GET,707,2
10,GET,711,5
10,GET,715,4
10,GET,719,7
10,GET,723,3
10,GET,727,6
10,GET,731,9
10,GET,735,4
10,GET,739,7
10,GET,743,6
10,GET,747,3
10,GET,751,3
10,GET,755,4
10,GET,759,6
10,GET,763,6
10,GET,767,6
10,GET,771,3
10,GET,775,5
10,GET,779,4
10,GET,783,2
10,GET,787,3
10,GET,795,1
10,GET,803,1
10,GET,807,3
10,GET,811,1
10,GET,819,1
10,GET,827,3
10,GET,831,1
10,GET,835,2
10,GET,843,3
10,GET,851,2
10,GET,855,1
10,GET,867,1
10,GET,875,1
10,GET,879,2
10,GET,883,1
10,GET,887,2
10,GET,891,1
10,GET,939,1
10,GET,947,1
10,GET,971,2
10,GET,1055,1
10,GET,1159,1
10,GET,1319,1
10,GET,1359,2
10,GET,1367,1
10,GET,1431,1
10,GET,1463,2
10,GET,1471,1
10,GET,1479,1
10,GET,1487,2
10,GET,1503,1
10,GET,1511,1
10,GET,1519,1
10,GET,1559,2
10,GET,1567,2
10,GET,1583,1
10,GET,1599,1
10,GET,1607,1
10,GET,1631,2
10,GET,1663,1
10,GET,1679,1
10,GET,1695,1
10,GET,1719,1
10,GET,1727,2
10,GET,1743,1
10,GET,1751,3
10,GET,1767,2
10,GET,1775,3
10,GET,1823,1
10,GET,1847,1
10,GET,1871,2
10,GET,1879,1
10,GET,1887,1
10,GET,1895,1
10,GET,1903,1
10,GET,1927,1
10,GET,1959,1
10,GET,2031,1
10,GET,2039,1
10,GET,2159,1
10,GET,2191,2
10,GET,2223,1
10,GET,2303,1
10,GET,2399,1
10,GET,2415,1
10,GET,2447,1
10,GET,2479,1
10,GET,3247,1
10,GET,3279,1
10,GET,5343,1
10,SET,83,1
10,SET,85,1
10,SET,86,1
10,SET,89,3
10,SET,90,2
10,SET,91,3
10,SET,92,1
10,SET,93,2
10,SET,94,2
10,SET,95,6
10,SET,96,4
10,SET,97,7
10,SET,98,7
10,SET,99,10
10,SET,100,8
10,SET,101,6
10,SET,102,9
10,SET,103,7
10,SET,104,10
10,SET,105,9
10,SET,106,7
10,SET,107,8
10,SET,108,19
10,SET,109,23
10,SET,110,12
10,SET,111,15
10,SET,112,17
10,SET,113,19
10,SET,114,21
10,SET,115,27
10,SET,116,15
10,SET,117,27
10,SET,118,27
10,SET,119,26
10,SET,120,35
10,SET,121,30
10,SET,122,50
10,SET,123,43
10,SET,124,35
10,SET,125,35
10,SET,126,33
10,SET,127,44
10,SET,128,48
10,SET,129,38
10,SET,130,41
10,SET,131,50
10,SET,132,48
10,SET,133,51
10,SET,134,49
10,SET,135,49
10,SET,136,55
10,SET,137,50
10,SET,138,52
10,SET,139,53
10,SET,140,43
10,SET,141,56
10,SET,142,54
10,SET,143,55
10,SET,144,59
10,SET,145,38
10,SET,146,47
10,SET,147,32
10,SET,148,53
10,SET,149,56
10,SET,150,56
10,SET,151,44
10,SET,152,45
10,SET,153,41
10,SET,154,30
10,SET,155,44
10,SET,156,60
10,SET,157,46
10,SET,158,59
10,SET,159,41
10,SET,160,42
10,SET,161,36
10,SET,162,32
10,SET,163,33
10,SET,164,33
10,SET,165,30
10,SET,166,35
10,SET,167,39
10,SET,168,26
10,SET,169,27
10,SET,170,22
10,SET,171,36
10,SET,172,36
10,SET,173,25
10,SET,174,36
10,SET,175,20
10,SET,176,29
10,SET,177,24
10,SET,178,23
10,SET,179,11
10,SET,180,31
10,SET,181,18
10,SET,182,19
10,SET,183,19
10,SET,184,15
10,SET,185,16
10,SET,186,18
10,SET,187,17
10,SET,188,14
10,SET,189,18
10,SET,190,17
10,SET,191,15
10,SET,192,12
10,SET,193,9
10,SET,194,12
10,SET,195,14
10,SET,196,8
10,SET,197,13
10,SET,198,8
10,SET,199,16
10,SET,200,9
10,SET,201,8
10,SET,202,12
10,SET,203,14
10,SET,204,14
10,SET,205,21
10,SET,206,18
10,SET,207,8
10,SET,208,9
10,SET,209,12
10,SET,210,12
10,SET,211,14
10,SET,212,15
10,SET,213,19
10,SET,214,16
10,SET,215,13
10,SET,216,20
10,SET,217,16
10,SET,218,18
10,SET,219,26
10,SET,220,21
10,SET,221,15
10,SET,222,19
10,SET,223,18
10,SET,224,16
10,SET,225,16
10,SET,226,20
10,SET,227,22
10,SET,228,25
10,SET,229,21
10,SET,230,31
10,SET,231,25
10,SET,232,20
10,SET,233,25
10,SET,234,22
10,SET,235,30
10,SET,236,24
10,SET,237,22
10,SET,238,22
10,SET,239,29
10,SET,240,20
10,SET,241,28
10,SET,242,27
10,SET,243,23
10,SET,244,32
10,SET,245,32
10,SET,246,30
10,SET,247,31
10,SET,248,23
10,SET,249,27
10,SET,250,30
10,SET,251,23
10,SET,252,23
10,SET,253,30
10,SET,254,33
10,SET,255,33
10,SET,257,54
10,SET,259,53
10,SET,261,44
10,SET,263,41
10,SET,265,44
10,SET,267,45
10,SET,269,38
10,SET,271,44
10,SET,273,40
10,SET,275,43
10,SET,277,30
10,SET,279,34
10,SET,281,31
10,SET,283,47
10,SET,285,36
10,SET,287,47
10,SET,289,52
10,SET,291,59
10,SET,293,63
10,SET,295,50
10,SET,297,81
10,SET,299,67
10,SET,301,84
10,SET,303,103
10,SET,305,122
10,SET,307,147
10,SET,309,149
10,SET,311,183
10,SET,313,227
10,SET,315,258
10,SET,317,302
10,SET,319,364
10,SET,321,361
10,SET,323,459
10,SET,325,491
10,SET,327,529
10,SET,329,621
10,SET,331,658
10,SET,333,697
10,SET,335,778
10,SET,337,822
10,SET,339,855
10,SET,341,956
10,SET,343,928
10,SET,345,938
10,SET,347,892
10,SET,349,958
10,SET,351,930
10,SET,353,934
10,SET,355,862
10,SET,357,810
10,SET,359,729
10,SET,361,765
10,SET,363,706
10,SET,365,609
10,SET,367,630
10,SET,369,509
10,SET,371,504
10,SET,373,447
10,SET,375,432
10,SET,377,374
10,SET,379,310
10,SET,381,296
10,SET,383,291
10,SET,385,249
10,SET,387,205
10,SET,389,177
10,SET,391,193
10,SET,393,170
10,SET,395,138
10,SET,397,106
10,SET,399,102
10,SET,401,116
10,SET,403,94
10,SET,405,99
10,SET,407,73
10,SET,409,65
10,SET,411,44
10,SET,413,56
10,SET,415,43
10,SET,417,43
10,SET,419,40
10,SET,421,39
10,SET,423,33
10,SET,425,33
10,SET,427,34
10,SET,429,36
10,SET,431,34
10,SET,433,29
10,SET,435,29
10,SET,437,17
10,SET,439,20
10,SET,441,18
10,SET,443,18
10,SET,445,15
10,SET,447,16
10,SET,449,18
10,SET,451,11
10,SET,453,19
10,SET,455,4
10,SET,457,8
10,SET,459,9
10,SET,461,13
10,SET,463,7
10,SET,465,11
10,SET,467,5
10,SET,469,9
10,SET,471,12
10,SET,473,5
10,SET,475,6
10,SET,477,4
10,SET,479,6
10,SET,481,7
10,SET,483,3
10,SET,485,2
10,SET,487,3
10,SET,489,4
10,SET,491,6
10,SET,493,2
10,SET,499,6
10,SET,501,4
10,SET,503,2
10,SET,505,4
10,SET,507,5
10,SET,509,1
10,SET,511,6
10,SET,515,4
10,SET,519,1
10,SET,527,4
10,SET,531,3
10,SET,535,2
10,SET,539,4
10,SET,543,1
10,SET,547,2
10,SET,551,3
10,SET,555,2
10,SET,559,1
10,SET,563,3
10,SET,567,3
10,SET,575,1
10,SET,579,2
10,SET,587,1
10,SET,591,4
10,SET,595,1
10,SET,599,2
10,SET,603,1
10,SET,607,1
10,SET,611,1
10,SET,615,1
10,SET,619,1
10,SET,623,1
10,SET,635,1
10,SET,651,2
10,SET,655,1
10,SET,675,1
10,SET,683,2
10,SET,691,1
10,SET,699,1
10,SET,711,1
10,SET,723,1
10,SET,731,1
10,SET,739,1
10,SET,743,1
10,SET,755,2
10,SET,783,1
10,SET,799,1
10,SET,819,1
10,SET,855,1
10,SET,907,1
10,SET,931,1
10,SET,1679,1
10,SET,1695,1
10,SET,1879,1
10,SET,2111,2
10,SET,2463,1
10,SET,2495,1
10,SET,2543,1
10,DEL,81,1
10,DEL,84,3
10,DEL,85,2
10,DEL,86,2
10,DEL,87,3
10,DEL,88,7
10,DEL,89,6
10,DEL,90,9
10,DEL,91,9
10,DEL,92,10
10,DEL,93,11
10,DEL,94,25
10,DEL,95,30
10,DEL,96,29
10,DEL,97,17
10,DEL,98,24
10,DEL,99,29
10,DEL,100,51
10,DEL,101,47
10,DEL,102,47
10,DEL,103,54
10,DEL,104,45
10,DEL,105,65
10,DEL,106,64
10,DEL,107,69
10,DEL,108,74
10,DEL,109,111
10,DEL,110,98
10,DEL,111,99
10,DEL,112,106
10,DEL,113,104
10,DEL,114,137
10,DEL,115,137
10,DEL,116,137
10,DEL,117,145
10,DEL,118,157
10,DEL,119,171
10,DEL,120,163
10,DEL,121,176
10,DEL,122,183
10,DEL,123,169
10,DEL,124,195
10,DEL,125,219
10,DEL,126,204
10,DEL,127,189
10,DEL,128,208
10,DEL,129,214
10,DEL,130,238
10,DEL,131,215
10,DEL,132,237
10,DEL,133,226
10,DEL,134,250
10,DEL,135,239
10,DEL,136,273
10,DEL,137,243
10,DEL,138,256
10,DEL,139,256
10,DEL,140,223
10,DEL,141,244
10,DEL,142,300
10,DEL,143,240
10,DEL,144,236
10,DEL,145,231
10,DEL,146,232
10,DEL,147,255
10,DEL,148,220
10,DEL,149,247
10,DEL,150,231
10,DEL,151,247
10,DEL,152,239
10,DEL,153,209
10,DEL,154,234
10,DEL,155,226
10,DEL,156,221
10,DEL,157,180
10,DEL,158,224
10,DEL,159,193
10,DEL,160,197
10,DEL,161,187
10,DEL,162,219
10,DEL,163,185
10,DEL,164,168
10,DEL,165,177
10,DEL,166,176
10,DEL,167,140
10,DEL,168,159
10,DEL,169,155
10,DEL,170,144
10,DEL,171,118
10,DEL,172,139
10,DEL,173,145
10,DEL,174,131
10,DEL,175,112
10,DEL,176,117
10,DEL,177,125
10,DEL,178,100
10,DEL,179,74
10,DEL,180,92
10,DEL,181,104
10,DEL,182,102
10,DEL,183,90
10,DEL,184,96
10,DEL,185,86
10,DEL,186,93
10,DEL,187,83
10,DEL,188,75
10,DEL,189,66
10,DEL,190,84
10,DEL,191,85
10,DEL,192,62
10,DEL,193,64
10,DEL,194,62
10,DEL,195,86
10,DEL,196,62
10,DEL,197,64
10,DEL,198,67
10,DEL,199,51
10,DEL,200,69
10,DEL,201,89
10,DEL,202,62
10,DEL,203,68
10,DEL,204,61
10,DEL,205,76
10,DEL,206,58
10,DEL,207,76
10,DEL,208,73
10,DEL,209,76
10,DEL,210,77
10,DEL,211,77
10,DEL,212,80
10,DEL,213,80
10,DEL,214,65
10,DEL,215,82
10,DEL,216,96
10,DEL,217,88
10,DEL,218,95
10,DEL,219,88
10,DEL,220,95
10,DEL,221,99
10,DEL,222,100
10,DEL,223,103
10,DEL,224,115
10,DEL,225,111
10,DEL,226,94
10,DEL,227,120
10,DEL,228,128
10,DEL,229,134
10,DEL,230,138
10,DEL,231,138
10,DEL,232,136
10,DEL,233,136
10,DEL,234,138
10,DEL,235,133
10,DEL,236,126
10,DEL,237,116
10,DEL,238,129
10,DEL,239,130
10,DEL,240,137
10,DEL,241,122
10,DEL,242,153
10,DEL,243,116
10,DEL,244,142
10,DEL,245,149
10,DEL,246,171
10,DEL,247,146
10,DEL,248,127
10,DEL,249,141
10,DEL,250,137
10,DEL,251,112
10,DEL,252,129
10,DEL,253,118
10,DEL,254,108
10,DEL,255,107
10,DEL,257,229
10,DEL,259,220
10,DEL,261,233
10,DEL,263,194
10,DEL,265,188
10,DEL,267,195
10,DEL,269,209
10,DEL,271,205
10,DEL,273,185
10,DEL,275,186
10,DEL,277,187
10,DEL,279,191
10,DEL,281,181
10,DEL,283,205
10,DEL,285,220
10,DEL,287,236
10,DEL,289,274
10,DEL,291,295
10,DEL,293,305
10,DEL,295,335
10,DEL,297,370
10,DEL,299,412
10,DEL,301,517
10,DEL,303,588
10,DEL,305,630
10,DEL,307,778
10,DEL,309,874
10,DEL,311,1083
10,DEL,313,1215
10,DEL,315,1372
10,DEL,317,1568
10,DEL,319,1884
10,DEL,321,2049
10,DEL,323,2307
10,DEL,325,2569
10,DEL,327,2953
10,DEL,329,3189
10,DEL,331,3555
10,DEL,333,3732
10,DEL,335,3924
10,DEL,337,4152
10,DEL,339,4431
10,DEL,341,4611
10,DEL,343,4655
10,DEL,345,4748
10,DEL,347,4788
10,DEL,349,4808
10,DEL,351,4646
10,DEL,353,4488
10,DEL,355,4247
10,DEL,357,4102
10,DEL,359,3930
10,DEL,361,3605
10,DEL,363,3462
10,DEL,365,3122
10,DEL,367,2831
10,DEL,369,2707
10,DEL,371,2390
10,DEL,373,2288
10,DEL,375,1953
10,DEL,377,1771
10,DEL,379,1586
10,DEL,381,1478
10,DEL,383,1302
10,DEL,385,1160
10,DEL,387,1011
10,DEL,389,916
10,DEL,391,841
10,DEL,393,786
10,DEL,395,654
10,DEL,397,605
10,DEL,399,533
10,DEL,401,497
10,DEL,403,443
10,DEL,405,419
10,DEL,407,336
10,DEL,409,337
10,DEL,411,279
10,DEL,413,276
10,DEL,415,231
10,DEL,417,216
10,DEL,419,229
10,DEL,421,189
10,DEL,423,165
10,DEL,425,150
10,DEL,427,163
10,DEL,429,123
10,DEL,431,129
10,DEL,433,98
10,DEL,435,105
10,DEL,437,133
10,DEL,439,95
10,DEL,441,73
10,DEL,443,71
10,DEL,445,80
10,DEL,447,84
10,DEL,449,72
10,DEL,451,59
10,DEL,453,55
10,DEL,455,55
10,DEL,457,40
10,DEL,459,57
10,DEL,461,39
10,DEL,463,34
10,DEL,465,46
10,DEL,467,33
10,DEL,469,18
10,DEL,471,38
10,DEL,473,35
10,DEL,475,25
10,DEL,477,35
10,DEL,479,34
10,DEL,481,24
10,DEL,483,21
10,DEL,485,19
10,DEL,487,20
10,DEL,489,17
10,DEL,491,16
10,DEL,493,15
10,DEL,495,16
10,DEL,497,16
10,DEL,499,19
10,DEL,501,12
10,DEL,503,10
10,DEL,505,19
10,DEL,507,10
10,DEL,509,7
10,DEL,511,13
10,DEL,515,24
10,DEL,519,17
10,DEL,523,14
10,DEL,527,15
10,DEL,531,19
10,DEL,535,10
10,DEL,539,11
10,DEL,543,11
10,DEL,547,13
10,DEL,551,11
10,DEL,555,11
10,DEL,559,8
10,DEL,563,8
10,DEL,567,8
10,DEL,571,7
10,DEL,575,5
10,DEL,579,8
10,DEL,583,5
10,DEL,587,5
10,DEL,591,4
10,DEL,595,6
10,DEL,599,12
10,DEL,603,6
10,DEL,607,11
10,DEL,611,5
10,DEL,615,8
10,DEL,619,4
10,DEL,623,6
10,DEL,627,5
10,DEL,631,2
10,DEL,635,5
10,DEL,639,8
10,DEL,643,7
10,DEL,647,2
10,DEL,651,8
10,DEL,655,6
10,DEL,659,4
10,DEL,663,3
10,DEL,671,3
10,DEL,679,2
10,DEL,683,5
10,DEL,687,4
10,DEL,691,3
10,DEL,695,3
10,DEL,699,2
10,DEL,711,2
10,DEL,715,1
10,DEL,719,1
10,DEL,723,2
10,DEL,727,2
10,DEL,731,1
10,DEL,735,3
10,DEL,739,3
10,DEL,743,3
10,DEL,747,2
10,DEL,751,1
10,DEL,755,2
10,DEL,759,2
10,DEL,763,1
10,DEL,767,2
10,DEL,775,1
10,DEL,779,1
10,DEL,787,1
10,DEL,791,2
10,DEL,799,1
10,DEL,807,1
10,DEL,819,1
10,DEL,823,1
10,DEL,843,1
10,DEL,851,1
10,DEL,855,1
10,DEL,859,1
10,DEL,923,1
10,DEL,947,1
10,DEL,1351,1
10,DEL,1447,1
10,DEL,1479,1
10,DEL,1631,2
10,DEL,1679,1
10,DEL,1687,2
10,DEL,1695,4
10,DEL,1703,1
10,DEL,1719,2
10,DEL,1727,1
10,DEL,2007,1
10,DEL,2039,1
10,DEL,2271,1
10,DEL,2511,1
10,DEL,2623,1
11,GET,78,2
11,GET,80,1
11,GET,81,1
11,GET,82,4
11,GET,83,4
11,GET,84,7
11,GET,85,11
11,GET,86,10
11,GET,87,19
11,GET,88,19
11,GET,89,20
11,GET,90,21
11,GET,91,45
11,GET,92,41
11,GET,93,45
11,GET,94,45
11,GET,95,62
11,GET,96,60
11,GET,97,74
11,GET,98,80
11,GET,99,92
11,GET,100,115
11,GET,101,107
11,GET,102,119
11,GET,103,151
11,GET,104,139
11,GET,105,159
11,GET,106,191
11,GET,107,201
11,GET,108,198
11,GET,109,222
11,GET,110,245
11,GET,111,261
11,GET,112,241
11,GET,113,280
11,GET,114,273
11,GET,115,307
11,GET,116,287
11,GET,117,332
11,GET,118,359
11,GET,119,364
11,GET,120,390
11,GET,121,390
11,GET,122,402
11,GET,123,440
11,GET,124,458
11,GET,125,477
11,GET,126,524
11,GET,127,511
11,GET,128,540
11,GET,129,543
11,GET,130,568
11,GET,131,582
11,GET,132,612
11,GET,133,641
11,GET,134,654
11,GET,135,611
11,GET,136,656
11,GET,137,661
11,GET,138,682
11,GET,139,626
11,GET,140,697
11,GET,141,667
11,GET,142,702
11,GET,143,687
11,GET,144,670
11,GET,145,743
11,GET,146,678
11,GET,147,698
11,GET,148,647
11,GET,149,693
11,GET,150,689
11,GET,151,641
11,GET,152,679
11,GET,153,656
11,GET,154,635
11,GET,155,623
11,GET,156,629
11,GET,157,610
11,GET,158,604
11,GET,159,554
11,GET,160,538
11,GET,161,532
11,GET,162,506
11,GET,163,530
11,GET,164,524
11,GET,165,452
11,GET,166,473
11,GET,167,490
11,GET,168,464
11,GET,169,441
11,GET,170,428
11,GET,171,432
11,GET,172,361
11,GET,173,364
11,GET,174,350
11,GET,175,405
11,GET,176,352
11,GET,177,332
11,GET,178,313
11,GET,179,287
11,GET,180,308
11,GET,181,312
11,GET,182,301
11,GET,183,272
11,GET,184,261
11,GET,185,272
11,GET,186,260
11,GET,187,235
11,GET,188,242
11,GET,189,227
11,GET,190,212
11,GET,191,229
11,GET,192,219
11,GET,193,221
11,GET,194,252
11,GET,195,229
11,GET,196,210
11,GET,197,228
11,GET,198,222
11,GET,199,206
11,GET,200,219
11,GET,201,225
11,GET,202,224
11,GET,203,231
11,GET,204,231
11,GET,205,245
11,GET,206,241
11,GET,207,222
11,GET,208,220
11,GET,209,218
11,GET,210,251
11,GET,211,249
11,GET,212,280
11,GET,213,279
11,GET,214,256
11,GET,215,310
11,GET,216,282
11,GET,217,281
11,GET,218,319
11,GET,219,298
11,GET,220,290
11,GET,221,304
11,GET,222,345
11,GET,223,325
11,GET,224,357
11,GET,225,342
11,GET,226,387
11,GET,227,379
11,GET,228,396
11,GET,229,418
11,GET,230,381
11,GET,231,393
11,GET,232,404
11,GET,233,389
11,GET,234,396
11,GET,235,390
11,GET,236,435
11,GET,237,425
11,GET,238,425
11,GET,239,416
11,GET,240,413
11,GET,241,456
11,GET,242,414
11,GET,243,427
11,GET,244,424
11,GET,245,396
11,GET,246,404
11,GET,247,403
11,GET,248,374
11,GET,249,386
11,GET,250,359
11,GET,251,327
11,GET,252,343
11,GET,253,368
11,GET,254,370
11,GET,255,311
11,GET,257,604
11,GET,259,624
11,GET,261,584
11,GET,263,535
11,GET,265,525
11,GET,267,520
11,GET,269,481
11,GET,271,475
11,GET,273,459
11,GET,275,454
11,GET,277,435
11,GET,279,434
11,GET,281,453
11,GET,283,478
11,GET,285,505
11,GET,287,529
11,GET,289,584
11,GET,291,597
11,GET,293,654
11,GET,295,749
11,GET,297,809
11,GET,299,971
11,GET,301,1129
11,GET,303,1389
11,GET,305,1628
11,GET,307,1968
11,GET,309,2217
11,GET,311,2663
11,GET,313,3117
11,GET,315,3697
11,GET,317,4269
11,GET,319,4999
11,GET,321,5636
11,GET,323,6534
11,GET,325,7471
11,GET,327,8251
11,GET,329,9152
11,GET,331,9952
11,GET,333,11140
11,GET,335,11732
11,GET,337,12548
11,GET,339,13255
11,GET,341,13731
11,GET,343,14147
11,GET,345,14456
11,GET,347,14353
11,GET,349,14156
11,GET,351,13383
11,GET,353,13013
11,GET,355,12197
11,GET,357,11807
11,GET,359,11099
11,GET,361,10000
11,GET,363,9374
11,GET,365,8520
11,GET,367,7804
11,GET,369,7192
11,GET,371,6278
11,GET,373,5796
11,GET,375,5194
11,GET,377,4669
11,GET,379,4163
11,GET,381,3663
11,GET,383,3233
11,GET,385,3010
11,GET,387,2583
11,GET,389,2334
11,GET,391,2043
11,GET,393,1914
11,GET,395,1701
11,GET,397,1549
11,GET,399,1421
11,GET,401,1250
11,GET,403,1124
11,GET,405,1002
11,GET,407,891
11,GET,409,853
11,GET,411,766
11,GET,413,752
11,GET,415,687
11,GET,417,595
11,GET,419,556
11,GET,421,506
11,GET,423,426
11,GET,425,467
11,GET,427,370
11,GET,429,345
11,GET,431,343
11,GET,433,280
11,GET,435,315
11,GET,437,212
11,GET,439,254
11,GET,441,226
11,GET,443,221
11,GET,445,199
11,GET,447,192
11,GET,449,157
11,GET,451,139
11,GET,453,146
11,GET,455,133
11,GET,457,112
11,GET,459,114
11,GET,461,109
11,GET,463,107
11,GET,465,105
11,GET,467,90
11,GET,469,87
11,GET,471,83
11,GET,473,74
11,GET,475,65
11,GET,477,66
11,GET,479,60
11,GET,481,46
11,GET,483,55
11,GET,485,51
11,GET,487,50
11,GET,489,50
11,GET,491,45
11,GET,493,33
11,GET,495,46
11,GET,497,41
11,GET,499,37
11,GET,501,22
11,GET,503,25
11,GET,505,24
11,GET,507,24
11,GET,509,30
11,GET,511,21
11,GET,515,50
11,GET,519,50
11,GET,523,38
11,GET,527,35
11,GET,531,37
11,GET,535,29
11,GET,539,28
11,GET,543,37
11,GET,547,19
11,GET,551,23
11,GET,555,19
11,GET,559,16
11,GET,563,23
11,GET,567,17
11,GET,571,17
11,GET,575,20
11,GET,579,14
11,GET,583,26
11,GET,587,23
11,GET,591,20
11,GET,595,19
11,GET,599,20
11,GET,603,14
11,GET,607,26
11,GET,611,11
11,GET,615,23
11,GET,619,16
11,GET,623,7
11,GET,627,13
11,GET,631,10
11,GET,635,15
11,GET,639,13
11,GET,643,9
11,GET,647,15
11,GET,651,9
11,GET,655,11
11,GET,659,11
11,GET,663,11
11,GET,667,9
11,GET,671,7
11,GET,675,12
11,GET,679,3
11,GET,683,3
11,GET,687,5
11,GET,691,1
11,GET,695,8
11,GET,699,4
11,GET,703,12
11,GET,707,3
11,GET,711,5
11,GET,715,2
11,GET,719,6
11,GET,723,2
11,GET,727,2
11,GET,731,1
11,GET,735,6
11,GET,739,6
11,GET,743,6
11,GET,747,8
11,GET,751,8
11,GET,755,3
11,GET,759,5
11,GET,763,6
11,GET,767,2
11,GET,771,7
11,GET,775,3
11,GET,779,4
11,GET,783,1
11,GET,787,2
11,GET,791,2
11,GET,795,2
11,GET,799,2
11,GET,803,1
11,GET,807,1
11,GET,811,3
11,GET,815,1
11,GET,819,2
11,GET,827,3
11,GET,831,1
11,GET,843,1
11,GET,847,4
11,GET,851,1
11,GET,863,1
11,GET,883,1
11,GET,911,1
11,GET,923,1
11,GET,943,1
11,GET,947,1
11,GET,1007,1
11,GET,1055,1
11,GET,1119,1
11,GET,1239,1
11,GET,1295,1
11,GET,1391,1
11,GET,1447,1
11,GET,1479,1
11,GET,1495,1
11,GET,1519,2
11,GET,1543,1
11,GET,1551,1
11,GET,1599,1
11,GET,1615,2
11,GET,1623,1
11,GET,1639,1
11,GET,1647,1
11,GET,1663,2
11,GET,1671,4
11,GET,1679,1
11,GET,1687,2
11,GET,1695,1
11,GET,1703,2
11,GET,1719,3
11,GET,1727,1
11,GET,1735,1
11,GET,1751,1
11,GET,1775,2
11,GET,1791,2
11,GET,1855,1
11,GET,1871,1
11,GET,1887,1
11,GET,1895,1
11,GET,1927,1
11,GET,1935,1
11,GET,1951,1
11,GET,1983,1
11,GET,2007,1
11,GET,2063,1
11,GET,2111,1
11,GET,2143,1
11,GET,2159,1
11,GET,2191,1
11,GET,2223,1
11,GET,2303,2
11,GET,2415,1
11,GET,2431,1
11,GET,2543,2
11,GET,2591,1
11,GET,2815,1
11,GET,3343,1
11,GET,3439,1
11,GET,4287,1
11,DEL,83,2
11,DEL,84,4
11,DEL,85,7
11,DEL,86,1
11,DEL,87,5
11,DEL,88,5
11,DEL,89,4
11,DEL,90,16
11,DEL,91,14
11,DEL,92,13
11,DEL,93,16
11,DEL,94,17
11,DEL,95,13
11,DEL,96,26
11,DEL,97,24
11,DEL,98,25
11,DEL,99,23
11,DEL,100,45
11,DEL,101,43
11,DEL,102,57
11,DEL,103,49
11,DEL,104,51
11,DEL,105,59
11,DEL,106,60
11,DEL,107,63
11,DEL,108,69
11,DEL,109,65
11,DEL,110,83
11,DEL,111,77
11,DEL,112,91
11,DEL,113,90
11,DEL,114,83
11,DEL,115,123
11,DEL,116,130
11,DEL,117,114
11,DEL,118,161
11,DEL,119,154
11,DEL,120,130
11,DEL,121,150
11,DEL,122,157
11,DEL,123,149
11,DEL,124,146
11,DEL,125,177
11,DEL,126,193
11,DEL,127,184
11,DEL,128,186
11,DEL,129,198
11,DEL,130,216
11,DEL,131,205
11,DEL,132,200
11,DEL,133,205
11,DEL,134,233
11,DEL,135,225
11,DEL,136,219
11,DEL,137,219
11,DEL,138,229
11,DEL,139,247
11,DEL,140,238
11,DEL,141,234
11,DEL,142,240
11,DEL,143,245
11,DEL,144,253
11,DEL,145,261
11,DEL,146,236
11,DEL,147,226
11,DEL,148,211
11,DEL,149,246
11,DEL,150,207
11,DEL,151,242
11,DEL,152,221
11,DEL,153,226
11,DEL,154,223
11,DEL,155,219
11,DEL,156,221
11,DEL,157,192
11,DEL,158,239
11,DEL,159,206
11,DEL,160,185
11,DEL,161,203
11,DEL,162,163
11,DEL,163,187
11,DEL,164,188
11,DEL,165,163
11,DEL,166,182
11,DEL,167,176
11,DEL,168,166
11,DEL,169,145
11,DEL,170,155
11,DEL,171,142
11,DEL,172,115
11,DEL,173,110
11,DEL,174,134
11,DEL,175,128
11,DEL,176,109
11,DEL,177,131
11,DEL,178,134
11,DEL,179,118
11,DEL,180,113
11,DEL,181,112
11,DEL,182,101
11,DEL,183,94
11,DEL,184,103
11,DEL,185,105
11,DEL,186,76
11,DEL,187,84
11,DEL,188,82
11,DEL,189,85
11,DEL,190,84
11,DEL,191,67
11,DEL,192,71
11,DEL,193,93
11,DEL,194,72
11,DEL,195,70
11,DEL,196,66
11,DEL,197,70
11,DEL,198,77
11,DEL,199,94
11,DEL,200,87
11,DEL,201,85
11,DEL,202,78
11,DEL,203,79
11,DEL,204,95
11,DEL,205,88
11,DEL,206,91
11,DEL,207,79
11,DEL,208,72
11,DEL,209,81
11,DEL,210,88
11,DEL,211,95
11,DEL,212,95
11,DEL,213,90
11,DEL,214,102
11,DEL,215,106
11,DEL,216,88
11,DEL,217,100
11,DEL,218,119
11,DEL,219,101
11,DEL,220,117
11,DEL,221,108
11,DEL,222,140
11,DEL,223,111
11,DEL,224,132
11,DEL,225,126
11,DEL,226,138
11,DEL,227,165
11,DEL,228,130
11,DEL,229,126
11,DEL,230,133
11,DEL,231,150
11,DEL,232,150
11,DEL,233,135
11,DEL,234,158
11,DEL,235,170
11,DEL,236,147
11,DEL,237,136
11,DEL,238,137
11,DEL,239,168
11,DEL,240,170
11,DEL,241,150
11,DEL,242,149
11,DEL,243,157
11,DEL,244,163
11,DEL,245,161
11,DEL,246,129
11,DEL,247,132
11,DEL,248,136
11,DEL,249,137
11,DEL,250,129
11,DEL,251,165
11,DEL,252,136
11,DEL,253,117
11,DEL,254,133
11,DEL,255,133
11,DEL,257,234
11,DEL,259,204
11,DEL,261,221
11,DEL,263,200
11,DEL,265,179
11,DEL,267,171
11,DEL,269,176
11,DEL,271,177
11,DEL,273,160
11,DEL,275,164
11,DEL,277,152
11,DEL,279,167
11,DEL,281,144
11,DEL,283,153
11,DEL,285,164
11,DEL,287,206
11,DEL,289,174
11,DEL,291,223
11,DEL,293,227
11,DEL,295,247
11,DEL,297,290
11,DEL,299,342
11,DEL,301,422
11,DEL,303,459
11,DEL,305,530
11,DEL,307,680
11,DEL,309,780
11,DEL,311,975
11,DEL,313,1127
11,DEL,315,1268
11,DEL,317,1519
11,DEL,319,1893
11,DEL,321,2072
11,DEL,323,2262
11,DEL,325,2661
11,DEL,327,2785
11,DEL,329,3349
11,DEL,331,3637
11,DEL,333,3896
11,DEL,335,4247
11,DEL,337,4490
11,DEL,339,4726
11,DEL,341,4903
11,DEL,343,4990
11,DEL,345,5084
11,DEL,347,5119
11,DEL,349,4967
11,DEL,351,4829
11,DEL,353,4603
11,DEL,355,4352
11,DEL,357,4166
11,DEL,359,3882
11,DEL,361,3569
11,DEL,363,3323
11,DEL,365,3012
11,DEL,367,2815
11,DEL,369,2561
11,DEL,371,2292
11,DEL,373,2101
11,DEL,375,1763
11,DEL,377,1679
11,DEL,379,1493
11,DEL,381,1359
11,DEL,383,1178
11,DEL,385,1058
11,DEL,387,989
11,DEL,389,800
11,DEL,391,744
11,DEL,393,649
11,DEL,395,609
11,DEL,397,558
11,DEL,399,459
11,DEL,401,444
11,DEL,403,420
11,DEL,405,390
11,DEL,407,343
11,DEL,409,279
11,DEL,411,300
11,DEL,413,237
11,DEL,415,255
11,DEL,417,221
11,DEL,419,202
11,DEL,421,186
11,DEL,423,150
11,DEL,425,147
11,DEL,427,144
11,DEL,429,139
11,DEL,431,122
11,DEL,433,124
11,DEL,435,99
11,DEL,437,104
11,DEL,439,90
11,DEL,441,82
11,DEL,443,78
11,DEL,445,71
11,DEL,447,78
11,DEL,449,62
11,DEL,451,65
11,DEL,453,48
11,DEL,455,55
11,DEL,457,59
11,DEL,459,51
11,DEL,461,49
11,DEL,463,39
11,DEL,465,39
11,DEL,467,42
11,DEL,469,23
11,DEL,471,25
11,DEL,473,32
11,DEL,475,23
11,DEL,477,26
11,DEL,479,35
11,DEL,481,12
11,DEL,483,17
11,DEL,485,12
11,DEL,487,15
11,DEL,489,15
11,DEL,491,16
11,DEL,493,16
11,DEL,495,13
11,DEL,497,19
11,DEL,499,9
11,DEL,501,10
11,DEL,503,6
11,DEL,505,11
11,DEL,507,7
11,DEL,509,14
11,DEL,511,5
11,DEL,515,11
11,DEL,519,15
11,DEL,523,9
11,DEL,527,9
11,DEL,531,11
11,DEL,535,9
11,DEL,539,12
11,DEL,543,10
11,DEL,547,14
11,DEL,551,11
11,DEL,555,11
11,DEL,559,10
11,DEL,563,2
11,DEL,567,7
11,DEL,571,7
11,DEL,575,7
11,DEL,579,9
11,DEL,583,6
11,DEL,587,7
11,DEL,591,8
11,DEL,595,5
11,DEL,599,5
11,DEL,603,4
11,DEL,607,7
11,DEL,611,4
11,DEL,615,11
11,DEL,619,9
11,DEL,623,7
11,DEL,627,6
11,DEL,631,6
11,DEL,635,1
11,DEL,639,8
11,DEL,643,5
11,DEL,647,6
11,DEL,651,2
11,DEL,655,2
11,DEL,659,3
11,DEL,663,2
11,DEL,667,2
11,DEL,671,1
11,DEL,675,2
11,DEL,679,5
11,DEL,683,2
11,DEL,687,2
11,DEL,691,2
11,DEL,695,1
11,DEL,703,1
11,DEL,711,1
11,DEL,719,1
11,DEL,723,3
11,DEL,727,4
11,DEL,735,2
11,DEL,739,2
11,DEL,743,3
11,DEL,747,1
11,DEL,751,1
11,DEL,755,1
11,DEL,759,2
11,DEL,775,1
11,DEL,783,1
11,DEL,787,1
11,DEL,791,1
11,DEL,795,2
11,DEL,803,1
11,DEL,815,1
11,DEL,879,1
11,DEL,883,1
11,DEL,891,1
11,DEL,963,1
11,DEL,1359,1
11,DEL,1471,1
11,DEL,1527,1
11,DEL,1615,1
11,DEL,1631,2
11,DEL,1647,1
11,DEL,1663,1
11,DEL,1687,1
11,DEL,1703,1
11,DEL,1719,1
11,DEL,1735,2
11,DEL,1799,1
11,DEL,1991,1
11,DEL,1999,1
11,DEL,2023,1
11,DEL,2111,1
11,DEL,2367,1
11,DEL,2495,1
11,DEL,2639,1
11,DEL,3279,1
11,DEL,5343,1
11,SET,83,1
11,SET,85,1
11,SET,86,1
11,SET,87,2
11,SET,88,2
11,SET,89,1
11,SET,90,1
11,SET,91,2
11,SET,92,6
11,SET,93,3
11,SET,94,2
11,SET,95,4
11,SET,96,5
11,SET,97,7
11,SET,98,4
11,SET,99,5
11,SET,100,7
11,SET,101,7
11,SET,102,12
11,SET,103,10
11,SET,104,4
11,SET,105,11
11,SET,106,6
11,SET,107,14
11,SET,108,12
11,SET,109,21
11,SET,110,14
11,SET,111,20
11,SET,112,18
11,SET,113,24
11,SET,114,18
11,SET,115,16
11,SET,116,22
11,SET,117,26
11,SET,118,15
11,SET,119,23
11,SET,120,31
11,SET,121,22
11,SET,122,25
11,SET,123,21
11,SET,124,36
11,SET,125,38
11,SET,126,38
11,SET,127,35
11,SET,128,34
11,SET,129,33
11,SET,130,43
11,SET,131,43
11,SET,132,44
11,SET,133,42
11,SET,134,33
11,SET,135,50
11,SET,136,48
11,SET,137,49
11,SET,138,45
11,SET,139,50
11,SET,140,47
11,SET,141,54
11,SET,142,51
11,SET,143,57
11,SET,144,44
11,SET,145,51
11,SET,146,51
11,SET,147,42
11,SET,148,55
11,SET,149,53
11,SET,150,49
11,SET,151,51
11,SET,152,48
11,SET,153,44
11,SET,154,44
11,SET,155,46
11,SET,156,48
11,SET,157,42
11,SET,158,51
11,SET,159,42
11,SET,160,35
11,SET,161,45
11,SET,162,42
11,SET,163,36
11,SET,164,33
11,SET,165,32
11,SET,166,35
11,SET,167,38
11,SET,168,42
11,SET,169,33
11,SET,170,27
11,SET,171,23
11,SET,172,26
11,SET,173,27
11,SET,174,32
11,SET,175,28
11,SET,176,19
11,SET,177,28
11,SET,178,24
11,SET,179,23
11,SET,180,29
11,SET,181,18
11,SET,182,19
11,SET,183,21
11,SET,184,22
11,SET,185,19
11,SET,186,17
11,SET,187,18
11,SET,188,20
11,SET,189,16
11,SET,190,15
11,SET,191,17
11,SET,192,20
11,SET,193,23
11,SET,194,13
11,SET,195,14
11,SET,196,18
11,SET,197,14
11,SET,198,19
11,SET,199,16
11,SET,200,28
11,SET,201,13
11,SET,202,9
11,SET,203,20
11,SET,204,22
11,SET,205,16
11,SET,206,21
11,SET,207,22
11,SET,208,13
11,SET,209,15
11,SET,210,17
11,SET,211,17
11,SET,212,17
11,SET,213,16
11,SET,214,11
11,SET,215,16
11,SET,216,20
11,SET,217,27
11,SET,218,22
11,SET,219,18
11,SET,220,29
11,SET,221,23
11,SET,222,25
11,SET,223,21
11,SET,224,27
11,SET,225,26
11,SET,226,30
11,SET,227,32
11,SET,228,32
11,SET,229,23
11,SET,230,29
11,SET,231,37
11,SET,232,37
11,SET,233,36
11,SET,234,21
11,SET,235,24
11,SET,236,31
11,SET,237,31
11,SET,238,34
11,SET,239,37
11,SET,240,25
11,SET,241,33
11,SET,242,33
11,SET,243,37
11,SET,244,30
11,SET,245,26
11,SET,246,29
11,SET,247,31
11,SET,248,32
11,SET,249,32
11,SET,250,32
11,SET,251,18
11,SET,252,31
11,SET,253,30
11,SET,254,22
11,SET,255,17
11,SET,257,60
11,SET,259,49
11,SET,261,56
11,SET,263,47
11,SET,265,49
11,SET,267,33
11,SET,269,31
11,SET,271,28
11,SET,273,32
11,SET,275,31
11,SET,277,33
11,SET,279,26
11,SET,281,32
11,SET,283,26
11,SET,285,30
11,SET,287,38
11,SET,289,38
11,SET,291,48
11,SET,293,44
11,SET,295,54
11,SET,297,47
11,SET,299,64
11,SET,301,84
11,SET,303,78
11,SET,305,115
11,SET,307,149
11,SET,309,137
11,SET,311,186
11,SET,313,208
11,SET,315,226
11,SET,317,278
11,SET,319,312
11,SET,321,388
11,SET,323,393
11,SET,325,463
11,SET,327,526
11,SET,329,617
11,SET,331,741
11,SET,333,758
11,SET,335,843
11,SET,337,834
11,SET,339,917
11,SET,341,981
11,SET,343,984
11,SET,345,994
11,SET,347,1055
11,SET,349,1027
11,SET,351,943
11,SET,353,958
11,SET,355,953
11,SET,357,819
11,SET,359,778
11,SET,361,702
11,SET,363,755
11,SET,365,638
11,SET,367,556
11,SET,369,536
11,SET,371,461
11,SET,373,401
11,SET,375,391
11,SET,377,315
11,SET,379,295
11,SET,381,284
11,SET,383,244
11,SET,385,247
11,SET,387,202
11,SET,389,174
11,SET,391,158
11,SET,393,152
11,SET,395,124
11,SET,397,124
11,SET,399,109
11,SET,401,92
11,SET,403,74
11,SET,405,88
11,SET,407,80
11,SET,409,68
11,SET,411,71
11,SET,413,60
11,SET,415,47
11,SET,417,40
11,SET,419,37
11,SET,421,25
11,SET,423,41
11,SET,425,32
11,SET,427,20
11,SET,429,28
11,SET,431,34
11,SET,433,23
11,SET,435,21
11,SET,437,16
11,SET,439,20
11,SET,441,14
11,SET,443,18
11,SET,445,13
11,SET,447,18
11,SET,449,11
11,SET,451,15
11,SET,453,7
11,SET,455,11
11,SET,457,10
11,SET,459,6
11,SET,461,9
11,SET,463,9
11,SET,465,11
11,SET,467,6
11,SET,469,5
11,SET,471,3
11,SET,473,2
11,SET,475,3
11,SET,477,4
11,SET,479,5
11,SET,481,2
11,SET,483,4
11,SET,485,2
11,SET,487,6
11,SET,489,6
11,SET,491,5
11,SET,493,3
11,SET,495,2
11,SET,497,2
11,SET,499,2
11,SET,501,1
11,SET,503,2
11,SET,507,2
11,SET,509,1
11,SET,511,1
11,SET,515,4
11,SET,519,3
11,SET,523,1
11,SET,527,2
11,SET,531,3
11,SET,535,3
11,SET,547,1
11,SET,555,4
11,SET,559,2
11,SET,563,1
11,SET,567,1
11,SET,571,1
11,SET,575,2
11,SET,579,1
11,SET,583,3
11,SET,587,1
11,SET,591,1
11,SET,595,1
11,SET,599,1
11,SET,607,2
11,SET,615,3
11,SET,619,1
11,SET,631,2
11,SET,639,1
11,SET,651,1
11,SET,655,1
11,SET,663,1
11,SET,675,1
11,SET,711,1
11,SET,715,1
11,SET,723,1
11,SET,735,1
11,SET,759,2
11,SET,763,1
11,SET,767,2
11,SET,771,1
11,SET,787,1
11,SET,847,1
11,SET,983,1
11,SET,1743,1
11,SET,1887,1
11,SET,1943,1
11,SET,2023,1
11,SET,2175,1
11,SET,2607,1
11,SET,2799,1
12,SET,85,1
12,SET,89,1
12,SET,90,2
12,SET,92,1
12,SET,93,2
12,SET,94,2
12,SET,95,2
12,SET,96,2
12,SET,97,2
12,SET,98,3
12,SET,99,6
12,SET,100,7
12,SET,101,5
12,SET,102,5
12,SET,103,7
12,SET,104,13
12,SET,105,14
12,SET,106,8
12,SET,107,11
12,SET,108,13
12,SET,109,14
12,SET,110,10
12,SET,111,16
12,SET,112,17
12,SET,113,18
12,SET,114,15
12,SET,115,24
12,SET,116,30
12,SET,117,22
12,SET,118,23
12,SET,119,17
12,SET,120,18
12,SET,121,26
12,SET,122,29
12,SET,123,30
12,SET,124,33
12,SET,125,39
12,SET,126,38
12,SET,127,38
12,SET,128,34
12,SET,129,50
12,SET,130,28
12,SET,131,34
12,SET,132,37
12,SET,133,34
12,SET,134,47
12,SET,135,39
12,SET,136,43
12,SET,137,44
12,SET,138,40
12,SET,139,44
12,SET,140,48
12,SET,141,30
12,SET,142,51
12,SET,143,56
12,SET,144,53
12,SET,145,40
12,SET,146,48
12,SET,147,49
12,SET,148,55
12,SET,149,61
12,SET,150,44
12,SET,151,49
12,SET,152,33
12,SET,153,46
12,SET,154,46
12,SET,155,45
12,SET,156,37
12,SET,157,40
12,SET,158,57
12,SET,159,54
12,SET,160,45
12,SET,161,31
12,SET,162,41
12,SET,163,32
12,SET,164,40
12,SET,165,47
12,SET,166,41
12,SET,167,25
12,SET,168,34
12,SET,169,38
12,SET,170,35
12,SET,171,29
12,SET,172,33
12,SET,173,28
12,SET,174,27
12,SET,175,33
12,SET,176,24
12,SET,177,24
12,SET,178,26
12,SET,179,30
12,SET,180,24
12,SET,181,26
12,SET,182,29
12,SET,183,14
12,SET,184,26
12,SET,185,16
12,SET,186,27
12,SET,187,19
12,SET,188,29
12,SET,189,14
12,SET,190,24
12,SET,191,17
12,SET,192,16
12,SET,193,20
12,SET,194,15
12,SET,195,16
12,SET,196,15
12,SET,197,15
12,SET,198,24
12,SET,199,13
12,SET,200,19
12,SET,201,11
12,SET,202,9
12,SET,203,18
12,SET,204,9
12,SET,205,7
12,SET,206,23
12,SET,207,14
12,SET,208,10
12,SET,209,15
12,SET,210,15
12,SET,211,11
12,SET,212,18
12,SET,213,16
12,SET,214,12
12,SET,215,21
12,SET,216,17
12,SET,217,16
12,SET,218,20
12,SET,219,12
12,SET,220,24
12,SET,221,24
12,SET,222,25
12,SET,223,18
12,SET,224,19
12,SET,225,24
12,SET,226,26
12,SET,227,22
12,SET,228,25
12,SET,229,28
12,SET,230,31
12,SET,231,27
12,SET,232,29
12,SET,233,21
12,SET,234,29
12,SET,235,26
12,SET,236,24
12,SET,237,27
12,SET,238,30
12,SET,239,34
12,SET,240,40
12,SET,241,35
12,SET,242,39
12,SET,243,32
12,SET,244,32
12,SET,245,27
12,SET,246,20
12,SET,247,25
12,SET,248,26
12,SET,249,33
12,SET,250,36
12,SET,251,33
12,SET,252,28
12,SET,253,18
12,SET,254,23
12,SET,255,33
12,SET,257,56
12,SET,259,53
12,SET,261,40
12,SET,263,44
12,SET,265,37
12,SET,267,41
12,SET,269,23
12,SET,271,35
12,SET,273,39
12,SET,275,27
12,SET,277,32
12,SET,279,40
12,SET,281,31
12,SET,283,44
12,SET,285,29
12,SET,287,35
12,SET,289,33
12,SET,291,39
12,SET,293,51
12,SET,295,57
12,SET,297,43
12,SET,299,57
12,SET,301,85
12,SET,303,91
12,SET,305,98
12,SET,307,96
12,SET,309,154
12,SET,311,171
12,SET,313,181
12,SET,315,250
12,SET,317,270
12,SET,319,298
12,SET,321,374
12,SET,323,417
12,SET,325,476
12,SET,327,506
12,SET,329,618
12,SET,331,683
12,SET,333,789
12,SET,335,852
12,SET,337,886
12,SET,339,1015
12,SET,341,1021
12,SET,343,1060
12,SET,345,1048
12,SET,347,1036
12,SET,349,1038
12,SET,351,1051
12,SET,353,1027
12,SET,355,1014
12,SET,357,867
12,SET,359,808
12,SET,361,742
12,SET,363,691
12,SET,365,605
12,SET,367,621
12,SET,369,502
12,SET,371,463
12,SET,373,419
12,SET,375,383
12,SET,377,322
12,SET,379,300
12,SET,381,270
12,SET,383,251
12,SET,385,232
12,SET,387,180
12,SET,389,157
12,SET,391,153
12,SET,393,146
12,SET,395,127
12,SET,397,120
12,SET,399,114
12,SET,401,81
12,SET,403,78
12,SET,405,73
12,SET,407,81
12,SET,409,68
12,SET,411,54
12,SET,413,59
12,SET,415,47
12,SET,417,46
12,SET,419,49
12,SET,421,33
12,SET,423,31
12,SET,425,32
12,SET,427,29
12,SET,429,28
12,SET,431,29
12,SET,433,24
12,SET,435,21
12,SET,437,26
12,SET,439,19
12,SET,441,11
12,SET,443,14
12,SET,445,14
12,SET,447,6
12,SET,449,9
12,SET,451,8
12,SET,453,15
12,SET,455,10
12,SET,457,8
12,SET,459,6
12,SET,461,5
12,SET,463,4
12,SET,465,4
12,SET,467,3
12,SET,469,5
12,SET,471,6
12,SET,473,4
12,SET,475,7
12,SET,477,5
12,SET,479,5
12,SET,481,3
12,SET,483,4
12,SET,485,2
12,SET,487,4
12,SET,489,2
12,SET,491,3
12,SET,493,3
12,SET,495,3
12,SET,497,1
12,SET,499,3
12,SET,501,3
12,SET,503,1
12,SET,505,2
12,SET,507,5
12,SET,509,2
12,SET,511,3
12,SET,515,5
12,SET,519,3
12,SET,523,3
12,SET,527,6
12,SET,531,4
12,SET,535,3
12,SET,539,2
12,SET,543,3
12,SET,547,1
12,SET,551,2
12,SET,555,2
12,SET,559,1
12,SET,567,2
12,SET,571,1
12,SET,575,2
12,SET,579,4
12,SET,583,2
12,SET,603,4
12,SET,607,1
12,SET,615,1
12,SET,619,2
12,SET,623,1
12,SET,631,2
12,SET,635,1
12,SET,639,1
12,SET,647,2
12,SET,651,1
12,SET,659,2
12,SET,675,1
12,SET,695,1
12,SET,715,1
12,SET,739,1
12,SET,747,1
12,SET,755,1
12,SET,775,1
12,SET,807,1
12,SET,931,1
12,SET,1343,1
12,SET,1943,1
12,SET,2495,1
12,SET,2527,1
12,DEL,82,2
12,DEL,83,1
12,DEL,84,1
12,DEL,85,1
12,DEL,86,3
12,DEL,87,5
12,DEL,89,3
12,DEL,90,6
12,DEL,91,13
12,DEL,92,10
12,DEL,93,10
12,DEL,94,15
12,DEL,95,10
12,DEL,96,20
12,DEL,97,17
12,DEL,98,27
12,DEL,99,34
12,DEL,100,31
12,DEL,101,43
12,DEL,102,34
12,DEL,103,58
12,DEL,104,46
12,DEL,105,44
12,DEL,106,60
12,DEL,107,55
12,DEL,108,75
12,DEL,109,70
12,DEL,110,74
12,DEL,111,99
12,DEL,112,67
12,DEL,113,92
12,DEL,114,100
12,DEL,115,107
12,DEL,116,99
12,DEL,117,121
12,DEL,118,135
12,DEL,119,127
12,DEL,120,156
12,DEL,121,128
12,DEL,122,147
12,DEL,123,170
12,DEL,124,159
12,DEL,125,153
12,DEL,126,171
12,DEL,127,205
12,DEL,128,190
12,DEL,129,201
12,DEL,130,216
12,DEL,131,187
12,DEL,132,226
12,DEL,133,230
12,DEL,134,225
12,DEL,135,224
12,DEL,136,197
12,DEL,137,226
12,DEL,138,224
12,DEL,139,247
12,DEL,140,221
12,DEL,141,235
12,DEL,142,239
12,DEL,143,243
12,DEL,144,256
12,DEL,145,270
12,DEL,146,237
12,DEL,147,271
12,DEL,148,237
12,DEL,149,250
12,DEL,150,233
12,DEL,151,262
12,DEL,152,248
12,DEL,153,229
12,DEL,154,230
12,DEL,155,204
12,DEL,156,248
12,DEL,157,214
12,DEL,158,198
12,DEL,159,227
12,DEL,160,198
12,DEL,161,193
12,DEL,162,183
12,DEL,163,167
12,DEL,164,189
12,DEL,165,174
12,DEL,166,171
12,DEL,167,173
12,DEL,168,148
12,DEL,169,144
12,DEL,170,160
12,DEL,171,139
12,DEL,172,153
12,DEL,173,139
12,DEL,174,161
12,DEL,175,158
12,DEL,176,142
12,DEL,177,105
12,DEL,178,118
12,DEL,179,126
12,DEL,180,128
12,DEL,181,103
12,DEL,182,97
12,DEL,183,108
12,DEL,184,99
12,DEL,185,98
12,DEL,186,78
12,DEL,187,78
12,DEL,188,98
12,DEL,189,77
12,DEL,190,69
12,DEL,191,93
12,DEL,192,79
12,DEL,193,63
12,DEL,194,71
12,DEL,195,77
12,DEL,196,80
12,DEL,197,74
12,DEL,198,75
12,DEL,199,68
12,DEL,200,59
12,DEL,201,65
12,DEL,202,66
12,DEL,203,70
12,DEL,204,65
12,DEL,205,61
12,DEL,206,70
12,DEL,207,88
12,DEL,208,63
12,DEL,209,69
12,DEL,210,80
12,DEL,211,86
12,DEL,212,88
12,DEL,213,70
12,DEL,214,93
12,DEL,215,96
12,DEL,216,101
12,DEL,217,102
12,DEL,218,103
12,DEL,219,104
12,DEL,220,95
12,DEL,221,136
12,DEL,222,113
12,DEL,223,126
12,DEL,224,120
12,DEL,225,120
12,DEL,226,129
12,DEL,227,118
12,DEL,228,137
12,DEL,229,152
12,DEL,230,133
12,DEL,231,142
12,DEL,232,146
12,DEL,233,163
12,DEL,234,158
12,DEL,235,145
12,DEL,236,151
12,DEL,237,154
12,DEL,238,147
12,DEL,239,142
12,DEL,240,139
12,DEL,241,151
12,DEL,242,153
12,DEL,243,161
12,DEL,244,160
12,DEL,245,139
12,DEL,246,154
12,DEL,247,146
12,DEL,248,150
12,DEL,249,138
12,DEL,250,140
12,DEL,251,143
12,DEL,252,112
12,DEL,253,133
12,DEL,254,121
12,DEL,255,133
12,DEL,257,236
12,DEL,259,231
12,DEL,261,227
12,DEL,263,206
12,DEL,265,203
12,DEL,267,158
12,DEL,269,181
12,DEL,271,181
12,DEL,273,163
12,DEL,275,173
12,DEL,277,135
12,DEL,279,163
12,DEL,281,149
12,DEL,283,172
12,DEL,285,192
12,DEL,287,202
12,DEL,289,183
12,DEL,291,221
12,DEL,293,237
12,DEL,295,242
12,DEL,297,308
12,DEL,299,341
12,DEL,301,354
12,DEL,303,442
12,DEL,305,536
12,DEL,307,635
12,DEL,309,737
12,DEL,311,883
12,DEL,313,1058
12,DEL,315,1171
12,DEL,317,1458
12,DEL,319,1773
12,DEL,321,1864
12,DEL,323,2227
12,DEL,325,2512
12,DEL,327,2835
12,DEL,329,3080
12,DEL,331,3595
12,DEL,333,3932
12,DEL,335,4300
12,DEL,337,4606
12,DEL,339,4907
12,DEL,341,5119
12,DEL,343,5116
12,DEL,345,5292
12,DEL,347,5282
12,DEL,349,5234
12,DEL,351,5173
12,DEL,353,4746
12,DEL,355,4704
12,DEL,357,4261
12,DEL,359,3999
12,DEL,361,3707
12,DEL,363,3349
12,DEL,365,3042
12,DEL,367,2701
12,DEL,369,2516
12,DEL,371,2124
12,DEL,373,1986
12,DEL,375,1719
12,DEL,377,1540
12,DEL,379,1484
12,DEL,381,1270
12,DEL,383,1099
12,DEL,385,959
12,DEL,387,923
12,DEL,389,771
12,DEL,391,758
12,DEL,393,606
12,DEL,395,574
12,DEL,397,484
12,DEL,399,484
12,DEL,401,407
12,DEL,403,368
12,DEL,405,374
12,DEL,407,295
12,DEL,409,274
12,DEL,411,262
12,DEL,413,231
12,DEL,415,251
12,DEL,417,227
12,DEL,419,193
12,DEL,421,193
12,DEL,423,185
12,DEL,425,146
12,DEL,427,149
12,DEL,429,128
12,DEL,431,130
12,DEL,433,136
12,DEL,435,107
12,DEL,437,112
12,DEL,439,78
12,DEL,441,80
12,DEL,443,70
12,DEL,445,72
12,DEL,447,71
12,DEL,449,63
12,DEL,451,58
12,DEL,453,51
12,DEL,455,39
12,DEL,457,54
12,DEL,459,41
12,DEL,461,36
12,DEL,463,47
12,DEL,465,33
12,DEL,467,38
12,DEL,469,33
12,DEL,471,30
12,DEL,473,21
12,DEL,475,35
12,DEL,477,18
12,DEL,479,33
12,DEL,481,15
12,DEL,483,18
12,DEL,485,18
12,DEL,487,14
12,DEL,489,21
12,DEL,491,15
12,DEL,493,15
12,DEL,495,11
12,DEL,497,14
12,DEL,499,15
12,DEL,501,9
12,DEL,503,20
12,DEL,505,12
12,DEL,507,15
12,DEL,509,8
12,DEL,511,3
12,DEL,515,14
12,DEL,519,20
12,DEL,523,16
12,DEL,527,6
12,DEL,531,8
12,DEL,535,7
12,DEL,539,10
12,DEL,543,5
12,DEL,547,8
12,DEL,551,5
12,DEL,555,3
12,DEL,559,5
12,DEL,563,16
12,DEL,567,7
12,DEL,571,3
12,DEL,575,7
12,DEL,579,2
12,DEL,583,8
12,DEL,587,6
12,DEL,591,5
12,DEL,595,5
12,DEL,599,6
12,DEL,603,6
12,DEL,607,2
12,DEL,611,7
12,DEL,615,5
12,DEL,619,9
12,DEL,623,3
12,DEL,627,7
12,DEL,631,4
12,DEL,635,2
12,DEL,639,7
12,DEL,643,4
12,DEL,647,6
12,DEL,651,5
12,DEL,655,7
12,DEL,659,4
12,DEL,663,2
12,DEL,667,2
12,DEL,671,3
12,DEL,675,4
12,DEL,679,3
12,DEL,683,1
12,DEL,691,2
12,DEL,695,1
12,DEL,699,1
12,DEL,703,3
12,DEL,711,1
12,DEL,715,2
12,DEL,719,3
12,DEL,727,2
12,DEL,731,2
12,DEL,735,2
12,DEL,739,2
12,DEL,743,1
12,DEL,747,4
12,DEL,751,3
12,DEL,755,2
12,DEL,759,1
12,DEL,763,2
12,DEL,767,3
12,DEL,771,1
12,DEL,775,5
12,DEL,779,3
12,DEL,783,1
12,DEL,787,1
12,DEL,791,3
12,DEL,795,1
12,DEL,827,1
12,DEL,859,2
12,DEL,883,1
12,DEL,899,1
12,DEL,907,1
12,DEL,1303,1
12,DEL,1431,1
12,DEL,1471,1
12,DEL,1527,1
12,DEL,1551,1
12,DEL,1567,1
12,DEL,1583,1
12,DEL,1591,1
12,DEL,1631,1
12,DEL,1671,1
12,DEL,1679,1
12,DEL,1695,1
12,DEL,1703,1
12,DEL,1711,2
12,DEL,1727,1
12,DEL,1743,1
12,DEL,1767,1
12,DEL,1895,1
12,DEL,1919,1
12,DEL,1951,1
12,DEL,1991,2
12,DEL,2095,1
12,DEL,2303,3
12,DEL,2351,1
12,DEL,2463,1
12,DEL,2527,1
12,DEL,4223,1
12,DEL,5567,1
12,GET,78,1
12,GET,81,2
12,GET,82,1
12,GET,83,2
12,GET,84,1
12,GET,85,3
12,GET,86,8
12,GET,87,9
12,GET,88,12
12,GET,89,14
12,GET,90,16
12,GET,91,23
12,GET,92,31
12,GET,93,33
12,GET,94,39
12,GET,95,55
12,GET,96,55
12,GET,97,69
12,GET,98,67
12,GET,99,79
12,GET,100,100
12,GET,101,108
12,GET,102,107
12,GET,103,142
12,GET,104,150
12,GET,105,173
12,GET,106,161
12,GET,107,204
12,GET,108,187
12,GET,109,223
12,GET,110,209
12,GET,111,243
12,GET,112,230
12,GET,113,271
12,GET,114,279
12,GET,115,286
12,GET,116,285
12,GET,117,312
12,GET,118,368
12,GET,119,398
12,GET,120,366
12,GET,121,449
12,GET,122,454
12,GET,123,498
12,GET,124,486
12,GET,125,494
12,GET,126,512
12,GET,127,542
12,GET,128,489
12,GET,129,559
12,GET,130,544
12,GET,131,544
12,GET,132,598
12,GET,133,564
12,GET,134,600
12,GET,135,601
12,GET,136,649
12,GET,137,594
12,GET,138,612
12,GET,139,636
12,GET,140,650
12,GET,141,682
12,GET,142,672
12,GET,143,689
12,GET,144,682
12,GET,145,752
12,GET,146,719
12,GET,147,668
12,GET,148,688
12,GET,149,747
12,GET,150,670
12,GET,151,732
12,GET,152,732
12,GET,153,678
12,GET,154,683
12,GET,155,679
12,GET,156,619
12,GET,157,625
12,GET,158,613
12,GET,159,603
12,GET,160,564
12,GET,161,607
12,GET,162,563
12,GET,163,564
12,GET,164,539
12,GET,165,503
12,GET,166,514
12,GET,167,426
12,GET,168,456
12,GET,169,451
12,GET,170,444
12,GET,171,454
12,GET,172,416
12,GET,173,405
12,GET,174,361
12,GET,175,336
12,GET,176,370
12,GET,177,366
12,GET,178,317
12,GET,179,308
12,GET,180,300
12,GET,181,316
12,GET,182,296
12,GET,183,249
12,GET,184,277
12,GET,185,259
12,GET,186,256
12,GET,187,229
12,GET,188,243
12,GET,189,238
12,GET,190,227
12,GET,191,216
12,GET,192,219
12,GET,193,200
12,GET,194,198
12,GET,195,204
12,GET,196,180
12,GET,197,190
12,GET,198,222
12,GET,199,178
12,GET,200,189
12,GET,201,220
12,GET,202,182
12,GET,203,199
12,GET,204,189
12,GET,205,212
12,GET,206,185
12,GET,207,206
12,GET,208,172
12,GET,209,203
12,GET,210,235
12,GET,211,232
12,GET,212,225
12,GET,213,196
12,GET,214,219
12,GET,215,227
12,GET,216,259
12,GET,217,278
12,GET,218,282
12,GET,219,274
12,GET,220,271
12,GET,221,273
12,GET,222,337
12,GET,223,345
12,GET,224,325
12,GET,225,379
12,GET,226,324
12,GET,227,350
12,GET,228,355
12,GET,229,368
12,GET,230,363
12,GET,231,388
12,GET,232,406
12,GET,233,409
12,GET,234,421
12,GET,235,405
12,GET,236,422
12,GET,237,412
12,GET,238,437
12,GET,239,380
12,GET,240,440
12,GET,241,474
12,GET,242,418
12,GET,243,424
12,GET,244,419
12,GET,245,435
12,GET,246,418
12,GET,247,387
12,GET,248,413
12,GET,249,377
12,GET,250,379
12,GET,251,390
12,GET,252,379
12,GET,253,400
12,GET,254,353
12,GET,255,365
12,GET,257,660
12,GET,259,640
12,GET,261,615
12,GET,263,571
12,GET,265,566
12,GET,267,514
12,GET,269,505
12,GET,271,485
12,GET,273,458
12,GET,275,464
12,GET,277,486
12,GET,279,446
12,GET,281,463
12,GET,283,433
12,GET,285,462
12,GET,287,501
12,GET,289,571
12,GET,291,580
12,GET,293,587
12,GET,295,648
12,GET,297,800
12,GET,299,894
12,GET,301,990
12,GET,303,1211
12,GET,305,1475
12,GET,307,1774
12,GET,309,2086
12,GET,311,2455
12,GET,313,2944
12,GET,315,3504
12,GET,317,4076
12,GET,319,4682
12,GET,321,5353
12,GET,323,6169
12,GET,325,7287
12,GET,327,7952
12,GET,329,9013
12,GET,331,9925
12,GET,333,11049
12,GET,335,11878
12,GET,337,12825
12,GET,339,13649
12,GET,341,14159
12,GET,343,14431
12,GET,345,14857
12,GET,347,14525
12,GET,349,14505
12,GET,351,14142
12,GET,353,13787
12,GET,355,12937
12,GET,357,12165
12,GET,359,11435
12,GET,361,10420
12,GET,363,9311
12,GET,365,8512
12,GET,367,7521
12,GET,369,7073
12,GET,371,6175
12,GET,373,5587
12,GET,375,4971
12,GET,377,4373
12,GET,379,4005
12,GET,381,3554
12,GET,383,3168
12,GET,385,2772
12,GET,387,2507
12,GET,389,2230
12,GET,391,1928
12,GET,393,1857
12,GET,395,1683
12,GET,397,1426
12,GET,399,1310
12,GET,401,1228
12,GET,403,1071
12,GET,405,1020
12,GET,407,979
12,GET,409,824
12,GET,411,771
12,GET,413,727
12,GET,415,639
12,GET,417,624
12,GET,419,518
12,GET,421,542
12,GET,423,457
12,GET,425,397
12,GET,427,407
12,GET,429,352
12,GET,431,336
12,GET,433,339
12,GET,435,284
12,GET,437,264
12,GET,439,261
12,GET,441,212
12,GET,443,209
12,GET,445,188
12,GET,447,201
12,GET,449,176
12,GET,451,163
12,GET,453,150
12,GET,455,163
12,GET,457,143
12,GET,459,101
12,GET,461,125
12,GET,463,116
12,GET,465,99
12,GET,467,83
12,GET,469,104
12,GET,471,95
12,GET,473,92
12,GET,475,81
12,GET,477,83
12,GET,479,67
12,GET,481,50
12,GET,483,63
12,GET,485,58
12,GET,487,46
12,GET,489,28
12,GET,491,41
12,GET,493,54
12,GET,495,55
12,GET,497,33
12,GET,499,39
12,GET,501,35
12,GET,503,30
12,GET,505,25
12,GET,507,17
12,GET,509,29
12,GET,511,27
12,GET,515,54
12,GET,519,36
12,GET,523,32
12,GET,527,35
12,GET,531,33
12,GET,535,32
12,GET,539,30
12,GET,543,24
12,GET,547,26
12,GET,551,24
12,GET,555,23
12,GET,559,24
12,GET,563,11
12,GET,567,24
12,GET,571,12
12,GET,575,22
12,GET,579,22
12,GET,583,23
12,GET,587,20
12,GET,591,18
12,GET,595,20
12,GET,599,17
12,GET,603,13
12,GET,607,22
12,GET,611,13
12,GET,615,21
12,GET,619,16
12,GET,623,13
12,GET,627,17
12,GET,631,16
12,GET,635,19
12,GET,639,13
12,GET,643,8
12,GET,647,8
12,GET,651,9
12,GET,655,5
12,GET,659,13
12,GET,663,9
12,GET,667,4
12,GET,671,6
12,GET,675,8
12,GET,679,4
12,GET,683,7
12,GET,687,7
12,GET,691,6
12,GET,695,5
12,GET,699,4
12,GET,703,8
12,GET,707,9
12,GET,711,5
12,GET,715,7
12,GET,719,7
12,GET,723,5
12,GET,727,3
12,GET,731,5
12,GET,735,6
12,GET,739,6
12,GET,743,4
12,GET,747,4
12,GET,751,9
12,GET,755,3
12,GET,759,13
12,GET,763,7
12,GET,767,1
12,GET,771,4
12,GET,775,2
12,GET,779,5
12,GET,783,1
12,GET,787,2
12,GET,791,3
12,GET,799,2
12,GET,807,3
12,GET,811,1
12,GET,815,1
12,GET,823,2
12,GET,827,1
12,GET,835,2
12,GET,839,2
12,GET,843,1
12,GET,847,1
12,GET,855,3
12,GET,859,1
12,GET,867,1
12,GET,871,1
12,GET,875,1
12,GET,887,1
12,GET,899,2
12,GET,911,2
12,GET,919,1
12,GET,943,1
12,GET,955,1
12,GET,979,1
12,GET,1003,1
12,GET,1087,1
12,GET,1127,1
12,GET,1279,1
12,GET,1335,1
12,GET,1447,1
12,GET,1463,1
12,GET,1495,1
12,GET,1575,1
12,GET,1583,1
12,GET,1623,1
12,GET,1647,1
12,GET,1663,2
12,GET,1679,4
12,GET,1687,1
12,GET,1695,1
12,GET,1703,4
12,GET,1719,2
12,GET,1727,1
12,GET,1759,2
12,GET,1767,1
12,GET,1775,2
12,GET,1783,1
12,GET,1791,1
12,GET,1799,1
12,GET,1807,1
12,GET,1831,1
12,GET,1855,1
12,GET,1879,1
12,GET,1887,1
12,GET,1919,1
12,GET,1967,1
12,GET,1983,1
12,GET,2023,1
12,GET,2031,1
12,GET,2079,1
12,GET,2095,1
12,GET,2111,1
12,GET,2143,1
12,GET,2159,1
12,GET,2191,1
12,GET,2303,1
12,GET,2319,1
12,GET,2431,1
12,GET,2479,1
12,GET,2543,1
12,GET,2559,1
12,GET,2639,1
12,GET,2671,1
12,GET,3311,1
12,GET,3407,1
12,GET,3439,1
13,SET,84,1
13,SET,85,1
13,SET,88,1
13,SET,93,2
13,SET,94,4
13,SET,95,2
13,SET,96,6
13,SET,97,5
13,SET,98,7
13,SET,99,12
13,SET,100,7
13,SET,101,12
13,SET,102,6
13,SET,103,15
13,SET,104,10
13,SET,105,11
13,SET,106,9
13,SET,107,13
13,SET,108,17
13,SET,109,12
13,SET,110,18
13,SET,111,14
13,SET,112,11
13,SET,113,30
13,SET,114,23
13,SET,115,28
13,SET,116,18
13,SET,117,24
13,SET,118,28
13,SET,119,27
13,SET,120,27
13,SET,121,23
13,SET,122,26
13,SET,123,33
13,SET,124,34
13,SET,125,37
13,SET,126,39
13,SET,127,29
13,SET,128,44
13,SET,129,32
13,SET,130,34
13,SET,131,40
13,SET,132,35
13,SET,133,35
13,SET,134,40
13,SET,135,49
13,SET,136,37
13,SET,137,46
13,SET,138,41
13,SET,139,48
13,SET,140,58
13,SET,141,57
13,SET,142,53
13,SET,143,39
13,SET,144,48
13,SET,145,50
13,SET,146,43
13,SET,147,61
13,SET,148,51
13,SET,149,53
13,SET,150,46
13,SET,151,53
13,SET,152,46
13,SET,153,53
13,SET,154,35
13,SET,155,39
13,SET,156,33
13,SET,157,47
13,SET,158,34
13,SET,159,45
13,SET,160,37
13,SET,161,54
13,SET,162,30
13,SET,163,28
13,SET,164,52
13,SET,165,32
13,SET,166,40
13,SET,167,35
13,SET,168,29
13,SET,169,34
13,SET,170,34
13,SET,171,33
13,SET,172,25
13,SET,173,33
13,SET,174,37
13,SET,175,26
13,SET,176,21
13,SET,177,20
13,SET,178,25
13,SET,179,26
13,SET,180,23
13,SET,181,25
13,SET,182,22
13,SET,183,27
13,SET,184,21
13,SET,185,18
13,SET,186,15
13,SET,187,16
13,SET,188,17
13,SET,189,13
13,SET,190,15
13,SET,191,16
13,SET,192,18
13,SET,193,12
13,SET,194,14
13,SET,195,29
13,SET,196,16
13,SET,197,17
13,SET,198,21
13,SET,199,15
13,SET,200,25
13,SET,201,17
13,SET,202,12
13,SET,203,19
13,SET,204,20
13,SET,205,15
13,SET,206,11
13,SET,207,17
13,SET,208,13
13,SET,209,19
13,SET,210,12
13,SET,211,20
13,SET,212,18
13,SET,213,10
13,SET,214,20
13,SET,215,25
13,SET,216,12
13,SET,217,21
13,SET,218,33
13,SET,219,14
13,SET,220,21
13,SET,221,18
13,SET,222,25
13,SET,223,23
13,SET,224,30
13,SET,225,21
13,SET,226,22
13,SET,227,31
13,SET,228,19
13,SET,229,25
13,SET,230,24
13,SET,231,19
13,SET,232,36
13,SET,233,33
13,SET,234,18
13,SET,235,24
13,SET,236,24
13,SET,237,28
13,SET,238,29
13,SET,239,27
13,SET,240,32
13,SET,241,30
13,SET,242,21
13,SET,243,23
13,SET,244,29
13,SET,245,21
13,SET,246,30
13,SET,247,28
13,SET,248,26
13,SET,249,25
13,SET,250,28
13,SET,251,24
13,SET,252,26
13,SET,253,29
13,SET,254,20
13,SET,255,32
13,SET,257,38
13,SET,259,45
13,SET,261,38
13,SET,263,39
13,SET,265,56
13,SET,267,31
13,SET,269,39
13,SET,271,36
13,SET,273,34
13,SET,275,29
13,SET,277,36
13,SET,279,35
13,SET,281,26
13,SET,283,29
13,SET,285,33
13,SET,287,45
13,SET,289,32
13,SET,291,57
13,SET,293,42
13,SET,295,51
13,SET,297,67
13,SET,299,74
13,SET,301,90
13,SET,303,114
13,SET,305,93
13,SET,307,140
13,SET,309,151
13,SET,311,196
13,SET,313,241
13,SET,315,240
13,SET,317,258
13,SET,319,349
13,SET,321,434
13,SET,323,513
13,SET,325,497
13,SET,327,583
13,SET,329,572
13,SET,331,648
13,SET,333,715
13,SET,335,717
13,SET,337,839
13,SET,339,853
13,SET,341,909
13,SET,343,944
13,SET,345,980
13,SET,347,915
13,SET,349,972
13,SET,351,950
13,SET,353,916
13,SET,355,915
13,SET,357,804
13,SET,359,833
13,SET,361,808
13,SET,363,702
13,SET,365,647
13,SET,367,582
13,SET,369,526
13,SET,371,511
13,SET,373,439
13,SET,375,421
13,SET,377,398
13,SET,379,320
13,SET,381,350
13,SET,383,301
13,SET,385,241
13,SET,387,226
13,SET,389,173
13,SET,391,172
13,SET,393,157
13,SET,395,156
13,SET,397,123
13,SET,399,118
13,SET,401,108
13,SET,403,102
13,SET,405,90
13,SET,407,69
13,SET,409,75
13,SET,411,60
13,SET,413,50
13,SET,415,51
13,SET,417,54
13,SET,419,50
13,SET,421,27
13,SET,423,43
13,SET,425,31
13,SET,427,29
13,SET,429,30
13,SET,431,26
13,SET,433,25
13,SET,435,28
13,SET,437,18
13,SET,439,23
13,SET,441,21
13,SET,443,15
13,SET,445,15
13,SET,447,17
13,SET,449,18
13,SET,451,9
13,SET,453,11
13,SET,455,15
13,SET,457,11
13,SET,459,10
13,SET,461,9
13,SET,463,9
13,SET,465,12
13,SET,467,8
13,SET,469,4
13,SET,471,7
13,SET,473,4
13,SET,475,1
13,SET,477,4
13,SET,479,7
13,SET,481,4
13,SET,483,4
13,SET,485,1
13,SET,487,5
13,SET,489,6
13,SET,491,2
13,SET,493,1
13,SET,495,1
13,SET,497,1
13,SET,499,2
13,SET,501,4
13,SET,503,3
13,SET,505,2
13,SET,507,3
13,SET,509,5
13,SET,511,1
13,SET,515,4
13,SET,519,4
13,SET,523,3
13,SET,531,2
13,SET,535,2
13,SET,539,3
13,SET,543,1
13,SET,547,5
13,SET,555,1
13,SET,563,1
13,SET,571,3
13,SET,575,2
13,SET,579,1
13,SET,587,3
13,SET,591,1
13,SET,599,3
13,SET,603,2
13,SET,607,1
13,SET,615,1
13,SET,619,2
13,SET,623,2
13,SET,631,1
13,SET,639,1
13,SET,643,1
13,SET,647,1
13,SET,667,1
13,SET,675,1
13,SET,707,1
13,SET,711,1
13,SET,715,1
13,SET,731,1
13,SET,747,1
13,SET,751,1
13,SET,759,1
13,SET,775,1
13,SET,799,1
13,SET,1535,1
13,SET,1543,1
13,SET,1639,1
13,SET,1671,1
13,SET,1735,1
13,SET,1895,1
13,SET,1951,1
13,SET,2479,1
13,GET,80,1
13,GET,81,2
13,GET,82,3
13,GET,83,4
13,GET,84,2
13,GET,85,8
13,GET,86,6
13,GET,87,18
13,GET,88,17
13,GET,89,22
13,GET,90,29
13,GET,91,26
13,GET,92,34
13,GET,93,44
13,GET,94,52
13,GET,95,76
13,GET,96,74
13,GET,97,76
13,GET,98,105
13,GET,99,89
13,GET,100,118
13,GET,101,146
13,GET,102,132
13,GET,103,148
13,GET,104,160
13,GET,105,182
13,GET,106,198
13,GET,107,231
13,GET,108,223
13,GET,109,259
13,GET,110,242
13,GET,111,277
13,GET,112,289
13,GET,113,307
13,GET,114,301
13,GET,115,345
13,GET,116,373
13,GET,117,391
13,GET,118,405
13,GET,119,428
13,GET,120,441
13,GET,121,445
13,GET,122,503
13,GET,123,514
13,GET,124,544
13,GET,125,570
13,GET,126,536
13,GET,127,541
13,GET,128,614
13,GET,129,634
13,GET,130,567
13,GET,131,664
13,GET,132,641
13,GET,133,592
13,GET,134,661
13,GET,135,679
13,GET,136,672
13,GET,137,642
13,GET,138,628
13,GET,139,692
13,GET,140,707
13,GET,141,688
13,GET,142,653
13,GET,143,637
13,GET,144,703
13,GET,145,653
13,GET,146,715
13,GET,147,694
13,GET,148,642
13,GET,149,665
13,GET,150,650
13,GET,151,679
13,GET,152,649
13,GET,153,617
13,GET,154,632
13,GET,155,593
13,GET,156,589
13,GET,157,608
13,GET,158,601
13,GET,159,522
13,GET,160,566
13,GET,161,526
13,GET,162,498
13,GET,163,506
13,GET,164,485
13,GET,165,453
13,GET,166,456
13,GET,167,451
13,GET,168,401
13,GET,169,434
13,GET,170,404
13,GET,171,387
13,GET,172,400
13,GET,173,389
13,GET,174,335
13,GET,175,377
13,GET,176,322
13,GET,177,291
13,GET,178,269
13,GET,179,302
13,GET,180,300
13,GET,181,300
13,GET,182,274
13,GET,183,271
13,GET,184,285
13,GET,185,258
13,GET,186,249
13,GET,187,251
13,GET,188,221
13,GET,189,241
13,GET,190,197
13,GET,191,235
13,GET,192,206
13,GET,193,191
13,GET,194,217
13,GET,195,217
13,GET,196,188
13,GET,197,200
13,GET,198,218
13,GET,199,190
13,GET,200,190
13,GET,201,207
13,GET,202,188
13,GET,203,196
13,GET,204,200
13,GET,205,237
13,GET,206,216
13,GET,207,199
13,GET,208,237
13,GET,209,214
13,GET,210,221
13,GET,211,249
13,GET,212,232
13,GET,213,235
13,GET,214,254
13,GET,215,264
13,GET,216,257
13,GET,217,295
13,GET,218,289
13,GET,219,275
13,GET,220,319
13,GET,221,288
13,GET,222,344
13,GET,223,311
13,GET,224,332
13,GET,225,298
13,GET,226,359
13,GET,227,356
13,GET,228,388
13,GET,229,348
13,GET,230,355
13,GET,231,388
13,GET,232,356
13,GET,233,349
13,GET,234,373
13,GET,235,390
13,GET,236,386
13,GET,237,402
13,GET,238,424
13,GET,239,433
13,GET,240,403
13,GET,241,378
13,GET,242,354
13,GET,243,387
13,GET,244,395
13,GET,245,379
13,GET,246,396
13,GET,247,379
13,GET,248,392
13,GET,249,374
13,GET,250,344
13,GET,251,376
13,GET,252,339
13,GET,253,313
13,GET,254,333
13,GET,255,345
13,GET,257,647
13,GET,259,658
13,GET,261,576
13,GET,263,592
13,GET,265,572
13,GET,267,545
13,GET,269,517
13,GET,271,488
13,GET,273,525
13,GET,275,494
13,GET,277,473
13,GET,279,518
13,GET,281,515
13,GET,283,566
13,GET,285,538
13,GET,287,584
13,GET,289,607
13,GET,291,709
13,GET,293,774
13,GET,295,870
13,GET,297,1023
13,GET,299,1118
13,GET,301,1316
13,GET,303,1531
13,GET,305,1752
13,GET,307,2055
13,GET,309,2503
13,GET,311,2935
13,GET,313,3301
13,GET,315,3912
13,GET,317,4541
13,GET,319,5290
13,GET,321,6034
13,GET,323,6745
13,GET,325,7744
13,GET,327,8204
13,GET,329,9112
13,GET,331,10012
13,GET,333,10429
13,GET,335,11408
13,GET,337,12032
13,GET,339,12662
13,GET,341,12900
13,GET,343,12967
13,GET,345,13159
13,GET,347,13258
13,GET,349,12958
13,GET,351,12740
13,GET,353,12423
13,GET,355,11958
13,GET,357,11302
13,GET,359,10878
13,GET,361,10121
13,GET,363,9419
13,GET,365,8766
13,GET,367,7975
13,GET,369,7208
13,GET,371,6636
13,GET,373,6046
13,GET,375,5522
13,GET,377,5123
13,GET,379,4562
13,GET,381,3977
13,GET,383,3652
13,GET,385,3232
13,GET,387,2910
13,GET,389,2678
13,GET,391,2307
13,GET,393,2026
13,GET,395,1899
13,GET,397,1613
13,GET,399,1526
13,GET,401,1367
13,GET,403,1219
13,GET,405,1092
13,GET,407,1006
13,GET,409,944
13,GET,411,844
13,GET,413,714
13,GET,415,708
13,GET,417,629
13,GET,419,569
13,GET,421,535
13,GET,423,507
13,GET,425,456
13,GET,427,353
13,GET,429,339
13,GET,431,335
13,GET,433,319
13,GET,435,259
13,GET,437,259
13,GET,439,220
13,GET,441,263
13,GET,443,219
13,GET,445,207
13,GET,447,189
13,GET,449,168
13,GET,451,161
13,GET,453,148
13,GET,455,152
13,GET,457,119
13,GET,459,128
13,GET,461,120
13,GET,463,122
13,GET,465,120
13,GET,467,94
13,GET,469,80
13,GET,471,78
13,GET,473,82
13,GET,475,68
13,GET,477,75
13,GET,479,53
13,GET,481,61
13,GET,483,55
13,GET,485,46
13,GET,487,49
13,GET,489,43
13,GET,491,44
13,GET,493,34
13,GET,495,48
13,GET,497,35
13,GET,499,35
13,GET,501,35
13,GET,503,37
13,GET,505,33
13,GET,507,31
13,GET,509,20
13,GET,511,37
13,GET,515,61
13,GET,519,49
13,GET,523,54
13,GET,527,37
13,GET,531,33
13,GET,535,30
13,GET,539,28
13,GET,543,27
13,GET,547,22
13,GET,551,18
13,GET,555,23
13,GET,559,17
13,GET,563,24
13,GET,567,17
13,GET,571,25
13,GET,575,19
13,GET,579,22
13,GET,583,16
13,GET,587,22
13,GET,591,19
13,GET,595,19
13,GET,599,17
13,GET,603,15
13,GET,607,20
13,GET,611,22
13,GET,615,15
13,GET,619,18
13,GET,623,14
13,GET,627,15
13,GET,631,14
13,GET,635,17
13,GET,639,15
13,GET,643,5
13,GET,647,8
13,GET,651,10
13,GET,655,12
13,GET,659,13
13,GET,663,11
13,GET,667,12
13,GET,671,8
13,GET,675,9
13,GET,679,11
13,GET,683,5
13,GET,687,5
13,GET,691,2
13,GET,695,6
13,GET,699,4
13,GET,703,4
13,GET,707,2
13,GET,711,6
13,GET,715,4
13,GET,719,5
13,GET,723,2
13,GET,727,1
13,GET,731,5
13,GET,735,9
13,GET,739,6
13,GET,743,10
13,GET,747,4
13,GET,751,6
13,GET,755,10
13,GET,759,1
13,GET,763,3
13,GET,767,8
13,GET,771,5
13,GET,775,3
13,GET,779,1
13,GET,783,2
13,GET,787,3
13,GET,791,3
13,GET,795,1
13,GET,799,2
13,GET,807,2
13,GET,811,1
13,GET,815,2
13,GET,823,3
13,GET,827,1
13,GET,831,1
13,GET,835,1
13,GET,843,1
13,GET,851,1
13,GET,855,1
13,GET,863,2
13,GET,871,1
13,GET,883,1
13,GET,895,1
13,GET,927,1
13,GET,931,1
13,GET,943,1
13,GET,967,1
13,GET,983,1
13,GET,1023,1
13,GET,1175,1
13,GET,1183,1
13,GET,1239,1
13,GET,1327,1
13,GET,1391,1
13,GET,1423,1
13,GET,1479,1
13,GET,1487,2
13,GET,1503,2
13,GET,1535,1
13,GET,1559,1
13,GET,1567,2
13,GET,1575,1
13,GET,1583,1
13,GET,1599,1
13,GET,1607,2
13,GET,1615,1
13,GET,1631,1
13,GET,1639,1
13,GET,1647,1
13,GET,1687,2
13,GET,1695,3
13,GET,1703,2
13,GET,1711,2
13,GET,1719,3
13,GET,1727,1
13,GET,1751,1
13,GET,1759,3
13,GET,1775,1
13,GET,1799,1
13,GET,1839,2
13,GET,1855,1
13,GET,1871,1
13,GET,1919,1
13,GET,1927,1
13,GET,2007,1
13,GET,2047,1
13,GET,2063,2
13,GET,2095,1
13,GET,2111,1
13,GET,2143,1
13,GET,2191,1
13,GET,2207,2
13,GET,2271,1
13,GET,2319,1
13,GET,2351,1
13,GET,2447,1
13,GET,2511,1
13,GET,2559,1
13,GET,2575,1
13,GET,2687,1
13,GET,2911,1
13,GET,3535,1
13,DEL,81,2
13,DEL,84,1
13,DEL,86,5
13,DEL,87,5
13,DEL,88,2
13,DEL,89,9
13,DEL,90,10
13,DEL,91,8
13,DEL,92,17
13,DEL,93,19
13,DEL,94,19
13,DEL,95,27
13,DEL,96,28
13,DEL,97,31
13,DEL,98,37
13,DEL,99,36
13,DEL,100,48
13,DEL,101,49
13,DEL,102,52
13,DEL,103,53
13,DEL,104,53
13,DEL,105,68
13,DEL,106,67
13,DEL,107,81
13,DEL,108,84
13,DEL,109,85
13,DEL,110,90
13,DEL,111,118
13,DEL,112,113
13,DEL,113,118
13,DEL,114,116
13,DEL,115,121
13,DEL,116,106
13,DEL,117,127
13,DEL,118,134
13,DEL,119,155
13,DEL,120,157
13,DEL,121,155
13,DEL,122,165
13,DEL,123,212
13,DEL,124,195
13,DEL,125,189
13,DEL,126,180
13,DEL,127,204
13,DEL,128,226
13,DEL,129,221
13,DEL,130,208
13,DEL,131,213
13,DEL,132,215
13,DEL,133,238
13,DEL,134,216
13,DEL,135,227
13,DEL,136,236
13,DEL,137,228
13,DEL,138,261
13,DEL,139,221
13,DEL,140,240
13,DEL,141,281
13,DEL,142,247
13,DEL,143,242
13,DEL,144,280
13,DEL,145,249
13,DEL,146,227
13,DEL,147,234
13,DEL,148,244
13,DEL,149,239
13,DEL,150,228
13,DEL,151,231
13,DEL,152,220
13,DEL,153,223
13,DEL,154,232
13,DEL,155,205
13,DEL,156,189
13,DEL,157,201
13,DEL,158,183
13,DEL,159,197
13,DEL,160,189
13,DEL,161,202
13,DEL,162,201
13,DEL,163,182
13,DEL,164,162
13,DEL,165,149
13,DEL,166,169
13,DEL,167,161
13,DEL,168,138
13,DEL,169,150
13,DEL,170,158
13,DEL,171,136
13,DEL,172,126
13,DEL,173,127
13,DEL,174,135
13,DEL,175,135
13,DEL,176,135
13,DEL,177,113
13,DEL,178,101
13,DEL,179,108
13,DEL,180,107
13,DEL,181,91
13,DEL,182,104
13,DEL,183,94
13,DEL,184,86
13,DEL,185,88
13,DEL,186,90
13,DEL,187,77
13,DEL,188,78
13,DEL,189,82
13,DEL,190,91
13,DEL,191,76
13,DEL,192,90
13,DEL,193,91
13,DEL,194,78
13,DEL,195,75
13,DEL,196,87
13,DEL,197,67
13,DEL,198,81
13,DEL,199,57
13,DEL,200,72
13,DEL,201,79
13,DEL,202,55
13,DEL,203,78
13,DEL,204,76
13,DEL,205,77
13,DEL,206,88
13,DEL,207,77
13,DEL,208,74
13,DEL,209,73
13,DEL,210,88
13,DEL,211,80
13,DEL,212,92
13,DEL,213,101
13,DEL,214,80
13,DEL,215,98
13,DEL,216,110
13,DEL,217,98
13,DEL,218,94
13,DEL,219,98
13,DEL,220,119
13,DEL,221,110
13,DEL,222,113
13,DEL,223,124
13,DEL,224,102
13,DEL,225,123
13,DEL,226,116
13,DEL,227,139
13,DEL,228,124
13,DEL,229,122
13,DEL,230,132
13,DEL,231,132
13,DEL,232,119
13,DEL,233,134
13,DEL,234,133
13,DEL,235,143
13,DEL,236,145
13,DEL,237,132
13,DEL,238,136
13,DEL,239,141
13,DEL,240,160
13,DEL,241,126
13,DEL,242,119
13,DEL,243,109
13,DEL,244,155
13,DEL,245,105
13,DEL,246,137
13,DEL,247,154
13,DEL,248,129
13,DEL,249,129
13,DEL,250,120
13,DEL,251,124
13,DEL,252,99
13,DEL,253,128
13,DEL,254,133
13,DEL,255,122
13,DEL,257,219
13,DEL,259,221
13,DEL,261,208
13,DEL,263,210
13,DEL,265,206
13,DEL,267,188
13,DEL,269,188
13,DEL,271,184
13,DEL,273,183
13,DEL,275,180
13,DEL,277,181
13,DEL,279,169
13,DEL,281,188
13,DEL,283,194
13,DEL,285,173
13,DEL,287,196
13,DEL,289,250
13,DEL,291,247
13,DEL,293,255
13,DEL,295,298
13,DEL,297,349
13,DEL,299,400
13,DEL,301,462
13,DEL,303,525
13,DEL,305,613
13,DEL,307,771
13,DEL,309,917
13,DEL,311,1045
13,DEL,313,1198
13,DEL,315,1375
13,DEL,317,1598
13,DEL,319,1908
13,DEL,321,2151
13,DEL,323,2502
13,DEL,325,2710
13,DEL,327,2947
13,DEL,329,3358
13,DEL,331,3534
13,DEL,333,3824
13,DEL,335,3994
13,DEL,337,4314
13,DEL,339,4348
13,DEL,341,4575
13,DEL,343,4638
13,DEL,345,4791
13,DEL,347,4737
13,DEL,349,4662
13,DEL,351,4618
13,DEL,353,4439
13,DEL,355,4257
13,DEL,357,4044
13,DEL,359,3805
13,DEL,361,3545
13,DEL,363,3386
13,DEL,365,3065
13,DEL,367,2760
13,DEL,369,2684
13,DEL,371,2445
13,DEL,373,2156
13,DEL,375,1964
13,DEL,377,1803
13,DEL,379,1663
13,DEL,381,1467
13,DEL,383,1279
13,DEL,385,1176
13,DEL,387,1051
13,DEL,389,935
13,DEL,391,842
13,DEL,393,769
13,DEL,395,712
13,DEL,397,588
13,DEL,399,568
13,DEL,401,469
13,DEL,403,437
13,DEL,405,391
13,DEL,407,375
13,DEL,409,298
13,DEL,411,294
13,DEL,413,268
13,DEL,415,248
13,DEL,417,201
13,DEL,419,183
13,DEL,421,201
13,DEL,423,160
13,DEL,425,136
13,DEL,427,155
13,DEL,429,124
13,DEL,431,113
13,DEL,433,105
13,DEL,435,97
13,DEL,437,110
13,DEL,439,96
13,DEL,441,70
13,DEL,443,93
13,DEL,445,76
13,DEL,447,68
13,DEL,449,59
13,DEL,451,50
13,DEL,453,59
13,DEL,455,52
13,DEL,457,33
13,DEL,459,49
13,DEL,461,48
13,DEL,463,39
13,DEL,465,42
13,DEL,467,32
13,DEL,469,33
13,DEL,471,32
13,DEL,473,33
13,DEL,475,30
13,DEL,477,29
13,DEL,479,35
13,DEL,481,18
13,DEL,483,28
13,DEL,485,26
13,DEL,487,13
13,DEL,489,20
13,DEL,491,26
13,DEL,493,14
13,DEL,495,9
13,DEL,497,13
13,DEL,499,15
13,DEL,501,16
13,DEL,503,5
13,DEL,505,7
13,DEL,507,12
13,DEL,509,11
13,DEL,511,6
13,DEL,515,21
13,DEL,519,16
13,DEL,523,14
13,DEL,527,15
13,DEL,531,23
13,DEL,535,10
13,DEL,539,7
13,DEL,543,8
13,DEL,547,8
13,DEL,551,10
13,DEL,555,7
13,DEL,559,6
13,DEL,563,4
13,DEL,567,6
13,DEL,571,8
13,DEL,575,7
13,DEL,579,7
13,DEL,583,2
13,DEL,587,9
13,DEL,591,14
13,DEL,595,3
13,DEL,599,8
13,DEL,603,3
13,DEL,607,5
13,DEL,611,5
13,DEL,615,3
13,DEL,619,5
13,DEL,623,5
13,DEL,627,3
13,DEL,631,9
13,DEL,635,4
13,DEL,639,5
13,DEL,643,6
13,DEL,647,4
13,DEL,651,3
13,DEL,655,5
13,DEL,659,5
13,DEL,663,2
13,DEL,667,2
13,DEL,671,3
13,DEL,675,3
13,DEL,679,2
13,DEL,683,1
13,DEL,687,4
13,DEL,691,2
13,DEL,695,5
13,DEL,703,1
13,DEL,707,2
13,DEL,711,2
13,DEL,715,3
13,DEL,723,3
13,DEL,727,4
13,DEL,731,2
13,DEL,739,1
13,DEL,743,3
13,DEL,747,2
13,DEL,751,1
13,DEL,759,1
13,DEL,763,1
13,DEL,767,2
13,DEL,775,4
13,DEL,783,1
13,DEL,787,1
13,DEL,799,3
13,DEL,807,1
13,DEL,811,1
13,DEL,819,1
13,DEL,823,1
13,DEL,827,2
13,DEL,839,2
13,DEL,863,1
13,DEL,867,1
13,DEL,875,2
13,DEL,891,1
13,DEL,1103,1
13,DEL,1135,1
13,DEL,1463,1
13,DEL,1487,1
13,DEL,1495,1
13,DEL,1519,1
13,DEL,1543,1
13,DEL,1631,2
13,DEL,1655,1
13,DEL,1695,1
13,DEL,1703,1
13,DEL,1719,2
13,DEL,1879,1
13,DEL,1967,1
13,DEL,2095,1
13,DEL,2159,1
13,DEL,2383,1
13,DEL,2447,2
13,DEL,2495,2
13,DEL,3439,1
13,DEL,5535,1
14,DEL,80,1
14,DEL,82,3
14,DEL,83,1
14,DEL,84,4
14,DEL,85,2
14,DEL,86,8
14,DEL,87,5
14,DEL,88,5
14,DEL,89,12
14,DEL,90,14
14,DEL,91,20
14,DEL,92,12
14,DEL,93,22
14,DEL,94,20
14,DEL,95,21
14,DEL,96,25
14,DEL,97,28
14,DEL,98,24
14,DEL,99,29
14,DEL,100,40
14,DEL,101,38
14,DEL,102,45
14,DEL,103,47
14,DEL,104,48
14,DEL,105,60
14,DEL,106,54
14,DEL,107,74
14,DEL,108,65
14,DEL,109,74
14,DEL,110,76
14,DEL,111,92
14,DEL,112,107
14,DEL,113,96
14,DEL,114,116
14,DEL,115,133
14,DEL,116,129
14,DEL,117,124
14,DEL,118,124
14,DEL,119,160
14,DEL,120,133
14,DEL,121,170
14,DEL,122,162
14,DEL,123,174
14,DEL,124,180
14,DEL,125,198
14,DEL,126,207
14,DEL,127,207
14,DEL,128,218
14,DEL,129,228
14,DEL,130,204
14,DEL,131,243
14,DEL,132,216
14,DEL,133,250
14,DEL,134,234
14,DEL,135,256
14,DEL,136,226
14,DEL,137,243
14,DEL,138,249
14,DEL,139,259
14,DEL,140,251
14,DEL,141,247
14,DEL,142,246
14,DEL,143,279
14,DEL,144,243
14,DEL,145,241
14,DEL,146,261
14,DEL,147,256
14,DEL,148,268
14,DEL,149,251
14,DEL,150,226
14,DEL,151,240
14,DEL,152,196
14,DEL,153,189
14,DEL,154,237
14,DEL,155,224
14,DEL,156,188
14,DEL,157,221
14,DEL,158,176
14,DEL,159,177
14,DEL,160,190
14,DEL,161,186
14,DEL,162,184
14,DEL,163,162
14,DEL,164,175
14,DEL,165,152
14,DEL,166,157
14,DEL,167,169
14,DEL,168,165
14,DEL,169,138
14,DEL,170,157
14,DEL,171,142
14,DEL,172,155
14,DEL,173,105
14,DEL,174,119
14,DEL,175,112
14,DEL,176,112
14,DEL,177,112
14,DEL,178,115
14,DEL,179,114
14,DEL,180,102
14,DEL,181,109
14,DEL,182,91
14,DEL,183,90
14,DEL,184,98
14,DEL,185,75
14,DEL,186,90
14,DEL,187,100
14,DEL,188,88
14,DEL,189,82
14,DEL,190,97
14,DEL,191,85
14,DEL,192,78
14,DEL,193,74
14,DEL,194,85
14,DEL,195,85
14,DEL,196,70
14,DEL,197,80
14,DEL,198,72
14,DEL,199,84
14,DEL,200,68
14,DEL,201,86
14,DEL,202,92
14,DEL,203,74
14,DEL,204,82
14,DEL,205,89
14,DEL,206,75
14,DEL,207,85
14,DEL,208,96
14,DEL,209,69
14,DEL,210,95
14,DEL,211,82
14,DEL,212,92
14,DEL,213,96
14,DEL,214,108
14,DEL,215,105
14,DEL,216,100
14,DEL,217,111
14,DEL,218,95
14,DEL,219,101
14,DEL,220,115
14,DEL,221,121
14,DEL,222,112
14,DEL,223,99
14,DEL,224,123
14,DEL,225,136
14,DEL,226,122
14,DEL,227,144
14,DEL,228,121
14,DEL,229,133
14,DEL,230,136
14,DEL,231,148
14,DEL,232,120
14,DEL,233,139
14,DEL,234,151
14,DEL,235,138
14,DEL,236,121
14,DEL,237,120
14,DEL,238,143
14,DEL,239,148
14,DEL,240,113
14,DEL,241,144
14,DEL,242,147
14,DEL,243,155
14,DEL,244,121
14,DEL,245,128
14,DEL,246,129
14,DEL,247,151
14,DEL,248,161
14,DEL,249,147
14,DEL,250,145
14,DEL,251,132
14,DEL,252,104
14,DEL,253,130
14,DEL,254,129
14,DEL,255,116
14,DEL,257,211
14,DEL,259,217
14,DEL,261,225
14,DEL,263,198
14,DEL,265,205
14,DEL,267,187
14,DEL,269,182
14,DEL,271,161
14,DEL,273,192
14,DEL,275,176
14,DEL,277,191
14,DEL,279,198
14,DEL,281,177
14,DEL,283,195
14,DEL,285,194
14,DEL,287,235
14,DEL,289,236
14,DEL,291,231
14,DEL,293,258
14,DEL,295,305
14,DEL,297,361
14,DEL,299,395
14,DEL,301,484
14,DEL,303,539
14,DEL,305,666
14,DEL,307,735
14,DEL,309,908
14,DEL,311,985
14,DEL,313,1208
14,DEL,315,1395
14,DEL,317,1670
14,DEL,319,1799
14,DEL,321,2139
14,DEL,323,2431
14,DEL,325,2658
14,DEL,327,3004
14,DEL,329,3282
14,DEL,331,3477
14,DEL,333,3737
14,DEL,335,4040
14,DEL,337,4233
14,DEL,339,4371
14,DEL,341,4510
14,DEL,343,4662
14,DEL,345,4628
14,DEL,347,4777
14,DEL,349,4622
14,DEL,351,4436
14,DEL,353,4473
14,DEL,355,4326
14,DEL,357,4131
14,DEL,359,3841
14,DEL,361,3600
14,DEL,363,3371
14,DEL,365,3161
14,DEL,367,2851
14,DEL,369,2629
14,DEL,371,2461
14,DEL,373,2232
14,DEL,375,2024
14,DEL,377,1744
14,DEL,379,1603
14,DEL,381,1475
14,DEL,383,1305
14,DEL,385,1145
14,DEL,387,1098
14,DEL,389,923
14,DEL,391,836
14,DEL,393,738
14,DEL,395,666
14,DEL,397,608
14,DEL,399,536
14,DEL,401,460
14,DEL,403,400
14,DEL,405,415
14,DEL,407,348
14,DEL,409,309
14,DEL,411,309
14,DEL,413,283
14,DEL,415,220
14,DEL,417,244
14,DEL,419,170
14,DEL,421,175
14,DEL,423,152
14,DEL,425,152
14,DEL,427,139
14,DEL,429,140
14,DEL,431,131
14,DEL,433,119
14,DEL,435,110
14,DEL,437,91
14,DEL,439,97
14,DEL,441,76
14,DEL,443,70
14,DEL,445,79
14,DEL,447,57
14,DEL,449,74
14,DEL,451,57
14,DEL,453,47
14,DEL,455,47
14,DEL,457,43
14,DEL,459,51
14,DEL,461,33
14,DEL,463,38
14,DEL,465,33
14,DEL,467,25
14,DEL,469,31
14,DEL,471,24
14,DEL,473,39
14,DEL,475,26
14,DEL,477,20
14,DEL,479,29
14,DEL,481,24
14,DEL,483,26
14,DEL,485,18
14,DEL,487,11
14,DEL,489,24
14,DEL,491,14
14,DEL,493,11
14,DEL,495,12
14,DEL,497,14
14,DEL,499,13
14,DEL,501,12
14,DEL,503,10
14,DEL,505,7
14,DEL,507,13
14,DEL,509,11
14,DEL,511,6
14,DEL,515,20
14,DEL,519,22
14,DEL,523,15
14,DEL,527,15
14,DEL,531,20
14,DEL,535,10
14,DEL,539,10
14,DEL,543,9
14,DEL,547,2
14,DEL,551,7
14,DEL,555,8
14,DEL,559,6
14,DEL,563,8
14,DEL,567,2
14,DEL,571,10
14,DEL,575,9
14,DEL,579,6
14,DEL,583,8
14,DEL,587,5
14,DEL,591,8
14,DEL,595,6
14,DEL,599,5
14,DEL,603,7
14,DEL,607,7
14,DEL,611,5
14,DEL,615,6
14,DEL,619,4
14,DEL,623,7
14,DEL,627,3
14,DEL,631,3
14,DEL,635,6
14,DEL,639,8
14,DEL,643,6
14,DEL,647,1
14,DEL,651,1
14,DEL,655,3
14,DEL,659,2
14,DEL,663,6
14,DEL,667,5
14,DEL,675,3
14,DEL,679,2
14,DEL,683,2
14,DEL,687,4
14,DEL,695,1
14,DEL,703,1
14,DEL,711,1
14,DEL,715,2
14,DEL,719,2
14,DEL,723,2
14,DEL,727,1
14,DEL,731,1
14,DEL,735,2
14,DEL,739,5
14,DEL,743,1
14,DEL,747,2
14,DEL,751,1
14,DEL,759,2
14,DEL,763,2
14,DEL,767,3
14,DEL,771,1
14,DEL,775,2
14,DEL,783,2
14,DEL,787,2
14,DEL,791,1
14,DEL,795,1
14,DEL,803,1
14,DEL,807,1
14,DEL,831,1
14,DEL,847,1
14,DEL,883,3
14,DEL,931,1
14,DEL,1327,1
14,DEL,1343,1
14,DEL,1471,1
14,DEL,1495,1
14,DEL,1575,1
14,DEL,1583,1
14,DEL,1647,1
14,DEL,1663,2
14,DEL,1671,1
14,DEL,1687,2
14,DEL,1703,1
14,DEL,1719,1
14,DEL,1735,1
14,DEL,1743,2
14,DEL,1807,1
14,DEL,1839,1
14,DEL,1887,1
14,DEL,1927,1
14,DEL,1951,1
14,DEL,1967,1
14,DEL,2039,1
14,DEL,2495,1
14,DEL,2543,1
14,DEL,2639,1
14,DEL,3407,1
14,GET,78,1
14,GET,80,3
14,GET,81,6
14,GET,82,2
14,GET,83,4
14,GET,84,6
14,GET,85,12
14,GET,86,15
14,GET,87,13
14,GET,88,25
14,GET,89,26
14,GET,90,25
14,GET,91,33
14,GET,92,49
14,GET,93,45
14,GET,94,56
14,GET,95,59
14,GET,96,73
14,GET,97,69
14,GET,98,77
14,GET,99,96
14,GET,100,105
14,GET,101,125
14,GET,102,120
14,GET,103,127
14,GET,104,161
14,GET,105,179
14,GET,106,171
14,GET,107,196
14,GET,108,203
14,GET,109,222
14,GET,110,232
14,GET,111,276
14,GET,112,260
14,GET,113,313
14,GET,114,354
14,GET,115,325
14,GET,116,352
14,GET,117,409
14,GET,118,415
14,GET,119,454
14,GET,120,465
14,GET,121,454
14,GET,122,504
14,GET,123,512
14,GET,124,491
14,GET,125,531
14,GET,126,526
14,GET,127,558
14,GET,128,613
14,GET,129,570
14,GET,130,650
14,GET,131,633
14,GET,132,682
14,GET,133,659
14,GET,134,648
14,GET,135,664
14,GET,136,700
14,GET,137,680
14,GET,138,648
14,GET,139,690
14,GET,140,702
14,GET,141,695
14,GET,142,719
14,GET,143,678
14,GET,144,722
14,GET,145,702
14,GET,146,644
14,GET,147,672
14,GET,148,669
14,GET,149,679
14,GET,150,634
14,GET,151,661
14,GET,152,602
14,GET,153,585
14,GET,154,631
14,GET,155,610
14,GET,156,584
14,GET,157,561
14,GET,158,570
14,GET,159,602
14,GET,160,527
14,GET,161,522
14,GET,162,513
14,GET,163,514
14,GET,164,469
14,GET,165,482
14,GET,166,452
14,GET,167,455
14,GET,168,394
14,GET,169,410
14,GET,170,411
14,GET,171,398
14,GET,172,362
14,GET,173,378
14,GET,174,347
14,GET,175,318
14,GET,176,334
14,GET,177,330
14,GET,178,304
14,GET,179,279
14,GET,180,309
14,GET,181,287
14,GET,182,283
14,GET,183,265
14,GET,184,258
14,GET,185,266
14,GET,186,244
14,GET,187,257
14,GET,188,233
14,GET,189,257
14,GET,190,233
14,GET,191,200
14,GET,192,228
14,GET,193,203
14,GET,194,219
14,GET,195,220
14,GET,196,213
14,GET,197,211
14,GET,198,213
14,GET,199,233
14,GET,200,199
14,GET,201,245
14,GET,202,179
14,GET,203,210
14,GET,204,217
14,GET,205,215
14,GET,206,225
14,GET,207,225
14,GET,208,256
14,GET,209,268
14,GET,210,244
14,GET,211,267
14,GET,212,235
14,GET,213,255
14,GET,214,267
14,GET,215,282
14,GET,216,307
14,GET,217,302
14,GET,218,293
14,GET,219,308
14,GET,220,298
14,GET,221,295
14,GET,222,329
14,GET,223,312
14,GET,224,359
14,GET,225,334
14,GET,226,371
14,GET,227,376
14,GET,228,396
14,GET,229,367
14,GET,230,339
14,GET,231,397
14,GET,232,379
14,GET,233,362
14,GET,234,404
14,GET,235,430
14,GET,236,416
14,GET,237,349
14,GET,238,403
14,GET,239,408
14,GET,240,395
14,GET,241,373
14,GET,242,378
14,GET,243,442
14,GET,244,396
14,GET,245,383
14,GET,246,383
14,GET,247,375
14,GET,248,376
14,GET,249,327
14,GET,250,365
14,GET,251,334
14,GET,252,348
14,GET,253,328
14,GET,254,317
14,GET,255,331
14,GET,257,654
14,GET,259,604
14,GET,261,601
14,GET,263,563
14,GET,265,562
14,GET,267,531
14,GET,269,531
14,GET,271,506
14,GET,273,494
14,GET,275,521
14,GET,277,475
14,GET,279,472
14,GET,281,561
14,GET,283,512
14,GET,285,556
14,GET,287,587
14,GET,289,636
14,GET,291,620
14,GET,293,775
14,GET,295,834
14,GET,297,936
14,GET,299,1087
14,GET,301,1342
14,GET,303,1539
14,GET,305,1780
14,GET,307,2223
14,GET,309,2469
14,GET,311,2866
14,GET,313,3461
14,GET,315,3951
14,GET,317,4428
14,GET,319,5229
14,GET,321,5943
14,GET,323,6833
14,GET,325,7638
14,GET,327,8103
14,GET,329,9182
14,GET,331,9828
14,GET,333,10654
14,GET,335,11313
14,GET,337,12009
14,GET,339,12292
14,GET,341,12847
14,GET,343,13134
14,GET,345,13268
14,GET,347,13208
14,GET,349,12992
14,GET,351,12860
14,GET,353,12243
14,GET,355,11944
14,GET,357,11440
14,GET,359,10763
14,GET,361,10092
14,GET,363,9560
14,GET,365,8844
14,GET,367,8081
14,GET,369,7485
14,GET,371,6802
14,GET,373,6108
14,GET,375,5456
14,GET,377,5021
14,GET,379,4547
14,GET,381,4089
14,GET,383,3550
14,GET,385,3235
14,GET,387,2889
14,GET,389,2620
14,GET,391,2371
14,GET,393,2122
14,GET,395,1931
14,GET,397,1654
14,GET,399,1501
14,GET,401,1347
14,GET,403,1232
14,GET,405,1136
14,GET,407,959
14,GET,409,885
14,GET,411,786
14,GET,413,759
14,GET,415,681
14,GET,417,587
14,GET,419,572
14,GET,421,470
14,GET,423,483
14,GET,425,432
14,GET,427,432
14,GET,429,351
14,GET,431,331
14,GET,433,305
14,GET,435,297
14,GET,437,265
14,GET,439,255
14,GET,441,226
14,GET,443,225
14,GET,445,168
14,GET,447,196
14,GET,449,152
14,GET,451,164
14,GET,453,131
14,GET,455,125
14,GET,457,139
14,GET,459,120
14,GET,461,106
14,GET,463,106
14,GET,465,92
14,GET,467,87
14,GET,469,92
14,GET,471,75
14,GET,473,72
14,GET,475,69
14,GET,477,60
14,GET,479,64
14,GET,481,60
14,GET,483,63
14,GET,485,51
14,GET,487,61
14,GET,489,41
14,GET,491,38
14,GET,493,42
14,GET,495,45
14,GET,497,40
14,GET,499,43
14,GET,501,36
14,GET,503,36
14,GET,505,27
14,GET,507,23
14,GET,509,24
14,GET,511,25
14,GET,515,49
14,GET,519,37
14,GET,523,33
14,GET,527,31
14,GET,531,33
14,GET,535,42
14,GET,539,38
14,GET,543,32
14,GET,547,28
14,GET,551,16
14,GET,555,23
14,GET,559,24
14,GET,563,23
14,GET,567,18
14,GET,571,21
14,GET,575,21
14,GET,579,21
14,GET,583,12
14,GET,587,12
14,GET,591,21
14,GET,595,26
14,GET,599,24
14,GET,603,27
14,GET,607,15
14,GET,611,19
14,GET,615,14
14,GET,619,16
14,GET,623,24
14,GET,627,19
14,GET,631,16
14,GET,635,15
14,GET,639,16
14,GET,643,14
14,GET,647,10
14,GET,651,5
14,GET,655,7
14,GET,659,16
14,GET,663,7
14,GET,667,4
14,GET,671,6
14,GET,675,9
14,GET,679,5
14,GET,683,6
14,GET,687,5
14,GET,691,5
14,GET,695,2
14,GET,699,6
14,GET,703,2
14,GET,707,4
14,GET,711,8
14,GET,715,3
14,GET,719,11
14,GET,723,5
14,GET,727,6
14,GET,731,2
14,GET,735,4
14,GET,739,5
14,GET,743,7
14,GET,747,8
14,GET,751,3
14,GET,755,4
14,GET,759,4
14,GET,763,4
14,GET,767,3
14,GET,771,4
14,GET,775,2
14,GET,779,6
14,GET,783,4
14,GET,787,3
14,GET,791,3
14,GET,795,2
14,GET,799,3
14,GET,803,3
14,GET,807,1
14,GET,811,3
14,GET,815,1
14,GET,827,2
14,GET,831,2
14,GET,835,2
14,GET,843,1
14,GET,847,2
14,GET,875,1
14,GET,895,2
14,GET,935,1
14,GET,939,1
14,GET,1019,1
14,GET,1103,1
14,GET,1159,1
14,GET,1255,1
14,GET,1335,2
14,GET,1407,1
14,GET,1447,1
14,GET,1455,1
14,GET,1471,1
14,GET,1503,1
14,GET,1527,1
14,GET,1543,1
14,GET,1551,1
14,GET,1575,1
14,GET,1583,1
14,GET,1607,1
14,GET,1615,2
14,GET,1647,1
14,GET,1671,2
14,GET,1695,2
14,GET,1703,3
14,GET,1711,5
14,GET,1719,1
14,GET,1727,2
14,GET,1743,1
14,GET,1775,1
14,GET,1791,1
14,GET,1815,1
14,GET,1823,1
14,GET,1839,2
14,GET,1887,1
14,GET,1903,1
14,GET,1911,1
14,GET,1943,1
14,GET,2039,1
14,GET,2047,1
14,GET,2095,3
14,GET,2111,1
14,GET,2127,1
14,GET,2175,2
14,GET,2191,1
14,GET,2207,1
14,GET,2239,1
14,GET,2271,1
14,GET,2303,1
14,GET,2367,1
14,GET,2383,1
14,GET,2399,2
14,GET,2431,1
14,GET,2527,2
14,GET,2623,1
14,GET,3199,1
14,GET,3439,1
14,GET,5567,1
14,SET,78,1
14,SET,79,1
14,SET,82,2
14,SET,83,1
14,SET,84,2
14,SET,85,2
14,SET,88,1
14,SET,89,5
14,SET,90,2
14,SET,92,3
14,SET,93,6
14,SET,94,4
14,SET,95,1
14,SET,96,3
14,SET,97,4
14,SET,98,5
14,SET,99,10
14,SET,100,6
14,SET,101,12
14,SET,102,8
14,SET,103,8
14,SET,104,9
14,SET,105,6
14,SET,106,10
14,SET,107,12
14,SET,108,9
14,SET,109,10
14,SET,110,11
14,SET,111,13
14,SET,112,17
14,SET,113,26
14,SET,114,18
14,SET,115,27
14,SET,116,22
14,SET,117,30
14,SET,118,20
14,SET,119,25
14,SET,120,28
14,SET,121,33
14,SET,122,30
14,SET,123,29
14,SET,124,40
14,SET,125,29
14,SET,126,37
14,SET,127,49
14,SET,128,41
14,SET,129,53
14,SET,130,52
14,SET,131,39
14,SET,132,69
14,SET,133,36
14,SET,134,41
14,SET,135,43
14,SET,136,39
14,SET,137,47
14,SET,138,37
14,SET,139,48
14,SET,140,55
14,SET,141,51
14,SET,142,38
14,SET,143,54
14,SET,144,56
14,SET,145,50
14,SET,146,60
14,SET,147,42
14,SET,148,54
14,SET,149,52
14,SET,150,49
14,SET,151,46
14,SET,152,37
14,SET,153,52
14,SET,154,41
14,SET,155,46
14,SET,156,39
14,SET,157,48
14,SET,158,39
14,SET,159,35
14,SET,160,41
14,SET,161,50
14,SET,162,35
14,SET,163,35
14,SET,164,35
14,SET,165,37
14,SET,166,23
14,SET,167,33
14,SET,168,23
14,SET,169,31
14,SET,170,34
14,SET,171,28
14,SET,172,25
14,SET,173,28
14,SET,174,25
14,SET,175,26
14,SET,176,26
14,SET,177,18
14,SET,178,25
14,SET,179,22
14,SET,180,21
14,SET,181,20
14,SET,182,18
14,SET,183,15
14,SET,184,15
14,SET,185,22
14,SET,186,17
14,SET,187,19
14,SET,188,12
14,SET,189,13
14,SET,190,16
14,SET,191,18
14,SET,192,17
14,SET,193,22
14,SET,194,9
14,SET,195,13
14,SET,196,17
14,SET,197,13
14,SET,198,11
14,SET,199,20
14,SET,200,17
14,SET,201,20
14,SET,202,17
14,SET,203,20
14,SET,204,18
14,SET,205,23
14,SET,206,16
14,SET,207,13
14,SET,208,12
14,SET,209,17
14,SET,210,20
14,SET,211,14
14,SET,212,15
14,SET,213,17
14,SET,214,15
14,SET,215,19
14,SET,216,18
14,SET,217,18
14,SET,218,22
14,SET,219,23
14,SET,220,18
14,SET,221,28
14,SET,222,25
14,SET,223,29
14,SET,224,21
14,SET,225,27
14,SET,226,16
14,SET,227,38
14,SET,228,28
14,SET,229,27
14,SET,230,29
14,SET,231,23
14,SET,232,28
14,SET,233,26
14,SET,234,26
14,SET,235,29
14,SET,236,28
14,SET,237,24
14,SET,238,35
14,SET,239,36
14,SET,240,31
14,SET,241,27
14,SET,242,25
14,SET,243,23
14,SET,244,32
14,SET,245,26
14,SET,246,26
14,SET,247,26
14,SET,248,18
14,SET,249,22
14,SET,250,21
14,SET,251,29
14,SET,252,23
14,SET,253,25
14,SET,254,24
14,SET,255,21
14,SET,257,49
14,SET,259,39
14,SET,261,48
14,SET,263,38
14,SET,265,39
14,SET,267,38
14,SET,269,57
14,SET,271,32
14,SET,273,31
14,SET,275,43
14,SET,277,35
14,SET,279,44
14,SET,281,36
14,SET,283,33
14,SET,285,38
14,SET,287,41
14,SET,289,30
14,SET,291,53
14,SET,293,44
14,SET,295,57
14,SET,297,72
14,SET,299,72
14,SET,301,98
14,SET,303,120
14,SET,305,108
14,SET,307,120
14,SET,309,174
14,SET,311,191
14,SET,313,221
14,SET,315,266
14,SET,317,291
14,SET,319,351
14,SET,321,388
14,SET,323,511
14,SET,325,504
14,SET,327,543
14,SET,329,591
14,SET,331,666
14,SET,333,764
14,SET,335,745
14,SET,337,825
14,SET,339,826
14,SET,341,871
14,SET,343,932
14,SET,345,982
14,SET,347,941
14,SET,349,939
14,SET,351,985
14,SET,353,872
14,SET,355,862
14,SET,357,858
14,SET,359,735
14,SET,361,748
14,SET,363,679
14,SET,365,650
14,SET,367,634
14,SET,369,547
14,SET,371,503
14,SET,373,478
14,SET,375,388
14,SET,377,366
14,SET,379,329
14,SET,381,299
14,SET,383,276
14,SET,385,229
14,SET,387,233
14,SET,389,224
14,SET,391,167
14,SET,393,142
14,SET,395,127
14,SET,397,118
14,SET,399,111
14,SET,401,109
14,SET,403,101
14,SET,405,83
14,SET,407,68
14,SET,409,61
14,SET,411,55
14,SET,413,57
14,SET,415,48
14,SET,417,47
14,SET,419,44
14,SET,421,39
14,SET,423,37
14,SET,425,36
14,SET,427,31
14,SET,429,27
14,SET,431,14
14,SET,433,23
14,SET,435,16
14,SET,437,16
14,SET,439,19
14,SET,441,11
14,SET,443,22
14,SET,445,17
14,SET,447,9
14,SET,449,18
14,SET,451,11
14,SET,453,10
14,SET,455,14
14,SET,457,5
14,SET,459,9
14,SET,461,3
14,SET,463,8
14,SET,465,10
14,SET,467,7
14,SET,469,6
14,SET,471,6
14,SET,473,7
14,SET,475,2
14,SET,477,3
14,SET,479,3
14,SET,481,5
14,SET,483,5
14,SET,485,4
14,SET,487,6
14,SET,489,2
14,SET,491,2
14,SET,493,3
14,SET,495,5
14,SET,497,3
14,SET,499,4
14,SET,501,2
14,SET,503,4
14,SET,505,1
14,SET,507,5
14,SET,509,1
14,SET,511,2
14,SET,515,1
14,SET,519,2
14,SET,523,2
14,SET,527,4
14,SET,531,4
14,SET,535,2
14,SET,539,1
14,SET,547,3
14,SET,551,3
14,SET,559,1
14,SET,563,4
14,SET,567,2
14,SET,571,2
14,SET,575,1
14,SET,579,2
14,SET,583,1
14,SET,587,1
14,SET,591,1
14,SET,595,2
14,SET,599,1
14,SET,603,1
14,SET,615,1
14,SET,619,2
14,SET,627,4
14,SET,631,1
14,SET,651,1
14,SET,655,1
14,SET,659,1
14,SET,663,2
14,SET,667,1
14,SET,707,1
14,SET,735,1
14,SET,743,1
14,SET,755,2
14,SET,771,1
14,SET,779,1
14,SET,827,1
14,SET,879,1
14,SET,891,1
14,SET,899,1
14,SET,939,1
14,SET,1003,1
14,SET,1087,1
14,SET,1359,1
14,SET,1647,1
14,SET,1687,1
14,SET,1719,1
14,SET,1727,1
14,SET,1735,1
14,SET,1791,1
14,SET,2335,1
14,SET,2447,1
15,GET,77,2
15,GET,78,1
15,GET,80,1
15,GET,81,2
15,GET,82,2
15,GET,83,2
15,GET,84,3
15,GET,85,9
15,GET,86,22
15,GET,87,22
15,GET,88,42
15,GET,89,42
15,GET,90,50
15,GET,91,50
15,GET,92,49
15,GET,93,81
15,GET,94,62
15,GET,95,93
15,GET,96,76
15,GET,97,91
15,GET,98,104
15,GET,99,110
15,GET,100,144
15,GET,101,116
15,GET,102,132
15,GET,103,118
15,GET,104,147
15,GET,105,147
15,GET,106,185
15,GET,107,158
15,GET,108,163
15,GET,109,188
15,GET,110,213
15,GET,111,211
15,GET,112,218
15,GET,113,235
15,GET,114,237
15,GET,115,271
15,GET,116,300
15,GET,117,304
15,GET,118,319
15,GET,119,339
15,GET,120,315
15,GET,121,352
15,GET,122,394
15,GET,123,390
15,GET,124,408
15,GET,125,437
15,GET,126,449
15,GET,127,471
15,GET,128,521
15,GET,129,516
15,GET,130,487
15,GET,131,532
15,GET,132,551
15,GET,133,533
15,GET,134,568
15,GET,135,541
15,GET,136,568
15,GET,137,614
15,GET,138,562
15,GET,139,617
15,GET,140,609
15,GET,141,615
15,GET,142,666
15,GET,143,670
15,GET,144,631
15,GET,145,668
15,GET,146,661
15,GET,147,662
15,GET,148,709
15,GET,149,647
15,GET,150,686
15,GET,151,728
15,GET,152,649
15,GET,153,670
15,GET,154,638
15,GET,155,637
15,GET,156,654
15,GET,157,651
15,GET,158,619
15,GET,159,631
15,GET,160,612
15,GET,161,583
15,GET,162,602
15,GET,163,573
15,GET,164,506
15,GET,165,544
15,GET,166,518
15,GET,167,523
15,GET,168,495
15,GET,169,488
15,GET,170,471
15,GET,171,452
15,GET,172,428
15,GET,173,432
15,GET,174,422
15,GET,175,397
15,GET,176,398
15,GET,177,389
15,GET,178,353
15,GET,179,365
15,GET,180,342
15,GET,181,309
15,GET,182,308
15,GET,183,301
15,GET,184,310
15,GET,185,289
15,GET,186,271
15,GET,187,261
15,GET,188,269
15,GET,189,252
15,GET,190,243
15,GET,191,243
15,GET,192,255
15,GET,193,235
15,GET,194,212
15,GET,195,205
15,GET,196,207
15,GET,197,215
15,GET,198,227
15,GET,199,187
15,GET,200,187
15,GET,201,213
15,GET,202,194
15,GET,203,208
15,GET,204,218
15,GET,205,224
15,GET,206,202
15,GET,207,210
15,GET,208,197
15,GET,209,204
15,GET,210,223
15,GET,211,204
15,GET,212,243
15,GET,213,227
15,GET,214,238
15,GET,215,291
15,GET,216,254
15,GET,217,258
15,GET,218,276
15,GET,219,267
15,GET,220,257
15,GET,221,321
15,GET,222,328
15,GET,223,303
15,GET,224,334
15,GET,225,332
15,GET,226,332
15,GET,227,372
15,GET,228,385
15,GET,229,365
15,GET,230,346
15,GET,231,397
15,GET,232,363
15,GET,233,385
15,GET,234,343
15,GET,235,437
15,GET,236,441
15,GET,237,385
15,GET,238,424
15,GET,239,387
15,GET,240,444
15,GET,241,430
15,GET,242,412
15,GET,243,466
15,GET,244,455
15,GET,245,397
15,GET,246,386
15,GET,247,374
15,GET,248,381
15,GET,249,413
15,GET,250,410
15,GET,251,399
15,GET,252,378
15,GET,253,348
15,GET,254,362
15,GET,255,352
15,GET,257,680
15,GET,259,614
15,GET,261,613
15,GET,263,562
15,GET,265,560
15,GET,267,493
15,GET,269,508
15,GET,271,479
15,GET,273,489
15,GET,275,442
15,GET,277,461
15,GET,279,438
15,GET,281,447
15,GET,283,455
15,GET,285,467
15,GET,287,479
15,GET,289,549
15,GET,291,547
15,GET,293,642
15,GET,295,694
15,GET,297,715
15,GET,299,893
15,GET,301,1098
15,GET,303,1248
15,GET,305,1476
15,GET,307,1776
15,GET,309,2198
15,GET,311,2437
15,GET,313,3094
15,GET,315,3499
15,GET,317,4166
15,GET,319,4855
15,GET,321,5677
15,GET,323,6419
15,GET,325,7368
15,GET,327,8234
15,GET,329,9304
15,GET,331,10255
15,GET,333,11036
15,GET,335,12167
15,GET,337,12712
15,GET,339,13333
15,GET,341,13855
15,GET,343,14231
15,GET,345,14244
15,GET,347,14212
15,GET,349,14010
15,GET,351,13712
15,GET,353,13406
15,GET,355,12524
15,GET,357,11904
15,GET,359,11182
15,GET,361,10335
15,GET,363,9516
15,GET,365,8722
15,GET,367,7791
15,GET,369,7036
15,GET,371,6458
15,GET,373,5709
15,GET,375,5305
15,GET,377,4584
15,GET,379,4065
15,GET,381,3716
15,GET,383,3310
15,GET,385,2951
15,GET,387,2643
15,GET,389,2314
15,GET,391,2104
15,GET,393,1823
15,GET,395,1699
15,GET,397,1559
15,GET,399,1313
15,GET,401,1236
15,GET,403,1107
15,GET,405,997
15,GET,407,935
15,GET,409,842
15,GET,411,752
15,GET,413,663
15,GET,415,658
15,GET,417,595
15,GET,419,571
15,GET,421,496
15,GET,423,447
15,GET,425,404
15,GET,427,369
15,GET,429,379
15,GET,431,339
15,GET,433,301
15,GET,435,292
15,GET,437,252
15,GET,439,265
15,GET,441,210
15,GET,443,169
15,GET,445,210
15,GET,447,188
15,GET,449,170
15,GET,451,157
15,GET,453,152
15,GET,455,140
15,GET,457,129
15,GET,459,122
15,GET,461,119
15,GET,463,102
15,GET,465,104
15,GET,467,92
15,GET,469,98
15,GET,471,81
15,GET,473,73
15,GET,475,70
15,GET,477,59
15,GET,479,65
15,GET,481,68
15,GET,483,51
15,GET,485,59
15,GET,487,63
15,GET,489,56
15,GET,491,62
15,GET,493,42
15,GET,495,33
15,GET,497,49
15,GET,499,39
15,GET,501,41
15,GET,503,32
15,GET,505,31
15,GET,507,19
15,GET,509,30
15,GET,511,21
15,GET,515,50
15,GET,519,37
15,GET,523,35
15,GET,527,24
15,GET,531,32
15,GET,535,31
15,GET,539,31
15,GET,543,17
15,GET,547,27
15,GET,551,22
15,GET,555,24
15,GET,559,15
15,GET,563,24
15,GET,567,18
15,GET,571,22
15,GET,575,22
15,GET,579,24
15,GET,583,25
15,GET,587,18
15,GET,591,17
15,GET,595,15
15,GET,599,20
15,GET,603,26
15,GET,607,15
15,GET,611,17
15,GET,615,22
15,GET,619,14
15,GET,623,12
15,GET,627,13
15,GET,631,9
15,GET,635,10
15,GET,639,11
15,GET,643,11
15,GET,647,8
15,GET,651,14
15,GET,655,12
15,GET,659,6
15,GET,663,4
15,GET,667,8
15,GET,671,6
15,GET,675,7
15,GET,679,7
15,GET,683,7
15,GET,687,4
15,GET,691,5
15,GET,695,1
15,GET,699,5
15,GET,703,5
15,GET,707,6
15,GET,711,8
15,GET,715,4
15,GET,719,9
15,GET,723,3
15,GET,727,7
15,GET,731,8
15,GET,735,5
15,GET,739,4
15,GET,743,6
15,GET,747,4
15,GET,751,4
15,GET,755,2
15,GET,759,4
15,GET,763,6
15,GET,767,7
15,GET,771,4
15,GET,775,7
15,GET,779,2
15,GET,783,4
15,GET,787,3
15,GET,791,2
15,GET,795,1
15,GET,799,1
15,GET,803,1
15,GET,819,1
15,GET,823,1
15,GET,831,1
15,GET,835,1
15,GET,847,3
15,GET,855,1
15,GET,859,1
15,GET,867,1
15,GET,883,1
15,GET,891,1
15,GET,915,1
15,GET,927,1
15,GET,931,1
15,GET,959,2
15,GET,983,1
15,GET,999,1
15,GET,1063,1
15,GET,1119,1
15,GET,1263,1
15,GET,1407,1
15,GET,1415,1
15,GET,1431,1
15,GET,1439,1
15,GET,1447,1
15,GET,1455,1
15,GET,1479,1
15,GET,1487,1
15,GET,1527,1
15,GET,1543,1
15,GET,1559,1
15,GET,1599,1
15,GET,1631,1
15,GET,1639,1
15,GET,1647,3
15,GET,1663,1
15,GET,1671,1
15,GET,1679,3
15,GET,1687,1
15,GET,1695,2
15,GET,1703,1
15,GET,1727,1
15,GET,1743,2
15,GET,1751,3
15,GET,1775,1
15,GET,1783,1
15,GET,1791,2
15,GET,1815,1
15,GET,1863,2
15,GET,1887,1
15,GET,1895,1
15,GET,1903,1
15,GET,1935,1
15,GET,1951,1
15,GET,2007,1
15,GET,2063,1
15,GET,2095,2
15,GET,2127,1
15,GET,2159,1
15,GET,2175,1
15,GET,2191,1
15,GET,2303,1
15,GET,2351,1
15,GET,2431,1
15,GET,2495,2
15,GET,2575,1
15,GET,2639,1
15,GET,2831,1
15,GET,3375,1
15,GET,3439,1
15,GET,3471,1
15,GET,5535,1
15,DEL,80,1
15,DEL,81,1
15,DEL,83,1
15,DEL,84,2
15,DEL,85,2
15,DEL,86,8
15,DEL,87,7
15,DEL,88,14
15,DEL,89,12
15,DEL,90,18
15,DEL,91,22
15,DEL,92,15
15,DEL,93,22
15,DEL,94,25
15,DEL,95,22
15,DEL,96,25
15,DEL,97,30
15,DEL,98,39
15,DEL,99,45
15,DEL,100,36
15,DEL,101,38
15,DEL,102,52
15,DEL,103,41
15,DEL,104,42
15,DEL,105,57
15,DEL,106,54
15,DEL,107,45
15,DEL,108,63
15,DEL,109,77
15,DEL,110,81
15,DEL,111,84
15,DEL,112,79
15,DEL,113,63
15,DEL,114,90
15,DEL,115,102
15,DEL,116,101
15,DEL,117,118
15,DEL,118,126
15,DEL,119,101
15,DEL,120,130
15,DEL,121,139
15,DEL,122,139
15,DEL,123,164
15,DEL,124,145
15,DEL,125,162
15,DEL,126,161
15,DEL,127,163
15,DEL,128,166
15,DEL,129,175
15,DEL,130,186
15,DEL,131,195
15,DEL,132,174
15,DEL,133,176
15,DEL,134,198
15,DEL,135,212
15,DEL,136,212
15,DEL,137,226
15,DEL,138,218
15,DEL,139,239
15,DEL,140,217
15,DEL,141,229
15,DEL,142,245
15,DEL,143,256
15,DEL,144,262
15,DEL,145,233
15,DEL,146,279
15,DEL,147,246
15,DEL,148,237
15,DEL,149,229
15,DEL,150,243
15,DEL,151,237
15,DEL,152,254
15,DEL,153,242
15,DEL,154,225
15,DEL,155,271
15,DEL,156,251
15,DEL,157,224
15,DEL,158,203
15,DEL,159,189
15,DEL,160,199
15,DEL,161,213
15,DEL,162,201
15,DEL,163,187
15,DEL,164,178
15,DEL,165,175
15,DEL,166,172
15,DEL,167,179
15,DEL,168,172
15,DEL,169,171
15,DEL,170,201
15,DEL,171,158
15,DEL,172,152
15,DEL,173,128
15,DEL,174,127
15,DEL,175,148
15,DEL,176,135
15,DEL,177,131
15,DEL,178,133
15,DEL,179,134
15,DEL,180,143
15,DEL,181,118
15,DEL,182,119
15,DEL,183,88
15,DEL,184,103
15,DEL,185,100
15,DEL,186,84
15,DEL,187,92
15,DEL,188,61
15,DEL,189,93
15,DEL,190,84
15,DEL,191,90
15,DEL,192,94
15,DEL,193,79
15,DEL,194,78
15,DEL,195,72
15,DEL,196,73
15,DEL,197,72
15,DEL,198,85
15,DEL,199,75
15,DEL,200,76
15,DEL,201,73
15,DEL,202,78
15,DEL,203,77
15,DEL,204,75
15,DEL,205,69
15,DEL,206,71
15,DEL,207,70
15,DEL,208,79
15,DEL,209,81
15,DEL,210,74
15,DEL,211,85
15,DEL,212,80
15,DEL,213,81
15,DEL,214,83
15,DEL,215,97
15,DEL,216,82
15,DEL,217,82
15,DEL,218,100
15,DEL,219,108
15,DEL,220,108
15,DEL,221,91
15,DEL,222,118
15,DEL,223,105
15,DEL,224,121
15,DEL,225,120
15,DEL,226,114
15,DEL,227,124
15,DEL,228,114
15,DEL,229,141
15,DEL,230,145
15,DEL,231,124
15,DEL,232,145
15,DEL,233,129
15,DEL,234,141
15,DEL,235,129
15,DEL,236,137
15,DEL,237,127
15,DEL,238,141
15,DEL,239,166
15,DEL,240,166
15,DEL,241,145
15,DEL,242,160
15,DEL,243,119
15,DEL,244,163
15,DEL,245,134
15,DEL,246,147
15,DEL,247,157
15,DEL,248,156
15,DEL,249,156
15,DEL,250,129
15,DEL,251,147
15,DEL,252,107
15,DEL,253,132
15,DEL,254,143
15,DEL,255,134
15,DEL,257,211
15,DEL,259,219
15,DEL,261,173
15,DEL,263,189
15,DEL,265,186
15,DEL,267,177
15,DEL,269,175
15,DEL,271,192
15,DEL,273,179
15,DEL,275,168
15,DEL,277,182
15,DEL,279,147
15,DEL,281,179
15,DEL,283,171
15,DEL,285,170
15,DEL,287,196
15,DEL,289,187
15,DEL,291,180
15,DEL,293,200
15,DEL,295,250
15,DEL,297,284
15,DEL,299,290
15,DEL,301,342
15,DEL,303,403
15,DEL,305,536
15,DEL,307,626
15,DEL,309,698
15,DEL,311,912
15,DEL,313,1059
15,DEL,315,1307
15,DEL,317,1469
15,DEL,319,1669
15,DEL,321,2044
15,DEL,323,2254
15,DEL,325,2594
15,DEL,327,2955
15,DEL,329,3179
15,DEL,331,3619
15,DEL,333,4008
15,DEL,335,4255
15,DEL,337,4459
15,DEL,339,4803
15,DEL,341,4831
15,DEL,343,5048
15,DEL,345,5184
15,DEL,347,5162
15,DEL,349,5029
15,DEL,351,4905
15,DEL,353,4761
15,DEL,355,4465
15,DEL,357,4228
15,DEL,359,3986
15,DEL,361,3654
15,DEL,363,3337
15,DEL,365,3028
15,DEL,367,2737
15,DEL,369,2543
15,DEL,371,2256
15,DEL,373,2055
15,DEL,375,1919
15,DEL,377,1637
15,DEL,379,1495
15,DEL,381,1287
15,DEL,383,1181
15,DEL,385,1054
15,DEL,387,931
15,DEL,389,821
15,DEL,391,745
15,DEL,393,657
15,DEL,395,544
15,DEL,397,586
15,DEL,399,499
15,DEL,401,442
15,DEL,403,409
15,DEL,405,339
15,DEL,407,340
15,DEL,409,273
15,DEL,411,311
15,DEL,413,238
15,DEL,415,256
15,DEL,417,185
15,DEL,419,208
15,DEL,421,175
15,DEL,423,163
15,DEL,425,138
15,DEL,427,123
15,DEL,429,108
15,DEL,431,137
15,DEL,433,109
15,DEL,435,109
15,DEL,437,81
15,DEL,439,98
15,DEL,441,90
15,DEL,443,74
15,DEL,445,61
15,DEL,447,66
15,DEL,449,55
15,DEL,451,49
15,DEL,453,67
15,DEL,455,57
15,DEL,457,47
15,DEL,459,38
15,DEL,461,46
15,DEL,463,35
15,DEL,465,33
15,DEL,467,26
15,DEL,469,46
15,DEL,471,38
15,DEL,473,30
15,DEL,475,32
15,DEL,477,26
15,DEL,479,26
15,DEL,481,22
15,DEL,483,18
15,DEL,485,17
15,DEL,487,16
15,DEL,489,17
15,DEL,491,15
15,DEL,493,13
15,DEL,495,14
15,DEL,497,13
15,DEL,499,17
15,DEL,501,13
15,DEL,503,17
15,DEL,505,10
15,DEL,507,8
15,DEL,509,10
15,DEL,511,2
15,DEL,515,17
15,DEL,519,8
15,DEL,523,8
15,DEL,527,4
15,DEL,531,9
15,DEL,535,15
15,DEL,539,8
15,DEL,543,7
15,DEL,547,8
15,DEL,551,13
15,DEL,555,6
15,DEL,559,9
15,DEL,563,8
15,DEL,567,7
15,DEL,571,10
15,DEL,575,6
15,DEL,579,10
15,DEL,583,6
15,DEL,587,10
15,DEL,591,5
15,DEL,595,2
15,DEL,599,6
15,DEL,603,4
15,DEL,607,7
15,DEL,611,12
15,DEL,615,6
15,DEL,619,2
15,DEL,623,7
15,DEL,627,6
15,DEL,631,4
15,DEL,635,4
15,DEL,639,2
15,DEL,643,5
15,DEL,647,4
15,DEL,651,5
15,DEL,655,6
15,DEL,659,4
15,DEL,663,2
15,DEL,671,3
15,DEL,675,2
15,DEL,679,3
15,DEL,687,3
15,DEL,691,2
15,DEL,695,2
15,DEL,699,2
15,DEL,703,2
15,DEL,707,1
15,DEL,711,2
15,DEL,715,2
15,DEL,723,2
15,DEL,727,2
15,DEL,731,1
15,DEL,735,1
15,DEL,739,1
15,DEL,743,5
15,DEL,747,1
15,DEL,751,4
15,DEL,755,2
15,DEL,759,1
15,DEL,763,1
15,DEL,767,1
15,DEL,771,2
15,DEL,779,1
15,DEL,799,1
15,DEL,803,2
15,DEL,811,2
15,DEL,815,1
15,DEL,819,1
15,DEL,831,2
15,DEL,843,1
15,DEL,847,1
15,DEL,855,1
15,DEL,859,1
15,DEL,871,1
15,DEL,883,1
15,DEL,935,2
15,DEL,1095,1
15,DEL,1439,1
15,DEL,1447,1
15,DEL,1559,1
15,DEL,1599,1
15,DEL,1623,2
15,DEL,1663,1
15,DEL,1671,1
15,DEL,1679,1
15,DEL,1695,1
15,DEL,1703,1
15,DEL,1719,1
15,DEL,1751,1
15,DEL,1759,1
15,DEL,1767,1
15,DEL,1863,1
15,DEL,1943,1
15,DEL,1967,1
15,DEL,2095,1
15,DEL,2271,1
15,DEL,2287,1
15,DEL,2319,1
15,DEL,2431,1
15,DEL,2479,1
15,DEL,2543,1
15,DEL,2591,1
15,DEL,4287,1
15,SET,86,2
15,SET,87,5
15,SET,88,2
15,SET,90,3
15,SET,91,3
15,SET,92,6
15,SET,93,6
15,SET,94,6
15,SET,95,8
15,SET,96,6
15,SET,97,10
15,SET,98,10
15,SET,99,6
15,SET,100,8
15,SET,101,8
15,SET,102,7
15,SET,103,13
15,SET,104,6
15,SET,105,6
15,SET,106,11
15,SET,107,16
15,SET,108,14
15,SET,109,13
15,SET,110,18
15,SET,111,17
15,SET,112,12
15,SET,113,13
15,SET,114,12
15,SET,115,21
15,SET,116,10
15,SET,117,20
15,SET,118,29
15,SET,119,30
15,SET,120,24
15,SET,121,17
15,SET,122,28
15,SET,123,28
15,SET,124,40
15,SET,125,27
15,SET,126,39
15,SET,127,23
15,SET,128,37
15,SET,129,37
15,SET,130,42
15,SET,131,36
15,SET,132,40
15,SET,133,42
15,SET,134,33
15,SET,135,39
15,SET,136,41
15,SET,137,46
15,SET,138,26
15,SET,139,46
15,SET,140,54
15,SET,141,43
15,SET,142,48
15,SET,143,43
15,SET,144,44
15,SET,145,56
15,SET,146,45
15,SET,147,54
15,SET,148,55
15,SET,149,49
15,SET,150,44
15,SET,151,59
15,SET,152,38
15,SET,153,44
15,SET,154,54
15,SET,155,44
15,SET,156,46
15,SET,157,51
15,SET,158,50
15,SET,159,45
15,SET,160,36
15,SET,161,38
15,SET,162,43
15,SET,163,39
15,SET,164,46
15,SET,165,38
15,SET,166,34
15,SET,167,33
15,SET,168,42
15,SET,169,30
15,SET,170,31
15,SET,171,30
15,SET,172,34
15,SET,173,26
15,SET,174,38
15,SET,175,28
15,SET,176,32
15,SET,177,27
15,SET,178,25
15,SET,179,22
15,SET,180,23
15,SET,181,21
15,SET,182,20
15,SET,183,20
15,SET,184,15
15,SET,185,21
15,SET,186,18
15,SET,187,17
15,SET,188,22
15,SET,189,20
15,SET,190,19
15,SET,191,15
15,SET,192,10
15,SET,193,28
15,SET,194,13
15,SET,195,14
15,SET,196,22
15,SET,197,15
15,SET,198,14
15,SET,199,13
15,SET,200,14
15,SET,201,14
15,SET,202,16
15,SET,203,13
15,SET,204,14
15,SET,205,11
15,SET,206,24
15,SET,207,17
15,SET,208,10
15,SET,209,21
15,SET,210,15
15,SET,211,12
15,SET,212,11
15,SET,213,14
15,SET,214,17
15,SET,215,22
15,SET,216,13
15,SET,217,22
15,SET,218,15
15,SET,219,22
15,SET,220,18
15,SET,221,21
15,SET,222,22
15,SET,223,24
15,SET,224,26
15,SET,225,23
15,SET,226,24
15,SET,227,23
15,SET,228,33
15,SET,229,25
15,SET,230,25
15,SET,231,24
15,SET,232,38
15,SET,233,24
15,SET,234,28
15,SET,235,23
15,SET,236,31
15,SET,237,32
15,SET,238,37
15,SET,239,32
15,SET,240,44
15,SET,241,23
15,SET,242,31
15,SET,243,33
15,SET,244,31
15,SET,245,32
15,SET,246,26
15,SET,247,24
15,SET,248,36
15,SET,249,33
15,SET,250,37
15,SET,251,31
15,SET,252,37
15,SET,253,33
15,SET,254,22
15,SET,255,21
15,SET,257,45
15,SET,259,50
15,SET,261,53
15,SET,263,35
15,SET,265,47
15,SET,267,42
15,SET,269,46
15,SET,271,47
15,SET,273,35
15,SET,275,39
15,SET,277,39
15,SET,279,35
15,SET,281,31
15,SET,283,27
15,SET,285,24
15,SET,287,36
15,SET,289,39
15,SET,291,37
15,SET,293,42
15,SET,295,56
15,SET,297,48
15,SET,299,60
15,SET,301,56
15,SET,303,82
15,SET,305,87
15,SET,307,122
15,SET,309,145
15,SET,311,179
15,SET,313,198
15,SET,315,226
15,SET,317,302
15,SET,319,327
15,SET,321,395
15,SET,323,452
15,SET,325,528
15,SET,327,550
15,SET,329,595
15,SET,331,724
15,SET,333,797
15,SET,335,825
15,SET,337,878
15,SET,339,959
15,SET,341,1013
15,SET,343,1007
15,SET,345,1045
15,SET,347,1010
15,SET,349,1069
15,SET,351,1022
15,SET,353,1033
15,SET,355,900
15,SET,357,867
15,SET,359,861
15,SET,361,783
15,SET,363,769
15,SET,365,629
15,SET,367,601
15,SET,369,526
15,SET,371,462
15,SET,373,425
15,SET,375,355
15,SET,377,360
15,SET,379,309
15,SET,381,295
15,SET,383,262
15,SET,385,227
15,SET,387,195
15,SET,389,167
15,SET,391,165
15,SET,393,155
15,SET,395,110
15,SET,397,85
15,SET,399,112
15,SET,401,92
15,SET,403,71
15,SET,405,81
15,SET,407,66
15,SET,409,56
15,SET,411,66
15,SET,413,46
15,SET,415,38
15,SET,417,43
15,SET,419,42
15,SET,421,42
15,SET,423,34
15,SET,425,26
15,SET,427,23
15,SET,429,31
15,SET,431,27
15,SET,433,20
15,SET,435,24
15,SET,437,20
15,SET,439,8
15,SET,441,17
15,SET,443,17
15,SET,445,20
15,SET,447,19
15,SET,449,13
15,SET,451,7
15,SET,453,15
15,SET,455,13
15,SET,457,7
15,SET,459,6
15,SET,461,13
15,SET,463,2
15,SET,465,5
15,SET,467,7
15,SET,469,5
15,SET,471,2
15,SET,473,6
15,SET,475,4
15,SET,477,2
15,SET,479,5
15,SET,481,4
15,SET,483,6
15,SET,485,1
15,SET,487,5
15,SET,489,1
15,SET,491,3
15,SET,493,3
15,SET,495,1
15,SET,497,5
15,SET,499,4
15,SET,501,2
15,SET,503,3
15,SET,505,4
15,SET,507,6
15,SET,509,2
15,SET,511,4
15,SET,515,3
15,SET,519,2
15,SET,523,4
15,SET,527,3
15,SET,531,4
15,SET,535,2
15,SET,539,2
15,SET,547,2
15,SET,551,1
15,SET,555,3
15,SET,559,1
15,SET,563,1
15,SET,567,1
15,SET,571,3
15,SET,575,1
15,SET,579,2
15,SET,583,1
15,SET,587,3
15,SET,591,2
15,SET,595,1
15,SET,603,3
15,SET,607,3
15,SET,615,2
15,SET,623,3
15,SET,627,2
15,SET,631,3
15,SET,643,1
15,SET,659,2
15,SET,663,2
15,SET,675,2
15,SET,695,2
15,SET,703,1
15,SET,707,1
15,SET,723,2
15,SET,731,1
15,SET,751,1
15,SET,759,1
15,SET,783,1
15,SET,863,1
15,SET,1535,1
15,SET,1631,1
15,SET,1807,1
15,SET,2207,1
16,SET,84,1
16,SET,85,1
16,SET,87,1
16,SET,89,3
16,SET,90,4
16,SET,91,1
16,SET,92,1
16,SET,93,7
16,SET,94,5
16,SET,95,4
16,SET,96,4
16,SET,97,3
16,SET,98,2
16,SET,99,5
16,SET,100,4
16,SET,101,18
16,SET,102,13
16,SET,103,6
16,SET,104,9
16,SET,105,13
16,SET,106,15
16,SET,107,8
16,SET,108,16
16,SET,109,16
16,SET,110,18
16,SET,111,12
16,SET,112,27
16,SET,113,16
16,SET,114,26
16,SET,115,13
16,SET,116,25
16,SET,117,25
16,SET,118,28
16,SET,119,27
16,SET,120,26
16,SET,121,33
16,SET,122,43
16,SET,123,40
16,SET,124,34
16,SET,125,30
16,SET,126,38
16,SET,127,37
16,SET,128,30
16,SET,129,34
16,SET,130,32
16,SET,131,38
16,SET,132,39
16,SET,133,49
16,SET,134,34
16,SET,135,41
16,SET,136,40
16,SET,137,48
16,SET,138,46
16,SET,139,52
16,SET,140,41
16,SET,141,37
16,SET,142,40
16,SET,143,49
16,SET,144,53
16,SET,145,55
16,SET,146,49
16,SET,147,53
16,SET,148,57
16,SET,149,55
16,SET,150,62
16,SET,151,51
16,SET,152,42
16,SET,153,51
16,SET,154,54
16,SET,155,49
16,SET,156,39
16,SET,157,39
16,SET,158,42
16,SET,159,38
16,SET,160,33
16,SET,161,50
16,SET,162,44
16,SET,163,45
16,SET,164,39
16,SET,165,42
16,SET,166,37
16,SET,167,38
16,SET,168,36
16,SET,169,40
16,SET,170,28
16,SET,171,25
16,SET,172,38
16,SET,173,38
16,SET,174,28
16,SET,175,30
16,SET,176,30
16,SET,177,23
16,SET,178,30
16,SET,179,26
16,SET,180,20
16,SET,181,24
16,SET,182,26
16,SET,183,17
16,SET,184,23
16,SET,185,23
16,SET,186,12
16,SET,187,11
16,SET,188,16
16,SET,189,14
16,SET,190,14
16,SET,191,13
16,SET,192,15
16,SET,193,15
16,SET,194,13
16,SET,195,12
16,SET,196,11
16,SET,197,17
16,SET,198,12
16,SET,199,13
16,SET,200,22
16,SET,201,6
16,SET,202,15
16,SET,203,13
16,SET,204,12
16,SET,205,17
16,SET,206,13
16,SET,207,19
16,SET,208,15
16,SET,209,22
16,SET,210,14
16,SET,211,18
16,SET,212,15
16,SET,213,17
16,SET,214,9
16,SET,215,17
16,SET,216,11
16,SET,217,16
16,SET,218,24
16,SET,219,19
16,SET,220,18
16,SET,221,17
16,SET,222,23
16,SET,223,20
16,SET,224,20
16,SET,225,18
16,SET,226,21
16,SET,227,24
16,SET,228,22
16,SET,229,17
16,SET,230,24
16,SET,231,20
16,SET,232,29
16,SET,233,23
16,SET,234,32
16,SET,235,24
16,SET,236,22
16,SET,237,23
16,SET,238,25
16,SET,239,26
16,SET,240,26
16,SET,241,40
16,SET,242,22
16,SET,243,23
16,SET,244,31
16,SET,245,31
16,SET,246,29
16,SET,247,23
16,SET,248,27
16,SET,249,29
16,SET,250,34
16,SET,251,34
16,SET,252,27
16,SET,253,27
16,SET,254,23
16,SET,255,29
16,SET,257,49
16,SET,259,54
16,SET,261,42
16,SET,263,32
16,SET,265,38
16,SET,267,48
16,SET,269,32
16,SET,271,43
16,SET,273,32
16,SET,275,41
16,SET,277,49
16,SET,279,38
16,SET,281,37
16,SET,283,37
16,SET,285,43
16,SET,287,41
16,SET,289,53
16,SET,291,62
16,SET,293,52
16,SET,295,58
16,SET,297,68
16,SET,299,70
16,SET,301,81
16,SET,303,87
16,SET,305,108
16,SET,307,115
16,SET,309,143
16,SET,311,187
16,SET,313,236
16,SET,315,263
16,SET,317,306
16,SET,319,330
16,SET,321,414
16,SET,323,450
16,SET,325,479
16,SET,327,533
16,SET,329,603
16,SET,331,671
16,SET,333,729
16,SET,335,756
16,SET,337,818
16,SET,339,908
16,SET,341,861
16,SET,343,918
16,SET,345,910
16,SET,347,982
16,SET,349,973
16,SET,351,967
16,SET,353,966
16,SET,355,938
16,SET,357,825
16,SET,359,835
16,SET,361,763
16,SET,363,652
16,SET,365,668
16,SET,367,623
16,SET,369,541
16,SET,371,509
16,SET,373,430
16,SET,375,418
16,SET,377,359
16,SET,379,342
16,SET,381,314
16,SET,383,254
16,SET,385,235
16,SET,387,212
16,SET,389,223
16,SET,391,184
16,SET,393,163
16,SET,395,139
16,SET,397,123
16,SET,399,108
16,SET,401,115
16,SET,403,75
16,SET,405,75
16,SET,407,75
16,SET,409,65
16,SET,411,52
16,SET,413,71
16,SET,415,42
16,SET,417,46
16,SET,419,48
16,SET,421,48
16,SET,423,40
16,SET,425,44
16,SET,427,26
16,SET,429,35
16,SET,431,30
16,SET,433,23
16,SET,435,25
16,SET,437,24
16,SET,439,13
16,SET,441,21
16,SET,443,16
16,SET,445,12
16,SET,447,16
16,SET,449,9
16,SET,451,8
16,SET,453,10
16,SET,455,9
16,SET,457,8
16,SET,459,6
16,SET,461,14
16,SET,463,14
16,SET,465,8
16,SET,467,8
16,SET,469,12
16,SET,471,7
16,SET,473,2
16,SET,475,6
16,SET,477,13
16,SET,479,2
16,SET,481,6
16,SET,483,3
16,SET,485,1
16,SET,487,10
16,SET,489,4
16,SET,491,3
16,SET,493,1
16,SET,495,2
16,SET,497,2
16,SET,499,1
16,SET,501,1
16,SET,503,2
16,SET,505,5
16,SET,507,4
16,SET,509,3
16,SET,511,3
16,SET,515,2
16,SET,519,6
16,SET,523,2
16,SET,527,1
16,SET,531,2
16,SET,535,2
16,SET,539,1
16,SET,543,2
16,SET,551,1
16,SET,555,1
16,SET,559,2
16,SET,563,3
16,SET,567,1
16,SET,571,4
16,SET,575,2
16,SET,583,1
16,SET,587,2
16,SET,591,4
16,SET,595,2
16,SET,603,1
16,SET,611,1
16,SET,615,4
16,SET,619,1
16,SET,623,1
16,SET,631,1
16,SET,639,3
16,SET,643,1
16,SET,675,1
16,SET,679,1
16,SET,683,1
16,SET,715,1
16,SET,731,1
16,SET,743,1
16,SET,747,1
16,SET,755,1
16,SET,759,2
16,SET,767,1
16,SET,827,1
16,SET,839,1
16,SET,1023,1
16,SET,1631,1
16,SET,1655,1
16,SET,1951,1
16,GET,78,1
16,GET,80,1
16,GET,82,4
16,GET,83,6
16,GET,84,7
16,GET,85,12
16,GET,86,14
16,GET,87,21
16,GET,88,27
16,GET,89,38
16,GET,90,38
16,GET,91,46
16,GET,92,58
16,GET,93,63
16,GET,94,54
16,GET,95,77
16,GET,96,91
16,GET,97,81
16,GET,98,113
16,GET,99,116
16,GET,100,126
16,GET,101,117
16,GET,102,160
16,GET,103,144
16,GET,104,172
16,GET,105,170
16,GET,106,179
16,GET,107,181
16,GET,108,173
16,GET,109,213
16,GET,110,236
16,GET,111,234
16,GET,112,263
16,GET,113,277
16,GET,114,285
16,GET,115,297
16,GET,116,331
16,GET,117,347
16,GET,118,351
16,GET,119,386
16,GET,120,423
16,GET,121,449
16,GET,122,422
16,GET,123,428
16,GET,124,492
16,GET,125,494
16,GET,126,536
16,GET,127,538
16,GET,128,539
16,GET,129,593
16,GET,130,585
16,GET,131,602
16,GET,132,591
16,GET,133,641
16,GET,134,632
16,GET,135,645
16,GET,136,659
16,GET,137,664
16,GET,138,701
16,GET,139,690
16,GET,140,626
16,GET,141,634
16,GET,142,719
16,GET,143,744
16,GET,144,697
16,GET,145,737
16,GET,146,637
16,GET,147,710
16,GET,148,692
16,GET,149,705
16,GET,150,751
16,GET,151,683
16,GET,152,655
16,GET,153,662
16,GET,154,703
16,GET,155,632
16,GET,156,609
16,GET,157,601
16,GET,158,578
16,GET,159,584
16,GET,160,616
16,GET,161,563
16,GET,162,512
16,GET,163,471
16,GET,164,519
16,GET,165,477
16,GET,166,498
16,GET,167,489
16,GET,168,489
16,GET,169,463
16,GET,170,431
16,GET,171,387
16,GET,172,384
16,GET,173,386
16,GET,174,375
16,GET,175,328
16,GET,176,340
16,GET,177,309
16,GET,178,320
16,GET,179,284
16,GET,180,309
16,GET,181,303
16,GET,182,293
16,GET,183,253
16,GET,184,230
16,GET,185,232
16,GET,186,232
16,GET,187,259
16,GET,188,231
16,GET,189,223
16,GET,190,218
16,GET,191,203
16,GET,192,197
16,GET,193,169
16,GET,194,184
16,GET,195,197
16,GET,196,188
16,GET,197,177
16,GET,198,165
16,GET,199,190
16,GET,200,185
16,GET,201,188
16,GET,202,185
16,GET,203,198
16,GET,204,205
16,GET,205,207
16,GET,206,176
16,GET,207,203
16,GET,208,196
16,GET,209,207
16,GET,210,198
16,GET,211,230
16,GET,212,224
16,GET,213,245
16,GET,214,213
16,GET,215,262
16,GET,216,255
16,GET,217,277
16,GET,218,258
16,GET,219,254
16,GET,220,248
16,GET,221,275
16,GET,222,300
16,GET,223,307
16,GET,224,303
16,GET,225,312
16,GET,226,303
16,GET,227,340
16,GET,228,318
16,GET,229,323
16,GET,230,334
16,GET,231,361
16,GET,232,385
16,GET,233,371
16,GET,234,388
16,GET,235,400
16,GET,236,344
16,GET,237,363
16,GET,238,408
16,GET,239,400
16,GET,240,386
16,GET,241,369
16,GET,242,389
16,GET,243,375
16,GET,244,381
16,GET,245,410
16,GET,246,374
16,GET,247,398
16,GET,248,402
16,GET,249,366
16,GET,250,360
16,GET,251,379
16,GET,252,353
16,GET,253,362
16,GET,254,324
16,GET,255,354
16,GET,257,707
16,GET,259,659
16,GET,261,617
16,GET,263,592
16,GET,265,584
16,GET,267,568
16,GET,269,573
16,GET,271,529
16,GET,273,579
16,GET,275,558
16,GET,277,530
16,GET,279,519
16,GET,281,569
16,GET,283,589
16,GET,285,587
16,GET,287,636
16,GET,289,659
16,GET,291,728
16,GET,293,783
16,GET,295,873
16,GET,297,1083
16,GET,299,1208
16,GET,301,1351
16,GET,303,1454
16,GET,305,1816
16,GET,307,2160
16,GET,309,2538
16,GET,311,2888
16,GET,313,3337
16,GET,315,3884
16,GET,317,4365
16,GET,319,5093
16,GET,321,5740
16,GET,323,6599
16,GET,325,7312
16,GET,327,8202
16,GET,329,8912
16,GET,331,9725
16,GET,333,10579
16,GET,335,11377
16,GET,337,11827
16,GET,339,12354
16,GET,341,12916
16,GET,343,13374
16,GET,345,13245
16,GET,347,13350
16,GET,349,13046
16,GET,351,12923
16,GET,353,12661
16,GET,355,12195
16,GET,357,11556
16,GET,359,10793
16,GET,361,10235
16,GET,363,9603
16,GET,365,8847
16,GET,367,8184
16,GET,369,7262
16,GET,371,6621
16,GET,373,6147
16,GET,375,5486
16,GET,377,4861
16,GET,379,4410
16,GET,381,4003
16,GET,383,3581
16,GET,385,3256
16,GET,387,2874
16,GET,389,2538
16,GET,391,2317
16,GET,393,2062
16,GET,395,1859
16,GET,397,1634
16,GET,399,1453
16,GET,401,1364
16,GET,403,1178
16,GET,405,1098
16,GET,407,975
16,GET,409,955
16,GET,411,786
16,GET,413,730
16,GET,415,712
16,GET,417,655
16,GET,419,587
16,GET,421,545
16,GET,423,477
16,GET,425,470
16,GET,427,411
16,GET,429,381
16,GET,431,324
16,GET,433,350
16,GET,435,336
16,GET,437,282
16,GET,439,274
16,GET,441,225
16,GET,443,231
16,GET,445,230
16,GET,447,197
16,GET,449,183
16,GET,451,173
16,GET,453,151
16,GET,455,159
16,GET,457,147
16,GET,459,133
16,GET,461,111
16,GET,463,118
16,GET,465,119
16,GET,467,106
16,GET,469,83
16,GET,471,78
16,GET,473,64
16,GET,475,83
16,GET,477,64
16,GET,479,72
16,GET,481,81
16,GET,483,51
16,GET,485,64
16,GET,487,50
16,GET,489,62
16,GET,491,38
16,GET,493,41
16,GET,495,34
16,GET,497,47
16,GET,499,49
16,GET,501,48
16,GET,503,42
16,GET,505,30
16,GET,507,32
16,GET,509,32
16,GET,511,22
16,GET,515,52
16,GET,519,52
16,GET,523,36
16,GET,527,44
16,GET,531,38
16,GET,535,32
16,GET,539,31
16,GET,543,31
16,GET,547,16
16,GET,551,25
16,GET,555,22
16,GET,559,25
16,GET,563,19
16,GET,567,16
16,GET,571,22
16,GET,575,21
16,GET,579,17
16,GET,583,20
16,GET,587,25
16,GET,591,13
16,GET,595,22
16,GET,599,19
16,GET,603,18
16,GET,607,21
16,GET,611,15
16,GET,615,20
16,GET,619,16
16,GET,623,15
16,GET,627,17
16,GET,631,14
16,GET,635,11
16,GET,639,16
16,GET,643,8
16,GET,647,13
16,GET,651,9
16,GET,655,11
16,GET,659,10
16,GET,663,6
16,GET,667,9
16,GET,671,8
16,GET,675,7
16,GET,679,9
16,GET,683,2
16,GET,687,8
16,GET,691,5
16,GET,695,9
16,GET,699,4
16,GET,703,5
16,GET,707,3
16,GET,711,3
16,GET,715,1
16,GET,719,7
16,GET,723,4
16,GET,727,3
16,GET,731,5
16,GET,735,2
16,GET,739,11
16,GET,743,9
16,GET,747,3
16,GET,751,5
16,GET,755,6
16,GET,759,6
16,GET,763,5
16,GET,767,4
16,GET,771,4
16,GET,775,5
16,GET,779,1
16,GET,783,1
16,GET,787,2
16,GET,791,1
16,GET,795,2
16,GET,807,1
16,GET,811,1
16,GET,815,1
16,GET,823,2
16,GET,827,3
16,GET,831,3
16,GET,835,1
16,GET,843,2
16,GET,847,1
16,GET,851,1
16,GET,863,2
16,GET,879,1
16,GET,899,1
16,GET,907,1
16,GET,915,1
16,GET,927,2
16,GET,939,1
16,GET,955,1
16,GET,979,1
16,GET,1319,1
16,GET,1399,1
16,GET,1471,2
16,GET,1487,1
16,GET,1511,1
16,GET,1535,1
16,GET,1543,1
16,GET,1559,1
16,GET,1583,1
16,GET,1599,2
16,GET,1607,1
16,GET,1623,2
16,GET,1631,1
16,GET,1639,1
16,GET,1647,3
16,GET,1655,1
16,GET,1663,1
16,GET,1679,1
16,GET,1687,2
16,GET,1719,2
16,GET,1727,3
16,GET,1735,2
16,GET,1783,1
16,GET,1791,1
16,GET,1807,1
16,GET,1839,2
16,GET,1863,1
16,GET,1879,2
16,GET,1887,1
16,GET,1903,2
16,GET,1911,1
16,GET,1919,1
16,GET,1927,1
16,GET,1951,1
16,GET,1999,1
16,GET,2031,1
16,GET,2127,1
16,GET,2223,1
16,GET,2271,1
16,GET,2319,1
16,GET,2399,2
16,GET,2431,2
16,GET,2447,1
16,GET,2479,1
16,GET,2511,1
16,GET,3311,1
16,GET,5375,1
16,DEL,81,1
16,DEL,82,1
16,DEL,83,2
16,DEL,84,3
16,DEL,85,7
16,DEL,86,6
16,DEL,87,8
16,DEL,88,8
16,DEL,89,12
16,DEL,90,16
16,DEL,91,9
16,DEL,92,18
16,DEL,93,15
16,DEL,94,35
16,DEL,95,35
16,DEL,96,29
16,DEL,97,30
16,DEL,98,46
16,DEL,99,46
16,DEL,100,44
16,DEL,101,35
16,DEL,102,59
16,DEL,103,40
16,DEL,104,48
16,DEL,105,56
16,DEL,106,62
16,DEL,107,70
16,DEL,108,71
16,DEL,109,74
16,DEL,110,79
16,DEL,111,89
16,DEL,112,91
16,DEL,113,102
16,DEL,114,97
16,DEL,115,90
16,DEL,116,121
16,DEL,117,126
16,DEL,118,134
16,DEL,119,147
16,DEL,120,136
16,DEL,121,153
16,DEL,122,140
16,DEL,123,149
16,DEL,124,169
16,DEL,125,177
16,DEL,126,203
16,DEL,127,194
16,DEL,128,190
16,DEL,129,198
16,DEL,130,198
16,DEL,131,213
16,DEL,132,199
16,DEL,133,190
16,DEL,134,252
16,DEL,135,227
16,DEL,136,242
16,DEL,137,256
16,DEL,138,232
16,DEL,139,238
16,DEL,140,233
16,DEL,141,214
16,DEL,142,259
16,DEL,143,247
16,DEL,144,234
16,DEL,145,249
16,DEL,146,268
16,DEL,147,252
16,DEL,148,251
16,DEL,149,252
16,DEL,150,245
16,DEL,151,243
16,DEL,152,253
16,DEL,153,231
16,DEL,154,253
16,DEL,155,212
16,DEL,156,209
16,DEL,157,216
16,DEL,158,223
16,DEL,159,200
16,DEL,160,184
16,DEL,161,206
16,DEL,162,191
16,DEL,163,158
16,DEL,164,172
16,DEL,165,154
16,DEL,166,178
16,DEL,167,133
16,DEL,168,145
16,DEL,169,149
16,DEL,170,148
16,DEL,171,136
16,DEL,172,138
16,DEL,173,134
16,DEL,174,118
16,DEL,175,127
16,DEL,176,120
16,DEL,177,130
16,DEL,178,104
16,DEL,179,105
16,DEL,180,110
16,DEL,181,113
16,DEL,182,98
16,DEL,183,100
16,DEL,184,80
16,DEL,185,96
16,DEL,186,85
16,DEL,187,88
16,DEL,188,90
16,DEL,189,79
16,DEL,190,87
16,DEL,191,86
16,DEL,192,91
16,DEL,193,78
16,DEL,194,69
16,DEL,195,63
16,DEL,196,77
16,DEL,197,80
16,DEL,198,92
16,DEL,199,62
16,DEL,200,74
16,DEL,201,68
16,DEL,202,70
16,DEL,203,66
16,DEL,204,69
16,DEL,205,76
16,DEL,206,62
16,DEL,207,76
16,DEL,208,61
16,DEL,209,81
16,DEL,210,73
16,DEL,211,87
16,DEL,212,72
16,DEL,213,82
16,DEL,214,74
16,DEL,215,79
16,DEL,216,101
16,DEL,217,101
16,DEL,218,79
16,DEL,219,84
16,DEL,220,87
16,DEL,221,91
16,DEL,222,104
16,DEL,223,101
16,DEL,224,90
16,DEL,225,121
16,DEL,226,109
16,DEL,227,108
16,DEL,228,118
16,DEL,229,113
16,DEL,230,114
16,DEL,231,147
16,DEL,232,123
16,DEL,233,121
16,DEL,234,120
16,DEL,235,139
16,DEL,236,113
16,DEL,237,134
16,DEL,238,145
16,DEL,239,131
16,DEL,240,156
16,DEL,241,125
16,DEL,242,133
16,DEL,243,142
16,DEL,244,124
16,DEL,245,140
16,DEL,246,142
16,DEL,247,123
16,DEL,248,118
16,DEL,249,134
16,DEL,250,144
16,DEL,251,157
16,DEL,252,120
16,DEL,253,142
16,DEL,254,120
16,DEL,255,98
16,DEL,257,225
16,DEL,259,214
16,DEL,261,227
16,DEL,263,242
16,DEL,265,217
16,DEL,267,217
16,DEL,269,214
16,DEL,271,196
16,DEL,273,179
16,DEL,275,199
16,DEL,277,202
16,DEL,279,213
16,DEL,281,192
16,DEL,283,200
16,DEL,285,230
16,DEL,287,257
16,DEL,289,243
16,DEL,291,247
16,DEL,293,308
16,DEL,295,313
16,DEL,297,370
16,DEL,299,445
16,DEL,301,457
16,DEL,303,556
16,DEL,305,639
16,DEL,307,707
16,DEL,309,897
16,DEL,311,1033
16,DEL,313,1208
16,DEL,315,1293
16,DEL,317,1566
16,DEL,319,1786
16,DEL,321,2040
16,DEL,323,2379
16,DEL,325,2484
16,DEL,327,2926
16,DEL,329,3236
16,DEL,331,3618
16,DEL,333,3786
16,DEL,335,3959
16,DEL,337,4308
16,DEL,339,4466
16,DEL,341,4769
16,DEL,343,4749
16,DEL,345,4781
16,DEL,347,4776
16,DEL,349,4781
16,DEL,351,4559
16,DEL,353,4502
16,DEL,355,4355
16,DEL,357,4247
16,DEL,359,3888
16,DEL,361,3682
16,DEL,363,3421
16,DEL,365,3177
16,DEL,367,2827
16,DEL,369,2616
16,DEL,371,2347
16,DEL,373,2142
16,DEL,375,1933
16,DEL,377,1755
16,DEL,379,1633
16,DEL,381,1409
16,DEL,383,1282
16,DEL,385,1147
16,DEL,387,1063
16,DEL,389,959
16,DEL,391,838
16,DEL,393,722
16,DEL,395,622
16,DEL,397,648
16,DEL,399,482
16,DEL,401,469
16,DEL,403,423
16,DEL,405,392
16,DEL,407,411
16,DEL,409,341
16,DEL,411,289
16,DEL,413,256
16,DEL,415,242
16,DEL,417,226
16,DEL,419,190
16,DEL,421,214
16,DEL,423,168
16,DEL,425,150
16,DEL,427,151
16,DEL,429,128
16,DEL,431,139
16,DEL,433,109
16,DEL,435,109
16,DEL,437,95
16,DEL,439,97
16,DEL,441,100
16,DEL,443,90
16,DEL,445,65
16,DEL,447,60
16,DEL,449,70
16,DEL,451,70
16,DEL,453,60
16,DEL,455,63
16,DEL,457,57
16,DEL,459,45
16,DEL,461,47
16,DEL,463,37
16,DEL,465,36
16,DEL,467,39
16,DEL,469,26
16,DEL,471,27
16,DEL,473,29
16,DEL,475,30
16,DEL,477,31
16,DEL,479,23
16,DEL,481,24
16,DEL,483,14
16,DEL,485,23
16,DEL,487,17
16,DEL,489,21
16,DEL,491,13
16,DEL,493,13
16,DEL,495,24
16,DEL,497,16
16,DEL,499,14
16,DEL,501,11
16,DEL,503,13
16,DEL,505,11
16,DEL,507,12
16,DEL,509,8
16,DEL,511,7
16,DEL,515,21
16,DEL,519,16
16,DEL,523,20
16,DEL,527,14
16,DEL,531,16
16,DEL,535,12
16,DEL,539,3
16,DEL,543,11
16,DEL,547,5
16,DEL,551,6
16,DEL,555,9
16,DEL,559,8
16,DEL,563,7
16,DEL,567,7
16,DEL,571,6
16,DEL,575,6
16,DEL,579,7
16,DEL,583,8
16,DEL,587,6
16,DEL,591,2
16,DEL,595,8
16,DEL,599,13
16,DEL,603,3
16,DEL,607,4
16,DEL,611,14
16,DEL,615,8
16,DEL,619,1
16,DEL,623,4
16,DEL,627,8
16,DEL,631,7
16,DEL,635,5
16,DEL,639,4
16,DEL,643,7
16,DEL,647,5
16,DEL,651,4
16,DEL,655,3
16,DEL,659,4
16,DEL,663,4
16,DEL,667,1
16,DEL,671,5
16,DEL,675,1
16,DEL,679,2
16,DEL,683,3
16,DEL,687,2
16,DEL,691,2
16,DEL,695,2
16,DEL,699,2
16,DEL,703,1
16,DEL,707,2
16,DEL,711,1
16,DEL,715,2
16,DEL,719,1
16,DEL,723,3
16,DEL,727,4
16,DEL,731,2
16,DEL,735,4
16,DEL,739,3
16,DEL,743,2
16,DEL,747,4
16,DEL,755,3
16,DEL,759,2
16,DEL,763,2
16,DEL,767,1
16,DEL,775,1
16,DEL,779,1
16,DEL,783,2
16,DEL,787,1
16,DEL,803,2
16,DEL,807,1
16,DEL,847,1
16,DEL,855,1
16,DEL,859,1
16,DEL,875,1
16,DEL,919,1
16,DEL,1423,1
16,DEL,1519,1
16,DEL,1583,1
16,DEL,1607,2
16,DEL,1615,1
16,DEL,1655,1
16,DEL,1695,2
16,DEL,1703,1
16,DEL,1711,1
16,DEL,1727,2
16,DEL,1743,1
16,DEL,1783,1
16,DEL,1863,1
16,DEL,1879,1
16,DEL,1935,1
16,DEL,2007,1
16,DEL,2047,1
16,DEL,2191,1
16,DEL,2351,1
16,DEL,2479,1
16,DEL,2655,1
16,DEL,3247,1
17,SET,87,1
17,SET,88,3
17,SET,89,2
17,SET,90,2
17,SET,91,3
17,SET,93,3
17,SET,94,4
17,SET,95,6
17,SET,96,4
17,SET,97,3
17,SET,98,7
17,SET,99,2
17,SET,100,8
17,SET,101,4
17,SET,102,13
17,SET,103,9
17,SET,104,12
17,SET,105,16
17,SET,106,8
17,SET,107,13
17,SET,108,15
17,SET,109,15
17,SET,110,15
17,SET,111,14
17,SET,112,18
17,SET,113,18
17,SET,114,15
17,SET,115,15
17,SET,116,31
17,SET,117,36
17,SET,118,23
17,SET,119,25
17,SET,120,16
17,SET,121,26
17,SET,122,26
17,SET,123,35
17,SET,124,44
17,SET,125,36
17,SET,126,33
17,SET,127,33
17,SET,128,47
17,SET,129,46
17,SET,130,32
17,SET,131,49
17,SET,132,44
17,SET,133,36
17,SET,134,41
17,SET,135,46
17,SET,136,38
17,SET,137,43
17,SET,138,47
17,SET,139,49
17,SET,140,50
17,SET,141,41
17,SET,142,58
17,SET,143,34
17,SET,144,50
17,SET,145,60
17,SET,146,47
17,SET,147,46
17,SET,148,51
17,SET,149,54
17,SET,150,58
17,SET,151,44
17,SET,152,46
17,SET,153,41
17,SET,154,56
17,SET,155,38
17,SET,156,42
17,SET,157,46
17,SET,158,30
17,SET,159,39
17,SET,160,40
17,SET,161,36
17,SET,162,37
17,SET,163,29
17,SET,164,33
17,SET,165,32
17,SET,166,29
17,SET,167,37
17,SET,168,37
17,SET,169,30
17,SET,170,26
17,SET,171,33
17,SET,172,26
17,SET,173,28
17,SET,174,30
17,SET,175,23
17,SET,176,20
17,SET,177,24
17,SET,178,29
17,SET,179,28
17,SET,180,17
17,SET,181,21
17,SET,182,19
17,SET,183,22
17,SET,184,13
17,SET,185,24
17,SET,186,16
17,SET,187,25
17,SET,188,24
17,SET,189,13
17,SET,190,11
17,SET,191,14
17,SET,192,16
17,SET,193,15
17,SET,194,14
17,SET,195,12
17,SET,196,20
17,SET,197,9
17,SET,198,15
17,SET,199,15
17,SET,200,20
17,SET,201,13
17,SET,202,11
17,SET,203,15
17,SET,204,10
17,SET,205,6
17,SET,206,16
17,SET,207,10
17,SET,208,14
17,SET,209,12
17,SET,210,19
17,SET,211,14
17,SET,212,20
17,SET,213,18
17,SET,214,17
17,SET,215,19
17,SET,216,12
17,SET,217,23
17,SET,218,27
17,SET,219,22
17,SET,220,21
17,SET,221,20
17,SET,222,19
17,SET,223,23
17,SET,224,17
17,SET,225,20
17,SET,226,30
17,SET,227,26
17,SET,228,28
17,SET,229,30
17,SET,230,28
17,SET,231,22
17,SET,232,29
17,SET,233,28
17,SET,234,32
17,SET,235,27
17,SET,236,30
17,SET,237,31
17,SET,238,31
17,SET,239,19
17,SET,240,33
17,SET,241,37
17,SET,242,31
17,SET,243,34
17,SET,244,22
17,SET,245,23
17,SET,246,32
17,SET,247,22
17,SET,248,28
17,SET,249,44
17,SET,250,28
17,SET,251,26
17,SET,252,17
17,SET,253,22
17,SET,254,27
17,SET,255,21
17,SET,257,50
17,SET,259,38
17,SET,261,51
17,SET,263,38
17,SET,265,43
17,SET,267,29
17,SET,269,41
17,SET,271,53
17,SET,273,33
17,SET,275,38
17,SET,277,34
17,SET,279,24
17,SET,281,33
17,SET,283,37
17,SET,285,44
17,SET,287,29
17,SET,289,36
17,SET,291,40
17,SET,293,46
17,SET,295,56
17,SET,297,64
17,SET,299,71
17,SET,301,71
17,SET,303,102
17,SET,305,98
17,SET,307,134
17,SET,309,170
17,SET,311,175
17,SET,313,249
17,SET,315,229
17,SET,317,294
17,SET,319,333
17,SET,321,395
17,SET,323,448
17,SET,325,540
17,SET,327,543
17,SET,329,613
17,SET,331,637
17,SET,333,727
17,SET,335,780
17,SET,337,881
17,SET,339,885
17,SET,341,890
17,SET,343,923
17,SET,345,958
17,SET,347,996
17,SET,349,890
17,SET,351,963
17,SET,353,974
17,SET,355,866
17,SET,357,856
17,SET,359,789
17,SET,361,752
17,SET,363,722
17,SET,365,649
17,SET,367,571
17,SET,369,550
17,SET,371,478
17,SET,373,490
17,SET,375,412
17,SET,377,371
17,SET,379,345
17,SET,381,295
17,SET,383,278
17,SET,385,237
17,SET,387,207
17,SET,389,193
17,SET,391,168
17,SET,393,178
17,SET,395,160
17,SET,397,124
17,SET,399,106
17,SET,401,105
17,SET,403,98
17,SET,405,80
17,SET,407,63
17,SET,409,62
17,SET,411,67
17,SET,413,54
17,SET,415,50
17,SET,417,45
17,SET,419,49
17,SET,421,39
17,SET,423,46
17,SET,425,21
17,SET,427,31
17,SET,429,32
17,SET,431,35
17,SET,433,27
17,SET,435,21
17,SET,437,25
17,SET,439,18
17,SET,441,23
17,SET,443,21
17,SET,445,13
17,SET,447,17
17,SET,449,22
17,SET,451,14
17,SET,453,8
17,SET,455,15
17,SET,457,5
17,SET,459,9
17,SET,461,7
17,SET,463,8
17,SET,465,5
17,SET,467,3
17,SET,469,2
17,SET,471,9
17,SET,473,4
17,SET,475,9
17,SET,477,6
17,SET,479,7
17,SET,481,2
17,SET,483,3
17,SET,485,3
17,SET,487,3
17,SET,489,4
17,SET,491,4
17,SET,493,2
17,SET,497,3
17,SET,499,2
17,SET,501,3
17,SET,503,3
17,SET,505,2
17,SET,507,1
17,SET,511,1
17,SET,515,4
17,SET,519,1
17,SET,523,4
17,SET,527,3
17,SET,531,3
17,SET,535,3
17,SET,539,3
17,SET,543,4
17,SET,547,2
17,SET,551,5
17,SET,555,3
17,SET,559,2
17,SET,567,6
17,SET,571,1
17,SET,575,3
17,SET,579,1
17,SET,583,2
17,SET,587,2
17,SET,591,1
17,SET,595,2
17,SET,599,3
17,SET,603,1
17,SET,607,2
17,SET,611,7
17,SET,615,1
17,SET,619,1
17,SET,627,2
17,SET,639,1
17,SET,643,3
17,SET,647,1
17,SET,651,1
17,SET,655,1
17,SET,663,1
17,SET,667,1
17,SET,675,3
17,SET,679,2
17,SET,699,1
17,SET,703,1
17,SET,715,1
17,SET,731,1
17,SET,735,1
17,SET,739,1
17,SET,747,1
17,SET,759,1
17,SET,763,1
17,SET,771,2
17,SET,819,1
17,SET,831,1
17,SET,1663,1
17,SET,1743,1
17,SET,2511,1
17,DEL,80,1
17,DEL,81,2
17,DEL,82,2
17,DEL,83,1
17,DEL,84,3
17,DEL,85,3
17,DEL,86,4
17,DEL,87,4
17,DEL,88,5
17,DEL,89,8
17,DEL,90,12
17,DEL,91,11
17,DEL,92,12
17,DEL,93,9
17,DEL,94,22
17,DEL,95,24
17,DEL,96,27
17,DEL,97,17
17,DEL,98,30
17,DEL,99,34
17,DEL,100,45
17,DEL,101,42
17,DEL,102,49
17,DEL,103,49
17,DEL,104,55
17,DEL,105,43
17,DEL,106,61
17,DEL,107,69
17,DEL,108,79
17,DEL,109,67
17,DEL,110,104
17,DEL,111,91
17,DEL,112,100
17,DEL,113,122
17,DEL,114,100
17,DEL,115,105
17,DEL,116,107
17,DEL,117,118
17,DEL,118,148
17,DEL,119,167
17,DEL,120,187
17,DEL,121,188
17,DEL,122,165
17,DEL,123,172
17,DEL,124,177
17,DEL,125,161
17,DEL,126,208
17,DEL,127,202
17,DEL,128,204
17,DEL,129,197
17,DEL,130,220
17,DEL,131,243
17,DEL,132,237
17,DEL,133,229
17,DEL,134,263
17,DEL,135,236
17,DEL,136,226
17,DEL,137,247
17,DEL,138,284
17,DEL,139,254
17,DEL,140,231
17,DEL,141,251
17,DEL,142,267
17,DEL,143,248
17,DEL,144,254
17,DEL,145,232
17,DEL,146,250
17,DEL,147,259
17,DEL,148,265
17,DEL,149,240
17,DEL,150,250
17,DEL,151,241
17,DEL,152,212
17,DEL,153,229
17,DEL,154,216
17,DEL,155,226
17,DEL,156,218
17,DEL,157,209
17,DEL,158,207
17,DEL,159,176
17,DEL,160,237
17,DEL,161,175
17,DEL,162,213
17,DEL,163,191
17,DEL,164,188
17,DEL,165,167
17,DEL,166,145
17,DEL,167,158
17,DEL,168,155
17,DEL,169,154
17,DEL,170,161
17,DEL,171,149
17,DEL,172,146
17,DEL,173,134
17,DEL,174,136
17,DEL,175,119
17,DEL,176,120
17,DEL,177,106
17,DEL,178,97
17,DEL,179,111
17,DEL,180,96
17,DEL,181,107
17,DEL,182,93
17,DEL,183,97
17,DEL,184,94
17,DEL,185,83
17,DEL,186,83
17,DEL,187,90
17,DEL,188,84
17,DEL,189,74
17,DEL,190,73
17,DEL,191,78
17,DEL,192,78
17,DEL,193,71
17,DEL,194,82
17,DEL,195,58
17,DEL,196,78
17,DEL,197,75
17,DEL,198,66
17,DEL,199,64
17,DEL,200,84
17,DEL,201,83
17,DEL,202,85
17,DEL,203,67
17,DEL,204,73
17,DEL,205,63
17,DEL,206,73
17,DEL,207,79
17,DEL,208,72
17,DEL,209,83
17,DEL,210,75
17,DEL,211,92
17,DEL,212,82
17,DEL,213,90
17,DEL,214,90
17,DEL,215,105
17,DEL,216,95
17,DEL,217,102
17,DEL,218,99
17,DEL,219,104
17,DEL,220,96
17,DEL,221,121
17,DEL,222,103
17,DEL,223,122
17,DEL,224,124
17,DEL,225,124
17,DEL,226,131
17,DEL,227,134
17,DEL,228,124
17,DEL,229,136
17,DEL,230,136
17,DEL,231,143
17,DEL,232,127
17,DEL,233,134
17,DEL,234,142
17,DEL,235,136
17,DEL,236,142
17,DEL,237,127
17,DEL,238,144
17,DEL,239,142
17,DEL,240,125
17,DEL,241,118
17,DEL,242,168
17,DEL,243,156
17,DEL,244,133
17,DEL,245,135
17,DEL,246,126
17,DEL,247,124
17,DEL,248,131
17,DEL,249,130
17,DEL,250,122
17,DEL,251,136
17,DEL,252,136
17,DEL,253,143
17,DEL,254,116
17,DEL,255,107
17,DEL,257,221
17,DEL,259,231
17,DEL,261,201
17,DEL,263,214
17,DEL,265,194
17,DEL,267,204
17,DEL,269,178
17,DEL,271,167
17,DEL,273,184
17,DEL,275,151
17,DEL,277,162
17,DEL,279,184
17,DEL,281,172
17,DEL,283,164
17,DEL,285,180
17,DEL,287,206
17,DEL,289,217
17,DEL,291,241
17,DEL,293,259
17,DEL,295,288
17,DEL,297,318
17,DEL,299,394
17,DEL,301,460
17,DEL,303,498
17,DEL,305,663
17,DEL,307,761
17,DEL,309,860
17,DEL,311,993
17,DEL,313,1219
17,DEL,315,1327
17,DEL,317,1693
17,DEL,319,1898
17,DEL,321,2070
17,DEL,323,2346
17,DEL,325,2598
17,DEL,327,2972
17,DEL,329,3344
17,DEL,331,3620
17,DEL,333,3773
17,DEL,335,3945
17,DEL,337,4224
17,DEL,339,4439
17,DEL,341,4687
17,DEL,343,4853
17,DEL,345,4711
17,DEL,347,4792
17,DEL,349,4756
17,DEL,351,4610
17,DEL,353,4611
17,DEL,355,4181
17,DEL,357,4044
17,DEL,359,3790
17,DEL,361,3573
17,DEL,363,3387
17,DEL,365,3078
17,DEL,367,2839
17,DEL,369,2535
17,DEL,371,2365
17,DEL,373,2212
17,DEL,375,1985
17,DEL,377,1797
17,DEL,379,1639
17,DEL,381,1456
17,DEL,383,1274
17,DEL,385,1110
17,DEL,387,1050
17,DEL,389,1006
17,DEL,391,871
17,DEL,393,740
17,DEL,395,661
17,DEL,397,611
17,DEL,399,528
17,DEL,401,431
17,DEL,403,452
17,DEL,405,402
17,DEL,407,360
17,DEL,409,311
17,DEL,411,259
17,DEL,413,243
17,DEL,415,240
17,DEL,417,219
17,DEL,419,215
17,DEL,421,166
17,DEL,423,153
17,DEL,425,167
17,DEL,427,146
17,DEL,429,112
17,DEL,431,123
17,DEL,433,121
17,DEL,435,84
17,DEL,437,84
17,DEL,439,104
17,DEL,441,79
17,DEL,443,80
17,DEL,445,65
17,DEL,447,66
17,DEL,449,61
17,DEL,451,55
17,DEL,453,61
17,DEL,455,47
17,DEL,457,38
17,DEL,459,56
17,DEL,461,38
17,DEL,463,60
17,DEL,465,41
17,DEL,467,29
17,DEL,469,32
17,DEL,471,19
17,DEL,473,18
17,DEL,475,25
17,DEL,477,30
17,DEL,479,22
17,DEL,481,24
17,DEL,483,19
17,DEL,485,17
17,DEL,487,16
17,DEL,489,22
17,DEL,491,17
17,DEL,493,11
17,DEL,495,11
17,DEL,497,13
17,DEL,499,18
17,DEL,501,16
17,DEL,503,10
17,DEL,505,9
17,DEL,507,10
17,DEL,509,9
17,DEL,511,10
17,DEL,515,16
17,DEL,519,19
17,DEL,523,14
17,DEL,527,11
17,DEL,531,22
17,DEL,535,19
17,DEL,539,13
17,DEL,543,11
17,DEL,547,9
17,DEL,551,10
17,DEL,555,5
17,DEL,559,9
17,DEL,563,6
17,DEL,567,5
17,DEL,571,8
17,DEL,575,11
17,DEL,579,12
17,DEL,583,10
17,DEL,587,9
17,DEL,591,8
17,DEL,595,6
17,DEL,599,8
17,DEL,603,6
17,DEL,607,4
17,DEL,611,8
17,DEL,615,8
17,DEL,619,6
17,DEL,623,4
17,DEL,627,10
17,DEL,631,4
17,DEL,635,8
17,DEL,639,1
17,DEL,643,4
17,DEL,647,9
17,DEL,651,3
17,DEL,655,1
17,DEL,663,7
17,DEL,667,3
17,DEL,671,1
17,DEL,675,2
17,DEL,679,1
17,DEL,683,3
17,DEL,687,1
17,DEL,691,1
17,DEL,695,2
17,DEL,699,3
17,DEL,703,2
17,DEL,707,3
17,DEL,715,1
17,DEL,719,2
17,DEL,731,3
17,DEL,735,2
17,DEL,739,1
17,DEL,743,2
17,DEL,747,3
17,DEL,755,1
17,DEL,759,4
17,DEL,763,1
17,DEL,767,2
17,DEL,771,2
17,DEL,783,1
17,DEL,787,2
17,DEL,791,1
17,DEL,803,1
17,DEL,819,1
17,DEL,843,1
17,DEL,847,1
17,DEL,859,1
17,DEL,863,1
17,DEL,867,1
17,DEL,923,1
17,DEL,1455,1
17,DEL,1479,1
17,DEL,1607,1
17,DEL,1615,1
17,DEL,1655,1
17,DEL,1671,1
17,DEL,1679,1
17,DEL,1687,1
17,DEL,1703,1
17,DEL,1791,1
17,DEL,1871,1
17,DEL,1887,1
17,DEL,1927,1
17,DEL,2015,1
17,DEL,2063,1
17,DEL,2079,3
17,DEL,2175,2
17,DEL,2287,1
17,DEL,2335,1
17,DEL,2383,1
17,DEL,2431,1
17,DEL,2623,1
17,DEL,5343,1
17,GET,79,1
17,GET,80,1
17,GET,81,2
17,GET,82,4
17,GET,83,5
17,GET,84,7
17,GET,85,5
17,GET,86,12
17,GET,87,16
17,GET,88,16
17,GET,89,24
17,GET,90,22
17,GET,91,40
17,GET,92,38
17,GET,93,44
17,GET,94,59
17,GET,95,55
17,GET,96,57
17,GET,97,56
17,GET,98,85
17,GET,99,94
17,GET,100,108
17,GET,101,125
17,GET,102,152
17,GET,103,131
17,GET,104,141
17,GET,105,153
17,GET,106,174
17,GET,107,205
17,GET,108,211
17,GET,109,230
17,GET,110,238
17,GET,111,272
17,GET,112,282
17,GET,113,298
17,GET,114,342
17,GET,115,361
17,GET,116,349
17,GET,117,381
17,GET,118,388
17,GET,119,421
17,GET,120,432
17,GET,121,468
17,GET,122,498
17,GET,123,473
17,GET,124,539
17,GET,125,581
17,GET,126,536
17,GET,127,559
17,GET,128,592
17,GET,129,597
17,GET,130,666
17,GET,131,624
17,GET,132,631
17,GET,133,652
17,GET,134,662
17,GET,135,682
17,GET,136,659
17,GET,137,698
17,GET,138,669
17,GET,139,675
17,GET,140,682
17,GET,141,761
17,GET,142,743
17,GET,143,694
17,GET,144,690
17,GET,145,692
17,GET,146,675
17,GET,147,713
17,GET,148,693
17,GET,149,717
17,GET,150,673
17,GET,151,659
17,GET,152,610
17,GET,153,631
17,GET,154,622
17,GET,155,637
17,GET,156,579
17,GET,157,591
17,GET,158,572
17,GET,159,564
17,GET,160,539
17,GET,161,535
17,GET,162,523
17,GET,163,523
17,GET,164,484
17,GET,165,471
17,GET,166,456
17,GET,167,462
17,GET,168,442
17,GET,169,389
17,GET,170,419
17,GET,171,401
17,GET,172,396
17,GET,173,347
17,GET,174,342
17,GET,175,347
17,GET,176,333
17,GET,177,287
17,GET,178,315
17,GET,179,306
17,GET,180,285
17,GET,181,279
17,GET,182,277
17,GET,183,275
17,GET,184,272
17,GET,185,254
17,GET,186,236
17,GET,187,215
17,GET,188,254
17,GET,189,217
17,GET,190,226
17,GET,191,195
17,GET,192,217
17,GET,193,212
17,GET,194,200
17,GET,195,184
17,GET,196,201
17,GET,197,214
17,GET,198,206
17,GET,199,220
17,GET,200,199
17,GET,201,199
17,GET,202,201
17,GET,203,203
17,GET,204,230
17,GET,205,214
17,GET,206,181
17,GET,207,211
17,GET,208,221
17,GET,209,240
17,GET,210,236
17,GET,211,253
17,GET,212,282
17,GET,213,240
17,GET,214,242
17,GET,215,252
17,GET,216,266
17,GET,217,270
17,GET,218,273
17,GET,219,268
17,GET,220,323
17,GET,221,274
17,GET,222,291
17,GET,223,346
17,GET,224,368
17,GET,225,315
17,GET,226,331
17,GET,227,347
17,GET,228,378
17,GET,229,320
17,GET,230,382
17,GET,231,373
17,GET,232,406
17,GET,233,368
17,GET,234,390
17,GET,235,390
17,GET,236,391
17,GET,237,409
17,GET,238,423
17,GET,239,415
17,GET,240,380
17,GET,241,378
17,GET,242,392
17,GET,243,385
17,GET,244,430
17,GET,245,412
17,GET,246,391
17,GET,247,397
17,GET,248,401
17,GET,249,382
17,GET,250,333
17,GET,251,333
17,GET,252,353
17,GET,253,339
17,GET,254,318
17,GET,255,325
17,GET,257,612
17,GET,259,627
17,GET,261,592
17,GET,263,555
17,GET,265,582
17,GET,267,471
17,GET,269,548
17,GET,271,470
17,GET,273,523
17,GET,275,493
17,GET,277,483
17,GET,279,449
17,GET,281,507
17,GET,283,537
17,GET,285,545
17,GET,287,539
17,GET,289,591
17,GET,291,649
17,GET,293,726
17,GET,295,784
17,GET,297,955
17,GET,299,1043
17,GET,301,1275
17,GET,303,1547
17,GET,305,1764
17,GET,307,2067
17,GET,309,2472
17,GET,311,2924
17,GET,313,3399
17,GET,315,3933
17,GET,317,4550
17,GET,319,5288
17,GET,321,6000
17,GET,323,6706
17,GET,325,7589
17,GET,327,8070
17,GET,329,9258
17,GET,331,10023
17,GET,333,10642
17,GET,335,11462
17,GET,337,12045
17,GET,339,12860
17,GET,341,13045
17,GET,343,13410
17,GET,345,13321
17,GET,347,13349
17,GET,349,13040
17,GET,351,12992
17,GET,353,12476
17,GET,355,11812
17,GET,357,11263
17,GET,359,10697
17,GET,361,10135
17,GET,363,9498
17,GET,365,8758
17,GET,367,7871
17,GET,369,7286
17,GET,371,6798
17,GET,373,5971
17,GET,375,5521
17,GET,377,4958
17,GET,379,4423
17,GET,381,3938
17,GET,383,3602
17,GET,385,3094
17,GET,387,2802
17,GET,389,2568
17,GET,391,2365
17,GET,393,2037
17,GET,395,1843
17,GET,397,1612
17,GET,399,1459
17,GET,401,1326
17,GET,403,1240
17,GET,405,1030
17,GET,407,994
17,GET,409,857
17,GET,411,812
17,GET,413,721
17,GET,415,681
17,GET,417,639
17,GET,419,580
17,GET,421,542
17,GET,423,493
17,GET,425,429
17,GET,427,406
17,GET,429,380
17,GET,431,371
17,GET,433,327
17,GET,435,295
17,GET,437,258
17,GET,439,267
17,GET,441,235
17,GET,443,226
17,GET,445,225
17,GET,447,179
17,GET,449,190
17,GET,451,157
17,GET,453,164
17,GET,455,145
17,GET,457,127
17,GET,459,125
17,GET,461,121
17,GET,463,97
17,GET,465,85
17,GET,467,82
17,GET,469,89
17,GET,471,79
17,GET,473,77
17,GET,475,80
17,GET,477,70
17,GET,479,42
17,GET,481,68
17,GET,483,63
17,GET,485,57
17,GET,487,69
17,GET,489,55
17,GET,491,56
17,GET,493,34
17,GET,495,39
17,GET,497,31
17,GET,499,48
17,GET,501,43
17,GET,503,40
17,GET,505,34
17,GET,507,19
17,GET,509,24
17,GET,511,26
17,GET,515,55
17,GET,519,38
17,GET,523,34
17,GET,527,36
17,GET,531,43
17,GET,535,36
17,GET,539,29
17,GET,543,32
17,GET,547,25
17,GET,551,19
17,GET,555,23
17,GET,559,17
17,GET,563,26
17,GET,567,20
17,GET,571,16
17,GET,575,14
17,GET,579,24
17,GET,583,16
17,GET,587,17
17,GET,591,22
17,GET,595,14
17,GET,599,13
17,GET,603,16
17,GET,607,21
17,GET,611,13
17,GET,615,13
17,GET,619,21
17,GET,623,20
17,GET,627,12
17,GET,631,11
17,GET,635,13
17,GET,639,11
17,GET,643,17
17,GET,647,12
17,GET,651,13
17,GET,655,10
17,GET,659,4
17,GET,663,12
17,GET,667,10
17,GET,671,5
17,GET,675,4
17,GET,679,8
17,GET,683,3
17,GET,687,9
17,GET,691,7
17,GET,695,3
17,GET,699,5
17,GET,703,5
17,GET,707,1
17,GET,711,7
17,GET,715,5
17,GET,719,10
17,GET,723,5
17,GET,727,2
17,GET,731,7
17,GET,735,5
17,GET,739,5
17,GET,743,5
17,GET,747,3
17,GET,751,3
17,GET,755,2
17,GET,759,7
17,GET,763,6
17,GET,767,5
17,GET,771,4
17,GET,775,6
17,GET,779,2
17,GET,783,2
17,GET,787,1
17,GET,791,4
17,GET,795,5
17,GET,799,2
17,GET,803,3
17,GET,807,1
17,GET,811,1
17,GET,815,3
17,GET,819,2
17,GET,823,3
17,GET,827,3
17,GET,831,1
17,GET,835,2
17,GET,843,2
17,GET,847,1
17,GET,855,1
17,GET,859,1
17,GET,871,1
17,GET,887,1
17,GET,899,1
17,GET,907,1
17,GET,915,1
17,GET,923,1
17,GET,995,1
17,GET,1031,1
17,GET,1135,1
17,GET,1207,1
17,GET,1215,1
17,GET,1351,1
17,GET,1367,1
17,GET,1399,1
17,GET,1407,1
17,GET,1439,1
17,GET,1455,2
17,GET,1471,2
17,GET,1487,1
17,GET,1495,2
17,GET,1503,1
17,GET,1511,1
17,GET,1543,2
17,GET,1551,1
17,GET,1559,1
17,GET,1583,2
17,GET,1607,3
17,GET,1615,2
17,GET,1631,1
17,GET,1639,1
17,GET,1647,1
17,GET,1655,2
17,GET,1663,1
17,GET,1671,1
17,GET,1679,1
17,GET,1695,5
17,GET,1703,4
17,GET,1711,3
17,GET,1719,1
17,GET,1727,1
17,GET,1735,1
17,GET,1775,1
17,GET,1783,1
17,GET,1807,1
17,GET,1823,3
17,GET,1863,1
17,GET,1879,1
17,GET,1887,2
17,GET,1895,1
17,GET,1919,1
17,GET,1967,1
17,GET,1975,1
17,GET,2047,1
17,GET,2079,2
17,GET,2191,1
17,GET,2223,2
17,GET,2255,1
17,GET,2319,1
17,GET,2383,1
17,GET,2463,1
17,GET,2559,1
17,GET,2623,1
17,GET,2847,1
17,GET,3023,1
17,GET,3215,1
17,GET,3455,1
17,GET,3567,1
17,GET,3631,1
17,GET,3919,1
18,DEL,80,2
18,DEL,82,1
18,DEL,83,1
18,DEL,84,3
18,DEL,85,3
18,DEL,86,1
18,DEL,87,6
18,DEL,88,2
18,DEL,89,3
18,DEL,90,7
18,DEL,91,11
18,DEL,92,9
18,DEL,93,14
18,DEL,94,15
18,DEL,95,14
18,DEL,96,20
18,DEL,97,24
18,DEL,98,27
18,DEL,99,27
18,DEL,100,39
18,DEL,101,39
18,DEL,102,37
18,DEL,103,31
18,DEL,104,46
18,DEL,105,50
18,DEL,106,58
18,DEL,107,58
18,DEL,108,75
18,DEL,109,96
18,DEL,110,92
18,DEL,111,113
18,DEL,112,114
18,DEL,113,115
18,DEL,114,132
18,DEL,115,135
18,DEL,116,112
18,DEL,117,136
18,DEL,118,135
18,DEL,119,169
18,DEL,120,190
18,DEL,121,156
18,DEL,122,163
18,DEL,123,180
18,DEL,124,195
18,DEL,125,178
18,DEL,126,205
18,DEL,127,218
18,DEL,128,215
18,DEL,129,218
18,DEL,130,246
18,DEL,131,227
18,DEL,132,260
18,DEL,133,257
18,DEL,134,241
18,DEL,135,249
18,DEL,136,247
18,DEL,137,242
18,DEL,138,299
18,DEL,139,234
18,DEL,140,292
18,DEL,141,245
18,DEL,142,288
18,DEL,143,251
18,DEL,144,285
18,DEL,145,223
18,DEL,146,256
18,DEL,147,244
18,DEL,148,226
18,DEL,149,249
18,DEL,150,263
18,DEL,151,241
18,DEL,152,222
18,DEL,153,223
18,DEL,154,228
18,DEL,155,192
18,DEL,156,195
18,DEL,157,218
18,DEL,158,220
18,DEL,159,244
18,DEL,160,186
18,DEL,161,165
18,DEL,162,155
18,DEL,163,180
18,DEL,164,175
18,DEL,165,169
18,DEL,166,150
18,DEL,167,141
18,DEL,168,169
18,DEL,169,167
18,DEL,170,156
18,DEL,171,146
18,DEL,172,123
18,DEL,173,131
18,DEL,174,126
18,DEL,175,128
18,DEL,176,116
18,DEL,177,127
18,DEL,178,106
18,DEL,179,106
18,DEL,180,100
18,DEL,181,117
18,DEL,182,100
18,DEL,183,83
18,DEL,184,87
18,DEL,185,79
18,DEL,186,78
18,DEL,187,61
18,DEL,188,79
18,DEL,189,80
18,DEL,190,72
18,DEL,191,66
18,DEL,192,65
18,DEL,193,64
18,DEL,194,74
18,DEL,195,63
18,DEL,196,60
18,DEL,197,72
18,DEL,198,73
18,DEL,199,58
18,DEL,200,61
18,DEL,201,55
18,DEL,202,56
18,DEL,203,66
18,DEL,204,77
18,DEL,205,87
18,DEL,206,72
18,DEL,207,72
18,DEL,208,71
18,DEL,209,92
18,DEL,210,84
18,DEL,211,73
18,DEL,212,89
18,DEL,213,71
18,DEL,214,94
18,DEL,215,100
18,DEL,216,103
18,DEL,217,90
18,DEL,218,108
18,DEL,219,120
18,DEL,220,108
18,DEL,221,138
18,DEL,222,124
18,DEL,223,127
18,DEL,224,126
18,DEL,225,131
18,DEL,226,125
18,DEL,227,112
18,DEL,228,114
18,DEL,229,151
18,DEL,230,114
18,DEL,231,129
18,DEL,232,154
18,DEL,233,129
18,DEL,234,133
18,DEL,235,127
18,DEL,236,167
18,DEL,237,145
18,DEL,238,131
18,DEL,239,142
18,DEL,240,139
18,DEL,241,144
18,DEL,242,128
18,DEL,243,115
18,DEL,244,121
18,DEL,245,136
18,DEL,246,114
18,DEL,247,126
18,DEL,248,119
18,DEL,249,127
18,DEL,250,117
18,DEL,251,123
18,DEL,252,115
18,DEL,253,118
18,DEL,254,103
18,DEL,255,120
18,DEL,257,203
18,DEL,259,186
18,DEL,261,216
18,DEL,263,191
18,DEL,265,194
18,DEL,267,157
18,DEL,269,163
18,DEL,271,151
18,DEL,273,178
18,DEL,275,190
18,DEL,277,188
18,DEL,279,194
18,DEL,281,177
18,DEL,283,186
18,DEL,285,183
18,DEL,287,211
18,DEL,289,218
18,DEL,291,263
18,DEL,293,277
18,DEL,295,330
18,DEL,297,347
18,DEL,299,454
18,DEL,301,511
18,DEL,303,562
18,DEL,305,708
18,DEL,307,796
18,DEL,309,951
18,DEL,311,1137
18,DEL,313,1236
18,DEL,315,1410
18,DEL,317,1664
18,DEL,319,1852
18,DEL,321,2170
18,DEL,323,2449
18,DEL,325,2690
18,DEL,327,3060
18,DEL,329,3311
18,DEL,331,3433
18,DEL,333,3691
18,DEL,335,4112
18,DEL,337,4203
18,DEL,339,4476
18,DEL,341,4628
18,DEL,343,4555
18,DEL,345,4646
18,DEL,347,4609
18,DEL,349,4583
18,DEL,351,4432
18,DEL,353,4386
18,DEL,355,4269
18,DEL,357,4070
18,DEL,359,3761
18,DEL,361,3413
18,DEL,363,3417
18,DEL,365,3067
18,DEL,367,2790
18,DEL,369,2650
18,DEL,371,2411
18,DEL,373,2159
18,DEL,375,2004
18,DEL,377,1825
18,DEL,379,1653
18,DEL,381,1485
18,DEL,383,1276
18,DEL,385,1170
18,DEL,387,1023
18,DEL,389,994
18,DEL,391,849
18,DEL,393,785
18,DEL,395,700
18,DEL,397,616
18,DEL,399,549
18,DEL,401,527
18,DEL,403,439
18,DEL,405,382
18,DEL,407,369
18,DEL,409,359
18,DEL,411,310
18,DEL,413,264
18,DEL,415,274
18,DEL,417,225
18,DEL,419,225
18,DEL,421,205
18,DEL,423,187
18,DEL,425,174
18,DEL,427,148
18,DEL,429,144
18,DEL,431,133
18,DEL,433,102
18,DEL,435,106
18,DEL,437,112
18,DEL,439,94
18,DEL,441,75
18,DEL,443,93
18,DEL,445,81
18,DEL,447,88
18,DEL,449,77
18,DEL,451,61
18,DEL,453,48
18,DEL,455,45
18,DEL,457,48
18,DEL,459,38
18,DEL,461,31
18,DEL,463,36
18,DEL,465,40
18,DEL,467,38
18,DEL,469,29
18,DEL,471,23
18,DEL,473,27
18,DEL,475,23
18,DEL,477,25
18,DEL,479,26
18,DEL,481,19
18,DEL,483,16
18,DEL,485,23
18,DEL,487,20
18,DEL,489,13
18,DEL,491,20
18,DEL,493,9
18,DEL,495,11
18,DEL,497,11
18,DEL,499,9
18,DEL,501,16
18,DEL,503,16
18,DEL,505,9
18,DEL,507,8
18,DEL,509,10
18,DEL,511,8
18,DEL,515,10
18,DEL,519,10
18,DEL,523,15
18,DEL,527,16
18,DEL,531,13
18,DEL,535,10
18,DEL,539,5
18,DEL,543,10
18,DEL,547,8
18,DEL,551,9
18,DEL,555,4
18,DEL,559,7
18,DEL,563,10
18,DEL,567,3
18,DEL,571,7
18,DEL,575,7
18,DEL,579,7
18,DEL,583,13
18,DEL,587,5
18,DEL,591,3
18,DEL,595,15
18,DEL,599,11
18,DEL,603,8
18,DEL,607,1
18,DEL,611,6
18,DEL,615,5
18,DEL,619,5
18,DEL,623,7
18,DEL,627,5
18,DEL,631,4
18,DEL,635,6
18,DEL,639,4
18,DEL,643,2
18,DEL,647,5
18,DEL,651,4
18,DEL,655,3
18,DEL,663,1
18,DEL,667,2
18,DEL,671,5
18,DEL,675,2
18,DEL,679,1
18,DEL,687,2
18,DEL,691,5
18,DEL,699,1
18,DEL,703,1
18,DEL,711,2
18,DEL,715,3
18,DEL,719,2
18,DEL,723,1
18,DEL,727,2
18,DEL,731,3
18,DEL,735,4
18,DEL,739,2
18,DEL,743,2
18,DEL,747,3
18,DEL,751,2
18,DEL,755,2
18,DEL,759,1
18,DEL,767,1
18,DEL,783,3
18,DEL,787,1
18,DEL,799,1
18,DEL,803,1
18,DEL,815,1
18,DEL,823,1
18,DEL,839,1
18,DEL,883,1
18,DEL,911,1
18,DEL,947,1
18,DEL,1447,1
18,DEL,1455,1
18,DEL,1511,1
18,DEL,1551,1
18,DEL,1583,1
18,DEL,1591,1
18,DEL,1647,2
18,DEL,1655,1
18,DEL,1663,1
18,DEL,1687,2
18,DEL,1695,1
18,DEL,1703,1
18,DEL,1735,1
18,DEL,1959,1
18,DEL,2191,1
18,DEL,2239,1
18,DEL,2271,1
18,DEL,2415,1
18,DEL,2655,1
18,DEL,3343,1
18,DEL,3519,1
18,GET,81,2
18,GET,82,3
18,GET,83,3
18,GET,84,9
18,GET,85,6
18,GET,86,10
18,GET,87,14
18,GET,88,11
18,GET,89,21
18,GET,90,21
18,GET,91,25
18,GET,92,34
18,GET,93,35
18,GET,94,50
18,GET,95,44
18,GET,96,56
18,GET,97,75
18,GET,98,80
18,GET,99,76
18,GET,100,96
18,GET,101,114
18,GET,102,104
18,GET,103,122
18,GET,104,150
18,GET,105,191
18,GET,106,158
18,GET,107,209
18,GET,108,174
18,GET,109,222
18,GET,110,263
18,GET,111,277
18,GET,112,310
18,GET,113,284
18,GET,114,338
18,GET,115,328
18,GET,116,394
18,GET,117,435
18,GET,118,440
18,GET,119,428
18,GET,120,454
18,GET,121,443
18,GET,122,535
18,GET,123,535
18,GET,124,603
18,GET,125,560
18,GET,126,583
18,GET,127,623
18,GET,128,617
18,GET,129,631
18,GET,130,662
18,GET,131,646
18,GET,132,626
18,GET,133,659
18,GET,134,707
18,GET,135,680
18,GET,136,673
18,GET,137,693
18,GET,138,707
18,GET,139,794
18,GET,140,689
18,GET,141,756
18,GET,142,728
18,GET,143,720
18,GET,144,743
18,GET,145,714
18,GET,146,712
18,GET,147,699
18,GET,148,726
18,GET,149,732
18,GET,150,681
18,GET,151,722
18,GET,152,660
18,GET,153,665
18,GET,154,607
18,GET,155,635
18,GET,156,564
18,GET,157,579
18,GET,158,597
18,GET,159,583
18,GET,160,582
18,GET,161,519
18,GET,162,483
18,GET,163,505
18,GET,164,461
18,GET,165,470
18,GET,166,435
18,GET,167,434
18,GET,168,367
18,GET,169,396
18,GET,170,350
18,GET,171,372
18,GET,172,357
18,GET,173,385
18,GET,174,334
18,GET,175,339
18,GET,176,302
18,GET,177,294
18,GET,178,290
18,GET,179,287
18,GET,180,280
18,GET,181,270
18,GET,182,233
18,GET,183,235
18,GET,184,256
18,GET,185,248
18,GET,186,229
18,GET,187,206
18,GET,188,224
18,GET,189,202
18,GET,190,200
18,GET,191,208
18,GET,192,179
18,GET,193,211
18,GET,194,206
18,GET,195,187
18,GET,196,182
18,GET,197,194
18,GET,198,184
18,GET,199,195
18,GET,200,194
18,GET,201,185
18,GET,202,187
18,GET,203,191
18,GET,204,212
18,GET,205,207
18,GET,206,196
18,GET,207,214
18,GET,208,235
18,GET,209,208
18,GET,210,240
18,GET,211,255
18,GET,212,255
18,GET,213,266
18,GET,214,299
18,GET,215,277
18,GET,216,295
18,GET,217,277
18,GET,218,281
18,GET,219,311
18,GET,220,318
18,GET,221,358
18,GET,222,334
18,GET,223,347
18,GET,224,335
18,GET,225,333
18,GET,226,361
18,GET,227,381
18,GET,228,379
18,GET,229,394
18,GET,230,337
18,GET,231,368
18,GET,232,404
18,GET,233,416
18,GET,234,398
18,GET,235,415
18,GET,236,364
18,GET,237,393
18,GET,238,425
18,GET,239,371
18,GET,240,335
18,GET,241,406
18,GET,242,413
18,GET,243,371
18,GET,244,382
18,GET,245,350
18,GET,246,370
18,GET,247,381
18,GET,248,357
18,GET,249,353
18,GET,250,372
18,GET,251,350
18,GET,252,343
18,GET,253,335
18,GET,254,330
18,GET,255,316
18,GET,257,621
18,GET,259,637
18,GET,261,609
18,GET,263,501
18,GET,265,520
18,GET,267,534
18,GET,269,516
18,GET,271,516
18,GET,273,461
18,GET,275,518
18,GET,277,471
18,GET,279,509
18,GET,281,555
18,GET,283,541
18,GET,285,545
18,GET,287,572
18,GET,289,694
18,GET,291,736
18,GET,293,785
18,GET,295,920
18,GET,297,1112
18,GET,299,1172
18,GET,301,1340
18,GET,303,1613
18,GET,305,1898
18,GET,307,2274
18,GET,309,2610
18,GET,311,3012
18,GET,313,3578
18,GET,315,4235
18,GET,317,4870
18,GET,319,5535
18,GET,321,6300
18,GET,323,6982
18,GET,325,7573
18,GET,327,8460
18,GET,329,9105
18,GET,331,9942
18,GET,333,10515
18,GET,335,11087
18,GET,337,11770
18,GET,339,12365
18,GET,341,12523
18,GET,343,12745
18,GET,345,12833
18,GET,347,12889
18,GET,349,12811
18,GET,351,12431
18,GET,353,12196
18,GET,355,11703
18,GET,357,11174
18,GET,359,10566
18,GET,361,10168
18,GET,363,9059
18,GET,365,8703
18,GET,367,8070
18,GET,369,7302
18,GET,371,6678
18,GET,373,6116
18,GET,375,5533
18,GET,377,5035
18,GET,379,4614
18,GET,381,4109
18,GET,383,3637
18,GET,385,3312
18,GET,387,2920
18,GET,389,2593
18,GET,391,2415
18,GET,393,2182
18,GET,395,1916
18,GET,397,1684
18,GET,399,1523
18,GET,401,1401
18,GET,403,1225
18,GET,405,1130
18,GET,407,1012
18,GET,409,911
18,GET,411,819
18,GET,413,786
18,GET,415,743
18,GET,417,664
18,GET,419,575
18,GET,421,477
18,GET,423,515
18,GET,425,453
18,GET,427,380
18,GET,429,386
18,GET,431,349
18,GET,433,348
18,GET,435,284
18,GET,437,272
18,GET,439,238
18,GET,441,243
18,GET,443,221
18,GET,445,195
18,GET,447,182
18,GET,449,172
18,GET,451,163
18,GET,453,167
18,GET,455,133
18,GET,457,154
18,GET,459,133
18,GET,461,127
18,GET,463,126
18,GET,465,110
18,GET,467,120
18,GET,469,96
18,GET,471,90
18,GET,473,87
18,GET,475,71
18,GET,477,91
18,GET,479,47
18,GET,481,47
18,GET,483,57
18,GET,485,47
18,GET,487,49
18,GET,489,38
18,GET,491,44
18,GET,493,49
18,GET,495,36
18,GET,497,38
18,GET,499,28
18,GET,501,36
18,GET,503,39
18,GET,505,35
18,GET,507,27
18,GET,509,30
18,GET,511,23
18,GET,515,60
18,GET,519,44
18,GET,523,43
18,GET,527,29
18,GET,531,31
18,GET,535,32
18,GET,539,23
18,GET,543,31
18,GET,547,25
18,GET,551,22
18,GET,555,21
18,GET,559,24
18,GET,563,20
18,GET,567,16
18,GET,571,27
18,GET,575,24
18,GET,579,20
18,GET,583,14
18,GET,587,15
18,GET,591,22
18,GET,595,17
18,GET,599,21
18,GET,603,14
18,GET,607,17
18,GET,611,22
18,GET,615,23
18,GET,619,15
18,GET,623,14
18,GET,627,17
18,GET,631,12
18,GET,635,14
18,GET,639,7
18,GET,643,9
18,GET,647,11
18,GET,651,8
18,GET,655,10
18,GET,659,10
18,GET,663,5
18,GET,667,1
18,GET,671,6
18,GET,675,2
18,GET,679,7
18,GET,683,4
18,GET,687,6
18,GET,691,2
18,GET,695,5
18,GET,699,6
18,GET,703,3
18,GET,707,5
18,GET,711,2
18,GET,715,5
18,GET,719,5
18,GET,723,5
18,GET,727,4
18,GET,731,6
18,GET,735,5
18,GET,739,5
18,GET,743,8
18,GET,747,2
18,GET,751,5
18,GET,755,3
18,GET,759,6
18,GET,763,3
18,GET,767,3
18,GET,771,3
18,GET,775,5
18,GET,779,1
18,GET,783,3
18,GET,787,2
18,GET,791,1
18,GET,795,3
18,GET,799,3
18,GET,803,2
18,GET,811,6
18,GET,819,1
18,GET,823,2
18,GET,827,1
18,GET,831,2
18,GET,835,2
18,GET,843,1
18,GET,855,1
18,GET,859,5
18,GET,891,1
18,GET,911,1
18,GET,935,1
18,GET,947,1
18,GET,955,1
18,GET,1015,1
18,GET,1103,1
18,GET,1279,1
18,GET,1415,1
18,GET,1447,2
18,GET,1495,1
18,GET,1519,1
18,GET,1535,2
18,GET,1559,1
18,GET,1575,1
18,GET,1615,1
18,GET,1631,2
18,GET,1639,2
18,GET,1647,3
18,GET,1655,1
18,GET,1671,1
18,GET,1679,2
18,GET,1687,1
18,GET,1695,3
18,GET,1703,1
18,GET,1719,3
18,GET,1727,1
18,GET,1743,2
18,GET,1751,1
18,GET,1767,1
18,GET,1855,1
18,GET,1863,1
18,GET,1871,1
18,GET,1887,1
18,GET,1927,2
18,GET,1935,1
18,GET,1943,1
18,GET,1951,2
18,GET,1959,1
18,GET,1967,2
18,GET,2031,1
18,GET,2047,1
18,GET,2079,2
18,GET,2111,1
18,GET,2127,1
18,GET,2159,2
18,GET,2271,1
18,GET,2319,1
18,GET,2383,1
18,GET,2431,1
18,GET,2463,2
18,GET,2543,1
18,GET,2591,1
18,GET,3039,1
18,GET,3535,1
18,GET,3999,1
18,GET,5599,1
18,SET,86,1
18,SET,87,2
18,SET,88,2
18,SET,89,1
18,SET,93,3
18,SET,94,4
18,SET,95,2
18,SET,96,3
18,SET,97,3
18,SET,98,5
18,SET,99,5
18,SET,100,3
18,SET,101,5
18,SET,102,10
18,SET,103,8
18,SET,104,8
18,SET,105,16
18,SET,106,13
18,SET,107,10
18,SET,108,13
18,SET,109,14
18,SET,110,12
18,SET,111,20
18,SET,112,23
18,SET,113,26
18,SET,114,18
18,SET,115,17
18,SET,116,26
18,SET,117,20
18,SET,118,22
18,SET,119,22
18,SET,120,21
18,SET,121,31
18,SET,122,25
18,SET,123,26
18,SET,124,49
18,SET,125,29
18,SET,126,39
18,SET,127,35
18,SET,128,40
18,SET,129,50
18,SET,130,38
18,SET,131,36
18,SET,132,52
18,SET,133,51
18,SET,134,61
18,SET,135,33
18,SET,136,45
18,SET,137,61
18,SET,138,43
18,SET,139,43
18,SET,140,51
18,SET,141,43
18,SET,142,58
18,SET,143,42
18,SET,144,49
18,SET,145,49
18,SET,146,45
18,SET,147,49
18,SET,148,51
18,SET,149,58
18,SET,150,41
18,SET,151,48
18,SET,152,49
18,SET,153,43
18,SET,154,35
18,SET,155,39
18,SET,156,44
18,SET,157,41
18,SET,158,47
18,SET,159,36
18,SET,160,40
18,SET,161,39
18,SET,162,37
18,SET,163,31
18,SET,164,28
18,SET,165,39
18,SET,166,41
18,SET,167,27
18,SET,168,30
18,SET,169,31
18,SET,170,28
18,SET,171,28
18,SET,172,31
18,SET,173,34
18,SET,174,22
18,SET,175,24
18,SET,176,19
18,SET,177,21
18,SET,178,20
18,SET,179,23
18,SET,180,18
18,SET,181,24
18,SET,182,16
18,SET,183,21
18,SET,184,20
18,SET,185,20
18,SET,186,15
18,SET,187,15
18,SET,188,13
18,SET,189,8
18,SET,190,15
18,SET,191,10
18,SET,192,14
18,SET,193,14
18,SET,194,15
18,SET,195,16
18,SET,196,13
18,SET,197,11
18,SET,198,13
18,SET,199,18
18,SET,200,12
18,SET,201,10
18,SET,202,21
18,SET,203,11
18,SET,204,22
18,SET,205,14
18,SET,206,17
18,SET,207,18
18,SET,208,15
18,SET,209,18
18,SET,210,16
18,SET,211,21
18,SET,212,17
18,SET,213,23
18,SET,214,22
18,SET,215,21
18,SET,216,9
18,SET,217,18
18,SET,218,21
18,SET,219,17
18,SET,220,24
18,SET,221,24
18,SET,222,22
18,SET,223,28
18,SET,224,15
18,SET,225,18
18,SET,226,21
18,SET,227,30
18,SET,228,27
18,SET,229,35
18,SET,230,19
18,SET,231,23
18,SET,232,28
18,SET,233,27
18,SET,234,15
18,SET,235,29
18,SET,236,29
18,SET,237,30
18,SET,238,21
18,SET,239,27
18,SET,240,29
18,SET,241,36
18,SET,242,25
18,SET,243,27
18,SET,244,32
18,SET,245,28
18,SET,246,24
18,SET,247,32
18,SET,248,20
18,SET,249,28
18,SET,250,28
18,SET,251,34
18,SET,252,22
18,SET,253,22
18,SET,254,15
18,SET,255,27
18,SET,257,36
18,SET,259,53
18,SET,261,42
18,SET,263,31
18,SET,265,46
18,SET,267,32
18,SET,269,32
18,SET,271,36
18,SET,273,44
18,SET,275,36
18,SET,277,28
18,SET,279,41
18,SET,281,34
18,SET,283,27
18,SET,285,37
18,SET,287,43
18,SET,289,44
18,SET,291,47
18,SET,293,48
18,SET,295,59
18,SET,297,57
18,SET,299,79
18,SET,301,88
18,SET,303,102
18,SET,305,123
18,SET,307,130
18,SET,309,178
18,SET,311,234
18,SET,313,233
18,SET,315,276
18,SET,317,318
18,SET,319,361
18,SET,321,388
18,SET,323,479
18,SET,325,470
18,SET,327,609
18,SET,329,558
18,SET,331,697
18,SET,333,785
18,SET,335,745
18,SET,337,814
18,SET,339,857
18,SET,341,847
18,SET,343,914
18,SET,345,938
18,SET,347,967
18,SET,349,956
18,SET,351,974
18,SET,353,879
18,SET,355,882
18,SET,357,828
18,SET,359,789
18,SET,361,764
18,SET,363,659
18,SET,365,621
18,SET,367,607
18,SET,369,512
18,SET,371,485
18,SET,373,446
18,SET,375,411
18,SET,377,358
18,SET,379,352
18,SET,381,330
18,SET,383,259
18,SET,385,246
18,SET,387,198
18,SET,389,182
18,SET,391,200
18,SET,393,158
18,SET,395,136
18,SET,397,109
18,SET,399,108
18,SET,401,103
18,SET,403,109
18,SET,405,100
18,SET,407,71
18,SET,409,77
18,SET,411,67
18,SET,413,68
18,SET,415,56
18,SET,417,58
18,SET,419,37
18,SET,421,25
18,SET,423,32
18,SET,425,31
18,SET,427,26
18,SET,429,25
18,SET,431,35
18,SET,433,29
18,SET,435,16
18,SET,437,26
18,SET,439,11
18,SET,441,20
18,SET,443,15
18,SET,445,16
18,SET,447,12
18,SET,449,16
18,SET,451,8
18,SET,453,8
18,SET,455,10
18,SET,457,7
18,SET,459,10
18,SET,461,8
18,SET,463,4
18,SET,465,18
18,SET,467,10
18,SET,469,3
18,SET,471,1
18,SET,473,5
18,SET,475,4
18,SET,477,8
18,SET,479,6
18,SET,481,2
18,SET,483,1
18,SET,485,5
18,SET,487,2
18,SET,489,2
18,SET,491,1
18,SET,493,3
18,SET,495,4
18,SET,497,4
18,SET,499,2
18,SET,501,7
18,SET,503,3
18,SET,505,1
18,SET,507,5
18,SET,509,5
18,SET,511,4
18,SET,515,3
18,SET,519,4
18,SET,523,2
18,SET,527,3
18,SET,531,1
18,SET,535,3
18,SET,539,2
18,SET,543,1
18,SET,547,1
18,SET,551,2
18,SET,555,3
18,SET,559,3
18,SET,563,1
18,SET,571,1
18,SET,575,3
18,SET,579,3
18,SET,583,1
18,SET,587,1
18,SET,595,4
18,SET,599,2
18,SET,603,3
18,SET,607,2
18,SET,611,4
18,SET,615,2
18,SET,623,3
18,SET,627,1
18,SET,631,2
18,SET,635,1
18,SET,639,2
18,SET,643,2
18,SET,659,1
18,SET,663,2
18,SET,667,1
18,SET,687,2
18,SET,711,1
18,SET,719,2
18,SET,731,2
18,SET,735,1
18,SET,739,1
18,SET,747,1
18,SET,763,1
18,SET,799,1
18,SET,939,1
18,SET,1583,1
18,SET,1775,1
18,SET,2191,1
18,SET,2591,1
19,SET,86,2
19,SET,89,3
19,SET,90,1
19,SET,91,2
19,SET,92,4
19,SET,93,1
19,SET,94,2
19,SET,95,5
19,SET,96,3
19,SET,97,7
19,SET,98,4
19,SET,99,6
19,SET,100,3
19,SET,101,10
19,SET,102,5
19,SET,103,13
19,SET,104,11
19,SET,105,10
19,SET,106,18
19,SET,107,23
19,SET,108,12
19,SET,109,20
19,SET,110,13
19,SET,111,18
19,SET,112,24
19,SET,113,20
19,SET,114,25
19,SET,115,25
19,SET,116,28
19,SET,117,23
19,SET,118,27
19,SET,119,26
19,SET,120,28
19,SET,121,31
19,SET,122,40
19,SET,123,38
19,SET,124,35
19,SET,125,31
19,SET,126,40
19,SET,127,31
19,SET,128,45
19,SET,129,35
19,SET,130,35
19,SET,131,49
19,SET,132,43
19,SET,133,57
19,SET,134,41
19,SET,135,51
19,SET,136,48
19,SET,137,63
19,SET,138,50
19,SET,139,45
19,SET,140,42
19,SET,141,51
19,SET,142,59
19,SET,143,43
19,SET,144,42
19,SET,145,47
19,SET,146,52
19,SET,147,45
19,SET,148,41
19,SET,149,40
19,SET,150,44
19,SET,151,51
19,SET,152,50
19,SET,153,43
19,SET,154,36
19,SET,155,50
19,SET,156,36
19,SET,157,32
19,SET,158,45
19,SET,159,31
19,SET,160,38
19,SET,161,41
19,SET,162,29
19,SET,163,42
19,SET,164,37
19,SET,165,33
19,SET,166,42
19,SET,167,33
19,SET,168,38
19,SET,169,38
19,SET,170,23
19,SET,171,40
19,SET,172,29
19,SET,173,22
19,SET,174,24
19,SET,175,23
19,SET,176,25
19,SET,177,21
19,SET,178,16
19,SET,179,19
19,SET,180,16
19,SET,181,21
19,SET,182,15
19,SET,183,19
19,SET,184,22
19,SET,185,13
19,SET,186,13
19,SET,187,14
19,SET,188,21
19,SET,189,15
19,SET,190,20
19,SET,191,13
19,SET,192,18
19,SET,193,12
19,SET,194,16
19,SET,195,12
19,SET,196,12
19,SET,197,13
19,SET,198,13
19,SET,199,12
19,SET,200,9
19,SET,201,13
19,SET,202,10
19,SET,203,12
19,SET,204,12
19,SET,205,12
19,SET,206,14
19,SET,207,7
19,SET,208,14
19,SET,209,18
19,SET,210,16
19,SET,211,9
19,SET,212,13
19,SET,213,15
19,SET,214,8
19,SET,215,10
19,SET,216,13
19,SET,217,16
19,SET,218,16
19,SET,219,11
19,SET,220,8
19,SET,221,22
19,SET,222,18
19,SET,223,28
19,SET,224,23
19,SET,225,24
19,SET,226,16
19,SET,227,22
19,SET,228,26
19,SET,229,14
19,SET,230,27
19,SET,231,30
19,SET,232,29
19,SET,233,19
19,SET,234,17
19,SET,235,25
19,SET,236,29
19,SET,237,28
19,SET,238,25
19,SET,239,31
19,SET,240,28
19,SET,241,32
19,SET,242,35
19,SET,243,26
19,SET,244,24
19,SET,245,40
19,SET,246,26
19,SET,247,20
19,SET,248,26
19,SET,249,41
19,SET,250,19
19,SET,251,18
19,SET,252,28
19,SET,253,25
19,SET,254,26
19,SET,255,29
19,SET,257,37
19,SET,259,41
19,SET,261,49
19,SET,263,44
19,SET,265,34
19,SET,267,46
19,SET,269,27
19,SET,271,39
19,SET,273,54
19,SET,275,30
19,SET,277,43
19,SET,279,43
19,SET,281,40
19,SET,283,58
19,SET,285,43
19,SET,287,49
19,SET,289,42
19,SET,291,60
19,SET,293,63
19,SET,295,49
19,SET,297,82
19,SET,299,99
19,SET,301,89
19,SET,303,110
19,SET,305,132
19,SET,307,139
19,SET,309,186
19,SET,311,210
19,SET,313,239
19,SET,315,256
19,SET,317,285
19,SET,319,375
19,SET,321,361
19,SET,323,435
19,SET,325,502
19,SET,327,485
19,SET,329,614
19,SET,331,607
19,SET,333,708
19,SET,335,779
19,SET,337,829
19,SET,339,910
19,SET,341,910
19,SET,343,921
19,SET,345,947
19,SET,347,950
19,SET,349,934
19,SET,351,913
19,SET,353,923
19,SET,355,861
19,SET,357,839
19,SET,359,837
19,SET,361,738
19,SET,363,682
19,SET,365,632
19,SET,367,564
19,SET,369,547
19,SET,371,465
19,SET,373,469
19,SET,375,462
19,SET,377,389
19,SET,379,357
19,SET,381,329
19,SET,383,251
19,SET,385,229
19,SET,387,235
19,SET,389,195
19,SET,391,201
19,SET,393,168
19,SET,395,127
19,SET,397,129
19,SET,399,118
19,SET,401,110
19,SET,403,106
19,SET,405,102
19,SET,407,61
19,SET,409,71
19,SET,411,67
19,SET,413,64
19,SET,415,50
19,SET,417,35
19,SET,419,47
19,SET,421,42
19,SET,423,29
19,SET,425,29
19,SET,427,31
19,SET,429,16
19,SET,431,25
19,SET,433,19
19,SET,435,21
19,SET,437,27
19,SET,439,12
19,SET,441,20
19,SET,443,17
19,SET,445,19
19,SET,447,12
19,SET,449,8
19,SET,451,15
19,SET,453,10
19,SET,455,6
19,SET,457,11
19,SET,459,13
19,SET,461,9
19,SET,463,6
19,SET,465,13
19,SET,467,10
19,SET,469,6
19,SET,471,11
19,SET,473,5
19,SET,475,5
19,SET,477,4
19,SET,479,5
19,SET,481,3
19,SET,483,10
19,SET,485,4
19,SET,487,2
19,SET,489,4
19,SET,491,2
19,SET,493,4
19,SET,495,1
19,SET,497,4
19,SET,499,5
19,SET,501,6
19,SET,503,3
19,SET,505,4
19,SET,507,8
19,SET,509,2
19,SET,511,3
19,SET,515,1
19,SET,519,1
19,SET,523,4
19,SET,527,2
19,SET,531,1
19,SET,535,2
19,SET,539,3
19,SET,543,1
19,SET,547,3
19,SET,551,1
19,SET,555,2
19,SET,559,2
19,SET,563,1
19,SET,567,2
19,SET,579,2
19,SET,583,2
19,SET,587,1
19,SET,591,1
19,SET,595,1
19,SET,599,2
19,SET,603,3
19,SET,607,1
19,SET,611,1
19,SET,615,2
19,SET,619,3
19,SET,627,1
19,SET,631,1
19,SET,635,1
19,SET,647,2
19,SET,659,2
19,SET,671,1
19,SET,675,1
19,SET,687,1
19,SET,695,1
19,SET,731,1
19,SET,739,1
19,SET,755,1
19,SET,763,1
19,SET,779,1
19,SET,783,1
19,SET,795,1
19,SET,819,1
19,SET,915,1
19,SET,1735,1
19,SET,1887,1
19,SET,1895,1
19,SET,2287,1
19,GET,79,2
19,GET,81,3
19,GET,82,1
19,GET,83,3
19,GET,84,4
19,GET,85,6
19,GET,86,9
19,GET,87,10
19,GET,88,15
19,GET,89,18
19,GET,90,24
19,GET,91,25
19,GET,92,33
19,GET,93,48
19,GET,94,45
19,GET,95,59
19,GET,96,67
19,GET,97,82
19,GET,98,74
19,GET,99,103
19,GET,100,112
19,GET,101,99
19,GET,102,134
19,GET,103,165
19,GET,104,164
19,GET,105,171
19,GET,106,204
19,GET,107,223
19,GET,108,230
19,GET,109,253
19,GET,110,286
19,GET,111,244
19,GET,112,319
19,GET,113,323
19,GET,114,352
19,GET,115,318
19,GET,116,359
19,GET,117,425
19,GET,118,446
19,GET,119,426
19,GET,120,472
19,GET,121,449
19,GET,122,513
19,GET,123,515
19,GET,124,591
19,GET,125,601
19,GET,126,594
19,GET,127,577
19,GET,128,568
19,GET,129,618
19,GET,130,630
19,GET,131,609
19,GET,132,680
19,GET,133,678
19,GET,134,716
19,GET,135,660
19,GET,136,704
19,GET,137,709
19,GET,138,706
19,GET,139,701
19,GET,140,736
19,GET,141,708
19,GET,142,683
19,GET,143,678
19,GET,144,700
19,GET,145,687
19,GET,146,689
19,GET,147,680
19,GET,148,674
19,GET,149,687
19,GET,150,674
19,GET,151,639
19,GET,152,649
19,GET,153,673
19,GET,154,632
19,GET,155,624
19,GET,156,604
19,GET,157,614
19,GET,158,548
19,GET,159,544
19,GET,160,556
19,GET,161,535
19,GET,162,493
19,GET,163,532
19,GET,164,471
19,GET,165,480
19,GET,166,460
19,GET,167,434
19,GET,168,434
19,GET,169,413
19,GET,170,424
19,GET,171,378
19,GET,172,379
19,GET,173,317
19,GET,174,366
19,GET,175,330
19,GET,176,343
19,GET,177,328
19,GET,178,278
19,GET,179,304
19,GET,180,285
19,GET,181,262
19,GET,182,261
19,GET,183,254
19,GET,184,224
19,GET,185,244
19,GET,186,226
19,GET,187,230
19,GET,188,199
19,GET,189,220
19,GET,190,219
19,GET,191,214
19,GET,192,193
19,GET,193,200
19,GET,194,218
19,GET,195,183
19,GET,196,199
19,GET,197,186
19,GET,198,181
19,GET,199,189
19,GET,200,180
19,GET,201,204
19,GET,202,168
19,GET,203,207
19,GET,204,210
19,GET,205,183
19,GET,206,196
19,GET,207,208
19,GET,208,218
19,GET,209,222
19,GET,210,222
19,GET,211,214
19,GET,212,217
19,GET,213,238
19,GET,214,215
19,GET,215,241
19,GET,216,263
19,GET,217,266
19,GET,218,261
19,GET,219,267
19,GET,220,277
19,GET,221,302
19,GET,222,290
19,GET,223,300
19,GET,224,313
19,GET,225,310
19,GET,226,312
19,GET,227,338
19,GET,228,320
19,GET,229,373
19,GET,230,351
19,GET,231,346
19,GET,232,366
19,GET,233,362
19,GET,234,369
19,GET,235,385
19,GET,236,365
19,GET,237,372
19,GET,238,427
19,GET,239,376
19,GET,240,397
19,GET,241,385
19,GET,242,409
19,GET,243,398
19,GET,244,420
19,GET,245,405
19,GET,246,362
19,GET,247,378
19,GET,248,369
19,GET,249,370
19,GET,250,377
19,GET,251,332
19,GET,252,336
19,GET,253,314
19,GET,254,347
19,GET,255,328
19,GET,257,639
19,GET,259,640
19,GET,261,610
19,GET,263,586
19,GET,265,576
19,GET,267,542
19,GET,269,561
19,GET,271,499
19,GET,273,515
19,GET,275,533
19,GET,277,559
19,GET,279,513
19,GET,281,575
19,GET,283,538
19,GET,285,604
19,GET,287,618
19,GET,289,673
19,GET,291,766
19,GET,293,821
19,GET,295,900
19,GET,297,1091
19,GET,299,1188
19,GET,301,1456
19,GET,303,1584
19,GET,305,1913
19,GET,307,2222
19,GET,309,2561
19,GET,311,2821
19,GET,313,3349
19,GET,315,3933
19,GET,317,4451
19,GET,319,5145
19,GET,321,5638
19,GET,323,6724
19,GET,325,7396
19,GET,327,8060
19,GET,329,8873
19,GET,331,9739
19,GET,333,10543
19,GET,335,11273
19,GET,337,11876
19,GET,339,12437
19,GET,341,12820
19,GET,343,13071
19,GET,345,13288
19,GET,347,13325
19,GET,349,13019
19,GET,351,12927
19,GET,353,12270
19,GET,355,12072
19,GET,357,11438
19,GET,359,10836
19,GET,361,10254
19,GET,363,9494
19,GET,365,8767
19,GET,367,7924
19,GET,369,7218
19,GET,371,6587
19,GET,373,6103
19,GET,375,5488
19,GET,377,5013
19,GET,379,4454
19,GET,381,4011
19,GET,383,3590
19,GET,385,3129
19,GET,387,2896
19,GET,389,2677
19,GET,391,2334
19,GET,393,2077
19,GET,395,1893
19,GET,397,1665
19,GET,399,1470
19,GET,401,1340
19,GET,403,1275
19,GET,405,1126
19,GET,407,1009
19,GET,409,918
19,GET,411,815
19,GET,413,753
19,GET,415,727
19,GET,417,620
19,GET,419,576
19,GET,421,555
19,GET,423,499
19,GET,425,451
19,GET,427,451
19,GET,429,405
19,GET,431,356
19,GET,433,324
19,GET,435,313
19,GET,437,265
19,GET,439,237
19,GET,441,258
19,GET,443,233
19,GET,445,202
19,GET,447,184
19,GET,449,164
19,GET,451,164
19,GET,453,160
19,GET,455,169
19,GET,457,141
19,GET,459,114
19,GET,461,107
19,GET,463,131
19,GET,465,110
19,GET,467,105
19,GET,469,92
19,GET,471,77
19,GET,473,91
19,GET,475,68
19,GET,477,67
19,GET,479,64
19,GET,481,73
19,GET,483,57
19,GET,485,59
19,GET,487,41
19,GET,489,35
19,GET,491,46
19,GET,493,48
19,GET,495,35
19,GET,497,39
19,GET,499,35
19,GET,501,33
19,GET,503,37
19,GET,505,31
19,GET,507,31
19,GET,509,37
19,GET,511,32
19,GET,515,51
19,GET,519,60
19,GET,523,41
19,GET,527,43
19,GET,531,30
19,GET,535,32
19,GET,539,27
19,GET,543,29
19,GET,547,29
19,GET,551,26
19,GET,555,31
19,GET,559,24
19,GET,563,20
19,GET,567,17
19,GET,571,20
19,GET,575,24
19,GET,579,18
19,GET,583,15
19,GET,587,13
19,GET,591,19
19,GET,595,28
19,GET,599,11
19,GET,603,15
19,GET,607,18
19,GET,611,18
19,GET,615,20
19,GET,619,16
19,GET,623,13
19,GET,627,15
19,GET,631,23
19,GET,635,20
19,GET,639,17
19,GET,643,9
19,GET,647,13
19,GET,651,13
19,GET,655,14
19,GET,659,11
19,GET,663,5
19,GET,667,10
19,GET,671,7
19,GET,675,7
19,GET,679,8
19,GET,683,4
19,GET,687,4
19,GET,691,8
19,GET,695,5
19,GET,699,8
19,GET,703,7
19,GET,707,5
19,GET,711,6
19,GET,715,4
19,GET,719,6
19,GET,723,5
19,GET,727,5
19,GET,731,8
19,GET,735,2
19,GET,739,9
19,GET,743,4
19,GET,747,4
19,GET,751,6
19,GET,755,3
19,GET,759,8
19,GET,763,4
19,GET,767,5
19,GET,771,4
19,GET,775,4
19,GET,779,6
19,GET,787,1
19,GET,791,1
19,GET,795,1
19,GET,807,2
19,GET,811,2
19,GET,815,1
19,GET,831,2
19,GET,855,2
19,GET,859,1
19,GET,871,1
19,GET,887,1
19,GET,907,1
19,GET,911,1
19,GET,923,1
19,GET,955,1
19,GET,1055,1
19,GET,1071,1
19,GET,1095,1
19,GET,1391,2
19,GET,1463,1
19,GET,1495,1
19,GET,1503,2
19,GET,1527,1
19,GET,1535,1
19,GET,1543,1
19,GET,1567,1
19,GET,1591,2
19,GET,1599,1
19,GET,1615,2
19,GET,1639,1
19,GET,1647,1
19,GET,1655,1
19,GET,1671,1
19,GET,1679,3
19,GET,1687,3
19,GET,1703,1
19,GET,1719,3
19,GET,1727,4
19,GET,1759,1
19,GET,1767,1
19,GET,1783,1
19,GET,1799,1
19,GET,1839,2
19,GET,1855,1
19,GET,1879,1
19,GET,1895,1
19,GET,1903,2
19,GET,1951,2
19,GET,1975,1
19,GET,2023,1
19,GET,2031,1
19,GET,2039,1
19,GET,2111,1
19,GET,2143,1
19,GET,2239,1
19,GET,2287,1
19,GET,2367,1
19,GET,2415,2
19,GET,2431,1
19,GET,2495,1
19,GET,2511,1
19,GET,2559,1
19,GET,2607,1
19,GET,3199,1
19,GET,3311,1
19,DEL,82,2
19,DEL,83,3
19,DEL,84,1
19,DEL,85,2
19,DEL,86,5
19,DEL,87,8
19,DEL,88,4
19,DEL,89,2
19,DEL,90,5
19,DEL,91,9
19,DEL,92,10
19,DEL,93,11
19,DEL,94,20
19,DEL,95,26
19,DEL,96,19
19,DEL,97,20
19,DEL,98,30
19,DEL,99,39
19,DEL,100,40
19,DEL,101,57
19,DEL,102,54
19,DEL,103,57
19,DEL,104,58
19,DEL,105,65
19,DEL,106,79
19,DEL,107,77
19,DEL,108,73
19,DEL,109,79
19,DEL,110,80
19,DEL,111,110
19,DEL,112,122
19,DEL,113,123
19,DEL,114,114
19,DEL,115,96
19,DEL,116,143
19,DEL,117,139
19,DEL,118,166
19,DEL,119,137
19,DEL,120,179
19,DEL,121,165
19,DEL,122,169
19,DEL,123,188
19,DEL,124,211
19,DEL,125,202
19,DEL,126,213
19,DEL,127,215
19,DEL,128,218
19,DEL,129,213
19,DEL,130,201
19,DEL,131,271
19,DEL,132,238
19,DEL,133,221
19,DEL,134,248
19,DEL,135,238
19,DEL,136,257
19,DEL,137,261
19,DEL,138,265
19,DEL,139,257
19,DEL,140,265
19,DEL,141,251
19,DEL,142,254
19,DEL,143,240
19,DEL,144,240
19,DEL,145,272
19,DEL,146,242
19,DEL,147,271
19,DEL,148,233
19,DEL,149,238
19,DEL,150,221
19,DEL,151,222
19,DEL,152,233
19,DEL,153,220
19,DEL,154,218
19,DEL,155,240
19,DEL,156,208
19,DEL,157,215
19,DEL,158,221
19,DEL,159,199
19,DEL,160,201
19,DEL,161,193
19,DEL,162,192
19,DEL,163,165
19,DEL,164,195
19,DEL,165,181
19,DEL,166,146
19,DEL,167,170
19,DEL,168,134
19,DEL,169,134
19,DEL,170,143
19,DEL,171,136
19,DEL,172,138
19,DEL,173,133
19,DEL,174,112
19,DEL,175,129
19,DEL,176,119
19,DEL,177,105
19,DEL,178,93
19,DEL,179,90
19,DEL,180,95
19,DEL,181,90
19,DEL,182,92
19,DEL,183,102
19,DEL,184,99
19,DEL,185,81
19,DEL,186,77
19,DEL,187,68
19,DEL,188,73
19,DEL,189,85
19,DEL,190,84
19,DEL,191,59
19,DEL,192,68
19,DEL,193,63
19,DEL,194,71
19,DEL,195,55
19,DEL,196,65
19,DEL,197,61
19,DEL,198,47
19,DEL,199,78
19,DEL,200,63
19,DEL,201,59
19,DEL,202,74
19,DEL,203,62
19,DEL,204,68
19,DEL,205,68
19,DEL,206,90
19,DEL,207,81
19,DEL,208,50
19,DEL,209,78
19,DEL,210,75
19,DEL,211,58
19,DEL,212,64
19,DEL,213,80
19,DEL,214,92
19,DEL,215,111
19,DEL,216,75
19,DEL,217,78
19,DEL,218,95
19,DEL,219,98
19,DEL,220,99
19,DEL,221,104
19,DEL,222,111
19,DEL,223,99
19,DEL,224,126
19,DEL,225,123
19,DEL,226,115
19,DEL,227,103
19,DEL,228,120
19,DEL,229,114
19,DEL,230,123
19,DEL,231,151
19,DEL,232,124
19,DEL,233,122
19,DEL,234,126
19,DEL,235,128
19,DEL,236,129
19,DEL,237,141
19,DEL,238,163
19,DEL,239,141
19,DEL,240,121
19,DEL,241,147
19,DEL,242,127
19,DEL,243,143
19,DEL,244,124
19,DEL,245,143
19,DEL,246,132
19,DEL,247,130
19,DEL,248,144
19,DEL,249,135
19,DEL,250,116
19,DEL,251,127
19,DEL,252,104
19,DEL,253,140
19,DEL,254,130
19,DEL,255,118
19,DEL,257,251
19,DEL,259,213
19,DEL,261,209
19,DEL,263,224
19,DEL,265,196
19,DEL,267,195
19,DEL,269,212
19,DEL,271,210
19,DEL,273,191
19,DEL,275,192
19,DEL,277,185
19,DEL,279,207
19,DEL,281,196
19,DEL,283,221
19,DEL,285,235
19,DEL,287,223
19,DEL,289,229
19,DEL,291,285
19,DEL,293,328
19,DEL,295,297
19,DEL,297,377
19,DEL,299,406
19,DEL,301,496
19,DEL,303,610
19,DEL,305,666
19,DEL,307,788
19,DEL,309,916
19,DEL,311,1038
19,DEL,313,1231
19,DEL,315,1407
19,DEL,317,1546
19,DEL,319,1844
19,DEL,321,2070
19,DEL,323,2328
19,DEL,325,2569
19,DEL,327,2956
19,DEL,329,3172
19,DEL,331,3493
19,DEL,333,3763
19,DEL,335,4007
19,DEL,337,4222
19,DEL,339,4543
19,DEL,341,4545
19,DEL,343,4687
19,DEL,345,4727
19,DEL,347,4787
19,DEL,349,4707
19,DEL,351,4644
19,DEL,353,4468
19,DEL,355,4400
19,DEL,357,4064
19,DEL,359,3885
19,DEL,361,3689
19,DEL,363,3428
19,DEL,365,3019
19,DEL,367,2829
19,DEL,369,2589
19,DEL,371,2410
19,DEL,373,2267
19,DEL,375,1962
19,DEL,377,1833
19,DEL,379,1559
19,DEL,381,1442
19,DEL,383,1347
19,DEL,385,1223
19,DEL,387,985
19,DEL,389,932
19,DEL,391,833
19,DEL,393,710
19,DEL,395,672
19,DEL,397,604
19,DEL,399,525
19,DEL,401,497
19,DEL,403,432
19,DEL,405,406
19,DEL,407,371
19,DEL,409,325
19,DEL,411,273
19,DEL,413,286
19,DEL,415,258
19,DEL,417,193
19,DEL,419,195
19,DEL,421,197
19,DEL,423,162
19,DEL,425,151
19,DEL,427,143
19,DEL,429,146
19,DEL,431,125
19,DEL,433,120
19,DEL,435,113
19,DEL,437,104
19,DEL,439,89
19,DEL,441,83
19,DEL,443,82
19,DEL,445,65
19,DEL,447,83
19,DEL,449,61
19,DEL,451,52
19,DEL,453,59
19,DEL,455,56
19,DEL,457,52
19,DEL,459,42
19,DEL,461,47
19,DEL,463,31
19,DEL,465,44
19,DEL,467,23
19,DEL,469,47
19,DEL,471,32
19,DEL,473,27
19,DEL,475,29
19,DEL,477,27
19,DEL,479,38
19,DEL,481,26
19,DEL,483,19
19,DEL,485,21
19,DEL,487,19
19,DEL,489,27
19,DEL,491,19
19,DEL,493,17
19,DEL,495,18
19,DEL,497,7
19,DEL,499,22
19,DEL,501,8
19,DEL,503,9
19,DEL,505,18
19,DEL,507,14
19,DEL,509,7
19,DEL,511,5
19,DEL,515,17
19,DEL,519,15
19,DEL,523,15
19,DEL,527,12
19,DEL,531,9
19,DEL,535,8
19,DEL,539,6
19,DEL,543,7
19,DEL,547,12
19,DEL,551,7
19,DEL,555,6
19,DEL,559,8
19,DEL,563,9
19,DEL,567,15
19,DEL,571,3
19,DEL,575,7
19,DEL,579,9
19,DEL,583,7
19,DEL,587,3
19,DEL,591,5
19,DEL,595,6
19,DEL,599,11
19,DEL,603,4
19,DEL,607,7
19,DEL,611,7
19,DEL,615,5
19,DEL,619,4
19,DEL,623,4
19,DEL,627,7
19,DEL,631,2
19,DEL,635,7
19,DEL,639,6
19,DEL,643,2
19,DEL,647,3
19,DEL,651,3
19,DEL,655,4
19,DEL,659,1
19,DEL,663,5
19,DEL,675,1
19,DEL,679,1
19,DEL,683,1
19,DEL,687,3
19,DEL,691,3
19,DEL,695,1
19,DEL,699,2
19,DEL,703,1
19,DEL,707,6
19,DEL,711,2
19,DEL,719,2
19,DEL,723,2
19,DEL,727,3
19,DEL,731,5
19,DEL,735,3
19,DEL,739,2
19,DEL,743,3
19,DEL,747,2
19,DEL,751,1
19,DEL,755,2
19,DEL,759,2
19,DEL,763,2
19,DEL,771,1
19,DEL,775,3
19,DEL,779,1
19,DEL,783,2
19,DEL,787,1
19,DEL,791,1
19,DEL,795,1
19,DEL,807,2
19,DEL,819,1
19,DEL,827,1
19,DEL,843,2
19,DEL,851,1
19,DEL,855,1
19,DEL,859,1
19,DEL,875,1
19,DEL,959,1
19,DEL,967,1
19,DEL,987,1
19,DEL,1175,1
19,DEL,1255,1
19,DEL,1423,1
19,DEL,1583,1
19,DEL,1639,1
19,DEL,1647,1
19,DEL,1655,1
19,DEL,1687,2
19,DEL,1695,1
19,DEL,1703,2
19,DEL,1719,1
19,DEL,1727,1
19,DEL,1751,1
19,DEL,1887,1
19,DEL,1895,1
19,DEL,1959,1
19,DEL,2031,1
19,DEL,2095,1
19,DEL,2111,1
19,DEL,2191,1
19,DEL,2367,1
19,DEL,2415,1
19,DEL,2431,1
19,DEL,5695,1
20,SET,89,3
20,SET,90,2
20,SET,91,2
20,SET,93,1
20,SET,94,3
20,SET,95,5
20,SET,96,5
20,SET,97,2
20,SET,98,3
20,SET,99,2
20,SET,100,7
20,SET,101,2
20,SET,102,13
20,SET,103,9
20,SET,104,15
20,SET,105,16
20,SET,106,12
20,SET,107,11
20,SET,108,13
20,SET,109,16
20,SET,110,22
20,SET,111,23
20,SET,112,13
20,SET,113,16
20,SET,114,24
20,SET,115,23
20,SET,116,26
20,SET,117,32
20,SET,118,31
20,SET,119,37
20,SET,120,36
20,SET,121,32
20,SET,122,33
20,SET,123,36
20,SET,124,30
20,SET,125,49
20,SET,126,30
20,SET,127,44
20,SET,128,36
20,SET,129,44
20,SET,130,51
20,SET,131,53
20,SET,132,37
20,SET,133,49
20,SET,134,48
20,SET,135,59
20,SET,136,60
20,SET,137,39
20,SET,138,50
20,SET,139,53
20,SET,140,40
20,SET,141,65
20,SET,142,46
20,SET,143,40
20,SET,144,47
20,SET,145,55
20,SET,146,60
20,SET,147,44
20,SET,148,43
20,SET,149,46
20,SET,150,51
20,SET,151,66
20,SET,152,43
20,SET,153,43
20,SET,154,47
20,SET,155,50
20,SET,156,42
20,SET,157,50
20,SET,158,49
20,SET,159,45
20,SET,160,51
20,SET,161,45
20,SET,162,30
20,SET,163,30
20,SET,164,37
20,SET,165,27
20,SET,166,30
20,SET,167,28
20,SET,168,37
20,SET,169,30
20,SET,170,22
20,SET,171,29
20,SET,172,26
20,SET,173,27
20,SET,174,29
20,SET,175,23
20,SET,176,25
20,SET,177,19
20,SET,178,22
20,SET,179,22
20,SET,180,20
20,SET,181,17
20,SET,182,22
20,SET,183,20
20,SET,184,19
20,SET,185,12
20,SET,186,13
20,SET,187,12
20,SET,188,9
20,SET,189,20
20,SET,190,15
20,SET,191,18
20,SET,192,8
20,SET,193,15
20,SET,194,12
20,SET,195,14
20,SET,196,8
20,SET,197,25
20,SET,198,15
20,SET,199,12
20,SET,200,6
20,SET,201,11
20,SET,202,19
20,SET,203,18
20,SET,204,12
20,SET,205,16
20,SET,206,11
20,SET,207,9
20,SET,208,18
20,SET,209,16
20,SET,210,14
20,SET,211,18
20,SET,212,23
20,SET,213,16
20,SET,214,20
20,SET,215,20
20,SET,216,22
20,SET,217,24
20,SET,218,28
20,SET,219,25
20,SET,220,24
20,SET,221,21
20,SET,222,25
20,SET,223,21
20,SET,224,22
20,SET,225,25
20,SET,226,20
20,SET,227,34
20,SET,228,24
20,SET,229,30
20,SET,230,27
20,SET,231,27
20,SET,232,31
20,SET,233,35
20,SET,234,28
20,SET,235,24
20,SET,236,30
20,SET,237,26
20,SET,238,25
20,SET,239,33
20,SET,240,33
20,SET,241,26
20,SET,242,26
20,SET,243,37
20,SET,244,31
20,SET,245,17
20,SET,246,25
20,SET,247,20
20,SET,248,33
20,SET,249,22
20,SET,250,30
20,SET,251,28
20,SET,252,21
20,SET,253,29
20,SET,254,17
20,SET,255,38
20,SET,257,49
20,SET,259,41
20,SET,261,32
20,SET,263,39
20,SET,265,43
20,SET,267,36
20,SET,269,25
20,SET,271,34
20,SET,273,34
20,SET,275,40
20,SET,277,33
20,SET,279,23
20,SET,281,36
20,SET,283,37
20,SET,285,39
20,SET,287,27
20,SET,289,48
20,SET,291,44
20,SET,293,60
20,SET,295,55
20,SET,297,75
20,SET,299,64
20,SET,301,82
20,SET,303,113
20,SET,305,111
20,SET,307,144
20,SET,309,172
20,SET,311,177
20,SET,313,229
20,SET,315,240
20,SET,317,329
20,SET,319,342
20,SET,321,408
20,SET,323,445
20,SET,325,528
20,SET,327,538
20,SET,329,604
20,SET,331,655
20,SET,333,770
20,SET,335,766
20,SET,337,851
20,SET,339,930
20,SET,341,936
20,SET,343,974
20,SET,345,947
20,SET,347,1014
20,SET,349,928
20,SET,351,928
20,SET,353,911
20,SET,355,927
20,SET,357,849
20,SET,359,829
20,SET,361,699
20,SET,363,719
20,SET,365,647
20,SET,367,583
20,SET,369,528
20,SET,371,483
20,SET,373,439
20,SET,375,398
20,SET,377,337
20,SET,379,339
20,SET,381,311
20,SET,383,262
20,SET,385,229
20,SET,387,216
20,SET,389,199
20,SET,391,164
20,SET,393,146
20,SET,395,124
20,SET,397,127
20,SET,399,136
20,SET,401,95
20,SET,403,87
20,SET,405,83
20,SET,407,91
20,SET,409,66
20,SET,411,49
20,SET,413,65
20,SET,415,41
20,SET,417,52
20,SET,419,40
20,SET,421,39
20,SET,423,44
20,SET,425,30
20,SET,427,33
20,SET,429,23
20,SET,431,34
20,SET,433,20
20,SET,435,24
20,SET,437,22
20,SET,439,22
20,SET,441,18
20,SET,443,17
20,SET,445,19
20,SET,447,19
20,SET,449,17
20,SET,451,9
20,SET,453,12
20,SET,455,9
20,SET,457,9
20,SET,459,10
20,SET,461,15
20,SET,463,7
20,SET,465,6
20,SET,467,8
20,SET,469,4
20,SET,471,7
20,SET,473,2
20,SET,475,7
20,SET,477,3
20,SET,479,10
20,SET,481,6
20,SET,485,9
20,SET,487,9
20,SET,491,4
20,SET,493,3
20,SET,495,3
20,SET,497,2
20,SET,499,2
20,SET,501,3
20,SET,503,2
20,SET,507,1
20,SET,509,6
20,SET,515,4
20,SET,519,1
20,SET,523,4
20,SET,527,4
20,SET,531,3
20,SET,535,3
20,SET,539,4
20,SET,543,2
20,SET,547,2
20,SET,551,1
20,SET,555,1
20,SET,559,2
20,SET,563,2
20,SET,567,1
20,SET,571,3
20,SET,579,3
20,SET,583,2
20,SET,587,3
20,SET,591,1
20,SET,599,2
20,SET,607,2
20,SET,611,3
20,SET,623,3
20,SET,627,1
20,SET,631,1
20,SET,639,1
20,SET,643,1
20,SET,651,1
20,SET,655,1
20,SET,663,2
20,SET,667,1
20,SET,671,2
20,SET,687,1
20,SET,699,1
20,SET,711,2
20,SET,723,2
20,SET,755,1
20,SET,799,1
20,SET,811,1
20,SET,823,1
20,GET,78,1
20,GET,79,3
20,GET,80,1
20,GET,81,2
20,GET,82,5
20,GET,83,9
20,GET,84,11
20,GET,85,15
20,GET,86,12
20,GET,87,16
20,GET,88,20
20,GET,89,26
20,GET,90,32
20,GET,91,31
20,GET,92,35
20,GET,93,44
20,GET,94,53
20,GET,95,57
20,GET,96,75
20,GET,97,83
20,GET,98,88
20,GET,99,95
20,GET,100,110
20,GET,101,112
20,GET,102,111
20,GET,103,154
20,GET,104,152
20,GET,105,176
20,GET,106,211
20,GET,107,211
20,GET,108,238
20,GET,109,245
20,GET,110,294
20,GET,111,287
20,GET,112,310
20,GET,113,344
20,GET,114,389
20,GET,115,346
20,GET,116,394
20,GET,117,431
20,GET,118,430
20,GET,119,438
20,GET,120,499
20,GET,121,510
20,GET,122,519
20,GET,123,512
20,GET,124,556
20,GET,125,560
20,GET,126,576
20,GET,127,558
20,GET,128,611
20,GET,129,674
20,GET,130,669
20,GET,131,658
20,GET,132,656
20,GET,133,708
20,GET,134,676
20,GET,135,710
20,GET,136,713
20,GET,137,690
20,GET,138,714
20,GET,139,731
20,GET,140,721
20,GET,141,727
20,GET,142,697
20,GET,143,677
20,GET,144,703
20,GET,145,713
20,GET,146,727
20,GET,147,698
20,GET,148,682
20,GET,149,706
20,GET,150,678
20,GET,151,699
20,GET,152,626
20,GET,153,652
20,GET,154,620
20,GET,155,589
20,GET,156,594
20,GET,157,621
20,GET,158,573
20,GET,159,572
20,GET,160,533
20,GET,161,472
20,GET,162,518
20,GET,163,517
20,GET,164,486
20,GET,165,442
20,GET,166,422
20,GET,167,428
20,GET,168,423
20,GET,169,421
20,GET,170,397
20,GET,171,370
20,GET,172,329
20,GET,173,332
20,GET,174,300
20,GET,175,289
20,GET,176,296
20,GET,177,248
20,GET,178,272
20,GET,179,258
20,GET,180,276
20,GET,181,255
20,GET,182,247
20,GET,183,226
20,GET,184,213
20,GET,185,214
20,GET,186,218
20,GET,187,188
20,GET,188,189
20,GET,189,205
20,GET,190,180
20,GET,191,214
20,GET,192,199
20,GET,193,177
20,GET,194,196
20,GET,195,182
20,GET,196,192
20,GET,197,190
20,GET,198,204
20,GET,199,168
20,GET,200,213
20,GET,201,208
20,GET,202,202
20,GET,203,188
20,GET,204,206
20,GET,205,213
20,GET,206,180
20,GET,207,214
20,GET,208,243
20,GET,209,235
20,GET,210,223
20,GET,211,236
20,GET,212,237
20,GET,213,260
20,GET,214,276
20,GET,215,288
20,GET,216,315
20,GET,217,316
20,GET,218,273
20,GET,219,319
20,GET,220,296
20,GET,221,285
20,GET,222,330
20,GET,223,320
20,GET,224,363
20,GET,225,360
20,GET,226,371
20,GET,227,368
20,GET,228,357
20,GET,229,382
20,GET,230,369
20,GET,231,393
20,GET,232,403
20,GET,233,391
20,GET,234,416
20,GET,235,410
20,GET,236,394
20,GET,237,384
20,GET,238,379
20,GET,239,404
20,GET,240,394
20,GET,241,428
20,GET,242,399
20,GET,243,450
20,GET,244,367
20,GET,245,356
20,GET,246,370
20,GET,247,371
20,GET,248,322
20,GET,249,331
20,GET,250,348
20,GET,251,377
20,GET,252,355
20,GET,253,337
20,GET,254,296
20,GET,255,332
20,GET,257,642
20,GET,259,590
20,GET,261,559
20,GET,263,561
20,GET,265,531
20,GET,267,491
20,GET,269,523
20,GET,271,478
20,GET,273,503
20,GET,275,483
20,GET,277,504
20,GET,279,481
20,GET,281,510
20,GET,283,507
20,GET,285,477
20,GET,287,563
20,GET,289,622
20,GET,291,683
20,GET,293,746
20,GET,295,841
20,GET,297,939
20,GET,299,1160
20,GET,301,1334
20,GET,303,1575
20,GET,305,1851
20,GET,307,2200
20,GET,309,2594
20,GET,311,2906
20,GET,313,3574
20,GET,315,4095
20,GET,317,4680
20,GET,319,5318
20,GET,321,5853
20,GET,323,6768
20,GET,325,7568
20,GET,327,8351
20,GET,329,8990
20,GET,331,9596
20,GET,333,10592
20,GET,335,11380
20,GET,337,11950
20,GET,339,12432
20,GET,341,12918
20,GET,343,13327
20,GET,345,13451
20,GET,347,13286
20,GET,349,13289
20,GET,351,12931
20,GET,353,12616
20,GET,355,12043
20,GET,357,11379
20,GET,359,10531
20,GET,361,9936
20,GET,363,9371
20,GET,365,8574
20,GET,367,7880
20,GET,369,7311
20,GET,371,6699
20,GET,373,5933
20,GET,375,5382
20,GET,377,4797
20,GET,379,4293
20,GET,381,3854
20,GET,383,3446
20,GET,385,3207
20,GET,387,2787
20,GET,389,2535
20,GET,391,2233
20,GET,393,2076
20,GET,395,1853
20,GET,397,1624
20,GET,399,1443
20,GET,401,1348
20,GET,403,1323
20,GET,405,1195
20,GET,407,1061
20,GET,409,940
20,GET,411,818
20,GET,413,776
20,GET,415,746
20,GET,417,621
20,GET,419,613
20,GET,421,546
20,GET,423,492
20,GET,425,415
20,GET,427,441
20,GET,429,374
20,GET,431,324
20,GET,433,359
20,GET,435,279
20,GET,437,265
20,GET,439,278
20,GET,441,274
20,GET,443,237
20,GET,445,226
20,GET,447,182
20,GET,449,187
20,GET,451,166
20,GET,453,165
20,GET,455,149
20,GET,457,150
20,GET,459,116
20,GET,461,118
20,GET,463,107
20,GET,465,112
20,GET,467,85
20,GET,469,87
20,GET,471,84
20,GET,473,70
20,GET,475,76
20,GET,477,68
20,GET,479,68
20,GET,481,57
20,GET,483,61
20,GET,485,61
20,GET,487,46
20,GET,489,53
20,GET,491,48
20,GET,493,41
20,GET,495,45
20,GET,497,36
20,GET,499,39
20,GET,501,25
20,GET,503,37
20,GET,505,48
20,GET,507,32
20,GET,509,28
20,GET,511,22
20,GET,515,37
20,GET,519,37
20,GET,523,41
20,GET,527,21
20,GET,531,30
20,GET,535,44
20,GET,539,26
20,GET,543,28
20,GET,547,18
20,GET,551,30
20,GET,555,28
20,GET,559,26
20,GET,563,22
20,GET,567,21
20,GET,571,19
20,GET,575,24
20,GET,579,20
20,GET,583,21
20,GET,587,33
20,GET,591,31
20,GET,595,24
20,GET,599,15
20,GET,603,12
20,GET,607,14
20,GET,611,12
20,GET,615,14
20,GET,619,9
20,GET,623,16
20,GET,627,17
20,GET,631,9
20,GET,635,13
20,GET,639,12
20,GET,643,7
20,GET,647,6
20,GET,651,4
20,GET,655,5
20,GET,659,5
20,GET,663,12
20,GET,667,8
20,GET,671,7
20,GET,675,9
20,GET,679,10
20,GET,683,6
20,GET,687,7
20,GET,691,3
20,GET,695,3
20,GET,699,3
20,GET,703,3
20,GET,707,3
20,GET,711,2
20,GET,715,7
20,GET,719,3
20,GET,723,5
20,GET,727,5
20,GET,731,7
20,GET,735,6
20,GET,739,5
20,GET,743,10
20,GET,747,7
20,GET,751,7
20,GET,755,1
20,GET,759,4
20,GET,763,2
20,GET,767,2
20,GET,771,2
20,GET,775,1
20,GET,779,4
20,GET,783,1
20,GET,791,1
20,GET,795,1
20,GET,799,3
20,GET,803,1
20,GET,807,1
20,GET,815,1
20,GET,819,1
20,GET,823,3
20,GET,831,4
20,GET,835,2
20,GET,839,2
20,GET,843,3
20,GET,855,2
20,GET,859,1
20,GET,887,1
20,GET,899,1
20,GET,911,1
20,GET,915,1
20,GET,923,1
20,GET,947,1
20,GET,959,1
20,GET,975,1
20,GET,1087,1
20,GET,1239,1
20,GET,1247,1
20,GET,1407,1
20,GET,1415,1
20,GET,1423,1
20,GET,1447,1
20,GET,1463,1
20,GET,1479,1
20,GET,1487,1
20,GET,1503,3
20,GET,1511,1
20,GET,1519,1
20,GET,1535,1
20,GET,1543,1
20,GET,1551,1
20,GET,1567,1
20,GET,1607,2
20,GET,1615,1
20,GET,1639,1
20,GET,1647,1
20,GET,1655,2
20,GET,1663,2
20,GET,1671,2
20,GET,1679,1
20,GET,1687,1
20,GET,1695,3
20,GET,1719,1
20,GET,1727,1
20,GET,1743,3
20,GET,1759,1
20,GET,1791,1
20,GET,1815,1
20,GET,1871,1
20,GET,1879,1
20,GET,1895,1
20,GET,1919,1
20,GET,1943,1
20,GET,1967,1
20,GET,1991,1
20,GET,2095,3
20,GET,2111,1
20,GET,2159,1
20,GET,2223,1
20,GET,2271,1
20,GET,2351,1
20,GET,2431,1
20,GET,2447,1
20,GET,2463,1
20,GET,2495,3
20,GET,2575,1
20,GET,2639,1
20,GET,2671,1
20,GET,3375,1
20,GET,3439,1
20,GET,5567,1
20,DEL,77,1
20,DEL,78,1
20,DEL,82,2
20,DEL,83,2
20,DEL,84,3
20,DEL,85,6
20,DEL,86,6
20,DEL,87,6
20,DEL,88,3
20,DEL,89,11
20,DEL,90,14
20,DEL,91,15
20,DEL,92,15
20,DEL,93,14
20,DEL,94,18
20,DEL,95,31
20,DEL,96,18
20,DEL,97,28
20,DEL,98,43
20,DEL,99,38
20,DEL,100,39
20,DEL,101,40
20,DEL,102,44
20,DEL,103,62
20,DEL,104,57
20,DEL,105,68
20,DEL,106,74
20,DEL,107,70
20,DEL,108,78
20,DEL,109,95
20,DEL,110,105
20,DEL,111,93
20,DEL,112,102
20,DEL,113,128
20,DEL,114,115
20,DEL,115,141
20,DEL,116,122
20,DEL,117,156
20,DEL,118,146
20,DEL,119,152
20,DEL,120,153
20,DEL,121,177
20,DEL,122,184
20,DEL,123,190
20,DEL,124,166
20,DEL,125,201
20,DEL,126,184
20,DEL,127,230
20,DEL,128,226
20,DEL,129,217
20,DEL,130,218
20,DEL,131,247
20,DEL,132,244
20,DEL,133,252
20,DEL,134,224
20,DEL,135,252
20,DEL,136,272
20,DEL,137,266
20,DEL,138,262
20,DEL,139,250
20,DEL,140,254
20,DEL,141,260
20,DEL,142,255
20,DEL,143,272
20,DEL,144,263
20,DEL,145,232
20,DEL,146,237
20,DEL,147,242
20,DEL,148,236
20,DEL,149,265
20,DEL,150,245
20,DEL,151,235
20,DEL,152,218
20,DEL,153,220
20,DEL,154,240
20,DEL,155,221
20,DEL,156,235
20,DEL,157,244
20,DEL,158,213
20,DEL,159,182
20,DEL,160,209
20,DEL,161,185
20,DEL,162,188
20,DEL,163,146
20,DEL,164,167
20,DEL,165,148
20,DEL,166,171
20,DEL,167,151
20,DEL,168,150
20,DEL,169,137
20,DEL,170,117
20,DEL,171,134
20,DEL,172,116
20,DEL,173,116
20,DEL,174,131
20,DEL,175,120
20,DEL,176,105
20,DEL,177,121
20,DEL,178,83
20,DEL,179,94
20,DEL,180,102
20,DEL,181,74
20,DEL,182,78
20,DEL,183,67
20,DEL,184,90
20,DEL,185,74
20,DEL,186,76
20,DEL,187,84
20,DEL,188,83
20,DEL,189,64
20,DEL,190,70
20,DEL,191,77
20,DEL,192,61
20,DEL,193,66
20,DEL,194,73
20,DEL,195,61
20,DEL,196,68
20,DEL,197,63
20,DEL,198,68
20,DEL,199,61
20,DEL,200,62
20,DEL,201,65
20,DEL,202,66
20,DEL,203,71
20,DEL,204,81
20,DEL,205,73
20,DEL,206,78
20,DEL,207,91
20,DEL,208,85
20,DEL,209,95
20,DEL,210,103
20,DEL,211,87
20,DEL,212,80
20,DEL,213,87
20,DEL,214,91
20,DEL,215,105
20,DEL,216,94
20,DEL,217,124
20,DEL,218,108
20,DEL,219,102
20,DEL,220,108
20,DEL,221,114
20,DEL,222,116
20,DEL,223,115
20,DEL,224,114
20,DEL,225,133
20,DEL,226,146
20,DEL,227,132
20,DEL,228,127
20,DEL,229,126
20,DEL,230,139
20,DEL,231,144
20,DEL,232,155
20,DEL,233,136
20,DEL,234,134
20,DEL,235,152
20,DEL,236,144
20,DEL,237,136
20,DEL,238,128
20,DEL,239,163
20,DEL,240,127
20,DEL,241,142
20,DEL,242,132
20,DEL,243,133
20,DEL,244,130
20,DEL,245,138
20,DEL,246,128
20,DEL,247,139
20,DEL,248,133
20,DEL,249,138
20,DEL,250,123
20,DEL,251,141
20,DEL,252,121
20,DEL,253,107
20,DEL,254,118
20,DEL,255,122
20,DEL,257,212
20,DEL,259,196
20,DEL,261,198
20,DEL,263,200
20,DEL,265,190
20,DEL,267,172
20,DEL,269,178
20,DEL,271,167
20,DEL,273,155
20,DEL,275,152
20,DEL,277,154
20,DEL,279,157
20,DEL,281,205
20,DEL,283,190
20,DEL,285,173
20,DEL,287,209
20,DEL,289,231
20,DEL,291,200
20,DEL,293,249
20,DEL,295,286
20,DEL,297,338
20,DEL,299,401
20,DEL,301,458
20,DEL,303,576
20,DEL,305,673
20,DEL,307,852
20,DEL,309,898
20,DEL,311,1044
20,DEL,313,1234
20,DEL,315,1422
20,DEL,317,1710
20,DEL,319,1866
20,DEL,321,2077
20,DEL,323,2409
20,DEL,325,2727
20,DEL,327,3011
20,DEL,329,3317
20,DEL,331,3517
20,DEL,333,3841
20,DEL,335,3923
20,DEL,337,4290
20,DEL,339,4434
20,DEL,341,4700
20,DEL,343,4811
20,DEL,345,4811
20,DEL,347,4708
20,DEL,349,4715
20,DEL,351,4575
20,DEL,353,4340
20,DEL,355,4214
20,DEL,357,4123
20,DEL,359,3786
20,DEL,361,3616
20,DEL,363,3368
20,DEL,365,3109
20,DEL,367,2848
20,DEL,369,2531
20,DEL,371,2334
20,DEL,373,2162
20,DEL,375,1855
20,DEL,377,1797
20,DEL,379,1511
20,DEL,381,1416
20,DEL,383,1240
20,DEL,385,1097
20,DEL,387,1014
20,DEL,389,913
20,DEL,391,827
20,DEL,393,774
20,DEL,395,647
20,DEL,397,599
20,DEL,399,505
20,DEL,401,498
20,DEL,403,427
20,DEL,405,398
20,DEL,407,408
20,DEL,409,371
20,DEL,411,251
20,DEL,413,241
20,DEL,415,231
20,DEL,417,222
20,DEL,419,235
20,DEL,421,190
20,DEL,423,178
20,DEL,425,174
20,DEL,427,160
20,DEL,429,144
20,DEL,431,133
20,DEL,433,124
20,DEL,435,104
20,DEL,437,85
20,DEL,439,90
20,DEL,441,72
20,DEL,443,67
20,DEL,445,78
20,DEL,447,65
20,DEL,449,53
20,DEL,451,78
20,DEL,453,60
20,DEL,455,44
20,DEL,457,48
20,DEL,459,49
20,DEL,461,37
20,DEL,463,44
20,DEL,465,35
20,DEL,467,42
20,DEL,469,25
20,DEL,471,30
20,DEL,473,23
20,DEL,475,31
20,DEL,477,28
20,DEL,479,29
20,DEL,481,14
20,DEL,483,18
20,DEL,485,21
20,DEL,487,27
20,DEL,489,28
20,DEL,491,18
20,DEL,493,19
20,DEL,495,10
20,DEL,497,12
20,DEL,499,17
20,DEL,501,8
20,DEL,503,15
20,DEL,505,15
20,DEL,507,9
20,DEL,509,7
20,DEL,511,3
20,DEL,515,12
20,DEL,519,14
20,DEL,523,16
20,DEL,527,9
20,DEL,531,11
20,DEL,535,18
20,DEL,539,12
20,DEL,543,8
20,DEL,547,10
20,DEL,551,14
20,DEL,555,9
20,DEL,559,12
20,DEL,563,7
20,DEL,567,7
20,DEL,571,10
20,DEL,575,7
20,DEL,579,13
20,DEL,583,10
20,DEL,587,7
20,DEL,591,7
20,DEL,595,11
20,DEL,599,9
20,DEL,603,7
20,DEL,607,9
20,DEL,611,4
20,DEL,615,5
20,DEL,619,4
20,DEL,623,4
20,DEL,627,7
20,DEL,631,2
20,DEL,635,7
20,DEL,639,5
20,DEL,643,1
20,DEL,647,3
20,DEL,651,3
20,DEL,655,3
20,DEL,659,4
20,DEL,663,3
20,DEL,667,2
20,DEL,675,1
20,DEL,679,1
20,DEL,691,2
20,DEL,695,2
20,DEL,699,2
20,DEL,703,2
20,DEL,707,1
20,DEL,711,1
20,DEL,715,3
20,DEL,719,5
20,DEL,723,2
20,DEL,727,1
20,DEL,731,5
20,DEL,735,5
20,DEL,739,2
20,DEL,747,3
20,DEL,755,1
20,DEL,759,3
20,DEL,763,1
20,DEL,767,1
20,DEL,771,2
20,DEL,779,2
20,DEL,783,3
20,DEL,795,1
20,DEL,799,2
20,DEL,803,1
20,DEL,819,1
20,DEL,831,2
20,DEL,843,1
20,DEL,867,1
20,DEL,871,1
20,DEL,1047,1
20,DEL,1495,1
20,DEL,1599,1
20,DEL,1615,1
20,DEL,1711,1
20,DEL,1735,2
20,DEL,1743,1
20,DEL,1799,1
20,DEL,1855,1
20,DEL,1863,1
20,DEL,1895,1
20,DEL,1911,1
20,DEL,1975,1
20,DEL,2031,1
20,DEL,2111,1
20,DEL,2351,1
20,DEL,2383,2
20,DEL,2575,1
21,GET,80,1
21,GET,81,1
21,GET,82,2
21,GET,83,1
21,GET,84,4
21,GET,85,12
21,GET,86,11
21,GET,87,21
21,GET,88,26
21,GET,89,40
21,GET,90,47
21,GET,91,52
21,GET,92,55
21,GET,93,70
21,GET,94,75
21,GET,95,87
21,GET,96,94
21,GET,97,88
21,GET,98,117
21,GET,99,109
21,GET,100,120
21,GET,101,117
21,GET,102,131
21,GET,103,123
21,GET,104,137
21,GET,105,160
21,GET,106,169
21,GET,107,185
21,GET,108,194
21,GET,109,199
21,GET,110,237
21,GET,111,204
21,GET,112,244
21,GET,113,241
21,GET,114,239
21,GET,115,294
21,GET,116,317
21,GET,117,363
21,GET,118,344
21,GET,119,348
21,GET,120,397
21,GET,121,484
21,GET,122,400
21,GET,123,435
21,GET,124,483
21,GET,125,497
21,GET,126,548
21,GET,127,521
21,GET,128,542
21,GET,129,532
21,GET,130,559
21,GET,131,575
21,GET,132,583
21,GET,133,624
21,GET,134,645
21,GET,135,597
21,GET,136,671
21,GET,137,631
21,GET,138,692
21,GET,139,663
21,GET,140,693
21,GET,141,745
21,GET,142,677
21,GET,143,723
21,GET,144,661
21,GET,145,685
21,GET,146,728
21,GET,147,707
21,GET,148,637
21,GET,149,732
21,GET,150,718
21,GET,151,718
21,GET,152,658
21,GET,153,696
21,GET,154,653
21,GET,155,631
21,GET,156,653
21,GET,157,646
21,GET,158,629
21,GET,159,625
21,GET,160,615
21,GET,161,597
21,GET,162,556
21,GET,163,570
21,GET,164,566
21,GET,165,530
21,GET,166,489
21,GET,167,489
21,GET,168,444
21,GET,169,470
21,GET,170,416
21,GET,171,435
21,GET,172,424
21,GET,173,410
21,GET,174,366
21,GET,175,404
21,GET,176,388
21,GET,177,351
21,GET,178,345
21,GET,179,327
21,GET,180,308
21,GET,181,300
21,GET,182,312
21,GET,183,261
21,GET,184,259
21,GET,185,253
21,GET,186,237
21,GET,187,245
21,GET,188,234
21,GET,189,212
21,GET,190,205
21,GET,191,217
21,GET,192,220
21,GET,193,201
21,GET,194,174
21,GET,195,194
21,GET,196,161
21,GET,197,192
21,GET,198,184
21,GET,199,187
21,GET,200,204
21,GET,201,191
21,GET,202,203
21,GET,203,201
21,GET,204,191
21,GET,205,195
21,GET,206,206
21,GET,207,166
21,GET,208,212
21,GET,209,175
21,GET,210,226
21,GET,211,214
21,GET,212,225
21,GET,213,243
21,GET,214,200
21,GET,215,237
21,GET,216,252
21,GET,217,229
21,GET,218,242
21,GET,219,243
21,GET,220,253
21,GET,221,266
21,GET,222,283
21,GET,223,273
21,GET,224,280
21,GET,225,341
21,GET,226,304
21,GET,227,293
21,GET,228,319
21,GET,229,320
21,GET,230,308
21,GET,231,332
21,GET,232,351
21,GET,233,338
21,GET,234,341
21,GET,235,368
21,GET,236,343
21,GET,237,389
21,GET,238,379
21,GET,239,396
21,GET,240,401
21,GET,241,399
21,GET,242,387
21,GET,243,382
21,GET,244,402
21,GET,245,361
21,GET,246,344
21,GET,247,386
21,GET,248,372
21,GET,249,370
21,GET,250,396
21,GET,251,327
21,GET,252,354
21,GET,253,314
21,GET,254,331
21,GET,255,379
21,GET,257,637
21,GET,259,643
21,GET,261,640
21,GET,263,623
21,GET,265,611
21,GET,267,575
21,GET,269,549
21,GET,271,549
21,GET,273,496
21,GET,275,526
21,GET,277,581
21,GET,279,578
21,GET,281,528
21,GET,283,547
21,GET,285,597
21,GET,287,616
21,GET,289,636
21,GET,291,736
21,GET,293,808
21,GET,295,904
21,GET,297,1016
21,GET,299,1193
21,GET,301,1342
21,GET,303,1561
21,GET,305,1791
21,GET,307,2090
21,GET,309,2401
21,GET,311,2987
21,GET,313,3334
21,GET,315,3835
21,GET,317,4475
21,GET,319,5109
21,GET,321,5784
21,GET,323,6584
21,GET,325,7463
21,GET,327,8156
21,GET,329,8876
21,GET,331,9666
21,GET,333,10738
21,GET,335,11221
21,GET,337,12000
21,GET,339,12224
21,GET,341,12820
21,GET,343,13017
21,GET,345,13296
21,GET,347,13156
21,GET,349,13185
21,GET,351,12885
21,GET,353,12671
21,GET,355,12159
21,GET,357,11405
21,GET,359,10896
21,GET,361,10178
21,GET,363,9463
21,GET,365,8698
21,GET,367,8122
21,GET,369,7377
21,GET,371,6885
21,GET,373,6106
21,GET,375,5558
21,GET,377,5028
21,GET,379,4536
21,GET,381,4088
21,GET,383,3640
21,GET,385,3311
21,GET,387,2957
21,GET,389,2635
21,GET,391,2262
21,GET,393,2083
21,GET,395,1907
21,GET,397,1660
21,GET,399,1473
21,GET,401,1348
21,GET,403,1256
21,GET,405,1108
21,GET,407,1023
21,GET,409,928
21,GET,411,810
21,GET,413,778
21,GET,415,696
21,GET,417,614
21,GET,419,624
21,GET,421,557
21,GET,423,502
21,GET,425,428
21,GET,427,435
21,GET,429,371
21,GET,431,365
21,GET,433,287
21,GET,435,319
21,GET,437,281
21,GET,439,246
21,GET,441,230
21,GET,443,229
21,GET,445,198
21,GET,447,217
21,GET,449,197
21,GET,451,179
21,GET,453,150
21,GET,455,168
21,GET,457,142
21,GET,459,134
21,GET,461,113
21,GET,463,131
21,GET,465,105
21,GET,467,103
21,GET,469,89
21,GET,471,100
21,GET,473,89
21,GET,475,74
21,GET,477,80
21,GET,479,77
21,GET,481,80
21,GET,483,65
21,GET,485,51
21,GET,487,51
21,GET,489,52
21,GET,491,41
21,GET,493,29
21,GET,495,43
21,GET,497,33
21,GET,499,39
21,GET,501,34
21,GET,503,35
21,GET,505,39
21,GET,507,32
21,GET,509,32
21,GET,511,29
21,GET,515,53
21,GET,519,45
21,GET,523,38
21,GET,527,34
21,GET,531,39
21,GET,535,28
21,GET,539,36
21,GET,543,29
21,GET,547,31
21,GET,551,30
21,GET,555,18
21,GET,559,21
21,GET,563,30
21,GET,567,21
21,GET,571,18
21,GET,575,15
21,GET,579,14
21,GET,583,25
21,GET,587,18
21,GET,591,19
21,GET,595,21
21,GET,599,25
21,GET,603,19
21,GET,607,21
21,GET,611,23
21,GET,615,16
21,GET,619,17
21,GET,623,14
21,GET,627,13
21,GET,631,19
21,GET,635,16
21,GET,639,14
21,GET,643,13
21,GET,647,5
21,GET,651,11
21,GET,655,14
21,GET,659,5
21,GET,663,5
21,GET,667,6
21,GET,671,6
21,GET,675,6
21,GET,679,2
21,GET,683,6
21,GET,687,4
21,GET,691,3
21,GET,695,2
21,GET,699,6
21,GET,703,6
21,GET,707,5
21,GET,711,8
21,GET,715,8
21,GET,719,6
21,GET,723,3
21,GET,727,4
21,GET,731,1
21,GET,735,10
21,GET,739,9
21,GET,743,4
21,GET,747,3
21,GET,751,3
21,GET,755,5
21,GET,759,7
21,GET,763,4
21,GET,767,7
21,GET,771,6
21,GET,775,1
21,GET,779,1
21,GET,783,1
21,GET,787,3
21,GET,791,5
21,GET,795,2
21,GET,799,2
21,GET,803,2
21,GET,807,1
21,GET,811,2
21,GET,819,2
21,GET,827,1
21,GET,831,1
21,GET,835,4
21,GET,839,1
21,GET,855,1
21,GET,859,1
21,GET,867,1
21,GET,875,1
21,GET,891,1
21,GET,927,1
21,GET,947,1
21,GET,951,1
21,GET,959,1
21,GET,995,1
21,GET,1031,1
21,GET,1071,1
21,GET,1239,1
21,GET,1439,1
21,GET,1471,2
21,GET,1487,1
21,GET,1495,2
21,GET,1519,1
21,GET,1535,1
21,GET,1583,2
21,GET,1599,1
21,GET,1607,1
21,GET,1623,2
21,GET,1639,2
21,GET,1647,3
21,GET,1655,2
21,GET,1663,1
21,GET,1671,2
21,GET,1679,3
21,GET,1695,4
21,GET,1703,3
21,GET,1727,1
21,GET,1743,1
21,GET,1751,1
21,GET,1775,1
21,GET,1783,2
21,GET,1791,1
21,GET,1823,1
21,GET,1839,1
21,GET,1863,2
21,GET,1871,2
21,GET,1895,2
21,GET,1919,1
21,GET,2007,1
21,GET,2039,1
21,GET,2063,2
21,GET,2095,1
21,GET,2143,1
21,GET,2223,1
21,GET,2239,1
21,GET,2287,1
21,GET,2319,1
21,GET,2367,1
21,GET,2383,1
21,GET,2399,1
21,GET,2447,2
21,GET,2495,1
21,GET,2527,1
21,GET,2559,1
21,GET,3199,1
21,GET,3295,1
21,GET,5375,1
21,DEL,81,1
21,DEL,83,1
21,DEL,84,2
21,DEL,85,3
21,DEL,86,1
21,DEL,87,7
21,DEL,88,8
21,DEL,89,8
21,DEL,90,25
21,DEL,91,19
21,DEL,92,30
21,DEL,93,18
21,DEL,94,24
21,DEL,95,30
21,DEL,96,29
21,DEL,97,37
21,DEL,98,38
21,DEL,99,46
21,DEL,100,51
21,DEL,101,38
21,DEL,102,40
21,DEL,103,37
21,DEL,104,51
21,DEL,105,61
21,DEL,106,59
21,DEL,107,57
21,DEL,108,80
21,DEL,109,66
21,DEL,110,67
21,DEL,111,99
21,DEL,112,77
21,DEL,113,85
21,DEL,114,97
21,DEL,115,90
21,DEL,116,103
21,DEL,117,112
21,DEL,118,108
21,DEL,119,128
21,DEL,120,118
21,DEL,121,141
21,DEL,122,155
21,DEL,123,166
21,DEL,124,155
21,DEL,125,173
21,DEL,126,182
21,DEL,127,198
21,DEL,128,168
21,DEL,129,176
21,DEL,130,201
21,DEL,131,223
21,DEL,132,210
21,DEL,133,226
21,DEL,134,223
21,DEL,135,217
21,DEL,136,218
21,DEL,137,250
21,DEL,138,229
21,DEL,139,247
21,DEL,140,246
21,DEL,141,272
21,DEL,142,264
21,DEL,143,233
21,DEL,144,261
21,DEL,145,264
21,DEL,146,237
21,DEL,147,238
21,DEL,148,240
21,DEL,149,255
21,DEL,150,265
21,DEL,151,256
21,DEL,152,252
21,DEL,153,227
21,DEL,154,226
21,DEL,155,204
21,DEL,156,235
21,DEL,157,194
21,DEL,158,213
21,DEL,159,211
21,DEL,160,195
21,DEL,161,218
21,DEL,162,208
21,DEL,163,216
21,DEL,164,179
21,DEL,165,184
21,DEL,166,175
21,DEL,167,158
21,DEL,168,165
21,DEL,169,170
21,DEL,170,165
21,DEL,171,148
21,DEL,172,159
21,DEL,173,152
21,DEL,174,141
21,DEL,175,129
21,DEL,176,146
21,DEL,177,140
21,DEL,178,130
21,DEL,179,116
21,DEL,180,106
21,DEL,181,112
21,DEL,182,100
21,DEL,183,112
21,DEL,184,99
21,DEL,185,88
21,DEL,186,91
21,DEL,187,94
21,DEL,188,84
21,DEL,189,87
21,DEL,190,87
21,DEL,191,83
21,DEL,192,63
21,DEL,193,63
21,DEL,194,72
21,DEL,195,75
21,DEL,196,63
21,DEL,197,68
21,DEL,198,66
21,DEL,199,76
21,DEL,200,61
21,DEL,201,57
21,DEL,202,72
21,DEL,203,65
21,DEL,204,73
21,DEL,205,68
21,DEL,206,72
21,DEL,207,72
21,DEL,208,74
21,DEL,209,70
21,DEL,210,65
21,DEL,211,65
21,DEL,212,91
21,DEL,213,82
21,DEL,214,73
21,DEL,215,85
21,DEL,216,98
21,DEL,217,86
21,DEL,218,98
21,DEL,219,95
21,DEL,220,114
21,DEL,221,88
21,DEL,222,92
21,DEL,223,105
21,DEL,224,112
21,DEL,225,99
21,DEL,226,106
21,DEL,227,95
21,DEL,228,127
21,DEL,229,105
21,DEL,230,109
21,DEL,231,132
21,DEL,232,117
21,DEL,233,127
21,DEL,234,128
21,DEL,235,147
21,DEL,236,117
21,DEL,237,121
21,DEL,238,140
21,DEL,239,138
21,DEL,240,133
21,DEL,241,146
21,DEL,242,125
21,DEL,243,107
21,DEL,244,138
21,DEL,245,110
21,DEL,246,132
21,DEL,247,152
21,DEL,248,138
21,DEL,249,131
21,DEL,250,113
21,DEL,251,140
21,DEL,252,116
21,DEL,253,132
21,DEL,254,137
21,DEL,255,122
21,DEL,257,232
21,DEL,259,213
21,DEL,261,234
21,DEL,263,218
21,DEL,265,205
21,DEL,267,196
21,DEL,269,191
21,DEL,271,213
21,DEL,273,201
21,DEL,275,174
21,DEL,277,190
21,DEL,279,206
21,DEL,281,230
21,DEL,283,246
21,DEL,285,201
21,DEL,287,247
21,DEL,289,260
21,DEL,291,248
21,DEL,293,300
21,DEL,295,304
21,DEL,297,331
21,DEL,299,392
21,DEL,301,443
21,DEL,303,549
21,DEL,305,676
21,DEL,307,761
21,DEL,309,926
21,DEL,311,1035
21,DEL,313,1156
21,DEL,315,1449
21,DEL,317,1629
21,DEL,319,1795
21,DEL,321,2029
21,DEL,323,2295
21,DEL,325,2638
21,DEL,327,2924
21,DEL,329,3248
21,DEL,331,3472
21,DEL,333,3817
21,DEL,335,4106
21,DEL,337,4125
21,DEL,339,4543
21,DEL,341,4740
21,DEL,343,4704
21,DEL,345,4597
21,DEL,347,4812
21,DEL,349,4708
21,DEL,351,4579
21,DEL,353,4416
21,DEL,355,4351
21,DEL,357,4142
21,DEL,359,3766
21,DEL,361,3584
21,DEL,363,3337
21,DEL,365,3060
21,DEL,367,2925
21,DEL,369,2677
21,DEL,371,2464
21,DEL,373,2181
21,DEL,375,2063
21,DEL,377,1861
21,DEL,379,1505
21,DEL,381,1448
21,DEL,383,1283
21,DEL,385,1161
21,DEL,387,1027
21,DEL,389,966
21,DEL,391,802
21,DEL,393,782
21,DEL,395,646
21,DEL,397,606
21,DEL,399,549
21,DEL,401,494
21,DEL,403,427
21,DEL,405,404
21,DEL,407,371
21,DEL,409,329
21,DEL,411,301
21,DEL,413,267
21,DEL,415,243
21,DEL,417,242
21,DEL,419,190
21,DEL,421,221
21,DEL,423,164
21,DEL,425,153
21,DEL,427,145
21,DEL,429,131
21,DEL,431,128
21,DEL,433,102
21,DEL,435,96
21,DEL,437,100
21,DEL,439,90
21,DEL,441,76
21,DEL,443,82
21,DEL,445,63
21,DEL,447,60
21,DEL,449,77
21,DEL,451,56
21,DEL,453,50
21,DEL,455,55
21,DEL,457,48
21,DEL,459,55
21,DEL,461,51
21,DEL,463,25
21,DEL,465,40
21,DEL,467,36
21,DEL,469,31
21,DEL,471,32
21,DEL,473,29
21,DEL,475,22
21,DEL,477,17
21,DEL,479,25
21,DEL,481,20
21,DEL,483,30
21,DEL,485,24
21,DEL,487,17
21,DEL,489,19
21,DEL,491,15
21,DEL,493,13
21,DEL,495,17
21,DEL,497,14
21,DEL,499,14
21,DEL,501,14
21,DEL,503,10
21,DEL,505,15
21,DEL,507,13
21,DEL,509,8
21,DEL,511,4
21,DEL,515,25
21,DEL,519,17
21,DEL,523,11
21,DEL,527,11
21,DEL,531,12
21,DEL,535,21
21,DEL,539,5
21,DEL,543,11
21,DEL,547,9
21,DEL,551,9
21,DEL,555,8
21,DEL,559,8
21,DEL,563,9
21,DEL,567,8
21,DEL,571,9
21,DEL,575,11
21,DEL,579,4
21,DEL,583,7
21,DEL,587,3
21,DEL,591,6
21,DEL,595,5
21,DEL,599,7
21,DEL,603,9
21,DEL,607,7
21,DEL,611,5
21,DEL,615,4
21,DEL,619,5
21,DEL,623,6
21,DEL,627,4
21,DEL,631,4
21,DEL,635,6
21,DEL,639,6
21,DEL,643,4
21,DEL,647,3
21,DEL,651,1
21,DEL,655,1
21,DEL,659,4
21,DEL,663,2
21,DEL,667,2
21,DEL,671,3
21,DEL,675,2
21,DEL,679,1
21,DEL,687,4
21,DEL,691,5
21,DEL,695,2
21,DEL,699,2
21,DEL,715,2
21,DEL,719,3
21,DEL,723,1
21,DEL,727,1
21,DEL,731,2
21,DEL,735,4
21,DEL,739,2
21,DEL,743,3
21,DEL,747,4
21,DEL,751,3
21,DEL,755,3
21,DEL,759,2
21,DEL,763,2
21,DEL,775,1
21,DEL,779,3
21,DEL,787,2
21,DEL,795,2
21,DEL,799,2
21,DEL,819,1
21,DEL,835,2
21,DEL,851,2
21,DEL,899,1
21,DEL,943,1
21,DEL,959,1
21,DEL,1367,1
21,DEL,1455,1
21,DEL,1471,2
21,DEL,1503,1
21,DEL,1543,1
21,DEL,1567,1
21,DEL,1599,1
21,DEL,1711,1
21,DEL,1727,1
21,DEL,1807,1
21,DEL,1999,1
21,DEL,2127,1
21,DEL,2175,1
21,DEL,2271,1
21,DEL,2399,1
21,DEL,2495,1
21,SET,84,1
21,SET,86,2
21,SET,88,2
21,SET,91,3
21,SET,92,7
21,SET,93,6
21,SET,94,4
21,SET,95,5
21,SET,96,10
21,SET,97,7
21,SET,98,7
21,SET,99,7
21,SET,100,11
21,SET,101,6
21,SET,102,8
21,SET,103,6
21,SET,104,13
21,SET,105,9
21,SET,106,12
21,SET,107,7
21,SET,108,13
21,SET,109,11
21,SET,110,17
21,SET,111,18
21,SET,112,17
21,SET,113,18
21,SET,114,21
21,SET,115,29
21,SET,116,15
21,SET,117,16
21,SET,118,21
21,SET,119,21
21,SET,120,18
21,SET,121,41
21,SET,122,37
21,SET,123,32
21,SET,124,30
21,SET,125,29
21,SET,126,42
21,SET,127,27
21,SET,128,38
21,SET,129,44
21,SET,130,47
21,SET,131,49
21,SET,132,41
21,SET,133,33
21,SET,134,42
21,SET,135,48
21,SET,136,45
21,SET,137,55
21,SET,138,55
21,SET,139,47
21,SET,140,38
21,SET,141,52
21,SET,142,45
21,SET,143,54
21,SET,144,46
21,SET,145,62
21,SET,146,56
21,SET,147,40
21,SET,148,53
21,SET,149,53
21,SET,150,52
21,SET,151,48
21,SET,152,48
21,SET,153,48
21,SET,154,41
21,SET,155,51
21,SET,156,46
21,SET,157,41
21,SET,158,44
21,SET,159,31
21,SET,160,49
21,SET,161,44
21,SET,162,37
21,SET,163,35
21,SET,164,41
21,SET,165,34
21,SET,166,41
21,SET,167,41
21,SET,168,29
21,SET,169,32
21,SET,170,46
21,SET,171,30
21,SET,172,32
21,SET,173,43
21,SET,174,20
21,SET,175,19
21,SET,176,23
21,SET,177,20
21,SET,178,21
21,SET,179,18
21,SET,180,30
21,SET,181,25
21,SET,182,24
21,SET,183,24
21,SET,184,21
21,SET,185,23
21,SET,186,12
21,SET,187,17
21,SET,188,23
21,SET,189,17
21,SET,190,13
21,SET,191,13
21,SET,192,13
21,SET,193,12
21,SET,194,15
21,SET,195,21
21,SET,196,14
21,SET,197,23
21,SET,198,20
21,SET,199,9
21,SET,200,12
21,SET,201,10
21,SET,202,11
21,SET,203,8
21,SET,204,15
21,SET,205,14
21,SET,206,18
21,SET,207,13
21,SET,208,8
21,SET,209,15
21,SET,210,10
21,SET,211,16
21,SET,212,13
21,SET,213,19
21,SET,214,18
21,SET,215,12
21,SET,216,20
21,SET,217,22
21,SET,218,8
21,SET,219,17
21,SET,220,16
21,SET,221,22
21,SET,222,15
21,SET,223,14
21,SET,224,17
21,SET,225,21
21,SET,226,27
21,SET,227,18
21,SET,228,24
21,SET,229,28
21,SET,230,21
21,SET,231,18
21,SET,232,24
21,SET,233,21
21,SET,234,26
21,SET,235,23
21,SET,236,27
21,SET,237,28
21,SET,238,20
21,SET,239,25
21,SET,240,21
21,SET,241,32
21,SET,242,29
21,SET,243,29
21,SET,244,17
21,SET,245,29
21,SET,246,31
21,SET,247,19
21,SET,248,25
21,SET,249,27
21,SET,250,27
21,SET,251,32
21,SET,252,21
21,SET,253,40
21,SET,254,20
21,SET,255,17
21,SET,257,46
21,SET,259,47
21,SET,261,47
21,SET,263,39
21,SET,265,45
21,SET,267,40
21,SET,269,39
21,SET,271,44
21,SET,273,38
21,SET,275,28
21,SET,277,28
21,SET,279,31
21,SET,281,52
21,SET,283,37
21,SET,285,31
21,SET,287,40
21,SET,289,35
21,SET,291,52
21,SET,293,54
21,SET,295,64
21,SET,297,60
21,SET,299,71
21,SET,301,85
21,SET,303,84
21,SET,305,130
21,SET,307,136
21,SET,309,157
21,SET,311,204
21,SET,313,199
21,SET,315,248
21,SET,317,297
21,SET,319,351
21,SET,321,354
21,SET,323,412
21,SET,325,484
21,SET,327,535
21,SET,329,621
21,SET,331,641
21,SET,333,717
21,SET,335,838
21,SET,337,820
21,SET,339,845
21,SET,341,934
21,SET,343,880
21,SET,345,944
21,SET,347,997
21,SET,349,991
21,SET,351,921
21,SET,353,950
21,SET,355,869
21,SET,357,855
21,SET,359,831
21,SET,361,757
21,SET,363,721
21,SET,365,679
21,SET,367,630
21,SET,369,577
21,SET,371,527
21,SET,373,455
21,SET,375,444
21,SET,377,367
21,SET,379,315
21,SET,381,298
21,SET,383,278
21,SET,385,213
21,SET,387,232
21,SET,389,180
21,SET,391,176
21,SET,393,180
21,SET,395,135
21,SET,397,109
21,SET,399,112
21,SET,401,90
21,SET,403,112
21,SET,405,92
21,SET,407,78
21,SET,409,64
21,SET,411,59
21,SET,413,55
21,SET,415,51
21,SET,417,46
21,SET,419,39
21,SET,421,45
21,SET,423,48
21,SET,425,31
21,SET,427,35
21,SET,429,32
21,SET,431,26
21,SET,433,26
21,SET,435,26
21,SET,437,26
21,SET,439,15
21,SET,441,14
21,SET,443,19
21,SET,445,16
21,SET,447,8
21,SET,449,14
21,SET,451,10
21,SET,453,17
21,SET,455,6
21,SET,457,9
21,SET,459,9
21,SET,461,11
21,SET,463,6
21,SET,465,7
21,SET,467,5
21,SET,469,8
21,SET,471,6
21,SET,473,8
21,SET,475,9
21,SET,477,6
21,SET,479,4
21,SET,481,4
21,SET,483,6
21,SET,485,6
21,SET,487,3
21,SET,489,6
21,SET,491,4
21,SET,493,4
21,SET,495,9
21,SET,497,3
21,SET,499,3
21,SET,501,1
21,SET,503,2
21,SET,505,3
21,SET,507,4
21,SET,509,2
21,SET,511,2
21,SET,515,5
21,SET,519,3
21,SET,523,5
21,SET,527,4
21,SET,531,3
21,SET,535,2
21,SET,539,2
21,SET,543,2
21,SET,547,3
21,SET,551,1
21,SET,555,1
21,SET,559,2
21,SET,567,1
21,SET,571,1
21,SET,575,2
21,SET,579,2
21,SET,583,1
21,SET,591,2
21,SET,603,2
21,SET,607,1
21,SET,611,2
21,SET,619,3
21,SET,623,1
21,SET,627,3
21,SET,631,1
21,SET,635,1
21,SET,643,1
21,SET,647,3
21,SET,655,2
21,SET,659,1
21,SET,663,1
21,SET,667,2
21,SET,675,2
21,SET,679,3
21,SET,699,1
21,SET,719,1
21,SET,723,1
21,SET,735,1
21,SET,767,1
21,SET,775,1
21,SET,787,1
21,SET,791,1
21,SET,875,1
21,SET,1311,1
21,SET,1535,1
21,SET,1623,1
22,DEL,79,1
22,DEL,80,2
22,DEL,81,2
22,DEL,82,1
22,DEL,83,2
22,DEL,84,3
22,DEL,85,2
22,DEL,86,9
22,DEL,87,4
22,DEL,88,7
22,DEL,89,11
22,DEL,90,6
22,DEL,91,8
22,DEL,92,14
22,DEL,93,11
22,DEL,94,18
22,DEL,95,17
22,DEL,96,23
22,DEL,97,24
22,DEL,98,34
22,DEL,99,42
22,DEL,100,42
22,DEL,101,37
22,DEL,102,56
22,DEL,103,58
22,DEL,104,65
22,DEL,105,78
22,DEL,106,73
22,DEL,107,69
22,DEL,108,90
22,DEL,109,90
22,DEL,110,96
22,DEL,111,95
22,DEL,112,101
22,DEL,113,95
22,DEL,114,126
22,DEL,115,131
22,DEL,116,150
22,DEL,117,164
22,DEL,118,138
22,DEL,119,158
22,DEL,120,157
22,DEL,121,194
22,DEL,122,160
22,DEL,123,170
22,DEL,124,191
22,DEL,125,188
22,DEL,126,198
22,DEL,127,204
22,DEL,128,195
22,DEL,129,220
22,DEL,130,235
22,DEL,131,198
22,DEL,132,275
22,DEL,133,227
22,DEL,134,226
22,DEL,135,237
22,DEL,136,243
22,DEL,137,239
22,DEL,138,241
22,DEL,139,239
22,DEL,140,251
22,DEL,141,232
22,DEL,142,266
22,DEL,143,226
22,DEL,144,213
22,DEL,145,261
22,DEL,146,223
22,DEL,147,223
22,DEL,148,261
22,DEL,149,234
22,DEL,150,242
22,DEL,151,191
22,DEL,152,241
22,DEL,153,210
22,DEL,154,207
22,DEL,155,197
22,DEL,156,218
22,DEL,157,196
22,DEL,158,176
22,DEL,159,212
22,DEL,160,183
22,DEL,161,172
22,DEL,162,172
22,DEL,163,144
22,DEL,164,155
22,DEL,165,185
22,DEL,166,157
22,DEL,167,162
22,DEL,168,138
22,DEL,169,134
22,DEL,170,131
22,DEL,171,156
22,DEL,172,139
22,DEL,173,133
22,DEL,174,113
22,DEL,175,119
22,DEL,176,112
22,DEL,177,112
22,DEL,178,99
22,DEL,179,113
22,DEL,180,98
22,DEL,181,104
22,DEL,182,88
22,DEL,183,81
22,DEL,184,81
22,DEL,185,86
22,DEL,186,81
22,DEL,187,74
22,DEL,188,74
22,DEL,189,73
22,DEL,190,79
22,DEL,191,76
22,DEL,192,70
22,DEL,193,74
22,DEL,194,66
22,DEL,195,79
22,DEL,196,83
22,DEL,197,70
22,DEL,198,84
22,DEL,199,91
22,DEL,200,57
22,DEL,201,75
22,DEL,202,75
22,DEL,203,67
22,DEL,204,87
22,DEL,205,93
22,DEL,206,74
22,DEL,207,68
22,DEL,208,88
22,DEL,209,90
22,DEL,210,90
22,DEL,211,85
22,DEL,212,87
22,DEL,213,96
22,DEL,214,112
22,DEL,215,92
22,DEL,216,108
22,DEL,217,107
22,DEL,218,103
22,DEL,219,127
22,DEL,220,112
22,DEL,221,105
22,DEL,222,127
22,DEL,223,131
22,DEL,224,127
22,DEL,225,147
22,DEL,226,122
22,DEL,227,160
22,DEL,228,135
22,DEL,229,163
22,DEL,230,122
22,DEL,231,171
22,DEL,232,135
22,DEL,233,161
22,DEL,234,141
22,DEL,235,147
22,DEL,236,159
22,DEL,237,152
22,DEL,238,159
22,DEL,239,159
22,DEL,240,160
22,DEL,241,139
22,DEL,242,140
22,DEL,243,157
22,DEL,244,160
22,DEL,245,161
22,DEL,246,164
22,DEL,247,148
22,DEL,248,133
22,DEL,249,141
22,DEL,250,136
22,DEL,251,121
22,DEL,252,138
22,DEL,253,132
22,DEL,254,129
22,DEL,255,116
22,DEL,257,226
22,DEL,259,227
22,DEL,261,212
22,DEL,263,197
22,DEL,265,199
22,DEL,267,167
22,DEL,269,167
22,DEL,271,168
22,DEL,273,139
22,DEL,275,155
22,DEL,277,155
22,DEL,279,163
22,DEL,281,167
22,DEL,283,156
22,DEL,285,171
22,DEL,287,179
22,DEL,289,174
22,DEL,291,220
22,DEL,293,252
22,DEL,295,245
22,DEL,297,277
22,DEL,299,323
22,DEL,301,404
22,DEL,303,465
22,DEL,305,556
22,DEL,307,601
22,DEL,309,707
22,DEL,311,857
22,DEL,313,931
22,DEL,315,1136
22,DEL,317,1269
22,DEL,319,1516
22,DEL,321,1733
22,DEL,323,2062
22,DEL,325,2407
22,DEL,327,2869
22,DEL,329,3126
22,DEL,331,3542
22,DEL,333,3986
22,DEL,335,4462
22,DEL,337,4829
22,DEL,339,5185
22,DEL,341,5003
22,DEL,343,5314
22,DEL,345,5552
22,DEL,347,5585
22,DEL,349,5482
22,DEL,351,5286
22,DEL,353,5067
22,DEL,355,4616
22,DEL,357,4377
22,DEL,359,4051
22,DEL,361,3722
22,DEL,363,3298
22,DEL,365,2911
22,DEL,367,2704
22,DEL,369,2352
22,DEL,371,2062
22,DEL,373,1896
22,DEL,375,1692
22,DEL,377,1493
22,DEL,379,1313
22,DEL,381,1164
22,DEL,383,1066
22,DEL,385,985
22,DEL,387,881
22,DEL,389,676
22,DEL,391,702
22,DEL,393,591
22,DEL,395,550
22,DEL,397,468
22,DEL,399,450
22,DEL,401,406
22,DEL,403,399
22,DEL,405,355
22,DEL,407,324
22,DEL,409,289
22,DEL,411,266
22,DEL,413,223
22,DEL,415,206
22,DEL,417,207
22,DEL,419,190
22,DEL,421,170
22,DEL,423,166
22,DEL,425,162
22,DEL,427,143
22,DEL,429,118
22,DEL,431,138
22,DEL,433,115
22,DEL,435,96
22,DEL,437,89
22,DEL,439,109
22,DEL,441,87
22,DEL,443,97
22,DEL,445,65
22,DEL,447,55
22,DEL,449,52
22,DEL,451,67
22,DEL,453,62
22,DEL,455,38
22,DEL,457,40
22,DEL,459,57
22,DEL,461,45
22,DEL,463,37
22,DEL,465,35
22,DEL,467,33
22,DEL,469,34
22,DEL,471,22
22,DEL,473,25
22,DEL,475,19
22,DEL,477,19
22,DEL,479,22
22,DEL,481,18
22,DEL,483,19
22,DEL,485,20
22,DEL,487,12
22,DEL,489,16
22,DEL,491,25
22,DEL,493,10
22,DEL,495,17
22,DEL,497,9
22,DEL,499,16
22,DEL,501,12
22,DEL,503,17
22,DEL,505,11
22,DEL,507,13
22,DEL,509,11
22,DEL,511,8
22,DEL,515,22
22,DEL,519,13
22,DEL,523,10
22,DEL,527,12
22,DEL,531,8
22,DEL,535,9
22,DEL,539,3
22,DEL,543,10
22,DEL,547,13
22,DEL,551,12
22,DEL,555,8
22,DEL,559,9
22,DEL,563,15
22,DEL,567,6
22,DEL,571,5
22,DEL,575,9
22,DEL,579,5
22,DEL,583,6
22,DEL,587,3
22,DEL,591,8
22,DEL,595,6
22,DEL,599,5
22,DEL,603,12
22,DEL,607,6
22,DEL,611,9
22,DEL,615,3
22,DEL,619,3
22,DEL,623,6
22,DEL,627,7
22,DEL,631,4
22,DEL,635,4
22,DEL,639,3
22,DEL,643,3
22,DEL,647,3
22,DEL,651,4
22,DEL,655,3
22,DEL,659,5
22,DEL,663,2
22,DEL,667,3
22,DEL,675,3
22,DEL,679,5
22,DEL,687,1
22,DEL,691,3
22,DEL,695,2
22,DEL,699,1
22,DEL,703,3
22,DEL,707,3
22,DEL,715,1
22,DEL,719,1
22,DEL,723,1
22,DEL,727,2
22,DEL,739,1
22,DEL,743,4
22,DEL,747,2
22,DEL,751,2
22,DEL,755,1
22,DEL,759,3
22,DEL,763,1
22,DEL,767,2
22,DEL,775,1
22,DEL,783,2
22,DEL,787,1
22,DEL,795,1
22,DEL,799,2
22,DEL,807,1
22,DEL,815,1
22,DEL,847,1
22,DEL,863,1
22,DEL,887,1
22,DEL,895,1
22,DEL,1095,1
22,DEL,1263,1
22,DEL,1487,1
22,DEL,1535,1
22,DEL,1583,1
22,DEL,1679,2
22,DEL,1695,1
22,DEL,1703,1
22,DEL,1711,2
22,DEL,1735,1
22,DEL,1767,1
22,DEL,1823,1
22,DEL,1839,1
22,DEL,1855,1
22,DEL,1911,1
22,DEL,1959,1
22,DEL,1991,1
22,DEL,2063,1
22,DEL,2191,1
22,DEL,2415,1
22,DEL,2639,1
22,DEL,3359,1
22,DEL,4191,1
22,GET,78,1
22,GET,79,3
22,GET,80,2
22,GET,81,2
22,GET,82,8
22,GET,83,9
22,GET,84,8
22,GET,85,10
22,GET,86,13
22,GET,87,18
22,GET,88,24
22,GET,89,21
22,GET,90,26
22,GET,91,28
22,GET,92,41
22,GET,93,45
22,GET,94,39
22,GET,95,59
22,GET,96,75
22,GET,97,63
22,GET,98,90
22,GET,99,106
22,GET,100,136
22,GET,101,157
22,GET,102,134
22,GET,103,149
22,GET,104,162
22,GET,105,179
22,GET,106,217
22,GET,107,209
22,GET,108,262
22,GET,109,262
22,GET,110,265
22,GET,111,274
22,GET,112,298
22,GET,113,311
22,GET,114,353
22,GET,115,353
22,GET,116,379
22,GET,117,372
22,GET,118,406
22,GET,119,447
22,GET,120,487
22,GET,121,453
22,GET,122,512
22,GET,123,512
22,GET,124,536
22,GET,125,554
22,GET,126,574
22,GET,127,642
22,GET,128,619
22,GET,129,587
22,GET,130,664
22,GET,131,623
22,GET,132,655
22,GET,133,650
22,GET,134,635
22,GET,135,635
22,GET,136,691
22,GET,137,671
22,GET,138,686
22,GET,139,671
22,GET,140,712
22,GET,141,695
22,GET,142,656
22,GET,143,702
22,GET,144,698
22,GET,145,698
22,GET,146,685
22,GET,147,642
22,GET,148,632
22,GET,149,692
22,GET,150,674
22,GET,151,648
22,GET,152,624
22,GET,153,607
22,GET,154,559
22,GET,155,552
22,GET,156,574
22,GET,157,577
22,GET,158,560
22,GET,159,527
22,GET,160,571
22,GET,161,516
22,GET,162,515
22,GET,163,479
22,GET,164,500
22,GET,165,407
22,GET,166,410
22,GET,167,421
22,GET,168,375
22,GET,169,414
22,GET,170,437
22,GET,171,375
22,GET,172,355
22,GET,173,345
22,GET,174,338
22,GET,175,310
22,GET,176,292
22,GET,177,315
22,GET,178,262
22,GET,179,301
22,GET,180,261
22,GET,181,259
22,GET,182,254
22,GET,183,266
22,GET,184,247
22,GET,185,238
22,GET,186,253
22,GET,187,237
22,GET,188,225
22,GET,189,234
22,GET,190,203
22,GET,191,224
22,GET,192,199
22,GET,193,223
22,GET,194,213
22,GET,195,206
22,GET,196,220
22,GET,197,206
22,GET,198,198
22,GET,199,209
22,GET,200,221
22,GET,201,222
22,GET,202,223
22,GET,203,209
22,GET,204,183
22,GET,205,199
22,GET,206,239
22,GET,207,240
22,GET,208,221
22,GET,209,256
22,GET,210,230
22,GET,211,254
22,GET,212,253
22,GET,213,243
22,GET,214,271
22,GET,215,274
22,GET,216,256
22,GET,217,280
22,GET,218,305
22,GET,219,284
22,GET,220,320
22,GET,221,348
22,GET,222,331
22,GET,223,346
22,GET,224,352
22,GET,225,374
22,GET,226,365
22,GET,227,375
22,GET,228,383
22,GET,229,388
22,GET,230,417
22,GET,231,400
22,GET,232,423
22,GET,233,419
22,GET,234,389
22,GET,235,421
22,GET,236,412
22,GET,237,384
22,GET,238,427
22,GET,239,438
22,GET,240,412
22,GET,241,399
22,GET,242,438
22,GET,243,438
22,GET,244,387
22,GET,245,421
22,GET,246,435
22,GET,247,376
22,GET,248,371
22,GET,249,409
22,GET,250,338
22,GET,251,379
22,GET,252,316
22,GET,253,334
22,GET,254,337
22,GET,255,335
22,GET,257,653
22,GET,259,625
22,GET,261,585
22,GET,263,532
22,GET,265,538
22,GET,267,531
22,GET,269,496
22,GET,271,460
22,GET,273,446
22,GET,275,439
22,GET,277,454
22,GET,279,457
22,GET,281,444
22,GET,283,451
22,GET,285,475
22,GET,287,492
22,GET,289,591
22,GET,291,568
22,GET,293,642
22,GET,295,716
22,GET,297,805
22,GET,299,953
22,GET,301,1085
22,GET,303,1229
22,GET,305,1350
22,GET,307,1670
22,GET,309,2013
22,GET,311,2359
22,GET,313,2771
22,GET,315,3173
22,GET,317,3814
22,GET,319,4363
22,GET,321,5088
22,GET,323,5825
22,GET,325,6842
22,GET,327,7746
22,GET,329,8697
22,GET,331,9726
22,GET,333,11133
22,GET,335,12314
22,GET,337,13353
22,GET,339,14234
22,GET,341,15048
22,GET,343,15141
22,GET,345,15607
22,GET,347,15450
22,GET,349,15092
22,GET,351,14604
22,GET,353,13970
22,GET,355,12974
22,GET,357,12212
22,GET,359,11296
22,GET,361,10244
22,GET,363,9328
22,GET,365,8393
22,GET,367,7453
22,GET,369,6757
22,GET,371,6021
22,GET,373,5203
22,GET,375,4737
22,GET,377,4192
22,GET,379,3754
22,GET,381,3334
22,GET,383,2916
22,GET,385,2719
22,GET,387,2394
22,GET,389,2139
22,GET,391,1927
22,GET,393,1655
22,GET,395,1590
22,GET,397,1449
22,GET,399,1280
22,GET,401,1177
22,GET,403,1077
22,GET,405,951
22,GET,407,850
22,GET,409,818
22,GET,411,725
22,GET,413,671
22,GET,415,590
22,GET,417,550
22,GET,419,521
22,GET,421,455
22,GET,423,420
22,GET,425,393
22,GET,427,372
22,GET,429,317
22,GET,431,315
22,GET,433,312
22,GET,435,272
22,GET,437,280
22,GET,439,231
22,GET,441,223
22,GET,443,195
22,GET,445,182
22,GET,447,178
22,GET,449,172
22,GET,451,152
22,GET,453,156
22,GET,455,148
22,GET,457,128
22,GET,459,118
22,GET,461,127
22,GET,463,100
22,GET,465,93
22,GET,467,92
22,GET,469,86
22,GET,471,91
22,GET,473,86
22,GET,475,80
22,GET,477,77
22,GET,479,51
22,GET,481,57
22,GET,483,62
22,GET,485,54
22,GET,487,50
22,GET,489,50
22,GET,491,39
22,GET,493,37
22,GET,495,38
22,GET,497,37
22,GET,499,33
22,GET,501,37
22,GET,503,31
22,GET,505,24
22,GET,507,20
22,GET,509,21
22,GET,511,22
22,GET,515,61
22,GET,519,40
22,GET,523,42
22,GET,527,38
22,GET,531,30
22,GET,535,35
22,GET,539,27
22,GET,543,25
22,GET,547,23
22,GET,551,21
22,GET,555,20
22,GET,559,16
22,GET,563,31
22,GET,567,23
22,GET,571,18
22,GET,575,19
22,GET,579,15
22,GET,583,24
22,GET,587,19
22,GET,591,18
22,GET,595,12
22,GET,599,13
22,GET,603,20
22,GET,607,19
22,GET,611,12
22,GET,615,20
22,GET,619,15
22,GET,623,12
22,GET,627,9
22,GET,631,17
22,GET,635,10
22,GET,639,11
22,GET,643,11
22,GET,647,15
22,GET,651,5
22,GET,655,16
22,GET,659,6
22,GET,663,9
22,GET,667,3
22,GET,671,10
22,GET,675,5
22,GET,679,9
22,GET,683,9
22,GET,687,5
22,GET,691,4
22,GET,695,2
22,GET,699,6
22,GET,703,7
22,GET,707,9
22,GET,711,4
22,GET,715,4
22,GET,719,2
22,GET,723,9
22,GET,727,4
22,GET,731,7
22,GET,735,4
22,GET,739,5
22,GET,743,5
22,GET,747,6
22,GET,751,11
22,GET,755,5
22,GET,759,7
22,GET,763,9
22,GET,767,2
22,GET,771,1
22,GET,775,3
22,GET,779,3
22,GET,783,4
22,GET,787,4
22,GET,791,4
22,GET,795,4
22,GET,799,1
22,GET,807,1
22,GET,811,3
22,GET,819,2
22,GET,823,2
22,GET,831,3
22,GET,843,1
22,GET,859,1
22,GET,871,1
22,GET,879,1
22,GET,887,1
22,GET,891,1
22,GET,907,2
22,GET,947,1
22,GET,951,1
22,GET,955,1
22,GET,971,1
22,GET,1031,1
22,GET,1151,1
22,GET,1207,1
22,GET,1359,1
22,GET,1383,1
22,GET,1423,1
22,GET,1431,1
22,GET,1439,1
22,GET,1447,1
22,GET,1455,1
22,GET,1495,1
22,GET,1503,1
22,GET,1527,1
22,GET,1575,1
22,GET,1583,1
22,GET,1599,1
22,GET,1647,2
22,GET,1655,2
22,GET,1663,2
22,GET,1671,2
22,GET,1679,1
22,GET,1695,1
22,GET,1703,2
22,GET,1711,1
22,GET,1719,1
22,GET,1727,1
22,GET,1735,1
22,GET,1743,2
22,GET,1751,1
22,GET,1791,2
22,GET,1799,1
22,GET,1839,1
22,GET,1863,1
22,GET,1879,1
22,GET,1887,2
22,GET,1959,1
22,GET,1983,1
22,GET,2007,2
22,GET,2031,1
22,GET,2047,1
22,GET,2111,1
22,GET,2143,3
22,GET,2159,3
22,GET,2191,1
22,GET,2255,1
22,GET,2303,1
22,GET,2335,1
22,GET,2399,2
22,GET,2495,1
22,GET,2511,1
22,GET,2623,1
22,GET,2767,1
22,GET,3311,1
22,GET,3423,1
22,GET,5311,1
22,SET,80,1
22,SET,82,1
22,SET,87,2
22,SET,89,2
22,SET,90,1
22,SET,91,2
22,SET,93,1
22,SET,94,1
22,SET,95,3
22,SET,96,6
22,SET,97,6
22,SET,98,3
22,SET,99,5
22,SET,100,10
22,SET,101,7
22,SET,102,10
22,SET,103,13
22,SET,104,18
22,SET,105,17
22,SET,106,18
22,SET,107,18
22,SET,108,18
22,SET,109,13
22,SET,110,18
22,SET,111,17
22,SET,112,19
22,SET,113,23
22,SET,114,20
22,SET,115,27
22,SET,116,20
22,SET,117,26
22,SET,118,28
22,SET,119,17
22,SET,120,32
22,SET,121,28
22,SET,122,29
22,SET,123,41
22,SET,124,34
22,SET,125,32
22,SET,126,44
22,SET,127,32
22,SET,128,44
22,SET,129,46
22,SET,130,40
22,SET,131,40
22,SET,132,28
22,SET,133,56
22,SET,134,38
22,SET,135,40
22,SET,136,40
22,SET,137,44
22,SET,138,45
22,SET,139,45
22,SET,140,48
22,SET,141,47
22,SET,142,42
22,SET,143,41
22,SET,144,42
22,SET,145,56
22,SET,146,52
22,SET,147,48
22,SET,148,33
22,SET,149,55
22,SET,150,42
22,SET,151,48
22,SET,152,40
22,SET,153,52
22,SET,154,48
22,SET,155,45
22,SET,156,46
22,SET,157,34
22,SET,158,46
22,SET,159,49
22,SET,160,28
22,SET,161,38
22,SET,162,37
22,SET,163,38
22,SET,164,38
22,SET,165,28
22,SET,166,32
22,SET,167,38
22,SET,168,33
22,SET,169,28
22,SET,170,25
22,SET,171,22
22,SET,172,28
22,SET,173,21
22,SET,174,24
22,SET,175,19
22,SET,176,22
22,SET,177,22
22,SET,178,21
22,SET,179,29
22,SET,180,21
22,SET,181,19
22,SET,182,28
22,SET,183,24
22,SET,184,23
22,SET,185,20
22,SET,186,22
22,SET,187,12
22,SET,188,18
22,SET,189,15
22,SET,190,13
22,SET,191,20
22,SET,192,21
22,SET,193,14
22,SET,194,16
22,SET,195,9
22,SET,196,16
22,SET,197,10
22,SET,198,14
22,SET,199,20
22,SET,200,19
22,SET,201,21
22,SET,202,10
22,SET,203,17
22,SET,204,17
22,SET,205,14
22,SET,206,12
22,SET,207,15
22,SET,208,18
22,SET,209,21
22,SET,210,15
22,SET,211,24
22,SET,212,15
22,SET,213,15
22,SET,214,14
22,SET,215,23
22,SET,216,12
22,SET,217,17
22,SET,218,15
22,SET,219,30
22,SET,220,24
22,SET,221,25
22,SET,222,23
22,SET,223,34
22,SET,224,20
22,SET,225,28
22,SET,226,30
22,SET,227,18
22,SET,228,23
22,SET,229,36
22,SET,230,32
22,SET,231,22
22,SET,232,34
22,SET,233,26
22,SET,234,32
22,SET,235,40
22,SET,236,30
22,SET,237,19
22,SET,238,34
22,SET,239,26
22,SET,240,25
22,SET,241,33
22,SET,242,25
22,SET,243,31
22,SET,244,41
22,SET,245,29
22,SET,246,25
22,SET,247,20
22,SET,248,30
22,SET,249,30
22,SET,250,37
22,SET,251,25
22,SET,252,23
22,SET,253,33
22,SET,254,27
22,SET,255,24
22,SET,257,46
22,SET,259,47
22,SET,261,50
22,SET,263,34
22,SET,265,32
22,SET,267,40
22,SET,269,25
22,SET,271,30
22,SET,273,40
22,SET,275,39
22,SET,277,36
22,SET,279,33
22,SET,281,40
22,SET,283,30
22,SET,285,29
22,SET,287,34
22,SET,289,28
22,SET,291,49
22,SET,293,46
22,SET,295,52
22,SET,297,47
22,SET,299,55
22,SET,301,63
22,SET,303,78
22,SET,305,96
22,SET,307,102
22,SET,309,136
22,SET,311,154
22,SET,313,164
22,SET,315,200
22,SET,317,239
22,SET,319,267
22,SET,321,333
22,SET,323,350
22,SET,325,451
22,SET,327,495
22,SET,329,565
22,SET,331,703
22,SET,333,733
22,SET,335,846
22,SET,337,904
22,SET,339,1016
22,SET,341,1056
22,SET,343,1162
22,SET,345,1090
22,SET,347,1189
22,SET,349,1078
22,SET,351,1061
22,SET,353,1104
22,SET,355,958
22,SET,357,878
22,SET,359,850
22,SET,361,743
22,SET,363,700
22,SET,365,602
22,SET,367,561
22,SET,369,522
22,SET,371,460
22,SET,373,421
22,SET,375,340
22,SET,377,314
22,SET,379,278
22,SET,381,264
22,SET,383,247
22,SET,385,211
22,SET,387,167
22,SET,389,148
22,SET,391,145
22,SET,393,125
22,SET,395,124
22,SET,397,104
22,SET,399,99
22,SET,401,93
22,SET,403,64
22,SET,405,79
22,SET,407,71
22,SET,409,68
22,SET,411,57
22,SET,413,46
22,SET,415,43
22,SET,417,42
22,SET,419,42
22,SET,421,41
22,SET,423,37
22,SET,425,40
22,SET,427,22
22,SET,429,25
22,SET,431,23
22,SET,433,25
22,SET,435,24
22,SET,437,19
22,SET,439,23
22,SET,441,16
22,SET,443,15
22,SET,445,21
22,SET,447,10
22,SET,449,16
22,SET,451,6
22,SET,453,11
22,SET,455,9
22,SET,457,14
22,SET,459,6
22,SET,461,10
22,SET,463,13
22,SET,465,7
22,SET,467,7
22,SET,469,2
22,SET,471,4
22,SET,473,4
22,SET,475,10
22,SET,477,6
22,SET,479,2
22,SET,481,3
22,SET,483,2
22,SET,485,6
22,SET,487,3
22,SET,489,2
22,SET,491,6
22,SET,493,4
22,SET,495,1
22,SET,497,6
22,SET,499,3
22,SET,501,4
22,SET,503,2
22,SET,505,2
22,SET,507,2
22,SET,509,3
22,SET,511,2
22,SET,515,3
22,SET,519,2
22,SET,523,5
22,SET,527,4
22,SET,531,3
22,SET,535,2
22,SET,539,2
22,SET,547,1
22,SET,551,1
22,SET,559,2
22,SET,563,1
22,SET,567,2
22,SET,571,1
22,SET,575,1
22,SET,579,2
22,SET,583,2
22,SET,587,2
22,SET,591,1
22,SET,595,3
22,SET,611,2
22,SET,615,2
22,SET,619,2
22,SET,623,1
22,SET,627,1
22,SET,631,1
22,SET,635,1
22,SET,639,2
22,SET,655,1
22,SET,659,1
22,SET,687,1
22,SET,691,2
22,SET,695,1
22,SET,707,1
22,SET,719,1
22,SET,723,1
22,SET,739,1
22,SET,751,1
22,SET,755,1
22,SET,759,1
22,SET,779,1
22,SET,783,1
22,SET,795,1
22,SET,811,1
22,SET,823,1
22,SET,991,1
22,SET,1655,2
22,SET,1799,1
22,SET,1983,1
22,SET,2287,1
22,SET,2447,1
22,SET,2623,1
23,DEL,82,2
23,DEL,83,1
23,DEL,84,2
23,DEL,85,1
23,DEL,86,2
23,DEL,87,3
23,DEL,88,5
23,DEL,89,9
23,DEL,90,11
23,DEL,91,12
23,DEL,92,17
23,DEL,93,15
23,DEL,94,18
23,DEL,95,19
23,DEL,96,27
23,DEL,97,27
23,DEL,98,31
23,DEL,99,33
23,DEL,100,36
23,DEL,101,42
23,DEL,102,57
23,DEL,103,47
23,DEL,104,58
23,DEL,105,61
23,DEL,106,48
23,DEL,107,60
23,DEL,108,85
23,DEL,109,87
23,DEL,110,91
23,DEL,111,91
23,DEL,112,110
23,DEL,113,110
23,DEL,114,99
23,DEL,115,119
23,DEL,116,125
23,DEL,117,109
23,DEL,118,111
23,DEL,119,152
23,DEL,120,152
23,DEL,121,144
23,DEL,122,174
23,DEL,123,169
23,DEL,124,188
23,DEL,125,174
23,DEL,126,190
23,DEL,127,181
23,DEL,128,216
23,DEL,129,217
23,DEL,130,228
23,DEL,131,217
23,DEL,132,256
23,DEL,133,239
23,DEL,134,225
23,DEL,135,251
23,DEL,136,225
23,DEL,137,249
23,DEL,138,240
23,DEL,139,237
23,DEL,140,253
23,DEL,141,279
23,DEL,142,241
23,DEL,143,248
23,DEL,144,224
23,DEL,145,224
23,DEL,146,257
23,DEL,147,247
23,DEL,148,232
23,DEL,149,244
23,DEL,150,246
23,DEL,151,227
23,DEL,152,215
23,DEL,153,214
23,DEL,154,215
23,DEL,155,229
23,DEL,156,224
23,DEL,157,194
23,DEL,158,210
23,DEL,159,216
23,DEL,160,197
23,DEL,161,221
23,DEL,162,179
23,DEL,163,181
23,DEL,164,166
23,DEL,165,169
23,DEL,166,176
23,DEL,167,168
23,DEL,168,140
23,DEL,169,160
23,DEL,170,141
23,DEL,171,175
23,DEL,172,133
23,DEL,173,126
23,DEL,174,151
23,DEL,175,126
23,DEL,176,114
23,DEL,177,99
23,DEL,178,105
23,DEL,179,91
23,DEL,180,119
23,DEL,181,105
23,DEL,182,81
23,DEL,183,97
23,DEL,184,93
23,DEL,185,98
23,DEL,186,88
23,DEL,187,94
23,DEL,188,83
23,DEL,189,86
23,DEL,190,76
23,DEL,191,87
23,DEL,192,89
23,DEL,193,74
23,DEL,194,97
23,DEL,195,68
23,DEL,196,74
23,DEL,197,80
23,DEL,198,87
23,DEL,199,77
23,DEL,200,68
23,DEL,201,69
23,DEL,202,63
23,DEL,203,79
23,DEL,204,66
23,DEL,205,83
23,DEL,206,80
23,DEL,207,76
23,DEL,208,81
23,DEL,209,83
23,DEL,210,77
23,DEL,211,93
23,DEL,212,105
23,DEL,213,93
23,DEL,214,103
23,DEL,215,75
23,DEL,216,97
23,DEL,217,111
23,DEL,218,129
23,DEL,219,106
23,DEL,220,121
23,DEL,221,112
23,DEL,222,101
23,DEL,223,124
23,DEL,224,121
23,DEL,225,102
23,DEL,226,131
23,DEL,227,119
23,DEL,228,135
23,DEL,229,140
23,DEL,230,133
23,DEL,231,119
23,DEL,232,169
23,DEL,233,147
23,DEL,234,154
23,DEL,235,134
23,DEL,236,139
23,DEL,237,138
23,DEL,238,137
23,DEL,239,128
23,DEL,240,151
23,DEL,241,127
23,DEL,242,118
23,DEL,243,150
23,DEL,244,135
23,DEL,245,158
23,DEL,246,140
23,DEL,247,128
23,DEL,248,119
23,DEL,249,147
23,DEL,250,122
23,DEL,251,134
23,DEL,252,135
23,DEL,253,111
23,DEL,254,120
23,DEL,255,130
23,DEL,257,231
23,DEL,259,229
23,DEL,261,215
23,DEL,263,214
23,DEL,265,190
23,DEL,267,166
23,DEL,269,218
23,DEL,271,184
23,DEL,273,186
23,DEL,275,187
23,DEL,277,167
23,DEL,279,189
23,DEL,281,156
23,DEL,283,169
23,DEL,285,179
23,DEL,287,201
23,DEL,289,214
23,DEL,291,247
23,DEL,293,270
23,DEL,295,319
23,DEL,297,333
23,DEL,299,396
23,DEL,301,461
23,DEL,303,499
23,DEL,305,679
23,DEL,307,702
23,DEL,309,890
23,DEL,311,1036
23,DEL,313,1210
23,DEL,315,1448
23,DEL,317,1626
23,DEL,319,1864
23,DEL,321,2132
23,DEL,323,2399
23,DEL,325,2782
23,DEL,327,2945
23,DEL,329,3288
23,DEL,331,3624
23,DEL,333,3747
23,DEL,335,4057
23,DEL,337,4286
23,DEL,339,4573
23,DEL,341,4691
23,DEL,343,4770
23,DEL,345,4677
23,DEL,347,4866
23,DEL,349,4685
23,DEL,351,4490
23,DEL,353,4484
23,DEL,355,4231
23,DEL,357,4024
23,DEL,359,3907
23,DEL,361,3668
23,DEL,363,3296
23,DEL,365,3138
23,DEL,367,2880
23,DEL,369,2478
23,DEL,371,2420
23,DEL,373,2162
23,DEL,375,1932
23,DEL,377,1849
23,DEL,379,1607
23,DEL,381,1437
23,DEL,383,1286
23,DEL,385,1135
23,DEL,387,1039
23,DEL,389,874
23,DEL,391,830
23,DEL,393,742
23,DEL,395,716
23,DEL,397,582
23,DEL,399,528
23,DEL,401,510
23,DEL,403,465
23,DEL,405,399
23,DEL,407,383
23,DEL,409,319
23,DEL,411,294
23,DEL,413,278
23,DEL,415,215
23,DEL,417,200
23,DEL,419,214
23,DEL,421,180
23,DEL,423,177
23,DEL,425,175
23,DEL,427,145
23,DEL,429,137
23,DEL,431,109
23,DEL,433,107
23,DEL,435,98
23,DEL,437,108
23,DEL,439,93
23,DEL,441,61
23,DEL,443,74
23,DEL,445,72
23,DEL,447,79
23,DEL,449,59
23,DEL,451,52
23,DEL,453,47
23,DEL,455,46
23,DEL,457,42
23,DEL,459,47
23,DEL,461,38
23,DEL,463,37
23,DEL,465,38
23,DEL,467,26
23,DEL,469,25
23,DEL,471,28
23,DEL,473,41
23,DEL,475,22
23,DEL,477,30
23,DEL,479,21
23,DEL,481,17
23,DEL,483,15
23,DEL,485,22
23,DEL,487,19
23,DEL,489,17
23,DEL,491,25
23,DEL,493,15
23,DEL,495,13
23,DEL,497,12
23,DEL,499,14
23,DEL,501,8
23,DEL,503,9
23,DEL,505,15
23,DEL,507,11
23,DEL,509,5
23,DEL,511,8
23,DEL,515,16
23,DEL,519,19
23,DEL,523,13
23,DEL,527,15
23,DEL,531,7
23,DEL,535,20
23,DEL,539,9
23,DEL,543,10
23,DEL,547,13
23,DEL,551,9
23,DEL,555,5
23,DEL,559,9
23,DEL,563,7
23,DEL,567,10
23,DEL,571,7
23,DEL,575,5
23,DEL,579,7
23,DEL,583,6
23,DEL,587,9
23,DEL,591,10
23,DEL,595,8
23,DEL,599,4
23,DEL,603,5
23,DEL,607,3
23,DEL,611,6
23,DEL,615,8
23,DEL,619,7
23,DEL,623,5
23,DEL,627,7
23,DEL,631,6
23,DEL,635,4
23,DEL,639,2
23,DEL,643,4
23,DEL,647,2
23,DEL,651,2
23,DEL,655,1
23,DEL,659,3
23,DEL,663,2
23,DEL,667,5
23,DEL,671,4
23,DEL,675,1
23,DEL,679,3
23,DEL,683,2
23,DEL,687,2
23,DEL,691,3
23,DEL,695,3
23,DEL,699,1
23,DEL,703,3
23,DEL,707,1
23,DEL,711,1
23,DEL,715,1
23,DEL,723,4
23,DEL,727,1
23,DEL,731,2
23,DEL,735,1
23,DEL,739,3
23,DEL,743,3
23,DEL,747,2
23,DEL,755,2
23,DEL,759,1
23,DEL,763,3
23,DEL,767,2
23,DEL,783,2
23,DEL,791,1
23,DEL,799,1
23,DEL,803,1
23,DEL,815,2
23,DEL,819,1
23,DEL,823,1
23,DEL,827,2
23,DEL,831,2
23,DEL,839,1
23,DEL,847,2
23,DEL,883,1
23,DEL,1367,1
23,DEL,1463,1
23,DEL,1519,1
23,DEL,1527,1
23,DEL,1559,1
23,DEL,1575,1
23,DEL,1647,2
23,DEL,1655,1
23,DEL,1671,1
23,DEL,1679,1
23,DEL,1687,1
23,DEL,1695,3
23,DEL,1711,1
23,DEL,1783,1
23,DEL,1895,1
23,DEL,1903,2
23,DEL,1911,1
23,DEL,2015,1
23,DEL,2063,2
23,DEL,2143,1
23,DEL,2319,1
23,DEL,2383,1
23,DEL,2431,1
23,DEL,2463,1
23,DEL,2495,1
23,DEL,2591,1
23,GET,80,2
23,GET,81,2
23,GET,82,1
23,GET,83,2
23,GET,84,5
23,GET,85,18
23,GET,86,12
23,GET,87,15
23,GET,88,20
23,GET,89,26
23,GET,90,22
23,GET,91,47
23,GET,92,39
23,GET,93,50
23,GET,94,53
23,GET,95,71
23,GET,96,75
23,GET,97,89
23,GET,98,99
23,GET,99,107
23,GET,100,98
23,GET,101,123
23,GET,102,130
23,GET,103,159
23,GET,104,152
23,GET,105,165
23,GET,106,208
23,GET,107,200
23,GET,108,205
23,GET,109,233
23,GET,110,241
23,GET,111,232
23,GET,112,252
23,GET,113,269
23,GET,114,316
23,GET,115,328
23,GET,116,356
23,GET,117,359
23,GET,118,392
23,GET,119,420
23,GET,120,442
23,GET,121,412
23,GET,122,446
23,GET,123,492
23,GET,124,466
23,GET,125,500
23,GET,126,516
23,GET,127,572
23,GET,128,563
23,GET,129,563
23,GET,130,638
23,GET,131,632
23,GET,132,616
23,GET,133,646
23,GET,134,638
23,GET,135,639
23,GET,136,672
23,GET,137,660
23,GET,138,655
23,GET,139,695
23,GET,140,655
23,GET,141,731
23,GET,142,690
23,GET,143,676
23,GET,144,708
23,GET,145,686
23,GET,146,680
23,GET,147,691
23,GET,148,635
23,GET,149,678
23,GET,150,662
23,GET,151,670
23,GET,152,640
23,GET,153,694
23,GET,154,605
23,GET,155,634
23,GET,156,562
23,GET,157,604
23,GET,158,597
23,GET,159,569
23,GET,160,552
23,GET,161,533
23,GET,162,537
23,GET,163,469
23,GET,164,462
23,GET,165,498
23,GET,166,483
23,GET,167,478
23,GET,168,470
23,GET,169,387
23,GET,170,404
23,GET,171,380
23,GET,172,374
23,GET,173,418
23,GET,174,365
23,GET,175,362
23,GET,176,325
23,GET,177,336
23,GET,178,340
23,GET,179,295
23,GET,180,299
23,GET,181,285
23,GET,182,296
23,GET,183,286
23,GET,184,245
23,GET,185,242
23,GET,186,237
23,GET,187,265
23,GET,188,262
23,GET,189,246
23,GET,190,238
23,GET,191,216
23,GET,192,223
23,GET,193,219
23,GET,194,212
23,GET,195,203
23,GET,196,224
23,GET,197,207
23,GET,198,196
23,GET,199,205
23,GET,200,203
23,GET,201,188
23,GET,202,207
23,GET,203,213
23,GET,204,213
23,GET,205,211
23,GET,206,212
23,GET,207,245
23,GET,208,271
23,GET,209,227
23,GET,210,248
23,GET,211,267
23,GET,212,248
23,GET,213,249
23,GET,214,247
23,GET,215,289
23,GET,216,279
23,GET,217,290
23,GET,218,277
23,GET,219,283
23,GET,220,299
23,GET,221,329
23,GET,222,332
23,GET,223,316
23,GET,224,304
23,GET,225,344
23,GET,226,344
23,GET,227,346
23,GET,228,328
23,GET,229,368
23,GET,230,372
23,GET,231,350
23,GET,232,377
23,GET,233,367
23,GET,234,402
23,GET,235,377
23,GET,236,357
23,GET,237,403
23,GET,238,401
23,GET,239,353
23,GET,240,369
23,GET,241,383
23,GET,242,377
23,GET,243,405
23,GET,244,397
23,GET,245,407
23,GET,246,380
23,GET,247,368
23,GET,248,350
23,GET,249,371
23,GET,250,358
23,GET,251,346
23,GET,252,347
23,GET,253,374
23,GET,254,359
23,GET,255,320
23,GET,257,620
23,GET,259,634
23,GET,261,570
23,GET,263,611
23,GET,265,584
23,GET,267,490
23,GET,269,514
23,GET,271,498
23,GET,273,492
23,GET,275,503
23,GET,277,459
23,GET,279,489
23,GET,281,495
23,GET,283,515
23,GET,285,514
23,GET,287,571
23,GET,289,558
23,GET,291,703
23,GET,293,712
23,GET,295,806
23,GET,297,930
23,GET,299,1062
23,GET,301,1314
23,GET,303,1525
23,GET,305,1720
23,GET,307,2050
23,GET,309,2493
23,GET,311,2895
23,GET,313,3368
23,GET,315,3832
23,GET,317,4455
23,GET,319,5203
23,GET,321,5827
23,GET,323,6827
23,GET,325,7522
23,GET,327,8272
23,GET,329,9197
23,GET,331,9938
23,GET,333,10630
23,GET,335,11339
23,GET,337,11974
23,GET,339,12315
23,GET,341,12838
23,GET,343,13263
23,GET,345,13408
23,GET,347,13228
23,GET,349,13125
23,GET,351,12678
23,GET,353,12493
23,GET,355,11847
23,GET,357,11584
23,GET,359,10912
23,GET,361,10055
23,GET,363,9476
23,GET,365,8675
23,GET,367,8001
23,GET,369,7324
23,GET,371,6774
23,GET,373,6046
23,GET,375,5568
23,GET,377,4953
23,GET,379,4595
23,GET,381,3974
23,GET,383,3619
23,GET,385,3221
23,GET,387,2955
23,GET,389,2615
23,GET,391,2379
23,GET,393,2055
23,GET,395,1867
23,GET,397,1645
23,GET,399,1497
23,GET,401,1340
23,GET,403,1196
23,GET,405,1067
23,GET,407,973
23,GET,409,904
23,GET,411,819
23,GET,413,740
23,GET,415,637
23,GET,417,627
23,GET,419,569
23,GET,421,533
23,GET,423,471
23,GET,425,429
23,GET,427,393
23,GET,429,382
23,GET,431,329
23,GET,433,324
23,GET,435,308
23,GET,437,273
23,GET,439,271
23,GET,441,274
23,GET,443,200
23,GET,445,205
23,GET,447,186
23,GET,449,189
23,GET,451,187
23,GET,453,144
23,GET,455,125
23,GET,457,109
23,GET,459,114
23,GET,461,117
23,GET,463,116
23,GET,465,97
23,GET,467,79
23,GET,469,91
23,GET,471,90
23,GET,473,78
23,GET,475,74
23,GET,477,77
23,GET,479,61
23,GET,481,58
23,GET,483,49
23,GET,485,51
23,GET,487,46
23,GET,489,51
23,GET,491,44
23,GET,493,40
23,GET,495,34
23,GET,497,30
23,GET,499,34
23,GET,501,33
23,GET,503,34
23,GET,505,35
23,GET,507,28
23,GET,509,27
23,GET,511,24
23,GET,515,55
23,GET,519,42
23,GET,523,32
23,GET,527,45
23,GET,531,27
23,GET,535,37
23,GET,539,27
23,GET,543,32
23,GET,547,26
23,GET,551,18
23,GET,555,26
23,GET,559,28
23,GET,563,15
23,GET,567,24
23,GET,571,18
23,GET,575,27
23,GET,579,12
23,GET,583,25
23,GET,587,13
23,GET,591,16
23,GET,595,17
23,GET,599,22
23,GET,603,14
23,GET,607,16
23,GET,611,17
23,GET,615,22
23,GET,619,17
23,GET,623,18
23,GET,627,13
23,GET,631,9
23,GET,635,9
23,GET,639,10
23,GET,643,13
23,GET,647,12
23,GET,651,12
23,GET,655,13
23,GET,659,7
23,GET,663,10
23,GET,667,8
23,GET,671,12
23,GET,675,9
23,GET,679,7
23,GET,683,7
23,GET,687,5
23,GET,691,8
23,GET,695,7
23,GET,699,4
23,GET,703,2
23,GET,707,10
23,GET,711,5
23,GET,715,6
23,GET,723,10
23,GET,727,9
23,GET,731,5
23,GET,735,10
23,GET,739,3
23,GET,743,6
23,GET,747,6
23,GET,751,6
23,GET,755,3
23,GET,759,3
23,GET,763,2
23,GET,767,5
23,GET,771,6
23,GET,775,5
23,GET,779,2
23,GET,783,5
23,GET,787,4
23,GET,791,1
23,GET,795,1
23,GET,803,1
23,GET,807,2
23,GET,811,2
23,GET,815,2
23,GET,819,3
23,GET,823,2
23,GET,827,1
23,GET,831,2
23,GET,835,2
23,GET,839,1
23,GET,859,1
23,GET,863,1
23,GET,867,1
23,GET,871,1
23,GET,879,2
23,GET,887,1
23,GET,911,1
23,GET,923,1
23,GET,927,1
23,GET,1003,1
23,GET,1019,1
23,GET,1223,1
23,GET,1239,1
23,GET,1439,1
23,GET,1479,1
23,GET,1487,2
23,GET,1511,1
23,GET,1519,1
23,GET,1527,2
23,GET,1543,1
23,GET,1583,1
23,GET,1591,1
23,GET,1623,1
23,GET,1631,2
23,GET,1639,2
23,GET,1647,1
23,GET,1655,2
23,GET,1663,2
23,GET,1679,3
23,GET,1687,4
23,GET,1695,1
23,GET,1703,3
23,GET,1711,1
23,GET,1719,1
23,GET,1727,1
23,GET,1743,1
23,GET,1759,1
23,GET,1783,1
23,GET,1799,1
23,GET,1815,1
23,GET,1823,1
23,GET,1847,3
23,GET,1855,1
23,GET,1887,1
23,GET,2007,1
23,GET,2063,2
23,GET,2127,2
23,GET,2191,1
23,GET,2207,1
23,GET,2255,2
23,GET,2383,1
23,GET,2399,2
23,GET,2447,1
23,GET,2527,1
23,GET,3007,1
23,GET,3167,1
23,GET,3199,1
23,GET,3247,1
23,GET,3471,1
23,GET,4015,1
23,GET,5343,1
23,SET,85,1
23,SET,86,2
23,SET,87,1
23,SET,88,1
23,SET,89,2
23,SET,90,2
23,SET,91,2
23,SET,92,2
23,SET,93,1
23,SET,94,5
23,SET,95,6
23,SET,96,4
23,SET,97,5
23,SET,98,3
23,SET,99,9
23,SET,100,7
23,SET,101,7
23,SET,102,6
23,SET,103,10
23,SET,104,15
23,SET,105,7
23,SET,106,15
23,SET,107,18
23,SET,108,5
23,SET,109,17
23,SET,110,18
23,SET,111,10
23,SET,112,25
23,SET,113,19
23,SET,114,23
23,SET,115,21
23,SET,116,27
23,SET,117,21
23,SET,118,30
23,SET,119,32
23,SET,120,27
23,SET,121,23
23,SET,122,29
23,SET,123,28
23,SET,124,37
23,SET,125,26
23,SET,126,35
23,SET,127,35
23,SET,128,36
23,SET,129,41
23,SET,130,34
23,SET,131,46
23,SET,132,31
23,SET,133,55
23,SET,134,45
23,SET,135,42
23,SET,136,48
23,SET,137,46
23,SET,138,27
23,SET,139,43
23,SET,140,38
23,SET,141,43
23,SET,142,48
23,SET,143,53
23,SET,144,40
23,SET,145,42
23,SET,146,58
23,SET,147,50
23,SET,148,54
23,SET,149,57
23,SET,150,51
23,SET,151,56
23,SET,152,51
23,SET,153,40
23,SET,154,49
23,SET,155,39
23,SET,156,46
23,SET,157,45
23,SET,158,35
23,SET,159,41
23,SET,160,38
23,SET,161,40
23,SET,162,47
23,SET,163,39
23,SET,164,38
23,SET,165,43
23,SET,166,37
23,SET,167,36
23,SET,168,30
23,SET,169,39
23,SET,170,31
23,SET,171,32
23,SET,172,38
23,SET,173,27
23,SET,174,17
23,SET,175,25
23,SET,176,23
23,SET,177,21
23,SET,178,24
23,SET,179,29
23,SET,180,20
23,SET,181,26
23,SET,182,26
23,SET,183,23
23,SET,184,14
23,SET,185,26
23,SET,186,20
23,SET,187,22
23,SET,188,12
23,SET,189,8
23,SET,190,13
23,SET,191,18
23,SET,192,15
23,SET,193,11
23,SET,194,20
23,SET,195,10
23,SET,196,13
23,SET,197,15
23,SET,198,21
23,SET,199,16
23,SET,200,14
23,SET,201,22
23,SET,202,13
23,SET,203,12
23,SET,204,17
23,SET,205,12
23,SET,206,18
23,SET,207,18
23,SET,208,15
23,SET,209,16
23,SET,210,15
23,SET,211,11
23,SET,212,13
23,SET,213,27
23,SET,214,19
23,SET,215,21
23,SET,216,22
23,SET,217,24
23,SET,218,15
23,SET,219,19
23,SET,220,28
23,SET,221,28
23,SET,222,29
23,SET,223,18
23,SET,224,35
23,SET,225,22
23,SET,226,25
23,SET,227,17
23,SET,228,29
23,SET,229,22
23,SET,230,42
23,SET,231,26
23,SET,232,34
23,SET,233,29
23,SET,234,26
23,SET,235,23
23,SET,236,23
23,SET,237,25
23,SET,238,27
23,SET,239,30
23,SET,240,19
23,SET,241,24
23,SET,242,19
23,SET,243,26
23,SET,244,18
23,SET,245,29
23,SET,246,28
23,SET,247,26
23,SET,248,23
23,SET,249,26
23,SET,250,23
23,SET,251,30
23,SET,252,32
23,SET,253,26
23,SET,254,19
23,SET,255,26
23,SET,257,53
23,SET,259,49
23,SET,261,43
23,SET,263,38
23,SET,265,39
23,SET,267,38
23,SET,269,43
23,SET,271,39
23,SET,273,39
23,SET,275,51
23,SET,277,35
23,SET,279,47
23,SET,281,32
23,SET,283,52
23,SET,285,41
23,SET,287,38
23,SET,289,41
23,SET,291,32
23,SET,293,53
23,SET,295,57
23,SET,297,45
23,SET,299,73
23,SET,301,94
23,SET,303,86
23,SET,305,120
23,SET,307,139
23,SET,309,141
23,SET,311,187
23,SET,313,229
23,SET,315,235
23,SET,317,361
23,SET,319,379
23,SET,321,403
23,SET,323,434
23,SET,325,529
23,SET,327,549
23,SET,329,622
23,SET,331,708
23,SET,333,722
23,SET,335,835
23,SET,337,869
23,SET,339,907
23,SET,341,932
23,SET,343,921
23,SET,345,950
23,SET,347,943
23,SET,349,990
23,SET,351,943
23,SET,353,955
23,SET,355,832
23,SET,357,793
23,SET,359,771
23,SET,361,761
23,SET,363,717
23,SET,365,609
23,SET,367,579
23,SET,369,554
23,SET,371,498
23,SET,373,489
23,SET,375,461
23,SET,377,378
23,SET,379,355
23,SET,381,308
23,SET,383,271
23,SET,385,266
23,SET,387,215
23,SET,389,201
23,SET,391,187
23,SET,393,146
23,SET,395,155
23,SET,397,125
23,SET,399,116
23,SET,401,96
23,SET,403,116
23,SET,405,79
23,SET,407,67
23,SET,409,85
23,SET,411,68
23,SET,413,60
23,SET,415,48
23,SET,417,46
23,SET,419,41
23,SET,421,41
23,SET,423,37
23,SET,425,31
23,SET,427,29
23,SET,429,26
23,SET,431,35
23,SET,433,24
23,SET,435,21
23,SET,437,21
23,SET,439,17
23,SET,441,19
23,SET,443,14
23,SET,445,14
23,SET,447,9
23,SET,449,13
23,SET,451,7
23,SET,453,12
23,SET,455,16
23,SET,457,12
23,SET,459,4
23,SET,461,12
23,SET,463,12
23,SET,465,6
23,SET,467,1
23,SET,469,4
23,SET,471,2
23,SET,473,8
23,SET,475,7
23,SET,477,7
23,SET,479,5
23,SET,481,3
23,SET,483,3
23,SET,485,4
23,SET,487,1
23,SET,489,5
23,SET,491,2
23,SET,493,4
23,SET,495,3
23,SET,497,4
23,SET,499,1
23,SET,501,1
23,SET,505,1
23,SET,507,1
23,SET,509,2
23,SET,515,2
23,SET,519,4
23,SET,523,2
23,SET,531,5
23,SET,535,1
23,SET,539,2
23,SET,547,3
23,SET,551,1
23,SET,559,2
23,SET,563,1
23,SET,567,1
23,SET,571,1
23,SET,575,1
23,SET,579,1
23,SET,583,4
23,SET,587,1
23,SET,611,1
23,SET,615,1
23,SET,619,3
23,SET,627,1
23,SET,639,2
23,SET,643,3
23,SET,655,1
23,SET,663,3
23,SET,667,2
23,SET,679,1
23,SET,695,1
23,SET,699,1
23,SET,703,1
23,SET,731,1
23,SET,739,1
23,SET,775,1
23,SET,783,3
23,SET,791,1
23,SET,795,1
23,SET,823,1
23,SET,947,1
23,SET,1503,1
23,SET,1663,1
23,SET,1695,1
23,SET,1775,1
23,SET,2191,1
23,SET,2223,1
24,GET,77,1
24,GET,78,2
24,GET,79,1
24,GET,80,1
24,GET,81,3
24,GET,82,3
24,GET,83,3
24,GET,84,5
24,GET,85,10
24,GET,86,11
24,GET,87,20
24,GET,88,20
24,GET,89,31
24,GET,90,32
24,GET,91,37
24,GET,92,41
24,GET,93,55
24,GET,94,60
24,GET,95,61
24,GET,96,79
24,GET,97,87
24,GET,98,95
24,GET,99,96
24,GET,100,121
24,GET,101,123
24,GET,102,119
24,GET,103,133
24,GET,104,173
24,GET,105,177
24,GET,106,184
24,GET,107,212
24,GET,108,204
24,GET,109,217
24,GET,110,209
24,GET,111,263
24,GET,112,280
24,GET,113,278
24,GET,114,308
24,GET,115,308
24,GET,116,333
24,GET,117,400
24,GET,118,374
24,GET,119,372
24,GET,120,403
24,GET,121,411
24,GET,122,477
24,GET,123,484
24,GET,124,488
24,GET,125,534
24,GET,126,507
24,GET,127,556
24,GET,128,502
24,GET,129,601
24,GET,130,666
24,GET,131,597
24,GET,132,610
24,GET,133,639
24,GET,134,627
24,GET,135,683
24,GET,136,660
24,GET,137,703
24,GET,138,656
24,GET,139,689
24,GET,140,677
24,GET,141,641
24,GET,142,691
24,GET,143,726
24,GET,144,667
24,GET,145,693
24,GET,146,707
24,GET,147,696
24,GET,148,684
24,GET,149,684
24,GET,150,706
24,GET,151,699
24,GET,152,641
24,GET,153,618
24,GET,154,623
24,GET,155,625
24,GET,156,655
24,GET,157,607
24,GET,158,570
24,GET,159,579
24,GET,160,566
24,GET,161,525
24,GET,162,534
24,GET,163,480
24,GET,164,501
24,GET,165,506
24,GET,166,465
24,GET,167,476
24,GET,168,463
24,GET,169,433
24,GET,170,432
24,GET,171,417
24,GET,172,420
24,GET,173,391
24,GET,174,358
24,GET,175,354
24,GET,176,339
24,GET,177,310
24,GET,178,313
24,GET,179,306
24,GET,180,320
24,GET,181,281
24,GET,182,246
24,GET,183,250
24,GET,184,260
24,GET,185,199
24,GET,186,267
24,GET,187,244
24,GET,188,218
24,GET,189,210
24,GET,190,230
24,GET,191,203
24,GET,192,210
24,GET,193,191
24,GET,194,169
24,GET,195,200
24,GET,196,195
24,GET,197,197
24,GET,198,197
24,GET,199,197
24,GET,200,216
24,GET,201,204
24,GET,202,193
24,GET,203,198
24,GET,204,200
24,GET,205,182
24,GET,206,187
24,GET,207,216
24,GET,208,186
24,GET,209,224
24,GET,210,227
24,GET,211,224
24,GET,212,214
24,GET,213,206
24,GET,214,250
24,GET,215,269
24,GET,216,264
24,GET,217,273
24,GET,218,279
24,GET,219,282
24,GET,220,273
24,GET,221,319
24,GET,222,296
24,GET,223,306
24,GET,224,334
24,GET,225,322
24,GET,226,325
24,GET,227,354
24,GET,228,342
24,GET,229,361
24,GET,230,362
24,GET,231,332
24,GET,232,387
24,GET,233,395
24,GET,234,381
24,GET,235,409
24,GET,236,402
24,GET,237,362
24,GET,238,410
24,GET,239,403
24,GET,240,384
24,GET,241,368
24,GET,242,420
24,GET,243,376
24,GET,244,390
24,GET,245,381
24,GET,246,369
24,GET,247,362
24,GET,248,371
24,GET,249,364
24,GET,250,370
24,GET,251,342
24,GET,252,334
24,GET,253,335
24,GET,254,347
24,GET,255,338
24,GET,257,631
24,GET,259,648
24,GET,261,627
24,GET,263,591
24,GET,265,565
24,GET,267,513
24,GET,269,509
24,GET,271,501
24,GET,273,507
24,GET,275,534
24,GET,277,501
24,GET,279,468
24,GET,281,505
24,GET,283,524
24,GET,285,490
24,GET,287,554
24,GET,289,609
24,GET,291,648
24,GET,293,688
24,GET,295,830
24,GET,297,881
24,GET,299,1064
24,GET,301,1222
24,GET,303,1416
24,GET,305,1642
24,GET,307,2079
24,GET,309,2389
24,GET,311,2827
24,GET,313,3315
24,GET,315,3877
24,GET,317,4453
24,GET,319,5115
24,GET,321,5968
24,GET,323,6677
24,GET,325,7528
24,GET,327,8382
24,GET,329,9235
24,GET,331,9982
24,GET,333,10607
24,GET,335,11434
24,GET,337,12116
24,GET,339,12612
24,GET,341,13286
24,GET,343,13202
24,GET,345,13554
24,GET,347,13482
24,GET,349,13241
24,GET,351,13015
24,GET,353,12722
24,GET,355,12062
24,GET,357,11504
24,GET,359,10861
24,GET,361,10130
24,GET,363,9289
24,GET,365,8668
24,GET,367,7926
24,GET,369,7215
24,GET,371,6651
24,GET,373,5923
24,GET,375,5295
24,GET,377,4885
24,GET,379,4486
24,GET,381,4156
24,GET,383,3513
24,GET,385,3174
24,GET,387,2917
24,GET,389,2510
24,GET,391,2238
24,GET,393,2041
24,GET,395,1784
24,GET,397,1595
24,GET,399,1535
24,GET,401,1354
24,GET,403,1240
24,GET,405,1073
24,GET,407,937
24,GET,409,899
24,GET,411,833
24,GET,413,737
24,GET,415,646
24,GET,417,589
24,GET,419,586
24,GET,421,568
24,GET,423,494
24,GET,425,471
24,GET,427,405
24,GET,429,392
24,GET,431,375
24,GET,433,345
24,GET,435,301
24,GET,437,247
24,GET,439,251
24,GET,441,217
24,GET,443,231
24,GET,445,207
24,GET,447,185
24,GET,449,178
24,GET,451,157
24,GET,453,143
24,GET,455,137
24,GET,457,134
24,GET,459,133
24,GET,461,111
24,GET,463,126
24,GET,465,110
24,GET,467,110
24,GET,469,89
24,GET,471,97
24,GET,473,87
24,GET,475,68
24,GET,477,68
24,GET,479,62
24,GET,481,69
24,GET,483,59
24,GET,485,54
24,GET,487,40
24,GET,489,57
24,GET,491,52
24,GET,493,56
24,GET,495,44
24,GET,497,40
24,GET,499,51
24,GET,501,44
24,GET,503,32
24,GET,505,39
24,GET,507,40
24,GET,509,22
24,GET,511,32
24,GET,515,61
24,GET,519,47
24,GET,523,48
24,GET,527,39
24,GET,531,21
24,GET,535,43
24,GET,539,40
24,GET,543,20
24,GET,547,32
24,GET,551,26
24,GET,555,17
24,GET,559,25
24,GET,563,25
24,GET,567,24
24,GET,571,18
24,GET,575,18
24,GET,579,18
24,GET,583,15
24,GET,587,14
24,GET,591,20
24,GET,595,22
24,GET,599,18
24,GET,603,13
24,GET,607,21
24,GET,611,22
24,GET,615,19
24,GET,619,17
24,GET,623,22
24,GET,627,17
24,GET,631,13
24,GET,635,15
24,GET,639,13
24,GET,643,10
24,GET,647,9
24,GET,651,10
24,GET,655,8
24,GET,659,13
24,GET,663,9
24,GET,667,8
24,GET,671,8
24,GET,675,3
24,GET,679,9
24,GET,683,9
24,GET,687,2
24,GET,691,4
24,GET,695,6
24,GET,699,8
24,GET,703,5
24,GET,707,3
24,GET,711,6
24,GET,715,9
24,GET,719,2
24,GET,723,4
24,GET,727,5
24,GET,731,3
24,GET,735,6
24,GET,739,10
24,GET,743,7
24,GET,747,9
24,GET,751,3
24,GET,755,2
24,GET,759,4
24,GET,763,3
24,GET,767,2
24,GET,771,4
24,GET,775,1
24,GET,779,1
24,GET,783,5
24,GET,787,1
24,GET,791,2
24,GET,795,1
24,GET,799,5
24,GET,803,2
24,GET,807,1
24,GET,815,3
24,GET,819,2
24,GET,831,1
24,GET,835,2
24,GET,839,1
24,GET,843,3
24,GET,847,1
24,GET,851,1
24,GET,855,1
24,GET,859,1
24,GET,863,1
24,GET,871,1
24,GET,875,1
24,GET,883,1
24,GET,891,1
24,GET,895,1
24,GET,911,1
24,GET,927,1
24,GET,935,1
24,GET,943,1
24,GET,995,1
24,GET,1207,1
24,GET,1279,1
24,GET,1375,1
24,GET,1423,1
24,GET,1431,1
24,GET,1447,1
24,GET,1471,1
24,GET,1527,1
24,GET,1535,2
24,GET,1543,2
24,GET,1567,1
24,GET,1575,4
24,GET,1583,1
24,GET,1599,1
24,GET,1607,1
24,GET,1623,1
24,GET,1639,2
24,GET,1647,2
24,GET,1663,3
24,GET,1671,1
24,GET,1687,3
24,GET,1695,1
24,GET,1703,3
24,GET,1719,1
24,GET,1727,2
24,GET,1743,1
24,GET,1751,1
24,GET,1759,2
24,GET,1799,1
24,GET,1815,1
24,GET,1855,1
24,GET,1879,1
24,GET,1959,1
24,GET,1983,1
24,GET,2015,2
24,GET,2063,1
24,GET,2079,2
24,GET,2111,1
24,GET,2127,2
24,GET,2143,1
24,GET,2159,2
24,GET,2175,1
24,GET,2223,2
24,GET,2287,1
24,GET,2319,1
24,GET,2399,1
24,GET,2463,1
24,GET,2479,1
24,GET,2495,2
24,GET,2559,1
24,GET,2607,1
24,GET,3247,1
24,GET,5375,1
24,DEL,78,1
24,DEL,80,1
24,DEL,81,1
24,DEL,83,4
24,DEL,85,5
24,DEL,86,4
24,DEL,87,3
24,DEL,88,6
24,DEL,89,4
24,DEL,90,13
24,DEL,91,19
24,DEL,92,19
24,DEL,93,21
24,DEL,94,20
24,DEL,95,32
24,DEL,96,30
24,DEL,97,23
24,DEL,98,36
24,DEL,99,42
24,DEL,100,42
24,DEL,101,44
24,DEL,102,50
24,DEL,103,59
24,DEL,104,58
24,DEL,105,48
24,DEL,106,60
24,DEL,107,57
24,DEL,108,67
24,DEL,109,75
24,DEL,110,65
24,DEL,111,107
24,DEL,112,106
24,DEL,113,108
24,DEL,114,126
24,DEL,115,119
24,DEL,116,116
24,DEL,117,117
24,DEL,118,132
24,DEL,119,138
24,DEL,120,131
24,DEL,121,143
24,DEL,122,174
24,DEL,123,192
24,DEL,124,189
24,DEL,125,178
24,DEL,126,166
24,DEL,127,190
24,DEL,128,231
24,DEL,129,237
24,DEL,130,241
24,DEL,131,228
24,DEL,132,235
24,DEL,133,228
24,DEL,134,244
24,DEL,135,204
24,DEL,136,217
24,DEL,137,242
24,DEL,138,245
24,DEL,139,240
24,DEL,140,240
24,DEL,141,225
24,DEL,142,241
24,DEL,143,225
24,DEL,144,234
24,DEL,145,248
24,DEL,146,255
24,DEL,147,229
24,DEL,148,268
24,DEL,149,268
24,DEL,150,252
24,DEL,151,268
24,DEL,152,242
24,DEL,153,249
24,DEL,154,233
24,DEL,155,254
24,DEL,156,217
24,DEL,157,223
24,DEL,158,234
24,DEL,159,214
24,DEL,160,191
24,DEL,161,190
24,DEL,162,211
24,DEL,163,161
24,DEL,164,163
24,DEL,165,180
24,DEL,166,175
24,DEL,167,185
24,DEL,168,178
24,DEL,169,152
24,DEL,170,153
24,DEL,171,146
24,DEL,172,153
24,DEL,173,147
24,DEL,174,135
24,DEL,175,151
24,DEL,176,132
24,DEL,177,123
24,DEL,178,111
24,DEL,179,120
24,DEL,180,118
24,DEL,181,85
24,DEL,182,99
24,DEL,183,117
24,DEL,184,95
24,DEL,185,99
24,DEL,186,82
24,DEL,187,98
24,DEL,188,86
24,DEL,189,75
24,DEL,190,83
24,DEL,191,91
24,DEL,192,75
24,DEL,193,81
24,DEL,194,75
24,DEL,195,83
24,DEL,196,69
24,DEL,197,63
24,DEL,198,65
24,DEL,199,90
24,DEL,200,73
24,DEL,201,71
24,DEL,202,76
24,DEL,203,61
24,DEL,204,55
24,DEL,205,78
24,DEL,206,71
24,DEL,207,69
24,DEL,208,72
24,DEL,209,88
24,DEL,210,65
24,DEL,211,66
24,DEL,212,69
24,DEL,213,78
24,DEL,214,89
24,DEL,215,85
24,DEL,216,94
24,DEL,217,89
24,DEL,218,97
24,DEL,219,91
24,DEL,220,105
24,DEL,221,108
24,DEL,222,120
24,DEL,223,111
24,DEL,224,113
24,DEL,225,111
24,DEL,226,129
24,DEL,227,117
24,DEL,228,132
24,DEL,229,127
24,DEL,230,159
24,DEL,231,143
24,DEL,232,127
24,DEL,233,141
24,DEL,234,138
24,DEL,235,157
24,DEL,236,126
24,DEL,237,143
24,DEL,238,140
24,DEL,239,132
24,DEL,240,143
24,DEL,241,151
24,DEL,242,126
24,DEL,243,153
24,DEL,244,138
24,DEL,245,138
24,DEL,246,141
24,DEL,247,152
24,DEL,248,140
24,DEL,249,126
24,DEL,250,127
24,DEL,251,135
24,DEL,252,110
24,DEL,253,135
24,DEL,254,128
24,DEL,255,137
24,DEL,257,242
24,DEL,259,207
24,DEL,261,214
24,DEL,263,195
24,DEL,265,208
24,DEL,267,193
24,DEL,269,203
24,DEL,271,185
24,DEL,273,152
24,DEL,275,176
24,DEL,277,213
24,DEL,279,172
24,DEL,281,196
24,DEL,283,161
24,DEL,285,174
24,DEL,287,190
24,DEL,289,204
24,DEL,291,241
24,DEL,293,241
24,DEL,295,279
24,DEL,297,306
24,DEL,299,385
24,DEL,301,417
24,DEL,303,528
24,DEL,305,648
24,DEL,307,738
24,DEL,309,833
24,DEL,311,1008
24,DEL,313,1174
24,DEL,315,1395
24,DEL,317,1625
24,DEL,319,1807
24,DEL,321,2048
24,DEL,323,2434
24,DEL,325,2711
24,DEL,327,2999
24,DEL,329,3290
24,DEL,331,3403
24,DEL,333,3812
24,DEL,335,4106
24,DEL,337,4277
24,DEL,339,4550
24,DEL,341,4786
24,DEL,343,4743
24,DEL,345,4738
24,DEL,347,4898
24,DEL,349,4760
24,DEL,351,4629
24,DEL,353,4598
24,DEL,355,4246
24,DEL,357,4126
24,DEL,359,3847
24,DEL,361,3561
24,DEL,363,3511
24,DEL,365,3053
24,DEL,367,2886
24,DEL,369,2583
24,DEL,371,2400
24,DEL,373,2252
24,DEL,375,1934
24,DEL,377,1789
24,DEL,379,1524
24,DEL,381,1436
24,DEL,383,1247
24,DEL,385,1176
24,DEL,387,1084
24,DEL,389,980
24,DEL,391,805
24,DEL,393,746
24,DEL,395,688
24,DEL,397,608
24,DEL,399,527
24,DEL,401,443
24,DEL,403,448
24,DEL,405,398
24,DEL,407,350
24,DEL,409,308
24,DEL,411,310
24,DEL,413,258
24,DEL,415,251
24,DEL,417,211
24,DEL,419,197
24,DEL,421,188
24,DEL,423,146
24,DEL,425,171
24,DEL,427,142
24,DEL,429,131
24,DEL,431,116
24,DEL,433,117
24,DEL,435,108
24,DEL,437,96
24,DEL,439,89
24,DEL,441,99
24,DEL,443,77
24,DEL,445,68
24,DEL,447,75
24,DEL,449,67
24,DEL,451,70
24,DEL,453,56
24,DEL,455,44
24,DEL,457,54
24,DEL,459,49
24,DEL,461,35
24,DEL,463,40
24,DEL,465,29
24,DEL,467,26
24,DEL,469,28
24,DEL,471,28
24,DEL,473,31
24,DEL,475,26
24,DEL,477,22
24,DEL,479,23
24,DEL,481,17
24,DEL,483,14
24,DEL,485,20
24,DEL,487,22
24,DEL,489,25
24,DEL,491,19
24,DEL,493,14
24,DEL,495,19
24,DEL,497,18
24,DEL,499,11
24,DEL,501,18
24,DEL,503,13
24,DEL,505,8
24,DEL,507,19
24,DEL,509,10
24,DEL,511,14
24,DEL,515,21
24,DEL,519,21
24,DEL,523,16
24,DEL,527,10
24,DEL,531,16
24,DEL,535,15
24,DEL,539,5
24,DEL,543,12
24,DEL,547,13
24,DEL,551,12
24,DEL,555,10
24,DEL,559,11
24,DEL,563,9
24,DEL,567,4
24,DEL,571,8
24,DEL,575,5
24,DEL,579,11
24,DEL,583,7
24,DEL,587,11
24,DEL,591,4
24,DEL,595,7
24,DEL,599,6
24,DEL,603,4
24,DEL,607,3
24,DEL,611,10
24,DEL,615,6
24,DEL,619,6
24,DEL,623,1
24,DEL,627,6
24,DEL,631,8
24,DEL,635,2
24,DEL,639,5
24,DEL,643,2
24,DEL,647,7
24,DEL,651,3
24,DEL,655,1
24,DEL,659,3
24,DEL,663,2
24,DEL,667,4
24,DEL,675,1
24,DEL,679,2
24,DEL,683,2
24,DEL,687,3
24,DEL,691,5
24,DEL,695,4
24,DEL,699,1
24,DEL,703,4
24,DEL,707,1
24,DEL,711,5
24,DEL,715,2
24,DEL,719,4
24,DEL,723,3
24,DEL,727,2
24,DEL,731,6
24,DEL,735,2
24,DEL,739,1
24,DEL,743,3
24,DEL,747,2
24,DEL,751,5
24,DEL,755,3
24,DEL,759,2
24,DEL,763,2
24,DEL,767,2
24,DEL,771,2
24,DEL,775,2
24,DEL,783,1
24,DEL,787,1
24,DEL,791,1
24,DEL,795,2
24,DEL,799,1
24,DEL,815,1
24,DEL,823,1
24,DEL,831,1
24,DEL,835,1
24,DEL,843,1
24,DEL,847,1
24,DEL,863,1
24,DEL,891,1
24,DEL,899,1
24,DEL,1487,1
24,DEL,1519,1
24,DEL,1535,1
24,DEL,1551,1
24,DEL,1583,1
24,DEL,1599,1
24,DEL,1639,1
24,DEL,1671,3
24,DEL,1679,1
24,DEL,1695,1
24,DEL,1735,1
24,DEL,1751,1
24,DEL,1839,1
24,DEL,1871,1
24,DEL,1879,1
24,DEL,1911,1
24,DEL,1935,1
24,DEL,2143,1
24,DEL,2383,1
24,DEL,3375,1
24,DEL,3439,1
24,SET,80,1
24,SET,84,1
24,SET,85,1
24,SET,86,1
24,SET,88,1
24,SET,89,1
24,SET,90,2
24,SET,91,1
24,SET,92,2
24,SET,93,6
24,SET,94,5
24,SET,95,4
24,SET,96,4
24,SET,97,8
24,SET,98,4
24,SET,99,6
24,SET,100,3
24,SET,101,10
24,SET,102,11
24,SET,103,10
24,SET,104,12
24,SET,105,15
24,SET,106,12
24,SET,107,14
24,SET,108,13
24,SET,109,15
24,SET,110,12
24,SET,111,32
24,SET,112,22
24,SET,113,17
24,SET,114,28
24,SET,115,21
24,SET,116,12
24,SET,117,18
24,SET,118,25
24,SET,119,27
24,SET,120,36
24,SET,121,33
24,SET,122,32
24,SET,123,33
24,SET,124,32
24,SET,125,32
24,SET,126,29
24,SET,127,32
24,SET,128,46
24,SET,129,43
24,SET,130,42
24,SET,131,42
24,SET,132,46
24,SET,133,47
24,SET,134,42
24,SET,135,51
24,SET,136,51
24,SET,137,63
24,SET,138,45
24,SET,139,50
24,SET,140,45
24,SET,141,37
24,SET,142,45
24,SET,143,43
24,SET,144,44
24,SET,145,42
24,SET,146,49
24,SET,147,61
24,SET,148,51
24,SET,149,54
24,SET,150,52
24,SET,151,48
24,SET,152,37
24,SET,153,33
24,SET,154,30
24,SET,155,37
24,SET,156,49
24,SET,157,38
24,SET,158,43
24,SET,159,35
24,SET,160,35
24,SET,161,42
24,SET,162,41
24,SET,163,60
24,SET,164,27
24,SET,165,38
24,SET,166,40
24,SET,167,37
24,SET,168,36
24,SET,169,39
24,SET,170,32
24,SET,171,37
24,SET,172,32
24,SET,173,26
24,SET,174,26
24,SET,175,21
24,SET,176,21
24,SET,177,28
24,SET,178,23
24,SET,179,21
24,SET,180,18
24,SET,181,24
24,SET,182,20
24,SET,183,13
24,SET,184,19
24,SET,185,15
24,SET,186,14
24,SET,187,17
24,SET,188,18
24,SET,189,18
24,SET,190,19
24,SET,191,16
24,SET,192,10
24,SET,193,13
24,SET,194,7
24,SET,195,13
24,SET,196,10
24,SET,197,9
24,SET,198,13
24,SET,199,19
24,SET,200,14
24,SET,201,12
24,SET,202,11
24,SET,203,14
24,SET,204,11
24,SET,205,14
24,SET,206,16
24,SET,207,11
24,SET,208,17
24,SET,209,12
24,SET,210,14
24,SET,211,17
24,SET,212,13
24,SET,213,15
24,SET,214,16
24,SET,215,15
24,SET,216,25
24,SET,217,19
24,SET,218,24
24,SET,219,21
24,SET,220,24
24,SET,221,28
24,SET,222,20
24,SET,223,24
24,SET,224,22
24,SET,225,22
24,SET,226,26
24,SET,227,21
24,SET,228,28
24,SET,229,25
24,SET,230,30
24,SET,231,28
24,SET,232,26
24,SET,233,25
24,SET,234,24
24,SET,235,20
24,SET,236,22
24,SET,237,36
24,SET,238,27
24,SET,239,27
24,SET,240,31
24,SET,241,30
24,SET,242,30
24,SET,243,34
24,SET,244,34
24,SET,245,32
24,SET,246,23
24,SET,247,21
24,SET,248,34
24,SET,249,24
24,SET,250,22
24,SET,251,23
24,SET,252,22
24,SET,253,32
24,SET,254,27
24,SET,255,17
24,SET,257,51
24,SET,259,45
24,SET,261,42
24,SET,263,45
24,SET,265,33
24,SET,267,33
24,SET,269,45
24,SET,271,41
24,SET,273,30
24,SET,275,46
24,SET,277,25
24,SET,279,36
24,SET,281,38
24,SET,283,40
24,SET,285,33
24,SET,287,34
24,SET,289,42
24,SET,291,57
24,SET,293,48
24,SET,295,66
24,SET,297,59
24,SET,299,72
24,SET,301,80
24,SET,303,100
24,SET,305,106
24,SET,307,103
24,SET,309,152
24,SET,311,167
24,SET,313,244
24,SET,315,218
24,SET,317,307
24,SET,319,349
24,SET,321,380
24,SET,323,436
24,SET,325,551
24,SET,327,563
24,SET,329,621
24,SET,331,667
24,SET,333,764
24,SET,335,806
24,SET,337,811
24,SET,339,856
24,SET,341,940
24,SET,343,936
24,SET,345,948
24,SET,347,974
24,SET,349,985
24,SET,351,962
24,SET,353,904
24,SET,355,902
24,SET,357,824
24,SET,359,757
24,SET,361,776
24,SET,363,685
24,SET,365,627
24,SET,367,597
24,SET,369,531
24,SET,371,456
24,SET,373,447
24,SET,375,376
24,SET,377,353
24,SET,379,333
24,SET,381,292
24,SET,383,285
24,SET,385,267
24,SET,387,200
24,SET,389,193
24,SET,391,173
24,SET,393,140
24,SET,395,142
24,SET,397,125
24,SET,399,120
24,SET,401,86
24,SET,403,96
24,SET,405,79
24,SET,407,57
24,SET,409,67
24,SET,411,74
24,SET,413,61
24,SET,415,49
24,SET,417,50
24,SET,419,35
24,SET,421,36
24,SET,423,21
24,SET,425,36
24,SET,427,27
24,SET,429,26
24,SET,431,21
24,SET,433,20
24,SET,435,20
24,SET,437,20
24,SET,439,18
24,SET,441,11
24,SET,443,14
24,SET,445,20
24,SET,447,13
24,SET,449,14
24,SET,451,8
24,SET,453,6
24,SET,455,7
24,SET,457,10
24,SET,459,9
24,SET,461,11
24,SET,463,7
24,SET,465,10
24,SET,467,4
24,SET,469,6
24,SET,471,8
24,SET,473,6
24,SET,475,3
24,SET,477,7
24,SET,479,2
24,SET,481,7
24,SET,483,1
24,SET,485,3
24,SET,487,8
24,SET,489,7
24,SET,491,2
24,SET,493,3
24,SET,495,2
24,SET,497,3
24,SET,499,2
24,SET,501,6
24,SET,503,5
24,SET,505,3
24,SET,507,1
24,SET,509,4
24,SET,511,2
24,SET,515,4
24,SET,519,4
24,SET,523,3
24,SET,527,4
24,SET,531,3
24,SET,535,3
24,SET,539,4
24,SET,543,5
24,SET,547,1
24,SET,551,1
24,SET,559,1
24,SET,563,1
24,SET,571,3
24,SET,591,2
24,SET,595,2
24,SET,599,1
24,SET,603,1
24,SET,607,1
24,SET,615,1
24,SET,619,1
24,SET,623,1
24,SET,631,1
24,SET,635,1
24,SET,639,1
24,SET,647,1
24,SET,671,1
24,SET,675,3
24,SET,687,1
24,SET,707,1
24,SET,719,1
24,SET,739,1
24,SET,775,1
24,SET,779,1
24,SET,803,1
24,SET,819,1
24,SET,875,1
24,SET,1511,1
24,SET,1703,1
24,SET,1879,1
24,SET,1911,1
24,SET,2015,1
24,SET,2479,1
25,GET,76,2
25,GET,77,3
25,GET,78,2
25,GET,79,3
25,GET,80,8
25,GET,81,4
25,GET,82,6
25,GET,83,20
25,GET,84,16
25,GET,85,31
25,GET,86,42
25,GET,87,44
25,GET,88,46
25,GET,89,46
25,GET,90,60
25,GET,91,52
25,GET,92,60
25,GET,93,84
25,GET,94,74
25,GET,95,93
25,GET,96,112
25,GET,97,112
25,GET,98,105
25,GET,99,126
25,GET,100,149
25,GET,101,166
25,GET,102,191
25,GET,103,183
25,GET,104,214
25,GET,105,229
25,GET,106,248
25,GET,107,253
25,GET,108,284
25,GET,109,301
25,GET,110,328
25,GET,111,350
25,GET,112,362
25,GET,113,367
25,GET,114,387
25,GET,115,448
25,GET,116,428
25,GET,117,490
25,GET,118,464
25,GET,119,533
25,GET,120,520
25,GET,121,530
25,GET,122,615
25,GET,123,569
25,GET,124,638
25,GET,125,573
25,GET,126,619
25,GET,127,627
25,GET,128,664
25,GET,129,689
25,GET,130,656
25,GET,131,669
25,GET,132,681
25,GET,133,681
25,GET,134,678
25,GET,135,724
25,GET,136,759
25,GET,137,688
25,GET,138,685
25,GET,139,673
25,GET,140,608
25,GET,141,688
25,GET,142,639
25,GET,143,657
25,GET,144,737
25,GET,145,655
25,GET,146,628
25,GET,147,704
25,GET,148,658
25,GET,149,647
25,GET,150,625
25,GET,151,631
25,GET,152,581
25,GET,153,598
25,GET,154,569
25,GET,155,550
25,GET,156,519
25,GET,157,524
25,GET,158,474
25,GET,159,478
25,GET,160,469
25,GET,161,464
25,GET,162,477
25,GET,163,440
25,GET,164,382
25,GET,165,403
25,GET,166,409
25,GET,167,424
25,GET,168,351
25,GET,169,371
25,GET,170,353
25,GET,171,338
25,GET,172,325
25,GET,173,295
25,GET,174,272
25,GET,175,295
25,GET,176,251
25,GET,177,275
25,GET,178,245
25,GET,179,260
25,GET,180,229
25,GET,181,221
25,GET,182,222
25,GET,183,221
25,GET,184,210
25,GET,185,228
25,GET,186,203
25,GET,187,197
25,GET,188,221
25,GET,189,218
25,GET,190,218
25,GET,191,175
25,GET,192,200
25,GET,193,197
25,GET,194,192
25,GET,195,179
25,GET,196,186
25,GET,197,215
25,GET,198,188
25,GET,199,207
25,GET,200,193
25,GET,201,212
25,GET,202,226
25,GET,203,216
25,GET,204,228
25,GET,205,217
25,GET,206,241
25,GET,207,214
25,GET,208,232
25,GET,209,258
25,GET,210,231
25,GET,211,256
25,GET,212,273
25,GET,213,297
25,GET,214,288
25,GET,215,290
25,GET,216,323
25,GET,217,330
25,GET,218,343
25,GET,219,296
25,GET,220,316
25,GET,221,366
25,GET,222,355
25,GET,223,377
25,GET,224,350
25,GET,225,373
25,GET,226,372
25,GET,227,381
25,GET,228,368
25,GET,229,371
25,GET,230,401
25,GET,231,409
25,GET,232,343
25,GET,233,385
25,GET,234,396
25,GET,235,368
25,GET,236,412
25,GET,237,432
25,GET,238,382
25,GET,239,369
25,GET,240,412
25,GET,241,404
25,GET,242,396
25,GET,243,373
25,GET,244,357
25,GET,245,394
25,GET,246,378
25,GET,247,357
25,GET,248,348
25,GET,249,361
25,GET,250,342
25,GET,251,361
25,GET,252,348
25,GET,253,351
25,GET,254,344
25,GET,255,286
25,GET,257,584
25,GET,259,566
25,GET,261,541
25,GET,263,559
25,GET,265,528
25,GET,267,565
25,GET,269,468
25,GET,271,509
25,GET,273,482
25,GET,275,491
25,GET,277,479
25,GET,279,524
25,GET,281,477
25,GET,283,497
25,GET,285,604
25,GET,287,600
25,GET,289,693
25,GET,291,733
25,GET,293,787
25,GET,295,918
25,GET,297,1051
25,GET,299,1228
25,GET,301,1400
25,GET,303,1594
25,GET,305,1895
25,GET,307,2297
25,GET,309,2688
25,GET,311,3313
25,GET,313,3775
25,GET,315,4250
25,GET,317,4806
25,GET,319,5426
25,GET,321,6384
25,GET,323,6791
25,GET,325,7731
25,GET,327,8453
25,GET,329,8916
25,GET,331,10011
25,GET,333,10452
25,GET,335,11040
25,GET,337,11855
25,GET,339,12255
25,GET,341,12470
25,GET,343,12821
25,GET,345,12634
25,GET,347,12698
25,GET,349,12556
25,GET,351,12419
25,GET,353,12123
25,GET,355,11689
25,GET,357,11016
25,GET,359,10563
25,GET,361,9826
25,GET,363,9260
25,GET,365,8563
25,GET,367,7835
25,GET,369,7342
25,GET,371,6600
25,GET,373,6109
25,GET,375,5616
25,GET,377,5004
25,GET,379,4530
25,GET,381,4110
25,GET,383,3653
25,GET,385,3287
25,GET,387,3032
25,GET,389,2652
25,GET,391,2415
25,GET,393,2145
25,GET,395,1971
25,GET,397,1789
25,GET,399,1527
25,GET,401,1387
25,GET,403,1312
25,GET,405,1152
25,GET,407,999
25,GET,409,914
25,GET,411,844
25,GET,413,743
25,GET,415,720
25,GET,417,693
25,GET,419,593
25,GET,421,570
25,GET,423,524
25,GET,425,449
25,GET,427,422
25,GET,429,370
25,GET,431,336
25,GET,433,317
25,GET,435,300
25,GET,437,269
25,GET,439,255
25,GET,441,228
25,GET,443,216
25,GET,445,219
25,GET,447,168
25,GET,449,191
25,GET,451,165
25,GET,453,161
25,GET,455,138
25,GET,457,143
25,GET,459,128
25,GET,461,115
25,GET,463,104
25,GET,465,92
25,GET,467,97
25,GET,469,91
25,GET,471,77
25,GET,473,74
25,GET,475,78
25,GET,477,65
25,GET,479,56
25,GET,481,69
25,GET,483,53
25,GET,485,59
25,GET,487,45
25,GET,489,57
25,GET,491,42
25,GET,493,45
25,GET,495,31
25,GET,497,29
25,GET,499,39
25,GET,501,32
25,GET,503,31
25,GET,505,31
25,GET,507,23
25,GET,509,22
25,GET,511,24
25,GET,515,41
25,GET,519,43
25,GET,523,31
25,GET,527,34
25,GET,531,38
25,GET,535,40
25,GET,539,34
25,GET,543,24
25,GET,547,24
25,GET,551,24
25,GET,555,26
25,GET,559,22
25,GET,563,21
25,GET,567,19
25,GET,571,26
25,GET,575,17
25,GET,579,23
25,GET,583,25
25,GET,587,27
25,GET,591,19
25,GET,595,20
25,GET,599,21
25,GET,603,16
25,GET,607,14
25,GET,611,17
25,GET,615,12
25,GET,619,11
25,GET,623,16
25,GET,627,11
25,GET,631,12
25,GET,635,18
25,GET,639,10
25,GET,643,7
25,GET,647,5
25,GET,651,6
25,GET,655,5
25,GET,659,18
25,GET,663,8
25,GET,667,4
25,GET,671,4
25,GET,675,8
25,GET,679,8
25,GET,683,10
25,GET,687,6
25,GET,691,6
25,GET,695,6
25,GET,699,4
25,GET,703,3
25,GET,707,4
25,GET,711,6
25,GET,715,7
25,GET,719,2
25,GET,723,2
25,GET,727,1
25,GET,731,3
25,GET,735,2
25,GET,739,4
25,GET,743,4
25,GET,747,5
25,GET,751,7
25,GET,755,6
25,GET,759,6
25,GET,763,8
25,GET,767,5
25,GET,771,5
25,GET,775,4
25,GET,779,7
25,GET,783,4
25,GET,791,3
25,GET,799,5
25,GET,803,1
25,GET,807,1
25,GET,811,1
25,GET,815,4
25,GET,823,1
25,GET,831,2
25,GET,835,1
25,GET,839,2
25,GET,843,1
25,GET,851,2
25,GET,875,2
25,GET,879,1
25,GET,883,1
25,GET,895,1
25,GET,899,1
25,GET,915,1
25,GET,947,1
25,GET,963,1
25,GET,1003,1
25,GET,1031,1
25,GET,1055,1
25,GET,1095,1
25,GET,1127,1
25,GET,1303,1
25,GET,1495,1
25,GET,1519,1
25,GET,1527,1
25,GET,1535,1
25,GET,1559,2
25,GET,1583,1
25,GET,1599,1
25,GET,1639,3
25,GET,1647,4
25,GET,1655,1
25,GET,1663,4
25,GET,1671,1
25,GET,1679,3
25,GET,1687,2
25,GET,1703,1
25,GET,1711,1
25,GET,1735,3
25,GET,1751,1
25,GET,1783,1
25,GET,1799,1
25,GET,1863,1
25,GET,1871,2
25,GET,1887,2
25,GET,1903,1
25,GET,1911,1
25,GET,1927,1
25,GET,1951,1
25,GET,1999,1
25,GET,2095,1
25,GET,2111,1
25,GET,2127,1
25,GET,2143,2
25,GET,2287,1
25,GET,2303,1
25,GET,2319,1
25,GET,2367,1
25,GET,2415,2
25,GET,2495,1
25,GET,3311,1
25,GET,3455,1
25,SET,76,1
25,SET,77,1
25,SET,80,1
25,SET,83,1
25,SET,85,1
25,SET,86,4
25,SET,87,2
25,SET,89,4
25,SET,90,2
25,SET,91,3
25,SET,92,4
25,SET,93,8
25,SET,94,2
25,SET,95,3
25,SET,96,10
25,SET,97,10
25,SET,98,10
25,SET,99,15
25,SET,100,8
25,SET,101,13
25,SET,102,10
25,SET,103,10
25,SET,104,16
25,SET,105,16
25,SET,106,16
25,SET,107,10
25,SET,108,21
25,SET,109,17
25,SET,110,27
25,SET,111,16
25,SET,112,17
25,SET,113,21
25,SET,114,29
25,SET,115,27
25,SET,116,33
25,SET,117,31
25,SET,118,30
25,SET,119,37
25,SET,120,35
25,SET,121,24
25,SET,122,33
25,SET,123,45
25,SET,124,34
25,SET,125,48
25,SET,126,38
25,SET,127,50
25,SET,128,49
25,SET,129,42
25,SET,130,54
25,SET,131,46
25,SET,132,50
25,SET,133,57
25,SET,134,43
25,SET,135,38
25,SET,136,45
25,SET,137,50
25,SET,138,58
25,SET,139,63
25,SET,140,43
25,SET,141,60
25,SET,142,58
25,SET,143,40
25,SET,144,51
25,SET,145,48
25,SET,146,41
25,SET,147,39
25,SET,148,51
25,SET,149,53
25,SET,150,45
25,SET,151,41
25,SET,152,41
25,SET,153,54
25,SET,154,45
25,SET,155,44
25,SET,156,42
25,SET,157,41
25,SET,158,43
25,SET,159,41
25,SET,160,27
25,SET,161,34
25,SET,162,30
25,SET,163,37
25,SET,164,31
25,SET,165,30
25,SET,166,26
25,SET,167,29
25,SET,168,30
25,SET,169,21
25,SET,170,26
25,SET,171,25
25,SET,172,27
25,SET,173,24
25,SET,174,21
25,SET,175,24
25,SET,176,17
25,SET,177,21
25,SET,178,27
25,SET,179,13
25,SET,180,14
25,SET,181,23
25,SET,182,24
25,SET,183,19
25,SET,184,20
25,SET,185,16
25,SET,186,21
25,SET,187,14
25,SET,188,15
25,SET,189,19
25,SET,190,16
25,SET,191,11
25,SET,192,15
25,SET,193,18
25,SET,194,11
25,SET,195,22
25,SET,196,23
25,SET,197,17
25,SET,198,9
25,SET,199,14
25,SET,200,11
25,SET,201,11
25,SET,202,15
25,SET,203,17
25,SET,204,18
25,SET,205,13
25,SET,206,12
25,SET,207,15
25,SET,208,19
25,SET,209,23
25,SET,210,21
25,SET,211,12
25,SET,212,18
25,SET,213,14
25,SET,214,26
25,SET,215,20
25,SET,216,21
25,SET,217,19
25,SET,218,19
25,SET,219,23
25,SET,220,21
25,SET,221,20
25,SET,222,32
25,SET,223,25
25,SET,224,27
25,SET,225,28
25,SET,226,30
25,SET,227,26
25,SET,228,29
25,SET,229,28
25,SET,230,22
25,SET,231,31
25,SET,232,28
25,SET,233,34
25,SET,234,23
25,SET,235,21
25,SET,236,25
25,SET,237,23
25,SET,238,30
25,SET,239,34
25,SET,240,29
25,SET,241,33
25,SET,242,32
25,SET,243,30
25,SET,244,26
25,SET,245,24
25,SET,246,27
25,SET,247,19
25,SET,248,24
25,SET,249,29
25,SET,250,24
25,SET,251,26
25,SET,252,27
25,SET,253,30
25,SET,254,18
25,SET,255,18
25,SET,257,56
25,SET,259,49
25,SET,261,49
25,SET,263,47
25,SET,265,37
25,SET,267,49
25,SET,269,35
25,SET,271,47
25,SET,273,36
25,SET,275,37
25,SET,277,30
25,SET,279,18
25,SET,281,35
25,SET,283,38
25,SET,285,46
25,SET,287,43
25,SET,289,38
25,SET,291,45
25,SET,293,60
25,SET,295,65
25,SET,297,60
25,SET,299,83
25,SET,301,109
25,SET,303,100
25,SET,305,132
25,SET,307,132
25,SET,309,171
25,SET,311,224
25,SET,313,238
25,SET,315,269
25,SET,317,320
25,SET,319,385
25,SET,321,409
25,SET,323,458
25,SET,325,544
25,SET,327,581
25,SET,329,609
25,SET,331,692
25,SET,333,776
25,SET,335,789
25,SET,337,829
25,SET,339,849
25,SET,341,898
25,SET,343,935
25,SET,345,886
25,SET,347,903
25,SET,349,880
25,SET,351,877
25,SET,353,882
25,SET,355,851
25,SET,357,826
25,SET,359,803
25,SET,361,777
25,SET,363,681
25,SET,365,646
25,SET,367,614
25,SET,369,543
25,SET,371,476
25,SET,373,429
25,SET,375,399
25,SET,377,345
25,SET,379,321
25,SET,381,309
25,SET,383,264
25,SET,385,236
25,SET,387,219
25,SET,389,223
25,SET,391,193
25,SET,393,155
25,SET,395,147
25,SET,397,110
25,SET,399,116
25,SET,401,119
25,SET,403,76
25,SET,405,95
25,SET,407,93
25,SET,409,60
25,SET,411,77
25,SET,413,50
25,SET,415,49
25,SET,417,42
25,SET,419,40
25,SET,421,33
25,SET,423,34
25,SET,425,30
25,SET,427,33
25,SET,429,34
25,SET,431,30
25,SET,433,29
25,SET,435,21
25,SET,437,21
25,SET,439,20
25,SET,441,18
25,SET,443,18
25,SET,445,17
25,SET,447,18
25,SET,449,10
25,SET,451,6
25,SET,453,7
25,SET,455,8
25,SET,457,9
25,SET,459,15
25,SET,461,15
25,SET,463,6
25,SET,465,10
25,SET,467,8
25,SET,469,5
25,SET,471,6
25,SET,473,6
25,SET,475,4
25,SET,477,5
25,SET,479,5
25,SET,481,4
25,SET,483,3
25,SET,485,4
25,SET,487,4
25,SET,491,2
25,SET,493,4
25,SET,495,3
25,SET,497,4
25,SET,499,2
25,SET,501,2
25,SET,503,2
25,SET,505,2
25,SET,507,1
25,SET,509,4
25,SET,511,2
25,SET,515,1
25,SET,519,1
25,SET,523,4
25,SET,527,1
25,SET,535,2
25,SET,539,2
25,SET,543,3
25,SET,547,4
25,SET,559,3
25,SET,563,1
25,SET,567,1
25,SET,571,1
25,SET,575,2
25,SET,579,1
25,SET,583,1
25,SET,591,2
25,SET,599,2
25,SET,603,1
25,SET,607,1
25,SET,611,1
25,SET,615,2
25,SET,619,2
25,SET,623,2
25,SET,627,2
25,SET,635,2
25,SET,639,2
25,SET,643,1
25,SET,659,1
25,SET,667,1
25,SET,675,2
25,SET,695,1
25,SET,735,2
25,SET,755,2
25,SET,767,1
25,SET,771,1
25,SET,811,1
25,SET,831,1
25,SET,1639,1
25,SET,1687,1
25,SET,1703,1
25,SET,1783,1
25,SET,2719,1
25,DEL,75,1
25,DEL,77,1
25,DEL,78,1
25,DEL,80,2
25,DEL,81,2
25,DEL,82,6
25,DEL,83,6
25,DEL,84,6
25,DEL,85,4
25,DEL,86,7
25,DEL,87,10
25,DEL,88,16
25,DEL,89,7
25,DEL,90,18
25,DEL,91,19
25,DEL,92,23
25,DEL,93,28
25,DEL,94,22
25,DEL,95,35
25,DEL,96,30
25,DEL,97,35
25,DEL,98,42
25,DEL,99,57
25,DEL,100,50
25,DEL,101,57
25,DEL,102,69
25,DEL,103,62
25,DEL,104,81
25,DEL,105,84
25,DEL,106,104
25,DEL,107,95
25,DEL,108,105
25,DEL,109,121
25,DEL,110,119
25,DEL,111,138
25,DEL,112,108
25,DEL,113,135
25,DEL,114,120
25,DEL,115,142
25,DEL,116,157
25,DEL,117,164
25,DEL,118,170
25,DEL,119,175
25,DEL,120,162
25,DEL,121,207
25,DEL,122,190
25,DEL,123,238
25,DEL,124,221
25,DEL,125,204
25,DEL,126,223
25,DEL,127,227
25,DEL,128,207
25,DEL,129,235
25,DEL,130,250
25,DEL,131,231
25,DEL,132,233
25,DEL,133,244
25,DEL,134,248
25,DEL,135,255
25,DEL,136,284
25,DEL,137,253
25,DEL,138,227
25,DEL,139,270
25,DEL,140,229
25,DEL,141,259
25,DEL,142,255
25,DEL,143,234
25,DEL,144,248
25,DEL,145,258
25,DEL,146,244
25,DEL,147,259
25,DEL,148,228
25,DEL,149,239
25,DEL,150,216
25,DEL,151,237
25,DEL,152,194
25,DEL,153,214
25,DEL,154,222
25,DEL,155,213
25,DEL,156,219
25,DEL,157,195
25,DEL,158,190
25,DEL,159,160
25,DEL,160,174
25,DEL,161,193
25,DEL,162,143
25,DEL,163,148
25,DEL,164,135
25,DEL,165,121
25,DEL,166,135
25,DEL,167,129
25,DEL,168,134
25,DEL,169,130
25,DEL,170,127
25,DEL,171,115
25,DEL,172,98
25,DEL,173,118
25,DEL,174,105
25,DEL,175,107
25,DEL,176,76
25,DEL,177,113
25,DEL,178,94
25,DEL,179,97
25,DEL,180,105
25,DEL,181,66
25,DEL,182,86
25,DEL,183,66
25,DEL,184,98
25,DEL,185,75
25,DEL,186,87
25,DEL,187,67
25,DEL,188,76
25,DEL,189,71
25,DEL,190,70
25,DEL,191,71
25,DEL,192,65
25,DEL,193,79
25,DEL,194,66
25,DEL,195,77
25,DEL,196,65
25,DEL,197,61
25,DEL,198,69
25,DEL,199,66
25,DEL,200,71
25,DEL,201,74
25,DEL,202,85
25,DEL,203,83
25,DEL,204,82
25,DEL,205,102
25,DEL,206,71
25,DEL,207,79
25,DEL,208,78
25,DEL,209,88
25,DEL,210,98
25,DEL,211,108
25,DEL,212,92
25,DEL,213,97
25,DEL,214,111
25,DEL,215,100
25,DEL,216,113
25,DEL,217,115
25,DEL,218,97
25,DEL,219,130
25,DEL,220,126
25,DEL,221,111
25,DEL,222,115
25,DEL,223,126
25,DEL,224,126
25,DEL,225,121
25,DEL,226,130
25,DEL,227,113
25,DEL,228,125
25,DEL,229,130
25,DEL,230,155
25,DEL,231,147
25,DEL,232,149
25,DEL,233,145
25,DEL,234,133
25,DEL,235,155
25,DEL,236,160
25,DEL,237,141
25,DEL,238,134
25,DEL,239,131
25,DEL,240,142
25,DEL,241,162
25,DEL,242,141
25,DEL,243,144
25,DEL,244,146
25,DEL,245,119
25,DEL,246,136
25,DEL,247,144
25,DEL,248,124
25,DEL,249,114
25,DEL,250,107
25,DEL,251,104
25,DEL,252,123
25,DEL,253,109
25,DEL,254,121
25,DEL,255,115
25,DEL,257,199
25,DEL,259,229
25,DEL,261,197
25,DEL,263,203
25,DEL,265,174
25,DEL,267,172
25,DEL,269,193
25,DEL,271,184
25,DEL,273,194
25,DEL,275,187
25,DEL,277,191
25,DEL,279,152
25,DEL,281,184
25,DEL,283,194
25,DEL,285,173
25,DEL,287,217
25,DEL,289,243
25,DEL,291,268
25,DEL,293,308
25,DEL,295,302
25,DEL,297,395
25,DEL,299,441
25,DEL,301,546
25,DEL,303,602
25,DEL,305,721
25,DEL,307,836
25,DEL,309,927
25,DEL,311,1128
25,DEL,313,1322
25,DEL,315,1449
25,DEL,317,1677
25,DEL,319,2047
25,DEL,321,2171
25,DEL,323,2480
25,DEL,325,2748
25,DEL,327,2981
25,DEL,329,3158
25,DEL,331,3497
25,DEL,333,3787
25,DEL,335,4028
25,DEL,337,4206
25,DEL,339,4403
25,DEL,341,4406
25,DEL,343,4467
25,DEL,345,4617
25,DEL,347,4628
25,DEL,349,4534
25,DEL,351,4488
25,DEL,353,4378
25,DEL,355,4160
25,DEL,357,3963
25,DEL,359,3869
25,DEL,361,3518
25,DEL,363,3287
25,DEL,365,3045
25,DEL,367,2785
25,DEL,369,2554
25,DEL,371,2335
25,DEL,373,2133
25,DEL,375,1971
25,DEL,377,1763
25,DEL,379,1606
25,DEL,381,1421
25,DEL,383,1397
25,DEL,385,1140
25,DEL,387,1086
25,DEL,389,917
25,DEL,391,865
25,DEL,393,787
25,DEL,395,672
25,DEL,397,675
25,DEL,399,579
25,DEL,401,499
25,DEL,403,457
25,DEL,405,420
25,DEL,407,361
25,DEL,409,343
25,DEL,411,329
25,DEL,413,285
25,DEL,415,242
25,DEL,417,245
25,DEL,419,215
25,DEL,421,189
25,DEL,423,180
25,DEL,425,185
25,DEL,427,143
25,DEL,429,128
25,DEL,431,114
25,DEL,433,145
25,DEL,435,99
25,DEL,437,94
25,DEL,439,100
25,DEL,441,76
25,DEL,443,81
25,DEL,445,74
25,DEL,447,65
25,DEL,449,63
25,DEL,451,63
25,DEL,453,69
25,DEL,455,40
25,DEL,457,50
25,DEL,459,47
25,DEL,461,49
25,DEL,463,34
25,DEL,465,53
25,DEL,467,25
25,DEL,469,25
25,DEL,471,28
25,DEL,473,29
25,DEL,475,18
25,DEL,477,33
25,DEL,479,16
25,DEL,481,13
25,DEL,483,20
25,DEL,485,16
25,DEL,487,17
25,DEL,489,15
25,DEL,491,16
25,DEL,493,12
25,DEL,495,18
25,DEL,497,16
25,DEL,499,12
25,DEL,501,9
25,DEL,503,10
25,DEL,505,5
25,DEL,507,10
25,DEL,509,15
25,DEL,511,11
25,DEL,515,15
25,DEL,519,16
25,DEL,523,9
25,DEL,527,14
25,DEL,531,9
25,DEL,535,8
25,DEL,539,15
25,DEL,543,16
25,DEL,547,11
25,DEL,551,9
25,DEL,555,8
25,DEL,559,12
25,DEL,563,11
25,DEL,567,13
25,DEL,571,7
25,DEL,575,9
25,DEL,579,9
25,DEL,583,7
25,DEL,587,11
25,DEL,591,7
25,DEL,595,5
25,DEL,599,6
25,DEL,603,11
25,DEL,607,6
25,DEL,611,9
25,DEL,615,6
25,DEL,619,3
25,DEL,623,3
25,DEL,627,5
25,DEL,631,2
25,DEL,635,3
25,DEL,639,3
25,DEL,643,5
25,DEL,647,1
25,DEL,651,2
25,DEL,655,6
25,DEL,659,2
25,DEL,663,4
25,DEL,667,3
25,DEL,671,1
25,DEL,675,2
25,DEL,679,2
25,DEL,683,1
25,DEL,687,1
25,DEL,691,3
25,DEL,695,2
25,DEL,699,2
25,DEL,703,1
25,DEL,707,1
25,DEL,711,1
25,DEL,715,2
25,DEL,719,1
25,DEL,723,3
25,DEL,731,3
25,DEL,735,3
25,DEL,739,2
25,DEL,743,2
25,DEL,747,2
25,DEL,755,1
25,DEL,759,1
25,DEL,763,3
25,DEL,767,2
25,DEL,771,2
25,DEL,783,3
25,DEL,791,1
25,DEL,807,1
25,DEL,815,2
25,DEL,823,1
25,DEL,827,1
25,DEL,843,1
25,DEL,847,3
25,DEL,883,1
25,DEL,919,1
25,DEL,975,1
25,DEL,1207,1
25,DEL,1431,1
25,DEL,1455,1
25,DEL,1471,1
25,DEL,1527,1
25,DEL,1623,2
25,DEL,1639,1
25,DEL,1663,1
25,DEL,1679,1
25,DEL,1711,1
25,DEL,1743,1
25,DEL,1863,1
25,DEL,1895,1
25,DEL,1919,1
25,DEL,2079,1
25,DEL,2095,1
25,DEL,2223,1
25,DEL,2447,1
25,DEL,2543,1
25,DEL,2559,1
25,DEL,2639,1
25,DEL,5727,1
26,DEL,82,2
26,DEL,85,1
26,DEL,86,4
26,DEL,87,6
26,DEL,88,12
26,DEL,89,6
26,DEL,90,7
26,DEL,91,11
26,DEL,92,16
26,DEL,93,8
26,DEL,94,15
26,DEL,95,29
26,DEL,96,18
26,DEL,97,34
26,DEL,98,22
26,DEL,99,28
26,DEL,100,40
26,DEL,101,39
26,DEL,102,59
26,DEL,103,65
26,DEL,104,63
26,DEL,105,60
26,DEL,106,66
26,DEL,107,75
26,DEL,108,85
26,DEL,109,87
26,DEL,110,114
26,DEL,111,105
26,DEL,112,122
26,DEL,113,128
26,DEL,114,128
26,DEL,115,116
26,DEL,116,129
26,DEL,117,166
26,DEL,118,130
26,DEL,119,183
26,DEL,120,161
26,DEL,121,169
26,DEL,122,197
26,DEL,123,170
26,DEL,124,206
26,DEL,125,227
26,DEL,126,193
26,DEL,127,214
26,DEL,128,184
26,DEL,129,233
26,DEL,130,229
26,DEL,131,229
26,DEL,132,212
26,DEL,133,221
26,DEL,134,258
26,DEL,135,236
26,DEL,136,234
26,DEL,137,213
26,DEL,138,222
26,DEL,139,266
26,DEL,140,257
26,DEL,141,244
26,DEL,142,222
26,DEL,143,231
26,DEL,144,240
26,DEL,145,265
26,DEL,146,231
26,DEL,147,266
26,DEL,148,232
26,DEL,149,207
26,DEL,150,252
26,DEL,151,218
26,DEL,152,231
26,DEL,153,216
26,DEL,154,246
26,DEL,155,250
26,DEL,156,241
26,DEL,157,242
26,DEL,158,204
26,DEL,159,183
26,DEL,160,211
26,DEL,161,196
26,DEL,162,198
26,DEL,163,205
26,DEL,164,182
26,DEL,165,160
26,DEL,166,158
26,DEL,167,172
26,DEL,168,147
26,DEL,169,155
26,DEL,170,164
26,DEL,171,149
26,DEL,172,161
26,DEL,173,120
26,DEL,174,124
26,DEL,175,117
26,DEL,176,92
26,DEL,177,109
26,DEL,178,88
26,DEL,179,113
26,DEL,180,82
26,DEL,181,84
26,DEL,182,90
26,DEL,183,77
26,DEL,184,109
26,DEL,185,86
26,DEL,186,79
26,DEL,187,82
26,DEL,188,79
26,DEL,189,83
26,DEL,190,89
26,DEL,191,70
26,DEL,192,71
26,DEL,193,62
26,DEL,194,66
26,DEL,195,75
26,DEL,196,78
26,DEL,197,73
26,DEL,198,84
26,DEL,199,63
26,DEL,200,57
26,DEL,201,53
26,DEL,202,67
26,DEL,203,68
26,DEL,204,77
26,DEL,205,66
26,DEL,206,66
26,DEL,207,73
26,DEL,208,73
26,DEL,209,80
26,DEL,210,73
26,DEL,211,94
26,DEL,212,76
26,DEL,213,91
26,DEL,214,77
26,DEL,215,90
26,DEL,216,86
26,DEL,217,76
26,DEL,218,102
26,DEL,219,95
26,DEL,220,101
26,DEL,221,127
26,DEL,222,104
26,DEL,223,110
26,DEL,224,93
26,DEL,225,105
26,DEL,226,124
26,DEL,227,112
26,DEL,228,113
26,DEL,229,139
26,DEL,230,137
26,DEL,231,119
26,DEL,232,131
26,DEL,233,128
26,DEL,234,132
26,DEL,235,129
26,DEL,236,136
26,DEL,237,159
26,DEL,238,139
26,DEL,239,119
26,DEL,240,136
26,DEL,241,121
26,DEL,242,124
26,DEL,243,147
26,DEL,244,151
26,DEL,245,146
26,DEL,246,114
26,DEL,247,142
26,DEL,248,134
26,DEL,249,124
26,DEL,250,128
26,DEL,251,114
26,DEL,252,131
26,DEL,253,116
26,DEL,254,118
26,DEL,255,124
26,DEL,257,244
26,DEL,259,232
26,DEL,261,224
26,DEL,263,202
26,DEL,265,200
26,DEL,267,195
26,DEL,269,191
26,DEL,271,197
26,DEL,273,202
26,DEL,275,207
26,DEL,277,184
26,DEL,279,177
26,DEL,281,188
26,DEL,283,199
26,DEL,285,216
26,DEL,287,217
26,DEL,289,237
26,DEL,291,272
26,DEL,293,296
26,DEL,295,335
26,DEL,297,370
26,DEL,299,454
26,DEL,301,463
26,DEL,303,585
26,DEL,305,715
26,DEL,307,785
26,DEL,309,920
26,DEL,311,989
26,DEL,313,1188
26,DEL,315,1394
26,DEL,317,1664
26,DEL,319,1743
26,DEL,321,2045
26,DEL,323,2347
26,DEL,325,2678
26,DEL,327,3005
26,DEL,329,3137
26,DEL,331,3512
26,DEL,333,3760
26,DEL,335,4027
26,DEL,337,4351
26,DEL,339,4407
26,DEL,341,4550
26,DEL,343,4775
26,DEL,345,4815
26,DEL,347,4718
26,DEL,349,4693
26,DEL,351,4678
26,DEL,353,4438
26,DEL,355,4244
26,DEL,357,4197
26,DEL,359,3795
26,DEL,361,3647
26,DEL,363,3279
26,DEL,365,3088
26,DEL,367,2892
26,DEL,369,2692
26,DEL,371,2392
26,DEL,373,2149
26,DEL,375,1981
26,DEL,377,1787
26,DEL,379,1611
26,DEL,381,1430
26,DEL,383,1305
26,DEL,385,1183
26,DEL,387,995
26,DEL,389,939
26,DEL,391,823
26,DEL,393,784
26,DEL,395,673
26,DEL,397,640
26,DEL,399,517
26,DEL,401,538
26,DEL,403,435
26,DEL,405,395
26,DEL,407,349
26,DEL,409,342
26,DEL,411,325
26,DEL,413,252
26,DEL,415,267
26,DEL,417,219
26,DEL,419,194
26,DEL,421,182
26,DEL,423,158
26,DEL,425,168
26,DEL,427,161
26,DEL,429,138
26,DEL,431,111
26,DEL,433,121
26,DEL,435,114
26,DEL,437,92
26,DEL,439,99
26,DEL,441,80
26,DEL,443,68
26,DEL,445,79
26,DEL,447,68
26,DEL,449,60
26,DEL,451,75
26,DEL,453,63
26,DEL,455,66
26,DEL,457,37
26,DEL,459,50
26,DEL,461,33
26,DEL,463,44
26,DEL,465,41
26,DEL,467,36
26,DEL,469,36
26,DEL,471,31
26,DEL,473,24
26,DEL,475,32
26,DEL,477,28
26,DEL,479,19
26,DEL,481,24
26,DEL,483,27
26,DEL,485,14
26,DEL,487,17
26,DEL,489,22
26,DEL,491,17
26,DEL,493,16
26,DEL,495,13
26,DEL,497,14
26,DEL,499,7
26,DEL,501,13
26,DEL,503,10
26,DEL,505,8
26,DEL,507,14
26,DEL,509,3
26,DEL,511,12
26,DEL,515,27
26,DEL,519,17
26,DEL,523,12
26,DEL,527,18
26,DEL,531,18
26,DEL,535,14
26,DEL,539,11
26,DEL,543,11
26,DEL,547,8
26,DEL,551,13
26,DEL,555,7
26,DEL,559,10
26,DEL,563,5
26,DEL,567,12
26,DEL,571,10
26,DEL,575,9
26,DEL,579,11
26,DEL,583,2
26,DEL,587,5
26,DEL,591,4
26,DEL,595,9
26,DEL,599,4
26,DEL,603,6
26,DEL,607,4
26,DEL,611,4
26,DEL,615,9
26,DEL,619,4
26,DEL,623,6
26,DEL,627,6
26,DEL,631,5
26,DEL,635,2
26,DEL,639,3
26,DEL,643,4
26,DEL,647,5
26,DEL,651,10
26,DEL,659,1
26,DEL,663,4
26,DEL,667,3
26,DEL,671,2
26,DEL,675,2
26,DEL,679,4
26,DEL,683,1
26,DEL,687,1
26,DEL,691,2
26,DEL,695,1
26,DEL,699,2
26,DEL,703,1
26,DEL,707,1
26,DEL,711,5
26,DEL,715,2
26,DEL,719,1
26,DEL,723,2
26,DEL,727,5
26,DEL,739,4
26,DEL,743,3
26,DEL,751,1
26,DEL,755,2
26,DEL,763,1
26,DEL,771,3
26,DEL,775,1
26,DEL,779,2
26,DEL,787,2
26,DEL,791,2
26,DEL,811,1
26,DEL,815,2
26,DEL,819,1
26,DEL,823,1
26,DEL,827,2
26,DEL,847,1
26,DEL,859,2
26,DEL,923,1
26,DEL,987,1
26,DEL,1055,1
26,DEL,1271,1
26,DEL,1415,1
26,DEL,1471,1
26,DEL,1503,1
26,DEL,1591,1
26,DEL,1615,1
26,DEL,1655,2
26,DEL,1695,1
26,DEL,1719,1
26,DEL,1727,1
26,DEL,1735,1
26,DEL,1751,1
26,DEL,1759,1
26,DEL,1767,1
26,DEL,1839,1
26,DEL,1887,1
26,DEL,1919,1
26,DEL,2111,1
26,DEL,2255,1
26,DEL,2543,1
26,SET,86,2
26,SET,88,1
26,SET,91,2
26,SET,92,2
26,SET,93,5
26,SET,94,5
26,SET,95,4
26,SET,96,6
26,SET,97,5
26,SET,98,6
26,SET,99,3
26,SET,100,6
26,SET,101,9
26,SET,102,5
26,SET,103,8
26,SET,104,15
26,SET,105,7
26,SET,106,14
26,SET,107,18
26,SET,108,11
26,SET,109,14
26,SET,110,11
26,SET,111,24
26,SET,112,21
26,SET,113,16
26,SET,114,24
26,SET,115,32
26,SET,116,30
26,SET,117,35
26,SET,118,31
26,SET,119,28
26,SET,120,32
26,SET,121,33
26,SET,122,38
26,SET,123,37
26,SET,124,40
26,SET,125,36
26,SET,126,44
26,SET,127,38
26,SET,128,42
26,SET,129,60
26,SET,130,40
26,SET,131,50
26,SET,132,38
26,SET,133,43
26,SET,134,48
26,SET,135,47
26,SET,136,64
26,SET,137,40
26,SET,138,65
26,SET,139,48
26,SET,140,53
26,SET,141,60
26,SET,142,48
26,SET,143,56
26,SET,144,63
26,SET,145,43
26,SET,146,41
26,SET,147,49
26,SET,148,57
26,SET,149,57
26,SET,150,43
26,SET,151,41
26,SET,152,42
26,SET,153,36
26,SET,154,40
26,SET,155,50
26,SET,156,36
26,SET,157,29
26,SET,158,55
26,SET,159,36
26,SET,160,32
26,SET,161,40
26,SET,162,39
26,SET,163,36
26,SET,164,40
26,SET,165,33
26,SET,166,24
26,SET,167,38
26,SET,168,22
26,SET,169,35
26,SET,170,31
26,SET,171,33
26,SET,172,27
26,SET,173,30
26,SET,174,29
26,SET,175,30
26,SET,176,26
26,SET,177,22
26,SET,178,19
26,SET,179,20
26,SET,180,21
26,SET,181,16
26,SET,182,20
26,SET,183,16
26,SET,184,15
26,SET,185,13
26,SET,186,20
26,SET,187,17
26,SET,188,21
26,SET,189,14
26,SET,190,16
26,SET,191,15
26,SET,192,12
26,SET,193,14
26,SET,194,11
26,SET,195,8
26,SET,196,17
26,SET,197,15
26,SET,198,14
26,SET,199,15
26,SET,200,11
26,SET,201,17
26,SET,202,11
26,SET,203,19
26,SET,204,17
26,SET,205,8
26,SET,206,13
26,SET,207,15
26,SET,208,14
26,SET,209,11
26,SET,210,13
26,SET,211,16
26,SET,212,17
26,SET,213,10
26,SET,214,15
26,SET,215,14
26,SET,216,21
26,SET,217,17
26,SET,218,17
26,SET,219,14
26,SET,220,26
26,SET,221,13
26,SET,222,17
26,SET,223,17
26,SET,224,30
26,SET,225,29
26,SET,226,20
26,SET,227,28
26,SET,228,20
26,SET,229,33
26,SET,230,20
26,SET,231,20
26,SET,232,29
26,SET,233,30
26,SET,234,22
26,SET,235,22
26,SET,236,29
26,SET,237,22
26,SET,238,30
26,SET,239,29
26,SET,240,24
26,SET,241,17
26,SET,242,28
26,SET,243,26
26,SET,244,19
26,SET,245,33
26,SET,246,23
26,SET,247,34
26,SET,248,30
26,SET,249,26
26,SET,250,30
26,SET,251,28
26,SET,252,22
26,SET,253,26
26,SET,254,29
26,SET,255,35
26,SET,257,42
26,SET,259,54
26,SET,261,40
26,SET,263,40
26,SET,265,40
26,SET,267,31
26,SET,269,40
26,SET,271,40
26,SET,273,35
26,SET,275,28
26,SET,277,50
26,SET,279,39
26,SET,281,39
26,SET,283,37
26,SET,285,39
26,SET,287,41
26,SET,289,50
26,SET,291,47
26,SET,293,43
26,SET,295,80
26,SET,297,71
26,SET,299,77
26,SET,301,90
26,SET,303,106
26,SET,305,152
26,SET,307,149
26,SET,309,173
26,SET,311,202
26,SET,313,237
26,SET,315,253
26,SET,317,295
26,SET,319,338
26,SET,321,385
26,SET,323,468
26,SET,325,485
26,SET,327,556
26,SET,329,640
26,SET,331,649
26,SET,333,713
26,SET,335,761
26,SET,337,838
26,SET,339,847
26,SET,341,926
26,SET,343,938
26,SET,345,917
26,SET,347,922
26,SET,349,928
26,SET,351,938
26,SET,353,881
26,SET,355,866
26,SET,357,821
26,SET,359,793
26,SET,361,728
26,SET,363,675
26,SET,365,622
26,SET,367,580
26,SET,369,545
26,SET,371,496
26,SET,373,461
26,SET,375,407
26,SET,377,415
26,SET,379,346
26,SET,381,285
26,SET,383,232
26,SET,385,268
26,SET,387,211
26,SET,389,213
26,SET,391,177
26,SET,393,168
26,SET,395,140
26,SET,397,117
26,SET,399,105
26,SET,401,95
26,SET,403,83
26,SET,405,80
26,SET,407,72
26,SET,409,61
26,SET,411,66
26,SET,413,60
26,SET,415,46
26,SET,417,36
26,SET,419,52
26,SET,421,43
26,SET,423,31
26,SET,425,26
26,SET,427,26
26,SET,429,30
26,SET,431,27
26,SET,433,25
26,SET,435,25
26,SET,437,26
26,SET,439,15
26,SET,441,18
26,SET,443,15
26,SET,445,15
26,SET,447,12
26,SET,449,14
26,SET,451,7
26,SET,453,8
26,SET,455,16
26,SET,457,10
26,SET,459,11
26,SET,461,8
26,SET,463,9
26,SET,465,6
26,SET,467,7
26,SET,469,2
26,SET,471,8
26,SET,473,4
26,SET,475,4
26,SET,477,5
26,SET,479,3
26,SET,481,4
26,SET,483,6
26,SET,485,10
26,SET,487,4
26,SET,489,6
26,SET,491,2
26,SET,493,3
26,SET,495,4
26,SET,499,2
26,SET,501,2
26,SET,503,4
26,SET,505,1
26,SET,509,2
26,SET,511,2
26,SET,515,5
26,SET,519,3
26,SET,523,5
26,SET,527,2
26,SET,531,4
26,SET,535,1
26,SET,539,3
26,SET,547,1
26,SET,551,1
26,SET,555,1
26,SET,559,1
26,SET,563,1
26,SET,567,1
26,SET,571,1
26,SET,579,2
26,SET,587,4
26,SET,591,2
26,SET,595,1
26,SET,599,2
26,SET,603,1
26,SET,607,2
26,SET,611,2
26,SET,615,1
26,SET,619,1
26,SET,623,3
26,SET,627,1
26,SET,631,5
26,SET,635,1
26,SET,639,1
26,SET,643,1
26,SET,647,1
26,SET,651,2
26,SET,655,1
26,SET,659,1
26,SET,699,1
26,SET,731,1
26,SET,735,1
26,SET,743,1
26,SET,747,1
26,SET,751,1
26,SET,759,1
26,SET,763,1
26,SET,767,1
26,SET,775,1
26,SET,791,1
26,SET,807,1
26,SET,839,1
26,SET,863,1
26,SET,1567,1
26,SET,1767,1
26,SET,1871,1
26,SET,2143,1
26,SET,2543,1
26,GET,76,1
26,GET,80,3
26,GET,81,1
26,GET,82,5
26,GET,83,5
26,GET,84,5
26,GET,85,7
26,GET,86,8
26,GET,87,10
26,GET,88,16
26,GET,89,14
26,GET,90,33
26,GET,91,34
26,GET,92,31
26,GET,93,47
26,GET,94,43
26,GET,95,56
26,GET,96,82
26,GET,97,66
26,GET,98,69
26,GET,99,94
26,GET,100,109
26,GET,101,126
26,GET,102,126
26,GET,103,151
26,GET,104,163
26,GET,105,173
26,GET,106,198
26,GET,107,210
26,GET,108,240
26,GET,109,237
26,GET,110,266
26,GET,111,292
26,GET,112,300
26,GET,113,333
26,GET,114,343
26,GET,115,335
26,GET,116,391
26,GET,117,416
26,GET,118,444
26,GET,119,471
26,GET,120,484
26,GET,121,465
26,GET,122,538
26,GET,123,505
26,GET,124,541
26,GET,125,523
26,GET,126,592
26,GET,127,613
26,GET,128,612
26,GET,129,616
26,GET,130,682
26,GET,131,666
26,GET,132,696
26,GET,133,642
26,GET,134,651
26,GET,135,694
26,GET,136,698
26,GET,137,696
26,GET,138,676
26,GET,139,716
26,GET,140,735
26,GET,141,656
26,GET,142,711
26,GET,143,696
26,GET,144,685
26,GET,145,695
26,GET,146,676
26,GET,147,671
26,GET,148,661
26,GET,149,709
26,GET,150,655
26,GET,151,654
26,GET,152,631
26,GET,153,642
26,GET,154,580
26,GET,155,609
26,GET,156,572
26,GET,157,611
26,GET,158,544
26,GET,159,541
26,GET,160,519
26,GET,161,517
26,GET,162,468
26,GET,163,497
26,GET,164,483
26,GET,165,459
26,GET,166,445
26,GET,167,435
26,GET,168,415
26,GET,169,442
26,GET,170,373
26,GET,171,379
26,GET,172,387
26,GET,173,364
26,GET,174,360
26,GET,175,302
26,GET,176,324
26,GET,177,310
26,GET,178,350
26,GET,179,227
26,GET,180,266
26,GET,181,265
26,GET,182,251
26,GET,183,258
26,GET,184,229
26,GET,185,241
26,GET,186,230
26,GET,187,202
26,GET,188,227
26,GET,189,228
26,GET,190,211
26,GET,191,219
26,GET,192,212
26,GET,193,196
26,GET,194,203
26,GET,195,199
26,GET,196,194
26,GET,197,183
26,GET,198,188
26,GET,199,194
26,GET,200,200
26,GET,201,161
26,GET,202,199
26,GET,203,203
26,GET,204,205
26,GET,205,204
26,GET,206,218
26,GET,207,225
26,GET,208,218
26,GET,209,223
26,GET,210,205
26,GET,211,225
26,GET,212,236
26,GET,213,245
26,GET,214,241
26,GET,215,248
26,GET,216,259
26,GET,217,236
26,GET,218,279
26,GET,219,270
26,GET,220,292
26,GET,221,307
26,GET,222,302
26,GET,223,303
26,GET,224,333
26,GET,225,315
26,GET,226,314
26,GET,227,336
26,GET,228,334
26,GET,229,347
26,GET,230,349
26,GET,231,339
26,GET,232,357
26,GET,233,364
26,GET,234,377
26,GET,235,353
26,GET,236,388
26,GET,237,389
26,GET,238,386
26,GET,239,371
26,GET,240,370
26,GET,241,382
26,GET,242,363
26,GET,243,403
26,GET,244,402
26,GET,245,370
26,GET,246,397
26,GET,247,341
26,GET,248,350
26,GET,249,342
26,GET,250,388
26,GET,251,400
26,GET,252,344
26,GET,253,355
26,GET,254,322
26,GET,255,303
26,GET,257,648
26,GET,259,586
26,GET,261,594
26,GET,263,609
26,GET,265,578
26,GET,267,533
26,GET,269,577
26,GET,271,523
26,GET,273,571
26,GET,275,482
26,GET,277,527
26,GET,279,556
26,GET,281,525
26,GET,283,582
26,GET,285,566
26,GET,287,624
26,GET,289,726
26,GET,291,727
26,GET,293,868
26,GET,295,948
26,GET,297,1076
26,GET,299,1163
26,GET,301,1414
26,GET,303,1566
26,GET,305,1940
26,GET,307,2219
26,GET,309,2605
26,GET,311,2902
26,GET,313,3529
26,GET,315,3953
26,GET,317,4503
26,GET,319,5069
26,GET,321,5840
26,GET,323,6635
26,GET,325,7451
26,GET,327,8240
26,GET,329,8936
26,GET,331,9530
26,GET,333,10478
26,GET,335,11265
26,GET,337,11791
26,GET,339,12480
26,GET,341,12734
26,GET,343,13196
26,GET,345,13368
26,GET,347,13046
26,GET,349,13163
26,GET,351,12775
26,GET,353,12390
26,GET,355,11948
26,GET,357,11557
26,GET,359,10586
26,GET,361,10160
26,GET,363,9520
26,GET,365,8676
26,GET,367,7965
26,GET,369,7330
26,GET,371,6708
26,GET,373,6304
26,GET,375,5516
26,GET,377,4954
26,GET,379,4400
26,GET,381,3979
26,GET,383,3630
26,GET,385,3308
26,GET,387,2943
26,GET,389,2772
26,GET,391,2219
26,GET,393,2045
26,GET,395,1862
26,GET,397,1673
26,GET,399,1484
26,GET,401,1370
26,GET,403,1253
26,GET,405,1059
26,GET,407,996
26,GET,409,930
26,GET,411,863
26,GET,413,751
26,GET,415,694
26,GET,417,629
26,GET,419,562
26,GET,421,515
26,GET,423,509
26,GET,425,417
26,GET,427,406
26,GET,429,381
26,GET,431,371
26,GET,433,326
26,GET,435,310
26,GET,437,258
26,GET,439,264
26,GET,441,230
26,GET,443,237
26,GET,445,214
26,GET,447,190
26,GET,449,172
26,GET,451,162
26,GET,453,132
26,GET,455,141
26,GET,457,145
26,GET,459,132
26,GET,461,108
26,GET,463,112
26,GET,465,117
26,GET,467,96
26,GET,469,113
26,GET,471,90
26,GET,473,98
26,GET,475,62
26,GET,477,68
26,GET,479,60
26,GET,481,60
26,GET,483,53
26,GET,485,57
26,GET,487,52
26,GET,489,53
26,GET,491,46
26,GET,493,40
26,GET,495,35
26,GET,497,35
26,GET,499,32
26,GET,501,38
26,GET,503,30
26,GET,505,22
26,GET,507,27
26,GET,509,31
26,GET,511,32
26,GET,515,42
26,GET,519,51
26,GET,523,34
26,GET,527,35
26,GET,531,29
26,GET,535,37
26,GET,539,31
26,GET,543,38
26,GET,547,27
26,GET,551,18
26,GET,555,30
26,GET,559,28
26,GET,563,16
26,GET,567,23
26,GET,571,11
26,GET,575,22
26,GET,579,25
26,GET,583,23
26,GET,587,16
26,GET,591,21
26,GET,595,13
26,GET,599,19
26,GET,603,31
26,GET,607,20
26,GET,611,19
26,GET,615,17
26,GET,619,13
26,GET,623,10
26,GET,627,12
26,GET,631,18
26,GET,635,15
26,GET,639,13
26,GET,643,15
26,GET,647,8
26,GET,651,7
26,GET,655,12
26,GET,659,7
26,GET,663,14
26,GET,667,9
26,GET,671,3
26,GET,675,10
26,GET,679,9
26,GET,683,5
26,GET,687,3
26,GET,691,6
26,GET,695,3
26,GET,699,7
26,GET,703,3
26,GET,707,2
26,GET,711,9
26,GET,715,6
26,GET,719,4
26,GET,723,5
26,GET,727,6
26,GET,731,4
26,GET,735,8
26,GET,739,3
26,GET,743,3
26,GET,747,5
26,GET,751,8
26,GET,755,7
26,GET,759,3
26,GET,763,1
26,GET,767,5
26,GET,771,4
26,GET,775,3
26,GET,779,5
26,GET,783,2
26,GET,787,1
26,GET,791,2
26,GET,795,1
26,GET,799,2
26,GET,803,2
26,GET,819,1
26,GET,823,3
26,GET,831,1
26,GET,835,2
26,GET,843,2
26,GET,863,1
26,GET,867,1
26,GET,883,1
26,GET,891,1
26,GET,899,1
26,GET,907,1
26,GET,927,1
26,GET,931,2
26,GET,943,1
26,GET,955,1
26,GET,959,1
26,GET,1011,1
26,GET,1047,1
26,GET,1359,1
26,GET,1407,1
26,GET,1415,1
26,GET,1487,1
26,GET,1495,1
26,GET,1519,1
26,GET,1527,1
26,GET,1559,1
26,GET,1583,1
26,GET,1591,1
26,GET,1607,1
26,GET,1615,1
26,GET,1639,2
26,GET,1655,2
26,GET,1663,4
26,GET,1671,3
26,GET,1679,2
26,GET,1687,1
26,GET,1695,1
26,GET,1703,2
26,GET,1711,1
26,GET,1719,1
26,GET,1727,3
26,GET,1743,1
26,GET,1815,1
26,GET,1823,1
26,GET,1847,1
26,GET,1855,1
26,GET,1895,1
26,GET,1903,1
26,GET,1927,2
26,GET,1943,1
26,GET,2015,1
26,GET,2095,1
26,GET,2159,2
26,GET,2223,1
26,GET,2271,2
26,GET,2287,1
26,GET,2383,1
26,GET,2447,1
26,GET,2479,1
26,GET,2527,1
26,GET,2575,1
26,GET,2591,1
26,GET,2687,1
26,GET,3295,1
26,GET,3503,1
26,GET,5343,1
27,SET,85,2
27,SET,90,1
27,SET,91,1
27,SET,93,3
27,SET,94,2
27,SET,95,4
27,SET,96,4
27,SET,97,3
27,SET,98,2
27,SET,99,7
27,SET,100,1
27,SET,101,6
27,SET,102,3
27,SET,103,8
27,SET,104,8
27,SET,105,8
27,SET,106,10
27,SET,107,6
27,SET,108,15
27,SET,109,19
27,SET,110,14
27,SET,111,13
27,SET,112,15
27,SET,113,22
27,SET,114,24
27,SET,115,17
27,SET,116,18
27,SET,117,22
27,SET,118,31
27,SET,119,27
27,SET,120,38
27,SET,121,30
27,SET,122,29
27,SET,123,32
27,SET,124,37
27,SET,125,42
27,SET,126,30
27,SET,127,33
27,SET,128,32
27,SET,129,39
27,SET,130,41
27,SET,131,42
27,SET,132,39
27,SET,133,49
27,SET,134,45
27,SET,135,42
27,SET,136,50
27,SET,137,50
27,SET,138,61
27,SET,139,43
27,SET,140,48
27,SET,141,45
27,SET,142,70
27,SET,143,45
27,SET,144,45
27,SET,145,41
27,SET,146,58
27,SET,147,49
27,SET,148,38
27,SET,149,38
27,SET,150,54
27,SET,151,46
27,SET,152,49
27,SET,153,40
27,SET,154,44
27,SET,155,45
27,SET,156,49
27,SET,157,52
27,SET,158,37
27,SET,159,45
27,SET,160,37
27,SET,161,26
27,SET,162,38
27,SET,163,48
27,SET,164,34
27,SET,165,43
27,SET,166,33
27,SET,167,31
27,SET,168,32
27,SET,169,32
27,SET,170,31
27,SET,171,27
27,SET,172,33
27,SET,173,21
27,SET,174,27
27,SET,175,33
27,SET,176,29
27,SET,177,24
27,SET,178,24
27,SET,179,26
27,SET,180,22
27,SET,181,24
27,SET,182,18
27,SET,183,23
27,SET,184,27
27,SET,185,18
27,SET,186,23
27,SET,187,21
27,SET,188,14
27,SET,189,16
27,SET,190,17
27,SET,191,19
27,SET,192,5
27,SET,193,24
27,SET,194,12
27,SET,195,14
27,SET,196,15
27,SET,197,11
27,SET,198,15
27,SET,199,11
27,SET,200,12
27,SET,201,26
27,SET,202,15
27,SET,203,15
27,SET,204,10
27,SET,205,11
27,SET,206,5
27,SET,207,22
27,SET,208,15
27,SET,209,20
27,SET,210,27
27,SET,211,13
27,SET,212,22
27,SET,213,16
27,SET,214,18
27,SET,215,18
27,SET,216,20
27,SET,217,11
27,SET,218,22
27,SET,219,18
27,SET,220,32
27,SET,221,15
27,SET,222,13
27,SET,223,29
27,SET,224,26
27,SET,225,25
27,SET,226,20
27,SET,227,29
27,SET,228,23
27,SET,229,27
27,SET,230,30
27,SET,231,37
27,SET,232,26
27,SET,233,30
27,SET,234,23
27,SET,235,29
27,SET,236,28
27,SET,237,32
27,SET,238,26
27,SET,239,28
27,SET,240,29
27,SET,241,39
27,SET,242,20
27,SET,243,35
27,SET,244,40
27,SET,245,34
27,SET,246,41
27,SET,247,25
27,SET,248,30
27,SET,249,23
27,SET,250,24
27,SET,251,19
27,SET,252,23
27,SET,253,25
27,SET,254,27
27,SET,255,19
27,SET,257,51
27,SET,259,53
27,SET,261,41
27,SET,263,45
27,SET,265,34
27,SET,267,30
27,SET,269,40
27,SET,271,37
27,SET,273,35
27,SET,275,41
27,SET,277,38
27,SET,279,43
27,SET,281,37
27,SET,283,34
27,SET,285,32
27,SET,287,50
27,SET,289,40
27,SET,291,37
27,SET,293,53
27,SET,295,45
27,SET,297,50
27,SET,299,75
27,SET,301,77
27,SET,303,81
27,SET,305,102
27,SET,307,120
27,SET,309,155
27,SET,311,174
27,SET,313,201
27,SET,315,232
27,SET,317,252
27,SET,319,329
27,SET,321,346
27,SET,323,398
27,SET,325,470
27,SET,327,553
27,SET,329,626
27,SET,331,650
27,SET,333,732
27,SET,335,863
27,SET,337,927
27,SET,339,953
27,SET,341,938
27,SET,343,1012
27,SET,345,1001
27,SET,347,1137
27,SET,349,1064
27,SET,351,1095
27,SET,353,1061
27,SET,355,990
27,SET,357,921
27,SET,359,850
27,SET,361,777
27,SET,363,718
27,SET,365,602
27,SET,367,601
27,SET,369,498
27,SET,371,461
27,SET,373,370
27,SET,375,326
27,SET,377,332
27,SET,379,306
27,SET,381,283
27,SET,383,261
27,SET,385,200
27,SET,387,172
27,SET,389,164
27,SET,391,145
27,SET,393,147
27,SET,395,108
27,SET,397,116
27,SET,399,97
27,SET,401,90
27,SET,403,76
27,SET,405,82
27,SET,407,67
27,SET,409,65
27,SET,411,51
27,SET,413,53
27,SET,415,52
27,SET,417,39
27,SET,419,41
27,SET,421,41
27,SET,423,40
27,SET,425,20
27,SET,427,28
27,SET,429,33
27,SET,431,21
27,SET,433,27
27,SET,435,25
27,SET,437,20
27,SET,439,18
27,SET,441,15
27,SET,443,11
27,SET,445,14
27,SET,447,12
27,SET,449,12
27,SET,451,19
27,SET,453,7
27,SET,455,8
27,SET,457,13
27,SET,459,10
27,SET,461,10
27,SET,463,7
27,SET,465,5
27,SET,467,6
27,SET,469,8
27,SET,471,7
27,SET,473,8
27,SET,475,2
27,SET,477,9
27,SET,479,5
27,SET,481,2
27,SET,483,6
27,SET,485,6
27,SET,487,5
27,SET,489,4
27,SET,491,3
27,SET,493,4
27,SET,495,2
27,SET,497,3
27,SET,499,3
27,SET,501,1
27,SET,503,5
27,SET,505,4
27,SET,507,2
27,SET,509,1
27,SET,515,3
27,SET,519,3
27,SET,523,1
27,SET,527,2
27,SET,531,4
27,SET,535,1
27,SET,539,3
27,SET,543,1
27,SET,547,4
27,SET,551,2
27,SET,555,2
27,SET,559,1
27,SET,563,2
27,SET,567,5
27,SET,571,1
27,SET,575,2
27,SET,579,1
27,SET,583,2
27,SET,591,1
27,SET,599,4
27,SET,603,1
27,SET,607,2
27,SET,611,1
27,SET,615,1
27,SET,623,1
27,SET,639,1
27,SET,643,1
27,SET,655,1
27,SET,663,1
27,SET,667,2
27,SET,671,1
27,SET,675,1
27,SET,687,1
27,SET,695,1
27,SET,715,1
27,SET,735,1
27,SET,747,2
27,SET,775,1
27,SET,799,1
27,SET,843,1
27,SET,1743,1
27,SET,2079,1
27,GET,80,1
27,GET,81,1
27,GET,82,3
27,GET,83,1
27,GET,85,4
27,GET,86,1
27,GET,87,6
27,GET,88,9
27,GET,89,8
27,GET,90,15
27,GET,91,22
27,GET,92,22
27,GET,93,15
27,GET,94,29
27,GET,95,41
27,GET,96,39
27,GET,97,73
27,GET,98,52
27,GET,99,67
27,GET,100,93
27,GET,101,100
27,GET,102,97
27,GET,103,131
27,GET,104,121
27,GET,105,150
27,GET,106,182
27,GET,107,148
27,GET,108,191
27,GET,109,233
27,GET,110,245
27,GET,111,231
27,GET,112,264
27,GET,113,301
27,GET,114,274
27,GET,115,304
27,GET,116,376
27,GET,117,323
27,GET,118,407
27,GET,119,391
27,GET,120,408
27,GET,121,446
27,GET,122,469
27,GET,123,489
27,GET,124,512
27,GET,125,528
27,GET,126,552
27,GET,127,518
27,GET,128,599
27,GET,129,577
27,GET,130,584
27,GET,131,582
27,GET,132,624
27,GET,133,641
27,GET,134,681
27,GET,135,672
27,GET,136,710
27,GET,137,675
27,GET,138,676
27,GET,139,697
27,GET,140,669
27,GET,141,685
27,GET,142,684
27,GET,143,702
27,GET,144,705
27,GET,145,694
27,GET,146,700
27,GET,147,689
27,GET,148,704
27,GET,149,682
27,GET,150,644
27,GET,151,675
27,GET,152,668
27,GET,153,667
27,GET,154,645
27,GET,155,611
27,GET,156,553
27,GET,157,592
27,GET,158,635
27,GET,159,594
27,GET,160,568
27,GET,161,539
27,GET,162,528
27,GET,163,507
27,GET,164,498
27,GET,165,472
27,GET,166,465
27,GET,167,448
27,GET,168,468
27,GET,169,423
27,GET,170,440
27,GET,171,377
27,GET,172,401
27,GET,173,383
27,GET,174,370
27,GET,175,343
27,GET,176,363
27,GET,177,307
27,GET,178,309
27,GET,179,330
27,GET,180,305
27,GET,181,283
27,GET,182,280
27,GET,183,268
27,GET,184,261
27,GET,185,269
27,GET,186,225
27,GET,187,251
27,GET,188,199
27,GET,189,219
27,GET,190,228
27,GET,191,215
27,GET,192,230
27,GET,193,216
27,GET,194,210
27,GET,195,205
27,GET,196,212
27,GET,197,200
27,GET,198,173
27,GET,199,184
27,GET,200,206
27,GET,201,198
27,GET,202,179
27,GET,203,224
27,GET,204,193
27,GET,205,184
27,GET,206,226
27,GET,207,201
27,GET,208,203
27,GET,209,201
27,GET,210,184
27,GET,211,245
27,GET,212,249
27,GET,213,247
27,GET,214,267
27,GET,215,288
27,GET,216,279
27,GET,217,290
27,GET,218,265
27,GET,219,271
27,GET,220,312
27,GET,221,300
27,GET,222,297
27,GET,223,327
27,GET,224,357
27,GET,225,368
27,GET,226,368
27,GET,227,345
27,GET,228,387
27,GET,229,354
27,GET,230,392
27,GET,231,335
27,GET,232,406
27,GET,233,411
27,GET,234,440
27,GET,235,392
27,GET,236,385
27,GET,237,437
27,GET,238,458
27,GET,239,435
27,GET,240,424
27,GET,241,450
27,GET,242,427
27,GET,243,424
27,GET,244,420
27,GET,245,434
27,GET,246,400
27,GET,247,391
27,GET,248,369
27,GET,249,411
27,GET,250,386
27,GET,251,406
27,GET,252,367
27,GET,253,356
27,GET,254,325
27,GET,255,337
27,GET,257,688
27,GET,259,629
27,GET,261,553
27,GET,263,569
27,GET,265,557
27,GET,267,546
27,GET,269,494
27,GET,271,501
27,GET,273,496
27,GET,275,446
27,GET,277,490
27,GET,279,488
27,GET,281,469
27,GET,283,465
27,GET,285,469
27,GET,287,521
27,GET,289,515
27,GET,291,575
27,GET,293,617
27,GET,295,744
27,GET,297,811
27,GET,299,937
27,GET,301,1062
27,GET,303,1291
27,GET,305,1530
27,GET,307,1789
27,GET,309,2040
27,GET,311,2488
27,GET,313,3076
27,GET,315,3443
27,GET,317,4172
27,GET,319,4637
27,GET,321,5337
27,GET,323,5925
27,GET,325,7093
27,GET,327,7858
27,GET,329,8794
27,GET,331,9934
27,GET,333,10893
27,GET,335,11601
27,GET,337,12729
27,GET,339,13614
27,GET,341,14217
27,GET,343,14832
27,GET,345,14803
27,GET,347,15012
27,GET,349,14643
27,GET,351,14421
27,GET,353,13670
27,GET,355,13044
27,GET,357,12289
27,GET,359,11166
27,GET,361,10229
27,GET,363,9542
27,GET,365,8478
27,GET,367,7639
27,GET,369,6936
27,GET,371,6257
27,GET,373,5488
27,GET,375,4894
27,GET,377,4398
27,GET,379,3874
27,GET,381,3449
27,GET,383,3076
27,GET,385,2712
27,GET,387,2466
27,GET,389,2189
27,GET,391,1984
27,GET,393,1779
27,GET,395,1684
27,GET,397,1443
27,GET,399,1247
27,GET,401,1159
27,GET,403,1084
27,GET,405,982
27,GET,407,859
27,GET,409,761
27,GET,411,797
27,GET,413,653
27,GET,415,623
27,GET,417,608
27,GET,419,526
27,GET,421,509
27,GET,423,502
27,GET,425,396
27,GET,427,384
27,GET,429,363
27,GET,431,327
27,GET,433,326
27,GET,435,298
27,GET,437,277
27,GET,439,235
27,GET,441,193
27,GET,443,216
27,GET,445,185
27,GET,447,173
27,GET,449,162
27,GET,451,212
27,GET,453,143
27,GET,455,150
27,GET,457,117
27,GET,459,127
27,GET,461,113
27,GET,463,101
27,GET,465,111
27,GET,467,87
27,GET,469,94
27,GET,471,84
27,GET,473,74
27,GET,475,60
27,GET,477,61
27,GET,479,74
27,GET,481,63
27,GET,483,55
27,GET,485,43
27,GET,487,58
27,GET,489,49
27,GET,491,55
27,GET,493,45
27,GET,495,46
27,GET,497,26
27,GET,499,35
27,GET,501,26
27,GET,503,34
27,GET,505,28
27,GET,507,29
27,GET,509,24
27,GET,511,28
27,GET,515,41
27,GET,519,39
27,GET,523,37
27,GET,527,36
27,GET,531,26
27,GET,535,28
27,GET,539,26
27,GET,543,26
27,GET,547,19
27,GET,551,28
27,GET,555,25
27,GET,559,19
27,GET,563,12
27,GET,567,21
27,GET,571,25
27,GET,575,13
27,GET,579,25
27,GET,583,16
27,GET,587,19
27,GET,591,20
27,GET,595,25
27,GET,599,17
27,GET,603,19
27,GET,607,21
27,GET,611,17
27,GET,615,17
27,GET,619,22
27,GET,623,20
27,GET,627,11
27,GET,631,16
27,GET,635,23
27,GET,639,15
27,GET,643,11
27,GET,647,16
27,GET,651,5
27,GET,655,8
27,GET,659,10
27,GET,663,9
27,GET,667,7
27,GET,671,10
27,GET,675,5
27,GET,679,6
27,GET,683,6
27,GET,687,3
27,GET,691,5
27,GET,695,5
27,GET,699,10
27,GET,703,2
27,GET,707,4
27,GET,711,3
27,GET,715,7
27,GET,719,6
27,GET,723,3
27,GET,727,7
27,GET,731,5
27,GET,735,6
27,GET,739,5
27,GET,743,2
27,GET,747,7
27,GET,751,7
27,GET,755,3
27,GET,759,6
27,GET,763,2
27,GET,767,8
27,GET,771,1
27,GET,775,7
27,GET,779,4
27,GET,783,4
27,GET,787,3
27,GET,791,1
27,GET,795,1
27,GET,799,1
27,GET,803,1
27,GET,807,1
27,GET,811,1
27,GET,815,3
27,GET,819,3
27,GET,835,1
27,GET,843,1
27,GET,851,1
27,GET,859,1
27,GET,879,1
27,GET,883,1
27,GET,919,2
27,GET,935,1
27,GET,1023,1
27,GET,1031,1
27,GET,1047,1
27,GET,1239,2
27,GET,1351,1
27,GET,1399,2
27,GET,1439,1
27,GET,1487,1
27,GET,1527,1
27,GET,1543,1
27,GET,1551,1
27,GET,1559,1
27,GET,1575,1
27,GET,1591,1
27,GET,1599,1
27,GET,1607,1
27,GET,1615,2
27,GET,1623,1
27,GET,1639,1
27,GET,1647,1
27,GET,1655,2
27,GET,1663,3
27,GET,1679,3
27,GET,1687,1
27,GET,1703,2
27,GET,1711,2
27,GET,1727,2
27,GET,1735,1
27,GET,1791,1
27,GET,1799,1
27,GET,1831,1
27,GET,1871,2
27,GET,1879,1
27,GET,1887,1
27,GET,1895,1
27,GET,1935,2
27,GET,1967,1
27,GET,1991,1
27,GET,2079,1
27,GET,2143,1
27,GET,2159,1
27,GET,2191,1
27,GET,2207,1
27,GET,2239,1
27,GET,2255,1
27,GET,2335,1
27,GET,2367,1
27,GET,2415,3
27,GET,2431,1
27,GET,2463,2
27,GET,2495,1
27,GET,2511,1
27,GET,2527,1
27,GET,2575,1
27,GET,3007,1
27,GET,3311,1
27,GET,3407,1
27,GET,4191,1
27,DEL,85,1
27,DEL,86,2
27,DEL,87,4
27,DEL,88,5
27,DEL,89,1
27,DEL,90,6
27,DEL,91,4
27,DEL,92,9
27,DEL,93,6
27,DEL,94,11
27,DEL,95,12
27,DEL,96,23
27,DEL,97,13
27,DEL,98,30
27,DEL,99,20
27,DEL,100,31
27,DEL,101,43
27,DEL,102,38
27,DEL,103,38
27,DEL,104,51
27,DEL,105,37
27,DEL,106,61
27,DEL,107,49
27,DEL,108,62
27,DEL,109,72
27,DEL,110,86
27,DEL,111,97
27,DEL,112,86
27,DEL,113,94
27,DEL,114,106
27,DEL,115,114
27,DEL,116,101
27,DEL,117,147
27,DEL,118,142
27,DEL,119,156
27,DEL,120,138
27,DEL,121,151
27,DEL,122,194
27,DEL,123,192
27,DEL,124,209
27,DEL,125,185
27,DEL,126,201
27,DEL,127,194
27,DEL,128,208
27,DEL,129,216
27,DEL,130,210
27,DEL,131,216
27,DEL,132,220
27,DEL,133,253
27,DEL,134,252
27,DEL,135,232
27,DEL,136,248
27,DEL,137,273
27,DEL,138,246
27,DEL,139,246
27,DEL,140,257
27,DEL,141,240
27,DEL,142,243
27,DEL,143,253
27,DEL,144,283
27,DEL,145,257
27,DEL,146,257
27,DEL,147,227
27,DEL,148,240
27,DEL,149,265
27,DEL,150,275
27,DEL,151,226
27,DEL,152,220
27,DEL,153,219
27,DEL,154,248
27,DEL,155,229
27,DEL,156,210
27,DEL,157,225
27,DEL,158,202
27,DEL,159,231
27,DEL,160,215
27,DEL,161,183
27,DEL,162,152
27,DEL,163,182
27,DEL,164,163
27,DEL,165,159
27,DEL,166,164
27,DEL,167,165
27,DEL,168,179
27,DEL,169,151
27,DEL,170,150
27,DEL,171,152
27,DEL,172,121
27,DEL,173,145
27,DEL,174,138
27,DEL,175,143
27,DEL,176,120
27,DEL,177,114
27,DEL,178,112
27,DEL,179,105
27,DEL,180,94
27,DEL,181,101
27,DEL,182,97
27,DEL,183,84
27,DEL,184,85
27,DEL,185,89
27,DEL,186,81
27,DEL,187,93
27,DEL,188,92
27,DEL,189,77
27,DEL,190,81
27,DEL,191,75
27,DEL,192,72
27,DEL,193,77
27,DEL,194,77
27,DEL,195,81
27,DEL,196,61
27,DEL,197,70
27,DEL,198,75
27,DEL,199,80
27,DEL,200,67
27,DEL,201,69
27,DEL,202,60
27,DEL,203,69
27,DEL,204,71
27,DEL,205,63
27,DEL,206,59
27,DEL,207,68
27,DEL,208,81
27,DEL,209,88
27,DEL,210,74
27,DEL,211,80
27,DEL,212,98
27,DEL,213,89
27,DEL,214,86
27,DEL,215,80
27,DEL,216,99
27,DEL,217,103
27,DEL,218,98
27,DEL,219,110
27,DEL,220,93
27,DEL,221,106
27,DEL,222,118
27,DEL,223,110
27,DEL,224,103
27,DEL,225,127
27,DEL,226,117
27,DEL,227,130
27,DEL,228,127
27,DEL,229,137
27,DEL,230,124
27,DEL,231,117
27,DEL,232,152
27,DEL,233,140
27,DEL,234,147
27,DEL,235,139
27,DEL,236,138
27,DEL,237,137
27,DEL,238,151
27,DEL,239,142
27,DEL,240,140
27,DEL,241,150
27,DEL,242,163
27,DEL,243,142
27,DEL,244,161
27,DEL,245,152
27,DEL,246,119
27,DEL,247,154
27,DEL,248,135
27,DEL,249,128
27,DEL,250,139
27,DEL,251,118
27,DEL,252,126
27,DEL,253,119
27,DEL,254,118
27,DEL,255,103
27,DEL,257,244
27,DEL,259,211
27,DEL,261,200
27,DEL,263,189
27,DEL,265,193
27,DEL,267,179
27,DEL,269,179
27,DEL,271,162
27,DEL,273,181
27,DEL,275,148
27,DEL,277,182
27,DEL,279,156
27,DEL,281,196
27,DEL,283,168
27,DEL,285,177
27,DEL,287,182
27,DEL,289,181
27,DEL,291,208
27,DEL,293,242
27,DEL,295,246
27,DEL,297,288
27,DEL,299,331
27,DEL,301,403
27,DEL,303,467
27,DEL,305,514
27,DEL,307,632
27,DEL,309,742
27,DEL,311,891
27,DEL,313,1057
27,DEL,315,1234
27,DEL,317,1414
27,DEL,319,1631
27,DEL,321,1847
27,DEL,323,2147
27,DEL,325,2534
27,DEL,327,2850
27,DEL,329,3188
27,DEL,331,3541
27,DEL,333,3895
27,DEL,335,4290
27,DEL,337,4517
27,DEL,339,4890
27,DEL,341,5151
27,DEL,343,5258
27,DEL,345,5439
27,DEL,347,5365
27,DEL,349,5198
27,DEL,351,5093
27,DEL,353,4907
27,DEL,355,4724
27,DEL,357,4364
27,DEL,359,4115
27,DEL,361,3688
27,DEL,363,3396
27,DEL,365,3023
27,DEL,367,2707
27,DEL,369,2435
27,DEL,371,2202
27,DEL,373,1924
27,DEL,375,1725
27,DEL,377,1585
27,DEL,379,1407
27,DEL,381,1233
27,DEL,383,1058
27,DEL,385,1045
27,DEL,387,893
27,DEL,389,799
27,DEL,391,746
27,DEL,393,633
27,DEL,395,599
27,DEL,397,557
27,DEL,399,507
27,DEL,401,430
27,DEL,403,386
27,DEL,405,333
27,DEL,407,310
27,DEL,409,328
27,DEL,411,249
27,DEL,413,283
27,DEL,415,205
27,DEL,417,219
27,DEL,419,171
27,DEL,421,178
27,DEL,423,167
27,DEL,425,153
27,DEL,427,132
27,DEL,429,127
27,DEL,431,134
27,DEL,433,113
27,DEL,435,85
27,DEL,437,100
27,DEL,439,90
27,DEL,441,92
27,DEL,443,73
27,DEL,445,67
27,DEL,447,63
27,DEL,449,63
27,DEL,451,55
27,DEL,453,47
27,DEL,455,48
27,DEL,457,49
27,DEL,459,46
27,DEL,461,43
27,DEL,463,38
27,DEL,465,26
27,DEL,467,24
27,DEL,469,32
27,DEL,471,26
27,DEL,473,35
27,DEL,475,23
27,DEL,477,20
27,DEL,479,28
27,DEL,481,21
27,DEL,483,17
27,DEL,485,19
27,DEL,487,16
27,DEL,489,11
27,DEL,491,21
27,DEL,493,11
27,DEL,495,19
27,DEL,497,13
27,DEL,499,15
27,DEL,501,12
27,DEL,503,14
27,DEL,505,6
27,DEL,507,12
27,DEL,509,12
27,DEL,511,15
27,DEL,515,17
27,DEL,519,11
27,DEL,523,22
27,DEL,527,13
27,DEL,531,10
27,DEL,535,13
27,DEL,539,12
27,DEL,543,11
27,DEL,547,10
27,DEL,551,7
27,DEL,555,7
27,DEL,559,4
27,DEL,563,9
27,DEL,567,11
27,DEL,571,10
27,DEL,575,7
27,DEL,579,8
27,DEL,583,10
27,DEL,587,9
27,DEL,591,8
27,DEL,595,5
27,DEL,599,6
27,DEL,603,9
27,DEL,607,8
27,DEL,611,5
27,DEL,615,9
27,DEL,619,7
27,DEL,623,5
27,DEL,627,3
27,DEL,631,5
27,DEL,635,4
27,DEL,639,2
27,DEL,643,5
27,DEL,647,8
27,DEL,651,3
27,DEL,655,2
27,DEL,659,3
27,DEL,663,1
27,DEL,667,2
27,DEL,671,4
27,DEL,675,3
27,DEL,679,3
27,DEL,683,3
27,DEL,687,1
27,DEL,691,4
27,DEL,695,1
27,DEL,699,1
27,DEL,703,2
27,DEL,707,1
27,DEL,711,4
27,DEL,715,2
27,DEL,719,1
27,DEL,723,1
27,DEL,727,2
27,DEL,731,1
27,DEL,735,3
27,DEL,743,5
27,DEL,747,2
27,DEL,751,1
27,DEL,755,2
27,DEL,759,2
27,DEL,763,1
27,DEL,767,3
27,DEL,771,1
27,DEL,775,2
27,DEL,779,1
27,DEL,783,1
27,DEL,791,3
27,DEL,799,2
27,DEL,803,1
27,DEL,815,1
27,DEL,859,1
27,DEL,871,1
27,DEL,875,1
27,DEL,899,1
27,DEL,919,1
27,DEL,955,1
27,DEL,1019,1
27,DEL,1087,1
27,DEL,1351,1
27,DEL,1447,1
27,DEL,1463,1
27,DEL,1487,1
27,DEL,1495,1
27,DEL,1575,1
27,DEL,1583,1
27,DEL,1607,1
27,DEL,1623,1
27,DEL,1639,1
27,DEL,1655,1
27,DEL,1671,1
27,DEL,1679,1
27,DEL,1719,1
27,DEL,1759,1
27,DEL,1903,1
27,DEL,2095,2
27,DEL,2143,1
27,DEL,2175,1
27,DEL,2191,1
27,DEL,2383,1
27,DEL,3375,1
27,DEL,3663,1
27,DEL,4047,1
27,DEL,5567,1
28,DEL,84,3
28,DEL,85,1
28,DEL,86,3
28,DEL,87,6
28,DEL,88,6
28,DEL,89,10
28,DEL,90,14
28,DEL,91,12
28,DEL,92,12
28,DEL,93,10
28,DEL,94,13
28,DEL,95,23
28,DEL,96,22
28,DEL,97,27
28,DEL,98,19
28,DEL,99,42
28,DEL,100,37
28,DEL,101,29
28,DEL,102,39
28,DEL,103,46
28,DEL,104,48
28,DEL,105,46
28,DEL,106,50
28,DEL,107,59
28,DEL,108,77
28,DEL,109,75
28,DEL,110,96
28,DEL,111,91
28,DEL,112,105
28,DEL,113,120
28,DEL,114,127
28,DEL,115,117
28,DEL,116,123
28,DEL,117,124
28,DEL,118,134
28,DEL,119,144
28,DEL,120,155
28,DEL,121,182
28,DEL,122,173
28,DEL,123,179
28,DEL,124,193
28,DEL,125,188
28,DEL,126,201
28,DEL,127,227
28,DEL,128,225
28,DEL,129,225
28,DEL,130,224
28,DEL,131,221
28,DEL,132,256
28,DEL,133,227
28,DEL,134,256
28,DEL,135,237
28,DEL,136,258
28,DEL,137,241
28,DEL,138,224
28,DEL,139,271
28,DEL,140,257
28,DEL,141,257
28,DEL,142,235
28,DEL,143,247
28,DEL,144,236
28,DEL,145,257
28,DEL,146,247
28,DEL,147,228
28,DEL,148,233
28,DEL,149,244
28,DEL,150,228
28,DEL,151,260
28,DEL,152,230
28,DEL,153,219
28,DEL,154,211
28,DEL,155,209
28,DEL,156,222
28,DEL,157,215
28,DEL,158,197
28,DEL,159,202
28,DEL,160,224
28,DEL,161,186
28,DEL,162,162
28,DEL,163,169
28,DEL,164,185
28,DEL,165,188
28,DEL,166,157
28,DEL,167,165
28,DEL,168,156
28,DEL,169,160
28,DEL,170,158
28,DEL,171,137
28,DEL,172,127
28,DEL,173,112
28,DEL,174,111
28,DEL,175,115
28,DEL,176,113
28,DEL,177,99
28,DEL,178,119
28,DEL,179,92
28,DEL,180,98
28,DEL,181,88
28,DEL,182,99
28,DEL,183,85
28,DEL,184,86
28,DEL,185,97
28,DEL,186,71
28,DEL,187,86
28,DEL,188,95
28,DEL,189,71
28,DEL,190,72
28,DEL,191,70
28,DEL,192,67
28,DEL,193,72
28,DEL,194,70
28,DEL,195,74
28,DEL,196,62
28,DEL,197,63
28,DEL,198,90
28,DEL,199,67
28,DEL,200,67
28,DEL,201,73
28,DEL,202,70
28,DEL,203,54
28,DEL,204,64
28,DEL,205,79
28,DEL,206,63
28,DEL,207,75
28,DEL,208,80
28,DEL,209,64
28,DEL,210,85
28,DEL,211,91
28,DEL,212,81
28,DEL,213,96
28,DEL,214,98
28,DEL,215,93
28,DEL,216,89
28,DEL,217,99
28,DEL,218,96
28,DEL,219,94
28,DEL,220,115
28,DEL,221,98
28,DEL,222,102
28,DEL,223,105
28,DEL,224,121
28,DEL,225,126
28,DEL,226,135
28,DEL,227,125
28,DEL,228,121
28,DEL,229,122
28,DEL,230,143
28,DEL,231,110
28,DEL,232,143
28,DEL,233,126
28,DEL,234,119
28,DEL,235,135
28,DEL,236,124
28,DEL,237,149
28,DEL,238,133
28,DEL,239,135
28,DEL,240,109
28,DEL,241,152
28,DEL,242,139
28,DEL,243,130
28,DEL,244,127
28,DEL,245,133
28,DEL,246,143
28,DEL,247,124
28,DEL,248,123
28,DEL,249,141
28,DEL,250,130
28,DEL,251,108
28,DEL,252,139
28,DEL,253,123
28,DEL,254,128
28,DEL,255,109
28,DEL,257,212
28,DEL,259,230
28,DEL,261,228
28,DEL,263,190
28,DEL,265,212
28,DEL,267,188
28,DEL,269,182
28,DEL,271,202
28,DEL,273,218
28,DEL,275,185
28,DEL,277,212
28,DEL,279,174
28,DEL,281,187
28,DEL,283,233
28,DEL,285,223
28,DEL,287,212
28,DEL,289,247
28,DEL,291,265
28,DEL,293,324
28,DEL,295,347
28,DEL,297,359
28,DEL,299,446
28,DEL,301,455
28,DEL,303,574
28,DEL,305,667
28,DEL,307,811
28,DEL,309,921
28,DEL,311,994
28,DEL,313,1230
28,DEL,315,1425
28,DEL,317,1618
28,DEL,319,1822
28,DEL,321,2064
28,DEL,323,2359
28,DEL,325,2599
28,DEL,327,2868
28,DEL,329,3154
28,DEL,331,3463
28,DEL,333,3748
28,DEL,335,4074
28,DEL,337,4230
28,DEL,339,4397
28,DEL,341,4637
28,DEL,343,4543
28,DEL,345,4709
28,DEL,347,4707
28,DEL,349,4763
28,DEL,351,4589
28,DEL,353,4502
28,DEL,355,4203
28,DEL,357,4106
28,DEL,359,3818
28,DEL,361,3670
28,DEL,363,3400
28,DEL,365,3266
28,DEL,367,2909
28,DEL,369,2700
28,DEL,371,2368
28,DEL,373,2197
28,DEL,375,2014
28,DEL,377,1859
28,DEL,379,1614
28,DEL,381,1485
28,DEL,383,1263
28,DEL,385,1136
28,DEL,387,1137
28,DEL,389,960
28,DEL,391,873
28,DEL,393,754
28,DEL,395,670
28,DEL,397,592
28,DEL,399,503
28,DEL,401,480
28,DEL,403,419
28,DEL,405,392
28,DEL,407,351
28,DEL,409,329
28,DEL,411,326
28,DEL,413,286
28,DEL,415,259
28,DEL,417,231
28,DEL,419,172
28,DEL,421,180
28,DEL,423,184
28,DEL,425,153
28,DEL,427,148
28,DEL,429,128
28,DEL,431,119
28,DEL,433,101
28,DEL,435,109
28,DEL,437,95
28,DEL,439,84
28,DEL,441,83
28,DEL,443,74
28,DEL,445,76
28,DEL,447,61
28,DEL,449,70
28,DEL,451,56
28,DEL,453,49
28,DEL,455,42
28,DEL,457,38
28,DEL,459,44
28,DEL,461,39
28,DEL,463,37
28,DEL,465,39
28,DEL,467,37
28,DEL,469,33
28,DEL,471,27
28,DEL,473,28
28,DEL,475,21
28,DEL,477,21
28,DEL,479,24
28,DEL,481,18
28,DEL,483,21
28,DEL,485,21
28,DEL,487,17
28,DEL,489,22
28,DEL,491,22
28,DEL,493,13
28,DEL,495,14
28,DEL,497,13
28,DEL,499,19
28,DEL,501,14
28,DEL,503,14
28,DEL,505,11
28,DEL,507,10
28,DEL,509,13
28,DEL,511,10
28,DEL,515,22
28,DEL,519,14
28,DEL,523,11
28,DEL,527,14
28,DEL,531,15
28,DEL,535,11
28,DEL,539,12
28,DEL,543,9
28,DEL,547,10
28,DEL,551,8
28,DEL,555,5
28,DEL,559,9
28,DEL,563,8
28,DEL,567,7
28,DEL,571,8
28,DEL,575,5
28,DEL,579,8
28,DEL,583,7
28,DEL,587,8
28,DEL,591,8
28,DEL,595,15
28,DEL,599,7
28,DEL,603,7
28,DEL,607,4
28,DEL,611,9
28,DEL,615,7
28,DEL,619,4
28,DEL,623,6
28,DEL,627,8
28,DEL,631,3
28,DEL,635,4
28,DEL,639,3
28,DEL,643,6
28,DEL,647,5
28,DEL,651,3
28,DEL,655,4
28,DEL,659,1
28,DEL,663,3
28,DEL,667,2
28,DEL,671,3
28,DEL,675,1
28,DEL,687,4
28,DEL,691,1
28,DEL,703,2
28,DEL,707,2
28,DEL,711,1
28,DEL,715,1
28,DEL,723,1
28,DEL,727,2
28,DEL,731,1
28,DEL,735,1
28,DEL,743,4
28,DEL,751,1
28,DEL,755,1
28,DEL,759,1
28,DEL,763,3
28,DEL,767,3
28,DEL,771,2
28,DEL,775,2
28,DEL,783,2
28,DEL,787,1
28,DEL,799,1
28,DEL,803,1
28,DEL,807,1
28,DEL,823,1
28,DEL,839,1
28,DEL,871,1
28,DEL,875,1
28,DEL,935,1
28,DEL,943,1
28,DEL,1511,1
28,DEL,1527,1
28,DEL,1559,1
28,DEL,1591,1
28,DEL,1615,1
28,DEL,1623,1
28,DEL,1639,2
28,DEL,1655,1
28,DEL,1671,1
28,DEL,1687,1
28,DEL,1719,1
28,DEL,1751,1
28,DEL,1783,1
28,DEL,1855,1
28,DEL,1895,1
28,DEL,2031,2
28,DEL,2063,1
28,DEL,2127,1
28,DEL,2143,1
28,DEL,2159,1
28,DEL,2191,1
28,DEL,2271,1
28,DEL,2511,1
28,DEL,2543,1
28,DEL,2623,1
28,DEL,5343,1
28,GET,79,1
28,GET,81,2
28,GET,83,2
28,GET,84,6
28,GET,85,2
28,GET,86,9
28,GET,87,12
28,GET,88,19
28,GET,89,18
28,GET,90,28
28,GET,91,29
28,GET,92,35
28,GET,93,40
28,GET,94,38
28,GET,95,50
28,GET,96,58
28,GET,97,67
28,GET,98,99
28,GET,99,89
28,GET,100,82
28,GET,101,100
28,GET,102,117
28,GET,103,139
28,GET,104,132
28,GET,105,137
28,GET,106,156
28,GET,107,190
28,GET,108,208
28,GET,109,243
28,GET,110,230
28,GET,111,264
28,GET,112,298
28,GET,113,300
28,GET,114,291
28,GET,115,334
28,GET,116,346
28,GET,117,391
28,GET,118,409
28,GET,119,453
28,GET,120,430
28,GET,121,481
28,GET,122,460
28,GET,123,514
28,GET,124,493
28,GET,125,531
28,GET,126,565
28,GET,127,598
28,GET,128,610
28,GET,129,625
28,GET,130,669
28,GET,131,682
28,GET,132,668
28,GET,133,650
28,GET,134,670
28,GET,135,703
28,GET,136,705
28,GET,137,711
28,GET,138,706
28,GET,139,674
28,GET,140,685
28,GET,141,716
28,GET,142,721
28,GET,143,700
28,GET,144,684
28,GET,145,764
28,GET,146,692
28,GET,147,705
28,GET,148,695
28,GET,149,685
28,GET,150,632
28,GET,151,694
28,GET,152,678
28,GET,153,644
28,GET,154,635
28,GET,155,630
28,GET,156,628
28,GET,157,605
28,GET,158,602
28,GET,159,585
28,GET,160,569
28,GET,161,551
28,GET,162,560
28,GET,163,540
28,GET,164,498
28,GET,165,478
28,GET,166,494
28,GET,167,434
28,GET,168,440
28,GET,169,412
28,GET,170,383
28,GET,171,375
28,GET,172,378
28,GET,173,361
28,GET,174,349
28,GET,175,350
28,GET,176,329
28,GET,177,348
28,GET,178,297
28,GET,179,270
28,GET,180,312
28,GET,181,278
28,GET,182,261
28,GET,183,228
28,GET,184,251
28,GET,185,254
28,GET,186,236
28,GET,187,257
28,GET,188,244
28,GET,189,187
28,GET,190,232
28,GET,191,215
28,GET,192,207
28,GET,193,208
28,GET,194,178
28,GET,195,183
28,GET,196,199
28,GET,197,196
28,GET,198,234
28,GET,199,202
28,GET,200,197
28,GET,201,193
28,GET,202,198
28,GET,203,190
28,GET,204,194
28,GET,205,188
28,GET,206,207
28,GET,207,202
28,GET,208,203
28,GET,209,227
28,GET,210,229
28,GET,211,230
28,GET,212,247
28,GET,213,238
28,GET,214,228
28,GET,215,275
28,GET,216,282
28,GET,217,266
28,GET,218,273
28,GET,219,256
28,GET,220,282
28,GET,221,338
28,GET,222,279
28,GET,223,306
28,GET,224,336
28,GET,225,326
28,GET,226,288
28,GET,227,350
28,GET,228,355
28,GET,229,329
28,GET,230,369
28,GET,231,351
28,GET,232,398
28,GET,233,357
28,GET,234,365
28,GET,235,392
28,GET,236,415
28,GET,237,396
28,GET,238,366
28,GET,239,393
28,GET,240,365
28,GET,241,392
28,GET,242,398
28,GET,243,410
28,GET,244,396
28,GET,245,376
28,GET,246,349
28,GET,247,351
28,GET,248,355
28,GET,249,377
28,GET,250,368
28,GET,251,323
28,GET,252,341
28,GET,253,333
28,GET,254,343
28,GET,255,319
28,GET,257,655
28,GET,259,597
28,GET,261,638
28,GET,263,574
28,GET,265,539
28,GET,267,578
28,GET,269,518
28,GET,271,561
28,GET,273,550
28,GET,275,555
28,GET,277,538
28,GET,279,540
28,GET,281,542
28,GET,283,607
28,GET,285,619
28,GET,287,650
28,GET,289,702
28,GET,291,792
28,GET,293,851
28,GET,295,952
28,GET,297,1067
28,GET,299,1168
28,GET,301,1445
28,GET,303,1593
28,GET,305,1859
28,GET,307,2179
28,GET,309,2606
28,GET,311,2921
28,GET,313,3384
28,GET,315,3786
28,GET,317,4426
28,GET,319,5122
28,GET,321,5683
28,GET,323,6359
28,GET,325,7247
28,GET,327,8012
28,GET,329,8851
28,GET,331,9720
28,GET,333,10526
28,GET,335,11118
28,GET,337,11960
28,GET,339,12315
28,GET,341,12675
28,GET,343,13224
28,GET,345,13171
28,GET,347,13249
28,GET,349,13215
28,GET,351,12905
28,GET,353,12581
28,GET,355,12043
28,GET,357,11522
28,GET,359,10723
28,GET,361,10269
28,GET,363,9535
28,GET,365,8890
28,GET,367,8269
28,GET,369,7451
28,GET,371,6839
28,GET,373,5996
28,GET,375,5537
28,GET,377,4943
28,GET,379,4501
28,GET,381,4007
28,GET,383,3636
28,GET,385,3180
28,GET,387,2900
28,GET,389,2570
28,GET,391,2335
28,GET,393,2020
28,GET,395,1884
28,GET,397,1675
28,GET,399,1543
28,GET,401,1328
28,GET,403,1232
28,GET,405,1136
28,GET,407,980
28,GET,409,871
28,GET,411,801
28,GET,413,712
28,GET,415,688
28,GET,417,598
28,GET,419,569
28,GET,421,521
28,GET,423,516
28,GET,425,470
28,GET,427,393
28,GET,429,379
28,GET,431,343
28,GET,433,270
28,GET,435,289
28,GET,437,284
28,GET,439,248
28,GET,441,236
28,GET,443,209
28,GET,445,185
28,GET,447,174
28,GET,449,178
28,GET,451,165
28,GET,453,152
28,GET,455,131
28,GET,457,116
28,GET,459,118
28,GET,461,111
28,GET,463,112
28,GET,465,106
28,GET,467,89
28,GET,469,94
28,GET,471,74
28,GET,473,92
28,GET,475,65
28,GET,477,79
28,GET,479,63
28,GET,481,72
28,GET,483,47
28,GET,485,64
28,GET,487,47
28,GET,489,58
28,GET,491,42
28,GET,493,44
28,GET,495,57
28,GET,497,37
28,GET,499,40
28,GET,501,40
28,GET,503,29
28,GET,505,28
28,GET,507,29
28,GET,509,37
28,GET,511,27
28,GET,515,51
28,GET,519,42
28,GET,523,45
28,GET,527,29
28,GET,531,46
28,GET,535,36
28,GET,539,34
28,GET,543,30
28,GET,547,21
28,GET,551,26
28,GET,555,22
28,GET,559,14
28,GET,563,21
28,GET,567,19
28,GET,571,27
28,GET,575,19
28,GET,579,22
28,GET,583,14
28,GET,587,21
28,GET,591,16
28,GET,595,18
28,GET,599,16
28,GET,603,17
28,GET,607,15
28,GET,611,23
28,GET,615,14
28,GET,619,17
28,GET,623,17
28,GET,627,14
28,GET,631,13
28,GET,635,11
28,GET,639,12
28,GET,643,14
28,GET,647,5
28,GET,651,14
28,GET,655,11
28,GET,659,13
28,GET,663,10
28,GET,667,6
28,GET,671,7
28,GET,675,5
28,GET,679,9
28,GET,683,8
28,GET,687,5
28,GET,691,3
28,GET,695,11
28,GET,699,5
28,GET,703,3
28,GET,707,3
28,GET,711,6
28,GET,715,3
28,GET,719,4
28,GET,723,3
28,GET,727,10
28,GET,731,5
28,GET,735,6
28,GET,739,6
28,GET,743,5
28,GET,747,8
28,GET,751,7
28,GET,755,4
28,GET,759,9
28,GET,763,5
28,GET,767,5
28,GET,771,2
28,GET,775,3
28,GET,779,3
28,GET,783,2
28,GET,791,4
28,GET,795,2
28,GET,799,2
28,GET,803,1
28,GET,811,1
28,GET,815,2
28,GET,819,1
28,GET,823,1
28,GET,827,1
28,GET,831,2
28,GET,839,2
28,GET,843,2
28,GET,847,2
28,GET,851,1
28,GET,863,2
28,GET,867,1
28,GET,875,3
28,GET,887,1
28,GET,891,1
28,GET,903,1
28,GET,959,1
28,GET,1031,1
28,GET,1047,1
28,GET,1159,1
28,GET,1319,1
28,GET,1399,1
28,GET,1439,1
28,GET,1455,1
28,GET,1463,2
28,GET,1551,1
28,GET,1559,1
28,GET,1575,3
28,GET,1583,1
28,GET,1591,1
28,GET,1607,1
28,GET,1615,1
28,GET,1647,3
28,GET,1655,2
28,GET,1663,1
28,GET,1679,1
28,GET,1687,2
28,GET,1695,2
28,GET,1719,2
28,GET,1727,1
28,GET,1735,2
28,GET,1743,2
28,GET,1751,2
28,GET,1775,1
28,GET,1855,1
28,GET,1863,1
28,GET,1879,2
28,GET,1919,1
28,GET,1943,1
28,GET,1951,1
28,GET,2015,1
28,GET,2095,1
28,GET,2127,1
28,GET,2175,1
28,GET,2223,1
28,GET,2351,1
28,GET,2383,1
28,GET,2447,1
28,GET,2463,1
28,GET,2495,1
28,GET,2511,1
28,GET,2559,1
28,GET,2607,1
28,GET,2639,1
28,GET,3151,1
28,GET,3167,1
28,SET,84,1
28,SET,86,1
28,SET,88,2
28,SET,89,1
28,SET,90,3
28,SET,91,2
28,SET,92,5
28,SET,93,5
28,SET,94,3
28,SET,95,5
28,SET,96,6
28,SET,97,4
28,SET,98,2
28,SET,99,5
28,SET,100,5
28,SET,101,7
28,SET,102,8
28,SET,103,11
28,SET,104,12
28,SET,105,12
28,SET,106,10
28,SET,107,14
28,SET,108,12
28,SET,109,15
28,SET,110,15
28,SET,111,13
28,SET,112,19
28,SET,113,14
28,SET,114,18
28,SET,115,19
28,SET,116,20
28,SET,117,24
28,SET,118,16
28,SET,119,19
28,SET,120,26
28,SET,121,26
28,SET,122,34
28,SET,123,40
28,SET,124,37
28,SET,125,37
28,SET,126,34
28,SET,127,37
28,SET,128,38
28,SET,129,52
28,SET,130,47
28,SET,131,47
28,SET,132,43
28,SET,133,39
28,SET,134,51
28,SET,135,41
28,SET,136,40
28,SET,137,66
28,SET,138,50
28,SET,139,45
28,SET,140,51
28,SET,141,50
28,SET,142,53
28,SET,143,62
28,SET,144,58
28,SET,145,46
28,SET,146,45
28,SET,147,45
28,SET,148,52
28,SET,149,42
28,SET,150,34
28,SET,151,64
28,SET,152,55
28,SET,153,38
28,SET,154,45
28,SET,155,56
28,SET,156,55
28,SET,157,56
28,SET,158,41
28,SET,159,34
28,SET,160,31
28,SET,161,47
28,SET,162,52
28,SET,163,32
28,SET,164,39
28,SET,165,33
28,SET,166,26
28,SET,167,32
28,SET,168,33
28,SET,169,31
28,SET,170,31
28,SET,171,28
28,SET,172,23
28,SET,173,22
28,SET,174,26
28,SET,175,30
28,SET,176,20
28,SET,177,27
28,SET,178,27
28,SET,179,27
28,SET,180,21
28,SET,181,22
28,SET,182,26
28,SET,183,20
28,SET,184,21
28,SET,185,12
28,SET,186,14
28,SET,187,19
28,SET,188,10
28,SET,189,11
28,SET,190,15
28,SET,191,16
28,SET,192,6
28,SET,193,19
28,SET,194,16
28,SET,195,9
28,SET,196,9
28,SET,197,18
28,SET,198,12
28,SET,199,13
28,SET,200,13
28,SET,201,13
28,SET,202,6
28,SET,203,14
28,SET,204,14
28,SET,205,11
28,SET,206,11
28,SET,207,12
28,SET,208,20
28,SET,209,21
28,SET,210,21
28,SET,211,19
28,SET,212,18
28,SET,213,15
28,SET,214,17
28,SET,215,14
28,SET,216,15
28,SET,217,16
28,SET,218,20
28,SET,219,21
28,SET,220,19
28,SET,221,26
28,SET,222,23
28,SET,223,26
28,SET,224,19
28,SET,225,16
28,SET,226,28
28,SET,227,24
28,SET,228,19
28,SET,229,24
28,SET,230,24
28,SET,231,23
28,SET,232,24
28,SET,233,29
28,SET,234,32
28,SET,235,30
28,SET,236,31
28,SET,237,27
28,SET,238,25
28,SET,239,27
28,SET,240,23
28,SET,241,23
28,SET,242,25
28,SET,243,30
28,SET,244,25
28,SET,245,35
28,SET,246,31
28,SET,247,32
28,SET,248,33
28,SET,249,31
28,SET,250,22
28,SET,251,20
28,SET,252,41
28,SET,253,20
28,SET,254,21
28,SET,255,29
28,SET,257,50
28,SET,259,44
28,SET,261,31
28,SET,263,44
28,SET,265,34
28,SET,267,45
28,SET,269,46
28,SET,271,33
28,SET,273,46
28,SET,275,40
28,SET,277,42
28,SET,279,41
28,SET,281,36
28,SET,283,42
28,SET,285,36
28,SET,287,50
28,SET,289,46
28,SET,291,54
28,SET,293,53
28,SET,295,66
28,SET,297,73
28,SET,299,88
28,SET,301,83
28,SET,303,106
28,SET,305,135
28,SET,307,128
28,SET,309,162
28,SET,311,206
28,SET,313,208
28,SET,315,274
28,SET,317,280
28,SET,319,330
28,SET,321,369
28,SET,323,433
28,SET,325,485
28,SET,327,505
28,SET,329,636
28,SET,331,670
28,SET,333,706
28,SET,335,785
28,SET,337,872
28,SET,339,827
28,SET,341,941
28,SET,343,971
28,SET,345,955
28,SET,347,901
28,SET,349,940
28,SET,351,918
28,SET,353,941
28,SET,355,873
28,SET,357,864
28,SET,359,760
28,SET,361,762
28,SET,363,714
28,SET,365,649
28,SET,367,596
28,SET,369,570
28,SET,371,522
28,SET,373,441
28,SET,375,445
28,SET,377,364
28,SET,379,330
28,SET,381,319
28,SET,383,263
28,SET,385,243
28,SET,387,208
28,SET,389,216
28,SET,391,191
28,SET,393,164
28,SET,395,106
28,SET,397,139
28,SET,399,114
28,SET,401,106
28,SET,403,109
28,SET,405,80
28,SET,407,80
28,SET,409,69
28,SET,411,77
28,SET,413,41
28,SET,415,55
28,SET,417,38
28,SET,419,39
28,SET,421,46
28,SET,423,39
28,SET,425,34
28,SET,427,27
28,SET,429,35
28,SET,431,23
28,SET,433,23
28,SET,435,25
28,SET,437,23
28,SET,439,16
28,SET,441,21
28,SET,443,17
28,SET,445,14
28,SET,447,18
28,SET,449,16
28,SET,451,9
28,SET,453,9
28,SET,455,14
28,SET,457,9
28,SET,459,10
28,SET,461,7
28,SET,463,4
28,SET,465,12
28,SET,467,3
28,SET,469,11
28,SET,471,5
28,SET,473,3
28,SET,475,4
28,SET,477,4
28,SET,479,8
28,SET,481,6
28,SET,483,4
28,SET,485,2
28,SET,487,5
28,SET,489,1
28,SET,491,4
28,SET,493,9
28,SET,495,3
28,SET,501,4
28,SET,503,2
28,SET,507,4
28,SET,511,3
28,SET,519,2
28,SET,523,4
28,SET,527,4
28,SET,531,4
28,SET,535,1
28,SET,539,4
28,SET,543,3
28,SET,547,3
28,SET,551,3
28,SET,555,2
28,SET,559,1
28,SET,563,1
28,SET,567,1
28,SET,575,4
28,SET,579,4
28,SET,591,1
28,SET,595,3
28,SET,599,2
28,SET,603,1
28,SET,607,2
28,SET,611,3
28,SET,619,2
28,SET,623,2
28,SET,627,1
28,SET,631,1
28,SET,651,1
28,SET,655,1
28,SET,663,1
28,SET,679,1
28,SET,691,1
28,SET,695,1
28,SET,723,1
28,SET,735,1
28,SET,739,1
28,SET,763,1
28,SET,775,1
28,SET,791,1
28,SET,799,1
28,SET,919,1
28,SET,1727,1
29,SET,83,1
29,SET,84,1
29,SET,87,1
29,SET,89,4
29,SET,90,1
29,SET,91,3
29,SET,92,2
29,SET,93,5
29,SET,94,7
29,SET,95,2
29,SET,96,6
29,SET,97,3
29,SET,98,6
29,SET,99,5
29,SET,100,9
29,SET,101,9
29,SET,102,10
29,SET,103,4
29,SET,104,14
29,SET,105,18
29,SET,106,12
29,SET,107,18
29,SET,108,17
29,SET,109,23
29,SET,110,11
29,SET,111,16
29,SET,112,17
29,SET,113,22
29,SET,114,21
29,SET,115,37
29,SET,116,22
29,SET,117,26
29,SET,118,19
29,SET,119,32
29,SET,120,27
29,SET,121,32
29,SET,122,31
29,SET,123,38
29,SET,124,34
29,SET,125,36
29,SET,126,35
29,SET,127,41
29,SET,128,48
29,SET,129,51
29,SET,130,46
29,SET,131,36
29,SET,132,40
29,SET,133,42
29,SET,134,50
29,SET,135,52
29,SET,136,45
29,SET,137,45
29,SET,138,41
29,SET,139,35
29,SET,140,64
29,SET,141,48
29,SET,142,51
29,SET,143,49
29,SET,144,47
29,SET,145,44
29,SET,146,41
29,SET,147,41
29,SET,148,38
29,SET,149,49
29,SET,150,46
29,SET,151,46
29,SET,152,41
29,SET,153,38
29,SET,154,46
29,SET,155,51
29,SET,156,41
29,SET,157,38
29,SET,158,51
29,SET,159,44
29,SET,160,33
29,SET,161,40
29,SET,162,44
29,SET,163,34
29,SET,164,34
29,SET,165,38
29,SET,166,21
29,SET,167,35
29,SET,168,37
29,SET,169,31
29,SET,170,30
29,SET,171,38
29,SET,172,25
29,SET,173,27
29,SET,174,25
29,SET,175,20
29,SET,176,24
29,SET,177,26
29,SET,178,23
29,SET,179,19
29,SET,180,25
29,SET,181,21
29,SET,182,17
29,SET,183,17
29,SET,184,13
29,SET,185,19
29,SET,186,21
29,SET,187,20
29,SET,188,26
29,SET,189,8
29,SET,190,12
29,SET,191,25
29,SET,192,17
29,SET,193,19
29,SET,194,13
29,SET,195,15
29,SET,196,12
29,SET,197,15
29,SET,198,15
29,SET,199,8
29,SET,200,10
29,SET,201,17
29,SET,202,19
29,SET,203,15
29,SET,204,14
29,SET,205,22
29,SET,206,20
29,SET,207,12
29,SET,208,15
29,SET,209,26
29,SET,210,16
29,SET,211,20
29,SET,212,16
29,SET,213,15
29,SET,214,14
29,SET,215,17
29,SET,216,15
29,SET,217,16
29,SET,218,17
29,SET,219,18
29,SET,220,31
29,SET,221,25
29,SET,222,20
29,SET,223,27
29,SET,224,23
29,SET,225,18
29,SET,226,23
29,SET,227,23
29,SET,228,24
29,SET,229,21
29,SET,230,25
29,SET,231,36
29,SET,232,27
29,SET,233,23
29,SET,234,24
29,SET,235,28
29,SET,236,35
29,SET,237,19
29,SET,238,29
29,SET,239,33
29,SET,240,41
29,SET,241,31
29,SET,242,24
29,SET,243,34
29,SET,244,35
29,SET,245,24
29,SET,246,29
29,SET,247,32
29,SET,248,25
29,SET,249,28
29,SET,250,30
29,SET,251,26
29,SET,252,27
29,SET,253,25
29,SET,254,28
29,SET,255,25
29,SET,257,42
29,SET,259,48
29,SET,261,44
29,SET,263,54
29,SET,265,44
29,SET,267,31
29,SET,269,39
29,SET,271,34
29,SET,273,41
29,SET,275,27
29,SET,277,36
29,SET,279,40
29,SET,281,39
29,SET,283,35
29,SET,285,30
29,SET,287,35
29,SET,289,41
29,SET,291,55
29,SET,293,56
29,SET,295,53
29,SET,297,63
29,SET,299,84
29,SET,301,82
29,SET,303,87
29,SET,305,111
29,SET,307,129
29,SET,309,166
29,SET,311,176
29,SET,313,240
29,SET,315,240
29,SET,317,316
29,SET,319,339
29,SET,321,408
29,SET,323,467
29,SET,325,486
29,SET,327,583
29,SET,329,636
29,SET,331,716
29,SET,333,711
29,SET,335,808
29,SET,337,802
29,SET,339,885
29,SET,341,919
29,SET,343,919
29,SET,345,978
29,SET,347,967
29,SET,349,1005
29,SET,351,900
29,SET,353,907
29,SET,355,893
29,SET,357,882
29,SET,359,799
29,SET,361,749
29,SET,363,675
29,SET,365,626
29,SET,367,582
29,SET,369,561
29,SET,371,527
29,SET,373,490
29,SET,375,396
29,SET,377,374
29,SET,379,362
29,SET,381,334
29,SET,383,261
29,SET,385,246
29,SET,387,229
29,SET,389,190
29,SET,391,192
29,SET,393,150
29,SET,395,134
29,SET,397,122
29,SET,399,96
29,SET,401,98
29,SET,403,108
29,SET,405,84
29,SET,407,75
29,SET,409,72
29,SET,411,69
29,SET,413,52
29,SET,415,50
29,SET,417,54
29,SET,419,45
29,SET,421,52
29,SET,423,30
29,SET,425,37
29,SET,427,28
29,SET,429,24
29,SET,431,23
29,SET,433,28
29,SET,435,20
29,SET,437,29
29,SET,439,12
29,SET,441,23
29,SET,443,26
29,SET,445,11
29,SET,447,18
29,SET,449,9
29,SET,451,15
29,SET,453,12
29,SET,455,7
29,SET,457,3
29,SET,459,7
29,SET,461,13
29,SET,463,11
29,SET,465,11
29,SET,467,15
29,SET,469,7
29,SET,471,3
29,SET,473,9
29,SET,475,4
29,SET,477,3
29,SET,479,4
29,SET,481,4
29,SET,483,4
29,SET,485,4
29,SET,487,2
29,SET,489,3
29,SET,491,4
29,SET,493,2
29,SET,495,7
29,SET,497,3
29,SET,499,2
29,SET,501,1
29,SET,503,4
29,SET,505,3
29,SET,507,3
29,SET,509,6
29,SET,511,4
29,SET,515,3
29,SET,519,3
29,SET,523,4
29,SET,527,3
29,SET,531,3
29,SET,535,1
29,SET,539,2
29,SET,543,1
29,SET,547,3
29,SET,551,1
29,SET,555,2
29,SET,559,3
29,SET,567,4
29,SET,571,1
29,SET,575,1
29,SET,579,3
29,SET,583,3
29,SET,587,2
29,SET,591,1
29,SET,595,3
29,SET,599,3
29,SET,603,2
29,SET,607,1
29,SET,611,1
29,SET,635,1
29,SET,639,1
29,SET,643,4
29,SET,647,2
29,SET,651,3
29,SET,655,1
29,SET,659,1
29,SET,667,1
29,SET,675,1
29,SET,683,1
29,SET,687,1
29,SET,699,1
29,SET,703,2
29,SET,711,1
29,SET,719,2
29,SET,731,1
29,SET,755,1
29,SET,759,1
29,SET,787,1
29,SET,795,1
29,SET,811,3
29,SET,815,1
29,SET,819,1
29,SET,927,1
29,SET,1639,1
29,SET,1711,1
29,SET,1719,1
29,SET,1759,1
29,SET,1855,1
29,SET,1887,1
29,SET,1903,1
29,SET,2703,1
29,GET,78,1
29,GET,79,2
29,GET,80,1
29,GET,81,4
29,GET,82,2
29,GET,83,3
29,GET,84,9
29,GET,85,11
29,GET,86,13
29,GET,87,17
29,GET,88,22
29,GET,89,17
29,GET,90,18
29,GET,91,30
29,GET,92,38
29,GET,93,36
29,GET,94,54
29,GET,95,63
29,GET,96,78
29,GET,97,71
29,GET,98,96
29,GET,99,114
29,GET,100,116
29,GET,101,116
29,GET,102,148
29,GET,103,163
29,GET,104,178
29,GET,105,186
29,GET,106,191
29,GET,107,220
29,GET,108,245
29,GET,109,239
29,GET,110,242
29,GET,111,277
29,GET,112,310
29,GET,113,334
29,GET,114,320
29,GET,115,348
29,GET,116,386
29,GET,117,394
29,GET,118,394
29,GET,119,414
29,GET,120,459
29,GET,121,458
29,GET,122,457
29,GET,123,491
29,GET,124,552
29,GET,125,605
29,GET,126,577
29,GET,127,563
29,GET,128,624
29,GET,129,617
29,GET,130,603
29,GET,131,657
29,GET,132,603
29,GET,133,673
29,GET,134,659
29,GET,135,681
29,GET,136,706
29,GET,137,702
29,GET,138,685
29,GET,139,661
29,GET,140,698
29,GET,141,699
29,GET,142,706
29,GET,143,749
29,GET,144,677
29,GET,145,733
29,GET,146,688
29,GET,147,658
29,GET,148,677
29,GET,149,626
29,GET,150,643
29,GET,151,677
29,GET,152,636
29,GET,153,620
29,GET,154,626
29,GET,155,608
29,GET,156,610
29,GET,157,567
29,GET,158,562
29,GET,159,530
29,GET,160,507
29,GET,161,524
29,GET,162,498
29,GET,163,481
29,GET,164,446
29,GET,165,482
29,GET,166,460
29,GET,167,465
29,GET,168,411
29,GET,169,392
29,GET,170,392
29,GET,171,356
29,GET,172,388
29,GET,173,379
29,GET,174,337
29,GET,175,361
29,GET,176,323
29,GET,177,318
29,GET,178,301
29,GET,179,265
29,GET,180,306
29,GET,181,295
29,GET,182,274
29,GET,183,250
29,GET,184,252
29,GET,185,226
29,GET,186,242
29,GET,187,214
29,GET,188,226
29,GET,189,192
29,GET,190,208
29,GET,191,224
29,GET,192,186
29,GET,193,200
29,GET,194,189
29,GET,195,212
29,GET,196,214
29,GET,197,191
29,GET,198,196
29,GET,199,194
29,GET,200,230
29,GET,201,199
29,GET,202,222
29,GET,203,224
29,GET,204,208
29,GET,205,205
29,GET,206,214
29,GET,207,206
29,GET,208,206
29,GET,209,218
29,GET,210,208
29,GET,211,256
29,GET,212,235
29,GET,213,241
29,GET,214,260
29,GET,215,260
29,GET,216,284
29,GET,217,295
29,GET,218,302
29,GET,219,296
29,GET,220,289
29,GET,221,348
29,GET,222,327
29,GET,223,319
29,GET,224,332
29,GET,225,326
29,GET,226,355
29,GET,227,351
29,GET,228,389
29,GET,229,354
29,GET,230,362
29,GET,231,347
29,GET,232,385
29,GET,233,391
29,GET,234,327
29,GET,235,390
29,GET,236,380
29,GET,237,381
29,GET,238,395
29,GET,239,396
29,GET,240,414
29,GET,241,391
29,GET,242,367
29,GET,243,341
29,GET,244,399
29,GET,245,416
29,GET,246,356
29,GET,247,370
29,GET,248,379
29,GET,249,361
29,GET,250,351
29,GET,251,315
29,GET,252,360
29,GET,253,380
29,GET,254,361
29,GET,255,368
29,GET,257,652
29,GET,259,613
29,GET,261,618
29,GET,263,565
29,GET,265,563
29,GET,267,537
29,GET,269,536
29,GET,271,518
29,GET,273,521
29,GET,275,478
29,GET,277,495
29,GET,279,471
29,GET,281,455
29,GET,283,487
29,GET,285,489
29,GET,287,545
29,GET,289,629
29,GET,291,642
29,GET,293,792
29,GET,295,831
29,GET,297,945
29,GET,299,1114
29,GET,301,1288
29,GET,303,1507
29,GET,305,1778
29,GET,307,2136
29,GET,309,2394
29,GET,311,2934
29,GET,313,3418
29,GET,315,4027
29,GET,317,4533
29,GET,319,5331
29,GET,321,6096
29,GET,323,6650
29,GET,325,7478
29,GET,327,8458
29,GET,329,9303
29,GET,331,9929
29,GET,333,10696
29,GET,335,11462
29,GET,337,11976
29,GET,339,12614
29,GET,341,12757
29,GET,343,13263
29,GET,345,13270
29,GET,347,13269
29,GET,349,13186
29,GET,351,12655
29,GET,353,12568
29,GET,355,11818
29,GET,357,11501
29,GET,359,10730
29,GET,361,10149
29,GET,363,9310
29,GET,365,8847
29,GET,367,7961
29,GET,369,7209
29,GET,371,6658
29,GET,373,6052
29,GET,375,5419
29,GET,377,4915
29,GET,379,4433
29,GET,381,4070
29,GET,383,3652
29,GET,385,3243
29,GET,387,2969
29,GET,389,2636
29,GET,391,2336
29,GET,393,2048
29,GET,395,1907
29,GET,397,1667
29,GET,399,1529
29,GET,401,1342
29,GET,403,1195
29,GET,405,1070
29,GET,407,979
29,GET,409,870
29,GET,411,813
29,GET,413,765
29,GET,415,697
29,GET,417,567
29,GET,419,563
29,GET,421,523
29,GET,423,516
29,GET,425,469
29,GET,427,408
29,GET,429,362
29,GET,431,357
29,GET,433,318
29,GET,435,284
29,GET,437,280
29,GET,439,263
29,GET,441,227
29,GET,443,210
29,GET,445,195
29,GET,447,194
29,GET,449,172
29,GET,451,152
29,GET,453,171
29,GET,455,133
29,GET,457,132
29,GET,459,151
29,GET,461,119
29,GET,463,93
29,GET,465,92
29,GET,467,75
29,GET,469,81
29,GET,471,87
29,GET,473,77
29,GET,475,76
29,GET,477,81
29,GET,479,60
29,GET,481,60
29,GET,483,54
29,GET,485,56
29,GET,487,45
29,GET,489,45
29,GET,491,29
29,GET,493,34
29,GET,495,40
29,GET,497,55
29,GET,499,34
29,GET,501,36
29,GET,503,33
29,GET,505,37
29,GET,507,29
29,GET,509,34
29,GET,511,33
29,GET,515,58
29,GET,519,51
29,GET,523,46
29,GET,527,29
29,GET,531,39
29,GET,535,26
29,GET,539,28
29,GET,543,32
29,GET,547,20
29,GET,551,29
29,GET,555,17
29,GET,559,19
29,GET,563,24
29,GET,567,15
29,GET,571,17
29,GET,575,14
29,GET,579,19
29,GET,583,27
29,GET,587,15
29,GET,591,24
29,GET,595,17
29,GET,599,16
29,GET,603,28
29,GET,607,14
29,GET,611,17
29,GET,615,27
29,GET,619,20
29,GET,623,10
29,GET,627,22
29,GET,631,15
29,GET,635,14
29,GET,639,10
29,GET,643,17
29,GET,647,3
29,GET,651,10
29,GET,655,8
29,GET,659,8
29,GET,663,12
29,GET,667,6
29,GET,671,9
29,GET,675,12
29,GET,679,7
29,GET,683,7
29,GET,687,5
29,GET,691,3
29,GET,695,5
29,GET,699,6
29,GET,703,6
29,GET,707,8
29,GET,711,4
29,GET,715,4
29,GET,719,9
29,GET,723,6
29,GET,727,7
29,GET,731,5
29,GET,735,7
29,GET,739,6
29,GET,743,7
29,GET,747,7
29,GET,751,4
29,GET,755,5
29,GET,759,2
29,GET,763,10
29,GET,767,3
29,GET,771,3
29,GET,775,4
29,GET,779,1
29,GET,783,2
29,GET,787,3
29,GET,791,2
29,GET,799,3
29,GET,803,1
29,GET,807,1
29,GET,811,3
29,GET,815,1
29,GET,819,1
29,GET,827,7
29,GET,831,1
29,GET,839,1
29,GET,843,1
29,GET,847,2
29,GET,871,1
29,GET,903,2
29,GET,915,1
29,GET,955,1
29,GET,959,1
29,GET,963,1
29,GET,983,1
29,GET,1151,1
29,GET,1311,2
29,GET,1367,1
29,GET,1383,1
29,GET,1423,1
29,GET,1431,1
29,GET,1439,1
29,GET,1463,1
29,GET,1511,1
29,GET,1543,3
29,GET,1551,1
29,GET,1559,1
29,GET,1567,2
29,GET,1575,1
29,GET,1583,1
29,GET,1599,1
29,GET,1607,1
29,GET,1639,2
29,GET,1647,2
29,GET,1655,2
29,GET,1663,4
29,GET,1671,3
29,GET,1679,1
29,GET,1687,2
29,GET,1703,1
29,GET,1711,2
29,GET,1719,1
29,GET,1759,1
29,GET,1775,1
29,GET,1791,1
29,GET,1823,1
29,GET,1831,1
29,GET,1879,2
29,GET,1895,2
29,GET,1911,1
29,GET,1935,1
29,GET,1959,1
29,GET,2063,1
29,GET,2127,1
29,GET,2143,2
29,GET,2191,1
29,GET,2255,2
29,GET,2303,1
29,GET,2319,1
29,GET,2367,1
29,GET,2383,1
29,GET,2399,1
29,GET,2415,1
29,GET,2431,1
29,GET,2447,1
29,GET,2511,1
29,GET,3487,1
29,GET,3519,1
29,GET,5631,1
29,DEL,80,1
29,DEL,81,1
29,DEL,82,3
29,DEL,84,3
29,DEL,85,1
29,DEL,86,5
29,DEL,87,2
29,DEL,88,5
29,DEL,89,8
29,DEL,90,15
29,DEL,91,10
29,DEL,92,19
29,DEL,93,16
29,DEL,94,11
29,DEL,95,24
29,DEL,96,29
29,DEL,97,28
29,DEL,98,28
29,DEL,99,38
29,DEL,100,42
29,DEL,101,48
29,DEL,102,50
29,DEL,103,49
29,DEL,104,47
29,DEL,105,72
29,DEL,106,72
29,DEL,107,91
29,DEL,108,82
29,DEL,109,88
29,DEL,110,93
29,DEL,111,105
29,DEL,112,108
29,DEL,113,115
29,DEL,114,140
29,DEL,115,105
29,DEL,116,127
29,DEL,117,133
29,DEL,118,152
29,DEL,119,124
29,DEL,120,164
29,DEL,121,145
29,DEL,122,159
29,DEL,123,200
29,DEL,124,184
29,DEL,125,199
29,DEL,126,196
29,DEL,127,180
29,DEL,128,214
29,DEL,129,232
29,DEL,130,212
29,DEL,131,246
29,DEL,132,244
29,DEL,133,257
29,DEL,134,241
29,DEL,135,237
29,DEL,136,253
29,DEL,137,251
29,DEL,138,242
29,DEL,139,261
29,DEL,140,280
29,DEL,141,249
29,DEL,142,225
29,DEL,143,250
29,DEL,144,259
29,DEL,145,247
29,DEL,146,249
29,DEL,147,230
29,DEL,148,240
29,DEL,149,251
29,DEL,150,236
29,DEL,151,240
29,DEL,152,231
29,DEL,153,213
29,DEL,154,221
29,DEL,155,213
29,DEL,156,218
29,DEL,157,199
29,DEL,158,190
29,DEL,159,232
29,DEL,160,177
29,DEL,161,174
29,DEL,162,179
29,DEL,163,198
29,DEL,164,171
29,DEL,165,191
29,DEL,166,142
29,DEL,167,153
29,DEL,168,155
29,DEL,169,146
29,DEL,170,143
29,DEL,171,124
29,DEL,172,121
29,DEL,173,138
29,DEL,174,112
29,DEL,175,117
29,DEL,176,107
29,DEL,177,92
29,DEL,178,111
29,DEL,179,101
29,DEL,180,97
29,DEL,181,105
29,DEL,182,102
29,DEL,183,94
29,DEL,184,94
29,DEL,185,81
29,DEL,186,85
29,DEL,187,75
29,DEL,188,86
29,DEL,189,94
29,DEL,190,78
29,DEL,191,72
29,DEL,192,72
29,DEL,193,70
29,DEL,194,86
29,DEL,195,85
29,DEL,196,68
29,DEL,197,87
29,DEL,198,68
29,DEL,199,69
29,DEL,200,73
29,DEL,201,76
29,DEL,202,77
29,DEL,203,74
29,DEL,204,64
29,DEL,205,79
29,DEL,206,68
29,DEL,207,78
29,DEL,208,77
29,DEL,209,72
29,DEL,210,80
29,DEL,211,101
29,DEL,212,100
29,DEL,213,100
29,DEL,214,93
29,DEL,215,91
29,DEL,216,114
29,DEL,217,95
29,DEL,218,92
29,DEL,219,115
29,DEL,220,120
29,DEL,221,106
29,DEL,222,119
29,DEL,223,112
29,DEL,224,137
29,DEL,225,119
29,DEL,226,122
29,DEL,227,121
29,DEL,228,116
29,DEL,229,130
29,DEL,230,140
29,DEL,231,131
29,DEL,232,132
29,DEL,233,119
29,DEL,234,133
29,DEL,235,144
29,DEL,236,122
29,DEL,237,148
29,DEL,238,127
29,DEL,239,137
29,DEL,240,148
29,DEL,241,140
29,DEL,242,144
29,DEL,243,140
29,DEL,244,140
29,DEL,245,132
29,DEL,246,125
29,DEL,247,131
29,DEL,248,129
29,DEL,249,119
29,DEL,250,126
29,DEL,251,109
29,DEL,252,130
29,DEL,253,102
29,DEL,254,124
29,DEL,255,102
29,DEL,257,246
29,DEL,259,222
29,DEL,261,241
29,DEL,263,211
29,DEL,265,183
29,DEL,267,191
29,DEL,269,181
29,DEL,271,185
29,DEL,273,179
29,DEL,275,175
29,DEL,277,201
29,DEL,279,173
29,DEL,281,190
29,DEL,283,188
29,DEL,285,203
29,DEL,287,225
29,DEL,289,230
29,DEL,291,256
29,DEL,293,263
29,DEL,295,298
29,DEL,297,336
29,DEL,299,392
29,DEL,301,464
29,DEL,303,564
29,DEL,305,635
29,DEL,307,714
29,DEL,309,844
29,DEL,311,962
29,DEL,313,1141
29,DEL,315,1374
29,DEL,317,1601
29,DEL,319,1920
29,DEL,321,2108
29,DEL,323,2389
29,DEL,325,2604
29,DEL,327,2952
29,DEL,329,3276
29,DEL,331,3552
29,DEL,333,3932
29,DEL,335,4101
29,DEL,337,4238
29,DEL,339,4434
29,DEL,341,4484
29,DEL,343,4648
29,DEL,345,4734
29,DEL,347,4865
29,DEL,349,4544
29,DEL,351,4622
29,DEL,353,4308
29,DEL,355,4318
29,DEL,357,3971
29,DEL,359,3875
29,DEL,361,3562
29,DEL,363,3361
29,DEL,365,3027
29,DEL,367,2959
29,DEL,369,2677
29,DEL,371,2427
29,DEL,373,2133
29,DEL,375,1977
29,DEL,377,1788
29,DEL,379,1574
29,DEL,381,1426
29,DEL,383,1263
29,DEL,385,1083
29,DEL,387,996
29,DEL,389,855
29,DEL,391,849
29,DEL,393,779
29,DEL,395,631
29,DEL,397,622
29,DEL,399,530
29,DEL,401,481
29,DEL,403,393
29,DEL,405,355
29,DEL,407,380
29,DEL,409,347
29,DEL,411,317
29,DEL,413,243
29,DEL,415,269
29,DEL,417,221
29,DEL,419,186
29,DEL,421,184
29,DEL,423,165
29,DEL,425,152
29,DEL,427,114
29,DEL,429,112
29,DEL,431,134
29,DEL,433,116
29,DEL,435,112
29,DEL,437,100
29,DEL,439,97
29,DEL,441,74
29,DEL,443,78
29,DEL,445,68
29,DEL,447,81
29,DEL,449,62
29,DEL,451,54
29,DEL,453,67
29,DEL,455,68
29,DEL,457,40
29,DEL,459,45
29,DEL,461,41
29,DEL,463,37
29,DEL,465,37
29,DEL,467,29
29,DEL,469,40
29,DEL,471,30
29,DEL,473,28
29,DEL,475,26
29,DEL,477,30
29,DEL,479,22
29,DEL,481,20
29,DEL,483,21
29,DEL,485,19
29,DEL,487,19
29,DEL,489,25
29,DEL,491,25
29,DEL,493,8
29,DEL,495,15
29,DEL,497,16
29,DEL,499,13
29,DEL,501,15
29,DEL,503,9
29,DEL,505,15
29,DEL,507,17
29,DEL,509,8
29,DEL,511,6
29,DEL,515,12
29,DEL,519,22
29,DEL,523,9
29,DEL,527,6
29,DEL,531,10
29,DEL,535,15
29,DEL,539,11
29,DEL,543,8
29,DEL,547,11
29,DEL,551,9
29,DEL,555,6
29,DEL,559,1
29,DEL,563,8
29,DEL,567,8
29,DEL,571,4
29,DEL,575,4
29,DEL,579,5
29,DEL,583,5
29,DEL,587,7
29,DEL,591,5
29,DEL,595,5
29,DEL,599,7
29,DEL,603,5
29,DEL,607,5
29,DEL,611,7
29,DEL,615,6
29,DEL,619,5
29,DEL,623,6
29,DEL,627,5
29,DEL,631,11
29,DEL,635,6
29,DEL,639,3
29,DEL,643,2
29,DEL,647,6
29,DEL,651,1
29,DEL,655,2
29,DEL,663,4
29,DEL,667,4
29,DEL,671,2
29,DEL,675,1
29,DEL,679,3
29,DEL,683,3
29,DEL,687,2
29,DEL,691,2
29,DEL,695,2
29,DEL,707,3
29,DEL,711,3
29,DEL,715,2
29,DEL,719,3
29,DEL,723,1
29,DEL,727,1
29,DEL,731,1
29,DEL,735,2
29,DEL,739,3
29,DEL,743,2
29,DEL,747,2
29,DEL,755,5
29,DEL,759,3
29,DEL,763,1
29,DEL,767,1
29,DEL,771,1
29,DEL,775,2
29,DEL,779,1
29,DEL,783,1
29,DEL,791,1
29,DEL,819,1
29,DEL,831,2
29,DEL,835,1
29,DEL,843,1
29,DEL,967,1
29,DEL,1007,1
29,DEL,1039,1
29,DEL,1239,1
29,DEL,1367,1
29,DEL,1495,1
29,DEL,1519,1
29,DEL,1551,3
29,DEL,1575,1
29,DEL,1663,1
29,DEL,1671,1
29,DEL,1687,1
29,DEL,1711,1
29,DEL,1807,1
29,DEL,1847,1
29,DEL,1879,1
29,DEL,1903,1
29,DEL,1959,1
29,DEL,2079,2
29,DEL,2095,1
29,DEL,2255,1
29,DEL,2415,1
29,DEL,2447,1
29,DEL,3247,1
30,GET,80,2
30,GET,81,2
30,GET,82,2
30,GET,83,2
30,GET,84,6
30,GET,85,8
30,GET,86,20
30,GET,87,26
30,GET,88,24
30,GET,89,24
30,GET,90,37
30,GET,91,34
30,GET,92,53
30,GET,93,65
30,GET,94,88
30,GET,95,78
30,GET,96,93
30,GET,97,104
30,GET,98,108
30,GET,99,121
30,GET,100,117
30,GET,101,125
30,GET,102,136
30,GET,103,160
30,GET,104,160
30,GET,105,165
30,GET,106,184
30,GET,107,190
30,GET,108,204
30,GET,109,215
30,GET,110,225
30,GET,111,223
30,GET,112,275
30,GET,113,281
30,GET,114,294
30,GET,115,314
30,GET,116,323
30,GET,117,351
30,GET,118,358
30,GET,119,389
30,GET,120,410
30,GET,121,429
30,GET,122,417
30,GET,123,467
30,GET,124,485
30,GET,125,469
30,GET,126,536
30,GET,127,522
30,GET,128,555
30,GET,129,571
30,GET,130,612
30,GET,131,614
30,GET,132,638
30,GET,133,641
30,GET,134,643
30,GET,135,646
30,GET,136,659
30,GET,137,646
30,GET,138,654
30,GET,139,684
30,GET,140,682
30,GET,141,657
30,GET,142,736
30,GET,143,686
30,GET,144,703
30,GET,145,678
30,GET,146,693
30,GET,147,697
30,GET,148,663
30,GET,149,704
30,GET,150,694
30,GET,151,623
30,GET,152,670
30,GET,153,622
30,GET,154,645
30,GET,155,626
30,GET,156,653
30,GET,157,592
30,GET,158,578
30,GET,159,582
30,GET,160,598
30,GET,161,554
30,GET,162,598
30,GET,163,512
30,GET,164,502
30,GET,165,492
30,GET,166,493
30,GET,167,482
30,GET,168,465
30,GET,169,471
30,GET,170,400
30,GET,171,382
30,GET,172,366
30,GET,173,375
30,GET,174,413
30,GET,175,391
30,GET,176,346
30,GET,177,346
30,GET,178,336
30,GET,179,282
30,GET,180,326
30,GET,181,299
30,GET,182,245
30,GET,183,269
30,GET,184,280
30,GET,185,273
30,GET,186,257
30,GET,187,244
30,GET,188,263
30,GET,189,225
30,GET,190,239
30,GET,191,208
30,GET,192,217
30,GET,193,184
30,GET,194,217
30,GET,195,197
30,GET,196,240
30,GET,197,198
30,GET,198,183
30,GET,199,172
30,GET,200,185
30,GET,201,188
30,GET,202,209
30,GET,203,201
30,GET,204,196
30,GET,205,213
30,GET,206,194
30,GET,207,206
30,GET,208,213
30,GET,209,252
30,GET,210,196
30,GET,211,267
30,GET,212,218
30,GET,213,230
30,GET,214,251
30,GET,215,236
30,GET,216,278
30,GET,217,283
30,GET,218,265
30,GET,219,270
30,GET,220,294
30,GET,221,295
30,GET,222,319
30,GET,223,307
30,GET,224,300
30,GET,225,343
30,GET,226,349
30,GET,227,334
30,GET,228,353
30,GET,229,362
30,GET,230,370
30,GET,231,362
30,GET,232,341
30,GET,233,351
30,GET,234,409
30,GET,235,379
30,GET,236,353
30,GET,237,383
30,GET,238,405
30,GET,239,403
30,GET,240,416
30,GET,241,398
30,GET,242,377
30,GET,243,330
30,GET,244,402
30,GET,245,389
30,GET,246,410
30,GET,247,346
30,GET,248,384
30,GET,249,356
30,GET,250,360
30,GET,251,379
30,GET,252,347
30,GET,253,351
30,GET,254,341
30,GET,255,336
30,GET,257,650
30,GET,259,603
30,GET,261,611
30,GET,263,608
30,GET,265,537
30,GET,267,526
30,GET,269,474
30,GET,271,460
30,GET,273,517
30,GET,275,511
30,GET,277,491
30,GET,279,469
30,GET,281,474
30,GET,283,548
30,GET,285,567
30,GET,287,600
30,GET,289,641
30,GET,291,688
30,GET,293,721
30,GET,295,820
30,GET,297,961
30,GET,299,1091
30,GET,301,1325
30,GET,303,1538
30,GET,305,1749
30,GET,307,2109
30,GET,309,2349
30,GET,311,2769
30,GET,313,3308
30,GET,315,3948
30,GET,317,4474
30,GET,319,5199
30,GET,321,5949
30,GET,323,6640
30,GET,325,7403
30,GET,327,8257
30,GET,329,9069
30,GET,331,10010
30,GET,333,10617
30,GET,335,11313
30,GET,337,11973
30,GET,339,12559
30,GET,341,12995
30,GET,343,13157
30,GET,345,13189
30,GET,347,13350
30,GET,349,13353
30,GET,351,12914
30,GET,353,12550
30,GET,355,11959
30,GET,357,11474
30,GET,359,10800
30,GET,361,10249
30,GET,363,9646
30,GET,365,8718
30,GET,367,8164
30,GET,369,7555
30,GET,371,6819
30,GET,373,6191
30,GET,375,5520
30,GET,377,4970
30,GET,379,4420
30,GET,381,4012
30,GET,383,3621
30,GET,385,3188
30,GET,387,2872
30,GET,389,2557
30,GET,391,2223
30,GET,393,2185
30,GET,395,1832
30,GET,397,1609
30,GET,399,1473
30,GET,401,1352
30,GET,403,1210
30,GET,405,1117
30,GET,407,968
30,GET,409,909
30,GET,411,802
30,GET,413,722
30,GET,415,660
30,GET,417,600
30,GET,419,573
30,GET,421,552
30,GET,423,489
30,GET,425,461
30,GET,427,413
30,GET,429,369
30,GET,431,326
30,GET,433,321
30,GET,435,272
30,GET,437,251
30,GET,439,225
30,GET,441,219
30,GET,443,200
30,GET,445,199
30,GET,447,185
30,GET,449,180
30,GET,451,160
30,GET,453,149
30,GET,455,139
30,GET,457,122
30,GET,459,125
30,GET,461,99
30,GET,463,120
30,GET,465,104
30,GET,467,83
30,GET,469,80
30,GET,471,118
30,GET,473,83
30,GET,475,88
30,GET,477,67
30,GET,479,75
30,GET,481,62
30,GET,483,60
30,GET,485,58
30,GET,487,56
30,GET,489,53
30,GET,491,51
30,GET,493,42
30,GET,495,25
30,GET,497,43
30,GET,499,40
30,GET,501,29
30,GET,503,28
30,GET,505,21
30,GET,507,29
30,GET,509,32
30,GET,511,34
30,GET,515,50
30,GET,519,56
30,GET,523,36
30,GET,527,44
30,GET,531,30
30,GET,535,27
30,GET,539,45
30,GET,543,27
30,GET,547,20
30,GET,551,15
30,GET,555,29
30,GET,559,25
30,GET,563,14
30,GET,567,18
30,GET,571,15
30,GET,575,16
30,GET,579,29
30,GET,583,21
30,GET,587,22
30,GET,591,17
30,GET,595,12
30,GET,599,19
30,GET,603,20
30,GET,607,21
30,GET,611,24
30,GET,615,20
30,GET,619,16
30,GET,623,10
30,GET,627,16
30,GET,631,19
30,GET,635,13
30,GET,639,17
30,GET,643,10
30,GET,647,12
30,GET,651,9
30,GET,655,6
30,GET,659,10
30,GET,663,4
30,GET,667,11
30,GET,671,5
30,GET,675,7
30,GET,679,11
30,GET,683,12
30,GET,687,7
30,GET,691,9
30,GET,695,6
30,GET,699,1
30,GET,703,5
30,GET,707,2
30,GET,711,1
30,GET,715,7
30,GET,719,5
30,GET,723,5
30,GET,727,7
30,GET,731,4
30,GET,735,4
30,GET,739,11
30,GET,743,8
30,GET,747,2
30,GET,751,5
30,GET,755,5
30,GET,759,7
30,GET,763,9
30,GET,771,7
30,GET,775,5
30,GET,779,1
30,GET,783,5
30,GET,787,1
30,GET,791,3
30,GET,799,4
30,GET,803,3
30,GET,811,3
30,GET,815,2
30,GET,819,1
30,GET,823,1
30,GET,827,3
30,GET,835,2
30,GET,839,2
30,GET,843,1
30,GET,847,2
30,GET,851,1
30,GET,855,2
30,GET,863,2
30,GET,871,1
30,GET,879,1
30,GET,883,1
30,GET,887,1
30,GET,895,1
30,GET,931,2
30,GET,975,1
30,GET,1087,1
30,GET,1159,1
30,GET,1359,1
30,GET,1447,1
30,GET,1455,1
30,GET,1471,1
30,GET,1511,1
30,GET,1519,2
30,GET,1543,1
30,GET,1567,1
30,GET,1583,2
30,GET,1599,1
30,GET,1631,1
30,GET,1639,1
30,GET,1655,1
30,GET,1663,7
30,GET,1671,2
30,GET,1695,2
30,GET,1703,3
30,GET,1711,1
30,GET,1719,1
30,GET,1735,2
30,GET,1743,3
30,GET,1751,1
30,GET,1759,1
30,GET,1863,1
30,GET,1871,1
30,GET,1887,2
30,GET,1895,1
30,GET,1919,1
30,GET,1943,1
30,GET,1975,1
30,GET,2023,1
30,GET,2095,1
30,GET,2127,3
30,GET,2143,1
30,GET,2159,1
30,GET,2207,1
30,GET,2271,2
30,GET,2287,1
30,GET,2319,1
30,GET,2335,1
30,GET,2415,1
30,GET,2447,1
30,GET,2511,1
30,GET,2639,2
30,GET,2767,1
30,GET,3135,1
30,GET,3199,1
30,GET,3471,1
30,GET,3983,1
30,SET,88,2
30,SET,89,1
30,SET,90,2
30,SET,91,3
30,SET,93,6
30,SET,94,2
30,SET,95,7
30,SET,96,3
30,SET,97,7
30,SET,98,5
30,SET,99,10
30,SET,100,7
30,SET,101,4
30,SET,102,12
30,SET,103,14
30,SET,104,5
30,SET,105,12
30,SET,106,7
30,SET,107,17
30,SET,108,15
30,SET,109,21
30,SET,110,15
30,SET,111,16
30,SET,112,7
30,SET,113,17
30,SET,114,17
30,SET,115,22
30,SET,116,21
30,SET,117,20
30,SET,118,23
30,SET,119,24
30,SET,120,27
30,SET,121,25
30,SET,122,28
30,SET,123,32
30,SET,124,30
30,SET,125,31
30,SET,126,30
30,SET,127,44
30,SET,128,25
30,SET,129,33
30,SET,130,39
30,SET,131,38
30,SET,132,52
30,SET,133,45
30,SET,134,54
30,SET,135,45
30,SET,136,49
30,SET,137,44
30,SET,138,60
30,SET,139,47
30,SET,140,48
30,SET,141,54
30,SET,142,57
30,SET,143,54
30,SET,144,61
30,SET,145,50
30,SET,146,39
30,SET,147,40
30,SET,148,50
30,SET,149,47
30,SET,150,41
30,SET,151,50
30,SET,152,52
30,SET,153,49
30,SET,154,46
30,SET,155,41
30,SET,156,50
30,SET,157,42
30,SET,158,41
30,SET,159,44
30,SET,160,33
30,SET,161,32
30,SET,162,38
30,SET,163,25
30,SET,164,39
30,SET,165,29
30,SET,166,28
30,SET,167,36
30,SET,168,26
30,SET,169,35
30,SET,170,30
30,SET,171,30
30,SET,172,34
30,SET,173,24
30,SET,174,33
30,SET,175,36
30,SET,176,33
30,SET,177,22
30,SET,178,26
30,SET,179,32
30,SET,180,16
30,SET,181,20
30,SET,182,14
30,SET,183,22
30,SET,184,23
30,SET,185,16
30,SET,186,30
30,SET,187,18
30,SET,188,18
30,SET,189,12
30,SET,190,7
30,SET,191,15
30,SET,192,8
30,SET,193,10
30,SET,194,11
30,SET,195,18
30,SET,196,14
30,SET,197,15
30,SET,198,16
30,SET,199,17
30,SET,200,11
30,SET,201,15
30,SET,202,15
30,SET,203,13
30,SET,204,17
30,SET,205,8
30,SET,206,8
30,SET,207,13
30,SET,208,16
30,SET,209,17
30,SET,210,23
30,SET,211,19
30,SET,212,15
30,SET,213,16
30,SET,214,23
30,SET,215,27
30,SET,216,11
30,SET,217,20
30,SET,218,19
30,SET,219,16
30,SET,220,18
30,SET,221,26
30,SET,222,23
30,SET,223,24
30,SET,224,29
30,SET,225,25
30,SET,226,26
30,SET,227,18
30,SET,228,17
30,SET,229,18
30,SET,230,16
30,SET,231,25
30,SET,232,25
30,SET,233,25
30,SET,234,22
30,SET,235,35
30,SET,236,37
30,SET,237,30
30,SET,238,22
30,SET,239,31
30,SET,240,28
30,SET,241,28
30,SET,242,33
30,SET,243,30
30,SET,244,27
30,SET,245,31
30,SET,246,30
30,SET,247,24
30,SET,248,27
30,SET,249,18
30,SET,250,30
30,SET,251,27
30,SET,252,32
30,SET,253,22
30,SET,254,21
30,SET,255,26
30,SET,257,53
30,SET,259,57
30,SET,261,38
30,SET,263,41
30,SET,265,39
30,SET,267,45
30,SET,269,42
30,SET,271,36
30,SET,273,35
30,SET,275,29
30,SET,277,28
30,SET,279,41
30,SET,281,35
30,SET,283,36
30,SET,285,33
30,SET,287,47
30,SET,289,37
30,SET,291,47
30,SET,293,43
30,SET,295,65
30,SET,297,65
30,SET,299,68
30,SET,301,72
30,SET,303,110
30,SET,305,111
30,SET,307,147
30,SET,309,160
30,SET,311,178
30,SET,313,196
30,SET,315,252
30,SET,317,280
30,SET,319,328
30,SET,321,378
30,SET,323,424
30,SET,325,498
30,SET,327,543
30,SET,329,609
30,SET,331,637
30,SET,333,775
30,SET,335,800
30,SET,337,866
30,SET,339,886
30,SET,341,885
30,SET,343,920
30,SET,345,956
30,SET,347,977
30,SET,349,991
30,SET,351,951
30,SET,353,930
30,SET,355,856
30,SET,357,866
30,SET,359,744
30,SET,361,721
30,SET,363,701
30,SET,365,688
30,SET,367,626
30,SET,369,593
30,SET,371,474
30,SET,373,487
30,SET,375,419
30,SET,377,336
30,SET,379,330
30,SET,381,311
30,SET,383,292
30,SET,385,252
30,SET,387,228
30,SET,389,221
30,SET,391,162
30,SET,393,148
30,SET,395,129
30,SET,397,127
30,SET,399,111
30,SET,401,110
30,SET,403,93
30,SET,405,80
30,SET,407,79
30,SET,409,51
30,SET,411,54
30,SET,413,54
30,SET,415,38
30,SET,417,47
30,SET,419,50
30,SET,421,39
30,SET,423,35
30,SET,425,25
30,SET,427,34
30,SET,429,19
30,SET,431,29
30,SET,433,22
30,SET,435,19
30,SET,437,17
30,SET,439,23
30,SET,441,21
30,SET,443,16
30,SET,445,13
30,SET,447,11
30,SET,449,8
30,SET,451,13
30,SET,453,16
30,SET,455,13
30,SET,457,11
30,SET,459,8
30,SET,461,4
30,SET,463,8
30,SET,465,11
30,SET,467,6
30,SET,469,7
30,SET,471,9
30,SET,473,6
30,SET,475,5
30,SET,477,2
30,SET,479,3
30,SET,481,5
30,SET,483,5
30,SET,485,5
30,SET,487,1
30,SET,489,6
30,SET,491,2
30,SET,493,2
30,SET,495,3
30,SET,497,2
30,SET,499,2
30,SET,501,1
30,SET,503,1
30,SET,505,5
30,SET,507,1
30,SET,509,1
30,SET,511,2
30,SET,515,5
30,SET,519,3
30,SET,523,3
30,SET,527,2
30,SET,531,4
30,SET,535,3
30,SET,539,2
30,SET,543,1
30,SET,547,2
30,SET,551,2
30,SET,555,1
30,SET,559,5
30,SET,571,3
30,SET,575,1
30,SET,579,3
30,SET,583,2
30,SET,595,3
30,SET,611,2
30,SET,619,1
30,SET,623,2
30,SET,627,2
30,SET,635,2
30,SET,639,1
30,SET,643,1
30,SET,651,2
30,SET,655,1
30,SET,659,1
30,SET,667,1
30,SET,671,1
30,SET,707,1
30,SET,715,1
30,SET,735,2
30,SET,739,1
30,SET,743,1
30,SET,751,1
30,SET,763,2
30,SET,779,1
30,SET,783,1
30,SET,791,1
30,SET,799,1
30,SET,803,1
30,SET,835,1
30,SET,839,1
30,SET,903,1
30,SET,1463,2
30,SET,1527,1
30,SET,1679,1
30,SET,1695,1
30,SET,1951,1
30,SET,1999,1
30,SET,2063,1
30,SET,5599,1
30,DEL,82,1
30,DEL,83,2
30,DEL,84,1
30,DEL,85,4
30,DEL,86,4
30,DEL,87,9
30,DEL,88,8
30,DEL,89,14
30,DEL,90,15
30,DEL,91,12
30,DEL,92,32
30,DEL,93,18
30,DEL,94,30
30,DEL,95,21
30,DEL,96,35
30,DEL,97,31
30,DEL,98,31
30,DEL,99,44
30,DEL,100,49
30,DEL,101,43
30,DEL,102,40
30,DEL,103,52
30,DEL,104,44
30,DEL,105,66
30,DEL,106,56
30,DEL,107,60
30,DEL,108,59
30,DEL,109,74
30,DEL,110,77
30,DEL,111,84
30,DEL,112,95
30,DEL,113,87
30,DEL,114,117
30,DEL,115,102
30,DEL,116,106
30,DEL,117,133
30,DEL,118,135
30,DEL,119,128
30,DEL,120,129
30,DEL,121,143
30,DEL,122,152
30,DEL,123,160
30,DEL,124,149
30,DEL,125,167
30,DEL,126,173
30,DEL,127,188
30,DEL,128,178
30,DEL,129,222
30,DEL,130,213
30,DEL,131,179
30,DEL,132,227
30,DEL,133,198
30,DEL,134,220
30,DEL,135,244
30,DEL,136,230
30,DEL,137,249
30,DEL,138,238
30,DEL,139,233
30,DEL,140,255
30,DEL,141,251
30,DEL,142,271
30,DEL,143,241
30,DEL,144,266
30,DEL,145,220
30,DEL,146,226
30,DEL,147,263
30,DEL,148,268
30,DEL,149,246
30,DEL,150,252
30,DEL,151,255
30,DEL,152,239
30,DEL,153,245
30,DEL,154,188
30,DEL,155,212
30,DEL,156,229
30,DEL,157,199
30,DEL,158,230
30,DEL,159,231
30,DEL,160,241
30,DEL,161,198
30,DEL,162,194
30,DEL,163,183
30,DEL,164,179
30,DEL,165,175
30,DEL,166,178
30,DEL,167,159
30,DEL,168,141
30,DEL,169,155
30,DEL,170,157
30,DEL,171,147
30,DEL,172,173
30,DEL,173,164
30,DEL,174,154
30,DEL,175,153
30,DEL,176,134
30,DEL,177,114
30,DEL,178,112
30,DEL,179,110
30,DEL,180,90
30,DEL,181,110
30,DEL,182,87
30,DEL,183,95
30,DEL,184,101
30,DEL,185,88
30,DEL,186,78
30,DEL,187,78
30,DEL,188,83
30,DEL,189,81
30,DEL,190,93
30,DEL,191,83
30,DEL,192,78
30,DEL,193,87
30,DEL,194,68
30,DEL,195,84
30,DEL,196,74
30,DEL,197,64
30,DEL,198,73
30,DEL,199,87
30,DEL,200,75
30,DEL,201,68
30,DEL,202,78
30,DEL,203,80
30,DEL,204,64
30,DEL,205,71
30,DEL,206,70
30,DEL,207,77
30,DEL,208,71
30,DEL,209,64
30,DEL,210,69
30,DEL,211,83
30,DEL,212,65
30,DEL,213,85
30,DEL,214,104
30,DEL,215,83
30,DEL,216,88
30,DEL,217,92
30,DEL,218,84
30,DEL,219,102
30,DEL,220,98
30,DEL,221,107
30,DEL,222,103
30,DEL,223,98
30,DEL,224,120
30,DEL,225,114
30,DEL,226,110
30,DEL,227,128
30,DEL,228,125
30,DEL,229,146
30,DEL,230,148
30,DEL,231,145
30,DEL,232,115
30,DEL,233,137
30,DEL,234,130
30,DEL,235,141
30,DEL,236,137
30,DEL,237,121
30,DEL,238,102
30,DEL,239,127
30,DEL,240,121
30,DEL,241,135
30,DEL,242,125
30,DEL,243,138
30,DEL,244,148
30,DEL,245,122
30,DEL,246,139
30,DEL,247,139
30,DEL,248,135
30,DEL,249,126
30,DEL,250,133
30,DEL,251,148
30,DEL,252,133
30,DEL,253,111
30,DEL,254,113
30,DEL,255,123
30,DEL,257,211
30,DEL,259,226
30,DEL,261,217
30,DEL,263,215
30,DEL,265,203
30,DEL,267,194
30,DEL,269,190
30,DEL,271,204
30,DEL,273,170
30,DEL,275,159
30,DEL,277,167
30,DEL,279,191
30,DEL,281,193
30,DEL,283,168
30,DEL,285,203
30,DEL,287,214
30,DEL,289,228
30,DEL,291,261
30,DEL,293,242
30,DEL,295,273
30,DEL,297,307
30,DEL,299,400
30,DEL,301,454
30,DEL,303,537
30,DEL,305,632
30,DEL,307,740
30,DEL,309,886
30,DEL,311,1004
30,DEL,313,1182
30,DEL,315,1308
30,DEL,317,1588
30,DEL,319,1755
30,DEL,321,2030
30,DEL,323,2421
30,DEL,325,2665
30,DEL,327,2926
30,DEL,329,3171
30,DEL,331,3616
30,DEL,333,3815
30,DEL,335,3982
30,DEL,337,4205
30,DEL,339,4415
30,DEL,341,4614
30,DEL,343,4783
30,DEL,345,4767
30,DEL,347,4693
30,DEL,349,4706
30,DEL,351,4734
30,DEL,353,4544
30,DEL,355,4377
30,DEL,357,4030
30,DEL,359,4007
30,DEL,361,3603
30,DEL,363,3376
30,DEL,365,3154
30,DEL,367,2931
30,DEL,369,2658
30,DEL,371,2475
30,DEL,373,2163
30,DEL,375,1943
30,DEL,377,1828
30,DEL,379,1605
30,DEL,381,1403
30,DEL,383,1306
30,DEL,385,1172
30,DEL,387,1045
30,DEL,389,899
30,DEL,391,821
30,DEL,393,724
30,DEL,395,672
30,DEL,397,649
30,DEL,399,532
30,DEL,401,489
30,DEL,403,434
30,DEL,405,415
30,DEL,407,364
30,DEL,409,325
30,DEL,411,280
30,DEL,413,273
30,DEL,415,234
30,DEL,417,223
30,DEL,419,189
30,DEL,421,177
30,DEL,423,149
30,DEL,425,167
30,DEL,427,134
30,DEL,429,155
30,DEL,431,126
30,DEL,433,121
30,DEL,435,89
30,DEL,437,98
30,DEL,439,101
30,DEL,441,83
30,DEL,443,80
30,DEL,445,77
30,DEL,447,59
30,DEL,449,63
30,DEL,451,61
30,DEL,453,50
30,DEL,455,74
30,DEL,457,41
30,DEL,459,51
30,DEL,461,24
30,DEL,463,41
30,DEL,465,32
30,DEL,467,38
30,DEL,469,37
30,DEL,471,27
30,DEL,473,28
30,DEL,475,31
30,DEL,477,24
30,DEL,479,36
30,DEL,481,14
30,DEL,483,24
30,DEL,485,19
30,DEL,487,14
30,DEL,489,14
30,DEL,491,13
30,DEL,493,14
30,DEL,495,16
30,DEL,497,19
30,DEL,499,23
30,DEL,501,13
30,DEL,503,4
30,DEL,505,12
30,DEL,507,21
30,DEL,509,8
30,DEL,511,12
30,DEL,515,11
30,DEL,519,16
30,DEL,523,18
30,DEL,527,15
30,DEL,531,12
30,DEL,535,9
30,DEL,539,11
30,DEL,543,10
30,DEL,547,12
30,DEL,551,11
30,DEL,555,7
30,DEL,559,14
30,DEL,563,11
30,DEL,567,8
30,DEL,571,10
30,DEL,575,4
30,DEL,579,12
30,DEL,583,9
30,DEL,587,3
30,DEL,591,6
30,DEL,595,6
30,DEL,599,4
30,DEL,603,1
30,DEL,607,8
30,DEL,611,11
30,DEL,615,6
30,DEL,619,6
30,DEL,623,8
30,DEL,627,2
30,DEL,631,2
30,DEL,635,6
30,DEL,639,6
30,DEL,643,3
30,DEL,647,4
30,DEL,651,3
30,DEL,655,4
30,DEL,659,2
30,DEL,663,3
30,DEL,667,1
30,DEL,671,3
30,DEL,675,3
30,DEL,679,1
30,DEL,683,1
30,DEL,687,2
30,DEL,695,2
30,DEL,703,6
30,DEL,707,3
30,DEL,719,1
30,DEL,723,2
30,DEL,727,2
30,DEL,735,2
30,DEL,739,2
30,DEL,743,1
30,DEL,747,3
30,DEL,751,1
30,DEL,755,2
30,DEL,763,2
30,DEL,771,2
30,DEL,779,1
30,DEL,787,2
30,DEL,799,1
30,DEL,803,1
30,DEL,807,1
30,DEL,811,1
30,DEL,815,1
30,DEL,819,1
30,DEL,823,1
30,DEL,835,1
30,DEL,843,2
30,DEL,847,1
30,DEL,855,1
30,DEL,883,1
30,DEL,1375,1
30,DEL,1439,1
30,DEL,1479,2
30,DEL,1495,1
30,DEL,1519,1
30,DEL,1527,1
30,DEL,1559,1
30,DEL,1631,1
30,DEL,1639,2
30,DEL,1679,1
30,DEL,1687,1
30,DEL,1711,1
30,DEL,1719,1
30,DEL,1783,1
30,DEL,1871,2
30,DEL,1887,1
30,DEL,1959,1
30,DEL,2127,1
30,DEL,2207,1
30,DEL,2271,1
30,DEL,2367,1
30,DEL,2463,1
30,DEL,3039,1
30,DEL,3615,1
31,DEL,84,1
31,DEL,85,5
31,DEL,86,1
31,DEL,87,6
31,DEL,88,5
31,DEL,89,13
31,DEL,90,12
31,DEL,91,14
31,DEL,92,9
31,DEL,93,20
31,DEL,94,26
31,DEL,95,16
31,DEL,96,32
31,DEL,97,22
31,DEL,98,30
31,DEL,99,38
31,DEL,100,39
31,DEL,101,49
31,DEL,102,44
31,DEL,103,54
31,DEL,104,52
31,DEL,105,65
31,DEL,106,60
31,DEL,107,53
31,DEL,108,73
31,DEL,109,69
31,DEL,110,87
31,DEL,111,101
31,DEL,112,107
31,DEL,113,109
31,DEL,114,128
31,DEL,115,129
31,DEL,116,134
31,DEL,117,142
31,DEL,118,154
31,DEL,119,150
31,DEL,120,149
31,DEL,121,157
31,DEL,122,206
31,DEL,123,186
31,DEL,124,234
31,DEL,125,203
31,DEL,126,191
31,DEL,127,252
31,DEL,128,219
31,DEL,129,218
31,DEL,130,265
31,DEL,131,238
31,DEL,132,253
31,DEL,133,238
31,DEL,134,231
31,DEL,135,239
31,DEL,136,266
31,DEL,137,235
31,DEL,138,257
31,DEL,139,260
31,DEL,140,238
31,DEL,141,247
31,DEL,142,273
31,DEL,143,261
31,DEL,144,263
31,DEL,145,254
31,DEL,146,282
31,DEL,147,234
31,DEL,148,232
31,DEL,149,233
31,DEL,150,232
31,DEL,151,242
31,DEL,152,211
31,DEL,153,214
31,DEL,154,228
31,DEL,155,223
31,DEL,156,196
31,DEL,157,205
31,DEL,158,187
31,DEL,159,191
31,DEL,160,183
31,DEL,161,169
31,DEL,162,195
31,DEL,163,181
31,DEL,164,181
31,DEL,165,180
31,DEL,166,169
31,DEL,167,143
31,DEL,168,161
31,DEL,169,157
31,DEL,170,145
31,DEL,171,149
31,DEL,172,133
31,DEL,173,129
31,DEL,174,129
31,DEL,175,129
31,DEL,176,126
31,DEL,177,104
31,DEL,178,119
31,DEL,179,94
31,DEL,180,92
31,DEL,181,82
31,DEL,182,93
31,DEL,183,107
31,DEL,184,81
31,DEL,185,85
31,DEL,186,64
31,DEL,187,83
31,DEL,188,81
31,DEL,189,75
31,DEL,190,71
31,DEL,191,77
31,DEL,192,69
31,DEL,193,62
31,DEL,194,62
31,DEL,195,88
31,DEL,196,71
31,DEL,197,76
31,DEL,198,80
31,DEL,199,70
31,DEL,200,82
31,DEL,201,65
31,DEL,202,72
31,DEL,203,66
31,DEL,204,61
31,DEL,205,87
31,DEL,206,73
31,DEL,207,70
31,DEL,208,95
31,DEL,209,71
31,DEL,210,77
31,DEL,211,87
31,DEL,212,84
31,DEL,213,100
31,DEL,214,73
31,DEL,215,97
31,DEL,216,81
31,DEL,217,96
31,DEL,218,98
31,DEL,219,107
31,DEL,220,97
31,DEL,221,102
31,DEL,222,98
31,DEL,223,113
31,DEL,224,124
31,DEL,225,103
31,DEL,226,98
31,DEL,227,136
31,DEL,228,125
31,DEL,229,130
31,DEL,230,114
31,DEL,231,133
31,DEL,232,145
31,DEL,233,106
31,DEL,234,150
31,DEL,235,121
31,DEL,236,128
31,DEL,237,147
31,DEL,238,145
31,DEL,239,140
31,DEL,240,155
31,DEL,241,139
31,DEL,242,141
31,DEL,243,128
31,DEL,244,130
31,DEL,245,132
31,DEL,246,127
31,DEL,247,136
31,DEL,248,123
31,DEL,249,126
31,DEL,250,127
31,DEL,251,150
31,DEL,252,141
31,DEL,253,105
31,DEL,254,111
31,DEL,255,125
31,DEL,257,251
31,DEL,259,236
31,DEL,261,213
31,DEL,263,199
31,DEL,265,175
31,DEL,267,202
31,DEL,269,192
31,DEL,271,196
31,DEL,273,205
31,DEL,275,191
31,DEL,277,197
31,DEL,279,188
31,DEL,281,206
31,DEL,283,207
31,DEL,285,244
31,DEL,287,204
31,DEL,289,260
31,DEL,291,283
31,DEL,293,303
31,DEL,295,335
31,DEL,297,363
31,DEL,299,456
31,DEL,301,460
31,DEL,303,549
31,DEL,305,683
31,DEL,307,756
31,DEL,309,851
31,DEL,311,1014
31,DEL,313,1136
31,DEL,315,1399
31,DEL,317,1568
31,DEL,319,1819
31,DEL,321,2085
31,DEL,323,2335
31,DEL,325,2587
31,DEL,327,2865
31,DEL,329,3262
31,DEL,331,3549
31,DEL,333,3679
31,DEL,335,3992
31,DEL,337,4136
31,DEL,339,4306
31,DEL,341,4562
31,DEL,343,4601
31,DEL,345,4724
31,DEL,347,4752
31,DEL,349,4610
31,DEL,351,4587
31,DEL,353,4359
31,DEL,355,4205
31,DEL,357,4049
31,DEL,359,3796
31,DEL,361,3621
31,DEL,363,3345
31,DEL,365,3048
31,DEL,367,2891
31,DEL,369,2600
31,DEL,371,2413
31,DEL,373,2179
31,DEL,375,1939
31,DEL,377,1732
31,DEL,379,1592
31,DEL,381,1418
31,DEL,383,1329
31,DEL,385,1112
31,DEL,387,1029
31,DEL,389,937
31,DEL,391,840
31,DEL,393,732
31,DEL,395,640
31,DEL,397,623
31,DEL,399,528
31,DEL,401,504
31,DEL,403,457
31,DEL,405,396
31,DEL,407,381
31,DEL,409,294
31,DEL,411,277
31,DEL,413,270
31,DEL,415,250
31,DEL,417,236
31,DEL,419,214
31,DEL,421,180
31,DEL,423,176
31,DEL,425,132
31,DEL,427,135
31,DEL,429,133
31,DEL,431,123
31,DEL,433,115
31,DEL,435,111
31,DEL,437,95
31,DEL,439,84
31,DEL,441,80
31,DEL,443,81
31,DEL,445,70
31,DEL,447,83
31,DEL,449,69
31,DEL,451,58
31,DEL,453,54
31,DEL,455,49
31,DEL,457,48
31,DEL,459,38
31,DEL,461,45
31,DEL,463,35
31,DEL,465,22
31,DEL,467,38
31,DEL,469,23
31,DEL,471,35
31,DEL,473,25
31,DEL,475,25
31,DEL,477,28
31,DEL,479,35
31,DEL,481,14
31,DEL,483,16
31,DEL,485,18
31,DEL,487,16
31,DEL,489,12
31,DEL,491,16
31,DEL,493,11
31,DEL,495,19
31,DEL,497,16
31,DEL,499,18
31,DEL,501,10
31,DEL,503,7
31,DEL,505,15
31,DEL,507,11
31,DEL,509,10
31,DEL,511,14
31,DEL,515,18
31,DEL,519,21
31,DEL,523,14
31,DEL,527,13
31,DEL,531,12
31,DEL,535,13
31,DEL,539,8
31,DEL,543,7
31,DEL,547,9
31,DEL,551,13
31,DEL,555,11
31,DEL,559,13
31,DEL,563,7
31,DEL,567,9
31,DEL,571,7
31,DEL,575,6
31,DEL,579,7
31,DEL,583,9
31,DEL,587,6
31,DEL,591,6
31,DEL,595,5
31,DEL,599,4
31,DEL,603,6
31,DEL,607,7
31,DEL,611,7
31,DEL,615,5
31,DEL,619,5
31,DEL,623,4
31,DEL,627,8
31,DEL,631,6
31,DEL,635,3
31,DEL,639,6
31,DEL,643,8
31,DEL,647,7
31,DEL,651,3
31,DEL,655,3
31,DEL,659,1
31,DEL,663,1
31,DEL,667,2
31,DEL,671,3
31,DEL,683,3
31,DEL,687,1
31,DEL,695,1
31,DEL,699,1
31,DEL,703,2
31,DEL,707,2
31,DEL,711,2
31,DEL,715,2
31,DEL,723,1
31,DEL,727,4
31,DEL,731,1
31,DEL,739,1
31,DEL,743,5
31,DEL,747,4
31,DEL,751,5
31,DEL,755,2
31,DEL,759,5
31,DEL,763,2
31,DEL,775,1
31,DEL,779,1
31,DEL,783,1
31,DEL,799,2
31,DEL,803,1
31,DEL,807,1
31,DEL,811,1
31,DEL,815,1
31,DEL,823,1
31,DEL,839,1
31,DEL,843,1
31,DEL,923,1
31,DEL,1063,1
31,DEL,1071,1
31,DEL,1111,1
31,DEL,1367,1
31,DEL,1495,1
31,DEL,1503,1
31,DEL,1647,1
31,DEL,1687,1
31,DEL,1703,1
31,DEL,1711,1
31,DEL,1719,2
31,DEL,1727,1
31,DEL,1735,1
31,DEL,1743,1
31,DEL,1767,1
31,DEL,1823,1
31,DEL,1855,1
31,DEL,2031,1
31,DEL,2047,1
31,DEL,2095,1
31,DEL,2191,1
31,DEL,2351,1
31,DEL,2495,1
31,DEL,3215,1
31,SET,81,1
31,SET,87,1
31,SET,89,1
31,SET,90,3
31,SET,91,2
31,SET,92,4
31,SET,93,4
31,SET,94,1
31,SET,95,2
31,SET,96,5
31,SET,97,3
31,SET,98,3
31,SET,99,6
31,SET,100,8
31,SET,101,5
31,SET,102,6
31,SET,103,11
31,SET,104,9
31,SET,105,16
31,SET,106,17
31,SET,107,11
31,SET,108,17
31,SET,109,11
31,SET,110,16
31,SET,111,18
31,SET,112,18
31,SET,113,25
31,SET,114,18
31,SET,115,21
31,SET,116,17
31,SET,117,20
31,SET,118,36
31,SET,119,24
31,SET,120,28
31,SET,121,31
31,SET,122,32
31,SET,123,40
31,SET,124,39
31,SET,125,48
31,SET,126,40
31,SET,127,39
31,SET,128,39
31,SET,129,48
31,SET,130,34
31,SET,131,50
31,SET,132,46
31,SET,133,37
31,SET,134,60
31,SET,135,58
31,SET,136,43
31,SET,137,50
31,SET,138,43
31,SET,139,60
31,SET,140,62
31,SET,141,49
31,SET,142,52
31,SET,143,42
31,SET,144,48
31,SET,145,47
31,SET,146,47
31,SET,147,54
31,SET,148,62
31,SET,149,47
31,SET,150,59
31,SET,151,45
31,SET,152,56
31,SET,153,43
31,SET,154,46
31,SET,155,43
31,SET,156,34
31,SET,157,51
31,SET,158,55
31,SET,159,36
31,SET,160,41
31,SET,161,40
31,SET,162,40
31,SET,163,36
31,SET,164,28
31,SET,165,34
31,SET,166,26
31,SET,167,29
31,SET,168,37
31,SET,169,31
31,SET,170,27
31,SET,171,29
31,SET,172,28
31,SET,173,22
31,SET,174,24
31,SET,175,26
31,SET,176,28
31,SET,177,27
31,SET,178,19
31,SET,179,26
31,SET,180,15
31,SET,181,20
31,SET,182,17
31,SET,183,25
31,SET,184,25
31,SET,185,29
31,SET,186,24
31,SET,187,17
31,SET,188,30
31,SET,189,22
31,SET,190,17
31,SET,191,12
31,SET,192,16
31,SET,193,12
31,SET,194,20
31,SET,195,15
31,SET,196,13
31,SET,197,12
31,SET,198,11
31,SET,199,14
31,SET,200,19
31,SET,201,11
31,SET,202,12
31,SET,203,12
31,SET,204,17
31,SET,205,12
31,SET,206,5
31,SET,207,20
31,SET,208,12
31,SET,209,18
31,SET,210,10
31,SET,211,19
31,SET,212,12
31,SET,213,16
31,SET,214,17
31,SET,215,17
31,SET,216,27
31,SET,217,15
31,SET,218,20
31,SET,219,22
31,SET,220,23
31,SET,221,30
31,SET,222,27
31,SET,223,14
31,SET,224,12
31,SET,225,21
31,SET,226,21
31,SET,227,28
31,SET,228,23
31,SET,229,15
31,SET,230,20
31,SET,231,21
31,SET,232,28
31,SET,233,23
31,SET,234,28
31,SET,235,21
31,SET,236,29
31,SET,237,23
31,SET,238,32
31,SET,239,23
31,SET,240,28
31,SET,241,23
31,SET,242,22
31,SET,243,30
31,SET,244,21
31,SET,245,22
31,SET,246,36
31,SET,247,28
31,SET,248,25
31,SET,249,22
31,SET,250,21
31,SET,251,27
31,SET,252,13
31,SET,253,19
31,SET,254,40
31,SET,255,21
31,SET,257,49
31,SET,259,38
31,SET,261,51
31,SET,263,56
31,SET,265,40
31,SET,267,34
31,SET,269,39
31,SET,271,36
31,SET,273,49
31,SET,275,26
31,SET,277,33
31,SET,279,27
31,SET,281,31
31,SET,283,33
31,SET,285,35
31,SET,287,45
31,SET,289,67
31,SET,291,51
31,SET,293,62
31,SET,295,70
31,SET,297,77
31,SET,299,97
31,SET,301,108
31,SET,303,109
31,SET,305,126
31,SET,307,129
31,SET,309,189
31,SET,311,199
31,SET,313,213
31,SET,315,253
31,SET,317,273
31,SET,319,321
31,SET,321,398
31,SET,323,430
31,SET,325,498
31,SET,327,560
31,SET,329,641
31,SET,331,690
31,SET,333,705
31,SET,335,771
31,SET,337,823
31,SET,339,852
31,SET,341,909
31,SET,343,928
31,SET,345,892
31,SET,347,963
31,SET,349,916
31,SET,351,934
31,SET,353,932
31,SET,355,856
31,SET,357,818
31,SET,359,769
31,SET,361,748
31,SET,363,709
31,SET,365,620
31,SET,367,617
31,SET,369,572
31,SET,371,530
31,SET,373,468
31,SET,375,438
31,SET,377,370
31,SET,379,320
31,SET,381,312
31,SET,383,281
31,SET,385,252
31,SET,387,233
31,SET,389,197
31,SET,391,170
31,SET,393,164
31,SET,395,128
31,SET,397,129
31,SET,399,125
31,SET,401,122
31,SET,403,104
31,SET,405,87
31,SET,407,80
31,SET,409,68
31,SET,411,64
31,SET,413,51
31,SET,415,29
31,SET,417,53
31,SET,419,30
31,SET,421,35
31,SET,423,40
31,SET,425,41
31,SET,427,31
31,SET,429,26
31,SET,431,31
31,SET,433,20
31,SET,435,24
31,SET,437,13
31,SET,439,19
31,SET,441,24
31,SET,443,20
31,SET,445,13
31,SET,447,13
31,SET,449,9
31,SET,451,10
31,SET,453,16
31,SET,455,8
31,SET,457,13
31,SET,459,8
31,SET,461,8
31,SET,463,9
31,SET,465,8
31,SET,467,7
31,SET,469,4
31,SET,471,8
31,SET,473,9
31,SET,475,2
31,SET,477,7
31,SET,479,2
31,SET,481,3
31,SET,483,4
31,SET,485,3
31,SET,487,9
31,SET,489,4
31,SET,491,5
31,SET,493,1
31,SET,495,4
31,SET,497,2
31,SET,499,3
31,SET,501,4
31,SET,503,3
31,SET,505,3
31,SET,507,2
31,SET,509,2
31,SET,511,3
31,SET,515,1
31,SET,519,2
31,SET,523,2
31,SET,527,2
31,SET,531,1
31,SET,535,3
31,SET,539,2
31,SET,543,1
31,SET,547,4
31,SET,551,1
31,SET,555,1
31,SET,563,2
31,SET,567,1
31,SET,571,1
31,SET,575,1
31,SET,579,3
31,SET,583,1
31,SET,587,1
31,SET,591,2
31,SET,595,1
31,SET,599,2
31,SET,603,1
31,SET,607,1
31,SET,611,1
31,SET,615,1
31,SET,623,3
31,SET,631,4
31,SET,639,2
31,SET,651,1
31,SET,655,2
31,SET,659,2
31,SET,667,2
31,SET,679,1
31,SET,683,1
31,SET,695,1
31,SET,707,1
31,SET,715,1
31,SET,719,1
31,SET,727,1
31,SET,771,1
31,SET,1783,1
31,SET,1871,1
31,SET,2303,2
31,SET,2431,1
31,SET,2479,1
31,GET,80,1
31,GET,81,1
31,GET,82,3
31,GET,83,7
31,GET,84,8
31,GET,85,10
31,GET,86,8
31,GET,87,20
31,GET,88,23
31,GET,89,27
31,GET,90,38
31,GET,91,35
31,GET,92,40
31,GET,93,56
31,GET,94,56
31,GET,95,61
31,GET,96,63
31,GET,97,80
31,GET,98,92
31,GET,99,111
31,GET,100,90
31,GET,101,107
31,GET,102,137
31,GET,103,115
31,GET,104,148
31,GET,105,171
31,GET,106,184
31,GET,107,209
31,GET,108,207
31,GET,109,249
31,GET,110,259
31,GET,111,295
31,GET,112,283
31,GET,113,333
31,GET,114,361
31,GET,115,330
31,GET,116,401
31,GET,117,430
31,GET,118,432
31,GET,119,396
31,GET,120,430
31,GET,121,453
31,GET,122,520
31,GET,123,551
31,GET,124,550
31,GET,125,555
31,GET,126,583
31,GET,127,619
31,GET,128,544
31,GET,129,638
31,GET,130,640
31,GET,131,690
31,GET,132,601
31,GET,133,718
31,GET,134,636
31,GET,135,709
31,GET,136,729
31,GET,137,707
31,GET,138,702
31,GET,139,764
31,GET,140,700
31,GET,141,730
31,GET,142,705
31,GET,143,694
31,GET,144,735
31,GET,145,719
31,GET,146,739
31,GET,147,703
31,GET,148,643
31,GET,149,666
31,GET,150,674
31,GET,151,663
31,GET,152,708
31,GET,153,646
31,GET,154,639
31,GET,155,592
31,GET,156,551
31,GET,157,614
31,GET,158,575
31,GET,159,533
31,GET,160,577
31,GET,161,551
31,GET,162,488
31,GET,163,545
31,GET,164,535
31,GET,165,423
31,GET,166,475
31,GET,167,434
31,GET,168,413
31,GET,169,388
31,GET,170,387
31,GET,171,421
31,GET,172,375
31,GET,173,361
31,GET,174,367
31,GET,175,344
31,GET,176,338
31,GET,177,330
31,GET,178,311
31,GET,179,292
31,GET,180,292
31,GET,181,250
31,GET,182,261
31,GET,183,242
31,GET,184,258
31,GET,185,253
31,GET,186,262
31,GET,187,241
31,GET,188,217
31,GET,189,203
31,GET,190,206
31,GET,191,197
31,GET,192,202
31,GET,193,180
31,GET,194,184
31,GET,195,182
31,GET,196,200
31,GET,197,213
31,GET,198,171
31,GET,199,206
31,GET,200,188
31,GET,201,198
31,GET,202,195
31,GET,203,197
31,GET,204,200
31,GET,205,190
31,GET,206,207
31,GET,207,203
31,GET,208,217
31,GET,209,230
31,GET,210,239
31,GET,211,237
31,GET,212,223
31,GET,213,228
31,GET,214,242
31,GET,215,260
31,GET,216,262
31,GET,217,280
31,GET,218,283
31,GET,219,282
31,GET,220,286
31,GET,221,282
31,GET,222,299
31,GET,223,316
31,GET,224,326
31,GET,225,310
31,GET,226,330
31,GET,227,320
31,GET,228,379
31,GET,229,336
31,GET,230,367
31,GET,231,342
31,GET,232,342
31,GET,233,345
31,GET,234,370
31,GET,235,429
31,GET,236,368
31,GET,237,370
31,GET,238,403
31,GET,239,400
31,GET,240,423
31,GET,241,360
31,GET,242,360
31,GET,243,429
31,GET,244,392
31,GET,245,354
31,GET,246,375
31,GET,247,409
31,GET,248,372
31,GET,249,349
31,GET,250,331
31,GET,251,362
31,GET,252,385
31,GET,253,359
31,GET,254,328
31,GET,255,356
31,GET,257,643
31,GET,259,622
31,GET,261,619
31,GET,263,553
31,GET,265,601
31,GET,267,539
31,GET,269,519
31,GET,271,545
31,GET,273,544
31,GET,275,537
31,GET,277,541
31,GET,279,526
31,GET,281,508
31,GET,283,575
31,GET,285,635
31,GET,287,654
31,GET,289,786
31,GET,291,782
31,GET,293,856
31,GET,295,955
31,GET,297,1065
31,GET,299,1190
31,GET,301,1381
31,GET,303,1598
31,GET,305,1918
31,GET,307,2116
31,GET,309,2568
31,GET,311,2898
31,GET,313,3377
31,GET,315,3959
31,GET,317,4502
31,GET,319,5178
31,GET,321,5800
31,GET,323,6534
31,GET,325,7474
31,GET,327,8203
31,GET,329,8934
31,GET,331,9688
31,GET,333,10484
31,GET,335,11123
31,GET,337,11989
31,GET,339,12534
31,GET,341,12842
31,GET,343,13203
31,GET,345,13094
31,GET,347,13103
31,GET,349,13227
31,GET,351,12718
31,GET,353,12649
31,GET,355,12145
31,GET,357,11358
31,GET,359,10966
31,GET,361,10267
31,GET,363,9329
31,GET,365,8734
31,GET,367,7932
31,GET,369,7408
31,GET,371,6845
31,GET,373,6088
31,GET,375,5508
31,GET,377,5008
31,GET,379,4481
31,GET,381,4072
31,GET,383,3554
31,GET,385,3250
31,GET,387,2889
31,GET,389,2654
31,GET,391,2344
31,GET,393,2071
31,GET,395,1834
31,GET,397,1700
31,GET,399,1550
31,GET,401,1288
31,GET,403,1204
31,GET,405,1097
31,GET,407,1009
31,GET,409,945
31,GET,411,848
31,GET,413,736
31,GET,415,683
31,GET,417,617
31,GET,419,551
31,GET,421,475
31,GET,423,481
31,GET,425,419
31,GET,427,432
31,GET,429,395
31,GET,431,324
31,GET,433,341
31,GET,435,290
31,GET,437,274
31,GET,439,239
31,GET,441,253
31,GET,443,222
31,GET,445,208
31,GET,447,182
31,GET,449,154
31,GET,451,171
31,GET,453,161
31,GET,455,149
31,GET,457,137
31,GET,459,121
31,GET,461,103
31,GET,463,102
31,GET,465,117
31,GET,467,79
31,GET,469,90
31,GET,471,84
31,GET,473,84
31,GET,475,78
31,GET,477,71
31,GET,479,66
31,GET,481,59
31,GET,483,70
31,GET,485,45
31,GET,487,49
31,GET,489,35
31,GET,491,39
31,GET,493,36
31,GET,495,41
31,GET,497,40
31,GET,499,40
31,GET,501,28
31,GET,503,31
31,GET,505,47
31,GET,507,24
31,GET,509,23
31,GET,511,29
31,GET,515,52
31,GET,519,63
31,GET,523,53
31,GET,527,37
31,GET,531,30
31,GET,535,34
31,GET,539,33
31,GET,543,32
31,GET,547,30
31,GET,551,26
31,GET,555,22
31,GET,559,22
31,GET,563,19
31,GET,567,17
31,GET,571,24
31,GET,575,20
31,GET,579,22
31,GET,583,18
31,GET,587,22
31,GET,591,17
31,GET,595,15
31,GET,599,20
31,GET,603,26
31,GET,607,14
31,GET,611,22
31,GET,615,15
31,GET,619,13
31,GET,623,17
31,GET,627,20
31,GET,631,13
31,GET,635,14
31,GET,639,14
31,GET,643,12
31,GET,647,13
31,GET,651,9
31,GET,655,12
31,GET,659,8
31,GET,663,10
31,GET,667,13
31,GET,671,11
31,GET,675,7
31,GET,679,9
31,GET,683,4
31,GET,687,6
31,GET,691,5
31,GET,695,9
31,GET,699,5
31,GET,703,2
31,GET,707,4
31,GET,711,6
31,GET,715,6
31,GET,719,9
31,GET,723,2
31,GET,727,3
31,GET,731,2
31,GET,735,2
31,GET,739,2
31,GET,743,8
31,GET,747,6
31,GET,751,9
31,GET,755,10
31,GET,759,2
31,GET,763,12
31,GET,767,4
31,GET,771,2
31,GET,775,2
31,GET,779,2
31,GET,783,1
31,GET,787,5
31,GET,791,2
31,GET,799,3
31,GET,803,4
31,GET,807,1
31,GET,811,1
31,GET,815,2
31,GET,819,3
31,GET,823,1
31,GET,831,2
31,GET,835,1
31,GET,839,1
31,GET,859,1
31,GET,863,1
31,GET,883,1
31,GET,903,1
31,GET,959,1
31,GET,1039,2
31,GET,1055,1
31,GET,1191,1
31,GET,1319,1
31,GET,1415,1
31,GET,1447,1
31,GET,1455,1
31,GET,1463,1
31,GET,1487,2
31,GET,1511,1
31,GET,1519,1
31,GET,1535,1
31,GET,1551,1
31,GET,1559,1
31,GET,1583,1
31,GET,1599,1
31,GET,1607,1
31,GET,1615,1
31,GET,1631,1
31,GET,1639,1
31,GET,1655,2
31,GET,1663,1
31,GET,1671,2
31,GET,1679,1
31,GET,1687,3
31,GET,1695,1
31,GET,1703,1
31,GET,1711,1
31,GET,1719,1
31,GET,1727,2
31,GET,1735,3
31,GET,1743,1
31,GET,1751,1
31,GET,1783,1
31,GET,1791,1
31,GET,1815,1
31,GET,1831,1
31,GET,1839,2
31,GET,1895,1
31,GET,1903,1
31,GET,1935,1
31,GET,1999,1
31,GET,2063,3
31,GET,2079,2
31,GET,2111,1
31,GET,2127,1
31,GET,2191,1
31,GET,2223,1
31,GET,2255,1
31,GET,2271,1
31,GET,2287,1
31,GET,2303,1
31,GET,2383,1
31,GET,2495,2
31,GET,2559,1
31,GET,3215,1
31,GET,5503,1
